Nodes,MaxSum,MaxMin,Cost,Capacity,Time,Constraint values
0 - 1 - 2 - 5 - 8 - 16 - 17 - 19 - 20 - 21 - 22 - 24 - 39 - 40 - 45 - 51 - 60 - 61 - 93 - 95 - 97 - 99 - 104 - 112 - 113 - 114 - 115 - 116 - 119 - 122 - 127 - 139 - 141 - 144 - 157 - 160 - 175 - 176 - 184 - 185 - 186 - 196 - 200 - 208 - 213 - 214 - 216 - 217 - 220 - 224 - 225 - 234 - 235 - 236 - 243 - 245 - 254 - 255 - 263 - 275 - 276 - 288 - 290 - 299 - 316 - 320 - 332 - 344 - 346 - 353 - 359 - 369 - 370 - 374 - 379 - 383 - 391 - 396 - 397 - 404 - 409 - 410 - 420 - 428 - 433 - 437 - 443 - 454 - 455 - 466 - 474 - 475 - 480 - 484 - 490 - 494 - 498,2427435.8,31.3,62414,49845,2.11,Cost: 62414 & Capacity: 49845
0 - 1 - 3 - 4 - 6 - 7 - 10 - 12 - 13 - 19 - 20 - 22 - 24 - 26 - 27 - 28 - 30 - 31 - 32 - 33 - 39 - 42 - 43 - 44 - 45 - 48 - 49 - 50 - 56 - 58 - 59 - 64 - 69 - 70 - 74 - 79 - 82 - 83 - 85 - 86 - 90 - 92 - 93 - 95 - 98 - 100 - 103 - 104 - 105 - 106 - 107 - 111 - 112 - 113 - 117 - 121 - 122 - 124 - 125 - 126 - 127 - 128 - 134 - 135 - 136 - 137 - 142 - 145 - 147 - 149 - 152 - 154 - 156 - 157 - 161 - 164 - 165 - 167 - 168 - 169 - 170 - 171 - 172 - 176 - 177 - 180 - 181 - 184 - 187 - 189 - 193 - 194 - 195 - 198 - 202 - 203 - 205 - 206 - 208 - 209 - 210 - 211 - 212 - 214 - 216 - 224 - 225 - 226 - 227 - 229 - 230 - 233 - 234 - 235 - 236 - 237 - 240 - 241 - 244 - 245 - 246 - 249 - 251 - 254 - 255 - 259 - 261 - 264 - 265 - 266 - 267 - 269 - 270 - 272 - 275 - 279 - 280 - 281 - 282 - 285 - 291 - 296 - 297 - 298 - 300 - 304 - 308 - 309 - 310 - 314 - 317 - 319 - 320 - 325 - 328 - 329 - 331 - 332 - 335 - 337 - 341 - 344 - 346 - 352 - 353 - 355 - 356 - 357 - 362 - 365 - 370 - 374 - 385 - 387 - 388 - 389 - 390 - 391 - 392 - 394 - 395 - 397 - 399 - 401 - 403 - 405 - 406 - 407 - 408 - 411 - 413 - 418 - 423 - 426 - 428 - 430 - 434 - 436 - 438 - 439 - 442 - 443 - 445 - 446 - 448 - 449 - 451 - 453 - 458 - 459 - 460 - 463 - 464 - 465 - 466 - 468 - 469 - 470 - 471 - 476 - 477 - 479 - 480 - 481 - 482 - 483 - 484 - 485 - 486 - 487 - 488 - 489 - 490 - 492 - 494 - 497 - 498 - 499,14149876.3,0.0,61092,64832,5.33,Cost: 61092 & Capacity: 64832
0 - 1 - 3 - 4 - 6 - 7 - 10 - 12 - 13 - 19 - 20 - 22 - 24 - 26 - 27 - 28 - 30 - 31 - 32 - 33 - 39 - 42 - 43 - 44 - 45 - 48 - 49 - 50 - 56 - 58 - 59 - 64 - 69 - 70 - 74 - 79 - 82 - 83 - 85 - 86 - 90 - 92 - 93 - 95 - 98 - 100 - 103 - 104 - 105 - 106 - 107 - 111 - 112 - 113 - 117 - 121 - 122 - 124 - 125 - 126 - 127 - 128 - 134 - 135 - 136 - 137 - 142 - 145 - 147 - 149 - 152 - 154 - 156 - 157 - 161 - 164 - 165 - 167 - 168 - 169 - 170 - 171 - 172 - 176 - 177 - 180 - 181 - 184 - 187 - 189 - 193 - 194 - 195 - 198 - 202 - 203 - 205 - 206 - 208 - 209 - 210 - 211 - 212 - 214 - 216 - 224 - 225 - 226 - 227 - 229 - 230 - 233 - 234 - 235 - 236 - 237 - 240 - 241 - 244 - 245 - 246 - 249 - 251 - 254 - 255 - 259 - 261 - 264 - 265 - 266 - 267 - 268 - 269 - 270 - 272 - 275 - 279 - 280 - 281 - 282 - 285 - 291 - 296 - 297 - 298 - 300 - 304 - 308 - 309 - 310 - 314 - 317 - 319 - 320 - 325 - 328 - 329 - 331 - 332 - 335 - 337 - 341 - 344 - 346 - 352 - 353 - 355 - 356 - 357 - 362 - 365 - 370 - 374 - 385 - 387 - 388 - 389 - 390 - 391 - 392 - 394 - 395 - 397 - 399 - 401 - 403 - 405 - 406 - 407 - 408 - 411 - 413 - 418 - 423 - 426 - 428 - 430 - 434 - 436 - 438 - 439 - 442 - 443 - 445 - 446 - 448 - 449 - 451 - 453 - 458 - 459 - 460 - 463 - 464 - 465 - 466 - 468 - 469 - 470 - 471 - 476 - 477 - 479 - 480 - 481 - 482 - 483 - 484 - 485 - 486 - 487 - 488 - 489 - 490 - 492 - 494 - 497 - 498 - 499,14261559.7,0.0,61613,65266,5.33,Cost: 61613 & Capacity: 65266
0 - 1 - 3 - 4 - 6 - 7 - 10 - 12 - 13 - 19 - 20 - 22 - 24 - 26 - 27 - 28 - 30 - 31 - 32 - 33 - 39 - 42 - 43 - 44 - 45 - 48 - 49 - 50 - 56 - 58 - 59 - 64 - 69 - 70 - 74 - 79 - 82 - 83 - 85 - 86 - 90 - 92 - 93 - 95 - 98 - 100 - 103 - 104 - 105 - 106 - 107 - 111 - 112 - 113 - 117 - 121 - 122 - 124 - 125 - 126 - 127 - 128 - 134 - 135 - 136 - 137 - 142 - 145 - 147 - 149 - 152 - 154 - 156 - 157 - 161 - 164 - 165 - 167 - 168 - 169 - 170 - 171 - 172 - 176 - 177 - 179 - 180 - 181 - 184 - 187 - 189 - 193 - 194 - 195 - 198 - 202 - 203 - 205 - 206 - 208 - 209 - 210 - 211 - 212 - 214 - 216 - 224 - 225 - 226 - 227 - 229 - 230 - 233 - 234 - 235 - 236 - 237 - 240 - 241 - 244 - 245 - 246 - 249 - 251 - 254 - 255 - 259 - 261 - 264 - 265 - 266 - 267 - 268 - 269 - 270 - 272 - 275 - 279 - 280 - 281 - 282 - 285 - 291 - 296 - 297 - 298 - 300 - 304 - 308 - 309 - 310 - 314 - 317 - 319 - 320 - 325 - 328 - 329 - 331 - 332 - 335 - 337 - 341 - 344 - 346 - 352 - 353 - 355 - 356 - 357 - 362 - 365 - 370 - 374 - 385 - 387 - 388 - 389 - 390 - 391 - 392 - 394 - 395 - 397 - 399 - 401 - 403 - 405 - 406 - 407 - 408 - 411 - 413 - 418 - 423 - 426 - 428 - 430 - 434 - 436 - 438 - 439 - 442 - 443 - 445 - 446 - 448 - 449 - 451 - 453 - 458 - 459 - 460 - 463 - 464 - 465 - 466 - 468 - 469 - 470 - 471 - 476 - 477 - 479 - 480 - 481 - 482 - 483 - 484 - 485 - 486 - 487 - 488 - 489 - 490 - 492 - 494 - 497 - 498 - 499,14381822.5,0.0,62145,65827,5.33,Cost: 62145 & Capacity: 65827
0 - 1 - 3 - 4 - 6 - 7 - 10 - 12 - 13 - 19 - 20 - 22 - 24 - 26 - 27 - 28 - 30 - 31 - 32 - 33 - 39 - 42 - 43 - 44 - 45 - 48 - 49 - 50 - 56 - 58 - 59 - 64 - 69 - 70 - 74 - 79 - 82 - 83 - 85 - 86 - 90 - 92 - 93 - 95 - 98 - 100 - 103 - 104 - 105 - 106 - 107 - 111 - 112 - 113 - 117 - 121 - 122 - 124 - 125 - 126 - 127 - 128 - 134 - 135 - 136 - 137 - 142 - 145 - 147 - 149 - 152 - 154 - 156 - 157 - 161 - 164 - 165 - 167 - 168 - 169 - 170 - 171 - 172 - 176 - 177 - 179 - 180 - 181 - 184 - 187 - 189 - 193 - 194 - 195 - 198 - 202 - 203 - 205 - 206 - 208 - 209 - 210 - 211 - 212 - 214 - 216 - 224 - 225 - 226 - 227 - 229 - 230 - 233 - 234 - 235 - 236 - 237 - 240 - 241 - 244 - 245 - 246 - 249 - 251 - 254 - 255 - 259 - 261 - 264 - 265 - 266 - 267 - 268 - 269 - 270 - 272 - 275 - 279 - 280 - 281 - 282 - 285 - 291 - 296 - 297 - 298 - 300 - 304 - 308 - 309 - 310 - 314 - 317 - 319 - 320 - 325 - 328 - 329 - 331 - 332 - 335 - 337 - 341 - 344 - 346 - 352 - 353 - 355 - 356 - 357 - 362 - 365 - 370 - 374 - 385 - 387 - 388 - 389 - 390 - 391 - 392 - 394 - 395 - 397 - 399 - 401 - 403 - 405 - 406 - 407 - 408 - 411 - 413 - 418 - 423 - 426 - 428 - 430 - 434 - 436 - 438 - 439 - 442 - 443 - 445 - 446 - 448 - 449 - 451 - 453 - 458 - 459 - 460 - 463 - 464 - 465 - 466 - 468 - 469 - 470 - 471 - 472 - 476 - 477 - 479 - 480 - 481 - 482 - 483 - 484 - 485 - 486 - 487 - 488 - 489 - 490 - 492 - 494 - 497 - 498 - 499,14498018.4,0.0,62670,66631,5.33,Cost: 62670 & Capacity: 66631
0 - 1 - 3 - 4 - 6 - 7 - 10 - 12 - 13 - 19 - 20 - 22 - 24 - 26 - 27 - 28 - 30 - 31 - 32 - 33 - 39 - 42 - 43 - 44 - 45 - 48 - 49 - 50 - 56 - 58 - 59 - 64 - 69 - 70 - 74 - 79 - 82 - 83 - 85 - 86 - 90 - 92 - 93 - 95 - 98 - 100 - 103 - 104 - 105 - 106 - 107 - 111 - 112 - 113 - 117 - 121 - 122 - 124 - 125 - 126 - 127 - 128 - 134 - 135 - 136 - 137 - 142 - 145 - 147 - 149 - 152 - 154 - 156 - 157 - 161 - 164 - 165 - 167 - 168 - 169 - 170 - 171 - 172 - 176 - 177 - 180 - 181 - 184 - 187 - 189 - 193 - 194 - 195 - 198 - 202 - 203 - 205 - 206 - 208 - 209 - 210 - 211 - 212 - 214 - 216 - 224 - 225 - 226 - 227 - 229 - 230 - 233 - 234 - 235 - 236 - 237 - 240 - 241 - 244 - 245 - 246 - 249 - 251 - 254 - 255 - 259 - 261 - 264 - 265 - 266 - 267 - 268 - 269 - 270 - 272 - 275 - 279 - 280 - 281 - 282 - 285 - 291 - 296 - 297 - 298 - 300 - 304 - 308 - 309 - 310 - 314 - 317 - 319 - 320 - 325 - 328 - 329 - 331 - 332 - 335 - 337 - 341 - 344 - 346 - 352 - 353 - 355 - 356 - 357 - 362 - 365 - 370 - 374 - 385 - 387 - 388 - 389 - 390 - 391 - 392 - 394 - 395 - 397 - 399 - 401 - 403 - 405 - 406 - 407 - 408 - 411 - 413 - 418 - 423 - 426 - 428 - 430 - 434 - 436 - 438 - 439 - 442 - 443 - 445 - 446 - 448 - 449 - 451 - 453 - 458 - 459 - 460 - 463 - 464 - 465 - 466 - 468 - 469 - 470 - 471 - 476 - 477 - 479 - 480 - 481 - 482 - 483 - 484 - 485 - 486 - 487 - 488 - 489 - 490 - 492 - 494 - 497 - 498 - 499,14261559.7,0.0,61613,65266,11.59,Cost: 61613 & Capacity: 65266
1 - 4 - 6 - 9 - 10 - 15 - 18 - 20 - 21 - 22 - 27 - 28 - 31 - 33 - 45 - 46 - 47 - 55 - 56 - 70 - 79 - 81 - 85 - 88 - 91 - 93 - 95 - 98 - 100 - 101 - 103 - 104 - 108 - 109 - 112 - 113 - 114 - 126 - 127 - 136 - 139 - 143 - 146 - 147 - 149 - 151 - 152 - 154 - 156 - 163 - 171 - 172 - 174 - 175 - 176 - 180 - 184 - 190 - 194 - 202 - 203 - 205 - 206 - 209 - 211 - 212 - 215 - 217 - 220 - 229 - 233 - 234 - 236 - 241 - 248 - 252 - 254 - 255 - 256 - 267 - 269 - 279 - 285 - 291 - 292 - 295 - 297 - 301 - 310 - 315 - 318 - 319 - 320 - 323 - 325 - 327 - 332 - 335 - 338 - 339 - 341 - 347 - 352 - 362 - 364 - 374 - 379 - 380 - 388 - 389 - 390 - 392 - 397 - 405 - 408 - 413 - 428 - 436 - 442 - 443 - 445 - 446 - 448 - 453 - 455 - 458 - 466 - 467 - 471 - 475 - 480 - 481 - 484 - 486 - 490 - 494 - 496,4766952.9,15.2,62093,53814,18.18,Cost: 62093 & Capacity: 53814
1 - 4 - 6 - 9 - 10 - 15 - 18 - 20 - 21 - 22 - 27 - 28 - 31 - 33 - 45 - 46 - 47 - 55 - 56 - 70 - 79 - 81 - 85 - 88 - 91 - 93 - 95 - 98 - 100 - 101 - 103 - 104 - 108 - 109 - 112 - 113 - 114 - 126 - 127 - 136 - 139 - 143 - 146 - 147 - 149 - 151 - 152 - 154 - 156 - 163 - 171 - 172 - 174 - 175 - 176 - 180 - 184 - 190 - 194 - 202 - 203 - 205 - 206 - 209 - 211 - 212 - 215 - 217 - 220 - 229 - 233 - 234 - 236 - 241 - 248 - 252 - 254 - 255 - 256 - 267 - 269 - 279 - 285 - 291 - 292 - 295 - 297 - 301 - 310 - 315 - 318 - 319 - 320 - 323 - 325 - 327 - 332 - 335 - 338 - 339 - 341 - 347 - 352 - 362 - 364 - 374 - 379 - 380 - 387 - 388 - 389 - 390 - 392 - 397 - 405 - 408 - 413 - 428 - 436 - 442 - 443 - 445 - 446 - 448 - 453 - 455 - 458 - 466 - 467 - 471 - 475 - 480 - 481 - 484 - 486 - 490 - 494 - 496,4835036.1,13.9,62367,54060,18.18,Cost: 62367 & Capacity: 54060
6 - 7 - 10 - 16 - 17 - 34 - 35 - 42 - 47 - 50 - 51 - 57 - 61 - 67 - 78 - 83 - 86 - 95 - 97 - 100 - 102 - 103 - 104 - 105 - 107 - 108 - 109 - 113 - 119 - 126 - 141 - 142 - 143 - 164 - 171 - 173 - 179 - 195 - 196 - 199 - 204 - 208 - 216 - 217 - 221 - 222 - 223 - 224 - 228 - 231 - 234 - 235 - 236 - 249 - 252 - 264 - 269 - 271 - 273 - 278 - 279 - 284 - 291 - 292 - 300 - 303 - 320 - 324 - 329 - 331 - 332 - 336 - 344 - 347 - 357 - 362 - 367 - 374 - 382 - 396 - 404 - 405 - 407 - 416 - 428 - 433 - 442 - 443 - 450 - 458 - 461 - 462 - 464 - 467 - 472 - 475 - 477 - 492 - 493 - 498,2563929.2,27.8,61299,49666,23.05,Cost: 61299 & Capacity: 49666
6 - 7 - 10 - 16 - 17 - 34 - 35 - 42 - 47 - 50 - 51 - 57 - 61 - 67 - 78 - 83 - 86 - 95 - 97 - 100 - 102 - 103 - 104 - 105 - 107 - 108 - 109 - 113 - 119 - 126 - 141 - 142 - 143 - 164 - 171 - 173 - 179 - 195 - 196 - 199 - 204 - 208 - 216 - 217 - 221 - 222 - 223 - 224 - 228 - 231 - 234 - 235 - 236 - 249 - 252 - 264 - 269 - 271 - 273 - 278 - 279 - 284 - 291 - 292 - 296 - 300 - 303 - 320 - 324 - 329 - 331 - 332 - 334 - 336 - 344 - 347 - 357 - 362 - 367 - 374 - 382 - 396 - 404 - 405 - 407 - 416 - 428 - 433 - 442 - 443 - 450 - 458 - 461 - 462 - 464 - 467 - 472 - 475 - 477 - 492 - 493 - 498,2664878.7,27.3,62231,50408,23.05,Cost: 62231 & Capacity: 50408
6 - 7 - 10 - 16 - 17 - 34 - 35 - 42 - 47 - 49 - 50 - 51 - 57 - 61 - 67 - 78 - 83 - 86 - 95 - 97 - 100 - 102 - 103 - 104 - 105 - 107 - 108 - 109 - 113 - 119 - 126 - 141 - 142 - 143 - 164 - 171 - 173 - 179 - 195 - 196 - 199 - 204 - 208 - 216 - 217 - 221 - 222 - 223 - 224 - 228 - 231 - 234 - 235 - 236 - 249 - 252 - 264 - 269 - 271 - 273 - 278 - 279 - 284 - 291 - 292 - 296 - 300 - 303 - 320 - 324 - 329 - 331 - 332 - 334 - 336 - 344 - 347 - 357 - 362 - 367 - 374 - 382 - 396 - 404 - 405 - 407 - 416 - 428 - 433 - 442 - 443 - 450 - 458 - 461 - 462 - 464 - 467 - 472 - 475 - 477 - 492 - 493 - 498,2718211.7,26.7,62565,50577,23.05,Cost: 62565 & Capacity: 50577
0 - 1 - 3 - 4 - 6 - 7 - 10 - 12 - 13 - 19 - 20 - 22 - 24 - 26 - 27 - 28 - 30 - 31 - 32 - 33 - 39 - 42 - 43 - 44 - 45 - 48 - 49 - 50 - 56 - 58 - 59 - 64 - 69 - 70 - 74 - 79 - 82 - 83 - 85 - 86 - 90 - 92 - 93 - 95 - 98 - 100 - 103 - 104 - 105 - 106 - 107 - 111 - 112 - 113 - 117 - 121 - 122 - 124 - 125 - 126 - 127 - 128 - 134 - 135 - 136 - 137 - 142 - 145 - 147 - 149 - 152 - 154 - 156 - 157 - 161 - 164 - 165 - 167 - 168 - 169 - 170 - 171 - 172 - 176 - 177 - 180 - 181 - 184 - 187 - 189 - 193 - 194 - 195 - 198 - 202 - 203 - 205 - 206 - 208 - 209 - 210 - 211 - 212 - 214 - 216 - 224 - 225 - 226 - 227 - 229 - 230 - 233 - 234 - 235 - 236 - 237 - 240 - 241 - 244 - 245 - 246 - 249 - 251 - 254 - 255 - 259 - 261 - 264 - 265 - 266 - 267 - 269 - 270 - 272 - 275 - 279 - 280 - 281 - 282 - 285 - 291 - 296 - 297 - 298 - 300 - 304 - 308 - 309 - 310 - 314 - 317 - 319 - 320 - 325 - 328 - 329 - 331 - 332 - 335 - 337 - 341 - 344 - 346 - 352 - 353 - 355 - 356 - 357 - 362 - 365 - 370 - 374 - 385 - 387 - 388 - 389 - 390 - 391 - 392 - 394 - 395 - 397 - 399 - 401 - 403 - 405 - 406 - 407 - 408 - 411 - 413 - 418 - 423 - 426 - 428 - 430 - 434 - 436 - 438 - 439 - 442 - 443 - 445 - 446 - 448 - 449 - 451 - 453 - 458 - 459 - 460 - 463 - 464 - 465 - 466 - 468 - 469 - 470 - 471 - 476 - 477 - 479 - 480 - 481 - 482 - 483 - 484 - 485 - 486 - 487 - 488 - 489 - 490 - 492 - 494 - 497 - 498 - 499,14149876.3,0.0,61092,64832,24.29,Cost: 61092 & Capacity: 64832
0 - 1 - 4 - 6 - 8 - 10 - 12 - 13 - 14 - 20 - 22 - 23 - 26 - 27 - 28 - 30 - 31 - 33 - 35 - 39 - 40 - 41 - 42 - 44 - 45 - 47 - 48 - 49 - 50 - 56 - 58 - 64 - 69 - 70 - 72 - 74 - 79 - 82 - 83 - 85 - 92 - 93 - 95 - 98 - 100 - 104 - 105 - 106 - 107 - 109 - 112 - 113 - 117 - 121 - 122 - 125 - 126 - 128 - 135 - 136 - 145 - 147 - 152 - 154 - 163 - 164 - 165 - 167 - 168 - 170 - 172 - 175 - 176 - 180 - 181 - 184 - 189 - 192 - 193 - 194 - 198 - 201 - 203 - 205 - 206 - 208 - 209 - 210 - 211 - 212 - 216 - 225 - 229 - 230 - 233 - 234 - 235 - 236 - 237 - 240 - 241 - 244 - 245 - 248 - 249 - 250 - 251 - 254 - 255 - 259 - 264 - 265 - 266 - 267 - 269 - 270 - 272 - 275 - 279 - 280 - 282 - 289 - 291 - 292 - 296 - 297 - 304 - 307 - 308 - 309 - 310 - 314 - 315 - 317 - 319 - 325 - 328 - 329 - 331 - 335 - 337 - 339 - 341 - 344 - 346 - 348 - 351 - 352 - 355 - 356 - 357 - 362 - 365 - 370 - 374 - 380 - 387 - 389 - 391 - 392 - 394 - 395 - 397 - 399 - 400 - 401 - 403 - 405 - 407 - 408 - 413 - 415 - 416 - 417 - 423 - 428 - 434 - 438 - 442 - 443 - 445 - 446 - 448 - 449 - 450 - 453 - 454 - 456 - 458 - 460 - 464 - 465 - 470 - 471 - 472 - 475 - 479 - 481 - 482 - 483 - 485 - 486 - 487 - 488 - 490 - 494 - 499,10783252.3,3.0,62728,62169,3.6,Cost: 62728 & Capacity: 62169
0 - 1 - 6 - 8 - 10 - 17 - 19 - 22 - 23 - 27 - 30 - 31 - 38 - 39 - 40 - 41 - 44 - 45 - 47 - 48 - 50 - 58 - 64 - 70 - 74 - 79 - 82 - 83 - 87 - 92 - 93 - 95 - 98 - 100 - 103 - 104 - 105 - 107 - 109 - 112 - 113 - 117 - 121 - 122 - 125 - 126 - 128 - 134 - 135 - 136 - 137 - 145 - 149 - 152 - 154 - 156 - 164 - 165 - 167 - 173 - 175 - 176 - 180 - 181 - 184 - 192 - 193 - 194 - 198 - 203 - 205 - 206 - 209 - 211 - 212 - 215 - 216 - 221 - 222 - 225 - 226 - 229 - 231 - 233 - 234 - 235 - 236 - 237 - 241 - 245 - 249 - 250 - 251 - 254 - 256 - 257 - 264 - 267 - 272 - 282 - 289 - 292 - 296 - 297 - 307 - 308 - 309 - 315 - 317 - 319 - 324 - 329 - 331 - 332 - 335 - 337 - 339 - 341 - 347 - 348 - 351 - 352 - 356 - 361 - 362 - 365 - 370 - 387 - 389 - 391 - 392 - 394 - 395 - 396 - 397 - 399 - 401 - 403 - 407 - 413 - 415 - 416 - 417 - 418 - 427 - 428 - 434 - 436 - 438 - 442 - 443 - 445 - 446 - 448 - 449 - 450 - 451 - 453 - 454 - 456 - 458 - 463 - 465 - 470 - 471 - 472 - 478 - 479 - 481 - 482 - 483 - 485 - 486 - 487 - 488 - 489 - 490 - 494 - 495 - 499,8174353.6,7.2,62719,56836,6.49,Cost: 62719 & Capacity: 56836
0 - 1 - 4 - 6 - 8 - 10 - 13 - 15 - 17 - 19 - 20 - 22 - 24 - 27 - 28 - 30 - 31 - 38 - 39 - 40 - 41 - 44 - 45 - 47 - 48 - 50 - 58 - 64 - 74 - 79 - 82 - 83 - 87 - 93 - 95 - 96 - 98 - 99 - 100 - 103 - 104 - 105 - 112 - 113 - 114 - 117 - 121 - 122 - 125 - 126 - 134 - 136 - 137 - 149 - 152 - 154 - 162 - 163 - 164 - 165 - 167 - 171 - 175 - 176 - 177 - 180 - 181 - 192 - 193 - 194 - 198 - 203 - 205 - 206 - 209 - 211 - 215 - 216 - 222 - 225 - 226 - 229 - 233 - 234 - 235 - 237 - 241 - 245 - 249 - 250 - 251 - 254 - 259 - 264 - 266 - 267 - 272 - 275 - 282 - 283 - 289 - 292 - 296 - 297 - 307 - 308 - 309 - 315 - 317 - 319 - 324 - 329 - 331 - 332 - 335 - 337 - 339 - 341 - 347 - 348 - 356 - 361 - 362 - 365 - 370 - 387 - 389 - 391 - 392 - 395 - 397 - 399 - 401 - 403 - 407 - 409 - 413 - 415 - 416 - 417 - 421 - 428 - 434 - 438 - 442 - 443 - 445 - 446 - 448 - 449 - 451 - 454 - 456 - 458 - 463 - 465 - 466 - 470 - 471 - 472 - 475 - 478 - 479 - 481 - 482 - 483 - 485 - 487 - 488 - 489 - 490 - 494 - 499,7572204.5,8.4,62657,58017,6.52,Cost: 62657 & Capacity: 58017
0 - 1 - 7 - 9 - 19 - 33 - 44 - 61 - 68 - 70 - 79 - 90 - 95 - 96 - 98 - 103 - 109 - 112 - 113 - 114 - 121 - 125 - 126 - 130 - 133 - 139 - 145 - 150 - 151 - 153 - 166 - 167 - 179 - 185 - 194 - 200 - 205 - 208 - 213 - 214 - 217 - 226 - 229 - 230 - 231 - 236 - 237 - 241 - 248 - 252 - 263 - 271 - 285 - 286 - 291 - 294 - 295 - 296 - 297 - 306 - 308 - 313 - 324 - 327 - 339 - 340 - 342 - 344 - 345 - 346 - 356 - 358 - 359 - 372 - 374 - 386 - 391 - 394 - 395 - 397 - 408 - 410 - 412 - 413 - 416 - 418 - 426 - 428 - 431 - 441 - 442 - 443 - 448 - 449 - 453 - 458 - 463 - 475 - 480 - 482 - 488 - 491 - 493 - 497 - 498,2869872.5,25.4,62247,49792,6.76,Cost: 62247 & Capacity: 49792
0 - 1 - 3 - 4 - 6 - 7 - 10 - 12 - 13 - 19 - 20 - 22 - 24 - 26 - 27 - 28 - 30 - 31 - 32 - 33 - 39 - 40 - 42 - 43 - 44 - 45 - 48 - 49 - 50 - 56 - 58 - 59 - 64 - 69 - 70 - 74 - 79 - 82 - 83 - 85 - 86 - 90 - 92 - 93 - 95 - 98 - 100 - 103 - 104 - 105 - 106 - 107 - 111 - 112 - 113 - 117 - 121 - 122 - 124 - 125 - 126 - 127 - 128 - 134 - 135 - 136 - 137 - 142 - 145 - 147 - 149 - 152 - 154 - 156 - 157 - 161 - 164 - 165 - 167 - 168 - 169 - 170 - 171 - 172 - 176 - 177 - 180 - 181 - 184 - 189 - 193 - 194 - 195 - 198 - 202 - 203 - 205 - 206 - 208 - 209 - 210 - 211 - 212 - 214 - 216 - 224 - 225 - 226 - 227 - 229 - 230 - 233 - 234 - 235 - 236 - 237 - 240 - 241 - 244 - 245 - 246 - 249 - 251 - 254 - 255 - 259 - 261 - 264 - 265 - 266 - 267 - 269 - 270 - 272 - 275 - 279 - 280 - 281 - 282 - 285 - 291 - 296 - 297 - 298 - 300 - 304 - 308 - 309 - 310 - 314 - 317 - 319 - 320 - 325 - 328 - 329 - 331 - 332 - 335 - 337 - 341 - 344 - 346 - 352 - 353 - 355 - 356 - 357 - 362 - 365 - 370 - 374 - 385 - 387 - 388 - 389 - 390 - 391 - 392 - 394 - 395 - 397 - 399 - 401 - 403 - 405 - 406 - 407 - 408 - 411 - 413 - 417 - 418 - 423 - 426 - 428 - 430 - 434 - 436 - 438 - 439 - 442 - 443 - 445 - 446 - 448 - 449 - 451 - 453 - 458 - 459 - 460 - 463 - 464 - 465 - 466 - 468 - 469 - 470 - 471 - 472 - 476 - 477 - 479 - 480 - 481 - 482 - 483 - 484 - 485 - 486 - 487 - 488 - 489 - 490 - 492 - 493 - 494 - 497 - 498 - 499,14528855.9,0.0,62739,66493,7.85,Cost: 62739 & Capacity: 66493
2 - 6 - 7 - 15 - 18 - 22 - 26 - 28 - 29 - 30 - 31 - 33 - 34 - 37 - 39 - 62 - 66 - 69 - 71 - 78 - 81 - 89 - 95 - 98 - 100 - 103 - 109 - 124 - 125 - 133 - 135 - 151 - 152 - 154 - 174 - 179 - 186 - 195 - 202 - 212 - 215 - 217 - 225 - 229 - 234 - 235 - 236 - 239 - 241 - 243 - 248 - 249 - 253 - 265 - 274 - 275 - 279 - 281 - 285 - 287 - 288 - 290 - 291 - 292 - 297 - 311 - 318 - 319 - 322 - 326 - 329 - 331 - 332 - 341 - 347 - 351 - 357 - 359 - 361 - 362 - 368 - 370 - 373 - 377 - 379 - 382 - 388 - 397 - 401 - 409 - 413 - 422 - 437 - 442 - 445 - 450 - 455 - 459 - 462 - 467 - 471 - 474 - 480 - 486 - 494,2853371.0,26.2,61140,50251,11.89,Cost: 61140 & Capacity: 50251
2 - 6 - 7 - 15 - 18 - 22 - 26 - 28 - 29 - 30 - 31 - 33 - 34 - 37 - 39 - 62 - 66 - 69 - 71 - 78 - 81 - 89 - 95 - 98 - 100 - 103 - 109 - 124 - 125 - 133 - 135 - 151 - 152 - 154 - 174 - 179 - 186 - 195 - 202 - 212 - 215 - 217 - 225 - 229 - 234 - 235 - 236 - 239 - 241 - 243 - 248 - 249 - 253 - 265 - 274 - 275 - 279 - 281 - 285 - 287 - 288 - 290 - 291 - 292 - 297 - 311 - 318 - 319 - 322 - 326 - 329 - 331 - 332 - 341 - 347 - 351 - 357 - 359 - 361 - 362 - 368 - 370 - 373 - 377 - 379 - 382 - 388 - 397 - 401 - 405 - 409 - 413 - 422 - 437 - 442 - 445 - 450 - 455 - 459 - 462 - 467 - 471 - 474 - 480 - 486 - 494,2906601.4,24.9,61380,50452,11.88,Cost: 61380 & Capacity: 50452
2 - 6 - 7 - 15 - 18 - 22 - 26 - 28 - 29 - 30 - 31 - 33 - 34 - 37 - 39 - 62 - 66 - 69 - 71 - 78 - 81 - 89 - 95 - 98 - 100 - 103 - 109 - 124 - 125 - 133 - 135 - 143 - 151 - 152 - 154 - 174 - 179 - 186 - 195 - 202 - 212 - 215 - 217 - 225 - 229 - 234 - 235 - 236 - 239 - 241 - 243 - 248 - 249 - 253 - 265 - 274 - 275 - 279 - 281 - 285 - 287 - 288 - 290 - 291 - 292 - 297 - 311 - 318 - 319 - 322 - 326 - 327 - 329 - 331 - 332 - 341 - 347 - 351 - 357 - 359 - 361 - 362 - 368 - 370 - 373 - 377 - 379 - 382 - 388 - 397 - 401 - 405 - 409 - 413 - 422 - 437 - 442 - 445 - 450 - 455 - 459 - 462 - 467 - 471 - 474 - 480 - 486 - 494,3008868.9,24.8,62704,52130,11.88,Cost: 62704 & Capacity: 52130
0 - 1 - 3 - 4 - 6 - 7 - 10 - 12 - 13 - 19 - 20 - 22 - 24 - 26 - 27 - 28 - 30 - 31 - 32 - 33 - 39 - 40 - 42 - 43 - 44 - 45 - 48 - 49 - 50 - 56 - 58 - 59 - 64 - 69 - 70 - 74 - 79 - 82 - 83 - 85 - 86 - 90 - 92 - 93 - 95 - 98 - 100 - 103 - 104 - 105 - 106 - 107 - 111 - 112 - 113 - 117 - 121 - 122 - 124 - 125 - 126 - 127 - 128 - 134 - 135 - 136 - 137 - 142 - 145 - 147 - 149 - 152 - 154 - 156 - 157 - 161 - 164 - 165 - 167 - 168 - 169 - 170 - 171 - 172 - 176 - 177 - 180 - 181 - 184 - 189 - 193 - 194 - 195 - 198 - 202 - 203 - 205 - 206 - 208 - 209 - 210 - 211 - 212 - 214 - 216 - 224 - 225 - 226 - 227 - 229 - 230 - 233 - 234 - 235 - 236 - 237 - 240 - 241 - 244 - 245 - 246 - 249 - 251 - 254 - 255 - 259 - 261 - 264 - 265 - 266 - 267 - 269 - 270 - 272 - 275 - 279 - 280 - 281 - 282 - 285 - 291 - 296 - 297 - 298 - 300 - 304 - 308 - 309 - 310 - 314 - 317 - 319 - 320 - 325 - 328 - 329 - 331 - 332 - 335 - 337 - 341 - 344 - 346 - 352 - 353 - 355 - 356 - 357 - 362 - 365 - 370 - 374 - 385 - 387 - 388 - 389 - 390 - 391 - 392 - 394 - 395 - 397 - 399 - 401 - 403 - 405 - 406 - 407 - 408 - 411 - 413 - 417 - 418 - 423 - 426 - 428 - 430 - 434 - 436 - 438 - 439 - 442 - 443 - 445 - 446 - 448 - 449 - 451 - 453 - 458 - 459 - 460 - 463 - 464 - 465 - 466 - 468 - 469 - 470 - 471 - 472 - 476 - 477 - 479 - 480 - 481 - 482 - 483 - 484 - 485 - 486 - 487 - 488 - 489 - 490 - 492 - 493 - 494 - 497 - 498 - 499,14528855.9,0.0,62739,66493,14.38,Cost: 62739 & Capacity: 66493
6 - 26 - 30 - 41 - 45 - 58 - 62 - 68 - 74 - 78 - 82 - 83 - 85 - 100 - 117 - 125 - 126 - 135 - 144 - 149 - 153 - 154 - 159 - 163 - 175 - 176 - 190 - 193 - 195 - 198 - 205 - 206 - 209 - 210 - 211 - 215 - 216 - 226 - 233 - 235 - 239 - 240 - 246 - 248 - 249 - 251 - 264 - 269 - 271 - 276 - 278 - 282 - 283 - 285 - 292 - 299 - 307 - 308 - 311 - 318 - 321 - 323 - 324 - 327 - 331 - 336 - 337 - 338 - 341 - 342 - 344 - 352 - 358 - 359 - 360 - 361 - 362 - 369 - 370 - 375 - 379 - 386 - 387 - 392 - 397 - 399 - 400 - 409 - 410 - 416 - 423 - 424 - 428 - 430 - 433 - 434 - 440 - 443 - 448 - 450 - 456 - 459 - 461 - 462 - 463 - 472 - 473 - 474 - 478 - 479 - 483 - 484 - 490,3303363.2,21.2,62713,54436,18.86,Cost: 62713 & Capacity: 54436
1 - 4 - 6 - 8 - 11 - 12 - 13 - 15 - 18 - 21 - 27 - 30 - 34 - 37 - 40 - 44 - 45 - 46 - 50 - 59 - 66 - 69 - 74 - 76 - 78 - 80 - 85 - 88 - 90 - 93 - 98 - 103 - 104 - 105 - 107 - 116 - 119 - 125 - 134 - 137 - 139 - 142 - 149 - 151 - 153 - 155 - 171 - 176 - 177 - 183 - 187 - 191 - 205 - 212 - 215 - 217 - 222 - 236 - 243 - 250 - 254 - 256 - 264 - 266 - 281 - 285 - 287 - 291 - 304 - 315 - 319 - 327 - 335 - 337 - 338 - 348 - 349 - 351 - 354 - 361 - 362 - 365 - 376 - 379 - 385 - 387 - 391 - 393 - 396 - 409 - 417 - 418 - 420 - 424 - 428 - 430 - 445 - 446 - 448 - 451 - 453 - 454 - 458 - 462 - 463 - 471 - 476 - 482 - 483 - 484 - 488 - 490 - 494 - 499,3317688.1,21.0,62609,51675,18.94,Cost: 62609 & Capacity: 51675
4 - 6 - 7 - 8 - 16 - 20 - 22 - 23 - 24 - 27 - 34 - 38 - 46 - 50 - 51 - 57 - 61 - 63 - 79 - 80 - 82 - 84 - 92 - 93 - 94 - 95 - 108 - 114 - 122 - 125 - 146 - 148 - 152 - 163 - 171 - 174 - 175 - 185 - 186 - 190 - 193 - 196 - 200 - 211 - 214 - 225 - 229 - 233 - 235 - 236 - 245 - 246 - 248 - 251 - 263 - 267 - 269 - 271 - 279 - 284 - 288 - 289 - 290 - 292 - 299 - 303 - 316 - 319 - 320 - 324 - 325 - 332 - 334 - 340 - 341 - 356 - 357 - 359 - 362 - 368 - 370 - 374 - 379 - 387 - 396 - 400 - 405 - 406 - 407 - 410 - 411 - 423 - 426 - 428 - 437 - 440 - 443 - 446 - 448 - 457 - 459 - 462 - 466 - 473 - 474 - 477 - 481 - 482 - 485 - 498,3121656.9,22.4,62515,50007,20.3,Cost: 62515 & Capacity: 50007
0 - 1 - 3 - 4 - 6 - 7 - 10 - 12 - 13 - 19 - 20 - 22 - 24 - 26 - 27 - 28 - 30 - 31 - 32 - 33 - 39 - 42 - 43 - 44 - 45 - 48 - 49 - 50 - 56 - 58 - 59 - 64 - 69 - 70 - 74 - 79 - 82 - 83 - 85 - 86 - 90 - 92 - 93 - 95 - 98 - 100 - 103 - 104 - 105 - 106 - 107 - 111 - 112 - 113 - 117 - 121 - 122 - 124 - 125 - 126 - 127 - 128 - 134 - 135 - 136 - 137 - 142 - 145 - 147 - 149 - 152 - 154 - 156 - 157 - 161 - 164 - 165 - 167 - 168 - 169 - 170 - 171 - 172 - 176 - 177 - 180 - 181 - 184 - 187 - 189 - 193 - 194 - 195 - 198 - 202 - 203 - 205 - 206 - 208 - 209 - 210 - 211 - 212 - 214 - 216 - 224 - 225 - 226 - 227 - 229 - 230 - 233 - 234 - 235 - 236 - 237 - 240 - 241 - 244 - 245 - 246 - 249 - 251 - 254 - 255 - 259 - 261 - 264 - 265 - 266 - 267 - 269 - 270 - 272 - 275 - 279 - 280 - 281 - 282 - 285 - 291 - 296 - 297 - 298 - 300 - 304 - 308 - 309 - 310 - 314 - 317 - 319 - 320 - 325 - 328 - 329 - 331 - 332 - 335 - 337 - 341 - 344 - 346 - 352 - 353 - 355 - 356 - 357 - 362 - 365 - 370 - 374 - 385 - 387 - 388 - 389 - 390 - 391 - 392 - 394 - 395 - 397 - 399 - 401 - 403 - 405 - 406 - 407 - 408 - 411 - 413 - 418 - 423 - 426 - 428 - 430 - 434 - 436 - 438 - 439 - 442 - 443 - 445 - 446 - 448 - 449 - 451 - 453 - 458 - 459 - 460 - 463 - 464 - 465 - 466 - 468 - 469 - 470 - 471 - 476 - 477 - 479 - 480 - 481 - 483 - 484 - 485 - 486 - 487 - 488 - 489 - 490 - 492 - 494 - 497 - 498 - 499,14019291.9,0.0,60581,64195,20.57,Cost: 60581 & Capacity: 64195
4 - 5 - 6 - 8 - 12 - 14 - 15 - 17 - 22 - 24 - 27 - 39 - 44 - 45 - 61 - 65 - 69 - 79 - 81 - 95 - 98 - 99 - 100 - 103 - 106 - 107 - 113 - 121 - 123 - 126 - 127 - 134 - 139 - 151 - 152 - 165 - 175 - 192 - 193 - 194 - 195 - 196 - 198 - 202 - 205 - 207 - 208 - 211 - 212 - 215 - 216 - 217 - 226 - 227 - 229 - 230 - 234 - 235 - 236 - 248 - 249 - 254 - 255 - 257 - 267 - 272 - 275 - 276 - 280 - 301 - 308 - 309 - 311 - 316 - 317 - 319 - 323 - 328 - 336 - 337 - 341 - 342 - 343 - 351 - 355 - 359 - 360 - 362 - 365 - 370 - 373 - 374 - 379 - 380 - 382 - 387 - 388 - 392 - 395 - 396 - 397 - 399 - 410 - 413 - 418 - 421 - 422 - 424 - 428 - 432 - 443 - 448 - 449 - 450 - 454 - 455 - 456 - 458 - 459 - 463 - 465 - 466 - 469 - 470 - 471 - 475 - 478 - 481 - 482 - 484 - 487 - 489 - 490 - 494 - 496 - 498,4719514.4,15.7,62662,56487,20.95,Cost: 62662 & Capacity: 56487
0 - 1 - 4 - 6 - 7 - 8 - 10 - 12 - 13 - 20 - 22 - 23 - 24 - 26 - 27 - 28 - 30 - 31 - 32 - 33 - 39 - 40 - 41 - 42 - 43 - 44 - 45 - 48 - 49 - 50 - 56 - 58 - 59 - 64 - 69 - 70 - 74 - 79 - 82 - 83 - 85 - 86 - 90 - 92 - 93 - 95 - 98 - 99 - 100 - 103 - 104 - 105 - 106 - 107 - 112 - 113 - 117 - 121 - 122 - 125 - 126 - 127 - 128 - 134 - 135 - 136 - 137 - 142 - 145 - 147 - 149 - 152 - 154 - 157 - 164 - 165 - 168 - 169 - 170 - 171 - 172 - 175 - 176 - 177 - 180 - 181 - 184 - 189 - 193 - 194 - 195 - 198 - 202 - 203 - 205 - 206 - 208 - 209 - 210 - 211 - 212 - 216 - 225 - 226 - 229 - 230 - 233 - 234 - 235 - 236 - 237 - 240 - 241 - 244 - 245 - 246 - 249 - 251 - 254 - 255 - 261 - 264 - 265 - 266 - 267 - 269 - 270 - 272 - 275 - 279 - 280 - 281 - 282 - 285 - 289 - 291 - 296 - 297 - 298 - 304 - 308 - 309 - 310 - 314 - 317 - 319 - 320 - 325 - 327 - 328 - 329 - 331 - 332 - 335 - 337 - 339 - 341 - 344 - 346 - 351 - 352 - 353 - 355 - 356 - 357 - 362 - 365 - 370 - 374 - 385 - 387 - 388 - 389 - 390 - 391 - 392 - 394 - 395 - 397 - 399 - 401 - 403 - 405 - 406 - 407 - 408 - 411 - 413 - 417 - 418 - 423 - 428 - 430 - 434 - 436 - 438 - 439 - 442 - 443 - 445 - 446 - 448 - 449 - 450 - 451 - 453 - 454 - 458 - 459 - 460 - 463 - 464 - 465 - 466 - 468 - 470 - 471 - 472 - 477 - 479 - 480 - 481 - 482 - 483 - 484 - 485 - 486 - 487 - 488 - 489 - 490 - 492 - 494 - 497 - 498 - 499,13971846.5,0.4,62737,65446,21.78,Cost: 62737 & Capacity: 65446
0 - 1 - 3 - 4 - 6 - 7 - 10 - 12 - 13 - 19 - 20 - 22 - 24 - 26 - 27 - 28 - 30 - 31 - 32 - 33 - 39 - 42 - 43 - 44 - 45 - 48 - 49 - 50 - 56 - 58 - 59 - 64 - 69 - 70 - 74 - 79 - 82 - 83 - 85 - 86 - 90 - 92 - 93 - 95 - 98 - 100 - 103 - 104 - 105 - 106 - 107 - 111 - 112 - 113 - 117 - 121 - 122 - 124 - 125 - 126 - 127 - 128 - 134 - 135 - 136 - 137 - 142 - 145 - 147 - 149 - 152 - 154 - 156 - 157 - 161 - 164 - 165 - 167 - 168 - 169 - 170 - 171 - 172 - 176 - 177 - 180 - 181 - 184 - 187 - 189 - 193 - 194 - 195 - 198 - 202 - 203 - 205 - 206 - 208 - 209 - 210 - 211 - 212 - 214 - 216 - 224 - 225 - 226 - 227 - 229 - 230 - 233 - 234 - 235 - 236 - 237 - 240 - 241 - 244 - 245 - 246 - 249 - 251 - 254 - 255 - 259 - 261 - 264 - 265 - 266 - 267 - 268 - 269 - 270 - 272 - 275 - 279 - 280 - 281 - 282 - 285 - 291 - 296 - 297 - 298 - 300 - 304 - 308 - 309 - 310 - 314 - 317 - 319 - 320 - 325 - 328 - 329 - 331 - 332 - 335 - 337 - 341 - 344 - 346 - 352 - 353 - 355 - 356 - 357 - 362 - 365 - 370 - 374 - 385 - 387 - 388 - 389 - 390 - 391 - 392 - 394 - 395 - 397 - 399 - 401 - 403 - 405 - 406 - 407 - 408 - 411 - 413 - 418 - 423 - 426 - 428 - 430 - 434 - 436 - 438 - 439 - 442 - 443 - 445 - 446 - 448 - 449 - 451 - 453 - 458 - 459 - 460 - 463 - 464 - 465 - 466 - 468 - 469 - 470 - 471 - 472 - 476 - 477 - 479 - 480 - 481 - 482 - 483 - 484 - 485 - 486 - 487 - 488 - 489 - 490 - 492 - 494 - 497 - 498 - 499,14377470.7,0.0,62138,66070,26.64,Cost: 62138 & Capacity: 66070
0 - 3 - 4 - 6 - 7 - 8 - 10 - 12 - 13 - 22 - 23 - 24 - 26 - 27 - 28 - 30 - 31 - 32 - 33 - 39 - 40 - 41 - 42 - 44 - 45 - 47 - 48 - 49 - 56 - 58 - 59 - 64 - 69 - 70 - 74 - 79 - 82 - 83 - 85 - 86 - 90 - 92 - 93 - 95 - 98 - 99 - 100 - 104 - 105 - 106 - 107 - 112 - 113 - 117 - 121 - 122 - 125 - 126 - 128 - 134 - 135 - 136 - 137 - 142 - 145 - 147 - 149 - 152 - 154 - 157 - 164 - 165 - 167 - 168 - 169 - 170 - 171 - 172 - 174 - 175 - 176 - 180 - 181 - 184 - 189 - 193 - 194 - 195 - 198 - 202 - 203 - 205 - 206 - 208 - 209 - 210 - 211 - 212 - 216 - 225 - 227 - 229 - 230 - 233 - 234 - 235 - 236 - 237 - 240 - 241 - 245 - 246 - 248 - 249 - 250 - 251 - 254 - 255 - 259 - 261 - 265 - 266 - 267 - 269 - 270 - 272 - 275 - 279 - 280 - 281 - 282 - 285 - 289 - 291 - 296 - 297 - 298 - 304 - 307 - 308 - 309 - 310 - 314 - 317 - 319 - 320 - 325 - 328 - 329 - 331 - 332 - 335 - 337 - 341 - 344 - 346 - 351 - 352 - 355 - 356 - 357 - 362 - 365 - 370 - 374 - 385 - 387 - 388 - 389 - 390 - 391 - 392 - 394 - 395 - 397 - 399 - 401 - 403 - 405 - 406 - 407 - 408 - 411 - 413 - 415 - 416 - 417 - 418 - 423 - 428 - 434 - 438 - 439 - 442 - 443 - 445 - 446 - 448 - 449 - 450 - 451 - 453 - 454 - 458 - 459 - 460 - 463 - 464 - 465 - 468 - 470 - 471 - 472 - 476 - 479 - 480 - 481 - 482 - 483 - 484 - 485 - 486 - 487 - 488 - 489 - 490 - 492 - 498 - 499,13182991.2,0.7,62735,65087,29.84,Cost: 62735 & Capacity: 65087
0 - 1 - 3 - 4 - 6 - 7 - 10 - 12 - 13 - 19 - 20 - 22 - 24 - 26 - 27 - 28 - 30 - 31 - 32 - 33 - 39 - 42 - 43 - 44 - 45 - 48 - 49 - 50 - 56 - 58 - 59 - 64 - 69 - 70 - 74 - 79 - 82 - 83 - 85 - 86 - 90 - 92 - 93 - 95 - 98 - 100 - 103 - 104 - 105 - 106 - 107 - 111 - 112 - 113 - 117 - 121 - 122 - 124 - 125 - 126 - 127 - 128 - 134 - 135 - 136 - 137 - 142 - 145 - 147 - 149 - 152 - 154 - 156 - 157 - 161 - 164 - 165 - 167 - 168 - 169 - 170 - 171 - 172 - 176 - 177 - 180 - 181 - 184 - 187 - 189 - 193 - 194 - 195 - 198 - 202 - 203 - 205 - 206 - 208 - 209 - 210 - 211 - 212 - 214 - 216 - 224 - 225 - 226 - 227 - 229 - 230 - 233 - 234 - 235 - 236 - 237 - 240 - 241 - 244 - 245 - 246 - 249 - 251 - 254 - 255 - 259 - 261 - 264 - 265 - 266 - 267 - 269 - 270 - 272 - 275 - 279 - 280 - 281 - 282 - 285 - 291 - 296 - 297 - 298 - 300 - 304 - 308 - 309 - 310 - 314 - 317 - 319 - 320 - 325 - 328 - 329 - 331 - 332 - 335 - 337 - 341 - 344 - 346 - 352 - 353 - 355 - 356 - 357 - 362 - 365 - 370 - 374 - 385 - 387 - 388 - 389 - 390 - 391 - 392 - 394 - 395 - 397 - 399 - 401 - 403 - 405 - 406 - 407 - 408 - 411 - 413 - 418 - 423 - 426 - 428 - 430 - 434 - 436 - 438 - 439 - 442 - 443 - 445 - 446 - 448 - 449 - 451 - 453 - 458 - 459 - 460 - 463 - 464 - 465 - 466 - 468 - 469 - 470 - 471 - 472 - 476 - 477 - 479 - 480 - 481 - 483 - 484 - 485 - 486 - 487 - 488 - 489 - 490 - 492 - 494 - 497 - 498 - 499,14134457.8,0.0,61106,64999,30.39,Cost: 61106 & Capacity: 64999
0 - 1 - 3 - 4 - 6 - 7 - 10 - 12 - 13 - 19 - 20 - 22 - 24 - 26 - 27 - 28 - 30 - 31 - 32 - 33 - 39 - 40 - 42 - 43 - 44 - 45 - 48 - 49 - 50 - 56 - 58 - 59 - 64 - 69 - 70 - 74 - 79 - 82 - 83 - 85 - 86 - 90 - 92 - 93 - 95 - 98 - 100 - 103 - 104 - 105 - 106 - 107 - 111 - 112 - 113 - 117 - 121 - 122 - 124 - 125 - 126 - 127 - 128 - 134 - 135 - 136 - 137 - 142 - 145 - 147 - 149 - 152 - 154 - 157 - 161 - 164 - 165 - 167 - 168 - 169 - 170 - 171 - 172 - 176 - 177 - 180 - 181 - 184 - 187 - 189 - 193 - 194 - 195 - 198 - 202 - 203 - 205 - 206 - 208 - 209 - 210 - 211 - 212 - 214 - 216 - 224 - 225 - 226 - 227 - 229 - 230 - 233 - 234 - 235 - 236 - 237 - 240 - 241 - 244 - 245 - 246 - 249 - 251 - 254 - 255 - 259 - 261 - 264 - 265 - 266 - 267 - 269 - 270 - 272 - 275 - 279 - 280 - 281 - 282 - 285 - 291 - 296 - 297 - 298 - 300 - 304 - 308 - 309 - 310 - 314 - 317 - 319 - 320 - 325 - 328 - 329 - 331 - 332 - 335 - 337 - 341 - 344 - 346 - 352 - 353 - 355 - 356 - 357 - 362 - 365 - 370 - 374 - 385 - 387 - 388 - 389 - 390 - 391 - 392 - 394 - 395 - 397 - 399 - 401 - 403 - 405 - 406 - 407 - 408 - 411 - 413 - 417 - 418 - 423 - 426 - 428 - 430 - 434 - 436 - 438 - 439 - 442 - 443 - 445 - 446 - 448 - 449 - 451 - 453 - 458 - 459 - 460 - 463 - 464 - 465 - 466 - 468 - 469 - 470 - 471 - 472 - 476 - 477 - 479 - 480 - 481 - 482 - 483 - 484 - 485 - 486 - 487 - 488 - 489 - 490 - 492 - 493 - 494 - 497 - 498 - 499,14523051.6,0.0,62732,66902,30.47,Cost: 62732 & Capacity: 66902
0 - 2 - 16 - 21 - 34 - 49 - 53 - 61 - 63 - 78 - 83 - 97 - 106 - 107 - 109 - 114 - 120 - 133 - 139 - 141 - 143 - 144 - 150 - 154 - 155 - 160 - 162 - 165 - 168 - 178 - 182 - 190 - 198 - 204 - 213 - 216 - 225 - 235 - 237 - 239 - 248 - 253 - 262 - 273 - 284 - 286 - 290 - 291 - 294 - 296 - 297 - 298 - 302 - 308 - 316 - 320 - 322 - 324 - 352 - 358 - 368 - 370 - 373 - 374 - 383 - 391 - 396 - 400 - 409 - 412 - 422 - 428 - 430 - 431 - 433 - 437 - 438 - 441 - 443 - 447 - 450 - 454 - 457 - 467 - 474 - 475 - 489 - 498,2022735.5,34.2,62357,50436,32.24,Cost: 62357 & Capacity: 50436
0 - 1 - 3 - 4 - 6 - 7 - 10 - 12 - 13 - 19 - 20 - 22 - 24 - 26 - 27 - 28 - 30 - 31 - 32 - 33 - 39 - 40 - 42 - 43 - 44 - 45 - 48 - 49 - 50 - 56 - 58 - 59 - 64 - 69 - 70 - 74 - 79 - 82 - 83 - 85 - 86 - 90 - 92 - 93 - 95 - 98 - 100 - 103 - 104 - 105 - 106 - 107 - 111 - 112 - 113 - 117 - 121 - 122 - 124 - 125 - 126 - 127 - 128 - 134 - 135 - 136 - 137 - 142 - 145 - 147 - 149 - 152 - 154 - 156 - 157 - 161 - 164 - 165 - 167 - 168 - 169 - 170 - 171 - 172 - 176 - 177 - 180 - 181 - 184 - 189 - 193 - 194 - 195 - 198 - 202 - 203 - 205 - 206 - 208 - 209 - 210 - 211 - 212 - 214 - 216 - 224 - 225 - 226 - 227 - 229 - 230 - 233 - 234 - 235 - 236 - 237 - 240 - 241 - 244 - 245 - 246 - 249 - 251 - 254 - 255 - 259 - 261 - 264 - 265 - 266 - 267 - 269 - 270 - 272 - 275 - 279 - 280 - 281 - 282 - 285 - 291 - 296 - 297 - 298 - 300 - 304 - 308 - 309 - 310 - 314 - 317 - 319 - 320 - 325 - 328 - 329 - 331 - 332 - 335 - 337 - 341 - 344 - 346 - 352 - 353 - 355 - 356 - 357 - 362 - 365 - 370 - 374 - 385 - 387 - 388 - 389 - 390 - 391 - 392 - 394 - 395 - 397 - 399 - 401 - 403 - 405 - 406 - 407 - 408 - 411 - 413 - 417 - 418 - 423 - 426 - 428 - 430 - 434 - 436 - 438 - 439 - 442 - 443 - 445 - 446 - 448 - 449 - 451 - 453 - 458 - 459 - 460 - 463 - 464 - 465 - 466 - 468 - 469 - 470 - 471 - 472 - 476 - 477 - 479 - 480 - 481 - 482 - 483 - 484 - 485 - 486 - 487 - 488 - 489 - 490 - 492 - 493 - 494 - 497 - 498 - 499,14528855.9,0.0,62739,66493,34.21,Cost: 62739 & Capacity: 66493
4 - 15 - 19 - 22 - 30 - 33 - 41 - 44 - 56 - 57 - 61 - 64 - 70 - 72 - 79 - 85 - 95 - 100 - 102 - 103 - 105 - 108 - 112 - 121 - 123 - 126 - 136 - 142 - 144 - 146 - 149 - 152 - 153 - 154 - 156 - 165 - 166 - 171 - 175 - 176 - 181 - 185 - 191 - 192 - 193 - 194 - 195 - 198 - 202 - 204 - 205 - 206 - 215 - 216 - 217 - 229 - 233 - 234 - 236 - 241 - 243 - 252 - 254 - 267 - 297 - 300 - 301 - 307 - 308 - 309 - 315 - 317 - 318 - 323 - 328 - 332 - 335 - 337 - 341 - 342 - 343 - 352 - 355 - 359 - 360 - 370 - 374 - 387 - 389 - 391 - 392 - 396 - 397 - 400 - 403 - 405 - 410 - 412 - 413 - 415 - 416 - 417 - 418 - 421 - 423 - 425 - 428 - 429 - 431 - 432 - 438 - 439 - 441 - 442 - 444 - 448 - 449 - 454 - 455 - 458 - 465 - 466 - 471 - 472 - 475 - 480 - 482 - 483 - 484 - 487 - 488 - 490 - 496 - 498,4595786.9,16.6,62498,54704,34.33,Cost: 62498 & Capacity: 54704
0 - 1 - 3 - 4 - 6 - 7 - 10 - 12 - 13 - 19 - 20 - 22 - 24 - 26 - 27 - 28 - 30 - 31 - 32 - 33 - 39 - 40 - 42 - 43 - 44 - 45 - 48 - 49 - 50 - 56 - 58 - 59 - 64 - 69 - 70 - 74 - 79 - 82 - 83 - 85 - 86 - 90 - 92 - 93 - 95 - 98 - 100 - 103 - 104 - 105 - 106 - 107 - 111 - 112 - 113 - 117 - 121 - 122 - 124 - 125 - 126 - 127 - 128 - 134 - 135 - 136 - 137 - 142 - 145 - 147 - 149 - 152 - 154 - 156 - 157 - 161 - 164 - 165 - 167 - 168 - 169 - 170 - 171 - 172 - 176 - 177 - 180 - 181 - 184 - 189 - 193 - 194 - 195 - 198 - 202 - 203 - 205 - 206 - 208 - 209 - 210 - 211 - 212 - 214 - 216 - 224 - 225 - 226 - 227 - 229 - 230 - 233 - 234 - 235 - 236 - 237 - 240 - 241 - 244 - 245 - 246 - 249 - 251 - 254 - 255 - 259 - 261 - 264 - 265 - 266 - 267 - 269 - 270 - 272 - 275 - 279 - 280 - 281 - 282 - 285 - 291 - 296 - 297 - 298 - 300 - 304 - 308 - 309 - 310 - 314 - 317 - 319 - 320 - 325 - 328 - 329 - 331 - 332 - 335 - 337 - 341 - 344 - 346 - 352 - 353 - 355 - 356 - 357 - 362 - 365 - 370 - 374 - 385 - 387 - 388 - 389 - 390 - 391 - 392 - 394 - 395 - 397 - 399 - 401 - 403 - 405 - 406 - 407 - 408 - 411 - 413 - 417 - 418 - 423 - 426 - 428 - 430 - 434 - 436 - 438 - 439 - 442 - 443 - 445 - 446 - 448 - 449 - 451 - 453 - 458 - 459 - 460 - 463 - 464 - 465 - 466 - 468 - 469 - 470 - 471 - 472 - 476 - 477 - 479 - 480 - 481 - 482 - 483 - 484 - 485 - 486 - 487 - 488 - 489 - 490 - 492 - 493 - 494 - 497 - 498 - 499,14528855.9,0.0,62739,66493,35.86,Cost: 62739 & Capacity: 66493
0 - 1 - 3 - 4 - 6 - 7 - 10 - 12 - 19 - 20 - 22 - 24 - 26 - 27 - 28 - 30 - 31 - 32 - 33 - 39 - 40 - 42 - 43 - 44 - 45 - 48 - 49 - 50 - 56 - 58 - 59 - 64 - 69 - 70 - 74 - 79 - 82 - 83 - 85 - 86 - 90 - 92 - 93 - 95 - 98 - 100 - 103 - 104 - 105 - 106 - 107 - 111 - 112 - 113 - 117 - 121 - 122 - 124 - 125 - 126 - 127 - 128 - 134 - 135 - 136 - 137 - 142 - 145 - 147 - 149 - 152 - 154 - 156 - 157 - 164 - 165 - 167 - 168 - 169 - 170 - 171 - 172 - 174 - 176 - 177 - 180 - 181 - 184 - 187 - 189 - 193 - 194 - 195 - 198 - 202 - 203 - 205 - 206 - 208 - 209 - 210 - 211 - 212 - 214 - 216 - 224 - 225 - 226 - 227 - 229 - 230 - 233 - 234 - 235 - 236 - 237 - 240 - 241 - 244 - 245 - 246 - 249 - 251 - 254 - 255 - 259 - 261 - 265 - 266 - 267 - 269 - 270 - 272 - 275 - 279 - 280 - 281 - 282 - 285 - 291 - 296 - 297 - 298 - 304 - 308 - 309 - 310 - 314 - 317 - 319 - 320 - 325 - 328 - 329 - 331 - 332 - 335 - 337 - 339 - 341 - 344 - 346 - 352 - 353 - 355 - 356 - 357 - 362 - 365 - 370 - 374 - 385 - 387 - 388 - 389 - 390 - 391 - 392 - 394 - 395 - 397 - 399 - 401 - 403 - 405 - 406 - 407 - 408 - 411 - 413 - 417 - 418 - 423 - 426 - 428 - 430 - 434 - 436 - 438 - 439 - 442 - 443 - 445 - 446 - 448 - 449 - 451 - 453 - 458 - 459 - 460 - 463 - 464 - 465 - 466 - 468 - 469 - 470 - 471 - 472 - 476 - 477 - 479 - 480 - 481 - 482 - 483 - 484 - 485 - 486 - 487 - 488 - 489 - 490 - 492 - 493 - 494 - 497 - 498 - 499,14430579.6,0.0,62741,66752,36.16,Cost: 62741 & Capacity: 66752
4 - 6 - 10 - 13 - 15 - 16 - 19 - 32 - 33 - 44 - 58 - 61 - 79 - 87 - 94 - 100 - 102 - 103 - 105 - 112 - 114 - 119 - 121 - 123 - 126 - 143 - 145 - 148 - 149 - 158 - 165 - 175 - 176 - 183 - 184 - 185 - 192 - 193 - 194 - 195 - 198 - 205 - 206 - 208 - 212 - 215 - 216 - 220 - 229 - 233 - 234 - 235 - 236 - 243 - 244 - 248 - 252 - 254 - 256 - 257 - 265 - 267 - 280 - 285 - 290 - 301 - 307 - 308 - 311 - 315 - 323 - 324 - 330 - 332 - 335 - 343 - 346 - 347 - 348 - 352 - 355 - 359 - 374 - 380 - 386 - 389 - 392 - 395 - 397 - 405 - 413 - 415 - 416 - 418 - 421 - 422 - 423 - 426 - 428 - 429 - 431 - 434 - 438 - 443 - 444 - 445 - 454 - 456 - 461 - 463 - 465 - 472 - 475 - 477 - 478 - 483 - 484 - 496 - 497 - 498,3694488.8,19.3,62557,51123,36.74,Cost: 62557 & Capacity: 51123
0 - 1 - 3 - 4 - 6 - 7 - 10 - 12 - 13 - 19 - 20 - 22 - 24 - 26 - 27 - 28 - 30 - 31 - 32 - 33 - 39 - 42 - 43 - 44 - 45 - 48 - 49 - 50 - 56 - 58 - 59 - 64 - 69 - 70 - 74 - 79 - 82 - 83 - 85 - 86 - 90 - 92 - 93 - 95 - 98 - 100 - 103 - 104 - 105 - 106 - 107 - 111 - 112 - 113 - 117 - 121 - 122 - 124 - 125 - 126 - 127 - 128 - 134 - 135 - 136 - 137 - 142 - 145 - 147 - 149 - 152 - 154 - 156 - 157 - 161 - 164 - 165 - 167 - 168 - 169 - 170 - 171 - 172 - 176 - 177 - 180 - 181 - 184 - 187 - 189 - 193 - 194 - 195 - 198 - 202 - 203 - 205 - 206 - 208 - 209 - 210 - 211 - 212 - 214 - 216 - 224 - 225 - 226 - 227 - 229 - 230 - 233 - 234 - 235 - 236 - 237 - 240 - 241 - 244 - 245 - 246 - 249 - 251 - 254 - 255 - 259 - 261 - 264 - 265 - 266 - 267 - 268 - 269 - 270 - 272 - 275 - 279 - 280 - 281 - 282 - 285 - 291 - 296 - 297 - 298 - 300 - 304 - 308 - 309 - 310 - 314 - 317 - 319 - 320 - 325 - 328 - 329 - 331 - 332 - 335 - 337 - 341 - 344 - 346 - 352 - 353 - 355 - 356 - 357 - 362 - 365 - 370 - 374 - 385 - 387 - 388 - 389 - 390 - 391 - 392 - 394 - 395 - 397 - 399 - 401 - 403 - 405 - 406 - 407 - 408 - 411 - 413 - 418 - 423 - 426 - 428 - 430 - 434 - 436 - 438 - 439 - 442 - 443 - 445 - 446 - 448 - 449 - 451 - 453 - 458 - 459 - 460 - 463 - 464 - 465 - 466 - 468 - 469 - 470 - 471 - 476 - 477 - 479 - 480 - 481 - 482 - 483 - 484 - 485 - 486 - 487 - 488 - 489 - 490 - 492 - 494 - 497 - 498 - 499,14261559.7,0.0,61613,65266,36.9,Cost: 61613 & Capacity: 65266
0 - 1 - 3 - 4 - 6 - 7 - 10 - 12 - 13 - 19 - 20 - 22 - 24 - 26 - 27 - 28 - 30 - 31 - 32 - 33 - 39 - 40 - 42 - 43 - 44 - 45 - 48 - 49 - 50 - 56 - 58 - 59 - 64 - 69 - 70 - 74 - 79 - 82 - 83 - 85 - 86 - 90 - 92 - 93 - 95 - 98 - 100 - 103 - 104 - 105 - 106 - 107 - 111 - 112 - 113 - 117 - 121 - 122 - 124 - 125 - 126 - 127 - 128 - 134 - 135 - 136 - 137 - 142 - 145 - 147 - 149 - 152 - 154 - 156 - 157 - 161 - 164 - 165 - 167 - 168 - 169 - 170 - 171 - 172 - 176 - 177 - 180 - 181 - 184 - 189 - 193 - 194 - 195 - 198 - 202 - 203 - 205 - 206 - 208 - 209 - 210 - 211 - 212 - 214 - 216 - 224 - 225 - 226 - 227 - 229 - 230 - 233 - 234 - 235 - 236 - 237 - 240 - 241 - 244 - 245 - 246 - 249 - 251 - 254 - 255 - 259 - 261 - 264 - 265 - 266 - 267 - 269 - 270 - 272 - 275 - 279 - 280 - 281 - 282 - 285 - 291 - 296 - 297 - 298 - 300 - 304 - 308 - 309 - 310 - 314 - 317 - 319 - 320 - 325 - 328 - 329 - 331 - 332 - 335 - 337 - 341 - 344 - 346 - 352 - 353 - 355 - 356 - 357 - 362 - 365 - 370 - 374 - 385 - 387 - 388 - 389 - 390 - 391 - 392 - 394 - 395 - 397 - 399 - 401 - 403 - 405 - 406 - 407 - 408 - 411 - 413 - 417 - 418 - 423 - 426 - 428 - 430 - 434 - 436 - 438 - 439 - 442 - 443 - 445 - 446 - 448 - 449 - 451 - 453 - 458 - 459 - 460 - 463 - 464 - 465 - 466 - 468 - 469 - 470 - 471 - 472 - 476 - 477 - 479 - 480 - 481 - 482 - 483 - 484 - 485 - 486 - 487 - 488 - 489 - 490 - 492 - 493 - 494 - 497 - 498 - 499,14528855.9,0.0,62739,66493,40.54,Cost: 62739 & Capacity: 66493
0 - 1 - 3 - 4 - 6 - 7 - 10 - 12 - 13 - 19 - 20 - 22 - 24 - 26 - 27 - 28 - 30 - 31 - 32 - 33 - 39 - 42 - 43 - 44 - 45 - 48 - 49 - 50 - 56 - 58 - 59 - 64 - 69 - 70 - 74 - 79 - 82 - 83 - 85 - 86 - 90 - 92 - 93 - 95 - 98 - 100 - 103 - 104 - 105 - 106 - 107 - 111 - 112 - 113 - 117 - 121 - 122 - 124 - 125 - 126 - 127 - 128 - 134 - 135 - 136 - 137 - 142 - 145 - 147 - 149 - 152 - 154 - 156 - 157 - 161 - 164 - 165 - 167 - 168 - 169 - 170 - 171 - 172 - 176 - 177 - 180 - 181 - 184 - 187 - 189 - 193 - 194 - 195 - 198 - 202 - 203 - 205 - 206 - 208 - 209 - 210 - 211 - 212 - 214 - 216 - 224 - 225 - 226 - 227 - 229 - 230 - 233 - 234 - 235 - 236 - 237 - 240 - 241 - 244 - 245 - 246 - 249 - 251 - 254 - 255 - 259 - 261 - 264 - 265 - 266 - 267 - 269 - 270 - 272 - 275 - 279 - 280 - 281 - 282 - 285 - 291 - 296 - 297 - 298 - 300 - 304 - 308 - 309 - 310 - 314 - 317 - 319 - 320 - 325 - 328 - 329 - 331 - 332 - 335 - 337 - 341 - 344 - 346 - 352 - 353 - 355 - 356 - 357 - 362 - 365 - 370 - 374 - 385 - 387 - 388 - 389 - 390 - 391 - 392 - 394 - 395 - 397 - 399 - 401 - 403 - 405 - 406 - 407 - 408 - 411 - 413 - 418 - 423 - 426 - 428 - 430 - 434 - 436 - 438 - 439 - 442 - 443 - 445 - 446 - 448 - 449 - 451 - 453 - 458 - 459 - 460 - 463 - 464 - 465 - 466 - 468 - 469 - 470 - 471 - 476 - 477 - 479 - 480 - 481 - 483 - 484 - 485 - 486 - 487 - 488 - 489 - 490 - 492 - 494 - 497 - 498 - 499,14019291.9,0.0,60581,64195,40.5,Cost: 60581 & Capacity: 64195
0 - 1 - 3 - 4 - 6 - 7 - 10 - 12 - 13 - 19 - 20 - 22 - 24 - 26 - 27 - 28 - 30 - 31 - 32 - 33 - 39 - 40 - 42 - 43 - 44 - 45 - 48 - 49 - 50 - 56 - 58 - 59 - 64 - 69 - 70 - 74 - 79 - 82 - 83 - 85 - 86 - 90 - 92 - 93 - 95 - 98 - 100 - 103 - 104 - 105 - 106 - 107 - 111 - 112 - 113 - 117 - 121 - 122 - 124 - 125 - 126 - 127 - 128 - 134 - 135 - 136 - 137 - 142 - 145 - 147 - 149 - 152 - 154 - 156 - 157 - 161 - 164 - 165 - 167 - 168 - 169 - 170 - 171 - 172 - 176 - 177 - 180 - 181 - 184 - 189 - 193 - 194 - 195 - 198 - 202 - 203 - 205 - 206 - 208 - 209 - 210 - 211 - 212 - 214 - 216 - 224 - 225 - 226 - 227 - 229 - 230 - 233 - 234 - 235 - 236 - 237 - 240 - 241 - 244 - 245 - 246 - 249 - 251 - 254 - 255 - 259 - 261 - 264 - 265 - 266 - 267 - 269 - 270 - 272 - 275 - 279 - 280 - 281 - 282 - 285 - 291 - 296 - 297 - 298 - 300 - 304 - 308 - 309 - 310 - 314 - 317 - 319 - 320 - 325 - 328 - 329 - 331 - 332 - 335 - 337 - 341 - 344 - 346 - 352 - 353 - 355 - 356 - 357 - 362 - 365 - 370 - 374 - 385 - 387 - 388 - 389 - 390 - 391 - 392 - 394 - 395 - 397 - 399 - 401 - 403 - 405 - 406 - 407 - 408 - 411 - 413 - 417 - 418 - 423 - 426 - 428 - 430 - 434 - 436 - 438 - 439 - 442 - 443 - 445 - 446 - 448 - 449 - 451 - 453 - 458 - 459 - 460 - 463 - 464 - 465 - 466 - 468 - 469 - 470 - 471 - 472 - 476 - 477 - 479 - 480 - 481 - 482 - 483 - 484 - 485 - 486 - 487 - 488 - 489 - 490 - 492 - 493 - 494 - 497 - 498 - 499,14528855.9,0.0,62739,66493,43.84,Cost: 62739 & Capacity: 66493
0 - 1 - 3 - 4 - 6 - 7 - 10 - 12 - 13 - 19 - 20 - 22 - 24 - 26 - 27 - 28 - 30 - 31 - 32 - 33 - 39 - 40 - 42 - 43 - 44 - 45 - 48 - 49 - 50 - 56 - 58 - 59 - 64 - 69 - 70 - 74 - 79 - 82 - 83 - 85 - 86 - 90 - 92 - 93 - 95 - 98 - 100 - 103 - 104 - 105 - 106 - 107 - 111 - 112 - 113 - 117 - 121 - 122 - 124 - 125 - 126 - 127 - 128 - 134 - 135 - 136 - 137 - 142 - 145 - 147 - 149 - 152 - 154 - 156 - 157 - 161 - 164 - 165 - 167 - 168 - 169 - 170 - 171 - 172 - 176 - 177 - 180 - 181 - 184 - 189 - 193 - 194 - 195 - 198 - 202 - 203 - 205 - 206 - 208 - 209 - 210 - 211 - 212 - 214 - 216 - 224 - 225 - 226 - 227 - 229 - 230 - 233 - 234 - 235 - 236 - 237 - 240 - 241 - 244 - 245 - 246 - 249 - 251 - 254 - 255 - 259 - 261 - 264 - 265 - 266 - 267 - 269 - 270 - 272 - 275 - 279 - 280 - 281 - 282 - 285 - 291 - 296 - 297 - 298 - 300 - 304 - 308 - 309 - 310 - 314 - 317 - 319 - 320 - 325 - 328 - 329 - 331 - 332 - 335 - 337 - 341 - 344 - 346 - 352 - 353 - 355 - 356 - 357 - 362 - 365 - 370 - 374 - 385 - 387 - 388 - 389 - 390 - 391 - 392 - 394 - 395 - 397 - 399 - 401 - 403 - 405 - 406 - 407 - 408 - 411 - 413 - 417 - 418 - 423 - 426 - 428 - 430 - 434 - 436 - 438 - 439 - 442 - 443 - 445 - 446 - 448 - 449 - 451 - 453 - 458 - 459 - 460 - 463 - 464 - 465 - 466 - 468 - 469 - 470 - 471 - 472 - 476 - 477 - 479 - 480 - 481 - 482 - 483 - 484 - 485 - 486 - 487 - 488 - 489 - 490 - 492 - 493 - 494 - 497 - 498 - 499,14528855.9,0.0,62739,66493,44.25,Cost: 62739 & Capacity: 66493
0 - 1 - 4 - 6 - 8 - 10 - 13 - 17 - 19 - 20 - 22 - 23 - 27 - 28 - 30 - 31 - 39 - 40 - 41 - 44 - 45 - 47 - 48 - 49 - 50 - 56 - 58 - 64 - 69 - 70 - 74 - 79 - 82 - 83 - 85 - 87 - 92 - 93 - 95 - 98 - 99 - 100 - 103 - 104 - 105 - 106 - 107 - 109 - 112 - 113 - 117 - 121 - 122 - 125 - 126 - 128 - 135 - 136 - 137 - 145 - 147 - 149 - 152 - 154 - 163 - 164 - 165 - 167 - 174 - 175 - 176 - 180 - 181 - 184 - 192 - 193 - 194 - 198 - 203 - 205 - 206 - 209 - 210 - 211 - 212 - 215 - 216 - 225 - 229 - 230 - 231 - 233 - 234 - 235 - 236 - 237 - 241 - 242 - 245 - 248 - 249 - 250 - 251 - 254 - 255 - 259 - 267 - 269 - 272 - 282 - 289 - 291 - 292 - 296 - 297 - 307 - 308 - 309 - 312 - 315 - 317 - 319 - 324 - 325 - 329 - 335 - 337 - 341 - 344 - 347 - 348 - 351 - 352 - 356 - 362 - 365 - 370 - 374 - 386 - 387 - 389 - 391 - 392 - 394 - 395 - 397 - 400 - 401 - 403 - 407 - 413 - 415 - 416 - 417 - 426 - 427 - 428 - 434 - 436 - 438 - 442 - 443 - 444 - 445 - 446 - 448 - 449 - 450 - 454 - 456 - 458 - 465 - 470 - 471 - 472 - 475 - 479 - 481 - 482 - 483 - 485 - 486 - 487 - 488 - 489 - 490 - 494 - 499,8957152.1,5.8,62720,59204,45.85,Cost: 62720 & Capacity: 59204
0 - 1 - 5 - 6 - 8 - 10 - 13 - 17 - 19 - 20 - 22 - 23 - 27 - 28 - 30 - 31 - 39 - 40 - 41 - 44 - 45 - 47 - 48 - 49 - 50 - 56 - 58 - 64 - 69 - 70 - 74 - 79 - 82 - 83 - 87 - 92 - 93 - 95 - 98 - 99 - 100 - 103 - 104 - 105 - 106 - 107 - 112 - 113 - 121 - 122 - 125 - 126 - 128 - 132 - 135 - 136 - 145 - 147 - 149 - 152 - 154 - 162 - 163 - 164 - 165 - 167 - 173 - 175 - 176 - 180 - 181 - 184 - 192 - 193 - 194 - 198 - 201 - 203 - 205 - 206 - 209 - 210 - 211 - 212 - 215 - 220 - 225 - 229 - 230 - 231 - 233 - 234 - 235 - 236 - 237 - 245 - 249 - 250 - 251 - 254 - 255 - 259 - 264 - 267 - 269 - 272 - 282 - 289 - 291 - 292 - 296 - 297 - 304 - 307 - 308 - 309 - 315 - 317 - 319 - 325 - 329 - 335 - 337 - 341 - 344 - 347 - 348 - 351 - 352 - 356 - 362 - 365 - 370 - 374 - 386 - 387 - 389 - 391 - 392 - 394 - 395 - 397 - 400 - 401 - 403 - 407 - 413 - 415 - 416 - 417 - 426 - 427 - 428 - 434 - 436 - 438 - 442 - 443 - 444 - 445 - 446 - 448 - 449 - 450 - 454 - 456 - 458 - 461 - 465 - 470 - 471 - 472 - 479 - 481 - 482 - 483 - 485 - 486 - 487 - 488 - 489 - 490 - 494 - 499,8567449.8,6.6,62710,59073,45.88,Cost: 62710 & Capacity: 59073
1 - 4 - 8 - 10 - 15 - 16 - 18 - 30 - 33 - 34 - 35 - 37 - 61 - 64 - 66 - 68 - 79 - 84 - 86 - 90 - 99 - 100 - 105 - 109 - 113 - 117 - 119 - 122 - 125 - 133 - 140 - 148 - 161 - 162 - 163 - 165 - 177 - 179 - 182 - 189 - 202 - 204 - 208 - 216 - 236 - 237 - 241 - 243 - 244 - 245 - 248 - 252 - 254 - 255 - 263 - 264 - 273 - 275 - 292 - 295 - 298 - 307 - 313 - 320 - 322 - 327 - 328 - 332 - 333 - 336 - 341 - 342 - 344 - 346 - 356 - 357 - 359 - 373 - 376 - 386 - 390 - 391 - 400 - 407 - 408 - 409 - 412 - 420 - 422 - 425 - 426 - 428 - 431 - 433 - 439 - 442 - 444 - 447 - 449 - 458 - 465 - 476 - 480 - 493 - 497 - 498,2904736.7,25.2,62528,49692,46.33,Cost: 62528 & Capacity: 49692
0 - 1 - 3 - 4 - 6 - 7 - 10 - 12 - 13 - 19 - 20 - 22 - 24 - 26 - 27 - 28 - 30 - 31 - 32 - 33 - 39 - 42 - 43 - 44 - 45 - 48 - 49 - 50 - 56 - 58 - 59 - 64 - 69 - 70 - 74 - 79 - 82 - 83 - 85 - 86 - 90 - 92 - 93 - 95 - 98 - 100 - 103 - 104 - 105 - 106 - 107 - 111 - 112 - 113 - 117 - 121 - 122 - 124 - 125 - 126 - 127 - 128 - 134 - 135 - 136 - 137 - 142 - 145 - 147 - 149 - 152 - 154 - 156 - 157 - 161 - 164 - 165 - 167 - 168 - 169 - 170 - 171 - 172 - 176 - 177 - 180 - 181 - 184 - 187 - 189 - 193 - 194 - 195 - 198 - 202 - 203 - 205 - 206 - 208 - 209 - 210 - 211 - 212 - 214 - 216 - 224 - 225 - 226 - 227 - 229 - 230 - 233 - 234 - 235 - 236 - 237 - 240 - 241 - 244 - 245 - 246 - 249 - 251 - 254 - 255 - 259 - 261 - 264 - 265 - 266 - 267 - 268 - 269 - 270 - 272 - 275 - 279 - 280 - 281 - 282 - 285 - 291 - 296 - 297 - 298 - 300 - 304 - 308 - 309 - 310 - 314 - 317 - 319 - 320 - 325 - 328 - 329 - 331 - 332 - 335 - 337 - 341 - 344 - 346 - 352 - 353 - 355 - 356 - 357 - 362 - 365 - 370 - 374 - 385 - 387 - 388 - 389 - 390 - 391 - 392 - 394 - 395 - 397 - 399 - 401 - 403 - 405 - 406 - 407 - 408 - 411 - 413 - 418 - 423 - 426 - 428 - 430 - 434 - 436 - 438 - 439 - 442 - 443 - 445 - 446 - 448 - 449 - 451 - 453 - 458 - 459 - 460 - 463 - 464 - 465 - 466 - 468 - 469 - 470 - 471 - 472 - 476 - 477 - 479 - 480 - 481 - 482 - 483 - 484 - 485 - 486 - 487 - 488 - 489 - 490 - 492 - 494 - 497 - 498 - 499,14377470.7,0.0,62138,66070,47.04,Cost: 62138 & Capacity: 66070
0 - 1 - 3 - 4 - 6 - 7 - 10 - 12 - 13 - 19 - 20 - 22 - 24 - 26 - 27 - 28 - 30 - 31 - 32 - 33 - 39 - 42 - 43 - 44 - 45 - 48 - 49 - 50 - 56 - 58 - 59 - 64 - 69 - 70 - 74 - 79 - 82 - 83 - 85 - 86 - 90 - 92 - 93 - 95 - 98 - 100 - 103 - 104 - 105 - 106 - 107 - 111 - 112 - 113 - 117 - 121 - 122 - 124 - 125 - 126 - 127 - 128 - 134 - 135 - 136 - 137 - 142 - 145 - 147 - 149 - 152 - 154 - 156 - 157 - 161 - 164 - 165 - 167 - 168 - 169 - 170 - 171 - 172 - 176 - 177 - 180 - 181 - 184 - 187 - 189 - 193 - 194 - 195 - 198 - 202 - 203 - 205 - 206 - 208 - 209 - 210 - 211 - 212 - 214 - 216 - 224 - 225 - 226 - 227 - 229 - 230 - 233 - 234 - 235 - 236 - 237 - 240 - 241 - 244 - 245 - 246 - 249 - 251 - 254 - 255 - 261 - 264 - 265 - 266 - 267 - 269 - 270 - 272 - 275 - 279 - 280 - 281 - 282 - 285 - 291 - 296 - 297 - 298 - 300 - 304 - 308 - 309 - 310 - 314 - 317 - 319 - 320 - 325 - 328 - 329 - 331 - 332 - 335 - 337 - 341 - 344 - 346 - 352 - 353 - 355 - 356 - 357 - 362 - 365 - 370 - 374 - 385 - 387 - 388 - 389 - 390 - 391 - 392 - 394 - 395 - 397 - 399 - 401 - 403 - 405 - 406 - 407 - 408 - 411 - 413 - 418 - 423 - 426 - 428 - 430 - 434 - 436 - 438 - 439 - 442 - 443 - 445 - 446 - 448 - 449 - 451 - 453 - 458 - 459 - 460 - 463 - 464 - 465 - 466 - 468 - 469 - 470 - 471 - 476 - 477 - 479 - 480 - 481 - 482 - 483 - 484 - 485 - 486 - 487 - 488 - 489 - 490 - 492 - 494 - 497 - 498 - 499,14030085.4,0.0,60582,64096,47.04,Cost: 60582 & Capacity: 64096
0 - 1 - 3 - 4 - 6 - 7 - 10 - 12 - 13 - 19 - 20 - 22 - 24 - 26 - 27 - 28 - 30 - 31 - 32 - 33 - 39 - 40 - 42 - 43 - 44 - 45 - 48 - 49 - 50 - 56 - 58 - 59 - 64 - 69 - 70 - 74 - 79 - 82 - 83 - 85 - 86 - 90 - 92 - 93 - 95 - 98 - 100 - 103 - 104 - 105 - 106 - 107 - 111 - 112 - 113 - 117 - 121 - 122 - 124 - 125 - 126 - 127 - 128 - 134 - 135 - 136 - 137 - 142 - 145 - 147 - 149 - 152 - 154 - 156 - 157 - 161 - 164 - 165 - 167 - 168 - 169 - 170 - 171 - 172 - 176 - 177 - 180 - 181 - 184 - 189 - 193 - 194 - 195 - 198 - 202 - 203 - 205 - 206 - 208 - 209 - 210 - 211 - 212 - 214 - 216 - 224 - 225 - 226 - 227 - 229 - 230 - 233 - 234 - 235 - 236 - 237 - 240 - 241 - 244 - 245 - 246 - 249 - 251 - 254 - 255 - 259 - 261 - 264 - 265 - 266 - 267 - 269 - 270 - 272 - 275 - 279 - 280 - 281 - 282 - 285 - 291 - 296 - 297 - 298 - 300 - 304 - 308 - 309 - 310 - 314 - 317 - 319 - 320 - 325 - 328 - 329 - 331 - 332 - 335 - 337 - 341 - 344 - 346 - 352 - 353 - 355 - 356 - 357 - 362 - 365 - 370 - 374 - 385 - 387 - 388 - 389 - 390 - 391 - 392 - 394 - 395 - 397 - 399 - 401 - 403 - 405 - 406 - 407 - 408 - 411 - 413 - 417 - 418 - 423 - 426 - 428 - 430 - 434 - 436 - 438 - 439 - 442 - 443 - 445 - 446 - 448 - 449 - 451 - 453 - 458 - 459 - 460 - 463 - 464 - 465 - 466 - 468 - 469 - 470 - 471 - 472 - 476 - 477 - 479 - 480 - 481 - 482 - 483 - 484 - 485 - 486 - 487 - 488 - 489 - 490 - 492 - 493 - 494 - 497 - 498 - 499,14528855.9,0.0,62739,66493,47.16,Cost: 62739 & Capacity: 66493
0 - 1 - 3 - 4 - 6 - 7 - 10 - 12 - 13 - 19 - 20 - 22 - 24 - 26 - 27 - 28 - 30 - 31 - 32 - 33 - 39 - 40 - 42 - 43 - 44 - 45 - 48 - 49 - 50 - 56 - 58 - 59 - 64 - 69 - 70 - 74 - 79 - 82 - 83 - 85 - 86 - 90 - 92 - 93 - 95 - 98 - 100 - 103 - 104 - 105 - 106 - 107 - 111 - 112 - 113 - 117 - 121 - 122 - 124 - 125 - 126 - 127 - 128 - 134 - 135 - 136 - 137 - 142 - 145 - 147 - 149 - 152 - 154 - 156 - 157 - 161 - 164 - 165 - 167 - 168 - 169 - 170 - 171 - 172 - 176 - 177 - 180 - 181 - 184 - 189 - 193 - 194 - 195 - 198 - 202 - 203 - 205 - 206 - 208 - 209 - 210 - 211 - 212 - 214 - 216 - 224 - 225 - 226 - 227 - 229 - 230 - 233 - 234 - 235 - 236 - 237 - 240 - 241 - 244 - 245 - 246 - 249 - 251 - 254 - 255 - 259 - 261 - 264 - 265 - 266 - 267 - 269 - 270 - 272 - 275 - 279 - 280 - 281 - 282 - 285 - 291 - 296 - 297 - 298 - 300 - 304 - 308 - 309 - 310 - 314 - 317 - 319 - 320 - 325 - 328 - 329 - 331 - 332 - 335 - 337 - 341 - 344 - 346 - 352 - 353 - 355 - 356 - 357 - 362 - 365 - 370 - 374 - 385 - 387 - 388 - 389 - 390 - 391 - 392 - 394 - 395 - 397 - 399 - 401 - 403 - 405 - 406 - 407 - 408 - 411 - 413 - 417 - 418 - 423 - 426 - 428 - 430 - 434 - 436 - 438 - 439 - 442 - 443 - 445 - 446 - 448 - 449 - 451 - 453 - 458 - 459 - 460 - 463 - 464 - 465 - 466 - 468 - 469 - 470 - 471 - 472 - 476 - 477 - 479 - 480 - 481 - 482 - 483 - 484 - 485 - 486 - 487 - 488 - 489 - 490 - 492 - 493 - 494 - 497 - 498 - 499,14528855.9,0.0,62739,66493,50.34,Cost: 62739 & Capacity: 66493
4 - 6 - 9 - 12 - 24 - 26 - 31 - 33 - 44 - 45 - 61 - 64 - 65 - 69 - 81 - 91 - 99 - 100 - 101 - 103 - 110 - 112 - 113 - 125 - 126 - 128 - 134 - 145 - 149 - 152 - 153 - 169 - 172 - 175 - 176 - 193 - 195 - 205 - 206 - 208 - 212 - 213 - 215 - 216 - 217 - 226 - 234 - 235 - 236 - 241 - 243 - 248 - 252 - 267 - 268 - 272 - 275 - 276 - 288 - 292 - 299 - 307 - 317 - 318 - 322 - 323 - 328 - 336 - 337 - 342 - 343 - 344 - 346 - 349 - 351 - 355 - 358 - 359 - 373 - 374 - 376 - 380 - 384 - 387 - 391 - 392 - 395 - 396 - 397 - 399 - 400 - 408 - 410 - 413 - 416 - 418 - 421 - 422 - 428 - 434 - 438 - 439 - 442 - 443 - 448 - 450 - 454 - 456 - 458 - 459 - 460 - 465 - 466 - 471 - 472 - 475 - 476 - 478 - 480 - 481 - 482 - 486 - 487 - 490 - 496 - 498,4112916.8,17.4,62622,54880,50.64,Cost: 62622 & Capacity: 54880
0 - 1 - 3 - 4 - 6 - 7 - 10 - 12 - 13 - 19 - 20 - 22 - 24 - 26 - 27 - 28 - 30 - 31 - 32 - 33 - 39 - 42 - 43 - 44 - 45 - 48 - 49 - 50 - 56 - 58 - 59 - 64 - 69 - 70 - 74 - 79 - 82 - 83 - 85 - 86 - 90 - 92 - 93 - 95 - 98 - 100 - 103 - 104 - 105 - 106 - 107 - 111 - 112 - 113 - 117 - 121 - 122 - 124 - 125 - 126 - 127 - 128 - 134 - 135 - 136 - 137 - 142 - 145 - 147 - 149 - 152 - 154 - 156 - 157 - 161 - 164 - 165 - 167 - 168 - 169 - 170 - 171 - 172 - 176 - 177 - 180 - 181 - 184 - 187 - 189 - 193 - 194 - 195 - 198 - 202 - 203 - 205 - 206 - 208 - 209 - 210 - 211 - 212 - 214 - 216 - 224 - 225 - 226 - 227 - 229 - 230 - 233 - 234 - 235 - 236 - 237 - 240 - 241 - 244 - 245 - 246 - 249 - 251 - 254 - 255 - 259 - 261 - 264 - 265 - 266 - 267 - 269 - 270 - 272 - 275 - 279 - 280 - 281 - 282 - 285 - 291 - 296 - 297 - 298 - 300 - 304 - 308 - 309 - 310 - 314 - 317 - 319 - 320 - 325 - 328 - 329 - 331 - 332 - 335 - 337 - 341 - 344 - 346 - 352 - 353 - 355 - 356 - 357 - 362 - 365 - 370 - 374 - 385 - 387 - 388 - 389 - 390 - 391 - 392 - 394 - 395 - 397 - 399 - 401 - 403 - 405 - 406 - 407 - 408 - 411 - 413 - 418 - 423 - 426 - 428 - 430 - 434 - 436 - 438 - 439 - 442 - 443 - 445 - 446 - 448 - 449 - 451 - 453 - 458 - 459 - 460 - 463 - 464 - 465 - 466 - 468 - 469 - 470 - 471 - 476 - 477 - 479 - 480 - 481 - 482 - 483 - 484 - 485 - 486 - 487 - 488 - 489 - 490 - 492 - 494 - 497 - 498 - 499,14149876.3,0.0,61092,64832,50.83,Cost: 61092 & Capacity: 64832
0 - 1 - 3 - 4 - 6 - 7 - 10 - 12 - 13 - 19 - 20 - 22 - 24 - 26 - 27 - 28 - 30 - 31 - 32 - 33 - 39 - 40 - 42 - 43 - 44 - 45 - 48 - 49 - 50 - 56 - 58 - 59 - 64 - 69 - 70 - 74 - 79 - 82 - 83 - 85 - 86 - 90 - 92 - 93 - 95 - 98 - 100 - 103 - 104 - 105 - 106 - 107 - 111 - 112 - 113 - 117 - 121 - 122 - 124 - 125 - 126 - 127 - 128 - 134 - 135 - 136 - 137 - 142 - 145 - 147 - 149 - 152 - 154 - 156 - 157 - 161 - 164 - 165 - 167 - 168 - 169 - 170 - 171 - 172 - 176 - 177 - 180 - 181 - 184 - 189 - 193 - 194 - 195 - 198 - 202 - 203 - 205 - 206 - 208 - 209 - 210 - 211 - 212 - 214 - 216 - 224 - 225 - 226 - 227 - 229 - 230 - 233 - 234 - 235 - 236 - 237 - 240 - 241 - 244 - 245 - 246 - 249 - 251 - 254 - 255 - 259 - 261 - 264 - 265 - 266 - 267 - 269 - 270 - 272 - 275 - 279 - 280 - 281 - 282 - 285 - 291 - 296 - 297 - 298 - 300 - 304 - 308 - 309 - 310 - 314 - 317 - 319 - 320 - 325 - 328 - 329 - 331 - 332 - 335 - 337 - 341 - 344 - 346 - 352 - 353 - 355 - 356 - 357 - 362 - 365 - 370 - 374 - 385 - 387 - 388 - 389 - 390 - 391 - 392 - 394 - 395 - 397 - 399 - 401 - 403 - 405 - 406 - 407 - 408 - 411 - 413 - 417 - 418 - 423 - 426 - 428 - 430 - 434 - 436 - 438 - 439 - 442 - 443 - 445 - 446 - 448 - 449 - 451 - 453 - 458 - 459 - 460 - 463 - 464 - 465 - 466 - 468 - 469 - 470 - 471 - 472 - 476 - 477 - 479 - 480 - 481 - 482 - 483 - 484 - 485 - 486 - 487 - 488 - 489 - 490 - 492 - 493 - 494 - 497 - 498 - 499,14528855.9,0.0,62739,66493,50.95,Cost: 62739 & Capacity: 66493
0 - 1 - 3 - 4 - 6 - 7 - 10 - 12 - 13 - 19 - 20 - 22 - 24 - 26 - 27 - 28 - 30 - 31 - 32 - 33 - 39 - 40 - 42 - 43 - 44 - 45 - 48 - 49 - 50 - 56 - 58 - 59 - 64 - 69 - 70 - 74 - 79 - 82 - 83 - 85 - 86 - 90 - 92 - 93 - 95 - 98 - 100 - 103 - 104 - 105 - 106 - 107 - 111 - 112 - 113 - 117 - 121 - 122 - 124 - 125 - 126 - 127 - 128 - 134 - 135 - 136 - 137 - 142 - 145 - 147 - 149 - 152 - 154 - 156 - 157 - 161 - 164 - 165 - 167 - 168 - 169 - 170 - 171 - 172 - 176 - 177 - 180 - 181 - 184 - 189 - 193 - 194 - 195 - 198 - 202 - 203 - 205 - 206 - 208 - 209 - 210 - 211 - 212 - 214 - 216 - 224 - 225 - 226 - 227 - 229 - 230 - 233 - 234 - 235 - 236 - 237 - 240 - 241 - 244 - 245 - 246 - 249 - 251 - 254 - 255 - 259 - 261 - 264 - 265 - 266 - 267 - 269 - 270 - 272 - 275 - 279 - 280 - 281 - 282 - 285 - 291 - 296 - 297 - 298 - 300 - 304 - 308 - 309 - 310 - 314 - 317 - 319 - 320 - 325 - 328 - 329 - 331 - 332 - 335 - 337 - 341 - 344 - 346 - 352 - 353 - 355 - 356 - 357 - 362 - 365 - 370 - 374 - 385 - 387 - 388 - 389 - 390 - 391 - 392 - 394 - 395 - 397 - 399 - 401 - 403 - 405 - 406 - 407 - 408 - 411 - 413 - 417 - 418 - 423 - 426 - 428 - 430 - 434 - 436 - 438 - 439 - 442 - 443 - 445 - 446 - 448 - 449 - 451 - 453 - 458 - 459 - 460 - 463 - 464 - 465 - 466 - 468 - 469 - 470 - 471 - 472 - 476 - 477 - 479 - 480 - 481 - 482 - 483 - 484 - 485 - 486 - 487 - 488 - 489 - 490 - 492 - 493 - 494 - 497 - 498 - 499,14528855.9,0.0,62739,66493,51.69,Cost: 62739 & Capacity: 66493
0 - 1 - 3 - 4 - 6 - 7 - 10 - 12 - 13 - 19 - 20 - 22 - 24 - 26 - 27 - 28 - 30 - 31 - 32 - 33 - 39 - 40 - 42 - 43 - 44 - 45 - 48 - 49 - 50 - 56 - 58 - 59 - 64 - 69 - 70 - 74 - 79 - 82 - 83 - 85 - 86 - 90 - 92 - 93 - 95 - 98 - 100 - 103 - 104 - 105 - 106 - 107 - 111 - 112 - 113 - 117 - 121 - 122 - 124 - 125 - 126 - 127 - 128 - 134 - 135 - 136 - 137 - 142 - 145 - 147 - 149 - 152 - 154 - 156 - 157 - 161 - 164 - 165 - 167 - 168 - 169 - 170 - 171 - 172 - 176 - 177 - 180 - 181 - 184 - 189 - 193 - 194 - 195 - 198 - 202 - 203 - 205 - 206 - 208 - 209 - 210 - 211 - 212 - 214 - 216 - 224 - 225 - 226 - 227 - 229 - 230 - 233 - 234 - 235 - 236 - 237 - 240 - 241 - 244 - 245 - 246 - 249 - 251 - 254 - 255 - 259 - 261 - 264 - 265 - 266 - 267 - 269 - 270 - 272 - 275 - 279 - 280 - 281 - 282 - 285 - 291 - 296 - 297 - 298 - 300 - 304 - 308 - 309 - 310 - 314 - 317 - 319 - 320 - 325 - 328 - 329 - 331 - 332 - 335 - 337 - 341 - 344 - 346 - 352 - 353 - 355 - 356 - 357 - 362 - 365 - 370 - 374 - 385 - 387 - 388 - 389 - 390 - 391 - 392 - 394 - 395 - 397 - 399 - 401 - 403 - 405 - 406 - 407 - 408 - 411 - 413 - 417 - 418 - 423 - 426 - 428 - 430 - 434 - 436 - 438 - 439 - 442 - 443 - 445 - 446 - 448 - 449 - 451 - 453 - 458 - 459 - 460 - 463 - 464 - 465 - 466 - 468 - 469 - 470 - 471 - 472 - 476 - 477 - 479 - 480 - 481 - 482 - 483 - 484 - 485 - 486 - 487 - 488 - 489 - 490 - 492 - 493 - 494 - 497 - 498 - 499,14528855.9,0.0,62739,66493,53.33,Cost: 62739 & Capacity: 66493
0 - 1 - 3 - 4 - 6 - 7 - 10 - 12 - 13 - 19 - 20 - 22 - 24 - 26 - 27 - 28 - 30 - 31 - 32 - 33 - 39 - 40 - 42 - 43 - 44 - 45 - 48 - 49 - 50 - 56 - 58 - 59 - 64 - 69 - 70 - 74 - 79 - 82 - 83 - 85 - 86 - 90 - 92 - 93 - 95 - 98 - 100 - 103 - 104 - 105 - 106 - 107 - 111 - 112 - 113 - 117 - 121 - 122 - 124 - 125 - 126 - 127 - 128 - 134 - 135 - 136 - 137 - 142 - 145 - 147 - 149 - 152 - 154 - 156 - 157 - 161 - 164 - 165 - 167 - 168 - 169 - 170 - 171 - 172 - 176 - 177 - 180 - 181 - 184 - 189 - 193 - 194 - 195 - 198 - 202 - 203 - 205 - 206 - 208 - 209 - 210 - 211 - 212 - 214 - 216 - 224 - 225 - 226 - 227 - 229 - 230 - 233 - 234 - 235 - 236 - 237 - 240 - 241 - 244 - 245 - 246 - 249 - 251 - 254 - 255 - 259 - 261 - 264 - 265 - 266 - 267 - 269 - 270 - 272 - 275 - 279 - 280 - 281 - 282 - 285 - 291 - 296 - 297 - 298 - 300 - 304 - 308 - 309 - 310 - 314 - 317 - 319 - 320 - 325 - 328 - 329 - 331 - 332 - 335 - 337 - 341 - 344 - 346 - 352 - 353 - 355 - 356 - 357 - 362 - 365 - 370 - 374 - 385 - 387 - 388 - 389 - 390 - 391 - 392 - 394 - 395 - 397 - 399 - 401 - 403 - 405 - 406 - 407 - 408 - 411 - 413 - 417 - 418 - 423 - 426 - 428 - 430 - 434 - 436 - 438 - 439 - 442 - 443 - 445 - 446 - 448 - 449 - 451 - 453 - 458 - 459 - 460 - 463 - 464 - 465 - 466 - 468 - 469 - 470 - 471 - 472 - 476 - 477 - 479 - 480 - 481 - 482 - 483 - 484 - 485 - 486 - 487 - 488 - 489 - 490 - 492 - 493 - 494 - 497 - 498 - 499,14528855.9,0.0,62739,66493,54.97,Cost: 62739 & Capacity: 66493
6 - 7 - 11 - 23 - 24 - 30 - 31 - 33 - 41 - 44 - 45 - 50 - 57 - 59 - 61 - 62 - 70 - 78 - 83 - 89 - 95 - 100 - 108 - 109 - 118 - 125 - 126 - 144 - 148 - 149 - 153 - 154 - 156 - 163 - 176 - 186 - 187 - 189 - 190 - 193 - 195 - 197 - 206 - 209 - 211 - 214 - 219 - 227 - 233 - 234 - 235 - 237 - 240 - 248 - 249 - 251 - 254 - 255 - 260 - 264 - 275 - 288 - 292 - 297 - 299 - 307 - 311 - 320 - 324 - 327 - 331 - 332 - 335 - 337 - 339 - 344 - 355 - 357 - 361 - 362 - 366 - 369 - 370 - 375 - 377 - 381 - 389 - 394 - 397 - 400 - 410 - 411 - 413 - 424 - 428 - 433 - 434 - 436 - 440 - 443 - 445 - 447 - 448 - 456 - 462 - 465 - 472 - 473 - 474 - 475 - 480 - 484 - 491 - 492 - 493 - 496,3445561.6,20.5,62699,55658,55.09,Cost: 62699 & Capacity: 55658
0 - 6 - 7 - 11 - 24 - 30 - 31 - 33 - 34 - 44 - 45 - 50 - 57 - 59 - 61 - 70 - 78 - 83 - 85 - 89 - 104 - 108 - 109 - 113 - 118 - 125 - 126 - 144 - 148 - 149 - 153 - 154 - 156 - 163 - 176 - 186 - 189 - 192 - 193 - 194 - 195 - 197 - 203 - 206 - 209 - 211 - 219 - 227 - 232 - 233 - 234 - 237 - 240 - 248 - 249 - 251 - 254 - 260 - 264 - 271 - 288 - 299 - 305 - 307 - 311 - 320 - 324 - 325 - 327 - 331 - 332 - 335 - 337 - 344 - 349 - 355 - 357 - 359 - 362 - 369 - 370 - 374 - 375 - 381 - 386 - 394 - 397 - 400 - 410 - 411 - 413 - 416 - 419 - 420 - 424 - 428 - 432 - 434 - 435 - 440 - 443 - 445 - 448 - 462 - 465 - 472 - 473 - 474 - 475 - 480 - 484 - 491 - 492 - 493 - 496,3369445.7,20.8,62419,55005,55.12,Cost: 62419 & Capacity: 55005
0 - 4 - 6 - 8 - 10 - 14 - 17 - 20 - 22 - 26 - 27 - 28 - 30 - 31 - 34 - 37 - 38 - 39 - 40 - 44 - 45 - 47 - 48 - 50 - 56 - 58 - 64 - 69 - 70 - 74 - 79 - 82 - 83 - 92 - 93 - 95 - 98 - 99 - 100 - 102 - 103 - 105 - 106 - 107 - 109 - 112 - 114 - 117 - 121 - 122 - 125 - 126 - 128 - 134 - 135 - 136 - 137 - 145 - 149 - 152 - 154 - 155 - 156 - 162 - 163 - 164 - 165 - 167 - 169 - 175 - 176 - 180 - 181 - 184 - 192 - 193 - 198 - 201 - 205 - 206 - 209 - 211 - 215 - 216 - 221 - 225 - 226 - 227 - 229 - 231 - 233 - 234 - 235 - 237 - 245 - 249 - 250 - 251 - 254 - 256 - 259 - 264 - 265 - 267 - 272 - 289 - 291 - 296 - 297 - 307 - 308 - 309 - 315 - 316 - 317 - 319 - 328 - 329 - 331 - 332 - 335 - 337 - 341 - 344 - 347 - 348 - 352 - 356 - 361 - 362 - 365 - 370 - 387 - 391 - 392 - 395 - 397 - 401 - 403 - 407 - 411 - 413 - 415 - 416 - 417 - 423 - 424 - 427 - 428 - 429 - 434 - 438 - 439 - 442 - 443 - 446 - 449 - 450 - 454 - 456 - 465 - 471 - 472 - 475 - 479 - 481 - 482 - 483 - 485 - 486 - 487 - 488 - 489 - 490 - 494 - 499,7805461.4,7.5,62651,59795,55.31,Cost: 62651 & Capacity: 59795
0 - 1 - 3 - 4 - 6 - 7 - 10 - 12 - 13 - 19 - 20 - 22 - 24 - 26 - 27 - 28 - 30 - 31 - 32 - 33 - 39 - 40 - 42 - 43 - 44 - 45 - 48 - 49 - 50 - 56 - 58 - 59 - 64 - 69 - 70 - 74 - 79 - 82 - 83 - 85 - 86 - 90 - 92 - 93 - 95 - 98 - 100 - 103 - 104 - 105 - 106 - 107 - 111 - 112 - 113 - 117 - 121 - 122 - 124 - 125 - 126 - 127 - 128 - 134 - 135 - 136 - 137 - 142 - 145 - 147 - 149 - 152 - 154 - 156 - 157 - 161 - 164 - 165 - 167 - 168 - 169 - 170 - 171 - 172 - 176 - 177 - 180 - 181 - 184 - 189 - 193 - 194 - 195 - 198 - 202 - 203 - 205 - 206 - 208 - 209 - 210 - 211 - 212 - 214 - 216 - 224 - 225 - 226 - 227 - 229 - 230 - 233 - 234 - 235 - 236 - 237 - 240 - 241 - 244 - 245 - 246 - 249 - 251 - 254 - 255 - 259 - 261 - 264 - 265 - 266 - 267 - 269 - 270 - 272 - 275 - 279 - 280 - 281 - 282 - 285 - 291 - 296 - 297 - 298 - 300 - 304 - 308 - 309 - 310 - 314 - 317 - 319 - 320 - 325 - 328 - 329 - 331 - 332 - 335 - 337 - 341 - 344 - 346 - 352 - 353 - 355 - 356 - 357 - 362 - 365 - 370 - 374 - 385 - 387 - 388 - 389 - 390 - 391 - 392 - 394 - 395 - 397 - 399 - 401 - 403 - 405 - 406 - 407 - 408 - 411 - 413 - 417 - 418 - 423 - 426 - 428 - 430 - 434 - 436 - 438 - 439 - 442 - 443 - 445 - 446 - 448 - 449 - 451 - 453 - 458 - 459 - 460 - 463 - 464 - 465 - 466 - 468 - 469 - 470 - 471 - 472 - 476 - 477 - 479 - 480 - 481 - 482 - 483 - 484 - 485 - 486 - 487 - 488 - 489 - 490 - 492 - 493 - 494 - 497 - 498 - 499,14528855.9,0.0,62739,66493,55.96,Cost: 62739 & Capacity: 66493
0 - 1 - 3 - 4 - 6 - 7 - 10 - 12 - 13 - 19 - 20 - 22 - 24 - 26 - 27 - 28 - 30 - 31 - 32 - 33 - 39 - 40 - 42 - 43 - 44 - 45 - 48 - 49 - 50 - 56 - 58 - 59 - 64 - 69 - 70 - 74 - 79 - 82 - 83 - 85 - 86 - 90 - 92 - 93 - 95 - 98 - 100 - 103 - 104 - 105 - 106 - 107 - 111 - 112 - 113 - 117 - 121 - 122 - 124 - 125 - 126 - 127 - 128 - 134 - 135 - 136 - 137 - 142 - 145 - 147 - 149 - 152 - 154 - 156 - 157 - 161 - 164 - 165 - 167 - 168 - 169 - 170 - 171 - 172 - 176 - 177 - 180 - 181 - 184 - 189 - 193 - 194 - 195 - 198 - 202 - 203 - 205 - 206 - 208 - 209 - 210 - 211 - 212 - 214 - 216 - 224 - 225 - 226 - 227 - 229 - 230 - 233 - 234 - 235 - 236 - 237 - 240 - 241 - 244 - 245 - 246 - 249 - 251 - 254 - 255 - 259 - 261 - 264 - 265 - 266 - 267 - 269 - 270 - 272 - 275 - 279 - 280 - 281 - 282 - 285 - 291 - 296 - 297 - 298 - 300 - 304 - 308 - 309 - 310 - 314 - 317 - 319 - 320 - 325 - 328 - 329 - 331 - 332 - 335 - 337 - 341 - 344 - 346 - 352 - 353 - 355 - 356 - 357 - 362 - 365 - 370 - 374 - 385 - 387 - 388 - 389 - 390 - 391 - 392 - 394 - 395 - 397 - 399 - 401 - 403 - 405 - 406 - 407 - 408 - 411 - 413 - 417 - 418 - 423 - 426 - 428 - 430 - 434 - 436 - 438 - 439 - 442 - 443 - 445 - 446 - 448 - 449 - 451 - 453 - 458 - 459 - 460 - 463 - 464 - 465 - 466 - 468 - 469 - 470 - 471 - 472 - 476 - 477 - 479 - 480 - 481 - 482 - 483 - 484 - 485 - 486 - 487 - 488 - 489 - 490 - 492 - 493 - 494 - 497 - 498 - 499,14528855.9,0.0,62739,66493,58.1,Cost: 62739 & Capacity: 66493
0 - 1 - 4 - 6 - 8 - 10 - 12 - 13 - 14 - 20 - 22 - 23 - 26 - 27 - 28 - 30 - 31 - 33 - 35 - 39 - 40 - 41 - 42 - 44 - 45 - 47 - 48 - 49 - 50 - 56 - 58 - 64 - 69 - 70 - 72 - 74 - 79 - 82 - 83 - 85 - 92 - 93 - 95 - 98 - 99 - 100 - 104 - 105 - 106 - 107 - 112 - 113 - 117 - 121 - 122 - 125 - 126 - 128 - 132 - 135 - 136 - 145 - 147 - 152 - 154 - 163 - 164 - 165 - 167 - 168 - 170 - 172 - 175 - 176 - 180 - 181 - 184 - 189 - 192 - 193 - 194 - 195 - 198 - 201 - 203 - 205 - 206 - 208 - 209 - 210 - 211 - 212 - 216 - 221 - 225 - 229 - 230 - 233 - 234 - 235 - 236 - 237 - 240 - 241 - 244 - 245 - 248 - 249 - 250 - 251 - 254 - 255 - 259 - 264 - 265 - 266 - 267 - 269 - 270 - 272 - 275 - 280 - 282 - 289 - 291 - 296 - 297 - 304 - 307 - 308 - 309 - 310 - 314 - 317 - 319 - 325 - 328 - 329 - 331 - 335 - 337 - 339 - 341 - 344 - 346 - 347 - 351 - 352 - 355 - 356 - 357 - 362 - 365 - 370 - 374 - 376 - 385 - 387 - 389 - 391 - 392 - 394 - 395 - 397 - 399 - 400 - 401 - 403 - 405 - 406 - 407 - 408 - 413 - 415 - 416 - 417 - 423 - 428 - 434 - 438 - 442 - 443 - 445 - 446 - 448 - 449 - 450 - 453 - 454 - 456 - 458 - 460 - 464 - 465 - 470 - 471 - 472 - 478 - 479 - 481 - 482 - 483 - 485 - 486 - 487 - 488 - 489 - 490 - 494 - 499,11099934.4,2.7,62726,63012,58.65,Cost: 62726 & Capacity: 63012
0 - 1 - 3 - 4 - 6 - 7 - 10 - 12 - 13 - 19 - 20 - 22 - 24 - 26 - 27 - 28 - 30 - 31 - 32 - 33 - 39 - 40 - 42 - 43 - 44 - 45 - 48 - 49 - 50 - 56 - 58 - 59 - 64 - 69 - 70 - 74 - 79 - 82 - 83 - 85 - 86 - 90 - 92 - 93 - 95 - 98 - 100 - 103 - 104 - 105 - 106 - 107 - 111 - 112 - 113 - 117 - 121 - 122 - 124 - 125 - 126 - 127 - 128 - 134 - 135 - 136 - 137 - 142 - 145 - 147 - 149 - 152 - 154 - 156 - 157 - 161 - 164 - 165 - 167 - 168 - 169 - 170 - 171 - 172 - 176 - 177 - 180 - 181 - 184 - 189 - 193 - 194 - 195 - 198 - 202 - 203 - 205 - 206 - 208 - 209 - 210 - 211 - 212 - 214 - 216 - 224 - 225 - 226 - 227 - 229 - 230 - 233 - 234 - 235 - 236 - 237 - 240 - 241 - 244 - 245 - 246 - 249 - 251 - 254 - 255 - 259 - 261 - 264 - 265 - 266 - 267 - 269 - 270 - 272 - 275 - 279 - 280 - 281 - 282 - 285 - 291 - 296 - 297 - 298 - 300 - 304 - 308 - 309 - 310 - 314 - 317 - 319 - 320 - 325 - 328 - 329 - 331 - 332 - 335 - 337 - 341 - 344 - 346 - 352 - 353 - 355 - 356 - 357 - 362 - 365 - 370 - 374 - 385 - 387 - 388 - 389 - 390 - 391 - 392 - 394 - 395 - 397 - 399 - 401 - 403 - 405 - 406 - 407 - 408 - 411 - 413 - 417 - 418 - 423 - 426 - 428 - 430 - 434 - 436 - 438 - 439 - 442 - 443 - 445 - 446 - 448 - 449 - 451 - 453 - 458 - 459 - 460 - 463 - 464 - 465 - 466 - 468 - 469 - 470 - 471 - 472 - 476 - 477 - 479 - 480 - 481 - 482 - 483 - 484 - 485 - 486 - 487 - 488 - 489 - 490 - 492 - 493 - 494 - 497 - 498 - 499,14528855.9,0.0,62739,66493,59.69,Cost: 62739 & Capacity: 66493
0 - 1 - 3 - 4 - 6 - 7 - 10 - 12 - 13 - 19 - 20 - 22 - 24 - 26 - 27 - 28 - 30 - 31 - 32 - 33 - 39 - 40 - 42 - 43 - 44 - 45 - 48 - 49 - 50 - 56 - 58 - 59 - 64 - 69 - 70 - 74 - 79 - 82 - 83 - 85 - 86 - 90 - 92 - 93 - 95 - 98 - 100 - 103 - 104 - 105 - 106 - 107 - 111 - 112 - 113 - 117 - 121 - 122 - 124 - 125 - 126 - 127 - 128 - 134 - 135 - 136 - 137 - 142 - 145 - 147 - 149 - 152 - 154 - 156 - 157 - 161 - 164 - 165 - 167 - 168 - 169 - 170 - 171 - 172 - 176 - 177 - 180 - 181 - 184 - 189 - 193 - 194 - 195 - 198 - 202 - 203 - 205 - 206 - 208 - 209 - 210 - 211 - 212 - 214 - 216 - 224 - 225 - 226 - 227 - 229 - 230 - 233 - 234 - 235 - 236 - 237 - 240 - 241 - 244 - 245 - 246 - 249 - 251 - 254 - 255 - 259 - 261 - 264 - 265 - 266 - 267 - 269 - 270 - 272 - 275 - 279 - 280 - 281 - 282 - 285 - 291 - 296 - 297 - 298 - 300 - 304 - 308 - 309 - 310 - 314 - 317 - 319 - 320 - 325 - 328 - 329 - 331 - 332 - 335 - 337 - 341 - 344 - 346 - 352 - 353 - 355 - 356 - 357 - 362 - 365 - 370 - 374 - 385 - 387 - 388 - 389 - 390 - 391 - 392 - 394 - 395 - 397 - 399 - 401 - 403 - 405 - 406 - 407 - 408 - 411 - 413 - 417 - 418 - 423 - 426 - 428 - 430 - 434 - 436 - 438 - 439 - 442 - 443 - 445 - 446 - 448 - 449 - 451 - 453 - 458 - 459 - 460 - 463 - 464 - 465 - 466 - 468 - 469 - 470 - 471 - 472 - 476 - 477 - 479 - 480 - 481 - 482 - 483 - 484 - 485 - 486 - 487 - 488 - 489 - 490 - 492 - 493 - 494 - 497 - 498 - 499,14528855.9,0.0,62739,66493,59.93,Cost: 62739 & Capacity: 66493
0 - 1 - 3 - 4 - 6 - 7 - 10 - 12 - 13 - 19 - 20 - 22 - 24 - 26 - 27 - 28 - 30 - 31 - 32 - 33 - 39 - 42 - 43 - 44 - 45 - 48 - 49 - 50 - 56 - 58 - 59 - 64 - 69 - 70 - 74 - 79 - 82 - 83 - 85 - 86 - 90 - 92 - 93 - 95 - 98 - 100 - 103 - 104 - 105 - 106 - 107 - 111 - 112 - 113 - 117 - 121 - 122 - 124 - 125 - 126 - 127 - 128 - 134 - 135 - 136 - 137 - 142 - 145 - 147 - 149 - 152 - 154 - 157 - 161 - 164 - 165 - 167 - 168 - 169 - 170 - 171 - 172 - 176 - 177 - 180 - 181 - 184 - 187 - 189 - 193 - 194 - 195 - 198 - 202 - 203 - 205 - 206 - 208 - 209 - 210 - 211 - 212 - 214 - 216 - 224 - 225 - 226 - 227 - 229 - 230 - 233 - 234 - 235 - 236 - 237 - 240 - 241 - 244 - 245 - 246 - 249 - 251 - 254 - 255 - 259 - 261 - 264 - 265 - 266 - 267 - 269 - 270 - 272 - 275 - 279 - 280 - 281 - 282 - 285 - 291 - 296 - 297 - 298 - 300 - 304 - 308 - 309 - 310 - 314 - 317 - 319 - 320 - 325 - 328 - 329 - 331 - 332 - 335 - 337 - 339 - 341 - 344 - 346 - 352 - 353 - 355 - 356 - 357 - 362 - 365 - 370 - 374 - 385 - 387 - 388 - 389 - 390 - 391 - 392 - 394 - 395 - 397 - 399 - 401 - 403 - 405 - 406 - 407 - 408 - 411 - 413 - 417 - 418 - 423 - 426 - 428 - 430 - 434 - 436 - 438 - 439 - 442 - 443 - 445 - 446 - 448 - 449 - 451 - 453 - 458 - 459 - 460 - 463 - 464 - 465 - 466 - 468 - 469 - 470 - 471 - 472 - 476 - 477 - 479 - 480 - 481 - 482 - 483 - 484 - 485 - 486 - 487 - 488 - 489 - 490 - 492 - 493 - 494 - 497 - 498 - 499,14525785.2,0.0,62733,66816,60.22,Cost: 62733 & Capacity: 66816
0 - 1 - 3 - 4 - 6 - 7 - 10 - 12 - 13 - 19 - 20 - 22 - 24 - 26 - 27 - 28 - 30 - 31 - 32 - 33 - 39 - 42 - 43 - 44 - 45 - 48 - 49 - 50 - 56 - 58 - 59 - 64 - 69 - 70 - 74 - 79 - 82 - 83 - 85 - 86 - 90 - 92 - 93 - 95 - 98 - 100 - 103 - 104 - 105 - 106 - 107 - 111 - 112 - 113 - 117 - 121 - 122 - 124 - 125 - 126 - 127 - 128 - 134 - 135 - 136 - 137 - 142 - 145 - 147 - 149 - 152 - 154 - 156 - 157 - 161 - 164 - 165 - 167 - 168 - 169 - 170 - 171 - 172 - 176 - 177 - 180 - 181 - 184 - 187 - 189 - 193 - 194 - 195 - 198 - 202 - 203 - 205 - 206 - 208 - 209 - 210 - 211 - 212 - 214 - 216 - 224 - 225 - 226 - 227 - 229 - 230 - 233 - 234 - 235 - 236 - 237 - 240 - 241 - 244 - 245 - 246 - 249 - 251 - 254 - 255 - 259 - 261 - 264 - 265 - 266 - 267 - 268 - 269 - 270 - 272 - 275 - 279 - 280 - 281 - 282 - 285 - 291 - 296 - 297 - 298 - 300 - 304 - 308 - 309 - 310 - 314 - 317 - 319 - 320 - 325 - 328 - 329 - 331 - 332 - 335 - 337 - 341 - 344 - 346 - 352 - 353 - 355 - 356 - 357 - 362 - 365 - 370 - 374 - 385 - 387 - 388 - 389 - 390 - 391 - 392 - 394 - 395 - 397 - 399 - 401 - 403 - 405 - 406 - 407 - 408 - 411 - 413 - 418 - 423 - 426 - 428 - 430 - 434 - 436 - 438 - 439 - 442 - 443 - 445 - 446 - 448 - 449 - 451 - 453 - 458 - 459 - 460 - 463 - 464 - 465 - 466 - 468 - 469 - 470 - 471 - 472 - 476 - 477 - 479 - 480 - 481 - 482 - 483 - 484 - 485 - 486 - 487 - 488 - 489 - 490 - 492 - 494 - 497 - 498 - 499,14377470.7,0.0,62138,66070,61.75,Cost: 62138 & Capacity: 66070
0 - 1 - 3 - 4 - 6 - 7 - 10 - 12 - 13 - 19 - 20 - 22 - 24 - 26 - 27 - 28 - 30 - 31 - 32 - 33 - 39 - 40 - 42 - 43 - 44 - 45 - 48 - 49 - 50 - 56 - 58 - 59 - 64 - 69 - 70 - 74 - 79 - 82 - 83 - 85 - 86 - 90 - 92 - 93 - 95 - 98 - 100 - 103 - 104 - 105 - 106 - 107 - 111 - 112 - 113 - 117 - 121 - 122 - 124 - 125 - 126 - 127 - 128 - 134 - 135 - 136 - 137 - 142 - 145 - 147 - 149 - 152 - 154 - 156 - 157 - 161 - 164 - 165 - 167 - 168 - 169 - 170 - 171 - 172 - 176 - 177 - 180 - 181 - 184 - 187 - 189 - 193 - 194 - 195 - 198 - 202 - 203 - 205 - 206 - 208 - 209 - 210 - 211 - 212 - 214 - 216 - 224 - 225 - 226 - 227 - 229 - 230 - 233 - 234 - 235 - 236 - 237 - 240 - 241 - 244 - 245 - 246 - 249 - 251 - 254 - 255 - 259 - 261 - 265 - 266 - 267 - 269 - 270 - 272 - 275 - 279 - 280 - 281 - 282 - 285 - 291 - 296 - 297 - 298 - 300 - 304 - 308 - 309 - 310 - 314 - 317 - 319 - 320 - 325 - 328 - 329 - 331 - 332 - 335 - 337 - 339 - 341 - 344 - 346 - 352 - 353 - 355 - 356 - 357 - 362 - 365 - 370 - 374 - 385 - 387 - 388 - 389 - 390 - 391 - 392 - 394 - 395 - 397 - 399 - 401 - 403 - 405 - 406 - 407 - 408 - 411 - 413 - 417 - 418 - 423 - 426 - 428 - 430 - 434 - 436 - 438 - 439 - 442 - 443 - 445 - 446 - 448 - 449 - 451 - 453 - 458 - 459 - 460 - 463 - 464 - 465 - 466 - 468 - 469 - 470 - 471 - 476 - 477 - 479 - 480 - 481 - 482 - 483 - 484 - 485 - 486 - 487 - 488 - 489 - 490 - 492 - 493 - 494 - 497 - 498 - 499,14538638.4,0.0,62741,66446,62.13,Cost: 62741 & Capacity: 66446
0 - 1 - 4 - 6 - 8 - 10 - 12 - 13 - 14 - 19 - 20 - 23 - 24 - 27 - 28 - 30 - 31 - 32 - 39 - 40 - 41 - 42 - 44 - 45 - 47 - 48 - 49 - 56 - 58 - 59 - 64 - 69 - 70 - 74 - 79 - 82 - 83 - 85 - 90 - 92 - 93 - 95 - 98 - 99 - 100 - 103 - 104 - 105 - 106 - 107 - 112 - 113 - 117 - 121 - 122 - 125 - 126 - 127 - 128 - 134 - 135 - 136 - 137 - 142 - 145 - 147 - 149 - 151 - 152 - 154 - 157 - 164 - 165 - 170 - 171 - 172 - 174 - 175 - 176 - 179 - 180 - 181 - 184 - 193 - 194 - 195 - 198 - 201 - 203 - 205 - 206 - 209 - 210 - 211 - 212 - 215 - 216 - 225 - 229 - 230 - 233 - 234 - 235 - 236 - 237 - 240 - 241 - 243 - 245 - 246 - 248 - 249 - 251 - 254 - 255 - 261 - 265 - 266 - 267 - 269 - 270 - 272 - 275 - 279 - 280 - 281 - 282 - 285 - 289 - 291 - 296 - 297 - 298 - 304 - 308 - 309 - 310 - 314 - 317 - 319 - 320 - 325 - 327 - 328 - 329 - 330 - 331 - 332 - 335 - 337 - 339 - 341 - 344 - 346 - 351 - 352 - 353 - 355 - 356 - 357 - 359 - 362 - 365 - 370 - 374 - 387 - 388 - 389 - 390 - 391 - 392 - 394 - 395 - 397 - 399 - 400 - 401 - 403 - 405 - 406 - 407 - 408 - 411 - 413 - 417 - 418 - 423 - 428 - 434 - 439 - 442 - 443 - 445 - 446 - 448 - 449 - 450 - 451 - 453 - 458 - 459 - 460 - 463 - 465 - 466 - 470 - 471 - 479 - 480 - 481 - 482 - 483 - 484 - 485 - 486 - 488 - 489 - 490 - 492 - 493 - 497 - 498 - 499,12613548.7,0.8,62729,63823,63.28,Cost: 62729 & Capacity: 63823
0 - 1 - 3 - 4 - 6 - 7 - 10 - 12 - 13 - 19 - 20 - 22 - 24 - 26 - 27 - 28 - 30 - 31 - 32 - 33 - 39 - 40 - 42 - 43 - 44 - 45 - 48 - 49 - 50 - 56 - 58 - 59 - 64 - 69 - 70 - 74 - 79 - 82 - 83 - 85 - 86 - 90 - 92 - 93 - 95 - 98 - 100 - 103 - 104 - 105 - 106 - 107 - 111 - 112 - 113 - 117 - 121 - 122 - 124 - 125 - 126 - 127 - 128 - 134 - 135 - 136 - 137 - 142 - 145 - 147 - 149 - 152 - 154 - 156 - 157 - 161 - 164 - 165 - 167 - 168 - 169 - 170 - 171 - 172 - 176 - 177 - 180 - 181 - 184 - 189 - 193 - 194 - 195 - 198 - 202 - 203 - 205 - 206 - 208 - 209 - 210 - 211 - 212 - 214 - 216 - 224 - 225 - 226 - 227 - 229 - 230 - 233 - 234 - 235 - 236 - 237 - 240 - 241 - 244 - 245 - 246 - 249 - 251 - 254 - 255 - 259 - 261 - 264 - 265 - 266 - 267 - 269 - 270 - 272 - 275 - 279 - 280 - 281 - 282 - 285 - 291 - 296 - 297 - 298 - 300 - 304 - 308 - 309 - 310 - 314 - 317 - 319 - 320 - 325 - 328 - 329 - 331 - 332 - 335 - 337 - 341 - 344 - 346 - 352 - 353 - 355 - 356 - 357 - 362 - 365 - 370 - 374 - 385 - 387 - 388 - 389 - 390 - 391 - 392 - 394 - 395 - 397 - 399 - 401 - 403 - 405 - 406 - 407 - 408 - 411 - 413 - 417 - 418 - 423 - 426 - 428 - 430 - 434 - 436 - 438 - 439 - 442 - 443 - 445 - 446 - 448 - 449 - 451 - 453 - 458 - 459 - 460 - 463 - 464 - 465 - 466 - 468 - 469 - 470 - 471 - 472 - 476 - 477 - 479 - 480 - 481 - 482 - 483 - 484 - 485 - 486 - 487 - 488 - 489 - 490 - 492 - 493 - 494 - 497 - 498 - 499,14528855.9,0.0,62739,66493,65.11,Cost: 62739 & Capacity: 66493
0 - 1 - 3 - 4 - 6 - 7 - 10 - 12 - 13 - 19 - 20 - 22 - 24 - 26 - 27 - 28 - 30 - 31 - 32 - 33 - 39 - 42 - 43 - 44 - 45 - 48 - 49 - 50 - 56 - 58 - 59 - 64 - 69 - 70 - 74 - 79 - 82 - 83 - 85 - 86 - 90 - 92 - 93 - 95 - 98 - 100 - 103 - 104 - 105 - 106 - 107 - 111 - 112 - 113 - 117 - 121 - 122 - 124 - 125 - 126 - 127 - 128 - 134 - 135 - 136 - 137 - 142 - 145 - 147 - 149 - 152 - 154 - 156 - 157 - 161 - 164 - 165 - 167 - 168 - 169 - 170 - 171 - 172 - 176 - 177 - 180 - 181 - 184 - 187 - 189 - 193 - 194 - 195 - 198 - 202 - 203 - 205 - 206 - 208 - 209 - 210 - 211 - 212 - 214 - 216 - 224 - 225 - 226 - 227 - 229 - 230 - 233 - 234 - 235 - 236 - 237 - 240 - 241 - 244 - 245 - 246 - 249 - 251 - 254 - 255 - 259 - 261 - 264 - 265 - 266 - 267 - 268 - 269 - 270 - 272 - 275 - 279 - 280 - 281 - 282 - 285 - 291 - 296 - 297 - 298 - 300 - 304 - 308 - 309 - 310 - 314 - 317 - 319 - 320 - 325 - 328 - 329 - 331 - 332 - 335 - 337 - 341 - 344 - 346 - 352 - 353 - 355 - 356 - 357 - 362 - 365 - 370 - 374 - 385 - 387 - 388 - 389 - 390 - 391 - 392 - 394 - 395 - 397 - 399 - 401 - 403 - 405 - 406 - 407 - 408 - 411 - 413 - 418 - 423 - 426 - 428 - 430 - 434 - 436 - 438 - 439 - 442 - 443 - 445 - 446 - 448 - 449 - 451 - 453 - 458 - 459 - 460 - 463 - 464 - 465 - 466 - 468 - 469 - 470 - 471 - 476 - 477 - 479 - 480 - 481 - 482 - 483 - 484 - 485 - 486 - 487 - 488 - 489 - 490 - 492 - 494 - 497 - 498 - 499,14261559.7,0.0,61613,65266,65.07,Cost: 61613 & Capacity: 65266
0 - 1 - 3 - 4 - 6 - 7 - 10 - 12 - 13 - 19 - 20 - 22 - 24 - 26 - 27 - 28 - 30 - 31 - 32 - 33 - 39 - 42 - 43 - 44 - 45 - 48 - 49 - 50 - 56 - 58 - 59 - 64 - 69 - 70 - 74 - 79 - 82 - 83 - 85 - 86 - 90 - 92 - 93 - 95 - 98 - 100 - 103 - 104 - 105 - 106 - 107 - 111 - 112 - 113 - 117 - 121 - 122 - 124 - 125 - 126 - 127 - 128 - 134 - 135 - 136 - 137 - 142 - 145 - 147 - 149 - 152 - 154 - 156 - 157 - 161 - 164 - 165 - 167 - 168 - 169 - 170 - 171 - 172 - 176 - 177 - 180 - 181 - 184 - 187 - 189 - 193 - 194 - 195 - 198 - 202 - 203 - 205 - 206 - 208 - 209 - 210 - 211 - 212 - 214 - 216 - 224 - 225 - 226 - 227 - 229 - 230 - 233 - 234 - 235 - 236 - 237 - 240 - 241 - 244 - 245 - 246 - 249 - 251 - 254 - 255 - 259 - 261 - 264 - 265 - 266 - 267 - 268 - 269 - 270 - 272 - 275 - 279 - 280 - 281 - 282 - 285 - 291 - 296 - 297 - 298 - 300 - 304 - 308 - 309 - 310 - 314 - 317 - 319 - 320 - 325 - 328 - 329 - 331 - 332 - 335 - 337 - 341 - 344 - 346 - 352 - 353 - 355 - 356 - 357 - 362 - 365 - 370 - 374 - 385 - 387 - 388 - 389 - 390 - 391 - 392 - 394 - 395 - 397 - 399 - 401 - 403 - 405 - 406 - 407 - 408 - 411 - 413 - 418 - 423 - 426 - 428 - 430 - 434 - 436 - 438 - 439 - 442 - 443 - 445 - 446 - 448 - 449 - 451 - 453 - 458 - 459 - 460 - 463 - 464 - 465 - 466 - 468 - 469 - 470 - 471 - 472 - 476 - 477 - 479 - 480 - 481 - 482 - 483 - 484 - 485 - 486 - 487 - 488 - 489 - 490 - 492 - 494 - 497 - 498 - 499,14377470.7,0.0,62138,66070,65.07,Cost: 62138 & Capacity: 66070
0 - 4 - 6 - 10 - 15 - 22 - 27 - 31 - 33 - 34 - 41 - 44 - 45 - 47 - 49 - 50 - 56 - 61 - 64 - 70 - 74 - 79 - 83 - 85 - 87 - 95 - 100 - 102 - 103 - 104 - 105 - 108 - 112 - 113 - 116 - 117 - 121 - 122 - 125 - 136 - 143 - 148 - 149 - 152 - 154 - 164 - 171 - 172 - 175 - 176 - 179 - 180 - 181 - 182 - 184 - 185 - 186 - 192 - 193 - 195 - 203 - 204 - 205 - 206 - 209 - 215 - 216 - 217 - 225 - 229 - 233 - 234 - 235 - 236 - 241 - 242 - 243 - 245 - 249 - 250 - 252 - 253 - 254 - 264 - 267 - 268 - 275 - 281 - 296 - 297 - 300 - 307 - 309 - 313 - 315 - 318 - 319 - 320 - 332 - 335 - 341 - 344 - 347 - 348 - 354 - 356 - 361 - 362 - 370 - 387 - 389 - 390 - 391 - 392 - 397 - 400 - 403 - 405 - 407 - 409 - 411 - 413 - 415 - 417 - 418 - 421 - 428 - 434 - 438 - 439 - 442 - 443 - 444 - 446 - 448 - 450 - 454 - 458 - 465 - 471 - 472 - 475 - 478 - 481 - 482 - 483 - 485 - 488 - 489 - 494 - 496 - 499,5879691.9,10.8,62657,55694,69.27,Cost: 62657 & Capacity: 55694
4 - 6 - 8 - 10 - 13 - 15 - 19 - 21 - 22 - 27 - 33 - 38 - 41 - 44 - 45 - 50 - 56 - 61 - 64 - 70 - 72 - 79 - 83 - 85 - 95 - 100 - 104 - 105 - 108 - 112 - 113 - 117 - 121 - 122 - 125 - 136 - 143 - 146 - 148 - 149 - 152 - 154 - 172 - 175 - 176 - 179 - 180 - 181 - 182 - 184 - 185 - 189 - 192 - 193 - 195 - 198 - 202 - 203 - 204 - 205 - 206 - 209 - 216 - 217 - 226 - 229 - 233 - 235 - 236 - 241 - 242 - 243 - 245 - 250 - 252 - 254 - 264 - 267 - 268 - 275 - 279 - 281 - 296 - 297 - 300 - 307 - 309 - 313 - 315 - 318 - 319 - 320 - 332 - 335 - 338 - 339 - 341 - 343 - 344 - 347 - 355 - 356 - 361 - 362 - 370 - 387 - 389 - 390 - 391 - 392 - 397 - 400 - 403 - 407 - 409 - 411 - 413 - 415 - 417 - 418 - 421 - 424 - 428 - 434 - 438 - 439 - 441 - 442 - 443 - 444 - 446 - 448 - 450 - 454 - 456 - 458 - 465 - 466 - 471 - 472 - 475 - 478 - 482 - 483 - 485 - 488 - 494 - 495 - 496 - 499,5713071.4,12.8,62675,58447,69.31,Cost: 62675 & Capacity: 58447
0 - 1 - 3 - 4 - 6 - 7 - 10 - 12 - 13 - 19 - 20 - 22 - 24 - 26 - 27 - 28 - 30 - 31 - 32 - 33 - 39 - 42 - 43 - 44 - 45 - 48 - 49 - 50 - 56 - 58 - 59 - 64 - 69 - 70 - 74 - 79 - 82 - 83 - 85 - 86 - 90 - 92 - 93 - 95 - 98 - 100 - 103 - 104 - 105 - 106 - 107 - 111 - 112 - 113 - 117 - 121 - 122 - 124 - 125 - 126 - 127 - 128 - 134 - 135 - 136 - 137 - 142 - 145 - 147 - 149 - 152 - 154 - 156 - 157 - 161 - 164 - 165 - 167 - 168 - 169 - 170 - 171 - 172 - 176 - 177 - 180 - 181 - 184 - 187 - 189 - 193 - 194 - 195 - 198 - 202 - 203 - 205 - 206 - 208 - 209 - 210 - 211 - 212 - 214 - 216 - 224 - 225 - 226 - 227 - 229 - 230 - 233 - 234 - 235 - 236 - 237 - 240 - 241 - 244 - 245 - 246 - 249 - 251 - 254 - 255 - 259 - 261 - 264 - 265 - 266 - 267 - 269 - 270 - 272 - 275 - 279 - 280 - 281 - 282 - 285 - 291 - 296 - 297 - 298 - 300 - 304 - 308 - 309 - 310 - 314 - 317 - 319 - 320 - 325 - 328 - 329 - 331 - 332 - 335 - 337 - 341 - 344 - 346 - 352 - 353 - 355 - 356 - 357 - 362 - 365 - 370 - 374 - 385 - 387 - 388 - 389 - 390 - 391 - 392 - 394 - 395 - 397 - 399 - 401 - 403 - 405 - 406 - 407 - 408 - 411 - 413 - 418 - 423 - 426 - 428 - 430 - 434 - 436 - 438 - 439 - 442 - 443 - 445 - 446 - 448 - 449 - 451 - 453 - 458 - 459 - 460 - 463 - 464 - 465 - 466 - 468 - 469 - 470 - 471 - 476 - 477 - 479 - 480 - 481 - 483 - 484 - 485 - 486 - 487 - 488 - 489 - 490 - 492 - 494 - 497 - 498 - 499,14019291.9,0.0,60581,64195,69.92,Cost: 60581 & Capacity: 64195
0 - 1 - 3 - 4 - 6 - 7 - 10 - 12 - 13 - 19 - 20 - 22 - 24 - 26 - 27 - 28 - 30 - 31 - 32 - 33 - 39 - 42 - 43 - 44 - 45 - 48 - 49 - 50 - 56 - 58 - 59 - 64 - 69 - 70 - 74 - 79 - 82 - 83 - 85 - 86 - 90 - 92 - 93 - 95 - 98 - 100 - 103 - 104 - 105 - 106 - 107 - 111 - 112 - 113 - 117 - 121 - 122 - 124 - 125 - 126 - 127 - 128 - 134 - 135 - 136 - 137 - 142 - 145 - 147 - 149 - 152 - 154 - 156 - 157 - 161 - 164 - 165 - 167 - 168 - 169 - 170 - 171 - 172 - 176 - 177 - 179 - 180 - 181 - 184 - 187 - 189 - 193 - 194 - 195 - 198 - 202 - 203 - 205 - 206 - 208 - 209 - 210 - 211 - 212 - 214 - 216 - 224 - 225 - 226 - 227 - 229 - 230 - 233 - 234 - 235 - 236 - 237 - 240 - 241 - 244 - 245 - 246 - 249 - 251 - 254 - 255 - 259 - 261 - 264 - 265 - 266 - 267 - 268 - 269 - 270 - 272 - 275 - 279 - 280 - 281 - 282 - 285 - 291 - 296 - 297 - 298 - 300 - 304 - 308 - 309 - 310 - 314 - 317 - 319 - 320 - 325 - 328 - 329 - 331 - 332 - 335 - 337 - 341 - 344 - 346 - 352 - 353 - 355 - 356 - 357 - 362 - 365 - 370 - 374 - 385 - 387 - 388 - 389 - 390 - 391 - 392 - 394 - 395 - 397 - 399 - 401 - 403 - 405 - 406 - 407 - 408 - 411 - 413 - 418 - 423 - 426 - 428 - 430 - 434 - 436 - 438 - 439 - 442 - 443 - 445 - 446 - 448 - 449 - 451 - 453 - 458 - 459 - 460 - 463 - 464 - 465 - 466 - 468 - 469 - 470 - 471 - 476 - 477 - 479 - 480 - 481 - 482 - 483 - 484 - 485 - 486 - 487 - 488 - 489 - 490 - 492 - 494 - 497 - 498 - 499,14381822.5,0.0,62145,65827,69.92,Cost: 62145 & Capacity: 65827
0 - 1 - 3 - 4 - 6 - 7 - 10 - 12 - 13 - 19 - 20 - 22 - 24 - 26 - 27 - 28 - 30 - 31 - 32 - 33 - 39 - 42 - 43 - 44 - 45 - 48 - 49 - 50 - 56 - 58 - 59 - 64 - 69 - 70 - 74 - 79 - 82 - 83 - 85 - 86 - 90 - 92 - 93 - 95 - 98 - 100 - 103 - 104 - 105 - 106 - 107 - 111 - 112 - 113 - 117 - 121 - 122 - 124 - 125 - 126 - 127 - 128 - 134 - 135 - 136 - 137 - 142 - 145 - 147 - 149 - 152 - 154 - 157 - 161 - 164 - 165 - 167 - 168 - 169 - 170 - 171 - 172 - 176 - 177 - 180 - 181 - 184 - 187 - 189 - 193 - 194 - 195 - 198 - 202 - 203 - 205 - 206 - 208 - 209 - 210 - 211 - 212 - 214 - 216 - 224 - 225 - 226 - 227 - 229 - 230 - 233 - 234 - 235 - 236 - 237 - 240 - 241 - 244 - 245 - 246 - 249 - 251 - 254 - 255 - 259 - 261 - 264 - 265 - 266 - 267 - 269 - 270 - 272 - 275 - 279 - 280 - 281 - 282 - 285 - 291 - 296 - 297 - 298 - 300 - 304 - 308 - 309 - 310 - 314 - 317 - 319 - 320 - 325 - 328 - 329 - 331 - 332 - 335 - 337 - 339 - 341 - 344 - 346 - 352 - 353 - 355 - 356 - 357 - 362 - 365 - 370 - 374 - 385 - 387 - 388 - 389 - 390 - 391 - 392 - 394 - 395 - 397 - 399 - 401 - 403 - 405 - 406 - 407 - 408 - 411 - 413 - 417 - 418 - 423 - 426 - 428 - 430 - 434 - 436 - 438 - 439 - 442 - 443 - 445 - 446 - 448 - 449 - 451 - 453 - 458 - 459 - 460 - 463 - 464 - 465 - 466 - 468 - 469 - 470 - 471 - 472 - 476 - 477 - 479 - 480 - 481 - 482 - 483 - 484 - 485 - 486 - 487 - 488 - 489 - 490 - 492 - 493 - 494 - 497 - 498 - 499,14525785.2,0.0,62733,66816,70.0,Cost: 62733 & Capacity: 66816
1 - 4 - 5 - 6 - 7 - 9 - 15 - 21 - 22 - 33 - 35 - 37 - 41 - 44 - 46 - 48 - 50 - 61 - 64 - 70 - 79 - 85 - 86 - 95 - 96 - 100 - 103 - 108 - 112 - 113 - 126 - 134 - 147 - 151 - 163 - 169 - 171 - 175 - 176 - 185 - 186 - 193 - 194 - 195 - 204 - 205 - 206 - 208 - 212 - 215 - 216 - 229 - 230 - 234 - 243 - 244 - 245 - 248 - 251 - 254 - 257 - 267 - 275 - 297 - 301 - 304 - 307 - 308 - 315 - 319 - 320 - 323 - 328 - 330 - 332 - 333 - 334 - 335 - 337 - 339 - 343 - 346 - 347 - 359 - 370 - 373 - 374 - 376 - 379 - 387 - 390 - 391 - 396 - 397 - 400 - 405 - 408 - 413 - 421 - 425 - 426 - 428 - 429 - 431 - 432 - 437 - 439 - 443 - 444 - 448 - 449 - 455 - 456 - 458 - 464 - 465 - 469 - 471 - 473 - 475 - 480 - 481 - 482 - 484 - 486 - 487 - 488 - 490 - 496 - 498,4315242.0,17.2,62725,54256,70.31,Cost: 62725 & Capacity: 54256
0 - 1 - 3 - 4 - 6 - 7 - 10 - 12 - 13 - 19 - 20 - 22 - 24 - 26 - 27 - 28 - 30 - 31 - 32 - 33 - 39 - 40 - 42 - 43 - 44 - 45 - 48 - 49 - 50 - 56 - 58 - 59 - 64 - 69 - 70 - 74 - 79 - 82 - 83 - 85 - 86 - 90 - 92 - 93 - 95 - 98 - 100 - 103 - 104 - 105 - 106 - 107 - 111 - 112 - 113 - 117 - 121 - 122 - 124 - 125 - 126 - 127 - 128 - 134 - 135 - 136 - 137 - 142 - 145 - 147 - 149 - 152 - 154 - 156 - 157 - 161 - 164 - 165 - 167 - 168 - 169 - 170 - 171 - 172 - 176 - 177 - 180 - 181 - 184 - 189 - 193 - 194 - 195 - 198 - 202 - 203 - 205 - 206 - 208 - 209 - 210 - 211 - 212 - 214 - 216 - 224 - 225 - 226 - 227 - 229 - 230 - 233 - 234 - 235 - 236 - 237 - 240 - 241 - 244 - 245 - 246 - 249 - 251 - 254 - 255 - 259 - 261 - 264 - 265 - 266 - 267 - 269 - 270 - 272 - 275 - 279 - 280 - 281 - 282 - 285 - 291 - 296 - 297 - 298 - 300 - 304 - 308 - 309 - 310 - 314 - 317 - 319 - 320 - 325 - 328 - 329 - 331 - 332 - 335 - 337 - 341 - 344 - 346 - 352 - 353 - 355 - 356 - 357 - 362 - 365 - 370 - 374 - 385 - 387 - 388 - 389 - 390 - 391 - 392 - 394 - 395 - 397 - 399 - 401 - 403 - 405 - 406 - 407 - 408 - 411 - 413 - 417 - 418 - 423 - 426 - 428 - 430 - 434 - 436 - 438 - 439 - 442 - 443 - 445 - 446 - 448 - 449 - 451 - 453 - 458 - 459 - 460 - 463 - 464 - 465 - 466 - 468 - 469 - 470 - 471 - 472 - 476 - 477 - 479 - 480 - 481 - 482 - 483 - 484 - 485 - 486 - 487 - 488 - 489 - 490 - 492 - 493 - 494 - 497 - 498 - 499,14528855.9,0.0,62739,66493,70.58,Cost: 62739 & Capacity: 66493
1 - 7 - 9 - 12 - 14 - 29 - 31 - 34 - 43 - 44 - 53 - 55 - 60 - 62 - 64 - 72 - 82 - 85 - 87 - 89 - 96 - 99 - 105 - 113 - 122 - 130 - 132 - 133 - 135 - 136 - 143 - 144 - 147 - 157 - 162 - 164 - 170 - 173 - 176 - 182 - 183 - 186 - 189 - 195 - 199 - 205 - 222 - 236 - 238 - 241 - 243 - 252 - 257 - 263 - 268 - 272 - 278 - 281 - 298 - 299 - 302 - 303 - 305 - 307 - 309 - 329 - 330 - 338 - 343 - 351 - 359 - 368 - 370 - 371 - 374 - 385 - 393 - 394 - 396 - 401 - 406 - 412 - 414 - 417 - 428 - 432 - 434 - 444 - 451 - 452 - 459 - 460 - 470 - 476 - 488 - 491 - 492,2450878.3,28.2,61547,49667,72.05,Cost: 61547 & Capacity: 49667
0 - 6 - 8 - 13 - 15 - 19 - 20 - 21 - 22 - 27 - 28 - 34 - 39 - 40 - 41 - 45 - 46 - 47 - 48 - 50 - 56 - 58 - 59 - 61 - 64 - 72 - 74 - 76 - 82 - 83 - 85 - 100 - 103 - 104 - 107 - 111 - 112 - 117 - 125 - 126 - 132 - 136 - 139 - 142 - 149 - 152 - 153 - 154 - 163 - 165 - 167 - 171 - 173 - 175 - 176 - 180 - 181 - 184 - 193 - 194 - 195 - 198 - 203 - 205 - 206 - 209 - 215 - 216 - 225 - 233 - 234 - 235 - 241 - 243 - 246 - 249 - 252 - 254 - 255 - 256 - 257 - 264 - 267 - 268 - 269 - 272 - 277 - 292 - 297 - 299 - 300 - 307 - 308 - 309 - 315 - 317 - 319 - 323 - 329 - 331 - 332 - 335 - 338 - 339 - 341 - 342 - 344 - 346 - 352 - 353 - 361 - 365 - 370 - 379 - 387 - 389 - 392 - 397 - 400 - 403 - 407 - 411 - 413 - 415 - 416 - 417 - 420 - 422 - 423 - 424 - 428 - 434 - 443 - 445 - 446 - 448 - 453 - 454 - 458 - 465 - 466 - 470 - 471 - 475 - 476 - 478 - 479 - 482 - 483 - 484 - 485 - 486 - 487 - 488 - 489 - 490 - 496 - 499,6342156.2,10.0,62720,58618,72.15,Cost: 62720 & Capacity: 58618
0 - 1 - 3 - 4 - 6 - 7 - 8 - 10 - 12 - 13 - 14 - 20 - 22 - 23 - 24 - 26 - 27 - 28 - 30 - 31 - 32 - 33 - 39 - 40 - 42 - 44 - 45 - 48 - 49 - 50 - 56 - 58 - 59 - 64 - 69 - 70 - 74 - 79 - 82 - 83 - 85 - 86 - 90 - 92 - 93 - 95 - 98 - 100 - 104 - 105 - 106 - 107 - 111 - 112 - 113 - 117 - 121 - 122 - 125 - 126 - 128 - 134 - 135 - 136 - 137 - 142 - 145 - 147 - 149 - 152 - 154 - 157 - 164 - 165 - 167 - 168 - 169 - 170 - 171 - 172 - 176 - 177 - 180 - 181 - 184 - 187 - 189 - 192 - 193 - 194 - 195 - 198 - 202 - 203 - 205 - 206 - 208 - 209 - 210 - 211 - 212 - 216 - 224 - 225 - 226 - 229 - 230 - 233 - 234 - 235 - 236 - 237 - 240 - 241 - 245 - 246 - 248 - 249 - 251 - 254 - 255 - 259 - 261 - 264 - 265 - 266 - 267 - 269 - 270 - 272 - 275 - 279 - 280 - 281 - 282 - 285 - 289 - 291 - 296 - 297 - 298 - 304 - 308 - 309 - 310 - 314 - 317 - 319 - 320 - 325 - 328 - 329 - 331 - 332 - 335 - 337 - 339 - 341 - 344 - 346 - 352 - 355 - 356 - 357 - 359 - 362 - 365 - 370 - 374 - 385 - 387 - 388 - 389 - 390 - 391 - 392 - 394 - 395 - 397 - 399 - 401 - 403 - 405 - 406 - 407 - 408 - 411 - 413 - 416 - 417 - 418 - 423 - 428 - 434 - 436 - 438 - 439 - 442 - 443 - 445 - 446 - 448 - 449 - 451 - 453 - 458 - 459 - 460 - 463 - 464 - 465 - 466 - 468 - 470 - 471 - 472 - 476 - 477 - 478 - 479 - 480 - 481 - 482 - 483 - 484 - 485 - 486 - 487 - 488 - 489 - 490 - 492 - 493 - 494 - 498 - 499,13968347.0,0.6,62737,66880,73.78,Cost: 62737 & Capacity: 66880
0 - 1 - 3 - 4 - 6 - 8 - 10 - 12 - 17 - 19 - 20 - 22 - 23 - 27 - 30 - 31 - 33 - 38 - 39 - 40 - 41 - 44 - 45 - 47 - 48 - 58 - 70 - 75 - 79 - 83 - 85 - 86 - 90 - 95 - 98 - 100 - 103 - 104 - 105 - 106 - 107 - 112 - 117 - 121 - 125 - 126 - 127 - 134 - 135 - 136 - 137 - 142 - 145 - 147 - 149 - 152 - 153 - 154 - 156 - 164 - 165 - 171 - 172 - 174 - 175 - 176 - 181 - 184 - 192 - 194 - 195 - 198 - 202 - 203 - 204 - 205 - 206 - 211 - 212 - 214 - 215 - 216 - 225 - 229 - 230 - 233 - 234 - 236 - 237 - 241 - 244 - 245 - 248 - 249 - 250 - 251 - 253 - 254 - 259 - 265 - 267 - 272 - 275 - 278 - 280 - 282 - 285 - 289 - 291 - 297 - 304 - 308 - 309 - 310 - 315 - 319 - 320 - 324 - 325 - 328 - 329 - 332 - 335 - 337 - 339 - 341 - 344 - 346 - 351 - 352 - 355 - 356 - 359 - 362 - 365 - 370 - 374 - 387 - 389 - 391 - 392 - 396 - 397 - 401 - 403 - 407 - 408 - 410 - 413 - 415 - 417 - 418 - 423 - 426 - 427 - 428 - 434 - 438 - 439 - 441 - 442 - 443 - 445 - 446 - 448 - 449 - 450 - 454 - 458 - 463 - 465 - 470 - 471 - 472 - 475 - 479 - 480 - 481 - 482 - 484 - 486 - 487 - 488 - 489 - 490 - 494 - 495 - 498 - 499,9089897.8,4.3,62726,61803,76.15,Cost: 62726 & Capacity: 61803
0 - 4 - 6 - 8 - 10 - 12 - 13 - 20 - 22 - 23 - 24 - 26 - 27 - 28 - 30 - 31 - 33 - 39 - 40 - 41 - 42 - 44 - 45 - 47 - 48 - 49 - 50 - 56 - 58 - 64 - 69 - 70 - 74 - 79 - 81 - 82 - 83 - 85 - 90 - 92 - 93 - 95 - 98 - 100 - 104 - 105 - 106 - 107 - 112 - 113 - 117 - 121 - 122 - 125 - 126 - 128 - 134 - 136 - 145 - 147 - 149 - 152 - 154 - 157 - 164 - 165 - 167 - 168 - 169 - 170 - 171 - 172 - 174 - 175 - 176 - 180 - 181 - 184 - 189 - 192 - 193 - 194 - 195 - 198 - 201 - 203 - 205 - 206 - 208 - 209 - 210 - 211 - 212 - 216 - 225 - 227 - 229 - 230 - 233 - 234 - 235 - 236 - 237 - 240 - 241 - 244 - 245 - 246 - 248 - 249 - 250 - 251 - 254 - 255 - 259 - 261 - 265 - 266 - 267 - 270 - 272 - 275 - 279 - 280 - 281 - 282 - 285 - 289 - 291 - 296 - 297 - 298 - 304 - 308 - 309 - 310 - 314 - 317 - 319 - 320 - 325 - 328 - 329 - 330 - 331 - 332 - 335 - 337 - 341 - 344 - 346 - 351 - 352 - 355 - 356 - 357 - 362 - 365 - 370 - 374 - 385 - 387 - 388 - 390 - 391 - 392 - 394 - 395 - 397 - 399 - 400 - 401 - 403 - 405 - 406 - 407 - 408 - 413 - 416 - 417 - 418 - 423 - 428 - 434 - 438 - 439 - 442 - 443 - 445 - 446 - 448 - 449 - 450 - 451 - 453 - 454 - 456 - 458 - 459 - 460 - 463 - 464 - 465 - 466 - 470 - 471 - 472 - 475 - 479 - 480 - 481 - 482 - 483 - 484 - 485 - 486 - 487 - 488 - 489 - 490 - 492 - 498 - 499,12541332.4,1.1,62740,64443,78.06,Cost: 62740 & Capacity: 64443
0 - 1 - 3 - 4 - 6 - 7 - 10 - 12 - 13 - 19 - 20 - 22 - 24 - 26 - 27 - 28 - 30 - 31 - 32 - 33 - 39 - 42 - 43 - 44 - 45 - 48 - 49 - 50 - 56 - 58 - 59 - 64 - 69 - 70 - 74 - 79 - 82 - 83 - 85 - 86 - 90 - 92 - 93 - 95 - 98 - 100 - 103 - 104 - 105 - 106 - 107 - 111 - 112 - 113 - 117 - 121 - 122 - 124 - 125 - 126 - 127 - 128 - 134 - 135 - 136 - 137 - 142 - 145 - 147 - 149 - 152 - 154 - 157 - 161 - 164 - 165 - 167 - 168 - 169 - 170 - 171 - 172 - 176 - 177 - 180 - 181 - 184 - 187 - 189 - 193 - 194 - 195 - 198 - 202 - 203 - 205 - 206 - 208 - 209 - 210 - 211 - 212 - 214 - 216 - 224 - 225 - 226 - 227 - 229 - 230 - 233 - 234 - 235 - 236 - 237 - 240 - 241 - 244 - 245 - 246 - 249 - 251 - 254 - 255 - 259 - 261 - 264 - 265 - 266 - 267 - 269 - 270 - 272 - 275 - 279 - 280 - 281 - 282 - 285 - 291 - 296 - 297 - 298 - 300 - 304 - 308 - 309 - 310 - 314 - 317 - 319 - 320 - 325 - 328 - 329 - 331 - 332 - 335 - 337 - 339 - 341 - 344 - 346 - 352 - 353 - 355 - 356 - 357 - 362 - 365 - 370 - 374 - 385 - 387 - 388 - 389 - 390 - 391 - 392 - 394 - 395 - 397 - 399 - 401 - 403 - 405 - 406 - 407 - 408 - 411 - 413 - 417 - 418 - 423 - 426 - 428 - 430 - 434 - 436 - 438 - 439 - 442 - 443 - 445 - 446 - 448 - 449 - 451 - 453 - 458 - 459 - 460 - 463 - 464 - 465 - 466 - 468 - 469 - 470 - 471 - 472 - 476 - 477 - 479 - 480 - 481 - 482 - 483 - 484 - 485 - 486 - 487 - 488 - 489 - 490 - 492 - 493 - 494 - 497 - 498 - 499,14525785.2,0.0,62733,66816,78.96,Cost: 62733 & Capacity: 66816
22 - 27 - 31 - 34 - 41 - 46 - 49 - 51 - 62 - 83 - 100 - 103 - 107 - 109 - 114 - 117 - 141 - 144 - 150 - 151 - 153 - 154 - 171 - 176 - 190 - 193 - 199 - 206 - 216 - 222 - 226 - 234 - 239 - 244 - 248 - 249 - 253 - 262 - 264 - 265 - 271 - 276 - 278 - 283 - 288 - 298 - 299 - 307 - 311 - 316 - 318 - 320 - 323 - 324 - 331 - 333 - 336 - 337 - 343 - 344 - 358 - 359 - 362 - 366 - 370 - 373 - 383 - 391 - 399 - 400 - 410 - 424 - 425 - 427 - 428 - 441 - 443 - 450 - 456 - 461 - 462 - 472 - 473 - 474 - 475 - 476 - 479 - 493 - 498,2091965.6,33.7,62551,52799,80.49,Cost: 62551 & Capacity: 52799
0 - 1 - 3 - 4 - 6 - 7 - 10 - 12 - 13 - 19 - 20 - 22 - 24 - 26 - 27 - 28 - 30 - 31 - 32 - 33 - 39 - 40 - 42 - 43 - 44 - 45 - 48 - 49 - 50 - 56 - 58 - 59 - 64 - 69 - 70 - 74 - 79 - 82 - 83 - 85 - 86 - 90 - 92 - 93 - 95 - 98 - 100 - 103 - 104 - 105 - 106 - 107 - 111 - 112 - 113 - 117 - 121 - 122 - 124 - 125 - 126 - 127 - 128 - 134 - 135 - 136 - 137 - 142 - 145 - 147 - 149 - 152 - 154 - 156 - 157 - 161 - 164 - 165 - 167 - 168 - 169 - 170 - 171 - 172 - 176 - 177 - 180 - 181 - 184 - 189 - 193 - 194 - 195 - 198 - 202 - 203 - 205 - 206 - 208 - 209 - 210 - 211 - 212 - 214 - 216 - 224 - 225 - 226 - 227 - 229 - 230 - 233 - 234 - 235 - 236 - 237 - 240 - 241 - 244 - 245 - 246 - 249 - 251 - 254 - 255 - 259 - 261 - 264 - 265 - 266 - 267 - 269 - 270 - 272 - 275 - 279 - 280 - 281 - 282 - 285 - 291 - 296 - 297 - 298 - 300 - 304 - 308 - 309 - 310 - 314 - 317 - 319 - 320 - 325 - 328 - 329 - 331 - 332 - 335 - 337 - 341 - 344 - 346 - 352 - 353 - 355 - 356 - 357 - 362 - 365 - 370 - 374 - 385 - 387 - 388 - 389 - 390 - 391 - 392 - 394 - 395 - 397 - 399 - 401 - 403 - 405 - 406 - 407 - 408 - 411 - 413 - 417 - 418 - 423 - 426 - 428 - 430 - 434 - 436 - 438 - 439 - 442 - 443 - 445 - 446 - 448 - 449 - 451 - 453 - 458 - 459 - 460 - 463 - 464 - 465 - 466 - 468 - 469 - 470 - 471 - 472 - 476 - 477 - 479 - 480 - 481 - 482 - 483 - 484 - 485 - 486 - 487 - 488 - 489 - 490 - 492 - 493 - 494 - 497 - 498 - 499,14528855.9,0.0,62739,66493,82.34,Cost: 62739 & Capacity: 66493
1 - 4 - 5 - 9 - 10 - 15 - 20 - 22 - 27 - 33 - 38 - 44 - 46 - 48 - 61 - 66 - 79 - 81 - 90 - 95 - 99 - 100 - 102 - 108 - 113 - 123 - 126 - 134 - 136 - 141 - 144 - 153 - 175 - 176 - 184 - 188 - 189 - 192 - 194 - 195 - 196 - 205 - 206 - 208 - 212 - 216 - 217 - 220 - 229 - 234 - 235 - 243 - 244 - 245 - 248 - 249 - 252 - 254 - 257 - 267 - 272 - 276 - 285 - 288 - 298 - 301 - 304 - 316 - 320 - 323 - 328 - 332 - 335 - 337 - 343 - 346 - 348 - 352 - 355 - 359 - 360 - 369 - 370 - 373 - 374 - 376 - 390 - 391 - 392 - 395 - 396 - 404 - 405 - 410 - 413 - 416 - 418 - 421 - 422 - 428 - 429 - 432 - 434 - 437 - 443 - 444 - 445 - 448 - 452 - 454 - 455 - 456 - 458 - 459 - 465 - 471 - 473 - 475 - 478 - 480 - 481 - 483 - 484 - 490 - 494 - 498,4018428.2,17.8,62698,54942,82.51,Cost: 62698 & Capacity: 54942
1 - 4 - 5 - 9 - 10 - 14 - 15 - 20 - 22 - 27 - 33 - 44 - 46 - 48 - 61 - 66 - 69 - 79 - 81 - 95 - 96 - 97 - 99 - 100 - 102 - 113 - 123 - 126 - 134 - 136 - 141 - 144 - 149 - 151 - 175 - 176 - 184 - 188 - 189 - 192 - 193 - 194 - 195 - 205 - 206 - 208 - 212 - 216 - 220 - 229 - 234 - 235 - 243 - 244 - 245 - 248 - 249 - 252 - 254 - 257 - 267 - 272 - 276 - 285 - 288 - 298 - 304 - 316 - 323 - 328 - 332 - 335 - 337 - 343 - 346 - 355 - 359 - 360 - 369 - 370 - 373 - 374 - 376 - 377 - 379 - 390 - 391 - 392 - 395 - 396 - 405 - 410 - 413 - 416 - 418 - 421 - 422 - 428 - 429 - 434 - 437 - 443 - 444 - 445 - 448 - 452 - 454 - 455 - 456 - 458 - 459 - 465 - 473 - 475 - 477 - 478 - 479 - 480 - 483 - 484 - 490 - 494 - 496 - 498,3897116.2,18.7,62694,54190,82.54,Cost: 62694 & Capacity: 54190
0 - 1 - 3 - 4 - 6 - 7 - 10 - 12 - 13 - 19 - 20 - 22 - 24 - 26 - 27 - 28 - 30 - 31 - 32 - 33 - 39 - 40 - 42 - 43 - 44 - 45 - 48 - 49 - 50 - 56 - 58 - 59 - 64 - 69 - 70 - 74 - 79 - 82 - 83 - 85 - 86 - 90 - 92 - 93 - 95 - 98 - 100 - 103 - 104 - 105 - 106 - 107 - 111 - 112 - 113 - 117 - 121 - 122 - 124 - 125 - 126 - 127 - 128 - 134 - 135 - 136 - 137 - 142 - 145 - 147 - 149 - 152 - 154 - 156 - 157 - 161 - 164 - 165 - 167 - 168 - 169 - 170 - 171 - 172 - 176 - 177 - 180 - 181 - 184 - 189 - 193 - 194 - 195 - 198 - 202 - 203 - 205 - 206 - 208 - 209 - 210 - 211 - 212 - 214 - 216 - 224 - 225 - 226 - 227 - 229 - 230 - 233 - 234 - 235 - 236 - 237 - 240 - 241 - 244 - 245 - 246 - 249 - 251 - 254 - 255 - 259 - 261 - 264 - 265 - 266 - 267 - 269 - 270 - 272 - 275 - 279 - 280 - 281 - 282 - 285 - 291 - 296 - 297 - 298 - 300 - 304 - 308 - 309 - 310 - 314 - 317 - 319 - 320 - 325 - 328 - 329 - 331 - 332 - 335 - 337 - 341 - 344 - 346 - 352 - 353 - 355 - 356 - 357 - 362 - 365 - 370 - 374 - 385 - 387 - 388 - 389 - 390 - 391 - 392 - 394 - 395 - 397 - 399 - 401 - 403 - 405 - 406 - 407 - 408 - 411 - 413 - 417 - 418 - 423 - 426 - 428 - 430 - 434 - 436 - 438 - 439 - 442 - 443 - 445 - 446 - 448 - 449 - 451 - 453 - 458 - 459 - 460 - 463 - 464 - 465 - 466 - 468 - 469 - 470 - 471 - 472 - 476 - 477 - 479 - 480 - 481 - 482 - 483 - 484 - 485 - 486 - 487 - 488 - 489 - 490 - 492 - 493 - 494 - 497 - 498 - 499,14528855.9,0.0,62739,66493,82.81,Cost: 62739 & Capacity: 66493
5 - 6 - 9 - 16 - 22 - 23 - 25 - 27 - 33 - 51 - 57 - 58 - 61 - 63 - 65 - 78 - 83 - 84 - 92 - 95 - 109 - 114 - 117 - 118 - 133 - 141 - 144 - 150 - 153 - 154 - 157 - 167 - 185 - 188 - 213 - 216 - 222 - 226 - 236 - 237 - 239 - 248 - 249 - 269 - 271 - 283 - 288 - 299 - 307 - 308 - 316 - 318 - 331 - 344 - 359 - 366 - 369 - 373 - 378 - 382 - 383 - 396 - 397 - 399 - 404 - 409 - 410 - 416 - 428 - 431 - 435 - 437 - 440 - 445 - 447 - 456 - 457 - 458 - 462 - 474 - 475 - 489 - 493 - 494 - 498,1875984.6,34.4,62340,50654,83.17,Cost: 62340 & Capacity: 50654
0 - 1 - 4 - 6 - 8 - 10 - 12 - 13 - 15 - 17 - 19 - 20 - 22 - 27 - 28 - 30 - 31 - 34 - 38 - 40 - 44 - 45 - 47 - 50 - 56 - 58 - 64 - 70 - 71 - 74 - 77 - 79 - 82 - 93 - 95 - 98 - 100 - 105 - 109 - 112 - 113 - 121 - 125 - 126 - 129 - 134 - 135 - 136 - 137 - 145 - 149 - 152 - 162 - 163 - 164 - 165 - 167 - 172 - 174 - 175 - 176 - 181 - 189 - 192 - 193 - 194 - 198 - 205 - 208 - 210 - 212 - 216 - 225 - 226 - 229 - 233 - 234 - 235 - 236 - 241 - 243 - 245 - 249 - 250 - 251 - 254 - 259 - 267 - 268 - 272 - 276 - 280 - 287 - 289 - 291 - 300 - 306 - 309 - 314 - 315 - 317 - 318 - 319 - 328 - 334 - 335 - 336 - 337 - 339 - 341 - 344 - 346 - 347 - 348 - 352 - 359 - 365 - 374 - 387 - 389 - 391 - 392 - 395 - 397 - 401 - 403 - 405 - 407 - 409 - 411 - 413 - 416 - 417 - 427 - 428 - 431 - 434 - 438 - 442 - 443 - 444 - 445 - 446 - 448 - 449 - 454 - 455 - 456 - 458 - 470 - 471 - 472 - 479 - 481 - 482 - 483 - 484 - 485 - 487 - 488 - 489 - 490 - 494 - 495 - 498,6884494.1,9.3,62521,57726,84.51,Cost: 62521 & Capacity: 57726
1 - 4 - 6 - 8 - 10 - 12 - 13 - 15 - 17 - 19 - 20 - 22 - 23 - 27 - 28 - 30 - 38 - 40 - 44 - 45 - 47 - 50 - 56 - 64 - 70 - 71 - 74 - 75 - 76 - 77 - 79 - 82 - 93 - 95 - 98 - 100 - 105 - 109 - 112 - 113 - 116 - 121 - 125 - 126 - 129 - 130 - 134 - 135 - 137 - 145 - 149 - 152 - 163 - 165 - 167 - 172 - 174 - 175 - 176 - 181 - 189 - 192 - 193 - 198 - 205 - 208 - 210 - 212 - 216 - 217 - 226 - 229 - 233 - 235 - 236 - 241 - 243 - 245 - 249 - 250 - 252 - 254 - 267 - 268 - 272 - 280 - 289 - 291 - 300 - 306 - 308 - 309 - 314 - 317 - 318 - 319 - 328 - 334 - 335 - 336 - 337 - 339 - 341 - 344 - 346 - 347 - 348 - 352 - 359 - 365 - 374 - 379 - 386 - 387 - 389 - 391 - 392 - 395 - 397 - 401 - 403 - 407 - 409 - 413 - 416 - 417 - 424 - 427 - 428 - 434 - 438 - 442 - 443 - 445 - 446 - 448 - 449 - 453 - 454 - 455 - 456 - 458 - 459 - 469 - 470 - 471 - 472 - 479 - 482 - 483 - 484 - 487 - 488 - 489 - 490 - 494 - 495 - 498,6337155.8,10.4,62707,56860,84.53,Cost: 62707 & Capacity: 56860
