Nodes,MaxSum,MaxMin,Cost,Capacity,Time,Constraint values
2 - 5 - 8 - 14 - 23 - 26 - 27 - 31 - 33 - 54 - 55 - 62 - 69 - 70 - 74 - 76 - 85 - 87 - 89 - 90 - 100 - 105 - 106 - 108 - 113 - 121 - 124 - 134 - 136 - 142 - 146 - 148 - 152 - 155 - 161 - 164 - 165 - 169 - 183 - 190 - 193 - 196 - 197 - 204 - 205 - 216 - 217 - 227 - 228 - 229 - 234 - 235 - 239 - 253 - 254 - 258 - 266 - 274 - 275 - 276 - 278 - 279 - 293 - 298 - 301 - 312 - 318 - 320 - 321 - 323 - 327 - 330 - 339 - 346 - 349 - 351 - 353 - 355 - 357 - 360 - 366 - 367 - 372 - 374 - 387 - 388 - 391 - 401 - 429 - 436 - 437 - 442 - 443 - 445 - 450 - 468 - 476 - 484 - 498 - 499,72858.0,8.7,63070,48187,5.94,Cost: 63070 & Capacity: 48187
0 - 2 - 5 - 7 - 8 - 12 - 14 - 22 - 23 - 26 - 27 - 33 - 34 - 37 - 55 - 56 - 58 - 59 - 61 - 62 - 63 - 69 - 70 - 72 - 74 - 76 - 77 - 80 - 82 - 85 - 87 - 88 - 89 - 99 - 100 - 102 - 105 - 108 - 109 - 113 - 114 - 115 - 121 - 124 - 130 - 134 - 140 - 142 - 145 - 146 - 147 - 148 - 149 - 152 - 155 - 156 - 158 - 161 - 164 - 166 - 169 - 172 - 175 - 183 - 187 - 188 - 190 - 191 - 193 - 195 - 196 - 197 - 201 - 204 - 205 - 207 - 208 - 212 - 215 - 217 - 222 - 223 - 229 - 232 - 233 - 236 - 239 - 240 - 245 - 249 - 250 - 252 - 253 - 256 - 258 - 266 - 270 - 275 - 277 - 279 - 280 - 283 - 284 - 288 - 289 - 291 - 292 - 293 - 301 - 306 - 311 - 312 - 314 - 320 - 323 - 325 - 329 - 331 - 334 - 339 - 342 - 343 - 344 - 346 - 351 - 352 - 353 - 355 - 362 - 364 - 369 - 371 - 372 - 373 - 374 - 375 - 377 - 387 - 388 - 389 - 391 - 392 - 394 - 403 - 410 - 411 - 415 - 416 - 425 - 427 - 429 - 430 - 432 - 437 - 442 - 443 - 445 - 450 - 454 - 460 - 463 - 468 - 469 - 470 - 473 - 476 - 483 - 484 - 485 - 486 - 498 - 499,205962.4,7.4,84881,70057,10.78,Cost: 84881 & Capacity: 70057
0 - 1 - 3 - 5 - 14 - 17 - 19 - 23 - 26 - 27 - 33 - 37 - 40 - 55 - 56 - 59 - 62 - 63 - 69 - 70 - 72 - 74 - 76 - 77 - 81 - 82 - 88 - 89 - 90 - 91 - 100 - 105 - 106 - 108 - 109 - 115 - 121 - 124 - 130 - 134 - 135 - 140 - 144 - 146 - 148 - 155 - 161 - 164 - 165 - 166 - 167 - 176 - 179 - 183 - 188 - 190 - 193 - 194 - 196 - 197 - 201 - 204 - 208 - 215 - 222 - 225 - 229 - 230 - 232 - 233 - 235 - 236 - 237 - 239 - 249 - 250 - 252 - 253 - 258 - 260 - 264 - 266 - 274 - 275 - 276 - 279 - 289 - 293 - 298 - 311 - 320 - 321 - 323 - 327 - 334 - 339 - 343 - 346 - 350 - 351 - 352 - 353 - 354 - 358 - 367 - 371 - 372 - 374 - 379 - 387 - 388 - 391 - 392 - 394 - 397 - 403 - 404 - 409 - 415 - 418 - 422 - 425 - 437 - 445 - 450 - 451 - 457 - 458 - 460 - 463 - 468 - 469 - 470 - 473 - 476 - 477 - 479 - 484 - 485 - 486 - 496 - 498 - 499,144091.4,8.0,87982,70140,25.38,Cost: 87982 & Capacity: 70140
5 - 14 - 22 - 23 - 26 - 27 - 31 - 33 - 34 - 38 - 45 - 47 - 55 - 56 - 57 - 59 - 61 - 62 - 70 - 74 - 76 - 77 - 78 - 80 - 82 - 87 - 88 - 89 - 97 - 100 - 104 - 106 - 108 - 109 - 111 - 112 - 113 - 114 - 121 - 123 - 124 - 125 - 126 - 127 - 130 - 136 - 139 - 140 - 142 - 145 - 146 - 147 - 148 - 150 - 152 - 155 - 156 - 161 - 163 - 164 - 166 - 169 - 172 - 174 - 182 - 183 - 185 - 187 - 190 - 191 - 193 - 194 - 196 - 197 - 201 - 203 - 204 - 205 - 208 - 212 - 213 - 215 - 217 - 220 - 222 - 223 - 225 - 229 - 230 - 232 - 233 - 234 - 236 - 237 - 247 - 249 - 252 - 253 - 254 - 256 - 258 - 268 - 275 - 277 - 278 - 279 - 280 - 283 - 284 - 287 - 288 - 289 - 290 - 291 - 292 - 298 - 299 - 301 - 308 - 311 - 312 - 313 - 314 - 315 - 318 - 320 - 321 - 323 - 327 - 329 - 334 - 338 - 343 - 351 - 353 - 355 - 358 - 360 - 366 - 367 - 369 - 372 - 374 - 375 - 377 - 378 - 379 - 380 - 387 - 389 - 390 - 391 - 398 - 399 - 401 - 403 - 404 - 411 - 414 - 415 - 416 - 425 - 427 - 432 - 437 - 439 - 442 - 443 - 444 - 448 - 450 - 460 - 461 - 463 - 465 - 469 - 470 - 475 - 477 - 479 - 481 - 482 - 483 - 484 - 485 - 497 - 498 - 499,245306.5,7.2,91497,75947,2.42,Cost: 91497 & Capacity: 75947
2 - 4 - 5 - 7 - 8 - 9 - 11 - 12 - 15 - 16 - 18 - 19 - 20 - 21 - 22 - 23 - 24 - 25 - 26 - 27 - 28 - 31 - 32 - 33 - 34 - 35 - 36 - 38 - 39 - 40 - 47 - 49 - 50 - 51 - 52 - 55 - 56 - 57 - 58 - 59 - 60 - 61 - 64 - 66 - 67 - 69 - 70 - 72 - 73 - 75 - 76 - 77 - 78 - 80 - 82 - 83 - 86 - 87 - 88 - 93 - 94 - 97 - 98 - 99 - 100 - 102 - 103 - 104 - 106 - 107 - 108 - 109 - 110 - 111 - 112 - 113 - 114 - 115 - 117 - 119 - 120 - 121 - 123 - 126 - 128 - 130 - 131 - 132 - 133 - 134 - 139 - 140 - 141 - 145 - 146 - 152 - 153 - 154 - 155 - 156 - 158 - 159 - 160 - 161 - 163 - 164 - 165 - 169 - 170 - 172 - 174 - 175 - 177 - 178 - 180 - 183 - 185 - 186 - 187 - 190 - 191 - 193 - 194 - 196 - 197 - 198 - 200 - 201 - 202 - 207 - 208 - 212 - 215 - 216 - 217 - 218 - 219 - 220 - 221 - 222 - 223 - 224 - 231 - 233 - 234 - 236 - 239 - 241 - 242 - 244 - 245 - 246 - 247 - 248 - 250 - 251 - 253 - 255 - 256 - 257 - 258 - 259 - 260 - 261 - 262 - 263 - 264 - 268 - 269 - 270 - 271 - 272 - 273 - 274 - 277 - 279 - 280 - 283 - 284 - 288 - 289 - 291 - 293 - 298 - 300 - 301 - 303 - 305 - 306 - 307 - 311 - 313 - 314 - 315 - 317 - 318 - 319 - 320 - 321 - 324 - 325 - 327 - 328 - 329 - 331 - 333 - 334 - 335 - 336 - 337 - 338 - 342 - 344 - 347 - 348 - 350 - 351 - 353 - 354 - 356 - 358 - 359 - 360 - 361 - 362 - 364 - 366 - 368 - 371 - 373 - 374 - 375 - 377 - 378 - 381 - 387 - 388 - 389 - 390 - 391 - 395 - 398 - 401 - 402 - 403 - 404 - 406 - 410 - 411 - 414 - 415 - 416 - 417 - 418 - 419 - 424 - 427 - 428 - 429 - 432 - 436 - 437 - 439 - 440 - 442 - 443 - 444 - 446 - 447 - 448 - 450 - 452 - 455 - 456 - 457 - 459 - 460 - 461 - 462 - 463 - 464 - 465 - 467 - 468 - 469 - 470 - 471 - 475 - 476 - 477 - 479 - 480 - 481 - 482 - 483 - 485 - 489 - 490 - 492 - 496 - 497 - 498 - 499,592453.2,3.4,91499,91800,12.66,Cost: 91499 & Capacity: 91800
2 - 4 - 5 - 7 - 8 - 13 - 14 - 15 - 16 - 17 - 18 - 20 - 22 - 23 - 24 - 25 - 26 - 27 - 28 - 29 - 33 - 34 - 35 - 36 - 38 - 40 - 41 - 45 - 47 - 49 - 50 - 51 - 55 - 56 - 57 - 58 - 59 - 61 - 63 - 66 - 69 - 70 - 73 - 74 - 75 - 76 - 77 - 78 - 80 - 82 - 86 - 88 - 89 - 93 - 94 - 95 - 97 - 98 - 100 - 104 - 107 - 108 - 109 - 110 - 111 - 113 - 114 - 115 - 117 - 120 - 121 - 123 - 126 - 128 - 130 - 131 - 132 - 134 - 140 - 141 - 142 - 145 - 146 - 152 - 153 - 154 - 155 - 156 - 158 - 160 - 161 - 163 - 166 - 169 - 172 - 173 - 174 - 175 - 177 - 180 - 182 - 183 - 185 - 186 - 187 - 188 - 190 - 191 - 193 - 194 - 196 - 200 - 201 - 204 - 208 - 210 - 212 - 215 - 218 - 219 - 221 - 222 - 223 - 225 - 229 - 231 - 232 - 233 - 234 - 236 - 239 - 241 - 242 - 243 - 244 - 245 - 247 - 249 - 251 - 252 - 258 - 259 - 260 - 264 - 268 - 270 - 274 - 277 - 278 - 279 - 280 - 283 - 287 - 288 - 289 - 291 - 293 - 297 - 298 - 299 - 301 - 306 - 307 - 311 - 313 - 314 - 315 - 320 - 323 - 327 - 328 - 329 - 333 - 334 - 335 - 336 - 338 - 342 - 344 - 346 - 350 - 351 - 353 - 354 - 356 - 358 - 360 - 364 - 366 - 370 - 371 - 372 - 373 - 374 - 375 - 377 - 378 - 387 - 388 - 392 - 394 - 395 - 399 - 401 - 402 - 403 - 404 - 410 - 411 - 414 - 416 - 417 - 418 - 425 - 429 - 432 - 436 - 437 - 439 - 440 - 442 - 443 - 444 - 446 - 447 - 448 - 450 - 456 - 457 - 459 - 460 - 461 - 464 - 468 - 470 - 471 - 472 - 475 - 477 - 478 - 479 - 481 - 483 - 485 - 489 - 490 - 492 - 498 - 499,409321.8,6.1,91475,82350,16.1,Cost: 91475 & Capacity: 82350
5 - 7 - 12 - 14 - 22 - 23 - 26 - 27 - 29 - 33 - 34 - 36 - 38 - 55 - 56 - 59 - 61 - 70 - 72 - 74 - 76 - 77 - 87 - 88 - 89 - 100 - 104 - 108 - 109 - 110 - 111 - 112 - 113 - 114 - 115 - 117 - 121 - 124 - 126 - 127 - 128 - 130 - 136 - 139 - 140 - 142 - 145 - 146 - 147 - 148 - 150 - 152 - 155 - 156 - 158 - 161 - 163 - 164 - 169 - 172 - 174 - 183 - 185 - 187 - 190 - 191 - 194 - 195 - 196 - 197 - 201 - 204 - 205 - 208 - 213 - 215 - 217 - 222 - 225 - 229 - 230 - 232 - 233 - 234 - 235 - 236 - 247 - 249 - 252 - 253 - 254 - 258 - 264 - 266 - 268 - 275 - 277 - 278 - 279 - 280 - 283 - 288 - 289 - 290 - 291 - 292 - 298 - 299 - 301 - 303 - 306 - 308 - 311 - 312 - 313 - 314 - 318 - 319 - 320 - 321 - 323 - 329 - 331 - 334 - 339 - 343 - 346 - 351 - 353 - 355 - 358 - 360 - 361 - 362 - 366 - 367 - 369 - 371 - 372 - 373 - 374 - 375 - 377 - 380 - 383 - 387 - 389 - 391 - 399 - 403 - 404 - 410 - 411 - 415 - 416 - 418 - 422 - 425 - 428 - 429 - 432 - 437 - 442 - 443 - 450 - 456 - 458 - 460 - 463 - 469 - 470 - 471 - 475 - 476 - 477 - 479 - 482 - 483 - 484 - 485 - 491 - 497 - 498 - 499,235407.2,7.3,91450,76651,19.0,Cost: 91450 & Capacity: 76651
0 - 5 - 7 - 12 - 14 - 23 - 26 - 27 - 33 - 36 - 37 - 38 - 40 - 43 - 55 - 56 - 61 - 62 - 67 - 70 - 72 - 74 - 76 - 77 - 88 - 89 - 100 - 104 - 105 - 108 - 109 - 110 - 115 - 120 - 121 - 125 - 130 - 135 - 140 - 142 - 144 - 146 - 148 - 152 - 155 - 158 - 161 - 164 - 174 - 176 - 183 - 190 - 191 - 194 - 196 - 197 - 201 - 204 - 205 - 208 - 215 - 222 - 225 - 229 - 233 - 236 - 239 - 244 - 249 - 253 - 254 - 255 - 258 - 264 - 266 - 275 - 278 - 279 - 280 - 283 - 284 - 289 - 290 - 291 - 296 - 298 - 300 - 308 - 311 - 312 - 314 - 320 - 321 - 323 - 329 - 334 - 343 - 346 - 351 - 352 - 353 - 357 - 358 - 363 - 369 - 371 - 372 - 373 - 374 - 375 - 380 - 383 - 387 - 388 - 389 - 391 - 392 - 394 - 397 - 403 - 404 - 409 - 411 - 415 - 416 - 418 - 422 - 423 - 425 - 428 - 429 - 434 - 437 - 442 - 450 - 456 - 457 - 458 - 460 - 463 - 470 - 475 - 479 - 481 - 483 - 484 - 485 - 497 - 498 - 499,159093.3,7.9,87327,68439,19.03,Cost: 87327 & Capacity: 68439
4 - 5 - 7 - 14 - 16 - 21 - 22 - 23 - 24 - 25 - 26 - 27 - 33 - 34 - 36 - 38 - 40 - 45 - 55 - 56 - 58 - 59 - 61 - 62 - 63 - 66 - 67 - 69 - 70 - 72 - 74 - 76 - 77 - 84 - 87 - 88 - 89 - 90 - 93 - 94 - 100 - 104 - 108 - 109 - 110 - 113 - 114 - 117 - 121 - 123 - 124 - 126 - 130 - 132 - 134 - 136 - 140 - 141 - 146 - 147 - 148 - 152 - 153 - 155 - 156 - 158 - 159 - 161 - 169 - 170 - 172 - 176 - 180 - 182 - 183 - 184 - 185 - 186 - 190 - 191 - 192 - 193 - 194 - 195 - 196 - 201 - 204 - 208 - 212 - 213 - 217 - 219 - 223 - 224 - 225 - 229 - 230 - 231 - 233 - 234 - 236 - 239 - 242 - 245 - 249 - 252 - 253 - 259 - 260 - 264 - 268 - 270 - 271 - 272 - 274 - 277 - 278 - 279 - 280 - 283 - 289 - 291 - 292 - 293 - 297 - 298 - 299 - 300 - 301 - 308 - 311 - 312 - 313 - 314 - 315 - 319 - 320 - 323 - 328 - 329 - 331 - 334 - 335 - 336 - 337 - 341 - 342 - 344 - 345 - 346 - 347 - 349 - 350 - 351 - 353 - 354 - 355 - 358 - 366 - 367 - 371 - 372 - 373 - 374 - 377 - 378 - 387 - 388 - 390 - 391 - 392 - 394 - 399 - 403 - 404 - 410 - 411 - 416 - 417 - 418 - 421 - 422 - 425 - 430 - 432 - 437 - 440 - 444 - 448 - 449 - 450 - 456 - 457 - 460 - 468 - 470 - 472 - 475 - 476 - 477 - 478 - 481 - 482 - 483 - 484 - 498 - 499,293026.1,6.8,91220,76534,20.29,Cost: 91220 & Capacity: 76534
2 - 5 - 7 - 12 - 14 - 19 - 20 - 22 - 23 - 24 - 25 - 26 - 27 - 28 - 31 - 33 - 34 - 35 - 36 - 38 - 40 - 45 - 49 - 51 - 55 - 56 - 57 - 58 - 59 - 61 - 62 - 64 - 66 - 67 - 69 - 70 - 73 - 74 - 76 - 77 - 80 - 84 - 87 - 88 - 89 - 93 - 94 - 100 - 103 - 104 - 108 - 109 - 110 - 113 - 114 - 117 - 120 - 121 - 123 - 126 - 128 - 130 - 131 - 132 - 134 - 136 - 140 - 141 - 142 - 145 - 146 - 147 - 148 - 153 - 154 - 155 - 156 - 158 - 160 - 161 - 166 - 169 - 170 - 172 - 174 - 182 - 183 - 187 - 190 - 191 - 193 - 194 - 196 - 202 - 204 - 208 - 212 - 213 - 218 - 219 - 222 - 223 - 225 - 229 - 230 - 231 - 233 - 234 - 235 - 236 - 237 - 239 - 241 - 242 - 244 - 245 - 249 - 252 - 258 - 260 - 264 - 270 - 271 - 274 - 277 - 278 - 279 - 280 - 283 - 287 - 289 - 291 - 292 - 293 - 296 - 299 - 301 - 305 - 306 - 307 - 308 - 311 - 312 - 313 - 314 - 315 - 320 - 323 - 327 - 328 - 329 - 333 - 334 - 335 - 336 - 338 - 342 - 344 - 345 - 346 - 351 - 353 - 354 - 357 - 358 - 360 - 361 - 362 - 366 - 367 - 369 - 373 - 374 - 375 - 377 - 388 - 392 - 394 - 395 - 399 - 401 - 402 - 403 - 404 - 410 - 411 - 416 - 418 - 421 - 425 - 429 - 430 - 432 - 433 - 436 - 437 - 440 - 443 - 444 - 446 - 449 - 450 - 456 - 459 - 460 - 461 - 464 - 468 - 470 - 472 - 473 - 475 - 477 - 478 - 481 - 483 - 484 - 485 - 497 - 498 - 499,330552.3,6.7,91492,76378,22.76,Cost: 91492 & Capacity: 76378
0 - 3 - 5 - 7 - 12 - 13 - 14 - 19 - 22 - 23 - 24 - 25 - 26 - 27 - 33 - 35 - 36 - 37 - 38 - 40 - 43 - 44 - 45 - 49 - 55 - 56 - 57 - 58 - 59 - 61 - 62 - 64 - 66 - 67 - 69 - 70 - 73 - 74 - 77 - 84 - 87 - 93 - 100 - 104 - 105 - 108 - 109 - 110 - 111 - 113 - 117 - 118 - 119 - 120 - 121 - 123 - 128 - 130 - 131 - 132 - 133 - 134 - 136 - 139 - 140 - 145 - 146 - 147 - 153 - 154 - 155 - 156 - 158 - 160 - 161 - 168 - 169 - 170 - 172 - 182 - 183 - 184 - 188 - 189 - 190 - 191 - 193 - 194 - 195 - 196 - 197 - 198 - 202 - 204 - 212 - 218 - 219 - 222 - 223 - 225 - 229 - 230 - 231 - 233 - 234 - 235 - 236 - 237 - 239 - 241 - 242 - 244 - 249 - 251 - 252 - 258 - 266 - 270 - 274 - 277 - 279 - 280 - 283 - 284 - 285 - 287 - 289 - 290 - 291 - 292 - 301 - 305 - 306 - 311 - 313 - 314 - 315 - 320 - 323 - 328 - 329 - 334 - 335 - 336 - 338 - 342 - 344 - 346 - 349 - 351 - 353 - 354 - 357 - 358 - 360 - 361 - 365 - 366 - 367 - 369 - 372 - 373 - 374 - 375 - 377 - 388 - 390 - 397 - 402 - 403 - 404 - 410 - 411 - 416 - 418 - 421 - 429 - 433 - 436 - 437 - 447 - 449 - 450 - 459 - 460 - 461 - 468 - 470 - 473 - 475 - 477 - 478 - 481 - 483 - 484 - 485 - 497 - 498 - 499,265771.3,7.0,90349,69646,22.8,Cost: 90349 & Capacity: 69646
2 - 4 - 5 - 7 - 8 - 9 - 10 - 11 - 12 - 15 - 16 - 18 - 19 - 20 - 21 - 22 - 23 - 24 - 25 - 27 - 28 - 31 - 32 - 33 - 34 - 35 - 36 - 38 - 39 - 40 - 47 - 49 - 50 - 51 - 52 - 55 - 56 - 57 - 58 - 59 - 60 - 61 - 64 - 66 - 67 - 69 - 70 - 72 - 73 - 75 - 76 - 77 - 78 - 80 - 82 - 83 - 86 - 87 - 88 - 93 - 94 - 97 - 98 - 99 - 100 - 102 - 103 - 104 - 106 - 107 - 108 - 109 - 110 - 111 - 112 - 113 - 114 - 115 - 117 - 119 - 120 - 121 - 123 - 124 - 126 - 128 - 130 - 131 - 132 - 133 - 134 - 139 - 140 - 141 - 145 - 146 - 152 - 153 - 154 - 155 - 156 - 158 - 159 - 160 - 161 - 163 - 164 - 165 - 169 - 170 - 172 - 174 - 175 - 177 - 178 - 180 - 183 - 185 - 186 - 187 - 191 - 193 - 194 - 196 - 197 - 198 - 200 - 202 - 207 - 208 - 212 - 215 - 217 - 218 - 219 - 220 - 221 - 222 - 223 - 224 - 231 - 233 - 234 - 236 - 239 - 241 - 242 - 244 - 245 - 246 - 247 - 248 - 250 - 251 - 253 - 255 - 256 - 257 - 258 - 259 - 260 - 261 - 262 - 263 - 264 - 268 - 269 - 270 - 271 - 272 - 273 - 274 - 277 - 279 - 280 - 283 - 284 - 288 - 289 - 291 - 293 - 298 - 300 - 301 - 303 - 305 - 306 - 307 - 311 - 313 - 314 - 315 - 317 - 318 - 319 - 320 - 321 - 324 - 325 - 327 - 328 - 329 - 331 - 333 - 334 - 335 - 336 - 337 - 338 - 342 - 344 - 347 - 348 - 350 - 351 - 353 - 354 - 356 - 358 - 359 - 360 - 361 - 362 - 364 - 366 - 368 - 371 - 373 - 374 - 375 - 377 - 378 - 381 - 387 - 388 - 389 - 390 - 391 - 395 - 398 - 401 - 402 - 403 - 404 - 406 - 410 - 411 - 414 - 415 - 416 - 417 - 418 - 419 - 424 - 427 - 428 - 429 - 430 - 432 - 436 - 437 - 439 - 440 - 442 - 443 - 444 - 446 - 447 - 448 - 450 - 452 - 455 - 456 - 457 - 459 - 460 - 461 - 462 - 463 - 464 - 465 - 466 - 467 - 468 - 469 - 470 - 471 - 475 - 476 - 477 - 479 - 480 - 481 - 482 - 483 - 485 - 489 - 490 - 492 - 496 - 497 - 498 - 499,591028.2,3.4,91502,92064,24.57,Cost: 91502 & Capacity: 92064
2 - 4 - 5 - 7 - 8 - 9 - 10 - 11 - 12 - 15 - 16 - 18 - 19 - 20 - 21 - 22 - 23 - 24 - 25 - 27 - 28 - 31 - 32 - 33 - 34 - 35 - 36 - 38 - 39 - 40 - 47 - 49 - 50 - 51 - 52 - 55 - 56 - 57 - 58 - 59 - 60 - 61 - 64 - 66 - 67 - 69 - 70 - 72 - 73 - 75 - 76 - 77 - 78 - 80 - 82 - 83 - 86 - 87 - 88 - 93 - 94 - 97 - 98 - 99 - 100 - 102 - 103 - 104 - 106 - 107 - 108 - 109 - 110 - 111 - 112 - 113 - 114 - 115 - 117 - 119 - 120 - 121 - 123 - 124 - 126 - 128 - 130 - 131 - 132 - 133 - 134 - 139 - 140 - 141 - 145 - 146 - 152 - 153 - 154 - 155 - 156 - 158 - 159 - 160 - 161 - 163 - 164 - 165 - 169 - 170 - 172 - 174 - 175 - 177 - 178 - 180 - 183 - 185 - 186 - 187 - 191 - 193 - 194 - 196 - 197 - 198 - 200 - 202 - 207 - 208 - 212 - 215 - 217 - 218 - 219 - 220 - 221 - 222 - 223 - 224 - 231 - 233 - 234 - 236 - 239 - 241 - 242 - 244 - 245 - 246 - 247 - 248 - 250 - 251 - 253 - 255 - 256 - 257 - 258 - 259 - 260 - 261 - 262 - 263 - 264 - 268 - 269 - 270 - 271 - 272 - 273 - 274 - 277 - 279 - 280 - 283 - 284 - 288 - 289 - 291 - 293 - 298 - 300 - 301 - 303 - 305 - 306 - 307 - 311 - 313 - 314 - 315 - 317 - 318 - 319 - 320 - 321 - 324 - 325 - 327 - 328 - 329 - 331 - 333 - 334 - 335 - 336 - 337 - 338 - 342 - 344 - 347 - 348 - 350 - 351 - 353 - 354 - 356 - 358 - 359 - 360 - 361 - 362 - 364 - 366 - 368 - 371 - 373 - 374 - 375 - 377 - 378 - 381 - 387 - 388 - 389 - 390 - 391 - 395 - 398 - 401 - 402 - 403 - 404 - 406 - 410 - 411 - 414 - 415 - 416 - 417 - 418 - 419 - 424 - 427 - 428 - 429 - 430 - 432 - 436 - 437 - 439 - 440 - 442 - 443 - 444 - 446 - 447 - 448 - 450 - 452 - 455 - 456 - 457 - 459 - 460 - 461 - 462 - 463 - 464 - 465 - 466 - 467 - 468 - 469 - 470 - 471 - 475 - 476 - 477 - 479 - 480 - 481 - 482 - 483 - 485 - 489 - 490 - 492 - 496 - 497 - 498 - 499,591028.2,3.4,91502,92064,26.0,Cost: 91502 & Capacity: 92064
5 - 7 - 8 - 12 - 14 - 24 - 26 - 27 - 33 - 34 - 38 - 40 - 55 - 56 - 62 - 67 - 69 - 70 - 72 - 74 - 76 - 77 - 80 - 89 - 99 - 100 - 104 - 105 - 108 - 109 - 110 - 112 - 113 - 115 - 121 - 124 - 130 - 135 - 136 - 140 - 142 - 144 - 146 - 147 - 148 - 149 - 150 - 152 - 155 - 158 - 161 - 164 - 172 - 183 - 185 - 188 - 191 - 194 - 195 - 196 - 197 - 201 - 204 - 208 - 215 - 216 - 217 - 222 - 225 - 229 - 230 - 233 - 236 - 239 - 242 - 245 - 249 - 252 - 253 - 254 - 255 - 258 - 264 - 266 - 268 - 274 - 275 - 276 - 278 - 279 - 283 - 288 - 293 - 296 - 298 - 303 - 308 - 311 - 320 - 321 - 323 - 325 - 329 - 330 - 334 - 336 - 339 - 343 - 346 - 351 - 353 - 355 - 358 - 364 - 367 - 369 - 371 - 372 - 374 - 375 - 383 - 387 - 391 - 392 - 394 - 397 - 401 - 409 - 411 - 413 - 415 - 416 - 418 - 422 - 425 - 428 - 429 - 437 - 442 - 443 - 445 - 449 - 450 - 457 - 458 - 460 - 463 - 465 - 468 - 469 - 479 - 483 - 484 - 485 - 489 - 497 - 498 - 499,176250.1,7.7,91285,73576,26.09,Cost: 91285 & Capacity: 73576
2 - 4 - 5 - 7 - 8 - 9 - 10 - 11 - 12 - 14 - 16 - 17 - 18 - 19 - 20 - 21 - 22 - 23 - 24 - 25 - 26 - 27 - 28 - 31 - 33 - 34 - 35 - 36 - 38 - 39 - 40 - 41 - 45 - 47 - 49 - 50 - 51 - 52 - 55 - 56 - 57 - 58 - 59 - 61 - 63 - 64 - 66 - 67 - 69 - 70 - 72 - 73 - 76 - 77 - 78 - 80 - 82 - 83 - 88 - 89 - 90 - 93 - 94 - 95 - 97 - 98 - 100 - 102 - 103 - 104 - 107 - 108 - 109 - 110 - 111 - 113 - 114 - 115 - 117 - 120 - 121 - 123 - 126 - 130 - 131 - 132 - 133 - 134 - 140 - 141 - 142 - 145 - 146 - 152 - 153 - 154 - 155 - 156 - 158 - 159 - 160 - 161 - 163 - 166 - 169 - 172 - 174 - 175 - 177 - 180 - 182 - 183 - 185 - 186 - 187 - 190 - 191 - 193 - 194 - 196 - 200 - 201 - 202 - 207 - 208 - 212 - 213 - 215 - 218 - 219 - 220 - 221 - 222 - 223 - 225 - 231 - 232 - 233 - 234 - 236 - 239 - 241 - 242 - 244 - 245 - 246 - 247 - 251 - 253 - 258 - 260 - 264 - 268 - 270 - 271 - 272 - 274 - 277 - 278 - 279 - 280 - 283 - 288 - 289 - 291 - 293 - 294 - 297 - 298 - 301 - 305 - 306 - 307 - 308 - 311 - 313 - 314 - 315 - 317 - 320 - 327 - 328 - 329 - 331 - 333 - 334 - 336 - 337 - 342 - 344 - 346 - 347 - 350 - 351 - 353 - 354 - 356 - 358 - 360 - 362 - 364 - 366 - 369 - 371 - 372 - 373 - 374 - 375 - 377 - 381 - 387 - 388 - 390 - 391 - 395 - 398 - 399 - 401 - 403 - 404 - 407 - 410 - 411 - 414 - 416 - 417 - 418 - 424 - 425 - 429 - 432 - 436 - 437 - 439 - 440 - 442 - 443 - 444 - 447 - 448 - 450 - 456 - 457 - 459 - 460 - 461 - 463 - 464 - 467 - 468 - 470 - 471 - 474 - 475 - 476 - 477 - 478 - 479 - 481 - 482 - 483 - 484 - 486 - 489 - 490 - 492 - 497 - 498 - 499,476953.5,5.6,91489,86583,27.89,Cost: 91489 & Capacity: 86583
3 - 4 - 5 - 7 - 14 - 15 - 16 - 22 - 23 - 24 - 26 - 27 - 33 - 34 - 37 - 38 - 43 - 44 - 45 - 55 - 56 - 59 - 61 - 62 - 63 - 64 - 66 - 69 - 70 - 72 - 73 - 74 - 77 - 82 - 84 - 86 - 88 - 89 - 100 - 104 - 105 - 108 - 109 - 110 - 111 - 113 - 114 - 117 - 120 - 121 - 123 - 126 - 128 - 130 - 131 - 132 - 134 - 136 - 139 - 140 - 144 - 146 - 147 - 152 - 153 - 154 - 155 - 158 - 161 - 172 - 178 - 182 - 183 - 191 - 192 - 193 - 194 - 195 - 196 - 198 - 200 - 201 - 204 - 212 - 215 - 217 - 219 - 222 - 223 - 225 - 229 - 230 - 233 - 234 - 236 - 239 - 241 - 242 - 245 - 249 - 251 - 252 - 255 - 259 - 270 - 274 - 277 - 278 - 279 - 280 - 284 - 285 - 286 - 287 - 288 - 289 - 291 - 292 - 293 - 297 - 298 - 301 - 306 - 311 - 313 - 314 - 315 - 320 - 323 - 328 - 334 - 335 - 336 - 337 - 338 - 342 - 344 - 346 - 347 - 349 - 350 - 351 - 353 - 354 - 355 - 357 - 358 - 361 - 364 - 365 - 366 - 367 - 369 - 370 - 372 - 374 - 377 - 378 - 388 - 390 - 392 - 398 - 401 - 403 - 404 - 408 - 410 - 411 - 415 - 416 - 418 - 421 - 422 - 425 - 432 - 437 - 442 - 443 - 447 - 448 - 449 - 450 - 460 - 468 - 470 - 477 - 478 - 481 - 482 - 483 - 484 - 485 - 498 - 499,255918.5,7.1,91358,74817,29.73,Cost: 91358 & Capacity: 74817
2 - 4 - 5 - 7 - 8 - 9 - 11 - 12 - 15 - 16 - 18 - 19 - 20 - 21 - 22 - 23 - 24 - 25 - 26 - 27 - 28 - 31 - 33 - 34 - 35 - 36 - 38 - 39 - 40 - 47 - 49 - 50 - 51 - 52 - 55 - 56 - 57 - 58 - 59 - 60 - 61 - 64 - 66 - 67 - 69 - 70 - 72 - 73 - 75 - 76 - 77 - 78 - 80 - 82 - 83 - 86 - 87 - 88 - 93 - 94 - 97 - 98 - 99 - 100 - 103 - 104 - 106 - 107 - 108 - 109 - 110 - 111 - 112 - 113 - 114 - 115 - 117 - 120 - 121 - 123 - 126 - 128 - 130 - 131 - 132 - 133 - 134 - 139 - 140 - 141 - 142 - 145 - 146 - 152 - 153 - 154 - 155 - 156 - 158 - 159 - 160 - 161 - 163 - 164 - 165 - 169 - 170 - 172 - 174 - 175 - 177 - 178 - 180 - 183 - 185 - 186 - 187 - 190 - 191 - 193 - 194 - 196 - 197 - 198 - 200 - 201 - 202 - 207 - 208 - 212 - 215 - 217 - 218 - 219 - 220 - 221 - 222 - 223 - 225 - 231 - 232 - 233 - 234 - 236 - 239 - 241 - 242 - 244 - 245 - 246 - 247 - 248 - 250 - 251 - 253 - 255 - 256 - 257 - 258 - 259 - 260 - 261 - 262 - 263 - 264 - 268 - 269 - 270 - 271 - 272 - 273 - 274 - 277 - 279 - 280 - 283 - 284 - 288 - 289 - 291 - 293 - 298 - 300 - 301 - 303 - 305 - 306 - 307 - 311 - 313 - 314 - 315 - 317 - 318 - 319 - 320 - 321 - 324 - 325 - 327 - 328 - 329 - 331 - 333 - 334 - 335 - 336 - 337 - 338 - 342 - 344 - 347 - 348 - 350 - 351 - 353 - 354 - 356 - 358 - 359 - 360 - 361 - 362 - 364 - 366 - 368 - 371 - 372 - 373 - 374 - 375 - 377 - 378 - 381 - 387 - 388 - 389 - 390 - 391 - 395 - 398 - 401 - 402 - 403 - 404 - 406 - 410 - 411 - 414 - 416 - 417 - 418 - 419 - 424 - 427 - 428 - 429 - 432 - 436 - 437 - 439 - 440 - 442 - 443 - 444 - 446 - 447 - 448 - 450 - 452 - 455 - 456 - 457 - 459 - 460 - 461 - 462 - 463 - 464 - 465 - 467 - 468 - 469 - 470 - 471 - 475 - 476 - 477 - 479 - 480 - 481 - 482 - 483 - 485 - 489 - 490 - 492 - 496 - 497 - 498 - 499,587888.5,4.1,91495,91631,34.17,Cost: 91495 & Capacity: 91631
2 - 4 - 5 - 7 - 8 - 9 - 10 - 11 - 12 - 15 - 16 - 18 - 19 - 20 - 21 - 22 - 23 - 24 - 25 - 27 - 28 - 31 - 32 - 33 - 34 - 35 - 36 - 38 - 39 - 40 - 47 - 49 - 50 - 51 - 52 - 55 - 56 - 57 - 58 - 59 - 60 - 61 - 64 - 66 - 67 - 69 - 70 - 72 - 73 - 75 - 76 - 77 - 78 - 80 - 82 - 83 - 86 - 87 - 88 - 93 - 94 - 97 - 98 - 99 - 100 - 102 - 103 - 104 - 106 - 107 - 108 - 109 - 110 - 111 - 112 - 113 - 114 - 115 - 117 - 119 - 120 - 121 - 123 - 124 - 126 - 128 - 130 - 131 - 132 - 133 - 134 - 139 - 140 - 141 - 145 - 146 - 152 - 153 - 154 - 155 - 156 - 158 - 159 - 160 - 161 - 163 - 164 - 165 - 169 - 170 - 172 - 174 - 175 - 177 - 178 - 180 - 183 - 185 - 186 - 187 - 191 - 193 - 194 - 196 - 197 - 198 - 200 - 202 - 207 - 208 - 212 - 215 - 217 - 218 - 219 - 220 - 221 - 222 - 223 - 224 - 231 - 233 - 234 - 236 - 239 - 241 - 242 - 244 - 245 - 246 - 247 - 248 - 250 - 251 - 253 - 255 - 256 - 257 - 258 - 259 - 260 - 261 - 262 - 263 - 264 - 268 - 269 - 270 - 271 - 272 - 273 - 274 - 277 - 279 - 280 - 283 - 284 - 288 - 289 - 291 - 293 - 298 - 300 - 301 - 303 - 305 - 306 - 307 - 311 - 313 - 314 - 315 - 317 - 318 - 319 - 320 - 321 - 324 - 325 - 327 - 328 - 329 - 331 - 333 - 334 - 335 - 336 - 337 - 338 - 342 - 344 - 347 - 348 - 350 - 351 - 353 - 354 - 356 - 358 - 359 - 360 - 361 - 362 - 364 - 366 - 368 - 371 - 373 - 374 - 375 - 377 - 378 - 381 - 387 - 388 - 389 - 390 - 391 - 395 - 398 - 401 - 402 - 403 - 404 - 406 - 410 - 411 - 414 - 415 - 416 - 417 - 418 - 419 - 424 - 427 - 428 - 429 - 430 - 432 - 436 - 437 - 439 - 440 - 442 - 443 - 444 - 446 - 447 - 448 - 450 - 452 - 455 - 456 - 457 - 459 - 460 - 461 - 462 - 463 - 464 - 465 - 466 - 467 - 468 - 469 - 470 - 471 - 475 - 476 - 477 - 479 - 480 - 481 - 482 - 483 - 485 - 489 - 490 - 492 - 496 - 497 - 498 - 499,591028.2,3.4,91502,92064,34.57,Cost: 91502 & Capacity: 92064
2 - 4 - 5 - 7 - 8 - 9 - 10 - 11 - 12 - 15 - 16 - 18 - 19 - 20 - 21 - 22 - 23 - 24 - 25 - 27 - 28 - 31 - 32 - 33 - 34 - 35 - 36 - 38 - 39 - 40 - 47 - 49 - 50 - 51 - 52 - 55 - 56 - 57 - 58 - 59 - 60 - 61 - 64 - 66 - 67 - 69 - 70 - 72 - 73 - 75 - 76 - 77 - 78 - 80 - 82 - 83 - 86 - 87 - 88 - 93 - 94 - 97 - 98 - 99 - 100 - 102 - 103 - 104 - 106 - 107 - 108 - 109 - 110 - 111 - 112 - 113 - 114 - 115 - 117 - 119 - 120 - 121 - 123 - 124 - 126 - 128 - 130 - 131 - 132 - 133 - 134 - 139 - 140 - 141 - 145 - 146 - 152 - 153 - 154 - 155 - 156 - 158 - 159 - 160 - 161 - 163 - 164 - 165 - 169 - 170 - 172 - 174 - 175 - 177 - 178 - 180 - 183 - 185 - 186 - 187 - 191 - 193 - 194 - 196 - 197 - 198 - 200 - 202 - 207 - 208 - 212 - 215 - 217 - 218 - 219 - 220 - 221 - 222 - 223 - 224 - 231 - 233 - 234 - 236 - 239 - 241 - 242 - 244 - 245 - 246 - 247 - 248 - 250 - 251 - 253 - 255 - 256 - 257 - 258 - 259 - 260 - 261 - 262 - 263 - 264 - 268 - 269 - 270 - 271 - 272 - 273 - 274 - 277 - 279 - 280 - 283 - 284 - 288 - 289 - 291 - 293 - 298 - 300 - 301 - 303 - 305 - 306 - 307 - 311 - 313 - 314 - 315 - 317 - 318 - 319 - 320 - 321 - 324 - 325 - 327 - 328 - 329 - 331 - 333 - 334 - 335 - 336 - 337 - 338 - 342 - 344 - 347 - 348 - 350 - 351 - 353 - 354 - 356 - 358 - 359 - 360 - 361 - 362 - 364 - 366 - 368 - 371 - 373 - 374 - 375 - 377 - 378 - 381 - 387 - 388 - 389 - 390 - 391 - 395 - 398 - 401 - 402 - 403 - 404 - 406 - 410 - 411 - 414 - 415 - 416 - 417 - 418 - 419 - 424 - 427 - 428 - 429 - 430 - 432 - 436 - 437 - 439 - 440 - 442 - 443 - 444 - 446 - 447 - 448 - 450 - 452 - 455 - 456 - 457 - 459 - 460 - 461 - 462 - 463 - 464 - 465 - 466 - 467 - 468 - 469 - 470 - 471 - 475 - 476 - 477 - 479 - 480 - 481 - 482 - 483 - 485 - 489 - 490 - 492 - 496 - 497 - 498 - 499,591028.2,3.4,91502,92064,38.43,Cost: 91502 & Capacity: 92064
2 - 4 - 5 - 7 - 8 - 9 - 10 - 11 - 12 - 15 - 16 - 18 - 19 - 20 - 21 - 22 - 23 - 24 - 25 - 27 - 28 - 31 - 32 - 33 - 34 - 35 - 36 - 38 - 39 - 40 - 47 - 49 - 50 - 51 - 52 - 55 - 56 - 57 - 58 - 59 - 60 - 61 - 64 - 66 - 67 - 69 - 70 - 72 - 73 - 75 - 76 - 77 - 78 - 80 - 82 - 83 - 86 - 87 - 88 - 93 - 94 - 97 - 98 - 99 - 100 - 102 - 103 - 104 - 106 - 107 - 108 - 109 - 110 - 111 - 112 - 113 - 114 - 115 - 117 - 119 - 120 - 121 - 123 - 124 - 126 - 128 - 130 - 131 - 132 - 133 - 134 - 139 - 140 - 141 - 145 - 146 - 152 - 153 - 154 - 155 - 156 - 158 - 159 - 160 - 161 - 163 - 164 - 165 - 169 - 170 - 172 - 174 - 175 - 177 - 178 - 180 - 183 - 185 - 186 - 187 - 191 - 193 - 194 - 196 - 197 - 198 - 200 - 202 - 207 - 208 - 212 - 215 - 217 - 218 - 219 - 220 - 221 - 222 - 223 - 224 - 231 - 233 - 234 - 236 - 239 - 241 - 242 - 244 - 245 - 246 - 247 - 248 - 250 - 251 - 253 - 255 - 256 - 257 - 258 - 259 - 260 - 261 - 262 - 263 - 264 - 268 - 269 - 270 - 271 - 272 - 273 - 274 - 277 - 279 - 280 - 283 - 284 - 288 - 289 - 291 - 293 - 298 - 300 - 301 - 303 - 305 - 306 - 307 - 311 - 313 - 314 - 315 - 317 - 318 - 319 - 320 - 321 - 324 - 325 - 327 - 328 - 329 - 331 - 333 - 334 - 335 - 336 - 337 - 338 - 342 - 344 - 347 - 348 - 350 - 351 - 353 - 354 - 356 - 358 - 359 - 360 - 361 - 362 - 364 - 366 - 368 - 371 - 373 - 374 - 375 - 377 - 378 - 381 - 387 - 388 - 389 - 390 - 391 - 395 - 398 - 401 - 402 - 403 - 404 - 406 - 410 - 411 - 414 - 415 - 416 - 417 - 418 - 419 - 424 - 427 - 428 - 429 - 430 - 432 - 436 - 437 - 439 - 440 - 442 - 443 - 444 - 446 - 447 - 448 - 450 - 452 - 455 - 456 - 457 - 459 - 460 - 461 - 462 - 463 - 464 - 465 - 466 - 467 - 468 - 469 - 470 - 471 - 475 - 476 - 477 - 479 - 480 - 481 - 482 - 483 - 485 - 489 - 490 - 492 - 496 - 497 - 498 - 499,591028.2,3.4,91502,92064,41.68,Cost: 91502 & Capacity: 92064
2 - 4 - 5 - 7 - 8 - 9 - 11 - 12 - 14 - 16 - 17 - 18 - 19 - 20 - 21 - 22 - 23 - 24 - 25 - 26 - 27 - 28 - 31 - 33 - 34 - 35 - 36 - 38 - 39 - 40 - 47 - 49 - 50 - 51 - 52 - 55 - 56 - 57 - 58 - 59 - 60 - 61 - 64 - 67 - 69 - 70 - 72 - 73 - 75 - 76 - 77 - 78 - 80 - 82 - 83 - 86 - 87 - 88 - 89 - 93 - 94 - 95 - 97 - 98 - 100 - 102 - 103 - 104 - 105 - 107 - 108 - 109 - 110 - 111 - 112 - 113 - 114 - 115 - 117 - 120 - 121 - 123 - 126 - 128 - 130 - 131 - 132 - 133 - 134 - 139 - 140 - 141 - 142 - 145 - 146 - 152 - 153 - 154 - 155 - 156 - 158 - 159 - 160 - 161 - 163 - 164 - 165 - 166 - 169 - 170 - 172 - 174 - 175 - 177 - 180 - 183 - 185 - 186 - 187 - 190 - 191 - 193 - 194 - 196 - 197 - 198 - 200 - 201 - 202 - 207 - 208 - 212 - 215 - 217 - 218 - 219 - 220 - 221 - 222 - 223 - 225 - 231 - 232 - 233 - 234 - 236 - 239 - 241 - 242 - 244 - 245 - 246 - 247 - 248 - 250 - 251 - 258 - 260 - 262 - 264 - 268 - 269 - 270 - 271 - 272 - 274 - 277 - 278 - 279 - 280 - 283 - 284 - 288 - 289 - 291 - 293 - 297 - 298 - 301 - 303 - 305 - 306 - 307 - 311 - 313 - 314 - 315 - 317 - 319 - 320 - 321 - 324 - 327 - 328 - 329 - 331 - 333 - 334 - 336 - 337 - 342 - 344 - 347 - 350 - 351 - 353 - 354 - 356 - 358 - 359 - 360 - 361 - 362 - 364 - 366 - 368 - 371 - 372 - 373 - 374 - 375 - 377 - 378 - 381 - 387 - 388 - 389 - 390 - 391 - 395 - 398 - 401 - 402 - 403 - 404 - 410 - 411 - 414 - 416 - 417 - 418 - 424 - 428 - 429 - 430 - 432 - 436 - 437 - 439 - 440 - 442 - 443 - 444 - 446 - 447 - 448 - 450 - 455 - 456 - 457 - 459 - 460 - 461 - 462 - 463 - 464 - 465 - 467 - 468 - 470 - 471 - 474 - 475 - 476 - 477 - 479 - 481 - 482 - 483 - 485 - 489 - 490 - 492 - 496 - 497 - 498 - 499,539328.9,5.1,91505,89108,41.96,Cost: 91505 & Capacity: 89108
2 - 4 - 5 - 7 - 8 - 9 - 10 - 11 - 12 - 15 - 16 - 18 - 19 - 20 - 21 - 22 - 23 - 24 - 25 - 27 - 28 - 31 - 33 - 34 - 35 - 36 - 38 - 39 - 40 - 47 - 49 - 50 - 51 - 52 - 55 - 56 - 57 - 58 - 59 - 60 - 61 - 64 - 66 - 67 - 69 - 70 - 72 - 73 - 75 - 76 - 77 - 78 - 80 - 82 - 83 - 86 - 87 - 88 - 93 - 94 - 97 - 98 - 99 - 100 - 102 - 103 - 104 - 106 - 107 - 108 - 109 - 110 - 111 - 112 - 113 - 114 - 115 - 117 - 119 - 120 - 121 - 123 - 126 - 128 - 130 - 131 - 132 - 133 - 134 - 139 - 140 - 141 - 145 - 146 - 152 - 153 - 154 - 155 - 156 - 158 - 159 - 160 - 161 - 163 - 164 - 165 - 169 - 170 - 172 - 174 - 175 - 177 - 178 - 180 - 183 - 185 - 186 - 187 - 191 - 193 - 194 - 196 - 197 - 198 - 200 - 201 - 202 - 207 - 208 - 212 - 215 - 216 - 217 - 218 - 219 - 220 - 221 - 222 - 223 - 224 - 225 - 231 - 233 - 234 - 236 - 239 - 241 - 242 - 244 - 245 - 246 - 247 - 248 - 250 - 251 - 253 - 255 - 256 - 257 - 258 - 259 - 260 - 261 - 262 - 263 - 264 - 268 - 269 - 270 - 271 - 272 - 273 - 274 - 277 - 279 - 280 - 283 - 284 - 288 - 289 - 291 - 293 - 298 - 300 - 301 - 303 - 305 - 306 - 307 - 311 - 313 - 314 - 315 - 317 - 318 - 319 - 320 - 321 - 324 - 325 - 327 - 328 - 329 - 331 - 333 - 334 - 335 - 336 - 337 - 338 - 342 - 344 - 347 - 348 - 350 - 351 - 353 - 354 - 356 - 358 - 359 - 360 - 361 - 362 - 364 - 366 - 368 - 371 - 373 - 374 - 375 - 377 - 378 - 381 - 387 - 388 - 389 - 390 - 391 - 395 - 398 - 401 - 402 - 403 - 404 - 406 - 410 - 411 - 414 - 415 - 416 - 417 - 418 - 419 - 424 - 427 - 428 - 429 - 430 - 432 - 436 - 437 - 439 - 440 - 442 - 443 - 444 - 446 - 447 - 448 - 450 - 452 - 455 - 456 - 457 - 459 - 460 - 461 - 462 - 463 - 464 - 465 - 467 - 468 - 469 - 470 - 471 - 475 - 476 - 477 - 479 - 480 - 481 - 482 - 483 - 485 - 489 - 490 - 492 - 496 - 497 - 498 - 499,591267.3,3.4,91498,92463,48.07,Cost: 91498 & Capacity: 92463
2 - 4 - 5 - 7 - 8 - 9 - 10 - 11 - 12 - 15 - 16 - 18 - 19 - 20 - 21 - 22 - 23 - 24 - 25 - 27 - 28 - 31 - 32 - 33 - 34 - 35 - 36 - 38 - 39 - 40 - 47 - 49 - 50 - 51 - 52 - 55 - 56 - 57 - 58 - 59 - 60 - 61 - 64 - 66 - 67 - 69 - 70 - 72 - 73 - 75 - 76 - 77 - 78 - 80 - 82 - 83 - 86 - 87 - 88 - 93 - 94 - 97 - 98 - 99 - 100 - 102 - 103 - 104 - 106 - 107 - 108 - 109 - 110 - 111 - 112 - 113 - 114 - 115 - 117 - 119 - 120 - 121 - 123 - 124 - 126 - 128 - 130 - 131 - 132 - 133 - 134 - 139 - 140 - 141 - 145 - 146 - 152 - 153 - 154 - 155 - 156 - 158 - 159 - 160 - 161 - 163 - 164 - 165 - 169 - 170 - 172 - 174 - 175 - 177 - 178 - 180 - 183 - 185 - 186 - 187 - 191 - 193 - 194 - 196 - 197 - 198 - 200 - 202 - 207 - 208 - 212 - 215 - 217 - 218 - 219 - 220 - 221 - 222 - 223 - 224 - 231 - 233 - 234 - 236 - 239 - 241 - 242 - 244 - 245 - 246 - 247 - 248 - 250 - 251 - 253 - 255 - 256 - 257 - 258 - 259 - 260 - 261 - 262 - 263 - 264 - 268 - 269 - 270 - 271 - 272 - 273 - 274 - 277 - 279 - 280 - 283 - 284 - 288 - 289 - 291 - 293 - 298 - 300 - 301 - 303 - 305 - 306 - 307 - 311 - 313 - 314 - 315 - 317 - 318 - 319 - 320 - 321 - 324 - 325 - 327 - 328 - 329 - 331 - 333 - 334 - 335 - 336 - 337 - 338 - 342 - 344 - 347 - 348 - 350 - 351 - 353 - 354 - 356 - 358 - 359 - 360 - 361 - 362 - 364 - 366 - 368 - 371 - 373 - 374 - 375 - 377 - 378 - 381 - 387 - 388 - 389 - 390 - 391 - 395 - 398 - 401 - 402 - 403 - 404 - 406 - 410 - 411 - 414 - 415 - 416 - 417 - 418 - 419 - 424 - 427 - 428 - 429 - 430 - 432 - 436 - 437 - 439 - 440 - 442 - 443 - 444 - 446 - 447 - 448 - 450 - 452 - 455 - 456 - 457 - 459 - 460 - 461 - 462 - 463 - 464 - 465 - 466 - 467 - 468 - 469 - 470 - 471 - 475 - 476 - 477 - 479 - 480 - 481 - 482 - 483 - 485 - 489 - 490 - 492 - 496 - 497 - 498 - 499,591028.2,3.4,91502,92064,48.12,Cost: 91502 & Capacity: 92064
2 - 4 - 5 - 7 - 8 - 9 - 10 - 11 - 12 - 15 - 16 - 18 - 19 - 20 - 21 - 22 - 23 - 24 - 25 - 27 - 28 - 31 - 32 - 33 - 34 - 35 - 36 - 38 - 39 - 40 - 47 - 49 - 50 - 51 - 52 - 55 - 56 - 57 - 58 - 59 - 60 - 61 - 64 - 66 - 67 - 69 - 70 - 72 - 73 - 75 - 76 - 77 - 78 - 80 - 82 - 83 - 86 - 87 - 88 - 93 - 94 - 97 - 98 - 99 - 100 - 102 - 103 - 104 - 106 - 107 - 108 - 109 - 110 - 111 - 112 - 113 - 114 - 115 - 117 - 119 - 120 - 121 - 123 - 124 - 126 - 128 - 130 - 131 - 132 - 133 - 134 - 139 - 140 - 141 - 145 - 146 - 152 - 153 - 154 - 155 - 156 - 158 - 159 - 160 - 161 - 163 - 164 - 165 - 169 - 170 - 172 - 174 - 175 - 177 - 178 - 180 - 183 - 185 - 186 - 187 - 191 - 193 - 194 - 196 - 197 - 198 - 200 - 202 - 207 - 208 - 212 - 215 - 217 - 218 - 219 - 220 - 221 - 222 - 223 - 224 - 231 - 233 - 234 - 236 - 239 - 241 - 242 - 244 - 245 - 246 - 247 - 248 - 250 - 251 - 253 - 255 - 256 - 257 - 258 - 259 - 260 - 261 - 262 - 263 - 264 - 268 - 269 - 270 - 271 - 272 - 273 - 274 - 277 - 279 - 280 - 283 - 284 - 288 - 289 - 291 - 293 - 298 - 300 - 301 - 303 - 305 - 306 - 307 - 311 - 313 - 314 - 315 - 317 - 318 - 319 - 320 - 321 - 324 - 325 - 327 - 328 - 329 - 331 - 333 - 334 - 335 - 336 - 337 - 338 - 342 - 344 - 347 - 348 - 350 - 351 - 353 - 354 - 356 - 358 - 359 - 360 - 361 - 362 - 364 - 366 - 368 - 371 - 373 - 374 - 375 - 377 - 378 - 381 - 387 - 388 - 389 - 390 - 391 - 395 - 398 - 401 - 402 - 403 - 404 - 406 - 410 - 411 - 414 - 415 - 416 - 417 - 418 - 419 - 424 - 427 - 428 - 429 - 430 - 432 - 436 - 437 - 439 - 440 - 442 - 443 - 444 - 446 - 447 - 448 - 450 - 452 - 455 - 456 - 457 - 459 - 460 - 461 - 462 - 463 - 464 - 465 - 466 - 467 - 468 - 469 - 470 - 471 - 475 - 476 - 477 - 479 - 480 - 481 - 482 - 483 - 485 - 489 - 490 - 492 - 496 - 497 - 498 - 499,591028.2,3.4,91502,92064,50.75,Cost: 91502 & Capacity: 92064
2 - 4 - 5 - 7 - 8 - 9 - 10 - 11 - 12 - 15 - 16 - 18 - 19 - 20 - 21 - 22 - 23 - 24 - 25 - 27 - 28 - 31 - 32 - 33 - 34 - 35 - 36 - 38 - 39 - 40 - 47 - 49 - 50 - 51 - 52 - 55 - 56 - 57 - 58 - 59 - 60 - 61 - 64 - 66 - 67 - 69 - 70 - 72 - 73 - 75 - 76 - 77 - 78 - 80 - 82 - 83 - 86 - 87 - 88 - 93 - 94 - 97 - 98 - 99 - 100 - 102 - 103 - 104 - 106 - 107 - 108 - 109 - 110 - 111 - 112 - 113 - 114 - 115 - 117 - 119 - 120 - 121 - 123 - 124 - 126 - 128 - 130 - 131 - 132 - 133 - 134 - 139 - 140 - 141 - 145 - 146 - 152 - 153 - 154 - 155 - 156 - 158 - 159 - 160 - 161 - 163 - 164 - 165 - 169 - 170 - 172 - 174 - 175 - 177 - 178 - 180 - 183 - 185 - 186 - 187 - 191 - 193 - 194 - 196 - 197 - 198 - 200 - 202 - 207 - 208 - 212 - 215 - 217 - 218 - 219 - 220 - 221 - 222 - 223 - 224 - 231 - 233 - 234 - 236 - 239 - 241 - 242 - 244 - 245 - 246 - 247 - 248 - 250 - 251 - 253 - 255 - 256 - 257 - 258 - 259 - 260 - 261 - 262 - 263 - 264 - 268 - 269 - 270 - 271 - 272 - 273 - 274 - 277 - 279 - 280 - 283 - 284 - 288 - 289 - 291 - 293 - 298 - 300 - 301 - 303 - 305 - 306 - 307 - 311 - 313 - 314 - 315 - 317 - 318 - 319 - 320 - 321 - 324 - 325 - 327 - 328 - 329 - 331 - 333 - 334 - 335 - 336 - 337 - 338 - 342 - 344 - 347 - 348 - 350 - 351 - 353 - 354 - 356 - 358 - 359 - 360 - 361 - 362 - 364 - 366 - 368 - 371 - 373 - 374 - 375 - 377 - 378 - 381 - 387 - 388 - 389 - 390 - 391 - 395 - 398 - 401 - 402 - 403 - 404 - 406 - 410 - 411 - 414 - 415 - 416 - 417 - 418 - 419 - 424 - 427 - 428 - 429 - 430 - 432 - 436 - 437 - 439 - 440 - 442 - 443 - 444 - 446 - 447 - 448 - 450 - 452 - 455 - 456 - 457 - 459 - 460 - 461 - 462 - 463 - 464 - 465 - 466 - 467 - 468 - 469 - 470 - 471 - 475 - 476 - 477 - 479 - 480 - 481 - 482 - 483 - 485 - 489 - 490 - 492 - 496 - 497 - 498 - 499,591028.2,3.4,91502,92064,52.26,Cost: 91502 & Capacity: 92064
2 - 4 - 5 - 7 - 8 - 9 - 10 - 11 - 12 - 15 - 16 - 18 - 19 - 20 - 21 - 22 - 23 - 24 - 25 - 27 - 28 - 31 - 32 - 33 - 34 - 35 - 36 - 38 - 39 - 40 - 47 - 49 - 50 - 51 - 52 - 55 - 56 - 57 - 58 - 59 - 60 - 61 - 64 - 66 - 67 - 69 - 70 - 72 - 73 - 75 - 76 - 77 - 78 - 80 - 82 - 83 - 86 - 87 - 88 - 93 - 94 - 97 - 98 - 99 - 100 - 102 - 103 - 104 - 106 - 107 - 108 - 109 - 110 - 111 - 112 - 113 - 114 - 115 - 117 - 119 - 120 - 121 - 123 - 124 - 126 - 128 - 130 - 131 - 132 - 133 - 134 - 139 - 140 - 141 - 145 - 146 - 152 - 153 - 154 - 155 - 156 - 158 - 159 - 160 - 161 - 163 - 164 - 165 - 169 - 170 - 172 - 174 - 175 - 177 - 178 - 180 - 183 - 185 - 186 - 187 - 191 - 193 - 194 - 196 - 197 - 198 - 200 - 202 - 207 - 208 - 212 - 215 - 217 - 218 - 219 - 220 - 221 - 222 - 223 - 224 - 231 - 233 - 234 - 236 - 239 - 241 - 242 - 244 - 245 - 246 - 247 - 248 - 250 - 251 - 253 - 255 - 256 - 257 - 258 - 259 - 260 - 261 - 262 - 263 - 264 - 268 - 269 - 270 - 271 - 272 - 273 - 274 - 277 - 279 - 280 - 283 - 284 - 288 - 289 - 291 - 293 - 298 - 300 - 301 - 303 - 305 - 306 - 307 - 311 - 313 - 314 - 315 - 317 - 318 - 319 - 320 - 321 - 324 - 325 - 327 - 328 - 329 - 331 - 333 - 334 - 335 - 336 - 337 - 338 - 342 - 344 - 347 - 348 - 350 - 351 - 353 - 354 - 356 - 358 - 359 - 360 - 361 - 362 - 364 - 366 - 368 - 371 - 373 - 374 - 375 - 377 - 378 - 381 - 387 - 388 - 389 - 390 - 391 - 395 - 398 - 401 - 402 - 403 - 404 - 406 - 410 - 411 - 414 - 415 - 416 - 417 - 418 - 419 - 424 - 427 - 428 - 429 - 430 - 432 - 436 - 437 - 439 - 440 - 442 - 443 - 444 - 446 - 447 - 448 - 450 - 452 - 455 - 456 - 457 - 459 - 460 - 461 - 462 - 463 - 464 - 465 - 466 - 467 - 468 - 469 - 470 - 471 - 475 - 476 - 477 - 479 - 480 - 481 - 482 - 483 - 485 - 489 - 490 - 492 - 496 - 497 - 498 - 499,591028.2,3.4,91502,92064,54.13,Cost: 91502 & Capacity: 92064
2 - 4 - 5 - 7 - 8 - 9 - 10 - 11 - 12 - 15 - 16 - 18 - 19 - 20 - 21 - 22 - 23 - 24 - 25 - 27 - 28 - 31 - 32 - 33 - 34 - 35 - 36 - 38 - 39 - 40 - 47 - 49 - 50 - 51 - 52 - 55 - 56 - 57 - 58 - 59 - 60 - 61 - 64 - 66 - 67 - 69 - 70 - 72 - 73 - 75 - 76 - 77 - 78 - 80 - 82 - 83 - 86 - 87 - 88 - 93 - 94 - 97 - 98 - 99 - 100 - 102 - 103 - 104 - 106 - 107 - 108 - 109 - 110 - 111 - 112 - 113 - 114 - 115 - 117 - 119 - 120 - 121 - 123 - 124 - 126 - 128 - 130 - 131 - 132 - 133 - 134 - 139 - 140 - 141 - 145 - 146 - 152 - 153 - 154 - 155 - 156 - 158 - 159 - 160 - 161 - 163 - 164 - 165 - 169 - 170 - 172 - 174 - 175 - 177 - 178 - 180 - 183 - 185 - 186 - 187 - 191 - 193 - 194 - 196 - 197 - 198 - 200 - 202 - 207 - 208 - 212 - 215 - 217 - 218 - 219 - 220 - 221 - 222 - 223 - 224 - 231 - 233 - 234 - 236 - 239 - 241 - 242 - 244 - 245 - 246 - 247 - 248 - 250 - 251 - 253 - 255 - 256 - 257 - 258 - 259 - 260 - 261 - 262 - 263 - 264 - 268 - 269 - 270 - 271 - 272 - 273 - 274 - 277 - 279 - 280 - 283 - 284 - 288 - 289 - 291 - 293 - 298 - 300 - 301 - 303 - 305 - 306 - 307 - 311 - 313 - 314 - 315 - 317 - 318 - 319 - 320 - 321 - 324 - 325 - 327 - 328 - 329 - 331 - 333 - 334 - 335 - 336 - 337 - 338 - 342 - 344 - 347 - 348 - 350 - 351 - 353 - 354 - 356 - 358 - 359 - 360 - 361 - 362 - 364 - 366 - 368 - 371 - 373 - 374 - 375 - 377 - 378 - 381 - 387 - 388 - 389 - 390 - 391 - 395 - 398 - 401 - 402 - 403 - 404 - 406 - 410 - 411 - 414 - 415 - 416 - 417 - 418 - 419 - 424 - 427 - 428 - 429 - 430 - 432 - 436 - 437 - 439 - 440 - 442 - 443 - 444 - 446 - 447 - 448 - 450 - 452 - 455 - 456 - 457 - 459 - 460 - 461 - 462 - 463 - 464 - 465 - 466 - 467 - 468 - 469 - 470 - 471 - 475 - 476 - 477 - 479 - 480 - 481 - 482 - 483 - 485 - 489 - 490 - 492 - 496 - 497 - 498 - 499,591028.2,3.4,91502,92064,55.58,Cost: 91502 & Capacity: 92064
0 - 2 - 5 - 12 - 14 - 23 - 26 - 27 - 31 - 33 - 34 - 55 - 56 - 59 - 61 - 62 - 63 - 69 - 70 - 72 - 74 - 76 - 77 - 90 - 100 - 104 - 105 - 106 - 108 - 114 - 121 - 130 - 136 - 140 - 142 - 146 - 148 - 149 - 152 - 155 - 159 - 161 - 164 - 166 - 167 - 169 - 173 - 176 - 183 - 190 - 193 - 196 - 197 - 201 - 204 - 205 - 208 - 212 - 215 - 217 - 223 - 225 - 228 - 229 - 233 - 236 - 250 - 253 - 258 - 266 - 271 - 274 - 275 - 278 - 279 - 282 - 283 - 284 - 287 - 290 - 291 - 292 - 293 - 296 - 298 - 312 - 314 - 320 - 321 - 323 - 333 - 334 - 339 - 343 - 346 - 351 - 353 - 357 - 358 - 364 - 367 - 372 - 374 - 375 - 380 - 387 - 388 - 391 - 403 - 404 - 406 - 409 - 416 - 418 - 423 - 425 - 427 - 429 - 437 - 442 - 445 - 450 - 456 - 457 - 460 - 468 - 470 - 478 - 479 - 483 - 484 - 495 - 498 - 499,129661.4,8.2,78138,62116,56.72,Cost: 78138 & Capacity: 62116
2 - 4 - 5 - 7 - 8 - 10 - 14 - 16 - 17 - 18 - 19 - 20 - 22 - 23 - 24 - 25 - 26 - 27 - 28 - 29 - 31 - 33 - 34 - 35 - 36 - 38 - 40 - 45 - 47 - 49 - 50 - 51 - 55 - 56 - 57 - 58 - 59 - 61 - 63 - 66 - 69 - 70 - 73 - 74 - 75 - 76 - 77 - 78 - 80 - 82 - 86 - 88 - 89 - 93 - 94 - 95 - 97 - 98 - 99 - 100 - 104 - 107 - 108 - 109 - 110 - 111 - 113 - 114 - 115 - 117 - 120 - 121 - 123 - 126 - 128 - 130 - 131 - 132 - 134 - 140 - 141 - 142 - 145 - 146 - 152 - 153 - 154 - 155 - 156 - 158 - 160 - 161 - 163 - 166 - 169 - 172 - 174 - 175 - 177 - 180 - 182 - 183 - 185 - 186 - 187 - 190 - 191 - 193 - 194 - 196 - 200 - 201 - 202 - 204 - 208 - 212 - 215 - 218 - 219 - 221 - 222 - 223 - 225 - 229 - 231 - 232 - 233 - 234 - 236 - 239 - 241 - 242 - 244 - 245 - 247 - 249 - 251 - 252 - 258 - 259 - 260 - 264 - 268 - 270 - 274 - 277 - 278 - 279 - 280 - 283 - 287 - 288 - 289 - 291 - 293 - 297 - 298 - 299 - 301 - 305 - 306 - 307 - 308 - 311 - 313 - 314 - 315 - 320 - 323 - 327 - 328 - 329 - 333 - 334 - 335 - 336 - 338 - 342 - 344 - 346 - 347 - 350 - 351 - 353 - 354 - 356 - 358 - 360 - 364 - 366 - 369 - 370 - 371 - 372 - 373 - 374 - 375 - 377 - 378 - 387 - 388 - 392 - 399 - 401 - 402 - 403 - 404 - 410 - 411 - 414 - 416 - 417 - 418 - 425 - 429 - 432 - 436 - 437 - 439 - 440 - 442 - 443 - 444 - 446 - 447 - 448 - 450 - 456 - 457 - 459 - 460 - 461 - 464 - 468 - 470 - 471 - 472 - 474 - 475 - 477 - 478 - 479 - 480 - 481 - 483 - 484 - 485 - 486 - 489 - 490 - 492 - 498 - 499,424086.6,6.0,91493,82716,57.73,Cost: 91493 & Capacity: 82716
2 - 4 - 5 - 7 - 8 - 9 - 10 - 11 - 12 - 15 - 16 - 18 - 19 - 20 - 21 - 22 - 23 - 24 - 25 - 27 - 28 - 31 - 32 - 33 - 34 - 35 - 36 - 38 - 39 - 40 - 47 - 49 - 50 - 51 - 52 - 55 - 56 - 57 - 58 - 59 - 60 - 61 - 64 - 66 - 67 - 69 - 70 - 72 - 73 - 75 - 76 - 77 - 78 - 80 - 82 - 83 - 86 - 87 - 88 - 93 - 94 - 97 - 98 - 99 - 100 - 102 - 103 - 104 - 106 - 107 - 108 - 109 - 110 - 111 - 112 - 113 - 114 - 115 - 117 - 119 - 120 - 121 - 123 - 124 - 126 - 128 - 130 - 131 - 132 - 133 - 134 - 139 - 140 - 141 - 145 - 146 - 152 - 153 - 154 - 155 - 156 - 158 - 159 - 160 - 161 - 163 - 164 - 165 - 169 - 170 - 172 - 174 - 175 - 177 - 178 - 180 - 183 - 185 - 186 - 187 - 191 - 193 - 194 - 196 - 197 - 198 - 200 - 202 - 207 - 208 - 212 - 215 - 217 - 218 - 219 - 220 - 221 - 222 - 223 - 224 - 231 - 233 - 234 - 236 - 239 - 241 - 242 - 244 - 245 - 246 - 247 - 248 - 250 - 251 - 253 - 255 - 256 - 257 - 258 - 259 - 260 - 261 - 262 - 263 - 264 - 268 - 269 - 270 - 271 - 272 - 273 - 274 - 277 - 279 - 280 - 283 - 284 - 288 - 289 - 291 - 293 - 298 - 300 - 301 - 303 - 305 - 306 - 307 - 311 - 313 - 314 - 315 - 317 - 318 - 319 - 320 - 321 - 324 - 325 - 327 - 328 - 329 - 331 - 333 - 334 - 335 - 336 - 337 - 338 - 342 - 344 - 347 - 348 - 350 - 351 - 353 - 354 - 356 - 358 - 359 - 360 - 361 - 362 - 364 - 366 - 368 - 371 - 373 - 374 - 375 - 377 - 378 - 381 - 387 - 388 - 389 - 390 - 391 - 395 - 398 - 401 - 402 - 403 - 404 - 406 - 410 - 411 - 414 - 415 - 416 - 417 - 418 - 419 - 424 - 427 - 428 - 429 - 430 - 432 - 436 - 437 - 439 - 440 - 442 - 443 - 444 - 446 - 447 - 448 - 450 - 452 - 455 - 456 - 457 - 459 - 460 - 461 - 462 - 463 - 464 - 465 - 466 - 467 - 468 - 469 - 470 - 471 - 475 - 476 - 477 - 479 - 480 - 481 - 482 - 483 - 485 - 489 - 490 - 492 - 496 - 497 - 498 - 499,591028.2,3.4,91502,92064,64.51,Cost: 91502 & Capacity: 92064
1 - 2 - 3 - 5 - 12 - 14 - 23 - 26 - 27 - 31 - 33 - 34 - 37 - 49 - 55 - 56 - 59 - 62 - 69 - 70 - 72 - 74 - 76 - 77 - 82 - 86 - 87 - 90 - 99 - 100 - 104 - 105 - 106 - 108 - 109 - 114 - 115 - 121 - 124 - 125 - 130 - 136 - 140 - 142 - 144 - 146 - 148 - 152 - 155 - 158 - 161 - 164 - 166 - 172 - 176 - 183 - 190 - 191 - 193 - 194 - 196 - 197 - 201 - 204 - 205 - 208 - 215 - 217 - 222 - 229 - 230 - 233 - 234 - 235 - 239 - 242 - 249 - 250 - 252 - 253 - 254 - 258 - 266 - 275 - 277 - 278 - 279 - 283 - 284 - 287 - 290 - 291 - 292 - 293 - 298 - 300 - 306 - 308 - 311 - 314 - 319 - 321 - 323 - 330 - 334 - 339 - 343 - 346 - 351 - 353 - 355 - 357 - 358 - 360 - 361 - 362 - 369 - 372 - 374 - 375 - 380 - 387 - 388 - 389 - 391 - 392 - 401 - 403 - 404 - 409 - 411 - 415 - 418 - 422 - 425 - 427 - 428 - 429 - 432 - 434 - 437 - 442 - 445 - 450 - 451 - 463 - 468 - 470 - 471 - 477 - 479 - 483 - 484 - 485 - 497 - 498 - 499,174820.3,7.8,89531,70412,67.13,Cost: 89531 & Capacity: 70412
2 - 4 - 5 - 7 - 8 - 9 - 10 - 11 - 12 - 15 - 16 - 18 - 19 - 20 - 21 - 22 - 23 - 24 - 25 - 27 - 28 - 31 - 32 - 33 - 34 - 35 - 36 - 38 - 39 - 40 - 47 - 49 - 50 - 51 - 52 - 55 - 56 - 57 - 58 - 59 - 60 - 61 - 64 - 66 - 67 - 69 - 70 - 72 - 73 - 75 - 76 - 77 - 78 - 80 - 82 - 83 - 86 - 87 - 88 - 93 - 94 - 97 - 98 - 99 - 100 - 102 - 103 - 104 - 106 - 107 - 108 - 109 - 110 - 111 - 112 - 113 - 114 - 115 - 117 - 119 - 120 - 121 - 123 - 124 - 126 - 128 - 130 - 131 - 132 - 133 - 134 - 139 - 140 - 141 - 145 - 146 - 152 - 153 - 154 - 155 - 156 - 158 - 159 - 160 - 161 - 163 - 164 - 165 - 169 - 170 - 172 - 174 - 175 - 177 - 178 - 180 - 183 - 185 - 186 - 187 - 191 - 193 - 194 - 196 - 197 - 198 - 200 - 202 - 207 - 208 - 212 - 215 - 217 - 218 - 219 - 220 - 221 - 222 - 223 - 224 - 231 - 233 - 234 - 236 - 239 - 241 - 242 - 244 - 245 - 246 - 247 - 248 - 250 - 251 - 253 - 255 - 256 - 257 - 258 - 259 - 260 - 261 - 262 - 263 - 264 - 268 - 269 - 270 - 271 - 272 - 273 - 274 - 277 - 279 - 280 - 283 - 284 - 288 - 289 - 291 - 293 - 298 - 300 - 301 - 303 - 305 - 306 - 307 - 311 - 313 - 314 - 315 - 317 - 318 - 319 - 320 - 321 - 324 - 325 - 327 - 328 - 329 - 331 - 333 - 334 - 335 - 336 - 337 - 338 - 342 - 344 - 347 - 348 - 350 - 351 - 353 - 354 - 356 - 358 - 359 - 360 - 361 - 362 - 364 - 366 - 368 - 371 - 373 - 374 - 375 - 377 - 378 - 381 - 387 - 388 - 389 - 390 - 391 - 395 - 398 - 401 - 402 - 403 - 404 - 406 - 410 - 411 - 414 - 415 - 416 - 417 - 418 - 419 - 424 - 427 - 428 - 429 - 430 - 432 - 436 - 437 - 439 - 440 - 442 - 443 - 444 - 446 - 447 - 448 - 450 - 452 - 455 - 456 - 457 - 459 - 460 - 461 - 462 - 463 - 464 - 465 - 466 - 467 - 468 - 469 - 470 - 471 - 475 - 476 - 477 - 479 - 480 - 481 - 482 - 483 - 485 - 489 - 490 - 492 - 496 - 497 - 498 - 499,591028.2,3.4,91502,92064,67.48,Cost: 91502 & Capacity: 92064
10 - 14 - 23 - 26 - 33 - 40 - 62 - 69 - 70 - 74 - 76 - 85 - 90 - 97 - 100 - 101 - 104 - 105 - 106 - 108 - 121 - 133 - 134 - 136 - 140 - 146 - 148 - 149 - 150 - 152 - 164 - 176 - 181 - 183 - 190 - 193 - 196 - 197 - 201 - 204 - 205 - 208 - 217 - 225 - 228 - 229 - 230 - 250 - 253 - 258 - 265 - 266 - 274 - 275 - 276 - 278 - 291 - 292 - 293 - 298 - 301 - 312 - 323 - 339 - 343 - 346 - 351 - 360 - 367 - 369 - 371 - 374 - 387 - 393 - 397 - 398 - 404 - 405 - 415 - 418 - 423 - 429 - 437 - 443 - 445 - 450 - 456 - 463 - 468 - 471 - 472 - 476 - 484 - 488 - 499,65497.5,8.8,68426,52267,69.16,Cost: 68426 & Capacity: 52267
2 - 4 - 5 - 7 - 8 - 10 - 11 - 12 - 13 - 14 - 15 - 16 - 17 - 18 - 19 - 20 - 22 - 23 - 24 - 25 - 26 - 27 - 28 - 29 - 31 - 33 - 34 - 35 - 36 - 38 - 40 - 45 - 47 - 49 - 50 - 51 - 52 - 55 - 56 - 57 - 58 - 59 - 60 - 61 - 64 - 66 - 67 - 69 - 70 - 72 - 73 - 74 - 75 - 76 - 77 - 78 - 80 - 82 - 86 - 88 - 89 - 93 - 94 - 95 - 97 - 98 - 99 - 100 - 104 - 107 - 108 - 109 - 110 - 111 - 112 - 113 - 114 - 115 - 117 - 119 - 120 - 121 - 123 - 126 - 128 - 130 - 131 - 132 - 133 - 134 - 140 - 141 - 142 - 145 - 146 - 152 - 153 - 154 - 155 - 156 - 158 - 160 - 161 - 163 - 166 - 169 - 172 - 174 - 175 - 177 - 180 - 183 - 185 - 186 - 187 - 190 - 191 - 193 - 194 - 196 - 198 - 200 - 201 - 202 - 208 - 212 - 215 - 218 - 219 - 220 - 221 - 222 - 223 - 225 - 231 - 232 - 233 - 234 - 236 - 239 - 241 - 242 - 244 - 245 - 246 - 247 - 248 - 251 - 258 - 259 - 260 - 262 - 264 - 268 - 269 - 270 - 272 - 274 - 277 - 278 - 279 - 280 - 283 - 288 - 289 - 291 - 293 - 294 - 297 - 298 - 301 - 306 - 307 - 308 - 311 - 313 - 314 - 315 - 317 - 320 - 321 - 327 - 328 - 329 - 331 - 333 - 334 - 335 - 336 - 337 - 338 - 342 - 344 - 346 - 347 - 348 - 350 - 351 - 353 - 354 - 355 - 356 - 358 - 360 - 361 - 362 - 364 - 366 - 369 - 371 - 372 - 373 - 374 - 375 - 377 - 378 - 381 - 387 - 388 - 391 - 395 - 398 - 399 - 401 - 402 - 403 - 404 - 407 - 410 - 411 - 414 - 416 - 417 - 418 - 424 - 428 - 429 - 436 - 437 - 439 - 440 - 442 - 443 - 444 - 446 - 447 - 448 - 450 - 456 - 457 - 459 - 460 - 461 - 464 - 465 - 467 - 468 - 470 - 474 - 475 - 476 - 477 - 479 - 481 - 482 - 483 - 485 - 486 - 489 - 490 - 492 - 495 - 496 - 498 - 499,495629.9,5.4,91494,87146,71.48,Cost: 91494 & Capacity: 87146
2 - 4 - 5 - 7 - 8 - 9 - 10 - 11 - 12 - 15 - 16 - 18 - 19 - 20 - 21 - 22 - 23 - 24 - 25 - 27 - 28 - 31 - 32 - 33 - 34 - 35 - 36 - 38 - 39 - 40 - 47 - 49 - 50 - 51 - 52 - 55 - 56 - 57 - 58 - 59 - 60 - 61 - 64 - 66 - 67 - 69 - 70 - 72 - 73 - 75 - 76 - 77 - 78 - 80 - 82 - 83 - 86 - 87 - 88 - 93 - 94 - 97 - 98 - 99 - 100 - 102 - 103 - 104 - 106 - 107 - 108 - 109 - 110 - 111 - 112 - 113 - 114 - 115 - 117 - 119 - 120 - 121 - 123 - 124 - 126 - 128 - 130 - 131 - 132 - 133 - 134 - 139 - 140 - 141 - 145 - 146 - 152 - 153 - 154 - 155 - 156 - 158 - 159 - 160 - 161 - 163 - 164 - 165 - 169 - 170 - 172 - 174 - 175 - 177 - 178 - 180 - 183 - 185 - 186 - 187 - 191 - 193 - 194 - 196 - 197 - 198 - 200 - 202 - 207 - 208 - 212 - 215 - 217 - 218 - 219 - 220 - 221 - 222 - 223 - 224 - 231 - 233 - 234 - 236 - 239 - 241 - 242 - 244 - 245 - 246 - 247 - 248 - 250 - 251 - 253 - 255 - 256 - 257 - 258 - 259 - 260 - 261 - 262 - 263 - 264 - 268 - 269 - 270 - 271 - 272 - 273 - 274 - 277 - 279 - 280 - 283 - 284 - 288 - 289 - 291 - 293 - 298 - 300 - 301 - 303 - 305 - 306 - 307 - 311 - 313 - 314 - 315 - 317 - 318 - 319 - 320 - 321 - 324 - 325 - 327 - 328 - 329 - 331 - 333 - 334 - 335 - 336 - 337 - 338 - 342 - 344 - 347 - 348 - 350 - 351 - 353 - 354 - 356 - 358 - 359 - 360 - 361 - 362 - 364 - 366 - 368 - 371 - 373 - 374 - 375 - 377 - 378 - 381 - 387 - 388 - 389 - 390 - 391 - 395 - 398 - 401 - 402 - 403 - 404 - 406 - 410 - 411 - 414 - 415 - 416 - 417 - 418 - 419 - 424 - 427 - 428 - 429 - 430 - 432 - 436 - 437 - 439 - 440 - 442 - 443 - 444 - 446 - 447 - 448 - 450 - 452 - 455 - 456 - 457 - 459 - 460 - 461 - 462 - 463 - 464 - 465 - 466 - 467 - 468 - 469 - 470 - 471 - 475 - 476 - 477 - 479 - 480 - 481 - 482 - 483 - 485 - 489 - 490 - 492 - 496 - 497 - 498 - 499,591028.2,3.4,91502,92064,74.64,Cost: 91502 & Capacity: 92064
0 - 2 - 5 - 12 - 14 - 23 - 24 - 26 - 27 - 31 - 33 - 34 - 47 - 55 - 56 - 59 - 61 - 62 - 63 - 69 - 70 - 72 - 74 - 76 - 78 - 80 - 88 - 89 - 90 - 99 - 100 - 104 - 105 - 106 - 108 - 109 - 112 - 113 - 114 - 115 - 121 - 124 - 130 - 134 - 136 - 140 - 142 - 144 - 146 - 148 - 149 - 152 - 155 - 159 - 161 - 164 - 166 - 172 - 176 - 182 - 183 - 191 - 193 - 194 - 196 - 197 - 201 - 204 - 207 - 208 - 217 - 220 - 225 - 228 - 229 - 232 - 233 - 236 - 239 - 245 - 249 - 250 - 252 - 253 - 254 - 255 - 258 - 266 - 268 - 274 - 275 - 278 - 279 - 280 - 283 - 284 - 287 - 289 - 290 - 291 - 292 - 293 - 296 - 301 - 308 - 311 - 312 - 314 - 318 - 320 - 321 - 323 - 325 - 329 - 331 - 334 - 341 - 343 - 346 - 350 - 351 - 353 - 357 - 361 - 367 - 369 - 372 - 373 - 374 - 375 - 387 - 388 - 391 - 392 - 394 - 404 - 411 - 415 - 416 - 418 - 422 - 425 - 427 - 437 - 442 - 443 - 445 - 449 - 450 - 456 - 457 - 458 - 459 - 460 - 463 - 464 - 468 - 469 - 470 - 479 - 482 - 483 - 484 - 498 - 499,193830.6,7.6,91456,75245,76.98,Cost: 91456 & Capacity: 75245
2 - 4 - 5 - 7 - 8 - 9 - 10 - 11 - 12 - 15 - 16 - 18 - 19 - 20 - 21 - 22 - 23 - 24 - 25 - 27 - 28 - 31 - 32 - 33 - 34 - 35 - 36 - 38 - 39 - 40 - 47 - 49 - 50 - 51 - 52 - 55 - 56 - 57 - 58 - 59 - 60 - 61 - 64 - 66 - 67 - 69 - 70 - 72 - 73 - 75 - 76 - 77 - 78 - 80 - 82 - 83 - 86 - 87 - 88 - 93 - 94 - 97 - 98 - 99 - 100 - 102 - 103 - 104 - 106 - 107 - 108 - 109 - 110 - 111 - 112 - 113 - 114 - 115 - 117 - 119 - 120 - 121 - 123 - 124 - 126 - 128 - 130 - 131 - 132 - 133 - 134 - 139 - 140 - 141 - 145 - 146 - 152 - 153 - 154 - 155 - 156 - 158 - 159 - 160 - 161 - 163 - 164 - 165 - 169 - 170 - 172 - 174 - 175 - 177 - 178 - 180 - 183 - 185 - 186 - 187 - 191 - 193 - 194 - 196 - 197 - 198 - 200 - 202 - 207 - 208 - 212 - 215 - 217 - 218 - 219 - 220 - 221 - 222 - 223 - 224 - 231 - 233 - 234 - 236 - 239 - 241 - 242 - 244 - 245 - 246 - 247 - 248 - 250 - 251 - 253 - 255 - 256 - 257 - 258 - 259 - 260 - 261 - 262 - 263 - 264 - 268 - 269 - 270 - 271 - 272 - 273 - 274 - 277 - 279 - 280 - 283 - 284 - 288 - 289 - 291 - 293 - 298 - 300 - 301 - 303 - 305 - 306 - 307 - 311 - 313 - 314 - 315 - 317 - 318 - 319 - 320 - 321 - 324 - 325 - 327 - 328 - 329 - 331 - 333 - 334 - 335 - 336 - 337 - 338 - 342 - 344 - 347 - 348 - 350 - 351 - 353 - 354 - 356 - 358 - 359 - 360 - 361 - 362 - 364 - 366 - 368 - 371 - 373 - 374 - 375 - 377 - 378 - 381 - 387 - 388 - 389 - 390 - 391 - 395 - 398 - 401 - 402 - 403 - 404 - 406 - 410 - 411 - 414 - 415 - 416 - 417 - 418 - 419 - 424 - 427 - 428 - 429 - 430 - 432 - 436 - 437 - 439 - 440 - 442 - 443 - 444 - 446 - 447 - 448 - 450 - 452 - 455 - 456 - 457 - 459 - 460 - 461 - 462 - 463 - 464 - 465 - 466 - 467 - 468 - 469 - 470 - 471 - 475 - 476 - 477 - 479 - 480 - 481 - 482 - 483 - 485 - 489 - 490 - 492 - 496 - 497 - 498 - 499,591028.2,3.4,91502,92064,79.4,Cost: 91502 & Capacity: 92064
2 - 4 - 5 - 7 - 8 - 9 - 10 - 11 - 12 - 15 - 16 - 18 - 19 - 20 - 21 - 22 - 23 - 24 - 25 - 27 - 28 - 31 - 32 - 33 - 34 - 35 - 36 - 38 - 39 - 40 - 47 - 49 - 50 - 51 - 52 - 55 - 56 - 57 - 58 - 59 - 60 - 61 - 64 - 66 - 67 - 69 - 70 - 72 - 73 - 75 - 76 - 77 - 78 - 80 - 82 - 83 - 86 - 87 - 88 - 93 - 94 - 97 - 98 - 99 - 100 - 102 - 103 - 104 - 106 - 107 - 108 - 109 - 110 - 111 - 112 - 113 - 114 - 115 - 117 - 119 - 120 - 121 - 123 - 124 - 126 - 128 - 130 - 131 - 132 - 133 - 134 - 139 - 140 - 141 - 145 - 146 - 152 - 153 - 154 - 155 - 156 - 158 - 159 - 160 - 161 - 163 - 164 - 165 - 169 - 170 - 172 - 174 - 175 - 177 - 178 - 180 - 183 - 185 - 186 - 187 - 191 - 193 - 194 - 196 - 197 - 198 - 200 - 202 - 207 - 208 - 212 - 215 - 217 - 218 - 219 - 220 - 221 - 222 - 223 - 224 - 231 - 233 - 234 - 236 - 239 - 241 - 242 - 244 - 245 - 246 - 247 - 248 - 250 - 251 - 253 - 255 - 256 - 257 - 258 - 259 - 260 - 261 - 262 - 263 - 264 - 268 - 269 - 270 - 271 - 272 - 273 - 274 - 277 - 279 - 280 - 283 - 284 - 288 - 289 - 291 - 293 - 298 - 300 - 301 - 303 - 305 - 306 - 307 - 311 - 313 - 314 - 315 - 317 - 318 - 319 - 320 - 321 - 324 - 325 - 327 - 328 - 329 - 331 - 333 - 334 - 335 - 336 - 337 - 338 - 342 - 344 - 347 - 348 - 350 - 351 - 353 - 354 - 356 - 358 - 359 - 360 - 361 - 362 - 364 - 366 - 368 - 371 - 373 - 374 - 375 - 377 - 378 - 381 - 387 - 388 - 389 - 390 - 391 - 395 - 398 - 401 - 402 - 403 - 404 - 406 - 410 - 411 - 414 - 415 - 416 - 417 - 418 - 419 - 424 - 427 - 428 - 429 - 430 - 432 - 436 - 437 - 439 - 440 - 442 - 443 - 444 - 446 - 447 - 448 - 450 - 452 - 455 - 456 - 457 - 459 - 460 - 461 - 462 - 463 - 464 - 465 - 466 - 467 - 468 - 469 - 470 - 471 - 475 - 476 - 477 - 479 - 480 - 481 - 482 - 483 - 485 - 489 - 490 - 492 - 496 - 497 - 498 - 499,591028.2,3.4,91502,92064,81.15,Cost: 91502 & Capacity: 92064
8 - 26 - 28 - 44 - 62 - 69 - 70 - 72 - 82 - 85 - 100 - 104 - 105 - 106 - 108 - 112 - 114 - 121 - 125 - 127 - 134 - 136 - 138 - 140 - 145 - 148 - 161 - 164 - 166 - 176 - 190 - 192 - 195 - 196 - 201 - 204 - 205 - 208 - 209 - 227 - 228 - 229 - 250 - 254 - 256 - 258 - 266 - 275 - 278 - 285 - 292 - 293 - 312 - 323 - 329 - 343 - 346 - 351 - 353 - 357 - 358 - 367 - 369 - 371 - 374 - 379 - 383 - 397 - 406 - 415 - 423 - 425 - 437 - 442 - 443 - 445 - 450 - 451 - 454 - 469 - 471 - 481 - 484,49981.9,8.9,67871,49018,81.73,Cost: 67871 & Capacity: 49018
2 - 4 - 5 - 7 - 8 - 9 - 10 - 11 - 12 - 15 - 16 - 18 - 19 - 20 - 21 - 22 - 23 - 24 - 25 - 27 - 28 - 31 - 33 - 34 - 35 - 36 - 38 - 39 - 40 - 47 - 49 - 50 - 51 - 52 - 55 - 56 - 57 - 58 - 59 - 60 - 61 - 64 - 66 - 67 - 69 - 70 - 72 - 73 - 75 - 76 - 77 - 78 - 80 - 82 - 83 - 86 - 87 - 88 - 93 - 94 - 97 - 98 - 99 - 100 - 102 - 103 - 104 - 106 - 107 - 108 - 109 - 110 - 111 - 112 - 113 - 114 - 115 - 117 - 119 - 120 - 121 - 123 - 126 - 128 - 130 - 131 - 132 - 133 - 134 - 139 - 140 - 141 - 145 - 146 - 152 - 153 - 154 - 155 - 156 - 158 - 159 - 160 - 161 - 163 - 164 - 165 - 169 - 170 - 172 - 174 - 175 - 177 - 178 - 180 - 183 - 185 - 186 - 187 - 191 - 193 - 194 - 196 - 197 - 198 - 200 - 201 - 202 - 207 - 208 - 212 - 215 - 216 - 217 - 218 - 219 - 220 - 221 - 222 - 223 - 224 - 225 - 231 - 233 - 234 - 236 - 239 - 241 - 242 - 244 - 245 - 246 - 247 - 248 - 250 - 251 - 253 - 255 - 256 - 257 - 258 - 259 - 260 - 261 - 262 - 263 - 264 - 268 - 269 - 270 - 271 - 272 - 273 - 274 - 277 - 279 - 280 - 283 - 284 - 288 - 289 - 291 - 293 - 298 - 300 - 301 - 303 - 305 - 306 - 307 - 311 - 313 - 314 - 315 - 317 - 318 - 319 - 320 - 321 - 324 - 325 - 327 - 328 - 329 - 331 - 333 - 334 - 335 - 336 - 337 - 338 - 342 - 344 - 347 - 348 - 350 - 351 - 353 - 354 - 356 - 358 - 359 - 360 - 361 - 362 - 364 - 366 - 368 - 371 - 373 - 374 - 375 - 377 - 378 - 381 - 387 - 388 - 389 - 390 - 391 - 395 - 398 - 401 - 402 - 403 - 404 - 406 - 410 - 411 - 414 - 415 - 416 - 417 - 418 - 419 - 424 - 427 - 428 - 429 - 430 - 432 - 436 - 437 - 439 - 440 - 442 - 443 - 444 - 446 - 447 - 448 - 450 - 452 - 455 - 456 - 457 - 459 - 460 - 461 - 462 - 463 - 464 - 465 - 467 - 468 - 469 - 470 - 471 - 475 - 476 - 477 - 479 - 480 - 481 - 482 - 483 - 485 - 489 - 490 - 492 - 496 - 497 - 498 - 499,591267.3,3.4,91498,92463,89.16,Cost: 91498 & Capacity: 92463
2 - 4 - 5 - 7 - 8 - 9 - 10 - 11 - 12 - 15 - 16 - 18 - 19 - 20 - 21 - 22 - 23 - 24 - 25 - 27 - 28 - 31 - 32 - 33 - 34 - 35 - 36 - 38 - 39 - 40 - 47 - 49 - 50 - 51 - 52 - 55 - 56 - 57 - 58 - 59 - 60 - 61 - 64 - 66 - 67 - 69 - 70 - 72 - 73 - 75 - 76 - 77 - 78 - 80 - 82 - 83 - 86 - 87 - 88 - 93 - 94 - 97 - 98 - 99 - 100 - 102 - 103 - 104 - 106 - 107 - 108 - 109 - 110 - 111 - 112 - 113 - 114 - 115 - 117 - 119 - 120 - 121 - 123 - 124 - 126 - 128 - 130 - 131 - 132 - 133 - 134 - 139 - 140 - 141 - 145 - 146 - 152 - 153 - 154 - 155 - 156 - 158 - 159 - 160 - 161 - 163 - 164 - 165 - 169 - 170 - 172 - 174 - 175 - 177 - 178 - 180 - 183 - 185 - 186 - 187 - 191 - 193 - 194 - 196 - 197 - 198 - 200 - 202 - 207 - 208 - 212 - 215 - 217 - 218 - 219 - 220 - 221 - 222 - 223 - 224 - 231 - 233 - 234 - 236 - 239 - 241 - 242 - 244 - 245 - 246 - 247 - 248 - 250 - 251 - 253 - 255 - 256 - 257 - 258 - 259 - 260 - 261 - 262 - 263 - 264 - 268 - 269 - 270 - 271 - 272 - 273 - 274 - 277 - 279 - 280 - 283 - 284 - 288 - 289 - 291 - 293 - 298 - 300 - 301 - 303 - 305 - 306 - 307 - 311 - 313 - 314 - 315 - 317 - 318 - 319 - 320 - 321 - 324 - 325 - 327 - 328 - 329 - 331 - 333 - 334 - 335 - 336 - 337 - 338 - 342 - 344 - 347 - 348 - 350 - 351 - 353 - 354 - 356 - 358 - 359 - 360 - 361 - 362 - 364 - 366 - 368 - 371 - 373 - 374 - 375 - 377 - 378 - 381 - 387 - 388 - 389 - 390 - 391 - 395 - 398 - 401 - 402 - 403 - 404 - 406 - 410 - 411 - 414 - 415 - 416 - 417 - 418 - 419 - 424 - 427 - 428 - 429 - 430 - 432 - 436 - 437 - 439 - 440 - 442 - 443 - 444 - 446 - 447 - 448 - 450 - 452 - 455 - 456 - 457 - 459 - 460 - 461 - 462 - 463 - 464 - 465 - 466 - 467 - 468 - 469 - 470 - 471 - 475 - 476 - 477 - 479 - 480 - 481 - 482 - 483 - 485 - 489 - 490 - 492 - 496 - 497 - 498 - 499,591028.2,3.4,91502,92064,89.2,Cost: 91502 & Capacity: 92064
2 - 4 - 5 - 7 - 8 - 9 - 10 - 11 - 12 - 15 - 16 - 18 - 19 - 20 - 21 - 22 - 23 - 24 - 25 - 27 - 28 - 31 - 32 - 33 - 34 - 35 - 36 - 38 - 39 - 40 - 47 - 49 - 50 - 51 - 52 - 55 - 56 - 57 - 58 - 59 - 60 - 61 - 64 - 66 - 67 - 69 - 70 - 72 - 73 - 75 - 76 - 77 - 78 - 80 - 82 - 83 - 86 - 87 - 88 - 93 - 94 - 97 - 98 - 99 - 100 - 102 - 103 - 104 - 106 - 107 - 108 - 109 - 110 - 111 - 112 - 113 - 114 - 115 - 117 - 119 - 120 - 121 - 123 - 124 - 126 - 128 - 130 - 131 - 132 - 133 - 134 - 139 - 140 - 141 - 145 - 146 - 152 - 153 - 154 - 155 - 156 - 158 - 159 - 160 - 161 - 163 - 164 - 165 - 169 - 170 - 172 - 174 - 175 - 177 - 178 - 180 - 183 - 185 - 186 - 187 - 191 - 193 - 194 - 196 - 197 - 198 - 200 - 202 - 207 - 208 - 212 - 215 - 217 - 218 - 219 - 220 - 221 - 222 - 223 - 224 - 231 - 233 - 234 - 236 - 239 - 241 - 242 - 244 - 245 - 246 - 247 - 248 - 250 - 251 - 253 - 255 - 256 - 257 - 258 - 259 - 260 - 261 - 262 - 263 - 264 - 268 - 269 - 270 - 271 - 272 - 273 - 274 - 277 - 279 - 280 - 283 - 284 - 288 - 289 - 291 - 293 - 298 - 300 - 301 - 303 - 305 - 306 - 307 - 311 - 313 - 314 - 315 - 317 - 318 - 319 - 320 - 321 - 324 - 325 - 327 - 328 - 329 - 331 - 333 - 334 - 335 - 336 - 337 - 338 - 342 - 344 - 347 - 348 - 350 - 351 - 353 - 354 - 356 - 358 - 359 - 360 - 361 - 362 - 364 - 366 - 368 - 371 - 373 - 374 - 375 - 377 - 378 - 381 - 387 - 388 - 389 - 390 - 391 - 395 - 398 - 401 - 402 - 403 - 404 - 406 - 410 - 411 - 414 - 415 - 416 - 417 - 418 - 419 - 424 - 427 - 428 - 429 - 430 - 432 - 436 - 437 - 439 - 440 - 442 - 443 - 444 - 446 - 447 - 448 - 450 - 452 - 455 - 456 - 457 - 459 - 460 - 461 - 462 - 463 - 464 - 465 - 466 - 467 - 468 - 469 - 470 - 471 - 475 - 476 - 477 - 479 - 480 - 481 - 482 - 483 - 485 - 489 - 490 - 492 - 496 - 497 - 498 - 499,591028.2,3.4,91502,92064,93.45,Cost: 91502 & Capacity: 92064
2 - 4 - 5 - 7 - 8 - 9 - 10 - 11 - 12 - 15 - 16 - 18 - 19 - 20 - 21 - 22 - 23 - 24 - 25 - 27 - 28 - 31 - 32 - 33 - 34 - 35 - 36 - 38 - 39 - 40 - 47 - 49 - 50 - 51 - 52 - 55 - 56 - 57 - 58 - 59 - 60 - 61 - 64 - 66 - 67 - 69 - 70 - 72 - 73 - 75 - 76 - 77 - 78 - 80 - 82 - 83 - 86 - 87 - 88 - 93 - 94 - 97 - 98 - 99 - 100 - 102 - 103 - 104 - 106 - 107 - 108 - 109 - 110 - 111 - 112 - 113 - 114 - 115 - 117 - 119 - 120 - 121 - 123 - 124 - 126 - 128 - 130 - 131 - 132 - 133 - 134 - 139 - 140 - 141 - 145 - 146 - 152 - 153 - 154 - 155 - 156 - 158 - 159 - 160 - 161 - 163 - 164 - 165 - 169 - 170 - 172 - 174 - 175 - 177 - 178 - 180 - 183 - 185 - 186 - 187 - 191 - 193 - 194 - 196 - 197 - 198 - 200 - 202 - 207 - 208 - 212 - 215 - 217 - 218 - 219 - 220 - 221 - 222 - 223 - 224 - 231 - 233 - 234 - 236 - 239 - 241 - 242 - 244 - 245 - 246 - 247 - 248 - 250 - 251 - 253 - 255 - 256 - 257 - 258 - 259 - 260 - 261 - 262 - 263 - 264 - 268 - 269 - 270 - 271 - 272 - 273 - 274 - 277 - 279 - 280 - 283 - 284 - 288 - 289 - 291 - 293 - 298 - 300 - 301 - 303 - 305 - 306 - 307 - 311 - 313 - 314 - 315 - 317 - 318 - 319 - 320 - 321 - 324 - 325 - 327 - 328 - 329 - 331 - 333 - 334 - 335 - 336 - 337 - 338 - 342 - 344 - 347 - 348 - 350 - 351 - 353 - 354 - 356 - 358 - 359 - 360 - 361 - 362 - 364 - 366 - 368 - 371 - 373 - 374 - 375 - 377 - 378 - 381 - 387 - 388 - 389 - 390 - 391 - 395 - 398 - 401 - 402 - 403 - 404 - 406 - 410 - 411 - 414 - 415 - 416 - 417 - 418 - 419 - 424 - 427 - 428 - 429 - 430 - 432 - 436 - 437 - 439 - 440 - 442 - 443 - 444 - 446 - 447 - 448 - 450 - 452 - 455 - 456 - 457 - 459 - 460 - 461 - 462 - 463 - 464 - 465 - 466 - 467 - 468 - 469 - 470 - 471 - 475 - 476 - 477 - 479 - 480 - 481 - 482 - 483 - 485 - 489 - 490 - 492 - 496 - 497 - 498 - 499,591028.2,3.4,91502,92064,98.29,Cost: 91502 & Capacity: 92064
1 - 4 - 5 - 8 - 10 - 12 - 14 - 16 - 17 - 19 - 20 - 21 - 22 - 23 - 24 - 25 - 26 - 27 - 29 - 31 - 33 - 34 - 35 - 38 - 40 - 41 - 45 - 47 - 49 - 50 - 55 - 56 - 57 - 58 - 59 - 61 - 66 - 69 - 70 - 74 - 76 - 77 - 78 - 80 - 82 - 86 - 87 - 88 - 89 - 94 - 98 - 99 - 100 - 102 - 104 - 106 - 108 - 109 - 110 - 112 - 113 - 114 - 115 - 120 - 121 - 123 - 126 - 128 - 130 - 131 - 132 - 134 - 140 - 142 - 145 - 148 - 152 - 153 - 154 - 155 - 156 - 160 - 161 - 163 - 166 - 169 - 172 - 174 - 175 - 178 - 182 - 183 - 185 - 187 - 188 - 190 - 191 - 193 - 194 - 196 - 198 - 201 - 202 - 204 - 208 - 212 - 215 - 218 - 219 - 220 - 222 - 223 - 225 - 232 - 233 - 235 - 236 - 239 - 242 - 244 - 245 - 247 - 251 - 252 - 253 - 257 - 258 - 260 - 264 - 268 - 270 - 272 - 274 - 277 - 278 - 279 - 280 - 283 - 289 - 293 - 296 - 297 - 298 - 299 - 301 - 305 - 306 - 307 - 308 - 311 - 313 - 314 - 315 - 319 - 320 - 321 - 325 - 327 - 328 - 329 - 333 - 334 - 335 - 336 - 344 - 346 - 347 - 350 - 351 - 353 - 354 - 356 - 358 - 359 - 360 - 362 - 364 - 366 - 367 - 369 - 370 - 372 - 373 - 374 - 375 - 377 - 387 - 388 - 390 - 391 - 392 - 394 - 395 - 398 - 399 - 401 - 403 - 404 - 410 - 411 - 415 - 416 - 417 - 418 - 425 - 429 - 430 - 432 - 437 - 439 - 440 - 442 - 443 - 444 - 450 - 456 - 460 - 462 - 466 - 468 - 470 - 471 - 472 - 475 - 476 - 478 - 481 - 483 - 484 - 485 - 489 - 490 - 495 - 496 - 497 - 498 - 499,375964.0,6.3,91506,81842,105.11,Cost: 91506 & Capacity: 81842
2 - 4 - 5 - 7 - 8 - 9 - 10 - 11 - 12 - 15 - 16 - 18 - 19 - 20 - 21 - 22 - 23 - 24 - 25 - 27 - 28 - 31 - 32 - 33 - 34 - 35 - 36 - 38 - 39 - 40 - 47 - 49 - 50 - 51 - 52 - 55 - 56 - 57 - 58 - 59 - 60 - 61 - 64 - 66 - 67 - 69 - 70 - 72 - 73 - 75 - 76 - 77 - 78 - 80 - 82 - 83 - 86 - 87 - 88 - 93 - 94 - 97 - 98 - 99 - 100 - 102 - 103 - 104 - 106 - 107 - 108 - 109 - 110 - 111 - 112 - 113 - 114 - 115 - 117 - 119 - 120 - 121 - 123 - 124 - 126 - 128 - 130 - 131 - 132 - 133 - 134 - 139 - 140 - 141 - 145 - 146 - 152 - 153 - 154 - 155 - 156 - 158 - 159 - 160 - 161 - 163 - 164 - 165 - 169 - 170 - 172 - 174 - 175 - 177 - 178 - 180 - 183 - 185 - 186 - 187 - 191 - 193 - 194 - 196 - 197 - 198 - 200 - 202 - 207 - 208 - 212 - 215 - 217 - 218 - 219 - 220 - 221 - 222 - 223 - 224 - 231 - 233 - 234 - 236 - 239 - 241 - 242 - 244 - 245 - 246 - 247 - 248 - 250 - 251 - 253 - 255 - 256 - 257 - 258 - 259 - 260 - 261 - 262 - 263 - 264 - 268 - 269 - 270 - 271 - 272 - 273 - 274 - 277 - 279 - 280 - 283 - 284 - 288 - 289 - 291 - 293 - 298 - 300 - 301 - 303 - 305 - 306 - 307 - 311 - 313 - 314 - 315 - 317 - 318 - 319 - 320 - 321 - 324 - 325 - 327 - 328 - 329 - 331 - 333 - 334 - 335 - 336 - 337 - 338 - 342 - 344 - 347 - 348 - 350 - 351 - 353 - 354 - 356 - 358 - 359 - 360 - 361 - 362 - 364 - 366 - 368 - 371 - 373 - 374 - 375 - 377 - 378 - 381 - 387 - 388 - 389 - 390 - 391 - 395 - 398 - 401 - 402 - 403 - 404 - 406 - 410 - 411 - 414 - 415 - 416 - 417 - 418 - 419 - 424 - 427 - 428 - 429 - 430 - 432 - 436 - 437 - 439 - 440 - 442 - 443 - 444 - 446 - 447 - 448 - 450 - 452 - 455 - 456 - 457 - 459 - 460 - 461 - 462 - 463 - 464 - 465 - 466 - 467 - 468 - 469 - 470 - 471 - 475 - 476 - 477 - 479 - 480 - 481 - 482 - 483 - 485 - 489 - 490 - 492 - 496 - 497 - 498 - 499,591028.2,3.4,91502,92064,113.95,Cost: 91502 & Capacity: 92064
2 - 4 - 5 - 7 - 8 - 9 - 10 - 11 - 12 - 15 - 16 - 18 - 19 - 20 - 21 - 22 - 23 - 24 - 25 - 27 - 28 - 31 - 32 - 33 - 34 - 35 - 36 - 38 - 39 - 40 - 47 - 49 - 50 - 51 - 52 - 55 - 56 - 57 - 58 - 59 - 60 - 61 - 64 - 66 - 67 - 69 - 70 - 72 - 73 - 75 - 76 - 77 - 78 - 80 - 82 - 83 - 86 - 87 - 88 - 93 - 94 - 97 - 98 - 99 - 100 - 102 - 103 - 104 - 106 - 107 - 108 - 109 - 110 - 111 - 112 - 113 - 114 - 115 - 117 - 119 - 120 - 121 - 123 - 124 - 126 - 128 - 130 - 131 - 132 - 133 - 134 - 139 - 140 - 141 - 145 - 146 - 152 - 153 - 154 - 155 - 156 - 158 - 159 - 160 - 161 - 163 - 164 - 165 - 169 - 170 - 172 - 174 - 175 - 177 - 178 - 180 - 183 - 185 - 186 - 187 - 191 - 193 - 194 - 196 - 197 - 198 - 200 - 202 - 207 - 208 - 212 - 215 - 217 - 218 - 219 - 220 - 221 - 222 - 223 - 224 - 231 - 233 - 234 - 236 - 239 - 241 - 242 - 244 - 245 - 246 - 247 - 248 - 250 - 251 - 253 - 255 - 256 - 257 - 258 - 259 - 260 - 261 - 262 - 263 - 264 - 268 - 269 - 270 - 271 - 272 - 273 - 274 - 277 - 279 - 280 - 283 - 284 - 288 - 289 - 291 - 293 - 298 - 300 - 301 - 303 - 305 - 306 - 307 - 311 - 313 - 314 - 315 - 317 - 318 - 319 - 320 - 321 - 324 - 325 - 327 - 328 - 329 - 331 - 333 - 334 - 335 - 336 - 337 - 338 - 342 - 344 - 347 - 348 - 350 - 351 - 353 - 354 - 356 - 358 - 359 - 360 - 361 - 362 - 364 - 366 - 368 - 371 - 373 - 374 - 375 - 377 - 378 - 381 - 387 - 388 - 389 - 390 - 391 - 395 - 398 - 401 - 402 - 403 - 404 - 406 - 410 - 411 - 414 - 415 - 416 - 417 - 418 - 419 - 424 - 427 - 428 - 429 - 430 - 432 - 436 - 437 - 439 - 440 - 442 - 443 - 444 - 446 - 447 - 448 - 450 - 452 - 455 - 456 - 457 - 459 - 460 - 461 - 462 - 463 - 464 - 465 - 466 - 467 - 468 - 469 - 470 - 471 - 475 - 476 - 477 - 479 - 480 - 481 - 482 - 483 - 485 - 489 - 490 - 492 - 496 - 497 - 498 - 499,591028.2,3.4,91502,92064,116.44,Cost: 91502 & Capacity: 92064
2 - 4 - 5 - 7 - 8 - 9 - 10 - 11 - 12 - 15 - 16 - 18 - 19 - 20 - 21 - 22 - 23 - 24 - 25 - 27 - 28 - 31 - 32 - 33 - 34 - 35 - 36 - 38 - 39 - 40 - 47 - 49 - 50 - 51 - 52 - 55 - 56 - 57 - 58 - 59 - 60 - 61 - 64 - 66 - 67 - 69 - 70 - 72 - 73 - 75 - 76 - 77 - 78 - 80 - 82 - 83 - 86 - 87 - 88 - 93 - 94 - 97 - 98 - 99 - 100 - 102 - 103 - 104 - 106 - 107 - 108 - 109 - 110 - 111 - 112 - 113 - 114 - 115 - 117 - 119 - 120 - 121 - 123 - 124 - 126 - 128 - 130 - 131 - 132 - 133 - 134 - 139 - 140 - 141 - 145 - 146 - 152 - 153 - 154 - 155 - 156 - 158 - 159 - 160 - 161 - 163 - 164 - 165 - 169 - 170 - 172 - 174 - 175 - 177 - 178 - 180 - 183 - 185 - 186 - 187 - 191 - 193 - 194 - 196 - 197 - 198 - 200 - 202 - 207 - 208 - 212 - 215 - 217 - 218 - 219 - 220 - 221 - 222 - 223 - 224 - 231 - 233 - 234 - 236 - 239 - 241 - 242 - 244 - 245 - 246 - 247 - 248 - 250 - 251 - 253 - 255 - 256 - 257 - 258 - 259 - 260 - 261 - 262 - 263 - 264 - 268 - 269 - 270 - 271 - 272 - 273 - 274 - 277 - 279 - 280 - 283 - 284 - 288 - 289 - 291 - 293 - 298 - 300 - 301 - 303 - 305 - 306 - 307 - 311 - 313 - 314 - 315 - 317 - 318 - 319 - 320 - 321 - 324 - 325 - 327 - 328 - 329 - 331 - 333 - 334 - 335 - 336 - 337 - 338 - 342 - 344 - 347 - 348 - 350 - 351 - 353 - 354 - 356 - 358 - 359 - 360 - 361 - 362 - 364 - 366 - 368 - 371 - 373 - 374 - 375 - 377 - 378 - 381 - 387 - 388 - 389 - 390 - 391 - 395 - 398 - 401 - 402 - 403 - 404 - 406 - 410 - 411 - 414 - 415 - 416 - 417 - 418 - 419 - 424 - 427 - 428 - 429 - 430 - 432 - 436 - 437 - 439 - 440 - 442 - 443 - 444 - 446 - 447 - 448 - 450 - 452 - 455 - 456 - 457 - 459 - 460 - 461 - 462 - 463 - 464 - 465 - 466 - 467 - 468 - 469 - 470 - 471 - 475 - 476 - 477 - 479 - 480 - 481 - 482 - 483 - 485 - 489 - 490 - 492 - 496 - 497 - 498 - 499,591028.2,3.4,91502,92064,116.85,Cost: 91502 & Capacity: 92064
2 - 5 - 14 - 23 - 26 - 56 - 62 - 67 - 69 - 70 - 72 - 74 - 76 - 88 - 100 - 104 - 105 - 106 - 108 - 109 - 114 - 117 - 120 - 121 - 127 - 136 - 146 - 148 - 152 - 153 - 155 - 161 - 164 - 169 - 176 - 183 - 190 - 191 - 192 - 196 - 198 - 202 - 204 - 208 - 212 - 217 - 219 - 225 - 228 - 229 - 233 - 236 - 239 - 250 - 253 - 258 - 266 - 274 - 275 - 278 - 279 - 280 - 282 - 283 - 284 - 292 - 293 - 296 - 298 - 314 - 318 - 320 - 321 - 323 - 328 - 330 - 333 - 334 - 337 - 346 - 351 - 357 - 361 - 367 - 371 - 372 - 374 - 380 - 387 - 388 - 391 - 396 - 398 - 404 - 423 - 425 - 429 - 442 - 445 - 450 - 456 - 457 - 463 - 470 - 479 - 481 - 484 - 498,84860.7,8.6,63670,51740,119.7,Cost: 63670 & Capacity: 51740
2 - 4 - 5 - 7 - 8 - 9 - 10 - 11 - 12 - 13 - 14 - 16 - 18 - 19 - 20 - 21 - 22 - 23 - 24 - 25 - 26 - 27 - 28 - 31 - 33 - 34 - 35 - 36 - 38 - 39 - 40 - 47 - 49 - 50 - 51 - 52 - 55 - 56 - 57 - 58 - 59 - 60 - 61 - 64 - 66 - 67 - 69 - 70 - 72 - 73 - 75 - 76 - 77 - 78 - 80 - 82 - 83 - 86 - 87 - 88 - 93 - 94 - 95 - 97 - 98 - 100 - 103 - 104 - 105 - 106 - 107 - 108 - 109 - 110 - 111 - 112 - 113 - 114 - 115 - 117 - 119 - 120 - 121 - 123 - 124 - 126 - 128 - 130 - 131 - 132 - 133 - 134 - 139 - 140 - 141 - 145 - 146 - 152 - 153 - 154 - 155 - 156 - 158 - 159 - 160 - 161 - 163 - 165 - 169 - 170 - 172 - 174 - 175 - 177 - 180 - 183 - 185 - 186 - 187 - 191 - 193 - 194 - 196 - 197 - 198 - 200 - 201 - 202 - 207 - 208 - 212 - 215 - 217 - 218 - 219 - 220 - 221 - 222 - 223 - 224 - 225 - 231 - 233 - 234 - 236 - 239 - 241 - 242 - 244 - 245 - 246 - 247 - 248 - 250 - 251 - 253 - 257 - 258 - 259 - 260 - 262 - 264 - 268 - 269 - 270 - 271 - 272 - 274 - 277 - 279 - 280 - 283 - 284 - 288 - 289 - 291 - 293 - 297 - 298 - 300 - 301 - 303 - 305 - 306 - 307 - 311 - 313 - 314 - 315 - 317 - 318 - 319 - 320 - 321 - 324 - 327 - 328 - 329 - 331 - 333 - 334 - 335 - 336 - 337 - 342 - 344 - 347 - 348 - 350 - 351 - 353 - 354 - 356 - 358 - 359 - 360 - 361 - 362 - 364 - 366 - 368 - 371 - 372 - 373 - 374 - 375 - 377 - 378 - 381 - 387 - 388 - 389 - 390 - 391 - 395 - 398 - 401 - 402 - 403 - 404 - 406 - 410 - 411 - 414 - 416 - 417 - 418 - 419 - 420 - 424 - 428 - 429 - 430 - 432 - 436 - 437 - 439 - 440 - 442 - 443 - 444 - 446 - 447 - 448 - 450 - 455 - 456 - 457 - 459 - 460 - 461 - 462 - 464 - 465 - 467 - 468 - 470 - 475 - 476 - 477 - 479 - 480 - 481 - 482 - 483 - 485 - 489 - 490 - 492 - 496 - 497 - 498 - 499,556049.9,5.0,91498,90232,123.71,Cost: 91498 & Capacity: 90232
2 - 4 - 5 - 7 - 8 - 9 - 10 - 11 - 12 - 15 - 16 - 18 - 19 - 20 - 21 - 22 - 23 - 24 - 25 - 27 - 28 - 31 - 32 - 33 - 34 - 35 - 36 - 38 - 39 - 40 - 47 - 49 - 50 - 51 - 52 - 55 - 56 - 57 - 58 - 59 - 60 - 61 - 64 - 66 - 67 - 69 - 70 - 72 - 73 - 75 - 76 - 77 - 78 - 80 - 82 - 83 - 86 - 87 - 88 - 93 - 94 - 97 - 98 - 99 - 100 - 102 - 103 - 104 - 106 - 107 - 108 - 109 - 110 - 111 - 112 - 113 - 114 - 115 - 117 - 119 - 120 - 121 - 123 - 124 - 126 - 128 - 130 - 131 - 132 - 133 - 134 - 139 - 140 - 141 - 145 - 146 - 152 - 153 - 154 - 155 - 156 - 158 - 159 - 160 - 161 - 163 - 164 - 165 - 169 - 170 - 172 - 174 - 175 - 177 - 178 - 180 - 183 - 185 - 186 - 187 - 191 - 193 - 194 - 196 - 197 - 198 - 200 - 202 - 207 - 208 - 212 - 215 - 217 - 218 - 219 - 220 - 221 - 222 - 223 - 224 - 231 - 233 - 234 - 236 - 239 - 241 - 242 - 244 - 245 - 246 - 247 - 248 - 250 - 251 - 253 - 255 - 256 - 257 - 258 - 259 - 260 - 261 - 262 - 263 - 264 - 268 - 269 - 270 - 271 - 272 - 273 - 274 - 277 - 279 - 280 - 283 - 284 - 288 - 289 - 291 - 293 - 298 - 300 - 301 - 303 - 305 - 306 - 307 - 311 - 313 - 314 - 315 - 317 - 318 - 319 - 320 - 321 - 324 - 325 - 327 - 328 - 329 - 331 - 333 - 334 - 335 - 336 - 337 - 338 - 342 - 344 - 347 - 348 - 350 - 351 - 353 - 354 - 356 - 358 - 359 - 360 - 361 - 362 - 364 - 366 - 368 - 371 - 373 - 374 - 375 - 377 - 378 - 381 - 387 - 388 - 389 - 390 - 391 - 395 - 398 - 401 - 402 - 403 - 404 - 406 - 410 - 411 - 414 - 415 - 416 - 417 - 418 - 419 - 424 - 427 - 428 - 429 - 430 - 432 - 436 - 437 - 439 - 440 - 442 - 443 - 444 - 446 - 447 - 448 - 450 - 452 - 455 - 456 - 457 - 459 - 460 - 461 - 462 - 463 - 464 - 465 - 466 - 467 - 468 - 469 - 470 - 471 - 475 - 476 - 477 - 479 - 480 - 481 - 482 - 483 - 485 - 489 - 490 - 492 - 496 - 497 - 498 - 499,591028.2,3.4,91502,92064,127.4,Cost: 91502 & Capacity: 92064
5 - 7 - 8 - 14 - 16 - 22 - 23 - 24 - 25 - 26 - 27 - 31 - 33 - 34 - 35 - 36 - 38 - 40 - 45 - 51 - 55 - 56 - 57 - 58 - 61 - 62 - 63 - 66 - 67 - 69 - 70 - 73 - 74 - 76 - 77 - 80 - 82 - 87 - 88 - 89 - 94 - 100 - 104 - 108 - 109 - 110 - 111 - 113 - 114 - 117 - 120 - 121 - 123 - 126 - 128 - 130 - 131 - 132 - 134 - 136 - 140 - 141 - 142 - 146 - 147 - 148 - 152 - 153 - 154 - 155 - 156 - 158 - 160 - 161 - 163 - 166 - 172 - 174 - 175 - 182 - 183 - 185 - 186 - 187 - 188 - 190 - 191 - 192 - 193 - 194 - 196 - 200 - 201 - 202 - 204 - 208 - 212 - 213 - 215 - 218 - 219 - 222 - 223 - 224 - 225 - 229 - 230 - 231 - 232 - 233 - 234 - 235 - 236 - 239 - 242 - 244 - 245 - 249 - 251 - 252 - 256 - 258 - 259 - 260 - 261 - 264 - 270 - 271 - 274 - 277 - 278 - 279 - 280 - 283 - 287 - 289 - 291 - 292 - 293 - 296 - 298 - 299 - 301 - 306 - 307 - 308 - 311 - 312 - 313 - 314 - 315 - 317 - 320 - 323 - 327 - 328 - 329 - 333 - 334 - 336 - 338 - 342 - 344 - 346 - 350 - 351 - 353 - 354 - 358 - 360 - 361 - 362 - 364 - 366 - 369 - 370 - 372 - 373 - 374 - 375 - 377 - 378 - 388 - 391 - 392 - 394 - 395 - 399 - 401 - 403 - 404 - 410 - 411 - 416 - 425 - 429 - 432 - 436 - 437 - 440 - 442 - 443 - 444 - 446 - 448 - 449 - 450 - 460 - 461 - 464 - 468 - 470 - 472 - 475 - 477 - 478 - 481 - 483 - 484 - 485 - 489 - 490 - 498 - 499,339106.4,6.5,91479,76736,127.77,Cost: 91479 & Capacity: 76736
0 - 3 - 5 - 7 - 13 - 14 - 16 - 22 - 23 - 24 - 25 - 26 - 27 - 31 - 33 - 35 - 36 - 38 - 40 - 41 - 44 - 45 - 51 - 55 - 56 - 57 - 58 - 59 - 61 - 62 - 63 - 66 - 67 - 69 - 73 - 74 - 77 - 84 - 87 - 88 - 89 - 93 - 94 - 98 - 100 - 104 - 108 - 109 - 110 - 111 - 113 - 114 - 117 - 120 - 121 - 123 - 126 - 128 - 130 - 131 - 132 - 134 - 136 - 140 - 141 - 144 - 145 - 146 - 147 - 148 - 152 - 153 - 154 - 155 - 156 - 158 - 160 - 161 - 169 - 172 - 181 - 182 - 183 - 185 - 188 - 190 - 191 - 193 - 194 - 195 - 196 - 202 - 204 - 212 - 215 - 219 - 222 - 223 - 225 - 229 - 230 - 231 - 233 - 234 - 235 - 236 - 239 - 242 - 244 - 249 - 251 - 255 - 256 - 259 - 260 - 264 - 270 - 271 - 274 - 277 - 278 - 279 - 280 - 283 - 287 - 289 - 291 - 292 - 298 - 299 - 301 - 306 - 307 - 311 - 312 - 313 - 314 - 315 - 317 - 320 - 323 - 327 - 328 - 329 - 334 - 336 - 338 - 342 - 344 - 346 - 350 - 351 - 353 - 354 - 358 - 360 - 361 - 365 - 366 - 367 - 369 - 373 - 374 - 375 - 377 - 378 - 381 - 388 - 390 - 391 - 394 - 397 - 399 - 401 - 403 - 404 - 410 - 411 - 416 - 421 - 422 - 423 - 425 - 429 - 432 - 436 - 437 - 444 - 448 - 449 - 450 - 460 - 468 - 470 - 472 - 475 - 477 - 478 - 481 - 482 - 483 - 484 - 485 - 498 - 499,284020.8,6.9,91457,71573,127.87,Cost: 91457 & Capacity: 71573
2 - 4 - 5 - 7 - 8 - 9 - 10 - 11 - 12 - 15 - 16 - 18 - 19 - 20 - 21 - 22 - 23 - 24 - 25 - 27 - 28 - 31 - 32 - 33 - 34 - 35 - 36 - 38 - 39 - 40 - 47 - 49 - 50 - 51 - 52 - 55 - 56 - 57 - 58 - 59 - 60 - 61 - 64 - 66 - 67 - 69 - 70 - 72 - 73 - 75 - 76 - 77 - 78 - 80 - 82 - 83 - 86 - 87 - 88 - 93 - 94 - 97 - 98 - 99 - 100 - 102 - 103 - 104 - 106 - 107 - 108 - 109 - 110 - 111 - 112 - 113 - 114 - 115 - 117 - 119 - 120 - 121 - 123 - 124 - 126 - 128 - 130 - 131 - 132 - 133 - 134 - 139 - 140 - 141 - 145 - 146 - 152 - 153 - 154 - 155 - 156 - 158 - 159 - 160 - 161 - 163 - 164 - 165 - 169 - 170 - 172 - 174 - 175 - 177 - 178 - 180 - 183 - 185 - 186 - 187 - 191 - 193 - 194 - 196 - 197 - 198 - 200 - 202 - 207 - 208 - 212 - 215 - 217 - 218 - 219 - 220 - 221 - 222 - 223 - 224 - 231 - 233 - 234 - 236 - 239 - 241 - 242 - 244 - 245 - 246 - 247 - 248 - 250 - 251 - 253 - 255 - 256 - 257 - 258 - 259 - 260 - 261 - 262 - 263 - 264 - 268 - 269 - 270 - 271 - 272 - 273 - 274 - 277 - 279 - 280 - 283 - 284 - 288 - 289 - 291 - 293 - 298 - 300 - 301 - 303 - 305 - 306 - 307 - 311 - 313 - 314 - 315 - 317 - 318 - 319 - 320 - 321 - 324 - 325 - 327 - 328 - 329 - 331 - 333 - 334 - 335 - 336 - 337 - 338 - 342 - 344 - 347 - 348 - 350 - 351 - 353 - 354 - 356 - 358 - 359 - 360 - 361 - 362 - 364 - 366 - 368 - 371 - 373 - 374 - 375 - 377 - 378 - 381 - 387 - 388 - 389 - 390 - 391 - 395 - 398 - 401 - 402 - 403 - 404 - 406 - 410 - 411 - 414 - 415 - 416 - 417 - 418 - 419 - 424 - 427 - 428 - 429 - 430 - 432 - 436 - 437 - 439 - 440 - 442 - 443 - 444 - 446 - 447 - 448 - 450 - 452 - 455 - 456 - 457 - 459 - 460 - 461 - 462 - 463 - 464 - 465 - 466 - 467 - 468 - 469 - 470 - 471 - 475 - 476 - 477 - 479 - 480 - 481 - 482 - 483 - 485 - 489 - 490 - 492 - 496 - 497 - 498 - 499,591028.2,3.4,91502,92064,130.87,Cost: 91502 & Capacity: 92064
2 - 4 - 5 - 7 - 8 - 9 - 10 - 11 - 12 - 15 - 16 - 18 - 19 - 20 - 21 - 22 - 23 - 24 - 25 - 27 - 28 - 31 - 32 - 33 - 34 - 35 - 36 - 38 - 39 - 40 - 47 - 49 - 50 - 51 - 52 - 55 - 56 - 57 - 58 - 59 - 60 - 61 - 64 - 66 - 67 - 69 - 70 - 72 - 73 - 75 - 76 - 77 - 78 - 80 - 82 - 83 - 86 - 87 - 88 - 93 - 94 - 97 - 98 - 99 - 100 - 103 - 104 - 105 - 106 - 107 - 108 - 109 - 110 - 111 - 112 - 113 - 114 - 115 - 117 - 119 - 120 - 121 - 123 - 124 - 126 - 128 - 130 - 131 - 132 - 133 - 134 - 139 - 140 - 141 - 145 - 146 - 152 - 153 - 154 - 155 - 156 - 158 - 159 - 160 - 161 - 163 - 165 - 169 - 170 - 172 - 174 - 175 - 177 - 178 - 180 - 183 - 185 - 186 - 187 - 190 - 191 - 193 - 194 - 196 - 197 - 198 - 200 - 201 - 202 - 207 - 208 - 212 - 215 - 217 - 218 - 219 - 220 - 221 - 222 - 223 - 224 - 231 - 233 - 234 - 236 - 239 - 241 - 242 - 244 - 245 - 246 - 247 - 248 - 250 - 251 - 253 - 256 - 257 - 258 - 259 - 260 - 261 - 262 - 263 - 264 - 268 - 269 - 270 - 271 - 272 - 273 - 274 - 277 - 279 - 280 - 283 - 284 - 288 - 289 - 291 - 293 - 298 - 300 - 301 - 303 - 305 - 306 - 307 - 311 - 313 - 314 - 315 - 317 - 318 - 319 - 320 - 321 - 324 - 325 - 327 - 328 - 329 - 331 - 333 - 334 - 335 - 336 - 337 - 338 - 342 - 344 - 347 - 348 - 350 - 351 - 353 - 354 - 356 - 358 - 359 - 360 - 361 - 362 - 364 - 366 - 368 - 371 - 373 - 374 - 375 - 377 - 378 - 381 - 387 - 388 - 389 - 390 - 391 - 395 - 398 - 401 - 402 - 403 - 404 - 406 - 410 - 411 - 414 - 415 - 416 - 417 - 418 - 419 - 424 - 428 - 429 - 430 - 432 - 436 - 437 - 439 - 440 - 442 - 443 - 444 - 446 - 447 - 448 - 450 - 452 - 455 - 456 - 457 - 459 - 460 - 461 - 462 - 463 - 464 - 465 - 467 - 468 - 469 - 470 - 471 - 475 - 476 - 477 - 479 - 480 - 481 - 482 - 483 - 485 - 489 - 490 - 492 - 496 - 497 - 498 - 499,584235.1,4.3,91505,91704,131.56,Cost: 91505 & Capacity: 91704
2 - 4 - 5 - 7 - 8 - 9 - 10 - 11 - 12 - 15 - 16 - 18 - 19 - 20 - 21 - 22 - 23 - 24 - 25 - 27 - 28 - 31 - 32 - 33 - 34 - 35 - 36 - 38 - 39 - 40 - 47 - 49 - 50 - 51 - 52 - 55 - 56 - 57 - 58 - 59 - 60 - 61 - 64 - 66 - 67 - 69 - 70 - 72 - 73 - 75 - 76 - 77 - 78 - 80 - 82 - 83 - 86 - 87 - 88 - 93 - 94 - 97 - 98 - 99 - 100 - 102 - 103 - 104 - 106 - 107 - 108 - 109 - 110 - 111 - 112 - 113 - 114 - 115 - 117 - 119 - 120 - 121 - 123 - 124 - 126 - 128 - 130 - 131 - 132 - 133 - 134 - 139 - 140 - 141 - 145 - 146 - 152 - 153 - 154 - 155 - 156 - 158 - 159 - 160 - 161 - 163 - 164 - 165 - 169 - 170 - 172 - 174 - 175 - 177 - 178 - 180 - 183 - 185 - 186 - 187 - 191 - 193 - 194 - 196 - 197 - 198 - 200 - 202 - 207 - 208 - 212 - 215 - 217 - 218 - 219 - 220 - 221 - 222 - 223 - 224 - 231 - 233 - 234 - 236 - 239 - 241 - 242 - 244 - 245 - 246 - 247 - 248 - 250 - 251 - 253 - 255 - 256 - 257 - 258 - 259 - 260 - 261 - 262 - 263 - 264 - 268 - 269 - 270 - 271 - 272 - 273 - 274 - 277 - 279 - 280 - 283 - 284 - 288 - 289 - 291 - 293 - 298 - 300 - 301 - 303 - 305 - 306 - 307 - 311 - 313 - 314 - 315 - 317 - 318 - 319 - 320 - 321 - 324 - 325 - 327 - 328 - 329 - 331 - 333 - 334 - 335 - 336 - 337 - 338 - 342 - 344 - 347 - 348 - 350 - 351 - 353 - 354 - 356 - 358 - 359 - 360 - 361 - 362 - 364 - 366 - 368 - 371 - 373 - 374 - 375 - 377 - 378 - 381 - 387 - 388 - 389 - 390 - 391 - 395 - 398 - 401 - 402 - 403 - 404 - 406 - 410 - 411 - 414 - 415 - 416 - 417 - 418 - 419 - 424 - 427 - 428 - 429 - 430 - 432 - 436 - 437 - 439 - 440 - 442 - 443 - 444 - 446 - 447 - 448 - 450 - 452 - 455 - 456 - 457 - 459 - 460 - 461 - 462 - 463 - 464 - 465 - 466 - 467 - 468 - 469 - 470 - 471 - 475 - 476 - 477 - 479 - 480 - 481 - 482 - 483 - 485 - 489 - 490 - 492 - 496 - 497 - 498 - 499,591028.2,3.4,91502,92064,133.18,Cost: 91502 & Capacity: 92064
2 - 4 - 5 - 7 - 8 - 9 - 10 - 11 - 12 - 15 - 16 - 18 - 19 - 20 - 21 - 22 - 23 - 24 - 25 - 27 - 28 - 31 - 32 - 33 - 34 - 35 - 36 - 38 - 39 - 40 - 47 - 49 - 50 - 51 - 52 - 55 - 56 - 57 - 58 - 59 - 60 - 61 - 64 - 66 - 67 - 69 - 70 - 72 - 73 - 75 - 76 - 77 - 78 - 80 - 82 - 83 - 86 - 87 - 88 - 93 - 94 - 97 - 98 - 99 - 100 - 102 - 103 - 104 - 106 - 107 - 108 - 109 - 110 - 111 - 112 - 113 - 114 - 115 - 117 - 119 - 120 - 121 - 123 - 124 - 126 - 128 - 130 - 131 - 132 - 133 - 134 - 139 - 140 - 141 - 145 - 146 - 152 - 153 - 154 - 155 - 156 - 158 - 159 - 160 - 161 - 163 - 164 - 165 - 169 - 170 - 172 - 174 - 175 - 177 - 178 - 180 - 183 - 185 - 186 - 187 - 191 - 193 - 194 - 196 - 197 - 198 - 200 - 202 - 207 - 208 - 212 - 215 - 217 - 218 - 219 - 220 - 221 - 222 - 223 - 224 - 231 - 233 - 234 - 236 - 239 - 241 - 242 - 244 - 245 - 246 - 247 - 248 - 250 - 251 - 253 - 255 - 256 - 257 - 258 - 259 - 260 - 261 - 262 - 263 - 264 - 268 - 269 - 270 - 271 - 272 - 273 - 274 - 277 - 279 - 280 - 283 - 284 - 288 - 289 - 291 - 293 - 298 - 300 - 301 - 303 - 305 - 306 - 307 - 311 - 313 - 314 - 315 - 317 - 318 - 319 - 320 - 321 - 324 - 325 - 327 - 328 - 329 - 331 - 333 - 334 - 335 - 336 - 337 - 338 - 342 - 344 - 347 - 348 - 350 - 351 - 353 - 354 - 356 - 358 - 359 - 360 - 361 - 362 - 364 - 366 - 368 - 371 - 373 - 374 - 375 - 377 - 378 - 381 - 387 - 388 - 389 - 390 - 391 - 395 - 398 - 401 - 402 - 403 - 404 - 406 - 410 - 411 - 414 - 415 - 416 - 417 - 418 - 419 - 424 - 427 - 428 - 429 - 430 - 432 - 436 - 437 - 439 - 440 - 442 - 443 - 444 - 446 - 447 - 448 - 450 - 452 - 455 - 456 - 457 - 459 - 460 - 461 - 462 - 463 - 464 - 465 - 466 - 467 - 468 - 469 - 470 - 471 - 475 - 476 - 477 - 479 - 480 - 481 - 482 - 483 - 485 - 489 - 490 - 492 - 496 - 497 - 498 - 499,591028.2,3.4,91502,92064,133.45,Cost: 91502 & Capacity: 92064
2 - 4 - 5 - 7 - 8 - 9 - 10 - 11 - 12 - 15 - 16 - 18 - 19 - 20 - 21 - 22 - 23 - 24 - 25 - 27 - 28 - 31 - 32 - 33 - 34 - 35 - 36 - 38 - 39 - 40 - 47 - 49 - 50 - 51 - 52 - 55 - 56 - 57 - 58 - 59 - 60 - 61 - 64 - 66 - 67 - 69 - 70 - 72 - 73 - 75 - 76 - 77 - 78 - 80 - 82 - 83 - 86 - 87 - 88 - 93 - 94 - 97 - 98 - 99 - 100 - 102 - 103 - 104 - 106 - 107 - 108 - 109 - 110 - 111 - 112 - 113 - 114 - 115 - 117 - 119 - 120 - 121 - 123 - 124 - 126 - 128 - 130 - 131 - 132 - 133 - 134 - 139 - 140 - 141 - 145 - 146 - 152 - 153 - 154 - 155 - 156 - 158 - 159 - 160 - 161 - 163 - 164 - 165 - 169 - 170 - 172 - 174 - 175 - 177 - 178 - 180 - 183 - 185 - 186 - 187 - 191 - 193 - 194 - 196 - 197 - 198 - 200 - 202 - 207 - 208 - 212 - 215 - 217 - 218 - 219 - 220 - 221 - 222 - 223 - 224 - 231 - 233 - 234 - 236 - 239 - 241 - 242 - 244 - 245 - 246 - 247 - 248 - 250 - 251 - 253 - 255 - 256 - 257 - 258 - 259 - 260 - 261 - 262 - 263 - 264 - 268 - 269 - 270 - 271 - 272 - 273 - 274 - 277 - 279 - 280 - 283 - 284 - 288 - 289 - 291 - 293 - 298 - 300 - 301 - 303 - 305 - 306 - 307 - 311 - 313 - 314 - 315 - 317 - 318 - 319 - 320 - 321 - 324 - 325 - 327 - 328 - 329 - 331 - 333 - 334 - 335 - 336 - 337 - 338 - 342 - 344 - 347 - 348 - 350 - 351 - 353 - 354 - 356 - 358 - 359 - 360 - 361 - 362 - 364 - 366 - 368 - 371 - 373 - 374 - 375 - 377 - 378 - 381 - 387 - 388 - 389 - 390 - 391 - 395 - 398 - 401 - 402 - 403 - 404 - 406 - 410 - 411 - 414 - 415 - 416 - 417 - 418 - 419 - 424 - 427 - 428 - 429 - 430 - 432 - 436 - 437 - 439 - 440 - 442 - 443 - 444 - 446 - 447 - 448 - 450 - 452 - 455 - 456 - 457 - 459 - 460 - 461 - 462 - 463 - 464 - 465 - 466 - 467 - 468 - 469 - 470 - 471 - 475 - 476 - 477 - 479 - 480 - 481 - 482 - 483 - 485 - 489 - 490 - 492 - 496 - 497 - 498 - 499,591028.2,3.4,91502,92064,135.01,Cost: 91502 & Capacity: 92064
2 - 4 - 5 - 7 - 8 - 9 - 10 - 11 - 12 - 15 - 16 - 18 - 19 - 20 - 21 - 22 - 23 - 24 - 25 - 27 - 28 - 31 - 32 - 33 - 34 - 35 - 36 - 38 - 39 - 40 - 47 - 49 - 50 - 51 - 52 - 55 - 56 - 57 - 58 - 59 - 60 - 61 - 64 - 66 - 67 - 69 - 70 - 72 - 73 - 75 - 76 - 77 - 78 - 80 - 82 - 83 - 86 - 87 - 88 - 93 - 94 - 97 - 98 - 99 - 100 - 102 - 103 - 104 - 106 - 107 - 108 - 109 - 110 - 111 - 112 - 113 - 114 - 115 - 117 - 119 - 120 - 121 - 123 - 124 - 126 - 128 - 130 - 131 - 132 - 133 - 134 - 139 - 140 - 141 - 145 - 146 - 152 - 153 - 154 - 155 - 156 - 158 - 159 - 160 - 161 - 163 - 164 - 165 - 169 - 170 - 172 - 174 - 175 - 177 - 178 - 180 - 183 - 185 - 186 - 187 - 191 - 193 - 194 - 196 - 197 - 198 - 200 - 202 - 207 - 208 - 212 - 215 - 217 - 218 - 219 - 220 - 221 - 222 - 223 - 224 - 231 - 233 - 234 - 236 - 239 - 241 - 242 - 244 - 245 - 246 - 247 - 248 - 250 - 251 - 253 - 255 - 256 - 257 - 258 - 259 - 260 - 261 - 262 - 263 - 264 - 268 - 269 - 270 - 271 - 272 - 273 - 274 - 277 - 279 - 280 - 283 - 284 - 288 - 289 - 291 - 293 - 298 - 300 - 301 - 303 - 305 - 306 - 307 - 311 - 313 - 314 - 315 - 317 - 318 - 319 - 320 - 321 - 324 - 325 - 327 - 328 - 329 - 331 - 333 - 334 - 335 - 336 - 337 - 338 - 342 - 344 - 347 - 348 - 350 - 351 - 353 - 354 - 356 - 358 - 359 - 360 - 361 - 362 - 364 - 366 - 368 - 371 - 373 - 374 - 375 - 377 - 378 - 381 - 387 - 388 - 389 - 390 - 391 - 395 - 398 - 401 - 402 - 403 - 404 - 406 - 410 - 411 - 414 - 415 - 416 - 417 - 418 - 419 - 424 - 427 - 428 - 429 - 430 - 432 - 436 - 437 - 439 - 440 - 442 - 443 - 444 - 446 - 447 - 448 - 450 - 452 - 455 - 456 - 457 - 459 - 460 - 461 - 462 - 463 - 464 - 465 - 466 - 467 - 468 - 469 - 470 - 471 - 475 - 476 - 477 - 479 - 480 - 481 - 482 - 483 - 485 - 489 - 490 - 492 - 496 - 497 - 498 - 499,591028.2,3.4,91502,92064,136.32,Cost: 91502 & Capacity: 92064
0 - 2 - 5 - 12 - 14 - 23 - 26 - 27 - 31 - 33 - 34 - 55 - 56 - 58 - 59 - 61 - 62 - 63 - 69 - 70 - 72 - 74 - 76 - 77 - 90 - 100 - 104 - 105 - 106 - 108 - 109 - 113 - 114 - 115 - 117 - 121 - 130 - 136 - 142 - 146 - 148 - 149 - 152 - 155 - 159 - 161 - 164 - 166 - 169 - 176 - 183 - 190 - 192 - 193 - 196 - 197 - 201 - 204 - 205 - 208 - 212 - 215 - 219 - 225 - 228 - 229 - 232 - 233 - 235 - 236 - 239 - 249 - 250 - 252 - 253 - 255 - 256 - 258 - 266 - 274 - 275 - 278 - 279 - 284 - 287 - 290 - 291 - 292 - 293 - 296 - 298 - 312 - 314 - 320 - 323 - 324 - 334 - 335 - 339 - 342 - 343 - 346 - 351 - 353 - 354 - 357 - 358 - 364 - 367 - 369 - 372 - 373 - 374 - 375 - 380 - 387 - 388 - 391 - 392 - 404 - 411 - 425 - 427 - 429 - 437 - 442 - 445 - 450 - 456 - 457 - 460 - 468 - 470 - 471 - 479 - 483 - 484 - 498 - 499,139136.2,8.1,75731,60878,137.5,Cost: 75731 & Capacity: 60878
2 - 4 - 5 - 7 - 8 - 9 - 10 - 11 - 12 - 15 - 16 - 18 - 19 - 20 - 21 - 22 - 23 - 24 - 25 - 27 - 28 - 31 - 32 - 33 - 34 - 35 - 36 - 38 - 39 - 40 - 47 - 49 - 50 - 51 - 52 - 55 - 56 - 57 - 58 - 59 - 60 - 61 - 64 - 66 - 67 - 69 - 70 - 72 - 73 - 75 - 76 - 77 - 78 - 80 - 82 - 83 - 86 - 87 - 88 - 93 - 94 - 97 - 98 - 99 - 100 - 102 - 103 - 104 - 106 - 107 - 108 - 109 - 110 - 111 - 112 - 113 - 114 - 115 - 117 - 119 - 120 - 121 - 123 - 124 - 126 - 128 - 130 - 131 - 132 - 133 - 134 - 139 - 140 - 141 - 145 - 146 - 152 - 153 - 154 - 155 - 156 - 158 - 159 - 160 - 161 - 163 - 164 - 165 - 169 - 170 - 172 - 174 - 175 - 177 - 178 - 180 - 183 - 185 - 186 - 187 - 191 - 193 - 194 - 196 - 197 - 198 - 200 - 202 - 207 - 208 - 212 - 215 - 217 - 218 - 219 - 220 - 221 - 222 - 223 - 224 - 231 - 233 - 234 - 236 - 239 - 241 - 242 - 244 - 245 - 246 - 247 - 248 - 250 - 251 - 253 - 255 - 256 - 257 - 258 - 259 - 260 - 261 - 262 - 263 - 264 - 268 - 269 - 270 - 271 - 272 - 273 - 274 - 277 - 279 - 280 - 283 - 284 - 288 - 289 - 291 - 293 - 298 - 300 - 301 - 303 - 305 - 306 - 307 - 311 - 313 - 314 - 315 - 317 - 318 - 319 - 320 - 321 - 324 - 325 - 327 - 328 - 329 - 331 - 333 - 334 - 335 - 336 - 337 - 338 - 342 - 344 - 347 - 348 - 350 - 351 - 353 - 354 - 356 - 358 - 359 - 360 - 361 - 362 - 364 - 366 - 368 - 371 - 373 - 374 - 375 - 377 - 378 - 381 - 387 - 388 - 389 - 390 - 391 - 395 - 398 - 401 - 402 - 403 - 404 - 406 - 410 - 411 - 414 - 415 - 416 - 417 - 418 - 419 - 424 - 427 - 428 - 429 - 430 - 432 - 436 - 437 - 439 - 440 - 442 - 443 - 444 - 446 - 447 - 448 - 450 - 452 - 455 - 456 - 457 - 459 - 460 - 461 - 462 - 463 - 464 - 465 - 466 - 467 - 468 - 469 - 470 - 471 - 475 - 476 - 477 - 479 - 480 - 481 - 482 - 483 - 485 - 489 - 490 - 492 - 496 - 497 - 498 - 499,591028.2,3.4,91502,92064,140.7,Cost: 91502 & Capacity: 92064
2 - 4 - 5 - 7 - 8 - 9 - 10 - 11 - 12 - 15 - 16 - 18 - 19 - 20 - 21 - 22 - 23 - 24 - 25 - 27 - 28 - 31 - 32 - 33 - 34 - 35 - 36 - 38 - 39 - 40 - 47 - 49 - 50 - 51 - 52 - 55 - 56 - 57 - 58 - 59 - 60 - 61 - 64 - 66 - 67 - 69 - 70 - 72 - 73 - 75 - 76 - 77 - 78 - 80 - 82 - 83 - 86 - 87 - 88 - 93 - 94 - 97 - 98 - 99 - 100 - 102 - 103 - 104 - 106 - 107 - 108 - 109 - 110 - 111 - 112 - 113 - 114 - 115 - 117 - 119 - 120 - 121 - 123 - 124 - 126 - 128 - 130 - 131 - 132 - 133 - 134 - 139 - 140 - 141 - 145 - 146 - 152 - 153 - 154 - 155 - 156 - 158 - 159 - 160 - 161 - 163 - 164 - 165 - 169 - 170 - 172 - 174 - 175 - 177 - 178 - 180 - 183 - 185 - 186 - 187 - 191 - 193 - 194 - 196 - 197 - 198 - 200 - 202 - 207 - 208 - 212 - 215 - 217 - 218 - 219 - 220 - 221 - 222 - 223 - 224 - 231 - 233 - 234 - 236 - 239 - 241 - 242 - 244 - 245 - 246 - 247 - 248 - 250 - 251 - 253 - 255 - 256 - 257 - 258 - 259 - 260 - 261 - 262 - 263 - 264 - 268 - 269 - 270 - 271 - 272 - 273 - 274 - 277 - 279 - 280 - 283 - 284 - 288 - 289 - 291 - 293 - 298 - 300 - 301 - 303 - 305 - 306 - 307 - 311 - 313 - 314 - 315 - 317 - 318 - 319 - 320 - 321 - 324 - 325 - 327 - 328 - 329 - 331 - 333 - 334 - 335 - 336 - 337 - 338 - 342 - 344 - 347 - 348 - 350 - 351 - 353 - 354 - 356 - 358 - 359 - 360 - 361 - 362 - 364 - 366 - 368 - 371 - 373 - 374 - 375 - 377 - 378 - 381 - 387 - 388 - 389 - 390 - 391 - 395 - 398 - 401 - 402 - 403 - 404 - 406 - 410 - 411 - 414 - 415 - 416 - 417 - 418 - 419 - 424 - 427 - 428 - 429 - 430 - 432 - 436 - 437 - 439 - 440 - 442 - 443 - 444 - 446 - 447 - 448 - 450 - 452 - 455 - 456 - 457 - 459 - 460 - 461 - 462 - 463 - 464 - 465 - 466 - 467 - 468 - 469 - 470 - 471 - 475 - 476 - 477 - 479 - 480 - 481 - 482 - 483 - 485 - 489 - 490 - 492 - 496 - 497 - 498 - 499,591028.2,3.4,91502,92064,142.22,Cost: 91502 & Capacity: 92064
2 - 4 - 5 - 7 - 8 - 9 - 11 - 12 - 14 - 16 - 17 - 18 - 19 - 20 - 21 - 22 - 23 - 24 - 25 - 26 - 27 - 28 - 31 - 33 - 34 - 35 - 36 - 38 - 39 - 40 - 47 - 49 - 50 - 51 - 52 - 55 - 56 - 57 - 58 - 59 - 60 - 61 - 64 - 66 - 67 - 69 - 70 - 72 - 73 - 75 - 76 - 77 - 78 - 80 - 82 - 86 - 87 - 88 - 89 - 93 - 94 - 95 - 97 - 98 - 99 - 100 - 102 - 103 - 104 - 107 - 108 - 109 - 110 - 111 - 112 - 113 - 114 - 115 - 117 - 119 - 120 - 121 - 123 - 126 - 128 - 130 - 131 - 132 - 133 - 134 - 140 - 141 - 142 - 145 - 146 - 152 - 153 - 154 - 155 - 156 - 158 - 160 - 161 - 163 - 165 - 166 - 169 - 170 - 172 - 174 - 175 - 177 - 180 - 183 - 185 - 186 - 187 - 190 - 191 - 193 - 194 - 196 - 197 - 198 - 200 - 201 - 202 - 207 - 208 - 212 - 218 - 219 - 220 - 221 - 222 - 223 - 225 - 231 - 232 - 233 - 234 - 236 - 239 - 241 - 242 - 244 - 245 - 246 - 247 - 248 - 251 - 252 - 253 - 258 - 260 - 262 - 264 - 268 - 270 - 272 - 274 - 277 - 278 - 279 - 280 - 283 - 284 - 288 - 289 - 291 - 293 - 297 - 298 - 301 - 305 - 306 - 307 - 308 - 311 - 313 - 314 - 315 - 317 - 319 - 320 - 321 - 327 - 328 - 329 - 331 - 333 - 334 - 335 - 336 - 337 - 342 - 344 - 346 - 347 - 350 - 351 - 353 - 354 - 356 - 358 - 359 - 360 - 361 - 362 - 364 - 366 - 368 - 371 - 372 - 373 - 374 - 375 - 377 - 381 - 387 - 388 - 390 - 391 - 395 - 398 - 399 - 401 - 403 - 404 - 407 - 410 - 411 - 414 - 416 - 417 - 418 - 424 - 428 - 429 - 430 - 432 - 436 - 437 - 439 - 440 - 442 - 443 - 444 - 446 - 447 - 448 - 450 - 456 - 457 - 459 - 460 - 461 - 464 - 465 - 467 - 468 - 470 - 471 - 474 - 475 - 476 - 477 - 479 - 481 - 482 - 483 - 484 - 485 - 489 - 490 - 492 - 496 - 497 - 498 - 499,514018.9,5.3,91470,88789,142.82,Cost: 91470 & Capacity: 88789
0 - 5 - 8 - 14 - 23 - 26 - 31 - 36 - 59 - 61 - 62 - 63 - 69 - 70 - 72 - 74 - 76 - 90 - 95 - 100 - 104 - 105 - 106 - 108 - 114 - 121 - 134 - 136 - 140 - 146 - 148 - 152 - 153 - 158 - 161 - 164 - 166 - 167 - 169 - 176 - 183 - 185 - 190 - 191 - 193 - 196 - 197 - 201 - 204 - 212 - 217 - 225 - 229 - 233 - 235 - 236 - 250 - 253 - 256 - 258 - 266 - 271 - 272 - 275 - 278 - 279 - 284 - 291 - 292 - 293 - 296 - 298 - 308 - 312 - 321 - 323 - 327 - 334 - 343 - 346 - 351 - 353 - 358 - 364 - 367 - 372 - 374 - 387 - 388 - 389 - 391 - 403 - 406 - 409 - 416 - 422 - 423 - 425 - 427 - 429 - 437 - 442 - 445 - 450 - 456 - 457 - 463 - 468 - 470 - 479 - 481 - 484 - 498 - 499,94613.2,8.5,67285,54404,143.6,Cost: 67285 & Capacity: 54404
2 - 4 - 5 - 7 - 8 - 9 - 10 - 11 - 12 - 15 - 16 - 18 - 19 - 20 - 21 - 22 - 23 - 24 - 25 - 27 - 28 - 31 - 32 - 33 - 34 - 35 - 36 - 38 - 39 - 40 - 47 - 49 - 50 - 51 - 52 - 55 - 56 - 57 - 58 - 59 - 60 - 61 - 64 - 66 - 67 - 69 - 70 - 72 - 73 - 75 - 76 - 77 - 78 - 80 - 82 - 83 - 86 - 87 - 88 - 93 - 94 - 97 - 98 - 99 - 100 - 102 - 103 - 104 - 106 - 107 - 108 - 109 - 110 - 111 - 112 - 113 - 114 - 115 - 117 - 119 - 120 - 121 - 123 - 124 - 126 - 128 - 130 - 131 - 132 - 133 - 134 - 139 - 140 - 141 - 145 - 146 - 152 - 153 - 154 - 155 - 156 - 158 - 159 - 160 - 161 - 163 - 164 - 165 - 169 - 170 - 172 - 174 - 175 - 177 - 178 - 180 - 183 - 185 - 186 - 187 - 191 - 193 - 194 - 196 - 197 - 198 - 200 - 202 - 207 - 208 - 212 - 215 - 217 - 218 - 219 - 220 - 221 - 222 - 223 - 224 - 231 - 233 - 234 - 236 - 239 - 241 - 242 - 244 - 245 - 246 - 247 - 248 - 250 - 251 - 253 - 255 - 256 - 257 - 258 - 259 - 260 - 261 - 262 - 263 - 264 - 268 - 269 - 270 - 271 - 272 - 273 - 274 - 277 - 279 - 280 - 283 - 284 - 288 - 289 - 291 - 293 - 298 - 300 - 301 - 303 - 305 - 306 - 307 - 311 - 313 - 314 - 315 - 317 - 318 - 319 - 320 - 321 - 324 - 325 - 327 - 328 - 329 - 331 - 333 - 334 - 335 - 336 - 337 - 338 - 342 - 344 - 347 - 348 - 350 - 351 - 353 - 354 - 356 - 358 - 359 - 360 - 361 - 362 - 364 - 366 - 368 - 371 - 373 - 374 - 375 - 377 - 378 - 381 - 387 - 388 - 389 - 390 - 391 - 395 - 398 - 401 - 402 - 403 - 404 - 406 - 410 - 411 - 414 - 415 - 416 - 417 - 418 - 419 - 424 - 427 - 428 - 429 - 430 - 432 - 436 - 437 - 439 - 440 - 442 - 443 - 444 - 446 - 447 - 448 - 450 - 452 - 455 - 456 - 457 - 459 - 460 - 461 - 462 - 463 - 464 - 465 - 466 - 467 - 468 - 469 - 470 - 471 - 475 - 476 - 477 - 479 - 480 - 481 - 482 - 483 - 485 - 489 - 490 - 492 - 496 - 497 - 498 - 499,591028.2,3.4,91502,92064,146.04,Cost: 91502 & Capacity: 92064
2 - 4 - 5 - 7 - 8 - 9 - 10 - 11 - 12 - 15 - 16 - 18 - 19 - 20 - 21 - 22 - 23 - 24 - 25 - 27 - 28 - 31 - 32 - 33 - 34 - 35 - 36 - 38 - 39 - 40 - 47 - 49 - 50 - 51 - 52 - 55 - 56 - 57 - 58 - 59 - 60 - 61 - 64 - 66 - 67 - 69 - 70 - 72 - 73 - 75 - 76 - 77 - 78 - 80 - 82 - 83 - 86 - 87 - 88 - 93 - 94 - 97 - 98 - 99 - 100 - 102 - 103 - 104 - 106 - 107 - 108 - 109 - 110 - 111 - 112 - 113 - 114 - 115 - 117 - 119 - 120 - 121 - 123 - 124 - 126 - 128 - 130 - 131 - 132 - 133 - 134 - 139 - 140 - 141 - 145 - 146 - 152 - 153 - 154 - 155 - 156 - 158 - 159 - 160 - 161 - 163 - 164 - 165 - 169 - 170 - 172 - 174 - 175 - 177 - 178 - 180 - 183 - 185 - 186 - 187 - 191 - 193 - 194 - 196 - 197 - 198 - 200 - 202 - 207 - 208 - 212 - 215 - 217 - 218 - 219 - 220 - 221 - 222 - 223 - 224 - 231 - 233 - 234 - 236 - 239 - 241 - 242 - 244 - 245 - 246 - 247 - 248 - 250 - 251 - 253 - 255 - 256 - 257 - 258 - 259 - 260 - 261 - 262 - 263 - 264 - 268 - 269 - 270 - 271 - 272 - 273 - 274 - 277 - 279 - 280 - 283 - 284 - 288 - 289 - 291 - 293 - 298 - 300 - 301 - 303 - 305 - 306 - 307 - 311 - 313 - 314 - 315 - 317 - 318 - 319 - 320 - 321 - 324 - 325 - 327 - 328 - 329 - 331 - 333 - 334 - 335 - 336 - 337 - 338 - 342 - 344 - 347 - 348 - 350 - 351 - 353 - 354 - 356 - 358 - 359 - 360 - 361 - 362 - 364 - 366 - 368 - 371 - 373 - 374 - 375 - 377 - 378 - 381 - 387 - 388 - 389 - 390 - 391 - 395 - 398 - 401 - 402 - 403 - 404 - 406 - 410 - 411 - 414 - 415 - 416 - 417 - 418 - 419 - 424 - 427 - 428 - 429 - 430 - 432 - 436 - 437 - 439 - 440 - 442 - 443 - 444 - 446 - 447 - 448 - 450 - 452 - 455 - 456 - 457 - 459 - 460 - 461 - 462 - 463 - 464 - 465 - 466 - 467 - 468 - 469 - 470 - 471 - 475 - 476 - 477 - 479 - 480 - 481 - 482 - 483 - 485 - 489 - 490 - 492 - 496 - 497 - 498 - 499,591028.2,3.4,91502,92064,147.93,Cost: 91502 & Capacity: 92064
2 - 4 - 5 - 7 - 8 - 9 - 10 - 11 - 12 - 15 - 16 - 18 - 19 - 20 - 21 - 22 - 23 - 24 - 25 - 27 - 28 - 31 - 32 - 33 - 34 - 35 - 36 - 38 - 39 - 40 - 47 - 49 - 50 - 51 - 52 - 55 - 56 - 57 - 58 - 59 - 60 - 61 - 64 - 66 - 67 - 69 - 70 - 72 - 73 - 75 - 76 - 77 - 78 - 80 - 82 - 83 - 86 - 87 - 88 - 93 - 94 - 97 - 98 - 99 - 100 - 102 - 103 - 104 - 106 - 107 - 108 - 109 - 110 - 111 - 112 - 113 - 114 - 115 - 117 - 119 - 120 - 121 - 123 - 124 - 126 - 128 - 130 - 131 - 132 - 133 - 134 - 139 - 140 - 141 - 145 - 146 - 152 - 153 - 154 - 155 - 156 - 158 - 159 - 160 - 161 - 163 - 164 - 165 - 169 - 170 - 172 - 174 - 175 - 177 - 178 - 180 - 183 - 185 - 186 - 187 - 191 - 193 - 194 - 196 - 197 - 198 - 200 - 202 - 207 - 208 - 212 - 215 - 217 - 218 - 219 - 220 - 221 - 222 - 223 - 224 - 231 - 233 - 234 - 236 - 239 - 241 - 242 - 244 - 245 - 246 - 247 - 248 - 250 - 251 - 253 - 255 - 256 - 257 - 258 - 259 - 260 - 261 - 262 - 263 - 264 - 268 - 269 - 270 - 271 - 272 - 273 - 274 - 277 - 279 - 280 - 283 - 284 - 288 - 289 - 291 - 293 - 298 - 300 - 301 - 303 - 305 - 306 - 307 - 311 - 313 - 314 - 315 - 317 - 318 - 319 - 320 - 321 - 324 - 325 - 327 - 328 - 329 - 331 - 333 - 334 - 335 - 336 - 337 - 338 - 342 - 344 - 347 - 348 - 350 - 351 - 353 - 354 - 356 - 358 - 359 - 360 - 361 - 362 - 364 - 366 - 368 - 371 - 373 - 374 - 375 - 377 - 378 - 381 - 387 - 388 - 389 - 390 - 391 - 395 - 398 - 401 - 402 - 403 - 404 - 406 - 410 - 411 - 414 - 415 - 416 - 417 - 418 - 419 - 424 - 427 - 428 - 429 - 430 - 432 - 436 - 437 - 439 - 440 - 442 - 443 - 444 - 446 - 447 - 448 - 450 - 452 - 455 - 456 - 457 - 459 - 460 - 461 - 462 - 463 - 464 - 465 - 466 - 467 - 468 - 469 - 470 - 471 - 475 - 476 - 477 - 479 - 480 - 481 - 482 - 483 - 485 - 489 - 490 - 492 - 496 - 497 - 498 - 499,591028.2,3.4,91502,92064,148.4,Cost: 91502 & Capacity: 92064
2 - 5 - 12 - 14 - 23 - 26 - 27 - 28 - 31 - 34 - 37 - 47 - 55 - 56 - 59 - 61 - 63 - 69 - 70 - 72 - 74 - 76 - 77 - 80 - 84 - 86 - 88 - 89 - 90 - 95 - 100 - 104 - 105 - 106 - 108 - 109 - 112 - 113 - 114 - 115 - 121 - 124 - 126 - 130 - 134 - 136 - 140 - 142 - 144 - 146 - 148 - 149 - 152 - 155 - 156 - 161 - 164 - 166 - 172 - 176 - 183 - 190 - 191 - 193 - 194 - 196 - 197 - 201 - 204 - 207 - 208 - 215 - 217 - 222 - 225 - 228 - 229 - 230 - 233 - 234 - 236 - 239 - 245 - 249 - 250 - 252 - 253 - 254 - 256 - 258 - 266 - 270 - 274 - 275 - 278 - 279 - 280 - 283 - 284 - 287 - 289 - 291 - 292 - 293 - 296 - 298 - 301 - 308 - 312 - 313 - 314 - 318 - 319 - 321 - 323 - 331 - 334 - 336 - 339 - 343 - 346 - 351 - 353 - 357 - 358 - 361 - 364 - 367 - 369 - 372 - 373 - 374 - 375 - 377 - 387 - 388 - 391 - 392 - 395 - 403 - 404 - 411 - 415 - 416 - 422 - 425 - 427 - 428 - 429 - 432 - 437 - 440 - 442 - 443 - 445 - 449 - 450 - 456 - 457 - 458 - 460 - 463 - 468 - 469 - 470 - 483 - 484 - 485 - 498 - 499,205408.7,7.5,91367,76153,148.62,Cost: 91367 & Capacity: 76153
0 - 2 - 5 - 14 - 23 - 26 - 31 - 34 - 59 - 62 - 63 - 69 - 70 - 72 - 74 - 76 - 77 - 80 - 81 - 89 - 90 - 95 - 100 - 104 - 105 - 106 - 108 - 113 - 114 - 115 - 121 - 134 - 136 - 140 - 142 - 146 - 148 - 149 - 152 - 155 - 159 - 161 - 164 - 166 - 167 - 169 - 173 - 176 - 183 - 190 - 191 - 192 - 193 - 196 - 197 - 201 - 204 - 205 - 208 - 212 - 215 - 216 - 217 - 225 - 228 - 229 - 230 - 232 - 233 - 235 - 236 - 250 - 253 - 256 - 258 - 265 - 266 - 274 - 275 - 278 - 279 - 283 - 284 - 287 - 291 - 293 - 296 - 298 - 312 - 314 - 320 - 321 - 323 - 334 - 339 - 340 - 343 - 346 - 351 - 353 - 357 - 358 - 364 - 367 - 372 - 373 - 374 - 387 - 388 - 391 - 404 - 409 - 422 - 427 - 429 - 437 - 442 - 445 - 450 - 456 - 457 - 460 - 468 - 470 - 479 - 483 - 484 - 495 - 498 - 499,121556.2,8.3,79179,63050,148.64,Cost: 79179 & Capacity: 63050
2 - 4 - 5 - 7 - 8 - 9 - 11 - 12 - 15 - 16 - 18 - 19 - 20 - 21 - 22 - 23 - 24 - 25 - 26 - 27 - 28 - 31 - 32 - 33 - 34 - 35 - 36 - 38 - 39 - 40 - 47 - 49 - 50 - 51 - 52 - 55 - 56 - 57 - 58 - 59 - 60 - 61 - 64 - 66 - 67 - 69 - 70 - 72 - 73 - 75 - 76 - 77 - 78 - 80 - 82 - 83 - 84 - 86 - 87 - 88 - 93 - 94 - 97 - 98 - 99 - 100 - 102 - 103 - 104 - 106 - 107 - 108 - 109 - 110 - 111 - 112 - 113 - 114 - 115 - 117 - 119 - 120 - 121 - 126 - 128 - 130 - 131 - 132 - 133 - 134 - 139 - 140 - 141 - 142 - 145 - 146 - 152 - 153 - 154 - 155 - 156 - 158 - 159 - 160 - 161 - 163 - 164 - 165 - 169 - 170 - 172 - 174 - 175 - 177 - 178 - 180 - 183 - 185 - 186 - 187 - 190 - 191 - 193 - 194 - 196 - 197 - 198 - 200 - 202 - 207 - 208 - 212 - 213 - 215 - 216 - 217 - 218 - 219 - 220 - 221 - 222 - 223 - 224 - 231 - 233 - 234 - 236 - 239 - 241 - 242 - 244 - 245 - 246 - 247 - 248 - 250 - 251 - 253 - 255 - 256 - 257 - 258 - 259 - 260 - 261 - 262 - 263 - 264 - 268 - 269 - 270 - 271 - 272 - 273 - 274 - 277 - 279 - 280 - 283 - 284 - 288 - 289 - 291 - 293 - 298 - 300 - 301 - 303 - 305 - 306 - 307 - 311 - 313 - 314 - 315 - 317 - 318 - 319 - 320 - 321 - 324 - 325 - 327 - 328 - 329 - 331 - 333 - 334 - 335 - 336 - 337 - 338 - 342 - 344 - 347 - 348 - 351 - 353 - 354 - 356 - 358 - 359 - 360 - 361 - 362 - 364 - 366 - 368 - 371 - 373 - 374 - 375 - 377 - 378 - 381 - 387 - 388 - 389 - 390 - 391 - 395 - 398 - 401 - 402 - 403 - 404 - 406 - 410 - 411 - 414 - 415 - 416 - 417 - 418 - 419 - 424 - 427 - 428 - 429 - 432 - 436 - 437 - 439 - 440 - 442 - 443 - 444 - 446 - 447 - 448 - 450 - 452 - 455 - 456 - 457 - 459 - 460 - 461 - 462 - 463 - 464 - 465 - 467 - 468 - 469 - 470 - 471 - 475 - 476 - 477 - 479 - 480 - 481 - 482 - 483 - 485 - 489 - 490 - 492 - 496 - 497 - 498 - 499,592888.9,2.9,91500,92317,149.02,Cost: 91500 & Capacity: 92317
2 - 4 - 5 - 7 - 8 - 9 - 10 - 11 - 12 - 15 - 16 - 18 - 19 - 20 - 21 - 22 - 23 - 24 - 25 - 27 - 28 - 31 - 32 - 33 - 34 - 35 - 36 - 38 - 39 - 40 - 47 - 49 - 50 - 51 - 52 - 55 - 56 - 57 - 58 - 59 - 60 - 61 - 64 - 66 - 67 - 69 - 70 - 72 - 73 - 75 - 76 - 77 - 78 - 80 - 82 - 83 - 86 - 87 - 88 - 93 - 94 - 97 - 98 - 99 - 100 - 102 - 103 - 104 - 106 - 107 - 108 - 109 - 110 - 111 - 112 - 113 - 114 - 115 - 117 - 119 - 120 - 121 - 123 - 124 - 126 - 128 - 130 - 131 - 132 - 133 - 134 - 139 - 140 - 141 - 145 - 146 - 152 - 153 - 154 - 155 - 156 - 158 - 159 - 160 - 161 - 163 - 164 - 165 - 169 - 170 - 172 - 174 - 175 - 177 - 178 - 180 - 183 - 185 - 186 - 187 - 191 - 193 - 194 - 196 - 197 - 198 - 200 - 202 - 207 - 208 - 212 - 215 - 217 - 218 - 219 - 220 - 221 - 222 - 223 - 224 - 231 - 233 - 234 - 236 - 239 - 241 - 242 - 244 - 245 - 246 - 247 - 248 - 250 - 251 - 253 - 255 - 256 - 257 - 258 - 259 - 260 - 261 - 262 - 263 - 264 - 268 - 269 - 270 - 271 - 272 - 273 - 274 - 277 - 279 - 280 - 283 - 284 - 288 - 289 - 291 - 293 - 298 - 300 - 301 - 303 - 305 - 306 - 307 - 311 - 313 - 314 - 315 - 317 - 318 - 319 - 320 - 321 - 324 - 325 - 327 - 328 - 329 - 331 - 333 - 334 - 335 - 336 - 337 - 338 - 342 - 344 - 347 - 348 - 350 - 351 - 353 - 354 - 356 - 358 - 359 - 360 - 361 - 362 - 364 - 366 - 368 - 371 - 373 - 374 - 375 - 377 - 378 - 381 - 387 - 388 - 389 - 390 - 391 - 395 - 398 - 401 - 402 - 403 - 404 - 406 - 410 - 411 - 414 - 415 - 416 - 417 - 418 - 419 - 424 - 427 - 428 - 429 - 430 - 432 - 436 - 437 - 439 - 440 - 442 - 443 - 444 - 446 - 447 - 448 - 450 - 452 - 455 - 456 - 457 - 459 - 460 - 461 - 462 - 463 - 464 - 465 - 466 - 467 - 468 - 469 - 470 - 471 - 475 - 476 - 477 - 479 - 480 - 481 - 482 - 483 - 485 - 489 - 490 - 492 - 496 - 497 - 498 - 499,591028.2,3.4,91502,92064,149.06,Cost: 91502 & Capacity: 92064
2 - 4 - 5 - 7 - 8 - 9 - 10 - 11 - 12 - 15 - 16 - 18 - 19 - 20 - 21 - 22 - 23 - 24 - 25 - 27 - 28 - 31 - 32 - 33 - 34 - 35 - 36 - 38 - 39 - 40 - 47 - 49 - 50 - 51 - 52 - 55 - 56 - 57 - 58 - 59 - 60 - 61 - 64 - 66 - 67 - 69 - 70 - 72 - 73 - 75 - 76 - 77 - 78 - 80 - 82 - 83 - 86 - 87 - 88 - 93 - 94 - 97 - 98 - 99 - 100 - 102 - 103 - 104 - 106 - 107 - 108 - 109 - 110 - 111 - 112 - 113 - 114 - 115 - 117 - 119 - 120 - 121 - 123 - 126 - 128 - 130 - 131 - 132 - 133 - 134 - 139 - 140 - 141 - 145 - 146 - 152 - 153 - 154 - 155 - 156 - 158 - 159 - 160 - 161 - 163 - 164 - 165 - 169 - 170 - 172 - 174 - 175 - 177 - 178 - 180 - 183 - 185 - 186 - 187 - 190 - 191 - 193 - 194 - 196 - 197 - 198 - 200 - 201 - 202 - 207 - 208 - 212 - 215 - 216 - 217 - 218 - 219 - 220 - 221 - 222 - 223 - 224 - 225 - 231 - 233 - 234 - 236 - 239 - 241 - 242 - 244 - 245 - 246 - 247 - 248 - 250 - 251 - 253 - 255 - 256 - 257 - 258 - 259 - 260 - 261 - 262 - 263 - 264 - 268 - 269 - 270 - 271 - 272 - 273 - 274 - 277 - 279 - 280 - 283 - 284 - 288 - 289 - 291 - 293 - 298 - 300 - 301 - 303 - 305 - 306 - 307 - 311 - 313 - 314 - 315 - 317 - 318 - 319 - 320 - 321 - 324 - 325 - 327 - 328 - 329 - 331 - 333 - 334 - 335 - 336 - 337 - 338 - 342 - 344 - 347 - 348 - 351 - 353 - 354 - 356 - 358 - 359 - 360 - 361 - 362 - 364 - 366 - 368 - 371 - 373 - 374 - 375 - 377 - 378 - 381 - 387 - 388 - 389 - 390 - 391 - 395 - 398 - 401 - 402 - 403 - 404 - 406 - 410 - 411 - 414 - 415 - 416 - 417 - 418 - 419 - 424 - 427 - 428 - 429 - 432 - 436 - 437 - 439 - 440 - 442 - 443 - 444 - 446 - 447 - 448 - 450 - 452 - 455 - 456 - 457 - 459 - 460 - 461 - 462 - 463 - 464 - 465 - 467 - 468 - 469 - 470 - 471 - 475 - 476 - 477 - 479 - 480 - 481 - 482 - 483 - 485 - 489 - 490 - 492 - 496 - 497 - 498 - 499,592113.4,3.4,91504,92518,149.73,Cost: 91504 & Capacity: 92518
2 - 4 - 5 - 7 - 8 - 9 - 10 - 11 - 12 - 15 - 16 - 18 - 19 - 20 - 21 - 22 - 23 - 24 - 25 - 27 - 28 - 31 - 32 - 33 - 34 - 35 - 36 - 38 - 39 - 40 - 47 - 49 - 50 - 51 - 52 - 55 - 56 - 57 - 58 - 59 - 60 - 61 - 64 - 66 - 67 - 69 - 70 - 72 - 73 - 75 - 76 - 77 - 78 - 80 - 82 - 83 - 86 - 87 - 88 - 93 - 94 - 97 - 98 - 99 - 100 - 102 - 103 - 104 - 106 - 107 - 108 - 109 - 110 - 111 - 112 - 113 - 114 - 115 - 117 - 119 - 120 - 121 - 123 - 124 - 126 - 128 - 130 - 131 - 132 - 133 - 134 - 139 - 140 - 141 - 145 - 146 - 152 - 153 - 154 - 155 - 156 - 158 - 159 - 160 - 161 - 163 - 164 - 165 - 169 - 170 - 172 - 174 - 175 - 177 - 178 - 180 - 183 - 185 - 186 - 187 - 191 - 193 - 194 - 196 - 197 - 198 - 200 - 202 - 207 - 208 - 212 - 215 - 217 - 218 - 219 - 220 - 221 - 222 - 223 - 224 - 231 - 233 - 234 - 236 - 239 - 241 - 242 - 244 - 245 - 246 - 247 - 248 - 250 - 251 - 253 - 255 - 256 - 257 - 258 - 259 - 260 - 261 - 262 - 263 - 264 - 268 - 269 - 270 - 271 - 272 - 273 - 274 - 277 - 279 - 280 - 283 - 284 - 288 - 289 - 291 - 293 - 298 - 300 - 301 - 303 - 305 - 306 - 307 - 311 - 313 - 314 - 315 - 317 - 318 - 319 - 320 - 321 - 324 - 325 - 327 - 328 - 329 - 331 - 333 - 334 - 335 - 336 - 337 - 338 - 342 - 344 - 347 - 348 - 350 - 351 - 353 - 354 - 356 - 358 - 359 - 360 - 361 - 362 - 364 - 366 - 368 - 371 - 373 - 374 - 375 - 377 - 378 - 381 - 387 - 388 - 389 - 390 - 391 - 395 - 398 - 401 - 402 - 403 - 404 - 406 - 410 - 411 - 414 - 415 - 416 - 417 - 418 - 419 - 424 - 427 - 428 - 429 - 430 - 432 - 436 - 437 - 439 - 440 - 442 - 443 - 444 - 446 - 447 - 448 - 450 - 452 - 455 - 456 - 457 - 459 - 460 - 461 - 462 - 463 - 464 - 465 - 466 - 467 - 468 - 469 - 470 - 471 - 475 - 476 - 477 - 479 - 480 - 481 - 482 - 483 - 485 - 489 - 490 - 492 - 496 - 497 - 498 - 499,591028.2,3.4,91502,92064,149.77,Cost: 91502 & Capacity: 92064
2 - 4 - 5 - 7 - 8 - 9 - 10 - 11 - 12 - 15 - 16 - 18 - 19 - 20 - 21 - 22 - 23 - 24 - 25 - 27 - 28 - 31 - 32 - 33 - 34 - 35 - 36 - 38 - 39 - 40 - 47 - 49 - 50 - 51 - 52 - 55 - 56 - 57 - 58 - 59 - 60 - 61 - 64 - 66 - 67 - 69 - 70 - 72 - 73 - 75 - 76 - 77 - 78 - 80 - 82 - 83 - 86 - 87 - 88 - 93 - 94 - 97 - 98 - 99 - 100 - 102 - 103 - 104 - 106 - 107 - 108 - 109 - 110 - 111 - 112 - 113 - 114 - 115 - 117 - 119 - 120 - 121 - 123 - 124 - 126 - 128 - 130 - 131 - 132 - 133 - 134 - 139 - 140 - 141 - 145 - 146 - 152 - 153 - 154 - 155 - 156 - 158 - 159 - 160 - 161 - 163 - 164 - 165 - 169 - 170 - 172 - 174 - 175 - 177 - 178 - 180 - 183 - 185 - 186 - 187 - 191 - 193 - 194 - 196 - 197 - 198 - 200 - 202 - 207 - 208 - 212 - 215 - 217 - 218 - 219 - 220 - 221 - 222 - 223 - 224 - 231 - 233 - 234 - 236 - 239 - 241 - 242 - 244 - 245 - 246 - 247 - 248 - 250 - 251 - 253 - 255 - 256 - 257 - 258 - 259 - 260 - 261 - 262 - 263 - 264 - 268 - 269 - 270 - 271 - 272 - 273 - 274 - 277 - 279 - 280 - 283 - 284 - 288 - 289 - 291 - 293 - 298 - 300 - 301 - 303 - 305 - 306 - 307 - 311 - 313 - 314 - 315 - 317 - 318 - 319 - 320 - 321 - 324 - 325 - 327 - 328 - 329 - 331 - 333 - 334 - 335 - 336 - 337 - 338 - 342 - 344 - 347 - 348 - 350 - 351 - 353 - 354 - 356 - 358 - 359 - 360 - 361 - 362 - 364 - 366 - 368 - 371 - 373 - 374 - 375 - 377 - 378 - 381 - 387 - 388 - 389 - 390 - 391 - 395 - 398 - 401 - 402 - 403 - 404 - 406 - 410 - 411 - 414 - 415 - 416 - 417 - 418 - 419 - 424 - 427 - 428 - 429 - 430 - 432 - 436 - 437 - 439 - 440 - 442 - 443 - 444 - 446 - 447 - 448 - 450 - 452 - 455 - 456 - 457 - 459 - 460 - 461 - 462 - 463 - 464 - 465 - 466 - 467 - 468 - 469 - 470 - 471 - 475 - 476 - 477 - 479 - 480 - 481 - 482 - 483 - 485 - 489 - 490 - 492 - 496 - 497 - 498 - 499,591028.2,3.4,91502,92064,152.45,Cost: 91502 & Capacity: 92064
2 - 4 - 5 - 7 - 8 - 10 - 13 - 14 - 15 - 16 - 17 - 18 - 19 - 20 - 22 - 23 - 24 - 25 - 26 - 27 - 28 - 29 - 31 - 33 - 34 - 35 - 36 - 38 - 40 - 41 - 45 - 47 - 49 - 50 - 51 - 52 - 55 - 56 - 57 - 58 - 59 - 61 - 64 - 66 - 67 - 69 - 70 - 73 - 74 - 75 - 76 - 77 - 78 - 80 - 82 - 86 - 88 - 89 - 93 - 94 - 95 - 97 - 98 - 99 - 100 - 104 - 107 - 108 - 109 - 110 - 111 - 113 - 114 - 115 - 117 - 119 - 120 - 121 - 123 - 126 - 128 - 130 - 131 - 132 - 133 - 134 - 140 - 141 - 142 - 145 - 146 - 152 - 153 - 154 - 155 - 156 - 158 - 160 - 161 - 163 - 166 - 169 - 172 - 174 - 175 - 177 - 180 - 182 - 183 - 185 - 186 - 187 - 190 - 191 - 193 - 194 - 196 - 200 - 201 - 204 - 208 - 212 - 215 - 218 - 219 - 220 - 221 - 222 - 223 - 225 - 231 - 232 - 233 - 234 - 236 - 239 - 241 - 242 - 244 - 245 - 246 - 247 - 251 - 258 - 259 - 260 - 262 - 264 - 268 - 269 - 270 - 274 - 277 - 278 - 279 - 280 - 283 - 288 - 289 - 291 - 293 - 294 - 297 - 298 - 301 - 306 - 307 - 308 - 311 - 313 - 314 - 315 - 317 - 320 - 323 - 327 - 328 - 329 - 331 - 333 - 334 - 335 - 336 - 337 - 338 - 342 - 344 - 346 - 347 - 348 - 350 - 351 - 353 - 354 - 355 - 356 - 358 - 360 - 364 - 366 - 369 - 370 - 371 - 372 - 373 - 374 - 375 - 377 - 378 - 387 - 388 - 395 - 399 - 401 - 402 - 403 - 404 - 407 - 410 - 411 - 414 - 416 - 417 - 418 - 429 - 436 - 437 - 439 - 440 - 442 - 443 - 444 - 446 - 447 - 448 - 450 - 456 - 457 - 459 - 460 - 461 - 464 - 467 - 468 - 470 - 472 - 474 - 475 - 476 - 477 - 478 - 479 - 481 - 482 - 483 - 485 - 486 - 489 - 490 - 492 - 495 - 498 - 499,454910.0,5.7,91506,84150,156.21,Cost: 91506 & Capacity: 84150
2 - 4 - 5 - 7 - 8 - 9 - 10 - 11 - 12 - 15 - 16 - 18 - 19 - 20 - 21 - 22 - 23 - 24 - 25 - 27 - 28 - 31 - 32 - 33 - 34 - 35 - 36 - 38 - 39 - 40 - 47 - 49 - 50 - 51 - 52 - 55 - 56 - 57 - 58 - 59 - 60 - 61 - 64 - 66 - 67 - 69 - 70 - 72 - 73 - 75 - 76 - 77 - 78 - 80 - 82 - 83 - 86 - 87 - 88 - 93 - 94 - 97 - 98 - 99 - 100 - 102 - 103 - 104 - 106 - 107 - 108 - 109 - 110 - 111 - 112 - 113 - 114 - 115 - 117 - 119 - 120 - 121 - 123 - 124 - 126 - 128 - 130 - 131 - 132 - 133 - 134 - 139 - 140 - 141 - 145 - 146 - 152 - 153 - 154 - 155 - 156 - 158 - 159 - 160 - 161 - 163 - 164 - 165 - 169 - 170 - 172 - 174 - 175 - 177 - 178 - 180 - 183 - 185 - 186 - 187 - 191 - 193 - 194 - 196 - 197 - 198 - 200 - 202 - 207 - 208 - 212 - 215 - 217 - 218 - 219 - 220 - 221 - 222 - 223 - 224 - 231 - 233 - 234 - 236 - 239 - 241 - 242 - 244 - 245 - 246 - 247 - 248 - 250 - 251 - 253 - 255 - 256 - 257 - 258 - 259 - 260 - 261 - 262 - 263 - 264 - 268 - 269 - 270 - 271 - 272 - 273 - 274 - 277 - 279 - 280 - 283 - 284 - 288 - 289 - 291 - 293 - 298 - 300 - 301 - 303 - 305 - 306 - 307 - 311 - 313 - 314 - 315 - 317 - 318 - 319 - 320 - 321 - 324 - 325 - 327 - 328 - 329 - 331 - 333 - 334 - 335 - 336 - 337 - 338 - 342 - 344 - 347 - 348 - 350 - 351 - 353 - 354 - 356 - 358 - 359 - 360 - 361 - 362 - 364 - 366 - 368 - 371 - 373 - 374 - 375 - 377 - 378 - 381 - 387 - 388 - 389 - 390 - 391 - 395 - 398 - 401 - 402 - 403 - 404 - 406 - 410 - 411 - 414 - 415 - 416 - 417 - 418 - 419 - 424 - 427 - 428 - 429 - 430 - 432 - 436 - 437 - 439 - 440 - 442 - 443 - 444 - 446 - 447 - 448 - 450 - 452 - 455 - 456 - 457 - 459 - 460 - 461 - 462 - 463 - 464 - 465 - 466 - 467 - 468 - 469 - 470 - 471 - 475 - 476 - 477 - 479 - 480 - 481 - 482 - 483 - 485 - 489 - 490 - 492 - 496 - 497 - 498 - 499,591028.2,3.4,91502,92064,156.5,Cost: 91502 & Capacity: 92064
2 - 4 - 5 - 7 - 8 - 9 - 10 - 11 - 12 - 15 - 16 - 18 - 19 - 20 - 21 - 22 - 23 - 24 - 25 - 27 - 28 - 31 - 32 - 33 - 34 - 35 - 36 - 38 - 39 - 40 - 47 - 49 - 50 - 51 - 52 - 55 - 56 - 57 - 58 - 59 - 60 - 61 - 64 - 66 - 67 - 69 - 70 - 72 - 73 - 75 - 76 - 77 - 78 - 80 - 82 - 83 - 86 - 87 - 88 - 93 - 94 - 97 - 98 - 99 - 100 - 102 - 103 - 104 - 106 - 107 - 108 - 109 - 110 - 111 - 112 - 113 - 114 - 115 - 117 - 119 - 120 - 121 - 123 - 124 - 126 - 128 - 130 - 131 - 132 - 133 - 134 - 139 - 140 - 141 - 145 - 146 - 152 - 153 - 154 - 155 - 156 - 158 - 159 - 160 - 161 - 163 - 164 - 165 - 169 - 170 - 172 - 174 - 175 - 177 - 178 - 180 - 183 - 185 - 186 - 187 - 191 - 193 - 194 - 196 - 197 - 198 - 200 - 202 - 207 - 208 - 212 - 215 - 217 - 218 - 219 - 220 - 221 - 222 - 223 - 224 - 231 - 233 - 234 - 236 - 239 - 241 - 242 - 244 - 245 - 246 - 247 - 248 - 250 - 251 - 253 - 255 - 256 - 257 - 258 - 259 - 260 - 261 - 262 - 263 - 264 - 268 - 269 - 270 - 271 - 272 - 273 - 274 - 277 - 279 - 280 - 283 - 284 - 288 - 289 - 291 - 293 - 298 - 300 - 301 - 303 - 305 - 306 - 307 - 311 - 313 - 314 - 315 - 317 - 318 - 319 - 320 - 321 - 324 - 325 - 327 - 328 - 329 - 331 - 333 - 334 - 335 - 336 - 337 - 338 - 342 - 344 - 347 - 348 - 350 - 351 - 353 - 354 - 356 - 358 - 359 - 360 - 361 - 362 - 364 - 366 - 368 - 371 - 373 - 374 - 375 - 377 - 378 - 381 - 387 - 388 - 389 - 390 - 391 - 395 - 398 - 401 - 402 - 403 - 404 - 406 - 410 - 411 - 414 - 415 - 416 - 417 - 418 - 419 - 424 - 427 - 428 - 429 - 430 - 432 - 436 - 437 - 439 - 440 - 442 - 443 - 444 - 446 - 447 - 448 - 450 - 452 - 455 - 456 - 457 - 459 - 460 - 461 - 462 - 463 - 464 - 465 - 466 - 467 - 468 - 469 - 470 - 471 - 475 - 476 - 477 - 479 - 480 - 481 - 482 - 483 - 485 - 489 - 490 - 492 - 496 - 497 - 498 - 499,591028.2,3.4,91502,92064,158.26,Cost: 91502 & Capacity: 92064
2 - 4 - 5 - 7 - 8 - 9 - 10 - 11 - 12 - 15 - 16 - 17 - 18 - 19 - 20 - 21 - 22 - 23 - 24 - 25 - 26 - 27 - 28 - 31 - 33 - 34 - 35 - 36 - 38 - 39 - 40 - 47 - 49 - 50 - 51 - 52 - 55 - 56 - 57 - 58 - 59 - 60 - 61 - 64 - 66 - 67 - 69 - 70 - 72 - 73 - 75 - 76 - 77 - 78 - 80 - 82 - 83 - 86 - 87 - 88 - 93 - 94 - 97 - 98 - 99 - 100 - 102 - 103 - 104 - 106 - 107 - 108 - 109 - 110 - 111 - 112 - 113 - 114 - 115 - 117 - 119 - 120 - 121 - 123 - 126 - 128 - 130 - 131 - 132 - 133 - 134 - 139 - 140 - 141 - 145 - 146 - 152 - 153 - 154 - 155 - 156 - 158 - 159 - 160 - 161 - 163 - 164 - 165 - 169 - 170 - 172 - 174 - 175 - 177 - 178 - 180 - 183 - 185 - 186 - 187 - 191 - 193 - 194 - 196 - 197 - 198 - 200 - 201 - 202 - 207 - 208 - 212 - 215 - 216 - 217 - 218 - 219 - 220 - 221 - 222 - 223 - 224 - 231 - 233 - 234 - 236 - 239 - 241 - 242 - 244 - 245 - 246 - 247 - 248 - 250 - 251 - 253 - 255 - 256 - 257 - 258 - 259 - 260 - 261 - 262 - 263 - 264 - 268 - 269 - 270 - 271 - 272 - 273 - 274 - 277 - 279 - 280 - 283 - 284 - 288 - 289 - 291 - 293 - 298 - 300 - 301 - 303 - 305 - 306 - 307 - 311 - 313 - 314 - 315 - 317 - 318 - 319 - 320 - 321 - 324 - 325 - 327 - 328 - 329 - 331 - 333 - 334 - 335 - 336 - 337 - 338 - 342 - 344 - 347 - 348 - 350 - 351 - 353 - 354 - 356 - 358 - 359 - 360 - 361 - 362 - 364 - 366 - 368 - 371 - 373 - 374 - 375 - 377 - 378 - 381 - 387 - 388 - 389 - 390 - 391 - 395 - 398 - 401 - 402 - 403 - 404 - 406 - 410 - 411 - 414 - 415 - 416 - 417 - 418 - 419 - 424 - 427 - 428 - 429 - 432 - 436 - 437 - 439 - 440 - 442 - 443 - 444 - 446 - 447 - 448 - 450 - 452 - 455 - 456 - 457 - 459 - 460 - 461 - 462 - 463 - 464 - 465 - 467 - 468 - 469 - 470 - 471 - 475 - 476 - 477 - 479 - 480 - 481 - 482 - 483 - 485 - 489 - 490 - 492 - 496 - 497 - 498 - 499,591797.2,3.4,91502,92142,158.3,Cost: 91502 & Capacity: 92142
2 - 4 - 5 - 7 - 8 - 9 - 11 - 12 - 15 - 16 - 18 - 19 - 20 - 21 - 22 - 23 - 24 - 25 - 26 - 27 - 28 - 31 - 32 - 33 - 34 - 35 - 36 - 38 - 39 - 40 - 47 - 49 - 50 - 51 - 52 - 55 - 56 - 57 - 58 - 59 - 60 - 61 - 64 - 66 - 67 - 69 - 70 - 72 - 73 - 75 - 76 - 77 - 78 - 80 - 82 - 83 - 86 - 87 - 88 - 93 - 94 - 97 - 98 - 99 - 100 - 102 - 103 - 104 - 106 - 107 - 108 - 109 - 110 - 111 - 112 - 113 - 114 - 115 - 117 - 119 - 120 - 121 - 123 - 126 - 128 - 130 - 131 - 132 - 133 - 134 - 139 - 140 - 141 - 145 - 146 - 152 - 153 - 154 - 155 - 156 - 158 - 159 - 160 - 161 - 163 - 164 - 165 - 169 - 170 - 172 - 174 - 175 - 177 - 178 - 180 - 183 - 185 - 186 - 187 - 190 - 191 - 193 - 194 - 196 - 197 - 198 - 200 - 201 - 202 - 207 - 208 - 212 - 215 - 216 - 217 - 218 - 219 - 220 - 221 - 222 - 223 - 224 - 231 - 233 - 234 - 236 - 239 - 241 - 242 - 244 - 245 - 246 - 247 - 248 - 250 - 251 - 253 - 255 - 256 - 257 - 258 - 259 - 260 - 261 - 262 - 263 - 264 - 268 - 269 - 270 - 271 - 272 - 273 - 274 - 277 - 279 - 280 - 283 - 284 - 288 - 289 - 291 - 293 - 298 - 300 - 301 - 303 - 305 - 306 - 307 - 311 - 313 - 314 - 315 - 317 - 318 - 319 - 320 - 321 - 324 - 325 - 327 - 328 - 329 - 331 - 333 - 334 - 335 - 336 - 337 - 338 - 342 - 344 - 347 - 348 - 350 - 351 - 353 - 354 - 356 - 358 - 359 - 360 - 361 - 362 - 364 - 366 - 368 - 371 - 373 - 374 - 375 - 377 - 378 - 381 - 387 - 388 - 389 - 390 - 391 - 395 - 398 - 401 - 402 - 403 - 404 - 406 - 410 - 411 - 414 - 415 - 416 - 417 - 418 - 419 - 424 - 427 - 428 - 429 - 432 - 436 - 437 - 439 - 440 - 442 - 443 - 444 - 446 - 447 - 448 - 450 - 452 - 455 - 456 - 457 - 459 - 460 - 461 - 462 - 463 - 464 - 465 - 467 - 468 - 469 - 470 - 471 - 475 - 476 - 477 - 479 - 480 - 481 - 482 - 483 - 485 - 489 - 490 - 492 - 496 - 497 - 498 - 499,592453.2,3.4,91499,91800,159.69,Cost: 91499 & Capacity: 91800
2 - 4 - 5 - 7 - 8 - 9 - 10 - 11 - 12 - 15 - 16 - 18 - 19 - 20 - 21 - 22 - 23 - 24 - 25 - 27 - 28 - 31 - 32 - 33 - 34 - 35 - 36 - 38 - 39 - 40 - 47 - 49 - 50 - 51 - 52 - 55 - 56 - 57 - 58 - 59 - 60 - 61 - 64 - 66 - 67 - 69 - 70 - 72 - 73 - 75 - 76 - 77 - 78 - 80 - 82 - 83 - 86 - 87 - 88 - 93 - 94 - 97 - 98 - 99 - 100 - 102 - 103 - 104 - 106 - 107 - 108 - 109 - 110 - 111 - 112 - 113 - 114 - 115 - 117 - 119 - 120 - 121 - 123 - 124 - 126 - 128 - 130 - 131 - 132 - 133 - 134 - 139 - 140 - 141 - 145 - 146 - 152 - 153 - 154 - 155 - 156 - 158 - 159 - 160 - 161 - 163 - 164 - 165 - 169 - 170 - 172 - 174 - 175 - 177 - 178 - 180 - 183 - 185 - 186 - 187 - 191 - 193 - 194 - 196 - 197 - 198 - 200 - 202 - 207 - 208 - 212 - 215 - 217 - 218 - 219 - 220 - 221 - 222 - 223 - 224 - 231 - 233 - 234 - 236 - 239 - 241 - 242 - 244 - 245 - 246 - 247 - 248 - 250 - 251 - 253 - 255 - 256 - 257 - 258 - 259 - 260 - 261 - 262 - 263 - 264 - 268 - 269 - 270 - 271 - 272 - 273 - 274 - 277 - 279 - 280 - 283 - 284 - 288 - 289 - 291 - 293 - 298 - 300 - 301 - 303 - 305 - 306 - 307 - 311 - 313 - 314 - 315 - 317 - 318 - 319 - 320 - 321 - 324 - 325 - 327 - 328 - 329 - 331 - 333 - 334 - 335 - 336 - 337 - 338 - 342 - 344 - 347 - 348 - 350 - 351 - 353 - 354 - 356 - 358 - 359 - 360 - 361 - 362 - 364 - 366 - 368 - 371 - 373 - 374 - 375 - 377 - 378 - 381 - 387 - 388 - 389 - 390 - 391 - 395 - 398 - 401 - 402 - 403 - 404 - 406 - 410 - 411 - 414 - 415 - 416 - 417 - 418 - 419 - 424 - 427 - 428 - 429 - 430 - 432 - 436 - 437 - 439 - 440 - 442 - 443 - 444 - 446 - 447 - 448 - 450 - 452 - 455 - 456 - 457 - 459 - 460 - 461 - 462 - 463 - 464 - 465 - 466 - 467 - 468 - 469 - 470 - 471 - 475 - 476 - 477 - 479 - 480 - 481 - 482 - 483 - 485 - 489 - 490 - 492 - 496 - 497 - 498 - 499,591028.2,3.4,91502,92064,159.73,Cost: 91502 & Capacity: 92064
2 - 4 - 5 - 7 - 8 - 9 - 10 - 11 - 12 - 15 - 16 - 18 - 19 - 20 - 21 - 22 - 23 - 24 - 25 - 27 - 28 - 31 - 32 - 33 - 34 - 35 - 36 - 38 - 39 - 40 - 47 - 49 - 50 - 51 - 52 - 55 - 56 - 57 - 58 - 59 - 60 - 61 - 64 - 66 - 67 - 69 - 70 - 72 - 73 - 75 - 76 - 77 - 78 - 80 - 82 - 83 - 86 - 87 - 88 - 93 - 94 - 97 - 98 - 99 - 100 - 102 - 103 - 104 - 106 - 107 - 108 - 109 - 110 - 111 - 112 - 113 - 114 - 115 - 117 - 119 - 120 - 121 - 123 - 124 - 126 - 128 - 130 - 131 - 132 - 133 - 134 - 139 - 140 - 141 - 145 - 146 - 152 - 153 - 154 - 155 - 156 - 158 - 159 - 160 - 161 - 163 - 164 - 165 - 169 - 170 - 172 - 174 - 175 - 177 - 178 - 180 - 183 - 185 - 186 - 187 - 191 - 193 - 194 - 196 - 197 - 198 - 200 - 202 - 207 - 208 - 212 - 215 - 217 - 218 - 219 - 220 - 221 - 222 - 223 - 224 - 231 - 233 - 234 - 236 - 239 - 241 - 242 - 244 - 245 - 246 - 247 - 248 - 250 - 251 - 253 - 255 - 256 - 257 - 258 - 259 - 260 - 261 - 262 - 263 - 264 - 268 - 269 - 270 - 271 - 272 - 273 - 274 - 277 - 279 - 280 - 283 - 284 - 288 - 289 - 291 - 293 - 298 - 300 - 301 - 303 - 305 - 306 - 307 - 311 - 313 - 314 - 315 - 317 - 318 - 319 - 320 - 321 - 324 - 325 - 327 - 328 - 329 - 331 - 333 - 334 - 335 - 336 - 337 - 338 - 342 - 344 - 347 - 348 - 350 - 351 - 353 - 354 - 356 - 358 - 359 - 360 - 361 - 362 - 364 - 366 - 368 - 371 - 373 - 374 - 375 - 377 - 378 - 381 - 387 - 388 - 389 - 390 - 391 - 395 - 398 - 401 - 402 - 403 - 404 - 406 - 410 - 411 - 414 - 415 - 416 - 417 - 418 - 419 - 424 - 427 - 428 - 429 - 430 - 432 - 436 - 437 - 439 - 440 - 442 - 443 - 444 - 446 - 447 - 448 - 450 - 452 - 455 - 456 - 457 - 459 - 460 - 461 - 462 - 463 - 464 - 465 - 466 - 467 - 468 - 469 - 470 - 471 - 475 - 476 - 477 - 479 - 480 - 481 - 482 - 483 - 485 - 489 - 490 - 492 - 496 - 497 - 498 - 499,591028.2,3.4,91502,92064,164.76,Cost: 91502 & Capacity: 92064
2 - 4 - 5 - 7 - 8 - 9 - 10 - 11 - 12 - 15 - 16 - 18 - 19 - 20 - 21 - 22 - 23 - 24 - 25 - 27 - 28 - 31 - 32 - 33 - 34 - 35 - 36 - 38 - 39 - 40 - 47 - 49 - 50 - 51 - 52 - 55 - 56 - 57 - 58 - 59 - 60 - 61 - 64 - 66 - 67 - 69 - 70 - 72 - 73 - 75 - 76 - 77 - 78 - 80 - 82 - 83 - 86 - 87 - 88 - 93 - 94 - 97 - 98 - 99 - 100 - 102 - 103 - 104 - 106 - 107 - 108 - 109 - 110 - 111 - 112 - 113 - 114 - 115 - 117 - 119 - 120 - 121 - 123 - 124 - 126 - 128 - 130 - 131 - 132 - 133 - 134 - 139 - 140 - 141 - 145 - 146 - 152 - 153 - 154 - 155 - 156 - 158 - 159 - 160 - 161 - 163 - 164 - 165 - 169 - 170 - 172 - 174 - 175 - 177 - 178 - 180 - 183 - 185 - 186 - 187 - 191 - 193 - 194 - 196 - 197 - 198 - 200 - 202 - 207 - 208 - 212 - 215 - 217 - 218 - 219 - 220 - 221 - 222 - 223 - 224 - 231 - 233 - 234 - 236 - 239 - 241 - 242 - 244 - 245 - 246 - 247 - 248 - 250 - 251 - 253 - 255 - 256 - 257 - 258 - 259 - 260 - 261 - 262 - 263 - 264 - 268 - 269 - 270 - 271 - 272 - 273 - 274 - 277 - 279 - 280 - 283 - 284 - 288 - 289 - 291 - 293 - 298 - 300 - 301 - 303 - 305 - 306 - 307 - 311 - 313 - 314 - 315 - 317 - 318 - 319 - 320 - 321 - 324 - 325 - 327 - 328 - 329 - 331 - 333 - 334 - 335 - 336 - 337 - 338 - 342 - 344 - 347 - 348 - 350 - 351 - 353 - 354 - 356 - 358 - 359 - 360 - 361 - 362 - 364 - 366 - 368 - 371 - 373 - 374 - 375 - 377 - 378 - 381 - 387 - 388 - 389 - 390 - 391 - 395 - 398 - 401 - 402 - 403 - 404 - 406 - 410 - 411 - 414 - 415 - 416 - 417 - 418 - 419 - 424 - 427 - 428 - 429 - 430 - 432 - 436 - 437 - 439 - 440 - 442 - 443 - 444 - 446 - 447 - 448 - 450 - 452 - 455 - 456 - 457 - 459 - 460 - 461 - 462 - 463 - 464 - 465 - 466 - 467 - 468 - 469 - 470 - 471 - 475 - 476 - 477 - 479 - 480 - 481 - 482 - 483 - 485 - 489 - 490 - 492 - 496 - 497 - 498 - 499,591028.2,3.4,91502,92064,166.41,Cost: 91502 & Capacity: 92064
2 - 4 - 5 - 7 - 8 - 9 - 10 - 11 - 12 - 15 - 16 - 18 - 19 - 20 - 21 - 22 - 23 - 24 - 25 - 27 - 28 - 31 - 32 - 33 - 34 - 35 - 36 - 38 - 39 - 40 - 47 - 49 - 50 - 51 - 52 - 55 - 56 - 57 - 58 - 59 - 60 - 61 - 64 - 66 - 67 - 69 - 70 - 72 - 73 - 75 - 76 - 77 - 78 - 80 - 82 - 83 - 86 - 87 - 88 - 93 - 94 - 97 - 98 - 99 - 100 - 102 - 103 - 104 - 106 - 107 - 108 - 109 - 110 - 111 - 112 - 113 - 114 - 115 - 117 - 119 - 120 - 121 - 123 - 124 - 126 - 128 - 130 - 131 - 132 - 133 - 134 - 139 - 140 - 141 - 145 - 146 - 152 - 153 - 154 - 155 - 156 - 158 - 159 - 160 - 161 - 163 - 164 - 165 - 169 - 170 - 172 - 174 - 175 - 177 - 178 - 180 - 183 - 185 - 186 - 187 - 191 - 193 - 194 - 196 - 197 - 198 - 200 - 202 - 207 - 208 - 212 - 215 - 217 - 218 - 219 - 220 - 221 - 222 - 223 - 224 - 231 - 233 - 234 - 236 - 239 - 241 - 242 - 244 - 245 - 246 - 247 - 248 - 250 - 251 - 253 - 255 - 256 - 257 - 258 - 259 - 260 - 261 - 262 - 263 - 264 - 268 - 269 - 270 - 271 - 272 - 273 - 274 - 277 - 279 - 280 - 283 - 284 - 288 - 289 - 291 - 293 - 298 - 300 - 301 - 303 - 305 - 306 - 307 - 311 - 313 - 314 - 315 - 317 - 318 - 319 - 320 - 321 - 324 - 325 - 327 - 328 - 329 - 331 - 333 - 334 - 335 - 336 - 337 - 338 - 342 - 344 - 347 - 348 - 350 - 351 - 353 - 354 - 356 - 358 - 359 - 360 - 361 - 362 - 364 - 366 - 368 - 371 - 373 - 374 - 375 - 377 - 378 - 381 - 387 - 388 - 389 - 390 - 391 - 395 - 398 - 401 - 402 - 403 - 404 - 406 - 410 - 411 - 414 - 415 - 416 - 417 - 418 - 419 - 424 - 427 - 428 - 429 - 430 - 432 - 436 - 437 - 439 - 440 - 442 - 443 - 444 - 446 - 447 - 448 - 450 - 452 - 455 - 456 - 457 - 459 - 460 - 461 - 462 - 463 - 464 - 465 - 466 - 467 - 468 - 469 - 470 - 471 - 475 - 476 - 477 - 479 - 480 - 481 - 482 - 483 - 485 - 489 - 490 - 492 - 496 - 497 - 498 - 499,591028.2,3.4,91502,92064,172.58,Cost: 91502 & Capacity: 92064
2 - 4 - 5 - 7 - 8 - 9 - 10 - 11 - 12 - 15 - 16 - 18 - 19 - 20 - 21 - 22 - 23 - 24 - 25 - 27 - 28 - 31 - 32 - 33 - 34 - 35 - 36 - 38 - 39 - 40 - 47 - 49 - 50 - 51 - 52 - 55 - 56 - 57 - 58 - 59 - 60 - 61 - 64 - 66 - 67 - 69 - 70 - 72 - 73 - 75 - 76 - 77 - 78 - 80 - 82 - 83 - 86 - 87 - 88 - 93 - 94 - 97 - 98 - 99 - 100 - 102 - 103 - 104 - 106 - 107 - 108 - 109 - 110 - 111 - 112 - 113 - 114 - 115 - 117 - 119 - 120 - 121 - 123 - 124 - 126 - 128 - 130 - 131 - 132 - 133 - 134 - 139 - 140 - 141 - 145 - 146 - 152 - 153 - 154 - 155 - 156 - 158 - 159 - 160 - 161 - 163 - 164 - 165 - 169 - 170 - 172 - 174 - 175 - 177 - 178 - 180 - 183 - 185 - 186 - 187 - 191 - 193 - 194 - 196 - 197 - 198 - 200 - 202 - 207 - 208 - 212 - 215 - 217 - 218 - 219 - 220 - 221 - 222 - 223 - 224 - 231 - 233 - 234 - 236 - 239 - 241 - 242 - 244 - 245 - 246 - 247 - 248 - 250 - 251 - 253 - 255 - 256 - 257 - 258 - 259 - 260 - 261 - 262 - 263 - 264 - 268 - 269 - 270 - 271 - 272 - 273 - 274 - 277 - 279 - 280 - 283 - 284 - 288 - 289 - 291 - 293 - 298 - 300 - 301 - 303 - 305 - 306 - 307 - 311 - 313 - 314 - 315 - 317 - 318 - 319 - 320 - 321 - 324 - 325 - 327 - 328 - 329 - 331 - 333 - 334 - 335 - 336 - 337 - 338 - 342 - 344 - 347 - 348 - 350 - 351 - 353 - 354 - 356 - 358 - 359 - 360 - 361 - 362 - 364 - 366 - 368 - 371 - 373 - 374 - 375 - 377 - 378 - 381 - 387 - 388 - 389 - 390 - 391 - 395 - 398 - 401 - 402 - 403 - 404 - 406 - 410 - 411 - 414 - 415 - 416 - 417 - 418 - 419 - 424 - 427 - 428 - 429 - 430 - 432 - 436 - 437 - 439 - 440 - 442 - 443 - 444 - 446 - 447 - 448 - 450 - 452 - 455 - 456 - 457 - 459 - 460 - 461 - 462 - 463 - 464 - 465 - 466 - 467 - 468 - 469 - 470 - 471 - 475 - 476 - 477 - 479 - 480 - 481 - 482 - 483 - 485 - 489 - 490 - 492 - 496 - 497 - 498 - 499,591028.2,3.4,91502,92064,175.26,Cost: 91502 & Capacity: 92064
2 - 4 - 5 - 7 - 8 - 9 - 10 - 11 - 12 - 15 - 16 - 18 - 19 - 20 - 21 - 22 - 23 - 24 - 25 - 27 - 28 - 31 - 32 - 33 - 34 - 35 - 36 - 38 - 39 - 40 - 47 - 49 - 50 - 51 - 52 - 55 - 56 - 57 - 58 - 59 - 60 - 61 - 64 - 66 - 67 - 69 - 70 - 72 - 73 - 75 - 76 - 77 - 78 - 80 - 82 - 83 - 86 - 87 - 88 - 93 - 94 - 97 - 98 - 99 - 100 - 102 - 103 - 104 - 106 - 107 - 108 - 109 - 110 - 111 - 112 - 113 - 114 - 115 - 117 - 119 - 120 - 121 - 123 - 124 - 126 - 128 - 130 - 131 - 132 - 133 - 134 - 139 - 140 - 141 - 145 - 146 - 152 - 153 - 154 - 155 - 156 - 158 - 159 - 160 - 161 - 163 - 164 - 165 - 169 - 170 - 172 - 174 - 175 - 177 - 178 - 180 - 183 - 185 - 186 - 187 - 191 - 193 - 194 - 196 - 197 - 198 - 200 - 202 - 207 - 208 - 212 - 215 - 217 - 218 - 219 - 220 - 221 - 222 - 223 - 224 - 231 - 233 - 234 - 236 - 239 - 241 - 242 - 244 - 245 - 246 - 247 - 248 - 250 - 251 - 253 - 255 - 256 - 257 - 258 - 259 - 260 - 261 - 262 - 263 - 264 - 268 - 269 - 270 - 271 - 272 - 273 - 274 - 277 - 279 - 280 - 283 - 284 - 288 - 289 - 291 - 293 - 298 - 300 - 301 - 303 - 305 - 306 - 307 - 311 - 313 - 314 - 315 - 317 - 318 - 319 - 320 - 321 - 324 - 325 - 327 - 328 - 329 - 331 - 333 - 334 - 335 - 336 - 337 - 338 - 342 - 344 - 347 - 348 - 350 - 351 - 353 - 354 - 356 - 358 - 359 - 360 - 361 - 362 - 364 - 366 - 368 - 371 - 373 - 374 - 375 - 377 - 378 - 381 - 387 - 388 - 389 - 390 - 391 - 395 - 398 - 401 - 402 - 403 - 404 - 406 - 410 - 411 - 414 - 415 - 416 - 417 - 418 - 419 - 424 - 427 - 428 - 429 - 430 - 432 - 436 - 437 - 439 - 440 - 442 - 443 - 444 - 446 - 447 - 448 - 450 - 452 - 455 - 456 - 457 - 459 - 460 - 461 - 462 - 463 - 464 - 465 - 466 - 467 - 468 - 469 - 470 - 471 - 475 - 476 - 477 - 479 - 480 - 481 - 482 - 483 - 485 - 489 - 490 - 492 - 496 - 497 - 498 - 499,591028.2,3.4,91502,92064,177.16,Cost: 91502 & Capacity: 92064
2 - 4 - 5 - 7 - 8 - 9 - 10 - 11 - 12 - 15 - 16 - 18 - 19 - 20 - 21 - 22 - 23 - 24 - 25 - 27 - 28 - 31 - 32 - 33 - 34 - 35 - 36 - 38 - 39 - 40 - 47 - 49 - 50 - 51 - 52 - 55 - 56 - 57 - 58 - 59 - 60 - 61 - 64 - 66 - 67 - 69 - 70 - 72 - 73 - 75 - 76 - 77 - 78 - 80 - 82 - 83 - 86 - 87 - 88 - 93 - 94 - 97 - 98 - 99 - 100 - 102 - 103 - 104 - 106 - 107 - 108 - 109 - 110 - 111 - 112 - 113 - 114 - 115 - 117 - 119 - 120 - 121 - 123 - 124 - 126 - 128 - 130 - 131 - 132 - 133 - 134 - 139 - 140 - 141 - 145 - 146 - 152 - 153 - 154 - 155 - 156 - 158 - 159 - 160 - 161 - 163 - 164 - 165 - 169 - 170 - 172 - 174 - 175 - 177 - 178 - 180 - 183 - 185 - 186 - 187 - 191 - 193 - 194 - 196 - 197 - 198 - 200 - 202 - 207 - 208 - 212 - 215 - 217 - 218 - 219 - 220 - 221 - 222 - 223 - 224 - 231 - 233 - 234 - 236 - 239 - 241 - 242 - 244 - 245 - 246 - 247 - 248 - 250 - 251 - 253 - 255 - 256 - 257 - 258 - 259 - 260 - 261 - 262 - 263 - 264 - 268 - 269 - 270 - 271 - 272 - 273 - 274 - 277 - 279 - 280 - 283 - 284 - 288 - 289 - 291 - 293 - 298 - 300 - 301 - 303 - 305 - 306 - 307 - 311 - 313 - 314 - 315 - 317 - 318 - 319 - 320 - 321 - 324 - 325 - 327 - 328 - 329 - 331 - 333 - 334 - 335 - 336 - 337 - 338 - 342 - 344 - 347 - 348 - 350 - 351 - 353 - 354 - 356 - 358 - 359 - 360 - 361 - 362 - 364 - 366 - 368 - 371 - 373 - 374 - 375 - 377 - 378 - 381 - 387 - 388 - 389 - 390 - 391 - 395 - 398 - 401 - 402 - 403 - 404 - 406 - 410 - 411 - 414 - 415 - 416 - 417 - 418 - 419 - 424 - 427 - 428 - 429 - 430 - 432 - 436 - 437 - 439 - 440 - 442 - 443 - 444 - 446 - 447 - 448 - 450 - 452 - 455 - 456 - 457 - 459 - 460 - 461 - 462 - 463 - 464 - 465 - 466 - 467 - 468 - 469 - 470 - 471 - 475 - 476 - 477 - 479 - 480 - 481 - 482 - 483 - 485 - 489 - 490 - 492 - 496 - 497 - 498 - 499,591028.2,3.4,91502,92064,179.72,Cost: 91502 & Capacity: 92064
2 - 4 - 5 - 7 - 8 - 9 - 10 - 11 - 12 - 15 - 16 - 18 - 19 - 20 - 21 - 22 - 23 - 24 - 25 - 27 - 28 - 31 - 32 - 33 - 34 - 35 - 36 - 38 - 39 - 40 - 47 - 49 - 50 - 51 - 52 - 55 - 56 - 57 - 58 - 59 - 60 - 61 - 64 - 66 - 67 - 69 - 70 - 72 - 73 - 75 - 76 - 77 - 78 - 80 - 82 - 83 - 86 - 87 - 88 - 93 - 94 - 97 - 98 - 99 - 100 - 102 - 103 - 104 - 106 - 107 - 108 - 109 - 110 - 111 - 112 - 113 - 114 - 115 - 117 - 119 - 120 - 121 - 123 - 124 - 126 - 128 - 130 - 131 - 132 - 133 - 134 - 139 - 140 - 141 - 145 - 146 - 152 - 153 - 154 - 155 - 156 - 158 - 159 - 160 - 161 - 163 - 164 - 165 - 169 - 170 - 172 - 174 - 175 - 177 - 178 - 180 - 183 - 185 - 186 - 187 - 191 - 193 - 194 - 196 - 197 - 198 - 200 - 202 - 207 - 208 - 212 - 215 - 217 - 218 - 219 - 220 - 221 - 222 - 223 - 224 - 231 - 233 - 234 - 236 - 239 - 241 - 242 - 244 - 245 - 246 - 247 - 248 - 250 - 251 - 253 - 255 - 256 - 257 - 258 - 259 - 260 - 261 - 262 - 263 - 264 - 268 - 269 - 270 - 271 - 272 - 273 - 274 - 277 - 279 - 280 - 283 - 284 - 288 - 289 - 291 - 293 - 298 - 300 - 301 - 303 - 305 - 306 - 307 - 311 - 313 - 314 - 315 - 317 - 318 - 319 - 320 - 321 - 324 - 325 - 327 - 328 - 329 - 331 - 333 - 334 - 335 - 336 - 337 - 338 - 342 - 344 - 347 - 348 - 350 - 351 - 353 - 354 - 356 - 358 - 359 - 360 - 361 - 362 - 364 - 366 - 368 - 371 - 373 - 374 - 375 - 377 - 378 - 381 - 387 - 388 - 389 - 390 - 391 - 395 - 398 - 401 - 402 - 403 - 404 - 406 - 410 - 411 - 414 - 415 - 416 - 417 - 418 - 419 - 424 - 427 - 428 - 429 - 430 - 432 - 436 - 437 - 439 - 440 - 442 - 443 - 444 - 446 - 447 - 448 - 450 - 452 - 455 - 456 - 457 - 459 - 460 - 461 - 462 - 463 - 464 - 465 - 466 - 467 - 468 - 469 - 470 - 471 - 475 - 476 - 477 - 479 - 480 - 481 - 482 - 483 - 485 - 489 - 490 - 492 - 496 - 497 - 498 - 499,591028.2,3.4,91502,92064,180.14,Cost: 91502 & Capacity: 92064
2 - 4 - 5 - 7 - 8 - 9 - 10 - 11 - 12 - 15 - 16 - 17 - 18 - 19 - 20 - 21 - 22 - 23 - 24 - 25 - 26 - 27 - 28 - 31 - 32 - 33 - 34 - 35 - 36 - 38 - 39 - 40 - 47 - 49 - 50 - 51 - 52 - 55 - 56 - 57 - 58 - 59 - 60 - 61 - 64 - 66 - 67 - 69 - 70 - 72 - 73 - 75 - 76 - 77 - 78 - 80 - 82 - 83 - 86 - 87 - 88 - 93 - 94 - 97 - 98 - 99 - 100 - 102 - 103 - 106 - 107 - 108 - 109 - 110 - 111 - 112 - 113 - 114 - 115 - 117 - 119 - 120 - 121 - 123 - 126 - 128 - 130 - 131 - 132 - 133 - 134 - 139 - 140 - 141 - 145 - 146 - 152 - 153 - 154 - 155 - 156 - 158 - 159 - 160 - 161 - 163 - 164 - 165 - 169 - 170 - 172 - 174 - 175 - 177 - 178 - 180 - 183 - 185 - 186 - 187 - 191 - 193 - 194 - 196 - 197 - 198 - 200 - 201 - 202 - 207 - 208 - 212 - 215 - 217 - 218 - 219 - 220 - 221 - 222 - 223 - 224 - 231 - 233 - 234 - 236 - 239 - 241 - 242 - 244 - 245 - 246 - 247 - 248 - 250 - 251 - 253 - 255 - 256 - 257 - 258 - 259 - 260 - 261 - 262 - 263 - 264 - 268 - 269 - 270 - 271 - 272 - 273 - 274 - 277 - 279 - 280 - 283 - 284 - 288 - 289 - 291 - 293 - 298 - 300 - 301 - 303 - 305 - 306 - 307 - 311 - 313 - 314 - 315 - 317 - 318 - 319 - 320 - 321 - 324 - 325 - 327 - 328 - 329 - 331 - 333 - 334 - 335 - 336 - 337 - 338 - 342 - 344 - 347 - 348 - 350 - 351 - 353 - 354 - 356 - 358 - 359 - 360 - 361 - 362 - 364 - 366 - 368 - 371 - 373 - 374 - 375 - 377 - 378 - 381 - 387 - 388 - 389 - 390 - 391 - 395 - 398 - 401 - 402 - 403 - 404 - 406 - 410 - 411 - 414 - 415 - 416 - 417 - 418 - 419 - 424 - 427 - 428 - 429 - 430 - 432 - 436 - 437 - 439 - 440 - 442 - 443 - 444 - 446 - 447 - 448 - 450 - 452 - 455 - 456 - 457 - 459 - 460 - 461 - 462 - 463 - 464 - 465 - 467 - 468 - 469 - 470 - 471 - 475 - 476 - 477 - 479 - 480 - 481 - 482 - 483 - 485 - 489 - 490 - 492 - 496 - 497 - 498 - 499,591083.9,3.4,91498,92525,181.78,Cost: 91498 & Capacity: 92525
2 - 4 - 5 - 7 - 8 - 9 - 10 - 11 - 12 - 15 - 16 - 18 - 19 - 20 - 21 - 22 - 23 - 24 - 25 - 27 - 28 - 31 - 32 - 33 - 34 - 35 - 36 - 38 - 39 - 40 - 47 - 49 - 50 - 51 - 52 - 55 - 56 - 57 - 58 - 59 - 60 - 61 - 64 - 66 - 67 - 69 - 70 - 72 - 73 - 75 - 76 - 77 - 78 - 80 - 82 - 83 - 86 - 87 - 88 - 93 - 94 - 97 - 98 - 99 - 100 - 102 - 103 - 104 - 106 - 107 - 108 - 109 - 110 - 111 - 112 - 113 - 114 - 115 - 117 - 119 - 120 - 121 - 123 - 124 - 126 - 128 - 130 - 131 - 132 - 133 - 134 - 139 - 140 - 141 - 145 - 146 - 152 - 153 - 154 - 155 - 156 - 158 - 159 - 160 - 161 - 163 - 164 - 165 - 169 - 170 - 172 - 174 - 175 - 177 - 178 - 180 - 183 - 185 - 186 - 187 - 191 - 193 - 194 - 196 - 197 - 198 - 200 - 202 - 207 - 208 - 212 - 215 - 217 - 218 - 219 - 220 - 221 - 222 - 223 - 224 - 231 - 233 - 234 - 236 - 239 - 241 - 242 - 244 - 245 - 246 - 247 - 248 - 250 - 251 - 253 - 255 - 256 - 257 - 258 - 259 - 260 - 261 - 262 - 263 - 264 - 268 - 269 - 270 - 271 - 272 - 273 - 274 - 277 - 279 - 280 - 283 - 284 - 288 - 289 - 291 - 293 - 298 - 300 - 301 - 303 - 305 - 306 - 307 - 311 - 313 - 314 - 315 - 317 - 318 - 319 - 320 - 321 - 324 - 325 - 327 - 328 - 329 - 331 - 333 - 334 - 335 - 336 - 337 - 338 - 342 - 344 - 347 - 348 - 350 - 351 - 353 - 354 - 356 - 358 - 359 - 360 - 361 - 362 - 364 - 366 - 368 - 371 - 373 - 374 - 375 - 377 - 378 - 381 - 387 - 388 - 389 - 390 - 391 - 395 - 398 - 401 - 402 - 403 - 404 - 406 - 410 - 411 - 414 - 415 - 416 - 417 - 418 - 419 - 424 - 427 - 428 - 429 - 430 - 432 - 436 - 437 - 439 - 440 - 442 - 443 - 444 - 446 - 447 - 448 - 450 - 452 - 455 - 456 - 457 - 459 - 460 - 461 - 462 - 463 - 464 - 465 - 466 - 467 - 468 - 469 - 470 - 471 - 475 - 476 - 477 - 479 - 480 - 481 - 482 - 483 - 485 - 489 - 490 - 492 - 496 - 497 - 498 - 499,591028.2,3.4,91502,92064,183.25,Cost: 91502 & Capacity: 92064
2 - 4 - 5 - 7 - 8 - 9 - 10 - 11 - 12 - 15 - 16 - 18 - 19 - 20 - 21 - 22 - 23 - 24 - 25 - 27 - 28 - 31 - 32 - 33 - 34 - 35 - 36 - 38 - 39 - 40 - 47 - 49 - 50 - 51 - 52 - 55 - 56 - 57 - 58 - 59 - 60 - 61 - 64 - 66 - 67 - 69 - 70 - 72 - 73 - 75 - 76 - 77 - 78 - 80 - 82 - 83 - 86 - 87 - 88 - 93 - 94 - 97 - 98 - 99 - 100 - 102 - 103 - 104 - 106 - 107 - 108 - 109 - 110 - 111 - 112 - 113 - 114 - 115 - 117 - 119 - 120 - 121 - 123 - 124 - 126 - 128 - 130 - 131 - 132 - 133 - 134 - 139 - 140 - 141 - 145 - 146 - 152 - 153 - 154 - 155 - 156 - 158 - 159 - 160 - 161 - 163 - 164 - 165 - 169 - 170 - 172 - 174 - 175 - 177 - 178 - 180 - 183 - 185 - 186 - 187 - 191 - 193 - 194 - 196 - 197 - 198 - 200 - 202 - 207 - 208 - 212 - 215 - 217 - 218 - 219 - 220 - 221 - 222 - 223 - 224 - 231 - 233 - 234 - 236 - 239 - 241 - 242 - 244 - 245 - 246 - 247 - 248 - 250 - 251 - 253 - 255 - 256 - 257 - 258 - 259 - 260 - 261 - 262 - 263 - 264 - 268 - 269 - 270 - 271 - 272 - 273 - 274 - 277 - 279 - 280 - 283 - 284 - 288 - 289 - 291 - 293 - 298 - 300 - 301 - 303 - 305 - 306 - 307 - 311 - 313 - 314 - 315 - 317 - 318 - 319 - 320 - 321 - 324 - 325 - 327 - 328 - 329 - 331 - 333 - 334 - 335 - 336 - 337 - 338 - 342 - 344 - 347 - 348 - 350 - 351 - 353 - 354 - 356 - 358 - 359 - 360 - 361 - 362 - 364 - 366 - 368 - 371 - 373 - 374 - 375 - 377 - 378 - 381 - 387 - 388 - 389 - 390 - 391 - 395 - 398 - 401 - 402 - 403 - 404 - 406 - 410 - 411 - 414 - 415 - 416 - 417 - 418 - 419 - 424 - 427 - 428 - 429 - 430 - 432 - 436 - 437 - 439 - 440 - 442 - 443 - 444 - 446 - 447 - 448 - 450 - 452 - 455 - 456 - 457 - 459 - 460 - 461 - 462 - 463 - 464 - 465 - 466 - 467 - 468 - 469 - 470 - 471 - 475 - 476 - 477 - 479 - 480 - 481 - 482 - 483 - 485 - 489 - 490 - 492 - 496 - 497 - 498 - 499,591028.2,3.4,91502,92064,187.37,Cost: 91502 & Capacity: 92064
2 - 5 - 7 - 12 - 14 - 19 - 23 - 26 - 31 - 33 - 34 - 55 - 56 - 62 - 63 - 69 - 70 - 72 - 74 - 80 - 90 - 100 - 104 - 105 - 108 - 114 - 117 - 121 - 123 - 130 - 133 - 136 - 142 - 144 - 146 - 148 - 149 - 150 - 155 - 158 - 159 - 161 - 164 - 166 - 176 - 183 - 190 - 193 - 196 - 197 - 201 - 204 - 205 - 208 - 216 - 217 - 223 - 225 - 229 - 230 - 232 - 233 - 236 - 239 - 250 - 252 - 253 - 256 - 258 - 266 - 274 - 275 - 276 - 278 - 279 - 291 - 292 - 293 - 296 - 298 - 312 - 320 - 321 - 323 - 334 - 339 - 343 - 346 - 351 - 353 - 357 - 358 - 364 - 367 - 373 - 374 - 375 - 380 - 387 - 391 - 403 - 404 - 409 - 416 - 425 - 427 - 428 - 429 - 437 - 442 - 445 - 450 - 456 - 457 - 460 - 468 - 470 - 478 - 479 - 484 - 498 - 499,108099.6,8.4,72124,56467,187.73,Cost: 72124 & Capacity: 56467
2 - 4 - 5 - 7 - 8 - 9 - 10 - 11 - 12 - 15 - 16 - 18 - 19 - 20 - 21 - 22 - 23 - 24 - 25 - 27 - 28 - 31 - 32 - 33 - 34 - 35 - 36 - 38 - 39 - 40 - 47 - 49 - 50 - 51 - 52 - 55 - 56 - 57 - 58 - 59 - 60 - 61 - 64 - 66 - 67 - 69 - 70 - 72 - 73 - 75 - 76 - 77 - 78 - 80 - 82 - 83 - 86 - 87 - 88 - 93 - 94 - 97 - 98 - 99 - 100 - 102 - 103 - 104 - 106 - 107 - 108 - 109 - 110 - 111 - 112 - 113 - 114 - 115 - 117 - 119 - 120 - 121 - 123 - 124 - 126 - 128 - 130 - 131 - 132 - 133 - 134 - 139 - 140 - 141 - 145 - 146 - 152 - 153 - 154 - 155 - 156 - 158 - 159 - 160 - 161 - 163 - 164 - 165 - 169 - 170 - 172 - 174 - 175 - 177 - 178 - 180 - 183 - 185 - 186 - 187 - 191 - 193 - 194 - 196 - 197 - 198 - 200 - 202 - 207 - 208 - 212 - 215 - 217 - 218 - 219 - 220 - 221 - 222 - 223 - 224 - 231 - 233 - 234 - 236 - 239 - 241 - 242 - 244 - 245 - 246 - 247 - 248 - 250 - 251 - 253 - 255 - 256 - 257 - 258 - 259 - 260 - 261 - 262 - 263 - 264 - 268 - 269 - 270 - 271 - 272 - 273 - 274 - 277 - 279 - 280 - 283 - 284 - 288 - 289 - 291 - 293 - 298 - 300 - 301 - 303 - 305 - 306 - 307 - 311 - 313 - 314 - 315 - 317 - 318 - 319 - 320 - 321 - 324 - 325 - 327 - 328 - 329 - 331 - 333 - 334 - 335 - 336 - 337 - 338 - 342 - 344 - 347 - 348 - 350 - 351 - 353 - 354 - 356 - 358 - 359 - 360 - 361 - 362 - 364 - 366 - 368 - 371 - 373 - 374 - 375 - 377 - 378 - 381 - 387 - 388 - 389 - 390 - 391 - 395 - 398 - 401 - 402 - 403 - 404 - 406 - 410 - 411 - 414 - 415 - 416 - 417 - 418 - 419 - 424 - 427 - 428 - 429 - 430 - 432 - 436 - 437 - 439 - 440 - 442 - 443 - 444 - 446 - 447 - 448 - 450 - 452 - 455 - 456 - 457 - 459 - 460 - 461 - 462 - 463 - 464 - 465 - 466 - 467 - 468 - 469 - 470 - 471 - 475 - 476 - 477 - 479 - 480 - 481 - 482 - 483 - 485 - 489 - 490 - 492 - 496 - 497 - 498 - 499,591028.2,3.4,91502,92064,189.31,Cost: 91502 & Capacity: 92064
