Nodes,MaxSum,MaxMin,Cost,Capacity,Time,Constraint values
0 - 3 - 5 - 7 - 14 - 20 - 21 - 29 - 38 - 47 - 48 - 49 - 53 - 54 - 58 - 60 - 63 - 64 - 65 - 67 - 69 - 72 - 75 - 76 - 79 - 84 - 85 - 86 - 87 - 91 - 95 - 99 - 102 - 104 - 112 - 115 - 116 - 117 - 123 - 126 - 127 - 131 - 134 - 140 - 144 - 145 - 146 - 147 - 150 - 155 - 156 - 158 - 160 - 161 - 165 - 169 - 170 - 171 - 172 - 178 - 179 - 181 - 185 - 188 - 189 - 190 - 191 - 194 - 195 - 202 - 207 - 211 - 218 - 222 - 223 - 224 - 227 - 229 - 232 - 233 - 235 - 237 - 240 - 250 - 252 - 256 - 259 - 261 - 262 - 268 - 269 - 274 - 277 - 283 - 284 - 285 - 286 - 291 - 292 - 295 - 299 - 305 - 312 - 315 - 317 - 320 - 322 - 323 - 326 - 331 - 332 - 333 - 338 - 344 - 345 - 353 - 355 - 358 - 361 - 362 - 368 - 374 - 375 - 377 - 379 - 381 - 382 - 385 - 387 - 388 - 389 - 390 - 392 - 393 - 395 - 407 - 419 - 435 - 436 - 437 - 439 - 440 - 441 - 442 - 443 - 444 - 445 - 447 - 448 - 449 - 450 - 454 - 456 - 458 - 465 - 467 - 470 - 476 - 477 - 482 - 487 - 489 - 494 - 497,6863782.4,11.3,98155,80710,1.62,Cost: 98155 & Capacity: 80710
0 - 2 - 9 - 10 - 12 - 16 - 24 - 35 - 38 - 44 - 49 - 53 - 60 - 61 - 67 - 68 - 72 - 75 - 76 - 77 - 81 - 84 - 86 - 87 - 88 - 91 - 93 - 95 - 99 - 106 - 107 - 108 - 113 - 114 - 115 - 116 - 120 - 125 - 127 - 131 - 132 - 133 - 140 - 143 - 144 - 145 - 146 - 152 - 155 - 156 - 164 - 170 - 172 - 175 - 180 - 184 - 185 - 186 - 187 - 188 - 195 - 199 - 207 - 213 - 214 - 218 - 221 - 223 - 224 - 225 - 227 - 231 - 235 - 237 - 246 - 247 - 249 - 251 - 252 - 255 - 259 - 261 - 262 - 266 - 270 - 272 - 273 - 274 - 276 - 277 - 278 - 279 - 281 - 284 - 285 - 287 - 292 - 294 - 297 - 298 - 302 - 303 - 307 - 309 - 311 - 312 - 315 - 317 - 319 - 322 - 323 - 325 - 332 - 333 - 336 - 337 - 338 - 340 - 350 - 352 - 353 - 354 - 356 - 359 - 361 - 374 - 377 - 381 - 382 - 388 - 390 - 395 - 399 - 403 - 412 - 416 - 419 - 422 - 423 - 426 - 428 - 430 - 433 - 438 - 441 - 442 - 444 - 449 - 450 - 452 - 458 - 465 - 466 - 468 - 470 - 474 - 476 - 477 - 489 - 492 - 493 - 496 - 497 - 499,6859768.0,11.8,94673,78637,5.95,Cost: 94673 & Capacity: 78637
1 - 14 - 28 - 33 - 35 - 48 - 55 - 59 - 65 - 66 - 69 - 71 - 72 - 75 - 81 - 95 - 99 - 104 - 105 - 109 - 113 - 119 - 121 - 145 - 150 - 163 - 164 - 165 - 166 - 167 - 168 - 172 - 173 - 184 - 185 - 198 - 209 - 211 - 216 - 219 - 224 - 225 - 231 - 244 - 248 - 253 - 255 - 257 - 261 - 263 - 278 - 279 - 283 - 284 - 285 - 287 - 292 - 298 - 299 - 319 - 320 - 326 - 329 - 361 - 371 - 374 - 376 - 378 - 381 - 383 - 385 - 391 - 392 - 398 - 403 - 409 - 411 - 413 - 416 - 428 - 429 - 431 - 433 - 438 - 444 - 455 - 457 - 465 - 474 - 475 - 480 - 481 - 484 - 488 - 493,2337071.4,31.4,67506,52149,14.9,Cost: 67506 & Capacity: 52149
1 - 14 - 28 - 33 - 35 - 48 - 55 - 59 - 65 - 66 - 69 - 71 - 72 - 75 - 81 - 95 - 99 - 104 - 105 - 109 - 113 - 119 - 121 - 145 - 150 - 163 - 164 - 165 - 166 - 167 - 168 - 172 - 173 - 184 - 185 - 198 - 209 - 211 - 216 - 219 - 224 - 225 - 231 - 244 - 248 - 253 - 255 - 257 - 261 - 263 - 278 - 279 - 283 - 284 - 285 - 287 - 292 - 298 - 299 - 302 - 319 - 320 - 326 - 329 - 361 - 371 - 374 - 376 - 378 - 381 - 383 - 385 - 391 - 392 - 398 - 403 - 409 - 411 - 413 - 416 - 428 - 429 - 431 - 433 - 438 - 444 - 455 - 457 - 465 - 474 - 475 - 480 - 481 - 484 - 488 - 493,2384236.0,30.5,67949,52493,14.9,Cost: 67949 & Capacity: 52493
1 - 14 - 28 - 33 - 35 - 48 - 55 - 59 - 65 - 66 - 69 - 71 - 72 - 75 - 81 - 95 - 99 - 104 - 105 - 109 - 113 - 119 - 121 - 145 - 150 - 163 - 164 - 165 - 166 - 167 - 168 - 172 - 173 - 184 - 185 - 198 - 209 - 211 - 216 - 219 - 224 - 225 - 231 - 244 - 248 - 253 - 255 - 257 - 261 - 263 - 278 - 279 - 283 - 284 - 285 - 287 - 292 - 298 - 299 - 302 - 319 - 320 - 326 - 329 - 361 - 371 - 374 - 376 - 378 - 381 - 383 - 385 - 391 - 392 - 398 - 402 - 403 - 409 - 411 - 413 - 416 - 428 - 429 - 431 - 433 - 438 - 444 - 455 - 457 - 465 - 474 - 475 - 480 - 481 - 484 - 488 - 493,2433686.9,30.1,68456,52872,14.9,Cost: 68456 & Capacity: 52872
1 - 14 - 28 - 33 - 35 - 48 - 55 - 59 - 65 - 66 - 69 - 71 - 72 - 75 - 76 - 81 - 95 - 99 - 104 - 105 - 109 - 113 - 119 - 121 - 145 - 150 - 163 - 164 - 165 - 166 - 167 - 168 - 172 - 173 - 184 - 185 - 198 - 209 - 211 - 216 - 218 - 219 - 224 - 225 - 231 - 244 - 248 - 253 - 255 - 257 - 260 - 261 - 263 - 278 - 279 - 283 - 284 - 285 - 287 - 292 - 298 - 299 - 302 - 319 - 320 - 326 - 329 - 357 - 361 - 364 - 371 - 374 - 376 - 378 - 381 - 382 - 383 - 385 - 391 - 392 - 398 - 402 - 403 - 409 - 411 - 413 - 416 - 423 - 428 - 429 - 431 - 433 - 438 - 444 - 454 - 455 - 457 - 465 - 474 - 475 - 480 - 481 - 484 - 488 - 493,2821020.1,27.1,73403,56547,14.9,Cost: 73403 & Capacity: 56547
5 - 11 - 13 - 16 - 17 - 22 - 26 - 34 - 35 - 37 - 40 - 43 - 44 - 52 - 54 - 58 - 59 - 67 - 68 - 69 - 74 - 80 - 86 - 90 - 99 - 107 - 115 - 116 - 118 - 119 - 120 - 123 - 128 - 130 - 132 - 137 - 144 - 147 - 154 - 156 - 164 - 165 - 166 - 168 - 169 - 171 - 176 - 179 - 180 - 181 - 184 - 188 - 192 - 196 - 204 - 205 - 207 - 209 - 211 - 212 - 213 - 214 - 219 - 221 - 222 - 226 - 227 - 235 - 237 - 241 - 242 - 249 - 252 - 258 - 259 - 261 - 262 - 263 - 267 - 268 - 269 - 273 - 276 - 277 - 280 - 281 - 283 - 284 - 285 - 287 - 288 - 295 - 298 - 303 - 304 - 305 - 306 - 307 - 308 - 309 - 313 - 315 - 317 - 318 - 322 - 323 - 325 - 329 - 331 - 333 - 334 - 336 - 338 - 340 - 341 - 342 - 343 - 344 - 345 - 346 - 348 - 354 - 355 - 358 - 359 - 361 - 366 - 368 - 375 - 376 - 381 - 388 - 390 - 393 - 400 - 401 - 402 - 403 - 406 - 410 - 411 - 416 - 421 - 428 - 432 - 436 - 438 - 442 - 444 - 449 - 450 - 454 - 464 - 465 - 467 - 468 - 474 - 476 - 477 - 485 - 489 - 494 - 497,6783400.1,12.2,98225,79360,16.29,Cost: 98225 & Capacity: 79360
0 - 2 - 4 - 9 - 10 - 12 - 13 - 15 - 16 - 17 - 20 - 21 - 28 - 34 - 36 - 37 - 38 - 42 - 43 - 44 - 45 - 49 - 50 - 51 - 53 - 54 - 56 - 58 - 59 - 60 - 61 - 62 - 63 - 64 - 65 - 67 - 68 - 69 - 71 - 72 - 75 - 76 - 78 - 80 - 84 - 86 - 87 - 90 - 91 - 94 - 95 - 96 - 97 - 98 - 99 - 100 - 103 - 105 - 107 - 108 - 109 - 110 - 111 - 114 - 115 - 116 - 118 - 120 - 123 - 124 - 125 - 128 - 129 - 131 - 132 - 135 - 137 - 140 - 142 - 144 - 145 - 146 - 147 - 148 - 150 - 151 - 152 - 154 - 155 - 158 - 159 - 160 - 163 - 164 - 165 - 166 - 167 - 170 - 174 - 175 - 178 - 179 - 180 - 181 - 182 - 183 - 184 - 185 - 186 - 187 - 188 - 189 - 190 - 192 - 193 - 195 - 197 - 200 - 203 - 204 - 210 - 211 - 212 - 214 - 215 - 216 - 217 - 218 - 221 - 225 - 228 - 229 - 230 - 231 - 233 - 235 - 237 - 238 - 239 - 241 - 242 - 246 - 248 - 250 - 254 - 255 - 257 - 258 - 259 - 262 - 263 - 266 - 267 - 268 - 269 - 270 - 272 - 274 - 275 - 276 - 277 - 280 - 281 - 283 - 284 - 288 - 289 - 290 - 292 - 294 - 295 - 297 - 299 - 300 - 301 - 302 - 303 - 305 - 306 - 307 - 309 - 311 - 312 - 313 - 316 - 318 - 322 - 323 - 324 - 325 - 327 - 328 - 329 - 331 - 333 - 335 - 337 - 338 - 343 - 344 - 347 - 349 - 354 - 355 - 356 - 360 - 362 - 363 - 364 - 365 - 366 - 369 - 370 - 371 - 372 - 373 - 374 - 375 - 377 - 379 - 380 - 382 - 384 - 385 - 387 - 388 - 389 - 390 - 392 - 393 - 397 - 400 - 402 - 404 - 405 - 406 - 409 - 411 - 413 - 414 - 415 - 416 - 418 - 419 - 420 - 421 - 422 - 424 - 426 - 427 - 428 - 429 - 430 - 432 - 434 - 435 - 437 - 438 - 440 - 441 - 442 - 445 - 446 - 448 - 450 - 454 - 456 - 458 - 460 - 463 - 464 - 466 - 468 - 469 - 470 - 472 - 473 - 474 - 476 - 477 - 480 - 481 - 485 - 488 - 490 - 492 - 494 - 495 - 496,20874761.7,0.0,98200,100486,16.54,Cost: 98200 & Capacity: 100486
2 - 14 - 21 - 35 - 39 - 44 - 67 - 69 - 74 - 84 - 88 - 91 - 104 - 110 - 111 - 113 - 115 - 120 - 138 - 142 - 145 - 149 - 154 - 164 - 168 - 169 - 172 - 179 - 180 - 181 - 183 - 187 - 188 - 193 - 194 - 196 - 199 - 207 - 209 - 212 - 214 - 217 - 219 - 223 - 224 - 225 - 229 - 231 - 247 - 249 - 252 - 263 - 265 - 269 - 270 - 281 - 283 - 284 - 287 - 294 - 302 - 305 - 306 - 308 - 319 - 320 - 329 - 331 - 340 - 348 - 357 - 360 - 373 - 374 - 381 - 384 - 387 - 388 - 389 - 390 - 401 - 403 - 404 - 409 - 414 - 416 - 421 - 428 - 429 - 438 - 442 - 443 - 444 - 449 - 465 - 467 - 472 - 474 - 480 - 489 - 491,2643967.1,29.6,62235,52991,20.64,Cost: 62235 & Capacity: 52991
2 - 14 - 21 - 35 - 39 - 44 - 67 - 69 - 74 - 84 - 88 - 91 - 104 - 110 - 111 - 113 - 115 - 120 - 138 - 142 - 145 - 149 - 154 - 164 - 168 - 169 - 172 - 179 - 180 - 181 - 183 - 187 - 188 - 193 - 194 - 196 - 199 - 207 - 209 - 212 - 214 - 217 - 218 - 219 - 223 - 224 - 225 - 229 - 231 - 233 - 247 - 249 - 252 - 263 - 265 - 269 - 270 - 281 - 283 - 284 - 287 - 294 - 302 - 305 - 306 - 308 - 319 - 320 - 329 - 331 - 340 - 348 - 357 - 360 - 373 - 374 - 381 - 382 - 384 - 387 - 388 - 389 - 390 - 401 - 403 - 404 - 409 - 414 - 416 - 421 - 428 - 429 - 438 - 442 - 443 - 444 - 449 - 465 - 467 - 472 - 474 - 480 - 489 - 491,2795597.6,27.9,63085,53907,20.64,Cost: 63085 & Capacity: 53907
0 - 2 - 4 - 9 - 10 - 11 - 12 - 13 - 15 - 16 - 17 - 20 - 21 - 28 - 34 - 36 - 37 - 38 - 42 - 43 - 44 - 45 - 50 - 51 - 53 - 54 - 56 - 58 - 59 - 60 - 61 - 62 - 63 - 64 - 65 - 67 - 68 - 69 - 71 - 72 - 75 - 76 - 78 - 80 - 84 - 86 - 87 - 90 - 91 - 94 - 95 - 96 - 97 - 98 - 99 - 100 - 103 - 105 - 107 - 108 - 109 - 110 - 111 - 114 - 115 - 116 - 118 - 120 - 123 - 124 - 125 - 128 - 129 - 131 - 132 - 135 - 137 - 140 - 142 - 144 - 145 - 146 - 147 - 148 - 150 - 151 - 152 - 154 - 155 - 158 - 159 - 160 - 163 - 164 - 166 - 167 - 170 - 174 - 175 - 178 - 179 - 180 - 181 - 182 - 183 - 184 - 185 - 186 - 187 - 188 - 189 - 190 - 192 - 193 - 195 - 197 - 198 - 200 - 203 - 204 - 210 - 211 - 212 - 214 - 215 - 216 - 217 - 218 - 221 - 225 - 228 - 229 - 230 - 231 - 233 - 234 - 235 - 237 - 238 - 239 - 241 - 242 - 246 - 248 - 250 - 254 - 255 - 257 - 258 - 259 - 262 - 263 - 266 - 267 - 268 - 269 - 270 - 272 - 274 - 275 - 276 - 277 - 280 - 281 - 283 - 284 - 288 - 289 - 290 - 292 - 294 - 295 - 297 - 299 - 300 - 301 - 302 - 303 - 305 - 306 - 307 - 309 - 311 - 312 - 313 - 316 - 318 - 322 - 323 - 324 - 325 - 327 - 328 - 329 - 331 - 333 - 337 - 338 - 343 - 344 - 347 - 349 - 354 - 355 - 356 - 360 - 362 - 363 - 364 - 365 - 366 - 369 - 370 - 371 - 372 - 373 - 374 - 375 - 377 - 379 - 380 - 382 - 384 - 385 - 387 - 388 - 389 - 390 - 392 - 393 - 397 - 400 - 402 - 404 - 405 - 406 - 409 - 411 - 413 - 414 - 415 - 416 - 418 - 419 - 420 - 421 - 422 - 424 - 426 - 427 - 428 - 429 - 430 - 432 - 434 - 435 - 437 - 438 - 440 - 441 - 442 - 445 - 446 - 448 - 450 - 454 - 456 - 458 - 460 - 463 - 464 - 466 - 468 - 469 - 470 - 472 - 473 - 474 - 476 - 477 - 480 - 481 - 485 - 488 - 490 - 492 - 494 - 495 - 496,20910408.2,0.0,98248,99876,21.53,Cost: 98248 & Capacity: 99876
3 - 5 - 7 - 14 - 27 - 29 - 40 - 46 - 47 - 48 - 49 - 59 - 60 - 76 - 83 - 86 - 91 - 109 - 114 - 116 - 117 - 126 - 127 - 134 - 136 - 140 - 143 - 145 - 146 - 147 - 148 - 150 - 161 - 162 - 164 - 166 - 168 - 169 - 172 - 173 - 179 - 187 - 188 - 193 - 202 - 203 - 210 - 214 - 228 - 232 - 234 - 239 - 240 - 252 - 256 - 258 - 259 - 261 - 264 - 265 - 266 - 275 - 276 - 277 - 281 - 288 - 292 - 293 - 306 - 312 - 313 - 320 - 324 - 338 - 345 - 350 - 352 - 354 - 369 - 370 - 379 - 389 - 391 - 393 - 402 - 417 - 429 - 430 - 431 - 438 - 441 - 443 - 444 - 451 - 455 - 465 - 467 - 484 - 491,2541292.5,30.0,70303,52215,22.09,Cost: 70303 & Capacity: 52215
3 - 5 - 7 - 14 - 27 - 29 - 40 - 46 - 47 - 48 - 49 - 59 - 60 - 76 - 83 - 86 - 91 - 99 - 108 - 109 - 114 - 116 - 117 - 126 - 127 - 134 - 136 - 140 - 143 - 145 - 146 - 147 - 148 - 150 - 161 - 162 - 164 - 166 - 168 - 169 - 172 - 173 - 179 - 187 - 188 - 193 - 202 - 203 - 210 - 214 - 228 - 232 - 234 - 239 - 240 - 252 - 256 - 258 - 259 - 261 - 264 - 265 - 266 - 275 - 276 - 277 - 281 - 288 - 292 - 293 - 306 - 312 - 313 - 320 - 324 - 338 - 345 - 350 - 352 - 354 - 369 - 370 - 379 - 389 - 391 - 393 - 402 - 417 - 429 - 430 - 431 - 438 - 441 - 443 - 444 - 451 - 455 - 465 - 467 - 484 - 491,2645556.4,28.5,70566,52392,22.09,Cost: 70566 & Capacity: 52392
3 - 5 - 7 - 14 - 27 - 29 - 40 - 46 - 47 - 48 - 49 - 59 - 60 - 76 - 83 - 86 - 91 - 99 - 108 - 109 - 114 - 116 - 117 - 126 - 127 - 134 - 136 - 140 - 143 - 145 - 146 - 147 - 148 - 150 - 161 - 162 - 164 - 166 - 168 - 169 - 172 - 173 - 179 - 187 - 188 - 193 - 202 - 203 - 210 - 214 - 228 - 232 - 234 - 239 - 240 - 252 - 256 - 258 - 259 - 261 - 264 - 265 - 266 - 275 - 276 - 277 - 281 - 288 - 292 - 293 - 306 - 312 - 313 - 320 - 324 - 338 - 345 - 350 - 352 - 354 - 369 - 370 - 379 - 382 - 389 - 391 - 393 - 402 - 417 - 429 - 430 - 431 - 438 - 441 - 443 - 444 - 451 - 455 - 465 - 467 - 484 - 491 - 493,2744255.6,28.1,72561,53530,22.09,Cost: 72561 & Capacity: 53530
3 - 5 - 7 - 14 - 27 - 29 - 40 - 46 - 47 - 48 - 49 - 59 - 60 - 76 - 83 - 86 - 91 - 99 - 108 - 109 - 114 - 116 - 117 - 126 - 127 - 134 - 136 - 140 - 143 - 145 - 146 - 147 - 148 - 150 - 161 - 162 - 164 - 166 - 168 - 169 - 172 - 173 - 179 - 187 - 188 - 193 - 202 - 203 - 210 - 214 - 228 - 232 - 234 - 239 - 240 - 252 - 256 - 258 - 259 - 261 - 264 - 265 - 266 - 275 - 276 - 277 - 281 - 288 - 292 - 293 - 306 - 308 - 312 - 313 - 320 - 324 - 338 - 345 - 350 - 352 - 354 - 369 - 370 - 379 - 382 - 389 - 391 - 393 - 402 - 417 - 429 - 430 - 431 - 438 - 441 - 443 - 444 - 451 - 455 - 465 - 467 - 484 - 491 - 493,2796182.4,27.8,73821,54313,22.09,Cost: 73821 & Capacity: 54313
3 - 5 - 7 - 14 - 27 - 29 - 40 - 46 - 47 - 48 - 49 - 59 - 60 - 76 - 83 - 86 - 91 - 99 - 108 - 109 - 114 - 116 - 117 - 126 - 127 - 134 - 136 - 140 - 143 - 145 - 146 - 147 - 148 - 150 - 161 - 162 - 164 - 166 - 168 - 169 - 172 - 173 - 179 - 186 - 187 - 188 - 193 - 202 - 203 - 210 - 214 - 228 - 232 - 234 - 239 - 240 - 252 - 256 - 258 - 259 - 261 - 264 - 265 - 266 - 275 - 276 - 277 - 281 - 288 - 292 - 293 - 306 - 308 - 312 - 313 - 320 - 324 - 338 - 345 - 350 - 352 - 354 - 369 - 370 - 379 - 382 - 389 - 391 - 393 - 402 - 417 - 429 - 430 - 431 - 438 - 441 - 442 - 443 - 444 - 451 - 455 - 465 - 467 - 484 - 491 - 493,2897683.6,27.0,74666,55683,22.09,Cost: 74666 & Capacity: 55683
0 - 3 - 10 - 14 - 26 - 28 - 29 - 31 - 34 - 35 - 36 - 38 - 43 - 45 - 47 - 50 - 53 - 54 - 55 - 56 - 58 - 68 - 71 - 72 - 77 - 81 - 84 - 91 - 94 - 95 - 99 - 104 - 107 - 113 - 114 - 118 - 119 - 127 - 128 - 129 - 130 - 132 - 133 - 137 - 138 - 142 - 144 - 145 - 147 - 149 - 153 - 156 - 158 - 160 - 161 - 162 - 164 - 166 - 167 - 171 - 173 - 179 - 185 - 190 - 194 - 198 - 201 - 202 - 203 - 205 - 209 - 212 - 218 - 221 - 227 - 228 - 233 - 235 - 242 - 246 - 250 - 252 - 253 - 256 - 258 - 259 - 269 - 272 - 273 - 277 - 279 - 284 - 285 - 288 - 289 - 290 - 292 - 296 - 299 - 304 - 305 - 307 - 308 - 312 - 317 - 322 - 323 - 324 - 325 - 326 - 328 - 331 - 338 - 343 - 345 - 347 - 350 - 354 - 355 - 357 - 358 - 361 - 364 - 366 - 367 - 369 - 374 - 381 - 390 - 391 - 392 - 393 - 397 - 401 - 402 - 403 - 404 - 409 - 413 - 415 - 416 - 419 - 421 - 428 - 429 - 430 - 432 - 433 - 434 - 437 - 438 - 440 - 441 - 442 - 445 - 446 - 448 - 452 - 459 - 465 - 470 - 472 - 473 - 476 - 479 - 485 - 488 - 489 - 490,7233957.7,11.2,94191,79106,22.71,Cost: 94191 & Capacity: 79106
0 - 2 - 4 - 9 - 10 - 12 - 13 - 15 - 16 - 17 - 20 - 21 - 28 - 34 - 36 - 37 - 38 - 42 - 43 - 44 - 45 - 49 - 50 - 51 - 53 - 54 - 56 - 58 - 59 - 60 - 61 - 62 - 63 - 64 - 65 - 67 - 68 - 69 - 71 - 72 - 75 - 76 - 78 - 80 - 84 - 86 - 87 - 90 - 91 - 94 - 95 - 96 - 97 - 98 - 99 - 100 - 103 - 105 - 107 - 108 - 109 - 110 - 111 - 114 - 115 - 116 - 118 - 120 - 123 - 124 - 125 - 128 - 129 - 131 - 132 - 135 - 137 - 140 - 142 - 144 - 145 - 146 - 147 - 148 - 150 - 151 - 152 - 154 - 155 - 158 - 159 - 160 - 163 - 164 - 165 - 166 - 167 - 170 - 174 - 175 - 178 - 179 - 180 - 181 - 182 - 183 - 184 - 185 - 186 - 187 - 188 - 189 - 190 - 192 - 193 - 195 - 197 - 200 - 203 - 204 - 210 - 211 - 212 - 214 - 215 - 216 - 217 - 218 - 221 - 225 - 228 - 229 - 230 - 231 - 233 - 235 - 237 - 238 - 239 - 241 - 242 - 246 - 248 - 250 - 254 - 255 - 257 - 258 - 259 - 262 - 263 - 266 - 267 - 268 - 269 - 270 - 272 - 274 - 275 - 276 - 277 - 280 - 281 - 283 - 284 - 288 - 289 - 290 - 292 - 294 - 295 - 297 - 299 - 300 - 301 - 302 - 303 - 305 - 306 - 307 - 309 - 311 - 312 - 313 - 316 - 318 - 322 - 323 - 324 - 325 - 327 - 328 - 329 - 331 - 333 - 335 - 337 - 338 - 343 - 344 - 347 - 349 - 354 - 355 - 356 - 360 - 362 - 363 - 364 - 365 - 366 - 369 - 370 - 371 - 372 - 373 - 374 - 375 - 377 - 379 - 380 - 382 - 384 - 385 - 387 - 388 - 389 - 390 - 392 - 393 - 397 - 400 - 402 - 404 - 405 - 406 - 409 - 411 - 413 - 414 - 415 - 416 - 418 - 419 - 420 - 421 - 422 - 424 - 426 - 427 - 428 - 429 - 430 - 432 - 434 - 435 - 437 - 438 - 440 - 441 - 442 - 445 - 446 - 448 - 450 - 454 - 456 - 458 - 460 - 463 - 464 - 466 - 468 - 469 - 470 - 472 - 473 - 474 - 476 - 477 - 480 - 481 - 485 - 488 - 490 - 492 - 494 - 495 - 496,20874761.7,0.0,98200,100486,26.7,Cost: 98200 & Capacity: 100486
6 - 7 - 9 - 11 - 14 - 21 - 47 - 53 - 59 - 60 - 66 - 67 - 73 - 74 - 76 - 81 - 82 - 83 - 86 - 87 - 88 - 94 - 97 - 99 - 103 - 105 - 107 - 111 - 113 - 115 - 121 - 123 - 127 - 132 - 140 - 144 - 145 - 148 - 150 - 152 - 164 - 166 - 194 - 195 - 200 - 207 - 209 - 211 - 214 - 222 - 223 - 224 - 227 - 230 - 231 - 248 - 252 - 256 - 260 - 267 - 275 - 277 - 279 - 283 - 284 - 286 - 292 - 298 - 302 - 306 - 308 - 310 - 312 - 320 - 325 - 330 - 338 - 344 - 345 - 350 - 358 - 359 - 373 - 377 - 382 - 383 - 387 - 389 - 397 - 407 - 408 - 411 - 412 - 438 - 439 - 442 - 443 - 445 - 450 - 454 - 457 - 459 - 467 - 484 - 485 - 498,2920222.8,26.4,69783,54141,30.74,Cost: 69783 & Capacity: 54141
6 - 7 - 9 - 11 - 14 - 21 - 47 - 53 - 59 - 60 - 66 - 67 - 73 - 74 - 76 - 81 - 82 - 83 - 86 - 87 - 88 - 94 - 97 - 99 - 103 - 105 - 107 - 111 - 113 - 115 - 121 - 123 - 127 - 132 - 140 - 144 - 145 - 148 - 150 - 152 - 164 - 166 - 168 - 194 - 195 - 200 - 207 - 209 - 211 - 214 - 222 - 223 - 224 - 227 - 230 - 231 - 248 - 252 - 256 - 260 - 267 - 275 - 277 - 279 - 283 - 284 - 286 - 292 - 298 - 302 - 306 - 308 - 310 - 312 - 320 - 325 - 330 - 338 - 344 - 345 - 350 - 358 - 359 - 373 - 377 - 382 - 383 - 387 - 389 - 397 - 407 - 408 - 411 - 412 - 438 - 439 - 442 - 443 - 445 - 450 - 454 - 457 - 459 - 467 - 484 - 485 - 498,2967824.7,25.9,71442,55011,30.74,Cost: 71442 & Capacity: 55011
6 - 7 - 9 - 11 - 14 - 21 - 47 - 53 - 59 - 60 - 66 - 67 - 73 - 74 - 76 - 81 - 82 - 83 - 86 - 87 - 88 - 94 - 97 - 99 - 103 - 105 - 107 - 111 - 113 - 115 - 121 - 123 - 127 - 132 - 140 - 144 - 145 - 148 - 150 - 152 - 164 - 166 - 168 - 194 - 195 - 200 - 207 - 209 - 211 - 214 - 222 - 223 - 224 - 227 - 230 - 231 - 246 - 247 - 248 - 252 - 256 - 260 - 267 - 275 - 277 - 279 - 283 - 284 - 286 - 292 - 298 - 302 - 306 - 308 - 310 - 312 - 320 - 325 - 330 - 331 - 338 - 344 - 345 - 350 - 358 - 359 - 361 - 366 - 373 - 376 - 377 - 382 - 383 - 387 - 389 - 397 - 399 - 407 - 408 - 411 - 412 - 417 - 438 - 439 - 441 - 442 - 443 - 445 - 450 - 454 - 457 - 459 - 467 - 475 - 484 - 485 - 498,3527266.2,22.8,79640,60840,30.74,Cost: 79640 & Capacity: 60840
0 - 2 - 4 - 9 - 10 - 13 - 15 - 16 - 17 - 20 - 21 - 28 - 34 - 36 - 37 - 38 - 42 - 43 - 44 - 45 - 49 - 50 - 51 - 53 - 54 - 56 - 58 - 59 - 60 - 61 - 62 - 63 - 64 - 65 - 67 - 68 - 69 - 71 - 72 - 75 - 76 - 78 - 80 - 84 - 86 - 87 - 90 - 91 - 94 - 95 - 96 - 97 - 98 - 99 - 100 - 103 - 105 - 107 - 108 - 109 - 110 - 111 - 114 - 115 - 116 - 118 - 120 - 123 - 124 - 125 - 128 - 129 - 131 - 132 - 135 - 137 - 140 - 142 - 144 - 145 - 146 - 147 - 148 - 150 - 151 - 152 - 154 - 155 - 158 - 159 - 160 - 163 - 164 - 165 - 166 - 167 - 170 - 174 - 175 - 178 - 179 - 180 - 181 - 182 - 183 - 184 - 185 - 186 - 187 - 188 - 189 - 190 - 192 - 193 - 195 - 197 - 200 - 203 - 204 - 206 - 210 - 211 - 212 - 214 - 215 - 216 - 217 - 218 - 221 - 225 - 228 - 229 - 230 - 231 - 233 - 235 - 237 - 238 - 239 - 241 - 242 - 246 - 248 - 250 - 254 - 255 - 257 - 258 - 259 - 262 - 263 - 266 - 267 - 268 - 269 - 270 - 272 - 274 - 275 - 276 - 277 - 280 - 281 - 283 - 284 - 288 - 289 - 290 - 292 - 294 - 295 - 297 - 299 - 300 - 301 - 302 - 303 - 305 - 306 - 307 - 309 - 311 - 312 - 313 - 316 - 318 - 322 - 323 - 324 - 325 - 327 - 328 - 329 - 331 - 333 - 335 - 337 - 338 - 343 - 344 - 347 - 349 - 354 - 355 - 356 - 360 - 362 - 363 - 364 - 365 - 366 - 369 - 370 - 371 - 372 - 373 - 374 - 375 - 377 - 379 - 380 - 382 - 384 - 385 - 387 - 388 - 389 - 390 - 392 - 393 - 397 - 400 - 402 - 404 - 405 - 406 - 409 - 411 - 413 - 414 - 415 - 416 - 418 - 419 - 420 - 421 - 422 - 424 - 426 - 427 - 428 - 429 - 430 - 432 - 434 - 435 - 437 - 438 - 440 - 441 - 442 - 445 - 446 - 448 - 450 - 454 - 456 - 458 - 460 - 463 - 464 - 466 - 468 - 469 - 470 - 472 - 473 - 474 - 476 - 477 - 480 - 481 - 485 - 488 - 490 - 492 - 494 - 495 - 496,20871063.2,0.0,98199,100410,32.4,Cost: 98199 & Capacity: 100410
0 - 5 - 8 - 12 - 17 - 18 - 21 - 22 - 26 - 29 - 35 - 42 - 45 - 46 - 58 - 59 - 61 - 63 - 67 - 70 - 75 - 78 - 79 - 81 - 87 - 95 - 97 - 104 - 106 - 117 - 119 - 122 - 126 - 127 - 130 - 137 - 138 - 144 - 150 - 152 - 154 - 155 - 156 - 158 - 160 - 162 - 165 - 174 - 178 - 181 - 190 - 191 - 192 - 200 - 202 - 217 - 221 - 224 - 227 - 232 - 238 - 240 - 242 - 243 - 253 - 263 - 271 - 274 - 277 - 282 - 290 - 299 - 313 - 325 - 328 - 331 - 333 - 338 - 350 - 359 - 361 - 369 - 381 - 383 - 386 - 389 - 390 - 394 - 404 - 406 - 412 - 415 - 422 - 431 - 433 - 436 - 441 - 445 - 451 - 452 - 454 - 458 - 459 - 467 - 474 - 480 - 486 - 489 - 495,3081626.7,24.9,76394,59452,33.65,Cost: 76394 & Capacity: 59452
0 - 7 - 14 - 20 - 24 - 26 - 40 - 45 - 46 - 47 - 53 - 54 - 55 - 58 - 67 - 70 - 73 - 75 - 81 - 84 - 91 - 93 - 94 - 97 - 106 - 110 - 113 - 115 - 117 - 121 - 126 - 128 - 132 - 141 - 150 - 162 - 168 - 171 - 172 - 175 - 181 - 193 - 203 - 212 - 214 - 217 - 219 - 223 - 232 - 233 - 234 - 235 - 240 - 252 - 259 - 260 - 262 - 275 - 276 - 277 - 279 - 285 - 292 - 294 - 297 - 299 - 308 - 319 - 322 - 325 - 335 - 347 - 350 - 354 - 357 - 364 - 381 - 382 - 384 - 385 - 389 - 399 - 400 - 401 - 403 - 409 - 410 - 412 - 414 - 416 - 419 - 435 - 436 - 438 - 441 - 442 - 444 - 457 - 459 - 464 - 467 - 470 - 476 - 478 - 481 - 482 - 487 - 489 - 490 - 495,3147443.5,24.8,70413,55215,0.25,Cost: 70413 & Capacity: 55215
0 - 7 - 14 - 20 - 24 - 26 - 40 - 45 - 46 - 47 - 53 - 54 - 55 - 58 - 67 - 70 - 73 - 75 - 81 - 84 - 91 - 93 - 94 - 97 - 106 - 110 - 113 - 115 - 117 - 121 - 126 - 128 - 132 - 150 - 162 - 168 - 171 - 172 - 175 - 181 - 186 - 193 - 203 - 204 - 212 - 214 - 217 - 219 - 223 - 232 - 233 - 234 - 235 - 240 - 252 - 259 - 260 - 262 - 275 - 276 - 277 - 279 - 285 - 292 - 294 - 297 - 299 - 308 - 319 - 322 - 325 - 335 - 347 - 350 - 354 - 357 - 359 - 364 - 381 - 382 - 384 - 385 - 389 - 395 - 399 - 400 - 401 - 403 - 409 - 410 - 412 - 414 - 416 - 419 - 435 - 436 - 438 - 441 - 442 - 444 - 457 - 459 - 464 - 467 - 470 - 476 - 478 - 481 - 482 - 487 - 489 - 490 - 495,3303225.6,23.9,72312,57013,0.24,Cost: 72312 & Capacity: 57013
0 - 2 - 4 - 9 - 10 - 12 - 13 - 15 - 16 - 17 - 20 - 21 - 28 - 34 - 36 - 37 - 38 - 42 - 43 - 44 - 45 - 50 - 51 - 53 - 54 - 56 - 58 - 59 - 60 - 61 - 62 - 63 - 64 - 65 - 67 - 68 - 69 - 71 - 72 - 75 - 76 - 78 - 80 - 84 - 86 - 87 - 90 - 91 - 94 - 95 - 96 - 97 - 98 - 99 - 100 - 103 - 105 - 107 - 108 - 109 - 110 - 111 - 114 - 115 - 116 - 118 - 120 - 123 - 124 - 125 - 128 - 129 - 131 - 132 - 135 - 137 - 140 - 142 - 144 - 145 - 146 - 147 - 148 - 150 - 151 - 152 - 154 - 155 - 158 - 159 - 160 - 163 - 164 - 165 - 166 - 167 - 170 - 174 - 175 - 178 - 179 - 180 - 181 - 182 - 183 - 184 - 185 - 186 - 187 - 188 - 189 - 190 - 192 - 193 - 195 - 197 - 200 - 203 - 204 - 210 - 211 - 212 - 214 - 215 - 216 - 217 - 218 - 221 - 225 - 228 - 229 - 230 - 231 - 233 - 235 - 237 - 238 - 239 - 241 - 242 - 246 - 248 - 250 - 254 - 255 - 257 - 258 - 259 - 262 - 263 - 266 - 267 - 268 - 269 - 270 - 272 - 274 - 275 - 276 - 277 - 280 - 281 - 283 - 284 - 288 - 289 - 290 - 292 - 294 - 295 - 297 - 299 - 300 - 301 - 302 - 303 - 305 - 306 - 307 - 309 - 311 - 312 - 313 - 316 - 318 - 322 - 323 - 324 - 325 - 327 - 328 - 329 - 331 - 333 - 335 - 337 - 338 - 343 - 344 - 347 - 349 - 354 - 355 - 356 - 360 - 362 - 363 - 364 - 365 - 366 - 369 - 370 - 371 - 372 - 373 - 374 - 375 - 377 - 379 - 380 - 382 - 384 - 385 - 387 - 388 - 389 - 390 - 392 - 393 - 397 - 400 - 402 - 404 - 405 - 406 - 409 - 411 - 413 - 414 - 415 - 416 - 418 - 419 - 420 - 421 - 422 - 424 - 426 - 427 - 428 - 429 - 430 - 432 - 434 - 435 - 437 - 438 - 440 - 441 - 442 - 445 - 446 - 448 - 450 - 454 - 456 - 458 - 460 - 463 - 464 - 466 - 468 - 469 - 470 - 472 - 473 - 474 - 476 - 477 - 480 - 481 - 485 - 488 - 490 - 492 - 494 - 495 - 496,20737916.5,0.0,97510,99942,0.57,Cost: 97510 & Capacity: 99942
0 - 2 - 4 - 9 - 10 - 12 - 13 - 15 - 16 - 17 - 20 - 21 - 25 - 28 - 36 - 37 - 42 - 44 - 45 - 49 - 50 - 51 - 53 - 54 - 56 - 58 - 60 - 63 - 64 - 65 - 67 - 68 - 69 - 71 - 72 - 75 - 76 - 78 - 80 - 84 - 86 - 87 - 90 - 91 - 94 - 95 - 96 - 97 - 98 - 99 - 100 - 103 - 105 - 107 - 108 - 109 - 110 - 111 - 113 - 114 - 115 - 116 - 118 - 120 - 123 - 124 - 128 - 129 - 131 - 132 - 135 - 137 - 139 - 140 - 142 - 144 - 145 - 146 - 147 - 148 - 150 - 151 - 152 - 154 - 155 - 157 - 158 - 159 - 160 - 163 - 164 - 166 - 167 - 170 - 174 - 175 - 178 - 179 - 180 - 181 - 182 - 183 - 185 - 186 - 187 - 188 - 189 - 190 - 192 - 193 - 195 - 197 - 203 - 204 - 210 - 211 - 212 - 214 - 215 - 216 - 217 - 218 - 221 - 225 - 228 - 229 - 230 - 231 - 233 - 235 - 237 - 238 - 239 - 242 - 246 - 248 - 250 - 254 - 255 - 257 - 258 - 259 - 262 - 263 - 266 - 267 - 268 - 269 - 270 - 272 - 273 - 274 - 275 - 276 - 277 - 280 - 281 - 283 - 284 - 288 - 289 - 290 - 292 - 294 - 295 - 297 - 299 - 300 - 301 - 302 - 303 - 305 - 306 - 307 - 309 - 311 - 312 - 313 - 316 - 318 - 321 - 322 - 323 - 324 - 325 - 326 - 327 - 328 - 329 - 331 - 333 - 337 - 338 - 343 - 344 - 347 - 349 - 354 - 355 - 356 - 360 - 362 - 363 - 364 - 366 - 370 - 371 - 372 - 373 - 374 - 375 - 377 - 379 - 380 - 382 - 385 - 387 - 388 - 389 - 390 - 392 - 393 - 395 - 397 - 400 - 403 - 404 - 405 - 406 - 411 - 413 - 414 - 415 - 416 - 418 - 419 - 420 - 421 - 422 - 424 - 426 - 427 - 428 - 429 - 430 - 432 - 434 - 435 - 436 - 437 - 438 - 440 - 441 - 442 - 445 - 446 - 448 - 450 - 454 - 456 - 460 - 463 - 464 - 466 - 468 - 469 - 470 - 471 - 472 - 473 - 474 - 476 - 477 - 480 - 481 - 485 - 488 - 492 - 494 - 495 - 496 - 497,19951028.7,0.3,98260,98094,4.59,Cost: 98260 & Capacity: 98094
0 - 5 - 12 - 17 - 18 - 21 - 33 - 36 - 38 - 42 - 44 - 45 - 51 - 60 - 63 - 64 - 67 - 72 - 75 - 79 - 80 - 81 - 86 - 87 - 90 - 91 - 94 - 95 - 98 - 99 - 104 - 106 - 107 - 108 - 110 - 111 - 114 - 115 - 117 - 118 - 120 - 127 - 128 - 136 - 137 - 142 - 144 - 147 - 148 - 149 - 152 - 156 - 158 - 160 - 164 - 166 - 170 - 172 - 178 - 180 - 181 - 188 - 189 - 190 - 194 - 198 - 201 - 203 - 207 - 208 - 209 - 211 - 212 - 215 - 223 - 225 - 227 - 229 - 231 - 232 - 233 - 234 - 235 - 239 - 246 - 247 - 248 - 252 - 255 - 256 - 262 - 265 - 266 - 268 - 269 - 273 - 275 - 277 - 279 - 282 - 283 - 284 - 285 - 286 - 287 - 290 - 292 - 294 - 298 - 299 - 301 - 302 - 303 - 306 - 307 - 308 - 317 - 323 - 328 - 329 - 330 - 331 - 333 - 336 - 338 - 342 - 347 - 352 - 357 - 359 - 361 - 362 - 366 - 371 - 372 - 373 - 374 - 375 - 381 - 382 - 384 - 386 - 387 - 388 - 389 - 391 - 392 - 393 - 395 - 400 - 403 - 404 - 406 - 407 - 409 - 411 - 413 - 415 - 421 - 423 - 428 - 432 - 433 - 434 - 435 - 437 - 438 - 440 - 442 - 444 - 459 - 460 - 465 - 470 - 474 - 476 - 477 - 480 - 484 - 485 - 489 - 490 - 495 - 497 - 499,8726404.5,9.7,98215,81943,6.05,Cost: 98215 & Capacity: 81943
5 - 11 - 14 - 20 - 25 - 29 - 33 - 38 - 42 - 44 - 47 - 52 - 53 - 54 - 58 - 61 - 62 - 64 - 65 - 67 - 73 - 75 - 76 - 79 - 84 - 86 - 88 - 90 - 91 - 93 - 100 - 104 - 110 - 111 - 112 - 115 - 117 - 126 - 134 - 136 - 137 - 139 - 144 - 146 - 149 - 150 - 152 - 158 - 160 - 166 - 170 - 175 - 176 - 178 - 181 - 182 - 186 - 190 - 192 - 195 - 196 - 201 - 202 - 204 - 205 - 211 - 212 - 221 - 227 - 232 - 233 - 235 - 237 - 240 - 246 - 248 - 249 - 250 - 252 - 260 - 261 - 262 - 270 - 271 - 273 - 276 - 277 - 283 - 287 - 288 - 292 - 294 - 295 - 298 - 299 - 300 - 303 - 312 - 317 - 320 - 322 - 323 - 333 - 336 - 341 - 342 - 344 - 347 - 350 - 354 - 355 - 361 - 362 - 364 - 368 - 370 - 372 - 373 - 381 - 382 - 388 - 389 - 393 - 395 - 397 - 400 - 401 - 403 - 404 - 408 - 413 - 415 - 416 - 419 - 422 - 427 - 438 - 440 - 441 - 442 - 449 - 450 - 454 - 459 - 463 - 464 - 470 - 476 - 477 - 478 - 479 - 485 - 487 - 489 - 492 - 494 - 495 - 499,6394888.3,14.1,90608,75704,6.49,Cost: 90608 & Capacity: 75704
0 - 2 - 4 - 9 - 10 - 11 - 12 - 13 - 15 - 16 - 17 - 20 - 21 - 28 - 34 - 35 - 36 - 37 - 38 - 42 - 44 - 45 - 50 - 51 - 53 - 54 - 56 - 58 - 60 - 61 - 62 - 63 - 64 - 65 - 67 - 68 - 69 - 71 - 72 - 75 - 76 - 78 - 80 - 84 - 86 - 87 - 90 - 91 - 94 - 95 - 96 - 97 - 98 - 99 - 100 - 103 - 105 - 107 - 108 - 109 - 110 - 111 - 113 - 114 - 115 - 116 - 118 - 120 - 123 - 124 - 125 - 128 - 129 - 131 - 132 - 135 - 137 - 139 - 140 - 142 - 144 - 145 - 146 - 147 - 148 - 150 - 151 - 152 - 154 - 155 - 158 - 159 - 160 - 163 - 164 - 165 - 166 - 167 - 170 - 174 - 175 - 178 - 179 - 180 - 181 - 182 - 183 - 184 - 185 - 186 - 187 - 188 - 189 - 190 - 192 - 193 - 195 - 197 - 203 - 204 - 210 - 211 - 212 - 214 - 215 - 216 - 217 - 218 - 221 - 225 - 228 - 229 - 230 - 231 - 233 - 235 - 237 - 238 - 239 - 242 - 246 - 248 - 250 - 254 - 255 - 257 - 258 - 259 - 262 - 263 - 266 - 267 - 268 - 269 - 270 - 272 - 274 - 275 - 276 - 277 - 280 - 281 - 283 - 284 - 288 - 289 - 290 - 292 - 294 - 295 - 297 - 299 - 300 - 301 - 302 - 303 - 305 - 306 - 307 - 309 - 311 - 312 - 313 - 316 - 318 - 321 - 322 - 323 - 324 - 325 - 327 - 328 - 329 - 331 - 333 - 335 - 337 - 338 - 343 - 344 - 347 - 349 - 354 - 355 - 356 - 360 - 362 - 363 - 364 - 366 - 370 - 371 - 372 - 373 - 374 - 375 - 377 - 379 - 380 - 382 - 385 - 387 - 388 - 389 - 390 - 392 - 393 - 397 - 400 - 402 - 404 - 405 - 406 - 409 - 411 - 413 - 414 - 415 - 416 - 418 - 419 - 420 - 421 - 422 - 424 - 426 - 427 - 428 - 429 - 430 - 432 - 434 - 435 - 436 - 437 - 438 - 440 - 441 - 442 - 445 - 446 - 448 - 450 - 454 - 456 - 460 - 463 - 464 - 468 - 469 - 470 - 471 - 472 - 473 - 474 - 476 - 477 - 480 - 481 - 485 - 487 - 488 - 490 - 492 - 494 - 495 - 496,20675947.7,0.1,98262,101441,9.04,Cost: 98262 & Capacity: 101441
0 - 11 - 12 - 13 - 16 - 22 - 25 - 36 - 39 - 43 - 44 - 45 - 50 - 51 - 53 - 54 - 55 - 60 - 63 - 64 - 65 - 68 - 69 - 71 - 72 - 75 - 79 - 80 - 81 - 84 - 87 - 90 - 91 - 94 - 95 - 96 - 98 - 99 - 100 - 105 - 107 - 108 - 110 - 111 - 114 - 118 - 123 - 124 - 127 - 128 - 132 - 135 - 136 - 137 - 142 - 144 - 145 - 146 - 147 - 149 - 150 - 154 - 158 - 159 - 161 - 162 - 163 - 164 - 166 - 167 - 168 - 170 - 171 - 174 - 175 - 176 - 178 - 179 - 181 - 183 - 184 - 185 - 188 - 189 - 190 - 192 - 193 - 194 - 195 - 198 - 201 - 204 - 209 - 210 - 211 - 212 - 217 - 220 - 221 - 225 - 230 - 231 - 233 - 235 - 237 - 238 - 246 - 247 - 254 - 255 - 256 - 257 - 262 - 266 - 267 - 269 - 271 - 273 - 277 - 282 - 283 - 284 - 285 - 288 - 289 - 290 - 292 - 294 - 298 - 300 - 301 - 302 - 303 - 304 - 305 - 306 - 312 - 313 - 314 - 315 - 316 - 317 - 321 - 322 - 323 - 324 - 325 - 326 - 328 - 330 - 333 - 336 - 337 - 338 - 341 - 344 - 345 - 346 - 347 - 349 - 350 - 354 - 362 - 366 - 370 - 371 - 372 - 374 - 375 - 380 - 382 - 383 - 385 - 387 - 388 - 389 - 390 - 392 - 393 - 394 - 395 - 397 - 399 - 400 - 403 - 406 - 407 - 409 - 410 - 411 - 415 - 418 - 419 - 420 - 423 - 424 - 427 - 428 - 429 - 430 - 432 - 434 - 436 - 437 - 438 - 441 - 450 - 454 - 459 - 464 - 465 - 470 - 471 - 472 - 474 - 476 - 477 - 478 - 480 - 481 - 485 - 488 - 492 - 494 - 495 - 496 - 497,12947292.4,4.9,98265,88112,9.35,Cost: 98265 & Capacity: 88112
0 - 11 - 12 - 13 - 22 - 25 - 28 - 29 - 36 - 40 - 44 - 45 - 50 - 51 - 52 - 53 - 54 - 58 - 60 - 61 - 63 - 64 - 66 - 68 - 69 - 72 - 75 - 79 - 80 - 81 - 87 - 90 - 94 - 96 - 98 - 99 - 100 - 107 - 110 - 111 - 118 - 120 - 123 - 127 - 128 - 132 - 133 - 134 - 135 - 136 - 137 - 144 - 146 - 147 - 154 - 158 - 159 - 160 - 161 - 162 - 163 - 164 - 166 - 168 - 170 - 171 - 175 - 178 - 179 - 181 - 184 - 185 - 188 - 189 - 195 - 198 - 201 - 204 - 207 - 209 - 210 - 211 - 212 - 217 - 221 - 225 - 230 - 231 - 232 - 233 - 235 - 238 - 246 - 247 - 249 - 252 - 254 - 257 - 260 - 261 - 262 - 266 - 267 - 270 - 271 - 273 - 277 - 282 - 283 - 284 - 285 - 288 - 289 - 290 - 292 - 294 - 297 - 298 - 300 - 302 - 303 - 304 - 305 - 306 - 307 - 308 - 309 - 312 - 315 - 316 - 322 - 323 - 324 - 326 - 328 - 333 - 336 - 337 - 338 - 341 - 342 - 344 - 347 - 351 - 354 - 362 - 366 - 370 - 372 - 374 - 375 - 382 - 383 - 387 - 388 - 390 - 392 - 393 - 395 - 400 - 403 - 406 - 407 - 410 - 411 - 413 - 419 - 420 - 427 - 428 - 429 - 432 - 434 - 435 - 436 - 437 - 438 - 441 - 444 - 448 - 450 - 454 - 459 - 465 - 470 - 472 - 474 - 476 - 477 - 478 - 480 - 485 - 488 - 492 - 494 - 495 - 496 - 497,9840766.4,8.7,91607,78825,9.36,Cost: 91607 & Capacity: 78825
0 - 2 - 4 - 9 - 10 - 11 - 12 - 13 - 15 - 16 - 17 - 20 - 21 - 25 - 28 - 36 - 37 - 38 - 42 - 44 - 45 - 50 - 51 - 53 - 54 - 56 - 58 - 60 - 61 - 62 - 63 - 64 - 65 - 67 - 68 - 69 - 71 - 72 - 75 - 76 - 78 - 80 - 84 - 86 - 87 - 90 - 91 - 94 - 95 - 96 - 97 - 98 - 99 - 100 - 103 - 105 - 107 - 108 - 109 - 110 - 111 - 113 - 114 - 115 - 116 - 118 - 120 - 123 - 124 - 125 - 128 - 129 - 131 - 132 - 135 - 137 - 139 - 140 - 142 - 144 - 145 - 146 - 147 - 148 - 150 - 151 - 152 - 154 - 155 - 157 - 158 - 159 - 160 - 163 - 164 - 165 - 166 - 167 - 170 - 174 - 175 - 178 - 179 - 180 - 181 - 182 - 183 - 184 - 185 - 186 - 187 - 188 - 189 - 190 - 192 - 193 - 195 - 197 - 203 - 204 - 210 - 211 - 212 - 214 - 216 - 217 - 218 - 221 - 225 - 228 - 229 - 230 - 231 - 233 - 235 - 237 - 238 - 239 - 241 - 242 - 246 - 248 - 250 - 254 - 255 - 257 - 258 - 259 - 262 - 263 - 266 - 267 - 268 - 269 - 270 - 272 - 274 - 275 - 276 - 277 - 280 - 281 - 283 - 284 - 288 - 289 - 290 - 292 - 294 - 295 - 297 - 299 - 300 - 301 - 302 - 303 - 305 - 306 - 307 - 309 - 311 - 312 - 313 - 316 - 318 - 321 - 322 - 323 - 324 - 325 - 327 - 328 - 329 - 331 - 333 - 337 - 338 - 343 - 344 - 347 - 349 - 354 - 355 - 356 - 360 - 362 - 363 - 364 - 365 - 366 - 369 - 370 - 371 - 372 - 373 - 374 - 375 - 377 - 379 - 380 - 382 - 384 - 385 - 387 - 388 - 389 - 390 - 392 - 393 - 397 - 400 - 402 - 404 - 405 - 406 - 409 - 411 - 413 - 414 - 415 - 416 - 418 - 419 - 420 - 421 - 422 - 424 - 426 - 427 - 428 - 429 - 430 - 432 - 434 - 435 - 436 - 437 - 438 - 440 - 441 - 442 - 445 - 446 - 448 - 450 - 454 - 456 - 460 - 463 - 464 - 468 - 469 - 470 - 471 - 472 - 473 - 474 - 476 - 477 - 480 - 481 - 485 - 488 - 490 - 492 - 494 - 495 - 496,20819685.3,0.0,98261,100816,10.07,Cost: 98261 & Capacity: 100816
0 - 2 - 12 - 18 - 21 - 22 - 23 - 25 - 26 - 30 - 32 - 37 - 40 - 44 - 47 - 49 - 53 - 64 - 67 - 72 - 73 - 77 - 78 - 80 - 82 - 92 - 94 - 95 - 98 - 107 - 111 - 114 - 116 - 127 - 128 - 137 - 144 - 147 - 149 - 155 - 161 - 162 - 163 - 166 - 167 - 168 - 169 - 171 - 179 - 180 - 189 - 190 - 202 - 215 - 217 - 224 - 227 - 229 - 231 - 232 - 233 - 234 - 239 - 240 - 246 - 252 - 255 - 260 - 262 - 264 - 265 - 266 - 268 - 271 - 272 - 273 - 277 - 281 - 284 - 285 - 286 - 287 - 292 - 294 - 297 - 299 - 302 - 303 - 304 - 305 - 311 - 318 - 321 - 327 - 328 - 331 - 332 - 333 - 336 - 338 - 343 - 345 - 349 - 352 - 356 - 361 - 369 - 372 - 374 - 381 - 384 - 386 - 387 - 388 - 389 - 390 - 391 - 393 - 395 - 399 - 404 - 406 - 409 - 413 - 421 - 422 - 423 - 427 - 432 - 433 - 435 - 436 - 437 - 438 - 444 - 446 - 450 - 452 - 459 - 460 - 463 - 464 - 470 - 472 - 476 - 477 - 480 - 484 - 485 - 489 - 493 - 497,5876513.1,15.2,94068,72731,10.61,Cost: 94068 & Capacity: 72731
8 - 17 - 21 - 22 - 44 - 46 - 48 - 54 - 62 - 63 - 71 - 73 - 77 - 78 - 80 - 81 - 88 - 91 - 95 - 102 - 105 - 106 - 109 - 111 - 117 - 120 - 121 - 134 - 137 - 149 - 150 - 166 - 168 - 170 - 172 - 173 - 174 - 180 - 187 - 189 - 195 - 212 - 224 - 225 - 230 - 233 - 256 - 258 - 264 - 265 - 270 - 271 - 273 - 275 - 280 - 281 - 282 - 288 - 290 - 294 - 297 - 298 - 309 - 313 - 317 - 318 - 321 - 327 - 330 - 334 - 337 - 338 - 349 - 368 - 369 - 370 - 373 - 380 - 381 - 382 - 386 - 389 - 396 - 415 - 421 - 422 - 423 - 426 - 431 - 437 - 438 - 440 - 442 - 443 - 449 - 450 - 452 - 455 - 456 - 463 - 467 - 470 - 474 - 479 - 480 - 485 - 489 - 492 - 497,3060359.5,25.5,70655,55813,11.93,Cost: 70655 & Capacity: 55813
0 - 5 - 13 - 18 - 22 - 25 - 34 - 37 - 42 - 43 - 44 - 45 - 49 - 53 - 60 - 62 - 64 - 67 - 68 - 72 - 75 - 80 - 81 - 87 - 89 - 90 - 94 - 95 - 99 - 105 - 107 - 114 - 115 - 118 - 120 - 122 - 125 - 128 - 134 - 136 - 137 - 142 - 144 - 146 - 147 - 155 - 156 - 157 - 158 - 160 - 162 - 163 - 164 - 166 - 168 - 170 - 171 - 176 - 178 - 179 - 180 - 181 - 188 - 189 - 190 - 194 - 195 - 203 - 207 - 211 - 212 - 213 - 217 - 223 - 225 - 227 - 229 - 231 - 233 - 234 - 235 - 237 - 238 - 242 - 246 - 247 - 252 - 255 - 259 - 264 - 266 - 269 - 270 - 272 - 273 - 276 - 277 - 279 - 282 - 284 - 285 - 287 - 288 - 292 - 293 - 299 - 301 - 302 - 303 - 304 - 305 - 306 - 307 - 312 - 315 - 321 - 322 - 323 - 333 - 336 - 337 - 338 - 341 - 346 - 347 - 349 - 350 - 352 - 354 - 355 - 361 - 362 - 366 - 371 - 372 - 373 - 374 - 375 - 376 - 381 - 382 - 384 - 385 - 386 - 387 - 388 - 390 - 392 - 393 - 395 - 399 - 400 - 403 - 404 - 406 - 409 - 410 - 411 - 413 - 416 - 419 - 423 - 427 - 428 - 430 - 431 - 432 - 433 - 436 - 437 - 438 - 440 - 441 - 442 - 444 - 448 - 470 - 471 - 473 - 474 - 477 - 478 - 481 - 484 - 485 - 489 - 492 - 494 - 495 - 496 - 497,9240997.9,9.0,98217,84195,14.84,Cost: 98217 & Capacity: 84195
0 - 2 - 4 - 9 - 10 - 11 - 12 - 13 - 15 - 16 - 17 - 20 - 21 - 25 - 28 - 36 - 37 - 38 - 42 - 44 - 45 - 50 - 51 - 53 - 54 - 56 - 58 - 60 - 61 - 62 - 63 - 64 - 65 - 67 - 68 - 69 - 71 - 72 - 75 - 76 - 78 - 80 - 84 - 86 - 87 - 90 - 91 - 94 - 95 - 96 - 97 - 98 - 99 - 100 - 103 - 105 - 107 - 108 - 109 - 110 - 111 - 113 - 114 - 115 - 116 - 118 - 120 - 123 - 124 - 125 - 128 - 129 - 131 - 132 - 135 - 137 - 139 - 140 - 142 - 144 - 145 - 146 - 147 - 148 - 150 - 151 - 152 - 154 - 155 - 157 - 158 - 159 - 160 - 163 - 164 - 165 - 166 - 167 - 170 - 174 - 175 - 178 - 179 - 180 - 181 - 182 - 183 - 184 - 185 - 186 - 187 - 188 - 189 - 190 - 192 - 193 - 195 - 197 - 203 - 204 - 210 - 211 - 212 - 214 - 216 - 217 - 218 - 221 - 225 - 228 - 229 - 230 - 231 - 233 - 235 - 237 - 238 - 239 - 241 - 242 - 246 - 248 - 250 - 254 - 255 - 257 - 258 - 259 - 262 - 263 - 266 - 267 - 268 - 269 - 270 - 272 - 274 - 275 - 276 - 277 - 280 - 281 - 283 - 284 - 288 - 289 - 290 - 292 - 294 - 295 - 297 - 299 - 300 - 301 - 302 - 303 - 305 - 306 - 307 - 309 - 311 - 312 - 313 - 316 - 318 - 321 - 322 - 323 - 324 - 325 - 327 - 328 - 329 - 331 - 333 - 337 - 338 - 343 - 344 - 347 - 349 - 354 - 355 - 356 - 360 - 362 - 363 - 364 - 365 - 366 - 369 - 370 - 371 - 372 - 373 - 374 - 375 - 377 - 379 - 380 - 382 - 384 - 385 - 387 - 388 - 389 - 390 - 392 - 393 - 397 - 400 - 402 - 404 - 405 - 406 - 409 - 411 - 413 - 414 - 415 - 416 - 418 - 419 - 420 - 421 - 422 - 424 - 426 - 427 - 428 - 429 - 430 - 432 - 434 - 435 - 436 - 437 - 438 - 440 - 441 - 442 - 445 - 446 - 448 - 450 - 454 - 456 - 460 - 463 - 464 - 468 - 469 - 470 - 471 - 472 - 473 - 474 - 476 - 477 - 480 - 481 - 485 - 488 - 490 - 492 - 494 - 495 - 496,20819685.3,0.0,98261,100816,15.73,Cost: 98261 & Capacity: 100816
0 - 5 - 11 - 12 - 13 - 14 - 16 - 21 - 25 - 29 - 39 - 44 - 45 - 50 - 51 - 53 - 54 - 58 - 60 - 62 - 64 - 65 - 67 - 68 - 69 - 72 - 75 - 79 - 80 - 81 - 84 - 86 - 87 - 91 - 94 - 95 - 99 - 100 - 107 - 108 - 110 - 111 - 114 - 115 - 116 - 118 - 123 - 124 - 127 - 128 - 132 - 136 - 137 - 142 - 144 - 145 - 146 - 147 - 149 - 150 - 154 - 157 - 158 - 159 - 161 - 163 - 164 - 166 - 167 - 170 - 171 - 172 - 174 - 175 - 176 - 178 - 179 - 181 - 183 - 184 - 185 - 186 - 187 - 188 - 189 - 190 - 192 - 193 - 194 - 195 - 197 - 201 - 204 - 207 - 211 - 212 - 217 - 218 - 220 - 221 - 223 - 225 - 230 - 231 - 233 - 235 - 237 - 238 - 246 - 247 - 252 - 254 - 255 - 257 - 259 - 261 - 262 - 266 - 267 - 269 - 271 - 273 - 277 - 282 - 283 - 284 - 285 - 287 - 288 - 290 - 292 - 294 - 298 - 300 - 302 - 303 - 305 - 306 - 309 - 312 - 313 - 314 - 315 - 317 - 320 - 322 - 323 - 324 - 325 - 326 - 328 - 333 - 336 - 337 - 338 - 340 - 341 - 344 - 345 - 346 - 347 - 350 - 362 - 366 - 370 - 371 - 372 - 374 - 375 - 377 - 381 - 382 - 383 - 385 - 387 - 388 - 389 - 390 - 392 - 393 - 395 - 397 - 399 - 400 - 403 - 404 - 406 - 407 - 410 - 411 - 416 - 418 - 419 - 420 - 424 - 427 - 428 - 429 - 430 - 432 - 434 - 435 - 436 - 437 - 438 - 441 - 450 - 454 - 459 - 460 - 464 - 470 - 471 - 472 - 474 - 476 - 477 - 478 - 480 - 485 - 488 - 489 - 492 - 494 - 496 - 497,12907400.3,5.2,98253,88922,17.81,Cost: 98253 & Capacity: 88922
0 - 10 - 11 - 12 - 13 - 16 - 25 - 29 - 39 - 44 - 45 - 50 - 51 - 53 - 54 - 57 - 60 - 62 - 64 - 65 - 67 - 68 - 69 - 72 - 75 - 79 - 80 - 81 - 84 - 86 - 87 - 88 - 91 - 92 - 94 - 95 - 98 - 99 - 100 - 108 - 110 - 111 - 114 - 115 - 116 - 118 - 123 - 124 - 126 - 127 - 128 - 132 - 136 - 137 - 142 - 145 - 146 - 147 - 149 - 150 - 154 - 156 - 157 - 158 - 159 - 162 - 163 - 164 - 166 - 167 - 168 - 170 - 171 - 175 - 176 - 178 - 179 - 181 - 183 - 184 - 185 - 186 - 187 - 188 - 189 - 190 - 192 - 193 - 195 - 197 - 199 - 201 - 204 - 209 - 211 - 212 - 217 - 218 - 219 - 221 - 224 - 225 - 230 - 231 - 233 - 235 - 238 - 246 - 247 - 251 - 252 - 254 - 255 - 257 - 259 - 261 - 262 - 265 - 266 - 267 - 269 - 271 - 273 - 277 - 283 - 284 - 285 - 287 - 288 - 290 - 292 - 294 - 298 - 300 - 302 - 303 - 304 - 305 - 306 - 309 - 312 - 313 - 314 - 317 - 322 - 323 - 324 - 325 - 326 - 328 - 333 - 336 - 337 - 338 - 341 - 345 - 346 - 347 - 362 - 366 - 370 - 371 - 372 - 374 - 375 - 377 - 382 - 383 - 385 - 388 - 389 - 390 - 392 - 393 - 395 - 397 - 399 - 400 - 403 - 404 - 406 - 410 - 411 - 418 - 419 - 420 - 424 - 427 - 428 - 429 - 430 - 432 - 434 - 435 - 436 - 437 - 438 - 441 - 450 - 454 - 459 - 460 - 470 - 472 - 474 - 476 - 477 - 478 - 480 - 488 - 492 - 494 - 496 - 497,11496999.6,5.5,94982,83471,17.73,Cost: 94982 & Capacity: 83471
0 - 10 - 12 - 13 - 16 - 21 - 22 - 25 - 29 - 44 - 45 - 50 - 51 - 52 - 53 - 54 - 58 - 60 - 61 - 62 - 64 - 68 - 69 - 72 - 75 - 79 - 80 - 81 - 85 - 86 - 87 - 88 - 92 - 94 - 95 - 98 - 99 - 100 - 107 - 111 - 116 - 118 - 120 - 123 - 126 - 128 - 133 - 136 - 137 - 140 - 144 - 146 - 147 - 157 - 158 - 161 - 162 - 163 - 164 - 166 - 168 - 170 - 171 - 174 - 175 - 179 - 181 - 184 - 185 - 186 - 187 - 188 - 189 - 195 - 201 - 207 - 209 - 211 - 212 - 217 - 218 - 221 - 223 - 225 - 230 - 231 - 235 - 246 - 247 - 249 - 251 - 252 - 254 - 257 - 260 - 261 - 262 - 263 - 266 - 267 - 270 - 271 - 273 - 277 - 282 - 283 - 284 - 287 - 288 - 290 - 292 - 294 - 297 - 298 - 300 - 302 - 303 - 304 - 305 - 306 - 309 - 312 - 315 - 316 - 322 - 323 - 324 - 328 - 333 - 336 - 337 - 338 - 341 - 344 - 362 - 366 - 370 - 371 - 372 - 374 - 375 - 377 - 381 - 382 - 383 - 388 - 390 - 392 - 393 - 395 - 397 - 399 - 400 - 403 - 404 - 406 - 407 - 410 - 416 - 418 - 419 - 420 - 424 - 427 - 428 - 429 - 432 - 434 - 436 - 437 - 438 - 448 - 450 - 454 - 459 - 460 - 470 - 472 - 474 - 476 - 477 - 478 - 480 - 484 - 485 - 488 - 489 - 492 - 494 - 496 - 497 - 499,9317637.1,8.9,89913,77602,17.83,Cost: 89913 & Capacity: 77602
0 - 3 - 8 - 9 - 14 - 20 - 32 - 40 - 44 - 48 - 53 - 55 - 65 - 72 - 73 - 75 - 76 - 84 - 94 - 95 - 99 - 110 - 112 - 117 - 119 - 127 - 136 - 139 - 140 - 141 - 145 - 146 - 147 - 148 - 150 - 156 - 158 - 166 - 169 - 171 - 176 - 179 - 190 - 192 - 193 - 202 - 203 - 208 - 212 - 222 - 229 - 232 - 237 - 239 - 246 - 247 - 248 - 252 - 259 - 262 - 271 - 276 - 283 - 286 - 287 - 291 - 292 - 293 - 294 - 303 - 306 - 308 - 310 - 312 - 314 - 319 - 321 - 325 - 333 - 334 - 336 - 338 - 339 - 343 - 344 - 345 - 347 - 350 - 354 - 361 - 366 - 368 - 370 - 375 - 376 - 381 - 387 - 388 - 389 - 391 - 397 - 401 - 402 - 403 - 404 - 415 - 416 - 418 - 423 - 424 - 427 - 431 - 436 - 442 - 443 - 458 - 459 - 465 - 477 - 478 - 485,3787513.7,21.4,81800,64159,20.29,Cost: 81800 & Capacity: 64159
0 - 3 - 8 - 9 - 14 - 20 - 32 - 40 - 44 - 48 - 53 - 55 - 65 - 72 - 73 - 75 - 76 - 84 - 94 - 95 - 99 - 110 - 112 - 117 - 119 - 127 - 136 - 139 - 140 - 141 - 145 - 146 - 147 - 148 - 150 - 156 - 158 - 166 - 169 - 171 - 176 - 179 - 190 - 192 - 193 - 202 - 203 - 208 - 212 - 222 - 229 - 232 - 237 - 239 - 246 - 247 - 248 - 252 - 259 - 262 - 271 - 276 - 283 - 286 - 287 - 291 - 292 - 293 - 294 - 303 - 306 - 308 - 310 - 312 - 314 - 319 - 321 - 325 - 333 - 334 - 336 - 338 - 339 - 343 - 344 - 345 - 347 - 350 - 354 - 361 - 366 - 368 - 370 - 375 - 376 - 381 - 387 - 388 - 389 - 391 - 397 - 401 - 402 - 403 - 404 - 415 - 416 - 418 - 423 - 424 - 427 - 431 - 436 - 442 - 443 - 458 - 459 - 465 - 477 - 478 - 485 - 488,3846175.5,21.3,81972,64258,20.29,Cost: 81972 & Capacity: 64258
0 - 3 - 8 - 9 - 14 - 20 - 32 - 40 - 44 - 48 - 53 - 55 - 65 - 72 - 73 - 75 - 76 - 84 - 86 - 94 - 95 - 99 - 110 - 112 - 117 - 119 - 127 - 136 - 139 - 140 - 141 - 145 - 146 - 147 - 148 - 150 - 156 - 158 - 166 - 169 - 171 - 176 - 179 - 190 - 192 - 193 - 202 - 203 - 208 - 212 - 222 - 228 - 229 - 232 - 237 - 239 - 246 - 247 - 248 - 252 - 259 - 262 - 271 - 276 - 283 - 286 - 287 - 291 - 292 - 293 - 294 - 303 - 306 - 308 - 310 - 312 - 314 - 319 - 321 - 325 - 333 - 334 - 336 - 338 - 339 - 343 - 344 - 345 - 347 - 350 - 354 - 361 - 366 - 368 - 370 - 375 - 376 - 381 - 387 - 388 - 389 - 391 - 397 - 401 - 402 - 403 - 404 - 415 - 416 - 418 - 423 - 424 - 427 - 431 - 436 - 442 - 443 - 458 - 459 - 465 - 477 - 478 - 485 - 488,3970953.7,21.0,82200,64567,20.29,Cost: 82200 & Capacity: 64567
0 - 3 - 8 - 9 - 14 - 20 - 32 - 40 - 44 - 48 - 53 - 55 - 65 - 72 - 73 - 75 - 76 - 84 - 86 - 94 - 95 - 99 - 110 - 112 - 117 - 119 - 127 - 136 - 139 - 140 - 141 - 145 - 146 - 147 - 148 - 150 - 156 - 158 - 166 - 169 - 171 - 176 - 179 - 190 - 192 - 193 - 202 - 203 - 208 - 212 - 222 - 228 - 229 - 232 - 237 - 239 - 245 - 246 - 247 - 248 - 252 - 259 - 262 - 271 - 276 - 283 - 286 - 287 - 291 - 292 - 293 - 294 - 303 - 306 - 308 - 310 - 312 - 314 - 319 - 321 - 325 - 333 - 334 - 336 - 338 - 339 - 343 - 344 - 345 - 347 - 350 - 354 - 361 - 366 - 368 - 370 - 375 - 376 - 381 - 387 - 388 - 389 - 391 - 397 - 401 - 402 - 403 - 404 - 415 - 416 - 418 - 423 - 424 - 427 - 431 - 436 - 442 - 443 - 458 - 459 - 465 - 477 - 478 - 485 - 488,4030849.9,19.9,83452,65371,20.29,Cost: 83452 & Capacity: 65371
0 - 3 - 8 - 9 - 14 - 20 - 26 - 32 - 40 - 44 - 48 - 53 - 55 - 65 - 72 - 73 - 75 - 76 - 84 - 86 - 94 - 95 - 99 - 110 - 112 - 113 - 117 - 119 - 127 - 136 - 139 - 140 - 141 - 145 - 146 - 147 - 148 - 150 - 156 - 158 - 166 - 169 - 171 - 176 - 179 - 190 - 192 - 193 - 202 - 203 - 208 - 212 - 222 - 224 - 228 - 229 - 232 - 233 - 237 - 239 - 245 - 246 - 247 - 248 - 249 - 252 - 257 - 259 - 262 - 271 - 273 - 276 - 277 - 283 - 286 - 287 - 291 - 292 - 293 - 294 - 303 - 306 - 308 - 310 - 312 - 314 - 317 - 319 - 321 - 325 - 333 - 334 - 336 - 338 - 339 - 343 - 344 - 345 - 347 - 350 - 354 - 361 - 366 - 368 - 370 - 375 - 376 - 381 - 387 - 388 - 389 - 391 - 397 - 401 - 402 - 403 - 404 - 415 - 416 - 418 - 419 - 423 - 424 - 427 - 431 - 436 - 437 - 442 - 443 - 458 - 459 - 465 - 477 - 478 - 485 - 488,4745971.6,18.0,92252,71879,20.29,Cost: 92252 & Capacity: 71879
0 - 5 - 12 - 18 - 36 - 37 - 44 - 45 - 53 - 64 - 65 - 67 - 68 - 69 - 72 - 75 - 76 - 79 - 80 - 81 - 87 - 90 - 91 - 94 - 95 - 99 - 105 - 106 - 107 - 108 - 110 - 111 - 118 - 127 - 134 - 137 - 142 - 144 - 146 - 147 - 148 - 149 - 150 - 152 - 154 - 155 - 157 - 158 - 161 - 162 - 164 - 166 - 170 - 171 - 172 - 176 - 178 - 180 - 181 - 188 - 189 - 190 - 192 - 194 - 200 - 201 - 203 - 207 - 208 - 209 - 212 - 223 - 227 - 229 - 231 - 233 - 234 - 235 - 239 - 246 - 249 - 252 - 255 - 265 - 266 - 268 - 269 - 270 - 277 - 279 - 284 - 285 - 286 - 287 - 290 - 292 - 294 - 298 - 299 - 301 - 302 - 305 - 306 - 307 - 312 - 317 - 323 - 324 - 326 - 328 - 331 - 333 - 338 - 341 - 347 - 351 - 354 - 358 - 361 - 362 - 365 - 366 - 369 - 371 - 372 - 373 - 375 - 381 - 382 - 383 - 384 - 385 - 387 - 388 - 389 - 390 - 391 - 392 - 393 - 395 - 399 - 400 - 403 - 404 - 406 - 409 - 411 - 412 - 413 - 415 - 416 - 419 - 423 - 427 - 428 - 429 - 430 - 431 - 433 - 434 - 436 - 437 - 438 - 440 - 441 - 442 - 443 - 444 - 451 - 454 - 456 - 459 - 468 - 470 - 471 - 473 - 474 - 477 - 478 - 480 - 484 - 485 - 488 - 489 - 495 - 497 - 499,8833189.3,9.6,98252,82925,23.53,Cost: 98252 & Capacity: 82925
0 - 2 - 4 - 9 - 10 - 11 - 12 - 13 - 15 - 16 - 17 - 20 - 21 - 25 - 28 - 36 - 37 - 38 - 42 - 44 - 45 - 50 - 51 - 53 - 54 - 56 - 58 - 60 - 61 - 62 - 63 - 64 - 65 - 67 - 68 - 69 - 71 - 72 - 75 - 76 - 78 - 80 - 84 - 86 - 87 - 90 - 91 - 94 - 95 - 96 - 97 - 98 - 99 - 100 - 103 - 105 - 107 - 108 - 109 - 110 - 111 - 113 - 114 - 115 - 116 - 118 - 120 - 123 - 124 - 125 - 128 - 129 - 131 - 132 - 135 - 137 - 139 - 140 - 142 - 144 - 145 - 146 - 147 - 148 - 150 - 151 - 152 - 154 - 155 - 157 - 158 - 159 - 160 - 163 - 164 - 165 - 166 - 167 - 170 - 174 - 175 - 178 - 179 - 180 - 181 - 182 - 183 - 184 - 185 - 186 - 187 - 188 - 189 - 190 - 192 - 193 - 195 - 197 - 203 - 204 - 210 - 211 - 212 - 214 - 216 - 217 - 218 - 221 - 225 - 228 - 229 - 230 - 231 - 233 - 235 - 237 - 238 - 239 - 241 - 242 - 246 - 248 - 250 - 254 - 255 - 257 - 258 - 259 - 262 - 263 - 266 - 267 - 268 - 269 - 270 - 272 - 274 - 275 - 276 - 277 - 280 - 281 - 283 - 284 - 288 - 289 - 290 - 292 - 294 - 295 - 297 - 299 - 300 - 301 - 302 - 303 - 305 - 306 - 307 - 309 - 311 - 312 - 313 - 316 - 318 - 321 - 322 - 323 - 324 - 325 - 327 - 328 - 329 - 331 - 333 - 337 - 338 - 343 - 344 - 347 - 349 - 354 - 355 - 356 - 360 - 362 - 363 - 364 - 365 - 366 - 369 - 370 - 371 - 372 - 373 - 374 - 375 - 377 - 379 - 380 - 382 - 384 - 385 - 387 - 388 - 389 - 390 - 392 - 393 - 397 - 400 - 402 - 404 - 405 - 406 - 409 - 411 - 413 - 414 - 415 - 416 - 418 - 419 - 420 - 421 - 422 - 424 - 426 - 427 - 428 - 429 - 430 - 432 - 434 - 435 - 436 - 437 - 438 - 440 - 441 - 442 - 445 - 446 - 448 - 450 - 454 - 456 - 460 - 463 - 464 - 468 - 469 - 470 - 471 - 472 - 473 - 474 - 476 - 477 - 480 - 481 - 485 - 488 - 490 - 492 - 494 - 495 - 496,20819685.3,0.0,98261,100816,23.91,Cost: 98261 & Capacity: 100816
3 - 8 - 9 - 18 - 25 - 26 - 31 - 36 - 37 - 40 - 43 - 45 - 47 - 53 - 64 - 67 - 68 - 69 - 72 - 75 - 77 - 82 - 84 - 86 - 87 - 91 - 95 - 99 - 105 - 107 - 110 - 115 - 120 - 122 - 127 - 128 - 133 - 144 - 147 - 148 - 150 - 154 - 155 - 156 - 159 - 166 - 171 - 180 - 190 - 192 - 202 - 203 - 205 - 207 - 208 - 209 - 210 - 217 - 224 - 227 - 234 - 239 - 246 - 247 - 248 - 249 - 252 - 263 - 265 - 266 - 268 - 269 - 277 - 282 - 283 - 284 - 287 - 290 - 298 - 302 - 304 - 312 - 316 - 323 - 327 - 328 - 331 - 333 - 336 - 338 - 342 - 344 - 361 - 362 - 364 - 366 - 367 - 372 - 373 - 382 - 383 - 384 - 386 - 387 - 391 - 393 - 395 - 403 - 404 - 407 - 409 - 413 - 415 - 418 - 421 - 423 - 427 - 429 - 436 - 437 - 438 - 442 - 444 - 449 - 454 - 456 - 458 - 459 - 460 - 463 - 470 - 471 - 472 - 476 - 477 - 478 - 493 - 494 - 499,4899577.2,17.8,84423,69714,27.67,Cost: 84423 & Capacity: 69714
0 - 2 - 4 - 9 - 10 - 11 - 12 - 13 - 15 - 16 - 17 - 20 - 21 - 28 - 36 - 37 - 38 - 42 - 44 - 45 - 50 - 51 - 53 - 54 - 56 - 58 - 59 - 60 - 61 - 62 - 63 - 64 - 65 - 67 - 68 - 69 - 71 - 72 - 75 - 76 - 78 - 80 - 84 - 86 - 87 - 90 - 91 - 94 - 95 - 96 - 97 - 98 - 99 - 100 - 103 - 105 - 107 - 108 - 109 - 110 - 111 - 113 - 114 - 115 - 116 - 118 - 123 - 124 - 125 - 128 - 129 - 131 - 132 - 135 - 137 - 139 - 140 - 142 - 144 - 145 - 146 - 147 - 148 - 150 - 151 - 152 - 154 - 155 - 157 - 158 - 159 - 160 - 163 - 164 - 166 - 167 - 170 - 174 - 175 - 178 - 179 - 180 - 181 - 182 - 183 - 184 - 185 - 186 - 187 - 188 - 189 - 190 - 192 - 193 - 195 - 197 - 203 - 204 - 210 - 211 - 212 - 214 - 215 - 216 - 217 - 218 - 221 - 225 - 228 - 229 - 230 - 231 - 233 - 235 - 237 - 238 - 239 - 241 - 242 - 246 - 248 - 250 - 254 - 255 - 257 - 258 - 259 - 262 - 266 - 267 - 268 - 269 - 270 - 272 - 274 - 275 - 276 - 277 - 280 - 281 - 283 - 284 - 288 - 289 - 290 - 292 - 294 - 295 - 297 - 299 - 300 - 301 - 302 - 303 - 305 - 306 - 307 - 309 - 311 - 312 - 313 - 316 - 318 - 321 - 322 - 323 - 324 - 325 - 327 - 328 - 329 - 331 - 333 - 337 - 338 - 343 - 344 - 347 - 349 - 354 - 355 - 356 - 360 - 362 - 363 - 364 - 365 - 366 - 369 - 370 - 371 - 372 - 373 - 374 - 375 - 377 - 379 - 380 - 382 - 384 - 385 - 387 - 388 - 389 - 390 - 392 - 393 - 397 - 400 - 401 - 402 - 404 - 405 - 406 - 409 - 411 - 413 - 414 - 415 - 416 - 418 - 419 - 420 - 421 - 422 - 424 - 426 - 427 - 428 - 429 - 430 - 432 - 434 - 435 - 436 - 437 - 438 - 440 - 441 - 442 - 445 - 446 - 448 - 450 - 454 - 456 - 460 - 463 - 464 - 468 - 469 - 470 - 471 - 472 - 473 - 474 - 476 - 477 - 480 - 481 - 485 - 488 - 490 - 492 - 494 - 495 - 496 - 497,20816925.3,0.0,98252,99755,29.44,Cost: 98252 & Capacity: 99755
0 - 2 - 4 - 9 - 10 - 11 - 12 - 13 - 15 - 16 - 17 - 20 - 21 - 25 - 28 - 36 - 37 - 38 - 42 - 44 - 45 - 50 - 51 - 53 - 54 - 56 - 58 - 60 - 61 - 62 - 63 - 64 - 65 - 67 - 68 - 69 - 71 - 72 - 75 - 76 - 78 - 80 - 84 - 86 - 87 - 90 - 91 - 94 - 95 - 96 - 97 - 98 - 99 - 100 - 103 - 105 - 107 - 108 - 109 - 110 - 111 - 113 - 114 - 115 - 116 - 118 - 120 - 123 - 124 - 125 - 128 - 129 - 131 - 132 - 135 - 137 - 139 - 140 - 142 - 144 - 145 - 146 - 147 - 148 - 150 - 151 - 152 - 154 - 155 - 157 - 158 - 159 - 160 - 163 - 164 - 165 - 166 - 167 - 170 - 174 - 175 - 178 - 179 - 180 - 181 - 182 - 183 - 184 - 185 - 186 - 187 - 188 - 189 - 190 - 192 - 193 - 195 - 197 - 203 - 204 - 210 - 211 - 212 - 214 - 216 - 217 - 218 - 221 - 225 - 228 - 229 - 230 - 231 - 233 - 235 - 237 - 238 - 239 - 241 - 242 - 246 - 248 - 250 - 254 - 255 - 257 - 258 - 259 - 262 - 263 - 266 - 267 - 268 - 269 - 270 - 272 - 274 - 275 - 276 - 277 - 280 - 281 - 283 - 284 - 288 - 289 - 290 - 292 - 294 - 295 - 297 - 299 - 300 - 301 - 302 - 303 - 305 - 306 - 307 - 309 - 311 - 312 - 313 - 316 - 318 - 321 - 322 - 323 - 324 - 325 - 327 - 328 - 329 - 331 - 333 - 337 - 338 - 343 - 344 - 347 - 349 - 354 - 355 - 356 - 360 - 362 - 363 - 364 - 365 - 366 - 369 - 370 - 371 - 372 - 373 - 374 - 375 - 377 - 379 - 380 - 382 - 384 - 385 - 387 - 388 - 389 - 390 - 392 - 393 - 397 - 400 - 402 - 404 - 405 - 406 - 409 - 411 - 413 - 414 - 415 - 416 - 418 - 419 - 420 - 421 - 422 - 424 - 426 - 427 - 428 - 429 - 430 - 432 - 434 - 435 - 436 - 437 - 438 - 440 - 441 - 442 - 445 - 446 - 448 - 450 - 454 - 456 - 460 - 463 - 464 - 468 - 469 - 470 - 471 - 472 - 473 - 474 - 476 - 477 - 480 - 481 - 485 - 488 - 490 - 492 - 494 - 495 - 496,20819685.3,0.0,98261,100816,31.1,Cost: 98261 & Capacity: 100816
0 - 2 - 4 - 9 - 10 - 11 - 12 - 13 - 15 - 16 - 17 - 20 - 21 - 25 - 28 - 36 - 37 - 38 - 42 - 44 - 45 - 50 - 51 - 53 - 54 - 56 - 58 - 60 - 61 - 62 - 63 - 64 - 65 - 67 - 68 - 69 - 71 - 72 - 75 - 76 - 78 - 80 - 84 - 86 - 87 - 90 - 91 - 94 - 95 - 96 - 97 - 98 - 99 - 100 - 103 - 105 - 107 - 108 - 109 - 110 - 111 - 113 - 114 - 115 - 116 - 118 - 120 - 123 - 124 - 125 - 128 - 129 - 131 - 132 - 135 - 137 - 139 - 140 - 142 - 144 - 145 - 146 - 147 - 148 - 150 - 151 - 152 - 154 - 155 - 157 - 158 - 159 - 160 - 163 - 164 - 165 - 166 - 167 - 170 - 174 - 175 - 178 - 179 - 180 - 181 - 182 - 183 - 184 - 185 - 186 - 187 - 188 - 189 - 190 - 192 - 193 - 195 - 197 - 203 - 204 - 210 - 211 - 212 - 214 - 216 - 217 - 218 - 221 - 225 - 228 - 229 - 230 - 231 - 233 - 235 - 237 - 238 - 239 - 241 - 242 - 246 - 248 - 250 - 254 - 255 - 257 - 258 - 259 - 262 - 263 - 266 - 267 - 268 - 269 - 270 - 272 - 274 - 275 - 276 - 277 - 280 - 281 - 283 - 284 - 288 - 289 - 290 - 292 - 294 - 295 - 297 - 299 - 300 - 301 - 302 - 303 - 305 - 306 - 307 - 309 - 311 - 312 - 313 - 316 - 318 - 321 - 322 - 323 - 324 - 325 - 327 - 328 - 329 - 331 - 333 - 337 - 338 - 343 - 344 - 347 - 349 - 354 - 355 - 356 - 360 - 362 - 363 - 364 - 365 - 366 - 369 - 370 - 371 - 372 - 373 - 374 - 375 - 377 - 379 - 380 - 382 - 384 - 385 - 387 - 388 - 389 - 390 - 392 - 393 - 397 - 400 - 402 - 404 - 405 - 406 - 409 - 411 - 413 - 414 - 415 - 416 - 418 - 419 - 420 - 421 - 422 - 424 - 426 - 427 - 428 - 429 - 430 - 432 - 434 - 435 - 436 - 437 - 438 - 440 - 441 - 442 - 445 - 446 - 448 - 450 - 454 - 456 - 460 - 463 - 464 - 468 - 469 - 470 - 471 - 472 - 473 - 474 - 476 - 477 - 480 - 481 - 485 - 488 - 490 - 492 - 494 - 495 - 496,20819685.3,0.0,98261,100816,36.86,Cost: 98261 & Capacity: 100816
12 - 18 - 21 - 22 - 25 - 33 - 38 - 42 - 44 - 45 - 47 - 49 - 53 - 60 - 62 - 64 - 68 - 72 - 75 - 78 - 80 - 81 - 84 - 88 - 90 - 95 - 99 - 104 - 107 - 110 - 111 - 117 - 118 - 120 - 124 - 128 - 134 - 137 - 144 - 147 - 148 - 150 - 155 - 158 - 159 - 160 - 162 - 163 - 164 - 166 - 170 - 176 - 178 - 179 - 180 - 181 - 189 - 190 - 194 - 202 - 207 - 208 - 212 - 215 - 217 - 223 - 224 - 225 - 227 - 229 - 231 - 232 - 233 - 234 - 235 - 237 - 238 - 239 - 246 - 247 - 252 - 255 - 260 - 262 - 265 - 266 - 268 - 269 - 271 - 273 - 277 - 279 - 283 - 284 - 285 - 286 - 287 - 289 - 292 - 294 - 295 - 299 - 301 - 302 - 303 - 304 - 305 - 306 - 307 - 312 - 316 - 321 - 323 - 327 - 331 - 332 - 333 - 338 - 341 - 343 - 345 - 346 - 347 - 349 - 352 - 355 - 361 - 365 - 366 - 372 - 373 - 375 - 376 - 381 - 382 - 384 - 385 - 387 - 388 - 389 - 390 - 392 - 393 - 395 - 396 - 397 - 399 - 403 - 404 - 406 - 407 - 409 - 410 - 411 - 413 - 415 - 416 - 419 - 420 - 421 - 423 - 427 - 428 - 430 - 432 - 433 - 434 - 435 - 437 - 438 - 440 - 446 - 450 - 456 - 464 - 470 - 472 - 476 - 477 - 478 - 480 - 481 - 485 - 488 - 489 - 494 - 495 - 497 - 499,9055323.1,9.3,98153,82902,37.27,Cost: 98153 & Capacity: 82902
0 - 2 - 4 - 9 - 10 - 11 - 12 - 13 - 15 - 16 - 17 - 20 - 21 - 25 - 28 - 36 - 37 - 38 - 42 - 44 - 45 - 50 - 51 - 53 - 54 - 56 - 58 - 60 - 61 - 62 - 63 - 64 - 65 - 67 - 68 - 69 - 71 - 72 - 75 - 76 - 78 - 80 - 84 - 86 - 87 - 90 - 91 - 94 - 95 - 96 - 97 - 98 - 99 - 100 - 103 - 105 - 107 - 108 - 109 - 110 - 111 - 113 - 114 - 115 - 116 - 118 - 120 - 123 - 124 - 125 - 128 - 129 - 131 - 132 - 135 - 137 - 139 - 140 - 142 - 144 - 145 - 146 - 147 - 148 - 150 - 151 - 152 - 154 - 155 - 157 - 158 - 159 - 160 - 163 - 164 - 165 - 166 - 167 - 170 - 174 - 175 - 178 - 179 - 180 - 181 - 182 - 183 - 184 - 185 - 186 - 187 - 188 - 189 - 190 - 192 - 193 - 195 - 197 - 203 - 204 - 210 - 211 - 212 - 214 - 216 - 217 - 218 - 221 - 225 - 228 - 229 - 230 - 231 - 233 - 235 - 237 - 238 - 239 - 241 - 242 - 246 - 248 - 250 - 254 - 255 - 257 - 258 - 259 - 262 - 263 - 266 - 267 - 268 - 269 - 270 - 272 - 274 - 275 - 276 - 277 - 280 - 281 - 283 - 284 - 288 - 289 - 290 - 292 - 294 - 295 - 297 - 299 - 300 - 301 - 302 - 303 - 305 - 306 - 307 - 309 - 311 - 312 - 313 - 316 - 318 - 321 - 322 - 323 - 324 - 325 - 327 - 328 - 329 - 331 - 333 - 337 - 338 - 343 - 344 - 347 - 349 - 354 - 355 - 356 - 360 - 362 - 363 - 364 - 365 - 366 - 369 - 370 - 371 - 372 - 373 - 374 - 375 - 377 - 379 - 380 - 382 - 384 - 385 - 387 - 388 - 389 - 390 - 392 - 393 - 397 - 400 - 402 - 404 - 405 - 406 - 409 - 411 - 413 - 414 - 415 - 416 - 418 - 419 - 420 - 421 - 422 - 424 - 426 - 427 - 428 - 429 - 430 - 432 - 434 - 435 - 436 - 437 - 438 - 440 - 441 - 442 - 445 - 446 - 448 - 450 - 454 - 456 - 460 - 463 - 464 - 468 - 469 - 470 - 471 - 472 - 473 - 474 - 476 - 477 - 480 - 481 - 485 - 488 - 490 - 492 - 494 - 495 - 496,20819685.3,0.0,98261,100816,38.63,Cost: 98261 & Capacity: 100816
0 - 1 - 2 - 10 - 12 - 17 - 18 - 25 - 26 - 36 - 38 - 44 - 45 - 51 - 64 - 65 - 68 - 72 - 75 - 81 - 84 - 86 - 87 - 94 - 95 - 98 - 99 - 104 - 107 - 113 - 114 - 117 - 118 - 120 - 127 - 128 - 129 - 136 - 137 - 142 - 144 - 147 - 148 - 149 - 155 - 158 - 160 - 162 - 163 - 164 - 166 - 170 - 171 - 179 - 180 - 181 - 189 - 190 - 192 - 194 - 198 - 202 - 203 - 207 - 217 - 219 - 220 - 223 - 227 - 229 - 231 - 232 - 233 - 234 - 235 - 237 - 239 - 246 - 247 - 251 - 255 - 259 - 262 - 265 - 266 - 268 - 272 - 273 - 277 - 278 - 284 - 285 - 286 - 287 - 289 - 290 - 292 - 294 - 299 - 303 - 305 - 306 - 321 - 323 - 324 - 327 - 329 - 332 - 333 - 336 - 338 - 343 - 345 - 347 - 354 - 356 - 359 - 361 - 364 - 366 - 369 - 370 - 372 - 373 - 376 - 381 - 384 - 387 - 388 - 389 - 390 - 391 - 392 - 393 - 394 - 395 - 397 - 398 - 399 - 400 - 403 - 404 - 406 - 407 - 409 - 413 - 414 - 415 - 416 - 420 - 421 - 423 - 424 - 427 - 428 - 433 - 434 - 436 - 437 - 438 - 440 - 446 - 451 - 454 - 458 - 459 - 465 - 470 - 471 - 472 - 473 - 474 - 476 - 477 - 478 - 485 - 488 - 489 - 490 - 493 - 494 - 495 - 497,8501150.0,9.9,98136,82040,41.8,Cost: 98136 & Capacity: 82040
0 - 2 - 4 - 9 - 10 - 11 - 12 - 13 - 15 - 16 - 17 - 20 - 21 - 25 - 28 - 36 - 37 - 38 - 42 - 44 - 45 - 50 - 51 - 53 - 54 - 56 - 58 - 60 - 61 - 62 - 63 - 64 - 65 - 67 - 68 - 69 - 71 - 72 - 75 - 76 - 78 - 80 - 84 - 86 - 87 - 90 - 91 - 94 - 95 - 96 - 97 - 98 - 99 - 100 - 103 - 105 - 107 - 108 - 109 - 110 - 111 - 113 - 114 - 115 - 116 - 118 - 120 - 123 - 124 - 125 - 128 - 129 - 131 - 132 - 135 - 137 - 139 - 140 - 142 - 144 - 145 - 146 - 147 - 148 - 150 - 151 - 152 - 154 - 155 - 157 - 158 - 159 - 160 - 163 - 164 - 165 - 166 - 167 - 170 - 174 - 175 - 178 - 179 - 180 - 181 - 182 - 183 - 184 - 185 - 186 - 187 - 188 - 189 - 190 - 192 - 193 - 195 - 197 - 203 - 204 - 210 - 211 - 212 - 214 - 216 - 217 - 218 - 221 - 225 - 228 - 229 - 230 - 231 - 233 - 235 - 237 - 238 - 239 - 241 - 242 - 246 - 248 - 250 - 254 - 255 - 257 - 258 - 259 - 262 - 263 - 266 - 267 - 268 - 269 - 270 - 272 - 274 - 275 - 276 - 277 - 280 - 281 - 283 - 284 - 288 - 289 - 290 - 292 - 294 - 295 - 297 - 299 - 300 - 301 - 302 - 303 - 305 - 306 - 307 - 309 - 311 - 312 - 313 - 316 - 318 - 321 - 322 - 323 - 324 - 325 - 327 - 328 - 329 - 331 - 333 - 337 - 338 - 343 - 344 - 347 - 349 - 354 - 355 - 356 - 360 - 362 - 363 - 364 - 365 - 366 - 369 - 370 - 371 - 372 - 373 - 374 - 375 - 377 - 379 - 380 - 382 - 384 - 385 - 387 - 388 - 389 - 390 - 392 - 393 - 397 - 400 - 402 - 404 - 405 - 406 - 409 - 411 - 413 - 414 - 415 - 416 - 418 - 419 - 420 - 421 - 422 - 424 - 426 - 427 - 428 - 429 - 430 - 432 - 434 - 435 - 436 - 437 - 438 - 440 - 441 - 442 - 445 - 446 - 448 - 450 - 454 - 456 - 460 - 463 - 464 - 468 - 469 - 470 - 471 - 472 - 473 - 474 - 476 - 477 - 480 - 481 - 485 - 488 - 490 - 492 - 494 - 495 - 496,20819685.3,0.0,98261,100816,42.17,Cost: 98261 & Capacity: 100816
0 - 4 - 13 - 21 - 22 - 25 - 28 - 29 - 34 - 36 - 38 - 40 - 42 - 44 - 45 - 50 - 51 - 58 - 60 - 62 - 64 - 65 - 66 - 68 - 71 - 72 - 74 - 81 - 87 - 88 - 94 - 95 - 104 - 110 - 111 - 114 - 118 - 125 - 126 - 127 - 128 - 132 - 134 - 137 - 138 - 146 - 147 - 151 - 154 - 156 - 158 - 159 - 160 - 161 - 162 - 163 - 164 - 166 - 167 - 168 - 170 - 171 - 174 - 178 - 179 - 181 - 185 - 187 - 188 - 189 - 190 - 193 - 195 - 201 - 202 - 203 - 204 - 212 - 217 - 218 - 223 - 225 - 229 - 231 - 233 - 235 - 237 - 238 - 239 - 240 - 242 - 246 - 247 - 248 - 252 - 254 - 255 - 257 - 258 - 262 - 266 - 267 - 268 - 269 - 272 - 273 - 277 - 279 - 284 - 285 - 288 - 289 - 290 - 292 - 297 - 303 - 304 - 305 - 306 - 307 - 312 - 313 - 316 - 318 - 321 - 322 - 323 - 328 - 329 - 331 - 333 - 334 - 336 - 338 - 340 - 342 - 344 - 345 - 347 - 351 - 355 - 357 - 359 - 362 - 363 - 364 - 369 - 372 - 374 - 375 - 381 - 382 - 383 - 392 - 393 - 395 - 397 - 398 - 400 - 402 - 403 - 404 - 405 - 406 - 409 - 410 - 411 - 415 - 416 - 427 - 428 - 429 - 432 - 434 - 435 - 436 - 437 - 438 - 441 - 442 - 445 - 448 - 449 - 454 - 456 - 464 - 465 - 470 - 472 - 476 - 478 - 479 - 480 - 485 - 487 - 488 - 489 - 494 - 497 - 499,10074072.3,6.3,96155,85857,42.77,Cost: 96155 & Capacity: 85857
0 - 2 - 4 - 9 - 10 - 11 - 12 - 13 - 15 - 16 - 17 - 20 - 21 - 28 - 34 - 36 - 37 - 38 - 42 - 44 - 45 - 50 - 51 - 53 - 54 - 56 - 58 - 59 - 60 - 61 - 62 - 63 - 64 - 65 - 67 - 68 - 69 - 71 - 72 - 75 - 76 - 78 - 80 - 84 - 86 - 87 - 90 - 91 - 94 - 95 - 96 - 97 - 98 - 99 - 100 - 103 - 105 - 107 - 108 - 109 - 110 - 111 - 113 - 114 - 115 - 116 - 118 - 120 - 123 - 124 - 125 - 128 - 129 - 131 - 132 - 135 - 137 - 140 - 142 - 144 - 145 - 146 - 147 - 148 - 150 - 151 - 152 - 154 - 155 - 158 - 159 - 160 - 163 - 164 - 165 - 166 - 167 - 170 - 174 - 175 - 178 - 179 - 180 - 181 - 182 - 183 - 184 - 185 - 186 - 187 - 188 - 189 - 190 - 192 - 193 - 195 - 197 - 200 - 203 - 204 - 210 - 211 - 212 - 214 - 215 - 216 - 217 - 218 - 221 - 225 - 228 - 229 - 230 - 231 - 233 - 235 - 237 - 238 - 239 - 241 - 242 - 246 - 248 - 250 - 254 - 255 - 257 - 258 - 259 - 262 - 263 - 266 - 267 - 268 - 269 - 270 - 272 - 274 - 275 - 276 - 277 - 280 - 281 - 283 - 284 - 288 - 289 - 290 - 292 - 294 - 295 - 297 - 299 - 300 - 301 - 302 - 303 - 305 - 306 - 307 - 309 - 311 - 312 - 313 - 316 - 318 - 322 - 323 - 324 - 325 - 327 - 328 - 329 - 331 - 333 - 335 - 337 - 338 - 343 - 344 - 347 - 349 - 354 - 355 - 356 - 360 - 362 - 363 - 364 - 365 - 366 - 369 - 370 - 371 - 372 - 373 - 374 - 375 - 377 - 379 - 380 - 382 - 384 - 385 - 387 - 388 - 389 - 390 - 392 - 393 - 397 - 400 - 402 - 404 - 405 - 406 - 409 - 411 - 413 - 414 - 415 - 416 - 418 - 419 - 420 - 421 - 422 - 424 - 426 - 427 - 428 - 429 - 430 - 432 - 434 - 435 - 437 - 438 - 440 - 441 - 442 - 445 - 446 - 448 - 450 - 454 - 456 - 458 - 460 - 463 - 464 - 466 - 468 - 469 - 470 - 472 - 473 - 474 - 476 - 477 - 480 - 481 - 485 - 488 - 490 - 492 - 494 - 495 - 496,20902077.8,0.0,98257,100637,46.12,Cost: 98257 & Capacity: 100637
0 - 2 - 4 - 9 - 10 - 11 - 12 - 13 - 15 - 16 - 17 - 20 - 21 - 25 - 28 - 36 - 37 - 38 - 42 - 44 - 45 - 50 - 51 - 53 - 54 - 56 - 58 - 60 - 61 - 62 - 63 - 64 - 65 - 67 - 68 - 69 - 71 - 72 - 75 - 76 - 78 - 80 - 84 - 86 - 87 - 90 - 91 - 94 - 95 - 96 - 97 - 98 - 99 - 100 - 103 - 105 - 107 - 108 - 109 - 110 - 111 - 113 - 114 - 115 - 116 - 118 - 120 - 123 - 124 - 125 - 128 - 129 - 131 - 132 - 135 - 137 - 139 - 140 - 142 - 144 - 145 - 146 - 147 - 148 - 150 - 151 - 152 - 154 - 155 - 157 - 158 - 159 - 160 - 163 - 164 - 165 - 166 - 167 - 170 - 174 - 175 - 178 - 179 - 180 - 181 - 182 - 183 - 184 - 185 - 186 - 187 - 188 - 189 - 190 - 192 - 193 - 195 - 197 - 203 - 204 - 210 - 211 - 212 - 214 - 216 - 217 - 218 - 221 - 225 - 228 - 229 - 230 - 231 - 233 - 235 - 237 - 238 - 239 - 241 - 242 - 246 - 248 - 250 - 254 - 255 - 257 - 258 - 259 - 262 - 263 - 266 - 267 - 268 - 269 - 270 - 272 - 274 - 275 - 276 - 277 - 280 - 281 - 283 - 284 - 288 - 289 - 290 - 292 - 294 - 295 - 297 - 299 - 300 - 301 - 302 - 303 - 305 - 306 - 307 - 309 - 311 - 312 - 313 - 316 - 318 - 321 - 322 - 323 - 324 - 325 - 327 - 328 - 329 - 331 - 333 - 337 - 338 - 343 - 344 - 347 - 349 - 354 - 355 - 356 - 360 - 362 - 363 - 364 - 365 - 366 - 369 - 370 - 371 - 372 - 373 - 374 - 375 - 377 - 379 - 380 - 382 - 384 - 385 - 387 - 388 - 389 - 390 - 392 - 393 - 397 - 400 - 402 - 404 - 405 - 406 - 409 - 411 - 413 - 414 - 415 - 416 - 418 - 419 - 420 - 421 - 422 - 424 - 426 - 427 - 428 - 429 - 430 - 432 - 434 - 435 - 436 - 437 - 438 - 440 - 441 - 442 - 445 - 446 - 448 - 450 - 454 - 456 - 460 - 463 - 464 - 468 - 469 - 470 - 471 - 472 - 473 - 474 - 476 - 477 - 480 - 481 - 485 - 488 - 490 - 492 - 494 - 495 - 496,20819685.3,0.0,98261,100816,49.66,Cost: 98261 & Capacity: 100816
0 - 2 - 4 - 9 - 10 - 11 - 12 - 13 - 16 - 21 - 25 - 29 - 35 - 36 - 37 - 38 - 42 - 44 - 45 - 49 - 50 - 51 - 53 - 54 - 59 - 60 - 61 - 63 - 64 - 65 - 68 - 69 - 71 - 72 - 75 - 80 - 84 - 86 - 87 - 90 - 91 - 94 - 95 - 96 - 97 - 98 - 99 - 100 - 105 - 107 - 108 - 110 - 111 - 113 - 114 - 115 - 116 - 118 - 123 - 124 - 125 - 127 - 128 - 131 - 132 - 136 - 137 - 139 - 142 - 144 - 145 - 146 - 147 - 148 - 149 - 150 - 152 - 154 - 156 - 158 - 159 - 160 - 161 - 162 - 163 - 164 - 165 - 166 - 167 - 170 - 171 - 174 - 175 - 178 - 179 - 181 - 183 - 184 - 185 - 186 - 187 - 188 - 189 - 190 - 192 - 193 - 195 - 201 - 203 - 204 - 210 - 211 - 212 - 215 - 216 - 217 - 218 - 221 - 223 - 225 - 230 - 231 - 233 - 235 - 237 - 238 - 246 - 247 - 248 - 254 - 255 - 257 - 258 - 259 - 262 - 266 - 267 - 269 - 270 - 272 - 273 - 276 - 277 - 280 - 281 - 283 - 284 - 288 - 289 - 290 - 292 - 294 - 299 - 300 - 301 - 302 - 303 - 305 - 306 - 309 - 312 - 313 - 314 - 316 - 317 - 318 - 321 - 322 - 323 - 324 - 325 - 326 - 328 - 331 - 333 - 337 - 338 - 342 - 343 - 347 - 355 - 356 - 358 - 360 - 362 - 363 - 366 - 370 - 371 - 372 - 374 - 375 - 377 - 379 - 380 - 382 - 383 - 385 - 387 - 388 - 389 - 390 - 392 - 393 - 395 - 397 - 398 - 400 - 401 - 403 - 404 - 406 - 410 - 411 - 415 - 416 - 418 - 419 - 420 - 422 - 423 - 424 - 426 - 427 - 428 - 429 - 430 - 432 - 434 - 435 - 436 - 437 - 438 - 441 - 442 - 450 - 454 - 459 - 460 - 463 - 464 - 465 - 468 - 470 - 471 - 472 - 474 - 476 - 477 - 480 - 481 - 485 - 488 - 489 - 491 - 492 - 494 - 495 - 496 - 497 - 499,17082244.4,2.0,98261,98308,50.85,Cost: 98261 & Capacity: 98308
0 - 2 - 4 - 9 - 10 - 11 - 12 - 13 - 15 - 16 - 17 - 20 - 21 - 25 - 28 - 36 - 37 - 38 - 42 - 44 - 45 - 50 - 51 - 53 - 54 - 56 - 58 - 60 - 61 - 62 - 63 - 64 - 65 - 67 - 68 - 69 - 71 - 72 - 75 - 76 - 78 - 80 - 84 - 86 - 87 - 90 - 91 - 94 - 95 - 96 - 97 - 98 - 99 - 100 - 103 - 105 - 107 - 108 - 109 - 110 - 111 - 113 - 114 - 115 - 116 - 118 - 120 - 123 - 124 - 125 - 128 - 129 - 131 - 132 - 135 - 137 - 139 - 140 - 142 - 144 - 145 - 146 - 147 - 148 - 150 - 151 - 152 - 154 - 155 - 157 - 158 - 159 - 160 - 163 - 164 - 165 - 166 - 167 - 170 - 174 - 175 - 178 - 179 - 180 - 181 - 182 - 183 - 184 - 185 - 186 - 187 - 188 - 189 - 190 - 192 - 193 - 195 - 197 - 203 - 204 - 210 - 211 - 212 - 214 - 216 - 217 - 218 - 221 - 225 - 228 - 229 - 230 - 231 - 233 - 235 - 237 - 238 - 239 - 241 - 242 - 246 - 248 - 250 - 254 - 255 - 257 - 258 - 259 - 262 - 263 - 266 - 267 - 268 - 269 - 270 - 272 - 274 - 275 - 276 - 277 - 280 - 281 - 283 - 284 - 288 - 289 - 290 - 292 - 294 - 295 - 297 - 299 - 300 - 301 - 302 - 303 - 305 - 306 - 307 - 309 - 311 - 312 - 313 - 316 - 318 - 321 - 322 - 323 - 324 - 325 - 327 - 328 - 329 - 331 - 333 - 337 - 338 - 343 - 344 - 347 - 349 - 354 - 355 - 356 - 360 - 362 - 363 - 364 - 365 - 366 - 369 - 370 - 371 - 372 - 373 - 374 - 375 - 377 - 379 - 380 - 382 - 384 - 385 - 387 - 388 - 389 - 390 - 392 - 393 - 397 - 400 - 402 - 404 - 405 - 406 - 409 - 411 - 413 - 414 - 415 - 416 - 418 - 419 - 420 - 421 - 422 - 424 - 426 - 427 - 428 - 429 - 430 - 432 - 434 - 435 - 436 - 437 - 438 - 440 - 441 - 442 - 445 - 446 - 448 - 450 - 454 - 456 - 460 - 463 - 464 - 468 - 469 - 470 - 471 - 472 - 473 - 474 - 476 - 477 - 480 - 481 - 485 - 488 - 490 - 492 - 494 - 495 - 496,20819685.3,0.0,98261,100816,51.29,Cost: 98261 & Capacity: 100816
0 - 7 - 8 - 14 - 23 - 25 - 28 - 29 - 31 - 34 - 36 - 40 - 41 - 43 - 47 - 49 - 54 - 64 - 72 - 73 - 75 - 77 - 81 - 83 - 84 - 87 - 95 - 99 - 103 - 108 - 117 - 119 - 122 - 126 - 128 - 140 - 143 - 144 - 145 - 150 - 166 - 168 - 179 - 181 - 187 - 210 - 214 - 216 - 217 - 219 - 223 - 224 - 229 - 231 - 234 - 259 - 261 - 264 - 266 - 270 - 275 - 276 - 277 - 278 - 281 - 282 - 287 - 292 - 299 - 305 - 306 - 308 - 324 - 325 - 331 - 336 - 338 - 349 - 350 - 361 - 366 - 367 - 369 - 370 - 378 - 382 - 390 - 391 - 393 - 402 - 405 - 414 - 419 - 421 - 427 - 429 - 433 - 436 - 438 - 440 - 441 - 442 - 448 - 450 - 451 - 455 - 459 - 461 - 476 - 481 - 482 - 486 - 494,3311613.4,23.1,76913,58778,51.51,Cost: 76913 & Capacity: 58778
0 - 2 - 4 - 9 - 10 - 11 - 12 - 13 - 15 - 16 - 17 - 20 - 21 - 25 - 28 - 36 - 37 - 38 - 42 - 44 - 45 - 50 - 51 - 53 - 54 - 56 - 58 - 60 - 61 - 62 - 63 - 64 - 65 - 67 - 68 - 69 - 71 - 72 - 75 - 76 - 78 - 80 - 84 - 86 - 87 - 90 - 91 - 94 - 95 - 96 - 97 - 98 - 99 - 100 - 103 - 105 - 107 - 108 - 109 - 110 - 111 - 113 - 114 - 115 - 116 - 118 - 120 - 123 - 124 - 125 - 128 - 129 - 131 - 132 - 135 - 137 - 139 - 140 - 142 - 144 - 145 - 146 - 147 - 148 - 150 - 151 - 152 - 154 - 155 - 157 - 158 - 159 - 160 - 163 - 164 - 165 - 166 - 167 - 170 - 174 - 175 - 178 - 179 - 180 - 181 - 182 - 183 - 184 - 185 - 186 - 187 - 188 - 189 - 190 - 192 - 193 - 195 - 197 - 203 - 204 - 210 - 211 - 212 - 214 - 216 - 217 - 218 - 221 - 225 - 228 - 229 - 230 - 231 - 233 - 235 - 237 - 238 - 239 - 241 - 242 - 246 - 248 - 250 - 254 - 255 - 257 - 258 - 259 - 262 - 263 - 266 - 267 - 268 - 269 - 270 - 272 - 274 - 275 - 276 - 277 - 280 - 281 - 283 - 284 - 288 - 289 - 290 - 292 - 294 - 295 - 297 - 299 - 300 - 301 - 302 - 303 - 305 - 306 - 307 - 309 - 311 - 312 - 313 - 316 - 318 - 321 - 322 - 323 - 324 - 325 - 327 - 328 - 329 - 331 - 333 - 337 - 338 - 343 - 344 - 347 - 349 - 354 - 355 - 356 - 360 - 362 - 363 - 364 - 365 - 366 - 369 - 370 - 371 - 372 - 373 - 374 - 375 - 377 - 379 - 380 - 382 - 384 - 385 - 387 - 388 - 389 - 390 - 392 - 393 - 397 - 400 - 402 - 404 - 405 - 406 - 409 - 411 - 413 - 414 - 415 - 416 - 418 - 419 - 420 - 421 - 422 - 424 - 426 - 427 - 428 - 429 - 430 - 432 - 434 - 435 - 436 - 437 - 438 - 440 - 441 - 442 - 445 - 446 - 448 - 450 - 454 - 456 - 460 - 463 - 464 - 468 - 469 - 470 - 471 - 472 - 473 - 474 - 476 - 477 - 480 - 481 - 485 - 488 - 490 - 492 - 494 - 495 - 496,20819685.3,0.0,98261,100816,56.62,Cost: 98261 & Capacity: 100816
0 - 2 - 4 - 9 - 10 - 11 - 12 - 13 - 15 - 16 - 17 - 20 - 21 - 28 - 34 - 36 - 37 - 38 - 42 - 44 - 45 - 50 - 51 - 53 - 54 - 56 - 58 - 59 - 60 - 61 - 62 - 63 - 64 - 65 - 67 - 68 - 69 - 71 - 72 - 75 - 76 - 78 - 80 - 84 - 86 - 87 - 90 - 91 - 94 - 95 - 96 - 97 - 98 - 99 - 100 - 103 - 105 - 107 - 108 - 109 - 110 - 111 - 113 - 114 - 115 - 116 - 118 - 120 - 123 - 124 - 125 - 128 - 129 - 131 - 132 - 135 - 137 - 140 - 142 - 144 - 145 - 146 - 147 - 148 - 150 - 151 - 152 - 154 - 155 - 158 - 159 - 160 - 163 - 164 - 165 - 166 - 167 - 170 - 174 - 175 - 178 - 179 - 180 - 181 - 182 - 183 - 184 - 185 - 186 - 187 - 188 - 189 - 190 - 192 - 193 - 195 - 197 - 200 - 203 - 204 - 210 - 211 - 212 - 214 - 215 - 216 - 217 - 218 - 221 - 225 - 228 - 229 - 230 - 231 - 233 - 235 - 237 - 238 - 239 - 241 - 242 - 246 - 248 - 250 - 254 - 255 - 257 - 258 - 259 - 262 - 263 - 266 - 267 - 268 - 269 - 270 - 272 - 274 - 275 - 276 - 277 - 280 - 281 - 283 - 284 - 288 - 289 - 290 - 292 - 294 - 295 - 297 - 299 - 300 - 301 - 302 - 303 - 305 - 306 - 307 - 309 - 311 - 312 - 313 - 316 - 318 - 322 - 323 - 324 - 325 - 327 - 328 - 329 - 331 - 333 - 335 - 337 - 338 - 343 - 344 - 347 - 349 - 354 - 355 - 356 - 360 - 362 - 363 - 364 - 365 - 366 - 369 - 370 - 371 - 372 - 373 - 374 - 375 - 377 - 379 - 380 - 382 - 384 - 385 - 387 - 388 - 389 - 390 - 392 - 393 - 397 - 400 - 402 - 404 - 405 - 406 - 409 - 411 - 413 - 414 - 415 - 416 - 418 - 419 - 420 - 421 - 422 - 424 - 426 - 427 - 428 - 429 - 430 - 432 - 434 - 435 - 437 - 438 - 440 - 441 - 442 - 445 - 446 - 448 - 450 - 454 - 456 - 458 - 460 - 463 - 464 - 466 - 468 - 469 - 470 - 472 - 473 - 474 - 476 - 477 - 480 - 481 - 485 - 488 - 490 - 492 - 494 - 495 - 496,20902077.8,0.0,98257,100637,57.35,Cost: 98257 & Capacity: 100637
0 - 2 - 10 - 12 - 18 - 21 - 26 - 34 - 37 - 42 - 44 - 45 - 53 - 61 - 64 - 66 - 67 - 69 - 72 - 75 - 80 - 81 - 89 - 90 - 92 - 94 - 95 - 98 - 99 - 105 - 106 - 111 - 118 - 120 - 122 - 127 - 128 - 133 - 134 - 137 - 142 - 144 - 146 - 147 - 150 - 152 - 154 - 155 - 156 - 157 - 158 - 161 - 164 - 166 - 178 - 180 - 181 - 182 - 190 - 192 - 200 - 203 - 207 - 211 - 216 - 217 - 220 - 223 - 224 - 227 - 231 - 233 - 234 - 235 - 246 - 252 - 255 - 266 - 268 - 273 - 275 - 277 - 279 - 283 - 284 - 285 - 286 - 290 - 292 - 293 - 297 - 298 - 299 - 301 - 302 - 303 - 304 - 305 - 306 - 307 - 312 - 315 - 316 - 318 - 322 - 323 - 328 - 331 - 332 - 333 - 337 - 342 - 343 - 345 - 347 - 349 - 351 - 352 - 356 - 358 - 361 - 365 - 366 - 371 - 372 - 373 - 377 - 381 - 384 - 387 - 388 - 390 - 392 - 393 - 395 - 401 - 403 - 404 - 406 - 407 - 409 - 413 - 416 - 419 - 422 - 423 - 425 - 427 - 428 - 430 - 432 - 433 - 436 - 437 - 438 - 440 - 441 - 442 - 444 - 445 - 446 - 451 - 452 - 459 - 461 - 468 - 470 - 474 - 476 - 477 - 478 - 480 - 484 - 485 - 488 - 489 - 493 - 495 - 496 - 497,8202509.7,10.5,98263,80074,57.74,Cost: 98263 & Capacity: 80074
0 - 2 - 4 - 9 - 10 - 11 - 12 - 13 - 15 - 16 - 17 - 20 - 21 - 25 - 28 - 36 - 37 - 38 - 42 - 44 - 45 - 50 - 51 - 53 - 54 - 56 - 58 - 60 - 61 - 62 - 63 - 64 - 65 - 67 - 68 - 69 - 71 - 72 - 75 - 76 - 78 - 80 - 84 - 86 - 87 - 90 - 91 - 94 - 95 - 96 - 97 - 98 - 99 - 100 - 103 - 105 - 107 - 108 - 109 - 110 - 111 - 113 - 114 - 115 - 116 - 118 - 120 - 123 - 124 - 125 - 128 - 129 - 131 - 132 - 135 - 137 - 139 - 140 - 142 - 144 - 145 - 146 - 147 - 148 - 150 - 151 - 152 - 154 - 155 - 157 - 158 - 159 - 160 - 163 - 164 - 165 - 166 - 167 - 170 - 174 - 175 - 178 - 179 - 180 - 181 - 182 - 183 - 184 - 185 - 186 - 187 - 188 - 189 - 190 - 192 - 193 - 195 - 197 - 203 - 204 - 210 - 211 - 212 - 214 - 216 - 217 - 218 - 221 - 225 - 228 - 229 - 230 - 231 - 233 - 235 - 237 - 238 - 239 - 241 - 242 - 246 - 248 - 250 - 254 - 255 - 257 - 258 - 259 - 262 - 263 - 266 - 267 - 268 - 269 - 270 - 272 - 274 - 275 - 276 - 277 - 280 - 281 - 283 - 284 - 288 - 289 - 290 - 292 - 294 - 295 - 297 - 299 - 300 - 301 - 302 - 303 - 305 - 306 - 307 - 309 - 311 - 312 - 313 - 316 - 318 - 321 - 322 - 323 - 324 - 325 - 327 - 328 - 329 - 331 - 333 - 337 - 338 - 343 - 344 - 347 - 349 - 354 - 355 - 356 - 360 - 362 - 363 - 364 - 365 - 366 - 369 - 370 - 371 - 372 - 373 - 374 - 375 - 377 - 379 - 380 - 382 - 384 - 385 - 387 - 388 - 389 - 390 - 392 - 393 - 397 - 400 - 402 - 404 - 405 - 406 - 409 - 411 - 413 - 414 - 415 - 416 - 418 - 419 - 420 - 421 - 422 - 424 - 426 - 427 - 428 - 429 - 430 - 432 - 434 - 435 - 436 - 437 - 438 - 440 - 441 - 442 - 445 - 446 - 448 - 450 - 454 - 456 - 460 - 463 - 464 - 468 - 469 - 470 - 471 - 472 - 473 - 474 - 476 - 477 - 480 - 481 - 485 - 488 - 490 - 492 - 494 - 495 - 496,20819685.3,0.0,98261,100816,60.27,Cost: 98261 & Capacity: 100816
7 - 8 - 14 - 29 - 30 - 31 - 35 - 41 - 45 - 49 - 54 - 64 - 66 - 68 - 73 - 78 - 83 - 85 - 88 - 98 - 104 - 106 - 119 - 122 - 133 - 139 - 144 - 145 - 150 - 154 - 158 - 161 - 163 - 177 - 179 - 194 - 207 - 224 - 227 - 229 - 232 - 233 - 246 - 249 - 252 - 260 - 267 - 271 - 277 - 286 - 287 - 291 - 312 - 315 - 322 - 324 - 335 - 338 - 345 - 349 - 350 - 351 - 359 - 361 - 364 - 367 - 373 - 382 - 386 - 387 - 390 - 391 - 392 - 398 - 414 - 421 - 425 - 439 - 440 - 441 - 443 - 444 - 451 - 453 - 458 - 464 - 482 - 484 - 489 - 493 - 499,2087074.1,32.1,79885,61886,60.41,Cost: 79885 & Capacity: 61886
7 - 12 - 13 - 22 - 30 - 43 - 50 - 53 - 58 - 66 - 67 - 81 - 83 - 87 - 89 - 92 - 99 - 109 - 111 - 120 - 125 - 128 - 131 - 133 - 140 - 141 - 143 - 147 - 153 - 156 - 157 - 158 - 161 - 162 - 163 - 168 - 179 - 182 - 186 - 188 - 192 - 207 - 219 - 223 - 227 - 231 - 234 - 235 - 245 - 246 - 247 - 248 - 249 - 251 - 252 - 253 - 258 - 261 - 263 - 267 - 272 - 282 - 286 - 287 - 291 - 294 - 297 - 301 - 305 - 307 - 308 - 310 - 311 - 314 - 317 - 319 - 320 - 322 - 323 - 325 - 336 - 340 - 345 - 349 - 350 - 352 - 354 - 355 - 357 - 364 - 366 - 369 - 370 - 373 - 375 - 381 - 382 - 384 - 385 - 388 - 397 - 400 - 403 - 408 - 409 - 410 - 421 - 427 - 428 - 432 - 436 - 451 - 461 - 466 - 472 - 473 - 477 - 478 - 480 - 482 - 483 - 484 - 485 - 488 - 491 - 494 - 496 - 499,4191007.4,19.5,85407,65944,61.09,Cost: 85407 & Capacity: 65944
0 - 2 - 4 - 9 - 10 - 11 - 12 - 13 - 15 - 16 - 17 - 20 - 21 - 25 - 28 - 36 - 37 - 38 - 42 - 44 - 45 - 50 - 51 - 53 - 54 - 56 - 58 - 60 - 61 - 62 - 63 - 64 - 65 - 67 - 68 - 69 - 71 - 72 - 75 - 76 - 78 - 80 - 84 - 86 - 87 - 90 - 91 - 94 - 95 - 96 - 97 - 98 - 99 - 100 - 103 - 105 - 107 - 108 - 109 - 110 - 111 - 113 - 114 - 115 - 116 - 118 - 120 - 123 - 124 - 125 - 128 - 129 - 131 - 132 - 135 - 137 - 139 - 140 - 142 - 144 - 145 - 146 - 147 - 148 - 150 - 151 - 152 - 154 - 155 - 157 - 158 - 159 - 160 - 163 - 164 - 165 - 166 - 167 - 170 - 174 - 175 - 178 - 179 - 180 - 181 - 182 - 183 - 184 - 185 - 186 - 187 - 188 - 189 - 190 - 192 - 193 - 195 - 197 - 203 - 204 - 210 - 211 - 212 - 214 - 216 - 217 - 218 - 221 - 225 - 228 - 229 - 230 - 231 - 233 - 235 - 237 - 238 - 239 - 241 - 242 - 246 - 248 - 250 - 254 - 255 - 257 - 258 - 259 - 262 - 263 - 266 - 267 - 268 - 269 - 270 - 272 - 274 - 275 - 276 - 277 - 280 - 281 - 283 - 284 - 288 - 289 - 290 - 292 - 294 - 295 - 297 - 299 - 300 - 301 - 302 - 303 - 305 - 306 - 307 - 309 - 311 - 312 - 313 - 316 - 318 - 321 - 322 - 323 - 324 - 325 - 327 - 328 - 329 - 331 - 333 - 337 - 338 - 343 - 344 - 347 - 349 - 354 - 355 - 356 - 360 - 362 - 363 - 364 - 365 - 366 - 369 - 370 - 371 - 372 - 373 - 374 - 375 - 377 - 379 - 380 - 382 - 384 - 385 - 387 - 388 - 389 - 390 - 392 - 393 - 397 - 400 - 402 - 404 - 405 - 406 - 409 - 411 - 413 - 414 - 415 - 416 - 418 - 419 - 420 - 421 - 422 - 424 - 426 - 427 - 428 - 429 - 430 - 432 - 434 - 435 - 436 - 437 - 438 - 440 - 441 - 442 - 445 - 446 - 448 - 450 - 454 - 456 - 460 - 463 - 464 - 468 - 469 - 470 - 471 - 472 - 473 - 474 - 476 - 477 - 480 - 481 - 485 - 488 - 490 - 492 - 494 - 495 - 496,20819685.3,0.0,98261,100816,62.31,Cost: 98261 & Capacity: 100816
0 - 2 - 4 - 9 - 10 - 11 - 12 - 13 - 15 - 16 - 17 - 20 - 21 - 25 - 28 - 36 - 37 - 38 - 42 - 44 - 45 - 50 - 51 - 53 - 54 - 56 - 58 - 60 - 61 - 62 - 63 - 64 - 65 - 67 - 68 - 69 - 71 - 72 - 75 - 76 - 78 - 80 - 84 - 86 - 87 - 90 - 91 - 94 - 95 - 96 - 97 - 98 - 99 - 100 - 103 - 105 - 107 - 108 - 109 - 110 - 111 - 113 - 114 - 115 - 116 - 118 - 120 - 123 - 124 - 125 - 128 - 129 - 131 - 132 - 135 - 137 - 139 - 140 - 142 - 144 - 145 - 146 - 147 - 148 - 150 - 151 - 152 - 154 - 155 - 157 - 158 - 159 - 160 - 163 - 164 - 165 - 166 - 167 - 170 - 174 - 175 - 178 - 179 - 180 - 181 - 182 - 183 - 184 - 185 - 186 - 187 - 188 - 189 - 190 - 192 - 193 - 195 - 197 - 203 - 204 - 210 - 211 - 212 - 214 - 216 - 217 - 218 - 221 - 225 - 228 - 229 - 230 - 231 - 233 - 235 - 237 - 238 - 239 - 241 - 242 - 246 - 248 - 250 - 254 - 255 - 257 - 258 - 259 - 262 - 263 - 266 - 267 - 268 - 269 - 270 - 272 - 274 - 275 - 276 - 277 - 280 - 281 - 283 - 284 - 288 - 289 - 290 - 292 - 294 - 295 - 297 - 299 - 300 - 301 - 302 - 303 - 305 - 306 - 307 - 309 - 311 - 312 - 313 - 316 - 318 - 321 - 322 - 323 - 324 - 325 - 327 - 328 - 329 - 331 - 333 - 337 - 338 - 343 - 344 - 347 - 349 - 354 - 355 - 356 - 360 - 362 - 363 - 364 - 365 - 366 - 369 - 370 - 371 - 372 - 373 - 374 - 375 - 377 - 379 - 380 - 382 - 384 - 385 - 387 - 388 - 389 - 390 - 392 - 393 - 397 - 400 - 402 - 404 - 405 - 406 - 409 - 411 - 413 - 414 - 415 - 416 - 418 - 419 - 420 - 421 - 422 - 424 - 426 - 427 - 428 - 429 - 430 - 432 - 434 - 435 - 436 - 437 - 438 - 440 - 441 - 442 - 445 - 446 - 448 - 450 - 454 - 456 - 460 - 463 - 464 - 468 - 469 - 470 - 471 - 472 - 473 - 474 - 476 - 477 - 480 - 481 - 485 - 488 - 490 - 492 - 494 - 495 - 496,20819685.3,0.0,98261,100816,64.3,Cost: 98261 & Capacity: 100816
0 - 10 - 12 - 13 - 16 - 21 - 22 - 25 - 29 - 39 - 44 - 45 - 50 - 51 - 53 - 54 - 57 - 60 - 63 - 64 - 65 - 67 - 68 - 69 - 71 - 72 - 75 - 79 - 80 - 81 - 84 - 86 - 87 - 91 - 92 - 94 - 95 - 96 - 97 - 98 - 99 - 100 - 105 - 107 - 108 - 109 - 110 - 111 - 114 - 115 - 116 - 118 - 120 - 123 - 124 - 126 - 127 - 128 - 132 - 137 - 139 - 142 - 144 - 145 - 146 - 147 - 149 - 150 - 154 - 156 - 158 - 159 - 161 - 162 - 163 - 164 - 166 - 170 - 171 - 174 - 175 - 176 - 178 - 179 - 181 - 183 - 185 - 187 - 188 - 189 - 190 - 192 - 193 - 195 - 201 - 202 - 204 - 209 - 210 - 211 - 212 - 215 - 217 - 221 - 223 - 225 - 230 - 231 - 232 - 233 - 235 - 237 - 238 - 246 - 247 - 254 - 255 - 256 - 257 - 258 - 262 - 266 - 267 - 269 - 270 - 273 - 277 - 282 - 283 - 284 - 287 - 288 - 290 - 292 - 294 - 297 - 300 - 301 - 302 - 303 - 305 - 306 - 312 - 313 - 314 - 316 - 317 - 318 - 320 - 322 - 323 - 324 - 325 - 326 - 328 - 330 - 333 - 336 - 337 - 338 - 339 - 341 - 342 - 347 - 358 - 362 - 366 - 370 - 371 - 372 - 374 - 375 - 377 - 382 - 383 - 385 - 388 - 389 - 390 - 392 - 393 - 394 - 395 - 397 - 400 - 403 - 406 - 407 - 409 - 410 - 411 - 415 - 418 - 419 - 420 - 423 - 424 - 427 - 428 - 429 - 430 - 432 - 434 - 436 - 437 - 438 - 441 - 450 - 454 - 456 - 459 - 460 - 464 - 465 - 470 - 471 - 472 - 474 - 476 - 477 - 478 - 480 - 481 - 484 - 485 - 486 - 488 - 489 - 492 - 494 - 495 - 496 - 497 - 499,13734257.2,4.6,98245,90498,64.73,Cost: 98245 & Capacity: 90498
7 - 9 - 14 - 18 - 23 - 34 - 37 - 40 - 41 - 48 - 52 - 74 - 75 - 83 - 84 - 87 - 92 - 110 - 111 - 112 - 113 - 115 - 119 - 122 - 142 - 149 - 150 - 154 - 165 - 187 - 188 - 193 - 195 - 197 - 202 - 209 - 218 - 223 - 224 - 227 - 232 - 236 - 239 - 247 - 248 - 249 - 252 - 253 - 265 - 285 - 287 - 290 - 305 - 308 - 321 - 325 - 345 - 350 - 366 - 367 - 369 - 373 - 374 - 375 - 382 - 393 - 398 - 405 - 421 - 424 - 425 - 428 - 429 - 433 - 436 - 439 - 442 - 443 - 444 - 455 - 463 - 470 - 471 - 475 - 494,1864204.1,35.0,69425,56971,67.27,Cost: 69425 & Capacity: 56971
0 - 11 - 16 - 21 - 29 - 34 - 35 - 40 - 44 - 47 - 50 - 58 - 61 - 62 - 63 - 64 - 68 - 72 - 81 - 83 - 84 - 86 - 93 - 104 - 106 - 116 - 117 - 118 - 119 - 122 - 128 - 129 - 136 - 137 - 143 - 144 - 146 - 147 - 148 - 149 - 150 - 153 - 159 - 161 - 163 - 165 - 166 - 168 - 170 - 172 - 176 - 179 - 181 - 187 - 190 - 192 - 194 - 202 - 204 - 210 - 211 - 221 - 231 - 232 - 237 - 240 - 245 - 248 - 258 - 259 - 261 - 263 - 265 - 271 - 273 - 275 - 277 - 278 - 281 - 283 - 285 - 292 - 298 - 299 - 301 - 303 - 308 - 312 - 319 - 324 - 331 - 333 - 336 - 338 - 345 - 348 - 350 - 352 - 359 - 361 - 362 - 364 - 370 - 388 - 398 - 400 - 402 - 403 - 407 - 408 - 411 - 415 - 419 - 425 - 433 - 436 - 437 - 438 - 442 - 450 - 451 - 455 - 459 - 462 - 464 - 465 - 467 - 470 - 476 - 485 - 487 - 488 - 489 - 493,4724959.5,19.1,90179,70594,68.03,Cost: 90179 & Capacity: 70594
0 - 11 - 12 - 21 - 25 - 27 - 29 - 32 - 35 - 36 - 38 - 44 - 58 - 60 - 64 - 68 - 72 - 75 - 80 - 81 - 84 - 86 - 87 - 90 - 91 - 94 - 98 - 99 - 104 - 107 - 110 - 111 - 114 - 117 - 118 - 120 - 123 - 127 - 136 - 137 - 144 - 146 - 147 - 149 - 150 - 152 - 154 - 155 - 158 - 159 - 161 - 164 - 166 - 168 - 170 - 171 - 172 - 178 - 180 - 181 - 189 - 190 - 195 - 198 - 203 - 204 - 218 - 222 - 223 - 227 - 233 - 235 - 246 - 252 - 255 - 256 - 260 - 261 - 266 - 269 - 273 - 277 - 278 - 279 - 283 - 284 - 285 - 286 - 287 - 290 - 292 - 293 - 294 - 297 - 298 - 299 - 302 - 303 - 305 - 306 - 309 - 312 - 317 - 318 - 322 - 323 - 327 - 328 - 329 - 332 - 333 - 336 - 337 - 338 - 343 - 344 - 345 - 347 - 356 - 358 - 361 - 366 - 368 - 371 - 372 - 373 - 374 - 377 - 381 - 384 - 385 - 387 - 388 - 389 - 390 - 392 - 393 - 395 - 399 - 400 - 403 - 412 - 413 - 415 - 416 - 420 - 424 - 425 - 428 - 430 - 431 - 432 - 435 - 436 - 437 - 438 - 440 - 443 - 444 - 446 - 449 - 452 - 459 - 460 - 465 - 468 - 470 - 472 - 474 - 477 - 480 - 485 - 488 - 489 - 492 - 493 - 497 - 499,8091654.5,10.8,98072,80347,70.5,Cost: 98072 & Capacity: 80347
0 - 2 - 4 - 9 - 10 - 11 - 12 - 13 - 15 - 16 - 17 - 20 - 21 - 25 - 28 - 36 - 37 - 38 - 42 - 44 - 45 - 50 - 51 - 53 - 54 - 56 - 58 - 60 - 61 - 62 - 63 - 64 - 65 - 67 - 68 - 69 - 71 - 72 - 75 - 76 - 78 - 80 - 84 - 86 - 87 - 90 - 91 - 94 - 95 - 96 - 97 - 98 - 99 - 100 - 103 - 105 - 107 - 108 - 109 - 110 - 111 - 113 - 114 - 115 - 116 - 118 - 120 - 123 - 124 - 125 - 128 - 129 - 131 - 132 - 135 - 137 - 139 - 140 - 142 - 144 - 145 - 146 - 147 - 148 - 150 - 151 - 152 - 154 - 155 - 157 - 158 - 159 - 160 - 163 - 164 - 165 - 166 - 167 - 170 - 174 - 175 - 178 - 179 - 180 - 181 - 182 - 183 - 184 - 185 - 186 - 187 - 188 - 189 - 190 - 192 - 193 - 195 - 197 - 203 - 204 - 210 - 211 - 212 - 214 - 216 - 217 - 218 - 221 - 225 - 228 - 229 - 230 - 231 - 233 - 235 - 237 - 238 - 239 - 241 - 242 - 246 - 248 - 250 - 254 - 255 - 257 - 258 - 259 - 262 - 263 - 266 - 267 - 268 - 269 - 270 - 272 - 274 - 275 - 276 - 277 - 280 - 281 - 283 - 284 - 288 - 289 - 290 - 292 - 294 - 295 - 297 - 299 - 300 - 301 - 302 - 303 - 305 - 306 - 307 - 309 - 311 - 312 - 313 - 316 - 318 - 321 - 322 - 323 - 324 - 325 - 327 - 328 - 329 - 331 - 333 - 337 - 338 - 343 - 344 - 347 - 349 - 354 - 355 - 356 - 360 - 362 - 363 - 364 - 365 - 366 - 369 - 370 - 371 - 372 - 373 - 374 - 375 - 377 - 379 - 380 - 382 - 384 - 385 - 387 - 388 - 389 - 390 - 392 - 393 - 397 - 400 - 402 - 404 - 405 - 406 - 409 - 411 - 413 - 414 - 415 - 416 - 418 - 419 - 420 - 421 - 422 - 424 - 426 - 427 - 428 - 429 - 430 - 432 - 434 - 435 - 436 - 437 - 438 - 440 - 441 - 442 - 445 - 446 - 448 - 450 - 454 - 456 - 460 - 463 - 464 - 468 - 469 - 470 - 471 - 472 - 473 - 474 - 476 - 477 - 480 - 481 - 485 - 488 - 490 - 492 - 494 - 495 - 496,20819685.3,0.0,98261,100816,72.14,Cost: 98261 & Capacity: 100816
0 - 4 - 9 - 10 - 11 - 12 - 13 - 16 - 21 - 25 - 29 - 37 - 38 - 39 - 44 - 45 - 49 - 50 - 51 - 53 - 54 - 60 - 61 - 63 - 64 - 65 - 66 - 68 - 69 - 71 - 72 - 75 - 79 - 80 - 81 - 84 - 86 - 87 - 88 - 90 - 91 - 94 - 95 - 96 - 97 - 98 - 99 - 100 - 105 - 107 - 108 - 110 - 111 - 113 - 114 - 115 - 116 - 118 - 120 - 123 - 124 - 125 - 127 - 128 - 132 - 136 - 137 - 139 - 140 - 142 - 144 - 145 - 146 - 147 - 149 - 150 - 152 - 154 - 156 - 157 - 158 - 159 - 160 - 161 - 162 - 163 - 164 - 166 - 170 - 171 - 174 - 176 - 178 - 179 - 181 - 183 - 184 - 185 - 187 - 188 - 189 - 190 - 192 - 193 - 195 - 201 - 204 - 209 - 210 - 211 - 212 - 215 - 217 - 220 - 221 - 223 - 225 - 230 - 231 - 233 - 235 - 237 - 238 - 246 - 247 - 254 - 255 - 257 - 258 - 262 - 266 - 267 - 269 - 270 - 273 - 277 - 283 - 284 - 288 - 289 - 290 - 292 - 294 - 297 - 300 - 301 - 302 - 303 - 305 - 306 - 312 - 313 - 314 - 316 - 317 - 318 - 322 - 323 - 324 - 325 - 326 - 328 - 330 - 331 - 333 - 337 - 338 - 342 - 347 - 356 - 358 - 360 - 362 - 363 - 366 - 370 - 371 - 372 - 374 - 375 - 377 - 380 - 382 - 383 - 385 - 388 - 389 - 390 - 392 - 393 - 394 - 395 - 397 - 398 - 400 - 401 - 403 - 406 - 407 - 409 - 410 - 411 - 415 - 416 - 418 - 419 - 420 - 423 - 424 - 426 - 427 - 428 - 429 - 430 - 432 - 434 - 435 - 436 - 437 - 438 - 441 - 442 - 450 - 454 - 459 - 460 - 462 - 464 - 465 - 470 - 471 - 472 - 474 - 476 - 477 - 480 - 481 - 484 - 485 - 488 - 489 - 491 - 492 - 494 - 495 - 496 - 497 - 499,15419913.3,3.5,98218,94185,75.5,Cost: 98218 & Capacity: 94185
4 - 12 - 18 - 25 - 29 - 36 - 38 - 44 - 53 - 64 - 68 - 72 - 75 - 86 - 88 - 94 - 95 - 98 - 107 - 111 - 117 - 118 - 125 - 127 - 128 - 129 - 134 - 136 - 137 - 144 - 145 - 146 - 147 - 149 - 154 - 155 - 156 - 163 - 164 - 166 - 168 - 178 - 179 - 180 - 189 - 190 - 192 - 194 - 207 - 209 - 212 - 215 - 218 - 221 - 224 - 227 - 231 - 232 - 233 - 234 - 235 - 237 - 247 - 249 - 251 - 252 - 255 - 261 - 262 - 271 - 272 - 273 - 277 - 279 - 281 - 284 - 285 - 286 - 287 - 294 - 298 - 302 - 311 - 317 - 322 - 323 - 333 - 336 - 338 - 343 - 345 - 346 - 347 - 350 - 352 - 356 - 359 - 361 - 364 - 366 - 367 - 369 - 371 - 372 - 373 - 381 - 386 - 387 - 388 - 390 - 391 - 393 - 395 - 397 - 403 - 406 - 407 - 408 - 409 - 411 - 415 - 427 - 432 - 433 - 436 - 437 - 438 - 441 - 446 - 451 - 453 - 461 - 463 - 464 - 465 - 470 - 471 - 472 - 473 - 474 - 476 - 477 - 484 - 485 - 489 - 492 - 497 - 499,5563023.2,16.3,93173,73099,76.76,Cost: 93173 & Capacity: 73099
0 - 2 - 4 - 9 - 10 - 13 - 15 - 16 - 17 - 20 - 21 - 28 - 34 - 36 - 37 - 38 - 42 - 43 - 44 - 45 - 50 - 51 - 53 - 54 - 56 - 58 - 59 - 60 - 61 - 62 - 63 - 64 - 65 - 67 - 68 - 69 - 71 - 72 - 75 - 76 - 78 - 80 - 84 - 86 - 87 - 90 - 91 - 94 - 95 - 96 - 97 - 98 - 99 - 100 - 103 - 105 - 107 - 108 - 109 - 110 - 111 - 114 - 115 - 116 - 118 - 120 - 123 - 124 - 125 - 128 - 129 - 131 - 132 - 135 - 137 - 140 - 142 - 144 - 145 - 146 - 147 - 148 - 150 - 151 - 152 - 154 - 155 - 158 - 159 - 160 - 163 - 164 - 165 - 166 - 167 - 170 - 174 - 175 - 178 - 179 - 180 - 181 - 182 - 183 - 184 - 185 - 186 - 187 - 188 - 189 - 190 - 192 - 193 - 195 - 197 - 200 - 203 - 204 - 206 - 210 - 211 - 212 - 214 - 215 - 216 - 217 - 218 - 221 - 225 - 228 - 229 - 230 - 231 - 233 - 235 - 237 - 238 - 239 - 241 - 242 - 246 - 248 - 250 - 254 - 255 - 257 - 258 - 259 - 262 - 263 - 266 - 267 - 268 - 269 - 270 - 272 - 274 - 275 - 276 - 277 - 280 - 281 - 283 - 284 - 288 - 289 - 290 - 292 - 294 - 295 - 297 - 299 - 300 - 301 - 302 - 303 - 305 - 306 - 307 - 309 - 311 - 312 - 313 - 316 - 318 - 322 - 323 - 324 - 325 - 327 - 328 - 329 - 331 - 333 - 335 - 337 - 338 - 343 - 344 - 347 - 349 - 354 - 355 - 356 - 360 - 362 - 363 - 364 - 365 - 366 - 369 - 370 - 371 - 372 - 373 - 374 - 375 - 377 - 379 - 380 - 382 - 384 - 385 - 387 - 388 - 389 - 390 - 392 - 393 - 397 - 400 - 402 - 404 - 405 - 406 - 409 - 411 - 413 - 414 - 415 - 416 - 418 - 419 - 420 - 421 - 422 - 424 - 426 - 427 - 428 - 429 - 430 - 432 - 434 - 435 - 437 - 438 - 440 - 441 - 442 - 445 - 446 - 448 - 450 - 454 - 456 - 458 - 460 - 463 - 464 - 466 - 468 - 469 - 470 - 472 - 473 - 474 - 476 - 477 - 480 - 481 - 485 - 488 - 490 - 492 - 494 - 495 - 496,20734184.1,0.0,97509,99866,76.91,Cost: 97509 & Capacity: 99866
0 - 2 - 4 - 9 - 10 - 11 - 12 - 13 - 15 - 16 - 17 - 20 - 21 - 25 - 28 - 36 - 37 - 38 - 42 - 44 - 45 - 50 - 51 - 53 - 54 - 56 - 58 - 60 - 61 - 62 - 63 - 64 - 65 - 67 - 68 - 69 - 71 - 72 - 75 - 76 - 78 - 80 - 84 - 86 - 87 - 90 - 91 - 94 - 95 - 96 - 97 - 98 - 99 - 100 - 103 - 105 - 107 - 108 - 109 - 110 - 111 - 113 - 114 - 115 - 116 - 118 - 120 - 123 - 124 - 125 - 128 - 129 - 131 - 132 - 135 - 137 - 139 - 140 - 142 - 144 - 145 - 146 - 147 - 148 - 150 - 151 - 152 - 154 - 155 - 157 - 158 - 159 - 160 - 163 - 164 - 165 - 166 - 167 - 170 - 174 - 175 - 178 - 179 - 180 - 181 - 182 - 183 - 184 - 185 - 186 - 187 - 188 - 189 - 190 - 192 - 193 - 195 - 197 - 203 - 204 - 210 - 211 - 212 - 214 - 216 - 217 - 218 - 221 - 225 - 228 - 229 - 230 - 231 - 233 - 235 - 237 - 238 - 239 - 241 - 242 - 246 - 248 - 250 - 254 - 255 - 257 - 258 - 259 - 262 - 263 - 266 - 267 - 268 - 269 - 270 - 272 - 274 - 275 - 276 - 277 - 280 - 281 - 283 - 284 - 288 - 289 - 290 - 292 - 294 - 295 - 297 - 299 - 300 - 301 - 302 - 303 - 305 - 306 - 307 - 309 - 311 - 312 - 313 - 316 - 318 - 321 - 322 - 323 - 324 - 325 - 327 - 328 - 329 - 331 - 333 - 337 - 338 - 343 - 344 - 347 - 349 - 354 - 355 - 356 - 360 - 362 - 363 - 364 - 365 - 366 - 369 - 370 - 371 - 372 - 373 - 374 - 375 - 377 - 379 - 380 - 382 - 384 - 385 - 387 - 388 - 389 - 390 - 392 - 393 - 397 - 400 - 402 - 404 - 405 - 406 - 409 - 411 - 413 - 414 - 415 - 416 - 418 - 419 - 420 - 421 - 422 - 424 - 426 - 427 - 428 - 429 - 430 - 432 - 434 - 435 - 436 - 437 - 438 - 440 - 441 - 442 - 445 - 446 - 448 - 450 - 454 - 456 - 460 - 463 - 464 - 468 - 469 - 470 - 471 - 472 - 473 - 474 - 476 - 477 - 480 - 481 - 485 - 488 - 490 - 492 - 494 - 495 - 496,20819685.3,0.0,98261,100816,77.1,Cost: 98261 & Capacity: 100816
0 - 4 - 11 - 12 - 14 - 16 - 21 - 25 - 29 - 35 - 37 - 44 - 47 - 49 - 50 - 53 - 54 - 58 - 60 - 62 - 64 - 65 - 67 - 68 - 69 - 72 - 74 - 77 - 79 - 80 - 81 - 85 - 86 - 87 - 88 - 91 - 94 - 95 - 98 - 100 - 101 - 103 - 107 - 110 - 113 - 114 - 115 - 116 - 118 - 120 - 123 - 124 - 126 - 127 - 128 - 129 - 131 - 132 - 137 - 140 - 147 - 149 - 150 - 154 - 157 - 161 - 162 - 163 - 164 - 169 - 170 - 171 - 172 - 179 - 181 - 183 - 185 - 186 - 187 - 190 - 192 - 193 - 194 - 195 - 201 - 202 - 204 - 207 - 209 - 212 - 214 - 217 - 218 - 223 - 231 - 233 - 235 - 237 - 247 - 252 - 254 - 255 - 258 - 259 - 262 - 263 - 266 - 267 - 268 - 269 - 273 - 277 - 280 - 281 - 283 - 284 - 288 - 292 - 294 - 297 - 300 - 302 - 303 - 305 - 306 - 307 - 309 - 312 - 313 - 315 - 317 - 320 - 322 - 323 - 324 - 326 - 327 - 328 - 329 - 331 - 333 - 337 - 338 - 341 - 343 - 344 - 345 - 356 - 358 - 360 - 363 - 366 - 370 - 372 - 374 - 377 - 381 - 382 - 383 - 384 - 388 - 389 - 390 - 393 - 395 - 399 - 400 - 403 - 404 - 406 - 407 - 410 - 411 - 414 - 415 - 416 - 418 - 421 - 428 - 429 - 430 - 432 - 434 - 435 - 436 - 437 - 438 - 442 - 444 - 445 - 446 - 450 - 454 - 456 - 459 - 460 - 464 - 468 - 470 - 472 - 474 - 476 - 477 - 478 - 480 - 481 - 484 - 488 - 489 - 494 - 497 - 499,11363892.4,6.0,98202,92027,77.86,Cost: 98202 & Capacity: 92027
0 - 2 - 4 - 9 - 10 - 13 - 14 - 15 - 16 - 17 - 20 - 21 - 34 - 35 - 36 - 37 - 42 - 43 - 44 - 45 - 50 - 51 - 53 - 54 - 56 - 60 - 61 - 62 - 63 - 64 - 65 - 67 - 68 - 69 - 71 - 72 - 75 - 78 - 80 - 84 - 86 - 87 - 90 - 91 - 93 - 94 - 95 - 97 - 98 - 99 - 100 - 103 - 105 - 107 - 108 - 109 - 110 - 111 - 113 - 114 - 115 - 116 - 118 - 120 - 123 - 124 - 125 - 128 - 131 - 132 - 136 - 137 - 139 - 142 - 144 - 145 - 146 - 147 - 148 - 150 - 151 - 152 - 154 - 155 - 156 - 158 - 159 - 160 - 161 - 163 - 164 - 165 - 166 - 167 - 174 - 175 - 179 - 181 - 182 - 183 - 184 - 185 - 186 - 188 - 189 - 190 - 192 - 193 - 195 - 197 - 201 - 203 - 204 - 210 - 212 - 216 - 217 - 218 - 221 - 223 - 225 - 229 - 230 - 231 - 233 - 235 - 238 - 239 - 241 - 242 - 246 - 247 - 248 - 250 - 254 - 255 - 257 - 258 - 259 - 262 - 266 - 267 - 270 - 272 - 274 - 276 - 277 - 280 - 281 - 283 - 284 - 288 - 289 - 290 - 292 - 294 - 297 - 299 - 300 - 301 - 302 - 303 - 305 - 306 - 307 - 309 - 312 - 315 - 316 - 318 - 321 - 322 - 323 - 324 - 325 - 328 - 329 - 331 - 333 - 334 - 335 - 337 - 338 - 342 - 343 - 344 - 347 - 349 - 354 - 355 - 356 - 358 - 360 - 362 - 363 - 364 - 366 - 369 - 370 - 372 - 373 - 374 - 375 - 379 - 382 - 383 - 385 - 388 - 389 - 390 - 392 - 393 - 397 - 398 - 400 - 404 - 405 - 406 - 410 - 411 - 413 - 414 - 416 - 418 - 419 - 420 - 421 - 424 - 426 - 427 - 428 - 429 - 430 - 432 - 434 - 435 - 438 - 440 - 441 - 442 - 446 - 448 - 450 - 454 - 460 - 463 - 464 - 468 - 469 - 470 - 472 - 474 - 476 - 477 - 480 - 481 - 485 - 488 - 492 - 494 - 495 - 496 - 499,17330799.2,0.6,91525,102006,79.22,Cost: 91525 & Capacity: 102006
0 - 2 - 4 - 9 - 10 - 11 - 12 - 13 - 15 - 16 - 17 - 20 - 21 - 25 - 28 - 36 - 37 - 38 - 42 - 44 - 45 - 50 - 51 - 53 - 54 - 56 - 58 - 60 - 61 - 62 - 63 - 64 - 65 - 67 - 68 - 69 - 71 - 72 - 75 - 76 - 78 - 80 - 84 - 86 - 87 - 90 - 91 - 94 - 95 - 96 - 97 - 98 - 99 - 100 - 103 - 105 - 107 - 108 - 109 - 110 - 111 - 113 - 114 - 115 - 116 - 118 - 120 - 123 - 124 - 125 - 128 - 129 - 131 - 132 - 135 - 137 - 139 - 140 - 142 - 144 - 145 - 146 - 147 - 148 - 150 - 151 - 152 - 154 - 155 - 157 - 158 - 159 - 160 - 163 - 164 - 165 - 166 - 167 - 170 - 174 - 175 - 178 - 179 - 180 - 181 - 182 - 183 - 184 - 185 - 186 - 187 - 188 - 189 - 190 - 192 - 193 - 195 - 197 - 203 - 204 - 210 - 211 - 212 - 214 - 216 - 217 - 218 - 221 - 225 - 228 - 229 - 230 - 231 - 233 - 235 - 237 - 238 - 239 - 241 - 242 - 246 - 248 - 250 - 254 - 255 - 257 - 258 - 259 - 262 - 263 - 266 - 267 - 268 - 269 - 270 - 272 - 274 - 275 - 276 - 277 - 280 - 281 - 283 - 284 - 288 - 289 - 290 - 292 - 294 - 295 - 297 - 299 - 300 - 301 - 302 - 303 - 305 - 306 - 307 - 309 - 311 - 312 - 313 - 316 - 318 - 321 - 322 - 323 - 324 - 325 - 327 - 328 - 329 - 331 - 333 - 337 - 338 - 343 - 344 - 347 - 349 - 354 - 355 - 356 - 360 - 362 - 363 - 364 - 365 - 366 - 369 - 370 - 371 - 372 - 373 - 374 - 375 - 377 - 379 - 380 - 382 - 384 - 385 - 387 - 388 - 389 - 390 - 392 - 393 - 397 - 400 - 402 - 404 - 405 - 406 - 409 - 411 - 413 - 414 - 415 - 416 - 418 - 419 - 420 - 421 - 422 - 424 - 426 - 427 - 428 - 429 - 430 - 432 - 434 - 435 - 436 - 437 - 438 - 440 - 441 - 442 - 445 - 446 - 448 - 450 - 454 - 456 - 460 - 463 - 464 - 468 - 469 - 470 - 471 - 472 - 473 - 474 - 476 - 477 - 480 - 481 - 485 - 488 - 490 - 492 - 494 - 495 - 496,20819685.3,0.0,98261,100816,82.17,Cost: 98261 & Capacity: 100816
0 - 2 - 4 - 9 - 10 - 12 - 13 - 15 - 16 - 17 - 20 - 21 - 28 - 34 - 36 - 37 - 38 - 42 - 43 - 44 - 45 - 50 - 51 - 53 - 54 - 56 - 58 - 59 - 60 - 61 - 62 - 63 - 64 - 65 - 67 - 68 - 69 - 71 - 72 - 75 - 76 - 78 - 80 - 84 - 86 - 87 - 90 - 91 - 94 - 95 - 96 - 97 - 98 - 99 - 100 - 103 - 105 - 107 - 108 - 109 - 110 - 111 - 114 - 115 - 116 - 118 - 120 - 123 - 124 - 125 - 128 - 129 - 131 - 132 - 135 - 137 - 140 - 142 - 144 - 145 - 146 - 147 - 148 - 150 - 151 - 152 - 154 - 155 - 158 - 159 - 160 - 163 - 164 - 165 - 166 - 167 - 170 - 174 - 175 - 178 - 179 - 180 - 181 - 182 - 183 - 184 - 185 - 186 - 187 - 188 - 189 - 190 - 192 - 193 - 195 - 197 - 200 - 203 - 204 - 210 - 211 - 212 - 214 - 215 - 216 - 217 - 218 - 221 - 225 - 228 - 229 - 230 - 231 - 233 - 235 - 237 - 238 - 239 - 241 - 242 - 246 - 248 - 250 - 254 - 255 - 257 - 258 - 259 - 262 - 263 - 266 - 267 - 268 - 269 - 270 - 272 - 274 - 275 - 276 - 277 - 280 - 281 - 283 - 284 - 288 - 289 - 290 - 292 - 294 - 295 - 297 - 299 - 300 - 301 - 302 - 303 - 305 - 306 - 307 - 309 - 311 - 312 - 313 - 316 - 318 - 322 - 323 - 324 - 325 - 327 - 328 - 329 - 331 - 333 - 335 - 337 - 338 - 343 - 344 - 347 - 349 - 354 - 355 - 356 - 360 - 362 - 363 - 364 - 365 - 366 - 369 - 370 - 371 - 372 - 373 - 374 - 375 - 377 - 379 - 380 - 382 - 384 - 385 - 387 - 388 - 389 - 390 - 392 - 393 - 397 - 400 - 402 - 404 - 405 - 406 - 409 - 411 - 413 - 414 - 415 - 416 - 418 - 419 - 420 - 421 - 422 - 424 - 426 - 427 - 428 - 429 - 430 - 432 - 434 - 435 - 437 - 438 - 440 - 441 - 442 - 445 - 446 - 448 - 450 - 454 - 456 - 458 - 460 - 463 - 464 - 466 - 468 - 469 - 470 - 471 - 472 - 473 - 474 - 476 - 477 - 480 - 481 - 485 - 488 - 490 - 492 - 494 - 495 - 496,20886288.2,0.0,98263,100577,82.2,Cost: 98263 & Capacity: 100577
0 - 2 - 4 - 9 - 10 - 12 - 13 - 15 - 16 - 17 - 20 - 21 - 28 - 34 - 36 - 37 - 38 - 42 - 43 - 44 - 45 - 50 - 51 - 53 - 54 - 56 - 58 - 59 - 60 - 61 - 62 - 63 - 64 - 65 - 67 - 68 - 69 - 71 - 72 - 75 - 76 - 78 - 80 - 84 - 86 - 87 - 90 - 91 - 94 - 95 - 96 - 97 - 98 - 99 - 100 - 103 - 105 - 107 - 108 - 109 - 110 - 111 - 114 - 115 - 116 - 118 - 120 - 123 - 124 - 125 - 128 - 129 - 131 - 132 - 135 - 137 - 140 - 142 - 144 - 145 - 146 - 147 - 148 - 150 - 151 - 152 - 154 - 155 - 158 - 159 - 160 - 163 - 164 - 165 - 166 - 167 - 170 - 174 - 175 - 178 - 179 - 180 - 181 - 182 - 183 - 184 - 185 - 186 - 187 - 188 - 189 - 190 - 192 - 193 - 195 - 197 - 200 - 203 - 204 - 210 - 211 - 212 - 214 - 215 - 216 - 217 - 218 - 221 - 225 - 228 - 229 - 230 - 231 - 233 - 235 - 237 - 238 - 239 - 241 - 242 - 246 - 248 - 250 - 254 - 255 - 257 - 258 - 259 - 262 - 263 - 266 - 267 - 268 - 269 - 270 - 272 - 274 - 275 - 276 - 277 - 280 - 281 - 283 - 284 - 288 - 289 - 290 - 292 - 294 - 295 - 297 - 299 - 300 - 301 - 302 - 303 - 305 - 306 - 307 - 309 - 311 - 312 - 313 - 316 - 318 - 322 - 323 - 324 - 325 - 327 - 328 - 329 - 331 - 333 - 335 - 337 - 338 - 343 - 344 - 347 - 349 - 354 - 355 - 356 - 360 - 362 - 363 - 364 - 365 - 366 - 369 - 370 - 371 - 372 - 373 - 374 - 375 - 377 - 379 - 380 - 382 - 384 - 385 - 387 - 388 - 389 - 390 - 392 - 393 - 397 - 400 - 402 - 404 - 405 - 406 - 409 - 411 - 413 - 414 - 415 - 416 - 418 - 419 - 420 - 421 - 422 - 424 - 426 - 427 - 428 - 429 - 430 - 432 - 434 - 435 - 437 - 438 - 440 - 441 - 442 - 445 - 446 - 448 - 450 - 454 - 456 - 458 - 460 - 463 - 464 - 466 - 468 - 469 - 470 - 472 - 473 - 474 - 476 - 477 - 480 - 481 - 485 - 488 - 490 - 492 - 494 - 495 - 496,20737916.5,0.0,97510,99942,82.74,Cost: 97510 & Capacity: 99942
0 - 2 - 4 - 9 - 10 - 11 - 12 - 13 - 15 - 16 - 17 - 20 - 21 - 25 - 28 - 36 - 37 - 38 - 42 - 44 - 45 - 50 - 51 - 53 - 54 - 56 - 58 - 60 - 61 - 62 - 63 - 64 - 65 - 67 - 68 - 69 - 71 - 72 - 75 - 76 - 78 - 80 - 84 - 86 - 87 - 90 - 91 - 94 - 95 - 96 - 97 - 98 - 99 - 100 - 103 - 105 - 107 - 108 - 109 - 110 - 111 - 113 - 114 - 115 - 116 - 118 - 120 - 123 - 124 - 125 - 128 - 129 - 131 - 132 - 135 - 137 - 139 - 140 - 142 - 144 - 145 - 146 - 147 - 148 - 150 - 151 - 152 - 154 - 155 - 157 - 158 - 159 - 160 - 163 - 164 - 165 - 166 - 167 - 170 - 174 - 175 - 178 - 179 - 180 - 181 - 182 - 183 - 184 - 185 - 186 - 187 - 188 - 189 - 190 - 192 - 193 - 195 - 197 - 203 - 204 - 210 - 211 - 212 - 214 - 216 - 217 - 218 - 221 - 225 - 228 - 229 - 230 - 231 - 233 - 235 - 237 - 238 - 239 - 241 - 242 - 246 - 248 - 250 - 254 - 255 - 257 - 258 - 259 - 262 - 263 - 266 - 267 - 268 - 269 - 270 - 272 - 274 - 275 - 276 - 277 - 280 - 281 - 283 - 284 - 288 - 289 - 290 - 292 - 294 - 295 - 297 - 299 - 300 - 301 - 302 - 303 - 305 - 306 - 307 - 309 - 311 - 312 - 313 - 316 - 318 - 321 - 322 - 323 - 324 - 325 - 327 - 328 - 329 - 331 - 333 - 337 - 338 - 343 - 344 - 347 - 349 - 354 - 355 - 356 - 360 - 362 - 363 - 364 - 365 - 366 - 369 - 370 - 371 - 372 - 373 - 374 - 375 - 377 - 379 - 380 - 382 - 384 - 385 - 387 - 388 - 389 - 390 - 392 - 393 - 397 - 400 - 402 - 404 - 405 - 406 - 409 - 411 - 413 - 414 - 415 - 416 - 418 - 419 - 420 - 421 - 422 - 424 - 426 - 427 - 428 - 429 - 430 - 432 - 434 - 435 - 436 - 437 - 438 - 440 - 441 - 442 - 445 - 446 - 448 - 450 - 454 - 456 - 460 - 463 - 464 - 468 - 469 - 470 - 471 - 472 - 473 - 474 - 476 - 477 - 480 - 481 - 485 - 488 - 490 - 492 - 494 - 495 - 496,20819685.3,0.0,98261,100816,86.99,Cost: 98261 & Capacity: 100816
0 - 2 - 4 - 9 - 10 - 11 - 12 - 13 - 15 - 16 - 17 - 20 - 21 - 25 - 28 - 36 - 37 - 38 - 42 - 44 - 45 - 50 - 51 - 53 - 54 - 56 - 58 - 60 - 61 - 62 - 63 - 64 - 65 - 67 - 68 - 69 - 71 - 72 - 75 - 76 - 78 - 80 - 84 - 86 - 87 - 90 - 91 - 94 - 95 - 96 - 97 - 98 - 99 - 100 - 103 - 105 - 107 - 108 - 109 - 110 - 111 - 113 - 114 - 115 - 116 - 118 - 120 - 123 - 124 - 125 - 128 - 129 - 131 - 132 - 135 - 137 - 139 - 140 - 142 - 144 - 145 - 146 - 147 - 148 - 150 - 151 - 152 - 154 - 155 - 157 - 158 - 159 - 160 - 163 - 164 - 165 - 166 - 167 - 170 - 174 - 175 - 178 - 179 - 180 - 181 - 182 - 183 - 184 - 185 - 186 - 187 - 188 - 189 - 190 - 192 - 193 - 195 - 197 - 203 - 204 - 210 - 211 - 212 - 214 - 216 - 217 - 218 - 221 - 225 - 228 - 229 - 230 - 231 - 233 - 235 - 237 - 238 - 239 - 241 - 242 - 246 - 248 - 250 - 254 - 255 - 257 - 258 - 259 - 262 - 263 - 266 - 267 - 268 - 269 - 270 - 272 - 274 - 275 - 276 - 277 - 280 - 281 - 283 - 284 - 288 - 289 - 290 - 292 - 294 - 295 - 297 - 299 - 300 - 301 - 302 - 303 - 305 - 306 - 307 - 309 - 311 - 312 - 313 - 316 - 318 - 321 - 322 - 323 - 324 - 325 - 327 - 328 - 329 - 331 - 333 - 337 - 338 - 343 - 344 - 347 - 349 - 354 - 355 - 356 - 360 - 362 - 363 - 364 - 365 - 366 - 369 - 370 - 371 - 372 - 373 - 374 - 375 - 377 - 379 - 380 - 382 - 384 - 385 - 387 - 388 - 389 - 390 - 392 - 393 - 397 - 400 - 402 - 404 - 405 - 406 - 409 - 411 - 413 - 414 - 415 - 416 - 418 - 419 - 420 - 421 - 422 - 424 - 426 - 427 - 428 - 429 - 430 - 432 - 434 - 435 - 436 - 437 - 438 - 440 - 441 - 442 - 445 - 446 - 448 - 450 - 454 - 456 - 460 - 463 - 464 - 468 - 469 - 470 - 471 - 472 - 473 - 474 - 476 - 477 - 480 - 481 - 485 - 488 - 490 - 492 - 494 - 495 - 496,20819685.3,0.0,98261,100816,87.74,Cost: 98261 & Capacity: 100816
0 - 2 - 4 - 9 - 10 - 11 - 12 - 13 - 15 - 16 - 17 - 20 - 21 - 25 - 28 - 36 - 37 - 38 - 42 - 44 - 45 - 50 - 51 - 53 - 54 - 56 - 58 - 60 - 61 - 62 - 63 - 64 - 65 - 67 - 68 - 69 - 71 - 72 - 75 - 76 - 78 - 80 - 84 - 86 - 87 - 90 - 91 - 94 - 95 - 96 - 97 - 98 - 99 - 100 - 103 - 105 - 107 - 108 - 109 - 110 - 111 - 113 - 114 - 115 - 116 - 118 - 120 - 123 - 124 - 125 - 128 - 129 - 131 - 132 - 135 - 137 - 139 - 140 - 142 - 144 - 145 - 146 - 147 - 148 - 150 - 151 - 152 - 154 - 155 - 157 - 158 - 159 - 160 - 163 - 164 - 165 - 166 - 167 - 170 - 174 - 175 - 178 - 179 - 180 - 181 - 182 - 183 - 184 - 185 - 186 - 187 - 188 - 189 - 190 - 192 - 193 - 195 - 197 - 203 - 204 - 210 - 211 - 212 - 214 - 216 - 217 - 218 - 221 - 225 - 228 - 229 - 230 - 231 - 233 - 235 - 237 - 238 - 239 - 241 - 242 - 246 - 248 - 250 - 254 - 255 - 257 - 258 - 259 - 262 - 263 - 266 - 267 - 268 - 269 - 270 - 272 - 274 - 275 - 276 - 277 - 280 - 281 - 283 - 284 - 288 - 289 - 290 - 292 - 294 - 295 - 297 - 299 - 300 - 301 - 302 - 303 - 305 - 306 - 307 - 309 - 311 - 312 - 313 - 316 - 318 - 321 - 322 - 323 - 324 - 325 - 327 - 328 - 329 - 331 - 333 - 337 - 338 - 343 - 344 - 347 - 349 - 354 - 355 - 356 - 360 - 362 - 363 - 364 - 365 - 366 - 369 - 370 - 371 - 372 - 373 - 374 - 375 - 377 - 379 - 380 - 382 - 384 - 385 - 387 - 388 - 389 - 390 - 392 - 393 - 397 - 400 - 402 - 404 - 405 - 406 - 409 - 411 - 413 - 414 - 415 - 416 - 418 - 419 - 420 - 421 - 422 - 424 - 426 - 427 - 428 - 429 - 430 - 432 - 434 - 435 - 436 - 437 - 438 - 440 - 441 - 442 - 445 - 446 - 448 - 450 - 454 - 456 - 460 - 463 - 464 - 468 - 469 - 470 - 471 - 472 - 473 - 474 - 476 - 477 - 480 - 481 - 485 - 488 - 490 - 492 - 494 - 495 - 496,20819685.3,0.0,98261,100816,90.55,Cost: 98261 & Capacity: 100816
0 - 2 - 4 - 9 - 10 - 11 - 12 - 13 - 15 - 16 - 17 - 20 - 21 - 25 - 28 - 36 - 37 - 38 - 42 - 44 - 45 - 50 - 51 - 53 - 54 - 56 - 58 - 60 - 61 - 62 - 63 - 64 - 65 - 67 - 68 - 69 - 71 - 72 - 75 - 76 - 78 - 80 - 84 - 86 - 87 - 90 - 91 - 94 - 95 - 96 - 97 - 98 - 99 - 100 - 103 - 105 - 107 - 108 - 109 - 110 - 111 - 113 - 114 - 115 - 116 - 118 - 120 - 123 - 124 - 125 - 128 - 129 - 131 - 132 - 135 - 137 - 139 - 140 - 142 - 144 - 145 - 146 - 147 - 148 - 150 - 151 - 152 - 154 - 155 - 157 - 158 - 159 - 160 - 163 - 164 - 165 - 166 - 167 - 170 - 174 - 175 - 178 - 179 - 180 - 181 - 182 - 183 - 184 - 185 - 186 - 187 - 188 - 189 - 190 - 192 - 193 - 195 - 197 - 203 - 204 - 210 - 211 - 212 - 214 - 216 - 217 - 218 - 221 - 225 - 228 - 229 - 230 - 231 - 233 - 235 - 237 - 238 - 239 - 241 - 242 - 246 - 248 - 250 - 254 - 255 - 257 - 258 - 259 - 262 - 263 - 266 - 267 - 268 - 269 - 270 - 272 - 274 - 275 - 276 - 277 - 280 - 281 - 283 - 284 - 288 - 289 - 290 - 292 - 294 - 295 - 297 - 299 - 300 - 301 - 302 - 303 - 305 - 306 - 307 - 309 - 311 - 312 - 313 - 316 - 318 - 321 - 322 - 323 - 324 - 325 - 327 - 328 - 329 - 331 - 333 - 337 - 338 - 343 - 344 - 347 - 349 - 354 - 355 - 356 - 360 - 362 - 363 - 364 - 365 - 366 - 369 - 370 - 371 - 372 - 373 - 374 - 375 - 377 - 379 - 380 - 382 - 384 - 385 - 387 - 388 - 389 - 390 - 392 - 393 - 397 - 400 - 402 - 404 - 405 - 406 - 409 - 411 - 413 - 414 - 415 - 416 - 418 - 419 - 420 - 421 - 422 - 424 - 426 - 427 - 428 - 429 - 430 - 432 - 434 - 435 - 436 - 437 - 438 - 440 - 441 - 442 - 445 - 446 - 448 - 450 - 454 - 456 - 460 - 463 - 464 - 468 - 469 - 470 - 471 - 472 - 473 - 474 - 476 - 477 - 480 - 481 - 485 - 488 - 490 - 492 - 494 - 495 - 496,20819685.3,0.0,98261,100816,90.91,Cost: 98261 & Capacity: 100816
8 - 17 - 18 - 22 - 29 - 36 - 37 - 40 - 44 - 45 - 48 - 49 - 54 - 58 - 62 - 64 - 66 - 68 - 69 - 72 - 73 - 75 - 80 - 81 - 82 - 84 - 89 - 91 - 94 - 95 - 101 - 106 - 107 - 111 - 122 - 128 - 133 - 134 - 136 - 137 - 139 - 144 - 147 - 149 - 155 - 156 - 158 - 159 - 166 - 168 - 170 - 171 - 176 - 179 - 180 - 187 - 190 - 199 - 203 - 207 - 208 - 210 - 215 - 223 - 224 - 225 - 227 - 229 - 232 - 233 - 249 - 252 - 262 - 263 - 265 - 266 - 268 - 269 - 272 - 273 - 276 - 277 - 279 - 284 - 285 - 287 - 288 - 289 - 291 - 292 - 297 - 299 - 301 - 303 - 306 - 316 - 323 - 327 - 328 - 331 - 332 - 333 - 334 - 336 - 338 - 343 - 345 - 349 - 352 - 356 - 361 - 366 - 368 - 369 - 371 - 372 - 373 - 374 - 382 - 384 - 387 - 388 - 390 - 393 - 395 - 403 - 404 - 409 - 415 - 416 - 421 - 427 - 432 - 433 - 437 - 440 - 442 - 444 - 449 - 452 - 453 - 459 - 461 - 464 - 468 - 470 - 473 - 474 - 476 - 477 - 478 - 480 - 485 - 488 - 489 - 493 - 499,6217107.8,15.0,98091,79024,92.03,Cost: 98091 & Capacity: 79024
0 - 2 - 4 - 9 - 10 - 11 - 12 - 13 - 15 - 16 - 17 - 20 - 21 - 25 - 28 - 36 - 37 - 38 - 42 - 44 - 45 - 50 - 51 - 53 - 54 - 56 - 58 - 60 - 61 - 62 - 63 - 64 - 65 - 67 - 68 - 69 - 71 - 72 - 75 - 76 - 78 - 80 - 84 - 86 - 87 - 90 - 91 - 94 - 95 - 96 - 97 - 98 - 99 - 100 - 103 - 105 - 107 - 108 - 109 - 110 - 111 - 113 - 114 - 115 - 116 - 118 - 120 - 123 - 124 - 125 - 128 - 129 - 131 - 132 - 135 - 137 - 139 - 140 - 142 - 144 - 145 - 146 - 147 - 148 - 150 - 151 - 152 - 154 - 155 - 157 - 158 - 159 - 160 - 163 - 164 - 165 - 166 - 167 - 170 - 174 - 175 - 178 - 179 - 180 - 181 - 182 - 183 - 184 - 185 - 186 - 187 - 188 - 189 - 190 - 192 - 193 - 195 - 197 - 203 - 204 - 210 - 211 - 212 - 214 - 216 - 217 - 218 - 221 - 225 - 228 - 229 - 230 - 231 - 233 - 235 - 237 - 238 - 239 - 241 - 242 - 246 - 248 - 250 - 254 - 255 - 257 - 258 - 259 - 262 - 263 - 266 - 267 - 268 - 269 - 270 - 272 - 274 - 275 - 276 - 277 - 280 - 281 - 283 - 284 - 288 - 289 - 290 - 292 - 294 - 295 - 297 - 299 - 300 - 301 - 302 - 303 - 305 - 306 - 307 - 309 - 311 - 312 - 313 - 316 - 318 - 321 - 322 - 323 - 324 - 325 - 327 - 328 - 329 - 331 - 333 - 337 - 338 - 343 - 344 - 347 - 349 - 354 - 355 - 356 - 360 - 362 - 363 - 364 - 365 - 366 - 369 - 370 - 371 - 372 - 373 - 374 - 375 - 377 - 379 - 380 - 382 - 384 - 385 - 387 - 388 - 389 - 390 - 392 - 393 - 397 - 400 - 402 - 404 - 405 - 406 - 409 - 411 - 413 - 414 - 415 - 416 - 418 - 419 - 420 - 421 - 422 - 424 - 426 - 427 - 428 - 429 - 430 - 432 - 434 - 435 - 436 - 437 - 438 - 440 - 441 - 442 - 445 - 446 - 448 - 450 - 454 - 456 - 460 - 463 - 464 - 468 - 469 - 470 - 471 - 472 - 473 - 474 - 476 - 477 - 480 - 481 - 485 - 488 - 490 - 492 - 494 - 495 - 496,20819685.3,0.0,98261,100816,92.39,Cost: 98261 & Capacity: 100816
0 - 2 - 4 - 9 - 10 - 11 - 12 - 13 - 15 - 16 - 17 - 20 - 21 - 25 - 28 - 36 - 37 - 38 - 42 - 44 - 45 - 50 - 51 - 53 - 54 - 56 - 58 - 60 - 61 - 62 - 63 - 64 - 65 - 67 - 68 - 69 - 71 - 72 - 75 - 76 - 78 - 80 - 84 - 86 - 87 - 90 - 91 - 94 - 95 - 96 - 97 - 98 - 99 - 100 - 103 - 105 - 107 - 108 - 109 - 110 - 111 - 113 - 114 - 115 - 116 - 118 - 120 - 123 - 124 - 125 - 128 - 129 - 131 - 132 - 135 - 137 - 139 - 140 - 142 - 144 - 145 - 146 - 147 - 148 - 150 - 151 - 152 - 154 - 155 - 157 - 158 - 159 - 160 - 163 - 164 - 165 - 166 - 167 - 170 - 174 - 175 - 178 - 179 - 180 - 181 - 182 - 183 - 184 - 185 - 186 - 187 - 188 - 189 - 190 - 192 - 193 - 195 - 197 - 203 - 204 - 210 - 211 - 212 - 214 - 216 - 217 - 218 - 221 - 225 - 228 - 229 - 230 - 231 - 233 - 235 - 237 - 238 - 239 - 241 - 242 - 246 - 248 - 250 - 254 - 255 - 257 - 258 - 259 - 262 - 263 - 266 - 267 - 268 - 269 - 270 - 272 - 274 - 275 - 276 - 277 - 280 - 281 - 283 - 284 - 288 - 289 - 290 - 292 - 294 - 295 - 297 - 299 - 300 - 301 - 302 - 303 - 305 - 306 - 307 - 309 - 311 - 312 - 313 - 316 - 318 - 321 - 322 - 323 - 324 - 325 - 327 - 328 - 329 - 331 - 333 - 337 - 338 - 343 - 344 - 347 - 349 - 354 - 355 - 356 - 360 - 362 - 363 - 364 - 365 - 366 - 369 - 370 - 371 - 372 - 373 - 374 - 375 - 377 - 379 - 380 - 382 - 384 - 385 - 387 - 388 - 389 - 390 - 392 - 393 - 397 - 400 - 402 - 404 - 405 - 406 - 409 - 411 - 413 - 414 - 415 - 416 - 418 - 419 - 420 - 421 - 422 - 424 - 426 - 427 - 428 - 429 - 430 - 432 - 434 - 435 - 436 - 437 - 438 - 440 - 441 - 442 - 445 - 446 - 448 - 450 - 454 - 456 - 460 - 463 - 464 - 468 - 469 - 470 - 471 - 472 - 473 - 474 - 476 - 477 - 480 - 481 - 485 - 488 - 490 - 492 - 494 - 495 - 496,20819685.3,0.0,98261,100816,95.46,Cost: 98261 & Capacity: 100816
0 - 2 - 4 - 9 - 10 - 11 - 12 - 13 - 15 - 16 - 17 - 20 - 21 - 25 - 28 - 36 - 37 - 38 - 42 - 44 - 45 - 50 - 51 - 53 - 54 - 56 - 58 - 60 - 61 - 62 - 63 - 64 - 65 - 67 - 68 - 69 - 71 - 72 - 75 - 76 - 78 - 80 - 84 - 86 - 87 - 90 - 91 - 94 - 95 - 96 - 97 - 98 - 99 - 100 - 103 - 105 - 107 - 108 - 109 - 110 - 111 - 113 - 114 - 115 - 116 - 118 - 120 - 123 - 124 - 125 - 128 - 129 - 131 - 132 - 135 - 137 - 139 - 140 - 142 - 144 - 145 - 146 - 147 - 148 - 150 - 151 - 152 - 154 - 155 - 157 - 158 - 159 - 160 - 163 - 164 - 165 - 166 - 167 - 170 - 174 - 175 - 178 - 179 - 180 - 181 - 182 - 183 - 184 - 185 - 186 - 187 - 188 - 189 - 190 - 192 - 193 - 195 - 197 - 203 - 204 - 210 - 211 - 212 - 214 - 216 - 217 - 218 - 221 - 225 - 228 - 229 - 230 - 231 - 233 - 235 - 237 - 238 - 239 - 241 - 242 - 246 - 248 - 250 - 254 - 255 - 257 - 258 - 259 - 262 - 263 - 266 - 267 - 268 - 269 - 270 - 272 - 274 - 275 - 276 - 277 - 280 - 281 - 283 - 284 - 288 - 289 - 290 - 292 - 294 - 295 - 297 - 299 - 300 - 301 - 302 - 303 - 305 - 306 - 307 - 309 - 311 - 312 - 313 - 316 - 318 - 321 - 322 - 323 - 324 - 325 - 327 - 328 - 329 - 331 - 333 - 337 - 338 - 343 - 344 - 347 - 349 - 354 - 355 - 356 - 360 - 362 - 363 - 364 - 365 - 366 - 369 - 370 - 371 - 372 - 373 - 374 - 375 - 377 - 379 - 380 - 382 - 384 - 385 - 387 - 388 - 389 - 390 - 392 - 393 - 397 - 400 - 402 - 404 - 405 - 406 - 409 - 411 - 413 - 414 - 415 - 416 - 418 - 419 - 420 - 421 - 422 - 424 - 426 - 427 - 428 - 429 - 430 - 432 - 434 - 435 - 436 - 437 - 438 - 440 - 441 - 442 - 445 - 446 - 448 - 450 - 454 - 456 - 460 - 463 - 464 - 468 - 469 - 470 - 471 - 472 - 473 - 474 - 476 - 477 - 480 - 481 - 485 - 488 - 490 - 492 - 494 - 495 - 496,20819685.3,0.0,98261,100816,96.38,Cost: 98261 & Capacity: 100816
0 - 2 - 4 - 9 - 10 - 11 - 12 - 13 - 15 - 16 - 17 - 20 - 21 - 25 - 28 - 36 - 37 - 38 - 42 - 44 - 45 - 50 - 51 - 53 - 54 - 56 - 58 - 60 - 61 - 62 - 63 - 64 - 65 - 67 - 68 - 69 - 71 - 72 - 75 - 76 - 78 - 80 - 84 - 86 - 87 - 90 - 91 - 94 - 95 - 96 - 97 - 98 - 99 - 100 - 103 - 105 - 107 - 108 - 109 - 110 - 111 - 113 - 114 - 115 - 116 - 118 - 120 - 123 - 124 - 125 - 128 - 129 - 131 - 132 - 135 - 137 - 139 - 140 - 142 - 144 - 145 - 146 - 147 - 148 - 150 - 151 - 152 - 154 - 155 - 157 - 158 - 159 - 160 - 163 - 164 - 165 - 166 - 167 - 170 - 174 - 175 - 178 - 179 - 180 - 181 - 182 - 183 - 184 - 185 - 186 - 187 - 188 - 189 - 190 - 192 - 193 - 195 - 197 - 203 - 204 - 210 - 211 - 212 - 214 - 216 - 217 - 218 - 221 - 225 - 228 - 229 - 230 - 231 - 233 - 235 - 237 - 238 - 239 - 241 - 242 - 246 - 248 - 250 - 254 - 255 - 257 - 258 - 259 - 262 - 263 - 266 - 267 - 268 - 269 - 270 - 272 - 274 - 275 - 276 - 277 - 280 - 281 - 283 - 284 - 288 - 289 - 290 - 292 - 294 - 295 - 297 - 299 - 300 - 301 - 302 - 303 - 305 - 306 - 307 - 309 - 311 - 312 - 313 - 316 - 318 - 321 - 322 - 323 - 324 - 325 - 327 - 328 - 329 - 331 - 333 - 337 - 338 - 343 - 344 - 347 - 349 - 354 - 355 - 356 - 360 - 362 - 363 - 364 - 365 - 366 - 369 - 370 - 371 - 372 - 373 - 374 - 375 - 377 - 379 - 380 - 382 - 384 - 385 - 387 - 388 - 389 - 390 - 392 - 393 - 397 - 400 - 402 - 404 - 405 - 406 - 409 - 411 - 413 - 414 - 415 - 416 - 418 - 419 - 420 - 421 - 422 - 424 - 426 - 427 - 428 - 429 - 430 - 432 - 434 - 435 - 436 - 437 - 438 - 440 - 441 - 442 - 445 - 446 - 448 - 450 - 454 - 456 - 460 - 463 - 464 - 468 - 469 - 470 - 471 - 472 - 473 - 474 - 476 - 477 - 480 - 481 - 485 - 488 - 490 - 492 - 494 - 495 - 496,20819685.3,0.0,98261,100816,97.2,Cost: 98261 & Capacity: 100816
20 - 21 - 32 - 44 - 47 - 59 - 65 - 67 - 70 - 81 - 86 - 87 - 88 - 91 - 95 - 106 - 115 - 117 - 118 - 125 - 137 - 145 - 146 - 149 - 151 - 155 - 159 - 168 - 172 - 179 - 180 - 184 - 192 - 193 - 198 - 199 - 202 - 209 - 215 - 219 - 223 - 224 - 227 - 237 - 239 - 241 - 247 - 248 - 259 - 263 - 265 - 269 - 278 - 282 - 283 - 287 - 290 - 292 - 306 - 319 - 327 - 329 - 334 - 340 - 357 - 362 - 363 - 366 - 372 - 373 - 374 - 375 - 377 - 383 - 387 - 389 - 392 - 395 - 396 - 397 - 403 - 405 - 409 - 416 - 417 - 423 - 425 - 428 - 435 - 442 - 443 - 449 - 450 - 455 - 457 - 463 - 467 - 472 - 478 - 479 - 485 - 489 - 493 - 497,2820307.7,27.7,67056,54428,98.26,Cost: 67056 & Capacity: 54428
20 - 21 - 32 - 44 - 47 - 59 - 65 - 67 - 70 - 75 - 81 - 84 - 86 - 87 - 88 - 91 - 94 - 95 - 106 - 115 - 117 - 118 - 125 - 137 - 145 - 146 - 149 - 151 - 155 - 159 - 168 - 172 - 179 - 180 - 184 - 192 - 193 - 199 - 202 - 209 - 215 - 219 - 223 - 224 - 227 - 237 - 239 - 241 - 247 - 248 - 259 - 263 - 265 - 269 - 278 - 282 - 283 - 284 - 287 - 290 - 292 - 301 - 303 - 306 - 319 - 327 - 329 - 334 - 340 - 345 - 357 - 362 - 363 - 366 - 372 - 373 - 374 - 375 - 377 - 383 - 387 - 389 - 392 - 395 - 396 - 397 - 403 - 405 - 409 - 411 - 416 - 417 - 423 - 425 - 428 - 435 - 442 - 443 - 449 - 450 - 455 - 457 - 463 - 465 - 467 - 472 - 478 - 479 - 485 - 489 - 492 - 493 - 497,3306268.4,23.2,70653,58599,98.25,Cost: 70653 & Capacity: 58599
0 - 2 - 4 - 9 - 10 - 11 - 12 - 13 - 15 - 16 - 17 - 20 - 21 - 25 - 28 - 36 - 37 - 38 - 42 - 44 - 45 - 50 - 51 - 53 - 54 - 56 - 58 - 60 - 61 - 62 - 63 - 64 - 65 - 67 - 68 - 69 - 71 - 72 - 75 - 76 - 78 - 80 - 84 - 86 - 87 - 90 - 91 - 94 - 95 - 96 - 97 - 98 - 99 - 100 - 103 - 105 - 107 - 108 - 109 - 110 - 111 - 113 - 114 - 115 - 116 - 118 - 120 - 123 - 124 - 125 - 128 - 129 - 131 - 132 - 135 - 137 - 139 - 140 - 142 - 144 - 145 - 146 - 147 - 148 - 150 - 151 - 152 - 154 - 155 - 157 - 158 - 159 - 160 - 163 - 164 - 165 - 166 - 167 - 170 - 174 - 175 - 178 - 179 - 180 - 181 - 182 - 183 - 184 - 185 - 186 - 187 - 188 - 189 - 190 - 192 - 193 - 195 - 197 - 203 - 204 - 210 - 211 - 212 - 214 - 216 - 217 - 218 - 221 - 225 - 228 - 229 - 230 - 231 - 233 - 235 - 237 - 238 - 239 - 241 - 242 - 246 - 248 - 250 - 254 - 255 - 257 - 258 - 259 - 262 - 263 - 266 - 267 - 268 - 269 - 270 - 272 - 274 - 275 - 276 - 277 - 280 - 281 - 283 - 284 - 288 - 289 - 290 - 292 - 294 - 295 - 297 - 299 - 300 - 301 - 302 - 303 - 305 - 306 - 307 - 309 - 311 - 312 - 313 - 316 - 318 - 321 - 322 - 323 - 324 - 325 - 327 - 328 - 329 - 331 - 333 - 337 - 338 - 343 - 344 - 347 - 349 - 354 - 355 - 356 - 360 - 362 - 363 - 364 - 365 - 366 - 369 - 370 - 371 - 372 - 373 - 374 - 375 - 377 - 379 - 380 - 382 - 384 - 385 - 387 - 388 - 389 - 390 - 392 - 393 - 397 - 400 - 402 - 404 - 405 - 406 - 409 - 411 - 413 - 414 - 415 - 416 - 418 - 419 - 420 - 421 - 422 - 424 - 426 - 427 - 428 - 429 - 430 - 432 - 434 - 435 - 436 - 437 - 438 - 440 - 441 - 442 - 445 - 446 - 448 - 450 - 454 - 456 - 460 - 463 - 464 - 468 - 469 - 470 - 471 - 472 - 473 - 474 - 476 - 477 - 480 - 481 - 485 - 488 - 490 - 492 - 494 - 495 - 496,20819685.3,0.0,98261,100816,98.54,Cost: 98261 & Capacity: 100816
0 - 2 - 4 - 9 - 10 - 11 - 12 - 13 - 15 - 16 - 17 - 20 - 21 - 25 - 28 - 36 - 37 - 38 - 42 - 44 - 45 - 50 - 51 - 53 - 54 - 56 - 58 - 60 - 61 - 62 - 63 - 64 - 65 - 67 - 68 - 69 - 71 - 72 - 75 - 76 - 78 - 80 - 84 - 86 - 87 - 90 - 91 - 94 - 95 - 96 - 97 - 98 - 99 - 100 - 103 - 105 - 107 - 108 - 109 - 110 - 111 - 113 - 114 - 115 - 116 - 118 - 120 - 123 - 124 - 125 - 128 - 129 - 131 - 132 - 135 - 137 - 139 - 140 - 142 - 144 - 145 - 146 - 147 - 148 - 150 - 151 - 152 - 154 - 155 - 157 - 158 - 159 - 160 - 163 - 164 - 165 - 166 - 167 - 170 - 174 - 175 - 178 - 179 - 180 - 181 - 182 - 183 - 184 - 185 - 186 - 187 - 188 - 189 - 190 - 192 - 193 - 195 - 197 - 203 - 204 - 210 - 211 - 212 - 214 - 216 - 217 - 218 - 221 - 225 - 228 - 229 - 230 - 231 - 233 - 235 - 237 - 238 - 239 - 241 - 242 - 246 - 248 - 250 - 254 - 255 - 257 - 258 - 259 - 262 - 263 - 266 - 267 - 268 - 269 - 270 - 272 - 274 - 275 - 276 - 277 - 280 - 281 - 283 - 284 - 288 - 289 - 290 - 292 - 294 - 295 - 297 - 299 - 300 - 301 - 302 - 303 - 305 - 306 - 307 - 309 - 311 - 312 - 313 - 316 - 318 - 321 - 322 - 323 - 324 - 325 - 327 - 328 - 329 - 331 - 333 - 337 - 338 - 343 - 344 - 347 - 349 - 354 - 355 - 356 - 360 - 362 - 363 - 364 - 365 - 366 - 369 - 370 - 371 - 372 - 373 - 374 - 375 - 377 - 379 - 380 - 382 - 384 - 385 - 387 - 388 - 389 - 390 - 392 - 393 - 397 - 400 - 402 - 404 - 405 - 406 - 409 - 411 - 413 - 414 - 415 - 416 - 418 - 419 - 420 - 421 - 422 - 424 - 426 - 427 - 428 - 429 - 430 - 432 - 434 - 435 - 436 - 437 - 438 - 440 - 441 - 442 - 445 - 446 - 448 - 450 - 454 - 456 - 460 - 463 - 464 - 468 - 469 - 470 - 471 - 472 - 473 - 474 - 476 - 477 - 480 - 481 - 485 - 488 - 490 - 492 - 494 - 495 - 496,20819685.3,0.0,98261,100816,101.0,Cost: 98261 & Capacity: 100816
0 - 2 - 4 - 9 - 10 - 11 - 12 - 13 - 15 - 16 - 17 - 20 - 21 - 25 - 28 - 36 - 37 - 38 - 42 - 44 - 45 - 50 - 51 - 53 - 54 - 56 - 58 - 60 - 61 - 62 - 63 - 64 - 65 - 67 - 68 - 69 - 71 - 72 - 75 - 76 - 78 - 80 - 84 - 86 - 87 - 90 - 91 - 94 - 95 - 96 - 97 - 98 - 99 - 100 - 103 - 105 - 107 - 108 - 109 - 110 - 111 - 113 - 114 - 115 - 116 - 118 - 120 - 123 - 124 - 125 - 128 - 129 - 131 - 132 - 135 - 137 - 139 - 140 - 142 - 144 - 145 - 146 - 147 - 148 - 150 - 151 - 152 - 154 - 155 - 157 - 158 - 159 - 160 - 163 - 164 - 165 - 166 - 167 - 170 - 174 - 175 - 178 - 179 - 180 - 181 - 182 - 183 - 184 - 185 - 186 - 187 - 188 - 189 - 190 - 192 - 193 - 195 - 197 - 203 - 204 - 210 - 211 - 212 - 214 - 216 - 217 - 218 - 221 - 225 - 228 - 229 - 230 - 231 - 233 - 235 - 237 - 238 - 239 - 241 - 242 - 246 - 248 - 250 - 254 - 255 - 257 - 258 - 259 - 262 - 263 - 266 - 267 - 268 - 269 - 270 - 272 - 274 - 275 - 276 - 277 - 280 - 281 - 283 - 284 - 288 - 289 - 290 - 292 - 294 - 295 - 297 - 299 - 300 - 301 - 302 - 303 - 305 - 306 - 307 - 309 - 311 - 312 - 313 - 316 - 318 - 321 - 322 - 323 - 324 - 325 - 327 - 328 - 329 - 331 - 333 - 337 - 338 - 343 - 344 - 347 - 349 - 354 - 355 - 356 - 360 - 362 - 363 - 364 - 365 - 366 - 369 - 370 - 371 - 372 - 373 - 374 - 375 - 377 - 379 - 380 - 382 - 384 - 385 - 387 - 388 - 389 - 390 - 392 - 393 - 397 - 400 - 402 - 404 - 405 - 406 - 409 - 411 - 413 - 414 - 415 - 416 - 418 - 419 - 420 - 421 - 422 - 424 - 426 - 427 - 428 - 429 - 430 - 432 - 434 - 435 - 436 - 437 - 438 - 440 - 441 - 442 - 445 - 446 - 448 - 450 - 454 - 456 - 460 - 463 - 464 - 468 - 469 - 470 - 471 - 472 - 473 - 474 - 476 - 477 - 480 - 481 - 485 - 488 - 490 - 492 - 494 - 495 - 496,20819685.3,0.0,98261,100816,102.38,Cost: 98261 & Capacity: 100816
2 - 3 - 5 - 14 - 17 - 21 - 29 - 34 - 35 - 40 - 44 - 47 - 50 - 58 - 59 - 61 - 63 - 64 - 67 - 72 - 74 - 76 - 79 - 80 - 81 - 84 - 86 - 90 - 91 - 95 - 104 - 106 - 114 - 116 - 117 - 118 - 119 - 122 - 127 - 132 - 136 - 137 - 140 - 144 - 146 - 148 - 150 - 153 - 161 - 164 - 166 - 168 - 171 - 172 - 176 - 179 - 190 - 192 - 194 - 195 - 202 - 210 - 211 - 212 - 215 - 227 - 232 - 235 - 240 - 245 - 248 - 249 - 258 - 259 - 260 - 263 - 265 - 271 - 273 - 275 - 277 - 278 - 279 - 281 - 283 - 284 - 285 - 286 - 292 - 298 - 299 - 303 - 306 - 321 - 328 - 331 - 333 - 334 - 336 - 338 - 345 - 350 - 352 - 359 - 361 - 362 - 363 - 368 - 372 - 375 - 388 - 389 - 392 - 393 - 400 - 402 - 403 - 404 - 407 - 408 - 409 - 415 - 422 - 433 - 436 - 438 - 442 - 443 - 445 - 449 - 450 - 452 - 455 - 459 - 460 - 464 - 465 - 467 - 476 - 477 - 485 - 487 - 488 - 489 - 495,5509842.4,17.5,95285,72505,104.21,Cost: 95285 & Capacity: 72505
0 - 4 - 9 - 10 - 11 - 12 - 13 - 16 - 21 - 29 - 37 - 38 - 44 - 45 - 49 - 50 - 51 - 53 - 54 - 60 - 61 - 63 - 64 - 65 - 68 - 69 - 72 - 75 - 80 - 81 - 84 - 86 - 87 - 88 - 90 - 91 - 92 - 94 - 95 - 96 - 97 - 98 - 99 - 100 - 105 - 106 - 107 - 108 - 110 - 111 - 113 - 114 - 115 - 116 - 118 - 123 - 124 - 127 - 128 - 132 - 135 - 136 - 137 - 139 - 142 - 144 - 145 - 146 - 147 - 149 - 150 - 152 - 153 - 154 - 156 - 157 - 158 - 159 - 160 - 161 - 162 - 163 - 164 - 166 - 167 - 170 - 171 - 174 - 178 - 179 - 181 - 183 - 184 - 185 - 186 - 187 - 188 - 189 - 190 - 192 - 193 - 195 - 201 - 204 - 207 - 210 - 211 - 212 - 215 - 217 - 220 - 221 - 223 - 225 - 230 - 231 - 233 - 235 - 237 - 238 - 246 - 247 - 254 - 255 - 257 - 258 - 259 - 262 - 266 - 267 - 269 - 272 - 273 - 277 - 281 - 283 - 284 - 288 - 289 - 290 - 292 - 294 - 297 - 300 - 301 - 302 - 303 - 305 - 306 - 312 - 313 - 314 - 316 - 317 - 318 - 321 - 322 - 323 - 324 - 325 - 326 - 328 - 330 - 331 - 333 - 337 - 338 - 342 - 343 - 345 - 347 - 356 - 358 - 360 - 362 - 363 - 366 - 370 - 371 - 372 - 374 - 375 - 377 - 380 - 382 - 383 - 388 - 389 - 390 - 392 - 393 - 395 - 397 - 398 - 400 - 401 - 403 - 406 - 407 - 409 - 410 - 411 - 415 - 416 - 418 - 419 - 420 - 423 - 424 - 426 - 427 - 428 - 429 - 430 - 432 - 434 - 435 - 436 - 437 - 438 - 441 - 442 - 450 - 454 - 459 - 460 - 462 - 464 - 465 - 468 - 470 - 471 - 472 - 474 - 476 - 477 - 479 - 480 - 481 - 484 - 485 - 488 - 491 - 492 - 494 - 495 - 496 - 497 - 499,15558122.7,3.0,98264,96280,105.95,Cost: 98264 & Capacity: 96280
0 - 3 - 5 - 9 - 12 - 13 - 17 - 20 - 34 - 35 - 37 - 44 - 48 - 52 - 53 - 55 - 57 - 61 - 62 - 64 - 67 - 68 - 71 - 72 - 74 - 77 - 80 - 81 - 85 - 95 - 99 - 100 - 105 - 109 - 110 - 114 - 119 - 124 - 128 - 133 - 138 - 141 - 143 - 146 - 147 - 148 - 149 - 153 - 156 - 160 - 161 - 163 - 164 - 165 - 166 - 167 - 170 - 171 - 172 - 176 - 178 - 179 - 180 - 187 - 188 - 190 - 191 - 192 - 194 - 195 - 201 - 202 - 205 - 210 - 212 - 213 - 221 - 224 - 227 - 228 - 233 - 235 - 237 - 239 - 240 - 248 - 251 - 258 - 259 - 261 - 263 - 265 - 271 - 272 - 273 - 277 - 280 - 281 - 284 - 288 - 290 - 292 - 295 - 299 - 301 - 305 - 306 - 307 - 308 - 310 - 317 - 325 - 326 - 327 - 332 - 333 - 334 - 338 - 343 - 345 - 348 - 351 - 356 - 361 - 368 - 369 - 370 - 373 - 382 - 388 - 392 - 393 - 394 - 401 - 403 - 404 - 407 - 411 - 416 - 423 - 428 - 433 - 436 - 437 - 438 - 440 - 442 - 444 - 445 - 454 - 458 - 465 - 467 - 472 - 473 - 476 - 484 - 485 - 487 - 488 - 489 - 494,6678047.6,12.7,98004,79596,106.34,Cost: 98004 & Capacity: 79596
0 - 2 - 4 - 9 - 10 - 11 - 12 - 13 - 15 - 16 - 17 - 20 - 21 - 25 - 28 - 36 - 37 - 38 - 42 - 44 - 45 - 50 - 51 - 53 - 54 - 56 - 58 - 60 - 61 - 62 - 63 - 64 - 65 - 67 - 68 - 69 - 71 - 72 - 75 - 76 - 78 - 80 - 84 - 86 - 87 - 90 - 91 - 94 - 95 - 96 - 97 - 98 - 99 - 100 - 103 - 105 - 107 - 108 - 109 - 110 - 111 - 113 - 114 - 115 - 116 - 118 - 120 - 123 - 124 - 125 - 128 - 129 - 131 - 132 - 135 - 137 - 139 - 140 - 142 - 144 - 145 - 146 - 147 - 148 - 150 - 151 - 152 - 154 - 155 - 157 - 158 - 159 - 160 - 163 - 164 - 165 - 166 - 167 - 170 - 174 - 175 - 178 - 179 - 180 - 181 - 182 - 183 - 184 - 185 - 186 - 187 - 188 - 189 - 190 - 192 - 193 - 195 - 197 - 203 - 204 - 210 - 211 - 212 - 214 - 216 - 217 - 218 - 221 - 225 - 228 - 229 - 230 - 231 - 233 - 235 - 237 - 238 - 239 - 241 - 242 - 246 - 248 - 250 - 254 - 255 - 257 - 258 - 259 - 262 - 263 - 266 - 267 - 268 - 269 - 270 - 272 - 274 - 275 - 276 - 277 - 280 - 281 - 283 - 284 - 288 - 289 - 290 - 292 - 294 - 295 - 297 - 299 - 300 - 301 - 302 - 303 - 305 - 306 - 307 - 309 - 311 - 312 - 313 - 316 - 318 - 321 - 322 - 323 - 324 - 325 - 327 - 328 - 329 - 331 - 333 - 337 - 338 - 343 - 344 - 347 - 349 - 354 - 355 - 356 - 360 - 362 - 363 - 364 - 365 - 366 - 369 - 370 - 371 - 372 - 373 - 374 - 375 - 377 - 379 - 380 - 382 - 384 - 385 - 387 - 388 - 389 - 390 - 392 - 393 - 397 - 400 - 402 - 404 - 405 - 406 - 409 - 411 - 413 - 414 - 415 - 416 - 418 - 419 - 420 - 421 - 422 - 424 - 426 - 427 - 428 - 429 - 430 - 432 - 434 - 435 - 436 - 437 - 438 - 440 - 441 - 442 - 445 - 446 - 448 - 450 - 454 - 456 - 460 - 463 - 464 - 468 - 469 - 470 - 471 - 472 - 473 - 474 - 476 - 477 - 480 - 481 - 485 - 488 - 490 - 492 - 494 - 495 - 496,20819685.3,0.0,98261,100816,106.68,Cost: 98261 & Capacity: 100816
0 - 2 - 4 - 9 - 10 - 11 - 12 - 13 - 15 - 16 - 17 - 20 - 21 - 25 - 28 - 36 - 37 - 38 - 42 - 44 - 45 - 50 - 51 - 53 - 54 - 56 - 58 - 60 - 61 - 62 - 63 - 64 - 65 - 67 - 68 - 69 - 71 - 72 - 75 - 76 - 78 - 80 - 84 - 86 - 87 - 90 - 91 - 94 - 95 - 96 - 97 - 98 - 99 - 100 - 103 - 105 - 107 - 108 - 109 - 110 - 111 - 113 - 114 - 115 - 116 - 118 - 120 - 123 - 124 - 125 - 128 - 129 - 131 - 132 - 135 - 137 - 139 - 140 - 142 - 144 - 145 - 146 - 147 - 148 - 150 - 151 - 152 - 154 - 155 - 157 - 158 - 159 - 160 - 163 - 164 - 165 - 166 - 167 - 170 - 174 - 175 - 178 - 179 - 180 - 181 - 182 - 183 - 184 - 185 - 186 - 187 - 188 - 189 - 190 - 192 - 193 - 195 - 197 - 203 - 204 - 210 - 211 - 212 - 214 - 216 - 217 - 218 - 221 - 225 - 228 - 229 - 230 - 231 - 233 - 235 - 237 - 238 - 239 - 241 - 242 - 246 - 248 - 250 - 254 - 255 - 257 - 258 - 259 - 262 - 263 - 266 - 267 - 268 - 269 - 270 - 272 - 274 - 275 - 276 - 277 - 280 - 281 - 283 - 284 - 288 - 289 - 290 - 292 - 294 - 295 - 297 - 299 - 300 - 301 - 302 - 303 - 305 - 306 - 307 - 309 - 311 - 312 - 313 - 316 - 318 - 321 - 322 - 323 - 324 - 325 - 327 - 328 - 329 - 331 - 333 - 337 - 338 - 343 - 344 - 347 - 349 - 354 - 355 - 356 - 360 - 362 - 363 - 364 - 365 - 366 - 369 - 370 - 371 - 372 - 373 - 374 - 375 - 377 - 379 - 380 - 382 - 384 - 385 - 387 - 388 - 389 - 390 - 392 - 393 - 397 - 400 - 402 - 404 - 405 - 406 - 409 - 411 - 413 - 414 - 415 - 416 - 418 - 419 - 420 - 421 - 422 - 424 - 426 - 427 - 428 - 429 - 430 - 432 - 434 - 435 - 436 - 437 - 438 - 440 - 441 - 442 - 445 - 446 - 448 - 450 - 454 - 456 - 460 - 463 - 464 - 468 - 469 - 470 - 471 - 472 - 473 - 474 - 476 - 477 - 480 - 481 - 485 - 488 - 490 - 492 - 494 - 495 - 496,20819685.3,0.0,98261,100816,111.5,Cost: 98261 & Capacity: 100816
1 - 2 - 8 - 9 - 12 - 21 - 30 - 37 - 44 - 47 - 50 - 53 - 59 - 66 - 73 - 83 - 84 - 86 - 95 - 105 - 111 - 119 - 122 - 128 - 133 - 136 - 138 - 142 - 144 - 149 - 152 - 154 - 158 - 160 - 168 - 170 - 175 - 177 - 181 - 182 - 202 - 209 - 219 - 223 - 231 - 232 - 234 - 237 - 241 - 242 - 244 - 245 - 246 - 253 - 258 - 261 - 265 - 266 - 278 - 279 - 283 - 285 - 287 - 298 - 301 - 303 - 323 - 336 - 341 - 342 - 347 - 348 - 350 - 359 - 362 - 364 - 372 - 376 - 381 - 383 - 386 - 388 - 389 - 394 - 396 - 397 - 403 - 404 - 405 - 406 - 408 - 409 - 419 - 420 - 433 - 436 - 440 - 454 - 460 - 463 - 467 - 472 - 476 - 478 - 480 - 481 - 483 - 485 - 489 - 493 - 494 - 495,3239075.1,24.3,79841,59722,111.74,Cost: 79841 & Capacity: 59722
1 - 2 - 8 - 9 - 12 - 21 - 30 - 37 - 44 - 47 - 50 - 53 - 59 - 66 - 73 - 83 - 84 - 86 - 95 - 105 - 111 - 119 - 122 - 128 - 133 - 136 - 138 - 142 - 144 - 149 - 152 - 154 - 158 - 160 - 168 - 170 - 175 - 177 - 181 - 182 - 192 - 202 - 209 - 219 - 223 - 231 - 232 - 234 - 237 - 241 - 242 - 244 - 245 - 246 - 247 - 253 - 258 - 261 - 265 - 266 - 278 - 279 - 283 - 285 - 287 - 298 - 301 - 303 - 308 - 323 - 334 - 336 - 341 - 342 - 347 - 348 - 350 - 359 - 362 - 364 - 372 - 376 - 381 - 383 - 386 - 388 - 389 - 394 - 396 - 397 - 403 - 404 - 405 - 406 - 408 - 409 - 419 - 420 - 433 - 436 - 440 - 454 - 459 - 460 - 463 - 467 - 472 - 476 - 478 - 480 - 481 - 483 - 485 - 489 - 493 - 494 - 495,3527002.1,23.0,83999,63286,111.74,Cost: 83999 & Capacity: 63286
1 - 2 - 8 - 9 - 12 - 21 - 30 - 37 - 44 - 47 - 50 - 53 - 59 - 66 - 73 - 83 - 84 - 86 - 95 - 105 - 111 - 119 - 122 - 128 - 133 - 136 - 138 - 142 - 144 - 147 - 149 - 152 - 154 - 158 - 160 - 168 - 170 - 175 - 177 - 181 - 182 - 192 - 202 - 209 - 219 - 223 - 231 - 232 - 234 - 237 - 241 - 242 - 244 - 245 - 246 - 247 - 253 - 258 - 261 - 265 - 266 - 278 - 279 - 283 - 285 - 287 - 298 - 301 - 303 - 308 - 323 - 334 - 336 - 341 - 342 - 347 - 348 - 350 - 359 - 362 - 364 - 372 - 376 - 381 - 383 - 386 - 388 - 389 - 394 - 396 - 397 - 403 - 404 - 405 - 406 - 408 - 409 - 419 - 420 - 433 - 436 - 440 - 454 - 459 - 460 - 463 - 467 - 472 - 476 - 478 - 480 - 481 - 483 - 485 - 489 - 493 - 494 - 495,3582256.0,22.7,84405,63528,111.74,Cost: 84405 & Capacity: 63528
1 - 2 - 8 - 9 - 12 - 21 - 30 - 37 - 44 - 47 - 50 - 53 - 59 - 66 - 73 - 83 - 84 - 86 - 95 - 105 - 111 - 119 - 122 - 128 - 133 - 136 - 138 - 142 - 144 - 147 - 149 - 152 - 154 - 158 - 160 - 168 - 170 - 175 - 177 - 181 - 182 - 192 - 202 - 209 - 219 - 223 - 231 - 232 - 234 - 237 - 241 - 242 - 244 - 245 - 246 - 247 - 253 - 258 - 261 - 265 - 266 - 278 - 279 - 283 - 285 - 287 - 298 - 301 - 303 - 308 - 323 - 334 - 336 - 341 - 342 - 347 - 348 - 350 - 359 - 362 - 364 - 372 - 376 - 381 - 383 - 386 - 388 - 389 - 394 - 396 - 397 - 403 - 404 - 405 - 406 - 408 - 409 - 415 - 419 - 420 - 433 - 436 - 440 - 454 - 459 - 460 - 463 - 467 - 472 - 476 - 478 - 480 - 481 - 483 - 485 - 489 - 493 - 494 - 495,3643050.2,21.9,85034,64065,111.74,Cost: 85034 & Capacity: 64065
1 - 2 - 8 - 9 - 12 - 21 - 30 - 37 - 44 - 47 - 50 - 53 - 59 - 66 - 73 - 83 - 84 - 86 - 95 - 105 - 111 - 119 - 122 - 128 - 133 - 136 - 138 - 142 - 144 - 147 - 149 - 152 - 154 - 158 - 160 - 168 - 170 - 175 - 177 - 181 - 182 - 192 - 202 - 209 - 219 - 223 - 224 - 231 - 232 - 234 - 237 - 241 - 242 - 244 - 245 - 246 - 247 - 253 - 258 - 261 - 265 - 266 - 278 - 279 - 283 - 285 - 287 - 298 - 301 - 303 - 308 - 323 - 334 - 336 - 341 - 342 - 347 - 348 - 350 - 359 - 362 - 364 - 372 - 376 - 381 - 383 - 386 - 388 - 389 - 394 - 396 - 397 - 403 - 404 - 405 - 406 - 408 - 409 - 415 - 419 - 420 - 433 - 436 - 440 - 454 - 459 - 460 - 463 - 467 - 472 - 476 - 478 - 480 - 481 - 483 - 485 - 489 - 493 - 494 - 495,3699764.3,21.6,86612,65019,111.74,Cost: 86612 & Capacity: 65019
1 - 2 - 8 - 9 - 12 - 21 - 26 - 30 - 37 - 44 - 47 - 50 - 53 - 59 - 66 - 72 - 73 - 83 - 84 - 86 - 95 - 105 - 111 - 115 - 119 - 122 - 128 - 133 - 136 - 138 - 142 - 144 - 147 - 149 - 152 - 154 - 158 - 160 - 168 - 170 - 175 - 177 - 181 - 182 - 192 - 202 - 209 - 219 - 223 - 224 - 231 - 232 - 234 - 237 - 241 - 242 - 244 - 245 - 246 - 247 - 253 - 258 - 261 - 265 - 266 - 278 - 279 - 283 - 284 - 285 - 287 - 298 - 301 - 303 - 308 - 323 - 334 - 336 - 341 - 342 - 347 - 348 - 350 - 359 - 362 - 364 - 372 - 376 - 381 - 383 - 386 - 388 - 389 - 393 - 394 - 396 - 397 - 403 - 404 - 405 - 406 - 408 - 409 - 415 - 419 - 420 - 433 - 436 - 440 - 454 - 459 - 460 - 463 - 467 - 472 - 476 - 478 - 480 - 481 - 483 - 485 - 489 - 493 - 494 - 495,4006939.7,20.1,89008,66777,111.74,Cost: 89008 & Capacity: 66777
1 - 2 - 8 - 9 - 12 - 21 - 26 - 30 - 37 - 44 - 47 - 50 - 53 - 59 - 66 - 72 - 73 - 83 - 84 - 86 - 95 - 105 - 111 - 115 - 119 - 122 - 128 - 133 - 136 - 138 - 142 - 144 - 147 - 149 - 152 - 154 - 158 - 160 - 168 - 170 - 175 - 177 - 181 - 182 - 192 - 202 - 209 - 219 - 223 - 224 - 231 - 232 - 234 - 237 - 241 - 242 - 244 - 245 - 246 - 247 - 253 - 258 - 261 - 265 - 266 - 278 - 279 - 283 - 284 - 285 - 287 - 298 - 301 - 303 - 308 - 323 - 334 - 336 - 341 - 342 - 347 - 348 - 350 - 359 - 362 - 364 - 372 - 376 - 381 - 383 - 386 - 388 - 389 - 393 - 394 - 396 - 397 - 403 - 404 - 405 - 406 - 408 - 409 - 415 - 419 - 420 - 433 - 436 - 440 - 449 - 454 - 459 - 460 - 463 - 467 - 472 - 476 - 478 - 480 - 481 - 483 - 485 - 489 - 493 - 494 - 495,4067047.5,19.8,90349,67776,111.74,Cost: 90349 & Capacity: 67776
0 - 2 - 4 - 9 - 10 - 11 - 12 - 13 - 15 - 16 - 17 - 20 - 21 - 25 - 28 - 36 - 37 - 38 - 42 - 44 - 45 - 50 - 51 - 53 - 54 - 56 - 58 - 60 - 61 - 62 - 63 - 64 - 65 - 67 - 68 - 69 - 71 - 72 - 75 - 76 - 78 - 80 - 84 - 86 - 87 - 90 - 91 - 94 - 95 - 96 - 97 - 98 - 99 - 100 - 103 - 105 - 107 - 108 - 109 - 110 - 111 - 113 - 114 - 115 - 116 - 118 - 120 - 123 - 124 - 125 - 128 - 129 - 131 - 132 - 135 - 137 - 139 - 140 - 142 - 144 - 145 - 146 - 147 - 148 - 150 - 151 - 152 - 154 - 155 - 157 - 158 - 159 - 160 - 163 - 164 - 165 - 166 - 167 - 170 - 174 - 175 - 178 - 179 - 180 - 181 - 182 - 183 - 184 - 185 - 186 - 187 - 188 - 189 - 190 - 192 - 193 - 195 - 197 - 203 - 204 - 210 - 211 - 212 - 214 - 216 - 217 - 218 - 221 - 225 - 228 - 229 - 230 - 231 - 233 - 235 - 237 - 238 - 239 - 241 - 242 - 246 - 248 - 250 - 254 - 255 - 257 - 258 - 259 - 262 - 263 - 266 - 267 - 268 - 269 - 270 - 272 - 274 - 275 - 276 - 277 - 280 - 281 - 283 - 284 - 288 - 289 - 290 - 292 - 294 - 295 - 297 - 299 - 300 - 301 - 302 - 303 - 305 - 306 - 307 - 309 - 311 - 312 - 313 - 316 - 318 - 321 - 322 - 323 - 324 - 325 - 327 - 328 - 329 - 331 - 333 - 337 - 338 - 343 - 344 - 347 - 349 - 354 - 355 - 356 - 360 - 362 - 363 - 364 - 365 - 366 - 369 - 370 - 371 - 372 - 373 - 374 - 375 - 377 - 379 - 380 - 382 - 384 - 385 - 387 - 388 - 389 - 390 - 392 - 393 - 397 - 400 - 402 - 404 - 405 - 406 - 409 - 411 - 413 - 414 - 415 - 416 - 418 - 419 - 420 - 421 - 422 - 424 - 426 - 427 - 428 - 429 - 430 - 432 - 434 - 435 - 436 - 437 - 438 - 440 - 441 - 442 - 445 - 446 - 448 - 450 - 454 - 456 - 460 - 463 - 464 - 468 - 469 - 470 - 471 - 472 - 473 - 474 - 476 - 477 - 480 - 481 - 485 - 488 - 490 - 492 - 494 - 495 - 496,20819685.3,0.0,98261,100816,111.96,Cost: 98261 & Capacity: 100816
0 - 3 - 13 - 20 - 21 - 22 - 25 - 29 - 31 - 32 - 39 - 40 - 50 - 53 - 61 - 64 - 66 - 67 - 73 - 75 - 76 - 79 - 84 - 87 - 90 - 91 - 95 - 98 - 103 - 104 - 108 - 110 - 111 - 115 - 119 - 120 - 121 - 123 - 125 - 131 - 133 - 137 - 140 - 144 - 145 - 146 - 147 - 148 - 150 - 158 - 168 - 169 - 170 - 171 - 172 - 184 - 195 - 201 - 211 - 212 - 215 - 218 - 219 - 223 - 224 - 229 - 237 - 239 - 249 - 250 - 252 - 256 - 265 - 275 - 283 - 286 - 287 - 299 - 302 - 303 - 305 - 309 - 311 - 317 - 321 - 325 - 331 - 333 - 336 - 338 - 345 - 346 - 350 - 359 - 361 - 364 - 366 - 368 - 374 - 375 - 381 - 387 - 389 - 390 - 393 - 397 - 402 - 408 - 412 - 413 - 419 - 422 - 435 - 436 - 439 - 442 - 449 - 450 - 452 - 455 - 468 - 470 - 471 - 476 - 477 - 478 - 480 - 482 - 485 - 489,4275205.0,19.2,83014,66044,115.96,Cost: 83014 & Capacity: 66044
8 - 10 - 12 - 18 - 21 - 25 - 26 - 36 - 38 - 39 - 40 - 44 - 47 - 49 - 51 - 60 - 62 - 64 - 67 - 68 - 69 - 72 - 73 - 75 - 80 - 81 - 82 - 83 - 84 - 86 - 87 - 89 - 94 - 95 - 105 - 107 - 117 - 126 - 128 - 136 - 137 - 142 - 144 - 146 - 147 - 149 - 152 - 155 - 156 - 158 - 159 - 163 - 164 - 166 - 168 - 169 - 170 - 171 - 176 - 187 - 189 - 190 - 207 - 224 - 225 - 227 - 228 - 231 - 232 - 234 - 237 - 239 - 246 - 252 - 255 - 259 - 261 - 265 - 266 - 269 - 272 - 273 - 277 - 278 - 284 - 285 - 287 - 292 - 294 - 297 - 298 - 299 - 301 - 304 - 306 - 310 - 312 - 317 - 323 - 326 - 327 - 331 - 332 - 333 - 334 - 336 - 338 - 341 - 345 - 347 - 356 - 361 - 362 - 366 - 369 - 371 - 372 - 373 - 374 - 376 - 381 - 382 - 384 - 387 - 388 - 389 - 391 - 392 - 393 - 395 - 403 - 404 - 407 - 409 - 415 - 422 - 423 - 425 - 427 - 428 - 432 - 433 - 438 - 440 - 442 - 444 - 449 - 450 - 452 - 454 - 459 - 460 - 468 - 472 - 476 - 477 - 485 - 488 - 489 - 493 - 497 - 499,6606376.3,13.7,98035,75891,116.65,Cost: 98035 & Capacity: 75891
0 - 2 - 4 - 9 - 10 - 11 - 12 - 13 - 15 - 16 - 17 - 20 - 21 - 25 - 28 - 36 - 37 - 38 - 42 - 44 - 45 - 50 - 51 - 53 - 54 - 56 - 58 - 60 - 61 - 62 - 63 - 64 - 65 - 67 - 68 - 69 - 71 - 72 - 75 - 76 - 78 - 80 - 84 - 86 - 87 - 90 - 91 - 94 - 95 - 96 - 97 - 98 - 99 - 100 - 103 - 105 - 107 - 108 - 109 - 110 - 111 - 113 - 114 - 115 - 116 - 118 - 120 - 123 - 124 - 125 - 128 - 129 - 131 - 132 - 135 - 137 - 139 - 140 - 142 - 144 - 145 - 146 - 147 - 148 - 150 - 151 - 152 - 154 - 155 - 157 - 158 - 159 - 160 - 163 - 164 - 165 - 166 - 167 - 170 - 174 - 175 - 178 - 179 - 180 - 181 - 182 - 183 - 184 - 185 - 186 - 187 - 188 - 189 - 190 - 192 - 193 - 195 - 197 - 203 - 204 - 210 - 211 - 212 - 214 - 216 - 217 - 218 - 221 - 225 - 228 - 229 - 230 - 231 - 233 - 235 - 237 - 238 - 239 - 241 - 242 - 246 - 248 - 250 - 254 - 255 - 257 - 258 - 259 - 262 - 263 - 266 - 267 - 268 - 269 - 270 - 272 - 274 - 275 - 276 - 277 - 280 - 281 - 283 - 284 - 288 - 289 - 290 - 292 - 294 - 295 - 297 - 299 - 300 - 301 - 302 - 303 - 305 - 306 - 307 - 309 - 311 - 312 - 313 - 316 - 318 - 321 - 322 - 323 - 324 - 325 - 327 - 328 - 329 - 331 - 333 - 337 - 338 - 343 - 344 - 347 - 349 - 354 - 355 - 356 - 360 - 362 - 363 - 364 - 365 - 366 - 369 - 370 - 371 - 372 - 373 - 374 - 375 - 377 - 379 - 380 - 382 - 384 - 385 - 387 - 388 - 389 - 390 - 392 - 393 - 397 - 400 - 402 - 404 - 405 - 406 - 409 - 411 - 413 - 414 - 415 - 416 - 418 - 419 - 420 - 421 - 422 - 424 - 426 - 427 - 428 - 429 - 430 - 432 - 434 - 435 - 436 - 437 - 438 - 440 - 441 - 442 - 445 - 446 - 448 - 450 - 454 - 456 - 460 - 463 - 464 - 468 - 469 - 470 - 471 - 472 - 473 - 474 - 476 - 477 - 480 - 481 - 485 - 488 - 490 - 492 - 494 - 495 - 496,20819685.3,0.0,98261,100816,117.02,Cost: 98261 & Capacity: 100816
0 - 2 - 4 - 9 - 10 - 11 - 12 - 13 - 15 - 16 - 17 - 20 - 21 - 25 - 28 - 36 - 37 - 38 - 42 - 44 - 45 - 50 - 51 - 53 - 54 - 56 - 58 - 60 - 61 - 62 - 63 - 64 - 65 - 67 - 68 - 69 - 71 - 72 - 75 - 76 - 78 - 80 - 84 - 86 - 87 - 90 - 91 - 94 - 95 - 96 - 97 - 98 - 99 - 100 - 103 - 105 - 107 - 108 - 109 - 110 - 111 - 113 - 114 - 115 - 116 - 118 - 120 - 123 - 124 - 125 - 128 - 129 - 131 - 132 - 135 - 137 - 139 - 140 - 142 - 144 - 145 - 146 - 147 - 148 - 150 - 151 - 152 - 154 - 155 - 157 - 158 - 159 - 160 - 163 - 164 - 165 - 166 - 167 - 170 - 174 - 175 - 178 - 179 - 180 - 181 - 182 - 183 - 184 - 185 - 186 - 187 - 188 - 189 - 190 - 192 - 193 - 195 - 197 - 203 - 204 - 210 - 211 - 212 - 214 - 216 - 217 - 218 - 221 - 225 - 228 - 229 - 230 - 231 - 233 - 235 - 237 - 238 - 239 - 241 - 242 - 246 - 248 - 250 - 254 - 255 - 257 - 258 - 259 - 262 - 263 - 266 - 267 - 268 - 269 - 270 - 272 - 274 - 275 - 276 - 277 - 280 - 281 - 283 - 284 - 288 - 289 - 290 - 292 - 294 - 295 - 297 - 299 - 300 - 301 - 302 - 303 - 305 - 306 - 307 - 309 - 311 - 312 - 313 - 316 - 318 - 321 - 322 - 323 - 324 - 325 - 327 - 328 - 329 - 331 - 333 - 337 - 338 - 343 - 344 - 347 - 349 - 354 - 355 - 356 - 360 - 362 - 363 - 364 - 365 - 366 - 369 - 370 - 371 - 372 - 373 - 374 - 375 - 377 - 379 - 380 - 382 - 384 - 385 - 387 - 388 - 389 - 390 - 392 - 393 - 397 - 400 - 402 - 404 - 405 - 406 - 409 - 411 - 413 - 414 - 415 - 416 - 418 - 419 - 420 - 421 - 422 - 424 - 426 - 427 - 428 - 429 - 430 - 432 - 434 - 435 - 436 - 437 - 438 - 440 - 441 - 442 - 445 - 446 - 448 - 450 - 454 - 456 - 460 - 463 - 464 - 468 - 469 - 470 - 471 - 472 - 473 - 474 - 476 - 477 - 480 - 481 - 485 - 488 - 490 - 492 - 494 - 495 - 496,20819685.3,0.0,98261,100816,120.9,Cost: 98261 & Capacity: 100816
