Nodes,MaxSum,MaxMin,Cost,Capacity,Time,Constraint values
0 - 2 - 4 - 9 - 10 - 11 - 12 - 13 - 15 - 16 - 17 - 20 - 21 - 28 - 34 - 36 - 37 - 38 - 42 - 43 - 44 - 45 - 50 - 51 - 53 - 54 - 56 - 58 - 59 - 60 - 61 - 62 - 63 - 64 - 65 - 67 - 68 - 69 - 71 - 72 - 75 - 76 - 78 - 80 - 84 - 86 - 87 - 90 - 91 - 94 - 95 - 96 - 97 - 98 - 99 - 100 - 103 - 105 - 107 - 108 - 109 - 110 - 111 - 114 - 115 - 116 - 118 - 120 - 123 - 124 - 125 - 128 - 129 - 131 - 132 - 135 - 137 - 140 - 142 - 144 - 145 - 146 - 147 - 148 - 150 - 151 - 152 - 154 - 155 - 158 - 159 - 160 - 163 - 164 - 165 - 166 - 167 - 170 - 174 - 175 - 178 - 179 - 180 - 181 - 182 - 183 - 184 - 185 - 186 - 187 - 188 - 189 - 190 - 192 - 193 - 195 - 197 - 203 - 204 - 206 - 210 - 211 - 212 - 214 - 215 - 216 - 217 - 218 - 221 - 225 - 228 - 229 - 230 - 231 - 233 - 234 - 235 - 237 - 238 - 239 - 241 - 242 - 246 - 248 - 250 - 254 - 255 - 257 - 258 - 259 - 262 - 263 - 266 - 267 - 268 - 269 - 270 - 272 - 274 - 275 - 276 - 277 - 280 - 281 - 283 - 284 - 288 - 289 - 290 - 292 - 294 - 295 - 297 - 299 - 300 - 301 - 302 - 303 - 305 - 306 - 307 - 309 - 311 - 312 - 313 - 316 - 318 - 322 - 323 - 324 - 325 - 327 - 328 - 329 - 331 - 333 - 335 - 337 - 338 - 343 - 344 - 347 - 349 - 354 - 355 - 356 - 360 - 362 - 363 - 364 - 365 - 366 - 369 - 370 - 371 - 372 - 373 - 374 - 375 - 377 - 379 - 380 - 382 - 384 - 385 - 387 - 388 - 389 - 390 - 392 - 393 - 397 - 400 - 402 - 404 - 405 - 406 - 409 - 411 - 413 - 414 - 415 - 416 - 418 - 419 - 420 - 421 - 422 - 424 - 426 - 427 - 428 - 429 - 430 - 432 - 434 - 435 - 437 - 438 - 440 - 441 - 442 - 445 - 446 - 448 - 450 - 454 - 456 - 458 - 460 - 463 - 464 - 468 - 469 - 470 - 472 - 473 - 474 - 476 - 477 - 480 - 481 - 485 - 488 - 490 - 492 - 494 - 495 - 496,20910191.7,0.0,98244,100681,13.59,Cost: 98244 & Capacity: 100681
12 - 13 - 17 - 34 - 35 - 59 - 61 - 64 - 76 - 79 - 81 - 84 - 85 - 88 - 90 - 93 - 95 - 101 - 104 - 117 - 118 - 122 - 129 - 134 - 146 - 149 - 153 - 165 - 184 - 186 - 188 - 194 - 195 - 202 - 214 - 219 - 223 - 227 - 235 - 237 - 243 - 247 - 248 - 251 - 252 - 259 - 260 - 264 - 265 - 273 - 276 - 277 - 282 - 286 - 295 - 306 - 308 - 336 - 337 - 338 - 340 - 356 - 357 - 359 - 362 - 381 - 409 - 412 - 416 - 423 - 424 - 433 - 435 - 438 - 443 - 449 - 450 - 451 - 453 - 455 - 457 - 465 - 466 - 477 - 481 - 487 - 493,1989900.4,34.7,68603,52534,14.95,Cost: 68603 & Capacity: 52534
12 - 13 - 17 - 34 - 35 - 59 - 61 - 64 - 76 - 79 - 81 - 84 - 85 - 88 - 90 - 93 - 95 - 101 - 104 - 117 - 118 - 122 - 129 - 134 - 146 - 149 - 153 - 165 - 184 - 186 - 188 - 193 - 194 - 195 - 202 - 214 - 219 - 223 - 227 - 235 - 237 - 243 - 247 - 248 - 251 - 252 - 259 - 260 - 264 - 265 - 273 - 276 - 277 - 282 - 286 - 295 - 306 - 308 - 336 - 337 - 338 - 340 - 356 - 357 - 359 - 362 - 381 - 409 - 412 - 416 - 423 - 424 - 433 - 435 - 438 - 443 - 449 - 450 - 451 - 453 - 455 - 457 - 464 - 465 - 466 - 477 - 481 - 487 - 493,2086116.1,33.9,69231,53331,14.95,Cost: 69231 & Capacity: 53331
12 - 13 - 17 - 34 - 35 - 59 - 61 - 64 - 76 - 79 - 81 - 84 - 85 - 88 - 90 - 93 - 95 - 101 - 104 - 115 - 117 - 118 - 122 - 129 - 134 - 146 - 149 - 153 - 165 - 180 - 184 - 186 - 188 - 193 - 194 - 195 - 202 - 214 - 219 - 223 - 227 - 235 - 237 - 243 - 247 - 248 - 251 - 252 - 259 - 260 - 264 - 265 - 273 - 276 - 277 - 282 - 286 - 295 - 306 - 308 - 336 - 337 - 338 - 340 - 356 - 357 - 359 - 362 - 376 - 381 - 389 - 409 - 412 - 416 - 423 - 424 - 433 - 435 - 438 - 443 - 449 - 450 - 451 - 453 - 455 - 457 - 464 - 465 - 466 - 477 - 481 - 487 - 493,2261162.4,32.8,71462,54867,14.96,Cost: 71462 & Capacity: 54867
3 - 12 - 13 - 17 - 34 - 35 - 59 - 61 - 64 - 76 - 79 - 81 - 84 - 85 - 88 - 90 - 93 - 95 - 101 - 104 - 115 - 117 - 118 - 122 - 129 - 134 - 146 - 149 - 153 - 162 - 165 - 180 - 184 - 186 - 188 - 193 - 194 - 195 - 202 - 214 - 219 - 223 - 227 - 235 - 237 - 243 - 247 - 248 - 251 - 252 - 259 - 260 - 264 - 265 - 273 - 276 - 277 - 282 - 286 - 295 - 306 - 308 - 336 - 337 - 338 - 340 - 356 - 357 - 359 - 362 - 376 - 381 - 389 - 409 - 412 - 416 - 423 - 424 - 433 - 435 - 438 - 443 - 449 - 450 - 451 - 453 - 455 - 457 - 464 - 465 - 466 - 477 - 481 - 487 - 493,2345695.8,32.0,73380,56132,14.96,Cost: 73380 & Capacity: 56132
3 - 12 - 13 - 17 - 34 - 35 - 49 - 59 - 61 - 64 - 76 - 79 - 81 - 84 - 85 - 88 - 90 - 93 - 95 - 101 - 104 - 115 - 117 - 118 - 122 - 129 - 134 - 146 - 149 - 153 - 162 - 165 - 180 - 184 - 186 - 188 - 193 - 194 - 195 - 202 - 214 - 219 - 223 - 227 - 235 - 237 - 243 - 247 - 248 - 251 - 252 - 259 - 260 - 264 - 265 - 273 - 276 - 277 - 282 - 286 - 295 - 306 - 308 - 336 - 337 - 338 - 340 - 356 - 357 - 359 - 362 - 376 - 381 - 388 - 389 - 409 - 412 - 416 - 423 - 424 - 433 - 435 - 438 - 443 - 449 - 450 - 451 - 453 - 455 - 457 - 464 - 465 - 466 - 477 - 481 - 487 - 493,2436713.6,31.8,74489,57050,14.96,Cost: 74489 & Capacity: 57050
7 - 14 - 17 - 21 - 23 - 48 - 65 - 67 - 73 - 87 - 91 - 94 - 95 - 109 - 112 - 114 - 117 - 123 - 124 - 136 - 140 - 145 - 151 - 152 - 154 - 166 - 170 - 172 - 176 - 177 - 178 - 184 - 189 - 194 - 207 - 209 - 215 - 216 - 228 - 229 - 232 - 237 - 239 - 244 - 246 - 248 - 255 - 258 - 259 - 261 - 265 - 271 - 278 - 282 - 284 - 287 - 294 - 299 - 308 - 314 - 319 - 333 - 338 - 341 - 343 - 349 - 350 - 351 - 352 - 366 - 368 - 369 - 373 - 378 - 380 - 382 - 389 - 395 - 397 - 399 - 405 - 407 - 417 - 418 - 424 - 438 - 439 - 440 - 442 - 443 - 458 - 459 - 463 - 477 - 485 - 489 - 493 - 497 - 499,2539501.0,29.2,69628,52686,20.06,Cost: 69628 & Capacity: 52686
4 - 8 - 9 - 11 - 12 - 28 - 34 - 35 - 38 - 43 - 44 - 47 - 48 - 50 - 55 - 59 - 61 - 64 - 71 - 73 - 75 - 76 - 77 - 78 - 81 - 84 - 96 - 97 - 99 - 105 - 107 - 122 - 127 - 129 - 133 - 144 - 145 - 146 - 151 - 153 - 157 - 163 - 164 - 166 - 168 - 171 - 176 - 181 - 184 - 185 - 192 - 194 - 196 - 200 - 202 - 204 - 211 - 212 - 214 - 217 - 219 - 221 - 223 - 224 - 231 - 237 - 238 - 247 - 248 - 249 - 251 - 255 - 256 - 257 - 260 - 261 - 272 - 277 - 279 - 280 - 284 - 285 - 286 - 287 - 292 - 295 - 298 - 304 - 313 - 319 - 322 - 323 - 325 - 330 - 333 - 334 - 337 - 343 - 348 - 350 - 352 - 355 - 358 - 364 - 366 - 376 - 378 - 381 - 382 - 383 - 385 - 391 - 397 - 398 - 401 - 403 - 409 - 415 - 416 - 419 - 422 - 425 - 428 - 429 - 438 - 441 - 443 - 449 - 450 - 452 - 459 - 467 - 468 - 473 - 476 - 477 - 480 - 482 - 486 - 492 - 497,5117759.4,17.2,97881,74783,22.01,Cost: 97881 & Capacity: 74783
7 - 21 - 24 - 27 - 34 - 35 - 40 - 47 - 49 - 51 - 58 - 62 - 70 - 72 - 76 - 78 - 79 - 81 - 84 - 86 - 90 - 101 - 104 - 107 - 109 - 117 - 119 - 130 - 132 - 134 - 145 - 148 - 152 - 155 - 180 - 190 - 192 - 193 - 194 - 203 - 204 - 224 - 227 - 228 - 231 - 235 - 237 - 240 - 242 - 243 - 244 - 246 - 258 - 259 - 260 - 261 - 262 - 271 - 272 - 273 - 278 - 279 - 284 - 285 - 287 - 288 - 292 - 298 - 299 - 301 - 304 - 305 - 307 - 311 - 315 - 317 - 320 - 323 - 326 - 338 - 340 - 341 - 350 - 352 - 361 - 362 - 372 - 374 - 376 - 389 - 392 - 393 - 402 - 403 - 404 - 411 - 416 - 417 - 429 - 431 - 438 - 441 - 442 - 444 - 459 - 466 - 467 - 468 - 470 - 473 - 493 - 494,3276536.3,24.2,75271,57335,30.55,Cost: 75271 & Capacity: 57335
0 - 5 - 17 - 18 - 20 - 25 - 32 - 42 - 44 - 45 - 46 - 47 - 49 - 53 - 55 - 61 - 62 - 67 - 72 - 79 - 84 - 85 - 86 - 87 - 95 - 101 - 104 - 109 - 114 - 116 - 117 - 125 - 126 - 130 - 137 - 139 - 143 - 145 - 146 - 147 - 156 - 158 - 159 - 161 - 162 - 166 - 170 - 175 - 178 - 179 - 184 - 192 - 193 - 201 - 202 - 203 - 219 - 223 - 224 - 227 - 229 - 233 - 235 - 237 - 239 - 240 - 245 - 246 - 247 - 248 - 249 - 251 - 252 - 258 - 259 - 262 - 263 - 273 - 275 - 276 - 277 - 283 - 284 - 285 - 287 - 292 - 293 - 294 - 303 - 306 - 307 - 308 - 310 - 314 - 317 - 319 - 320 - 322 - 325 - 336 - 339 - 343 - 350 - 355 - 357 - 358 - 359 - 361 - 363 - 370 - 375 - 377 - 381 - 385 - 389 - 395 - 402 - 403 - 405 - 409 - 410 - 411 - 415 - 416 - 418 - 423 - 427 - 433 - 436 - 442 - 443 - 444 - 449 - 451 - 458 - 465 - 468 - 476 - 477 - 478 - 485 - 487 - 488 - 489 - 492 - 494 - 495 - 497 - 499,5677850.2,15.1,94979,75910,32.02,Cost: 94979 & Capacity: 75910
0 - 2 - 4 - 9 - 10 - 12 - 13 - 15 - 16 - 17 - 20 - 21 - 28 - 34 - 36 - 37 - 38 - 42 - 43 - 44 - 45 - 50 - 51 - 53 - 54 - 56 - 58 - 59 - 60 - 61 - 62 - 63 - 64 - 65 - 67 - 68 - 69 - 71 - 72 - 75 - 76 - 78 - 80 - 84 - 86 - 87 - 90 - 91 - 94 - 95 - 96 - 97 - 98 - 99 - 100 - 103 - 105 - 107 - 108 - 109 - 110 - 111 - 114 - 115 - 116 - 118 - 120 - 123 - 124 - 125 - 128 - 129 - 131 - 132 - 135 - 137 - 140 - 142 - 144 - 145 - 146 - 147 - 148 - 150 - 151 - 152 - 154 - 155 - 158 - 159 - 160 - 163 - 164 - 165 - 166 - 167 - 170 - 174 - 175 - 178 - 179 - 180 - 181 - 182 - 183 - 184 - 185 - 186 - 187 - 188 - 189 - 190 - 192 - 193 - 195 - 197 - 200 - 203 - 204 - 206 - 210 - 211 - 212 - 214 - 215 - 216 - 217 - 218 - 221 - 225 - 228 - 229 - 230 - 231 - 233 - 235 - 237 - 238 - 239 - 241 - 242 - 246 - 248 - 250 - 254 - 255 - 257 - 258 - 259 - 262 - 263 - 266 - 267 - 268 - 269 - 270 - 272 - 274 - 275 - 276 - 277 - 280 - 281 - 283 - 284 - 288 - 289 - 290 - 292 - 294 - 295 - 297 - 299 - 300 - 301 - 302 - 303 - 305 - 306 - 307 - 309 - 311 - 312 - 313 - 316 - 318 - 322 - 323 - 324 - 325 - 327 - 328 - 329 - 331 - 333 - 335 - 337 - 338 - 343 - 344 - 347 - 349 - 354 - 355 - 356 - 360 - 362 - 363 - 364 - 365 - 366 - 369 - 370 - 371 - 372 - 373 - 374 - 375 - 377 - 379 - 380 - 382 - 384 - 385 - 387 - 388 - 389 - 390 - 392 - 393 - 397 - 400 - 402 - 404 - 405 - 406 - 409 - 411 - 413 - 414 - 415 - 416 - 418 - 419 - 420 - 421 - 422 - 424 - 426 - 427 - 428 - 429 - 430 - 432 - 434 - 435 - 437 - 438 - 440 - 441 - 442 - 445 - 446 - 448 - 450 - 454 - 456 - 458 - 460 - 463 - 464 - 466 - 468 - 469 - 470 - 472 - 473 - 474 - 476 - 477 - 480 - 481 - 485 - 488 - 490 - 492 - 494 - 495 - 496,20881416.0,0.0,98197,100517,33.75,Cost: 98197 & Capacity: 100517
0 - 2 - 4 - 9 - 10 - 13 - 15 - 16 - 17 - 20 - 21 - 28 - 34 - 36 - 37 - 38 - 42 - 43 - 44 - 45 - 50 - 51 - 53 - 54 - 56 - 58 - 59 - 60 - 61 - 62 - 63 - 64 - 65 - 67 - 68 - 69 - 71 - 72 - 75 - 76 - 78 - 80 - 84 - 86 - 87 - 90 - 91 - 94 - 95 - 96 - 97 - 98 - 99 - 100 - 103 - 105 - 107 - 108 - 109 - 110 - 111 - 114 - 115 - 116 - 118 - 120 - 123 - 124 - 125 - 128 - 129 - 131 - 132 - 135 - 137 - 140 - 142 - 144 - 145 - 146 - 147 - 148 - 150 - 151 - 152 - 154 - 155 - 158 - 159 - 160 - 163 - 164 - 165 - 166 - 167 - 170 - 174 - 175 - 178 - 179 - 180 - 181 - 182 - 183 - 184 - 185 - 186 - 187 - 188 - 189 - 190 - 192 - 193 - 195 - 197 - 200 - 203 - 204 - 206 - 210 - 211 - 212 - 214 - 215 - 216 - 217 - 218 - 221 - 225 - 228 - 229 - 230 - 231 - 233 - 235 - 237 - 238 - 239 - 241 - 242 - 246 - 248 - 250 - 254 - 255 - 257 - 258 - 259 - 262 - 263 - 266 - 267 - 268 - 269 - 270 - 272 - 274 - 275 - 276 - 277 - 280 - 281 - 283 - 284 - 288 - 289 - 290 - 292 - 294 - 295 - 297 - 299 - 300 - 301 - 302 - 303 - 305 - 306 - 307 - 309 - 311 - 312 - 313 - 316 - 318 - 322 - 323 - 324 - 325 - 327 - 328 - 329 - 331 - 333 - 335 - 337 - 338 - 343 - 344 - 347 - 349 - 354 - 355 - 356 - 360 - 362 - 363 - 364 - 365 - 366 - 369 - 370 - 371 - 372 - 373 - 374 - 375 - 377 - 379 - 380 - 382 - 384 - 385 - 387 - 388 - 389 - 390 - 392 - 393 - 397 - 400 - 402 - 404 - 405 - 406 - 409 - 411 - 413 - 414 - 415 - 416 - 418 - 419 - 420 - 421 - 422 - 424 - 426 - 427 - 428 - 429 - 430 - 432 - 434 - 435 - 437 - 438 - 440 - 441 - 442 - 445 - 446 - 448 - 450 - 454 - 456 - 458 - 460 - 463 - 464 - 466 - 468 - 469 - 470 - 472 - 473 - 474 - 476 - 477 - 480 - 481 - 485 - 488 - 490 - 492 - 494 - 495 - 496,20734184.1,0.0,97509,99866,33.75,Cost: 97509 & Capacity: 99866
5 - 17 - 18 - 21 - 35 - 40 - 42 - 44 - 47 - 49 - 50 - 58 - 61 - 64 - 67 - 72 - 75 - 76 - 79 - 84 - 86 - 87 - 90 - 93 - 95 - 99 - 104 - 106 - 115 - 116 - 117 - 118 - 119 - 122 - 124 - 125 - 127 - 131 - 134 - 136 - 137 - 142 - 146 - 147 - 148 - 149 - 150 - 153 - 164 - 168 - 173 - 176 - 179 - 185 - 188 - 190 - 193 - 194 - 195 - 202 - 207 - 212 - 217 - 221 - 223 - 225 - 231 - 232 - 235 - 237 - 242 - 243 - 245 - 249 - 252 - 257 - 259 - 261 - 263 - 265 - 268 - 273 - 277 - 278 - 279 - 281 - 283 - 284 - 285 - 286 - 292 - 298 - 299 - 302 - 303 - 304 - 306 - 307 - 308 - 311 - 323 - 326 - 327 - 331 - 333 - 336 - 338 - 342 - 343 - 345 - 346 - 352 - 361 - 364 - 372 - 376 - 381 - 388 - 389 - 390 - 392 - 393 - 397 - 400 - 402 - 403 - 404 - 406 - 407 - 409 - 411 - 415 - 416 - 419 - 428 - 433 - 437 - 438 - 442 - 445 - 449 - 450 - 451 - 455 - 465 - 467 - 468 - 470 - 476 - 477 - 485 - 487 - 495,6118232.8,14.5,93985,74086,2.83,Cost: 93985 & Capacity: 74086
0 - 2 - 4 - 8 - 11 - 12 - 17 - 23 - 25 - 29 - 38 - 39 - 40 - 42 - 43 - 44 - 45 - 58 - 60 - 65 - 69 - 72 - 74 - 75 - 81 - 84 - 85 - 86 - 88 - 89 - 90 - 91 - 99 - 101 - 102 - 104 - 113 - 115 - 116 - 123 - 127 - 131 - 137 - 142 - 144 - 145 - 146 - 147 - 150 - 154 - 156 - 157 - 158 - 179 - 180 - 181 - 184 - 185 - 188 - 199 - 207 - 209 - 212 - 217 - 218 - 219 - 222 - 223 - 224 - 225 - 227 - 229 - 233 - 245 - 246 - 248 - 249 - 252 - 255 - 262 - 266 - 268 - 277 - 283 - 284 - 285 - 287 - 289 - 292 - 294 - 295 - 297 - 299 - 302 - 303 - 305 - 306 - 308 - 309 - 316 - 318 - 319 - 320 - 322 - 323 - 325 - 326 - 327 - 328 - 329 - 333 - 336 - 337 - 338 - 339 - 340 - 343 - 344 - 345 - 348 - 352 - 355 - 361 - 366 - 368 - 370 - 375 - 381 - 382 - 387 - 388 - 392 - 395 - 398 - 401 - 408 - 410 - 416 - 418 - 424 - 428 - 431 - 439 - 442 - 443 - 449 - 450 - 451 - 457 - 458 - 461 - 463 - 468 - 470 - 472 - 474 - 477 - 479 - 480 - 482 - 485 - 489 - 491 - 494 - 497,6960773.3,11.8,98247,79119,5.77,Cost: 98247 & Capacity: 79119
7 - 11 - 15 - 28 - 29 - 35 - 39 - 43 - 49 - 54 - 57 - 58 - 64 - 68 - 69 - 72 - 76 - 81 - 96 - 103 - 104 - 116 - 117 - 122 - 124 - 126 - 129 - 131 - 140 - 143 - 145 - 147 - 163 - 176 - 178 - 185 - 192 - 200 - 202 - 221 - 224 - 229 - 236 - 244 - 245 - 247 - 251 - 252 - 258 - 259 - 261 - 266 - 269 - 272 - 275 - 277 - 279 - 280 - 281 - 287 - 291 - 292 - 303 - 307 - 312 - 315 - 318 - 319 - 322 - 323 - 331 - 333 - 344 - 354 - 355 - 358 - 364 - 365 - 388 - 391 - 402 - 406 - 411 - 420 - 421 - 425 - 434 - 440 - 444 - 447 - 449 - 450 - 459 - 464 - 467 - 470 - 474 - 488 - 489,2557598.2,29.0,65754,53991,12.01,Cost: 65754 & Capacity: 53991
7 - 11 - 15 - 28 - 29 - 35 - 39 - 43 - 48 - 49 - 50 - 53 - 54 - 55 - 57 - 58 - 63 - 64 - 68 - 69 - 72 - 76 - 81 - 83 - 84 - 86 - 96 - 103 - 104 - 116 - 117 - 119 - 122 - 124 - 126 - 129 - 131 - 140 - 143 - 145 - 147 - 162 - 163 - 171 - 176 - 178 - 181 - 185 - 190 - 192 - 200 - 202 - 205 - 221 - 224 - 227 - 229 - 233 - 236 - 237 - 244 - 245 - 247 - 251 - 252 - 256 - 258 - 259 - 260 - 261 - 264 - 266 - 269 - 272 - 273 - 275 - 277 - 279 - 280 - 281 - 282 - 287 - 291 - 292 - 303 - 304 - 305 - 307 - 312 - 315 - 318 - 319 - 322 - 323 - 325 - 327 - 331 - 333 - 341 - 344 - 352 - 354 - 355 - 358 - 361 - 364 - 365 - 366 - 381 - 382 - 388 - 390 - 391 - 401 - 402 - 406 - 407 - 411 - 420 - 421 - 422 - 425 - 434 - 437 - 440 - 443 - 444 - 447 - 449 - 450 - 458 - 459 - 464 - 467 - 470 - 474 - 476 - 477 - 485 - 488 - 489 - 494 - 495,5262363.2,16.0,97291,76181,12.0,Cost: 97291 & Capacity: 76181
7 - 11 - 15 - 28 - 29 - 35 - 39 - 43 - 48 - 49 - 50 - 53 - 54 - 55 - 57 - 58 - 63 - 64 - 68 - 69 - 72 - 76 - 81 - 83 - 84 - 86 - 96 - 103 - 104 - 116 - 117 - 119 - 122 - 124 - 126 - 127 - 129 - 131 - 140 - 143 - 145 - 147 - 162 - 163 - 171 - 176 - 178 - 181 - 185 - 190 - 192 - 200 - 202 - 205 - 221 - 224 - 227 - 229 - 233 - 236 - 237 - 244 - 245 - 247 - 251 - 252 - 256 - 258 - 259 - 260 - 261 - 264 - 266 - 269 - 272 - 273 - 275 - 277 - 279 - 280 - 281 - 282 - 287 - 291 - 292 - 303 - 304 - 305 - 307 - 312 - 315 - 318 - 319 - 322 - 323 - 325 - 327 - 331 - 333 - 341 - 344 - 352 - 354 - 355 - 358 - 361 - 364 - 365 - 366 - 381 - 382 - 388 - 390 - 391 - 401 - 402 - 406 - 407 - 411 - 420 - 421 - 422 - 425 - 434 - 437 - 440 - 443 - 444 - 447 - 449 - 450 - 458 - 459 - 464 - 467 - 470 - 474 - 476 - 477 - 485 - 488 - 489 - 494 - 495,5334194.9,15.9,98075,76671,12.0,Cost: 98075 & Capacity: 76671
0 - 5 - 7 - 8 - 14 - 15 - 18 - 25 - 29 - 30 - 38 - 39 - 40 - 45 - 47 - 53 - 54 - 58 - 62 - 64 - 68 - 70 - 72 - 73 - 81 - 83 - 85 - 89 - 94 - 95 - 97 - 98 - 107 - 114 - 115 - 116 - 117 - 119 - 122 - 129 - 134 - 139 - 144 - 145 - 150 - 156 - 158 - 159 - 161 - 163 - 164 - 168 - 170 - 175 - 179 - 185 - 187 - 189 - 192 - 194 - 202 - 203 - 207 - 210 - 216 - 217 - 218 - 223 - 224 - 227 - 229 - 232 - 234 - 246 - 247 - 256 - 266 - 269 - 270 - 274 - 276 - 277 - 278 - 284 - 287 - 290 - 292 - 303 - 304 - 308 - 312 - 319 - 321 - 322 - 327 - 328 - 332 - 334 - 335 - 336 - 337 - 338 - 349 - 351 - 356 - 361 - 362 - 364 - 366 - 369 - 372 - 378 - 382 - 383 - 386 - 387 - 390 - 391 - 392 - 397 - 403 - 404 - 409 - 413 - 415 - 418 - 419 - 421 - 430 - 432 - 433 - 437 - 440 - 442 - 443 - 449 - 451 - 452 - 454 - 459 - 463 - 464 - 470 - 475 - 476 - 480 - 482 - 485 - 489 - 492 - 493,5813758.1,15.0,98031,82157,14.88,Cost: 98031 & Capacity: 82157
0 - 2 - 4 - 9 - 10 - 11 - 12 - 13 - 15 - 16 - 17 - 20 - 21 - 28 - 34 - 36 - 37 - 38 - 42 - 44 - 45 - 50 - 51 - 53 - 54 - 56 - 58 - 59 - 60 - 62 - 63 - 64 - 65 - 67 - 68 - 69 - 71 - 72 - 75 - 76 - 78 - 80 - 84 - 86 - 87 - 90 - 91 - 94 - 95 - 96 - 97 - 98 - 99 - 100 - 103 - 105 - 107 - 108 - 109 - 110 - 111 - 113 - 114 - 115 - 116 - 118 - 120 - 123 - 124 - 125 - 128 - 129 - 131 - 132 - 135 - 137 - 139 - 140 - 142 - 144 - 145 - 146 - 147 - 148 - 150 - 151 - 152 - 154 - 155 - 157 - 158 - 159 - 160 - 163 - 164 - 166 - 167 - 170 - 174 - 175 - 178 - 179 - 180 - 181 - 182 - 183 - 184 - 185 - 186 - 187 - 188 - 189 - 190 - 192 - 193 - 195 - 197 - 203 - 204 - 210 - 211 - 212 - 214 - 215 - 216 - 217 - 218 - 221 - 225 - 228 - 229 - 230 - 231 - 233 - 235 - 237 - 238 - 239 - 241 - 242 - 246 - 248 - 250 - 254 - 255 - 257 - 258 - 259 - 262 - 263 - 266 - 267 - 268 - 269 - 270 - 272 - 274 - 275 - 276 - 277 - 280 - 281 - 283 - 284 - 288 - 289 - 290 - 292 - 294 - 295 - 297 - 299 - 300 - 301 - 302 - 303 - 305 - 306 - 307 - 309 - 311 - 312 - 313 - 316 - 318 - 321 - 322 - 323 - 324 - 325 - 327 - 328 - 329 - 331 - 333 - 337 - 338 - 343 - 344 - 347 - 349 - 354 - 355 - 356 - 360 - 362 - 363 - 364 - 365 - 366 - 370 - 371 - 372 - 373 - 374 - 375 - 377 - 379 - 380 - 382 - 385 - 387 - 388 - 389 - 390 - 392 - 393 - 397 - 400 - 401 - 402 - 404 - 405 - 406 - 409 - 411 - 413 - 414 - 415 - 416 - 418 - 419 - 420 - 421 - 422 - 424 - 426 - 427 - 428 - 429 - 430 - 432 - 434 - 435 - 436 - 437 - 438 - 440 - 441 - 442 - 445 - 446 - 448 - 450 - 454 - 456 - 460 - 463 - 464 - 468 - 469 - 470 - 472 - 473 - 474 - 476 - 477 - 480 - 481 - 485 - 488 - 490 - 492 - 494 - 495 - 496 - 497,20657761.6,0.1,98262,99673,15.47,Cost: 98262 & Capacity: 99673
12 - 18 - 25 - 36 - 37 - 40 - 42 - 44 - 45 - 53 - 64 - 66 - 69 - 72 - 75 - 77 - 80 - 81 - 84 - 86 - 87 - 95 - 99 - 105 - 107 - 110 - 111 - 118 - 120 - 127 - 128 - 134 - 137 - 143 - 144 - 146 - 147 - 149 - 154 - 155 - 158 - 163 - 164 - 166 - 168 - 179 - 180 - 181 - 188 - 190 - 192 - 198 - 199 - 201 - 203 - 207 - 212 - 217 - 218 - 223 - 224 - 227 - 232 - 233 - 234 - 235 - 237 - 239 - 246 - 252 - 255 - 260 - 263 - 266 - 271 - 272 - 273 - 277 - 284 - 285 - 286 - 287 - 289 - 290 - 292 - 293 - 294 - 295 - 297 - 298 - 299 - 301 - 302 - 303 - 305 - 306 - 312 - 316 - 318 - 322 - 323 - 327 - 332 - 333 - 336 - 338 - 340 - 341 - 343 - 352 - 354 - 355 - 356 - 358 - 361 - 366 - 367 - 368 - 369 - 370 - 371 - 372 - 373 - 376 - 381 - 384 - 385 - 387 - 388 - 389 - 390 - 391 - 392 - 393 - 395 - 396 - 399 - 403 - 404 - 406 - 407 - 409 - 411 - 413 - 415 - 416 - 419 - 423 - 424 - 427 - 428 - 430 - 432 - 433 - 436 - 437 - 438 - 440 - 442 - 444 - 449 - 456 - 459 - 465 - 468 - 470 - 472 - 474 - 476 - 477 - 478 - 480 - 485 - 488 - 489 - 492 - 494 - 497 - 499,8176267.5,10.6,98173,82177,16.64,Cost: 98173 & Capacity: 82177
12 - 18 - 21 - 25 - 36 - 40 - 44 - 53 - 64 - 69 - 72 - 75 - 77 - 80 - 81 - 84 - 86 - 87 - 92 - 95 - 107 - 110 - 111 - 117 - 118 - 126 - 127 - 128 - 134 - 137 - 143 - 144 - 146 - 149 - 155 - 156 - 166 - 168 - 171 - 179 - 190 - 192 - 207 - 209 - 210 - 212 - 215 - 218 - 223 - 224 - 227 - 231 - 232 - 233 - 234 - 235 - 237 - 239 - 247 - 249 - 252 - 255 - 263 - 264 - 265 - 272 - 273 - 277 - 284 - 285 - 286 - 287 - 292 - 293 - 294 - 295 - 297 - 298 - 303 - 305 - 306 - 317 - 321 - 323 - 327 - 334 - 336 - 341 - 343 - 345 - 352 - 355 - 356 - 359 - 361 - 366 - 369 - 371 - 373 - 376 - 385 - 387 - 388 - 389 - 390 - 391 - 392 - 393 - 395 - 404 - 406 - 407 - 408 - 409 - 411 - 416 - 420 - 422 - 423 - 427 - 432 - 433 - 436 - 437 - 438 - 444 - 446 - 449 - 456 - 459 - 465 - 468 - 472 - 474 - 476 - 477 - 478 - 488 - 489 - 492,4983644.2,17.6,89035,71330,16.65,Cost: 89035 & Capacity: 71330
0 - 2 - 4 - 9 - 10 - 11 - 12 - 13 - 15 - 16 - 17 - 20 - 21 - 25 - 28 - 36 - 37 - 38 - 42 - 44 - 45 - 50 - 51 - 53 - 54 - 56 - 58 - 60 - 61 - 62 - 63 - 64 - 65 - 67 - 68 - 69 - 71 - 72 - 75 - 76 - 78 - 80 - 84 - 86 - 87 - 90 - 91 - 94 - 95 - 96 - 97 - 98 - 99 - 100 - 103 - 105 - 107 - 108 - 109 - 110 - 111 - 113 - 114 - 115 - 116 - 118 - 120 - 123 - 124 - 125 - 128 - 129 - 131 - 132 - 135 - 137 - 139 - 140 - 142 - 144 - 145 - 146 - 147 - 148 - 150 - 151 - 152 - 154 - 155 - 157 - 158 - 159 - 160 - 163 - 164 - 165 - 166 - 167 - 170 - 174 - 175 - 178 - 179 - 180 - 181 - 182 - 183 - 184 - 185 - 186 - 187 - 188 - 189 - 190 - 192 - 193 - 195 - 197 - 203 - 204 - 210 - 211 - 212 - 214 - 216 - 217 - 218 - 221 - 225 - 228 - 229 - 230 - 231 - 233 - 235 - 237 - 238 - 239 - 241 - 242 - 246 - 248 - 250 - 254 - 255 - 257 - 258 - 259 - 262 - 263 - 266 - 267 - 268 - 269 - 270 - 272 - 274 - 275 - 276 - 277 - 280 - 281 - 283 - 284 - 288 - 289 - 290 - 292 - 294 - 295 - 297 - 299 - 300 - 301 - 302 - 303 - 305 - 306 - 307 - 309 - 311 - 312 - 313 - 316 - 318 - 321 - 322 - 323 - 324 - 325 - 327 - 328 - 329 - 331 - 333 - 337 - 338 - 343 - 344 - 347 - 349 - 354 - 355 - 356 - 360 - 362 - 363 - 364 - 365 - 366 - 369 - 370 - 371 - 372 - 373 - 374 - 375 - 377 - 379 - 380 - 382 - 384 - 385 - 387 - 388 - 389 - 390 - 392 - 393 - 397 - 400 - 402 - 404 - 405 - 406 - 409 - 411 - 413 - 414 - 415 - 416 - 418 - 419 - 420 - 421 - 422 - 424 - 426 - 427 - 428 - 429 - 430 - 432 - 434 - 435 - 436 - 437 - 438 - 440 - 441 - 442 - 445 - 446 - 448 - 450 - 454 - 456 - 460 - 463 - 464 - 468 - 469 - 470 - 471 - 472 - 473 - 474 - 476 - 477 - 480 - 481 - 485 - 488 - 490 - 492 - 494 - 495 - 496,20819685.3,0.0,98261,100816,17.01,Cost: 98261 & Capacity: 100816
0 - 1 - 21 - 25 - 27 - 29 - 37 - 40 - 42 - 44 - 47 - 51 - 59 - 61 - 64 - 67 - 69 - 72 - 80 - 84 - 86 - 90 - 95 - 101 - 103 - 116 - 119 - 124 - 128 - 132 - 136 - 137 - 140 - 154 - 155 - 156 - 165 - 166 - 179 - 180 - 188 - 189 - 192 - 193 - 194 - 195 - 201 - 202 - 215 - 219 - 223 - 233 - 235 - 237 - 243 - 246 - 247 - 249 - 252 - 255 - 257 - 258 - 259 - 268 - 272 - 273 - 277 - 279 - 287 - 295 - 298 - 306 - 314 - 315 - 317 - 322 - 327 - 331 - 336 - 338 - 342 - 343 - 359 - 360 - 363 - 368 - 369 - 381 - 388 - 389 - 390 - 400 - 402 - 405 - 406 - 411 - 425 - 438 - 439 - 442 - 450 - 458 - 460 - 464 - 465 - 468 - 471 - 489 - 493 - 499,3137630.6,25.1,62661,52836,17.06,Cost: 62661 & Capacity: 52836
0 - 1 - 21 - 25 - 27 - 29 - 37 - 40 - 42 - 44 - 47 - 51 - 59 - 61 - 64 - 67 - 69 - 72 - 80 - 84 - 86 - 90 - 95 - 101 - 103 - 116 - 119 - 124 - 128 - 132 - 136 - 137 - 140 - 154 - 155 - 156 - 165 - 166 - 179 - 180 - 188 - 189 - 192 - 193 - 194 - 195 - 201 - 202 - 215 - 219 - 223 - 233 - 235 - 237 - 243 - 246 - 247 - 249 - 252 - 255 - 257 - 258 - 259 - 261 - 268 - 272 - 273 - 277 - 279 - 287 - 295 - 298 - 306 - 314 - 315 - 317 - 322 - 327 - 331 - 336 - 338 - 342 - 343 - 359 - 360 - 361 - 363 - 368 - 369 - 381 - 388 - 389 - 390 - 400 - 402 - 405 - 406 - 411 - 425 - 438 - 439 - 442 - 450 - 458 - 460 - 464 - 465 - 468 - 471 - 489 - 493 - 499,3252005.5,24.6,65192,54413,17.04,Cost: 65192 & Capacity: 54413
0 - 1 - 21 - 25 - 27 - 29 - 37 - 40 - 42 - 44 - 47 - 51 - 59 - 61 - 64 - 67 - 69 - 72 - 80 - 84 - 86 - 90 - 95 - 101 - 103 - 116 - 119 - 124 - 128 - 132 - 136 - 137 - 140 - 146 - 154 - 155 - 156 - 165 - 166 - 179 - 180 - 188 - 189 - 192 - 193 - 194 - 195 - 201 - 202 - 215 - 219 - 223 - 233 - 235 - 237 - 243 - 246 - 247 - 249 - 252 - 255 - 257 - 258 - 259 - 261 - 268 - 272 - 273 - 277 - 279 - 287 - 295 - 298 - 306 - 314 - 315 - 317 - 322 - 327 - 331 - 336 - 338 - 342 - 343 - 359 - 360 - 361 - 363 - 368 - 369 - 381 - 388 - 389 - 390 - 400 - 402 - 405 - 406 - 411 - 425 - 438 - 439 - 442 - 450 - 458 - 460 - 464 - 465 - 468 - 471 - 489 - 493 - 499,3309378.4,23.9,65610,54979,17.04,Cost: 65610 & Capacity: 54979
10 - 13 - 14 - 34 - 35 - 39 - 40 - 43 - 44 - 45 - 48 - 51 - 54 - 55 - 59 - 61 - 68 - 70 - 76 - 86 - 87 - 95 - 104 - 105 - 107 - 109 - 116 - 117 - 119 - 122 - 129 - 134 - 138 - 146 - 164 - 165 - 168 - 174 - 179 - 180 - 185 - 192 - 193 - 195 - 196 - 198 - 201 - 207 - 219 - 223 - 227 - 233 - 237 - 244 - 260 - 263 - 264 - 265 - 272 - 273 - 275 - 279 - 284 - 285 - 292 - 293 - 298 - 299 - 306 - 321 - 323 - 324 - 326 - 332 - 334 - 338 - 340 - 341 - 348 - 350 - 353 - 361 - 362 - 369 - 371 - 378 - 381 - 382 - 388 - 392 - 398 - 400 - 402 - 406 - 409 - 416 - 423 - 425 - 431 - 433 - 438 - 442 - 443 - 444 - 457 - 463 - 466 - 467 - 475 - 480 - 481 - 484 - 487 - 492 - 493 - 494,3491391.8,23.3,85462,65900,17.79,Cost: 85462 & Capacity: 65900
0 - 1 - 5 - 8 - 9 - 11 - 12 - 20 - 22 - 25 - 29 - 32 - 37 - 40 - 41 - 46 - 47 - 59 - 61 - 64 - 67 - 71 - 73 - 76 - 77 - 78 - 83 - 84 - 94 - 99 - 105 - 110 - 112 - 122 - 126 - 127 - 139 - 140 - 147 - 148 - 152 - 155 - 156 - 161 - 171 - 187 - 189 - 190 - 193 - 200 - 202 - 203 - 206 - 208 - 217 - 223 - 231 - 232 - 237 - 240 - 243 - 248 - 249 - 252 - 259 - 264 - 265 - 268 - 272 - 274 - 275 - 279 - 281 - 285 - 292 - 303 - 313 - 314 - 327 - 331 - 334 - 335 - 338 - 353 - 361 - 364 - 373 - 379 - 384 - 387 - 389 - 391 - 393 - 404 - 407 - 412 - 415 - 433 - 436 - 444 - 464 - 465 - 473 - 477 - 478 - 482 - 493,2963061.2,26.6,79856,61023,21.48,Cost: 79856 & Capacity: 61023
0 - 1 - 5 - 6 - 8 - 9 - 11 - 12 - 20 - 21 - 22 - 25 - 26 - 29 - 32 - 37 - 40 - 41 - 46 - 47 - 59 - 61 - 63 - 64 - 67 - 71 - 73 - 76 - 77 - 78 - 83 - 84 - 94 - 99 - 105 - 110 - 112 - 122 - 126 - 127 - 139 - 140 - 147 - 148 - 152 - 155 - 156 - 159 - 161 - 162 - 171 - 187 - 189 - 190 - 192 - 193 - 200 - 202 - 203 - 206 - 208 - 217 - 223 - 231 - 232 - 237 - 240 - 243 - 248 - 249 - 252 - 259 - 264 - 265 - 268 - 272 - 274 - 275 - 279 - 281 - 285 - 292 - 303 - 313 - 314 - 321 - 327 - 331 - 334 - 335 - 338 - 342 - 347 - 353 - 357 - 359 - 361 - 364 - 373 - 379 - 381 - 384 - 387 - 389 - 391 - 393 - 395 - 404 - 407 - 412 - 415 - 433 - 436 - 444 - 449 - 452 - 458 - 459 - 464 - 465 - 473 - 477 - 478 - 482 - 488 - 493,4088122.0,20.3,94456,72013,21.48,Cost: 94456 & Capacity: 72013
0 - 1 - 5 - 6 - 8 - 9 - 11 - 12 - 20 - 21 - 22 - 25 - 26 - 29 - 31 - 32 - 37 - 40 - 41 - 46 - 47 - 59 - 61 - 63 - 64 - 67 - 71 - 73 - 76 - 77 - 78 - 83 - 84 - 94 - 99 - 105 - 110 - 112 - 122 - 126 - 127 - 139 - 140 - 147 - 148 - 152 - 155 - 156 - 159 - 161 - 162 - 171 - 187 - 189 - 190 - 192 - 193 - 200 - 202 - 203 - 206 - 208 - 217 - 223 - 231 - 232 - 237 - 240 - 243 - 248 - 249 - 252 - 259 - 264 - 265 - 268 - 272 - 274 - 275 - 279 - 281 - 285 - 292 - 303 - 313 - 314 - 321 - 327 - 331 - 334 - 335 - 338 - 342 - 347 - 353 - 357 - 359 - 361 - 364 - 373 - 379 - 381 - 384 - 387 - 389 - 391 - 393 - 395 - 404 - 407 - 412 - 415 - 433 - 436 - 444 - 449 - 452 - 458 - 459 - 464 - 465 - 473 - 477 - 478 - 482 - 488 - 493,4150025.5,19.9,96060,72884,21.48,Cost: 96060 & Capacity: 72884
0 - 2 - 4 - 9 - 10 - 11 - 12 - 13 - 15 - 16 - 17 - 20 - 21 - 25 - 28 - 36 - 37 - 38 - 42 - 44 - 45 - 50 - 51 - 53 - 54 - 56 - 58 - 60 - 61 - 62 - 63 - 64 - 65 - 67 - 68 - 69 - 71 - 72 - 75 - 76 - 78 - 80 - 84 - 86 - 87 - 90 - 91 - 94 - 95 - 96 - 97 - 98 - 99 - 100 - 103 - 105 - 107 - 108 - 109 - 110 - 111 - 113 - 114 - 115 - 116 - 118 - 120 - 123 - 124 - 125 - 128 - 129 - 131 - 132 - 135 - 137 - 139 - 140 - 142 - 144 - 145 - 146 - 147 - 148 - 150 - 151 - 152 - 154 - 155 - 157 - 158 - 159 - 160 - 163 - 164 - 165 - 166 - 167 - 170 - 174 - 175 - 178 - 179 - 180 - 181 - 182 - 183 - 184 - 185 - 186 - 187 - 188 - 189 - 190 - 192 - 193 - 195 - 197 - 203 - 204 - 210 - 211 - 212 - 214 - 216 - 217 - 218 - 221 - 225 - 228 - 229 - 230 - 231 - 233 - 235 - 237 - 238 - 239 - 241 - 242 - 246 - 248 - 250 - 254 - 255 - 257 - 258 - 259 - 262 - 263 - 266 - 267 - 268 - 269 - 270 - 272 - 274 - 275 - 276 - 277 - 280 - 281 - 283 - 284 - 288 - 289 - 290 - 292 - 294 - 295 - 297 - 299 - 300 - 301 - 302 - 303 - 305 - 306 - 307 - 309 - 311 - 312 - 313 - 316 - 318 - 321 - 322 - 323 - 324 - 325 - 327 - 328 - 329 - 331 - 333 - 337 - 338 - 343 - 344 - 347 - 349 - 354 - 355 - 356 - 360 - 362 - 363 - 364 - 365 - 366 - 369 - 370 - 371 - 372 - 373 - 374 - 375 - 377 - 379 - 380 - 382 - 384 - 385 - 387 - 388 - 389 - 390 - 392 - 393 - 397 - 400 - 402 - 404 - 405 - 406 - 409 - 411 - 413 - 414 - 415 - 416 - 418 - 419 - 420 - 421 - 422 - 424 - 426 - 427 - 428 - 429 - 430 - 432 - 434 - 435 - 436 - 437 - 438 - 440 - 441 - 442 - 445 - 446 - 448 - 450 - 454 - 456 - 460 - 463 - 464 - 468 - 469 - 470 - 471 - 472 - 473 - 474 - 476 - 477 - 480 - 481 - 485 - 488 - 490 - 492 - 494 - 495 - 496,20819685.3,0.0,98261,100816,25.74,Cost: 98261 & Capacity: 100816
0 - 12 - 13 - 21 - 25 - 26 - 36 - 38 - 44 - 45 - 49 - 50 - 60 - 64 - 67 - 68 - 69 - 72 - 74 - 75 - 79 - 80 - 81 - 84 - 86 - 87 - 89 - 90 - 94 - 99 - 104 - 105 - 107 - 111 - 115 - 117 - 120 - 126 - 128 - 132 - 136 - 137 - 140 - 142 - 144 - 146 - 147 - 148 - 152 - 154 - 156 - 158 - 159 - 164 - 166 - 168 - 171 - 176 - 178 - 185 - 189 - 190 - 194 - 203 - 204 - 207 - 215 - 217 - 223 - 227 - 233 - 234 - 235 - 239 - 246 - 247 - 255 - 256 - 265 - 266 - 269 - 272 - 273 - 275 - 277 - 278 - 279 - 284 - 285 - 286 - 287 - 292 - 294 - 299 - 301 - 303 - 304 - 305 - 306 - 307 - 308 - 312 - 314 - 316 - 323 - 325 - 327 - 328 - 329 - 332 - 333 - 334 - 336 - 338 - 341 - 342 - 343 - 344 - 345 - 347 - 352 - 356 - 358 - 361 - 366 - 368 - 369 - 374 - 376 - 381 - 382 - 384 - 385 - 387 - 388 - 389 - 390 - 393 - 395 - 400 - 403 - 404 - 406 - 407 - 409 - 411 - 413 - 415 - 416 - 418 - 423 - 428 - 432 - 436 - 437 - 438 - 440 - 442 - 444 - 446 - 459 - 460 - 461 - 465 - 468 - 470 - 471 - 473 - 474 - 476 - 477 - 478 - 480 - 481 - 485 - 489 - 491 - 492 - 493 - 494 - 495 - 497 - 499,8493030.9,10.1,98182,81440,27.98,Cost: 98182 & Capacity: 81440
0 - 2 - 4 - 9 - 10 - 13 - 15 - 16 - 17 - 20 - 21 - 28 - 34 - 36 - 37 - 38 - 42 - 43 - 44 - 45 - 50 - 51 - 53 - 54 - 56 - 58 - 59 - 60 - 61 - 62 - 63 - 64 - 65 - 67 - 68 - 69 - 71 - 72 - 75 - 76 - 78 - 80 - 84 - 86 - 87 - 90 - 91 - 94 - 95 - 96 - 97 - 98 - 99 - 100 - 103 - 105 - 107 - 108 - 109 - 110 - 111 - 114 - 115 - 116 - 118 - 120 - 123 - 124 - 125 - 128 - 129 - 131 - 132 - 135 - 137 - 140 - 142 - 144 - 145 - 146 - 147 - 148 - 150 - 151 - 152 - 154 - 155 - 158 - 159 - 160 - 163 - 164 - 165 - 166 - 167 - 170 - 174 - 175 - 178 - 179 - 180 - 181 - 182 - 183 - 184 - 185 - 186 - 187 - 188 - 189 - 190 - 192 - 193 - 195 - 197 - 200 - 203 - 204 - 206 - 210 - 211 - 212 - 214 - 215 - 216 - 217 - 218 - 221 - 225 - 228 - 229 - 230 - 231 - 233 - 235 - 237 - 238 - 239 - 241 - 242 - 246 - 248 - 250 - 254 - 255 - 257 - 258 - 259 - 262 - 263 - 266 - 267 - 268 - 269 - 270 - 272 - 274 - 275 - 276 - 277 - 280 - 281 - 283 - 284 - 288 - 289 - 290 - 292 - 294 - 295 - 297 - 299 - 300 - 301 - 302 - 303 - 305 - 306 - 307 - 309 - 311 - 312 - 313 - 316 - 318 - 322 - 323 - 324 - 325 - 327 - 328 - 329 - 331 - 333 - 335 - 337 - 338 - 343 - 344 - 347 - 349 - 354 - 355 - 356 - 360 - 362 - 363 - 364 - 365 - 366 - 369 - 370 - 371 - 372 - 373 - 374 - 375 - 377 - 379 - 380 - 382 - 384 - 385 - 387 - 388 - 389 - 390 - 392 - 393 - 397 - 400 - 402 - 404 - 405 - 406 - 409 - 411 - 413 - 414 - 415 - 416 - 418 - 419 - 420 - 421 - 422 - 424 - 426 - 427 - 428 - 429 - 430 - 432 - 434 - 435 - 437 - 438 - 440 - 441 - 442 - 445 - 446 - 448 - 450 - 454 - 456 - 458 - 460 - 463 - 464 - 466 - 468 - 469 - 470 - 472 - 473 - 474 - 476 - 477 - 480 - 481 - 485 - 488 - 490 - 492 - 494 - 495 - 496,20734184.1,0.0,97509,99866,28.15,Cost: 97509 & Capacity: 99866
0 - 2 - 4 - 9 - 10 - 11 - 12 - 13 - 15 - 16 - 17 - 20 - 21 - 25 - 28 - 36 - 37 - 38 - 42 - 44 - 45 - 50 - 51 - 53 - 54 - 56 - 58 - 60 - 61 - 62 - 63 - 64 - 65 - 67 - 68 - 69 - 71 - 72 - 75 - 76 - 78 - 80 - 84 - 86 - 87 - 90 - 91 - 94 - 95 - 96 - 97 - 98 - 99 - 100 - 103 - 105 - 107 - 108 - 109 - 110 - 111 - 113 - 114 - 115 - 116 - 118 - 120 - 123 - 124 - 125 - 128 - 129 - 131 - 132 - 135 - 137 - 139 - 140 - 142 - 144 - 145 - 146 - 147 - 148 - 150 - 151 - 152 - 154 - 155 - 157 - 158 - 159 - 160 - 163 - 164 - 165 - 166 - 167 - 170 - 174 - 175 - 178 - 179 - 180 - 181 - 182 - 183 - 184 - 185 - 186 - 187 - 188 - 189 - 190 - 192 - 193 - 195 - 197 - 203 - 204 - 210 - 211 - 212 - 214 - 216 - 217 - 218 - 221 - 225 - 228 - 229 - 230 - 231 - 233 - 235 - 237 - 238 - 239 - 241 - 242 - 246 - 248 - 250 - 254 - 255 - 257 - 258 - 259 - 262 - 263 - 266 - 267 - 268 - 269 - 270 - 272 - 274 - 275 - 276 - 277 - 280 - 281 - 283 - 284 - 288 - 289 - 290 - 292 - 294 - 295 - 297 - 299 - 300 - 301 - 302 - 303 - 305 - 306 - 307 - 309 - 311 - 312 - 313 - 316 - 318 - 321 - 322 - 323 - 324 - 325 - 327 - 328 - 329 - 331 - 333 - 337 - 338 - 343 - 344 - 347 - 349 - 354 - 355 - 356 - 360 - 362 - 363 - 364 - 365 - 366 - 369 - 370 - 371 - 372 - 373 - 374 - 375 - 377 - 379 - 380 - 382 - 384 - 385 - 387 - 388 - 389 - 390 - 392 - 393 - 397 - 400 - 402 - 404 - 405 - 406 - 409 - 411 - 413 - 414 - 415 - 416 - 418 - 419 - 420 - 421 - 422 - 424 - 426 - 427 - 428 - 429 - 430 - 432 - 434 - 435 - 436 - 437 - 438 - 440 - 441 - 442 - 445 - 446 - 448 - 450 - 454 - 456 - 460 - 463 - 464 - 468 - 469 - 470 - 471 - 472 - 473 - 474 - 476 - 477 - 480 - 481 - 485 - 488 - 490 - 492 - 494 - 495 - 496,20819685.3,0.0,98261,100816,31.4,Cost: 98261 & Capacity: 100816
0 - 2 - 4 - 9 - 10 - 11 - 12 - 13 - 15 - 16 - 17 - 20 - 21 - 25 - 28 - 36 - 37 - 38 - 42 - 44 - 45 - 50 - 51 - 53 - 54 - 56 - 58 - 60 - 61 - 62 - 63 - 64 - 65 - 67 - 68 - 69 - 71 - 72 - 75 - 76 - 78 - 80 - 84 - 86 - 87 - 90 - 91 - 94 - 95 - 96 - 97 - 98 - 99 - 100 - 103 - 105 - 107 - 108 - 109 - 110 - 111 - 113 - 114 - 115 - 116 - 118 - 120 - 123 - 124 - 125 - 128 - 129 - 131 - 132 - 135 - 137 - 139 - 140 - 142 - 144 - 145 - 146 - 147 - 148 - 150 - 151 - 152 - 154 - 155 - 157 - 158 - 159 - 160 - 163 - 164 - 165 - 166 - 167 - 170 - 174 - 175 - 178 - 179 - 180 - 181 - 182 - 183 - 184 - 185 - 186 - 187 - 188 - 189 - 190 - 192 - 193 - 195 - 197 - 203 - 204 - 210 - 211 - 212 - 214 - 216 - 217 - 218 - 221 - 225 - 228 - 229 - 230 - 231 - 233 - 235 - 237 - 238 - 239 - 241 - 242 - 246 - 248 - 250 - 254 - 255 - 257 - 258 - 259 - 262 - 263 - 266 - 267 - 268 - 269 - 270 - 272 - 274 - 275 - 276 - 277 - 280 - 281 - 283 - 284 - 288 - 289 - 290 - 292 - 294 - 295 - 297 - 299 - 300 - 301 - 302 - 303 - 305 - 306 - 307 - 309 - 311 - 312 - 313 - 316 - 318 - 321 - 322 - 323 - 324 - 325 - 327 - 328 - 329 - 331 - 333 - 337 - 338 - 343 - 344 - 347 - 349 - 354 - 355 - 356 - 360 - 362 - 363 - 364 - 365 - 366 - 369 - 370 - 371 - 372 - 373 - 374 - 375 - 377 - 379 - 380 - 382 - 384 - 385 - 387 - 388 - 389 - 390 - 392 - 393 - 397 - 400 - 402 - 404 - 405 - 406 - 409 - 411 - 413 - 414 - 415 - 416 - 418 - 419 - 420 - 421 - 422 - 424 - 426 - 427 - 428 - 429 - 430 - 432 - 434 - 435 - 436 - 437 - 438 - 440 - 441 - 442 - 445 - 446 - 448 - 450 - 454 - 456 - 460 - 463 - 464 - 468 - 469 - 470 - 471 - 472 - 473 - 474 - 476 - 477 - 480 - 481 - 485 - 488 - 490 - 492 - 494 - 495 - 496,20819685.3,0.0,98261,100816,31.94,Cost: 98261 & Capacity: 100816
0 - 2 - 4 - 9 - 10 - 12 - 13 - 15 - 16 - 17 - 20 - 21 - 28 - 34 - 36 - 37 - 38 - 42 - 43 - 44 - 45 - 50 - 51 - 53 - 54 - 56 - 58 - 59 - 60 - 61 - 62 - 63 - 64 - 65 - 67 - 68 - 69 - 71 - 72 - 75 - 76 - 78 - 80 - 84 - 86 - 87 - 90 - 91 - 94 - 95 - 96 - 97 - 98 - 99 - 100 - 103 - 105 - 107 - 108 - 109 - 110 - 111 - 114 - 115 - 116 - 118 - 120 - 123 - 124 - 125 - 128 - 129 - 131 - 132 - 135 - 137 - 140 - 142 - 144 - 145 - 146 - 147 - 148 - 150 - 151 - 152 - 154 - 155 - 158 - 159 - 160 - 163 - 164 - 165 - 166 - 167 - 170 - 174 - 175 - 178 - 179 - 180 - 181 - 182 - 183 - 184 - 185 - 186 - 187 - 188 - 189 - 190 - 192 - 193 - 195 - 197 - 200 - 203 - 204 - 210 - 211 - 212 - 214 - 215 - 216 - 217 - 218 - 221 - 225 - 228 - 229 - 230 - 231 - 233 - 235 - 237 - 238 - 239 - 241 - 242 - 246 - 248 - 250 - 254 - 255 - 257 - 258 - 259 - 262 - 263 - 266 - 267 - 268 - 269 - 270 - 272 - 274 - 275 - 276 - 277 - 280 - 281 - 283 - 284 - 288 - 289 - 290 - 292 - 294 - 295 - 297 - 299 - 300 - 301 - 302 - 303 - 305 - 306 - 307 - 309 - 311 - 312 - 313 - 316 - 318 - 322 - 323 - 324 - 325 - 327 - 328 - 329 - 331 - 333 - 335 - 337 - 338 - 343 - 344 - 347 - 349 - 354 - 355 - 356 - 360 - 362 - 363 - 364 - 365 - 366 - 369 - 370 - 371 - 372 - 373 - 374 - 375 - 377 - 379 - 380 - 382 - 384 - 385 - 387 - 388 - 389 - 390 - 392 - 393 - 397 - 400 - 402 - 404 - 405 - 406 - 409 - 411 - 413 - 414 - 415 - 416 - 418 - 419 - 420 - 421 - 422 - 424 - 426 - 427 - 428 - 429 - 430 - 432 - 434 - 435 - 437 - 438 - 440 - 441 - 442 - 445 - 446 - 448 - 450 - 454 - 456 - 458 - 460 - 463 - 464 - 466 - 468 - 469 - 470 - 472 - 473 - 474 - 476 - 477 - 480 - 481 - 485 - 488 - 490 - 492 - 494 - 495 - 496,20737916.5,0.0,97510,99942,31.88,Cost: 97510 & Capacity: 99942
0 - 2 - 4 - 9 - 10 - 11 - 12 - 13 - 15 - 16 - 17 - 20 - 21 - 25 - 28 - 36 - 37 - 38 - 42 - 44 - 45 - 50 - 51 - 53 - 54 - 56 - 58 - 60 - 61 - 62 - 63 - 64 - 65 - 67 - 68 - 69 - 71 - 72 - 75 - 76 - 78 - 80 - 84 - 86 - 87 - 90 - 91 - 94 - 95 - 96 - 97 - 98 - 99 - 100 - 103 - 105 - 107 - 108 - 109 - 110 - 111 - 113 - 114 - 115 - 116 - 118 - 120 - 123 - 124 - 125 - 128 - 129 - 131 - 132 - 135 - 137 - 139 - 140 - 142 - 144 - 145 - 146 - 147 - 148 - 150 - 151 - 152 - 154 - 155 - 157 - 158 - 159 - 160 - 163 - 164 - 165 - 166 - 167 - 170 - 174 - 175 - 178 - 179 - 180 - 181 - 182 - 183 - 184 - 185 - 186 - 187 - 188 - 189 - 190 - 192 - 193 - 195 - 197 - 203 - 204 - 210 - 211 - 212 - 214 - 216 - 217 - 218 - 221 - 225 - 228 - 229 - 230 - 231 - 233 - 235 - 237 - 238 - 239 - 241 - 242 - 246 - 248 - 250 - 254 - 255 - 257 - 258 - 259 - 262 - 263 - 266 - 267 - 268 - 269 - 270 - 272 - 274 - 275 - 276 - 277 - 280 - 281 - 283 - 284 - 288 - 289 - 290 - 292 - 294 - 295 - 297 - 299 - 300 - 301 - 302 - 303 - 305 - 306 - 307 - 309 - 311 - 312 - 313 - 316 - 318 - 321 - 322 - 323 - 324 - 325 - 327 - 328 - 329 - 331 - 333 - 337 - 338 - 343 - 344 - 347 - 349 - 354 - 355 - 356 - 360 - 362 - 363 - 364 - 365 - 366 - 369 - 370 - 371 - 372 - 373 - 374 - 375 - 377 - 379 - 380 - 382 - 384 - 385 - 387 - 388 - 389 - 390 - 392 - 393 - 397 - 400 - 402 - 404 - 405 - 406 - 409 - 411 - 413 - 414 - 415 - 416 - 418 - 419 - 420 - 421 - 422 - 424 - 426 - 427 - 428 - 429 - 430 - 432 - 434 - 435 - 436 - 437 - 438 - 440 - 441 - 442 - 445 - 446 - 448 - 450 - 454 - 456 - 460 - 463 - 464 - 468 - 469 - 470 - 471 - 472 - 473 - 474 - 476 - 477 - 480 - 481 - 485 - 488 - 490 - 492 - 494 - 495 - 496,20819685.3,0.0,98261,100816,32.74,Cost: 98261 & Capacity: 100816
0 - 4 - 5 - 11 - 12 - 13 - 16 - 21 - 22 - 25 - 29 - 40 - 44 - 45 - 50 - 53 - 54 - 57 - 60 - 61 - 62 - 64 - 65 - 67 - 68 - 69 - 72 - 75 - 79 - 80 - 81 - 84 - 86 - 87 - 88 - 91 - 94 - 95 - 98 - 99 - 100 - 107 - 108 - 110 - 111 - 114 - 115 - 116 - 118 - 123 - 124 - 126 - 127 - 128 - 132 - 136 - 137 - 142 - 144 - 145 - 146 - 147 - 149 - 150 - 154 - 157 - 158 - 159 - 161 - 162 - 163 - 164 - 166 - 167 - 170 - 171 - 175 - 176 - 178 - 179 - 181 - 183 - 184 - 185 - 186 - 187 - 188 - 189 - 190 - 192 - 194 - 195 - 201 - 204 - 207 - 209 - 210 - 211 - 212 - 217 - 218 - 219 - 221 - 223 - 225 - 230 - 231 - 233 - 235 - 237 - 238 - 246 - 247 - 252 - 254 - 255 - 256 - 257 - 261 - 262 - 266 - 267 - 273 - 277 - 283 - 284 - 287 - 288 - 290 - 292 - 294 - 297 - 298 - 300 - 302 - 303 - 305 - 306 - 308 - 309 - 312 - 313 - 314 - 315 - 316 - 317 - 321 - 322 - 323 - 324 - 325 - 326 - 328 - 333 - 336 - 337 - 338 - 341 - 342 - 344 - 345 - 347 - 350 - 362 - 366 - 370 - 371 - 372 - 374 - 375 - 382 - 383 - 385 - 387 - 388 - 389 - 390 - 392 - 393 - 395 - 397 - 400 - 403 - 404 - 406 - 407 - 410 - 411 - 416 - 418 - 419 - 423 - 424 - 427 - 428 - 429 - 430 - 432 - 434 - 435 - 436 - 437 - 438 - 441 - 442 - 450 - 454 - 459 - 460 - 464 - 468 - 470 - 472 - 474 - 476 - 477 - 478 - 480 - 485 - 488 - 489 - 492 - 494 - 496 - 497 - 499,12880045.5,5.8,98209,91254,35.36,Cost: 98209 & Capacity: 91254
0 - 4 - 9 - 12 - 15 - 29 - 32 - 38 - 42 - 44 - 45 - 49 - 55 - 64 - 67 - 72 - 73 - 77 - 78 - 80 - 84 - 86 - 94 - 95 - 98 - 99 - 106 - 111 - 114 - 117 - 122 - 126 - 127 - 128 - 139 - 140 - 144 - 146 - 155 - 158 - 159 - 161 - 163 - 166 - 168 - 178 - 181 - 182 - 190 - 192 - 200 - 201 - 203 - 205 - 211 - 216 - 217 - 221 - 224 - 227 - 232 - 234 - 235 - 239 - 247 - 252 - 260 - 264 - 265 - 271 - 272 - 273 - 275 - 277 - 284 - 285 - 286 - 287 - 292 - 297 - 298 - 300 - 303 - 304 - 309 - 312 - 328 - 329 - 333 - 343 - 345 - 347 - 356 - 361 - 366 - 367 - 368 - 371 - 372 - 373 - 374 - 381 - 385 - 387 - 388 - 389 - 390 - 391 - 392 - 393 - 395 - 397 - 399 - 405 - 407 - 410 - 415 - 416 - 418 - 424 - 425 - 426 - 427 - 432 - 433 - 436 - 437 - 440 - 446 - 449 - 454 - 455 - 459 - 460 - 464 - 465 - 468 - 470 - 476 - 477 - 478 - 485 - 488 - 492 - 493 - 495 - 497 - 499,5570522.2,15.8,93319,74074,36.51,Cost: 93319 & Capacity: 74074
0 - 2 - 4 - 9 - 10 - 12 - 13 - 15 - 16 - 17 - 20 - 21 - 28 - 34 - 36 - 37 - 38 - 42 - 43 - 44 - 45 - 50 - 51 - 53 - 54 - 56 - 58 - 59 - 60 - 61 - 62 - 63 - 64 - 65 - 67 - 68 - 69 - 71 - 72 - 75 - 76 - 78 - 80 - 84 - 86 - 87 - 90 - 91 - 94 - 95 - 96 - 97 - 98 - 99 - 100 - 103 - 105 - 107 - 108 - 109 - 110 - 111 - 114 - 115 - 116 - 118 - 120 - 123 - 124 - 125 - 128 - 129 - 131 - 132 - 135 - 137 - 140 - 142 - 144 - 145 - 146 - 147 - 148 - 150 - 151 - 152 - 154 - 155 - 158 - 159 - 160 - 163 - 164 - 165 - 166 - 167 - 170 - 174 - 175 - 178 - 179 - 180 - 181 - 182 - 183 - 184 - 185 - 186 - 187 - 188 - 189 - 190 - 192 - 193 - 195 - 197 - 200 - 203 - 204 - 210 - 211 - 212 - 214 - 215 - 216 - 217 - 218 - 221 - 225 - 228 - 229 - 230 - 231 - 233 - 235 - 237 - 238 - 239 - 241 - 242 - 246 - 248 - 250 - 254 - 255 - 257 - 258 - 259 - 262 - 263 - 266 - 267 - 268 - 269 - 270 - 272 - 274 - 275 - 276 - 277 - 280 - 281 - 283 - 284 - 288 - 289 - 290 - 292 - 294 - 295 - 297 - 299 - 300 - 301 - 302 - 303 - 305 - 306 - 307 - 309 - 311 - 312 - 313 - 316 - 318 - 322 - 323 - 324 - 325 - 327 - 328 - 329 - 331 - 333 - 335 - 337 - 338 - 343 - 344 - 347 - 349 - 354 - 355 - 356 - 360 - 362 - 363 - 364 - 365 - 366 - 369 - 370 - 371 - 372 - 373 - 374 - 375 - 377 - 379 - 380 - 382 - 384 - 385 - 387 - 388 - 389 - 390 - 392 - 393 - 397 - 400 - 402 - 404 - 405 - 406 - 409 - 411 - 413 - 414 - 415 - 416 - 418 - 419 - 420 - 421 - 422 - 424 - 426 - 427 - 428 - 429 - 430 - 432 - 434 - 435 - 437 - 438 - 440 - 441 - 442 - 445 - 446 - 448 - 450 - 454 - 456 - 458 - 460 - 463 - 464 - 466 - 468 - 469 - 470 - 471 - 472 - 473 - 474 - 476 - 477 - 480 - 481 - 485 - 488 - 490 - 492 - 494 - 495 - 496,20886288.2,0.0,98263,100577,36.81,Cost: 98263 & Capacity: 100577
0 - 2 - 4 - 9 - 10 - 11 - 12 - 13 - 15 - 16 - 17 - 20 - 21 - 25 - 28 - 36 - 37 - 38 - 42 - 44 - 45 - 50 - 51 - 53 - 54 - 56 - 58 - 60 - 61 - 62 - 63 - 64 - 65 - 67 - 68 - 69 - 71 - 72 - 75 - 76 - 78 - 80 - 84 - 86 - 87 - 90 - 91 - 94 - 95 - 96 - 97 - 98 - 99 - 100 - 103 - 105 - 107 - 108 - 109 - 110 - 111 - 113 - 114 - 115 - 116 - 118 - 120 - 123 - 124 - 125 - 128 - 129 - 131 - 132 - 135 - 137 - 139 - 140 - 142 - 144 - 145 - 146 - 147 - 148 - 150 - 151 - 152 - 154 - 155 - 157 - 158 - 159 - 160 - 163 - 164 - 165 - 166 - 167 - 170 - 174 - 175 - 178 - 179 - 180 - 181 - 182 - 183 - 184 - 185 - 186 - 187 - 188 - 189 - 190 - 192 - 193 - 195 - 197 - 203 - 204 - 210 - 211 - 212 - 214 - 216 - 217 - 218 - 221 - 225 - 228 - 229 - 230 - 231 - 233 - 235 - 237 - 238 - 239 - 241 - 242 - 246 - 248 - 250 - 254 - 255 - 257 - 258 - 259 - 262 - 263 - 266 - 267 - 268 - 269 - 270 - 272 - 274 - 275 - 276 - 277 - 280 - 281 - 283 - 284 - 288 - 289 - 290 - 292 - 294 - 295 - 297 - 299 - 300 - 301 - 302 - 303 - 305 - 306 - 307 - 309 - 311 - 312 - 313 - 316 - 318 - 321 - 322 - 323 - 324 - 325 - 327 - 328 - 329 - 331 - 333 - 337 - 338 - 343 - 344 - 347 - 349 - 354 - 355 - 356 - 360 - 362 - 363 - 364 - 365 - 366 - 369 - 370 - 371 - 372 - 373 - 374 - 375 - 377 - 379 - 380 - 382 - 384 - 385 - 387 - 388 - 389 - 390 - 392 - 393 - 397 - 400 - 402 - 404 - 405 - 406 - 409 - 411 - 413 - 414 - 415 - 416 - 418 - 419 - 420 - 421 - 422 - 424 - 426 - 427 - 428 - 429 - 430 - 432 - 434 - 435 - 436 - 437 - 438 - 440 - 441 - 442 - 445 - 446 - 448 - 450 - 454 - 456 - 460 - 463 - 464 - 468 - 469 - 470 - 471 - 472 - 473 - 474 - 476 - 477 - 480 - 481 - 485 - 488 - 490 - 492 - 494 - 495 - 496,20819685.3,0.0,98261,100816,41.17,Cost: 98261 & Capacity: 100816
0 - 5 - 6 - 7 - 12 - 17 - 18 - 21 - 25 - 29 - 39 - 40 - 41 - 45 - 47 - 57 - 59 - 63 - 67 - 72 - 75 - 76 - 77 - 84 - 91 - 101 - 104 - 108 - 112 - 117 - 119 - 121 - 125 - 143 - 149 - 152 - 155 - 160 - 181 - 182 - 187 - 188 - 190 - 192 - 195 - 203 - 205 - 212 - 213 - 224 - 227 - 233 - 239 - 240 - 243 - 245 - 247 - 252 - 253 - 265 - 269 - 272 - 275 - 285 - 292 - 298 - 301 - 302 - 317 - 325 - 327 - 331 - 336 - 342 - 347 - 352 - 357 - 359 - 361 - 369 - 373 - 381 - 385 - 386 - 387 - 390 - 403 - 405 - 408 - 413 - 415 - 421 - 429 - 431 - 436 - 445 - 451 - 452 - 455 - 456 - 464 - 465 - 466 - 473 - 478 - 482 - 483 - 489,3045050.7,26.3,80787,60833,41.2,Cost: 80787 & Capacity: 60833
0 - 7 - 12 - 13 - 21 - 29 - 35 - 45 - 46 - 48 - 50 - 51 - 54 - 60 - 63 - 67 - 69 - 74 - 75 - 76 - 86 - 87 - 90 - 91 - 95 - 104 - 107 - 111 - 115 - 116 - 117 - 122 - 126 - 131 - 136 - 144 - 146 - 148 - 149 - 154 - 158 - 160 - 162 - 165 - 168 - 171 - 172 - 179 - 181 - 188 - 191 - 195 - 207 - 211 - 219 - 220 - 227 - 229 - 235 - 244 - 253 - 254 - 256 - 260 - 265 - 273 - 275 - 278 - 282 - 283 - 287 - 290 - 291 - 299 - 308 - 313 - 318 - 321 - 325 - 336 - 338 - 342 - 344 - 357 - 364 - 366 - 370 - 375 - 381 - 389 - 392 - 393 - 394 - 415 - 435 - 436 - 439 - 440 - 443 - 454 - 463 - 467 - 470 - 477 - 480 - 483 - 486 - 489 - 493 - 494 - 497,3198627.0,24.8,70218,54753,41.89,Cost: 70218 & Capacity: 54753
0 - 9 - 12 - 13 - 15 - 17 - 25 - 26 - 34 - 36 - 38 - 40 - 43 - 44 - 45 - 60 - 62 - 64 - 66 - 68 - 69 - 72 - 74 - 75 - 79 - 80 - 81 - 86 - 87 - 90 - 91 - 94 - 95 - 99 - 100 - 105 - 107 - 110 - 114 - 118 - 120 - 122 - 127 - 128 - 131 - 136 - 139 - 140 - 144 - 146 - 147 - 150 - 152 - 154 - 155 - 158 - 159 - 160 - 161 - 162 - 164 - 170 - 171 - 176 - 180 - 181 - 189 - 190 - 192 - 200 - 203 - 207 - 209 - 211 - 212 - 217 - 221 - 223 - 224 - 225 - 227 - 231 - 233 - 234 - 235 - 239 - 242 - 246 - 255 - 260 - 266 - 267 - 268 - 269 - 273 - 277 - 278 - 279 - 283 - 284 - 286 - 287 - 289 - 290 - 292 - 297 - 298 - 301 - 302 - 303 - 304 - 305 - 306 - 307 - 315 - 316 - 322 - 323 - 324 - 326 - 328 - 329 - 331 - 333 - 338 - 341 - 344 - 345 - 347 - 354 - 355 - 361 - 362 - 366 - 371 - 372 - 373 - 374 - 375 - 378 - 381 - 382 - 383 - 385 - 387 - 388 - 389 - 390 - 391 - 392 - 393 - 395 - 397 - 398 - 399 - 403 - 404 - 406 - 407 - 409 - 411 - 412 - 413 - 414 - 416 - 420 - 422 - 423 - 427 - 430 - 432 - 434 - 436 - 437 - 438 - 440 - 441 - 446 - 454 - 459 - 465 - 466 - 468 - 470 - 474 - 476 - 477 - 478 - 480 - 485 - 488 - 489 - 494 - 495 - 497 - 499,9711653.4,8.3,98236,87148,45.61,Cost: 98236 & Capacity: 87148
1 - 4 - 9 - 12 - 17 - 18 - 22 - 25 - 36 - 38 - 43 - 44 - 49 - 57 - 60 - 64 - 66 - 68 - 72 - 73 - 75 - 78 - 81 - 86 - 87 - 89 - 91 - 95 - 99 - 105 - 107 - 111 - 118 - 127 - 128 - 133 - 134 - 139 - 142 - 144 - 145 - 146 - 147 - 149 - 152 - 154 - 155 - 156 - 158 - 160 - 164 - 166 - 168 - 171 - 176 - 180 - 181 - 201 - 203 - 207 - 212 - 219 - 221 - 223 - 224 - 227 - 231 - 233 - 237 - 239 - 242 - 246 - 247 - 248 - 249 - 251 - 252 - 261 - 266 - 267 - 268 - 269 - 273 - 277 - 279 - 283 - 284 - 285 - 286 - 287 - 289 - 292 - 295 - 297 - 298 - 301 - 302 - 303 - 304 - 305 - 306 - 316 - 317 - 322 - 323 - 329 - 331 - 333 - 336 - 341 - 343 - 344 - 345 - 347 - 355 - 358 - 359 - 361 - 364 - 366 - 367 - 371 - 372 - 375 - 381 - 385 - 387 - 388 - 391 - 392 - 393 - 395 - 397 - 399 - 403 - 404 - 411 - 416 - 423 - 427 - 432 - 436 - 438 - 441 - 446 - 448 - 449 - 453 - 454 - 459 - 465 - 466 - 470 - 472 - 474 - 476 - 477 - 480 - 485 - 488 - 494 - 497 - 499,6668809.4,13.4,97023,78268,45.62,Cost: 97023 & Capacity: 78268
0 - 2 - 4 - 9 - 10 - 12 - 13 - 15 - 16 - 17 - 20 - 21 - 28 - 34 - 36 - 37 - 38 - 42 - 43 - 44 - 45 - 50 - 51 - 53 - 54 - 56 - 58 - 59 - 60 - 61 - 62 - 63 - 64 - 65 - 67 - 68 - 69 - 71 - 72 - 75 - 76 - 78 - 80 - 84 - 86 - 87 - 90 - 91 - 94 - 95 - 96 - 97 - 98 - 99 - 100 - 103 - 105 - 107 - 108 - 109 - 110 - 111 - 114 - 115 - 116 - 118 - 120 - 123 - 124 - 125 - 128 - 129 - 131 - 132 - 135 - 137 - 140 - 142 - 144 - 145 - 146 - 147 - 148 - 150 - 151 - 152 - 154 - 155 - 158 - 159 - 160 - 163 - 164 - 165 - 166 - 167 - 170 - 174 - 175 - 178 - 179 - 180 - 181 - 182 - 183 - 184 - 185 - 186 - 187 - 188 - 189 - 190 - 192 - 193 - 195 - 197 - 200 - 203 - 204 - 210 - 211 - 212 - 214 - 215 - 216 - 217 - 218 - 221 - 225 - 228 - 229 - 230 - 231 - 233 - 235 - 237 - 238 - 239 - 241 - 242 - 246 - 248 - 250 - 254 - 255 - 257 - 258 - 259 - 262 - 263 - 266 - 267 - 268 - 269 - 270 - 272 - 274 - 275 - 276 - 277 - 280 - 281 - 283 - 284 - 288 - 289 - 290 - 292 - 294 - 295 - 297 - 299 - 300 - 301 - 302 - 303 - 305 - 306 - 307 - 309 - 311 - 312 - 313 - 316 - 318 - 322 - 323 - 324 - 325 - 327 - 328 - 329 - 331 - 333 - 335 - 337 - 338 - 343 - 344 - 347 - 349 - 354 - 355 - 356 - 360 - 362 - 363 - 364 - 365 - 366 - 369 - 370 - 371 - 372 - 373 - 374 - 375 - 377 - 379 - 380 - 382 - 384 - 385 - 387 - 388 - 389 - 390 - 392 - 393 - 397 - 400 - 402 - 404 - 405 - 406 - 409 - 411 - 413 - 414 - 415 - 416 - 418 - 419 - 420 - 421 - 422 - 424 - 426 - 427 - 428 - 429 - 430 - 432 - 434 - 435 - 437 - 438 - 440 - 441 - 442 - 445 - 446 - 448 - 450 - 454 - 456 - 458 - 460 - 463 - 464 - 466 - 468 - 469 - 470 - 471 - 472 - 473 - 474 - 476 - 477 - 480 - 481 - 485 - 488 - 490 - 492 - 494 - 495 - 496,20886288.2,0.0,98263,100577,45.92,Cost: 98263 & Capacity: 100577
0 - 2 - 4 - 9 - 10 - 13 - 15 - 16 - 17 - 20 - 21 - 28 - 34 - 36 - 37 - 38 - 42 - 43 - 44 - 45 - 50 - 51 - 53 - 54 - 56 - 58 - 59 - 60 - 61 - 62 - 63 - 64 - 65 - 67 - 68 - 69 - 71 - 72 - 75 - 76 - 78 - 80 - 84 - 86 - 87 - 90 - 91 - 94 - 95 - 96 - 97 - 98 - 99 - 100 - 103 - 105 - 107 - 108 - 109 - 110 - 111 - 114 - 115 - 116 - 118 - 120 - 123 - 124 - 125 - 128 - 129 - 131 - 132 - 135 - 137 - 140 - 142 - 144 - 145 - 146 - 147 - 148 - 150 - 151 - 152 - 154 - 155 - 158 - 159 - 160 - 163 - 164 - 165 - 166 - 167 - 170 - 174 - 175 - 178 - 179 - 180 - 181 - 182 - 183 - 184 - 185 - 186 - 187 - 188 - 189 - 190 - 192 - 193 - 195 - 197 - 200 - 203 - 204 - 206 - 210 - 211 - 212 - 214 - 215 - 216 - 217 - 218 - 221 - 225 - 228 - 229 - 230 - 231 - 233 - 235 - 237 - 238 - 239 - 241 - 242 - 246 - 248 - 250 - 254 - 255 - 257 - 258 - 259 - 262 - 263 - 266 - 267 - 268 - 269 - 270 - 272 - 274 - 275 - 276 - 277 - 280 - 281 - 283 - 284 - 288 - 289 - 290 - 292 - 294 - 295 - 297 - 299 - 300 - 301 - 302 - 303 - 305 - 306 - 307 - 309 - 311 - 312 - 313 - 316 - 318 - 322 - 323 - 324 - 325 - 327 - 328 - 329 - 331 - 333 - 335 - 337 - 338 - 343 - 344 - 347 - 349 - 354 - 355 - 356 - 360 - 362 - 363 - 364 - 365 - 366 - 369 - 370 - 371 - 372 - 373 - 374 - 375 - 377 - 379 - 380 - 382 - 384 - 385 - 387 - 388 - 389 - 390 - 392 - 393 - 397 - 400 - 402 - 404 - 405 - 406 - 409 - 411 - 413 - 414 - 415 - 416 - 418 - 419 - 420 - 421 - 422 - 424 - 426 - 427 - 428 - 429 - 430 - 432 - 434 - 435 - 437 - 438 - 440 - 441 - 442 - 445 - 446 - 448 - 450 - 454 - 456 - 458 - 460 - 463 - 464 - 466 - 468 - 469 - 470 - 472 - 473 - 474 - 476 - 477 - 480 - 481 - 485 - 488 - 490 - 492 - 494 - 495 - 496,20734184.1,0.0,97509,99866,45.79,Cost: 97509 & Capacity: 99866
0 - 2 - 4 - 9 - 10 - 11 - 12 - 13 - 15 - 16 - 17 - 20 - 21 - 25 - 28 - 36 - 37 - 38 - 42 - 44 - 45 - 50 - 51 - 53 - 54 - 56 - 58 - 60 - 61 - 62 - 63 - 64 - 65 - 67 - 68 - 69 - 71 - 72 - 75 - 76 - 78 - 80 - 84 - 86 - 87 - 90 - 91 - 94 - 95 - 96 - 97 - 98 - 99 - 100 - 103 - 105 - 107 - 108 - 109 - 110 - 111 - 113 - 114 - 115 - 116 - 118 - 120 - 123 - 124 - 125 - 128 - 129 - 131 - 132 - 135 - 137 - 139 - 140 - 142 - 144 - 145 - 146 - 147 - 148 - 150 - 151 - 152 - 154 - 155 - 157 - 158 - 159 - 160 - 163 - 164 - 165 - 166 - 167 - 170 - 174 - 175 - 178 - 179 - 180 - 181 - 182 - 183 - 184 - 185 - 186 - 187 - 188 - 189 - 190 - 192 - 193 - 195 - 197 - 203 - 204 - 210 - 211 - 212 - 214 - 216 - 217 - 218 - 221 - 225 - 228 - 229 - 230 - 231 - 233 - 235 - 237 - 238 - 239 - 241 - 242 - 246 - 248 - 250 - 254 - 255 - 257 - 258 - 259 - 262 - 263 - 266 - 267 - 268 - 269 - 270 - 272 - 274 - 275 - 276 - 277 - 280 - 281 - 283 - 284 - 288 - 289 - 290 - 292 - 294 - 295 - 297 - 299 - 300 - 301 - 302 - 303 - 305 - 306 - 307 - 309 - 311 - 312 - 313 - 316 - 318 - 321 - 322 - 323 - 324 - 325 - 327 - 328 - 329 - 331 - 333 - 337 - 338 - 343 - 344 - 347 - 349 - 354 - 355 - 356 - 360 - 362 - 363 - 364 - 365 - 366 - 369 - 370 - 371 - 372 - 373 - 374 - 375 - 377 - 379 - 380 - 382 - 384 - 385 - 387 - 388 - 389 - 390 - 392 - 393 - 397 - 400 - 402 - 404 - 405 - 406 - 409 - 411 - 413 - 414 - 415 - 416 - 418 - 419 - 420 - 421 - 422 - 424 - 426 - 427 - 428 - 429 - 430 - 432 - 434 - 435 - 436 - 437 - 438 - 440 - 441 - 442 - 445 - 446 - 448 - 450 - 454 - 456 - 460 - 463 - 464 - 468 - 469 - 470 - 471 - 472 - 473 - 474 - 476 - 477 - 480 - 481 - 485 - 488 - 490 - 492 - 494 - 495 - 496,20819685.3,0.0,98261,100816,48.36,Cost: 98261 & Capacity: 100816
0 - 4 - 11 - 12 - 13 - 16 - 17 - 21 - 22 - 25 - 28 - 29 - 44 - 45 - 50 - 51 - 53 - 54 - 58 - 60 - 61 - 62 - 63 - 64 - 67 - 68 - 71 - 72 - 75 - 79 - 80 - 81 - 87 - 88 - 94 - 98 - 99 - 100 - 102 - 103 - 107 - 110 - 111 - 114 - 118 - 120 - 124 - 125 - 126 - 127 - 128 - 132 - 136 - 137 - 144 - 146 - 147 - 154 - 157 - 158 - 159 - 161 - 162 - 163 - 164 - 166 - 168 - 170 - 171 - 175 - 178 - 179 - 181 - 184 - 185 - 187 - 188 - 189 - 192 - 194 - 195 - 202 - 204 - 209 - 211 - 212 - 217 - 218 - 219 - 221 - 222 - 223 - 225 - 230 - 231 - 235 - 238 - 246 - 247 - 249 - 251 - 252 - 254 - 257 - 260 - 261 - 262 - 264 - 266 - 267 - 270 - 271 - 273 - 277 - 282 - 283 - 284 - 287 - 288 - 290 - 292 - 294 - 297 - 298 - 300 - 302 - 303 - 304 - 305 - 306 - 308 - 315 - 316 - 320 - 322 - 323 - 324 - 325 - 326 - 328 - 333 - 336 - 337 - 338 - 341 - 342 - 344 - 347 - 349 - 350 - 351 - 366 - 370 - 374 - 375 - 377 - 381 - 382 - 383 - 387 - 388 - 390 - 392 - 393 - 395 - 400 - 404 - 406 - 409 - 410 - 411 - 418 - 419 - 424 - 427 - 428 - 429 - 432 - 434 - 436 - 437 - 438 - 442 - 450 - 454 - 460 - 470 - 472 - 474 - 476 - 477 - 478 - 479 - 480 - 485 - 488 - 489 - 492 - 494 - 496 - 497 - 499,10278723.0,8.1,95564,82369,48.73,Cost: 95564 & Capacity: 82369
5 - 9 - 12 - 21 - 22 - 25 - 36 - 38 - 40 - 44 - 53 - 64 - 71 - 72 - 73 - 75 - 79 - 80 - 81 - 84 - 87 - 95 - 100 - 105 - 107 - 111 - 117 - 122 - 128 - 136 - 143 - 144 - 146 - 147 - 154 - 155 - 156 - 158 - 166 - 168 - 169 - 170 - 171 - 179 - 180 - 181 - 190 - 192 - 202 - 203 - 209 - 212 - 218 - 221 - 223 - 224 - 227 - 233 - 234 - 235 - 237 - 239 - 242 - 247 - 248 - 249 - 252 - 261 - 264 - 265 - 269 - 272 - 273 - 277 - 284 - 286 - 287 - 295 - 297 - 298 - 303 - 304 - 306 - 312 - 323 - 327 - 330 - 333 - 334 - 338 - 341 - 345 - 347 - 349 - 355 - 358 - 361 - 362 - 366 - 368 - 369 - 372 - 374 - 375 - 376 - 381 - 382 - 387 - 388 - 389 - 391 - 393 - 395 - 397 - 404 - 406 - 411 - 415 - 416 - 418 - 420 - 424 - 426 - 427 - 428 - 432 - 433 - 436 - 440 - 449 - 454 - 459 - 460 - 465 - 466 - 468 - 470 - 474 - 476 - 477 - 478 - 480 - 485 - 488 - 489 - 492 - 494 - 497 - 499,5625093.7,15.3,89543,73361,49.94,Cost: 89543 & Capacity: 73361
0 - 2 - 4 - 9 - 10 - 11 - 12 - 13 - 15 - 16 - 17 - 20 - 21 - 25 - 28 - 36 - 37 - 38 - 42 - 44 - 45 - 50 - 51 - 53 - 54 - 56 - 58 - 60 - 61 - 62 - 63 - 64 - 65 - 67 - 68 - 69 - 71 - 72 - 75 - 76 - 78 - 80 - 84 - 86 - 87 - 90 - 91 - 94 - 95 - 96 - 97 - 98 - 99 - 100 - 103 - 105 - 107 - 108 - 109 - 110 - 111 - 113 - 114 - 115 - 116 - 118 - 120 - 123 - 124 - 125 - 128 - 129 - 131 - 132 - 135 - 137 - 139 - 140 - 142 - 144 - 145 - 146 - 147 - 148 - 150 - 151 - 152 - 154 - 155 - 157 - 158 - 159 - 160 - 163 - 164 - 165 - 166 - 167 - 170 - 174 - 175 - 178 - 179 - 180 - 181 - 182 - 183 - 184 - 185 - 186 - 187 - 188 - 189 - 190 - 192 - 193 - 195 - 197 - 203 - 204 - 210 - 211 - 212 - 214 - 216 - 217 - 218 - 221 - 225 - 228 - 229 - 230 - 231 - 233 - 235 - 237 - 238 - 239 - 241 - 242 - 246 - 248 - 250 - 254 - 255 - 257 - 258 - 259 - 262 - 263 - 266 - 267 - 268 - 269 - 270 - 272 - 274 - 275 - 276 - 277 - 280 - 281 - 283 - 284 - 288 - 289 - 290 - 292 - 294 - 295 - 297 - 299 - 300 - 301 - 302 - 303 - 305 - 306 - 307 - 309 - 311 - 312 - 313 - 316 - 318 - 321 - 322 - 323 - 324 - 325 - 327 - 328 - 329 - 331 - 333 - 337 - 338 - 343 - 344 - 347 - 349 - 354 - 355 - 356 - 360 - 362 - 363 - 364 - 365 - 366 - 369 - 370 - 371 - 372 - 373 - 374 - 375 - 377 - 379 - 380 - 382 - 384 - 385 - 387 - 388 - 389 - 390 - 392 - 393 - 397 - 400 - 402 - 404 - 405 - 406 - 409 - 411 - 413 - 414 - 415 - 416 - 418 - 419 - 420 - 421 - 422 - 424 - 426 - 427 - 428 - 429 - 430 - 432 - 434 - 435 - 436 - 437 - 438 - 440 - 441 - 442 - 445 - 446 - 448 - 450 - 454 - 456 - 460 - 463 - 464 - 468 - 469 - 470 - 471 - 472 - 473 - 474 - 476 - 477 - 480 - 481 - 485 - 488 - 490 - 492 - 494 - 495 - 496,20819685.3,0.0,98261,100816,50.76,Cost: 98261 & Capacity: 100816
0 - 2 - 4 - 9 - 10 - 11 - 12 - 13 - 15 - 16 - 17 - 20 - 21 - 25 - 28 - 36 - 37 - 38 - 42 - 44 - 45 - 50 - 51 - 53 - 54 - 56 - 58 - 60 - 61 - 62 - 63 - 64 - 65 - 67 - 68 - 69 - 71 - 72 - 75 - 76 - 78 - 80 - 84 - 86 - 87 - 90 - 91 - 94 - 95 - 96 - 97 - 98 - 99 - 100 - 103 - 105 - 107 - 108 - 109 - 110 - 111 - 113 - 114 - 115 - 116 - 118 - 120 - 123 - 124 - 125 - 128 - 129 - 131 - 132 - 135 - 137 - 139 - 140 - 142 - 144 - 145 - 146 - 147 - 148 - 150 - 151 - 152 - 154 - 155 - 157 - 158 - 159 - 160 - 163 - 164 - 165 - 166 - 167 - 170 - 174 - 175 - 178 - 179 - 180 - 181 - 182 - 183 - 184 - 185 - 186 - 187 - 188 - 189 - 190 - 192 - 193 - 195 - 197 - 203 - 204 - 210 - 211 - 212 - 214 - 216 - 217 - 218 - 221 - 225 - 228 - 229 - 230 - 231 - 233 - 235 - 237 - 238 - 239 - 241 - 242 - 246 - 248 - 250 - 254 - 255 - 257 - 258 - 259 - 262 - 263 - 266 - 267 - 268 - 269 - 270 - 272 - 274 - 275 - 276 - 277 - 280 - 281 - 283 - 284 - 288 - 289 - 290 - 292 - 294 - 295 - 297 - 299 - 300 - 301 - 302 - 303 - 305 - 306 - 307 - 309 - 311 - 312 - 313 - 316 - 318 - 321 - 322 - 323 - 324 - 325 - 327 - 328 - 329 - 331 - 333 - 337 - 338 - 343 - 344 - 347 - 349 - 354 - 355 - 356 - 360 - 362 - 363 - 364 - 365 - 366 - 369 - 370 - 371 - 372 - 373 - 374 - 375 - 377 - 379 - 380 - 382 - 384 - 385 - 387 - 388 - 389 - 390 - 392 - 393 - 397 - 400 - 402 - 404 - 405 - 406 - 409 - 411 - 413 - 414 - 415 - 416 - 418 - 419 - 420 - 421 - 422 - 424 - 426 - 427 - 428 - 429 - 430 - 432 - 434 - 435 - 436 - 437 - 438 - 440 - 441 - 442 - 445 - 446 - 448 - 450 - 454 - 456 - 460 - 463 - 464 - 468 - 469 - 470 - 471 - 472 - 473 - 474 - 476 - 477 - 480 - 481 - 485 - 488 - 490 - 492 - 494 - 495 - 496,20819685.3,0.0,98261,100816,53.49,Cost: 98261 & Capacity: 100816
2 - 12 - 18 - 21 - 23 - 25 - 37 - 40 - 44 - 45 - 47 - 53 - 64 - 67 - 68 - 72 - 75 - 81 - 84 - 86 - 87 - 89 - 95 - 100 - 107 - 122 - 124 - 125 - 127 - 128 - 129 - 136 - 137 - 143 - 146 - 147 - 152 - 155 - 156 - 158 - 165 - 166 - 171 - 188 - 193 - 194 - 202 - 207 - 208 - 209 - 212 - 215 - 219 - 221 - 223 - 224 - 227 - 232 - 233 - 234 - 235 - 239 - 249 - 255 - 259 - 263 - 264 - 265 - 272 - 273 - 277 - 284 - 286 - 287 - 292 - 298 - 299 - 302 - 303 - 304 - 306 - 307 - 310 - 314 - 323 - 326 - 327 - 328 - 331 - 333 - 336 - 338 - 341 - 345 - 346 - 352 - 356 - 361 - 362 - 363 - 364 - 366 - 368 - 369 - 373 - 376 - 381 - 382 - 387 - 388 - 390 - 391 - 393 - 394 - 395 - 397 - 399 - 406 - 407 - 410 - 416 - 418 - 423 - 426 - 427 - 428 - 433 - 436 - 449 - 452 - 458 - 460 - 465 - 468 - 472 - 473 - 476 - 477 - 485 - 488 - 489 - 497 - 499,5245891.8,16.8,90913,72992,54.55,Cost: 90913 & Capacity: 72992
0 - 2 - 4 - 9 - 10 - 11 - 12 - 13 - 15 - 16 - 17 - 20 - 21 - 25 - 28 - 36 - 37 - 38 - 42 - 44 - 45 - 50 - 51 - 53 - 54 - 56 - 58 - 60 - 61 - 62 - 63 - 64 - 65 - 67 - 68 - 69 - 71 - 72 - 75 - 76 - 78 - 80 - 84 - 86 - 87 - 90 - 91 - 94 - 95 - 96 - 97 - 98 - 99 - 100 - 103 - 105 - 107 - 108 - 109 - 110 - 111 - 113 - 114 - 115 - 116 - 118 - 120 - 123 - 124 - 125 - 128 - 129 - 131 - 132 - 135 - 137 - 139 - 140 - 142 - 144 - 145 - 146 - 147 - 148 - 150 - 151 - 152 - 154 - 155 - 157 - 158 - 159 - 160 - 163 - 164 - 165 - 166 - 167 - 170 - 174 - 175 - 178 - 179 - 180 - 181 - 182 - 183 - 184 - 185 - 186 - 187 - 188 - 189 - 190 - 192 - 193 - 195 - 197 - 203 - 204 - 210 - 211 - 212 - 214 - 216 - 217 - 218 - 221 - 225 - 228 - 229 - 230 - 231 - 233 - 235 - 237 - 238 - 239 - 241 - 242 - 246 - 248 - 250 - 254 - 255 - 257 - 258 - 259 - 262 - 263 - 266 - 267 - 268 - 269 - 270 - 272 - 274 - 275 - 276 - 277 - 280 - 281 - 283 - 284 - 288 - 289 - 290 - 292 - 294 - 295 - 297 - 299 - 300 - 301 - 302 - 303 - 305 - 306 - 307 - 309 - 311 - 312 - 313 - 316 - 318 - 321 - 322 - 323 - 324 - 325 - 327 - 328 - 329 - 331 - 333 - 337 - 338 - 343 - 344 - 347 - 349 - 354 - 355 - 356 - 360 - 362 - 363 - 364 - 365 - 366 - 369 - 370 - 371 - 372 - 373 - 374 - 375 - 377 - 379 - 380 - 382 - 384 - 385 - 387 - 388 - 389 - 390 - 392 - 393 - 397 - 400 - 402 - 404 - 405 - 406 - 409 - 411 - 413 - 414 - 415 - 416 - 418 - 419 - 420 - 421 - 422 - 424 - 426 - 427 - 428 - 429 - 430 - 432 - 434 - 435 - 436 - 437 - 438 - 440 - 441 - 442 - 445 - 446 - 448 - 450 - 454 - 456 - 460 - 463 - 464 - 468 - 469 - 470 - 471 - 472 - 473 - 474 - 476 - 477 - 480 - 481 - 485 - 488 - 490 - 492 - 494 - 495 - 496,20819685.3,0.0,98261,100816,54.94,Cost: 98261 & Capacity: 100816
0 - 4 - 5 - 12 - 13 - 18 - 21 - 29 - 37 - 40 - 44 - 45 - 50 - 53 - 54 - 58 - 60 - 62 - 64 - 67 - 68 - 71 - 72 - 75 - 80 - 81 - 84 - 85 - 87 - 91 - 94 - 95 - 98 - 99 - 100 - 106 - 107 - 108 - 111 - 114 - 116 - 118 - 123 - 124 - 125 - 128 - 133 - 136 - 137 - 144 - 147 - 149 - 150 - 153 - 158 - 159 - 161 - 162 - 163 - 164 - 166 - 167 - 168 - 170 - 174 - 178 - 179 - 181 - 184 - 185 - 187 - 188 - 189 - 190 - 192 - 194 - 195 - 203 - 209 - 210 - 211 - 212 - 215 - 216 - 217 - 218 - 223 - 225 - 227 - 231 - 233 - 235 - 237 - 246 - 252 - 254 - 255 - 261 - 262 - 263 - 266 - 268 - 269 - 271 - 275 - 278 - 282 - 283 - 284 - 288 - 290 - 292 - 293 - 294 - 298 - 299 - 300 - 302 - 303 - 304 - 305 - 306 - 309 - 312 - 313 - 315 - 316 - 317 - 321 - 322 - 323 - 324 - 326 - 328 - 331 - 333 - 336 - 337 - 338 - 341 - 345 - 346 - 349 - 350 - 352 - 362 - 366 - 370 - 371 - 372 - 374 - 380 - 382 - 383 - 384 - 385 - 386 - 388 - 390 - 392 - 393 - 395 - 397 - 399 - 403 - 404 - 406 - 407 - 410 - 411 - 416 - 418 - 419 - 421 - 426 - 427 - 428 - 429 - 430 - 432 - 433 - 435 - 436 - 437 - 438 - 440 - 442 - 445 - 460 - 463 - 464 - 465 - 470 - 471 - 472 - 474 - 476 - 477 - 478 - 480 - 481 - 485 - 489 - 490 - 494 - 496 - 497 - 499,11010341.8,6.6,98244,86576,57.85,Cost: 98244 & Capacity: 86576
0 - 5 - 11 - 12 - 16 - 21 - 22 - 23 - 29 - 30 - 38 - 44 - 45 - 47 - 50 - 53 - 54 - 58 - 60 - 64 - 67 - 68 - 72 - 81 - 84 - 85 - 87 - 88 - 92 - 94 - 96 - 98 - 99 - 106 - 107 - 111 - 116 - 125 - 127 - 128 - 130 - 133 - 136 - 137 - 144 - 145 - 147 - 150 - 153 - 158 - 161 - 162 - 163 - 166 - 167 - 168 - 170 - 178 - 179 - 184 - 185 - 186 - 187 - 188 - 189 - 194 - 201 - 203 - 204 - 209 - 211 - 212 - 217 - 218 - 223 - 224 - 227 - 232 - 234 - 235 - 246 - 247 - 252 - 260 - 262 - 266 - 268 - 269 - 271 - 277 - 283 - 284 - 285 - 287 - 288 - 290 - 292 - 294 - 299 - 300 - 302 - 304 - 305 - 306 - 308 - 309 - 312 - 315 - 316 - 321 - 322 - 323 - 324 - 328 - 331 - 333 - 336 - 337 - 338 - 345 - 352 - 361 - 362 - 364 - 366 - 371 - 372 - 374 - 375 - 381 - 382 - 383 - 384 - 385 - 386 - 388 - 390 - 391 - 392 - 393 - 395 - 397 - 399 - 403 - 406 - 410 - 411 - 416 - 418 - 419 - 421 - 427 - 428 - 429 - 430 - 432 - 433 - 436 - 437 - 438 - 442 - 448 - 460 - 463 - 465 - 470 - 472 - 476 - 477 - 478 - 480 - 485 - 489 - 490 - 497,7781066.0,11.4,90619,76754,57.87,Cost: 90619 & Capacity: 76754
8 - 21 - 22 - 29 - 35 - 38 - 40 - 42 - 44 - 57 - 59 - 62 - 66 - 72 - 74 - 79 - 84 - 89 - 91 - 94 - 99 - 100 - 104 - 105 - 114 - 116 - 122 - 128 - 132 - 135 - 136 - 144 - 145 - 149 - 150 - 153 - 156 - 161 - 164 - 165 - 166 - 169 - 172 - 179 - 185 - 186 - 187 - 194 - 195 - 211 - 212 - 219 - 225 - 227 - 228 - 232 - 233 - 239 - 240 - 242 - 245 - 246 - 248 - 249 - 252 - 254 - 255 - 256 - 258 - 261 - 264 - 265 - 270 - 277 - 283 - 288 - 292 - 298 - 299 - 301 - 306 - 308 - 325 - 329 - 333 - 336 - 341 - 342 - 344 - 352 - 359 - 360 - 370 - 381 - 382 - 385 - 388 - 392 - 393 - 398 - 401 - 402 - 407 - 408 - 415 - 416 - 421 - 424 - 429 - 430 - 438 - 440 - 442 - 444 - 445 - 449 - 450 - 453 - 458 - 460 - 461 - 464 - 465 - 468 - 475 - 476 - 477 - 482 - 488 - 491 - 499,4390445.7,19.5,79390,64775,58.29,Cost: 79390 & Capacity: 64775
8 - 21 - 22 - 29 - 35 - 38 - 40 - 42 - 44 - 50 - 57 - 59 - 62 - 64 - 66 - 72 - 74 - 79 - 84 - 89 - 91 - 94 - 99 - 100 - 104 - 105 - 114 - 116 - 122 - 128 - 132 - 135 - 136 - 144 - 145 - 149 - 150 - 153 - 156 - 161 - 164 - 165 - 166 - 169 - 172 - 179 - 184 - 185 - 186 - 187 - 194 - 195 - 205 - 211 - 212 - 219 - 224 - 225 - 227 - 228 - 232 - 233 - 239 - 240 - 242 - 245 - 246 - 248 - 249 - 252 - 254 - 255 - 256 - 258 - 261 - 264 - 265 - 270 - 277 - 283 - 288 - 292 - 298 - 299 - 301 - 306 - 308 - 325 - 329 - 333 - 336 - 341 - 342 - 344 - 352 - 359 - 360 - 368 - 370 - 381 - 382 - 385 - 388 - 392 - 393 - 398 - 401 - 402 - 407 - 408 - 415 - 416 - 421 - 424 - 429 - 430 - 438 - 440 - 442 - 444 - 445 - 449 - 450 - 453 - 458 - 460 - 461 - 464 - 465 - 468 - 475 - 476 - 477 - 482 - 488 - 491 - 499,4785392.1,18.2,83248,67566,58.29,Cost: 83248 & Capacity: 67566
0 - 9 - 10 - 12 - 18 - 21 - 22 - 25 - 26 - 32 - 33 - 37 - 44 - 50 - 53 - 60 - 64 - 66 - 67 - 68 - 72 - 75 - 78 - 81 - 84 - 87 - 89 - 92 - 94 - 95 - 98 - 99 - 107 - 111 - 115 - 118 - 120 - 127 - 133 - 136 - 144 - 146 - 147 - 149 - 150 - 152 - 154 - 156 - 157 - 158 - 163 - 164 - 166 - 170 - 171 - 181 - 188 - 190 - 211 - 223 - 225 - 227 - 231 - 233 - 234 - 235 - 237 - 246 - 252 - 255 - 261 - 262 - 263 - 266 - 268 - 271 - 273 - 275 - 277 - 283 - 284 - 285 - 286 - 287 - 290 - 292 - 293 - 294 - 297 - 298 - 299 - 301 - 302 - 303 - 304 - 305 - 306 - 312 - 316 - 317 - 322 - 323 - 331 - 332 - 333 - 336 - 337 - 338 - 342 - 345 - 349 - 352 - 356 - 361 - 362 - 364 - 366 - 370 - 372 - 373 - 376 - 381 - 384 - 385 - 387 - 388 - 389 - 390 - 391 - 392 - 393 - 395 - 397 - 400 - 403 - 404 - 406 - 409 - 413 - 415 - 416 - 419 - 422 - 423 - 427 - 428 - 430 - 431 - 432 - 433 - 434 - 437 - 438 - 440 - 441 - 442 - 443 - 449 - 450 - 451 - 452 - 459 - 461 - 463 - 466 - 468 - 470 - 474 - 477 - 480 - 485 - 489 - 493 - 495 - 497 - 499,7881589.2,11.1,98253,79100,58.96,Cost: 98253 & Capacity: 79100
0 - 2 - 4 - 9 - 10 - 11 - 12 - 13 - 15 - 16 - 17 - 20 - 21 - 25 - 28 - 36 - 37 - 38 - 42 - 44 - 45 - 50 - 51 - 53 - 54 - 56 - 58 - 60 - 61 - 62 - 63 - 64 - 65 - 67 - 68 - 69 - 71 - 72 - 75 - 76 - 78 - 80 - 84 - 86 - 87 - 90 - 91 - 94 - 95 - 96 - 97 - 98 - 99 - 100 - 103 - 105 - 107 - 108 - 109 - 110 - 111 - 113 - 114 - 115 - 116 - 118 - 120 - 123 - 124 - 125 - 128 - 129 - 131 - 132 - 135 - 137 - 139 - 140 - 142 - 144 - 145 - 146 - 147 - 148 - 150 - 151 - 152 - 154 - 155 - 157 - 158 - 159 - 160 - 163 - 164 - 165 - 166 - 167 - 170 - 174 - 175 - 178 - 179 - 180 - 181 - 182 - 183 - 184 - 185 - 186 - 187 - 188 - 189 - 190 - 192 - 193 - 195 - 197 - 203 - 204 - 210 - 211 - 212 - 214 - 216 - 217 - 218 - 221 - 225 - 228 - 229 - 230 - 231 - 233 - 235 - 237 - 238 - 239 - 241 - 242 - 246 - 248 - 250 - 254 - 255 - 257 - 258 - 259 - 262 - 263 - 266 - 267 - 268 - 269 - 270 - 272 - 274 - 275 - 276 - 277 - 280 - 281 - 283 - 284 - 288 - 289 - 290 - 292 - 294 - 295 - 297 - 299 - 300 - 301 - 302 - 303 - 305 - 306 - 307 - 309 - 311 - 312 - 313 - 316 - 318 - 321 - 322 - 323 - 324 - 325 - 327 - 328 - 329 - 331 - 333 - 337 - 338 - 343 - 344 - 347 - 349 - 354 - 355 - 356 - 360 - 362 - 363 - 364 - 365 - 366 - 369 - 370 - 371 - 372 - 373 - 374 - 375 - 377 - 379 - 380 - 382 - 384 - 385 - 387 - 388 - 389 - 390 - 392 - 393 - 397 - 400 - 402 - 404 - 405 - 406 - 409 - 411 - 413 - 414 - 415 - 416 - 418 - 419 - 420 - 421 - 422 - 424 - 426 - 427 - 428 - 429 - 430 - 432 - 434 - 435 - 436 - 437 - 438 - 440 - 441 - 442 - 445 - 446 - 448 - 450 - 454 - 456 - 460 - 463 - 464 - 468 - 469 - 470 - 471 - 472 - 473 - 474 - 476 - 477 - 480 - 481 - 485 - 488 - 490 - 492 - 494 - 495 - 496,20819685.3,0.0,98261,100816,59.33,Cost: 98261 & Capacity: 100816
0 - 2 - 4 - 9 - 10 - 11 - 12 - 13 - 15 - 16 - 17 - 20 - 21 - 25 - 28 - 36 - 37 - 38 - 42 - 44 - 45 - 50 - 51 - 53 - 54 - 56 - 58 - 60 - 61 - 62 - 63 - 64 - 65 - 67 - 68 - 69 - 71 - 72 - 75 - 76 - 78 - 80 - 84 - 86 - 87 - 90 - 91 - 94 - 95 - 96 - 97 - 98 - 99 - 100 - 103 - 105 - 107 - 108 - 109 - 110 - 111 - 113 - 114 - 115 - 116 - 118 - 120 - 123 - 124 - 125 - 128 - 129 - 131 - 132 - 135 - 137 - 139 - 140 - 142 - 144 - 145 - 146 - 147 - 148 - 150 - 151 - 152 - 154 - 155 - 157 - 158 - 159 - 160 - 163 - 164 - 165 - 166 - 167 - 170 - 174 - 175 - 178 - 179 - 180 - 181 - 182 - 183 - 184 - 185 - 186 - 187 - 188 - 189 - 190 - 192 - 193 - 195 - 197 - 203 - 204 - 210 - 211 - 212 - 214 - 216 - 217 - 218 - 221 - 225 - 228 - 229 - 230 - 231 - 233 - 235 - 237 - 238 - 239 - 241 - 242 - 246 - 248 - 250 - 254 - 255 - 257 - 258 - 259 - 262 - 263 - 266 - 267 - 268 - 269 - 270 - 272 - 274 - 275 - 276 - 277 - 280 - 281 - 283 - 284 - 288 - 289 - 290 - 292 - 294 - 295 - 297 - 299 - 300 - 301 - 302 - 303 - 305 - 306 - 307 - 309 - 311 - 312 - 313 - 316 - 318 - 321 - 322 - 323 - 324 - 325 - 327 - 328 - 329 - 331 - 333 - 337 - 338 - 343 - 344 - 347 - 349 - 354 - 355 - 356 - 360 - 362 - 363 - 364 - 365 - 366 - 369 - 370 - 371 - 372 - 373 - 374 - 375 - 377 - 379 - 380 - 382 - 384 - 385 - 387 - 388 - 389 - 390 - 392 - 393 - 397 - 400 - 402 - 404 - 405 - 406 - 409 - 411 - 413 - 414 - 415 - 416 - 418 - 419 - 420 - 421 - 422 - 424 - 426 - 427 - 428 - 429 - 430 - 432 - 434 - 435 - 436 - 437 - 438 - 440 - 441 - 442 - 445 - 446 - 448 - 450 - 454 - 456 - 460 - 463 - 464 - 468 - 469 - 470 - 471 - 472 - 473 - 474 - 476 - 477 - 480 - 481 - 485 - 488 - 490 - 492 - 494 - 495 - 496,20819685.3,0.0,98261,100816,61.43,Cost: 98261 & Capacity: 100816
0 - 12 - 16 - 22 - 25 - 29 - 38 - 44 - 45 - 50 - 52 - 53 - 54 - 55 - 58 - 61 - 64 - 68 - 69 - 72 - 75 - 81 - 86 - 87 - 91 - 92 - 94 - 95 - 98 - 99 - 107 - 108 - 110 - 111 - 120 - 124 - 127 - 128 - 132 - 133 - 136 - 137 - 140 - 144 - 146 - 147 - 150 - 154 - 156 - 158 - 161 - 162 - 164 - 166 - 168 - 170 - 171 - 172 - 174 - 179 - 181 - 185 - 187 - 188 - 189 - 190 - 191 - 192 - 194 - 195 - 201 - 202 - 207 - 209 - 211 - 212 - 217 - 218 - 221 - 231 - 232 - 234 - 235 - 237 - 246 - 247 - 254 - 257 - 262 - 266 - 267 - 271 - 277 - 282 - 283 - 284 - 285 - 287 - 288 - 289 - 290 - 292 - 294 - 298 - 301 - 302 - 305 - 306 - 312 - 315 - 322 - 323 - 324 - 325 - 333 - 336 - 337 - 338 - 341 - 344 - 345 - 347 - 354 - 359 - 364 - 366 - 370 - 375 - 377 - 381 - 382 - 383 - 387 - 388 - 390 - 392 - 393 - 394 - 395 - 397 - 399 - 400 - 403 - 407 - 409 - 410 - 411 - 416 - 418 - 419 - 420 - 424 - 427 - 428 - 429 - 430 - 432 - 436 - 437 - 438 - 450 - 454 - 459 - 465 - 470 - 472 - 474 - 476 - 477 - 478 - 480 - 484 - 485 - 488 - 489 - 492 - 494 - 496 - 497 - 499,8177551.6,10.2,85939,74459,61.82,Cost: 85939 & Capacity: 74459
0 - 2 - 4 - 9 - 10 - 11 - 12 - 13 - 15 - 16 - 17 - 20 - 21 - 25 - 28 - 36 - 37 - 38 - 42 - 44 - 45 - 50 - 51 - 53 - 54 - 56 - 58 - 60 - 61 - 62 - 63 - 64 - 65 - 67 - 68 - 69 - 71 - 72 - 75 - 76 - 78 - 80 - 84 - 86 - 87 - 90 - 91 - 94 - 95 - 96 - 97 - 98 - 99 - 100 - 103 - 105 - 107 - 108 - 109 - 110 - 111 - 113 - 114 - 115 - 116 - 118 - 120 - 123 - 124 - 125 - 128 - 129 - 131 - 132 - 135 - 137 - 139 - 140 - 142 - 144 - 145 - 146 - 147 - 148 - 150 - 151 - 152 - 154 - 155 - 157 - 158 - 159 - 160 - 163 - 164 - 165 - 166 - 167 - 170 - 174 - 175 - 178 - 179 - 180 - 181 - 182 - 183 - 184 - 185 - 186 - 187 - 188 - 189 - 190 - 192 - 193 - 195 - 197 - 203 - 204 - 210 - 211 - 212 - 214 - 216 - 217 - 218 - 221 - 225 - 228 - 229 - 230 - 231 - 233 - 235 - 237 - 238 - 239 - 241 - 242 - 246 - 248 - 250 - 254 - 255 - 257 - 258 - 259 - 262 - 263 - 266 - 267 - 268 - 269 - 270 - 272 - 274 - 275 - 276 - 277 - 280 - 281 - 283 - 284 - 288 - 289 - 290 - 292 - 294 - 295 - 297 - 299 - 300 - 301 - 302 - 303 - 305 - 306 - 307 - 309 - 311 - 312 - 313 - 316 - 318 - 321 - 322 - 323 - 324 - 325 - 327 - 328 - 329 - 331 - 333 - 337 - 338 - 343 - 344 - 347 - 349 - 354 - 355 - 356 - 360 - 362 - 363 - 364 - 365 - 366 - 369 - 370 - 371 - 372 - 373 - 374 - 375 - 377 - 379 - 380 - 382 - 384 - 385 - 387 - 388 - 389 - 390 - 392 - 393 - 397 - 400 - 402 - 404 - 405 - 406 - 409 - 411 - 413 - 414 - 415 - 416 - 418 - 419 - 420 - 421 - 422 - 424 - 426 - 427 - 428 - 429 - 430 - 432 - 434 - 435 - 436 - 437 - 438 - 440 - 441 - 442 - 445 - 446 - 448 - 450 - 454 - 456 - 460 - 463 - 464 - 468 - 469 - 470 - 471 - 472 - 473 - 474 - 476 - 477 - 480 - 481 - 485 - 488 - 490 - 492 - 494 - 495 - 496,20819685.3,0.0,98261,100816,62.61,Cost: 98261 & Capacity: 100816
0 - 12 - 13 - 25 - 36 - 37 - 42 - 44 - 45 - 53 - 60 - 62 - 63 - 64 - 66 - 68 - 72 - 73 - 75 - 80 - 81 - 84 - 86 - 90 - 94 - 95 - 98 - 99 - 100 - 103 - 107 - 108 - 110 - 111 - 114 - 115 - 118 - 128 - 132 - 134 - 136 - 137 - 144 - 147 - 149 - 155 - 156 - 158 - 159 - 160 - 163 - 164 - 166 - 168 - 170 - 172 - 178 - 179 - 180 - 181 - 190 - 195 - 202 - 203 - 207 - 209 - 215 - 216 - 217 - 223 - 225 - 227 - 231 - 233 - 234 - 235 - 237 - 239 - 246 - 255 - 262 - 263 - 264 - 266 - 268 - 269 - 272 - 273 - 275 - 276 - 277 - 278 - 279 - 284 - 286 - 287 - 289 - 292 - 293 - 294 - 297 - 298 - 299 - 301 - 302 - 303 - 305 - 306 - 310 - 312 - 318 - 321 - 322 - 323 - 326 - 331 - 333 - 336 - 338 - 342 - 343 - 345 - 350 - 352 - 356 - 357 - 361 - 366 - 369 - 372 - 373 - 374 - 376 - 381 - 382 - 384 - 385 - 386 - 387 - 388 - 389 - 390 - 392 - 393 - 395 - 400 - 401 - 404 - 406 - 408 - 409 - 411 - 413 - 415 - 419 - 420 - 421 - 423 - 427 - 428 - 430 - 431 - 432 - 433 - 435 - 437 - 438 - 440 - 441 - 444 - 446 - 448 - 449 - 459 - 463 - 464 - 465 - 474 - 477 - 478 - 480 - 481 - 485 - 489 - 490 - 493 - 494 - 495 - 497 - 499,9108585.6,9.3,97936,83615,63.07,Cost: 97936 & Capacity: 83615
0 - 1 - 12 - 17 - 18 - 21 - 22 - 29 - 30 - 32 - 33 - 36 - 38 - 42 - 44 - 45 - 58 - 60 - 62 - 64 - 71 - 72 - 75 - 80 - 81 - 82 - 84 - 87 - 90 - 91 - 95 - 99 - 104 - 106 - 107 - 110 - 111 - 114 - 117 - 118 - 120 - 128 - 131 - 136 - 137 - 142 - 144 - 147 - 148 - 149 - 152 - 155 - 156 - 158 - 159 - 160 - 161 - 164 - 178 - 180 - 181 - 189 - 190 - 194 - 195 - 201 - 202 - 203 - 208 - 216 - 217 - 218 - 219 - 223 - 225 - 227 - 229 - 233 - 234 - 235 - 239 - 246 - 255 - 262 - 265 - 269 - 272 - 273 - 277 - 279 - 284 - 285 - 287 - 288 - 289 - 290 - 292 - 294 - 295 - 299 - 301 - 302 - 303 - 304 - 305 - 306 - 323 - 327 - 328 - 329 - 332 - 333 - 338 - 340 - 341 - 345 - 347 - 356 - 361 - 362 - 365 - 366 - 368 - 369 - 372 - 373 - 381 - 382 - 384 - 385 - 387 - 388 - 389 - 390 - 392 - 393 - 394 - 395 - 397 - 398 - 399 - 400 - 403 - 404 - 406 - 407 - 409 - 413 - 415 - 416 - 420 - 421 - 424 - 427 - 428 - 430 - 432 - 433 - 435 - 437 - 438 - 440 - 446 - 449 - 451 - 452 - 454 - 459 - 462 - 470 - 471 - 472 - 474 - 476 - 477 - 478 - 480 - 485 - 488 - 489 - 490 - 491 - 492 - 493 - 497 - 499,8823515.5,9.7,98175,83797,67.44,Cost: 98175 & Capacity: 83797
0 - 2 - 4 - 9 - 10 - 11 - 12 - 13 - 15 - 16 - 17 - 20 - 21 - 25 - 28 - 36 - 37 - 38 - 42 - 44 - 45 - 50 - 51 - 53 - 54 - 56 - 58 - 60 - 61 - 62 - 63 - 64 - 65 - 67 - 68 - 69 - 71 - 72 - 75 - 76 - 78 - 80 - 84 - 86 - 87 - 90 - 91 - 94 - 95 - 96 - 97 - 98 - 99 - 100 - 103 - 105 - 107 - 108 - 109 - 110 - 111 - 113 - 114 - 115 - 116 - 118 - 120 - 123 - 124 - 125 - 128 - 129 - 131 - 132 - 135 - 137 - 139 - 140 - 142 - 144 - 145 - 146 - 147 - 148 - 150 - 151 - 152 - 154 - 155 - 157 - 158 - 159 - 160 - 163 - 164 - 165 - 166 - 167 - 170 - 174 - 175 - 178 - 179 - 180 - 181 - 182 - 183 - 184 - 185 - 186 - 187 - 188 - 189 - 190 - 192 - 193 - 195 - 197 - 203 - 204 - 210 - 211 - 212 - 214 - 216 - 217 - 218 - 221 - 225 - 228 - 229 - 230 - 231 - 233 - 235 - 237 - 238 - 239 - 241 - 242 - 246 - 248 - 250 - 254 - 255 - 257 - 258 - 259 - 262 - 263 - 266 - 267 - 268 - 269 - 270 - 272 - 274 - 275 - 276 - 277 - 280 - 281 - 283 - 284 - 288 - 289 - 290 - 292 - 294 - 295 - 297 - 299 - 300 - 301 - 302 - 303 - 305 - 306 - 307 - 309 - 311 - 312 - 313 - 316 - 318 - 321 - 322 - 323 - 324 - 325 - 327 - 328 - 329 - 331 - 333 - 337 - 338 - 343 - 344 - 347 - 349 - 354 - 355 - 356 - 360 - 362 - 363 - 364 - 365 - 366 - 369 - 370 - 371 - 372 - 373 - 374 - 375 - 377 - 379 - 380 - 382 - 384 - 385 - 387 - 388 - 389 - 390 - 392 - 393 - 397 - 400 - 402 - 404 - 405 - 406 - 409 - 411 - 413 - 414 - 415 - 416 - 418 - 419 - 420 - 421 - 422 - 424 - 426 - 427 - 428 - 429 - 430 - 432 - 434 - 435 - 436 - 437 - 438 - 440 - 441 - 442 - 445 - 446 - 448 - 450 - 454 - 456 - 460 - 463 - 464 - 468 - 469 - 470 - 471 - 472 - 473 - 474 - 476 - 477 - 480 - 481 - 485 - 488 - 490 - 492 - 494 - 495 - 496,20819685.3,0.0,98261,100816,67.81,Cost: 98261 & Capacity: 100816
0 - 2 - 4 - 9 - 11 - 12 - 13 - 16 - 20 - 21 - 35 - 36 - 37 - 42 - 44 - 45 - 50 - 51 - 53 - 54 - 58 - 60 - 61 - 63 - 64 - 67 - 68 - 69 - 71 - 72 - 75 - 76 - 78 - 80 - 84 - 86 - 87 - 90 - 91 - 94 - 95 - 96 - 97 - 98 - 99 - 100 - 103 - 105 - 106 - 107 - 108 - 109 - 110 - 111 - 113 - 114 - 115 - 116 - 118 - 123 - 124 - 125 - 128 - 131 - 132 - 137 - 139 - 142 - 144 - 145 - 146 - 147 - 148 - 149 - 150 - 151 - 152 - 153 - 157 - 158 - 159 - 160 - 163 - 164 - 166 - 167 - 175 - 176 - 178 - 179 - 181 - 183 - 184 - 185 - 187 - 188 - 189 - 190 - 192 - 193 - 195 - 203 - 204 - 210 - 212 - 216 - 217 - 218 - 225 - 228 - 229 - 231 - 233 - 235 - 238 - 239 - 242 - 246 - 248 - 255 - 257 - 258 - 259 - 262 - 266 - 267 - 268 - 269 - 270 - 272 - 274 - 275 - 276 - 277 - 280 - 281 - 283 - 284 - 288 - 289 - 290 - 292 - 294 - 297 - 299 - 300 - 301 - 302 - 303 - 305 - 306 - 308 - 312 - 313 - 316 - 318 - 319 - 321 - 322 - 323 - 324 - 325 - 327 - 328 - 329 - 330 - 331 - 333 - 337 - 338 - 342 - 343 - 344 - 347 - 349 - 354 - 355 - 356 - 360 - 361 - 362 - 363 - 364 - 366 - 369 - 370 - 371 - 372 - 373 - 374 - 375 - 377 - 379 - 380 - 382 - 384 - 385 - 388 - 389 - 390 - 392 - 393 - 397 - 399 - 400 - 403 - 404 - 405 - 406 - 407 - 408 - 409 - 410 - 411 - 413 - 416 - 418 - 419 - 420 - 421 - 423 - 424 - 426 - 427 - 428 - 429 - 430 - 432 - 433 - 434 - 435 - 436 - 438 - 440 - 442 - 450 - 451 - 454 - 457 - 459 - 460 - 462 - 463 - 464 - 465 - 467 - 468 - 469 - 470 - 472 - 474 - 476 - 477 - 478 - 480 - 481 - 485 - 487 - 488 - 494 - 495 - 496 - 497,17571045.5,0.6,98101,95792,68.48,Cost: 98101 & Capacity: 95792
0 - 2 - 5 - 7 - 20 - 21 - 29 - 35 - 40 - 42 - 47 - 58 - 64 - 67 - 72 - 75 - 80 - 84 - 86 - 91 - 96 - 104 - 106 - 116 - 118 - 119 - 122 - 126 - 127 - 128 - 136 - 143 - 146 - 148 - 150 - 153 - 157 - 165 - 166 - 168 - 169 - 176 - 179 - 185 - 187 - 190 - 193 - 201 - 202 - 204 - 210 - 212 - 213 - 217 - 225 - 228 - 231 - 233 - 237 - 240 - 242 - 245 - 247 - 249 - 252 - 259 - 261 - 263 - 264 - 265 - 270 - 271 - 273 - 277 - 281 - 283 - 284 - 285 - 292 - 295 - 298 - 303 - 304 - 307 - 308 - 312 - 321 - 333 - 334 - 336 - 342 - 348 - 350 - 353 - 361 - 362 - 363 - 375 - 388 - 389 - 390 - 391 - 392 - 400 - 407 - 409 - 410 - 415 - 416 - 419 - 433 - 437 - 438 - 442 - 444 - 449 - 450 - 451 - 454 - 455 - 459 - 464 - 467 - 468 - 470 - 472 - 476 - 477 - 488 - 489 - 498,4536552.1,18.6,88232,68633,70.09,Cost: 88232 & Capacity: 68633
0 - 2 - 4 - 9 - 10 - 11 - 12 - 13 - 15 - 16 - 17 - 20 - 21 - 25 - 28 - 36 - 37 - 38 - 42 - 44 - 45 - 50 - 51 - 53 - 54 - 56 - 58 - 60 - 61 - 62 - 63 - 64 - 65 - 67 - 68 - 69 - 71 - 72 - 75 - 76 - 78 - 80 - 84 - 86 - 87 - 90 - 91 - 94 - 95 - 96 - 97 - 98 - 99 - 100 - 103 - 105 - 107 - 108 - 109 - 110 - 111 - 113 - 114 - 115 - 116 - 118 - 120 - 123 - 124 - 125 - 128 - 129 - 131 - 132 - 135 - 137 - 139 - 140 - 142 - 144 - 145 - 146 - 147 - 148 - 150 - 151 - 152 - 154 - 155 - 157 - 158 - 159 - 160 - 163 - 164 - 165 - 166 - 167 - 170 - 174 - 175 - 178 - 179 - 180 - 181 - 182 - 183 - 184 - 185 - 186 - 187 - 188 - 189 - 190 - 192 - 193 - 195 - 197 - 203 - 204 - 210 - 211 - 212 - 214 - 216 - 217 - 218 - 221 - 225 - 228 - 229 - 230 - 231 - 233 - 235 - 237 - 238 - 239 - 241 - 242 - 246 - 248 - 250 - 254 - 255 - 257 - 258 - 259 - 262 - 263 - 266 - 267 - 268 - 269 - 270 - 272 - 274 - 275 - 276 - 277 - 280 - 281 - 283 - 284 - 288 - 289 - 290 - 292 - 294 - 295 - 297 - 299 - 300 - 301 - 302 - 303 - 305 - 306 - 307 - 309 - 311 - 312 - 313 - 316 - 318 - 321 - 322 - 323 - 324 - 325 - 327 - 328 - 329 - 331 - 333 - 337 - 338 - 343 - 344 - 347 - 349 - 354 - 355 - 356 - 360 - 362 - 363 - 364 - 365 - 366 - 369 - 370 - 371 - 372 - 373 - 374 - 375 - 377 - 379 - 380 - 382 - 384 - 385 - 387 - 388 - 389 - 390 - 392 - 393 - 397 - 400 - 402 - 404 - 405 - 406 - 409 - 411 - 413 - 414 - 415 - 416 - 418 - 419 - 420 - 421 - 422 - 424 - 426 - 427 - 428 - 429 - 430 - 432 - 434 - 435 - 436 - 437 - 438 - 440 - 441 - 442 - 445 - 446 - 448 - 450 - 454 - 456 - 460 - 463 - 464 - 468 - 469 - 470 - 471 - 472 - 473 - 474 - 476 - 477 - 480 - 481 - 485 - 488 - 490 - 492 - 494 - 495 - 496,20819685.3,0.0,98261,100816,70.55,Cost: 98261 & Capacity: 100816
0 - 2 - 4 - 9 - 10 - 11 - 12 - 13 - 15 - 16 - 17 - 20 - 21 - 25 - 28 - 36 - 37 - 38 - 42 - 44 - 45 - 50 - 51 - 53 - 54 - 56 - 58 - 60 - 61 - 62 - 63 - 64 - 65 - 67 - 68 - 69 - 71 - 72 - 75 - 76 - 78 - 80 - 84 - 86 - 87 - 90 - 91 - 94 - 95 - 96 - 97 - 98 - 99 - 100 - 103 - 105 - 107 - 108 - 109 - 110 - 111 - 113 - 114 - 115 - 116 - 118 - 120 - 123 - 124 - 125 - 128 - 129 - 131 - 132 - 135 - 137 - 139 - 140 - 142 - 144 - 145 - 146 - 147 - 148 - 150 - 151 - 152 - 154 - 155 - 157 - 158 - 159 - 160 - 163 - 164 - 165 - 166 - 167 - 170 - 174 - 175 - 178 - 179 - 180 - 181 - 182 - 183 - 184 - 185 - 186 - 187 - 188 - 189 - 190 - 192 - 193 - 195 - 197 - 203 - 204 - 210 - 211 - 212 - 214 - 216 - 217 - 218 - 221 - 225 - 228 - 229 - 230 - 231 - 233 - 235 - 237 - 238 - 239 - 241 - 242 - 246 - 248 - 250 - 254 - 255 - 257 - 258 - 259 - 262 - 263 - 266 - 267 - 268 - 269 - 270 - 272 - 274 - 275 - 276 - 277 - 280 - 281 - 283 - 284 - 288 - 289 - 290 - 292 - 294 - 295 - 297 - 299 - 300 - 301 - 302 - 303 - 305 - 306 - 307 - 309 - 311 - 312 - 313 - 316 - 318 - 321 - 322 - 323 - 324 - 325 - 327 - 328 - 329 - 331 - 333 - 337 - 338 - 343 - 344 - 347 - 349 - 354 - 355 - 356 - 360 - 362 - 363 - 364 - 365 - 366 - 369 - 370 - 371 - 372 - 373 - 374 - 375 - 377 - 379 - 380 - 382 - 384 - 385 - 387 - 388 - 389 - 390 - 392 - 393 - 397 - 400 - 402 - 404 - 405 - 406 - 409 - 411 - 413 - 414 - 415 - 416 - 418 - 419 - 420 - 421 - 422 - 424 - 426 - 427 - 428 - 429 - 430 - 432 - 434 - 435 - 436 - 437 - 438 - 440 - 441 - 442 - 445 - 446 - 448 - 450 - 454 - 456 - 460 - 463 - 464 - 468 - 469 - 470 - 471 - 472 - 473 - 474 - 476 - 477 - 480 - 481 - 485 - 488 - 490 - 492 - 494 - 495 - 496,20819685.3,0.0,98261,100816,71.04,Cost: 98261 & Capacity: 100816
0 - 2 - 4 - 9 - 10 - 11 - 12 - 13 - 15 - 16 - 17 - 20 - 21 - 25 - 28 - 36 - 37 - 38 - 42 - 44 - 45 - 50 - 51 - 53 - 54 - 56 - 58 - 60 - 61 - 62 - 63 - 64 - 65 - 67 - 68 - 69 - 71 - 72 - 75 - 76 - 78 - 80 - 84 - 86 - 87 - 90 - 91 - 94 - 95 - 96 - 97 - 98 - 99 - 100 - 103 - 105 - 107 - 108 - 109 - 110 - 111 - 113 - 114 - 115 - 116 - 118 - 120 - 123 - 124 - 125 - 128 - 129 - 131 - 132 - 135 - 137 - 139 - 140 - 142 - 144 - 145 - 146 - 147 - 148 - 150 - 151 - 152 - 154 - 155 - 157 - 158 - 159 - 160 - 163 - 164 - 165 - 166 - 167 - 170 - 174 - 175 - 178 - 179 - 180 - 181 - 182 - 183 - 184 - 185 - 186 - 187 - 188 - 189 - 190 - 192 - 193 - 195 - 197 - 203 - 204 - 210 - 211 - 212 - 214 - 216 - 217 - 218 - 221 - 225 - 228 - 229 - 230 - 231 - 233 - 235 - 237 - 238 - 239 - 241 - 242 - 246 - 248 - 250 - 254 - 255 - 257 - 258 - 259 - 262 - 263 - 266 - 267 - 268 - 269 - 270 - 272 - 274 - 275 - 276 - 277 - 280 - 281 - 283 - 284 - 288 - 289 - 290 - 292 - 294 - 295 - 297 - 299 - 300 - 301 - 302 - 303 - 305 - 306 - 307 - 309 - 311 - 312 - 313 - 316 - 318 - 321 - 322 - 323 - 324 - 325 - 327 - 328 - 329 - 331 - 333 - 337 - 338 - 343 - 344 - 347 - 349 - 354 - 355 - 356 - 360 - 362 - 363 - 364 - 365 - 366 - 369 - 370 - 371 - 372 - 373 - 374 - 375 - 377 - 379 - 380 - 382 - 384 - 385 - 387 - 388 - 389 - 390 - 392 - 393 - 397 - 400 - 402 - 404 - 405 - 406 - 409 - 411 - 413 - 414 - 415 - 416 - 418 - 419 - 420 - 421 - 422 - 424 - 426 - 427 - 428 - 429 - 430 - 432 - 434 - 435 - 436 - 437 - 438 - 440 - 441 - 442 - 445 - 446 - 448 - 450 - 454 - 456 - 460 - 463 - 464 - 468 - 469 - 470 - 471 - 472 - 473 - 474 - 476 - 477 - 480 - 481 - 485 - 488 - 490 - 492 - 494 - 495 - 496,20819685.3,0.0,98261,100816,72.51,Cost: 98261 & Capacity: 100816
0 - 4 - 9 - 10 - 11 - 12 - 13 - 16 - 21 - 25 - 29 - 34 - 37 - 38 - 39 - 44 - 45 - 49 - 50 - 51 - 53 - 54 - 60 - 63 - 64 - 65 - 66 - 67 - 68 - 69 - 71 - 72 - 75 - 79 - 80 - 81 - 84 - 86 - 87 - 90 - 91 - 94 - 95 - 96 - 97 - 98 - 99 - 100 - 105 - 107 - 108 - 109 - 110 - 111 - 113 - 114 - 115 - 116 - 118 - 123 - 124 - 125 - 127 - 128 - 132 - 137 - 139 - 142 - 144 - 145 - 146 - 147 - 149 - 150 - 152 - 154 - 156 - 157 - 158 - 159 - 161 - 162 - 163 - 164 - 166 - 167 - 170 - 171 - 174 - 175 - 176 - 178 - 179 - 181 - 183 - 185 - 187 - 188 - 189 - 190 - 192 - 193 - 195 - 201 - 204 - 209 - 210 - 211 - 212 - 215 - 217 - 220 - 221 - 223 - 225 - 230 - 231 - 233 - 235 - 237 - 238 - 242 - 246 - 247 - 254 - 255 - 257 - 258 - 262 - 266 - 267 - 269 - 273 - 277 - 283 - 284 - 287 - 288 - 290 - 292 - 297 - 300 - 301 - 302 - 303 - 305 - 306 - 312 - 313 - 314 - 316 - 317 - 318 - 322 - 323 - 324 - 325 - 326 - 328 - 330 - 333 - 337 - 338 - 341 - 342 - 343 - 347 - 356 - 358 - 360 - 362 - 363 - 366 - 370 - 371 - 372 - 374 - 375 - 377 - 380 - 382 - 383 - 385 - 388 - 389 - 390 - 392 - 393 - 394 - 395 - 397 - 398 - 400 - 401 - 403 - 406 - 407 - 409 - 410 - 411 - 415 - 416 - 418 - 419 - 420 - 423 - 424 - 426 - 427 - 428 - 429 - 430 - 432 - 434 - 436 - 437 - 438 - 441 - 442 - 450 - 454 - 456 - 459 - 460 - 462 - 464 - 465 - 470 - 471 - 472 - 474 - 476 - 477 - 478 - 480 - 481 - 485 - 488 - 489 - 491 - 492 - 494 - 495 - 496 - 497 - 499,15197612.1,3.5,98205,93549,76.16,Cost: 98205 & Capacity: 93549
0 - 2 - 4 - 9 - 10 - 11 - 12 - 13 - 15 - 16 - 17 - 20 - 21 - 25 - 28 - 36 - 37 - 38 - 42 - 44 - 45 - 50 - 51 - 53 - 54 - 56 - 58 - 60 - 61 - 62 - 63 - 64 - 65 - 67 - 68 - 69 - 71 - 72 - 75 - 76 - 78 - 80 - 84 - 86 - 87 - 90 - 91 - 94 - 95 - 96 - 97 - 98 - 99 - 100 - 103 - 105 - 107 - 108 - 109 - 110 - 111 - 113 - 114 - 115 - 116 - 118 - 120 - 123 - 124 - 125 - 128 - 129 - 131 - 132 - 135 - 137 - 139 - 140 - 142 - 144 - 145 - 146 - 147 - 148 - 150 - 151 - 152 - 154 - 155 - 157 - 158 - 159 - 160 - 163 - 164 - 165 - 166 - 167 - 170 - 174 - 175 - 178 - 179 - 180 - 181 - 182 - 183 - 184 - 185 - 186 - 187 - 188 - 189 - 190 - 192 - 193 - 195 - 197 - 203 - 204 - 210 - 211 - 212 - 214 - 216 - 217 - 218 - 221 - 225 - 228 - 229 - 230 - 231 - 233 - 235 - 237 - 238 - 239 - 241 - 242 - 246 - 248 - 250 - 254 - 255 - 257 - 258 - 259 - 262 - 263 - 266 - 267 - 268 - 269 - 270 - 272 - 274 - 275 - 276 - 277 - 280 - 281 - 283 - 284 - 288 - 289 - 290 - 292 - 294 - 295 - 297 - 299 - 300 - 301 - 302 - 303 - 305 - 306 - 307 - 309 - 311 - 312 - 313 - 316 - 318 - 321 - 322 - 323 - 324 - 325 - 327 - 328 - 329 - 331 - 333 - 337 - 338 - 343 - 344 - 347 - 349 - 354 - 355 - 356 - 360 - 362 - 363 - 364 - 365 - 366 - 369 - 370 - 371 - 372 - 373 - 374 - 375 - 377 - 379 - 380 - 382 - 384 - 385 - 387 - 388 - 389 - 390 - 392 - 393 - 397 - 400 - 402 - 404 - 405 - 406 - 409 - 411 - 413 - 414 - 415 - 416 - 418 - 419 - 420 - 421 - 422 - 424 - 426 - 427 - 428 - 429 - 430 - 432 - 434 - 435 - 436 - 437 - 438 - 440 - 441 - 442 - 445 - 446 - 448 - 450 - 454 - 456 - 460 - 463 - 464 - 468 - 469 - 470 - 471 - 472 - 473 - 474 - 476 - 477 - 480 - 481 - 485 - 488 - 490 - 492 - 494 - 495 - 496,20819685.3,0.0,98261,100816,76.42,Cost: 98261 & Capacity: 100816
1 - 7 - 9 - 20 - 21 - 22 - 28 - 29 - 36 - 38 - 40 - 45 - 53 - 59 - 65 - 68 - 72 - 77 - 81 - 85 - 87 - 88 - 91 - 92 - 100 - 110 - 118 - 125 - 128 - 132 - 133 - 143 - 144 - 145 - 146 - 149 - 152 - 161 - 164 - 166 - 168 - 170 - 184 - 185 - 186 - 188 - 192 - 198 - 202 - 203 - 204 - 212 - 214 - 217 - 219 - 223 - 233 - 235 - 237 - 240 - 248 - 252 - 259 - 270 - 272 - 273 - 280 - 287 - 289 - 290 - 292 - 299 - 306 - 314 - 319 - 327 - 333 - 334 - 336 - 353 - 359 - 361 - 362 - 368 - 369 - 370 - 385 - 388 - 396 - 416 - 419 - 420 - 425 - 429 - 431 - 438 - 440 - 449 - 452 - 454 - 455 - 466 - 468 - 472 - 477 - 488 - 489 - 496 - 499,3076555.8,25.6,65631,52808,76.66,Cost: 65631 & Capacity: 52808
1 - 7 - 9 - 20 - 21 - 22 - 28 - 29 - 36 - 38 - 40 - 45 - 53 - 59 - 65 - 68 - 72 - 77 - 81 - 85 - 87 - 88 - 91 - 92 - 100 - 105 - 110 - 118 - 125 - 128 - 132 - 133 - 143 - 144 - 145 - 146 - 149 - 152 - 161 - 164 - 166 - 168 - 170 - 184 - 185 - 186 - 188 - 192 - 198 - 202 - 203 - 204 - 212 - 214 - 217 - 219 - 223 - 233 - 235 - 237 - 240 - 248 - 252 - 259 - 270 - 272 - 273 - 280 - 287 - 289 - 290 - 292 - 299 - 306 - 314 - 319 - 327 - 333 - 334 - 336 - 353 - 359 - 361 - 362 - 368 - 369 - 370 - 385 - 388 - 396 - 416 - 419 - 420 - 425 - 429 - 431 - 438 - 440 - 449 - 452 - 454 - 455 - 466 - 468 - 472 - 477 - 488 - 489 - 496 - 499,3127480.6,25.5,66067,53393,76.66,Cost: 66067 & Capacity: 53393
1 - 7 - 9 - 20 - 21 - 22 - 28 - 29 - 36 - 38 - 40 - 45 - 53 - 59 - 65 - 68 - 72 - 77 - 81 - 85 - 87 - 88 - 91 - 92 - 100 - 105 - 110 - 118 - 125 - 128 - 132 - 133 - 134 - 143 - 144 - 145 - 146 - 149 - 152 - 161 - 164 - 166 - 168 - 170 - 184 - 185 - 186 - 188 - 192 - 198 - 202 - 203 - 204 - 212 - 214 - 217 - 219 - 221 - 223 - 233 - 235 - 237 - 240 - 248 - 252 - 259 - 265 - 270 - 272 - 273 - 280 - 287 - 289 - 290 - 292 - 299 - 306 - 314 - 319 - 327 - 330 - 331 - 333 - 334 - 336 - 344 - 353 - 359 - 361 - 362 - 368 - 369 - 370 - 385 - 388 - 396 - 416 - 419 - 420 - 425 - 429 - 431 - 438 - 440 - 449 - 452 - 454 - 455 - 465 - 466 - 468 - 472 - 477 - 488 - 489 - 496 - 499,3527877.3,22.6,71078,57892,76.66,Cost: 71078 & Capacity: 57892
1 - 7 - 9 - 20 - 21 - 22 - 28 - 29 - 36 - 38 - 40 - 45 - 50 - 53 - 59 - 65 - 68 - 72 - 77 - 81 - 85 - 87 - 88 - 91 - 92 - 100 - 105 - 110 - 113 - 118 - 125 - 128 - 132 - 133 - 134 - 143 - 144 - 145 - 146 - 149 - 152 - 161 - 164 - 166 - 168 - 170 - 184 - 185 - 186 - 188 - 192 - 198 - 202 - 203 - 204 - 212 - 214 - 217 - 219 - 221 - 223 - 233 - 235 - 237 - 240 - 248 - 252 - 259 - 265 - 270 - 272 - 273 - 280 - 287 - 289 - 290 - 292 - 299 - 306 - 314 - 319 - 327 - 330 - 331 - 333 - 334 - 336 - 344 - 353 - 359 - 361 - 362 - 368 - 369 - 370 - 385 - 388 - 396 - 403 - 416 - 419 - 420 - 425 - 429 - 431 - 438 - 440 - 449 - 452 - 454 - 455 - 465 - 466 - 468 - 472 - 477 - 488 - 489 - 496 - 499,3710002.7,22.4,72633,59272,76.66,Cost: 72633 & Capacity: 59272
1 - 7 - 9 - 20 - 21 - 22 - 28 - 29 - 36 - 38 - 40 - 45 - 50 - 53 - 59 - 65 - 68 - 72 - 77 - 81 - 85 - 87 - 88 - 91 - 92 - 100 - 105 - 110 - 113 - 118 - 125 - 128 - 132 - 133 - 134 - 143 - 144 - 145 - 146 - 149 - 152 - 161 - 164 - 165 - 166 - 168 - 170 - 184 - 185 - 186 - 188 - 192 - 198 - 202 - 203 - 204 - 212 - 214 - 217 - 219 - 221 - 223 - 233 - 235 - 237 - 240 - 248 - 252 - 259 - 265 - 270 - 272 - 273 - 280 - 287 - 289 - 290 - 292 - 299 - 306 - 314 - 319 - 327 - 330 - 331 - 333 - 334 - 336 - 344 - 353 - 359 - 361 - 362 - 368 - 369 - 370 - 385 - 388 - 396 - 403 - 416 - 419 - 420 - 425 - 429 - 431 - 438 - 440 - 449 - 452 - 454 - 455 - 465 - 466 - 468 - 472 - 477 - 488 - 489 - 496 - 499,3772068.7,22.1,73307,60104,76.66,Cost: 73307 & Capacity: 60104
1 - 7 - 9 - 20 - 21 - 22 - 28 - 29 - 36 - 38 - 40 - 45 - 50 - 53 - 59 - 65 - 68 - 72 - 77 - 81 - 85 - 87 - 88 - 91 - 92 - 100 - 105 - 110 - 113 - 118 - 125 - 128 - 132 - 133 - 134 - 143 - 144 - 145 - 146 - 149 - 152 - 161 - 164 - 165 - 166 - 168 - 170 - 184 - 185 - 186 - 188 - 192 - 198 - 202 - 203 - 204 - 212 - 214 - 217 - 219 - 221 - 223 - 233 - 235 - 237 - 240 - 248 - 252 - 259 - 265 - 270 - 272 - 273 - 280 - 287 - 289 - 290 - 292 - 299 - 306 - 314 - 319 - 327 - 330 - 331 - 333 - 334 - 336 - 344 - 353 - 359 - 361 - 362 - 368 - 369 - 370 - 381 - 385 - 388 - 396 - 403 - 416 - 419 - 420 - 425 - 429 - 431 - 438 - 440 - 449 - 452 - 454 - 455 - 465 - 466 - 468 - 472 - 477 - 488 - 489 - 496 - 499,3836153.7,21.5,74163,60929,76.66,Cost: 74163 & Capacity: 60929
1 - 7 - 9 - 20 - 21 - 22 - 28 - 29 - 36 - 38 - 40 - 45 - 50 - 53 - 59 - 65 - 68 - 72 - 77 - 81 - 84 - 85 - 87 - 88 - 91 - 92 - 100 - 105 - 110 - 113 - 118 - 125 - 128 - 132 - 133 - 134 - 143 - 144 - 145 - 146 - 149 - 152 - 161 - 164 - 165 - 166 - 168 - 170 - 184 - 185 - 186 - 188 - 191 - 192 - 198 - 202 - 203 - 204 - 212 - 214 - 217 - 219 - 221 - 223 - 233 - 235 - 237 - 240 - 248 - 252 - 259 - 265 - 270 - 272 - 273 - 280 - 287 - 289 - 290 - 292 - 299 - 306 - 314 - 319 - 327 - 330 - 331 - 333 - 334 - 336 - 344 - 353 - 359 - 361 - 362 - 368 - 369 - 370 - 381 - 385 - 388 - 396 - 403 - 416 - 419 - 420 - 425 - 429 - 431 - 438 - 440 - 449 - 452 - 454 - 455 - 465 - 466 - 468 - 472 - 477 - 488 - 489 - 496 - 499,3961960.2,21.3,76006,62232,76.66,Cost: 76006 & Capacity: 62232
0 - 2 - 4 - 9 - 10 - 11 - 12 - 13 - 15 - 16 - 17 - 20 - 21 - 25 - 28 - 36 - 37 - 38 - 42 - 44 - 45 - 50 - 51 - 53 - 54 - 56 - 58 - 60 - 61 - 62 - 63 - 64 - 65 - 67 - 68 - 69 - 71 - 72 - 75 - 76 - 78 - 80 - 84 - 86 - 87 - 90 - 91 - 94 - 95 - 96 - 97 - 98 - 99 - 100 - 103 - 105 - 107 - 108 - 109 - 110 - 111 - 113 - 114 - 115 - 116 - 118 - 120 - 123 - 124 - 125 - 128 - 129 - 131 - 132 - 135 - 137 - 139 - 140 - 142 - 144 - 145 - 146 - 147 - 148 - 150 - 151 - 152 - 154 - 155 - 157 - 158 - 159 - 160 - 163 - 164 - 165 - 166 - 167 - 170 - 174 - 175 - 178 - 179 - 180 - 181 - 182 - 183 - 184 - 185 - 186 - 187 - 188 - 189 - 190 - 192 - 193 - 195 - 197 - 203 - 204 - 210 - 211 - 212 - 214 - 216 - 217 - 218 - 221 - 225 - 228 - 229 - 230 - 231 - 233 - 235 - 237 - 238 - 239 - 241 - 242 - 246 - 248 - 250 - 254 - 255 - 257 - 258 - 259 - 262 - 263 - 266 - 267 - 268 - 269 - 270 - 272 - 274 - 275 - 276 - 277 - 280 - 281 - 283 - 284 - 288 - 289 - 290 - 292 - 294 - 295 - 297 - 299 - 300 - 301 - 302 - 303 - 305 - 306 - 307 - 309 - 311 - 312 - 313 - 316 - 318 - 321 - 322 - 323 - 324 - 325 - 327 - 328 - 329 - 331 - 333 - 337 - 338 - 343 - 344 - 347 - 349 - 354 - 355 - 356 - 360 - 362 - 363 - 364 - 365 - 366 - 369 - 370 - 371 - 372 - 373 - 374 - 375 - 377 - 379 - 380 - 382 - 384 - 385 - 387 - 388 - 389 - 390 - 392 - 393 - 397 - 400 - 402 - 404 - 405 - 406 - 409 - 411 - 413 - 414 - 415 - 416 - 418 - 419 - 420 - 421 - 422 - 424 - 426 - 427 - 428 - 429 - 430 - 432 - 434 - 435 - 436 - 437 - 438 - 440 - 441 - 442 - 445 - 446 - 448 - 450 - 454 - 456 - 460 - 463 - 464 - 468 - 469 - 470 - 471 - 472 - 473 - 474 - 476 - 477 - 480 - 481 - 485 - 488 - 490 - 492 - 494 - 495 - 496,20819685.3,0.0,98261,100816,77.08,Cost: 98261 & Capacity: 100816
2 - 3 - 9 - 10 - 12 - 18 - 25 - 26 - 32 - 33 - 38 - 44 - 47 - 50 - 55 - 64 - 65 - 66 - 67 - 68 - 72 - 73 - 75 - 77 - 80 - 81 - 84 - 87 - 88 - 94 - 95 - 99 - 105 - 107 - 116 - 117 - 126 - 127 - 128 - 144 - 146 - 147 - 154 - 156 - 158 - 160 - 163 - 166 - 169 - 173 - 178 - 179 - 181 - 190 - 202 - 205 - 209 - 216 - 218 - 221 - 224 - 225 - 227 - 229 - 232 - 234 - 235 - 237 - 242 - 246 - 249 - 255 - 261 - 264 - 271 - 272 - 273 - 277 - 278 - 284 - 285 - 286 - 287 - 292 - 297 - 299 - 301 - 303 - 305 - 306 - 308 - 312 - 315 - 316 - 317 - 318 - 322 - 323 - 326 - 327 - 333 - 336 - 337 - 338 - 341 - 343 - 345 - 349 - 352 - 356 - 361 - 366 - 367 - 369 - 372 - 374 - 376 - 381 - 382 - 386 - 387 - 388 - 389 - 391 - 392 - 393 - 395 - 397 - 399 - 404 - 406 - 407 - 409 - 416 - 419 - 423 - 427 - 428 - 430 - 433 - 437 - 438 - 440 - 446 - 449 - 450 - 452 - 458 - 459 - 460 - 463 - 465 - 470 - 472 - 476 - 477 - 478 - 485 - 492 - 493 - 499,6550837.5,13.8,98194,75627,77.57,Cost: 98194 & Capacity: 75627
0 - 2 - 4 - 9 - 10 - 12 - 13 - 15 - 16 - 17 - 20 - 21 - 28 - 34 - 36 - 37 - 38 - 42 - 43 - 44 - 45 - 50 - 51 - 53 - 54 - 56 - 58 - 59 - 60 - 61 - 62 - 63 - 64 - 65 - 67 - 68 - 69 - 71 - 72 - 75 - 76 - 78 - 80 - 84 - 86 - 87 - 90 - 91 - 94 - 95 - 96 - 97 - 98 - 99 - 100 - 103 - 105 - 107 - 108 - 109 - 110 - 111 - 114 - 115 - 116 - 118 - 120 - 123 - 124 - 125 - 128 - 129 - 131 - 132 - 135 - 137 - 140 - 142 - 144 - 145 - 146 - 147 - 148 - 150 - 151 - 152 - 154 - 155 - 158 - 159 - 160 - 163 - 164 - 165 - 166 - 167 - 170 - 174 - 175 - 178 - 179 - 180 - 181 - 182 - 183 - 184 - 185 - 186 - 187 - 188 - 189 - 190 - 192 - 193 - 195 - 197 - 200 - 203 - 204 - 210 - 211 - 212 - 214 - 215 - 216 - 217 - 218 - 221 - 225 - 228 - 229 - 230 - 231 - 233 - 235 - 237 - 238 - 239 - 241 - 242 - 246 - 248 - 250 - 254 - 255 - 257 - 258 - 259 - 262 - 263 - 266 - 267 - 268 - 269 - 270 - 272 - 274 - 275 - 276 - 277 - 280 - 281 - 283 - 284 - 288 - 289 - 290 - 292 - 294 - 295 - 297 - 299 - 300 - 301 - 302 - 303 - 305 - 306 - 307 - 309 - 311 - 312 - 313 - 316 - 318 - 322 - 323 - 324 - 325 - 327 - 328 - 329 - 331 - 333 - 335 - 337 - 338 - 343 - 344 - 347 - 349 - 354 - 355 - 356 - 360 - 362 - 363 - 364 - 365 - 366 - 369 - 370 - 371 - 372 - 373 - 374 - 375 - 377 - 379 - 380 - 382 - 384 - 385 - 387 - 388 - 389 - 390 - 392 - 393 - 397 - 400 - 402 - 404 - 405 - 406 - 409 - 411 - 413 - 414 - 415 - 416 - 418 - 419 - 420 - 421 - 422 - 424 - 426 - 427 - 428 - 429 - 430 - 432 - 434 - 435 - 437 - 438 - 440 - 441 - 442 - 445 - 446 - 448 - 450 - 454 - 456 - 458 - 460 - 463 - 464 - 466 - 468 - 469 - 470 - 471 - 472 - 473 - 474 - 476 - 477 - 480 - 481 - 485 - 488 - 490 - 492 - 494 - 495 - 496,20886288.2,0.0,98263,100577,77.87,Cost: 98263 & Capacity: 100577
0 - 2 - 4 - 9 - 10 - 13 - 15 - 16 - 17 - 20 - 21 - 28 - 34 - 36 - 37 - 38 - 42 - 43 - 44 - 45 - 50 - 51 - 53 - 54 - 56 - 58 - 59 - 60 - 61 - 62 - 63 - 64 - 65 - 67 - 68 - 69 - 71 - 72 - 75 - 76 - 78 - 80 - 84 - 86 - 87 - 90 - 91 - 94 - 95 - 96 - 97 - 98 - 99 - 100 - 103 - 105 - 107 - 108 - 109 - 110 - 111 - 114 - 115 - 116 - 118 - 120 - 123 - 124 - 125 - 128 - 129 - 131 - 132 - 135 - 137 - 140 - 142 - 144 - 145 - 146 - 147 - 148 - 150 - 151 - 152 - 154 - 155 - 158 - 159 - 160 - 163 - 164 - 165 - 166 - 167 - 170 - 174 - 175 - 178 - 179 - 180 - 181 - 182 - 183 - 184 - 185 - 186 - 187 - 188 - 189 - 190 - 192 - 193 - 195 - 197 - 200 - 203 - 204 - 206 - 210 - 211 - 212 - 214 - 215 - 216 - 217 - 218 - 221 - 225 - 228 - 229 - 230 - 231 - 233 - 235 - 237 - 238 - 239 - 241 - 242 - 246 - 248 - 250 - 254 - 255 - 257 - 258 - 259 - 262 - 263 - 266 - 267 - 268 - 269 - 270 - 272 - 274 - 275 - 276 - 277 - 280 - 281 - 283 - 284 - 288 - 289 - 290 - 292 - 294 - 295 - 297 - 299 - 300 - 301 - 302 - 303 - 305 - 306 - 307 - 309 - 311 - 312 - 313 - 316 - 318 - 322 - 323 - 324 - 325 - 327 - 328 - 329 - 331 - 333 - 335 - 337 - 338 - 343 - 344 - 347 - 349 - 354 - 355 - 356 - 360 - 362 - 363 - 364 - 365 - 366 - 369 - 370 - 371 - 372 - 373 - 374 - 375 - 377 - 379 - 380 - 382 - 384 - 385 - 387 - 388 - 389 - 390 - 392 - 393 - 397 - 400 - 402 - 404 - 405 - 406 - 409 - 411 - 413 - 414 - 415 - 416 - 418 - 419 - 420 - 421 - 422 - 424 - 426 - 427 - 428 - 429 - 430 - 432 - 434 - 435 - 437 - 438 - 440 - 441 - 442 - 445 - 446 - 448 - 450 - 454 - 456 - 458 - 460 - 463 - 464 - 466 - 468 - 469 - 470 - 472 - 473 - 474 - 476 - 477 - 480 - 481 - 485 - 488 - 490 - 492 - 494 - 495 - 496,20734184.1,0.0,97509,99866,77.73,Cost: 97509 & Capacity: 99866
0 - 2 - 4 - 9 - 10 - 11 - 12 - 13 - 15 - 16 - 17 - 20 - 21 - 25 - 28 - 36 - 37 - 38 - 42 - 44 - 45 - 50 - 51 - 53 - 54 - 56 - 58 - 60 - 61 - 62 - 63 - 64 - 65 - 67 - 68 - 69 - 71 - 72 - 75 - 76 - 78 - 80 - 84 - 86 - 87 - 90 - 91 - 94 - 95 - 96 - 97 - 98 - 99 - 100 - 103 - 105 - 107 - 108 - 109 - 110 - 111 - 113 - 114 - 115 - 116 - 118 - 120 - 123 - 124 - 125 - 128 - 129 - 131 - 132 - 135 - 137 - 139 - 140 - 142 - 144 - 145 - 146 - 147 - 148 - 150 - 151 - 152 - 154 - 155 - 157 - 158 - 159 - 160 - 163 - 164 - 165 - 166 - 167 - 170 - 174 - 175 - 178 - 179 - 180 - 181 - 182 - 183 - 184 - 185 - 186 - 187 - 188 - 189 - 190 - 192 - 193 - 195 - 197 - 203 - 204 - 210 - 211 - 212 - 214 - 216 - 217 - 218 - 221 - 225 - 228 - 229 - 230 - 231 - 233 - 235 - 237 - 238 - 239 - 241 - 242 - 246 - 248 - 250 - 254 - 255 - 257 - 258 - 259 - 262 - 263 - 266 - 267 - 268 - 269 - 270 - 272 - 274 - 275 - 276 - 277 - 280 - 281 - 283 - 284 - 288 - 289 - 290 - 292 - 294 - 295 - 297 - 299 - 300 - 301 - 302 - 303 - 305 - 306 - 307 - 309 - 311 - 312 - 313 - 316 - 318 - 321 - 322 - 323 - 324 - 325 - 327 - 328 - 329 - 331 - 333 - 337 - 338 - 343 - 344 - 347 - 349 - 354 - 355 - 356 - 360 - 362 - 363 - 364 - 365 - 366 - 369 - 370 - 371 - 372 - 373 - 374 - 375 - 377 - 379 - 380 - 382 - 384 - 385 - 387 - 388 - 389 - 390 - 392 - 393 - 397 - 400 - 402 - 404 - 405 - 406 - 409 - 411 - 413 - 414 - 415 - 416 - 418 - 419 - 420 - 421 - 422 - 424 - 426 - 427 - 428 - 429 - 430 - 432 - 434 - 435 - 436 - 437 - 438 - 440 - 441 - 442 - 445 - 446 - 448 - 450 - 454 - 456 - 460 - 463 - 464 - 468 - 469 - 470 - 471 - 472 - 473 - 474 - 476 - 477 - 480 - 481 - 485 - 488 - 490 - 492 - 494 - 495 - 496,20819685.3,0.0,98261,100816,77.93,Cost: 98261 & Capacity: 100816
0 - 13 - 22 - 25 - 26 - 34 - 36 - 42 - 44 - 45 - 49 - 50 - 53 - 54 - 58 - 61 - 62 - 63 - 64 - 66 - 67 - 72 - 75 - 81 - 83 - 94 - 98 - 99 - 104 - 107 - 110 - 111 - 115 - 117 - 118 - 122 - 126 - 134 - 136 - 137 - 144 - 145 - 147 - 149 - 150 - 156 - 158 - 159 - 160 - 163 - 168 - 178 - 179 - 181 - 183 - 185 - 187 - 190 - 201 - 202 - 204 - 207 - 210 - 217 - 218 - 223 - 225 - 227 - 229 - 235 - 246 - 249 - 252 - 263 - 264 - 265 - 266 - 275 - 276 - 277 - 282 - 284 - 287 - 288 - 291 - 292 - 297 - 299 - 303 - 304 - 308 - 312 - 316 - 321 - 323 - 328 - 334 - 335 - 336 - 337 - 338 - 345 - 348 - 350 - 351 - 354 - 357 - 361 - 362 - 364 - 366 - 367 - 369 - 370 - 372 - 375 - 383 - 384 - 385 - 386 - 387 - 388 - 389 - 390 - 391 - 392 - 393 - 401 - 404 - 409 - 413 - 415 - 419 - 421 - 425 - 427 - 428 - 431 - 432 - 433 - 435 - 437 - 440 - 442 - 443 - 444 - 448 - 450 - 451 - 452 - 454 - 459 - 463 - 464 - 465 - 470 - 474 - 477 - 478 - 480 - 481 - 482 - 485 - 489 - 492,6948987.1,11.9,98011,81885,80.03,Cost: 98011 & Capacity: 81885
0 - 2 - 4 - 9 - 10 - 11 - 12 - 13 - 15 - 16 - 17 - 20 - 21 - 25 - 28 - 36 - 37 - 38 - 42 - 44 - 45 - 50 - 51 - 53 - 54 - 56 - 58 - 60 - 61 - 62 - 63 - 64 - 65 - 67 - 68 - 69 - 71 - 72 - 75 - 76 - 78 - 80 - 84 - 86 - 87 - 90 - 91 - 94 - 95 - 96 - 97 - 98 - 99 - 100 - 103 - 105 - 107 - 108 - 109 - 110 - 111 - 113 - 114 - 115 - 116 - 118 - 120 - 123 - 124 - 125 - 128 - 129 - 131 - 132 - 135 - 137 - 139 - 140 - 142 - 144 - 145 - 146 - 147 - 148 - 150 - 151 - 152 - 154 - 155 - 157 - 158 - 159 - 160 - 163 - 164 - 165 - 166 - 167 - 170 - 174 - 175 - 178 - 179 - 180 - 181 - 182 - 183 - 184 - 185 - 186 - 187 - 188 - 189 - 190 - 192 - 193 - 195 - 197 - 203 - 204 - 210 - 211 - 212 - 214 - 216 - 217 - 218 - 221 - 225 - 228 - 229 - 230 - 231 - 233 - 235 - 237 - 238 - 239 - 241 - 242 - 246 - 248 - 250 - 254 - 255 - 257 - 258 - 259 - 262 - 263 - 266 - 267 - 268 - 269 - 270 - 272 - 274 - 275 - 276 - 277 - 280 - 281 - 283 - 284 - 288 - 289 - 290 - 292 - 294 - 295 - 297 - 299 - 300 - 301 - 302 - 303 - 305 - 306 - 307 - 309 - 311 - 312 - 313 - 316 - 318 - 321 - 322 - 323 - 324 - 325 - 327 - 328 - 329 - 331 - 333 - 337 - 338 - 343 - 344 - 347 - 349 - 354 - 355 - 356 - 360 - 362 - 363 - 364 - 365 - 366 - 369 - 370 - 371 - 372 - 373 - 374 - 375 - 377 - 379 - 380 - 382 - 384 - 385 - 387 - 388 - 389 - 390 - 392 - 393 - 397 - 400 - 402 - 404 - 405 - 406 - 409 - 411 - 413 - 414 - 415 - 416 - 418 - 419 - 420 - 421 - 422 - 424 - 426 - 427 - 428 - 429 - 430 - 432 - 434 - 435 - 436 - 437 - 438 - 440 - 441 - 442 - 445 - 446 - 448 - 450 - 454 - 456 - 460 - 463 - 464 - 468 - 469 - 470 - 471 - 472 - 473 - 474 - 476 - 477 - 480 - 481 - 485 - 488 - 490 - 492 - 494 - 495 - 496,20819685.3,0.0,98261,100816,81.02,Cost: 98261 & Capacity: 100816
0 - 2 - 4 - 9 - 10 - 11 - 13 - 15 - 16 - 17 - 20 - 21 - 28 - 34 - 36 - 37 - 38 - 42 - 43 - 44 - 45 - 50 - 51 - 53 - 54 - 56 - 58 - 59 - 60 - 61 - 62 - 63 - 64 - 65 - 67 - 68 - 69 - 71 - 72 - 75 - 76 - 78 - 80 - 84 - 86 - 87 - 90 - 91 - 94 - 95 - 96 - 97 - 98 - 99 - 100 - 103 - 105 - 107 - 108 - 109 - 110 - 111 - 114 - 115 - 116 - 118 - 120 - 123 - 124 - 125 - 128 - 129 - 131 - 132 - 135 - 137 - 140 - 142 - 144 - 145 - 146 - 147 - 148 - 150 - 151 - 152 - 154 - 155 - 158 - 159 - 160 - 163 - 164 - 165 - 166 - 167 - 170 - 174 - 175 - 178 - 179 - 180 - 181 - 182 - 183 - 184 - 185 - 186 - 187 - 188 - 189 - 190 - 192 - 193 - 195 - 197 - 200 - 203 - 204 - 210 - 211 - 212 - 214 - 215 - 216 - 217 - 218 - 221 - 225 - 228 - 229 - 230 - 231 - 233 - 235 - 237 - 238 - 239 - 241 - 242 - 246 - 248 - 250 - 254 - 255 - 257 - 258 - 259 - 262 - 263 - 266 - 267 - 268 - 269 - 270 - 272 - 274 - 275 - 276 - 277 - 280 - 281 - 283 - 284 - 288 - 289 - 290 - 292 - 294 - 295 - 297 - 299 - 300 - 301 - 302 - 303 - 305 - 306 - 307 - 309 - 311 - 312 - 313 - 316 - 318 - 322 - 323 - 324 - 325 - 327 - 328 - 329 - 331 - 333 - 335 - 337 - 338 - 343 - 344 - 347 - 349 - 354 - 355 - 356 - 360 - 362 - 363 - 364 - 365 - 366 - 369 - 370 - 371 - 372 - 373 - 374 - 375 - 377 - 379 - 380 - 382 - 384 - 385 - 387 - 388 - 389 - 390 - 392 - 393 - 397 - 400 - 402 - 404 - 405 - 406 - 409 - 411 - 413 - 414 - 415 - 416 - 418 - 419 - 420 - 421 - 422 - 424 - 426 - 427 - 428 - 429 - 430 - 432 - 434 - 435 - 437 - 438 - 440 - 441 - 442 - 445 - 446 - 448 - 450 - 454 - 456 - 458 - 460 - 463 - 464 - 466 - 468 - 469 - 470 - 472 - 473 - 474 - 476 - 477 - 480 - 481 - 485 - 488 - 490 - 492 - 494 - 495 - 496,20738011.9,0.0,97512,100089,81.65,Cost: 97512 & Capacity: 100089
0 - 2 - 4 - 9 - 10 - 11 - 12 - 13 - 15 - 16 - 17 - 20 - 21 - 25 - 28 - 36 - 37 - 38 - 42 - 44 - 45 - 50 - 51 - 53 - 54 - 56 - 58 - 60 - 61 - 62 - 63 - 64 - 65 - 67 - 68 - 69 - 71 - 72 - 75 - 76 - 78 - 80 - 84 - 86 - 87 - 90 - 91 - 94 - 95 - 96 - 97 - 98 - 99 - 100 - 103 - 105 - 107 - 108 - 109 - 110 - 111 - 113 - 114 - 115 - 116 - 118 - 120 - 123 - 124 - 125 - 128 - 129 - 131 - 132 - 135 - 137 - 139 - 140 - 142 - 144 - 145 - 146 - 147 - 148 - 150 - 151 - 152 - 154 - 155 - 157 - 158 - 159 - 160 - 163 - 164 - 165 - 166 - 167 - 170 - 174 - 175 - 178 - 179 - 180 - 181 - 182 - 183 - 184 - 185 - 186 - 187 - 188 - 189 - 190 - 192 - 193 - 195 - 197 - 203 - 204 - 210 - 211 - 212 - 214 - 216 - 217 - 218 - 221 - 225 - 228 - 229 - 230 - 231 - 233 - 235 - 237 - 238 - 239 - 241 - 242 - 246 - 248 - 250 - 254 - 255 - 257 - 258 - 259 - 262 - 263 - 266 - 267 - 268 - 269 - 270 - 272 - 274 - 275 - 276 - 277 - 280 - 281 - 283 - 284 - 288 - 289 - 290 - 292 - 294 - 295 - 297 - 299 - 300 - 301 - 302 - 303 - 305 - 306 - 307 - 309 - 311 - 312 - 313 - 316 - 318 - 321 - 322 - 323 - 324 - 325 - 327 - 328 - 329 - 331 - 333 - 337 - 338 - 343 - 344 - 347 - 349 - 354 - 355 - 356 - 360 - 362 - 363 - 364 - 365 - 366 - 369 - 370 - 371 - 372 - 373 - 374 - 375 - 377 - 379 - 380 - 382 - 384 - 385 - 387 - 388 - 389 - 390 - 392 - 393 - 397 - 400 - 402 - 404 - 405 - 406 - 409 - 411 - 413 - 414 - 415 - 416 - 418 - 419 - 420 - 421 - 422 - 424 - 426 - 427 - 428 - 429 - 430 - 432 - 434 - 435 - 436 - 437 - 438 - 440 - 441 - 442 - 445 - 446 - 448 - 450 - 454 - 456 - 460 - 463 - 464 - 468 - 469 - 470 - 471 - 472 - 473 - 474 - 476 - 477 - 480 - 481 - 485 - 488 - 490 - 492 - 494 - 495 - 496,20819685.3,0.0,98261,100816,81.84,Cost: 98261 & Capacity: 100816
0 - 2 - 4 - 9 - 10 - 11 - 12 - 13 - 15 - 16 - 17 - 20 - 21 - 25 - 28 - 36 - 37 - 38 - 42 - 44 - 45 - 50 - 51 - 53 - 54 - 56 - 58 - 60 - 61 - 62 - 63 - 64 - 65 - 67 - 68 - 69 - 71 - 72 - 75 - 76 - 78 - 80 - 84 - 86 - 87 - 90 - 91 - 94 - 95 - 96 - 97 - 98 - 99 - 100 - 103 - 105 - 107 - 108 - 109 - 110 - 111 - 113 - 114 - 115 - 116 - 118 - 120 - 123 - 124 - 125 - 128 - 129 - 131 - 132 - 135 - 137 - 139 - 140 - 142 - 144 - 145 - 146 - 147 - 148 - 150 - 151 - 152 - 154 - 155 - 157 - 158 - 159 - 160 - 163 - 164 - 165 - 166 - 167 - 170 - 174 - 175 - 178 - 179 - 180 - 181 - 182 - 183 - 184 - 185 - 186 - 187 - 188 - 189 - 190 - 192 - 193 - 195 - 197 - 203 - 204 - 210 - 211 - 212 - 214 - 216 - 217 - 218 - 221 - 225 - 228 - 229 - 230 - 231 - 233 - 235 - 237 - 238 - 239 - 241 - 242 - 246 - 248 - 250 - 254 - 255 - 257 - 258 - 259 - 262 - 263 - 266 - 267 - 268 - 269 - 270 - 272 - 274 - 275 - 276 - 277 - 280 - 281 - 283 - 284 - 288 - 289 - 290 - 292 - 294 - 295 - 297 - 299 - 300 - 301 - 302 - 303 - 305 - 306 - 307 - 309 - 311 - 312 - 313 - 316 - 318 - 321 - 322 - 323 - 324 - 325 - 327 - 328 - 329 - 331 - 333 - 337 - 338 - 343 - 344 - 347 - 349 - 354 - 355 - 356 - 360 - 362 - 363 - 364 - 365 - 366 - 369 - 370 - 371 - 372 - 373 - 374 - 375 - 377 - 379 - 380 - 382 - 384 - 385 - 387 - 388 - 389 - 390 - 392 - 393 - 397 - 400 - 402 - 404 - 405 - 406 - 409 - 411 - 413 - 414 - 415 - 416 - 418 - 419 - 420 - 421 - 422 - 424 - 426 - 427 - 428 - 429 - 430 - 432 - 434 - 435 - 436 - 437 - 438 - 440 - 441 - 442 - 445 - 446 - 448 - 450 - 454 - 456 - 460 - 463 - 464 - 468 - 469 - 470 - 471 - 472 - 473 - 474 - 476 - 477 - 480 - 481 - 485 - 488 - 490 - 492 - 494 - 495 - 496,20819685.3,0.0,98261,100816,84.44,Cost: 98261 & Capacity: 100816
0 - 2 - 4 - 9 - 10 - 11 - 12 - 13 - 15 - 16 - 17 - 20 - 21 - 25 - 28 - 36 - 37 - 38 - 42 - 44 - 45 - 50 - 51 - 53 - 54 - 56 - 58 - 60 - 61 - 62 - 63 - 64 - 65 - 67 - 68 - 69 - 71 - 72 - 75 - 76 - 78 - 80 - 84 - 86 - 87 - 90 - 91 - 94 - 95 - 96 - 97 - 98 - 99 - 100 - 103 - 105 - 107 - 108 - 109 - 110 - 111 - 113 - 114 - 115 - 116 - 118 - 120 - 123 - 124 - 125 - 128 - 129 - 131 - 132 - 135 - 137 - 139 - 140 - 142 - 144 - 145 - 146 - 147 - 148 - 150 - 151 - 152 - 154 - 155 - 157 - 158 - 159 - 160 - 163 - 164 - 165 - 166 - 167 - 170 - 174 - 175 - 178 - 179 - 180 - 181 - 182 - 183 - 184 - 185 - 186 - 187 - 188 - 189 - 190 - 192 - 193 - 195 - 197 - 203 - 204 - 210 - 211 - 212 - 214 - 216 - 217 - 218 - 221 - 225 - 228 - 229 - 230 - 231 - 233 - 235 - 237 - 238 - 239 - 241 - 242 - 246 - 248 - 250 - 254 - 255 - 257 - 258 - 259 - 262 - 263 - 266 - 267 - 268 - 269 - 270 - 272 - 274 - 275 - 276 - 277 - 280 - 281 - 283 - 284 - 288 - 289 - 290 - 292 - 294 - 295 - 297 - 299 - 300 - 301 - 302 - 303 - 305 - 306 - 307 - 309 - 311 - 312 - 313 - 316 - 318 - 321 - 322 - 323 - 324 - 325 - 327 - 328 - 329 - 331 - 333 - 337 - 338 - 343 - 344 - 347 - 349 - 354 - 355 - 356 - 360 - 362 - 363 - 364 - 365 - 366 - 369 - 370 - 371 - 372 - 373 - 374 - 375 - 377 - 379 - 380 - 382 - 384 - 385 - 387 - 388 - 389 - 390 - 392 - 393 - 397 - 400 - 402 - 404 - 405 - 406 - 409 - 411 - 413 - 414 - 415 - 416 - 418 - 419 - 420 - 421 - 422 - 424 - 426 - 427 - 428 - 429 - 430 - 432 - 434 - 435 - 436 - 437 - 438 - 440 - 441 - 442 - 445 - 446 - 448 - 450 - 454 - 456 - 460 - 463 - 464 - 468 - 469 - 470 - 471 - 472 - 473 - 474 - 476 - 477 - 480 - 481 - 485 - 488 - 490 - 492 - 494 - 495 - 496,20819685.3,0.0,98261,100816,85.36,Cost: 98261 & Capacity: 100816
9 - 12 - 17 - 22 - 23 - 25 - 26 - 36 - 38 - 40 - 41 - 44 - 47 - 49 - 53 - 55 - 64 - 69 - 71 - 72 - 73 - 75 - 81 - 85 - 92 - 95 - 99 - 107 - 111 - 117 - 126 - 127 - 128 - 134 - 144 - 145 - 146 - 147 - 149 - 150 - 152 - 155 - 156 - 163 - 166 - 168 - 169 - 171 - 176 - 200 - 203 - 212 - 215 - 217 - 219 - 224 - 228 - 231 - 232 - 235 - 237 - 239 - 246 - 249 - 257 - 261 - 262 - 269 - 275 - 276 - 277 - 278 - 281 - 284 - 285 - 286 - 287 - 292 - 294 - 298 - 299 - 303 - 305 - 309 - 311 - 316 - 318 - 320 - 322 - 323 - 331 - 332 - 333 - 338 - 343 - 345 - 349 - 352 - 355 - 359 - 361 - 364 - 366 - 367 - 369 - 371 - 372 - 373 - 374 - 375 - 376 - 381 - 382 - 383 - 384 - 386 - 387 - 388 - 389 - 390 - 391 - 392 - 393 - 395 - 399 - 401 - 403 - 404 - 406 - 411 - 413 - 416 - 419 - 420 - 423 - 427 - 432 - 433 - 436 - 438 - 441 - 444 - 446 - 459 - 463 - 464 - 465 - 470 - 476 - 477 - 480 - 484 - 485 - 494 - 497 - 499,6106937.1,14.7,96524,76578,85.77,Cost: 96524 & Capacity: 76578
0 - 2 - 4 - 9 - 10 - 11 - 12 - 13 - 15 - 16 - 17 - 20 - 21 - 25 - 28 - 36 - 37 - 38 - 42 - 44 - 45 - 50 - 51 - 53 - 54 - 56 - 58 - 60 - 61 - 62 - 63 - 64 - 65 - 67 - 68 - 69 - 71 - 72 - 75 - 76 - 78 - 80 - 84 - 86 - 87 - 90 - 91 - 94 - 95 - 96 - 97 - 98 - 99 - 100 - 103 - 105 - 107 - 108 - 109 - 110 - 111 - 113 - 114 - 115 - 116 - 118 - 120 - 123 - 124 - 125 - 128 - 129 - 131 - 132 - 135 - 137 - 139 - 140 - 142 - 144 - 145 - 146 - 147 - 148 - 150 - 151 - 152 - 154 - 155 - 157 - 158 - 159 - 160 - 163 - 164 - 165 - 166 - 167 - 170 - 174 - 175 - 178 - 179 - 180 - 181 - 182 - 183 - 184 - 185 - 186 - 187 - 188 - 189 - 190 - 192 - 193 - 195 - 197 - 203 - 204 - 210 - 211 - 212 - 214 - 216 - 217 - 218 - 221 - 225 - 228 - 229 - 230 - 231 - 233 - 235 - 237 - 238 - 239 - 241 - 242 - 246 - 248 - 250 - 254 - 255 - 257 - 258 - 259 - 262 - 263 - 266 - 267 - 268 - 269 - 270 - 272 - 274 - 275 - 276 - 277 - 280 - 281 - 283 - 284 - 288 - 289 - 290 - 292 - 294 - 295 - 297 - 299 - 300 - 301 - 302 - 303 - 305 - 306 - 307 - 309 - 311 - 312 - 313 - 316 - 318 - 321 - 322 - 323 - 324 - 325 - 327 - 328 - 329 - 331 - 333 - 337 - 338 - 343 - 344 - 347 - 349 - 354 - 355 - 356 - 360 - 362 - 363 - 364 - 365 - 366 - 369 - 370 - 371 - 372 - 373 - 374 - 375 - 377 - 379 - 380 - 382 - 384 - 385 - 387 - 388 - 389 - 390 - 392 - 393 - 397 - 400 - 402 - 404 - 405 - 406 - 409 - 411 - 413 - 414 - 415 - 416 - 418 - 419 - 420 - 421 - 422 - 424 - 426 - 427 - 428 - 429 - 430 - 432 - 434 - 435 - 436 - 437 - 438 - 440 - 441 - 442 - 445 - 446 - 448 - 450 - 454 - 456 - 460 - 463 - 464 - 468 - 469 - 470 - 471 - 472 - 473 - 474 - 476 - 477 - 480 - 481 - 485 - 488 - 490 - 492 - 494 - 495 - 496,20819685.3,0.0,98261,100816,86.13,Cost: 98261 & Capacity: 100816
0 - 2 - 4 - 9 - 10 - 11 - 12 - 13 - 15 - 16 - 17 - 20 - 21 - 25 - 28 - 36 - 37 - 38 - 42 - 44 - 45 - 50 - 51 - 53 - 54 - 56 - 58 - 60 - 61 - 62 - 63 - 64 - 65 - 67 - 68 - 69 - 71 - 72 - 75 - 76 - 78 - 80 - 84 - 86 - 87 - 90 - 91 - 94 - 95 - 96 - 97 - 98 - 99 - 100 - 103 - 105 - 107 - 108 - 109 - 110 - 111 - 113 - 114 - 115 - 116 - 118 - 120 - 123 - 124 - 125 - 128 - 129 - 131 - 132 - 135 - 137 - 139 - 140 - 142 - 144 - 145 - 146 - 147 - 148 - 150 - 151 - 152 - 154 - 155 - 157 - 158 - 159 - 160 - 163 - 164 - 165 - 166 - 167 - 170 - 174 - 175 - 178 - 179 - 180 - 181 - 182 - 183 - 184 - 185 - 186 - 187 - 188 - 189 - 190 - 192 - 193 - 195 - 197 - 203 - 204 - 210 - 211 - 212 - 214 - 216 - 217 - 218 - 221 - 225 - 228 - 229 - 230 - 231 - 233 - 235 - 237 - 238 - 239 - 241 - 242 - 246 - 248 - 250 - 254 - 255 - 257 - 258 - 259 - 262 - 263 - 266 - 267 - 268 - 269 - 270 - 272 - 274 - 275 - 276 - 277 - 280 - 281 - 283 - 284 - 288 - 289 - 290 - 292 - 294 - 295 - 297 - 299 - 300 - 301 - 302 - 303 - 305 - 306 - 307 - 309 - 311 - 312 - 313 - 316 - 318 - 321 - 322 - 323 - 324 - 325 - 327 - 328 - 329 - 331 - 333 - 337 - 338 - 343 - 344 - 347 - 349 - 354 - 355 - 356 - 360 - 362 - 363 - 364 - 365 - 366 - 369 - 370 - 371 - 372 - 373 - 374 - 375 - 377 - 379 - 380 - 382 - 384 - 385 - 387 - 388 - 389 - 390 - 392 - 393 - 397 - 400 - 402 - 404 - 405 - 406 - 409 - 411 - 413 - 414 - 415 - 416 - 418 - 419 - 420 - 421 - 422 - 424 - 426 - 427 - 428 - 429 - 430 - 432 - 434 - 435 - 436 - 437 - 438 - 440 - 441 - 442 - 445 - 446 - 448 - 450 - 454 - 456 - 460 - 463 - 464 - 468 - 469 - 470 - 471 - 472 - 473 - 474 - 476 - 477 - 480 - 481 - 485 - 488 - 490 - 492 - 494 - 495 - 496,20819685.3,0.0,98261,100816,90.37,Cost: 98261 & Capacity: 100816
0 - 2 - 4 - 9 - 10 - 11 - 12 - 13 - 15 - 16 - 17 - 20 - 21 - 25 - 28 - 36 - 37 - 38 - 42 - 44 - 45 - 50 - 51 - 53 - 54 - 56 - 58 - 60 - 61 - 62 - 63 - 64 - 65 - 67 - 68 - 69 - 71 - 72 - 75 - 76 - 78 - 80 - 84 - 86 - 87 - 90 - 91 - 94 - 95 - 96 - 97 - 98 - 99 - 100 - 103 - 105 - 107 - 108 - 109 - 110 - 111 - 113 - 114 - 115 - 116 - 118 - 120 - 123 - 124 - 125 - 128 - 129 - 131 - 132 - 135 - 137 - 139 - 140 - 142 - 144 - 145 - 146 - 147 - 148 - 150 - 151 - 152 - 154 - 155 - 157 - 158 - 159 - 160 - 163 - 164 - 165 - 166 - 167 - 170 - 174 - 175 - 178 - 179 - 180 - 181 - 182 - 183 - 184 - 185 - 186 - 187 - 188 - 189 - 190 - 192 - 193 - 195 - 197 - 203 - 204 - 210 - 211 - 212 - 214 - 216 - 217 - 218 - 221 - 225 - 228 - 229 - 230 - 231 - 233 - 235 - 237 - 238 - 239 - 241 - 242 - 246 - 248 - 250 - 254 - 255 - 257 - 258 - 259 - 262 - 263 - 266 - 267 - 268 - 269 - 270 - 272 - 274 - 275 - 276 - 277 - 280 - 281 - 283 - 284 - 288 - 289 - 290 - 292 - 294 - 295 - 297 - 299 - 300 - 301 - 302 - 303 - 305 - 306 - 307 - 309 - 311 - 312 - 313 - 316 - 318 - 321 - 322 - 323 - 324 - 325 - 327 - 328 - 329 - 331 - 333 - 337 - 338 - 343 - 344 - 347 - 349 - 354 - 355 - 356 - 360 - 362 - 363 - 364 - 365 - 366 - 369 - 370 - 371 - 372 - 373 - 374 - 375 - 377 - 379 - 380 - 382 - 384 - 385 - 387 - 388 - 389 - 390 - 392 - 393 - 397 - 400 - 402 - 404 - 405 - 406 - 409 - 411 - 413 - 414 - 415 - 416 - 418 - 419 - 420 - 421 - 422 - 424 - 426 - 427 - 428 - 429 - 430 - 432 - 434 - 435 - 436 - 437 - 438 - 440 - 441 - 442 - 445 - 446 - 448 - 450 - 454 - 456 - 460 - 463 - 464 - 468 - 469 - 470 - 471 - 472 - 473 - 474 - 476 - 477 - 480 - 481 - 485 - 488 - 490 - 492 - 494 - 495 - 496,20819685.3,0.0,98261,100816,92.79,Cost: 98261 & Capacity: 100816
0 - 10 - 12 - 13 - 16 - 21 - 29 - 39 - 44 - 45 - 50 - 51 - 53 - 54 - 57 - 60 - 61 - 62 - 63 - 64 - 65 - 66 - 67 - 68 - 69 - 71 - 72 - 75 - 79 - 80 - 81 - 84 - 86 - 87 - 88 - 91 - 92 - 94 - 95 - 97 - 98 - 99 - 100 - 105 - 106 - 107 - 108 - 109 - 110 - 111 - 114 - 115 - 116 - 118 - 123 - 124 - 126 - 127 - 128 - 132 - 136 - 137 - 139 - 142 - 144 - 145 - 146 - 147 - 149 - 150 - 154 - 156 - 157 - 158 - 159 - 160 - 161 - 162 - 163 - 164 - 166 - 167 - 170 - 171 - 174 - 175 - 176 - 178 - 179 - 181 - 183 - 184 - 185 - 187 - 188 - 189 - 190 - 192 - 193 - 195 - 197 - 201 - 202 - 204 - 209 - 210 - 211 - 212 - 215 - 217 - 219 - 220 - 221 - 223 - 225 - 230 - 231 - 233 - 235 - 237 - 238 - 246 - 247 - 254 - 255 - 256 - 257 - 258 - 262 - 266 - 267 - 273 - 277 - 278 - 283 - 284 - 287 - 288 - 290 - 292 - 294 - 297 - 300 - 301 - 302 - 303 - 305 - 306 - 312 - 313 - 314 - 316 - 317 - 318 - 322 - 323 - 324 - 325 - 326 - 328 - 330 - 333 - 336 - 337 - 338 - 341 - 342 - 347 - 358 - 362 - 366 - 370 - 371 - 372 - 374 - 375 - 377 - 382 - 383 - 385 - 388 - 389 - 390 - 392 - 393 - 394 - 395 - 397 - 400 - 403 - 404 - 406 - 407 - 409 - 410 - 411 - 415 - 419 - 420 - 422 - 423 - 424 - 427 - 428 - 429 - 430 - 432 - 434 - 436 - 437 - 438 - 441 - 450 - 454 - 459 - 460 - 464 - 470 - 471 - 472 - 474 - 476 - 477 - 478 - 480 - 481 - 484 - 485 - 486 - 488 - 489 - 492 - 494 - 495 - 496 - 497,13970818.6,4.6,98237,90626,93.81,Cost: 98237 & Capacity: 90626
0 - 2 - 4 - 9 - 10 - 11 - 12 - 13 - 15 - 16 - 17 - 20 - 21 - 25 - 28 - 36 - 37 - 38 - 42 - 44 - 45 - 50 - 51 - 53 - 54 - 56 - 58 - 60 - 61 - 62 - 63 - 64 - 65 - 67 - 68 - 69 - 71 - 72 - 75 - 76 - 78 - 80 - 84 - 86 - 87 - 90 - 91 - 94 - 95 - 96 - 97 - 98 - 99 - 100 - 103 - 105 - 107 - 108 - 109 - 110 - 111 - 113 - 114 - 115 - 116 - 118 - 120 - 123 - 124 - 125 - 128 - 129 - 131 - 132 - 135 - 137 - 139 - 140 - 142 - 144 - 145 - 146 - 147 - 148 - 150 - 151 - 152 - 154 - 155 - 157 - 158 - 159 - 160 - 163 - 164 - 165 - 166 - 167 - 170 - 174 - 175 - 178 - 179 - 180 - 181 - 182 - 183 - 184 - 185 - 186 - 187 - 188 - 189 - 190 - 192 - 193 - 195 - 197 - 203 - 204 - 210 - 211 - 212 - 214 - 216 - 217 - 218 - 221 - 225 - 228 - 229 - 230 - 231 - 233 - 235 - 237 - 238 - 239 - 241 - 242 - 246 - 248 - 250 - 254 - 255 - 257 - 258 - 259 - 262 - 263 - 266 - 267 - 268 - 269 - 270 - 272 - 274 - 275 - 276 - 277 - 280 - 281 - 283 - 284 - 288 - 289 - 290 - 292 - 294 - 295 - 297 - 299 - 300 - 301 - 302 - 303 - 305 - 306 - 307 - 309 - 311 - 312 - 313 - 316 - 318 - 321 - 322 - 323 - 324 - 325 - 327 - 328 - 329 - 331 - 333 - 337 - 338 - 343 - 344 - 347 - 349 - 354 - 355 - 356 - 360 - 362 - 363 - 364 - 365 - 366 - 369 - 370 - 371 - 372 - 373 - 374 - 375 - 377 - 379 - 380 - 382 - 384 - 385 - 387 - 388 - 389 - 390 - 392 - 393 - 397 - 400 - 402 - 404 - 405 - 406 - 409 - 411 - 413 - 414 - 415 - 416 - 418 - 419 - 420 - 421 - 422 - 424 - 426 - 427 - 428 - 429 - 430 - 432 - 434 - 435 - 436 - 437 - 438 - 440 - 441 - 442 - 445 - 446 - 448 - 450 - 454 - 456 - 460 - 463 - 464 - 468 - 469 - 470 - 471 - 472 - 473 - 474 - 476 - 477 - 480 - 481 - 485 - 488 - 490 - 492 - 494 - 495 - 496,20819685.3,0.0,98261,100816,94.51,Cost: 98261 & Capacity: 100816
0 - 2 - 4 - 9 - 10 - 11 - 12 - 13 - 15 - 16 - 17 - 20 - 21 - 25 - 28 - 36 - 37 - 38 - 42 - 44 - 45 - 50 - 51 - 53 - 54 - 56 - 58 - 60 - 61 - 62 - 63 - 64 - 65 - 67 - 68 - 69 - 71 - 72 - 75 - 76 - 78 - 80 - 84 - 86 - 87 - 90 - 91 - 94 - 95 - 96 - 97 - 98 - 99 - 100 - 103 - 105 - 107 - 108 - 109 - 110 - 111 - 113 - 114 - 115 - 116 - 118 - 120 - 123 - 124 - 125 - 128 - 129 - 131 - 132 - 135 - 137 - 139 - 140 - 142 - 144 - 145 - 146 - 147 - 148 - 150 - 151 - 152 - 154 - 155 - 157 - 158 - 159 - 160 - 163 - 164 - 165 - 166 - 167 - 170 - 174 - 175 - 178 - 179 - 180 - 181 - 182 - 183 - 184 - 185 - 186 - 187 - 188 - 189 - 190 - 192 - 193 - 195 - 197 - 203 - 204 - 210 - 211 - 212 - 214 - 216 - 217 - 218 - 221 - 225 - 228 - 229 - 230 - 231 - 233 - 235 - 237 - 238 - 239 - 241 - 242 - 246 - 248 - 250 - 254 - 255 - 257 - 258 - 259 - 262 - 263 - 266 - 267 - 268 - 269 - 270 - 272 - 274 - 275 - 276 - 277 - 280 - 281 - 283 - 284 - 288 - 289 - 290 - 292 - 294 - 295 - 297 - 299 - 300 - 301 - 302 - 303 - 305 - 306 - 307 - 309 - 311 - 312 - 313 - 316 - 318 - 321 - 322 - 323 - 324 - 325 - 327 - 328 - 329 - 331 - 333 - 337 - 338 - 343 - 344 - 347 - 349 - 354 - 355 - 356 - 360 - 362 - 363 - 364 - 365 - 366 - 369 - 370 - 371 - 372 - 373 - 374 - 375 - 377 - 379 - 380 - 382 - 384 - 385 - 387 - 388 - 389 - 390 - 392 - 393 - 397 - 400 - 402 - 404 - 405 - 406 - 409 - 411 - 413 - 414 - 415 - 416 - 418 - 419 - 420 - 421 - 422 - 424 - 426 - 427 - 428 - 429 - 430 - 432 - 434 - 435 - 436 - 437 - 438 - 440 - 441 - 442 - 445 - 446 - 448 - 450 - 454 - 456 - 460 - 463 - 464 - 468 - 469 - 470 - 471 - 472 - 473 - 474 - 476 - 477 - 480 - 481 - 485 - 488 - 490 - 492 - 494 - 495 - 496,20819685.3,0.0,98261,100816,95.28,Cost: 98261 & Capacity: 100816
0 - 2 - 4 - 9 - 10 - 11 - 12 - 13 - 15 - 16 - 17 - 20 - 21 - 35 - 36 - 37 - 42 - 44 - 50 - 51 - 53 - 54 - 56 - 58 - 60 - 61 - 62 - 63 - 64 - 65 - 67 - 68 - 69 - 71 - 72 - 75 - 76 - 78 - 80 - 84 - 86 - 87 - 90 - 91 - 94 - 95 - 97 - 98 - 99 - 100 - 103 - 105 - 107 - 108 - 109 - 110 - 111 - 113 - 114 - 115 - 116 - 118 - 123 - 124 - 125 - 128 - 131 - 132 - 136 - 137 - 139 - 140 - 142 - 144 - 145 - 146 - 147 - 148 - 150 - 151 - 152 - 153 - 154 - 155 - 158 - 159 - 160 - 163 - 164 - 166 - 167 - 170 - 174 - 175 - 176 - 178 - 179 - 181 - 183 - 184 - 185 - 187 - 188 - 189 - 190 - 192 - 193 - 195 - 197 - 203 - 204 - 210 - 212 - 214 - 216 - 217 - 218 - 221 - 225 - 228 - 229 - 231 - 233 - 234 - 235 - 238 - 239 - 242 - 246 - 248 - 254 - 255 - 257 - 258 - 259 - 262 - 266 - 267 - 268 - 269 - 270 - 272 - 273 - 275 - 276 - 277 - 280 - 281 - 283 - 284 - 288 - 289 - 290 - 292 - 294 - 297 - 299 - 300 - 301 - 302 - 303 - 305 - 306 - 307 - 311 - 312 - 313 - 316 - 318 - 321 - 322 - 323 - 324 - 325 - 328 - 329 - 331 - 333 - 338 - 342 - 343 - 344 - 347 - 349 - 354 - 355 - 356 - 360 - 362 - 363 - 364 - 366 - 369 - 370 - 371 - 372 - 373 - 374 - 375 - 377 - 379 - 380 - 382 - 384 - 385 - 388 - 389 - 390 - 392 - 393 - 395 - 397 - 398 - 400 - 401 - 402 - 404 - 405 - 406 - 409 - 411 - 413 - 415 - 416 - 418 - 419 - 420 - 422 - 423 - 424 - 426 - 427 - 428 - 429 - 430 - 432 - 434 - 435 - 436 - 437 - 438 - 440 - 441 - 442 - 445 - 446 - 448 - 450 - 454 - 459 - 460 - 463 - 464 - 465 - 468 - 469 - 470 - 471 - 472 - 474 - 476 - 477 - 478 - 480 - 481 - 485 - 487 - 488 - 491 - 492 - 494 - 495 - 496 - 497 - 499,19111516.0,0.4,98247,98078,96.21,Cost: 98247 & Capacity: 98078
0 - 2 - 4 - 9 - 10 - 11 - 12 - 13 - 15 - 16 - 17 - 20 - 21 - 25 - 28 - 36 - 37 - 38 - 42 - 44 - 45 - 50 - 51 - 53 - 54 - 56 - 58 - 60 - 61 - 62 - 63 - 64 - 65 - 67 - 68 - 69 - 71 - 72 - 75 - 76 - 78 - 80 - 84 - 86 - 87 - 90 - 91 - 94 - 95 - 96 - 97 - 98 - 99 - 100 - 103 - 105 - 107 - 108 - 109 - 110 - 111 - 113 - 114 - 115 - 116 - 118 - 120 - 123 - 124 - 125 - 128 - 129 - 131 - 132 - 135 - 137 - 140 - 142 - 144 - 145 - 146 - 147 - 148 - 149 - 150 - 151 - 152 - 154 - 155 - 158 - 159 - 160 - 163 - 164 - 165 - 166 - 167 - 170 - 174 - 175 - 178 - 179 - 180 - 181 - 182 - 183 - 184 - 185 - 186 - 187 - 188 - 189 - 190 - 192 - 193 - 195 - 197 - 203 - 204 - 210 - 211 - 212 - 214 - 215 - 216 - 217 - 218 - 221 - 225 - 228 - 229 - 230 - 231 - 233 - 235 - 237 - 238 - 239 - 242 - 246 - 248 - 250 - 254 - 255 - 257 - 258 - 259 - 262 - 263 - 266 - 267 - 268 - 269 - 270 - 272 - 274 - 275 - 276 - 277 - 280 - 281 - 283 - 284 - 288 - 289 - 290 - 292 - 294 - 295 - 297 - 299 - 300 - 301 - 302 - 303 - 305 - 306 - 307 - 309 - 311 - 312 - 313 - 316 - 318 - 322 - 323 - 324 - 325 - 327 - 328 - 329 - 331 - 333 - 337 - 338 - 343 - 344 - 347 - 349 - 354 - 355 - 356 - 360 - 362 - 363 - 364 - 366 - 369 - 370 - 371 - 372 - 373 - 374 - 375 - 377 - 379 - 380 - 382 - 384 - 385 - 387 - 388 - 389 - 390 - 392 - 393 - 397 - 400 - 401 - 402 - 404 - 405 - 406 - 409 - 411 - 413 - 414 - 415 - 416 - 418 - 419 - 420 - 421 - 422 - 424 - 426 - 427 - 428 - 429 - 430 - 432 - 434 - 435 - 436 - 437 - 438 - 440 - 441 - 442 - 445 - 446 - 448 - 450 - 454 - 456 - 460 - 463 - 464 - 465 - 466 - 468 - 469 - 470 - 472 - 473 - 474 - 476 - 477 - 480 - 481 - 485 - 488 - 490 - 492 - 494 - 495 - 496 - 497,20805215.5,0.0,98264,99833,97.95,Cost: 98264 & Capacity: 99833
7 - 12 - 13 - 26 - 28 - 29 - 31 - 43 - 46 - 49 - 50 - 54 - 58 - 59 - 64 - 73 - 77 - 79 - 84 - 86 - 117 - 119 - 121 - 126 - 132 - 140 - 144 - 146 - 147 - 162 - 164 - 166 - 177 - 181 - 187 - 200 - 201 - 203 - 207 - 210 - 212 - 219 - 224 - 231 - 234 - 235 - 245 - 251 - 252 - 256 - 258 - 259 - 260 - 261 - 271 - 272 - 275 - 280 - 281 - 282 - 288 - 292 - 297 - 299 - 303 - 305 - 313 - 315 - 317 - 322 - 331 - 332 - 333 - 334 - 338 - 341 - 342 - 350 - 359 - 364 - 367 - 369 - 370 - 401 - 404 - 406 - 416 - 432 - 436 - 438 - 440 - 445 - 454 - 459 - 464 - 466 - 467 - 473 - 476 - 482 - 485 - 487 - 489 - 491,2804984.2,27.8,72515,54102,98.35,Cost: 72515 & Capacity: 54102
7 - 12 - 13 - 26 - 28 - 29 - 31 - 43 - 46 - 49 - 50 - 54 - 58 - 59 - 64 - 73 - 77 - 79 - 84 - 86 - 117 - 119 - 121 - 126 - 128 - 132 - 134 - 140 - 144 - 146 - 147 - 161 - 162 - 164 - 166 - 177 - 181 - 187 - 200 - 201 - 203 - 207 - 210 - 212 - 219 - 221 - 224 - 231 - 234 - 235 - 245 - 251 - 252 - 256 - 258 - 259 - 260 - 261 - 271 - 272 - 275 - 280 - 281 - 282 - 288 - 292 - 297 - 299 - 303 - 305 - 308 - 313 - 315 - 317 - 322 - 331 - 332 - 333 - 334 - 338 - 341 - 342 - 350 - 354 - 355 - 359 - 364 - 367 - 369 - 370 - 390 - 401 - 403 - 404 - 406 - 416 - 432 - 436 - 438 - 440 - 445 - 454 - 459 - 464 - 466 - 467 - 473 - 476 - 482 - 483 - 485 - 487 - 489 - 491,3345731.7,23.6,78866,59975,98.35,Cost: 78866 & Capacity: 59975
0 - 2 - 4 - 9 - 10 - 11 - 12 - 13 - 15 - 16 - 17 - 20 - 21 - 25 - 28 - 36 - 37 - 38 - 42 - 44 - 45 - 50 - 51 - 53 - 54 - 56 - 58 - 60 - 61 - 62 - 63 - 64 - 65 - 67 - 68 - 69 - 71 - 72 - 75 - 76 - 78 - 80 - 84 - 86 - 87 - 90 - 91 - 94 - 95 - 96 - 97 - 98 - 99 - 100 - 103 - 105 - 107 - 108 - 109 - 110 - 111 - 113 - 114 - 115 - 116 - 118 - 120 - 123 - 124 - 125 - 128 - 129 - 131 - 132 - 135 - 137 - 139 - 140 - 142 - 144 - 145 - 146 - 147 - 148 - 150 - 151 - 152 - 154 - 155 - 157 - 158 - 159 - 160 - 163 - 164 - 165 - 166 - 167 - 170 - 174 - 175 - 178 - 179 - 180 - 181 - 182 - 183 - 184 - 185 - 186 - 187 - 188 - 189 - 190 - 192 - 193 - 195 - 197 - 203 - 204 - 210 - 211 - 212 - 214 - 216 - 217 - 218 - 221 - 225 - 228 - 229 - 230 - 231 - 233 - 235 - 237 - 238 - 239 - 241 - 242 - 246 - 248 - 250 - 254 - 255 - 257 - 258 - 259 - 262 - 263 - 266 - 267 - 268 - 269 - 270 - 272 - 274 - 275 - 276 - 277 - 280 - 281 - 283 - 284 - 288 - 289 - 290 - 292 - 294 - 295 - 297 - 299 - 300 - 301 - 302 - 303 - 305 - 306 - 307 - 309 - 311 - 312 - 313 - 316 - 318 - 321 - 322 - 323 - 324 - 325 - 327 - 328 - 329 - 331 - 333 - 337 - 338 - 343 - 344 - 347 - 349 - 354 - 355 - 356 - 360 - 362 - 363 - 364 - 365 - 366 - 369 - 370 - 371 - 372 - 373 - 374 - 375 - 377 - 379 - 380 - 382 - 384 - 385 - 387 - 388 - 389 - 390 - 392 - 393 - 397 - 400 - 402 - 404 - 405 - 406 - 409 - 411 - 413 - 414 - 415 - 416 - 418 - 419 - 420 - 421 - 422 - 424 - 426 - 427 - 428 - 429 - 430 - 432 - 434 - 435 - 436 - 437 - 438 - 440 - 441 - 442 - 445 - 446 - 448 - 450 - 454 - 456 - 460 - 463 - 464 - 468 - 469 - 470 - 471 - 472 - 473 - 474 - 476 - 477 - 480 - 481 - 485 - 488 - 490 - 492 - 494 - 495 - 496,20819685.3,0.0,98261,100816,98.69,Cost: 98261 & Capacity: 100816
0 - 2 - 4 - 9 - 10 - 11 - 12 - 13 - 15 - 16 - 17 - 20 - 21 - 28 - 34 - 36 - 37 - 38 - 42 - 44 - 45 - 50 - 51 - 53 - 54 - 56 - 58 - 59 - 60 - 61 - 62 - 63 - 64 - 65 - 67 - 68 - 69 - 71 - 72 - 75 - 76 - 78 - 80 - 84 - 86 - 87 - 90 - 91 - 94 - 95 - 96 - 97 - 98 - 99 - 100 - 103 - 105 - 107 - 108 - 109 - 110 - 111 - 113 - 114 - 115 - 116 - 118 - 120 - 123 - 124 - 125 - 128 - 129 - 131 - 132 - 135 - 137 - 140 - 142 - 144 - 145 - 146 - 147 - 148 - 150 - 151 - 152 - 154 - 155 - 158 - 159 - 160 - 163 - 164 - 165 - 166 - 167 - 170 - 174 - 175 - 178 - 179 - 180 - 181 - 182 - 183 - 184 - 185 - 186 - 187 - 188 - 189 - 190 - 192 - 193 - 195 - 197 - 200 - 203 - 204 - 210 - 211 - 212 - 214 - 215 - 216 - 217 - 218 - 221 - 225 - 228 - 229 - 230 - 231 - 233 - 235 - 237 - 238 - 239 - 241 - 242 - 246 - 248 - 250 - 254 - 255 - 257 - 258 - 259 - 262 - 263 - 266 - 267 - 268 - 269 - 270 - 272 - 274 - 275 - 276 - 277 - 280 - 281 - 283 - 284 - 288 - 289 - 290 - 292 - 294 - 295 - 297 - 299 - 300 - 301 - 302 - 303 - 305 - 306 - 307 - 309 - 311 - 312 - 313 - 316 - 318 - 322 - 323 - 324 - 325 - 327 - 328 - 329 - 331 - 333 - 335 - 337 - 338 - 343 - 344 - 347 - 349 - 354 - 355 - 356 - 360 - 362 - 363 - 364 - 365 - 366 - 369 - 370 - 371 - 372 - 373 - 374 - 375 - 377 - 379 - 380 - 382 - 384 - 385 - 387 - 388 - 389 - 390 - 392 - 393 - 397 - 400 - 402 - 404 - 405 - 406 - 409 - 411 - 413 - 414 - 415 - 416 - 418 - 419 - 420 - 421 - 422 - 424 - 426 - 427 - 428 - 429 - 430 - 432 - 434 - 435 - 437 - 438 - 440 - 441 - 442 - 445 - 446 - 448 - 450 - 454 - 456 - 458 - 460 - 463 - 464 - 466 - 468 - 469 - 470 - 472 - 473 - 474 - 476 - 477 - 480 - 481 - 485 - 488 - 490 - 492 - 494 - 495 - 496,20902077.8,0.0,98257,100637,99.41,Cost: 98257 & Capacity: 100637
0 - 2 - 4 - 9 - 10 - 11 - 12 - 13 - 15 - 16 - 17 - 20 - 21 - 25 - 28 - 36 - 37 - 38 - 42 - 44 - 45 - 50 - 51 - 53 - 54 - 56 - 58 - 60 - 61 - 62 - 63 - 64 - 65 - 67 - 68 - 69 - 71 - 72 - 75 - 76 - 78 - 80 - 84 - 86 - 87 - 90 - 91 - 94 - 95 - 96 - 97 - 98 - 99 - 100 - 103 - 105 - 107 - 108 - 109 - 110 - 111 - 113 - 114 - 115 - 116 - 118 - 120 - 123 - 124 - 125 - 128 - 129 - 131 - 132 - 135 - 137 - 139 - 140 - 142 - 144 - 145 - 146 - 147 - 148 - 150 - 151 - 152 - 154 - 155 - 157 - 158 - 159 - 160 - 163 - 164 - 165 - 166 - 167 - 170 - 174 - 175 - 178 - 179 - 180 - 181 - 182 - 183 - 184 - 185 - 186 - 187 - 188 - 189 - 190 - 192 - 193 - 195 - 197 - 203 - 204 - 210 - 211 - 212 - 214 - 216 - 217 - 218 - 221 - 225 - 228 - 229 - 230 - 231 - 233 - 235 - 237 - 238 - 239 - 241 - 242 - 246 - 248 - 250 - 254 - 255 - 257 - 258 - 259 - 262 - 263 - 266 - 267 - 268 - 269 - 270 - 272 - 274 - 275 - 276 - 277 - 280 - 281 - 283 - 284 - 288 - 289 - 290 - 292 - 294 - 295 - 297 - 299 - 300 - 301 - 302 - 303 - 305 - 306 - 307 - 309 - 311 - 312 - 313 - 316 - 318 - 321 - 322 - 323 - 324 - 325 - 327 - 328 - 329 - 331 - 333 - 337 - 338 - 343 - 344 - 347 - 349 - 354 - 355 - 356 - 360 - 362 - 363 - 364 - 365 - 366 - 369 - 370 - 371 - 372 - 373 - 374 - 375 - 377 - 379 - 380 - 382 - 384 - 385 - 387 - 388 - 389 - 390 - 392 - 393 - 397 - 400 - 402 - 404 - 405 - 406 - 409 - 411 - 413 - 414 - 415 - 416 - 418 - 419 - 420 - 421 - 422 - 424 - 426 - 427 - 428 - 429 - 430 - 432 - 434 - 435 - 436 - 437 - 438 - 440 - 441 - 442 - 445 - 446 - 448 - 450 - 454 - 456 - 460 - 463 - 464 - 468 - 469 - 470 - 471 - 472 - 473 - 474 - 476 - 477 - 480 - 481 - 485 - 488 - 490 - 492 - 494 - 495 - 496,20819685.3,0.0,98261,100816,99.47,Cost: 98261 & Capacity: 100816
0 - 2 - 4 - 9 - 10 - 11 - 12 - 13 - 15 - 16 - 17 - 20 - 21 - 25 - 28 - 36 - 37 - 38 - 42 - 44 - 45 - 50 - 51 - 53 - 54 - 56 - 58 - 60 - 61 - 62 - 63 - 64 - 65 - 67 - 68 - 69 - 71 - 72 - 75 - 76 - 78 - 80 - 84 - 86 - 87 - 90 - 91 - 94 - 95 - 96 - 97 - 98 - 99 - 100 - 103 - 105 - 107 - 108 - 109 - 110 - 111 - 113 - 114 - 115 - 116 - 118 - 120 - 123 - 124 - 125 - 128 - 129 - 131 - 132 - 135 - 137 - 139 - 140 - 142 - 144 - 145 - 146 - 147 - 148 - 150 - 151 - 152 - 154 - 155 - 157 - 158 - 159 - 160 - 163 - 164 - 165 - 166 - 167 - 170 - 174 - 175 - 178 - 179 - 180 - 181 - 182 - 183 - 184 - 185 - 186 - 187 - 188 - 189 - 190 - 192 - 193 - 195 - 197 - 203 - 204 - 210 - 211 - 212 - 214 - 216 - 217 - 218 - 221 - 225 - 228 - 229 - 230 - 231 - 233 - 235 - 237 - 238 - 239 - 241 - 242 - 246 - 248 - 250 - 254 - 255 - 257 - 258 - 259 - 262 - 263 - 266 - 267 - 268 - 269 - 270 - 272 - 274 - 275 - 276 - 277 - 280 - 281 - 283 - 284 - 288 - 289 - 290 - 292 - 294 - 295 - 297 - 299 - 300 - 301 - 302 - 303 - 305 - 306 - 307 - 309 - 311 - 312 - 313 - 316 - 318 - 321 - 322 - 323 - 324 - 325 - 327 - 328 - 329 - 331 - 333 - 337 - 338 - 343 - 344 - 347 - 349 - 354 - 355 - 356 - 360 - 362 - 363 - 364 - 365 - 366 - 369 - 370 - 371 - 372 - 373 - 374 - 375 - 377 - 379 - 380 - 382 - 384 - 385 - 387 - 388 - 389 - 390 - 392 - 393 - 397 - 400 - 402 - 404 - 405 - 406 - 409 - 411 - 413 - 414 - 415 - 416 - 418 - 419 - 420 - 421 - 422 - 424 - 426 - 427 - 428 - 429 - 430 - 432 - 434 - 435 - 436 - 437 - 438 - 440 - 441 - 442 - 445 - 446 - 448 - 450 - 454 - 456 - 460 - 463 - 464 - 468 - 469 - 470 - 471 - 472 - 473 - 474 - 476 - 477 - 480 - 481 - 485 - 488 - 490 - 492 - 494 - 495 - 496,20819685.3,0.0,98261,100816,101.35,Cost: 98261 & Capacity: 100816
0 - 2 - 4 - 9 - 10 - 11 - 12 - 13 - 15 - 16 - 17 - 20 - 21 - 25 - 28 - 36 - 37 - 38 - 42 - 44 - 45 - 50 - 51 - 53 - 54 - 56 - 58 - 60 - 61 - 62 - 63 - 64 - 65 - 67 - 68 - 69 - 71 - 72 - 75 - 76 - 78 - 80 - 84 - 86 - 87 - 90 - 91 - 94 - 95 - 96 - 97 - 98 - 99 - 100 - 103 - 105 - 107 - 108 - 109 - 110 - 111 - 113 - 114 - 115 - 116 - 118 - 120 - 123 - 124 - 125 - 128 - 129 - 131 - 132 - 135 - 137 - 139 - 140 - 142 - 144 - 145 - 146 - 147 - 148 - 150 - 151 - 152 - 154 - 155 - 157 - 158 - 159 - 160 - 163 - 164 - 165 - 166 - 167 - 170 - 174 - 175 - 178 - 179 - 180 - 181 - 182 - 183 - 184 - 185 - 186 - 187 - 188 - 189 - 190 - 192 - 193 - 195 - 197 - 203 - 204 - 210 - 211 - 212 - 214 - 216 - 217 - 218 - 221 - 225 - 228 - 229 - 230 - 231 - 233 - 235 - 237 - 238 - 239 - 241 - 242 - 246 - 248 - 250 - 254 - 255 - 257 - 258 - 259 - 262 - 263 - 266 - 267 - 268 - 269 - 270 - 272 - 274 - 275 - 276 - 277 - 280 - 281 - 283 - 284 - 288 - 289 - 290 - 292 - 294 - 295 - 297 - 299 - 300 - 301 - 302 - 303 - 305 - 306 - 307 - 309 - 311 - 312 - 313 - 316 - 318 - 321 - 322 - 323 - 324 - 325 - 327 - 328 - 329 - 331 - 333 - 337 - 338 - 343 - 344 - 347 - 349 - 354 - 355 - 356 - 360 - 362 - 363 - 364 - 365 - 366 - 369 - 370 - 371 - 372 - 373 - 374 - 375 - 377 - 379 - 380 - 382 - 384 - 385 - 387 - 388 - 389 - 390 - 392 - 393 - 397 - 400 - 402 - 404 - 405 - 406 - 409 - 411 - 413 - 414 - 415 - 416 - 418 - 419 - 420 - 421 - 422 - 424 - 426 - 427 - 428 - 429 - 430 - 432 - 434 - 435 - 436 - 437 - 438 - 440 - 441 - 442 - 445 - 446 - 448 - 450 - 454 - 456 - 460 - 463 - 464 - 468 - 469 - 470 - 471 - 472 - 473 - 474 - 476 - 477 - 480 - 481 - 485 - 488 - 490 - 492 - 494 - 495 - 496,20819685.3,0.0,98261,100816,101.81,Cost: 98261 & Capacity: 100816
0 - 2 - 4 - 9 - 10 - 12 - 13 - 15 - 16 - 17 - 20 - 21 - 28 - 34 - 36 - 37 - 38 - 42 - 43 - 44 - 45 - 50 - 51 - 53 - 54 - 56 - 58 - 59 - 60 - 61 - 62 - 63 - 64 - 65 - 67 - 68 - 69 - 71 - 72 - 75 - 76 - 78 - 80 - 84 - 86 - 87 - 90 - 91 - 94 - 95 - 96 - 97 - 98 - 99 - 100 - 103 - 105 - 107 - 108 - 109 - 110 - 111 - 114 - 115 - 116 - 118 - 120 - 123 - 124 - 125 - 128 - 129 - 131 - 132 - 135 - 137 - 140 - 142 - 144 - 145 - 146 - 147 - 148 - 150 - 151 - 152 - 154 - 155 - 158 - 159 - 160 - 163 - 164 - 165 - 166 - 167 - 170 - 174 - 175 - 178 - 179 - 180 - 181 - 182 - 183 - 184 - 185 - 186 - 187 - 188 - 189 - 190 - 192 - 193 - 195 - 197 - 200 - 203 - 204 - 210 - 211 - 212 - 214 - 215 - 216 - 217 - 218 - 221 - 225 - 228 - 229 - 230 - 231 - 233 - 235 - 237 - 238 - 239 - 241 - 242 - 246 - 248 - 250 - 254 - 255 - 257 - 258 - 259 - 262 - 263 - 266 - 267 - 268 - 269 - 270 - 272 - 274 - 275 - 276 - 277 - 280 - 281 - 283 - 284 - 288 - 289 - 290 - 292 - 294 - 295 - 297 - 299 - 300 - 301 - 302 - 303 - 305 - 306 - 307 - 309 - 311 - 312 - 313 - 316 - 318 - 322 - 323 - 324 - 325 - 327 - 328 - 329 - 331 - 333 - 335 - 337 - 338 - 343 - 344 - 347 - 349 - 354 - 355 - 356 - 360 - 362 - 363 - 364 - 365 - 366 - 369 - 370 - 371 - 372 - 373 - 374 - 375 - 377 - 379 - 380 - 382 - 384 - 385 - 387 - 388 - 389 - 390 - 392 - 393 - 397 - 400 - 402 - 404 - 405 - 406 - 409 - 411 - 413 - 414 - 415 - 416 - 418 - 419 - 420 - 421 - 422 - 424 - 426 - 427 - 428 - 429 - 430 - 432 - 434 - 435 - 437 - 438 - 440 - 441 - 442 - 445 - 446 - 448 - 450 - 454 - 456 - 458 - 460 - 463 - 464 - 466 - 468 - 469 - 470 - 471 - 472 - 473 - 474 - 476 - 477 - 480 - 481 - 485 - 488 - 490 - 492 - 494 - 495 - 496,20886288.2,0.0,98263,100577,103.42,Cost: 98263 & Capacity: 100577
0 - 2 - 4 - 9 - 10 - 11 - 12 - 13 - 15 - 16 - 17 - 20 - 21 - 25 - 28 - 36 - 37 - 38 - 42 - 44 - 45 - 50 - 51 - 53 - 54 - 56 - 58 - 60 - 61 - 62 - 63 - 64 - 65 - 67 - 68 - 69 - 71 - 72 - 75 - 76 - 78 - 80 - 84 - 86 - 87 - 90 - 91 - 94 - 95 - 96 - 97 - 98 - 99 - 100 - 103 - 105 - 107 - 108 - 109 - 110 - 111 - 113 - 114 - 115 - 116 - 118 - 120 - 123 - 124 - 125 - 128 - 129 - 131 - 132 - 135 - 137 - 139 - 140 - 142 - 144 - 145 - 146 - 147 - 148 - 150 - 151 - 152 - 154 - 155 - 157 - 158 - 159 - 160 - 163 - 164 - 165 - 166 - 167 - 170 - 174 - 175 - 178 - 179 - 180 - 181 - 182 - 183 - 184 - 185 - 186 - 187 - 188 - 189 - 190 - 192 - 193 - 195 - 197 - 203 - 204 - 210 - 211 - 212 - 214 - 216 - 217 - 218 - 221 - 225 - 228 - 229 - 230 - 231 - 233 - 235 - 237 - 238 - 239 - 241 - 242 - 246 - 248 - 250 - 254 - 255 - 257 - 258 - 259 - 262 - 263 - 266 - 267 - 268 - 269 - 270 - 272 - 274 - 275 - 276 - 277 - 280 - 281 - 283 - 284 - 288 - 289 - 290 - 292 - 294 - 295 - 297 - 299 - 300 - 301 - 302 - 303 - 305 - 306 - 307 - 309 - 311 - 312 - 313 - 316 - 318 - 321 - 322 - 323 - 324 - 325 - 327 - 328 - 329 - 331 - 333 - 337 - 338 - 343 - 344 - 347 - 349 - 354 - 355 - 356 - 360 - 362 - 363 - 364 - 365 - 366 - 369 - 370 - 371 - 372 - 373 - 374 - 375 - 377 - 379 - 380 - 382 - 384 - 385 - 387 - 388 - 389 - 390 - 392 - 393 - 397 - 400 - 402 - 404 - 405 - 406 - 409 - 411 - 413 - 414 - 415 - 416 - 418 - 419 - 420 - 421 - 422 - 424 - 426 - 427 - 428 - 429 - 430 - 432 - 434 - 435 - 436 - 437 - 438 - 440 - 441 - 442 - 445 - 446 - 448 - 450 - 454 - 456 - 460 - 463 - 464 - 468 - 469 - 470 - 471 - 472 - 473 - 474 - 476 - 477 - 480 - 481 - 485 - 488 - 490 - 492 - 494 - 495 - 496,20819685.3,0.0,98261,100816,103.48,Cost: 98261 & Capacity: 100816
0 - 4 - 11 - 12 - 13 - 16 - 22 - 25 - 28 - 36 - 44 - 45 - 50 - 51 - 52 - 53 - 54 - 55 - 60 - 61 - 63 - 64 - 68 - 72 - 75 - 79 - 80 - 81 - 87 - 88 - 94 - 96 - 98 - 99 - 100 - 107 - 110 - 111 - 114 - 118 - 120 - 123 - 126 - 128 - 134 - 135 - 136 - 137 - 144 - 146 - 147 - 154 - 157 - 158 - 160 - 161 - 162 - 163 - 164 - 166 - 168 - 170 - 171 - 175 - 178 - 179 - 181 - 185 - 187 - 188 - 189 - 190 - 195 - 204 - 207 - 209 - 211 - 212 - 217 - 218 - 221 - 222 - 225 - 227 - 230 - 231 - 235 - 238 - 246 - 247 - 249 - 251 - 252 - 254 - 260 - 261 - 262 - 264 - 266 - 267 - 271 - 273 - 277 - 282 - 283 - 284 - 288 - 289 - 290 - 292 - 294 - 297 - 298 - 300 - 302 - 303 - 304 - 306 - 308 - 309 - 312 - 315 - 322 - 323 - 324 - 326 - 328 - 330 - 333 - 336 - 337 - 338 - 341 - 342 - 344 - 345 - 347 - 349 - 350 - 351 - 354 - 362 - 366 - 370 - 371 - 372 - 374 - 375 - 377 - 381 - 382 - 383 - 387 - 388 - 390 - 392 - 393 - 395 - 400 - 403 - 406 - 410 - 411 - 419 - 423 - 424 - 427 - 428 - 429 - 432 - 434 - 435 - 436 - 437 - 438 - 441 - 442 - 448 - 450 - 454 - 459 - 470 - 472 - 474 - 476 - 477 - 478 - 479 - 480 - 484 - 485 - 488 - 492 - 494 - 496 - 497,9672194.6,8.9,95246,80975,106.89,Cost: 95246 & Capacity: 80975
2 - 7 - 14 - 32 - 35 - 38 - 40 - 43 - 49 - 51 - 58 - 65 - 74 - 76 - 81 - 86 - 88 - 93 - 95 - 104 - 107 - 113 - 116 - 119 - 121 - 127 - 132 - 133 - 136 - 143 - 145 - 146 - 156 - 161 - 166 - 180 - 184 - 185 - 188 - 192 - 198 - 212 - 214 - 228 - 233 - 240 - 247 - 252 - 254 - 255 - 256 - 257 - 261 - 267 - 270 - 272 - 276 - 279 - 284 - 285 - 287 - 292 - 293 - 294 - 297 - 298 - 307 - 311 - 312 - 315 - 318 - 319 - 320 - 322 - 325 - 331 - 333 - 338 - 348 - 350 - 353 - 359 - 364 - 368 - 380 - 386 - 398 - 399 - 401 - 403 - 409 - 416 - 422 - 437 - 442 - 444 - 450 - 465 - 467 - 470 - 475 - 476 - 489 - 494,2784944.9,28.6,69346,54962,107.33,Cost: 69346 & Capacity: 54962
2 - 7 - 14 - 32 - 35 - 38 - 40 - 43 - 49 - 51 - 58 - 65 - 74 - 76 - 81 - 88 - 93 - 95 - 104 - 107 - 113 - 116 - 119 - 121 - 127 - 132 - 133 - 136 - 143 - 145 - 146 - 156 - 161 - 164 - 166 - 180 - 184 - 185 - 188 - 192 - 198 - 212 - 214 - 228 - 233 - 240 - 247 - 252 - 254 - 255 - 256 - 257 - 261 - 267 - 270 - 272 - 276 - 279 - 284 - 285 - 287 - 292 - 293 - 294 - 297 - 298 - 307 - 311 - 312 - 315 - 318 - 319 - 320 - 322 - 325 - 331 - 333 - 338 - 348 - 350 - 353 - 359 - 364 - 368 - 380 - 386 - 390 - 398 - 399 - 401 - 403 - 409 - 416 - 422 - 437 - 442 - 444 - 450 - 465 - 467 - 470 - 475 - 476 - 489 - 494,2841035.8,26.9,69903,55801,107.32,Cost: 69903 & Capacity: 55801
2 - 7 - 14 - 32 - 35 - 38 - 40 - 43 - 49 - 51 - 58 - 65 - 74 - 76 - 81 - 86 - 88 - 93 - 95 - 104 - 107 - 113 - 116 - 119 - 121 - 127 - 132 - 133 - 136 - 143 - 145 - 146 - 156 - 161 - 164 - 166 - 168 - 180 - 184 - 185 - 188 - 192 - 198 - 212 - 214 - 228 - 233 - 240 - 247 - 252 - 254 - 255 - 256 - 257 - 261 - 267 - 270 - 272 - 276 - 279 - 284 - 285 - 287 - 292 - 293 - 294 - 297 - 298 - 302 - 307 - 311 - 312 - 315 - 318 - 319 - 320 - 322 - 325 - 331 - 333 - 338 - 348 - 350 - 353 - 359 - 364 - 368 - 380 - 386 - 387 - 390 - 398 - 399 - 401 - 403 - 409 - 416 - 422 - 437 - 442 - 444 - 450 - 465 - 467 - 470 - 475 - 476 - 489 - 494,3051502.7,25.9,72715,57466,107.32,Cost: 72715 & Capacity: 57466
0 - 2 - 4 - 9 - 10 - 11 - 12 - 13 - 15 - 16 - 17 - 20 - 21 - 25 - 28 - 36 - 37 - 38 - 42 - 44 - 45 - 50 - 51 - 53 - 54 - 56 - 58 - 60 - 61 - 62 - 63 - 64 - 65 - 67 - 68 - 69 - 71 - 72 - 75 - 76 - 78 - 80 - 84 - 86 - 87 - 90 - 91 - 94 - 95 - 96 - 97 - 98 - 99 - 100 - 103 - 105 - 107 - 108 - 109 - 110 - 111 - 113 - 114 - 115 - 116 - 118 - 120 - 123 - 124 - 125 - 128 - 129 - 131 - 132 - 135 - 137 - 139 - 140 - 142 - 144 - 145 - 146 - 147 - 148 - 150 - 151 - 152 - 154 - 155 - 157 - 158 - 159 - 160 - 163 - 164 - 165 - 166 - 167 - 170 - 174 - 175 - 178 - 179 - 180 - 181 - 182 - 183 - 184 - 185 - 186 - 187 - 188 - 189 - 190 - 192 - 193 - 195 - 197 - 203 - 204 - 210 - 211 - 212 - 214 - 216 - 217 - 218 - 221 - 225 - 228 - 229 - 230 - 231 - 233 - 235 - 237 - 238 - 239 - 241 - 242 - 246 - 248 - 250 - 254 - 255 - 257 - 258 - 259 - 262 - 263 - 266 - 267 - 268 - 269 - 270 - 272 - 274 - 275 - 276 - 277 - 280 - 281 - 283 - 284 - 288 - 289 - 290 - 292 - 294 - 295 - 297 - 299 - 300 - 301 - 302 - 303 - 305 - 306 - 307 - 309 - 311 - 312 - 313 - 316 - 318 - 321 - 322 - 323 - 324 - 325 - 327 - 328 - 329 - 331 - 333 - 337 - 338 - 343 - 344 - 347 - 349 - 354 - 355 - 356 - 360 - 362 - 363 - 364 - 365 - 366 - 369 - 370 - 371 - 372 - 373 - 374 - 375 - 377 - 379 - 380 - 382 - 384 - 385 - 387 - 388 - 389 - 390 - 392 - 393 - 397 - 400 - 402 - 404 - 405 - 406 - 409 - 411 - 413 - 414 - 415 - 416 - 418 - 419 - 420 - 421 - 422 - 424 - 426 - 427 - 428 - 429 - 430 - 432 - 434 - 435 - 436 - 437 - 438 - 440 - 441 - 442 - 445 - 446 - 448 - 450 - 454 - 456 - 460 - 463 - 464 - 468 - 469 - 470 - 471 - 472 - 473 - 474 - 476 - 477 - 480 - 481 - 485 - 488 - 490 - 492 - 494 - 495 - 496,20819685.3,0.0,98261,100816,107.65,Cost: 98261 & Capacity: 100816
0 - 9 - 11 - 12 - 21 - 22 - 25 - 26 - 32 - 36 - 37 - 44 - 49 - 53 - 58 - 64 - 67 - 72 - 73 - 75 - 79 - 80 - 81 - 82 - 84 - 89 - 91 - 92 - 94 - 98 - 99 - 107 - 118 - 126 - 127 - 128 - 140 - 144 - 146 - 147 - 150 - 155 - 156 - 158 - 159 - 164 - 166 - 169 - 171 - 178 - 179 - 181 - 190 - 192 - 204 - 205 - 217 - 218 - 222 - 224 - 227 - 232 - 233 - 234 - 237 - 239 - 249 - 252 - 255 - 259 - 261 - 262 - 265 - 266 - 268 - 271 - 273 - 275 - 277 - 283 - 285 - 286 - 287 - 292 - 294 - 297 - 298 - 299 - 303 - 304 - 305 - 306 - 312 - 321 - 327 - 331 - 332 - 333 - 334 - 343 - 345 - 347 - 349 - 352 - 356 - 359 - 361 - 365 - 366 - 371 - 372 - 373 - 374 - 381 - 384 - 385 - 386 - 387 - 388 - 389 - 390 - 391 - 392 - 393 - 395 - 397 - 401 - 403 - 404 - 407 - 409 - 416 - 418 - 419 - 427 - 428 - 433 - 434 - 436 - 437 - 438 - 440 - 446 - 449 - 450 - 452 - 458 - 459 - 460 - 461 - 463 - 470 - 474 - 476 - 477 - 485 - 493 - 497,6320598.8,14.0,93545,71106,108.11,Cost: 93545 & Capacity: 71106
4 - 14 - 29 - 32 - 33 - 35 - 42 - 44 - 47 - 67 - 71 - 73 - 76 - 81 - 82 - 84 - 90 - 91 - 93 - 103 - 104 - 111 - 114 - 115 - 124 - 133 - 136 - 145 - 146 - 149 - 152 - 154 - 157 - 158 - 164 - 166 - 168 - 172 - 175 - 178 - 190 - 194 - 196 - 204 - 209 - 212 - 217 - 223 - 227 - 229 - 239 - 241 - 248 - 255 - 256 - 261 - 265 - 268 - 269 - 275 - 276 - 278 - 282 - 283 - 284 - 287 - 294 - 306 - 308 - 309 - 319 - 325 - 329 - 352 - 357 - 366 - 377 - 381 - 383 - 385 - 389 - 392 - 396 - 397 - 399 - 401 - 415 - 425 - 426 - 435 - 439 - 440 - 441 - 443 - 449 - 450 - 461 - 464 - 475 - 477 - 481 - 482 - 483 - 489 - 494 - 497 - 499,3016211.8,26.4,71711,57781,108.51,Cost: 71711 & Capacity: 57781
0 - 2 - 4 - 9 - 10 - 11 - 12 - 13 - 15 - 16 - 17 - 20 - 21 - 25 - 28 - 36 - 37 - 38 - 42 - 44 - 45 - 50 - 51 - 53 - 54 - 56 - 58 - 60 - 61 - 62 - 63 - 64 - 65 - 67 - 68 - 69 - 71 - 72 - 75 - 76 - 78 - 80 - 84 - 86 - 87 - 90 - 91 - 94 - 95 - 96 - 97 - 98 - 99 - 100 - 103 - 105 - 107 - 108 - 109 - 110 - 111 - 113 - 114 - 115 - 116 - 118 - 120 - 123 - 124 - 125 - 128 - 129 - 131 - 132 - 135 - 137 - 139 - 140 - 142 - 144 - 145 - 146 - 147 - 148 - 150 - 151 - 152 - 154 - 155 - 157 - 158 - 159 - 160 - 163 - 164 - 165 - 166 - 167 - 170 - 174 - 175 - 178 - 179 - 180 - 181 - 182 - 183 - 184 - 185 - 186 - 187 - 188 - 189 - 190 - 192 - 193 - 195 - 197 - 203 - 204 - 210 - 211 - 212 - 214 - 216 - 217 - 218 - 221 - 225 - 228 - 229 - 230 - 231 - 233 - 235 - 237 - 238 - 239 - 241 - 242 - 246 - 248 - 250 - 254 - 255 - 257 - 258 - 259 - 262 - 263 - 266 - 267 - 268 - 269 - 270 - 272 - 274 - 275 - 276 - 277 - 280 - 281 - 283 - 284 - 288 - 289 - 290 - 292 - 294 - 295 - 297 - 299 - 300 - 301 - 302 - 303 - 305 - 306 - 307 - 309 - 311 - 312 - 313 - 316 - 318 - 321 - 322 - 323 - 324 - 325 - 327 - 328 - 329 - 331 - 333 - 337 - 338 - 343 - 344 - 347 - 349 - 354 - 355 - 356 - 360 - 362 - 363 - 364 - 365 - 366 - 369 - 370 - 371 - 372 - 373 - 374 - 375 - 377 - 379 - 380 - 382 - 384 - 385 - 387 - 388 - 389 - 390 - 392 - 393 - 397 - 400 - 402 - 404 - 405 - 406 - 409 - 411 - 413 - 414 - 415 - 416 - 418 - 419 - 420 - 421 - 422 - 424 - 426 - 427 - 428 - 429 - 430 - 432 - 434 - 435 - 436 - 437 - 438 - 440 - 441 - 442 - 445 - 446 - 448 - 450 - 454 - 456 - 460 - 463 - 464 - 468 - 469 - 470 - 471 - 472 - 473 - 474 - 476 - 477 - 480 - 481 - 485 - 488 - 490 - 492 - 494 - 495 - 496,20819685.3,0.0,98261,100816,111.44,Cost: 98261 & Capacity: 100816
0 - 2 - 4 - 9 - 10 - 11 - 12 - 13 - 15 - 16 - 25 - 29 - 35 - 36 - 37 - 38 - 39 - 42 - 44 - 45 - 49 - 50 - 51 - 53 - 54 - 56 - 59 - 60 - 63 - 64 - 65 - 66 - 68 - 69 - 71 - 72 - 75 - 78 - 80 - 84 - 86 - 87 - 90 - 91 - 94 - 95 - 96 - 97 - 98 - 99 - 100 - 105 - 107 - 108 - 110 - 111 - 113 - 114 - 115 - 116 - 118 - 123 - 124 - 127 - 128 - 129 - 131 - 132 - 135 - 137 - 139 - 142 - 144 - 145 - 146 - 147 - 148 - 149 - 150 - 152 - 154 - 156 - 157 - 158 - 159 - 160 - 161 - 162 - 163 - 164 - 165 - 166 - 167 - 170 - 171 - 174 - 175 - 178 - 179 - 181 - 183 - 185 - 186 - 187 - 188 - 189 - 190 - 192 - 193 - 195 - 197 - 201 - 203 - 204 - 210 - 211 - 212 - 215 - 216 - 217 - 218 - 221 - 223 - 225 - 230 - 231 - 233 - 235 - 238 - 246 - 248 - 254 - 255 - 257 - 258 - 259 - 262 - 266 - 267 - 269 - 270 - 272 - 276 - 277 - 280 - 281 - 283 - 284 - 288 - 289 - 290 - 292 - 294 - 299 - 300 - 301 - 302 - 303 - 305 - 306 - 309 - 312 - 313 - 316 - 317 - 318 - 321 - 322 - 323 - 324 - 325 - 326 - 328 - 331 - 333 - 336 - 337 - 338 - 343 - 347 - 349 - 354 - 355 - 356 - 358 - 360 - 362 - 363 - 364 - 366 - 370 - 371 - 372 - 373 - 374 - 375 - 377 - 379 - 380 - 382 - 383 - 385 - 387 - 388 - 389 - 390 - 392 - 393 - 395 - 397 - 400 - 401 - 403 - 404 - 406 - 410 - 411 - 415 - 416 - 418 - 419 - 420 - 421 - 422 - 423 - 424 - 426 - 427 - 428 - 429 - 430 - 432 - 434 - 435 - 436 - 437 - 438 - 441 - 442 - 448 - 450 - 454 - 456 - 460 - 463 - 464 - 465 - 468 - 470 - 471 - 472 - 474 - 476 - 477 - 480 - 481 - 485 - 488 - 491 - 492 - 494 - 495 - 496 - 497 - 499,17563140.6,1.6,98261,98789,112.29,Cost: 98261 & Capacity: 98789
0 - 2 - 4 - 9 - 10 - 11 - 12 - 13 - 15 - 16 - 17 - 20 - 21 - 25 - 28 - 36 - 37 - 38 - 42 - 44 - 45 - 50 - 51 - 53 - 54 - 56 - 58 - 60 - 61 - 62 - 63 - 64 - 65 - 67 - 68 - 69 - 71 - 72 - 75 - 76 - 78 - 80 - 84 - 86 - 87 - 90 - 91 - 94 - 95 - 96 - 97 - 98 - 99 - 100 - 103 - 105 - 107 - 108 - 109 - 110 - 111 - 113 - 114 - 115 - 116 - 118 - 120 - 123 - 124 - 125 - 128 - 129 - 131 - 132 - 135 - 137 - 139 - 140 - 142 - 144 - 145 - 146 - 147 - 148 - 150 - 151 - 152 - 154 - 155 - 157 - 158 - 159 - 160 - 163 - 164 - 165 - 166 - 167 - 170 - 174 - 175 - 178 - 179 - 180 - 181 - 182 - 183 - 184 - 185 - 186 - 187 - 188 - 189 - 190 - 192 - 193 - 195 - 197 - 203 - 204 - 210 - 211 - 212 - 214 - 216 - 217 - 218 - 221 - 225 - 228 - 229 - 230 - 231 - 233 - 235 - 237 - 238 - 239 - 241 - 242 - 246 - 248 - 250 - 254 - 255 - 257 - 258 - 259 - 262 - 263 - 266 - 267 - 268 - 269 - 270 - 272 - 274 - 275 - 276 - 277 - 280 - 281 - 283 - 284 - 288 - 289 - 290 - 292 - 294 - 295 - 297 - 299 - 300 - 301 - 302 - 303 - 305 - 306 - 307 - 309 - 311 - 312 - 313 - 316 - 318 - 321 - 322 - 323 - 324 - 325 - 327 - 328 - 329 - 331 - 333 - 337 - 338 - 343 - 344 - 347 - 349 - 354 - 355 - 356 - 360 - 362 - 363 - 364 - 365 - 366 - 369 - 370 - 371 - 372 - 373 - 374 - 375 - 377 - 379 - 380 - 382 - 384 - 385 - 387 - 388 - 389 - 390 - 392 - 393 - 397 - 400 - 402 - 404 - 405 - 406 - 409 - 411 - 413 - 414 - 415 - 416 - 418 - 419 - 420 - 421 - 422 - 424 - 426 - 427 - 428 - 429 - 430 - 432 - 434 - 435 - 436 - 437 - 438 - 440 - 441 - 442 - 445 - 446 - 448 - 450 - 454 - 456 - 460 - 463 - 464 - 468 - 469 - 470 - 471 - 472 - 473 - 474 - 476 - 477 - 480 - 481 - 485 - 488 - 490 - 492 - 494 - 495 - 496,20819685.3,0.0,98261,100816,113.89,Cost: 98261 & Capacity: 100816
0 - 2 - 4 - 9 - 10 - 11 - 12 - 13 - 15 - 16 - 17 - 20 - 21 - 25 - 28 - 36 - 37 - 38 - 42 - 44 - 45 - 50 - 51 - 53 - 54 - 56 - 58 - 60 - 61 - 62 - 63 - 64 - 65 - 67 - 68 - 69 - 71 - 72 - 75 - 76 - 78 - 80 - 84 - 86 - 87 - 90 - 91 - 94 - 95 - 96 - 97 - 98 - 99 - 100 - 103 - 105 - 107 - 108 - 109 - 110 - 111 - 113 - 114 - 115 - 116 - 118 - 120 - 123 - 124 - 125 - 128 - 129 - 131 - 132 - 135 - 137 - 139 - 140 - 142 - 144 - 145 - 146 - 147 - 148 - 150 - 151 - 152 - 154 - 155 - 157 - 158 - 159 - 160 - 163 - 164 - 165 - 166 - 167 - 170 - 174 - 175 - 178 - 179 - 180 - 181 - 182 - 183 - 184 - 185 - 186 - 187 - 188 - 189 - 190 - 192 - 193 - 195 - 197 - 203 - 204 - 210 - 211 - 212 - 214 - 216 - 217 - 218 - 221 - 225 - 228 - 229 - 230 - 231 - 233 - 235 - 237 - 238 - 239 - 241 - 242 - 246 - 248 - 250 - 254 - 255 - 257 - 258 - 259 - 262 - 263 - 266 - 267 - 268 - 269 - 270 - 272 - 274 - 275 - 276 - 277 - 280 - 281 - 283 - 284 - 288 - 289 - 290 - 292 - 294 - 295 - 297 - 299 - 300 - 301 - 302 - 303 - 305 - 306 - 307 - 309 - 311 - 312 - 313 - 316 - 318 - 321 - 322 - 323 - 324 - 325 - 327 - 328 - 329 - 331 - 333 - 337 - 338 - 343 - 344 - 347 - 349 - 354 - 355 - 356 - 360 - 362 - 363 - 364 - 365 - 366 - 369 - 370 - 371 - 372 - 373 - 374 - 375 - 377 - 379 - 380 - 382 - 384 - 385 - 387 - 388 - 389 - 390 - 392 - 393 - 397 - 400 - 402 - 404 - 405 - 406 - 409 - 411 - 413 - 414 - 415 - 416 - 418 - 419 - 420 - 421 - 422 - 424 - 426 - 427 - 428 - 429 - 430 - 432 - 434 - 435 - 436 - 437 - 438 - 440 - 441 - 442 - 445 - 446 - 448 - 450 - 454 - 456 - 460 - 463 - 464 - 468 - 469 - 470 - 471 - 472 - 473 - 474 - 476 - 477 - 480 - 481 - 485 - 488 - 490 - 492 - 494 - 495 - 496,20819685.3,0.0,98261,100816,114.82,Cost: 98261 & Capacity: 100816
0 - 4 - 9 - 10 - 11 - 12 - 13 - 16 - 21 - 25 - 29 - 38 - 39 - 44 - 45 - 49 - 50 - 51 - 53 - 54 - 60 - 62 - 63 - 64 - 65 - 66 - 68 - 69 - 71 - 72 - 75 - 79 - 80 - 81 - 84 - 86 - 87 - 88 - 90 - 91 - 92 - 94 - 95 - 97 - 98 - 99 - 100 - 105 - 107 - 108 - 109 - 110 - 111 - 113 - 114 - 115 - 116 - 118 - 123 - 124 - 126 - 127 - 128 - 132 - 137 - 139 - 142 - 144 - 145 - 146 - 147 - 149 - 150 - 152 - 154 - 156 - 157 - 158 - 159 - 161 - 162 - 163 - 164 - 166 - 167 - 170 - 171 - 174 - 175 - 176 - 178 - 179 - 181 - 185 - 187 - 188 - 189 - 190 - 192 - 193 - 195 - 201 - 202 - 204 - 209 - 210 - 211 - 212 - 215 - 217 - 220 - 221 - 225 - 228 - 230 - 231 - 233 - 235 - 237 - 238 - 246 - 247 - 254 - 255 - 257 - 258 - 262 - 266 - 267 - 268 - 269 - 273 - 277 - 283 - 284 - 287 - 288 - 289 - 290 - 292 - 294 - 297 - 300 - 301 - 302 - 303 - 305 - 306 - 312 - 313 - 314 - 316 - 317 - 318 - 320 - 322 - 323 - 324 - 325 - 326 - 328 - 330 - 333 - 337 - 338 - 342 - 343 - 347 - 356 - 358 - 360 - 362 - 363 - 366 - 370 - 371 - 372 - 374 - 375 - 377 - 380 - 382 - 383 - 385 - 388 - 389 - 390 - 392 - 393 - 394 - 395 - 397 - 398 - 400 - 401 - 403 - 404 - 406 - 407 - 409 - 410 - 411 - 415 - 416 - 418 - 419 - 423 - 424 - 426 - 427 - 428 - 429 - 430 - 432 - 434 - 436 - 437 - 438 - 441 - 442 - 450 - 454 - 456 - 459 - 460 - 462 - 464 - 470 - 471 - 472 - 474 - 476 - 477 - 478 - 480 - 481 - 488 - 489 - 491 - 494 - 495 - 496 - 497 - 499,14929986.4,3.7,98252,92000,116.29,Cost: 98252 & Capacity: 92000
0 - 2 - 4 - 9 - 10 - 11 - 12 - 13 - 15 - 16 - 17 - 20 - 21 - 25 - 28 - 36 - 37 - 38 - 42 - 44 - 45 - 50 - 51 - 53 - 54 - 56 - 58 - 60 - 61 - 62 - 63 - 64 - 65 - 67 - 68 - 69 - 71 - 72 - 75 - 76 - 78 - 80 - 84 - 86 - 87 - 90 - 91 - 94 - 95 - 96 - 97 - 98 - 99 - 100 - 103 - 105 - 107 - 108 - 109 - 110 - 111 - 113 - 114 - 115 - 116 - 118 - 120 - 123 - 124 - 125 - 128 - 129 - 131 - 132 - 135 - 137 - 139 - 140 - 142 - 144 - 145 - 146 - 147 - 148 - 150 - 151 - 152 - 154 - 155 - 157 - 158 - 159 - 160 - 163 - 164 - 165 - 166 - 167 - 170 - 174 - 175 - 178 - 179 - 180 - 181 - 182 - 183 - 184 - 185 - 186 - 187 - 188 - 189 - 190 - 192 - 193 - 195 - 197 - 203 - 204 - 210 - 211 - 212 - 214 - 216 - 217 - 218 - 221 - 225 - 228 - 229 - 230 - 231 - 233 - 235 - 237 - 238 - 239 - 241 - 242 - 246 - 248 - 250 - 254 - 255 - 257 - 258 - 259 - 262 - 263 - 266 - 267 - 268 - 269 - 270 - 272 - 274 - 275 - 276 - 277 - 280 - 281 - 283 - 284 - 288 - 289 - 290 - 292 - 294 - 295 - 297 - 299 - 300 - 301 - 302 - 303 - 305 - 306 - 307 - 309 - 311 - 312 - 313 - 316 - 318 - 321 - 322 - 323 - 324 - 325 - 327 - 328 - 329 - 331 - 333 - 337 - 338 - 343 - 344 - 347 - 349 - 354 - 355 - 356 - 360 - 362 - 363 - 364 - 365 - 366 - 369 - 370 - 371 - 372 - 373 - 374 - 375 - 377 - 379 - 380 - 382 - 384 - 385 - 387 - 388 - 389 - 390 - 392 - 393 - 397 - 400 - 402 - 404 - 405 - 406 - 409 - 411 - 413 - 414 - 415 - 416 - 418 - 419 - 420 - 421 - 422 - 424 - 426 - 427 - 428 - 429 - 430 - 432 - 434 - 435 - 436 - 437 - 438 - 440 - 441 - 442 - 445 - 446 - 448 - 450 - 454 - 456 - 460 - 463 - 464 - 468 - 469 - 470 - 471 - 472 - 473 - 474 - 476 - 477 - 480 - 481 - 485 - 488 - 490 - 492 - 494 - 495 - 496,20819685.3,0.0,98261,100816,116.55,Cost: 98261 & Capacity: 100816
