Nodes,MaxSum,MaxMin,Cost,Capacity,Time,Constraint values
0 - 7 - 24 - 46 - 47 - 49 - 50 - 52 - 56 - 58 - 64 - 65 - 72 - 75 - 77 - 84 - 86 - 91 - 95 - 96 - 109 - 111 - 116 - 117 - 119 - 120 - 121 - 126 - 128 - 132 - 141 - 149 - 150 - 154 - 162 - 166 - 168 - 169 - 171 - 172 - 173 - 181 - 190 - 192 - 195 - 199 - 223 - 248 - 252 - 260 - 261 - 265 - 269 - 276 - 277 - 280 - 281 - 285 - 288 - 294 - 299 - 306 - 307 - 317 - 320 - 324 - 327 - 335 - 338 - 343 - 345 - 352 - 354 - 357 - 361 - 367 - 372 - 381 - 382 - 383 - 386 - 389 - 392 - 397 - 398 - 399 - 400 - 403 - 409 - 416 - 419 - 421 - 428 - 429 - 438 - 440 - 442 - 450 - 456 - 459 - 465 - 466 - 467 - 476 - 478 - 479 - 480 - 482 - 485 - 487 - 489 - 492 - 493 - 494,3343991.4,23.3,73483,57143,10.39,Cost: 73483 & Capacity: 57143
7 - 8 - 14 - 29 - 31 - 34 - 45 - 55 - 62 - 68 - 72 - 77 - 78 - 81 - 85 - 105 - 114 - 117 - 126 - 129 - 143 - 147 - 149 - 156 - 160 - 161 - 162 - 163 - 164 - 168 - 170 - 173 - 174 - 176 - 179 - 185 - 187 - 190 - 192 - 203 - 205 - 213 - 217 - 224 - 228 - 229 - 237 - 239 - 240 - 248 - 258 - 263 - 269 - 272 - 275 - 277 - 282 - 284 - 288 - 289 - 292 - 307 - 331 - 333 - 345 - 351 - 352 - 361 - 364 - 369 - 384 - 394 - 396 - 403 - 405 - 407 - 408 - 411 - 415 - 419 - 429 - 433 - 437 - 440 - 441 - 451 - 456 - 459 - 461 - 462 - 464 - 467 - 473 - 474 - 476 - 481 - 488 - 489 - 490 - 494,2603213.4,28.6,67167,53072,16.47,Cost: 67167 & Capacity: 53072
7 - 8 - 14 - 29 - 31 - 34 - 45 - 55 - 62 - 68 - 72 - 77 - 78 - 81 - 85 - 88 - 105 - 114 - 117 - 126 - 129 - 143 - 147 - 149 - 156 - 160 - 161 - 162 - 163 - 164 - 166 - 168 - 170 - 172 - 173 - 174 - 176 - 178 - 179 - 185 - 187 - 190 - 192 - 195 - 203 - 205 - 212 - 213 - 217 - 224 - 228 - 229 - 232 - 237 - 239 - 240 - 248 - 258 - 263 - 269 - 272 - 275 - 277 - 282 - 284 - 288 - 289 - 292 - 299 - 307 - 310 - 331 - 333 - 345 - 351 - 352 - 359 - 361 - 364 - 369 - 384 - 394 - 395 - 396 - 403 - 405 - 407 - 408 - 411 - 415 - 419 - 429 - 433 - 437 - 440 - 441 - 451 - 456 - 459 - 461 - 462 - 464 - 467 - 473 - 474 - 476 - 481 - 488 - 489 - 490 - 494,3180424.6,24.9,75058,58893,16.47,Cost: 75058 & Capacity: 58893
7 - 8 - 14 - 29 - 31 - 34 - 45 - 55 - 62 - 68 - 72 - 77 - 78 - 81 - 85 - 88 - 105 - 114 - 117 - 126 - 129 - 143 - 147 - 149 - 156 - 160 - 161 - 162 - 163 - 164 - 166 - 168 - 170 - 172 - 173 - 174 - 176 - 178 - 179 - 185 - 187 - 190 - 192 - 195 - 203 - 205 - 212 - 213 - 217 - 224 - 228 - 229 - 232 - 237 - 239 - 240 - 248 - 258 - 263 - 269 - 272 - 275 - 277 - 282 - 284 - 288 - 289 - 292 - 299 - 307 - 310 - 331 - 333 - 345 - 351 - 352 - 359 - 361 - 364 - 369 - 384 - 394 - 395 - 396 - 403 - 405 - 407 - 408 - 411 - 415 - 419 - 429 - 433 - 437 - 440 - 441 - 451 - 456 - 459 - 461 - 462 - 464 - 465 - 467 - 473 - 474 - 476 - 481 - 488 - 489 - 490 - 494,3243018.6,24.6,75821,59723,16.47,Cost: 75821 & Capacity: 59723
7 - 8 - 14 - 29 - 31 - 34 - 45 - 55 - 62 - 68 - 72 - 77 - 78 - 81 - 85 - 88 - 105 - 114 - 117 - 126 - 128 - 129 - 143 - 147 - 149 - 156 - 160 - 161 - 162 - 163 - 164 - 166 - 168 - 170 - 172 - 173 - 174 - 176 - 178 - 179 - 185 - 187 - 190 - 192 - 195 - 203 - 205 - 212 - 213 - 217 - 224 - 228 - 229 - 232 - 237 - 239 - 240 - 248 - 253 - 258 - 263 - 269 - 272 - 275 - 277 - 278 - 282 - 284 - 287 - 288 - 289 - 292 - 299 - 307 - 310 - 314 - 331 - 333 - 345 - 351 - 352 - 359 - 361 - 364 - 369 - 384 - 394 - 395 - 396 - 403 - 405 - 407 - 408 - 411 - 415 - 419 - 429 - 433 - 437 - 440 - 441 - 451 - 456 - 459 - 461 - 462 - 464 - 465 - 467 - 473 - 474 - 476 - 481 - 488 - 489 - 490 - 494,3532190.1,23.1,79746,62595,16.47,Cost: 79746 & Capacity: 62595
7 - 8 - 14 - 29 - 31 - 34 - 45 - 55 - 62 - 68 - 72 - 77 - 78 - 81 - 85 - 88 - 105 - 114 - 117 - 126 - 128 - 129 - 143 - 147 - 149 - 156 - 160 - 161 - 162 - 163 - 164 - 166 - 168 - 170 - 172 - 173 - 174 - 176 - 178 - 179 - 185 - 187 - 190 - 192 - 195 - 203 - 205 - 212 - 213 - 217 - 224 - 228 - 229 - 232 - 237 - 239 - 240 - 248 - 253 - 258 - 263 - 269 - 272 - 275 - 277 - 278 - 282 - 284 - 287 - 288 - 289 - 292 - 299 - 307 - 310 - 312 - 314 - 331 - 333 - 345 - 351 - 352 - 359 - 361 - 364 - 369 - 384 - 394 - 395 - 396 - 403 - 405 - 407 - 408 - 411 - 415 - 419 - 429 - 433 - 437 - 440 - 441 - 449 - 451 - 456 - 459 - 461 - 462 - 464 - 465 - 467 - 473 - 474 - 476 - 481 - 488 - 489 - 490 - 494,3651793.4,22.7,81479,64267,16.47,Cost: 81479 & Capacity: 64267
7 - 8 - 14 - 18 - 29 - 31 - 34 - 45 - 46 - 55 - 62 - 68 - 72 - 77 - 78 - 81 - 85 - 88 - 95 - 104 - 105 - 114 - 117 - 118 - 122 - 126 - 128 - 129 - 143 - 147 - 149 - 155 - 156 - 160 - 161 - 162 - 163 - 164 - 166 - 168 - 170 - 172 - 173 - 174 - 176 - 178 - 179 - 185 - 187 - 190 - 192 - 195 - 203 - 205 - 212 - 213 - 217 - 224 - 228 - 229 - 232 - 237 - 239 - 240 - 248 - 253 - 258 - 263 - 265 - 269 - 272 - 273 - 275 - 277 - 278 - 282 - 284 - 287 - 288 - 289 - 292 - 299 - 307 - 310 - 312 - 314 - 318 - 321 - 325 - 330 - 331 - 333 - 334 - 345 - 351 - 352 - 359 - 361 - 364 - 369 - 384 - 393 - 394 - 395 - 396 - 403 - 404 - 405 - 407 - 408 - 409 - 411 - 415 - 416 - 419 - 429 - 433 - 437 - 440 - 441 - 449 - 451 - 456 - 459 - 461 - 462 - 464 - 465 - 467 - 473 - 474 - 476 - 481 - 488 - 489 - 490 - 494,4815416.2,18.1,93461,74007,16.48,Cost: 93461 & Capacity: 74007
0 - 1 - 3 - 5 - 12 - 17 - 18 - 21 - 25 - 26 - 32 - 33 - 37 - 45 - 47 - 50 - 52 - 53 - 54 - 64 - 67 - 72 - 79 - 80 - 81 - 84 - 86 - 87 - 90 - 92 - 95 - 99 - 100 - 108 - 109 - 111 - 114 - 116 - 119 - 120 - 124 - 127 - 128 - 130 - 136 - 137 - 143 - 146 - 150 - 154 - 156 - 158 - 166 - 170 - 171 - 172 - 175 - 178 - 179 - 181 - 182 - 184 - 188 - 192 - 198 - 206 - 210 - 211 - 212 - 218 - 219 - 221 - 222 - 227 - 232 - 233 - 234 - 235 - 237 - 246 - 248 - 249 - 252 - 254 - 258 - 262 - 263 - 266 - 270 - 271 - 273 - 275 - 277 - 278 - 282 - 283 - 287 - 288 - 290 - 292 - 294 - 296 - 297 - 298 - 303 - 306 - 307 - 309 - 315 - 317 - 320 - 322 - 323 - 330 - 332 - 333 - 336 - 337 - 341 - 350 - 358 - 359 - 362 - 366 - 370 - 371 - 372 - 375 - 376 - 385 - 386 - 388 - 389 - 392 - 393 - 397 - 400 - 403 - 404 - 405 - 411 - 413 - 416 - 418 - 419 - 423 - 427 - 428 - 432 - 434 - 437 - 438 - 440 - 442 - 449 - 450 - 460 - 465 - 470 - 476 - 477 - 478 - 480 - 485 - 489 - 492 - 494 - 499,7145823.8,11.5,90008,73600,18.52,Cost: 90008 & Capacity: 73600
13 - 14 - 17 - 21 - 26 - 28 - 32 - 37 - 40 - 43 - 44 - 48 - 59 - 61 - 66 - 74 - 75 - 77 - 81 - 88 - 93 - 105 - 106 - 111 - 119 - 120 - 122 - 129 - 133 - 138 - 142 - 149 - 152 - 154 - 155 - 158 - 168 - 182 - 188 - 192 - 202 - 209 - 219 - 223 - 224 - 227 - 231 - 233 - 235 - 237 - 241 - 247 - 248 - 249 - 252 - 253 - 261 - 263 - 265 - 272 - 274 - 279 - 284 - 285 - 287 - 298 - 304 - 310 - 313 - 314 - 319 - 330 - 331 - 336 - 345 - 348 - 350 - 357 - 366 - 373 - 374 - 381 - 385 - 386 - 387 - 388 - 401 - 405 - 409 - 414 - 415 - 416 - 423 - 428 - 431 - 440 - 442 - 443 - 452 - 454 - 455 - 466 - 467 - 472 - 473 - 478 - 482 - 485 - 489 - 495,3114317.1,25.8,85848,66916,20.01,Cost: 85848 & Capacity: 66916
13 - 14 - 17 - 21 - 26 - 28 - 32 - 37 - 40 - 43 - 44 - 48 - 59 - 61 - 66 - 74 - 75 - 77 - 81 - 88 - 93 - 105 - 106 - 111 - 119 - 120 - 122 - 129 - 133 - 138 - 142 - 149 - 152 - 154 - 155 - 158 - 168 - 182 - 188 - 192 - 202 - 209 - 219 - 223 - 224 - 227 - 231 - 233 - 235 - 237 - 241 - 247 - 248 - 249 - 252 - 253 - 261 - 263 - 265 - 267 - 272 - 274 - 279 - 284 - 285 - 287 - 298 - 303 - 304 - 310 - 313 - 314 - 319 - 330 - 331 - 336 - 345 - 348 - 350 - 357 - 366 - 373 - 374 - 381 - 385 - 386 - 387 - 388 - 401 - 405 - 409 - 414 - 415 - 416 - 423 - 428 - 431 - 440 - 442 - 443 - 452 - 454 - 455 - 465 - 466 - 467 - 472 - 473 - 478 - 482 - 485 - 489 - 495,3277735.1,24.5,87379,68680,20.01,Cost: 87379 & Capacity: 68680
13 - 14 - 17 - 21 - 26 - 28 - 32 - 37 - 40 - 43 - 44 - 48 - 59 - 61 - 66 - 74 - 75 - 77 - 81 - 88 - 93 - 105 - 106 - 111 - 119 - 120 - 122 - 129 - 133 - 138 - 142 - 149 - 152 - 154 - 155 - 158 - 168 - 182 - 188 - 192 - 202 - 209 - 213 - 219 - 223 - 224 - 227 - 231 - 233 - 235 - 237 - 241 - 247 - 248 - 249 - 252 - 253 - 261 - 263 - 265 - 267 - 272 - 274 - 279 - 284 - 285 - 287 - 298 - 303 - 304 - 310 - 313 - 314 - 319 - 330 - 331 - 336 - 345 - 348 - 350 - 357 - 366 - 373 - 374 - 381 - 385 - 386 - 387 - 388 - 401 - 405 - 409 - 414 - 415 - 416 - 423 - 428 - 431 - 440 - 442 - 443 - 452 - 454 - 455 - 465 - 466 - 467 - 472 - 473 - 478 - 482 - 485 - 489 - 495,3335559.6,23.4,88641,69466,20.01,Cost: 88641 & Capacity: 69466
13 - 14 - 17 - 21 - 26 - 28 - 32 - 37 - 40 - 43 - 44 - 48 - 59 - 61 - 66 - 67 - 74 - 75 - 77 - 81 - 88 - 93 - 105 - 106 - 111 - 113 - 119 - 120 - 122 - 129 - 133 - 138 - 142 - 144 - 146 - 149 - 152 - 154 - 155 - 158 - 160 - 163 - 168 - 170 - 182 - 188 - 192 - 202 - 204 - 209 - 213 - 219 - 223 - 224 - 227 - 231 - 233 - 235 - 237 - 241 - 247 - 248 - 249 - 252 - 253 - 261 - 263 - 265 - 267 - 272 - 274 - 279 - 284 - 285 - 287 - 298 - 303 - 304 - 310 - 313 - 314 - 319 - 321 - 325 - 330 - 331 - 336 - 343 - 344 - 345 - 348 - 350 - 357 - 366 - 373 - 374 - 381 - 385 - 386 - 387 - 388 - 401 - 403 - 405 - 409 - 414 - 415 - 416 - 423 - 428 - 431 - 440 - 442 - 443 - 452 - 454 - 455 - 465 - 466 - 467 - 472 - 473 - 478 - 482 - 484 - 485 - 489 - 495,4184600.3,19.9,94942,75332,20.02,Cost: 94942 & Capacity: 75332
13 - 14 - 17 - 21 - 26 - 28 - 32 - 37 - 40 - 43 - 44 - 48 - 59 - 61 - 66 - 67 - 74 - 75 - 77 - 81 - 88 - 93 - 105 - 106 - 111 - 113 - 119 - 120 - 122 - 129 - 133 - 138 - 142 - 144 - 146 - 149 - 152 - 154 - 155 - 158 - 160 - 163 - 168 - 170 - 182 - 188 - 192 - 202 - 204 - 209 - 213 - 219 - 223 - 224 - 227 - 231 - 233 - 235 - 237 - 241 - 247 - 248 - 249 - 252 - 253 - 261 - 263 - 265 - 267 - 272 - 274 - 279 - 284 - 285 - 287 - 298 - 303 - 304 - 310 - 313 - 314 - 319 - 321 - 325 - 330 - 331 - 336 - 343 - 344 - 345 - 348 - 350 - 357 - 366 - 373 - 374 - 381 - 385 - 386 - 387 - 388 - 401 - 403 - 405 - 409 - 414 - 415 - 416 - 423 - 428 - 431 - 436 - 440 - 442 - 443 - 452 - 454 - 455 - 465 - 466 - 467 - 472 - 473 - 478 - 482 - 484 - 485 - 489 - 495,4250458.1,19.6,95689,76020,20.02,Cost: 95689 & Capacity: 76020
9 - 13 - 14 - 17 - 21 - 26 - 28 - 32 - 37 - 40 - 43 - 44 - 48 - 59 - 61 - 66 - 67 - 68 - 74 - 75 - 77 - 81 - 86 - 88 - 93 - 105 - 106 - 111 - 113 - 119 - 120 - 122 - 126 - 129 - 133 - 138 - 142 - 144 - 146 - 149 - 152 - 154 - 155 - 158 - 160 - 163 - 168 - 170 - 182 - 188 - 192 - 202 - 204 - 209 - 213 - 219 - 223 - 224 - 227 - 231 - 233 - 235 - 237 - 241 - 247 - 248 - 249 - 252 - 253 - 261 - 263 - 265 - 267 - 272 - 274 - 279 - 284 - 285 - 287 - 298 - 303 - 304 - 310 - 313 - 314 - 319 - 321 - 325 - 330 - 331 - 336 - 343 - 344 - 345 - 348 - 350 - 357 - 366 - 373 - 374 - 381 - 385 - 386 - 387 - 388 - 401 - 403 - 405 - 409 - 414 - 415 - 416 - 423 - 428 - 431 - 432 - 436 - 440 - 442 - 443 - 452 - 454 - 455 - 460 - 465 - 466 - 467 - 472 - 473 - 478 - 482 - 484 - 485 - 489 - 495,4639284.5,19.4,97700,77326,20.02,Cost: 97700 & Capacity: 77326
9 - 13 - 14 - 17 - 21 - 26 - 28 - 32 - 37 - 40 - 43 - 44 - 48 - 59 - 61 - 66 - 67 - 68 - 74 - 75 - 77 - 81 - 86 - 88 - 93 - 105 - 106 - 111 - 113 - 119 - 120 - 122 - 126 - 129 - 133 - 138 - 142 - 144 - 146 - 149 - 152 - 154 - 155 - 158 - 160 - 163 - 168 - 170 - 182 - 188 - 192 - 202 - 204 - 209 - 213 - 219 - 223 - 224 - 227 - 231 - 233 - 235 - 237 - 241 - 247 - 248 - 249 - 252 - 253 - 261 - 263 - 265 - 267 - 272 - 274 - 279 - 284 - 285 - 287 - 298 - 303 - 304 - 310 - 313 - 314 - 319 - 321 - 325 - 330 - 331 - 336 - 343 - 344 - 345 - 348 - 350 - 357 - 366 - 373 - 374 - 381 - 385 - 386 - 387 - 388 - 401 - 403 - 404 - 405 - 409 - 414 - 415 - 416 - 423 - 428 - 431 - 432 - 436 - 440 - 442 - 443 - 452 - 454 - 455 - 460 - 465 - 466 - 467 - 472 - 473 - 478 - 482 - 484 - 485 - 489 - 495,4706070.9,19.2,97981,77593,20.02,Cost: 97981 & Capacity: 77593
0 - 1 - 6 - 12 - 27 - 30 - 31 - 37 - 43 - 47 - 76 - 81 - 83 - 84 - 90 - 102 - 106 - 126 - 129 - 139 - 141 - 154 - 157 - 161 - 168 - 171 - 207 - 223 - 224 - 227 - 239 - 245 - 249 - 250 - 251 - 283 - 285 - 286 - 291 - 303 - 304 - 319 - 321 - 330 - 345 - 350 - 357 - 361 - 371 - 373 - 378 - 383 - 385 - 386 - 390 - 398 - 399 - 414 - 421 - 423 - 425 - 440 - 452 - 464 - 470 - 482 - 487 - 498,1223312.3,36.5,64116,51905,21.51,Cost: 64116 & Capacity: 51905
0 - 2 - 4 - 9 - 10 - 12 - 13 - 15 - 16 - 17 - 20 - 21 - 28 - 34 - 36 - 37 - 38 - 42 - 43 - 44 - 45 - 50 - 51 - 53 - 54 - 56 - 58 - 59 - 60 - 61 - 62 - 63 - 64 - 65 - 67 - 68 - 69 - 71 - 72 - 75 - 76 - 78 - 80 - 84 - 86 - 87 - 90 - 91 - 94 - 95 - 96 - 97 - 98 - 99 - 100 - 103 - 105 - 107 - 108 - 109 - 110 - 111 - 114 - 115 - 116 - 118 - 120 - 123 - 124 - 125 - 128 - 131 - 132 - 135 - 137 - 140 - 142 - 144 - 145 - 146 - 147 - 148 - 150 - 151 - 152 - 154 - 155 - 158 - 159 - 160 - 163 - 164 - 165 - 166 - 167 - 170 - 174 - 175 - 178 - 179 - 180 - 181 - 182 - 183 - 184 - 185 - 186 - 187 - 188 - 189 - 190 - 192 - 193 - 195 - 197 - 200 - 203 - 204 - 206 - 210 - 211 - 212 - 214 - 215 - 216 - 217 - 218 - 221 - 225 - 228 - 229 - 230 - 231 - 233 - 235 - 237 - 238 - 239 - 241 - 242 - 246 - 248 - 250 - 254 - 255 - 257 - 258 - 259 - 262 - 263 - 266 - 267 - 268 - 269 - 270 - 272 - 274 - 275 - 276 - 277 - 280 - 281 - 283 - 284 - 288 - 289 - 290 - 292 - 294 - 295 - 297 - 299 - 300 - 301 - 302 - 303 - 305 - 306 - 307 - 309 - 311 - 312 - 313 - 316 - 318 - 322 - 323 - 324 - 325 - 327 - 328 - 329 - 331 - 333 - 335 - 337 - 338 - 343 - 344 - 347 - 349 - 354 - 355 - 356 - 360 - 362 - 363 - 364 - 365 - 366 - 369 - 370 - 371 - 372 - 373 - 374 - 375 - 377 - 379 - 380 - 382 - 384 - 385 - 387 - 388 - 389 - 390 - 392 - 393 - 397 - 400 - 402 - 404 - 405 - 406 - 409 - 411 - 413 - 414 - 415 - 416 - 418 - 419 - 420 - 421 - 422 - 424 - 426 - 427 - 428 - 429 - 430 - 432 - 434 - 435 - 437 - 438 - 440 - 441 - 442 - 445 - 446 - 448 - 450 - 454 - 456 - 458 - 460 - 463 - 464 - 466 - 468 - 469 - 470 - 472 - 473 - 474 - 476 - 477 - 480 - 481 - 485 - 488 - 490 - 492 - 494 - 495 - 496,20733991.7,0.0,97519,99780,22.56,Cost: 97519 & Capacity: 99780
0 - 14 - 17 - 18 - 32 - 36 - 37 - 42 - 44 - 47 - 53 - 55 - 61 - 62 - 66 - 71 - 72 - 73 - 74 - 75 - 77 - 79 - 81 - 88 - 93 - 94 - 95 - 97 - 98 - 99 - 106 - 108 - 111 - 113 - 114 - 123 - 126 - 128 - 129 - 133 - 137 - 144 - 146 - 149 - 150 - 155 - 156 - 158 - 160 - 162 - 163 - 164 - 167 - 169 - 170 - 172 - 174 - 179 - 183 - 184 - 187 - 192 - 195 - 201 - 208 - 209 - 212 - 217 - 218 - 219 - 227 - 228 - 229 - 231 - 232 - 235 - 237 - 246 - 247 - 255 - 261 - 262 - 263 - 265 - 271 - 275 - 277 - 283 - 284 - 285 - 287 - 288 - 289 - 292 - 294 - 297 - 299 - 301 - 303 - 306 - 310 - 323 - 330 - 331 - 334 - 337 - 338 - 345 - 350 - 354 - 356 - 357 - 359 - 361 - 362 - 364 - 366 - 370 - 371 - 372 - 376 - 377 - 381 - 382 - 383 - 384 - 386 - 387 - 388 - 389 - 390 - 392 - 395 - 397 - 400 - 401 - 403 - 405 - 407 - 408 - 411 - 413 - 416 - 423 - 427 - 428 - 432 - 433 - 434 - 435 - 436 - 438 - 440 - 441 - 442 - 449 - 450 - 451 - 457 - 459 - 461 - 463 - 464 - 476 - 477 - 481 - 485 - 489 - 497 - 499,7305693.0,11.2,96865,82153,23.11,Cost: 96865 & Capacity: 82153
0 - 11 - 13 - 15 - 21 - 29 - 37 - 39 - 40 - 44 - 46 - 49 - 53 - 58 - 61 - 65 - 67 - 68 - 72 - 75 - 77 - 84 - 85 - 86 - 87 - 93 - 96 - 100 - 101 - 103 - 118 - 125 - 126 - 128 - 129 - 132 - 137 - 139 - 146 - 150 - 156 - 162 - 168 - 169 - 170 - 171 - 173 - 184 - 188 - 192 - 193 - 199 - 200 - 213 - 214 - 219 - 220 - 233 - 237 - 245 - 248 - 252 - 254 - 255 - 257 - 259 - 261 - 264 - 265 - 266 - 268 - 277 - 280 - 284 - 287 - 299 - 303 - 305 - 308 - 311 - 314 - 317 - 319 - 321 - 326 - 327 - 331 - 335 - 337 - 352 - 353 - 357 - 366 - 379 - 384 - 385 - 387 - 399 - 400 - 410 - 416 - 417 - 418 - 419 - 425 - 433 - 438 - 442 - 444 - 449 - 450 - 460 - 461 - 465 - 467 - 468 - 470 - 473 - 477 - 478 - 482 - 489 - 494 - 498,3968194.4,20.5,79254,62954,33.62,Cost: 79254 & Capacity: 62954
4 - 5 - 29 - 35 - 38 - 42 - 59 - 61 - 67 - 76 - 81 - 85 - 91 - 95 - 105 - 108 - 116 - 119 - 132 - 135 - 138 - 146 - 150 - 154 - 156 - 157 - 164 - 166 - 170 - 178 - 179 - 189 - 194 - 196 - 199 - 202 - 208 - 210 - 216 - 219 - 228 - 231 - 235 - 237 - 242 - 243 - 249 - 252 - 255 - 256 - 259 - 264 - 265 - 282 - 284 - 288 - 295 - 298 - 299 - 307 - 308 - 320 - 323 - 326 - 327 - 330 - 333 - 338 - 344 - 351 - 352 - 356 - 358 - 361 - 362 - 364 - 369 - 372 - 374 - 383 - 389 - 391 - 392 - 393 - 397 - 399 - 407 - 408 - 409 - 411 - 415 - 418 - 419 - 429 - 438 - 440 - 445 - 447 - 449 - 453 - 459 - 460 - 475 - 481 - 485 - 488 - 494 - 499,2996450.4,26.9,68735,52913,4.53,Cost: 68735 & Capacity: 52913
4 - 5 - 29 - 35 - 38 - 42 - 59 - 61 - 67 - 76 - 81 - 85 - 91 - 95 - 105 - 108 - 116 - 119 - 132 - 135 - 138 - 146 - 150 - 154 - 156 - 157 - 164 - 166 - 170 - 178 - 179 - 189 - 192 - 194 - 196 - 199 - 202 - 208 - 210 - 216 - 219 - 228 - 231 - 235 - 237 - 242 - 243 - 249 - 252 - 255 - 256 - 259 - 264 - 265 - 282 - 284 - 288 - 295 - 298 - 299 - 307 - 308 - 320 - 323 - 326 - 327 - 330 - 333 - 338 - 344 - 351 - 352 - 356 - 358 - 361 - 362 - 364 - 369 - 372 - 374 - 383 - 389 - 391 - 392 - 393 - 397 - 399 - 407 - 408 - 409 - 411 - 415 - 418 - 419 - 429 - 438 - 440 - 445 - 447 - 449 - 453 - 459 - 460 - 475 - 481 - 485 - 488 - 494 - 499,3050197.0,26.8,69046,53250,4.52,Cost: 69046 & Capacity: 53250
0 - 2 - 4 - 9 - 10 - 11 - 12 - 13 - 15 - 16 - 17 - 20 - 21 - 25 - 28 - 36 - 37 - 38 - 42 - 44 - 45 - 50 - 51 - 53 - 54 - 56 - 58 - 60 - 61 - 62 - 63 - 64 - 65 - 67 - 68 - 69 - 71 - 72 - 75 - 76 - 78 - 80 - 84 - 86 - 87 - 90 - 91 - 94 - 95 - 96 - 97 - 98 - 99 - 100 - 103 - 105 - 107 - 108 - 109 - 110 - 111 - 113 - 114 - 115 - 116 - 118 - 120 - 123 - 124 - 125 - 128 - 129 - 131 - 132 - 135 - 137 - 139 - 140 - 142 - 144 - 145 - 146 - 147 - 148 - 150 - 151 - 152 - 154 - 155 - 157 - 158 - 159 - 160 - 163 - 164 - 165 - 166 - 167 - 170 - 174 - 175 - 178 - 179 - 180 - 181 - 182 - 183 - 184 - 185 - 186 - 187 - 188 - 189 - 190 - 192 - 193 - 195 - 197 - 203 - 204 - 210 - 211 - 212 - 214 - 216 - 217 - 218 - 221 - 225 - 228 - 229 - 230 - 231 - 233 - 235 - 237 - 238 - 239 - 241 - 242 - 246 - 248 - 250 - 254 - 255 - 257 - 258 - 259 - 262 - 263 - 266 - 267 - 268 - 269 - 270 - 272 - 274 - 275 - 276 - 277 - 280 - 281 - 283 - 284 - 288 - 289 - 290 - 292 - 294 - 295 - 297 - 299 - 300 - 301 - 302 - 303 - 305 - 306 - 307 - 309 - 311 - 312 - 313 - 316 - 318 - 321 - 322 - 323 - 324 - 325 - 327 - 328 - 329 - 331 - 333 - 337 - 338 - 343 - 344 - 347 - 349 - 354 - 355 - 356 - 360 - 362 - 363 - 364 - 365 - 366 - 369 - 370 - 371 - 372 - 373 - 374 - 375 - 377 - 379 - 380 - 382 - 384 - 385 - 387 - 388 - 389 - 390 - 392 - 393 - 397 - 400 - 402 - 404 - 405 - 406 - 409 - 411 - 413 - 414 - 415 - 416 - 418 - 419 - 420 - 421 - 422 - 424 - 426 - 427 - 428 - 429 - 430 - 432 - 434 - 435 - 436 - 437 - 438 - 440 - 441 - 442 - 445 - 446 - 448 - 450 - 454 - 456 - 460 - 463 - 464 - 468 - 469 - 470 - 471 - 472 - 473 - 474 - 476 - 477 - 480 - 481 - 485 - 488 - 490 - 492 - 494 - 495 - 496,20819685.3,0.0,98261,100816,4.9,Cost: 98261 & Capacity: 100816
0 - 9 - 12 - 13 - 18 - 25 - 32 - 40 - 42 - 44 - 45 - 46 - 53 - 58 - 60 - 61 - 62 - 64 - 65 - 68 - 71 - 72 - 73 - 75 - 80 - 81 - 87 - 88 - 90 - 94 - 95 - 99 - 107 - 108 - 110 - 114 - 117 - 118 - 121 - 124 - 128 - 136 - 142 - 144 - 146 - 147 - 152 - 155 - 158 - 159 - 160 - 162 - 163 - 164 - 166 - 170 - 172 - 176 - 180 - 181 - 185 - 189 - 190 - 195 - 199 - 203 - 209 - 212 - 213 - 217 - 222 - 223 - 224 - 225 - 227 - 231 - 233 - 234 - 235 - 237 - 238 - 239 - 242 - 246 - 255 - 259 - 262 - 272 - 273 - 277 - 278 - 284 - 285 - 288 - 289 - 292 - 293 - 297 - 298 - 299 - 300 - 302 - 303 - 305 - 306 - 309 - 312 - 321 - 322 - 323 - 326 - 333 - 336 - 338 - 341 - 345 - 347 - 349 - 350 - 351 - 352 - 354 - 361 - 362 - 366 - 370 - 372 - 375 - 378 - 381 - 382 - 384 - 385 - 387 - 389 - 390 - 392 - 393 - 395 - 399 - 403 - 404 - 406 - 407 - 408 - 411 - 413 - 415 - 416 - 419 - 420 - 424 - 427 - 428 - 430 - 433 - 436 - 437 - 438 - 440 - 441 - 444 - 445 - 448 - 451 - 458 - 459 - 465 - 466 - 468 - 470 - 472 - 473 - 474 - 476 - 477 - 478 - 481 - 485 - 488 - 489 - 492 - 494 - 495 - 497 - 499,8809085.5,9.2,98108,81280,5.31,Cost: 98108 & Capacity: 81280
0 - 2 - 4 - 9 - 10 - 11 - 12 - 13 - 15 - 16 - 17 - 20 - 21 - 28 - 34 - 36 - 37 - 38 - 42 - 44 - 45 - 50 - 51 - 53 - 54 - 56 - 58 - 59 - 60 - 62 - 63 - 64 - 65 - 67 - 68 - 69 - 71 - 72 - 75 - 76 - 78 - 80 - 84 - 86 - 87 - 90 - 91 - 94 - 95 - 96 - 97 - 98 - 99 - 100 - 103 - 105 - 107 - 108 - 109 - 110 - 111 - 113 - 114 - 115 - 116 - 118 - 120 - 123 - 124 - 125 - 128 - 129 - 131 - 132 - 135 - 137 - 139 - 140 - 142 - 144 - 145 - 146 - 147 - 148 - 150 - 151 - 152 - 154 - 155 - 157 - 158 - 159 - 160 - 163 - 164 - 166 - 167 - 170 - 174 - 175 - 178 - 179 - 180 - 181 - 182 - 183 - 184 - 185 - 186 - 187 - 188 - 189 - 190 - 192 - 193 - 195 - 197 - 203 - 204 - 210 - 211 - 212 - 214 - 215 - 216 - 217 - 218 - 221 - 225 - 228 - 229 - 230 - 231 - 233 - 235 - 237 - 238 - 239 - 241 - 242 - 246 - 248 - 250 - 254 - 255 - 257 - 258 - 259 - 262 - 263 - 266 - 267 - 268 - 269 - 270 - 272 - 274 - 275 - 276 - 277 - 280 - 281 - 283 - 284 - 288 - 289 - 290 - 292 - 294 - 295 - 297 - 299 - 300 - 301 - 302 - 303 - 305 - 306 - 307 - 309 - 311 - 312 - 313 - 316 - 318 - 321 - 322 - 323 - 324 - 325 - 327 - 328 - 329 - 331 - 333 - 337 - 338 - 343 - 344 - 347 - 349 - 354 - 355 - 356 - 360 - 362 - 363 - 364 - 365 - 366 - 370 - 371 - 372 - 373 - 374 - 375 - 377 - 379 - 380 - 382 - 385 - 387 - 388 - 389 - 390 - 392 - 393 - 397 - 400 - 401 - 402 - 404 - 405 - 406 - 409 - 411 - 413 - 414 - 415 - 416 - 418 - 419 - 420 - 421 - 422 - 424 - 426 - 427 - 428 - 429 - 430 - 432 - 434 - 435 - 436 - 437 - 438 - 440 - 441 - 442 - 445 - 446 - 448 - 450 - 454 - 456 - 460 - 463 - 464 - 468 - 469 - 470 - 472 - 473 - 474 - 476 - 477 - 480 - 481 - 485 - 488 - 490 - 492 - 494 - 495 - 496 - 497,20657761.6,0.1,98262,99673,5.69,Cost: 98262 & Capacity: 99673
7 - 12 - 13 - 17 - 23 - 24 - 28 - 29 - 35 - 40 - 46 - 55 - 68 - 73 - 85 - 91 - 95 - 97 - 101 - 104 - 114 - 116 - 117 - 121 - 122 - 124 - 134 - 149 - 159 - 162 - 166 - 168 - 170 - 172 - 175 - 180 - 181 - 187 - 194 - 196 - 209 - 213 - 217 - 219 - 223 - 225 - 227 - 229 - 231 - 235 - 236 - 255 - 256 - 259 - 273 - 276 - 282 - 284 - 287 - 295 - 299 - 308 - 319 - 334 - 335 - 337 - 343 - 350 - 353 - 363 - 369 - 381 - 385 - 390 - 391 - 394 - 397 - 403 - 421 - 426 - 438 - 443 - 450 - 451 - 455 - 459 - 464 - 481 - 493 - 499,2131314.5,32.0,68727,53555,6.23,Cost: 68727 & Capacity: 53555
8 - 28 - 29 - 32 - 38 - 44 - 47 - 57 - 67 - 72 - 81 - 84 - 87 - 88 - 92 - 104 - 107 - 111 - 117 - 124 - 128 - 136 - 137 - 140 - 143 - 145 - 150 - 154 - 161 - 162 - 163 - 166 - 176 - 180 - 191 - 202 - 203 - 212 - 224 - 225 - 228 - 229 - 232 - 239 - 240 - 246 - 247 - 248 - 252 - 261 - 271 - 275 - 291 - 294 - 308 - 312 - 317 - 319 - 322 - 323 - 331 - 334 - 336 - 338 - 341 - 345 - 349 - 350 - 354 - 359 - 361 - 364 - 369 - 370 - 384 - 386 - 388 - 396 - 403 - 406 - 410 - 416 - 421 - 425 - 437 - 440 - 441 - 470 - 473 - 478 - 489 - 499,2187718.8,31.5,63711,52666,8.31,Cost: 63711 & Capacity: 52666
8 - 25 - 26 - 28 - 29 - 32 - 38 - 44 - 47 - 57 - 67 - 72 - 81 - 84 - 87 - 88 - 92 - 104 - 107 - 111 - 117 - 124 - 128 - 136 - 137 - 140 - 143 - 145 - 150 - 154 - 161 - 162 - 163 - 166 - 176 - 179 - 180 - 191 - 202 - 203 - 212 - 224 - 225 - 228 - 229 - 232 - 233 - 239 - 240 - 246 - 247 - 248 - 252 - 258 - 261 - 271 - 275 - 281 - 287 - 291 - 294 - 297 - 307 - 308 - 312 - 315 - 317 - 319 - 322 - 323 - 331 - 334 - 336 - 338 - 341 - 345 - 349 - 350 - 354 - 359 - 361 - 364 - 369 - 370 - 384 - 386 - 388 - 396 - 403 - 406 - 410 - 416 - 421 - 425 - 437 - 440 - 470 - 473 - 478 - 480 - 489 - 499,2661394.7,28.4,70396,57382,8.3,Cost: 70396 & Capacity: 57382
8 - 22 - 25 - 26 - 28 - 29 - 32 - 38 - 40 - 44 - 47 - 55 - 57 - 64 - 67 - 68 - 72 - 81 - 84 - 87 - 88 - 92 - 104 - 105 - 107 - 111 - 117 - 124 - 128 - 136 - 137 - 140 - 143 - 145 - 150 - 154 - 161 - 162 - 163 - 166 - 168 - 173 - 176 - 179 - 180 - 191 - 202 - 203 - 204 - 212 - 224 - 225 - 228 - 229 - 232 - 233 - 239 - 240 - 246 - 247 - 248 - 252 - 258 - 261 - 271 - 275 - 281 - 282 - 287 - 291 - 294 - 297 - 307 - 308 - 312 - 315 - 316 - 317 - 319 - 322 - 323 - 325 - 331 - 334 - 336 - 338 - 341 - 345 - 349 - 350 - 354 - 359 - 361 - 364 - 369 - 370 - 375 - 384 - 386 - 388 - 391 - 396 - 403 - 406 - 410 - 416 - 421 - 425 - 437 - 440 - 441 - 451 - 459 - 465 - 470 - 473 - 476 - 478 - 480 - 485 - 489 - 494 - 499,3856471.4,20.8,86018,69534,8.3,Cost: 86018 & Capacity: 69534
8 - 12 - 22 - 25 - 26 - 28 - 29 - 32 - 38 - 40 - 44 - 47 - 49 - 55 - 57 - 64 - 67 - 68 - 72 - 81 - 84 - 87 - 88 - 92 - 104 - 105 - 107 - 111 - 117 - 124 - 128 - 136 - 137 - 140 - 143 - 145 - 150 - 154 - 161 - 162 - 163 - 166 - 168 - 173 - 176 - 179 - 180 - 191 - 202 - 203 - 204 - 212 - 214 - 224 - 225 - 228 - 229 - 231 - 232 - 233 - 239 - 240 - 246 - 247 - 248 - 252 - 258 - 261 - 271 - 273 - 275 - 277 - 281 - 282 - 287 - 291 - 294 - 297 - 307 - 308 - 312 - 315 - 316 - 317 - 319 - 322 - 323 - 325 - 331 - 332 - 333 - 334 - 336 - 338 - 341 - 345 - 349 - 350 - 354 - 359 - 361 - 364 - 369 - 370 - 373 - 375 - 381 - 384 - 386 - 388 - 391 - 395 - 396 - 403 - 406 - 410 - 416 - 421 - 425 - 427 - 433 - 437 - 440 - 441 - 451 - 459 - 465 - 470 - 473 - 476 - 477 - 478 - 480 - 485 - 489 - 494 - 499,4769093.6,18.2,94549,77299,8.3,Cost: 94549 & Capacity: 77299
0 - 2 - 4 - 9 - 10 - 13 - 15 - 16 - 17 - 20 - 21 - 28 - 34 - 36 - 37 - 38 - 42 - 43 - 44 - 45 - 50 - 51 - 53 - 54 - 56 - 58 - 59 - 60 - 61 - 62 - 63 - 64 - 65 - 67 - 68 - 69 - 71 - 72 - 75 - 76 - 78 - 80 - 84 - 86 - 87 - 90 - 91 - 94 - 95 - 96 - 97 - 98 - 99 - 100 - 103 - 105 - 107 - 108 - 109 - 110 - 111 - 114 - 115 - 116 - 118 - 120 - 123 - 124 - 125 - 128 - 129 - 131 - 132 - 135 - 137 - 140 - 142 - 144 - 145 - 146 - 147 - 148 - 150 - 151 - 152 - 154 - 155 - 158 - 159 - 160 - 163 - 164 - 165 - 166 - 167 - 170 - 174 - 175 - 178 - 179 - 180 - 181 - 182 - 183 - 184 - 185 - 186 - 187 - 188 - 189 - 190 - 192 - 193 - 195 - 197 - 200 - 203 - 204 - 206 - 210 - 211 - 212 - 214 - 215 - 216 - 217 - 218 - 221 - 225 - 228 - 229 - 230 - 231 - 233 - 235 - 237 - 238 - 239 - 241 - 242 - 246 - 248 - 250 - 254 - 255 - 257 - 258 - 259 - 262 - 263 - 266 - 267 - 268 - 269 - 270 - 272 - 274 - 275 - 276 - 277 - 280 - 281 - 283 - 284 - 288 - 289 - 290 - 292 - 294 - 295 - 297 - 299 - 300 - 301 - 302 - 303 - 305 - 306 - 307 - 309 - 311 - 312 - 313 - 316 - 318 - 322 - 323 - 324 - 325 - 327 - 328 - 329 - 331 - 333 - 335 - 337 - 338 - 343 - 344 - 347 - 349 - 354 - 355 - 356 - 360 - 362 - 363 - 364 - 365 - 366 - 369 - 370 - 371 - 372 - 373 - 374 - 375 - 377 - 379 - 380 - 382 - 384 - 385 - 387 - 388 - 389 - 390 - 392 - 393 - 397 - 400 - 402 - 404 - 405 - 406 - 409 - 411 - 413 - 414 - 415 - 416 - 418 - 419 - 420 - 421 - 422 - 424 - 426 - 427 - 428 - 429 - 430 - 432 - 434 - 435 - 437 - 438 - 440 - 441 - 442 - 445 - 446 - 448 - 450 - 454 - 456 - 458 - 460 - 463 - 464 - 466 - 468 - 469 - 470 - 472 - 473 - 474 - 476 - 477 - 480 - 481 - 485 - 488 - 490 - 492 - 494 - 495 - 496,20734184.1,0.0,97509,99866,8.55,Cost: 97509 & Capacity: 99866
0 - 10 - 12 - 13 - 16 - 18 - 29 - 39 - 44 - 45 - 50 - 51 - 53 - 54 - 60 - 62 - 63 - 64 - 65 - 66 - 68 - 69 - 72 - 75 - 77 - 79 - 80 - 81 - 84 - 86 - 87 - 88 - 91 - 92 - 94 - 95 - 97 - 98 - 99 - 100 - 105 - 106 - 107 - 108 - 109 - 110 - 111 - 114 - 115 - 116 - 118 - 120 - 123 - 124 - 126 - 127 - 128 - 129 - 132 - 137 - 139 - 142 - 144 - 145 - 146 - 147 - 149 - 150 - 154 - 156 - 157 - 158 - 159 - 160 - 161 - 162 - 163 - 164 - 166 - 170 - 171 - 174 - 175 - 176 - 178 - 179 - 181 - 183 - 185 - 186 - 187 - 188 - 189 - 190 - 192 - 193 - 195 - 197 - 201 - 202 - 204 - 207 - 209 - 210 - 211 - 212 - 215 - 217 - 219 - 220 - 221 - 223 - 225 - 230 - 231 - 233 - 235 - 237 - 238 - 246 - 247 - 254 - 255 - 257 - 258 - 262 - 266 - 267 - 269 - 270 - 273 - 277 - 278 - 283 - 284 - 287 - 288 - 289 - 290 - 292 - 294 - 297 - 300 - 301 - 302 - 303 - 305 - 306 - 312 - 313 - 314 - 316 - 317 - 318 - 322 - 323 - 324 - 325 - 326 - 328 - 330 - 333 - 336 - 337 - 338 - 347 - 354 - 356 - 358 - 362 - 366 - 370 - 371 - 372 - 374 - 377 - 382 - 383 - 385 - 388 - 389 - 390 - 392 - 393 - 394 - 395 - 397 - 399 - 400 - 403 - 404 - 406 - 407 - 409 - 410 - 411 - 415 - 419 - 420 - 422 - 423 - 424 - 427 - 428 - 429 - 430 - 432 - 434 - 436 - 437 - 438 - 441 - 450 - 454 - 456 - 459 - 464 - 470 - 471 - 472 - 474 - 476 - 477 - 478 - 480 - 481 - 484 - 485 - 486 - 488 - 489 - 492 - 494 - 495 - 496 - 497,13936214.3,4.6,98230,90599,12.64,Cost: 98230 & Capacity: 90599
0 - 2 - 4 - 9 - 10 - 11 - 12 - 13 - 15 - 16 - 17 - 20 - 21 - 25 - 28 - 36 - 37 - 38 - 42 - 44 - 45 - 50 - 51 - 53 - 54 - 56 - 58 - 60 - 61 - 62 - 63 - 64 - 65 - 67 - 68 - 69 - 71 - 72 - 75 - 76 - 78 - 80 - 84 - 86 - 87 - 90 - 91 - 94 - 95 - 96 - 97 - 98 - 99 - 100 - 103 - 105 - 107 - 108 - 109 - 110 - 111 - 113 - 114 - 115 - 116 - 118 - 120 - 123 - 124 - 125 - 128 - 129 - 131 - 132 - 135 - 137 - 139 - 140 - 142 - 144 - 145 - 146 - 147 - 148 - 150 - 151 - 152 - 154 - 155 - 157 - 158 - 159 - 160 - 163 - 164 - 165 - 166 - 167 - 170 - 174 - 175 - 178 - 179 - 180 - 181 - 182 - 183 - 184 - 185 - 186 - 187 - 188 - 189 - 190 - 192 - 193 - 195 - 197 - 203 - 204 - 210 - 211 - 212 - 214 - 216 - 217 - 218 - 221 - 225 - 228 - 229 - 230 - 231 - 233 - 235 - 237 - 238 - 239 - 241 - 242 - 246 - 248 - 250 - 254 - 255 - 257 - 258 - 259 - 262 - 263 - 266 - 267 - 268 - 269 - 270 - 272 - 274 - 275 - 276 - 277 - 280 - 281 - 283 - 284 - 288 - 289 - 290 - 292 - 294 - 295 - 297 - 299 - 300 - 301 - 302 - 303 - 305 - 306 - 307 - 309 - 311 - 312 - 313 - 316 - 318 - 321 - 322 - 323 - 324 - 325 - 327 - 328 - 329 - 331 - 333 - 337 - 338 - 343 - 344 - 347 - 349 - 354 - 355 - 356 - 360 - 362 - 363 - 364 - 365 - 366 - 369 - 370 - 371 - 372 - 373 - 374 - 375 - 377 - 379 - 380 - 382 - 384 - 385 - 387 - 388 - 389 - 390 - 392 - 393 - 397 - 400 - 402 - 404 - 405 - 406 - 409 - 411 - 413 - 414 - 415 - 416 - 418 - 419 - 420 - 421 - 422 - 424 - 426 - 427 - 428 - 429 - 430 - 432 - 434 - 435 - 436 - 437 - 438 - 440 - 441 - 442 - 445 - 446 - 448 - 450 - 454 - 456 - 460 - 463 - 464 - 468 - 469 - 470 - 471 - 472 - 473 - 474 - 476 - 477 - 480 - 481 - 485 - 488 - 490 - 492 - 494 - 495 - 496,20819685.3,0.0,98261,100816,17.56,Cost: 98261 & Capacity: 100816
8 - 9 - 12 - 18 - 22 - 25 - 26 - 29 - 36 - 40 - 44 - 53 - 64 - 67 - 68 - 69 - 72 - 74 - 75 - 80 - 81 - 82 - 84 - 87 - 89 - 90 - 91 - 92 - 95 - 107 - 111 - 117 - 118 - 122 - 127 - 128 - 142 - 144 - 146 - 147 - 156 - 159 - 162 - 164 - 166 - 168 - 171 - 176 - 179 - 180 - 181 - 190 - 192 - 194 - 207 - 209 - 221 - 223 - 224 - 227 - 231 - 232 - 233 - 237 - 247 - 249 - 252 - 255 - 261 - 262 - 263 - 266 - 269 - 272 - 273 - 277 - 279 - 284 - 285 - 287 - 292 - 295 - 301 - 302 - 304 - 308 - 312 - 315 - 323 - 327 - 330 - 333 - 336 - 338 - 341 - 343 - 345 - 346 - 349 - 355 - 356 - 358 - 366 - 367 - 369 - 371 - 372 - 373 - 374 - 381 - 387 - 388 - 390 - 393 - 395 - 403 - 409 - 411 - 413 - 416 - 418 - 424 - 427 - 429 - 433 - 436 - 437 - 438 - 444 - 446 - 449 - 450 - 454 - 460 - 468 - 470 - 472 - 473 - 474 - 476 - 477 - 480 - 488 - 489 - 492 - 494 - 496 - 497 - 499,5592419.1,16.9,89712,72818,18.03,Cost: 89712 & Capacity: 72818
0 - 5 - 12 - 18 - 21 - 22 - 25 - 26 - 37 - 39 - 44 - 47 - 53 - 64 - 65 - 67 - 72 - 80 - 81 - 84 - 87 - 89 - 95 - 98 - 105 - 107 - 114 - 118 - 124 - 126 - 127 - 128 - 131 - 137 - 139 - 143 - 146 - 147 - 155 - 156 - 158 - 159 - 160 - 163 - 164 - 171 - 178 - 179 - 189 - 192 - 207 - 209 - 211 - 215 - 217 - 218 - 219 - 223 - 224 - 227 - 231 - 232 - 233 - 234 - 237 - 244 - 246 - 247 - 248 - 249 - 252 - 255 - 261 - 264 - 266 - 269 - 272 - 273 - 277 - 279 - 284 - 285 - 286 - 287 - 292 - 294 - 295 - 297 - 298 - 303 - 305 - 307 - 309 - 315 - 322 - 331 - 333 - 336 - 338 - 343 - 349 - 352 - 356 - 358 - 359 - 361 - 366 - 371 - 372 - 373 - 376 - 381 - 384 - 387 - 388 - 389 - 391 - 393 - 395 - 397 - 399 - 410 - 411 - 413 - 419 - 422 - 423 - 425 - 427 - 433 - 436 - 437 - 440 - 446 - 449 - 450 - 456 - 458 - 459 - 460 - 465 - 470 - 472 - 473 - 476 - 477 - 480 - 485 - 488 - 489 - 493 - 494 - 497 - 499,5995744.6,15.0,94250,73585,21.81,Cost: 94250 & Capacity: 73585
0 - 2 - 4 - 9 - 10 - 12 - 13 - 15 - 16 - 17 - 20 - 21 - 28 - 34 - 36 - 37 - 38 - 42 - 43 - 44 - 45 - 50 - 51 - 53 - 54 - 56 - 58 - 59 - 60 - 61 - 62 - 63 - 64 - 65 - 67 - 68 - 69 - 71 - 72 - 75 - 76 - 78 - 80 - 84 - 86 - 87 - 90 - 91 - 94 - 95 - 96 - 97 - 98 - 99 - 100 - 103 - 105 - 107 - 108 - 109 - 110 - 111 - 114 - 115 - 116 - 118 - 120 - 123 - 124 - 125 - 128 - 129 - 131 - 132 - 135 - 137 - 140 - 142 - 144 - 145 - 146 - 147 - 148 - 150 - 151 - 152 - 154 - 155 - 158 - 159 - 160 - 163 - 164 - 165 - 166 - 167 - 170 - 174 - 175 - 178 - 179 - 180 - 181 - 182 - 183 - 184 - 185 - 186 - 187 - 188 - 189 - 190 - 192 - 193 - 195 - 197 - 200 - 203 - 204 - 206 - 210 - 211 - 212 - 214 - 215 - 216 - 217 - 218 - 221 - 225 - 228 - 229 - 230 - 231 - 233 - 235 - 237 - 238 - 239 - 241 - 242 - 246 - 248 - 250 - 254 - 255 - 257 - 258 - 259 - 262 - 266 - 267 - 268 - 269 - 270 - 272 - 274 - 275 - 276 - 277 - 280 - 281 - 283 - 284 - 288 - 289 - 290 - 292 - 294 - 295 - 297 - 299 - 300 - 301 - 302 - 303 - 305 - 306 - 307 - 309 - 311 - 312 - 313 - 316 - 318 - 322 - 323 - 324 - 325 - 327 - 328 - 329 - 331 - 333 - 335 - 337 - 338 - 343 - 344 - 347 - 349 - 354 - 355 - 356 - 360 - 362 - 363 - 364 - 365 - 366 - 369 - 370 - 371 - 372 - 373 - 374 - 375 - 377 - 379 - 380 - 382 - 384 - 385 - 387 - 388 - 389 - 390 - 392 - 393 - 397 - 400 - 402 - 404 - 405 - 406 - 409 - 411 - 413 - 414 - 415 - 416 - 418 - 419 - 420 - 421 - 422 - 424 - 426 - 427 - 428 - 429 - 430 - 432 - 434 - 435 - 437 - 438 - 440 - 441 - 442 - 445 - 446 - 448 - 450 - 454 - 456 - 458 - 460 - 463 - 464 - 466 - 468 - 469 - 470 - 472 - 473 - 474 - 476 - 477 - 480 - 481 - 485 - 488 - 490 - 492 - 494 - 495 - 496,20737531.4,0.0,97520,99748,21.98,Cost: 97520 & Capacity: 99748
0 - 2 - 4 - 9 - 10 - 11 - 12 - 13 - 15 - 16 - 17 - 20 - 21 - 25 - 28 - 36 - 37 - 38 - 42 - 44 - 45 - 50 - 51 - 53 - 54 - 56 - 58 - 60 - 61 - 62 - 63 - 64 - 65 - 67 - 68 - 69 - 71 - 72 - 75 - 76 - 78 - 80 - 84 - 86 - 87 - 90 - 91 - 94 - 95 - 96 - 97 - 98 - 99 - 100 - 103 - 105 - 107 - 108 - 109 - 110 - 111 - 113 - 114 - 115 - 116 - 118 - 120 - 123 - 124 - 125 - 128 - 129 - 131 - 132 - 135 - 137 - 139 - 140 - 142 - 144 - 145 - 146 - 147 - 148 - 150 - 151 - 152 - 154 - 155 - 157 - 158 - 159 - 160 - 163 - 164 - 165 - 166 - 167 - 170 - 174 - 175 - 178 - 179 - 180 - 181 - 182 - 183 - 184 - 185 - 186 - 187 - 188 - 189 - 190 - 192 - 193 - 195 - 197 - 203 - 204 - 210 - 211 - 212 - 214 - 216 - 217 - 218 - 221 - 225 - 228 - 229 - 230 - 231 - 233 - 235 - 237 - 238 - 239 - 241 - 242 - 246 - 248 - 250 - 254 - 255 - 257 - 258 - 259 - 262 - 263 - 266 - 267 - 268 - 269 - 270 - 272 - 274 - 275 - 276 - 277 - 280 - 281 - 283 - 284 - 288 - 289 - 290 - 292 - 294 - 295 - 297 - 299 - 300 - 301 - 302 - 303 - 305 - 306 - 307 - 309 - 311 - 312 - 313 - 316 - 318 - 321 - 322 - 323 - 324 - 325 - 327 - 328 - 329 - 331 - 333 - 337 - 338 - 343 - 344 - 347 - 349 - 354 - 355 - 356 - 360 - 362 - 363 - 364 - 365 - 366 - 369 - 370 - 371 - 372 - 373 - 374 - 375 - 377 - 379 - 380 - 382 - 384 - 385 - 387 - 388 - 389 - 390 - 392 - 393 - 397 - 400 - 402 - 404 - 405 - 406 - 409 - 411 - 413 - 414 - 415 - 416 - 418 - 419 - 420 - 421 - 422 - 424 - 426 - 427 - 428 - 429 - 430 - 432 - 434 - 435 - 436 - 437 - 438 - 440 - 441 - 442 - 445 - 446 - 448 - 450 - 454 - 456 - 460 - 463 - 464 - 468 - 469 - 470 - 471 - 472 - 473 - 474 - 476 - 477 - 480 - 481 - 485 - 488 - 490 - 492 - 494 - 495 - 496,20819685.3,0.0,98261,100816,23.77,Cost: 98261 & Capacity: 100816
5 - 14 - 16 - 17 - 21 - 29 - 35 - 44 - 47 - 50 - 57 - 58 - 61 - 63 - 64 - 67 - 71 - 72 - 74 - 75 - 76 - 79 - 83 - 84 - 90 - 91 - 93 - 95 - 104 - 106 - 117 - 118 - 119 - 122 - 127 - 136 - 146 - 148 - 150 - 153 - 164 - 165 - 168 - 172 - 176 - 178 - 179 - 181 - 190 - 192 - 193 - 194 - 195 - 202 - 210 - 212 - 217 - 221 - 227 - 231 - 232 - 235 - 237 - 240 - 245 - 247 - 249 - 259 - 261 - 263 - 265 - 268 - 270 - 271 - 273 - 275 - 277 - 278 - 279 - 283 - 284 - 285 - 286 - 292 - 298 - 302 - 303 - 307 - 308 - 327 - 331 - 333 - 338 - 340 - 342 - 348 - 349 - 352 - 359 - 361 - 362 - 363 - 388 - 390 - 392 - 393 - 400 - 402 - 403 - 404 - 407 - 411 - 415 - 433 - 436 - 437 - 438 - 442 - 443 - 444 - 445 - 450 - 451 - 455 - 459 - 464 - 465 - 467 - 470 - 476 - 477 - 487 - 488 - 489,4720659.7,18.8,88619,69035,24.05,Cost: 88619 & Capacity: 69035
0 - 4 - 9 - 10 - 11 - 12 - 13 - 16 - 21 - 25 - 29 - 38 - 39 - 44 - 45 - 49 - 50 - 51 - 53 - 54 - 60 - 63 - 64 - 65 - 66 - 68 - 72 - 75 - 79 - 80 - 81 - 84 - 86 - 87 - 88 - 90 - 91 - 92 - 94 - 95 - 96 - 97 - 98 - 99 - 100 - 105 - 107 - 108 - 109 - 110 - 111 - 113 - 114 - 115 - 116 - 118 - 123 - 124 - 125 - 127 - 128 - 132 - 137 - 139 - 142 - 144 - 145 - 146 - 147 - 149 - 150 - 152 - 154 - 156 - 157 - 158 - 159 - 160 - 161 - 162 - 163 - 164 - 166 - 167 - 170 - 171 - 174 - 175 - 176 - 178 - 179 - 181 - 185 - 186 - 187 - 188 - 189 - 190 - 192 - 193 - 195 - 201 - 202 - 204 - 207 - 209 - 210 - 211 - 212 - 215 - 217 - 220 - 221 - 223 - 225 - 230 - 231 - 233 - 235 - 237 - 238 - 246 - 247 - 254 - 255 - 257 - 258 - 262 - 266 - 267 - 269 - 273 - 277 - 283 - 284 - 287 - 288 - 289 - 290 - 292 - 294 - 297 - 300 - 301 - 302 - 303 - 305 - 306 - 312 - 313 - 314 - 316 - 317 - 318 - 322 - 323 - 324 - 325 - 326 - 328 - 330 - 333 - 336 - 337 - 338 - 342 - 343 - 347 - 356 - 358 - 360 - 362 - 363 - 366 - 370 - 371 - 372 - 374 - 375 - 377 - 380 - 382 - 383 - 385 - 388 - 389 - 390 - 392 - 393 - 394 - 395 - 397 - 398 - 400 - 401 - 403 - 406 - 407 - 409 - 410 - 411 - 415 - 416 - 419 - 422 - 423 - 424 - 426 - 427 - 428 - 429 - 430 - 432 - 434 - 436 - 437 - 438 - 441 - 442 - 450 - 454 - 456 - 459 - 460 - 464 - 470 - 471 - 472 - 474 - 476 - 477 - 480 - 481 - 484 - 488 - 489 - 491 - 492 - 494 - 495 - 496 - 497 - 499,14793320.9,3.7,98227,92259,25.32,Cost: 98227 & Capacity: 92259
13 - 14 - 21 - 35 - 37 - 40 - 48 - 53 - 54 - 60 - 61 - 66 - 67 - 68 - 71 - 72 - 76 - 81 - 87 - 91 - 95 - 97 - 103 - 109 - 111 - 114 - 115 - 121 - 122 - 123 - 136 - 149 - 150 - 154 - 164 - 165 - 166 - 167 - 168 - 172 - 175 - 176 - 180 - 187 - 190 - 193 - 199 - 208 - 209 - 216 - 229 - 231 - 235 - 244 - 254 - 262 - 263 - 273 - 277 - 278 - 279 - 281 - 283 - 287 - 299 - 302 - 308 - 312 - 318 - 319 - 325 - 327 - 333 - 343 - 353 - 360 - 363 - 366 - 373 - 381 - 391 - 392 - 407 - 426 - 436 - 437 - 438 - 439 - 442 - 443 - 444 - 447 - 450 - 454 - 455 - 459 - 460 - 475 - 477 - 484 - 489 - 492 - 493 - 494 - 497 - 499,2934097.3,27.4,64291,52493,25.8,Cost: 64291 & Capacity: 52493
13 - 14 - 21 - 29 - 35 - 37 - 40 - 48 - 53 - 54 - 58 - 60 - 61 - 63 - 66 - 67 - 68 - 71 - 72 - 76 - 80 - 81 - 82 - 87 - 91 - 95 - 97 - 103 - 109 - 111 - 114 - 115 - 121 - 122 - 123 - 124 - 136 - 141 - 143 - 146 - 149 - 150 - 154 - 164 - 165 - 166 - 167 - 168 - 172 - 175 - 176 - 180 - 187 - 190 - 193 - 199 - 208 - 209 - 216 - 229 - 231 - 235 - 236 - 237 - 244 - 254 - 262 - 263 - 273 - 277 - 278 - 279 - 281 - 283 - 284 - 287 - 297 - 299 - 302 - 306 - 308 - 312 - 318 - 319 - 325 - 327 - 333 - 341 - 343 - 349 - 353 - 360 - 363 - 366 - 373 - 381 - 382 - 391 - 392 - 395 - 407 - 411 - 415 - 424 - 426 - 436 - 437 - 438 - 439 - 442 - 443 - 444 - 447 - 450 - 454 - 455 - 459 - 460 - 475 - 477 - 484 - 489 - 492 - 493 - 494 - 497 - 499,4188394.1,19.8,77441,62906,25.79,Cost: 77441 & Capacity: 62906
8 - 9 - 14 - 23 - 25 - 26 - 32 - 37 - 40 - 44 - 49 - 53 - 64 - 65 - 67 - 72 - 73 - 77 - 79 - 80 - 81 - 83 - 84 - 86 - 91 - 92 - 95 - 105 - 107 - 111 - 115 - 120 - 127 - 128 - 140 - 144 - 146 - 147 - 150 - 154 - 155 - 156 - 158 - 159 - 161 - 166 - 168 - 171 - 179 - 190 - 194 - 197 - 202 - 211 - 217 - 221 - 224 - 227 - 228 - 231 - 232 - 234 - 237 - 239 - 246 - 247 - 248 - 249 - 252 - 255 - 261 - 264 - 265 - 266 - 277 - 283 - 284 - 285 - 286 - 287 - 298 - 302 - 303 - 305 - 306 - 320 - 323 - 331 - 333 - 336 - 338 - 344 - 345 - 350 - 355 - 356 - 358 - 359 - 361 - 362 - 366 - 367 - 372 - 373 - 386 - 387 - 388 - 389 - 391 - 395 - 404 - 407 - 409 - 411 - 418 - 423 - 427 - 436 - 437 - 442 - 444 - 449 - 450 - 454 - 459 - 460 - 464 - 465 - 471 - 489 - 494 - 497 - 498,4483399.4,19.5,89007,70875,26.56,Cost: 89007 & Capacity: 70875
0 - 2 - 4 - 9 - 11 - 13 - 16 - 17 - 20 - 21 - 35 - 36 - 37 - 42 - 44 - 50 - 51 - 53 - 54 - 58 - 60 - 61 - 63 - 64 - 65 - 67 - 68 - 69 - 71 - 72 - 75 - 76 - 78 - 80 - 84 - 86 - 87 - 90 - 91 - 94 - 95 - 96 - 97 - 99 - 100 - 103 - 105 - 106 - 107 - 108 - 109 - 110 - 111 - 113 - 114 - 115 - 116 - 118 - 123 - 124 - 128 - 131 - 132 - 135 - 136 - 137 - 139 - 140 - 142 - 143 - 144 - 145 - 146 - 147 - 148 - 150 - 151 - 152 - 153 - 158 - 159 - 160 - 163 - 164 - 166 - 167 - 175 - 176 - 178 - 179 - 181 - 183 - 184 - 185 - 187 - 188 - 189 - 190 - 192 - 193 - 195 - 203 - 204 - 210 - 212 - 216 - 217 - 218 - 221 - 223 - 225 - 230 - 231 - 233 - 234 - 235 - 237 - 239 - 242 - 246 - 248 - 250 - 254 - 255 - 257 - 258 - 259 - 262 - 266 - 267 - 268 - 270 - 271 - 272 - 274 - 276 - 277 - 280 - 281 - 283 - 284 - 285 - 288 - 289 - 290 - 292 - 294 - 296 - 297 - 299 - 300 - 301 - 302 - 305 - 306 - 308 - 309 - 311 - 312 - 314 - 316 - 319 - 321 - 322 - 323 - 324 - 325 - 328 - 329 - 330 - 331 - 333 - 336 - 337 - 338 - 340 - 342 - 347 - 349 - 350 - 354 - 355 - 356 - 360 - 362 - 363 - 364 - 366 - 368 - 369 - 370 - 372 - 373 - 375 - 377 - 379 - 382 - 385 - 388 - 389 - 390 - 392 - 393 - 397 - 400 - 404 - 405 - 406 - 407 - 411 - 413 - 415 - 416 - 418 - 419 - 420 - 421 - 424 - 426 - 427 - 428 - 429 - 430 - 432 - 433 - 435 - 436 - 437 - 438 - 439 - 440 - 441 - 442 - 450 - 451 - 454 - 459 - 460 - 463 - 464 - 465 - 467 - 468 - 469 - 470 - 471 - 472 - 474 - 476 - 477 - 480 - 481 - 485 - 487 - 488 - 494 - 495 - 496,17019655.0,0.8,98219,96020,29.72,Cost: 98219 & Capacity: 96020
0 - 9 - 12 - 18 - 22 - 23 - 25 - 26 - 28 - 38 - 42 - 49 - 54 - 55 - 56 - 57 - 60 - 63 - 64 - 67 - 69 - 72 - 73 - 75 - 79 - 81 - 92 - 95 - 99 - 111 - 117 - 126 - 127 - 128 - 134 - 143 - 144 - 145 - 146 - 147 - 148 - 149 - 150 - 154 - 155 - 158 - 163 - 166 - 173 - 176 - 178 - 181 - 190 - 200 - 203 - 207 - 211 - 212 - 217 - 221 - 223 - 225 - 227 - 231 - 232 - 233 - 234 - 252 - 260 - 261 - 264 - 265 - 266 - 269 - 273 - 275 - 277 - 279 - 283 - 284 - 285 - 286 - 287 - 292 - 294 - 298 - 299 - 300 - 303 - 304 - 305 - 306 - 309 - 312 - 316 - 331 - 332 - 333 - 334 - 338 - 341 - 343 - 345 - 347 - 349 - 355 - 356 - 361 - 364 - 365 - 366 - 367 - 371 - 372 - 373 - 376 - 381 - 382 - 386 - 387 - 388 - 390 - 391 - 392 - 393 - 395 - 401 - 404 - 406 - 411 - 423 - 427 - 432 - 433 - 437 - 438 - 440 - 441 - 442 - 444 - 446 - 448 - 454 - 455 - 459 - 464 - 470 - 474 - 476 - 477 - 478 - 480 - 484 - 485 - 491 - 494 - 495 - 497 - 499,6348214.5,13.7,97902,77210,31.33,Cost: 97902 & Capacity: 77210
0 - 5 - 11 - 12 - 13 - 16 - 21 - 25 - 29 - 39 - 44 - 45 - 50 - 51 - 53 - 54 - 57 - 60 - 64 - 65 - 67 - 68 - 69 - 72 - 75 - 79 - 80 - 81 - 84 - 86 - 87 - 88 - 91 - 92 - 94 - 95 - 96 - 98 - 99 - 100 - 105 - 107 - 108 - 110 - 111 - 114 - 115 - 116 - 118 - 120 - 123 - 124 - 126 - 127 - 128 - 132 - 137 - 142 - 144 - 145 - 146 - 147 - 149 - 150 - 154 - 156 - 158 - 159 - 161 - 162 - 163 - 164 - 166 - 170 - 171 - 174 - 175 - 176 - 178 - 179 - 181 - 183 - 185 - 186 - 187 - 188 - 189 - 190 - 192 - 193 - 195 - 201 - 202 - 204 - 207 - 209 - 211 - 212 - 217 - 219 - 220 - 221 - 223 - 225 - 230 - 231 - 233 - 235 - 237 - 238 - 246 - 247 - 254 - 255 - 256 - 257 - 262 - 266 - 267 - 269 - 270 - 273 - 277 - 282 - 283 - 284 - 287 - 288 - 290 - 292 - 294 - 297 - 300 - 301 - 302 - 303 - 305 - 306 - 312 - 313 - 314 - 315 - 316 - 317 - 318 - 320 - 322 - 323 - 324 - 325 - 326 - 328 - 330 - 333 - 336 - 337 - 338 - 341 - 342 - 344 - 347 - 358 - 362 - 366 - 370 - 371 - 372 - 374 - 375 - 377 - 381 - 382 - 383 - 385 - 387 - 388 - 389 - 390 - 392 - 393 - 394 - 395 - 397 - 400 - 403 - 406 - 407 - 409 - 410 - 411 - 415 - 416 - 418 - 419 - 420 - 423 - 424 - 427 - 428 - 429 - 430 - 432 - 434 - 436 - 437 - 438 - 441 - 450 - 454 - 456 - 459 - 460 - 464 - 465 - 470 - 471 - 472 - 474 - 476 - 477 - 478 - 480 - 481 - 485 - 486 - 488 - 489 - 492 - 494 - 495 - 496 - 497,13512011.9,5.0,98262,91169,34.64,Cost: 98262 & Capacity: 91169
0 - 2 - 4 - 9 - 10 - 11 - 12 - 13 - 15 - 16 - 17 - 20 - 21 - 28 - 34 - 36 - 37 - 38 - 42 - 44 - 45 - 50 - 51 - 53 - 54 - 56 - 58 - 59 - 60 - 61 - 62 - 63 - 64 - 65 - 67 - 68 - 69 - 71 - 72 - 75 - 76 - 78 - 80 - 84 - 86 - 87 - 90 - 91 - 94 - 95 - 96 - 97 - 98 - 99 - 100 - 103 - 105 - 107 - 108 - 109 - 110 - 111 - 113 - 114 - 115 - 116 - 118 - 120 - 123 - 124 - 125 - 128 - 129 - 131 - 132 - 135 - 137 - 140 - 142 - 144 - 145 - 146 - 147 - 148 - 150 - 151 - 152 - 154 - 155 - 158 - 159 - 160 - 163 - 164 - 165 - 166 - 167 - 170 - 174 - 175 - 178 - 179 - 180 - 181 - 182 - 183 - 184 - 185 - 186 - 187 - 188 - 189 - 190 - 192 - 193 - 195 - 197 - 200 - 203 - 204 - 210 - 211 - 212 - 214 - 215 - 216 - 217 - 218 - 221 - 225 - 228 - 229 - 230 - 231 - 233 - 235 - 237 - 238 - 239 - 241 - 242 - 246 - 248 - 250 - 254 - 255 - 257 - 258 - 259 - 262 - 263 - 266 - 267 - 268 - 269 - 270 - 272 - 274 - 275 - 276 - 277 - 280 - 281 - 283 - 284 - 288 - 289 - 290 - 292 - 294 - 295 - 297 - 299 - 300 - 301 - 302 - 303 - 305 - 306 - 307 - 309 - 311 - 312 - 313 - 316 - 318 - 322 - 323 - 324 - 325 - 327 - 328 - 329 - 331 - 333 - 335 - 337 - 338 - 343 - 344 - 347 - 349 - 354 - 355 - 356 - 360 - 362 - 363 - 364 - 365 - 366 - 369 - 370 - 371 - 372 - 373 - 374 - 375 - 377 - 379 - 380 - 382 - 384 - 385 - 387 - 388 - 389 - 390 - 392 - 393 - 397 - 400 - 402 - 404 - 405 - 406 - 409 - 411 - 413 - 414 - 415 - 416 - 418 - 419 - 420 - 421 - 422 - 424 - 426 - 427 - 428 - 429 - 430 - 432 - 434 - 435 - 437 - 438 - 440 - 441 - 442 - 445 - 446 - 448 - 450 - 454 - 456 - 458 - 460 - 463 - 464 - 466 - 468 - 469 - 470 - 472 - 473 - 474 - 476 - 477 - 480 - 481 - 485 - 488 - 490 - 492 - 494 - 495 - 496,20902077.8,0.0,98257,100637,34.85,Cost: 98257 & Capacity: 100637
0 - 4 - 11 - 12 - 13 - 14 - 16 - 29 - 32 - 34 - 42 - 44 - 45 - 50 - 51 - 53 - 54 - 55 - 58 - 60 - 62 - 63 - 64 - 68 - 69 - 71 - 72 - 75 - 79 - 80 - 81 - 84 - 87 - 91 - 94 - 95 - 98 - 99 - 100 - 103 - 106 - 107 - 108 - 110 - 111 - 114 - 116 - 118 - 123 - 124 - 126 - 127 - 128 - 132 - 135 - 136 - 137 - 142 - 144 - 145 - 146 - 147 - 149 - 150 - 152 - 154 - 158 - 159 - 160 - 161 - 162 - 163 - 164 - 166 - 167 - 168 - 171 - 172 - 174 - 175 - 176 - 178 - 181 - 183 - 184 - 185 - 188 - 189 - 190 - 192 - 193 - 201 - 204 - 211 - 212 - 217 - 221 - 225 - 231 - 233 - 235 - 238 - 241 - 242 - 246 - 247 - 254 - 255 - 256 - 257 - 259 - 261 - 262 - 266 - 267 - 269 - 271 - 273 - 275 - 277 - 282 - 283 - 284 - 288 - 289 - 290 - 292 - 297 - 300 - 301 - 302 - 303 - 304 - 305 - 306 - 312 - 313 - 314 - 315 - 317 - 318 - 320 - 322 - 323 - 325 - 326 - 328 - 333 - 336 - 337 - 338 - 341 - 343 - 344 - 347 - 349 - 350 - 354 - 366 - 370 - 371 - 372 - 374 - 375 - 377 - 380 - 381 - 382 - 383 - 384 - 385 - 387 - 388 - 389 - 390 - 392 - 393 - 394 - 395 - 399 - 400 - 403 - 404 - 406 - 407 - 409 - 410 - 411 - 419 - 422 - 424 - 427 - 428 - 429 - 430 - 432 - 434 - 435 - 436 - 437 - 438 - 441 - 442 - 444 - 450 - 454 - 459 - 464 - 465 - 470 - 471 - 472 - 474 - 476 - 477 - 478 - 480 - 485 - 488 - 491 - 492 - 494 - 495 - 496 - 497 - 499,12901262.5,5.2,98237,88597,38.52,Cost: 98237 & Capacity: 88597
0 - 4 - 12 - 13 - 16 - 18 - 22 - 25 - 28 - 29 - 32 - 44 - 45 - 50 - 52 - 53 - 55 - 58 - 60 - 61 - 63 - 64 - 68 - 69 - 72 - 75 - 79 - 80 - 81 - 87 - 88 - 91 - 94 - 95 - 98 - 99 - 100 - 103 - 104 - 107 - 108 - 110 - 111 - 113 - 118 - 124 - 126 - 128 - 130 - 135 - 136 - 137 - 144 - 146 - 147 - 150 - 152 - 154 - 158 - 160 - 161 - 162 - 164 - 166 - 167 - 168 - 170 - 171 - 174 - 181 - 184 - 185 - 188 - 189 - 191 - 192 - 209 - 211 - 212 - 217 - 222 - 231 - 232 - 234 - 235 - 242 - 246 - 247 - 254 - 255 - 257 - 260 - 261 - 262 - 264 - 265 - 266 - 267 - 271 - 273 - 277 - 283 - 284 - 288 - 289 - 290 - 292 - 298 - 300 - 302 - 305 - 306 - 312 - 316 - 318 - 322 - 323 - 325 - 326 - 328 - 333 - 336 - 337 - 338 - 341 - 342 - 343 - 344 - 345 - 347 - 349 - 351 - 354 - 358 - 366 - 370 - 371 - 375 - 377 - 381 - 382 - 383 - 384 - 387 - 388 - 390 - 392 - 393 - 394 - 395 - 400 - 404 - 406 - 407 - 409 - 410 - 411 - 412 - 415 - 419 - 424 - 427 - 428 - 429 - 430 - 432 - 434 - 435 - 436 - 437 - 438 - 441 - 442 - 444 - 445 - 450 - 451 - 454 - 459 - 465 - 470 - 472 - 474 - 476 - 477 - 478 - 480 - 484 - 485 - 488 - 492 - 494 - 495 - 497 - 499,9561939.1,9.1,95883,79709,38.53,Cost: 95883 & Capacity: 79709
15 - 29 - 33 - 37 - 44 - 47 - 48 - 50 - 53 - 55 - 61 - 64 - 67 - 72 - 76 - 77 - 81 - 84 - 85 - 86 - 89 - 91 - 99 - 111 - 116 - 119 - 125 - 138 - 146 - 148 - 149 - 154 - 160 - 161 - 164 - 166 - 168 - 176 - 179 - 188 - 190 - 192 - 193 - 194 - 202 - 204 - 210 - 215 - 217 - 221 - 223 - 224 - 232 - 233 - 235 - 237 - 240 - 246 - 248 - 251 - 252 - 261 - 263 - 265 - 272 - 275 - 276 - 277 - 281 - 285 - 287 - 294 - 298 - 299 - 307 - 316 - 320 - 323 - 326 - 331 - 335 - 336 - 338 - 344 - 345 - 352 - 355 - 360 - 364 - 368 - 369 - 370 - 372 - 387 - 388 - 389 - 391 - 393 - 401 - 402 - 403 - 409 - 414 - 415 - 416 - 419 - 422 - 425 - 427 - 437 - 441 - 442 - 449 - 451 - 452 - 465 - 475 - 480 - 482 - 495 - 499,3727587.8,22.2,77125,61072,38.96,Cost: 77125 & Capacity: 61072
15 - 29 - 33 - 37 - 44 - 47 - 48 - 50 - 53 - 55 - 61 - 64 - 67 - 72 - 76 - 77 - 81 - 84 - 85 - 86 - 89 - 91 - 99 - 111 - 116 - 119 - 125 - 138 - 146 - 148 - 149 - 154 - 160 - 161 - 164 - 166 - 168 - 176 - 179 - 188 - 190 - 192 - 193 - 194 - 202 - 204 - 210 - 215 - 217 - 221 - 223 - 224 - 232 - 233 - 235 - 237 - 240 - 246 - 248 - 251 - 252 - 261 - 263 - 265 - 272 - 275 - 276 - 277 - 281 - 285 - 287 - 294 - 298 - 299 - 307 - 316 - 320 - 323 - 326 - 331 - 335 - 336 - 338 - 344 - 345 - 352 - 355 - 360 - 364 - 368 - 369 - 370 - 372 - 387 - 388 - 389 - 391 - 393 - 401 - 402 - 403 - 409 - 414 - 415 - 416 - 419 - 422 - 425 - 427 - 437 - 441 - 442 - 449 - 451 - 452 - 465 - 475 - 476 - 480 - 482 - 495 - 499,3791895.4,22.1,77190,61160,38.96,Cost: 77190 & Capacity: 61160
15 - 29 - 33 - 37 - 44 - 47 - 48 - 50 - 53 - 55 - 61 - 64 - 67 - 72 - 76 - 77 - 81 - 84 - 85 - 86 - 89 - 91 - 99 - 111 - 116 - 119 - 125 - 138 - 146 - 148 - 149 - 154 - 160 - 161 - 164 - 166 - 168 - 176 - 179 - 188 - 190 - 192 - 193 - 194 - 202 - 204 - 210 - 215 - 217 - 221 - 223 - 224 - 232 - 233 - 235 - 237 - 240 - 246 - 248 - 251 - 252 - 261 - 263 - 265 - 272 - 275 - 276 - 277 - 281 - 285 - 287 - 294 - 298 - 299 - 307 - 316 - 320 - 323 - 326 - 331 - 335 - 336 - 338 - 344 - 345 - 352 - 355 - 360 - 364 - 368 - 369 - 370 - 372 - 387 - 388 - 389 - 391 - 393 - 401 - 402 - 403 - 409 - 414 - 415 - 416 - 419 - 422 - 425 - 427 - 437 - 441 - 442 - 449 - 451 - 452 - 465 - 475 - 476 - 480 - 482 - 488 - 495 - 499,3853693.6,21.3,77362,61259,38.96,Cost: 77362 & Capacity: 61259
5 - 12 - 18 - 21 - 22 - 25 - 36 - 44 - 53 - 64 - 68 - 72 - 75 - 78 - 81 - 83 - 84 - 87 - 88 - 92 - 94 - 95 - 99 - 104 - 105 - 107 - 111 - 115 - 117 - 118 - 120 - 122 - 127 - 128 - 136 - 137 - 142 - 144 - 145 - 147 - 151 - 152 - 155 - 156 - 158 - 161 - 163 - 164 - 166 - 170 - 176 - 178 - 180 - 188 - 190 - 192 - 198 - 202 - 203 - 207 - 212 - 215 - 217 - 224 - 227 - 228 - 229 - 231 - 232 - 233 - 234 - 235 - 237 - 238 - 239 - 241 - 246 - 247 - 251 - 252 - 255 - 261 - 263 - 266 - 269 - 272 - 273 - 275 - 277 - 279 - 284 - 285 - 286 - 287 - 290 - 292 - 293 - 301 - 302 - 303 - 304 - 306 - 311 - 312 - 315 - 316 - 322 - 323 - 324 - 327 - 330 - 331 - 332 - 333 - 336 - 338 - 349 - 352 - 355 - 362 - 364 - 366 - 369 - 372 - 373 - 374 - 375 - 381 - 382 - 384 - 385 - 387 - 389 - 390 - 391 - 392 - 393 - 395 - 397 - 399 - 403 - 404 - 406 - 407 - 409 - 411 - 413 - 418 - 419 - 420 - 421 - 423 - 425 - 427 - 428 - 430 - 432 - 433 - 434 - 436 - 437 - 438 - 459 - 460 - 463 - 465 - 468 - 470 - 471 - 473 - 474 - 476 - 477 - 478 - 480 - 485 - 489 - 490 - 494 - 495 - 497 - 499,8405672.2,9.8,98002,83947,39.86,Cost: 98002 & Capacity: 83947
0 - 2 - 4 - 9 - 10 - 11 - 12 - 13 - 15 - 16 - 17 - 20 - 21 - 25 - 28 - 36 - 37 - 38 - 42 - 44 - 45 - 50 - 51 - 53 - 54 - 56 - 58 - 60 - 61 - 62 - 63 - 64 - 65 - 67 - 68 - 69 - 71 - 72 - 75 - 76 - 78 - 80 - 84 - 86 - 87 - 90 - 91 - 94 - 95 - 96 - 97 - 98 - 99 - 100 - 103 - 105 - 107 - 108 - 109 - 110 - 111 - 113 - 114 - 115 - 116 - 118 - 120 - 123 - 124 - 125 - 128 - 129 - 131 - 132 - 135 - 137 - 139 - 140 - 142 - 144 - 145 - 146 - 147 - 148 - 150 - 151 - 152 - 154 - 155 - 157 - 158 - 159 - 160 - 163 - 164 - 165 - 166 - 167 - 170 - 174 - 175 - 178 - 179 - 180 - 181 - 182 - 183 - 184 - 185 - 186 - 187 - 188 - 189 - 190 - 192 - 193 - 195 - 197 - 203 - 204 - 210 - 211 - 212 - 214 - 216 - 217 - 218 - 221 - 225 - 228 - 229 - 230 - 231 - 233 - 235 - 237 - 238 - 239 - 241 - 242 - 246 - 248 - 250 - 254 - 255 - 257 - 258 - 259 - 262 - 263 - 266 - 267 - 268 - 269 - 270 - 272 - 274 - 275 - 276 - 277 - 280 - 281 - 283 - 284 - 288 - 289 - 290 - 292 - 294 - 295 - 297 - 299 - 300 - 301 - 302 - 303 - 305 - 306 - 307 - 309 - 311 - 312 - 313 - 316 - 318 - 321 - 322 - 323 - 324 - 325 - 327 - 328 - 329 - 331 - 333 - 337 - 338 - 343 - 344 - 347 - 349 - 354 - 355 - 356 - 360 - 362 - 363 - 364 - 365 - 366 - 369 - 370 - 371 - 372 - 373 - 374 - 375 - 377 - 379 - 380 - 382 - 384 - 385 - 387 - 388 - 389 - 390 - 392 - 393 - 397 - 400 - 402 - 404 - 405 - 406 - 409 - 411 - 413 - 414 - 415 - 416 - 418 - 419 - 420 - 421 - 422 - 424 - 426 - 427 - 428 - 429 - 430 - 432 - 434 - 435 - 436 - 437 - 438 - 440 - 441 - 442 - 445 - 446 - 448 - 450 - 454 - 456 - 460 - 463 - 464 - 468 - 469 - 470 - 471 - 472 - 473 - 474 - 476 - 477 - 480 - 481 - 485 - 488 - 490 - 492 - 494 - 495 - 496,20819685.3,0.0,98261,100816,40.92,Cost: 98261 & Capacity: 100816
0 - 4 - 10 - 12 - 13 - 16 - 22 - 25 - 34 - 36 - 43 - 44 - 45 - 50 - 52 - 53 - 54 - 60 - 61 - 64 - 68 - 69 - 72 - 75 - 79 - 80 - 81 - 86 - 87 - 92 - 94 - 96 - 98 - 99 - 100 - 107 - 110 - 111 - 118 - 120 - 122 - 123 - 126 - 127 - 128 - 132 - 133 - 134 - 136 - 137 - 144 - 146 - 147 - 154 - 157 - 158 - 159 - 161 - 162 - 163 - 164 - 166 - 168 - 170 - 171 - 175 - 178 - 179 - 181 - 184 - 185 - 187 - 188 - 189 - 194 - 195 - 201 - 203 - 204 - 207 - 209 - 210 - 211 - 212 - 217 - 218 - 221 - 223 - 225 - 230 - 231 - 235 - 238 - 242 - 246 - 247 - 249 - 251 - 252 - 254 - 257 - 261 - 262 - 266 - 267 - 270 - 271 - 273 - 277 - 283 - 284 - 285 - 287 - 288 - 289 - 290 - 292 - 298 - 300 - 302 - 303 - 304 - 305 - 306 - 307 - 308 - 309 - 312 - 315 - 316 - 322 - 323 - 324 - 328 - 333 - 336 - 337 - 338 - 341 - 344 - 347 - 354 - 362 - 366 - 370 - 372 - 374 - 375 - 382 - 383 - 385 - 387 - 388 - 390 - 392 - 393 - 395 - 397 - 399 - 400 - 403 - 406 - 407 - 410 - 416 - 418 - 419 - 423 - 427 - 428 - 429 - 430 - 432 - 434 - 436 - 437 - 438 - 442 - 448 - 454 - 459 - 468 - 470 - 471 - 472 - 474 - 476 - 477 - 478 - 480 - 482 - 485 - 488 - 489 - 492 - 494 - 496 - 497,9847432.1,8.7,92681,80475,43.03,Cost: 92681 & Capacity: 80475
0 - 10 - 29 - 35 - 39 - 44 - 47 - 48 - 57 - 59 - 69 - 81 - 86 - 87 - 95 - 101 - 104 - 107 - 111 - 115 - 122 - 123 - 128 - 134 - 137 - 138 - 145 - 152 - 172 - 177 - 180 - 186 - 188 - 192 - 194 - 196 - 199 - 207 - 214 - 215 - 219 - 221 - 223 - 224 - 227 - 231 - 232 - 246 - 247 - 249 - 251 - 255 - 262 - 263 - 266 - 273 - 277 - 278 - 283 - 285 - 286 - 292 - 298 - 306 - 310 - 315 - 319 - 329 - 341 - 348 - 352 - 360 - 362 - 372 - 373 - 382 - 388 - 414 - 416 - 421 - 431 - 435 - 438 - 440 - 441 - 444 - 449 - 451 - 452 - 467 - 472 - 480 - 489 - 493 - 497,2323129.7,31.4,67762,52770,45.79,Cost: 67762 & Capacity: 52770
0 - 10 - 29 - 34 - 35 - 39 - 44 - 47 - 48 - 57 - 58 - 59 - 66 - 68 - 69 - 75 - 81 - 86 - 87 - 95 - 101 - 104 - 107 - 111 - 115 - 122 - 123 - 128 - 129 - 133 - 134 - 136 - 137 - 138 - 144 - 145 - 147 - 152 - 168 - 172 - 176 - 177 - 180 - 186 - 188 - 192 - 194 - 196 - 199 - 202 - 207 - 214 - 215 - 219 - 221 - 223 - 224 - 227 - 231 - 232 - 241 - 246 - 247 - 249 - 251 - 255 - 262 - 263 - 266 - 267 - 273 - 277 - 278 - 283 - 285 - 286 - 287 - 292 - 298 - 306 - 310 - 315 - 319 - 329 - 331 - 336 - 341 - 345 - 348 - 352 - 360 - 361 - 362 - 366 - 370 - 372 - 373 - 382 - 388 - 391 - 403 - 414 - 416 - 421 - 422 - 431 - 435 - 438 - 440 - 441 - 442 - 444 - 449 - 451 - 452 - 465 - 467 - 472 - 480 - 489 - 493 - 497 - 498,3862589.1,20.7,89059,69233,45.78,Cost: 89059 & Capacity: 69233
0 - 4 - 9 - 10 - 11 - 12 - 13 - 16 - 21 - 29 - 37 - 38 - 39 - 44 - 45 - 49 - 50 - 51 - 53 - 54 - 60 - 61 - 63 - 64 - 65 - 68 - 69 - 72 - 75 - 79 - 80 - 81 - 84 - 86 - 87 - 90 - 91 - 94 - 95 - 96 - 97 - 98 - 99 - 100 - 105 - 106 - 107 - 108 - 110 - 111 - 113 - 114 - 115 - 116 - 118 - 120 - 123 - 124 - 127 - 128 - 132 - 135 - 136 - 137 - 139 - 140 - 142 - 144 - 145 - 146 - 147 - 149 - 150 - 152 - 153 - 154 - 156 - 157 - 158 - 159 - 160 - 161 - 162 - 163 - 164 - 166 - 170 - 171 - 174 - 175 - 176 - 178 - 179 - 181 - 183 - 184 - 185 - 186 - 187 - 188 - 189 - 190 - 192 - 193 - 195 - 201 - 204 - 210 - 211 - 212 - 215 - 217 - 220 - 221 - 223 - 225 - 230 - 231 - 233 - 235 - 237 - 238 - 246 - 247 - 254 - 255 - 257 - 258 - 259 - 262 - 266 - 267 - 269 - 270 - 272 - 273 - 277 - 281 - 283 - 284 - 288 - 289 - 290 - 292 - 294 - 297 - 300 - 301 - 302 - 303 - 305 - 306 - 312 - 313 - 314 - 316 - 317 - 318 - 321 - 322 - 323 - 324 - 325 - 326 - 328 - 330 - 331 - 333 - 336 - 337 - 338 - 342 - 347 - 356 - 358 - 360 - 362 - 363 - 366 - 370 - 371 - 372 - 374 - 375 - 377 - 380 - 382 - 383 - 388 - 389 - 390 - 392 - 393 - 395 - 397 - 398 - 400 - 401 - 403 - 406 - 407 - 409 - 410 - 411 - 415 - 416 - 418 - 419 - 420 - 423 - 424 - 426 - 427 - 428 - 429 - 430 - 432 - 434 - 435 - 436 - 437 - 438 - 441 - 442 - 450 - 454 - 459 - 460 - 462 - 464 - 465 - 468 - 470 - 471 - 472 - 474 - 476 - 477 - 480 - 481 - 484 - 485 - 488 - 491 - 492 - 494 - 495 - 496 - 497 - 499,15702660.4,3.0,98244,95604,49.28,Cost: 98244 & Capacity: 95604
0 - 2 - 4 - 9 - 10 - 11 - 12 - 13 - 15 - 16 - 17 - 20 - 21 - 25 - 28 - 36 - 37 - 38 - 42 - 44 - 45 - 50 - 51 - 53 - 54 - 56 - 58 - 60 - 61 - 62 - 63 - 64 - 65 - 67 - 68 - 69 - 71 - 72 - 75 - 76 - 78 - 80 - 84 - 86 - 87 - 90 - 91 - 94 - 95 - 96 - 97 - 98 - 99 - 100 - 103 - 105 - 107 - 108 - 109 - 110 - 111 - 113 - 114 - 115 - 116 - 118 - 120 - 123 - 124 - 125 - 128 - 129 - 131 - 132 - 135 - 137 - 139 - 140 - 142 - 144 - 145 - 146 - 147 - 148 - 150 - 151 - 152 - 154 - 155 - 157 - 158 - 159 - 160 - 163 - 164 - 165 - 166 - 167 - 170 - 174 - 175 - 178 - 179 - 180 - 181 - 182 - 183 - 184 - 185 - 186 - 187 - 188 - 189 - 190 - 192 - 193 - 195 - 197 - 203 - 204 - 210 - 211 - 212 - 214 - 216 - 217 - 218 - 221 - 225 - 228 - 229 - 230 - 231 - 233 - 235 - 237 - 238 - 239 - 241 - 242 - 246 - 248 - 250 - 254 - 255 - 257 - 258 - 259 - 262 - 263 - 266 - 267 - 268 - 269 - 270 - 272 - 274 - 275 - 276 - 277 - 280 - 281 - 283 - 284 - 288 - 289 - 290 - 292 - 294 - 295 - 297 - 299 - 300 - 301 - 302 - 303 - 305 - 306 - 307 - 309 - 311 - 312 - 313 - 316 - 318 - 321 - 322 - 323 - 324 - 325 - 327 - 328 - 329 - 331 - 333 - 337 - 338 - 343 - 344 - 347 - 349 - 354 - 355 - 356 - 360 - 362 - 363 - 364 - 365 - 366 - 369 - 370 - 371 - 372 - 373 - 374 - 375 - 377 - 379 - 380 - 382 - 384 - 385 - 387 - 388 - 389 - 390 - 392 - 393 - 397 - 400 - 402 - 404 - 405 - 406 - 409 - 411 - 413 - 414 - 415 - 416 - 418 - 419 - 420 - 421 - 422 - 424 - 426 - 427 - 428 - 429 - 430 - 432 - 434 - 435 - 436 - 437 - 438 - 440 - 441 - 442 - 445 - 446 - 448 - 450 - 454 - 456 - 460 - 463 - 464 - 468 - 469 - 470 - 471 - 472 - 473 - 474 - 476 - 477 - 480 - 481 - 485 - 488 - 490 - 492 - 494 - 495 - 496,20819685.3,0.0,98261,100816,50.23,Cost: 98261 & Capacity: 100816
0 - 5 - 9 - 12 - 15 - 21 - 25 - 28 - 33 - 36 - 37 - 44 - 45 - 50 - 53 - 60 - 64 - 67 - 68 - 72 - 75 - 80 - 81 - 83 - 95 - 99 - 105 - 107 - 110 - 118 - 127 - 136 - 139 - 140 - 143 - 144 - 146 - 147 - 150 - 154 - 158 - 162 - 163 - 164 - 166 - 170 - 171 - 178 - 179 - 181 - 189 - 190 - 194 - 198 - 207 - 211 - 212 - 215 - 217 - 218 - 223 - 225 - 227 - 229 - 231 - 232 - 233 - 234 - 235 - 246 - 252 - 255 - 260 - 266 - 269 - 271 - 273 - 277 - 279 - 283 - 284 - 285 - 286 - 287 - 290 - 292 - 294 - 295 - 299 - 302 - 303 - 304 - 306 - 308 - 309 - 312 - 315 - 316 - 321 - 322 - 323 - 324 - 326 - 328 - 330 - 332 - 333 - 336 - 337 - 338 - 340 - 341 - 342 - 347 - 349 - 350 - 352 - 355 - 356 - 361 - 362 - 366 - 371 - 372 - 373 - 374 - 376 - 381 - 382 - 384 - 385 - 387 - 388 - 390 - 391 - 392 - 393 - 395 - 397 - 403 - 404 - 406 - 410 - 411 - 413 - 418 - 419 - 423 - 424 - 426 - 427 - 430 - 431 - 433 - 434 - 437 - 438 - 440 - 442 - 443 - 446 - 450 - 458 - 459 - 460 - 464 - 465 - 468 - 470 - 472 - 474 - 477 - 478 - 480 - 484 - 485 - 488 - 489 - 492 - 494 - 496 - 497 - 499,8554479.1,9.7,98241,83226,50.6,Cost: 98241 & Capacity: 83226
4 - 8 - 14 - 18 - 23 - 31 - 35 - 39 - 40 - 41 - 47 - 55 - 59 - 61 - 62 - 68 - 78 - 81 - 84 - 87 - 88 - 104 - 105 - 115 - 116 - 119 - 122 - 129 - 138 - 143 - 144 - 145 - 149 - 163 - 165 - 170 - 182 - 185 - 189 - 199 - 202 - 212 - 213 - 217 - 219 - 223 - 224 - 227 - 231 - 232 - 237 - 240 - 241 - 248 - 249 - 255 - 256 - 261 - 264 - 278 - 279 - 284 - 287 - 298 - 319 - 323 - 330 - 334 - 335 - 336 - 350 - 359 - 361 - 364 - 369 - 374 - 381 - 382 - 385 - 386 - 387 - 391 - 394 - 398 - 409 - 422 - 423 - 429 - 431 - 438 - 440 - 441 - 443 - 455 - 457 - 458 - 475 - 492 - 494 - 499,2567195.7,29.9,80579,61537,51.7,Cost: 80579 & Capacity: 61537
0 - 7 - 12 - 13 - 15 - 28 - 29 - 45 - 50 - 53 - 59 - 63 - 64 - 67 - 68 - 72 - 73 - 76 - 81 - 83 - 84 - 86 - 91 - 95 - 96 - 100 - 105 - 107 - 114 - 116 - 117 - 119 - 122 - 125 - 136 - 138 - 141 - 143 - 144 - 146 - 148 - 150 - 153 - 161 - 162 - 166 - 170 - 172 - 175 - 178 - 179 - 187 - 189 - 194 - 210 - 217 - 218 - 219 - 221 - 233 - 235 - 246 - 248 - 254 - 258 - 259 - 265 - 270 - 271 - 273 - 275 - 277 - 282 - 283 - 287 - 290 - 292 - 296 - 299 - 308 - 324 - 325 - 328 - 333 - 338 - 344 - 353 - 354 - 364 - 366 - 370 - 375 - 378 - 382 - 388 - 391 - 392 - 393 - 394 - 400 - 403 - 407 - 411 - 413 - 415 - 419 - 425 - 427 - 429 - 434 - 436 - 438 - 440 - 443 - 444 - 448 - 451 - 458 - 461 - 464 - 476 - 488 - 489 - 493 - 494,4064312.9,20.2,72426,55665,51.86,Cost: 72426 & Capacity: 55665
0 - 2 - 4 - 9 - 10 - 11 - 12 - 13 - 15 - 16 - 17 - 20 - 21 - 25 - 28 - 36 - 37 - 38 - 42 - 44 - 45 - 50 - 51 - 53 - 54 - 56 - 58 - 60 - 61 - 62 - 63 - 64 - 65 - 67 - 68 - 69 - 71 - 72 - 75 - 76 - 78 - 80 - 84 - 86 - 87 - 90 - 91 - 94 - 95 - 96 - 97 - 98 - 99 - 100 - 103 - 105 - 107 - 108 - 109 - 110 - 111 - 113 - 114 - 115 - 116 - 118 - 120 - 123 - 124 - 125 - 128 - 129 - 131 - 132 - 135 - 137 - 139 - 140 - 142 - 144 - 145 - 146 - 147 - 148 - 150 - 151 - 152 - 154 - 155 - 157 - 158 - 159 - 160 - 163 - 164 - 165 - 166 - 167 - 170 - 174 - 175 - 178 - 179 - 180 - 181 - 182 - 183 - 184 - 185 - 186 - 187 - 188 - 189 - 190 - 192 - 193 - 195 - 197 - 203 - 204 - 210 - 211 - 212 - 214 - 216 - 217 - 218 - 221 - 225 - 228 - 229 - 230 - 231 - 233 - 235 - 237 - 238 - 239 - 241 - 242 - 246 - 248 - 250 - 254 - 255 - 257 - 258 - 259 - 262 - 263 - 266 - 267 - 268 - 269 - 270 - 272 - 274 - 275 - 276 - 277 - 280 - 281 - 283 - 284 - 288 - 289 - 290 - 292 - 294 - 295 - 297 - 299 - 300 - 301 - 302 - 303 - 305 - 306 - 307 - 309 - 311 - 312 - 313 - 316 - 318 - 321 - 322 - 323 - 324 - 325 - 327 - 328 - 329 - 331 - 333 - 337 - 338 - 343 - 344 - 347 - 349 - 354 - 355 - 356 - 360 - 362 - 363 - 364 - 365 - 366 - 369 - 370 - 371 - 372 - 373 - 374 - 375 - 377 - 379 - 380 - 382 - 384 - 385 - 387 - 388 - 389 - 390 - 392 - 393 - 397 - 400 - 402 - 404 - 405 - 406 - 409 - 411 - 413 - 414 - 415 - 416 - 418 - 419 - 420 - 421 - 422 - 424 - 426 - 427 - 428 - 429 - 430 - 432 - 434 - 435 - 436 - 437 - 438 - 440 - 441 - 442 - 445 - 446 - 448 - 450 - 454 - 456 - 460 - 463 - 464 - 468 - 469 - 470 - 471 - 472 - 473 - 474 - 476 - 477 - 480 - 481 - 485 - 488 - 490 - 492 - 494 - 495 - 496,20819685.3,0.0,98261,100816,54.1,Cost: 98261 & Capacity: 100816
0 - 5 - 9 - 12 - 17 - 18 - 21 - 22 - 25 - 36 - 38 - 42 - 44 - 53 - 60 - 64 - 67 - 69 - 72 - 75 - 80 - 81 - 90 - 94 - 95 - 98 - 99 - 101 - 107 - 110 - 117 - 118 - 120 - 127 - 128 - 130 - 136 - 144 - 147 - 148 - 152 - 155 - 156 - 158 - 159 - 160 - 162 - 164 - 166 - 170 - 178 - 180 - 189 - 190 - 198 - 199 - 203 - 207 - 209 - 213 - 217 - 218 - 227 - 228 - 229 - 231 - 232 - 233 - 234 - 235 - 237 - 238 - 239 - 246 - 247 - 252 - 255 - 259 - 261 - 262 - 265 - 266 - 269 - 271 - 272 - 273 - 277 - 278 - 279 - 284 - 285 - 287 - 288 - 292 - 294 - 299 - 301 - 302 - 306 - 307 - 318 - 323 - 327 - 330 - 331 - 333 - 336 - 338 - 343 - 345 - 347 - 349 - 351 - 352 - 358 - 361 - 366 - 369 - 371 - 372 - 373 - 374 - 375 - 381 - 382 - 384 - 385 - 387 - 388 - 389 - 390 - 391 - 392 - 393 - 395 - 399 - 400 - 403 - 404 - 406 - 408 - 409 - 411 - 412 - 413 - 415 - 416 - 419 - 422 - 423 - 427 - 428 - 429 - 430 - 431 - 432 - 433 - 434 - 436 - 437 - 438 - 440 - 442 - 444 - 446 - 459 - 460 - 464 - 465 - 470 - 471 - 472 - 474 - 477 - 478 - 485 - 488 - 489 - 490 - 494 - 497 - 499,8400994.1,9.9,98070,80123,55.11,Cost: 98070 & Capacity: 80123
3 - 9 - 12 - 17 - 18 - 22 - 25 - 26 - 32 - 36 - 38 - 42 - 44 - 53 - 61 - 67 - 72 - 73 - 75 - 81 - 84 - 88 - 95 - 97 - 99 - 105 - 107 - 117 - 126 - 127 - 128 - 136 - 139 - 143 - 144 - 145 - 148 - 152 - 155 - 156 - 158 - 159 - 163 - 164 - 166 - 168 - 178 - 187 - 189 - 192 - 203 - 209 - 213 - 215 - 218 - 219 - 224 - 227 - 228 - 232 - 233 - 235 - 237 - 238 - 239 - 247 - 248 - 249 - 251 - 252 - 259 - 261 - 265 - 271 - 272 - 273 - 277 - 284 - 285 - 287 - 292 - 294 - 298 - 301 - 303 - 304 - 317 - 318 - 319 - 323 - 327 - 330 - 331 - 333 - 334 - 336 - 341 - 343 - 345 - 349 - 352 - 361 - 366 - 369 - 371 - 372 - 373 - 374 - 375 - 376 - 381 - 384 - 385 - 387 - 388 - 389 - 392 - 395 - 397 - 403 - 404 - 409 - 413 - 415 - 418 - 421 - 423 - 427 - 431 - 432 - 433 - 436 - 440 - 446 - 449 - 453 - 459 - 460 - 464 - 468 - 470 - 472 - 474 - 477 - 485 - 488 - 490 - 494 - 499,5593151.3,15.9,93345,74225,55.12,Cost: 93345 & Capacity: 74225
0 - 2 - 4 - 9 - 10 - 11 - 12 - 13 - 15 - 16 - 17 - 20 - 21 - 28 - 34 - 36 - 37 - 38 - 42 - 44 - 45 - 50 - 51 - 53 - 54 - 56 - 58 - 59 - 60 - 61 - 62 - 63 - 64 - 65 - 67 - 68 - 69 - 71 - 72 - 75 - 76 - 78 - 80 - 84 - 86 - 87 - 90 - 91 - 94 - 95 - 96 - 97 - 98 - 99 - 100 - 103 - 105 - 107 - 108 - 109 - 110 - 111 - 113 - 114 - 115 - 116 - 118 - 120 - 123 - 124 - 125 - 128 - 129 - 131 - 132 - 135 - 137 - 140 - 142 - 144 - 145 - 146 - 147 - 148 - 150 - 151 - 152 - 154 - 155 - 158 - 159 - 160 - 163 - 164 - 165 - 166 - 167 - 170 - 174 - 175 - 178 - 179 - 180 - 181 - 182 - 183 - 184 - 185 - 186 - 187 - 188 - 189 - 190 - 192 - 193 - 195 - 197 - 200 - 203 - 204 - 210 - 211 - 212 - 214 - 215 - 216 - 217 - 218 - 221 - 225 - 228 - 229 - 230 - 231 - 233 - 235 - 237 - 238 - 239 - 241 - 242 - 246 - 248 - 250 - 254 - 255 - 257 - 258 - 259 - 262 - 263 - 266 - 267 - 268 - 269 - 270 - 272 - 274 - 275 - 276 - 277 - 280 - 281 - 283 - 284 - 288 - 289 - 290 - 292 - 294 - 295 - 297 - 299 - 300 - 301 - 302 - 303 - 305 - 306 - 307 - 309 - 311 - 312 - 313 - 316 - 318 - 322 - 323 - 324 - 325 - 327 - 328 - 329 - 331 - 333 - 335 - 337 - 338 - 343 - 344 - 347 - 349 - 354 - 355 - 356 - 360 - 362 - 363 - 364 - 365 - 366 - 369 - 370 - 371 - 372 - 373 - 374 - 375 - 377 - 379 - 380 - 382 - 384 - 385 - 387 - 388 - 389 - 390 - 392 - 393 - 397 - 400 - 402 - 404 - 405 - 406 - 409 - 411 - 413 - 414 - 415 - 416 - 418 - 419 - 420 - 421 - 422 - 424 - 426 - 427 - 428 - 429 - 430 - 432 - 434 - 435 - 437 - 438 - 440 - 441 - 442 - 445 - 446 - 448 - 450 - 454 - 456 - 458 - 460 - 463 - 464 - 466 - 468 - 469 - 470 - 472 - 473 - 474 - 476 - 477 - 480 - 481 - 485 - 488 - 490 - 492 - 494 - 495 - 496,20902077.8,0.0,98257,100637,55.43,Cost: 98257 & Capacity: 100637
0 - 2 - 4 - 9 - 10 - 11 - 12 - 13 - 15 - 16 - 17 - 20 - 21 - 25 - 28 - 36 - 37 - 38 - 42 - 44 - 45 - 50 - 51 - 53 - 54 - 56 - 58 - 60 - 61 - 62 - 63 - 64 - 65 - 67 - 68 - 69 - 71 - 72 - 75 - 76 - 78 - 80 - 84 - 86 - 87 - 90 - 91 - 94 - 95 - 96 - 97 - 98 - 99 - 100 - 103 - 105 - 107 - 108 - 109 - 110 - 111 - 113 - 114 - 115 - 116 - 118 - 120 - 123 - 124 - 125 - 128 - 129 - 131 - 132 - 135 - 137 - 139 - 140 - 142 - 144 - 145 - 146 - 147 - 148 - 150 - 151 - 152 - 154 - 155 - 157 - 158 - 159 - 160 - 163 - 164 - 165 - 166 - 167 - 170 - 174 - 175 - 178 - 179 - 180 - 181 - 182 - 183 - 184 - 185 - 186 - 187 - 188 - 189 - 190 - 192 - 193 - 195 - 197 - 203 - 204 - 210 - 211 - 212 - 214 - 216 - 217 - 218 - 221 - 225 - 228 - 229 - 230 - 231 - 233 - 235 - 237 - 238 - 239 - 241 - 242 - 246 - 248 - 250 - 254 - 255 - 257 - 258 - 259 - 262 - 263 - 266 - 267 - 268 - 269 - 270 - 272 - 274 - 275 - 276 - 277 - 280 - 281 - 283 - 284 - 288 - 289 - 290 - 292 - 294 - 295 - 297 - 299 - 300 - 301 - 302 - 303 - 305 - 306 - 307 - 309 - 311 - 312 - 313 - 316 - 318 - 321 - 322 - 323 - 324 - 325 - 327 - 328 - 329 - 331 - 333 - 337 - 338 - 343 - 344 - 347 - 349 - 354 - 355 - 356 - 360 - 362 - 363 - 364 - 365 - 366 - 369 - 370 - 371 - 372 - 373 - 374 - 375 - 377 - 379 - 380 - 382 - 384 - 385 - 387 - 388 - 389 - 390 - 392 - 393 - 397 - 400 - 402 - 404 - 405 - 406 - 409 - 411 - 413 - 414 - 415 - 416 - 418 - 419 - 420 - 421 - 422 - 424 - 426 - 427 - 428 - 429 - 430 - 432 - 434 - 435 - 436 - 437 - 438 - 440 - 441 - 442 - 445 - 446 - 448 - 450 - 454 - 456 - 460 - 463 - 464 - 468 - 469 - 470 - 471 - 472 - 473 - 474 - 476 - 477 - 480 - 481 - 485 - 488 - 490 - 492 - 494 - 495 - 496,20819685.3,0.0,98261,100816,55.49,Cost: 98261 & Capacity: 100816
0 - 2 - 4 - 9 - 10 - 11 - 13 - 14 - 15 - 16 - 17 - 20 - 21 - 34 - 35 - 36 - 37 - 42 - 43 - 44 - 45 - 50 - 51 - 53 - 54 - 56 - 60 - 61 - 62 - 63 - 64 - 65 - 67 - 68 - 69 - 71 - 72 - 75 - 78 - 80 - 84 - 86 - 87 - 90 - 91 - 93 - 94 - 95 - 97 - 98 - 99 - 100 - 103 - 105 - 107 - 108 - 109 - 110 - 111 - 113 - 114 - 115 - 116 - 118 - 120 - 123 - 124 - 125 - 128 - 131 - 132 - 136 - 137 - 139 - 142 - 144 - 145 - 146 - 147 - 148 - 150 - 151 - 152 - 154 - 155 - 156 - 158 - 159 - 160 - 161 - 163 - 164 - 165 - 166 - 167 - 174 - 175 - 179 - 181 - 182 - 183 - 184 - 185 - 186 - 188 - 189 - 190 - 192 - 193 - 195 - 197 - 201 - 203 - 204 - 210 - 212 - 216 - 217 - 218 - 221 - 223 - 225 - 229 - 230 - 231 - 233 - 235 - 238 - 239 - 241 - 242 - 246 - 247 - 248 - 250 - 255 - 257 - 258 - 259 - 262 - 266 - 267 - 270 - 272 - 274 - 276 - 277 - 280 - 281 - 283 - 284 - 288 - 289 - 290 - 292 - 294 - 297 - 299 - 300 - 301 - 302 - 303 - 305 - 306 - 307 - 309 - 312 - 315 - 316 - 318 - 321 - 322 - 323 - 324 - 325 - 328 - 329 - 331 - 333 - 334 - 335 - 337 - 338 - 342 - 343 - 344 - 347 - 349 - 354 - 355 - 356 - 358 - 360 - 362 - 364 - 366 - 369 - 370 - 372 - 373 - 374 - 375 - 379 - 382 - 383 - 385 - 388 - 389 - 390 - 392 - 393 - 397 - 398 - 400 - 404 - 405 - 406 - 411 - 413 - 414 - 415 - 416 - 418 - 419 - 420 - 421 - 424 - 426 - 427 - 428 - 429 - 430 - 431 - 432 - 434 - 435 - 438 - 440 - 441 - 442 - 446 - 448 - 450 - 454 - 460 - 463 - 464 - 468 - 469 - 470 - 472 - 474 - 476 - 477 - 480 - 481 - 485 - 488 - 492 - 494 - 495 - 496 - 499,17328738.4,0.6,92546,102734,57.31,Cost: 92546 & Capacity: 102734
0 - 4 - 9 - 10 - 12 - 13 - 16 - 25 - 36 - 37 - 38 - 42 - 44 - 45 - 50 - 51 - 53 - 54 - 60 - 61 - 63 - 64 - 67 - 68 - 69 - 72 - 75 - 79 - 80 - 81 - 84 - 86 - 87 - 90 - 91 - 94 - 95 - 96 - 97 - 98 - 99 - 100 - 105 - 107 - 108 - 109 - 110 - 111 - 114 - 115 - 116 - 118 - 123 - 124 - 126 - 127 - 128 - 131 - 132 - 135 - 136 - 137 - 139 - 142 - 144 - 145 - 146 - 147 - 148 - 149 - 150 - 152 - 154 - 156 - 157 - 158 - 159 - 160 - 161 - 162 - 163 - 164 - 166 - 167 - 170 - 171 - 174 - 175 - 176 - 178 - 179 - 181 - 183 - 184 - 185 - 186 - 187 - 188 - 189 - 190 - 192 - 193 - 195 - 201 - 203 - 204 - 207 - 209 - 210 - 211 - 212 - 216 - 217 - 218 - 219 - 221 - 225 - 228 - 230 - 231 - 233 - 235 - 237 - 238 - 242 - 246 - 247 - 252 - 254 - 255 - 257 - 258 - 259 - 261 - 262 - 266 - 267 - 270 - 273 - 275 - 276 - 277 - 280 - 281 - 283 - 284 - 288 - 289 - 290 - 292 - 294 - 298 - 300 - 301 - 302 - 303 - 305 - 306 - 309 - 312 - 313 - 314 - 316 - 317 - 318 - 322 - 323 - 324 - 325 - 326 - 328 - 331 - 333 - 336 - 337 - 338 - 341 - 342 - 347 - 349 - 354 - 356 - 360 - 362 - 363 - 364 - 366 - 370 - 371 - 372 - 374 - 375 - 377 - 380 - 382 - 383 - 388 - 389 - 390 - 392 - 393 - 395 - 397 - 398 - 400 - 401 - 403 - 404 - 406 - 410 - 411 - 413 - 415 - 416 - 418 - 419 - 420 - 423 - 424 - 426 - 427 - 428 - 429 - 430 - 432 - 434 - 435 - 436 - 437 - 438 - 441 - 442 - 450 - 454 - 459 - 460 - 462 - 463 - 464 - 470 - 471 - 472 - 474 - 476 - 477 - 478 - 479 - 480 - 481 - 485 - 488 - 492 - 494 - 495 - 496 - 497 - 499,16589270.3,1.0,98243,93692,59.45,Cost: 98243 & Capacity: 93692
0 - 2 - 4 - 9 - 10 - 11 - 12 - 13 - 15 - 16 - 17 - 20 - 21 - 25 - 28 - 36 - 37 - 38 - 42 - 44 - 45 - 50 - 51 - 53 - 54 - 56 - 58 - 60 - 61 - 62 - 63 - 64 - 65 - 67 - 68 - 69 - 71 - 72 - 75 - 76 - 78 - 80 - 84 - 86 - 87 - 90 - 91 - 94 - 95 - 96 - 97 - 98 - 99 - 100 - 103 - 105 - 107 - 108 - 109 - 110 - 111 - 113 - 114 - 115 - 116 - 118 - 120 - 123 - 124 - 125 - 128 - 129 - 131 - 132 - 135 - 137 - 139 - 140 - 142 - 144 - 145 - 146 - 147 - 148 - 150 - 151 - 152 - 154 - 155 - 157 - 158 - 159 - 160 - 163 - 164 - 165 - 166 - 167 - 170 - 174 - 175 - 178 - 179 - 180 - 181 - 182 - 183 - 184 - 185 - 186 - 187 - 188 - 189 - 190 - 192 - 193 - 195 - 197 - 203 - 204 - 210 - 211 - 212 - 214 - 216 - 217 - 218 - 221 - 225 - 228 - 229 - 230 - 231 - 233 - 235 - 237 - 238 - 239 - 241 - 242 - 246 - 248 - 250 - 254 - 255 - 257 - 258 - 259 - 262 - 263 - 266 - 267 - 268 - 269 - 270 - 272 - 274 - 275 - 276 - 277 - 280 - 281 - 283 - 284 - 288 - 289 - 290 - 292 - 294 - 295 - 297 - 299 - 300 - 301 - 302 - 303 - 305 - 306 - 307 - 309 - 311 - 312 - 313 - 316 - 318 - 321 - 322 - 323 - 324 - 325 - 327 - 328 - 329 - 331 - 333 - 337 - 338 - 343 - 344 - 347 - 349 - 354 - 355 - 356 - 360 - 362 - 363 - 364 - 365 - 366 - 369 - 370 - 371 - 372 - 373 - 374 - 375 - 377 - 379 - 380 - 382 - 384 - 385 - 387 - 388 - 389 - 390 - 392 - 393 - 397 - 400 - 402 - 404 - 405 - 406 - 409 - 411 - 413 - 414 - 415 - 416 - 418 - 419 - 420 - 421 - 422 - 424 - 426 - 427 - 428 - 429 - 430 - 432 - 434 - 435 - 436 - 437 - 438 - 440 - 441 - 442 - 445 - 446 - 448 - 450 - 454 - 456 - 460 - 463 - 464 - 468 - 469 - 470 - 471 - 472 - 473 - 474 - 476 - 477 - 480 - 481 - 485 - 488 - 490 - 492 - 494 - 495 - 496,20819685.3,0.0,98261,100816,60.33,Cost: 98261 & Capacity: 100816
0 - 2 - 4 - 9 - 10 - 11 - 12 - 13 - 15 - 16 - 17 - 20 - 21 - 25 - 28 - 36 - 37 - 38 - 42 - 44 - 45 - 50 - 51 - 53 - 54 - 56 - 58 - 60 - 61 - 62 - 63 - 64 - 65 - 67 - 68 - 69 - 71 - 72 - 75 - 76 - 78 - 80 - 84 - 86 - 87 - 90 - 91 - 94 - 95 - 96 - 97 - 98 - 99 - 100 - 103 - 105 - 107 - 108 - 109 - 110 - 111 - 113 - 114 - 115 - 116 - 118 - 120 - 123 - 124 - 125 - 128 - 129 - 131 - 132 - 135 - 137 - 139 - 140 - 142 - 144 - 145 - 146 - 147 - 148 - 150 - 151 - 152 - 154 - 155 - 157 - 158 - 159 - 160 - 163 - 164 - 165 - 166 - 167 - 170 - 174 - 175 - 178 - 179 - 180 - 181 - 182 - 183 - 184 - 185 - 186 - 187 - 188 - 189 - 190 - 192 - 193 - 195 - 197 - 203 - 204 - 210 - 211 - 212 - 214 - 216 - 217 - 218 - 221 - 225 - 228 - 229 - 230 - 231 - 233 - 235 - 237 - 238 - 239 - 241 - 242 - 246 - 248 - 250 - 254 - 255 - 257 - 258 - 259 - 262 - 263 - 266 - 267 - 268 - 269 - 270 - 272 - 274 - 275 - 276 - 277 - 280 - 281 - 283 - 284 - 288 - 289 - 290 - 292 - 294 - 295 - 297 - 299 - 300 - 301 - 302 - 303 - 305 - 306 - 307 - 309 - 311 - 312 - 313 - 316 - 318 - 321 - 322 - 323 - 324 - 325 - 327 - 328 - 329 - 331 - 333 - 337 - 338 - 343 - 344 - 347 - 349 - 354 - 355 - 356 - 360 - 362 - 363 - 364 - 365 - 366 - 369 - 370 - 371 - 372 - 373 - 374 - 375 - 377 - 379 - 380 - 382 - 384 - 385 - 387 - 388 - 389 - 390 - 392 - 393 - 397 - 400 - 402 - 404 - 405 - 406 - 409 - 411 - 413 - 414 - 415 - 416 - 418 - 419 - 420 - 421 - 422 - 424 - 426 - 427 - 428 - 429 - 430 - 432 - 434 - 435 - 436 - 437 - 438 - 440 - 441 - 442 - 445 - 446 - 448 - 450 - 454 - 456 - 460 - 463 - 464 - 468 - 469 - 470 - 471 - 472 - 473 - 474 - 476 - 477 - 480 - 481 - 485 - 488 - 490 - 492 - 494 - 495 - 496,20819685.3,0.0,98261,100816,61.17,Cost: 98261 & Capacity: 100816
0 - 2 - 3 - 5 - 8 - 12 - 17 - 25 - 29 - 32 - 38 - 39 - 42 - 45 - 47 - 49 - 53 - 54 - 55 - 56 - 58 - 61 - 65 - 67 - 70 - 72 - 75 - 78 - 79 - 80 - 81 - 84 - 86 - 90 - 91 - 95 - 97 - 101 - 104 - 107 - 108 - 114 - 117 - 124 - 127 - 128 - 132 - 136 - 137 - 142 - 146 - 148 - 149 - 150 - 154 - 155 - 156 - 158 - 161 - 164 - 170 - 171 - 172 - 173 - 176 - 179 - 180 - 184 - 185 - 192 - 193 - 194 - 195 - 197 - 201 - 202 - 203 - 205 - 208 - 212 - 214 - 217 - 219 - 228 - 233 - 240 - 246 - 249 - 252 - 253 - 256 - 257 - 259 - 265 - 273 - 276 - 277 - 283 - 284 - 285 - 286 - 287 - 294 - 295 - 296 - 298 - 299 - 302 - 305 - 306 - 307 - 314 - 319 - 320 - 323 - 325 - 326 - 328 - 331 - 333 - 336 - 337 - 338 - 341 - 344 - 345 - 347 - 350 - 358 - 361 - 363 - 368 - 370 - 375 - 377 - 382 - 384 - 387 - 388 - 389 - 390 - 395 - 401 - 409 - 415 - 416 - 419 - 428 - 429 - 437 - 438 - 439 - 441 - 442 - 444 - 446 - 449 - 454 - 458 - 459 - 468 - 469 - 470 - 476 - 485 - 487 - 488 - 489 - 494 - 495,7325939.9,10.9,97840,79975,61.86,Cost: 97840 & Capacity: 79975
0 - 2 - 4 - 9 - 10 - 11 - 12 - 13 - 15 - 16 - 17 - 20 - 21 - 25 - 28 - 36 - 37 - 38 - 42 - 44 - 45 - 50 - 51 - 53 - 54 - 56 - 58 - 60 - 61 - 62 - 63 - 64 - 65 - 67 - 68 - 69 - 71 - 72 - 75 - 76 - 78 - 80 - 84 - 86 - 87 - 90 - 91 - 94 - 95 - 96 - 97 - 98 - 99 - 100 - 103 - 105 - 107 - 108 - 109 - 110 - 111 - 113 - 114 - 115 - 116 - 118 - 120 - 123 - 124 - 125 - 128 - 129 - 131 - 132 - 135 - 137 - 139 - 140 - 142 - 144 - 145 - 146 - 147 - 148 - 150 - 151 - 152 - 154 - 155 - 157 - 158 - 159 - 160 - 163 - 164 - 165 - 166 - 167 - 170 - 174 - 175 - 178 - 179 - 180 - 181 - 182 - 183 - 184 - 185 - 186 - 187 - 188 - 189 - 190 - 192 - 193 - 195 - 197 - 203 - 204 - 210 - 211 - 212 - 214 - 216 - 217 - 218 - 221 - 225 - 228 - 229 - 230 - 231 - 233 - 235 - 237 - 238 - 239 - 241 - 242 - 246 - 248 - 250 - 254 - 255 - 257 - 258 - 259 - 262 - 263 - 266 - 267 - 268 - 269 - 270 - 272 - 274 - 275 - 276 - 277 - 280 - 281 - 283 - 284 - 288 - 289 - 290 - 292 - 294 - 295 - 297 - 299 - 300 - 301 - 302 - 303 - 305 - 306 - 307 - 309 - 311 - 312 - 313 - 316 - 318 - 321 - 322 - 323 - 324 - 325 - 327 - 328 - 329 - 331 - 333 - 337 - 338 - 343 - 344 - 347 - 349 - 354 - 355 - 356 - 360 - 362 - 363 - 364 - 365 - 366 - 369 - 370 - 371 - 372 - 373 - 374 - 375 - 377 - 379 - 380 - 382 - 384 - 385 - 387 - 388 - 389 - 390 - 392 - 393 - 397 - 400 - 402 - 404 - 405 - 406 - 409 - 411 - 413 - 414 - 415 - 416 - 418 - 419 - 420 - 421 - 422 - 424 - 426 - 427 - 428 - 429 - 430 - 432 - 434 - 435 - 436 - 437 - 438 - 440 - 441 - 442 - 445 - 446 - 448 - 450 - 454 - 456 - 460 - 463 - 464 - 468 - 469 - 470 - 471 - 472 - 473 - 474 - 476 - 477 - 480 - 481 - 485 - 488 - 490 - 492 - 494 - 495 - 496,20819685.3,0.0,98261,100816,63.11,Cost: 98261 & Capacity: 100816
0 - 4 - 5 - 11 - 12 - 13 - 16 - 21 - 22 - 25 - 28 - 29 - 43 - 44 - 45 - 50 - 51 - 52 - 53 - 54 - 58 - 60 - 61 - 62 - 64 - 67 - 68 - 69 - 72 - 75 - 79 - 80 - 81 - 86 - 87 - 94 - 98 - 99 - 100 - 107 - 108 - 110 - 111 - 114 - 118 - 120 - 123 - 124 - 126 - 127 - 128 - 132 - 133 - 136 - 137 - 144 - 146 - 147 - 148 - 154 - 158 - 159 - 161 - 162 - 163 - 164 - 166 - 168 - 170 - 171 - 174 - 175 - 178 - 179 - 181 - 185 - 186 - 187 - 188 - 189 - 190 - 194 - 195 - 201 - 207 - 208 - 209 - 210 - 211 - 212 - 217 - 218 - 221 - 223 - 225 - 230 - 231 - 235 - 238 - 246 - 247 - 249 - 251 - 252 - 254 - 257 - 260 - 261 - 262 - 265 - 266 - 267 - 270 - 271 - 273 - 277 - 282 - 283 - 284 - 285 - 287 - 288 - 290 - 292 - 294 - 298 - 300 - 302 - 303 - 305 - 306 - 307 - 309 - 312 - 316 - 320 - 323 - 324 - 326 - 328 - 333 - 336 - 337 - 338 - 341 - 342 - 344 - 347 - 362 - 366 - 370 - 372 - 374 - 375 - 382 - 383 - 388 - 390 - 392 - 393 - 395 - 397 - 400 - 403 - 404 - 406 - 407 - 410 - 411 - 416 - 418 - 419 - 427 - 428 - 429 - 432 - 434 - 436 - 437 - 438 - 442 - 448 - 450 - 454 - 459 - 460 - 465 - 470 - 472 - 474 - 476 - 477 - 478 - 480 - 485 - 488 - 489 - 492 - 494 - 496 - 497 - 499,10274991.8,8.4,94976,83201,63.49,Cost: 94976 & Capacity: 83201
0 - 2 - 4 - 9 - 10 - 11 - 12 - 13 - 15 - 16 - 17 - 20 - 21 - 25 - 28 - 36 - 37 - 38 - 42 - 44 - 45 - 50 - 51 - 53 - 54 - 56 - 58 - 60 - 61 - 62 - 63 - 64 - 65 - 67 - 68 - 69 - 71 - 72 - 75 - 76 - 78 - 80 - 84 - 86 - 87 - 90 - 91 - 94 - 95 - 96 - 97 - 98 - 99 - 100 - 103 - 105 - 107 - 108 - 109 - 110 - 111 - 113 - 114 - 115 - 116 - 118 - 120 - 123 - 124 - 125 - 128 - 129 - 131 - 132 - 135 - 137 - 139 - 140 - 142 - 144 - 145 - 146 - 147 - 148 - 150 - 151 - 152 - 154 - 155 - 157 - 158 - 159 - 160 - 163 - 164 - 165 - 166 - 167 - 170 - 174 - 175 - 178 - 179 - 180 - 181 - 182 - 183 - 184 - 185 - 186 - 187 - 188 - 189 - 190 - 192 - 193 - 195 - 197 - 203 - 204 - 210 - 211 - 212 - 214 - 216 - 217 - 218 - 221 - 225 - 228 - 229 - 230 - 231 - 233 - 235 - 237 - 238 - 239 - 241 - 242 - 246 - 248 - 250 - 254 - 255 - 257 - 258 - 259 - 262 - 263 - 266 - 267 - 268 - 269 - 270 - 272 - 274 - 275 - 276 - 277 - 280 - 281 - 283 - 284 - 288 - 289 - 290 - 292 - 294 - 295 - 297 - 299 - 300 - 301 - 302 - 303 - 305 - 306 - 307 - 309 - 311 - 312 - 313 - 316 - 318 - 321 - 322 - 323 - 324 - 325 - 327 - 328 - 329 - 331 - 333 - 337 - 338 - 343 - 344 - 347 - 349 - 354 - 355 - 356 - 360 - 362 - 363 - 364 - 365 - 366 - 369 - 370 - 371 - 372 - 373 - 374 - 375 - 377 - 379 - 380 - 382 - 384 - 385 - 387 - 388 - 389 - 390 - 392 - 393 - 397 - 400 - 402 - 404 - 405 - 406 - 409 - 411 - 413 - 414 - 415 - 416 - 418 - 419 - 420 - 421 - 422 - 424 - 426 - 427 - 428 - 429 - 430 - 432 - 434 - 435 - 436 - 437 - 438 - 440 - 441 - 442 - 445 - 446 - 448 - 450 - 454 - 456 - 460 - 463 - 464 - 468 - 469 - 470 - 471 - 472 - 473 - 474 - 476 - 477 - 480 - 481 - 485 - 488 - 490 - 492 - 494 - 495 - 496,20819685.3,0.0,98261,100816,64.21,Cost: 98261 & Capacity: 100816
0 - 2 - 4 - 9 - 10 - 11 - 12 - 13 - 15 - 16 - 17 - 20 - 21 - 25 - 28 - 36 - 37 - 38 - 42 - 44 - 45 - 50 - 51 - 53 - 54 - 56 - 58 - 60 - 61 - 62 - 63 - 64 - 65 - 67 - 68 - 69 - 71 - 72 - 75 - 76 - 78 - 80 - 84 - 86 - 87 - 90 - 91 - 94 - 95 - 96 - 97 - 98 - 99 - 100 - 103 - 105 - 107 - 108 - 109 - 110 - 111 - 113 - 114 - 115 - 116 - 118 - 120 - 123 - 124 - 125 - 128 - 129 - 131 - 132 - 135 - 137 - 139 - 140 - 142 - 144 - 145 - 146 - 147 - 148 - 150 - 151 - 152 - 154 - 155 - 157 - 158 - 159 - 160 - 163 - 164 - 165 - 166 - 167 - 170 - 174 - 175 - 178 - 179 - 180 - 181 - 182 - 183 - 184 - 185 - 186 - 187 - 188 - 189 - 190 - 192 - 193 - 195 - 197 - 203 - 204 - 210 - 211 - 212 - 214 - 216 - 217 - 218 - 221 - 225 - 228 - 229 - 230 - 231 - 233 - 235 - 237 - 238 - 239 - 241 - 242 - 246 - 248 - 250 - 254 - 255 - 257 - 258 - 259 - 262 - 263 - 266 - 267 - 268 - 269 - 270 - 272 - 274 - 275 - 276 - 277 - 280 - 281 - 283 - 284 - 288 - 289 - 290 - 292 - 294 - 295 - 297 - 299 - 300 - 301 - 302 - 303 - 305 - 306 - 307 - 309 - 311 - 312 - 313 - 316 - 318 - 321 - 322 - 323 - 324 - 325 - 327 - 328 - 329 - 331 - 333 - 337 - 338 - 343 - 344 - 347 - 349 - 354 - 355 - 356 - 360 - 362 - 363 - 364 - 365 - 366 - 369 - 370 - 371 - 372 - 373 - 374 - 375 - 377 - 379 - 380 - 382 - 384 - 385 - 387 - 388 - 389 - 390 - 392 - 393 - 397 - 400 - 402 - 404 - 405 - 406 - 409 - 411 - 413 - 414 - 415 - 416 - 418 - 419 - 420 - 421 - 422 - 424 - 426 - 427 - 428 - 429 - 430 - 432 - 434 - 435 - 436 - 437 - 438 - 440 - 441 - 442 - 445 - 446 - 448 - 450 - 454 - 456 - 460 - 463 - 464 - 468 - 469 - 470 - 471 - 472 - 473 - 474 - 476 - 477 - 480 - 481 - 485 - 488 - 490 - 492 - 494 - 495 - 496,20819685.3,0.0,98261,100816,67.98,Cost: 98261 & Capacity: 100816
2 - 12 - 18 - 22 - 23 - 25 - 38 - 40 - 42 - 44 - 49 - 50 - 53 - 55 - 61 - 63 - 64 - 67 - 69 - 72 - 73 - 75 - 79 - 80 - 81 - 84 - 88 - 94 - 95 - 101 - 104 - 107 - 111 - 116 - 117 - 122 - 127 - 128 - 136 - 137 - 144 - 150 - 154 - 156 - 158 - 160 - 163 - 166 - 168 - 179 - 195 - 202 - 207 - 212 - 215 - 218 - 219 - 221 - 224 - 231 - 232 - 233 - 235 - 239 - 246 - 247 - 248 - 249 - 252 - 255 - 261 - 262 - 264 - 271 - 273 - 275 - 277 - 282 - 284 - 286 - 287 - 297 - 298 - 301 - 302 - 303 - 304 - 311 - 315 - 318 - 322 - 323 - 327 - 330 - 333 - 336 - 338 - 341 - 343 - 345 - 349 - 352 - 356 - 361 - 363 - 366 - 367 - 369 - 372 - 376 - 381 - 387 - 388 - 389 - 392 - 393 - 395 - 404 - 406 - 409 - 413 - 419 - 421 - 423 - 424 - 427 - 433 - 435 - 436 - 450 - 452 - 459 - 460 - 464 - 465 - 475 - 476 - 477 - 480 - 485 - 488 - 489 - 492 - 497 - 499,5322822.5,18.0,92073,71241,69.32,Cost: 92073 & Capacity: 71241
0 - 2 - 4 - 9 - 10 - 11 - 12 - 13 - 15 - 16 - 17 - 20 - 21 - 25 - 28 - 36 - 37 - 38 - 42 - 44 - 45 - 50 - 51 - 53 - 54 - 56 - 58 - 60 - 61 - 62 - 63 - 64 - 65 - 67 - 68 - 69 - 71 - 72 - 75 - 76 - 78 - 80 - 84 - 86 - 87 - 90 - 91 - 94 - 95 - 96 - 97 - 98 - 99 - 100 - 103 - 105 - 107 - 108 - 109 - 110 - 111 - 113 - 114 - 115 - 116 - 118 - 120 - 123 - 124 - 125 - 128 - 129 - 131 - 132 - 135 - 137 - 139 - 140 - 142 - 144 - 145 - 146 - 147 - 148 - 150 - 151 - 152 - 154 - 155 - 157 - 158 - 159 - 160 - 163 - 164 - 165 - 166 - 167 - 170 - 174 - 175 - 178 - 179 - 180 - 181 - 182 - 183 - 184 - 185 - 186 - 187 - 188 - 189 - 190 - 192 - 193 - 195 - 197 - 203 - 204 - 210 - 211 - 212 - 214 - 216 - 217 - 218 - 221 - 225 - 228 - 229 - 230 - 231 - 233 - 235 - 237 - 238 - 239 - 241 - 242 - 246 - 248 - 250 - 254 - 255 - 257 - 258 - 259 - 262 - 263 - 266 - 267 - 268 - 269 - 270 - 272 - 274 - 275 - 276 - 277 - 280 - 281 - 283 - 284 - 288 - 289 - 290 - 292 - 294 - 295 - 297 - 299 - 300 - 301 - 302 - 303 - 305 - 306 - 307 - 309 - 311 - 312 - 313 - 316 - 318 - 321 - 322 - 323 - 324 - 325 - 327 - 328 - 329 - 331 - 333 - 337 - 338 - 343 - 344 - 347 - 349 - 354 - 355 - 356 - 360 - 362 - 363 - 364 - 365 - 366 - 369 - 370 - 371 - 372 - 373 - 374 - 375 - 377 - 379 - 380 - 382 - 384 - 385 - 387 - 388 - 389 - 390 - 392 - 393 - 397 - 400 - 402 - 404 - 405 - 406 - 409 - 411 - 413 - 414 - 415 - 416 - 418 - 419 - 420 - 421 - 422 - 424 - 426 - 427 - 428 - 429 - 430 - 432 - 434 - 435 - 436 - 437 - 438 - 440 - 441 - 442 - 445 - 446 - 448 - 450 - 454 - 456 - 460 - 463 - 464 - 468 - 469 - 470 - 471 - 472 - 473 - 474 - 476 - 477 - 480 - 481 - 485 - 488 - 490 - 492 - 494 - 495 - 496,20819685.3,0.0,98261,100816,71.56,Cost: 98261 & Capacity: 100816
0 - 2 - 4 - 9 - 10 - 11 - 12 - 13 - 15 - 16 - 17 - 20 - 21 - 25 - 28 - 36 - 37 - 38 - 42 - 44 - 45 - 50 - 51 - 53 - 54 - 56 - 58 - 60 - 61 - 62 - 63 - 64 - 65 - 67 - 68 - 69 - 71 - 72 - 75 - 76 - 78 - 80 - 84 - 86 - 87 - 90 - 91 - 94 - 95 - 96 - 97 - 98 - 99 - 100 - 103 - 105 - 107 - 108 - 109 - 110 - 111 - 113 - 114 - 115 - 116 - 118 - 120 - 123 - 124 - 125 - 128 - 129 - 131 - 132 - 135 - 137 - 139 - 140 - 142 - 144 - 145 - 146 - 147 - 148 - 150 - 151 - 152 - 154 - 155 - 157 - 158 - 159 - 160 - 163 - 164 - 165 - 166 - 167 - 170 - 174 - 175 - 178 - 179 - 180 - 181 - 182 - 183 - 184 - 185 - 186 - 187 - 188 - 189 - 190 - 192 - 193 - 195 - 197 - 203 - 204 - 210 - 211 - 212 - 214 - 216 - 217 - 218 - 221 - 225 - 228 - 229 - 230 - 231 - 233 - 235 - 237 - 238 - 239 - 241 - 242 - 246 - 248 - 250 - 254 - 255 - 257 - 258 - 259 - 262 - 263 - 266 - 267 - 268 - 269 - 270 - 272 - 274 - 275 - 276 - 277 - 280 - 281 - 283 - 284 - 288 - 289 - 290 - 292 - 294 - 295 - 297 - 299 - 300 - 301 - 302 - 303 - 305 - 306 - 307 - 309 - 311 - 312 - 313 - 316 - 318 - 321 - 322 - 323 - 324 - 325 - 327 - 328 - 329 - 331 - 333 - 337 - 338 - 343 - 344 - 347 - 349 - 354 - 355 - 356 - 360 - 362 - 363 - 364 - 365 - 366 - 369 - 370 - 371 - 372 - 373 - 374 - 375 - 377 - 379 - 380 - 382 - 384 - 385 - 387 - 388 - 389 - 390 - 392 - 393 - 397 - 400 - 402 - 404 - 405 - 406 - 409 - 411 - 413 - 414 - 415 - 416 - 418 - 419 - 420 - 421 - 422 - 424 - 426 - 427 - 428 - 429 - 430 - 432 - 434 - 435 - 436 - 437 - 438 - 440 - 441 - 442 - 445 - 446 - 448 - 450 - 454 - 456 - 460 - 463 - 464 - 468 - 469 - 470 - 471 - 472 - 473 - 474 - 476 - 477 - 480 - 481 - 485 - 488 - 490 - 492 - 494 - 495 - 496,20819685.3,0.0,98261,100816,72.02,Cost: 98261 & Capacity: 100816
0 - 2 - 4 - 9 - 10 - 11 - 12 - 13 - 15 - 16 - 17 - 20 - 21 - 25 - 28 - 36 - 37 - 38 - 42 - 44 - 45 - 50 - 51 - 53 - 54 - 56 - 58 - 60 - 61 - 62 - 63 - 64 - 65 - 67 - 68 - 69 - 71 - 72 - 75 - 76 - 78 - 80 - 84 - 86 - 87 - 90 - 91 - 94 - 95 - 96 - 97 - 98 - 99 - 100 - 103 - 105 - 107 - 108 - 109 - 110 - 111 - 113 - 114 - 115 - 116 - 118 - 120 - 123 - 124 - 125 - 128 - 129 - 131 - 132 - 135 - 137 - 139 - 140 - 142 - 144 - 145 - 146 - 147 - 148 - 150 - 151 - 152 - 154 - 155 - 157 - 158 - 159 - 160 - 163 - 164 - 165 - 166 - 167 - 170 - 174 - 175 - 178 - 179 - 180 - 181 - 182 - 183 - 184 - 185 - 186 - 187 - 188 - 189 - 190 - 192 - 193 - 195 - 197 - 203 - 204 - 210 - 211 - 212 - 214 - 216 - 217 - 218 - 221 - 225 - 228 - 229 - 230 - 231 - 233 - 235 - 237 - 238 - 239 - 241 - 242 - 246 - 248 - 250 - 254 - 255 - 257 - 258 - 259 - 262 - 263 - 266 - 267 - 268 - 269 - 270 - 272 - 274 - 275 - 276 - 277 - 280 - 281 - 283 - 284 - 288 - 289 - 290 - 292 - 294 - 295 - 297 - 299 - 300 - 301 - 302 - 303 - 305 - 306 - 307 - 309 - 311 - 312 - 313 - 316 - 318 - 321 - 322 - 323 - 324 - 325 - 327 - 328 - 329 - 331 - 333 - 337 - 338 - 343 - 344 - 347 - 349 - 354 - 355 - 356 - 360 - 362 - 363 - 364 - 365 - 366 - 369 - 370 - 371 - 372 - 373 - 374 - 375 - 377 - 379 - 380 - 382 - 384 - 385 - 387 - 388 - 389 - 390 - 392 - 393 - 397 - 400 - 402 - 404 - 405 - 406 - 409 - 411 - 413 - 414 - 415 - 416 - 418 - 419 - 420 - 421 - 422 - 424 - 426 - 427 - 428 - 429 - 430 - 432 - 434 - 435 - 436 - 437 - 438 - 440 - 441 - 442 - 445 - 446 - 448 - 450 - 454 - 456 - 460 - 463 - 464 - 468 - 469 - 470 - 471 - 472 - 473 - 474 - 476 - 477 - 480 - 481 - 485 - 488 - 490 - 492 - 494 - 495 - 496,20819685.3,0.0,98261,100816,72.69,Cost: 98261 & Capacity: 100816
0 - 2 - 4 - 9 - 10 - 12 - 13 - 15 - 16 - 17 - 20 - 21 - 28 - 34 - 36 - 37 - 38 - 42 - 43 - 44 - 45 - 50 - 51 - 53 - 54 - 56 - 58 - 59 - 60 - 61 - 62 - 63 - 64 - 65 - 67 - 68 - 69 - 71 - 72 - 75 - 76 - 78 - 80 - 84 - 86 - 87 - 90 - 91 - 94 - 95 - 96 - 97 - 98 - 99 - 100 - 103 - 105 - 107 - 108 - 109 - 110 - 111 - 114 - 115 - 116 - 118 - 120 - 123 - 124 - 125 - 128 - 131 - 132 - 135 - 137 - 140 - 142 - 144 - 145 - 146 - 147 - 148 - 150 - 151 - 152 - 154 - 155 - 158 - 159 - 160 - 163 - 164 - 165 - 166 - 167 - 170 - 174 - 175 - 178 - 179 - 180 - 181 - 182 - 183 - 184 - 185 - 186 - 187 - 188 - 189 - 190 - 192 - 193 - 195 - 197 - 200 - 203 - 204 - 206 - 210 - 211 - 212 - 214 - 215 - 216 - 217 - 218 - 221 - 225 - 228 - 229 - 230 - 231 - 233 - 235 - 237 - 238 - 239 - 241 - 242 - 246 - 248 - 250 - 254 - 255 - 257 - 258 - 259 - 262 - 263 - 266 - 267 - 268 - 269 - 270 - 272 - 274 - 275 - 276 - 277 - 280 - 281 - 283 - 284 - 288 - 289 - 290 - 292 - 294 - 295 - 297 - 299 - 300 - 301 - 302 - 303 - 305 - 306 - 307 - 309 - 311 - 312 - 313 - 316 - 318 - 322 - 323 - 324 - 325 - 327 - 328 - 329 - 331 - 333 - 335 - 337 - 338 - 343 - 344 - 347 - 349 - 354 - 355 - 356 - 360 - 362 - 363 - 364 - 365 - 366 - 369 - 370 - 371 - 372 - 373 - 374 - 375 - 377 - 379 - 380 - 382 - 384 - 385 - 387 - 388 - 389 - 390 - 392 - 393 - 397 - 400 - 402 - 404 - 405 - 406 - 409 - 411 - 413 - 414 - 415 - 416 - 418 - 419 - 420 - 421 - 422 - 424 - 426 - 427 - 428 - 429 - 430 - 432 - 434 - 435 - 437 - 438 - 440 - 441 - 442 - 445 - 446 - 448 - 450 - 454 - 456 - 458 - 460 - 463 - 464 - 466 - 468 - 469 - 470 - 472 - 473 - 474 - 476 - 477 - 480 - 481 - 485 - 488 - 490 - 492 - 494 - 495 - 496,20733991.7,0.0,97519,99780,72.63,Cost: 97519 & Capacity: 99780
0 - 2 - 4 - 9 - 10 - 11 - 12 - 13 - 15 - 16 - 17 - 20 - 21 - 25 - 28 - 36 - 37 - 38 - 42 - 44 - 45 - 50 - 51 - 53 - 54 - 56 - 58 - 60 - 61 - 62 - 63 - 64 - 65 - 67 - 68 - 69 - 71 - 72 - 75 - 76 - 78 - 80 - 84 - 86 - 87 - 90 - 91 - 94 - 95 - 96 - 97 - 98 - 99 - 100 - 103 - 105 - 107 - 108 - 109 - 110 - 111 - 113 - 114 - 115 - 116 - 118 - 120 - 123 - 124 - 125 - 128 - 129 - 131 - 132 - 135 - 137 - 139 - 140 - 142 - 144 - 145 - 146 - 147 - 148 - 150 - 151 - 152 - 154 - 155 - 157 - 158 - 159 - 160 - 163 - 164 - 165 - 166 - 167 - 170 - 174 - 175 - 178 - 179 - 180 - 181 - 182 - 183 - 184 - 185 - 186 - 187 - 188 - 189 - 190 - 192 - 193 - 195 - 197 - 203 - 204 - 210 - 211 - 212 - 214 - 216 - 217 - 218 - 221 - 225 - 228 - 229 - 230 - 231 - 233 - 235 - 237 - 238 - 239 - 241 - 242 - 246 - 248 - 250 - 254 - 255 - 257 - 258 - 259 - 262 - 263 - 266 - 267 - 268 - 269 - 270 - 272 - 274 - 275 - 276 - 277 - 280 - 281 - 283 - 284 - 288 - 289 - 290 - 292 - 294 - 295 - 297 - 299 - 300 - 301 - 302 - 303 - 305 - 306 - 307 - 309 - 311 - 312 - 313 - 316 - 318 - 321 - 322 - 323 - 324 - 325 - 327 - 328 - 329 - 331 - 333 - 337 - 338 - 343 - 344 - 347 - 349 - 354 - 355 - 356 - 360 - 362 - 363 - 364 - 365 - 366 - 369 - 370 - 371 - 372 - 373 - 374 - 375 - 377 - 379 - 380 - 382 - 384 - 385 - 387 - 388 - 389 - 390 - 392 - 393 - 397 - 400 - 402 - 404 - 405 - 406 - 409 - 411 - 413 - 414 - 415 - 416 - 418 - 419 - 420 - 421 - 422 - 424 - 426 - 427 - 428 - 429 - 430 - 432 - 434 - 435 - 436 - 437 - 438 - 440 - 441 - 442 - 445 - 446 - 448 - 450 - 454 - 456 - 460 - 463 - 464 - 468 - 469 - 470 - 471 - 472 - 473 - 474 - 476 - 477 - 480 - 481 - 485 - 488 - 490 - 492 - 494 - 495 - 496,20819685.3,0.0,98261,100816,73.51,Cost: 98261 & Capacity: 100816
0 - 2 - 4 - 9 - 10 - 11 - 12 - 13 - 15 - 16 - 17 - 20 - 21 - 25 - 28 - 36 - 37 - 38 - 42 - 44 - 45 - 50 - 51 - 53 - 54 - 56 - 58 - 60 - 61 - 62 - 63 - 64 - 65 - 67 - 68 - 69 - 71 - 72 - 75 - 76 - 78 - 80 - 84 - 86 - 87 - 90 - 91 - 94 - 95 - 96 - 97 - 98 - 99 - 100 - 103 - 105 - 107 - 108 - 109 - 110 - 111 - 113 - 114 - 115 - 116 - 118 - 120 - 123 - 124 - 125 - 128 - 129 - 131 - 132 - 135 - 137 - 139 - 140 - 142 - 144 - 145 - 146 - 147 - 148 - 150 - 151 - 152 - 154 - 155 - 157 - 158 - 159 - 160 - 163 - 164 - 165 - 166 - 167 - 170 - 174 - 175 - 178 - 179 - 180 - 181 - 182 - 183 - 184 - 185 - 186 - 187 - 188 - 189 - 190 - 192 - 193 - 195 - 197 - 203 - 204 - 210 - 211 - 212 - 214 - 216 - 217 - 218 - 221 - 225 - 228 - 229 - 230 - 231 - 233 - 235 - 237 - 238 - 239 - 241 - 242 - 246 - 248 - 250 - 254 - 255 - 257 - 258 - 259 - 262 - 263 - 266 - 267 - 268 - 269 - 270 - 272 - 274 - 275 - 276 - 277 - 280 - 281 - 283 - 284 - 288 - 289 - 290 - 292 - 294 - 295 - 297 - 299 - 300 - 301 - 302 - 303 - 305 - 306 - 307 - 309 - 311 - 312 - 313 - 316 - 318 - 321 - 322 - 323 - 324 - 325 - 327 - 328 - 329 - 331 - 333 - 337 - 338 - 343 - 344 - 347 - 349 - 354 - 355 - 356 - 360 - 362 - 363 - 364 - 365 - 366 - 369 - 370 - 371 - 372 - 373 - 374 - 375 - 377 - 379 - 380 - 382 - 384 - 385 - 387 - 388 - 389 - 390 - 392 - 393 - 397 - 400 - 402 - 404 - 405 - 406 - 409 - 411 - 413 - 414 - 415 - 416 - 418 - 419 - 420 - 421 - 422 - 424 - 426 - 427 - 428 - 429 - 430 - 432 - 434 - 435 - 436 - 437 - 438 - 440 - 441 - 442 - 445 - 446 - 448 - 450 - 454 - 456 - 460 - 463 - 464 - 468 - 469 - 470 - 471 - 472 - 473 - 474 - 476 - 477 - 480 - 481 - 485 - 488 - 490 - 492 - 494 - 495 - 496,20819685.3,0.0,98261,100816,75.3,Cost: 98261 & Capacity: 100816
0 - 2 - 4 - 9 - 10 - 11 - 12 - 13 - 15 - 16 - 17 - 20 - 21 - 25 - 28 - 36 - 37 - 38 - 42 - 44 - 45 - 50 - 51 - 53 - 54 - 56 - 58 - 60 - 61 - 62 - 63 - 64 - 65 - 67 - 68 - 69 - 71 - 72 - 75 - 76 - 78 - 80 - 84 - 86 - 87 - 90 - 91 - 94 - 95 - 96 - 97 - 98 - 99 - 100 - 103 - 105 - 107 - 108 - 109 - 110 - 111 - 113 - 114 - 115 - 116 - 118 - 120 - 123 - 124 - 125 - 128 - 129 - 131 - 132 - 135 - 137 - 139 - 140 - 142 - 144 - 145 - 146 - 147 - 148 - 150 - 151 - 152 - 154 - 155 - 157 - 158 - 159 - 160 - 163 - 164 - 165 - 166 - 167 - 170 - 174 - 175 - 178 - 179 - 180 - 181 - 182 - 183 - 184 - 185 - 186 - 187 - 188 - 189 - 190 - 192 - 193 - 195 - 197 - 203 - 204 - 210 - 211 - 212 - 214 - 216 - 217 - 218 - 221 - 225 - 228 - 229 - 230 - 231 - 233 - 235 - 237 - 238 - 239 - 241 - 242 - 246 - 248 - 250 - 254 - 255 - 257 - 258 - 259 - 262 - 263 - 266 - 267 - 268 - 269 - 270 - 272 - 274 - 275 - 276 - 277 - 280 - 281 - 283 - 284 - 288 - 289 - 290 - 292 - 294 - 295 - 297 - 299 - 300 - 301 - 302 - 303 - 305 - 306 - 307 - 309 - 311 - 312 - 313 - 316 - 318 - 321 - 322 - 323 - 324 - 325 - 327 - 328 - 329 - 331 - 333 - 337 - 338 - 343 - 344 - 347 - 349 - 354 - 355 - 356 - 360 - 362 - 363 - 364 - 365 - 366 - 369 - 370 - 371 - 372 - 373 - 374 - 375 - 377 - 379 - 380 - 382 - 384 - 385 - 387 - 388 - 389 - 390 - 392 - 393 - 397 - 400 - 402 - 404 - 405 - 406 - 409 - 411 - 413 - 414 - 415 - 416 - 418 - 419 - 420 - 421 - 422 - 424 - 426 - 427 - 428 - 429 - 430 - 432 - 434 - 435 - 436 - 437 - 438 - 440 - 441 - 442 - 445 - 446 - 448 - 450 - 454 - 456 - 460 - 463 - 464 - 468 - 469 - 470 - 471 - 472 - 473 - 474 - 476 - 477 - 480 - 481 - 485 - 488 - 490 - 492 - 494 - 495 - 496,20819685.3,0.0,98261,100816,76.73,Cost: 98261 & Capacity: 100816
0 - 2 - 4 - 9 - 10 - 11 - 12 - 13 - 15 - 16 - 17 - 20 - 21 - 25 - 28 - 36 - 37 - 38 - 42 - 44 - 45 - 50 - 51 - 53 - 54 - 56 - 58 - 60 - 61 - 62 - 63 - 64 - 65 - 67 - 68 - 69 - 71 - 72 - 75 - 76 - 78 - 80 - 84 - 86 - 87 - 90 - 91 - 94 - 95 - 96 - 97 - 98 - 99 - 100 - 103 - 105 - 107 - 108 - 109 - 110 - 111 - 113 - 114 - 115 - 116 - 118 - 120 - 123 - 124 - 125 - 128 - 129 - 131 - 132 - 135 - 137 - 139 - 140 - 142 - 144 - 145 - 146 - 147 - 148 - 150 - 151 - 152 - 154 - 155 - 157 - 158 - 159 - 160 - 163 - 164 - 165 - 166 - 167 - 170 - 174 - 175 - 178 - 179 - 180 - 181 - 182 - 183 - 184 - 185 - 186 - 187 - 188 - 189 - 190 - 192 - 193 - 195 - 197 - 203 - 204 - 210 - 211 - 212 - 214 - 216 - 217 - 218 - 221 - 225 - 228 - 229 - 230 - 231 - 233 - 235 - 237 - 238 - 239 - 241 - 242 - 246 - 248 - 250 - 254 - 255 - 257 - 258 - 259 - 262 - 263 - 266 - 267 - 268 - 269 - 270 - 272 - 274 - 275 - 276 - 277 - 280 - 281 - 283 - 284 - 288 - 289 - 290 - 292 - 294 - 295 - 297 - 299 - 300 - 301 - 302 - 303 - 305 - 306 - 307 - 309 - 311 - 312 - 313 - 316 - 318 - 321 - 322 - 323 - 324 - 325 - 327 - 328 - 329 - 331 - 333 - 337 - 338 - 343 - 344 - 347 - 349 - 354 - 355 - 356 - 360 - 362 - 363 - 364 - 365 - 366 - 369 - 370 - 371 - 372 - 373 - 374 - 375 - 377 - 379 - 380 - 382 - 384 - 385 - 387 - 388 - 389 - 390 - 392 - 393 - 397 - 400 - 402 - 404 - 405 - 406 - 409 - 411 - 413 - 414 - 415 - 416 - 418 - 419 - 420 - 421 - 422 - 424 - 426 - 427 - 428 - 429 - 430 - 432 - 434 - 435 - 436 - 437 - 438 - 440 - 441 - 442 - 445 - 446 - 448 - 450 - 454 - 456 - 460 - 463 - 464 - 468 - 469 - 470 - 471 - 472 - 473 - 474 - 476 - 477 - 480 - 481 - 485 - 488 - 490 - 492 - 494 - 495 - 496,20819685.3,0.0,98261,100816,77.0,Cost: 98261 & Capacity: 100816
0 - 2 - 4 - 9 - 10 - 11 - 12 - 13 - 15 - 16 - 17 - 20 - 21 - 25 - 28 - 36 - 37 - 38 - 42 - 44 - 45 - 50 - 51 - 53 - 54 - 56 - 58 - 60 - 61 - 62 - 63 - 64 - 65 - 67 - 68 - 69 - 71 - 72 - 75 - 76 - 78 - 80 - 84 - 86 - 87 - 90 - 91 - 94 - 95 - 96 - 97 - 98 - 99 - 100 - 103 - 105 - 107 - 108 - 109 - 110 - 111 - 113 - 114 - 115 - 116 - 118 - 120 - 123 - 124 - 125 - 128 - 129 - 131 - 132 - 135 - 137 - 139 - 140 - 142 - 144 - 145 - 146 - 147 - 148 - 150 - 151 - 152 - 154 - 155 - 157 - 158 - 159 - 160 - 163 - 164 - 165 - 166 - 167 - 170 - 174 - 175 - 178 - 179 - 180 - 181 - 182 - 183 - 184 - 185 - 186 - 187 - 188 - 189 - 190 - 192 - 193 - 195 - 197 - 203 - 204 - 210 - 211 - 212 - 214 - 216 - 217 - 218 - 221 - 225 - 228 - 229 - 230 - 231 - 233 - 235 - 237 - 238 - 239 - 241 - 242 - 246 - 248 - 250 - 254 - 255 - 257 - 258 - 259 - 262 - 263 - 266 - 267 - 268 - 269 - 270 - 272 - 274 - 275 - 276 - 277 - 280 - 281 - 283 - 284 - 288 - 289 - 290 - 292 - 294 - 295 - 297 - 299 - 300 - 301 - 302 - 303 - 305 - 306 - 307 - 309 - 311 - 312 - 313 - 316 - 318 - 321 - 322 - 323 - 324 - 325 - 327 - 328 - 329 - 331 - 333 - 337 - 338 - 343 - 344 - 347 - 349 - 354 - 355 - 356 - 360 - 362 - 363 - 364 - 365 - 366 - 369 - 370 - 371 - 372 - 373 - 374 - 375 - 377 - 379 - 380 - 382 - 384 - 385 - 387 - 388 - 389 - 390 - 392 - 393 - 397 - 400 - 402 - 404 - 405 - 406 - 409 - 411 - 413 - 414 - 415 - 416 - 418 - 419 - 420 - 421 - 422 - 424 - 426 - 427 - 428 - 429 - 430 - 432 - 434 - 435 - 436 - 437 - 438 - 440 - 441 - 442 - 445 - 446 - 448 - 450 - 454 - 456 - 460 - 463 - 464 - 468 - 469 - 470 - 471 - 472 - 473 - 474 - 476 - 477 - 480 - 481 - 485 - 488 - 490 - 492 - 494 - 495 - 496,20819685.3,0.0,98261,100816,77.53,Cost: 98261 & Capacity: 100816
0 - 2 - 4 - 9 - 10 - 11 - 12 - 13 - 15 - 16 - 17 - 20 - 21 - 25 - 28 - 36 - 37 - 38 - 42 - 44 - 45 - 50 - 51 - 53 - 54 - 56 - 58 - 60 - 61 - 62 - 63 - 64 - 65 - 67 - 68 - 69 - 71 - 72 - 75 - 76 - 78 - 80 - 84 - 86 - 87 - 90 - 91 - 94 - 95 - 96 - 97 - 98 - 99 - 100 - 103 - 105 - 107 - 108 - 109 - 110 - 111 - 113 - 114 - 115 - 116 - 118 - 120 - 123 - 124 - 125 - 128 - 129 - 131 - 132 - 135 - 137 - 139 - 140 - 142 - 144 - 145 - 146 - 147 - 148 - 150 - 151 - 152 - 154 - 155 - 157 - 158 - 159 - 160 - 163 - 164 - 165 - 166 - 167 - 170 - 174 - 175 - 178 - 179 - 180 - 181 - 182 - 183 - 184 - 185 - 186 - 187 - 188 - 189 - 190 - 192 - 193 - 195 - 197 - 203 - 204 - 210 - 211 - 212 - 214 - 216 - 217 - 218 - 221 - 225 - 228 - 229 - 230 - 231 - 233 - 235 - 237 - 238 - 239 - 241 - 242 - 246 - 248 - 250 - 254 - 255 - 257 - 258 - 259 - 262 - 263 - 266 - 267 - 268 - 269 - 270 - 272 - 274 - 275 - 276 - 277 - 280 - 281 - 283 - 284 - 288 - 289 - 290 - 292 - 294 - 295 - 297 - 299 - 300 - 301 - 302 - 303 - 305 - 306 - 307 - 309 - 311 - 312 - 313 - 316 - 318 - 321 - 322 - 323 - 324 - 325 - 327 - 328 - 329 - 331 - 333 - 337 - 338 - 343 - 344 - 347 - 349 - 354 - 355 - 356 - 360 - 362 - 363 - 364 - 365 - 366 - 369 - 370 - 371 - 372 - 373 - 374 - 375 - 377 - 379 - 380 - 382 - 384 - 385 - 387 - 388 - 389 - 390 - 392 - 393 - 397 - 400 - 402 - 404 - 405 - 406 - 409 - 411 - 413 - 414 - 415 - 416 - 418 - 419 - 420 - 421 - 422 - 424 - 426 - 427 - 428 - 429 - 430 - 432 - 434 - 435 - 436 - 437 - 438 - 440 - 441 - 442 - 445 - 446 - 448 - 450 - 454 - 456 - 460 - 463 - 464 - 468 - 469 - 470 - 471 - 472 - 473 - 474 - 476 - 477 - 480 - 481 - 485 - 488 - 490 - 492 - 494 - 495 - 496,20819685.3,0.0,98261,100816,78.52,Cost: 98261 & Capacity: 100816
7 - 10 - 14 - 29 - 34 - 35 - 37 - 48 - 52 - 56 - 57 - 68 - 72 - 85 - 87 - 95 - 97 - 103 - 115 - 122 - 126 - 134 - 141 - 143 - 151 - 158 - 163 - 165 - 169 - 172 - 175 - 178 - 179 - 190 - 202 - 213 - 216 - 218 - 223 - 225 - 226 - 227 - 229 - 232 - 236 - 247 - 249 - 252 - 253 - 261 - 277 - 287 - 291 - 293 - 312 - 321 - 322 - 323 - 324 - 348 - 349 - 350 - 351 - 367 - 369 - 382 - 385 - 391 - 398 - 400 - 402 - 415 - 418 - 421 - 425 - 431 - 433 - 439 - 440 - 442 - 443 - 444 - 452 - 467 - 470 - 471 - 480 - 484 - 497,2056504.2,35.9,69486,55383,79.79,Cost: 69486 & Capacity: 55383
7 - 8 - 10 - 14 - 29 - 34 - 35 - 37 - 39 - 47 - 48 - 52 - 55 - 56 - 57 - 68 - 76 - 85 - 87 - 95 - 97 - 103 - 105 - 115 - 116 - 122 - 126 - 134 - 141 - 143 - 151 - 158 - 163 - 165 - 168 - 169 - 172 - 175 - 178 - 179 - 190 - 196 - 202 - 209 - 213 - 216 - 218 - 223 - 225 - 226 - 227 - 229 - 232 - 236 - 239 - 244 - 247 - 249 - 252 - 253 - 261 - 263 - 275 - 277 - 287 - 291 - 293 - 312 - 321 - 322 - 323 - 324 - 348 - 349 - 350 - 351 - 352 - 367 - 369 - 382 - 385 - 391 - 398 - 402 - 408 - 415 - 418 - 421 - 425 - 431 - 433 - 439 - 440 - 442 - 443 - 444 - 450 - 452 - 467 - 470 - 471 - 480 - 484 - 493 - 497,2839218.9,28.1,86455,66831,79.78,Cost: 86455 & Capacity: 66831
0 - 2 - 4 - 9 - 10 - 11 - 12 - 13 - 15 - 16 - 17 - 20 - 21 - 25 - 28 - 36 - 37 - 38 - 42 - 44 - 45 - 50 - 51 - 53 - 54 - 56 - 58 - 60 - 61 - 62 - 63 - 64 - 65 - 67 - 68 - 69 - 71 - 72 - 75 - 76 - 78 - 80 - 84 - 86 - 87 - 90 - 91 - 94 - 95 - 96 - 97 - 98 - 99 - 100 - 103 - 105 - 107 - 108 - 109 - 110 - 111 - 113 - 114 - 115 - 116 - 118 - 120 - 123 - 124 - 125 - 128 - 129 - 131 - 132 - 135 - 137 - 139 - 140 - 142 - 144 - 145 - 146 - 147 - 148 - 150 - 151 - 152 - 154 - 155 - 157 - 158 - 159 - 160 - 163 - 164 - 165 - 166 - 167 - 170 - 174 - 175 - 178 - 179 - 180 - 181 - 182 - 183 - 184 - 185 - 186 - 187 - 188 - 189 - 190 - 192 - 193 - 195 - 197 - 203 - 204 - 210 - 211 - 212 - 214 - 216 - 217 - 218 - 221 - 225 - 228 - 229 - 230 - 231 - 233 - 235 - 237 - 238 - 239 - 241 - 242 - 246 - 248 - 250 - 254 - 255 - 257 - 258 - 259 - 262 - 263 - 266 - 267 - 268 - 269 - 270 - 272 - 274 - 275 - 276 - 277 - 280 - 281 - 283 - 284 - 288 - 289 - 290 - 292 - 294 - 295 - 297 - 299 - 300 - 301 - 302 - 303 - 305 - 306 - 307 - 309 - 311 - 312 - 313 - 316 - 318 - 321 - 322 - 323 - 324 - 325 - 327 - 328 - 329 - 331 - 333 - 337 - 338 - 343 - 344 - 347 - 349 - 354 - 355 - 356 - 360 - 362 - 363 - 364 - 365 - 366 - 369 - 370 - 371 - 372 - 373 - 374 - 375 - 377 - 379 - 380 - 382 - 384 - 385 - 387 - 388 - 389 - 390 - 392 - 393 - 397 - 400 - 402 - 404 - 405 - 406 - 409 - 411 - 413 - 414 - 415 - 416 - 418 - 419 - 420 - 421 - 422 - 424 - 426 - 427 - 428 - 429 - 430 - 432 - 434 - 435 - 436 - 437 - 438 - 440 - 441 - 442 - 445 - 446 - 448 - 450 - 454 - 456 - 460 - 463 - 464 - 468 - 469 - 470 - 471 - 472 - 473 - 474 - 476 - 477 - 480 - 481 - 485 - 488 - 490 - 492 - 494 - 495 - 496,20819685.3,0.0,98261,100816,83.4,Cost: 98261 & Capacity: 100816
0 - 2 - 4 - 9 - 10 - 11 - 12 - 13 - 15 - 16 - 17 - 20 - 21 - 25 - 28 - 36 - 37 - 38 - 42 - 44 - 45 - 50 - 51 - 53 - 54 - 56 - 58 - 60 - 61 - 62 - 63 - 64 - 65 - 67 - 68 - 69 - 71 - 72 - 75 - 76 - 78 - 80 - 84 - 86 - 87 - 90 - 91 - 94 - 95 - 96 - 97 - 98 - 99 - 100 - 103 - 105 - 107 - 108 - 109 - 110 - 111 - 113 - 114 - 115 - 116 - 118 - 120 - 123 - 124 - 125 - 128 - 129 - 131 - 132 - 135 - 137 - 139 - 140 - 142 - 144 - 145 - 146 - 147 - 148 - 150 - 151 - 152 - 154 - 155 - 157 - 158 - 159 - 160 - 163 - 164 - 165 - 166 - 167 - 170 - 174 - 175 - 178 - 179 - 180 - 181 - 182 - 183 - 184 - 185 - 186 - 187 - 188 - 189 - 190 - 192 - 193 - 195 - 197 - 203 - 204 - 210 - 211 - 212 - 214 - 216 - 217 - 218 - 221 - 225 - 228 - 229 - 230 - 231 - 233 - 235 - 237 - 238 - 239 - 241 - 242 - 246 - 248 - 250 - 254 - 255 - 257 - 258 - 259 - 262 - 263 - 266 - 267 - 268 - 269 - 270 - 272 - 274 - 275 - 276 - 277 - 280 - 281 - 283 - 284 - 288 - 289 - 290 - 292 - 294 - 295 - 297 - 299 - 300 - 301 - 302 - 303 - 305 - 306 - 307 - 309 - 311 - 312 - 313 - 316 - 318 - 321 - 322 - 323 - 324 - 325 - 327 - 328 - 329 - 331 - 333 - 337 - 338 - 343 - 344 - 347 - 349 - 354 - 355 - 356 - 360 - 362 - 363 - 364 - 365 - 366 - 369 - 370 - 371 - 372 - 373 - 374 - 375 - 377 - 379 - 380 - 382 - 384 - 385 - 387 - 388 - 389 - 390 - 392 - 393 - 397 - 400 - 402 - 404 - 405 - 406 - 409 - 411 - 413 - 414 - 415 - 416 - 418 - 419 - 420 - 421 - 422 - 424 - 426 - 427 - 428 - 429 - 430 - 432 - 434 - 435 - 436 - 437 - 438 - 440 - 441 - 442 - 445 - 446 - 448 - 450 - 454 - 456 - 460 - 463 - 464 - 468 - 469 - 470 - 471 - 472 - 473 - 474 - 476 - 477 - 480 - 481 - 485 - 488 - 490 - 492 - 494 - 495 - 496,20819685.3,0.0,98261,100816,86.34,Cost: 98261 & Capacity: 100816
0 - 2 - 4 - 9 - 10 - 11 - 12 - 13 - 15 - 16 - 17 - 20 - 21 - 25 - 28 - 36 - 37 - 38 - 42 - 44 - 45 - 50 - 51 - 53 - 54 - 56 - 58 - 60 - 61 - 62 - 63 - 64 - 65 - 67 - 68 - 69 - 71 - 72 - 75 - 76 - 78 - 80 - 84 - 86 - 87 - 90 - 91 - 94 - 95 - 96 - 97 - 98 - 99 - 100 - 103 - 105 - 107 - 108 - 109 - 110 - 111 - 113 - 114 - 115 - 116 - 118 - 120 - 123 - 124 - 125 - 128 - 129 - 131 - 132 - 135 - 137 - 139 - 140 - 142 - 144 - 145 - 146 - 147 - 148 - 150 - 151 - 152 - 154 - 155 - 157 - 158 - 159 - 160 - 163 - 164 - 165 - 166 - 167 - 170 - 174 - 175 - 178 - 179 - 180 - 181 - 182 - 183 - 184 - 185 - 186 - 187 - 188 - 189 - 190 - 192 - 193 - 195 - 197 - 203 - 204 - 210 - 211 - 212 - 214 - 216 - 217 - 218 - 221 - 225 - 228 - 229 - 230 - 231 - 233 - 235 - 237 - 238 - 239 - 241 - 242 - 246 - 248 - 250 - 254 - 255 - 257 - 258 - 259 - 262 - 263 - 266 - 267 - 268 - 269 - 270 - 272 - 274 - 275 - 276 - 277 - 280 - 281 - 283 - 284 - 288 - 289 - 290 - 292 - 294 - 295 - 297 - 299 - 300 - 301 - 302 - 303 - 305 - 306 - 307 - 309 - 311 - 312 - 313 - 316 - 318 - 321 - 322 - 323 - 324 - 325 - 327 - 328 - 329 - 331 - 333 - 337 - 338 - 343 - 344 - 347 - 349 - 354 - 355 - 356 - 360 - 362 - 363 - 364 - 365 - 366 - 369 - 370 - 371 - 372 - 373 - 374 - 375 - 377 - 379 - 380 - 382 - 384 - 385 - 387 - 388 - 389 - 390 - 392 - 393 - 397 - 400 - 402 - 404 - 405 - 406 - 409 - 411 - 413 - 414 - 415 - 416 - 418 - 419 - 420 - 421 - 422 - 424 - 426 - 427 - 428 - 429 - 430 - 432 - 434 - 435 - 436 - 437 - 438 - 440 - 441 - 442 - 445 - 446 - 448 - 450 - 454 - 456 - 460 - 463 - 464 - 468 - 469 - 470 - 471 - 472 - 473 - 474 - 476 - 477 - 480 - 481 - 485 - 488 - 490 - 492 - 494 - 495 - 496,20819685.3,0.0,98261,100816,86.62,Cost: 98261 & Capacity: 100816
0 - 5 - 12 - 21 - 22 - 25 - 29 - 37 - 42 - 44 - 45 - 49 - 53 - 58 - 60 - 64 - 67 - 69 - 72 - 75 - 80 - 81 - 86 - 89 - 90 - 91 - 94 - 95 - 99 - 101 - 107 - 116 - 118 - 120 - 122 - 127 - 128 - 132 - 133 - 136 - 137 - 144 - 146 - 147 - 150 - 154 - 155 - 158 - 161 - 162 - 164 - 166 - 170 - 171 - 176 - 178 - 179 - 180 - 181 - 190 - 198 - 202 - 207 - 210 - 211 - 212 - 217 - 223 - 224 - 227 - 229 - 231 - 232 - 233 - 234 - 235 - 237 - 239 - 242 - 246 - 247 - 255 - 260 - 262 - 263 - 266 - 268 - 269 - 271 - 273 - 277 - 278 - 279 - 283 - 284 - 285 - 286 - 287 - 292 - 297 - 299 - 301 - 302 - 303 - 304 - 306 - 307 - 312 - 315 - 316 - 318 - 321 - 322 - 323 - 330 - 331 - 333 - 336 - 338 - 341 - 343 - 352 - 355 - 361 - 366 - 372 - 374 - 375 - 378 - 382 - 383 - 384 - 385 - 387 - 388 - 389 - 390 - 391 - 392 - 393 - 395 - 399 - 401 - 403 - 404 - 406 - 409 - 411 - 413 - 416 - 418 - 419 - 427 - 428 - 430 - 433 - 434 - 436 - 437 - 438 - 440 - 442 - 444 - 446 - 450 - 458 - 459 - 460 - 464 - 465 - 468 - 470 - 472 - 474 - 476 - 477 - 478 - 480 - 484 - 485 - 488 - 489 - 494 - 495 - 499,8737077.2,9.6,98265,81731,87.59,Cost: 98265 & Capacity: 81731
0 - 2 - 4 - 9 - 10 - 11 - 12 - 13 - 15 - 16 - 17 - 20 - 21 - 25 - 28 - 36 - 37 - 38 - 42 - 44 - 45 - 50 - 51 - 53 - 54 - 56 - 58 - 60 - 61 - 62 - 63 - 64 - 65 - 67 - 68 - 69 - 71 - 72 - 75 - 76 - 78 - 80 - 84 - 86 - 87 - 90 - 91 - 94 - 95 - 96 - 97 - 98 - 99 - 100 - 103 - 105 - 107 - 108 - 109 - 110 - 111 - 113 - 114 - 115 - 116 - 118 - 120 - 123 - 124 - 125 - 128 - 129 - 131 - 132 - 135 - 137 - 139 - 140 - 142 - 144 - 145 - 146 - 147 - 148 - 150 - 151 - 152 - 154 - 155 - 157 - 158 - 159 - 160 - 163 - 164 - 165 - 166 - 167 - 170 - 174 - 175 - 178 - 179 - 180 - 181 - 182 - 183 - 184 - 185 - 186 - 187 - 188 - 189 - 190 - 192 - 193 - 195 - 197 - 203 - 204 - 210 - 211 - 212 - 214 - 216 - 217 - 218 - 221 - 225 - 228 - 229 - 230 - 231 - 233 - 235 - 237 - 238 - 239 - 241 - 242 - 246 - 248 - 250 - 254 - 255 - 257 - 258 - 259 - 262 - 263 - 266 - 267 - 268 - 269 - 270 - 272 - 274 - 275 - 276 - 277 - 280 - 281 - 283 - 284 - 288 - 289 - 290 - 292 - 294 - 295 - 297 - 299 - 300 - 301 - 302 - 303 - 305 - 306 - 307 - 309 - 311 - 312 - 313 - 316 - 318 - 321 - 322 - 323 - 324 - 325 - 327 - 328 - 329 - 331 - 333 - 337 - 338 - 343 - 344 - 347 - 349 - 354 - 355 - 356 - 360 - 362 - 363 - 364 - 365 - 366 - 369 - 370 - 371 - 372 - 373 - 374 - 375 - 377 - 379 - 380 - 382 - 384 - 385 - 387 - 388 - 389 - 390 - 392 - 393 - 397 - 400 - 402 - 404 - 405 - 406 - 409 - 411 - 413 - 414 - 415 - 416 - 418 - 419 - 420 - 421 - 422 - 424 - 426 - 427 - 428 - 429 - 430 - 432 - 434 - 435 - 436 - 437 - 438 - 440 - 441 - 442 - 445 - 446 - 448 - 450 - 454 - 456 - 460 - 463 - 464 - 468 - 469 - 470 - 471 - 472 - 473 - 474 - 476 - 477 - 480 - 481 - 485 - 488 - 490 - 492 - 494 - 495 - 496,20819685.3,0.0,98261,100816,87.96,Cost: 98261 & Capacity: 100816
0 - 2 - 4 - 9 - 10 - 11 - 12 - 13 - 15 - 16 - 17 - 20 - 21 - 28 - 34 - 36 - 37 - 38 - 42 - 44 - 45 - 50 - 51 - 53 - 54 - 56 - 58 - 59 - 60 - 61 - 62 - 63 - 64 - 65 - 67 - 68 - 69 - 71 - 72 - 75 - 76 - 78 - 80 - 84 - 86 - 87 - 90 - 91 - 94 - 95 - 96 - 97 - 98 - 99 - 100 - 103 - 105 - 107 - 108 - 109 - 110 - 111 - 114 - 115 - 116 - 118 - 120 - 123 - 124 - 125 - 128 - 129 - 131 - 132 - 135 - 137 - 140 - 142 - 144 - 145 - 146 - 147 - 148 - 150 - 151 - 152 - 154 - 155 - 158 - 159 - 160 - 163 - 164 - 165 - 166 - 167 - 170 - 174 - 175 - 178 - 179 - 180 - 181 - 182 - 183 - 184 - 185 - 186 - 187 - 188 - 189 - 190 - 192 - 193 - 195 - 197 - 203 - 204 - 210 - 211 - 212 - 214 - 215 - 216 - 217 - 218 - 221 - 225 - 228 - 229 - 230 - 231 - 233 - 234 - 235 - 237 - 238 - 239 - 241 - 242 - 246 - 248 - 250 - 254 - 255 - 257 - 258 - 259 - 262 - 263 - 266 - 267 - 268 - 269 - 270 - 272 - 274 - 275 - 276 - 277 - 280 - 281 - 283 - 284 - 288 - 289 - 290 - 292 - 294 - 295 - 297 - 299 - 300 - 301 - 302 - 303 - 305 - 306 - 307 - 309 - 311 - 312 - 313 - 316 - 318 - 322 - 323 - 324 - 325 - 327 - 328 - 329 - 331 - 333 - 335 - 337 - 338 - 343 - 344 - 347 - 349 - 354 - 355 - 356 - 360 - 362 - 363 - 364 - 365 - 366 - 369 - 370 - 371 - 372 - 373 - 374 - 375 - 377 - 379 - 380 - 382 - 384 - 385 - 387 - 388 - 389 - 390 - 392 - 393 - 397 - 400 - 401 - 402 - 404 - 405 - 406 - 409 - 411 - 413 - 414 - 415 - 416 - 418 - 419 - 420 - 421 - 422 - 424 - 426 - 427 - 428 - 429 - 430 - 432 - 434 - 435 - 437 - 438 - 440 - 441 - 442 - 445 - 446 - 448 - 450 - 454 - 456 - 458 - 460 - 463 - 464 - 466 - 468 - 469 - 470 - 472 - 473 - 474 - 476 - 477 - 480 - 481 - 485 - 488 - 490 - 492 - 494 - 495 - 496,20911937.0,0.0,98262,99999,88.66,Cost: 98262 & Capacity: 99999
0 - 2 - 4 - 9 - 10 - 11 - 12 - 13 - 15 - 16 - 17 - 20 - 21 - 25 - 34 - 36 - 37 - 42 - 44 - 45 - 50 - 51 - 53 - 54 - 56 - 58 - 60 - 63 - 64 - 65 - 67 - 68 - 69 - 71 - 72 - 75 - 76 - 78 - 80 - 84 - 86 - 87 - 90 - 91 - 94 - 95 - 96 - 97 - 98 - 99 - 100 - 103 - 105 - 107 - 108 - 109 - 110 - 111 - 113 - 114 - 115 - 116 - 118 - 120 - 123 - 124 - 125 - 128 - 129 - 131 - 132 - 137 - 139 - 140 - 142 - 144 - 145 - 146 - 147 - 148 - 150 - 151 - 152 - 154 - 155 - 157 - 158 - 159 - 160 - 161 - 163 - 164 - 166 - 167 - 170 - 174 - 175 - 178 - 179 - 180 - 181 - 182 - 183 - 184 - 185 - 186 - 187 - 188 - 189 - 190 - 192 - 193 - 195 - 197 - 203 - 204 - 210 - 211 - 212 - 214 - 215 - 216 - 217 - 218 - 221 - 225 - 228 - 229 - 230 - 231 - 233 - 234 - 235 - 237 - 238 - 239 - 242 - 246 - 248 - 250 - 254 - 255 - 257 - 258 - 259 - 262 - 266 - 267 - 268 - 269 - 270 - 272 - 274 - 275 - 276 - 277 - 280 - 281 - 283 - 284 - 288 - 289 - 290 - 292 - 294 - 295 - 297 - 299 - 300 - 301 - 302 - 303 - 305 - 306 - 307 - 309 - 311 - 312 - 313 - 316 - 318 - 321 - 322 - 323 - 324 - 325 - 326 - 327 - 328 - 329 - 331 - 333 - 337 - 338 - 343 - 344 - 347 - 349 - 354 - 355 - 356 - 360 - 362 - 363 - 364 - 366 - 370 - 371 - 372 - 373 - 374 - 375 - 377 - 379 - 380 - 382 - 383 - 385 - 387 - 388 - 389 - 390 - 392 - 393 - 395 - 397 - 400 - 401 - 404 - 405 - 406 - 411 - 413 - 414 - 415 - 416 - 418 - 419 - 420 - 421 - 422 - 423 - 424 - 426 - 427 - 428 - 429 - 430 - 432 - 434 - 435 - 436 - 437 - 438 - 440 - 441 - 442 - 445 - 446 - 448 - 450 - 454 - 456 - 460 - 463 - 464 - 468 - 469 - 470 - 471 - 472 - 473 - 474 - 476 - 477 - 480 - 481 - 485 - 488 - 492 - 494 - 495 - 496,20084845.9,0.3,98246,99338,91.06,Cost: 98246 & Capacity: 99338
0 - 2 - 4 - 9 - 10 - 11 - 12 - 13 - 15 - 16 - 17 - 20 - 21 - 25 - 28 - 36 - 37 - 38 - 42 - 44 - 45 - 50 - 51 - 53 - 54 - 56 - 58 - 60 - 61 - 62 - 63 - 64 - 65 - 67 - 68 - 69 - 71 - 72 - 75 - 76 - 78 - 80 - 84 - 86 - 87 - 90 - 91 - 94 - 95 - 96 - 97 - 98 - 99 - 100 - 103 - 105 - 107 - 108 - 109 - 110 - 111 - 113 - 114 - 115 - 116 - 118 - 120 - 123 - 124 - 125 - 128 - 129 - 131 - 132 - 135 - 137 - 139 - 140 - 142 - 144 - 145 - 146 - 147 - 148 - 150 - 151 - 152 - 154 - 155 - 157 - 158 - 159 - 160 - 163 - 164 - 165 - 166 - 167 - 170 - 174 - 175 - 178 - 179 - 180 - 181 - 182 - 183 - 184 - 185 - 186 - 187 - 188 - 189 - 190 - 192 - 193 - 195 - 197 - 203 - 204 - 210 - 211 - 212 - 214 - 216 - 217 - 218 - 221 - 225 - 228 - 229 - 230 - 231 - 233 - 235 - 237 - 238 - 239 - 241 - 242 - 246 - 248 - 250 - 254 - 255 - 257 - 258 - 259 - 262 - 263 - 266 - 267 - 268 - 269 - 270 - 272 - 274 - 275 - 276 - 277 - 280 - 281 - 283 - 284 - 288 - 289 - 290 - 292 - 294 - 295 - 297 - 299 - 300 - 301 - 302 - 303 - 305 - 306 - 307 - 309 - 311 - 312 - 313 - 316 - 318 - 321 - 322 - 323 - 324 - 325 - 327 - 328 - 329 - 331 - 333 - 337 - 338 - 343 - 344 - 347 - 349 - 354 - 355 - 356 - 360 - 362 - 363 - 364 - 365 - 366 - 369 - 370 - 371 - 372 - 373 - 374 - 375 - 377 - 379 - 380 - 382 - 384 - 385 - 387 - 388 - 389 - 390 - 392 - 393 - 397 - 400 - 402 - 404 - 405 - 406 - 409 - 411 - 413 - 414 - 415 - 416 - 418 - 419 - 420 - 421 - 422 - 424 - 426 - 427 - 428 - 429 - 430 - 432 - 434 - 435 - 436 - 437 - 438 - 440 - 441 - 442 - 445 - 446 - 448 - 450 - 454 - 456 - 460 - 463 - 464 - 468 - 469 - 470 - 471 - 472 - 473 - 474 - 476 - 477 - 480 - 481 - 485 - 488 - 490 - 492 - 494 - 495 - 496,20819685.3,0.0,98261,100816,91.33,Cost: 98261 & Capacity: 100816
0 - 2 - 4 - 9 - 10 - 11 - 12 - 13 - 15 - 16 - 17 - 20 - 21 - 25 - 28 - 36 - 37 - 38 - 42 - 44 - 45 - 50 - 51 - 53 - 54 - 56 - 58 - 60 - 61 - 62 - 63 - 64 - 65 - 67 - 68 - 69 - 71 - 72 - 75 - 76 - 78 - 80 - 84 - 86 - 87 - 90 - 91 - 94 - 95 - 96 - 97 - 98 - 99 - 100 - 103 - 105 - 107 - 108 - 109 - 110 - 111 - 113 - 114 - 115 - 116 - 118 - 120 - 123 - 124 - 125 - 128 - 129 - 131 - 132 - 135 - 137 - 139 - 140 - 142 - 144 - 145 - 146 - 147 - 148 - 150 - 151 - 152 - 154 - 155 - 157 - 158 - 159 - 160 - 163 - 164 - 165 - 166 - 167 - 170 - 174 - 175 - 178 - 179 - 180 - 181 - 182 - 183 - 184 - 185 - 186 - 187 - 188 - 189 - 190 - 192 - 193 - 195 - 197 - 203 - 204 - 210 - 211 - 212 - 214 - 216 - 217 - 218 - 221 - 225 - 228 - 229 - 230 - 231 - 233 - 235 - 237 - 238 - 239 - 241 - 242 - 246 - 248 - 250 - 254 - 255 - 257 - 258 - 259 - 262 - 263 - 266 - 267 - 268 - 269 - 270 - 272 - 274 - 275 - 276 - 277 - 280 - 281 - 283 - 284 - 288 - 289 - 290 - 292 - 294 - 295 - 297 - 299 - 300 - 301 - 302 - 303 - 305 - 306 - 307 - 309 - 311 - 312 - 313 - 316 - 318 - 321 - 322 - 323 - 324 - 325 - 327 - 328 - 329 - 331 - 333 - 337 - 338 - 343 - 344 - 347 - 349 - 354 - 355 - 356 - 360 - 362 - 363 - 364 - 365 - 366 - 369 - 370 - 371 - 372 - 373 - 374 - 375 - 377 - 379 - 380 - 382 - 384 - 385 - 387 - 388 - 389 - 390 - 392 - 393 - 397 - 400 - 402 - 404 - 405 - 406 - 409 - 411 - 413 - 414 - 415 - 416 - 418 - 419 - 420 - 421 - 422 - 424 - 426 - 427 - 428 - 429 - 430 - 432 - 434 - 435 - 436 - 437 - 438 - 440 - 441 - 442 - 445 - 446 - 448 - 450 - 454 - 456 - 460 - 463 - 464 - 468 - 469 - 470 - 471 - 472 - 473 - 474 - 476 - 477 - 480 - 481 - 485 - 488 - 490 - 492 - 494 - 495 - 496,20819685.3,0.0,98261,100816,91.91,Cost: 98261 & Capacity: 100816
12 - 22 - 25 - 26 - 29 - 37 - 40 - 42 - 44 - 49 - 53 - 55 - 60 - 64 - 72 - 75 - 79 - 80 - 81 - 84 - 88 - 89 - 90 - 91 - 92 - 95 - 105 - 107 - 118 - 124 - 127 - 128 - 134 - 137 - 140 - 143 - 146 - 147 - 150 - 154 - 155 - 158 - 159 - 162 - 164 - 166 - 168 - 172 - 179 - 180 - 190 - 207 - 211 - 218 - 227 - 228 - 229 - 231 - 232 - 233 - 234 - 235 - 246 - 247 - 248 - 252 - 255 - 259 - 260 - 263 - 264 - 265 - 266 - 271 - 273 - 276 - 277 - 283 - 284 - 285 - 286 - 287 - 289 - 292 - 294 - 295 - 297 - 301 - 302 - 303 - 305 - 306 - 307 - 311 - 312 - 317 - 318 - 323 - 328 - 331 - 332 - 333 - 336 - 337 - 338 - 341 - 343 - 344 - 345 - 349 - 350 - 352 - 355 - 358 - 359 - 361 - 366 - 367 - 370 - 371 - 372 - 373 - 375 - 381 - 384 - 387 - 388 - 389 - 392 - 393 - 395 - 400 - 401 - 404 - 409 - 416 - 418 - 419 - 427 - 430 - 432 - 436 - 437 - 438 - 442 - 444 - 446 - 449 - 450 - 451 - 452 - 459 - 461 - 464 - 465 - 468 - 470 - 474 - 476 - 477 - 485 - 488 - 489 - 497 - 499,6937295.9,12.8,98251,79319,92.38,Cost: 98251 & Capacity: 79319
0 - 2 - 4 - 9 - 10 - 11 - 12 - 13 - 15 - 16 - 17 - 20 - 21 - 25 - 28 - 36 - 37 - 38 - 42 - 44 - 45 - 50 - 51 - 53 - 54 - 56 - 58 - 60 - 61 - 62 - 63 - 64 - 65 - 67 - 68 - 69 - 71 - 72 - 75 - 76 - 78 - 80 - 84 - 86 - 87 - 90 - 91 - 94 - 95 - 96 - 97 - 98 - 99 - 100 - 103 - 105 - 107 - 108 - 109 - 110 - 111 - 113 - 114 - 115 - 116 - 118 - 120 - 123 - 124 - 125 - 128 - 129 - 131 - 132 - 135 - 137 - 139 - 140 - 142 - 144 - 145 - 146 - 147 - 148 - 150 - 151 - 152 - 154 - 155 - 157 - 158 - 159 - 160 - 163 - 164 - 165 - 166 - 167 - 170 - 174 - 175 - 178 - 179 - 180 - 181 - 182 - 183 - 184 - 185 - 186 - 187 - 188 - 189 - 190 - 192 - 193 - 195 - 197 - 203 - 204 - 210 - 211 - 212 - 214 - 216 - 217 - 218 - 221 - 225 - 228 - 229 - 230 - 231 - 233 - 235 - 237 - 238 - 239 - 241 - 242 - 246 - 248 - 250 - 254 - 255 - 257 - 258 - 259 - 262 - 263 - 266 - 267 - 268 - 269 - 270 - 272 - 274 - 275 - 276 - 277 - 280 - 281 - 283 - 284 - 288 - 289 - 290 - 292 - 294 - 295 - 297 - 299 - 300 - 301 - 302 - 303 - 305 - 306 - 307 - 309 - 311 - 312 - 313 - 316 - 318 - 321 - 322 - 323 - 324 - 325 - 327 - 328 - 329 - 331 - 333 - 337 - 338 - 343 - 344 - 347 - 349 - 354 - 355 - 356 - 360 - 362 - 363 - 364 - 365 - 366 - 369 - 370 - 371 - 372 - 373 - 374 - 375 - 377 - 379 - 380 - 382 - 384 - 385 - 387 - 388 - 389 - 390 - 392 - 393 - 397 - 400 - 402 - 404 - 405 - 406 - 409 - 411 - 413 - 414 - 415 - 416 - 418 - 419 - 420 - 421 - 422 - 424 - 426 - 427 - 428 - 429 - 430 - 432 - 434 - 435 - 436 - 437 - 438 - 440 - 441 - 442 - 445 - 446 - 448 - 450 - 454 - 456 - 460 - 463 - 464 - 468 - 469 - 470 - 471 - 472 - 473 - 474 - 476 - 477 - 480 - 481 - 485 - 488 - 490 - 492 - 494 - 495 - 496,20819685.3,0.0,98261,100816,92.76,Cost: 98261 & Capacity: 100816
0 - 2 - 4 - 9 - 10 - 11 - 12 - 13 - 15 - 16 - 17 - 20 - 21 - 25 - 28 - 36 - 37 - 38 - 42 - 44 - 45 - 50 - 51 - 53 - 54 - 56 - 58 - 60 - 61 - 62 - 63 - 64 - 65 - 67 - 68 - 69 - 71 - 72 - 75 - 76 - 78 - 80 - 84 - 86 - 87 - 90 - 91 - 94 - 95 - 96 - 97 - 98 - 99 - 100 - 103 - 105 - 107 - 108 - 109 - 110 - 111 - 113 - 114 - 115 - 116 - 118 - 120 - 123 - 124 - 125 - 128 - 129 - 131 - 132 - 135 - 137 - 139 - 140 - 142 - 144 - 145 - 146 - 147 - 148 - 150 - 151 - 152 - 154 - 155 - 157 - 158 - 159 - 160 - 163 - 164 - 165 - 166 - 167 - 170 - 174 - 175 - 178 - 179 - 180 - 181 - 182 - 183 - 184 - 185 - 186 - 187 - 188 - 189 - 190 - 192 - 193 - 195 - 197 - 203 - 204 - 210 - 211 - 212 - 214 - 216 - 217 - 218 - 221 - 225 - 228 - 229 - 230 - 231 - 233 - 235 - 237 - 238 - 239 - 241 - 242 - 246 - 248 - 250 - 254 - 255 - 257 - 258 - 259 - 262 - 263 - 266 - 267 - 268 - 269 - 270 - 272 - 274 - 275 - 276 - 277 - 280 - 281 - 283 - 284 - 288 - 289 - 290 - 292 - 294 - 295 - 297 - 299 - 300 - 301 - 302 - 303 - 305 - 306 - 307 - 309 - 311 - 312 - 313 - 316 - 318 - 321 - 322 - 323 - 324 - 325 - 327 - 328 - 329 - 331 - 333 - 337 - 338 - 343 - 344 - 347 - 349 - 354 - 355 - 356 - 360 - 362 - 363 - 364 - 365 - 366 - 369 - 370 - 371 - 372 - 373 - 374 - 375 - 377 - 379 - 380 - 382 - 384 - 385 - 387 - 388 - 389 - 390 - 392 - 393 - 397 - 400 - 402 - 404 - 405 - 406 - 409 - 411 - 413 - 414 - 415 - 416 - 418 - 419 - 420 - 421 - 422 - 424 - 426 - 427 - 428 - 429 - 430 - 432 - 434 - 435 - 436 - 437 - 438 - 440 - 441 - 442 - 445 - 446 - 448 - 450 - 454 - 456 - 460 - 463 - 464 - 468 - 469 - 470 - 471 - 472 - 473 - 474 - 476 - 477 - 480 - 481 - 485 - 488 - 490 - 492 - 494 - 495 - 496,20819685.3,0.0,98261,100816,97.01,Cost: 98261 & Capacity: 100816
5 - 9 - 12 - 18 - 21 - 22 - 25 - 26 - 36 - 37 - 44 - 49 - 53 - 64 - 67 - 69 - 72 - 75 - 79 - 80 - 81 - 87 - 89 - 95 - 105 - 107 - 111 - 122 - 126 - 127 - 128 - 130 - 144 - 146 - 147 - 154 - 155 - 156 - 158 - 163 - 164 - 166 - 167 - 169 - 171 - 174 - 178 - 187 - 189 - 192 - 197 - 200 - 207 - 213 - 215 - 217 - 218 - 219 - 224 - 226 - 227 - 228 - 231 - 232 - 233 - 234 - 235 - 237 - 239 - 248 - 255 - 261 - 264 - 271 - 272 - 273 - 275 - 277 - 285 - 287 - 293 - 297 - 298 - 299 - 303 - 304 - 305 - 306 - 307 - 311 - 316 - 321 - 322 - 323 - 327 - 331 - 332 - 333 - 334 - 341 - 345 - 347 - 349 - 351 - 352 - 356 - 359 - 361 - 362 - 365 - 366 - 369 - 371 - 372 - 373 - 374 - 381 - 382 - 384 - 387 - 389 - 391 - 392 - 393 - 395 - 404 - 406 - 409 - 411 - 418 - 419 - 423 - 427 - 428 - 432 - 433 - 434 - 436 - 437 - 438 - 444 - 450 - 459 - 460 - 470 - 473 - 474 - 476 - 477 - 480 - 484 - 485 - 488 - 489 - 493 - 494 - 497,6221992.4,14.0,92337,71926,97.49,Cost: 92337 & Capacity: 71926
0 - 2 - 4 - 9 - 10 - 11 - 12 - 13 - 15 - 16 - 17 - 20 - 21 - 25 - 28 - 36 - 37 - 38 - 42 - 44 - 45 - 50 - 51 - 53 - 54 - 56 - 58 - 60 - 61 - 62 - 63 - 64 - 65 - 67 - 68 - 69 - 71 - 72 - 75 - 76 - 78 - 80 - 84 - 86 - 87 - 90 - 91 - 94 - 95 - 96 - 97 - 98 - 99 - 100 - 103 - 105 - 107 - 108 - 109 - 110 - 111 - 113 - 114 - 115 - 116 - 118 - 120 - 123 - 124 - 125 - 128 - 129 - 131 - 132 - 135 - 137 - 139 - 140 - 142 - 144 - 145 - 146 - 147 - 148 - 150 - 151 - 152 - 154 - 155 - 157 - 158 - 159 - 160 - 163 - 164 - 165 - 166 - 167 - 170 - 174 - 175 - 178 - 179 - 180 - 181 - 182 - 183 - 184 - 185 - 186 - 187 - 188 - 189 - 190 - 192 - 193 - 195 - 197 - 203 - 204 - 210 - 211 - 212 - 214 - 216 - 217 - 218 - 221 - 225 - 228 - 229 - 230 - 231 - 233 - 235 - 237 - 238 - 239 - 241 - 242 - 246 - 248 - 250 - 254 - 255 - 257 - 258 - 259 - 262 - 263 - 266 - 267 - 268 - 269 - 270 - 272 - 274 - 275 - 276 - 277 - 280 - 281 - 283 - 284 - 288 - 289 - 290 - 292 - 294 - 295 - 297 - 299 - 300 - 301 - 302 - 303 - 305 - 306 - 307 - 309 - 311 - 312 - 313 - 316 - 318 - 321 - 322 - 323 - 324 - 325 - 327 - 328 - 329 - 331 - 333 - 337 - 338 - 343 - 344 - 347 - 349 - 354 - 355 - 356 - 360 - 362 - 363 - 364 - 365 - 366 - 369 - 370 - 371 - 372 - 373 - 374 - 375 - 377 - 379 - 380 - 382 - 384 - 385 - 387 - 388 - 389 - 390 - 392 - 393 - 397 - 400 - 402 - 404 - 405 - 406 - 409 - 411 - 413 - 414 - 415 - 416 - 418 - 419 - 420 - 421 - 422 - 424 - 426 - 427 - 428 - 429 - 430 - 432 - 434 - 435 - 436 - 437 - 438 - 440 - 441 - 442 - 445 - 446 - 448 - 450 - 454 - 456 - 460 - 463 - 464 - 468 - 469 - 470 - 471 - 472 - 473 - 474 - 476 - 477 - 480 - 481 - 485 - 488 - 490 - 492 - 494 - 495 - 496,20819685.3,0.0,98261,100816,98.29,Cost: 98261 & Capacity: 100816
0 - 14 - 18 - 26 - 30 - 35 - 47 - 48 - 51 - 73 - 76 - 83 - 103 - 111 - 113 - 116 - 122 - 129 - 133 - 143 - 145 - 148 - 154 - 161 - 168 - 169 - 172 - 190 - 196 - 202 - 223 - 224 - 229 - 231 - 232 - 239 - 245 - 247 - 248 - 249 - 252 - 253 - 256 - 265 - 266 - 281 - 286 - 287 - 291 - 310 - 311 - 312 - 313 - 319 - 321 - 338 - 344 - 349 - 354 - 355 - 360 - 366 - 369 - 370 - 387 - 389 - 391 - 392 - 398 - 401 - 408 - 421 - 429 - 431 - 435 - 437 - 439 - 442 - 444 - 448 - 449 - 455 - 459 - 467 - 481 - 489 - 494 - 497,2013335.5,36.2,69690,55993,98.37,Cost: 69690 & Capacity: 55993
0 - 2 - 4 - 9 - 10 - 11 - 12 - 13 - 16 - 17 - 20 - 21 - 35 - 36 - 37 - 42 - 44 - 45 - 49 - 50 - 51 - 53 - 54 - 56 - 58 - 60 - 63 - 64 - 65 - 67 - 68 - 69 - 71 - 72 - 75 - 76 - 78 - 80 - 84 - 86 - 87 - 90 - 91 - 95 - 96 - 97 - 98 - 99 - 100 - 103 - 105 - 107 - 108 - 109 - 110 - 111 - 113 - 114 - 115 - 116 - 118 - 120 - 123 - 124 - 128 - 131 - 132 - 135 - 137 - 139 - 140 - 142 - 144 - 145 - 146 - 147 - 148 - 149 - 150 - 151 - 152 - 153 - 154 - 155 - 156 - 157 - 158 - 159 - 160 - 163 - 164 - 166 - 167 - 170 - 174 - 175 - 178 - 179 - 181 - 183 - 185 - 187 - 188 - 189 - 190 - 192 - 193 - 195 - 197 - 203 - 204 - 210 - 211 - 212 - 214 - 216 - 217 - 218 - 221 - 225 - 228 - 229 - 231 - 233 - 235 - 237 - 238 - 239 - 242 - 246 - 247 - 248 - 254 - 255 - 257 - 258 - 259 - 262 - 266 - 267 - 268 - 269 - 270 - 272 - 273 - 274 - 275 - 276 - 277 - 280 - 281 - 283 - 284 - 288 - 289 - 290 - 292 - 294 - 295 - 297 - 299 - 300 - 301 - 302 - 303 - 305 - 306 - 307 - 309 - 312 - 313 - 314 - 316 - 317 - 318 - 321 - 322 - 323 - 324 - 325 - 327 - 328 - 329 - 331 - 333 - 337 - 338 - 341 - 342 - 343 - 344 - 347 - 349 - 354 - 355 - 356 - 360 - 362 - 363 - 364 - 366 - 370 - 371 - 372 - 373 - 374 - 375 - 377 - 379 - 380 - 382 - 384 - 385 - 388 - 389 - 390 - 392 - 393 - 397 - 400 - 404 - 405 - 406 - 411 - 413 - 415 - 416 - 418 - 419 - 420 - 421 - 422 - 424 - 426 - 427 - 428 - 429 - 430 - 432 - 434 - 435 - 436 - 437 - 438 - 440 - 442 - 445 - 446 - 448 - 450 - 454 - 456 - 459 - 460 - 463 - 464 - 465 - 468 - 469 - 470 - 471 - 472 - 474 - 476 - 477 - 479 - 480 - 481 - 485 - 487 - 488 - 492 - 494 - 495 - 496 - 497,19238465.4,0.4,98255,98403,98.86,Cost: 98255 & Capacity: 98403
0 - 2 - 4 - 9 - 10 - 11 - 12 - 13 - 15 - 16 - 17 - 20 - 21 - 25 - 28 - 36 - 37 - 38 - 42 - 44 - 45 - 50 - 51 - 53 - 54 - 56 - 58 - 60 - 61 - 62 - 63 - 64 - 65 - 67 - 68 - 69 - 71 - 72 - 75 - 76 - 78 - 80 - 84 - 86 - 87 - 90 - 91 - 94 - 95 - 96 - 97 - 98 - 99 - 100 - 103 - 105 - 107 - 108 - 109 - 110 - 111 - 113 - 114 - 115 - 116 - 118 - 120 - 123 - 124 - 125 - 128 - 129 - 131 - 132 - 135 - 137 - 139 - 140 - 142 - 144 - 145 - 146 - 147 - 148 - 150 - 151 - 152 - 154 - 155 - 157 - 158 - 159 - 160 - 163 - 164 - 165 - 166 - 167 - 170 - 174 - 175 - 178 - 179 - 180 - 181 - 182 - 183 - 184 - 185 - 186 - 187 - 188 - 189 - 190 - 192 - 193 - 195 - 197 - 203 - 204 - 210 - 211 - 212 - 214 - 216 - 217 - 218 - 221 - 225 - 228 - 229 - 230 - 231 - 233 - 235 - 237 - 238 - 239 - 241 - 242 - 246 - 248 - 250 - 254 - 255 - 257 - 258 - 259 - 262 - 263 - 266 - 267 - 268 - 269 - 270 - 272 - 274 - 275 - 276 - 277 - 280 - 281 - 283 - 284 - 288 - 289 - 290 - 292 - 294 - 295 - 297 - 299 - 300 - 301 - 302 - 303 - 305 - 306 - 307 - 309 - 311 - 312 - 313 - 316 - 318 - 321 - 322 - 323 - 324 - 325 - 327 - 328 - 329 - 331 - 333 - 337 - 338 - 343 - 344 - 347 - 349 - 354 - 355 - 356 - 360 - 362 - 363 - 364 - 365 - 366 - 369 - 370 - 371 - 372 - 373 - 374 - 375 - 377 - 379 - 380 - 382 - 384 - 385 - 387 - 388 - 389 - 390 - 392 - 393 - 397 - 400 - 402 - 404 - 405 - 406 - 409 - 411 - 413 - 414 - 415 - 416 - 418 - 419 - 420 - 421 - 422 - 424 - 426 - 427 - 428 - 429 - 430 - 432 - 434 - 435 - 436 - 437 - 438 - 440 - 441 - 442 - 445 - 446 - 448 - 450 - 454 - 456 - 460 - 463 - 464 - 468 - 469 - 470 - 471 - 472 - 473 - 474 - 476 - 477 - 480 - 481 - 485 - 488 - 490 - 492 - 494 - 495 - 496,20819685.3,0.0,98261,100816,100.72,Cost: 98261 & Capacity: 100816
0 - 2 - 4 - 9 - 10 - 11 - 12 - 13 - 15 - 16 - 17 - 20 - 21 - 25 - 28 - 36 - 37 - 38 - 42 - 44 - 45 - 50 - 51 - 53 - 54 - 56 - 58 - 60 - 61 - 62 - 63 - 64 - 65 - 67 - 68 - 69 - 71 - 72 - 75 - 76 - 78 - 80 - 84 - 86 - 87 - 90 - 91 - 94 - 95 - 96 - 97 - 98 - 99 - 100 - 103 - 105 - 107 - 108 - 109 - 110 - 111 - 113 - 114 - 115 - 116 - 118 - 120 - 123 - 124 - 125 - 128 - 129 - 131 - 132 - 135 - 137 - 139 - 140 - 142 - 144 - 145 - 146 - 147 - 148 - 150 - 151 - 152 - 154 - 155 - 157 - 158 - 159 - 160 - 163 - 164 - 165 - 166 - 167 - 170 - 174 - 175 - 178 - 179 - 180 - 181 - 182 - 183 - 184 - 185 - 186 - 187 - 188 - 189 - 190 - 192 - 193 - 195 - 197 - 203 - 204 - 210 - 211 - 212 - 214 - 216 - 217 - 218 - 221 - 225 - 228 - 229 - 230 - 231 - 233 - 235 - 237 - 238 - 239 - 241 - 242 - 246 - 248 - 250 - 254 - 255 - 257 - 258 - 259 - 262 - 263 - 266 - 267 - 268 - 269 - 270 - 272 - 274 - 275 - 276 - 277 - 280 - 281 - 283 - 284 - 288 - 289 - 290 - 292 - 294 - 295 - 297 - 299 - 300 - 301 - 302 - 303 - 305 - 306 - 307 - 309 - 311 - 312 - 313 - 316 - 318 - 321 - 322 - 323 - 324 - 325 - 327 - 328 - 329 - 331 - 333 - 337 - 338 - 343 - 344 - 347 - 349 - 354 - 355 - 356 - 360 - 362 - 363 - 364 - 365 - 366 - 369 - 370 - 371 - 372 - 373 - 374 - 375 - 377 - 379 - 380 - 382 - 384 - 385 - 387 - 388 - 389 - 390 - 392 - 393 - 397 - 400 - 402 - 404 - 405 - 406 - 409 - 411 - 413 - 414 - 415 - 416 - 418 - 419 - 420 - 421 - 422 - 424 - 426 - 427 - 428 - 429 - 430 - 432 - 434 - 435 - 436 - 437 - 438 - 440 - 441 - 442 - 445 - 446 - 448 - 450 - 454 - 456 - 460 - 463 - 464 - 468 - 469 - 470 - 471 - 472 - 473 - 474 - 476 - 477 - 480 - 481 - 485 - 488 - 490 - 492 - 494 - 495 - 496,20819685.3,0.0,98261,100816,101.07,Cost: 98261 & Capacity: 100816
0 - 2 - 4 - 9 - 10 - 11 - 12 - 13 - 15 - 16 - 17 - 20 - 21 - 25 - 28 - 36 - 37 - 38 - 42 - 44 - 45 - 50 - 51 - 53 - 54 - 56 - 58 - 60 - 61 - 62 - 63 - 64 - 65 - 67 - 68 - 69 - 71 - 72 - 75 - 76 - 78 - 80 - 84 - 86 - 87 - 90 - 91 - 94 - 95 - 96 - 97 - 98 - 99 - 100 - 103 - 105 - 107 - 108 - 109 - 110 - 111 - 113 - 114 - 115 - 116 - 118 - 120 - 123 - 124 - 125 - 128 - 129 - 131 - 132 - 135 - 137 - 139 - 140 - 142 - 144 - 145 - 146 - 147 - 148 - 150 - 151 - 152 - 154 - 155 - 157 - 158 - 159 - 160 - 163 - 164 - 165 - 166 - 167 - 170 - 174 - 175 - 178 - 179 - 180 - 181 - 182 - 183 - 184 - 185 - 186 - 187 - 188 - 189 - 190 - 192 - 193 - 195 - 197 - 203 - 204 - 210 - 211 - 212 - 214 - 216 - 217 - 218 - 221 - 225 - 228 - 229 - 230 - 231 - 233 - 235 - 237 - 238 - 239 - 241 - 242 - 246 - 248 - 250 - 254 - 255 - 257 - 258 - 259 - 262 - 263 - 266 - 267 - 268 - 269 - 270 - 272 - 274 - 275 - 276 - 277 - 280 - 281 - 283 - 284 - 288 - 289 - 290 - 292 - 294 - 295 - 297 - 299 - 300 - 301 - 302 - 303 - 305 - 306 - 307 - 309 - 311 - 312 - 313 - 316 - 318 - 321 - 322 - 323 - 324 - 325 - 327 - 328 - 329 - 331 - 333 - 337 - 338 - 343 - 344 - 347 - 349 - 354 - 355 - 356 - 360 - 362 - 363 - 364 - 365 - 366 - 369 - 370 - 371 - 372 - 373 - 374 - 375 - 377 - 379 - 380 - 382 - 384 - 385 - 387 - 388 - 389 - 390 - 392 - 393 - 397 - 400 - 402 - 404 - 405 - 406 - 409 - 411 - 413 - 414 - 415 - 416 - 418 - 419 - 420 - 421 - 422 - 424 - 426 - 427 - 428 - 429 - 430 - 432 - 434 - 435 - 436 - 437 - 438 - 440 - 441 - 442 - 445 - 446 - 448 - 450 - 454 - 456 - 460 - 463 - 464 - 468 - 469 - 470 - 471 - 472 - 473 - 474 - 476 - 477 - 480 - 481 - 485 - 488 - 490 - 492 - 494 - 495 - 496,20819685.3,0.0,98261,100816,101.56,Cost: 98261 & Capacity: 100816
0 - 2 - 4 - 9 - 10 - 11 - 12 - 13 - 15 - 16 - 17 - 20 - 21 - 25 - 28 - 36 - 37 - 38 - 42 - 44 - 45 - 50 - 51 - 53 - 54 - 56 - 58 - 60 - 61 - 62 - 63 - 64 - 65 - 67 - 68 - 69 - 71 - 72 - 75 - 76 - 78 - 80 - 84 - 86 - 87 - 90 - 91 - 94 - 95 - 96 - 97 - 98 - 99 - 100 - 103 - 105 - 107 - 108 - 109 - 110 - 111 - 113 - 114 - 115 - 116 - 118 - 120 - 123 - 124 - 125 - 128 - 129 - 131 - 132 - 135 - 137 - 139 - 140 - 142 - 144 - 145 - 146 - 147 - 148 - 150 - 151 - 152 - 154 - 155 - 157 - 158 - 159 - 160 - 163 - 164 - 165 - 166 - 167 - 170 - 174 - 175 - 178 - 179 - 180 - 181 - 182 - 183 - 184 - 185 - 186 - 187 - 188 - 189 - 190 - 192 - 193 - 195 - 197 - 203 - 204 - 210 - 211 - 212 - 214 - 216 - 217 - 218 - 221 - 225 - 228 - 229 - 230 - 231 - 233 - 235 - 237 - 238 - 239 - 241 - 242 - 246 - 248 - 250 - 254 - 255 - 257 - 258 - 259 - 262 - 263 - 266 - 267 - 268 - 269 - 270 - 272 - 274 - 275 - 276 - 277 - 280 - 281 - 283 - 284 - 288 - 289 - 290 - 292 - 294 - 295 - 297 - 299 - 300 - 301 - 302 - 303 - 305 - 306 - 307 - 309 - 311 - 312 - 313 - 316 - 318 - 321 - 322 - 323 - 324 - 325 - 327 - 328 - 329 - 331 - 333 - 337 - 338 - 343 - 344 - 347 - 349 - 354 - 355 - 356 - 360 - 362 - 363 - 364 - 365 - 366 - 369 - 370 - 371 - 372 - 373 - 374 - 375 - 377 - 379 - 380 - 382 - 384 - 385 - 387 - 388 - 389 - 390 - 392 - 393 - 397 - 400 - 402 - 404 - 405 - 406 - 409 - 411 - 413 - 414 - 415 - 416 - 418 - 419 - 420 - 421 - 422 - 424 - 426 - 427 - 428 - 429 - 430 - 432 - 434 - 435 - 436 - 437 - 438 - 440 - 441 - 442 - 445 - 446 - 448 - 450 - 454 - 456 - 460 - 463 - 464 - 468 - 469 - 470 - 471 - 472 - 473 - 474 - 476 - 477 - 480 - 481 - 485 - 488 - 490 - 492 - 494 - 495 - 496,20819685.3,0.0,98261,100816,104.95,Cost: 98261 & Capacity: 100816
0 - 2 - 4 - 9 - 10 - 11 - 12 - 13 - 15 - 16 - 17 - 20 - 21 - 25 - 28 - 36 - 37 - 38 - 42 - 44 - 45 - 50 - 51 - 53 - 54 - 56 - 58 - 60 - 61 - 62 - 63 - 64 - 65 - 67 - 68 - 69 - 71 - 72 - 75 - 76 - 78 - 80 - 84 - 86 - 87 - 90 - 91 - 94 - 95 - 96 - 97 - 98 - 99 - 100 - 103 - 105 - 107 - 108 - 109 - 110 - 111 - 113 - 114 - 115 - 116 - 118 - 120 - 123 - 124 - 125 - 128 - 129 - 131 - 132 - 135 - 137 - 139 - 140 - 142 - 144 - 145 - 146 - 147 - 148 - 150 - 151 - 152 - 154 - 155 - 157 - 158 - 159 - 160 - 163 - 164 - 165 - 166 - 167 - 170 - 174 - 175 - 178 - 179 - 180 - 181 - 182 - 183 - 184 - 185 - 186 - 187 - 188 - 189 - 190 - 192 - 193 - 195 - 197 - 203 - 204 - 210 - 211 - 212 - 214 - 216 - 217 - 218 - 221 - 225 - 228 - 229 - 230 - 231 - 233 - 235 - 237 - 238 - 239 - 241 - 242 - 246 - 248 - 250 - 254 - 255 - 257 - 258 - 259 - 262 - 263 - 266 - 267 - 268 - 269 - 270 - 272 - 274 - 275 - 276 - 277 - 280 - 281 - 283 - 284 - 288 - 289 - 290 - 292 - 294 - 295 - 297 - 299 - 300 - 301 - 302 - 303 - 305 - 306 - 307 - 309 - 311 - 312 - 313 - 316 - 318 - 321 - 322 - 323 - 324 - 325 - 327 - 328 - 329 - 331 - 333 - 337 - 338 - 343 - 344 - 347 - 349 - 354 - 355 - 356 - 360 - 362 - 363 - 364 - 365 - 366 - 369 - 370 - 371 - 372 - 373 - 374 - 375 - 377 - 379 - 380 - 382 - 384 - 385 - 387 - 388 - 389 - 390 - 392 - 393 - 397 - 400 - 402 - 404 - 405 - 406 - 409 - 411 - 413 - 414 - 415 - 416 - 418 - 419 - 420 - 421 - 422 - 424 - 426 - 427 - 428 - 429 - 430 - 432 - 434 - 435 - 436 - 437 - 438 - 440 - 441 - 442 - 445 - 446 - 448 - 450 - 454 - 456 - 460 - 463 - 464 - 468 - 469 - 470 - 471 - 472 - 473 - 474 - 476 - 477 - 480 - 481 - 485 - 488 - 490 - 492 - 494 - 495 - 496,20819685.3,0.0,98261,100816,106.01,Cost: 98261 & Capacity: 100816
0 - 2 - 4 - 9 - 10 - 11 - 12 - 13 - 15 - 16 - 17 - 20 - 21 - 25 - 28 - 36 - 37 - 38 - 42 - 44 - 45 - 50 - 51 - 53 - 54 - 56 - 58 - 60 - 61 - 62 - 63 - 64 - 65 - 67 - 68 - 69 - 71 - 72 - 75 - 76 - 78 - 80 - 84 - 86 - 87 - 90 - 91 - 94 - 95 - 96 - 97 - 98 - 99 - 100 - 103 - 105 - 107 - 108 - 109 - 110 - 111 - 113 - 114 - 115 - 116 - 118 - 120 - 123 - 124 - 125 - 128 - 129 - 131 - 132 - 135 - 137 - 139 - 140 - 142 - 144 - 145 - 146 - 147 - 148 - 150 - 151 - 152 - 154 - 155 - 157 - 158 - 159 - 160 - 163 - 164 - 165 - 166 - 167 - 170 - 174 - 175 - 178 - 179 - 180 - 181 - 182 - 183 - 184 - 185 - 186 - 187 - 188 - 189 - 190 - 192 - 193 - 195 - 197 - 203 - 204 - 210 - 211 - 212 - 214 - 216 - 217 - 218 - 221 - 225 - 228 - 229 - 230 - 231 - 233 - 235 - 237 - 238 - 239 - 241 - 242 - 246 - 248 - 250 - 254 - 255 - 257 - 258 - 259 - 262 - 263 - 266 - 267 - 268 - 269 - 270 - 272 - 274 - 275 - 276 - 277 - 280 - 281 - 283 - 284 - 288 - 289 - 290 - 292 - 294 - 295 - 297 - 299 - 300 - 301 - 302 - 303 - 305 - 306 - 307 - 309 - 311 - 312 - 313 - 316 - 318 - 321 - 322 - 323 - 324 - 325 - 327 - 328 - 329 - 331 - 333 - 337 - 338 - 343 - 344 - 347 - 349 - 354 - 355 - 356 - 360 - 362 - 363 - 364 - 365 - 366 - 369 - 370 - 371 - 372 - 373 - 374 - 375 - 377 - 379 - 380 - 382 - 384 - 385 - 387 - 388 - 389 - 390 - 392 - 393 - 397 - 400 - 402 - 404 - 405 - 406 - 409 - 411 - 413 - 414 - 415 - 416 - 418 - 419 - 420 - 421 - 422 - 424 - 426 - 427 - 428 - 429 - 430 - 432 - 434 - 435 - 436 - 437 - 438 - 440 - 441 - 442 - 445 - 446 - 448 - 450 - 454 - 456 - 460 - 463 - 464 - 468 - 469 - 470 - 471 - 472 - 473 - 474 - 476 - 477 - 480 - 481 - 485 - 488 - 490 - 492 - 494 - 495 - 496,20819685.3,0.0,98261,100816,106.79,Cost: 98261 & Capacity: 100816
0 - 2 - 4 - 9 - 10 - 11 - 12 - 13 - 15 - 16 - 17 - 20 - 21 - 25 - 28 - 36 - 37 - 38 - 42 - 44 - 45 - 50 - 51 - 53 - 54 - 56 - 58 - 60 - 61 - 62 - 63 - 64 - 65 - 67 - 68 - 69 - 71 - 72 - 75 - 76 - 78 - 80 - 84 - 86 - 87 - 90 - 91 - 94 - 95 - 96 - 97 - 98 - 99 - 100 - 103 - 105 - 107 - 108 - 109 - 110 - 111 - 113 - 114 - 115 - 116 - 118 - 120 - 123 - 124 - 125 - 128 - 129 - 131 - 132 - 135 - 137 - 139 - 140 - 142 - 144 - 145 - 146 - 147 - 148 - 150 - 151 - 152 - 154 - 155 - 157 - 158 - 159 - 160 - 163 - 164 - 165 - 166 - 167 - 170 - 174 - 175 - 178 - 179 - 180 - 181 - 182 - 183 - 184 - 185 - 186 - 187 - 188 - 189 - 190 - 192 - 193 - 195 - 197 - 203 - 204 - 210 - 211 - 212 - 214 - 216 - 217 - 218 - 221 - 225 - 228 - 229 - 230 - 231 - 233 - 235 - 237 - 238 - 239 - 241 - 242 - 246 - 248 - 250 - 254 - 255 - 257 - 258 - 259 - 262 - 263 - 266 - 267 - 268 - 269 - 270 - 272 - 274 - 275 - 276 - 277 - 280 - 281 - 283 - 284 - 288 - 289 - 290 - 292 - 294 - 295 - 297 - 299 - 300 - 301 - 302 - 303 - 305 - 306 - 307 - 309 - 311 - 312 - 313 - 316 - 318 - 321 - 322 - 323 - 324 - 325 - 327 - 328 - 329 - 331 - 333 - 337 - 338 - 343 - 344 - 347 - 349 - 354 - 355 - 356 - 360 - 362 - 363 - 364 - 365 - 366 - 369 - 370 - 371 - 372 - 373 - 374 - 375 - 377 - 379 - 380 - 382 - 384 - 385 - 387 - 388 - 389 - 390 - 392 - 393 - 397 - 400 - 402 - 404 - 405 - 406 - 409 - 411 - 413 - 414 - 415 - 416 - 418 - 419 - 420 - 421 - 422 - 424 - 426 - 427 - 428 - 429 - 430 - 432 - 434 - 435 - 436 - 437 - 438 - 440 - 441 - 442 - 445 - 446 - 448 - 450 - 454 - 456 - 460 - 463 - 464 - 468 - 469 - 470 - 471 - 472 - 473 - 474 - 476 - 477 - 480 - 481 - 485 - 488 - 490 - 492 - 494 - 495 - 496,20819685.3,0.0,98261,100816,109.48,Cost: 98261 & Capacity: 100816
0 - 2 - 4 - 9 - 10 - 11 - 12 - 13 - 15 - 16 - 17 - 20 - 21 - 25 - 28 - 36 - 37 - 38 - 42 - 44 - 45 - 50 - 51 - 53 - 54 - 56 - 58 - 60 - 61 - 62 - 63 - 64 - 65 - 67 - 68 - 69 - 71 - 72 - 75 - 76 - 78 - 80 - 84 - 86 - 87 - 90 - 91 - 94 - 95 - 96 - 97 - 98 - 99 - 100 - 103 - 105 - 107 - 108 - 109 - 110 - 111 - 113 - 114 - 115 - 116 - 118 - 120 - 123 - 124 - 125 - 128 - 129 - 131 - 132 - 135 - 137 - 139 - 140 - 142 - 144 - 145 - 146 - 147 - 148 - 150 - 151 - 152 - 154 - 155 - 157 - 158 - 159 - 160 - 163 - 164 - 165 - 166 - 167 - 170 - 174 - 175 - 178 - 179 - 180 - 181 - 182 - 183 - 184 - 185 - 186 - 187 - 188 - 189 - 190 - 192 - 193 - 195 - 197 - 203 - 204 - 210 - 211 - 212 - 214 - 216 - 217 - 218 - 221 - 225 - 228 - 229 - 230 - 231 - 233 - 235 - 237 - 238 - 239 - 241 - 242 - 246 - 248 - 250 - 254 - 255 - 257 - 258 - 259 - 262 - 263 - 266 - 267 - 268 - 269 - 270 - 272 - 274 - 275 - 276 - 277 - 280 - 281 - 283 - 284 - 288 - 289 - 290 - 292 - 294 - 295 - 297 - 299 - 300 - 301 - 302 - 303 - 305 - 306 - 307 - 309 - 311 - 312 - 313 - 316 - 318 - 321 - 322 - 323 - 324 - 325 - 327 - 328 - 329 - 331 - 333 - 337 - 338 - 343 - 344 - 347 - 349 - 354 - 355 - 356 - 360 - 362 - 363 - 364 - 365 - 366 - 369 - 370 - 371 - 372 - 373 - 374 - 375 - 377 - 379 - 380 - 382 - 384 - 385 - 387 - 388 - 389 - 390 - 392 - 393 - 397 - 400 - 402 - 404 - 405 - 406 - 409 - 411 - 413 - 414 - 415 - 416 - 418 - 419 - 420 - 421 - 422 - 424 - 426 - 427 - 428 - 429 - 430 - 432 - 434 - 435 - 436 - 437 - 438 - 440 - 441 - 442 - 445 - 446 - 448 - 450 - 454 - 456 - 460 - 463 - 464 - 468 - 469 - 470 - 471 - 472 - 473 - 474 - 476 - 477 - 480 - 481 - 485 - 488 - 490 - 492 - 494 - 495 - 496,20819685.3,0.0,98261,100816,110.55,Cost: 98261 & Capacity: 100816
0 - 2 - 4 - 9 - 10 - 11 - 12 - 13 - 15 - 16 - 17 - 20 - 21 - 28 - 34 - 36 - 37 - 38 - 42 - 44 - 45 - 50 - 51 - 53 - 54 - 56 - 58 - 59 - 60 - 61 - 62 - 63 - 64 - 65 - 67 - 68 - 69 - 71 - 72 - 75 - 76 - 78 - 80 - 84 - 86 - 87 - 90 - 91 - 94 - 95 - 96 - 97 - 98 - 99 - 100 - 103 - 105 - 107 - 108 - 109 - 110 - 111 - 113 - 114 - 115 - 116 - 118 - 120 - 123 - 124 - 125 - 128 - 129 - 131 - 132 - 135 - 137 - 140 - 142 - 144 - 145 - 146 - 147 - 148 - 150 - 151 - 152 - 154 - 155 - 158 - 159 - 160 - 163 - 164 - 165 - 166 - 167 - 170 - 174 - 175 - 178 - 179 - 180 - 181 - 182 - 183 - 184 - 185 - 186 - 187 - 188 - 189 - 190 - 192 - 193 - 195 - 197 - 200 - 203 - 204 - 210 - 211 - 212 - 214 - 215 - 216 - 217 - 218 - 221 - 225 - 228 - 229 - 230 - 231 - 233 - 235 - 237 - 238 - 239 - 241 - 242 - 246 - 248 - 250 - 254 - 255 - 257 - 258 - 259 - 262 - 263 - 266 - 267 - 268 - 269 - 270 - 272 - 274 - 275 - 276 - 277 - 280 - 281 - 283 - 284 - 288 - 289 - 290 - 292 - 294 - 295 - 297 - 299 - 300 - 301 - 302 - 303 - 305 - 306 - 307 - 309 - 311 - 312 - 313 - 316 - 318 - 322 - 323 - 324 - 325 - 327 - 328 - 329 - 331 - 333 - 335 - 337 - 338 - 343 - 344 - 347 - 349 - 354 - 355 - 356 - 360 - 362 - 363 - 364 - 365 - 366 - 369 - 370 - 371 - 372 - 373 - 374 - 375 - 377 - 379 - 380 - 382 - 384 - 385 - 387 - 388 - 389 - 390 - 392 - 393 - 397 - 400 - 402 - 404 - 405 - 406 - 409 - 411 - 413 - 414 - 415 - 416 - 418 - 419 - 420 - 421 - 422 - 424 - 426 - 427 - 428 - 429 - 430 - 432 - 434 - 435 - 437 - 438 - 440 - 441 - 442 - 445 - 446 - 448 - 450 - 454 - 456 - 458 - 460 - 463 - 464 - 466 - 468 - 469 - 470 - 472 - 473 - 474 - 476 - 477 - 480 - 481 - 485 - 488 - 490 - 492 - 494 - 495 - 496,20902077.8,0.0,98257,100637,110.58,Cost: 98257 & Capacity: 100637
0 - 5 - 12 - 21 - 25 - 32 - 36 - 37 - 42 - 44 - 53 - 64 - 66 - 67 - 72 - 73 - 75 - 80 - 81 - 84 - 88 - 95 - 99 - 105 - 107 - 110 - 111 - 120 - 127 - 128 - 136 - 137 - 140 - 143 - 144 - 146 - 147 - 152 - 154 - 158 - 159 - 160 - 163 - 164 - 166 - 170 - 176 - 178 - 180 - 190 - 192 - 200 - 213 - 216 - 217 - 222 - 223 - 224 - 227 - 231 - 232 - 233 - 234 - 235 - 236 - 237 - 239 - 246 - 247 - 255 - 260 - 261 - 263 - 266 - 269 - 272 - 273 - 275 - 277 - 278 - 279 - 284 - 285 - 287 - 288 - 290 - 292 - 294 - 297 - 298 - 299 - 300 - 302 - 303 - 304 - 305 - 306 - 308 - 309 - 311 - 312 - 315 - 316 - 318 - 320 - 322 - 323 - 327 - 332 - 333 - 338 - 341 - 343 - 344 - 345 - 349 - 356 - 358 - 361 - 365 - 366 - 371 - 372 - 373 - 374 - 376 - 381 - 382 - 384 - 385 - 387 - 388 - 389 - 390 - 391 - 392 - 393 - 395 - 397 - 399 - 401 - 403 - 404 - 406 - 407 - 411 - 413 - 416 - 419 - 423 - 424 - 425 - 427 - 428 - 430 - 432 - 436 - 437 - 438 - 442 - 446 - 450 - 454 - 459 - 460 - 464 - 470 - 474 - 475 - 476 - 477 - 480 - 485 - 488 - 489 - 492 - 493 - 494 - 495 - 497 - 499,8292448.6,10.6,98219,79649,110.98,Cost: 98219 & Capacity: 79649
0 - 2 - 4 - 9 - 10 - 11 - 12 - 13 - 15 - 16 - 17 - 20 - 21 - 25 - 28 - 36 - 37 - 38 - 42 - 44 - 45 - 50 - 51 - 53 - 54 - 56 - 58 - 60 - 61 - 62 - 63 - 64 - 65 - 67 - 68 - 69 - 71 - 72 - 75 - 76 - 78 - 80 - 84 - 86 - 87 - 90 - 91 - 94 - 95 - 96 - 97 - 98 - 99 - 100 - 103 - 105 - 107 - 108 - 109 - 110 - 111 - 113 - 114 - 115 - 116 - 118 - 120 - 123 - 124 - 125 - 128 - 129 - 131 - 132 - 135 - 137 - 139 - 140 - 142 - 144 - 145 - 146 - 147 - 148 - 150 - 151 - 152 - 154 - 155 - 157 - 158 - 159 - 160 - 163 - 164 - 165 - 166 - 167 - 170 - 174 - 175 - 178 - 179 - 180 - 181 - 182 - 183 - 184 - 185 - 186 - 187 - 188 - 189 - 190 - 192 - 193 - 195 - 197 - 203 - 204 - 210 - 211 - 212 - 214 - 216 - 217 - 218 - 221 - 225 - 228 - 229 - 230 - 231 - 233 - 235 - 237 - 238 - 239 - 241 - 242 - 246 - 248 - 250 - 254 - 255 - 257 - 258 - 259 - 262 - 263 - 266 - 267 - 268 - 269 - 270 - 272 - 274 - 275 - 276 - 277 - 280 - 281 - 283 - 284 - 288 - 289 - 290 - 292 - 294 - 295 - 297 - 299 - 300 - 301 - 302 - 303 - 305 - 306 - 307 - 309 - 311 - 312 - 313 - 316 - 318 - 321 - 322 - 323 - 324 - 325 - 327 - 328 - 329 - 331 - 333 - 337 - 338 - 343 - 344 - 347 - 349 - 354 - 355 - 356 - 360 - 362 - 363 - 364 - 365 - 366 - 369 - 370 - 371 - 372 - 373 - 374 - 375 - 377 - 379 - 380 - 382 - 384 - 385 - 387 - 388 - 389 - 390 - 392 - 393 - 397 - 400 - 402 - 404 - 405 - 406 - 409 - 411 - 413 - 414 - 415 - 416 - 418 - 419 - 420 - 421 - 422 - 424 - 426 - 427 - 428 - 429 - 430 - 432 - 434 - 435 - 436 - 437 - 438 - 440 - 441 - 442 - 445 - 446 - 448 - 450 - 454 - 456 - 460 - 463 - 464 - 468 - 469 - 470 - 471 - 472 - 473 - 474 - 476 - 477 - 480 - 481 - 485 - 488 - 490 - 492 - 494 - 495 - 496,20819685.3,0.0,98261,100816,112.13,Cost: 98261 & Capacity: 100816
0 - 4 - 5 - 11 - 12 - 13 - 16 - 21 - 22 - 25 - 28 - 29 - 36 - 37 - 44 - 45 - 50 - 51 - 53 - 54 - 58 - 60 - 61 - 64 - 66 - 67 - 68 - 69 - 72 - 75 - 79 - 80 - 81 - 86 - 87 - 88 - 94 - 96 - 98 - 99 - 100 - 107 - 110 - 111 - 114 - 118 - 120 - 123 - 124 - 126 - 127 - 128 - 132 - 136 - 137 - 144 - 146 - 147 - 149 - 154 - 157 - 158 - 159 - 160 - 161 - 162 - 163 - 164 - 166 - 170 - 171 - 174 - 175 - 178 - 179 - 181 - 185 - 186 - 187 - 188 - 189 - 190 - 192 - 194 - 195 - 201 - 204 - 207 - 209 - 211 - 212 - 217 - 218 - 219 - 221 - 223 - 225 - 230 - 231 - 235 - 237 - 238 - 246 - 247 - 252 - 254 - 255 - 256 - 257 - 260 - 261 - 262 - 265 - 266 - 267 - 270 - 271 - 273 - 275 - 277 - 282 - 283 - 284 - 287 - 288 - 290 - 292 - 294 - 297 - 298 - 300 - 302 - 303 - 304 - 305 - 306 - 309 - 312 - 313 - 315 - 316 - 317 - 320 - 322 - 323 - 324 - 326 - 328 - 333 - 336 - 337 - 338 - 341 - 342 - 344 - 345 - 347 - 350 - 355 - 362 - 366 - 370 - 372 - 374 - 375 - 377 - 381 - 382 - 383 - 387 - 388 - 390 - 392 - 393 - 395 - 397 - 400 - 403 - 406 - 407 - 410 - 411 - 416 - 419 - 422 - 424 - 427 - 428 - 429 - 432 - 434 - 435 - 436 - 437 - 438 - 441 - 442 - 450 - 454 - 459 - 460 - 464 - 470 - 472 - 474 - 476 - 477 - 478 - 480 - 485 - 488 - 489 - 492 - 494 - 496 - 497,11750946.5,6.6,98039,87749,114.37,Cost: 98039 & Capacity: 87749
