Nodes,MaxSum,MaxMin,Cost,Capacity,Time,Constraint values
4 - 6 - 10 - 11 - 12 - 13 - 14 - 21 - 24 - 25 - 26 - 28 - 31 - 33 - 39 - 40 - 43 - 48 - 55 - 57 - 59 - 61 - 62 - 64 - 65 - 66 - 68 - 72 - 75 - 77 - 78 - 80 - 81 - 85 - 86 - 87 - 90 - 93 - 98 - 99 - 100 - 102 - 104 - 105 - 106 - 108 - 110 - 112 - 113 - 114 - 116 - 117 - 123 - 125 - 131 - 132 - 133 - 135 - 137 - 138 - 139 - 141 - 143 - 144 - 150 - 153 - 155 - 156 - 161 - 162 - 164 - 165 - 167 - 168 - 169 - 172 - 173 - 174 - 177 - 180 - 181 - 182 - 183 - 184 - 185 - 186 - 190 - 191 - 193 - 194 - 195 - 196 - 197 - 198 - 199 - 202 - 204 - 205 - 207 - 208 - 215 - 216 - 219 - 220 - 222 - 224 - 229 - 231 - 232 - 234 - 235 - 237 - 238 - 239 - 241 - 242 - 243 - 244 - 247 - 249 - 250 - 255 - 256 - 260 - 261 - 262 - 263 - 267 - 268 - 269 - 270 - 276 - 277 - 278 - 282 - 286 - 289 - 290 - 295 - 298 - 300 - 302 - 303 - 304 - 305 - 308 - 312 - 314 - 315 - 316 - 317 - 318 - 321 - 322 - 325 - 327 - 328 - 331 - 333 - 335 - 337 - 338 - 340 - 342 - 343 - 344 - 345 - 346 - 350 - 351 - 352 - 353 - 358 - 359 - 360 - 362 - 364 - 366 - 371 - 373 - 374 - 378 - 380 - 381 - 383 - 385 - 386 - 387 - 390 - 392 - 393 - 394 - 396 - 397 - 399 - 401 - 402 - 403 - 409 - 410 - 411 - 413 - 415 - 416 - 417 - 421 - 424 - 427 - 428 - 429 - 431 - 432 - 433 - 434 - 435 - 437 - 438 - 440 - 445 - 449 - 451 - 452 - 453 - 455 - 456 - 458 - 460 - 461 - 464 - 465 - 466 - 467 - 469 - 471 - 474 - 475 - 476 - 477 - 478 - 479 - 481 - 482 - 488 - 489 - 491 - 493 - 494 - 496,410602.5,6.0,92881,85211,1.23,Cost: 92881 & Capacity: 85211
0 - 6 - 20 - 24 - 29 - 31 - 32 - 34 - 37 - 39 - 40 - 46 - 47 - 55 - 60 - 61 - 63 - 66 - 73 - 77 - 79 - 88 - 89 - 90 - 92 - 101 - 103 - 110 - 112 - 114 - 116 - 117 - 118 - 119 - 125 - 133 - 137 - 138 - 146 - 156 - 160 - 162 - 164 - 167 - 170 - 171 - 172 - 173 - 184 - 191 - 194 - 196 - 206 - 208 - 209 - 211 - 226 - 233 - 234 - 235 - 237 - 238 - 242 - 244 - 249 - 250 - 256 - 259 - 264 - 267 - 268 - 269 - 271 - 273 - 282 - 293 - 298 - 300 - 307 - 308 - 310 - 315 - 316 - 317 - 321 - 328 - 333 - 334 - 336 - 337 - 353 - 354 - 362 - 364 - 377 - 378 - 380 - 385 - 386 - 394 - 395 - 396 - 399 - 403 - 407 - 408 - 411 - 414 - 415 - 424 - 429 - 438 - 440 - 444 - 445 - 449 - 451 - 456 - 459 - 461 - 464 - 466 - 471 - 474 - 477 - 478 - 481 - 489 - 492,118140.7,8.1,78341,59403,10.67,Cost: 78341 & Capacity: 59403
0 - 6 - 13 - 20 - 25 - 26 - 29 - 31 - 33 - 35 - 37 - 42 - 47 - 54 - 61 - 66 - 70 - 73 - 77 - 89 - 92 - 101 - 103 - 106 - 110 - 116 - 118 - 119 - 120 - 122 - 125 - 131 - 133 - 137 - 139 - 141 - 143 - 144 - 145 - 146 - 149 - 156 - 162 - 167 - 173 - 175 - 177 - 181 - 183 - 191 - 194 - 204 - 206 - 209 - 221 - 222 - 226 - 231 - 232 - 233 - 238 - 242 - 249 - 250 - 264 - 268 - 270 - 271 - 276 - 282 - 293 - 294 - 295 - 298 - 300 - 301 - 307 - 308 - 310 - 313 - 316 - 327 - 334 - 345 - 353 - 356 - 362 - 364 - 372 - 374 - 377 - 378 - 385 - 396 - 399 - 402 - 404 - 405 - 407 - 409 - 413 - 414 - 417 - 418 - 427 - 428 - 432 - 437 - 451 - 452 - 453 - 454 - 466 - 470 - 471 - 472 - 474 - 477 - 478 - 481 - 489 - 493 - 499,107244.6,8.2,76040,57025,19.83,Cost: 76040 & Capacity: 57025
6 - 14 - 15 - 26 - 33 - 35 - 39 - 41 - 42 - 48 - 54 - 61 - 62 - 72 - 73 - 75 - 77 - 89 - 106 - 110 - 112 - 116 - 120 - 126 - 137 - 138 - 144 - 145 - 146 - 162 - 167 - 170 - 180 - 183 - 191 - 204 - 206 - 208 - 209 - 219 - 222 - 226 - 227 - 233 - 236 - 238 - 242 - 244 - 249 - 250 - 270 - 271 - 276 - 293 - 294 - 300 - 307 - 316 - 322 - 327 - 328 - 333 - 345 - 353 - 356 - 362 - 364 - 367 - 374 - 377 - 378 - 380 - 385 - 388 - 393 - 396 - 397 - 402 - 405 - 407 - 411 - 414 - 418 - 420 - 424 - 427 - 428 - 440 - 451 - 454 - 456 - 459 - 461 - 463 - 466 - 471 - 473 - 474 - 478 - 488 - 489 - 492,74770.8,8.6,66698,51044,26.9,Cost: 66698 & Capacity: 51044
0 - 1 - 26 - 33 - 37 - 38 - 40 - 41 - 42 - 46 - 52 - 53 - 54 - 61 - 62 - 64 - 67 - 72 - 75 - 89 - 101 - 106 - 108 - 112 - 120 - 129 - 137 - 138 - 140 - 149 - 154 - 155 - 162 - 167 - 170 - 171 - 172 - 173 - 179 - 180 - 183 - 191 - 194 - 204 - 208 - 216 - 225 - 226 - 232 - 233 - 238 - 242 - 257 - 267 - 268 - 271 - 273 - 282 - 283 - 294 - 295 - 297 - 298 - 300 - 303 - 321 - 322 - 327 - 333 - 334 - 336 - 337 - 340 - 343 - 350 - 353 - 356 - 362 - 364 - 377 - 379 - 380 - 385 - 392 - 393 - 394 - 396 - 402 - 409 - 411 - 413 - 418 - 424 - 427 - 432 - 440 - 454 - 458 - 461 - 466 - 471 - 473 - 474 - 478 - 481 - 489 - 493,81902.2,8.5,63108,49250,31.28,Cost: 63108 & Capacity: 49250
3 - 4 - 6 - 10 - 11 - 16 - 26 - 28 - 31 - 33 - 40 - 41 - 42 - 48 - 59 - 66 - 68 - 77 - 79 - 80 - 89 - 90 - 103 - 106 - 108 - 109 - 110 - 119 - 131 - 133 - 137 - 138 - 139 - 141 - 146 - 150 - 151 - 152 - 159 - 162 - 164 - 167 - 173 - 174 - 175 - 176 - 180 - 183 - 191 - 194 - 195 - 204 - 206 - 208 - 211 - 219 - 220 - 221 - 226 - 227 - 231 - 232 - 233 - 234 - 236 - 238 - 242 - 252 - 260 - 264 - 267 - 268 - 269 - 271 - 273 - 276 - 278 - 280 - 282 - 283 - 289 - 293 - 294 - 295 - 300 - 305 - 308 - 310 - 316 - 317 - 319 - 332 - 333 - 334 - 336 - 337 - 338 - 340 - 343 - 344 - 345 - 347 - 353 - 356 - 362 - 364 - 374 - 378 - 380 - 385 - 386 - 393 - 394 - 396 - 397 - 399 - 402 - 403 - 404 - 408 - 411 - 413 - 415 - 417 - 421 - 424 - 427 - 432 - 437 - 438 - 456 - 458 - 461 - 463 - 465 - 469 - 471 - 475 - 477 - 478 - 481 - 486 - 488 - 489 - 493,147809.1,7.9,83303,66183,2.74,Cost: 83303 & Capacity: 66183
3 - 4 - 7 - 8 - 10 - 11 - 12 - 13 - 14 - 17 - 19 - 21 - 23 - 24 - 25 - 26 - 27 - 28 - 29 - 31 - 40 - 42 - 43 - 48 - 49 - 51 - 52 - 53 - 55 - 57 - 59 - 61 - 62 - 64 - 65 - 66 - 67 - 68 - 72 - 75 - 77 - 79 - 80 - 81 - 82 - 84 - 85 - 86 - 87 - 88 - 93 - 94 - 98 - 99 - 100 - 101 - 102 - 104 - 105 - 107 - 113 - 114 - 115 - 116 - 117 - 118 - 123 - 124 - 125 - 126 - 127 - 128 - 131 - 132 - 133 - 134 - 135 - 137 - 139 - 141 - 143 - 147 - 148 - 149 - 150 - 153 - 155 - 156 - 157 - 160 - 161 - 163 - 164 - 165 - 167 - 168 - 169 - 171 - 172 - 173 - 174 - 175 - 181 - 182 - 183 - 184 - 185 - 190 - 191 - 193 - 194 - 195 - 196 - 197 - 199 - 201 - 202 - 204 - 205 - 207 - 208 - 211 - 215 - 216 - 219 - 220 - 221 - 222 - 223 - 225 - 226 - 230 - 231 - 235 - 239 - 241 - 242 - 243 - 244 - 245 - 246 - 249 - 250 - 251 - 253 - 255 - 258 - 260 - 262 - 263 - 267 - 268 - 269 - 270 - 273 - 278 - 279 - 280 - 281 - 282 - 284 - 285 - 286 - 288 - 289 - 290 - 291 - 293 - 294 - 295 - 296 - 298 - 299 - 300 - 302 - 303 - 304 - 305 - 308 - 309 - 312 - 313 - 314 - 315 - 316 - 317 - 318 - 321 - 322 - 325 - 327 - 331 - 333 - 334 - 335 - 337 - 338 - 339 - 340 - 342 - 343 - 344 - 345 - 346 - 350 - 351 - 352 - 353 - 358 - 359 - 360 - 362 - 366 - 368 - 371 - 373 - 374 - 377 - 378 - 380 - 381 - 382 - 383 - 385 - 386 - 387 - 388 - 390 - 392 - 393 - 394 - 396 - 397 - 399 - 400 - 401 - 402 - 403 - 410 - 413 - 414 - 415 - 417 - 421 - 422 - 423 - 424 - 425 - 426 - 428 - 429 - 432 - 433 - 434 - 435 - 437 - 438 - 440 - 441 - 444 - 447 - 448 - 449 - 451 - 452 - 453 - 454 - 455 - 457 - 458 - 460 - 461 - 462 - 463 - 464 - 465 - 469 - 470 - 471 - 474 - 476 - 477 - 479 - 480 - 481 - 482 - 483 - 485 - 488 - 489 - 490 - 491 - 492 - 493 - 494 - 495 - 497,574428.3,2.7,93358,91627,4.6,Cost: 93358 & Capacity: 91627
3 - 4 - 7 - 8 - 10 - 11 - 12 - 13 - 14 - 17 - 19 - 21 - 23 - 24 - 25 - 26 - 27 - 28 - 29 - 31 - 40 - 42 - 43 - 48 - 49 - 51 - 52 - 53 - 55 - 57 - 59 - 61 - 62 - 64 - 65 - 66 - 67 - 68 - 72 - 75 - 77 - 78 - 79 - 80 - 81 - 82 - 84 - 85 - 86 - 87 - 88 - 93 - 94 - 98 - 99 - 100 - 101 - 102 - 104 - 105 - 107 - 113 - 114 - 115 - 116 - 117 - 118 - 123 - 124 - 125 - 126 - 127 - 128 - 131 - 132 - 133 - 134 - 135 - 137 - 139 - 141 - 143 - 147 - 148 - 149 - 150 - 153 - 155 - 156 - 157 - 160 - 161 - 163 - 164 - 165 - 167 - 168 - 169 - 171 - 172 - 173 - 174 - 175 - 180 - 181 - 182 - 183 - 184 - 185 - 190 - 191 - 193 - 194 - 195 - 196 - 197 - 199 - 201 - 202 - 204 - 205 - 207 - 208 - 211 - 215 - 216 - 219 - 220 - 221 - 222 - 223 - 225 - 226 - 230 - 231 - 235 - 239 - 241 - 242 - 243 - 244 - 245 - 246 - 249 - 250 - 251 - 253 - 255 - 256 - 260 - 262 - 263 - 267 - 268 - 269 - 270 - 273 - 277 - 278 - 279 - 281 - 282 - 284 - 285 - 286 - 288 - 289 - 290 - 291 - 293 - 294 - 295 - 296 - 298 - 299 - 300 - 301 - 302 - 303 - 304 - 305 - 312 - 313 - 314 - 315 - 316 - 317 - 318 - 320 - 321 - 322 - 325 - 326 - 327 - 331 - 333 - 334 - 335 - 337 - 338 - 340 - 342 - 343 - 344 - 345 - 346 - 350 - 351 - 352 - 353 - 358 - 359 - 360 - 362 - 366 - 368 - 371 - 373 - 374 - 377 - 378 - 380 - 381 - 383 - 385 - 386 - 387 - 388 - 390 - 392 - 393 - 394 - 396 - 397 - 399 - 400 - 401 - 402 - 403 - 410 - 413 - 414 - 415 - 417 - 421 - 422 - 423 - 424 - 425 - 426 - 428 - 429 - 432 - 433 - 434 - 435 - 437 - 438 - 440 - 443 - 447 - 448 - 449 - 451 - 452 - 453 - 454 - 455 - 457 - 458 - 460 - 461 - 462 - 464 - 465 - 469 - 471 - 474 - 476 - 477 - 479 - 481 - 482 - 483 - 485 - 488 - 489 - 490 - 491 - 492 - 493 - 494 - 495 - 496 - 497,564318.9,4.4,93355,92059,4.81,Cost: 93355 & Capacity: 92059
0 - 1 - 2 - 6 - 14 - 20 - 26 - 28 - 32 - 35 - 37 - 39 - 40 - 41 - 62 - 73 - 75 - 77 - 101 - 106 - 110 - 112 - 114 - 133 - 137 - 138 - 139 - 140 - 141 - 143 - 144 - 149 - 151 - 156 - 162 - 167 - 173 - 177 - 180 - 182 - 183 - 184 - 191 - 194 - 206 - 208 - 209 - 211 - 217 - 226 - 233 - 238 - 242 - 250 - 257 - 267 - 271 - 273 - 278 - 293 - 295 - 300 - 303 - 322 - 327 - 333 - 334 - 343 - 347 - 350 - 352 - 353 - 356 - 358 - 362 - 364 - 374 - 376 - 377 - 385 - 386 - 388 - 392 - 393 - 396 - 399 - 402 - 405 - 411 - 413 - 417 - 418 - 424 - 427 - 429 - 437 - 440 - 445 - 449 - 451 - 452 - 454 - 458 - 459 - 461 - 463 - 466 - 471 - 478 - 481 - 487 - 489,89856.5,8.4,65450,52366,9.74,Cost: 65450 & Capacity: 52366
3 - 4 - 7 - 8 - 10 - 11 - 12 - 13 - 14 - 17 - 19 - 21 - 23 - 24 - 25 - 26 - 28 - 29 - 31 - 40 - 42 - 43 - 48 - 49 - 51 - 52 - 53 - 55 - 57 - 59 - 61 - 62 - 64 - 65 - 66 - 67 - 68 - 72 - 75 - 77 - 79 - 80 - 81 - 82 - 84 - 85 - 86 - 87 - 88 - 90 - 93 - 94 - 98 - 99 - 100 - 101 - 102 - 104 - 105 - 113 - 114 - 115 - 116 - 117 - 118 - 123 - 124 - 125 - 126 - 127 - 128 - 131 - 132 - 133 - 134 - 135 - 137 - 139 - 141 - 143 - 148 - 149 - 150 - 153 - 155 - 156 - 157 - 160 - 161 - 163 - 164 - 165 - 167 - 168 - 169 - 171 - 172 - 173 - 174 - 175 - 180 - 181 - 182 - 183 - 184 - 185 - 190 - 191 - 193 - 194 - 195 - 196 - 197 - 199 - 201 - 202 - 204 - 205 - 207 - 208 - 211 - 215 - 216 - 219 - 220 - 221 - 222 - 223 - 225 - 226 - 230 - 231 - 235 - 239 - 241 - 242 - 243 - 244 - 245 - 246 - 249 - 250 - 251 - 253 - 255 - 256 - 260 - 262 - 263 - 267 - 268 - 269 - 270 - 273 - 277 - 278 - 279 - 281 - 282 - 284 - 285 - 286 - 288 - 289 - 290 - 291 - 293 - 295 - 296 - 298 - 299 - 300 - 302 - 303 - 304 - 305 - 308 - 312 - 313 - 314 - 315 - 316 - 317 - 318 - 320 - 321 - 322 - 325 - 327 - 328 - 331 - 333 - 334 - 335 - 337 - 338 - 340 - 342 - 343 - 344 - 345 - 346 - 350 - 351 - 352 - 353 - 358 - 359 - 360 - 362 - 365 - 366 - 368 - 371 - 373 - 374 - 377 - 378 - 380 - 381 - 383 - 385 - 386 - 387 - 388 - 389 - 390 - 392 - 393 - 394 - 396 - 397 - 399 - 400 - 401 - 402 - 403 - 405 - 410 - 413 - 414 - 415 - 417 - 421 - 422 - 423 - 424 - 425 - 426 - 428 - 429 - 432 - 433 - 434 - 435 - 437 - 438 - 440 - 443 - 447 - 448 - 449 - 451 - 452 - 453 - 454 - 455 - 457 - 458 - 460 - 461 - 462 - 464 - 465 - 469 - 471 - 474 - 476 - 477 - 479 - 481 - 482 - 483 - 485 - 488 - 489 - 490 - 491 - 492 - 493 - 494 - 495 - 496 - 497,562484.2,4.5,93358,91630,12.59,Cost: 93358 & Capacity: 91630
0 - 3 - 4 - 6 - 17 - 21 - 25 - 26 - 28 - 31 - 32 - 33 - 40 - 41 - 42 - 50 - 59 - 61 - 63 - 66 - 77 - 80 - 84 - 85 - 89 - 90 - 93 - 100 - 101 - 103 - 104 - 105 - 108 - 110 - 112 - 113 - 116 - 117 - 119 - 125 - 128 - 131 - 133 - 137 - 138 - 139 - 140 - 141 - 150 - 155 - 156 - 158 - 162 - 164 - 167 - 169 - 172 - 173 - 174 - 176 - 177 - 180 - 182 - 183 - 190 - 191 - 194 - 196 - 197 - 207 - 211 - 215 - 216 - 217 - 219 - 220 - 222 - 226 - 227 - 229 - 231 - 232 - 234 - 235 - 236 - 237 - 238 - 239 - 242 - 243 - 249 - 252 - 254 - 255 - 256 - 260 - 264 - 267 - 268 - 271 - 273 - 276 - 282 - 286 - 289 - 293 - 294 - 295 - 298 - 300 - 304 - 305 - 308 - 310 - 314 - 316 - 317 - 319 - 321 - 327 - 328 - 331 - 333 - 334 - 335 - 337 - 338 - 342 - 343 - 345 - 351 - 353 - 359 - 362 - 364 - 366 - 372 - 373 - 374 - 378 - 380 - 385 - 386 - 389 - 390 - 392 - 393 - 394 - 396 - 399 - 402 - 403 - 408 - 409 - 411 - 413 - 414 - 415 - 416 - 417 - 420 - 424 - 427 - 429 - 432 - 434 - 437 - 438 - 440 - 445 - 449 - 452 - 453 - 456 - 458 - 461 - 463 - 464 - 465 - 466 - 467 - 469 - 471 - 473 - 475 - 477 - 478 - 481 - 486 - 488 - 493,253141.8,7.3,93345,79154,16.61,Cost: 93345 & Capacity: 79154
1 - 3 - 6 - 7 - 26 - 28 - 29 - 31 - 32 - 33 - 35 - 40 - 41 - 42 - 55 - 59 - 61 - 63 - 66 - 77 - 80 - 89 - 90 - 93 - 96 - 103 - 106 - 108 - 109 - 110 - 111 - 112 - 118 - 119 - 120 - 129 - 131 - 133 - 137 - 138 - 139 - 141 - 144 - 149 - 152 - 162 - 164 - 167 - 173 - 174 - 175 - 176 - 177 - 180 - 182 - 189 - 191 - 194 - 197 - 204 - 206 - 211 - 213 - 217 - 219 - 220 - 222 - 226 - 227 - 231 - 232 - 233 - 234 - 236 - 238 - 239 - 242 - 244 - 249 - 252 - 260 - 263 - 267 - 268 - 271 - 273 - 274 - 279 - 282 - 289 - 290 - 293 - 294 - 295 - 298 - 300 - 305 - 308 - 315 - 316 - 319 - 321 - 327 - 332 - 333 - 334 - 337 - 338 - 340 - 342 - 345 - 353 - 358 - 362 - 364 - 365 - 366 - 372 - 374 - 378 - 380 - 385 - 386 - 389 - 392 - 393 - 395 - 396 - 399 - 402 - 408 - 410 - 411 - 414 - 415 - 417 - 420 - 424 - 427 - 432 - 437 - 438 - 440 - 454 - 456 - 458 - 461 - 463 - 464 - 466 - 471 - 475 - 477 - 478 - 481 - 486 - 488 - 489 - 493,177786.6,7.8,88313,70315,16.74,Cost: 88313 & Capacity: 70315
3 - 4 - 7 - 8 - 10 - 11 - 12 - 13 - 14 - 17 - 19 - 21 - 23 - 24 - 25 - 26 - 28 - 29 - 31 - 40 - 42 - 43 - 48 - 49 - 51 - 52 - 53 - 55 - 57 - 59 - 61 - 62 - 64 - 65 - 66 - 67 - 68 - 72 - 75 - 77 - 78 - 79 - 80 - 81 - 82 - 84 - 85 - 86 - 87 - 88 - 93 - 94 - 98 - 99 - 100 - 101 - 102 - 104 - 105 - 107 - 113 - 114 - 115 - 116 - 117 - 118 - 123 - 124 - 125 - 126 - 127 - 128 - 131 - 132 - 133 - 134 - 135 - 137 - 139 - 141 - 143 - 148 - 149 - 150 - 153 - 155 - 156 - 157 - 160 - 161 - 163 - 164 - 165 - 167 - 168 - 169 - 171 - 172 - 173 - 174 - 175 - 181 - 182 - 183 - 184 - 185 - 190 - 191 - 193 - 194 - 195 - 196 - 197 - 199 - 201 - 202 - 204 - 205 - 207 - 208 - 211 - 215 - 216 - 219 - 220 - 221 - 222 - 223 - 225 - 226 - 230 - 231 - 235 - 239 - 241 - 242 - 243 - 244 - 245 - 246 - 249 - 250 - 251 - 253 - 255 - 256 - 260 - 262 - 263 - 267 - 268 - 269 - 270 - 273 - 277 - 278 - 279 - 280 - 281 - 282 - 284 - 285 - 286 - 288 - 289 - 290 - 291 - 293 - 294 - 295 - 296 - 298 - 299 - 300 - 302 - 303 - 304 - 305 - 309 - 312 - 313 - 314 - 315 - 316 - 317 - 318 - 320 - 321 - 322 - 325 - 327 - 331 - 333 - 334 - 335 - 337 - 338 - 339 - 340 - 342 - 343 - 344 - 345 - 346 - 350 - 351 - 352 - 353 - 358 - 359 - 360 - 362 - 366 - 368 - 371 - 373 - 374 - 377 - 378 - 380 - 381 - 382 - 383 - 385 - 386 - 387 - 388 - 390 - 392 - 393 - 394 - 396 - 397 - 399 - 400 - 401 - 402 - 403 - 410 - 413 - 414 - 415 - 417 - 421 - 422 - 423 - 424 - 425 - 426 - 428 - 429 - 432 - 433 - 434 - 435 - 437 - 438 - 440 - 443 - 447 - 448 - 449 - 451 - 452 - 453 - 454 - 455 - 457 - 458 - 460 - 461 - 462 - 463 - 464 - 465 - 469 - 470 - 471 - 474 - 476 - 477 - 479 - 480 - 481 - 482 - 483 - 485 - 488 - 489 - 490 - 491 - 492 - 493 - 494 - 495 - 496 - 497,572679.6,3.9,93347,91720,21.49,Cost: 93347 & Capacity: 91720
6 - 12 - 21 - 25 - 26 - 28 - 31 - 33 - 40 - 42 - 48 - 50 - 51 - 55 - 57 - 59 - 61 - 62 - 63 - 64 - 66 - 80 - 83 - 84 - 85 - 89 - 90 - 93 - 98 - 100 - 104 - 108 - 110 - 112 - 113 - 116 - 119 - 124 - 125 - 128 - 131 - 133 - 137 - 138 - 139 - 140 - 141 - 143 - 146 - 150 - 151 - 152 - 153 - 155 - 156 - 158 - 162 - 167 - 168 - 172 - 173 - 174 - 176 - 180 - 182 - 184 - 189 - 190 - 191 - 193 - 196 - 197 - 198 - 207 - 211 - 215 - 216 - 219 - 220 - 222 - 231 - 232 - 234 - 235 - 236 - 237 - 238 - 242 - 249 - 252 - 255 - 260 - 263 - 264 - 267 - 268 - 276 - 282 - 286 - 300 - 304 - 305 - 308 - 312 - 314 - 316 - 317 - 318 - 321 - 327 - 331 - 333 - 336 - 337 - 338 - 340 - 342 - 345 - 346 - 350 - 351 - 353 - 358 - 362 - 364 - 372 - 374 - 378 - 381 - 385 - 386 - 390 - 392 - 393 - 394 - 396 - 397 - 399 - 402 - 403 - 404 - 408 - 409 - 415 - 416 - 417 - 421 - 423 - 424 - 427 - 428 - 429 - 432 - 434 - 435 - 437 - 438 - 440 - 449 - 451 - 453 - 456 - 458 - 461 - 463 - 464 - 466 - 467 - 469 - 471 - 477 - 478 - 481 - 486 - 489 - 491 - 492 - 493 - 499,220986.8,7.4,83196,68226,21.95,Cost: 83196 & Capacity: 68226
3 - 4 - 7 - 8 - 10 - 11 - 12 - 13 - 14 - 17 - 19 - 21 - 23 - 24 - 25 - 26 - 28 - 29 - 31 - 40 - 42 - 43 - 48 - 49 - 51 - 52 - 53 - 55 - 57 - 59 - 61 - 62 - 64 - 65 - 66 - 67 - 68 - 72 - 75 - 77 - 78 - 79 - 80 - 81 - 82 - 84 - 85 - 86 - 87 - 88 - 93 - 94 - 98 - 99 - 100 - 101 - 102 - 104 - 105 - 107 - 113 - 114 - 115 - 116 - 117 - 118 - 123 - 124 - 125 - 126 - 127 - 128 - 131 - 132 - 133 - 134 - 135 - 137 - 139 - 141 - 143 - 148 - 149 - 150 - 153 - 155 - 156 - 157 - 160 - 161 - 163 - 164 - 165 - 167 - 168 - 169 - 171 - 172 - 173 - 174 - 175 - 181 - 182 - 183 - 184 - 185 - 190 - 191 - 193 - 194 - 195 - 196 - 197 - 199 - 201 - 202 - 204 - 205 - 207 - 208 - 211 - 215 - 216 - 219 - 220 - 221 - 222 - 223 - 225 - 226 - 230 - 231 - 235 - 239 - 241 - 242 - 243 - 244 - 245 - 246 - 249 - 250 - 251 - 253 - 255 - 256 - 260 - 262 - 263 - 267 - 268 - 269 - 270 - 273 - 277 - 278 - 279 - 280 - 281 - 282 - 284 - 285 - 286 - 288 - 289 - 290 - 291 - 293 - 294 - 295 - 296 - 298 - 299 - 300 - 302 - 303 - 304 - 305 - 309 - 312 - 313 - 314 - 315 - 316 - 317 - 318 - 320 - 321 - 322 - 325 - 327 - 331 - 333 - 334 - 335 - 337 - 338 - 339 - 340 - 342 - 343 - 344 - 345 - 346 - 350 - 351 - 352 - 353 - 358 - 359 - 360 - 362 - 366 - 368 - 371 - 373 - 374 - 377 - 378 - 380 - 381 - 382 - 383 - 385 - 386 - 387 - 388 - 390 - 392 - 393 - 394 - 396 - 397 - 399 - 400 - 401 - 402 - 403 - 410 - 413 - 414 - 415 - 417 - 421 - 422 - 423 - 424 - 425 - 426 - 428 - 429 - 432 - 433 - 434 - 435 - 437 - 438 - 440 - 443 - 447 - 448 - 449 - 451 - 452 - 453 - 454 - 455 - 457 - 458 - 460 - 461 - 462 - 463 - 464 - 465 - 469 - 470 - 471 - 474 - 476 - 477 - 479 - 480 - 481 - 482 - 483 - 485 - 488 - 489 - 490 - 491 - 492 - 493 - 494 - 495 - 496 - 497,572679.6,3.9,93347,91720,25.19,Cost: 93347 & Capacity: 91720
3 - 4 - 7 - 8 - 10 - 11 - 12 - 13 - 14 - 17 - 19 - 21 - 23 - 24 - 25 - 26 - 28 - 29 - 31 - 40 - 42 - 43 - 48 - 49 - 51 - 52 - 53 - 55 - 57 - 59 - 61 - 62 - 64 - 65 - 66 - 67 - 68 - 72 - 75 - 77 - 78 - 79 - 80 - 81 - 82 - 84 - 85 - 86 - 87 - 88 - 93 - 94 - 98 - 99 - 100 - 101 - 102 - 104 - 105 - 107 - 113 - 114 - 115 - 116 - 117 - 118 - 123 - 124 - 125 - 126 - 127 - 128 - 131 - 132 - 133 - 134 - 135 - 137 - 139 - 141 - 143 - 148 - 149 - 150 - 153 - 155 - 156 - 157 - 160 - 161 - 163 - 164 - 165 - 167 - 168 - 169 - 171 - 172 - 173 - 174 - 175 - 181 - 182 - 183 - 184 - 185 - 190 - 191 - 193 - 194 - 195 - 196 - 197 - 199 - 201 - 202 - 204 - 205 - 207 - 208 - 211 - 215 - 216 - 219 - 220 - 221 - 222 - 223 - 225 - 226 - 230 - 231 - 235 - 239 - 241 - 242 - 243 - 244 - 245 - 246 - 249 - 250 - 251 - 253 - 255 - 256 - 260 - 262 - 263 - 267 - 268 - 269 - 270 - 273 - 277 - 278 - 279 - 280 - 281 - 282 - 284 - 285 - 286 - 288 - 289 - 290 - 291 - 293 - 294 - 295 - 296 - 298 - 299 - 300 - 302 - 303 - 304 - 305 - 309 - 312 - 313 - 314 - 315 - 316 - 317 - 318 - 320 - 321 - 322 - 325 - 327 - 331 - 333 - 334 - 335 - 337 - 338 - 339 - 340 - 342 - 343 - 344 - 345 - 346 - 350 - 351 - 352 - 353 - 358 - 359 - 360 - 362 - 366 - 368 - 371 - 373 - 374 - 377 - 378 - 380 - 381 - 382 - 383 - 385 - 386 - 387 - 388 - 390 - 392 - 393 - 394 - 396 - 397 - 399 - 400 - 401 - 402 - 403 - 410 - 413 - 414 - 415 - 417 - 421 - 422 - 423 - 424 - 425 - 426 - 428 - 429 - 432 - 433 - 434 - 435 - 437 - 438 - 440 - 443 - 447 - 448 - 449 - 451 - 452 - 453 - 454 - 455 - 457 - 458 - 460 - 461 - 462 - 463 - 464 - 465 - 469 - 470 - 471 - 474 - 476 - 477 - 479 - 480 - 481 - 482 - 483 - 485 - 488 - 489 - 490 - 491 - 492 - 493 - 494 - 495 - 496 - 497,572679.6,3.9,93347,91720,26.4,Cost: 93347 & Capacity: 91720
3 - 4 - 7 - 8 - 10 - 11 - 12 - 13 - 14 - 17 - 19 - 21 - 23 - 24 - 25 - 26 - 28 - 29 - 31 - 40 - 42 - 43 - 48 - 49 - 51 - 52 - 53 - 55 - 57 - 59 - 61 - 62 - 64 - 65 - 66 - 67 - 68 - 72 - 75 - 77 - 78 - 79 - 80 - 81 - 82 - 84 - 85 - 86 - 87 - 88 - 93 - 94 - 98 - 99 - 100 - 101 - 102 - 104 - 105 - 107 - 113 - 114 - 115 - 116 - 117 - 118 - 123 - 124 - 125 - 126 - 127 - 128 - 131 - 132 - 133 - 134 - 135 - 137 - 139 - 141 - 143 - 148 - 149 - 150 - 153 - 155 - 156 - 157 - 160 - 161 - 163 - 164 - 165 - 167 - 168 - 169 - 171 - 172 - 173 - 174 - 175 - 181 - 182 - 183 - 184 - 185 - 190 - 191 - 193 - 194 - 195 - 196 - 197 - 199 - 201 - 202 - 204 - 205 - 207 - 208 - 211 - 215 - 216 - 219 - 220 - 221 - 222 - 223 - 225 - 226 - 230 - 231 - 235 - 239 - 241 - 242 - 243 - 244 - 245 - 246 - 249 - 250 - 251 - 253 - 255 - 256 - 260 - 262 - 263 - 267 - 268 - 269 - 270 - 273 - 277 - 278 - 279 - 280 - 281 - 282 - 284 - 285 - 286 - 288 - 289 - 290 - 291 - 293 - 294 - 295 - 296 - 298 - 299 - 300 - 302 - 303 - 304 - 305 - 309 - 312 - 313 - 314 - 315 - 316 - 317 - 318 - 320 - 321 - 322 - 325 - 327 - 331 - 333 - 334 - 335 - 337 - 338 - 339 - 340 - 342 - 343 - 344 - 345 - 346 - 350 - 351 - 352 - 353 - 358 - 359 - 360 - 362 - 366 - 368 - 371 - 373 - 374 - 377 - 378 - 380 - 381 - 382 - 383 - 385 - 386 - 387 - 388 - 390 - 392 - 393 - 394 - 396 - 397 - 399 - 400 - 401 - 402 - 403 - 410 - 413 - 414 - 415 - 417 - 421 - 422 - 423 - 424 - 425 - 426 - 428 - 429 - 432 - 433 - 434 - 435 - 437 - 438 - 440 - 443 - 447 - 448 - 449 - 451 - 452 - 453 - 454 - 455 - 457 - 458 - 460 - 461 - 462 - 463 - 464 - 465 - 469 - 470 - 471 - 474 - 476 - 477 - 479 - 480 - 481 - 482 - 483 - 485 - 488 - 489 - 490 - 491 - 492 - 493 - 494 - 495 - 496 - 497,572679.6,3.9,93347,91720,27.83,Cost: 93347 & Capacity: 91720
3 - 4 - 7 - 8 - 10 - 11 - 12 - 13 - 14 - 17 - 19 - 21 - 23 - 24 - 25 - 26 - 28 - 29 - 31 - 40 - 42 - 43 - 48 - 49 - 51 - 52 - 53 - 55 - 57 - 59 - 61 - 62 - 64 - 65 - 66 - 67 - 68 - 72 - 75 - 77 - 78 - 79 - 80 - 81 - 82 - 84 - 85 - 86 - 87 - 88 - 93 - 94 - 98 - 99 - 100 - 101 - 102 - 104 - 105 - 107 - 113 - 114 - 115 - 116 - 117 - 118 - 123 - 124 - 125 - 126 - 127 - 128 - 131 - 132 - 133 - 134 - 135 - 137 - 139 - 141 - 143 - 148 - 149 - 150 - 153 - 155 - 156 - 157 - 160 - 161 - 163 - 164 - 165 - 167 - 168 - 169 - 171 - 172 - 173 - 174 - 175 - 181 - 182 - 183 - 184 - 185 - 190 - 191 - 193 - 194 - 195 - 196 - 197 - 199 - 201 - 202 - 204 - 205 - 207 - 208 - 211 - 215 - 216 - 219 - 220 - 221 - 222 - 223 - 225 - 226 - 230 - 231 - 235 - 239 - 241 - 242 - 243 - 244 - 245 - 246 - 249 - 250 - 251 - 253 - 255 - 256 - 260 - 262 - 263 - 267 - 268 - 269 - 270 - 273 - 277 - 278 - 279 - 280 - 281 - 282 - 284 - 285 - 286 - 288 - 289 - 290 - 291 - 293 - 294 - 295 - 296 - 298 - 299 - 300 - 302 - 303 - 304 - 305 - 309 - 312 - 313 - 314 - 315 - 316 - 317 - 318 - 320 - 321 - 322 - 325 - 327 - 331 - 333 - 334 - 335 - 337 - 338 - 339 - 340 - 342 - 343 - 344 - 345 - 346 - 350 - 351 - 352 - 353 - 358 - 359 - 360 - 362 - 366 - 368 - 371 - 373 - 374 - 377 - 378 - 380 - 381 - 382 - 383 - 385 - 386 - 387 - 388 - 390 - 392 - 393 - 394 - 396 - 397 - 399 - 400 - 401 - 402 - 403 - 410 - 413 - 414 - 415 - 417 - 421 - 422 - 423 - 424 - 425 - 426 - 428 - 429 - 432 - 433 - 434 - 435 - 437 - 438 - 440 - 443 - 447 - 448 - 449 - 451 - 452 - 453 - 454 - 455 - 457 - 458 - 460 - 461 - 462 - 463 - 464 - 465 - 469 - 470 - 471 - 474 - 476 - 477 - 479 - 480 - 481 - 482 - 483 - 485 - 488 - 489 - 490 - 491 - 492 - 493 - 494 - 495 - 496 - 497,572679.6,3.9,93347,91720,36.23,Cost: 93347 & Capacity: 91720
6 - 8 - 10 - 24 - 25 - 26 - 28 - 31 - 33 - 39 - 40 - 41 - 43 - 50 - 55 - 57 - 59 - 61 - 63 - 64 - 66 - 67 - 68 - 69 - 75 - 77 - 84 - 88 - 89 - 91 - 93 - 94 - 98 - 100 - 101 - 103 - 104 - 106 - 108 - 110 - 111 - 112 - 113 - 114 - 116 - 125 - 131 - 133 - 134 - 137 - 138 - 139 - 140 - 141 - 143 - 146 - 149 - 150 - 153 - 155 - 156 - 162 - 164 - 167 - 169 - 171 - 172 - 173 - 174 - 176 - 177 - 180 - 181 - 184 - 190 - 191 - 193 - 194 - 196 - 197 - 198 - 204 - 207 - 208 - 211 - 215 - 216 - 219 - 220 - 222 - 227 - 230 - 231 - 232 - 233 - 234 - 235 - 236 - 238 - 239 - 241 - 242 - 243 - 247 - 249 - 250 - 254 - 255 - 256 - 261 - 264 - 266 - 267 - 268 - 269 - 276 - 278 - 282 - 298 - 300 - 305 - 308 - 312 - 314 - 316 - 318 - 321 - 327 - 328 - 331 - 332 - 333 - 334 - 335 - 337 - 342 - 345 - 350 - 353 - 355 - 358 - 362 - 364 - 366 - 373 - 374 - 378 - 381 - 385 - 386 - 389 - 392 - 393 - 394 - 396 - 397 - 399 - 402 - 408 - 409 - 410 - 413 - 414 - 415 - 417 - 423 - 424 - 426 - 428 - 429 - 430 - 432 - 433 - 434 - 437 - 438 - 440 - 444 - 445 - 449 - 451 - 453 - 454 - 456 - 457 - 458 - 461 - 462 - 463 - 464 - 465 - 466 - 467 - 469 - 471 - 473 - 474 - 475 - 477 - 478 - 488 - 489 - 491 - 493,286948.0,7.0,93318,79034,42.92,Cost: 93318 & Capacity: 79034
3 - 4 - 7 - 8 - 10 - 11 - 12 - 13 - 14 - 17 - 19 - 21 - 23 - 24 - 25 - 26 - 28 - 29 - 31 - 40 - 42 - 43 - 48 - 49 - 51 - 52 - 53 - 55 - 57 - 59 - 61 - 62 - 64 - 65 - 66 - 67 - 68 - 72 - 75 - 77 - 78 - 79 - 80 - 81 - 82 - 84 - 85 - 86 - 87 - 88 - 93 - 94 - 98 - 99 - 100 - 101 - 102 - 104 - 105 - 107 - 113 - 114 - 115 - 116 - 117 - 118 - 123 - 124 - 125 - 126 - 127 - 128 - 131 - 132 - 133 - 134 - 135 - 137 - 139 - 141 - 143 - 148 - 149 - 150 - 153 - 155 - 156 - 157 - 160 - 161 - 163 - 164 - 165 - 167 - 168 - 169 - 171 - 172 - 173 - 174 - 175 - 181 - 182 - 183 - 184 - 185 - 190 - 191 - 193 - 194 - 195 - 196 - 197 - 199 - 201 - 202 - 204 - 205 - 207 - 208 - 211 - 215 - 216 - 219 - 220 - 221 - 222 - 223 - 225 - 226 - 230 - 231 - 235 - 239 - 241 - 242 - 243 - 244 - 245 - 246 - 249 - 250 - 251 - 253 - 255 - 256 - 260 - 262 - 263 - 267 - 268 - 269 - 270 - 273 - 277 - 278 - 279 - 280 - 281 - 282 - 284 - 285 - 286 - 288 - 289 - 290 - 291 - 293 - 294 - 295 - 296 - 298 - 299 - 300 - 302 - 303 - 304 - 305 - 309 - 312 - 313 - 314 - 315 - 316 - 317 - 318 - 320 - 321 - 322 - 325 - 327 - 331 - 333 - 334 - 335 - 337 - 338 - 339 - 340 - 342 - 343 - 344 - 345 - 346 - 350 - 351 - 352 - 353 - 358 - 359 - 360 - 362 - 366 - 368 - 371 - 373 - 374 - 377 - 378 - 380 - 381 - 382 - 383 - 385 - 386 - 387 - 388 - 390 - 392 - 393 - 394 - 396 - 397 - 399 - 400 - 401 - 402 - 403 - 410 - 413 - 414 - 415 - 417 - 421 - 422 - 423 - 424 - 425 - 426 - 428 - 429 - 432 - 433 - 434 - 435 - 437 - 438 - 440 - 443 - 447 - 448 - 449 - 451 - 452 - 453 - 454 - 455 - 457 - 458 - 460 - 461 - 462 - 463 - 464 - 465 - 469 - 470 - 471 - 474 - 476 - 477 - 479 - 480 - 481 - 482 - 483 - 485 - 488 - 489 - 490 - 491 - 492 - 493 - 494 - 495 - 496 - 497,572679.6,3.9,93347,91720,51.69,Cost: 93347 & Capacity: 91720
3 - 4 - 7 - 8 - 10 - 11 - 12 - 13 - 14 - 17 - 19 - 21 - 23 - 24 - 25 - 26 - 28 - 29 - 31 - 40 - 42 - 43 - 48 - 49 - 51 - 52 - 53 - 55 - 57 - 59 - 61 - 62 - 64 - 65 - 66 - 67 - 68 - 72 - 75 - 77 - 78 - 79 - 80 - 81 - 82 - 84 - 85 - 86 - 87 - 88 - 93 - 94 - 98 - 99 - 100 - 101 - 102 - 104 - 105 - 107 - 113 - 114 - 115 - 116 - 117 - 118 - 123 - 124 - 125 - 126 - 127 - 128 - 131 - 132 - 133 - 134 - 135 - 137 - 139 - 141 - 143 - 148 - 149 - 150 - 153 - 155 - 156 - 157 - 160 - 161 - 163 - 164 - 165 - 167 - 168 - 169 - 171 - 172 - 173 - 174 - 175 - 181 - 182 - 183 - 184 - 185 - 190 - 191 - 193 - 194 - 195 - 196 - 197 - 199 - 201 - 202 - 204 - 205 - 207 - 208 - 211 - 215 - 216 - 219 - 220 - 221 - 222 - 223 - 225 - 226 - 230 - 231 - 235 - 239 - 241 - 242 - 243 - 244 - 245 - 246 - 249 - 250 - 251 - 253 - 255 - 256 - 260 - 262 - 263 - 267 - 268 - 269 - 270 - 273 - 277 - 278 - 279 - 280 - 281 - 282 - 284 - 285 - 286 - 288 - 289 - 290 - 291 - 293 - 294 - 295 - 296 - 298 - 299 - 300 - 302 - 303 - 304 - 305 - 309 - 312 - 313 - 314 - 315 - 316 - 317 - 318 - 320 - 321 - 322 - 325 - 327 - 331 - 333 - 334 - 335 - 337 - 338 - 339 - 340 - 342 - 343 - 344 - 345 - 346 - 350 - 351 - 352 - 353 - 358 - 359 - 360 - 362 - 366 - 368 - 371 - 373 - 374 - 377 - 378 - 380 - 381 - 382 - 383 - 385 - 386 - 387 - 388 - 390 - 392 - 393 - 394 - 396 - 397 - 399 - 400 - 401 - 402 - 403 - 410 - 413 - 414 - 415 - 417 - 421 - 422 - 423 - 424 - 425 - 426 - 428 - 429 - 432 - 433 - 434 - 435 - 437 - 438 - 440 - 443 - 447 - 448 - 449 - 451 - 452 - 453 - 454 - 455 - 457 - 458 - 460 - 461 - 462 - 463 - 464 - 465 - 469 - 470 - 471 - 474 - 476 - 477 - 479 - 480 - 481 - 482 - 483 - 485 - 488 - 489 - 490 - 491 - 492 - 493 - 494 - 495 - 496 - 497,572679.6,3.9,93347,91720,61.72,Cost: 93347 & Capacity: 91720
3 - 4 - 7 - 8 - 10 - 11 - 12 - 13 - 14 - 17 - 19 - 21 - 23 - 24 - 25 - 26 - 28 - 29 - 31 - 40 - 42 - 43 - 48 - 49 - 51 - 52 - 53 - 55 - 57 - 59 - 61 - 62 - 64 - 65 - 66 - 67 - 68 - 72 - 75 - 77 - 78 - 79 - 80 - 81 - 82 - 84 - 85 - 86 - 87 - 88 - 93 - 94 - 98 - 99 - 100 - 101 - 102 - 104 - 105 - 107 - 113 - 114 - 115 - 116 - 117 - 118 - 123 - 124 - 125 - 126 - 127 - 128 - 131 - 132 - 133 - 134 - 135 - 137 - 139 - 141 - 143 - 148 - 149 - 150 - 153 - 155 - 156 - 157 - 160 - 161 - 163 - 164 - 165 - 167 - 168 - 169 - 171 - 172 - 173 - 174 - 175 - 181 - 182 - 183 - 184 - 185 - 190 - 191 - 193 - 194 - 195 - 196 - 197 - 199 - 201 - 202 - 204 - 205 - 207 - 208 - 211 - 215 - 216 - 219 - 220 - 221 - 222 - 223 - 225 - 226 - 230 - 231 - 235 - 239 - 241 - 242 - 243 - 244 - 245 - 246 - 249 - 250 - 251 - 253 - 255 - 256 - 260 - 262 - 263 - 267 - 268 - 269 - 270 - 273 - 277 - 278 - 279 - 280 - 281 - 282 - 284 - 285 - 286 - 288 - 289 - 290 - 291 - 293 - 294 - 295 - 296 - 298 - 299 - 300 - 302 - 303 - 304 - 305 - 309 - 312 - 313 - 314 - 315 - 316 - 317 - 318 - 320 - 321 - 322 - 325 - 327 - 331 - 333 - 334 - 335 - 337 - 338 - 339 - 340 - 342 - 343 - 344 - 345 - 346 - 350 - 351 - 352 - 353 - 358 - 359 - 360 - 362 - 366 - 368 - 371 - 373 - 374 - 377 - 378 - 380 - 381 - 382 - 383 - 385 - 386 - 387 - 388 - 390 - 392 - 393 - 394 - 396 - 397 - 399 - 400 - 401 - 402 - 403 - 410 - 413 - 414 - 415 - 417 - 421 - 422 - 423 - 424 - 425 - 426 - 428 - 429 - 432 - 433 - 434 - 435 - 437 - 438 - 440 - 443 - 447 - 448 - 449 - 451 - 452 - 453 - 454 - 455 - 457 - 458 - 460 - 461 - 462 - 463 - 464 - 465 - 469 - 470 - 471 - 474 - 476 - 477 - 479 - 480 - 481 - 482 - 483 - 485 - 488 - 489 - 490 - 491 - 492 - 493 - 494 - 495 - 496 - 497,572679.6,3.9,93347,91720,63.41,Cost: 93347 & Capacity: 91720
4 - 6 - 10 - 12 - 14 - 17 - 21 - 24 - 25 - 26 - 28 - 31 - 33 - 39 - 40 - 41 - 42 - 43 - 50 - 55 - 57 - 59 - 61 - 64 - 65 - 66 - 68 - 75 - 77 - 78 - 80 - 82 - 88 - 90 - 93 - 94 - 98 - 99 - 100 - 101 - 102 - 103 - 104 - 108 - 111 - 112 - 113 - 114 - 116 - 118 - 123 - 125 - 131 - 132 - 133 - 134 - 137 - 139 - 141 - 143 - 146 - 150 - 153 - 155 - 156 - 162 - 164 - 167 - 168 - 169 - 172 - 173 - 174 - 176 - 177 - 180 - 181 - 184 - 185 - 186 - 190 - 191 - 193 - 194 - 196 - 197 - 202 - 204 - 207 - 208 - 211 - 212 - 215 - 216 - 219 - 220 - 222 - 224 - 227 - 231 - 232 - 233 - 234 - 235 - 236 - 237 - 238 - 239 - 241 - 242 - 244 - 247 - 249 - 250 - 254 - 255 - 261 - 262 - 263 - 264 - 267 - 269 - 270 - 276 - 278 - 282 - 289 - 290 - 298 - 299 - 300 - 304 - 308 - 312 - 314 - 316 - 318 - 321 - 322 - 325 - 327 - 328 - 329 - 331 - 332 - 333 - 334 - 337 - 338 - 340 - 342 - 344 - 345 - 346 - 350 - 353 - 355 - 358 - 359 - 362 - 364 - 366 - 373 - 374 - 377 - 378 - 381 - 385 - 386 - 389 - 390 - 392 - 393 - 396 - 397 - 399 - 401 - 402 - 403 - 408 - 410 - 411 - 413 - 414 - 415 - 416 - 417 - 424 - 427 - 428 - 429 - 430 - 432 - 433 - 434 - 437 - 438 - 440 - 445 - 449 - 451 - 453 - 454 - 456 - 458 - 461 - 463 - 464 - 465 - 466 - 467 - 469 - 471 - 473 - 474 - 475 - 477 - 478 - 482 - 488 - 489 - 491 - 492 - 497,341471.6,6.7,93313,82008,64.08,Cost: 93313 & Capacity: 82008
3 - 4 - 7 - 8 - 10 - 11 - 12 - 13 - 14 - 17 - 19 - 21 - 23 - 24 - 25 - 26 - 28 - 29 - 31 - 40 - 42 - 43 - 48 - 49 - 51 - 52 - 53 - 55 - 57 - 59 - 61 - 62 - 64 - 65 - 66 - 67 - 68 - 72 - 75 - 77 - 78 - 79 - 80 - 81 - 82 - 84 - 85 - 86 - 87 - 88 - 93 - 94 - 98 - 99 - 100 - 101 - 102 - 104 - 105 - 107 - 113 - 114 - 115 - 116 - 117 - 118 - 123 - 124 - 125 - 126 - 127 - 128 - 131 - 132 - 133 - 134 - 135 - 137 - 139 - 141 - 143 - 148 - 149 - 150 - 153 - 155 - 156 - 157 - 160 - 161 - 163 - 164 - 165 - 167 - 168 - 169 - 171 - 172 - 173 - 174 - 175 - 181 - 182 - 183 - 184 - 185 - 190 - 191 - 193 - 194 - 195 - 196 - 197 - 199 - 201 - 202 - 204 - 205 - 207 - 208 - 211 - 215 - 216 - 219 - 220 - 221 - 222 - 223 - 225 - 226 - 230 - 231 - 235 - 239 - 241 - 242 - 243 - 244 - 245 - 246 - 249 - 250 - 251 - 253 - 255 - 256 - 260 - 262 - 263 - 267 - 268 - 269 - 270 - 273 - 277 - 278 - 279 - 280 - 281 - 282 - 284 - 285 - 286 - 288 - 289 - 290 - 291 - 293 - 294 - 295 - 296 - 298 - 299 - 300 - 302 - 303 - 304 - 305 - 309 - 312 - 313 - 314 - 315 - 316 - 317 - 318 - 320 - 321 - 322 - 325 - 327 - 331 - 333 - 334 - 335 - 337 - 338 - 339 - 340 - 342 - 343 - 344 - 345 - 346 - 350 - 351 - 352 - 353 - 358 - 359 - 360 - 362 - 366 - 368 - 371 - 373 - 374 - 377 - 378 - 380 - 381 - 382 - 383 - 385 - 386 - 387 - 388 - 390 - 392 - 393 - 394 - 396 - 397 - 399 - 400 - 401 - 402 - 403 - 410 - 413 - 414 - 415 - 417 - 421 - 422 - 423 - 424 - 425 - 426 - 428 - 429 - 432 - 433 - 434 - 435 - 437 - 438 - 440 - 443 - 447 - 448 - 449 - 451 - 452 - 453 - 454 - 455 - 457 - 458 - 460 - 461 - 462 - 463 - 464 - 465 - 469 - 470 - 471 - 474 - 476 - 477 - 479 - 480 - 481 - 482 - 483 - 485 - 488 - 489 - 490 - 491 - 492 - 493 - 494 - 495 - 496 - 497,572679.6,3.9,93347,91720,67.46,Cost: 93347 & Capacity: 91720
3 - 4 - 7 - 8 - 10 - 11 - 12 - 13 - 14 - 17 - 19 - 21 - 23 - 24 - 25 - 26 - 28 - 29 - 31 - 40 - 42 - 43 - 48 - 49 - 51 - 52 - 53 - 55 - 57 - 59 - 61 - 62 - 64 - 65 - 66 - 67 - 68 - 72 - 75 - 77 - 78 - 79 - 80 - 81 - 82 - 84 - 85 - 86 - 87 - 88 - 93 - 94 - 98 - 99 - 100 - 101 - 102 - 104 - 105 - 107 - 113 - 114 - 115 - 116 - 117 - 118 - 123 - 124 - 125 - 126 - 127 - 128 - 131 - 132 - 133 - 134 - 135 - 137 - 139 - 141 - 143 - 148 - 149 - 150 - 153 - 155 - 156 - 157 - 160 - 161 - 163 - 164 - 165 - 167 - 168 - 169 - 171 - 172 - 173 - 174 - 175 - 181 - 182 - 183 - 184 - 185 - 190 - 191 - 193 - 194 - 195 - 196 - 197 - 199 - 201 - 202 - 204 - 205 - 207 - 208 - 211 - 215 - 216 - 219 - 220 - 221 - 222 - 223 - 225 - 226 - 230 - 231 - 235 - 239 - 241 - 242 - 243 - 244 - 245 - 246 - 249 - 250 - 251 - 253 - 255 - 256 - 260 - 262 - 263 - 267 - 268 - 269 - 270 - 273 - 277 - 278 - 279 - 280 - 281 - 282 - 284 - 285 - 286 - 288 - 289 - 290 - 291 - 293 - 294 - 295 - 296 - 298 - 299 - 300 - 302 - 303 - 304 - 305 - 309 - 312 - 313 - 314 - 315 - 316 - 317 - 318 - 320 - 321 - 322 - 325 - 327 - 331 - 333 - 334 - 335 - 337 - 338 - 339 - 340 - 342 - 343 - 344 - 345 - 346 - 350 - 351 - 352 - 353 - 358 - 359 - 360 - 362 - 366 - 368 - 371 - 373 - 374 - 377 - 378 - 380 - 381 - 382 - 383 - 385 - 386 - 387 - 388 - 390 - 392 - 393 - 394 - 396 - 397 - 399 - 400 - 401 - 402 - 403 - 410 - 413 - 414 - 415 - 417 - 421 - 422 - 423 - 424 - 425 - 426 - 428 - 429 - 432 - 433 - 434 - 435 - 437 - 438 - 440 - 443 - 447 - 448 - 449 - 451 - 452 - 453 - 454 - 455 - 457 - 458 - 460 - 461 - 462 - 463 - 464 - 465 - 469 - 470 - 471 - 474 - 476 - 477 - 479 - 480 - 481 - 482 - 483 - 485 - 488 - 489 - 490 - 491 - 492 - 493 - 494 - 495 - 496 - 497,572679.6,3.9,93347,91720,69.41,Cost: 93347 & Capacity: 91720
3 - 4 - 7 - 8 - 10 - 11 - 12 - 13 - 14 - 17 - 19 - 21 - 23 - 24 - 25 - 26 - 28 - 29 - 31 - 40 - 42 - 43 - 48 - 49 - 51 - 52 - 53 - 55 - 57 - 59 - 61 - 62 - 64 - 65 - 66 - 67 - 68 - 72 - 75 - 77 - 78 - 79 - 80 - 81 - 82 - 84 - 85 - 86 - 87 - 88 - 93 - 94 - 98 - 99 - 100 - 101 - 102 - 104 - 105 - 113 - 114 - 115 - 116 - 117 - 118 - 123 - 124 - 125 - 126 - 127 - 128 - 131 - 132 - 133 - 134 - 135 - 137 - 139 - 141 - 143 - 148 - 149 - 150 - 153 - 155 - 156 - 157 - 160 - 161 - 163 - 164 - 165 - 167 - 168 - 169 - 171 - 172 - 173 - 174 - 175 - 180 - 181 - 182 - 183 - 184 - 185 - 190 - 191 - 193 - 194 - 195 - 196 - 197 - 199 - 201 - 202 - 204 - 205 - 207 - 208 - 211 - 215 - 216 - 219 - 220 - 221 - 222 - 223 - 225 - 226 - 230 - 231 - 235 - 239 - 241 - 242 - 243 - 244 - 245 - 246 - 249 - 250 - 251 - 253 - 255 - 256 - 258 - 260 - 262 - 263 - 267 - 268 - 269 - 270 - 273 - 277 - 278 - 279 - 280 - 281 - 282 - 284 - 285 - 286 - 288 - 289 - 290 - 291 - 293 - 294 - 295 - 296 - 298 - 299 - 300 - 302 - 303 - 304 - 305 - 309 - 312 - 313 - 314 - 315 - 316 - 317 - 318 - 320 - 321 - 322 - 325 - 327 - 331 - 333 - 334 - 335 - 337 - 338 - 340 - 342 - 343 - 344 - 345 - 346 - 350 - 351 - 352 - 353 - 358 - 359 - 360 - 362 - 366 - 368 - 371 - 373 - 374 - 377 - 378 - 380 - 381 - 383 - 385 - 386 - 387 - 388 - 390 - 392 - 393 - 394 - 396 - 397 - 399 - 400 - 401 - 402 - 403 - 410 - 413 - 414 - 415 - 417 - 421 - 422 - 423 - 424 - 425 - 426 - 428 - 429 - 432 - 433 - 434 - 435 - 437 - 438 - 440 - 441 - 443 - 447 - 448 - 449 - 451 - 452 - 453 - 454 - 455 - 457 - 458 - 460 - 461 - 462 - 463 - 464 - 465 - 469 - 470 - 471 - 474 - 476 - 477 - 479 - 480 - 481 - 482 - 483 - 485 - 488 - 489 - 490 - 491 - 492 - 493 - 494 - 495 - 496 - 497,573679.4,2.7,93354,91654,71.03,Cost: 93354 & Capacity: 91654
3 - 4 - 7 - 8 - 10 - 11 - 12 - 13 - 14 - 17 - 19 - 21 - 23 - 24 - 25 - 26 - 28 - 29 - 31 - 40 - 42 - 43 - 48 - 49 - 51 - 52 - 53 - 55 - 57 - 59 - 61 - 62 - 64 - 65 - 66 - 67 - 68 - 72 - 75 - 77 - 78 - 79 - 80 - 81 - 82 - 84 - 85 - 86 - 87 - 88 - 93 - 94 - 98 - 99 - 100 - 101 - 102 - 104 - 105 - 107 - 113 - 114 - 115 - 116 - 117 - 118 - 123 - 124 - 125 - 126 - 127 - 128 - 131 - 132 - 133 - 134 - 135 - 137 - 139 - 141 - 143 - 148 - 149 - 150 - 153 - 155 - 156 - 157 - 160 - 161 - 163 - 164 - 165 - 167 - 168 - 169 - 171 - 172 - 173 - 174 - 175 - 181 - 182 - 183 - 184 - 185 - 190 - 191 - 193 - 194 - 195 - 196 - 197 - 199 - 201 - 202 - 204 - 205 - 207 - 208 - 211 - 215 - 216 - 219 - 220 - 221 - 222 - 223 - 225 - 226 - 230 - 231 - 235 - 239 - 241 - 242 - 243 - 244 - 245 - 246 - 249 - 250 - 251 - 253 - 255 - 256 - 260 - 262 - 263 - 267 - 268 - 269 - 270 - 273 - 277 - 278 - 279 - 280 - 281 - 282 - 284 - 285 - 286 - 288 - 289 - 290 - 291 - 293 - 294 - 295 - 296 - 298 - 299 - 300 - 302 - 303 - 304 - 305 - 309 - 312 - 313 - 314 - 315 - 316 - 317 - 318 - 320 - 321 - 322 - 325 - 327 - 331 - 333 - 334 - 335 - 337 - 338 - 339 - 340 - 342 - 343 - 344 - 345 - 346 - 350 - 351 - 352 - 353 - 358 - 359 - 360 - 362 - 366 - 368 - 371 - 373 - 374 - 377 - 378 - 380 - 381 - 382 - 383 - 385 - 386 - 387 - 388 - 390 - 392 - 393 - 394 - 396 - 397 - 399 - 400 - 401 - 402 - 403 - 410 - 413 - 414 - 415 - 417 - 421 - 422 - 423 - 424 - 425 - 426 - 428 - 429 - 432 - 433 - 434 - 435 - 437 - 438 - 440 - 443 - 447 - 448 - 449 - 451 - 452 - 453 - 454 - 455 - 457 - 458 - 460 - 461 - 462 - 463 - 464 - 465 - 469 - 470 - 471 - 474 - 476 - 477 - 479 - 480 - 481 - 482 - 483 - 485 - 488 - 489 - 490 - 491 - 492 - 493 - 494 - 495 - 496 - 497,572679.6,3.9,93347,91720,71.07,Cost: 93347 & Capacity: 91720
0 - 6 - 26 - 28 - 32 - 33 - 38 - 39 - 40 - 41 - 42 - 46 - 49 - 59 - 60 - 63 - 73 - 77 - 79 - 88 - 95 - 102 - 108 - 110 - 112 - 116 - 119 - 137 - 138 - 139 - 140 - 143 - 144 - 146 - 151 - 162 - 164 - 170 - 172 - 173 - 180 - 182 - 183 - 189 - 191 - 194 - 196 - 204 - 209 - 226 - 233 - 234 - 236 - 238 - 244 - 249 - 250 - 268 - 271 - 273 - 275 - 293 - 294 - 300 - 307 - 308 - 309 - 334 - 353 - 362 - 364 - 377 - 385 - 393 - 394 - 396 - 399 - 402 - 409 - 411 - 420 - 424 - 427 - 432 - 440 - 450 - 454 - 456 - 465 - 466 - 471 - 472 - 478 - 489 - 492,65532.8,8.8,66762,49974,71.56,Cost: 66762 & Capacity: 49974
3 - 4 - 7 - 8 - 10 - 11 - 12 - 13 - 14 - 17 - 19 - 21 - 23 - 24 - 25 - 26 - 28 - 29 - 31 - 40 - 42 - 43 - 48 - 49 - 51 - 52 - 53 - 55 - 57 - 59 - 61 - 62 - 64 - 65 - 66 - 67 - 68 - 72 - 75 - 77 - 78 - 79 - 80 - 81 - 82 - 84 - 85 - 86 - 87 - 88 - 93 - 94 - 98 - 99 - 100 - 101 - 102 - 104 - 105 - 107 - 113 - 114 - 115 - 116 - 117 - 118 - 123 - 124 - 125 - 126 - 127 - 128 - 131 - 132 - 133 - 134 - 135 - 137 - 139 - 141 - 143 - 148 - 149 - 150 - 153 - 155 - 156 - 157 - 160 - 161 - 163 - 164 - 165 - 167 - 168 - 169 - 171 - 172 - 173 - 174 - 175 - 181 - 182 - 183 - 184 - 185 - 190 - 191 - 193 - 194 - 195 - 196 - 197 - 199 - 201 - 202 - 204 - 205 - 207 - 208 - 211 - 215 - 216 - 219 - 220 - 221 - 222 - 223 - 225 - 226 - 230 - 231 - 235 - 239 - 241 - 242 - 243 - 244 - 245 - 246 - 249 - 250 - 251 - 253 - 255 - 256 - 260 - 262 - 263 - 267 - 268 - 269 - 270 - 273 - 277 - 278 - 279 - 280 - 281 - 282 - 284 - 285 - 286 - 288 - 289 - 290 - 291 - 293 - 294 - 295 - 296 - 298 - 299 - 300 - 302 - 303 - 304 - 305 - 309 - 312 - 313 - 314 - 315 - 316 - 317 - 318 - 320 - 321 - 322 - 325 - 327 - 331 - 333 - 334 - 335 - 337 - 338 - 339 - 340 - 342 - 343 - 344 - 345 - 346 - 350 - 351 - 352 - 353 - 358 - 359 - 360 - 362 - 366 - 368 - 371 - 373 - 374 - 377 - 378 - 380 - 381 - 382 - 383 - 385 - 386 - 387 - 388 - 390 - 392 - 393 - 394 - 396 - 397 - 399 - 400 - 401 - 402 - 403 - 410 - 413 - 414 - 415 - 417 - 421 - 422 - 423 - 424 - 425 - 426 - 428 - 429 - 432 - 433 - 434 - 435 - 437 - 438 - 440 - 443 - 447 - 448 - 449 - 451 - 452 - 453 - 454 - 455 - 457 - 458 - 460 - 461 - 462 - 463 - 464 - 465 - 469 - 470 - 471 - 474 - 476 - 477 - 479 - 480 - 481 - 482 - 483 - 485 - 488 - 489 - 490 - 491 - 492 - 493 - 494 - 495 - 496 - 497,572679.6,3.9,93347,91720,74.65,Cost: 93347 & Capacity: 91720
9 - 26 - 31 - 33 - 40 - 47 - 49 - 64 - 88 - 89 - 93 - 100 - 101 - 108 - 110 - 112 - 113 - 116 - 119 - 133 - 137 - 138 - 139 - 140 - 143 - 146 - 148 - 149 - 151 - 156 - 162 - 164 - 167 - 170 - 171 - 173 - 175 - 176 - 177 - 182 - 184 - 189 - 191 - 194 - 206 - 208 - 211 - 215 - 216 - 226 - 227 - 231 - 232 - 233 - 234 - 238 - 240 - 242 - 249 - 255 - 261 - 267 - 268 - 271 - 278 - 282 - 283 - 295 - 300 - 307 - 312 - 316 - 321 - 328 - 334 - 336 - 339 - 340 - 342 - 345 - 348 - 349 - 350 - 353 - 356 - 358 - 362 - 364 - 374 - 377 - 378 - 385 - 386 - 392 - 394 - 396 - 397 - 402 - 408 - 411 - 413 - 415 - 417 - 424 - 437 - 440 - 444 - 447 - 451 - 452 - 458 - 459 - 461 - 463 - 465 - 477 - 478 - 481 - 489 - 493,102651.6,8.3,67864,52980,76.52,Cost: 67864 & Capacity: 52980
3 - 4 - 7 - 8 - 10 - 11 - 12 - 13 - 14 - 17 - 19 - 21 - 23 - 24 - 25 - 26 - 28 - 29 - 31 - 40 - 42 - 43 - 48 - 49 - 51 - 52 - 53 - 55 - 57 - 59 - 61 - 62 - 64 - 65 - 66 - 67 - 68 - 72 - 75 - 77 - 78 - 79 - 80 - 81 - 82 - 84 - 85 - 86 - 87 - 88 - 93 - 94 - 98 - 99 - 100 - 101 - 102 - 104 - 105 - 107 - 113 - 114 - 115 - 116 - 117 - 118 - 123 - 124 - 125 - 126 - 127 - 128 - 131 - 132 - 133 - 134 - 135 - 137 - 139 - 141 - 143 - 148 - 149 - 150 - 153 - 155 - 156 - 157 - 160 - 161 - 163 - 164 - 165 - 167 - 168 - 169 - 171 - 172 - 173 - 174 - 175 - 181 - 182 - 183 - 184 - 185 - 190 - 191 - 193 - 194 - 195 - 196 - 197 - 199 - 201 - 202 - 204 - 205 - 207 - 208 - 211 - 215 - 216 - 219 - 220 - 221 - 222 - 223 - 225 - 226 - 230 - 231 - 235 - 239 - 241 - 242 - 243 - 244 - 245 - 246 - 249 - 250 - 251 - 253 - 255 - 256 - 260 - 262 - 263 - 267 - 268 - 269 - 270 - 273 - 277 - 278 - 279 - 280 - 281 - 282 - 284 - 285 - 286 - 288 - 289 - 290 - 291 - 293 - 294 - 295 - 296 - 298 - 299 - 300 - 302 - 303 - 304 - 305 - 309 - 312 - 313 - 314 - 315 - 316 - 317 - 318 - 320 - 321 - 322 - 325 - 327 - 331 - 333 - 334 - 335 - 337 - 338 - 339 - 340 - 342 - 343 - 344 - 345 - 346 - 350 - 351 - 352 - 353 - 358 - 359 - 360 - 362 - 366 - 368 - 371 - 373 - 374 - 377 - 378 - 380 - 381 - 382 - 383 - 385 - 386 - 387 - 388 - 390 - 392 - 393 - 394 - 396 - 397 - 399 - 400 - 401 - 402 - 403 - 410 - 413 - 414 - 415 - 417 - 421 - 422 - 423 - 424 - 425 - 426 - 428 - 429 - 432 - 433 - 434 - 435 - 437 - 438 - 440 - 443 - 447 - 448 - 449 - 451 - 452 - 453 - 454 - 455 - 457 - 458 - 460 - 461 - 462 - 463 - 464 - 465 - 469 - 470 - 471 - 474 - 476 - 477 - 479 - 480 - 481 - 482 - 483 - 485 - 488 - 489 - 490 - 491 - 492 - 493 - 494 - 495 - 496 - 497,572679.6,3.9,93347,91720,76.82,Cost: 93347 & Capacity: 91720
3 - 4 - 7 - 8 - 10 - 11 - 12 - 13 - 14 - 17 - 19 - 21 - 23 - 24 - 25 - 26 - 28 - 29 - 31 - 40 - 42 - 43 - 48 - 49 - 51 - 52 - 53 - 55 - 57 - 59 - 61 - 62 - 64 - 65 - 66 - 67 - 68 - 72 - 75 - 77 - 78 - 79 - 80 - 81 - 82 - 84 - 85 - 86 - 87 - 88 - 93 - 94 - 98 - 99 - 100 - 101 - 102 - 104 - 105 - 107 - 113 - 114 - 115 - 116 - 117 - 118 - 123 - 124 - 125 - 126 - 127 - 128 - 131 - 132 - 133 - 134 - 135 - 137 - 139 - 141 - 143 - 148 - 149 - 150 - 153 - 155 - 156 - 157 - 160 - 161 - 163 - 164 - 165 - 167 - 168 - 169 - 171 - 172 - 173 - 174 - 175 - 181 - 182 - 183 - 184 - 185 - 190 - 191 - 193 - 194 - 195 - 196 - 197 - 199 - 201 - 202 - 204 - 205 - 207 - 208 - 211 - 215 - 216 - 219 - 220 - 221 - 222 - 223 - 225 - 226 - 230 - 231 - 235 - 239 - 241 - 242 - 243 - 244 - 245 - 246 - 249 - 250 - 251 - 253 - 255 - 256 - 260 - 262 - 263 - 267 - 268 - 269 - 270 - 273 - 277 - 278 - 279 - 280 - 281 - 282 - 284 - 285 - 286 - 288 - 289 - 290 - 291 - 293 - 294 - 295 - 296 - 298 - 299 - 300 - 302 - 303 - 304 - 305 - 309 - 312 - 313 - 314 - 315 - 316 - 317 - 318 - 320 - 321 - 322 - 325 - 327 - 331 - 333 - 334 - 335 - 337 - 338 - 339 - 340 - 342 - 343 - 344 - 345 - 346 - 350 - 351 - 352 - 353 - 358 - 359 - 360 - 362 - 366 - 368 - 371 - 373 - 374 - 377 - 378 - 380 - 381 - 382 - 383 - 385 - 386 - 387 - 388 - 390 - 392 - 393 - 394 - 396 - 397 - 399 - 400 - 401 - 402 - 403 - 410 - 413 - 414 - 415 - 417 - 421 - 422 - 423 - 424 - 425 - 426 - 428 - 429 - 432 - 433 - 434 - 435 - 437 - 438 - 440 - 443 - 447 - 448 - 449 - 451 - 452 - 453 - 454 - 455 - 457 - 458 - 460 - 461 - 462 - 463 - 464 - 465 - 469 - 470 - 471 - 474 - 476 - 477 - 479 - 480 - 481 - 482 - 483 - 485 - 488 - 489 - 490 - 491 - 492 - 493 - 494 - 495 - 496 - 497,572679.6,3.9,93347,91720,78.64,Cost: 93347 & Capacity: 91720
3 - 4 - 7 - 8 - 10 - 11 - 12 - 13 - 14 - 17 - 19 - 21 - 23 - 24 - 25 - 26 - 28 - 29 - 31 - 40 - 42 - 43 - 48 - 49 - 51 - 52 - 53 - 55 - 57 - 59 - 61 - 62 - 64 - 65 - 66 - 67 - 68 - 72 - 75 - 77 - 78 - 79 - 80 - 81 - 82 - 84 - 85 - 86 - 87 - 88 - 93 - 94 - 98 - 99 - 100 - 101 - 102 - 104 - 105 - 107 - 113 - 114 - 115 - 116 - 117 - 118 - 123 - 124 - 125 - 126 - 127 - 128 - 131 - 132 - 133 - 134 - 135 - 137 - 139 - 141 - 143 - 148 - 149 - 150 - 153 - 155 - 156 - 157 - 160 - 161 - 163 - 164 - 165 - 167 - 168 - 169 - 171 - 172 - 173 - 174 - 175 - 181 - 182 - 183 - 184 - 185 - 190 - 191 - 193 - 194 - 195 - 196 - 197 - 199 - 201 - 202 - 204 - 205 - 207 - 208 - 211 - 215 - 216 - 219 - 220 - 221 - 222 - 223 - 225 - 226 - 230 - 231 - 235 - 239 - 241 - 242 - 243 - 244 - 245 - 246 - 249 - 250 - 251 - 253 - 255 - 256 - 260 - 262 - 263 - 267 - 268 - 269 - 270 - 273 - 277 - 278 - 279 - 280 - 281 - 282 - 284 - 285 - 286 - 288 - 289 - 290 - 291 - 293 - 294 - 295 - 296 - 298 - 299 - 300 - 302 - 303 - 304 - 305 - 309 - 312 - 313 - 314 - 315 - 316 - 317 - 318 - 320 - 321 - 322 - 325 - 327 - 331 - 333 - 334 - 335 - 337 - 338 - 339 - 340 - 342 - 343 - 344 - 345 - 346 - 350 - 351 - 352 - 353 - 358 - 359 - 360 - 362 - 366 - 368 - 371 - 373 - 374 - 377 - 378 - 380 - 381 - 382 - 383 - 385 - 386 - 387 - 388 - 390 - 392 - 393 - 394 - 396 - 397 - 399 - 400 - 401 - 402 - 403 - 410 - 413 - 414 - 415 - 417 - 421 - 422 - 423 - 424 - 425 - 426 - 428 - 429 - 432 - 433 - 434 - 435 - 437 - 438 - 440 - 443 - 447 - 448 - 449 - 451 - 452 - 453 - 454 - 455 - 457 - 458 - 460 - 461 - 462 - 463 - 464 - 465 - 469 - 470 - 471 - 474 - 476 - 477 - 479 - 480 - 481 - 482 - 483 - 485 - 488 - 489 - 490 - 491 - 492 - 493 - 494 - 495 - 496 - 497,572679.6,3.9,93347,91720,79.91,Cost: 93347 & Capacity: 91720
3 - 4 - 7 - 8 - 10 - 11 - 12 - 13 - 14 - 17 - 19 - 21 - 23 - 24 - 25 - 26 - 28 - 29 - 31 - 40 - 42 - 43 - 48 - 49 - 51 - 52 - 53 - 55 - 57 - 59 - 61 - 62 - 64 - 65 - 66 - 67 - 68 - 72 - 75 - 77 - 78 - 79 - 80 - 81 - 82 - 84 - 85 - 86 - 87 - 88 - 93 - 94 - 98 - 99 - 100 - 101 - 102 - 104 - 105 - 107 - 113 - 114 - 115 - 116 - 117 - 118 - 123 - 124 - 125 - 126 - 127 - 128 - 131 - 132 - 133 - 134 - 135 - 137 - 139 - 141 - 143 - 148 - 149 - 150 - 153 - 155 - 156 - 157 - 160 - 161 - 163 - 164 - 165 - 167 - 168 - 169 - 171 - 172 - 173 - 174 - 175 - 181 - 182 - 183 - 184 - 185 - 190 - 191 - 193 - 194 - 195 - 196 - 197 - 199 - 201 - 202 - 204 - 205 - 207 - 208 - 211 - 215 - 216 - 219 - 220 - 221 - 222 - 223 - 225 - 226 - 230 - 231 - 235 - 239 - 241 - 242 - 243 - 244 - 245 - 246 - 249 - 250 - 251 - 253 - 255 - 256 - 260 - 262 - 263 - 267 - 268 - 269 - 270 - 273 - 277 - 278 - 279 - 280 - 281 - 282 - 284 - 285 - 286 - 288 - 289 - 290 - 291 - 293 - 294 - 295 - 296 - 298 - 299 - 300 - 302 - 303 - 304 - 305 - 309 - 312 - 313 - 314 - 315 - 316 - 317 - 318 - 320 - 321 - 322 - 325 - 327 - 331 - 333 - 334 - 335 - 337 - 338 - 339 - 340 - 342 - 343 - 344 - 345 - 346 - 350 - 351 - 352 - 353 - 358 - 359 - 360 - 362 - 366 - 368 - 371 - 373 - 374 - 377 - 378 - 380 - 381 - 382 - 383 - 385 - 386 - 387 - 388 - 390 - 392 - 393 - 394 - 396 - 397 - 399 - 400 - 401 - 402 - 403 - 410 - 413 - 414 - 415 - 417 - 421 - 422 - 423 - 424 - 425 - 426 - 428 - 429 - 432 - 433 - 434 - 435 - 437 - 438 - 440 - 443 - 447 - 448 - 449 - 451 - 452 - 453 - 454 - 455 - 457 - 458 - 460 - 461 - 462 - 463 - 464 - 465 - 469 - 470 - 471 - 474 - 476 - 477 - 479 - 480 - 481 - 482 - 483 - 485 - 488 - 489 - 490 - 491 - 492 - 493 - 494 - 495 - 496 - 497,572679.6,3.9,93347,91720,82.59,Cost: 93347 & Capacity: 91720
3 - 4 - 6 - 10 - 12 - 13 - 21 - 24 - 25 - 26 - 28 - 31 - 33 - 39 - 40 - 43 - 50 - 55 - 57 - 59 - 61 - 62 - 63 - 64 - 65 - 66 - 68 - 69 - 72 - 77 - 79 - 80 - 84 - 85 - 90 - 93 - 98 - 99 - 100 - 101 - 102 - 103 - 104 - 106 - 108 - 110 - 111 - 112 - 113 - 116 - 117 - 123 - 125 - 131 - 137 - 138 - 139 - 143 - 146 - 150 - 151 - 153 - 155 - 156 - 158 - 162 - 164 - 167 - 169 - 172 - 173 - 174 - 177 - 180 - 182 - 184 - 185 - 190 - 191 - 193 - 194 - 196 - 198 - 201 - 204 - 205 - 207 - 208 - 214 - 215 - 216 - 219 - 220 - 222 - 225 - 227 - 231 - 232 - 234 - 235 - 237 - 238 - 242 - 244 - 247 - 249 - 254 - 255 - 260 - 261 - 262 - 263 - 268 - 269 - 273 - 274 - 276 - 278 - 282 - 283 - 295 - 298 - 299 - 300 - 304 - 305 - 308 - 312 - 316 - 317 - 321 - 322 - 327 - 328 - 332 - 333 - 334 - 337 - 338 - 340 - 342 - 343 - 344 - 345 - 350 - 353 - 358 - 359 - 362 - 364 - 365 - 366 - 372 - 373 - 374 - 378 - 385 - 386 - 390 - 392 - 393 - 394 - 396 - 397 - 399 - 402 - 403 - 405 - 408 - 409 - 410 - 411 - 414 - 415 - 416 - 417 - 424 - 427 - 429 - 432 - 433 - 434 - 437 - 438 - 440 - 445 - 448 - 449 - 451 - 452 - 453 - 456 - 458 - 460 - 461 - 464 - 465 - 466 - 467 - 469 - 471 - 473 - 475 - 477 - 478 - 479 - 481 - 488 - 490 - 496,301108.6,6.9,93171,80119,83.1,Cost: 93171 & Capacity: 80119
3 - 4 - 7 - 8 - 10 - 11 - 12 - 13 - 14 - 17 - 19 - 21 - 23 - 24 - 25 - 26 - 28 - 29 - 31 - 40 - 42 - 43 - 48 - 49 - 51 - 52 - 53 - 55 - 57 - 59 - 61 - 62 - 64 - 65 - 66 - 67 - 68 - 72 - 75 - 77 - 79 - 80 - 81 - 82 - 84 - 85 - 86 - 87 - 88 - 93 - 94 - 98 - 99 - 100 - 101 - 102 - 104 - 105 - 113 - 114 - 115 - 116 - 117 - 118 - 123 - 124 - 125 - 126 - 127 - 128 - 131 - 132 - 133 - 134 - 135 - 137 - 139 - 141 - 143 - 147 - 148 - 149 - 150 - 153 - 155 - 156 - 157 - 160 - 161 - 163 - 164 - 165 - 167 - 168 - 169 - 171 - 172 - 173 - 174 - 175 - 180 - 181 - 182 - 183 - 184 - 185 - 190 - 191 - 193 - 194 - 195 - 196 - 197 - 199 - 201 - 202 - 204 - 205 - 207 - 208 - 211 - 215 - 216 - 219 - 220 - 221 - 222 - 223 - 225 - 226 - 230 - 231 - 235 - 239 - 241 - 242 - 243 - 244 - 245 - 246 - 249 - 250 - 251 - 253 - 255 - 256 - 260 - 262 - 263 - 267 - 268 - 269 - 270 - 273 - 277 - 278 - 279 - 281 - 282 - 284 - 285 - 286 - 288 - 289 - 290 - 291 - 293 - 294 - 295 - 296 - 298 - 299 - 300 - 302 - 303 - 304 - 305 - 308 - 309 - 312 - 313 - 314 - 315 - 316 - 317 - 318 - 320 - 321 - 322 - 325 - 327 - 328 - 331 - 333 - 334 - 335 - 337 - 338 - 340 - 342 - 343 - 344 - 345 - 346 - 350 - 351 - 352 - 353 - 358 - 359 - 360 - 362 - 365 - 366 - 368 - 371 - 373 - 374 - 377 - 378 - 380 - 381 - 382 - 383 - 385 - 386 - 387 - 388 - 390 - 392 - 393 - 394 - 396 - 397 - 399 - 400 - 401 - 402 - 403 - 410 - 413 - 414 - 415 - 417 - 421 - 422 - 423 - 424 - 425 - 426 - 428 - 429 - 432 - 433 - 434 - 435 - 437 - 438 - 440 - 443 - 447 - 448 - 449 - 451 - 452 - 453 - 454 - 455 - 457 - 458 - 460 - 461 - 462 - 464 - 465 - 469 - 471 - 474 - 476 - 477 - 479 - 481 - 482 - 483 - 485 - 488 - 489 - 490 - 491 - 492 - 493 - 494 - 495 - 496 - 497,565931.8,4.3,93358,92076,83.44,Cost: 93358 & Capacity: 92076
3 - 4 - 7 - 8 - 10 - 11 - 12 - 13 - 14 - 17 - 19 - 21 - 23 - 24 - 25 - 26 - 28 - 29 - 31 - 40 - 42 - 43 - 48 - 49 - 51 - 52 - 53 - 55 - 57 - 59 - 61 - 62 - 64 - 65 - 66 - 67 - 68 - 72 - 75 - 77 - 78 - 79 - 80 - 81 - 82 - 84 - 85 - 86 - 87 - 88 - 93 - 94 - 98 - 99 - 100 - 101 - 102 - 104 - 105 - 107 - 113 - 114 - 115 - 116 - 117 - 118 - 123 - 124 - 125 - 126 - 127 - 128 - 131 - 132 - 133 - 134 - 135 - 137 - 139 - 141 - 143 - 148 - 149 - 150 - 153 - 155 - 156 - 157 - 160 - 161 - 163 - 164 - 165 - 167 - 168 - 169 - 171 - 172 - 173 - 174 - 175 - 181 - 182 - 183 - 184 - 185 - 190 - 191 - 193 - 194 - 195 - 196 - 197 - 199 - 201 - 202 - 204 - 205 - 207 - 208 - 211 - 215 - 216 - 219 - 220 - 221 - 222 - 223 - 225 - 226 - 230 - 231 - 235 - 239 - 241 - 242 - 243 - 244 - 245 - 246 - 249 - 250 - 251 - 253 - 255 - 256 - 260 - 262 - 263 - 267 - 268 - 269 - 270 - 273 - 277 - 278 - 279 - 280 - 281 - 282 - 284 - 285 - 286 - 288 - 289 - 290 - 291 - 293 - 294 - 295 - 296 - 298 - 299 - 300 - 302 - 303 - 304 - 305 - 309 - 312 - 313 - 314 - 315 - 316 - 317 - 318 - 320 - 321 - 322 - 325 - 327 - 331 - 333 - 334 - 335 - 337 - 338 - 339 - 340 - 342 - 343 - 344 - 345 - 346 - 350 - 351 - 352 - 353 - 358 - 359 - 360 - 362 - 366 - 368 - 371 - 373 - 374 - 377 - 378 - 380 - 381 - 382 - 383 - 385 - 386 - 387 - 388 - 390 - 392 - 393 - 394 - 396 - 397 - 399 - 400 - 401 - 402 - 403 - 410 - 413 - 414 - 415 - 417 - 421 - 422 - 423 - 424 - 425 - 426 - 428 - 429 - 432 - 433 - 434 - 435 - 437 - 438 - 440 - 443 - 447 - 448 - 449 - 451 - 452 - 453 - 454 - 455 - 457 - 458 - 460 - 461 - 462 - 463 - 464 - 465 - 469 - 470 - 471 - 474 - 476 - 477 - 479 - 480 - 481 - 482 - 483 - 485 - 488 - 489 - 490 - 491 - 492 - 493 - 494 - 495 - 496 - 497,572679.6,3.9,93347,91720,85.29,Cost: 93347 & Capacity: 91720
3 - 4 - 7 - 8 - 10 - 11 - 12 - 13 - 14 - 17 - 19 - 21 - 23 - 24 - 25 - 26 - 28 - 29 - 31 - 40 - 42 - 43 - 48 - 49 - 51 - 52 - 53 - 55 - 57 - 59 - 61 - 62 - 64 - 65 - 66 - 67 - 68 - 72 - 75 - 77 - 78 - 79 - 80 - 81 - 82 - 84 - 85 - 86 - 87 - 88 - 93 - 94 - 98 - 99 - 100 - 101 - 102 - 104 - 105 - 107 - 113 - 114 - 115 - 116 - 117 - 118 - 123 - 124 - 125 - 126 - 127 - 128 - 131 - 132 - 133 - 134 - 135 - 137 - 139 - 141 - 143 - 148 - 149 - 150 - 153 - 155 - 156 - 157 - 160 - 161 - 163 - 164 - 165 - 167 - 168 - 169 - 171 - 172 - 173 - 174 - 175 - 181 - 182 - 183 - 184 - 185 - 190 - 191 - 193 - 194 - 195 - 196 - 197 - 199 - 201 - 202 - 204 - 205 - 207 - 208 - 211 - 215 - 216 - 219 - 220 - 221 - 222 - 223 - 225 - 226 - 230 - 231 - 235 - 239 - 241 - 242 - 243 - 244 - 245 - 246 - 249 - 250 - 251 - 253 - 255 - 256 - 260 - 262 - 263 - 267 - 268 - 269 - 270 - 273 - 277 - 278 - 279 - 280 - 281 - 282 - 284 - 285 - 286 - 288 - 289 - 290 - 291 - 293 - 294 - 295 - 296 - 298 - 299 - 300 - 302 - 303 - 304 - 305 - 309 - 312 - 313 - 314 - 315 - 316 - 317 - 318 - 320 - 321 - 322 - 325 - 327 - 331 - 333 - 334 - 335 - 337 - 338 - 339 - 340 - 342 - 343 - 344 - 345 - 346 - 350 - 351 - 352 - 353 - 358 - 359 - 360 - 362 - 366 - 368 - 371 - 373 - 374 - 377 - 378 - 380 - 381 - 382 - 383 - 385 - 386 - 387 - 388 - 390 - 392 - 393 - 394 - 396 - 397 - 399 - 400 - 401 - 402 - 403 - 410 - 413 - 414 - 415 - 417 - 421 - 422 - 423 - 424 - 425 - 426 - 428 - 429 - 432 - 433 - 434 - 435 - 437 - 438 - 440 - 443 - 447 - 448 - 449 - 451 - 452 - 453 - 454 - 455 - 457 - 458 - 460 - 461 - 462 - 463 - 464 - 465 - 469 - 470 - 471 - 474 - 476 - 477 - 479 - 480 - 481 - 482 - 483 - 485 - 488 - 489 - 490 - 491 - 492 - 493 - 494 - 495 - 496 - 497,572679.6,3.9,93347,91720,86.71,Cost: 93347 & Capacity: 91720
3 - 4 - 7 - 8 - 10 - 11 - 12 - 13 - 14 - 19 - 20 - 21 - 24 - 25 - 26 - 28 - 29 - 31 - 34 - 39 - 40 - 42 - 43 - 44 - 48 - 49 - 52 - 53 - 55 - 57 - 59 - 61 - 62 - 64 - 65 - 66 - 67 - 68 - 72 - 75 - 77 - 78 - 80 - 85 - 86 - 87 - 88 - 90 - 93 - 94 - 98 - 99 - 100 - 102 - 103 - 104 - 105 - 108 - 112 - 113 - 114 - 115 - 116 - 117 - 118 - 122 - 123 - 124 - 125 - 127 - 131 - 132 - 133 - 134 - 135 - 137 - 139 - 141 - 143 - 150 - 153 - 155 - 156 - 157 - 161 - 164 - 165 - 167 - 168 - 169 - 172 - 173 - 174 - 177 - 180 - 181 - 182 - 183 - 184 - 185 - 190 - 191 - 193 - 194 - 195 - 196 - 197 - 199 - 202 - 204 - 205 - 207 - 208 - 211 - 215 - 216 - 219 - 220 - 222 - 223 - 226 - 229 - 230 - 231 - 235 - 238 - 239 - 241 - 242 - 243 - 244 - 247 - 249 - 250 - 253 - 255 - 256 - 260 - 261 - 262 - 263 - 266 - 267 - 268 - 269 - 270 - 273 - 277 - 278 - 279 - 282 - 284 - 286 - 288 - 289 - 295 - 296 - 298 - 300 - 302 - 303 - 304 - 305 - 308 - 312 - 314 - 315 - 316 - 317 - 318 - 321 - 322 - 325 - 327 - 328 - 331 - 333 - 334 - 335 - 337 - 338 - 340 - 342 - 343 - 344 - 345 - 346 - 350 - 351 - 352 - 353 - 358 - 359 - 360 - 362 - 365 - 366 - 371 - 373 - 374 - 376 - 378 - 380 - 381 - 383 - 385 - 386 - 387 - 390 - 392 - 393 - 394 - 396 - 397 - 399 - 400 - 401 - 402 - 403 - 405 - 410 - 411 - 413 - 414 - 415 - 417 - 421 - 424 - 425 - 426 - 428 - 429 - 431 - 432 - 433 - 434 - 435 - 437 - 438 - 440 - 445 - 449 - 451 - 452 - 453 - 454 - 455 - 456 - 457 - 458 - 460 - 461 - 464 - 465 - 469 - 471 - 474 - 476 - 477 - 478 - 479 - 481 - 482 - 488 - 489 - 490 - 491 - 493 - 494 - 496 - 497,483904.2,5.9,93335,89331,93.68,Cost: 93335 & Capacity: 89331
3 - 6 - 17 - 26 - 33 - 39 - 40 - 42 - 55 - 59 - 62 - 64 - 66 - 68 - 73 - 77 - 79 - 89 - 90 - 93 - 96 - 101 - 106 - 108 - 110 - 112 - 119 - 131 - 133 - 137 - 138 - 139 - 140 - 152 - 162 - 167 - 171 - 173 - 174 - 176 - 180 - 182 - 191 - 194 - 203 - 206 - 211 - 214 - 217 - 219 - 220 - 226 - 227 - 233 - 234 - 237 - 238 - 240 - 242 - 244 - 250 - 252 - 260 - 261 - 264 - 267 - 268 - 271 - 273 - 276 - 278 - 279 - 282 - 289 - 294 - 295 - 298 - 300 - 308 - 309 - 310 - 312 - 316 - 319 - 321 - 327 - 328 - 332 - 336 - 337 - 340 - 343 - 345 - 347 - 362 - 364 - 366 - 374 - 377 - 380 - 385 - 386 - 394 - 395 - 396 - 397 - 399 - 402 - 408 - 411 - 417 - 418 - 421 - 424 - 429 - 431 - 434 - 437 - 438 - 440 - 444 - 449 - 456 - 458 - 459 - 461 - 463 - 464 - 465 - 466 - 470 - 471 - 475 - 477 - 478 - 481 - 488 - 489 - 493 - 499,137908.6,8.0,84955,65185,96.47,Cost: 84955 & Capacity: 65185
3 - 4 - 7 - 8 - 10 - 11 - 12 - 13 - 14 - 17 - 19 - 21 - 23 - 24 - 25 - 26 - 28 - 29 - 31 - 40 - 42 - 43 - 48 - 49 - 51 - 52 - 53 - 55 - 57 - 59 - 61 - 62 - 64 - 65 - 66 - 67 - 68 - 72 - 75 - 77 - 78 - 79 - 80 - 81 - 82 - 84 - 85 - 86 - 87 - 88 - 93 - 94 - 98 - 99 - 100 - 101 - 102 - 104 - 105 - 107 - 113 - 114 - 115 - 116 - 117 - 118 - 123 - 124 - 125 - 126 - 127 - 128 - 131 - 132 - 133 - 134 - 135 - 137 - 139 - 141 - 143 - 148 - 149 - 150 - 153 - 155 - 156 - 157 - 160 - 161 - 163 - 164 - 165 - 167 - 168 - 169 - 171 - 172 - 173 - 174 - 175 - 181 - 182 - 183 - 184 - 185 - 190 - 191 - 193 - 194 - 195 - 196 - 197 - 199 - 201 - 202 - 204 - 205 - 207 - 208 - 211 - 215 - 216 - 219 - 220 - 221 - 222 - 223 - 225 - 226 - 230 - 231 - 235 - 239 - 241 - 242 - 243 - 244 - 245 - 246 - 249 - 250 - 251 - 253 - 255 - 256 - 260 - 262 - 263 - 267 - 268 - 269 - 270 - 273 - 277 - 278 - 279 - 280 - 281 - 282 - 284 - 285 - 286 - 288 - 289 - 290 - 291 - 293 - 294 - 295 - 296 - 298 - 299 - 300 - 302 - 303 - 304 - 305 - 309 - 312 - 313 - 314 - 315 - 316 - 317 - 318 - 320 - 321 - 322 - 325 - 327 - 331 - 333 - 334 - 335 - 337 - 338 - 339 - 340 - 342 - 343 - 344 - 345 - 346 - 350 - 351 - 352 - 353 - 358 - 359 - 360 - 362 - 366 - 368 - 371 - 373 - 374 - 377 - 378 - 380 - 381 - 382 - 383 - 385 - 386 - 387 - 388 - 390 - 392 - 393 - 394 - 396 - 397 - 399 - 400 - 401 - 402 - 403 - 410 - 413 - 414 - 415 - 417 - 421 - 422 - 423 - 424 - 425 - 426 - 428 - 429 - 432 - 433 - 434 - 435 - 437 - 438 - 440 - 443 - 447 - 448 - 449 - 451 - 452 - 453 - 454 - 455 - 457 - 458 - 460 - 461 - 462 - 463 - 464 - 465 - 469 - 470 - 471 - 474 - 476 - 477 - 479 - 480 - 481 - 482 - 483 - 485 - 488 - 489 - 490 - 491 - 492 - 493 - 494 - 495 - 496 - 497,572679.6,3.9,93347,91720,96.82,Cost: 93347 & Capacity: 91720
3 - 4 - 7 - 8 - 10 - 11 - 12 - 13 - 14 - 17 - 19 - 21 - 23 - 24 - 25 - 26 - 28 - 29 - 31 - 40 - 42 - 43 - 48 - 49 - 51 - 52 - 53 - 55 - 57 - 59 - 61 - 62 - 64 - 65 - 66 - 67 - 68 - 72 - 75 - 77 - 78 - 79 - 80 - 81 - 82 - 84 - 85 - 86 - 87 - 88 - 93 - 94 - 98 - 99 - 100 - 101 - 102 - 104 - 105 - 107 - 113 - 114 - 115 - 116 - 117 - 118 - 123 - 124 - 125 - 126 - 127 - 128 - 131 - 132 - 133 - 134 - 135 - 137 - 139 - 141 - 143 - 148 - 149 - 150 - 153 - 155 - 156 - 157 - 160 - 161 - 163 - 164 - 165 - 167 - 168 - 169 - 171 - 172 - 173 - 174 - 175 - 181 - 182 - 183 - 184 - 185 - 190 - 191 - 193 - 194 - 195 - 196 - 197 - 199 - 201 - 202 - 204 - 205 - 207 - 208 - 211 - 215 - 216 - 219 - 220 - 221 - 222 - 223 - 225 - 226 - 230 - 231 - 235 - 239 - 241 - 242 - 243 - 244 - 245 - 246 - 249 - 250 - 251 - 253 - 255 - 256 - 260 - 262 - 263 - 267 - 268 - 269 - 270 - 273 - 277 - 278 - 279 - 280 - 281 - 282 - 284 - 285 - 286 - 288 - 289 - 290 - 291 - 293 - 294 - 295 - 296 - 298 - 299 - 300 - 302 - 303 - 304 - 305 - 309 - 312 - 313 - 314 - 315 - 316 - 317 - 318 - 320 - 321 - 322 - 325 - 327 - 331 - 333 - 334 - 335 - 337 - 338 - 339 - 340 - 342 - 343 - 344 - 345 - 346 - 350 - 351 - 352 - 353 - 358 - 359 - 360 - 362 - 366 - 368 - 371 - 373 - 374 - 377 - 378 - 380 - 381 - 382 - 383 - 385 - 386 - 387 - 388 - 390 - 392 - 393 - 394 - 396 - 397 - 399 - 400 - 401 - 402 - 403 - 410 - 413 - 414 - 415 - 417 - 421 - 422 - 423 - 424 - 425 - 426 - 428 - 429 - 432 - 433 - 434 - 435 - 437 - 438 - 440 - 443 - 447 - 448 - 449 - 451 - 452 - 453 - 454 - 455 - 457 - 458 - 460 - 461 - 462 - 463 - 464 - 465 - 469 - 470 - 471 - 474 - 476 - 477 - 479 - 480 - 481 - 482 - 483 - 485 - 488 - 489 - 490 - 491 - 492 - 493 - 494 - 495 - 496 - 497,572679.6,3.9,93347,91720,98.8,Cost: 93347 & Capacity: 91720
3 - 4 - 7 - 8 - 10 - 11 - 12 - 13 - 14 - 17 - 19 - 21 - 23 - 24 - 25 - 26 - 28 - 29 - 31 - 40 - 42 - 43 - 48 - 49 - 51 - 52 - 53 - 55 - 57 - 59 - 61 - 62 - 64 - 65 - 66 - 67 - 68 - 72 - 75 - 77 - 78 - 79 - 80 - 81 - 82 - 84 - 85 - 86 - 87 - 88 - 93 - 94 - 98 - 99 - 100 - 101 - 102 - 104 - 105 - 107 - 113 - 114 - 115 - 116 - 117 - 118 - 123 - 124 - 125 - 126 - 127 - 128 - 131 - 132 - 133 - 134 - 135 - 137 - 139 - 141 - 143 - 148 - 149 - 150 - 153 - 155 - 156 - 157 - 160 - 161 - 163 - 164 - 165 - 167 - 168 - 169 - 171 - 172 - 173 - 174 - 175 - 181 - 182 - 183 - 184 - 185 - 190 - 191 - 193 - 194 - 195 - 196 - 197 - 199 - 201 - 202 - 204 - 205 - 207 - 208 - 211 - 215 - 216 - 219 - 220 - 221 - 222 - 223 - 225 - 226 - 230 - 231 - 235 - 239 - 241 - 242 - 243 - 244 - 245 - 246 - 249 - 250 - 251 - 253 - 255 - 256 - 260 - 262 - 263 - 267 - 268 - 269 - 270 - 273 - 277 - 278 - 279 - 280 - 281 - 282 - 284 - 285 - 286 - 288 - 289 - 290 - 291 - 293 - 294 - 295 - 296 - 298 - 299 - 300 - 302 - 303 - 304 - 305 - 309 - 312 - 313 - 314 - 315 - 316 - 317 - 318 - 320 - 321 - 322 - 325 - 327 - 331 - 333 - 334 - 335 - 337 - 338 - 339 - 340 - 342 - 343 - 344 - 345 - 346 - 350 - 351 - 352 - 353 - 358 - 359 - 360 - 362 - 366 - 368 - 371 - 373 - 374 - 377 - 378 - 380 - 381 - 382 - 383 - 385 - 386 - 387 - 388 - 390 - 392 - 393 - 394 - 396 - 397 - 399 - 400 - 401 - 402 - 403 - 410 - 413 - 414 - 415 - 417 - 421 - 422 - 423 - 424 - 425 - 426 - 428 - 429 - 432 - 433 - 434 - 435 - 437 - 438 - 440 - 443 - 447 - 448 - 449 - 451 - 452 - 453 - 454 - 455 - 457 - 458 - 460 - 461 - 462 - 463 - 464 - 465 - 469 - 470 - 471 - 474 - 476 - 477 - 479 - 480 - 481 - 482 - 483 - 485 - 488 - 489 - 490 - 491 - 492 - 493 - 494 - 495 - 496 - 497,572679.6,3.9,93347,91720,99.74,Cost: 93347 & Capacity: 91720
6 - 7 - 15 - 22 - 26 - 28 - 31 - 35 - 40 - 41 - 42 - 47 - 48 - 55 - 59 - 61 - 63 - 66 - 73 - 79 - 84 - 88 - 89 - 93 - 100 - 104 - 108 - 109 - 110 - 111 - 112 - 113 - 116 - 118 - 120 - 125 - 131 - 133 - 137 - 138 - 139 - 141 - 144 - 147 - 149 - 150 - 152 - 154 - 162 - 164 - 167 - 173 - 174 - 175 - 176 - 177 - 184 - 189 - 191 - 193 - 194 - 206 - 208 - 211 - 216 - 217 - 219 - 220 - 221 - 226 - 227 - 231 - 232 - 234 - 236 - 238 - 244 - 249 - 250 - 260 - 261 - 263 - 267 - 268 - 271 - 273 - 275 - 278 - 279 - 283 - 284 - 289 - 293 - 298 - 300 - 308 - 314 - 316 - 317 - 318 - 321 - 325 - 327 - 331 - 332 - 337 - 340 - 342 - 343 - 345 - 351 - 353 - 358 - 362 - 364 - 365 - 372 - 374 - 377 - 378 - 380 - 385 - 386 - 392 - 393 - 394 - 396 - 397 - 399 - 400 - 402 - 403 - 407 - 410 - 411 - 414 - 415 - 420 - 424 - 427 - 431 - 432 - 437 - 438 - 445 - 456 - 458 - 461 - 463 - 464 - 465 - 466 - 471 - 474 - 477 - 478 - 481 - 484 - 488 - 489 - 492 - 493,184647.7,7.7,86733,68615,102.67,Cost: 86733 & Capacity: 68615
3 - 4 - 7 - 8 - 10 - 11 - 12 - 13 - 14 - 17 - 19 - 21 - 23 - 24 - 25 - 26 - 28 - 29 - 31 - 40 - 42 - 43 - 48 - 49 - 51 - 52 - 53 - 55 - 57 - 59 - 61 - 62 - 64 - 65 - 66 - 67 - 68 - 72 - 75 - 77 - 78 - 79 - 80 - 81 - 82 - 84 - 85 - 86 - 87 - 88 - 93 - 94 - 98 - 99 - 100 - 101 - 102 - 104 - 105 - 107 - 113 - 114 - 115 - 116 - 117 - 118 - 123 - 124 - 125 - 126 - 127 - 128 - 131 - 132 - 133 - 134 - 135 - 137 - 139 - 141 - 143 - 148 - 149 - 150 - 153 - 155 - 156 - 157 - 160 - 161 - 163 - 164 - 165 - 167 - 168 - 169 - 171 - 172 - 173 - 174 - 175 - 181 - 182 - 183 - 184 - 185 - 190 - 191 - 193 - 194 - 195 - 196 - 197 - 199 - 201 - 202 - 204 - 205 - 207 - 208 - 211 - 215 - 216 - 219 - 220 - 221 - 222 - 223 - 225 - 226 - 230 - 231 - 235 - 239 - 241 - 242 - 243 - 244 - 245 - 246 - 249 - 250 - 251 - 253 - 255 - 256 - 260 - 262 - 263 - 267 - 268 - 269 - 270 - 273 - 277 - 278 - 279 - 280 - 281 - 282 - 284 - 285 - 286 - 288 - 289 - 290 - 291 - 293 - 294 - 295 - 296 - 298 - 299 - 300 - 302 - 303 - 304 - 305 - 309 - 312 - 313 - 314 - 315 - 316 - 317 - 318 - 320 - 321 - 322 - 325 - 327 - 331 - 333 - 334 - 335 - 337 - 338 - 339 - 340 - 342 - 343 - 344 - 345 - 346 - 350 - 351 - 352 - 353 - 358 - 359 - 360 - 362 - 366 - 368 - 371 - 373 - 374 - 377 - 378 - 380 - 381 - 382 - 383 - 385 - 386 - 387 - 388 - 390 - 392 - 393 - 394 - 396 - 397 - 399 - 400 - 401 - 402 - 403 - 410 - 413 - 414 - 415 - 417 - 421 - 422 - 423 - 424 - 425 - 426 - 428 - 429 - 432 - 433 - 434 - 435 - 437 - 438 - 440 - 443 - 447 - 448 - 449 - 451 - 452 - 453 - 454 - 455 - 457 - 458 - 460 - 461 - 462 - 463 - 464 - 465 - 469 - 470 - 471 - 474 - 476 - 477 - 479 - 480 - 481 - 482 - 483 - 485 - 488 - 489 - 490 - 491 - 492 - 493 - 494 - 495 - 496 - 497,572679.6,3.9,93347,91720,103.02,Cost: 93347 & Capacity: 91720
3 - 4 - 7 - 8 - 10 - 11 - 12 - 13 - 14 - 17 - 19 - 21 - 23 - 24 - 25 - 26 - 28 - 29 - 31 - 40 - 42 - 43 - 48 - 49 - 51 - 52 - 53 - 55 - 57 - 59 - 61 - 62 - 64 - 65 - 66 - 67 - 68 - 72 - 75 - 77 - 78 - 79 - 80 - 81 - 82 - 84 - 85 - 86 - 87 - 88 - 93 - 94 - 98 - 99 - 100 - 101 - 102 - 104 - 105 - 113 - 114 - 115 - 116 - 117 - 118 - 123 - 124 - 125 - 126 - 127 - 128 - 131 - 132 - 133 - 134 - 135 - 137 - 139 - 141 - 143 - 147 - 148 - 149 - 150 - 153 - 155 - 156 - 157 - 160 - 161 - 163 - 164 - 165 - 167 - 168 - 169 - 171 - 172 - 173 - 174 - 175 - 180 - 181 - 182 - 183 - 184 - 185 - 190 - 191 - 193 - 194 - 195 - 196 - 197 - 199 - 201 - 202 - 204 - 205 - 207 - 208 - 211 - 215 - 216 - 219 - 220 - 221 - 222 - 223 - 225 - 226 - 230 - 231 - 235 - 239 - 241 - 242 - 243 - 244 - 245 - 246 - 249 - 250 - 251 - 253 - 255 - 256 - 258 - 260 - 262 - 263 - 267 - 268 - 269 - 270 - 273 - 277 - 278 - 279 - 280 - 281 - 282 - 284 - 285 - 286 - 288 - 289 - 290 - 291 - 293 - 294 - 295 - 296 - 298 - 299 - 300 - 302 - 303 - 304 - 305 - 309 - 312 - 313 - 314 - 315 - 316 - 317 - 318 - 321 - 322 - 325 - 327 - 331 - 333 - 334 - 335 - 337 - 338 - 340 - 342 - 343 - 344 - 345 - 346 - 350 - 351 - 352 - 353 - 358 - 359 - 360 - 362 - 366 - 368 - 371 - 373 - 374 - 377 - 378 - 380 - 381 - 383 - 385 - 386 - 387 - 388 - 390 - 392 - 393 - 394 - 396 - 397 - 399 - 400 - 401 - 402 - 403 - 410 - 413 - 414 - 415 - 417 - 421 - 422 - 423 - 424 - 425 - 426 - 428 - 429 - 432 - 433 - 434 - 435 - 437 - 438 - 440 - 441 - 443 - 447 - 448 - 449 - 451 - 452 - 453 - 454 - 455 - 457 - 458 - 460 - 461 - 462 - 463 - 464 - 465 - 469 - 470 - 471 - 474 - 476 - 477 - 479 - 480 - 481 - 482 - 483 - 485 - 488 - 489 - 490 - 491 - 492 - 493 - 494 - 495 - 496 - 497,573820.7,2.7,93344,92137,105.61,Cost: 93344 & Capacity: 92137
3 - 4 - 7 - 8 - 10 - 11 - 12 - 13 - 14 - 17 - 19 - 21 - 23 - 24 - 25 - 26 - 28 - 29 - 31 - 40 - 42 - 43 - 48 - 49 - 51 - 52 - 53 - 55 - 57 - 59 - 61 - 62 - 64 - 65 - 66 - 67 - 68 - 72 - 75 - 77 - 78 - 79 - 80 - 81 - 82 - 84 - 85 - 86 - 87 - 88 - 93 - 94 - 98 - 99 - 100 - 101 - 102 - 104 - 105 - 107 - 113 - 114 - 115 - 116 - 117 - 118 - 123 - 124 - 125 - 126 - 127 - 128 - 131 - 132 - 133 - 134 - 135 - 137 - 139 - 141 - 143 - 148 - 149 - 150 - 153 - 155 - 156 - 157 - 160 - 161 - 163 - 164 - 165 - 167 - 168 - 169 - 171 - 172 - 173 - 174 - 175 - 181 - 182 - 183 - 184 - 185 - 190 - 191 - 193 - 194 - 195 - 196 - 197 - 199 - 201 - 202 - 204 - 205 - 207 - 208 - 211 - 215 - 216 - 219 - 220 - 221 - 222 - 223 - 225 - 226 - 230 - 231 - 235 - 239 - 241 - 242 - 243 - 244 - 245 - 246 - 249 - 250 - 251 - 253 - 255 - 256 - 260 - 262 - 263 - 267 - 268 - 269 - 270 - 273 - 277 - 278 - 279 - 280 - 281 - 282 - 284 - 285 - 286 - 288 - 289 - 290 - 291 - 293 - 294 - 295 - 296 - 298 - 299 - 300 - 302 - 303 - 304 - 305 - 309 - 312 - 313 - 314 - 315 - 316 - 317 - 318 - 320 - 321 - 322 - 325 - 327 - 331 - 333 - 334 - 335 - 337 - 338 - 339 - 340 - 342 - 343 - 344 - 345 - 346 - 350 - 351 - 352 - 353 - 358 - 359 - 360 - 362 - 366 - 368 - 371 - 373 - 374 - 377 - 378 - 380 - 381 - 382 - 383 - 385 - 386 - 387 - 388 - 390 - 392 - 393 - 394 - 396 - 397 - 399 - 400 - 401 - 402 - 403 - 410 - 413 - 414 - 415 - 417 - 421 - 422 - 423 - 424 - 425 - 426 - 428 - 429 - 432 - 433 - 434 - 435 - 437 - 438 - 440 - 443 - 447 - 448 - 449 - 451 - 452 - 453 - 454 - 455 - 457 - 458 - 460 - 461 - 462 - 463 - 464 - 465 - 469 - 470 - 471 - 474 - 476 - 477 - 479 - 480 - 481 - 482 - 483 - 485 - 488 - 489 - 490 - 491 - 492 - 493 - 494 - 495 - 496 - 497,572679.6,3.9,93347,91720,105.65,Cost: 93347 & Capacity: 91720
3 - 4 - 7 - 8 - 10 - 11 - 12 - 13 - 14 - 17 - 19 - 21 - 23 - 24 - 25 - 26 - 28 - 29 - 31 - 40 - 42 - 43 - 48 - 49 - 51 - 52 - 53 - 55 - 57 - 59 - 61 - 62 - 64 - 65 - 66 - 67 - 68 - 72 - 75 - 77 - 78 - 79 - 80 - 81 - 82 - 84 - 85 - 86 - 87 - 88 - 93 - 94 - 98 - 99 - 100 - 101 - 102 - 104 - 105 - 113 - 114 - 115 - 116 - 117 - 118 - 123 - 124 - 125 - 126 - 127 - 128 - 131 - 132 - 133 - 134 - 135 - 137 - 139 - 141 - 143 - 147 - 148 - 149 - 150 - 153 - 155 - 156 - 157 - 160 - 161 - 163 - 164 - 165 - 167 - 168 - 169 - 171 - 172 - 173 - 174 - 175 - 180 - 181 - 182 - 183 - 184 - 185 - 190 - 191 - 193 - 194 - 195 - 196 - 197 - 199 - 201 - 202 - 204 - 205 - 207 - 208 - 211 - 215 - 216 - 219 - 220 - 221 - 222 - 223 - 225 - 226 - 230 - 231 - 235 - 239 - 241 - 242 - 243 - 244 - 245 - 246 - 249 - 250 - 251 - 253 - 255 - 256 - 258 - 260 - 262 - 263 - 267 - 268 - 269 - 270 - 273 - 277 - 278 - 279 - 280 - 281 - 282 - 284 - 285 - 286 - 288 - 289 - 290 - 291 - 293 - 294 - 295 - 296 - 298 - 299 - 300 - 302 - 303 - 304 - 305 - 309 - 312 - 313 - 314 - 315 - 316 - 317 - 318 - 321 - 322 - 325 - 327 - 331 - 333 - 334 - 335 - 337 - 338 - 340 - 342 - 343 - 344 - 345 - 346 - 350 - 351 - 352 - 353 - 358 - 359 - 360 - 362 - 366 - 368 - 371 - 373 - 374 - 377 - 378 - 380 - 381 - 383 - 385 - 386 - 387 - 388 - 390 - 392 - 393 - 394 - 396 - 397 - 399 - 400 - 401 - 402 - 403 - 410 - 413 - 414 - 415 - 417 - 421 - 422 - 423 - 424 - 425 - 426 - 428 - 429 - 432 - 433 - 434 - 435 - 437 - 438 - 440 - 441 - 443 - 447 - 448 - 449 - 451 - 452 - 453 - 454 - 455 - 457 - 458 - 460 - 461 - 462 - 463 - 464 - 465 - 469 - 470 - 471 - 474 - 476 - 477 - 479 - 480 - 481 - 482 - 483 - 485 - 488 - 489 - 490 - 491 - 492 - 493 - 494 - 495 - 496 - 497,573820.7,2.7,93344,92137,106.05,Cost: 93344 & Capacity: 92137
3 - 4 - 7 - 8 - 10 - 11 - 12 - 13 - 14 - 17 - 19 - 21 - 23 - 24 - 25 - 26 - 28 - 29 - 31 - 40 - 42 - 43 - 48 - 49 - 51 - 52 - 53 - 55 - 57 - 59 - 61 - 62 - 64 - 65 - 66 - 67 - 68 - 72 - 75 - 77 - 78 - 79 - 80 - 81 - 82 - 84 - 85 - 86 - 87 - 88 - 93 - 94 - 98 - 99 - 100 - 101 - 102 - 104 - 105 - 107 - 113 - 114 - 115 - 116 - 117 - 118 - 123 - 124 - 125 - 126 - 127 - 128 - 131 - 132 - 133 - 134 - 135 - 137 - 139 - 141 - 143 - 148 - 149 - 150 - 153 - 155 - 156 - 157 - 160 - 161 - 163 - 164 - 165 - 167 - 168 - 169 - 171 - 172 - 173 - 174 - 175 - 181 - 182 - 183 - 184 - 185 - 190 - 191 - 193 - 194 - 195 - 196 - 197 - 199 - 201 - 202 - 204 - 205 - 207 - 208 - 211 - 215 - 216 - 219 - 220 - 221 - 222 - 223 - 225 - 226 - 230 - 231 - 235 - 239 - 241 - 242 - 243 - 244 - 245 - 246 - 249 - 250 - 251 - 253 - 255 - 256 - 260 - 262 - 263 - 267 - 268 - 269 - 270 - 273 - 277 - 278 - 279 - 280 - 281 - 282 - 284 - 285 - 286 - 288 - 289 - 290 - 291 - 293 - 294 - 295 - 296 - 298 - 299 - 300 - 302 - 303 - 304 - 305 - 309 - 312 - 313 - 314 - 315 - 316 - 317 - 318 - 320 - 321 - 322 - 325 - 327 - 331 - 333 - 334 - 335 - 337 - 338 - 339 - 340 - 342 - 343 - 344 - 345 - 346 - 350 - 351 - 352 - 353 - 358 - 359 - 360 - 362 - 366 - 368 - 371 - 373 - 374 - 377 - 378 - 380 - 381 - 382 - 383 - 385 - 386 - 387 - 388 - 390 - 392 - 393 - 394 - 396 - 397 - 399 - 400 - 401 - 402 - 403 - 410 - 413 - 414 - 415 - 417 - 421 - 422 - 423 - 424 - 425 - 426 - 428 - 429 - 432 - 433 - 434 - 435 - 437 - 438 - 440 - 443 - 447 - 448 - 449 - 451 - 452 - 453 - 454 - 455 - 457 - 458 - 460 - 461 - 462 - 463 - 464 - 465 - 469 - 470 - 471 - 474 - 476 - 477 - 479 - 480 - 481 - 482 - 483 - 485 - 488 - 489 - 490 - 491 - 492 - 493 - 494 - 495 - 496 - 497,572679.6,3.9,93347,91720,106.09,Cost: 93347 & Capacity: 91720
3 - 4 - 7 - 8 - 10 - 11 - 12 - 13 - 14 - 17 - 19 - 21 - 23 - 24 - 25 - 26 - 28 - 29 - 31 - 40 - 42 - 43 - 48 - 49 - 51 - 52 - 53 - 55 - 57 - 59 - 61 - 62 - 64 - 65 - 66 - 67 - 68 - 72 - 75 - 77 - 78 - 79 - 80 - 81 - 82 - 84 - 85 - 86 - 87 - 88 - 93 - 94 - 98 - 99 - 100 - 101 - 102 - 104 - 105 - 107 - 113 - 114 - 115 - 116 - 117 - 118 - 123 - 124 - 125 - 126 - 127 - 128 - 131 - 132 - 133 - 134 - 135 - 137 - 139 - 141 - 143 - 148 - 149 - 150 - 153 - 155 - 156 - 157 - 160 - 161 - 163 - 164 - 165 - 167 - 168 - 169 - 171 - 172 - 173 - 174 - 175 - 181 - 182 - 183 - 184 - 185 - 190 - 191 - 193 - 194 - 195 - 196 - 197 - 199 - 201 - 202 - 204 - 205 - 207 - 208 - 211 - 215 - 216 - 219 - 220 - 221 - 222 - 223 - 225 - 226 - 230 - 231 - 235 - 239 - 241 - 242 - 243 - 244 - 245 - 246 - 249 - 250 - 251 - 253 - 255 - 256 - 260 - 262 - 263 - 267 - 268 - 269 - 270 - 273 - 277 - 278 - 279 - 280 - 281 - 282 - 284 - 285 - 286 - 288 - 289 - 290 - 291 - 293 - 294 - 295 - 296 - 298 - 299 - 300 - 302 - 303 - 304 - 305 - 309 - 312 - 313 - 314 - 315 - 316 - 317 - 318 - 320 - 321 - 322 - 325 - 327 - 331 - 333 - 334 - 335 - 337 - 338 - 339 - 340 - 342 - 343 - 344 - 345 - 346 - 350 - 351 - 352 - 353 - 358 - 359 - 360 - 362 - 366 - 368 - 371 - 373 - 374 - 377 - 378 - 380 - 381 - 382 - 383 - 385 - 386 - 387 - 388 - 390 - 392 - 393 - 394 - 396 - 397 - 399 - 400 - 401 - 402 - 403 - 410 - 413 - 414 - 415 - 417 - 421 - 422 - 423 - 424 - 425 - 426 - 428 - 429 - 432 - 433 - 434 - 435 - 437 - 438 - 440 - 443 - 447 - 448 - 449 - 451 - 452 - 453 - 454 - 455 - 457 - 458 - 460 - 461 - 462 - 463 - 464 - 465 - 469 - 470 - 471 - 474 - 476 - 477 - 479 - 480 - 481 - 482 - 483 - 485 - 488 - 489 - 490 - 491 - 492 - 493 - 494 - 495 - 496 - 497,572679.6,3.9,93347,91720,106.38,Cost: 93347 & Capacity: 91720
3 - 4 - 7 - 8 - 10 - 11 - 12 - 13 - 14 - 17 - 19 - 21 - 23 - 24 - 25 - 26 - 28 - 29 - 31 - 40 - 42 - 43 - 48 - 49 - 51 - 52 - 53 - 55 - 57 - 59 - 61 - 62 - 64 - 65 - 66 - 67 - 68 - 72 - 75 - 77 - 78 - 79 - 80 - 81 - 82 - 84 - 85 - 86 - 87 - 88 - 93 - 94 - 98 - 99 - 100 - 101 - 102 - 104 - 105 - 107 - 113 - 114 - 115 - 116 - 117 - 118 - 123 - 124 - 125 - 126 - 127 - 128 - 131 - 132 - 133 - 134 - 135 - 137 - 139 - 141 - 143 - 148 - 149 - 150 - 153 - 155 - 156 - 157 - 160 - 161 - 163 - 164 - 165 - 167 - 168 - 169 - 171 - 172 - 173 - 174 - 175 - 181 - 182 - 183 - 184 - 185 - 190 - 191 - 193 - 194 - 195 - 196 - 197 - 199 - 201 - 202 - 204 - 205 - 207 - 208 - 211 - 215 - 216 - 219 - 220 - 221 - 222 - 223 - 225 - 226 - 230 - 231 - 235 - 239 - 241 - 242 - 243 - 244 - 245 - 246 - 249 - 250 - 251 - 253 - 255 - 256 - 260 - 262 - 263 - 267 - 268 - 269 - 270 - 273 - 277 - 278 - 279 - 280 - 281 - 282 - 284 - 285 - 286 - 288 - 289 - 290 - 291 - 293 - 294 - 295 - 296 - 298 - 299 - 300 - 302 - 303 - 304 - 305 - 309 - 312 - 313 - 314 - 315 - 316 - 317 - 318 - 320 - 321 - 322 - 325 - 327 - 331 - 333 - 334 - 335 - 337 - 338 - 339 - 340 - 342 - 343 - 344 - 345 - 346 - 350 - 351 - 352 - 353 - 358 - 359 - 360 - 362 - 366 - 368 - 371 - 373 - 374 - 377 - 378 - 380 - 381 - 382 - 383 - 385 - 386 - 387 - 388 - 390 - 392 - 393 - 394 - 396 - 397 - 399 - 400 - 401 - 402 - 403 - 410 - 413 - 414 - 415 - 417 - 421 - 422 - 423 - 424 - 425 - 426 - 428 - 429 - 432 - 433 - 434 - 435 - 437 - 438 - 440 - 443 - 447 - 448 - 449 - 451 - 452 - 453 - 454 - 455 - 457 - 458 - 460 - 461 - 462 - 463 - 464 - 465 - 469 - 470 - 471 - 474 - 476 - 477 - 479 - 480 - 481 - 482 - 483 - 485 - 488 - 489 - 490 - 491 - 492 - 493 - 494 - 495 - 496 - 497,572679.6,3.9,93347,91720,109.83,Cost: 93347 & Capacity: 91720
3 - 4 - 7 - 8 - 10 - 11 - 12 - 13 - 14 - 17 - 19 - 21 - 23 - 24 - 25 - 26 - 28 - 29 - 31 - 40 - 42 - 43 - 48 - 49 - 51 - 52 - 53 - 55 - 57 - 59 - 61 - 62 - 64 - 65 - 66 - 67 - 68 - 72 - 75 - 77 - 78 - 79 - 80 - 81 - 82 - 84 - 85 - 86 - 87 - 88 - 93 - 94 - 98 - 99 - 100 - 101 - 102 - 104 - 105 - 107 - 113 - 114 - 115 - 116 - 117 - 118 - 123 - 124 - 125 - 126 - 127 - 128 - 131 - 132 - 133 - 134 - 135 - 137 - 139 - 141 - 143 - 148 - 149 - 150 - 153 - 155 - 156 - 157 - 160 - 161 - 163 - 164 - 165 - 167 - 168 - 169 - 171 - 172 - 173 - 174 - 175 - 181 - 182 - 183 - 184 - 185 - 190 - 191 - 193 - 194 - 195 - 196 - 197 - 199 - 201 - 202 - 204 - 205 - 207 - 208 - 211 - 215 - 216 - 219 - 220 - 221 - 222 - 223 - 225 - 226 - 230 - 231 - 235 - 239 - 241 - 242 - 243 - 244 - 245 - 246 - 249 - 250 - 251 - 253 - 255 - 256 - 260 - 262 - 263 - 267 - 268 - 269 - 270 - 273 - 277 - 278 - 279 - 280 - 281 - 282 - 284 - 285 - 286 - 288 - 289 - 290 - 291 - 293 - 294 - 295 - 296 - 298 - 299 - 300 - 302 - 303 - 304 - 305 - 309 - 312 - 313 - 314 - 315 - 316 - 317 - 318 - 320 - 321 - 322 - 325 - 327 - 331 - 333 - 334 - 335 - 337 - 338 - 339 - 340 - 342 - 343 - 344 - 345 - 346 - 350 - 351 - 352 - 353 - 358 - 359 - 360 - 362 - 366 - 368 - 371 - 373 - 374 - 377 - 378 - 380 - 381 - 382 - 383 - 385 - 386 - 387 - 388 - 390 - 392 - 393 - 394 - 396 - 397 - 399 - 400 - 401 - 402 - 403 - 410 - 413 - 414 - 415 - 417 - 421 - 422 - 423 - 424 - 425 - 426 - 428 - 429 - 432 - 433 - 434 - 435 - 437 - 438 - 440 - 443 - 447 - 448 - 449 - 451 - 452 - 453 - 454 - 455 - 457 - 458 - 460 - 461 - 462 - 463 - 464 - 465 - 469 - 470 - 471 - 474 - 476 - 477 - 479 - 480 - 481 - 482 - 483 - 485 - 488 - 489 - 490 - 491 - 492 - 493 - 494 - 495 - 496 - 497,572679.6,3.9,93347,91720,114.33,Cost: 93347 & Capacity: 91720
3 - 4 - 7 - 10 - 11 - 12 - 13 - 14 - 19 - 21 - 23 - 24 - 25 - 26 - 28 - 29 - 31 - 40 - 42 - 43 - 48 - 49 - 51 - 52 - 53 - 55 - 57 - 59 - 61 - 62 - 64 - 65 - 66 - 67 - 68 - 72 - 75 - 77 - 80 - 84 - 85 - 86 - 87 - 88 - 90 - 93 - 94 - 98 - 99 - 100 - 101 - 102 - 104 - 105 - 108 - 113 - 114 - 115 - 116 - 117 - 118 - 123 - 124 - 125 - 126 - 127 - 128 - 131 - 132 - 133 - 134 - 135 - 137 - 139 - 141 - 143 - 148 - 149 - 150 - 153 - 155 - 156 - 157 - 160 - 161 - 163 - 164 - 165 - 167 - 168 - 169 - 171 - 172 - 173 - 174 - 175 - 180 - 181 - 182 - 183 - 184 - 185 - 190 - 191 - 193 - 194 - 195 - 196 - 197 - 199 - 201 - 202 - 204 - 205 - 207 - 208 - 211 - 215 - 216 - 219 - 220 - 221 - 222 - 223 - 225 - 226 - 230 - 231 - 235 - 239 - 241 - 242 - 243 - 244 - 245 - 246 - 247 - 249 - 250 - 251 - 253 - 255 - 256 - 260 - 262 - 263 - 267 - 268 - 269 - 270 - 273 - 277 - 278 - 279 - 281 - 282 - 284 - 286 - 288 - 289 - 290 - 291 - 293 - 295 - 296 - 298 - 299 - 300 - 302 - 303 - 304 - 305 - 308 - 312 - 314 - 315 - 316 - 317 - 318 - 321 - 322 - 325 - 327 - 328 - 331 - 333 - 334 - 335 - 337 - 338 - 340 - 342 - 343 - 344 - 345 - 346 - 350 - 351 - 352 - 353 - 358 - 359 - 360 - 361 - 362 - 365 - 366 - 368 - 371 - 373 - 374 - 376 - 377 - 380 - 381 - 383 - 385 - 386 - 387 - 388 - 389 - 390 - 392 - 393 - 394 - 396 - 397 - 399 - 400 - 401 - 402 - 403 - 405 - 410 - 412 - 413 - 414 - 415 - 417 - 421 - 422 - 423 - 424 - 425 - 426 - 428 - 429 - 432 - 433 - 434 - 435 - 437 - 438 - 440 - 443 - 447 - 448 - 449 - 451 - 452 - 453 - 454 - 455 - 457 - 458 - 460 - 461 - 462 - 464 - 465 - 469 - 471 - 474 - 476 - 477 - 479 - 481 - 482 - 483 - 485 - 488 - 489 - 490 - 491 - 492 - 493 - 494 - 495 - 496 - 497,547957.7,5.0,93358,91823,114.77,Cost: 93358 & Capacity: 91823
3 - 4 - 7 - 8 - 10 - 11 - 12 - 13 - 14 - 17 - 19 - 21 - 23 - 24 - 25 - 26 - 28 - 29 - 31 - 40 - 42 - 43 - 48 - 49 - 51 - 52 - 53 - 55 - 57 - 59 - 61 - 62 - 64 - 65 - 66 - 67 - 68 - 72 - 75 - 77 - 78 - 79 - 80 - 81 - 82 - 84 - 85 - 86 - 87 - 88 - 93 - 94 - 98 - 99 - 100 - 101 - 102 - 104 - 105 - 113 - 114 - 115 - 116 - 117 - 118 - 123 - 124 - 125 - 126 - 127 - 128 - 131 - 132 - 133 - 134 - 135 - 137 - 139 - 141 - 143 - 148 - 149 - 150 - 153 - 155 - 156 - 157 - 160 - 161 - 163 - 164 - 165 - 167 - 168 - 169 - 171 - 172 - 173 - 174 - 175 - 180 - 181 - 182 - 183 - 184 - 185 - 190 - 191 - 193 - 194 - 195 - 196 - 197 - 199 - 201 - 202 - 204 - 205 - 207 - 208 - 211 - 215 - 216 - 219 - 220 - 221 - 222 - 223 - 225 - 226 - 230 - 231 - 235 - 239 - 241 - 242 - 243 - 244 - 245 - 246 - 249 - 250 - 251 - 253 - 255 - 256 - 258 - 260 - 262 - 263 - 267 - 268 - 269 - 270 - 273 - 277 - 278 - 279 - 280 - 281 - 282 - 284 - 285 - 286 - 288 - 289 - 290 - 291 - 293 - 294 - 295 - 296 - 298 - 299 - 300 - 302 - 303 - 304 - 305 - 309 - 312 - 313 - 314 - 315 - 316 - 317 - 318 - 320 - 321 - 322 - 325 - 327 - 331 - 333 - 334 - 335 - 337 - 338 - 340 - 342 - 343 - 344 - 345 - 346 - 350 - 351 - 352 - 353 - 358 - 359 - 360 - 362 - 366 - 368 - 371 - 373 - 374 - 377 - 378 - 380 - 381 - 383 - 385 - 386 - 387 - 388 - 390 - 392 - 393 - 394 - 396 - 397 - 399 - 400 - 401 - 402 - 403 - 410 - 413 - 414 - 415 - 417 - 421 - 422 - 423 - 424 - 425 - 426 - 428 - 429 - 432 - 433 - 434 - 435 - 437 - 438 - 440 - 441 - 443 - 447 - 448 - 449 - 451 - 452 - 453 - 454 - 455 - 457 - 458 - 460 - 461 - 462 - 463 - 464 - 465 - 469 - 470 - 471 - 474 - 476 - 477 - 479 - 480 - 481 - 482 - 483 - 485 - 488 - 489 - 490 - 491 - 492 - 493 - 494 - 495 - 496 - 497,573679.4,2.7,93354,91654,118.15,Cost: 93354 & Capacity: 91654
3 - 4 - 7 - 8 - 10 - 11 - 12 - 13 - 14 - 17 - 19 - 21 - 23 - 24 - 25 - 26 - 28 - 29 - 31 - 40 - 42 - 43 - 48 - 49 - 51 - 52 - 53 - 55 - 57 - 59 - 61 - 62 - 64 - 65 - 66 - 67 - 68 - 72 - 75 - 77 - 78 - 79 - 80 - 81 - 82 - 84 - 85 - 86 - 87 - 88 - 93 - 94 - 98 - 99 - 100 - 101 - 102 - 104 - 105 - 107 - 113 - 114 - 115 - 116 - 117 - 118 - 123 - 124 - 125 - 126 - 127 - 128 - 131 - 132 - 133 - 134 - 135 - 137 - 139 - 141 - 143 - 148 - 149 - 150 - 153 - 155 - 156 - 157 - 160 - 161 - 163 - 164 - 165 - 167 - 168 - 169 - 171 - 172 - 173 - 174 - 175 - 181 - 182 - 183 - 184 - 185 - 190 - 191 - 193 - 194 - 195 - 196 - 197 - 199 - 201 - 202 - 204 - 205 - 207 - 208 - 211 - 215 - 216 - 219 - 220 - 221 - 222 - 223 - 225 - 226 - 230 - 231 - 235 - 239 - 241 - 242 - 243 - 244 - 245 - 246 - 249 - 250 - 251 - 253 - 255 - 256 - 260 - 262 - 263 - 267 - 268 - 269 - 270 - 273 - 277 - 278 - 279 - 280 - 281 - 282 - 284 - 285 - 286 - 288 - 289 - 290 - 291 - 293 - 294 - 295 - 296 - 298 - 299 - 300 - 302 - 303 - 304 - 305 - 309 - 312 - 313 - 314 - 315 - 316 - 317 - 318 - 320 - 321 - 322 - 325 - 327 - 331 - 333 - 334 - 335 - 337 - 338 - 339 - 340 - 342 - 343 - 344 - 345 - 346 - 350 - 351 - 352 - 353 - 358 - 359 - 360 - 362 - 366 - 368 - 371 - 373 - 374 - 377 - 378 - 380 - 381 - 382 - 383 - 385 - 386 - 387 - 388 - 390 - 392 - 393 - 394 - 396 - 397 - 399 - 400 - 401 - 402 - 403 - 410 - 413 - 414 - 415 - 417 - 421 - 422 - 423 - 424 - 425 - 426 - 428 - 429 - 432 - 433 - 434 - 435 - 437 - 438 - 440 - 443 - 447 - 448 - 449 - 451 - 452 - 453 - 454 - 455 - 457 - 458 - 460 - 461 - 462 - 463 - 464 - 465 - 469 - 470 - 471 - 474 - 476 - 477 - 479 - 480 - 481 - 482 - 483 - 485 - 488 - 489 - 490 - 491 - 492 - 493 - 494 - 495 - 496 - 497,572679.6,3.9,93347,91720,118.2,Cost: 93347 & Capacity: 91720
3 - 4 - 6 - 7 - 10 - 11 - 12 - 13 - 21 - 24 - 25 - 26 - 28 - 31 - 33 - 39 - 40 - 43 - 48 - 50 - 55 - 59 - 61 - 62 - 63 - 64 - 65 - 66 - 67 - 68 - 72 - 75 - 77 - 78 - 80 - 84 - 85 - 86 - 87 - 93 - 98 - 99 - 100 - 102 - 104 - 105 - 108 - 110 - 112 - 113 - 116 - 118 - 123 - 125 - 128 - 131 - 132 - 133 - 134 - 137 - 138 - 139 - 141 - 143 - 144 - 150 - 153 - 155 - 156 - 161 - 162 - 164 - 165 - 167 - 168 - 169 - 172 - 173 - 174 - 176 - 177 - 180 - 181 - 182 - 184 - 185 - 186 - 191 - 193 - 194 - 196 - 197 - 198 - 202 - 204 - 207 - 208 - 215 - 216 - 217 - 219 - 220 - 222 - 223 - 226 - 227 - 229 - 231 - 232 - 234 - 237 - 238 - 239 - 242 - 243 - 244 - 247 - 249 - 250 - 255 - 260 - 261 - 262 - 263 - 267 - 268 - 269 - 270 - 276 - 278 - 282 - 286 - 289 - 295 - 298 - 299 - 300 - 303 - 304 - 305 - 308 - 312 - 314 - 316 - 318 - 321 - 322 - 325 - 327 - 328 - 332 - 334 - 335 - 337 - 338 - 340 - 342 - 344 - 345 - 346 - 350 - 351 - 352 - 353 - 358 - 359 - 360 - 362 - 364 - 366 - 371 - 373 - 374 - 378 - 381 - 385 - 386 - 390 - 392 - 393 - 394 - 396 - 397 - 399 - 401 - 402 - 403 - 408 - 410 - 411 - 413 - 414 - 415 - 416 - 417 - 424 - 427 - 428 - 429 - 431 - 432 - 433 - 434 - 437 - 438 - 440 - 445 - 447 - 449 - 451 - 452 - 453 - 454 - 455 - 456 - 457 - 458 - 460 - 461 - 464 - 465 - 466 - 469 - 471 - 473 - 474 - 475 - 477 - 478 - 481 - 482 - 488 - 489 - 490 - 491 - 496,376803.5,6.5,93359,83649,125.42,Cost: 93359 & Capacity: 83649
3 - 4 - 7 - 8 - 10 - 11 - 12 - 13 - 14 - 17 - 19 - 21 - 23 - 24 - 25 - 26 - 28 - 29 - 31 - 40 - 42 - 43 - 48 - 49 - 51 - 52 - 53 - 55 - 57 - 59 - 61 - 62 - 64 - 65 - 66 - 67 - 68 - 72 - 75 - 77 - 78 - 79 - 80 - 81 - 82 - 84 - 85 - 86 - 87 - 88 - 93 - 94 - 98 - 99 - 100 - 101 - 102 - 104 - 105 - 113 - 114 - 115 - 116 - 117 - 118 - 123 - 124 - 125 - 126 - 127 - 128 - 131 - 132 - 133 - 134 - 135 - 137 - 139 - 141 - 143 - 148 - 149 - 150 - 153 - 155 - 156 - 157 - 160 - 161 - 163 - 164 - 165 - 167 - 168 - 169 - 171 - 172 - 173 - 174 - 175 - 180 - 181 - 182 - 183 - 184 - 185 - 190 - 191 - 193 - 194 - 195 - 196 - 197 - 199 - 201 - 202 - 204 - 205 - 207 - 208 - 211 - 215 - 216 - 219 - 220 - 221 - 222 - 223 - 225 - 226 - 230 - 231 - 235 - 239 - 241 - 242 - 243 - 244 - 245 - 246 - 249 - 250 - 251 - 253 - 255 - 256 - 258 - 260 - 262 - 263 - 267 - 268 - 269 - 270 - 273 - 277 - 278 - 279 - 280 - 281 - 282 - 284 - 285 - 286 - 288 - 289 - 290 - 291 - 293 - 294 - 295 - 296 - 298 - 299 - 300 - 302 - 303 - 304 - 305 - 309 - 312 - 313 - 314 - 315 - 316 - 317 - 318 - 320 - 321 - 322 - 325 - 327 - 331 - 333 - 334 - 335 - 337 - 338 - 340 - 342 - 343 - 344 - 345 - 346 - 350 - 351 - 352 - 353 - 358 - 359 - 360 - 362 - 366 - 368 - 371 - 373 - 374 - 377 - 378 - 380 - 381 - 383 - 385 - 386 - 387 - 388 - 390 - 392 - 393 - 394 - 396 - 397 - 399 - 400 - 401 - 402 - 403 - 410 - 413 - 414 - 415 - 417 - 421 - 422 - 423 - 424 - 425 - 426 - 428 - 429 - 432 - 433 - 434 - 435 - 437 - 438 - 440 - 441 - 443 - 447 - 448 - 449 - 451 - 452 - 453 - 454 - 455 - 457 - 458 - 460 - 461 - 462 - 463 - 464 - 465 - 469 - 470 - 471 - 474 - 476 - 477 - 479 - 480 - 481 - 482 - 483 - 485 - 488 - 489 - 490 - 491 - 492 - 493 - 494 - 495 - 496 - 497,573679.4,2.7,93354,91654,127.26,Cost: 93354 & Capacity: 91654
3 - 4 - 7 - 8 - 10 - 11 - 12 - 13 - 14 - 17 - 19 - 21 - 23 - 24 - 25 - 26 - 28 - 29 - 31 - 40 - 42 - 43 - 48 - 49 - 51 - 52 - 53 - 55 - 57 - 59 - 61 - 62 - 64 - 65 - 66 - 67 - 68 - 72 - 75 - 77 - 78 - 79 - 80 - 81 - 82 - 84 - 85 - 86 - 87 - 88 - 93 - 94 - 98 - 99 - 100 - 101 - 102 - 104 - 105 - 113 - 114 - 115 - 116 - 117 - 118 - 123 - 124 - 125 - 126 - 127 - 128 - 131 - 132 - 133 - 134 - 135 - 137 - 139 - 141 - 143 - 148 - 149 - 150 - 153 - 155 - 156 - 157 - 160 - 161 - 163 - 164 - 165 - 167 - 168 - 169 - 171 - 172 - 173 - 174 - 175 - 180 - 181 - 182 - 183 - 184 - 185 - 190 - 191 - 193 - 194 - 195 - 196 - 197 - 199 - 201 - 202 - 204 - 205 - 207 - 208 - 211 - 215 - 216 - 219 - 220 - 221 - 222 - 223 - 225 - 226 - 230 - 231 - 235 - 239 - 241 - 242 - 243 - 244 - 245 - 246 - 249 - 250 - 251 - 253 - 255 - 256 - 258 - 260 - 262 - 263 - 267 - 268 - 269 - 270 - 273 - 277 - 278 - 279 - 280 - 281 - 282 - 284 - 285 - 286 - 288 - 289 - 290 - 291 - 293 - 294 - 295 - 296 - 298 - 299 - 300 - 302 - 303 - 304 - 305 - 309 - 312 - 313 - 314 - 315 - 316 - 317 - 318 - 320 - 321 - 322 - 325 - 327 - 331 - 333 - 334 - 335 - 337 - 338 - 340 - 342 - 343 - 344 - 345 - 346 - 350 - 351 - 352 - 353 - 358 - 359 - 360 - 362 - 366 - 368 - 371 - 373 - 374 - 377 - 378 - 380 - 381 - 383 - 385 - 386 - 387 - 388 - 390 - 392 - 393 - 394 - 396 - 397 - 399 - 400 - 401 - 402 - 403 - 410 - 413 - 414 - 415 - 417 - 421 - 422 - 423 - 424 - 425 - 426 - 428 - 429 - 432 - 433 - 434 - 435 - 437 - 438 - 440 - 441 - 443 - 447 - 448 - 449 - 451 - 452 - 453 - 454 - 455 - 457 - 458 - 460 - 461 - 462 - 463 - 464 - 465 - 469 - 470 - 471 - 474 - 476 - 477 - 479 - 480 - 481 - 482 - 483 - 485 - 488 - 489 - 490 - 491 - 492 - 493 - 494 - 495 - 496 - 497,573679.4,2.7,93354,91654,128.87,Cost: 93354 & Capacity: 91654
3 - 4 - 7 - 8 - 10 - 11 - 12 - 13 - 14 - 17 - 19 - 21 - 23 - 24 - 25 - 26 - 27 - 28 - 29 - 31 - 40 - 42 - 43 - 48 - 49 - 51 - 52 - 53 - 55 - 57 - 59 - 61 - 62 - 64 - 65 - 66 - 67 - 68 - 72 - 75 - 77 - 78 - 79 - 80 - 81 - 82 - 84 - 85 - 86 - 87 - 88 - 93 - 94 - 98 - 99 - 100 - 101 - 102 - 104 - 105 - 107 - 113 - 114 - 115 - 116 - 117 - 118 - 123 - 124 - 125 - 126 - 127 - 128 - 131 - 132 - 133 - 134 - 135 - 137 - 139 - 141 - 143 - 147 - 148 - 149 - 150 - 153 - 155 - 156 - 157 - 160 - 161 - 163 - 164 - 165 - 167 - 168 - 169 - 171 - 172 - 173 - 174 - 175 - 181 - 182 - 183 - 184 - 185 - 190 - 191 - 193 - 194 - 195 - 196 - 197 - 199 - 201 - 202 - 204 - 205 - 207 - 208 - 215 - 216 - 219 - 220 - 221 - 222 - 223 - 225 - 226 - 230 - 231 - 235 - 239 - 241 - 242 - 243 - 244 - 245 - 246 - 249 - 250 - 251 - 253 - 255 - 256 - 260 - 262 - 263 - 267 - 268 - 269 - 270 - 273 - 277 - 278 - 279 - 281 - 282 - 284 - 285 - 286 - 288 - 289 - 290 - 291 - 293 - 294 - 295 - 296 - 298 - 299 - 300 - 301 - 302 - 303 - 304 - 305 - 309 - 312 - 313 - 314 - 315 - 317 - 318 - 320 - 321 - 322 - 325 - 327 - 331 - 333 - 334 - 335 - 337 - 338 - 339 - 340 - 342 - 343 - 344 - 345 - 346 - 350 - 351 - 352 - 353 - 358 - 359 - 360 - 362 - 366 - 368 - 371 - 373 - 374 - 377 - 378 - 380 - 381 - 382 - 383 - 385 - 386 - 387 - 388 - 390 - 392 - 393 - 394 - 396 - 397 - 399 - 400 - 401 - 402 - 403 - 410 - 413 - 414 - 417 - 421 - 422 - 423 - 424 - 425 - 426 - 428 - 429 - 432 - 433 - 434 - 435 - 437 - 438 - 440 - 443 - 447 - 448 - 449 - 451 - 452 - 453 - 454 - 455 - 457 - 458 - 460 - 461 - 462 - 463 - 464 - 465 - 469 - 470 - 471 - 474 - 476 - 477 - 479 - 480 - 481 - 482 - 483 - 485 - 488 - 489 - 490 - 491 - 492 - 493 - 494 - 495 - 496 - 497,567176.5,4.0,93352,92172,128.91,Cost: 93352 & Capacity: 92172
3 - 4 - 7 - 10 - 11 - 12 - 13 - 14 - 19 - 21 - 23 - 24 - 25 - 26 - 28 - 29 - 31 - 34 - 40 - 42 - 43 - 48 - 49 - 50 - 52 - 53 - 55 - 57 - 59 - 61 - 62 - 64 - 65 - 66 - 67 - 68 - 72 - 75 - 77 - 78 - 80 - 84 - 85 - 86 - 87 - 88 - 90 - 93 - 98 - 99 - 100 - 101 - 102 - 104 - 105 - 113 - 114 - 115 - 116 - 117 - 118 - 123 - 124 - 125 - 126 - 127 - 128 - 131 - 132 - 133 - 134 - 135 - 137 - 139 - 141 - 143 - 150 - 153 - 155 - 156 - 157 - 159 - 161 - 164 - 165 - 167 - 168 - 169 - 171 - 172 - 173 - 174 - 175 - 180 - 181 - 182 - 183 - 184 - 185 - 190 - 191 - 193 - 194 - 195 - 196 - 197 - 199 - 201 - 202 - 204 - 205 - 207 - 208 - 211 - 215 - 216 - 219 - 220 - 222 - 223 - 225 - 226 - 229 - 230 - 231 - 235 - 239 - 241 - 242 - 243 - 244 - 245 - 246 - 247 - 249 - 250 - 253 - 255 - 256 - 260 - 262 - 263 - 267 - 268 - 269 - 270 - 273 - 277 - 278 - 279 - 282 - 284 - 286 - 288 - 289 - 290 - 291 - 293 - 295 - 296 - 298 - 299 - 300 - 302 - 303 - 304 - 305 - 308 - 312 - 314 - 315 - 316 - 317 - 318 - 321 - 322 - 325 - 327 - 328 - 331 - 333 - 334 - 335 - 337 - 338 - 340 - 342 - 343 - 344 - 345 - 346 - 350 - 351 - 352 - 353 - 358 - 359 - 360 - 362 - 365 - 366 - 368 - 371 - 373 - 374 - 376 - 377 - 378 - 380 - 381 - 382 - 383 - 385 - 386 - 387 - 388 - 389 - 390 - 392 - 393 - 394 - 396 - 397 - 399 - 400 - 401 - 402 - 403 - 405 - 410 - 412 - 413 - 414 - 415 - 417 - 421 - 422 - 423 - 424 - 425 - 426 - 428 - 429 - 432 - 433 - 434 - 435 - 437 - 438 - 440 - 443 - 447 - 448 - 449 - 451 - 452 - 453 - 454 - 455 - 457 - 458 - 460 - 461 - 462 - 464 - 465 - 469 - 471 - 474 - 476 - 477 - 479 - 481 - 482 - 483 - 485 - 488 - 489 - 490 - 491 - 492 - 493 - 494 - 495 - 496 - 497,531925.4,5.2,93335,91163,129.65,Cost: 93335 & Capacity: 91163
3 - 6 - 7 - 10 - 11 - 12 - 13 - 14 - 20 - 21 - 24 - 25 - 26 - 28 - 31 - 33 - 39 - 40 - 43 - 48 - 50 - 55 - 57 - 59 - 61 - 62 - 63 - 64 - 65 - 66 - 67 - 68 - 72 - 75 - 77 - 78 - 80 - 85 - 86 - 87 - 93 - 94 - 98 - 99 - 100 - 102 - 104 - 105 - 110 - 112 - 113 - 115 - 116 - 117 - 118 - 125 - 131 - 132 - 133 - 137 - 139 - 143 - 144 - 150 - 153 - 155 - 156 - 161 - 162 - 164 - 165 - 167 - 168 - 169 - 172 - 173 - 174 - 177 - 180 - 181 - 182 - 184 - 185 - 186 - 189 - 190 - 191 - 193 - 194 - 195 - 196 - 198 - 204 - 205 - 207 - 208 - 211 - 215 - 216 - 217 - 219 - 220 - 222 - 225 - 227 - 231 - 232 - 234 - 235 - 236 - 238 - 239 - 242 - 243 - 244 - 247 - 249 - 250 - 255 - 260 - 261 - 262 - 263 - 264 - 267 - 270 - 276 - 278 - 282 - 286 - 289 - 295 - 298 - 300 - 302 - 303 - 304 - 305 - 308 - 312 - 314 - 315 - 316 - 317 - 318 - 321 - 322 - 325 - 327 - 328 - 331 - 333 - 334 - 335 - 337 - 338 - 340 - 342 - 344 - 345 - 346 - 350 - 351 - 352 - 353 - 358 - 359 - 360 - 362 - 364 - 366 - 371 - 372 - 373 - 374 - 378 - 381 - 382 - 383 - 385 - 386 - 387 - 390 - 392 - 393 - 394 - 396 - 397 - 399 - 401 - 402 - 403 - 408 - 410 - 411 - 413 - 415 - 416 - 417 - 421 - 424 - 427 - 428 - 429 - 431 - 432 - 433 - 434 - 435 - 437 - 438 - 440 - 445 - 449 - 451 - 453 - 455 - 456 - 457 - 458 - 460 - 461 - 464 - 465 - 466 - 469 - 471 - 474 - 475 - 477 - 478 - 480 - 481 - 482 - 488 - 489 - 490 - 491 - 493 - 494 - 496,391643.3,6.4,93327,83633,130.89,Cost: 93327 & Capacity: 83633
3 - 4 - 7 - 8 - 10 - 11 - 12 - 13 - 14 - 17 - 19 - 21 - 23 - 24 - 25 - 26 - 28 - 29 - 31 - 40 - 42 - 43 - 48 - 49 - 51 - 52 - 53 - 55 - 57 - 59 - 61 - 62 - 64 - 65 - 66 - 67 - 68 - 72 - 75 - 77 - 78 - 79 - 80 - 81 - 82 - 84 - 85 - 86 - 87 - 88 - 93 - 94 - 98 - 99 - 100 - 101 - 102 - 104 - 105 - 107 - 113 - 114 - 115 - 116 - 117 - 118 - 123 - 124 - 125 - 126 - 127 - 128 - 131 - 132 - 133 - 134 - 135 - 137 - 139 - 141 - 143 - 148 - 149 - 150 - 153 - 155 - 156 - 157 - 160 - 161 - 163 - 164 - 165 - 167 - 168 - 169 - 171 - 172 - 173 - 174 - 175 - 181 - 182 - 183 - 184 - 185 - 190 - 191 - 193 - 194 - 195 - 196 - 197 - 199 - 201 - 202 - 204 - 205 - 207 - 208 - 211 - 215 - 216 - 219 - 220 - 221 - 222 - 223 - 225 - 226 - 230 - 231 - 235 - 239 - 241 - 242 - 243 - 244 - 245 - 246 - 249 - 250 - 251 - 253 - 255 - 256 - 260 - 262 - 263 - 267 - 268 - 269 - 270 - 273 - 277 - 278 - 279 - 280 - 281 - 282 - 284 - 285 - 286 - 288 - 289 - 290 - 291 - 293 - 294 - 295 - 296 - 298 - 299 - 300 - 302 - 303 - 304 - 305 - 309 - 312 - 313 - 314 - 315 - 316 - 317 - 318 - 320 - 321 - 322 - 325 - 327 - 331 - 333 - 334 - 335 - 337 - 338 - 339 - 340 - 342 - 343 - 344 - 345 - 346 - 350 - 351 - 352 - 353 - 358 - 359 - 360 - 362 - 366 - 368 - 371 - 373 - 374 - 377 - 378 - 380 - 381 - 382 - 383 - 385 - 386 - 387 - 388 - 390 - 392 - 393 - 394 - 396 - 397 - 399 - 400 - 401 - 402 - 403 - 410 - 413 - 414 - 415 - 417 - 421 - 422 - 423 - 424 - 425 - 426 - 428 - 429 - 432 - 433 - 434 - 435 - 437 - 438 - 440 - 443 - 447 - 448 - 449 - 451 - 452 - 453 - 454 - 455 - 457 - 458 - 460 - 461 - 462 - 463 - 464 - 465 - 469 - 470 - 471 - 474 - 476 - 477 - 479 - 480 - 481 - 482 - 483 - 485 - 488 - 489 - 490 - 491 - 492 - 493 - 494 - 495 - 496 - 497,572679.6,3.9,93347,91720,132.54,Cost: 93347 & Capacity: 91720
3 - 4 - 7 - 8 - 10 - 11 - 12 - 13 - 14 - 17 - 19 - 21 - 23 - 24 - 25 - 26 - 28 - 29 - 31 - 40 - 42 - 43 - 48 - 49 - 51 - 52 - 53 - 55 - 57 - 59 - 61 - 62 - 64 - 65 - 66 - 67 - 68 - 72 - 75 - 77 - 78 - 79 - 80 - 81 - 82 - 84 - 85 - 86 - 87 - 88 - 93 - 94 - 98 - 99 - 100 - 101 - 102 - 104 - 105 - 113 - 114 - 115 - 116 - 117 - 118 - 123 - 124 - 125 - 126 - 127 - 128 - 131 - 132 - 133 - 134 - 135 - 137 - 139 - 141 - 143 - 147 - 148 - 149 - 150 - 153 - 155 - 156 - 157 - 160 - 161 - 163 - 164 - 165 - 167 - 168 - 169 - 171 - 172 - 173 - 174 - 175 - 180 - 181 - 182 - 183 - 184 - 185 - 190 - 191 - 193 - 194 - 195 - 196 - 197 - 199 - 201 - 202 - 204 - 205 - 207 - 208 - 211 - 215 - 216 - 219 - 220 - 221 - 222 - 223 - 225 - 226 - 230 - 231 - 235 - 239 - 241 - 242 - 243 - 244 - 245 - 246 - 249 - 250 - 251 - 253 - 255 - 256 - 258 - 260 - 262 - 263 - 267 - 268 - 269 - 270 - 273 - 277 - 278 - 279 - 280 - 281 - 282 - 284 - 285 - 286 - 288 - 289 - 290 - 291 - 293 - 294 - 295 - 296 - 298 - 299 - 300 - 302 - 303 - 304 - 305 - 309 - 312 - 313 - 314 - 315 - 316 - 317 - 318 - 321 - 322 - 325 - 327 - 331 - 333 - 334 - 335 - 337 - 338 - 340 - 342 - 343 - 344 - 345 - 346 - 350 - 351 - 352 - 353 - 358 - 359 - 360 - 362 - 366 - 368 - 371 - 373 - 374 - 377 - 378 - 380 - 381 - 383 - 385 - 386 - 387 - 388 - 390 - 392 - 393 - 394 - 396 - 397 - 399 - 400 - 401 - 402 - 403 - 410 - 413 - 414 - 415 - 417 - 421 - 422 - 423 - 424 - 425 - 426 - 428 - 429 - 432 - 433 - 434 - 435 - 437 - 438 - 440 - 441 - 443 - 447 - 448 - 449 - 451 - 452 - 453 - 454 - 455 - 457 - 458 - 460 - 461 - 462 - 463 - 464 - 465 - 469 - 470 - 471 - 474 - 476 - 477 - 479 - 480 - 481 - 482 - 483 - 485 - 488 - 489 - 490 - 491 - 492 - 493 - 494 - 495 - 496 - 497,573820.7,2.7,93344,92137,132.58,Cost: 93344 & Capacity: 92137
3 - 4 - 7 - 8 - 10 - 11 - 12 - 13 - 14 - 17 - 19 - 21 - 23 - 24 - 25 - 26 - 28 - 29 - 31 - 40 - 42 - 43 - 48 - 49 - 51 - 52 - 53 - 55 - 57 - 59 - 61 - 62 - 64 - 65 - 66 - 67 - 68 - 72 - 75 - 77 - 78 - 79 - 80 - 81 - 82 - 84 - 85 - 86 - 87 - 88 - 93 - 94 - 98 - 99 - 100 - 101 - 102 - 104 - 105 - 107 - 113 - 114 - 115 - 116 - 117 - 118 - 123 - 124 - 125 - 126 - 127 - 128 - 131 - 132 - 133 - 134 - 135 - 137 - 139 - 141 - 143 - 148 - 149 - 150 - 153 - 155 - 156 - 157 - 160 - 161 - 163 - 164 - 165 - 167 - 168 - 169 - 171 - 172 - 173 - 174 - 175 - 181 - 182 - 183 - 184 - 185 - 190 - 191 - 193 - 194 - 195 - 196 - 197 - 199 - 201 - 202 - 204 - 205 - 207 - 208 - 211 - 215 - 216 - 219 - 220 - 221 - 222 - 223 - 225 - 226 - 230 - 231 - 235 - 239 - 241 - 242 - 243 - 244 - 245 - 246 - 249 - 250 - 251 - 253 - 255 - 256 - 260 - 262 - 263 - 267 - 268 - 269 - 270 - 273 - 277 - 278 - 279 - 280 - 281 - 282 - 284 - 285 - 286 - 288 - 289 - 290 - 291 - 293 - 294 - 295 - 296 - 298 - 299 - 300 - 302 - 303 - 304 - 305 - 309 - 312 - 313 - 314 - 315 - 316 - 317 - 318 - 320 - 321 - 322 - 325 - 327 - 331 - 333 - 334 - 335 - 337 - 338 - 339 - 340 - 342 - 343 - 344 - 345 - 346 - 350 - 351 - 352 - 353 - 358 - 359 - 360 - 362 - 366 - 368 - 371 - 373 - 374 - 377 - 378 - 380 - 381 - 382 - 383 - 385 - 386 - 387 - 388 - 390 - 392 - 393 - 394 - 396 - 397 - 399 - 400 - 401 - 402 - 403 - 410 - 413 - 414 - 415 - 417 - 421 - 422 - 423 - 424 - 425 - 426 - 428 - 429 - 432 - 433 - 434 - 435 - 437 - 438 - 440 - 443 - 447 - 448 - 449 - 451 - 452 - 453 - 454 - 455 - 457 - 458 - 460 - 461 - 462 - 463 - 464 - 465 - 469 - 470 - 471 - 474 - 476 - 477 - 479 - 480 - 481 - 482 - 483 - 485 - 488 - 489 - 490 - 491 - 492 - 493 - 494 - 495 - 496 - 497,572679.6,3.9,93347,91720,135.19,Cost: 93347 & Capacity: 91720
3 - 4 - 7 - 8 - 10 - 11 - 12 - 13 - 14 - 17 - 19 - 21 - 23 - 24 - 25 - 26 - 28 - 29 - 31 - 40 - 42 - 43 - 48 - 49 - 51 - 52 - 53 - 55 - 57 - 59 - 61 - 62 - 64 - 65 - 66 - 67 - 68 - 72 - 75 - 77 - 78 - 79 - 80 - 81 - 82 - 84 - 85 - 86 - 87 - 88 - 93 - 94 - 98 - 99 - 100 - 101 - 102 - 104 - 105 - 107 - 113 - 114 - 115 - 116 - 117 - 118 - 123 - 124 - 125 - 126 - 127 - 128 - 131 - 132 - 133 - 134 - 135 - 137 - 139 - 141 - 143 - 148 - 149 - 150 - 153 - 155 - 156 - 157 - 160 - 161 - 163 - 164 - 165 - 167 - 168 - 169 - 171 - 172 - 173 - 174 - 175 - 181 - 182 - 183 - 184 - 185 - 190 - 191 - 193 - 194 - 195 - 196 - 197 - 199 - 201 - 202 - 204 - 205 - 207 - 208 - 211 - 215 - 216 - 219 - 220 - 221 - 222 - 223 - 225 - 226 - 230 - 231 - 235 - 239 - 241 - 242 - 243 - 244 - 245 - 246 - 249 - 250 - 251 - 253 - 255 - 256 - 260 - 262 - 263 - 267 - 268 - 269 - 270 - 273 - 277 - 278 - 279 - 280 - 281 - 282 - 284 - 285 - 286 - 288 - 289 - 290 - 291 - 293 - 294 - 295 - 296 - 298 - 299 - 300 - 302 - 303 - 304 - 305 - 309 - 312 - 313 - 314 - 315 - 316 - 317 - 318 - 320 - 321 - 322 - 325 - 327 - 331 - 333 - 334 - 335 - 337 - 338 - 339 - 340 - 342 - 343 - 344 - 345 - 346 - 350 - 351 - 352 - 353 - 358 - 359 - 360 - 362 - 366 - 368 - 371 - 373 - 374 - 377 - 378 - 380 - 381 - 382 - 383 - 385 - 386 - 387 - 388 - 390 - 392 - 393 - 394 - 396 - 397 - 399 - 400 - 401 - 402 - 403 - 410 - 413 - 414 - 415 - 417 - 421 - 422 - 423 - 424 - 425 - 426 - 428 - 429 - 432 - 433 - 434 - 435 - 437 - 438 - 440 - 443 - 447 - 448 - 449 - 451 - 452 - 453 - 454 - 455 - 457 - 458 - 460 - 461 - 462 - 463 - 464 - 465 - 469 - 470 - 471 - 474 - 476 - 477 - 479 - 480 - 481 - 482 - 483 - 485 - 488 - 489 - 490 - 491 - 492 - 493 - 494 - 495 - 496 - 497,572679.6,3.9,93347,91720,138.33,Cost: 93347 & Capacity: 91720
3 - 4 - 7 - 8 - 10 - 11 - 12 - 13 - 14 - 17 - 19 - 21 - 23 - 24 - 25 - 26 - 28 - 29 - 31 - 40 - 42 - 43 - 48 - 49 - 51 - 52 - 53 - 55 - 57 - 59 - 61 - 62 - 64 - 65 - 66 - 67 - 68 - 72 - 75 - 77 - 78 - 79 - 80 - 81 - 82 - 84 - 85 - 86 - 87 - 88 - 93 - 94 - 98 - 99 - 100 - 101 - 102 - 104 - 105 - 107 - 113 - 114 - 115 - 116 - 117 - 118 - 123 - 124 - 125 - 126 - 127 - 128 - 131 - 132 - 133 - 134 - 135 - 137 - 139 - 141 - 143 - 148 - 149 - 150 - 153 - 155 - 156 - 157 - 160 - 161 - 163 - 164 - 165 - 167 - 168 - 169 - 171 - 172 - 173 - 174 - 175 - 181 - 182 - 183 - 184 - 185 - 190 - 191 - 193 - 194 - 195 - 196 - 197 - 199 - 201 - 202 - 204 - 205 - 207 - 208 - 211 - 215 - 216 - 219 - 220 - 221 - 222 - 223 - 225 - 226 - 230 - 231 - 235 - 239 - 241 - 242 - 243 - 244 - 245 - 246 - 249 - 250 - 251 - 253 - 255 - 256 - 260 - 262 - 263 - 267 - 268 - 269 - 270 - 273 - 277 - 278 - 279 - 280 - 281 - 282 - 284 - 285 - 286 - 288 - 289 - 290 - 291 - 293 - 294 - 295 - 296 - 298 - 299 - 300 - 302 - 303 - 304 - 305 - 309 - 312 - 313 - 314 - 315 - 316 - 317 - 318 - 320 - 321 - 322 - 325 - 327 - 331 - 333 - 334 - 335 - 337 - 338 - 339 - 340 - 342 - 343 - 344 - 345 - 346 - 350 - 351 - 352 - 353 - 358 - 359 - 360 - 362 - 366 - 368 - 371 - 373 - 374 - 377 - 378 - 380 - 381 - 382 - 383 - 385 - 386 - 387 - 388 - 390 - 392 - 393 - 394 - 396 - 397 - 399 - 400 - 401 - 402 - 403 - 410 - 413 - 414 - 415 - 417 - 421 - 422 - 423 - 424 - 425 - 426 - 428 - 429 - 432 - 433 - 434 - 435 - 437 - 438 - 440 - 443 - 447 - 448 - 449 - 451 - 452 - 453 - 454 - 455 - 457 - 458 - 460 - 461 - 462 - 463 - 464 - 465 - 469 - 470 - 471 - 474 - 476 - 477 - 479 - 480 - 481 - 482 - 483 - 485 - 488 - 489 - 490 - 491 - 492 - 493 - 494 - 495 - 496 - 497,572679.6,3.9,93347,91720,139.53,Cost: 93347 & Capacity: 91720
0 - 1 - 2 - 6 - 11 - 14 - 15 - 18 - 25 - 26 - 28 - 31 - 32 - 37 - 40 - 41 - 42 - 46 - 47 - 59 - 61 - 63 - 64 - 68 - 71 - 73 - 75 - 85 - 88 - 90 - 101 - 106 - 108 - 110 - 112 - 114 - 116 - 117 - 118 - 119 - 125 - 127 - 129 - 133 - 137 - 138 - 139 - 140 - 143 - 146 - 148 - 149 - 155 - 156 - 158 - 162 - 164 - 167 - 169 - 170 - 172 - 173 - 174 - 177 - 180 - 181 - 182 - 183 - 184 - 185 - 191 - 194 - 196 - 197 - 203 - 204 - 207 - 208 - 211 - 215 - 216 - 219 - 220 - 226 - 227 - 231 - 232 - 233 - 234 - 235 - 238 - 239 - 242 - 249 - 252 - 263 - 264 - 267 - 271 - 273 - 274 - 282 - 289 - 295 - 298 - 299 - 300 - 310 - 312 - 314 - 316 - 322 - 328 - 332 - 333 - 334 - 336 - 337 - 340 - 343 - 344 - 345 - 350 - 353 - 354 - 362 - 372 - 374 - 377 - 378 - 385 - 386 - 389 - 393 - 395 - 396 - 400 - 402 - 408 - 410 - 415 - 419 - 424 - 429 - 430 - 432 - 438 - 440 - 444 - 445 - 449 - 452 - 454 - 456 - 458 - 461 - 463 - 464 - 465 - 466 - 467 - 471 - 477 - 478 - 481 - 487 - 489 - 496,196899.9,7.5,92928,73236,143.4,Cost: 92928 & Capacity: 73236
3 - 4 - 7 - 8 - 10 - 11 - 12 - 13 - 14 - 17 - 19 - 21 - 23 - 24 - 25 - 26 - 28 - 29 - 31 - 40 - 42 - 43 - 48 - 49 - 51 - 52 - 53 - 55 - 57 - 59 - 61 - 62 - 64 - 65 - 66 - 67 - 68 - 72 - 75 - 77 - 78 - 79 - 80 - 81 - 82 - 84 - 85 - 86 - 87 - 88 - 93 - 94 - 98 - 99 - 100 - 101 - 102 - 104 - 105 - 107 - 113 - 114 - 115 - 116 - 117 - 118 - 123 - 124 - 125 - 126 - 127 - 128 - 131 - 132 - 133 - 134 - 135 - 137 - 139 - 141 - 143 - 148 - 149 - 150 - 153 - 155 - 156 - 157 - 160 - 161 - 163 - 164 - 165 - 167 - 168 - 169 - 171 - 172 - 173 - 174 - 175 - 181 - 182 - 183 - 184 - 185 - 190 - 191 - 193 - 194 - 195 - 196 - 197 - 199 - 201 - 202 - 204 - 205 - 207 - 208 - 211 - 215 - 216 - 219 - 220 - 221 - 222 - 223 - 225 - 226 - 230 - 231 - 235 - 239 - 241 - 242 - 243 - 244 - 245 - 246 - 249 - 250 - 251 - 253 - 255 - 256 - 260 - 262 - 263 - 267 - 268 - 269 - 270 - 273 - 277 - 278 - 279 - 280 - 281 - 282 - 284 - 285 - 286 - 288 - 289 - 290 - 291 - 293 - 294 - 295 - 296 - 298 - 299 - 300 - 302 - 303 - 304 - 305 - 309 - 312 - 313 - 314 - 315 - 316 - 317 - 318 - 320 - 321 - 322 - 325 - 327 - 331 - 333 - 334 - 335 - 337 - 338 - 339 - 340 - 342 - 343 - 344 - 345 - 346 - 350 - 351 - 352 - 353 - 358 - 359 - 360 - 362 - 366 - 368 - 371 - 373 - 374 - 377 - 378 - 380 - 381 - 382 - 383 - 385 - 386 - 387 - 388 - 390 - 392 - 393 - 394 - 396 - 397 - 399 - 400 - 401 - 402 - 403 - 410 - 413 - 414 - 415 - 417 - 421 - 422 - 423 - 424 - 425 - 426 - 428 - 429 - 432 - 433 - 434 - 435 - 437 - 438 - 440 - 443 - 447 - 448 - 449 - 451 - 452 - 453 - 454 - 455 - 457 - 458 - 460 - 461 - 462 - 463 - 464 - 465 - 469 - 470 - 471 - 474 - 476 - 477 - 479 - 480 - 481 - 482 - 483 - 485 - 488 - 489 - 490 - 491 - 492 - 493 - 494 - 495 - 496 - 497,572679.6,3.9,93347,91720,146.65,Cost: 93347 & Capacity: 91720
3 - 4 - 7 - 8 - 10 - 11 - 12 - 13 - 14 - 17 - 19 - 21 - 23 - 24 - 25 - 26 - 28 - 29 - 31 - 40 - 42 - 43 - 48 - 49 - 51 - 52 - 53 - 55 - 57 - 59 - 61 - 62 - 64 - 65 - 66 - 67 - 68 - 72 - 75 - 77 - 78 - 79 - 80 - 81 - 82 - 84 - 85 - 86 - 87 - 88 - 93 - 94 - 98 - 99 - 100 - 101 - 102 - 104 - 105 - 107 - 113 - 114 - 115 - 116 - 117 - 118 - 123 - 124 - 125 - 126 - 127 - 128 - 131 - 132 - 133 - 134 - 135 - 137 - 139 - 141 - 143 - 148 - 149 - 150 - 153 - 155 - 156 - 157 - 160 - 161 - 163 - 164 - 165 - 167 - 168 - 169 - 171 - 172 - 173 - 174 - 175 - 181 - 182 - 183 - 184 - 185 - 190 - 191 - 193 - 194 - 195 - 196 - 197 - 199 - 201 - 202 - 204 - 205 - 207 - 208 - 211 - 215 - 216 - 219 - 220 - 221 - 222 - 223 - 225 - 226 - 230 - 231 - 235 - 239 - 241 - 242 - 243 - 244 - 245 - 246 - 249 - 250 - 251 - 253 - 255 - 256 - 260 - 262 - 263 - 267 - 268 - 269 - 270 - 273 - 277 - 278 - 279 - 280 - 281 - 282 - 284 - 285 - 286 - 288 - 289 - 290 - 291 - 293 - 294 - 295 - 296 - 298 - 299 - 300 - 302 - 303 - 304 - 305 - 309 - 312 - 313 - 314 - 315 - 316 - 317 - 318 - 320 - 321 - 322 - 325 - 327 - 331 - 333 - 334 - 335 - 337 - 338 - 339 - 340 - 342 - 343 - 344 - 345 - 346 - 350 - 351 - 352 - 353 - 358 - 359 - 360 - 362 - 366 - 368 - 371 - 373 - 374 - 377 - 378 - 380 - 381 - 382 - 383 - 385 - 386 - 387 - 388 - 390 - 392 - 393 - 394 - 396 - 397 - 399 - 400 - 401 - 402 - 403 - 410 - 413 - 414 - 415 - 417 - 421 - 422 - 423 - 424 - 425 - 426 - 428 - 429 - 432 - 433 - 434 - 435 - 437 - 438 - 440 - 443 - 447 - 448 - 449 - 451 - 452 - 453 - 454 - 455 - 457 - 458 - 460 - 461 - 462 - 463 - 464 - 465 - 469 - 470 - 471 - 474 - 476 - 477 - 479 - 480 - 481 - 482 - 483 - 485 - 488 - 489 - 490 - 491 - 492 - 493 - 494 - 495 - 496 - 497,572679.6,3.9,93347,91720,147.07,Cost: 93347 & Capacity: 91720
3 - 4 - 7 - 8 - 10 - 11 - 12 - 13 - 14 - 17 - 19 - 21 - 23 - 24 - 25 - 26 - 28 - 29 - 31 - 40 - 42 - 43 - 48 - 49 - 51 - 52 - 53 - 55 - 57 - 59 - 61 - 62 - 64 - 65 - 66 - 67 - 68 - 72 - 75 - 77 - 78 - 79 - 80 - 81 - 82 - 84 - 85 - 86 - 87 - 88 - 93 - 94 - 98 - 99 - 100 - 101 - 102 - 104 - 105 - 113 - 114 - 115 - 116 - 117 - 118 - 123 - 124 - 125 - 126 - 127 - 128 - 131 - 132 - 133 - 134 - 135 - 137 - 139 - 141 - 143 - 147 - 148 - 149 - 150 - 153 - 155 - 156 - 157 - 160 - 161 - 163 - 164 - 165 - 167 - 168 - 169 - 171 - 172 - 173 - 174 - 175 - 180 - 181 - 182 - 183 - 184 - 185 - 190 - 191 - 193 - 194 - 195 - 196 - 197 - 199 - 201 - 202 - 204 - 205 - 207 - 208 - 211 - 215 - 216 - 219 - 220 - 221 - 222 - 223 - 225 - 226 - 230 - 231 - 235 - 239 - 241 - 242 - 243 - 244 - 245 - 246 - 249 - 250 - 251 - 253 - 255 - 256 - 258 - 260 - 262 - 263 - 267 - 268 - 269 - 270 - 273 - 277 - 278 - 279 - 280 - 281 - 282 - 284 - 285 - 286 - 288 - 289 - 290 - 291 - 293 - 294 - 295 - 296 - 298 - 299 - 300 - 302 - 303 - 304 - 305 - 309 - 312 - 313 - 314 - 315 - 316 - 317 - 318 - 321 - 322 - 325 - 327 - 331 - 333 - 334 - 335 - 337 - 338 - 340 - 342 - 343 - 344 - 345 - 346 - 350 - 351 - 352 - 353 - 358 - 359 - 360 - 362 - 366 - 368 - 371 - 373 - 374 - 377 - 378 - 380 - 381 - 383 - 385 - 386 - 387 - 388 - 390 - 392 - 393 - 394 - 396 - 397 - 399 - 400 - 401 - 402 - 403 - 410 - 413 - 414 - 415 - 417 - 421 - 422 - 423 - 424 - 425 - 426 - 428 - 429 - 432 - 433 - 434 - 435 - 437 - 438 - 440 - 441 - 443 - 447 - 448 - 449 - 451 - 452 - 453 - 454 - 455 - 457 - 458 - 460 - 461 - 462 - 463 - 464 - 465 - 469 - 470 - 471 - 474 - 476 - 477 - 479 - 480 - 481 - 482 - 483 - 485 - 488 - 489 - 490 - 491 - 492 - 493 - 494 - 495 - 496 - 497,573820.7,2.7,93344,92137,147.29,Cost: 93344 & Capacity: 92137
3 - 4 - 7 - 8 - 10 - 11 - 12 - 13 - 14 - 17 - 19 - 21 - 23 - 24 - 25 - 26 - 28 - 29 - 31 - 40 - 42 - 43 - 48 - 49 - 51 - 52 - 53 - 55 - 57 - 59 - 61 - 62 - 64 - 65 - 66 - 67 - 68 - 72 - 75 - 77 - 78 - 79 - 80 - 81 - 82 - 84 - 85 - 86 - 87 - 88 - 93 - 94 - 98 - 99 - 100 - 101 - 102 - 104 - 105 - 107 - 113 - 114 - 115 - 116 - 117 - 118 - 123 - 124 - 125 - 126 - 127 - 128 - 131 - 132 - 133 - 134 - 135 - 137 - 139 - 141 - 143 - 148 - 149 - 150 - 153 - 155 - 156 - 157 - 160 - 161 - 163 - 164 - 165 - 167 - 168 - 169 - 171 - 172 - 173 - 174 - 175 - 181 - 182 - 183 - 184 - 185 - 190 - 191 - 193 - 194 - 195 - 196 - 197 - 199 - 201 - 202 - 204 - 205 - 207 - 208 - 211 - 215 - 216 - 219 - 220 - 221 - 222 - 223 - 225 - 226 - 230 - 231 - 235 - 239 - 241 - 242 - 243 - 244 - 245 - 246 - 249 - 250 - 251 - 253 - 255 - 256 - 260 - 262 - 263 - 267 - 268 - 269 - 270 - 273 - 277 - 278 - 279 - 280 - 281 - 282 - 284 - 285 - 286 - 288 - 289 - 290 - 291 - 293 - 294 - 295 - 296 - 298 - 299 - 300 - 302 - 303 - 304 - 305 - 309 - 312 - 313 - 314 - 315 - 316 - 317 - 318 - 320 - 321 - 322 - 325 - 327 - 331 - 333 - 334 - 335 - 337 - 338 - 339 - 340 - 342 - 343 - 344 - 345 - 346 - 350 - 351 - 352 - 353 - 358 - 359 - 360 - 362 - 366 - 368 - 371 - 373 - 374 - 377 - 378 - 380 - 381 - 382 - 383 - 385 - 386 - 387 - 388 - 390 - 392 - 393 - 394 - 396 - 397 - 399 - 400 - 401 - 402 - 403 - 410 - 413 - 414 - 415 - 417 - 421 - 422 - 423 - 424 - 425 - 426 - 428 - 429 - 432 - 433 - 434 - 435 - 437 - 438 - 440 - 443 - 447 - 448 - 449 - 451 - 452 - 453 - 454 - 455 - 457 - 458 - 460 - 461 - 462 - 463 - 464 - 465 - 469 - 470 - 471 - 474 - 476 - 477 - 479 - 480 - 481 - 482 - 483 - 485 - 488 - 489 - 490 - 491 - 492 - 493 - 494 - 495 - 496 - 497,572679.6,3.9,93347,91720,147.33,Cost: 93347 & Capacity: 91720
3 - 4 - 7 - 8 - 10 - 11 - 12 - 13 - 14 - 17 - 19 - 21 - 23 - 24 - 25 - 26 - 28 - 29 - 31 - 40 - 42 - 43 - 48 - 49 - 51 - 52 - 53 - 55 - 57 - 59 - 61 - 62 - 64 - 65 - 66 - 67 - 68 - 72 - 75 - 77 - 78 - 79 - 80 - 81 - 82 - 84 - 85 - 86 - 87 - 88 - 93 - 94 - 98 - 99 - 100 - 101 - 102 - 104 - 105 - 107 - 113 - 114 - 115 - 116 - 117 - 118 - 123 - 124 - 125 - 126 - 127 - 128 - 131 - 132 - 133 - 134 - 135 - 137 - 139 - 141 - 143 - 148 - 149 - 150 - 153 - 155 - 156 - 157 - 160 - 161 - 163 - 164 - 165 - 167 - 168 - 169 - 171 - 172 - 173 - 174 - 175 - 181 - 182 - 183 - 184 - 185 - 190 - 191 - 193 - 194 - 195 - 196 - 197 - 199 - 201 - 202 - 204 - 205 - 207 - 208 - 211 - 215 - 216 - 219 - 220 - 221 - 222 - 223 - 225 - 226 - 230 - 231 - 235 - 239 - 241 - 242 - 243 - 244 - 245 - 246 - 249 - 250 - 251 - 253 - 255 - 256 - 260 - 262 - 263 - 267 - 268 - 269 - 270 - 273 - 277 - 278 - 279 - 280 - 281 - 282 - 284 - 285 - 286 - 288 - 289 - 290 - 291 - 293 - 294 - 295 - 296 - 298 - 299 - 300 - 302 - 303 - 304 - 305 - 309 - 312 - 313 - 314 - 315 - 316 - 317 - 318 - 320 - 321 - 322 - 325 - 327 - 331 - 333 - 334 - 335 - 337 - 338 - 339 - 340 - 342 - 343 - 344 - 345 - 346 - 350 - 351 - 352 - 353 - 358 - 359 - 360 - 362 - 366 - 368 - 371 - 373 - 374 - 377 - 378 - 380 - 381 - 382 - 383 - 385 - 386 - 387 - 388 - 390 - 392 - 393 - 394 - 396 - 397 - 399 - 400 - 401 - 402 - 403 - 410 - 413 - 414 - 415 - 417 - 421 - 422 - 423 - 424 - 425 - 426 - 428 - 429 - 432 - 433 - 434 - 435 - 437 - 438 - 440 - 443 - 447 - 448 - 449 - 451 - 452 - 453 - 454 - 455 - 457 - 458 - 460 - 461 - 462 - 463 - 464 - 465 - 469 - 470 - 471 - 474 - 476 - 477 - 479 - 480 - 481 - 482 - 483 - 485 - 488 - 489 - 490 - 491 - 492 - 493 - 494 - 495 - 496 - 497,572679.6,3.9,93347,91720,149.1,Cost: 93347 & Capacity: 91720
3 - 4 - 7 - 8 - 10 - 11 - 12 - 13 - 14 - 17 - 19 - 21 - 23 - 24 - 25 - 26 - 28 - 29 - 31 - 40 - 42 - 43 - 48 - 49 - 51 - 52 - 53 - 55 - 57 - 59 - 61 - 62 - 64 - 65 - 66 - 67 - 68 - 72 - 75 - 77 - 78 - 79 - 80 - 81 - 82 - 84 - 85 - 86 - 87 - 88 - 93 - 94 - 98 - 99 - 100 - 101 - 102 - 104 - 105 - 107 - 113 - 114 - 115 - 116 - 117 - 118 - 123 - 124 - 125 - 126 - 127 - 128 - 131 - 132 - 133 - 134 - 135 - 137 - 139 - 141 - 143 - 148 - 149 - 150 - 153 - 155 - 156 - 157 - 160 - 161 - 163 - 164 - 165 - 167 - 168 - 169 - 171 - 172 - 173 - 174 - 175 - 181 - 182 - 183 - 184 - 185 - 190 - 191 - 193 - 194 - 195 - 196 - 197 - 199 - 201 - 202 - 204 - 205 - 207 - 208 - 211 - 215 - 216 - 219 - 220 - 221 - 222 - 223 - 225 - 226 - 230 - 231 - 235 - 239 - 241 - 242 - 243 - 244 - 245 - 246 - 249 - 250 - 251 - 253 - 255 - 256 - 260 - 262 - 263 - 267 - 268 - 269 - 270 - 273 - 277 - 278 - 279 - 280 - 281 - 282 - 284 - 285 - 286 - 288 - 289 - 290 - 291 - 293 - 294 - 295 - 296 - 298 - 299 - 300 - 302 - 303 - 304 - 305 - 309 - 312 - 313 - 314 - 315 - 316 - 317 - 318 - 320 - 321 - 322 - 325 - 327 - 331 - 333 - 334 - 335 - 337 - 338 - 339 - 340 - 342 - 343 - 344 - 345 - 346 - 350 - 351 - 352 - 353 - 358 - 359 - 360 - 362 - 366 - 368 - 371 - 373 - 374 - 377 - 378 - 380 - 381 - 382 - 383 - 385 - 386 - 387 - 388 - 390 - 392 - 393 - 394 - 396 - 397 - 399 - 400 - 401 - 402 - 403 - 410 - 413 - 414 - 415 - 417 - 421 - 422 - 423 - 424 - 425 - 426 - 428 - 429 - 432 - 433 - 434 - 435 - 437 - 438 - 440 - 443 - 447 - 448 - 449 - 451 - 452 - 453 - 454 - 455 - 457 - 458 - 460 - 461 - 462 - 463 - 464 - 465 - 469 - 470 - 471 - 474 - 476 - 477 - 479 - 480 - 481 - 482 - 483 - 485 - 488 - 489 - 490 - 491 - 492 - 493 - 494 - 495 - 496 - 497,572679.6,3.9,93347,91720,150.35,Cost: 93347 & Capacity: 91720
3 - 4 - 7 - 8 - 10 - 11 - 12 - 13 - 14 - 17 - 19 - 21 - 23 - 24 - 25 - 26 - 28 - 29 - 31 - 40 - 42 - 43 - 48 - 49 - 51 - 52 - 53 - 55 - 57 - 59 - 61 - 62 - 64 - 65 - 66 - 67 - 68 - 72 - 75 - 77 - 78 - 79 - 80 - 81 - 82 - 84 - 85 - 86 - 87 - 88 - 93 - 94 - 98 - 99 - 100 - 101 - 102 - 104 - 105 - 113 - 114 - 115 - 116 - 117 - 118 - 123 - 124 - 125 - 126 - 127 - 128 - 131 - 132 - 133 - 134 - 135 - 137 - 139 - 141 - 143 - 148 - 149 - 150 - 153 - 155 - 156 - 157 - 160 - 161 - 163 - 164 - 165 - 167 - 168 - 169 - 171 - 172 - 173 - 174 - 175 - 180 - 181 - 182 - 183 - 184 - 185 - 190 - 191 - 193 - 194 - 195 - 196 - 197 - 199 - 201 - 202 - 204 - 205 - 207 - 208 - 211 - 215 - 216 - 219 - 220 - 221 - 222 - 223 - 225 - 226 - 230 - 231 - 235 - 239 - 241 - 242 - 243 - 244 - 245 - 246 - 249 - 250 - 251 - 253 - 255 - 256 - 258 - 260 - 262 - 263 - 267 - 268 - 269 - 270 - 273 - 277 - 278 - 279 - 280 - 281 - 282 - 284 - 285 - 286 - 288 - 289 - 290 - 291 - 293 - 294 - 295 - 296 - 298 - 299 - 300 - 302 - 303 - 304 - 305 - 309 - 312 - 313 - 314 - 315 - 316 - 317 - 318 - 320 - 321 - 322 - 325 - 327 - 331 - 333 - 334 - 335 - 337 - 338 - 340 - 342 - 343 - 344 - 345 - 346 - 350 - 351 - 352 - 353 - 358 - 359 - 360 - 362 - 366 - 368 - 371 - 373 - 374 - 377 - 378 - 380 - 381 - 383 - 385 - 386 - 387 - 388 - 390 - 392 - 393 - 394 - 396 - 397 - 399 - 400 - 401 - 402 - 403 - 410 - 413 - 414 - 415 - 417 - 421 - 422 - 423 - 424 - 425 - 426 - 428 - 429 - 432 - 433 - 434 - 435 - 437 - 438 - 440 - 441 - 443 - 447 - 448 - 449 - 451 - 452 - 453 - 454 - 455 - 457 - 458 - 460 - 461 - 462 - 463 - 464 - 465 - 469 - 470 - 471 - 474 - 476 - 477 - 479 - 480 - 481 - 482 - 483 - 485 - 488 - 489 - 490 - 491 - 492 - 493 - 494 - 495 - 496 - 497,573679.4,2.7,93354,91654,154.28,Cost: 93354 & Capacity: 91654
3 - 4 - 7 - 8 - 10 - 11 - 12 - 13 - 14 - 17 - 19 - 21 - 23 - 24 - 25 - 26 - 28 - 29 - 31 - 40 - 42 - 43 - 48 - 49 - 51 - 52 - 53 - 55 - 57 - 59 - 61 - 62 - 64 - 65 - 66 - 67 - 68 - 72 - 75 - 77 - 78 - 79 - 80 - 81 - 82 - 84 - 85 - 86 - 87 - 88 - 93 - 94 - 98 - 99 - 100 - 101 - 102 - 104 - 105 - 107 - 113 - 114 - 115 - 116 - 117 - 118 - 123 - 124 - 125 - 126 - 127 - 128 - 131 - 132 - 133 - 134 - 135 - 137 - 139 - 141 - 143 - 148 - 149 - 150 - 153 - 155 - 156 - 157 - 160 - 161 - 163 - 164 - 165 - 167 - 168 - 169 - 171 - 172 - 173 - 174 - 175 - 181 - 182 - 183 - 184 - 185 - 190 - 191 - 193 - 194 - 195 - 196 - 197 - 199 - 201 - 202 - 204 - 205 - 207 - 208 - 211 - 215 - 216 - 219 - 220 - 221 - 222 - 223 - 225 - 226 - 230 - 231 - 235 - 239 - 241 - 242 - 243 - 244 - 245 - 246 - 249 - 250 - 251 - 253 - 255 - 256 - 260 - 262 - 263 - 267 - 268 - 269 - 270 - 273 - 277 - 278 - 279 - 280 - 281 - 282 - 284 - 285 - 286 - 288 - 289 - 290 - 291 - 293 - 294 - 295 - 296 - 298 - 299 - 300 - 302 - 303 - 304 - 305 - 309 - 312 - 313 - 314 - 315 - 316 - 317 - 318 - 320 - 321 - 322 - 325 - 327 - 331 - 333 - 334 - 335 - 337 - 338 - 339 - 340 - 342 - 343 - 344 - 345 - 346 - 350 - 351 - 352 - 353 - 358 - 359 - 360 - 362 - 366 - 368 - 371 - 373 - 374 - 377 - 378 - 380 - 381 - 382 - 383 - 385 - 386 - 387 - 388 - 390 - 392 - 393 - 394 - 396 - 397 - 399 - 400 - 401 - 402 - 403 - 410 - 413 - 414 - 415 - 417 - 421 - 422 - 423 - 424 - 425 - 426 - 428 - 429 - 432 - 433 - 434 - 435 - 437 - 438 - 440 - 443 - 447 - 448 - 449 - 451 - 452 - 453 - 454 - 455 - 457 - 458 - 460 - 461 - 462 - 463 - 464 - 465 - 469 - 470 - 471 - 474 - 476 - 477 - 479 - 480 - 481 - 482 - 483 - 485 - 488 - 489 - 490 - 491 - 492 - 493 - 494 - 495 - 496 - 497,572679.6,3.9,93347,91720,154.33,Cost: 93347 & Capacity: 91720
3 - 4 - 7 - 8 - 10 - 11 - 12 - 13 - 14 - 17 - 19 - 21 - 23 - 24 - 25 - 26 - 28 - 29 - 31 - 40 - 42 - 43 - 48 - 49 - 51 - 52 - 53 - 55 - 57 - 59 - 61 - 62 - 64 - 65 - 66 - 67 - 68 - 72 - 75 - 77 - 78 - 79 - 80 - 81 - 82 - 84 - 85 - 86 - 87 - 88 - 93 - 94 - 98 - 99 - 100 - 101 - 102 - 104 - 105 - 113 - 114 - 115 - 116 - 117 - 118 - 123 - 124 - 125 - 126 - 127 - 128 - 131 - 132 - 133 - 134 - 135 - 137 - 139 - 141 - 143 - 148 - 149 - 150 - 153 - 155 - 156 - 157 - 160 - 161 - 163 - 164 - 165 - 167 - 168 - 169 - 171 - 172 - 173 - 174 - 175 - 180 - 181 - 182 - 183 - 184 - 185 - 190 - 191 - 193 - 194 - 195 - 196 - 197 - 199 - 201 - 202 - 204 - 205 - 207 - 208 - 211 - 215 - 216 - 219 - 220 - 221 - 222 - 223 - 225 - 226 - 230 - 231 - 235 - 239 - 241 - 242 - 243 - 244 - 245 - 246 - 249 - 250 - 251 - 253 - 255 - 256 - 258 - 260 - 262 - 263 - 267 - 268 - 269 - 270 - 273 - 277 - 278 - 279 - 280 - 281 - 282 - 284 - 285 - 286 - 288 - 289 - 290 - 291 - 293 - 294 - 295 - 296 - 298 - 299 - 300 - 302 - 303 - 304 - 305 - 309 - 312 - 313 - 314 - 315 - 316 - 317 - 318 - 320 - 321 - 322 - 325 - 327 - 331 - 333 - 334 - 335 - 337 - 338 - 340 - 342 - 343 - 344 - 345 - 346 - 350 - 351 - 352 - 353 - 358 - 359 - 360 - 362 - 366 - 368 - 371 - 373 - 374 - 377 - 378 - 380 - 381 - 383 - 385 - 386 - 387 - 388 - 390 - 392 - 393 - 394 - 396 - 397 - 399 - 400 - 401 - 402 - 403 - 410 - 413 - 414 - 415 - 417 - 421 - 422 - 423 - 424 - 425 - 426 - 428 - 429 - 432 - 433 - 434 - 435 - 437 - 438 - 440 - 441 - 443 - 447 - 448 - 449 - 451 - 452 - 453 - 454 - 455 - 457 - 458 - 460 - 461 - 462 - 463 - 464 - 465 - 469 - 470 - 471 - 474 - 476 - 477 - 479 - 480 - 481 - 482 - 483 - 485 - 488 - 489 - 490 - 491 - 492 - 493 - 494 - 495 - 496 - 497,573679.4,2.7,93354,91654,157.61,Cost: 93354 & Capacity: 91654
3 - 4 - 7 - 8 - 10 - 11 - 12 - 13 - 14 - 17 - 19 - 21 - 23 - 24 - 25 - 26 - 28 - 29 - 31 - 40 - 42 - 43 - 48 - 49 - 51 - 52 - 53 - 55 - 57 - 59 - 61 - 62 - 64 - 65 - 66 - 67 - 68 - 72 - 75 - 77 - 78 - 79 - 80 - 81 - 82 - 84 - 85 - 86 - 87 - 88 - 93 - 94 - 98 - 99 - 100 - 101 - 102 - 104 - 105 - 107 - 113 - 114 - 115 - 116 - 117 - 118 - 123 - 124 - 125 - 126 - 127 - 128 - 131 - 132 - 133 - 134 - 135 - 137 - 139 - 141 - 143 - 148 - 149 - 150 - 153 - 155 - 156 - 157 - 160 - 161 - 163 - 164 - 165 - 167 - 168 - 169 - 171 - 172 - 173 - 174 - 175 - 181 - 182 - 183 - 184 - 185 - 190 - 191 - 193 - 194 - 195 - 196 - 197 - 199 - 201 - 202 - 204 - 205 - 207 - 208 - 211 - 215 - 216 - 219 - 220 - 221 - 222 - 223 - 225 - 226 - 230 - 231 - 235 - 239 - 241 - 242 - 243 - 244 - 245 - 246 - 249 - 250 - 251 - 253 - 255 - 256 - 260 - 262 - 263 - 267 - 268 - 269 - 270 - 273 - 277 - 278 - 279 - 280 - 281 - 282 - 284 - 285 - 286 - 288 - 289 - 290 - 291 - 293 - 294 - 295 - 296 - 298 - 299 - 300 - 302 - 303 - 304 - 305 - 309 - 312 - 313 - 314 - 315 - 316 - 317 - 318 - 320 - 321 - 322 - 325 - 327 - 331 - 333 - 334 - 335 - 337 - 338 - 339 - 340 - 342 - 343 - 344 - 345 - 346 - 350 - 351 - 352 - 353 - 358 - 359 - 360 - 362 - 366 - 368 - 371 - 373 - 374 - 377 - 378 - 380 - 381 - 382 - 383 - 385 - 386 - 387 - 388 - 390 - 392 - 393 - 394 - 396 - 397 - 399 - 400 - 401 - 402 - 403 - 410 - 413 - 414 - 415 - 417 - 421 - 422 - 423 - 424 - 425 - 426 - 428 - 429 - 432 - 433 - 434 - 435 - 437 - 438 - 440 - 443 - 447 - 448 - 449 - 451 - 452 - 453 - 454 - 455 - 457 - 458 - 460 - 461 - 462 - 463 - 464 - 465 - 469 - 470 - 471 - 474 - 476 - 477 - 479 - 480 - 481 - 482 - 483 - 485 - 488 - 489 - 490 - 491 - 492 - 493 - 494 - 495 - 496 - 497,572679.6,3.9,93347,91720,157.66,Cost: 93347 & Capacity: 91720
3 - 4 - 7 - 10 - 11 - 12 - 13 - 14 - 19 - 21 - 23 - 24 - 25 - 26 - 28 - 29 - 31 - 40 - 42 - 43 - 48 - 49 - 50 - 51 - 52 - 53 - 55 - 57 - 59 - 61 - 62 - 64 - 65 - 66 - 67 - 68 - 72 - 75 - 77 - 79 - 80 - 81 - 84 - 85 - 86 - 87 - 88 - 90 - 93 - 94 - 98 - 99 - 100 - 101 - 102 - 104 - 105 - 113 - 114 - 115 - 116 - 117 - 118 - 123 - 124 - 125 - 126 - 127 - 128 - 131 - 132 - 133 - 134 - 135 - 137 - 139 - 141 - 143 - 148 - 149 - 150 - 153 - 155 - 156 - 157 - 160 - 161 - 163 - 164 - 165 - 167 - 168 - 169 - 171 - 172 - 173 - 174 - 175 - 180 - 181 - 182 - 183 - 184 - 185 - 190 - 191 - 193 - 194 - 195 - 196 - 197 - 199 - 201 - 202 - 204 - 205 - 207 - 208 - 211 - 215 - 216 - 219 - 220 - 221 - 222 - 223 - 225 - 226 - 230 - 231 - 235 - 239 - 241 - 242 - 243 - 244 - 245 - 246 - 249 - 250 - 251 - 253 - 255 - 256 - 260 - 262 - 263 - 267 - 268 - 269 - 270 - 273 - 277 - 278 - 279 - 281 - 282 - 284 - 285 - 286 - 288 - 289 - 290 - 291 - 293 - 295 - 296 - 298 - 299 - 300 - 302 - 303 - 304 - 305 - 308 - 312 - 314 - 315 - 316 - 317 - 318 - 320 - 321 - 322 - 325 - 327 - 328 - 331 - 333 - 334 - 335 - 337 - 338 - 340 - 342 - 343 - 344 - 345 - 346 - 350 - 351 - 352 - 353 - 358 - 359 - 360 - 361 - 362 - 365 - 366 - 368 - 371 - 373 - 374 - 377 - 378 - 380 - 381 - 383 - 385 - 386 - 387 - 388 - 389 - 390 - 392 - 393 - 394 - 396 - 397 - 399 - 400 - 401 - 402 - 403 - 405 - 410 - 413 - 414 - 415 - 417 - 421 - 422 - 423 - 424 - 425 - 426 - 428 - 429 - 432 - 433 - 434 - 435 - 437 - 438 - 440 - 443 - 447 - 448 - 449 - 451 - 452 - 453 - 454 - 455 - 457 - 458 - 460 - 461 - 462 - 464 - 465 - 469 - 471 - 474 - 476 - 477 - 479 - 481 - 482 - 483 - 485 - 488 - 489 - 490 - 491 - 492 - 493 - 494 - 495 - 496 - 497,555562.9,4.7,93344,92425,158.71,Cost: 93344 & Capacity: 92425
3 - 4 - 7 - 8 - 10 - 11 - 12 - 13 - 14 - 17 - 19 - 21 - 23 - 24 - 25 - 26 - 28 - 29 - 31 - 40 - 42 - 43 - 48 - 49 - 51 - 52 - 53 - 55 - 57 - 59 - 61 - 62 - 64 - 65 - 66 - 67 - 68 - 72 - 75 - 77 - 78 - 79 - 80 - 81 - 82 - 84 - 85 - 86 - 87 - 88 - 93 - 94 - 98 - 99 - 100 - 101 - 102 - 104 - 105 - 107 - 113 - 114 - 115 - 116 - 117 - 118 - 123 - 124 - 125 - 126 - 127 - 128 - 131 - 132 - 133 - 134 - 135 - 137 - 139 - 141 - 143 - 148 - 149 - 150 - 153 - 155 - 156 - 157 - 160 - 161 - 163 - 164 - 165 - 167 - 168 - 169 - 171 - 172 - 173 - 174 - 175 - 181 - 182 - 183 - 184 - 185 - 190 - 191 - 193 - 194 - 195 - 196 - 197 - 199 - 201 - 202 - 204 - 205 - 207 - 208 - 211 - 215 - 216 - 219 - 220 - 221 - 222 - 223 - 225 - 226 - 230 - 231 - 235 - 239 - 241 - 242 - 243 - 244 - 245 - 246 - 249 - 250 - 251 - 253 - 255 - 256 - 260 - 262 - 263 - 267 - 268 - 269 - 270 - 273 - 277 - 278 - 279 - 280 - 281 - 282 - 284 - 285 - 286 - 288 - 289 - 290 - 291 - 293 - 294 - 295 - 296 - 298 - 299 - 300 - 302 - 303 - 304 - 305 - 309 - 312 - 313 - 314 - 315 - 316 - 317 - 318 - 320 - 321 - 322 - 325 - 327 - 331 - 333 - 334 - 335 - 337 - 338 - 339 - 340 - 342 - 343 - 344 - 345 - 346 - 350 - 351 - 352 - 353 - 358 - 359 - 360 - 362 - 366 - 368 - 371 - 373 - 374 - 377 - 378 - 380 - 381 - 382 - 383 - 385 - 386 - 387 - 388 - 390 - 392 - 393 - 394 - 396 - 397 - 399 - 400 - 401 - 402 - 403 - 410 - 413 - 414 - 415 - 417 - 421 - 422 - 423 - 424 - 425 - 426 - 428 - 429 - 432 - 433 - 434 - 435 - 437 - 438 - 440 - 443 - 447 - 448 - 449 - 451 - 452 - 453 - 454 - 455 - 457 - 458 - 460 - 461 - 462 - 463 - 464 - 465 - 469 - 470 - 471 - 474 - 476 - 477 - 479 - 480 - 481 - 482 - 483 - 485 - 488 - 489 - 490 - 491 - 492 - 493 - 494 - 495 - 496 - 497,572679.6,3.9,93347,91720,159.5,Cost: 93347 & Capacity: 91720
4 - 6 - 7 - 10 - 11 - 12 - 13 - 21 - 24 - 25 - 26 - 28 - 31 - 33 - 39 - 40 - 43 - 48 - 50 - 55 - 57 - 59 - 61 - 62 - 63 - 64 - 65 - 66 - 67 - 68 - 72 - 75 - 77 - 78 - 80 - 85 - 86 - 87 - 93 - 98 - 99 - 100 - 102 - 104 - 105 - 108 - 110 - 112 - 113 - 114 - 116 - 117 - 118 - 123 - 125 - 131 - 132 - 133 - 137 - 138 - 139 - 141 - 143 - 144 - 146 - 150 - 151 - 153 - 155 - 156 - 161 - 162 - 164 - 165 - 167 - 168 - 169 - 172 - 173 - 174 - 176 - 180 - 181 - 182 - 184 - 185 - 186 - 190 - 191 - 193 - 194 - 195 - 196 - 198 - 201 - 204 - 205 - 207 - 208 - 215 - 216 - 219 - 220 - 222 - 227 - 231 - 232 - 234 - 235 - 236 - 238 - 239 - 242 - 243 - 244 - 247 - 249 - 250 - 255 - 260 - 261 - 262 - 263 - 264 - 267 - 268 - 269 - 270 - 276 - 278 - 282 - 286 - 289 - 295 - 298 - 300 - 302 - 303 - 304 - 305 - 308 - 312 - 314 - 315 - 316 - 317 - 318 - 321 - 322 - 325 - 327 - 328 - 331 - 333 - 334 - 335 - 337 - 338 - 340 - 342 - 343 - 344 - 345 - 350 - 351 - 352 - 353 - 358 - 359 - 360 - 362 - 364 - 366 - 371 - 372 - 373 - 374 - 378 - 385 - 386 - 387 - 390 - 392 - 393 - 394 - 396 - 397 - 399 - 401 - 402 - 403 - 408 - 410 - 411 - 413 - 415 - 416 - 417 - 421 - 424 - 427 - 428 - 429 - 432 - 433 - 434 - 435 - 437 - 438 - 440 - 445 - 449 - 451 - 452 - 453 - 455 - 456 - 457 - 458 - 460 - 461 - 464 - 465 - 466 - 469 - 471 - 473 - 474 - 475 - 477 - 478 - 480 - 481 - 482 - 488 - 489 - 490 - 491 - 493 - 494 - 496,392199.5,6.3,93350,83663,159.97,Cost: 93350 & Capacity: 83663
3 - 4 - 6 - 10 - 12 - 13 - 17 - 21 - 24 - 25 - 26 - 28 - 31 - 33 - 39 - 40 - 43 - 48 - 50 - 55 - 57 - 59 - 61 - 62 - 63 - 64 - 65 - 66 - 69 - 72 - 77 - 78 - 80 - 84 - 85 - 90 - 98 - 99 - 100 - 102 - 104 - 108 - 110 - 111 - 112 - 113 - 116 - 117 - 123 - 125 - 131 - 137 - 138 - 139 - 141 - 143 - 146 - 150 - 151 - 152 - 153 - 155 - 156 - 162 - 164 - 167 - 169 - 172 - 173 - 174 - 180 - 184 - 185 - 190 - 191 - 193 - 196 - 197 - 198 - 204 - 205 - 207 - 214 - 215 - 216 - 219 - 220 - 222 - 227 - 231 - 232 - 234 - 235 - 236 - 237 - 238 - 247 - 249 - 254 - 255 - 256 - 260 - 261 - 263 - 264 - 268 - 269 - 273 - 274 - 275 - 276 - 278 - 282 - 295 - 298 - 300 - 304 - 305 - 308 - 312 - 316 - 317 - 321 - 322 - 325 - 327 - 328 - 332 - 333 - 334 - 337 - 338 - 340 - 342 - 344 - 345 - 350 - 353 - 355 - 358 - 359 - 362 - 364 - 372 - 373 - 374 - 378 - 381 - 385 - 386 - 390 - 392 - 393 - 396 - 397 - 401 - 402 - 403 - 408 - 409 - 410 - 411 - 414 - 415 - 416 - 417 - 424 - 429 - 432 - 433 - 434 - 435 - 437 - 438 - 440 - 445 - 448 - 449 - 451 - 452 - 453 - 456 - 458 - 460 - 461 - 464 - 466 - 467 - 469 - 471 - 473 - 475 - 477 - 478 - 479 - 481 - 482 - 488 - 490 - 491,271006.2,7.1,89099,76780,159.98,Cost: 89099 & Capacity: 76780
3 - 4 - 7 - 8 - 10 - 11 - 12 - 13 - 14 - 17 - 19 - 21 - 23 - 24 - 25 - 26 - 28 - 29 - 31 - 40 - 42 - 43 - 48 - 49 - 51 - 52 - 53 - 55 - 57 - 59 - 61 - 62 - 64 - 65 - 66 - 67 - 68 - 72 - 75 - 77 - 78 - 79 - 80 - 81 - 82 - 84 - 85 - 86 - 87 - 88 - 93 - 94 - 98 - 99 - 100 - 101 - 102 - 104 - 105 - 107 - 113 - 114 - 115 - 116 - 117 - 118 - 123 - 124 - 125 - 126 - 127 - 128 - 131 - 132 - 133 - 134 - 135 - 137 - 139 - 141 - 143 - 148 - 149 - 150 - 153 - 155 - 156 - 157 - 160 - 161 - 163 - 164 - 165 - 167 - 168 - 169 - 171 - 172 - 173 - 174 - 175 - 181 - 182 - 183 - 184 - 185 - 190 - 191 - 193 - 194 - 195 - 196 - 197 - 199 - 201 - 202 - 204 - 205 - 207 - 208 - 211 - 215 - 216 - 219 - 220 - 221 - 222 - 223 - 225 - 226 - 230 - 231 - 235 - 239 - 241 - 242 - 243 - 244 - 245 - 246 - 249 - 250 - 251 - 253 - 255 - 256 - 260 - 262 - 263 - 267 - 268 - 269 - 270 - 273 - 277 - 278 - 279 - 280 - 281 - 282 - 284 - 285 - 286 - 288 - 289 - 290 - 291 - 293 - 294 - 295 - 296 - 298 - 299 - 300 - 302 - 303 - 304 - 305 - 309 - 312 - 313 - 314 - 315 - 316 - 317 - 318 - 320 - 321 - 322 - 325 - 327 - 331 - 333 - 334 - 335 - 337 - 338 - 339 - 340 - 342 - 343 - 344 - 345 - 346 - 350 - 351 - 352 - 353 - 358 - 359 - 360 - 362 - 366 - 368 - 371 - 373 - 374 - 377 - 378 - 380 - 381 - 382 - 383 - 385 - 386 - 387 - 388 - 390 - 392 - 393 - 394 - 396 - 397 - 399 - 400 - 401 - 402 - 403 - 410 - 413 - 414 - 415 - 417 - 421 - 422 - 423 - 424 - 425 - 426 - 428 - 429 - 432 - 433 - 434 - 435 - 437 - 438 - 440 - 443 - 447 - 448 - 449 - 451 - 452 - 453 - 454 - 455 - 457 - 458 - 460 - 461 - 462 - 463 - 464 - 465 - 469 - 470 - 471 - 474 - 476 - 477 - 479 - 480 - 481 - 482 - 483 - 485 - 488 - 489 - 490 - 491 - 492 - 493 - 494 - 495 - 496 - 497,572679.6,3.9,93347,91720,161.4,Cost: 93347 & Capacity: 91720
3 - 4 - 7 - 8 - 10 - 11 - 12 - 13 - 14 - 17 - 19 - 21 - 23 - 24 - 25 - 26 - 28 - 29 - 31 - 40 - 42 - 43 - 48 - 49 - 51 - 52 - 53 - 55 - 57 - 59 - 61 - 62 - 64 - 65 - 66 - 67 - 68 - 72 - 75 - 77 - 78 - 79 - 80 - 81 - 82 - 84 - 85 - 86 - 87 - 88 - 93 - 94 - 98 - 99 - 100 - 101 - 102 - 104 - 105 - 107 - 113 - 114 - 115 - 116 - 117 - 118 - 123 - 124 - 125 - 126 - 127 - 128 - 131 - 132 - 133 - 134 - 135 - 137 - 139 - 141 - 143 - 148 - 149 - 150 - 153 - 155 - 156 - 157 - 160 - 161 - 163 - 164 - 165 - 167 - 168 - 169 - 171 - 172 - 173 - 174 - 175 - 181 - 182 - 183 - 184 - 185 - 190 - 191 - 193 - 194 - 195 - 196 - 197 - 199 - 201 - 202 - 204 - 205 - 207 - 208 - 211 - 215 - 216 - 219 - 220 - 221 - 222 - 223 - 225 - 226 - 230 - 231 - 235 - 239 - 241 - 242 - 243 - 244 - 245 - 246 - 249 - 250 - 251 - 253 - 255 - 256 - 260 - 262 - 263 - 267 - 268 - 269 - 270 - 273 - 277 - 278 - 279 - 280 - 281 - 282 - 284 - 285 - 286 - 288 - 289 - 290 - 291 - 293 - 294 - 295 - 296 - 298 - 299 - 300 - 302 - 303 - 304 - 305 - 309 - 312 - 313 - 314 - 315 - 316 - 317 - 318 - 320 - 321 - 322 - 325 - 327 - 331 - 333 - 334 - 335 - 337 - 338 - 339 - 340 - 342 - 343 - 344 - 345 - 346 - 350 - 351 - 352 - 353 - 358 - 359 - 360 - 362 - 366 - 368 - 371 - 373 - 374 - 377 - 378 - 380 - 381 - 382 - 383 - 385 - 386 - 387 - 388 - 390 - 392 - 393 - 394 - 396 - 397 - 399 - 400 - 401 - 402 - 403 - 410 - 413 - 414 - 415 - 417 - 421 - 422 - 423 - 424 - 425 - 426 - 428 - 429 - 432 - 433 - 434 - 435 - 437 - 438 - 440 - 443 - 447 - 448 - 449 - 451 - 452 - 453 - 454 - 455 - 457 - 458 - 460 - 461 - 462 - 463 - 464 - 465 - 469 - 470 - 471 - 474 - 476 - 477 - 479 - 480 - 481 - 482 - 483 - 485 - 488 - 489 - 490 - 491 - 492 - 493 - 494 - 495 - 496 - 497,572679.6,3.9,93347,91720,163.79,Cost: 93347 & Capacity: 91720
3 - 4 - 7 - 10 - 11 - 12 - 13 - 14 - 19 - 21 - 23 - 24 - 25 - 26 - 28 - 29 - 31 - 40 - 42 - 43 - 48 - 49 - 51 - 52 - 53 - 55 - 57 - 59 - 61 - 62 - 64 - 65 - 66 - 67 - 68 - 72 - 75 - 77 - 78 - 80 - 84 - 85 - 86 - 87 - 88 - 90 - 93 - 94 - 98 - 99 - 100 - 101 - 104 - 105 - 108 - 113 - 114 - 115 - 116 - 117 - 118 - 123 - 124 - 125 - 127 - 128 - 131 - 132 - 133 - 134 - 135 - 137 - 139 - 141 - 143 - 149 - 150 - 153 - 155 - 156 - 157 - 161 - 164 - 165 - 167 - 168 - 169 - 171 - 172 - 173 - 174 - 180 - 181 - 182 - 183 - 184 - 190 - 191 - 193 - 194 - 195 - 196 - 197 - 199 - 202 - 204 - 205 - 207 - 208 - 211 - 215 - 216 - 219 - 220 - 222 - 223 - 225 - 226 - 229 - 230 - 231 - 235 - 238 - 239 - 241 - 242 - 243 - 244 - 246 - 247 - 249 - 250 - 253 - 255 - 256 - 260 - 262 - 263 - 266 - 267 - 268 - 269 - 270 - 273 - 277 - 278 - 279 - 282 - 284 - 286 - 288 - 289 - 290 - 291 - 293 - 295 - 296 - 298 - 299 - 300 - 302 - 303 - 304 - 305 - 308 - 312 - 314 - 315 - 316 - 317 - 318 - 321 - 322 - 325 - 327 - 328 - 331 - 333 - 334 - 335 - 337 - 338 - 340 - 342 - 343 - 344 - 345 - 346 - 350 - 351 - 352 - 353 - 358 - 359 - 360 - 362 - 365 - 366 - 368 - 371 - 373 - 374 - 377 - 378 - 380 - 381 - 382 - 383 - 385 - 386 - 387 - 388 - 389 - 390 - 392 - 393 - 394 - 396 - 397 - 399 - 400 - 401 - 402 - 403 - 405 - 410 - 412 - 413 - 414 - 415 - 417 - 421 - 422 - 423 - 424 - 425 - 426 - 428 - 429 - 432 - 433 - 434 - 435 - 437 - 438 - 440 - 443 - 445 - 448 - 449 - 451 - 452 - 453 - 454 - 455 - 458 - 460 - 461 - 462 - 464 - 465 - 466 - 469 - 471 - 474 - 476 - 477 - 479 - 481 - 482 - 483 - 485 - 488 - 489 - 490 - 491 - 492 - 493 - 494 - 495 - 496 - 497,520958.0,5.4,93344,89330,164.03,Cost: 93344 & Capacity: 89330
3 - 4 - 7 - 8 - 10 - 11 - 12 - 13 - 14 - 17 - 19 - 21 - 23 - 24 - 25 - 26 - 28 - 29 - 31 - 40 - 42 - 43 - 48 - 49 - 51 - 52 - 53 - 55 - 57 - 59 - 61 - 62 - 64 - 65 - 66 - 67 - 68 - 72 - 75 - 77 - 78 - 79 - 80 - 81 - 82 - 84 - 85 - 86 - 87 - 88 - 93 - 94 - 98 - 99 - 100 - 101 - 102 - 104 - 105 - 107 - 113 - 114 - 115 - 116 - 117 - 118 - 123 - 124 - 125 - 126 - 127 - 128 - 131 - 132 - 133 - 134 - 135 - 137 - 139 - 141 - 143 - 148 - 149 - 150 - 153 - 155 - 156 - 157 - 160 - 161 - 163 - 164 - 165 - 167 - 168 - 169 - 171 - 172 - 173 - 174 - 175 - 181 - 182 - 183 - 184 - 185 - 190 - 191 - 193 - 194 - 195 - 196 - 197 - 199 - 201 - 202 - 204 - 205 - 207 - 208 - 211 - 215 - 216 - 219 - 220 - 221 - 222 - 223 - 225 - 226 - 230 - 231 - 235 - 239 - 241 - 242 - 243 - 244 - 245 - 246 - 249 - 250 - 251 - 253 - 255 - 256 - 260 - 262 - 263 - 267 - 268 - 269 - 270 - 273 - 277 - 278 - 279 - 280 - 281 - 282 - 284 - 285 - 286 - 288 - 289 - 290 - 291 - 293 - 294 - 295 - 296 - 298 - 299 - 300 - 302 - 303 - 304 - 305 - 309 - 312 - 313 - 314 - 315 - 316 - 317 - 318 - 320 - 321 - 322 - 325 - 327 - 331 - 333 - 334 - 335 - 337 - 338 - 339 - 340 - 342 - 343 - 344 - 345 - 346 - 350 - 351 - 352 - 353 - 358 - 359 - 360 - 362 - 366 - 368 - 371 - 373 - 374 - 377 - 378 - 380 - 381 - 382 - 383 - 385 - 386 - 387 - 388 - 390 - 392 - 393 - 394 - 396 - 397 - 399 - 400 - 401 - 402 - 403 - 410 - 413 - 414 - 415 - 417 - 421 - 422 - 423 - 424 - 425 - 426 - 428 - 429 - 432 - 433 - 434 - 435 - 437 - 438 - 440 - 443 - 447 - 448 - 449 - 451 - 452 - 453 - 454 - 455 - 457 - 458 - 460 - 461 - 462 - 463 - 464 - 465 - 469 - 470 - 471 - 474 - 476 - 477 - 479 - 480 - 481 - 482 - 483 - 485 - 488 - 489 - 490 - 491 - 492 - 493 - 494 - 495 - 496 - 497,572679.6,3.9,93347,91720,166.95,Cost: 93347 & Capacity: 91720
3 - 4 - 7 - 8 - 10 - 11 - 12 - 13 - 14 - 17 - 19 - 21 - 23 - 24 - 25 - 26 - 28 - 29 - 31 - 40 - 42 - 43 - 48 - 49 - 51 - 52 - 53 - 55 - 57 - 59 - 61 - 62 - 64 - 65 - 66 - 67 - 68 - 72 - 75 - 77 - 78 - 79 - 80 - 81 - 82 - 84 - 85 - 86 - 87 - 88 - 93 - 94 - 98 - 99 - 100 - 101 - 102 - 104 - 105 - 107 - 113 - 114 - 115 - 116 - 117 - 118 - 123 - 124 - 125 - 126 - 127 - 128 - 131 - 132 - 133 - 134 - 135 - 137 - 139 - 141 - 143 - 148 - 149 - 150 - 153 - 155 - 156 - 157 - 160 - 161 - 163 - 164 - 165 - 167 - 168 - 169 - 171 - 172 - 173 - 174 - 175 - 181 - 182 - 183 - 184 - 185 - 190 - 191 - 193 - 194 - 195 - 196 - 197 - 199 - 201 - 202 - 204 - 205 - 207 - 208 - 211 - 215 - 216 - 219 - 220 - 221 - 222 - 223 - 225 - 226 - 230 - 231 - 235 - 239 - 241 - 242 - 243 - 244 - 245 - 246 - 249 - 250 - 251 - 253 - 255 - 256 - 260 - 262 - 263 - 267 - 268 - 269 - 270 - 273 - 277 - 278 - 279 - 280 - 281 - 282 - 284 - 285 - 286 - 288 - 289 - 290 - 291 - 293 - 294 - 295 - 296 - 298 - 299 - 300 - 302 - 303 - 304 - 305 - 309 - 312 - 313 - 314 - 315 - 316 - 317 - 318 - 320 - 321 - 322 - 325 - 327 - 331 - 333 - 334 - 335 - 337 - 338 - 339 - 340 - 342 - 343 - 344 - 345 - 346 - 350 - 351 - 352 - 353 - 358 - 359 - 360 - 362 - 366 - 368 - 371 - 373 - 374 - 377 - 378 - 380 - 381 - 382 - 383 - 385 - 386 - 387 - 388 - 390 - 392 - 393 - 394 - 396 - 397 - 399 - 400 - 401 - 402 - 403 - 410 - 413 - 414 - 415 - 417 - 421 - 422 - 423 - 424 - 425 - 426 - 428 - 429 - 432 - 433 - 434 - 435 - 437 - 438 - 440 - 443 - 447 - 448 - 449 - 451 - 452 - 453 - 454 - 455 - 457 - 458 - 460 - 461 - 462 - 463 - 464 - 465 - 469 - 470 - 471 - 474 - 476 - 477 - 479 - 480 - 481 - 482 - 483 - 485 - 488 - 489 - 490 - 491 - 492 - 493 - 494 - 495 - 496 - 497,572679.6,3.9,93347,91720,169.94,Cost: 93347 & Capacity: 91720
3 - 4 - 7 - 8 - 10 - 11 - 12 - 13 - 14 - 17 - 19 - 21 - 23 - 24 - 25 - 26 - 28 - 29 - 31 - 40 - 42 - 43 - 48 - 49 - 51 - 52 - 53 - 55 - 57 - 59 - 61 - 62 - 64 - 65 - 66 - 67 - 68 - 72 - 75 - 77 - 78 - 79 - 80 - 81 - 82 - 84 - 85 - 86 - 87 - 88 - 93 - 94 - 98 - 99 - 100 - 101 - 102 - 104 - 105 - 107 - 113 - 114 - 115 - 116 - 117 - 118 - 123 - 124 - 125 - 126 - 127 - 128 - 131 - 132 - 133 - 134 - 135 - 137 - 139 - 141 - 143 - 148 - 149 - 150 - 153 - 155 - 156 - 157 - 160 - 161 - 163 - 164 - 165 - 167 - 168 - 169 - 171 - 172 - 173 - 174 - 175 - 181 - 182 - 183 - 184 - 185 - 190 - 191 - 193 - 194 - 195 - 196 - 197 - 199 - 201 - 202 - 204 - 205 - 207 - 208 - 211 - 215 - 216 - 219 - 220 - 221 - 222 - 223 - 225 - 226 - 230 - 231 - 235 - 239 - 241 - 242 - 243 - 244 - 245 - 246 - 249 - 250 - 251 - 253 - 255 - 256 - 260 - 262 - 263 - 267 - 268 - 269 - 270 - 273 - 277 - 278 - 279 - 280 - 281 - 282 - 284 - 285 - 286 - 288 - 289 - 290 - 291 - 293 - 294 - 295 - 296 - 298 - 299 - 300 - 302 - 303 - 304 - 305 - 309 - 312 - 313 - 314 - 315 - 316 - 317 - 318 - 320 - 321 - 322 - 325 - 327 - 331 - 333 - 334 - 335 - 337 - 338 - 339 - 340 - 342 - 343 - 344 - 345 - 346 - 350 - 351 - 352 - 353 - 358 - 359 - 360 - 362 - 366 - 368 - 371 - 373 - 374 - 377 - 378 - 380 - 381 - 382 - 383 - 385 - 386 - 387 - 388 - 390 - 392 - 393 - 394 - 396 - 397 - 399 - 400 - 401 - 402 - 403 - 410 - 413 - 414 - 415 - 417 - 421 - 422 - 423 - 424 - 425 - 426 - 428 - 429 - 432 - 433 - 434 - 435 - 437 - 438 - 440 - 443 - 447 - 448 - 449 - 451 - 452 - 453 - 454 - 455 - 457 - 458 - 460 - 461 - 462 - 463 - 464 - 465 - 469 - 470 - 471 - 474 - 476 - 477 - 479 - 480 - 481 - 482 - 483 - 485 - 488 - 489 - 490 - 491 - 492 - 493 - 494 - 495 - 496 - 497,572679.6,3.9,93347,91720,175.63,Cost: 93347 & Capacity: 91720
3 - 4 - 7 - 8 - 10 - 11 - 12 - 13 - 14 - 17 - 19 - 21 - 23 - 24 - 25 - 26 - 28 - 29 - 31 - 40 - 42 - 43 - 48 - 49 - 51 - 52 - 53 - 55 - 57 - 59 - 61 - 62 - 64 - 65 - 66 - 67 - 68 - 72 - 75 - 77 - 78 - 79 - 80 - 81 - 82 - 84 - 85 - 86 - 87 - 88 - 93 - 94 - 98 - 99 - 100 - 101 - 102 - 104 - 105 - 107 - 113 - 114 - 115 - 116 - 117 - 118 - 123 - 124 - 125 - 126 - 127 - 128 - 131 - 132 - 133 - 134 - 135 - 137 - 139 - 141 - 143 - 148 - 149 - 150 - 153 - 155 - 156 - 157 - 160 - 161 - 163 - 164 - 165 - 167 - 168 - 169 - 171 - 172 - 173 - 174 - 175 - 181 - 182 - 183 - 184 - 185 - 190 - 191 - 193 - 194 - 195 - 196 - 197 - 199 - 201 - 202 - 204 - 205 - 207 - 208 - 211 - 215 - 216 - 219 - 220 - 221 - 222 - 223 - 225 - 226 - 230 - 231 - 235 - 239 - 241 - 242 - 243 - 244 - 245 - 246 - 249 - 250 - 251 - 253 - 255 - 256 - 260 - 262 - 263 - 267 - 268 - 269 - 270 - 273 - 277 - 278 - 279 - 280 - 281 - 282 - 284 - 285 - 286 - 288 - 289 - 290 - 291 - 293 - 294 - 295 - 296 - 298 - 299 - 300 - 302 - 303 - 304 - 305 - 309 - 312 - 313 - 314 - 315 - 316 - 317 - 318 - 320 - 321 - 322 - 325 - 327 - 331 - 333 - 334 - 335 - 337 - 338 - 339 - 340 - 342 - 343 - 344 - 345 - 346 - 350 - 351 - 352 - 353 - 358 - 359 - 360 - 362 - 366 - 368 - 371 - 373 - 374 - 377 - 378 - 380 - 381 - 382 - 383 - 385 - 386 - 387 - 388 - 390 - 392 - 393 - 394 - 396 - 397 - 399 - 400 - 401 - 402 - 403 - 410 - 413 - 414 - 415 - 417 - 421 - 422 - 423 - 424 - 425 - 426 - 428 - 429 - 432 - 433 - 434 - 435 - 437 - 438 - 440 - 443 - 447 - 448 - 449 - 451 - 452 - 453 - 454 - 455 - 457 - 458 - 460 - 461 - 462 - 463 - 464 - 465 - 469 - 470 - 471 - 474 - 476 - 477 - 479 - 480 - 481 - 482 - 483 - 485 - 488 - 489 - 490 - 491 - 492 - 493 - 494 - 495 - 496 - 497,572679.6,3.9,93347,91720,177.45,Cost: 93347 & Capacity: 91720
3 - 4 - 7 - 8 - 10 - 11 - 12 - 13 - 14 - 17 - 19 - 21 - 23 - 24 - 25 - 26 - 28 - 29 - 31 - 40 - 42 - 43 - 48 - 49 - 51 - 52 - 53 - 55 - 57 - 59 - 61 - 62 - 64 - 65 - 66 - 67 - 68 - 72 - 75 - 77 - 78 - 79 - 80 - 81 - 82 - 84 - 85 - 86 - 87 - 88 - 93 - 94 - 98 - 99 - 100 - 101 - 102 - 104 - 105 - 113 - 114 - 115 - 116 - 117 - 118 - 123 - 124 - 125 - 126 - 127 - 128 - 131 - 132 - 133 - 134 - 135 - 137 - 139 - 141 - 143 - 148 - 149 - 150 - 153 - 155 - 156 - 157 - 160 - 161 - 163 - 164 - 165 - 167 - 168 - 169 - 171 - 172 - 173 - 174 - 175 - 180 - 181 - 182 - 183 - 184 - 185 - 190 - 191 - 193 - 194 - 195 - 196 - 197 - 199 - 201 - 202 - 204 - 205 - 207 - 208 - 211 - 215 - 216 - 219 - 220 - 221 - 222 - 223 - 225 - 226 - 230 - 231 - 235 - 239 - 241 - 242 - 243 - 244 - 245 - 246 - 249 - 250 - 251 - 253 - 255 - 256 - 258 - 260 - 262 - 263 - 267 - 268 - 269 - 270 - 273 - 277 - 278 - 279 - 280 - 281 - 282 - 284 - 285 - 286 - 288 - 289 - 290 - 291 - 293 - 294 - 295 - 296 - 298 - 299 - 300 - 302 - 303 - 304 - 305 - 309 - 312 - 313 - 314 - 315 - 316 - 317 - 318 - 320 - 321 - 322 - 325 - 327 - 331 - 333 - 334 - 335 - 337 - 338 - 340 - 342 - 343 - 344 - 345 - 346 - 350 - 351 - 352 - 353 - 358 - 359 - 360 - 362 - 366 - 368 - 371 - 373 - 374 - 377 - 378 - 380 - 381 - 383 - 385 - 386 - 387 - 388 - 390 - 392 - 393 - 394 - 396 - 397 - 399 - 400 - 401 - 402 - 403 - 410 - 413 - 414 - 415 - 417 - 421 - 422 - 423 - 424 - 425 - 426 - 428 - 429 - 432 - 433 - 434 - 435 - 437 - 438 - 440 - 441 - 443 - 447 - 448 - 449 - 451 - 452 - 453 - 454 - 455 - 457 - 458 - 460 - 461 - 462 - 463 - 464 - 465 - 469 - 470 - 471 - 474 - 476 - 477 - 479 - 480 - 481 - 482 - 483 - 485 - 488 - 489 - 490 - 491 - 492 - 493 - 494 - 495 - 496 - 497,573679.4,2.7,93354,91654,178.78,Cost: 93354 & Capacity: 91654
3 - 4 - 7 - 8 - 10 - 11 - 12 - 13 - 14 - 17 - 19 - 21 - 23 - 24 - 25 - 26 - 28 - 29 - 31 - 40 - 42 - 43 - 48 - 49 - 51 - 52 - 53 - 55 - 57 - 59 - 61 - 62 - 64 - 65 - 66 - 67 - 68 - 72 - 75 - 77 - 78 - 79 - 80 - 81 - 82 - 84 - 85 - 86 - 87 - 88 - 93 - 94 - 98 - 99 - 100 - 101 - 102 - 104 - 105 - 107 - 113 - 114 - 115 - 116 - 117 - 118 - 123 - 124 - 125 - 126 - 127 - 128 - 131 - 132 - 133 - 134 - 135 - 137 - 139 - 141 - 143 - 148 - 149 - 150 - 153 - 155 - 156 - 157 - 160 - 161 - 163 - 164 - 165 - 167 - 168 - 169 - 171 - 172 - 173 - 174 - 175 - 181 - 182 - 183 - 184 - 185 - 190 - 191 - 193 - 194 - 195 - 196 - 197 - 199 - 201 - 202 - 204 - 205 - 207 - 208 - 211 - 215 - 216 - 219 - 220 - 221 - 222 - 223 - 225 - 226 - 230 - 231 - 235 - 239 - 241 - 242 - 243 - 244 - 245 - 246 - 249 - 250 - 251 - 253 - 255 - 256 - 260 - 262 - 263 - 267 - 268 - 269 - 270 - 273 - 277 - 278 - 279 - 280 - 281 - 282 - 284 - 285 - 286 - 288 - 289 - 290 - 291 - 293 - 294 - 295 - 296 - 298 - 299 - 300 - 302 - 303 - 304 - 305 - 309 - 312 - 313 - 314 - 315 - 316 - 317 - 318 - 320 - 321 - 322 - 325 - 327 - 331 - 333 - 334 - 335 - 337 - 338 - 339 - 340 - 342 - 343 - 344 - 345 - 346 - 350 - 351 - 352 - 353 - 358 - 359 - 360 - 362 - 366 - 368 - 371 - 373 - 374 - 377 - 378 - 380 - 381 - 382 - 383 - 385 - 386 - 387 - 388 - 390 - 392 - 393 - 394 - 396 - 397 - 399 - 400 - 401 - 402 - 403 - 410 - 413 - 414 - 415 - 417 - 421 - 422 - 423 - 424 - 425 - 426 - 428 - 429 - 432 - 433 - 434 - 435 - 437 - 438 - 440 - 443 - 447 - 448 - 449 - 451 - 452 - 453 - 454 - 455 - 457 - 458 - 460 - 461 - 462 - 463 - 464 - 465 - 469 - 470 - 471 - 474 - 476 - 477 - 479 - 480 - 481 - 482 - 483 - 485 - 488 - 489 - 490 - 491 - 492 - 493 - 494 - 495 - 496 - 497,572679.6,3.9,93347,91720,178.82,Cost: 93347 & Capacity: 91720
3 - 4 - 7 - 8 - 10 - 11 - 12 - 13 - 14 - 17 - 19 - 21 - 23 - 24 - 25 - 26 - 28 - 29 - 31 - 40 - 42 - 43 - 48 - 49 - 51 - 52 - 53 - 55 - 57 - 59 - 61 - 62 - 64 - 65 - 66 - 67 - 68 - 72 - 75 - 77 - 78 - 79 - 80 - 81 - 82 - 84 - 85 - 86 - 87 - 88 - 93 - 94 - 98 - 99 - 100 - 101 - 102 - 104 - 105 - 107 - 113 - 114 - 115 - 116 - 117 - 118 - 123 - 124 - 125 - 126 - 127 - 128 - 131 - 132 - 133 - 134 - 135 - 137 - 139 - 141 - 143 - 148 - 149 - 150 - 153 - 155 - 156 - 157 - 160 - 161 - 163 - 164 - 165 - 167 - 168 - 169 - 171 - 172 - 173 - 174 - 175 - 181 - 182 - 183 - 184 - 185 - 190 - 191 - 193 - 194 - 195 - 196 - 197 - 199 - 201 - 202 - 204 - 205 - 207 - 208 - 211 - 215 - 216 - 219 - 220 - 221 - 222 - 223 - 225 - 226 - 230 - 231 - 235 - 239 - 241 - 242 - 243 - 244 - 245 - 246 - 249 - 250 - 251 - 253 - 255 - 256 - 260 - 262 - 263 - 267 - 268 - 269 - 270 - 273 - 277 - 278 - 279 - 280 - 281 - 282 - 284 - 285 - 286 - 288 - 289 - 290 - 291 - 293 - 294 - 295 - 296 - 298 - 299 - 300 - 302 - 303 - 304 - 305 - 309 - 312 - 313 - 314 - 315 - 316 - 317 - 318 - 320 - 321 - 322 - 325 - 327 - 331 - 333 - 334 - 335 - 337 - 338 - 339 - 340 - 342 - 343 - 344 - 345 - 346 - 350 - 351 - 352 - 353 - 358 - 359 - 360 - 362 - 366 - 368 - 371 - 373 - 374 - 377 - 378 - 380 - 381 - 382 - 383 - 385 - 386 - 387 - 388 - 390 - 392 - 393 - 394 - 396 - 397 - 399 - 400 - 401 - 402 - 403 - 410 - 413 - 414 - 415 - 417 - 421 - 422 - 423 - 424 - 425 - 426 - 428 - 429 - 432 - 433 - 434 - 435 - 437 - 438 - 440 - 443 - 447 - 448 - 449 - 451 - 452 - 453 - 454 - 455 - 457 - 458 - 460 - 461 - 462 - 463 - 464 - 465 - 469 - 470 - 471 - 474 - 476 - 477 - 479 - 480 - 481 - 482 - 483 - 485 - 488 - 489 - 490 - 491 - 492 - 493 - 494 - 495 - 496 - 497,572679.6,3.9,93347,91720,185.78,Cost: 93347 & Capacity: 91720
3 - 4 - 7 - 8 - 10 - 11 - 12 - 13 - 14 - 17 - 19 - 21 - 23 - 24 - 25 - 26 - 28 - 29 - 31 - 40 - 42 - 43 - 48 - 49 - 51 - 52 - 53 - 55 - 57 - 59 - 61 - 62 - 64 - 65 - 66 - 67 - 68 - 72 - 75 - 77 - 78 - 79 - 80 - 81 - 82 - 84 - 85 - 86 - 87 - 88 - 93 - 94 - 98 - 99 - 100 - 101 - 102 - 104 - 105 - 113 - 114 - 115 - 116 - 117 - 118 - 123 - 124 - 125 - 126 - 127 - 128 - 131 - 132 - 133 - 134 - 135 - 137 - 139 - 141 - 143 - 148 - 149 - 150 - 153 - 155 - 156 - 157 - 160 - 161 - 163 - 164 - 165 - 167 - 168 - 169 - 171 - 172 - 173 - 174 - 175 - 180 - 181 - 182 - 183 - 184 - 185 - 190 - 191 - 193 - 194 - 195 - 196 - 197 - 199 - 201 - 202 - 204 - 205 - 207 - 208 - 211 - 215 - 216 - 219 - 220 - 221 - 222 - 223 - 225 - 226 - 230 - 231 - 235 - 239 - 241 - 242 - 243 - 244 - 245 - 246 - 249 - 250 - 251 - 253 - 255 - 256 - 258 - 260 - 262 - 263 - 267 - 268 - 269 - 270 - 273 - 277 - 278 - 279 - 280 - 281 - 282 - 284 - 285 - 286 - 288 - 289 - 290 - 291 - 293 - 294 - 295 - 296 - 298 - 299 - 300 - 302 - 303 - 304 - 305 - 309 - 312 - 313 - 314 - 315 - 316 - 317 - 318 - 320 - 321 - 322 - 325 - 327 - 331 - 333 - 334 - 335 - 337 - 338 - 340 - 342 - 343 - 344 - 345 - 346 - 350 - 351 - 352 - 353 - 358 - 359 - 360 - 362 - 366 - 368 - 371 - 373 - 374 - 377 - 378 - 380 - 381 - 383 - 385 - 386 - 387 - 388 - 390 - 392 - 393 - 394 - 396 - 397 - 399 - 400 - 401 - 402 - 403 - 410 - 413 - 414 - 415 - 417 - 421 - 422 - 423 - 424 - 425 - 426 - 428 - 429 - 432 - 433 - 434 - 435 - 437 - 438 - 440 - 441 - 443 - 447 - 448 - 449 - 451 - 452 - 453 - 454 - 455 - 457 - 458 - 460 - 461 - 462 - 463 - 464 - 465 - 469 - 470 - 471 - 474 - 476 - 477 - 479 - 480 - 481 - 482 - 483 - 485 - 488 - 489 - 490 - 491 - 492 - 493 - 494 - 495 - 496 - 497,573679.4,2.7,93354,91654,185.81,Cost: 93354 & Capacity: 91654
3 - 4 - 7 - 8 - 10 - 11 - 12 - 13 - 14 - 17 - 19 - 21 - 23 - 24 - 25 - 26 - 28 - 29 - 31 - 40 - 42 - 43 - 48 - 49 - 51 - 52 - 53 - 55 - 57 - 59 - 61 - 62 - 64 - 65 - 66 - 67 - 68 - 72 - 75 - 77 - 78 - 79 - 80 - 81 - 82 - 84 - 85 - 86 - 87 - 88 - 93 - 94 - 98 - 99 - 100 - 101 - 102 - 104 - 105 - 113 - 114 - 115 - 116 - 117 - 118 - 123 - 124 - 125 - 126 - 127 - 128 - 131 - 132 - 133 - 134 - 135 - 137 - 139 - 141 - 143 - 148 - 149 - 150 - 153 - 155 - 156 - 157 - 160 - 161 - 163 - 164 - 165 - 167 - 168 - 169 - 171 - 172 - 173 - 174 - 175 - 180 - 181 - 182 - 183 - 184 - 185 - 190 - 191 - 193 - 194 - 195 - 196 - 197 - 199 - 201 - 202 - 204 - 205 - 207 - 208 - 211 - 215 - 216 - 219 - 220 - 221 - 222 - 223 - 225 - 226 - 230 - 231 - 235 - 239 - 241 - 242 - 243 - 244 - 245 - 246 - 249 - 250 - 251 - 253 - 255 - 256 - 258 - 260 - 262 - 263 - 267 - 268 - 269 - 270 - 273 - 277 - 278 - 279 - 280 - 281 - 282 - 284 - 285 - 286 - 288 - 289 - 290 - 291 - 293 - 294 - 295 - 296 - 298 - 299 - 300 - 302 - 303 - 304 - 305 - 309 - 312 - 313 - 314 - 315 - 316 - 317 - 318 - 320 - 321 - 322 - 325 - 327 - 331 - 333 - 334 - 335 - 337 - 338 - 340 - 342 - 343 - 344 - 345 - 346 - 350 - 351 - 352 - 353 - 358 - 359 - 360 - 362 - 366 - 368 - 371 - 373 - 374 - 377 - 378 - 380 - 381 - 383 - 385 - 386 - 387 - 388 - 390 - 392 - 393 - 394 - 396 - 397 - 399 - 400 - 401 - 402 - 403 - 410 - 413 - 414 - 415 - 417 - 421 - 422 - 423 - 424 - 425 - 426 - 428 - 429 - 432 - 433 - 434 - 435 - 437 - 438 - 440 - 441 - 443 - 447 - 448 - 449 - 451 - 452 - 453 - 454 - 455 - 457 - 458 - 460 - 461 - 462 - 463 - 464 - 465 - 469 - 470 - 471 - 474 - 476 - 477 - 479 - 480 - 481 - 482 - 483 - 485 - 488 - 489 - 490 - 491 - 492 - 493 - 494 - 495 - 496 - 497,573679.4,2.7,93354,91654,186.92,Cost: 93354 & Capacity: 91654
3 - 4 - 7 - 8 - 10 - 11 - 12 - 13 - 14 - 17 - 19 - 21 - 23 - 24 - 25 - 26 - 28 - 29 - 31 - 40 - 42 - 43 - 48 - 49 - 51 - 52 - 53 - 55 - 57 - 59 - 61 - 62 - 64 - 65 - 66 - 67 - 68 - 72 - 75 - 77 - 78 - 79 - 80 - 81 - 82 - 84 - 85 - 86 - 87 - 88 - 93 - 94 - 98 - 99 - 100 - 101 - 102 - 104 - 105 - 107 - 113 - 114 - 115 - 116 - 117 - 118 - 123 - 124 - 125 - 126 - 127 - 128 - 131 - 132 - 133 - 134 - 135 - 137 - 139 - 141 - 143 - 148 - 149 - 150 - 153 - 155 - 156 - 157 - 160 - 161 - 163 - 164 - 165 - 167 - 168 - 169 - 171 - 172 - 173 - 174 - 175 - 181 - 182 - 183 - 184 - 185 - 190 - 191 - 193 - 194 - 195 - 196 - 197 - 199 - 201 - 202 - 204 - 205 - 207 - 208 - 211 - 215 - 216 - 219 - 220 - 221 - 222 - 223 - 225 - 226 - 230 - 231 - 235 - 239 - 241 - 242 - 243 - 244 - 245 - 246 - 249 - 250 - 251 - 253 - 255 - 256 - 260 - 262 - 263 - 267 - 268 - 269 - 270 - 273 - 277 - 278 - 279 - 280 - 281 - 282 - 284 - 285 - 286 - 288 - 289 - 290 - 291 - 293 - 294 - 295 - 296 - 298 - 299 - 300 - 302 - 303 - 304 - 305 - 309 - 312 - 313 - 314 - 315 - 316 - 317 - 318 - 320 - 321 - 322 - 325 - 327 - 331 - 333 - 334 - 335 - 337 - 338 - 339 - 340 - 342 - 343 - 344 - 345 - 346 - 350 - 351 - 352 - 353 - 358 - 359 - 360 - 362 - 366 - 368 - 371 - 373 - 374 - 377 - 378 - 380 - 381 - 382 - 383 - 385 - 386 - 387 - 388 - 390 - 392 - 393 - 394 - 396 - 397 - 399 - 400 - 401 - 402 - 403 - 410 - 413 - 414 - 415 - 417 - 421 - 422 - 423 - 424 - 425 - 426 - 428 - 429 - 432 - 433 - 434 - 435 - 437 - 438 - 440 - 443 - 447 - 448 - 449 - 451 - 452 - 453 - 454 - 455 - 457 - 458 - 460 - 461 - 462 - 463 - 464 - 465 - 469 - 470 - 471 - 474 - 476 - 477 - 479 - 480 - 481 - 482 - 483 - 485 - 488 - 489 - 490 - 491 - 492 - 493 - 494 - 495 - 496 - 497,572679.6,3.9,93347,91720,186.96,Cost: 93347 & Capacity: 91720
1 - 2 - 14 - 15 - 17 - 26 - 28 - 29 - 31 - 32 - 33 - 40 - 41 - 42 - 46 - 47 - 49 - 59 - 61 - 63 - 70 - 71 - 73 - 75 - 77 - 79 - 85 - 88 - 89 - 90 - 96 - 101 - 103 - 105 - 106 - 108 - 110 - 112 - 114 - 116 - 118 - 119 - 120 - 125 - 131 - 133 - 137 - 138 - 139 - 140 - 141 - 146 - 149 - 155 - 156 - 162 - 164 - 167 - 171 - 173 - 175 - 176 - 177 - 180 - 183 - 191 - 194 - 204 - 208 - 209 - 211 - 215 - 219 - 226 - 227 - 231 - 232 - 233 - 234 - 238 - 242 - 244 - 249 - 250 - 266 - 267 - 269 - 271 - 278 - 282 - 289 - 293 - 294 - 295 - 298 - 300 - 303 - 314 - 315 - 316 - 321 - 322 - 327 - 328 - 332 - 333 - 334 - 336 - 337 - 345 - 353 - 356 - 362 - 365 - 366 - 374 - 376 - 377 - 380 - 385 - 386 - 392 - 393 - 394 - 395 - 396 - 397 - 399 - 402 - 405 - 408 - 410 - 411 - 414 - 420 - 424 - 427 - 428 - 429 - 430 - 432 - 437 - 438 - 440 - 444 - 451 - 454 - 456 - 458 - 461 - 463 - 465 - 466 - 470 - 471 - 473 - 474 - 477 - 478 - 481 - 488 - 489 - 493 - 499,190286.4,7.6,93341,73917,187.01,Cost: 93341 & Capacity: 73917
3 - 4 - 7 - 8 - 10 - 11 - 12 - 13 - 14 - 17 - 19 - 21 - 23 - 24 - 25 - 26 - 28 - 29 - 31 - 40 - 42 - 43 - 48 - 49 - 51 - 52 - 53 - 55 - 57 - 59 - 61 - 62 - 64 - 65 - 66 - 67 - 68 - 72 - 75 - 77 - 78 - 79 - 80 - 81 - 82 - 84 - 85 - 86 - 87 - 88 - 93 - 94 - 98 - 99 - 100 - 101 - 102 - 104 - 105 - 107 - 113 - 114 - 115 - 116 - 117 - 118 - 123 - 124 - 125 - 126 - 127 - 128 - 131 - 132 - 133 - 134 - 135 - 137 - 139 - 141 - 143 - 148 - 149 - 150 - 153 - 155 - 156 - 157 - 160 - 161 - 163 - 164 - 165 - 167 - 168 - 169 - 171 - 172 - 173 - 174 - 175 - 181 - 182 - 183 - 184 - 185 - 190 - 191 - 193 - 194 - 195 - 196 - 197 - 199 - 201 - 202 - 204 - 205 - 207 - 208 - 211 - 215 - 216 - 219 - 220 - 221 - 222 - 223 - 225 - 226 - 230 - 231 - 235 - 239 - 241 - 242 - 243 - 244 - 245 - 246 - 249 - 250 - 251 - 253 - 255 - 256 - 260 - 262 - 263 - 267 - 268 - 269 - 270 - 273 - 277 - 278 - 279 - 280 - 281 - 282 - 284 - 285 - 286 - 288 - 289 - 290 - 291 - 293 - 294 - 295 - 296 - 298 - 299 - 300 - 302 - 303 - 304 - 305 - 309 - 312 - 313 - 314 - 315 - 316 - 317 - 318 - 320 - 321 - 322 - 325 - 327 - 331 - 333 - 334 - 335 - 337 - 338 - 339 - 340 - 342 - 343 - 344 - 345 - 346 - 350 - 351 - 352 - 353 - 358 - 359 - 360 - 362 - 366 - 368 - 371 - 373 - 374 - 377 - 378 - 380 - 381 - 382 - 383 - 385 - 386 - 387 - 388 - 390 - 392 - 393 - 394 - 396 - 397 - 399 - 400 - 401 - 402 - 403 - 410 - 413 - 414 - 415 - 417 - 421 - 422 - 423 - 424 - 425 - 426 - 428 - 429 - 432 - 433 - 434 - 435 - 437 - 438 - 440 - 443 - 447 - 448 - 449 - 451 - 452 - 453 - 454 - 455 - 457 - 458 - 460 - 461 - 462 - 463 - 464 - 465 - 469 - 470 - 471 - 474 - 476 - 477 - 479 - 480 - 481 - 482 - 483 - 485 - 488 - 489 - 490 - 491 - 492 - 493 - 494 - 495 - 496 - 497,572679.6,3.9,93347,91720,190.59,Cost: 93347 & Capacity: 91720
6 - 7 - 10 - 11 - 12 - 13 - 20 - 21 - 24 - 25 - 26 - 28 - 31 - 33 - 39 - 40 - 43 - 48 - 50 - 55 - 57 - 59 - 61 - 62 - 64 - 65 - 66 - 67 - 68 - 72 - 75 - 77 - 78 - 80 - 81 - 85 - 86 - 87 - 90 - 93 - 94 - 98 - 99 - 100 - 102 - 104 - 105 - 112 - 113 - 114 - 115 - 116 - 117 - 118 - 123 - 125 - 131 - 132 - 133 - 137 - 138 - 139 - 140 - 141 - 143 - 144 - 146 - 150 - 153 - 155 - 156 - 161 - 162 - 164 - 165 - 167 - 168 - 169 - 172 - 173 - 174 - 176 - 180 - 181 - 182 - 183 - 184 - 185 - 186 - 189 - 190 - 191 - 193 - 194 - 195 - 196 - 197 - 198 - 199 - 202 - 204 - 205 - 207 - 208 - 215 - 216 - 219 - 220 - 222 - 227 - 231 - 232 - 234 - 235 - 236 - 238 - 239 - 242 - 243 - 244 - 247 - 249 - 250 - 255 - 260 - 261 - 262 - 263 - 264 - 267 - 268 - 269 - 270 - 276 - 278 - 282 - 286 - 289 - 295 - 298 - 300 - 302 - 303 - 304 - 305 - 308 - 312 - 314 - 315 - 316 - 317 - 318 - 321 - 322 - 325 - 327 - 328 - 331 - 333 - 334 - 335 - 337 - 338 - 340 - 342 - 343 - 344 - 345 - 346 - 350 - 351 - 352 - 353 - 358 - 359 - 360 - 362 - 364 - 366 - 371 - 372 - 373 - 374 - 377 - 378 - 380 - 381 - 385 - 386 - 387 - 390 - 392 - 393 - 394 - 396 - 397 - 399 - 400 - 401 - 402 - 403 - 408 - 410 - 411 - 413 - 415 - 416 - 417 - 421 - 424 - 427 - 428 - 429 - 432 - 433 - 434 - 435 - 437 - 438 - 440 - 445 - 449 - 452 - 453 - 455 - 456 - 458 - 461 - 464 - 465 - 466 - 469 - 471 - 474 - 477 - 478 - 479 - 481 - 482 - 488 - 489 - 490 - 491 - 493 - 494 - 496,407414.6,6.2,93353,83113,191.0,Cost: 93353 & Capacity: 83113
4 - 6 - 10 - 12 - 13 - 17 - 21 - 24 - 25 - 26 - 28 - 31 - 33 - 39 - 40 - 43 - 48 - 50 - 55 - 57 - 59 - 61 - 62 - 63 - 64 - 65 - 66 - 67 - 68 - 69 - 72 - 75 - 77 - 78 - 80 - 84 - 85 - 93 - 98 - 100 - 102 - 103 - 104 - 108 - 110 - 111 - 112 - 113 - 114 - 116 - 123 - 125 - 131 - 132 - 137 - 138 - 139 - 141 - 143 - 146 - 150 - 151 - 153 - 155 - 156 - 158 - 162 - 164 - 167 - 169 - 172 - 173 - 174 - 176 - 177 - 180 - 182 - 184 - 185 - 186 - 190 - 191 - 193 - 194 - 196 - 197 - 198 - 202 - 204 - 205 - 207 - 208 - 215 - 216 - 219 - 220 - 222 - 227 - 231 - 232 - 234 - 235 - 237 - 238 - 239 - 242 - 244 - 247 - 249 - 254 - 255 - 256 - 261 - 263 - 267 - 268 - 269 - 270 - 276 - 278 - 282 - 289 - 298 - 299 - 300 - 304 - 305 - 308 - 312 - 316 - 317 - 318 - 321 - 322 - 325 - 327 - 328 - 331 - 332 - 333 - 334 - 337 - 338 - 340 - 342 - 343 - 344 - 345 - 350 - 353 - 358 - 362 - 364 - 365 - 366 - 372 - 373 - 374 - 378 - 381 - 385 - 386 - 390 - 392 - 393 - 396 - 397 - 399 - 402 - 403 - 408 - 409 - 410 - 411 - 414 - 415 - 416 - 417 - 424 - 427 - 428 - 429 - 430 - 432 - 433 - 434 - 437 - 438 - 440 - 445 - 448 - 449 - 451 - 452 - 453 - 456 - 457 - 458 - 461 - 464 - 465 - 466 - 467 - 469 - 471 - 473 - 475 - 477 - 478 - 479 - 481 - 482 - 488 - 489 - 490 - 496,317620.0,6.8,93333,82174,191.13,Cost: 93333 & Capacity: 82174
3 - 4 - 7 - 8 - 10 - 11 - 12 - 13 - 14 - 17 - 19 - 21 - 23 - 24 - 25 - 26 - 28 - 29 - 31 - 40 - 42 - 43 - 48 - 49 - 51 - 52 - 53 - 55 - 57 - 59 - 61 - 62 - 64 - 65 - 66 - 67 - 68 - 72 - 75 - 77 - 78 - 79 - 80 - 81 - 82 - 84 - 85 - 86 - 87 - 88 - 93 - 94 - 98 - 99 - 100 - 101 - 102 - 104 - 105 - 113 - 114 - 115 - 116 - 117 - 118 - 123 - 124 - 125 - 126 - 127 - 128 - 131 - 132 - 133 - 134 - 135 - 137 - 139 - 141 - 143 - 148 - 149 - 150 - 153 - 155 - 156 - 157 - 160 - 161 - 163 - 164 - 165 - 167 - 168 - 169 - 171 - 172 - 173 - 174 - 175 - 180 - 181 - 182 - 183 - 184 - 185 - 190 - 191 - 193 - 194 - 195 - 196 - 197 - 199 - 201 - 202 - 204 - 205 - 207 - 208 - 211 - 215 - 216 - 219 - 220 - 221 - 222 - 223 - 225 - 226 - 230 - 231 - 235 - 239 - 241 - 242 - 243 - 244 - 245 - 246 - 249 - 250 - 251 - 253 - 255 - 256 - 258 - 260 - 262 - 263 - 267 - 268 - 269 - 270 - 273 - 277 - 278 - 279 - 280 - 281 - 282 - 284 - 285 - 286 - 288 - 289 - 290 - 291 - 293 - 294 - 295 - 296 - 298 - 299 - 300 - 302 - 303 - 304 - 305 - 309 - 312 - 313 - 314 - 315 - 316 - 317 - 318 - 320 - 321 - 322 - 325 - 327 - 331 - 333 - 334 - 335 - 337 - 338 - 340 - 342 - 343 - 344 - 345 - 346 - 350 - 351 - 352 - 353 - 358 - 359 - 360 - 362 - 366 - 368 - 371 - 373 - 374 - 377 - 378 - 380 - 381 - 383 - 385 - 386 - 387 - 388 - 390 - 392 - 393 - 394 - 396 - 397 - 399 - 400 - 401 - 402 - 403 - 410 - 413 - 414 - 415 - 417 - 421 - 422 - 423 - 424 - 425 - 426 - 428 - 429 - 432 - 433 - 434 - 435 - 437 - 438 - 440 - 441 - 443 - 447 - 448 - 449 - 451 - 452 - 453 - 454 - 455 - 457 - 458 - 460 - 461 - 462 - 463 - 464 - 465 - 469 - 470 - 471 - 474 - 476 - 477 - 479 - 480 - 481 - 482 - 483 - 485 - 488 - 489 - 490 - 491 - 492 - 493 - 494 - 495 - 496 - 497,573679.4,2.7,93354,91654,193.1,Cost: 93354 & Capacity: 91654
3 - 4 - 7 - 8 - 10 - 11 - 12 - 13 - 14 - 17 - 19 - 21 - 23 - 24 - 25 - 26 - 28 - 29 - 31 - 40 - 42 - 43 - 48 - 49 - 51 - 52 - 53 - 55 - 57 - 59 - 61 - 62 - 64 - 65 - 66 - 67 - 68 - 72 - 75 - 77 - 78 - 79 - 80 - 81 - 82 - 84 - 85 - 86 - 87 - 88 - 93 - 94 - 98 - 99 - 100 - 101 - 102 - 104 - 105 - 107 - 113 - 114 - 115 - 116 - 117 - 118 - 123 - 124 - 125 - 126 - 127 - 128 - 131 - 132 - 133 - 134 - 135 - 137 - 139 - 141 - 143 - 148 - 149 - 150 - 153 - 155 - 156 - 157 - 160 - 161 - 163 - 164 - 165 - 167 - 168 - 169 - 171 - 172 - 173 - 174 - 175 - 181 - 182 - 183 - 184 - 185 - 190 - 191 - 193 - 194 - 195 - 196 - 197 - 199 - 201 - 202 - 204 - 205 - 207 - 208 - 211 - 215 - 216 - 219 - 220 - 221 - 222 - 223 - 225 - 226 - 230 - 231 - 235 - 239 - 241 - 242 - 243 - 244 - 245 - 246 - 249 - 250 - 251 - 253 - 255 - 256 - 260 - 262 - 263 - 267 - 268 - 269 - 270 - 273 - 277 - 278 - 279 - 280 - 281 - 282 - 284 - 285 - 286 - 288 - 289 - 290 - 291 - 293 - 294 - 295 - 296 - 298 - 299 - 300 - 302 - 303 - 304 - 305 - 309 - 312 - 313 - 314 - 315 - 316 - 317 - 318 - 320 - 321 - 322 - 325 - 327 - 331 - 333 - 334 - 335 - 337 - 338 - 339 - 340 - 342 - 343 - 344 - 345 - 346 - 350 - 351 - 352 - 353 - 358 - 359 - 360 - 362 - 366 - 368 - 371 - 373 - 374 - 377 - 378 - 380 - 381 - 382 - 383 - 385 - 386 - 387 - 388 - 390 - 392 - 393 - 394 - 396 - 397 - 399 - 400 - 401 - 402 - 403 - 410 - 413 - 414 - 415 - 417 - 421 - 422 - 423 - 424 - 425 - 426 - 428 - 429 - 432 - 433 - 434 - 435 - 437 - 438 - 440 - 443 - 447 - 448 - 449 - 451 - 452 - 453 - 454 - 455 - 457 - 458 - 460 - 461 - 462 - 463 - 464 - 465 - 469 - 470 - 471 - 474 - 476 - 477 - 479 - 480 - 481 - 482 - 483 - 485 - 488 - 489 - 490 - 491 - 492 - 493 - 494 - 495 - 496 - 497,572679.6,3.9,93347,91720,194.97,Cost: 93347 & Capacity: 91720
3 - 4 - 7 - 10 - 11 - 12 - 14 - 17 - 19 - 20 - 21 - 24 - 25 - 26 - 28 - 29 - 31 - 39 - 40 - 42 - 43 - 49 - 52 - 53 - 55 - 57 - 59 - 61 - 62 - 64 - 65 - 66 - 67 - 68 - 72 - 75 - 77 - 78 - 80 - 84 - 85 - 86 - 87 - 88 - 89 - 90 - 93 - 94 - 98 - 99 - 100 - 101 - 104 - 105 - 108 - 112 - 113 - 114 - 115 - 116 - 117 - 123 - 124 - 125 - 127 - 131 - 132 - 133 - 134 - 135 - 137 - 139 - 141 - 143 - 149 - 150 - 153 - 155 - 156 - 157 - 161 - 162 - 164 - 165 - 167 - 168 - 169 - 172 - 173 - 174 - 177 - 180 - 181 - 182 - 183 - 184 - 185 - 190 - 191 - 193 - 194 - 195 - 196 - 197 - 199 - 202 - 204 - 205 - 207 - 208 - 211 - 215 - 216 - 219 - 220 - 222 - 223 - 226 - 229 - 230 - 231 - 235 - 238 - 239 - 241 - 242 - 243 - 244 - 247 - 249 - 250 - 253 - 255 - 256 - 260 - 261 - 262 - 263 - 266 - 267 - 268 - 269 - 270 - 273 - 277 - 278 - 279 - 282 - 284 - 286 - 288 - 289 - 290 - 291 - 293 - 295 - 296 - 298 - 299 - 300 - 302 - 303 - 304 - 305 - 308 - 312 - 314 - 315 - 316 - 317 - 318 - 321 - 322 - 325 - 327 - 328 - 331 - 333 - 334 - 335 - 337 - 338 - 340 - 342 - 343 - 344 - 345 - 346 - 350 - 351 - 352 - 353 - 358 - 359 - 360 - 362 - 365 - 366 - 368 - 371 - 373 - 374 - 376 - 377 - 378 - 380 - 381 - 383 - 385 - 386 - 387 - 389 - 390 - 392 - 393 - 394 - 396 - 397 - 399 - 400 - 401 - 402 - 403 - 405 - 410 - 411 - 413 - 414 - 417 - 421 - 423 - 424 - 425 - 426 - 428 - 429 - 432 - 433 - 434 - 435 - 437 - 438 - 440 - 443 - 445 - 449 - 451 - 452 - 453 - 454 - 456 - 458 - 461 - 463 - 464 - 465 - 469 - 470 - 471 - 474 - 476 - 477 - 479 - 481 - 482 - 488 - 489 - 490 - 491 - 493 - 496 - 497,489075.0,5.8,93334,88978,196.85,Cost: 93334 & Capacity: 88978
4 - 6 - 7 - 10 - 12 - 13 - 24 - 25 - 26 - 28 - 31 - 33 - 35 - 39 - 40 - 41 - 42 - 43 - 48 - 50 - 55 - 57 - 59 - 61 - 62 - 64 - 65 - 66 - 68 - 72 - 75 - 77 - 78 - 80 - 82 - 84 - 85 - 88 - 90 - 93 - 98 - 99 - 100 - 102 - 103 - 104 - 105 - 108 - 112 - 113 - 114 - 116 - 117 - 123 - 125 - 131 - 132 - 133 - 137 - 139 - 141 - 143 - 144 - 146 - 150 - 153 - 155 - 156 - 161 - 162 - 164 - 167 - 168 - 169 - 172 - 173 - 174 - 176 - 177 - 180 - 181 - 182 - 184 - 185 - 186 - 190 - 191 - 193 - 194 - 196 - 197 - 201 - 204 - 205 - 206 - 207 - 208 - 212 - 215 - 216 - 219 - 220 - 222 - 227 - 231 - 232 - 234 - 235 - 236 - 237 - 238 - 239 - 242 - 243 - 244 - 247 - 249 - 250 - 254 - 255 - 260 - 261 - 262 - 263 - 264 - 267 - 268 - 269 - 270 - 276 - 278 - 282 - 289 - 290 - 295 - 298 - 299 - 300 - 304 - 305 - 308 - 312 - 314 - 316 - 317 - 318 - 321 - 322 - 325 - 327 - 328 - 331 - 333 - 334 - 335 - 337 - 338 - 342 - 343 - 344 - 345 - 350 - 351 - 352 - 353 - 358 - 359 - 360 - 362 - 364 - 366 - 372 - 373 - 374 - 378 - 385 - 386 - 390 - 392 - 393 - 394 - 396 - 397 - 399 - 401 - 402 - 403 - 410 - 411 - 413 - 415 - 416 - 417 - 421 - 423 - 424 - 427 - 428 - 429 - 430 - 432 - 433 - 434 - 437 - 438 - 445 - 449 - 451 - 452 - 453 - 455 - 456 - 458 - 460 - 461 - 464 - 465 - 466 - 467 - 469 - 471 - 473 - 475 - 477 - 478 - 481 - 482 - 487 - 488 - 489 - 496 - 497,365117.7,6.6,93340,83616,200.29,Cost: 93340 & Capacity: 83616
