Nodes,MaxSum,MaxMin,Cost,Capacity,Time,Constraint values
3 - 4 - 7 - 8 - 10 - 11 - 12 - 13 - 14 - 17 - 19 - 21 - 23 - 24 - 25 - 26 - 28 - 29 - 31 - 40 - 42 - 43 - 48 - 49 - 51 - 52 - 53 - 55 - 57 - 59 - 61 - 62 - 64 - 65 - 66 - 67 - 68 - 72 - 75 - 77 - 78 - 79 - 80 - 81 - 82 - 84 - 85 - 86 - 87 - 88 - 93 - 94 - 98 - 99 - 100 - 101 - 102 - 104 - 105 - 107 - 113 - 114 - 115 - 116 - 117 - 118 - 123 - 124 - 125 - 126 - 127 - 128 - 131 - 132 - 133 - 134 - 135 - 137 - 139 - 141 - 143 - 147 - 148 - 149 - 150 - 153 - 155 - 156 - 157 - 160 - 161 - 163 - 164 - 165 - 167 - 168 - 169 - 171 - 172 - 173 - 174 - 175 - 181 - 182 - 183 - 184 - 185 - 190 - 191 - 193 - 194 - 195 - 196 - 197 - 199 - 201 - 202 - 204 - 205 - 207 - 208 - 211 - 215 - 216 - 219 - 220 - 221 - 222 - 223 - 225 - 226 - 230 - 231 - 235 - 239 - 241 - 242 - 243 - 244 - 245 - 246 - 249 - 250 - 251 - 253 - 255 - 258 - 260 - 262 - 263 - 267 - 268 - 269 - 270 - 273 - 278 - 279 - 280 - 281 - 282 - 284 - 285 - 286 - 288 - 289 - 290 - 291 - 293 - 294 - 295 - 296 - 298 - 299 - 300 - 302 - 303 - 304 - 305 - 309 - 312 - 313 - 314 - 315 - 316 - 317 - 318 - 321 - 322 - 325 - 327 - 331 - 333 - 334 - 335 - 337 - 338 - 339 - 340 - 342 - 343 - 344 - 345 - 346 - 350 - 351 - 352 - 353 - 354 - 358 - 359 - 360 - 362 - 366 - 368 - 371 - 373 - 374 - 377 - 378 - 380 - 381 - 382 - 383 - 385 - 386 - 387 - 388 - 390 - 392 - 393 - 394 - 396 - 397 - 399 - 400 - 401 - 402 - 403 - 410 - 413 - 414 - 415 - 417 - 421 - 422 - 423 - 424 - 425 - 426 - 428 - 429 - 432 - 433 - 434 - 435 - 437 - 438 - 440 - 441 - 444 - 447 - 448 - 449 - 451 - 452 - 453 - 454 - 455 - 457 - 458 - 460 - 461 - 462 - 463 - 464 - 465 - 469 - 470 - 471 - 474 - 476 - 477 - 479 - 480 - 481 - 482 - 483 - 485 - 488 - 489 - 490 - 491 - 492 - 493 - 494 - 495 - 497,574128.9,2.7,93288,91222,3.97,Cost: 93288 & Capacity: 91222
3 - 4 - 7 - 8 - 10 - 11 - 12 - 13 - 14 - 17 - 19 - 21 - 23 - 24 - 25 - 26 - 28 - 29 - 31 - 40 - 42 - 43 - 48 - 49 - 51 - 52 - 53 - 55 - 57 - 59 - 61 - 62 - 64 - 65 - 66 - 67 - 68 - 72 - 75 - 77 - 78 - 79 - 80 - 81 - 82 - 84 - 85 - 86 - 87 - 88 - 93 - 94 - 98 - 99 - 100 - 101 - 102 - 104 - 105 - 107 - 113 - 114 - 115 - 116 - 117 - 118 - 123 - 124 - 125 - 126 - 127 - 128 - 131 - 132 - 133 - 134 - 135 - 137 - 139 - 141 - 143 - 148 - 149 - 150 - 153 - 155 - 156 - 157 - 160 - 161 - 163 - 164 - 165 - 167 - 168 - 169 - 171 - 172 - 173 - 174 - 175 - 181 - 182 - 183 - 184 - 185 - 190 - 191 - 193 - 194 - 195 - 196 - 197 - 199 - 201 - 202 - 204 - 205 - 207 - 208 - 211 - 215 - 216 - 219 - 220 - 221 - 222 - 223 - 225 - 226 - 230 - 231 - 235 - 239 - 241 - 242 - 243 - 244 - 245 - 246 - 249 - 250 - 251 - 253 - 255 - 256 - 260 - 262 - 263 - 267 - 268 - 269 - 270 - 273 - 277 - 278 - 279 - 280 - 281 - 282 - 284 - 285 - 286 - 288 - 289 - 290 - 291 - 293 - 294 - 295 - 296 - 298 - 299 - 300 - 302 - 303 - 304 - 305 - 309 - 312 - 313 - 314 - 315 - 316 - 317 - 318 - 320 - 321 - 322 - 325 - 327 - 331 - 333 - 334 - 335 - 337 - 338 - 339 - 340 - 342 - 343 - 344 - 345 - 346 - 350 - 351 - 352 - 353 - 358 - 359 - 360 - 362 - 366 - 368 - 371 - 373 - 374 - 377 - 378 - 380 - 381 - 382 - 383 - 385 - 386 - 387 - 388 - 390 - 392 - 393 - 394 - 396 - 397 - 399 - 400 - 401 - 402 - 403 - 410 - 413 - 414 - 415 - 417 - 421 - 422 - 423 - 424 - 425 - 426 - 428 - 429 - 432 - 433 - 434 - 435 - 437 - 438 - 440 - 443 - 447 - 448 - 449 - 451 - 452 - 453 - 454 - 455 - 457 - 458 - 460 - 461 - 462 - 463 - 464 - 465 - 469 - 470 - 471 - 474 - 476 - 477 - 479 - 480 - 481 - 482 - 483 - 485 - 488 - 489 - 490 - 491 - 492 - 493 - 494 - 495 - 496 - 497,572679.6,3.9,93347,91720,4.27,Cost: 93347 & Capacity: 91720
3 - 6 - 16 - 17 - 26 - 28 - 31 - 40 - 42 - 55 - 59 - 61 - 62 - 63 - 64 - 66 - 79 - 83 - 84 - 89 - 90 - 93 - 98 - 100 - 101 - 104 - 108 - 110 - 111 - 112 - 113 - 116 - 117 - 125 - 128 - 131 - 133 - 137 - 138 - 139 - 140 - 141 - 146 - 150 - 151 - 152 - 153 - 155 - 156 - 162 - 164 - 167 - 173 - 176 - 177 - 180 - 191 - 193 - 194 - 207 - 208 - 211 - 215 - 216 - 219 - 220 - 221 - 226 - 227 - 229 - 231 - 232 - 234 - 235 - 237 - 238 - 239 - 244 - 249 - 252 - 255 - 260 - 263 - 264 - 267 - 268 - 271 - 273 - 276 - 278 - 279 - 280 - 282 - 283 - 286 - 289 - 294 - 295 - 300 - 304 - 308 - 310 - 312 - 314 - 316 - 317 - 319 - 321 - 325 - 327 - 328 - 331 - 332 - 333 - 337 - 338 - 340 - 342 - 343 - 345 - 351 - 353 - 359 - 362 - 364 - 366 - 368 - 374 - 377 - 378 - 380 - 385 - 386 - 391 - 393 - 396 - 397 - 399 - 402 - 403 - 408 - 409 - 411 - 416 - 417 - 420 - 421 - 423 - 424 - 427 - 429 - 431 - 434 - 437 - 438 - 444 - 445 - 449 - 452 - 456 - 458 - 459 - 461 - 463 - 464 - 465 - 466 - 469 - 470 - 471 - 473 - 475 - 477 - 478 - 481 - 486 - 488 - 493 - 499,222782.2,7.4,93300,75080,10.23,Cost: 93300 & Capacity: 75080
3 - 4 - 7 - 8 - 10 - 11 - 12 - 13 - 14 - 17 - 19 - 21 - 23 - 24 - 25 - 26 - 28 - 29 - 31 - 40 - 42 - 43 - 48 - 49 - 51 - 52 - 53 - 55 - 57 - 59 - 61 - 62 - 64 - 65 - 66 - 67 - 68 - 72 - 75 - 77 - 78 - 79 - 80 - 81 - 82 - 84 - 85 - 86 - 87 - 88 - 93 - 94 - 98 - 99 - 100 - 101 - 102 - 104 - 105 - 107 - 113 - 114 - 115 - 116 - 117 - 118 - 123 - 124 - 125 - 126 - 127 - 128 - 131 - 132 - 133 - 134 - 135 - 137 - 139 - 141 - 143 - 148 - 149 - 150 - 153 - 155 - 156 - 157 - 160 - 161 - 163 - 164 - 165 - 167 - 168 - 169 - 171 - 172 - 173 - 174 - 175 - 181 - 182 - 183 - 184 - 185 - 190 - 191 - 193 - 194 - 195 - 196 - 197 - 199 - 201 - 202 - 204 - 205 - 207 - 208 - 211 - 215 - 216 - 219 - 220 - 221 - 222 - 223 - 225 - 226 - 230 - 231 - 235 - 239 - 241 - 242 - 243 - 244 - 245 - 246 - 249 - 250 - 251 - 253 - 255 - 256 - 260 - 262 - 263 - 267 - 268 - 269 - 270 - 273 - 277 - 278 - 279 - 280 - 281 - 282 - 284 - 285 - 286 - 288 - 289 - 290 - 291 - 293 - 294 - 295 - 296 - 298 - 299 - 300 - 302 - 303 - 304 - 305 - 309 - 312 - 313 - 314 - 315 - 316 - 317 - 318 - 320 - 321 - 322 - 325 - 327 - 331 - 333 - 334 - 335 - 337 - 338 - 339 - 340 - 342 - 343 - 344 - 345 - 346 - 350 - 351 - 352 - 353 - 358 - 359 - 360 - 362 - 366 - 368 - 371 - 373 - 374 - 377 - 378 - 380 - 381 - 382 - 383 - 385 - 386 - 387 - 388 - 390 - 392 - 393 - 394 - 396 - 397 - 399 - 400 - 401 - 402 - 403 - 410 - 413 - 414 - 415 - 417 - 421 - 422 - 423 - 424 - 425 - 426 - 428 - 429 - 432 - 433 - 434 - 435 - 437 - 438 - 440 - 443 - 447 - 448 - 449 - 451 - 452 - 453 - 454 - 455 - 457 - 458 - 460 - 461 - 462 - 463 - 464 - 465 - 469 - 470 - 471 - 474 - 476 - 477 - 479 - 480 - 481 - 482 - 483 - 485 - 488 - 489 - 490 - 491 - 492 - 493 - 494 - 495 - 496 - 497,572679.6,3.9,93347,91720,13.02,Cost: 93347 & Capacity: 91720
4 - 6 - 8 - 10 - 12 - 13 - 17 - 21 - 24 - 25 - 26 - 28 - 31 - 33 - 39 - 40 - 43 - 50 - 55 - 57 - 59 - 61 - 62 - 63 - 64 - 65 - 66 - 68 - 69 - 72 - 77 - 78 - 80 - 85 - 90 - 93 - 98 - 99 - 100 - 101 - 102 - 103 - 104 - 106 - 108 - 110 - 111 - 112 - 113 - 116 - 117 - 123 - 125 - 128 - 131 - 137 - 138 - 139 - 143 - 146 - 150 - 151 - 153 - 155 - 156 - 158 - 162 - 164 - 167 - 168 - 169 - 172 - 173 - 174 - 177 - 180 - 182 - 184 - 185 - 190 - 191 - 193 - 194 - 196 - 197 - 198 - 204 - 207 - 208 - 214 - 215 - 216 - 219 - 220 - 222 - 225 - 227 - 231 - 232 - 234 - 235 - 236 - 237 - 238 - 242 - 244 - 247 - 249 - 254 - 255 - 260 - 261 - 262 - 263 - 268 - 269 - 270 - 273 - 276 - 278 - 282 - 295 - 298 - 299 - 300 - 304 - 305 - 308 - 312 - 316 - 317 - 321 - 322 - 327 - 328 - 331 - 332 - 333 - 334 - 337 - 338 - 340 - 342 - 344 - 345 - 350 - 351 - 353 - 355 - 358 - 359 - 362 - 364 - 365 - 366 - 372 - 373 - 374 - 378 - 381 - 385 - 386 - 390 - 392 - 393 - 396 - 397 - 399 - 402 - 403 - 408 - 409 - 410 - 411 - 414 - 415 - 416 - 417 - 424 - 427 - 429 - 432 - 433 - 434 - 437 - 438 - 440 - 445 - 448 - 449 - 451 - 452 - 453 - 456 - 458 - 460 - 461 - 464 - 465 - 466 - 467 - 469 - 473 - 475 - 477 - 478 - 479 - 481 - 488 - 490 - 491 - 494,305303.2,6.9,93314,80787,13.57,Cost: 93314 & Capacity: 80787
0 - 6 - 14 - 20 - 26 - 31 - 32 - 33 - 35 - 39 - 40 - 41 - 43 - 54 - 61 - 62 - 64 - 65 - 72 - 73 - 77 - 79 - 82 - 85 - 89 - 101 - 104 - 106 - 110 - 112 - 120 - 126 - 129 - 137 - 138 - 140 - 141 - 143 - 144 - 164 - 167 - 170 - 172 - 173 - 180 - 182 - 183 - 191 - 204 - 206 - 217 - 226 - 233 - 238 - 242 - 244 - 249 - 260 - 267 - 271 - 276 - 288 - 294 - 295 - 298 - 300 - 307 - 311 - 316 - 322 - 327 - 334 - 340 - 345 - 353 - 362 - 372 - 374 - 377 - 378 - 385 - 386 - 388 - 393 - 396 - 399 - 402 - 405 - 409 - 420 - 424 - 427 - 428 - 432 - 440 - 451 - 452 - 453 - 454 - 456 - 461 - 463 - 465 - 466 - 471 - 473 - 478 - 489 - 493,85058.5,8.5,61407,49018,14.91,Cost: 61407 & Capacity: 49018
3 - 4 - 7 - 8 - 10 - 11 - 12 - 13 - 14 - 17 - 19 - 21 - 23 - 24 - 25 - 26 - 28 - 29 - 31 - 40 - 42 - 43 - 48 - 49 - 51 - 52 - 53 - 55 - 57 - 59 - 61 - 62 - 64 - 65 - 66 - 67 - 68 - 72 - 75 - 77 - 78 - 79 - 80 - 81 - 82 - 84 - 85 - 86 - 87 - 88 - 93 - 94 - 98 - 99 - 100 - 101 - 102 - 104 - 105 - 107 - 113 - 114 - 115 - 116 - 117 - 118 - 123 - 124 - 125 - 126 - 127 - 128 - 131 - 132 - 133 - 134 - 135 - 137 - 139 - 141 - 143 - 148 - 149 - 150 - 153 - 155 - 156 - 157 - 160 - 161 - 163 - 164 - 165 - 167 - 168 - 169 - 171 - 172 - 173 - 174 - 175 - 181 - 182 - 183 - 184 - 185 - 190 - 191 - 193 - 194 - 195 - 196 - 197 - 199 - 201 - 202 - 204 - 205 - 207 - 208 - 211 - 215 - 216 - 219 - 220 - 221 - 222 - 223 - 225 - 226 - 230 - 231 - 235 - 239 - 241 - 242 - 243 - 244 - 245 - 246 - 249 - 250 - 251 - 253 - 255 - 256 - 260 - 262 - 263 - 267 - 268 - 269 - 270 - 273 - 277 - 278 - 279 - 280 - 281 - 282 - 284 - 285 - 286 - 288 - 289 - 290 - 291 - 293 - 294 - 295 - 296 - 298 - 299 - 300 - 302 - 303 - 304 - 305 - 309 - 312 - 313 - 314 - 315 - 316 - 317 - 318 - 320 - 321 - 322 - 325 - 327 - 331 - 333 - 334 - 335 - 337 - 338 - 339 - 340 - 342 - 343 - 344 - 345 - 346 - 350 - 351 - 352 - 353 - 358 - 359 - 360 - 362 - 366 - 368 - 371 - 373 - 374 - 377 - 378 - 380 - 381 - 382 - 383 - 385 - 386 - 387 - 388 - 390 - 392 - 393 - 394 - 396 - 397 - 399 - 400 - 401 - 402 - 403 - 410 - 413 - 414 - 415 - 417 - 421 - 422 - 423 - 424 - 425 - 426 - 428 - 429 - 432 - 433 - 434 - 435 - 437 - 438 - 440 - 443 - 447 - 448 - 449 - 451 - 452 - 453 - 454 - 455 - 457 - 458 - 460 - 461 - 462 - 463 - 464 - 465 - 469 - 470 - 471 - 474 - 476 - 477 - 479 - 480 - 481 - 482 - 483 - 485 - 488 - 489 - 490 - 491 - 492 - 493 - 494 - 495 - 496 - 497,572679.6,3.9,93347,91720,23.08,Cost: 93347 & Capacity: 91720
3 - 4 - 6 - 7 - 10 - 11 - 12 - 13 - 14 - 20 - 21 - 24 - 25 - 26 - 28 - 31 - 33 - 39 - 40 - 43 - 48 - 50 - 55 - 57 - 59 - 61 - 62 - 64 - 65 - 66 - 67 - 68 - 72 - 75 - 77 - 78 - 80 - 81 - 84 - 85 - 86 - 87 - 90 - 93 - 98 - 99 - 100 - 102 - 103 - 104 - 105 - 108 - 112 - 113 - 116 - 117 - 118 - 123 - 125 - 128 - 131 - 132 - 133 - 137 - 139 - 140 - 143 - 144 - 150 - 153 - 155 - 156 - 161 - 162 - 164 - 165 - 167 - 168 - 169 - 172 - 173 - 174 - 177 - 180 - 181 - 182 - 184 - 185 - 186 - 190 - 191 - 193 - 194 - 195 - 196 - 197 - 199 - 201 - 204 - 207 - 208 - 211 - 215 - 216 - 219 - 220 - 222 - 225 - 229 - 231 - 232 - 234 - 235 - 236 - 237 - 238 - 239 - 242 - 243 - 244 - 247 - 249 - 250 - 254 - 255 - 256 - 260 - 261 - 262 - 263 - 264 - 267 - 269 - 270 - 276 - 278 - 282 - 286 - 289 - 295 - 298 - 300 - 301 - 302 - 303 - 304 - 305 - 308 - 312 - 314 - 315 - 316 - 317 - 318 - 321 - 322 - 325 - 327 - 328 - 331 - 334 - 335 - 337 - 338 - 340 - 342 - 343 - 344 - 345 - 346 - 350 - 351 - 352 - 353 - 358 - 359 - 360 - 362 - 364 - 366 - 371 - 373 - 374 - 378 - 385 - 386 - 387 - 390 - 392 - 393 - 394 - 396 - 397 - 399 - 401 - 402 - 403 - 410 - 411 - 413 - 415 - 416 - 417 - 421 - 424 - 427 - 428 - 429 - 431 - 432 - 433 - 434 - 435 - 437 - 438 - 440 - 445 - 449 - 451 - 452 - 453 - 455 - 456 - 457 - 458 - 460 - 461 - 464 - 465 - 466 - 468 - 469 - 471 - 473 - 474 - 475 - 477 - 478 - 481 - 482 - 487 - 488 - 489 - 490 - 496,401637.6,6.4,93358,86603,29.57,Cost: 93358 & Capacity: 86603
6 - 11 - 26 - 28 - 31 - 33 - 40 - 42 - 55 - 59 - 66 - 79 - 84 - 88 - 89 - 90 - 93 - 101 - 103 - 108 - 110 - 111 - 112 - 118 - 129 - 131 - 133 - 137 - 138 - 139 - 141 - 146 - 147 - 148 - 150 - 152 - 158 - 159 - 162 - 164 - 167 - 173 - 174 - 176 - 177 - 179 - 180 - 182 - 191 - 193 - 194 - 203 - 204 - 206 - 211 - 216 - 219 - 220 - 224 - 226 - 227 - 231 - 234 - 237 - 238 - 240 - 242 - 244 - 252 - 260 - 263 - 264 - 267 - 268 - 271 - 273 - 278 - 282 - 283 - 289 - 293 - 294 - 295 - 298 - 300 - 305 - 308 - 316 - 317 - 319 - 327 - 332 - 333 - 334 - 340 - 342 - 343 - 345 - 353 - 356 - 358 - 362 - 364 - 374 - 378 - 385 - 386 - 391 - 393 - 394 - 396 - 397 - 399 - 402 - 404 - 407 - 408 - 411 - 417 - 420 - 421 - 424 - 427 - 432 - 434 - 438 - 440 - 449 - 456 - 458 - 461 - 463 - 465 - 466 - 470 - 471 - 475 - 477 - 478 - 481 - 486 - 488 - 489 - 493 - 498 - 499,149712.3,7.9,84456,67445,32.06,Cost: 84456 & Capacity: 67445
3 - 4 - 7 - 8 - 10 - 11 - 12 - 13 - 14 - 17 - 19 - 21 - 23 - 24 - 25 - 26 - 28 - 29 - 31 - 40 - 42 - 43 - 48 - 49 - 51 - 52 - 53 - 55 - 57 - 59 - 61 - 62 - 64 - 65 - 66 - 67 - 68 - 72 - 75 - 77 - 78 - 79 - 80 - 81 - 82 - 84 - 85 - 86 - 87 - 88 - 93 - 94 - 98 - 99 - 100 - 101 - 102 - 104 - 105 - 107 - 113 - 114 - 115 - 116 - 117 - 118 - 123 - 124 - 125 - 126 - 127 - 128 - 131 - 132 - 133 - 134 - 135 - 137 - 139 - 141 - 143 - 148 - 149 - 150 - 153 - 155 - 156 - 157 - 160 - 161 - 163 - 164 - 165 - 167 - 168 - 169 - 171 - 172 - 173 - 174 - 175 - 181 - 182 - 183 - 184 - 185 - 190 - 191 - 193 - 194 - 195 - 196 - 197 - 199 - 201 - 202 - 204 - 205 - 207 - 208 - 211 - 215 - 216 - 219 - 220 - 221 - 222 - 223 - 225 - 226 - 230 - 231 - 235 - 239 - 241 - 242 - 243 - 244 - 245 - 246 - 249 - 250 - 251 - 253 - 255 - 256 - 260 - 262 - 263 - 267 - 268 - 269 - 270 - 273 - 277 - 278 - 279 - 280 - 281 - 282 - 284 - 285 - 286 - 288 - 289 - 290 - 291 - 293 - 294 - 295 - 296 - 298 - 299 - 300 - 302 - 303 - 304 - 305 - 309 - 312 - 313 - 314 - 315 - 316 - 317 - 318 - 320 - 321 - 322 - 325 - 327 - 331 - 333 - 334 - 335 - 337 - 338 - 339 - 340 - 342 - 343 - 344 - 345 - 346 - 350 - 351 - 352 - 353 - 358 - 359 - 360 - 362 - 366 - 368 - 371 - 373 - 374 - 377 - 378 - 380 - 381 - 382 - 383 - 385 - 386 - 387 - 388 - 390 - 392 - 393 - 394 - 396 - 397 - 399 - 400 - 401 - 402 - 403 - 410 - 413 - 414 - 415 - 417 - 421 - 422 - 423 - 424 - 425 - 426 - 428 - 429 - 432 - 433 - 434 - 435 - 437 - 438 - 440 - 443 - 447 - 448 - 449 - 451 - 452 - 453 - 454 - 455 - 457 - 458 - 460 - 461 - 462 - 463 - 464 - 465 - 469 - 470 - 471 - 474 - 476 - 477 - 479 - 480 - 481 - 482 - 483 - 485 - 488 - 489 - 490 - 491 - 492 - 493 - 494 - 495 - 496 - 497,572679.6,3.9,93347,91720,32.4,Cost: 93347 & Capacity: 91720
3 - 4 - 7 - 8 - 10 - 11 - 12 - 13 - 14 - 17 - 19 - 21 - 23 - 24 - 25 - 26 - 28 - 29 - 31 - 40 - 42 - 43 - 48 - 49 - 51 - 52 - 53 - 55 - 57 - 59 - 61 - 62 - 64 - 65 - 66 - 67 - 68 - 72 - 75 - 77 - 78 - 79 - 80 - 81 - 82 - 84 - 85 - 86 - 87 - 88 - 93 - 94 - 98 - 99 - 100 - 101 - 102 - 104 - 105 - 107 - 113 - 114 - 115 - 116 - 117 - 118 - 123 - 124 - 125 - 126 - 127 - 128 - 131 - 132 - 133 - 134 - 135 - 137 - 139 - 141 - 143 - 148 - 149 - 150 - 153 - 155 - 156 - 157 - 160 - 161 - 163 - 164 - 165 - 167 - 168 - 169 - 171 - 172 - 173 - 174 - 175 - 181 - 182 - 183 - 184 - 185 - 190 - 191 - 193 - 194 - 195 - 196 - 197 - 199 - 201 - 202 - 204 - 205 - 207 - 208 - 211 - 215 - 216 - 219 - 220 - 221 - 222 - 223 - 225 - 226 - 230 - 231 - 235 - 239 - 241 - 242 - 243 - 244 - 245 - 246 - 249 - 250 - 251 - 253 - 255 - 256 - 260 - 262 - 263 - 267 - 268 - 269 - 270 - 273 - 277 - 278 - 279 - 280 - 281 - 282 - 284 - 285 - 286 - 288 - 289 - 290 - 291 - 293 - 294 - 295 - 296 - 298 - 299 - 300 - 302 - 303 - 304 - 305 - 309 - 312 - 313 - 314 - 315 - 316 - 317 - 318 - 320 - 321 - 322 - 325 - 327 - 331 - 333 - 334 - 335 - 337 - 338 - 339 - 340 - 342 - 343 - 344 - 345 - 346 - 350 - 351 - 352 - 353 - 358 - 359 - 360 - 362 - 366 - 368 - 371 - 373 - 374 - 377 - 378 - 380 - 381 - 382 - 383 - 385 - 386 - 387 - 388 - 390 - 392 - 393 - 394 - 396 - 397 - 399 - 400 - 401 - 402 - 403 - 410 - 413 - 414 - 415 - 417 - 421 - 422 - 423 - 424 - 425 - 426 - 428 - 429 - 432 - 433 - 434 - 435 - 437 - 438 - 440 - 443 - 447 - 448 - 449 - 451 - 452 - 453 - 454 - 455 - 457 - 458 - 460 - 461 - 462 - 463 - 464 - 465 - 469 - 470 - 471 - 474 - 476 - 477 - 479 - 480 - 481 - 482 - 483 - 485 - 488 - 489 - 490 - 491 - 492 - 493 - 494 - 495 - 496 - 497,572679.6,3.9,93347,91720,32.87,Cost: 93347 & Capacity: 91720
3 - 4 - 7 - 8 - 10 - 11 - 12 - 13 - 14 - 17 - 19 - 21 - 23 - 24 - 25 - 26 - 28 - 29 - 31 - 40 - 42 - 43 - 48 - 49 - 51 - 52 - 53 - 55 - 57 - 59 - 61 - 62 - 64 - 65 - 66 - 67 - 68 - 72 - 75 - 77 - 78 - 79 - 80 - 81 - 82 - 84 - 85 - 86 - 87 - 88 - 93 - 94 - 98 - 99 - 100 - 101 - 102 - 104 - 105 - 107 - 113 - 114 - 115 - 116 - 117 - 118 - 123 - 124 - 125 - 126 - 127 - 128 - 131 - 132 - 133 - 134 - 135 - 137 - 139 - 141 - 143 - 148 - 149 - 150 - 153 - 155 - 156 - 157 - 160 - 161 - 163 - 164 - 165 - 167 - 168 - 169 - 171 - 172 - 173 - 174 - 175 - 181 - 182 - 183 - 184 - 185 - 190 - 191 - 193 - 194 - 195 - 196 - 197 - 199 - 201 - 202 - 204 - 205 - 207 - 208 - 211 - 215 - 216 - 219 - 220 - 221 - 222 - 223 - 225 - 226 - 230 - 231 - 235 - 239 - 241 - 242 - 243 - 244 - 245 - 246 - 249 - 250 - 251 - 253 - 255 - 256 - 260 - 262 - 263 - 267 - 268 - 269 - 270 - 273 - 277 - 278 - 279 - 280 - 281 - 282 - 284 - 285 - 286 - 288 - 289 - 290 - 291 - 293 - 294 - 295 - 296 - 298 - 299 - 300 - 302 - 303 - 304 - 305 - 309 - 312 - 313 - 314 - 315 - 316 - 317 - 318 - 320 - 321 - 322 - 325 - 327 - 331 - 333 - 334 - 335 - 337 - 338 - 339 - 340 - 342 - 343 - 344 - 345 - 346 - 350 - 351 - 352 - 353 - 358 - 359 - 360 - 362 - 366 - 368 - 371 - 373 - 374 - 377 - 378 - 380 - 381 - 382 - 383 - 385 - 386 - 387 - 388 - 390 - 392 - 393 - 394 - 396 - 397 - 399 - 400 - 401 - 402 - 403 - 410 - 413 - 414 - 415 - 417 - 421 - 422 - 423 - 424 - 425 - 426 - 428 - 429 - 432 - 433 - 434 - 435 - 437 - 438 - 440 - 443 - 447 - 448 - 449 - 451 - 452 - 453 - 454 - 455 - 457 - 458 - 460 - 461 - 462 - 463 - 464 - 465 - 469 - 470 - 471 - 474 - 476 - 477 - 479 - 480 - 481 - 482 - 483 - 485 - 488 - 489 - 490 - 491 - 492 - 493 - 494 - 495 - 496 - 497,572679.6,3.9,93347,91720,39.11,Cost: 93347 & Capacity: 91720
3 - 4 - 7 - 8 - 10 - 11 - 12 - 13 - 14 - 17 - 19 - 21 - 23 - 24 - 25 - 26 - 28 - 29 - 31 - 40 - 42 - 43 - 48 - 49 - 51 - 52 - 53 - 55 - 57 - 59 - 61 - 62 - 64 - 65 - 66 - 67 - 68 - 72 - 75 - 77 - 78 - 79 - 80 - 81 - 82 - 84 - 85 - 86 - 87 - 88 - 93 - 94 - 98 - 99 - 100 - 101 - 102 - 104 - 105 - 113 - 114 - 115 - 116 - 117 - 118 - 123 - 124 - 125 - 126 - 127 - 128 - 131 - 132 - 133 - 134 - 135 - 137 - 139 - 141 - 143 - 147 - 148 - 149 - 150 - 153 - 155 - 156 - 157 - 160 - 161 - 163 - 164 - 165 - 167 - 168 - 169 - 171 - 172 - 173 - 174 - 175 - 180 - 181 - 182 - 183 - 184 - 185 - 190 - 191 - 193 - 194 - 195 - 196 - 197 - 199 - 201 - 202 - 204 - 205 - 207 - 208 - 215 - 216 - 219 - 220 - 221 - 222 - 223 - 225 - 226 - 230 - 231 - 235 - 239 - 241 - 242 - 243 - 244 - 245 - 246 - 249 - 250 - 251 - 253 - 255 - 256 - 260 - 262 - 263 - 267 - 268 - 269 - 270 - 273 - 277 - 278 - 279 - 280 - 281 - 282 - 284 - 285 - 286 - 288 - 289 - 290 - 291 - 293 - 294 - 295 - 296 - 298 - 299 - 300 - 301 - 302 - 303 - 304 - 305 - 309 - 312 - 313 - 314 - 315 - 317 - 318 - 320 - 321 - 322 - 325 - 327 - 331 - 333 - 334 - 335 - 337 - 338 - 339 - 340 - 342 - 343 - 344 - 345 - 346 - 350 - 351 - 352 - 353 - 358 - 359 - 360 - 362 - 366 - 368 - 371 - 373 - 374 - 377 - 378 - 380 - 381 - 382 - 383 - 385 - 386 - 387 - 388 - 390 - 392 - 393 - 394 - 396 - 397 - 399 - 400 - 401 - 402 - 403 - 410 - 413 - 414 - 415 - 417 - 421 - 422 - 423 - 424 - 425 - 426 - 428 - 429 - 432 - 433 - 434 - 435 - 437 - 438 - 440 - 443 - 447 - 448 - 449 - 451 - 452 - 453 - 454 - 455 - 457 - 458 - 460 - 461 - 462 - 463 - 464 - 465 - 469 - 470 - 471 - 474 - 476 - 477 - 479 - 480 - 481 - 482 - 483 - 485 - 488 - 489 - 490 - 491 - 492 - 493 - 494 - 495 - 496 - 497,572216.5,3.9,93354,92313,41.01,Cost: 93354 & Capacity: 92313
3 - 4 - 7 - 8 - 10 - 11 - 12 - 13 - 14 - 17 - 19 - 21 - 23 - 24 - 25 - 26 - 28 - 29 - 31 - 40 - 42 - 43 - 48 - 49 - 51 - 52 - 53 - 55 - 57 - 59 - 61 - 62 - 64 - 65 - 66 - 67 - 68 - 72 - 75 - 77 - 78 - 79 - 80 - 81 - 82 - 84 - 85 - 86 - 87 - 88 - 93 - 94 - 98 - 99 - 100 - 101 - 102 - 104 - 105 - 107 - 113 - 114 - 115 - 116 - 117 - 118 - 123 - 124 - 125 - 126 - 127 - 128 - 131 - 132 - 133 - 134 - 135 - 137 - 139 - 141 - 143 - 148 - 149 - 150 - 153 - 155 - 156 - 157 - 160 - 161 - 163 - 164 - 165 - 167 - 168 - 169 - 171 - 172 - 173 - 174 - 175 - 181 - 182 - 183 - 184 - 185 - 190 - 191 - 193 - 194 - 195 - 196 - 197 - 199 - 201 - 202 - 204 - 205 - 207 - 208 - 211 - 215 - 216 - 219 - 220 - 221 - 222 - 223 - 225 - 226 - 230 - 231 - 235 - 239 - 241 - 242 - 243 - 244 - 245 - 246 - 249 - 250 - 251 - 253 - 255 - 256 - 260 - 262 - 263 - 267 - 268 - 269 - 270 - 273 - 277 - 278 - 279 - 280 - 281 - 282 - 284 - 285 - 286 - 288 - 289 - 290 - 291 - 293 - 294 - 295 - 296 - 298 - 299 - 300 - 302 - 303 - 304 - 305 - 309 - 312 - 313 - 314 - 315 - 316 - 317 - 318 - 320 - 321 - 322 - 325 - 327 - 331 - 333 - 334 - 335 - 337 - 338 - 339 - 340 - 342 - 343 - 344 - 345 - 346 - 350 - 351 - 352 - 353 - 358 - 359 - 360 - 362 - 366 - 368 - 371 - 373 - 374 - 377 - 378 - 380 - 381 - 382 - 383 - 385 - 386 - 387 - 388 - 390 - 392 - 393 - 394 - 396 - 397 - 399 - 400 - 401 - 402 - 403 - 410 - 413 - 414 - 415 - 417 - 421 - 422 - 423 - 424 - 425 - 426 - 428 - 429 - 432 - 433 - 434 - 435 - 437 - 438 - 440 - 443 - 447 - 448 - 449 - 451 - 452 - 453 - 454 - 455 - 457 - 458 - 460 - 461 - 462 - 463 - 464 - 465 - 469 - 470 - 471 - 474 - 476 - 477 - 479 - 480 - 481 - 482 - 483 - 485 - 488 - 489 - 490 - 491 - 492 - 493 - 494 - 495 - 496 - 497,572679.6,3.9,93347,91720,42.62,Cost: 93347 & Capacity: 91720
3 - 4 - 7 - 8 - 10 - 11 - 12 - 13 - 14 - 17 - 19 - 21 - 23 - 24 - 25 - 26 - 28 - 29 - 31 - 40 - 42 - 43 - 48 - 49 - 51 - 52 - 53 - 55 - 57 - 59 - 61 - 62 - 64 - 65 - 66 - 67 - 68 - 72 - 75 - 77 - 78 - 79 - 80 - 81 - 82 - 84 - 85 - 86 - 87 - 88 - 93 - 94 - 98 - 99 - 100 - 101 - 102 - 104 - 105 - 107 - 113 - 114 - 115 - 116 - 117 - 118 - 123 - 124 - 125 - 126 - 127 - 128 - 131 - 132 - 133 - 134 - 135 - 137 - 139 - 141 - 143 - 148 - 149 - 150 - 153 - 155 - 156 - 157 - 160 - 161 - 163 - 164 - 165 - 167 - 168 - 169 - 171 - 172 - 173 - 174 - 175 - 181 - 182 - 183 - 184 - 185 - 190 - 191 - 193 - 194 - 195 - 196 - 197 - 199 - 201 - 202 - 204 - 205 - 207 - 208 - 211 - 215 - 216 - 219 - 220 - 221 - 222 - 223 - 225 - 226 - 230 - 231 - 235 - 239 - 241 - 242 - 243 - 244 - 245 - 246 - 249 - 250 - 251 - 253 - 255 - 256 - 260 - 262 - 263 - 267 - 268 - 269 - 270 - 273 - 277 - 278 - 279 - 280 - 281 - 282 - 284 - 285 - 286 - 288 - 289 - 290 - 291 - 293 - 294 - 295 - 296 - 298 - 299 - 300 - 302 - 303 - 304 - 305 - 309 - 312 - 313 - 314 - 315 - 316 - 317 - 318 - 320 - 321 - 322 - 325 - 327 - 331 - 333 - 334 - 335 - 337 - 338 - 339 - 340 - 342 - 343 - 344 - 345 - 346 - 350 - 351 - 352 - 353 - 358 - 359 - 360 - 362 - 366 - 368 - 371 - 373 - 374 - 377 - 378 - 380 - 381 - 382 - 383 - 385 - 386 - 387 - 388 - 390 - 392 - 393 - 394 - 396 - 397 - 399 - 400 - 401 - 402 - 403 - 410 - 413 - 414 - 415 - 417 - 421 - 422 - 423 - 424 - 425 - 426 - 428 - 429 - 432 - 433 - 434 - 435 - 437 - 438 - 440 - 443 - 447 - 448 - 449 - 451 - 452 - 453 - 454 - 455 - 457 - 458 - 460 - 461 - 462 - 463 - 464 - 465 - 469 - 470 - 471 - 474 - 476 - 477 - 479 - 480 - 481 - 482 - 483 - 485 - 488 - 489 - 490 - 491 - 492 - 493 - 494 - 495 - 496 - 497,572679.6,3.9,93347,91720,44.39,Cost: 93347 & Capacity: 91720
3 - 4 - 7 - 8 - 10 - 11 - 12 - 13 - 14 - 17 - 19 - 21 - 23 - 24 - 25 - 26 - 28 - 29 - 31 - 40 - 42 - 43 - 48 - 49 - 51 - 52 - 53 - 55 - 57 - 59 - 61 - 62 - 64 - 65 - 66 - 67 - 68 - 72 - 75 - 77 - 78 - 79 - 80 - 81 - 82 - 84 - 85 - 86 - 87 - 88 - 93 - 94 - 98 - 99 - 100 - 101 - 102 - 104 - 105 - 107 - 113 - 114 - 115 - 116 - 117 - 118 - 123 - 124 - 125 - 126 - 127 - 128 - 131 - 132 - 133 - 134 - 135 - 137 - 139 - 141 - 143 - 148 - 149 - 150 - 153 - 155 - 156 - 157 - 160 - 161 - 163 - 164 - 165 - 167 - 168 - 169 - 171 - 172 - 173 - 174 - 175 - 181 - 182 - 183 - 184 - 185 - 190 - 191 - 193 - 194 - 195 - 196 - 197 - 199 - 201 - 202 - 204 - 205 - 207 - 208 - 211 - 215 - 216 - 219 - 220 - 221 - 222 - 223 - 225 - 226 - 230 - 231 - 235 - 239 - 241 - 242 - 243 - 244 - 245 - 246 - 249 - 250 - 251 - 253 - 255 - 256 - 260 - 262 - 263 - 267 - 268 - 269 - 270 - 273 - 277 - 278 - 279 - 280 - 281 - 282 - 284 - 285 - 286 - 288 - 289 - 290 - 291 - 293 - 294 - 295 - 296 - 298 - 299 - 300 - 302 - 303 - 304 - 305 - 309 - 312 - 313 - 314 - 315 - 316 - 317 - 318 - 320 - 321 - 322 - 325 - 327 - 331 - 333 - 334 - 335 - 337 - 338 - 339 - 340 - 342 - 343 - 344 - 345 - 346 - 350 - 351 - 352 - 353 - 358 - 359 - 360 - 362 - 366 - 368 - 371 - 373 - 374 - 377 - 378 - 380 - 381 - 382 - 383 - 385 - 386 - 387 - 388 - 390 - 392 - 393 - 394 - 396 - 397 - 399 - 400 - 401 - 402 - 403 - 410 - 413 - 414 - 415 - 417 - 421 - 422 - 423 - 424 - 425 - 426 - 428 - 429 - 432 - 433 - 434 - 435 - 437 - 438 - 440 - 443 - 447 - 448 - 449 - 451 - 452 - 453 - 454 - 455 - 457 - 458 - 460 - 461 - 462 - 463 - 464 - 465 - 469 - 470 - 471 - 474 - 476 - 477 - 479 - 480 - 481 - 482 - 483 - 485 - 488 - 489 - 490 - 491 - 492 - 493 - 494 - 495 - 496 - 497,572679.6,3.9,93347,91720,46.25,Cost: 93347 & Capacity: 91720
4 - 6 - 7 - 13 - 14 - 17 - 20 - 25 - 26 - 27 - 29 - 31 - 33 - 35 - 37 - 39 - 40 - 42 - 47 - 51 - 54 - 55 - 57 - 59 - 61 - 63 - 65 - 71 - 72 - 73 - 77 - 79 - 82 - 85 - 88 - 89 - 90 - 93 - 96 - 100 - 101 - 103 - 104 - 105 - 106 - 112 - 113 - 114 - 116 - 117 - 125 - 131 - 133 - 137 - 138 - 139 - 140 - 141 - 143 - 144 - 149 - 156 - 161 - 164 - 167 - 171 - 172 - 173 - 174 - 176 - 177 - 180 - 184 - 186 - 189 - 190 - 191 - 193 - 194 - 206 - 208 - 213 - 215 - 217 - 219 - 220 - 221 - 222 - 227 - 230 - 231 - 232 - 233 - 234 - 235 - 238 - 242 - 249 - 250 - 252 - 256 - 266 - 267 - 271 - 274 - 276 - 278 - 281 - 282 - 293 - 295 - 298 - 300 - 308 - 310 - 311 - 314 - 316 - 317 - 321 - 327 - 328 - 334 - 337 - 340 - 345 - 350 - 356 - 359 - 362 - 365 - 374 - 377 - 378 - 386 - 392 - 393 - 394 - 396 - 397 - 399 - 400 - 402 - 405 - 410 - 411 - 413 - 414 - 415 - 417 - 423 - 424 - 427 - 428 - 430 - 432 - 437 - 438 - 449 - 452 - 456 - 458 - 461 - 467 - 471 - 474 - 477 - 478 - 481 - 491 - 499,203259.8,7.5,85455,69450,48.69,Cost: 85455 & Capacity: 69450
3 - 4 - 7 - 8 - 10 - 11 - 12 - 13 - 14 - 17 - 19 - 21 - 23 - 24 - 25 - 26 - 28 - 29 - 31 - 40 - 42 - 43 - 48 - 49 - 51 - 52 - 53 - 55 - 57 - 59 - 61 - 62 - 64 - 65 - 66 - 67 - 68 - 72 - 75 - 77 - 78 - 79 - 80 - 81 - 82 - 84 - 85 - 86 - 87 - 88 - 93 - 94 - 98 - 99 - 100 - 101 - 102 - 104 - 105 - 107 - 113 - 114 - 115 - 116 - 117 - 118 - 123 - 124 - 125 - 126 - 127 - 128 - 131 - 132 - 133 - 134 - 135 - 137 - 139 - 141 - 143 - 148 - 149 - 150 - 153 - 155 - 156 - 157 - 160 - 161 - 163 - 164 - 165 - 167 - 168 - 169 - 171 - 172 - 173 - 174 - 175 - 181 - 182 - 183 - 184 - 185 - 190 - 191 - 193 - 194 - 195 - 196 - 197 - 199 - 201 - 202 - 204 - 205 - 207 - 208 - 211 - 215 - 216 - 219 - 220 - 221 - 222 - 223 - 225 - 226 - 230 - 231 - 235 - 239 - 241 - 242 - 243 - 244 - 245 - 246 - 249 - 250 - 251 - 253 - 255 - 256 - 260 - 262 - 263 - 267 - 268 - 269 - 270 - 273 - 277 - 278 - 279 - 280 - 281 - 282 - 284 - 285 - 286 - 288 - 289 - 290 - 291 - 293 - 294 - 295 - 296 - 298 - 299 - 300 - 302 - 303 - 304 - 305 - 309 - 312 - 313 - 314 - 315 - 316 - 317 - 318 - 320 - 321 - 322 - 325 - 327 - 331 - 333 - 334 - 335 - 337 - 338 - 339 - 340 - 342 - 343 - 344 - 345 - 346 - 350 - 351 - 352 - 353 - 358 - 359 - 360 - 362 - 366 - 368 - 371 - 373 - 374 - 377 - 378 - 380 - 381 - 382 - 383 - 385 - 386 - 387 - 388 - 390 - 392 - 393 - 394 - 396 - 397 - 399 - 400 - 401 - 402 - 403 - 410 - 413 - 414 - 415 - 417 - 421 - 422 - 423 - 424 - 425 - 426 - 428 - 429 - 432 - 433 - 434 - 435 - 437 - 438 - 440 - 443 - 447 - 448 - 449 - 451 - 452 - 453 - 454 - 455 - 457 - 458 - 460 - 461 - 462 - 463 - 464 - 465 - 469 - 470 - 471 - 474 - 476 - 477 - 479 - 480 - 481 - 482 - 483 - 485 - 488 - 489 - 490 - 491 - 492 - 493 - 494 - 495 - 496 - 497,572679.6,3.9,93347,91720,51.46,Cost: 93347 & Capacity: 91720
3 - 4 - 7 - 8 - 10 - 11 - 12 - 13 - 14 - 17 - 19 - 21 - 23 - 24 - 25 - 26 - 28 - 29 - 31 - 40 - 42 - 43 - 48 - 49 - 51 - 52 - 53 - 55 - 57 - 59 - 61 - 62 - 64 - 65 - 66 - 67 - 68 - 72 - 75 - 77 - 78 - 79 - 80 - 81 - 82 - 84 - 85 - 86 - 87 - 88 - 93 - 94 - 98 - 99 - 100 - 101 - 102 - 104 - 105 - 107 - 113 - 114 - 115 - 116 - 117 - 118 - 123 - 124 - 125 - 126 - 127 - 128 - 131 - 132 - 133 - 134 - 135 - 137 - 139 - 141 - 143 - 148 - 149 - 150 - 153 - 155 - 156 - 157 - 160 - 161 - 163 - 164 - 165 - 167 - 168 - 169 - 171 - 172 - 173 - 174 - 175 - 181 - 182 - 183 - 184 - 185 - 190 - 191 - 193 - 194 - 195 - 196 - 197 - 199 - 201 - 202 - 204 - 205 - 207 - 208 - 211 - 215 - 216 - 219 - 220 - 221 - 222 - 223 - 225 - 226 - 230 - 231 - 235 - 239 - 241 - 242 - 243 - 244 - 245 - 246 - 249 - 250 - 251 - 253 - 255 - 256 - 260 - 262 - 263 - 267 - 268 - 269 - 270 - 273 - 277 - 278 - 279 - 280 - 281 - 282 - 284 - 285 - 286 - 288 - 289 - 290 - 291 - 293 - 294 - 295 - 296 - 298 - 299 - 300 - 302 - 303 - 304 - 305 - 309 - 312 - 313 - 314 - 315 - 316 - 317 - 318 - 320 - 321 - 322 - 325 - 327 - 331 - 333 - 334 - 335 - 337 - 338 - 339 - 340 - 342 - 343 - 344 - 345 - 346 - 350 - 351 - 352 - 353 - 358 - 359 - 360 - 362 - 366 - 368 - 371 - 373 - 374 - 377 - 378 - 380 - 381 - 382 - 383 - 385 - 386 - 387 - 388 - 390 - 392 - 393 - 394 - 396 - 397 - 399 - 400 - 401 - 402 - 403 - 410 - 413 - 414 - 415 - 417 - 421 - 422 - 423 - 424 - 425 - 426 - 428 - 429 - 432 - 433 - 434 - 435 - 437 - 438 - 440 - 443 - 447 - 448 - 449 - 451 - 452 - 453 - 454 - 455 - 457 - 458 - 460 - 461 - 462 - 463 - 464 - 465 - 469 - 470 - 471 - 474 - 476 - 477 - 479 - 480 - 481 - 482 - 483 - 485 - 488 - 489 - 490 - 491 - 492 - 493 - 494 - 495 - 496 - 497,572679.6,3.9,93347,91720,53.26,Cost: 93347 & Capacity: 91720
3 - 4 - 7 - 8 - 10 - 11 - 12 - 13 - 14 - 17 - 19 - 21 - 23 - 24 - 25 - 26 - 28 - 29 - 31 - 40 - 42 - 43 - 48 - 49 - 51 - 52 - 53 - 55 - 57 - 59 - 61 - 62 - 64 - 65 - 66 - 67 - 68 - 72 - 75 - 77 - 78 - 79 - 80 - 81 - 82 - 84 - 85 - 86 - 87 - 88 - 93 - 94 - 98 - 99 - 100 - 101 - 102 - 104 - 105 - 107 - 113 - 114 - 115 - 116 - 117 - 118 - 123 - 124 - 125 - 126 - 127 - 128 - 131 - 132 - 133 - 134 - 135 - 137 - 139 - 141 - 143 - 148 - 149 - 150 - 153 - 155 - 156 - 157 - 160 - 161 - 163 - 164 - 165 - 167 - 168 - 169 - 171 - 172 - 173 - 174 - 175 - 181 - 182 - 183 - 184 - 185 - 190 - 191 - 193 - 194 - 195 - 196 - 197 - 199 - 201 - 202 - 204 - 205 - 207 - 208 - 211 - 215 - 216 - 219 - 220 - 221 - 222 - 223 - 225 - 226 - 230 - 231 - 235 - 239 - 241 - 242 - 243 - 244 - 245 - 246 - 249 - 250 - 251 - 253 - 255 - 256 - 260 - 262 - 263 - 267 - 268 - 269 - 270 - 273 - 277 - 278 - 279 - 280 - 281 - 282 - 284 - 285 - 286 - 288 - 289 - 290 - 291 - 293 - 294 - 295 - 296 - 298 - 299 - 300 - 302 - 303 - 304 - 305 - 309 - 312 - 313 - 314 - 315 - 316 - 317 - 318 - 320 - 321 - 322 - 325 - 327 - 331 - 333 - 334 - 335 - 337 - 338 - 339 - 340 - 342 - 343 - 344 - 345 - 346 - 350 - 351 - 352 - 353 - 358 - 359 - 360 - 362 - 366 - 368 - 371 - 373 - 374 - 377 - 378 - 380 - 381 - 382 - 383 - 385 - 386 - 387 - 388 - 390 - 392 - 393 - 394 - 396 - 397 - 399 - 400 - 401 - 402 - 403 - 410 - 413 - 414 - 415 - 417 - 421 - 422 - 423 - 424 - 425 - 426 - 428 - 429 - 432 - 433 - 434 - 435 - 437 - 438 - 440 - 443 - 447 - 448 - 449 - 451 - 452 - 453 - 454 - 455 - 457 - 458 - 460 - 461 - 462 - 463 - 464 - 465 - 469 - 470 - 471 - 474 - 476 - 477 - 479 - 480 - 481 - 482 - 483 - 485 - 488 - 489 - 490 - 491 - 492 - 493 - 494 - 495 - 496 - 497,572679.6,3.9,93347,91720,54.59,Cost: 93347 & Capacity: 91720
4 - 6 - 10 - 11 - 12 - 13 - 14 - 17 - 20 - 24 - 25 - 26 - 28 - 31 - 32 - 35 - 39 - 40 - 42 - 43 - 49 - 50 - 52 - 55 - 57 - 59 - 61 - 62 - 64 - 65 - 66 - 68 - 72 - 75 - 77 - 78 - 84 - 85 - 86 - 88 - 90 - 94 - 98 - 99 - 100 - 101 - 102 - 103 - 104 - 105 - 108 - 112 - 113 - 114 - 116 - 117 - 118 - 123 - 125 - 131 - 132 - 133 - 134 - 135 - 137 - 139 - 143 - 144 - 150 - 153 - 155 - 156 - 161 - 162 - 164 - 165 - 167 - 168 - 169 - 171 - 172 - 173 - 174 - 177 - 180 - 181 - 182 - 183 - 185 - 190 - 191 - 193 - 194 - 195 - 196 - 197 - 199 - 202 - 204 - 205 - 207 - 208 - 211 - 215 - 216 - 219 - 220 - 222 - 225 - 226 - 229 - 231 - 232 - 235 - 236 - 238 - 239 - 241 - 242 - 243 - 244 - 247 - 249 - 250 - 253 - 255 - 256 - 260 - 261 - 262 - 263 - 267 - 269 - 277 - 278 - 282 - 284 - 286 - 288 - 289 - 290 - 294 - 295 - 298 - 300 - 301 - 302 - 303 - 304 - 305 - 312 - 315 - 316 - 318 - 321 - 322 - 325 - 326 - 327 - 328 - 331 - 333 - 334 - 335 - 337 - 338 - 340 - 342 - 343 - 344 - 345 - 346 - 350 - 351 - 352 - 353 - 358 - 359 - 360 - 362 - 365 - 366 - 371 - 373 - 374 - 376 - 377 - 378 - 380 - 381 - 383 - 384 - 385 - 386 - 387 - 389 - 390 - 392 - 393 - 394 - 396 - 397 - 399 - 401 - 402 - 403 - 410 - 411 - 413 - 417 - 421 - 422 - 424 - 427 - 428 - 429 - 431 - 432 - 433 - 434 - 435 - 437 - 438 - 440 - 444 - 445 - 449 - 451 - 452 - 453 - 454 - 456 - 458 - 461 - 464 - 465 - 466 - 468 - 469 - 470 - 471 - 473 - 474 - 475 - 477 - 479 - 481 - 482 - 485 - 488 - 489 - 491 - 493 - 496,429977.0,6.1,93334,88191,56.71,Cost: 93334 & Capacity: 88191
3 - 4 - 7 - 8 - 10 - 11 - 12 - 13 - 14 - 17 - 19 - 21 - 23 - 24 - 25 - 26 - 28 - 29 - 31 - 40 - 42 - 43 - 48 - 49 - 51 - 52 - 53 - 55 - 57 - 59 - 61 - 62 - 64 - 65 - 66 - 67 - 68 - 72 - 75 - 77 - 78 - 79 - 80 - 81 - 82 - 84 - 85 - 86 - 87 - 88 - 93 - 94 - 98 - 99 - 100 - 101 - 102 - 104 - 105 - 107 - 113 - 114 - 115 - 116 - 117 - 118 - 123 - 124 - 125 - 126 - 127 - 128 - 131 - 132 - 133 - 134 - 135 - 137 - 139 - 141 - 143 - 148 - 149 - 150 - 153 - 155 - 156 - 157 - 160 - 161 - 163 - 164 - 165 - 167 - 168 - 169 - 171 - 172 - 173 - 174 - 175 - 181 - 182 - 183 - 184 - 185 - 190 - 191 - 193 - 194 - 195 - 196 - 197 - 199 - 201 - 202 - 204 - 205 - 207 - 208 - 211 - 215 - 216 - 219 - 220 - 221 - 222 - 223 - 225 - 226 - 230 - 231 - 235 - 239 - 241 - 242 - 243 - 244 - 245 - 246 - 249 - 250 - 251 - 253 - 255 - 256 - 260 - 262 - 263 - 267 - 268 - 269 - 270 - 273 - 277 - 278 - 279 - 280 - 281 - 282 - 284 - 285 - 286 - 288 - 289 - 290 - 291 - 293 - 294 - 295 - 296 - 298 - 299 - 300 - 302 - 303 - 304 - 305 - 309 - 312 - 313 - 314 - 315 - 316 - 317 - 318 - 320 - 321 - 322 - 325 - 327 - 331 - 333 - 334 - 335 - 337 - 338 - 339 - 340 - 342 - 343 - 344 - 345 - 346 - 350 - 351 - 352 - 353 - 358 - 359 - 360 - 362 - 366 - 368 - 371 - 373 - 374 - 377 - 378 - 380 - 381 - 382 - 383 - 385 - 386 - 387 - 388 - 390 - 392 - 393 - 394 - 396 - 397 - 399 - 400 - 401 - 402 - 403 - 410 - 413 - 414 - 415 - 417 - 421 - 422 - 423 - 424 - 425 - 426 - 428 - 429 - 432 - 433 - 434 - 435 - 437 - 438 - 440 - 443 - 447 - 448 - 449 - 451 - 452 - 453 - 454 - 455 - 457 - 458 - 460 - 461 - 462 - 463 - 464 - 465 - 469 - 470 - 471 - 474 - 476 - 477 - 479 - 480 - 481 - 482 - 483 - 485 - 488 - 489 - 490 - 491 - 492 - 493 - 494 - 495 - 496 - 497,572679.6,3.9,93347,91720,59.7,Cost: 93347 & Capacity: 91720
3 - 4 - 7 - 8 - 10 - 11 - 12 - 13 - 14 - 17 - 19 - 21 - 23 - 24 - 25 - 26 - 28 - 29 - 31 - 40 - 42 - 43 - 48 - 49 - 51 - 52 - 53 - 55 - 57 - 59 - 61 - 62 - 64 - 65 - 66 - 67 - 68 - 72 - 75 - 77 - 78 - 79 - 80 - 81 - 82 - 84 - 85 - 86 - 87 - 88 - 93 - 94 - 98 - 99 - 100 - 101 - 102 - 104 - 105 - 107 - 113 - 114 - 115 - 116 - 117 - 118 - 123 - 124 - 125 - 126 - 127 - 128 - 131 - 132 - 133 - 134 - 135 - 137 - 139 - 141 - 143 - 148 - 149 - 150 - 153 - 155 - 156 - 157 - 160 - 161 - 163 - 164 - 165 - 167 - 168 - 169 - 171 - 172 - 173 - 174 - 175 - 181 - 182 - 183 - 184 - 185 - 190 - 191 - 193 - 194 - 195 - 196 - 197 - 199 - 201 - 202 - 204 - 205 - 207 - 208 - 211 - 215 - 216 - 219 - 220 - 221 - 222 - 223 - 225 - 226 - 230 - 231 - 235 - 239 - 241 - 242 - 243 - 244 - 245 - 246 - 249 - 250 - 251 - 253 - 255 - 256 - 260 - 262 - 263 - 267 - 268 - 269 - 270 - 273 - 277 - 278 - 279 - 280 - 281 - 282 - 284 - 285 - 286 - 288 - 289 - 290 - 291 - 293 - 294 - 295 - 296 - 298 - 299 - 300 - 302 - 303 - 304 - 305 - 309 - 312 - 313 - 314 - 315 - 316 - 317 - 318 - 320 - 321 - 322 - 325 - 327 - 331 - 333 - 334 - 335 - 337 - 338 - 339 - 340 - 342 - 343 - 344 - 345 - 346 - 350 - 351 - 352 - 353 - 358 - 359 - 360 - 362 - 366 - 368 - 371 - 373 - 374 - 377 - 378 - 380 - 381 - 382 - 383 - 385 - 386 - 387 - 388 - 390 - 392 - 393 - 394 - 396 - 397 - 399 - 400 - 401 - 402 - 403 - 410 - 413 - 414 - 415 - 417 - 421 - 422 - 423 - 424 - 425 - 426 - 428 - 429 - 432 - 433 - 434 - 435 - 437 - 438 - 440 - 443 - 447 - 448 - 449 - 451 - 452 - 453 - 454 - 455 - 457 - 458 - 460 - 461 - 462 - 463 - 464 - 465 - 469 - 470 - 471 - 474 - 476 - 477 - 479 - 480 - 481 - 482 - 483 - 485 - 488 - 489 - 490 - 491 - 492 - 493 - 494 - 495 - 496 - 497,572679.6,3.9,93347,91720,62.16,Cost: 93347 & Capacity: 91720
0 - 3 - 6 - 17 - 26 - 28 - 31 - 33 - 35 - 39 - 40 - 42 - 53 - 55 - 59 - 61 - 62 - 63 - 64 - 66 - 68 - 72 - 77 - 79 - 88 - 89 - 90 - 93 - 101 - 108 - 110 - 112 - 116 - 119 - 131 - 133 - 137 - 138 - 139 - 140 - 152 - 156 - 158 - 161 - 162 - 167 - 173 - 174 - 176 - 180 - 186 - 189 - 191 - 194 - 198 - 203 - 206 - 217 - 220 - 226 - 233 - 234 - 237 - 238 - 240 - 242 - 244 - 249 - 250 - 252 - 260 - 261 - 267 - 268 - 271 - 273 - 282 - 289 - 294 - 295 - 298 - 300 - 310 - 312 - 316 - 321 - 332 - 334 - 337 - 340 - 345 - 347 - 362 - 364 - 366 - 374 - 377 - 378 - 379 - 380 - 385 - 394 - 396 - 399 - 402 - 403 - 404 - 411 - 414 - 417 - 418 - 424 - 429 - 434 - 437 - 449 - 456 - 459 - 461 - 463 - 465 - 466 - 470 - 471 - 475 - 477 - 478 - 481 - 486 - 488 - 489 - 493,123054.7,8.1,77050,59160,63.74,Cost: 77050 & Capacity: 59160
3 - 4 - 7 - 8 - 10 - 11 - 12 - 13 - 14 - 17 - 19 - 21 - 23 - 24 - 25 - 26 - 28 - 29 - 31 - 40 - 42 - 43 - 48 - 49 - 51 - 52 - 53 - 55 - 57 - 59 - 61 - 62 - 64 - 65 - 66 - 67 - 68 - 72 - 75 - 77 - 78 - 79 - 80 - 81 - 82 - 84 - 85 - 86 - 87 - 88 - 93 - 94 - 98 - 99 - 100 - 101 - 102 - 104 - 105 - 107 - 113 - 114 - 115 - 116 - 117 - 118 - 123 - 124 - 125 - 126 - 127 - 128 - 131 - 132 - 133 - 134 - 135 - 137 - 139 - 141 - 143 - 148 - 149 - 150 - 153 - 155 - 156 - 157 - 160 - 161 - 163 - 164 - 165 - 167 - 168 - 169 - 171 - 172 - 173 - 174 - 175 - 181 - 182 - 183 - 184 - 185 - 190 - 191 - 193 - 194 - 195 - 196 - 197 - 199 - 201 - 202 - 204 - 205 - 207 - 208 - 211 - 215 - 216 - 219 - 220 - 221 - 222 - 223 - 225 - 226 - 230 - 231 - 235 - 239 - 241 - 242 - 243 - 244 - 245 - 246 - 249 - 250 - 251 - 253 - 255 - 256 - 260 - 262 - 263 - 267 - 268 - 269 - 270 - 273 - 277 - 278 - 279 - 280 - 281 - 282 - 284 - 285 - 286 - 288 - 289 - 290 - 291 - 293 - 294 - 295 - 296 - 298 - 299 - 300 - 302 - 303 - 304 - 305 - 309 - 312 - 313 - 314 - 315 - 316 - 317 - 318 - 320 - 321 - 322 - 325 - 327 - 331 - 333 - 334 - 335 - 337 - 338 - 339 - 340 - 342 - 343 - 344 - 345 - 346 - 350 - 351 - 352 - 353 - 358 - 359 - 360 - 362 - 366 - 368 - 371 - 373 - 374 - 377 - 378 - 380 - 381 - 382 - 383 - 385 - 386 - 387 - 388 - 390 - 392 - 393 - 394 - 396 - 397 - 399 - 400 - 401 - 402 - 403 - 410 - 413 - 414 - 415 - 417 - 421 - 422 - 423 - 424 - 425 - 426 - 428 - 429 - 432 - 433 - 434 - 435 - 437 - 438 - 440 - 443 - 447 - 448 - 449 - 451 - 452 - 453 - 454 - 455 - 457 - 458 - 460 - 461 - 462 - 463 - 464 - 465 - 469 - 470 - 471 - 474 - 476 - 477 - 479 - 480 - 481 - 482 - 483 - 485 - 488 - 489 - 490 - 491 - 492 - 493 - 494 - 495 - 496 - 497,572679.6,3.9,93347,91720,64.23,Cost: 93347 & Capacity: 91720
3 - 4 - 7 - 8 - 10 - 11 - 12 - 13 - 14 - 17 - 19 - 21 - 23 - 24 - 25 - 26 - 28 - 29 - 31 - 40 - 42 - 43 - 48 - 49 - 51 - 52 - 53 - 55 - 57 - 59 - 61 - 62 - 64 - 65 - 66 - 67 - 68 - 72 - 75 - 77 - 79 - 80 - 81 - 82 - 84 - 85 - 86 - 87 - 88 - 93 - 94 - 98 - 99 - 100 - 101 - 102 - 104 - 105 - 108 - 113 - 114 - 115 - 116 - 117 - 118 - 123 - 124 - 125 - 126 - 127 - 128 - 131 - 132 - 133 - 134 - 135 - 137 - 139 - 141 - 143 - 147 - 148 - 149 - 150 - 153 - 155 - 156 - 157 - 160 - 161 - 163 - 164 - 165 - 167 - 168 - 169 - 171 - 172 - 173 - 174 - 175 - 180 - 181 - 182 - 183 - 184 - 185 - 190 - 191 - 193 - 194 - 195 - 196 - 197 - 199 - 201 - 202 - 204 - 205 - 207 - 208 - 211 - 215 - 216 - 219 - 220 - 221 - 222 - 223 - 225 - 226 - 230 - 231 - 235 - 239 - 241 - 242 - 243 - 244 - 245 - 246 - 249 - 250 - 251 - 253 - 255 - 256 - 260 - 262 - 263 - 267 - 268 - 269 - 270 - 273 - 277 - 278 - 279 - 281 - 282 - 284 - 285 - 286 - 288 - 289 - 290 - 291 - 293 - 295 - 296 - 298 - 299 - 300 - 302 - 303 - 304 - 305 - 308 - 312 - 313 - 314 - 315 - 316 - 317 - 318 - 320 - 321 - 322 - 325 - 327 - 328 - 331 - 333 - 334 - 335 - 337 - 338 - 340 - 342 - 343 - 344 - 345 - 346 - 350 - 351 - 352 - 353 - 358 - 359 - 360 - 362 - 365 - 366 - 368 - 371 - 373 - 374 - 377 - 378 - 380 - 381 - 383 - 385 - 386 - 387 - 388 - 390 - 392 - 393 - 394 - 396 - 397 - 399 - 400 - 401 - 402 - 403 - 405 - 410 - 413 - 414 - 415 - 417 - 421 - 422 - 423 - 424 - 425 - 426 - 428 - 429 - 432 - 433 - 434 - 435 - 437 - 438 - 440 - 443 - 447 - 448 - 449 - 451 - 452 - 453 - 454 - 455 - 457 - 458 - 460 - 461 - 462 - 464 - 465 - 469 - 471 - 474 - 476 - 477 - 479 - 481 - 482 - 483 - 485 - 488 - 489 - 490 - 491 - 492 - 493 - 494 - 495 - 496 - 497,562565.0,4.5,93339,92088,66.67,Cost: 93339 & Capacity: 92088
3 - 4 - 7 - 8 - 10 - 11 - 12 - 13 - 14 - 17 - 19 - 21 - 23 - 24 - 25 - 26 - 28 - 29 - 31 - 40 - 42 - 43 - 48 - 49 - 51 - 52 - 53 - 55 - 57 - 59 - 61 - 62 - 64 - 65 - 66 - 67 - 68 - 72 - 75 - 77 - 78 - 79 - 80 - 81 - 82 - 84 - 85 - 86 - 87 - 88 - 93 - 94 - 98 - 99 - 100 - 101 - 102 - 104 - 105 - 107 - 113 - 114 - 115 - 116 - 117 - 118 - 123 - 124 - 125 - 126 - 127 - 128 - 131 - 132 - 133 - 134 - 135 - 137 - 139 - 141 - 143 - 148 - 149 - 150 - 153 - 155 - 156 - 157 - 160 - 161 - 163 - 164 - 165 - 167 - 168 - 169 - 171 - 172 - 173 - 174 - 175 - 181 - 182 - 183 - 184 - 185 - 190 - 191 - 193 - 194 - 195 - 196 - 197 - 199 - 201 - 202 - 204 - 205 - 207 - 208 - 211 - 215 - 216 - 219 - 220 - 221 - 222 - 223 - 225 - 226 - 230 - 231 - 235 - 239 - 241 - 242 - 243 - 244 - 245 - 246 - 249 - 250 - 251 - 253 - 255 - 256 - 260 - 262 - 263 - 267 - 268 - 269 - 270 - 273 - 277 - 278 - 279 - 280 - 281 - 282 - 284 - 285 - 286 - 288 - 289 - 290 - 291 - 293 - 294 - 295 - 296 - 298 - 299 - 300 - 302 - 303 - 304 - 305 - 309 - 312 - 313 - 314 - 315 - 316 - 317 - 318 - 320 - 321 - 322 - 325 - 327 - 331 - 333 - 334 - 335 - 337 - 338 - 339 - 340 - 342 - 343 - 344 - 345 - 346 - 350 - 351 - 352 - 353 - 358 - 359 - 360 - 362 - 366 - 368 - 371 - 373 - 374 - 377 - 378 - 380 - 381 - 382 - 383 - 385 - 386 - 387 - 388 - 390 - 392 - 393 - 394 - 396 - 397 - 399 - 400 - 401 - 402 - 403 - 410 - 413 - 414 - 415 - 417 - 421 - 422 - 423 - 424 - 425 - 426 - 428 - 429 - 432 - 433 - 434 - 435 - 437 - 438 - 440 - 443 - 447 - 448 - 449 - 451 - 452 - 453 - 454 - 455 - 457 - 458 - 460 - 461 - 462 - 463 - 464 - 465 - 469 - 470 - 471 - 474 - 476 - 477 - 479 - 480 - 481 - 482 - 483 - 485 - 488 - 489 - 490 - 491 - 492 - 493 - 494 - 495 - 496 - 497,572679.6,3.9,93347,91720,68.35,Cost: 93347 & Capacity: 91720
3 - 4 - 7 - 8 - 10 - 11 - 12 - 13 - 14 - 17 - 19 - 21 - 23 - 24 - 25 - 26 - 28 - 29 - 31 - 40 - 42 - 43 - 48 - 49 - 51 - 52 - 53 - 55 - 57 - 59 - 61 - 62 - 64 - 65 - 66 - 67 - 68 - 72 - 75 - 77 - 78 - 79 - 80 - 81 - 82 - 84 - 85 - 86 - 87 - 88 - 93 - 94 - 98 - 99 - 100 - 101 - 102 - 104 - 105 - 107 - 113 - 114 - 115 - 116 - 117 - 118 - 123 - 124 - 125 - 126 - 127 - 128 - 131 - 132 - 133 - 134 - 135 - 137 - 139 - 141 - 143 - 148 - 149 - 150 - 153 - 155 - 156 - 157 - 160 - 161 - 163 - 164 - 165 - 167 - 168 - 169 - 171 - 172 - 173 - 174 - 175 - 181 - 182 - 183 - 184 - 185 - 190 - 191 - 193 - 194 - 195 - 196 - 197 - 199 - 201 - 202 - 204 - 205 - 207 - 208 - 211 - 215 - 216 - 219 - 220 - 221 - 222 - 223 - 225 - 226 - 230 - 231 - 235 - 239 - 241 - 242 - 243 - 244 - 245 - 246 - 249 - 250 - 251 - 253 - 255 - 256 - 260 - 262 - 263 - 267 - 268 - 269 - 270 - 273 - 277 - 278 - 279 - 280 - 281 - 282 - 284 - 285 - 286 - 288 - 289 - 290 - 291 - 293 - 294 - 295 - 296 - 298 - 299 - 300 - 302 - 303 - 304 - 305 - 309 - 312 - 313 - 314 - 315 - 316 - 317 - 318 - 320 - 321 - 322 - 325 - 327 - 331 - 333 - 334 - 335 - 337 - 338 - 339 - 340 - 342 - 343 - 344 - 345 - 346 - 350 - 351 - 352 - 353 - 358 - 359 - 360 - 362 - 366 - 368 - 371 - 373 - 374 - 377 - 378 - 380 - 381 - 382 - 383 - 385 - 386 - 387 - 388 - 390 - 392 - 393 - 394 - 396 - 397 - 399 - 400 - 401 - 402 - 403 - 410 - 413 - 414 - 415 - 417 - 421 - 422 - 423 - 424 - 425 - 426 - 428 - 429 - 432 - 433 - 434 - 435 - 437 - 438 - 440 - 443 - 447 - 448 - 449 - 451 - 452 - 453 - 454 - 455 - 457 - 458 - 460 - 461 - 462 - 463 - 464 - 465 - 469 - 470 - 471 - 474 - 476 - 477 - 479 - 480 - 481 - 482 - 483 - 485 - 488 - 489 - 490 - 491 - 492 - 493 - 494 - 495 - 496 - 497,572679.6,3.9,93347,91720,70.39,Cost: 93347 & Capacity: 91720
3 - 4 - 7 - 8 - 10 - 11 - 12 - 13 - 14 - 17 - 19 - 21 - 23 - 24 - 25 - 26 - 28 - 29 - 31 - 40 - 42 - 43 - 48 - 49 - 51 - 52 - 53 - 55 - 57 - 59 - 61 - 62 - 64 - 65 - 66 - 67 - 68 - 72 - 75 - 77 - 78 - 79 - 80 - 81 - 82 - 84 - 85 - 86 - 87 - 88 - 93 - 94 - 98 - 99 - 100 - 101 - 102 - 104 - 105 - 113 - 114 - 115 - 116 - 117 - 118 - 123 - 124 - 125 - 126 - 127 - 128 - 131 - 132 - 133 - 134 - 135 - 137 - 139 - 141 - 143 - 148 - 149 - 150 - 153 - 155 - 156 - 157 - 160 - 161 - 163 - 164 - 165 - 167 - 168 - 169 - 171 - 172 - 173 - 174 - 175 - 180 - 181 - 182 - 183 - 184 - 185 - 190 - 191 - 193 - 194 - 195 - 196 - 197 - 199 - 201 - 202 - 204 - 205 - 207 - 208 - 211 - 215 - 216 - 219 - 220 - 221 - 222 - 223 - 225 - 226 - 230 - 231 - 235 - 239 - 241 - 242 - 243 - 244 - 245 - 246 - 249 - 250 - 251 - 253 - 255 - 256 - 258 - 260 - 262 - 263 - 267 - 268 - 269 - 270 - 273 - 277 - 278 - 279 - 280 - 281 - 282 - 284 - 285 - 286 - 288 - 289 - 290 - 291 - 293 - 294 - 295 - 296 - 298 - 299 - 300 - 302 - 303 - 304 - 305 - 309 - 312 - 313 - 314 - 315 - 316 - 317 - 318 - 320 - 321 - 322 - 325 - 327 - 331 - 333 - 334 - 335 - 337 - 338 - 340 - 342 - 343 - 344 - 345 - 346 - 350 - 351 - 352 - 353 - 358 - 359 - 360 - 362 - 366 - 368 - 371 - 373 - 374 - 377 - 378 - 380 - 381 - 383 - 385 - 386 - 387 - 388 - 390 - 392 - 393 - 394 - 396 - 397 - 399 - 400 - 401 - 402 - 403 - 410 - 413 - 414 - 415 - 417 - 421 - 422 - 423 - 424 - 425 - 426 - 428 - 429 - 432 - 433 - 434 - 435 - 437 - 438 - 440 - 441 - 443 - 447 - 448 - 449 - 451 - 452 - 453 - 454 - 455 - 457 - 458 - 460 - 461 - 462 - 463 - 464 - 465 - 469 - 470 - 471 - 474 - 476 - 477 - 479 - 480 - 481 - 482 - 483 - 485 - 488 - 489 - 490 - 491 - 492 - 493 - 494 - 495 - 496 - 497,573679.4,2.7,93354,91654,70.43,Cost: 93354 & Capacity: 91654
6 - 14 - 20 - 26 - 31 - 32 - 39 - 42 - 46 - 60 - 62 - 63 - 73 - 77 - 83 - 89 - 101 - 104 - 106 - 110 - 112 - 116 - 119 - 125 - 131 - 133 - 137 - 139 - 143 - 151 - 154 - 162 - 164 - 167 - 171 - 172 - 173 - 180 - 181 - 182 - 183 - 191 - 206 - 208 - 226 - 230 - 233 - 234 - 237 - 238 - 242 - 249 - 250 - 256 - 264 - 267 - 271 - 278 - 282 - 293 - 294 - 295 - 299 - 300 - 307 - 308 - 316 - 321 - 328 - 333 - 334 - 336 - 337 - 340 - 350 - 353 - 356 - 362 - 364 - 367 - 377 - 378 - 385 - 386 - 392 - 393 - 396 - 397 - 399 - 402 - 405 - 407 - 408 - 413 - 414 - 424 - 427 - 428 - 432 - 440 - 444 - 445 - 449 - 451 - 452 - 454 - 456 - 461 - 463 - 465 - 466 - 471 - 478 - 481 - 499,94726.6,8.4,69543,52942,72.61,Cost: 69543 & Capacity: 52942
0 - 6 - 14 - 20 - 26 - 31 - 32 - 39 - 40 - 42 - 46 - 60 - 62 - 63 - 73 - 77 - 83 - 89 - 101 - 104 - 106 - 110 - 112 - 116 - 119 - 125 - 131 - 133 - 137 - 139 - 143 - 151 - 154 - 162 - 164 - 167 - 171 - 172 - 173 - 180 - 181 - 182 - 183 - 191 - 194 - 206 - 208 - 217 - 226 - 230 - 233 - 234 - 237 - 238 - 242 - 249 - 250 - 256 - 264 - 267 - 271 - 278 - 282 - 293 - 294 - 299 - 300 - 307 - 308 - 316 - 321 - 328 - 333 - 334 - 336 - 337 - 340 - 350 - 353 - 356 - 362 - 364 - 367 - 377 - 378 - 385 - 386 - 392 - 393 - 395 - 396 - 399 - 402 - 405 - 407 - 408 - 409 - 413 - 414 - 424 - 427 - 428 - 432 - 440 - 444 - 445 - 449 - 451 - 454 - 456 - 461 - 463 - 465 - 466 - 467 - 471 - 478 - 481 - 489 - 492 - 499,104974.3,8.3,75177,57001,72.58,Cost: 75177 & Capacity: 57001
0 - 6 - 14 - 20 - 26 - 31 - 32 - 39 - 40 - 42 - 46 - 60 - 62 - 63 - 71 - 73 - 77 - 83 - 89 - 96 - 101 - 104 - 106 - 110 - 112 - 114 - 116 - 119 - 125 - 131 - 133 - 137 - 139 - 143 - 151 - 154 - 162 - 164 - 167 - 171 - 172 - 173 - 180 - 181 - 182 - 183 - 191 - 194 - 206 - 208 - 217 - 226 - 230 - 233 - 234 - 237 - 238 - 242 - 249 - 250 - 256 - 264 - 267 - 271 - 278 - 282 - 293 - 294 - 299 - 300 - 307 - 308 - 316 - 321 - 328 - 333 - 334 - 336 - 337 - 340 - 350 - 353 - 356 - 362 - 364 - 367 - 377 - 378 - 385 - 386 - 392 - 393 - 395 - 396 - 399 - 402 - 405 - 407 - 408 - 409 - 413 - 414 - 424 - 427 - 428 - 432 - 440 - 444 - 445 - 449 - 451 - 454 - 456 - 461 - 463 - 465 - 466 - 467 - 471 - 478 - 481 - 489 - 492 - 499,109867.9,8.2,77212,58535,72.58,Cost: 77212 & Capacity: 58535
3 - 4 - 7 - 10 - 11 - 12 - 13 - 14 - 19 - 21 - 23 - 24 - 25 - 26 - 28 - 29 - 31 - 40 - 42 - 43 - 48 - 49 - 51 - 52 - 53 - 55 - 57 - 59 - 61 - 62 - 64 - 65 - 66 - 67 - 68 - 72 - 75 - 77 - 80 - 84 - 85 - 86 - 87 - 88 - 90 - 93 - 94 - 98 - 99 - 100 - 101 - 102 - 104 - 105 - 108 - 113 - 114 - 115 - 116 - 117 - 118 - 123 - 124 - 125 - 127 - 128 - 131 - 132 - 133 - 134 - 135 - 137 - 139 - 141 - 143 - 148 - 149 - 150 - 153 - 155 - 156 - 157 - 161 - 164 - 165 - 167 - 168 - 169 - 171 - 172 - 173 - 174 - 175 - 180 - 181 - 182 - 183 - 184 - 185 - 190 - 191 - 193 - 194 - 195 - 196 - 197 - 199 - 201 - 202 - 204 - 205 - 207 - 208 - 211 - 215 - 216 - 219 - 220 - 221 - 222 - 223 - 225 - 226 - 230 - 231 - 235 - 238 - 239 - 241 - 242 - 243 - 244 - 245 - 246 - 247 - 249 - 250 - 251 - 253 - 255 - 256 - 260 - 262 - 263 - 266 - 267 - 268 - 269 - 270 - 273 - 277 - 278 - 279 - 281 - 282 - 284 - 286 - 288 - 289 - 290 - 291 - 293 - 295 - 296 - 298 - 299 - 300 - 302 - 303 - 304 - 305 - 308 - 312 - 314 - 315 - 316 - 317 - 318 - 321 - 322 - 325 - 327 - 328 - 331 - 333 - 334 - 335 - 337 - 338 - 340 - 342 - 343 - 344 - 345 - 346 - 350 - 351 - 352 - 353 - 358 - 359 - 360 - 362 - 365 - 366 - 368 - 371 - 373 - 374 - 377 - 378 - 380 - 381 - 383 - 385 - 386 - 387 - 388 - 389 - 390 - 392 - 393 - 394 - 396 - 397 - 399 - 400 - 401 - 402 - 403 - 405 - 410 - 412 - 413 - 414 - 415 - 417 - 421 - 422 - 423 - 424 - 425 - 426 - 428 - 429 - 432 - 433 - 434 - 435 - 437 - 438 - 440 - 443 - 445 - 447 - 448 - 449 - 451 - 452 - 453 - 454 - 455 - 457 - 458 - 460 - 461 - 462 - 464 - 465 - 469 - 471 - 474 - 476 - 477 - 479 - 481 - 482 - 483 - 485 - 488 - 489 - 490 - 491 - 492 - 493 - 494 - 495 - 496 - 497,545846.3,5.0,93342,90840,72.8,Cost: 93342 & Capacity: 90840
3 - 4 - 7 - 8 - 10 - 11 - 12 - 13 - 14 - 17 - 19 - 21 - 23 - 24 - 25 - 26 - 28 - 29 - 31 - 40 - 42 - 43 - 48 - 49 - 51 - 52 - 53 - 55 - 57 - 59 - 61 - 62 - 64 - 65 - 66 - 67 - 68 - 72 - 75 - 77 - 78 - 79 - 80 - 81 - 82 - 84 - 85 - 86 - 87 - 88 - 93 - 94 - 98 - 99 - 100 - 101 - 102 - 104 - 105 - 107 - 113 - 114 - 115 - 116 - 117 - 118 - 123 - 124 - 125 - 126 - 127 - 128 - 131 - 132 - 133 - 134 - 135 - 137 - 139 - 141 - 143 - 148 - 149 - 150 - 153 - 155 - 156 - 157 - 160 - 161 - 163 - 164 - 165 - 167 - 168 - 169 - 171 - 172 - 173 - 174 - 175 - 181 - 182 - 183 - 184 - 185 - 190 - 191 - 193 - 194 - 195 - 196 - 197 - 199 - 201 - 202 - 204 - 205 - 207 - 208 - 211 - 215 - 216 - 219 - 220 - 221 - 222 - 223 - 225 - 226 - 230 - 231 - 235 - 239 - 241 - 242 - 243 - 244 - 245 - 246 - 249 - 250 - 251 - 253 - 255 - 256 - 260 - 262 - 263 - 267 - 268 - 269 - 270 - 273 - 277 - 278 - 279 - 280 - 281 - 282 - 284 - 285 - 286 - 288 - 289 - 290 - 291 - 293 - 294 - 295 - 296 - 298 - 299 - 300 - 302 - 303 - 304 - 305 - 309 - 312 - 313 - 314 - 315 - 316 - 317 - 318 - 320 - 321 - 322 - 325 - 327 - 331 - 333 - 334 - 335 - 337 - 338 - 339 - 340 - 342 - 343 - 344 - 345 - 346 - 350 - 351 - 352 - 353 - 358 - 359 - 360 - 362 - 366 - 368 - 371 - 373 - 374 - 377 - 378 - 380 - 381 - 382 - 383 - 385 - 386 - 387 - 388 - 390 - 392 - 393 - 394 - 396 - 397 - 399 - 400 - 401 - 402 - 403 - 410 - 413 - 414 - 415 - 417 - 421 - 422 - 423 - 424 - 425 - 426 - 428 - 429 - 432 - 433 - 434 - 435 - 437 - 438 - 440 - 443 - 447 - 448 - 449 - 451 - 452 - 453 - 454 - 455 - 457 - 458 - 460 - 461 - 462 - 463 - 464 - 465 - 469 - 470 - 471 - 474 - 476 - 477 - 479 - 480 - 481 - 482 - 483 - 485 - 488 - 489 - 490 - 491 - 492 - 493 - 494 - 495 - 496 - 497,572679.6,3.9,93347,91720,75.03,Cost: 93347 & Capacity: 91720
3 - 4 - 7 - 8 - 10 - 11 - 12 - 13 - 14 - 17 - 19 - 21 - 23 - 24 - 25 - 26 - 28 - 29 - 31 - 40 - 42 - 43 - 48 - 49 - 51 - 52 - 53 - 55 - 57 - 59 - 61 - 62 - 64 - 65 - 66 - 67 - 68 - 72 - 75 - 77 - 78 - 79 - 80 - 81 - 82 - 84 - 85 - 86 - 87 - 88 - 93 - 94 - 98 - 99 - 100 - 101 - 102 - 104 - 105 - 107 - 113 - 114 - 115 - 116 - 117 - 118 - 123 - 124 - 125 - 126 - 127 - 128 - 131 - 132 - 133 - 134 - 135 - 137 - 139 - 141 - 143 - 148 - 149 - 150 - 153 - 155 - 156 - 157 - 160 - 161 - 163 - 164 - 165 - 167 - 168 - 169 - 171 - 172 - 173 - 174 - 175 - 181 - 182 - 183 - 184 - 185 - 190 - 191 - 193 - 194 - 195 - 196 - 197 - 199 - 201 - 202 - 204 - 205 - 207 - 208 - 211 - 215 - 216 - 219 - 220 - 221 - 222 - 223 - 225 - 226 - 230 - 231 - 235 - 239 - 241 - 242 - 243 - 244 - 245 - 246 - 249 - 250 - 251 - 253 - 255 - 256 - 260 - 262 - 263 - 267 - 268 - 269 - 270 - 273 - 277 - 278 - 279 - 280 - 281 - 282 - 284 - 285 - 286 - 288 - 289 - 290 - 291 - 293 - 294 - 295 - 296 - 298 - 299 - 300 - 302 - 303 - 304 - 305 - 309 - 312 - 313 - 314 - 315 - 316 - 317 - 318 - 320 - 321 - 322 - 325 - 327 - 331 - 333 - 334 - 335 - 337 - 338 - 339 - 340 - 342 - 343 - 344 - 345 - 346 - 350 - 351 - 352 - 353 - 358 - 359 - 360 - 362 - 366 - 368 - 371 - 373 - 374 - 377 - 378 - 380 - 381 - 382 - 383 - 385 - 386 - 387 - 388 - 390 - 392 - 393 - 394 - 396 - 397 - 399 - 400 - 401 - 402 - 403 - 410 - 413 - 414 - 415 - 417 - 421 - 422 - 423 - 424 - 425 - 426 - 428 - 429 - 432 - 433 - 434 - 435 - 437 - 438 - 440 - 443 - 447 - 448 - 449 - 451 - 452 - 453 - 454 - 455 - 457 - 458 - 460 - 461 - 462 - 463 - 464 - 465 - 469 - 470 - 471 - 474 - 476 - 477 - 479 - 480 - 481 - 482 - 483 - 485 - 488 - 489 - 490 - 491 - 492 - 493 - 494 - 495 - 496 - 497,572679.6,3.9,93347,91720,77.44,Cost: 93347 & Capacity: 91720
3 - 4 - 7 - 8 - 10 - 11 - 12 - 13 - 14 - 17 - 19 - 21 - 23 - 24 - 25 - 26 - 28 - 29 - 31 - 40 - 42 - 43 - 48 - 49 - 51 - 52 - 53 - 55 - 57 - 59 - 61 - 62 - 64 - 65 - 66 - 67 - 68 - 72 - 75 - 77 - 78 - 79 - 80 - 81 - 82 - 84 - 85 - 86 - 87 - 88 - 93 - 94 - 98 - 99 - 100 - 101 - 102 - 104 - 105 - 107 - 113 - 114 - 115 - 116 - 117 - 118 - 123 - 124 - 125 - 126 - 127 - 128 - 131 - 132 - 133 - 134 - 135 - 137 - 139 - 141 - 143 - 148 - 149 - 150 - 153 - 155 - 156 - 157 - 160 - 161 - 163 - 164 - 165 - 167 - 168 - 169 - 171 - 172 - 173 - 174 - 175 - 181 - 182 - 183 - 184 - 185 - 190 - 191 - 193 - 194 - 195 - 196 - 197 - 199 - 201 - 202 - 204 - 205 - 207 - 208 - 211 - 215 - 216 - 219 - 220 - 221 - 222 - 223 - 225 - 226 - 230 - 231 - 235 - 239 - 241 - 242 - 243 - 244 - 245 - 246 - 249 - 250 - 251 - 253 - 255 - 256 - 260 - 262 - 263 - 267 - 268 - 269 - 270 - 273 - 277 - 278 - 279 - 280 - 281 - 282 - 284 - 285 - 286 - 288 - 289 - 290 - 291 - 293 - 294 - 295 - 296 - 298 - 299 - 300 - 302 - 303 - 304 - 305 - 309 - 312 - 313 - 314 - 315 - 316 - 317 - 318 - 320 - 321 - 322 - 325 - 327 - 331 - 333 - 334 - 335 - 337 - 338 - 339 - 340 - 342 - 343 - 344 - 345 - 346 - 350 - 351 - 352 - 353 - 358 - 359 - 360 - 362 - 366 - 368 - 371 - 373 - 374 - 377 - 378 - 380 - 381 - 382 - 383 - 385 - 386 - 387 - 388 - 390 - 392 - 393 - 394 - 396 - 397 - 399 - 400 - 401 - 402 - 403 - 410 - 413 - 414 - 415 - 417 - 421 - 422 - 423 - 424 - 425 - 426 - 428 - 429 - 432 - 433 - 434 - 435 - 437 - 438 - 440 - 443 - 447 - 448 - 449 - 451 - 452 - 453 - 454 - 455 - 457 - 458 - 460 - 461 - 462 - 463 - 464 - 465 - 469 - 470 - 471 - 474 - 476 - 477 - 479 - 480 - 481 - 482 - 483 - 485 - 488 - 489 - 490 - 491 - 492 - 493 - 494 - 495 - 496 - 497,572679.6,3.9,93347,91720,79.89,Cost: 93347 & Capacity: 91720
3 - 4 - 7 - 8 - 10 - 11 - 12 - 13 - 14 - 17 - 19 - 21 - 23 - 24 - 25 - 26 - 28 - 29 - 31 - 40 - 42 - 43 - 48 - 49 - 51 - 52 - 53 - 55 - 57 - 59 - 61 - 62 - 64 - 65 - 66 - 67 - 68 - 72 - 75 - 77 - 79 - 80 - 81 - 82 - 84 - 85 - 86 - 87 - 88 - 93 - 94 - 98 - 99 - 100 - 101 - 102 - 104 - 105 - 113 - 114 - 115 - 116 - 117 - 118 - 123 - 124 - 125 - 126 - 127 - 128 - 131 - 132 - 133 - 134 - 135 - 137 - 139 - 141 - 143 - 148 - 149 - 150 - 153 - 155 - 156 - 157 - 160 - 161 - 163 - 164 - 165 - 167 - 168 - 169 - 171 - 172 - 173 - 174 - 175 - 180 - 181 - 182 - 183 - 184 - 185 - 190 - 191 - 193 - 194 - 195 - 196 - 197 - 199 - 201 - 202 - 204 - 205 - 207 - 208 - 211 - 215 - 216 - 219 - 220 - 221 - 222 - 223 - 225 - 226 - 230 - 231 - 235 - 239 - 241 - 242 - 243 - 244 - 245 - 246 - 249 - 250 - 251 - 253 - 255 - 256 - 260 - 262 - 263 - 267 - 268 - 269 - 270 - 273 - 277 - 278 - 279 - 281 - 282 - 284 - 285 - 286 - 288 - 289 - 290 - 291 - 293 - 294 - 295 - 296 - 298 - 299 - 300 - 302 - 303 - 304 - 305 - 308 - 309 - 312 - 313 - 314 - 315 - 316 - 317 - 318 - 321 - 322 - 325 - 327 - 328 - 331 - 333 - 334 - 335 - 337 - 338 - 340 - 342 - 343 - 344 - 345 - 346 - 350 - 351 - 352 - 353 - 358 - 359 - 360 - 362 - 366 - 368 - 371 - 373 - 374 - 377 - 378 - 380 - 381 - 382 - 383 - 385 - 386 - 387 - 388 - 389 - 390 - 392 - 393 - 394 - 396 - 397 - 399 - 400 - 401 - 402 - 403 - 405 - 410 - 413 - 414 - 415 - 417 - 421 - 422 - 423 - 424 - 425 - 426 - 428 - 429 - 432 - 433 - 434 - 435 - 437 - 438 - 440 - 443 - 447 - 448 - 449 - 451 - 452 - 453 - 454 - 455 - 457 - 458 - 460 - 461 - 462 - 464 - 465 - 469 - 471 - 474 - 476 - 477 - 479 - 480 - 481 - 482 - 483 - 485 - 488 - 489 - 490 - 491 - 492 - 493 - 494 - 495 - 496 - 497,566409.6,4.3,93335,92129,81.3,Cost: 93335 & Capacity: 92129
3 - 4 - 7 - 8 - 10 - 11 - 12 - 13 - 14 - 17 - 19 - 21 - 23 - 24 - 25 - 26 - 28 - 29 - 31 - 40 - 42 - 43 - 48 - 49 - 51 - 52 - 53 - 55 - 57 - 59 - 61 - 62 - 64 - 65 - 66 - 67 - 68 - 72 - 75 - 77 - 78 - 79 - 80 - 81 - 82 - 84 - 85 - 86 - 87 - 88 - 93 - 94 - 98 - 99 - 100 - 101 - 102 - 104 - 105 - 107 - 113 - 114 - 115 - 116 - 117 - 118 - 123 - 124 - 125 - 126 - 127 - 128 - 131 - 132 - 133 - 134 - 135 - 137 - 139 - 141 - 143 - 148 - 149 - 150 - 153 - 155 - 156 - 157 - 160 - 161 - 163 - 164 - 165 - 167 - 168 - 169 - 171 - 172 - 173 - 174 - 175 - 181 - 182 - 183 - 184 - 185 - 190 - 191 - 193 - 194 - 195 - 196 - 197 - 199 - 201 - 202 - 204 - 205 - 207 - 208 - 211 - 215 - 216 - 219 - 220 - 221 - 222 - 223 - 225 - 226 - 230 - 231 - 235 - 239 - 241 - 242 - 243 - 244 - 245 - 246 - 249 - 250 - 251 - 253 - 255 - 256 - 260 - 262 - 263 - 267 - 268 - 269 - 270 - 273 - 277 - 278 - 279 - 280 - 281 - 282 - 284 - 285 - 286 - 288 - 289 - 290 - 291 - 293 - 294 - 295 - 296 - 298 - 299 - 300 - 302 - 303 - 304 - 305 - 309 - 312 - 313 - 314 - 315 - 316 - 317 - 318 - 320 - 321 - 322 - 325 - 327 - 331 - 333 - 334 - 335 - 337 - 338 - 339 - 340 - 342 - 343 - 344 - 345 - 346 - 350 - 351 - 352 - 353 - 358 - 359 - 360 - 362 - 366 - 368 - 371 - 373 - 374 - 377 - 378 - 380 - 381 - 382 - 383 - 385 - 386 - 387 - 388 - 390 - 392 - 393 - 394 - 396 - 397 - 399 - 400 - 401 - 402 - 403 - 410 - 413 - 414 - 415 - 417 - 421 - 422 - 423 - 424 - 425 - 426 - 428 - 429 - 432 - 433 - 434 - 435 - 437 - 438 - 440 - 443 - 447 - 448 - 449 - 451 - 452 - 453 - 454 - 455 - 457 - 458 - 460 - 461 - 462 - 463 - 464 - 465 - 469 - 470 - 471 - 474 - 476 - 477 - 479 - 480 - 481 - 482 - 483 - 485 - 488 - 489 - 490 - 491 - 492 - 493 - 494 - 495 - 496 - 497,572679.6,3.9,93347,91720,86.26,Cost: 93347 & Capacity: 91720
3 - 4 - 7 - 8 - 10 - 11 - 12 - 13 - 14 - 17 - 19 - 21 - 23 - 24 - 25 - 26 - 28 - 29 - 31 - 40 - 42 - 43 - 48 - 49 - 51 - 52 - 53 - 55 - 57 - 59 - 61 - 62 - 64 - 65 - 66 - 67 - 68 - 72 - 75 - 77 - 78 - 79 - 80 - 81 - 82 - 84 - 85 - 86 - 87 - 88 - 93 - 94 - 98 - 99 - 100 - 101 - 102 - 104 - 105 - 113 - 114 - 115 - 116 - 117 - 118 - 123 - 124 - 125 - 126 - 127 - 128 - 131 - 132 - 133 - 134 - 135 - 137 - 139 - 141 - 143 - 148 - 149 - 150 - 153 - 155 - 156 - 157 - 160 - 161 - 163 - 164 - 165 - 167 - 168 - 169 - 171 - 172 - 173 - 174 - 175 - 180 - 181 - 182 - 183 - 184 - 185 - 190 - 191 - 193 - 194 - 195 - 196 - 197 - 199 - 201 - 202 - 204 - 205 - 207 - 208 - 211 - 215 - 216 - 219 - 220 - 221 - 222 - 223 - 225 - 226 - 230 - 231 - 235 - 239 - 241 - 242 - 243 - 244 - 245 - 246 - 249 - 250 - 251 - 253 - 255 - 256 - 258 - 260 - 262 - 263 - 267 - 268 - 269 - 270 - 273 - 277 - 278 - 279 - 280 - 281 - 282 - 284 - 285 - 286 - 288 - 289 - 290 - 291 - 293 - 294 - 295 - 296 - 298 - 299 - 300 - 302 - 303 - 304 - 305 - 309 - 312 - 313 - 314 - 315 - 316 - 317 - 318 - 320 - 321 - 322 - 325 - 327 - 331 - 333 - 334 - 335 - 337 - 338 - 340 - 342 - 343 - 344 - 345 - 346 - 350 - 351 - 352 - 353 - 358 - 359 - 360 - 362 - 366 - 368 - 371 - 373 - 374 - 377 - 378 - 380 - 381 - 383 - 385 - 386 - 387 - 388 - 390 - 392 - 393 - 394 - 396 - 397 - 399 - 400 - 401 - 402 - 403 - 410 - 413 - 414 - 415 - 417 - 421 - 422 - 423 - 424 - 425 - 426 - 428 - 429 - 432 - 433 - 434 - 435 - 437 - 438 - 440 - 441 - 443 - 447 - 448 - 449 - 451 - 452 - 453 - 454 - 455 - 457 - 458 - 460 - 461 - 462 - 463 - 464 - 465 - 469 - 470 - 471 - 474 - 476 - 477 - 479 - 480 - 481 - 482 - 483 - 485 - 488 - 489 - 490 - 491 - 492 - 493 - 494 - 495 - 496 - 497,573679.4,2.7,93354,91654,86.3,Cost: 93354 & Capacity: 91654
3 - 4 - 7 - 8 - 10 - 11 - 12 - 13 - 14 - 17 - 19 - 21 - 23 - 24 - 25 - 26 - 28 - 29 - 31 - 40 - 42 - 43 - 48 - 49 - 51 - 52 - 53 - 55 - 57 - 59 - 61 - 62 - 64 - 65 - 66 - 67 - 68 - 72 - 75 - 77 - 78 - 79 - 80 - 81 - 82 - 84 - 85 - 86 - 87 - 88 - 93 - 94 - 98 - 99 - 100 - 101 - 102 - 104 - 105 - 107 - 113 - 114 - 115 - 116 - 117 - 118 - 123 - 124 - 125 - 126 - 127 - 128 - 131 - 132 - 133 - 134 - 135 - 137 - 139 - 141 - 143 - 148 - 149 - 150 - 153 - 155 - 156 - 157 - 160 - 161 - 163 - 164 - 165 - 167 - 168 - 169 - 171 - 172 - 173 - 174 - 175 - 181 - 182 - 183 - 184 - 185 - 190 - 191 - 193 - 194 - 195 - 196 - 197 - 199 - 201 - 202 - 204 - 205 - 207 - 208 - 211 - 215 - 216 - 219 - 220 - 221 - 222 - 223 - 225 - 226 - 230 - 231 - 235 - 239 - 241 - 242 - 243 - 244 - 245 - 246 - 249 - 250 - 251 - 253 - 255 - 256 - 260 - 262 - 263 - 267 - 268 - 269 - 270 - 273 - 277 - 278 - 279 - 280 - 281 - 282 - 284 - 285 - 286 - 288 - 289 - 290 - 291 - 293 - 294 - 295 - 296 - 298 - 299 - 300 - 302 - 303 - 304 - 305 - 309 - 312 - 313 - 314 - 315 - 316 - 317 - 318 - 320 - 321 - 322 - 325 - 327 - 331 - 333 - 334 - 335 - 337 - 338 - 339 - 340 - 342 - 343 - 344 - 345 - 346 - 350 - 351 - 352 - 353 - 358 - 359 - 360 - 362 - 366 - 368 - 371 - 373 - 374 - 377 - 378 - 380 - 381 - 382 - 383 - 385 - 386 - 387 - 388 - 390 - 392 - 393 - 394 - 396 - 397 - 399 - 400 - 401 - 402 - 403 - 410 - 413 - 414 - 415 - 417 - 421 - 422 - 423 - 424 - 425 - 426 - 428 - 429 - 432 - 433 - 434 - 435 - 437 - 438 - 440 - 443 - 447 - 448 - 449 - 451 - 452 - 453 - 454 - 455 - 457 - 458 - 460 - 461 - 462 - 463 - 464 - 465 - 469 - 470 - 471 - 474 - 476 - 477 - 479 - 480 - 481 - 482 - 483 - 485 - 488 - 489 - 490 - 491 - 492 - 493 - 494 - 495 - 496 - 497,572679.6,3.9,93347,91720,99.35,Cost: 93347 & Capacity: 91720
3 - 4 - 7 - 8 - 10 - 11 - 12 - 13 - 14 - 17 - 19 - 21 - 23 - 24 - 25 - 26 - 28 - 29 - 31 - 40 - 42 - 43 - 48 - 49 - 51 - 52 - 53 - 55 - 57 - 59 - 61 - 62 - 64 - 65 - 66 - 67 - 68 - 72 - 75 - 77 - 78 - 79 - 80 - 81 - 82 - 84 - 85 - 86 - 87 - 88 - 93 - 94 - 98 - 99 - 100 - 101 - 102 - 104 - 105 - 107 - 113 - 114 - 115 - 116 - 117 - 118 - 123 - 124 - 125 - 126 - 127 - 128 - 131 - 132 - 133 - 134 - 135 - 137 - 139 - 141 - 143 - 148 - 149 - 150 - 153 - 155 - 156 - 157 - 160 - 161 - 163 - 164 - 165 - 167 - 168 - 169 - 171 - 172 - 173 - 174 - 175 - 181 - 182 - 183 - 184 - 185 - 190 - 191 - 193 - 194 - 195 - 196 - 197 - 199 - 201 - 202 - 204 - 205 - 207 - 208 - 211 - 215 - 216 - 219 - 220 - 221 - 222 - 223 - 225 - 226 - 230 - 231 - 235 - 239 - 241 - 242 - 243 - 244 - 245 - 246 - 249 - 250 - 251 - 253 - 255 - 256 - 260 - 262 - 263 - 267 - 268 - 269 - 270 - 273 - 277 - 278 - 279 - 280 - 281 - 282 - 284 - 285 - 286 - 288 - 289 - 290 - 291 - 293 - 294 - 295 - 296 - 298 - 299 - 300 - 302 - 303 - 304 - 305 - 309 - 312 - 313 - 314 - 315 - 316 - 317 - 318 - 320 - 321 - 322 - 325 - 327 - 331 - 333 - 334 - 335 - 337 - 338 - 339 - 340 - 342 - 343 - 344 - 345 - 346 - 350 - 351 - 352 - 353 - 358 - 359 - 360 - 362 - 366 - 368 - 371 - 373 - 374 - 377 - 378 - 380 - 381 - 382 - 383 - 385 - 386 - 387 - 388 - 390 - 392 - 393 - 394 - 396 - 397 - 399 - 400 - 401 - 402 - 403 - 410 - 413 - 414 - 415 - 417 - 421 - 422 - 423 - 424 - 425 - 426 - 428 - 429 - 432 - 433 - 434 - 435 - 437 - 438 - 440 - 443 - 447 - 448 - 449 - 451 - 452 - 453 - 454 - 455 - 457 - 458 - 460 - 461 - 462 - 463 - 464 - 465 - 469 - 470 - 471 - 474 - 476 - 477 - 479 - 480 - 481 - 482 - 483 - 485 - 488 - 489 - 490 - 491 - 492 - 493 - 494 - 495 - 496 - 497,572679.6,3.9,93347,91720,100.72,Cost: 93347 & Capacity: 91720
3 - 4 - 7 - 8 - 10 - 11 - 12 - 13 - 14 - 17 - 19 - 21 - 23 - 24 - 25 - 26 - 28 - 29 - 31 - 40 - 42 - 43 - 48 - 49 - 51 - 52 - 53 - 55 - 57 - 59 - 61 - 62 - 64 - 65 - 66 - 67 - 68 - 72 - 75 - 77 - 78 - 79 - 80 - 81 - 82 - 84 - 85 - 86 - 87 - 88 - 93 - 94 - 98 - 99 - 100 - 101 - 102 - 104 - 105 - 107 - 113 - 114 - 115 - 116 - 117 - 118 - 123 - 124 - 125 - 126 - 127 - 128 - 131 - 132 - 133 - 134 - 135 - 137 - 139 - 141 - 143 - 148 - 149 - 150 - 153 - 155 - 156 - 157 - 160 - 161 - 163 - 164 - 165 - 167 - 168 - 169 - 171 - 172 - 173 - 174 - 175 - 181 - 182 - 183 - 184 - 185 - 190 - 191 - 193 - 194 - 195 - 196 - 197 - 199 - 201 - 202 - 204 - 205 - 207 - 208 - 211 - 215 - 216 - 219 - 220 - 221 - 222 - 223 - 225 - 226 - 230 - 231 - 235 - 239 - 241 - 242 - 243 - 244 - 245 - 246 - 249 - 250 - 251 - 253 - 255 - 256 - 260 - 262 - 263 - 267 - 268 - 269 - 270 - 273 - 277 - 278 - 279 - 280 - 281 - 282 - 284 - 285 - 286 - 288 - 289 - 290 - 291 - 293 - 294 - 295 - 296 - 298 - 299 - 300 - 302 - 303 - 304 - 305 - 309 - 312 - 313 - 314 - 315 - 316 - 317 - 318 - 320 - 321 - 322 - 325 - 327 - 331 - 333 - 334 - 335 - 337 - 338 - 339 - 340 - 342 - 343 - 344 - 345 - 346 - 350 - 351 - 352 - 353 - 358 - 359 - 360 - 362 - 366 - 368 - 371 - 373 - 374 - 377 - 378 - 380 - 381 - 382 - 383 - 385 - 386 - 387 - 388 - 390 - 392 - 393 - 394 - 396 - 397 - 399 - 400 - 401 - 402 - 403 - 410 - 413 - 414 - 415 - 417 - 421 - 422 - 423 - 424 - 425 - 426 - 428 - 429 - 432 - 433 - 434 - 435 - 437 - 438 - 440 - 443 - 447 - 448 - 449 - 451 - 452 - 453 - 454 - 455 - 457 - 458 - 460 - 461 - 462 - 463 - 464 - 465 - 469 - 470 - 471 - 474 - 476 - 477 - 479 - 480 - 481 - 482 - 483 - 485 - 488 - 489 - 490 - 491 - 492 - 493 - 494 - 495 - 496 - 497,572679.6,3.9,93347,91720,111.0,Cost: 93347 & Capacity: 91720
3 - 4 - 7 - 8 - 10 - 11 - 12 - 13 - 14 - 17 - 19 - 21 - 23 - 24 - 25 - 26 - 28 - 29 - 31 - 40 - 42 - 43 - 48 - 49 - 51 - 52 - 53 - 55 - 57 - 59 - 61 - 62 - 64 - 65 - 66 - 67 - 68 - 72 - 75 - 77 - 78 - 79 - 80 - 81 - 82 - 84 - 85 - 86 - 87 - 88 - 93 - 94 - 98 - 99 - 100 - 101 - 102 - 104 - 105 - 113 - 114 - 115 - 116 - 117 - 118 - 123 - 124 - 125 - 126 - 127 - 128 - 131 - 132 - 133 - 134 - 135 - 137 - 139 - 141 - 143 - 148 - 149 - 150 - 153 - 155 - 156 - 157 - 160 - 161 - 163 - 164 - 165 - 167 - 168 - 169 - 171 - 172 - 173 - 174 - 175 - 180 - 181 - 182 - 183 - 184 - 185 - 190 - 191 - 193 - 194 - 195 - 196 - 197 - 199 - 201 - 202 - 204 - 205 - 207 - 208 - 211 - 215 - 216 - 219 - 220 - 221 - 222 - 223 - 225 - 226 - 230 - 231 - 235 - 239 - 241 - 242 - 243 - 244 - 245 - 246 - 249 - 250 - 251 - 253 - 255 - 256 - 258 - 260 - 262 - 263 - 267 - 268 - 269 - 270 - 273 - 277 - 278 - 279 - 280 - 281 - 282 - 284 - 285 - 286 - 288 - 289 - 290 - 291 - 293 - 294 - 295 - 296 - 298 - 299 - 300 - 302 - 303 - 304 - 305 - 309 - 312 - 313 - 314 - 315 - 316 - 317 - 318 - 320 - 321 - 322 - 325 - 327 - 331 - 333 - 334 - 335 - 337 - 338 - 340 - 342 - 343 - 344 - 345 - 346 - 350 - 351 - 352 - 353 - 358 - 359 - 360 - 362 - 366 - 368 - 371 - 373 - 374 - 377 - 378 - 380 - 381 - 383 - 385 - 386 - 387 - 388 - 390 - 392 - 393 - 394 - 396 - 397 - 399 - 400 - 401 - 402 - 403 - 410 - 413 - 414 - 415 - 417 - 421 - 422 - 423 - 424 - 425 - 426 - 428 - 429 - 432 - 433 - 434 - 435 - 437 - 438 - 440 - 441 - 443 - 447 - 448 - 449 - 451 - 452 - 453 - 454 - 455 - 457 - 458 - 460 - 461 - 462 - 463 - 464 - 465 - 469 - 470 - 471 - 474 - 476 - 477 - 479 - 480 - 481 - 482 - 483 - 485 - 488 - 489 - 490 - 491 - 492 - 493 - 494 - 495 - 496 - 497,573679.4,2.7,93354,91654,111.03,Cost: 93354 & Capacity: 91654
4 - 7 - 8 - 10 - 11 - 12 - 13 - 14 - 17 - 19 - 20 - 21 - 23 - 24 - 25 - 26 - 28 - 29 - 31 - 34 - 39 - 40 - 42 - 43 - 49 - 52 - 53 - 55 - 57 - 59 - 61 - 62 - 64 - 65 - 66 - 67 - 68 - 72 - 75 - 77 - 78 - 80 - 84 - 85 - 86 - 87 - 88 - 90 - 93 - 94 - 98 - 99 - 100 - 101 - 102 - 104 - 105 - 108 - 112 - 113 - 114 - 115 - 116 - 117 - 118 - 123 - 124 - 125 - 127 - 131 - 132 - 133 - 134 - 135 - 137 - 139 - 141 - 143 - 150 - 153 - 155 - 156 - 157 - 161 - 162 - 164 - 165 - 167 - 168 - 169 - 172 - 173 - 174 - 180 - 181 - 182 - 183 - 184 - 185 - 190 - 191 - 193 - 194 - 195 - 196 - 197 - 199 - 202 - 204 - 205 - 207 - 208 - 211 - 215 - 216 - 219 - 220 - 222 - 223 - 226 - 229 - 230 - 231 - 232 - 235 - 238 - 239 - 241 - 242 - 243 - 244 - 247 - 249 - 250 - 253 - 255 - 256 - 260 - 261 - 262 - 263 - 266 - 267 - 268 - 269 - 270 - 273 - 277 - 278 - 279 - 282 - 284 - 286 - 288 - 289 - 290 - 295 - 296 - 298 - 300 - 302 - 303 - 304 - 305 - 308 - 312 - 314 - 315 - 316 - 317 - 318 - 321 - 322 - 325 - 327 - 328 - 331 - 333 - 334 - 335 - 337 - 338 - 340 - 342 - 343 - 344 - 345 - 346 - 350 - 351 - 352 - 353 - 358 - 359 - 360 - 362 - 365 - 366 - 371 - 373 - 374 - 376 - 377 - 378 - 380 - 381 - 383 - 384 - 385 - 386 - 387 - 389 - 390 - 392 - 393 - 394 - 396 - 397 - 399 - 400 - 401 - 402 - 403 - 405 - 410 - 411 - 413 - 414 - 417 - 421 - 424 - 425 - 426 - 428 - 429 - 431 - 432 - 433 - 434 - 435 - 437 - 438 - 440 - 443 - 445 - 449 - 451 - 452 - 453 - 454 - 456 - 458 - 461 - 464 - 465 - 469 - 470 - 471 - 474 - 476 - 477 - 479 - 481 - 482 - 488 - 489 - 491 - 493 - 496 - 497,480780.9,5.9,93349,89379,117.69,Cost: 93349 & Capacity: 89379
4 - 6 - 7 - 10 - 11 - 12 - 13 - 20 - 21 - 24 - 25 - 26 - 28 - 31 - 34 - 39 - 40 - 43 - 48 - 50 - 55 - 57 - 59 - 61 - 62 - 64 - 65 - 66 - 67 - 68 - 72 - 75 - 77 - 78 - 80 - 81 - 84 - 85 - 86 - 87 - 90 - 93 - 94 - 98 - 99 - 100 - 102 - 103 - 104 - 105 - 108 - 112 - 113 - 114 - 116 - 118 - 123 - 125 - 131 - 132 - 133 - 137 - 139 - 141 - 143 - 144 - 150 - 153 - 155 - 156 - 161 - 162 - 164 - 165 - 167 - 168 - 169 - 172 - 173 - 174 - 176 - 177 - 180 - 181 - 182 - 183 - 184 - 185 - 186 - 190 - 191 - 193 - 194 - 195 - 196 - 197 - 199 - 202 - 204 - 205 - 207 - 208 - 211 - 215 - 216 - 219 - 220 - 222 - 229 - 231 - 232 - 235 - 236 - 238 - 239 - 242 - 243 - 244 - 247 - 249 - 250 - 254 - 255 - 256 - 259 - 260 - 261 - 262 - 263 - 267 - 268 - 269 - 270 - 277 - 278 - 282 - 286 - 289 - 295 - 298 - 300 - 301 - 302 - 303 - 304 - 305 - 308 - 312 - 314 - 315 - 316 - 317 - 318 - 319 - 321 - 322 - 325 - 327 - 328 - 331 - 333 - 334 - 335 - 337 - 338 - 340 - 342 - 343 - 344 - 345 - 346 - 350 - 351 - 352 - 353 - 358 - 359 - 360 - 362 - 365 - 366 - 371 - 373 - 374 - 376 - 378 - 380 - 381 - 383 - 384 - 385 - 386 - 387 - 390 - 392 - 393 - 394 - 396 - 397 - 399 - 401 - 402 - 403 - 410 - 411 - 412 - 413 - 415 - 416 - 417 - 421 - 424 - 427 - 428 - 429 - 431 - 432 - 433 - 434 - 435 - 437 - 438 - 440 - 445 - 449 - 451 - 452 - 453 - 455 - 456 - 457 - 458 - 460 - 461 - 464 - 465 - 466 - 469 - 471 - 473 - 474 - 475 - 477 - 478 - 479 - 481 - 482 - 488 - 489 - 490 - 491 - 493 - 496,426301.9,6.3,93321,88566,122.36,Cost: 93321 & Capacity: 88566
3 - 4 - 7 - 8 - 10 - 11 - 12 - 13 - 14 - 17 - 19 - 21 - 23 - 24 - 25 - 26 - 28 - 29 - 31 - 40 - 42 - 43 - 48 - 49 - 51 - 52 - 53 - 55 - 57 - 59 - 61 - 62 - 64 - 65 - 66 - 67 - 68 - 72 - 75 - 77 - 78 - 79 - 80 - 81 - 82 - 84 - 85 - 86 - 87 - 88 - 93 - 94 - 98 - 99 - 100 - 101 - 102 - 104 - 105 - 107 - 113 - 114 - 115 - 116 - 117 - 118 - 123 - 124 - 125 - 126 - 127 - 128 - 131 - 132 - 133 - 134 - 135 - 137 - 139 - 141 - 143 - 148 - 149 - 150 - 153 - 155 - 156 - 157 - 160 - 161 - 163 - 164 - 165 - 167 - 168 - 169 - 171 - 172 - 173 - 174 - 175 - 181 - 182 - 183 - 184 - 185 - 190 - 191 - 193 - 194 - 195 - 196 - 197 - 199 - 201 - 202 - 204 - 205 - 207 - 208 - 211 - 215 - 216 - 219 - 220 - 221 - 222 - 223 - 225 - 226 - 230 - 231 - 235 - 239 - 241 - 242 - 243 - 244 - 245 - 246 - 249 - 250 - 251 - 253 - 255 - 256 - 260 - 262 - 263 - 267 - 268 - 269 - 270 - 273 - 277 - 278 - 279 - 280 - 281 - 282 - 284 - 285 - 286 - 288 - 289 - 290 - 291 - 293 - 294 - 295 - 296 - 298 - 299 - 300 - 302 - 303 - 304 - 305 - 309 - 312 - 313 - 314 - 315 - 316 - 317 - 318 - 320 - 321 - 322 - 325 - 327 - 331 - 333 - 334 - 335 - 337 - 338 - 339 - 340 - 342 - 343 - 344 - 345 - 346 - 350 - 351 - 352 - 353 - 358 - 359 - 360 - 362 - 366 - 368 - 371 - 373 - 374 - 377 - 378 - 380 - 381 - 382 - 383 - 385 - 386 - 387 - 388 - 390 - 392 - 393 - 394 - 396 - 397 - 399 - 400 - 401 - 402 - 403 - 410 - 413 - 414 - 415 - 417 - 421 - 422 - 423 - 424 - 425 - 426 - 428 - 429 - 432 - 433 - 434 - 435 - 437 - 438 - 440 - 443 - 447 - 448 - 449 - 451 - 452 - 453 - 454 - 455 - 457 - 458 - 460 - 461 - 462 - 463 - 464 - 465 - 469 - 470 - 471 - 474 - 476 - 477 - 479 - 480 - 481 - 482 - 483 - 485 - 488 - 489 - 490 - 491 - 492 - 493 - 494 - 495 - 496 - 497,572679.6,3.9,93347,91720,124.11,Cost: 93347 & Capacity: 91720
3 - 4 - 7 - 8 - 10 - 11 - 12 - 13 - 14 - 17 - 19 - 21 - 23 - 24 - 25 - 26 - 28 - 29 - 31 - 40 - 42 - 43 - 48 - 49 - 51 - 52 - 53 - 55 - 57 - 59 - 61 - 62 - 64 - 65 - 66 - 67 - 68 - 72 - 75 - 77 - 78 - 79 - 80 - 81 - 82 - 84 - 85 - 86 - 87 - 88 - 93 - 94 - 98 - 99 - 100 - 101 - 102 - 104 - 105 - 107 - 113 - 114 - 115 - 116 - 117 - 118 - 123 - 124 - 125 - 126 - 127 - 128 - 131 - 132 - 133 - 134 - 135 - 137 - 139 - 141 - 143 - 148 - 149 - 150 - 153 - 155 - 156 - 157 - 160 - 161 - 163 - 164 - 165 - 167 - 168 - 169 - 171 - 172 - 173 - 174 - 175 - 181 - 182 - 183 - 184 - 185 - 190 - 191 - 193 - 194 - 195 - 196 - 197 - 199 - 201 - 202 - 204 - 205 - 207 - 208 - 211 - 215 - 216 - 219 - 220 - 221 - 222 - 223 - 225 - 226 - 230 - 231 - 235 - 239 - 241 - 242 - 243 - 244 - 245 - 246 - 249 - 250 - 251 - 253 - 255 - 256 - 260 - 262 - 263 - 267 - 268 - 269 - 270 - 273 - 277 - 278 - 279 - 280 - 281 - 282 - 284 - 285 - 286 - 288 - 289 - 290 - 291 - 293 - 294 - 295 - 296 - 298 - 299 - 300 - 302 - 303 - 304 - 305 - 309 - 312 - 313 - 314 - 315 - 316 - 317 - 318 - 320 - 321 - 322 - 325 - 327 - 331 - 333 - 334 - 335 - 337 - 338 - 339 - 340 - 342 - 343 - 344 - 345 - 346 - 350 - 351 - 352 - 353 - 358 - 359 - 360 - 362 - 366 - 368 - 371 - 373 - 374 - 377 - 378 - 380 - 381 - 382 - 383 - 385 - 386 - 387 - 388 - 390 - 392 - 393 - 394 - 396 - 397 - 399 - 400 - 401 - 402 - 403 - 410 - 413 - 414 - 415 - 417 - 421 - 422 - 423 - 424 - 425 - 426 - 428 - 429 - 432 - 433 - 434 - 435 - 437 - 438 - 440 - 443 - 447 - 448 - 449 - 451 - 452 - 453 - 454 - 455 - 457 - 458 - 460 - 461 - 462 - 463 - 464 - 465 - 469 - 470 - 471 - 474 - 476 - 477 - 479 - 480 - 481 - 482 - 483 - 485 - 488 - 489 - 490 - 491 - 492 - 493 - 494 - 495 - 496 - 497,572679.6,3.9,93347,91720,125.4,Cost: 93347 & Capacity: 91720
3 - 4 - 7 - 10 - 11 - 12 - 13 - 14 - 19 - 20 - 21 - 23 - 24 - 25 - 26 - 28 - 29 - 31 - 39 - 40 - 42 - 43 - 48 - 49 - 52 - 53 - 55 - 57 - 59 - 61 - 62 - 64 - 65 - 66 - 67 - 68 - 72 - 75 - 77 - 78 - 80 - 84 - 85 - 86 - 87 - 88 - 90 - 93 - 98 - 99 - 100 - 101 - 102 - 104 - 105 - 108 - 112 - 113 - 114 - 115 - 116 - 117 - 123 - 124 - 125 - 127 - 131 - 132 - 133 - 134 - 135 - 137 - 139 - 141 - 143 - 150 - 153 - 155 - 156 - 157 - 159 - 161 - 164 - 165 - 167 - 168 - 169 - 171 - 172 - 173 - 174 - 177 - 180 - 181 - 182 - 183 - 184 - 185 - 190 - 191 - 193 - 194 - 195 - 196 - 197 - 199 - 201 - 202 - 204 - 205 - 207 - 208 - 211 - 215 - 216 - 219 - 220 - 222 - 223 - 225 - 226 - 229 - 230 - 231 - 235 - 238 - 239 - 241 - 242 - 243 - 244 - 247 - 249 - 250 - 253 - 255 - 256 - 260 - 262 - 263 - 266 - 267 - 268 - 269 - 270 - 273 - 277 - 278 - 279 - 282 - 284 - 286 - 288 - 289 - 290 - 291 - 293 - 295 - 296 - 298 - 299 - 300 - 302 - 303 - 304 - 305 - 308 - 312 - 314 - 315 - 316 - 317 - 318 - 321 - 322 - 325 - 327 - 328 - 331 - 333 - 334 - 335 - 337 - 338 - 340 - 342 - 343 - 344 - 345 - 346 - 350 - 351 - 352 - 353 - 358 - 359 - 360 - 362 - 365 - 366 - 368 - 371 - 373 - 374 - 376 - 377 - 378 - 380 - 383 - 385 - 386 - 387 - 388 - 389 - 390 - 392 - 393 - 394 - 396 - 397 - 399 - 400 - 401 - 402 - 403 - 405 - 410 - 411 - 413 - 414 - 415 - 417 - 421 - 423 - 424 - 425 - 426 - 428 - 429 - 432 - 433 - 434 - 435 - 437 - 438 - 440 - 445 - 448 - 449 - 451 - 452 - 453 - 454 - 455 - 456 - 458 - 460 - 461 - 464 - 465 - 469 - 471 - 474 - 476 - 477 - 479 - 481 - 482 - 483 - 488 - 489 - 490 - 491 - 493 - 494 - 495 - 496 - 497,508224.1,5.6,93326,90501,126.79,Cost: 93326 & Capacity: 90501
3 - 4 - 7 - 8 - 10 - 11 - 12 - 13 - 14 - 17 - 19 - 21 - 23 - 24 - 25 - 26 - 28 - 29 - 31 - 40 - 42 - 43 - 48 - 49 - 51 - 52 - 53 - 55 - 57 - 59 - 61 - 62 - 64 - 65 - 66 - 67 - 68 - 72 - 75 - 77 - 78 - 79 - 80 - 81 - 82 - 84 - 85 - 86 - 87 - 88 - 93 - 94 - 98 - 99 - 100 - 101 - 102 - 104 - 105 - 107 - 113 - 114 - 115 - 116 - 117 - 118 - 123 - 124 - 125 - 126 - 127 - 128 - 131 - 132 - 133 - 134 - 135 - 137 - 139 - 141 - 143 - 148 - 149 - 150 - 153 - 155 - 156 - 157 - 160 - 161 - 163 - 164 - 165 - 167 - 168 - 169 - 171 - 172 - 173 - 174 - 175 - 181 - 182 - 183 - 184 - 185 - 190 - 191 - 193 - 194 - 195 - 196 - 197 - 199 - 201 - 202 - 204 - 205 - 207 - 208 - 211 - 215 - 216 - 219 - 220 - 221 - 222 - 223 - 225 - 226 - 230 - 231 - 235 - 239 - 241 - 242 - 243 - 244 - 245 - 246 - 249 - 250 - 251 - 253 - 255 - 256 - 260 - 262 - 263 - 267 - 268 - 269 - 270 - 273 - 277 - 278 - 279 - 280 - 281 - 282 - 284 - 285 - 286 - 288 - 289 - 290 - 291 - 293 - 294 - 295 - 296 - 298 - 299 - 300 - 302 - 303 - 304 - 305 - 309 - 312 - 313 - 314 - 315 - 316 - 317 - 318 - 320 - 321 - 322 - 325 - 327 - 331 - 333 - 334 - 335 - 337 - 338 - 339 - 340 - 342 - 343 - 344 - 345 - 346 - 350 - 351 - 352 - 353 - 358 - 359 - 360 - 362 - 366 - 368 - 371 - 373 - 374 - 377 - 378 - 380 - 381 - 382 - 383 - 385 - 386 - 387 - 388 - 390 - 392 - 393 - 394 - 396 - 397 - 399 - 400 - 401 - 402 - 403 - 410 - 413 - 414 - 415 - 417 - 421 - 422 - 423 - 424 - 425 - 426 - 428 - 429 - 432 - 433 - 434 - 435 - 437 - 438 - 440 - 443 - 447 - 448 - 449 - 451 - 452 - 453 - 454 - 455 - 457 - 458 - 460 - 461 - 462 - 463 - 464 - 465 - 469 - 470 - 471 - 474 - 476 - 477 - 479 - 480 - 481 - 482 - 483 - 485 - 488 - 489 - 490 - 491 - 492 - 493 - 494 - 495 - 496 - 497,572679.6,3.9,93347,91720,126.97,Cost: 93347 & Capacity: 91720
3 - 4 - 7 - 10 - 11 - 12 - 13 - 14 - 19 - 21 - 23 - 24 - 25 - 26 - 28 - 29 - 31 - 34 - 40 - 42 - 43 - 48 - 49 - 50 - 52 - 53 - 55 - 57 - 59 - 61 - 62 - 64 - 65 - 66 - 67 - 68 - 72 - 75 - 77 - 78 - 80 - 84 - 85 - 86 - 87 - 88 - 90 - 93 - 98 - 99 - 100 - 101 - 102 - 104 - 105 - 113 - 114 - 115 - 116 - 117 - 118 - 123 - 124 - 125 - 126 - 127 - 128 - 131 - 132 - 133 - 134 - 135 - 137 - 139 - 141 - 143 - 150 - 153 - 155 - 156 - 157 - 159 - 161 - 164 - 165 - 167 - 168 - 169 - 171 - 172 - 173 - 174 - 175 - 180 - 181 - 182 - 183 - 184 - 185 - 190 - 191 - 193 - 194 - 195 - 196 - 197 - 199 - 201 - 202 - 204 - 205 - 207 - 208 - 211 - 215 - 216 - 219 - 220 - 222 - 223 - 225 - 226 - 229 - 230 - 231 - 235 - 239 - 241 - 242 - 243 - 244 - 245 - 246 - 247 - 249 - 250 - 253 - 255 - 256 - 260 - 262 - 263 - 267 - 268 - 269 - 270 - 273 - 277 - 278 - 279 - 282 - 284 - 286 - 288 - 289 - 290 - 291 - 293 - 295 - 296 - 298 - 299 - 300 - 302 - 303 - 304 - 305 - 308 - 312 - 314 - 315 - 316 - 317 - 318 - 321 - 322 - 325 - 327 - 328 - 331 - 333 - 334 - 335 - 337 - 338 - 340 - 342 - 343 - 344 - 345 - 346 - 350 - 351 - 352 - 353 - 358 - 359 - 360 - 362 - 365 - 366 - 368 - 371 - 373 - 374 - 376 - 377 - 378 - 380 - 381 - 382 - 383 - 385 - 386 - 387 - 388 - 389 - 390 - 392 - 393 - 394 - 396 - 397 - 399 - 400 - 401 - 402 - 403 - 405 - 410 - 412 - 413 - 414 - 415 - 417 - 421 - 422 - 423 - 424 - 425 - 426 - 428 - 429 - 432 - 433 - 434 - 435 - 437 - 438 - 440 - 443 - 447 - 448 - 449 - 451 - 452 - 453 - 454 - 455 - 457 - 458 - 460 - 461 - 462 - 464 - 465 - 469 - 471 - 474 - 476 - 477 - 479 - 481 - 482 - 483 - 485 - 488 - 489 - 490 - 491 - 492 - 493 - 494 - 495 - 496 - 497,531925.4,5.2,93335,91163,128.7,Cost: 93335 & Capacity: 91163
3 - 4 - 7 - 8 - 10 - 11 - 12 - 13 - 14 - 17 - 19 - 21 - 23 - 24 - 25 - 26 - 28 - 29 - 31 - 40 - 42 - 43 - 48 - 49 - 51 - 52 - 53 - 55 - 57 - 59 - 61 - 62 - 64 - 65 - 66 - 67 - 68 - 72 - 75 - 77 - 78 - 79 - 80 - 81 - 82 - 84 - 85 - 86 - 87 - 88 - 93 - 94 - 98 - 99 - 100 - 101 - 102 - 104 - 105 - 113 - 114 - 115 - 116 - 117 - 118 - 123 - 124 - 125 - 126 - 127 - 128 - 131 - 132 - 133 - 134 - 135 - 137 - 139 - 141 - 143 - 147 - 148 - 149 - 150 - 153 - 155 - 156 - 157 - 160 - 161 - 163 - 164 - 165 - 167 - 168 - 169 - 171 - 172 - 173 - 174 - 175 - 180 - 181 - 182 - 183 - 184 - 185 - 190 - 191 - 193 - 194 - 195 - 196 - 197 - 199 - 201 - 202 - 204 - 205 - 207 - 208 - 211 - 215 - 216 - 219 - 220 - 221 - 222 - 223 - 225 - 226 - 230 - 231 - 235 - 239 - 241 - 242 - 243 - 244 - 245 - 246 - 249 - 250 - 251 - 253 - 255 - 256 - 258 - 260 - 262 - 263 - 267 - 268 - 269 - 270 - 273 - 277 - 278 - 279 - 280 - 281 - 282 - 284 - 285 - 286 - 288 - 289 - 290 - 291 - 293 - 294 - 295 - 296 - 298 - 299 - 300 - 302 - 303 - 304 - 305 - 309 - 312 - 313 - 314 - 315 - 316 - 317 - 318 - 321 - 322 - 325 - 327 - 331 - 333 - 334 - 335 - 337 - 338 - 340 - 342 - 343 - 344 - 345 - 346 - 350 - 351 - 352 - 353 - 358 - 359 - 360 - 362 - 366 - 368 - 371 - 373 - 374 - 377 - 378 - 380 - 381 - 383 - 385 - 386 - 387 - 388 - 390 - 392 - 393 - 394 - 396 - 397 - 399 - 400 - 401 - 402 - 403 - 410 - 413 - 414 - 415 - 417 - 421 - 422 - 423 - 424 - 425 - 426 - 428 - 429 - 432 - 433 - 434 - 435 - 437 - 438 - 440 - 441 - 443 - 447 - 448 - 449 - 451 - 452 - 453 - 454 - 455 - 457 - 458 - 460 - 461 - 462 - 463 - 464 - 465 - 469 - 470 - 471 - 474 - 476 - 477 - 479 - 480 - 481 - 482 - 483 - 485 - 488 - 489 - 490 - 491 - 492 - 493 - 494 - 495 - 496 - 497,573820.7,2.7,93344,92137,128.92,Cost: 93344 & Capacity: 92137
3 - 4 - 7 - 8 - 10 - 11 - 12 - 13 - 14 - 17 - 19 - 21 - 23 - 24 - 25 - 26 - 28 - 29 - 31 - 40 - 42 - 43 - 48 - 49 - 51 - 52 - 53 - 55 - 57 - 59 - 61 - 62 - 64 - 65 - 66 - 67 - 68 - 72 - 75 - 77 - 78 - 79 - 80 - 81 - 82 - 84 - 85 - 86 - 87 - 88 - 93 - 94 - 98 - 99 - 100 - 101 - 102 - 104 - 105 - 107 - 113 - 114 - 115 - 116 - 117 - 118 - 123 - 124 - 125 - 126 - 127 - 128 - 131 - 132 - 133 - 134 - 135 - 137 - 139 - 141 - 143 - 148 - 149 - 150 - 153 - 155 - 156 - 157 - 160 - 161 - 163 - 164 - 165 - 167 - 168 - 169 - 171 - 172 - 173 - 174 - 175 - 181 - 182 - 183 - 184 - 185 - 190 - 191 - 193 - 194 - 195 - 196 - 197 - 199 - 201 - 202 - 204 - 205 - 207 - 208 - 211 - 215 - 216 - 219 - 220 - 221 - 222 - 223 - 225 - 226 - 230 - 231 - 235 - 239 - 241 - 242 - 243 - 244 - 245 - 246 - 249 - 250 - 251 - 253 - 255 - 256 - 260 - 262 - 263 - 267 - 268 - 269 - 270 - 273 - 277 - 278 - 279 - 280 - 281 - 282 - 284 - 285 - 286 - 288 - 289 - 290 - 291 - 293 - 294 - 295 - 296 - 298 - 299 - 300 - 302 - 303 - 304 - 305 - 309 - 312 - 313 - 314 - 315 - 316 - 317 - 318 - 320 - 321 - 322 - 325 - 327 - 331 - 333 - 334 - 335 - 337 - 338 - 339 - 340 - 342 - 343 - 344 - 345 - 346 - 350 - 351 - 352 - 353 - 358 - 359 - 360 - 362 - 366 - 368 - 371 - 373 - 374 - 377 - 378 - 380 - 381 - 382 - 383 - 385 - 386 - 387 - 388 - 390 - 392 - 393 - 394 - 396 - 397 - 399 - 400 - 401 - 402 - 403 - 410 - 413 - 414 - 415 - 417 - 421 - 422 - 423 - 424 - 425 - 426 - 428 - 429 - 432 - 433 - 434 - 435 - 437 - 438 - 440 - 443 - 447 - 448 - 449 - 451 - 452 - 453 - 454 - 455 - 457 - 458 - 460 - 461 - 462 - 463 - 464 - 465 - 469 - 470 - 471 - 474 - 476 - 477 - 479 - 480 - 481 - 482 - 483 - 485 - 488 - 489 - 490 - 491 - 492 - 493 - 494 - 495 - 496 - 497,572679.6,3.9,93347,91720,128.96,Cost: 93347 & Capacity: 91720
3 - 4 - 7 - 8 - 10 - 11 - 12 - 13 - 14 - 17 - 19 - 21 - 23 - 24 - 25 - 26 - 28 - 29 - 31 - 40 - 42 - 43 - 48 - 49 - 51 - 52 - 53 - 55 - 57 - 59 - 61 - 62 - 64 - 65 - 66 - 67 - 68 - 72 - 75 - 77 - 78 - 79 - 80 - 81 - 82 - 84 - 85 - 86 - 87 - 88 - 93 - 94 - 98 - 99 - 100 - 101 - 102 - 104 - 105 - 107 - 113 - 114 - 115 - 116 - 117 - 118 - 123 - 124 - 125 - 126 - 127 - 128 - 131 - 132 - 133 - 134 - 135 - 137 - 139 - 141 - 143 - 148 - 149 - 150 - 153 - 155 - 156 - 157 - 160 - 161 - 163 - 164 - 165 - 167 - 168 - 169 - 171 - 172 - 173 - 174 - 175 - 181 - 182 - 183 - 184 - 185 - 190 - 191 - 193 - 194 - 195 - 196 - 197 - 199 - 201 - 202 - 204 - 205 - 207 - 208 - 211 - 215 - 216 - 219 - 220 - 221 - 222 - 223 - 225 - 226 - 230 - 231 - 235 - 239 - 241 - 242 - 243 - 244 - 245 - 246 - 249 - 250 - 251 - 253 - 255 - 256 - 260 - 262 - 263 - 267 - 268 - 269 - 270 - 273 - 277 - 278 - 279 - 280 - 281 - 282 - 284 - 285 - 286 - 288 - 289 - 290 - 291 - 293 - 294 - 295 - 296 - 298 - 299 - 300 - 302 - 303 - 304 - 305 - 309 - 312 - 313 - 314 - 315 - 316 - 317 - 318 - 320 - 321 - 322 - 325 - 327 - 331 - 333 - 334 - 335 - 337 - 338 - 339 - 340 - 342 - 343 - 344 - 345 - 346 - 350 - 351 - 352 - 353 - 358 - 359 - 360 - 362 - 366 - 368 - 371 - 373 - 374 - 377 - 378 - 380 - 381 - 382 - 383 - 385 - 386 - 387 - 388 - 390 - 392 - 393 - 394 - 396 - 397 - 399 - 400 - 401 - 402 - 403 - 410 - 413 - 414 - 415 - 417 - 421 - 422 - 423 - 424 - 425 - 426 - 428 - 429 - 432 - 433 - 434 - 435 - 437 - 438 - 440 - 443 - 447 - 448 - 449 - 451 - 452 - 453 - 454 - 455 - 457 - 458 - 460 - 461 - 462 - 463 - 464 - 465 - 469 - 470 - 471 - 474 - 476 - 477 - 479 - 480 - 481 - 482 - 483 - 485 - 488 - 489 - 490 - 491 - 492 - 493 - 494 - 495 - 496 - 497,572679.6,3.9,93347,91720,130.48,Cost: 93347 & Capacity: 91720
3 - 4 - 7 - 8 - 10 - 11 - 12 - 13 - 14 - 17 - 19 - 21 - 23 - 24 - 25 - 26 - 28 - 29 - 31 - 40 - 42 - 43 - 48 - 49 - 51 - 52 - 53 - 55 - 57 - 59 - 61 - 62 - 64 - 65 - 66 - 67 - 68 - 72 - 75 - 77 - 78 - 79 - 80 - 81 - 82 - 84 - 85 - 86 - 87 - 88 - 93 - 94 - 98 - 99 - 100 - 101 - 102 - 104 - 105 - 113 - 114 - 115 - 116 - 117 - 118 - 123 - 124 - 125 - 126 - 127 - 128 - 131 - 132 - 133 - 134 - 135 - 137 - 139 - 141 - 143 - 148 - 149 - 150 - 153 - 155 - 156 - 157 - 160 - 161 - 163 - 164 - 165 - 167 - 168 - 169 - 171 - 172 - 173 - 174 - 175 - 180 - 181 - 182 - 183 - 184 - 185 - 190 - 191 - 193 - 194 - 195 - 196 - 197 - 199 - 201 - 202 - 204 - 205 - 207 - 208 - 211 - 215 - 216 - 219 - 220 - 221 - 222 - 223 - 225 - 226 - 230 - 231 - 235 - 239 - 241 - 242 - 243 - 244 - 245 - 246 - 249 - 250 - 251 - 253 - 255 - 256 - 258 - 260 - 262 - 263 - 267 - 268 - 269 - 270 - 273 - 277 - 278 - 279 - 280 - 281 - 282 - 284 - 285 - 286 - 288 - 289 - 290 - 291 - 293 - 294 - 295 - 296 - 298 - 299 - 300 - 302 - 303 - 304 - 305 - 309 - 312 - 313 - 314 - 315 - 316 - 317 - 318 - 320 - 321 - 322 - 325 - 327 - 331 - 333 - 334 - 335 - 337 - 338 - 340 - 342 - 343 - 344 - 345 - 346 - 350 - 351 - 352 - 353 - 358 - 359 - 360 - 362 - 366 - 368 - 371 - 373 - 374 - 377 - 378 - 380 - 381 - 383 - 385 - 386 - 387 - 388 - 390 - 392 - 393 - 394 - 396 - 397 - 399 - 400 - 401 - 402 - 403 - 410 - 413 - 414 - 415 - 417 - 421 - 422 - 423 - 424 - 425 - 426 - 428 - 429 - 432 - 433 - 434 - 435 - 437 - 438 - 440 - 441 - 443 - 447 - 448 - 449 - 451 - 452 - 453 - 454 - 455 - 457 - 458 - 460 - 461 - 462 - 463 - 464 - 465 - 469 - 470 - 471 - 474 - 476 - 477 - 479 - 480 - 481 - 482 - 483 - 485 - 488 - 489 - 490 - 491 - 492 - 493 - 494 - 495 - 496 - 497,573679.4,2.7,93354,91654,130.51,Cost: 93354 & Capacity: 91654
3 - 4 - 7 - 8 - 10 - 11 - 12 - 13 - 14 - 17 - 19 - 21 - 23 - 24 - 25 - 26 - 28 - 29 - 31 - 40 - 42 - 43 - 48 - 49 - 51 - 52 - 53 - 55 - 57 - 59 - 61 - 62 - 64 - 65 - 66 - 67 - 68 - 72 - 75 - 77 - 78 - 79 - 80 - 81 - 82 - 84 - 85 - 86 - 87 - 88 - 93 - 94 - 98 - 99 - 100 - 101 - 102 - 104 - 105 - 107 - 113 - 114 - 115 - 116 - 117 - 118 - 123 - 124 - 125 - 126 - 127 - 128 - 131 - 132 - 133 - 134 - 135 - 137 - 139 - 141 - 143 - 148 - 149 - 150 - 153 - 155 - 156 - 157 - 160 - 161 - 163 - 164 - 165 - 167 - 168 - 169 - 171 - 172 - 173 - 174 - 175 - 181 - 182 - 183 - 184 - 185 - 190 - 191 - 193 - 194 - 195 - 196 - 197 - 199 - 201 - 202 - 204 - 205 - 207 - 208 - 211 - 215 - 216 - 219 - 220 - 221 - 222 - 223 - 225 - 226 - 230 - 231 - 235 - 239 - 241 - 242 - 243 - 244 - 245 - 246 - 249 - 250 - 251 - 253 - 255 - 256 - 260 - 262 - 263 - 267 - 268 - 269 - 270 - 273 - 277 - 278 - 279 - 280 - 281 - 282 - 284 - 285 - 286 - 288 - 289 - 290 - 291 - 293 - 294 - 295 - 296 - 298 - 299 - 300 - 302 - 303 - 304 - 305 - 309 - 312 - 313 - 314 - 315 - 316 - 317 - 318 - 320 - 321 - 322 - 325 - 327 - 331 - 333 - 334 - 335 - 337 - 338 - 339 - 340 - 342 - 343 - 344 - 345 - 346 - 350 - 351 - 352 - 353 - 358 - 359 - 360 - 362 - 366 - 368 - 371 - 373 - 374 - 377 - 378 - 380 - 381 - 382 - 383 - 385 - 386 - 387 - 388 - 390 - 392 - 393 - 394 - 396 - 397 - 399 - 400 - 401 - 402 - 403 - 410 - 413 - 414 - 415 - 417 - 421 - 422 - 423 - 424 - 425 - 426 - 428 - 429 - 432 - 433 - 434 - 435 - 437 - 438 - 440 - 443 - 447 - 448 - 449 - 451 - 452 - 453 - 454 - 455 - 457 - 458 - 460 - 461 - 462 - 463 - 464 - 465 - 469 - 470 - 471 - 474 - 476 - 477 - 479 - 480 - 481 - 482 - 483 - 485 - 488 - 489 - 490 - 491 - 492 - 493 - 494 - 495 - 496 - 497,572679.6,3.9,93347,91720,132.33,Cost: 93347 & Capacity: 91720
3 - 4 - 7 - 8 - 10 - 11 - 12 - 13 - 14 - 17 - 19 - 21 - 23 - 24 - 25 - 26 - 28 - 29 - 31 - 40 - 42 - 43 - 48 - 49 - 51 - 52 - 53 - 55 - 57 - 59 - 61 - 62 - 64 - 65 - 66 - 67 - 68 - 72 - 75 - 77 - 78 - 79 - 80 - 81 - 82 - 84 - 85 - 86 - 87 - 88 - 93 - 94 - 98 - 99 - 100 - 101 - 102 - 104 - 105 - 107 - 113 - 114 - 115 - 116 - 117 - 118 - 123 - 124 - 125 - 126 - 127 - 128 - 131 - 132 - 133 - 134 - 135 - 137 - 139 - 141 - 143 - 148 - 149 - 150 - 153 - 155 - 156 - 157 - 160 - 161 - 163 - 164 - 165 - 167 - 168 - 169 - 171 - 172 - 173 - 174 - 175 - 181 - 182 - 183 - 184 - 185 - 190 - 191 - 193 - 194 - 195 - 196 - 197 - 199 - 201 - 202 - 204 - 205 - 207 - 208 - 211 - 215 - 216 - 219 - 220 - 221 - 222 - 223 - 225 - 226 - 230 - 231 - 235 - 239 - 241 - 242 - 243 - 244 - 245 - 246 - 249 - 250 - 251 - 253 - 255 - 256 - 260 - 262 - 263 - 267 - 268 - 269 - 270 - 273 - 277 - 278 - 279 - 280 - 281 - 282 - 284 - 285 - 286 - 288 - 289 - 290 - 291 - 293 - 294 - 295 - 296 - 298 - 299 - 300 - 302 - 303 - 304 - 305 - 309 - 312 - 313 - 314 - 315 - 316 - 317 - 318 - 320 - 321 - 322 - 325 - 327 - 331 - 333 - 334 - 335 - 337 - 338 - 339 - 340 - 342 - 343 - 344 - 345 - 346 - 350 - 351 - 352 - 353 - 358 - 359 - 360 - 362 - 366 - 368 - 371 - 373 - 374 - 377 - 378 - 380 - 381 - 382 - 383 - 385 - 386 - 387 - 388 - 390 - 392 - 393 - 394 - 396 - 397 - 399 - 400 - 401 - 402 - 403 - 410 - 413 - 414 - 415 - 417 - 421 - 422 - 423 - 424 - 425 - 426 - 428 - 429 - 432 - 433 - 434 - 435 - 437 - 438 - 440 - 443 - 447 - 448 - 449 - 451 - 452 - 453 - 454 - 455 - 457 - 458 - 460 - 461 - 462 - 463 - 464 - 465 - 469 - 470 - 471 - 474 - 476 - 477 - 479 - 480 - 481 - 482 - 483 - 485 - 488 - 489 - 490 - 491 - 492 - 493 - 494 - 495 - 496 - 497,572679.6,3.9,93347,91720,132.79,Cost: 93347 & Capacity: 91720
3 - 4 - 7 - 8 - 10 - 11 - 12 - 13 - 14 - 17 - 19 - 21 - 24 - 25 - 26 - 28 - 29 - 31 - 40 - 42 - 43 - 48 - 49 - 51 - 52 - 53 - 55 - 57 - 59 - 61 - 62 - 64 - 65 - 66 - 67 - 68 - 72 - 75 - 77 - 78 - 79 - 80 - 81 - 82 - 84 - 85 - 86 - 87 - 88 - 93 - 94 - 98 - 99 - 100 - 101 - 102 - 104 - 105 - 113 - 114 - 115 - 116 - 117 - 118 - 123 - 124 - 125 - 126 - 127 - 128 - 131 - 132 - 133 - 134 - 135 - 137 - 139 - 141 - 143 - 147 - 148 - 149 - 150 - 153 - 155 - 156 - 157 - 160 - 161 - 163 - 164 - 165 - 167 - 168 - 169 - 171 - 172 - 173 - 174 - 175 - 180 - 181 - 182 - 183 - 184 - 185 - 190 - 191 - 193 - 194 - 195 - 196 - 197 - 199 - 201 - 202 - 204 - 205 - 207 - 208 - 215 - 216 - 219 - 220 - 221 - 222 - 223 - 225 - 226 - 230 - 231 - 235 - 239 - 241 - 242 - 243 - 244 - 245 - 246 - 249 - 250 - 251 - 253 - 255 - 256 - 258 - 260 - 262 - 263 - 267 - 268 - 269 - 270 - 273 - 277 - 278 - 279 - 280 - 281 - 282 - 284 - 285 - 286 - 288 - 289 - 290 - 291 - 293 - 294 - 295 - 296 - 298 - 299 - 300 - 302 - 303 - 304 - 305 - 309 - 312 - 313 - 314 - 315 - 316 - 317 - 318 - 321 - 322 - 325 - 327 - 331 - 333 - 334 - 335 - 337 - 338 - 339 - 340 - 342 - 343 - 344 - 345 - 346 - 350 - 351 - 352 - 353 - 358 - 359 - 360 - 362 - 366 - 368 - 371 - 373 - 374 - 377 - 378 - 380 - 381 - 382 - 383 - 385 - 386 - 387 - 388 - 390 - 392 - 393 - 394 - 396 - 397 - 399 - 400 - 401 - 402 - 403 - 410 - 413 - 414 - 415 - 417 - 421 - 422 - 423 - 424 - 425 - 426 - 428 - 429 - 432 - 433 - 434 - 435 - 437 - 438 - 440 - 441 - 443 - 447 - 448 - 449 - 451 - 452 - 453 - 454 - 455 - 457 - 458 - 460 - 461 - 462 - 463 - 464 - 465 - 469 - 470 - 471 - 474 - 476 - 477 - 479 - 480 - 481 - 482 - 483 - 485 - 488 - 489 - 490 - 491 - 492 - 493 - 494 - 495 - 496 - 497,573302.6,2.7,93359,91894,132.81,Cost: 93359 & Capacity: 91894
3 - 4 - 7 - 8 - 10 - 11 - 12 - 13 - 14 - 17 - 19 - 21 - 23 - 24 - 25 - 26 - 28 - 29 - 31 - 40 - 42 - 43 - 48 - 49 - 51 - 52 - 53 - 55 - 57 - 59 - 61 - 62 - 64 - 65 - 66 - 67 - 68 - 72 - 75 - 77 - 78 - 79 - 80 - 81 - 82 - 84 - 85 - 86 - 87 - 88 - 93 - 94 - 98 - 99 - 100 - 101 - 102 - 104 - 105 - 107 - 113 - 114 - 115 - 116 - 117 - 118 - 123 - 124 - 125 - 126 - 127 - 128 - 131 - 132 - 133 - 134 - 135 - 137 - 139 - 141 - 143 - 148 - 149 - 150 - 153 - 155 - 156 - 157 - 160 - 161 - 163 - 164 - 165 - 167 - 168 - 169 - 171 - 172 - 173 - 174 - 175 - 181 - 182 - 183 - 184 - 185 - 190 - 191 - 193 - 194 - 195 - 196 - 197 - 199 - 201 - 202 - 204 - 205 - 207 - 208 - 211 - 215 - 216 - 219 - 220 - 221 - 222 - 223 - 225 - 226 - 230 - 231 - 235 - 239 - 241 - 242 - 243 - 244 - 245 - 246 - 249 - 250 - 251 - 253 - 255 - 256 - 260 - 262 - 263 - 267 - 268 - 269 - 270 - 273 - 277 - 278 - 279 - 280 - 281 - 282 - 284 - 285 - 286 - 288 - 289 - 290 - 291 - 293 - 294 - 295 - 296 - 298 - 299 - 300 - 302 - 303 - 304 - 305 - 309 - 312 - 313 - 314 - 315 - 316 - 317 - 318 - 320 - 321 - 322 - 325 - 327 - 331 - 333 - 334 - 335 - 337 - 338 - 339 - 340 - 342 - 343 - 344 - 345 - 346 - 350 - 351 - 352 - 353 - 358 - 359 - 360 - 362 - 366 - 368 - 371 - 373 - 374 - 377 - 378 - 380 - 381 - 382 - 383 - 385 - 386 - 387 - 388 - 390 - 392 - 393 - 394 - 396 - 397 - 399 - 400 - 401 - 402 - 403 - 410 - 413 - 414 - 415 - 417 - 421 - 422 - 423 - 424 - 425 - 426 - 428 - 429 - 432 - 433 - 434 - 435 - 437 - 438 - 440 - 443 - 447 - 448 - 449 - 451 - 452 - 453 - 454 - 455 - 457 - 458 - 460 - 461 - 462 - 463 - 464 - 465 - 469 - 470 - 471 - 474 - 476 - 477 - 479 - 480 - 481 - 482 - 483 - 485 - 488 - 489 - 490 - 491 - 492 - 493 - 494 - 495 - 496 - 497,572679.6,3.9,93347,91720,135.98,Cost: 93347 & Capacity: 91720
0 - 3 - 4 - 6 - 7 - 17 - 25 - 26 - 28 - 29 - 31 - 32 - 35 - 40 - 41 - 42 - 53 - 55 - 59 - 61 - 63 - 64 - 66 - 77 - 84 - 89 - 90 - 97 - 100 - 101 - 104 - 108 - 110 - 112 - 113 - 116 - 117 - 118 - 125 - 131 - 133 - 137 - 138 - 139 - 140 - 141 - 144 - 147 - 149 - 155 - 156 - 157 - 158 - 162 - 164 - 167 - 169 - 171 - 172 - 173 - 174 - 176 - 177 - 180 - 181 - 182 - 191 - 193 - 194 - 196 - 204 - 205 - 207 - 208 - 211 - 215 - 216 - 217 - 219 - 220 - 222 - 226 - 227 - 229 - 231 - 232 - 234 - 235 - 236 - 238 - 239 - 241 - 242 - 249 - 254 - 256 - 260 - 261 - 267 - 268 - 269 - 271 - 273 - 276 - 279 - 282 - 286 - 289 - 294 - 295 - 298 - 300 - 304 - 305 - 308 - 312 - 314 - 316 - 317 - 319 - 321 - 322 - 327 - 328 - 331 - 332 - 333 - 334 - 337 - 338 - 340 - 342 - 343 - 345 - 353 - 358 - 362 - 364 - 365 - 366 - 374 - 378 - 379 - 380 - 385 - 386 - 387 - 389 - 393 - 394 - 396 - 399 - 402 - 403 - 408 - 409 - 411 - 413 - 415 - 416 - 417 - 420 - 421 - 424 - 427 - 429 - 432 - 434 - 437 - 438 - 440 - 445 - 449 - 451 - 452 - 456 - 458 - 461 - 463 - 464 - 465 - 466 - 467 - 469 - 471 - 473 - 477 - 478 - 480 - 481 - 486 - 488 - 489 - 493,260811.9,7.2,93358,79232,138.77,Cost: 93358 & Capacity: 79232
3 - 4 - 7 - 8 - 10 - 11 - 12 - 13 - 14 - 17 - 19 - 21 - 23 - 24 - 25 - 26 - 28 - 29 - 31 - 40 - 42 - 43 - 48 - 49 - 51 - 52 - 53 - 55 - 57 - 59 - 61 - 62 - 64 - 65 - 66 - 67 - 68 - 72 - 75 - 77 - 78 - 79 - 80 - 81 - 82 - 84 - 85 - 86 - 87 - 88 - 93 - 94 - 98 - 99 - 100 - 101 - 102 - 104 - 105 - 113 - 114 - 115 - 116 - 117 - 118 - 123 - 124 - 125 - 126 - 127 - 128 - 131 - 132 - 133 - 134 - 135 - 137 - 139 - 141 - 143 - 148 - 149 - 150 - 153 - 155 - 156 - 157 - 160 - 161 - 163 - 164 - 165 - 167 - 168 - 169 - 171 - 172 - 173 - 174 - 175 - 180 - 181 - 182 - 183 - 184 - 185 - 190 - 191 - 193 - 194 - 195 - 196 - 197 - 199 - 201 - 202 - 204 - 205 - 207 - 208 - 211 - 215 - 216 - 219 - 220 - 221 - 222 - 223 - 225 - 226 - 230 - 231 - 235 - 239 - 241 - 242 - 243 - 244 - 245 - 246 - 249 - 250 - 251 - 253 - 255 - 256 - 258 - 260 - 262 - 263 - 267 - 268 - 269 - 270 - 273 - 277 - 278 - 279 - 280 - 281 - 282 - 284 - 285 - 286 - 288 - 289 - 290 - 291 - 293 - 294 - 295 - 296 - 298 - 299 - 300 - 302 - 303 - 304 - 305 - 309 - 312 - 313 - 314 - 315 - 316 - 317 - 318 - 320 - 321 - 322 - 325 - 327 - 331 - 333 - 334 - 335 - 337 - 338 - 340 - 342 - 343 - 344 - 345 - 346 - 350 - 351 - 352 - 353 - 358 - 359 - 360 - 362 - 366 - 368 - 371 - 373 - 374 - 377 - 378 - 380 - 381 - 383 - 385 - 386 - 387 - 388 - 390 - 392 - 393 - 394 - 396 - 397 - 399 - 400 - 401 - 402 - 403 - 410 - 413 - 414 - 415 - 417 - 421 - 422 - 423 - 424 - 425 - 426 - 428 - 429 - 432 - 433 - 434 - 435 - 437 - 438 - 440 - 441 - 443 - 447 - 448 - 449 - 451 - 452 - 453 - 454 - 455 - 457 - 458 - 460 - 461 - 462 - 463 - 464 - 465 - 469 - 470 - 471 - 474 - 476 - 477 - 479 - 480 - 481 - 482 - 483 - 485 - 488 - 489 - 490 - 491 - 492 - 493 - 494 - 495 - 496 - 497,573679.4,2.7,93354,91654,139.17,Cost: 93354 & Capacity: 91654
3 - 4 - 7 - 8 - 10 - 11 - 12 - 13 - 14 - 17 - 19 - 21 - 23 - 24 - 25 - 26 - 28 - 29 - 31 - 40 - 42 - 43 - 48 - 49 - 51 - 52 - 53 - 55 - 57 - 59 - 61 - 62 - 64 - 65 - 66 - 67 - 68 - 72 - 75 - 77 - 78 - 79 - 80 - 81 - 82 - 84 - 85 - 86 - 87 - 88 - 93 - 94 - 98 - 99 - 100 - 101 - 102 - 104 - 105 - 107 - 113 - 114 - 115 - 116 - 117 - 118 - 123 - 124 - 125 - 126 - 127 - 128 - 131 - 132 - 133 - 134 - 135 - 137 - 139 - 141 - 143 - 148 - 149 - 150 - 153 - 155 - 156 - 157 - 160 - 161 - 163 - 164 - 165 - 167 - 168 - 169 - 171 - 172 - 173 - 174 - 175 - 181 - 182 - 183 - 184 - 185 - 190 - 191 - 193 - 194 - 195 - 196 - 197 - 199 - 201 - 202 - 204 - 205 - 207 - 208 - 211 - 215 - 216 - 219 - 220 - 221 - 222 - 223 - 225 - 226 - 230 - 231 - 235 - 239 - 241 - 242 - 243 - 244 - 245 - 246 - 249 - 250 - 251 - 253 - 255 - 256 - 260 - 262 - 263 - 267 - 268 - 269 - 270 - 273 - 277 - 278 - 279 - 280 - 281 - 282 - 284 - 285 - 286 - 288 - 289 - 290 - 291 - 293 - 294 - 295 - 296 - 298 - 299 - 300 - 302 - 303 - 304 - 305 - 309 - 312 - 313 - 314 - 315 - 316 - 317 - 318 - 320 - 321 - 322 - 325 - 327 - 331 - 333 - 334 - 335 - 337 - 338 - 339 - 340 - 342 - 343 - 344 - 345 - 346 - 350 - 351 - 352 - 353 - 358 - 359 - 360 - 362 - 366 - 368 - 371 - 373 - 374 - 377 - 378 - 380 - 381 - 382 - 383 - 385 - 386 - 387 - 388 - 390 - 392 - 393 - 394 - 396 - 397 - 399 - 400 - 401 - 402 - 403 - 410 - 413 - 414 - 415 - 417 - 421 - 422 - 423 - 424 - 425 - 426 - 428 - 429 - 432 - 433 - 434 - 435 - 437 - 438 - 440 - 443 - 447 - 448 - 449 - 451 - 452 - 453 - 454 - 455 - 457 - 458 - 460 - 461 - 462 - 463 - 464 - 465 - 469 - 470 - 471 - 474 - 476 - 477 - 479 - 480 - 481 - 482 - 483 - 485 - 488 - 489 - 490 - 491 - 492 - 493 - 494 - 495 - 496 - 497,572679.6,3.9,93347,91720,139.21,Cost: 93347 & Capacity: 91720
0 - 1 - 14 - 26 - 35 - 39 - 40 - 41 - 42 - 52 - 54 - 60 - 61 - 62 - 63 - 73 - 75 - 77 - 82 - 89 - 101 - 106 - 108 - 111 - 112 - 133 - 137 - 138 - 139 - 140 - 147 - 162 - 164 - 167 - 170 - 171 - 173 - 177 - 179 - 180 - 182 - 183 - 191 - 198 - 204 - 206 - 209 - 211 - 219 - 226 - 234 - 238 - 242 - 244 - 249 - 250 - 267 - 271 - 273 - 282 - 283 - 293 - 294 - 295 - 298 - 300 - 307 - 322 - 329 - 334 - 337 - 353 - 356 - 358 - 362 - 364 - 365 - 366 - 374 - 377 - 378 - 385 - 386 - 392 - 393 - 396 - 399 - 402 - 411 - 420 - 424 - 429 - 440 - 445 - 454 - 456 - 459 - 461 - 466 - 471 - 473 - 475 - 478 - 488 - 489 - 493,81275.0,8.6,62935,49041,139.26,Cost: 62935 & Capacity: 49041
4 - 7 - 10 - 11 - 12 - 14 - 17 - 19 - 20 - 21 - 24 - 25 - 26 - 28 - 29 - 31 - 39 - 40 - 42 - 43 - 44 - 48 - 49 - 52 - 53 - 55 - 57 - 59 - 61 - 62 - 64 - 65 - 66 - 67 - 68 - 72 - 75 - 77 - 78 - 80 - 84 - 85 - 86 - 87 - 88 - 90 - 93 - 94 - 98 - 99 - 100 - 101 - 102 - 104 - 105 - 108 - 112 - 113 - 114 - 115 - 116 - 117 - 122 - 123 - 124 - 125 - 127 - 131 - 132 - 133 - 134 - 135 - 137 - 139 - 141 - 143 - 150 - 153 - 155 - 156 - 157 - 161 - 164 - 165 - 167 - 168 - 169 - 171 - 172 - 173 - 174 - 180 - 181 - 182 - 183 - 184 - 185 - 190 - 191 - 193 - 194 - 195 - 196 - 197 - 199 - 202 - 204 - 205 - 207 - 208 - 211 - 215 - 216 - 219 - 220 - 222 - 223 - 226 - 229 - 230 - 231 - 235 - 238 - 239 - 241 - 242 - 243 - 244 - 247 - 249 - 250 - 253 - 255 - 256 - 260 - 261 - 262 - 263 - 266 - 267 - 268 - 269 - 270 - 273 - 277 - 278 - 279 - 282 - 284 - 286 - 288 - 289 - 290 - 291 - 293 - 295 - 296 - 298 - 299 - 300 - 302 - 303 - 304 - 305 - 308 - 312 - 314 - 315 - 316 - 317 - 318 - 321 - 322 - 325 - 327 - 328 - 331 - 333 - 334 - 335 - 337 - 338 - 340 - 342 - 343 - 344 - 345 - 346 - 350 - 351 - 352 - 353 - 358 - 359 - 360 - 362 - 365 - 366 - 368 - 371 - 373 - 374 - 376 - 378 - 380 - 381 - 383 - 384 - 385 - 386 - 387 - 389 - 390 - 392 - 393 - 394 - 396 - 397 - 399 - 400 - 401 - 402 - 403 - 405 - 410 - 413 - 414 - 415 - 417 - 421 - 423 - 424 - 425 - 426 - 428 - 429 - 432 - 433 - 434 - 435 - 437 - 438 - 440 - 443 - 445 - 448 - 449 - 451 - 452 - 453 - 454 - 456 - 457 - 458 - 460 - 461 - 463 - 464 - 465 - 469 - 471 - 474 - 476 - 477 - 479 - 481 - 482 - 488 - 489 - 490 - 491 - 493 - 494 - 495 - 496 - 497,500749.9,5.7,93356,89676,140.0,Cost: 93356 & Capacity: 89676
3 - 4 - 7 - 8 - 10 - 11 - 12 - 13 - 14 - 17 - 19 - 21 - 23 - 24 - 25 - 26 - 28 - 29 - 31 - 40 - 42 - 43 - 48 - 49 - 51 - 52 - 53 - 55 - 57 - 59 - 61 - 62 - 64 - 65 - 66 - 67 - 68 - 72 - 75 - 77 - 78 - 79 - 80 - 81 - 82 - 84 - 85 - 86 - 87 - 88 - 93 - 94 - 98 - 99 - 100 - 101 - 102 - 104 - 105 - 107 - 113 - 114 - 115 - 116 - 117 - 118 - 123 - 124 - 125 - 126 - 127 - 128 - 131 - 132 - 133 - 134 - 135 - 137 - 139 - 141 - 143 - 148 - 149 - 150 - 153 - 155 - 156 - 157 - 160 - 161 - 163 - 164 - 165 - 167 - 168 - 169 - 171 - 172 - 173 - 174 - 175 - 181 - 182 - 183 - 184 - 185 - 190 - 191 - 193 - 194 - 195 - 196 - 197 - 199 - 201 - 202 - 204 - 205 - 207 - 208 - 211 - 215 - 216 - 219 - 220 - 221 - 222 - 223 - 225 - 226 - 230 - 231 - 235 - 239 - 241 - 242 - 243 - 244 - 245 - 246 - 249 - 250 - 251 - 253 - 255 - 256 - 260 - 262 - 263 - 267 - 268 - 269 - 270 - 273 - 277 - 278 - 279 - 280 - 281 - 282 - 284 - 285 - 286 - 288 - 289 - 290 - 291 - 293 - 294 - 295 - 296 - 298 - 299 - 300 - 302 - 303 - 304 - 305 - 309 - 312 - 313 - 314 - 315 - 316 - 317 - 318 - 320 - 321 - 322 - 325 - 327 - 331 - 333 - 334 - 335 - 337 - 338 - 339 - 340 - 342 - 343 - 344 - 345 - 346 - 350 - 351 - 352 - 353 - 358 - 359 - 360 - 362 - 366 - 368 - 371 - 373 - 374 - 377 - 378 - 380 - 381 - 382 - 383 - 385 - 386 - 387 - 388 - 390 - 392 - 393 - 394 - 396 - 397 - 399 - 400 - 401 - 402 - 403 - 410 - 413 - 414 - 415 - 417 - 421 - 422 - 423 - 424 - 425 - 426 - 428 - 429 - 432 - 433 - 434 - 435 - 437 - 438 - 440 - 443 - 447 - 448 - 449 - 451 - 452 - 453 - 454 - 455 - 457 - 458 - 460 - 461 - 462 - 463 - 464 - 465 - 469 - 470 - 471 - 474 - 476 - 477 - 479 - 480 - 481 - 482 - 483 - 485 - 488 - 489 - 490 - 491 - 492 - 493 - 494 - 495 - 496 - 497,572679.6,3.9,93347,91720,140.21,Cost: 93347 & Capacity: 91720
3 - 4 - 7 - 10 - 11 - 12 - 13 - 14 - 19 - 21 - 23 - 24 - 25 - 26 - 28 - 29 - 31 - 40 - 42 - 43 - 48 - 49 - 50 - 51 - 52 - 53 - 55 - 57 - 59 - 61 - 62 - 64 - 65 - 66 - 67 - 68 - 72 - 75 - 77 - 79 - 80 - 81 - 84 - 85 - 86 - 87 - 88 - 90 - 93 - 94 - 98 - 99 - 100 - 101 - 102 - 104 - 105 - 113 - 114 - 115 - 116 - 117 - 118 - 123 - 124 - 125 - 126 - 127 - 128 - 131 - 132 - 133 - 134 - 135 - 137 - 139 - 141 - 143 - 148 - 149 - 150 - 153 - 155 - 156 - 157 - 160 - 161 - 163 - 164 - 165 - 167 - 168 - 169 - 171 - 172 - 173 - 174 - 175 - 180 - 181 - 182 - 183 - 184 - 185 - 190 - 191 - 193 - 194 - 195 - 196 - 197 - 199 - 201 - 202 - 204 - 205 - 207 - 208 - 211 - 215 - 216 - 219 - 220 - 221 - 222 - 223 - 225 - 226 - 230 - 231 - 235 - 239 - 241 - 242 - 243 - 244 - 245 - 246 - 249 - 250 - 251 - 253 - 255 - 256 - 260 - 262 - 263 - 267 - 268 - 269 - 270 - 273 - 277 - 278 - 279 - 281 - 282 - 284 - 285 - 286 - 288 - 289 - 290 - 291 - 293 - 295 - 296 - 298 - 299 - 300 - 302 - 303 - 304 - 305 - 308 - 312 - 314 - 315 - 316 - 317 - 318 - 320 - 321 - 322 - 325 - 327 - 328 - 331 - 333 - 334 - 335 - 337 - 338 - 340 - 342 - 343 - 344 - 345 - 346 - 350 - 351 - 352 - 353 - 358 - 359 - 360 - 361 - 362 - 365 - 366 - 368 - 371 - 373 - 374 - 377 - 378 - 380 - 381 - 383 - 385 - 386 - 387 - 388 - 389 - 390 - 392 - 393 - 394 - 396 - 397 - 399 - 400 - 401 - 402 - 403 - 405 - 410 - 413 - 414 - 415 - 417 - 421 - 422 - 423 - 424 - 425 - 426 - 428 - 429 - 432 - 433 - 434 - 435 - 437 - 438 - 440 - 443 - 447 - 448 - 449 - 451 - 452 - 453 - 454 - 455 - 457 - 458 - 460 - 461 - 462 - 464 - 465 - 469 - 471 - 474 - 476 - 477 - 479 - 481 - 482 - 483 - 485 - 488 - 489 - 490 - 491 - 492 - 493 - 494 - 495 - 496 - 497,555562.9,4.7,93344,92425,142.86,Cost: 93344 & Capacity: 92425
3 - 4 - 7 - 8 - 10 - 11 - 12 - 13 - 14 - 17 - 19 - 21 - 23 - 24 - 25 - 26 - 28 - 29 - 31 - 40 - 42 - 43 - 48 - 49 - 51 - 52 - 53 - 55 - 57 - 59 - 61 - 62 - 64 - 65 - 66 - 67 - 68 - 72 - 75 - 77 - 78 - 79 - 80 - 81 - 82 - 84 - 85 - 86 - 87 - 88 - 93 - 94 - 98 - 99 - 100 - 101 - 102 - 104 - 105 - 113 - 114 - 115 - 116 - 117 - 118 - 123 - 124 - 125 - 126 - 127 - 128 - 131 - 132 - 133 - 134 - 135 - 137 - 139 - 141 - 143 - 148 - 149 - 150 - 153 - 155 - 156 - 157 - 160 - 161 - 163 - 164 - 165 - 167 - 168 - 169 - 171 - 172 - 173 - 174 - 175 - 180 - 181 - 182 - 183 - 184 - 185 - 190 - 191 - 193 - 194 - 195 - 196 - 197 - 199 - 201 - 202 - 204 - 205 - 207 - 208 - 211 - 215 - 216 - 219 - 220 - 221 - 222 - 223 - 225 - 226 - 230 - 231 - 235 - 239 - 241 - 242 - 243 - 244 - 245 - 246 - 249 - 250 - 251 - 253 - 255 - 256 - 258 - 260 - 262 - 263 - 267 - 268 - 269 - 270 - 273 - 277 - 278 - 279 - 280 - 281 - 282 - 284 - 285 - 286 - 288 - 289 - 290 - 291 - 293 - 294 - 295 - 296 - 298 - 299 - 300 - 302 - 303 - 304 - 305 - 309 - 312 - 313 - 314 - 315 - 316 - 317 - 318 - 320 - 321 - 322 - 325 - 327 - 331 - 333 - 334 - 335 - 337 - 338 - 340 - 342 - 343 - 344 - 345 - 346 - 350 - 351 - 352 - 353 - 358 - 359 - 360 - 362 - 366 - 368 - 371 - 373 - 374 - 377 - 378 - 380 - 381 - 383 - 385 - 386 - 387 - 388 - 390 - 392 - 393 - 394 - 396 - 397 - 399 - 400 - 401 - 402 - 403 - 410 - 413 - 414 - 415 - 417 - 421 - 422 - 423 - 424 - 425 - 426 - 428 - 429 - 432 - 433 - 434 - 435 - 437 - 438 - 440 - 441 - 443 - 447 - 448 - 449 - 451 - 452 - 453 - 454 - 455 - 457 - 458 - 460 - 461 - 462 - 463 - 464 - 465 - 469 - 470 - 471 - 474 - 476 - 477 - 479 - 480 - 481 - 482 - 483 - 485 - 488 - 489 - 490 - 491 - 492 - 493 - 494 - 495 - 496 - 497,573679.4,2.7,93354,91654,144.65,Cost: 93354 & Capacity: 91654
3 - 4 - 7 - 8 - 10 - 11 - 12 - 13 - 14 - 17 - 19 - 21 - 23 - 24 - 25 - 26 - 28 - 29 - 31 - 40 - 42 - 43 - 48 - 49 - 51 - 52 - 53 - 55 - 57 - 59 - 61 - 62 - 64 - 65 - 66 - 67 - 68 - 72 - 75 - 77 - 78 - 79 - 80 - 81 - 82 - 84 - 85 - 86 - 87 - 88 - 93 - 94 - 98 - 99 - 100 - 101 - 102 - 104 - 105 - 107 - 113 - 114 - 115 - 116 - 117 - 118 - 123 - 124 - 125 - 126 - 127 - 128 - 131 - 132 - 133 - 134 - 135 - 137 - 139 - 141 - 143 - 148 - 149 - 150 - 153 - 155 - 156 - 157 - 160 - 161 - 163 - 164 - 165 - 167 - 168 - 169 - 171 - 172 - 173 - 174 - 175 - 181 - 182 - 183 - 184 - 185 - 190 - 191 - 193 - 194 - 195 - 196 - 197 - 199 - 201 - 202 - 204 - 205 - 207 - 208 - 211 - 215 - 216 - 219 - 220 - 221 - 222 - 223 - 225 - 226 - 230 - 231 - 235 - 239 - 241 - 242 - 243 - 244 - 245 - 246 - 249 - 250 - 251 - 253 - 255 - 256 - 260 - 262 - 263 - 267 - 268 - 269 - 270 - 273 - 277 - 278 - 279 - 280 - 281 - 282 - 284 - 285 - 286 - 288 - 289 - 290 - 291 - 293 - 294 - 295 - 296 - 298 - 299 - 300 - 302 - 303 - 304 - 305 - 309 - 312 - 313 - 314 - 315 - 316 - 317 - 318 - 320 - 321 - 322 - 325 - 327 - 331 - 333 - 334 - 335 - 337 - 338 - 339 - 340 - 342 - 343 - 344 - 345 - 346 - 350 - 351 - 352 - 353 - 358 - 359 - 360 - 362 - 366 - 368 - 371 - 373 - 374 - 377 - 378 - 380 - 381 - 382 - 383 - 385 - 386 - 387 - 388 - 390 - 392 - 393 - 394 - 396 - 397 - 399 - 400 - 401 - 402 - 403 - 410 - 413 - 414 - 415 - 417 - 421 - 422 - 423 - 424 - 425 - 426 - 428 - 429 - 432 - 433 - 434 - 435 - 437 - 438 - 440 - 443 - 447 - 448 - 449 - 451 - 452 - 453 - 454 - 455 - 457 - 458 - 460 - 461 - 462 - 463 - 464 - 465 - 469 - 470 - 471 - 474 - 476 - 477 - 479 - 480 - 481 - 482 - 483 - 485 - 488 - 489 - 490 - 491 - 492 - 493 - 494 - 495 - 496 - 497,572679.6,3.9,93347,91720,146.37,Cost: 93347 & Capacity: 91720
4 - 6 - 7 - 10 - 12 - 13 - 14 - 17 - 24 - 25 - 26 - 28 - 31 - 33 - 35 - 39 - 40 - 41 - 43 - 48 - 50 - 55 - 57 - 59 - 61 - 62 - 63 - 64 - 65 - 66 - 72 - 75 - 77 - 78 - 79 - 80 - 84 - 85 - 88 - 89 - 90 - 94 - 97 - 98 - 99 - 100 - 103 - 104 - 108 - 110 - 111 - 112 - 113 - 114 - 116 - 125 - 131 - 132 - 133 - 134 - 135 - 137 - 139 - 141 - 143 - 144 - 146 - 149 - 150 - 153 - 155 - 156 - 162 - 164 - 165 - 167 - 169 - 172 - 173 - 174 - 180 - 181 - 184 - 185 - 186 - 189 - 190 - 191 - 193 - 194 - 196 - 202 - 204 - 205 - 207 - 208 - 212 - 215 - 216 - 219 - 220 - 222 - 227 - 231 - 232 - 234 - 235 - 236 - 238 - 239 - 242 - 244 - 247 - 249 - 250 - 254 - 255 - 256 - 261 - 263 - 266 - 267 - 269 - 270 - 271 - 276 - 277 - 278 - 288 - 289 - 290 - 298 - 299 - 300 - 312 - 316 - 318 - 321 - 322 - 327 - 328 - 332 - 333 - 334 - 337 - 338 - 340 - 342 - 344 - 345 - 346 - 350 - 351 - 353 - 355 - 356 - 358 - 360 - 362 - 364 - 365 - 366 - 373 - 374 - 377 - 378 - 385 - 386 - 392 - 393 - 394 - 396 - 399 - 401 - 402 - 408 - 410 - 411 - 414 - 415 - 416 - 417 - 422 - 423 - 424 - 427 - 428 - 429 - 430 - 432 - 433 - 434 - 435 - 437 - 438 - 440 - 445 - 449 - 451 - 453 - 454 - 456 - 458 - 461 - 465 - 466 - 467 - 469 - 471 - 474 - 477 - 478 - 485 - 488 - 489 - 491 - 492 - 493,324104.7,6.8,93356,80330,147.79,Cost: 93356 & Capacity: 80330
4 - 6 - 10 - 12 - 13 - 21 - 24 - 25 - 26 - 28 - 31 - 33 - 39 - 40 - 41 - 42 - 43 - 48 - 50 - 55 - 57 - 59 - 61 - 62 - 64 - 65 - 66 - 68 - 72 - 75 - 77 - 78 - 80 - 82 - 84 - 85 - 88 - 90 - 93 - 98 - 99 - 100 - 102 - 103 - 104 - 105 - 108 - 112 - 113 - 114 - 116 - 117 - 123 - 125 - 131 - 132 - 133 - 134 - 137 - 139 - 141 - 143 - 144 - 146 - 150 - 153 - 155 - 156 - 161 - 162 - 164 - 167 - 168 - 169 - 172 - 173 - 174 - 176 - 177 - 180 - 181 - 182 - 184 - 185 - 186 - 190 - 191 - 193 - 194 - 196 - 197 - 204 - 205 - 206 - 207 - 208 - 212 - 215 - 216 - 219 - 220 - 222 - 224 - 227 - 231 - 232 - 234 - 235 - 236 - 238 - 239 - 242 - 243 - 244 - 247 - 249 - 250 - 254 - 255 - 260 - 261 - 262 - 263 - 264 - 267 - 268 - 269 - 270 - 276 - 278 - 282 - 289 - 290 - 295 - 298 - 299 - 300 - 304 - 305 - 308 - 312 - 314 - 316 - 318 - 321 - 322 - 325 - 327 - 328 - 331 - 332 - 333 - 334 - 335 - 337 - 338 - 342 - 343 - 344 - 345 - 350 - 351 - 352 - 353 - 358 - 359 - 360 - 362 - 364 - 366 - 373 - 374 - 378 - 381 - 385 - 386 - 390 - 392 - 393 - 394 - 396 - 397 - 399 - 401 - 402 - 403 - 408 - 410 - 411 - 413 - 415 - 416 - 417 - 421 - 423 - 424 - 427 - 428 - 429 - 430 - 432 - 433 - 434 - 437 - 438 - 445 - 449 - 451 - 452 - 453 - 454 - 455 - 456 - 458 - 460 - 461 - 464 - 465 - 466 - 467 - 469 - 471 - 473 - 475 - 477 - 478 - 481 - 482 - 487 - 488 - 489 - 496 - 497,367487.7,6.6,93322,84160,151.31,Cost: 93322 & Capacity: 84160
3 - 4 - 7 - 8 - 10 - 11 - 12 - 13 - 14 - 17 - 19 - 21 - 23 - 24 - 25 - 26 - 28 - 29 - 31 - 40 - 42 - 43 - 48 - 49 - 51 - 52 - 53 - 55 - 57 - 59 - 61 - 62 - 64 - 65 - 66 - 67 - 68 - 72 - 75 - 77 - 78 - 79 - 80 - 81 - 82 - 84 - 85 - 86 - 87 - 88 - 93 - 94 - 98 - 99 - 100 - 101 - 102 - 104 - 105 - 107 - 113 - 114 - 115 - 116 - 117 - 118 - 123 - 124 - 125 - 126 - 127 - 128 - 131 - 132 - 133 - 134 - 135 - 137 - 139 - 141 - 143 - 148 - 149 - 150 - 153 - 155 - 156 - 157 - 160 - 161 - 163 - 164 - 165 - 167 - 168 - 169 - 171 - 172 - 173 - 174 - 175 - 181 - 182 - 183 - 184 - 185 - 190 - 191 - 193 - 194 - 195 - 196 - 197 - 199 - 201 - 202 - 204 - 205 - 207 - 208 - 211 - 215 - 216 - 219 - 220 - 221 - 222 - 223 - 225 - 226 - 230 - 231 - 235 - 239 - 241 - 242 - 243 - 244 - 245 - 246 - 249 - 250 - 251 - 253 - 255 - 256 - 260 - 262 - 263 - 267 - 268 - 269 - 270 - 273 - 277 - 278 - 279 - 280 - 281 - 282 - 284 - 285 - 286 - 288 - 289 - 290 - 291 - 293 - 294 - 295 - 296 - 298 - 299 - 300 - 302 - 303 - 304 - 305 - 309 - 312 - 313 - 314 - 315 - 316 - 317 - 318 - 320 - 321 - 322 - 325 - 327 - 331 - 333 - 334 - 335 - 337 - 338 - 339 - 340 - 342 - 343 - 344 - 345 - 346 - 350 - 351 - 352 - 353 - 358 - 359 - 360 - 362 - 366 - 368 - 371 - 373 - 374 - 377 - 378 - 380 - 381 - 382 - 383 - 385 - 386 - 387 - 388 - 390 - 392 - 393 - 394 - 396 - 397 - 399 - 400 - 401 - 402 - 403 - 410 - 413 - 414 - 415 - 417 - 421 - 422 - 423 - 424 - 425 - 426 - 428 - 429 - 432 - 433 - 434 - 435 - 437 - 438 - 440 - 443 - 447 - 448 - 449 - 451 - 452 - 453 - 454 - 455 - 457 - 458 - 460 - 461 - 462 - 463 - 464 - 465 - 469 - 470 - 471 - 474 - 476 - 477 - 479 - 480 - 481 - 482 - 483 - 485 - 488 - 489 - 490 - 491 - 492 - 493 - 494 - 495 - 496 - 497,572679.6,3.9,93347,91720,151.61,Cost: 93347 & Capacity: 91720
3 - 4 - 7 - 8 - 10 - 11 - 12 - 13 - 14 - 17 - 19 - 21 - 23 - 24 - 25 - 26 - 28 - 29 - 31 - 40 - 42 - 43 - 48 - 49 - 51 - 52 - 53 - 55 - 57 - 59 - 61 - 62 - 64 - 65 - 66 - 67 - 68 - 72 - 75 - 77 - 78 - 79 - 80 - 81 - 82 - 84 - 85 - 86 - 87 - 88 - 93 - 94 - 98 - 99 - 100 - 101 - 102 - 104 - 105 - 107 - 113 - 114 - 115 - 116 - 117 - 118 - 123 - 124 - 125 - 126 - 127 - 128 - 131 - 132 - 133 - 134 - 135 - 137 - 139 - 141 - 143 - 148 - 149 - 150 - 153 - 155 - 156 - 157 - 160 - 161 - 163 - 164 - 165 - 167 - 168 - 169 - 171 - 172 - 173 - 174 - 175 - 181 - 182 - 183 - 184 - 185 - 190 - 191 - 193 - 194 - 195 - 196 - 197 - 199 - 201 - 202 - 204 - 205 - 207 - 208 - 211 - 215 - 216 - 219 - 220 - 221 - 222 - 223 - 225 - 226 - 230 - 231 - 235 - 239 - 241 - 242 - 243 - 244 - 245 - 246 - 249 - 250 - 251 - 253 - 255 - 256 - 260 - 262 - 263 - 267 - 268 - 269 - 270 - 273 - 277 - 278 - 279 - 280 - 281 - 282 - 284 - 285 - 286 - 288 - 289 - 290 - 291 - 293 - 294 - 295 - 296 - 298 - 299 - 300 - 302 - 303 - 304 - 305 - 309 - 312 - 313 - 314 - 315 - 316 - 317 - 318 - 320 - 321 - 322 - 325 - 327 - 331 - 333 - 334 - 335 - 337 - 338 - 339 - 340 - 342 - 343 - 344 - 345 - 346 - 350 - 351 - 352 - 353 - 358 - 359 - 360 - 362 - 366 - 368 - 371 - 373 - 374 - 377 - 378 - 380 - 381 - 382 - 383 - 385 - 386 - 387 - 388 - 390 - 392 - 393 - 394 - 396 - 397 - 399 - 400 - 401 - 402 - 403 - 410 - 413 - 414 - 415 - 417 - 421 - 422 - 423 - 424 - 425 - 426 - 428 - 429 - 432 - 433 - 434 - 435 - 437 - 438 - 440 - 443 - 447 - 448 - 449 - 451 - 452 - 453 - 454 - 455 - 457 - 458 - 460 - 461 - 462 - 463 - 464 - 465 - 469 - 470 - 471 - 474 - 476 - 477 - 479 - 480 - 481 - 482 - 483 - 485 - 488 - 489 - 490 - 491 - 492 - 493 - 494 - 495 - 496 - 497,572679.6,3.9,93347,91720,154.52,Cost: 93347 & Capacity: 91720
3 - 4 - 7 - 8 - 10 - 11 - 12 - 13 - 14 - 17 - 19 - 21 - 23 - 24 - 25 - 26 - 28 - 29 - 31 - 40 - 42 - 43 - 48 - 49 - 51 - 52 - 53 - 55 - 57 - 59 - 61 - 62 - 64 - 65 - 66 - 67 - 68 - 72 - 75 - 77 - 78 - 79 - 80 - 81 - 82 - 84 - 85 - 86 - 87 - 88 - 93 - 94 - 98 - 99 - 100 - 101 - 102 - 104 - 105 - 107 - 113 - 114 - 115 - 116 - 117 - 118 - 123 - 124 - 125 - 126 - 127 - 128 - 131 - 132 - 133 - 134 - 135 - 137 - 139 - 141 - 143 - 148 - 149 - 150 - 153 - 155 - 156 - 157 - 160 - 161 - 163 - 164 - 165 - 167 - 168 - 169 - 171 - 172 - 173 - 174 - 175 - 181 - 182 - 183 - 184 - 185 - 190 - 191 - 193 - 194 - 195 - 196 - 197 - 199 - 201 - 202 - 204 - 205 - 207 - 208 - 211 - 215 - 216 - 219 - 220 - 221 - 222 - 223 - 225 - 226 - 230 - 231 - 235 - 239 - 241 - 242 - 243 - 244 - 245 - 246 - 249 - 250 - 251 - 253 - 255 - 256 - 260 - 262 - 263 - 267 - 268 - 269 - 270 - 273 - 277 - 278 - 279 - 280 - 281 - 282 - 284 - 285 - 286 - 288 - 289 - 290 - 291 - 293 - 294 - 295 - 296 - 298 - 299 - 300 - 302 - 303 - 304 - 305 - 309 - 312 - 313 - 314 - 315 - 316 - 317 - 318 - 320 - 321 - 322 - 325 - 327 - 331 - 333 - 334 - 335 - 337 - 338 - 339 - 340 - 342 - 343 - 344 - 345 - 346 - 350 - 351 - 352 - 353 - 358 - 359 - 360 - 362 - 366 - 368 - 371 - 373 - 374 - 377 - 378 - 380 - 381 - 382 - 383 - 385 - 386 - 387 - 388 - 390 - 392 - 393 - 394 - 396 - 397 - 399 - 400 - 401 - 402 - 403 - 410 - 413 - 414 - 415 - 417 - 421 - 422 - 423 - 424 - 425 - 426 - 428 - 429 - 432 - 433 - 434 - 435 - 437 - 438 - 440 - 443 - 447 - 448 - 449 - 451 - 452 - 453 - 454 - 455 - 457 - 458 - 460 - 461 - 462 - 463 - 464 - 465 - 469 - 470 - 471 - 474 - 476 - 477 - 479 - 480 - 481 - 482 - 483 - 485 - 488 - 489 - 490 - 491 - 492 - 493 - 494 - 495 - 496 - 497,572679.6,3.9,93347,91720,157.4,Cost: 93347 & Capacity: 91720
3 - 4 - 7 - 8 - 10 - 11 - 12 - 13 - 14 - 17 - 19 - 21 - 23 - 24 - 25 - 26 - 28 - 29 - 31 - 40 - 42 - 43 - 48 - 49 - 51 - 52 - 53 - 55 - 57 - 59 - 61 - 62 - 64 - 65 - 66 - 67 - 68 - 72 - 75 - 77 - 78 - 79 - 80 - 81 - 82 - 84 - 85 - 86 - 87 - 88 - 93 - 94 - 98 - 99 - 100 - 101 - 102 - 104 - 105 - 107 - 113 - 114 - 115 - 116 - 117 - 118 - 123 - 124 - 125 - 126 - 127 - 128 - 131 - 132 - 133 - 134 - 135 - 137 - 139 - 141 - 143 - 148 - 149 - 150 - 153 - 155 - 156 - 157 - 160 - 161 - 163 - 164 - 165 - 167 - 168 - 169 - 171 - 172 - 173 - 174 - 175 - 181 - 182 - 183 - 184 - 185 - 190 - 191 - 193 - 194 - 195 - 196 - 197 - 199 - 201 - 202 - 204 - 205 - 207 - 208 - 211 - 215 - 216 - 219 - 220 - 221 - 222 - 223 - 225 - 226 - 230 - 231 - 235 - 239 - 241 - 242 - 243 - 244 - 245 - 246 - 249 - 250 - 251 - 253 - 255 - 256 - 260 - 262 - 263 - 267 - 268 - 269 - 270 - 273 - 277 - 278 - 279 - 280 - 281 - 282 - 284 - 285 - 286 - 288 - 289 - 290 - 291 - 293 - 294 - 295 - 296 - 298 - 299 - 300 - 302 - 303 - 304 - 305 - 309 - 312 - 313 - 314 - 315 - 316 - 317 - 318 - 320 - 321 - 322 - 325 - 327 - 331 - 333 - 334 - 335 - 337 - 338 - 339 - 340 - 342 - 343 - 344 - 345 - 346 - 350 - 351 - 352 - 353 - 358 - 359 - 360 - 362 - 366 - 368 - 371 - 373 - 374 - 377 - 378 - 380 - 381 - 382 - 383 - 385 - 386 - 387 - 388 - 390 - 392 - 393 - 394 - 396 - 397 - 399 - 400 - 401 - 402 - 403 - 410 - 413 - 414 - 415 - 417 - 421 - 422 - 423 - 424 - 425 - 426 - 428 - 429 - 432 - 433 - 434 - 435 - 437 - 438 - 440 - 443 - 447 - 448 - 449 - 451 - 452 - 453 - 454 - 455 - 457 - 458 - 460 - 461 - 462 - 463 - 464 - 465 - 469 - 470 - 471 - 474 - 476 - 477 - 479 - 480 - 481 - 482 - 483 - 485 - 488 - 489 - 490 - 491 - 492 - 493 - 494 - 495 - 496 - 497,572679.6,3.9,93347,91720,161.09,Cost: 93347 & Capacity: 91720
3 - 4 - 7 - 8 - 10 - 11 - 12 - 13 - 14 - 17 - 19 - 21 - 23 - 24 - 25 - 26 - 28 - 29 - 31 - 40 - 42 - 43 - 48 - 49 - 51 - 52 - 53 - 55 - 57 - 59 - 61 - 62 - 64 - 65 - 66 - 67 - 68 - 72 - 75 - 77 - 78 - 79 - 80 - 81 - 82 - 84 - 85 - 86 - 87 - 88 - 93 - 94 - 98 - 99 - 100 - 101 - 102 - 104 - 105 - 107 - 113 - 114 - 115 - 116 - 117 - 118 - 123 - 124 - 125 - 126 - 127 - 128 - 131 - 132 - 133 - 134 - 135 - 137 - 139 - 141 - 143 - 148 - 149 - 150 - 153 - 155 - 156 - 157 - 160 - 161 - 163 - 164 - 165 - 167 - 168 - 169 - 171 - 172 - 173 - 174 - 175 - 181 - 182 - 183 - 184 - 185 - 190 - 191 - 193 - 194 - 195 - 196 - 197 - 199 - 201 - 202 - 204 - 205 - 207 - 208 - 211 - 215 - 216 - 219 - 220 - 221 - 222 - 223 - 225 - 226 - 230 - 231 - 235 - 239 - 241 - 242 - 243 - 244 - 245 - 246 - 249 - 250 - 251 - 253 - 255 - 256 - 260 - 262 - 263 - 267 - 268 - 269 - 270 - 273 - 277 - 278 - 279 - 280 - 281 - 282 - 284 - 285 - 286 - 288 - 289 - 290 - 291 - 293 - 294 - 295 - 296 - 298 - 299 - 300 - 302 - 303 - 304 - 305 - 309 - 312 - 313 - 314 - 315 - 316 - 317 - 318 - 320 - 321 - 322 - 325 - 327 - 331 - 333 - 334 - 335 - 337 - 338 - 339 - 340 - 342 - 343 - 344 - 345 - 346 - 350 - 351 - 352 - 353 - 358 - 359 - 360 - 362 - 366 - 368 - 371 - 373 - 374 - 377 - 378 - 380 - 381 - 382 - 383 - 385 - 386 - 387 - 388 - 390 - 392 - 393 - 394 - 396 - 397 - 399 - 400 - 401 - 402 - 403 - 410 - 413 - 414 - 415 - 417 - 421 - 422 - 423 - 424 - 425 - 426 - 428 - 429 - 432 - 433 - 434 - 435 - 437 - 438 - 440 - 443 - 447 - 448 - 449 - 451 - 452 - 453 - 454 - 455 - 457 - 458 - 460 - 461 - 462 - 463 - 464 - 465 - 469 - 470 - 471 - 474 - 476 - 477 - 479 - 480 - 481 - 482 - 483 - 485 - 488 - 489 - 490 - 491 - 492 - 493 - 494 - 495 - 496 - 497,572679.6,3.9,93347,91720,161.36,Cost: 93347 & Capacity: 91720
3 - 4 - 7 - 8 - 10 - 11 - 12 - 13 - 14 - 17 - 19 - 21 - 23 - 24 - 25 - 26 - 28 - 29 - 31 - 40 - 42 - 43 - 48 - 49 - 51 - 52 - 53 - 55 - 57 - 59 - 61 - 62 - 64 - 65 - 66 - 67 - 68 - 72 - 75 - 77 - 78 - 79 - 80 - 81 - 82 - 84 - 85 - 86 - 87 - 88 - 93 - 94 - 98 - 99 - 100 - 101 - 102 - 104 - 105 - 107 - 113 - 114 - 115 - 116 - 117 - 118 - 123 - 124 - 125 - 126 - 127 - 128 - 131 - 132 - 133 - 134 - 135 - 137 - 139 - 141 - 143 - 148 - 149 - 150 - 153 - 155 - 156 - 157 - 160 - 161 - 163 - 164 - 165 - 167 - 168 - 169 - 171 - 172 - 173 - 174 - 175 - 181 - 182 - 183 - 184 - 185 - 190 - 191 - 193 - 194 - 195 - 196 - 197 - 199 - 201 - 202 - 204 - 205 - 207 - 208 - 211 - 215 - 216 - 219 - 220 - 221 - 222 - 223 - 225 - 226 - 230 - 231 - 235 - 239 - 241 - 242 - 243 - 244 - 245 - 246 - 249 - 250 - 251 - 253 - 255 - 256 - 260 - 262 - 263 - 267 - 268 - 269 - 270 - 273 - 277 - 278 - 279 - 280 - 281 - 282 - 284 - 285 - 286 - 288 - 289 - 290 - 291 - 293 - 294 - 295 - 296 - 298 - 299 - 300 - 302 - 303 - 304 - 305 - 309 - 312 - 313 - 314 - 315 - 316 - 317 - 318 - 320 - 321 - 322 - 325 - 327 - 331 - 333 - 334 - 335 - 337 - 338 - 339 - 340 - 342 - 343 - 344 - 345 - 346 - 350 - 351 - 352 - 353 - 358 - 359 - 360 - 362 - 366 - 368 - 371 - 373 - 374 - 377 - 378 - 380 - 381 - 382 - 383 - 385 - 386 - 387 - 388 - 390 - 392 - 393 - 394 - 396 - 397 - 399 - 400 - 401 - 402 - 403 - 410 - 413 - 414 - 415 - 417 - 421 - 422 - 423 - 424 - 425 - 426 - 428 - 429 - 432 - 433 - 434 - 435 - 437 - 438 - 440 - 443 - 447 - 448 - 449 - 451 - 452 - 453 - 454 - 455 - 457 - 458 - 460 - 461 - 462 - 463 - 464 - 465 - 469 - 470 - 471 - 474 - 476 - 477 - 479 - 480 - 481 - 482 - 483 - 485 - 488 - 489 - 490 - 491 - 492 - 493 - 494 - 495 - 496 - 497,572679.6,3.9,93347,91720,162.85,Cost: 93347 & Capacity: 91720
3 - 4 - 6 - 7 - 20 - 25 - 26 - 28 - 31 - 32 - 35 - 40 - 42 - 53 - 55 - 59 - 61 - 62 - 63 - 64 - 65 - 71 - 77 - 79 - 84 - 85 - 89 - 90 - 93 - 98 - 100 - 101 - 104 - 110 - 112 - 113 - 116 - 120 - 131 - 133 - 137 - 138 - 139 - 141 - 143 - 144 - 147 - 150 - 154 - 155 - 156 - 158 - 162 - 167 - 171 - 172 - 173 - 174 - 176 - 177 - 180 - 181 - 182 - 184 - 185 - 187 - 191 - 193 - 194 - 205 - 207 - 208 - 211 - 215 - 216 - 217 - 219 - 220 - 221 - 226 - 227 - 230 - 231 - 232 - 234 - 235 - 236 - 237 - 238 - 239 - 240 - 242 - 243 - 249 - 250 - 252 - 254 - 260 - 264 - 267 - 268 - 269 - 271 - 273 - 276 - 278 - 279 - 282 - 286 - 289 - 290 - 295 - 298 - 300 - 304 - 305 - 308 - 310 - 312 - 314 - 316 - 317 - 319 - 321 - 327 - 328 - 331 - 333 - 334 - 335 - 337 - 343 - 345 - 353 - 362 - 364 - 366 - 367 - 372 - 374 - 378 - 379 - 385 - 386 - 389 - 392 - 393 - 394 - 396 - 402 - 403 - 408 - 411 - 413 - 414 - 415 - 416 - 417 - 420 - 423 - 424 - 427 - 429 - 432 - 434 - 437 - 438 - 445 - 451 - 452 - 456 - 457 - 458 - 461 - 463 - 464 - 465 - 466 - 467 - 469 - 471 - 473 - 476 - 477 - 478 - 481 - 488 - 489,245368.4,7.3,93327,78342,163.96,Cost: 93327 & Capacity: 78342
3 - 4 - 7 - 8 - 10 - 11 - 12 - 13 - 14 - 17 - 19 - 21 - 23 - 24 - 25 - 26 - 28 - 29 - 31 - 40 - 42 - 43 - 48 - 49 - 51 - 52 - 53 - 55 - 57 - 59 - 61 - 62 - 64 - 65 - 66 - 67 - 68 - 72 - 75 - 77 - 78 - 79 - 80 - 81 - 82 - 84 - 85 - 86 - 87 - 88 - 93 - 94 - 98 - 99 - 100 - 101 - 102 - 104 - 105 - 107 - 113 - 114 - 115 - 116 - 117 - 118 - 123 - 124 - 125 - 126 - 127 - 128 - 131 - 132 - 133 - 134 - 135 - 137 - 139 - 141 - 143 - 148 - 149 - 150 - 153 - 155 - 156 - 157 - 160 - 161 - 163 - 164 - 165 - 167 - 168 - 169 - 171 - 172 - 173 - 174 - 175 - 181 - 182 - 183 - 184 - 185 - 190 - 191 - 193 - 194 - 195 - 196 - 197 - 199 - 201 - 202 - 204 - 205 - 207 - 208 - 211 - 215 - 216 - 219 - 220 - 221 - 222 - 223 - 225 - 226 - 230 - 231 - 235 - 239 - 241 - 242 - 243 - 244 - 245 - 246 - 249 - 250 - 251 - 253 - 255 - 256 - 260 - 262 - 263 - 267 - 268 - 269 - 270 - 273 - 277 - 278 - 279 - 280 - 281 - 282 - 284 - 285 - 286 - 288 - 289 - 290 - 291 - 293 - 294 - 295 - 296 - 298 - 299 - 300 - 302 - 303 - 304 - 305 - 309 - 312 - 313 - 314 - 315 - 316 - 317 - 318 - 320 - 321 - 322 - 325 - 327 - 331 - 333 - 334 - 335 - 337 - 338 - 339 - 340 - 342 - 343 - 344 - 345 - 346 - 350 - 351 - 352 - 353 - 358 - 359 - 360 - 362 - 366 - 368 - 371 - 373 - 374 - 377 - 378 - 380 - 381 - 382 - 383 - 385 - 386 - 387 - 388 - 390 - 392 - 393 - 394 - 396 - 397 - 399 - 400 - 401 - 402 - 403 - 410 - 413 - 414 - 415 - 417 - 421 - 422 - 423 - 424 - 425 - 426 - 428 - 429 - 432 - 433 - 434 - 435 - 437 - 438 - 440 - 443 - 447 - 448 - 449 - 451 - 452 - 453 - 454 - 455 - 457 - 458 - 460 - 461 - 462 - 463 - 464 - 465 - 469 - 470 - 471 - 474 - 476 - 477 - 479 - 480 - 481 - 482 - 483 - 485 - 488 - 489 - 490 - 491 - 492 - 493 - 494 - 495 - 496 - 497,572679.6,3.9,93347,91720,164.34,Cost: 93347 & Capacity: 91720
3 - 4 - 7 - 8 - 10 - 11 - 12 - 13 - 14 - 17 - 19 - 21 - 23 - 24 - 25 - 26 - 28 - 29 - 31 - 40 - 42 - 43 - 48 - 49 - 51 - 52 - 53 - 55 - 57 - 59 - 61 - 62 - 64 - 65 - 66 - 67 - 68 - 72 - 75 - 77 - 78 - 79 - 80 - 81 - 82 - 84 - 85 - 86 - 87 - 88 - 93 - 94 - 98 - 99 - 100 - 101 - 102 - 104 - 105 - 107 - 113 - 114 - 115 - 116 - 117 - 118 - 123 - 124 - 125 - 126 - 127 - 128 - 131 - 132 - 133 - 134 - 135 - 137 - 139 - 141 - 143 - 148 - 149 - 150 - 153 - 155 - 156 - 157 - 160 - 161 - 163 - 164 - 165 - 167 - 168 - 169 - 171 - 172 - 173 - 174 - 175 - 181 - 182 - 183 - 184 - 185 - 190 - 191 - 193 - 194 - 195 - 196 - 197 - 199 - 201 - 202 - 204 - 205 - 207 - 208 - 211 - 215 - 216 - 219 - 220 - 221 - 222 - 223 - 225 - 226 - 230 - 231 - 235 - 239 - 241 - 242 - 243 - 244 - 245 - 246 - 249 - 250 - 251 - 253 - 255 - 256 - 260 - 262 - 263 - 267 - 268 - 269 - 270 - 273 - 277 - 278 - 279 - 280 - 281 - 282 - 284 - 285 - 286 - 288 - 289 - 290 - 291 - 293 - 294 - 295 - 296 - 298 - 299 - 300 - 302 - 303 - 304 - 305 - 309 - 312 - 313 - 314 - 315 - 316 - 317 - 318 - 320 - 321 - 322 - 325 - 327 - 331 - 333 - 334 - 335 - 337 - 338 - 339 - 340 - 342 - 343 - 344 - 345 - 346 - 350 - 351 - 352 - 353 - 358 - 359 - 360 - 362 - 366 - 368 - 371 - 373 - 374 - 377 - 378 - 380 - 381 - 382 - 383 - 385 - 386 - 387 - 388 - 390 - 392 - 393 - 394 - 396 - 397 - 399 - 400 - 401 - 402 - 403 - 410 - 413 - 414 - 415 - 417 - 421 - 422 - 423 - 424 - 425 - 426 - 428 - 429 - 432 - 433 - 434 - 435 - 437 - 438 - 440 - 443 - 447 - 448 - 449 - 451 - 452 - 453 - 454 - 455 - 457 - 458 - 460 - 461 - 462 - 463 - 464 - 465 - 469 - 470 - 471 - 474 - 476 - 477 - 479 - 480 - 481 - 482 - 483 - 485 - 488 - 489 - 490 - 491 - 492 - 493 - 494 - 495 - 496 - 497,572679.6,3.9,93347,91720,164.77,Cost: 93347 & Capacity: 91720
3 - 4 - 7 - 8 - 10 - 11 - 12 - 13 - 14 - 17 - 19 - 21 - 23 - 24 - 25 - 26 - 28 - 29 - 31 - 40 - 42 - 43 - 48 - 49 - 51 - 52 - 53 - 55 - 57 - 59 - 61 - 62 - 64 - 65 - 66 - 67 - 68 - 72 - 75 - 77 - 78 - 79 - 80 - 81 - 82 - 84 - 85 - 86 - 87 - 88 - 93 - 94 - 98 - 99 - 100 - 101 - 102 - 104 - 105 - 107 - 113 - 114 - 115 - 116 - 117 - 118 - 123 - 124 - 125 - 126 - 127 - 128 - 131 - 132 - 133 - 134 - 135 - 137 - 139 - 141 - 143 - 148 - 149 - 150 - 153 - 155 - 156 - 157 - 160 - 161 - 163 - 164 - 165 - 167 - 168 - 169 - 171 - 172 - 173 - 174 - 175 - 181 - 182 - 183 - 184 - 185 - 190 - 191 - 193 - 194 - 195 - 196 - 197 - 199 - 201 - 202 - 204 - 205 - 207 - 208 - 211 - 215 - 216 - 219 - 220 - 221 - 222 - 223 - 225 - 226 - 230 - 231 - 235 - 239 - 241 - 242 - 243 - 244 - 245 - 246 - 249 - 250 - 251 - 253 - 255 - 256 - 260 - 262 - 263 - 267 - 268 - 269 - 270 - 273 - 277 - 278 - 279 - 280 - 281 - 282 - 284 - 285 - 286 - 288 - 289 - 290 - 291 - 293 - 294 - 295 - 296 - 298 - 299 - 300 - 302 - 303 - 304 - 305 - 309 - 312 - 313 - 314 - 315 - 316 - 317 - 318 - 320 - 321 - 322 - 325 - 327 - 331 - 333 - 334 - 335 - 337 - 338 - 339 - 340 - 342 - 343 - 344 - 345 - 346 - 350 - 351 - 352 - 353 - 358 - 359 - 360 - 362 - 366 - 368 - 371 - 373 - 374 - 377 - 378 - 380 - 381 - 382 - 383 - 385 - 386 - 387 - 388 - 390 - 392 - 393 - 394 - 396 - 397 - 399 - 400 - 401 - 402 - 403 - 410 - 413 - 414 - 415 - 417 - 421 - 422 - 423 - 424 - 425 - 426 - 428 - 429 - 432 - 433 - 434 - 435 - 437 - 438 - 440 - 443 - 447 - 448 - 449 - 451 - 452 - 453 - 454 - 455 - 457 - 458 - 460 - 461 - 462 - 463 - 464 - 465 - 469 - 470 - 471 - 474 - 476 - 477 - 479 - 480 - 481 - 482 - 483 - 485 - 488 - 489 - 490 - 491 - 492 - 493 - 494 - 495 - 496 - 497,572679.6,3.9,93347,91720,171.94,Cost: 93347 & Capacity: 91720
3 - 4 - 7 - 8 - 10 - 11 - 12 - 13 - 14 - 17 - 19 - 21 - 23 - 24 - 25 - 26 - 28 - 29 - 31 - 40 - 42 - 43 - 48 - 49 - 51 - 52 - 53 - 55 - 57 - 59 - 61 - 62 - 64 - 65 - 66 - 67 - 68 - 72 - 75 - 77 - 78 - 79 - 80 - 81 - 82 - 84 - 85 - 86 - 87 - 88 - 93 - 94 - 98 - 99 - 100 - 101 - 102 - 104 - 105 - 107 - 113 - 114 - 115 - 116 - 117 - 118 - 123 - 124 - 125 - 126 - 127 - 128 - 131 - 132 - 133 - 134 - 135 - 137 - 139 - 141 - 143 - 148 - 149 - 150 - 153 - 155 - 156 - 157 - 160 - 161 - 163 - 164 - 165 - 167 - 168 - 169 - 171 - 172 - 173 - 174 - 175 - 181 - 182 - 183 - 184 - 185 - 190 - 191 - 193 - 194 - 195 - 196 - 197 - 199 - 201 - 202 - 204 - 205 - 207 - 208 - 211 - 215 - 216 - 219 - 220 - 221 - 222 - 223 - 225 - 226 - 230 - 231 - 235 - 239 - 241 - 242 - 243 - 244 - 245 - 246 - 249 - 250 - 251 - 253 - 255 - 256 - 260 - 262 - 263 - 267 - 268 - 269 - 270 - 273 - 277 - 278 - 279 - 280 - 281 - 282 - 284 - 285 - 286 - 288 - 289 - 290 - 291 - 293 - 294 - 295 - 296 - 298 - 299 - 300 - 302 - 303 - 304 - 305 - 309 - 312 - 313 - 314 - 315 - 316 - 317 - 318 - 320 - 321 - 322 - 325 - 327 - 331 - 333 - 334 - 335 - 337 - 338 - 339 - 340 - 342 - 343 - 344 - 345 - 346 - 350 - 351 - 352 - 353 - 358 - 359 - 360 - 362 - 366 - 368 - 371 - 373 - 374 - 377 - 378 - 380 - 381 - 382 - 383 - 385 - 386 - 387 - 388 - 390 - 392 - 393 - 394 - 396 - 397 - 399 - 400 - 401 - 402 - 403 - 410 - 413 - 414 - 415 - 417 - 421 - 422 - 423 - 424 - 425 - 426 - 428 - 429 - 432 - 433 - 434 - 435 - 437 - 438 - 440 - 443 - 447 - 448 - 449 - 451 - 452 - 453 - 454 - 455 - 457 - 458 - 460 - 461 - 462 - 463 - 464 - 465 - 469 - 470 - 471 - 474 - 476 - 477 - 479 - 480 - 481 - 482 - 483 - 485 - 488 - 489 - 490 - 491 - 492 - 493 - 494 - 495 - 496 - 497,572679.6,3.9,93347,91720,173.55,Cost: 93347 & Capacity: 91720
1 - 3 - 6 - 7 - 11 - 16 - 26 - 28 - 31 - 32 - 33 - 39 - 40 - 41 - 42 - 52 - 53 - 55 - 59 - 62 - 63 - 66 - 77 - 80 - 88 - 89 - 90 - 93 - 101 - 104 - 108 - 110 - 111 - 112 - 119 - 131 - 133 - 137 - 138 - 139 - 140 - 149 - 150 - 152 - 159 - 161 - 162 - 164 - 167 - 172 - 173 - 174 - 176 - 180 - 189 - 191 - 194 - 195 - 204 - 205 - 206 - 208 - 211 - 213 - 217 - 219 - 220 - 222 - 226 - 227 - 232 - 234 - 238 - 242 - 244 - 249 - 250 - 251 - 260 - 263 - 267 - 268 - 269 - 271 - 273 - 278 - 279 - 282 - 284 - 289 - 293 - 294 - 295 - 300 - 305 - 308 - 316 - 317 - 319 - 327 - 328 - 332 - 333 - 334 - 336 - 337 - 340 - 342 - 343 - 345 - 353 - 358 - 362 - 364 - 365 - 374 - 378 - 380 - 385 - 386 - 393 - 394 - 396 - 397 - 399 - 402 - 403 - 408 - 411 - 415 - 417 - 420 - 421 - 424 - 427 - 432 - 434 - 437 - 438 - 449 - 456 - 458 - 461 - 463 - 464 - 466 - 471 - 474 - 475 - 477 - 478 - 481 - 486 - 489 - 493 - 496 - 499,173472.8,7.8,86527,68620,179.62,Cost: 86527 & Capacity: 68620
3 - 4 - 7 - 8 - 10 - 11 - 12 - 13 - 14 - 17 - 19 - 21 - 23 - 24 - 25 - 26 - 28 - 29 - 31 - 40 - 42 - 43 - 48 - 49 - 51 - 52 - 53 - 55 - 57 - 59 - 61 - 62 - 64 - 65 - 66 - 67 - 68 - 72 - 75 - 77 - 78 - 79 - 80 - 81 - 82 - 84 - 85 - 86 - 87 - 88 - 93 - 94 - 98 - 99 - 100 - 101 - 102 - 104 - 105 - 107 - 113 - 114 - 115 - 116 - 117 - 118 - 123 - 124 - 125 - 126 - 127 - 128 - 131 - 132 - 133 - 134 - 135 - 137 - 139 - 141 - 143 - 148 - 149 - 150 - 153 - 155 - 156 - 157 - 160 - 161 - 163 - 164 - 165 - 167 - 168 - 169 - 171 - 172 - 173 - 174 - 175 - 181 - 182 - 183 - 184 - 185 - 190 - 191 - 193 - 194 - 195 - 196 - 197 - 199 - 201 - 202 - 204 - 205 - 207 - 208 - 211 - 215 - 216 - 219 - 220 - 221 - 222 - 223 - 225 - 226 - 230 - 231 - 235 - 239 - 241 - 242 - 243 - 244 - 245 - 246 - 249 - 250 - 251 - 253 - 255 - 256 - 260 - 262 - 263 - 267 - 268 - 269 - 270 - 273 - 277 - 278 - 279 - 280 - 281 - 282 - 284 - 285 - 286 - 288 - 289 - 290 - 291 - 293 - 294 - 295 - 296 - 298 - 299 - 300 - 302 - 303 - 304 - 305 - 309 - 312 - 313 - 314 - 315 - 316 - 317 - 318 - 320 - 321 - 322 - 325 - 327 - 331 - 333 - 334 - 335 - 337 - 338 - 339 - 340 - 342 - 343 - 344 - 345 - 346 - 350 - 351 - 352 - 353 - 358 - 359 - 360 - 362 - 366 - 368 - 371 - 373 - 374 - 377 - 378 - 380 - 381 - 382 - 383 - 385 - 386 - 387 - 388 - 390 - 392 - 393 - 394 - 396 - 397 - 399 - 400 - 401 - 402 - 403 - 410 - 413 - 414 - 415 - 417 - 421 - 422 - 423 - 424 - 425 - 426 - 428 - 429 - 432 - 433 - 434 - 435 - 437 - 438 - 440 - 443 - 447 - 448 - 449 - 451 - 452 - 453 - 454 - 455 - 457 - 458 - 460 - 461 - 462 - 463 - 464 - 465 - 469 - 470 - 471 - 474 - 476 - 477 - 479 - 480 - 481 - 482 - 483 - 485 - 488 - 489 - 490 - 491 - 492 - 493 - 494 - 495 - 496 - 497,572679.6,3.9,93347,91720,184.83,Cost: 93347 & Capacity: 91720
3 - 4 - 7 - 8 - 10 - 11 - 12 - 13 - 14 - 17 - 19 - 21 - 23 - 24 - 25 - 26 - 28 - 29 - 31 - 40 - 42 - 43 - 48 - 49 - 51 - 52 - 53 - 55 - 57 - 59 - 61 - 62 - 64 - 65 - 66 - 67 - 68 - 72 - 75 - 77 - 78 - 79 - 80 - 81 - 82 - 84 - 85 - 86 - 87 - 88 - 93 - 94 - 98 - 99 - 100 - 101 - 102 - 104 - 105 - 113 - 114 - 115 - 116 - 117 - 118 - 123 - 124 - 125 - 126 - 127 - 128 - 131 - 132 - 133 - 134 - 135 - 137 - 139 - 141 - 143 - 148 - 149 - 150 - 153 - 155 - 156 - 157 - 160 - 161 - 163 - 164 - 165 - 167 - 168 - 169 - 171 - 172 - 173 - 174 - 175 - 180 - 181 - 182 - 183 - 184 - 185 - 190 - 191 - 193 - 194 - 195 - 196 - 197 - 199 - 201 - 202 - 204 - 205 - 207 - 208 - 211 - 215 - 216 - 219 - 220 - 221 - 222 - 223 - 225 - 226 - 230 - 231 - 235 - 239 - 241 - 242 - 243 - 244 - 245 - 246 - 249 - 250 - 251 - 253 - 255 - 256 - 258 - 260 - 262 - 263 - 267 - 268 - 269 - 270 - 273 - 277 - 278 - 279 - 280 - 281 - 282 - 284 - 285 - 286 - 288 - 289 - 290 - 291 - 293 - 294 - 295 - 296 - 298 - 299 - 300 - 302 - 303 - 304 - 305 - 309 - 312 - 313 - 314 - 315 - 316 - 317 - 318 - 320 - 321 - 322 - 325 - 327 - 331 - 333 - 334 - 335 - 337 - 338 - 340 - 342 - 343 - 344 - 345 - 346 - 350 - 351 - 352 - 353 - 358 - 359 - 360 - 362 - 366 - 368 - 371 - 373 - 374 - 377 - 378 - 380 - 381 - 383 - 385 - 386 - 387 - 388 - 390 - 392 - 393 - 394 - 396 - 397 - 399 - 400 - 401 - 402 - 403 - 410 - 413 - 414 - 415 - 417 - 421 - 422 - 423 - 424 - 425 - 426 - 428 - 429 - 432 - 433 - 434 - 435 - 437 - 438 - 440 - 441 - 443 - 447 - 448 - 449 - 451 - 452 - 453 - 454 - 455 - 457 - 458 - 460 - 461 - 462 - 463 - 464 - 465 - 469 - 470 - 471 - 474 - 476 - 477 - 479 - 480 - 481 - 482 - 483 - 485 - 488 - 489 - 490 - 491 - 492 - 493 - 494 - 495 - 496 - 497,573679.4,2.7,93354,91654,186.25,Cost: 93354 & Capacity: 91654
3 - 4 - 7 - 8 - 10 - 11 - 12 - 13 - 14 - 17 - 19 - 21 - 23 - 24 - 25 - 26 - 28 - 29 - 31 - 40 - 42 - 43 - 48 - 49 - 51 - 52 - 53 - 55 - 57 - 59 - 61 - 62 - 64 - 65 - 66 - 67 - 68 - 72 - 75 - 77 - 78 - 79 - 80 - 81 - 82 - 84 - 85 - 86 - 87 - 88 - 93 - 94 - 98 - 99 - 100 - 101 - 102 - 104 - 105 - 107 - 113 - 114 - 115 - 116 - 117 - 118 - 123 - 124 - 125 - 126 - 127 - 128 - 131 - 132 - 133 - 134 - 135 - 137 - 139 - 141 - 143 - 148 - 149 - 150 - 153 - 155 - 156 - 157 - 160 - 161 - 163 - 164 - 165 - 167 - 168 - 169 - 171 - 172 - 173 - 174 - 175 - 181 - 182 - 183 - 184 - 185 - 190 - 191 - 193 - 194 - 195 - 196 - 197 - 199 - 201 - 202 - 204 - 205 - 207 - 208 - 211 - 215 - 216 - 219 - 220 - 221 - 222 - 223 - 225 - 226 - 230 - 231 - 235 - 239 - 241 - 242 - 243 - 244 - 245 - 246 - 249 - 250 - 251 - 253 - 255 - 256 - 260 - 262 - 263 - 267 - 268 - 269 - 270 - 273 - 277 - 278 - 279 - 280 - 281 - 282 - 284 - 285 - 286 - 288 - 289 - 290 - 291 - 293 - 294 - 295 - 296 - 298 - 299 - 300 - 302 - 303 - 304 - 305 - 309 - 312 - 313 - 314 - 315 - 316 - 317 - 318 - 320 - 321 - 322 - 325 - 327 - 331 - 333 - 334 - 335 - 337 - 338 - 339 - 340 - 342 - 343 - 344 - 345 - 346 - 350 - 351 - 352 - 353 - 358 - 359 - 360 - 362 - 366 - 368 - 371 - 373 - 374 - 377 - 378 - 380 - 381 - 382 - 383 - 385 - 386 - 387 - 388 - 390 - 392 - 393 - 394 - 396 - 397 - 399 - 400 - 401 - 402 - 403 - 410 - 413 - 414 - 415 - 417 - 421 - 422 - 423 - 424 - 425 - 426 - 428 - 429 - 432 - 433 - 434 - 435 - 437 - 438 - 440 - 443 - 447 - 448 - 449 - 451 - 452 - 453 - 454 - 455 - 457 - 458 - 460 - 461 - 462 - 463 - 464 - 465 - 469 - 470 - 471 - 474 - 476 - 477 - 479 - 480 - 481 - 482 - 483 - 485 - 488 - 489 - 490 - 491 - 492 - 493 - 494 - 495 - 496 - 497,572679.6,3.9,93347,91720,187.57,Cost: 93347 & Capacity: 91720
3 - 4 - 7 - 8 - 10 - 11 - 12 - 13 - 14 - 17 - 19 - 21 - 23 - 24 - 25 - 26 - 28 - 29 - 31 - 40 - 42 - 43 - 48 - 49 - 51 - 52 - 53 - 55 - 57 - 59 - 61 - 62 - 64 - 65 - 66 - 67 - 68 - 72 - 75 - 77 - 78 - 79 - 80 - 81 - 82 - 84 - 85 - 86 - 87 - 88 - 93 - 94 - 98 - 99 - 100 - 101 - 102 - 104 - 105 - 107 - 113 - 114 - 115 - 116 - 117 - 118 - 123 - 124 - 125 - 126 - 127 - 128 - 131 - 132 - 133 - 134 - 135 - 137 - 139 - 141 - 143 - 148 - 149 - 150 - 153 - 155 - 156 - 157 - 160 - 161 - 163 - 164 - 165 - 167 - 168 - 169 - 171 - 172 - 173 - 174 - 175 - 181 - 182 - 183 - 184 - 185 - 190 - 191 - 193 - 194 - 195 - 196 - 197 - 199 - 201 - 202 - 204 - 205 - 207 - 208 - 211 - 215 - 216 - 219 - 220 - 221 - 222 - 223 - 225 - 226 - 230 - 231 - 235 - 239 - 241 - 242 - 243 - 244 - 245 - 246 - 249 - 250 - 251 - 253 - 255 - 256 - 260 - 262 - 263 - 267 - 268 - 269 - 270 - 273 - 277 - 278 - 279 - 280 - 281 - 282 - 284 - 285 - 286 - 288 - 289 - 290 - 291 - 293 - 294 - 295 - 296 - 298 - 299 - 300 - 302 - 303 - 304 - 305 - 309 - 312 - 313 - 314 - 315 - 316 - 317 - 318 - 320 - 321 - 322 - 325 - 327 - 331 - 333 - 334 - 335 - 337 - 338 - 339 - 340 - 342 - 343 - 344 - 345 - 346 - 350 - 351 - 352 - 353 - 358 - 359 - 360 - 362 - 366 - 368 - 371 - 373 - 374 - 377 - 378 - 380 - 381 - 382 - 383 - 385 - 386 - 387 - 388 - 390 - 392 - 393 - 394 - 396 - 397 - 399 - 400 - 401 - 402 - 403 - 410 - 413 - 414 - 415 - 417 - 421 - 422 - 423 - 424 - 425 - 426 - 428 - 429 - 432 - 433 - 434 - 435 - 437 - 438 - 440 - 443 - 447 - 448 - 449 - 451 - 452 - 453 - 454 - 455 - 457 - 458 - 460 - 461 - 462 - 463 - 464 - 465 - 469 - 470 - 471 - 474 - 476 - 477 - 479 - 480 - 481 - 482 - 483 - 485 - 488 - 489 - 490 - 491 - 492 - 493 - 494 - 495 - 496 - 497,572679.6,3.9,93347,91720,193.4,Cost: 93347 & Capacity: 91720
3 - 4 - 7 - 8 - 10 - 11 - 12 - 13 - 14 - 17 - 19 - 21 - 23 - 24 - 25 - 26 - 28 - 29 - 31 - 40 - 42 - 43 - 48 - 49 - 51 - 52 - 53 - 55 - 57 - 59 - 61 - 62 - 64 - 65 - 66 - 67 - 68 - 72 - 75 - 77 - 78 - 79 - 80 - 81 - 82 - 84 - 85 - 86 - 87 - 88 - 93 - 94 - 98 - 99 - 100 - 101 - 102 - 104 - 105 - 107 - 113 - 114 - 115 - 116 - 117 - 118 - 123 - 124 - 125 - 126 - 127 - 128 - 131 - 132 - 133 - 134 - 135 - 137 - 139 - 141 - 143 - 148 - 149 - 150 - 153 - 155 - 156 - 157 - 160 - 161 - 163 - 164 - 165 - 167 - 168 - 169 - 171 - 172 - 173 - 174 - 175 - 181 - 182 - 183 - 184 - 185 - 190 - 191 - 193 - 194 - 195 - 196 - 197 - 199 - 201 - 202 - 204 - 205 - 207 - 208 - 211 - 215 - 216 - 219 - 220 - 221 - 222 - 223 - 225 - 226 - 230 - 231 - 235 - 239 - 241 - 242 - 243 - 244 - 245 - 246 - 249 - 250 - 251 - 253 - 255 - 256 - 260 - 262 - 263 - 267 - 268 - 269 - 270 - 273 - 277 - 278 - 279 - 280 - 281 - 282 - 284 - 285 - 286 - 288 - 289 - 290 - 291 - 293 - 294 - 295 - 296 - 298 - 299 - 300 - 302 - 303 - 304 - 305 - 309 - 312 - 313 - 314 - 315 - 316 - 317 - 318 - 320 - 321 - 322 - 325 - 327 - 331 - 333 - 334 - 335 - 337 - 338 - 339 - 340 - 342 - 343 - 344 - 345 - 346 - 350 - 351 - 352 - 353 - 358 - 359 - 360 - 362 - 366 - 368 - 371 - 373 - 374 - 377 - 378 - 380 - 381 - 382 - 383 - 385 - 386 - 387 - 388 - 390 - 392 - 393 - 394 - 396 - 397 - 399 - 400 - 401 - 402 - 403 - 410 - 413 - 414 - 415 - 417 - 421 - 422 - 423 - 424 - 425 - 426 - 428 - 429 - 432 - 433 - 434 - 435 - 437 - 438 - 440 - 443 - 447 - 448 - 449 - 451 - 452 - 453 - 454 - 455 - 457 - 458 - 460 - 461 - 462 - 463 - 464 - 465 - 469 - 470 - 471 - 474 - 476 - 477 - 479 - 480 - 481 - 482 - 483 - 485 - 488 - 489 - 490 - 491 - 492 - 493 - 494 - 495 - 496 - 497,572679.6,3.9,93347,91720,193.81,Cost: 93347 & Capacity: 91720
3 - 4 - 7 - 8 - 10 - 11 - 12 - 13 - 14 - 17 - 19 - 21 - 23 - 24 - 25 - 26 - 28 - 29 - 31 - 40 - 42 - 43 - 48 - 49 - 51 - 52 - 53 - 55 - 57 - 59 - 61 - 62 - 64 - 65 - 66 - 67 - 68 - 72 - 75 - 77 - 78 - 79 - 80 - 81 - 82 - 84 - 85 - 86 - 87 - 88 - 93 - 94 - 98 - 99 - 100 - 101 - 102 - 104 - 105 - 107 - 113 - 114 - 115 - 116 - 117 - 118 - 123 - 124 - 125 - 126 - 127 - 128 - 131 - 132 - 133 - 134 - 135 - 137 - 139 - 141 - 143 - 148 - 149 - 150 - 153 - 155 - 156 - 157 - 160 - 161 - 163 - 164 - 165 - 167 - 168 - 169 - 171 - 172 - 173 - 174 - 175 - 181 - 182 - 183 - 184 - 185 - 190 - 191 - 193 - 194 - 195 - 196 - 197 - 199 - 201 - 202 - 204 - 205 - 207 - 208 - 211 - 215 - 216 - 219 - 220 - 221 - 222 - 223 - 225 - 226 - 230 - 231 - 235 - 239 - 241 - 242 - 243 - 244 - 245 - 246 - 249 - 250 - 251 - 253 - 255 - 256 - 260 - 262 - 263 - 267 - 268 - 269 - 270 - 273 - 277 - 278 - 279 - 280 - 281 - 282 - 284 - 285 - 286 - 288 - 289 - 290 - 291 - 293 - 294 - 295 - 296 - 298 - 299 - 300 - 302 - 303 - 304 - 305 - 309 - 312 - 313 - 314 - 315 - 316 - 317 - 318 - 320 - 321 - 322 - 325 - 327 - 331 - 333 - 334 - 335 - 337 - 338 - 339 - 340 - 342 - 343 - 344 - 345 - 346 - 350 - 351 - 352 - 353 - 358 - 359 - 360 - 362 - 366 - 368 - 371 - 373 - 374 - 377 - 378 - 380 - 381 - 382 - 383 - 385 - 386 - 387 - 388 - 390 - 392 - 393 - 394 - 396 - 397 - 399 - 400 - 401 - 402 - 403 - 410 - 413 - 414 - 415 - 417 - 421 - 422 - 423 - 424 - 425 - 426 - 428 - 429 - 432 - 433 - 434 - 435 - 437 - 438 - 440 - 443 - 447 - 448 - 449 - 451 - 452 - 453 - 454 - 455 - 457 - 458 - 460 - 461 - 462 - 463 - 464 - 465 - 469 - 470 - 471 - 474 - 476 - 477 - 479 - 480 - 481 - 482 - 483 - 485 - 488 - 489 - 490 - 491 - 492 - 493 - 494 - 495 - 496 - 497,572679.6,3.9,93347,91720,195.19,Cost: 93347 & Capacity: 91720
3 - 4 - 7 - 8 - 10 - 11 - 12 - 13 - 14 - 17 - 19 - 21 - 23 - 24 - 25 - 26 - 28 - 29 - 31 - 40 - 42 - 43 - 48 - 49 - 51 - 52 - 53 - 55 - 57 - 59 - 61 - 62 - 64 - 65 - 66 - 67 - 68 - 72 - 75 - 77 - 78 - 79 - 80 - 81 - 82 - 84 - 85 - 86 - 87 - 88 - 93 - 94 - 98 - 99 - 100 - 101 - 102 - 104 - 105 - 113 - 114 - 115 - 116 - 117 - 118 - 123 - 124 - 125 - 126 - 127 - 128 - 131 - 132 - 133 - 134 - 135 - 137 - 139 - 141 - 143 - 148 - 149 - 150 - 153 - 155 - 156 - 157 - 160 - 161 - 163 - 164 - 165 - 167 - 168 - 169 - 171 - 172 - 173 - 174 - 175 - 180 - 181 - 182 - 183 - 184 - 185 - 190 - 191 - 193 - 194 - 195 - 196 - 197 - 199 - 201 - 202 - 204 - 205 - 207 - 208 - 211 - 215 - 216 - 219 - 220 - 221 - 222 - 223 - 225 - 226 - 230 - 231 - 235 - 239 - 241 - 242 - 243 - 244 - 245 - 246 - 249 - 250 - 251 - 253 - 255 - 256 - 258 - 260 - 262 - 263 - 267 - 268 - 269 - 270 - 273 - 277 - 278 - 279 - 280 - 281 - 282 - 284 - 285 - 286 - 288 - 289 - 290 - 291 - 293 - 294 - 295 - 296 - 298 - 299 - 300 - 302 - 303 - 304 - 305 - 309 - 312 - 313 - 314 - 315 - 316 - 317 - 318 - 320 - 321 - 322 - 325 - 327 - 331 - 333 - 334 - 335 - 337 - 338 - 340 - 342 - 343 - 344 - 345 - 346 - 350 - 351 - 352 - 353 - 358 - 359 - 360 - 362 - 366 - 368 - 371 - 373 - 374 - 377 - 378 - 380 - 381 - 383 - 385 - 386 - 387 - 388 - 390 - 392 - 393 - 394 - 396 - 397 - 399 - 400 - 401 - 402 - 403 - 410 - 413 - 414 - 415 - 417 - 421 - 422 - 423 - 424 - 425 - 426 - 428 - 429 - 432 - 433 - 434 - 435 - 437 - 438 - 440 - 441 - 443 - 447 - 448 - 449 - 451 - 452 - 453 - 454 - 455 - 457 - 458 - 460 - 461 - 462 - 463 - 464 - 465 - 469 - 470 - 471 - 474 - 476 - 477 - 479 - 480 - 481 - 482 - 483 - 485 - 488 - 489 - 490 - 491 - 492 - 493 - 494 - 495 - 496 - 497,573679.4,2.7,93354,91654,195.23,Cost: 93354 & Capacity: 91654
3 - 4 - 7 - 8 - 10 - 11 - 12 - 13 - 14 - 17 - 19 - 21 - 23 - 24 - 25 - 26 - 28 - 29 - 31 - 40 - 42 - 43 - 48 - 49 - 51 - 52 - 53 - 55 - 57 - 59 - 61 - 62 - 64 - 65 - 66 - 67 - 68 - 72 - 75 - 77 - 78 - 79 - 80 - 81 - 82 - 84 - 85 - 86 - 87 - 88 - 93 - 94 - 98 - 99 - 100 - 101 - 102 - 104 - 105 - 107 - 113 - 114 - 115 - 116 - 117 - 118 - 123 - 124 - 125 - 126 - 127 - 128 - 131 - 132 - 133 - 134 - 135 - 137 - 139 - 141 - 143 - 148 - 149 - 150 - 153 - 155 - 156 - 157 - 160 - 161 - 163 - 164 - 165 - 167 - 168 - 169 - 171 - 172 - 173 - 174 - 175 - 181 - 182 - 183 - 184 - 185 - 190 - 191 - 193 - 194 - 195 - 196 - 197 - 199 - 201 - 202 - 204 - 205 - 207 - 208 - 211 - 215 - 216 - 219 - 220 - 221 - 222 - 223 - 225 - 226 - 230 - 231 - 235 - 239 - 241 - 242 - 243 - 244 - 245 - 246 - 249 - 250 - 251 - 253 - 255 - 256 - 260 - 262 - 263 - 267 - 268 - 269 - 270 - 273 - 277 - 278 - 279 - 280 - 281 - 282 - 284 - 285 - 286 - 288 - 289 - 290 - 291 - 293 - 294 - 295 - 296 - 298 - 299 - 300 - 302 - 303 - 304 - 305 - 309 - 312 - 313 - 314 - 315 - 316 - 317 - 318 - 320 - 321 - 322 - 325 - 327 - 331 - 333 - 334 - 335 - 337 - 338 - 339 - 340 - 342 - 343 - 344 - 345 - 346 - 350 - 351 - 352 - 353 - 358 - 359 - 360 - 362 - 366 - 368 - 371 - 373 - 374 - 377 - 378 - 380 - 381 - 382 - 383 - 385 - 386 - 387 - 388 - 390 - 392 - 393 - 394 - 396 - 397 - 399 - 400 - 401 - 402 - 403 - 410 - 413 - 414 - 415 - 417 - 421 - 422 - 423 - 424 - 425 - 426 - 428 - 429 - 432 - 433 - 434 - 435 - 437 - 438 - 440 - 443 - 447 - 448 - 449 - 451 - 452 - 453 - 454 - 455 - 457 - 458 - 460 - 461 - 462 - 463 - 464 - 465 - 469 - 470 - 471 - 474 - 476 - 477 - 479 - 480 - 481 - 482 - 483 - 485 - 488 - 489 - 490 - 491 - 492 - 493 - 494 - 495 - 496 - 497,572679.6,3.9,93347,91720,196.74,Cost: 93347 & Capacity: 91720
3 - 4 - 7 - 10 - 11 - 12 - 13 - 14 - 19 - 21 - 24 - 25 - 26 - 28 - 29 - 31 - 40 - 42 - 43 - 48 - 49 - 51 - 52 - 53 - 55 - 57 - 59 - 61 - 62 - 64 - 65 - 66 - 67 - 68 - 72 - 75 - 77 - 80 - 84 - 85 - 86 - 87 - 88 - 90 - 93 - 98 - 99 - 100 - 101 - 102 - 104 - 105 - 108 - 113 - 114 - 115 - 116 - 117 - 118 - 123 - 124 - 125 - 127 - 128 - 131 - 132 - 133 - 134 - 135 - 137 - 139 - 141 - 143 - 148 - 149 - 150 - 153 - 155 - 156 - 157 - 159 - 161 - 164 - 165 - 167 - 168 - 169 - 171 - 172 - 173 - 174 - 175 - 180 - 181 - 182 - 183 - 184 - 185 - 190 - 191 - 193 - 194 - 195 - 196 - 197 - 199 - 201 - 202 - 204 - 205 - 207 - 208 - 211 - 215 - 216 - 219 - 220 - 221 - 222 - 223 - 225 - 226 - 230 - 231 - 235 - 239 - 241 - 242 - 243 - 244 - 245 - 246 - 247 - 249 - 250 - 251 - 253 - 255 - 256 - 260 - 262 - 263 - 266 - 267 - 268 - 269 - 270 - 273 - 277 - 278 - 279 - 281 - 282 - 284 - 286 - 288 - 289 - 290 - 291 - 293 - 295 - 296 - 298 - 299 - 300 - 302 - 303 - 304 - 305 - 308 - 312 - 314 - 315 - 316 - 317 - 318 - 321 - 322 - 325 - 327 - 328 - 331 - 333 - 334 - 335 - 337 - 338 - 340 - 342 - 343 - 344 - 345 - 346 - 350 - 351 - 352 - 353 - 358 - 359 - 360 - 361 - 362 - 365 - 366 - 368 - 371 - 373 - 374 - 376 - 377 - 378 - 380 - 381 - 383 - 385 - 386 - 387 - 388 - 389 - 390 - 392 - 393 - 394 - 396 - 397 - 399 - 400 - 401 - 402 - 403 - 405 - 410 - 412 - 413 - 414 - 415 - 417 - 421 - 422 - 423 - 424 - 425 - 426 - 428 - 429 - 432 - 433 - 434 - 435 - 437 - 438 - 440 - 445 - 447 - 448 - 449 - 451 - 452 - 453 - 454 - 455 - 457 - 458 - 460 - 461 - 462 - 464 - 465 - 469 - 471 - 474 - 476 - 477 - 479 - 481 - 482 - 483 - 485 - 488 - 489 - 490 - 491 - 492 - 493 - 494 - 495 - 496 - 497,542209.2,5.1,93337,90621,197.44,Cost: 93337 & Capacity: 90621
3 - 6 - 7 - 13 - 26 - 28 - 31 - 32 - 33 - 35 - 40 - 41 - 42 - 49 - 55 - 57 - 59 - 63 - 64 - 71 - 73 - 77 - 88 - 89 - 90 - 108 - 110 - 112 - 116 - 119 - 129 - 133 - 137 - 138 - 139 - 146 - 155 - 156 - 162 - 164 - 167 - 170 - 171 - 173 - 175 - 176 - 180 - 191 - 194 - 198 - 204 - 205 - 208 - 211 - 215 - 219 - 220 - 227 - 232 - 234 - 235 - 236 - 238 - 242 - 244 - 256 - 257 - 260 - 267 - 268 - 271 - 273 - 275 - 278 - 280 - 282 - 294 - 298 - 300 - 305 - 312 - 316 - 317 - 321 - 322 - 327 - 333 - 334 - 338 - 340 - 343 - 345 - 353 - 354 - 356 - 358 - 362 - 364 - 367 - 374 - 378 - 380 - 385 - 386 - 388 - 389 - 392 - 393 - 394 - 395 - 396 - 399 - 400 - 402 - 403 - 407 - 411 - 415 - 417 - 420 - 422 - 424 - 429 - 437 - 438 - 440 - 456 - 459 - 461 - 465 - 466 - 471 - 472 - 473 - 478 - 481 - 488 - 489 - 492 - 499,139101.4,8.0,79920,62145,197.75,Cost: 79920 & Capacity: 62145
4 - 6 - 7 - 10 - 11 - 12 - 14 - 21 - 24 - 25 - 26 - 28 - 31 - 33 - 39 - 40 - 41 - 42 - 43 - 48 - 51 - 57 - 59 - 61 - 62 - 63 - 64 - 65 - 66 - 67 - 68 - 72 - 75 - 77 - 78 - 80 - 82 - 84 - 85 - 86 - 89 - 93 - 98 - 99 - 100 - 104 - 105 - 108 - 110 - 112 - 113 - 114 - 116 - 117 - 125 - 131 - 132 - 133 - 134 - 137 - 138 - 139 - 141 - 143 - 144 - 149 - 150 - 153 - 155 - 156 - 161 - 162 - 164 - 165 - 167 - 168 - 169 - 172 - 173 - 174 - 175 - 176 - 177 - 180 - 181 - 182 - 183 - 184 - 190 - 191 - 193 - 194 - 195 - 196 - 197 - 198 - 201 - 204 - 205 - 207 - 208 - 211 - 215 - 216 - 217 - 219 - 220 - 222 - 227 - 231 - 232 - 234 - 235 - 236 - 238 - 239 - 242 - 243 - 244 - 247 - 249 - 250 - 255 - 260 - 261 - 262 - 263 - 267 - 269 - 270 - 276 - 278 - 282 - 286 - 289 - 290 - 295 - 298 - 299 - 300 - 302 - 304 - 305 - 308 - 312 - 314 - 316 - 318 - 321 - 322 - 325 - 327 - 328 - 333 - 334 - 335 - 337 - 338 - 340 - 342 - 343 - 344 - 345 - 350 - 351 - 352 - 353 - 358 - 359 - 360 - 362 - 364 - 366 - 373 - 374 - 378 - 385 - 386 - 390 - 392 - 393 - 394 - 396 - 397 - 399 - 401 - 402 - 403 - 408 - 410 - 411 - 413 - 415 - 416 - 417 - 421 - 423 - 424 - 427 - 428 - 429 - 432 - 433 - 434 - 435 - 437 - 438 - 440 - 445 - 451 - 452 - 453 - 454 - 455 - 456 - 457 - 458 - 460 - 461 - 463 - 464 - 465 - 466 - 469 - 471 - 473 - 474 - 475 - 476 - 477 - 478 - 481 - 482 - 488 - 489 - 493 - 496 - 497,385202.2,6.5,93351,82951,199.83,Cost: 93351 & Capacity: 82951
3 - 4 - 7 - 8 - 10 - 11 - 12 - 13 - 14 - 17 - 19 - 21 - 23 - 24 - 25 - 26 - 28 - 29 - 31 - 40 - 42 - 43 - 48 - 49 - 51 - 52 - 53 - 55 - 57 - 59 - 61 - 62 - 64 - 65 - 66 - 67 - 68 - 72 - 75 - 77 - 78 - 79 - 80 - 81 - 82 - 84 - 85 - 86 - 87 - 88 - 93 - 94 - 98 - 99 - 100 - 101 - 102 - 104 - 105 - 113 - 114 - 115 - 116 - 117 - 118 - 123 - 124 - 125 - 126 - 127 - 128 - 131 - 132 - 133 - 134 - 135 - 137 - 139 - 141 - 143 - 148 - 149 - 150 - 153 - 155 - 156 - 157 - 160 - 161 - 163 - 164 - 165 - 167 - 168 - 169 - 171 - 172 - 173 - 174 - 175 - 180 - 181 - 182 - 183 - 184 - 185 - 190 - 191 - 193 - 194 - 195 - 196 - 197 - 199 - 201 - 202 - 204 - 205 - 207 - 208 - 211 - 215 - 216 - 219 - 220 - 221 - 222 - 223 - 225 - 226 - 230 - 231 - 235 - 239 - 241 - 242 - 243 - 244 - 245 - 246 - 249 - 250 - 251 - 253 - 255 - 256 - 258 - 260 - 262 - 263 - 267 - 268 - 269 - 270 - 273 - 277 - 278 - 279 - 280 - 281 - 282 - 284 - 285 - 286 - 288 - 289 - 290 - 291 - 293 - 294 - 295 - 296 - 298 - 299 - 300 - 302 - 303 - 304 - 305 - 309 - 312 - 313 - 314 - 315 - 316 - 317 - 318 - 320 - 321 - 322 - 325 - 327 - 331 - 333 - 334 - 335 - 337 - 338 - 340 - 342 - 343 - 344 - 345 - 346 - 350 - 351 - 352 - 353 - 358 - 359 - 360 - 362 - 366 - 368 - 371 - 373 - 374 - 377 - 378 - 380 - 381 - 383 - 385 - 386 - 387 - 388 - 390 - 392 - 393 - 394 - 396 - 397 - 399 - 400 - 401 - 402 - 403 - 410 - 413 - 414 - 415 - 417 - 421 - 422 - 423 - 424 - 425 - 426 - 428 - 429 - 432 - 433 - 434 - 435 - 437 - 438 - 440 - 441 - 443 - 447 - 448 - 449 - 451 - 452 - 453 - 454 - 455 - 457 - 458 - 460 - 461 - 462 - 463 - 464 - 465 - 469 - 470 - 471 - 474 - 476 - 477 - 479 - 480 - 481 - 482 - 483 - 485 - 488 - 489 - 490 - 491 - 492 - 493 - 494 - 495 - 496 - 497,573679.4,2.7,93354,91654,201.44,Cost: 93354 & Capacity: 91654
1 - 2 - 3 - 6 - 7 - 13 - 26 - 28 - 31 - 35 - 40 - 42 - 46 - 53 - 55 - 59 - 61 - 62 - 63 - 64 - 66 - 77 - 79 - 83 - 84 - 88 - 89 - 90 - 92 - 93 - 100 - 101 - 106 - 108 - 110 - 111 - 112 - 116 - 119 - 120 - 129 - 131 - 133 - 137 - 138 - 139 - 144 - 146 - 149 - 150 - 152 - 156 - 159 - 162 - 164 - 167 - 171 - 173 - 174 - 175 - 176 - 177 - 180 - 182 - 189 - 191 - 194 - 198 - 206 - 208 - 211 - 213 - 219 - 220 - 226 - 227 - 231 - 232 - 234 - 238 - 240 - 242 - 249 - 252 - 260 - 267 - 268 - 269 - 271 - 273 - 275 - 278 - 283 - 284 - 289 - 294 - 295 - 298 - 300 - 305 - 308 - 310 - 312 - 314 - 316 - 317 - 321 - 327 - 331 - 332 - 333 - 334 - 337 - 338 - 340 - 342 - 343 - 345 - 350 - 351 - 353 - 356 - 362 - 364 - 365 - 366 - 374 - 378 - 380 - 385 - 386 - 392 - 393 - 394 - 396 - 397 - 399 - 402 - 403 - 410 - 411 - 413 - 414 - 415 - 417 - 423 - 424 - 427 - 432 - 437 - 438 - 440 - 445 - 456 - 458 - 461 - 466 - 471 - 475 - 477 - 478 - 481 - 486 - 488 - 489 - 493 - 496 - 499,198382.6,7.7,93000,73072,202.72,Cost: 93000 & Capacity: 73072
3 - 4 - 7 - 8 - 10 - 11 - 12 - 13 - 14 - 17 - 19 - 21 - 23 - 24 - 25 - 26 - 28 - 29 - 31 - 40 - 42 - 43 - 48 - 49 - 51 - 52 - 53 - 55 - 57 - 59 - 61 - 62 - 64 - 65 - 66 - 67 - 68 - 72 - 75 - 77 - 78 - 79 - 80 - 81 - 82 - 84 - 85 - 86 - 87 - 88 - 93 - 94 - 98 - 99 - 100 - 101 - 102 - 104 - 105 - 113 - 114 - 115 - 116 - 117 - 118 - 123 - 124 - 125 - 126 - 127 - 128 - 131 - 132 - 133 - 134 - 135 - 137 - 139 - 141 - 143 - 148 - 149 - 150 - 153 - 155 - 156 - 157 - 160 - 161 - 163 - 164 - 165 - 167 - 168 - 169 - 171 - 172 - 173 - 174 - 175 - 180 - 181 - 182 - 183 - 184 - 185 - 190 - 191 - 193 - 194 - 195 - 196 - 197 - 199 - 201 - 202 - 204 - 205 - 207 - 208 - 211 - 215 - 216 - 219 - 220 - 221 - 222 - 223 - 225 - 226 - 230 - 231 - 235 - 239 - 241 - 242 - 243 - 244 - 245 - 246 - 249 - 250 - 251 - 253 - 255 - 256 - 258 - 260 - 262 - 263 - 267 - 268 - 269 - 270 - 273 - 277 - 278 - 279 - 280 - 281 - 282 - 284 - 285 - 286 - 288 - 289 - 290 - 291 - 293 - 294 - 295 - 296 - 298 - 299 - 300 - 302 - 303 - 304 - 305 - 309 - 312 - 313 - 314 - 315 - 316 - 317 - 318 - 320 - 321 - 322 - 325 - 327 - 331 - 333 - 334 - 335 - 337 - 338 - 340 - 342 - 343 - 344 - 345 - 346 - 350 - 351 - 352 - 353 - 358 - 359 - 360 - 362 - 366 - 368 - 371 - 373 - 374 - 377 - 378 - 380 - 381 - 383 - 385 - 386 - 387 - 388 - 390 - 392 - 393 - 394 - 396 - 397 - 399 - 400 - 401 - 402 - 403 - 410 - 413 - 414 - 415 - 417 - 421 - 422 - 423 - 424 - 425 - 426 - 428 - 429 - 432 - 433 - 434 - 435 - 437 - 438 - 440 - 441 - 443 - 447 - 448 - 449 - 451 - 452 - 453 - 454 - 455 - 457 - 458 - 460 - 461 - 462 - 463 - 464 - 465 - 469 - 470 - 471 - 474 - 476 - 477 - 479 - 480 - 481 - 482 - 483 - 485 - 488 - 489 - 490 - 491 - 492 - 493 - 494 - 495 - 496 - 497,573679.4,2.7,93354,91654,203.0,Cost: 93354 & Capacity: 91654
3 - 4 - 7 - 8 - 10 - 11 - 12 - 13 - 14 - 17 - 19 - 21 - 23 - 24 - 25 - 26 - 28 - 29 - 31 - 40 - 42 - 43 - 48 - 49 - 51 - 52 - 53 - 55 - 57 - 59 - 61 - 62 - 64 - 65 - 66 - 67 - 68 - 72 - 75 - 77 - 78 - 79 - 80 - 81 - 82 - 84 - 85 - 86 - 87 - 88 - 93 - 94 - 98 - 99 - 100 - 101 - 102 - 104 - 105 - 107 - 113 - 114 - 115 - 116 - 117 - 118 - 123 - 124 - 125 - 126 - 127 - 128 - 131 - 132 - 133 - 134 - 135 - 137 - 139 - 141 - 143 - 148 - 149 - 150 - 153 - 155 - 156 - 157 - 160 - 161 - 163 - 164 - 165 - 167 - 168 - 169 - 171 - 172 - 173 - 174 - 175 - 181 - 182 - 183 - 184 - 185 - 190 - 191 - 193 - 194 - 195 - 196 - 197 - 199 - 201 - 202 - 204 - 205 - 207 - 208 - 211 - 215 - 216 - 219 - 220 - 221 - 222 - 223 - 225 - 226 - 230 - 231 - 235 - 239 - 241 - 242 - 243 - 244 - 245 - 246 - 249 - 250 - 251 - 253 - 255 - 256 - 260 - 262 - 263 - 267 - 268 - 269 - 270 - 273 - 277 - 278 - 279 - 280 - 281 - 282 - 284 - 285 - 286 - 288 - 289 - 290 - 291 - 293 - 294 - 295 - 296 - 298 - 299 - 300 - 302 - 303 - 304 - 305 - 309 - 312 - 313 - 314 - 315 - 316 - 317 - 318 - 320 - 321 - 322 - 325 - 327 - 331 - 333 - 334 - 335 - 337 - 338 - 339 - 340 - 342 - 343 - 344 - 345 - 346 - 350 - 351 - 352 - 353 - 358 - 359 - 360 - 362 - 366 - 368 - 371 - 373 - 374 - 377 - 378 - 380 - 381 - 382 - 383 - 385 - 386 - 387 - 388 - 390 - 392 - 393 - 394 - 396 - 397 - 399 - 400 - 401 - 402 - 403 - 410 - 413 - 414 - 415 - 417 - 421 - 422 - 423 - 424 - 425 - 426 - 428 - 429 - 432 - 433 - 434 - 435 - 437 - 438 - 440 - 443 - 447 - 448 - 449 - 451 - 452 - 453 - 454 - 455 - 457 - 458 - 460 - 461 - 462 - 463 - 464 - 465 - 469 - 470 - 471 - 474 - 476 - 477 - 479 - 480 - 481 - 482 - 483 - 485 - 488 - 489 - 490 - 491 - 492 - 493 - 494 - 495 - 496 - 497,572679.6,3.9,93347,91720,203.04,Cost: 93347 & Capacity: 91720
4 - 6 - 10 - 21 - 24 - 27 - 28 - 31 - 33 - 37 - 39 - 40 - 43 - 50 - 55 - 59 - 61 - 63 - 64 - 65 - 71 - 72 - 77 - 80 - 82 - 84 - 85 - 87 - 88 - 89 - 90 - 94 - 98 - 100 - 101 - 103 - 104 - 108 - 110 - 111 - 112 - 113 - 114 - 116 - 120 - 125 - 132 - 133 - 134 - 135 - 137 - 138 - 139 - 141 - 143 - 149 - 155 - 156 - 162 - 164 - 167 - 170 - 172 - 173 - 174 - 175 - 176 - 180 - 190 - 191 - 193 - 194 - 196 - 197 - 198 - 202 - 204 - 207 - 208 - 212 - 214 - 215 - 216 - 217 - 219 - 220 - 221 - 222 - 226 - 227 - 231 - 232 - 233 - 234 - 235 - 236 - 238 - 239 - 242 - 244 - 247 - 249 - 250 - 254 - 256 - 261 - 263 - 264 - 266 - 267 - 268 - 269 - 273 - 276 - 278 - 282 - 289 - 290 - 294 - 295 - 298 - 300 - 308 - 312 - 315 - 316 - 321 - 322 - 327 - 328 - 331 - 332 - 334 - 337 - 340 - 342 - 344 - 345 - 346 - 350 - 353 - 355 - 358 - 362 - 364 - 373 - 374 - 377 - 378 - 379 - 381 - 385 - 386 - 389 - 390 - 392 - 393 - 394 - 396 - 399 - 400 - 402 - 408 - 410 - 411 - 414 - 416 - 417 - 423 - 424 - 426 - 429 - 432 - 433 - 435 - 437 - 438 - 445 - 453 - 454 - 456 - 458 - 461 - 462 - 463 - 465 - 466 - 467 - 469 - 470 - 471 - 473 - 474 - 476 - 477 - 478 - 485 - 488 - 489 - 491 - 493,276221.1,7.0,93331,77795,203.8,Cost: 93331 & Capacity: 77795
3 - 4 - 7 - 8 - 10 - 11 - 12 - 13 - 14 - 17 - 19 - 21 - 23 - 24 - 25 - 26 - 28 - 29 - 31 - 40 - 42 - 43 - 48 - 49 - 51 - 52 - 53 - 55 - 57 - 59 - 61 - 62 - 64 - 65 - 66 - 67 - 68 - 72 - 75 - 77 - 78 - 79 - 80 - 81 - 82 - 84 - 85 - 86 - 87 - 88 - 93 - 94 - 98 - 99 - 100 - 101 - 102 - 104 - 105 - 107 - 113 - 114 - 115 - 116 - 117 - 118 - 123 - 124 - 125 - 126 - 127 - 128 - 131 - 132 - 133 - 134 - 135 - 137 - 139 - 141 - 143 - 148 - 149 - 150 - 153 - 155 - 156 - 157 - 160 - 161 - 163 - 164 - 165 - 167 - 168 - 169 - 171 - 172 - 173 - 174 - 175 - 181 - 182 - 183 - 184 - 185 - 190 - 191 - 193 - 194 - 195 - 196 - 197 - 199 - 201 - 202 - 204 - 205 - 207 - 208 - 211 - 215 - 216 - 219 - 220 - 221 - 222 - 223 - 225 - 226 - 230 - 231 - 235 - 239 - 241 - 242 - 243 - 244 - 245 - 246 - 249 - 250 - 251 - 253 - 255 - 256 - 260 - 262 - 263 - 267 - 268 - 269 - 270 - 273 - 277 - 278 - 279 - 280 - 281 - 282 - 284 - 285 - 286 - 288 - 289 - 290 - 291 - 293 - 294 - 295 - 296 - 298 - 299 - 300 - 302 - 303 - 304 - 305 - 309 - 312 - 313 - 314 - 315 - 316 - 317 - 318 - 320 - 321 - 322 - 325 - 327 - 331 - 333 - 334 - 335 - 337 - 338 - 339 - 340 - 342 - 343 - 344 - 345 - 346 - 350 - 351 - 352 - 353 - 358 - 359 - 360 - 362 - 366 - 368 - 371 - 373 - 374 - 377 - 378 - 380 - 381 - 382 - 383 - 385 - 386 - 387 - 388 - 390 - 392 - 393 - 394 - 396 - 397 - 399 - 400 - 401 - 402 - 403 - 410 - 413 - 414 - 415 - 417 - 421 - 422 - 423 - 424 - 425 - 426 - 428 - 429 - 432 - 433 - 434 - 435 - 437 - 438 - 440 - 443 - 447 - 448 - 449 - 451 - 452 - 453 - 454 - 455 - 457 - 458 - 460 - 461 - 462 - 463 - 464 - 465 - 469 - 470 - 471 - 474 - 476 - 477 - 479 - 480 - 481 - 482 - 483 - 485 - 488 - 489 - 490 - 491 - 492 - 493 - 494 - 495 - 496 - 497,572679.6,3.9,93347,91720,208.56,Cost: 93347 & Capacity: 91720
3 - 4 - 7 - 8 - 10 - 11 - 12 - 13 - 14 - 17 - 19 - 21 - 24 - 25 - 26 - 28 - 29 - 31 - 40 - 42 - 43 - 48 - 49 - 51 - 52 - 53 - 55 - 57 - 59 - 61 - 62 - 64 - 65 - 66 - 67 - 68 - 72 - 75 - 77 - 78 - 79 - 80 - 81 - 82 - 84 - 85 - 86 - 87 - 88 - 93 - 94 - 98 - 99 - 100 - 101 - 102 - 104 - 105 - 113 - 114 - 115 - 116 - 117 - 118 - 123 - 124 - 125 - 126 - 127 - 128 - 131 - 132 - 133 - 134 - 135 - 137 - 139 - 141 - 143 - 147 - 148 - 149 - 150 - 153 - 155 - 156 - 157 - 160 - 161 - 163 - 164 - 165 - 167 - 168 - 169 - 171 - 172 - 173 - 174 - 175 - 180 - 181 - 182 - 183 - 184 - 185 - 190 - 191 - 193 - 194 - 195 - 196 - 197 - 199 - 201 - 202 - 204 - 205 - 207 - 208 - 215 - 216 - 219 - 220 - 221 - 222 - 223 - 225 - 226 - 230 - 231 - 235 - 239 - 241 - 242 - 243 - 244 - 245 - 246 - 249 - 250 - 251 - 253 - 255 - 256 - 258 - 260 - 262 - 263 - 267 - 268 - 269 - 270 - 273 - 277 - 278 - 279 - 280 - 281 - 282 - 284 - 285 - 286 - 288 - 289 - 290 - 291 - 293 - 294 - 295 - 296 - 298 - 299 - 300 - 302 - 303 - 304 - 305 - 309 - 312 - 313 - 314 - 315 - 316 - 317 - 318 - 321 - 322 - 325 - 327 - 331 - 333 - 334 - 335 - 337 - 338 - 339 - 340 - 342 - 343 - 344 - 345 - 346 - 350 - 351 - 352 - 353 - 358 - 359 - 360 - 362 - 366 - 368 - 371 - 373 - 374 - 377 - 378 - 380 - 381 - 382 - 383 - 385 - 386 - 387 - 388 - 390 - 392 - 393 - 394 - 396 - 397 - 399 - 400 - 401 - 402 - 403 - 410 - 413 - 414 - 415 - 417 - 421 - 422 - 423 - 424 - 425 - 426 - 428 - 429 - 432 - 433 - 434 - 435 - 437 - 438 - 440 - 441 - 443 - 447 - 448 - 449 - 451 - 452 - 453 - 454 - 455 - 457 - 458 - 460 - 461 - 462 - 463 - 464 - 465 - 469 - 470 - 471 - 474 - 476 - 477 - 479 - 480 - 481 - 482 - 483 - 485 - 488 - 489 - 490 - 491 - 492 - 493 - 494 - 495 - 496 - 497,573302.6,2.7,93359,91894,209.23,Cost: 93359 & Capacity: 91894
