Nodes,MaxSum,MaxMin,Cost,Capacity,Time,Constraint values
2 - 6 - 11 - 14 - 20 - 21 - 26 - 27 - 28 - 31 - 32 - 39 - 40 - 42 - 47 - 48 - 59 - 61 - 62 - 63 - 71 - 73 - 75 - 77 - 79 - 85 - 89 - 90 - 92 - 96 - 98 - 100 - 104 - 105 - 110 - 112 - 116 - 119 - 125 - 133 - 137 - 138 - 139 - 141 - 146 - 149 - 150 - 156 - 162 - 164 - 167 - 170 - 173 - 174 - 176 - 177 - 180 - 183 - 184 - 190 - 191 - 194 - 203 - 206 - 211 - 215 - 219 - 226 - 227 - 231 - 232 - 233 - 234 - 236 - 242 - 244 - 249 - 250 - 256 - 260 - 263 - 264 - 266 - 267 - 269 - 271 - 276 - 278 - 282 - 284 - 293 - 295 - 298 - 300 - 304 - 307 - 310 - 314 - 316 - 319 - 322 - 327 - 334 - 336 - 337 - 340 - 343 - 345 - 353 - 362 - 367 - 374 - 377 - 378 - 380 - 385 - 386 - 393 - 394 - 396 - 397 - 399 - 402 - 404 - 405 - 407 - 408 - 409 - 410 - 411 - 414 - 415 - 416 - 417 - 420 - 423 - 424 - 427 - 428 - 429 - 437 - 438 - 440 - 445 - 449 - 451 - 453 - 454 - 456 - 458 - 459 - 461 - 463 - 464 - 465 - 466 - 471 - 474 - 477 - 478 - 481 - 488 - 489 - 499,188916.2,7.6,89955,71232,7.27,Cost: 89955 & Capacity: 71232
1 - 2 - 3 - 6 - 25 - 26 - 32 - 33 - 35 - 39 - 40 - 41 - 59 - 64 - 73 - 77 - 82 - 89 - 92 - 101 - 106 - 108 - 111 - 129 - 137 - 139 - 141 - 146 - 149 - 159 - 162 - 164 - 167 - 170 - 171 - 173 - 174 - 177 - 179 - 180 - 183 - 185 - 191 - 196 - 206 - 209 - 210 - 211 - 214 - 219 - 226 - 227 - 232 - 233 - 235 - 238 - 242 - 249 - 256 - 260 - 264 - 267 - 268 - 271 - 273 - 276 - 294 - 295 - 298 - 300 - 303 - 307 - 308 - 327 - 334 - 338 - 345 - 350 - 353 - 354 - 356 - 362 - 363 - 364 - 366 - 374 - 377 - 385 - 386 - 392 - 393 - 394 - 395 - 396 - 397 - 403 - 407 - 408 - 411 - 413 - 414 - 417 - 424 - 432 - 437 - 440 - 449 - 461 - 463 - 466 - 471 - 472 - 474 - 475 - 478 - 481 - 488 - 489 - 499,100721.9,8.3,72413,55146,30.02,Cost: 72413 & Capacity: 55146
1 - 2 - 3 - 6 - 25 - 26 - 32 - 33 - 35 - 39 - 40 - 41 - 59 - 61 - 64 - 66 - 73 - 77 - 82 - 89 - 90 - 92 - 101 - 106 - 108 - 110 - 111 - 112 - 116 - 129 - 137 - 139 - 141 - 146 - 149 - 156 - 159 - 162 - 164 - 167 - 170 - 171 - 173 - 174 - 177 - 179 - 180 - 183 - 185 - 191 - 194 - 196 - 206 - 209 - 210 - 211 - 214 - 219 - 226 - 227 - 232 - 233 - 235 - 238 - 242 - 249 - 256 - 260 - 264 - 267 - 268 - 271 - 273 - 276 - 294 - 295 - 298 - 300 - 303 - 307 - 308 - 314 - 316 - 317 - 327 - 332 - 334 - 338 - 345 - 350 - 353 - 354 - 356 - 362 - 363 - 364 - 366 - 374 - 377 - 385 - 386 - 392 - 393 - 394 - 395 - 396 - 397 - 402 - 403 - 407 - 408 - 411 - 413 - 414 - 417 - 424 - 432 - 437 - 438 - 440 - 449 - 461 - 463 - 466 - 470 - 471 - 472 - 474 - 475 - 478 - 481 - 488 - 489 - 499,127323.2,8.1,79530,60798,30.02,Cost: 79530 & Capacity: 60798
3 - 4 - 7 - 8 - 10 - 11 - 12 - 13 - 14 - 17 - 19 - 21 - 23 - 24 - 25 - 26 - 28 - 29 - 31 - 40 - 42 - 43 - 48 - 49 - 51 - 52 - 53 - 55 - 57 - 59 - 61 - 62 - 64 - 65 - 66 - 67 - 68 - 72 - 75 - 77 - 78 - 79 - 80 - 81 - 82 - 84 - 85 - 86 - 87 - 88 - 93 - 94 - 98 - 99 - 100 - 101 - 102 - 104 - 105 - 113 - 114 - 115 - 116 - 117 - 118 - 123 - 124 - 125 - 126 - 127 - 128 - 131 - 132 - 133 - 134 - 135 - 137 - 139 - 141 - 143 - 147 - 148 - 149 - 150 - 153 - 155 - 156 - 157 - 160 - 161 - 163 - 164 - 165 - 167 - 168 - 169 - 171 - 172 - 173 - 174 - 175 - 180 - 181 - 182 - 183 - 184 - 185 - 190 - 191 - 193 - 194 - 195 - 196 - 197 - 199 - 201 - 202 - 204 - 205 - 207 - 208 - 215 - 216 - 219 - 220 - 221 - 222 - 223 - 225 - 226 - 230 - 231 - 235 - 239 - 241 - 242 - 243 - 244 - 245 - 246 - 249 - 250 - 251 - 253 - 255 - 256 - 260 - 262 - 263 - 267 - 268 - 269 - 270 - 273 - 277 - 278 - 279 - 281 - 282 - 284 - 285 - 286 - 288 - 289 - 290 - 291 - 293 - 294 - 295 - 296 - 298 - 299 - 300 - 302 - 303 - 304 - 305 - 309 - 312 - 313 - 314 - 315 - 316 - 317 - 318 - 320 - 321 - 322 - 325 - 327 - 331 - 333 - 334 - 335 - 337 - 338 - 339 - 340 - 342 - 343 - 344 - 345 - 346 - 350 - 351 - 352 - 353 - 358 - 359 - 360 - 362 - 365 - 366 - 368 - 371 - 373 - 374 - 377 - 378 - 380 - 381 - 382 - 383 - 385 - 386 - 387 - 388 - 390 - 392 - 393 - 394 - 396 - 397 - 399 - 400 - 401 - 402 - 403 - 410 - 413 - 414 - 415 - 417 - 421 - 422 - 423 - 424 - 425 - 426 - 428 - 429 - 432 - 433 - 434 - 435 - 437 - 438 - 440 - 443 - 447 - 448 - 449 - 451 - 452 - 453 - 454 - 455 - 457 - 458 - 460 - 461 - 462 - 463 - 464 - 465 - 469 - 471 - 474 - 476 - 477 - 479 - 480 - 481 - 482 - 483 - 485 - 488 - 489 - 490 - 491 - 492 - 493 - 494 - 495 - 496 - 497,568429.2,4.0,93346,92270,3.09,Cost: 93346 & Capacity: 92270
0 - 2 - 15 - 25 - 26 - 33 - 39 - 40 - 41 - 42 - 46 - 47 - 48 - 52 - 54 - 60 - 61 - 63 - 75 - 89 - 105 - 106 - 112 - 116 - 119 - 120 - 131 - 137 - 140 - 144 - 146 - 160 - 162 - 164 - 167 - 176 - 180 - 183 - 190 - 191 - 194 - 206 - 208 - 209 - 216 - 220 - 226 - 232 - 233 - 234 - 236 - 238 - 242 - 257 - 260 - 267 - 268 - 271 - 275 - 280 - 283 - 284 - 294 - 295 - 300 - 303 - 316 - 333 - 334 - 336 - 338 - 343 - 349 - 353 - 356 - 359 - 362 - 364 - 367 - 377 - 379 - 380 - 385 - 386 - 392 - 396 - 399 - 402 - 405 - 409 - 411 - 413 - 414 - 420 - 429 - 440 - 459 - 461 - 466 - 470 - 471 - 472 - 473 - 477 - 478,79084.4,8.6,73048,55241,5.63,Cost: 73048 & Capacity: 55241
0 - 6 - 12 - 16 - 24 - 26 - 32 - 38 - 39 - 40 - 41 - 42 - 46 - 53 - 54 - 60 - 62 - 63 - 77 - 85 - 88 - 108 - 110 - 111 - 112 - 116 - 119 - 131 - 137 - 139 - 146 - 149 - 156 - 162 - 164 - 167 - 171 - 172 - 173 - 180 - 181 - 182 - 183 - 189 - 191 - 204 - 208 - 211 - 219 - 226 - 232 - 233 - 236 - 238 - 242 - 244 - 246 - 249 - 250 - 256 - 266 - 267 - 268 - 271 - 273 - 282 - 291 - 293 - 294 - 295 - 296 - 300 - 307 - 315 - 321 - 322 - 327 - 329 - 333 - 334 - 340 - 353 - 356 - 362 - 377 - 385 - 389 - 396 - 399 - 402 - 420 - 427 - 429 - 434 - 440 - 445 - 451 - 452 - 461 - 466 - 471 - 472 - 477 - 478 - 486 - 487,80635.9,8.5,62130,49820,13.86,Cost: 62130 & Capacity: 49820
4 - 6 - 7 - 10 - 11 - 12 - 13 - 21 - 24 - 25 - 26 - 28 - 31 - 33 - 39 - 40 - 41 - 43 - 48 - 50 - 55 - 57 - 59 - 61 - 62 - 63 - 64 - 65 - 66 - 68 - 72 - 75 - 77 - 78 - 80 - 81 - 84 - 85 - 86 - 87 - 90 - 93 - 94 - 98 - 99 - 100 - 102 - 104 - 105 - 108 - 110 - 112 - 113 - 114 - 116 - 117 - 123 - 125 - 131 - 132 - 133 - 135 - 137 - 138 - 139 - 141 - 143 - 144 - 150 - 153 - 155 - 156 - 161 - 162 - 164 - 165 - 167 - 168 - 169 - 172 - 173 - 174 - 176 - 180 - 181 - 182 - 184 - 185 - 186 - 189 - 190 - 191 - 193 - 194 - 195 - 196 - 197 - 198 - 204 - 205 - 207 - 208 - 215 - 216 - 217 - 219 - 220 - 222 - 227 - 231 - 232 - 234 - 235 - 236 - 237 - 238 - 239 - 242 - 243 - 244 - 247 - 249 - 250 - 255 - 260 - 261 - 262 - 263 - 267 - 268 - 269 - 270 - 276 - 278 - 282 - 286 - 289 - 290 - 295 - 298 - 300 - 302 - 303 - 304 - 305 - 308 - 312 - 314 - 315 - 316 - 317 - 318 - 321 - 322 - 325 - 327 - 328 - 331 - 334 - 335 - 337 - 338 - 340 - 342 - 343 - 344 - 345 - 346 - 350 - 351 - 352 - 353 - 358 - 359 - 360 - 362 - 364 - 366 - 371 - 373 - 374 - 378 - 381 - 385 - 386 - 387 - 390 - 392 - 393 - 394 - 396 - 397 - 399 - 401 - 402 - 403 - 408 - 410 - 411 - 413 - 415 - 416 - 417 - 421 - 423 - 424 - 427 - 428 - 429 - 432 - 433 - 434 - 435 - 437 - 438 - 440 - 445 - 449 - 451 - 453 - 455 - 456 - 457 - 458 - 460 - 461 - 464 - 465 - 466 - 469 - 471 - 474 - 475 - 477 - 478 - 481 - 482 - 487 - 488 - 489 - 496,392269.1,6.4,93328,82975,18.13,Cost: 93328 & Capacity: 82975
3 - 4 - 6 - 10 - 12 - 13 - 17 - 21 - 24 - 26 - 28 - 31 - 33 - 39 - 40 - 41 - 43 - 48 - 50 - 55 - 57 - 59 - 61 - 62 - 63 - 64 - 65 - 66 - 69 - 72 - 77 - 78 - 80 - 84 - 85 - 90 - 98 - 99 - 100 - 102 - 104 - 108 - 110 - 111 - 112 - 113 - 116 - 117 - 123 - 125 - 131 - 133 - 137 - 138 - 139 - 141 - 143 - 146 - 150 - 151 - 152 - 153 - 155 - 156 - 158 - 162 - 164 - 167 - 169 - 172 - 173 - 174 - 176 - 180 - 182 - 184 - 185 - 190 - 191 - 193 - 196 - 197 - 198 - 204 - 205 - 207 - 214 - 216 - 219 - 220 - 222 - 227 - 231 - 232 - 234 - 235 - 236 - 237 - 238 - 242 - 244 - 247 - 249 - 254 - 255 - 256 - 260 - 261 - 263 - 264 - 268 - 269 - 270 - 273 - 274 - 275 - 276 - 278 - 282 - 290 - 295 - 298 - 300 - 304 - 305 - 308 - 312 - 314 - 316 - 317 - 321 - 322 - 327 - 328 - 332 - 333 - 334 - 337 - 338 - 340 - 342 - 343 - 344 - 345 - 350 - 353 - 358 - 362 - 364 - 372 - 373 - 374 - 378 - 381 - 385 - 386 - 390 - 392 - 393 - 394 - 396 - 402 - 403 - 405 - 408 - 409 - 410 - 411 - 414 - 415 - 416 - 417 - 423 - 424 - 429 - 432 - 433 - 434 - 435 - 437 - 438 - 440 - 445 - 448 - 449 - 451 - 452 - 453 - 456 - 458 - 460 - 461 - 464 - 465 - 466 - 467 - 469 - 471 - 473 - 475 - 477 - 478 - 481 - 488 - 489,286259.0,7.1,91745,77287,18.15,Cost: 91745 & Capacity: 77287
2 - 6 - 10 - 11 - 16 - 17 - 26 - 28 - 29 - 31 - 32 - 33 - 40 - 41 - 42 - 53 - 55 - 59 - 61 - 66 - 68 - 77 - 79 - 84 - 88 - 89 - 90 - 93 - 101 - 103 - 108 - 110 - 111 - 116 - 118 - 119 - 120 - 125 - 129 - 131 - 133 - 137 - 138 - 139 - 140 - 147 - 149 - 152 - 156 - 158 - 162 - 164 - 167 - 173 - 174 - 175 - 176 - 180 - 182 - 189 - 191 - 192 - 194 - 198 - 203 - 204 - 206 - 211 - 217 - 219 - 220 - 226 - 227 - 231 - 232 - 234 - 235 - 238 - 239 - 242 - 244 - 252 - 257 - 260 - 263 - 267 - 268 - 271 - 273 - 276 - 282 - 289 - 294 - 295 - 300 - 305 - 308 - 310 - 312 - 316 - 317 - 327 - 332 - 333 - 334 - 337 - 338 - 340 - 342 - 343 - 345 - 350 - 353 - 354 - 362 - 364 - 365 - 366 - 374 - 378 - 380 - 385 - 386 - 391 - 393 - 395 - 396 - 397 - 399 - 402 - 403 - 404 - 408 - 410 - 411 - 414 - 415 - 417 - 424 - 429 - 434 - 438 - 440 - 456 - 458 - 459 - 461 - 463 - 464 - 465 - 466 - 471 - 475 - 477 - 478 - 481 - 486 - 488 - 489 - 493 - 499,181667.7,7.8,91840,71077,21.7,Cost: 91840 & Capacity: 71077
0 - 3 - 4 - 6 - 17 - 21 - 25 - 26 - 28 - 31 - 32 - 40 - 41 - 42 - 46 - 55 - 59 - 61 - 63 - 66 - 77 - 79 - 80 - 84 - 85 - 88 - 89 - 90 - 91 - 93 - 98 - 101 - 104 - 105 - 108 - 110 - 112 - 113 - 116 - 117 - 118 - 125 - 128 - 131 - 133 - 137 - 138 - 139 - 140 - 141 - 146 - 150 - 153 - 155 - 156 - 158 - 162 - 164 - 167 - 172 - 173 - 174 - 176 - 177 - 180 - 181 - 182 - 189 - 191 - 193 - 194 - 204 - 207 - 208 - 211 - 215 - 216 - 219 - 220 - 221 - 226 - 227 - 231 - 232 - 234 - 236 - 237 - 238 - 239 - 249 - 252 - 254 - 255 - 260 - 267 - 268 - 269 - 271 - 273 - 278 - 279 - 282 - 284 - 289 - 293 - 294 - 295 - 298 - 300 - 305 - 308 - 310 - 316 - 317 - 319 - 321 - 325 - 327 - 328 - 331 - 333 - 334 - 337 - 338 - 340 - 342 - 343 - 345 - 351 - 353 - 354 - 362 - 364 - 365 - 366 - 372 - 374 - 378 - 380 - 385 - 386 - 389 - 392 - 393 - 394 - 396 - 399 - 402 - 403 - 408 - 409 - 410 - 413 - 414 - 415 - 416 - 417 - 420 - 424 - 427 - 429 - 434 - 437 - 438 - 445 - 449 - 451 - 452 - 456 - 458 - 459 - 461 - 463 - 464 - 465 - 467 - 469 - 471 - 477 - 478 - 479 - 481 - 486 - 488 - 489 - 493 - 499,242639.4,7.3,93253,79080,31.69,Cost: 93253 & Capacity: 79080
0 - 3 - 6 - 7 - 10 - 20 - 26 - 28 - 31 - 33 - 35 - 40 - 41 - 42 - 46 - 55 - 59 - 66 - 79 - 80 - 88 - 89 - 90 - 93 - 109 - 110 - 129 - 131 - 133 - 137 - 138 - 139 - 140 - 146 - 150 - 152 - 159 - 162 - 164 - 167 - 173 - 174 - 176 - 180 - 191 - 193 - 194 - 203 - 204 - 206 - 208 - 211 - 216 - 219 - 220 - 226 - 227 - 231 - 232 - 233 - 234 - 236 - 238 - 242 - 244 - 252 - 260 - 263 - 264 - 267 - 268 - 271 - 273 - 278 - 279 - 282 - 283 - 284 - 289 - 293 - 294 - 295 - 298 - 300 - 305 - 308 - 316 - 317 - 319 - 321 - 327 - 328 - 332 - 333 - 334 - 337 - 338 - 340 - 343 - 345 - 347 - 353 - 362 - 364 - 374 - 378 - 380 - 385 - 386 - 389 - 393 - 394 - 396 - 399 - 402 - 403 - 408 - 411 - 415 - 417 - 420 - 421 - 424 - 427 - 429 - 434 - 437 - 438 - 440 - 449 - 456 - 458 - 459 - 461 - 463 - 464 - 465 - 466 - 471 - 474 - 475 - 477 - 478 - 481 - 486 - 488 - 489 - 493 - 498 - 499,158986.1,7.9,84491,66697,31.71,Cost: 84491 & Capacity: 66697
3 - 4 - 7 - 8 - 10 - 11 - 12 - 13 - 14 - 17 - 19 - 21 - 23 - 24 - 25 - 26 - 28 - 29 - 31 - 40 - 42 - 43 - 48 - 49 - 51 - 52 - 53 - 55 - 57 - 59 - 61 - 62 - 64 - 65 - 66 - 67 - 68 - 72 - 75 - 77 - 78 - 79 - 80 - 81 - 82 - 84 - 85 - 86 - 87 - 88 - 93 - 94 - 98 - 99 - 100 - 101 - 102 - 104 - 105 - 107 - 113 - 114 - 115 - 116 - 117 - 118 - 123 - 124 - 125 - 126 - 127 - 128 - 131 - 132 - 133 - 134 - 135 - 137 - 139 - 141 - 143 - 148 - 149 - 150 - 153 - 155 - 156 - 157 - 160 - 161 - 163 - 164 - 165 - 167 - 168 - 169 - 171 - 172 - 173 - 174 - 175 - 181 - 182 - 183 - 184 - 185 - 190 - 191 - 193 - 194 - 195 - 196 - 197 - 199 - 201 - 202 - 204 - 205 - 207 - 208 - 211 - 215 - 216 - 219 - 220 - 221 - 222 - 223 - 225 - 226 - 230 - 231 - 235 - 239 - 241 - 242 - 243 - 244 - 245 - 246 - 249 - 250 - 251 - 253 - 255 - 256 - 260 - 262 - 263 - 267 - 268 - 269 - 270 - 273 - 277 - 278 - 279 - 280 - 281 - 282 - 284 - 285 - 286 - 288 - 289 - 290 - 291 - 293 - 294 - 295 - 296 - 298 - 299 - 300 - 302 - 303 - 304 - 305 - 309 - 312 - 313 - 314 - 315 - 316 - 317 - 318 - 320 - 321 - 322 - 325 - 327 - 331 - 333 - 334 - 335 - 337 - 338 - 339 - 340 - 342 - 343 - 344 - 345 - 346 - 350 - 351 - 352 - 353 - 358 - 359 - 360 - 362 - 366 - 368 - 371 - 373 - 374 - 377 - 378 - 380 - 381 - 382 - 383 - 385 - 386 - 387 - 388 - 390 - 392 - 393 - 394 - 396 - 397 - 399 - 400 - 401 - 402 - 403 - 410 - 413 - 414 - 415 - 417 - 421 - 422 - 423 - 424 - 425 - 426 - 428 - 429 - 432 - 433 - 434 - 435 - 437 - 438 - 440 - 443 - 447 - 448 - 449 - 451 - 452 - 453 - 454 - 455 - 457 - 458 - 460 - 461 - 462 - 463 - 464 - 465 - 469 - 470 - 471 - 474 - 476 - 477 - 479 - 480 - 481 - 482 - 483 - 485 - 488 - 489 - 490 - 491 - 492 - 493 - 494 - 495 - 496 - 497,572679.6,3.9,93347,91720,32.06,Cost: 93347 & Capacity: 91720
3 - 4 - 7 - 8 - 10 - 11 - 12 - 13 - 14 - 17 - 19 - 21 - 23 - 24 - 25 - 26 - 28 - 29 - 31 - 40 - 42 - 43 - 48 - 49 - 51 - 52 - 53 - 55 - 57 - 59 - 61 - 62 - 64 - 65 - 66 - 67 - 68 - 72 - 75 - 77 - 78 - 79 - 80 - 81 - 82 - 84 - 85 - 86 - 87 - 88 - 93 - 94 - 98 - 99 - 100 - 101 - 102 - 104 - 105 - 107 - 113 - 114 - 115 - 116 - 117 - 118 - 123 - 124 - 125 - 126 - 127 - 128 - 131 - 132 - 133 - 134 - 135 - 137 - 139 - 141 - 143 - 148 - 149 - 150 - 153 - 155 - 156 - 157 - 160 - 161 - 163 - 164 - 165 - 167 - 168 - 169 - 171 - 172 - 173 - 174 - 175 - 181 - 182 - 183 - 184 - 185 - 190 - 191 - 193 - 194 - 195 - 196 - 197 - 199 - 201 - 202 - 204 - 205 - 207 - 208 - 211 - 215 - 216 - 219 - 220 - 221 - 222 - 223 - 225 - 226 - 230 - 231 - 235 - 239 - 241 - 242 - 243 - 244 - 245 - 246 - 249 - 250 - 251 - 253 - 255 - 256 - 260 - 262 - 263 - 267 - 268 - 269 - 270 - 273 - 277 - 278 - 279 - 280 - 281 - 282 - 284 - 285 - 286 - 288 - 289 - 290 - 291 - 293 - 294 - 295 - 296 - 298 - 299 - 300 - 302 - 303 - 304 - 305 - 309 - 312 - 313 - 314 - 315 - 316 - 317 - 318 - 320 - 321 - 322 - 325 - 327 - 331 - 333 - 334 - 335 - 337 - 338 - 339 - 340 - 342 - 343 - 344 - 345 - 346 - 350 - 351 - 352 - 353 - 358 - 359 - 360 - 362 - 366 - 368 - 371 - 373 - 374 - 377 - 378 - 380 - 381 - 382 - 383 - 385 - 386 - 387 - 388 - 390 - 392 - 393 - 394 - 396 - 397 - 399 - 400 - 401 - 402 - 403 - 410 - 413 - 414 - 415 - 417 - 421 - 422 - 423 - 424 - 425 - 426 - 428 - 429 - 432 - 433 - 434 - 435 - 437 - 438 - 440 - 443 - 447 - 448 - 449 - 451 - 452 - 453 - 454 - 455 - 457 - 458 - 460 - 461 - 462 - 463 - 464 - 465 - 469 - 470 - 471 - 474 - 476 - 477 - 479 - 480 - 481 - 482 - 483 - 485 - 488 - 489 - 490 - 491 - 492 - 493 - 494 - 495 - 496 - 497,572679.6,3.9,93347,91720,39.17,Cost: 93347 & Capacity: 91720
3 - 4 - 7 - 10 - 11 - 12 - 13 - 14 - 19 - 20 - 21 - 23 - 24 - 25 - 26 - 28 - 29 - 31 - 39 - 40 - 42 - 43 - 44 - 48 - 49 - 52 - 53 - 55 - 57 - 59 - 61 - 62 - 64 - 65 - 66 - 67 - 68 - 72 - 75 - 77 - 78 - 80 - 84 - 85 - 86 - 87 - 88 - 90 - 93 - 94 - 98 - 99 - 100 - 101 - 102 - 104 - 105 - 108 - 112 - 113 - 114 - 115 - 116 - 117 - 122 - 123 - 124 - 125 - 127 - 131 - 132 - 133 - 134 - 135 - 137 - 139 - 141 - 143 - 150 - 153 - 155 - 156 - 157 - 161 - 164 - 165 - 167 - 168 - 169 - 171 - 172 - 173 - 174 - 180 - 181 - 182 - 183 - 184 - 185 - 190 - 191 - 193 - 194 - 195 - 196 - 197 - 199 - 202 - 204 - 205 - 207 - 208 - 211 - 215 - 216 - 219 - 220 - 222 - 223 - 225 - 226 - 229 - 230 - 231 - 235 - 238 - 239 - 241 - 242 - 243 - 244 - 247 - 249 - 250 - 253 - 255 - 256 - 260 - 262 - 263 - 266 - 267 - 268 - 269 - 270 - 273 - 277 - 278 - 279 - 282 - 284 - 286 - 288 - 289 - 290 - 291 - 293 - 295 - 296 - 298 - 299 - 300 - 302 - 303 - 304 - 305 - 308 - 312 - 314 - 315 - 316 - 317 - 318 - 321 - 322 - 325 - 327 - 328 - 331 - 333 - 334 - 335 - 337 - 338 - 340 - 342 - 343 - 344 - 345 - 346 - 350 - 351 - 352 - 353 - 358 - 359 - 360 - 362 - 365 - 366 - 368 - 371 - 373 - 374 - 376 - 377 - 378 - 380 - 381 - 383 - 385 - 386 - 387 - 388 - 389 - 390 - 392 - 393 - 394 - 396 - 397 - 399 - 400 - 401 - 402 - 403 - 405 - 410 - 413 - 414 - 415 - 417 - 421 - 423 - 424 - 425 - 426 - 428 - 429 - 432 - 433 - 434 - 435 - 437 - 438 - 440 - 443 - 445 - 448 - 449 - 451 - 452 - 453 - 454 - 455 - 456 - 458 - 460 - 461 - 464 - 465 - 469 - 471 - 474 - 476 - 477 - 479 - 481 - 482 - 483 - 488 - 489 - 490 - 491 - 493 - 494 - 495 - 496 - 497,510907.4,5.6,93359,90576,40.22,Cost: 93359 & Capacity: 90576
3 - 4 - 7 - 8 - 10 - 11 - 12 - 13 - 14 - 17 - 19 - 21 - 23 - 24 - 25 - 26 - 28 - 29 - 31 - 40 - 42 - 43 - 48 - 49 - 51 - 52 - 53 - 55 - 57 - 59 - 61 - 62 - 64 - 65 - 66 - 67 - 68 - 72 - 75 - 77 - 78 - 79 - 80 - 81 - 82 - 84 - 85 - 86 - 87 - 88 - 93 - 94 - 98 - 99 - 100 - 101 - 102 - 104 - 105 - 113 - 114 - 115 - 116 - 117 - 118 - 123 - 124 - 125 - 126 - 127 - 128 - 131 - 132 - 133 - 134 - 135 - 137 - 139 - 141 - 143 - 148 - 149 - 150 - 153 - 155 - 156 - 157 - 160 - 161 - 163 - 164 - 165 - 167 - 168 - 169 - 171 - 172 - 173 - 174 - 175 - 180 - 181 - 182 - 183 - 184 - 185 - 190 - 191 - 193 - 194 - 195 - 196 - 197 - 199 - 201 - 202 - 204 - 205 - 207 - 208 - 211 - 215 - 216 - 219 - 220 - 221 - 222 - 223 - 225 - 226 - 230 - 231 - 235 - 239 - 241 - 242 - 243 - 244 - 245 - 246 - 249 - 250 - 251 - 253 - 255 - 256 - 258 - 260 - 262 - 263 - 267 - 268 - 269 - 270 - 273 - 277 - 278 - 279 - 280 - 281 - 282 - 284 - 285 - 286 - 288 - 289 - 290 - 291 - 293 - 294 - 295 - 296 - 298 - 299 - 300 - 302 - 303 - 304 - 305 - 309 - 312 - 313 - 314 - 315 - 316 - 317 - 318 - 320 - 321 - 322 - 325 - 327 - 331 - 333 - 334 - 335 - 337 - 338 - 340 - 342 - 343 - 344 - 345 - 346 - 350 - 351 - 352 - 353 - 358 - 359 - 360 - 362 - 366 - 368 - 371 - 373 - 374 - 377 - 378 - 380 - 381 - 383 - 385 - 386 - 387 - 388 - 390 - 392 - 393 - 394 - 396 - 397 - 399 - 400 - 401 - 402 - 403 - 410 - 413 - 414 - 415 - 417 - 421 - 422 - 423 - 424 - 425 - 426 - 428 - 429 - 432 - 433 - 434 - 435 - 437 - 438 - 440 - 441 - 443 - 447 - 448 - 449 - 451 - 452 - 453 - 454 - 455 - 457 - 458 - 460 - 461 - 462 - 463 - 464 - 465 - 469 - 470 - 471 - 474 - 476 - 477 - 479 - 480 - 481 - 482 - 483 - 485 - 488 - 489 - 490 - 491 - 492 - 493 - 494 - 495 - 496 - 497,573679.4,2.7,93354,91654,44.22,Cost: 93354 & Capacity: 91654
3 - 4 - 7 - 8 - 10 - 11 - 12 - 13 - 14 - 17 - 19 - 21 - 23 - 24 - 25 - 26 - 28 - 29 - 31 - 40 - 42 - 43 - 48 - 49 - 51 - 52 - 53 - 55 - 57 - 59 - 61 - 62 - 64 - 65 - 66 - 67 - 68 - 72 - 75 - 77 - 78 - 79 - 80 - 81 - 82 - 84 - 85 - 86 - 87 - 88 - 93 - 94 - 98 - 99 - 100 - 101 - 102 - 104 - 105 - 107 - 113 - 114 - 115 - 116 - 117 - 118 - 123 - 124 - 125 - 126 - 127 - 128 - 131 - 132 - 133 - 134 - 135 - 137 - 139 - 141 - 143 - 148 - 149 - 150 - 153 - 155 - 156 - 157 - 160 - 161 - 163 - 164 - 165 - 167 - 168 - 169 - 171 - 172 - 173 - 174 - 175 - 181 - 182 - 183 - 184 - 185 - 190 - 191 - 193 - 194 - 195 - 196 - 197 - 199 - 201 - 202 - 204 - 205 - 207 - 208 - 211 - 215 - 216 - 219 - 220 - 221 - 222 - 223 - 225 - 226 - 230 - 231 - 235 - 239 - 241 - 242 - 243 - 244 - 245 - 246 - 249 - 250 - 251 - 253 - 255 - 256 - 260 - 262 - 263 - 267 - 268 - 269 - 270 - 273 - 277 - 278 - 279 - 280 - 281 - 282 - 284 - 285 - 286 - 288 - 289 - 290 - 291 - 293 - 294 - 295 - 296 - 298 - 299 - 300 - 302 - 303 - 304 - 305 - 309 - 312 - 313 - 314 - 315 - 316 - 317 - 318 - 320 - 321 - 322 - 325 - 327 - 331 - 333 - 334 - 335 - 337 - 338 - 339 - 340 - 342 - 343 - 344 - 345 - 346 - 350 - 351 - 352 - 353 - 358 - 359 - 360 - 362 - 366 - 368 - 371 - 373 - 374 - 377 - 378 - 380 - 381 - 382 - 383 - 385 - 386 - 387 - 388 - 390 - 392 - 393 - 394 - 396 - 397 - 399 - 400 - 401 - 402 - 403 - 410 - 413 - 414 - 415 - 417 - 421 - 422 - 423 - 424 - 425 - 426 - 428 - 429 - 432 - 433 - 434 - 435 - 437 - 438 - 440 - 443 - 447 - 448 - 449 - 451 - 452 - 453 - 454 - 455 - 457 - 458 - 460 - 461 - 462 - 463 - 464 - 465 - 469 - 470 - 471 - 474 - 476 - 477 - 479 - 480 - 481 - 482 - 483 - 485 - 488 - 489 - 490 - 491 - 492 - 493 - 494 - 495 - 496 - 497,572679.6,3.9,93347,91720,51.26,Cost: 93347 & Capacity: 91720
3 - 4 - 7 - 8 - 10 - 11 - 12 - 13 - 14 - 17 - 19 - 21 - 23 - 24 - 25 - 26 - 28 - 29 - 31 - 40 - 42 - 43 - 48 - 49 - 51 - 52 - 53 - 55 - 57 - 59 - 61 - 62 - 64 - 65 - 66 - 67 - 68 - 72 - 75 - 77 - 78 - 79 - 80 - 81 - 82 - 84 - 85 - 86 - 87 - 88 - 93 - 94 - 98 - 99 - 100 - 101 - 102 - 104 - 105 - 107 - 113 - 114 - 115 - 116 - 117 - 118 - 123 - 124 - 125 - 126 - 127 - 128 - 131 - 132 - 133 - 134 - 135 - 137 - 139 - 141 - 143 - 148 - 149 - 150 - 153 - 155 - 156 - 157 - 160 - 161 - 163 - 164 - 165 - 167 - 168 - 169 - 171 - 172 - 173 - 174 - 175 - 181 - 182 - 183 - 184 - 185 - 190 - 191 - 193 - 194 - 195 - 196 - 197 - 199 - 201 - 202 - 204 - 205 - 207 - 208 - 211 - 215 - 216 - 219 - 220 - 221 - 222 - 223 - 225 - 226 - 230 - 231 - 235 - 239 - 241 - 242 - 243 - 244 - 245 - 246 - 249 - 250 - 251 - 253 - 255 - 256 - 260 - 262 - 263 - 267 - 268 - 269 - 270 - 273 - 277 - 278 - 279 - 280 - 281 - 282 - 284 - 285 - 286 - 288 - 289 - 290 - 291 - 293 - 294 - 295 - 296 - 298 - 299 - 300 - 302 - 303 - 304 - 305 - 309 - 312 - 313 - 314 - 315 - 316 - 317 - 318 - 320 - 321 - 322 - 325 - 327 - 331 - 333 - 334 - 335 - 337 - 338 - 339 - 340 - 342 - 343 - 344 - 345 - 346 - 350 - 351 - 352 - 353 - 358 - 359 - 360 - 362 - 366 - 368 - 371 - 373 - 374 - 377 - 378 - 380 - 381 - 382 - 383 - 385 - 386 - 387 - 388 - 390 - 392 - 393 - 394 - 396 - 397 - 399 - 400 - 401 - 402 - 403 - 410 - 413 - 414 - 415 - 417 - 421 - 422 - 423 - 424 - 425 - 426 - 428 - 429 - 432 - 433 - 434 - 435 - 437 - 438 - 440 - 443 - 447 - 448 - 449 - 451 - 452 - 453 - 454 - 455 - 457 - 458 - 460 - 461 - 462 - 463 - 464 - 465 - 469 - 470 - 471 - 474 - 476 - 477 - 479 - 480 - 481 - 482 - 483 - 485 - 488 - 489 - 490 - 491 - 492 - 493 - 494 - 495 - 496 - 497,572679.6,3.9,93347,91720,51.95,Cost: 93347 & Capacity: 91720
3 - 4 - 7 - 8 - 10 - 11 - 12 - 13 - 14 - 17 - 19 - 21 - 23 - 24 - 25 - 26 - 28 - 29 - 31 - 40 - 42 - 43 - 48 - 49 - 51 - 52 - 53 - 55 - 57 - 59 - 61 - 62 - 64 - 65 - 66 - 67 - 68 - 72 - 75 - 77 - 78 - 79 - 80 - 81 - 82 - 84 - 85 - 86 - 87 - 88 - 93 - 94 - 98 - 99 - 100 - 101 - 102 - 104 - 105 - 107 - 113 - 114 - 115 - 116 - 117 - 118 - 123 - 124 - 125 - 126 - 127 - 128 - 131 - 132 - 133 - 134 - 135 - 137 - 139 - 141 - 143 - 148 - 149 - 150 - 153 - 155 - 156 - 157 - 160 - 161 - 163 - 164 - 165 - 167 - 168 - 169 - 171 - 172 - 173 - 174 - 175 - 181 - 182 - 183 - 184 - 185 - 190 - 191 - 193 - 194 - 195 - 196 - 197 - 199 - 201 - 202 - 204 - 205 - 207 - 208 - 211 - 215 - 216 - 219 - 220 - 221 - 222 - 223 - 225 - 226 - 230 - 231 - 235 - 239 - 241 - 242 - 243 - 244 - 245 - 246 - 249 - 250 - 251 - 253 - 255 - 256 - 260 - 262 - 263 - 267 - 268 - 269 - 270 - 273 - 277 - 278 - 279 - 280 - 281 - 282 - 284 - 285 - 286 - 288 - 289 - 290 - 291 - 293 - 294 - 295 - 296 - 298 - 299 - 300 - 302 - 303 - 304 - 305 - 309 - 312 - 313 - 314 - 315 - 316 - 317 - 318 - 320 - 321 - 322 - 325 - 327 - 331 - 333 - 334 - 335 - 337 - 338 - 339 - 340 - 342 - 343 - 344 - 345 - 346 - 350 - 351 - 352 - 353 - 358 - 359 - 360 - 362 - 366 - 368 - 371 - 373 - 374 - 377 - 378 - 380 - 381 - 382 - 383 - 385 - 386 - 387 - 388 - 390 - 392 - 393 - 394 - 396 - 397 - 399 - 400 - 401 - 402 - 403 - 410 - 413 - 414 - 415 - 417 - 421 - 422 - 423 - 424 - 425 - 426 - 428 - 429 - 432 - 433 - 434 - 435 - 437 - 438 - 440 - 443 - 447 - 448 - 449 - 451 - 452 - 453 - 454 - 455 - 457 - 458 - 460 - 461 - 462 - 463 - 464 - 465 - 469 - 470 - 471 - 474 - 476 - 477 - 479 - 480 - 481 - 482 - 483 - 485 - 488 - 489 - 490 - 491 - 492 - 493 - 494 - 495 - 496 - 497,572679.6,3.9,93347,91720,55.06,Cost: 93347 & Capacity: 91720
1 - 2 - 6 - 7 - 25 - 26 - 27 - 31 - 32 - 33 - 35 - 37 - 39 - 40 - 41 - 42 - 46 - 47 - 54 - 59 - 60 - 61 - 63 - 64 - 71 - 73 - 75 - 77 - 79 - 82 - 83 - 84 - 85 - 88 - 89 - 96 - 98 - 101 - 104 - 106 - 108 - 110 - 112 - 113 - 114 - 116 - 118 - 125 - 133 - 137 - 138 - 139 - 140 - 141 - 143 - 144 - 146 - 149 - 150 - 156 - 162 - 164 - 167 - 170 - 171 - 173 - 174 - 176 - 177 - 182 - 183 - 185 - 189 - 190 - 191 - 194 - 196 - 204 - 206 - 207 - 211 - 213 - 215 - 219 - 220 - 226 - 227 - 231 - 232 - 233 - 234 - 235 - 238 - 239 - 242 - 249 - 256 - 267 - 268 - 269 - 271 - 273 - 274 - 282 - 294 - 298 - 300 - 312 - 314 - 316 - 318 - 319 - 321 - 322 - 327 - 328 - 334 - 338 - 340 - 343 - 353 - 354 - 356 - 362 - 365 - 367 - 372 - 374 - 377 - 378 - 379 - 385 - 386 - 392 - 393 - 396 - 397 - 402 - 410 - 411 - 413 - 414 - 417 - 420 - 424 - 427 - 430 - 432 - 434 - 437 - 438 - 440 - 449 - 451 - 453 - 454 - 456 - 461 - 463 - 466 - 467 - 469 - 470 - 471 - 472 - 477 - 478 - 481 - 488 - 489 - 492,205769.3,7.5,93356,74348,56.37,Cost: 93356 & Capacity: 74348
3 - 4 - 7 - 10 - 11 - 12 - 14 - 19 - 20 - 21 - 24 - 25 - 26 - 28 - 29 - 31 - 39 - 40 - 42 - 43 - 48 - 49 - 51 - 52 - 53 - 55 - 57 - 59 - 61 - 62 - 64 - 65 - 66 - 67 - 68 - 72 - 75 - 77 - 78 - 80 - 84 - 85 - 86 - 87 - 89 - 90 - 93 - 94 - 98 - 99 - 100 - 103 - 104 - 105 - 108 - 112 - 113 - 114 - 115 - 116 - 117 - 118 - 123 - 125 - 127 - 131 - 132 - 133 - 134 - 135 - 137 - 139 - 141 - 143 - 149 - 150 - 153 - 155 - 156 - 157 - 161 - 164 - 165 - 167 - 168 - 169 - 172 - 173 - 174 - 177 - 180 - 182 - 183 - 190 - 191 - 193 - 194 - 195 - 196 - 197 - 199 - 202 - 204 - 205 - 207 - 208 - 211 - 215 - 216 - 219 - 220 - 222 - 223 - 226 - 229 - 230 - 231 - 232 - 235 - 238 - 239 - 241 - 242 - 243 - 244 - 247 - 249 - 250 - 251 - 253 - 255 - 256 - 260 - 261 - 262 - 263 - 266 - 267 - 268 - 269 - 270 - 273 - 277 - 278 - 279 - 282 - 284 - 286 - 288 - 289 - 290 - 291 - 293 - 294 - 295 - 296 - 298 - 299 - 300 - 302 - 303 - 305 - 308 - 312 - 314 - 315 - 316 - 317 - 318 - 321 - 322 - 325 - 327 - 328 - 331 - 333 - 334 - 335 - 337 - 338 - 340 - 342 - 343 - 344 - 345 - 346 - 350 - 351 - 352 - 353 - 358 - 359 - 360 - 362 - 365 - 366 - 368 - 369 - 371 - 373 - 374 - 376 - 378 - 380 - 381 - 383 - 385 - 386 - 387 - 389 - 390 - 392 - 393 - 394 - 396 - 397 - 399 - 400 - 401 - 402 - 403 - 405 - 410 - 411 - 413 - 414 - 415 - 417 - 421 - 424 - 425 - 426 - 428 - 429 - 432 - 433 - 434 - 435 - 437 - 438 - 440 - 445 - 449 - 451 - 452 - 453 - 454 - 455 - 456 - 457 - 458 - 460 - 461 - 463 - 464 - 465 - 469 - 471 - 474 - 476 - 477 - 479 - 481 - 482 - 488 - 489 - 490 - 491 - 493 - 496 - 497,485377.2,5.8,93327,87352,56.47,Cost: 93327 & Capacity: 87352
3 - 4 - 7 - 8 - 10 - 11 - 12 - 13 - 14 - 17 - 19 - 21 - 23 - 24 - 25 - 26 - 28 - 29 - 31 - 40 - 42 - 43 - 48 - 49 - 51 - 52 - 53 - 55 - 57 - 59 - 61 - 62 - 64 - 65 - 66 - 67 - 68 - 72 - 75 - 77 - 78 - 79 - 80 - 81 - 82 - 84 - 85 - 86 - 87 - 88 - 93 - 94 - 98 - 99 - 100 - 101 - 102 - 104 - 105 - 107 - 113 - 114 - 115 - 116 - 117 - 118 - 123 - 124 - 125 - 126 - 127 - 128 - 131 - 132 - 133 - 134 - 135 - 137 - 139 - 141 - 143 - 148 - 149 - 150 - 153 - 155 - 156 - 157 - 160 - 161 - 163 - 164 - 165 - 167 - 168 - 169 - 171 - 172 - 173 - 174 - 175 - 181 - 182 - 183 - 184 - 185 - 190 - 191 - 193 - 194 - 195 - 196 - 197 - 199 - 201 - 202 - 204 - 205 - 207 - 208 - 211 - 215 - 216 - 219 - 220 - 221 - 222 - 223 - 225 - 226 - 230 - 231 - 235 - 239 - 241 - 242 - 243 - 244 - 245 - 246 - 249 - 250 - 251 - 253 - 255 - 256 - 260 - 262 - 263 - 267 - 268 - 269 - 270 - 273 - 277 - 278 - 279 - 280 - 281 - 282 - 284 - 285 - 286 - 288 - 289 - 290 - 291 - 293 - 294 - 295 - 296 - 298 - 299 - 300 - 302 - 303 - 304 - 305 - 309 - 312 - 313 - 314 - 315 - 316 - 317 - 318 - 320 - 321 - 322 - 325 - 327 - 331 - 333 - 334 - 335 - 337 - 338 - 339 - 340 - 342 - 343 - 344 - 345 - 346 - 350 - 351 - 352 - 353 - 358 - 359 - 360 - 362 - 366 - 368 - 371 - 373 - 374 - 377 - 378 - 380 - 381 - 382 - 383 - 385 - 386 - 387 - 388 - 390 - 392 - 393 - 394 - 396 - 397 - 399 - 400 - 401 - 402 - 403 - 410 - 413 - 414 - 415 - 417 - 421 - 422 - 423 - 424 - 425 - 426 - 428 - 429 - 432 - 433 - 434 - 435 - 437 - 438 - 440 - 443 - 447 - 448 - 449 - 451 - 452 - 453 - 454 - 455 - 457 - 458 - 460 - 461 - 462 - 463 - 464 - 465 - 469 - 470 - 471 - 474 - 476 - 477 - 479 - 480 - 481 - 482 - 483 - 485 - 488 - 489 - 490 - 491 - 492 - 493 - 494 - 495 - 496 - 497,572679.6,3.9,93347,91720,57.55,Cost: 93347 & Capacity: 91720
3 - 4 - 7 - 8 - 10 - 11 - 12 - 13 - 14 - 17 - 19 - 21 - 23 - 24 - 25 - 26 - 28 - 29 - 31 - 40 - 42 - 43 - 48 - 49 - 51 - 52 - 53 - 55 - 57 - 59 - 61 - 62 - 64 - 65 - 66 - 67 - 68 - 72 - 75 - 77 - 78 - 79 - 80 - 81 - 82 - 84 - 85 - 86 - 87 - 88 - 93 - 94 - 98 - 99 - 100 - 101 - 102 - 104 - 105 - 107 - 113 - 114 - 115 - 116 - 117 - 118 - 123 - 124 - 125 - 126 - 127 - 128 - 131 - 132 - 133 - 134 - 135 - 137 - 139 - 141 - 143 - 148 - 149 - 150 - 153 - 155 - 156 - 157 - 160 - 161 - 163 - 164 - 165 - 167 - 168 - 169 - 171 - 172 - 173 - 174 - 175 - 181 - 182 - 183 - 184 - 185 - 190 - 191 - 193 - 194 - 195 - 196 - 197 - 199 - 201 - 202 - 204 - 205 - 207 - 208 - 211 - 215 - 216 - 219 - 220 - 221 - 222 - 223 - 225 - 226 - 230 - 231 - 235 - 239 - 241 - 242 - 243 - 244 - 245 - 246 - 249 - 250 - 251 - 253 - 255 - 256 - 260 - 262 - 263 - 267 - 268 - 269 - 270 - 273 - 277 - 278 - 279 - 280 - 281 - 282 - 284 - 285 - 286 - 288 - 289 - 290 - 291 - 293 - 294 - 295 - 296 - 298 - 299 - 300 - 302 - 303 - 304 - 305 - 309 - 312 - 313 - 314 - 315 - 316 - 317 - 318 - 320 - 321 - 322 - 325 - 327 - 331 - 333 - 334 - 335 - 337 - 338 - 339 - 340 - 342 - 343 - 344 - 345 - 346 - 350 - 351 - 352 - 353 - 358 - 359 - 360 - 362 - 366 - 368 - 371 - 373 - 374 - 377 - 378 - 380 - 381 - 382 - 383 - 385 - 386 - 387 - 388 - 390 - 392 - 393 - 394 - 396 - 397 - 399 - 400 - 401 - 402 - 403 - 410 - 413 - 414 - 415 - 417 - 421 - 422 - 423 - 424 - 425 - 426 - 428 - 429 - 432 - 433 - 434 - 435 - 437 - 438 - 440 - 443 - 447 - 448 - 449 - 451 - 452 - 453 - 454 - 455 - 457 - 458 - 460 - 461 - 462 - 463 - 464 - 465 - 469 - 470 - 471 - 474 - 476 - 477 - 479 - 480 - 481 - 482 - 483 - 485 - 488 - 489 - 490 - 491 - 492 - 493 - 494 - 495 - 496 - 497,572679.6,3.9,93347,91720,58.37,Cost: 93347 & Capacity: 91720
3 - 4 - 7 - 8 - 10 - 11 - 12 - 13 - 14 - 17 - 19 - 21 - 23 - 24 - 25 - 26 - 28 - 29 - 31 - 40 - 42 - 43 - 48 - 49 - 51 - 52 - 53 - 55 - 57 - 59 - 61 - 62 - 64 - 65 - 66 - 67 - 68 - 72 - 75 - 77 - 78 - 79 - 80 - 81 - 82 - 84 - 85 - 86 - 87 - 88 - 93 - 94 - 98 - 99 - 100 - 101 - 102 - 104 - 105 - 113 - 114 - 115 - 116 - 117 - 118 - 123 - 124 - 125 - 126 - 127 - 128 - 131 - 132 - 133 - 134 - 135 - 137 - 139 - 141 - 143 - 148 - 149 - 150 - 153 - 155 - 156 - 157 - 160 - 161 - 163 - 164 - 165 - 167 - 168 - 169 - 171 - 172 - 173 - 174 - 175 - 180 - 181 - 182 - 183 - 184 - 185 - 190 - 191 - 193 - 194 - 195 - 196 - 197 - 199 - 201 - 202 - 204 - 205 - 207 - 208 - 211 - 215 - 216 - 219 - 220 - 221 - 222 - 223 - 225 - 226 - 230 - 231 - 235 - 239 - 241 - 242 - 243 - 244 - 245 - 246 - 249 - 250 - 251 - 253 - 255 - 256 - 258 - 260 - 262 - 263 - 267 - 268 - 269 - 270 - 273 - 277 - 278 - 279 - 280 - 281 - 282 - 284 - 285 - 286 - 288 - 289 - 290 - 291 - 293 - 294 - 295 - 296 - 298 - 299 - 300 - 302 - 303 - 304 - 305 - 309 - 312 - 313 - 314 - 315 - 316 - 317 - 318 - 320 - 321 - 322 - 325 - 327 - 331 - 333 - 334 - 335 - 337 - 338 - 340 - 342 - 343 - 344 - 345 - 346 - 350 - 351 - 352 - 353 - 358 - 359 - 360 - 362 - 366 - 368 - 371 - 373 - 374 - 377 - 378 - 380 - 381 - 383 - 385 - 386 - 387 - 388 - 390 - 392 - 393 - 394 - 396 - 397 - 399 - 400 - 401 - 402 - 403 - 410 - 413 - 414 - 415 - 417 - 421 - 422 - 423 - 424 - 425 - 426 - 428 - 429 - 432 - 433 - 434 - 435 - 437 - 438 - 440 - 441 - 443 - 447 - 448 - 449 - 451 - 452 - 453 - 454 - 455 - 457 - 458 - 460 - 461 - 462 - 463 - 464 - 465 - 469 - 470 - 471 - 474 - 476 - 477 - 479 - 480 - 481 - 482 - 483 - 485 - 488 - 489 - 490 - 491 - 492 - 493 - 494 - 495 - 496 - 497,573679.4,2.7,93354,91654,61.34,Cost: 93354 & Capacity: 91654
0 - 6 - 32 - 33 - 38 - 39 - 41 - 46 - 54 - 60 - 63 - 64 - 77 - 79 - 88 - 95 - 101 - 108 - 110 - 112 - 119 - 129 - 131 - 137 - 140 - 142 - 144 - 151 - 162 - 163 - 172 - 173 - 180 - 182 - 191 - 194 - 208 - 209 - 211 - 214 - 217 - 226 - 233 - 234 - 238 - 242 - 244 - 256 - 257 - 259 - 260 - 268 - 271 - 273 - 278 - 288 - 294 - 295 - 300 - 307 - 328 - 333 - 343 - 353 - 359 - 364 - 377 - 379 - 380 - 385 - 393 - 394 - 396 - 399 - 411 - 418 - 420 - 424 - 431 - 440 - 451 - 454 - 456 - 459 - 465 - 466 - 471 - 472 - 473 - 478 - 487,59740.3,8.8,69303,53042,61.95,Cost: 69303 & Capacity: 53042
3 - 4 - 7 - 8 - 10 - 11 - 12 - 13 - 14 - 17 - 19 - 21 - 23 - 24 - 25 - 26 - 28 - 29 - 31 - 40 - 42 - 43 - 48 - 49 - 51 - 52 - 53 - 55 - 57 - 59 - 61 - 62 - 64 - 65 - 66 - 67 - 68 - 72 - 75 - 77 - 78 - 79 - 80 - 81 - 82 - 84 - 85 - 86 - 87 - 88 - 93 - 94 - 98 - 99 - 100 - 101 - 102 - 104 - 105 - 113 - 114 - 115 - 116 - 117 - 118 - 123 - 124 - 125 - 126 - 127 - 128 - 131 - 132 - 133 - 134 - 135 - 137 - 139 - 141 - 143 - 147 - 148 - 149 - 150 - 153 - 155 - 156 - 157 - 160 - 161 - 163 - 164 - 165 - 167 - 168 - 169 - 171 - 172 - 173 - 174 - 175 - 181 - 182 - 183 - 184 - 185 - 190 - 191 - 193 - 194 - 195 - 196 - 197 - 199 - 201 - 202 - 204 - 205 - 207 - 208 - 211 - 215 - 216 - 219 - 220 - 221 - 222 - 223 - 225 - 226 - 230 - 231 - 235 - 239 - 241 - 242 - 243 - 244 - 245 - 246 - 249 - 250 - 251 - 253 - 255 - 258 - 260 - 262 - 263 - 267 - 268 - 269 - 270 - 273 - 278 - 279 - 280 - 281 - 282 - 284 - 285 - 286 - 288 - 289 - 290 - 291 - 293 - 294 - 295 - 296 - 298 - 299 - 300 - 302 - 303 - 304 - 305 - 309 - 312 - 313 - 314 - 315 - 316 - 317 - 318 - 320 - 321 - 322 - 325 - 327 - 331 - 333 - 334 - 335 - 337 - 338 - 339 - 340 - 342 - 343 - 344 - 345 - 346 - 350 - 351 - 352 - 353 - 358 - 359 - 360 - 362 - 366 - 368 - 371 - 373 - 374 - 377 - 378 - 380 - 381 - 382 - 383 - 385 - 386 - 387 - 388 - 390 - 392 - 393 - 394 - 396 - 397 - 399 - 400 - 401 - 402 - 403 - 410 - 413 - 414 - 415 - 417 - 421 - 422 - 423 - 424 - 425 - 426 - 428 - 429 - 432 - 433 - 434 - 435 - 437 - 438 - 440 - 441 - 444 - 447 - 448 - 449 - 451 - 452 - 453 - 454 - 455 - 457 - 458 - 460 - 461 - 462 - 463 - 464 - 465 - 469 - 470 - 471 - 474 - 476 - 477 - 479 - 480 - 481 - 482 - 483 - 485 - 488 - 489 - 490 - 491 - 492 - 493 - 494 - 495 - 496 - 497,574443.2,2.7,93355,91065,63.01,Cost: 93355 & Capacity: 91065
3 - 4 - 7 - 8 - 10 - 11 - 12 - 13 - 14 - 17 - 19 - 21 - 23 - 24 - 25 - 26 - 28 - 29 - 31 - 40 - 42 - 43 - 48 - 49 - 51 - 52 - 53 - 55 - 57 - 59 - 61 - 62 - 64 - 65 - 66 - 67 - 68 - 72 - 75 - 77 - 78 - 79 - 80 - 81 - 82 - 84 - 85 - 86 - 87 - 88 - 93 - 94 - 98 - 99 - 100 - 101 - 102 - 104 - 105 - 107 - 113 - 114 - 115 - 116 - 117 - 118 - 123 - 124 - 125 - 126 - 127 - 128 - 131 - 132 - 133 - 134 - 135 - 137 - 139 - 141 - 143 - 148 - 149 - 150 - 153 - 155 - 156 - 157 - 160 - 161 - 163 - 164 - 165 - 167 - 168 - 169 - 171 - 172 - 173 - 174 - 175 - 181 - 182 - 183 - 184 - 185 - 190 - 191 - 193 - 194 - 195 - 196 - 197 - 199 - 201 - 202 - 204 - 205 - 207 - 208 - 211 - 215 - 216 - 219 - 220 - 221 - 222 - 223 - 225 - 226 - 230 - 231 - 235 - 239 - 241 - 242 - 243 - 244 - 245 - 246 - 249 - 250 - 251 - 253 - 255 - 256 - 260 - 262 - 263 - 267 - 268 - 269 - 270 - 273 - 277 - 278 - 279 - 280 - 281 - 282 - 284 - 285 - 286 - 288 - 289 - 290 - 291 - 293 - 294 - 295 - 296 - 298 - 299 - 300 - 302 - 303 - 304 - 305 - 309 - 312 - 313 - 314 - 315 - 316 - 317 - 318 - 320 - 321 - 322 - 325 - 327 - 331 - 333 - 334 - 335 - 337 - 338 - 339 - 340 - 342 - 343 - 344 - 345 - 346 - 350 - 351 - 352 - 353 - 358 - 359 - 360 - 362 - 366 - 368 - 371 - 373 - 374 - 377 - 378 - 380 - 381 - 382 - 383 - 385 - 386 - 387 - 388 - 390 - 392 - 393 - 394 - 396 - 397 - 399 - 400 - 401 - 402 - 403 - 410 - 413 - 414 - 415 - 417 - 421 - 422 - 423 - 424 - 425 - 426 - 428 - 429 - 432 - 433 - 434 - 435 - 437 - 438 - 440 - 443 - 447 - 448 - 449 - 451 - 452 - 453 - 454 - 455 - 457 - 458 - 460 - 461 - 462 - 463 - 464 - 465 - 469 - 470 - 471 - 474 - 476 - 477 - 479 - 480 - 481 - 482 - 483 - 485 - 488 - 489 - 490 - 491 - 492 - 493 - 494 - 495 - 496 - 497,572679.6,3.9,93347,91720,63.71,Cost: 93347 & Capacity: 91720
3 - 4 - 7 - 8 - 10 - 11 - 12 - 13 - 14 - 17 - 19 - 21 - 23 - 24 - 25 - 26 - 28 - 29 - 31 - 40 - 42 - 43 - 48 - 49 - 51 - 52 - 53 - 55 - 57 - 59 - 61 - 62 - 64 - 65 - 66 - 67 - 68 - 72 - 75 - 77 - 78 - 79 - 80 - 81 - 82 - 84 - 85 - 86 - 87 - 88 - 93 - 94 - 98 - 99 - 100 - 101 - 102 - 104 - 105 - 107 - 113 - 114 - 115 - 116 - 117 - 118 - 123 - 124 - 125 - 126 - 127 - 128 - 131 - 132 - 133 - 134 - 135 - 137 - 139 - 141 - 143 - 148 - 149 - 150 - 153 - 155 - 156 - 157 - 160 - 161 - 163 - 164 - 165 - 167 - 168 - 169 - 171 - 172 - 173 - 174 - 175 - 181 - 182 - 183 - 184 - 185 - 190 - 191 - 193 - 194 - 195 - 196 - 197 - 199 - 201 - 202 - 204 - 205 - 207 - 208 - 211 - 215 - 216 - 219 - 220 - 221 - 222 - 223 - 225 - 226 - 230 - 231 - 235 - 239 - 241 - 242 - 243 - 244 - 245 - 246 - 249 - 250 - 251 - 253 - 255 - 256 - 260 - 262 - 263 - 267 - 268 - 269 - 270 - 273 - 277 - 278 - 279 - 280 - 281 - 282 - 284 - 285 - 286 - 288 - 289 - 290 - 291 - 293 - 294 - 295 - 296 - 298 - 299 - 300 - 302 - 303 - 304 - 305 - 309 - 312 - 313 - 314 - 315 - 316 - 317 - 318 - 320 - 321 - 322 - 325 - 327 - 331 - 333 - 334 - 335 - 337 - 338 - 339 - 340 - 342 - 343 - 344 - 345 - 346 - 350 - 351 - 352 - 353 - 358 - 359 - 360 - 362 - 366 - 368 - 371 - 373 - 374 - 377 - 378 - 380 - 381 - 382 - 383 - 385 - 386 - 387 - 388 - 390 - 392 - 393 - 394 - 396 - 397 - 399 - 400 - 401 - 402 - 403 - 410 - 413 - 414 - 415 - 417 - 421 - 422 - 423 - 424 - 425 - 426 - 428 - 429 - 432 - 433 - 434 - 435 - 437 - 438 - 440 - 443 - 447 - 448 - 449 - 451 - 452 - 453 - 454 - 455 - 457 - 458 - 460 - 461 - 462 - 463 - 464 - 465 - 469 - 470 - 471 - 474 - 476 - 477 - 479 - 480 - 481 - 482 - 483 - 485 - 488 - 489 - 490 - 491 - 492 - 493 - 494 - 495 - 496 - 497,572679.6,3.9,93347,91720,68.2,Cost: 93347 & Capacity: 91720
3 - 4 - 7 - 8 - 10 - 11 - 12 - 13 - 14 - 17 - 19 - 21 - 23 - 24 - 25 - 26 - 28 - 29 - 31 - 40 - 42 - 43 - 48 - 49 - 51 - 52 - 53 - 55 - 57 - 59 - 61 - 62 - 64 - 65 - 66 - 67 - 68 - 72 - 75 - 77 - 78 - 79 - 80 - 81 - 82 - 84 - 85 - 86 - 87 - 88 - 93 - 94 - 98 - 99 - 100 - 101 - 102 - 104 - 105 - 107 - 113 - 114 - 115 - 116 - 117 - 118 - 123 - 124 - 125 - 126 - 127 - 128 - 131 - 132 - 133 - 134 - 135 - 137 - 139 - 141 - 143 - 148 - 149 - 150 - 153 - 155 - 156 - 157 - 160 - 161 - 163 - 164 - 165 - 167 - 168 - 169 - 171 - 172 - 173 - 174 - 175 - 181 - 182 - 183 - 184 - 185 - 190 - 191 - 193 - 194 - 195 - 196 - 197 - 199 - 201 - 202 - 204 - 205 - 207 - 208 - 211 - 215 - 216 - 219 - 220 - 221 - 222 - 223 - 225 - 226 - 230 - 231 - 235 - 239 - 241 - 242 - 243 - 244 - 245 - 246 - 249 - 250 - 251 - 253 - 255 - 256 - 260 - 262 - 263 - 267 - 268 - 269 - 270 - 273 - 277 - 278 - 279 - 280 - 281 - 282 - 284 - 285 - 286 - 288 - 289 - 290 - 291 - 293 - 294 - 295 - 296 - 298 - 299 - 300 - 302 - 303 - 304 - 305 - 309 - 312 - 313 - 314 - 315 - 316 - 317 - 318 - 320 - 321 - 322 - 325 - 327 - 331 - 333 - 334 - 335 - 337 - 338 - 339 - 340 - 342 - 343 - 344 - 345 - 346 - 350 - 351 - 352 - 353 - 358 - 359 - 360 - 362 - 366 - 368 - 371 - 373 - 374 - 377 - 378 - 380 - 381 - 382 - 383 - 385 - 386 - 387 - 388 - 390 - 392 - 393 - 394 - 396 - 397 - 399 - 400 - 401 - 402 - 403 - 410 - 413 - 414 - 415 - 417 - 421 - 422 - 423 - 424 - 425 - 426 - 428 - 429 - 432 - 433 - 434 - 435 - 437 - 438 - 440 - 443 - 447 - 448 - 449 - 451 - 452 - 453 - 454 - 455 - 457 - 458 - 460 - 461 - 462 - 463 - 464 - 465 - 469 - 470 - 471 - 474 - 476 - 477 - 479 - 480 - 481 - 482 - 483 - 485 - 488 - 489 - 490 - 491 - 492 - 493 - 494 - 495 - 496 - 497,572679.6,3.9,93347,91720,71.87,Cost: 93347 & Capacity: 91720
3 - 4 - 7 - 8 - 10 - 11 - 12 - 13 - 14 - 17 - 19 - 21 - 23 - 24 - 25 - 26 - 28 - 29 - 31 - 40 - 42 - 43 - 48 - 49 - 51 - 52 - 53 - 55 - 57 - 59 - 61 - 62 - 64 - 65 - 66 - 67 - 68 - 72 - 75 - 77 - 78 - 79 - 80 - 81 - 82 - 84 - 85 - 86 - 87 - 88 - 93 - 94 - 98 - 99 - 100 - 101 - 102 - 104 - 105 - 107 - 113 - 114 - 115 - 116 - 117 - 118 - 123 - 124 - 125 - 126 - 127 - 128 - 131 - 132 - 133 - 134 - 135 - 137 - 139 - 141 - 143 - 148 - 149 - 150 - 153 - 155 - 156 - 157 - 160 - 161 - 163 - 164 - 165 - 167 - 168 - 169 - 171 - 172 - 173 - 174 - 175 - 181 - 182 - 183 - 184 - 185 - 190 - 191 - 193 - 194 - 195 - 196 - 197 - 199 - 201 - 202 - 204 - 205 - 207 - 208 - 211 - 215 - 216 - 219 - 220 - 221 - 222 - 223 - 225 - 226 - 230 - 231 - 235 - 239 - 241 - 242 - 243 - 244 - 245 - 246 - 249 - 250 - 251 - 253 - 255 - 256 - 260 - 262 - 263 - 267 - 268 - 269 - 270 - 273 - 277 - 278 - 279 - 280 - 281 - 282 - 284 - 285 - 286 - 288 - 289 - 290 - 291 - 293 - 294 - 295 - 296 - 298 - 299 - 300 - 302 - 303 - 304 - 305 - 309 - 312 - 313 - 314 - 315 - 316 - 317 - 318 - 320 - 321 - 322 - 325 - 327 - 331 - 333 - 334 - 335 - 337 - 338 - 339 - 340 - 342 - 343 - 344 - 345 - 346 - 350 - 351 - 352 - 353 - 358 - 359 - 360 - 362 - 366 - 368 - 371 - 373 - 374 - 377 - 378 - 380 - 381 - 382 - 383 - 385 - 386 - 387 - 388 - 390 - 392 - 393 - 394 - 396 - 397 - 399 - 400 - 401 - 402 - 403 - 410 - 413 - 414 - 415 - 417 - 421 - 422 - 423 - 424 - 425 - 426 - 428 - 429 - 432 - 433 - 434 - 435 - 437 - 438 - 440 - 443 - 447 - 448 - 449 - 451 - 452 - 453 - 454 - 455 - 457 - 458 - 460 - 461 - 462 - 463 - 464 - 465 - 469 - 470 - 471 - 474 - 476 - 477 - 479 - 480 - 481 - 482 - 483 - 485 - 488 - 489 - 490 - 491 - 492 - 493 - 494 - 495 - 496 - 497,572679.6,3.9,93347,91720,73.34,Cost: 93347 & Capacity: 91720
3 - 4 - 7 - 8 - 10 - 11 - 12 - 13 - 14 - 17 - 19 - 21 - 23 - 24 - 25 - 26 - 28 - 29 - 31 - 40 - 42 - 43 - 48 - 49 - 51 - 52 - 53 - 55 - 57 - 59 - 61 - 62 - 64 - 65 - 66 - 67 - 68 - 72 - 75 - 77 - 78 - 79 - 80 - 81 - 82 - 84 - 85 - 86 - 87 - 88 - 93 - 94 - 98 - 99 - 100 - 101 - 102 - 104 - 105 - 107 - 113 - 114 - 115 - 116 - 117 - 118 - 123 - 124 - 125 - 126 - 127 - 128 - 131 - 132 - 133 - 134 - 135 - 137 - 139 - 141 - 143 - 148 - 149 - 150 - 153 - 155 - 156 - 157 - 160 - 161 - 163 - 164 - 165 - 167 - 168 - 169 - 171 - 172 - 173 - 174 - 175 - 181 - 182 - 183 - 184 - 185 - 190 - 191 - 193 - 194 - 195 - 196 - 197 - 199 - 201 - 202 - 204 - 205 - 207 - 208 - 211 - 215 - 216 - 219 - 220 - 221 - 222 - 223 - 225 - 226 - 230 - 231 - 235 - 239 - 241 - 242 - 243 - 244 - 245 - 246 - 249 - 250 - 251 - 253 - 255 - 256 - 260 - 262 - 263 - 267 - 268 - 269 - 270 - 273 - 277 - 278 - 279 - 280 - 281 - 282 - 284 - 285 - 286 - 288 - 289 - 290 - 291 - 293 - 294 - 295 - 296 - 298 - 299 - 300 - 302 - 303 - 304 - 305 - 309 - 312 - 313 - 314 - 315 - 316 - 317 - 318 - 320 - 321 - 322 - 325 - 327 - 331 - 333 - 334 - 335 - 337 - 338 - 339 - 340 - 342 - 343 - 344 - 345 - 346 - 350 - 351 - 352 - 353 - 358 - 359 - 360 - 362 - 366 - 368 - 371 - 373 - 374 - 377 - 378 - 380 - 381 - 382 - 383 - 385 - 386 - 387 - 388 - 390 - 392 - 393 - 394 - 396 - 397 - 399 - 400 - 401 - 402 - 403 - 410 - 413 - 414 - 415 - 417 - 421 - 422 - 423 - 424 - 425 - 426 - 428 - 429 - 432 - 433 - 434 - 435 - 437 - 438 - 440 - 443 - 447 - 448 - 449 - 451 - 452 - 453 - 454 - 455 - 457 - 458 - 460 - 461 - 462 - 463 - 464 - 465 - 469 - 470 - 471 - 474 - 476 - 477 - 479 - 480 - 481 - 482 - 483 - 485 - 488 - 489 - 490 - 491 - 492 - 493 - 494 - 495 - 496 - 497,572679.6,3.9,93347,91720,75.16,Cost: 93347 & Capacity: 91720
3 - 4 - 7 - 8 - 10 - 11 - 12 - 13 - 14 - 17 - 19 - 21 - 23 - 24 - 25 - 26 - 28 - 29 - 31 - 40 - 42 - 43 - 48 - 49 - 51 - 52 - 53 - 55 - 57 - 59 - 61 - 62 - 64 - 65 - 66 - 67 - 68 - 72 - 75 - 77 - 78 - 79 - 80 - 81 - 82 - 84 - 85 - 86 - 87 - 88 - 93 - 94 - 98 - 99 - 100 - 101 - 102 - 104 - 105 - 113 - 114 - 115 - 116 - 117 - 118 - 123 - 124 - 125 - 126 - 127 - 128 - 131 - 132 - 133 - 134 - 135 - 137 - 139 - 141 - 143 - 148 - 149 - 150 - 153 - 155 - 156 - 157 - 160 - 161 - 163 - 164 - 165 - 167 - 168 - 169 - 171 - 172 - 173 - 174 - 175 - 180 - 181 - 182 - 183 - 184 - 185 - 190 - 191 - 193 - 194 - 195 - 196 - 197 - 199 - 201 - 202 - 204 - 205 - 207 - 208 - 211 - 215 - 216 - 219 - 220 - 221 - 222 - 223 - 225 - 226 - 230 - 231 - 235 - 239 - 241 - 242 - 243 - 244 - 245 - 246 - 249 - 250 - 251 - 253 - 255 - 256 - 258 - 260 - 262 - 263 - 267 - 268 - 269 - 270 - 273 - 277 - 278 - 279 - 280 - 281 - 282 - 284 - 285 - 286 - 288 - 289 - 290 - 291 - 293 - 294 - 295 - 296 - 298 - 299 - 300 - 302 - 303 - 304 - 305 - 309 - 312 - 313 - 314 - 315 - 316 - 317 - 318 - 320 - 321 - 322 - 325 - 327 - 331 - 333 - 334 - 335 - 337 - 338 - 340 - 342 - 343 - 344 - 345 - 346 - 350 - 351 - 352 - 353 - 358 - 359 - 360 - 362 - 366 - 368 - 371 - 373 - 374 - 377 - 378 - 380 - 381 - 383 - 385 - 386 - 387 - 388 - 390 - 392 - 393 - 394 - 396 - 397 - 399 - 400 - 401 - 402 - 403 - 410 - 413 - 414 - 415 - 417 - 421 - 422 - 423 - 424 - 425 - 426 - 428 - 429 - 432 - 433 - 434 - 435 - 437 - 438 - 440 - 441 - 443 - 447 - 448 - 449 - 451 - 452 - 453 - 454 - 455 - 457 - 458 - 460 - 461 - 462 - 463 - 464 - 465 - 469 - 470 - 471 - 474 - 476 - 477 - 479 - 480 - 481 - 482 - 483 - 485 - 488 - 489 - 490 - 491 - 492 - 493 - 494 - 495 - 496 - 497,573679.4,2.7,93354,91654,80.17,Cost: 93354 & Capacity: 91654
3 - 4 - 7 - 8 - 10 - 11 - 12 - 13 - 14 - 17 - 19 - 21 - 23 - 24 - 25 - 26 - 28 - 29 - 31 - 40 - 42 - 43 - 48 - 49 - 51 - 52 - 53 - 55 - 57 - 59 - 61 - 62 - 64 - 65 - 66 - 67 - 68 - 72 - 75 - 77 - 78 - 79 - 80 - 81 - 82 - 84 - 85 - 86 - 87 - 88 - 93 - 94 - 98 - 99 - 100 - 101 - 102 - 104 - 105 - 107 - 113 - 114 - 115 - 116 - 117 - 118 - 123 - 124 - 125 - 126 - 127 - 128 - 131 - 132 - 133 - 134 - 135 - 137 - 139 - 141 - 143 - 148 - 149 - 150 - 153 - 155 - 156 - 157 - 160 - 161 - 163 - 164 - 165 - 167 - 168 - 169 - 171 - 172 - 173 - 174 - 175 - 181 - 182 - 183 - 184 - 185 - 190 - 191 - 193 - 194 - 195 - 196 - 197 - 199 - 201 - 202 - 204 - 205 - 207 - 208 - 211 - 215 - 216 - 219 - 220 - 221 - 222 - 223 - 225 - 226 - 230 - 231 - 235 - 239 - 241 - 242 - 243 - 244 - 245 - 246 - 249 - 250 - 251 - 253 - 255 - 256 - 260 - 262 - 263 - 267 - 268 - 269 - 270 - 273 - 277 - 278 - 279 - 280 - 281 - 282 - 284 - 285 - 286 - 288 - 289 - 290 - 291 - 293 - 294 - 295 - 296 - 298 - 299 - 300 - 302 - 303 - 304 - 305 - 309 - 312 - 313 - 314 - 315 - 316 - 317 - 318 - 320 - 321 - 322 - 325 - 327 - 331 - 333 - 334 - 335 - 337 - 338 - 339 - 340 - 342 - 343 - 344 - 345 - 346 - 350 - 351 - 352 - 353 - 358 - 359 - 360 - 362 - 366 - 368 - 371 - 373 - 374 - 377 - 378 - 380 - 381 - 382 - 383 - 385 - 386 - 387 - 388 - 390 - 392 - 393 - 394 - 396 - 397 - 399 - 400 - 401 - 402 - 403 - 410 - 413 - 414 - 415 - 417 - 421 - 422 - 423 - 424 - 425 - 426 - 428 - 429 - 432 - 433 - 434 - 435 - 437 - 438 - 440 - 443 - 447 - 448 - 449 - 451 - 452 - 453 - 454 - 455 - 457 - 458 - 460 - 461 - 462 - 463 - 464 - 465 - 469 - 470 - 471 - 474 - 476 - 477 - 479 - 480 - 481 - 482 - 483 - 485 - 488 - 489 - 490 - 491 - 492 - 493 - 494 - 495 - 496 - 497,572679.6,3.9,93347,91720,80.58,Cost: 93347 & Capacity: 91720
3 - 4 - 7 - 8 - 10 - 11 - 12 - 13 - 14 - 17 - 19 - 21 - 23 - 24 - 25 - 26 - 28 - 29 - 31 - 40 - 42 - 43 - 48 - 49 - 51 - 52 - 53 - 55 - 57 - 59 - 61 - 62 - 64 - 65 - 66 - 67 - 68 - 72 - 75 - 77 - 78 - 79 - 80 - 81 - 82 - 84 - 85 - 86 - 87 - 88 - 93 - 94 - 98 - 99 - 100 - 101 - 102 - 104 - 105 - 107 - 113 - 114 - 115 - 116 - 117 - 118 - 123 - 124 - 125 - 126 - 127 - 128 - 131 - 132 - 133 - 134 - 135 - 137 - 139 - 141 - 143 - 148 - 149 - 150 - 153 - 155 - 156 - 157 - 160 - 161 - 163 - 164 - 165 - 167 - 168 - 169 - 171 - 172 - 173 - 174 - 175 - 181 - 182 - 183 - 184 - 185 - 190 - 191 - 193 - 194 - 195 - 196 - 197 - 199 - 201 - 202 - 204 - 205 - 207 - 208 - 211 - 215 - 216 - 219 - 220 - 221 - 222 - 223 - 225 - 226 - 230 - 231 - 235 - 239 - 241 - 242 - 243 - 244 - 245 - 246 - 249 - 250 - 251 - 253 - 255 - 256 - 260 - 262 - 263 - 267 - 268 - 269 - 270 - 273 - 277 - 278 - 279 - 280 - 281 - 282 - 284 - 285 - 286 - 288 - 289 - 290 - 291 - 293 - 294 - 295 - 296 - 298 - 299 - 300 - 302 - 303 - 304 - 305 - 309 - 312 - 313 - 314 - 315 - 316 - 317 - 318 - 320 - 321 - 322 - 325 - 327 - 331 - 333 - 334 - 335 - 337 - 338 - 339 - 340 - 342 - 343 - 344 - 345 - 346 - 350 - 351 - 352 - 353 - 358 - 359 - 360 - 362 - 366 - 368 - 371 - 373 - 374 - 377 - 378 - 380 - 381 - 382 - 383 - 385 - 386 - 387 - 388 - 390 - 392 - 393 - 394 - 396 - 397 - 399 - 400 - 401 - 402 - 403 - 410 - 413 - 414 - 415 - 417 - 421 - 422 - 423 - 424 - 425 - 426 - 428 - 429 - 432 - 433 - 434 - 435 - 437 - 438 - 440 - 443 - 447 - 448 - 449 - 451 - 452 - 453 - 454 - 455 - 457 - 458 - 460 - 461 - 462 - 463 - 464 - 465 - 469 - 470 - 471 - 474 - 476 - 477 - 479 - 480 - 481 - 482 - 483 - 485 - 488 - 489 - 490 - 491 - 492 - 493 - 494 - 495 - 496 - 497,572679.6,3.9,93347,91720,88.24,Cost: 93347 & Capacity: 91720
3 - 4 - 6 - 7 - 17 - 26 - 28 - 31 - 32 - 33 - 35 - 40 - 51 - 55 - 59 - 61 - 62 - 63 - 64 - 66 - 77 - 84 - 90 - 98 - 100 - 101 - 102 - 104 - 108 - 110 - 111 - 112 - 113 - 116 - 117 - 119 - 128 - 131 - 133 - 137 - 138 - 139 - 140 - 141 - 144 - 146 - 150 - 155 - 156 - 158 - 162 - 164 - 167 - 169 - 171 - 172 - 173 - 174 - 176 - 177 - 180 - 182 - 190 - 191 - 194 - 196 - 197 - 204 - 207 - 208 - 211 - 215 - 216 - 219 - 220 - 226 - 227 - 229 - 231 - 232 - 234 - 235 - 236 - 237 - 238 - 239 - 240 - 241 - 244 - 249 - 250 - 252 - 255 - 256 - 260 - 261 - 264 - 267 - 268 - 271 - 273 - 276 - 286 - 288 - 289 - 294 - 295 - 298 - 300 - 304 - 305 - 308 - 310 - 312 - 314 - 316 - 317 - 319 - 321 - 322 - 325 - 327 - 328 - 331 - 333 - 334 - 337 - 339 - 340 - 342 - 343 - 344 - 345 - 351 - 353 - 359 - 362 - 364 - 366 - 373 - 374 - 378 - 380 - 383 - 385 - 386 - 390 - 392 - 393 - 394 - 396 - 397 - 399 - 402 - 403 - 408 - 409 - 411 - 413 - 414 - 415 - 416 - 417 - 420 - 423 - 424 - 427 - 429 - 434 - 437 - 438 - 440 - 449 - 451 - 452 - 456 - 458 - 459 - 461 - 462 - 463 - 464 - 465 - 466 - 469 - 471 - 473 - 477 - 478 - 481 - 486 - 488,255674.2,7.2,93343,77345,91.18,Cost: 93343 & Capacity: 77345
3 - 4 - 7 - 8 - 10 - 11 - 12 - 13 - 14 - 17 - 19 - 21 - 23 - 24 - 25 - 26 - 28 - 29 - 31 - 40 - 42 - 43 - 48 - 49 - 51 - 52 - 53 - 55 - 57 - 59 - 61 - 62 - 64 - 65 - 66 - 67 - 68 - 72 - 75 - 77 - 78 - 79 - 80 - 81 - 82 - 84 - 85 - 86 - 87 - 88 - 93 - 94 - 98 - 99 - 100 - 101 - 102 - 104 - 105 - 107 - 113 - 114 - 115 - 116 - 117 - 118 - 123 - 124 - 125 - 126 - 127 - 128 - 131 - 132 - 133 - 134 - 135 - 137 - 139 - 141 - 143 - 148 - 149 - 150 - 153 - 155 - 156 - 157 - 160 - 161 - 163 - 164 - 165 - 167 - 168 - 169 - 171 - 172 - 173 - 174 - 175 - 181 - 182 - 183 - 184 - 185 - 190 - 191 - 193 - 194 - 195 - 196 - 197 - 199 - 201 - 202 - 204 - 205 - 207 - 208 - 211 - 215 - 216 - 219 - 220 - 221 - 222 - 223 - 225 - 226 - 230 - 231 - 235 - 239 - 241 - 242 - 243 - 244 - 245 - 246 - 249 - 250 - 251 - 253 - 255 - 256 - 260 - 262 - 263 - 267 - 268 - 269 - 270 - 273 - 277 - 278 - 279 - 280 - 281 - 282 - 284 - 285 - 286 - 288 - 289 - 290 - 291 - 293 - 294 - 295 - 296 - 298 - 299 - 300 - 302 - 303 - 304 - 305 - 309 - 312 - 313 - 314 - 315 - 316 - 317 - 318 - 320 - 321 - 322 - 325 - 327 - 331 - 333 - 334 - 335 - 337 - 338 - 339 - 340 - 342 - 343 - 344 - 345 - 346 - 350 - 351 - 352 - 353 - 358 - 359 - 360 - 362 - 366 - 368 - 371 - 373 - 374 - 377 - 378 - 380 - 381 - 382 - 383 - 385 - 386 - 387 - 388 - 390 - 392 - 393 - 394 - 396 - 397 - 399 - 400 - 401 - 402 - 403 - 410 - 413 - 414 - 415 - 417 - 421 - 422 - 423 - 424 - 425 - 426 - 428 - 429 - 432 - 433 - 434 - 435 - 437 - 438 - 440 - 443 - 447 - 448 - 449 - 451 - 452 - 453 - 454 - 455 - 457 - 458 - 460 - 461 - 462 - 463 - 464 - 465 - 469 - 470 - 471 - 474 - 476 - 477 - 479 - 480 - 481 - 482 - 483 - 485 - 488 - 489 - 490 - 491 - 492 - 493 - 494 - 495 - 496 - 497,572679.6,3.9,93347,91720,91.56,Cost: 93347 & Capacity: 91720
3 - 4 - 7 - 8 - 10 - 11 - 12 - 13 - 14 - 17 - 19 - 21 - 23 - 24 - 25 - 26 - 27 - 28 - 29 - 31 - 40 - 42 - 43 - 48 - 49 - 51 - 52 - 53 - 55 - 57 - 59 - 61 - 62 - 64 - 65 - 66 - 67 - 68 - 72 - 75 - 77 - 78 - 79 - 80 - 81 - 84 - 85 - 86 - 87 - 88 - 90 - 93 - 94 - 98 - 99 - 100 - 101 - 102 - 104 - 105 - 113 - 114 - 115 - 116 - 117 - 118 - 123 - 124 - 125 - 126 - 127 - 128 - 131 - 132 - 133 - 134 - 135 - 137 - 139 - 141 - 143 - 147 - 148 - 149 - 150 - 153 - 155 - 156 - 157 - 160 - 161 - 163 - 164 - 165 - 167 - 168 - 169 - 171 - 172 - 173 - 174 - 175 - 180 - 181 - 182 - 183 - 184 - 185 - 190 - 191 - 193 - 194 - 195 - 196 - 197 - 199 - 201 - 202 - 204 - 205 - 207 - 208 - 211 - 215 - 216 - 219 - 220 - 221 - 222 - 223 - 225 - 226 - 230 - 231 - 235 - 239 - 241 - 242 - 243 - 244 - 245 - 246 - 249 - 250 - 251 - 253 - 255 - 256 - 260 - 262 - 263 - 267 - 268 - 269 - 270 - 273 - 277 - 278 - 279 - 281 - 282 - 284 - 285 - 286 - 288 - 289 - 290 - 291 - 293 - 295 - 296 - 298 - 299 - 300 - 302 - 303 - 304 - 305 - 312 - 313 - 314 - 315 - 316 - 317 - 318 - 320 - 321 - 322 - 325 - 327 - 328 - 331 - 333 - 334 - 335 - 337 - 338 - 340 - 342 - 343 - 344 - 345 - 346 - 350 - 351 - 352 - 353 - 358 - 359 - 360 - 361 - 362 - 365 - 366 - 368 - 371 - 373 - 374 - 377 - 378 - 380 - 381 - 383 - 385 - 386 - 387 - 388 - 390 - 392 - 393 - 394 - 396 - 397 - 399 - 400 - 401 - 402 - 403 - 410 - 413 - 414 - 415 - 417 - 421 - 422 - 423 - 424 - 425 - 426 - 428 - 429 - 432 - 433 - 434 - 435 - 437 - 438 - 440 - 443 - 447 - 448 - 449 - 451 - 452 - 453 - 454 - 455 - 457 - 458 - 460 - 462 - 464 - 465 - 469 - 471 - 474 - 476 - 477 - 479 - 481 - 482 - 483 - 485 - 488 - 489 - 490 - 491 - 492 - 493 - 494 - 495 - 496 - 497,557428.3,4.6,93359,92063,95.05,Cost: 93359 & Capacity: 92063
3 - 4 - 7 - 8 - 10 - 11 - 12 - 13 - 14 - 17 - 19 - 21 - 23 - 24 - 25 - 26 - 28 - 29 - 31 - 40 - 42 - 43 - 48 - 49 - 51 - 52 - 53 - 55 - 57 - 59 - 61 - 62 - 64 - 65 - 66 - 67 - 68 - 72 - 75 - 77 - 78 - 79 - 80 - 81 - 82 - 84 - 85 - 86 - 87 - 88 - 93 - 94 - 98 - 99 - 100 - 101 - 102 - 104 - 105 - 107 - 113 - 114 - 115 - 116 - 117 - 118 - 123 - 124 - 125 - 126 - 127 - 128 - 131 - 132 - 133 - 134 - 135 - 137 - 139 - 141 - 143 - 148 - 149 - 150 - 153 - 155 - 156 - 157 - 160 - 161 - 163 - 164 - 165 - 167 - 168 - 169 - 171 - 172 - 173 - 174 - 175 - 181 - 182 - 183 - 184 - 185 - 190 - 191 - 193 - 194 - 195 - 196 - 197 - 199 - 201 - 202 - 204 - 205 - 207 - 208 - 211 - 215 - 216 - 219 - 220 - 221 - 222 - 223 - 225 - 226 - 230 - 231 - 235 - 239 - 241 - 242 - 243 - 244 - 245 - 246 - 249 - 250 - 251 - 253 - 255 - 256 - 260 - 262 - 263 - 267 - 268 - 269 - 270 - 273 - 277 - 278 - 279 - 280 - 281 - 282 - 284 - 285 - 286 - 288 - 289 - 290 - 291 - 293 - 294 - 295 - 296 - 298 - 299 - 300 - 302 - 303 - 304 - 305 - 309 - 312 - 313 - 314 - 315 - 316 - 317 - 318 - 320 - 321 - 322 - 325 - 327 - 331 - 333 - 334 - 335 - 337 - 338 - 339 - 340 - 342 - 343 - 344 - 345 - 346 - 350 - 351 - 352 - 353 - 358 - 359 - 360 - 362 - 366 - 368 - 371 - 373 - 374 - 377 - 378 - 380 - 381 - 382 - 383 - 385 - 386 - 387 - 388 - 390 - 392 - 393 - 394 - 396 - 397 - 399 - 400 - 401 - 402 - 403 - 410 - 413 - 414 - 415 - 417 - 421 - 422 - 423 - 424 - 425 - 426 - 428 - 429 - 432 - 433 - 434 - 435 - 437 - 438 - 440 - 443 - 447 - 448 - 449 - 451 - 452 - 453 - 454 - 455 - 457 - 458 - 460 - 461 - 462 - 463 - 464 - 465 - 469 - 470 - 471 - 474 - 476 - 477 - 479 - 480 - 481 - 482 - 483 - 485 - 488 - 489 - 490 - 491 - 492 - 493 - 494 - 495 - 496 - 497,572679.6,3.9,93347,91720,98.62,Cost: 93347 & Capacity: 91720
4 - 6 - 7 - 10 - 11 - 12 - 13 - 20 - 21 - 24 - 25 - 26 - 28 - 31 - 34 - 39 - 40 - 43 - 48 - 49 - 50 - 52 - 55 - 57 - 59 - 61 - 62 - 64 - 65 - 66 - 67 - 68 - 72 - 75 - 77 - 78 - 80 - 85 - 86 - 87 - 88 - 90 - 93 - 94 - 96 - 98 - 99 - 100 - 102 - 103 - 104 - 105 - 108 - 112 - 113 - 114 - 116 - 117 - 118 - 123 - 125 - 131 - 132 - 133 - 137 - 139 - 141 - 143 - 150 - 153 - 155 - 156 - 161 - 162 - 164 - 165 - 167 - 168 - 169 - 172 - 173 - 174 - 176 - 177 - 180 - 181 - 182 - 183 - 184 - 185 - 186 - 190 - 191 - 193 - 194 - 195 - 196 - 197 - 199 - 202 - 204 - 205 - 207 - 208 - 211 - 215 - 216 - 219 - 220 - 222 - 229 - 231 - 233 - 235 - 236 - 238 - 239 - 242 - 243 - 244 - 247 - 249 - 250 - 253 - 255 - 256 - 259 - 260 - 261 - 262 - 263 - 267 - 268 - 269 - 270 - 277 - 278 - 282 - 284 - 286 - 288 - 289 - 295 - 298 - 300 - 301 - 302 - 303 - 304 - 305 - 308 - 312 - 314 - 315 - 316 - 317 - 318 - 321 - 322 - 325 - 327 - 328 - 331 - 333 - 334 - 335 - 337 - 338 - 340 - 342 - 343 - 344 - 345 - 346 - 350 - 351 - 352 - 353 - 358 - 359 - 360 - 362 - 365 - 366 - 371 - 373 - 374 - 376 - 378 - 380 - 381 - 383 - 384 - 385 - 386 - 387 - 390 - 392 - 393 - 394 - 396 - 397 - 399 - 400 - 401 - 402 - 403 - 410 - 411 - 413 - 415 - 417 - 421 - 424 - 427 - 428 - 429 - 431 - 432 - 433 - 434 - 435 - 437 - 438 - 440 - 445 - 449 - 452 - 453 - 455 - 456 - 457 - 458 - 460 - 461 - 464 - 465 - 466 - 468 - 469 - 471 - 473 - 474 - 475 - 477 - 478 - 479 - 481 - 482 - 488 - 489 - 490 - 491 - 493 - 494 - 496,436090.1,6.2,93352,88586,104.08,Cost: 93352 & Capacity: 88586
3 - 4 - 7 - 8 - 10 - 11 - 12 - 13 - 14 - 17 - 19 - 21 - 23 - 24 - 25 - 26 - 28 - 29 - 31 - 40 - 42 - 43 - 48 - 49 - 51 - 52 - 53 - 55 - 57 - 59 - 61 - 62 - 64 - 65 - 66 - 67 - 68 - 72 - 75 - 77 - 78 - 79 - 80 - 81 - 82 - 84 - 85 - 86 - 87 - 88 - 93 - 94 - 98 - 99 - 100 - 101 - 102 - 104 - 105 - 107 - 113 - 114 - 115 - 116 - 117 - 118 - 123 - 124 - 125 - 126 - 127 - 128 - 131 - 132 - 133 - 134 - 135 - 137 - 139 - 141 - 143 - 148 - 149 - 150 - 153 - 155 - 156 - 157 - 160 - 161 - 163 - 164 - 165 - 167 - 168 - 169 - 171 - 172 - 173 - 174 - 175 - 181 - 182 - 183 - 184 - 185 - 190 - 191 - 193 - 194 - 195 - 196 - 197 - 199 - 201 - 202 - 204 - 205 - 207 - 208 - 211 - 215 - 216 - 219 - 220 - 221 - 222 - 223 - 225 - 226 - 230 - 231 - 235 - 239 - 241 - 242 - 243 - 244 - 245 - 246 - 249 - 250 - 251 - 253 - 255 - 256 - 260 - 262 - 263 - 267 - 268 - 269 - 270 - 273 - 277 - 278 - 279 - 280 - 281 - 282 - 284 - 285 - 286 - 288 - 289 - 290 - 291 - 293 - 294 - 295 - 296 - 298 - 299 - 300 - 302 - 303 - 304 - 305 - 309 - 312 - 313 - 314 - 315 - 316 - 317 - 318 - 320 - 321 - 322 - 325 - 327 - 331 - 333 - 334 - 335 - 337 - 338 - 339 - 340 - 342 - 343 - 344 - 345 - 346 - 350 - 351 - 352 - 353 - 358 - 359 - 360 - 362 - 366 - 368 - 371 - 373 - 374 - 377 - 378 - 380 - 381 - 382 - 383 - 385 - 386 - 387 - 388 - 390 - 392 - 393 - 394 - 396 - 397 - 399 - 400 - 401 - 402 - 403 - 410 - 413 - 414 - 415 - 417 - 421 - 422 - 423 - 424 - 425 - 426 - 428 - 429 - 432 - 433 - 434 - 435 - 437 - 438 - 440 - 443 - 447 - 448 - 449 - 451 - 452 - 453 - 454 - 455 - 457 - 458 - 460 - 461 - 462 - 463 - 464 - 465 - 469 - 470 - 471 - 474 - 476 - 477 - 479 - 480 - 481 - 482 - 483 - 485 - 488 - 489 - 490 - 491 - 492 - 493 - 494 - 495 - 496 - 497,572679.6,3.9,93347,91720,104.35,Cost: 93347 & Capacity: 91720
0 - 3 - 6 - 7 - 14 - 28 - 32 - 37 - 40 - 47 - 59 - 61 - 66 - 73 - 77 - 79 - 85 - 89 - 93 - 101 - 106 - 108 - 112 - 118 - 119 - 129 - 133 - 135 - 137 - 138 - 139 - 140 - 143 - 146 - 149 - 156 - 159 - 162 - 164 - 167 - 170 - 171 - 172 - 173 - 174 - 176 - 180 - 183 - 184 - 191 - 194 - 196 - 202 - 206 - 208 - 209 - 219 - 220 - 226 - 228 - 231 - 232 - 234 - 238 - 242 - 249 - 264 - 267 - 271 - 273 - 282 - 284 - 295 - 297 - 298 - 300 - 303 - 308 - 312 - 317 - 321 - 328 - 333 - 334 - 336 - 337 - 338 - 350 - 351 - 353 - 358 - 362 - 367 - 374 - 377 - 385 - 386 - 394 - 396 - 399 - 400 - 402 - 403 - 411 - 413 - 417 - 432 - 433 - 437 - 440 - 445 - 449 - 458 - 461 - 463 - 464 - 466 - 471 - 474 - 477 - 478 - 481 - 483 - 489,108998.2,8.2,65775,51299,105.25,Cost: 65775 & Capacity: 51299
3 - 4 - 7 - 8 - 10 - 11 - 12 - 13 - 14 - 17 - 19 - 21 - 23 - 24 - 25 - 26 - 28 - 29 - 31 - 40 - 42 - 43 - 48 - 49 - 51 - 52 - 53 - 55 - 57 - 59 - 61 - 62 - 64 - 65 - 66 - 67 - 68 - 72 - 75 - 77 - 78 - 79 - 80 - 81 - 82 - 84 - 85 - 86 - 87 - 88 - 93 - 94 - 98 - 99 - 100 - 101 - 102 - 104 - 105 - 107 - 113 - 114 - 115 - 116 - 117 - 118 - 123 - 124 - 125 - 126 - 127 - 128 - 131 - 132 - 133 - 134 - 135 - 137 - 139 - 141 - 143 - 148 - 149 - 150 - 153 - 155 - 156 - 157 - 160 - 161 - 163 - 164 - 165 - 167 - 168 - 169 - 171 - 172 - 173 - 174 - 175 - 181 - 182 - 183 - 184 - 185 - 190 - 191 - 193 - 194 - 195 - 196 - 197 - 199 - 201 - 202 - 204 - 205 - 207 - 208 - 211 - 215 - 216 - 219 - 220 - 221 - 222 - 223 - 225 - 226 - 230 - 231 - 235 - 239 - 241 - 242 - 243 - 244 - 245 - 246 - 249 - 250 - 251 - 253 - 255 - 256 - 260 - 262 - 263 - 267 - 268 - 269 - 270 - 273 - 277 - 278 - 279 - 280 - 281 - 282 - 284 - 285 - 286 - 288 - 289 - 290 - 291 - 293 - 294 - 295 - 296 - 298 - 299 - 300 - 302 - 303 - 304 - 305 - 309 - 312 - 313 - 314 - 315 - 316 - 317 - 318 - 320 - 321 - 322 - 325 - 327 - 331 - 333 - 334 - 335 - 337 - 338 - 339 - 340 - 342 - 343 - 344 - 345 - 346 - 350 - 351 - 352 - 353 - 358 - 359 - 360 - 362 - 366 - 368 - 371 - 373 - 374 - 377 - 378 - 380 - 381 - 382 - 383 - 385 - 386 - 387 - 388 - 390 - 392 - 393 - 394 - 396 - 397 - 399 - 400 - 401 - 402 - 403 - 410 - 413 - 414 - 415 - 417 - 421 - 422 - 423 - 424 - 425 - 426 - 428 - 429 - 432 - 433 - 434 - 435 - 437 - 438 - 440 - 443 - 447 - 448 - 449 - 451 - 452 - 453 - 454 - 455 - 457 - 458 - 460 - 461 - 462 - 463 - 464 - 465 - 469 - 470 - 471 - 474 - 476 - 477 - 479 - 480 - 481 - 482 - 483 - 485 - 488 - 489 - 490 - 491 - 492 - 493 - 494 - 495 - 496 - 497,572679.6,3.9,93347,91720,109.92,Cost: 93347 & Capacity: 91720
3 - 4 - 7 - 8 - 10 - 11 - 12 - 13 - 14 - 17 - 19 - 21 - 23 - 24 - 25 - 26 - 28 - 29 - 31 - 40 - 42 - 43 - 48 - 49 - 51 - 52 - 53 - 55 - 57 - 59 - 61 - 62 - 64 - 65 - 66 - 67 - 68 - 72 - 75 - 77 - 78 - 79 - 80 - 81 - 82 - 84 - 85 - 86 - 87 - 88 - 93 - 94 - 98 - 99 - 100 - 101 - 102 - 104 - 105 - 107 - 113 - 114 - 115 - 116 - 117 - 118 - 123 - 124 - 125 - 126 - 127 - 128 - 131 - 132 - 133 - 134 - 135 - 137 - 139 - 141 - 143 - 148 - 149 - 150 - 153 - 155 - 156 - 157 - 160 - 161 - 163 - 164 - 165 - 167 - 168 - 169 - 171 - 172 - 173 - 174 - 175 - 181 - 182 - 183 - 184 - 185 - 190 - 191 - 193 - 194 - 195 - 196 - 197 - 199 - 201 - 202 - 204 - 205 - 207 - 208 - 211 - 215 - 216 - 219 - 220 - 221 - 222 - 223 - 225 - 226 - 230 - 231 - 235 - 239 - 241 - 242 - 243 - 244 - 245 - 246 - 249 - 250 - 251 - 253 - 255 - 256 - 260 - 262 - 263 - 267 - 268 - 269 - 270 - 273 - 277 - 278 - 279 - 280 - 281 - 282 - 284 - 285 - 286 - 288 - 289 - 290 - 291 - 293 - 294 - 295 - 296 - 298 - 299 - 300 - 302 - 303 - 304 - 305 - 309 - 312 - 313 - 314 - 315 - 316 - 317 - 318 - 320 - 321 - 322 - 325 - 327 - 331 - 333 - 334 - 335 - 337 - 338 - 339 - 340 - 342 - 343 - 344 - 345 - 346 - 350 - 351 - 352 - 353 - 358 - 359 - 360 - 362 - 366 - 368 - 371 - 373 - 374 - 377 - 378 - 380 - 381 - 382 - 383 - 385 - 386 - 387 - 388 - 390 - 392 - 393 - 394 - 396 - 397 - 399 - 400 - 401 - 402 - 403 - 410 - 413 - 414 - 415 - 417 - 421 - 422 - 423 - 424 - 425 - 426 - 428 - 429 - 432 - 433 - 434 - 435 - 437 - 438 - 440 - 443 - 447 - 448 - 449 - 451 - 452 - 453 - 454 - 455 - 457 - 458 - 460 - 461 - 462 - 463 - 464 - 465 - 469 - 470 - 471 - 474 - 476 - 477 - 479 - 480 - 481 - 482 - 483 - 485 - 488 - 489 - 490 - 491 - 492 - 493 - 494 - 495 - 496 - 497,572679.6,3.9,93347,91720,111.82,Cost: 93347 & Capacity: 91720
3 - 4 - 7 - 8 - 10 - 11 - 12 - 13 - 14 - 17 - 19 - 21 - 23 - 24 - 25 - 26 - 28 - 29 - 31 - 40 - 42 - 43 - 48 - 49 - 51 - 52 - 53 - 55 - 57 - 59 - 61 - 62 - 64 - 65 - 66 - 67 - 68 - 72 - 75 - 77 - 78 - 79 - 80 - 81 - 82 - 84 - 85 - 86 - 87 - 88 - 93 - 94 - 98 - 99 - 100 - 101 - 102 - 104 - 105 - 113 - 114 - 115 - 116 - 117 - 118 - 123 - 124 - 125 - 126 - 127 - 128 - 131 - 132 - 133 - 134 - 135 - 137 - 139 - 141 - 143 - 147 - 148 - 149 - 150 - 153 - 155 - 156 - 157 - 160 - 161 - 163 - 164 - 165 - 167 - 168 - 169 - 171 - 172 - 173 - 174 - 175 - 180 - 181 - 182 - 183 - 184 - 185 - 190 - 191 - 193 - 194 - 195 - 196 - 197 - 199 - 201 - 202 - 204 - 205 - 207 - 208 - 211 - 215 - 216 - 219 - 220 - 221 - 222 - 223 - 225 - 226 - 230 - 231 - 235 - 239 - 241 - 242 - 243 - 244 - 245 - 246 - 249 - 250 - 251 - 253 - 255 - 256 - 258 - 260 - 262 - 263 - 267 - 268 - 269 - 270 - 273 - 277 - 278 - 279 - 280 - 281 - 282 - 284 - 285 - 286 - 288 - 289 - 290 - 291 - 293 - 294 - 295 - 296 - 298 - 299 - 300 - 302 - 303 - 304 - 305 - 309 - 312 - 313 - 314 - 315 - 316 - 317 - 318 - 321 - 322 - 325 - 327 - 331 - 333 - 334 - 335 - 337 - 338 - 340 - 342 - 343 - 344 - 345 - 346 - 350 - 351 - 352 - 353 - 358 - 359 - 360 - 362 - 366 - 368 - 371 - 373 - 374 - 377 - 378 - 380 - 381 - 383 - 385 - 386 - 387 - 388 - 390 - 392 - 393 - 394 - 396 - 397 - 399 - 400 - 401 - 402 - 403 - 410 - 413 - 414 - 415 - 417 - 421 - 422 - 423 - 424 - 425 - 426 - 428 - 429 - 432 - 433 - 434 - 435 - 437 - 438 - 440 - 441 - 443 - 447 - 448 - 449 - 451 - 452 - 453 - 454 - 455 - 457 - 458 - 460 - 461 - 462 - 463 - 464 - 465 - 469 - 470 - 471 - 474 - 476 - 477 - 479 - 480 - 481 - 482 - 483 - 485 - 488 - 489 - 490 - 491 - 492 - 493 - 494 - 495 - 496 - 497,573820.7,2.7,93344,92137,112.47,Cost: 93344 & Capacity: 92137
3 - 4 - 7 - 8 - 10 - 11 - 12 - 13 - 14 - 17 - 19 - 21 - 23 - 24 - 25 - 26 - 28 - 29 - 31 - 40 - 42 - 43 - 48 - 49 - 51 - 52 - 53 - 55 - 57 - 59 - 61 - 62 - 64 - 65 - 66 - 67 - 68 - 72 - 75 - 77 - 78 - 79 - 80 - 81 - 82 - 84 - 85 - 86 - 87 - 88 - 93 - 94 - 98 - 99 - 100 - 101 - 102 - 104 - 105 - 107 - 113 - 114 - 115 - 116 - 117 - 118 - 123 - 124 - 125 - 126 - 127 - 128 - 131 - 132 - 133 - 134 - 135 - 137 - 139 - 141 - 143 - 148 - 149 - 150 - 153 - 155 - 156 - 157 - 160 - 161 - 163 - 164 - 165 - 167 - 168 - 169 - 171 - 172 - 173 - 174 - 175 - 181 - 182 - 183 - 184 - 185 - 190 - 191 - 193 - 194 - 195 - 196 - 197 - 199 - 201 - 202 - 204 - 205 - 207 - 208 - 211 - 215 - 216 - 219 - 220 - 221 - 222 - 223 - 225 - 226 - 230 - 231 - 235 - 239 - 241 - 242 - 243 - 244 - 245 - 246 - 249 - 250 - 251 - 253 - 255 - 256 - 260 - 262 - 263 - 267 - 268 - 269 - 270 - 273 - 277 - 278 - 279 - 280 - 281 - 282 - 284 - 285 - 286 - 288 - 289 - 290 - 291 - 293 - 294 - 295 - 296 - 298 - 299 - 300 - 302 - 303 - 304 - 305 - 309 - 312 - 313 - 314 - 315 - 316 - 317 - 318 - 320 - 321 - 322 - 325 - 327 - 331 - 333 - 334 - 335 - 337 - 338 - 339 - 340 - 342 - 343 - 344 - 345 - 346 - 350 - 351 - 352 - 353 - 358 - 359 - 360 - 362 - 366 - 368 - 371 - 373 - 374 - 377 - 378 - 380 - 381 - 382 - 383 - 385 - 386 - 387 - 388 - 390 - 392 - 393 - 394 - 396 - 397 - 399 - 400 - 401 - 402 - 403 - 410 - 413 - 414 - 415 - 417 - 421 - 422 - 423 - 424 - 425 - 426 - 428 - 429 - 432 - 433 - 434 - 435 - 437 - 438 - 440 - 443 - 447 - 448 - 449 - 451 - 452 - 453 - 454 - 455 - 457 - 458 - 460 - 461 - 462 - 463 - 464 - 465 - 469 - 470 - 471 - 474 - 476 - 477 - 479 - 480 - 481 - 482 - 483 - 485 - 488 - 489 - 490 - 491 - 492 - 493 - 494 - 495 - 496 - 497,572679.6,3.9,93347,91720,115.41,Cost: 93347 & Capacity: 91720
3 - 4 - 7 - 8 - 10 - 11 - 12 - 13 - 14 - 17 - 19 - 21 - 23 - 24 - 25 - 26 - 28 - 29 - 31 - 40 - 42 - 43 - 48 - 49 - 51 - 52 - 53 - 55 - 57 - 59 - 61 - 62 - 64 - 65 - 66 - 67 - 68 - 72 - 75 - 77 - 78 - 79 - 80 - 81 - 82 - 84 - 85 - 86 - 87 - 88 - 93 - 94 - 98 - 99 - 100 - 101 - 102 - 104 - 105 - 107 - 113 - 114 - 115 - 116 - 117 - 118 - 123 - 124 - 125 - 126 - 127 - 128 - 131 - 132 - 133 - 134 - 135 - 137 - 139 - 141 - 143 - 148 - 149 - 150 - 153 - 155 - 156 - 157 - 160 - 161 - 163 - 164 - 165 - 167 - 168 - 169 - 171 - 172 - 173 - 174 - 175 - 181 - 182 - 183 - 184 - 185 - 190 - 191 - 193 - 194 - 195 - 196 - 197 - 199 - 201 - 202 - 204 - 205 - 207 - 208 - 211 - 215 - 216 - 219 - 220 - 221 - 222 - 223 - 225 - 226 - 230 - 231 - 235 - 239 - 241 - 242 - 243 - 244 - 245 - 246 - 249 - 250 - 251 - 253 - 255 - 256 - 260 - 262 - 263 - 267 - 268 - 269 - 270 - 273 - 277 - 278 - 279 - 280 - 281 - 282 - 284 - 285 - 286 - 288 - 289 - 290 - 291 - 293 - 294 - 295 - 296 - 298 - 299 - 300 - 302 - 303 - 304 - 305 - 309 - 312 - 313 - 314 - 315 - 316 - 317 - 318 - 320 - 321 - 322 - 325 - 327 - 331 - 333 - 334 - 335 - 337 - 338 - 339 - 340 - 342 - 343 - 344 - 345 - 346 - 350 - 351 - 352 - 353 - 358 - 359 - 360 - 362 - 366 - 368 - 371 - 373 - 374 - 377 - 378 - 380 - 381 - 382 - 383 - 385 - 386 - 387 - 388 - 390 - 392 - 393 - 394 - 396 - 397 - 399 - 400 - 401 - 402 - 403 - 410 - 413 - 414 - 415 - 417 - 421 - 422 - 423 - 424 - 425 - 426 - 428 - 429 - 432 - 433 - 434 - 435 - 437 - 438 - 440 - 443 - 447 - 448 - 449 - 451 - 452 - 453 - 454 - 455 - 457 - 458 - 460 - 461 - 462 - 463 - 464 - 465 - 469 - 470 - 471 - 474 - 476 - 477 - 479 - 480 - 481 - 482 - 483 - 485 - 488 - 489 - 490 - 491 - 492 - 493 - 494 - 495 - 496 - 497,572679.6,3.9,93347,91720,116.12,Cost: 93347 & Capacity: 91720
3 - 4 - 7 - 8 - 10 - 11 - 12 - 13 - 14 - 17 - 19 - 21 - 23 - 24 - 25 - 26 - 28 - 29 - 31 - 40 - 42 - 43 - 48 - 49 - 51 - 52 - 53 - 55 - 57 - 59 - 61 - 62 - 64 - 65 - 66 - 67 - 68 - 72 - 75 - 77 - 78 - 79 - 80 - 81 - 82 - 84 - 85 - 86 - 87 - 88 - 93 - 94 - 98 - 99 - 100 - 101 - 102 - 104 - 105 - 107 - 113 - 114 - 115 - 116 - 117 - 118 - 123 - 124 - 125 - 126 - 127 - 128 - 131 - 132 - 133 - 134 - 135 - 137 - 139 - 141 - 143 - 148 - 149 - 150 - 153 - 155 - 156 - 157 - 160 - 161 - 163 - 164 - 165 - 167 - 168 - 169 - 171 - 172 - 173 - 174 - 175 - 181 - 182 - 183 - 184 - 185 - 190 - 191 - 193 - 194 - 195 - 196 - 197 - 199 - 201 - 202 - 204 - 205 - 207 - 208 - 211 - 215 - 216 - 219 - 220 - 221 - 222 - 223 - 225 - 226 - 230 - 231 - 235 - 239 - 241 - 242 - 243 - 244 - 245 - 246 - 249 - 250 - 251 - 253 - 255 - 256 - 260 - 262 - 263 - 267 - 268 - 269 - 270 - 273 - 277 - 278 - 279 - 280 - 281 - 282 - 284 - 285 - 286 - 288 - 289 - 290 - 291 - 293 - 294 - 295 - 296 - 298 - 299 - 300 - 302 - 303 - 304 - 305 - 309 - 312 - 313 - 314 - 315 - 316 - 317 - 318 - 320 - 321 - 322 - 325 - 327 - 331 - 333 - 334 - 335 - 337 - 338 - 339 - 340 - 342 - 343 - 344 - 345 - 346 - 350 - 351 - 352 - 353 - 358 - 359 - 360 - 362 - 366 - 368 - 371 - 373 - 374 - 377 - 378 - 380 - 381 - 382 - 383 - 385 - 386 - 387 - 388 - 390 - 392 - 393 - 394 - 396 - 397 - 399 - 400 - 401 - 402 - 403 - 410 - 413 - 414 - 415 - 417 - 421 - 422 - 423 - 424 - 425 - 426 - 428 - 429 - 432 - 433 - 434 - 435 - 437 - 438 - 440 - 443 - 447 - 448 - 449 - 451 - 452 - 453 - 454 - 455 - 457 - 458 - 460 - 461 - 462 - 463 - 464 - 465 - 469 - 470 - 471 - 474 - 476 - 477 - 479 - 480 - 481 - 482 - 483 - 485 - 488 - 489 - 490 - 491 - 492 - 493 - 494 - 495 - 496 - 497,572679.6,3.9,93347,91720,117.9,Cost: 93347 & Capacity: 91720
3 - 4 - 7 - 8 - 10 - 11 - 12 - 13 - 14 - 17 - 19 - 21 - 23 - 24 - 25 - 26 - 28 - 29 - 31 - 40 - 42 - 43 - 48 - 49 - 51 - 52 - 53 - 55 - 57 - 59 - 61 - 62 - 64 - 65 - 66 - 67 - 68 - 72 - 75 - 77 - 78 - 79 - 80 - 81 - 82 - 84 - 85 - 86 - 87 - 88 - 93 - 94 - 98 - 99 - 100 - 101 - 102 - 104 - 105 - 107 - 113 - 114 - 115 - 116 - 117 - 118 - 123 - 124 - 125 - 126 - 127 - 128 - 131 - 132 - 133 - 134 - 135 - 137 - 139 - 141 - 143 - 148 - 149 - 150 - 153 - 155 - 156 - 157 - 160 - 161 - 163 - 164 - 165 - 167 - 168 - 169 - 171 - 172 - 173 - 174 - 175 - 181 - 182 - 183 - 184 - 185 - 190 - 191 - 193 - 194 - 195 - 196 - 197 - 199 - 201 - 202 - 204 - 205 - 207 - 208 - 211 - 215 - 216 - 219 - 220 - 221 - 222 - 223 - 225 - 226 - 230 - 231 - 235 - 239 - 241 - 242 - 243 - 244 - 245 - 246 - 249 - 250 - 251 - 253 - 255 - 256 - 260 - 262 - 263 - 267 - 268 - 269 - 270 - 273 - 277 - 278 - 279 - 280 - 281 - 282 - 284 - 285 - 286 - 288 - 289 - 290 - 291 - 293 - 294 - 295 - 296 - 298 - 299 - 300 - 302 - 303 - 304 - 305 - 309 - 312 - 313 - 314 - 315 - 316 - 317 - 318 - 320 - 321 - 322 - 325 - 327 - 331 - 333 - 334 - 335 - 337 - 338 - 339 - 340 - 342 - 343 - 344 - 345 - 346 - 350 - 351 - 352 - 353 - 358 - 359 - 360 - 362 - 366 - 368 - 371 - 373 - 374 - 377 - 378 - 380 - 381 - 382 - 383 - 385 - 386 - 387 - 388 - 390 - 392 - 393 - 394 - 396 - 397 - 399 - 400 - 401 - 402 - 403 - 410 - 413 - 414 - 415 - 417 - 421 - 422 - 423 - 424 - 425 - 426 - 428 - 429 - 432 - 433 - 434 - 435 - 437 - 438 - 440 - 443 - 447 - 448 - 449 - 451 - 452 - 453 - 454 - 455 - 457 - 458 - 460 - 461 - 462 - 463 - 464 - 465 - 469 - 470 - 471 - 474 - 476 - 477 - 479 - 480 - 481 - 482 - 483 - 485 - 488 - 489 - 490 - 491 - 492 - 493 - 494 - 495 - 496 - 497,572679.6,3.9,93347,91720,120.11,Cost: 93347 & Capacity: 91720
3 - 4 - 7 - 8 - 10 - 11 - 12 - 13 - 14 - 17 - 19 - 21 - 23 - 24 - 25 - 26 - 28 - 29 - 31 - 40 - 42 - 43 - 48 - 49 - 51 - 52 - 53 - 55 - 57 - 59 - 61 - 62 - 64 - 65 - 66 - 67 - 68 - 72 - 75 - 77 - 78 - 79 - 80 - 81 - 82 - 84 - 85 - 86 - 87 - 88 - 93 - 94 - 98 - 99 - 100 - 101 - 102 - 104 - 105 - 113 - 114 - 115 - 116 - 117 - 118 - 123 - 124 - 125 - 126 - 127 - 128 - 131 - 132 - 133 - 134 - 135 - 137 - 139 - 141 - 143 - 148 - 149 - 150 - 153 - 155 - 156 - 157 - 160 - 161 - 163 - 164 - 165 - 167 - 168 - 169 - 171 - 172 - 173 - 174 - 175 - 180 - 181 - 182 - 183 - 184 - 185 - 190 - 191 - 193 - 194 - 195 - 196 - 197 - 199 - 201 - 202 - 204 - 205 - 207 - 208 - 211 - 215 - 216 - 219 - 220 - 221 - 222 - 223 - 225 - 226 - 230 - 231 - 235 - 239 - 241 - 242 - 243 - 244 - 245 - 246 - 249 - 250 - 251 - 253 - 255 - 256 - 258 - 260 - 262 - 263 - 267 - 268 - 269 - 270 - 273 - 277 - 278 - 279 - 280 - 281 - 282 - 284 - 285 - 286 - 288 - 289 - 290 - 291 - 293 - 294 - 295 - 296 - 298 - 299 - 300 - 302 - 303 - 304 - 305 - 309 - 312 - 313 - 314 - 315 - 316 - 317 - 318 - 320 - 321 - 322 - 325 - 327 - 331 - 333 - 334 - 335 - 337 - 338 - 340 - 342 - 343 - 344 - 345 - 346 - 350 - 351 - 352 - 353 - 358 - 359 - 360 - 362 - 366 - 368 - 371 - 373 - 374 - 377 - 378 - 380 - 381 - 383 - 385 - 386 - 387 - 388 - 390 - 392 - 393 - 394 - 396 - 397 - 399 - 400 - 401 - 402 - 403 - 410 - 413 - 414 - 415 - 417 - 421 - 422 - 423 - 424 - 425 - 426 - 428 - 429 - 432 - 433 - 434 - 435 - 437 - 438 - 440 - 441 - 443 - 447 - 448 - 449 - 451 - 452 - 453 - 454 - 455 - 457 - 458 - 460 - 461 - 462 - 463 - 464 - 465 - 469 - 470 - 471 - 474 - 476 - 477 - 479 - 480 - 481 - 482 - 483 - 485 - 488 - 489 - 490 - 491 - 492 - 493 - 494 - 495 - 496 - 497,573679.4,2.7,93354,91654,120.15,Cost: 93354 & Capacity: 91654
6 - 12 - 26 - 32 - 39 - 41 - 54 - 55 - 62 - 73 - 75 - 77 - 79 - 88 - 108 - 110 - 112 - 119 - 124 - 133 - 139 - 146 - 149 - 156 - 158 - 162 - 164 - 167 - 170 - 172 - 173 - 176 - 180 - 186 - 191 - 204 - 208 - 209 - 211 - 226 - 232 - 233 - 234 - 238 - 249 - 250 - 267 - 271 - 276 - 278 - 293 - 294 - 295 - 298 - 300 - 305 - 306 - 307 - 316 - 321 - 322 - 325 - 329 - 333 - 339 - 345 - 349 - 361 - 362 - 364 - 365 - 380 - 385 - 389 - 396 - 399 - 402 - 411 - 413 - 420 - 427 - 432 - 440 - 444 - 451 - 461 - 463 - 466 - 471 - 472 - 473 - 478 - 483 - 485 - 489 - 493 - 496,67593.4,8.7,61040,51047,122.67,Cost: 61040 & Capacity: 51047
3 - 4 - 7 - 10 - 11 - 12 - 13 - 14 - 19 - 21 - 23 - 24 - 25 - 26 - 27 - 28 - 29 - 31 - 40 - 42 - 43 - 48 - 49 - 51 - 52 - 53 - 55 - 57 - 59 - 61 - 62 - 64 - 65 - 66 - 67 - 68 - 72 - 75 - 77 - 79 - 80 - 81 - 84 - 85 - 86 - 87 - 88 - 90 - 93 - 94 - 98 - 99 - 100 - 101 - 102 - 104 - 105 - 113 - 114 - 115 - 116 - 117 - 118 - 123 - 124 - 125 - 126 - 127 - 128 - 131 - 132 - 133 - 134 - 135 - 137 - 139 - 141 - 143 - 148 - 149 - 150 - 153 - 155 - 156 - 157 - 160 - 161 - 163 - 164 - 165 - 167 - 168 - 169 - 171 - 172 - 173 - 174 - 175 - 180 - 181 - 182 - 183 - 184 - 185 - 190 - 191 - 193 - 194 - 195 - 196 - 197 - 199 - 201 - 202 - 204 - 205 - 207 - 208 - 211 - 215 - 216 - 219 - 220 - 221 - 222 - 223 - 225 - 226 - 230 - 231 - 235 - 239 - 241 - 242 - 243 - 244 - 245 - 246 - 249 - 250 - 251 - 253 - 255 - 256 - 260 - 262 - 263 - 267 - 268 - 269 - 270 - 273 - 277 - 278 - 279 - 281 - 282 - 284 - 285 - 286 - 288 - 289 - 290 - 291 - 293 - 295 - 296 - 298 - 299 - 300 - 302 - 303 - 304 - 305 - 308 - 312 - 314 - 315 - 316 - 317 - 318 - 320 - 321 - 322 - 325 - 327 - 328 - 331 - 333 - 334 - 335 - 337 - 338 - 340 - 342 - 343 - 344 - 345 - 346 - 350 - 351 - 352 - 353 - 358 - 359 - 360 - 361 - 362 - 365 - 366 - 368 - 371 - 373 - 374 - 377 - 378 - 380 - 381 - 383 - 385 - 386 - 387 - 388 - 390 - 392 - 393 - 394 - 396 - 397 - 399 - 400 - 401 - 402 - 403 - 405 - 410 - 413 - 414 - 415 - 417 - 421 - 422 - 423 - 424 - 425 - 426 - 428 - 429 - 432 - 433 - 434 - 435 - 437 - 438 - 440 - 443 - 445 - 447 - 448 - 449 - 451 - 452 - 453 - 454 - 455 - 457 - 458 - 460 - 461 - 462 - 464 - 465 - 469 - 471 - 474 - 476 - 477 - 479 - 481 - 482 - 483 - 485 - 488 - 489 - 490 - 491 - 492 - 493 - 494 - 495 - 496 - 497,555691.5,4.7,93347,91895,122.85,Cost: 93347 & Capacity: 91895
3 - 4 - 7 - 8 - 10 - 11 - 12 - 13 - 14 - 17 - 19 - 21 - 23 - 24 - 25 - 26 - 28 - 29 - 31 - 40 - 42 - 43 - 48 - 49 - 51 - 52 - 53 - 55 - 57 - 59 - 61 - 62 - 64 - 65 - 66 - 67 - 68 - 72 - 75 - 77 - 78 - 79 - 80 - 81 - 82 - 84 - 85 - 86 - 87 - 88 - 93 - 94 - 98 - 99 - 100 - 101 - 102 - 104 - 105 - 107 - 113 - 114 - 115 - 116 - 117 - 118 - 123 - 124 - 125 - 126 - 127 - 128 - 131 - 132 - 133 - 134 - 135 - 137 - 139 - 141 - 143 - 148 - 149 - 150 - 153 - 155 - 156 - 157 - 160 - 161 - 163 - 164 - 165 - 167 - 168 - 169 - 171 - 172 - 173 - 174 - 175 - 181 - 182 - 183 - 184 - 185 - 190 - 191 - 193 - 194 - 195 - 196 - 197 - 199 - 201 - 202 - 204 - 205 - 207 - 208 - 211 - 215 - 216 - 219 - 220 - 221 - 222 - 223 - 225 - 226 - 230 - 231 - 235 - 239 - 241 - 242 - 243 - 244 - 245 - 246 - 249 - 250 - 251 - 253 - 255 - 256 - 260 - 262 - 263 - 267 - 268 - 269 - 270 - 273 - 277 - 278 - 279 - 280 - 281 - 282 - 284 - 285 - 286 - 288 - 289 - 290 - 291 - 293 - 294 - 295 - 296 - 298 - 299 - 300 - 302 - 303 - 304 - 305 - 309 - 312 - 313 - 314 - 315 - 316 - 317 - 318 - 320 - 321 - 322 - 325 - 327 - 331 - 333 - 334 - 335 - 337 - 338 - 339 - 340 - 342 - 343 - 344 - 345 - 346 - 350 - 351 - 352 - 353 - 358 - 359 - 360 - 362 - 366 - 368 - 371 - 373 - 374 - 377 - 378 - 380 - 381 - 382 - 383 - 385 - 386 - 387 - 388 - 390 - 392 - 393 - 394 - 396 - 397 - 399 - 400 - 401 - 402 - 403 - 410 - 413 - 414 - 415 - 417 - 421 - 422 - 423 - 424 - 425 - 426 - 428 - 429 - 432 - 433 - 434 - 435 - 437 - 438 - 440 - 443 - 447 - 448 - 449 - 451 - 452 - 453 - 454 - 455 - 457 - 458 - 460 - 461 - 462 - 463 - 464 - 465 - 469 - 470 - 471 - 474 - 476 - 477 - 479 - 480 - 481 - 482 - 483 - 485 - 488 - 489 - 490 - 491 - 492 - 493 - 494 - 495 - 496 - 497,572679.6,3.9,93347,91720,123.01,Cost: 93347 & Capacity: 91720
3 - 4 - 6 - 10 - 12 - 13 - 17 - 21 - 24 - 25 - 26 - 28 - 31 - 33 - 39 - 40 - 43 - 48 - 50 - 55 - 57 - 59 - 61 - 62 - 63 - 64 - 65 - 66 - 68 - 72 - 75 - 77 - 78 - 80 - 84 - 85 - 90 - 93 - 98 - 100 - 102 - 103 - 104 - 108 - 110 - 111 - 112 - 113 - 116 - 117 - 123 - 125 - 128 - 131 - 132 - 134 - 137 - 138 - 139 - 141 - 143 - 146 - 150 - 151 - 153 - 155 - 156 - 158 - 162 - 164 - 167 - 168 - 169 - 172 - 173 - 174 - 176 - 177 - 180 - 182 - 184 - 185 - 186 - 190 - 191 - 193 - 194 - 196 - 197 - 198 - 204 - 207 - 208 - 215 - 216 - 219 - 220 - 222 - 227 - 231 - 232 - 234 - 235 - 237 - 238 - 239 - 242 - 244 - 247 - 249 - 254 - 255 - 260 - 261 - 263 - 267 - 268 - 269 - 270 - 276 - 278 - 282 - 289 - 295 - 298 - 299 - 300 - 304 - 305 - 308 - 312 - 316 - 321 - 322 - 325 - 327 - 328 - 331 - 332 - 333 - 334 - 337 - 338 - 340 - 342 - 343 - 344 - 345 - 350 - 351 - 353 - 358 - 362 - 364 - 365 - 366 - 372 - 373 - 374 - 378 - 381 - 385 - 386 - 390 - 392 - 393 - 396 - 397 - 399 - 402 - 403 - 408 - 410 - 411 - 415 - 416 - 417 - 421 - 424 - 427 - 428 - 429 - 430 - 432 - 433 - 434 - 437 - 438 - 440 - 445 - 448 - 449 - 451 - 452 - 453 - 454 - 456 - 457 - 458 - 461 - 464 - 465 - 466 - 467 - 469 - 471 - 473 - 475 - 477 - 478 - 479 - 481 - 482 - 487 - 488 - 489 - 490 - 496,322878.3,6.8,93269,81251,127.72,Cost: 93269 & Capacity: 81251
3 - 4 - 7 - 8 - 10 - 11 - 12 - 13 - 14 - 17 - 19 - 21 - 23 - 24 - 25 - 26 - 28 - 29 - 31 - 40 - 42 - 43 - 48 - 49 - 51 - 52 - 53 - 55 - 57 - 59 - 61 - 62 - 64 - 65 - 66 - 67 - 68 - 72 - 75 - 77 - 78 - 79 - 80 - 81 - 82 - 84 - 85 - 86 - 87 - 88 - 93 - 94 - 98 - 99 - 100 - 101 - 102 - 104 - 105 - 107 - 113 - 114 - 115 - 116 - 117 - 118 - 123 - 124 - 125 - 126 - 127 - 128 - 131 - 132 - 133 - 134 - 135 - 137 - 139 - 141 - 143 - 148 - 149 - 150 - 153 - 155 - 156 - 157 - 160 - 161 - 163 - 164 - 165 - 167 - 168 - 169 - 171 - 172 - 173 - 174 - 175 - 181 - 182 - 183 - 184 - 185 - 190 - 191 - 193 - 194 - 195 - 196 - 197 - 199 - 201 - 202 - 204 - 205 - 207 - 208 - 211 - 215 - 216 - 219 - 220 - 221 - 222 - 223 - 225 - 226 - 230 - 231 - 235 - 239 - 241 - 242 - 243 - 244 - 245 - 246 - 249 - 250 - 251 - 253 - 255 - 256 - 260 - 262 - 263 - 267 - 268 - 269 - 270 - 273 - 277 - 278 - 279 - 280 - 281 - 282 - 284 - 285 - 286 - 288 - 289 - 290 - 291 - 293 - 294 - 295 - 296 - 298 - 299 - 300 - 302 - 303 - 304 - 305 - 309 - 312 - 313 - 314 - 315 - 316 - 317 - 318 - 320 - 321 - 322 - 325 - 327 - 331 - 333 - 334 - 335 - 337 - 338 - 339 - 340 - 342 - 343 - 344 - 345 - 346 - 350 - 351 - 352 - 353 - 358 - 359 - 360 - 362 - 366 - 368 - 371 - 373 - 374 - 377 - 378 - 380 - 381 - 382 - 383 - 385 - 386 - 387 - 388 - 390 - 392 - 393 - 394 - 396 - 397 - 399 - 400 - 401 - 402 - 403 - 410 - 413 - 414 - 415 - 417 - 421 - 422 - 423 - 424 - 425 - 426 - 428 - 429 - 432 - 433 - 434 - 435 - 437 - 438 - 440 - 443 - 447 - 448 - 449 - 451 - 452 - 453 - 454 - 455 - 457 - 458 - 460 - 461 - 462 - 463 - 464 - 465 - 469 - 470 - 471 - 474 - 476 - 477 - 479 - 480 - 481 - 482 - 483 - 485 - 488 - 489 - 490 - 491 - 492 - 493 - 494 - 495 - 496 - 497,572679.6,3.9,93347,91720,130.82,Cost: 93347 & Capacity: 91720
3 - 4 - 7 - 8 - 10 - 11 - 12 - 13 - 14 - 17 - 19 - 21 - 23 - 24 - 25 - 26 - 28 - 29 - 31 - 40 - 42 - 43 - 48 - 49 - 51 - 52 - 53 - 55 - 57 - 59 - 61 - 62 - 64 - 65 - 66 - 67 - 68 - 72 - 75 - 77 - 78 - 79 - 80 - 81 - 82 - 84 - 85 - 86 - 87 - 88 - 93 - 94 - 98 - 99 - 100 - 101 - 102 - 104 - 105 - 107 - 113 - 114 - 115 - 116 - 117 - 118 - 123 - 124 - 125 - 126 - 127 - 128 - 131 - 132 - 133 - 134 - 135 - 137 - 139 - 141 - 143 - 148 - 149 - 150 - 153 - 155 - 156 - 157 - 160 - 161 - 163 - 164 - 165 - 167 - 168 - 169 - 171 - 172 - 173 - 174 - 175 - 181 - 182 - 183 - 184 - 185 - 190 - 191 - 193 - 194 - 195 - 196 - 197 - 199 - 201 - 202 - 204 - 205 - 207 - 208 - 211 - 215 - 216 - 219 - 220 - 221 - 222 - 223 - 225 - 226 - 230 - 231 - 235 - 239 - 241 - 242 - 243 - 244 - 245 - 246 - 249 - 250 - 251 - 253 - 255 - 256 - 260 - 262 - 263 - 267 - 268 - 269 - 270 - 273 - 277 - 278 - 279 - 280 - 281 - 282 - 284 - 285 - 286 - 288 - 289 - 290 - 291 - 293 - 294 - 295 - 296 - 298 - 299 - 300 - 302 - 303 - 304 - 305 - 309 - 312 - 313 - 314 - 315 - 316 - 317 - 318 - 320 - 321 - 322 - 325 - 327 - 331 - 333 - 334 - 335 - 337 - 338 - 339 - 340 - 342 - 343 - 344 - 345 - 346 - 350 - 351 - 352 - 353 - 358 - 359 - 360 - 362 - 366 - 368 - 371 - 373 - 374 - 377 - 378 - 380 - 381 - 382 - 383 - 385 - 386 - 387 - 388 - 390 - 392 - 393 - 394 - 396 - 397 - 399 - 400 - 401 - 402 - 403 - 410 - 413 - 414 - 415 - 417 - 421 - 422 - 423 - 424 - 425 - 426 - 428 - 429 - 432 - 433 - 434 - 435 - 437 - 438 - 440 - 443 - 447 - 448 - 449 - 451 - 452 - 453 - 454 - 455 - 457 - 458 - 460 - 461 - 462 - 463 - 464 - 465 - 469 - 470 - 471 - 474 - 476 - 477 - 479 - 480 - 481 - 482 - 483 - 485 - 488 - 489 - 490 - 491 - 492 - 493 - 494 - 495 - 496 - 497,572679.6,3.9,93347,91720,133.72,Cost: 93347 & Capacity: 91720
3 - 4 - 7 - 8 - 10 - 11 - 12 - 13 - 14 - 17 - 19 - 21 - 23 - 24 - 25 - 26 - 28 - 29 - 31 - 40 - 42 - 43 - 48 - 49 - 51 - 52 - 53 - 55 - 57 - 59 - 61 - 62 - 64 - 65 - 66 - 67 - 68 - 72 - 75 - 77 - 78 - 79 - 80 - 81 - 82 - 84 - 85 - 86 - 87 - 88 - 93 - 94 - 98 - 99 - 100 - 101 - 102 - 104 - 105 - 113 - 114 - 115 - 116 - 117 - 118 - 123 - 124 - 125 - 126 - 127 - 128 - 131 - 132 - 133 - 134 - 135 - 137 - 139 - 141 - 143 - 147 - 148 - 149 - 150 - 153 - 155 - 156 - 157 - 160 - 161 - 163 - 164 - 165 - 167 - 168 - 169 - 171 - 172 - 173 - 174 - 175 - 180 - 181 - 182 - 183 - 184 - 185 - 190 - 191 - 193 - 194 - 195 - 196 - 197 - 199 - 201 - 202 - 204 - 205 - 207 - 208 - 211 - 215 - 216 - 219 - 220 - 221 - 222 - 223 - 225 - 226 - 230 - 231 - 235 - 239 - 241 - 242 - 243 - 244 - 245 - 246 - 249 - 250 - 251 - 253 - 255 - 256 - 258 - 260 - 262 - 263 - 267 - 268 - 269 - 270 - 273 - 277 - 278 - 279 - 280 - 281 - 282 - 284 - 285 - 286 - 288 - 289 - 290 - 291 - 293 - 294 - 295 - 296 - 298 - 299 - 300 - 302 - 303 - 304 - 305 - 309 - 312 - 313 - 314 - 315 - 316 - 317 - 318 - 321 - 322 - 325 - 327 - 331 - 333 - 334 - 335 - 337 - 338 - 340 - 342 - 343 - 344 - 345 - 346 - 350 - 351 - 352 - 353 - 358 - 359 - 360 - 362 - 366 - 368 - 371 - 373 - 374 - 377 - 378 - 380 - 381 - 383 - 385 - 386 - 387 - 388 - 390 - 392 - 393 - 394 - 396 - 397 - 399 - 400 - 401 - 402 - 403 - 410 - 413 - 414 - 415 - 417 - 421 - 422 - 423 - 424 - 425 - 426 - 428 - 429 - 432 - 433 - 434 - 435 - 437 - 438 - 440 - 441 - 443 - 447 - 448 - 449 - 451 - 452 - 453 - 454 - 455 - 457 - 458 - 460 - 461 - 462 - 463 - 464 - 465 - 469 - 470 - 471 - 474 - 476 - 477 - 479 - 480 - 481 - 482 - 483 - 485 - 488 - 489 - 490 - 491 - 492 - 493 - 494 - 495 - 496 - 497,573820.7,2.7,93344,92137,133.76,Cost: 93344 & Capacity: 92137
3 - 4 - 7 - 8 - 10 - 11 - 12 - 13 - 14 - 17 - 19 - 21 - 23 - 24 - 25 - 26 - 28 - 29 - 31 - 40 - 42 - 43 - 48 - 49 - 51 - 52 - 53 - 55 - 57 - 59 - 61 - 62 - 64 - 65 - 66 - 67 - 68 - 72 - 75 - 77 - 78 - 79 - 80 - 81 - 82 - 84 - 85 - 86 - 87 - 88 - 93 - 94 - 98 - 99 - 100 - 101 - 102 - 104 - 105 - 107 - 113 - 114 - 115 - 116 - 117 - 118 - 123 - 124 - 125 - 126 - 127 - 128 - 131 - 132 - 133 - 134 - 135 - 137 - 139 - 141 - 143 - 148 - 149 - 150 - 153 - 155 - 156 - 157 - 160 - 161 - 163 - 164 - 165 - 167 - 168 - 169 - 171 - 172 - 173 - 174 - 175 - 181 - 182 - 183 - 184 - 185 - 190 - 191 - 193 - 194 - 195 - 196 - 197 - 199 - 201 - 202 - 204 - 205 - 207 - 208 - 211 - 215 - 216 - 219 - 220 - 221 - 222 - 223 - 225 - 226 - 230 - 231 - 235 - 239 - 241 - 242 - 243 - 244 - 245 - 246 - 249 - 250 - 251 - 253 - 255 - 256 - 260 - 262 - 263 - 267 - 268 - 269 - 270 - 273 - 277 - 278 - 279 - 280 - 281 - 282 - 284 - 285 - 286 - 288 - 289 - 290 - 291 - 293 - 294 - 295 - 296 - 298 - 299 - 300 - 302 - 303 - 304 - 305 - 309 - 312 - 313 - 314 - 315 - 316 - 317 - 318 - 320 - 321 - 322 - 325 - 327 - 331 - 333 - 334 - 335 - 337 - 338 - 339 - 340 - 342 - 343 - 344 - 345 - 346 - 350 - 351 - 352 - 353 - 358 - 359 - 360 - 362 - 366 - 368 - 371 - 373 - 374 - 377 - 378 - 380 - 381 - 382 - 383 - 385 - 386 - 387 - 388 - 390 - 392 - 393 - 394 - 396 - 397 - 399 - 400 - 401 - 402 - 403 - 410 - 413 - 414 - 415 - 417 - 421 - 422 - 423 - 424 - 425 - 426 - 428 - 429 - 432 - 433 - 434 - 435 - 437 - 438 - 440 - 443 - 447 - 448 - 449 - 451 - 452 - 453 - 454 - 455 - 457 - 458 - 460 - 461 - 462 - 463 - 464 - 465 - 469 - 470 - 471 - 474 - 476 - 477 - 479 - 480 - 481 - 482 - 483 - 485 - 488 - 489 - 490 - 491 - 492 - 493 - 494 - 495 - 496 - 497,572679.6,3.9,93347,91720,139.98,Cost: 93347 & Capacity: 91720
3 - 4 - 7 - 8 - 10 - 11 - 12 - 13 - 14 - 17 - 19 - 21 - 23 - 24 - 25 - 26 - 28 - 29 - 31 - 40 - 42 - 43 - 48 - 49 - 51 - 52 - 53 - 55 - 57 - 59 - 61 - 62 - 64 - 65 - 66 - 67 - 68 - 72 - 75 - 77 - 79 - 80 - 81 - 82 - 84 - 85 - 86 - 87 - 88 - 93 - 94 - 98 - 99 - 100 - 101 - 102 - 104 - 105 - 113 - 114 - 115 - 116 - 117 - 118 - 123 - 124 - 125 - 126 - 127 - 128 - 131 - 132 - 133 - 134 - 135 - 137 - 139 - 141 - 143 - 147 - 148 - 149 - 150 - 153 - 155 - 156 - 157 - 160 - 161 - 163 - 164 - 165 - 167 - 168 - 169 - 171 - 172 - 173 - 174 - 175 - 180 - 181 - 182 - 183 - 184 - 185 - 190 - 191 - 193 - 194 - 195 - 196 - 197 - 199 - 201 - 202 - 204 - 205 - 207 - 208 - 211 - 215 - 216 - 219 - 220 - 221 - 222 - 223 - 225 - 226 - 230 - 231 - 235 - 239 - 241 - 242 - 243 - 244 - 245 - 246 - 249 - 250 - 251 - 253 - 255 - 256 - 260 - 262 - 263 - 267 - 268 - 269 - 270 - 273 - 277 - 278 - 279 - 281 - 282 - 284 - 285 - 286 - 288 - 289 - 290 - 291 - 293 - 294 - 295 - 296 - 298 - 299 - 300 - 302 - 303 - 304 - 305 - 308 - 309 - 312 - 313 - 314 - 315 - 316 - 317 - 318 - 320 - 321 - 322 - 325 - 327 - 328 - 331 - 333 - 334 - 335 - 337 - 338 - 340 - 342 - 343 - 344 - 345 - 346 - 350 - 351 - 352 - 353 - 358 - 359 - 360 - 362 - 365 - 366 - 368 - 371 - 373 - 374 - 377 - 378 - 380 - 381 - 382 - 383 - 385 - 386 - 387 - 388 - 390 - 392 - 393 - 394 - 396 - 397 - 399 - 400 - 401 - 402 - 403 - 410 - 413 - 414 - 415 - 417 - 421 - 422 - 423 - 424 - 425 - 426 - 428 - 429 - 432 - 433 - 434 - 435 - 437 - 438 - 440 - 443 - 447 - 448 - 449 - 451 - 452 - 453 - 454 - 455 - 457 - 458 - 460 - 461 - 462 - 464 - 465 - 469 - 471 - 474 - 476 - 477 - 479 - 481 - 482 - 483 - 485 - 488 - 489 - 490 - 491 - 492 - 493 - 494 - 495 - 496 - 497,565931.8,4.3,93358,92076,145.88,Cost: 93358 & Capacity: 92076
3 - 4 - 7 - 8 - 10 - 11 - 12 - 13 - 14 - 17 - 19 - 21 - 23 - 24 - 25 - 26 - 28 - 29 - 31 - 40 - 42 - 43 - 48 - 49 - 51 - 52 - 53 - 55 - 57 - 59 - 61 - 62 - 64 - 65 - 66 - 67 - 68 - 72 - 75 - 77 - 78 - 79 - 80 - 81 - 82 - 84 - 85 - 86 - 87 - 88 - 93 - 94 - 98 - 99 - 100 - 101 - 102 - 104 - 105 - 107 - 113 - 114 - 115 - 116 - 117 - 118 - 123 - 124 - 125 - 126 - 127 - 128 - 131 - 132 - 133 - 134 - 135 - 137 - 139 - 141 - 143 - 148 - 149 - 150 - 153 - 155 - 156 - 157 - 160 - 161 - 163 - 164 - 165 - 167 - 168 - 169 - 171 - 172 - 173 - 174 - 175 - 181 - 182 - 183 - 184 - 185 - 190 - 191 - 193 - 194 - 195 - 196 - 197 - 199 - 201 - 202 - 204 - 205 - 207 - 208 - 211 - 215 - 216 - 219 - 220 - 221 - 222 - 223 - 225 - 226 - 230 - 231 - 235 - 239 - 241 - 242 - 243 - 244 - 245 - 246 - 249 - 250 - 251 - 253 - 255 - 256 - 260 - 262 - 263 - 267 - 268 - 269 - 270 - 273 - 277 - 278 - 279 - 280 - 281 - 282 - 284 - 285 - 286 - 288 - 289 - 290 - 291 - 293 - 294 - 295 - 296 - 298 - 299 - 300 - 302 - 303 - 304 - 305 - 309 - 312 - 313 - 314 - 315 - 316 - 317 - 318 - 320 - 321 - 322 - 325 - 327 - 331 - 333 - 334 - 335 - 337 - 338 - 339 - 340 - 342 - 343 - 344 - 345 - 346 - 350 - 351 - 352 - 353 - 358 - 359 - 360 - 362 - 366 - 368 - 371 - 373 - 374 - 377 - 378 - 380 - 381 - 382 - 383 - 385 - 386 - 387 - 388 - 390 - 392 - 393 - 394 - 396 - 397 - 399 - 400 - 401 - 402 - 403 - 410 - 413 - 414 - 415 - 417 - 421 - 422 - 423 - 424 - 425 - 426 - 428 - 429 - 432 - 433 - 434 - 435 - 437 - 438 - 440 - 443 - 447 - 448 - 449 - 451 - 452 - 453 - 454 - 455 - 457 - 458 - 460 - 461 - 462 - 463 - 464 - 465 - 469 - 470 - 471 - 474 - 476 - 477 - 479 - 480 - 481 - 482 - 483 - 485 - 488 - 489 - 490 - 491 - 492 - 493 - 494 - 495 - 496 - 497,572679.6,3.9,93347,91720,156.29,Cost: 93347 & Capacity: 91720
3 - 4 - 7 - 8 - 10 - 11 - 12 - 13 - 14 - 17 - 19 - 21 - 23 - 24 - 25 - 26 - 28 - 29 - 31 - 40 - 42 - 43 - 48 - 49 - 51 - 52 - 53 - 55 - 57 - 59 - 61 - 62 - 64 - 65 - 66 - 67 - 68 - 72 - 75 - 77 - 78 - 79 - 80 - 81 - 82 - 84 - 85 - 86 - 87 - 88 - 93 - 94 - 98 - 99 - 100 - 101 - 102 - 104 - 105 - 107 - 113 - 114 - 115 - 116 - 117 - 118 - 123 - 124 - 125 - 126 - 127 - 128 - 131 - 132 - 133 - 134 - 135 - 137 - 139 - 141 - 143 - 148 - 149 - 150 - 153 - 155 - 156 - 157 - 160 - 161 - 163 - 164 - 165 - 167 - 168 - 169 - 171 - 172 - 173 - 174 - 175 - 181 - 182 - 183 - 184 - 185 - 190 - 191 - 193 - 194 - 195 - 196 - 197 - 199 - 201 - 202 - 204 - 205 - 207 - 208 - 211 - 215 - 216 - 219 - 220 - 221 - 222 - 223 - 225 - 226 - 230 - 231 - 235 - 239 - 241 - 242 - 243 - 244 - 245 - 246 - 249 - 250 - 251 - 253 - 255 - 256 - 260 - 262 - 263 - 267 - 268 - 269 - 270 - 273 - 277 - 278 - 279 - 280 - 281 - 282 - 284 - 285 - 286 - 288 - 289 - 290 - 291 - 293 - 294 - 295 - 296 - 298 - 299 - 300 - 302 - 303 - 304 - 305 - 309 - 312 - 313 - 314 - 315 - 316 - 317 - 318 - 320 - 321 - 322 - 325 - 327 - 331 - 333 - 334 - 335 - 337 - 338 - 339 - 340 - 342 - 343 - 344 - 345 - 346 - 350 - 351 - 352 - 353 - 358 - 359 - 360 - 362 - 366 - 368 - 371 - 373 - 374 - 377 - 378 - 380 - 381 - 382 - 383 - 385 - 386 - 387 - 388 - 390 - 392 - 393 - 394 - 396 - 397 - 399 - 400 - 401 - 402 - 403 - 410 - 413 - 414 - 415 - 417 - 421 - 422 - 423 - 424 - 425 - 426 - 428 - 429 - 432 - 433 - 434 - 435 - 437 - 438 - 440 - 443 - 447 - 448 - 449 - 451 - 452 - 453 - 454 - 455 - 457 - 458 - 460 - 461 - 462 - 463 - 464 - 465 - 469 - 470 - 471 - 474 - 476 - 477 - 479 - 480 - 481 - 482 - 483 - 485 - 488 - 489 - 490 - 491 - 492 - 493 - 494 - 495 - 496 - 497,572679.6,3.9,93347,91720,157.95,Cost: 93347 & Capacity: 91720
3 - 4 - 7 - 8 - 10 - 11 - 12 - 13 - 14 - 17 - 19 - 21 - 23 - 24 - 25 - 26 - 28 - 29 - 31 - 40 - 42 - 43 - 48 - 49 - 51 - 52 - 53 - 55 - 57 - 59 - 61 - 62 - 64 - 65 - 66 - 67 - 68 - 72 - 75 - 77 - 78 - 79 - 80 - 81 - 82 - 84 - 85 - 86 - 87 - 88 - 93 - 94 - 98 - 99 - 100 - 101 - 102 - 104 - 105 - 107 - 113 - 114 - 115 - 116 - 117 - 118 - 123 - 124 - 125 - 126 - 127 - 128 - 131 - 132 - 133 - 134 - 135 - 137 - 139 - 141 - 143 - 148 - 149 - 150 - 153 - 155 - 156 - 157 - 160 - 161 - 163 - 164 - 165 - 167 - 168 - 169 - 171 - 172 - 173 - 174 - 175 - 181 - 182 - 183 - 184 - 185 - 190 - 191 - 193 - 194 - 195 - 196 - 197 - 199 - 201 - 202 - 204 - 205 - 207 - 208 - 211 - 215 - 216 - 219 - 220 - 221 - 222 - 223 - 225 - 226 - 230 - 231 - 235 - 239 - 241 - 242 - 243 - 244 - 245 - 246 - 249 - 250 - 251 - 253 - 255 - 256 - 260 - 262 - 263 - 267 - 268 - 269 - 270 - 273 - 277 - 278 - 279 - 280 - 281 - 282 - 284 - 285 - 286 - 288 - 289 - 290 - 291 - 293 - 294 - 295 - 296 - 298 - 299 - 300 - 302 - 303 - 304 - 305 - 309 - 312 - 313 - 314 - 315 - 316 - 317 - 318 - 320 - 321 - 322 - 325 - 327 - 331 - 333 - 334 - 335 - 337 - 338 - 339 - 340 - 342 - 343 - 344 - 345 - 346 - 350 - 351 - 352 - 353 - 358 - 359 - 360 - 362 - 366 - 368 - 371 - 373 - 374 - 377 - 378 - 380 - 381 - 382 - 383 - 385 - 386 - 387 - 388 - 390 - 392 - 393 - 394 - 396 - 397 - 399 - 400 - 401 - 402 - 403 - 410 - 413 - 414 - 415 - 417 - 421 - 422 - 423 - 424 - 425 - 426 - 428 - 429 - 432 - 433 - 434 - 435 - 437 - 438 - 440 - 443 - 447 - 448 - 449 - 451 - 452 - 453 - 454 - 455 - 457 - 458 - 460 - 461 - 462 - 463 - 464 - 465 - 469 - 470 - 471 - 474 - 476 - 477 - 479 - 480 - 481 - 482 - 483 - 485 - 488 - 489 - 490 - 491 - 492 - 493 - 494 - 495 - 496 - 497,572679.6,3.9,93347,91720,159.08,Cost: 93347 & Capacity: 91720
3 - 4 - 7 - 8 - 10 - 11 - 12 - 13 - 14 - 17 - 19 - 21 - 23 - 24 - 25 - 26 - 28 - 29 - 31 - 40 - 42 - 43 - 48 - 49 - 51 - 52 - 53 - 55 - 57 - 59 - 61 - 62 - 64 - 65 - 66 - 67 - 68 - 72 - 75 - 77 - 79 - 80 - 81 - 82 - 84 - 85 - 86 - 87 - 88 - 93 - 94 - 98 - 99 - 100 - 101 - 102 - 104 - 105 - 108 - 113 - 114 - 115 - 116 - 117 - 118 - 123 - 124 - 125 - 126 - 127 - 128 - 131 - 132 - 133 - 134 - 135 - 137 - 139 - 141 - 143 - 147 - 148 - 149 - 150 - 153 - 155 - 156 - 157 - 160 - 161 - 163 - 164 - 165 - 167 - 168 - 169 - 171 - 172 - 173 - 174 - 175 - 180 - 181 - 182 - 183 - 184 - 185 - 190 - 191 - 193 - 194 - 195 - 196 - 197 - 199 - 201 - 202 - 204 - 205 - 207 - 208 - 211 - 215 - 216 - 219 - 220 - 221 - 222 - 223 - 225 - 226 - 230 - 231 - 235 - 239 - 241 - 242 - 243 - 244 - 245 - 246 - 249 - 250 - 251 - 253 - 255 - 256 - 260 - 262 - 263 - 267 - 268 - 269 - 270 - 273 - 277 - 278 - 279 - 281 - 282 - 284 - 285 - 286 - 288 - 289 - 290 - 291 - 293 - 295 - 296 - 298 - 299 - 300 - 302 - 303 - 304 - 305 - 308 - 312 - 313 - 314 - 315 - 316 - 317 - 318 - 320 - 321 - 322 - 325 - 327 - 328 - 331 - 333 - 334 - 335 - 337 - 338 - 340 - 342 - 343 - 344 - 345 - 346 - 350 - 351 - 352 - 353 - 358 - 359 - 360 - 362 - 365 - 366 - 368 - 371 - 373 - 374 - 377 - 378 - 380 - 381 - 383 - 385 - 386 - 387 - 388 - 390 - 392 - 393 - 394 - 396 - 397 - 399 - 400 - 401 - 402 - 403 - 405 - 410 - 413 - 414 - 415 - 417 - 421 - 422 - 423 - 424 - 425 - 426 - 428 - 429 - 432 - 433 - 434 - 435 - 437 - 438 - 440 - 443 - 447 - 448 - 449 - 451 - 452 - 453 - 454 - 455 - 457 - 458 - 460 - 461 - 462 - 464 - 465 - 469 - 471 - 474 - 476 - 477 - 479 - 481 - 482 - 483 - 485 - 488 - 489 - 490 - 491 - 492 - 493 - 494 - 495 - 496 - 497,562565.0,4.5,93339,92088,159.81,Cost: 93339 & Capacity: 92088
3 - 4 - 7 - 8 - 10 - 11 - 12 - 13 - 14 - 17 - 19 - 21 - 23 - 24 - 25 - 26 - 28 - 29 - 31 - 40 - 42 - 43 - 48 - 49 - 51 - 52 - 53 - 55 - 57 - 59 - 61 - 62 - 64 - 65 - 66 - 67 - 68 - 72 - 75 - 77 - 78 - 79 - 80 - 81 - 82 - 84 - 85 - 86 - 87 - 88 - 93 - 94 - 98 - 99 - 100 - 101 - 102 - 104 - 105 - 107 - 113 - 114 - 115 - 116 - 117 - 118 - 123 - 124 - 125 - 126 - 127 - 128 - 131 - 132 - 133 - 134 - 135 - 137 - 139 - 141 - 143 - 148 - 149 - 150 - 153 - 155 - 156 - 157 - 160 - 161 - 163 - 164 - 165 - 167 - 168 - 169 - 171 - 172 - 173 - 174 - 175 - 181 - 182 - 183 - 184 - 185 - 190 - 191 - 193 - 194 - 195 - 196 - 197 - 199 - 201 - 202 - 204 - 205 - 207 - 208 - 211 - 215 - 216 - 219 - 220 - 221 - 222 - 223 - 225 - 226 - 230 - 231 - 235 - 239 - 241 - 242 - 243 - 244 - 245 - 246 - 249 - 250 - 251 - 253 - 255 - 256 - 260 - 262 - 263 - 267 - 268 - 269 - 270 - 273 - 277 - 278 - 279 - 280 - 281 - 282 - 284 - 285 - 286 - 288 - 289 - 290 - 291 - 293 - 294 - 295 - 296 - 298 - 299 - 300 - 302 - 303 - 304 - 305 - 309 - 312 - 313 - 314 - 315 - 316 - 317 - 318 - 320 - 321 - 322 - 325 - 327 - 331 - 333 - 334 - 335 - 337 - 338 - 339 - 340 - 342 - 343 - 344 - 345 - 346 - 350 - 351 - 352 - 353 - 358 - 359 - 360 - 362 - 366 - 368 - 371 - 373 - 374 - 377 - 378 - 380 - 381 - 382 - 383 - 385 - 386 - 387 - 388 - 390 - 392 - 393 - 394 - 396 - 397 - 399 - 400 - 401 - 402 - 403 - 410 - 413 - 414 - 415 - 417 - 421 - 422 - 423 - 424 - 425 - 426 - 428 - 429 - 432 - 433 - 434 - 435 - 437 - 438 - 440 - 443 - 447 - 448 - 449 - 451 - 452 - 453 - 454 - 455 - 457 - 458 - 460 - 461 - 462 - 463 - 464 - 465 - 469 - 470 - 471 - 474 - 476 - 477 - 479 - 480 - 481 - 482 - 483 - 485 - 488 - 489 - 490 - 491 - 492 - 493 - 494 - 495 - 496 - 497,572679.6,3.9,93347,91720,162.2,Cost: 93347 & Capacity: 91720
3 - 4 - 7 - 8 - 10 - 11 - 12 - 13 - 14 - 17 - 19 - 21 - 23 - 24 - 25 - 26 - 28 - 29 - 31 - 40 - 42 - 43 - 48 - 49 - 51 - 52 - 53 - 55 - 57 - 59 - 61 - 62 - 64 - 65 - 66 - 67 - 68 - 72 - 75 - 77 - 78 - 79 - 80 - 81 - 82 - 84 - 85 - 86 - 87 - 88 - 93 - 94 - 98 - 99 - 100 - 101 - 102 - 104 - 105 - 107 - 113 - 114 - 115 - 116 - 117 - 118 - 123 - 124 - 125 - 126 - 127 - 128 - 131 - 132 - 133 - 134 - 135 - 137 - 139 - 141 - 143 - 148 - 149 - 150 - 153 - 155 - 156 - 157 - 160 - 161 - 163 - 164 - 165 - 167 - 168 - 169 - 171 - 172 - 173 - 174 - 175 - 181 - 182 - 183 - 184 - 185 - 190 - 191 - 193 - 194 - 195 - 196 - 197 - 199 - 201 - 202 - 204 - 205 - 207 - 208 - 211 - 215 - 216 - 219 - 220 - 221 - 222 - 223 - 225 - 226 - 230 - 231 - 235 - 239 - 241 - 242 - 243 - 244 - 245 - 246 - 249 - 250 - 251 - 253 - 255 - 256 - 260 - 262 - 263 - 267 - 268 - 269 - 270 - 273 - 277 - 278 - 279 - 280 - 281 - 282 - 284 - 285 - 286 - 288 - 289 - 290 - 291 - 293 - 294 - 295 - 296 - 298 - 299 - 300 - 302 - 303 - 304 - 305 - 309 - 312 - 313 - 314 - 315 - 316 - 317 - 318 - 320 - 321 - 322 - 325 - 327 - 331 - 333 - 334 - 335 - 337 - 338 - 339 - 340 - 342 - 343 - 344 - 345 - 346 - 350 - 351 - 352 - 353 - 358 - 359 - 360 - 362 - 366 - 368 - 371 - 373 - 374 - 377 - 378 - 380 - 381 - 382 - 383 - 385 - 386 - 387 - 388 - 390 - 392 - 393 - 394 - 396 - 397 - 399 - 400 - 401 - 402 - 403 - 410 - 413 - 414 - 415 - 417 - 421 - 422 - 423 - 424 - 425 - 426 - 428 - 429 - 432 - 433 - 434 - 435 - 437 - 438 - 440 - 443 - 447 - 448 - 449 - 451 - 452 - 453 - 454 - 455 - 457 - 458 - 460 - 461 - 462 - 463 - 464 - 465 - 469 - 470 - 471 - 474 - 476 - 477 - 479 - 480 - 481 - 482 - 483 - 485 - 488 - 489 - 490 - 491 - 492 - 493 - 494 - 495 - 496 - 497,572679.6,3.9,93347,91720,165.29,Cost: 93347 & Capacity: 91720
6 - 24 - 26 - 29 - 32 - 33 - 37 - 38 - 41 - 54 - 55 - 60 - 62 - 63 - 73 - 75 - 77 - 82 - 106 - 110 - 112 - 113 - 116 - 124 - 129 - 130 - 133 - 137 - 138 - 147 - 151 - 156 - 160 - 162 - 164 - 167 - 170 - 171 - 172 - 173 - 179 - 191 - 193 - 195 - 206 - 208 - 209 - 211 - 219 - 226 - 231 - 232 - 234 - 236 - 238 - 239 - 242 - 244 - 257 - 264 - 267 - 271 - 275 - 280 - 282 - 284 - 291 - 294 - 295 - 300 - 305 - 307 - 312 - 316 - 321 - 336 - 338 - 339 - 343 - 349 - 353 - 356 - 359 - 362 - 364 - 374 - 378 - 380 - 385 - 392 - 393 - 399 - 402 - 407 - 411 - 415 - 417 - 420 - 424 - 429 - 436 - 438 - 440 - 449 - 451 - 454 - 456 - 459 - 461 - 466 - 472 - 478 - 487,90211.6,8.4,74102,57873,166.92,Cost: 74102 & Capacity: 57873
4 - 6 - 7 - 10 - 11 - 12 - 13 - 21 - 24 - 25 - 26 - 28 - 31 - 33 - 39 - 40 - 41 - 42 - 43 - 48 - 50 - 55 - 57 - 59 - 61 - 62 - 64 - 65 - 66 - 68 - 72 - 75 - 77 - 78 - 80 - 81 - 84 - 85 - 90 - 93 - 98 - 99 - 100 - 102 - 103 - 104 - 105 - 108 - 112 - 113 - 114 - 116 - 117 - 123 - 125 - 131 - 132 - 133 - 134 - 135 - 137 - 139 - 141 - 143 - 144 - 150 - 153 - 155 - 156 - 162 - 164 - 167 - 168 - 169 - 172 - 173 - 174 - 176 - 177 - 180 - 181 - 184 - 185 - 186 - 190 - 191 - 193 - 194 - 196 - 197 - 201 - 204 - 205 - 207 - 208 - 212 - 215 - 216 - 219 - 220 - 222 - 224 - 227 - 229 - 231 - 232 - 234 - 235 - 236 - 238 - 239 - 242 - 243 - 244 - 247 - 249 - 250 - 254 - 255 - 260 - 261 - 262 - 263 - 264 - 267 - 268 - 269 - 270 - 278 - 282 - 286 - 289 - 290 - 295 - 298 - 299 - 300 - 302 - 304 - 305 - 308 - 312 - 314 - 316 - 318 - 321 - 322 - 325 - 327 - 328 - 331 - 332 - 334 - 335 - 337 - 338 - 340 - 342 - 343 - 344 - 345 - 346 - 350 - 351 - 352 - 353 - 358 - 359 - 360 - 362 - 364 - 366 - 371 - 373 - 374 - 378 - 385 - 386 - 390 - 392 - 393 - 394 - 396 - 397 - 399 - 401 - 402 - 403 - 410 - 411 - 413 - 415 - 416 - 417 - 421 - 423 - 424 - 427 - 428 - 429 - 430 - 431 - 432 - 433 - 434 - 437 - 438 - 440 - 445 - 449 - 451 - 452 - 453 - 454 - 455 - 456 - 457 - 458 - 460 - 461 - 464 - 465 - 466 - 467 - 468 - 469 - 471 - 473 - 474 - 475 - 477 - 478 - 481 - 482 - 487 - 488 - 489 - 496 - 497,383588.0,6.5,93351,85257,168.61,Cost: 93351 & Capacity: 85257
3 - 4 - 7 - 8 - 10 - 11 - 12 - 13 - 14 - 17 - 19 - 21 - 23 - 24 - 25 - 26 - 28 - 29 - 31 - 40 - 42 - 43 - 48 - 49 - 51 - 52 - 53 - 55 - 57 - 59 - 61 - 62 - 64 - 65 - 66 - 67 - 68 - 72 - 75 - 77 - 78 - 79 - 80 - 81 - 82 - 84 - 85 - 86 - 87 - 88 - 93 - 94 - 98 - 99 - 100 - 101 - 102 - 104 - 105 - 107 - 113 - 114 - 115 - 116 - 117 - 118 - 123 - 124 - 125 - 126 - 127 - 128 - 131 - 132 - 133 - 134 - 135 - 137 - 139 - 141 - 143 - 148 - 149 - 150 - 153 - 155 - 156 - 157 - 160 - 161 - 163 - 164 - 165 - 167 - 168 - 169 - 171 - 172 - 173 - 174 - 175 - 181 - 182 - 183 - 184 - 185 - 190 - 191 - 193 - 194 - 195 - 196 - 197 - 199 - 201 - 202 - 204 - 205 - 207 - 208 - 211 - 215 - 216 - 219 - 220 - 221 - 222 - 223 - 225 - 226 - 230 - 231 - 235 - 239 - 241 - 242 - 243 - 244 - 245 - 246 - 249 - 250 - 251 - 253 - 255 - 256 - 260 - 262 - 263 - 267 - 268 - 269 - 270 - 273 - 277 - 278 - 279 - 280 - 281 - 282 - 284 - 285 - 286 - 288 - 289 - 290 - 291 - 293 - 294 - 295 - 296 - 298 - 299 - 300 - 302 - 303 - 304 - 305 - 309 - 312 - 313 - 314 - 315 - 316 - 317 - 318 - 320 - 321 - 322 - 325 - 327 - 331 - 333 - 334 - 335 - 337 - 338 - 339 - 340 - 342 - 343 - 344 - 345 - 346 - 350 - 351 - 352 - 353 - 358 - 359 - 360 - 362 - 366 - 368 - 371 - 373 - 374 - 377 - 378 - 380 - 381 - 382 - 383 - 385 - 386 - 387 - 388 - 390 - 392 - 393 - 394 - 396 - 397 - 399 - 400 - 401 - 402 - 403 - 410 - 413 - 414 - 415 - 417 - 421 - 422 - 423 - 424 - 425 - 426 - 428 - 429 - 432 - 433 - 434 - 435 - 437 - 438 - 440 - 443 - 447 - 448 - 449 - 451 - 452 - 453 - 454 - 455 - 457 - 458 - 460 - 461 - 462 - 463 - 464 - 465 - 469 - 470 - 471 - 474 - 476 - 477 - 479 - 480 - 481 - 482 - 483 - 485 - 488 - 489 - 490 - 491 - 492 - 493 - 494 - 495 - 496 - 497,572679.6,3.9,93347,91720,168.88,Cost: 93347 & Capacity: 91720
3 - 4 - 7 - 8 - 10 - 11 - 12 - 13 - 14 - 17 - 19 - 21 - 23 - 24 - 25 - 26 - 28 - 29 - 31 - 40 - 42 - 43 - 48 - 49 - 51 - 52 - 53 - 55 - 57 - 59 - 61 - 62 - 64 - 65 - 66 - 67 - 68 - 72 - 75 - 77 - 78 - 79 - 80 - 81 - 82 - 84 - 85 - 86 - 87 - 88 - 93 - 94 - 98 - 99 - 100 - 101 - 102 - 104 - 105 - 107 - 113 - 114 - 115 - 116 - 117 - 118 - 123 - 124 - 125 - 126 - 127 - 128 - 131 - 132 - 133 - 134 - 135 - 137 - 139 - 141 - 143 - 148 - 149 - 150 - 153 - 155 - 156 - 157 - 160 - 161 - 163 - 164 - 165 - 167 - 168 - 169 - 171 - 172 - 173 - 174 - 175 - 181 - 182 - 183 - 184 - 185 - 190 - 191 - 193 - 194 - 195 - 196 - 197 - 199 - 201 - 202 - 204 - 205 - 207 - 208 - 211 - 215 - 216 - 219 - 220 - 221 - 222 - 223 - 225 - 226 - 230 - 231 - 235 - 239 - 241 - 242 - 243 - 244 - 245 - 246 - 249 - 250 - 251 - 253 - 255 - 256 - 260 - 262 - 263 - 267 - 268 - 269 - 270 - 273 - 277 - 278 - 279 - 280 - 281 - 282 - 284 - 285 - 286 - 288 - 289 - 290 - 291 - 293 - 294 - 295 - 296 - 298 - 299 - 300 - 302 - 303 - 304 - 305 - 309 - 312 - 313 - 314 - 315 - 316 - 317 - 318 - 320 - 321 - 322 - 325 - 327 - 331 - 333 - 334 - 335 - 337 - 338 - 339 - 340 - 342 - 343 - 344 - 345 - 346 - 350 - 351 - 352 - 353 - 358 - 359 - 360 - 362 - 366 - 368 - 371 - 373 - 374 - 377 - 378 - 380 - 381 - 382 - 383 - 385 - 386 - 387 - 388 - 390 - 392 - 393 - 394 - 396 - 397 - 399 - 400 - 401 - 402 - 403 - 410 - 413 - 414 - 415 - 417 - 421 - 422 - 423 - 424 - 425 - 426 - 428 - 429 - 432 - 433 - 434 - 435 - 437 - 438 - 440 - 443 - 447 - 448 - 449 - 451 - 452 - 453 - 454 - 455 - 457 - 458 - 460 - 461 - 462 - 463 - 464 - 465 - 469 - 470 - 471 - 474 - 476 - 477 - 479 - 480 - 481 - 482 - 483 - 485 - 488 - 489 - 490 - 491 - 492 - 493 - 494 - 495 - 496 - 497,572679.6,3.9,93347,91720,172.02,Cost: 93347 & Capacity: 91720
3 - 4 - 7 - 8 - 10 - 11 - 12 - 13 - 14 - 17 - 19 - 21 - 23 - 24 - 25 - 26 - 28 - 29 - 31 - 40 - 42 - 43 - 48 - 49 - 51 - 52 - 53 - 55 - 57 - 59 - 61 - 62 - 64 - 65 - 66 - 67 - 68 - 72 - 75 - 77 - 78 - 79 - 80 - 81 - 82 - 84 - 85 - 86 - 87 - 88 - 93 - 94 - 98 - 99 - 100 - 101 - 102 - 104 - 105 - 113 - 114 - 115 - 116 - 117 - 118 - 123 - 124 - 125 - 126 - 127 - 128 - 131 - 132 - 133 - 134 - 135 - 137 - 139 - 141 - 143 - 148 - 149 - 150 - 153 - 155 - 156 - 157 - 160 - 161 - 163 - 164 - 165 - 167 - 168 - 169 - 171 - 172 - 173 - 174 - 175 - 180 - 181 - 182 - 183 - 184 - 185 - 190 - 191 - 193 - 194 - 195 - 196 - 197 - 199 - 201 - 202 - 204 - 205 - 207 - 208 - 211 - 215 - 216 - 219 - 220 - 221 - 222 - 223 - 225 - 226 - 230 - 231 - 235 - 239 - 241 - 242 - 243 - 244 - 245 - 246 - 249 - 250 - 251 - 253 - 255 - 256 - 258 - 260 - 262 - 263 - 267 - 268 - 269 - 270 - 273 - 277 - 278 - 279 - 280 - 281 - 282 - 284 - 285 - 286 - 288 - 289 - 290 - 291 - 293 - 294 - 295 - 296 - 298 - 299 - 300 - 302 - 303 - 304 - 305 - 309 - 312 - 313 - 314 - 315 - 316 - 317 - 318 - 320 - 321 - 322 - 325 - 327 - 331 - 333 - 334 - 335 - 337 - 338 - 340 - 342 - 343 - 344 - 345 - 346 - 350 - 351 - 352 - 353 - 358 - 359 - 360 - 362 - 366 - 368 - 371 - 373 - 374 - 377 - 378 - 380 - 381 - 383 - 385 - 386 - 387 - 388 - 390 - 392 - 393 - 394 - 396 - 397 - 399 - 400 - 401 - 402 - 403 - 410 - 413 - 414 - 415 - 417 - 421 - 422 - 423 - 424 - 425 - 426 - 428 - 429 - 432 - 433 - 434 - 435 - 437 - 438 - 440 - 441 - 443 - 447 - 448 - 449 - 451 - 452 - 453 - 454 - 455 - 457 - 458 - 460 - 461 - 462 - 463 - 464 - 465 - 469 - 470 - 471 - 474 - 476 - 477 - 479 - 480 - 481 - 482 - 483 - 485 - 488 - 489 - 490 - 491 - 492 - 493 - 494 - 495 - 496 - 497,573679.4,2.7,93354,91654,181.36,Cost: 93354 & Capacity: 91654
3 - 4 - 7 - 8 - 10 - 11 - 12 - 13 - 14 - 17 - 19 - 21 - 23 - 24 - 25 - 26 - 28 - 29 - 31 - 40 - 42 - 43 - 48 - 49 - 51 - 52 - 53 - 55 - 57 - 59 - 61 - 62 - 64 - 65 - 66 - 67 - 68 - 72 - 75 - 77 - 78 - 79 - 80 - 81 - 82 - 84 - 85 - 86 - 87 - 88 - 93 - 94 - 98 - 99 - 100 - 101 - 102 - 104 - 105 - 107 - 113 - 114 - 115 - 116 - 117 - 118 - 123 - 124 - 125 - 126 - 127 - 128 - 131 - 132 - 133 - 134 - 135 - 137 - 139 - 141 - 143 - 148 - 149 - 150 - 153 - 155 - 156 - 157 - 160 - 161 - 163 - 164 - 165 - 167 - 168 - 169 - 171 - 172 - 173 - 174 - 175 - 181 - 182 - 183 - 184 - 185 - 190 - 191 - 193 - 194 - 195 - 196 - 197 - 199 - 201 - 202 - 204 - 205 - 207 - 208 - 211 - 215 - 216 - 219 - 220 - 221 - 222 - 223 - 225 - 226 - 230 - 231 - 235 - 239 - 241 - 242 - 243 - 244 - 245 - 246 - 249 - 250 - 251 - 253 - 255 - 256 - 260 - 262 - 263 - 267 - 268 - 269 - 270 - 273 - 277 - 278 - 279 - 280 - 281 - 282 - 284 - 285 - 286 - 288 - 289 - 290 - 291 - 293 - 294 - 295 - 296 - 298 - 299 - 300 - 302 - 303 - 304 - 305 - 309 - 312 - 313 - 314 - 315 - 316 - 317 - 318 - 320 - 321 - 322 - 325 - 327 - 331 - 333 - 334 - 335 - 337 - 338 - 339 - 340 - 342 - 343 - 344 - 345 - 346 - 350 - 351 - 352 - 353 - 358 - 359 - 360 - 362 - 366 - 368 - 371 - 373 - 374 - 377 - 378 - 380 - 381 - 382 - 383 - 385 - 386 - 387 - 388 - 390 - 392 - 393 - 394 - 396 - 397 - 399 - 400 - 401 - 402 - 403 - 410 - 413 - 414 - 415 - 417 - 421 - 422 - 423 - 424 - 425 - 426 - 428 - 429 - 432 - 433 - 434 - 435 - 437 - 438 - 440 - 443 - 447 - 448 - 449 - 451 - 452 - 453 - 454 - 455 - 457 - 458 - 460 - 461 - 462 - 463 - 464 - 465 - 469 - 470 - 471 - 474 - 476 - 477 - 479 - 480 - 481 - 482 - 483 - 485 - 488 - 489 - 490 - 491 - 492 - 493 - 494 - 495 - 496 - 497,572679.6,3.9,93347,91720,182.98,Cost: 93347 & Capacity: 91720
3 - 4 - 7 - 8 - 10 - 11 - 12 - 13 - 14 - 17 - 19 - 21 - 23 - 24 - 25 - 26 - 28 - 29 - 31 - 40 - 42 - 43 - 48 - 49 - 51 - 52 - 53 - 55 - 57 - 59 - 61 - 62 - 64 - 65 - 66 - 67 - 68 - 72 - 75 - 77 - 78 - 79 - 80 - 81 - 82 - 84 - 85 - 86 - 87 - 88 - 93 - 94 - 98 - 99 - 100 - 101 - 102 - 104 - 105 - 107 - 113 - 114 - 115 - 116 - 117 - 118 - 123 - 124 - 125 - 126 - 127 - 128 - 131 - 132 - 133 - 134 - 135 - 137 - 139 - 141 - 143 - 148 - 149 - 150 - 153 - 155 - 156 - 157 - 160 - 161 - 163 - 164 - 165 - 167 - 168 - 169 - 171 - 172 - 173 - 174 - 175 - 181 - 182 - 183 - 184 - 185 - 190 - 191 - 193 - 194 - 195 - 196 - 197 - 199 - 201 - 202 - 204 - 205 - 207 - 208 - 211 - 215 - 216 - 219 - 220 - 221 - 222 - 223 - 225 - 226 - 230 - 231 - 235 - 239 - 241 - 242 - 243 - 244 - 245 - 246 - 249 - 250 - 251 - 253 - 255 - 256 - 260 - 262 - 263 - 267 - 268 - 269 - 270 - 273 - 277 - 278 - 279 - 280 - 281 - 282 - 284 - 285 - 286 - 288 - 289 - 290 - 291 - 293 - 294 - 295 - 296 - 298 - 299 - 300 - 302 - 303 - 304 - 305 - 309 - 312 - 313 - 314 - 315 - 316 - 317 - 318 - 320 - 321 - 322 - 325 - 327 - 331 - 333 - 334 - 335 - 337 - 338 - 339 - 340 - 342 - 343 - 344 - 345 - 346 - 350 - 351 - 352 - 353 - 358 - 359 - 360 - 362 - 366 - 368 - 371 - 373 - 374 - 377 - 378 - 380 - 381 - 382 - 383 - 385 - 386 - 387 - 388 - 390 - 392 - 393 - 394 - 396 - 397 - 399 - 400 - 401 - 402 - 403 - 410 - 413 - 414 - 415 - 417 - 421 - 422 - 423 - 424 - 425 - 426 - 428 - 429 - 432 - 433 - 434 - 435 - 437 - 438 - 440 - 443 - 447 - 448 - 449 - 451 - 452 - 453 - 454 - 455 - 457 - 458 - 460 - 461 - 462 - 463 - 464 - 465 - 469 - 470 - 471 - 474 - 476 - 477 - 479 - 480 - 481 - 482 - 483 - 485 - 488 - 489 - 490 - 491 - 492 - 493 - 494 - 495 - 496 - 497,572679.6,3.9,93347,91720,189.0,Cost: 93347 & Capacity: 91720
4 - 6 - 7 - 10 - 12 - 13 - 24 - 25 - 26 - 28 - 31 - 32 - 33 - 35 - 39 - 40 - 42 - 43 - 48 - 50 - 51 - 55 - 57 - 59 - 61 - 62 - 63 - 64 - 65 - 66 - 67 - 68 - 72 - 75 - 77 - 78 - 80 - 82 - 84 - 85 - 89 - 93 - 98 - 99 - 100 - 104 - 105 - 108 - 110 - 112 - 113 - 114 - 116 - 117 - 118 - 125 - 131 - 132 - 133 - 137 - 138 - 139 - 141 - 143 - 144 - 146 - 149 - 150 - 153 - 155 - 156 - 162 - 164 - 167 - 169 - 172 - 173 - 174 - 176 - 177 - 180 - 181 - 182 - 184 - 186 - 189 - 190 - 191 - 193 - 194 - 196 - 197 - 198 - 204 - 205 - 207 - 208 - 215 - 216 - 219 - 220 - 222 - 227 - 231 - 232 - 234 - 235 - 236 - 238 - 239 - 242 - 243 - 244 - 247 - 249 - 250 - 254 - 255 - 260 - 261 - 262 - 263 - 264 - 267 - 268 - 276 - 278 - 282 - 286 - 289 - 295 - 298 - 299 - 300 - 304 - 305 - 312 - 316 - 317 - 318 - 321 - 322 - 325 - 327 - 328 - 331 - 333 - 334 - 335 - 337 - 338 - 342 - 343 - 344 - 345 - 350 - 351 - 352 - 353 - 358 - 359 - 362 - 364 - 366 - 373 - 374 - 378 - 381 - 382 - 385 - 386 - 390 - 392 - 393 - 394 - 396 - 397 - 399 - 401 - 402 - 403 - 408 - 410 - 411 - 413 - 415 - 416 - 417 - 421 - 422 - 424 - 427 - 428 - 429 - 431 - 432 - 433 - 434 - 437 - 438 - 440 - 445 - 449 - 451 - 452 - 453 - 455 - 456 - 457 - 458 - 460 - 461 - 464 - 465 - 466 - 469 - 471 - 475 - 477 - 478 - 479 - 481 - 482 - 488 - 489 - 490 - 493 - 496 - 497,357009.6,6.6,93285,82491,189.47,Cost: 93285 & Capacity: 82491
3 - 4 - 6 - 12 - 21 - 25 - 26 - 28 - 31 - 33 - 40 - 42 - 50 - 51 - 55 - 57 - 59 - 61 - 62 - 63 - 64 - 66 - 75 - 80 - 84 - 85 - 89 - 90 - 93 - 97 - 98 - 99 - 100 - 101 - 104 - 105 - 108 - 110 - 112 - 113 - 116 - 117 - 131 - 133 - 137 - 138 - 139 - 140 - 143 - 146 - 150 - 153 - 155 - 156 - 162 - 164 - 167 - 173 - 174 - 177 - 180 - 184 - 189 - 190 - 191 - 193 - 196 - 197 - 198 - 205 - 207 - 208 - 211 - 215 - 216 - 219 - 220 - 222 - 227 - 231 - 232 - 234 - 235 - 237 - 238 - 240 - 242 - 243 - 248 - 249 - 250 - 255 - 260 - 263 - 264 - 268 - 271 - 273 - 276 - 282 - 283 - 286 - 295 - 298 - 300 - 304 - 305 - 310 - 316 - 317 - 321 - 327 - 331 - 333 - 334 - 335 - 336 - 337 - 342 - 343 - 345 - 350 - 353 - 359 - 362 - 363 - 364 - 366 - 372 - 374 - 378 - 385 - 386 - 392 - 393 - 394 - 396 - 397 - 399 - 401 - 402 - 403 - 404 - 408 - 409 - 411 - 415 - 417 - 421 - 423 - 424 - 427 - 429 - 430 - 432 - 434 - 437 - 438 - 440 - 446 - 449 - 452 - 456 - 458 - 461 - 463 - 464 - 467 - 469 - 471 - 475 - 477 - 478 - 479 - 481 - 488 - 493 - 496 - 499,220414.7,7.4,86064,69343,189.48,Cost: 86064 & Capacity: 69343
3 - 4 - 7 - 8 - 10 - 11 - 12 - 13 - 14 - 17 - 19 - 21 - 23 - 24 - 25 - 26 - 28 - 29 - 31 - 40 - 42 - 43 - 48 - 49 - 51 - 52 - 53 - 55 - 57 - 59 - 61 - 62 - 64 - 65 - 66 - 67 - 68 - 72 - 75 - 77 - 78 - 79 - 80 - 81 - 82 - 84 - 85 - 86 - 87 - 88 - 93 - 94 - 98 - 99 - 100 - 101 - 102 - 104 - 105 - 107 - 113 - 114 - 115 - 116 - 117 - 118 - 123 - 124 - 125 - 126 - 127 - 128 - 131 - 132 - 133 - 134 - 135 - 137 - 139 - 141 - 143 - 148 - 149 - 150 - 153 - 155 - 156 - 157 - 160 - 161 - 163 - 164 - 165 - 167 - 168 - 169 - 171 - 172 - 173 - 174 - 175 - 181 - 182 - 183 - 184 - 185 - 190 - 191 - 193 - 194 - 195 - 196 - 197 - 199 - 201 - 202 - 204 - 205 - 207 - 208 - 211 - 215 - 216 - 219 - 220 - 221 - 222 - 223 - 225 - 226 - 230 - 231 - 235 - 239 - 241 - 242 - 243 - 244 - 245 - 246 - 249 - 250 - 251 - 253 - 255 - 256 - 260 - 262 - 263 - 267 - 268 - 269 - 270 - 273 - 277 - 278 - 279 - 280 - 281 - 282 - 284 - 285 - 286 - 288 - 289 - 290 - 291 - 293 - 294 - 295 - 296 - 298 - 299 - 300 - 302 - 303 - 304 - 305 - 309 - 312 - 313 - 314 - 315 - 316 - 317 - 318 - 320 - 321 - 322 - 325 - 327 - 331 - 333 - 334 - 335 - 337 - 338 - 339 - 340 - 342 - 343 - 344 - 345 - 346 - 350 - 351 - 352 - 353 - 358 - 359 - 360 - 362 - 366 - 368 - 371 - 373 - 374 - 377 - 378 - 380 - 381 - 382 - 383 - 385 - 386 - 387 - 388 - 390 - 392 - 393 - 394 - 396 - 397 - 399 - 400 - 401 - 402 - 403 - 410 - 413 - 414 - 415 - 417 - 421 - 422 - 423 - 424 - 425 - 426 - 428 - 429 - 432 - 433 - 434 - 435 - 437 - 438 - 440 - 443 - 447 - 448 - 449 - 451 - 452 - 453 - 454 - 455 - 457 - 458 - 460 - 461 - 462 - 463 - 464 - 465 - 469 - 470 - 471 - 474 - 476 - 477 - 479 - 480 - 481 - 482 - 483 - 485 - 488 - 489 - 490 - 491 - 492 - 493 - 494 - 495 - 496 - 497,572679.6,3.9,93347,91720,190.97,Cost: 93347 & Capacity: 91720
3 - 4 - 7 - 8 - 10 - 11 - 12 - 13 - 14 - 17 - 19 - 21 - 23 - 24 - 25 - 26 - 28 - 29 - 31 - 40 - 42 - 43 - 48 - 49 - 51 - 52 - 53 - 55 - 57 - 59 - 61 - 62 - 64 - 65 - 66 - 67 - 68 - 72 - 75 - 77 - 78 - 79 - 80 - 81 - 82 - 84 - 85 - 86 - 87 - 88 - 93 - 94 - 98 - 99 - 100 - 101 - 102 - 104 - 105 - 107 - 113 - 114 - 115 - 116 - 117 - 118 - 123 - 124 - 125 - 126 - 127 - 128 - 131 - 132 - 133 - 134 - 135 - 137 - 139 - 141 - 143 - 148 - 149 - 150 - 153 - 155 - 156 - 157 - 160 - 161 - 163 - 164 - 165 - 167 - 168 - 169 - 171 - 172 - 173 - 174 - 175 - 181 - 182 - 183 - 184 - 185 - 190 - 191 - 193 - 194 - 195 - 196 - 197 - 199 - 201 - 202 - 204 - 205 - 207 - 208 - 211 - 215 - 216 - 219 - 220 - 221 - 222 - 223 - 225 - 226 - 230 - 231 - 235 - 239 - 241 - 242 - 243 - 244 - 245 - 246 - 249 - 250 - 251 - 253 - 255 - 256 - 260 - 262 - 263 - 267 - 268 - 269 - 270 - 273 - 277 - 278 - 279 - 280 - 281 - 282 - 284 - 285 - 286 - 288 - 289 - 290 - 291 - 293 - 294 - 295 - 296 - 298 - 299 - 300 - 302 - 303 - 304 - 305 - 309 - 312 - 313 - 314 - 315 - 316 - 317 - 318 - 320 - 321 - 322 - 325 - 327 - 331 - 333 - 334 - 335 - 337 - 338 - 339 - 340 - 342 - 343 - 344 - 345 - 346 - 350 - 351 - 352 - 353 - 358 - 359 - 360 - 362 - 366 - 368 - 371 - 373 - 374 - 377 - 378 - 380 - 381 - 382 - 383 - 385 - 386 - 387 - 388 - 390 - 392 - 393 - 394 - 396 - 397 - 399 - 400 - 401 - 402 - 403 - 410 - 413 - 414 - 415 - 417 - 421 - 422 - 423 - 424 - 425 - 426 - 428 - 429 - 432 - 433 - 434 - 435 - 437 - 438 - 440 - 443 - 447 - 448 - 449 - 451 - 452 - 453 - 454 - 455 - 457 - 458 - 460 - 461 - 462 - 463 - 464 - 465 - 469 - 470 - 471 - 474 - 476 - 477 - 479 - 480 - 481 - 482 - 483 - 485 - 488 - 489 - 490 - 491 - 492 - 493 - 494 - 495 - 496 - 497,572679.6,3.9,93347,91720,192.84,Cost: 93347 & Capacity: 91720
0 - 1 - 3 - 6 - 26 - 32 - 40 - 41 - 42 - 62 - 66 - 73 - 75 - 77 - 86 - 89 - 90 - 93 - 101 - 106 - 108 - 110 - 112 - 116 - 119 - 133 - 137 - 138 - 139 - 140 - 149 - 156 - 159 - 162 - 164 - 167 - 170 - 171 - 172 - 173 - 174 - 175 - 176 - 180 - 183 - 191 - 194 - 204 - 206 - 208 - 209 - 211 - 215 - 217 - 219 - 220 - 222 - 226 - 231 - 233 - 234 - 238 - 242 - 244 - 249 - 250 - 252 - 260 - 264 - 267 - 268 - 269 - 271 - 273 - 276 - 278 - 282 - 284 - 289 - 293 - 294 - 295 - 298 - 300 - 305 - 315 - 316 - 317 - 321 - 327 - 328 - 332 - 333 - 334 - 336 - 337 - 345 - 356 - 362 - 364 - 374 - 378 - 380 - 385 - 386 - 392 - 393 - 394 - 395 - 396 - 399 - 402 - 403 - 408 - 411 - 414 - 415 - 417 - 420 - 424 - 427 - 432 - 434 - 437 - 438 - 440 - 444 - 445 - 451 - 458 - 461 - 463 - 466 - 471 - 474 - 478 - 481 - 489 - 493 - 499,139720.2,8.0,77620,60598,194.92,Cost: 77620 & Capacity: 60598
3 - 4 - 7 - 8 - 10 - 11 - 12 - 13 - 14 - 17 - 19 - 21 - 23 - 24 - 25 - 26 - 28 - 29 - 31 - 40 - 42 - 43 - 48 - 49 - 51 - 52 - 53 - 55 - 57 - 59 - 61 - 62 - 64 - 65 - 66 - 67 - 68 - 72 - 75 - 77 - 78 - 79 - 80 - 81 - 82 - 84 - 85 - 86 - 87 - 88 - 93 - 94 - 98 - 99 - 100 - 101 - 102 - 104 - 105 - 107 - 113 - 114 - 115 - 116 - 117 - 118 - 123 - 124 - 125 - 126 - 127 - 128 - 131 - 132 - 133 - 134 - 135 - 137 - 139 - 141 - 143 - 148 - 149 - 150 - 153 - 155 - 156 - 157 - 160 - 161 - 163 - 164 - 165 - 167 - 168 - 169 - 171 - 172 - 173 - 174 - 175 - 181 - 182 - 183 - 184 - 185 - 190 - 191 - 193 - 194 - 195 - 196 - 197 - 199 - 201 - 202 - 204 - 205 - 207 - 208 - 211 - 215 - 216 - 219 - 220 - 221 - 222 - 223 - 225 - 226 - 230 - 231 - 235 - 239 - 241 - 242 - 243 - 244 - 245 - 246 - 249 - 250 - 251 - 253 - 255 - 256 - 260 - 262 - 263 - 267 - 268 - 269 - 270 - 273 - 277 - 278 - 279 - 280 - 281 - 282 - 284 - 285 - 286 - 288 - 289 - 290 - 291 - 293 - 294 - 295 - 296 - 298 - 299 - 300 - 302 - 303 - 304 - 305 - 309 - 312 - 313 - 314 - 315 - 316 - 317 - 318 - 320 - 321 - 322 - 325 - 327 - 331 - 333 - 334 - 335 - 337 - 338 - 339 - 340 - 342 - 343 - 344 - 345 - 346 - 350 - 351 - 352 - 353 - 358 - 359 - 360 - 362 - 366 - 368 - 371 - 373 - 374 - 377 - 378 - 380 - 381 - 382 - 383 - 385 - 386 - 387 - 388 - 390 - 392 - 393 - 394 - 396 - 397 - 399 - 400 - 401 - 402 - 403 - 410 - 413 - 414 - 415 - 417 - 421 - 422 - 423 - 424 - 425 - 426 - 428 - 429 - 432 - 433 - 434 - 435 - 437 - 438 - 440 - 443 - 447 - 448 - 449 - 451 - 452 - 453 - 454 - 455 - 457 - 458 - 460 - 461 - 462 - 463 - 464 - 465 - 469 - 470 - 471 - 474 - 476 - 477 - 479 - 480 - 481 - 482 - 483 - 485 - 488 - 489 - 490 - 491 - 492 - 493 - 494 - 495 - 496 - 497,572679.6,3.9,93347,91720,195.41,Cost: 93347 & Capacity: 91720
3 - 4 - 7 - 8 - 10 - 11 - 12 - 13 - 14 - 17 - 19 - 21 - 23 - 24 - 25 - 26 - 28 - 29 - 31 - 40 - 42 - 43 - 48 - 49 - 51 - 52 - 53 - 55 - 57 - 59 - 61 - 62 - 64 - 65 - 66 - 67 - 68 - 72 - 75 - 77 - 78 - 79 - 80 - 81 - 82 - 84 - 85 - 86 - 87 - 88 - 93 - 94 - 98 - 99 - 100 - 101 - 102 - 104 - 105 - 107 - 113 - 114 - 115 - 116 - 117 - 118 - 123 - 124 - 125 - 126 - 127 - 128 - 131 - 132 - 133 - 134 - 135 - 137 - 139 - 141 - 143 - 148 - 149 - 150 - 153 - 155 - 156 - 157 - 160 - 161 - 163 - 164 - 165 - 167 - 168 - 169 - 171 - 172 - 173 - 174 - 175 - 181 - 182 - 183 - 184 - 185 - 190 - 191 - 193 - 194 - 195 - 196 - 197 - 199 - 201 - 202 - 204 - 205 - 207 - 208 - 211 - 215 - 216 - 219 - 220 - 221 - 222 - 223 - 225 - 226 - 230 - 231 - 235 - 239 - 241 - 242 - 243 - 244 - 245 - 246 - 249 - 250 - 251 - 253 - 255 - 256 - 260 - 262 - 263 - 267 - 268 - 269 - 270 - 273 - 277 - 278 - 279 - 280 - 281 - 282 - 284 - 285 - 286 - 288 - 289 - 290 - 291 - 293 - 294 - 295 - 296 - 298 - 299 - 300 - 302 - 303 - 304 - 305 - 309 - 312 - 313 - 314 - 315 - 316 - 317 - 318 - 320 - 321 - 322 - 325 - 327 - 331 - 333 - 334 - 335 - 337 - 338 - 339 - 340 - 342 - 343 - 344 - 345 - 346 - 350 - 351 - 352 - 353 - 358 - 359 - 360 - 362 - 366 - 368 - 371 - 373 - 374 - 377 - 378 - 380 - 381 - 382 - 383 - 385 - 386 - 387 - 388 - 390 - 392 - 393 - 394 - 396 - 397 - 399 - 400 - 401 - 402 - 403 - 410 - 413 - 414 - 415 - 417 - 421 - 422 - 423 - 424 - 425 - 426 - 428 - 429 - 432 - 433 - 434 - 435 - 437 - 438 - 440 - 443 - 447 - 448 - 449 - 451 - 452 - 453 - 454 - 455 - 457 - 458 - 460 - 461 - 462 - 463 - 464 - 465 - 469 - 470 - 471 - 474 - 476 - 477 - 479 - 480 - 481 - 482 - 483 - 485 - 488 - 489 - 490 - 491 - 492 - 493 - 494 - 495 - 496 - 497,572679.6,3.9,93347,91720,197.17,Cost: 93347 & Capacity: 91720
3 - 4 - 7 - 8 - 10 - 11 - 12 - 13 - 14 - 17 - 19 - 21 - 23 - 24 - 25 - 26 - 28 - 29 - 31 - 40 - 42 - 43 - 48 - 49 - 51 - 52 - 53 - 55 - 57 - 59 - 61 - 62 - 64 - 65 - 66 - 67 - 68 - 72 - 75 - 77 - 78 - 79 - 80 - 81 - 82 - 84 - 85 - 86 - 87 - 88 - 93 - 94 - 98 - 99 - 100 - 101 - 102 - 104 - 105 - 107 - 113 - 114 - 115 - 116 - 117 - 118 - 123 - 124 - 125 - 126 - 127 - 128 - 131 - 132 - 133 - 134 - 135 - 137 - 139 - 141 - 143 - 148 - 149 - 150 - 153 - 155 - 156 - 157 - 160 - 161 - 163 - 164 - 165 - 167 - 168 - 169 - 171 - 172 - 173 - 174 - 175 - 181 - 182 - 183 - 184 - 185 - 190 - 191 - 193 - 194 - 195 - 196 - 197 - 199 - 201 - 202 - 204 - 205 - 207 - 208 - 211 - 215 - 216 - 219 - 220 - 221 - 222 - 223 - 225 - 226 - 230 - 231 - 235 - 239 - 241 - 242 - 243 - 244 - 245 - 246 - 249 - 250 - 251 - 253 - 255 - 256 - 260 - 262 - 263 - 267 - 268 - 269 - 270 - 273 - 277 - 278 - 279 - 280 - 281 - 282 - 284 - 285 - 286 - 288 - 289 - 290 - 291 - 293 - 294 - 295 - 296 - 298 - 299 - 300 - 302 - 303 - 304 - 305 - 309 - 312 - 313 - 314 - 315 - 316 - 317 - 318 - 320 - 321 - 322 - 325 - 327 - 331 - 333 - 334 - 335 - 337 - 338 - 339 - 340 - 342 - 343 - 344 - 345 - 346 - 350 - 351 - 352 - 353 - 358 - 359 - 360 - 362 - 366 - 368 - 371 - 373 - 374 - 377 - 378 - 380 - 381 - 382 - 383 - 385 - 386 - 387 - 388 - 390 - 392 - 393 - 394 - 396 - 397 - 399 - 400 - 401 - 402 - 403 - 410 - 413 - 414 - 415 - 417 - 421 - 422 - 423 - 424 - 425 - 426 - 428 - 429 - 432 - 433 - 434 - 435 - 437 - 438 - 440 - 443 - 447 - 448 - 449 - 451 - 452 - 453 - 454 - 455 - 457 - 458 - 460 - 461 - 462 - 463 - 464 - 465 - 469 - 470 - 471 - 474 - 476 - 477 - 479 - 480 - 481 - 482 - 483 - 485 - 488 - 489 - 490 - 491 - 492 - 493 - 494 - 495 - 496 - 497,572679.6,3.9,93347,91720,198.49,Cost: 93347 & Capacity: 91720
3 - 4 - 7 - 8 - 10 - 11 - 12 - 13 - 14 - 17 - 19 - 21 - 23 - 24 - 25 - 26 - 28 - 29 - 31 - 40 - 42 - 43 - 48 - 49 - 51 - 52 - 53 - 55 - 57 - 59 - 61 - 62 - 64 - 65 - 66 - 67 - 68 - 72 - 75 - 77 - 78 - 79 - 80 - 81 - 82 - 84 - 85 - 86 - 87 - 88 - 93 - 94 - 98 - 99 - 100 - 101 - 102 - 104 - 105 - 107 - 113 - 114 - 115 - 116 - 117 - 118 - 123 - 124 - 125 - 126 - 127 - 128 - 131 - 132 - 133 - 134 - 135 - 137 - 139 - 141 - 143 - 148 - 149 - 150 - 153 - 155 - 156 - 157 - 160 - 161 - 163 - 164 - 165 - 167 - 168 - 169 - 171 - 172 - 173 - 174 - 175 - 181 - 182 - 183 - 184 - 185 - 190 - 191 - 193 - 194 - 195 - 196 - 197 - 199 - 201 - 202 - 204 - 205 - 207 - 208 - 211 - 215 - 216 - 219 - 220 - 221 - 222 - 223 - 225 - 226 - 230 - 231 - 235 - 239 - 241 - 242 - 243 - 244 - 245 - 246 - 249 - 250 - 251 - 253 - 255 - 256 - 260 - 262 - 263 - 267 - 268 - 269 - 270 - 273 - 277 - 278 - 279 - 280 - 281 - 282 - 284 - 285 - 286 - 288 - 289 - 290 - 291 - 293 - 294 - 295 - 296 - 298 - 299 - 300 - 302 - 303 - 304 - 305 - 309 - 312 - 313 - 314 - 315 - 316 - 317 - 318 - 320 - 321 - 322 - 325 - 327 - 331 - 333 - 334 - 335 - 337 - 338 - 339 - 340 - 342 - 343 - 344 - 345 - 346 - 350 - 351 - 352 - 353 - 358 - 359 - 360 - 362 - 366 - 368 - 371 - 373 - 374 - 377 - 378 - 380 - 381 - 382 - 383 - 385 - 386 - 387 - 388 - 390 - 392 - 393 - 394 - 396 - 397 - 399 - 400 - 401 - 402 - 403 - 410 - 413 - 414 - 415 - 417 - 421 - 422 - 423 - 424 - 425 - 426 - 428 - 429 - 432 - 433 - 434 - 435 - 437 - 438 - 440 - 443 - 447 - 448 - 449 - 451 - 452 - 453 - 454 - 455 - 457 - 458 - 460 - 461 - 462 - 463 - 464 - 465 - 469 - 470 - 471 - 474 - 476 - 477 - 479 - 480 - 481 - 482 - 483 - 485 - 488 - 489 - 490 - 491 - 492 - 493 - 494 - 495 - 496 - 497,572679.6,3.9,93347,91720,199.46,Cost: 93347 & Capacity: 91720
3 - 4 - 6 - 7 - 10 - 11 - 12 - 13 - 14 - 19 - 21 - 23 - 24 - 25 - 26 - 28 - 29 - 31 - 39 - 40 - 42 - 43 - 48 - 49 - 52 - 53 - 55 - 57 - 59 - 61 - 62 - 64 - 65 - 66 - 68 - 72 - 75 - 77 - 80 - 81 - 84 - 85 - 86 - 87 - 88 - 90 - 93 - 98 - 99 - 100 - 101 - 102 - 104 - 105 - 108 - 112 - 113 - 114 - 115 - 116 - 117 - 123 - 125 - 127 - 128 - 131 - 132 - 133 - 134 - 135 - 137 - 139 - 141 - 143 - 150 - 153 - 155 - 156 - 157 - 161 - 162 - 164 - 165 - 167 - 168 - 169 - 172 - 173 - 174 - 175 - 177 - 180 - 181 - 182 - 183 - 184 - 185 - 186 - 190 - 191 - 193 - 194 - 195 - 196 - 197 - 199 - 201 - 202 - 204 - 205 - 207 - 208 - 211 - 215 - 216 - 219 - 220 - 222 - 223 - 225 - 226 - 229 - 231 - 232 - 235 - 238 - 239 - 241 - 242 - 243 - 244 - 245 - 247 - 249 - 250 - 255 - 256 - 260 - 261 - 262 - 263 - 267 - 268 - 269 - 270 - 273 - 277 - 278 - 279 - 282 - 284 - 286 - 288 - 289 - 290 - 293 - 295 - 298 - 300 - 302 - 303 - 304 - 305 - 312 - 314 - 315 - 316 - 317 - 318 - 321 - 322 - 325 - 327 - 328 - 331 - 333 - 334 - 335 - 337 - 338 - 340 - 342 - 343 - 344 - 345 - 346 - 350 - 351 - 352 - 353 - 358 - 359 - 360 - 362 - 366 - 368 - 371 - 373 - 374 - 376 - 377 - 378 - 380 - 381 - 383 - 385 - 386 - 387 - 388 - 390 - 392 - 393 - 394 - 396 - 397 - 399 - 400 - 401 - 402 - 403 - 410 - 411 - 413 - 414 - 415 - 416 - 417 - 421 - 422 - 423 - 424 - 425 - 426 - 427 - 428 - 429 - 432 - 433 - 434 - 435 - 437 - 438 - 440 - 445 - 449 - 451 - 452 - 453 - 454 - 455 - 456 - 457 - 458 - 460 - 461 - 462 - 464 - 465 - 466 - 469 - 471 - 474 - 476 - 477 - 478 - 479 - 481 - 482 - 483 - 485 - 488 - 489 - 490 - 491 - 493 - 494 - 495 - 496 - 497,512877.7,5.2,93356,89462,202.96,Cost: 93356 & Capacity: 89462
4 - 6 - 7 - 10 - 11 - 12 - 13 - 20 - 21 - 24 - 25 - 26 - 28 - 31 - 39 - 40 - 43 - 48 - 50 - 55 - 57 - 59 - 61 - 62 - 64 - 65 - 66 - 67 - 68 - 72 - 75 - 77 - 78 - 80 - 81 - 84 - 85 - 86 - 87 - 90 - 93 - 98 - 99 - 100 - 102 - 103 - 104 - 105 - 108 - 112 - 113 - 114 - 116 - 118 - 123 - 125 - 131 - 132 - 133 - 137 - 139 - 141 - 143 - 144 - 150 - 153 - 155 - 156 - 161 - 162 - 164 - 165 - 167 - 168 - 169 - 172 - 173 - 174 - 176 - 177 - 180 - 181 - 182 - 183 - 184 - 185 - 186 - 190 - 191 - 193 - 194 - 195 - 196 - 197 - 199 - 201 - 202 - 204 - 205 - 207 - 208 - 211 - 215 - 216 - 219 - 220 - 222 - 229 - 231 - 232 - 234 - 235 - 236 - 238 - 239 - 242 - 243 - 244 - 247 - 249 - 250 - 254 - 255 - 256 - 259 - 260 - 261 - 262 - 263 - 267 - 268 - 269 - 270 - 277 - 278 - 282 - 286 - 289 - 295 - 298 - 300 - 301 - 302 - 303 - 304 - 305 - 308 - 312 - 314 - 315 - 316 - 317 - 318 - 319 - 321 - 322 - 325 - 327 - 328 - 331 - 333 - 334 - 335 - 337 - 338 - 340 - 342 - 343 - 344 - 345 - 346 - 350 - 351 - 352 - 353 - 358 - 359 - 360 - 362 - 365 - 366 - 371 - 373 - 374 - 376 - 378 - 380 - 383 - 384 - 385 - 386 - 387 - 390 - 392 - 393 - 394 - 396 - 397 - 399 - 401 - 402 - 403 - 410 - 411 - 412 - 413 - 415 - 417 - 421 - 424 - 427 - 428 - 429 - 431 - 432 - 433 - 434 - 435 - 437 - 438 - 440 - 445 - 449 - 451 - 452 - 453 - 455 - 456 - 457 - 458 - 460 - 461 - 464 - 465 - 466 - 468 - 469 - 471 - 473 - 474 - 475 - 477 - 478 - 479 - 481 - 482 - 488 - 489 - 490 - 491 - 493 - 496,423086.9,6.3,93318,88489,202.99,Cost: 93318 & Capacity: 88489
