Nodes,MaxSum,MaxMin,Cost,Capacity,Time,Constraint values
0 - 1 - 5 - 10 - 11 - 17 - 18 - 19 - 23 - 26 - 27 - 28 - 32 - 47 - 48 - 51 - 55 - 64 - 68 - 70 - 78 - 81 - 82 - 84 - 90 - 93 - 97 - 99 - 103 - 108 - 109 - 111 - 114 - 115 - 123 - 124 - 128 - 132 - 133 - 134 - 137 - 139 - 143 - 144 - 150 - 151 - 155 - 158 - 160 - 166 - 170 - 173 - 174 - 180 - 181 - 182 - 193 - 194 - 198 - 205 - 207 - 210 - 218 - 219 - 220 - 224 - 230 - 233 - 234 - 242 - 245 - 250 - 251 - 254 - 255 - 257 - 262 - 265 - 269 - 270 - 272 - 273 - 278 - 279 - 281 - 283 - 284 - 285 - 286 - 289 - 294 - 296 - 297 - 298 - 301 - 303 - 306 - 310 - 311 - 312 - 316 - 317 - 329 - 330 - 333 - 334 - 335 - 336 - 340 - 343 - 349 - 351 - 355 - 357 - 358 - 363 - 368 - 369 - 370 - 372 - 377 - 384 - 387 - 392 - 393 - 394 - 395 - 397 - 399 - 404 - 405 - 407 - 408 - 411 - 412 - 413 - 414 - 415 - 416 - 419 - 420 - 422 - 428 - 429 - 430 - 431 - 433 - 435 - 440 - 442 - 444 - 445 - 447 - 450 - 451 - 453 - 456 - 459 - 460 - 461 - 463 - 468 - 482 - 484 - 487 - 488 - 496 - 498 - 499,7264293.4,11.3,91461,78665,7.73,Cost: 91461 & Capacity: 78665
0 - 1 - 7 - 8 - 11 - 13 - 14 - 15 - 16 - 18 - 21 - 22 - 23 - 25 - 26 - 28 - 30 - 34 - 38 - 39 - 43 - 44 - 45 - 47 - 49 - 50 - 51 - 52 - 55 - 56 - 60 - 65 - 67 - 68 - 73 - 75 - 80 - 81 - 82 - 84 - 85 - 87 - 89 - 90 - 93 - 96 - 100 - 101 - 103 - 105 - 109 - 112 - 114 - 118 - 120 - 121 - 122 - 123 - 124 - 126 - 127 - 129 - 133 - 136 - 137 - 138 - 140 - 141 - 143 - 146 - 148 - 151 - 152 - 154 - 155 - 156 - 157 - 158 - 166 - 169 - 173 - 180 - 181 - 182 - 184 - 185 - 186 - 188 - 189 - 190 - 191 - 192 - 193 - 195 - 197 - 198 - 201 - 204 - 206 - 208 - 211 - 213 - 215 - 216 - 217 - 218 - 219 - 222 - 223 - 226 - 227 - 228 - 229 - 230 - 233 - 235 - 238 - 239 - 243 - 244 - 245 - 247 - 248 - 250 - 254 - 255 - 256 - 257 - 258 - 259 - 262 - 263 - 264 - 265 - 266 - 270 - 272 - 278 - 279 - 280 - 281 - 283 - 284 - 286 - 287 - 288 - 289 - 290 - 291 - 295 - 297 - 298 - 299 - 300 - 301 - 303 - 307 - 308 - 310 - 311 - 316 - 318 - 319 - 320 - 331 - 332 - 333 - 334 - 336 - 337 - 341 - 342 - 343 - 345 - 346 - 348 - 350 - 358 - 362 - 366 - 369 - 372 - 374 - 375 - 378 - 379 - 380 - 381 - 384 - 388 - 389 - 391 - 393 - 394 - 396 - 397 - 398 - 399 - 400 - 404 - 409 - 410 - 412 - 416 - 417 - 418 - 420 - 421 - 425 - 429 - 433 - 435 - 437 - 438 - 441 - 442 - 446 - 447 - 450 - 451 - 454 - 456 - 457 - 458 - 462 - 466 - 467 - 468 - 472 - 475 - 478 - 481 - 483 - 484 - 486 - 487 - 488 - 493 - 494 - 495 - 496 - 498 - 499,14755354.7,3.4,86431,87140,11.84,Cost: 86431 & Capacity: 87140
11 - 13 - 16 - 18 - 21 - 22 - 26 - 27 - 28 - 30 - 34 - 43 - 44 - 49 - 51 - 52 - 55 - 60 - 67 - 68 - 69 - 75 - 81 - 86 - 93 - 97 - 103 - 105 - 109 - 112 - 114 - 119 - 121 - 123 - 124 - 129 - 130 - 132 - 136 - 143 - 144 - 145 - 151 - 152 - 154 - 157 - 158 - 160 - 161 - 166 - 170 - 173 - 177 - 181 - 182 - 183 - 188 - 192 - 193 - 194 - 197 - 203 - 211 - 212 - 213 - 217 - 219 - 220 - 222 - 227 - 230 - 232 - 233 - 234 - 235 - 239 - 240 - 242 - 243 - 247 - 248 - 250 - 254 - 255 - 256 - 257 - 261 - 263 - 264 - 265 - 267 - 270 - 273 - 278 - 279 - 280 - 281 - 283 - 284 - 290 - 292 - 295 - 300 - 301 - 303 - 304 - 306 - 308 - 310 - 313 - 318 - 319 - 324 - 327 - 331 - 332 - 333 - 335 - 336 - 342 - 343 - 345 - 348 - 352 - 354 - 356 - 361 - 363 - 367 - 368 - 369 - 370 - 372 - 374 - 376 - 378 - 379 - 381 - 383 - 384 - 386 - 389 - 391 - 392 - 393 - 396 - 397 - 399 - 400 - 401 - 402 - 404 - 405 - 406 - 410 - 416 - 417 - 419 - 421 - 423 - 425 - 426 - 429 - 435 - 437 - 441 - 443 - 445 - 446 - 447 - 448 - 449 - 450 - 451 - 454 - 455 - 456 - 457 - 459 - 460 - 462 - 463 - 466 - 467 - 469 - 471 - 472 - 475 - 476 - 479 - 481 - 482 - 484 - 488 - 491 - 493 - 494 - 495 - 498 - 499,10130794.8,8.4,91801,86093,3.35,Cost: 91801 & Capacity: 86093
0 - 1 - 4 - 7 - 10 - 11 - 14 - 17 - 18 - 19 - 20 - 21 - 25 - 26 - 27 - 28 - 32 - 48 - 50 - 51 - 52 - 54 - 61 - 64 - 67 - 70 - 81 - 82 - 86 - 90 - 93 - 96 - 108 - 110 - 112 - 116 - 118 - 122 - 123 - 124 - 127 - 129 - 130 - 132 - 135 - 136 - 138 - 139 - 141 - 145 - 150 - 152 - 154 - 158 - 160 - 163 - 166 - 171 - 172 - 173 - 174 - 177 - 181 - 182 - 183 - 187 - 191 - 197 - 205 - 210 - 216 - 218 - 219 - 220 - 223 - 227 - 228 - 231 - 232 - 233 - 234 - 242 - 245 - 247 - 248 - 251 - 255 - 257 - 258 - 265 - 267 - 269 - 270 - 271 - 274 - 275 - 278 - 283 - 284 - 288 - 289 - 290 - 294 - 295 - 297 - 298 - 309 - 312 - 313 - 315 - 316 - 320 - 321 - 324 - 326 - 327 - 329 - 333 - 334 - 335 - 336 - 343 - 346 - 348 - 351 - 356 - 357 - 358 - 360 - 363 - 365 - 368 - 369 - 372 - 374 - 375 - 381 - 389 - 391 - 393 - 401 - 404 - 405 - 409 - 413 - 415 - 416 - 420 - 421 - 430 - 435 - 437 - 439 - 440 - 441 - 442 - 445 - 446 - 447 - 450 - 451 - 458 - 460 - 461 - 463 - 466 - 469 - 485 - 488 - 494 - 498,7434432.8,10.6,89591,79191,4.11,Cost: 89591 & Capacity: 79191
7 - 9 - 10 - 11 - 13 - 14 - 15 - 16 - 18 - 21 - 22 - 23 - 26 - 27 - 28 - 30 - 33 - 34 - 35 - 38 - 39 - 43 - 44 - 45 - 47 - 48 - 49 - 50 - 52 - 54 - 55 - 56 - 57 - 58 - 60 - 61 - 62 - 64 - 65 - 67 - 68 - 70 - 73 - 75 - 76 - 80 - 81 - 84 - 85 - 87 - 88 - 93 - 94 - 96 - 97 - 101 - 103 - 104 - 105 - 108 - 110 - 111 - 112 - 114 - 115 - 117 - 120 - 121 - 123 - 124 - 126 - 127 - 129 - 130 - 133 - 136 - 137 - 138 - 139 - 141 - 142 - 143 - 144 - 145 - 146 - 148 - 149 - 151 - 152 - 156 - 157 - 158 - 160 - 161 - 162 - 163 - 165 - 167 - 168 - 169 - 170 - 172 - 173 - 174 - 175 - 177 - 180 - 182 - 183 - 184 - 185 - 186 - 187 - 189 - 190 - 191 - 192 - 193 - 194 - 195 - 196 - 201 - 203 - 206 - 207 - 208 - 211 - 212 - 213 - 216 - 217 - 218 - 219 - 222 - 223 - 226 - 227 - 228 - 229 - 230 - 232 - 233 - 235 - 239 - 242 - 243 - 244 - 245 - 247 - 248 - 250 - 251 - 252 - 254 - 255 - 256 - 257 - 258 - 259 - 260 - 262 - 264 - 265 - 266 - 270 - 278 - 279 - 280 - 281 - 283 - 286 - 287 - 289 - 290 - 291 - 292 - 294 - 295 - 297 - 298 - 299 - 300 - 301 - 303 - 307 - 309 - 310 - 311 - 312 - 313 - 314 - 315 - 316 - 318 - 319 - 320 - 326 - 327 - 330 - 331 - 332 - 333 - 334 - 336 - 337 - 340 - 341 - 342 - 345 - 346 - 348 - 350 - 354 - 356 - 358 - 360 - 362 - 366 - 368 - 370 - 371 - 372 - 374 - 375 - 377 - 378 - 379 - 380 - 381 - 383 - 384 - 387 - 388 - 389 - 391 - 392 - 393 - 395 - 396 - 397 - 398 - 399 - 400 - 401 - 404 - 405 - 408 - 409 - 410 - 413 - 415 - 416 - 418 - 420 - 421 - 424 - 425 - 429 - 431 - 433 - 436 - 437 - 438 - 440 - 441 - 442 - 445 - 446 - 447 - 450 - 451 - 453 - 454 - 456 - 457 - 458 - 460 - 462 - 464 - 466 - 467 - 468 - 472 - 478 - 482 - 483 - 484 - 485 - 486 - 487 - 488 - 490 - 493 - 494 - 495 - 496 - 498 - 499,22108469.9,0.0,91850,106779,13.89,Cost: 91850 & Capacity: 106779
0 - 5 - 10 - 11 - 12 - 13 - 14 - 19 - 35 - 41 - 42 - 50 - 51 - 53 - 54 - 57 - 61 - 62 - 63 - 66 - 67 - 73 - 78 - 81 - 85 - 90 - 96 - 98 - 99 - 103 - 108 - 112 - 116 - 122 - 134 - 137 - 139 - 141 - 150 - 151 - 153 - 155 - 160 - 168 - 170 - 174 - 177 - 181 - 183 - 187 - 191 - 193 - 197 - 207 - 208 - 215 - 220 - 221 - 222 - 226 - 230 - 232 - 233 - 239 - 251 - 255 - 257 - 261 - 263 - 265 - 266 - 267 - 270 - 271 - 272 - 277 - 278 - 279 - 283 - 286 - 289 - 299 - 303 - 309 - 311 - 312 - 315 - 316 - 321 - 324 - 325 - 332 - 335 - 336 - 339 - 343 - 346 - 347 - 348 - 351 - 352 - 354 - 355 - 357 - 358 - 363 - 369 - 370 - 371 - 372 - 380 - 382 - 384 - 385 - 386 - 388 - 393 - 395 - 396 - 405 - 406 - 410 - 414 - 416 - 430 - 435 - 440 - 443 - 445 - 447 - 448 - 452 - 458 - 459 - 460 - 462 - 463 - 465 - 466 - 469 - 471 - 475 - 488 - 491 - 492 - 494 - 495 - 497 - 498 - 499,5772606.3,14.5,91837,79816,14.29,Cost: 91837 & Capacity: 79816
3 - 4 - 9 - 11 - 14 - 21 - 27 - 28 - 31 - 32 - 34 - 38 - 52 - 53 - 56 - 61 - 66 - 67 - 68 - 78 - 82 - 84 - 90 - 95 - 96 - 106 - 109 - 118 - 120 - 128 - 135 - 136 - 141 - 148 - 151 - 153 - 154 - 157 - 158 - 160 - 165 - 171 - 173 - 177 - 179 - 183 - 186 - 187 - 191 - 192 - 193 - 197 - 209 - 210 - 213 - 214 - 217 - 220 - 221 - 222 - 227 - 228 - 230 - 231 - 234 - 244 - 245 - 246 - 247 - 250 - 255 - 265 - 267 - 275 - 278 - 280 - 282 - 283 - 285 - 286 - 289 - 290 - 300 - 308 - 309 - 310 - 316 - 317 - 324 - 325 - 326 - 327 - 335 - 343 - 347 - 348 - 349 - 351 - 353 - 356 - 357 - 363 - 369 - 370 - 373 - 374 - 380 - 383 - 384 - 393 - 396 - 399 - 404 - 405 - 406 - 407 - 408 - 409 - 414 - 420 - 426 - 430 - 433 - 438 - 441 - 442 - 443 - 444 - 445 - 446 - 450 - 451 - 455 - 459 - 460 - 462 - 463 - 469 - 471 - 472 - 473 - 490 - 493 - 497,5313006.8,15.0,90682,79259,16.04,Cost: 90682 & Capacity: 79259
3 - 4 - 9 - 11 - 14 - 21 - 27 - 28 - 31 - 32 - 34 - 38 - 52 - 53 - 56 - 61 - 66 - 67 - 68 - 78 - 82 - 84 - 90 - 95 - 96 - 106 - 109 - 118 - 120 - 128 - 135 - 136 - 141 - 148 - 151 - 153 - 154 - 157 - 158 - 160 - 165 - 171 - 173 - 177 - 179 - 183 - 186 - 187 - 191 - 192 - 193 - 197 - 209 - 210 - 213 - 214 - 217 - 220 - 221 - 222 - 227 - 228 - 230 - 231 - 234 - 244 - 245 - 246 - 247 - 250 - 255 - 265 - 267 - 275 - 278 - 280 - 282 - 283 - 285 - 286 - 289 - 290 - 300 - 308 - 309 - 310 - 316 - 317 - 324 - 325 - 326 - 327 - 335 - 343 - 347 - 348 - 349 - 351 - 353 - 356 - 357 - 363 - 369 - 370 - 373 - 374 - 380 - 383 - 384 - 393 - 396 - 399 - 404 - 405 - 406 - 407 - 408 - 409 - 414 - 420 - 426 - 430 - 433 - 438 - 441 - 442 - 443 - 444 - 445 - 446 - 450 - 451 - 455 - 458 - 459 - 460 - 462 - 463 - 469 - 471 - 472 - 473 - 490 - 493 - 497,5385486.9,14.8,90722,79283,16.03,Cost: 90722 & Capacity: 79283
3 - 4 - 9 - 11 - 14 - 21 - 27 - 28 - 31 - 32 - 34 - 38 - 52 - 53 - 56 - 61 - 66 - 67 - 68 - 78 - 82 - 84 - 90 - 95 - 96 - 106 - 109 - 118 - 120 - 128 - 135 - 136 - 141 - 148 - 151 - 153 - 154 - 157 - 158 - 160 - 165 - 171 - 173 - 177 - 179 - 183 - 186 - 187 - 191 - 192 - 193 - 197 - 209 - 210 - 213 - 214 - 217 - 220 - 221 - 222 - 227 - 228 - 230 - 231 - 234 - 244 - 245 - 246 - 247 - 250 - 255 - 265 - 267 - 275 - 278 - 280 - 282 - 283 - 285 - 286 - 289 - 290 - 297 - 300 - 308 - 309 - 310 - 316 - 317 - 324 - 325 - 326 - 327 - 335 - 343 - 347 - 348 - 349 - 351 - 353 - 356 - 357 - 363 - 369 - 370 - 373 - 374 - 380 - 383 - 384 - 393 - 396 - 399 - 404 - 405 - 406 - 407 - 408 - 409 - 414 - 420 - 426 - 430 - 433 - 438 - 441 - 442 - 443 - 444 - 445 - 446 - 450 - 451 - 455 - 458 - 459 - 460 - 462 - 463 - 469 - 471 - 472 - 473 - 490 - 493 - 497,5461611.3,14.6,90988,79630,16.03,Cost: 90988 & Capacity: 79630
7 - 9 - 10 - 11 - 13 - 14 - 15 - 16 - 18 - 21 - 22 - 23 - 26 - 27 - 28 - 30 - 33 - 34 - 35 - 38 - 39 - 43 - 44 - 45 - 47 - 48 - 49 - 50 - 52 - 54 - 55 - 56 - 57 - 58 - 60 - 61 - 62 - 64 - 65 - 67 - 68 - 70 - 73 - 75 - 76 - 80 - 81 - 84 - 85 - 87 - 88 - 89 - 93 - 94 - 96 - 97 - 101 - 103 - 104 - 105 - 108 - 110 - 111 - 112 - 114 - 115 - 117 - 120 - 121 - 123 - 124 - 126 - 127 - 129 - 130 - 133 - 136 - 137 - 138 - 139 - 141 - 142 - 143 - 144 - 145 - 146 - 148 - 149 - 151 - 152 - 156 - 157 - 158 - 160 - 161 - 162 - 163 - 165 - 167 - 168 - 169 - 170 - 172 - 173 - 174 - 175 - 177 - 180 - 182 - 183 - 184 - 185 - 186 - 187 - 189 - 190 - 191 - 192 - 193 - 194 - 195 - 196 - 201 - 202 - 203 - 206 - 207 - 208 - 211 - 212 - 213 - 216 - 217 - 218 - 219 - 222 - 223 - 226 - 227 - 228 - 229 - 230 - 232 - 233 - 235 - 239 - 242 - 243 - 244 - 245 - 247 - 248 - 250 - 251 - 254 - 255 - 256 - 257 - 258 - 259 - 260 - 262 - 264 - 265 - 266 - 270 - 278 - 279 - 280 - 281 - 283 - 286 - 287 - 289 - 290 - 291 - 292 - 294 - 295 - 297 - 298 - 299 - 300 - 301 - 303 - 304 - 307 - 309 - 310 - 311 - 312 - 313 - 314 - 315 - 316 - 318 - 319 - 320 - 326 - 327 - 330 - 331 - 332 - 333 - 334 - 336 - 337 - 340 - 341 - 342 - 345 - 346 - 348 - 350 - 354 - 356 - 358 - 360 - 362 - 366 - 368 - 370 - 371 - 372 - 374 - 375 - 377 - 378 - 379 - 380 - 381 - 384 - 387 - 388 - 389 - 391 - 392 - 393 - 396 - 397 - 398 - 399 - 400 - 401 - 404 - 405 - 408 - 409 - 410 - 413 - 415 - 416 - 418 - 420 - 421 - 424 - 425 - 429 - 431 - 433 - 436 - 437 - 438 - 440 - 441 - 442 - 445 - 446 - 447 - 450 - 451 - 452 - 453 - 454 - 456 - 457 - 458 - 460 - 462 - 464 - 466 - 468 - 472 - 478 - 482 - 483 - 484 - 485 - 486 - 487 - 488 - 490 - 493 - 494 - 495 - 496 - 498 - 499,22083257.0,0.1,91879,105714,16.25,Cost: 91879 & Capacity: 105714
1 - 10 - 11 - 13 - 17 - 18 - 26 - 27 - 28 - 30 - 33 - 34 - 43 - 49 - 51 - 52 - 55 - 56 - 60 - 65 - 67 - 68 - 69 - 73 - 75 - 81 - 89 - 103 - 105 - 109 - 112 - 123 - 124 - 129 - 130 - 132 - 143 - 144 - 145 - 148 - 151 - 152 - 155 - 158 - 166 - 171 - 173 - 177 - 180 - 181 - 182 - 184 - 185 - 188 - 191 - 192 - 193 - 194 - 197 - 198 - 201 - 207 - 210 - 213 - 219 - 220 - 224 - 226 - 227 - 228 - 229 - 230 - 232 - 233 - 234 - 235 - 239 - 243 - 245 - 247 - 248 - 250 - 251 - 254 - 255 - 256 - 257 - 258 - 262 - 263 - 264 - 265 - 266 - 270 - 275 - 277 - 278 - 279 - 280 - 281 - 283 - 284 - 288 - 289 - 290 - 292 - 297 - 299 - 300 - 301 - 303 - 306 - 309 - 311 - 312 - 315 - 316 - 318 - 319 - 324 - 327 - 328 - 332 - 333 - 334 - 336 - 337 - 340 - 341 - 342 - 343 - 345 - 346 - 348 - 351 - 366 - 368 - 369 - 370 - 371 - 372 - 374 - 378 - 381 - 383 - 384 - 386 - 389 - 391 - 393 - 396 - 397 - 399 - 400 - 401 - 402 - 404 - 405 - 406 - 410 - 414 - 416 - 417 - 419 - 420 - 425 - 426 - 428 - 437 - 438 - 441 - 443 - 445 - 446 - 447 - 448 - 449 - 450 - 451 - 456 - 458 - 459 - 460 - 462 - 463 - 465 - 466 - 467 - 469 - 471 - 472 - 475 - 478 - 479 - 481 - 482 - 488 - 489 - 491 - 493 - 494 - 498 - 499,10390724.3,7.9,91804,87867,16.77,Cost: 91804 & Capacity: 87867
7 - 9 - 10 - 11 - 13 - 14 - 15 - 16 - 18 - 21 - 22 - 23 - 26 - 27 - 28 - 30 - 33 - 34 - 35 - 38 - 39 - 43 - 44 - 45 - 47 - 48 - 49 - 50 - 52 - 54 - 55 - 56 - 57 - 58 - 60 - 61 - 62 - 64 - 65 - 67 - 68 - 70 - 73 - 75 - 76 - 80 - 81 - 84 - 85 - 87 - 88 - 89 - 93 - 94 - 96 - 97 - 101 - 103 - 104 - 105 - 108 - 110 - 111 - 112 - 114 - 115 - 117 - 120 - 121 - 123 - 124 - 126 - 127 - 129 - 130 - 133 - 136 - 137 - 138 - 139 - 141 - 142 - 143 - 144 - 145 - 146 - 148 - 149 - 151 - 152 - 156 - 157 - 158 - 160 - 161 - 162 - 163 - 165 - 167 - 168 - 169 - 170 - 172 - 173 - 174 - 175 - 177 - 180 - 182 - 183 - 184 - 185 - 186 - 187 - 189 - 190 - 191 - 192 - 193 - 194 - 195 - 196 - 201 - 202 - 203 - 206 - 207 - 208 - 211 - 212 - 213 - 216 - 217 - 218 - 219 - 222 - 223 - 226 - 227 - 228 - 229 - 230 - 232 - 233 - 235 - 239 - 242 - 243 - 244 - 245 - 247 - 248 - 250 - 251 - 254 - 255 - 256 - 257 - 258 - 259 - 260 - 262 - 264 - 265 - 266 - 270 - 278 - 279 - 280 - 281 - 283 - 286 - 287 - 289 - 290 - 291 - 292 - 294 - 295 - 297 - 298 - 299 - 300 - 301 - 303 - 304 - 307 - 309 - 310 - 311 - 312 - 313 - 314 - 315 - 316 - 318 - 319 - 320 - 326 - 327 - 330 - 331 - 332 - 333 - 334 - 336 - 337 - 340 - 341 - 342 - 345 - 346 - 348 - 350 - 354 - 356 - 358 - 360 - 362 - 366 - 368 - 370 - 371 - 372 - 374 - 375 - 377 - 378 - 379 - 380 - 381 - 384 - 387 - 388 - 389 - 391 - 392 - 393 - 396 - 397 - 398 - 399 - 400 - 401 - 404 - 405 - 408 - 409 - 410 - 413 - 415 - 416 - 418 - 420 - 421 - 424 - 425 - 429 - 431 - 433 - 436 - 437 - 438 - 440 - 441 - 442 - 445 - 446 - 447 - 450 - 451 - 452 - 453 - 454 - 456 - 457 - 458 - 460 - 462 - 464 - 466 - 468 - 472 - 478 - 482 - 483 - 484 - 485 - 486 - 487 - 488 - 490 - 493 - 494 - 495 - 496 - 498 - 499,22083257.0,0.1,91879,105714,17.02,Cost: 91879 & Capacity: 105714
1 - 4 - 7 - 9 - 11 - 13 - 14 - 15 - 16 - 18 - 21 - 22 - 23 - 26 - 27 - 28 - 30 - 33 - 34 - 35 - 38 - 39 - 43 - 45 - 47 - 48 - 49 - 50 - 51 - 52 - 55 - 56 - 58 - 60 - 61 - 62 - 64 - 65 - 67 - 68 - 70 - 73 - 75 - 76 - 80 - 81 - 84 - 85 - 87 - 93 - 94 - 96 - 101 - 103 - 104 - 105 - 109 - 112 - 114 - 115 - 120 - 121 - 123 - 124 - 126 - 129 - 133 - 136 - 137 - 138 - 139 - 141 - 142 - 143 - 144 - 145 - 146 - 148 - 151 - 152 - 156 - 157 - 158 - 160 - 161 - 162 - 166 - 167 - 169 - 170 - 173 - 174 - 175 - 177 - 180 - 181 - 182 - 184 - 185 - 186 - 187 - 188 - 189 - 191 - 192 - 193 - 194 - 195 - 196 - 197 - 201 - 206 - 207 - 208 - 211 - 212 - 213 - 216 - 217 - 218 - 219 - 222 - 223 - 226 - 227 - 228 - 229 - 230 - 232 - 233 - 235 - 238 - 239 - 243 - 244 - 245 - 247 - 248 - 251 - 254 - 255 - 256 - 257 - 258 - 259 - 262 - 263 - 264 - 265 - 267 - 270 - 278 - 279 - 280 - 281 - 283 - 284 - 286 - 287 - 289 - 290 - 291 - 292 - 295 - 297 - 298 - 299 - 300 - 301 - 303 - 307 - 309 - 310 - 311 - 314 - 316 - 318 - 319 - 320 - 324 - 326 - 327 - 330 - 331 - 332 - 333 - 334 - 336 - 337 - 340 - 341 - 342 - 343 - 345 - 346 - 348 - 350 - 356 - 358 - 362 - 363 - 366 - 368 - 369 - 370 - 372 - 374 - 375 - 377 - 378 - 379 - 381 - 383 - 384 - 387 - 388 - 389 - 391 - 392 - 393 - 395 - 398 - 399 - 400 - 404 - 405 - 408 - 409 - 410 - 412 - 413 - 414 - 416 - 420 - 421 - 424 - 425 - 429 - 431 - 433 - 435 - 436 - 437 - 438 - 440 - 441 - 442 - 445 - 446 - 447 - 448 - 450 - 451 - 452 - 453 - 454 - 456 - 457 - 458 - 460 - 462 - 464 - 466 - 467 - 468 - 472 - 478 - 482 - 483 - 484 - 486 - 487 - 488 - 493 - 494 - 495 - 496 - 498 - 499,19548740.9,0.5,91850,99655,19.14,Cost: 91850 & Capacity: 99655
7 - 9 - 10 - 11 - 13 - 14 - 15 - 16 - 18 - 21 - 22 - 23 - 26 - 27 - 28 - 30 - 33 - 34 - 35 - 38 - 39 - 43 - 44 - 45 - 47 - 48 - 49 - 50 - 52 - 54 - 55 - 56 - 57 - 58 - 60 - 61 - 62 - 64 - 65 - 67 - 68 - 70 - 73 - 75 - 76 - 80 - 81 - 84 - 85 - 87 - 88 - 89 - 93 - 94 - 96 - 97 - 101 - 103 - 104 - 105 - 108 - 110 - 111 - 112 - 114 - 115 - 117 - 120 - 121 - 123 - 124 - 126 - 127 - 129 - 130 - 133 - 136 - 137 - 138 - 139 - 141 - 142 - 143 - 144 - 145 - 146 - 148 - 149 - 151 - 152 - 156 - 157 - 158 - 160 - 161 - 162 - 163 - 165 - 167 - 168 - 169 - 170 - 172 - 173 - 174 - 175 - 177 - 180 - 182 - 183 - 184 - 185 - 186 - 187 - 189 - 190 - 191 - 192 - 193 - 194 - 195 - 196 - 201 - 202 - 203 - 206 - 207 - 208 - 211 - 212 - 213 - 216 - 217 - 218 - 219 - 222 - 223 - 226 - 227 - 228 - 229 - 230 - 232 - 233 - 235 - 239 - 242 - 243 - 244 - 245 - 247 - 248 - 250 - 251 - 254 - 255 - 256 - 257 - 258 - 259 - 260 - 262 - 264 - 265 - 266 - 270 - 278 - 279 - 280 - 281 - 283 - 286 - 287 - 289 - 290 - 291 - 292 - 294 - 295 - 297 - 298 - 299 - 300 - 301 - 303 - 304 - 307 - 309 - 310 - 311 - 312 - 313 - 314 - 315 - 316 - 318 - 319 - 320 - 326 - 327 - 330 - 331 - 332 - 333 - 334 - 336 - 337 - 340 - 341 - 342 - 345 - 346 - 348 - 350 - 354 - 356 - 358 - 360 - 362 - 366 - 368 - 370 - 371 - 372 - 374 - 375 - 377 - 378 - 379 - 380 - 381 - 384 - 387 - 388 - 389 - 391 - 392 - 393 - 396 - 397 - 398 - 399 - 400 - 401 - 404 - 405 - 408 - 409 - 410 - 413 - 415 - 416 - 418 - 420 - 421 - 424 - 425 - 429 - 431 - 433 - 436 - 437 - 438 - 440 - 441 - 442 - 445 - 446 - 447 - 450 - 451 - 452 - 453 - 454 - 456 - 457 - 458 - 460 - 462 - 464 - 466 - 468 - 472 - 478 - 482 - 483 - 484 - 485 - 486 - 487 - 488 - 490 - 493 - 494 - 495 - 496 - 498 - 499,22083257.0,0.1,91879,105714,20.77,Cost: 91879 & Capacity: 105714
7 - 9 - 10 - 11 - 13 - 14 - 15 - 16 - 18 - 21 - 22 - 23 - 26 - 27 - 28 - 30 - 33 - 34 - 35 - 38 - 39 - 43 - 44 - 45 - 47 - 48 - 49 - 50 - 52 - 54 - 55 - 56 - 57 - 58 - 60 - 61 - 62 - 64 - 65 - 67 - 68 - 70 - 73 - 75 - 76 - 80 - 81 - 84 - 85 - 87 - 88 - 89 - 93 - 94 - 96 - 97 - 101 - 103 - 104 - 105 - 108 - 110 - 111 - 112 - 114 - 115 - 117 - 120 - 121 - 123 - 124 - 126 - 127 - 129 - 130 - 133 - 136 - 137 - 138 - 139 - 141 - 142 - 143 - 144 - 145 - 146 - 148 - 149 - 151 - 152 - 156 - 157 - 158 - 160 - 161 - 162 - 163 - 165 - 167 - 168 - 169 - 170 - 172 - 173 - 174 - 175 - 177 - 180 - 182 - 183 - 184 - 185 - 186 - 187 - 189 - 190 - 191 - 192 - 193 - 194 - 195 - 196 - 201 - 203 - 206 - 207 - 208 - 211 - 212 - 213 - 216 - 217 - 218 - 219 - 222 - 223 - 226 - 227 - 228 - 229 - 230 - 232 - 233 - 235 - 239 - 242 - 243 - 244 - 245 - 247 - 248 - 250 - 251 - 252 - 254 - 255 - 256 - 257 - 258 - 259 - 260 - 262 - 264 - 265 - 266 - 270 - 278 - 279 - 280 - 281 - 283 - 286 - 287 - 289 - 290 - 291 - 292 - 294 - 295 - 297 - 298 - 299 - 300 - 301 - 303 - 307 - 309 - 310 - 311 - 312 - 313 - 314 - 315 - 316 - 318 - 319 - 320 - 326 - 327 - 330 - 331 - 332 - 333 - 334 - 336 - 337 - 340 - 341 - 342 - 345 - 346 - 348 - 350 - 354 - 356 - 358 - 360 - 362 - 366 - 368 - 370 - 371 - 372 - 374 - 375 - 377 - 378 - 379 - 380 - 381 - 384 - 387 - 388 - 389 - 391 - 392 - 393 - 396 - 397 - 398 - 399 - 400 - 401 - 404 - 405 - 408 - 409 - 410 - 413 - 415 - 416 - 418 - 420 - 421 - 424 - 425 - 429 - 431 - 433 - 436 - 437 - 438 - 440 - 441 - 442 - 445 - 446 - 447 - 450 - 451 - 452 - 453 - 454 - 456 - 457 - 458 - 460 - 462 - 464 - 466 - 467 - 468 - 472 - 478 - 482 - 483 - 484 - 485 - 486 - 487 - 488 - 490 - 493 - 494 - 495 - 496 - 498 - 499,22091956.7,0.1,91868,106680,21.5,Cost: 91868 & Capacity: 106680
7 - 9 - 10 - 11 - 13 - 14 - 15 - 16 - 18 - 21 - 22 - 23 - 26 - 27 - 28 - 30 - 33 - 34 - 35 - 38 - 39 - 43 - 44 - 45 - 47 - 48 - 49 - 50 - 52 - 54 - 55 - 56 - 57 - 58 - 60 - 61 - 62 - 64 - 65 - 67 - 68 - 70 - 73 - 75 - 76 - 80 - 81 - 84 - 85 - 87 - 88 - 89 - 93 - 94 - 96 - 97 - 101 - 103 - 104 - 105 - 108 - 110 - 111 - 112 - 114 - 115 - 117 - 120 - 121 - 123 - 124 - 126 - 127 - 129 - 130 - 133 - 136 - 137 - 138 - 139 - 141 - 142 - 143 - 144 - 145 - 146 - 148 - 149 - 151 - 152 - 156 - 157 - 158 - 160 - 161 - 162 - 163 - 165 - 167 - 168 - 169 - 170 - 172 - 173 - 174 - 175 - 177 - 180 - 182 - 183 - 184 - 185 - 186 - 187 - 189 - 190 - 191 - 192 - 193 - 194 - 195 - 196 - 201 - 202 - 203 - 206 - 207 - 208 - 211 - 212 - 213 - 216 - 217 - 218 - 219 - 222 - 223 - 226 - 227 - 228 - 229 - 230 - 232 - 233 - 235 - 239 - 242 - 243 - 244 - 245 - 247 - 248 - 250 - 251 - 254 - 255 - 256 - 257 - 258 - 259 - 260 - 262 - 264 - 265 - 266 - 270 - 278 - 279 - 280 - 281 - 283 - 286 - 287 - 289 - 290 - 291 - 292 - 294 - 295 - 297 - 298 - 299 - 300 - 301 - 303 - 304 - 307 - 309 - 310 - 311 - 312 - 313 - 314 - 315 - 316 - 318 - 319 - 320 - 326 - 327 - 330 - 331 - 332 - 333 - 334 - 336 - 337 - 340 - 341 - 342 - 345 - 346 - 348 - 350 - 354 - 356 - 358 - 360 - 362 - 366 - 368 - 370 - 371 - 372 - 374 - 375 - 377 - 378 - 379 - 380 - 381 - 384 - 387 - 388 - 389 - 391 - 392 - 393 - 396 - 397 - 398 - 399 - 400 - 401 - 404 - 405 - 408 - 409 - 410 - 413 - 415 - 416 - 418 - 420 - 421 - 424 - 425 - 429 - 431 - 433 - 436 - 437 - 438 - 440 - 441 - 442 - 445 - 446 - 447 - 450 - 451 - 452 - 453 - 454 - 456 - 457 - 458 - 460 - 462 - 464 - 466 - 468 - 472 - 478 - 482 - 483 - 484 - 485 - 486 - 487 - 488 - 490 - 493 - 494 - 495 - 496 - 498 - 499,22083257.0,0.1,91879,105714,22.86,Cost: 91879 & Capacity: 105714
1 - 2 - 4 - 6 - 8 - 9 - 12 - 16 - 18 - 25 - 27 - 32 - 41 - 51 - 52 - 57 - 62 - 63 - 64 - 66 - 67 - 68 - 70 - 71 - 74 - 76 - 91 - 96 - 98 - 101 - 103 - 108 - 109 - 111 - 115 - 119 - 120 - 124 - 127 - 129 - 130 - 132 - 133 - 136 - 138 - 139 - 141 - 143 - 146 - 147 - 154 - 155 - 158 - 160 - 165 - 166 - 173 - 177 - 181 - 182 - 183 - 191 - 194 - 210 - 211 - 213 - 216 - 217 - 218 - 219 - 220 - 221 - 222 - 227 - 230 - 232 - 233 - 236 - 240 - 242 - 244 - 248 - 257 - 267 - 270 - 272 - 276 - 280 - 281 - 283 - 284 - 285 - 287 - 288 - 290 - 292 - 295 - 297 - 310 - 311 - 312 - 316 - 320 - 321 - 324 - 328 - 332 - 333 - 334 - 337 - 340 - 342 - 345 - 348 - 351 - 355 - 357 - 358 - 360 - 363 - 368 - 370 - 378 - 384 - 390 - 398 - 402 - 403 - 404 - 405 - 409 - 410 - 413 - 415 - 416 - 423 - 425 - 430 - 435 - 436 - 438 - 440 - 442 - 451 - 453 - 457 - 458 - 459 - 460 - 462 - 463 - 469 - 476 - 479 - 484 - 487 - 489 - 494 - 497 - 498,6473771.9,12.8,91524,81015,23.66,Cost: 91524 & Capacity: 81015
1 - 4 - 10 - 11 - 13 - 16 - 18 - 21 - 23 - 26 - 27 - 28 - 30 - 36 - 43 - 51 - 52 - 55 - 56 - 58 - 65 - 67 - 68 - 69 - 70 - 73 - 76 - 81 - 96 - 97 - 100 - 104 - 105 - 109 - 112 - 116 - 123 - 124 - 129 - 130 - 139 - 143 - 144 - 145 - 151 - 152 - 154 - 157 - 158 - 160 - 166 - 170 - 173 - 177 - 181 - 182 - 183 - 184 - 188 - 191 - 192 - 193 - 201 - 210 - 213 - 219 - 220 - 222 - 223 - 227 - 229 - 230 - 232 - 233 - 234 - 235 - 239 - 240 - 243 - 245 - 247 - 252 - 254 - 255 - 256 - 257 - 264 - 267 - 269 - 270 - 274 - 275 - 279 - 280 - 281 - 282 - 283 - 284 - 286 - 295 - 297 - 301 - 306 - 310 - 311 - 312 - 313 - 316 - 319 - 322 - 326 - 327 - 328 - 331 - 332 - 333 - 336 - 337 - 341 - 342 - 343 - 345 - 348 - 352 - 354 - 363 - 367 - 368 - 369 - 370 - 372 - 374 - 376 - 378 - 381 - 383 - 384 - 389 - 391 - 393 - 395 - 396 - 397 - 399 - 400 - 401 - 402 - 404 - 405 - 414 - 416 - 417 - 419 - 421 - 423 - 425 - 426 - 427 - 429 - 437 - 441 - 443 - 446 - 447 - 448 - 449 - 450 - 451 - 454 - 456 - 457 - 458 - 459 - 460 - 462 - 463 - 465 - 466 - 469 - 470 - 471 - 472 - 475 - 479 - 481 - 482 - 484 - 488 - 489 - 490 - 493 - 494 - 495 - 499,9504700.9,9.0,91867,87122,24.41,Cost: 91867 & Capacity: 87122
7 - 9 - 10 - 11 - 13 - 14 - 15 - 16 - 18 - 21 - 22 - 23 - 26 - 27 - 28 - 30 - 33 - 34 - 35 - 38 - 39 - 43 - 44 - 45 - 47 - 48 - 49 - 50 - 52 - 54 - 55 - 56 - 57 - 58 - 60 - 61 - 62 - 64 - 65 - 67 - 68 - 70 - 73 - 75 - 76 - 80 - 81 - 84 - 85 - 87 - 88 - 89 - 93 - 94 - 96 - 97 - 101 - 103 - 104 - 105 - 108 - 110 - 111 - 112 - 114 - 115 - 117 - 120 - 121 - 123 - 124 - 126 - 127 - 129 - 130 - 133 - 136 - 137 - 138 - 139 - 141 - 142 - 143 - 144 - 145 - 146 - 148 - 149 - 151 - 152 - 156 - 157 - 158 - 160 - 161 - 162 - 163 - 165 - 167 - 168 - 169 - 170 - 172 - 173 - 174 - 175 - 177 - 180 - 182 - 183 - 184 - 185 - 186 - 187 - 189 - 190 - 191 - 192 - 193 - 194 - 195 - 196 - 201 - 202 - 203 - 206 - 207 - 208 - 211 - 212 - 213 - 216 - 217 - 218 - 219 - 222 - 223 - 226 - 227 - 228 - 229 - 230 - 232 - 233 - 235 - 239 - 242 - 243 - 244 - 245 - 247 - 248 - 250 - 251 - 254 - 255 - 256 - 257 - 258 - 259 - 260 - 262 - 264 - 265 - 266 - 270 - 278 - 279 - 280 - 281 - 283 - 286 - 287 - 289 - 290 - 291 - 292 - 294 - 295 - 297 - 298 - 299 - 300 - 301 - 303 - 304 - 307 - 309 - 310 - 311 - 312 - 313 - 314 - 315 - 316 - 318 - 319 - 320 - 326 - 327 - 330 - 331 - 332 - 333 - 334 - 336 - 337 - 340 - 341 - 342 - 345 - 346 - 348 - 350 - 354 - 356 - 358 - 360 - 362 - 366 - 368 - 370 - 371 - 372 - 374 - 375 - 377 - 378 - 379 - 380 - 381 - 384 - 387 - 388 - 389 - 391 - 392 - 393 - 396 - 397 - 398 - 399 - 400 - 401 - 404 - 405 - 408 - 409 - 410 - 413 - 415 - 416 - 418 - 420 - 421 - 424 - 425 - 429 - 431 - 433 - 436 - 437 - 438 - 440 - 441 - 442 - 445 - 446 - 447 - 450 - 451 - 452 - 453 - 454 - 456 - 457 - 458 - 460 - 462 - 464 - 466 - 468 - 472 - 478 - 482 - 483 - 484 - 485 - 486 - 487 - 488 - 490 - 493 - 494 - 495 - 496 - 498 - 499,22083257.0,0.1,91879,105714,24.64,Cost: 91879 & Capacity: 105714
1 - 5 - 6 - 7 - 9 - 12 - 21 - 27 - 29 - 33 - 35 - 45 - 50 - 52 - 54 - 55 - 60 - 61 - 62 - 63 - 67 - 69 - 74 - 75 - 78 - 81 - 86 - 91 - 98 - 103 - 104 - 109 - 115 - 122 - 131 - 139 - 141 - 144 - 147 - 157 - 158 - 171 - 173 - 174 - 177 - 179 - 181 - 182 - 184 - 185 - 187 - 193 - 194 - 199 - 210 - 213 - 218 - 219 - 220 - 221 - 224 - 227 - 230 - 232 - 233 - 242 - 244 - 249 - 255 - 257 - 261 - 263 - 264 - 265 - 266 - 267 - 272 - 273 - 274 - 280 - 282 - 283 - 291 - 292 - 296 - 300 - 303 - 306 - 312 - 316 - 319 - 324 - 325 - 336 - 339 - 345 - 348 - 351 - 352 - 356 - 357 - 358 - 364 - 369 - 370 - 372 - 374 - 376 - 379 - 380 - 382 - 384 - 393 - 396 - 402 - 405 - 406 - 407 - 409 - 413 - 414 - 416 - 419 - 422 - 424 - 428 - 429 - 430 - 431 - 432 - 435 - 438 - 441 - 445 - 447 - 457 - 458 - 459 - 460 - 462 - 463 - 465 - 466 - 468 - 471 - 474 - 478 - 484 - 491 - 494 - 497 - 498,5994476.4,14.3,91795,80352,24.7,Cost: 91795 & Capacity: 80352
7 - 9 - 10 - 11 - 13 - 14 - 15 - 16 - 18 - 21 - 22 - 23 - 26 - 27 - 28 - 30 - 33 - 34 - 35 - 38 - 39 - 43 - 44 - 45 - 47 - 48 - 49 - 50 - 52 - 54 - 55 - 56 - 58 - 60 - 61 - 62 - 64 - 65 - 67 - 68 - 70 - 73 - 75 - 76 - 80 - 81 - 84 - 85 - 87 - 88 - 93 - 94 - 96 - 97 - 101 - 103 - 104 - 105 - 108 - 110 - 111 - 112 - 114 - 115 - 117 - 120 - 121 - 123 - 124 - 126 - 127 - 129 - 130 - 133 - 136 - 137 - 138 - 139 - 141 - 142 - 143 - 144 - 145 - 146 - 148 - 149 - 151 - 152 - 156 - 157 - 158 - 160 - 161 - 162 - 163 - 165 - 167 - 168 - 169 - 170 - 172 - 173 - 174 - 175 - 177 - 180 - 182 - 183 - 184 - 185 - 186 - 187 - 189 - 190 - 191 - 192 - 193 - 194 - 195 - 196 - 201 - 202 - 203 - 206 - 207 - 208 - 211 - 212 - 213 - 216 - 217 - 218 - 219 - 222 - 223 - 224 - 226 - 227 - 228 - 229 - 230 - 232 - 233 - 235 - 239 - 242 - 243 - 244 - 245 - 247 - 248 - 250 - 251 - 252 - 254 - 255 - 256 - 257 - 258 - 259 - 260 - 262 - 264 - 265 - 266 - 270 - 278 - 279 - 280 - 281 - 283 - 286 - 287 - 289 - 290 - 291 - 292 - 294 - 295 - 297 - 298 - 299 - 300 - 301 - 303 - 307 - 309 - 310 - 311 - 312 - 313 - 314 - 315 - 316 - 318 - 319 - 320 - 326 - 327 - 330 - 331 - 332 - 333 - 334 - 336 - 337 - 340 - 341 - 342 - 345 - 346 - 348 - 350 - 354 - 356 - 358 - 360 - 362 - 366 - 368 - 370 - 371 - 372 - 374 - 375 - 377 - 378 - 379 - 380 - 381 - 383 - 384 - 387 - 388 - 389 - 391 - 392 - 393 - 395 - 397 - 398 - 399 - 400 - 401 - 404 - 405 - 408 - 409 - 410 - 413 - 416 - 418 - 420 - 421 - 424 - 425 - 429 - 431 - 433 - 436 - 437 - 438 - 440 - 441 - 442 - 445 - 446 - 447 - 450 - 451 - 452 - 453 - 454 - 456 - 457 - 458 - 460 - 462 - 464 - 466 - 467 - 468 - 472 - 478 - 482 - 483 - 484 - 485 - 486 - 487 - 488 - 490 - 493 - 494 - 495 - 496 - 498 - 499,22118977.1,0.0,91879,105768,26.51,Cost: 91879 & Capacity: 105768
7 - 9 - 10 - 11 - 13 - 14 - 15 - 16 - 18 - 21 - 22 - 23 - 26 - 27 - 28 - 30 - 33 - 34 - 35 - 38 - 39 - 43 - 44 - 45 - 47 - 48 - 49 - 50 - 52 - 54 - 55 - 56 - 57 - 58 - 60 - 61 - 62 - 64 - 65 - 67 - 68 - 70 - 73 - 75 - 76 - 80 - 81 - 84 - 85 - 87 - 88 - 93 - 94 - 96 - 97 - 101 - 103 - 104 - 105 - 108 - 110 - 111 - 112 - 114 - 115 - 117 - 120 - 121 - 123 - 124 - 126 - 127 - 129 - 130 - 133 - 136 - 137 - 138 - 139 - 141 - 142 - 143 - 144 - 145 - 146 - 148 - 149 - 151 - 152 - 156 - 157 - 158 - 160 - 161 - 162 - 163 - 165 - 167 - 168 - 169 - 170 - 173 - 174 - 175 - 177 - 180 - 182 - 183 - 184 - 185 - 186 - 187 - 189 - 190 - 191 - 192 - 193 - 194 - 195 - 196 - 201 - 202 - 203 - 206 - 207 - 208 - 211 - 212 - 213 - 216 - 217 - 218 - 219 - 222 - 223 - 224 - 226 - 227 - 228 - 229 - 230 - 232 - 233 - 235 - 239 - 242 - 243 - 244 - 245 - 247 - 248 - 250 - 251 - 252 - 254 - 255 - 256 - 257 - 258 - 259 - 260 - 262 - 264 - 265 - 266 - 270 - 278 - 279 - 280 - 281 - 283 - 286 - 287 - 289 - 290 - 291 - 292 - 294 - 295 - 297 - 298 - 299 - 300 - 301 - 303 - 307 - 309 - 310 - 311 - 312 - 313 - 314 - 315 - 316 - 318 - 319 - 320 - 326 - 327 - 330 - 331 - 332 - 333 - 334 - 336 - 337 - 340 - 341 - 342 - 345 - 346 - 348 - 350 - 354 - 356 - 358 - 360 - 362 - 366 - 368 - 370 - 371 - 372 - 374 - 375 - 377 - 378 - 379 - 380 - 381 - 383 - 384 - 387 - 388 - 389 - 391 - 392 - 393 - 396 - 397 - 398 - 399 - 400 - 401 - 404 - 405 - 408 - 409 - 410 - 413 - 415 - 416 - 418 - 420 - 421 - 424 - 425 - 429 - 431 - 433 - 436 - 437 - 438 - 440 - 441 - 442 - 445 - 446 - 447 - 450 - 451 - 452 - 453 - 454 - 456 - 457 - 458 - 460 - 462 - 464 - 466 - 468 - 472 - 478 - 482 - 483 - 484 - 485 - 486 - 487 - 488 - 490 - 493 - 494 - 495 - 496 - 498 - 499,22105452.1,0.0,91879,106318,26.54,Cost: 91879 & Capacity: 106318
1 - 7 - 9 - 11 - 13 - 14 - 15 - 16 - 18 - 21 - 22 - 23 - 26 - 27 - 28 - 30 - 34 - 35 - 38 - 39 - 43 - 44 - 45 - 47 - 48 - 49 - 50 - 51 - 52 - 55 - 56 - 58 - 60 - 61 - 62 - 64 - 65 - 67 - 68 - 70 - 73 - 75 - 76 - 80 - 81 - 82 - 84 - 85 - 87 - 88 - 89 - 93 - 94 - 96 - 97 - 101 - 103 - 105 - 109 - 110 - 112 - 114 - 115 - 117 - 120 - 121 - 123 - 124 - 126 - 127 - 129 - 133 - 136 - 137 - 138 - 139 - 141 - 142 - 143 - 145 - 146 - 148 - 151 - 152 - 154 - 155 - 156 - 157 - 158 - 161 - 162 - 163 - 166 - 167 - 169 - 170 - 173 - 174 - 175 - 180 - 181 - 182 - 184 - 185 - 186 - 188 - 189 - 190 - 191 - 192 - 193 - 194 - 195 - 196 - 197 - 201 - 203 - 206 - 207 - 208 - 211 - 212 - 213 - 216 - 217 - 218 - 219 - 222 - 223 - 226 - 227 - 228 - 229 - 230 - 232 - 233 - 234 - 235 - 239 - 243 - 244 - 245 - 247 - 248 - 250 - 251 - 254 - 255 - 256 - 257 - 258 - 259 - 262 - 263 - 264 - 265 - 266 - 270 - 278 - 279 - 280 - 281 - 283 - 284 - 286 - 287 - 289 - 290 - 291 - 292 - 294 - 295 - 297 - 298 - 299 - 300 - 301 - 303 - 307 - 308 - 309 - 310 - 311 - 314 - 315 - 316 - 318 - 319 - 320 - 324 - 326 - 327 - 330 - 331 - 332 - 333 - 334 - 336 - 337 - 340 - 341 - 342 - 343 - 345 - 346 - 348 - 350 - 354 - 356 - 358 - 360 - 362 - 366 - 369 - 370 - 372 - 374 - 375 - 377 - 378 - 379 - 381 - 384 - 387 - 388 - 389 - 391 - 392 - 393 - 397 - 398 - 399 - 400 - 404 - 408 - 409 - 410 - 412 - 413 - 416 - 418 - 420 - 421 - 424 - 425 - 429 - 431 - 433 - 435 - 436 - 437 - 438 - 440 - 441 - 442 - 445 - 446 - 447 - 450 - 451 - 453 - 454 - 456 - 457 - 458 - 462 - 466 - 467 - 468 - 472 - 478 - 482 - 483 - 484 - 485 - 486 - 487 - 488 - 490 - 493 - 494 - 495 - 496 - 498 - 499,20298686.6,0.3,91872,100664,27.44,Cost: 91872 & Capacity: 100664
7 - 9 - 10 - 11 - 13 - 14 - 15 - 16 - 18 - 21 - 22 - 23 - 26 - 27 - 28 - 30 - 33 - 34 - 35 - 38 - 39 - 43 - 44 - 45 - 47 - 48 - 49 - 50 - 52 - 54 - 55 - 56 - 57 - 58 - 60 - 61 - 62 - 64 - 65 - 67 - 68 - 70 - 73 - 75 - 76 - 80 - 81 - 84 - 85 - 87 - 88 - 89 - 93 - 94 - 96 - 97 - 101 - 103 - 104 - 105 - 108 - 110 - 111 - 112 - 114 - 115 - 117 - 120 - 121 - 123 - 124 - 126 - 127 - 129 - 130 - 133 - 136 - 137 - 138 - 139 - 141 - 142 - 143 - 144 - 145 - 146 - 148 - 149 - 151 - 152 - 156 - 157 - 158 - 160 - 161 - 162 - 163 - 165 - 167 - 168 - 169 - 170 - 172 - 173 - 174 - 175 - 177 - 180 - 182 - 183 - 184 - 185 - 186 - 187 - 189 - 190 - 191 - 192 - 193 - 194 - 195 - 196 - 201 - 202 - 203 - 206 - 207 - 208 - 211 - 212 - 213 - 216 - 217 - 218 - 219 - 222 - 223 - 226 - 227 - 228 - 229 - 230 - 232 - 233 - 235 - 239 - 242 - 243 - 244 - 245 - 247 - 248 - 250 - 251 - 254 - 255 - 256 - 257 - 258 - 259 - 260 - 262 - 264 - 265 - 266 - 270 - 278 - 279 - 280 - 281 - 283 - 286 - 287 - 289 - 290 - 291 - 292 - 294 - 295 - 297 - 298 - 299 - 300 - 301 - 303 - 304 - 307 - 309 - 310 - 311 - 312 - 313 - 314 - 315 - 316 - 318 - 319 - 320 - 326 - 327 - 330 - 331 - 332 - 333 - 334 - 336 - 337 - 340 - 341 - 342 - 345 - 346 - 348 - 350 - 354 - 356 - 358 - 360 - 362 - 366 - 368 - 370 - 371 - 372 - 374 - 375 - 377 - 378 - 379 - 380 - 381 - 384 - 387 - 388 - 389 - 391 - 392 - 393 - 396 - 397 - 398 - 399 - 400 - 401 - 404 - 405 - 408 - 409 - 410 - 413 - 415 - 416 - 418 - 420 - 421 - 424 - 425 - 429 - 431 - 433 - 436 - 437 - 438 - 440 - 441 - 442 - 445 - 446 - 447 - 450 - 451 - 452 - 453 - 454 - 456 - 457 - 458 - 460 - 462 - 464 - 466 - 468 - 472 - 478 - 482 - 483 - 484 - 485 - 486 - 487 - 488 - 490 - 493 - 494 - 495 - 496 - 498 - 499,22083257.0,0.1,91879,105714,28.24,Cost: 91879 & Capacity: 105714
7 - 9 - 10 - 11 - 13 - 14 - 15 - 16 - 18 - 21 - 22 - 23 - 26 - 27 - 28 - 30 - 33 - 34 - 35 - 38 - 39 - 43 - 44 - 45 - 47 - 48 - 49 - 50 - 52 - 54 - 55 - 56 - 57 - 58 - 60 - 61 - 62 - 64 - 65 - 67 - 68 - 70 - 73 - 75 - 76 - 80 - 81 - 84 - 85 - 87 - 88 - 89 - 93 - 94 - 96 - 97 - 101 - 103 - 104 - 105 - 108 - 110 - 111 - 112 - 114 - 115 - 117 - 120 - 121 - 123 - 124 - 126 - 127 - 129 - 130 - 133 - 136 - 137 - 138 - 139 - 141 - 142 - 143 - 144 - 145 - 146 - 148 - 149 - 151 - 152 - 156 - 157 - 158 - 160 - 161 - 162 - 163 - 165 - 167 - 168 - 169 - 170 - 172 - 173 - 174 - 175 - 177 - 180 - 182 - 183 - 184 - 185 - 186 - 187 - 189 - 190 - 191 - 192 - 193 - 194 - 195 - 196 - 201 - 202 - 203 - 206 - 207 - 208 - 211 - 212 - 213 - 216 - 217 - 218 - 219 - 222 - 223 - 226 - 227 - 228 - 229 - 230 - 232 - 233 - 235 - 239 - 242 - 243 - 244 - 245 - 247 - 248 - 250 - 251 - 254 - 255 - 256 - 257 - 258 - 259 - 260 - 262 - 264 - 265 - 266 - 270 - 278 - 279 - 280 - 281 - 283 - 286 - 287 - 289 - 290 - 291 - 292 - 294 - 295 - 297 - 298 - 299 - 300 - 301 - 303 - 304 - 307 - 309 - 310 - 311 - 312 - 313 - 314 - 315 - 316 - 318 - 319 - 320 - 326 - 327 - 330 - 331 - 332 - 333 - 334 - 336 - 337 - 340 - 341 - 342 - 345 - 346 - 348 - 350 - 354 - 356 - 358 - 360 - 362 - 366 - 368 - 370 - 371 - 372 - 374 - 375 - 377 - 378 - 379 - 380 - 381 - 384 - 387 - 388 - 389 - 391 - 392 - 393 - 396 - 397 - 398 - 399 - 400 - 401 - 404 - 405 - 408 - 409 - 410 - 413 - 415 - 416 - 418 - 420 - 421 - 424 - 425 - 429 - 431 - 433 - 436 - 437 - 438 - 440 - 441 - 442 - 445 - 446 - 447 - 450 - 451 - 452 - 453 - 454 - 456 - 457 - 458 - 460 - 462 - 464 - 466 - 468 - 472 - 478 - 482 - 483 - 484 - 485 - 486 - 487 - 488 - 490 - 493 - 494 - 495 - 496 - 498 - 499,22083257.0,0.1,91879,105714,29.0,Cost: 91879 & Capacity: 105714
0 - 1 - 4 - 7 - 10 - 11 - 14 - 16 - 17 - 18 - 22 - 26 - 27 - 31 - 33 - 34 - 41 - 42 - 43 - 45 - 50 - 52 - 53 - 55 - 56 - 57 - 58 - 60 - 61 - 67 - 68 - 69 - 78 - 80 - 81 - 85 - 89 - 93 - 97 - 101 - 103 - 104 - 109 - 112 - 113 - 114 - 116 - 117 - 118 - 120 - 122 - 123 - 124 - 137 - 150 - 151 - 152 - 158 - 162 - 163 - 164 - 170 - 171 - 173 - 175 - 176 - 181 - 182 - 183 - 185 - 187 - 188 - 189 - 190 - 192 - 193 - 196 - 202 - 204 - 205 - 207 - 209 - 216 - 217 - 219 - 231 - 232 - 233 - 235 - 244 - 245 - 246 - 247 - 251 - 255 - 257 - 263 - 265 - 268 - 270 - 272 - 273 - 276 - 278 - 280 - 283 - 284 - 286 - 289 - 290 - 295 - 297 - 299 - 300 - 301 - 305 - 316 - 319 - 324 - 325 - 326 - 327 - 331 - 332 - 333 - 334 - 336 - 337 - 339 - 343 - 345 - 348 - 356 - 357 - 366 - 367 - 369 - 370 - 371 - 373 - 377 - 378 - 379 - 388 - 389 - 393 - 400 - 401 - 404 - 413 - 414 - 416 - 417 - 419 - 420 - 429 - 430 - 431 - 433 - 435 - 445 - 446 - 450 - 451 - 454 - 457 - 458 - 465 - 466 - 467 - 472 - 475 - 479 - 481 - 482 - 487 - 488 - 489 - 491 - 493 - 496 - 499,8398520.6,10.2,91621,81544,29.21,Cost: 91621 & Capacity: 81544
7 - 9 - 10 - 11 - 13 - 14 - 15 - 16 - 18 - 21 - 22 - 23 - 26 - 27 - 28 - 30 - 33 - 34 - 35 - 38 - 39 - 43 - 44 - 45 - 47 - 48 - 49 - 50 - 52 - 54 - 55 - 56 - 57 - 58 - 60 - 61 - 62 - 64 - 65 - 67 - 68 - 70 - 73 - 75 - 76 - 80 - 81 - 84 - 85 - 87 - 88 - 89 - 93 - 94 - 96 - 97 - 101 - 103 - 104 - 105 - 108 - 110 - 111 - 112 - 114 - 115 - 117 - 120 - 121 - 123 - 124 - 126 - 127 - 129 - 130 - 133 - 136 - 137 - 138 - 139 - 141 - 142 - 143 - 144 - 145 - 146 - 148 - 149 - 151 - 152 - 156 - 157 - 158 - 160 - 161 - 162 - 163 - 165 - 167 - 168 - 169 - 170 - 172 - 173 - 174 - 175 - 177 - 180 - 182 - 183 - 184 - 185 - 186 - 187 - 189 - 190 - 191 - 192 - 193 - 194 - 195 - 196 - 201 - 202 - 203 - 206 - 207 - 208 - 211 - 212 - 213 - 216 - 217 - 218 - 219 - 222 - 223 - 226 - 227 - 228 - 229 - 230 - 232 - 233 - 235 - 239 - 242 - 243 - 244 - 245 - 247 - 248 - 250 - 251 - 254 - 255 - 256 - 257 - 258 - 259 - 260 - 262 - 264 - 265 - 266 - 270 - 278 - 279 - 280 - 281 - 283 - 286 - 287 - 289 - 290 - 291 - 292 - 294 - 295 - 297 - 298 - 299 - 300 - 301 - 303 - 304 - 307 - 309 - 310 - 311 - 312 - 313 - 314 - 315 - 316 - 318 - 319 - 320 - 326 - 327 - 330 - 331 - 332 - 333 - 334 - 336 - 337 - 340 - 341 - 342 - 345 - 346 - 348 - 350 - 354 - 356 - 358 - 360 - 362 - 366 - 368 - 370 - 371 - 372 - 374 - 375 - 377 - 378 - 379 - 380 - 381 - 384 - 387 - 388 - 389 - 391 - 392 - 393 - 396 - 397 - 398 - 399 - 400 - 401 - 404 - 405 - 408 - 409 - 410 - 413 - 415 - 416 - 418 - 420 - 421 - 424 - 425 - 429 - 431 - 433 - 436 - 437 - 438 - 440 - 441 - 442 - 445 - 446 - 447 - 450 - 451 - 452 - 453 - 454 - 456 - 457 - 458 - 460 - 462 - 464 - 466 - 468 - 472 - 478 - 482 - 483 - 484 - 485 - 486 - 487 - 488 - 490 - 493 - 494 - 495 - 496 - 498 - 499,22083257.0,0.1,91879,105714,31.3,Cost: 91879 & Capacity: 105714
7 - 9 - 10 - 11 - 13 - 14 - 15 - 16 - 18 - 21 - 22 - 23 - 26 - 27 - 28 - 30 - 33 - 34 - 35 - 38 - 39 - 43 - 44 - 45 - 47 - 48 - 49 - 50 - 52 - 54 - 55 - 56 - 57 - 58 - 60 - 61 - 62 - 64 - 65 - 67 - 68 - 70 - 73 - 75 - 76 - 80 - 81 - 84 - 85 - 87 - 88 - 89 - 93 - 94 - 96 - 97 - 101 - 103 - 104 - 105 - 108 - 110 - 111 - 112 - 114 - 115 - 117 - 120 - 121 - 123 - 124 - 126 - 127 - 129 - 130 - 133 - 136 - 137 - 138 - 139 - 141 - 142 - 143 - 144 - 145 - 146 - 148 - 149 - 151 - 152 - 156 - 157 - 158 - 160 - 161 - 162 - 163 - 165 - 167 - 168 - 169 - 170 - 172 - 173 - 174 - 175 - 177 - 180 - 182 - 183 - 184 - 185 - 186 - 187 - 189 - 190 - 191 - 192 - 193 - 194 - 195 - 196 - 201 - 202 - 203 - 206 - 207 - 208 - 211 - 212 - 213 - 216 - 217 - 218 - 219 - 222 - 223 - 226 - 227 - 228 - 229 - 230 - 232 - 233 - 235 - 239 - 242 - 243 - 244 - 245 - 247 - 248 - 250 - 251 - 254 - 255 - 256 - 257 - 258 - 259 - 260 - 262 - 264 - 265 - 266 - 270 - 278 - 279 - 280 - 281 - 283 - 286 - 287 - 289 - 290 - 291 - 292 - 294 - 295 - 297 - 298 - 299 - 300 - 301 - 303 - 304 - 307 - 309 - 310 - 311 - 312 - 313 - 314 - 315 - 316 - 318 - 319 - 320 - 326 - 327 - 330 - 331 - 332 - 333 - 334 - 336 - 337 - 340 - 341 - 342 - 345 - 346 - 348 - 350 - 354 - 356 - 358 - 360 - 362 - 366 - 368 - 370 - 371 - 372 - 374 - 375 - 377 - 378 - 379 - 380 - 381 - 384 - 387 - 388 - 389 - 391 - 392 - 393 - 396 - 397 - 398 - 399 - 400 - 401 - 404 - 405 - 408 - 409 - 410 - 413 - 415 - 416 - 418 - 420 - 421 - 424 - 425 - 429 - 431 - 433 - 436 - 437 - 438 - 440 - 441 - 442 - 445 - 446 - 447 - 450 - 451 - 452 - 453 - 454 - 456 - 457 - 458 - 460 - 462 - 464 - 466 - 468 - 472 - 478 - 482 - 483 - 484 - 485 - 486 - 487 - 488 - 490 - 493 - 494 - 495 - 496 - 498 - 499,22083257.0,0.1,91879,105714,32.01,Cost: 91879 & Capacity: 105714
7 - 9 - 10 - 11 - 13 - 14 - 15 - 16 - 18 - 21 - 22 - 23 - 26 - 27 - 28 - 30 - 33 - 34 - 35 - 38 - 39 - 43 - 44 - 45 - 47 - 48 - 49 - 50 - 52 - 54 - 55 - 56 - 57 - 58 - 60 - 61 - 62 - 64 - 65 - 67 - 68 - 70 - 73 - 75 - 76 - 80 - 81 - 84 - 85 - 87 - 88 - 89 - 93 - 94 - 96 - 97 - 101 - 103 - 104 - 105 - 108 - 110 - 111 - 112 - 114 - 115 - 117 - 120 - 121 - 123 - 124 - 126 - 127 - 129 - 130 - 133 - 136 - 137 - 138 - 139 - 141 - 142 - 143 - 144 - 145 - 146 - 148 - 149 - 151 - 152 - 156 - 157 - 158 - 160 - 161 - 162 - 163 - 165 - 167 - 168 - 169 - 170 - 172 - 173 - 174 - 175 - 177 - 180 - 182 - 183 - 184 - 185 - 186 - 187 - 189 - 190 - 191 - 192 - 193 - 194 - 195 - 196 - 201 - 202 - 203 - 206 - 207 - 208 - 211 - 212 - 213 - 216 - 217 - 218 - 219 - 222 - 223 - 226 - 227 - 228 - 229 - 230 - 232 - 233 - 235 - 239 - 242 - 243 - 244 - 245 - 247 - 248 - 250 - 251 - 254 - 255 - 256 - 257 - 258 - 259 - 260 - 262 - 264 - 265 - 266 - 270 - 278 - 279 - 280 - 281 - 283 - 286 - 287 - 289 - 290 - 291 - 292 - 294 - 295 - 297 - 298 - 299 - 300 - 301 - 303 - 304 - 307 - 309 - 310 - 311 - 312 - 313 - 314 - 315 - 316 - 318 - 319 - 320 - 326 - 327 - 330 - 331 - 332 - 333 - 334 - 336 - 337 - 340 - 341 - 342 - 345 - 346 - 348 - 350 - 354 - 356 - 358 - 360 - 362 - 366 - 368 - 370 - 371 - 372 - 374 - 375 - 377 - 378 - 379 - 380 - 381 - 384 - 387 - 388 - 389 - 391 - 392 - 393 - 396 - 397 - 398 - 399 - 400 - 401 - 404 - 405 - 408 - 409 - 410 - 413 - 415 - 416 - 418 - 420 - 421 - 424 - 425 - 429 - 431 - 433 - 436 - 437 - 438 - 440 - 441 - 442 - 445 - 446 - 447 - 450 - 451 - 452 - 453 - 454 - 456 - 457 - 458 - 460 - 462 - 464 - 466 - 468 - 472 - 478 - 482 - 483 - 484 - 485 - 486 - 487 - 488 - 490 - 493 - 494 - 495 - 496 - 498 - 499,22083257.0,0.1,91879,105714,33.27,Cost: 91879 & Capacity: 105714
1 - 6 - 7 - 10 - 11 - 13 - 16 - 18 - 21 - 26 - 27 - 28 - 30 - 34 - 36 - 43 - 44 - 49 - 51 - 52 - 55 - 56 - 60 - 65 - 67 - 69 - 71 - 74 - 75 - 80 - 85 - 96 - 97 - 103 - 105 - 109 - 112 - 114 - 123 - 124 - 129 - 132 - 133 - 136 - 143 - 144 - 145 - 151 - 152 - 158 - 161 - 166 - 169 - 170 - 171 - 173 - 177 - 181 - 182 - 183 - 184 - 191 - 192 - 193 - 194 - 197 - 212 - 213 - 217 - 219 - 220 - 221 - 222 - 224 - 227 - 229 - 230 - 232 - 233 - 234 - 235 - 239 - 240 - 243 - 244 - 247 - 248 - 250 - 254 - 255 - 257 - 263 - 264 - 265 - 266 - 270 - 272 - 274 - 275 - 277 - 278 - 279 - 280 - 281 - 282 - 283 - 284 - 288 - 289 - 290 - 291 - 292 - 295 - 297 - 299 - 300 - 303 - 306 - 308 - 310 - 312 - 313 - 315 - 316 - 318 - 319 - 324 - 328 - 331 - 332 - 333 - 336 - 337 - 342 - 343 - 345 - 348 - 352 - 356 - 357 - 363 - 366 - 368 - 369 - 370 - 372 - 374 - 378 - 381 - 384 - 386 - 388 - 389 - 390 - 391 - 393 - 396 - 400 - 404 - 405 - 406 - 413 - 415 - 416 - 417 - 420 - 423 - 425 - 429 - 430 - 436 - 437 - 441 - 445 - 448 - 449 - 451 - 454 - 456 - 457 - 458 - 460 - 462 - 466 - 468 - 469 - 471 - 472 - 475 - 479 - 481 - 482 - 488 - 489 - 491 - 493 - 494 - 498 - 499,9951926.1,8.5,91877,86389,34.51,Cost: 91877 & Capacity: 86389
7 - 9 - 10 - 11 - 13 - 14 - 15 - 16 - 18 - 21 - 22 - 23 - 26 - 27 - 28 - 30 - 33 - 34 - 35 - 38 - 39 - 43 - 44 - 45 - 47 - 48 - 49 - 50 - 52 - 54 - 55 - 56 - 57 - 58 - 60 - 61 - 62 - 64 - 65 - 67 - 68 - 70 - 73 - 75 - 76 - 80 - 81 - 84 - 85 - 87 - 88 - 89 - 93 - 94 - 96 - 97 - 101 - 103 - 104 - 105 - 108 - 110 - 111 - 112 - 114 - 115 - 117 - 120 - 121 - 123 - 124 - 126 - 127 - 129 - 130 - 133 - 136 - 137 - 138 - 139 - 141 - 142 - 143 - 144 - 145 - 146 - 148 - 149 - 151 - 152 - 156 - 157 - 158 - 160 - 161 - 162 - 163 - 165 - 167 - 168 - 169 - 170 - 172 - 173 - 174 - 175 - 177 - 180 - 182 - 183 - 184 - 185 - 186 - 187 - 189 - 190 - 191 - 192 - 193 - 194 - 195 - 196 - 201 - 202 - 203 - 206 - 207 - 208 - 211 - 212 - 213 - 216 - 217 - 218 - 219 - 222 - 223 - 226 - 227 - 228 - 229 - 230 - 232 - 233 - 235 - 239 - 242 - 243 - 244 - 245 - 247 - 248 - 250 - 251 - 254 - 255 - 256 - 257 - 258 - 259 - 260 - 262 - 264 - 265 - 266 - 270 - 278 - 279 - 280 - 281 - 283 - 286 - 287 - 289 - 290 - 291 - 292 - 294 - 295 - 297 - 298 - 299 - 300 - 301 - 303 - 304 - 307 - 309 - 310 - 311 - 312 - 313 - 314 - 315 - 316 - 318 - 319 - 320 - 326 - 327 - 330 - 331 - 332 - 333 - 334 - 336 - 337 - 340 - 341 - 342 - 345 - 346 - 348 - 350 - 354 - 356 - 358 - 360 - 362 - 366 - 368 - 370 - 371 - 372 - 374 - 375 - 377 - 378 - 379 - 380 - 381 - 384 - 387 - 388 - 389 - 391 - 392 - 393 - 396 - 397 - 398 - 399 - 400 - 401 - 404 - 405 - 408 - 409 - 410 - 413 - 415 - 416 - 418 - 420 - 421 - 424 - 425 - 429 - 431 - 433 - 436 - 437 - 438 - 440 - 441 - 442 - 445 - 446 - 447 - 450 - 451 - 452 - 453 - 454 - 456 - 457 - 458 - 460 - 462 - 464 - 466 - 468 - 472 - 478 - 482 - 483 - 484 - 485 - 486 - 487 - 488 - 490 - 493 - 494 - 495 - 496 - 498 - 499,22083257.0,0.1,91879,105714,37.14,Cost: 91879 & Capacity: 105714
1 - 7 - 10 - 11 - 13 - 14 - 16 - 18 - 21 - 22 - 23 - 26 - 28 - 30 - 33 - 34 - 35 - 38 - 39 - 43 - 44 - 45 - 47 - 49 - 50 - 51 - 52 - 55 - 56 - 60 - 61 - 65 - 67 - 68 - 73 - 75 - 80 - 81 - 82 - 84 - 85 - 87 - 88 - 89 - 93 - 94 - 96 - 100 - 101 - 103 - 105 - 109 - 112 - 114 - 115 - 118 - 120 - 121 - 123 - 124 - 126 - 127 - 129 - 133 - 136 - 137 - 138 - 139 - 141 - 143 - 146 - 148 - 151 - 152 - 155 - 156 - 157 - 158 - 162 - 163 - 167 - 169 - 170 - 173 - 174 - 175 - 177 - 180 - 181 - 182 - 183 - 184 - 185 - 186 - 188 - 189 - 190 - 191 - 192 - 193 - 195 - 196 - 197 - 201 - 203 - 206 - 207 - 208 - 211 - 212 - 213 - 215 - 216 - 217 - 218 - 219 - 222 - 223 - 226 - 227 - 228 - 229 - 230 - 233 - 234 - 235 - 238 - 239 - 242 - 243 - 244 - 245 - 247 - 248 - 250 - 251 - 254 - 255 - 256 - 257 - 258 - 259 - 262 - 263 - 264 - 265 - 266 - 270 - 278 - 279 - 280 - 281 - 283 - 284 - 286 - 287 - 289 - 290 - 291 - 292 - 294 - 295 - 297 - 298 - 299 - 300 - 301 - 303 - 307 - 308 - 309 - 310 - 311 - 313 - 314 - 316 - 318 - 319 - 320 - 326 - 327 - 330 - 331 - 332 - 333 - 334 - 336 - 337 - 340 - 341 - 342 - 343 - 345 - 346 - 348 - 350 - 358 - 362 - 366 - 368 - 369 - 370 - 372 - 374 - 375 - 377 - 378 - 379 - 380 - 381 - 384 - 387 - 388 - 389 - 391 - 392 - 393 - 394 - 395 - 396 - 397 - 398 - 399 - 400 - 404 - 405 - 409 - 410 - 412 - 415 - 416 - 418 - 420 - 421 - 424 - 425 - 429 - 431 - 433 - 437 - 438 - 440 - 441 - 442 - 446 - 447 - 450 - 451 - 454 - 456 - 457 - 458 - 462 - 466 - 467 - 468 - 472 - 478 - 482 - 483 - 484 - 486 - 487 - 488 - 490 - 493 - 494 - 495 - 496 - 498 - 499,18326627.8,1.4,91843,99413,37.87,Cost: 91843 & Capacity: 99413
4 - 11 - 13 - 18 - 23 - 26 - 27 - 28 - 30 - 43 - 52 - 55 - 56 - 60 - 64 - 67 - 68 - 69 - 73 - 74 - 75 - 81 - 84 - 97 - 103 - 104 - 105 - 109 - 114 - 116 - 123 - 124 - 125 - 129 - 130 - 132 - 136 - 138 - 139 - 142 - 143 - 144 - 145 - 151 - 152 - 154 - 158 - 160 - 169 - 170 - 171 - 173 - 177 - 181 - 182 - 183 - 188 - 191 - 192 - 193 - 194 - 197 - 198 - 211 - 212 - 213 - 216 - 219 - 220 - 222 - 227 - 229 - 230 - 232 - 233 - 234 - 235 - 238 - 240 - 243 - 245 - 247 - 248 - 254 - 255 - 256 - 260 - 261 - 262 - 263 - 264 - 265 - 270 - 272 - 278 - 280 - 281 - 283 - 284 - 285 - 286 - 288 - 289 - 295 - 297 - 299 - 300 - 301 - 304 - 306 - 308 - 310 - 312 - 313 - 316 - 318 - 319 - 324 - 326 - 327 - 328 - 329 - 330 - 331 - 332 - 333 - 336 - 337 - 342 - 343 - 345 - 346 - 352 - 356 - 363 - 367 - 368 - 369 - 370 - 371 - 372 - 378 - 379 - 381 - 382 - 383 - 384 - 387 - 389 - 391 - 392 - 393 - 395 - 396 - 397 - 399 - 400 - 401 - 404 - 405 - 406 - 410 - 413 - 414 - 416 - 417 - 420 - 425 - 435 - 436 - 437 - 441 - 445 - 447 - 448 - 449 - 451 - 454 - 456 - 457 - 459 - 460 - 462 - 463 - 466 - 467 - 469 - 472 - 475 - 476 - 479 - 481 - 482 - 486 - 487 - 488 - 489 - 493 - 494 - 498 - 499,10179012.2,8.1,91813,88309,38.64,Cost: 91813 & Capacity: 88309
7 - 9 - 10 - 11 - 13 - 14 - 15 - 16 - 18 - 21 - 22 - 23 - 26 - 27 - 28 - 30 - 33 - 34 - 35 - 38 - 39 - 43 - 44 - 45 - 47 - 48 - 49 - 50 - 52 - 54 - 55 - 56 - 57 - 58 - 60 - 61 - 62 - 64 - 65 - 67 - 68 - 70 - 73 - 75 - 76 - 80 - 81 - 84 - 85 - 87 - 88 - 93 - 94 - 96 - 97 - 101 - 103 - 104 - 105 - 108 - 110 - 111 - 112 - 114 - 115 - 117 - 120 - 121 - 123 - 124 - 126 - 127 - 129 - 130 - 133 - 136 - 137 - 138 - 139 - 141 - 142 - 143 - 144 - 145 - 146 - 148 - 149 - 151 - 152 - 156 - 157 - 158 - 160 - 161 - 162 - 163 - 165 - 167 - 168 - 169 - 170 - 172 - 173 - 174 - 175 - 177 - 180 - 182 - 183 - 184 - 185 - 186 - 187 - 189 - 190 - 191 - 192 - 193 - 194 - 195 - 196 - 201 - 203 - 206 - 207 - 208 - 211 - 212 - 213 - 216 - 217 - 218 - 219 - 222 - 223 - 226 - 227 - 228 - 229 - 230 - 232 - 233 - 235 - 239 - 242 - 243 - 244 - 245 - 247 - 248 - 250 - 251 - 252 - 254 - 255 - 256 - 257 - 258 - 259 - 260 - 262 - 264 - 265 - 266 - 270 - 278 - 279 - 280 - 281 - 283 - 286 - 287 - 289 - 290 - 291 - 292 - 294 - 295 - 297 - 298 - 299 - 300 - 301 - 303 - 307 - 309 - 310 - 311 - 312 - 313 - 314 - 315 - 316 - 318 - 319 - 320 - 326 - 327 - 330 - 331 - 332 - 333 - 334 - 336 - 337 - 340 - 341 - 342 - 345 - 346 - 348 - 350 - 354 - 356 - 358 - 360 - 362 - 366 - 368 - 370 - 371 - 372 - 374 - 375 - 377 - 378 - 379 - 380 - 381 - 383 - 384 - 387 - 388 - 389 - 391 - 392 - 393 - 395 - 396 - 397 - 398 - 399 - 400 - 401 - 404 - 405 - 408 - 409 - 410 - 413 - 415 - 416 - 418 - 420 - 421 - 424 - 425 - 429 - 431 - 433 - 436 - 437 - 438 - 440 - 441 - 442 - 445 - 446 - 447 - 450 - 451 - 453 - 454 - 456 - 457 - 458 - 460 - 462 - 464 - 466 - 467 - 468 - 472 - 478 - 482 - 483 - 484 - 485 - 486 - 487 - 488 - 490 - 493 - 494 - 495 - 496 - 498 - 499,22108469.9,0.0,91850,106779,38.84,Cost: 91850 & Capacity: 106779
7 - 9 - 10 - 11 - 13 - 14 - 15 - 16 - 18 - 21 - 22 - 23 - 26 - 27 - 28 - 30 - 33 - 34 - 35 - 38 - 39 - 43 - 44 - 45 - 47 - 48 - 49 - 50 - 52 - 54 - 55 - 56 - 57 - 58 - 60 - 61 - 62 - 64 - 65 - 67 - 68 - 70 - 73 - 75 - 76 - 80 - 81 - 84 - 85 - 87 - 88 - 89 - 93 - 94 - 96 - 97 - 101 - 103 - 104 - 105 - 108 - 110 - 111 - 112 - 114 - 115 - 117 - 120 - 121 - 123 - 124 - 126 - 127 - 129 - 130 - 133 - 136 - 137 - 138 - 139 - 141 - 142 - 143 - 144 - 145 - 146 - 148 - 149 - 151 - 152 - 156 - 157 - 158 - 160 - 161 - 162 - 163 - 165 - 167 - 168 - 169 - 170 - 172 - 173 - 174 - 175 - 177 - 180 - 182 - 183 - 184 - 185 - 186 - 187 - 189 - 190 - 191 - 192 - 193 - 194 - 195 - 196 - 201 - 202 - 203 - 206 - 207 - 208 - 211 - 212 - 213 - 216 - 217 - 218 - 219 - 222 - 223 - 226 - 227 - 228 - 229 - 230 - 232 - 233 - 235 - 239 - 242 - 243 - 244 - 245 - 247 - 248 - 250 - 251 - 254 - 255 - 256 - 257 - 258 - 259 - 260 - 262 - 264 - 265 - 266 - 270 - 278 - 279 - 280 - 281 - 283 - 286 - 287 - 289 - 290 - 291 - 292 - 294 - 295 - 297 - 298 - 299 - 300 - 301 - 303 - 304 - 307 - 309 - 310 - 311 - 312 - 313 - 314 - 315 - 316 - 318 - 319 - 320 - 326 - 327 - 330 - 331 - 332 - 333 - 334 - 336 - 337 - 340 - 341 - 342 - 345 - 346 - 348 - 350 - 354 - 356 - 358 - 360 - 362 - 366 - 368 - 370 - 371 - 372 - 374 - 375 - 377 - 378 - 379 - 380 - 381 - 384 - 387 - 388 - 389 - 391 - 392 - 393 - 396 - 397 - 398 - 399 - 400 - 401 - 404 - 405 - 408 - 409 - 410 - 413 - 415 - 416 - 418 - 420 - 421 - 424 - 425 - 429 - 431 - 433 - 436 - 437 - 438 - 440 - 441 - 442 - 445 - 446 - 447 - 450 - 451 - 452 - 453 - 454 - 456 - 457 - 458 - 460 - 462 - 464 - 466 - 468 - 472 - 478 - 482 - 483 - 484 - 485 - 486 - 487 - 488 - 490 - 493 - 494 - 495 - 496 - 498 - 499,22083257.0,0.1,91879,105714,42.22,Cost: 91879 & Capacity: 105714
4 - 11 - 13 - 14 - 18 - 21 - 26 - 27 - 28 - 30 - 34 - 35 - 36 - 43 - 49 - 51 - 52 - 55 - 56 - 59 - 60 - 65 - 67 - 68 - 69 - 75 - 81 - 84 - 93 - 96 - 103 - 105 - 109 - 112 - 114 - 119 - 121 - 123 - 124 - 130 - 133 - 136 - 143 - 144 - 145 - 148 - 151 - 152 - 154 - 157 - 160 - 161 - 170 - 173 - 177 - 181 - 182 - 183 - 188 - 189 - 191 - 192 - 193 - 197 - 198 - 202 - 203 - 204 - 208 - 210 - 212 - 213 - 217 - 219 - 220 - 222 - 227 - 228 - 229 - 230 - 232 - 233 - 234 - 235 - 238 - 239 - 240 - 243 - 247 - 250 - 254 - 255 - 256 - 257 - 262 - 263 - 264 - 265 - 270 - 274 - 278 - 279 - 280 - 281 - 283 - 284 - 288 - 290 - 292 - 295 - 299 - 300 - 301 - 306 - 307 - 308 - 310 - 312 - 313 - 316 - 318 - 319 - 324 - 326 - 328 - 331 - 332 - 333 - 334 - 335 - 336 - 340 - 342 - 343 - 345 - 348 - 356 - 363 - 367 - 368 - 369 - 370 - 372 - 374 - 378 - 379 - 381 - 382 - 383 - 386 - 389 - 391 - 393 - 396 - 397 - 399 - 400 - 401 - 404 - 405 - 406 - 413 - 414 - 416 - 419 - 425 - 427 - 429 - 433 - 437 - 441 - 442 - 443 - 445 - 446 - 447 - 448 - 449 - 451 - 454 - 456 - 457 - 458 - 459 - 460 - 462 - 463 - 466 - 468 - 469 - 471 - 472 - 474 - 475 - 476 - 479 - 481 - 482 - 488 - 489 - 491 - 493 - 495 - 498 - 499,10651496.3,7.7,91826,85472,46.95,Cost: 91826 & Capacity: 85472
7 - 9 - 10 - 11 - 13 - 14 - 15 - 16 - 18 - 21 - 22 - 23 - 26 - 27 - 28 - 30 - 33 - 34 - 35 - 38 - 39 - 43 - 44 - 45 - 47 - 48 - 49 - 50 - 52 - 54 - 55 - 56 - 57 - 58 - 60 - 61 - 62 - 64 - 65 - 67 - 68 - 70 - 73 - 75 - 76 - 80 - 81 - 84 - 85 - 87 - 88 - 89 - 93 - 94 - 96 - 97 - 101 - 103 - 104 - 105 - 108 - 110 - 111 - 112 - 114 - 115 - 117 - 120 - 121 - 123 - 124 - 126 - 127 - 129 - 130 - 133 - 136 - 137 - 138 - 139 - 141 - 142 - 143 - 144 - 145 - 146 - 148 - 149 - 151 - 152 - 156 - 157 - 158 - 160 - 161 - 162 - 163 - 165 - 167 - 168 - 169 - 170 - 172 - 173 - 174 - 175 - 177 - 180 - 182 - 183 - 184 - 185 - 186 - 187 - 189 - 190 - 191 - 192 - 193 - 194 - 195 - 196 - 201 - 203 - 206 - 207 - 208 - 211 - 212 - 213 - 216 - 217 - 218 - 219 - 222 - 223 - 226 - 227 - 228 - 229 - 230 - 232 - 233 - 235 - 239 - 242 - 243 - 244 - 245 - 247 - 248 - 250 - 251 - 252 - 254 - 255 - 256 - 257 - 258 - 259 - 260 - 262 - 264 - 265 - 266 - 270 - 278 - 279 - 280 - 281 - 283 - 286 - 287 - 289 - 290 - 291 - 292 - 294 - 295 - 297 - 298 - 299 - 300 - 301 - 303 - 307 - 309 - 310 - 311 - 312 - 313 - 314 - 315 - 316 - 318 - 319 - 320 - 326 - 327 - 330 - 331 - 332 - 333 - 334 - 336 - 337 - 340 - 341 - 342 - 345 - 346 - 348 - 350 - 354 - 356 - 358 - 360 - 362 - 366 - 368 - 370 - 371 - 372 - 374 - 375 - 377 - 378 - 379 - 380 - 381 - 384 - 387 - 388 - 389 - 391 - 392 - 393 - 396 - 397 - 398 - 399 - 400 - 401 - 404 - 405 - 408 - 409 - 410 - 413 - 415 - 416 - 418 - 420 - 421 - 424 - 425 - 429 - 431 - 433 - 436 - 437 - 438 - 440 - 441 - 442 - 445 - 446 - 447 - 450 - 451 - 452 - 453 - 454 - 456 - 457 - 458 - 460 - 462 - 464 - 466 - 467 - 468 - 472 - 478 - 482 - 483 - 484 - 485 - 486 - 487 - 488 - 490 - 493 - 494 - 495 - 496 - 498 - 499,22091956.7,0.1,91868,106680,47.2,Cost: 91868 & Capacity: 106680
7 - 9 - 10 - 11 - 13 - 14 - 15 - 16 - 18 - 21 - 22 - 23 - 26 - 27 - 28 - 30 - 33 - 34 - 35 - 38 - 39 - 43 - 44 - 45 - 47 - 48 - 49 - 50 - 52 - 54 - 55 - 56 - 57 - 58 - 60 - 61 - 62 - 64 - 65 - 67 - 68 - 70 - 73 - 75 - 76 - 80 - 81 - 84 - 85 - 87 - 88 - 93 - 94 - 96 - 97 - 101 - 103 - 104 - 105 - 108 - 110 - 111 - 112 - 114 - 115 - 117 - 120 - 121 - 123 - 124 - 126 - 127 - 129 - 130 - 133 - 136 - 137 - 138 - 139 - 141 - 142 - 143 - 144 - 145 - 146 - 148 - 149 - 151 - 152 - 156 - 157 - 158 - 160 - 161 - 162 - 163 - 165 - 167 - 168 - 169 - 170 - 172 - 173 - 174 - 175 - 177 - 180 - 182 - 183 - 184 - 185 - 186 - 187 - 189 - 190 - 191 - 192 - 193 - 194 - 195 - 196 - 201 - 202 - 203 - 206 - 207 - 208 - 211 - 212 - 213 - 216 - 217 - 218 - 219 - 222 - 223 - 226 - 227 - 228 - 229 - 230 - 232 - 233 - 235 - 239 - 242 - 243 - 244 - 245 - 247 - 248 - 250 - 251 - 252 - 254 - 255 - 256 - 257 - 258 - 259 - 260 - 262 - 264 - 265 - 266 - 270 - 278 - 279 - 280 - 281 - 283 - 286 - 287 - 289 - 290 - 291 - 292 - 294 - 295 - 297 - 298 - 299 - 300 - 301 - 303 - 307 - 309 - 310 - 311 - 312 - 313 - 314 - 315 - 316 - 318 - 319 - 320 - 326 - 327 - 330 - 331 - 332 - 333 - 334 - 336 - 337 - 340 - 341 - 342 - 343 - 345 - 346 - 348 - 350 - 354 - 356 - 358 - 360 - 362 - 366 - 368 - 370 - 371 - 372 - 374 - 375 - 377 - 378 - 379 - 380 - 381 - 384 - 387 - 388 - 389 - 391 - 392 - 393 - 395 - 397 - 398 - 399 - 400 - 401 - 404 - 405 - 408 - 409 - 410 - 413 - 415 - 416 - 418 - 420 - 421 - 424 - 425 - 429 - 431 - 433 - 436 - 437 - 438 - 440 - 441 - 442 - 445 - 446 - 447 - 450 - 451 - 452 - 453 - 454 - 456 - 457 - 458 - 460 - 462 - 464 - 466 - 468 - 472 - 478 - 482 - 483 - 484 - 485 - 486 - 487 - 488 - 490 - 493 - 494 - 495 - 496 - 498 - 499,22105324.6,0.1,91875,106356,51.51,Cost: 91875 & Capacity: 106356
0 - 1 - 7 - 9 - 11 - 13 - 14 - 15 - 16 - 18 - 21 - 22 - 23 - 26 - 27 - 28 - 30 - 34 - 35 - 38 - 39 - 43 - 44 - 45 - 47 - 48 - 49 - 50 - 51 - 52 - 54 - 55 - 56 - 58 - 60 - 61 - 64 - 65 - 67 - 68 - 70 - 73 - 75 - 76 - 80 - 81 - 82 - 84 - 85 - 87 - 88 - 93 - 94 - 96 - 100 - 101 - 103 - 105 - 109 - 110 - 111 - 112 - 114 - 115 - 120 - 121 - 123 - 124 - 126 - 127 - 129 - 133 - 136 - 137 - 138 - 139 - 141 - 142 - 143 - 146 - 148 - 151 - 152 - 154 - 155 - 156 - 157 - 158 - 161 - 162 - 163 - 165 - 167 - 169 - 170 - 173 - 174 - 175 - 180 - 181 - 182 - 183 - 184 - 185 - 186 - 188 - 189 - 190 - 191 - 192 - 193 - 195 - 196 - 197 - 201 - 206 - 207 - 208 - 211 - 212 - 213 - 216 - 217 - 218 - 219 - 222 - 223 - 226 - 227 - 228 - 229 - 230 - 233 - 235 - 238 - 239 - 243 - 244 - 245 - 247 - 248 - 250 - 251 - 254 - 255 - 256 - 257 - 258 - 259 - 262 - 263 - 264 - 265 - 266 - 270 - 272 - 278 - 279 - 280 - 281 - 283 - 284 - 286 - 287 - 289 - 290 - 291 - 292 - 294 - 295 - 297 - 298 - 299 - 300 - 301 - 303 - 307 - 308 - 309 - 310 - 311 - 314 - 315 - 316 - 318 - 319 - 320 - 326 - 330 - 331 - 332 - 333 - 334 - 336 - 337 - 340 - 341 - 342 - 343 - 345 - 346 - 348 - 350 - 354 - 356 - 358 - 362 - 363 - 366 - 369 - 370 - 372 - 374 - 375 - 377 - 378 - 379 - 381 - 384 - 387 - 388 - 389 - 391 - 393 - 394 - 397 - 398 - 399 - 400 - 404 - 405 - 408 - 409 - 410 - 412 - 416 - 417 - 418 - 421 - 424 - 425 - 429 - 431 - 433 - 436 - 437 - 438 - 440 - 441 - 442 - 445 - 446 - 447 - 450 - 451 - 453 - 454 - 456 - 457 - 458 - 462 - 464 - 466 - 468 - 472 - 478 - 482 - 483 - 484 - 486 - 487 - 488 - 490 - 493 - 494 - 495 - 496 - 498 - 499,19419775.9,0.7,91862,98853,55.74,Cost: 91862 & Capacity: 98853
8 - 10 - 13 - 14 - 27 - 33 - 41 - 43 - 44 - 48 - 49 - 57 - 58 - 60 - 61 - 63 - 64 - 68 - 69 - 70 - 78 - 80 - 89 - 91 - 109 - 112 - 114 - 116 - 117 - 119 - 122 - 123 - 129 - 136 - 139 - 141 - 147 - 148 - 150 - 151 - 152 - 155 - 173 - 177 - 179 - 181 - 183 - 187 - 189 - 191 - 197 - 198 - 200 - 202 - 208 - 210 - 214 - 216 - 217 - 219 - 220 - 221 - 222 - 228 - 229 - 230 - 231 - 233 - 235 - 239 - 240 - 248 - 253 - 263 - 264 - 268 - 274 - 275 - 280 - 282 - 283 - 284 - 287 - 292 - 293 - 295 - 296 - 300 - 302 - 309 - 310 - 311 - 312 - 316 - 323 - 324 - 327 - 328 - 333 - 335 - 339 - 344 - 345 - 348 - 352 - 353 - 357 - 359 - 364 - 366 - 367 - 369 - 383 - 386 - 390 - 395 - 400 - 404 - 407 - 408 - 409 - 415 - 416 - 417 - 419 - 426 - 431 - 435 - 443 - 446 - 451 - 454 - 456 - 461 - 469 - 472 - 473 - 475 - 477 - 479 - 490 - 492 - 493 - 497,5279242.1,15.6,91458,85785,58.28,Cost: 91458 & Capacity: 85785
8 - 10 - 13 - 14 - 27 - 31 - 33 - 41 - 43 - 44 - 48 - 49 - 57 - 58 - 60 - 61 - 62 - 63 - 64 - 68 - 69 - 70 - 78 - 80 - 89 - 91 - 109 - 112 - 114 - 116 - 117 - 119 - 122 - 129 - 136 - 139 - 141 - 147 - 148 - 150 - 151 - 155 - 173 - 177 - 179 - 181 - 183 - 187 - 189 - 191 - 197 - 202 - 208 - 210 - 214 - 216 - 217 - 219 - 220 - 221 - 222 - 228 - 229 - 230 - 231 - 233 - 235 - 239 - 240 - 248 - 253 - 263 - 264 - 268 - 274 - 275 - 280 - 282 - 283 - 284 - 287 - 292 - 293 - 295 - 296 - 300 - 302 - 309 - 310 - 311 - 312 - 316 - 323 - 324 - 327 - 328 - 333 - 335 - 339 - 344 - 345 - 348 - 352 - 353 - 357 - 359 - 364 - 366 - 367 - 369 - 383 - 386 - 390 - 395 - 400 - 404 - 407 - 408 - 409 - 415 - 416 - 417 - 419 - 422 - 426 - 430 - 431 - 435 - 443 - 446 - 451 - 454 - 456 - 461 - 472 - 473 - 475 - 477 - 490 - 492 - 493 - 497,5146312.0,15.7,91259,85235,58.31,Cost: 91259 & Capacity: 85235
7 - 9 - 10 - 11 - 13 - 14 - 15 - 16 - 18 - 21 - 22 - 23 - 26 - 27 - 28 - 30 - 33 - 34 - 35 - 38 - 39 - 43 - 44 - 45 - 47 - 48 - 49 - 50 - 52 - 54 - 55 - 56 - 57 - 58 - 60 - 61 - 62 - 64 - 65 - 67 - 68 - 70 - 73 - 75 - 76 - 80 - 81 - 84 - 85 - 87 - 88 - 89 - 93 - 94 - 96 - 97 - 101 - 103 - 104 - 105 - 108 - 110 - 111 - 112 - 114 - 115 - 117 - 120 - 121 - 123 - 124 - 126 - 127 - 129 - 130 - 133 - 136 - 137 - 138 - 139 - 141 - 142 - 143 - 144 - 145 - 146 - 148 - 149 - 151 - 152 - 156 - 157 - 158 - 160 - 161 - 162 - 163 - 165 - 167 - 168 - 169 - 170 - 172 - 173 - 174 - 175 - 177 - 180 - 182 - 183 - 184 - 185 - 186 - 187 - 189 - 190 - 191 - 192 - 193 - 194 - 195 - 196 - 201 - 202 - 203 - 206 - 207 - 208 - 211 - 212 - 213 - 216 - 217 - 218 - 219 - 222 - 223 - 226 - 227 - 228 - 229 - 230 - 232 - 233 - 235 - 239 - 242 - 243 - 244 - 245 - 247 - 248 - 250 - 251 - 254 - 255 - 256 - 257 - 258 - 259 - 260 - 262 - 264 - 265 - 266 - 270 - 278 - 279 - 280 - 281 - 283 - 286 - 287 - 289 - 290 - 291 - 292 - 294 - 295 - 297 - 298 - 299 - 300 - 301 - 303 - 304 - 307 - 309 - 310 - 311 - 312 - 313 - 314 - 315 - 316 - 318 - 319 - 320 - 326 - 327 - 330 - 331 - 332 - 333 - 334 - 336 - 337 - 340 - 341 - 342 - 345 - 346 - 348 - 350 - 354 - 356 - 358 - 360 - 362 - 366 - 368 - 370 - 371 - 372 - 374 - 375 - 377 - 378 - 379 - 380 - 381 - 384 - 387 - 388 - 389 - 391 - 392 - 393 - 396 - 397 - 398 - 399 - 400 - 401 - 404 - 405 - 408 - 409 - 410 - 413 - 415 - 416 - 418 - 420 - 421 - 424 - 425 - 429 - 431 - 433 - 436 - 437 - 438 - 440 - 441 - 442 - 445 - 446 - 447 - 450 - 451 - 452 - 453 - 454 - 456 - 457 - 458 - 460 - 462 - 464 - 466 - 468 - 472 - 478 - 482 - 483 - 484 - 485 - 486 - 487 - 488 - 490 - 493 - 494 - 495 - 496 - 498 - 499,22083257.0,0.1,91879,105714,58.5,Cost: 91879 & Capacity: 105714
7 - 9 - 10 - 11 - 13 - 14 - 15 - 16 - 18 - 21 - 22 - 23 - 26 - 27 - 28 - 30 - 33 - 34 - 35 - 38 - 39 - 43 - 44 - 45 - 47 - 48 - 49 - 50 - 52 - 54 - 55 - 56 - 57 - 58 - 60 - 61 - 62 - 64 - 65 - 67 - 68 - 70 - 73 - 75 - 76 - 80 - 81 - 84 - 85 - 87 - 88 - 89 - 93 - 94 - 96 - 97 - 101 - 103 - 104 - 105 - 108 - 110 - 111 - 112 - 114 - 115 - 117 - 120 - 121 - 123 - 124 - 126 - 127 - 129 - 130 - 133 - 136 - 137 - 138 - 139 - 141 - 142 - 143 - 144 - 145 - 146 - 148 - 149 - 151 - 152 - 156 - 157 - 158 - 160 - 161 - 162 - 163 - 165 - 167 - 168 - 169 - 170 - 172 - 173 - 174 - 175 - 177 - 180 - 182 - 183 - 184 - 185 - 186 - 187 - 189 - 190 - 191 - 192 - 193 - 194 - 195 - 196 - 201 - 202 - 203 - 206 - 207 - 208 - 211 - 212 - 213 - 216 - 217 - 218 - 219 - 222 - 223 - 226 - 227 - 228 - 229 - 230 - 232 - 233 - 235 - 239 - 242 - 243 - 244 - 245 - 247 - 248 - 250 - 251 - 254 - 255 - 256 - 257 - 258 - 259 - 260 - 262 - 264 - 265 - 266 - 270 - 278 - 279 - 280 - 281 - 283 - 286 - 287 - 289 - 290 - 291 - 292 - 294 - 295 - 297 - 298 - 299 - 300 - 301 - 303 - 304 - 307 - 309 - 310 - 311 - 312 - 313 - 314 - 315 - 316 - 318 - 319 - 320 - 326 - 327 - 330 - 331 - 332 - 333 - 334 - 336 - 337 - 340 - 341 - 342 - 345 - 346 - 348 - 350 - 354 - 356 - 358 - 360 - 362 - 366 - 368 - 370 - 371 - 372 - 374 - 375 - 377 - 378 - 379 - 380 - 381 - 384 - 387 - 388 - 389 - 391 - 392 - 393 - 396 - 397 - 398 - 399 - 400 - 401 - 404 - 405 - 408 - 409 - 410 - 413 - 415 - 416 - 418 - 420 - 421 - 424 - 425 - 429 - 431 - 433 - 436 - 437 - 438 - 440 - 441 - 442 - 445 - 446 - 447 - 450 - 451 - 452 - 453 - 454 - 456 - 457 - 458 - 460 - 462 - 464 - 466 - 468 - 472 - 478 - 482 - 483 - 484 - 485 - 486 - 487 - 488 - 490 - 493 - 494 - 495 - 496 - 498 - 499,22083257.0,0.1,91879,105714,59.15,Cost: 91879 & Capacity: 105714
7 - 9 - 10 - 11 - 13 - 14 - 15 - 16 - 18 - 21 - 22 - 23 - 26 - 27 - 28 - 30 - 33 - 34 - 35 - 38 - 39 - 43 - 44 - 45 - 47 - 48 - 49 - 50 - 52 - 54 - 55 - 56 - 57 - 58 - 60 - 61 - 62 - 64 - 65 - 67 - 68 - 70 - 73 - 75 - 76 - 80 - 81 - 84 - 85 - 87 - 88 - 93 - 94 - 96 - 97 - 101 - 103 - 104 - 105 - 108 - 110 - 111 - 112 - 114 - 115 - 117 - 120 - 121 - 123 - 124 - 126 - 127 - 129 - 130 - 133 - 136 - 137 - 138 - 139 - 141 - 142 - 143 - 144 - 145 - 146 - 148 - 149 - 151 - 152 - 156 - 157 - 158 - 160 - 161 - 162 - 163 - 165 - 167 - 168 - 169 - 170 - 172 - 173 - 174 - 175 - 177 - 180 - 182 - 183 - 184 - 185 - 186 - 187 - 189 - 190 - 191 - 192 - 193 - 194 - 195 - 196 - 201 - 203 - 206 - 207 - 208 - 211 - 212 - 213 - 216 - 217 - 218 - 219 - 222 - 223 - 226 - 227 - 228 - 229 - 230 - 232 - 233 - 235 - 239 - 242 - 243 - 244 - 245 - 247 - 248 - 250 - 251 - 252 - 254 - 255 - 256 - 257 - 258 - 259 - 260 - 262 - 264 - 265 - 266 - 270 - 278 - 279 - 280 - 281 - 283 - 286 - 287 - 289 - 290 - 291 - 292 - 294 - 295 - 297 - 298 - 299 - 300 - 301 - 303 - 307 - 309 - 310 - 311 - 312 - 313 - 314 - 315 - 316 - 318 - 319 - 320 - 326 - 327 - 330 - 331 - 332 - 333 - 334 - 336 - 337 - 340 - 341 - 342 - 345 - 346 - 348 - 350 - 354 - 356 - 358 - 360 - 362 - 366 - 368 - 370 - 371 - 372 - 374 - 375 - 377 - 378 - 379 - 380 - 381 - 383 - 384 - 387 - 388 - 389 - 391 - 392 - 393 - 395 - 396 - 397 - 398 - 399 - 400 - 401 - 404 - 405 - 408 - 409 - 410 - 413 - 415 - 416 - 418 - 420 - 421 - 424 - 425 - 429 - 431 - 433 - 436 - 437 - 438 - 440 - 441 - 442 - 445 - 446 - 447 - 450 - 451 - 453 - 454 - 456 - 457 - 458 - 460 - 462 - 464 - 466 - 467 - 468 - 472 - 478 - 482 - 483 - 484 - 485 - 486 - 487 - 488 - 490 - 493 - 494 - 495 - 496 - 498 - 499,22108469.9,0.0,91850,106779,59.18,Cost: 91850 & Capacity: 106779
1 - 8 - 13 - 14 - 16 - 17 - 18 - 21 - 26 - 27 - 28 - 30 - 34 - 35 - 43 - 44 - 49 - 51 - 52 - 55 - 56 - 58 - 59 - 60 - 67 - 69 - 74 - 75 - 80 - 81 - 93 - 96 - 103 - 105 - 109 - 112 - 114 - 118 - 122 - 123 - 124 - 129 - 130 - 136 - 144 - 145 - 151 - 152 - 154 - 157 - 158 - 161 - 167 - 173 - 177 - 178 - 181 - 182 - 183 - 188 - 190 - 191 - 192 - 193 - 197 - 198 - 210 - 211 - 212 - 213 - 217 - 219 - 220 - 227 - 228 - 229 - 230 - 232 - 233 - 234 - 238 - 239 - 240 - 243 - 247 - 250 - 254 - 256 - 257 - 263 - 265 - 268 - 270 - 275 - 277 - 278 - 279 - 280 - 281 - 283 - 284 - 290 - 291 - 292 - 293 - 295 - 297 - 299 - 300 - 301 - 306 - 308 - 309 - 310 - 311 - 312 - 313 - 316 - 319 - 324 - 326 - 327 - 328 - 331 - 332 - 333 - 336 - 342 - 343 - 345 - 346 - 348 - 352 - 358 - 362 - 363 - 366 - 368 - 369 - 370 - 372 - 374 - 376 - 378 - 381 - 383 - 389 - 391 - 393 - 396 - 397 - 399 - 400 - 401 - 403 - 404 - 405 - 406 - 410 - 415 - 416 - 417 - 419 - 420 - 426 - 428 - 435 - 437 - 441 - 443 - 444 - 445 - 446 - 448 - 449 - 450 - 451 - 454 - 456 - 458 - 462 - 466 - 469 - 471 - 475 - 476 - 479 - 481 - 482 - 488 - 489 - 491 - 493 - 494 - 499,9611325.3,8.9,91800,85733,59.39,Cost: 91800 & Capacity: 85733
0 - 1 - 9 - 12 - 16 - 20 - 28 - 37 - 40 - 43 - 51 - 53 - 55 - 59 - 61 - 67 - 70 - 74 - 76 - 78 - 81 - 86 - 87 - 97 - 98 - 99 - 106 - 116 - 117 - 123 - 124 - 130 - 135 - 136 - 139 - 142 - 144 - 145 - 150 - 152 - 160 - 167 - 174 - 176 - 177 - 179 - 183 - 184 - 187 - 194 - 199 - 208 - 210 - 213 - 214 - 218 - 221 - 225 - 226 - 227 - 230 - 244 - 245 - 252 - 257 - 258 - 261 - 264 - 266 - 268 - 271 - 272 - 273 - 274 - 279 - 282 - 283 - 284 - 287 - 292 - 294 - 300 - 306 - 311 - 312 - 315 - 316 - 317 - 321 - 324 - 326 - 330 - 335 - 344 - 345 - 347 - 352 - 357 - 363 - 364 - 369 - 370 - 374 - 376 - 387 - 389 - 399 - 409 - 414 - 415 - 416 - 419 - 422 - 424 - 429 - 430 - 431 - 434 - 435 - 439 - 440 - 444 - 445 - 455 - 465 - 466 - 468 - 472 - 473 - 475 - 477 - 482 - 484 - 488 - 490 - 491 - 492,4796360.5,17.1,90140,79275,60.31,Cost: 90140 & Capacity: 79275
7 - 9 - 10 - 11 - 13 - 14 - 15 - 16 - 18 - 21 - 22 - 23 - 26 - 27 - 28 - 30 - 33 - 34 - 35 - 38 - 39 - 43 - 44 - 45 - 47 - 48 - 49 - 50 - 52 - 54 - 55 - 56 - 57 - 58 - 60 - 61 - 62 - 64 - 65 - 67 - 68 - 70 - 73 - 75 - 76 - 80 - 81 - 84 - 85 - 87 - 88 - 89 - 93 - 94 - 96 - 97 - 101 - 103 - 104 - 105 - 108 - 110 - 111 - 112 - 114 - 115 - 117 - 120 - 121 - 123 - 124 - 126 - 127 - 129 - 130 - 133 - 136 - 137 - 138 - 139 - 141 - 142 - 143 - 144 - 145 - 146 - 148 - 149 - 151 - 152 - 156 - 157 - 158 - 160 - 161 - 162 - 163 - 165 - 167 - 168 - 169 - 170 - 172 - 173 - 174 - 175 - 177 - 180 - 182 - 183 - 184 - 185 - 186 - 187 - 189 - 190 - 191 - 192 - 193 - 194 - 195 - 196 - 201 - 202 - 203 - 206 - 207 - 208 - 211 - 212 - 213 - 216 - 217 - 218 - 219 - 222 - 223 - 226 - 227 - 228 - 229 - 230 - 232 - 233 - 235 - 239 - 242 - 243 - 244 - 245 - 247 - 248 - 250 - 251 - 254 - 255 - 256 - 257 - 258 - 259 - 260 - 262 - 264 - 265 - 266 - 270 - 278 - 279 - 280 - 281 - 283 - 286 - 287 - 289 - 290 - 291 - 292 - 294 - 295 - 297 - 298 - 299 - 300 - 301 - 303 - 304 - 307 - 309 - 310 - 311 - 312 - 313 - 314 - 315 - 316 - 318 - 319 - 320 - 326 - 327 - 330 - 331 - 332 - 333 - 334 - 336 - 337 - 340 - 341 - 342 - 345 - 346 - 348 - 350 - 354 - 356 - 358 - 360 - 362 - 366 - 368 - 370 - 371 - 372 - 374 - 375 - 377 - 378 - 379 - 380 - 381 - 384 - 387 - 388 - 389 - 391 - 392 - 393 - 396 - 397 - 398 - 399 - 400 - 401 - 404 - 405 - 408 - 409 - 410 - 413 - 415 - 416 - 418 - 420 - 421 - 424 - 425 - 429 - 431 - 433 - 436 - 437 - 438 - 440 - 441 - 442 - 445 - 446 - 447 - 450 - 451 - 452 - 453 - 454 - 456 - 457 - 458 - 460 - 462 - 464 - 466 - 468 - 472 - 478 - 482 - 483 - 484 - 485 - 486 - 487 - 488 - 490 - 493 - 494 - 495 - 496 - 498 - 499,22083257.0,0.1,91879,105714,60.43,Cost: 91879 & Capacity: 105714
7 - 9 - 10 - 11 - 13 - 14 - 15 - 16 - 18 - 21 - 22 - 23 - 26 - 27 - 28 - 30 - 33 - 34 - 35 - 38 - 39 - 43 - 44 - 45 - 47 - 48 - 49 - 50 - 52 - 54 - 55 - 56 - 57 - 58 - 60 - 61 - 62 - 64 - 65 - 67 - 68 - 70 - 73 - 75 - 76 - 80 - 81 - 84 - 85 - 87 - 88 - 89 - 93 - 94 - 96 - 97 - 101 - 103 - 104 - 105 - 108 - 110 - 111 - 112 - 114 - 115 - 117 - 120 - 121 - 123 - 124 - 126 - 127 - 129 - 130 - 133 - 136 - 137 - 138 - 139 - 141 - 142 - 143 - 144 - 145 - 146 - 148 - 149 - 151 - 152 - 156 - 157 - 158 - 160 - 161 - 162 - 163 - 165 - 167 - 168 - 169 - 170 - 172 - 173 - 174 - 175 - 177 - 180 - 182 - 183 - 184 - 185 - 186 - 187 - 189 - 190 - 191 - 192 - 193 - 194 - 195 - 196 - 201 - 202 - 203 - 206 - 207 - 208 - 211 - 212 - 213 - 216 - 217 - 218 - 219 - 222 - 223 - 226 - 227 - 228 - 229 - 230 - 232 - 233 - 235 - 239 - 242 - 243 - 244 - 245 - 247 - 248 - 250 - 251 - 254 - 255 - 256 - 257 - 258 - 259 - 260 - 262 - 264 - 265 - 266 - 270 - 278 - 279 - 280 - 281 - 283 - 286 - 287 - 289 - 290 - 291 - 292 - 294 - 295 - 297 - 298 - 299 - 300 - 301 - 303 - 304 - 307 - 309 - 310 - 311 - 312 - 313 - 314 - 315 - 316 - 318 - 319 - 320 - 326 - 327 - 330 - 331 - 332 - 333 - 334 - 336 - 337 - 340 - 341 - 342 - 345 - 346 - 348 - 350 - 354 - 356 - 358 - 360 - 362 - 366 - 368 - 370 - 371 - 372 - 374 - 375 - 377 - 378 - 379 - 380 - 381 - 384 - 387 - 388 - 389 - 391 - 392 - 393 - 396 - 397 - 398 - 399 - 400 - 401 - 404 - 405 - 408 - 409 - 410 - 413 - 415 - 416 - 418 - 420 - 421 - 424 - 425 - 429 - 431 - 433 - 436 - 437 - 438 - 440 - 441 - 442 - 445 - 446 - 447 - 450 - 451 - 452 - 453 - 454 - 456 - 457 - 458 - 460 - 462 - 464 - 466 - 468 - 472 - 478 - 482 - 483 - 484 - 485 - 486 - 487 - 488 - 490 - 493 - 494 - 495 - 496 - 498 - 499,22083257.0,0.1,91879,105714,60.98,Cost: 91879 & Capacity: 105714
7 - 9 - 10 - 11 - 13 - 14 - 15 - 16 - 18 - 21 - 22 - 23 - 26 - 27 - 28 - 30 - 33 - 34 - 35 - 38 - 39 - 43 - 44 - 45 - 47 - 48 - 49 - 50 - 52 - 54 - 55 - 56 - 57 - 58 - 60 - 61 - 62 - 64 - 65 - 67 - 68 - 70 - 73 - 75 - 76 - 80 - 81 - 84 - 85 - 87 - 88 - 93 - 94 - 96 - 97 - 101 - 103 - 105 - 109 - 110 - 112 - 114 - 115 - 117 - 120 - 121 - 123 - 124 - 126 - 127 - 129 - 133 - 136 - 137 - 138 - 139 - 141 - 142 - 143 - 144 - 145 - 146 - 148 - 149 - 151 - 152 - 154 - 156 - 157 - 158 - 160 - 161 - 162 - 163 - 167 - 169 - 170 - 173 - 174 - 175 - 177 - 180 - 182 - 183 - 184 - 185 - 186 - 188 - 189 - 190 - 191 - 192 - 193 - 194 - 195 - 196 - 197 - 201 - 203 - 206 - 207 - 208 - 211 - 212 - 213 - 216 - 217 - 218 - 219 - 222 - 223 - 226 - 227 - 228 - 229 - 230 - 232 - 233 - 235 - 238 - 239 - 242 - 243 - 244 - 245 - 247 - 248 - 250 - 251 - 254 - 255 - 256 - 257 - 258 - 259 - 262 - 264 - 265 - 266 - 270 - 278 - 279 - 280 - 281 - 283 - 284 - 286 - 287 - 289 - 290 - 291 - 292 - 294 - 295 - 297 - 298 - 299 - 300 - 301 - 303 - 307 - 309 - 310 - 311 - 314 - 315 - 316 - 318 - 319 - 320 - 324 - 326 - 327 - 330 - 331 - 332 - 333 - 334 - 336 - 337 - 340 - 341 - 342 - 343 - 345 - 346 - 348 - 350 - 354 - 356 - 358 - 360 - 362 - 366 - 369 - 370 - 371 - 372 - 374 - 375 - 377 - 378 - 379 - 380 - 381 - 384 - 387 - 388 - 389 - 391 - 392 - 393 - 395 - 397 - 398 - 399 - 400 - 404 - 405 - 408 - 409 - 410 - 413 - 416 - 418 - 420 - 421 - 424 - 425 - 429 - 431 - 433 - 436 - 437 - 438 - 440 - 441 - 442 - 443 - 445 - 446 - 447 - 450 - 451 - 453 - 454 - 456 - 457 - 458 - 460 - 462 - 464 - 466 - 467 - 468 - 472 - 478 - 482 - 483 - 484 - 485 - 486 - 487 - 488 - 490 - 493 - 494 - 495 - 496 - 498 - 499,21178367.2,0.2,91874,104545,63.04,Cost: 91874 & Capacity: 104545
0 - 1 - 7 - 10 - 11 - 13 - 14 - 15 - 16 - 18 - 21 - 22 - 26 - 28 - 34 - 38 - 39 - 43 - 44 - 45 - 47 - 49 - 51 - 52 - 55 - 56 - 60 - 61 - 65 - 67 - 68 - 73 - 75 - 80 - 81 - 82 - 84 - 85 - 87 - 89 - 96 - 100 - 101 - 103 - 104 - 105 - 109 - 112 - 114 - 118 - 121 - 123 - 124 - 126 - 129 - 133 - 134 - 136 - 137 - 138 - 139 - 141 - 143 - 144 - 146 - 148 - 151 - 154 - 157 - 158 - 163 - 167 - 169 - 170 - 173 - 174 - 177 - 180 - 181 - 182 - 184 - 185 - 186 - 188 - 189 - 191 - 192 - 193 - 196 - 197 - 206 - 208 - 211 - 213 - 219 - 220 - 222 - 223 - 225 - 226 - 227 - 228 - 229 - 233 - 234 - 235 - 238 - 239 - 243 - 244 - 245 - 247 - 248 - 254 - 255 - 256 - 257 - 258 - 259 - 262 - 263 - 264 - 265 - 266 - 268 - 270 - 272 - 274 - 275 - 277 - 278 - 279 - 281 - 284 - 286 - 288 - 289 - 296 - 299 - 300 - 301 - 302 - 303 - 306 - 307 - 308 - 311 - 316 - 318 - 319 - 320 - 321 - 328 - 329 - 331 - 332 - 333 - 334 - 336 - 337 - 342 - 343 - 345 - 348 - 350 - 358 - 362 - 366 - 369 - 372 - 374 - 375 - 378 - 380 - 381 - 389 - 391 - 393 - 394 - 395 - 396 - 399 - 400 - 401 - 404 - 405 - 409 - 412 - 416 - 417 - 420 - 421 - 425 - 427 - 429 - 433 - 437 - 441 - 442 - 447 - 450 - 451 - 454 - 456 - 457 - 458 - 461 - 462 - 463 - 466 - 468 - 472 - 475 - 478 - 479 - 481 - 483 - 486 - 488 - 489 - 493 - 495 - 498 - 499,12516306.7,5.4,91713,87606,65.7,Cost: 91713 & Capacity: 87606
7 - 9 - 10 - 11 - 13 - 14 - 15 - 16 - 18 - 21 - 22 - 23 - 26 - 27 - 28 - 30 - 33 - 34 - 35 - 38 - 39 - 43 - 44 - 45 - 47 - 48 - 49 - 50 - 52 - 54 - 55 - 56 - 57 - 58 - 60 - 61 - 62 - 64 - 65 - 67 - 68 - 70 - 73 - 75 - 76 - 80 - 81 - 84 - 85 - 87 - 88 - 89 - 93 - 94 - 96 - 97 - 101 - 103 - 104 - 105 - 108 - 110 - 111 - 112 - 114 - 115 - 117 - 120 - 121 - 123 - 124 - 126 - 127 - 129 - 130 - 133 - 136 - 137 - 138 - 139 - 141 - 142 - 143 - 144 - 145 - 146 - 148 - 149 - 151 - 152 - 156 - 157 - 158 - 160 - 161 - 162 - 163 - 165 - 167 - 168 - 169 - 170 - 172 - 173 - 174 - 175 - 177 - 180 - 182 - 183 - 184 - 185 - 186 - 187 - 189 - 190 - 191 - 192 - 193 - 194 - 195 - 196 - 201 - 202 - 203 - 206 - 207 - 208 - 211 - 212 - 213 - 216 - 217 - 218 - 219 - 222 - 223 - 226 - 227 - 228 - 229 - 230 - 232 - 233 - 235 - 239 - 242 - 243 - 244 - 245 - 247 - 248 - 250 - 251 - 254 - 255 - 256 - 257 - 258 - 259 - 260 - 262 - 264 - 265 - 266 - 270 - 278 - 279 - 280 - 281 - 283 - 286 - 287 - 289 - 290 - 291 - 292 - 294 - 295 - 297 - 298 - 299 - 300 - 301 - 303 - 304 - 307 - 309 - 310 - 311 - 312 - 313 - 314 - 315 - 316 - 318 - 319 - 320 - 326 - 327 - 330 - 331 - 332 - 333 - 334 - 336 - 337 - 340 - 341 - 342 - 345 - 346 - 348 - 350 - 354 - 356 - 358 - 360 - 362 - 366 - 368 - 370 - 371 - 372 - 374 - 375 - 377 - 378 - 379 - 380 - 381 - 384 - 387 - 388 - 389 - 391 - 392 - 393 - 396 - 397 - 398 - 399 - 400 - 401 - 404 - 405 - 408 - 409 - 410 - 413 - 415 - 416 - 418 - 420 - 421 - 424 - 425 - 429 - 431 - 433 - 436 - 437 - 438 - 440 - 441 - 442 - 445 - 446 - 447 - 450 - 451 - 452 - 453 - 454 - 456 - 457 - 458 - 460 - 462 - 464 - 466 - 468 - 472 - 478 - 482 - 483 - 484 - 485 - 486 - 487 - 488 - 490 - 493 - 494 - 495 - 496 - 498 - 499,22083257.0,0.1,91879,105714,65.9,Cost: 91879 & Capacity: 105714
7 - 9 - 10 - 11 - 13 - 14 - 15 - 16 - 18 - 21 - 22 - 23 - 26 - 27 - 28 - 30 - 33 - 34 - 35 - 38 - 39 - 43 - 44 - 45 - 47 - 48 - 49 - 50 - 52 - 54 - 55 - 56 - 57 - 58 - 60 - 61 - 62 - 64 - 65 - 67 - 68 - 70 - 73 - 75 - 76 - 80 - 81 - 84 - 85 - 87 - 88 - 89 - 93 - 94 - 96 - 97 - 101 - 103 - 104 - 105 - 108 - 110 - 111 - 112 - 114 - 115 - 117 - 120 - 121 - 123 - 124 - 126 - 127 - 129 - 130 - 133 - 136 - 137 - 138 - 139 - 141 - 142 - 143 - 144 - 145 - 146 - 148 - 149 - 151 - 152 - 156 - 157 - 158 - 160 - 161 - 162 - 163 - 165 - 167 - 168 - 169 - 170 - 172 - 173 - 174 - 175 - 177 - 180 - 182 - 183 - 184 - 185 - 186 - 187 - 189 - 190 - 191 - 192 - 193 - 194 - 195 - 196 - 201 - 202 - 203 - 206 - 207 - 208 - 211 - 212 - 213 - 216 - 217 - 218 - 219 - 222 - 223 - 226 - 227 - 228 - 229 - 230 - 232 - 233 - 235 - 239 - 242 - 243 - 244 - 245 - 247 - 248 - 250 - 251 - 254 - 255 - 256 - 257 - 258 - 259 - 260 - 262 - 264 - 265 - 266 - 270 - 278 - 279 - 280 - 281 - 283 - 286 - 287 - 289 - 290 - 291 - 292 - 294 - 295 - 297 - 298 - 299 - 300 - 301 - 303 - 304 - 307 - 309 - 310 - 311 - 312 - 313 - 314 - 315 - 316 - 318 - 319 - 320 - 326 - 327 - 330 - 331 - 332 - 333 - 334 - 336 - 337 - 340 - 341 - 342 - 345 - 346 - 348 - 350 - 354 - 356 - 358 - 360 - 362 - 366 - 368 - 370 - 371 - 372 - 374 - 375 - 377 - 378 - 379 - 380 - 381 - 384 - 387 - 388 - 389 - 391 - 392 - 393 - 396 - 397 - 398 - 399 - 400 - 401 - 404 - 405 - 408 - 409 - 410 - 413 - 415 - 416 - 418 - 420 - 421 - 424 - 425 - 429 - 431 - 433 - 436 - 437 - 438 - 440 - 441 - 442 - 445 - 446 - 447 - 450 - 451 - 452 - 453 - 454 - 456 - 457 - 458 - 460 - 462 - 464 - 466 - 468 - 472 - 478 - 482 - 483 - 484 - 485 - 486 - 487 - 488 - 490 - 493 - 494 - 495 - 496 - 498 - 499,22083257.0,0.1,91879,105714,67.58,Cost: 91879 & Capacity: 105714
7 - 9 - 10 - 11 - 13 - 14 - 15 - 16 - 18 - 21 - 22 - 23 - 26 - 27 - 28 - 30 - 33 - 34 - 35 - 38 - 39 - 43 - 44 - 45 - 47 - 48 - 49 - 50 - 52 - 54 - 55 - 56 - 57 - 58 - 60 - 61 - 62 - 64 - 65 - 67 - 68 - 70 - 73 - 75 - 76 - 80 - 81 - 84 - 85 - 87 - 88 - 93 - 94 - 96 - 97 - 101 - 103 - 104 - 105 - 108 - 110 - 111 - 112 - 114 - 115 - 117 - 120 - 121 - 123 - 124 - 126 - 127 - 129 - 130 - 133 - 136 - 137 - 138 - 139 - 141 - 142 - 143 - 144 - 145 - 146 - 148 - 149 - 151 - 152 - 156 - 157 - 158 - 160 - 161 - 162 - 163 - 165 - 167 - 168 - 169 - 170 - 172 - 173 - 174 - 175 - 177 - 180 - 182 - 183 - 184 - 185 - 186 - 187 - 189 - 190 - 191 - 192 - 193 - 194 - 195 - 196 - 201 - 203 - 206 - 207 - 208 - 211 - 212 - 213 - 216 - 217 - 218 - 219 - 222 - 223 - 226 - 227 - 228 - 229 - 230 - 232 - 233 - 235 - 239 - 242 - 243 - 244 - 245 - 247 - 248 - 250 - 251 - 252 - 254 - 255 - 256 - 257 - 258 - 259 - 260 - 262 - 264 - 265 - 266 - 270 - 278 - 279 - 280 - 281 - 283 - 286 - 287 - 289 - 290 - 291 - 292 - 294 - 295 - 297 - 298 - 299 - 300 - 301 - 303 - 307 - 309 - 310 - 311 - 312 - 313 - 314 - 315 - 316 - 318 - 319 - 320 - 326 - 327 - 330 - 331 - 332 - 333 - 334 - 336 - 337 - 340 - 341 - 342 - 345 - 346 - 348 - 350 - 354 - 356 - 358 - 360 - 362 - 366 - 368 - 370 - 371 - 372 - 374 - 375 - 377 - 378 - 379 - 380 - 381 - 383 - 384 - 387 - 388 - 389 - 391 - 392 - 393 - 395 - 396 - 397 - 398 - 399 - 400 - 401 - 404 - 405 - 408 - 409 - 410 - 413 - 415 - 416 - 418 - 420 - 421 - 424 - 425 - 429 - 431 - 433 - 436 - 437 - 438 - 440 - 441 - 442 - 445 - 446 - 447 - 450 - 451 - 453 - 454 - 456 - 457 - 458 - 460 - 462 - 464 - 466 - 467 - 468 - 472 - 478 - 482 - 483 - 484 - 485 - 486 - 487 - 488 - 490 - 493 - 494 - 495 - 496 - 498 - 499,22108469.9,0.0,91850,106779,67.96,Cost: 91850 & Capacity: 106779
7 - 9 - 10 - 11 - 13 - 14 - 15 - 16 - 18 - 21 - 22 - 23 - 26 - 27 - 28 - 30 - 33 - 34 - 35 - 38 - 39 - 43 - 44 - 45 - 47 - 48 - 49 - 50 - 52 - 54 - 55 - 56 - 57 - 58 - 60 - 61 - 62 - 64 - 65 - 67 - 68 - 70 - 73 - 75 - 76 - 80 - 81 - 84 - 85 - 87 - 88 - 89 - 93 - 94 - 96 - 97 - 101 - 103 - 104 - 105 - 108 - 110 - 111 - 112 - 114 - 115 - 117 - 120 - 121 - 123 - 124 - 126 - 127 - 129 - 130 - 133 - 136 - 137 - 138 - 139 - 141 - 142 - 143 - 144 - 145 - 146 - 148 - 149 - 151 - 152 - 156 - 157 - 158 - 160 - 161 - 162 - 163 - 165 - 167 - 168 - 169 - 170 - 172 - 173 - 174 - 175 - 177 - 180 - 182 - 183 - 184 - 185 - 186 - 187 - 189 - 190 - 191 - 192 - 193 - 194 - 195 - 196 - 201 - 202 - 203 - 206 - 207 - 208 - 211 - 212 - 213 - 216 - 217 - 218 - 219 - 222 - 223 - 226 - 227 - 228 - 229 - 230 - 232 - 233 - 235 - 239 - 242 - 243 - 244 - 245 - 247 - 248 - 250 - 251 - 254 - 255 - 256 - 257 - 258 - 259 - 260 - 262 - 264 - 265 - 266 - 270 - 278 - 279 - 280 - 281 - 283 - 286 - 287 - 289 - 290 - 291 - 292 - 294 - 295 - 297 - 298 - 299 - 300 - 301 - 303 - 304 - 307 - 309 - 310 - 311 - 312 - 313 - 314 - 315 - 316 - 318 - 319 - 320 - 326 - 327 - 330 - 331 - 332 - 333 - 334 - 336 - 337 - 340 - 341 - 342 - 345 - 346 - 348 - 350 - 354 - 356 - 358 - 360 - 362 - 366 - 368 - 370 - 371 - 372 - 374 - 375 - 377 - 378 - 379 - 380 - 381 - 384 - 387 - 388 - 389 - 391 - 392 - 393 - 396 - 397 - 398 - 399 - 400 - 401 - 404 - 405 - 408 - 409 - 410 - 413 - 415 - 416 - 418 - 420 - 421 - 424 - 425 - 429 - 431 - 433 - 436 - 437 - 438 - 440 - 441 - 442 - 445 - 446 - 447 - 450 - 451 - 452 - 453 - 454 - 456 - 457 - 458 - 460 - 462 - 464 - 466 - 468 - 472 - 478 - 482 - 483 - 484 - 485 - 486 - 487 - 488 - 490 - 493 - 494 - 495 - 496 - 498 - 499,22083257.0,0.1,91879,105714,69.07,Cost: 91879 & Capacity: 105714
7 - 9 - 10 - 11 - 13 - 14 - 15 - 16 - 18 - 21 - 22 - 23 - 26 - 27 - 28 - 30 - 33 - 34 - 35 - 38 - 39 - 43 - 44 - 45 - 47 - 48 - 49 - 50 - 52 - 54 - 55 - 56 - 57 - 58 - 60 - 61 - 62 - 64 - 65 - 67 - 68 - 70 - 73 - 75 - 76 - 80 - 81 - 84 - 85 - 87 - 88 - 89 - 93 - 94 - 96 - 97 - 101 - 103 - 104 - 105 - 108 - 110 - 111 - 112 - 114 - 115 - 117 - 120 - 121 - 123 - 124 - 126 - 127 - 129 - 130 - 133 - 136 - 137 - 138 - 139 - 141 - 142 - 143 - 144 - 145 - 146 - 148 - 149 - 151 - 152 - 156 - 157 - 158 - 160 - 161 - 162 - 163 - 165 - 167 - 168 - 169 - 170 - 172 - 173 - 174 - 175 - 177 - 180 - 182 - 183 - 184 - 185 - 186 - 187 - 189 - 190 - 191 - 192 - 193 - 194 - 195 - 196 - 201 - 202 - 203 - 206 - 207 - 208 - 211 - 212 - 213 - 216 - 217 - 218 - 219 - 222 - 223 - 226 - 227 - 228 - 229 - 230 - 232 - 233 - 235 - 239 - 242 - 243 - 244 - 245 - 247 - 248 - 250 - 251 - 254 - 255 - 256 - 257 - 258 - 259 - 260 - 262 - 264 - 265 - 266 - 270 - 278 - 279 - 280 - 281 - 283 - 286 - 287 - 289 - 290 - 291 - 292 - 294 - 295 - 297 - 298 - 299 - 300 - 301 - 303 - 304 - 307 - 309 - 310 - 311 - 312 - 313 - 314 - 315 - 316 - 318 - 319 - 320 - 326 - 327 - 330 - 331 - 332 - 333 - 334 - 336 - 337 - 340 - 341 - 342 - 345 - 346 - 348 - 350 - 354 - 356 - 358 - 360 - 362 - 366 - 368 - 370 - 371 - 372 - 374 - 375 - 377 - 378 - 379 - 380 - 381 - 384 - 387 - 388 - 389 - 391 - 392 - 393 - 396 - 397 - 398 - 399 - 400 - 401 - 404 - 405 - 408 - 409 - 410 - 413 - 415 - 416 - 418 - 420 - 421 - 424 - 425 - 429 - 431 - 433 - 436 - 437 - 438 - 440 - 441 - 442 - 445 - 446 - 447 - 450 - 451 - 452 - 453 - 454 - 456 - 457 - 458 - 460 - 462 - 464 - 466 - 468 - 472 - 478 - 482 - 483 - 484 - 485 - 486 - 487 - 488 - 490 - 493 - 494 - 495 - 496 - 498 - 499,22083257.0,0.1,91879,105714,69.47,Cost: 91879 & Capacity: 105714
0 - 1 - 7 - 10 - 11 - 13 - 14 - 15 - 16 - 18 - 21 - 22 - 23 - 26 - 28 - 30 - 33 - 34 - 35 - 38 - 39 - 43 - 44 - 45 - 47 - 49 - 50 - 51 - 52 - 55 - 56 - 60 - 65 - 67 - 68 - 73 - 75 - 80 - 81 - 82 - 84 - 85 - 87 - 89 - 93 - 96 - 100 - 101 - 103 - 105 - 109 - 112 - 114 - 115 - 120 - 121 - 123 - 124 - 126 - 127 - 129 - 133 - 136 - 137 - 138 - 139 - 140 - 141 - 143 - 146 - 148 - 151 - 152 - 154 - 155 - 156 - 157 - 158 - 160 - 162 - 163 - 166 - 167 - 169 - 170 - 173 - 174 - 175 - 177 - 180 - 181 - 182 - 183 - 184 - 185 - 186 - 188 - 189 - 190 - 191 - 192 - 193 - 195 - 196 - 197 - 201 - 206 - 207 - 208 - 211 - 213 - 215 - 216 - 217 - 218 - 219 - 222 - 223 - 226 - 227 - 228 - 229 - 233 - 234 - 235 - 238 - 239 - 243 - 244 - 245 - 247 - 248 - 250 - 254 - 255 - 256 - 257 - 258 - 259 - 262 - 263 - 264 - 265 - 266 - 267 - 270 - 278 - 279 - 280 - 281 - 283 - 284 - 286 - 287 - 288 - 289 - 290 - 291 - 292 - 294 - 295 - 297 - 298 - 299 - 300 - 301 - 303 - 307 - 310 - 311 - 313 - 316 - 318 - 319 - 320 - 326 - 330 - 331 - 332 - 333 - 334 - 336 - 337 - 341 - 342 - 343 - 345 - 346 - 348 - 350 - 351 - 354 - 358 - 361 - 362 - 366 - 369 - 372 - 374 - 375 - 378 - 379 - 380 - 381 - 384 - 387 - 388 - 389 - 391 - 392 - 393 - 394 - 395 - 396 - 397 - 398 - 399 - 400 - 404 - 405 - 409 - 410 - 412 - 415 - 416 - 417 - 418 - 421 - 424 - 425 - 429 - 431 - 433 - 435 - 437 - 438 - 440 - 441 - 442 - 446 - 447 - 450 - 451 - 454 - 456 - 457 - 458 - 462 - 466 - 467 - 468 - 472 - 474 - 478 - 482 - 483 - 484 - 486 - 487 - 488 - 490 - 493 - 494 - 495 - 496 - 498 - 499,17792649.6,1.9,91874,97594,74.62,Cost: 91874 & Capacity: 97594
7 - 9 - 10 - 11 - 13 - 14 - 15 - 16 - 18 - 21 - 22 - 23 - 26 - 27 - 28 - 30 - 33 - 34 - 35 - 38 - 39 - 43 - 44 - 45 - 47 - 48 - 49 - 50 - 52 - 54 - 55 - 56 - 57 - 58 - 60 - 61 - 62 - 64 - 65 - 67 - 68 - 70 - 73 - 75 - 76 - 80 - 81 - 84 - 85 - 87 - 88 - 89 - 93 - 94 - 96 - 97 - 101 - 103 - 104 - 105 - 108 - 110 - 111 - 112 - 114 - 115 - 117 - 120 - 121 - 123 - 124 - 126 - 127 - 129 - 130 - 133 - 136 - 137 - 138 - 139 - 141 - 142 - 143 - 144 - 145 - 146 - 148 - 149 - 151 - 152 - 156 - 157 - 158 - 160 - 161 - 162 - 163 - 165 - 167 - 168 - 169 - 170 - 172 - 173 - 174 - 175 - 177 - 180 - 182 - 183 - 184 - 185 - 186 - 187 - 189 - 190 - 191 - 192 - 193 - 194 - 195 - 196 - 201 - 202 - 203 - 206 - 207 - 208 - 211 - 212 - 213 - 216 - 217 - 218 - 219 - 222 - 223 - 226 - 227 - 228 - 229 - 230 - 232 - 233 - 235 - 239 - 242 - 243 - 244 - 245 - 247 - 248 - 250 - 251 - 254 - 255 - 256 - 257 - 258 - 259 - 260 - 262 - 264 - 265 - 266 - 270 - 278 - 279 - 280 - 281 - 283 - 286 - 287 - 289 - 290 - 291 - 292 - 294 - 295 - 297 - 298 - 299 - 300 - 301 - 303 - 304 - 307 - 309 - 310 - 311 - 312 - 313 - 314 - 315 - 316 - 318 - 319 - 320 - 326 - 327 - 330 - 331 - 332 - 333 - 334 - 336 - 337 - 340 - 341 - 342 - 345 - 346 - 348 - 350 - 354 - 356 - 358 - 360 - 362 - 366 - 368 - 370 - 371 - 372 - 374 - 375 - 377 - 378 - 379 - 380 - 381 - 384 - 387 - 388 - 389 - 391 - 392 - 393 - 396 - 397 - 398 - 399 - 400 - 401 - 404 - 405 - 408 - 409 - 410 - 413 - 415 - 416 - 418 - 420 - 421 - 424 - 425 - 429 - 431 - 433 - 436 - 437 - 438 - 440 - 441 - 442 - 445 - 446 - 447 - 450 - 451 - 452 - 453 - 454 - 456 - 457 - 458 - 460 - 462 - 464 - 466 - 468 - 472 - 478 - 482 - 483 - 484 - 485 - 486 - 487 - 488 - 490 - 493 - 494 - 495 - 496 - 498 - 499,22083257.0,0.1,91879,105714,74.82,Cost: 91879 & Capacity: 105714
7 - 9 - 10 - 11 - 13 - 14 - 15 - 16 - 18 - 21 - 22 - 23 - 26 - 27 - 28 - 30 - 33 - 34 - 35 - 38 - 39 - 43 - 44 - 45 - 47 - 48 - 49 - 50 - 52 - 54 - 55 - 56 - 57 - 58 - 60 - 61 - 62 - 64 - 65 - 67 - 68 - 70 - 73 - 75 - 76 - 80 - 81 - 84 - 85 - 87 - 88 - 93 - 94 - 96 - 97 - 101 - 103 - 104 - 105 - 108 - 110 - 111 - 112 - 114 - 115 - 117 - 120 - 121 - 123 - 124 - 126 - 127 - 129 - 133 - 136 - 137 - 138 - 139 - 141 - 142 - 143 - 144 - 145 - 146 - 148 - 149 - 151 - 152 - 156 - 157 - 158 - 160 - 161 - 162 - 163 - 165 - 167 - 168 - 169 - 170 - 173 - 174 - 175 - 177 - 180 - 182 - 183 - 184 - 185 - 186 - 187 - 189 - 190 - 191 - 192 - 193 - 194 - 195 - 196 - 201 - 202 - 203 - 206 - 207 - 208 - 211 - 212 - 213 - 216 - 217 - 218 - 219 - 222 - 223 - 226 - 227 - 228 - 229 - 230 - 232 - 233 - 235 - 239 - 242 - 243 - 244 - 245 - 247 - 248 - 250 - 251 - 254 - 255 - 256 - 257 - 258 - 259 - 260 - 262 - 264 - 265 - 266 - 270 - 278 - 279 - 280 - 281 - 283 - 286 - 287 - 289 - 290 - 291 - 292 - 295 - 297 - 298 - 299 - 300 - 301 - 303 - 307 - 309 - 310 - 311 - 312 - 313 - 314 - 315 - 316 - 318 - 319 - 320 - 326 - 327 - 330 - 331 - 332 - 333 - 334 - 336 - 337 - 340 - 341 - 342 - 343 - 345 - 346 - 348 - 350 - 354 - 356 - 358 - 360 - 361 - 362 - 366 - 368 - 369 - 370 - 371 - 372 - 374 - 375 - 377 - 378 - 379 - 380 - 381 - 384 - 387 - 388 - 389 - 391 - 392 - 393 - 395 - 397 - 398 - 399 - 400 - 401 - 404 - 405 - 408 - 409 - 410 - 413 - 415 - 416 - 418 - 420 - 421 - 424 - 425 - 429 - 431 - 433 - 436 - 437 - 438 - 440 - 441 - 442 - 445 - 446 - 447 - 450 - 451 - 452 - 453 - 454 - 456 - 457 - 458 - 460 - 462 - 464 - 466 - 467 - 468 - 472 - 478 - 482 - 483 - 484 - 485 - 486 - 487 - 488 - 490 - 493 - 494 - 495 - 496 - 498 - 499,21984018.9,0.1,91879,105998,75.89,Cost: 91879 & Capacity: 105998
0 - 1 - 7 - 10 - 11 - 13 - 14 - 15 - 16 - 18 - 21 - 22 - 26 - 28 - 30 - 33 - 34 - 35 - 38 - 39 - 43 - 44 - 45 - 47 - 49 - 50 - 51 - 52 - 55 - 56 - 60 - 61 - 65 - 67 - 68 - 73 - 75 - 80 - 81 - 82 - 84 - 85 - 87 - 88 - 89 - 93 - 96 - 100 - 101 - 103 - 105 - 109 - 112 - 114 - 116 - 118 - 120 - 121 - 122 - 123 - 124 - 126 - 127 - 129 - 133 - 136 - 137 - 138 - 139 - 140 - 141 - 143 - 146 - 148 - 151 - 152 - 154 - 155 - 156 - 157 - 158 - 162 - 163 - 166 - 167 - 169 - 170 - 173 - 174 - 175 - 177 - 180 - 181 - 182 - 184 - 185 - 186 - 188 - 189 - 190 - 191 - 192 - 193 - 195 - 196 - 197 - 201 - 204 - 206 - 207 - 208 - 211 - 213 - 215 - 216 - 217 - 218 - 219 - 222 - 223 - 226 - 227 - 228 - 229 - 233 - 234 - 235 - 238 - 239 - 243 - 244 - 245 - 246 - 247 - 248 - 250 - 254 - 255 - 256 - 257 - 258 - 259 - 262 - 263 - 264 - 265 - 266 - 270 - 272 - 278 - 279 - 280 - 281 - 283 - 284 - 286 - 287 - 289 - 290 - 291 - 292 - 294 - 295 - 297 - 298 - 299 - 300 - 301 - 303 - 307 - 310 - 311 - 316 - 318 - 319 - 320 - 324 - 326 - 329 - 331 - 332 - 333 - 334 - 336 - 337 - 341 - 342 - 343 - 345 - 346 - 348 - 350 - 358 - 362 - 366 - 369 - 372 - 374 - 375 - 378 - 379 - 380 - 381 - 387 - 388 - 389 - 391 - 393 - 396 - 397 - 398 - 399 - 400 - 404 - 405 - 409 - 410 - 412 - 415 - 416 - 417 - 418 - 420 - 421 - 424 - 425 - 429 - 433 - 435 - 437 - 438 - 441 - 442 - 446 - 447 - 450 - 451 - 454 - 456 - 457 - 458 - 462 - 466 - 467 - 468 - 472 - 475 - 478 - 481 - 483 - 484 - 486 - 487 - 488 - 493 - 494 - 495 - 496 - 498 - 499,16887087.7,2.1,91872,95044,76.77,Cost: 91872 & Capacity: 95044
0 - 1 - 7 - 10 - 11 - 13 - 14 - 15 - 16 - 18 - 21 - 22 - 23 - 26 - 28 - 30 - 33 - 34 - 35 - 38 - 39 - 43 - 44 - 45 - 47 - 49 - 51 - 52 - 55 - 56 - 60 - 65 - 67 - 68 - 73 - 75 - 80 - 81 - 82 - 84 - 85 - 87 - 89 - 90 - 93 - 96 - 100 - 101 - 103 - 105 - 109 - 112 - 114 - 118 - 120 - 121 - 123 - 124 - 126 - 127 - 129 - 133 - 137 - 138 - 139 - 140 - 141 - 143 - 146 - 148 - 151 - 152 - 154 - 155 - 156 - 157 - 158 - 160 - 163 - 166 - 167 - 169 - 170 - 173 - 174 - 177 - 180 - 181 - 182 - 184 - 185 - 186 - 188 - 189 - 190 - 191 - 192 - 193 - 195 - 196 - 197 - 201 - 206 - 207 - 208 - 211 - 213 - 215 - 216 - 217 - 218 - 219 - 220 - 222 - 223 - 226 - 227 - 228 - 229 - 233 - 234 - 235 - 238 - 239 - 240 - 243 - 244 - 245 - 247 - 250 - 254 - 255 - 256 - 257 - 258 - 259 - 262 - 263 - 264 - 265 - 266 - 270 - 272 - 278 - 279 - 280 - 281 - 283 - 284 - 286 - 287 - 288 - 289 - 290 - 291 - 295 - 297 - 298 - 299 - 300 - 301 - 303 - 306 - 307 - 310 - 311 - 316 - 318 - 319 - 320 - 328 - 331 - 332 - 333 - 334 - 336 - 337 - 341 - 342 - 343 - 345 - 346 - 348 - 350 - 351 - 358 - 362 - 366 - 369 - 372 - 374 - 375 - 378 - 379 - 380 - 381 - 388 - 389 - 391 - 393 - 394 - 396 - 397 - 398 - 399 - 400 - 404 - 405 - 409 - 410 - 412 - 415 - 416 - 417 - 418 - 420 - 421 - 424 - 425 - 429 - 433 - 435 - 437 - 438 - 441 - 442 - 446 - 447 - 450 - 451 - 454 - 456 - 457 - 458 - 462 - 466 - 467 - 468 - 470 - 472 - 474 - 475 - 478 - 483 - 484 - 486 - 487 - 488 - 493 - 494 - 495 - 496 - 498 - 499,16093667.5,3.2,91878,94549,76.8,Cost: 91878 & Capacity: 94549
1 - 4 - 10 - 13 - 16 - 18 - 21 - 26 - 27 - 30 - 34 - 36 - 43 - 51 - 52 - 56 - 60 - 67 - 68 - 69 - 78 - 81 - 93 - 103 - 109 - 112 - 119 - 123 - 124 - 129 - 130 - 136 - 143 - 144 - 145 - 151 - 154 - 157 - 166 - 173 - 177 - 182 - 183 - 192 - 193 - 194 - 196 - 198 - 208 - 210 - 211 - 213 - 219 - 220 - 222 - 227 - 228 - 230 - 231 - 232 - 233 - 234 - 235 - 239 - 240 - 245 - 246 - 247 - 250 - 254 - 255 - 256 - 257 - 263 - 265 - 267 - 270 - 273 - 274 - 275 - 278 - 279 - 280 - 281 - 283 - 284 - 286 - 288 - 290 - 295 - 297 - 299 - 300 - 301 - 303 - 306 - 308 - 310 - 312 - 313 - 316 - 321 - 324 - 327 - 331 - 332 - 333 - 334 - 336 - 337 - 340 - 341 - 342 - 343 - 345 - 348 - 351 - 354 - 356 - 363 - 367 - 368 - 369 - 370 - 372 - 374 - 376 - 378 - 383 - 384 - 389 - 391 - 393 - 396 - 397 - 399 - 400 - 401 - 402 - 403 - 404 - 405 - 406 - 409 - 413 - 414 - 415 - 416 - 417 - 419 - 425 - 427 - 429 - 430 - 431 - 435 - 437 - 441 - 443 - 444 - 446 - 447 - 448 - 449 - 450 - 451 - 456 - 457 - 458 - 459 - 460 - 463 - 466 - 467 - 469 - 471 - 472 - 475 - 479 - 481 - 482 - 488 - 489 - 491 - 493 - 494 - 495 - 498,9006629.1,9.9,91835,83903,78.12,Cost: 91835 & Capacity: 83903
7 - 9 - 10 - 11 - 13 - 14 - 15 - 16 - 18 - 21 - 22 - 23 - 26 - 27 - 28 - 30 - 33 - 34 - 35 - 38 - 39 - 43 - 44 - 45 - 47 - 48 - 49 - 50 - 52 - 54 - 55 - 56 - 57 - 58 - 60 - 61 - 62 - 64 - 65 - 67 - 68 - 70 - 73 - 75 - 76 - 80 - 81 - 84 - 85 - 87 - 88 - 93 - 94 - 96 - 97 - 101 - 103 - 104 - 105 - 108 - 110 - 111 - 112 - 114 - 115 - 117 - 120 - 121 - 123 - 124 - 126 - 127 - 129 - 130 - 133 - 136 - 137 - 138 - 139 - 141 - 142 - 143 - 144 - 145 - 146 - 148 - 149 - 151 - 152 - 156 - 157 - 158 - 160 - 161 - 162 - 163 - 165 - 167 - 168 - 169 - 170 - 172 - 173 - 174 - 175 - 177 - 180 - 182 - 183 - 184 - 185 - 186 - 187 - 189 - 190 - 191 - 192 - 193 - 194 - 195 - 196 - 201 - 203 - 206 - 207 - 208 - 211 - 212 - 213 - 216 - 217 - 218 - 219 - 222 - 223 - 226 - 227 - 228 - 229 - 230 - 232 - 233 - 235 - 239 - 242 - 243 - 244 - 245 - 247 - 248 - 250 - 251 - 252 - 254 - 255 - 256 - 257 - 258 - 259 - 260 - 262 - 264 - 265 - 266 - 270 - 278 - 279 - 280 - 281 - 283 - 286 - 287 - 289 - 290 - 291 - 292 - 294 - 295 - 297 - 298 - 299 - 300 - 301 - 303 - 307 - 309 - 310 - 311 - 312 - 313 - 314 - 315 - 316 - 318 - 319 - 320 - 326 - 327 - 330 - 331 - 332 - 333 - 334 - 336 - 337 - 340 - 341 - 342 - 345 - 346 - 348 - 350 - 354 - 356 - 358 - 360 - 362 - 366 - 368 - 370 - 371 - 372 - 374 - 375 - 377 - 378 - 379 - 380 - 381 - 383 - 384 - 387 - 388 - 389 - 391 - 392 - 393 - 395 - 396 - 397 - 398 - 399 - 400 - 401 - 404 - 405 - 408 - 409 - 410 - 413 - 415 - 416 - 418 - 420 - 421 - 424 - 425 - 429 - 431 - 433 - 436 - 437 - 438 - 440 - 441 - 442 - 445 - 446 - 447 - 450 - 451 - 453 - 454 - 456 - 457 - 458 - 460 - 462 - 464 - 466 - 467 - 468 - 472 - 478 - 482 - 483 - 484 - 485 - 486 - 487 - 488 - 490 - 493 - 494 - 495 - 496 - 498 - 499,22108469.9,0.0,91850,106779,78.29,Cost: 91850 & Capacity: 106779
7 - 9 - 10 - 11 - 13 - 14 - 15 - 16 - 18 - 21 - 22 - 23 - 26 - 27 - 28 - 30 - 33 - 34 - 35 - 38 - 39 - 43 - 44 - 45 - 47 - 48 - 49 - 50 - 52 - 54 - 55 - 56 - 57 - 58 - 60 - 61 - 62 - 64 - 65 - 67 - 68 - 70 - 73 - 75 - 76 - 80 - 81 - 84 - 85 - 87 - 88 - 89 - 93 - 94 - 96 - 97 - 101 - 103 - 104 - 105 - 108 - 110 - 111 - 112 - 114 - 115 - 117 - 120 - 121 - 123 - 124 - 126 - 127 - 129 - 130 - 133 - 136 - 137 - 138 - 139 - 141 - 142 - 143 - 144 - 145 - 146 - 148 - 149 - 151 - 152 - 156 - 157 - 158 - 160 - 161 - 162 - 163 - 165 - 167 - 168 - 169 - 170 - 172 - 173 - 174 - 175 - 177 - 180 - 182 - 183 - 184 - 185 - 186 - 187 - 189 - 190 - 191 - 192 - 193 - 194 - 195 - 196 - 201 - 202 - 203 - 206 - 207 - 208 - 211 - 212 - 213 - 216 - 217 - 218 - 219 - 222 - 223 - 226 - 227 - 228 - 229 - 230 - 232 - 233 - 235 - 239 - 242 - 243 - 244 - 245 - 247 - 248 - 250 - 251 - 254 - 255 - 256 - 257 - 258 - 259 - 260 - 262 - 264 - 265 - 266 - 270 - 278 - 279 - 280 - 281 - 283 - 286 - 287 - 289 - 290 - 291 - 292 - 294 - 295 - 297 - 298 - 299 - 300 - 301 - 303 - 304 - 307 - 309 - 310 - 311 - 312 - 313 - 314 - 315 - 316 - 318 - 319 - 320 - 326 - 327 - 330 - 331 - 332 - 333 - 334 - 336 - 337 - 340 - 341 - 342 - 345 - 346 - 348 - 350 - 354 - 356 - 358 - 360 - 362 - 366 - 368 - 370 - 371 - 372 - 374 - 375 - 377 - 378 - 379 - 380 - 381 - 384 - 387 - 388 - 389 - 391 - 392 - 393 - 396 - 397 - 398 - 399 - 400 - 401 - 404 - 405 - 408 - 409 - 410 - 413 - 415 - 416 - 418 - 420 - 421 - 424 - 425 - 429 - 431 - 433 - 436 - 437 - 438 - 440 - 441 - 442 - 445 - 446 - 447 - 450 - 451 - 452 - 453 - 454 - 456 - 457 - 458 - 460 - 462 - 464 - 466 - 468 - 472 - 478 - 482 - 483 - 484 - 485 - 486 - 487 - 488 - 490 - 493 - 494 - 495 - 496 - 498 - 499,22083257.0,0.1,91879,105714,78.32,Cost: 91879 & Capacity: 105714
1 - 7 - 8 - 10 - 11 - 13 - 14 - 15 - 16 - 18 - 21 - 22 - 23 - 26 - 28 - 30 - 34 - 35 - 38 - 39 - 43 - 44 - 45 - 47 - 49 - 51 - 52 - 55 - 56 - 60 - 65 - 67 - 68 - 73 - 75 - 80 - 81 - 82 - 84 - 85 - 87 - 93 - 94 - 96 - 100 - 101 - 103 - 109 - 112 - 114 - 118 - 120 - 121 - 123 - 124 - 126 - 129 - 130 - 133 - 136 - 137 - 138 - 139 - 140 - 141 - 143 - 146 - 148 - 151 - 152 - 154 - 155 - 156 - 157 - 158 - 163 - 169 - 170 - 173 - 180 - 181 - 182 - 184 - 185 - 186 - 188 - 189 - 190 - 191 - 192 - 193 - 195 - 197 - 198 - 201 - 206 - 208 - 211 - 212 - 213 - 215 - 216 - 217 - 219 - 220 - 222 - 223 - 226 - 227 - 229 - 233 - 234 - 235 - 238 - 239 - 243 - 244 - 245 - 247 - 250 - 254 - 255 - 256 - 257 - 258 - 259 - 262 - 263 - 264 - 265 - 266 - 268 - 270 - 272 - 275 - 277 - 278 - 279 - 280 - 281 - 284 - 286 - 288 - 290 - 291 - 295 - 297 - 298 - 299 - 300 - 301 - 303 - 307 - 311 - 316 - 318 - 319 - 320 - 324 - 328 - 329 - 331 - 332 - 333 - 334 - 336 - 337 - 342 - 343 - 345 - 346 - 348 - 350 - 358 - 362 - 363 - 366 - 368 - 369 - 372 - 374 - 375 - 376 - 378 - 380 - 381 - 389 - 391 - 393 - 396 - 397 - 398 - 399 - 400 - 404 - 405 - 409 - 410 - 412 - 416 - 417 - 418 - 419 - 420 - 421 - 423 - 425 - 429 - 433 - 437 - 438 - 440 - 441 - 442 - 444 - 446 - 447 - 450 - 451 - 454 - 456 - 457 - 458 - 462 - 466 - 467 - 468 - 470 - 472 - 475 - 478 - 481 - 484 - 486 - 487 - 488 - 493 - 494 - 495 - 496 - 498 - 499,14648841.5,4.0,91842,90264,79.91,Cost: 91842 & Capacity: 90264
1 - 7 - 8 - 10 - 11 - 13 - 14 - 15 - 16 - 18 - 21 - 22 - 23 - 25 - 26 - 28 - 30 - 34 - 35 - 38 - 39 - 43 - 44 - 45 - 47 - 49 - 52 - 55 - 56 - 59 - 60 - 65 - 67 - 68 - 73 - 75 - 80 - 81 - 82 - 84 - 85 - 87 - 89 - 90 - 93 - 94 - 96 - 100 - 101 - 103 - 109 - 112 - 114 - 120 - 121 - 122 - 123 - 124 - 126 - 129 - 130 - 133 - 136 - 137 - 138 - 139 - 140 - 141 - 143 - 146 - 148 - 151 - 152 - 154 - 155 - 156 - 157 - 158 - 163 - 166 - 169 - 170 - 173 - 174 - 180 - 181 - 182 - 184 - 185 - 188 - 189 - 190 - 191 - 192 - 193 - 195 - 196 - 197 - 201 - 204 - 206 - 208 - 211 - 212 - 213 - 215 - 219 - 220 - 222 - 223 - 226 - 227 - 229 - 233 - 234 - 235 - 237 - 238 - 239 - 243 - 244 - 245 - 247 - 250 - 254 - 255 - 256 - 257 - 258 - 259 - 262 - 263 - 264 - 265 - 266 - 268 - 270 - 272 - 275 - 277 - 278 - 279 - 281 - 284 - 286 - 287 - 288 - 289 - 290 - 291 - 295 - 297 - 298 - 299 - 300 - 301 - 303 - 307 - 308 - 311 - 316 - 318 - 319 - 320 - 321 - 328 - 331 - 332 - 333 - 334 - 336 - 337 - 342 - 343 - 345 - 346 - 348 - 349 - 350 - 358 - 362 - 366 - 368 - 369 - 372 - 374 - 375 - 378 - 380 - 381 - 389 - 391 - 393 - 394 - 396 - 397 - 398 - 399 - 400 - 404 - 405 - 409 - 410 - 412 - 416 - 417 - 420 - 421 - 425 - 433 - 435 - 437 - 438 - 440 - 441 - 442 - 447 - 450 - 451 - 454 - 456 - 457 - 458 - 462 - 466 - 468 - 470 - 472 - 475 - 478 - 481 - 486 - 487 - 488 - 493 - 494 - 495 - 496 - 498 - 499,14348313.6,4.4,91846,90342,79.93,Cost: 91846 & Capacity: 90342
7 - 9 - 10 - 11 - 13 - 14 - 15 - 16 - 18 - 21 - 22 - 23 - 26 - 27 - 28 - 30 - 33 - 34 - 35 - 38 - 39 - 43 - 44 - 45 - 47 - 48 - 49 - 50 - 52 - 54 - 55 - 56 - 57 - 58 - 60 - 61 - 62 - 64 - 65 - 67 - 68 - 70 - 73 - 75 - 76 - 80 - 81 - 84 - 85 - 87 - 88 - 89 - 93 - 94 - 96 - 97 - 101 - 103 - 104 - 105 - 108 - 110 - 111 - 112 - 114 - 115 - 117 - 120 - 121 - 123 - 124 - 126 - 127 - 129 - 130 - 133 - 136 - 137 - 138 - 139 - 141 - 142 - 143 - 144 - 145 - 146 - 148 - 149 - 151 - 152 - 156 - 157 - 158 - 160 - 161 - 162 - 163 - 165 - 167 - 168 - 169 - 170 - 172 - 173 - 174 - 175 - 177 - 180 - 182 - 183 - 184 - 185 - 186 - 187 - 189 - 190 - 191 - 192 - 193 - 194 - 195 - 196 - 201 - 202 - 203 - 206 - 207 - 208 - 211 - 212 - 213 - 216 - 217 - 218 - 219 - 222 - 223 - 226 - 227 - 228 - 229 - 230 - 232 - 233 - 235 - 239 - 242 - 243 - 244 - 245 - 247 - 248 - 250 - 251 - 254 - 255 - 256 - 257 - 258 - 259 - 260 - 262 - 264 - 265 - 266 - 270 - 278 - 279 - 280 - 281 - 283 - 286 - 287 - 289 - 290 - 291 - 292 - 294 - 295 - 297 - 298 - 299 - 300 - 301 - 303 - 304 - 307 - 309 - 310 - 311 - 312 - 313 - 314 - 315 - 316 - 318 - 319 - 320 - 326 - 327 - 330 - 331 - 332 - 333 - 334 - 336 - 337 - 340 - 341 - 342 - 345 - 346 - 348 - 350 - 354 - 356 - 358 - 360 - 362 - 366 - 368 - 370 - 371 - 372 - 374 - 375 - 377 - 378 - 379 - 380 - 381 - 384 - 387 - 388 - 389 - 391 - 392 - 393 - 396 - 397 - 398 - 399 - 400 - 401 - 404 - 405 - 408 - 409 - 410 - 413 - 415 - 416 - 418 - 420 - 421 - 424 - 425 - 429 - 431 - 433 - 436 - 437 - 438 - 440 - 441 - 442 - 445 - 446 - 447 - 450 - 451 - 452 - 453 - 454 - 456 - 457 - 458 - 460 - 462 - 464 - 466 - 468 - 472 - 478 - 482 - 483 - 484 - 485 - 486 - 487 - 488 - 490 - 493 - 494 - 495 - 496 - 498 - 499,22083257.0,0.1,91879,105714,80.51,Cost: 91879 & Capacity: 105714
7 - 9 - 10 - 11 - 13 - 14 - 15 - 16 - 18 - 21 - 22 - 23 - 26 - 27 - 28 - 30 - 33 - 34 - 35 - 38 - 39 - 43 - 44 - 45 - 47 - 48 - 49 - 50 - 52 - 54 - 55 - 56 - 57 - 58 - 60 - 61 - 62 - 64 - 65 - 67 - 68 - 70 - 73 - 75 - 76 - 80 - 81 - 84 - 85 - 87 - 88 - 93 - 94 - 96 - 97 - 101 - 103 - 104 - 105 - 108 - 110 - 111 - 112 - 114 - 115 - 117 - 120 - 121 - 123 - 124 - 126 - 127 - 129 - 130 - 133 - 136 - 137 - 138 - 139 - 141 - 142 - 143 - 144 - 145 - 146 - 148 - 149 - 151 - 152 - 156 - 157 - 158 - 160 - 161 - 162 - 163 - 165 - 167 - 168 - 169 - 170 - 172 - 173 - 174 - 175 - 177 - 180 - 182 - 183 - 184 - 185 - 186 - 187 - 189 - 190 - 191 - 192 - 193 - 194 - 195 - 196 - 201 - 203 - 206 - 207 - 208 - 211 - 212 - 213 - 216 - 217 - 218 - 219 - 222 - 223 - 226 - 227 - 228 - 229 - 230 - 232 - 233 - 235 - 239 - 242 - 243 - 244 - 245 - 247 - 248 - 250 - 251 - 252 - 254 - 255 - 256 - 257 - 258 - 259 - 260 - 262 - 264 - 265 - 266 - 270 - 278 - 279 - 280 - 281 - 283 - 286 - 287 - 289 - 290 - 291 - 292 - 294 - 295 - 297 - 298 - 299 - 300 - 301 - 303 - 307 - 309 - 310 - 311 - 312 - 313 - 314 - 315 - 316 - 318 - 319 - 320 - 326 - 327 - 330 - 331 - 332 - 333 - 334 - 336 - 337 - 340 - 341 - 342 - 345 - 346 - 348 - 350 - 354 - 356 - 358 - 360 - 362 - 366 - 368 - 370 - 371 - 372 - 374 - 375 - 377 - 378 - 379 - 380 - 381 - 383 - 384 - 387 - 388 - 389 - 391 - 392 - 393 - 395 - 396 - 397 - 398 - 399 - 400 - 401 - 404 - 405 - 408 - 409 - 410 - 413 - 415 - 416 - 418 - 420 - 421 - 424 - 425 - 429 - 431 - 433 - 436 - 437 - 438 - 440 - 441 - 442 - 445 - 446 - 447 - 450 - 451 - 453 - 454 - 456 - 457 - 458 - 460 - 462 - 464 - 466 - 467 - 468 - 472 - 478 - 482 - 483 - 484 - 485 - 486 - 487 - 488 - 490 - 493 - 494 - 495 - 496 - 498 - 499,22108469.9,0.0,91850,106779,80.92,Cost: 91850 & Capacity: 106779
7 - 9 - 10 - 11 - 13 - 14 - 15 - 16 - 18 - 21 - 22 - 23 - 26 - 27 - 28 - 30 - 33 - 34 - 35 - 38 - 39 - 43 - 44 - 45 - 47 - 48 - 49 - 50 - 52 - 54 - 55 - 56 - 57 - 58 - 60 - 61 - 62 - 64 - 65 - 67 - 68 - 70 - 73 - 75 - 76 - 80 - 81 - 84 - 85 - 87 - 88 - 89 - 93 - 94 - 96 - 97 - 101 - 103 - 104 - 105 - 108 - 110 - 111 - 112 - 114 - 115 - 117 - 120 - 121 - 123 - 124 - 126 - 127 - 129 - 130 - 133 - 136 - 137 - 138 - 139 - 141 - 142 - 143 - 144 - 145 - 146 - 148 - 149 - 151 - 152 - 156 - 157 - 158 - 160 - 161 - 162 - 163 - 165 - 167 - 168 - 169 - 170 - 172 - 173 - 174 - 175 - 177 - 180 - 182 - 183 - 184 - 185 - 186 - 187 - 189 - 190 - 191 - 192 - 193 - 194 - 195 - 196 - 201 - 202 - 203 - 206 - 207 - 208 - 211 - 212 - 213 - 216 - 217 - 218 - 219 - 222 - 223 - 226 - 227 - 228 - 229 - 230 - 232 - 233 - 235 - 239 - 242 - 243 - 244 - 245 - 247 - 248 - 250 - 251 - 254 - 255 - 256 - 257 - 258 - 259 - 260 - 262 - 264 - 265 - 266 - 270 - 278 - 279 - 280 - 281 - 283 - 286 - 287 - 289 - 290 - 291 - 292 - 294 - 295 - 297 - 298 - 299 - 300 - 301 - 303 - 304 - 307 - 309 - 310 - 311 - 312 - 313 - 314 - 315 - 316 - 318 - 319 - 320 - 326 - 327 - 330 - 331 - 332 - 333 - 334 - 336 - 337 - 340 - 341 - 342 - 345 - 346 - 348 - 350 - 354 - 356 - 358 - 360 - 362 - 366 - 368 - 370 - 371 - 372 - 374 - 375 - 377 - 378 - 379 - 380 - 381 - 384 - 387 - 388 - 389 - 391 - 392 - 393 - 396 - 397 - 398 - 399 - 400 - 401 - 404 - 405 - 408 - 409 - 410 - 413 - 415 - 416 - 418 - 420 - 421 - 424 - 425 - 429 - 431 - 433 - 436 - 437 - 438 - 440 - 441 - 442 - 445 - 446 - 447 - 450 - 451 - 452 - 453 - 454 - 456 - 457 - 458 - 460 - 462 - 464 - 466 - 468 - 472 - 478 - 482 - 483 - 484 - 485 - 486 - 487 - 488 - 490 - 493 - 494 - 495 - 496 - 498 - 499,22083257.0,0.1,91879,105714,80.95,Cost: 91879 & Capacity: 105714
10 - 11 - 13 - 14 - 18 - 22 - 23 - 26 - 31 - 33 - 41 - 43 - 50 - 52 - 53 - 59 - 60 - 64 - 66 - 67 - 68 - 75 - 77 - 81 - 84 - 85 - 86 - 91 - 93 - 96 - 98 - 100 - 103 - 109 - 111 - 113 - 119 - 120 - 122 - 123 - 124 - 125 - 126 - 130 - 133 - 134 - 136 - 139 - 145 - 151 - 152 - 153 - 163 - 164 - 166 - 171 - 175 - 181 - 182 - 187 - 195 - 202 - 208 - 212 - 213 - 215 - 217 - 219 - 220 - 221 - 225 - 242 - 244 - 245 - 247 - 248 - 251 - 257 - 263 - 265 - 266 - 272 - 273 - 283 - 284 - 286 - 288 - 294 - 295 - 300 - 303 - 314 - 316 - 318 - 321 - 324 - 331 - 332 - 333 - 334 - 335 - 336 - 340 - 342 - 343 - 344 - 348 - 349 - 353 - 354 - 356 - 357 - 358 - 360 - 367 - 369 - 370 - 372 - 374 - 376 - 379 - 380 - 384 - 390 - 393 - 400 - 408 - 409 - 410 - 411 - 413 - 414 - 416 - 417 - 423 - 424 - 428 - 430 - 434 - 435 - 438 - 440 - 445 - 446 - 450 - 453 - 456 - 460 - 462 - 463 - 465 - 484 - 487 - 488 - 489 - 494 - 496,6325257.2,13.5,91565,79604,81.01,Cost: 91565 & Capacity: 79604
7 - 9 - 10 - 11 - 13 - 14 - 15 - 16 - 18 - 21 - 22 - 23 - 26 - 27 - 28 - 30 - 33 - 34 - 35 - 38 - 39 - 43 - 44 - 45 - 47 - 48 - 49 - 50 - 52 - 54 - 55 - 56 - 57 - 58 - 60 - 61 - 62 - 64 - 65 - 67 - 68 - 70 - 73 - 75 - 76 - 80 - 81 - 84 - 85 - 87 - 88 - 89 - 93 - 94 - 96 - 97 - 101 - 103 - 104 - 105 - 108 - 110 - 111 - 112 - 114 - 115 - 117 - 120 - 121 - 123 - 124 - 126 - 127 - 129 - 130 - 133 - 136 - 137 - 138 - 139 - 141 - 142 - 143 - 144 - 145 - 146 - 148 - 149 - 151 - 152 - 156 - 157 - 158 - 160 - 161 - 162 - 163 - 165 - 167 - 168 - 169 - 170 - 172 - 173 - 174 - 175 - 177 - 180 - 182 - 183 - 184 - 185 - 186 - 187 - 189 - 190 - 191 - 192 - 193 - 194 - 195 - 196 - 201 - 202 - 203 - 206 - 207 - 208 - 211 - 212 - 213 - 216 - 217 - 218 - 219 - 222 - 223 - 226 - 227 - 228 - 229 - 230 - 232 - 233 - 235 - 239 - 242 - 243 - 244 - 245 - 247 - 248 - 250 - 251 - 254 - 255 - 256 - 257 - 258 - 259 - 260 - 262 - 264 - 265 - 266 - 270 - 278 - 279 - 280 - 281 - 283 - 286 - 287 - 289 - 290 - 291 - 292 - 294 - 295 - 297 - 298 - 299 - 300 - 301 - 303 - 304 - 307 - 309 - 310 - 311 - 312 - 313 - 314 - 315 - 316 - 318 - 319 - 320 - 326 - 327 - 330 - 331 - 332 - 333 - 334 - 336 - 337 - 340 - 341 - 342 - 345 - 346 - 348 - 350 - 354 - 356 - 358 - 360 - 362 - 366 - 368 - 370 - 371 - 372 - 374 - 375 - 377 - 378 - 379 - 380 - 381 - 384 - 387 - 388 - 389 - 391 - 392 - 393 - 396 - 397 - 398 - 399 - 400 - 401 - 404 - 405 - 408 - 409 - 410 - 413 - 415 - 416 - 418 - 420 - 421 - 424 - 425 - 429 - 431 - 433 - 436 - 437 - 438 - 440 - 441 - 442 - 445 - 446 - 447 - 450 - 451 - 452 - 453 - 454 - 456 - 457 - 458 - 460 - 462 - 464 - 466 - 468 - 472 - 478 - 482 - 483 - 484 - 485 - 486 - 487 - 488 - 490 - 493 - 494 - 495 - 496 - 498 - 499,22083257.0,0.1,91879,105714,81.38,Cost: 91879 & Capacity: 105714
0 - 1 - 7 - 10 - 11 - 13 - 14 - 15 - 16 - 18 - 21 - 22 - 25 - 26 - 27 - 28 - 30 - 34 - 38 - 39 - 43 - 44 - 45 - 47 - 49 - 51 - 52 - 55 - 56 - 60 - 65 - 67 - 68 - 70 - 75 - 80 - 81 - 82 - 84 - 85 - 87 - 90 - 93 - 96 - 101 - 103 - 105 - 109 - 111 - 112 - 114 - 118 - 120 - 121 - 122 - 123 - 124 - 129 - 133 - 134 - 136 - 137 - 138 - 139 - 140 - 141 - 143 - 146 - 148 - 151 - 154 - 155 - 157 - 158 - 163 - 167 - 169 - 170 - 173 - 180 - 181 - 182 - 184 - 185 - 186 - 188 - 189 - 190 - 191 - 192 - 193 - 195 - 196 - 197 - 204 - 206 - 208 - 211 - 213 - 217 - 219 - 220 - 222 - 223 - 225 - 226 - 227 - 228 - 229 - 233 - 234 - 235 - 237 - 238 - 239 - 245 - 246 - 247 - 248 - 250 - 254 - 255 - 256 - 257 - 258 - 259 - 262 - 263 - 264 - 265 - 266 - 268 - 270 - 272 - 278 - 279 - 281 - 284 - 286 - 288 - 289 - 290 - 291 - 295 - 297 - 300 - 301 - 303 - 306 - 307 - 308 - 316 - 317 - 318 - 319 - 320 - 321 - 328 - 331 - 332 - 333 - 334 - 336 - 337 - 342 - 343 - 345 - 346 - 348 - 350 - 356 - 358 - 362 - 363 - 366 - 369 - 372 - 374 - 375 - 377 - 378 - 379 - 380 - 381 - 389 - 391 - 393 - 394 - 396 - 397 - 399 - 400 - 401 - 404 - 405 - 409 - 410 - 412 - 415 - 416 - 417 - 420 - 421 - 425 - 431 - 433 - 437 - 441 - 442 - 447 - 450 - 451 - 454 - 456 - 457 - 458 - 462 - 466 - 468 - 472 - 474 - 475 - 481 - 483 - 484 - 486 - 488 - 493 - 495 - 496 - 498 - 499,13462003.3,4.8,91846,89995,82.44,Cost: 91846 & Capacity: 89995
0 - 9 - 11 - 12 - 13 - 14 - 16 - 23 - 30 - 32 - 46 - 49 - 50 - 51 - 56 - 60 - 64 - 73 - 75 - 78 - 81 - 84 - 85 - 91 - 96 - 99 - 100 - 116 - 122 - 123 - 125 - 127 - 128 - 135 - 139 - 145 - 148 - 151 - 152 - 153 - 164 - 171 - 173 - 174 - 177 - 178 - 179 - 181 - 187 - 197 - 208 - 212 - 213 - 215 - 224 - 225 - 226 - 228 - 230 - 231 - 233 - 239 - 244 - 245 - 247 - 251 - 256 - 257 - 259 - 263 - 265 - 266 - 267 - 271 - 273 - 274 - 275 - 277 - 278 - 280 - 284 - 289 - 290 - 291 - 292 - 295 - 299 - 300 - 307 - 308 - 310 - 311 - 314 - 315 - 316 - 317 - 324 - 326 - 332 - 334 - 335 - 336 - 339 - 342 - 343 - 344 - 347 - 348 - 349 - 353 - 358 - 363 - 369 - 372 - 374 - 375 - 380 - 384 - 385 - 387 - 388 - 390 - 393 - 396 - 399 - 404 - 407 - 409 - 414 - 416 - 417 - 420 - 421 - 426 - 431 - 435 - 440 - 441 - 443 - 444 - 445 - 447 - 448 - 456 - 457 - 460 - 462 - 463 - 466 - 468 - 482 - 483 - 488 - 494 - 497,6128764.7,13.6,88200,79150,82.81,Cost: 88200 & Capacity: 79150
0 - 1 - 9 - 11 - 12 - 13 - 14 - 16 - 21 - 23 - 30 - 32 - 46 - 49 - 50 - 51 - 56 - 60 - 64 - 73 - 75 - 78 - 81 - 84 - 85 - 91 - 96 - 99 - 100 - 116 - 122 - 123 - 125 - 127 - 128 - 135 - 139 - 145 - 148 - 151 - 152 - 153 - 164 - 171 - 173 - 174 - 177 - 178 - 179 - 181 - 187 - 197 - 208 - 212 - 213 - 215 - 219 - 224 - 225 - 226 - 228 - 230 - 231 - 233 - 239 - 244 - 245 - 247 - 251 - 256 - 257 - 259 - 263 - 265 - 266 - 267 - 271 - 273 - 274 - 275 - 277 - 278 - 280 - 284 - 289 - 290 - 291 - 292 - 295 - 299 - 300 - 307 - 308 - 310 - 311 - 314 - 315 - 316 - 317 - 324 - 326 - 332 - 334 - 335 - 336 - 339 - 342 - 343 - 344 - 347 - 348 - 349 - 353 - 358 - 363 - 369 - 372 - 374 - 375 - 380 - 384 - 385 - 387 - 388 - 390 - 393 - 396 - 399 - 404 - 407 - 409 - 411 - 414 - 415 - 416 - 417 - 420 - 421 - 426 - 431 - 435 - 440 - 441 - 443 - 444 - 445 - 447 - 448 - 456 - 457 - 460 - 462 - 463 - 466 - 468 - 482 - 483 - 488 - 494 - 497,6521683.5,12.4,91533,81865,82.81,Cost: 91533 & Capacity: 81865
7 - 9 - 10 - 11 - 13 - 14 - 15 - 16 - 18 - 21 - 22 - 23 - 26 - 27 - 28 - 30 - 33 - 34 - 35 - 38 - 39 - 43 - 44 - 45 - 47 - 48 - 49 - 50 - 52 - 54 - 55 - 56 - 57 - 58 - 60 - 61 - 62 - 64 - 65 - 67 - 68 - 70 - 73 - 75 - 76 - 80 - 81 - 84 - 85 - 87 - 88 - 89 - 93 - 94 - 96 - 97 - 101 - 103 - 104 - 105 - 108 - 110 - 111 - 112 - 114 - 115 - 117 - 120 - 121 - 123 - 124 - 126 - 127 - 129 - 130 - 133 - 136 - 137 - 138 - 139 - 141 - 142 - 143 - 144 - 145 - 146 - 148 - 149 - 151 - 152 - 156 - 157 - 158 - 160 - 161 - 162 - 163 - 165 - 167 - 168 - 169 - 170 - 172 - 173 - 174 - 175 - 177 - 180 - 182 - 183 - 184 - 185 - 186 - 187 - 189 - 190 - 191 - 192 - 193 - 194 - 195 - 196 - 201 - 202 - 203 - 206 - 207 - 208 - 211 - 212 - 213 - 216 - 217 - 218 - 219 - 222 - 223 - 226 - 227 - 228 - 229 - 230 - 232 - 233 - 235 - 239 - 242 - 243 - 244 - 245 - 247 - 248 - 250 - 251 - 254 - 255 - 256 - 257 - 258 - 259 - 260 - 262 - 264 - 265 - 266 - 270 - 278 - 279 - 280 - 281 - 283 - 286 - 287 - 289 - 290 - 291 - 292 - 294 - 295 - 297 - 298 - 299 - 300 - 301 - 303 - 304 - 307 - 309 - 310 - 311 - 312 - 313 - 314 - 315 - 316 - 318 - 319 - 320 - 326 - 327 - 330 - 331 - 332 - 333 - 334 - 336 - 337 - 340 - 341 - 342 - 345 - 346 - 348 - 350 - 354 - 356 - 358 - 360 - 362 - 366 - 368 - 370 - 371 - 372 - 374 - 375 - 377 - 378 - 379 - 380 - 381 - 384 - 387 - 388 - 389 - 391 - 392 - 393 - 396 - 397 - 398 - 399 - 400 - 401 - 404 - 405 - 408 - 409 - 410 - 413 - 415 - 416 - 418 - 420 - 421 - 424 - 425 - 429 - 431 - 433 - 436 - 437 - 438 - 440 - 441 - 442 - 445 - 446 - 447 - 450 - 451 - 452 - 453 - 454 - 456 - 457 - 458 - 460 - 462 - 464 - 466 - 468 - 472 - 478 - 482 - 483 - 484 - 485 - 486 - 487 - 488 - 490 - 493 - 494 - 495 - 496 - 498 - 499,22083257.0,0.1,91879,105714,83.1,Cost: 91879 & Capacity: 105714
0 - 1 - 4 - 7 - 11 - 12 - 13 - 14 - 16 - 18 - 19 - 21 - 22 - 23 - 26 - 27 - 30 - 32 - 38 - 42 - 50 - 52 - 54 - 56 - 58 - 64 - 66 - 70 - 71 - 82 - 83 - 90 - 91 - 93 - 96 - 102 - 103 - 104 - 108 - 112 - 115 - 116 - 117 - 119 - 121 - 123 - 124 - 127 - 128 - 131 - 134 - 135 - 137 - 138 - 139 - 141 - 143 - 150 - 152 - 154 - 155 - 159 - 172 - 173 - 175 - 181 - 182 - 183 - 185 - 189 - 190 - 191 - 193 - 196 - 201 - 207 - 208 - 210 - 219 - 224 - 229 - 230 - 234 - 238 - 239 - 245 - 249 - 251 - 255 - 256 - 265 - 267 - 268 - 269 - 270 - 271 - 272 - 274 - 275 - 278 - 279 - 281 - 283 - 284 - 295 - 297 - 298 - 303 - 307 - 309 - 310 - 313 - 315 - 319 - 320 - 325 - 327 - 336 - 337 - 339 - 341 - 346 - 348 - 351 - 356 - 363 - 364 - 369 - 370 - 376 - 377 - 380 - 386 - 391 - 393 - 394 - 395 - 401 - 404 - 406 - 408 - 414 - 417 - 420 - 425 - 435 - 446 - 447 - 448 - 451 - 455 - 458 - 459 - 462 - 463 - 466 - 469 - 470 - 476 - 480 - 488 - 492 - 493 - 494 - 499,6926863.2,11.8,90668,79008,86.31,Cost: 90668 & Capacity: 79008
7 - 9 - 10 - 11 - 13 - 14 - 15 - 16 - 18 - 21 - 22 - 23 - 26 - 27 - 28 - 30 - 33 - 34 - 35 - 38 - 39 - 43 - 44 - 45 - 47 - 48 - 49 - 50 - 52 - 54 - 55 - 56 - 57 - 58 - 60 - 61 - 62 - 64 - 65 - 67 - 68 - 70 - 73 - 75 - 76 - 80 - 81 - 84 - 85 - 87 - 88 - 93 - 94 - 96 - 97 - 101 - 103 - 104 - 105 - 108 - 110 - 111 - 112 - 114 - 115 - 117 - 120 - 121 - 123 - 124 - 126 - 127 - 129 - 130 - 133 - 136 - 137 - 138 - 139 - 141 - 142 - 143 - 144 - 145 - 146 - 148 - 149 - 151 - 152 - 156 - 157 - 158 - 160 - 161 - 162 - 163 - 165 - 167 - 168 - 169 - 170 - 173 - 174 - 175 - 177 - 180 - 182 - 183 - 184 - 185 - 186 - 187 - 189 - 190 - 191 - 192 - 193 - 194 - 195 - 196 - 201 - 202 - 203 - 206 - 207 - 208 - 211 - 212 - 213 - 216 - 217 - 218 - 219 - 222 - 223 - 224 - 226 - 227 - 228 - 229 - 230 - 232 - 233 - 235 - 239 - 242 - 243 - 244 - 245 - 247 - 248 - 250 - 251 - 252 - 254 - 255 - 256 - 257 - 258 - 259 - 260 - 262 - 264 - 265 - 266 - 270 - 278 - 279 - 280 - 281 - 283 - 286 - 287 - 289 - 290 - 291 - 292 - 294 - 295 - 297 - 298 - 299 - 300 - 301 - 303 - 307 - 309 - 310 - 311 - 312 - 313 - 314 - 315 - 316 - 318 - 319 - 320 - 326 - 327 - 330 - 331 - 332 - 333 - 334 - 336 - 337 - 340 - 341 - 342 - 345 - 346 - 348 - 350 - 354 - 356 - 358 - 360 - 362 - 366 - 368 - 370 - 371 - 372 - 374 - 375 - 377 - 378 - 379 - 380 - 381 - 383 - 384 - 387 - 388 - 389 - 391 - 392 - 393 - 396 - 397 - 398 - 399 - 400 - 401 - 404 - 405 - 408 - 409 - 410 - 413 - 415 - 416 - 418 - 420 - 421 - 424 - 425 - 429 - 431 - 433 - 436 - 437 - 438 - 440 - 441 - 442 - 445 - 446 - 447 - 450 - 451 - 452 - 453 - 454 - 456 - 457 - 458 - 460 - 462 - 464 - 466 - 468 - 472 - 478 - 482 - 483 - 484 - 485 - 486 - 487 - 488 - 490 - 493 - 494 - 495 - 496 - 498 - 499,22105452.1,0.0,91879,106318,88.0,Cost: 91879 & Capacity: 106318
7 - 9 - 10 - 11 - 13 - 14 - 15 - 16 - 18 - 21 - 22 - 23 - 26 - 27 - 28 - 30 - 33 - 34 - 35 - 38 - 39 - 43 - 44 - 45 - 47 - 48 - 49 - 50 - 52 - 54 - 55 - 56 - 57 - 58 - 60 - 61 - 62 - 64 - 65 - 67 - 68 - 70 - 73 - 75 - 76 - 80 - 81 - 84 - 85 - 87 - 88 - 89 - 93 - 94 - 96 - 97 - 101 - 103 - 104 - 105 - 108 - 110 - 111 - 112 - 114 - 115 - 117 - 120 - 121 - 123 - 124 - 126 - 127 - 129 - 130 - 133 - 136 - 137 - 138 - 139 - 141 - 142 - 143 - 144 - 145 - 146 - 148 - 149 - 151 - 152 - 156 - 157 - 158 - 160 - 161 - 162 - 163 - 165 - 167 - 168 - 169 - 170 - 172 - 173 - 174 - 175 - 177 - 180 - 182 - 183 - 184 - 185 - 186 - 187 - 189 - 190 - 191 - 192 - 193 - 194 - 195 - 196 - 201 - 202 - 203 - 206 - 207 - 208 - 211 - 212 - 213 - 216 - 217 - 218 - 219 - 222 - 223 - 226 - 227 - 228 - 229 - 230 - 232 - 233 - 235 - 239 - 242 - 243 - 244 - 245 - 247 - 248 - 250 - 251 - 254 - 255 - 256 - 257 - 258 - 259 - 260 - 262 - 264 - 265 - 266 - 270 - 278 - 279 - 280 - 281 - 283 - 286 - 287 - 289 - 290 - 291 - 292 - 294 - 295 - 297 - 298 - 299 - 300 - 301 - 303 - 304 - 307 - 309 - 310 - 311 - 312 - 313 - 314 - 315 - 316 - 318 - 319 - 320 - 326 - 327 - 330 - 331 - 332 - 333 - 334 - 336 - 337 - 340 - 341 - 342 - 345 - 346 - 348 - 350 - 354 - 356 - 358 - 360 - 362 - 366 - 368 - 370 - 371 - 372 - 374 - 375 - 377 - 378 - 379 - 380 - 381 - 384 - 387 - 388 - 389 - 391 - 392 - 393 - 396 - 397 - 398 - 399 - 400 - 401 - 404 - 405 - 408 - 409 - 410 - 413 - 415 - 416 - 418 - 420 - 421 - 424 - 425 - 429 - 431 - 433 - 436 - 437 - 438 - 440 - 441 - 442 - 445 - 446 - 447 - 450 - 451 - 452 - 453 - 454 - 456 - 457 - 458 - 460 - 462 - 464 - 466 - 468 - 472 - 478 - 482 - 483 - 484 - 485 - 486 - 487 - 488 - 490 - 493 - 494 - 495 - 496 - 498 - 499,22083257.0,0.1,91879,105714,91.13,Cost: 91879 & Capacity: 105714
7 - 9 - 10 - 11 - 13 - 14 - 15 - 16 - 18 - 21 - 22 - 23 - 26 - 27 - 28 - 30 - 33 - 34 - 35 - 38 - 39 - 43 - 44 - 45 - 47 - 48 - 49 - 50 - 52 - 54 - 55 - 56 - 57 - 58 - 60 - 61 - 62 - 64 - 65 - 67 - 68 - 70 - 73 - 75 - 76 - 80 - 81 - 84 - 85 - 87 - 88 - 89 - 93 - 94 - 96 - 97 - 101 - 103 - 104 - 105 - 108 - 110 - 111 - 112 - 114 - 115 - 117 - 120 - 121 - 123 - 124 - 126 - 127 - 129 - 130 - 133 - 136 - 137 - 138 - 139 - 141 - 142 - 143 - 144 - 145 - 146 - 148 - 149 - 151 - 152 - 156 - 157 - 158 - 160 - 161 - 162 - 163 - 165 - 167 - 168 - 169 - 170 - 172 - 173 - 174 - 175 - 177 - 180 - 182 - 183 - 184 - 185 - 186 - 187 - 189 - 190 - 191 - 192 - 193 - 194 - 195 - 196 - 201 - 203 - 206 - 207 - 208 - 211 - 212 - 213 - 216 - 217 - 218 - 219 - 222 - 223 - 226 - 227 - 228 - 229 - 230 - 232 - 233 - 235 - 239 - 242 - 243 - 244 - 245 - 247 - 248 - 250 - 251 - 252 - 254 - 255 - 256 - 257 - 258 - 259 - 260 - 262 - 264 - 265 - 266 - 270 - 278 - 279 - 280 - 281 - 283 - 286 - 287 - 289 - 290 - 291 - 292 - 294 - 295 - 297 - 298 - 299 - 300 - 301 - 303 - 307 - 309 - 310 - 311 - 312 - 313 - 314 - 315 - 316 - 318 - 319 - 320 - 326 - 327 - 330 - 331 - 332 - 333 - 334 - 336 - 337 - 340 - 341 - 342 - 345 - 346 - 348 - 350 - 354 - 356 - 358 - 360 - 362 - 366 - 368 - 370 - 371 - 372 - 374 - 375 - 377 - 378 - 379 - 380 - 381 - 384 - 387 - 388 - 389 - 391 - 392 - 393 - 396 - 397 - 398 - 399 - 400 - 401 - 404 - 405 - 408 - 409 - 410 - 413 - 415 - 416 - 418 - 420 - 421 - 424 - 425 - 429 - 431 - 433 - 436 - 437 - 438 - 440 - 441 - 442 - 445 - 446 - 447 - 450 - 451 - 452 - 453 - 454 - 456 - 457 - 458 - 460 - 462 - 464 - 466 - 467 - 468 - 472 - 478 - 482 - 483 - 484 - 485 - 486 - 487 - 488 - 490 - 493 - 494 - 495 - 496 - 498 - 499,22091956.7,0.1,91868,106680,91.72,Cost: 91868 & Capacity: 106680
