Nodes,MaxSum,MaxMin,Cost,Capacity,Time,Constraint values
0 - 1 - 5 - 9 - 15 - 16 - 18 - 19 - 20 - 21 - 25 - 30 - 34 - 41 - 44 - 49 - 50 - 57 - 60 - 61 - 66 - 67 - 68 - 74 - 75 - 78 - 84 - 89 - 93 - 96 - 100 - 106 - 107 - 114 - 119 - 123 - 129 - 130 - 131 - 136 - 141 - 143 - 144 - 149 - 150 - 151 - 153 - 174 - 175 - 181 - 185 - 188 - 192 - 193 - 198 - 205 - 206 - 208 - 217 - 219 - 226 - 228 - 232 - 238 - 243 - 244 - 248 - 252 - 256 - 258 - 263 - 271 - 276 - 281 - 283 - 286 - 295 - 299 - 307 - 311 - 315 - 316 - 318 - 321 - 324 - 330 - 331 - 332 - 359 - 362 - 369 - 370 - 374 - 375 - 391 - 397 - 400 - 405 - 409 - 410 - 411 - 416 - 425 - 428 - 430 - 433 - 437 - 441 - 443 - 444 - 448 - 451 - 456 - 458 - 461 - 465 - 475 - 479 - 484 - 486 - 490 - 491 - 495 - 497 - 498,3937965.8,18.2,94070,74461,0.51,Cost: 94070 & Capacity: 74461
5 - 6 - 7 - 13 - 15 - 16 - 18 - 19 - 21 - 23 - 25 - 28 - 32 - 33 - 38 - 41 - 42 - 44 - 47 - 51 - 60 - 61 - 62 - 65 - 66 - 67 - 73 - 74 - 79 - 81 - 83 - 84 - 85 - 90 - 96 - 100 - 101 - 110 - 118 - 119 - 126 - 143 - 144 - 146 - 147 - 150 - 153 - 154 - 160 - 171 - 172 - 173 - 175 - 192 - 195 - 196 - 198 - 199 - 201 - 206 - 209 - 213 - 215 - 216 - 222 - 224 - 230 - 234 - 236 - 243 - 248 - 249 - 250 - 252 - 254 - 266 - 267 - 275 - 291 - 293 - 300 - 301 - 304 - 307 - 309 - 311 - 314 - 316 - 318 - 320 - 321 - 328 - 332 - 340 - 342 - 346 - 351 - 361 - 364 - 369 - 379 - 381 - 387 - 389 - 391 - 397 - 400 - 402 - 404 - 408 - 409 - 410 - 415 - 416 - 420 - 421 - 425 - 430 - 431 - 433 - 436 - 439 - 443 - 444 - 447 - 448 - 449 - 454 - 455 - 456 - 458 - 462 - 466 - 469 - 471 - 475 - 482 - 484 - 487 - 488 - 494,5062287.3,15.9,93355,75041,4.68,Cost: 93355 & Capacity: 75041
0 - 1 - 3 - 4 - 6 - 7 - 9 - 10 - 12 - 13 - 14 - 15 - 19 - 20 - 22 - 23 - 24 - 26 - 27 - 28 - 30 - 31 - 32 - 33 - 35 - 39 - 40 - 42 - 43 - 44 - 45 - 48 - 49 - 50 - 52 - 56 - 58 - 59 - 61 - 63 - 64 - 69 - 70 - 71 - 72 - 74 - 79 - 82 - 83 - 84 - 85 - 86 - 88 - 90 - 91 - 92 - 93 - 95 - 98 - 100 - 103 - 104 - 105 - 106 - 107 - 109 - 111 - 112 - 113 - 117 - 121 - 122 - 124 - 125 - 126 - 127 - 128 - 134 - 135 - 136 - 137 - 142 - 143 - 144 - 145 - 146 - 147 - 149 - 152 - 153 - 154 - 156 - 157 - 158 - 160 - 161 - 164 - 165 - 167 - 168 - 169 - 170 - 171 - 172 - 174 - 175 - 176 - 177 - 179 - 180 - 181 - 184 - 187 - 189 - 192 - 193 - 194 - 195 - 196 - 197 - 198 - 201 - 202 - 203 - 205 - 206 - 208 - 209 - 210 - 211 - 212 - 214 - 216 - 224 - 225 - 226 - 227 - 229 - 230 - 232 - 233 - 234 - 235 - 236 - 237 - 240 - 241 - 244 - 245 - 246 - 248 - 249 - 251 - 254 - 255 - 259 - 261 - 264 - 265 - 266 - 267 - 268 - 269 - 270 - 272 - 275 - 278 - 279 - 280 - 281 - 282 - 285 - 289 - 291 - 296 - 297 - 298 - 300 - 304 - 306 - 308 - 309 - 310 - 314 - 317 - 319 - 320 - 325 - 328 - 329 - 331 - 332 - 335 - 337 - 339 - 341 - 344 - 346 - 351 - 352 - 353 - 355 - 356 - 357 - 359 - 362 - 365 - 370 - 374 - 376 - 380 - 385 - 387 - 388 - 389 - 390 - 391 - 392 - 394 - 395 - 397 - 399 - 400 - 401 - 403 - 405 - 406 - 407 - 408 - 411 - 413 - 417 - 418 - 423 - 426 - 428 - 430 - 434 - 435 - 436 - 438 - 439 - 442 - 443 - 445 - 446 - 448 - 449 - 450 - 451 - 453 - 454 - 456 - 458 - 459 - 460 - 461 - 463 - 464 - 465 - 466 - 468 - 469 - 470 - 471 - 472 - 474 - 476 - 477 - 478 - 479 - 480 - 481 - 482 - 483 - 484 - 485 - 486 - 487 - 488 - 489 - 490 - 492 - 493 - 494 - 495 - 497 - 498 - 499,20829600.3,0.0,90890,92922,4.72,Cost: 90890 & Capacity: 92922
0 - 1 - 3 - 4 - 6 - 7 - 8 - 9 - 10 - 12 - 13 - 14 - 15 - 19 - 20 - 22 - 23 - 24 - 26 - 27 - 28 - 30 - 31 - 32 - 33 - 35 - 39 - 40 - 42 - 43 - 44 - 45 - 48 - 49 - 50 - 52 - 56 - 58 - 59 - 61 - 63 - 64 - 69 - 70 - 71 - 72 - 74 - 79 - 82 - 83 - 84 - 85 - 86 - 88 - 90 - 91 - 92 - 93 - 95 - 98 - 100 - 103 - 104 - 105 - 106 - 107 - 109 - 111 - 112 - 113 - 117 - 121 - 122 - 124 - 125 - 126 - 127 - 128 - 134 - 135 - 136 - 137 - 142 - 143 - 144 - 145 - 146 - 147 - 149 - 152 - 153 - 154 - 156 - 157 - 158 - 160 - 161 - 164 - 165 - 167 - 168 - 169 - 170 - 171 - 172 - 174 - 175 - 176 - 177 - 179 - 180 - 181 - 184 - 187 - 189 - 192 - 193 - 194 - 195 - 196 - 197 - 198 - 201 - 202 - 203 - 205 - 206 - 208 - 209 - 210 - 211 - 212 - 214 - 216 - 224 - 225 - 226 - 227 - 229 - 230 - 232 - 233 - 234 - 235 - 236 - 237 - 240 - 241 - 244 - 245 - 246 - 247 - 248 - 249 - 251 - 254 - 255 - 259 - 261 - 264 - 265 - 266 - 267 - 268 - 269 - 270 - 272 - 275 - 278 - 279 - 280 - 281 - 282 - 285 - 289 - 291 - 296 - 297 - 298 - 300 - 304 - 306 - 308 - 309 - 310 - 314 - 317 - 319 - 320 - 325 - 328 - 329 - 331 - 332 - 335 - 337 - 339 - 341 - 344 - 346 - 351 - 352 - 353 - 355 - 356 - 357 - 359 - 362 - 365 - 370 - 374 - 376 - 380 - 385 - 387 - 388 - 389 - 390 - 391 - 392 - 394 - 395 - 397 - 399 - 400 - 401 - 403 - 405 - 406 - 407 - 408 - 411 - 413 - 417 - 418 - 423 - 426 - 428 - 430 - 434 - 435 - 436 - 438 - 439 - 442 - 443 - 445 - 446 - 448 - 449 - 450 - 451 - 453 - 454 - 456 - 458 - 459 - 460 - 461 - 463 - 464 - 465 - 466 - 468 - 469 - 470 - 471 - 472 - 474 - 476 - 477 - 478 - 479 - 480 - 481 - 482 - 483 - 484 - 485 - 486 - 487 - 488 - 489 - 490 - 492 - 493 - 494 - 495 - 497 - 498 - 499,21117695.9,0.0,92186,93831,4.72,Cost: 92186 & Capacity: 93831
0 - 1 - 4 - 5 - 6 - 8 - 9 - 10 - 15 - 17 - 19 - 20 - 21 - 22 - 23 - 24 - 27 - 28 - 30 - 31 - 34 - 37 - 39 - 40 - 41 - 43 - 44 - 46 - 47 - 50 - 61 - 65 - 67 - 79 - 82 - 83 - 84 - 85 - 87 - 95 - 98 - 99 - 100 - 105 - 106 - 107 - 108 - 109 - 112 - 113 - 116 - 117 - 121 - 122 - 126 - 127 - 135 - 136 - 137 - 139 - 149 - 150 - 154 - 155 - 156 - 160 - 162 - 163 - 165 - 169 - 170 - 171 - 172 - 175 - 176 - 181 - 182 - 184 - 186 - 189 - 192 - 193 - 195 - 196 - 198 - 201 - 202 - 203 - 205 - 206 - 216 - 222 - 224 - 225 - 226 - 229 - 233 - 234 - 235 - 236 - 243 - 244 - 245 - 248 - 249 - 251 - 254 - 255 - 257 - 264 - 266 - 267 - 269 - 272 - 275 - 277 - 283 - 293 - 296 - 297 - 299 - 300 - 301 - 304 - 307 - 308 - 309 - 311 - 312 - 314 - 318 - 319 - 320 - 323 - 329 - 330 - 331 - 332 - 333 - 334 - 335 - 337 - 339 - 341 - 342 - 344 - 348 - 355 - 359 - 361 - 362 - 365 - 368 - 369 - 387 - 391 - 392 - 396 - 397 - 399 - 404 - 405 - 410 - 412 - 413 - 420 - 428 - 432 - 433 - 434 - 436 - 438 - 443 - 445 - 448 - 450 - 454 - 455 - 456 - 458 - 459 - 461 - 463 - 464 - 465 - 470 - 471 - 472 - 477 - 478 - 480 - 481 - 482 - 483 - 485 - 487 - 488 - 489 - 495 - 496 - 498,10182957.4,7.1,93583,81612,5.16,Cost: 93583 & Capacity: 81612
0 - 4 - 5 - 6 - 7 - 8 - 15 - 19 - 22 - 23 - 29 - 30 - 33 - 34 - 37 - 38 - 39 - 44 - 46 - 47 - 53 - 55 - 56 - 58 - 61 - 70 - 72 - 77 - 78 - 86 - 90 - 98 - 100 - 103 - 109 - 118 - 122 - 125 - 126 - 127 - 133 - 138 - 139 - 148 - 149 - 152 - 165 - 169 - 171 - 176 - 182 - 190 - 191 - 195 - 197 - 200 - 202 - 208 - 210 - 215 - 216 - 217 - 226 - 227 - 229 - 234 - 235 - 239 - 241 - 246 - 248 - 250 - 252 - 254 - 257 - 264 - 268 - 275 - 284 - 293 - 297 - 298 - 299 - 305 - 307 - 309 - 311 - 318 - 319 - 320 - 322 - 330 - 331 - 334 - 335 - 336 - 337 - 338 - 339 - 342 - 344 - 345 - 346 - 354 - 357 - 359 - 360 - 361 - 365 - 370 - 376 - 379 - 381 - 387 - 393 - 396 - 400 - 410 - 411 - 413 - 418 - 428 - 431 - 432 - 433 - 434 - 438 - 440 - 445 - 448 - 450 - 453 - 456 - 458 - 459 - 465 - 471 - 472 - 474 - 475 - 476 - 478 - 479 - 481 - 484 - 486 - 488 - 491 - 493 - 496,5719409.1,14.5,86111,75338,8.15,Cost: 86111 & Capacity: 75338
0 - 4 - 5 - 6 - 7 - 8 - 15 - 19 - 22 - 23 - 29 - 30 - 33 - 34 - 37 - 38 - 39 - 44 - 46 - 47 - 53 - 55 - 56 - 58 - 61 - 70 - 72 - 77 - 78 - 86 - 90 - 98 - 100 - 103 - 109 - 112 - 118 - 122 - 125 - 126 - 127 - 133 - 138 - 139 - 148 - 149 - 152 - 165 - 169 - 171 - 176 - 182 - 190 - 191 - 195 - 197 - 200 - 202 - 208 - 210 - 215 - 216 - 217 - 226 - 227 - 229 - 234 - 235 - 239 - 241 - 246 - 248 - 250 - 252 - 254 - 257 - 264 - 268 - 275 - 284 - 293 - 297 - 298 - 299 - 305 - 307 - 309 - 311 - 318 - 319 - 320 - 322 - 330 - 331 - 334 - 335 - 336 - 337 - 338 - 339 - 342 - 344 - 345 - 346 - 354 - 357 - 359 - 360 - 361 - 365 - 370 - 376 - 379 - 381 - 387 - 393 - 396 - 400 - 410 - 411 - 413 - 418 - 428 - 431 - 432 - 433 - 434 - 438 - 440 - 445 - 448 - 450 - 453 - 456 - 458 - 459 - 465 - 471 - 472 - 474 - 475 - 476 - 478 - 479 - 481 - 484 - 486 - 488 - 491 - 493 - 496,5800510.6,14.1,86220,75554,8.15,Cost: 86220 & Capacity: 75554
0 - 4 - 5 - 6 - 7 - 8 - 15 - 19 - 22 - 23 - 29 - 30 - 33 - 34 - 37 - 38 - 39 - 44 - 46 - 47 - 53 - 55 - 56 - 58 - 61 - 70 - 72 - 77 - 78 - 86 - 87 - 90 - 98 - 100 - 103 - 109 - 112 - 118 - 122 - 125 - 126 - 127 - 133 - 138 - 139 - 148 - 149 - 152 - 165 - 169 - 171 - 176 - 182 - 190 - 191 - 195 - 197 - 200 - 202 - 208 - 210 - 215 - 216 - 217 - 226 - 227 - 229 - 234 - 235 - 239 - 241 - 245 - 246 - 248 - 250 - 252 - 254 - 257 - 264 - 268 - 275 - 283 - 284 - 293 - 297 - 298 - 299 - 305 - 307 - 309 - 311 - 318 - 319 - 320 - 322 - 330 - 331 - 334 - 335 - 336 - 337 - 338 - 339 - 342 - 344 - 345 - 346 - 354 - 357 - 359 - 360 - 361 - 365 - 370 - 376 - 379 - 381 - 387 - 393 - 396 - 400 - 410 - 411 - 413 - 418 - 428 - 431 - 432 - 433 - 434 - 438 - 440 - 445 - 448 - 450 - 453 - 456 - 458 - 459 - 465 - 471 - 472 - 474 - 475 - 476 - 478 - 479 - 481 - 484 - 486 - 488 - 491 - 493 - 496,6030972.5,13.2,88325,77531,8.15,Cost: 88325 & Capacity: 77531
0 - 4 - 5 - 6 - 7 - 8 - 15 - 19 - 22 - 23 - 29 - 30 - 33 - 34 - 37 - 38 - 39 - 44 - 46 - 47 - 53 - 55 - 56 - 58 - 61 - 66 - 70 - 72 - 77 - 78 - 86 - 87 - 90 - 98 - 100 - 103 - 109 - 112 - 118 - 122 - 125 - 126 - 127 - 133 - 138 - 139 - 148 - 149 - 152 - 165 - 169 - 171 - 176 - 182 - 190 - 191 - 195 - 197 - 200 - 202 - 208 - 210 - 215 - 216 - 217 - 226 - 227 - 229 - 234 - 235 - 239 - 241 - 245 - 246 - 248 - 250 - 252 - 254 - 257 - 264 - 268 - 275 - 283 - 284 - 293 - 297 - 298 - 299 - 305 - 307 - 309 - 311 - 318 - 319 - 320 - 322 - 330 - 331 - 334 - 335 - 336 - 337 - 338 - 339 - 342 - 344 - 345 - 346 - 354 - 357 - 359 - 360 - 361 - 365 - 370 - 376 - 379 - 381 - 387 - 393 - 396 - 400 - 410 - 411 - 413 - 418 - 428 - 431 - 432 - 433 - 434 - 438 - 440 - 445 - 448 - 450 - 453 - 456 - 458 - 459 - 465 - 471 - 472 - 474 - 475 - 476 - 478 - 479 - 481 - 484 - 486 - 488 - 489 - 491 - 493 - 496,6189036.2,13.0,89819,78687,8.15,Cost: 89819 & Capacity: 78687
4 - 6 - 7 - 8 - 10 - 11 - 13 - 15 - 16 - 18 - 19 - 22 - 27 - 29 - 30 - 34 - 38 - 39 - 41 - 45 - 47 - 50 - 52 - 55 - 56 - 58 - 69 - 70 - 71 - 75 - 76 - 78 - 79 - 81 - 82 - 87 - 93 - 95 - 100 - 102 - 103 - 107 - 109 - 113 - 114 - 119 - 121 - 126 - 130 - 136 - 142 - 143 - 144 - 146 - 148 - 149 - 152 - 153 - 159 - 165 - 171 - 174 - 176 - 179 - 185 - 193 - 194 - 199 - 200 - 201 - 208 - 211 - 217 - 220 - 223 - 227 - 229 - 232 - 233 - 235 - 236 - 241 - 246 - 252 - 254 - 263 - 269 - 275 - 283 - 285 - 288 - 290 - 291 - 297 - 307 - 316 - 318 - 323 - 325 - 327 - 330 - 332 - 334 - 336 - 341 - 342 - 344 - 351 - 357 - 359 - 360 - 361 - 362 - 366 - 369 - 370 - 379 - 380 - 384 - 387 - 389 - 390 - 396 - 397 - 400 - 401 - 403 - 405 - 409 - 410 - 411 - 413 - 416 - 418 - 422 - 426 - 427 - 428 - 429 - 432 - 434 - 437 - 442 - 443 - 445 - 446 - 448 - 453 - 458 - 459 - 462 - 471 - 472 - 474 - 475 - 480 - 484 - 486 - 490 - 492 - 493,6591047.9,12.4,93156,75752,12.97,Cost: 93156 & Capacity: 75752
0 - 1 - 3 - 4 - 5 - 6 - 7 - 8 - 9 - 10 - 12 - 13 - 14 - 15 - 19 - 20 - 22 - 23 - 24 - 26 - 27 - 28 - 30 - 31 - 32 - 33 - 35 - 39 - 40 - 42 - 43 - 44 - 45 - 48 - 49 - 50 - 52 - 56 - 58 - 59 - 61 - 63 - 64 - 69 - 70 - 71 - 72 - 74 - 79 - 82 - 83 - 84 - 85 - 86 - 88 - 90 - 91 - 92 - 93 - 95 - 98 - 100 - 103 - 104 - 105 - 106 - 107 - 109 - 111 - 112 - 113 - 117 - 121 - 122 - 124 - 125 - 126 - 127 - 128 - 134 - 135 - 136 - 137 - 142 - 143 - 144 - 145 - 146 - 147 - 149 - 152 - 153 - 154 - 156 - 157 - 158 - 160 - 161 - 164 - 165 - 167 - 168 - 169 - 170 - 171 - 172 - 174 - 175 - 176 - 177 - 179 - 180 - 181 - 184 - 187 - 189 - 192 - 193 - 194 - 195 - 196 - 197 - 198 - 201 - 202 - 203 - 205 - 206 - 208 - 209 - 210 - 211 - 212 - 214 - 216 - 224 - 225 - 226 - 227 - 229 - 230 - 232 - 233 - 234 - 235 - 236 - 237 - 240 - 241 - 244 - 245 - 246 - 247 - 248 - 249 - 251 - 254 - 255 - 259 - 261 - 264 - 265 - 266 - 267 - 268 - 269 - 270 - 272 - 275 - 278 - 279 - 280 - 281 - 282 - 285 - 289 - 291 - 296 - 297 - 298 - 300 - 304 - 306 - 308 - 309 - 310 - 314 - 317 - 319 - 320 - 325 - 328 - 329 - 331 - 332 - 335 - 337 - 339 - 341 - 344 - 346 - 351 - 352 - 353 - 355 - 356 - 357 - 359 - 362 - 365 - 370 - 374 - 376 - 380 - 385 - 387 - 388 - 389 - 390 - 391 - 392 - 394 - 395 - 397 - 399 - 400 - 401 - 403 - 405 - 406 - 407 - 408 - 411 - 413 - 417 - 418 - 423 - 426 - 428 - 430 - 434 - 435 - 436 - 438 - 439 - 442 - 443 - 445 - 446 - 448 - 449 - 450 - 451 - 453 - 454 - 456 - 458 - 459 - 460 - 461 - 463 - 464 - 465 - 466 - 468 - 469 - 470 - 471 - 472 - 474 - 476 - 477 - 478 - 479 - 480 - 481 - 482 - 483 - 484 - 485 - 486 - 487 - 488 - 489 - 490 - 492 - 493 - 494 - 495 - 497 - 498 - 499,21260188.1,0.0,92842,94755,15.34,Cost: 92842 & Capacity: 94755
0 - 1 - 5 - 6 - 8 - 9 - 10 - 12 - 15 - 17 - 18 - 19 - 20 - 22 - 27 - 31 - 34 - 38 - 39 - 40 - 41 - 44 - 45 - 46 - 47 - 50 - 52 - 55 - 58 - 65 - 66 - 72 - 78 - 79 - 82 - 83 - 85 - 87 - 92 - 98 - 100 - 103 - 107 - 109 - 112 - 117 - 122 - 125 - 126 - 134 - 136 - 145 - 147 - 148 - 149 - 152 - 154 - 155 - 156 - 157 - 165 - 167 - 171 - 173 - 175 - 176 - 184 - 185 - 190 - 193 - 195 - 197 - 203 - 206 - 215 - 216 - 217 - 222 - 225 - 226 - 229 - 232 - 233 - 234 - 235 - 236 - 238 - 241 - 243 - 244 - 245 - 248 - 249 - 252 - 253 - 257 - 264 - 268 - 271 - 275 - 277 - 278 - 282 - 285 - 288 - 292 - 293 - 297 - 298 - 299 - 307 - 311 - 312 - 314 - 315 - 319 - 323 - 327 - 329 - 332 - 334 - 335 - 337 - 339 - 340 - 342 - 344 - 348 - 349 - 354 - 355 - 356 - 357 - 358 - 359 - 360 - 361 - 362 - 365 - 368 - 379 - 380 - 387 - 389 - 392 - 396 - 400 - 401 - 405 - 406 - 413 - 414 - 418 - 423 - 426 - 427 - 428 - 433 - 434 - 438 - 443 - 445 - 448 - 453 - 454 - 456 - 458 - 463 - 465 - 466 - 470 - 471 - 472 - 474 - 475 - 476 - 478 - 479 - 480 - 481 - 482 - 486 - 488 - 489 - 490 - 494 - 498,8850870.4,8.3,92632,79938,15.75,Cost: 92632 & Capacity: 79938
0 - 1 - 3 - 4 - 6 - 7 - 8 - 9 - 10 - 12 - 13 - 14 - 15 - 19 - 20 - 22 - 23 - 24 - 26 - 27 - 28 - 30 - 31 - 32 - 33 - 35 - 39 - 40 - 42 - 43 - 44 - 45 - 48 - 49 - 50 - 52 - 56 - 58 - 59 - 61 - 63 - 64 - 69 - 70 - 71 - 72 - 74 - 79 - 82 - 83 - 84 - 85 - 86 - 88 - 90 - 91 - 92 - 93 - 95 - 98 - 100 - 103 - 104 - 105 - 106 - 107 - 109 - 111 - 112 - 113 - 117 - 121 - 122 - 124 - 125 - 126 - 127 - 128 - 134 - 135 - 136 - 137 - 142 - 143 - 144 - 145 - 146 - 147 - 149 - 152 - 153 - 154 - 156 - 157 - 158 - 160 - 161 - 164 - 165 - 167 - 168 - 169 - 170 - 171 - 172 - 174 - 175 - 176 - 177 - 179 - 180 - 181 - 184 - 187 - 189 - 192 - 193 - 194 - 195 - 196 - 197 - 198 - 202 - 203 - 205 - 206 - 208 - 209 - 210 - 211 - 212 - 214 - 216 - 224 - 225 - 226 - 227 - 229 - 230 - 232 - 233 - 234 - 235 - 236 - 237 - 240 - 241 - 244 - 245 - 246 - 247 - 248 - 249 - 251 - 254 - 255 - 259 - 261 - 264 - 265 - 266 - 267 - 268 - 269 - 270 - 272 - 275 - 278 - 279 - 280 - 281 - 282 - 285 - 289 - 291 - 296 - 297 - 298 - 300 - 304 - 306 - 308 - 309 - 310 - 314 - 317 - 319 - 320 - 325 - 328 - 329 - 331 - 332 - 335 - 337 - 339 - 341 - 344 - 346 - 351 - 352 - 353 - 355 - 356 - 357 - 359 - 362 - 365 - 370 - 374 - 376 - 380 - 385 - 387 - 388 - 389 - 390 - 391 - 392 - 394 - 395 - 397 - 399 - 400 - 401 - 403 - 405 - 406 - 407 - 408 - 411 - 413 - 417 - 418 - 423 - 426 - 428 - 430 - 434 - 435 - 436 - 438 - 439 - 442 - 443 - 445 - 446 - 448 - 449 - 450 - 451 - 453 - 454 - 455 - 456 - 458 - 459 - 460 - 461 - 463 - 464 - 465 - 466 - 468 - 469 - 470 - 471 - 472 - 474 - 476 - 477 - 478 - 479 - 480 - 481 - 482 - 483 - 484 - 485 - 486 - 487 - 488 - 489 - 490 - 492 - 493 - 494 - 495 - 497 - 498 - 499,21113162.6,0.0,92183,94001,20.97,Cost: 92183 & Capacity: 94001
0 - 1 - 3 - 4 - 6 - 7 - 9 - 10 - 12 - 13 - 14 - 15 - 19 - 20 - 22 - 23 - 24 - 26 - 27 - 28 - 30 - 31 - 32 - 33 - 35 - 39 - 40 - 42 - 43 - 44 - 45 - 48 - 49 - 50 - 52 - 56 - 58 - 59 - 61 - 63 - 64 - 69 - 70 - 71 - 72 - 74 - 79 - 82 - 83 - 84 - 85 - 86 - 88 - 90 - 91 - 92 - 93 - 95 - 98 - 100 - 103 - 104 - 105 - 106 - 107 - 109 - 111 - 112 - 113 - 117 - 121 - 122 - 124 - 125 - 126 - 127 - 128 - 134 - 135 - 136 - 137 - 142 - 143 - 145 - 146 - 147 - 149 - 152 - 153 - 154 - 156 - 157 - 158 - 160 - 161 - 164 - 165 - 167 - 168 - 169 - 170 - 171 - 172 - 174 - 175 - 176 - 177 - 179 - 180 - 181 - 184 - 187 - 189 - 192 - 193 - 194 - 195 - 196 - 197 - 198 - 202 - 203 - 205 - 206 - 208 - 209 - 210 - 211 - 212 - 214 - 216 - 224 - 225 - 226 - 227 - 229 - 230 - 232 - 233 - 234 - 235 - 236 - 237 - 240 - 241 - 244 - 245 - 246 - 247 - 248 - 249 - 251 - 254 - 255 - 259 - 261 - 264 - 265 - 266 - 267 - 268 - 269 - 270 - 272 - 275 - 278 - 279 - 280 - 281 - 282 - 285 - 289 - 291 - 296 - 297 - 298 - 300 - 304 - 306 - 308 - 309 - 310 - 314 - 317 - 319 - 320 - 325 - 328 - 329 - 331 - 332 - 335 - 337 - 339 - 341 - 344 - 346 - 351 - 352 - 353 - 355 - 356 - 357 - 359 - 362 - 365 - 370 - 374 - 376 - 380 - 385 - 387 - 388 - 389 - 390 - 391 - 392 - 394 - 395 - 397 - 399 - 400 - 401 - 403 - 405 - 406 - 407 - 408 - 411 - 413 - 417 - 418 - 423 - 426 - 428 - 430 - 434 - 435 - 436 - 438 - 439 - 442 - 443 - 445 - 446 - 448 - 449 - 450 - 451 - 453 - 454 - 455 - 456 - 458 - 459 - 460 - 461 - 463 - 464 - 465 - 466 - 468 - 469 - 470 - 471 - 472 - 474 - 476 - 477 - 478 - 479 - 480 - 481 - 482 - 483 - 484 - 485 - 486 - 487 - 488 - 489 - 490 - 492 - 493 - 494 - 495 - 497 - 498 - 499,20826450.1,0.0,90888,92666,21.27,Cost: 90888 & Capacity: 92666
0 - 1 - 4 - 6 - 7 - 8 - 9 - 10 - 16 - 17 - 18 - 19 - 20 - 22 - 24 - 34 - 37 - 38 - 39 - 44 - 45 - 46 - 47 - 48 - 50 - 61 - 63 - 65 - 66 - 71 - 77 - 83 - 85 - 87 - 89 - 95 - 96 - 97 - 98 - 99 - 100 - 103 - 105 - 107 - 108 - 109 - 114 - 116 - 119 - 122 - 126 - 127 - 131 - 135 - 136 - 139 - 141 - 143 - 148 - 152 - 155 - 156 - 162 - 171 - 181 - 184 - 186 - 193 - 196 - 198 - 207 - 209 - 210 - 215 - 216 - 217 - 219 - 224 - 225 - 228 - 231 - 233 - 234 - 235 - 241 - 243 - 244 - 248 - 249 - 252 - 253 - 257 - 261 - 264 - 265 - 267 - 274 - 282 - 283 - 285 - 290 - 295 - 297 - 307 - 311 - 319 - 322 - 323 - 324 - 329 - 330 - 331 - 335 - 336 - 338 - 341 - 345 - 348 - 353 - 354 - 355 - 357 - 359 - 362 - 367 - 368 - 369 - 370 - 374 - 379 - 380 - 386 - 387 - 391 - 396 - 397 - 399 - 400 - 405 - 414 - 420 - 423 - 428 - 432 - 433 - 434 - 442 - 443 - 445 - 451 - 459 - 463 - 465 - 478 - 482 - 484 - 485 - 487 - 489 - 490 - 493 - 496,6616589.9,12.2,93490,74818,23.91,Cost: 93490 & Capacity: 74818
0 - 1 - 3 - 4 - 6 - 7 - 8 - 9 - 10 - 12 - 13 - 14 - 15 - 19 - 20 - 22 - 23 - 24 - 26 - 27 - 28 - 30 - 31 - 32 - 33 - 35 - 39 - 40 - 42 - 43 - 44 - 45 - 48 - 49 - 50 - 52 - 56 - 58 - 59 - 61 - 63 - 64 - 69 - 70 - 71 - 72 - 74 - 79 - 82 - 83 - 84 - 85 - 86 - 88 - 90 - 91 - 92 - 93 - 95 - 98 - 100 - 103 - 104 - 105 - 106 - 107 - 109 - 111 - 112 - 113 - 117 - 121 - 122 - 124 - 125 - 126 - 127 - 128 - 134 - 135 - 136 - 137 - 142 - 143 - 144 - 145 - 146 - 147 - 149 - 152 - 153 - 154 - 156 - 157 - 158 - 160 - 161 - 164 - 165 - 167 - 168 - 169 - 170 - 171 - 172 - 174 - 175 - 176 - 177 - 179 - 180 - 181 - 184 - 187 - 189 - 192 - 193 - 194 - 195 - 196 - 197 - 198 - 201 - 202 - 203 - 205 - 206 - 208 - 209 - 210 - 211 - 212 - 214 - 216 - 224 - 225 - 226 - 227 - 229 - 230 - 232 - 233 - 234 - 235 - 236 - 237 - 240 - 241 - 244 - 245 - 246 - 247 - 248 - 249 - 251 - 254 - 255 - 259 - 261 - 264 - 265 - 266 - 267 - 268 - 269 - 270 - 272 - 275 - 278 - 279 - 280 - 281 - 282 - 285 - 289 - 291 - 296 - 297 - 298 - 300 - 304 - 306 - 308 - 309 - 310 - 314 - 317 - 319 - 320 - 325 - 328 - 329 - 331 - 332 - 335 - 337 - 339 - 341 - 344 - 346 - 351 - 352 - 353 - 355 - 356 - 357 - 359 - 362 - 365 - 370 - 374 - 376 - 380 - 385 - 387 - 388 - 389 - 390 - 391 - 392 - 394 - 395 - 397 - 399 - 400 - 401 - 403 - 405 - 406 - 407 - 408 - 411 - 413 - 416 - 417 - 418 - 423 - 426 - 428 - 430 - 434 - 435 - 436 - 438 - 439 - 442 - 443 - 445 - 446 - 448 - 449 - 450 - 451 - 453 - 454 - 455 - 456 - 458 - 459 - 460 - 461 - 463 - 464 - 465 - 466 - 468 - 469 - 470 - 471 - 472 - 474 - 476 - 477 - 478 - 479 - 480 - 481 - 482 - 483 - 484 - 485 - 486 - 487 - 488 - 489 - 490 - 492 - 493 - 494 - 495 - 497 - 498 - 499,21404631.1,0.0,93484,94899,25.99,Cost: 93484 & Capacity: 94899
0 - 1 - 3 - 4 - 6 - 7 - 9 - 10 - 12 - 13 - 14 - 15 - 19 - 20 - 22 - 23 - 24 - 26 - 27 - 28 - 30 - 31 - 32 - 33 - 35 - 39 - 40 - 42 - 43 - 44 - 45 - 48 - 49 - 50 - 52 - 56 - 58 - 59 - 61 - 63 - 64 - 69 - 70 - 71 - 72 - 74 - 79 - 82 - 83 - 84 - 85 - 86 - 88 - 90 - 91 - 92 - 93 - 95 - 98 - 100 - 103 - 104 - 105 - 106 - 107 - 109 - 111 - 112 - 113 - 117 - 121 - 122 - 124 - 125 - 126 - 127 - 128 - 134 - 135 - 136 - 137 - 142 - 143 - 144 - 145 - 146 - 147 - 149 - 152 - 153 - 154 - 156 - 157 - 158 - 160 - 161 - 164 - 165 - 167 - 168 - 169 - 170 - 171 - 172 - 174 - 175 - 176 - 177 - 179 - 180 - 181 - 184 - 187 - 189 - 192 - 193 - 194 - 195 - 196 - 197 - 198 - 202 - 203 - 205 - 206 - 208 - 209 - 210 - 211 - 212 - 214 - 216 - 224 - 225 - 226 - 227 - 229 - 230 - 232 - 233 - 234 - 235 - 236 - 237 - 240 - 241 - 244 - 245 - 246 - 248 - 249 - 251 - 254 - 255 - 259 - 261 - 264 - 265 - 266 - 267 - 268 - 269 - 270 - 272 - 275 - 278 - 279 - 280 - 281 - 282 - 285 - 289 - 291 - 296 - 297 - 298 - 300 - 304 - 306 - 308 - 309 - 310 - 314 - 317 - 319 - 320 - 325 - 328 - 329 - 331 - 332 - 335 - 337 - 339 - 341 - 344 - 346 - 351 - 352 - 353 - 355 - 356 - 357 - 359 - 362 - 365 - 370 - 374 - 376 - 380 - 385 - 387 - 388 - 389 - 390 - 391 - 392 - 394 - 395 - 397 - 399 - 400 - 401 - 403 - 405 - 406 - 407 - 408 - 411 - 413 - 417 - 418 - 423 - 426 - 428 - 430 - 434 - 435 - 436 - 438 - 439 - 442 - 443 - 445 - 446 - 448 - 449 - 450 - 451 - 453 - 454 - 455 - 456 - 458 - 459 - 460 - 461 - 463 - 464 - 465 - 466 - 468 - 469 - 470 - 471 - 472 - 474 - 476 - 477 - 478 - 479 - 480 - 481 - 482 - 483 - 484 - 485 - 486 - 487 - 488 - 489 - 490 - 492 - 493 - 494 - 495 - 497 - 498 - 499,20825477.9,0.0,90887,93092,26.0,Cost: 90887 & Capacity: 93092
4 - 5 - 6 - 8 - 16 - 18 - 22 - 33 - 34 - 45 - 47 - 56 - 59 - 61 - 66 - 71 - 90 - 92 - 94 - 95 - 97 - 98 - 100 - 101 - 103 - 104 - 108 - 110 - 112 - 114 - 117 - 126 - 143 - 144 - 149 - 151 - 152 - 153 - 163 - 164 - 171 - 175 - 176 - 179 - 185 - 186 - 188 - 190 - 192 - 194 - 195 - 198 - 199 - 200 - 204 - 205 - 208 - 209 - 215 - 216 - 217 - 219 - 220 - 224 - 227 - 231 - 235 - 237 - 239 - 240 - 243 - 249 - 252 - 254 - 255 - 256 - 264 - 266 - 267 - 269 - 279 - 285 - 286 - 293 - 297 - 302 - 304 - 307 - 318 - 320 - 323 - 327 - 331 - 332 - 333 - 335 - 339 - 340 - 346 - 348 - 352 - 355 - 356 - 360 - 361 - 373 - 378 - 379 - 382 - 386 - 390 - 392 - 396 - 397 - 400 - 403 - 408 - 409 - 410 - 413 - 415 - 417 - 422 - 428 - 431 - 436 - 443 - 444 - 445 - 450 - 455 - 456 - 458 - 461 - 465 - 466 - 467 - 468 - 469 - 470 - 473 - 475 - 481 - 485 - 486 - 490 - 494 - 496,5557021.7,15.0,92632,74464,28.19,Cost: 92632 & Capacity: 74464
4 - 6 - 8 - 10 - 12 - 15 - 16 - 22 - 26 - 27 - 28 - 30 - 33 - 44 - 45 - 46 - 47 - 56 - 57 - 58 - 63 - 81 - 92 - 95 - 97 - 98 - 100 - 103 - 109 - 112 - 113 - 114 - 117 - 126 - 127 - 130 - 134 - 136 - 139 - 143 - 144 - 145 - 146 - 150 - 154 - 157 - 158 - 159 - 162 - 165 - 175 - 176 - 185 - 188 - 190 - 193 - 195 - 198 - 205 - 206 - 209 - 215 - 216 - 217 - 220 - 224 - 225 - 226 - 227 - 229 - 230 - 234 - 235 - 240 - 241 - 249 - 252 - 253 - 255 - 257 - 266 - 268 - 278 - 280 - 283 - 284 - 298 - 299 - 306 - 307 - 315 - 317 - 318 - 323 - 324 - 327 - 328 - 329 - 330 - 331 - 332 - 333 - 335 - 338 - 339 - 340 - 342 - 343 - 348 - 349 - 351 - 353 - 355 - 358 - 359 - 361 - 373 - 376 - 379 - 380 - 386 - 387 - 388 - 389 - 390 - 391 - 392 - 395 - 400 - 402 - 403 - 404 - 405 - 407 - 408 - 410 - 413 - 422 - 427 - 428 - 429 - 431 - 432 - 434 - 436 - 442 - 443 - 445 - 446 - 448 - 450 - 452 - 454 - 455 - 456 - 458 - 460 - 465 - 466 - 471 - 472 - 475 - 479 - 481 - 484 - 485 - 486 - 487 - 488 - 489 - 490 - 495 - 496,7554973.1,10.8,93740,78952,1.07,Cost: 93740 & Capacity: 78952
0 - 1 - 3 - 4 - 6 - 7 - 9 - 10 - 12 - 13 - 14 - 15 - 19 - 20 - 22 - 23 - 24 - 26 - 27 - 28 - 30 - 31 - 32 - 33 - 35 - 39 - 40 - 42 - 43 - 44 - 45 - 48 - 49 - 50 - 52 - 56 - 58 - 59 - 61 - 63 - 64 - 69 - 70 - 71 - 72 - 74 - 79 - 82 - 83 - 84 - 85 - 86 - 88 - 90 - 91 - 92 - 93 - 95 - 98 - 100 - 103 - 104 - 105 - 106 - 107 - 109 - 111 - 112 - 113 - 117 - 121 - 122 - 124 - 125 - 126 - 127 - 128 - 134 - 135 - 136 - 137 - 142 - 143 - 144 - 145 - 146 - 147 - 149 - 152 - 153 - 154 - 156 - 157 - 158 - 160 - 161 - 164 - 165 - 167 - 168 - 169 - 170 - 171 - 172 - 174 - 175 - 176 - 177 - 179 - 180 - 181 - 184 - 187 - 189 - 192 - 193 - 194 - 195 - 196 - 197 - 198 - 201 - 202 - 203 - 205 - 206 - 208 - 209 - 210 - 211 - 212 - 214 - 216 - 224 - 225 - 226 - 227 - 229 - 230 - 232 - 233 - 234 - 235 - 236 - 237 - 240 - 241 - 244 - 245 - 246 - 248 - 249 - 251 - 254 - 255 - 259 - 261 - 264 - 265 - 266 - 267 - 268 - 269 - 270 - 272 - 275 - 278 - 279 - 280 - 281 - 282 - 285 - 289 - 291 - 296 - 297 - 298 - 300 - 304 - 306 - 308 - 309 - 310 - 314 - 317 - 319 - 320 - 325 - 328 - 329 - 331 - 332 - 335 - 337 - 339 - 341 - 344 - 346 - 351 - 352 - 353 - 355 - 356 - 357 - 359 - 362 - 365 - 370 - 374 - 376 - 380 - 385 - 387 - 388 - 389 - 390 - 391 - 392 - 394 - 395 - 397 - 399 - 400 - 401 - 403 - 405 - 406 - 407 - 408 - 411 - 413 - 417 - 418 - 423 - 426 - 428 - 430 - 434 - 435 - 436 - 438 - 439 - 442 - 443 - 445 - 446 - 448 - 449 - 450 - 451 - 453 - 454 - 455 - 456 - 458 - 459 - 460 - 461 - 463 - 464 - 465 - 466 - 468 - 469 - 470 - 471 - 472 - 474 - 476 - 477 - 478 - 479 - 480 - 481 - 482 - 483 - 484 - 485 - 486 - 487 - 488 - 489 - 490 - 492 - 493 - 494 - 495 - 497 - 498 - 499,20966343.0,0.0,91534,93441,5.18,Cost: 91534 & Capacity: 93441
0 - 1 - 3 - 4 - 6 - 7 - 8 - 9 - 10 - 12 - 13 - 14 - 19 - 20 - 22 - 23 - 24 - 26 - 27 - 28 - 30 - 31 - 32 - 33 - 35 - 39 - 40 - 41 - 42 - 43 - 44 - 45 - 48 - 49 - 50 - 56 - 58 - 59 - 61 - 64 - 69 - 70 - 71 - 72 - 74 - 79 - 82 - 83 - 85 - 86 - 88 - 90 - 91 - 92 - 93 - 95 - 98 - 100 - 103 - 104 - 105 - 106 - 107 - 111 - 112 - 113 - 117 - 121 - 122 - 124 - 125 - 126 - 127 - 128 - 132 - 133 - 134 - 135 - 136 - 137 - 142 - 143 - 145 - 146 - 147 - 149 - 152 - 153 - 154 - 155 - 156 - 157 - 158 - 160 - 161 - 164 - 165 - 166 - 167 - 168 - 169 - 170 - 171 - 172 - 174 - 175 - 176 - 177 - 179 - 180 - 181 - 184 - 187 - 189 - 192 - 193 - 194 - 195 - 196 - 197 - 198 - 201 - 202 - 203 - 204 - 205 - 206 - 208 - 209 - 210 - 211 - 212 - 214 - 216 - 223 - 224 - 225 - 226 - 227 - 229 - 230 - 232 - 233 - 234 - 235 - 236 - 237 - 240 - 241 - 244 - 245 - 246 - 248 - 249 - 251 - 254 - 255 - 259 - 261 - 264 - 265 - 266 - 267 - 268 - 269 - 270 - 272 - 275 - 278 - 279 - 280 - 281 - 282 - 285 - 289 - 291 - 296 - 297 - 298 - 300 - 304 - 306 - 308 - 309 - 310 - 314 - 317 - 319 - 320 - 325 - 327 - 328 - 329 - 331 - 332 - 335 - 337 - 339 - 341 - 344 - 346 - 351 - 352 - 353 - 355 - 356 - 357 - 358 - 359 - 362 - 365 - 370 - 374 - 376 - 380 - 385 - 387 - 388 - 389 - 390 - 391 - 392 - 394 - 395 - 397 - 399 - 400 - 401 - 403 - 405 - 406 - 407 - 408 - 411 - 413 - 416 - 417 - 418 - 423 - 426 - 428 - 430 - 434 - 435 - 436 - 438 - 439 - 442 - 443 - 445 - 446 - 448 - 449 - 450 - 451 - 453 - 454 - 458 - 459 - 460 - 461 - 463 - 464 - 465 - 466 - 468 - 469 - 470 - 471 - 472 - 474 - 476 - 477 - 478 - 479 - 480 - 481 - 482 - 483 - 484 - 485 - 486 - 487 - 488 - 489 - 490 - 492 - 493 - 494 - 495 - 497 - 498 - 499,21505899.5,0.0,94108,94519,5.53,Cost: 94108 & Capacity: 94519
0 - 1 - 3 - 4 - 5 - 6 - 7 - 8 - 9 - 10 - 12 - 13 - 14 - 20 - 22 - 23 - 24 - 26 - 27 - 28 - 30 - 31 - 32 - 33 - 35 - 39 - 40 - 41 - 42 - 44 - 45 - 47 - 48 - 49 - 50 - 52 - 56 - 58 - 59 - 61 - 64 - 69 - 70 - 71 - 72 - 74 - 79 - 82 - 83 - 85 - 86 - 90 - 91 - 92 - 93 - 95 - 98 - 100 - 104 - 105 - 106 - 107 - 109 - 111 - 112 - 113 - 117 - 121 - 122 - 125 - 126 - 128 - 132 - 134 - 135 - 136 - 137 - 142 - 143 - 144 - 145 - 147 - 148 - 149 - 152 - 153 - 154 - 155 - 157 - 158 - 162 - 164 - 165 - 167 - 168 - 169 - 170 - 171 - 172 - 174 - 175 - 176 - 177 - 180 - 181 - 184 - 187 - 189 - 192 - 193 - 194 - 195 - 196 - 198 - 201 - 202 - 203 - 205 - 206 - 208 - 209 - 210 - 211 - 212 - 216 - 219 - 221 - 224 - 225 - 226 - 229 - 230 - 233 - 234 - 235 - 236 - 237 - 240 - 241 - 243 - 245 - 246 - 248 - 249 - 251 - 254 - 255 - 257 - 259 - 261 - 264 - 265 - 266 - 267 - 269 - 270 - 272 - 275 - 278 - 279 - 280 - 281 - 282 - 283 - 285 - 289 - 291 - 292 - 296 - 297 - 298 - 304 - 306 - 307 - 308 - 309 - 310 - 314 - 317 - 319 - 320 - 324 - 325 - 328 - 329 - 331 - 332 - 335 - 337 - 339 - 341 - 344 - 346 - 351 - 352 - 355 - 356 - 357 - 359 - 362 - 365 - 370 - 373 - 374 - 376 - 380 - 385 - 386 - 387 - 388 - 389 - 390 - 391 - 392 - 394 - 395 - 397 - 399 - 400 - 401 - 403 - 405 - 406 - 407 - 408 - 411 - 413 - 416 - 417 - 418 - 423 - 428 - 430 - 434 - 435 - 438 - 439 - 442 - 443 - 445 - 446 - 448 - 449 - 451 - 453 - 455 - 458 - 459 - 460 - 461 - 463 - 464 - 465 - 466 - 468 - 470 - 471 - 472 - 475 - 476 - 477 - 478 - 479 - 480 - 481 - 482 - 483 - 484 - 485 - 486 - 487 - 488 - 489 - 490 - 492 - 493 - 494 - 495 - 498 - 499,19625529.1,0.6,94108,93128,6.83,Cost: 94108 & Capacity: 93128
0 - 1 - 3 - 4 - 5 - 6 - 7 - 8 - 9 - 10 - 12 - 13 - 14 - 19 - 20 - 22 - 23 - 24 - 26 - 27 - 28 - 30 - 31 - 32 - 33 - 35 - 39 - 40 - 41 - 42 - 43 - 44 - 45 - 48 - 49 - 50 - 52 - 56 - 58 - 59 - 61 - 64 - 69 - 70 - 71 - 72 - 74 - 79 - 82 - 83 - 84 - 85 - 86 - 88 - 90 - 91 - 92 - 93 - 95 - 98 - 100 - 103 - 104 - 105 - 106 - 107 - 109 - 111 - 112 - 113 - 117 - 121 - 122 - 124 - 125 - 126 - 127 - 128 - 132 - 134 - 135 - 136 - 137 - 142 - 143 - 144 - 145 - 147 - 148 - 149 - 152 - 153 - 154 - 155 - 156 - 157 - 158 - 160 - 161 - 164 - 165 - 167 - 168 - 169 - 170 - 171 - 172 - 174 - 175 - 176 - 177 - 179 - 180 - 181 - 184 - 187 - 189 - 192 - 193 - 194 - 195 - 198 - 201 - 202 - 203 - 205 - 206 - 208 - 209 - 210 - 211 - 212 - 214 - 216 - 224 - 225 - 226 - 227 - 229 - 230 - 232 - 233 - 234 - 235 - 236 - 237 - 240 - 241 - 244 - 245 - 246 - 248 - 249 - 251 - 254 - 255 - 259 - 261 - 264 - 265 - 266 - 267 - 268 - 269 - 270 - 272 - 275 - 278 - 279 - 280 - 281 - 282 - 285 - 289 - 291 - 292 - 296 - 297 - 298 - 300 - 304 - 306 - 308 - 309 - 310 - 314 - 317 - 319 - 320 - 325 - 328 - 329 - 331 - 332 - 335 - 337 - 339 - 341 - 344 - 346 - 351 - 352 - 353 - 355 - 356 - 357 - 359 - 362 - 365 - 370 - 374 - 376 - 380 - 385 - 387 - 388 - 389 - 390 - 391 - 392 - 394 - 395 - 397 - 399 - 400 - 401 - 403 - 405 - 406 - 407 - 408 - 411 - 413 - 415 - 416 - 417 - 418 - 423 - 426 - 428 - 430 - 434 - 435 - 436 - 438 - 439 - 442 - 443 - 445 - 446 - 448 - 449 - 450 - 451 - 453 - 454 - 455 - 458 - 459 - 460 - 461 - 463 - 464 - 465 - 466 - 468 - 469 - 470 - 471 - 472 - 474 - 476 - 477 - 478 - 479 - 480 - 481 - 482 - 483 - 484 - 485 - 486 - 487 - 488 - 489 - 490 - 492 - 493 - 494 - 495 - 497 - 498 - 499,21466155.3,0.0,94099,95465,7.99,Cost: 94099 & Capacity: 95465
0 - 3 - 4 - 5 - 6 - 8 - 10 - 12 - 13 - 14 - 20 - 23 - 26 - 27 - 28 - 30 - 31 - 33 - 38 - 39 - 40 - 41 - 42 - 44 - 45 - 46 - 47 - 49 - 58 - 64 - 69 - 70 - 72 - 74 - 79 - 81 - 82 - 83 - 85 - 86 - 92 - 93 - 95 - 98 - 99 - 100 - 103 - 105 - 106 - 107 - 108 - 112 - 113 - 117 - 121 - 122 - 125 - 126 - 128 - 132 - 133 - 135 - 136 - 144 - 145 - 147 - 148 - 149 - 152 - 154 - 155 - 162 - 163 - 164 - 165 - 167 - 170 - 171 - 172 - 174 - 175 - 176 - 179 - 180 - 181 - 184 - 192 - 193 - 195 - 196 - 197 - 198 - 201 - 205 - 206 - 208 - 210 - 212 - 214 - 215 - 216 - 219 - 225 - 227 - 229 - 230 - 231 - 232 - 233 - 234 - 235 - 236 - 241 - 243 - 244 - 245 - 246 - 247 - 248 - 249 - 250 - 251 - 254 - 259 - 265 - 266 - 267 - 269 - 272 - 280 - 282 - 283 - 285 - 289 - 290 - 291 - 292 - 296 - 297 - 300 - 304 - 307 - 308 - 309 - 310 - 311 - 312 - 314 - 316 - 318 - 319 - 320 - 322 - 324 - 325 - 327 - 328 - 329 - 331 - 332 - 335 - 337 - 338 - 339 - 342 - 347 - 352 - 355 - 356 - 357 - 362 - 365 - 370 - 373 - 374 - 376 - 380 - 387 - 388 - 389 - 391 - 392 - 395 - 396 - 397 - 400 - 401 - 405 - 406 - 407 - 408 - 409 - 413 - 415 - 416 - 417 - 422 - 426 - 427 - 428 - 430 - 434 - 436 - 438 - 439 - 442 - 443 - 445 - 446 - 448 - 449 - 450 - 451 - 452 - 453 - 454 - 455 - 456 - 458 - 459 - 460 - 464 - 465 - 470 - 471 - 472 - 475 - 478 - 481 - 482 - 485 - 486 - 488 - 489 - 490 - 492 - 494 - 495 - 497 - 498 - 499,14649362.2,2.6,94093,88306,9.68,Cost: 94093 & Capacity: 88306
0 - 1 - 3 - 4 - 6 - 7 - 9 - 10 - 12 - 13 - 14 - 15 - 19 - 20 - 22 - 23 - 24 - 26 - 27 - 28 - 30 - 31 - 32 - 33 - 35 - 39 - 40 - 42 - 43 - 44 - 45 - 48 - 49 - 50 - 52 - 56 - 58 - 59 - 61 - 63 - 64 - 69 - 70 - 71 - 72 - 74 - 79 - 82 - 83 - 84 - 85 - 86 - 88 - 90 - 91 - 92 - 93 - 95 - 98 - 100 - 103 - 104 - 105 - 106 - 107 - 109 - 111 - 112 - 113 - 117 - 121 - 122 - 124 - 125 - 126 - 127 - 128 - 134 - 135 - 136 - 137 - 142 - 143 - 144 - 145 - 146 - 147 - 149 - 152 - 153 - 154 - 156 - 157 - 158 - 160 - 161 - 164 - 165 - 167 - 168 - 169 - 170 - 171 - 172 - 174 - 175 - 176 - 177 - 179 - 180 - 181 - 184 - 187 - 189 - 192 - 193 - 194 - 195 - 196 - 197 - 198 - 202 - 203 - 205 - 206 - 208 - 209 - 210 - 211 - 212 - 214 - 216 - 224 - 225 - 226 - 227 - 229 - 230 - 232 - 233 - 234 - 235 - 236 - 237 - 240 - 241 - 244 - 245 - 246 - 247 - 248 - 249 - 251 - 254 - 255 - 259 - 261 - 264 - 265 - 266 - 267 - 268 - 269 - 270 - 272 - 275 - 278 - 279 - 280 - 281 - 282 - 285 - 289 - 291 - 296 - 297 - 298 - 300 - 304 - 306 - 308 - 309 - 310 - 314 - 317 - 319 - 320 - 325 - 328 - 329 - 331 - 332 - 335 - 337 - 339 - 341 - 344 - 346 - 351 - 352 - 353 - 355 - 356 - 357 - 359 - 362 - 365 - 370 - 374 - 376 - 380 - 385 - 387 - 388 - 389 - 390 - 391 - 392 - 394 - 395 - 397 - 399 - 400 - 401 - 403 - 405 - 406 - 407 - 408 - 411 - 413 - 417 - 418 - 423 - 426 - 428 - 430 - 434 - 435 - 436 - 438 - 439 - 442 - 443 - 445 - 446 - 448 - 449 - 450 - 451 - 453 - 454 - 455 - 456 - 458 - 459 - 460 - 461 - 463 - 464 - 465 - 466 - 468 - 469 - 470 - 471 - 472 - 474 - 476 - 477 - 478 - 479 - 480 - 481 - 482 - 483 - 484 - 485 - 486 - 487 - 488 - 489 - 490 - 492 - 493 - 494 - 495 - 497 - 498 - 499,20965582.5,0.0,91532,93644,11.19,Cost: 91532 & Capacity: 93644
0 - 1 - 3 - 4 - 5 - 6 - 8 - 10 - 12 - 13 - 14 - 17 - 20 - 22 - 23 - 24 - 26 - 27 - 28 - 30 - 31 - 33 - 35 - 39 - 40 - 41 - 42 - 44 - 45 - 47 - 48 - 49 - 50 - 56 - 58 - 61 - 64 - 69 - 70 - 72 - 74 - 79 - 82 - 83 - 85 - 90 - 91 - 92 - 93 - 95 - 96 - 98 - 99 - 100 - 104 - 105 - 106 - 107 - 109 - 111 - 112 - 113 - 117 - 121 - 122 - 125 - 126 - 128 - 132 - 134 - 136 - 143 - 144 - 145 - 147 - 148 - 149 - 152 - 154 - 158 - 160 - 162 - 163 - 164 - 165 - 167 - 168 - 169 - 170 - 171 - 172 - 174 - 175 - 176 - 180 - 181 - 184 - 187 - 189 - 192 - 193 - 194 - 195 - 196 - 198 - 201 - 203 - 204 - 205 - 206 - 208 - 209 - 210 - 211 - 212 - 216 - 217 - 220 - 225 - 229 - 230 - 233 - 234 - 235 - 236 - 237 - 240 - 241 - 243 - 244 - 245 - 247 - 248 - 249 - 250 - 251 - 254 - 255 - 259 - 261 - 264 - 265 - 266 - 267 - 270 - 272 - 275 - 276 - 280 - 281 - 282 - 285 - 289 - 291 - 292 - 296 - 297 - 304 - 307 - 308 - 309 - 310 - 314 - 317 - 319 - 320 - 324 - 325 - 327 - 328 - 329 - 331 - 332 - 335 - 337 - 339 - 341 - 344 - 346 - 347 - 348 - 351 - 352 - 355 - 356 - 357 - 362 - 365 - 370 - 373 - 374 - 376 - 380 - 385 - 386 - 387 - 388 - 389 - 390 - 391 - 392 - 394 - 395 - 397 - 399 - 400 - 401 - 403 - 405 - 406 - 407 - 408 - 413 - 415 - 416 - 417 - 423 - 428 - 434 - 435 - 438 - 439 - 442 - 443 - 445 - 446 - 448 - 449 - 451 - 454 - 455 - 456 - 458 - 459 - 460 - 461 - 463 - 464 - 465 - 466 - 467 - 470 - 471 - 472 - 475 - 478 - 479 - 481 - 482 - 483 - 484 - 485 - 486 - 487 - 488 - 489 - 490 - 494 - 495 - 496 - 499,17125894.5,1.6,94100,90069,14.35,Cost: 94100 & Capacity: 90069
0 - 1 - 3 - 4 - 5 - 6 - 7 - 8 - 9 - 10 - 12 - 13 - 14 - 19 - 20 - 22 - 23 - 24 - 26 - 27 - 28 - 30 - 31 - 32 - 33 - 35 - 39 - 40 - 41 - 42 - 43 - 44 - 45 - 48 - 49 - 50 - 52 - 56 - 58 - 59 - 61 - 64 - 69 - 70 - 71 - 72 - 74 - 79 - 82 - 83 - 84 - 85 - 86 - 88 - 90 - 91 - 92 - 93 - 95 - 98 - 100 - 103 - 104 - 105 - 106 - 107 - 109 - 111 - 112 - 113 - 117 - 121 - 122 - 124 - 125 - 126 - 127 - 128 - 132 - 134 - 135 - 136 - 137 - 142 - 143 - 144 - 145 - 147 - 148 - 149 - 152 - 153 - 154 - 155 - 156 - 157 - 158 - 160 - 161 - 164 - 165 - 167 - 168 - 169 - 170 - 171 - 172 - 174 - 175 - 176 - 177 - 179 - 180 - 181 - 184 - 187 - 189 - 192 - 193 - 194 - 195 - 198 - 201 - 202 - 203 - 205 - 206 - 208 - 209 - 210 - 211 - 212 - 214 - 216 - 224 - 225 - 226 - 227 - 229 - 230 - 232 - 233 - 234 - 235 - 236 - 237 - 240 - 241 - 244 - 245 - 246 - 248 - 249 - 251 - 254 - 255 - 259 - 261 - 264 - 265 - 266 - 267 - 268 - 269 - 270 - 272 - 275 - 278 - 279 - 280 - 281 - 282 - 285 - 289 - 291 - 292 - 296 - 297 - 298 - 300 - 304 - 306 - 308 - 309 - 310 - 314 - 317 - 319 - 320 - 325 - 328 - 329 - 331 - 332 - 335 - 337 - 339 - 341 - 344 - 346 - 351 - 352 - 353 - 355 - 356 - 357 - 359 - 362 - 365 - 370 - 374 - 376 - 380 - 385 - 387 - 388 - 389 - 390 - 391 - 392 - 394 - 395 - 397 - 399 - 400 - 401 - 403 - 405 - 406 - 407 - 408 - 411 - 413 - 415 - 416 - 417 - 418 - 423 - 426 - 428 - 430 - 434 - 435 - 436 - 438 - 439 - 442 - 443 - 445 - 446 - 448 - 449 - 450 - 451 - 453 - 454 - 455 - 458 - 459 - 460 - 461 - 463 - 464 - 465 - 466 - 468 - 469 - 470 - 471 - 472 - 474 - 476 - 477 - 478 - 479 - 480 - 481 - 482 - 483 - 484 - 485 - 486 - 487 - 488 - 489 - 490 - 492 - 493 - 494 - 495 - 497 - 498 - 499,21466155.3,0.0,94099,95465,14.57,Cost: 94099 & Capacity: 95465
4 - 6 - 8 - 9 - 10 - 15 - 18 - 21 - 22 - 24 - 27 - 34 - 38 - 39 - 41 - 44 - 47 - 61 - 70 - 71 - 80 - 81 - 82 - 83 - 85 - 92 - 95 - 96 - 99 - 103 - 108 - 109 - 110 - 114 - 115 - 119 - 121 - 126 - 131 - 134 - 143 - 146 - 148 - 149 - 150 - 154 - 156 - 163 - 179 - 185 - 186 - 193 - 194 - 202 - 203 - 204 - 205 - 215 - 216 - 217 - 219 - 221 - 222 - 224 - 226 - 227 - 229 - 232 - 233 - 239 - 241 - 242 - 243 - 244 - 252 - 256 - 257 - 260 - 261 - 267 - 271 - 273 - 274 - 277 - 280 - 283 - 285 - 289 - 292 - 293 - 295 - 307 - 308 - 311 - 323 - 331 - 332 - 335 - 339 - 340 - 341 - 343 - 344 - 348 - 353 - 355 - 356 - 358 - 359 - 360 - 362 - 367 - 370 - 374 - 389 - 391 - 392 - 396 - 398 - 400 - 404 - 405 - 406 - 411 - 414 - 416 - 417 - 425 - 428 - 435 - 436 - 437 - 439 - 443 - 446 - 448 - 449 - 462 - 465 - 466 - 469 - 472 - 475 - 477 - 480 - 482 - 483 - 486 - 488 - 490 - 493 - 494 - 498,5902179.7,13.5,93465,76652,14.83,Cost: 93465 & Capacity: 76652
0 - 1 - 3 - 4 - 6 - 7 - 8 - 9 - 10 - 12 - 13 - 14 - 15 - 19 - 20 - 22 - 23 - 24 - 26 - 27 - 28 - 30 - 31 - 32 - 33 - 35 - 39 - 40 - 42 - 43 - 44 - 45 - 48 - 49 - 50 - 52 - 56 - 58 - 59 - 61 - 63 - 64 - 69 - 70 - 71 - 72 - 74 - 79 - 82 - 83 - 84 - 85 - 86 - 88 - 90 - 91 - 92 - 93 - 95 - 98 - 100 - 103 - 104 - 105 - 106 - 107 - 109 - 111 - 112 - 113 - 117 - 121 - 122 - 124 - 125 - 126 - 127 - 128 - 134 - 135 - 136 - 137 - 142 - 143 - 144 - 145 - 146 - 147 - 149 - 152 - 153 - 154 - 156 - 157 - 158 - 160 - 161 - 164 - 165 - 167 - 168 - 169 - 170 - 171 - 172 - 174 - 175 - 176 - 177 - 179 - 180 - 181 - 184 - 187 - 189 - 192 - 193 - 194 - 195 - 196 - 197 - 198 - 201 - 202 - 203 - 205 - 206 - 208 - 209 - 210 - 211 - 212 - 214 - 216 - 224 - 225 - 226 - 227 - 229 - 230 - 232 - 233 - 234 - 235 - 236 - 237 - 240 - 241 - 244 - 245 - 246 - 247 - 248 - 249 - 251 - 254 - 255 - 259 - 261 - 264 - 265 - 266 - 267 - 268 - 269 - 270 - 272 - 275 - 278 - 279 - 280 - 281 - 282 - 285 - 289 - 291 - 296 - 297 - 298 - 300 - 304 - 306 - 308 - 309 - 310 - 314 - 317 - 319 - 320 - 325 - 328 - 329 - 331 - 332 - 335 - 337 - 339 - 341 - 344 - 346 - 351 - 352 - 353 - 355 - 356 - 357 - 359 - 362 - 365 - 370 - 374 - 376 - 380 - 385 - 387 - 388 - 389 - 390 - 391 - 392 - 394 - 395 - 397 - 399 - 400 - 401 - 403 - 405 - 406 - 407 - 408 - 411 - 413 - 417 - 418 - 423 - 426 - 428 - 430 - 434 - 435 - 436 - 438 - 439 - 442 - 443 - 445 - 446 - 448 - 449 - 450 - 451 - 453 - 454 - 455 - 456 - 458 - 459 - 460 - 461 - 463 - 464 - 465 - 466 - 468 - 469 - 470 - 471 - 472 - 474 - 476 - 477 - 478 - 479 - 480 - 481 - 482 - 483 - 484 - 485 - 486 - 487 - 488 - 489 - 490 - 492 - 493 - 494 - 495 - 497 - 498 - 499,21255166.9,0.0,92830,94350,15.26,Cost: 92830 & Capacity: 94350
0 - 4 - 5 - 6 - 8 - 10 - 12 - 13 - 14 - 17 - 20 - 22 - 23 - 26 - 27 - 28 - 30 - 31 - 33 - 38 - 39 - 40 - 41 - 44 - 45 - 47 - 48 - 50 - 52 - 54 - 56 - 58 - 64 - 69 - 70 - 74 - 79 - 82 - 83 - 85 - 92 - 93 - 95 - 96 - 98 - 99 - 100 - 103 - 104 - 105 - 106 - 107 - 109 - 112 - 114 - 117 - 121 - 122 - 123 - 125 - 126 - 130 - 134 - 135 - 136 - 137 - 144 - 145 - 147 - 149 - 150 - 152 - 154 - 158 - 162 - 163 - 164 - 165 - 167 - 175 - 176 - 181 - 184 - 192 - 193 - 194 - 198 - 199 - 201 - 203 - 205 - 206 - 209 - 210 - 211 - 212 - 215 - 216 - 217 - 219 - 220 - 225 - 227 - 229 - 230 - 233 - 234 - 235 - 236 - 237 - 241 - 242 - 243 - 244 - 245 - 247 - 248 - 249 - 250 - 251 - 254 - 255 - 257 - 259 - 264 - 265 - 267 - 272 - 275 - 276 - 279 - 280 - 282 - 289 - 291 - 292 - 296 - 297 - 304 - 307 - 308 - 309 - 315 - 319 - 320 - 324 - 325 - 328 - 329 - 335 - 336 - 337 - 338 - 341 - 342 - 344 - 346 - 347 - 348 - 351 - 352 - 356 - 359 - 362 - 365 - 370 - 373 - 374 - 382 - 386 - 387 - 389 - 391 - 392 - 394 - 395 - 397 - 399 - 400 - 401 - 403 - 407 - 408 - 413 - 415 - 416 - 417 - 423 - 427 - 428 - 429 - 431 - 434 - 438 - 441 - 442 - 443 - 445 - 446 - 448 - 449 - 450 - 453 - 454 - 455 - 456 - 458 - 465 - 470 - 471 - 472 - 475 - 479 - 481 - 482 - 483 - 485 - 486 - 487 - 488 - 490 - 494 - 495 - 496 - 499,12772917.1,4.4,93895,83259,21.21,Cost: 93895 & Capacity: 83259
0 - 1 - 3 - 4 - 6 - 7 - 9 - 10 - 12 - 13 - 14 - 15 - 19 - 20 - 22 - 23 - 24 - 26 - 27 - 28 - 30 - 31 - 32 - 33 - 35 - 39 - 40 - 42 - 43 - 44 - 45 - 48 - 49 - 50 - 52 - 56 - 58 - 59 - 61 - 63 - 64 - 69 - 70 - 71 - 72 - 74 - 79 - 82 - 83 - 84 - 85 - 86 - 88 - 90 - 91 - 92 - 93 - 95 - 98 - 100 - 103 - 104 - 105 - 106 - 107 - 109 - 111 - 112 - 113 - 117 - 121 - 122 - 124 - 125 - 126 - 127 - 128 - 134 - 135 - 136 - 137 - 142 - 143 - 144 - 145 - 146 - 147 - 149 - 152 - 153 - 154 - 156 - 157 - 158 - 160 - 161 - 164 - 165 - 167 - 168 - 169 - 170 - 171 - 172 - 174 - 175 - 176 - 177 - 179 - 180 - 181 - 184 - 187 - 189 - 192 - 193 - 194 - 195 - 196 - 197 - 198 - 201 - 202 - 203 - 205 - 206 - 208 - 209 - 210 - 211 - 212 - 214 - 216 - 224 - 225 - 226 - 227 - 229 - 230 - 232 - 233 - 234 - 235 - 236 - 237 - 240 - 241 - 244 - 245 - 246 - 247 - 248 - 249 - 251 - 254 - 255 - 259 - 261 - 264 - 265 - 266 - 267 - 268 - 269 - 270 - 272 - 275 - 278 - 279 - 280 - 281 - 282 - 285 - 289 - 291 - 296 - 297 - 298 - 300 - 304 - 306 - 308 - 309 - 310 - 314 - 317 - 319 - 320 - 325 - 328 - 329 - 331 - 332 - 335 - 337 - 339 - 341 - 344 - 346 - 351 - 352 - 353 - 355 - 356 - 357 - 359 - 362 - 365 - 370 - 374 - 376 - 380 - 385 - 387 - 388 - 389 - 390 - 391 - 392 - 394 - 395 - 397 - 399 - 400 - 401 - 403 - 405 - 406 - 407 - 408 - 411 - 413 - 417 - 418 - 423 - 426 - 428 - 430 - 434 - 435 - 436 - 438 - 439 - 442 - 443 - 445 - 446 - 448 - 449 - 450 - 451 - 453 - 454 - 455 - 456 - 458 - 459 - 460 - 461 - 463 - 464 - 465 - 466 - 468 - 469 - 470 - 471 - 472 - 474 - 476 - 477 - 478 - 479 - 480 - 481 - 482 - 483 - 484 - 485 - 486 - 487 - 488 - 489 - 490 - 492 - 493 - 494 - 495 - 497 - 498 - 499,21106753.8,0.0,92179,93993,21.71,Cost: 92179 & Capacity: 93993
0 - 1 - 3 - 4 - 5 - 6 - 7 - 8 - 10 - 12 - 13 - 15 - 16 - 17 - 18 - 20 - 22 - 27 - 28 - 30 - 31 - 32 - 33 - 34 - 37 - 41 - 44 - 45 - 50 - 57 - 64 - 70 - 72 - 79 - 83 - 86 - 87 - 90 - 98 - 99 - 100 - 104 - 105 - 107 - 112 - 119 - 121 - 122 - 125 - 126 - 129 - 132 - 134 - 136 - 140 - 143 - 148 - 149 - 152 - 154 - 162 - 163 - 168 - 169 - 172 - 176 - 184 - 185 - 186 - 189 - 192 - 194 - 195 - 198 - 202 - 205 - 206 - 209 - 216 - 217 - 222 - 225 - 226 - 229 - 233 - 234 - 235 - 236 - 241 - 242 - 243 - 244 - 245 - 248 - 249 - 252 - 255 - 257 - 260 - 264 - 267 - 268 - 271 - 275 - 283 - 292 - 297 - 300 - 307 - 311 - 312 - 315 - 319 - 320 - 327 - 329 - 331 - 332 - 333 - 336 - 338 - 339 - 341 - 342 - 344 - 347 - 349 - 355 - 358 - 359 - 362 - 365 - 367 - 369 - 370 - 373 - 374 - 380 - 384 - 386 - 387 - 391 - 392 - 397 - 399 - 400 - 401 - 405 - 407 - 408 - 413 - 415 - 416 - 419 - 420 - 422 - 423 - 424 - 427 - 428 - 432 - 433 - 434 - 439 - 441 - 443 - 444 - 446 - 448 - 449 - 450 - 456 - 463 - 465 - 471 - 472 - 475 - 476 - 478 - 479 - 480 - 482 - 484 - 487 - 489 - 490 - 493 - 494 - 499,9093654.7,7.7,94009,81564,22.1,Cost: 94009 & Capacity: 81564
6 - 8 - 10 - 16 - 22 - 24 - 26 - 29 - 30 - 31 - 34 - 37 - 44 - 46 - 47 - 61 - 63 - 67 - 72 - 79 - 81 - 84 - 86 - 94 - 95 - 97 - 98 - 99 - 100 - 102 - 105 - 107 - 108 - 113 - 116 - 117 - 122 - 125 - 126 - 132 - 134 - 136 - 139 - 141 - 143 - 150 - 155 - 162 - 176 - 179 - 185 - 189 - 192 - 193 - 195 - 206 - 208 - 209 - 216 - 217 - 221 - 227 - 229 - 233 - 234 - 235 - 236 - 243 - 244 - 248 - 249 - 252 - 255 - 256 - 257 - 267 - 274 - 279 - 280 - 283 - 285 - 303 - 304 - 307 - 311 - 312 - 315 - 316 - 318 - 319 - 320 - 323 - 327 - 329 - 330 - 332 - 333 - 335 - 338 - 341 - 342 - 343 - 344 - 345 - 348 - 349 - 354 - 355 - 357 - 359 - 361 - 365 - 366 - 370 - 380 - 387 - 391 - 392 - 395 - 396 - 397 - 399 - 400 - 407 - 408 - 410 - 411 - 412 - 413 - 415 - 416 - 421 - 422 - 424 - 425 - 428 - 429 - 431 - 432 - 433 - 434 - 442 - 443 - 448 - 449 - 450 - 452 - 455 - 460 - 462 - 464 - 465 - 471 - 472 - 475 - 480 - 481 - 482 - 484 - 490 - 492 - 493 - 496,6697482.4,12.1,93931,78926,25.09,Cost: 93931 & Capacity: 78926
0 - 1 - 3 - 4 - 5 - 6 - 7 - 8 - 9 - 10 - 12 - 13 - 14 - 19 - 20 - 22 - 23 - 24 - 26 - 27 - 28 - 30 - 31 - 32 - 33 - 35 - 39 - 40 - 41 - 42 - 43 - 44 - 45 - 48 - 49 - 50 - 52 - 56 - 58 - 59 - 61 - 64 - 69 - 70 - 71 - 72 - 74 - 79 - 82 - 83 - 84 - 85 - 86 - 88 - 90 - 91 - 92 - 93 - 95 - 98 - 100 - 103 - 104 - 105 - 106 - 107 - 109 - 111 - 112 - 113 - 117 - 121 - 122 - 124 - 125 - 126 - 127 - 128 - 132 - 134 - 135 - 136 - 137 - 142 - 143 - 144 - 145 - 147 - 148 - 149 - 152 - 153 - 154 - 155 - 156 - 157 - 158 - 160 - 161 - 164 - 165 - 167 - 168 - 169 - 170 - 171 - 172 - 174 - 175 - 176 - 177 - 179 - 180 - 181 - 184 - 187 - 189 - 192 - 193 - 194 - 195 - 198 - 201 - 202 - 203 - 205 - 206 - 208 - 209 - 210 - 211 - 212 - 214 - 216 - 224 - 225 - 226 - 227 - 229 - 230 - 232 - 233 - 234 - 235 - 236 - 237 - 240 - 241 - 244 - 245 - 246 - 248 - 249 - 251 - 254 - 255 - 259 - 261 - 264 - 265 - 266 - 267 - 268 - 269 - 270 - 272 - 275 - 278 - 279 - 280 - 281 - 282 - 285 - 289 - 291 - 292 - 296 - 297 - 298 - 300 - 304 - 306 - 308 - 309 - 310 - 314 - 317 - 319 - 320 - 325 - 328 - 329 - 331 - 332 - 335 - 337 - 339 - 341 - 344 - 346 - 351 - 352 - 353 - 355 - 356 - 357 - 359 - 362 - 365 - 370 - 374 - 376 - 380 - 385 - 387 - 388 - 389 - 390 - 391 - 392 - 394 - 395 - 397 - 399 - 400 - 401 - 403 - 405 - 406 - 407 - 408 - 411 - 413 - 415 - 416 - 417 - 418 - 423 - 426 - 428 - 430 - 434 - 435 - 436 - 438 - 439 - 442 - 443 - 445 - 446 - 448 - 449 - 450 - 451 - 453 - 454 - 455 - 458 - 459 - 460 - 461 - 463 - 464 - 465 - 466 - 468 - 469 - 470 - 471 - 472 - 474 - 476 - 477 - 478 - 479 - 480 - 481 - 482 - 483 - 484 - 485 - 486 - 487 - 488 - 489 - 490 - 492 - 493 - 494 - 495 - 497 - 498 - 499,21466155.3,0.0,94099,95465,25.3,Cost: 94099 & Capacity: 95465
0 - 1 - 3 - 4 - 5 - 6 - 7 - 8 - 9 - 10 - 12 - 13 - 14 - 19 - 20 - 22 - 23 - 24 - 26 - 27 - 28 - 30 - 31 - 32 - 33 - 35 - 39 - 40 - 41 - 42 - 43 - 44 - 45 - 48 - 49 - 50 - 52 - 56 - 58 - 59 - 61 - 64 - 69 - 70 - 71 - 72 - 74 - 79 - 82 - 83 - 84 - 85 - 86 - 88 - 90 - 91 - 92 - 93 - 95 - 98 - 100 - 103 - 104 - 105 - 106 - 107 - 109 - 111 - 112 - 113 - 117 - 121 - 122 - 124 - 125 - 126 - 127 - 128 - 132 - 134 - 135 - 136 - 137 - 142 - 143 - 144 - 145 - 147 - 148 - 149 - 152 - 153 - 154 - 155 - 156 - 157 - 158 - 160 - 161 - 164 - 165 - 167 - 168 - 169 - 170 - 171 - 172 - 174 - 175 - 176 - 177 - 179 - 180 - 181 - 184 - 187 - 189 - 192 - 193 - 194 - 195 - 198 - 201 - 202 - 203 - 205 - 206 - 208 - 209 - 210 - 211 - 212 - 214 - 216 - 224 - 225 - 226 - 227 - 229 - 230 - 232 - 233 - 234 - 235 - 236 - 237 - 240 - 241 - 244 - 245 - 246 - 248 - 249 - 251 - 254 - 255 - 259 - 261 - 264 - 265 - 266 - 267 - 268 - 269 - 270 - 272 - 275 - 278 - 279 - 280 - 281 - 282 - 285 - 289 - 291 - 292 - 296 - 297 - 298 - 300 - 304 - 306 - 308 - 309 - 310 - 314 - 317 - 319 - 320 - 325 - 328 - 329 - 331 - 332 - 335 - 337 - 339 - 341 - 344 - 346 - 351 - 352 - 353 - 355 - 356 - 357 - 359 - 362 - 365 - 370 - 374 - 376 - 380 - 385 - 387 - 388 - 389 - 390 - 391 - 392 - 394 - 395 - 397 - 399 - 400 - 401 - 403 - 405 - 406 - 407 - 408 - 411 - 413 - 415 - 416 - 417 - 418 - 423 - 426 - 428 - 430 - 434 - 435 - 436 - 438 - 439 - 442 - 443 - 445 - 446 - 448 - 449 - 450 - 451 - 453 - 454 - 455 - 458 - 459 - 460 - 461 - 463 - 464 - 465 - 466 - 468 - 469 - 470 - 471 - 472 - 474 - 476 - 477 - 478 - 479 - 480 - 481 - 482 - 483 - 484 - 485 - 486 - 487 - 488 - 489 - 490 - 492 - 493 - 494 - 495 - 497 - 498 - 499,21466155.3,0.0,94099,95465,26.66,Cost: 94099 & Capacity: 95465
0 - 1 - 3 - 4 - 5 - 6 - 8 - 10 - 12 - 13 - 14 - 17 - 20 - 22 - 23 - 26 - 27 - 28 - 30 - 31 - 33 - 38 - 39 - 40 - 41 - 44 - 45 - 47 - 48 - 50 - 56 - 58 - 64 - 69 - 70 - 72 - 74 - 79 - 82 - 83 - 85 - 92 - 93 - 95 - 96 - 97 - 98 - 100 - 104 - 105 - 106 - 107 - 112 - 117 - 121 - 122 - 123 - 125 - 126 - 128 - 132 - 134 - 135 - 136 - 137 - 144 - 145 - 147 - 148 - 149 - 152 - 154 - 158 - 162 - 163 - 164 - 165 - 167 - 168 - 175 - 176 - 180 - 181 - 184 - 189 - 192 - 193 - 194 - 198 - 199 - 201 - 203 - 205 - 206 - 208 - 209 - 210 - 211 - 212 - 216 - 217 - 220 - 221 - 225 - 229 - 230 - 233 - 234 - 235 - 236 - 237 - 241 - 242 - 243 - 244 - 245 - 248 - 249 - 251 - 254 - 255 - 257 - 259 - 264 - 265 - 266 - 267 - 272 - 275 - 276 - 280 - 282 - 288 - 289 - 291 - 292 - 296 - 297 - 304 - 307 - 308 - 309 - 315 - 317 - 319 - 324 - 325 - 328 - 329 - 331 - 335 - 336 - 337 - 338 - 341 - 342 - 344 - 346 - 347 - 348 - 351 - 352 - 355 - 356 - 362 - 365 - 370 - 373 - 374 - 386 - 387 - 389 - 391 - 392 - 394 - 395 - 397 - 399 - 400 - 401 - 403 - 405 - 407 - 408 - 413 - 415 - 416 - 417 - 421 - 422 - 423 - 424 - 425 - 427 - 428 - 429 - 431 - 434 - 438 - 439 - 441 - 442 - 443 - 445 - 446 - 448 - 449 - 450 - 454 - 455 - 456 - 458 - 463 - 464 - 465 - 470 - 471 - 472 - 475 - 479 - 481 - 482 - 483 - 485 - 486 - 487 - 488 - 489 - 490 - 494 - 495 - 496 - 499,13692521.0,3.5,94087,85048,26.92,Cost: 94087 & Capacity: 85048
0 - 4 - 5 - 6 - 8 - 10 - 13 - 14 - 17 - 20 - 22 - 23 - 26 - 27 - 28 - 30 - 31 - 33 - 38 - 39 - 40 - 41 - 44 - 45 - 47 - 48 - 50 - 56 - 58 - 64 - 69 - 70 - 72 - 74 - 79 - 82 - 83 - 85 - 92 - 93 - 95 - 96 - 97 - 98 - 99 - 100 - 104 - 105 - 106 - 107 - 109 - 112 - 117 - 121 - 122 - 123 - 125 - 126 - 128 - 130 - 134 - 135 - 136 - 137 - 144 - 145 - 147 - 148 - 149 - 152 - 154 - 158 - 163 - 164 - 165 - 167 - 168 - 175 - 176 - 180 - 181 - 184 - 189 - 192 - 193 - 194 - 198 - 199 - 201 - 203 - 205 - 206 - 208 - 209 - 210 - 211 - 212 - 216 - 217 - 220 - 221 - 225 - 227 - 229 - 230 - 233 - 234 - 235 - 236 - 237 - 241 - 242 - 243 - 244 - 245 - 248 - 249 - 251 - 254 - 255 - 257 - 259 - 260 - 264 - 265 - 267 - 272 - 275 - 276 - 280 - 282 - 283 - 289 - 291 - 292 - 296 - 297 - 304 - 307 - 308 - 309 - 315 - 317 - 319 - 324 - 325 - 328 - 329 - 335 - 336 - 337 - 338 - 340 - 341 - 342 - 344 - 346 - 347 - 348 - 351 - 352 - 356 - 360 - 362 - 365 - 370 - 373 - 374 - 382 - 386 - 387 - 389 - 391 - 392 - 394 - 395 - 397 - 399 - 400 - 401 - 403 - 407 - 408 - 413 - 415 - 416 - 417 - 422 - 423 - 424 - 427 - 428 - 429 - 434 - 438 - 441 - 442 - 443 - 445 - 446 - 448 - 449 - 450 - 453 - 454 - 455 - 456 - 465 - 470 - 471 - 472 - 475 - 479 - 481 - 482 - 483 - 485 - 486 - 487 - 488 - 489 - 490 - 494 - 495 - 496 - 499,12884481.2,4.3,93965,83787,26.95,Cost: 93965 & Capacity: 83787
0 - 1 - 3 - 4 - 6 - 7 - 8 - 9 - 10 - 12 - 13 - 14 - 15 - 19 - 20 - 22 - 23 - 24 - 26 - 27 - 28 - 30 - 31 - 32 - 33 - 35 - 39 - 40 - 42 - 43 - 44 - 45 - 48 - 49 - 50 - 52 - 56 - 58 - 59 - 61 - 63 - 64 - 69 - 70 - 71 - 72 - 74 - 79 - 82 - 83 - 84 - 85 - 86 - 88 - 90 - 91 - 92 - 93 - 95 - 98 - 100 - 103 - 104 - 105 - 106 - 107 - 109 - 111 - 112 - 113 - 117 - 121 - 122 - 124 - 125 - 126 - 127 - 128 - 134 - 135 - 136 - 137 - 142 - 143 - 144 - 145 - 146 - 147 - 149 - 152 - 153 - 154 - 156 - 157 - 158 - 160 - 161 - 164 - 165 - 167 - 168 - 169 - 170 - 171 - 172 - 174 - 175 - 176 - 177 - 179 - 180 - 181 - 184 - 187 - 189 - 192 - 193 - 194 - 195 - 196 - 197 - 198 - 202 - 203 - 205 - 206 - 208 - 209 - 210 - 211 - 212 - 214 - 216 - 224 - 225 - 226 - 227 - 229 - 230 - 232 - 233 - 234 - 235 - 236 - 237 - 240 - 241 - 244 - 245 - 246 - 247 - 248 - 249 - 251 - 254 - 255 - 259 - 261 - 264 - 265 - 266 - 267 - 268 - 269 - 270 - 272 - 275 - 278 - 279 - 280 - 281 - 282 - 285 - 289 - 291 - 296 - 297 - 298 - 300 - 304 - 306 - 308 - 309 - 310 - 314 - 317 - 319 - 320 - 325 - 328 - 329 - 331 - 332 - 335 - 337 - 339 - 341 - 344 - 346 - 351 - 352 - 353 - 355 - 356 - 357 - 359 - 362 - 365 - 370 - 374 - 376 - 380 - 385 - 387 - 388 - 389 - 390 - 391 - 392 - 394 - 395 - 397 - 399 - 400 - 401 - 403 - 405 - 406 - 407 - 408 - 411 - 413 - 416 - 417 - 418 - 423 - 426 - 428 - 430 - 434 - 435 - 436 - 438 - 439 - 442 - 443 - 445 - 446 - 448 - 449 - 450 - 451 - 453 - 454 - 455 - 456 - 458 - 459 - 460 - 461 - 463 - 464 - 465 - 466 - 468 - 469 - 470 - 471 - 472 - 474 - 476 - 477 - 478 - 479 - 480 - 481 - 482 - 483 - 484 - 485 - 486 - 487 - 488 - 489 - 490 - 492 - 493 - 494 - 495 - 497 - 498 - 499,21262090.6,0.0,92837,94550,27.62,Cost: 92837 & Capacity: 94550
0 - 4 - 6 - 8 - 10 - 15 - 16 - 20 - 22 - 26 - 27 - 31 - 34 - 35 - 44 - 46 - 47 - 50 - 57 - 58 - 63 - 79 - 81 - 83 - 85 - 95 - 97 - 98 - 99 - 100 - 102 - 103 - 104 - 107 - 108 - 112 - 113 - 114 - 117 - 126 - 134 - 136 - 141 - 143 - 144 - 148 - 152 - 154 - 155 - 157 - 162 - 165 - 175 - 176 - 184 - 185 - 186 - 188 - 192 - 193 - 195 - 196 - 204 - 205 - 206 - 209 - 215 - 216 - 220 - 221 - 225 - 226 - 229 - 233 - 234 - 236 - 241 - 243 - 244 - 248 - 249 - 251 - 255 - 256 - 257 - 271 - 278 - 280 - 285 - 287 - 296 - 298 - 299 - 301 - 307 - 311 - 312 - 313 - 315 - 316 - 318 - 320 - 323 - 324 - 327 - 329 - 332 - 333 - 335 - 336 - 338 - 343 - 344 - 348 - 349 - 352 - 355 - 356 - 359 - 361 - 370 - 373 - 380 - 385 - 387 - 389 - 391 - 392 - 399 - 400 - 405 - 407 - 408 - 410 - 412 - 413 - 416 - 418 - 421 - 422 - 424 - 425 - 427 - 428 - 429 - 431 - 432 - 433 - 434 - 436 - 442 - 443 - 445 - 446 - 448 - 450 - 454 - 456 - 458 - 460 - 463 - 465 - 466 - 471 - 472 - 473 - 475 - 477 - 481 - 485 - 486 - 487 - 489 - 496 - 499,7779789.7,10.6,94050,80030,27.83,Cost: 94050 & Capacity: 80030
0 - 1 - 3 - 4 - 5 - 6 - 7 - 8 - 9 - 10 - 12 - 13 - 14 - 19 - 20 - 22 - 23 - 24 - 26 - 27 - 28 - 30 - 31 - 32 - 33 - 35 - 39 - 40 - 41 - 42 - 43 - 44 - 45 - 48 - 49 - 50 - 52 - 56 - 58 - 59 - 61 - 64 - 69 - 70 - 71 - 72 - 74 - 79 - 82 - 83 - 84 - 85 - 86 - 88 - 90 - 91 - 92 - 93 - 95 - 98 - 100 - 103 - 104 - 105 - 106 - 107 - 109 - 111 - 112 - 113 - 117 - 121 - 122 - 124 - 125 - 126 - 127 - 128 - 132 - 134 - 135 - 136 - 137 - 142 - 143 - 144 - 145 - 147 - 148 - 149 - 152 - 153 - 154 - 155 - 156 - 157 - 158 - 160 - 161 - 164 - 165 - 167 - 168 - 169 - 170 - 171 - 172 - 174 - 175 - 176 - 177 - 179 - 180 - 181 - 184 - 187 - 189 - 192 - 193 - 194 - 195 - 198 - 201 - 202 - 203 - 205 - 206 - 208 - 209 - 210 - 211 - 212 - 214 - 216 - 224 - 225 - 226 - 227 - 229 - 230 - 232 - 233 - 234 - 235 - 236 - 237 - 240 - 241 - 244 - 245 - 246 - 248 - 249 - 251 - 254 - 255 - 259 - 261 - 264 - 265 - 266 - 267 - 268 - 269 - 270 - 272 - 275 - 278 - 279 - 280 - 281 - 282 - 285 - 289 - 291 - 292 - 296 - 297 - 298 - 300 - 304 - 306 - 308 - 309 - 310 - 314 - 317 - 319 - 320 - 325 - 328 - 329 - 331 - 332 - 335 - 337 - 339 - 341 - 344 - 346 - 351 - 352 - 353 - 355 - 356 - 357 - 359 - 362 - 365 - 370 - 374 - 376 - 380 - 385 - 387 - 388 - 389 - 390 - 391 - 392 - 394 - 395 - 397 - 399 - 400 - 401 - 403 - 405 - 406 - 407 - 408 - 411 - 413 - 415 - 416 - 417 - 418 - 423 - 426 - 428 - 430 - 434 - 435 - 436 - 438 - 439 - 442 - 443 - 445 - 446 - 448 - 449 - 450 - 451 - 453 - 454 - 455 - 458 - 459 - 460 - 461 - 463 - 464 - 465 - 466 - 468 - 469 - 470 - 471 - 472 - 474 - 476 - 477 - 478 - 479 - 480 - 481 - 482 - 483 - 484 - 485 - 486 - 487 - 488 - 489 - 490 - 492 - 493 - 494 - 495 - 497 - 498 - 499,21466155.3,0.0,94099,95465,28.05,Cost: 94099 & Capacity: 95465
1 - 4 - 5 - 6 - 8 - 9 - 13 - 15 - 17 - 18 - 19 - 22 - 30 - 33 - 34 - 39 - 40 - 44 - 46 - 47 - 49 - 50 - 54 - 58 - 59 - 61 - 62 - 68 - 70 - 78 - 85 - 90 - 92 - 93 - 97 - 98 - 100 - 103 - 112 - 114 - 117 - 118 - 119 - 122 - 123 - 124 - 126 - 127 - 133 - 139 - 144 - 146 - 147 - 151 - 154 - 157 - 161 - 162 - 171 - 176 - 179 - 188 - 196 - 206 - 209 - 216 - 217 - 220 - 221 - 222 - 229 - 235 - 236 - 241 - 243 - 248 - 252 - 254 - 255 - 263 - 264 - 265 - 272 - 275 - 283 - 285 - 288 - 290 - 292 - 293 - 296 - 297 - 298 - 307 - 312 - 313 - 318 - 327 - 328 - 332 - 336 - 339 - 342 - 345 - 351 - 353 - 355 - 356 - 357 - 359 - 361 - 362 - 364 - 370 - 371 - 376 - 377 - 386 - 390 - 391 - 400 - 404 - 409 - 410 - 419 - 421 - 422 - 423 - 428 - 429 - 433 - 434 - 440 - 443 - 445 - 446 - 447 - 449 - 450 - 451 - 453 - 455 - 456 - 459 - 463 - 469 - 474 - 475 - 476 - 477 - 478 - 486 - 489 - 491 - 492 - 493 - 494,6251225.4,12.8,93988,75245,30.51,Cost: 93988 & Capacity: 75245
0 - 1 - 3 - 4 - 6 - 7 - 9 - 10 - 12 - 13 - 14 - 15 - 19 - 20 - 22 - 23 - 24 - 26 - 27 - 28 - 30 - 31 - 32 - 33 - 35 - 39 - 40 - 42 - 43 - 44 - 45 - 48 - 49 - 50 - 52 - 56 - 58 - 59 - 61 - 63 - 64 - 69 - 70 - 71 - 72 - 74 - 79 - 82 - 83 - 84 - 85 - 86 - 88 - 90 - 91 - 92 - 93 - 95 - 98 - 100 - 103 - 104 - 105 - 106 - 107 - 109 - 111 - 112 - 113 - 117 - 121 - 122 - 124 - 125 - 126 - 127 - 128 - 134 - 135 - 136 - 137 - 142 - 143 - 144 - 145 - 146 - 147 - 149 - 152 - 153 - 154 - 156 - 157 - 158 - 160 - 161 - 164 - 165 - 167 - 168 - 169 - 170 - 171 - 172 - 174 - 175 - 176 - 177 - 179 - 180 - 181 - 184 - 187 - 189 - 192 - 193 - 194 - 195 - 196 - 197 - 198 - 201 - 202 - 203 - 205 - 206 - 208 - 209 - 210 - 211 - 212 - 214 - 216 - 224 - 225 - 226 - 227 - 229 - 230 - 232 - 233 - 234 - 235 - 236 - 237 - 240 - 241 - 244 - 245 - 246 - 248 - 249 - 251 - 254 - 255 - 259 - 261 - 264 - 265 - 266 - 267 - 268 - 269 - 270 - 272 - 275 - 278 - 279 - 280 - 281 - 282 - 285 - 289 - 291 - 296 - 297 - 298 - 300 - 304 - 306 - 308 - 309 - 310 - 314 - 317 - 319 - 320 - 325 - 328 - 329 - 331 - 332 - 335 - 337 - 339 - 341 - 344 - 346 - 351 - 352 - 353 - 355 - 356 - 357 - 359 - 362 - 365 - 370 - 374 - 376 - 380 - 385 - 387 - 388 - 389 - 390 - 391 - 392 - 394 - 395 - 397 - 399 - 400 - 401 - 403 - 405 - 406 - 407 - 408 - 411 - 413 - 416 - 417 - 418 - 423 - 426 - 428 - 430 - 434 - 435 - 436 - 438 - 439 - 442 - 443 - 445 - 446 - 448 - 449 - 450 - 451 - 453 - 454 - 455 - 456 - 458 - 459 - 460 - 461 - 463 - 464 - 465 - 466 - 468 - 469 - 470 - 471 - 472 - 474 - 476 - 477 - 478 - 479 - 480 - 481 - 482 - 483 - 484 - 485 - 486 - 487 - 488 - 489 - 490 - 492 - 493 - 494 - 495 - 497 - 498 - 499,21114974.8,0.0,92188,93990,31.14,Cost: 92188 & Capacity: 93990
0 - 1 - 3 - 4 - 6 - 7 - 9 - 10 - 12 - 13 - 14 - 15 - 19 - 20 - 22 - 23 - 24 - 26 - 27 - 28 - 30 - 31 - 32 - 33 - 35 - 39 - 40 - 42 - 43 - 44 - 45 - 48 - 49 - 50 - 52 - 56 - 58 - 59 - 61 - 63 - 64 - 69 - 70 - 71 - 72 - 74 - 79 - 82 - 83 - 84 - 85 - 86 - 88 - 90 - 91 - 92 - 93 - 95 - 98 - 100 - 103 - 104 - 105 - 106 - 107 - 109 - 111 - 112 - 113 - 117 - 121 - 122 - 124 - 125 - 126 - 127 - 128 - 134 - 135 - 136 - 137 - 142 - 143 - 144 - 145 - 146 - 147 - 149 - 152 - 153 - 154 - 156 - 157 - 158 - 160 - 161 - 164 - 165 - 167 - 168 - 169 - 170 - 171 - 172 - 174 - 175 - 176 - 177 - 179 - 180 - 181 - 184 - 187 - 189 - 192 - 193 - 194 - 195 - 196 - 197 - 198 - 201 - 202 - 203 - 205 - 206 - 208 - 209 - 210 - 211 - 212 - 214 - 216 - 224 - 225 - 226 - 227 - 229 - 230 - 232 - 233 - 234 - 235 - 236 - 237 - 240 - 241 - 244 - 245 - 246 - 248 - 249 - 251 - 254 - 255 - 259 - 261 - 264 - 265 - 266 - 267 - 268 - 269 - 270 - 272 - 275 - 278 - 279 - 280 - 281 - 282 - 285 - 289 - 291 - 296 - 297 - 298 - 300 - 304 - 306 - 308 - 309 - 310 - 314 - 317 - 319 - 320 - 325 - 328 - 329 - 331 - 332 - 335 - 337 - 339 - 341 - 344 - 346 - 351 - 352 - 353 - 355 - 356 - 357 - 359 - 362 - 365 - 370 - 374 - 376 - 380 - 385 - 387 - 388 - 389 - 390 - 391 - 392 - 394 - 395 - 397 - 399 - 400 - 401 - 403 - 405 - 406 - 407 - 408 - 411 - 413 - 417 - 418 - 423 - 426 - 428 - 430 - 434 - 435 - 436 - 438 - 439 - 442 - 443 - 445 - 446 - 448 - 449 - 450 - 451 - 453 - 454 - 455 - 456 - 458 - 459 - 460 - 461 - 463 - 464 - 465 - 466 - 468 - 469 - 470 - 471 - 472 - 474 - 476 - 477 - 478 - 479 - 480 - 481 - 482 - 483 - 484 - 485 - 486 - 487 - 488 - 489 - 490 - 492 - 493 - 494 - 495 - 497 - 498 - 499,20966343.0,0.0,91534,93441,31.14,Cost: 91534 & Capacity: 93441
0 - 1 - 3 - 4 - 6 - 7 - 9 - 10 - 12 - 13 - 14 - 15 - 19 - 20 - 22 - 23 - 24 - 26 - 27 - 28 - 30 - 31 - 32 - 33 - 35 - 39 - 40 - 42 - 43 - 44 - 45 - 48 - 49 - 50 - 52 - 56 - 58 - 59 - 61 - 63 - 64 - 69 - 70 - 71 - 72 - 74 - 79 - 82 - 83 - 84 - 85 - 86 - 88 - 90 - 91 - 92 - 93 - 95 - 98 - 100 - 103 - 104 - 105 - 106 - 107 - 109 - 111 - 112 - 113 - 117 - 121 - 122 - 124 - 125 - 126 - 127 - 128 - 134 - 135 - 136 - 137 - 142 - 143 - 144 - 145 - 146 - 147 - 149 - 152 - 153 - 154 - 156 - 157 - 158 - 160 - 161 - 164 - 165 - 167 - 168 - 169 - 170 - 171 - 172 - 174 - 175 - 176 - 177 - 179 - 180 - 181 - 184 - 187 - 189 - 192 - 193 - 194 - 195 - 196 - 197 - 198 - 201 - 202 - 203 - 205 - 206 - 208 - 209 - 210 - 211 - 212 - 214 - 216 - 224 - 225 - 226 - 227 - 229 - 230 - 232 - 233 - 234 - 235 - 236 - 237 - 240 - 241 - 244 - 245 - 246 - 248 - 249 - 251 - 254 - 255 - 259 - 261 - 264 - 265 - 266 - 267 - 268 - 269 - 270 - 272 - 275 - 278 - 279 - 280 - 281 - 282 - 285 - 289 - 291 - 296 - 297 - 298 - 300 - 304 - 306 - 308 - 309 - 310 - 314 - 317 - 319 - 320 - 325 - 328 - 329 - 331 - 332 - 335 - 337 - 339 - 341 - 344 - 346 - 351 - 352 - 353 - 355 - 356 - 357 - 359 - 362 - 365 - 370 - 374 - 376 - 380 - 385 - 387 - 388 - 389 - 390 - 391 - 392 - 394 - 395 - 397 - 399 - 400 - 401 - 403 - 405 - 406 - 407 - 408 - 411 - 413 - 417 - 418 - 423 - 426 - 428 - 430 - 434 - 435 - 436 - 438 - 439 - 442 - 443 - 445 - 446 - 448 - 449 - 450 - 451 - 453 - 454 - 456 - 458 - 459 - 460 - 461 - 463 - 464 - 465 - 466 - 468 - 469 - 470 - 471 - 472 - 474 - 476 - 477 - 478 - 479 - 480 - 481 - 482 - 483 - 484 - 485 - 486 - 487 - 488 - 489 - 490 - 492 - 493 - 494 - 495 - 497 - 498 - 499,20829600.3,0.0,90890,92922,31.14,Cost: 90890 & Capacity: 92922
0 - 4 - 6 - 8 - 10 - 15 - 16 - 20 - 22 - 27 - 29 - 30 - 32 - 33 - 34 - 35 - 37 - 41 - 44 - 46 - 47 - 57 - 70 - 79 - 81 - 85 - 91 - 92 - 99 - 100 - 103 - 108 - 112 - 113 - 114 - 126 - 134 - 136 - 143 - 150 - 151 - 154 - 157 - 171 - 176 - 183 - 185 - 186 - 188 - 190 - 192 - 193 - 194 - 195 - 202 - 204 - 205 - 206 - 209 - 215 - 216 - 217 - 220 - 221 - 226 - 227 - 229 - 233 - 234 - 235 - 236 - 241 - 242 - 243 - 244 - 248 - 249 - 252 - 255 - 256 - 257 - 260 - 276 - 278 - 280 - 283 - 285 - 292 - 296 - 299 - 307 - 311 - 315 - 316 - 318 - 319 - 320 - 327 - 328 - 332 - 333 - 335 - 338 - 339 - 343 - 344 - 345 - 348 - 349 - 352 - 356 - 359 - 360 - 362 - 373 - 374 - 380 - 387 - 391 - 392 - 393 - 396 - 397 - 399 - 400 - 402 - 405 - 407 - 410 - 412 - 413 - 415 - 416 - 418 - 422 - 424 - 425 - 427 - 428 - 429 - 432 - 434 - 436 - 442 - 443 - 445 - 446 - 448 - 450 - 452 - 455 - 456 - 458 - 460 - 464 - 465 - 466 - 471 - 472 - 475 - 476 - 477 - 480 - 481 - 483 - 486 - 487 - 493 - 494 - 496,7342908.8,11.9,94101,79369,34.94,Cost: 94101 & Capacity: 79369
0 - 1 - 3 - 4 - 5 - 6 - 7 - 8 - 9 - 10 - 12 - 13 - 14 - 19 - 20 - 22 - 23 - 24 - 26 - 27 - 28 - 30 - 31 - 32 - 33 - 35 - 39 - 40 - 41 - 42 - 43 - 44 - 45 - 48 - 49 - 50 - 52 - 56 - 58 - 59 - 61 - 64 - 69 - 70 - 71 - 72 - 74 - 79 - 82 - 83 - 84 - 85 - 86 - 88 - 90 - 91 - 92 - 93 - 95 - 98 - 100 - 103 - 104 - 105 - 106 - 107 - 109 - 111 - 112 - 113 - 117 - 121 - 122 - 124 - 125 - 126 - 127 - 128 - 132 - 134 - 135 - 136 - 137 - 142 - 143 - 144 - 145 - 147 - 148 - 149 - 152 - 153 - 154 - 155 - 156 - 157 - 158 - 160 - 161 - 164 - 165 - 167 - 168 - 169 - 170 - 171 - 172 - 174 - 175 - 176 - 177 - 179 - 180 - 181 - 184 - 187 - 189 - 192 - 193 - 194 - 195 - 198 - 201 - 202 - 203 - 205 - 206 - 208 - 209 - 210 - 211 - 212 - 214 - 216 - 224 - 225 - 226 - 227 - 229 - 230 - 232 - 233 - 234 - 235 - 236 - 237 - 240 - 241 - 244 - 245 - 246 - 248 - 249 - 251 - 254 - 255 - 259 - 261 - 264 - 265 - 266 - 267 - 268 - 269 - 270 - 272 - 275 - 278 - 279 - 280 - 281 - 282 - 285 - 289 - 291 - 292 - 296 - 297 - 298 - 300 - 304 - 306 - 308 - 309 - 310 - 314 - 317 - 319 - 320 - 325 - 328 - 329 - 331 - 332 - 335 - 337 - 339 - 341 - 344 - 346 - 351 - 352 - 353 - 355 - 356 - 357 - 359 - 362 - 365 - 370 - 374 - 376 - 380 - 385 - 387 - 388 - 389 - 390 - 391 - 392 - 394 - 395 - 397 - 399 - 400 - 401 - 403 - 405 - 406 - 407 - 408 - 411 - 413 - 415 - 416 - 417 - 418 - 423 - 426 - 428 - 430 - 434 - 435 - 436 - 438 - 439 - 442 - 443 - 445 - 446 - 448 - 449 - 450 - 451 - 453 - 454 - 455 - 458 - 459 - 460 - 461 - 463 - 464 - 465 - 466 - 468 - 469 - 470 - 471 - 472 - 474 - 476 - 477 - 478 - 479 - 480 - 481 - 482 - 483 - 484 - 485 - 486 - 487 - 488 - 489 - 490 - 492 - 493 - 494 - 495 - 497 - 498 - 499,21466155.3,0.0,94099,95465,35.19,Cost: 94099 & Capacity: 95465
0 - 1 - 3 - 4 - 5 - 6 - 7 - 8 - 9 - 10 - 12 - 13 - 14 - 19 - 20 - 22 - 23 - 24 - 26 - 27 - 28 - 30 - 31 - 32 - 33 - 35 - 39 - 40 - 41 - 42 - 43 - 44 - 45 - 48 - 49 - 50 - 52 - 56 - 58 - 59 - 61 - 64 - 69 - 70 - 71 - 72 - 74 - 79 - 82 - 83 - 84 - 85 - 86 - 88 - 90 - 91 - 92 - 93 - 95 - 98 - 100 - 103 - 104 - 105 - 106 - 107 - 109 - 111 - 112 - 113 - 117 - 121 - 122 - 124 - 125 - 126 - 127 - 128 - 132 - 134 - 135 - 136 - 137 - 142 - 143 - 144 - 145 - 147 - 148 - 149 - 152 - 153 - 154 - 155 - 156 - 157 - 158 - 160 - 161 - 164 - 165 - 167 - 168 - 169 - 170 - 171 - 172 - 174 - 175 - 176 - 177 - 179 - 180 - 181 - 184 - 187 - 189 - 192 - 193 - 194 - 195 - 198 - 201 - 202 - 203 - 205 - 206 - 208 - 209 - 210 - 211 - 212 - 214 - 216 - 224 - 225 - 226 - 227 - 229 - 230 - 232 - 233 - 234 - 235 - 236 - 237 - 240 - 241 - 244 - 245 - 246 - 248 - 249 - 251 - 254 - 255 - 259 - 261 - 264 - 265 - 266 - 267 - 268 - 269 - 270 - 272 - 275 - 278 - 279 - 280 - 281 - 282 - 285 - 289 - 291 - 292 - 296 - 297 - 298 - 300 - 304 - 306 - 308 - 309 - 310 - 314 - 317 - 319 - 320 - 325 - 328 - 329 - 331 - 332 - 335 - 337 - 339 - 341 - 344 - 346 - 351 - 352 - 353 - 355 - 356 - 357 - 359 - 362 - 365 - 370 - 374 - 376 - 380 - 385 - 387 - 388 - 389 - 390 - 391 - 392 - 394 - 395 - 397 - 399 - 400 - 401 - 403 - 405 - 406 - 407 - 408 - 411 - 413 - 415 - 416 - 417 - 418 - 423 - 426 - 428 - 430 - 434 - 435 - 436 - 438 - 439 - 442 - 443 - 445 - 446 - 448 - 449 - 450 - 451 - 453 - 454 - 455 - 458 - 459 - 460 - 461 - 463 - 464 - 465 - 466 - 468 - 469 - 470 - 471 - 472 - 474 - 476 - 477 - 478 - 479 - 480 - 481 - 482 - 483 - 484 - 485 - 486 - 487 - 488 - 489 - 490 - 492 - 493 - 494 - 495 - 497 - 498 - 499,21466155.3,0.0,94099,95465,37.26,Cost: 94099 & Capacity: 95465
0 - 1 - 3 - 4 - 5 - 6 - 7 - 8 - 9 - 10 - 12 - 13 - 14 - 19 - 20 - 22 - 23 - 24 - 26 - 27 - 28 - 30 - 31 - 32 - 33 - 35 - 39 - 40 - 41 - 42 - 43 - 44 - 45 - 47 - 48 - 49 - 50 - 52 - 56 - 58 - 59 - 61 - 63 - 64 - 69 - 70 - 71 - 72 - 74 - 79 - 82 - 83 - 84 - 85 - 86 - 88 - 90 - 91 - 92 - 93 - 95 - 98 - 100 - 103 - 104 - 105 - 106 - 107 - 109 - 111 - 112 - 113 - 117 - 121 - 122 - 124 - 125 - 126 - 127 - 128 - 134 - 135 - 136 - 137 - 142 - 143 - 144 - 145 - 147 - 149 - 152 - 153 - 154 - 155 - 156 - 157 - 158 - 160 - 161 - 164 - 165 - 167 - 168 - 169 - 170 - 171 - 172 - 174 - 175 - 176 - 177 - 179 - 180 - 181 - 184 - 187 - 189 - 192 - 193 - 194 - 195 - 198 - 201 - 202 - 203 - 204 - 205 - 206 - 208 - 209 - 210 - 211 - 212 - 214 - 216 - 224 - 225 - 226 - 227 - 229 - 230 - 233 - 234 - 235 - 236 - 237 - 240 - 241 - 244 - 245 - 246 - 248 - 249 - 251 - 254 - 255 - 259 - 261 - 264 - 265 - 266 - 267 - 268 - 269 - 270 - 272 - 275 - 278 - 279 - 280 - 281 - 282 - 285 - 289 - 291 - 296 - 297 - 298 - 300 - 304 - 306 - 308 - 309 - 310 - 314 - 317 - 319 - 320 - 325 - 328 - 329 - 331 - 332 - 335 - 337 - 339 - 341 - 344 - 346 - 351 - 352 - 353 - 355 - 356 - 357 - 359 - 362 - 365 - 370 - 374 - 376 - 380 - 385 - 387 - 388 - 389 - 390 - 391 - 392 - 394 - 395 - 397 - 399 - 400 - 401 - 403 - 405 - 406 - 407 - 408 - 411 - 413 - 415 - 416 - 417 - 418 - 423 - 426 - 428 - 430 - 434 - 435 - 436 - 438 - 439 - 442 - 443 - 445 - 446 - 448 - 449 - 450 - 451 - 453 - 454 - 455 - 456 - 458 - 459 - 460 - 461 - 463 - 464 - 465 - 466 - 468 - 469 - 470 - 471 - 472 - 474 - 476 - 477 - 478 - 479 - 480 - 481 - 482 - 483 - 484 - 485 - 486 - 487 - 488 - 489 - 490 - 492 - 493 - 494 - 495 - 497 - 498 - 499,21465031.0,0.0,94108,95617,37.81,Cost: 94108 & Capacity: 95617
0 - 1 - 3 - 4 - 5 - 6 - 7 - 8 - 9 - 10 - 12 - 13 - 14 - 19 - 20 - 22 - 23 - 24 - 26 - 27 - 28 - 30 - 31 - 32 - 33 - 35 - 39 - 40 - 41 - 42 - 43 - 44 - 45 - 48 - 49 - 50 - 52 - 56 - 58 - 59 - 61 - 64 - 69 - 70 - 71 - 72 - 74 - 79 - 82 - 83 - 84 - 85 - 86 - 88 - 90 - 91 - 92 - 93 - 95 - 98 - 100 - 103 - 104 - 105 - 106 - 107 - 109 - 111 - 112 - 113 - 117 - 121 - 122 - 124 - 125 - 126 - 127 - 128 - 132 - 134 - 135 - 136 - 137 - 142 - 143 - 144 - 145 - 147 - 148 - 149 - 152 - 153 - 154 - 155 - 156 - 157 - 158 - 160 - 161 - 164 - 165 - 167 - 168 - 169 - 170 - 171 - 172 - 174 - 175 - 176 - 177 - 179 - 180 - 181 - 184 - 187 - 189 - 192 - 193 - 194 - 195 - 198 - 201 - 202 - 203 - 205 - 206 - 208 - 209 - 210 - 211 - 212 - 214 - 216 - 224 - 225 - 226 - 227 - 229 - 230 - 232 - 233 - 234 - 235 - 236 - 237 - 240 - 241 - 244 - 245 - 246 - 248 - 249 - 251 - 254 - 255 - 259 - 261 - 264 - 265 - 266 - 267 - 268 - 269 - 270 - 272 - 275 - 278 - 279 - 280 - 281 - 282 - 285 - 289 - 291 - 292 - 296 - 297 - 298 - 300 - 304 - 306 - 308 - 309 - 310 - 314 - 317 - 319 - 320 - 325 - 328 - 329 - 331 - 332 - 335 - 337 - 339 - 341 - 344 - 346 - 351 - 352 - 353 - 355 - 356 - 357 - 359 - 362 - 365 - 370 - 374 - 376 - 380 - 385 - 387 - 388 - 389 - 390 - 391 - 392 - 394 - 395 - 397 - 399 - 400 - 401 - 403 - 405 - 406 - 407 - 408 - 411 - 413 - 415 - 416 - 417 - 418 - 423 - 426 - 428 - 430 - 434 - 435 - 436 - 438 - 439 - 442 - 443 - 445 - 446 - 448 - 449 - 450 - 451 - 453 - 454 - 455 - 458 - 459 - 460 - 461 - 463 - 464 - 465 - 466 - 468 - 469 - 470 - 471 - 472 - 474 - 476 - 477 - 478 - 479 - 480 - 481 - 482 - 483 - 484 - 485 - 486 - 487 - 488 - 489 - 490 - 492 - 493 - 494 - 495 - 497 - 498 - 499,21466155.3,0.0,94099,95465,37.86,Cost: 94099 & Capacity: 95465
0 - 1 - 3 - 4 - 5 - 6 - 7 - 8 - 9 - 10 - 12 - 13 - 14 - 19 - 20 - 22 - 23 - 24 - 26 - 27 - 28 - 30 - 31 - 32 - 33 - 35 - 39 - 40 - 41 - 42 - 43 - 44 - 45 - 48 - 49 - 50 - 52 - 56 - 58 - 59 - 61 - 64 - 69 - 70 - 71 - 72 - 74 - 79 - 82 - 83 - 84 - 85 - 86 - 88 - 90 - 91 - 92 - 93 - 95 - 98 - 100 - 103 - 104 - 105 - 106 - 107 - 109 - 111 - 112 - 113 - 117 - 121 - 122 - 124 - 125 - 126 - 127 - 128 - 132 - 134 - 135 - 136 - 137 - 142 - 143 - 144 - 145 - 147 - 148 - 149 - 152 - 153 - 154 - 155 - 156 - 157 - 158 - 160 - 161 - 164 - 165 - 167 - 168 - 169 - 170 - 171 - 172 - 174 - 175 - 176 - 177 - 179 - 180 - 181 - 184 - 187 - 189 - 192 - 193 - 194 - 195 - 198 - 201 - 202 - 203 - 205 - 206 - 208 - 209 - 210 - 211 - 212 - 214 - 216 - 224 - 225 - 226 - 227 - 229 - 230 - 232 - 233 - 234 - 235 - 236 - 237 - 240 - 241 - 244 - 245 - 246 - 248 - 249 - 251 - 254 - 255 - 259 - 261 - 264 - 265 - 266 - 267 - 268 - 269 - 270 - 272 - 275 - 278 - 279 - 280 - 281 - 282 - 285 - 289 - 291 - 292 - 296 - 297 - 298 - 300 - 304 - 306 - 308 - 309 - 310 - 314 - 317 - 319 - 320 - 325 - 328 - 329 - 331 - 332 - 335 - 337 - 339 - 341 - 344 - 346 - 351 - 352 - 353 - 355 - 356 - 357 - 359 - 362 - 365 - 370 - 374 - 376 - 380 - 385 - 387 - 388 - 389 - 390 - 391 - 392 - 394 - 395 - 397 - 399 - 400 - 401 - 403 - 405 - 406 - 407 - 408 - 411 - 413 - 415 - 416 - 417 - 418 - 423 - 426 - 428 - 430 - 434 - 435 - 436 - 438 - 439 - 442 - 443 - 445 - 446 - 448 - 449 - 450 - 451 - 453 - 454 - 455 - 458 - 459 - 460 - 461 - 463 - 464 - 465 - 466 - 468 - 469 - 470 - 471 - 472 - 474 - 476 - 477 - 478 - 479 - 480 - 481 - 482 - 483 - 484 - 485 - 486 - 487 - 488 - 489 - 490 - 492 - 493 - 494 - 495 - 497 - 498 - 499,21466155.3,0.0,94099,95465,38.71,Cost: 94099 & Capacity: 95465
0 - 1 - 3 - 4 - 6 - 7 - 9 - 10 - 12 - 13 - 14 - 15 - 19 - 20 - 22 - 23 - 24 - 26 - 27 - 28 - 30 - 31 - 32 - 33 - 35 - 39 - 40 - 42 - 43 - 44 - 45 - 48 - 49 - 50 - 52 - 56 - 58 - 59 - 61 - 63 - 64 - 69 - 70 - 71 - 72 - 74 - 79 - 82 - 83 - 84 - 85 - 86 - 88 - 90 - 91 - 92 - 93 - 95 - 98 - 100 - 103 - 104 - 105 - 106 - 107 - 109 - 111 - 112 - 113 - 117 - 121 - 122 - 124 - 125 - 126 - 127 - 128 - 134 - 135 - 136 - 137 - 142 - 143 - 144 - 145 - 146 - 147 - 149 - 152 - 153 - 154 - 156 - 157 - 158 - 160 - 161 - 164 - 165 - 167 - 168 - 169 - 170 - 171 - 172 - 174 - 175 - 176 - 177 - 179 - 180 - 181 - 184 - 187 - 189 - 192 - 193 - 194 - 195 - 196 - 197 - 198 - 201 - 202 - 203 - 205 - 206 - 208 - 209 - 210 - 211 - 212 - 214 - 216 - 224 - 225 - 226 - 227 - 229 - 230 - 232 - 233 - 234 - 235 - 236 - 237 - 240 - 241 - 244 - 245 - 246 - 247 - 248 - 249 - 251 - 254 - 255 - 259 - 261 - 264 - 265 - 266 - 267 - 268 - 269 - 270 - 272 - 275 - 278 - 279 - 280 - 281 - 282 - 285 - 289 - 291 - 296 - 297 - 298 - 300 - 304 - 306 - 308 - 309 - 310 - 314 - 317 - 319 - 320 - 325 - 328 - 329 - 331 - 332 - 335 - 337 - 339 - 341 - 344 - 346 - 351 - 352 - 353 - 355 - 356 - 357 - 359 - 362 - 365 - 370 - 374 - 376 - 380 - 385 - 387 - 388 - 389 - 390 - 391 - 392 - 394 - 395 - 397 - 399 - 400 - 401 - 403 - 405 - 406 - 407 - 408 - 411 - 413 - 417 - 418 - 423 - 426 - 428 - 430 - 434 - 435 - 436 - 438 - 439 - 442 - 443 - 445 - 446 - 448 - 449 - 450 - 451 - 453 - 454 - 455 - 456 - 458 - 459 - 460 - 461 - 463 - 464 - 465 - 466 - 468 - 469 - 470 - 471 - 472 - 474 - 476 - 477 - 478 - 479 - 480 - 481 - 482 - 483 - 484 - 485 - 486 - 487 - 488 - 489 - 490 - 492 - 493 - 494 - 495 - 497 - 498 - 499,21106753.8,0.0,92179,93993,41.81,Cost: 92179 & Capacity: 93993
0 - 1 - 3 - 4 - 6 - 7 - 8 - 9 - 10 - 12 - 13 - 14 - 15 - 19 - 20 - 22 - 23 - 24 - 26 - 27 - 28 - 30 - 31 - 32 - 33 - 35 - 39 - 40 - 42 - 43 - 44 - 45 - 48 - 49 - 50 - 52 - 56 - 58 - 59 - 61 - 63 - 64 - 69 - 70 - 71 - 72 - 74 - 79 - 82 - 83 - 84 - 85 - 86 - 88 - 90 - 91 - 92 - 93 - 95 - 98 - 100 - 103 - 104 - 105 - 106 - 107 - 109 - 111 - 112 - 113 - 117 - 121 - 122 - 124 - 125 - 126 - 127 - 128 - 134 - 135 - 136 - 137 - 142 - 143 - 144 - 145 - 146 - 147 - 149 - 152 - 153 - 154 - 156 - 157 - 158 - 160 - 161 - 164 - 165 - 167 - 168 - 169 - 170 - 171 - 172 - 174 - 175 - 176 - 177 - 179 - 180 - 181 - 184 - 187 - 189 - 192 - 193 - 194 - 195 - 196 - 197 - 198 - 201 - 202 - 203 - 205 - 206 - 208 - 209 - 210 - 211 - 212 - 214 - 216 - 224 - 225 - 226 - 227 - 229 - 230 - 232 - 233 - 234 - 235 - 236 - 237 - 240 - 241 - 244 - 245 - 246 - 247 - 248 - 249 - 251 - 254 - 255 - 259 - 261 - 264 - 265 - 266 - 267 - 268 - 269 - 270 - 272 - 275 - 278 - 279 - 280 - 281 - 282 - 285 - 289 - 291 - 296 - 297 - 298 - 300 - 304 - 306 - 308 - 309 - 310 - 314 - 317 - 319 - 320 - 325 - 328 - 329 - 331 - 332 - 335 - 337 - 339 - 341 - 344 - 346 - 351 - 352 - 353 - 355 - 356 - 357 - 359 - 362 - 365 - 370 - 374 - 376 - 380 - 385 - 387 - 388 - 389 - 390 - 391 - 392 - 394 - 395 - 397 - 399 - 400 - 401 - 403 - 405 - 406 - 407 - 408 - 411 - 413 - 417 - 418 - 423 - 426 - 428 - 430 - 434 - 435 - 436 - 438 - 439 - 442 - 443 - 445 - 446 - 448 - 449 - 450 - 451 - 453 - 454 - 455 - 456 - 458 - 459 - 460 - 461 - 463 - 464 - 465 - 466 - 468 - 469 - 470 - 471 - 472 - 474 - 476 - 477 - 478 - 479 - 480 - 481 - 482 - 483 - 484 - 485 - 486 - 487 - 488 - 489 - 490 - 492 - 493 - 494 - 495 - 497 - 498 - 499,21255166.9,0.0,92830,94350,41.81,Cost: 92830 & Capacity: 94350
0 - 1 - 3 - 4 - 6 - 7 - 9 - 10 - 12 - 13 - 14 - 15 - 19 - 20 - 22 - 23 - 24 - 26 - 27 - 28 - 30 - 31 - 32 - 33 - 35 - 39 - 40 - 42 - 43 - 44 - 45 - 48 - 49 - 50 - 52 - 56 - 58 - 59 - 61 - 63 - 64 - 69 - 70 - 71 - 72 - 74 - 79 - 82 - 83 - 84 - 85 - 86 - 88 - 90 - 91 - 92 - 93 - 95 - 98 - 100 - 103 - 104 - 105 - 106 - 107 - 109 - 111 - 112 - 113 - 117 - 121 - 122 - 124 - 125 - 126 - 127 - 128 - 134 - 135 - 136 - 137 - 142 - 143 - 144 - 145 - 146 - 147 - 149 - 152 - 153 - 154 - 156 - 157 - 158 - 160 - 161 - 164 - 165 - 167 - 168 - 169 - 170 - 171 - 172 - 174 - 175 - 176 - 177 - 179 - 180 - 181 - 184 - 187 - 189 - 192 - 193 - 194 - 195 - 196 - 197 - 198 - 201 - 202 - 203 - 205 - 206 - 208 - 209 - 210 - 211 - 212 - 214 - 216 - 224 - 225 - 226 - 227 - 229 - 230 - 232 - 233 - 234 - 235 - 236 - 237 - 240 - 241 - 244 - 245 - 246 - 248 - 249 - 251 - 254 - 255 - 259 - 261 - 264 - 265 - 266 - 267 - 268 - 269 - 270 - 272 - 275 - 278 - 279 - 280 - 281 - 282 - 285 - 289 - 291 - 296 - 297 - 298 - 300 - 304 - 306 - 308 - 309 - 310 - 314 - 317 - 319 - 320 - 325 - 328 - 329 - 331 - 332 - 335 - 337 - 339 - 341 - 344 - 346 - 351 - 352 - 353 - 355 - 356 - 357 - 359 - 362 - 365 - 370 - 374 - 376 - 380 - 385 - 387 - 388 - 389 - 390 - 391 - 392 - 394 - 395 - 397 - 399 - 400 - 401 - 403 - 405 - 406 - 407 - 408 - 411 - 413 - 417 - 418 - 423 - 426 - 428 - 430 - 434 - 435 - 436 - 438 - 439 - 442 - 443 - 445 - 446 - 448 - 449 - 450 - 451 - 453 - 454 - 455 - 456 - 458 - 459 - 460 - 461 - 463 - 464 - 465 - 466 - 468 - 469 - 470 - 471 - 472 - 474 - 476 - 477 - 478 - 479 - 480 - 481 - 482 - 483 - 484 - 485 - 486 - 487 - 488 - 489 - 490 - 492 - 493 - 494 - 495 - 497 - 498 - 499,20966343.0,0.0,91534,93441,42.05,Cost: 91534 & Capacity: 93441
0 - 1 - 3 - 4 - 6 - 7 - 9 - 10 - 12 - 13 - 14 - 15 - 19 - 20 - 22 - 23 - 24 - 26 - 27 - 28 - 30 - 31 - 32 - 33 - 35 - 39 - 40 - 42 - 43 - 44 - 45 - 48 - 49 - 50 - 52 - 56 - 58 - 59 - 61 - 63 - 64 - 69 - 70 - 71 - 72 - 74 - 79 - 82 - 83 - 84 - 85 - 86 - 88 - 90 - 91 - 92 - 93 - 95 - 98 - 100 - 103 - 104 - 105 - 106 - 107 - 109 - 111 - 112 - 113 - 117 - 121 - 122 - 124 - 125 - 126 - 127 - 128 - 134 - 135 - 136 - 137 - 142 - 143 - 144 - 145 - 146 - 147 - 149 - 152 - 153 - 154 - 156 - 157 - 158 - 160 - 161 - 164 - 165 - 167 - 168 - 169 - 170 - 171 - 172 - 174 - 175 - 176 - 177 - 179 - 180 - 181 - 184 - 187 - 189 - 192 - 193 - 194 - 195 - 196 - 197 - 198 - 201 - 202 - 203 - 205 - 206 - 208 - 209 - 210 - 211 - 212 - 214 - 216 - 224 - 225 - 226 - 227 - 229 - 230 - 232 - 233 - 234 - 235 - 236 - 237 - 240 - 241 - 244 - 245 - 246 - 248 - 249 - 251 - 254 - 255 - 259 - 261 - 264 - 265 - 266 - 267 - 268 - 269 - 270 - 272 - 275 - 278 - 279 - 280 - 281 - 282 - 285 - 289 - 291 - 296 - 297 - 298 - 300 - 304 - 306 - 308 - 309 - 310 - 314 - 317 - 319 - 320 - 325 - 328 - 329 - 331 - 332 - 335 - 337 - 339 - 341 - 344 - 346 - 351 - 352 - 353 - 355 - 356 - 357 - 359 - 362 - 365 - 370 - 374 - 376 - 380 - 385 - 387 - 388 - 389 - 390 - 391 - 392 - 394 - 395 - 397 - 399 - 400 - 401 - 403 - 405 - 406 - 407 - 408 - 411 - 413 - 417 - 418 - 423 - 426 - 428 - 430 - 434 - 435 - 436 - 438 - 439 - 442 - 443 - 445 - 446 - 448 - 449 - 450 - 451 - 453 - 454 - 456 - 458 - 459 - 460 - 461 - 463 - 464 - 465 - 466 - 468 - 469 - 470 - 471 - 472 - 474 - 476 - 477 - 478 - 479 - 480 - 481 - 482 - 483 - 484 - 485 - 486 - 487 - 488 - 489 - 490 - 492 - 493 - 494 - 495 - 497 - 498 - 499,20829600.3,0.0,90890,92922,42.05,Cost: 90890 & Capacity: 92922
0 - 1 - 3 - 4 - 5 - 6 - 7 - 8 - 9 - 10 - 12 - 13 - 14 - 19 - 20 - 22 - 23 - 24 - 26 - 27 - 28 - 30 - 31 - 32 - 33 - 35 - 39 - 40 - 41 - 42 - 43 - 44 - 45 - 48 - 49 - 50 - 52 - 56 - 58 - 59 - 61 - 64 - 69 - 70 - 71 - 72 - 74 - 79 - 82 - 83 - 84 - 85 - 86 - 88 - 90 - 91 - 92 - 93 - 95 - 98 - 100 - 103 - 104 - 105 - 106 - 107 - 109 - 111 - 112 - 113 - 117 - 121 - 122 - 124 - 125 - 126 - 127 - 128 - 132 - 134 - 135 - 136 - 137 - 142 - 143 - 144 - 145 - 147 - 148 - 149 - 152 - 153 - 154 - 155 - 156 - 157 - 158 - 160 - 161 - 164 - 165 - 167 - 168 - 169 - 170 - 171 - 172 - 174 - 175 - 176 - 177 - 179 - 180 - 181 - 184 - 187 - 189 - 192 - 193 - 194 - 195 - 198 - 201 - 202 - 203 - 205 - 206 - 208 - 209 - 210 - 211 - 212 - 214 - 216 - 224 - 225 - 226 - 227 - 229 - 230 - 232 - 233 - 234 - 235 - 236 - 237 - 240 - 241 - 244 - 245 - 246 - 248 - 249 - 251 - 254 - 255 - 259 - 261 - 264 - 265 - 266 - 267 - 268 - 269 - 270 - 272 - 275 - 278 - 279 - 280 - 281 - 282 - 285 - 289 - 291 - 292 - 296 - 297 - 298 - 300 - 304 - 306 - 308 - 309 - 310 - 314 - 317 - 319 - 320 - 325 - 328 - 329 - 331 - 332 - 335 - 337 - 339 - 341 - 344 - 346 - 351 - 352 - 353 - 355 - 356 - 357 - 359 - 362 - 365 - 370 - 374 - 376 - 380 - 385 - 387 - 388 - 389 - 390 - 391 - 392 - 394 - 395 - 397 - 399 - 400 - 401 - 403 - 405 - 406 - 407 - 408 - 411 - 413 - 415 - 416 - 417 - 418 - 423 - 426 - 428 - 430 - 434 - 435 - 436 - 438 - 439 - 442 - 443 - 445 - 446 - 448 - 449 - 450 - 451 - 453 - 454 - 455 - 458 - 459 - 460 - 461 - 463 - 464 - 465 - 466 - 468 - 469 - 470 - 471 - 472 - 474 - 476 - 477 - 478 - 479 - 480 - 481 - 482 - 483 - 484 - 485 - 486 - 487 - 488 - 489 - 490 - 492 - 493 - 494 - 495 - 497 - 498 - 499,21466155.3,0.0,94099,95465,44.66,Cost: 94099 & Capacity: 95465
0 - 1 - 3 - 4 - 6 - 7 - 8 - 9 - 10 - 12 - 13 - 14 - 15 - 19 - 20 - 22 - 23 - 24 - 26 - 27 - 28 - 30 - 31 - 32 - 33 - 35 - 39 - 40 - 42 - 43 - 44 - 45 - 48 - 49 - 50 - 52 - 56 - 58 - 59 - 61 - 63 - 64 - 69 - 70 - 71 - 72 - 74 - 79 - 82 - 83 - 84 - 85 - 86 - 88 - 90 - 91 - 92 - 93 - 95 - 98 - 100 - 103 - 104 - 105 - 106 - 107 - 109 - 111 - 112 - 113 - 117 - 121 - 122 - 124 - 125 - 126 - 127 - 128 - 134 - 135 - 136 - 137 - 142 - 143 - 144 - 145 - 146 - 147 - 149 - 152 - 153 - 154 - 156 - 157 - 158 - 160 - 161 - 164 - 165 - 167 - 168 - 169 - 170 - 171 - 172 - 174 - 175 - 176 - 177 - 179 - 180 - 181 - 184 - 187 - 189 - 192 - 193 - 194 - 195 - 196 - 197 - 198 - 201 - 202 - 203 - 205 - 206 - 208 - 209 - 210 - 211 - 212 - 214 - 216 - 224 - 225 - 226 - 227 - 229 - 230 - 232 - 233 - 234 - 235 - 236 - 237 - 240 - 241 - 244 - 245 - 246 - 247 - 248 - 249 - 251 - 254 - 255 - 259 - 261 - 264 - 265 - 266 - 267 - 268 - 269 - 270 - 272 - 275 - 278 - 279 - 280 - 281 - 282 - 285 - 289 - 291 - 296 - 297 - 298 - 300 - 304 - 306 - 308 - 309 - 310 - 314 - 317 - 319 - 320 - 325 - 328 - 329 - 331 - 332 - 335 - 337 - 339 - 341 - 344 - 346 - 351 - 352 - 353 - 355 - 356 - 357 - 359 - 362 - 365 - 370 - 374 - 376 - 380 - 385 - 387 - 388 - 389 - 390 - 391 - 392 - 394 - 395 - 397 - 399 - 400 - 401 - 403 - 405 - 406 - 407 - 408 - 411 - 413 - 417 - 418 - 423 - 426 - 428 - 430 - 434 - 435 - 436 - 438 - 439 - 442 - 443 - 445 - 446 - 448 - 449 - 450 - 451 - 453 - 454 - 455 - 456 - 458 - 459 - 460 - 461 - 463 - 464 - 465 - 466 - 468 - 469 - 470 - 471 - 472 - 474 - 476 - 477 - 478 - 479 - 480 - 481 - 482 - 483 - 484 - 485 - 486 - 487 - 488 - 489 - 490 - 492 - 493 - 494 - 495 - 497 - 498 - 499,21255166.9,0.0,92830,94350,47.1,Cost: 92830 & Capacity: 94350
0 - 1 - 3 - 4 - 6 - 7 - 9 - 10 - 12 - 13 - 14 - 15 - 19 - 20 - 22 - 23 - 24 - 26 - 27 - 28 - 30 - 31 - 32 - 33 - 35 - 39 - 40 - 42 - 43 - 44 - 45 - 48 - 49 - 50 - 52 - 56 - 58 - 59 - 61 - 63 - 64 - 69 - 70 - 71 - 72 - 74 - 79 - 82 - 83 - 84 - 85 - 86 - 88 - 90 - 91 - 92 - 93 - 95 - 98 - 100 - 103 - 104 - 105 - 106 - 107 - 109 - 111 - 112 - 113 - 117 - 121 - 122 - 124 - 125 - 126 - 127 - 128 - 134 - 135 - 136 - 137 - 142 - 143 - 144 - 145 - 146 - 147 - 149 - 152 - 153 - 154 - 156 - 157 - 158 - 160 - 161 - 164 - 165 - 167 - 168 - 169 - 170 - 171 - 172 - 174 - 175 - 176 - 177 - 179 - 180 - 181 - 184 - 187 - 189 - 192 - 193 - 194 - 195 - 196 - 197 - 198 - 202 - 203 - 205 - 206 - 208 - 209 - 210 - 211 - 212 - 214 - 216 - 224 - 225 - 226 - 227 - 229 - 230 - 232 - 233 - 234 - 235 - 236 - 237 - 240 - 241 - 244 - 245 - 246 - 247 - 248 - 249 - 251 - 254 - 255 - 259 - 261 - 264 - 265 - 266 - 267 - 268 - 269 - 270 - 272 - 275 - 278 - 279 - 280 - 281 - 282 - 285 - 289 - 291 - 296 - 297 - 298 - 300 - 304 - 306 - 308 - 309 - 310 - 314 - 317 - 319 - 320 - 325 - 328 - 329 - 331 - 332 - 335 - 337 - 339 - 341 - 344 - 346 - 351 - 352 - 353 - 355 - 356 - 357 - 359 - 362 - 365 - 370 - 374 - 376 - 380 - 385 - 387 - 388 - 389 - 390 - 391 - 392 - 394 - 395 - 397 - 399 - 400 - 401 - 403 - 405 - 406 - 407 - 408 - 411 - 413 - 417 - 418 - 423 - 426 - 428 - 430 - 434 - 435 - 436 - 438 - 439 - 442 - 443 - 445 - 446 - 448 - 449 - 450 - 451 - 453 - 454 - 455 - 456 - 458 - 459 - 460 - 461 - 463 - 464 - 465 - 466 - 468 - 469 - 470 - 471 - 472 - 474 - 476 - 477 - 478 - 479 - 480 - 481 - 482 - 483 - 484 - 485 - 486 - 487 - 488 - 489 - 490 - 492 - 493 - 494 - 495 - 497 - 498 - 499,20965582.5,0.0,91532,93644,47.1,Cost: 91532 & Capacity: 93644
0 - 1 - 3 - 4 - 6 - 7 - 9 - 10 - 12 - 13 - 14 - 15 - 19 - 20 - 22 - 23 - 24 - 26 - 27 - 28 - 30 - 31 - 32 - 33 - 35 - 39 - 40 - 42 - 43 - 44 - 45 - 48 - 49 - 50 - 52 - 56 - 58 - 59 - 61 - 63 - 64 - 69 - 70 - 71 - 72 - 74 - 79 - 82 - 83 - 84 - 85 - 86 - 88 - 90 - 91 - 92 - 93 - 95 - 98 - 100 - 103 - 104 - 105 - 106 - 107 - 109 - 111 - 112 - 113 - 117 - 121 - 122 - 124 - 125 - 126 - 127 - 128 - 134 - 135 - 136 - 137 - 142 - 143 - 144 - 145 - 146 - 147 - 149 - 152 - 153 - 154 - 156 - 157 - 158 - 160 - 161 - 164 - 165 - 167 - 168 - 169 - 170 - 171 - 172 - 174 - 175 - 176 - 177 - 179 - 180 - 181 - 184 - 187 - 189 - 192 - 193 - 194 - 195 - 196 - 197 - 198 - 202 - 203 - 205 - 206 - 208 - 209 - 210 - 211 - 212 - 214 - 216 - 224 - 225 - 226 - 227 - 229 - 230 - 232 - 233 - 234 - 235 - 236 - 237 - 240 - 241 - 244 - 245 - 246 - 247 - 248 - 249 - 251 - 254 - 255 - 259 - 261 - 264 - 265 - 266 - 267 - 268 - 269 - 270 - 272 - 275 - 278 - 279 - 280 - 281 - 282 - 285 - 289 - 291 - 296 - 297 - 298 - 300 - 304 - 306 - 308 - 309 - 310 - 314 - 317 - 319 - 320 - 325 - 328 - 329 - 331 - 332 - 335 - 337 - 339 - 341 - 344 - 346 - 351 - 352 - 353 - 355 - 356 - 357 - 359 - 362 - 365 - 370 - 374 - 376 - 380 - 385 - 387 - 388 - 389 - 390 - 391 - 392 - 394 - 395 - 397 - 399 - 400 - 401 - 403 - 405 - 406 - 407 - 408 - 411 - 413 - 417 - 418 - 423 - 426 - 428 - 430 - 434 - 435 - 436 - 438 - 439 - 442 - 443 - 445 - 446 - 448 - 449 - 450 - 451 - 453 - 454 - 456 - 458 - 459 - 460 - 461 - 463 - 464 - 465 - 466 - 468 - 469 - 470 - 471 - 472 - 474 - 476 - 477 - 478 - 479 - 480 - 481 - 482 - 483 - 484 - 485 - 486 - 487 - 488 - 489 - 490 - 492 - 493 - 494 - 495 - 497 - 498 - 499,20829155.9,0.0,90888,93125,47.11,Cost: 90888 & Capacity: 93125
0 - 1 - 3 - 4 - 5 - 6 - 7 - 8 - 9 - 10 - 12 - 13 - 14 - 19 - 20 - 22 - 23 - 24 - 26 - 27 - 28 - 30 - 31 - 32 - 33 - 35 - 39 - 40 - 41 - 42 - 43 - 44 - 45 - 48 - 49 - 50 - 52 - 56 - 58 - 59 - 61 - 64 - 69 - 70 - 71 - 72 - 74 - 79 - 82 - 83 - 84 - 85 - 86 - 88 - 90 - 91 - 92 - 93 - 95 - 98 - 100 - 103 - 104 - 105 - 106 - 107 - 109 - 111 - 112 - 113 - 117 - 121 - 122 - 124 - 125 - 126 - 127 - 128 - 132 - 134 - 135 - 136 - 137 - 142 - 143 - 144 - 145 - 147 - 148 - 149 - 152 - 153 - 154 - 155 - 156 - 157 - 158 - 160 - 161 - 164 - 165 - 167 - 168 - 169 - 170 - 171 - 172 - 174 - 175 - 176 - 177 - 179 - 180 - 181 - 184 - 187 - 189 - 192 - 193 - 194 - 195 - 198 - 201 - 202 - 203 - 205 - 206 - 208 - 209 - 210 - 211 - 212 - 214 - 216 - 224 - 225 - 226 - 227 - 229 - 230 - 232 - 233 - 234 - 235 - 236 - 237 - 240 - 241 - 244 - 245 - 246 - 248 - 249 - 251 - 254 - 255 - 259 - 261 - 264 - 265 - 266 - 267 - 268 - 269 - 270 - 272 - 275 - 278 - 279 - 280 - 281 - 282 - 285 - 289 - 291 - 292 - 296 - 297 - 298 - 300 - 304 - 306 - 308 - 309 - 310 - 314 - 317 - 319 - 320 - 325 - 328 - 329 - 331 - 332 - 335 - 337 - 339 - 341 - 344 - 346 - 351 - 352 - 353 - 355 - 356 - 357 - 359 - 362 - 365 - 370 - 374 - 376 - 380 - 385 - 387 - 388 - 389 - 390 - 391 - 392 - 394 - 395 - 397 - 399 - 400 - 401 - 403 - 405 - 406 - 407 - 408 - 411 - 413 - 415 - 416 - 417 - 418 - 423 - 426 - 428 - 430 - 434 - 435 - 436 - 438 - 439 - 442 - 443 - 445 - 446 - 448 - 449 - 450 - 451 - 453 - 454 - 455 - 458 - 459 - 460 - 461 - 463 - 464 - 465 - 466 - 468 - 469 - 470 - 471 - 472 - 474 - 476 - 477 - 478 - 479 - 480 - 481 - 482 - 483 - 484 - 485 - 486 - 487 - 488 - 489 - 490 - 492 - 493 - 494 - 495 - 497 - 498 - 499,21466155.3,0.0,94099,95465,48.45,Cost: 94099 & Capacity: 95465
0 - 1 - 3 - 4 - 6 - 7 - 9 - 10 - 12 - 13 - 14 - 15 - 19 - 20 - 22 - 23 - 24 - 26 - 27 - 28 - 30 - 31 - 32 - 33 - 35 - 39 - 40 - 42 - 43 - 44 - 45 - 48 - 49 - 50 - 52 - 56 - 58 - 59 - 61 - 63 - 64 - 69 - 70 - 71 - 72 - 74 - 79 - 82 - 83 - 84 - 85 - 86 - 88 - 90 - 91 - 92 - 93 - 95 - 98 - 100 - 103 - 104 - 105 - 106 - 107 - 109 - 111 - 112 - 113 - 117 - 121 - 122 - 124 - 125 - 126 - 127 - 128 - 134 - 135 - 136 - 137 - 142 - 143 - 144 - 145 - 146 - 147 - 149 - 152 - 153 - 154 - 156 - 157 - 158 - 160 - 161 - 164 - 165 - 167 - 168 - 169 - 170 - 171 - 172 - 174 - 175 - 176 - 177 - 179 - 180 - 181 - 184 - 187 - 189 - 192 - 193 - 194 - 195 - 196 - 197 - 198 - 201 - 202 - 203 - 205 - 206 - 208 - 209 - 210 - 211 - 212 - 214 - 216 - 224 - 225 - 226 - 227 - 229 - 230 - 232 - 233 - 234 - 235 - 236 - 237 - 240 - 241 - 244 - 245 - 246 - 247 - 248 - 249 - 251 - 254 - 255 - 259 - 261 - 264 - 265 - 266 - 267 - 268 - 269 - 270 - 272 - 275 - 278 - 279 - 280 - 281 - 282 - 285 - 289 - 291 - 296 - 297 - 298 - 300 - 304 - 306 - 308 - 309 - 310 - 314 - 317 - 319 - 320 - 325 - 328 - 329 - 331 - 332 - 335 - 337 - 339 - 341 - 344 - 346 - 351 - 352 - 353 - 355 - 356 - 357 - 359 - 362 - 365 - 370 - 374 - 376 - 380 - 385 - 387 - 388 - 389 - 390 - 391 - 392 - 394 - 395 - 397 - 399 - 400 - 401 - 403 - 405 - 406 - 407 - 408 - 411 - 413 - 416 - 417 - 418 - 423 - 426 - 428 - 430 - 434 - 435 - 436 - 438 - 439 - 442 - 443 - 445 - 446 - 448 - 449 - 450 - 451 - 453 - 454 - 455 - 456 - 458 - 459 - 460 - 461 - 463 - 464 - 465 - 466 - 468 - 469 - 470 - 471 - 472 - 474 - 476 - 477 - 478 - 479 - 480 - 481 - 482 - 483 - 484 - 485 - 486 - 487 - 488 - 489 - 490 - 492 - 493 - 494 - 495 - 497 - 498 - 499,21255999.4,0.0,92833,94542,48.35,Cost: 92833 & Capacity: 94542
0 - 1 - 3 - 4 - 5 - 6 - 7 - 8 - 9 - 10 - 12 - 13 - 14 - 19 - 20 - 22 - 23 - 24 - 26 - 27 - 28 - 30 - 31 - 32 - 33 - 35 - 39 - 40 - 41 - 42 - 43 - 44 - 45 - 48 - 49 - 50 - 52 - 56 - 58 - 59 - 61 - 64 - 69 - 70 - 71 - 72 - 74 - 79 - 82 - 83 - 84 - 85 - 86 - 88 - 90 - 91 - 92 - 93 - 95 - 98 - 100 - 103 - 104 - 105 - 106 - 107 - 109 - 111 - 112 - 113 - 117 - 121 - 122 - 124 - 125 - 126 - 127 - 128 - 132 - 134 - 135 - 136 - 137 - 142 - 143 - 144 - 145 - 147 - 148 - 149 - 152 - 153 - 154 - 155 - 156 - 157 - 158 - 160 - 161 - 164 - 165 - 167 - 168 - 169 - 170 - 171 - 172 - 174 - 175 - 176 - 177 - 179 - 180 - 181 - 184 - 187 - 189 - 192 - 193 - 194 - 195 - 198 - 201 - 202 - 203 - 205 - 206 - 208 - 209 - 210 - 211 - 212 - 214 - 216 - 224 - 225 - 226 - 227 - 229 - 230 - 232 - 233 - 234 - 235 - 236 - 237 - 240 - 241 - 244 - 245 - 246 - 248 - 249 - 251 - 254 - 255 - 259 - 261 - 264 - 265 - 266 - 267 - 268 - 269 - 270 - 272 - 275 - 278 - 279 - 280 - 281 - 282 - 285 - 289 - 291 - 292 - 296 - 297 - 298 - 300 - 304 - 306 - 308 - 309 - 310 - 314 - 317 - 319 - 320 - 325 - 328 - 329 - 331 - 332 - 335 - 337 - 339 - 341 - 344 - 346 - 351 - 352 - 353 - 355 - 356 - 357 - 359 - 362 - 365 - 370 - 374 - 376 - 380 - 385 - 387 - 388 - 389 - 390 - 391 - 392 - 394 - 395 - 397 - 399 - 400 - 401 - 403 - 405 - 406 - 407 - 408 - 411 - 413 - 415 - 416 - 417 - 418 - 423 - 426 - 428 - 430 - 434 - 435 - 436 - 438 - 439 - 442 - 443 - 445 - 446 - 448 - 449 - 450 - 451 - 453 - 454 - 455 - 458 - 459 - 460 - 461 - 463 - 464 - 465 - 466 - 468 - 469 - 470 - 471 - 472 - 474 - 476 - 477 - 478 - 479 - 480 - 481 - 482 - 483 - 484 - 485 - 486 - 487 - 488 - 489 - 490 - 492 - 493 - 494 - 495 - 497 - 498 - 499,21466155.3,0.0,94099,95465,48.49,Cost: 94099 & Capacity: 95465
0 - 1 - 3 - 4 - 5 - 6 - 8 - 9 - 10 - 12 - 13 - 14 - 17 - 20 - 22 - 23 - 24 - 26 - 27 - 28 - 30 - 31 - 33 - 35 - 39 - 40 - 41 - 42 - 44 - 45 - 47 - 48 - 49 - 50 - 52 - 56 - 58 - 61 - 64 - 69 - 70 - 71 - 72 - 74 - 79 - 82 - 83 - 85 - 90 - 91 - 92 - 93 - 95 - 96 - 98 - 99 - 100 - 104 - 105 - 106 - 107 - 109 - 111 - 112 - 113 - 117 - 121 - 122 - 125 - 126 - 128 - 132 - 134 - 136 - 143 - 144 - 145 - 147 - 148 - 149 - 152 - 154 - 155 - 157 - 158 - 160 - 164 - 165 - 167 - 168 - 169 - 170 - 171 - 172 - 174 - 175 - 176 - 180 - 181 - 184 - 187 - 189 - 192 - 193 - 194 - 195 - 196 - 198 - 201 - 203 - 204 - 205 - 206 - 208 - 209 - 210 - 211 - 212 - 216 - 220 - 225 - 226 - 229 - 230 - 233 - 234 - 235 - 236 - 237 - 240 - 241 - 243 - 244 - 245 - 248 - 249 - 250 - 251 - 254 - 255 - 259 - 261 - 264 - 265 - 266 - 267 - 270 - 272 - 275 - 276 - 278 - 279 - 280 - 281 - 282 - 283 - 285 - 289 - 291 - 292 - 296 - 297 - 298 - 304 - 306 - 307 - 308 - 309 - 310 - 314 - 317 - 319 - 320 - 324 - 325 - 328 - 329 - 331 - 332 - 335 - 337 - 339 - 341 - 344 - 346 - 351 - 352 - 355 - 356 - 357 - 359 - 362 - 365 - 370 - 373 - 374 - 376 - 380 - 385 - 386 - 387 - 388 - 389 - 390 - 391 - 392 - 394 - 395 - 397 - 399 - 400 - 401 - 403 - 405 - 406 - 407 - 408 - 413 - 415 - 416 - 417 - 418 - 423 - 428 - 434 - 435 - 438 - 439 - 441 - 442 - 443 - 445 - 446 - 448 - 449 - 451 - 453 - 455 - 456 - 458 - 459 - 460 - 461 - 463 - 464 - 465 - 466 - 470 - 471 - 472 - 475 - 478 - 479 - 480 - 481 - 482 - 483 - 484 - 485 - 486 - 487 - 488 - 489 - 490 - 492 - 493 - 494 - 495 - 498 - 499,18288954.3,1.1,94098,91818,51.1,Cost: 94098 & Capacity: 91818
0 - 1 - 3 - 4 - 5 - 6 - 7 - 8 - 9 - 10 - 12 - 13 - 14 - 19 - 20 - 22 - 23 - 24 - 26 - 27 - 28 - 30 - 31 - 32 - 33 - 35 - 39 - 40 - 41 - 42 - 43 - 44 - 45 - 48 - 49 - 50 - 52 - 56 - 58 - 59 - 61 - 64 - 69 - 70 - 71 - 72 - 74 - 79 - 82 - 83 - 84 - 85 - 86 - 88 - 90 - 91 - 92 - 93 - 95 - 98 - 100 - 103 - 104 - 105 - 106 - 107 - 109 - 111 - 112 - 113 - 117 - 121 - 122 - 124 - 125 - 126 - 127 - 128 - 132 - 134 - 135 - 136 - 137 - 142 - 143 - 144 - 145 - 147 - 148 - 149 - 152 - 153 - 154 - 155 - 156 - 157 - 158 - 160 - 161 - 164 - 165 - 167 - 168 - 169 - 170 - 171 - 172 - 174 - 175 - 176 - 177 - 179 - 180 - 181 - 184 - 187 - 189 - 192 - 193 - 194 - 195 - 198 - 201 - 202 - 203 - 205 - 206 - 208 - 209 - 210 - 211 - 212 - 214 - 216 - 224 - 225 - 226 - 227 - 229 - 230 - 232 - 233 - 234 - 235 - 236 - 237 - 240 - 241 - 244 - 245 - 246 - 248 - 249 - 251 - 254 - 255 - 259 - 261 - 264 - 265 - 266 - 267 - 268 - 269 - 270 - 272 - 275 - 278 - 279 - 280 - 281 - 282 - 285 - 289 - 291 - 292 - 296 - 297 - 298 - 300 - 304 - 306 - 308 - 309 - 310 - 314 - 317 - 319 - 320 - 325 - 328 - 329 - 331 - 332 - 335 - 337 - 339 - 341 - 344 - 346 - 351 - 352 - 353 - 355 - 356 - 357 - 359 - 362 - 365 - 370 - 374 - 376 - 380 - 385 - 387 - 388 - 389 - 390 - 391 - 392 - 394 - 395 - 397 - 399 - 400 - 401 - 403 - 405 - 406 - 407 - 408 - 411 - 413 - 415 - 416 - 417 - 418 - 423 - 426 - 428 - 430 - 434 - 435 - 436 - 438 - 439 - 442 - 443 - 445 - 446 - 448 - 449 - 450 - 451 - 453 - 454 - 455 - 458 - 459 - 460 - 461 - 463 - 464 - 465 - 466 - 468 - 469 - 470 - 471 - 472 - 474 - 476 - 477 - 478 - 479 - 480 - 481 - 482 - 483 - 484 - 485 - 486 - 487 - 488 - 489 - 490 - 492 - 493 - 494 - 495 - 497 - 498 - 499,21466155.3,0.0,94099,95465,51.77,Cost: 94099 & Capacity: 95465
0 - 1 - 3 - 4 - 5 - 6 - 8 - 10 - 12 - 13 - 14 - 19 - 20 - 22 - 23 - 24 - 26 - 27 - 28 - 30 - 31 - 32 - 33 - 35 - 39 - 40 - 41 - 42 - 43 - 44 - 45 - 47 - 48 - 49 - 50 - 52 - 56 - 58 - 59 - 61 - 64 - 69 - 70 - 71 - 72 - 74 - 79 - 82 - 83 - 85 - 86 - 90 - 91 - 92 - 93 - 95 - 98 - 100 - 103 - 104 - 105 - 106 - 107 - 111 - 112 - 113 - 117 - 121 - 122 - 124 - 125 - 126 - 127 - 128 - 132 - 134 - 135 - 136 - 137 - 142 - 143 - 144 - 145 - 147 - 149 - 152 - 153 - 154 - 155 - 156 - 157 - 164 - 165 - 167 - 168 - 169 - 170 - 171 - 172 - 174 - 175 - 176 - 177 - 179 - 180 - 181 - 184 - 187 - 189 - 193 - 194 - 195 - 196 - 198 - 201 - 202 - 203 - 204 - 205 - 206 - 208 - 209 - 210 - 211 - 212 - 216 - 223 - 225 - 226 - 227 - 229 - 230 - 233 - 234 - 235 - 236 - 237 - 240 - 241 - 242 - 243 - 244 - 245 - 246 - 248 - 249 - 251 - 254 - 255 - 257 - 259 - 261 - 264 - 265 - 266 - 267 - 269 - 270 - 272 - 275 - 279 - 280 - 281 - 282 - 285 - 289 - 291 - 292 - 296 - 297 - 298 - 300 - 304 - 308 - 309 - 310 - 314 - 317 - 319 - 320 - 324 - 325 - 327 - 328 - 329 - 331 - 332 - 335 - 337 - 339 - 341 - 344 - 346 - 351 - 352 - 353 - 355 - 356 - 357 - 359 - 360 - 362 - 365 - 370 - 374 - 376 - 380 - 385 - 387 - 388 - 389 - 390 - 391 - 392 - 394 - 395 - 396 - 397 - 399 - 400 - 401 - 403 - 405 - 406 - 407 - 408 - 411 - 413 - 415 - 416 - 417 - 418 - 422 - 423 - 428 - 430 - 434 - 435 - 436 - 438 - 439 - 442 - 443 - 445 - 446 - 448 - 449 - 450 - 451 - 453 - 454 - 455 - 458 - 459 - 460 - 461 - 463 - 464 - 465 - 466 - 468 - 469 - 470 - 471 - 472 - 474 - 475 - 476 - 477 - 478 - 479 - 480 - 481 - 482 - 483 - 484 - 485 - 486 - 488 - 489 - 490 - 492 - 493 - 494 - 497 - 498 - 499,20708994.1,0.1,94109,92992,52.81,Cost: 94109 & Capacity: 92992
0 - 1 - 3 - 4 - 5 - 6 - 7 - 8 - 9 - 10 - 12 - 13 - 14 - 19 - 20 - 22 - 23 - 24 - 26 - 27 - 28 - 30 - 31 - 32 - 33 - 35 - 39 - 40 - 41 - 42 - 43 - 44 - 45 - 48 - 49 - 50 - 52 - 56 - 58 - 59 - 61 - 64 - 69 - 70 - 71 - 72 - 74 - 79 - 82 - 83 - 84 - 85 - 86 - 88 - 90 - 91 - 92 - 93 - 95 - 98 - 100 - 103 - 104 - 105 - 106 - 107 - 109 - 111 - 112 - 113 - 117 - 121 - 122 - 124 - 125 - 126 - 127 - 128 - 132 - 134 - 135 - 136 - 137 - 142 - 143 - 144 - 145 - 147 - 148 - 149 - 152 - 153 - 154 - 155 - 156 - 157 - 158 - 160 - 161 - 164 - 165 - 167 - 168 - 169 - 170 - 171 - 172 - 174 - 175 - 176 - 177 - 179 - 180 - 181 - 184 - 187 - 189 - 192 - 193 - 194 - 195 - 198 - 201 - 202 - 203 - 205 - 206 - 208 - 209 - 210 - 211 - 212 - 214 - 216 - 224 - 225 - 226 - 227 - 229 - 230 - 232 - 233 - 234 - 235 - 236 - 237 - 240 - 241 - 244 - 245 - 246 - 248 - 249 - 251 - 254 - 255 - 259 - 261 - 264 - 265 - 266 - 267 - 268 - 269 - 270 - 272 - 275 - 278 - 279 - 280 - 281 - 282 - 285 - 289 - 291 - 292 - 296 - 297 - 298 - 300 - 304 - 306 - 308 - 309 - 310 - 314 - 317 - 319 - 320 - 325 - 328 - 329 - 331 - 332 - 335 - 337 - 339 - 341 - 344 - 346 - 351 - 352 - 353 - 355 - 356 - 357 - 359 - 362 - 365 - 370 - 374 - 376 - 380 - 385 - 387 - 388 - 389 - 390 - 391 - 392 - 394 - 395 - 397 - 399 - 400 - 401 - 403 - 405 - 406 - 407 - 408 - 411 - 413 - 415 - 416 - 417 - 418 - 423 - 426 - 428 - 430 - 434 - 435 - 436 - 438 - 439 - 442 - 443 - 445 - 446 - 448 - 449 - 450 - 451 - 453 - 454 - 455 - 458 - 459 - 460 - 461 - 463 - 464 - 465 - 466 - 468 - 469 - 470 - 471 - 472 - 474 - 476 - 477 - 478 - 479 - 480 - 481 - 482 - 483 - 484 - 485 - 486 - 487 - 488 - 489 - 490 - 492 - 493 - 494 - 495 - 497 - 498 - 499,21466155.3,0.0,94099,95465,53.82,Cost: 94099 & Capacity: 95465
0 - 1 - 3 - 4 - 5 - 6 - 7 - 8 - 9 - 10 - 12 - 13 - 14 - 19 - 20 - 22 - 23 - 24 - 26 - 27 - 28 - 30 - 31 - 32 - 33 - 35 - 39 - 40 - 41 - 42 - 43 - 44 - 45 - 48 - 49 - 50 - 52 - 56 - 58 - 59 - 61 - 64 - 69 - 70 - 71 - 72 - 74 - 79 - 82 - 83 - 84 - 85 - 86 - 88 - 90 - 91 - 92 - 93 - 95 - 98 - 100 - 103 - 104 - 105 - 106 - 107 - 109 - 111 - 112 - 113 - 117 - 121 - 122 - 124 - 125 - 126 - 127 - 128 - 132 - 134 - 135 - 136 - 137 - 142 - 143 - 144 - 145 - 147 - 148 - 149 - 152 - 153 - 154 - 155 - 156 - 157 - 158 - 160 - 161 - 164 - 165 - 167 - 168 - 169 - 170 - 171 - 172 - 174 - 175 - 176 - 177 - 179 - 180 - 181 - 184 - 187 - 189 - 192 - 193 - 194 - 195 - 198 - 201 - 202 - 203 - 205 - 206 - 208 - 209 - 210 - 211 - 212 - 214 - 216 - 224 - 225 - 226 - 227 - 229 - 230 - 232 - 233 - 234 - 235 - 236 - 237 - 240 - 241 - 244 - 245 - 246 - 248 - 249 - 251 - 254 - 255 - 259 - 261 - 264 - 265 - 266 - 267 - 268 - 269 - 270 - 272 - 275 - 278 - 279 - 280 - 281 - 282 - 285 - 289 - 291 - 292 - 296 - 297 - 298 - 300 - 304 - 306 - 308 - 309 - 310 - 314 - 317 - 319 - 320 - 325 - 328 - 329 - 331 - 332 - 335 - 337 - 339 - 341 - 344 - 346 - 351 - 352 - 353 - 355 - 356 - 357 - 359 - 362 - 365 - 370 - 374 - 376 - 380 - 385 - 387 - 388 - 389 - 390 - 391 - 392 - 394 - 395 - 397 - 399 - 400 - 401 - 403 - 405 - 406 - 407 - 408 - 411 - 413 - 415 - 416 - 417 - 418 - 423 - 426 - 428 - 430 - 434 - 435 - 436 - 438 - 439 - 442 - 443 - 445 - 446 - 448 - 449 - 450 - 451 - 453 - 454 - 455 - 458 - 459 - 460 - 461 - 463 - 464 - 465 - 466 - 468 - 469 - 470 - 471 - 472 - 474 - 476 - 477 - 478 - 479 - 480 - 481 - 482 - 483 - 484 - 485 - 486 - 487 - 488 - 489 - 490 - 492 - 493 - 494 - 495 - 497 - 498 - 499,21466155.3,0.0,94099,95465,54.93,Cost: 94099 & Capacity: 95465
0 - 1 - 3 - 4 - 5 - 6 - 7 - 8 - 9 - 10 - 12 - 13 - 14 - 19 - 20 - 22 - 23 - 24 - 26 - 27 - 28 - 30 - 31 - 32 - 33 - 35 - 39 - 40 - 41 - 42 - 43 - 44 - 45 - 48 - 49 - 50 - 52 - 56 - 58 - 59 - 61 - 64 - 69 - 70 - 71 - 72 - 74 - 79 - 82 - 83 - 84 - 85 - 86 - 88 - 90 - 91 - 92 - 93 - 95 - 98 - 100 - 103 - 104 - 105 - 106 - 107 - 109 - 111 - 112 - 113 - 117 - 121 - 122 - 124 - 125 - 126 - 127 - 128 - 132 - 134 - 135 - 136 - 137 - 142 - 143 - 144 - 145 - 147 - 148 - 149 - 152 - 153 - 154 - 155 - 156 - 157 - 158 - 160 - 161 - 164 - 165 - 167 - 168 - 169 - 170 - 171 - 172 - 174 - 175 - 176 - 177 - 179 - 180 - 181 - 184 - 187 - 189 - 192 - 193 - 194 - 195 - 198 - 201 - 202 - 203 - 205 - 206 - 208 - 209 - 210 - 211 - 212 - 214 - 216 - 224 - 225 - 226 - 227 - 229 - 230 - 232 - 233 - 234 - 235 - 236 - 237 - 240 - 241 - 244 - 245 - 246 - 248 - 249 - 251 - 254 - 255 - 259 - 261 - 264 - 265 - 266 - 267 - 268 - 269 - 270 - 272 - 275 - 278 - 279 - 280 - 281 - 282 - 285 - 289 - 291 - 292 - 296 - 297 - 298 - 300 - 304 - 306 - 308 - 309 - 310 - 314 - 317 - 319 - 320 - 325 - 328 - 329 - 331 - 332 - 335 - 337 - 339 - 341 - 344 - 346 - 351 - 352 - 353 - 355 - 356 - 357 - 359 - 362 - 365 - 370 - 374 - 376 - 380 - 385 - 387 - 388 - 389 - 390 - 391 - 392 - 394 - 395 - 397 - 399 - 400 - 401 - 403 - 405 - 406 - 407 - 408 - 411 - 413 - 415 - 416 - 417 - 418 - 423 - 426 - 428 - 430 - 434 - 435 - 436 - 438 - 439 - 442 - 443 - 445 - 446 - 448 - 449 - 450 - 451 - 453 - 454 - 455 - 458 - 459 - 460 - 461 - 463 - 464 - 465 - 466 - 468 - 469 - 470 - 471 - 472 - 474 - 476 - 477 - 478 - 479 - 480 - 481 - 482 - 483 - 484 - 485 - 486 - 487 - 488 - 489 - 490 - 492 - 493 - 494 - 495 - 497 - 498 - 499,21466155.3,0.0,94099,95465,55.45,Cost: 94099 & Capacity: 95465
0 - 1 - 3 - 4 - 6 - 7 - 8 - 9 - 10 - 12 - 13 - 14 - 15 - 19 - 20 - 22 - 23 - 24 - 26 - 27 - 28 - 30 - 31 - 32 - 33 - 35 - 39 - 40 - 42 - 43 - 44 - 45 - 48 - 49 - 50 - 52 - 56 - 58 - 59 - 61 - 63 - 64 - 69 - 70 - 71 - 72 - 74 - 79 - 82 - 83 - 84 - 85 - 86 - 88 - 90 - 91 - 92 - 93 - 95 - 98 - 100 - 103 - 104 - 105 - 106 - 107 - 109 - 111 - 112 - 113 - 117 - 121 - 122 - 124 - 125 - 126 - 127 - 128 - 134 - 135 - 136 - 137 - 142 - 143 - 144 - 145 - 146 - 147 - 149 - 152 - 153 - 154 - 156 - 157 - 158 - 160 - 161 - 164 - 165 - 167 - 168 - 169 - 170 - 171 - 172 - 174 - 175 - 176 - 177 - 179 - 180 - 181 - 184 - 187 - 189 - 192 - 193 - 194 - 195 - 196 - 197 - 198 - 202 - 203 - 205 - 206 - 208 - 209 - 210 - 211 - 212 - 214 - 216 - 224 - 225 - 226 - 227 - 229 - 230 - 232 - 233 - 234 - 235 - 236 - 237 - 240 - 241 - 244 - 245 - 246 - 247 - 248 - 249 - 251 - 254 - 255 - 259 - 261 - 264 - 265 - 266 - 267 - 268 - 269 - 270 - 272 - 275 - 278 - 279 - 280 - 281 - 282 - 285 - 289 - 291 - 296 - 297 - 298 - 300 - 304 - 306 - 308 - 309 - 310 - 314 - 317 - 319 - 320 - 325 - 328 - 329 - 331 - 332 - 335 - 337 - 339 - 341 - 344 - 346 - 351 - 352 - 353 - 355 - 356 - 357 - 359 - 362 - 365 - 370 - 374 - 376 - 380 - 385 - 387 - 388 - 389 - 390 - 391 - 392 - 394 - 395 - 397 - 399 - 400 - 401 - 403 - 405 - 406 - 407 - 408 - 411 - 413 - 417 - 418 - 423 - 426 - 428 - 430 - 434 - 435 - 436 - 438 - 439 - 442 - 443 - 445 - 446 - 448 - 449 - 450 - 451 - 453 - 454 - 455 - 456 - 458 - 459 - 460 - 461 - 463 - 464 - 465 - 466 - 468 - 469 - 470 - 471 - 472 - 474 - 476 - 477 - 478 - 479 - 480 - 481 - 482 - 483 - 484 - 485 - 486 - 487 - 488 - 489 - 490 - 492 - 493 - 494 - 495 - 497 - 498 - 499,21113162.6,0.0,92183,94001,55.4,Cost: 92183 & Capacity: 94001
0 - 1 - 3 - 4 - 5 - 6 - 7 - 8 - 9 - 10 - 12 - 13 - 14 - 19 - 20 - 22 - 23 - 24 - 26 - 27 - 28 - 30 - 31 - 32 - 33 - 35 - 39 - 40 - 41 - 42 - 43 - 44 - 45 - 48 - 49 - 50 - 52 - 56 - 58 - 59 - 61 - 64 - 69 - 70 - 71 - 72 - 74 - 79 - 82 - 83 - 84 - 85 - 86 - 88 - 90 - 91 - 92 - 93 - 95 - 98 - 100 - 103 - 104 - 105 - 106 - 107 - 109 - 111 - 112 - 113 - 117 - 121 - 122 - 124 - 125 - 126 - 127 - 128 - 132 - 134 - 135 - 136 - 137 - 142 - 143 - 144 - 145 - 147 - 148 - 149 - 152 - 153 - 154 - 155 - 156 - 157 - 158 - 160 - 161 - 164 - 165 - 167 - 168 - 169 - 170 - 171 - 172 - 174 - 175 - 176 - 177 - 179 - 180 - 181 - 184 - 187 - 189 - 192 - 193 - 194 - 195 - 198 - 201 - 202 - 203 - 205 - 206 - 208 - 209 - 210 - 211 - 212 - 214 - 216 - 224 - 225 - 226 - 227 - 229 - 230 - 232 - 233 - 234 - 235 - 236 - 237 - 240 - 241 - 244 - 245 - 246 - 248 - 249 - 251 - 254 - 255 - 259 - 261 - 264 - 265 - 266 - 267 - 268 - 269 - 270 - 272 - 275 - 278 - 279 - 280 - 281 - 282 - 285 - 289 - 291 - 292 - 296 - 297 - 298 - 300 - 304 - 306 - 308 - 309 - 310 - 314 - 317 - 319 - 320 - 325 - 328 - 329 - 331 - 332 - 335 - 337 - 339 - 341 - 344 - 346 - 351 - 352 - 353 - 355 - 356 - 357 - 359 - 362 - 365 - 370 - 374 - 376 - 380 - 385 - 387 - 388 - 389 - 390 - 391 - 392 - 394 - 395 - 397 - 399 - 400 - 401 - 403 - 405 - 406 - 407 - 408 - 411 - 413 - 415 - 416 - 417 - 418 - 423 - 426 - 428 - 430 - 434 - 435 - 436 - 438 - 439 - 442 - 443 - 445 - 446 - 448 - 449 - 450 - 451 - 453 - 454 - 455 - 458 - 459 - 460 - 461 - 463 - 464 - 465 - 466 - 468 - 469 - 470 - 471 - 472 - 474 - 476 - 477 - 478 - 479 - 480 - 481 - 482 - 483 - 484 - 485 - 486 - 487 - 488 - 489 - 490 - 492 - 493 - 494 - 495 - 497 - 498 - 499,21466155.3,0.0,94099,95465,56.1,Cost: 94099 & Capacity: 95465
0 - 1 - 3 - 4 - 5 - 6 - 7 - 8 - 9 - 10 - 12 - 13 - 14 - 19 - 20 - 22 - 23 - 24 - 26 - 27 - 28 - 30 - 31 - 32 - 33 - 35 - 39 - 40 - 41 - 42 - 43 - 44 - 45 - 48 - 49 - 50 - 52 - 56 - 58 - 59 - 61 - 64 - 69 - 70 - 71 - 72 - 74 - 79 - 82 - 83 - 84 - 85 - 86 - 88 - 90 - 91 - 92 - 93 - 95 - 98 - 100 - 103 - 104 - 105 - 106 - 107 - 109 - 111 - 112 - 113 - 117 - 121 - 122 - 124 - 125 - 126 - 127 - 128 - 132 - 134 - 135 - 136 - 137 - 142 - 143 - 144 - 145 - 147 - 148 - 149 - 152 - 153 - 154 - 155 - 156 - 157 - 158 - 160 - 161 - 164 - 165 - 167 - 168 - 169 - 170 - 171 - 172 - 174 - 175 - 176 - 177 - 179 - 180 - 181 - 184 - 187 - 189 - 192 - 193 - 194 - 195 - 198 - 201 - 202 - 203 - 205 - 206 - 208 - 209 - 210 - 211 - 212 - 214 - 216 - 224 - 225 - 226 - 227 - 229 - 230 - 232 - 233 - 234 - 235 - 236 - 237 - 240 - 241 - 244 - 245 - 246 - 248 - 249 - 251 - 254 - 255 - 259 - 261 - 264 - 265 - 266 - 267 - 268 - 269 - 270 - 272 - 275 - 278 - 279 - 280 - 281 - 282 - 285 - 289 - 291 - 292 - 296 - 297 - 298 - 300 - 304 - 306 - 308 - 309 - 310 - 314 - 317 - 319 - 320 - 325 - 328 - 329 - 331 - 332 - 335 - 337 - 339 - 341 - 344 - 346 - 351 - 352 - 353 - 355 - 356 - 357 - 359 - 362 - 365 - 370 - 374 - 376 - 380 - 385 - 387 - 388 - 389 - 390 - 391 - 392 - 394 - 395 - 397 - 399 - 400 - 401 - 403 - 405 - 406 - 407 - 408 - 411 - 413 - 415 - 416 - 417 - 418 - 423 - 426 - 428 - 430 - 434 - 435 - 436 - 438 - 439 - 442 - 443 - 445 - 446 - 448 - 449 - 450 - 451 - 453 - 454 - 455 - 458 - 459 - 460 - 461 - 463 - 464 - 465 - 466 - 468 - 469 - 470 - 471 - 472 - 474 - 476 - 477 - 478 - 479 - 480 - 481 - 482 - 483 - 484 - 485 - 486 - 487 - 488 - 489 - 490 - 492 - 493 - 494 - 495 - 497 - 498 - 499,21466155.3,0.0,94099,95465,60.93,Cost: 94099 & Capacity: 95465
0 - 1 - 3 - 4 - 6 - 7 - 9 - 10 - 12 - 13 - 14 - 15 - 19 - 20 - 22 - 23 - 24 - 26 - 27 - 28 - 30 - 31 - 32 - 33 - 35 - 39 - 40 - 42 - 43 - 44 - 45 - 48 - 49 - 50 - 52 - 56 - 58 - 59 - 61 - 63 - 64 - 69 - 70 - 71 - 72 - 74 - 79 - 82 - 83 - 84 - 85 - 86 - 88 - 90 - 91 - 92 - 93 - 95 - 98 - 100 - 103 - 104 - 105 - 106 - 107 - 109 - 111 - 112 - 113 - 117 - 121 - 122 - 124 - 125 - 126 - 127 - 128 - 134 - 135 - 136 - 137 - 142 - 143 - 144 - 145 - 146 - 147 - 149 - 152 - 154 - 156 - 157 - 158 - 160 - 161 - 164 - 165 - 167 - 168 - 169 - 170 - 171 - 172 - 174 - 175 - 176 - 177 - 179 - 180 - 181 - 184 - 187 - 189 - 192 - 193 - 194 - 195 - 196 - 197 - 198 - 201 - 202 - 203 - 205 - 206 - 208 - 209 - 210 - 211 - 212 - 214 - 216 - 224 - 225 - 226 - 227 - 229 - 230 - 232 - 233 - 234 - 235 - 236 - 237 - 240 - 241 - 244 - 245 - 246 - 247 - 248 - 249 - 251 - 254 - 255 - 259 - 261 - 264 - 265 - 266 - 267 - 268 - 269 - 270 - 272 - 275 - 278 - 279 - 280 - 281 - 282 - 285 - 289 - 291 - 296 - 297 - 298 - 300 - 304 - 306 - 308 - 309 - 310 - 314 - 317 - 319 - 320 - 325 - 328 - 329 - 331 - 332 - 335 - 337 - 339 - 341 - 344 - 346 - 351 - 352 - 353 - 355 - 356 - 357 - 359 - 362 - 365 - 370 - 374 - 376 - 380 - 385 - 387 - 388 - 389 - 390 - 391 - 392 - 394 - 395 - 397 - 399 - 400 - 401 - 403 - 405 - 406 - 407 - 408 - 411 - 413 - 417 - 418 - 423 - 426 - 428 - 430 - 434 - 435 - 436 - 438 - 439 - 442 - 443 - 445 - 446 - 448 - 449 - 450 - 451 - 453 - 454 - 455 - 456 - 458 - 459 - 460 - 461 - 463 - 464 - 465 - 466 - 468 - 469 - 470 - 471 - 472 - 474 - 476 - 477 - 478 - 479 - 480 - 481 - 482 - 483 - 484 - 485 - 486 - 487 - 488 - 489 - 490 - 492 - 493 - 494 - 495 - 497 - 498 - 499,20958831.7,0.0,91540,92999,61.33,Cost: 91540 & Capacity: 92999
0 - 1 - 3 - 4 - 5 - 6 - 7 - 8 - 9 - 10 - 12 - 13 - 14 - 19 - 20 - 22 - 23 - 24 - 26 - 27 - 28 - 30 - 31 - 32 - 33 - 35 - 39 - 40 - 41 - 42 - 43 - 44 - 45 - 48 - 49 - 50 - 52 - 56 - 58 - 59 - 61 - 64 - 69 - 70 - 71 - 72 - 74 - 79 - 82 - 83 - 84 - 85 - 86 - 88 - 90 - 91 - 92 - 93 - 95 - 98 - 100 - 103 - 104 - 105 - 106 - 107 - 109 - 111 - 112 - 113 - 117 - 121 - 122 - 124 - 125 - 126 - 127 - 128 - 132 - 134 - 135 - 136 - 137 - 142 - 143 - 144 - 145 - 147 - 148 - 149 - 152 - 153 - 154 - 155 - 156 - 157 - 158 - 160 - 161 - 164 - 165 - 167 - 168 - 169 - 170 - 171 - 172 - 174 - 175 - 176 - 177 - 179 - 180 - 181 - 184 - 187 - 189 - 192 - 193 - 194 - 195 - 198 - 201 - 202 - 203 - 205 - 206 - 208 - 209 - 210 - 211 - 212 - 214 - 216 - 224 - 225 - 226 - 227 - 229 - 230 - 232 - 233 - 234 - 235 - 236 - 237 - 240 - 241 - 244 - 245 - 246 - 248 - 249 - 251 - 254 - 255 - 259 - 261 - 264 - 265 - 266 - 267 - 268 - 269 - 270 - 272 - 275 - 278 - 279 - 280 - 281 - 282 - 285 - 289 - 291 - 292 - 296 - 297 - 298 - 300 - 304 - 306 - 308 - 309 - 310 - 314 - 317 - 319 - 320 - 325 - 328 - 329 - 331 - 332 - 335 - 337 - 339 - 341 - 344 - 346 - 351 - 352 - 353 - 355 - 356 - 357 - 359 - 362 - 365 - 370 - 374 - 376 - 380 - 385 - 387 - 388 - 389 - 390 - 391 - 392 - 394 - 395 - 397 - 399 - 400 - 401 - 403 - 405 - 406 - 407 - 408 - 411 - 413 - 415 - 416 - 417 - 418 - 423 - 426 - 428 - 430 - 434 - 435 - 436 - 438 - 439 - 442 - 443 - 445 - 446 - 448 - 449 - 450 - 451 - 453 - 454 - 455 - 458 - 459 - 460 - 461 - 463 - 464 - 465 - 466 - 468 - 469 - 470 - 471 - 472 - 474 - 476 - 477 - 478 - 479 - 480 - 481 - 482 - 483 - 484 - 485 - 486 - 487 - 488 - 489 - 490 - 492 - 493 - 494 - 495 - 497 - 498 - 499,21466155.3,0.0,94099,95465,61.72,Cost: 94099 & Capacity: 95465
0 - 1 - 3 - 4 - 5 - 6 - 7 - 8 - 10 - 12 - 13 - 14 - 17 - 20 - 22 - 23 - 24 - 26 - 27 - 28 - 30 - 31 - 32 - 33 - 35 - 39 - 40 - 41 - 42 - 44 - 45 - 47 - 48 - 49 - 50 - 56 - 58 - 59 - 61 - 64 - 69 - 70 - 71 - 72 - 74 - 79 - 82 - 83 - 85 - 86 - 90 - 91 - 92 - 93 - 95 - 98 - 99 - 100 - 104 - 105 - 106 - 107 - 111 - 112 - 113 - 117 - 121 - 122 - 125 - 126 - 128 - 132 - 134 - 135 - 136 - 137 - 142 - 143 - 144 - 145 - 147 - 149 - 152 - 154 - 157 - 158 - 162 - 164 - 165 - 167 - 168 - 169 - 170 - 171 - 172 - 174 - 175 - 176 - 180 - 181 - 184 - 187 - 189 - 192 - 193 - 194 - 195 - 196 - 198 - 201 - 202 - 203 - 205 - 206 - 208 - 209 - 210 - 211 - 212 - 216 - 220 - 221 - 224 - 225 - 226 - 229 - 230 - 233 - 234 - 235 - 236 - 237 - 240 - 241 - 242 - 243 - 245 - 246 - 248 - 249 - 250 - 251 - 254 - 255 - 257 - 259 - 261 - 264 - 265 - 266 - 267 - 269 - 270 - 272 - 275 - 278 - 279 - 280 - 281 - 282 - 283 - 285 - 289 - 291 - 292 - 296 - 297 - 298 - 304 - 306 - 307 - 308 - 309 - 310 - 314 - 317 - 319 - 320 - 324 - 325 - 327 - 328 - 329 - 331 - 332 - 335 - 337 - 338 - 339 - 341 - 344 - 346 - 351 - 352 - 355 - 356 - 357 - 359 - 362 - 365 - 370 - 373 - 374 - 376 - 385 - 386 - 387 - 388 - 389 - 390 - 391 - 392 - 394 - 395 - 397 - 399 - 400 - 401 - 403 - 405 - 406 - 407 - 408 - 411 - 413 - 415 - 416 - 417 - 418 - 423 - 428 - 434 - 435 - 438 - 439 - 442 - 443 - 445 - 446 - 448 - 449 - 451 - 453 - 455 - 458 - 459 - 460 - 461 - 463 - 464 - 465 - 466 - 468 - 470 - 471 - 472 - 475 - 476 - 478 - 479 - 480 - 481 - 482 - 483 - 484 - 485 - 486 - 487 - 488 - 489 - 490 - 492 - 493 - 494 - 495 - 498 - 499,19249186.0,0.7,94086,93125,64.2,Cost: 94086 & Capacity: 93125
0 - 1 - 3 - 4 - 5 - 6 - 7 - 8 - 9 - 10 - 12 - 13 - 14 - 19 - 20 - 22 - 23 - 24 - 26 - 27 - 28 - 30 - 31 - 32 - 33 - 35 - 39 - 40 - 41 - 42 - 43 - 44 - 45 - 48 - 49 - 50 - 52 - 56 - 58 - 59 - 61 - 64 - 69 - 70 - 71 - 72 - 74 - 79 - 82 - 83 - 84 - 85 - 86 - 88 - 90 - 91 - 92 - 93 - 95 - 98 - 100 - 103 - 104 - 105 - 106 - 107 - 109 - 111 - 112 - 113 - 117 - 121 - 122 - 124 - 125 - 126 - 127 - 128 - 132 - 134 - 135 - 136 - 137 - 142 - 143 - 144 - 145 - 147 - 148 - 149 - 152 - 153 - 154 - 155 - 156 - 157 - 158 - 160 - 161 - 164 - 165 - 167 - 168 - 169 - 170 - 171 - 172 - 174 - 175 - 176 - 177 - 179 - 180 - 181 - 184 - 187 - 189 - 192 - 193 - 194 - 195 - 198 - 201 - 202 - 203 - 205 - 206 - 208 - 209 - 210 - 211 - 212 - 214 - 216 - 224 - 225 - 226 - 227 - 229 - 230 - 232 - 233 - 234 - 235 - 236 - 237 - 240 - 241 - 244 - 245 - 246 - 248 - 249 - 251 - 254 - 255 - 259 - 261 - 264 - 265 - 266 - 267 - 268 - 269 - 270 - 272 - 275 - 278 - 279 - 280 - 281 - 282 - 285 - 289 - 291 - 292 - 296 - 297 - 298 - 300 - 304 - 306 - 308 - 309 - 310 - 314 - 317 - 319 - 320 - 325 - 328 - 329 - 331 - 332 - 335 - 337 - 339 - 341 - 344 - 346 - 351 - 352 - 353 - 355 - 356 - 357 - 359 - 362 - 365 - 370 - 374 - 376 - 380 - 385 - 387 - 388 - 389 - 390 - 391 - 392 - 394 - 395 - 397 - 399 - 400 - 401 - 403 - 405 - 406 - 407 - 408 - 411 - 413 - 415 - 416 - 417 - 418 - 423 - 426 - 428 - 430 - 434 - 435 - 436 - 438 - 439 - 442 - 443 - 445 - 446 - 448 - 449 - 450 - 451 - 453 - 454 - 455 - 458 - 459 - 460 - 461 - 463 - 464 - 465 - 466 - 468 - 469 - 470 - 471 - 472 - 474 - 476 - 477 - 478 - 479 - 480 - 481 - 482 - 483 - 484 - 485 - 486 - 487 - 488 - 489 - 490 - 492 - 493 - 494 - 495 - 497 - 498 - 499,21466155.3,0.0,94099,95465,64.42,Cost: 94099 & Capacity: 95465
0 - 6 - 8 - 10 - 13 - 15 - 20 - 22 - 24 - 26 - 27 - 31 - 34 - 37 - 38 - 40 - 44 - 46 - 53 - 58 - 61 - 64 - 72 - 76 - 79 - 81 - 82 - 84 - 86 - 95 - 96 - 98 - 99 - 100 - 102 - 107 - 108 - 109 - 112 - 113 - 117 - 122 - 126 - 134 - 136 - 144 - 147 - 150 - 155 - 162 - 165 - 169 - 172 - 173 - 174 - 175 - 176 - 180 - 184 - 185 - 189 - 192 - 193 - 195 - 196 - 198 - 199 - 202 - 206 - 208 - 216 - 217 - 225 - 226 - 227 - 229 - 233 - 234 - 236 - 243 - 244 - 248 - 249 - 250 - 252 - 254 - 257 - 260 - 266 - 267 - 275 - 276 - 280 - 286 - 298 - 299 - 301 - 304 - 307 - 311 - 314 - 315 - 316 - 317 - 318 - 327 - 328 - 329 - 332 - 333 - 334 - 336 - 337 - 341 - 342 - 343 - 344 - 346 - 348 - 349 - 357 - 361 - 365 - 373 - 379 - 380 - 384 - 385 - 387 - 388 - 391 - 392 - 395 - 396 - 399 - 400 - 405 - 407 - 408 - 410 - 413 - 415 - 416 - 418 - 420 - 425 - 428 - 431 - 432 - 434 - 436 - 439 - 441 - 442 - 443 - 446 - 448 - 452 - 455 - 456 - 458 - 461 - 463 - 464 - 465 - 468 - 471 - 472 - 473 - 475 - 480 - 481 - 482 - 484 - 486 - 487 - 488 - 490 - 494 - 495 - 496 - 498,8325021.8,9.3,94095,83361,65.3,Cost: 94095 & Capacity: 83361
0 - 3 - 6 - 8 - 10 - 15 - 20 - 22 - 24 - 26 - 27 - 29 - 31 - 34 - 37 - 38 - 40 - 44 - 46 - 53 - 58 - 61 - 64 - 66 - 72 - 79 - 81 - 82 - 84 - 86 - 95 - 98 - 99 - 100 - 102 - 107 - 108 - 109 - 112 - 113 - 117 - 122 - 126 - 134 - 136 - 144 - 147 - 150 - 155 - 165 - 169 - 172 - 173 - 174 - 175 - 176 - 180 - 184 - 185 - 189 - 192 - 193 - 195 - 196 - 198 - 199 - 206 - 208 - 216 - 217 - 225 - 226 - 227 - 229 - 233 - 234 - 236 - 243 - 244 - 248 - 249 - 250 - 252 - 254 - 257 - 266 - 267 - 275 - 276 - 280 - 286 - 293 - 298 - 299 - 301 - 304 - 307 - 311 - 314 - 315 - 316 - 317 - 318 - 324 - 327 - 328 - 329 - 330 - 332 - 333 - 334 - 337 - 341 - 342 - 343 - 344 - 346 - 348 - 349 - 357 - 361 - 365 - 373 - 379 - 380 - 384 - 385 - 387 - 388 - 391 - 392 - 395 - 396 - 399 - 400 - 405 - 407 - 408 - 410 - 413 - 415 - 416 - 418 - 420 - 425 - 428 - 431 - 432 - 434 - 436 - 439 - 441 - 442 - 443 - 446 - 448 - 450 - 452 - 455 - 456 - 458 - 463 - 464 - 465 - 468 - 471 - 472 - 473 - 475 - 480 - 481 - 482 - 484 - 486 - 487 - 488 - 490 - 495 - 496 - 498,8120203.1,9.6,94068,82389,65.33,Cost: 94068 & Capacity: 82389
0 - 1 - 3 - 4 - 6 - 7 - 9 - 10 - 12 - 13 - 14 - 15 - 19 - 20 - 22 - 23 - 24 - 26 - 27 - 28 - 30 - 31 - 32 - 33 - 35 - 39 - 40 - 42 - 43 - 44 - 45 - 48 - 49 - 50 - 52 - 56 - 58 - 59 - 61 - 63 - 64 - 69 - 70 - 71 - 72 - 74 - 79 - 82 - 83 - 84 - 85 - 86 - 88 - 90 - 91 - 92 - 93 - 95 - 98 - 100 - 103 - 104 - 105 - 106 - 107 - 109 - 111 - 112 - 113 - 117 - 121 - 122 - 124 - 125 - 126 - 127 - 128 - 134 - 135 - 136 - 137 - 142 - 143 - 144 - 145 - 146 - 147 - 149 - 152 - 153 - 154 - 156 - 157 - 158 - 160 - 161 - 164 - 165 - 167 - 168 - 169 - 170 - 171 - 172 - 174 - 175 - 176 - 177 - 179 - 180 - 181 - 184 - 187 - 189 - 192 - 193 - 194 - 195 - 196 - 197 - 198 - 201 - 202 - 203 - 205 - 206 - 208 - 209 - 210 - 211 - 212 - 214 - 216 - 224 - 225 - 226 - 227 - 229 - 230 - 232 - 233 - 234 - 235 - 236 - 237 - 240 - 241 - 244 - 245 - 246 - 248 - 249 - 251 - 254 - 255 - 259 - 261 - 264 - 265 - 266 - 267 - 268 - 269 - 270 - 272 - 275 - 278 - 279 - 280 - 281 - 282 - 285 - 289 - 291 - 296 - 297 - 298 - 300 - 304 - 306 - 308 - 309 - 310 - 314 - 317 - 319 - 320 - 325 - 328 - 329 - 331 - 332 - 335 - 337 - 339 - 341 - 344 - 346 - 351 - 352 - 353 - 355 - 356 - 357 - 359 - 362 - 365 - 370 - 374 - 376 - 380 - 385 - 387 - 388 - 389 - 390 - 391 - 392 - 394 - 395 - 397 - 399 - 400 - 401 - 403 - 404 - 405 - 406 - 407 - 408 - 411 - 413 - 417 - 418 - 423 - 426 - 428 - 430 - 434 - 435 - 436 - 438 - 439 - 442 - 443 - 445 - 446 - 448 - 449 - 450 - 451 - 453 - 454 - 455 - 456 - 458 - 459 - 460 - 461 - 463 - 464 - 465 - 466 - 468 - 469 - 470 - 471 - 472 - 474 - 476 - 477 - 478 - 479 - 480 - 481 - 482 - 483 - 484 - 485 - 486 - 487 - 488 - 489 - 490 - 492 - 493 - 494 - 495 - 497 - 498 - 499,21109491.7,0.0,92190,94362,65.39,Cost: 92190 & Capacity: 94362
0 - 1 - 3 - 4 - 5 - 6 - 7 - 8 - 9 - 10 - 12 - 13 - 14 - 19 - 20 - 22 - 23 - 24 - 26 - 27 - 28 - 30 - 31 - 32 - 33 - 35 - 39 - 40 - 41 - 42 - 43 - 44 - 45 - 48 - 49 - 50 - 52 - 56 - 58 - 59 - 61 - 64 - 69 - 70 - 71 - 72 - 74 - 79 - 82 - 83 - 84 - 85 - 86 - 88 - 90 - 91 - 92 - 93 - 95 - 98 - 100 - 103 - 104 - 105 - 106 - 107 - 109 - 111 - 112 - 113 - 117 - 121 - 122 - 124 - 125 - 126 - 127 - 128 - 132 - 134 - 135 - 136 - 137 - 142 - 143 - 144 - 145 - 147 - 148 - 149 - 152 - 153 - 154 - 155 - 156 - 157 - 158 - 160 - 161 - 164 - 165 - 167 - 168 - 169 - 170 - 171 - 172 - 174 - 175 - 176 - 177 - 179 - 180 - 181 - 184 - 187 - 189 - 192 - 193 - 194 - 195 - 198 - 201 - 202 - 203 - 205 - 206 - 208 - 209 - 210 - 211 - 212 - 214 - 216 - 224 - 225 - 226 - 227 - 229 - 230 - 232 - 233 - 234 - 235 - 236 - 237 - 240 - 241 - 244 - 245 - 246 - 248 - 249 - 251 - 254 - 255 - 259 - 261 - 264 - 265 - 266 - 267 - 268 - 269 - 270 - 272 - 275 - 278 - 279 - 280 - 281 - 282 - 285 - 289 - 291 - 292 - 296 - 297 - 298 - 300 - 304 - 306 - 308 - 309 - 310 - 314 - 317 - 319 - 320 - 325 - 328 - 329 - 331 - 332 - 335 - 337 - 339 - 341 - 344 - 346 - 351 - 352 - 353 - 355 - 356 - 357 - 359 - 362 - 365 - 370 - 374 - 376 - 380 - 385 - 387 - 388 - 389 - 390 - 391 - 392 - 394 - 395 - 397 - 399 - 400 - 401 - 403 - 405 - 406 - 407 - 408 - 411 - 413 - 415 - 416 - 417 - 418 - 423 - 426 - 428 - 430 - 434 - 435 - 436 - 438 - 439 - 442 - 443 - 445 - 446 - 448 - 449 - 450 - 451 - 453 - 454 - 455 - 458 - 459 - 460 - 461 - 463 - 464 - 465 - 466 - 468 - 469 - 470 - 471 - 472 - 474 - 476 - 477 - 478 - 479 - 480 - 481 - 482 - 483 - 484 - 485 - 486 - 487 - 488 - 489 - 490 - 492 - 493 - 494 - 495 - 497 - 498 - 499,21466155.3,0.0,94099,95465,65.54,Cost: 94099 & Capacity: 95465
0 - 1 - 3 - 4 - 5 - 6 - 8 - 10 - 12 - 13 - 14 - 20 - 23 - 26 - 27 - 28 - 30 - 31 - 33 - 39 - 40 - 41 - 42 - 44 - 45 - 47 - 48 - 49 - 50 - 56 - 58 - 64 - 69 - 70 - 71 - 72 - 73 - 74 - 79 - 81 - 82 - 83 - 85 - 92 - 93 - 95 - 98 - 100 - 104 - 105 - 106 - 107 - 109 - 112 - 114 - 117 - 121 - 122 - 123 - 125 - 126 - 128 - 135 - 136 - 144 - 145 - 147 - 152 - 154 - 163 - 164 - 165 - 167 - 174 - 175 - 176 - 180 - 181 - 184 - 189 - 192 - 193 - 194 - 198 - 199 - 201 - 203 - 205 - 206 - 208 - 209 - 210 - 211 - 212 - 216 - 217 - 225 - 229 - 230 - 233 - 234 - 235 - 236 - 237 - 240 - 241 - 243 - 244 - 245 - 247 - 248 - 249 - 250 - 251 - 254 - 255 - 257 - 259 - 260 - 265 - 266 - 267 - 269 - 270 - 272 - 275 - 276 - 279 - 280 - 282 - 283 - 289 - 291 - 292 - 296 - 297 - 304 - 307 - 308 - 309 - 315 - 317 - 319 - 323 - 324 - 325 - 328 - 329 - 331 - 335 - 336 - 337 - 338 - 340 - 341 - 342 - 344 - 346 - 347 - 348 - 351 - 352 - 355 - 356 - 357 - 360 - 362 - 365 - 370 - 373 - 374 - 380 - 386 - 387 - 389 - 391 - 392 - 394 - 395 - 396 - 397 - 399 - 400 - 401 - 403 - 405 - 407 - 408 - 413 - 415 - 416 - 417 - 423 - 425 - 427 - 428 - 429 - 430 - 431 - 434 - 438 - 439 - 441 - 442 - 443 - 444 - 445 - 446 - 448 - 449 - 450 - 454 - 455 - 456 - 458 - 465 - 470 - 471 - 472 - 475 - 479 - 481 - 482 - 483 - 485 - 486 - 487 - 488 - 490 - 494 - 496 - 497 - 499,13704603.5,3.3,94097,84282,67.41,Cost: 94097 & Capacity: 84282
0 - 1 - 4 - 5 - 6 - 8 - 10 - 12 - 13 - 14 - 17 - 20 - 22 - 23 - 26 - 27 - 28 - 30 - 31 - 33 - 35 - 39 - 40 - 41 - 42 - 44 - 45 - 47 - 48 - 49 - 50 - 56 - 58 - 63 - 64 - 69 - 70 - 72 - 73 - 74 - 79 - 82 - 83 - 85 - 92 - 93 - 95 - 96 - 98 - 99 - 100 - 104 - 105 - 106 - 107 - 112 - 117 - 121 - 122 - 123 - 125 - 126 - 128 - 132 - 135 - 136 - 144 - 145 - 148 - 152 - 154 - 163 - 164 - 165 - 167 - 175 - 176 - 181 - 184 - 189 - 192 - 193 - 194 - 198 - 201 - 203 - 205 - 206 - 208 - 209 - 210 - 211 - 212 - 216 - 217 - 219 - 220 - 225 - 229 - 230 - 233 - 234 - 235 - 236 - 237 - 241 - 243 - 244 - 245 - 247 - 248 - 249 - 250 - 251 - 254 - 255 - 257 - 259 - 260 - 263 - 264 - 265 - 267 - 269 - 270 - 272 - 275 - 279 - 280 - 282 - 283 - 289 - 291 - 292 - 296 - 297 - 304 - 307 - 308 - 309 - 315 - 317 - 319 - 323 - 324 - 325 - 328 - 329 - 331 - 335 - 336 - 337 - 338 - 340 - 341 - 342 - 344 - 346 - 347 - 348 - 351 - 352 - 356 - 357 - 359 - 360 - 362 - 365 - 370 - 373 - 374 - 380 - 386 - 387 - 389 - 391 - 392 - 394 - 395 - 396 - 397 - 399 - 400 - 401 - 403 - 405 - 407 - 408 - 411 - 413 - 415 - 416 - 417 - 423 - 427 - 428 - 429 - 431 - 434 - 438 - 439 - 441 - 442 - 443 - 444 - 445 - 446 - 448 - 449 - 450 - 454 - 455 - 456 - 458 - 465 - 470 - 471 - 472 - 475 - 479 - 481 - 482 - 483 - 485 - 486 - 487 - 488 - 490 - 494 - 495 - 496 - 499,13570231.2,4.0,94033,83907,67.45,Cost: 94033 & Capacity: 83907
0 - 1 - 3 - 4 - 5 - 6 - 7 - 8 - 9 - 10 - 12 - 13 - 14 - 19 - 20 - 22 - 23 - 24 - 26 - 27 - 28 - 30 - 31 - 32 - 33 - 35 - 39 - 40 - 41 - 42 - 43 - 44 - 45 - 48 - 49 - 50 - 52 - 56 - 58 - 59 - 61 - 64 - 69 - 70 - 71 - 72 - 74 - 79 - 82 - 83 - 84 - 85 - 86 - 88 - 90 - 91 - 92 - 93 - 95 - 98 - 100 - 103 - 104 - 105 - 106 - 107 - 109 - 111 - 112 - 113 - 117 - 121 - 122 - 124 - 125 - 126 - 127 - 128 - 132 - 134 - 135 - 136 - 137 - 142 - 143 - 144 - 145 - 147 - 148 - 149 - 152 - 153 - 154 - 155 - 156 - 157 - 158 - 160 - 161 - 164 - 165 - 167 - 168 - 169 - 170 - 171 - 172 - 174 - 175 - 176 - 177 - 179 - 180 - 181 - 184 - 187 - 189 - 192 - 193 - 194 - 195 - 198 - 201 - 202 - 203 - 205 - 206 - 208 - 209 - 210 - 211 - 212 - 214 - 216 - 224 - 225 - 226 - 227 - 229 - 230 - 232 - 233 - 234 - 235 - 236 - 237 - 240 - 241 - 244 - 245 - 246 - 248 - 249 - 251 - 254 - 255 - 259 - 261 - 264 - 265 - 266 - 267 - 268 - 269 - 270 - 272 - 275 - 278 - 279 - 280 - 281 - 282 - 285 - 289 - 291 - 292 - 296 - 297 - 298 - 300 - 304 - 306 - 308 - 309 - 310 - 314 - 317 - 319 - 320 - 325 - 328 - 329 - 331 - 332 - 335 - 337 - 339 - 341 - 344 - 346 - 351 - 352 - 353 - 355 - 356 - 357 - 359 - 362 - 365 - 370 - 374 - 376 - 380 - 385 - 387 - 388 - 389 - 390 - 391 - 392 - 394 - 395 - 397 - 399 - 400 - 401 - 403 - 405 - 406 - 407 - 408 - 411 - 413 - 415 - 416 - 417 - 418 - 423 - 426 - 428 - 430 - 434 - 435 - 436 - 438 - 439 - 442 - 443 - 445 - 446 - 448 - 449 - 450 - 451 - 453 - 454 - 455 - 458 - 459 - 460 - 461 - 463 - 464 - 465 - 466 - 468 - 469 - 470 - 471 - 472 - 474 - 476 - 477 - 478 - 479 - 480 - 481 - 482 - 483 - 484 - 485 - 486 - 487 - 488 - 489 - 490 - 492 - 493 - 494 - 495 - 497 - 498 - 499,21466155.3,0.0,94099,95465,68.17,Cost: 94099 & Capacity: 95465
0 - 1 - 3 - 4 - 5 - 6 - 7 - 8 - 9 - 10 - 12 - 13 - 14 - 19 - 20 - 22 - 23 - 24 - 26 - 27 - 28 - 30 - 31 - 32 - 33 - 35 - 39 - 40 - 41 - 42 - 43 - 44 - 45 - 48 - 49 - 50 - 52 - 56 - 58 - 59 - 61 - 64 - 69 - 70 - 71 - 72 - 74 - 79 - 82 - 83 - 84 - 85 - 86 - 88 - 90 - 91 - 92 - 93 - 95 - 98 - 100 - 103 - 104 - 105 - 106 - 107 - 109 - 111 - 112 - 113 - 117 - 121 - 122 - 124 - 125 - 126 - 127 - 128 - 132 - 134 - 135 - 136 - 137 - 142 - 143 - 144 - 145 - 147 - 148 - 149 - 152 - 153 - 154 - 155 - 156 - 157 - 158 - 160 - 161 - 164 - 165 - 167 - 168 - 169 - 170 - 171 - 172 - 174 - 175 - 176 - 177 - 179 - 180 - 181 - 184 - 187 - 189 - 192 - 193 - 194 - 195 - 198 - 201 - 202 - 203 - 205 - 206 - 208 - 209 - 210 - 211 - 212 - 214 - 216 - 224 - 225 - 226 - 227 - 229 - 230 - 232 - 233 - 234 - 235 - 236 - 237 - 240 - 241 - 244 - 245 - 246 - 248 - 249 - 251 - 254 - 255 - 259 - 261 - 264 - 265 - 266 - 267 - 268 - 269 - 270 - 272 - 275 - 278 - 279 - 280 - 281 - 282 - 285 - 289 - 291 - 292 - 296 - 297 - 298 - 300 - 304 - 306 - 308 - 309 - 310 - 314 - 317 - 319 - 320 - 325 - 328 - 329 - 331 - 332 - 335 - 337 - 339 - 341 - 344 - 346 - 351 - 352 - 353 - 355 - 356 - 357 - 359 - 362 - 365 - 370 - 374 - 376 - 380 - 385 - 387 - 388 - 389 - 390 - 391 - 392 - 394 - 395 - 397 - 399 - 400 - 401 - 403 - 405 - 406 - 407 - 408 - 411 - 413 - 415 - 416 - 417 - 418 - 423 - 426 - 428 - 430 - 434 - 435 - 436 - 438 - 439 - 442 - 443 - 445 - 446 - 448 - 449 - 450 - 451 - 453 - 454 - 455 - 458 - 459 - 460 - 461 - 463 - 464 - 465 - 466 - 468 - 469 - 470 - 471 - 472 - 474 - 476 - 477 - 478 - 479 - 480 - 481 - 482 - 483 - 484 - 485 - 486 - 487 - 488 - 489 - 490 - 492 - 493 - 494 - 495 - 497 - 498 - 499,21466155.3,0.0,94099,95465,68.51,Cost: 94099 & Capacity: 95465
0 - 3 - 4 - 5 - 6 - 7 - 8 - 10 - 12 - 13 - 14 - 20 - 22 - 23 - 24 - 26 - 27 - 28 - 30 - 31 - 32 - 33 - 39 - 40 - 41 - 42 - 44 - 45 - 47 - 48 - 49 - 50 - 52 - 56 - 58 - 59 - 61 - 64 - 69 - 70 - 71 - 72 - 74 - 79 - 82 - 83 - 85 - 90 - 92 - 93 - 95 - 96 - 98 - 100 - 104 - 105 - 106 - 107 - 109 - 111 - 112 - 113 - 117 - 121 - 122 - 125 - 126 - 128 - 133 - 134 - 135 - 136 - 137 - 142 - 143 - 144 - 145 - 147 - 148 - 149 - 152 - 154 - 157 - 158 - 164 - 165 - 167 - 168 - 169 - 170 - 171 - 172 - 174 - 175 - 176 - 180 - 181 - 184 - 187 - 189 - 192 - 193 - 194 - 195 - 198 - 201 - 202 - 203 - 205 - 206 - 208 - 209 - 210 - 211 - 212 - 216 - 217 - 220 - 224 - 225 - 226 - 227 - 229 - 230 - 233 - 234 - 235 - 236 - 237 - 240 - 241 - 242 - 243 - 245 - 246 - 248 - 249 - 250 - 251 - 254 - 255 - 257 - 259 - 261 - 264 - 265 - 266 - 267 - 269 - 270 - 272 - 275 - 276 - 279 - 280 - 281 - 282 - 283 - 285 - 289 - 291 - 292 - 296 - 297 - 298 - 304 - 307 - 308 - 309 - 310 - 314 - 317 - 319 - 320 - 324 - 325 - 327 - 328 - 329 - 331 - 332 - 335 - 337 - 338 - 339 - 341 - 344 - 346 - 351 - 352 - 355 - 356 - 357 - 359 - 362 - 365 - 370 - 373 - 374 - 376 - 385 - 386 - 387 - 388 - 389 - 390 - 391 - 392 - 394 - 395 - 397 - 399 - 400 - 401 - 403 - 405 - 406 - 407 - 408 - 411 - 413 - 415 - 416 - 417 - 418 - 423 - 427 - 428 - 434 - 438 - 439 - 442 - 443 - 445 - 446 - 448 - 449 - 451 - 453 - 455 - 458 - 459 - 460 - 463 - 464 - 465 - 466 - 468 - 470 - 471 - 472 - 475 - 476 - 478 - 479 - 480 - 481 - 482 - 483 - 484 - 485 - 486 - 487 - 488 - 489 - 490 - 492 - 493 - 494 - 495 - 496 - 498 - 499,18711163.3,0.8,94080,93533,70.99,Cost: 94080 & Capacity: 93533
0 - 1 - 3 - 4 - 5 - 6 - 7 - 8 - 9 - 10 - 12 - 13 - 14 - 19 - 20 - 22 - 23 - 24 - 26 - 27 - 28 - 30 - 31 - 32 - 33 - 35 - 39 - 40 - 41 - 42 - 43 - 44 - 45 - 48 - 49 - 50 - 52 - 56 - 58 - 59 - 61 - 64 - 69 - 70 - 71 - 72 - 74 - 79 - 82 - 83 - 84 - 85 - 86 - 88 - 90 - 91 - 92 - 93 - 95 - 98 - 100 - 103 - 104 - 105 - 106 - 107 - 109 - 111 - 112 - 113 - 117 - 121 - 122 - 124 - 125 - 126 - 127 - 128 - 132 - 134 - 135 - 136 - 137 - 142 - 143 - 144 - 145 - 147 - 148 - 149 - 152 - 153 - 154 - 155 - 156 - 157 - 158 - 160 - 161 - 164 - 165 - 167 - 168 - 169 - 170 - 171 - 172 - 174 - 175 - 176 - 177 - 179 - 180 - 181 - 184 - 187 - 189 - 192 - 193 - 194 - 195 - 198 - 201 - 202 - 203 - 205 - 206 - 208 - 209 - 210 - 211 - 212 - 214 - 216 - 224 - 225 - 226 - 227 - 229 - 230 - 232 - 233 - 234 - 235 - 236 - 237 - 240 - 241 - 244 - 245 - 246 - 248 - 249 - 251 - 254 - 255 - 259 - 261 - 264 - 265 - 266 - 267 - 268 - 269 - 270 - 272 - 275 - 278 - 279 - 280 - 281 - 282 - 285 - 289 - 291 - 292 - 296 - 297 - 298 - 300 - 304 - 306 - 308 - 309 - 310 - 314 - 317 - 319 - 320 - 325 - 328 - 329 - 331 - 332 - 335 - 337 - 339 - 341 - 344 - 346 - 351 - 352 - 353 - 355 - 356 - 357 - 359 - 362 - 365 - 370 - 374 - 376 - 380 - 385 - 387 - 388 - 389 - 390 - 391 - 392 - 394 - 395 - 397 - 399 - 400 - 401 - 403 - 405 - 406 - 407 - 408 - 411 - 413 - 415 - 416 - 417 - 418 - 423 - 426 - 428 - 430 - 434 - 435 - 436 - 438 - 439 - 442 - 443 - 445 - 446 - 448 - 449 - 450 - 451 - 453 - 454 - 455 - 458 - 459 - 460 - 461 - 463 - 464 - 465 - 466 - 468 - 469 - 470 - 471 - 472 - 474 - 476 - 477 - 478 - 479 - 480 - 481 - 482 - 483 - 484 - 485 - 486 - 487 - 488 - 489 - 490 - 492 - 493 - 494 - 495 - 497 - 498 - 499,21466155.3,0.0,94099,95465,72.37,Cost: 94099 & Capacity: 95465
0 - 4 - 6 - 7 - 8 - 10 - 17 - 18 - 19 - 20 - 21 - 22 - 23 - 28 - 30 - 31 - 32 - 34 - 39 - 40 - 41 - 44 - 46 - 47 - 48 - 56 - 58 - 61 - 70 - 71 - 79 - 82 - 83 - 85 - 92 - 99 - 100 - 102 - 103 - 105 - 106 - 107 - 112 - 114 - 119 - 121 - 122 - 125 - 126 - 127 - 128 - 136 - 137 - 139 - 145 - 146 - 149 - 151 - 152 - 154 - 156 - 162 - 163 - 164 - 165 - 166 - 171 - 175 - 176 - 180 - 188 - 193 - 194 - 195 - 198 - 201 - 202 - 204 - 205 - 209 - 212 - 215 - 216 - 217 - 220 - 223 - 225 - 227 - 229 - 233 - 234 - 236 - 239 - 240 - 242 - 243 - 245 - 246 - 248 - 249 - 252 - 255 - 257 - 261 - 264 - 267 - 268 - 269 - 272 - 275 - 276 - 278 - 283 - 289 - 292 - 293 - 297 - 300 - 304 - 307 - 309 - 310 - 312 - 319 - 320 - 323 - 324 - 325 - 327 - 328 - 329 - 331 - 332 - 335 - 337 - 338 - 339 - 341 - 347 - 349 - 351 - 353 - 356 - 358 - 362 - 370 - 374 - 377 - 379 - 381 - 386 - 387 - 389 - 390 - 391 - 392 - 396 - 397 - 400 - 403 - 405 - 407 - 412 - 413 - 415 - 417 - 422 - 423 - 424 - 428 - 429 - 434 - 442 - 443 - 445 - 446 - 448 - 450 - 451 - 453 - 456 - 458 - 459 - 461 - 465 - 466 - 470 - 471 - 472 - 475 - 476 - 477 - 478 - 479 - 480 - 482 - 483 - 484 - 485 - 486 - 487 - 488 - 489 - 490 - 493 - 495 - 496 - 499,10968292.2,5.5,94104,83954,73.14,Cost: 94104 & Capacity: 83954
0 - 1 - 3 - 4 - 6 - 7 - 8 - 9 - 10 - 12 - 13 - 14 - 15 - 19 - 20 - 22 - 23 - 24 - 26 - 27 - 28 - 30 - 31 - 32 - 33 - 35 - 39 - 40 - 42 - 43 - 44 - 45 - 48 - 49 - 50 - 52 - 56 - 58 - 59 - 61 - 63 - 64 - 69 - 70 - 71 - 72 - 74 - 79 - 82 - 83 - 84 - 85 - 86 - 88 - 90 - 91 - 92 - 93 - 95 - 98 - 100 - 103 - 104 - 105 - 106 - 107 - 109 - 111 - 112 - 113 - 117 - 121 - 122 - 124 - 125 - 126 - 127 - 128 - 134 - 135 - 136 - 137 - 142 - 143 - 144 - 145 - 146 - 147 - 149 - 152 - 153 - 154 - 156 - 157 - 158 - 160 - 161 - 164 - 165 - 167 - 168 - 169 - 170 - 171 - 172 - 174 - 175 - 176 - 177 - 179 - 180 - 181 - 184 - 187 - 189 - 192 - 193 - 194 - 195 - 196 - 197 - 198 - 201 - 202 - 203 - 205 - 206 - 208 - 209 - 210 - 211 - 212 - 214 - 216 - 224 - 225 - 226 - 227 - 229 - 230 - 232 - 233 - 234 - 235 - 236 - 237 - 240 - 241 - 244 - 245 - 246 - 247 - 248 - 249 - 251 - 254 - 255 - 259 - 261 - 264 - 265 - 266 - 267 - 268 - 269 - 270 - 272 - 275 - 278 - 279 - 280 - 281 - 282 - 285 - 289 - 291 - 296 - 297 - 298 - 300 - 304 - 306 - 308 - 309 - 310 - 314 - 317 - 319 - 320 - 325 - 328 - 329 - 331 - 332 - 335 - 337 - 339 - 341 - 344 - 346 - 351 - 352 - 353 - 355 - 356 - 357 - 359 - 362 - 365 - 370 - 374 - 376 - 380 - 385 - 387 - 388 - 389 - 390 - 391 - 392 - 394 - 395 - 397 - 399 - 400 - 401 - 403 - 405 - 406 - 407 - 408 - 411 - 413 - 417 - 418 - 423 - 426 - 428 - 430 - 434 - 435 - 436 - 438 - 439 - 442 - 443 - 445 - 446 - 448 - 449 - 450 - 451 - 453 - 454 - 455 - 456 - 458 - 459 - 460 - 461 - 463 - 464 - 465 - 466 - 468 - 469 - 470 - 471 - 472 - 474 - 476 - 477 - 478 - 479 - 480 - 481 - 482 - 483 - 484 - 485 - 486 - 487 - 488 - 489 - 490 - 492 - 493 - 494 - 495 - 497 - 498 - 499,21255166.9,0.0,92830,94350,75.84,Cost: 92830 & Capacity: 94350
1 - 4 - 5 - 6 - 7 - 8 - 9 - 12 - 16 - 18 - 21 - 22 - 23 - 27 - 33 - 34 - 35 - 37 - 39 - 47 - 53 - 61 - 63 - 64 - 71 - 80 - 84 - 92 - 98 - 99 - 101 - 106 - 109 - 112 - 114 - 119 - 121 - 126 - 128 - 129 - 133 - 134 - 140 - 143 - 148 - 150 - 153 - 154 - 161 - 162 - 176 - 179 - 182 - 184 - 185 - 186 - 187 - 193 - 196 - 204 - 209 - 210 - 212 - 213 - 215 - 216 - 220 - 229 - 235 - 236 - 239 - 240 - 243 - 244 - 248 - 251 - 255 - 256 - 264 - 265 - 271 - 274 - 278 - 283 - 291 - 295 - 297 - 300 - 302 - 304 - 306 - 307 - 308 - 313 - 318 - 319 - 320 - 322 - 324 - 328 - 329 - 331 - 338 - 339 - 340 - 341 - 344 - 350 - 353 - 356 - 358 - 359 - 364 - 371 - 373 - 374 - 376 - 379 - 383 - 384 - 386 - 391 - 399 - 409 - 422 - 428 - 429 - 431 - 432 - 435 - 443 - 444 - 446 - 447 - 449 - 450 - 457 - 466 - 469 - 475 - 476 - 480 - 483 - 486 - 491 - 496 - 499,5515617.8,15.1,93783,75047,78.28,Cost: 93783 & Capacity: 75047
0 - 1 - 3 - 4 - 5 - 6 - 7 - 8 - 9 - 10 - 12 - 13 - 14 - 19 - 20 - 22 - 23 - 24 - 26 - 27 - 28 - 30 - 31 - 32 - 33 - 35 - 39 - 40 - 41 - 42 - 43 - 44 - 45 - 48 - 49 - 50 - 52 - 56 - 58 - 59 - 61 - 64 - 69 - 70 - 71 - 72 - 74 - 79 - 82 - 83 - 84 - 85 - 86 - 88 - 90 - 91 - 92 - 93 - 95 - 98 - 100 - 103 - 104 - 105 - 106 - 107 - 109 - 111 - 112 - 113 - 117 - 121 - 122 - 124 - 125 - 126 - 127 - 128 - 132 - 134 - 135 - 136 - 137 - 142 - 143 - 144 - 145 - 147 - 148 - 149 - 152 - 153 - 154 - 155 - 156 - 157 - 158 - 160 - 161 - 164 - 165 - 167 - 168 - 169 - 170 - 171 - 172 - 174 - 175 - 176 - 177 - 179 - 180 - 181 - 184 - 187 - 189 - 192 - 193 - 194 - 195 - 198 - 201 - 202 - 203 - 205 - 206 - 208 - 209 - 210 - 211 - 212 - 214 - 216 - 224 - 225 - 226 - 227 - 229 - 230 - 232 - 233 - 234 - 235 - 236 - 237 - 240 - 241 - 244 - 245 - 246 - 248 - 249 - 251 - 254 - 255 - 259 - 261 - 264 - 265 - 266 - 267 - 268 - 269 - 270 - 272 - 275 - 278 - 279 - 280 - 281 - 282 - 285 - 289 - 291 - 292 - 296 - 297 - 298 - 300 - 304 - 306 - 308 - 309 - 310 - 314 - 317 - 319 - 320 - 325 - 328 - 329 - 331 - 332 - 335 - 337 - 339 - 341 - 344 - 346 - 351 - 352 - 353 - 355 - 356 - 357 - 359 - 362 - 365 - 370 - 374 - 376 - 380 - 385 - 387 - 388 - 389 - 390 - 391 - 392 - 394 - 395 - 397 - 399 - 400 - 401 - 403 - 405 - 406 - 407 - 408 - 411 - 413 - 415 - 416 - 417 - 418 - 423 - 426 - 428 - 430 - 434 - 435 - 436 - 438 - 439 - 442 - 443 - 445 - 446 - 448 - 449 - 450 - 451 - 453 - 454 - 455 - 458 - 459 - 460 - 461 - 463 - 464 - 465 - 466 - 468 - 469 - 470 - 471 - 472 - 474 - 476 - 477 - 478 - 479 - 480 - 481 - 482 - 483 - 484 - 485 - 486 - 487 - 488 - 489 - 490 - 492 - 493 - 494 - 495 - 497 - 498 - 499,21466155.3,0.0,94099,95465,78.94,Cost: 94099 & Capacity: 95465
0 - 1 - 3 - 4 - 5 - 6 - 7 - 8 - 9 - 10 - 12 - 13 - 14 - 19 - 20 - 22 - 23 - 24 - 26 - 27 - 28 - 30 - 31 - 32 - 33 - 35 - 39 - 40 - 41 - 42 - 43 - 44 - 45 - 48 - 49 - 50 - 52 - 56 - 58 - 59 - 61 - 64 - 69 - 70 - 71 - 72 - 74 - 79 - 82 - 83 - 84 - 85 - 86 - 88 - 90 - 91 - 92 - 93 - 95 - 98 - 100 - 103 - 104 - 105 - 106 - 107 - 109 - 111 - 112 - 113 - 117 - 121 - 122 - 124 - 125 - 126 - 127 - 128 - 132 - 134 - 135 - 136 - 137 - 142 - 143 - 144 - 145 - 147 - 148 - 149 - 152 - 153 - 154 - 155 - 156 - 157 - 158 - 160 - 161 - 164 - 165 - 167 - 168 - 169 - 170 - 171 - 172 - 174 - 175 - 176 - 177 - 179 - 180 - 181 - 184 - 187 - 189 - 192 - 193 - 194 - 195 - 198 - 201 - 202 - 203 - 205 - 206 - 208 - 209 - 210 - 211 - 212 - 214 - 216 - 224 - 225 - 226 - 227 - 229 - 230 - 232 - 233 - 234 - 235 - 236 - 237 - 240 - 241 - 244 - 245 - 246 - 248 - 249 - 251 - 254 - 255 - 259 - 261 - 264 - 265 - 266 - 267 - 268 - 269 - 270 - 272 - 275 - 278 - 279 - 280 - 281 - 282 - 285 - 289 - 291 - 292 - 296 - 297 - 298 - 300 - 304 - 306 - 308 - 309 - 310 - 314 - 317 - 319 - 320 - 325 - 328 - 329 - 331 - 332 - 335 - 337 - 339 - 341 - 344 - 346 - 351 - 352 - 353 - 355 - 356 - 357 - 359 - 362 - 365 - 370 - 374 - 376 - 380 - 385 - 387 - 388 - 389 - 390 - 391 - 392 - 394 - 395 - 397 - 399 - 400 - 401 - 403 - 405 - 406 - 407 - 408 - 411 - 413 - 415 - 416 - 417 - 418 - 423 - 426 - 428 - 430 - 434 - 435 - 436 - 438 - 439 - 442 - 443 - 445 - 446 - 448 - 449 - 450 - 451 - 453 - 454 - 455 - 458 - 459 - 460 - 461 - 463 - 464 - 465 - 466 - 468 - 469 - 470 - 471 - 472 - 474 - 476 - 477 - 478 - 479 - 480 - 481 - 482 - 483 - 484 - 485 - 486 - 487 - 488 - 489 - 490 - 492 - 493 - 494 - 495 - 497 - 498 - 499,21466155.3,0.0,94099,95465,81.46,Cost: 94099 & Capacity: 95465
0 - 1 - 3 - 4 - 5 - 6 - 7 - 8 - 9 - 10 - 12 - 13 - 14 - 19 - 20 - 22 - 23 - 24 - 26 - 27 - 28 - 30 - 31 - 32 - 33 - 35 - 39 - 40 - 41 - 42 - 43 - 44 - 45 - 48 - 49 - 50 - 52 - 56 - 58 - 59 - 61 - 64 - 69 - 70 - 71 - 72 - 74 - 79 - 82 - 83 - 84 - 85 - 86 - 88 - 90 - 91 - 92 - 93 - 95 - 98 - 100 - 103 - 104 - 105 - 106 - 107 - 109 - 111 - 112 - 113 - 117 - 121 - 122 - 124 - 125 - 126 - 127 - 128 - 132 - 134 - 135 - 136 - 137 - 142 - 143 - 144 - 145 - 147 - 148 - 149 - 152 - 153 - 154 - 155 - 156 - 157 - 158 - 160 - 161 - 164 - 165 - 167 - 168 - 169 - 170 - 171 - 172 - 174 - 175 - 176 - 177 - 179 - 180 - 181 - 184 - 187 - 189 - 192 - 193 - 194 - 195 - 198 - 201 - 202 - 203 - 205 - 206 - 208 - 209 - 210 - 211 - 212 - 214 - 216 - 224 - 225 - 226 - 227 - 229 - 230 - 232 - 233 - 234 - 235 - 236 - 237 - 240 - 241 - 244 - 245 - 246 - 248 - 249 - 251 - 254 - 255 - 259 - 261 - 264 - 265 - 266 - 267 - 268 - 269 - 270 - 272 - 275 - 278 - 279 - 280 - 281 - 282 - 285 - 289 - 291 - 292 - 296 - 297 - 298 - 300 - 304 - 306 - 308 - 309 - 310 - 314 - 317 - 319 - 320 - 325 - 328 - 329 - 331 - 332 - 335 - 337 - 339 - 341 - 344 - 346 - 351 - 352 - 353 - 355 - 356 - 357 - 359 - 362 - 365 - 370 - 374 - 376 - 380 - 385 - 387 - 388 - 389 - 390 - 391 - 392 - 394 - 395 - 397 - 399 - 400 - 401 - 403 - 405 - 406 - 407 - 408 - 411 - 413 - 415 - 416 - 417 - 418 - 423 - 426 - 428 - 430 - 434 - 435 - 436 - 438 - 439 - 442 - 443 - 445 - 446 - 448 - 449 - 450 - 451 - 453 - 454 - 455 - 458 - 459 - 460 - 461 - 463 - 464 - 465 - 466 - 468 - 469 - 470 - 471 - 472 - 474 - 476 - 477 - 478 - 479 - 480 - 481 - 482 - 483 - 484 - 485 - 486 - 487 - 488 - 489 - 490 - 492 - 493 - 494 - 495 - 497 - 498 - 499,21466155.3,0.0,94099,95465,81.86,Cost: 94099 & Capacity: 95465
0 - 1 - 3 - 4 - 5 - 6 - 7 - 8 - 9 - 10 - 12 - 13 - 14 - 19 - 20 - 22 - 23 - 24 - 26 - 27 - 28 - 30 - 31 - 32 - 33 - 35 - 39 - 40 - 41 - 42 - 43 - 44 - 45 - 48 - 49 - 50 - 52 - 56 - 58 - 59 - 61 - 64 - 69 - 70 - 71 - 72 - 74 - 79 - 82 - 83 - 84 - 85 - 86 - 88 - 90 - 91 - 92 - 93 - 95 - 98 - 100 - 103 - 104 - 105 - 106 - 107 - 109 - 111 - 112 - 113 - 117 - 121 - 122 - 124 - 125 - 126 - 127 - 128 - 132 - 134 - 135 - 136 - 137 - 142 - 143 - 144 - 145 - 147 - 148 - 149 - 152 - 153 - 154 - 155 - 156 - 157 - 158 - 160 - 161 - 164 - 165 - 167 - 168 - 169 - 170 - 171 - 172 - 174 - 175 - 176 - 177 - 179 - 180 - 181 - 184 - 187 - 189 - 192 - 193 - 194 - 195 - 198 - 201 - 202 - 203 - 205 - 206 - 208 - 209 - 210 - 211 - 212 - 214 - 216 - 224 - 225 - 226 - 227 - 229 - 230 - 232 - 233 - 234 - 235 - 236 - 237 - 240 - 241 - 244 - 245 - 246 - 248 - 249 - 251 - 254 - 255 - 259 - 261 - 264 - 265 - 266 - 267 - 268 - 269 - 270 - 272 - 275 - 278 - 279 - 280 - 281 - 282 - 285 - 289 - 291 - 292 - 296 - 297 - 298 - 300 - 304 - 306 - 308 - 309 - 310 - 314 - 317 - 319 - 320 - 325 - 328 - 329 - 331 - 332 - 335 - 337 - 339 - 341 - 344 - 346 - 351 - 352 - 353 - 355 - 356 - 357 - 359 - 362 - 365 - 370 - 374 - 376 - 380 - 385 - 387 - 388 - 389 - 390 - 391 - 392 - 394 - 395 - 397 - 399 - 400 - 401 - 403 - 405 - 406 - 407 - 408 - 411 - 413 - 415 - 416 - 417 - 418 - 423 - 426 - 428 - 430 - 434 - 435 - 436 - 438 - 439 - 442 - 443 - 445 - 446 - 448 - 449 - 450 - 451 - 453 - 454 - 455 - 458 - 459 - 460 - 461 - 463 - 464 - 465 - 466 - 468 - 469 - 470 - 471 - 472 - 474 - 476 - 477 - 478 - 479 - 480 - 481 - 482 - 483 - 484 - 485 - 486 - 487 - 488 - 489 - 490 - 492 - 493 - 494 - 495 - 497 - 498 - 499,21466155.3,0.0,94099,95465,82.2,Cost: 94099 & Capacity: 95465
0 - 1 - 3 - 4 - 5 - 6 - 7 - 8 - 9 - 10 - 12 - 13 - 14 - 19 - 20 - 22 - 23 - 24 - 26 - 27 - 28 - 30 - 31 - 32 - 33 - 35 - 39 - 40 - 41 - 42 - 43 - 44 - 45 - 48 - 49 - 50 - 52 - 56 - 58 - 59 - 61 - 64 - 69 - 70 - 71 - 72 - 74 - 79 - 82 - 83 - 84 - 85 - 86 - 88 - 90 - 91 - 92 - 93 - 95 - 98 - 100 - 103 - 104 - 105 - 106 - 107 - 109 - 111 - 112 - 113 - 117 - 121 - 122 - 124 - 125 - 126 - 127 - 128 - 132 - 134 - 135 - 136 - 137 - 142 - 143 - 144 - 145 - 147 - 148 - 149 - 152 - 153 - 154 - 155 - 156 - 157 - 158 - 160 - 161 - 164 - 165 - 167 - 168 - 169 - 170 - 171 - 172 - 174 - 175 - 176 - 177 - 179 - 180 - 181 - 184 - 187 - 189 - 192 - 193 - 194 - 195 - 198 - 201 - 202 - 203 - 205 - 206 - 208 - 209 - 210 - 211 - 212 - 214 - 216 - 224 - 225 - 226 - 227 - 229 - 230 - 232 - 233 - 234 - 235 - 236 - 237 - 240 - 241 - 244 - 245 - 246 - 248 - 249 - 251 - 254 - 255 - 259 - 261 - 264 - 265 - 266 - 267 - 268 - 269 - 270 - 272 - 275 - 278 - 279 - 280 - 281 - 282 - 285 - 289 - 291 - 292 - 296 - 297 - 298 - 300 - 304 - 306 - 308 - 309 - 310 - 314 - 317 - 319 - 320 - 325 - 328 - 329 - 331 - 332 - 335 - 337 - 339 - 341 - 344 - 346 - 351 - 352 - 353 - 355 - 356 - 357 - 359 - 362 - 365 - 370 - 374 - 376 - 380 - 385 - 387 - 388 - 389 - 390 - 391 - 392 - 394 - 395 - 397 - 399 - 400 - 401 - 403 - 405 - 406 - 407 - 408 - 411 - 413 - 415 - 416 - 417 - 418 - 423 - 426 - 428 - 430 - 434 - 435 - 436 - 438 - 439 - 442 - 443 - 445 - 446 - 448 - 449 - 450 - 451 - 453 - 454 - 455 - 458 - 459 - 460 - 461 - 463 - 464 - 465 - 466 - 468 - 469 - 470 - 471 - 472 - 474 - 476 - 477 - 478 - 479 - 480 - 481 - 482 - 483 - 484 - 485 - 486 - 487 - 488 - 489 - 490 - 492 - 493 - 494 - 495 - 497 - 498 - 499,21466155.3,0.0,94099,95465,84.73,Cost: 94099 & Capacity: 95465
