Nodes,MaxSum,MaxMin,Cost,Capacity,Time,Constraint values
0 - 1 - 5 - 8 - 10 - 15 - 19 - 20 - 22 - 26 - 33 - 37 - 43 - 44 - 45 - 46 - 50 - 53 - 54 - 56 - 60 - 61 - 62 - 65 - 67 - 69 - 70 - 77 - 79 - 80 - 81 - 86 - 88 - 90 - 91 - 92 - 95 - 96 - 98 - 105 - 106 - 109 - 110 - 112 - 114 - 119 - 122 - 123 - 124 - 126 - 129 - 132 - 133 - 136 - 139 - 140 - 141 - 143 - 146 - 147 - 149 - 152 - 153 - 154 - 157 - 158 - 161 - 167 - 168 - 170 - 172 - 175 - 176 - 177 - 185 - 186 - 192 - 193 - 202 - 205 - 208 - 211 - 217 - 219 - 222 - 226 - 227 - 231 - 234 - 235 - 237 - 242 - 243 - 244 - 245 - 249 - 250 - 253 - 255 - 272 - 277 - 279 - 281 - 282 - 289 - 293 - 295 - 297 - 306 - 308 - 309 - 322 - 323 - 324 - 326 - 327 - 328 - 332 - 339 - 344 - 349 - 350 - 360 - 361 - 365 - 366 - 372 - 376 - 379 - 387 - 389 - 390 - 394 - 395 - 399 - 403 - 409 - 411 - 415 - 420 - 421 - 422 - 429 - 430 - 431 - 438 - 443 - 445 - 446 - 447 - 451 - 452 - 458 - 460 - 461 - 464 - 467 - 469 - 472 - 475 - 479 - 484 - 491 - 494 - 496 - 498,6979524.7,11.9,91520,79889,3.04,Cost: 91520 & Capacity: 79889
8 - 9 - 17 - 20 - 22 - 25 - 27 - 28 - 31 - 32 - 33 - 37 - 39 - 41 - 44 - 46 - 51 - 54 - 59 - 67 - 74 - 77 - 78 - 79 - 81 - 95 - 102 - 104 - 109 - 112 - 115 - 116 - 119 - 122 - 123 - 130 - 131 - 136 - 146 - 148 - 152 - 153 - 157 - 158 - 160 - 162 - 166 - 172 - 175 - 176 - 181 - 185 - 186 - 187 - 190 - 193 - 204 - 208 - 212 - 214 - 221 - 222 - 224 - 235 - 242 - 243 - 249 - 251 - 255 - 275 - 276 - 280 - 281 - 282 - 284 - 287 - 289 - 292 - 293 - 294 - 295 - 313 - 314 - 318 - 322 - 323 - 324 - 327 - 328 - 332 - 334 - 335 - 339 - 340 - 342 - 344 - 347 - 352 - 356 - 358 - 360 - 363 - 368 - 371 - 374 - 376 - 378 - 383 - 385 - 386 - 387 - 389 - 390 - 391 - 393 - 394 - 397 - 403 - 404 - 407 - 409 - 413 - 414 - 415 - 418 - 419 - 425 - 427 - 430 - 439 - 443 - 444 - 445 - 450 - 452 - 458 - 461 - 469 - 475 - 476 - 477 - 479 - 482 - 486 - 488 - 491 - 496 - 497 - 498,5656196.1,15.9,94630,78070,4.95,Cost: 94630 & Capacity: 78070
8 - 9 - 17 - 20 - 22 - 25 - 27 - 28 - 31 - 32 - 33 - 37 - 39 - 41 - 44 - 46 - 51 - 53 - 54 - 59 - 67 - 74 - 77 - 78 - 79 - 81 - 95 - 102 - 104 - 109 - 112 - 115 - 116 - 119 - 122 - 123 - 130 - 131 - 136 - 146 - 148 - 152 - 153 - 157 - 158 - 160 - 162 - 166 - 172 - 175 - 176 - 181 - 185 - 186 - 187 - 190 - 193 - 204 - 208 - 212 - 214 - 221 - 222 - 224 - 235 - 242 - 243 - 249 - 251 - 255 - 275 - 276 - 280 - 281 - 282 - 284 - 287 - 289 - 292 - 293 - 294 - 295 - 313 - 314 - 318 - 322 - 323 - 324 - 327 - 328 - 332 - 334 - 335 - 339 - 340 - 342 - 344 - 347 - 352 - 356 - 358 - 360 - 363 - 368 - 371 - 374 - 376 - 378 - 383 - 385 - 386 - 387 - 389 - 390 - 391 - 393 - 394 - 397 - 403 - 404 - 407 - 409 - 413 - 414 - 415 - 418 - 419 - 425 - 427 - 430 - 439 - 443 - 444 - 445 - 450 - 452 - 458 - 461 - 469 - 475 - 476 - 477 - 479 - 482 - 486 - 488 - 491 - 496 - 497 - 498,5727976.6,15.8,95115,78322,4.95,Cost: 95115 & Capacity: 78322
8 - 9 - 17 - 20 - 22 - 25 - 27 - 28 - 30 - 31 - 32 - 33 - 37 - 39 - 41 - 44 - 46 - 51 - 53 - 54 - 59 - 67 - 74 - 77 - 78 - 79 - 81 - 95 - 102 - 104 - 109 - 112 - 115 - 116 - 119 - 122 - 123 - 130 - 131 - 136 - 146 - 148 - 152 - 153 - 157 - 158 - 160 - 162 - 166 - 172 - 175 - 176 - 181 - 185 - 186 - 187 - 190 - 193 - 203 - 204 - 208 - 212 - 214 - 221 - 222 - 224 - 235 - 242 - 243 - 249 - 251 - 255 - 275 - 276 - 280 - 281 - 282 - 284 - 287 - 289 - 292 - 293 - 294 - 295 - 313 - 314 - 318 - 322 - 323 - 324 - 327 - 328 - 332 - 334 - 335 - 339 - 340 - 342 - 344 - 347 - 352 - 356 - 358 - 360 - 363 - 368 - 371 - 374 - 376 - 378 - 383 - 385 - 386 - 387 - 389 - 390 - 391 - 393 - 394 - 397 - 403 - 404 - 407 - 409 - 413 - 414 - 415 - 418 - 419 - 425 - 427 - 430 - 439 - 443 - 444 - 445 - 450 - 452 - 458 - 461 - 469 - 475 - 476 - 477 - 479 - 482 - 486 - 488 - 491 - 496 - 497 - 498,5873652.1,15.6,95990,79107,4.95,Cost: 95990 & Capacity: 79107
8 - 9 - 17 - 20 - 22 - 25 - 27 - 28 - 30 - 31 - 32 - 33 - 37 - 39 - 41 - 44 - 46 - 51 - 53 - 54 - 59 - 67 - 74 - 77 - 78 - 79 - 81 - 95 - 102 - 104 - 109 - 112 - 115 - 116 - 119 - 122 - 123 - 130 - 131 - 136 - 146 - 148 - 152 - 153 - 157 - 158 - 160 - 162 - 166 - 172 - 175 - 176 - 181 - 185 - 186 - 187 - 190 - 193 - 203 - 204 - 208 - 212 - 214 - 221 - 222 - 224 - 235 - 242 - 243 - 249 - 251 - 255 - 275 - 276 - 280 - 281 - 282 - 284 - 287 - 289 - 292 - 293 - 294 - 295 - 313 - 314 - 318 - 322 - 323 - 324 - 327 - 328 - 332 - 334 - 335 - 339 - 340 - 342 - 344 - 347 - 352 - 356 - 358 - 360 - 363 - 368 - 371 - 374 - 376 - 378 - 383 - 385 - 386 - 387 - 389 - 390 - 391 - 393 - 394 - 397 - 403 - 404 - 407 - 409 - 413 - 414 - 415 - 418 - 419 - 425 - 427 - 430 - 439 - 443 - 444 - 445 - 450 - 452 - 454 - 458 - 461 - 469 - 475 - 476 - 477 - 479 - 482 - 486 - 488 - 491 - 496 - 497 - 498,5943322.5,15.5,96301,79683,4.95,Cost: 96301 & Capacity: 79683
8 - 9 - 17 - 20 - 22 - 25 - 27 - 28 - 30 - 31 - 32 - 33 - 37 - 39 - 41 - 44 - 46 - 51 - 53 - 54 - 59 - 67 - 74 - 77 - 78 - 79 - 81 - 95 - 102 - 104 - 109 - 112 - 115 - 116 - 119 - 122 - 123 - 129 - 130 - 131 - 136 - 146 - 148 - 152 - 153 - 157 - 158 - 160 - 162 - 166 - 172 - 175 - 176 - 181 - 185 - 186 - 187 - 190 - 193 - 203 - 204 - 208 - 212 - 214 - 221 - 222 - 224 - 235 - 242 - 243 - 249 - 251 - 255 - 275 - 276 - 280 - 281 - 282 - 284 - 287 - 289 - 292 - 293 - 294 - 295 - 313 - 314 - 318 - 322 - 323 - 324 - 327 - 328 - 332 - 334 - 335 - 339 - 340 - 342 - 344 - 347 - 352 - 356 - 358 - 360 - 363 - 368 - 371 - 374 - 376 - 378 - 383 - 385 - 386 - 387 - 389 - 390 - 391 - 393 - 394 - 397 - 403 - 404 - 407 - 409 - 413 - 414 - 415 - 418 - 419 - 425 - 427 - 430 - 439 - 443 - 444 - 445 - 450 - 452 - 454 - 458 - 461 - 469 - 475 - 476 - 477 - 479 - 482 - 486 - 488 - 491 - 496 - 497 - 498,6012752.8,15.4,96956,80182,4.95,Cost: 96956 & Capacity: 80182
7 - 12 - 13 - 14 - 15 - 17 - 19 - 20 - 24 - 25 - 27 - 30 - 31 - 33 - 37 - 39 - 44 - 45 - 50 - 54 - 56 - 57 - 61 - 74 - 77 - 78 - 79 - 82 - 95 - 101 - 105 - 108 - 109 - 110 - 111 - 112 - 114 - 119 - 123 - 124 - 126 - 127 - 131 - 133 - 135 - 137 - 144 - 146 - 147 - 154 - 156 - 157 - 160 - 162 - 164 - 168 - 175 - 176 - 185 - 187 - 192 - 199 - 204 - 208 - 210 - 211 - 212 - 218 - 221 - 224 - 235 - 237 - 239 - 242 - 246 - 247 - 249 - 251 - 255 - 264 - 265 - 268 - 273 - 274 - 279 - 280 - 281 - 284 - 286 - 294 - 295 - 310 - 328 - 330 - 335 - 340 - 342 - 343 - 344 - 346 - 352 - 353 - 354 - 358 - 360 - 362 - 363 - 366 - 368 - 369 - 375 - 376 - 380 - 382 - 383 - 386 - 387 - 390 - 394 - 395 - 397 - 400 - 402 - 404 - 405 - 406 - 407 - 413 - 414 - 418 - 420 - 422 - 424 - 429 - 430 - 431 - 437 - 439 - 443 - 445 - 452 - 457 - 458 - 464 - 465 - 469 - 471 - 473 - 476 - 477 - 479 - 484 - 486 - 488 - 495 - 498,6183655.7,14.5,96478,78425,10.08,Cost: 96478 & Capacity: 78425
1 - 3 - 5 - 6 - 7 - 8 - 9 - 10 - 13 - 15 - 16 - 19 - 20 - 21 - 22 - 25 - 26 - 31 - 34 - 37 - 39 - 40 - 41 - 43 - 44 - 45 - 46 - 47 - 48 - 49 - 50 - 52 - 53 - 54 - 55 - 56 - 57 - 59 - 61 - 62 - 63 - 65 - 66 - 70 - 72 - 73 - 74 - 75 - 77 - 78 - 79 - 80 - 81 - 86 - 87 - 88 - 90 - 91 - 94 - 96 - 97 - 98 - 101 - 103 - 106 - 108 - 109 - 110 - 113 - 114 - 119 - 121 - 123 - 125 - 126 - 128 - 132 - 135 - 138 - 143 - 144 - 146 - 147 - 148 - 149 - 150 - 152 - 153 - 156 - 157 - 160 - 161 - 163 - 164 - 165 - 168 - 169 - 170 - 174 - 175 - 177 - 179 - 180 - 181 - 182 - 184 - 186 - 187 - 188 - 194 - 195 - 198 - 203 - 204 - 205 - 207 - 208 - 211 - 212 - 213 - 214 - 216 - 219 - 222 - 224 - 225 - 226 - 232 - 233 - 234 - 235 - 237 - 239 - 243 - 245 - 246 - 248 - 249 - 250 - 251 - 252 - 253 - 257 - 260 - 261 - 262 - 263 - 265 - 270 - 271 - 274 - 275 - 276 - 277 - 279 - 280 - 281 - 284 - 285 - 289 - 290 - 291 - 293 - 295 - 297 - 298 - 299 - 302 - 303 - 305 - 308 - 310 - 312 - 313 - 315 - 317 - 318 - 320 - 321 - 322 - 323 - 324 - 326 - 328 - 329 - 330 - 334 - 335 - 337 - 338 - 342 - 343 - 344 - 347 - 348 - 349 - 350 - 351 - 352 - 356 - 359 - 362 - 364 - 365 - 369 - 372 - 374 - 375 - 376 - 379 - 380 - 382 - 385 - 387 - 388 - 389 - 390 - 391 - 392 - 394 - 395 - 396 - 397 - 399 - 400 - 401 - 403 - 405 - 408 - 409 - 410 - 411 - 412 - 414 - 415 - 417 - 420 - 422 - 425 - 426 - 427 - 429 - 431 - 433 - 434 - 435 - 436 - 437 - 438 - 439 - 441 - 442 - 444 - 446 - 447 - 448 - 449 - 450 - 453 - 454 - 456 - 460 - 461 - 464 - 466 - 468 - 469 - 470 - 471 - 472 - 473 - 474 - 475 - 479 - 482 - 486 - 487 - 491 - 492 - 494 - 495 - 496 - 497 - 498 - 499,20266322.5,0.0,96839,101232,10.43,Cost: 96839 & Capacity: 101232
1 - 3 - 5 - 6 - 7 - 8 - 9 - 10 - 13 - 15 - 16 - 19 - 20 - 21 - 22 - 25 - 26 - 31 - 34 - 37 - 39 - 40 - 41 - 43 - 44 - 45 - 46 - 47 - 48 - 49 - 50 - 52 - 53 - 54 - 55 - 56 - 57 - 59 - 60 - 61 - 62 - 63 - 66 - 70 - 72 - 73 - 74 - 75 - 77 - 78 - 79 - 80 - 81 - 86 - 87 - 88 - 89 - 90 - 91 - 94 - 96 - 97 - 98 - 101 - 103 - 106 - 108 - 109 - 110 - 113 - 114 - 119 - 121 - 123 - 125 - 126 - 128 - 129 - 130 - 132 - 135 - 138 - 143 - 144 - 146 - 147 - 148 - 149 - 150 - 152 - 153 - 156 - 157 - 160 - 161 - 163 - 164 - 165 - 168 - 169 - 170 - 174 - 175 - 176 - 177 - 179 - 180 - 181 - 182 - 184 - 186 - 187 - 188 - 194 - 195 - 198 - 203 - 204 - 205 - 207 - 208 - 212 - 213 - 214 - 216 - 219 - 222 - 224 - 225 - 226 - 228 - 232 - 233 - 234 - 235 - 237 - 239 - 240 - 243 - 245 - 246 - 248 - 249 - 250 - 251 - 252 - 253 - 257 - 259 - 260 - 261 - 263 - 265 - 270 - 271 - 274 - 275 - 276 - 277 - 279 - 280 - 281 - 282 - 284 - 285 - 290 - 293 - 295 - 297 - 298 - 299 - 302 - 303 - 305 - 308 - 310 - 312 - 313 - 317 - 318 - 320 - 321 - 322 - 323 - 324 - 326 - 328 - 329 - 330 - 334 - 335 - 337 - 338 - 342 - 343 - 344 - 347 - 348 - 349 - 350 - 351 - 352 - 356 - 359 - 362 - 364 - 365 - 369 - 372 - 374 - 375 - 376 - 379 - 380 - 382 - 385 - 387 - 388 - 389 - 390 - 391 - 392 - 394 - 395 - 396 - 397 - 399 - 400 - 401 - 403 - 408 - 409 - 410 - 411 - 412 - 414 - 415 - 417 - 420 - 422 - 425 - 426 - 427 - 429 - 431 - 433 - 435 - 436 - 437 - 438 - 439 - 441 - 442 - 444 - 446 - 447 - 448 - 449 - 450 - 453 - 454 - 456 - 460 - 461 - 464 - 466 - 468 - 469 - 470 - 471 - 472 - 473 - 474 - 475 - 479 - 482 - 487 - 491 - 492 - 494 - 495 - 496 - 497 - 498 - 499,20140646.5,0.0,96475,99835,10.86,Cost: 96475 & Capacity: 99835
1 - 3 - 5 - 6 - 7 - 8 - 9 - 10 - 13 - 15 - 16 - 19 - 20 - 21 - 22 - 25 - 26 - 31 - 34 - 37 - 39 - 40 - 41 - 43 - 44 - 45 - 46 - 47 - 48 - 49 - 50 - 52 - 53 - 54 - 55 - 56 - 57 - 59 - 60 - 61 - 62 - 63 - 66 - 70 - 72 - 73 - 74 - 75 - 77 - 78 - 79 - 80 - 81 - 86 - 87 - 88 - 89 - 90 - 91 - 94 - 96 - 97 - 98 - 101 - 103 - 106 - 108 - 109 - 110 - 113 - 114 - 119 - 121 - 123 - 125 - 126 - 128 - 129 - 130 - 132 - 135 - 138 - 143 - 144 - 146 - 147 - 148 - 149 - 150 - 152 - 153 - 156 - 157 - 160 - 161 - 163 - 164 - 165 - 168 - 169 - 170 - 174 - 175 - 176 - 177 - 179 - 180 - 181 - 182 - 184 - 186 - 187 - 188 - 194 - 195 - 198 - 203 - 204 - 205 - 207 - 208 - 212 - 213 - 214 - 216 - 219 - 222 - 224 - 225 - 226 - 228 - 232 - 233 - 234 - 235 - 237 - 239 - 240 - 243 - 245 - 246 - 248 - 249 - 250 - 251 - 252 - 253 - 257 - 259 - 260 - 261 - 263 - 265 - 270 - 271 - 274 - 275 - 276 - 277 - 279 - 280 - 281 - 282 - 284 - 285 - 290 - 293 - 295 - 297 - 298 - 299 - 302 - 303 - 305 - 308 - 310 - 312 - 313 - 317 - 318 - 320 - 321 - 322 - 323 - 324 - 326 - 328 - 329 - 330 - 334 - 335 - 337 - 338 - 342 - 343 - 344 - 347 - 348 - 349 - 350 - 351 - 352 - 356 - 359 - 362 - 364 - 365 - 369 - 372 - 374 - 375 - 376 - 379 - 380 - 382 - 385 - 387 - 388 - 389 - 390 - 391 - 392 - 394 - 395 - 396 - 397 - 399 - 400 - 401 - 403 - 408 - 409 - 410 - 411 - 412 - 414 - 415 - 417 - 420 - 422 - 425 - 426 - 427 - 429 - 431 - 433 - 435 - 436 - 437 - 438 - 439 - 441 - 442 - 444 - 446 - 447 - 448 - 449 - 450 - 453 - 454 - 456 - 460 - 461 - 464 - 466 - 468 - 469 - 470 - 471 - 472 - 473 - 474 - 475 - 479 - 482 - 487 - 491 - 492 - 494 - 495 - 496 - 497 - 498 - 499,20140646.5,0.0,96475,99835,13.13,Cost: 96475 & Capacity: 99835
0 - 2 - 3 - 4 - 5 - 7 - 8 - 9 - 11 - 15 - 18 - 19 - 21 - 22 - 25 - 27 - 28 - 30 - 31 - 34 - 37 - 39 - 43 - 44 - 45 - 47 - 48 - 49 - 50 - 51 - 53 - 55 - 56 - 57 - 59 - 60 - 61 - 62 - 63 - 66 - 70 - 73 - 76 - 80 - 81 - 88 - 89 - 90 - 91 - 94 - 96 - 98 - 101 - 106 - 108 - 109 - 111 - 113 - 114 - 119 - 121 - 122 - 123 - 124 - 125 - 126 - 128 - 130 - 131 - 132 - 135 - 138 - 140 - 143 - 145 - 146 - 147 - 149 - 150 - 153 - 157 - 160 - 162 - 169 - 170 - 174 - 175 - 177 - 179 - 182 - 185 - 186 - 187 - 188 - 190 - 198 - 203 - 205 - 207 - 208 - 210 - 212 - 213 - 214 - 222 - 225 - 227 - 233 - 234 - 235 - 237 - 241 - 245 - 247 - 249 - 250 - 251 - 252 - 253 - 257 - 258 - 260 - 261 - 263 - 265 - 270 - 272 - 275 - 276 - 277 - 279 - 281 - 284 - 285 - 289 - 290 - 291 - 293 - 295 - 296 - 297 - 298 - 299 - 302 - 303 - 304 - 306 - 312 - 313 - 314 - 315 - 317 - 318 - 320 - 321 - 323 - 327 - 328 - 329 - 342 - 344 - 346 - 347 - 348 - 350 - 352 - 359 - 360 - 362 - 369 - 373 - 374 - 375 - 376 - 382 - 387 - 388 - 389 - 391 - 392 - 395 - 396 - 397 - 401 - 403 - 405 - 408 - 409 - 410 - 411 - 414 - 415 - 420 - 421 - 422 - 424 - 425 - 426 - 427 - 429 - 430 - 435 - 436 - 437 - 438 - 441 - 442 - 443 - 447 - 448 - 449 - 450 - 451 - 453 - 454 - 458 - 460 - 464 - 470 - 471 - 475 - 483 - 486 - 487 - 491 - 494 - 495,12831277.3,4.7,95265,86814,15.17,Cost: 95265 & Capacity: 86814
1 - 3 - 5 - 6 - 7 - 8 - 9 - 10 - 13 - 15 - 16 - 19 - 20 - 21 - 22 - 25 - 26 - 31 - 34 - 37 - 39 - 40 - 41 - 43 - 44 - 45 - 46 - 47 - 48 - 49 - 50 - 52 - 53 - 54 - 55 - 56 - 57 - 59 - 60 - 61 - 62 - 63 - 66 - 70 - 72 - 73 - 74 - 75 - 77 - 78 - 79 - 80 - 81 - 86 - 87 - 88 - 89 - 90 - 91 - 94 - 96 - 97 - 98 - 101 - 103 - 106 - 108 - 109 - 110 - 113 - 114 - 119 - 121 - 123 - 125 - 126 - 128 - 130 - 132 - 135 - 138 - 143 - 144 - 146 - 147 - 148 - 149 - 150 - 152 - 153 - 156 - 157 - 160 - 161 - 163 - 164 - 165 - 168 - 169 - 170 - 174 - 175 - 176 - 177 - 179 - 180 - 181 - 182 - 184 - 186 - 187 - 188 - 194 - 195 - 198 - 203 - 204 - 205 - 207 - 208 - 212 - 213 - 214 - 216 - 219 - 222 - 224 - 225 - 226 - 228 - 232 - 233 - 234 - 235 - 237 - 239 - 240 - 243 - 245 - 246 - 248 - 249 - 250 - 251 - 252 - 253 - 257 - 259 - 260 - 261 - 263 - 265 - 270 - 271 - 274 - 275 - 276 - 277 - 279 - 280 - 281 - 282 - 284 - 285 - 290 - 293 - 295 - 297 - 298 - 299 - 302 - 303 - 305 - 308 - 310 - 312 - 313 - 317 - 318 - 320 - 321 - 322 - 323 - 324 - 326 - 328 - 329 - 330 - 334 - 337 - 338 - 342 - 343 - 344 - 347 - 348 - 349 - 350 - 351 - 352 - 356 - 359 - 362 - 364 - 365 - 369 - 372 - 374 - 375 - 376 - 379 - 380 - 382 - 385 - 387 - 388 - 389 - 390 - 391 - 392 - 394 - 395 - 396 - 397 - 399 - 400 - 401 - 403 - 408 - 409 - 410 - 411 - 412 - 414 - 415 - 417 - 420 - 422 - 425 - 426 - 427 - 429 - 431 - 433 - 435 - 436 - 437 - 438 - 439 - 441 - 442 - 444 - 446 - 447 - 448 - 449 - 450 - 453 - 454 - 456 - 460 - 461 - 464 - 466 - 468 - 469 - 470 - 471 - 472 - 473 - 474 - 475 - 479 - 482 - 487 - 491 - 492 - 494 - 495 - 496 - 497 - 498 - 499,19864839.7,0.0,95160,98972,16.66,Cost: 95160 & Capacity: 98972
2 - 4 - 7 - 8 - 9 - 10 - 11 - 16 - 20 - 21 - 24 - 26 - 31 - 33 - 35 - 40 - 41 - 42 - 44 - 53 - 56 - 57 - 58 - 62 - 66 - 73 - 76 - 78 - 81 - 90 - 96 - 99 - 100 - 104 - 105 - 109 - 117 - 119 - 122 - 124 - 125 - 129 - 130 - 132 - 143 - 145 - 146 - 148 - 149 - 153 - 156 - 162 - 163 - 169 - 172 - 174 - 175 - 176 - 185 - 190 - 191 - 192 - 193 - 195 - 198 - 203 - 206 - 208 - 212 - 214 - 216 - 224 - 226 - 227 - 229 - 233 - 241 - 242 - 243 - 249 - 250 - 251 - 254 - 261 - 262 - 264 - 268 - 275 - 276 - 279 - 282 - 284 - 287 - 289 - 293 - 295 - 296 - 297 - 298 - 303 - 305 - 310 - 313 - 314 - 315 - 316 - 318 - 324 - 326 - 334 - 338 - 339 - 342 - 343 - 344 - 348 - 350 - 351 - 358 - 359 - 360 - 362 - 366 - 367 - 378 - 380 - 381 - 382 - 383 - 385 - 387 - 390 - 397 - 398 - 399 - 403 - 405 - 407 - 408 - 410 - 413 - 414 - 415 - 418 - 424 - 425 - 430 - 434 - 436 - 438 - 443 - 445 - 446 - 452 - 456 - 457 - 458 - 465 - 467 - 469 - 475 - 479 - 480 - 487 - 491 - 495 - 497 - 499,7140685.7,11.2,96859,84955,19.97,Cost: 96859 & Capacity: 84955
1 - 3 - 5 - 6 - 7 - 8 - 9 - 10 - 13 - 15 - 16 - 19 - 20 - 21 - 22 - 25 - 26 - 31 - 34 - 37 - 39 - 40 - 41 - 43 - 44 - 45 - 46 - 47 - 48 - 49 - 50 - 52 - 53 - 54 - 55 - 56 - 57 - 59 - 60 - 61 - 62 - 63 - 66 - 70 - 72 - 73 - 74 - 75 - 77 - 78 - 79 - 80 - 81 - 86 - 87 - 88 - 89 - 90 - 91 - 94 - 96 - 97 - 98 - 101 - 103 - 106 - 108 - 109 - 110 - 113 - 114 - 119 - 121 - 123 - 125 - 126 - 128 - 129 - 132 - 135 - 138 - 143 - 144 - 146 - 147 - 148 - 149 - 150 - 152 - 153 - 156 - 157 - 160 - 161 - 163 - 164 - 165 - 168 - 169 - 170 - 174 - 175 - 176 - 177 - 179 - 180 - 181 - 182 - 184 - 186 - 187 - 188 - 194 - 195 - 198 - 203 - 204 - 205 - 207 - 208 - 212 - 213 - 214 - 216 - 219 - 222 - 224 - 225 - 226 - 228 - 232 - 233 - 234 - 235 - 237 - 239 - 240 - 243 - 245 - 246 - 248 - 249 - 250 - 251 - 252 - 253 - 257 - 259 - 260 - 261 - 263 - 265 - 270 - 271 - 274 - 275 - 276 - 277 - 279 - 280 - 281 - 282 - 284 - 285 - 290 - 293 - 295 - 297 - 298 - 299 - 302 - 303 - 305 - 308 - 310 - 312 - 313 - 317 - 318 - 320 - 321 - 322 - 323 - 324 - 326 - 328 - 329 - 330 - 334 - 337 - 338 - 342 - 343 - 344 - 347 - 348 - 349 - 350 - 351 - 352 - 356 - 359 - 362 - 364 - 365 - 369 - 372 - 374 - 375 - 376 - 379 - 380 - 382 - 385 - 387 - 388 - 389 - 390 - 391 - 392 - 394 - 395 - 396 - 397 - 399 - 400 - 401 - 403 - 408 - 409 - 410 - 411 - 412 - 414 - 415 - 417 - 420 - 422 - 425 - 426 - 427 - 429 - 431 - 433 - 435 - 436 - 437 - 438 - 439 - 441 - 442 - 444 - 446 - 447 - 448 - 449 - 450 - 453 - 454 - 456 - 460 - 461 - 464 - 466 - 468 - 469 - 470 - 471 - 472 - 473 - 474 - 475 - 479 - 482 - 487 - 491 - 492 - 494 - 495 - 496 - 497 - 498 - 499,19854836.0,0.0,95156,98505,22.09,Cost: 95156 & Capacity: 98505
2 - 3 - 8 - 11 - 17 - 20 - 21 - 22 - 26 - 41 - 43 - 44 - 52 - 54 - 58 - 66 - 72 - 73 - 77 - 79 - 81 - 82 - 83 - 93 - 96 - 98 - 105 - 109 - 115 - 116 - 117 - 119 - 122 - 126 - 128 - 129 - 130 - 134 - 137 - 141 - 143 - 145 - 148 - 149 - 153 - 156 - 157 - 162 - 171 - 174 - 180 - 181 - 182 - 187 - 188 - 191 - 194 - 195 - 198 - 200 - 206 - 209 - 210 - 213 - 216 - 220 - 224 - 235 - 241 - 243 - 244 - 246 - 248 - 251 - 260 - 262 - 269 - 271 - 276 - 280 - 289 - 291 - 292 - 293 - 295 - 296 - 305 - 314 - 315 - 316 - 323 - 324 - 330 - 333 - 338 - 341 - 342 - 344 - 345 - 346 - 352 - 357 - 360 - 362 - 363 - 366 - 368 - 376 - 382 - 383 - 385 - 388 - 393 - 397 - 403 - 405 - 406 - 409 - 411 - 413 - 414 - 415 - 416 - 419 - 421 - 422 - 425 - 426 - 430 - 431 - 434 - 435 - 436 - 439 - 443 - 446 - 447 - 448 - 449 - 452 - 459 - 462 - 464 - 465 - 466 - 469 - 471 - 475 - 477 - 484 - 487 - 491 - 495 - 497,6052033.7,14.8,95241,79128,22.31,Cost: 95241 & Capacity: 79128
2 - 3 - 8 - 11 - 17 - 20 - 21 - 22 - 26 - 35 - 41 - 43 - 44 - 52 - 53 - 54 - 58 - 66 - 72 - 73 - 77 - 79 - 81 - 82 - 83 - 93 - 96 - 98 - 105 - 109 - 115 - 116 - 117 - 119 - 122 - 126 - 128 - 129 - 130 - 134 - 137 - 141 - 143 - 145 - 148 - 149 - 150 - 153 - 156 - 157 - 162 - 171 - 174 - 180 - 181 - 182 - 187 - 188 - 191 - 194 - 195 - 198 - 200 - 206 - 209 - 210 - 213 - 216 - 220 - 224 - 235 - 241 - 243 - 244 - 246 - 248 - 251 - 260 - 262 - 269 - 271 - 276 - 280 - 289 - 291 - 292 - 293 - 295 - 296 - 305 - 314 - 315 - 316 - 323 - 324 - 330 - 333 - 338 - 341 - 342 - 344 - 345 - 346 - 352 - 357 - 360 - 362 - 363 - 366 - 368 - 376 - 382 - 383 - 385 - 388 - 393 - 397 - 403 - 405 - 406 - 409 - 411 - 413 - 414 - 415 - 416 - 419 - 421 - 422 - 425 - 426 - 430 - 431 - 434 - 435 - 436 - 439 - 443 - 446 - 447 - 448 - 449 - 452 - 459 - 462 - 464 - 465 - 466 - 469 - 471 - 475 - 477 - 484 - 487 - 491 - 495 - 497,6287544.2,14.3,96791,80055,22.31,Cost: 96791 & Capacity: 80055
1 - 4 - 5 - 7 - 8 - 9 - 11 - 14 - 15 - 16 - 20 - 21 - 23 - 25 - 27 - 28 - 31 - 33 - 35 - 36 - 37 - 44 - 50 - 54 - 56 - 57 - 61 - 63 - 67 - 72 - 73 - 74 - 77 - 78 - 79 - 81 - 82 - 84 - 91 - 96 - 97 - 101 - 104 - 109 - 111 - 114 - 119 - 122 - 128 - 131 - 133 - 145 - 149 - 153 - 154 - 157 - 158 - 159 - 162 - 166 - 168 - 173 - 175 - 177 - 178 - 181 - 184 - 185 - 187 - 188 - 190 - 192 - 193 - 194 - 198 - 202 - 205 - 207 - 208 - 209 - 210 - 212 - 222 - 233 - 234 - 237 - 239 - 243 - 245 - 247 - 250 - 252 - 253 - 263 - 267 - 270 - 276 - 279 - 280 - 284 - 286 - 293 - 296 - 305 - 310 - 314 - 315 - 316 - 319 - 321 - 324 - 340 - 342 - 344 - 346 - 347 - 352 - 354 - 357 - 360 - 362 - 365 - 372 - 374 - 375 - 380 - 382 - 383 - 387 - 388 - 389 - 390 - 391 - 395 - 397 - 403 - 404 - 406 - 407 - 409 - 413 - 418 - 420 - 424 - 425 - 426 - 429 - 430 - 436 - 439 - 442 - 443 - 450 - 452 - 453 - 454 - 455 - 457 - 458 - 466 - 472 - 475 - 476 - 477 - 479 - 484 - 486 - 491 - 493 - 495 - 496,7377638.4,11.1,96947,80376,27.06,Cost: 96947 & Capacity: 80376
0 - 2 - 3 - 4 - 5 - 7 - 8 - 9 - 11 - 15 - 18 - 19 - 21 - 22 - 25 - 27 - 28 - 30 - 31 - 34 - 37 - 43 - 44 - 45 - 47 - 48 - 49 - 50 - 51 - 53 - 55 - 56 - 57 - 59 - 60 - 61 - 63 - 66 - 67 - 70 - 73 - 74 - 76 - 80 - 81 - 88 - 89 - 90 - 91 - 96 - 98 - 101 - 106 - 108 - 109 - 111 - 113 - 114 - 119 - 121 - 122 - 123 - 124 - 125 - 126 - 128 - 131 - 132 - 135 - 136 - 138 - 140 - 143 - 145 - 146 - 147 - 149 - 150 - 153 - 157 - 159 - 160 - 162 - 169 - 170 - 174 - 175 - 177 - 179 - 182 - 185 - 186 - 187 - 188 - 190 - 198 - 203 - 205 - 207 - 208 - 210 - 212 - 214 - 222 - 225 - 227 - 233 - 234 - 235 - 237 - 241 - 245 - 249 - 250 - 251 - 252 - 253 - 257 - 258 - 260 - 261 - 263 - 265 - 270 - 272 - 275 - 276 - 277 - 279 - 281 - 284 - 285 - 289 - 290 - 291 - 293 - 295 - 296 - 297 - 298 - 299 - 302 - 304 - 306 - 310 - 313 - 314 - 317 - 318 - 320 - 321 - 323 - 327 - 328 - 329 - 342 - 344 - 346 - 347 - 348 - 350 - 352 - 359 - 360 - 362 - 369 - 373 - 374 - 375 - 376 - 382 - 387 - 388 - 389 - 391 - 392 - 395 - 396 - 397 - 401 - 403 - 405 - 408 - 409 - 410 - 411 - 414 - 415 - 420 - 421 - 422 - 424 - 425 - 426 - 427 - 429 - 430 - 435 - 436 - 437 - 438 - 441 - 442 - 443 - 448 - 449 - 450 - 451 - 453 - 454 - 458 - 460 - 464 - 470 - 471 - 474 - 475 - 483 - 486 - 487 - 491 - 494 - 495,12374964.4,4.8,95323,84697,28.06,Cost: 95323 & Capacity: 84697
1 - 3 - 5 - 6 - 7 - 8 - 9 - 10 - 13 - 15 - 16 - 19 - 20 - 21 - 22 - 25 - 26 - 31 - 34 - 37 - 39 - 40 - 41 - 43 - 44 - 45 - 46 - 47 - 48 - 49 - 50 - 52 - 53 - 54 - 55 - 56 - 57 - 59 - 60 - 61 - 62 - 63 - 66 - 70 - 72 - 73 - 74 - 75 - 77 - 78 - 79 - 80 - 81 - 86 - 87 - 88 - 89 - 90 - 91 - 94 - 96 - 97 - 98 - 101 - 103 - 106 - 108 - 109 - 110 - 113 - 114 - 119 - 121 - 123 - 125 - 126 - 128 - 132 - 135 - 138 - 143 - 144 - 146 - 147 - 148 - 149 - 150 - 152 - 153 - 156 - 157 - 160 - 161 - 163 - 164 - 165 - 168 - 169 - 170 - 174 - 175 - 176 - 177 - 179 - 180 - 181 - 182 - 184 - 186 - 187 - 188 - 194 - 195 - 198 - 203 - 204 - 205 - 207 - 208 - 212 - 213 - 214 - 216 - 219 - 222 - 224 - 225 - 226 - 228 - 232 - 233 - 234 - 235 - 237 - 239 - 240 - 243 - 245 - 246 - 248 - 249 - 250 - 251 - 252 - 253 - 257 - 259 - 260 - 261 - 263 - 265 - 270 - 271 - 274 - 275 - 276 - 277 - 279 - 280 - 281 - 282 - 284 - 285 - 290 - 293 - 295 - 297 - 298 - 299 - 302 - 303 - 305 - 308 - 310 - 312 - 313 - 317 - 318 - 320 - 321 - 322 - 323 - 324 - 326 - 328 - 329 - 330 - 334 - 335 - 337 - 338 - 342 - 343 - 344 - 347 - 348 - 349 - 350 - 351 - 352 - 356 - 359 - 362 - 364 - 365 - 369 - 372 - 374 - 375 - 376 - 379 - 380 - 382 - 385 - 387 - 388 - 389 - 390 - 391 - 392 - 394 - 395 - 396 - 397 - 399 - 400 - 401 - 403 - 408 - 409 - 410 - 411 - 412 - 414 - 415 - 417 - 420 - 422 - 425 - 426 - 427 - 429 - 431 - 433 - 435 - 436 - 437 - 438 - 439 - 441 - 442 - 444 - 446 - 447 - 448 - 449 - 450 - 453 - 454 - 456 - 460 - 461 - 464 - 466 - 468 - 469 - 470 - 471 - 472 - 473 - 474 - 475 - 479 - 482 - 487 - 491 - 492 - 494 - 495 - 496 - 497 - 498 - 499,19868398.9,0.0,95161,98370,28.44,Cost: 95161 & Capacity: 98370
5 - 7 - 8 - 15 - 16 - 19 - 25 - 26 - 27 - 33 - 35 - 37 - 39 - 41 - 42 - 44 - 45 - 47 - 50 - 51 - 54 - 56 - 58 - 65 - 67 - 68 - 77 - 79 - 80 - 81 - 82 - 86 - 89 - 91 - 106 - 109 - 111 - 113 - 118 - 119 - 122 - 126 - 128 - 129 - 130 - 131 - 133 - 135 - 143 - 145 - 146 - 147 - 149 - 150 - 152 - 153 - 159 - 165 - 170 - 172 - 174 - 175 - 176 - 177 - 182 - 185 - 186 - 187 - 193 - 202 - 208 - 210 - 211 - 212 - 214 - 215 - 217 - 220 - 224 - 229 - 234 - 235 - 238 - 242 - 244 - 245 - 249 - 250 - 251 - 253 - 255 - 258 - 262 - 263 - 276 - 277 - 279 - 282 - 286 - 290 - 293 - 295 - 296 - 302 - 305 - 306 - 310 - 312 - 324 - 328 - 333 - 334 - 339 - 342 - 343 - 346 - 347 - 348 - 350 - 352 - 354 - 357 - 359 - 360 - 364 - 366 - 367 - 373 - 376 - 386 - 387 - 389 - 390 - 391 - 395 - 398 - 403 - 405 - 406 - 409 - 411 - 413 - 414 - 418 - 421 - 422 - 424 - 429 - 430 - 431 - 436 - 437 - 438 - 442 - 443 - 445 - 446 - 451 - 452 - 456 - 457 - 458 - 460 - 461 - 464 - 469 - 472 - 473 - 482 - 484 - 487 - 490 - 491 - 492 - 494 - 495 - 496 - 499,8043521.7,10.8,96895,83039,1.24,Cost: 96895 & Capacity: 83039
5 - 8 - 15 - 16 - 19 - 25 - 26 - 33 - 35 - 37 - 39 - 41 - 44 - 45 - 47 - 50 - 51 - 54 - 56 - 65 - 67 - 68 - 77 - 79 - 80 - 81 - 82 - 86 - 89 - 91 - 106 - 109 - 111 - 112 - 113 - 119 - 126 - 128 - 129 - 130 - 131 - 133 - 135 - 143 - 145 - 147 - 149 - 150 - 152 - 153 - 154 - 158 - 159 - 165 - 170 - 172 - 174 - 175 - 176 - 177 - 182 - 185 - 186 - 187 - 193 - 202 - 208 - 210 - 211 - 212 - 217 - 220 - 223 - 224 - 229 - 234 - 235 - 238 - 242 - 244 - 249 - 250 - 251 - 253 - 255 - 258 - 262 - 263 - 272 - 273 - 276 - 279 - 290 - 291 - 293 - 295 - 296 - 302 - 303 - 305 - 306 - 310 - 312 - 321 - 324 - 328 - 334 - 339 - 342 - 343 - 346 - 347 - 348 - 350 - 352 - 354 - 357 - 359 - 360 - 361 - 364 - 366 - 367 - 376 - 386 - 387 - 389 - 390 - 391 - 395 - 403 - 405 - 406 - 409 - 411 - 413 - 414 - 418 - 421 - 422 - 424 - 426 - 429 - 430 - 431 - 436 - 437 - 438 - 442 - 443 - 445 - 446 - 451 - 452 - 456 - 457 - 458 - 460 - 461 - 464 - 466 - 467 - 472 - 473 - 479 - 482 - 483 - 484 - 487 - 490 - 491 - 492 - 494 - 495 - 496 - 499,7862773.2,11.0,96849,82342,1.28,Cost: 96849 & Capacity: 82342
0 - 3 - 5 - 7 - 8 - 9 - 13 - 15 - 19 - 21 - 22 - 25 - 30 - 31 - 34 - 39 - 40 - 43 - 44 - 45 - 47 - 48 - 49 - 50 - 53 - 54 - 55 - 56 - 57 - 59 - 60 - 61 - 62 - 63 - 65 - 66 - 70 - 73 - 74 - 75 - 77 - 78 - 79 - 80 - 81 - 87 - 88 - 89 - 90 - 91 - 94 - 96 - 97 - 98 - 101 - 103 - 106 - 108 - 109 - 113 - 114 - 119 - 121 - 122 - 123 - 125 - 126 - 128 - 129 - 130 - 131 - 132 - 135 - 136 - 138 - 143 - 144 - 146 - 147 - 148 - 149 - 150 - 152 - 153 - 156 - 157 - 160 - 169 - 170 - 174 - 175 - 177 - 179 - 180 - 181 - 182 - 185 - 186 - 187 - 188 - 190 - 193 - 198 - 203 - 204 - 205 - 207 - 208 - 210 - 212 - 213 - 214 - 216 - 219 - 222 - 225 - 232 - 233 - 234 - 235 - 237 - 239 - 243 - 245 - 246 - 248 - 249 - 250 - 251 - 252 - 253 - 257 - 258 - 260 - 261 - 263 - 265 - 270 - 271 - 274 - 275 - 276 - 277 - 279 - 280 - 281 - 282 - 284 - 285 - 289 - 290 - 293 - 295 - 296 - 297 - 298 - 299 - 302 - 303 - 305 - 310 - 312 - 313 - 314 - 315 - 317 - 318 - 320 - 321 - 322 - 323 - 324 - 326 - 327 - 328 - 329 - 334 - 335 - 337 - 342 - 344 - 346 - 347 - 348 - 350 - 351 - 352 - 359 - 360 - 362 - 364 - 365 - 369 - 374 - 375 - 376 - 379 - 380 - 382 - 385 - 387 - 388 - 389 - 390 - 391 - 392 - 394 - 395 - 396 - 397 - 399 - 400 - 401 - 403 - 405 - 408 - 409 - 410 - 411 - 414 - 415 - 420 - 421 - 422 - 424 - 425 - 426 - 427 - 429 - 431 - 435 - 436 - 437 - 438 - 439 - 441 - 442 - 443 - 444 - 446 - 447 - 448 - 449 - 450 - 451 - 453 - 454 - 456 - 457 - 458 - 460 - 461 - 464 - 469 - 470 - 471 - 472 - 473 - 474 - 475 - 486 - 487 - 491 - 494 - 495 - 496 - 497 - 498 - 499,18032365.4,1.4,96945,98836,3.71,Cost: 96945 & Capacity: 98836
3 - 5 - 6 - 7 - 8 - 9 - 10 - 13 - 15 - 16 - 19 - 20 - 21 - 22 - 25 - 26 - 31 - 34 - 37 - 39 - 40 - 41 - 43 - 44 - 45 - 46 - 47 - 48 - 49 - 50 - 53 - 54 - 55 - 56 - 57 - 59 - 61 - 62 - 63 - 65 - 66 - 70 - 72 - 73 - 74 - 75 - 77 - 78 - 79 - 80 - 81 - 87 - 88 - 89 - 90 - 91 - 94 - 96 - 97 - 98 - 101 - 103 - 106 - 108 - 109 - 110 - 113 - 114 - 119 - 121 - 123 - 125 - 126 - 128 - 130 - 132 - 135 - 138 - 143 - 144 - 146 - 147 - 148 - 149 - 150 - 152 - 153 - 156 - 157 - 160 - 161 - 163 - 165 - 169 - 170 - 174 - 175 - 177 - 179 - 180 - 181 - 182 - 184 - 186 - 187 - 188 - 194 - 195 - 198 - 203 - 204 - 205 - 207 - 208 - 211 - 212 - 213 - 214 - 216 - 219 - 222 - 224 - 225 - 226 - 228 - 232 - 233 - 234 - 235 - 237 - 239 - 240 - 243 - 245 - 246 - 248 - 249 - 250 - 251 - 252 - 253 - 257 - 258 - 260 - 261 - 263 - 265 - 270 - 271 - 274 - 275 - 276 - 277 - 279 - 280 - 281 - 282 - 284 - 285 - 289 - 290 - 293 - 295 - 297 - 298 - 299 - 302 - 303 - 305 - 308 - 310 - 312 - 313 - 317 - 318 - 320 - 321 - 322 - 323 - 324 - 326 - 327 - 328 - 329 - 330 - 334 - 335 - 337 - 338 - 339 - 342 - 343 - 344 - 347 - 348 - 349 - 350 - 351 - 352 - 356 - 359 - 362 - 364 - 365 - 369 - 372 - 374 - 375 - 376 - 379 - 380 - 382 - 385 - 387 - 388 - 389 - 390 - 391 - 392 - 394 - 395 - 396 - 397 - 399 - 400 - 401 - 403 - 405 - 408 - 409 - 410 - 411 - 412 - 414 - 415 - 417 - 420 - 422 - 425 - 426 - 427 - 429 - 431 - 433 - 434 - 435 - 436 - 437 - 438 - 439 - 441 - 442 - 444 - 446 - 447 - 448 - 449 - 450 - 453 - 454 - 456 - 460 - 461 - 464 - 466 - 468 - 469 - 470 - 471 - 472 - 473 - 474 - 475 - 479 - 482 - 486 - 487 - 491 - 492 - 494 - 495 - 496 - 497 - 498 - 499,20222142.4,0.0,96951,100750,10.05,Cost: 96951 & Capacity: 100750
3 - 5 - 6 - 7 - 8 - 9 - 10 - 13 - 15 - 16 - 19 - 20 - 21 - 22 - 25 - 26 - 31 - 34 - 37 - 39 - 40 - 41 - 43 - 44 - 45 - 47 - 48 - 49 - 50 - 52 - 53 - 54 - 55 - 56 - 57 - 59 - 60 - 61 - 62 - 63 - 65 - 66 - 70 - 72 - 73 - 74 - 75 - 77 - 78 - 79 - 80 - 81 - 86 - 87 - 88 - 89 - 90 - 91 - 94 - 96 - 97 - 98 - 101 - 103 - 106 - 108 - 109 - 110 - 113 - 114 - 119 - 121 - 123 - 125 - 126 - 128 - 130 - 132 - 135 - 138 - 143 - 144 - 146 - 147 - 148 - 149 - 150 - 152 - 153 - 156 - 157 - 160 - 161 - 163 - 165 - 168 - 169 - 170 - 174 - 175 - 177 - 179 - 180 - 181 - 182 - 184 - 186 - 187 - 188 - 194 - 195 - 198 - 203 - 204 - 205 - 207 - 208 - 211 - 212 - 213 - 214 - 216 - 219 - 222 - 224 - 225 - 226 - 228 - 232 - 233 - 234 - 235 - 237 - 239 - 240 - 243 - 245 - 246 - 248 - 249 - 250 - 251 - 252 - 253 - 257 - 260 - 261 - 263 - 265 - 270 - 271 - 274 - 275 - 276 - 277 - 279 - 280 - 281 - 282 - 284 - 285 - 289 - 290 - 293 - 295 - 297 - 298 - 299 - 302 - 303 - 305 - 308 - 310 - 312 - 313 - 317 - 318 - 320 - 321 - 322 - 323 - 324 - 326 - 328 - 329 - 330 - 334 - 335 - 337 - 338 - 342 - 343 - 344 - 347 - 348 - 349 - 350 - 351 - 352 - 356 - 359 - 362 - 364 - 365 - 369 - 372 - 374 - 375 - 376 - 379 - 380 - 382 - 385 - 387 - 388 - 389 - 390 - 391 - 392 - 394 - 395 - 396 - 397 - 399 - 400 - 401 - 403 - 405 - 408 - 409 - 410 - 411 - 412 - 414 - 415 - 417 - 420 - 422 - 425 - 426 - 427 - 429 - 431 - 433 - 434 - 435 - 436 - 437 - 438 - 439 - 441 - 442 - 444 - 446 - 447 - 448 - 449 - 450 - 453 - 454 - 456 - 460 - 461 - 464 - 466 - 468 - 469 - 470 - 471 - 472 - 473 - 474 - 475 - 479 - 482 - 486 - 487 - 491 - 492 - 494 - 495 - 496 - 497 - 498 - 499,20219005.6,0.0,96954,100994,10.09,Cost: 96954 & Capacity: 100994
0 - 1 - 7 - 8 - 9 - 10 - 12 - 15 - 19 - 20 - 21 - 22 - 24 - 25 - 31 - 33 - 35 - 37 - 39 - 43 - 44 - 45 - 49 - 50 - 51 - 52 - 53 - 54 - 55 - 56 - 61 - 62 - 63 - 65 - 66 - 70 - 72 - 77 - 79 - 80 - 81 - 88 - 89 - 94 - 96 - 98 - 101 - 108 - 109 - 113 - 116 - 119 - 121 - 122 - 123 - 126 - 128 - 129 - 131 - 132 - 135 - 143 - 145 - 147 - 153 - 160 - 165 - 168 - 170 - 171 - 174 - 175 - 176 - 177 - 179 - 182 - 187 - 188 - 191 - 192 - 193 - 194 - 198 - 203 - 204 - 208 - 211 - 212 - 213 - 214 - 219 - 221 - 222 - 225 - 227 - 230 - 235 - 239 - 240 - 245 - 248 - 249 - 250 - 251 - 252 - 253 - 257 - 258 - 261 - 262 - 263 - 265 - 268 - 270 - 273 - 276 - 277 - 279 - 280 - 281 - 284 - 289 - 290 - 291 - 295 - 296 - 297 - 298 - 300 - 302 - 303 - 310 - 312 - 314 - 315 - 316 - 321 - 323 - 324 - 327 - 328 - 329 - 333 - 338 - 339 - 343 - 344 - 347 - 351 - 352 - 358 - 359 - 360 - 362 - 364 - 365 - 367 - 369 - 373 - 376 - 380 - 382 - 389 - 390 - 391 - 395 - 397 - 398 - 400 - 403 - 405 - 406 - 408 - 409 - 410 - 413 - 414 - 415 - 420 - 421 - 422 - 424 - 425 - 427 - 428 - 429 - 430 - 431 - 433 - 436 - 437 - 438 - 446 - 448 - 449 - 450 - 451 - 452 - 456 - 457 - 458 - 460 - 461 - 464 - 465 - 468 - 470 - 471 - 472 - 473 - 475 - 479 - 484 - 486 - 487 - 490 - 491 - 494 - 495 - 496 - 499,12343787.5,5.0,96959,88840,14.58,Cost: 96959 & Capacity: 88840
0 - 3 - 5 - 7 - 8 - 9 - 13 - 15 - 19 - 21 - 22 - 25 - 30 - 31 - 34 - 37 - 39 - 43 - 44 - 45 - 47 - 48 - 49 - 50 - 51 - 53 - 54 - 55 - 56 - 57 - 59 - 60 - 61 - 62 - 63 - 65 - 66 - 70 - 73 - 74 - 77 - 78 - 79 - 80 - 81 - 87 - 88 - 89 - 90 - 91 - 94 - 96 - 98 - 101 - 104 - 106 - 108 - 109 - 113 - 114 - 119 - 121 - 122 - 123 - 125 - 126 - 128 - 130 - 131 - 132 - 135 - 136 - 138 - 141 - 143 - 146 - 147 - 148 - 149 - 150 - 152 - 153 - 156 - 157 - 160 - 169 - 170 - 174 - 175 - 177 - 179 - 180 - 181 - 182 - 185 - 186 - 187 - 188 - 190 - 193 - 198 - 203 - 205 - 207 - 208 - 210 - 212 - 213 - 214 - 216 - 219 - 222 - 224 - 225 - 227 - 232 - 233 - 234 - 235 - 237 - 243 - 245 - 246 - 249 - 250 - 251 - 252 - 253 - 257 - 258 - 260 - 261 - 263 - 265 - 267 - 270 - 275 - 276 - 277 - 279 - 281 - 282 - 284 - 285 - 289 - 290 - 291 - 293 - 295 - 296 - 297 - 298 - 299 - 302 - 303 - 305 - 310 - 312 - 313 - 314 - 315 - 317 - 318 - 320 - 321 - 322 - 323 - 324 - 326 - 327 - 328 - 329 - 334 - 335 - 342 - 344 - 346 - 347 - 348 - 350 - 351 - 352 - 359 - 360 - 362 - 364 - 365 - 369 - 374 - 375 - 376 - 379 - 380 - 382 - 385 - 387 - 388 - 389 - 390 - 391 - 392 - 394 - 395 - 396 - 397 - 399 - 400 - 401 - 403 - 405 - 408 - 409 - 410 - 411 - 414 - 415 - 420 - 421 - 422 - 424 - 425 - 426 - 427 - 429 - 430 - 435 - 436 - 437 - 438 - 441 - 442 - 443 - 444 - 446 - 447 - 448 - 449 - 450 - 451 - 453 - 454 - 457 - 458 - 460 - 461 - 464 - 469 - 470 - 471 - 472 - 473 - 474 - 475 - 486 - 487 - 491 - 494 - 495 - 496 - 497 - 499,17040875.0,1.8,96944,97199,16.69,Cost: 96944 & Capacity: 97199
3 - 5 - 6 - 7 - 8 - 9 - 10 - 13 - 15 - 16 - 19 - 20 - 21 - 22 - 25 - 26 - 31 - 34 - 37 - 39 - 40 - 41 - 43 - 44 - 45 - 47 - 48 - 49 - 50 - 52 - 53 - 54 - 55 - 56 - 57 - 59 - 60 - 61 - 62 - 63 - 65 - 66 - 70 - 72 - 73 - 74 - 75 - 77 - 78 - 79 - 80 - 81 - 86 - 87 - 88 - 89 - 90 - 91 - 94 - 96 - 97 - 98 - 101 - 103 - 106 - 108 - 109 - 110 - 113 - 114 - 119 - 121 - 123 - 125 - 126 - 128 - 130 - 132 - 135 - 138 - 143 - 144 - 146 - 147 - 148 - 149 - 150 - 152 - 153 - 156 - 157 - 160 - 161 - 163 - 165 - 168 - 169 - 170 - 174 - 175 - 177 - 179 - 180 - 181 - 182 - 184 - 186 - 187 - 188 - 194 - 195 - 198 - 203 - 204 - 205 - 207 - 208 - 211 - 212 - 213 - 214 - 216 - 219 - 222 - 224 - 225 - 226 - 228 - 232 - 233 - 234 - 235 - 237 - 239 - 240 - 243 - 245 - 246 - 248 - 249 - 250 - 251 - 252 - 253 - 257 - 260 - 261 - 263 - 265 - 270 - 271 - 274 - 275 - 276 - 277 - 279 - 280 - 281 - 282 - 284 - 285 - 289 - 290 - 293 - 295 - 297 - 298 - 299 - 302 - 303 - 305 - 308 - 310 - 312 - 313 - 317 - 318 - 320 - 321 - 322 - 323 - 324 - 326 - 328 - 329 - 330 - 334 - 335 - 337 - 338 - 342 - 343 - 344 - 347 - 348 - 349 - 350 - 351 - 352 - 356 - 359 - 362 - 364 - 365 - 369 - 372 - 374 - 375 - 376 - 379 - 380 - 382 - 385 - 387 - 388 - 389 - 390 - 391 - 392 - 394 - 395 - 396 - 397 - 399 - 400 - 401 - 403 - 405 - 408 - 409 - 410 - 411 - 412 - 414 - 415 - 417 - 420 - 422 - 425 - 426 - 427 - 429 - 431 - 433 - 434 - 435 - 436 - 437 - 438 - 439 - 441 - 442 - 444 - 446 - 447 - 448 - 449 - 450 - 453 - 454 - 456 - 460 - 461 - 464 - 466 - 468 - 469 - 470 - 471 - 472 - 473 - 474 - 475 - 479 - 482 - 486 - 487 - 491 - 492 - 494 - 495 - 496 - 497 - 498 - 499,20219005.6,0.0,96954,100994,16.9,Cost: 96954 & Capacity: 100994
3 - 5 - 6 - 7 - 8 - 9 - 10 - 13 - 15 - 16 - 19 - 20 - 21 - 22 - 25 - 26 - 31 - 34 - 37 - 39 - 40 - 41 - 43 - 44 - 45 - 47 - 48 - 49 - 50 - 52 - 53 - 54 - 55 - 56 - 57 - 59 - 60 - 61 - 62 - 63 - 65 - 66 - 70 - 72 - 73 - 74 - 75 - 77 - 78 - 79 - 80 - 81 - 86 - 87 - 88 - 89 - 90 - 91 - 94 - 96 - 97 - 98 - 101 - 103 - 106 - 108 - 109 - 110 - 113 - 114 - 119 - 121 - 123 - 125 - 126 - 128 - 130 - 132 - 135 - 138 - 143 - 144 - 146 - 147 - 148 - 149 - 150 - 152 - 153 - 156 - 157 - 160 - 161 - 163 - 165 - 168 - 169 - 170 - 174 - 175 - 177 - 179 - 180 - 181 - 182 - 184 - 186 - 187 - 188 - 194 - 195 - 198 - 203 - 204 - 205 - 207 - 208 - 211 - 212 - 213 - 214 - 216 - 219 - 222 - 224 - 225 - 226 - 228 - 232 - 233 - 234 - 235 - 237 - 239 - 240 - 243 - 245 - 246 - 248 - 249 - 250 - 251 - 252 - 253 - 257 - 260 - 261 - 263 - 265 - 270 - 271 - 274 - 275 - 276 - 277 - 279 - 280 - 281 - 282 - 284 - 285 - 289 - 290 - 293 - 295 - 297 - 298 - 299 - 302 - 303 - 305 - 308 - 310 - 312 - 313 - 317 - 318 - 320 - 321 - 322 - 323 - 324 - 326 - 328 - 329 - 330 - 334 - 335 - 337 - 338 - 342 - 343 - 344 - 347 - 348 - 349 - 350 - 351 - 352 - 356 - 359 - 362 - 364 - 365 - 369 - 372 - 374 - 375 - 376 - 379 - 380 - 382 - 385 - 387 - 388 - 389 - 390 - 391 - 392 - 394 - 395 - 396 - 397 - 399 - 400 - 401 - 403 - 405 - 408 - 409 - 410 - 411 - 412 - 414 - 415 - 417 - 420 - 422 - 425 - 426 - 427 - 429 - 431 - 433 - 434 - 435 - 436 - 437 - 438 - 439 - 441 - 442 - 444 - 446 - 447 - 448 - 449 - 450 - 453 - 454 - 456 - 460 - 461 - 464 - 466 - 468 - 469 - 470 - 471 - 472 - 473 - 474 - 475 - 479 - 482 - 486 - 487 - 491 - 492 - 494 - 495 - 496 - 497 - 498 - 499,20219005.6,0.0,96954,100994,17.66,Cost: 96954 & Capacity: 100994
3 - 5 - 6 - 7 - 8 - 9 - 10 - 13 - 15 - 16 - 19 - 20 - 21 - 22 - 25 - 26 - 31 - 34 - 37 - 39 - 40 - 41 - 43 - 44 - 45 - 47 - 48 - 49 - 50 - 52 - 53 - 54 - 55 - 56 - 57 - 59 - 60 - 61 - 62 - 63 - 65 - 66 - 70 - 72 - 73 - 74 - 75 - 77 - 78 - 79 - 80 - 81 - 86 - 87 - 88 - 89 - 90 - 91 - 94 - 96 - 97 - 98 - 101 - 103 - 106 - 108 - 109 - 110 - 113 - 114 - 119 - 121 - 123 - 125 - 126 - 128 - 130 - 132 - 135 - 138 - 143 - 144 - 146 - 147 - 148 - 149 - 150 - 152 - 153 - 156 - 157 - 160 - 161 - 163 - 165 - 168 - 169 - 170 - 174 - 175 - 177 - 179 - 180 - 181 - 182 - 184 - 186 - 187 - 188 - 194 - 195 - 198 - 203 - 204 - 205 - 207 - 208 - 211 - 212 - 213 - 214 - 216 - 219 - 222 - 224 - 225 - 226 - 228 - 232 - 233 - 234 - 235 - 237 - 239 - 240 - 243 - 245 - 246 - 248 - 249 - 250 - 251 - 252 - 253 - 257 - 260 - 261 - 263 - 265 - 270 - 271 - 274 - 275 - 276 - 277 - 279 - 280 - 281 - 282 - 284 - 285 - 289 - 290 - 293 - 295 - 297 - 298 - 299 - 302 - 303 - 305 - 308 - 310 - 312 - 313 - 317 - 318 - 320 - 321 - 322 - 323 - 324 - 326 - 328 - 329 - 330 - 334 - 335 - 337 - 338 - 342 - 343 - 344 - 347 - 348 - 349 - 350 - 351 - 352 - 356 - 359 - 362 - 364 - 365 - 369 - 372 - 374 - 375 - 376 - 379 - 380 - 382 - 385 - 387 - 388 - 389 - 390 - 391 - 392 - 394 - 395 - 396 - 397 - 399 - 400 - 401 - 403 - 405 - 408 - 409 - 410 - 411 - 412 - 414 - 415 - 417 - 420 - 422 - 425 - 426 - 427 - 429 - 431 - 433 - 434 - 435 - 436 - 437 - 438 - 439 - 441 - 442 - 444 - 446 - 447 - 448 - 449 - 450 - 453 - 454 - 456 - 460 - 461 - 464 - 466 - 468 - 469 - 470 - 471 - 472 - 473 - 474 - 475 - 479 - 482 - 486 - 487 - 491 - 492 - 494 - 495 - 496 - 497 - 498 - 499,20219005.6,0.0,96954,100994,22.62,Cost: 96954 & Capacity: 100994
3 - 5 - 6 - 7 - 8 - 9 - 10 - 13 - 15 - 16 - 19 - 20 - 21 - 22 - 25 - 26 - 31 - 34 - 37 - 39 - 40 - 41 - 43 - 44 - 45 - 47 - 48 - 49 - 50 - 52 - 53 - 54 - 55 - 56 - 57 - 59 - 60 - 61 - 62 - 63 - 65 - 66 - 70 - 72 - 73 - 74 - 75 - 77 - 78 - 79 - 80 - 81 - 86 - 87 - 88 - 89 - 90 - 91 - 94 - 96 - 97 - 98 - 101 - 103 - 106 - 108 - 109 - 110 - 113 - 114 - 119 - 121 - 123 - 125 - 126 - 128 - 130 - 132 - 135 - 138 - 143 - 144 - 146 - 147 - 148 - 149 - 150 - 152 - 153 - 156 - 157 - 160 - 161 - 163 - 165 - 168 - 169 - 170 - 174 - 175 - 177 - 179 - 180 - 181 - 182 - 184 - 186 - 187 - 188 - 194 - 195 - 198 - 203 - 204 - 205 - 207 - 208 - 211 - 212 - 213 - 214 - 216 - 219 - 222 - 224 - 225 - 226 - 228 - 232 - 233 - 234 - 235 - 237 - 239 - 240 - 243 - 245 - 246 - 248 - 249 - 250 - 251 - 252 - 253 - 257 - 260 - 261 - 263 - 265 - 270 - 271 - 274 - 275 - 276 - 277 - 279 - 280 - 281 - 282 - 284 - 285 - 289 - 290 - 293 - 295 - 297 - 298 - 299 - 302 - 303 - 305 - 308 - 310 - 312 - 313 - 317 - 318 - 320 - 321 - 322 - 323 - 324 - 326 - 328 - 329 - 330 - 334 - 335 - 337 - 338 - 342 - 343 - 344 - 347 - 348 - 349 - 350 - 351 - 352 - 356 - 359 - 362 - 364 - 365 - 369 - 372 - 374 - 375 - 376 - 379 - 380 - 382 - 385 - 387 - 388 - 389 - 390 - 391 - 392 - 394 - 395 - 396 - 397 - 399 - 400 - 401 - 403 - 405 - 408 - 409 - 410 - 411 - 412 - 414 - 415 - 417 - 420 - 422 - 425 - 426 - 427 - 429 - 431 - 433 - 434 - 435 - 436 - 437 - 438 - 439 - 441 - 442 - 444 - 446 - 447 - 448 - 449 - 450 - 453 - 454 - 456 - 460 - 461 - 464 - 466 - 468 - 469 - 470 - 471 - 472 - 473 - 474 - 475 - 479 - 482 - 486 - 487 - 491 - 492 - 494 - 495 - 496 - 497 - 498 - 499,20219005.6,0.0,96954,100994,25.85,Cost: 96954 & Capacity: 100994
0 - 3 - 5 - 6 - 7 - 8 - 10 - 13 - 15 - 19 - 20 - 21 - 22 - 24 - 31 - 33 - 39 - 43 - 44 - 45 - 47 - 48 - 49 - 50 - 51 - 53 - 54 - 55 - 56 - 57 - 59 - 61 - 62 - 63 - 65 - 66 - 70 - 73 - 77 - 78 - 79 - 81 - 87 - 88 - 89 - 90 - 91 - 96 - 98 - 101 - 103 - 104 - 106 - 108 - 109 - 110 - 113 - 114 - 119 - 121 - 123 - 125 - 126 - 130 - 132 - 135 - 138 - 141 - 143 - 144 - 145 - 146 - 147 - 148 - 149 - 150 - 152 - 153 - 156 - 157 - 159 - 160 - 163 - 165 - 170 - 172 - 174 - 175 - 177 - 179 - 180 - 181 - 182 - 186 - 187 - 188 - 194 - 198 - 203 - 204 - 205 - 207 - 208 - 211 - 212 - 213 - 214 - 216 - 219 - 222 - 225 - 226 - 229 - 232 - 233 - 234 - 235 - 237 - 239 - 243 - 245 - 246 - 248 - 249 - 250 - 251 - 252 - 253 - 257 - 258 - 260 - 261 - 263 - 265 - 270 - 271 - 273 - 274 - 275 - 276 - 277 - 279 - 280 - 281 - 284 - 285 - 289 - 290 - 291 - 293 - 295 - 296 - 297 - 298 - 299 - 302 - 303 - 305 - 310 - 312 - 313 - 315 - 317 - 318 - 320 - 321 - 322 - 323 - 324 - 326 - 327 - 328 - 329 - 330 - 334 - 335 - 337 - 338 - 342 - 343 - 344 - 346 - 347 - 348 - 349 - 350 - 351 - 352 - 356 - 358 - 359 - 362 - 364 - 365 - 366 - 369 - 374 - 375 - 376 - 379 - 380 - 382 - 385 - 387 - 388 - 389 - 390 - 391 - 392 - 394 - 395 - 396 - 397 - 399 - 400 - 401 - 403 - 405 - 408 - 409 - 410 - 413 - 414 - 415 - 417 - 420 - 422 - 425 - 426 - 427 - 429 - 431 - 433 - 434 - 435 - 436 - 438 - 439 - 441 - 442 - 444 - 446 - 447 - 448 - 449 - 450 - 451 - 453 - 454 - 456 - 457 - 458 - 460 - 464 - 465 - 468 - 469 - 470 - 471 - 473 - 474 - 477 - 482 - 484 - 486 - 487 - 491 - 494 - 495 - 496 - 497 - 499,18700060.8,0.2,96944,96615,27.05,Cost: 96944 & Capacity: 96615
3 - 5 - 6 - 7 - 8 - 9 - 10 - 13 - 15 - 16 - 19 - 20 - 21 - 22 - 25 - 26 - 31 - 34 - 37 - 39 - 40 - 41 - 43 - 44 - 45 - 47 - 48 - 49 - 50 - 52 - 53 - 54 - 55 - 56 - 57 - 59 - 60 - 61 - 62 - 63 - 65 - 66 - 70 - 72 - 73 - 74 - 75 - 77 - 78 - 79 - 80 - 81 - 86 - 87 - 88 - 89 - 90 - 91 - 94 - 96 - 97 - 98 - 101 - 103 - 106 - 108 - 109 - 110 - 113 - 114 - 119 - 121 - 123 - 125 - 126 - 128 - 130 - 132 - 135 - 138 - 143 - 144 - 146 - 147 - 148 - 149 - 150 - 152 - 153 - 156 - 157 - 160 - 161 - 163 - 165 - 168 - 169 - 170 - 174 - 175 - 177 - 179 - 180 - 181 - 182 - 184 - 186 - 187 - 188 - 194 - 195 - 198 - 203 - 204 - 205 - 207 - 208 - 211 - 212 - 213 - 214 - 216 - 219 - 222 - 224 - 225 - 226 - 228 - 232 - 233 - 234 - 235 - 237 - 239 - 240 - 243 - 245 - 246 - 248 - 249 - 250 - 251 - 252 - 253 - 257 - 260 - 261 - 263 - 265 - 270 - 271 - 274 - 275 - 276 - 277 - 279 - 280 - 281 - 282 - 284 - 285 - 289 - 290 - 293 - 295 - 297 - 298 - 299 - 302 - 303 - 305 - 308 - 310 - 312 - 313 - 317 - 318 - 320 - 321 - 322 - 323 - 324 - 326 - 328 - 329 - 330 - 334 - 335 - 337 - 338 - 342 - 343 - 344 - 347 - 348 - 349 - 350 - 351 - 352 - 356 - 359 - 362 - 364 - 365 - 369 - 372 - 374 - 375 - 376 - 379 - 380 - 382 - 385 - 387 - 388 - 389 - 390 - 391 - 392 - 394 - 395 - 396 - 397 - 399 - 400 - 401 - 403 - 405 - 408 - 409 - 410 - 411 - 412 - 414 - 415 - 417 - 420 - 422 - 425 - 426 - 427 - 429 - 431 - 433 - 434 - 435 - 436 - 437 - 438 - 439 - 441 - 442 - 444 - 446 - 447 - 448 - 449 - 450 - 453 - 454 - 456 - 460 - 461 - 464 - 466 - 468 - 469 - 470 - 471 - 472 - 473 - 474 - 475 - 479 - 482 - 486 - 487 - 491 - 492 - 494 - 495 - 496 - 497 - 498 - 499,20219005.6,0.0,96954,100994,29.26,Cost: 96954 & Capacity: 100994
3 - 5 - 6 - 7 - 8 - 9 - 10 - 13 - 15 - 16 - 19 - 20 - 21 - 22 - 25 - 26 - 31 - 34 - 37 - 39 - 40 - 41 - 43 - 44 - 45 - 47 - 48 - 49 - 50 - 52 - 53 - 54 - 55 - 56 - 57 - 59 - 60 - 61 - 62 - 63 - 65 - 66 - 70 - 72 - 73 - 74 - 75 - 77 - 78 - 79 - 80 - 81 - 86 - 87 - 88 - 89 - 90 - 91 - 94 - 96 - 97 - 98 - 101 - 103 - 106 - 108 - 109 - 110 - 113 - 114 - 119 - 121 - 123 - 125 - 126 - 128 - 130 - 132 - 135 - 138 - 143 - 144 - 146 - 147 - 148 - 149 - 150 - 152 - 153 - 156 - 157 - 160 - 161 - 163 - 165 - 168 - 169 - 170 - 174 - 175 - 177 - 179 - 180 - 181 - 182 - 184 - 186 - 187 - 188 - 194 - 195 - 198 - 203 - 204 - 205 - 207 - 208 - 211 - 212 - 213 - 214 - 216 - 219 - 222 - 224 - 225 - 226 - 228 - 232 - 233 - 234 - 235 - 237 - 239 - 240 - 243 - 245 - 246 - 248 - 249 - 250 - 251 - 252 - 253 - 257 - 260 - 261 - 263 - 265 - 270 - 271 - 274 - 275 - 276 - 277 - 279 - 280 - 281 - 282 - 284 - 285 - 289 - 290 - 293 - 295 - 297 - 298 - 299 - 302 - 303 - 305 - 308 - 310 - 312 - 313 - 317 - 318 - 320 - 321 - 322 - 323 - 324 - 326 - 328 - 329 - 330 - 334 - 335 - 337 - 338 - 342 - 343 - 344 - 347 - 348 - 349 - 350 - 351 - 352 - 356 - 359 - 362 - 364 - 365 - 369 - 372 - 374 - 375 - 376 - 379 - 380 - 382 - 385 - 387 - 388 - 389 - 390 - 391 - 392 - 394 - 395 - 396 - 397 - 399 - 400 - 401 - 403 - 405 - 408 - 409 - 410 - 411 - 412 - 414 - 415 - 417 - 420 - 422 - 425 - 426 - 427 - 429 - 431 - 433 - 434 - 435 - 436 - 437 - 438 - 439 - 441 - 442 - 444 - 446 - 447 - 448 - 449 - 450 - 453 - 454 - 456 - 460 - 461 - 464 - 466 - 468 - 469 - 470 - 471 - 472 - 473 - 474 - 475 - 479 - 482 - 486 - 487 - 491 - 492 - 494 - 495 - 496 - 497 - 498 - 499,20219005.6,0.0,96954,100994,29.72,Cost: 96954 & Capacity: 100994
1 - 3 - 5 - 6 - 7 - 8 - 9 - 10 - 13 - 15 - 16 - 19 - 20 - 21 - 22 - 25 - 26 - 31 - 34 - 37 - 39 - 40 - 41 - 43 - 44 - 45 - 46 - 47 - 48 - 49 - 50 - 52 - 53 - 54 - 55 - 56 - 57 - 59 - 60 - 61 - 62 - 63 - 66 - 70 - 72 - 73 - 74 - 75 - 77 - 78 - 79 - 80 - 81 - 86 - 87 - 88 - 89 - 90 - 91 - 94 - 96 - 97 - 98 - 101 - 103 - 106 - 108 - 109 - 110 - 113 - 114 - 119 - 121 - 123 - 125 - 126 - 128 - 129 - 130 - 132 - 135 - 138 - 143 - 144 - 146 - 147 - 148 - 149 - 150 - 152 - 153 - 156 - 157 - 160 - 161 - 163 - 164 - 165 - 168 - 169 - 170 - 174 - 175 - 176 - 177 - 179 - 180 - 181 - 182 - 184 - 186 - 187 - 188 - 194 - 195 - 198 - 203 - 204 - 205 - 207 - 208 - 212 - 213 - 214 - 216 - 219 - 222 - 224 - 225 - 226 - 228 - 232 - 233 - 234 - 235 - 237 - 239 - 240 - 243 - 245 - 246 - 248 - 249 - 250 - 251 - 252 - 253 - 257 - 259 - 260 - 261 - 263 - 265 - 270 - 271 - 274 - 275 - 276 - 277 - 279 - 280 - 281 - 282 - 284 - 285 - 290 - 293 - 295 - 297 - 298 - 299 - 302 - 303 - 305 - 308 - 310 - 312 - 313 - 317 - 318 - 320 - 321 - 322 - 323 - 324 - 326 - 328 - 329 - 330 - 334 - 337 - 338 - 342 - 343 - 344 - 347 - 348 - 349 - 350 - 351 - 352 - 356 - 359 - 362 - 364 - 365 - 369 - 372 - 374 - 375 - 376 - 379 - 380 - 382 - 385 - 387 - 388 - 389 - 390 - 391 - 392 - 394 - 395 - 396 - 397 - 399 - 400 - 401 - 403 - 408 - 409 - 410 - 411 - 412 - 414 - 415 - 417 - 420 - 422 - 425 - 426 - 427 - 429 - 431 - 433 - 435 - 436 - 437 - 438 - 439 - 441 - 442 - 444 - 446 - 447 - 448 - 449 - 450 - 453 - 454 - 456 - 460 - 461 - 464 - 466 - 468 - 469 - 470 - 471 - 472 - 473 - 474 - 475 - 479 - 482 - 487 - 491 - 492 - 494 - 495 - 496 - 497 - 498 - 499,19995964.0,0.0,95815,99471,29.67,Cost: 95815 & Capacity: 99471
3 - 5 - 6 - 7 - 8 - 9 - 10 - 13 - 15 - 16 - 19 - 20 - 21 - 22 - 25 - 26 - 31 - 34 - 37 - 39 - 40 - 41 - 43 - 44 - 45 - 47 - 48 - 49 - 50 - 52 - 53 - 54 - 55 - 56 - 57 - 59 - 60 - 61 - 62 - 63 - 65 - 66 - 70 - 72 - 73 - 74 - 75 - 77 - 78 - 79 - 80 - 81 - 86 - 87 - 88 - 89 - 90 - 91 - 94 - 96 - 97 - 98 - 101 - 103 - 106 - 108 - 109 - 110 - 113 - 114 - 119 - 121 - 123 - 125 - 126 - 128 - 130 - 132 - 135 - 138 - 143 - 144 - 146 - 147 - 148 - 149 - 150 - 152 - 153 - 156 - 157 - 160 - 161 - 163 - 165 - 168 - 169 - 170 - 174 - 175 - 177 - 179 - 180 - 181 - 182 - 184 - 186 - 187 - 188 - 194 - 195 - 198 - 203 - 204 - 205 - 207 - 208 - 211 - 212 - 213 - 214 - 216 - 219 - 222 - 224 - 225 - 226 - 228 - 232 - 233 - 234 - 235 - 237 - 239 - 240 - 243 - 245 - 246 - 248 - 249 - 250 - 251 - 252 - 253 - 257 - 260 - 261 - 263 - 265 - 270 - 271 - 274 - 275 - 276 - 277 - 279 - 280 - 281 - 282 - 284 - 285 - 289 - 290 - 293 - 295 - 297 - 298 - 299 - 302 - 303 - 305 - 308 - 310 - 312 - 313 - 317 - 318 - 320 - 321 - 322 - 323 - 324 - 326 - 328 - 329 - 330 - 334 - 335 - 337 - 338 - 342 - 343 - 344 - 347 - 348 - 349 - 350 - 351 - 352 - 356 - 359 - 362 - 364 - 365 - 369 - 372 - 374 - 375 - 376 - 379 - 380 - 382 - 385 - 387 - 388 - 389 - 390 - 391 - 392 - 394 - 395 - 396 - 397 - 399 - 400 - 401 - 403 - 405 - 408 - 409 - 410 - 411 - 412 - 414 - 415 - 417 - 420 - 422 - 425 - 426 - 427 - 429 - 431 - 433 - 434 - 435 - 436 - 437 - 438 - 439 - 441 - 442 - 444 - 446 - 447 - 448 - 449 - 450 - 453 - 454 - 456 - 460 - 461 - 464 - 466 - 468 - 469 - 470 - 471 - 472 - 473 - 474 - 475 - 479 - 482 - 486 - 487 - 491 - 492 - 494 - 495 - 496 - 497 - 498 - 499,20219005.6,0.0,96954,100994,30.48,Cost: 96954 & Capacity: 100994
3 - 5 - 6 - 7 - 8 - 9 - 10 - 13 - 15 - 16 - 19 - 20 - 21 - 22 - 25 - 26 - 31 - 34 - 37 - 39 - 40 - 41 - 43 - 44 - 45 - 47 - 48 - 49 - 50 - 52 - 53 - 54 - 55 - 56 - 57 - 59 - 60 - 61 - 62 - 63 - 65 - 66 - 70 - 72 - 73 - 74 - 75 - 77 - 78 - 79 - 80 - 81 - 86 - 87 - 88 - 89 - 90 - 91 - 94 - 96 - 97 - 98 - 101 - 103 - 106 - 108 - 109 - 110 - 113 - 114 - 119 - 121 - 123 - 125 - 126 - 128 - 130 - 132 - 135 - 138 - 143 - 144 - 146 - 147 - 148 - 149 - 150 - 152 - 153 - 156 - 157 - 160 - 161 - 163 - 165 - 168 - 169 - 170 - 174 - 175 - 177 - 179 - 180 - 181 - 182 - 184 - 186 - 187 - 188 - 194 - 195 - 198 - 203 - 204 - 205 - 207 - 208 - 211 - 212 - 213 - 214 - 216 - 219 - 222 - 224 - 225 - 226 - 228 - 232 - 233 - 234 - 235 - 237 - 239 - 240 - 243 - 245 - 246 - 248 - 249 - 250 - 251 - 252 - 253 - 257 - 260 - 261 - 263 - 265 - 270 - 271 - 274 - 275 - 276 - 277 - 279 - 280 - 281 - 282 - 284 - 285 - 289 - 290 - 293 - 295 - 297 - 298 - 299 - 302 - 303 - 305 - 308 - 310 - 312 - 313 - 317 - 318 - 320 - 321 - 322 - 323 - 324 - 326 - 328 - 329 - 330 - 334 - 335 - 337 - 338 - 342 - 343 - 344 - 347 - 348 - 349 - 350 - 351 - 352 - 356 - 359 - 362 - 364 - 365 - 369 - 372 - 374 - 375 - 376 - 379 - 380 - 382 - 385 - 387 - 388 - 389 - 390 - 391 - 392 - 394 - 395 - 396 - 397 - 399 - 400 - 401 - 403 - 405 - 408 - 409 - 410 - 411 - 412 - 414 - 415 - 417 - 420 - 422 - 425 - 426 - 427 - 429 - 431 - 433 - 434 - 435 - 436 - 437 - 438 - 439 - 441 - 442 - 444 - 446 - 447 - 448 - 449 - 450 - 453 - 454 - 456 - 460 - 461 - 464 - 466 - 468 - 469 - 470 - 471 - 472 - 473 - 474 - 475 - 479 - 482 - 486 - 487 - 491 - 492 - 494 - 495 - 496 - 497 - 498 - 499,20219005.6,0.0,96954,100994,32.59,Cost: 96954 & Capacity: 100994
1 - 3 - 5 - 6 - 7 - 8 - 9 - 10 - 13 - 15 - 16 - 19 - 20 - 21 - 22 - 25 - 26 - 31 - 34 - 37 - 39 - 40 - 41 - 43 - 44 - 45 - 46 - 47 - 48 - 49 - 50 - 52 - 53 - 54 - 55 - 56 - 57 - 59 - 60 - 61 - 62 - 63 - 66 - 70 - 72 - 73 - 74 - 75 - 77 - 78 - 79 - 80 - 81 - 86 - 87 - 88 - 89 - 90 - 91 - 94 - 96 - 97 - 98 - 101 - 103 - 106 - 108 - 109 - 110 - 113 - 114 - 119 - 121 - 123 - 125 - 126 - 128 - 129 - 130 - 132 - 135 - 138 - 143 - 144 - 146 - 147 - 148 - 149 - 150 - 152 - 153 - 156 - 157 - 160 - 161 - 163 - 164 - 165 - 168 - 169 - 170 - 174 - 175 - 176 - 177 - 179 - 180 - 181 - 182 - 184 - 186 - 187 - 188 - 194 - 195 - 198 - 203 - 204 - 205 - 207 - 208 - 212 - 213 - 214 - 216 - 219 - 222 - 224 - 225 - 226 - 228 - 232 - 233 - 234 - 235 - 237 - 239 - 240 - 243 - 245 - 246 - 248 - 249 - 250 - 251 - 252 - 253 - 257 - 259 - 260 - 261 - 263 - 265 - 270 - 271 - 274 - 275 - 276 - 277 - 279 - 280 - 281 - 282 - 284 - 285 - 290 - 293 - 295 - 297 - 298 - 299 - 302 - 303 - 305 - 308 - 310 - 312 - 313 - 317 - 318 - 320 - 321 - 322 - 323 - 324 - 326 - 328 - 329 - 330 - 334 - 337 - 338 - 342 - 343 - 344 - 347 - 348 - 349 - 350 - 351 - 352 - 356 - 359 - 362 - 364 - 365 - 369 - 372 - 374 - 375 - 376 - 379 - 380 - 382 - 385 - 387 - 388 - 389 - 390 - 391 - 392 - 394 - 395 - 396 - 397 - 399 - 400 - 401 - 403 - 408 - 409 - 410 - 411 - 412 - 414 - 415 - 417 - 420 - 422 - 425 - 426 - 427 - 429 - 431 - 433 - 435 - 436 - 437 - 438 - 439 - 441 - 442 - 444 - 446 - 447 - 448 - 449 - 450 - 453 - 454 - 456 - 460 - 461 - 464 - 466 - 468 - 469 - 470 - 471 - 472 - 473 - 474 - 475 - 479 - 482 - 487 - 491 - 492 - 494 - 495 - 496 - 497 - 498 - 499,19995964.0,0.0,95815,99471,35.88,Cost: 95815 & Capacity: 99471
1 - 3 - 5 - 6 - 7 - 8 - 9 - 10 - 13 - 15 - 16 - 19 - 20 - 21 - 22 - 25 - 26 - 31 - 34 - 37 - 39 - 40 - 41 - 43 - 44 - 45 - 46 - 47 - 48 - 49 - 50 - 52 - 53 - 54 - 55 - 56 - 57 - 59 - 60 - 61 - 62 - 63 - 66 - 70 - 72 - 73 - 74 - 75 - 77 - 78 - 79 - 80 - 81 - 86 - 87 - 88 - 89 - 90 - 91 - 94 - 96 - 97 - 98 - 101 - 103 - 106 - 108 - 109 - 110 - 113 - 114 - 119 - 121 - 123 - 125 - 126 - 128 - 129 - 132 - 135 - 138 - 143 - 144 - 146 - 147 - 148 - 149 - 150 - 152 - 153 - 156 - 157 - 160 - 161 - 163 - 164 - 165 - 168 - 169 - 170 - 174 - 175 - 176 - 177 - 179 - 180 - 181 - 182 - 184 - 186 - 187 - 188 - 194 - 195 - 198 - 203 - 204 - 205 - 207 - 208 - 212 - 213 - 214 - 216 - 219 - 222 - 224 - 225 - 226 - 228 - 232 - 233 - 234 - 235 - 237 - 239 - 240 - 243 - 245 - 246 - 248 - 249 - 250 - 251 - 252 - 253 - 257 - 259 - 260 - 261 - 263 - 265 - 270 - 271 - 274 - 275 - 276 - 277 - 279 - 280 - 281 - 282 - 284 - 285 - 290 - 293 - 295 - 297 - 298 - 299 - 302 - 303 - 305 - 308 - 310 - 312 - 313 - 317 - 318 - 320 - 321 - 322 - 323 - 324 - 326 - 328 - 329 - 330 - 334 - 337 - 338 - 342 - 343 - 344 - 347 - 348 - 349 - 350 - 351 - 352 - 356 - 359 - 362 - 364 - 365 - 369 - 372 - 374 - 375 - 376 - 379 - 380 - 382 - 385 - 387 - 388 - 389 - 390 - 391 - 392 - 394 - 395 - 396 - 397 - 399 - 400 - 401 - 403 - 408 - 409 - 410 - 411 - 412 - 414 - 415 - 417 - 420 - 422 - 425 - 426 - 427 - 429 - 431 - 433 - 435 - 436 - 437 - 438 - 439 - 441 - 442 - 444 - 446 - 447 - 448 - 449 - 450 - 453 - 454 - 456 - 460 - 461 - 464 - 466 - 468 - 469 - 470 - 471 - 472 - 473 - 474 - 475 - 479 - 482 - 487 - 491 - 492 - 494 - 495 - 496 - 497 - 498 - 499,19854836.0,0.0,95156,98505,35.89,Cost: 95156 & Capacity: 98505
3 - 5 - 6 - 7 - 8 - 9 - 10 - 13 - 15 - 16 - 19 - 20 - 21 - 22 - 25 - 26 - 31 - 34 - 37 - 39 - 40 - 41 - 43 - 44 - 45 - 47 - 48 - 49 - 50 - 52 - 53 - 54 - 55 - 56 - 57 - 59 - 60 - 61 - 62 - 63 - 65 - 66 - 70 - 72 - 73 - 74 - 75 - 77 - 78 - 79 - 80 - 81 - 86 - 87 - 88 - 89 - 90 - 91 - 94 - 96 - 97 - 98 - 101 - 103 - 106 - 108 - 109 - 110 - 113 - 114 - 119 - 121 - 123 - 125 - 126 - 128 - 130 - 132 - 135 - 138 - 143 - 144 - 146 - 147 - 148 - 149 - 150 - 152 - 153 - 156 - 157 - 160 - 161 - 163 - 165 - 168 - 169 - 170 - 174 - 175 - 177 - 179 - 180 - 181 - 182 - 184 - 186 - 187 - 188 - 194 - 195 - 198 - 203 - 204 - 205 - 207 - 208 - 211 - 212 - 213 - 214 - 216 - 219 - 222 - 224 - 225 - 226 - 228 - 232 - 233 - 234 - 235 - 237 - 239 - 240 - 243 - 245 - 246 - 248 - 249 - 250 - 251 - 252 - 253 - 257 - 260 - 261 - 263 - 265 - 270 - 271 - 274 - 275 - 276 - 277 - 279 - 280 - 281 - 282 - 284 - 285 - 289 - 290 - 293 - 295 - 297 - 298 - 299 - 302 - 303 - 305 - 308 - 310 - 312 - 313 - 317 - 318 - 320 - 321 - 322 - 323 - 324 - 326 - 328 - 329 - 330 - 334 - 335 - 337 - 338 - 342 - 343 - 344 - 347 - 348 - 349 - 350 - 351 - 352 - 356 - 359 - 362 - 364 - 365 - 369 - 372 - 374 - 375 - 376 - 379 - 380 - 382 - 385 - 387 - 388 - 389 - 390 - 391 - 392 - 394 - 395 - 396 - 397 - 399 - 400 - 401 - 403 - 405 - 408 - 409 - 410 - 411 - 412 - 414 - 415 - 417 - 420 - 422 - 425 - 426 - 427 - 429 - 431 - 433 - 434 - 435 - 436 - 437 - 438 - 439 - 441 - 442 - 444 - 446 - 447 - 448 - 449 - 450 - 453 - 454 - 456 - 460 - 461 - 464 - 466 - 468 - 469 - 470 - 471 - 472 - 473 - 474 - 475 - 479 - 482 - 486 - 487 - 491 - 492 - 494 - 495 - 496 - 497 - 498 - 499,20219005.6,0.0,96954,100994,36.12,Cost: 96954 & Capacity: 100994
0 - 5 - 7 - 8 - 9 - 13 - 15 - 17 - 19 - 23 - 31 - 32 - 33 - 38 - 39 - 44 - 45 - 47 - 50 - 53 - 56 - 58 - 61 - 63 - 65 - 66 - 67 - 77 - 79 - 81 - 90 - 91 - 96 - 105 - 106 - 108 - 109 - 112 - 119 - 122 - 126 - 127 - 130 - 131 - 135 - 143 - 144 - 145 - 146 - 149 - 153 - 154 - 159 - 168 - 169 - 170 - 172 - 174 - 175 - 176 - 179 - 180 - 185 - 187 - 188 - 192 - 193 - 195 - 197 - 198 - 205 - 210 - 212 - 217 - 220 - 229 - 233 - 234 - 235 - 249 - 253 - 255 - 257 - 262 - 263 - 271 - 272 - 274 - 276 - 279 - 281 - 282 - 285 - 288 - 289 - 290 - 291 - 293 - 295 - 296 - 297 - 302 - 303 - 305 - 312 - 317 - 319 - 323 - 328 - 342 - 343 - 346 - 348 - 352 - 355 - 359 - 360 - 361 - 362 - 363 - 364 - 366 - 367 - 372 - 373 - 375 - 376 - 378 - 380 - 381 - 382 - 383 - 387 - 390 - 391 - 395 - 396 - 397 - 398 - 402 - 403 - 405 - 406 - 409 - 412 - 413 - 418 - 425 - 429 - 430 - 437 - 438 - 442 - 445 - 446 - 447 - 449 - 452 - 455 - 457 - 458 - 459 - 460 - 461 - 467 - 469 - 472 - 479 - 482 - 484 - 486 - 487 - 488 - 490 - 491 - 492 - 493 - 494 - 495 - 496 - 499,8286538.6,10.3,96895,83821,41.48,Cost: 96895 & Capacity: 83821
3 - 5 - 6 - 7 - 8 - 9 - 10 - 13 - 15 - 16 - 19 - 20 - 21 - 22 - 25 - 26 - 31 - 34 - 37 - 39 - 40 - 41 - 43 - 44 - 45 - 46 - 47 - 48 - 49 - 50 - 53 - 54 - 55 - 56 - 57 - 59 - 61 - 62 - 63 - 65 - 66 - 70 - 72 - 73 - 74 - 75 - 77 - 78 - 79 - 80 - 81 - 87 - 88 - 89 - 90 - 91 - 94 - 96 - 97 - 98 - 101 - 103 - 106 - 108 - 109 - 110 - 113 - 114 - 119 - 121 - 123 - 125 - 126 - 128 - 130 - 132 - 135 - 138 - 143 - 144 - 146 - 147 - 148 - 149 - 150 - 152 - 153 - 156 - 157 - 160 - 161 - 163 - 165 - 169 - 170 - 174 - 175 - 177 - 179 - 180 - 181 - 182 - 184 - 185 - 186 - 187 - 188 - 194 - 195 - 198 - 203 - 204 - 205 - 207 - 208 - 211 - 212 - 213 - 214 - 216 - 219 - 222 - 224 - 225 - 226 - 228 - 232 - 233 - 234 - 235 - 237 - 239 - 240 - 243 - 245 - 246 - 248 - 249 - 250 - 251 - 252 - 253 - 257 - 258 - 260 - 261 - 263 - 265 - 270 - 271 - 274 - 275 - 276 - 277 - 279 - 280 - 281 - 282 - 284 - 285 - 289 - 290 - 293 - 295 - 297 - 298 - 299 - 302 - 303 - 305 - 308 - 310 - 312 - 313 - 315 - 317 - 318 - 320 - 321 - 322 - 323 - 324 - 326 - 328 - 329 - 330 - 334 - 335 - 337 - 338 - 342 - 343 - 344 - 347 - 348 - 349 - 350 - 351 - 352 - 356 - 359 - 362 - 364 - 365 - 369 - 372 - 374 - 375 - 376 - 379 - 380 - 382 - 385 - 387 - 388 - 389 - 390 - 391 - 392 - 394 - 395 - 396 - 397 - 399 - 400 - 401 - 403 - 405 - 408 - 409 - 410 - 411 - 412 - 414 - 415 - 417 - 420 - 422 - 425 - 426 - 427 - 429 - 431 - 433 - 434 - 435 - 436 - 437 - 438 - 439 - 441 - 442 - 444 - 446 - 447 - 448 - 449 - 450 - 453 - 454 - 456 - 460 - 461 - 464 - 466 - 468 - 469 - 470 - 471 - 472 - 473 - 474 - 475 - 479 - 482 - 486 - 487 - 491 - 492 - 494 - 495 - 496 - 497 - 498 - 499,20234367.0,0.0,96958,101320,41.66,Cost: 96958 & Capacity: 101320
1 - 3 - 5 - 6 - 7 - 8 - 9 - 10 - 13 - 15 - 16 - 19 - 20 - 21 - 22 - 25 - 26 - 31 - 34 - 37 - 39 - 40 - 41 - 43 - 44 - 45 - 46 - 47 - 48 - 49 - 50 - 52 - 53 - 54 - 55 - 56 - 57 - 59 - 60 - 61 - 62 - 63 - 66 - 70 - 72 - 73 - 74 - 75 - 77 - 78 - 79 - 80 - 81 - 86 - 87 - 88 - 89 - 90 - 91 - 94 - 96 - 97 - 98 - 101 - 103 - 106 - 108 - 109 - 110 - 113 - 114 - 119 - 121 - 123 - 125 - 126 - 128 - 129 - 130 - 132 - 135 - 138 - 143 - 144 - 146 - 147 - 148 - 149 - 150 - 152 - 153 - 156 - 157 - 160 - 161 - 163 - 164 - 165 - 168 - 169 - 170 - 174 - 175 - 176 - 177 - 179 - 180 - 181 - 182 - 184 - 186 - 187 - 188 - 194 - 195 - 198 - 203 - 204 - 205 - 207 - 208 - 212 - 213 - 214 - 216 - 219 - 222 - 224 - 225 - 226 - 228 - 232 - 233 - 234 - 235 - 237 - 239 - 240 - 243 - 245 - 246 - 248 - 249 - 250 - 251 - 252 - 253 - 257 - 259 - 260 - 261 - 263 - 265 - 270 - 271 - 274 - 275 - 276 - 277 - 279 - 280 - 281 - 282 - 284 - 285 - 290 - 293 - 295 - 297 - 298 - 299 - 302 - 303 - 305 - 308 - 310 - 312 - 313 - 317 - 318 - 320 - 321 - 322 - 323 - 324 - 326 - 328 - 329 - 330 - 334 - 337 - 338 - 342 - 343 - 344 - 347 - 348 - 349 - 350 - 351 - 352 - 356 - 359 - 362 - 364 - 365 - 369 - 372 - 374 - 375 - 376 - 379 - 380 - 382 - 385 - 387 - 388 - 389 - 390 - 391 - 392 - 394 - 395 - 396 - 397 - 399 - 400 - 401 - 403 - 408 - 409 - 410 - 411 - 412 - 414 - 415 - 417 - 420 - 422 - 425 - 426 - 427 - 429 - 431 - 433 - 435 - 436 - 437 - 438 - 439 - 441 - 442 - 444 - 446 - 447 - 448 - 449 - 450 - 453 - 454 - 456 - 460 - 461 - 464 - 466 - 468 - 469 - 470 - 471 - 472 - 473 - 474 - 475 - 479 - 482 - 487 - 491 - 492 - 494 - 495 - 496 - 497 - 498 - 499,19995964.0,0.0,95815,99471,41.55,Cost: 95815 & Capacity: 99471
1 - 3 - 5 - 6 - 7 - 8 - 9 - 10 - 13 - 15 - 16 - 19 - 20 - 21 - 22 - 25 - 26 - 31 - 34 - 37 - 39 - 40 - 41 - 43 - 44 - 45 - 46 - 47 - 48 - 49 - 50 - 52 - 53 - 54 - 55 - 56 - 57 - 59 - 60 - 61 - 62 - 63 - 66 - 70 - 72 - 73 - 74 - 75 - 77 - 78 - 79 - 80 - 81 - 86 - 87 - 88 - 89 - 90 - 91 - 94 - 96 - 97 - 98 - 101 - 103 - 106 - 108 - 109 - 110 - 113 - 114 - 119 - 121 - 123 - 125 - 126 - 128 - 129 - 132 - 135 - 138 - 143 - 144 - 146 - 147 - 148 - 149 - 150 - 152 - 153 - 156 - 157 - 160 - 161 - 163 - 164 - 165 - 168 - 169 - 170 - 174 - 175 - 176 - 177 - 179 - 180 - 181 - 182 - 184 - 186 - 187 - 188 - 194 - 195 - 198 - 203 - 204 - 205 - 207 - 208 - 212 - 213 - 214 - 216 - 219 - 222 - 224 - 225 - 226 - 228 - 232 - 233 - 234 - 235 - 237 - 239 - 240 - 243 - 245 - 246 - 248 - 249 - 250 - 251 - 252 - 253 - 257 - 259 - 260 - 261 - 263 - 265 - 270 - 271 - 274 - 275 - 276 - 277 - 279 - 280 - 281 - 282 - 284 - 285 - 290 - 293 - 295 - 297 - 298 - 299 - 302 - 303 - 305 - 308 - 310 - 312 - 313 - 317 - 318 - 320 - 321 - 322 - 323 - 324 - 326 - 328 - 329 - 330 - 334 - 337 - 338 - 342 - 343 - 344 - 347 - 348 - 349 - 350 - 351 - 352 - 356 - 359 - 362 - 364 - 365 - 369 - 372 - 374 - 375 - 376 - 379 - 380 - 382 - 385 - 387 - 388 - 389 - 390 - 391 - 392 - 394 - 395 - 396 - 397 - 399 - 400 - 401 - 403 - 408 - 409 - 410 - 411 - 412 - 414 - 415 - 417 - 420 - 422 - 425 - 426 - 427 - 429 - 431 - 433 - 435 - 436 - 437 - 438 - 439 - 441 - 442 - 444 - 446 - 447 - 448 - 449 - 450 - 453 - 454 - 456 - 460 - 461 - 464 - 466 - 468 - 469 - 470 - 471 - 472 - 473 - 474 - 475 - 479 - 482 - 487 - 491 - 492 - 494 - 495 - 496 - 497 - 498 - 499,19854836.0,0.0,95156,98505,41.55,Cost: 95156 & Capacity: 98505
1 - 3 - 5 - 6 - 7 - 8 - 9 - 10 - 13 - 15 - 16 - 19 - 20 - 21 - 22 - 25 - 26 - 31 - 34 - 37 - 39 - 40 - 41 - 43 - 44 - 45 - 46 - 47 - 48 - 49 - 50 - 52 - 53 - 54 - 55 - 56 - 57 - 59 - 60 - 61 - 62 - 63 - 66 - 70 - 72 - 73 - 74 - 75 - 77 - 78 - 79 - 80 - 81 - 86 - 87 - 88 - 89 - 90 - 91 - 94 - 96 - 97 - 98 - 101 - 103 - 106 - 108 - 109 - 110 - 113 - 114 - 119 - 121 - 123 - 125 - 126 - 128 - 129 - 132 - 135 - 138 - 143 - 144 - 146 - 147 - 148 - 149 - 150 - 152 - 153 - 156 - 157 - 160 - 161 - 163 - 164 - 165 - 168 - 169 - 170 - 174 - 175 - 176 - 177 - 179 - 180 - 181 - 182 - 184 - 186 - 187 - 188 - 194 - 195 - 198 - 203 - 204 - 205 - 207 - 208 - 212 - 213 - 214 - 216 - 219 - 222 - 224 - 225 - 226 - 228 - 232 - 233 - 234 - 235 - 237 - 239 - 240 - 243 - 245 - 246 - 248 - 249 - 250 - 251 - 252 - 253 - 257 - 259 - 260 - 261 - 263 - 265 - 270 - 271 - 274 - 275 - 276 - 277 - 279 - 280 - 281 - 282 - 284 - 285 - 290 - 293 - 295 - 297 - 298 - 299 - 302 - 303 - 305 - 308 - 310 - 312 - 313 - 317 - 318 - 320 - 321 - 322 - 323 - 324 - 326 - 328 - 329 - 330 - 334 - 337 - 338 - 342 - 343 - 344 - 347 - 348 - 349 - 350 - 351 - 352 - 356 - 359 - 362 - 364 - 365 - 369 - 372 - 374 - 375 - 376 - 379 - 380 - 382 - 385 - 387 - 388 - 389 - 390 - 391 - 392 - 394 - 395 - 396 - 397 - 399 - 400 - 401 - 403 - 408 - 409 - 410 - 411 - 412 - 414 - 415 - 417 - 420 - 422 - 425 - 426 - 427 - 429 - 431 - 433 - 435 - 436 - 437 - 438 - 439 - 441 - 442 - 444 - 446 - 447 - 448 - 449 - 450 - 453 - 454 - 456 - 460 - 461 - 464 - 466 - 468 - 469 - 470 - 471 - 472 - 473 - 474 - 475 - 479 - 482 - 487 - 491 - 492 - 494 - 495 - 496 - 497 - 498 - 499,19854836.0,0.0,95156,98505,44.91,Cost: 95156 & Capacity: 98505
0 - 3 - 5 - 7 - 8 - 9 - 11 - 13 - 15 - 19 - 21 - 22 - 25 - 30 - 31 - 34 - 37 - 39 - 43 - 44 - 45 - 47 - 48 - 49 - 50 - 51 - 53 - 55 - 56 - 57 - 59 - 60 - 61 - 62 - 63 - 65 - 66 - 70 - 73 - 74 - 80 - 81 - 88 - 89 - 90 - 91 - 94 - 96 - 97 - 98 - 101 - 104 - 106 - 108 - 109 - 113 - 114 - 119 - 121 - 122 - 123 - 125 - 126 - 128 - 130 - 131 - 132 - 135 - 136 - 138 - 140 - 141 - 143 - 145 - 146 - 147 - 149 - 150 - 153 - 156 - 157 - 160 - 163 - 169 - 170 - 174 - 175 - 177 - 179 - 182 - 185 - 186 - 187 - 188 - 190 - 193 - 198 - 203 - 205 - 207 - 208 - 210 - 212 - 213 - 214 - 222 - 227 - 228 - 233 - 234 - 235 - 237 - 245 - 249 - 250 - 251 - 252 - 257 - 258 - 260 - 261 - 263 - 265 - 267 - 268 - 270 - 272 - 273 - 275 - 276 - 277 - 279 - 281 - 282 - 284 - 285 - 289 - 290 - 291 - 293 - 295 - 296 - 297 - 298 - 299 - 300 - 302 - 303 - 305 - 306 - 310 - 312 - 313 - 314 - 317 - 318 - 320 - 321 - 323 - 327 - 328 - 329 - 333 - 342 - 344 - 346 - 347 - 348 - 350 - 352 - 357 - 359 - 360 - 362 - 364 - 365 - 369 - 373 - 374 - 375 - 376 - 380 - 382 - 387 - 388 - 389 - 391 - 392 - 395 - 396 - 397 - 400 - 401 - 403 - 405 - 408 - 409 - 410 - 411 - 414 - 415 - 420 - 421 - 422 - 424 - 425 - 426 - 427 - 429 - 430 - 435 - 436 - 437 - 438 - 441 - 442 - 443 - 447 - 448 - 449 - 450 - 451 - 453 - 454 - 457 - 458 - 460 - 464 - 470 - 471 - 474 - 475 - 483 - 486 - 487 - 490 - 491 - 494 - 495 - 497,14397877.8,4.2,96903,91571,47.8,Cost: 96903 & Capacity: 91571
2 - 3 - 7 - 10 - 11 - 21 - 24 - 25 - 31 - 35 - 37 - 40 - 41 - 49 - 56 - 58 - 66 - 67 - 69 - 72 - 73 - 74 - 76 - 79 - 80 - 81 - 83 - 87 - 91 - 93 - 98 - 99 - 105 - 108 - 109 - 111 - 116 - 117 - 119 - 124 - 125 - 127 - 141 - 143 - 145 - 146 - 148 - 149 - 150 - 157 - 161 - 162 - 169 - 172 - 174 - 175 - 176 - 179 - 181 - 187 - 193 - 194 - 195 - 198 - 203 - 206 - 209 - 211 - 214 - 216 - 219 - 221 - 222 - 224 - 227 - 230 - 232 - 234 - 235 - 241 - 246 - 248 - 250 - 254 - 260 - 262 - 263 - 273 - 276 - 280 - 289 - 292 - 293 - 295 - 306 - 310 - 315 - 316 - 320 - 324 - 334 - 339 - 352 - 355 - 356 - 359 - 360 - 367 - 376 - 377 - 378 - 379 - 385 - 387 - 389 - 390 - 397 - 402 - 405 - 407 - 409 - 411 - 413 - 414 - 418 - 430 - 431 - 436 - 437 - 439 - 446 - 448 - 449 - 452 - 457 - 458 - 463 - 465 - 467 - 475 - 479 - 481 - 484 - 487 - 493 - 494 - 495,5481412.7,16.4,90115,78472,48.31,Cost: 90115 & Capacity: 78472
2 - 3 - 7 - 10 - 11 - 21 - 24 - 25 - 31 - 35 - 37 - 40 - 41 - 42 - 49 - 56 - 58 - 66 - 67 - 69 - 72 - 73 - 74 - 76 - 79 - 80 - 81 - 83 - 87 - 91 - 93 - 98 - 99 - 105 - 108 - 109 - 111 - 116 - 117 - 119 - 124 - 125 - 127 - 141 - 143 - 145 - 146 - 148 - 149 - 150 - 157 - 161 - 162 - 169 - 172 - 174 - 175 - 176 - 179 - 181 - 187 - 193 - 194 - 195 - 198 - 203 - 206 - 209 - 211 - 214 - 216 - 219 - 221 - 222 - 224 - 227 - 230 - 232 - 234 - 235 - 241 - 246 - 248 - 250 - 254 - 260 - 262 - 263 - 273 - 276 - 280 - 289 - 292 - 293 - 295 - 306 - 310 - 315 - 316 - 320 - 324 - 334 - 339 - 352 - 355 - 356 - 359 - 360 - 366 - 367 - 376 - 377 - 378 - 379 - 385 - 387 - 389 - 390 - 397 - 402 - 405 - 407 - 409 - 411 - 413 - 414 - 418 - 430 - 431 - 436 - 437 - 439 - 446 - 448 - 449 - 452 - 457 - 458 - 463 - 465 - 467 - 475 - 479 - 481 - 484 - 487 - 493 - 494 - 495,5630802.0,16.3,92094,80080,48.31,Cost: 92094 & Capacity: 80080
2 - 3 - 7 - 10 - 11 - 20 - 21 - 24 - 25 - 31 - 35 - 37 - 40 - 41 - 42 - 49 - 53 - 56 - 57 - 58 - 66 - 67 - 69 - 72 - 73 - 74 - 76 - 79 - 80 - 81 - 83 - 87 - 91 - 93 - 98 - 99 - 104 - 105 - 108 - 109 - 111 - 116 - 117 - 119 - 124 - 125 - 127 - 129 - 130 - 141 - 143 - 145 - 146 - 148 - 149 - 150 - 157 - 161 - 162 - 169 - 172 - 174 - 175 - 176 - 179 - 181 - 187 - 188 - 193 - 194 - 195 - 198 - 203 - 206 - 209 - 211 - 214 - 216 - 219 - 221 - 222 - 224 - 227 - 230 - 232 - 234 - 235 - 241 - 246 - 248 - 250 - 254 - 260 - 262 - 263 - 273 - 276 - 280 - 289 - 292 - 293 - 295 - 306 - 310 - 315 - 316 - 320 - 323 - 324 - 334 - 339 - 352 - 355 - 356 - 359 - 360 - 366 - 367 - 376 - 377 - 378 - 379 - 385 - 387 - 389 - 390 - 397 - 402 - 405 - 407 - 409 - 411 - 413 - 414 - 418 - 425 - 430 - 431 - 436 - 437 - 439 - 446 - 448 - 449 - 452 - 457 - 458 - 463 - 465 - 467 - 475 - 479 - 481 - 484 - 487 - 493 - 494 - 495,6308975.4,13.4,96213,84683,48.31,Cost: 96213 & Capacity: 84683
2 - 3 - 7 - 10 - 11 - 20 - 21 - 24 - 25 - 31 - 35 - 37 - 40 - 41 - 42 - 49 - 53 - 56 - 57 - 58 - 66 - 67 - 69 - 72 - 73 - 74 - 76 - 79 - 80 - 81 - 83 - 87 - 91 - 93 - 98 - 99 - 104 - 105 - 108 - 109 - 111 - 116 - 117 - 119 - 124 - 125 - 127 - 129 - 130 - 141 - 143 - 145 - 146 - 148 - 149 - 150 - 157 - 161 - 162 - 169 - 172 - 174 - 175 - 176 - 179 - 181 - 187 - 188 - 193 - 194 - 195 - 198 - 203 - 206 - 209 - 211 - 214 - 216 - 219 - 221 - 222 - 224 - 227 - 230 - 232 - 234 - 235 - 241 - 246 - 248 - 250 - 254 - 260 - 262 - 263 - 273 - 276 - 280 - 289 - 292 - 293 - 295 - 306 - 310 - 315 - 316 - 320 - 323 - 324 - 334 - 339 - 352 - 355 - 356 - 359 - 360 - 366 - 367 - 376 - 377 - 378 - 379 - 385 - 387 - 389 - 390 - 397 - 402 - 405 - 407 - 409 - 411 - 413 - 414 - 418 - 425 - 430 - 431 - 436 - 437 - 439 - 446 - 448 - 449 - 452 - 457 - 458 - 463 - 465 - 467 - 469 - 473 - 475 - 479 - 481 - 484 - 487 - 493 - 494 - 495,6466290.3,13.3,96405,84860,48.31,Cost: 96405 & Capacity: 84860
2 - 3 - 7 - 10 - 11 - 20 - 21 - 24 - 25 - 31 - 35 - 37 - 40 - 41 - 42 - 44 - 49 - 53 - 56 - 57 - 58 - 66 - 67 - 69 - 72 - 73 - 74 - 76 - 79 - 80 - 81 - 83 - 87 - 91 - 93 - 98 - 99 - 104 - 105 - 108 - 109 - 111 - 116 - 117 - 119 - 124 - 125 - 127 - 129 - 130 - 141 - 143 - 145 - 146 - 148 - 149 - 150 - 157 - 161 - 162 - 169 - 172 - 174 - 175 - 176 - 179 - 181 - 187 - 188 - 193 - 194 - 195 - 198 - 203 - 206 - 209 - 211 - 214 - 216 - 219 - 221 - 222 - 224 - 227 - 230 - 232 - 234 - 235 - 241 - 246 - 248 - 250 - 254 - 260 - 262 - 263 - 273 - 276 - 280 - 289 - 292 - 293 - 295 - 306 - 310 - 315 - 316 - 320 - 323 - 324 - 334 - 339 - 352 - 355 - 356 - 359 - 360 - 362 - 366 - 367 - 376 - 377 - 378 - 379 - 385 - 387 - 389 - 390 - 397 - 402 - 405 - 407 - 409 - 411 - 413 - 414 - 418 - 425 - 430 - 431 - 436 - 437 - 438 - 439 - 446 - 448 - 449 - 452 - 457 - 458 - 463 - 465 - 467 - 469 - 473 - 475 - 479 - 481 - 484 - 487 - 493 - 494 - 495,6707183.6,12.8,96636,85182,48.31,Cost: 96636 & Capacity: 85182
2 - 3 - 7 - 10 - 11 - 20 - 21 - 24 - 25 - 31 - 35 - 37 - 40 - 41 - 42 - 44 - 49 - 53 - 56 - 57 - 58 - 66 - 67 - 69 - 72 - 73 - 74 - 76 - 79 - 80 - 81 - 83 - 87 - 91 - 93 - 98 - 99 - 104 - 105 - 108 - 109 - 111 - 116 - 117 - 119 - 124 - 125 - 127 - 129 - 130 - 135 - 141 - 143 - 145 - 146 - 148 - 149 - 150 - 157 - 161 - 162 - 169 - 172 - 174 - 175 - 176 - 179 - 181 - 187 - 188 - 193 - 194 - 195 - 198 - 203 - 206 - 209 - 211 - 214 - 216 - 219 - 221 - 222 - 224 - 227 - 230 - 232 - 234 - 235 - 241 - 246 - 248 - 250 - 254 - 260 - 262 - 263 - 273 - 276 - 280 - 289 - 292 - 293 - 295 - 305 - 306 - 310 - 315 - 316 - 320 - 323 - 324 - 334 - 339 - 352 - 355 - 356 - 359 - 360 - 362 - 366 - 367 - 376 - 377 - 378 - 379 - 385 - 387 - 389 - 390 - 397 - 402 - 405 - 407 - 409 - 411 - 413 - 414 - 418 - 425 - 430 - 431 - 436 - 437 - 438 - 439 - 446 - 448 - 449 - 452 - 457 - 458 - 463 - 465 - 467 - 469 - 473 - 475 - 479 - 481 - 484 - 487 - 493 - 494 - 495,6865264.2,12.4,96935,85515,48.31,Cost: 96935 & Capacity: 85515
3 - 5 - 6 - 7 - 8 - 9 - 10 - 13 - 15 - 16 - 19 - 20 - 21 - 22 - 25 - 26 - 31 - 34 - 37 - 39 - 40 - 41 - 43 - 44 - 45 - 47 - 48 - 49 - 50 - 52 - 53 - 54 - 55 - 56 - 57 - 59 - 60 - 61 - 62 - 63 - 65 - 66 - 70 - 72 - 73 - 74 - 75 - 77 - 78 - 79 - 80 - 81 - 86 - 87 - 88 - 89 - 90 - 91 - 94 - 96 - 97 - 98 - 101 - 103 - 106 - 108 - 109 - 110 - 113 - 114 - 119 - 121 - 123 - 125 - 126 - 128 - 130 - 132 - 135 - 138 - 143 - 144 - 146 - 147 - 148 - 149 - 150 - 152 - 153 - 156 - 157 - 160 - 161 - 163 - 165 - 168 - 169 - 170 - 174 - 175 - 177 - 179 - 180 - 181 - 182 - 184 - 186 - 187 - 188 - 194 - 195 - 198 - 203 - 204 - 205 - 207 - 208 - 211 - 212 - 213 - 214 - 216 - 219 - 222 - 224 - 225 - 226 - 228 - 232 - 233 - 234 - 235 - 237 - 239 - 240 - 243 - 245 - 246 - 248 - 249 - 250 - 251 - 252 - 253 - 257 - 260 - 261 - 263 - 265 - 270 - 271 - 274 - 275 - 276 - 277 - 279 - 280 - 281 - 282 - 284 - 285 - 289 - 290 - 293 - 295 - 297 - 298 - 299 - 302 - 303 - 305 - 308 - 310 - 312 - 313 - 317 - 318 - 320 - 321 - 322 - 323 - 324 - 326 - 328 - 329 - 330 - 334 - 335 - 337 - 338 - 342 - 343 - 344 - 347 - 348 - 349 - 350 - 351 - 352 - 356 - 359 - 362 - 364 - 365 - 369 - 372 - 374 - 375 - 376 - 379 - 380 - 382 - 385 - 387 - 388 - 389 - 390 - 391 - 392 - 394 - 395 - 396 - 397 - 399 - 400 - 401 - 403 - 405 - 408 - 409 - 410 - 411 - 412 - 414 - 415 - 417 - 420 - 422 - 425 - 426 - 427 - 429 - 431 - 433 - 434 - 435 - 436 - 437 - 438 - 439 - 441 - 442 - 444 - 446 - 447 - 448 - 449 - 450 - 453 - 454 - 456 - 460 - 461 - 464 - 466 - 468 - 469 - 470 - 471 - 472 - 473 - 474 - 475 - 479 - 482 - 486 - 487 - 491 - 492 - 494 - 495 - 496 - 497 - 498 - 499,20219005.6,0.0,96954,100994,51.93,Cost: 96954 & Capacity: 100994
3 - 5 - 6 - 7 - 8 - 9 - 10 - 13 - 15 - 16 - 19 - 20 - 21 - 22 - 25 - 26 - 31 - 34 - 37 - 39 - 40 - 41 - 43 - 44 - 45 - 47 - 48 - 49 - 50 - 52 - 53 - 54 - 55 - 56 - 57 - 59 - 60 - 61 - 62 - 63 - 65 - 66 - 70 - 72 - 73 - 74 - 75 - 77 - 78 - 79 - 80 - 81 - 86 - 87 - 88 - 89 - 90 - 91 - 94 - 96 - 97 - 98 - 101 - 103 - 106 - 108 - 109 - 110 - 113 - 114 - 119 - 121 - 123 - 125 - 126 - 128 - 130 - 132 - 135 - 138 - 143 - 144 - 146 - 147 - 148 - 149 - 150 - 152 - 153 - 156 - 157 - 160 - 161 - 163 - 165 - 168 - 169 - 170 - 174 - 175 - 177 - 179 - 180 - 181 - 182 - 184 - 186 - 187 - 188 - 194 - 195 - 198 - 203 - 204 - 205 - 207 - 208 - 211 - 212 - 213 - 214 - 216 - 219 - 222 - 224 - 225 - 226 - 228 - 232 - 233 - 234 - 235 - 237 - 239 - 240 - 243 - 245 - 246 - 248 - 249 - 250 - 251 - 252 - 253 - 257 - 260 - 261 - 263 - 265 - 270 - 271 - 274 - 275 - 276 - 277 - 279 - 280 - 281 - 282 - 284 - 285 - 289 - 290 - 293 - 295 - 297 - 298 - 299 - 302 - 303 - 305 - 308 - 310 - 312 - 313 - 317 - 318 - 320 - 321 - 322 - 323 - 324 - 326 - 328 - 329 - 330 - 334 - 335 - 337 - 338 - 342 - 343 - 344 - 347 - 348 - 349 - 350 - 351 - 352 - 356 - 359 - 362 - 364 - 365 - 369 - 372 - 374 - 375 - 376 - 379 - 380 - 382 - 385 - 387 - 388 - 389 - 390 - 391 - 392 - 394 - 395 - 396 - 397 - 399 - 400 - 401 - 403 - 405 - 408 - 409 - 410 - 411 - 412 - 414 - 415 - 417 - 420 - 422 - 425 - 426 - 427 - 429 - 431 - 433 - 434 - 435 - 436 - 437 - 438 - 439 - 441 - 442 - 444 - 446 - 447 - 448 - 449 - 450 - 453 - 454 - 456 - 460 - 461 - 464 - 466 - 468 - 469 - 470 - 471 - 472 - 473 - 474 - 475 - 479 - 482 - 486 - 487 - 491 - 492 - 494 - 495 - 496 - 497 - 498 - 499,20219005.6,0.0,96954,100994,52.61,Cost: 96954 & Capacity: 100994
3 - 5 - 6 - 7 - 8 - 9 - 10 - 13 - 15 - 16 - 19 - 20 - 21 - 22 - 25 - 26 - 31 - 34 - 37 - 39 - 40 - 41 - 43 - 44 - 45 - 47 - 48 - 49 - 50 - 52 - 53 - 54 - 55 - 56 - 57 - 59 - 60 - 61 - 62 - 63 - 65 - 66 - 70 - 72 - 73 - 74 - 75 - 77 - 78 - 79 - 80 - 81 - 86 - 87 - 88 - 89 - 90 - 91 - 94 - 96 - 97 - 98 - 101 - 103 - 106 - 108 - 109 - 110 - 113 - 114 - 119 - 121 - 123 - 125 - 126 - 128 - 130 - 132 - 135 - 138 - 143 - 144 - 146 - 147 - 148 - 149 - 150 - 152 - 153 - 156 - 157 - 160 - 161 - 163 - 165 - 168 - 169 - 170 - 174 - 175 - 177 - 179 - 180 - 181 - 182 - 184 - 186 - 187 - 188 - 194 - 195 - 198 - 203 - 204 - 205 - 207 - 208 - 211 - 212 - 213 - 214 - 216 - 219 - 222 - 224 - 225 - 226 - 228 - 232 - 233 - 234 - 235 - 237 - 239 - 240 - 243 - 245 - 246 - 248 - 249 - 250 - 251 - 252 - 253 - 257 - 260 - 261 - 263 - 265 - 270 - 271 - 274 - 275 - 276 - 277 - 279 - 280 - 281 - 282 - 284 - 285 - 289 - 290 - 293 - 295 - 297 - 298 - 299 - 302 - 303 - 305 - 308 - 310 - 312 - 313 - 317 - 318 - 320 - 321 - 322 - 323 - 324 - 326 - 328 - 329 - 330 - 334 - 335 - 337 - 338 - 342 - 343 - 344 - 347 - 348 - 349 - 350 - 351 - 352 - 356 - 359 - 362 - 364 - 365 - 369 - 372 - 374 - 375 - 376 - 379 - 380 - 382 - 385 - 387 - 388 - 389 - 390 - 391 - 392 - 394 - 395 - 396 - 397 - 399 - 400 - 401 - 403 - 405 - 408 - 409 - 410 - 411 - 412 - 414 - 415 - 417 - 420 - 422 - 425 - 426 - 427 - 429 - 431 - 433 - 434 - 435 - 436 - 437 - 438 - 439 - 441 - 442 - 444 - 446 - 447 - 448 - 449 - 450 - 453 - 454 - 456 - 460 - 461 - 464 - 466 - 468 - 469 - 470 - 471 - 472 - 473 - 474 - 475 - 479 - 482 - 486 - 487 - 491 - 492 - 494 - 495 - 496 - 497 - 498 - 499,20219005.6,0.0,96954,100994,53.36,Cost: 96954 & Capacity: 100994
3 - 5 - 6 - 7 - 8 - 9 - 10 - 13 - 15 - 16 - 19 - 20 - 21 - 22 - 25 - 26 - 31 - 34 - 37 - 39 - 40 - 41 - 43 - 44 - 45 - 47 - 48 - 49 - 50 - 52 - 53 - 54 - 55 - 56 - 57 - 59 - 60 - 61 - 62 - 63 - 65 - 66 - 70 - 72 - 73 - 74 - 75 - 77 - 78 - 79 - 80 - 81 - 86 - 87 - 88 - 89 - 90 - 91 - 94 - 96 - 97 - 98 - 101 - 103 - 106 - 108 - 109 - 110 - 113 - 114 - 119 - 121 - 123 - 125 - 126 - 128 - 130 - 132 - 135 - 138 - 143 - 144 - 146 - 147 - 148 - 149 - 150 - 152 - 153 - 156 - 157 - 160 - 161 - 163 - 165 - 168 - 169 - 170 - 174 - 175 - 177 - 179 - 180 - 181 - 182 - 184 - 186 - 187 - 188 - 194 - 195 - 198 - 203 - 204 - 205 - 207 - 208 - 211 - 212 - 213 - 214 - 216 - 219 - 222 - 224 - 225 - 226 - 228 - 232 - 233 - 234 - 235 - 237 - 239 - 240 - 243 - 245 - 246 - 248 - 249 - 250 - 251 - 252 - 253 - 257 - 260 - 261 - 263 - 265 - 270 - 271 - 274 - 275 - 276 - 277 - 279 - 280 - 281 - 282 - 284 - 285 - 289 - 290 - 293 - 295 - 297 - 298 - 299 - 302 - 303 - 305 - 308 - 310 - 312 - 313 - 317 - 318 - 320 - 321 - 322 - 323 - 324 - 326 - 328 - 329 - 330 - 334 - 335 - 337 - 338 - 342 - 343 - 344 - 347 - 348 - 349 - 350 - 351 - 352 - 356 - 359 - 362 - 364 - 365 - 369 - 372 - 374 - 375 - 376 - 379 - 380 - 382 - 385 - 387 - 388 - 389 - 390 - 391 - 392 - 394 - 395 - 396 - 397 - 399 - 400 - 401 - 403 - 405 - 408 - 409 - 410 - 411 - 412 - 414 - 415 - 417 - 420 - 422 - 425 - 426 - 427 - 429 - 431 - 433 - 434 - 435 - 436 - 437 - 438 - 439 - 441 - 442 - 444 - 446 - 447 - 448 - 449 - 450 - 453 - 454 - 456 - 460 - 461 - 464 - 466 - 468 - 469 - 470 - 471 - 472 - 473 - 474 - 475 - 479 - 482 - 486 - 487 - 491 - 492 - 494 - 495 - 496 - 497 - 498 - 499,20219005.6,0.0,96954,100994,57.1,Cost: 96954 & Capacity: 100994
3 - 5 - 6 - 7 - 8 - 9 - 10 - 13 - 15 - 16 - 19 - 20 - 21 - 22 - 25 - 26 - 31 - 34 - 37 - 39 - 40 - 41 - 43 - 44 - 45 - 47 - 48 - 49 - 50 - 52 - 53 - 54 - 55 - 56 - 57 - 59 - 60 - 61 - 62 - 63 - 65 - 66 - 70 - 72 - 73 - 74 - 75 - 77 - 78 - 79 - 80 - 81 - 86 - 87 - 88 - 89 - 90 - 91 - 94 - 96 - 97 - 98 - 101 - 103 - 106 - 108 - 109 - 110 - 113 - 114 - 119 - 121 - 123 - 125 - 126 - 128 - 130 - 132 - 135 - 138 - 143 - 144 - 146 - 147 - 148 - 149 - 150 - 152 - 153 - 156 - 157 - 160 - 161 - 163 - 165 - 168 - 169 - 170 - 174 - 175 - 177 - 179 - 180 - 181 - 182 - 184 - 186 - 187 - 188 - 194 - 195 - 198 - 203 - 204 - 205 - 207 - 208 - 211 - 212 - 213 - 214 - 216 - 219 - 222 - 224 - 225 - 226 - 228 - 232 - 233 - 234 - 235 - 237 - 239 - 240 - 243 - 245 - 246 - 248 - 249 - 250 - 251 - 252 - 253 - 257 - 260 - 261 - 263 - 265 - 270 - 271 - 274 - 275 - 276 - 277 - 279 - 280 - 281 - 282 - 284 - 285 - 289 - 290 - 293 - 295 - 297 - 298 - 299 - 302 - 303 - 305 - 308 - 310 - 312 - 313 - 317 - 318 - 320 - 321 - 322 - 323 - 324 - 326 - 328 - 329 - 330 - 334 - 335 - 337 - 338 - 342 - 343 - 344 - 347 - 348 - 349 - 350 - 351 - 352 - 356 - 359 - 362 - 364 - 365 - 369 - 372 - 374 - 375 - 376 - 379 - 380 - 382 - 385 - 387 - 388 - 389 - 390 - 391 - 392 - 394 - 395 - 396 - 397 - 399 - 400 - 401 - 403 - 405 - 408 - 409 - 410 - 411 - 412 - 414 - 415 - 417 - 420 - 422 - 425 - 426 - 427 - 429 - 431 - 433 - 434 - 435 - 436 - 437 - 438 - 439 - 441 - 442 - 444 - 446 - 447 - 448 - 449 - 450 - 453 - 454 - 456 - 460 - 461 - 464 - 466 - 468 - 469 - 470 - 471 - 472 - 473 - 474 - 475 - 479 - 482 - 486 - 487 - 491 - 492 - 494 - 495 - 496 - 497 - 498 - 499,20219005.6,0.0,96954,100994,57.81,Cost: 96954 & Capacity: 100994
3 - 5 - 6 - 7 - 8 - 9 - 10 - 13 - 15 - 16 - 19 - 20 - 21 - 22 - 25 - 26 - 31 - 34 - 37 - 39 - 40 - 41 - 43 - 44 - 45 - 47 - 48 - 49 - 50 - 52 - 53 - 54 - 55 - 56 - 57 - 59 - 60 - 61 - 62 - 63 - 65 - 66 - 70 - 72 - 73 - 74 - 75 - 77 - 78 - 79 - 80 - 81 - 86 - 87 - 88 - 89 - 90 - 91 - 94 - 96 - 97 - 98 - 101 - 103 - 106 - 108 - 109 - 110 - 113 - 114 - 119 - 121 - 123 - 125 - 126 - 128 - 130 - 132 - 135 - 138 - 143 - 144 - 146 - 147 - 148 - 149 - 150 - 152 - 153 - 156 - 157 - 160 - 161 - 163 - 165 - 168 - 169 - 170 - 174 - 175 - 177 - 179 - 180 - 181 - 182 - 184 - 186 - 187 - 188 - 194 - 195 - 198 - 203 - 204 - 205 - 207 - 208 - 211 - 212 - 213 - 214 - 216 - 219 - 222 - 224 - 225 - 226 - 228 - 232 - 233 - 234 - 235 - 237 - 239 - 240 - 243 - 245 - 246 - 248 - 249 - 250 - 251 - 252 - 253 - 257 - 260 - 261 - 263 - 265 - 270 - 271 - 274 - 275 - 276 - 277 - 279 - 280 - 281 - 282 - 284 - 285 - 289 - 290 - 293 - 295 - 297 - 298 - 299 - 302 - 303 - 305 - 308 - 310 - 312 - 313 - 317 - 318 - 320 - 321 - 322 - 323 - 324 - 326 - 328 - 329 - 330 - 334 - 335 - 337 - 338 - 342 - 343 - 344 - 347 - 348 - 349 - 350 - 351 - 352 - 356 - 359 - 362 - 364 - 365 - 369 - 372 - 374 - 375 - 376 - 379 - 380 - 382 - 385 - 387 - 388 - 389 - 390 - 391 - 392 - 394 - 395 - 396 - 397 - 399 - 400 - 401 - 403 - 405 - 408 - 409 - 410 - 411 - 412 - 414 - 415 - 417 - 420 - 422 - 425 - 426 - 427 - 429 - 431 - 433 - 434 - 435 - 436 - 437 - 438 - 439 - 441 - 442 - 444 - 446 - 447 - 448 - 449 - 450 - 453 - 454 - 456 - 460 - 461 - 464 - 466 - 468 - 469 - 470 - 471 - 472 - 473 - 474 - 475 - 479 - 482 - 486 - 487 - 491 - 492 - 494 - 495 - 496 - 497 - 498 - 499,20219005.6,0.0,96954,100994,59.64,Cost: 96954 & Capacity: 100994
3 - 5 - 6 - 7 - 8 - 9 - 10 - 13 - 15 - 16 - 19 - 20 - 21 - 22 - 25 - 26 - 31 - 34 - 37 - 39 - 40 - 41 - 43 - 44 - 45 - 47 - 48 - 49 - 50 - 52 - 53 - 54 - 55 - 56 - 57 - 59 - 60 - 61 - 62 - 63 - 65 - 66 - 70 - 72 - 73 - 74 - 75 - 77 - 78 - 79 - 80 - 81 - 86 - 87 - 88 - 89 - 90 - 91 - 94 - 96 - 97 - 98 - 101 - 103 - 106 - 108 - 109 - 110 - 113 - 114 - 119 - 121 - 123 - 125 - 126 - 128 - 130 - 132 - 135 - 138 - 143 - 144 - 146 - 147 - 148 - 149 - 150 - 152 - 153 - 156 - 157 - 160 - 161 - 163 - 165 - 168 - 169 - 170 - 174 - 175 - 177 - 179 - 180 - 181 - 182 - 184 - 186 - 187 - 188 - 194 - 195 - 198 - 203 - 204 - 205 - 207 - 208 - 211 - 212 - 213 - 214 - 216 - 219 - 222 - 224 - 225 - 226 - 228 - 232 - 233 - 234 - 235 - 237 - 239 - 240 - 243 - 245 - 246 - 248 - 249 - 250 - 251 - 252 - 253 - 257 - 260 - 261 - 263 - 265 - 270 - 271 - 274 - 275 - 276 - 277 - 279 - 280 - 281 - 282 - 284 - 285 - 289 - 290 - 293 - 295 - 297 - 298 - 299 - 302 - 303 - 305 - 308 - 310 - 312 - 313 - 317 - 318 - 320 - 321 - 322 - 323 - 324 - 326 - 328 - 329 - 330 - 334 - 335 - 337 - 338 - 342 - 343 - 344 - 347 - 348 - 349 - 350 - 351 - 352 - 356 - 359 - 362 - 364 - 365 - 369 - 372 - 374 - 375 - 376 - 379 - 380 - 382 - 385 - 387 - 388 - 389 - 390 - 391 - 392 - 394 - 395 - 396 - 397 - 399 - 400 - 401 - 403 - 405 - 408 - 409 - 410 - 411 - 412 - 414 - 415 - 417 - 420 - 422 - 425 - 426 - 427 - 429 - 431 - 433 - 434 - 435 - 436 - 437 - 438 - 439 - 441 - 442 - 444 - 446 - 447 - 448 - 449 - 450 - 453 - 454 - 456 - 460 - 461 - 464 - 466 - 468 - 469 - 470 - 471 - 472 - 473 - 474 - 475 - 479 - 482 - 486 - 487 - 491 - 492 - 494 - 495 - 496 - 497 - 498 - 499,20219005.6,0.0,96954,100994,61.42,Cost: 96954 & Capacity: 100994
3 - 5 - 6 - 7 - 8 - 9 - 10 - 13 - 15 - 16 - 19 - 20 - 21 - 22 - 25 - 26 - 31 - 34 - 37 - 39 - 40 - 41 - 43 - 44 - 45 - 47 - 48 - 49 - 50 - 52 - 53 - 54 - 55 - 56 - 57 - 59 - 60 - 61 - 62 - 63 - 65 - 66 - 70 - 72 - 73 - 74 - 75 - 77 - 78 - 79 - 80 - 81 - 86 - 87 - 88 - 89 - 90 - 91 - 94 - 96 - 97 - 98 - 101 - 103 - 106 - 108 - 109 - 110 - 113 - 114 - 119 - 121 - 123 - 125 - 126 - 128 - 130 - 132 - 135 - 138 - 143 - 144 - 146 - 147 - 148 - 149 - 150 - 152 - 153 - 156 - 157 - 160 - 161 - 163 - 165 - 168 - 169 - 170 - 174 - 175 - 177 - 179 - 180 - 181 - 182 - 184 - 186 - 187 - 188 - 194 - 195 - 198 - 203 - 204 - 205 - 207 - 208 - 211 - 212 - 213 - 214 - 216 - 219 - 222 - 224 - 225 - 226 - 228 - 232 - 233 - 234 - 235 - 237 - 239 - 240 - 243 - 245 - 246 - 248 - 249 - 250 - 251 - 252 - 253 - 257 - 260 - 261 - 263 - 265 - 270 - 271 - 274 - 275 - 276 - 277 - 279 - 280 - 281 - 282 - 284 - 285 - 289 - 290 - 293 - 295 - 297 - 298 - 299 - 302 - 303 - 305 - 308 - 310 - 312 - 313 - 317 - 318 - 320 - 321 - 322 - 323 - 324 - 326 - 328 - 329 - 330 - 334 - 335 - 337 - 338 - 342 - 343 - 344 - 347 - 348 - 349 - 350 - 351 - 352 - 356 - 359 - 362 - 364 - 365 - 369 - 372 - 374 - 375 - 376 - 379 - 380 - 382 - 385 - 387 - 388 - 389 - 390 - 391 - 392 - 394 - 395 - 396 - 397 - 399 - 400 - 401 - 403 - 405 - 408 - 409 - 410 - 411 - 412 - 414 - 415 - 417 - 420 - 422 - 425 - 426 - 427 - 429 - 431 - 433 - 434 - 435 - 436 - 437 - 438 - 439 - 441 - 442 - 444 - 446 - 447 - 448 - 449 - 450 - 453 - 454 - 456 - 460 - 461 - 464 - 466 - 468 - 469 - 470 - 471 - 472 - 473 - 474 - 475 - 479 - 482 - 486 - 487 - 491 - 492 - 494 - 495 - 496 - 497 - 498 - 499,20219005.6,0.0,96954,100994,62.17,Cost: 96954 & Capacity: 100994
3 - 5 - 6 - 7 - 8 - 9 - 10 - 13 - 15 - 16 - 19 - 20 - 21 - 22 - 25 - 26 - 31 - 34 - 37 - 39 - 40 - 41 - 43 - 44 - 45 - 47 - 48 - 49 - 50 - 52 - 53 - 54 - 55 - 56 - 57 - 59 - 60 - 61 - 62 - 63 - 65 - 66 - 70 - 72 - 73 - 74 - 75 - 77 - 78 - 79 - 80 - 81 - 86 - 87 - 88 - 89 - 90 - 91 - 94 - 96 - 97 - 98 - 101 - 103 - 106 - 108 - 109 - 110 - 113 - 114 - 119 - 121 - 123 - 125 - 126 - 128 - 130 - 132 - 135 - 138 - 143 - 144 - 146 - 147 - 148 - 149 - 150 - 152 - 153 - 156 - 157 - 160 - 161 - 163 - 165 - 168 - 169 - 170 - 174 - 175 - 177 - 179 - 180 - 181 - 182 - 184 - 186 - 187 - 188 - 194 - 195 - 198 - 203 - 204 - 205 - 207 - 208 - 211 - 212 - 213 - 214 - 216 - 219 - 222 - 224 - 225 - 226 - 228 - 232 - 233 - 234 - 235 - 237 - 239 - 240 - 243 - 245 - 246 - 248 - 249 - 250 - 251 - 252 - 253 - 257 - 260 - 261 - 263 - 265 - 270 - 271 - 274 - 275 - 276 - 277 - 279 - 280 - 281 - 282 - 284 - 285 - 289 - 290 - 293 - 295 - 297 - 298 - 299 - 302 - 303 - 305 - 308 - 310 - 312 - 313 - 317 - 318 - 320 - 321 - 322 - 323 - 324 - 326 - 328 - 329 - 330 - 334 - 335 - 337 - 338 - 342 - 343 - 344 - 347 - 348 - 349 - 350 - 351 - 352 - 356 - 359 - 362 - 364 - 365 - 369 - 372 - 374 - 375 - 376 - 379 - 380 - 382 - 385 - 387 - 388 - 389 - 390 - 391 - 392 - 394 - 395 - 396 - 397 - 399 - 400 - 401 - 403 - 405 - 408 - 409 - 410 - 411 - 412 - 414 - 415 - 417 - 420 - 422 - 425 - 426 - 427 - 429 - 431 - 433 - 434 - 435 - 436 - 437 - 438 - 439 - 441 - 442 - 444 - 446 - 447 - 448 - 449 - 450 - 453 - 454 - 456 - 460 - 461 - 464 - 466 - 468 - 469 - 470 - 471 - 472 - 473 - 474 - 475 - 479 - 482 - 486 - 487 - 491 - 492 - 494 - 495 - 496 - 497 - 498 - 499,20219005.6,0.0,96954,100994,63.76,Cost: 96954 & Capacity: 100994
0 - 3 - 5 - 7 - 9 - 15 - 19 - 20 - 21 - 25 - 30 - 31 - 34 - 37 - 40 - 41 - 43 - 44 - 45 - 48 - 49 - 50 - 52 - 53 - 55 - 57 - 59 - 60 - 62 - 63 - 65 - 69 - 70 - 73 - 74 - 78 - 79 - 81 - 82 - 89 - 91 - 92 - 96 - 98 - 105 - 106 - 108 - 109 - 113 - 119 - 121 - 122 - 123 - 125 - 126 - 128 - 129 - 131 - 132 - 135 - 136 - 141 - 143 - 146 - 147 - 150 - 156 - 157 - 158 - 159 - 160 - 163 - 169 - 172 - 174 - 175 - 177 - 181 - 182 - 186 - 187 - 188 - 190 - 193 - 198 - 207 - 210 - 212 - 213 - 214 - 219 - 220 - 227 - 229 - 233 - 234 - 235 - 237 - 245 - 247 - 248 - 249 - 250 - 252 - 257 - 258 - 260 - 261 - 263 - 268 - 270 - 273 - 275 - 276 - 277 - 279 - 280 - 281 - 284 - 289 - 291 - 293 - 295 - 296 - 297 - 299 - 302 - 305 - 306 - 313 - 314 - 315 - 318 - 320 - 323 - 324 - 327 - 328 - 329 - 333 - 334 - 343 - 344 - 346 - 350 - 351 - 352 - 356 - 357 - 359 - 360 - 362 - 364 - 365 - 366 - 373 - 374 - 376 - 378 - 380 - 382 - 387 - 388 - 389 - 391 - 392 - 393 - 395 - 396 - 397 - 401 - 403 - 405 - 408 - 409 - 410 - 411 - 414 - 415 - 418 - 420 - 421 - 422 - 426 - 427 - 429 - 430 - 431 - 435 - 436 - 437 - 438 - 444 - 449 - 451 - 456 - 457 - 458 - 461 - 464 - 467 - 470 - 474 - 475 - 477 - 483 - 486 - 487 - 491 - 494 - 495 - 497,11299820.9,6.6,96915,89585,64.71,Cost: 96915 & Capacity: 89585
0 - 3 - 5 - 7 - 9 - 15 - 20 - 21 - 25 - 30 - 31 - 34 - 35 - 37 - 40 - 41 - 43 - 44 - 45 - 48 - 49 - 50 - 52 - 53 - 55 - 57 - 59 - 60 - 62 - 63 - 65 - 69 - 72 - 73 - 74 - 78 - 81 - 89 - 91 - 92 - 96 - 98 - 106 - 108 - 109 - 113 - 119 - 121 - 122 - 123 - 125 - 126 - 128 - 129 - 131 - 132 - 135 - 136 - 141 - 143 - 146 - 147 - 150 - 156 - 157 - 158 - 159 - 160 - 163 - 169 - 172 - 174 - 175 - 176 - 177 - 181 - 182 - 186 - 187 - 188 - 190 - 193 - 198 - 207 - 210 - 212 - 213 - 214 - 219 - 220 - 227 - 229 - 233 - 234 - 235 - 237 - 245 - 247 - 248 - 249 - 250 - 252 - 257 - 258 - 260 - 261 - 263 - 268 - 270 - 273 - 275 - 276 - 277 - 279 - 280 - 281 - 282 - 284 - 289 - 291 - 293 - 295 - 296 - 297 - 299 - 302 - 305 - 306 - 309 - 314 - 315 - 318 - 320 - 323 - 324 - 327 - 328 - 329 - 333 - 334 - 339 - 343 - 344 - 346 - 350 - 351 - 352 - 356 - 357 - 359 - 360 - 362 - 364 - 365 - 366 - 373 - 376 - 378 - 380 - 382 - 387 - 388 - 389 - 391 - 393 - 395 - 397 - 401 - 403 - 405 - 409 - 410 - 411 - 414 - 415 - 420 - 421 - 422 - 424 - 426 - 427 - 429 - 430 - 431 - 435 - 436 - 437 - 438 - 443 - 444 - 446 - 449 - 451 - 456 - 457 - 458 - 461 - 464 - 467 - 470 - 474 - 475 - 477 - 483 - 486 - 490 - 491 - 494 - 495 - 497,11043064.8,7.1,96938,88470,64.75,Cost: 96938 & Capacity: 88470
3 - 5 - 6 - 7 - 8 - 9 - 10 - 13 - 15 - 16 - 19 - 20 - 21 - 22 - 25 - 26 - 31 - 34 - 37 - 39 - 40 - 41 - 43 - 44 - 45 - 47 - 48 - 49 - 50 - 52 - 53 - 54 - 55 - 56 - 57 - 59 - 60 - 61 - 62 - 63 - 65 - 66 - 70 - 72 - 73 - 74 - 75 - 77 - 78 - 79 - 80 - 81 - 86 - 87 - 88 - 89 - 90 - 91 - 94 - 96 - 97 - 98 - 101 - 103 - 106 - 108 - 109 - 110 - 113 - 114 - 119 - 121 - 123 - 125 - 126 - 128 - 130 - 132 - 135 - 138 - 143 - 144 - 146 - 147 - 148 - 149 - 150 - 152 - 153 - 156 - 157 - 160 - 161 - 163 - 165 - 168 - 169 - 170 - 174 - 175 - 177 - 179 - 180 - 181 - 182 - 184 - 186 - 187 - 188 - 194 - 195 - 198 - 203 - 204 - 205 - 207 - 208 - 211 - 212 - 213 - 214 - 216 - 219 - 222 - 224 - 225 - 226 - 228 - 232 - 233 - 234 - 235 - 237 - 239 - 240 - 243 - 245 - 246 - 248 - 249 - 250 - 251 - 252 - 253 - 257 - 260 - 261 - 263 - 265 - 270 - 271 - 274 - 275 - 276 - 277 - 279 - 280 - 281 - 282 - 284 - 285 - 289 - 290 - 293 - 295 - 297 - 298 - 299 - 302 - 303 - 305 - 308 - 310 - 312 - 313 - 317 - 318 - 320 - 321 - 322 - 323 - 324 - 326 - 328 - 329 - 330 - 334 - 335 - 337 - 338 - 342 - 343 - 344 - 347 - 348 - 349 - 350 - 351 - 352 - 356 - 359 - 362 - 364 - 365 - 369 - 372 - 374 - 375 - 376 - 379 - 380 - 382 - 385 - 387 - 388 - 389 - 390 - 391 - 392 - 394 - 395 - 396 - 397 - 399 - 400 - 401 - 403 - 405 - 408 - 409 - 410 - 411 - 412 - 414 - 415 - 417 - 420 - 422 - 425 - 426 - 427 - 429 - 431 - 433 - 434 - 435 - 436 - 437 - 438 - 439 - 441 - 442 - 444 - 446 - 447 - 448 - 449 - 450 - 453 - 454 - 456 - 460 - 461 - 464 - 466 - 468 - 469 - 470 - 471 - 472 - 473 - 474 - 475 - 479 - 482 - 486 - 487 - 491 - 492 - 494 - 495 - 496 - 497 - 498 - 499,20219005.6,0.0,96954,100994,68.17,Cost: 96954 & Capacity: 100994
0 - 7 - 8 - 13 - 15 - 16 - 19 - 20 - 21 - 25 - 26 - 30 - 31 - 33 - 37 - 39 - 44 - 45 - 51 - 53 - 54 - 63 - 65 - 66 - 67 - 70 - 77 - 78 - 81 - 89 - 98 - 106 - 109 - 111 - 112 - 113 - 114 - 116 - 122 - 126 - 127 - 128 - 130 - 131 - 135 - 141 - 143 - 145 - 146 - 149 - 150 - 151 - 152 - 153 - 154 - 159 - 165 - 166 - 170 - 172 - 174 - 175 - 176 - 181 - 182 - 185 - 188 - 190 - 204 - 208 - 210 - 211 - 213 - 217 - 219 - 220 - 230 - 234 - 245 - 249 - 250 - 251 - 253 - 255 - 257 - 259 - 262 - 263 - 266 - 272 - 274 - 276 - 277 - 280 - 281 - 282 - 284 - 285 - 288 - 291 - 292 - 293 - 295 - 296 - 299 - 302 - 303 - 305 - 306 - 310 - 312 - 318 - 320 - 323 - 324 - 328 - 330 - 334 - 343 - 346 - 352 - 355 - 356 - 360 - 361 - 364 - 366 - 367 - 373 - 376 - 378 - 382 - 385 - 387 - 389 - 391 - 393 - 394 - 395 - 396 - 397 - 403 - 405 - 409 - 410 - 414 - 418 - 421 - 422 - 423 - 425 - 427 - 429 - 430 - 435 - 436 - 437 - 438 - 440 - 442 - 445 - 446 - 448 - 452 - 454 - 457 - 458 - 460 - 461 - 471 - 473 - 475 - 477 - 479 - 482 - 483 - 484 - 486 - 487 - 491 - 492 - 494 - 496,8487044.1,9.9,96874,84940,70.65,Cost: 96874 & Capacity: 84940
7 - 8 - 13 - 14 - 15 - 16 - 19 - 20 - 25 - 30 - 31 - 33 - 37 - 39 - 44 - 45 - 51 - 53 - 54 - 65 - 67 - 70 - 77 - 78 - 81 - 89 - 98 - 106 - 109 - 111 - 112 - 113 - 114 - 116 - 122 - 123 - 126 - 128 - 130 - 131 - 133 - 135 - 141 - 143 - 145 - 146 - 149 - 150 - 151 - 152 - 153 - 154 - 157 - 159 - 165 - 166 - 170 - 172 - 174 - 175 - 176 - 182 - 185 - 188 - 190 - 204 - 208 - 210 - 211 - 213 - 215 - 217 - 219 - 220 - 224 - 230 - 234 - 235 - 241 - 245 - 249 - 250 - 251 - 253 - 255 - 257 - 259 - 262 - 263 - 272 - 274 - 276 - 277 - 280 - 281 - 282 - 284 - 285 - 291 - 292 - 293 - 295 - 296 - 299 - 302 - 305 - 310 - 312 - 318 - 320 - 323 - 324 - 328 - 330 - 334 - 343 - 346 - 347 - 352 - 355 - 360 - 361 - 362 - 364 - 366 - 367 - 373 - 375 - 376 - 378 - 382 - 385 - 387 - 389 - 391 - 393 - 394 - 395 - 396 - 397 - 403 - 405 - 409 - 410 - 413 - 414 - 418 - 421 - 422 - 423 - 425 - 427 - 429 - 430 - 435 - 436 - 437 - 438 - 440 - 442 - 445 - 446 - 448 - 452 - 454 - 457 - 458 - 460 - 461 - 471 - 473 - 475 - 477 - 482 - 483 - 484 - 486 - 487 - 491 - 492 - 494 - 496,8379034.3,10.1,96946,84124,70.67,Cost: 96946 & Capacity: 84124
3 - 5 - 6 - 7 - 8 - 9 - 10 - 13 - 15 - 16 - 19 - 20 - 21 - 22 - 25 - 26 - 31 - 34 - 37 - 39 - 40 - 41 - 43 - 44 - 45 - 46 - 47 - 48 - 49 - 50 - 53 - 54 - 55 - 56 - 57 - 59 - 61 - 62 - 63 - 65 - 66 - 70 - 72 - 73 - 74 - 75 - 77 - 78 - 79 - 80 - 81 - 87 - 88 - 89 - 90 - 91 - 94 - 96 - 97 - 98 - 101 - 103 - 106 - 108 - 109 - 110 - 113 - 114 - 119 - 121 - 123 - 125 - 126 - 128 - 130 - 132 - 135 - 138 - 143 - 144 - 146 - 147 - 148 - 149 - 150 - 152 - 153 - 156 - 157 - 160 - 161 - 163 - 165 - 169 - 170 - 174 - 175 - 177 - 179 - 180 - 181 - 182 - 184 - 185 - 186 - 187 - 188 - 194 - 195 - 198 - 203 - 204 - 205 - 207 - 208 - 211 - 212 - 213 - 214 - 216 - 219 - 222 - 224 - 225 - 226 - 228 - 232 - 233 - 234 - 235 - 237 - 239 - 240 - 243 - 245 - 246 - 248 - 249 - 250 - 251 - 252 - 253 - 257 - 258 - 260 - 261 - 263 - 265 - 270 - 271 - 274 - 275 - 276 - 277 - 279 - 280 - 281 - 282 - 284 - 285 - 289 - 290 - 293 - 295 - 297 - 298 - 299 - 302 - 303 - 305 - 308 - 310 - 312 - 313 - 315 - 317 - 318 - 320 - 321 - 322 - 323 - 324 - 326 - 328 - 329 - 330 - 334 - 335 - 337 - 338 - 342 - 343 - 344 - 347 - 348 - 349 - 350 - 351 - 352 - 356 - 359 - 362 - 364 - 365 - 369 - 372 - 374 - 375 - 376 - 379 - 380 - 382 - 385 - 387 - 388 - 389 - 390 - 391 - 392 - 394 - 395 - 396 - 397 - 399 - 400 - 401 - 403 - 405 - 408 - 409 - 410 - 411 - 412 - 414 - 415 - 417 - 420 - 422 - 425 - 426 - 427 - 429 - 431 - 433 - 434 - 435 - 436 - 437 - 438 - 439 - 441 - 442 - 444 - 446 - 447 - 448 - 449 - 450 - 453 - 454 - 456 - 460 - 461 - 464 - 466 - 468 - 469 - 470 - 471 - 472 - 473 - 474 - 475 - 479 - 482 - 486 - 487 - 491 - 492 - 494 - 495 - 496 - 497 - 498 - 499,20234367.0,0.0,96958,101320,70.84,Cost: 96958 & Capacity: 101320
3 - 5 - 6 - 7 - 8 - 9 - 10 - 13 - 15 - 16 - 19 - 20 - 21 - 22 - 25 - 26 - 31 - 34 - 37 - 39 - 40 - 41 - 43 - 44 - 45 - 47 - 48 - 49 - 50 - 52 - 53 - 54 - 55 - 56 - 57 - 59 - 60 - 61 - 62 - 63 - 65 - 66 - 70 - 72 - 73 - 74 - 75 - 77 - 78 - 79 - 80 - 81 - 86 - 87 - 88 - 89 - 90 - 91 - 94 - 96 - 97 - 98 - 101 - 103 - 106 - 108 - 109 - 110 - 113 - 114 - 119 - 121 - 123 - 125 - 126 - 128 - 130 - 132 - 135 - 138 - 143 - 144 - 146 - 147 - 148 - 149 - 150 - 152 - 153 - 156 - 157 - 160 - 161 - 163 - 165 - 168 - 169 - 170 - 174 - 175 - 177 - 179 - 180 - 181 - 182 - 184 - 186 - 187 - 188 - 194 - 195 - 198 - 203 - 204 - 205 - 207 - 208 - 211 - 212 - 213 - 214 - 216 - 219 - 222 - 224 - 225 - 226 - 228 - 232 - 233 - 234 - 235 - 237 - 239 - 240 - 243 - 245 - 246 - 248 - 249 - 250 - 251 - 252 - 253 - 257 - 260 - 261 - 263 - 265 - 270 - 271 - 274 - 275 - 276 - 277 - 279 - 280 - 281 - 282 - 284 - 285 - 289 - 290 - 293 - 295 - 297 - 298 - 299 - 302 - 303 - 305 - 308 - 310 - 312 - 313 - 317 - 318 - 320 - 321 - 322 - 323 - 324 - 326 - 328 - 329 - 330 - 334 - 335 - 337 - 338 - 342 - 343 - 344 - 347 - 348 - 349 - 350 - 351 - 352 - 356 - 359 - 362 - 364 - 365 - 369 - 372 - 374 - 375 - 376 - 379 - 380 - 382 - 385 - 387 - 388 - 389 - 390 - 391 - 392 - 394 - 395 - 396 - 397 - 399 - 400 - 401 - 403 - 405 - 408 - 409 - 410 - 411 - 412 - 414 - 415 - 417 - 420 - 422 - 425 - 426 - 427 - 429 - 431 - 433 - 434 - 435 - 436 - 437 - 438 - 439 - 441 - 442 - 444 - 446 - 447 - 448 - 449 - 450 - 453 - 454 - 456 - 460 - 461 - 464 - 466 - 468 - 469 - 470 - 471 - 472 - 473 - 474 - 475 - 479 - 482 - 486 - 487 - 491 - 492 - 494 - 495 - 496 - 497 - 498 - 499,20219005.6,0.0,96954,100994,70.88,Cost: 96954 & Capacity: 100994
3 - 5 - 6 - 7 - 8 - 9 - 10 - 13 - 15 - 16 - 19 - 20 - 21 - 22 - 25 - 26 - 31 - 34 - 37 - 39 - 40 - 41 - 43 - 44 - 45 - 47 - 48 - 49 - 50 - 52 - 53 - 54 - 55 - 56 - 57 - 59 - 60 - 61 - 62 - 63 - 65 - 66 - 70 - 72 - 73 - 74 - 75 - 77 - 78 - 79 - 80 - 81 - 86 - 87 - 88 - 89 - 90 - 91 - 94 - 96 - 97 - 98 - 101 - 103 - 106 - 108 - 109 - 110 - 113 - 114 - 119 - 121 - 123 - 125 - 126 - 128 - 130 - 132 - 135 - 138 - 143 - 144 - 146 - 147 - 148 - 149 - 150 - 152 - 153 - 156 - 157 - 160 - 161 - 163 - 165 - 168 - 169 - 170 - 174 - 175 - 177 - 179 - 180 - 181 - 182 - 184 - 186 - 187 - 188 - 194 - 195 - 198 - 203 - 204 - 205 - 207 - 208 - 211 - 212 - 213 - 214 - 216 - 219 - 222 - 224 - 225 - 226 - 228 - 232 - 233 - 234 - 235 - 237 - 239 - 240 - 243 - 245 - 246 - 248 - 249 - 250 - 251 - 252 - 253 - 257 - 260 - 261 - 263 - 265 - 270 - 271 - 274 - 275 - 276 - 277 - 279 - 280 - 281 - 282 - 284 - 285 - 289 - 290 - 293 - 295 - 297 - 298 - 299 - 302 - 303 - 305 - 308 - 310 - 312 - 313 - 317 - 318 - 320 - 321 - 322 - 323 - 324 - 326 - 328 - 329 - 330 - 334 - 335 - 337 - 338 - 342 - 343 - 344 - 347 - 348 - 349 - 350 - 351 - 352 - 356 - 359 - 362 - 364 - 365 - 369 - 372 - 374 - 375 - 376 - 379 - 380 - 382 - 385 - 387 - 388 - 389 - 390 - 391 - 392 - 394 - 395 - 396 - 397 - 399 - 400 - 401 - 403 - 405 - 408 - 409 - 410 - 411 - 412 - 414 - 415 - 417 - 420 - 422 - 425 - 426 - 427 - 429 - 431 - 433 - 434 - 435 - 436 - 437 - 438 - 439 - 441 - 442 - 444 - 446 - 447 - 448 - 449 - 450 - 453 - 454 - 456 - 460 - 461 - 464 - 466 - 468 - 469 - 470 - 471 - 472 - 473 - 474 - 475 - 479 - 482 - 486 - 487 - 491 - 492 - 494 - 495 - 496 - 497 - 498 - 499,20219005.6,0.0,96954,100994,71.07,Cost: 96954 & Capacity: 100994
3 - 5 - 6 - 7 - 8 - 9 - 10 - 13 - 15 - 16 - 19 - 20 - 21 - 22 - 25 - 26 - 31 - 34 - 37 - 39 - 40 - 41 - 43 - 44 - 45 - 47 - 48 - 49 - 50 - 52 - 53 - 54 - 55 - 56 - 57 - 59 - 60 - 61 - 62 - 63 - 65 - 66 - 70 - 72 - 73 - 74 - 75 - 77 - 78 - 79 - 80 - 81 - 86 - 87 - 88 - 89 - 90 - 91 - 94 - 96 - 97 - 98 - 101 - 103 - 106 - 108 - 109 - 110 - 113 - 114 - 119 - 121 - 123 - 125 - 126 - 128 - 130 - 132 - 135 - 138 - 143 - 144 - 146 - 147 - 148 - 149 - 150 - 152 - 153 - 156 - 157 - 160 - 161 - 163 - 165 - 168 - 169 - 170 - 174 - 175 - 177 - 179 - 180 - 181 - 182 - 184 - 186 - 187 - 188 - 194 - 195 - 198 - 203 - 204 - 205 - 207 - 208 - 211 - 212 - 213 - 214 - 216 - 219 - 222 - 224 - 225 - 226 - 228 - 232 - 233 - 234 - 235 - 237 - 239 - 240 - 243 - 245 - 246 - 248 - 249 - 250 - 251 - 252 - 253 - 257 - 260 - 261 - 263 - 265 - 270 - 271 - 274 - 275 - 276 - 277 - 279 - 280 - 281 - 282 - 284 - 285 - 289 - 290 - 293 - 295 - 297 - 298 - 299 - 302 - 303 - 305 - 308 - 310 - 312 - 313 - 317 - 318 - 320 - 321 - 322 - 323 - 324 - 326 - 328 - 329 - 330 - 334 - 335 - 337 - 338 - 342 - 343 - 344 - 347 - 348 - 349 - 350 - 351 - 352 - 356 - 359 - 362 - 364 - 365 - 369 - 372 - 374 - 375 - 376 - 379 - 380 - 382 - 385 - 387 - 388 - 389 - 390 - 391 - 392 - 394 - 395 - 396 - 397 - 399 - 400 - 401 - 403 - 405 - 408 - 409 - 410 - 411 - 412 - 414 - 415 - 417 - 420 - 422 - 425 - 426 - 427 - 429 - 431 - 433 - 434 - 435 - 436 - 437 - 438 - 439 - 441 - 442 - 444 - 446 - 447 - 448 - 449 - 450 - 453 - 454 - 456 - 460 - 461 - 464 - 466 - 468 - 469 - 470 - 471 - 472 - 473 - 474 - 475 - 479 - 482 - 486 - 487 - 491 - 492 - 494 - 495 - 496 - 497 - 498 - 499,20219005.6,0.0,96954,100994,74.81,Cost: 96954 & Capacity: 100994
1 - 3 - 5 - 6 - 7 - 8 - 9 - 10 - 13 - 15 - 16 - 19 - 20 - 21 - 22 - 25 - 26 - 31 - 34 - 37 - 39 - 40 - 41 - 43 - 44 - 45 - 46 - 47 - 48 - 49 - 50 - 52 - 53 - 54 - 55 - 56 - 57 - 59 - 60 - 61 - 62 - 63 - 66 - 70 - 72 - 73 - 74 - 75 - 77 - 78 - 79 - 80 - 81 - 86 - 87 - 88 - 89 - 90 - 91 - 94 - 96 - 97 - 98 - 101 - 103 - 106 - 108 - 109 - 110 - 113 - 114 - 119 - 121 - 123 - 125 - 126 - 128 - 130 - 132 - 135 - 138 - 143 - 144 - 146 - 147 - 148 - 149 - 150 - 152 - 153 - 156 - 157 - 160 - 161 - 163 - 164 - 165 - 168 - 169 - 170 - 174 - 175 - 176 - 177 - 179 - 180 - 181 - 182 - 184 - 186 - 187 - 188 - 194 - 195 - 198 - 203 - 204 - 205 - 207 - 208 - 212 - 213 - 214 - 216 - 219 - 222 - 224 - 225 - 226 - 228 - 232 - 233 - 234 - 235 - 237 - 239 - 240 - 243 - 245 - 246 - 248 - 249 - 250 - 251 - 252 - 253 - 257 - 259 - 260 - 261 - 263 - 265 - 270 - 271 - 274 - 275 - 276 - 277 - 279 - 280 - 281 - 282 - 284 - 285 - 290 - 293 - 295 - 297 - 298 - 299 - 302 - 303 - 305 - 308 - 310 - 312 - 313 - 317 - 318 - 320 - 321 - 322 - 323 - 324 - 326 - 328 - 329 - 330 - 334 - 337 - 338 - 342 - 343 - 344 - 347 - 348 - 349 - 350 - 351 - 352 - 356 - 359 - 362 - 364 - 365 - 369 - 372 - 374 - 375 - 376 - 379 - 380 - 382 - 385 - 387 - 388 - 389 - 390 - 391 - 392 - 394 - 395 - 396 - 397 - 399 - 400 - 401 - 403 - 408 - 409 - 410 - 411 - 412 - 414 - 415 - 417 - 420 - 422 - 425 - 426 - 427 - 429 - 431 - 433 - 435 - 436 - 437 - 438 - 439 - 441 - 442 - 444 - 446 - 447 - 448 - 449 - 450 - 453 - 454 - 456 - 460 - 461 - 464 - 466 - 468 - 469 - 470 - 471 - 472 - 473 - 474 - 475 - 479 - 482 - 487 - 491 - 492 - 494 - 495 - 496 - 497 - 498 - 499,19864839.7,0.0,95160,98972,74.77,Cost: 95160 & Capacity: 98972
0 - 8 - 9 - 13 - 15 - 16 - 17 - 19 - 20 - 23 - 24 - 25 - 31 - 33 - 37 - 39 - 42 - 44 - 45 - 50 - 53 - 56 - 63 - 65 - 70 - 71 - 73 - 77 - 81 - 89 - 91 - 94 - 96 - 105 - 109 - 111 - 113 - 114 - 116 - 119 - 121 - 122 - 123 - 126 - 131 - 135 - 137 - 143 - 144 - 145 - 146 - 149 - 153 - 154 - 165 - 169 - 170 - 174 - 175 - 176 - 181 - 185 - 187 - 188 - 190 - 193 - 194 - 195 - 197 - 198 - 210 - 212 - 213 - 218 - 220 - 230 - 233 - 235 - 237 - 239 - 241 - 249 - 253 - 255 - 257 - 262 - 263 - 276 - 277 - 280 - 281 - 282 - 284 - 288 - 293 - 295 - 296 - 297 - 299 - 302 - 303 - 305 - 309 - 310 - 312 - 317 - 319 - 323 - 328 - 333 - 334 - 335 - 338 - 342 - 343 - 346 - 349 - 352 - 355 - 356 - 358 - 359 - 360 - 362 - 373 - 375 - 376 - 382 - 387 - 391 - 393 - 395 - 396 - 397 - 400 - 403 - 405 - 409 - 410 - 412 - 413 - 414 - 418 - 419 - 420 - 421 - 422 - 424 - 425 - 426 - 429 - 430 - 431 - 435 - 436 - 437 - 438 - 439 - 441 - 442 - 445 - 449 - 450 - 452 - 456 - 457 - 458 - 460 - 461 - 464 - 465 - 471 - 472 - 473 - 475 - 477 - 479 - 483 - 484 - 486 - 487 - 488 - 490 - 491 - 492 - 494 - 495 - 496 - 499,8995640.5,9.6,96852,83890,75.44,Cost: 96852 & Capacity: 83890
3 - 5 - 6 - 7 - 8 - 9 - 10 - 13 - 15 - 16 - 19 - 20 - 21 - 22 - 25 - 26 - 31 - 34 - 37 - 39 - 40 - 41 - 43 - 44 - 45 - 47 - 48 - 49 - 50 - 52 - 53 - 54 - 55 - 56 - 57 - 59 - 60 - 61 - 62 - 63 - 65 - 66 - 70 - 72 - 73 - 74 - 75 - 77 - 78 - 79 - 80 - 81 - 86 - 87 - 88 - 89 - 90 - 91 - 94 - 96 - 97 - 98 - 101 - 103 - 106 - 108 - 109 - 110 - 113 - 114 - 119 - 121 - 123 - 125 - 126 - 128 - 130 - 132 - 135 - 138 - 143 - 144 - 146 - 147 - 148 - 149 - 150 - 152 - 153 - 156 - 157 - 160 - 161 - 163 - 165 - 168 - 169 - 170 - 174 - 175 - 177 - 179 - 180 - 181 - 182 - 184 - 186 - 187 - 188 - 194 - 195 - 198 - 203 - 204 - 205 - 207 - 208 - 211 - 212 - 213 - 214 - 216 - 219 - 222 - 224 - 225 - 226 - 228 - 232 - 233 - 234 - 235 - 237 - 239 - 240 - 243 - 245 - 246 - 248 - 249 - 250 - 251 - 252 - 253 - 257 - 260 - 261 - 263 - 265 - 270 - 271 - 274 - 275 - 276 - 277 - 279 - 280 - 281 - 282 - 284 - 285 - 289 - 290 - 293 - 295 - 297 - 298 - 299 - 302 - 303 - 305 - 308 - 310 - 312 - 313 - 317 - 318 - 320 - 321 - 322 - 323 - 324 - 326 - 328 - 329 - 330 - 334 - 335 - 337 - 338 - 342 - 343 - 344 - 347 - 348 - 349 - 350 - 351 - 352 - 356 - 359 - 362 - 364 - 365 - 369 - 372 - 374 - 375 - 376 - 379 - 380 - 382 - 385 - 387 - 388 - 389 - 390 - 391 - 392 - 394 - 395 - 396 - 397 - 399 - 400 - 401 - 403 - 405 - 408 - 409 - 410 - 411 - 412 - 414 - 415 - 417 - 420 - 422 - 425 - 426 - 427 - 429 - 431 - 433 - 434 - 435 - 436 - 437 - 438 - 439 - 441 - 442 - 444 - 446 - 447 - 448 - 449 - 450 - 453 - 454 - 456 - 460 - 461 - 464 - 466 - 468 - 469 - 470 - 471 - 472 - 473 - 474 - 475 - 479 - 482 - 486 - 487 - 491 - 492 - 494 - 495 - 496 - 497 - 498 - 499,20219005.6,0.0,96954,100994,75.65,Cost: 96954 & Capacity: 100994
0 - 3 - 5 - 6 - 7 - 8 - 15 - 19 - 20 - 21 - 22 - 24 - 31 - 33 - 34 - 39 - 43 - 44 - 45 - 47 - 48 - 49 - 50 - 51 - 53 - 54 - 55 - 56 - 57 - 59 - 61 - 62 - 63 - 65 - 66 - 70 - 73 - 75 - 77 - 78 - 79 - 80 - 81 - 87 - 88 - 89 - 90 - 91 - 96 - 98 - 103 - 104 - 106 - 108 - 109 - 113 - 114 - 119 - 121 - 123 - 125 - 126 - 128 - 130 - 132 - 135 - 138 - 143 - 144 - 145 - 146 - 147 - 148 - 149 - 150 - 152 - 153 - 155 - 156 - 157 - 159 - 160 - 169 - 170 - 174 - 175 - 177 - 179 - 180 - 181 - 182 - 186 - 187 - 188 - 194 - 198 - 203 - 204 - 205 - 207 - 208 - 212 - 213 - 214 - 216 - 219 - 220 - 222 - 225 - 226 - 232 - 233 - 234 - 235 - 237 - 239 - 243 - 245 - 246 - 248 - 249 - 250 - 251 - 252 - 253 - 257 - 258 - 260 - 261 - 263 - 265 - 270 - 271 - 274 - 275 - 276 - 277 - 279 - 280 - 281 - 284 - 285 - 289 - 290 - 291 - 293 - 294 - 295 - 296 - 297 - 298 - 299 - 302 - 303 - 305 - 310 - 312 - 313 - 315 - 316 - 317 - 318 - 320 - 321 - 322 - 323 - 324 - 326 - 327 - 328 - 329 - 330 - 334 - 335 - 337 - 338 - 342 - 343 - 344 - 346 - 347 - 348 - 349 - 350 - 351 - 352 - 356 - 358 - 359 - 362 - 363 - 364 - 365 - 366 - 369 - 374 - 375 - 376 - 379 - 380 - 382 - 385 - 387 - 388 - 389 - 390 - 391 - 392 - 394 - 395 - 396 - 397 - 399 - 400 - 401 - 403 - 405 - 408 - 409 - 410 - 414 - 415 - 417 - 420 - 422 - 425 - 426 - 427 - 429 - 433 - 434 - 435 - 436 - 438 - 439 - 441 - 442 - 444 - 446 - 447 - 448 - 449 - 450 - 451 - 452 - 453 - 454 - 456 - 457 - 458 - 460 - 464 - 468 - 469 - 470 - 471 - 473 - 474 - 477 - 478 - 482 - 484 - 486 - 487 - 491 - 494 - 495 - 496 - 497 - 499,18410764.4,0.4,96842,96494,78.72,Cost: 96842 & Capacity: 96494
3 - 5 - 6 - 7 - 8 - 9 - 10 - 13 - 15 - 16 - 19 - 20 - 21 - 22 - 25 - 26 - 31 - 34 - 37 - 39 - 40 - 41 - 43 - 44 - 45 - 47 - 48 - 49 - 50 - 52 - 53 - 54 - 55 - 56 - 57 - 59 - 60 - 61 - 62 - 63 - 65 - 66 - 70 - 72 - 73 - 74 - 75 - 77 - 78 - 79 - 80 - 81 - 86 - 87 - 88 - 89 - 90 - 91 - 94 - 96 - 97 - 98 - 101 - 103 - 106 - 108 - 109 - 110 - 113 - 114 - 119 - 121 - 123 - 125 - 126 - 128 - 130 - 132 - 135 - 138 - 143 - 144 - 146 - 147 - 148 - 149 - 150 - 152 - 153 - 156 - 157 - 160 - 161 - 163 - 165 - 168 - 169 - 170 - 174 - 175 - 177 - 179 - 180 - 181 - 182 - 184 - 186 - 187 - 188 - 194 - 195 - 198 - 203 - 204 - 205 - 207 - 208 - 211 - 212 - 213 - 214 - 216 - 219 - 222 - 224 - 225 - 226 - 228 - 232 - 233 - 234 - 235 - 237 - 239 - 240 - 243 - 245 - 246 - 248 - 249 - 250 - 251 - 252 - 253 - 257 - 260 - 261 - 263 - 265 - 270 - 271 - 274 - 275 - 276 - 277 - 279 - 280 - 281 - 282 - 284 - 285 - 289 - 290 - 293 - 295 - 297 - 298 - 299 - 302 - 303 - 305 - 308 - 310 - 312 - 313 - 317 - 318 - 320 - 321 - 322 - 323 - 324 - 326 - 328 - 329 - 330 - 334 - 335 - 337 - 338 - 342 - 343 - 344 - 347 - 348 - 349 - 350 - 351 - 352 - 356 - 359 - 362 - 364 - 365 - 369 - 372 - 374 - 375 - 376 - 379 - 380 - 382 - 385 - 387 - 388 - 389 - 390 - 391 - 392 - 394 - 395 - 396 - 397 - 399 - 400 - 401 - 403 - 405 - 408 - 409 - 410 - 411 - 412 - 414 - 415 - 417 - 420 - 422 - 425 - 426 - 427 - 429 - 431 - 433 - 434 - 435 - 436 - 437 - 438 - 439 - 441 - 442 - 444 - 446 - 447 - 448 - 449 - 450 - 453 - 454 - 456 - 460 - 461 - 464 - 466 - 468 - 469 - 470 - 471 - 472 - 473 - 474 - 475 - 479 - 482 - 486 - 487 - 491 - 492 - 494 - 495 - 496 - 497 - 498 - 499,20219005.6,0.0,96954,100994,79.26,Cost: 96954 & Capacity: 100994
3 - 5 - 6 - 7 - 8 - 9 - 10 - 13 - 15 - 16 - 19 - 20 - 21 - 22 - 25 - 26 - 31 - 34 - 37 - 39 - 40 - 41 - 43 - 44 - 45 - 47 - 48 - 49 - 50 - 52 - 53 - 54 - 55 - 56 - 57 - 59 - 60 - 61 - 62 - 63 - 65 - 66 - 70 - 72 - 73 - 74 - 75 - 77 - 78 - 79 - 80 - 81 - 86 - 87 - 88 - 89 - 90 - 91 - 94 - 96 - 97 - 98 - 101 - 103 - 106 - 108 - 109 - 110 - 113 - 114 - 119 - 121 - 123 - 125 - 126 - 128 - 130 - 132 - 135 - 138 - 143 - 144 - 146 - 147 - 148 - 149 - 150 - 152 - 153 - 156 - 157 - 160 - 161 - 163 - 165 - 168 - 169 - 170 - 174 - 175 - 177 - 179 - 180 - 181 - 182 - 184 - 186 - 187 - 188 - 194 - 195 - 198 - 203 - 204 - 205 - 207 - 208 - 211 - 212 - 213 - 214 - 216 - 219 - 222 - 224 - 225 - 226 - 228 - 232 - 233 - 234 - 235 - 237 - 239 - 240 - 243 - 245 - 246 - 248 - 249 - 250 - 251 - 252 - 253 - 257 - 260 - 261 - 263 - 265 - 270 - 271 - 274 - 275 - 276 - 277 - 279 - 280 - 281 - 282 - 284 - 285 - 289 - 290 - 293 - 295 - 297 - 298 - 299 - 302 - 303 - 305 - 308 - 310 - 312 - 313 - 317 - 318 - 320 - 321 - 322 - 323 - 324 - 326 - 328 - 329 - 330 - 334 - 335 - 337 - 338 - 342 - 343 - 344 - 347 - 348 - 349 - 350 - 351 - 352 - 356 - 359 - 362 - 364 - 365 - 369 - 372 - 374 - 375 - 376 - 379 - 380 - 382 - 385 - 387 - 388 - 389 - 390 - 391 - 392 - 394 - 395 - 396 - 397 - 399 - 400 - 401 - 403 - 405 - 408 - 409 - 410 - 411 - 412 - 414 - 415 - 417 - 420 - 422 - 425 - 426 - 427 - 429 - 431 - 433 - 434 - 435 - 436 - 437 - 438 - 439 - 441 - 442 - 444 - 446 - 447 - 448 - 449 - 450 - 453 - 454 - 456 - 460 - 461 - 464 - 466 - 468 - 469 - 470 - 471 - 472 - 473 - 474 - 475 - 479 - 482 - 486 - 487 - 491 - 492 - 494 - 495 - 496 - 497 - 498 - 499,20219005.6,0.0,96954,100994,80.35,Cost: 96954 & Capacity: 100994
1 - 3 - 5 - 6 - 7 - 8 - 9 - 10 - 13 - 15 - 16 - 19 - 20 - 21 - 22 - 25 - 26 - 31 - 34 - 37 - 39 - 40 - 41 - 43 - 44 - 45 - 46 - 47 - 48 - 49 - 50 - 52 - 53 - 54 - 55 - 56 - 57 - 59 - 60 - 61 - 62 - 63 - 66 - 70 - 72 - 73 - 74 - 75 - 77 - 78 - 79 - 80 - 81 - 86 - 87 - 88 - 89 - 90 - 91 - 94 - 96 - 97 - 98 - 101 - 103 - 106 - 108 - 109 - 110 - 113 - 114 - 119 - 121 - 123 - 125 - 126 - 128 - 129 - 130 - 132 - 135 - 138 - 143 - 144 - 146 - 147 - 148 - 149 - 150 - 152 - 153 - 156 - 157 - 160 - 161 - 163 - 164 - 165 - 168 - 169 - 170 - 174 - 175 - 176 - 177 - 179 - 180 - 181 - 182 - 184 - 186 - 187 - 188 - 194 - 195 - 198 - 203 - 204 - 205 - 207 - 208 - 212 - 213 - 214 - 216 - 219 - 222 - 224 - 225 - 226 - 228 - 232 - 233 - 234 - 235 - 237 - 239 - 240 - 243 - 245 - 246 - 248 - 249 - 250 - 251 - 252 - 253 - 257 - 259 - 260 - 261 - 263 - 265 - 270 - 271 - 274 - 275 - 276 - 277 - 279 - 280 - 281 - 282 - 284 - 285 - 290 - 293 - 295 - 297 - 298 - 299 - 302 - 303 - 305 - 308 - 310 - 312 - 313 - 317 - 318 - 320 - 321 - 322 - 323 - 324 - 326 - 328 - 329 - 330 - 334 - 337 - 338 - 342 - 343 - 344 - 347 - 348 - 349 - 350 - 351 - 352 - 356 - 359 - 362 - 364 - 365 - 369 - 372 - 374 - 375 - 376 - 379 - 380 - 382 - 385 - 387 - 388 - 389 - 390 - 391 - 392 - 394 - 395 - 396 - 397 - 399 - 400 - 401 - 403 - 408 - 409 - 410 - 411 - 412 - 414 - 415 - 417 - 420 - 422 - 425 - 426 - 427 - 429 - 431 - 433 - 435 - 436 - 437 - 438 - 439 - 441 - 442 - 444 - 446 - 447 - 448 - 449 - 450 - 453 - 454 - 456 - 460 - 461 - 464 - 466 - 468 - 469 - 470 - 471 - 472 - 473 - 474 - 475 - 479 - 482 - 487 - 491 - 492 - 494 - 495 - 496 - 497 - 498 - 499,19995964.0,0.0,95815,99471,81.03,Cost: 95815 & Capacity: 99471
1 - 3 - 5 - 6 - 7 - 8 - 9 - 10 - 13 - 15 - 16 - 19 - 20 - 21 - 22 - 25 - 26 - 31 - 34 - 37 - 39 - 40 - 41 - 43 - 44 - 45 - 46 - 47 - 48 - 49 - 50 - 52 - 53 - 54 - 55 - 56 - 57 - 59 - 60 - 61 - 62 - 63 - 66 - 70 - 72 - 73 - 74 - 75 - 77 - 78 - 79 - 80 - 81 - 86 - 87 - 88 - 89 - 90 - 91 - 94 - 96 - 97 - 98 - 101 - 103 - 106 - 108 - 109 - 110 - 113 - 114 - 119 - 121 - 123 - 125 - 126 - 128 - 130 - 132 - 135 - 138 - 143 - 144 - 146 - 147 - 148 - 149 - 150 - 152 - 153 - 156 - 157 - 160 - 161 - 163 - 164 - 165 - 168 - 169 - 170 - 174 - 175 - 176 - 177 - 179 - 180 - 181 - 182 - 184 - 186 - 187 - 188 - 194 - 195 - 198 - 203 - 204 - 205 - 207 - 208 - 212 - 213 - 214 - 216 - 219 - 222 - 224 - 225 - 226 - 228 - 232 - 233 - 234 - 235 - 237 - 239 - 240 - 243 - 245 - 246 - 248 - 249 - 250 - 251 - 252 - 253 - 257 - 259 - 260 - 261 - 263 - 265 - 270 - 271 - 274 - 275 - 276 - 277 - 279 - 280 - 281 - 282 - 284 - 285 - 290 - 293 - 295 - 297 - 298 - 299 - 302 - 303 - 305 - 308 - 310 - 312 - 313 - 317 - 318 - 320 - 321 - 322 - 323 - 324 - 326 - 328 - 329 - 330 - 334 - 337 - 338 - 342 - 343 - 344 - 347 - 348 - 349 - 350 - 351 - 352 - 356 - 359 - 362 - 364 - 365 - 369 - 372 - 374 - 375 - 376 - 379 - 380 - 382 - 385 - 387 - 388 - 389 - 390 - 391 - 392 - 394 - 395 - 396 - 397 - 399 - 400 - 401 - 403 - 408 - 409 - 410 - 411 - 412 - 414 - 415 - 417 - 420 - 422 - 425 - 426 - 427 - 429 - 431 - 433 - 435 - 436 - 437 - 438 - 439 - 441 - 442 - 444 - 446 - 447 - 448 - 449 - 450 - 453 - 454 - 456 - 460 - 461 - 464 - 466 - 468 - 469 - 470 - 471 - 472 - 473 - 474 - 475 - 479 - 482 - 487 - 491 - 492 - 494 - 495 - 496 - 497 - 498 - 499,19864839.7,0.0,95160,98972,81.04,Cost: 95160 & Capacity: 98972
3 - 5 - 6 - 7 - 8 - 9 - 10 - 13 - 15 - 16 - 19 - 20 - 21 - 22 - 25 - 26 - 31 - 34 - 37 - 39 - 40 - 41 - 43 - 44 - 45 - 47 - 48 - 49 - 50 - 52 - 53 - 54 - 55 - 56 - 57 - 59 - 60 - 61 - 62 - 63 - 65 - 66 - 70 - 72 - 73 - 74 - 75 - 77 - 78 - 79 - 80 - 81 - 86 - 87 - 88 - 89 - 90 - 91 - 94 - 96 - 97 - 98 - 101 - 103 - 106 - 108 - 109 - 110 - 113 - 114 - 119 - 121 - 123 - 125 - 126 - 128 - 130 - 132 - 135 - 138 - 143 - 144 - 146 - 147 - 148 - 149 - 150 - 152 - 153 - 156 - 157 - 160 - 161 - 163 - 165 - 168 - 169 - 170 - 174 - 175 - 177 - 179 - 180 - 181 - 182 - 184 - 186 - 187 - 188 - 194 - 195 - 198 - 203 - 204 - 205 - 207 - 208 - 211 - 212 - 213 - 214 - 216 - 219 - 222 - 224 - 225 - 226 - 228 - 232 - 233 - 234 - 235 - 237 - 239 - 240 - 243 - 245 - 246 - 248 - 249 - 250 - 251 - 252 - 253 - 257 - 260 - 261 - 263 - 265 - 270 - 271 - 274 - 275 - 276 - 277 - 279 - 280 - 281 - 282 - 284 - 285 - 289 - 290 - 293 - 295 - 297 - 298 - 299 - 302 - 303 - 305 - 308 - 310 - 312 - 313 - 317 - 318 - 320 - 321 - 322 - 323 - 324 - 326 - 328 - 329 - 330 - 334 - 335 - 337 - 338 - 342 - 343 - 344 - 347 - 348 - 349 - 350 - 351 - 352 - 356 - 359 - 362 - 364 - 365 - 369 - 372 - 374 - 375 - 376 - 379 - 380 - 382 - 385 - 387 - 388 - 389 - 390 - 391 - 392 - 394 - 395 - 396 - 397 - 399 - 400 - 401 - 403 - 405 - 408 - 409 - 410 - 411 - 412 - 414 - 415 - 417 - 420 - 422 - 425 - 426 - 427 - 429 - 431 - 433 - 434 - 435 - 436 - 437 - 438 - 439 - 441 - 442 - 444 - 446 - 447 - 448 - 449 - 450 - 453 - 454 - 456 - 460 - 461 - 464 - 466 - 468 - 469 - 470 - 471 - 472 - 473 - 474 - 475 - 479 - 482 - 486 - 487 - 491 - 492 - 494 - 495 - 496 - 497 - 498 - 499,20219005.6,0.0,96954,100994,81.17,Cost: 96954 & Capacity: 100994
0 - 7 - 9 - 15 - 16 - 19 - 20 - 21 - 22 - 25 - 30 - 31 - 34 - 37 - 39 - 43 - 44 - 46 - 48 - 49 - 50 - 53 - 55 - 56 - 60 - 62 - 65 - 69 - 73 - 76 - 78 - 81 - 82 - 84 - 85 - 86 - 88 - 89 - 90 - 91 - 96 - 101 - 104 - 105 - 109 - 111 - 113 - 114 - 119 - 121 - 122 - 123 - 125 - 126 - 128 - 131 - 136 - 137 - 143 - 147 - 149 - 155 - 156 - 157 - 167 - 168 - 169 - 170 - 175 - 177 - 178 - 181 - 185 - 187 - 188 - 190 - 192 - 193 - 196 - 198 - 203 - 211 - 213 - 214 - 216 - 222 - 224 - 227 - 230 - 231 - 235 - 237 - 243 - 245 - 249 - 250 - 252 - 253 - 256 - 257 - 258 - 260 - 262 - 263 - 267 - 270 - 274 - 277 - 279 - 281 - 284 - 289 - 291 - 293 - 295 - 296 - 297 - 298 - 302 - 303 - 304 - 312 - 313 - 314 - 316 - 318 - 319 - 324 - 327 - 328 - 329 - 331 - 334 - 338 - 339 - 342 - 344 - 346 - 350 - 352 - 360 - 361 - 362 - 364 - 369 - 375 - 378 - 379 - 382 - 387 - 389 - 391 - 395 - 397 - 400 - 403 - 409 - 410 - 414 - 415 - 420 - 421 - 422 - 424 - 429 - 431 - 432 - 436 - 439 - 441 - 442 - 443 - 446 - 448 - 449 - 450 - 451 - 452 - 456 - 458 - 460 - 461 - 464 - 465 - 468 - 469 - 470 - 471 - 472 - 475 - 477 - 480 - 484 - 486 - 487 - 490 - 491 - 499,9902468.5,7.5,96860,87114,82.8,Cost: 96860 & Capacity: 87114
3 - 5 - 6 - 7 - 8 - 9 - 10 - 13 - 15 - 16 - 19 - 20 - 21 - 22 - 25 - 26 - 31 - 34 - 37 - 39 - 40 - 41 - 43 - 44 - 45 - 47 - 48 - 49 - 50 - 52 - 53 - 54 - 55 - 56 - 57 - 59 - 60 - 61 - 62 - 63 - 65 - 66 - 70 - 72 - 73 - 74 - 75 - 77 - 78 - 79 - 80 - 81 - 86 - 87 - 88 - 89 - 90 - 91 - 94 - 96 - 97 - 98 - 101 - 103 - 106 - 108 - 109 - 110 - 113 - 114 - 119 - 121 - 123 - 125 - 126 - 128 - 130 - 132 - 135 - 138 - 143 - 144 - 146 - 147 - 148 - 149 - 150 - 152 - 153 - 156 - 157 - 160 - 161 - 163 - 165 - 168 - 169 - 170 - 174 - 175 - 177 - 179 - 180 - 181 - 182 - 184 - 186 - 187 - 188 - 194 - 195 - 198 - 203 - 204 - 205 - 207 - 208 - 211 - 212 - 213 - 214 - 216 - 219 - 222 - 224 - 225 - 226 - 228 - 232 - 233 - 234 - 235 - 237 - 239 - 240 - 243 - 245 - 246 - 248 - 249 - 250 - 251 - 252 - 253 - 257 - 260 - 261 - 263 - 265 - 270 - 271 - 274 - 275 - 276 - 277 - 279 - 280 - 281 - 282 - 284 - 285 - 289 - 290 - 293 - 295 - 297 - 298 - 299 - 302 - 303 - 305 - 308 - 310 - 312 - 313 - 317 - 318 - 320 - 321 - 322 - 323 - 324 - 326 - 328 - 329 - 330 - 334 - 335 - 337 - 338 - 342 - 343 - 344 - 347 - 348 - 349 - 350 - 351 - 352 - 356 - 359 - 362 - 364 - 365 - 369 - 372 - 374 - 375 - 376 - 379 - 380 - 382 - 385 - 387 - 388 - 389 - 390 - 391 - 392 - 394 - 395 - 396 - 397 - 399 - 400 - 401 - 403 - 405 - 408 - 409 - 410 - 411 - 412 - 414 - 415 - 417 - 420 - 422 - 425 - 426 - 427 - 429 - 431 - 433 - 434 - 435 - 436 - 437 - 438 - 439 - 441 - 442 - 444 - 446 - 447 - 448 - 449 - 450 - 453 - 454 - 456 - 460 - 461 - 464 - 466 - 468 - 469 - 470 - 471 - 472 - 473 - 474 - 475 - 479 - 482 - 486 - 487 - 491 - 492 - 494 - 495 - 496 - 497 - 498 - 499,20219005.6,0.0,96954,100994,85.03,Cost: 96954 & Capacity: 100994
3 - 5 - 6 - 7 - 8 - 9 - 10 - 13 - 15 - 16 - 19 - 20 - 21 - 22 - 25 - 26 - 31 - 34 - 37 - 39 - 40 - 41 - 43 - 44 - 45 - 47 - 48 - 49 - 50 - 52 - 53 - 54 - 55 - 56 - 57 - 59 - 60 - 61 - 62 - 63 - 65 - 66 - 70 - 72 - 73 - 74 - 75 - 77 - 78 - 79 - 80 - 81 - 86 - 87 - 88 - 89 - 90 - 91 - 94 - 96 - 97 - 98 - 101 - 103 - 106 - 108 - 109 - 110 - 113 - 114 - 119 - 121 - 123 - 125 - 126 - 128 - 130 - 132 - 135 - 138 - 143 - 144 - 146 - 147 - 148 - 149 - 150 - 152 - 153 - 156 - 157 - 160 - 161 - 163 - 165 - 168 - 169 - 170 - 174 - 175 - 177 - 179 - 180 - 181 - 182 - 184 - 186 - 187 - 188 - 194 - 195 - 198 - 203 - 204 - 205 - 207 - 208 - 211 - 212 - 213 - 214 - 216 - 219 - 222 - 224 - 225 - 226 - 228 - 232 - 233 - 234 - 235 - 237 - 239 - 240 - 243 - 245 - 246 - 248 - 249 - 250 - 251 - 252 - 253 - 257 - 260 - 261 - 263 - 265 - 270 - 271 - 274 - 275 - 276 - 277 - 279 - 280 - 281 - 282 - 284 - 285 - 289 - 290 - 293 - 295 - 297 - 298 - 299 - 302 - 303 - 305 - 308 - 310 - 312 - 313 - 317 - 318 - 320 - 321 - 322 - 323 - 324 - 326 - 328 - 329 - 330 - 334 - 335 - 337 - 338 - 342 - 343 - 344 - 347 - 348 - 349 - 350 - 351 - 352 - 356 - 359 - 362 - 364 - 365 - 369 - 372 - 374 - 375 - 376 - 379 - 380 - 382 - 385 - 387 - 388 - 389 - 390 - 391 - 392 - 394 - 395 - 396 - 397 - 399 - 400 - 401 - 403 - 405 - 408 - 409 - 410 - 411 - 412 - 414 - 415 - 417 - 420 - 422 - 425 - 426 - 427 - 429 - 431 - 433 - 434 - 435 - 436 - 437 - 438 - 439 - 441 - 442 - 444 - 446 - 447 - 448 - 449 - 450 - 453 - 454 - 456 - 460 - 461 - 464 - 466 - 468 - 469 - 470 - 471 - 472 - 473 - 474 - 475 - 479 - 482 - 486 - 487 - 491 - 492 - 494 - 495 - 496 - 497 - 498 - 499,20219005.6,0.0,96954,100994,85.25,Cost: 96954 & Capacity: 100994
1 - 3 - 5 - 6 - 7 - 8 - 9 - 10 - 13 - 15 - 16 - 19 - 20 - 21 - 22 - 25 - 26 - 31 - 34 - 37 - 39 - 40 - 41 - 43 - 44 - 45 - 46 - 47 - 48 - 49 - 50 - 52 - 53 - 54 - 55 - 56 - 57 - 59 - 60 - 61 - 62 - 63 - 65 - 66 - 70 - 72 - 73 - 74 - 75 - 77 - 78 - 79 - 80 - 81 - 86 - 87 - 88 - 89 - 90 - 91 - 94 - 96 - 97 - 98 - 101 - 103 - 106 - 108 - 109 - 110 - 113 - 114 - 119 - 121 - 123 - 125 - 126 - 128 - 132 - 135 - 138 - 143 - 144 - 146 - 147 - 148 - 149 - 150 - 152 - 153 - 156 - 157 - 160 - 161 - 163 - 164 - 165 - 168 - 169 - 170 - 174 - 175 - 176 - 177 - 179 - 180 - 181 - 182 - 184 - 186 - 187 - 188 - 194 - 195 - 198 - 203 - 204 - 205 - 207 - 208 - 212 - 213 - 214 - 216 - 219 - 222 - 224 - 225 - 226 - 228 - 232 - 233 - 234 - 235 - 237 - 239 - 240 - 243 - 245 - 246 - 248 - 249 - 250 - 251 - 252 - 253 - 257 - 259 - 260 - 261 - 263 - 265 - 270 - 271 - 274 - 275 - 276 - 277 - 279 - 280 - 281 - 282 - 284 - 285 - 290 - 293 - 295 - 297 - 298 - 299 - 302 - 303 - 305 - 308 - 310 - 312 - 313 - 317 - 318 - 320 - 321 - 322 - 323 - 324 - 326 - 328 - 329 - 330 - 334 - 337 - 338 - 342 - 343 - 344 - 347 - 348 - 349 - 350 - 351 - 352 - 356 - 359 - 362 - 364 - 365 - 369 - 372 - 374 - 375 - 376 - 379 - 380 - 382 - 385 - 387 - 388 - 389 - 390 - 391 - 392 - 394 - 395 - 396 - 397 - 399 - 400 - 401 - 403 - 408 - 409 - 410 - 411 - 412 - 414 - 415 - 417 - 420 - 422 - 425 - 426 - 427 - 429 - 431 - 433 - 435 - 436 - 437 - 438 - 439 - 441 - 442 - 444 - 446 - 447 - 448 - 449 - 450 - 453 - 454 - 456 - 460 - 461 - 464 - 466 - 468 - 469 - 470 - 471 - 472 - 473 - 474 - 475 - 479 - 482 - 487 - 491 - 492 - 494 - 495 - 496 - 497 - 498 - 499,19873286.6,0.0,95164,98962,85.34,Cost: 95164 & Capacity: 98962
1 - 3 - 5 - 6 - 7 - 8 - 9 - 10 - 13 - 15 - 16 - 19 - 20 - 21 - 22 - 25 - 26 - 31 - 34 - 37 - 39 - 40 - 41 - 43 - 44 - 45 - 46 - 47 - 48 - 49 - 50 - 52 - 53 - 54 - 55 - 56 - 57 - 59 - 60 - 61 - 62 - 63 - 65 - 66 - 70 - 72 - 73 - 74 - 75 - 77 - 78 - 79 - 80 - 81 - 86 - 87 - 88 - 89 - 90 - 91 - 94 - 96 - 97 - 98 - 101 - 103 - 106 - 108 - 109 - 110 - 113 - 114 - 119 - 121 - 123 - 125 - 126 - 128 - 129 - 132 - 135 - 138 - 143 - 144 - 146 - 147 - 148 - 149 - 150 - 152 - 153 - 156 - 157 - 160 - 161 - 163 - 164 - 165 - 168 - 169 - 170 - 174 - 175 - 176 - 177 - 179 - 180 - 181 - 182 - 184 - 186 - 187 - 188 - 194 - 195 - 198 - 203 - 204 - 205 - 207 - 208 - 212 - 213 - 214 - 216 - 219 - 222 - 224 - 225 - 226 - 228 - 232 - 233 - 234 - 235 - 237 - 239 - 240 - 243 - 245 - 246 - 248 - 249 - 250 - 251 - 252 - 253 - 257 - 259 - 260 - 261 - 263 - 265 - 270 - 271 - 274 - 275 - 276 - 277 - 279 - 280 - 281 - 282 - 284 - 285 - 290 - 293 - 295 - 297 - 298 - 299 - 302 - 303 - 305 - 308 - 310 - 312 - 313 - 317 - 318 - 320 - 321 - 322 - 323 - 324 - 326 - 328 - 329 - 330 - 334 - 337 - 338 - 342 - 343 - 344 - 347 - 348 - 349 - 350 - 351 - 352 - 356 - 359 - 362 - 364 - 365 - 369 - 372 - 374 - 375 - 376 - 379 - 380 - 382 - 385 - 387 - 388 - 389 - 390 - 391 - 392 - 394 - 395 - 396 - 397 - 399 - 400 - 401 - 403 - 408 - 409 - 410 - 411 - 412 - 414 - 415 - 417 - 420 - 422 - 425 - 426 - 427 - 429 - 431 - 433 - 435 - 436 - 437 - 438 - 439 - 441 - 442 - 444 - 446 - 447 - 448 - 449 - 450 - 453 - 454 - 456 - 460 - 461 - 464 - 466 - 468 - 469 - 470 - 471 - 472 - 473 - 474 - 475 - 479 - 482 - 487 - 491 - 492 - 494 - 495 - 496 - 497 - 498 - 499,20003844.1,0.0,95819,99461,85.34,Cost: 95819 & Capacity: 99461
3 - 5 - 6 - 7 - 8 - 9 - 10 - 13 - 15 - 16 - 19 - 20 - 21 - 22 - 25 - 26 - 31 - 34 - 37 - 39 - 41 - 43 - 44 - 45 - 46 - 47 - 48 - 49 - 50 - 52 - 53 - 54 - 55 - 56 - 57 - 59 - 60 - 61 - 62 - 63 - 65 - 66 - 70 - 72 - 73 - 74 - 75 - 77 - 78 - 79 - 80 - 81 - 87 - 88 - 89 - 90 - 91 - 94 - 96 - 97 - 98 - 101 - 103 - 106 - 108 - 109 - 110 - 113 - 114 - 119 - 121 - 123 - 125 - 126 - 128 - 130 - 132 - 135 - 138 - 143 - 144 - 146 - 147 - 148 - 149 - 150 - 152 - 153 - 156 - 157 - 160 - 161 - 163 - 165 - 169 - 170 - 174 - 175 - 177 - 179 - 180 - 181 - 182 - 184 - 185 - 186 - 187 - 188 - 194 - 195 - 198 - 203 - 204 - 205 - 207 - 208 - 211 - 212 - 213 - 214 - 216 - 219 - 222 - 224 - 225 - 226 - 228 - 232 - 233 - 234 - 235 - 237 - 239 - 240 - 243 - 245 - 246 - 248 - 249 - 250 - 251 - 252 - 253 - 257 - 258 - 260 - 261 - 263 - 265 - 270 - 271 - 274 - 275 - 276 - 277 - 279 - 280 - 281 - 282 - 284 - 285 - 289 - 290 - 293 - 295 - 297 - 298 - 299 - 302 - 303 - 305 - 308 - 310 - 312 - 313 - 317 - 318 - 320 - 321 - 322 - 323 - 324 - 326 - 328 - 329 - 330 - 334 - 335 - 337 - 338 - 342 - 343 - 344 - 347 - 348 - 349 - 350 - 351 - 352 - 356 - 359 - 362 - 364 - 365 - 369 - 372 - 374 - 375 - 376 - 379 - 380 - 382 - 385 - 387 - 388 - 389 - 390 - 391 - 392 - 394 - 395 - 396 - 397 - 399 - 400 - 401 - 403 - 405 - 408 - 409 - 410 - 411 - 412 - 414 - 415 - 417 - 420 - 422 - 425 - 426 - 427 - 429 - 431 - 433 - 434 - 435 - 436 - 437 - 438 - 439 - 441 - 442 - 444 - 446 - 447 - 448 - 449 - 450 - 453 - 454 - 456 - 460 - 461 - 464 - 466 - 468 - 469 - 470 - 471 - 472 - 473 - 474 - 475 - 479 - 482 - 486 - 487 - 491 - 492 - 494 - 495 - 496 - 497 - 498 - 499,20232127.2,0.0,96955,100737,85.42,Cost: 96955 & Capacity: 100737
0 - 3 - 5 - 7 - 8 - 9 - 11 - 13 - 15 - 19 - 21 - 22 - 25 - 30 - 31 - 34 - 37 - 39 - 40 - 43 - 44 - 45 - 47 - 48 - 49 - 50 - 51 - 53 - 55 - 56 - 57 - 59 - 61 - 62 - 63 - 65 - 66 - 70 - 73 - 74 - 78 - 80 - 81 - 87 - 88 - 89 - 90 - 91 - 94 - 96 - 97 - 98 - 101 - 104 - 106 - 108 - 109 - 113 - 114 - 119 - 121 - 122 - 123 - 125 - 126 - 128 - 130 - 131 - 132 - 135 - 136 - 138 - 141 - 143 - 145 - 146 - 147 - 148 - 149 - 150 - 151 - 152 - 153 - 157 - 160 - 163 - 169 - 170 - 174 - 175 - 177 - 179 - 180 - 181 - 182 - 185 - 186 - 187 - 188 - 190 - 193 - 198 - 203 - 205 - 207 - 208 - 210 - 212 - 213 - 214 - 219 - 222 - 224 - 225 - 227 - 232 - 233 - 234 - 235 - 237 - 245 - 246 - 249 - 250 - 251 - 252 - 253 - 257 - 258 - 260 - 261 - 263 - 265 - 270 - 272 - 275 - 276 - 277 - 279 - 281 - 282 - 284 - 285 - 289 - 290 - 291 - 293 - 295 - 296 - 297 - 298 - 299 - 302 - 303 - 305 - 310 - 312 - 313 - 314 - 315 - 317 - 318 - 320 - 322 - 323 - 324 - 326 - 327 - 328 - 329 - 335 - 337 - 342 - 344 - 346 - 347 - 348 - 350 - 352 - 359 - 360 - 362 - 364 - 369 - 373 - 374 - 375 - 376 - 379 - 380 - 382 - 385 - 387 - 388 - 389 - 391 - 392 - 394 - 395 - 396 - 397 - 400 - 401 - 403 - 405 - 408 - 409 - 410 - 411 - 414 - 415 - 420 - 421 - 422 - 424 - 425 - 426 - 427 - 429 - 430 - 432 - 435 - 436 - 437 - 438 - 441 - 442 - 443 - 444 - 447 - 448 - 449 - 450 - 451 - 453 - 454 - 457 - 458 - 460 - 461 - 464 - 469 - 470 - 471 - 472 - 474 - 475 - 477 - 486 - 487 - 491 - 494 - 495 - 496,16101172.7,2.8,96940,95851,89.01,Cost: 96940 & Capacity: 95851
2 - 3 - 7 - 8 - 10 - 11 - 13 - 14 - 15 - 20 - 22 - 25 - 27 - 31 - 33 - 34 - 35 - 37 - 41 - 44 - 52 - 53 - 54 - 55 - 60 - 62 - 65 - 71 - 74 - 77 - 79 - 80 - 81 - 83 - 87 - 88 - 89 - 100 - 105 - 106 - 108 - 109 - 116 - 119 - 122 - 123 - 129 - 130 - 135 - 136 - 140 - 141 - 143 - 144 - 154 - 156 - 160 - 162 - 163 - 168 - 170 - 173 - 175 - 176 - 182 - 183 - 185 - 187 - 191 - 193 - 197 - 198 - 200 - 203 - 208 - 211 - 213 - 217 - 221 - 227 - 231 - 237 - 240 - 242 - 243 - 249 - 250 - 253 - 263 - 267 - 268 - 279 - 280 - 284 - 286 - 289 - 290 - 293 - 296 - 306 - 307 - 309 - 310 - 311 - 313 - 314 - 316 - 318 - 320 - 323 - 328 - 333 - 334 - 335 - 339 - 343 - 344 - 353 - 359 - 360 - 365 - 366 - 376 - 378 - 385 - 387 - 391 - 397 - 398 - 400 - 403 - 407 - 408 - 409 - 414 - 425 - 426 - 427 - 428 - 429 - 430 - 431 - 436 - 443 - 448 - 452 - 456 - 458 - 460 - 462 - 464 - 468 - 469 - 471 - 481 - 484 - 487 - 492 - 493 - 495,6500744.4,13.0,96518,80223,89.49,Cost: 96518 & Capacity: 80223
3 - 5 - 6 - 7 - 8 - 9 - 10 - 13 - 15 - 16 - 19 - 20 - 21 - 22 - 25 - 26 - 31 - 34 - 37 - 39 - 40 - 41 - 43 - 44 - 45 - 47 - 48 - 49 - 50 - 52 - 53 - 54 - 55 - 56 - 57 - 59 - 60 - 61 - 62 - 63 - 65 - 66 - 70 - 72 - 73 - 74 - 75 - 77 - 78 - 79 - 80 - 81 - 86 - 87 - 88 - 89 - 90 - 91 - 94 - 96 - 97 - 98 - 101 - 103 - 106 - 108 - 109 - 110 - 113 - 114 - 119 - 121 - 123 - 125 - 126 - 128 - 130 - 132 - 135 - 138 - 143 - 144 - 146 - 147 - 148 - 149 - 150 - 152 - 153 - 156 - 157 - 160 - 161 - 163 - 165 - 168 - 169 - 170 - 174 - 175 - 177 - 179 - 180 - 181 - 182 - 184 - 186 - 187 - 188 - 194 - 195 - 198 - 203 - 204 - 205 - 207 - 208 - 211 - 212 - 213 - 214 - 216 - 219 - 222 - 224 - 225 - 226 - 228 - 232 - 233 - 234 - 235 - 237 - 239 - 240 - 243 - 245 - 246 - 248 - 249 - 250 - 251 - 252 - 253 - 257 - 260 - 261 - 263 - 265 - 270 - 271 - 274 - 275 - 276 - 277 - 279 - 280 - 281 - 282 - 284 - 285 - 289 - 290 - 293 - 295 - 297 - 298 - 299 - 302 - 303 - 305 - 308 - 310 - 312 - 313 - 317 - 318 - 320 - 321 - 322 - 323 - 324 - 326 - 328 - 329 - 330 - 334 - 335 - 337 - 338 - 342 - 343 - 344 - 347 - 348 - 349 - 350 - 351 - 352 - 356 - 359 - 362 - 364 - 365 - 369 - 372 - 374 - 375 - 376 - 379 - 380 - 382 - 385 - 387 - 388 - 389 - 390 - 391 - 392 - 394 - 395 - 396 - 397 - 399 - 400 - 401 - 403 - 405 - 408 - 409 - 410 - 411 - 412 - 414 - 415 - 417 - 420 - 422 - 425 - 426 - 427 - 429 - 431 - 433 - 434 - 435 - 436 - 437 - 438 - 439 - 441 - 442 - 444 - 446 - 447 - 448 - 449 - 450 - 453 - 454 - 456 - 460 - 461 - 464 - 466 - 468 - 469 - 470 - 471 - 472 - 473 - 474 - 475 - 479 - 482 - 486 - 487 - 491 - 492 - 494 - 495 - 496 - 497 - 498 - 499,20219005.6,0.0,96954,100994,89.74,Cost: 96954 & Capacity: 100994
3 - 5 - 6 - 7 - 8 - 9 - 10 - 13 - 15 - 16 - 19 - 20 - 21 - 22 - 25 - 26 - 31 - 34 - 37 - 39 - 40 - 41 - 43 - 44 - 45 - 46 - 47 - 48 - 49 - 50 - 53 - 54 - 55 - 56 - 57 - 59 - 61 - 62 - 63 - 65 - 66 - 70 - 72 - 73 - 74 - 75 - 77 - 78 - 79 - 80 - 81 - 87 - 88 - 89 - 90 - 91 - 94 - 96 - 97 - 98 - 101 - 103 - 106 - 108 - 109 - 110 - 113 - 114 - 119 - 121 - 123 - 125 - 126 - 128 - 130 - 132 - 135 - 138 - 143 - 144 - 146 - 147 - 148 - 149 - 150 - 152 - 153 - 156 - 157 - 160 - 161 - 163 - 165 - 169 - 170 - 174 - 175 - 177 - 179 - 180 - 181 - 182 - 184 - 185 - 186 - 187 - 188 - 194 - 195 - 198 - 203 - 204 - 205 - 207 - 208 - 211 - 212 - 213 - 214 - 216 - 219 - 222 - 224 - 225 - 226 - 228 - 232 - 233 - 234 - 235 - 237 - 239 - 240 - 243 - 245 - 246 - 248 - 249 - 250 - 251 - 252 - 253 - 257 - 258 - 260 - 261 - 263 - 265 - 270 - 271 - 274 - 275 - 276 - 277 - 279 - 280 - 281 - 282 - 284 - 285 - 289 - 290 - 293 - 295 - 297 - 298 - 299 - 302 - 303 - 305 - 308 - 310 - 312 - 313 - 315 - 317 - 318 - 320 - 321 - 322 - 323 - 324 - 326 - 328 - 329 - 330 - 334 - 335 - 337 - 338 - 342 - 343 - 344 - 347 - 348 - 349 - 350 - 351 - 352 - 356 - 359 - 362 - 364 - 365 - 369 - 372 - 374 - 375 - 376 - 379 - 380 - 382 - 385 - 387 - 388 - 389 - 390 - 391 - 392 - 394 - 395 - 396 - 397 - 399 - 400 - 401 - 403 - 405 - 408 - 409 - 410 - 411 - 412 - 414 - 415 - 417 - 420 - 422 - 425 - 426 - 427 - 429 - 431 - 433 - 434 - 435 - 436 - 437 - 438 - 439 - 441 - 442 - 444 - 446 - 447 - 448 - 449 - 450 - 453 - 454 - 456 - 460 - 461 - 464 - 466 - 468 - 469 - 470 - 471 - 472 - 473 - 474 - 475 - 479 - 482 - 486 - 487 - 491 - 492 - 494 - 495 - 496 - 497 - 498 - 499,20234367.0,0.0,96958,101320,90.39,Cost: 96958 & Capacity: 101320
3 - 5 - 6 - 7 - 8 - 9 - 10 - 13 - 15 - 16 - 19 - 20 - 21 - 22 - 25 - 26 - 31 - 34 - 37 - 39 - 40 - 41 - 43 - 44 - 45 - 47 - 48 - 49 - 50 - 52 - 53 - 54 - 55 - 56 - 57 - 59 - 60 - 61 - 62 - 63 - 65 - 66 - 70 - 72 - 73 - 74 - 75 - 77 - 78 - 79 - 80 - 81 - 86 - 87 - 88 - 89 - 90 - 91 - 94 - 96 - 97 - 98 - 101 - 103 - 106 - 108 - 109 - 110 - 113 - 114 - 119 - 121 - 123 - 125 - 126 - 128 - 130 - 132 - 135 - 138 - 143 - 144 - 146 - 147 - 148 - 149 - 150 - 152 - 153 - 156 - 157 - 160 - 161 - 163 - 165 - 168 - 169 - 170 - 174 - 175 - 177 - 179 - 180 - 181 - 182 - 184 - 186 - 187 - 188 - 194 - 195 - 198 - 203 - 204 - 205 - 207 - 208 - 211 - 212 - 213 - 214 - 216 - 219 - 222 - 224 - 225 - 226 - 228 - 232 - 233 - 234 - 235 - 237 - 239 - 240 - 243 - 245 - 246 - 248 - 249 - 250 - 251 - 252 - 253 - 257 - 260 - 261 - 263 - 265 - 270 - 271 - 274 - 275 - 276 - 277 - 279 - 280 - 281 - 282 - 284 - 285 - 289 - 290 - 293 - 295 - 297 - 298 - 299 - 302 - 303 - 305 - 308 - 310 - 312 - 313 - 317 - 318 - 320 - 321 - 322 - 323 - 324 - 326 - 328 - 329 - 330 - 334 - 335 - 337 - 338 - 342 - 343 - 344 - 347 - 348 - 349 - 350 - 351 - 352 - 356 - 359 - 362 - 364 - 365 - 369 - 372 - 374 - 375 - 376 - 379 - 380 - 382 - 385 - 387 - 388 - 389 - 390 - 391 - 392 - 394 - 395 - 396 - 397 - 399 - 400 - 401 - 403 - 405 - 408 - 409 - 410 - 411 - 412 - 414 - 415 - 417 - 420 - 422 - 425 - 426 - 427 - 429 - 431 - 433 - 434 - 435 - 436 - 437 - 438 - 439 - 441 - 442 - 444 - 446 - 447 - 448 - 449 - 450 - 453 - 454 - 456 - 460 - 461 - 464 - 466 - 468 - 469 - 470 - 471 - 472 - 473 - 474 - 475 - 479 - 482 - 486 - 487 - 491 - 492 - 494 - 495 - 496 - 497 - 498 - 499,20219005.6,0.0,96954,100994,90.44,Cost: 96954 & Capacity: 100994
1 - 3 - 5 - 6 - 7 - 8 - 9 - 10 - 13 - 15 - 16 - 19 - 20 - 21 - 22 - 25 - 26 - 31 - 34 - 37 - 39 - 40 - 41 - 43 - 44 - 45 - 46 - 47 - 48 - 49 - 50 - 52 - 53 - 54 - 55 - 56 - 57 - 59 - 60 - 61 - 62 - 63 - 66 - 70 - 72 - 73 - 74 - 75 - 77 - 78 - 79 - 80 - 81 - 86 - 87 - 88 - 89 - 90 - 91 - 94 - 96 - 97 - 98 - 101 - 103 - 106 - 108 - 109 - 110 - 113 - 114 - 119 - 121 - 123 - 125 - 126 - 128 - 129 - 132 - 135 - 138 - 143 - 144 - 146 - 147 - 148 - 149 - 150 - 152 - 153 - 156 - 157 - 160 - 161 - 163 - 164 - 165 - 168 - 169 - 170 - 174 - 175 - 176 - 177 - 179 - 180 - 181 - 182 - 184 - 186 - 187 - 188 - 194 - 195 - 198 - 203 - 204 - 205 - 207 - 208 - 212 - 213 - 214 - 216 - 219 - 222 - 224 - 225 - 226 - 228 - 232 - 233 - 234 - 235 - 237 - 239 - 240 - 243 - 245 - 246 - 248 - 249 - 250 - 251 - 252 - 253 - 257 - 259 - 260 - 261 - 263 - 265 - 270 - 271 - 274 - 275 - 276 - 277 - 279 - 280 - 281 - 282 - 284 - 285 - 290 - 293 - 295 - 297 - 298 - 299 - 302 - 303 - 305 - 308 - 310 - 312 - 313 - 317 - 318 - 320 - 321 - 322 - 323 - 324 - 326 - 328 - 329 - 330 - 334 - 337 - 338 - 342 - 343 - 344 - 347 - 348 - 349 - 350 - 351 - 352 - 356 - 359 - 362 - 364 - 365 - 369 - 372 - 374 - 375 - 376 - 379 - 380 - 382 - 385 - 387 - 388 - 389 - 390 - 391 - 392 - 394 - 395 - 396 - 397 - 399 - 400 - 401 - 403 - 408 - 409 - 410 - 411 - 412 - 414 - 415 - 417 - 420 - 422 - 425 - 426 - 427 - 429 - 431 - 433 - 435 - 436 - 437 - 438 - 439 - 441 - 442 - 444 - 446 - 447 - 448 - 449 - 450 - 453 - 454 - 456 - 460 - 461 - 464 - 466 - 468 - 469 - 470 - 471 - 472 - 473 - 474 - 475 - 479 - 482 - 487 - 491 - 492 - 494 - 495 - 496 - 497 - 498 - 499,19854836.0,0.0,95156,98505,95.6,Cost: 95156 & Capacity: 98505
3 - 5 - 6 - 7 - 8 - 9 - 10 - 13 - 15 - 16 - 19 - 20 - 21 - 22 - 25 - 26 - 31 - 34 - 37 - 39 - 40 - 41 - 43 - 44 - 45 - 46 - 47 - 48 - 49 - 50 - 53 - 54 - 55 - 56 - 57 - 59 - 61 - 62 - 63 - 65 - 66 - 70 - 72 - 73 - 74 - 75 - 77 - 78 - 79 - 80 - 81 - 87 - 88 - 89 - 90 - 91 - 94 - 96 - 97 - 98 - 101 - 103 - 106 - 108 - 109 - 110 - 113 - 114 - 119 - 121 - 123 - 125 - 126 - 128 - 130 - 132 - 135 - 138 - 143 - 144 - 146 - 147 - 148 - 149 - 150 - 152 - 153 - 156 - 157 - 160 - 161 - 163 - 165 - 169 - 170 - 174 - 175 - 177 - 179 - 180 - 181 - 182 - 184 - 185 - 186 - 187 - 188 - 194 - 195 - 198 - 203 - 204 - 205 - 207 - 208 - 211 - 212 - 213 - 214 - 216 - 219 - 222 - 224 - 225 - 226 - 228 - 232 - 233 - 234 - 235 - 237 - 239 - 240 - 243 - 245 - 246 - 248 - 249 - 250 - 251 - 252 - 253 - 257 - 258 - 260 - 261 - 263 - 265 - 270 - 271 - 274 - 275 - 276 - 277 - 279 - 280 - 281 - 282 - 284 - 285 - 289 - 290 - 293 - 295 - 297 - 298 - 299 - 302 - 303 - 305 - 308 - 310 - 312 - 313 - 315 - 317 - 318 - 320 - 321 - 322 - 323 - 324 - 326 - 328 - 329 - 330 - 334 - 335 - 337 - 338 - 342 - 343 - 344 - 347 - 348 - 349 - 350 - 351 - 352 - 356 - 359 - 362 - 364 - 365 - 369 - 372 - 374 - 375 - 376 - 379 - 380 - 382 - 385 - 387 - 388 - 389 - 390 - 391 - 392 - 394 - 395 - 396 - 397 - 399 - 400 - 401 - 403 - 405 - 408 - 409 - 410 - 411 - 412 - 414 - 415 - 417 - 420 - 422 - 425 - 426 - 427 - 429 - 431 - 433 - 434 - 435 - 436 - 437 - 438 - 439 - 441 - 442 - 444 - 446 - 447 - 448 - 449 - 450 - 453 - 454 - 456 - 460 - 461 - 464 - 466 - 468 - 469 - 470 - 471 - 472 - 473 - 474 - 475 - 479 - 482 - 486 - 487 - 491 - 492 - 494 - 495 - 496 - 497 - 498 - 499,20234367.0,0.0,96958,101320,95.71,Cost: 96958 & Capacity: 101320
3 - 5 - 6 - 7 - 8 - 9 - 10 - 13 - 15 - 16 - 19 - 20 - 21 - 22 - 31 - 33 - 37 - 39 - 41 - 43 - 44 - 45 - 46 - 47 - 48 - 49 - 50 - 51 - 53 - 54 - 55 - 56 - 57 - 59 - 61 - 62 - 63 - 65 - 66 - 70 - 73 - 74 - 77 - 78 - 79 - 80 - 81 - 87 - 88 - 89 - 90 - 91 - 94 - 96 - 98 - 101 - 103 - 104 - 106 - 108 - 109 - 110 - 113 - 114 - 119 - 121 - 123 - 125 - 126 - 128 - 130 - 132 - 135 - 138 - 143 - 144 - 146 - 147 - 148 - 149 - 150 - 152 - 153 - 156 - 157 - 160 - 161 - 163 - 165 - 169 - 170 - 174 - 175 - 177 - 179 - 180 - 181 - 182 - 186 - 187 - 188 - 194 - 195 - 198 - 203 - 204 - 205 - 207 - 208 - 211 - 212 - 213 - 214 - 216 - 219 - 222 - 224 - 225 - 226 - 232 - 233 - 234 - 235 - 237 - 239 - 243 - 246 - 248 - 249 - 250 - 251 - 252 - 253 - 257 - 258 - 260 - 261 - 263 - 265 - 270 - 271 - 274 - 275 - 276 - 277 - 279 - 280 - 281 - 282 - 284 - 285 - 289 - 290 - 291 - 293 - 295 - 296 - 297 - 298 - 299 - 302 - 303 - 305 - 310 - 312 - 313 - 315 - 317 - 318 - 320 - 321 - 322 - 323 - 324 - 326 - 328 - 329 - 330 - 334 - 335 - 337 - 338 - 342 - 343 - 344 - 346 - 347 - 348 - 349 - 350 - 351 - 352 - 356 - 359 - 362 - 364 - 365 - 369 - 374 - 375 - 376 - 379 - 380 - 382 - 385 - 387 - 388 - 389 - 390 - 391 - 392 - 394 - 395 - 396 - 397 - 399 - 400 - 401 - 403 - 405 - 408 - 409 - 410 - 411 - 413 - 414 - 415 - 417 - 420 - 422 - 425 - 426 - 427 - 429 - 431 - 433 - 434 - 435 - 436 - 437 - 438 - 439 - 441 - 442 - 444 - 446 - 447 - 448 - 449 - 450 - 451 - 452 - 453 - 454 - 456 - 457 - 458 - 460 - 461 - 464 - 466 - 468 - 469 - 470 - 471 - 473 - 474 - 475 - 479 - 482 - 484 - 486 - 487 - 491 - 492 - 494 - 495 - 496 - 497 - 498 - 499,19811980.0,0.1,96953,101313,97.96,Cost: 96953 & Capacity: 101313
3 - 5 - 6 - 7 - 8 - 9 - 10 - 13 - 15 - 16 - 19 - 20 - 21 - 22 - 25 - 26 - 31 - 34 - 37 - 39 - 40 - 41 - 43 - 44 - 45 - 47 - 48 - 49 - 50 - 52 - 53 - 54 - 55 - 56 - 57 - 59 - 60 - 61 - 62 - 63 - 65 - 66 - 70 - 72 - 73 - 74 - 75 - 77 - 78 - 79 - 80 - 81 - 86 - 87 - 88 - 89 - 90 - 91 - 94 - 96 - 97 - 98 - 101 - 103 - 106 - 108 - 109 - 110 - 113 - 114 - 119 - 121 - 123 - 125 - 126 - 128 - 130 - 132 - 135 - 138 - 143 - 144 - 146 - 147 - 148 - 149 - 150 - 152 - 153 - 156 - 157 - 160 - 161 - 163 - 165 - 168 - 169 - 170 - 174 - 175 - 177 - 179 - 180 - 181 - 182 - 184 - 186 - 187 - 188 - 194 - 195 - 198 - 203 - 204 - 205 - 207 - 208 - 211 - 212 - 213 - 214 - 216 - 219 - 222 - 224 - 225 - 226 - 228 - 232 - 233 - 234 - 235 - 237 - 239 - 240 - 243 - 245 - 246 - 248 - 249 - 250 - 251 - 252 - 253 - 257 - 260 - 261 - 263 - 265 - 270 - 271 - 274 - 275 - 276 - 277 - 279 - 280 - 281 - 282 - 284 - 285 - 289 - 290 - 293 - 295 - 297 - 298 - 299 - 302 - 303 - 305 - 308 - 310 - 312 - 313 - 317 - 318 - 320 - 321 - 322 - 323 - 324 - 326 - 328 - 329 - 330 - 334 - 335 - 337 - 338 - 342 - 343 - 344 - 347 - 348 - 349 - 350 - 351 - 352 - 356 - 359 - 362 - 364 - 365 - 369 - 372 - 374 - 375 - 376 - 379 - 380 - 382 - 385 - 387 - 388 - 389 - 390 - 391 - 392 - 394 - 395 - 396 - 397 - 399 - 400 - 401 - 403 - 405 - 408 - 409 - 410 - 411 - 412 - 414 - 415 - 417 - 420 - 422 - 425 - 426 - 427 - 429 - 431 - 433 - 434 - 435 - 436 - 437 - 438 - 439 - 441 - 442 - 444 - 446 - 447 - 448 - 449 - 450 - 453 - 454 - 456 - 460 - 461 - 464 - 466 - 468 - 469 - 470 - 471 - 472 - 473 - 474 - 475 - 479 - 482 - 486 - 487 - 491 - 492 - 494 - 495 - 496 - 497 - 498 - 499,20219005.6,0.0,96954,100994,100.53,Cost: 96954 & Capacity: 100994
3 - 5 - 6 - 7 - 8 - 9 - 10 - 13 - 15 - 16 - 19 - 20 - 21 - 22 - 25 - 26 - 31 - 34 - 37 - 39 - 40 - 41 - 43 - 44 - 45 - 47 - 48 - 49 - 50 - 52 - 53 - 54 - 55 - 56 - 57 - 59 - 60 - 61 - 62 - 63 - 65 - 66 - 70 - 72 - 73 - 74 - 75 - 77 - 78 - 79 - 80 - 81 - 86 - 87 - 88 - 89 - 90 - 91 - 94 - 96 - 97 - 98 - 101 - 103 - 106 - 108 - 109 - 110 - 113 - 114 - 119 - 121 - 123 - 125 - 126 - 128 - 130 - 132 - 135 - 138 - 143 - 144 - 146 - 147 - 148 - 149 - 150 - 152 - 153 - 156 - 157 - 160 - 161 - 163 - 165 - 168 - 169 - 170 - 174 - 175 - 177 - 179 - 180 - 181 - 182 - 184 - 186 - 187 - 188 - 194 - 195 - 198 - 203 - 204 - 205 - 207 - 208 - 211 - 212 - 213 - 214 - 216 - 219 - 222 - 224 - 225 - 226 - 228 - 232 - 233 - 234 - 235 - 237 - 239 - 240 - 243 - 245 - 246 - 248 - 249 - 250 - 251 - 252 - 253 - 257 - 260 - 261 - 263 - 265 - 270 - 271 - 274 - 275 - 276 - 277 - 279 - 280 - 281 - 282 - 284 - 285 - 289 - 290 - 293 - 295 - 297 - 298 - 299 - 302 - 303 - 305 - 308 - 310 - 312 - 313 - 317 - 318 - 320 - 321 - 322 - 323 - 324 - 326 - 328 - 329 - 330 - 334 - 335 - 337 - 338 - 342 - 343 - 344 - 347 - 348 - 349 - 350 - 351 - 352 - 356 - 359 - 362 - 364 - 365 - 369 - 372 - 374 - 375 - 376 - 379 - 380 - 382 - 385 - 387 - 388 - 389 - 390 - 391 - 392 - 394 - 395 - 396 - 397 - 399 - 400 - 401 - 403 - 405 - 408 - 409 - 410 - 411 - 412 - 414 - 415 - 417 - 420 - 422 - 425 - 426 - 427 - 429 - 431 - 433 - 434 - 435 - 436 - 437 - 438 - 439 - 441 - 442 - 444 - 446 - 447 - 448 - 449 - 450 - 453 - 454 - 456 - 460 - 461 - 464 - 466 - 468 - 469 - 470 - 471 - 472 - 473 - 474 - 475 - 479 - 482 - 486 - 487 - 491 - 492 - 494 - 495 - 496 - 497 - 498 - 499,20219005.6,0.0,96954,100994,101.55,Cost: 96954 & Capacity: 100994
3 - 5 - 6 - 7 - 8 - 9 - 10 - 13 - 15 - 16 - 19 - 20 - 21 - 22 - 25 - 26 - 31 - 34 - 37 - 39 - 40 - 41 - 43 - 44 - 45 - 47 - 48 - 49 - 50 - 52 - 53 - 54 - 55 - 56 - 57 - 59 - 60 - 61 - 62 - 63 - 65 - 66 - 70 - 72 - 73 - 74 - 75 - 77 - 78 - 79 - 80 - 81 - 86 - 87 - 88 - 89 - 90 - 91 - 94 - 96 - 97 - 98 - 101 - 103 - 106 - 108 - 109 - 110 - 113 - 114 - 119 - 121 - 123 - 125 - 126 - 128 - 130 - 132 - 135 - 138 - 143 - 144 - 146 - 147 - 148 - 149 - 150 - 152 - 153 - 156 - 157 - 160 - 161 - 163 - 165 - 168 - 169 - 170 - 174 - 175 - 177 - 179 - 180 - 181 - 182 - 184 - 186 - 187 - 188 - 194 - 195 - 198 - 203 - 204 - 205 - 207 - 208 - 211 - 212 - 213 - 214 - 216 - 219 - 222 - 224 - 225 - 226 - 228 - 232 - 233 - 234 - 235 - 237 - 239 - 240 - 243 - 245 - 246 - 248 - 249 - 250 - 251 - 252 - 253 - 257 - 260 - 261 - 263 - 265 - 270 - 271 - 274 - 275 - 276 - 277 - 279 - 280 - 281 - 282 - 284 - 285 - 289 - 290 - 293 - 295 - 297 - 298 - 299 - 302 - 303 - 305 - 308 - 310 - 312 - 313 - 317 - 318 - 320 - 321 - 322 - 323 - 324 - 326 - 328 - 329 - 330 - 334 - 335 - 337 - 338 - 342 - 343 - 344 - 347 - 348 - 349 - 350 - 351 - 352 - 356 - 359 - 362 - 364 - 365 - 369 - 372 - 374 - 375 - 376 - 379 - 380 - 382 - 385 - 387 - 388 - 389 - 390 - 391 - 392 - 394 - 395 - 396 - 397 - 399 - 400 - 401 - 403 - 405 - 408 - 409 - 410 - 411 - 412 - 414 - 415 - 417 - 420 - 422 - 425 - 426 - 427 - 429 - 431 - 433 - 434 - 435 - 436 - 437 - 438 - 439 - 441 - 442 - 444 - 446 - 447 - 448 - 449 - 450 - 453 - 454 - 456 - 460 - 461 - 464 - 466 - 468 - 469 - 470 - 471 - 472 - 473 - 474 - 475 - 479 - 482 - 486 - 487 - 491 - 492 - 494 - 495 - 496 - 497 - 498 - 499,20219005.6,0.0,96954,100994,105.1,Cost: 96954 & Capacity: 100994
0 - 9 - 13 - 16 - 19 - 20 - 21 - 22 - 23 - 25 - 27 - 30 - 33 - 37 - 39 - 41 - 44 - 45 - 48 - 50 - 53 - 55 - 56 - 65 - 68 - 74 - 77 - 81 - 91 - 96 - 108 - 109 - 113 - 119 - 121 - 122 - 126 - 128 - 130 - 131 - 133 - 135 - 141 - 143 - 144 - 145 - 146 - 148 - 149 - 150 - 152 - 153 - 154 - 159 - 163 - 165 - 169 - 170 - 174 - 175 - 176 - 177 - 182 - 183 - 185 - 187 - 188 - 193 - 194 - 210 - 212 - 213 - 214 - 215 - 219 - 220 - 224 - 229 - 230 - 233 - 237 - 239 - 249 - 250 - 251 - 252 - 253 - 255 - 257 - 258 - 262 - 263 - 266 - 270 - 274 - 275 - 276 - 277 - 280 - 281 - 284 - 286 - 290 - 291 - 293 - 295 - 296 - 299 - 302 - 303 - 304 - 305 - 310 - 314 - 317 - 318 - 321 - 327 - 328 - 333 - 334 - 338 - 343 - 344 - 346 - 347 - 351 - 352 - 356 - 359 - 360 - 364 - 369 - 373 - 374 - 375 - 376 - 381 - 382 - 383 - 385 - 387 - 389 - 391 - 395 - 396 - 397 - 398 - 400 - 403 - 409 - 410 - 412 - 413 - 418 - 419 - 421 - 423 - 424 - 425 - 430 - 435 - 436 - 437 - 438 - 439 - 442 - 445 - 449 - 450 - 452 - 454 - 455 - 456 - 458 - 460 - 461 - 462 - 464 - 471 - 472 - 475 - 477 - 478 - 482 - 483 - 486 - 487 - 491 - 492 - 493 - 494 - 496,9378898.5,8.7,96959,85713,105.6,Cost: 96959 & Capacity: 85713
0 - 4 - 9 - 13 - 16 - 18 - 19 - 20 - 21 - 22 - 23 - 25 - 30 - 33 - 37 - 39 - 41 - 44 - 45 - 48 - 50 - 53 - 55 - 56 - 61 - 65 - 74 - 77 - 81 - 89 - 91 - 96 - 108 - 109 - 112 - 113 - 119 - 121 - 122 - 126 - 128 - 130 - 131 - 135 - 143 - 144 - 145 - 146 - 148 - 149 - 150 - 152 - 153 - 154 - 159 - 163 - 169 - 170 - 174 - 175 - 176 - 177 - 182 - 185 - 187 - 188 - 193 - 194 - 197 - 210 - 212 - 213 - 214 - 215 - 219 - 220 - 229 - 230 - 233 - 237 - 239 - 241 - 249 - 250 - 251 - 252 - 253 - 255 - 257 - 258 - 262 - 263 - 266 - 270 - 274 - 275 - 276 - 277 - 280 - 281 - 284 - 286 - 289 - 290 - 291 - 293 - 295 - 296 - 297 - 299 - 302 - 303 - 304 - 305 - 309 - 310 - 314 - 317 - 318 - 321 - 327 - 328 - 338 - 343 - 344 - 346 - 351 - 352 - 356 - 359 - 360 - 361 - 364 - 369 - 373 - 374 - 375 - 376 - 381 - 382 - 386 - 387 - 388 - 391 - 395 - 396 - 397 - 398 - 400 - 403 - 409 - 410 - 412 - 413 - 418 - 419 - 421 - 423 - 424 - 425 - 430 - 435 - 436 - 437 - 438 - 439 - 442 - 445 - 449 - 450 - 452 - 454 - 455 - 456 - 458 - 460 - 461 - 464 - 471 - 472 - 475 - 477 - 478 - 482 - 483 - 486 - 487 - 490 - 491 - 492 - 493 - 494 - 496,9348627.8,8.9,96911,86163,105.64,Cost: 96911 & Capacity: 86163
0 - 1 - 3 - 5 - 7 - 9 - 14 - 15 - 19 - 20 - 21 - 24 - 30 - 31 - 37 - 39 - 40 - 42 - 43 - 44 - 45 - 47 - 48 - 49 - 50 - 52 - 53 - 55 - 56 - 57 - 60 - 61 - 66 - 70 - 72 - 73 - 74 - 78 - 80 - 81 - 82 - 87 - 88 - 89 - 91 - 96 - 98 - 101 - 108 - 109 - 110 - 111 - 114 - 119 - 121 - 123 - 125 - 126 - 128 - 130 - 131 - 135 - 143 - 145 - 146 - 147 - 149 - 150 - 153 - 154 - 156 - 157 - 165 - 167 - 169 - 170 - 174 - 175 - 176 - 177 - 179 - 181 - 182 - 184 - 185 - 187 - 188 - 193 - 194 - 196 - 203 - 205 - 208 - 210 - 211 - 212 - 218 - 219 - 222 - 224 - 226 - 227 - 234 - 235 - 237 - 239 - 243 - 245 - 246 - 249 - 250 - 252 - 253 - 257 - 258 - 259 - 260 - 261 - 262 - 263 - 265 - 270 - 273 - 275 - 276 - 277 - 279 - 280 - 281 - 284 - 285 - 289 - 293 - 295 - 296 - 297 - 299 - 305 - 308 - 312 - 314 - 315 - 316 - 317 - 318 - 319 - 320 - 321 - 322 - 323 - 327 - 328 - 329 - 333 - 342 - 344 - 346 - 347 - 352 - 359 - 364 - 365 - 366 - 369 - 375 - 376 - 379 - 380 - 382 - 387 - 389 - 391 - 395 - 396 - 397 - 400 - 403 - 404 - 405 - 408 - 409 - 410 - 411 - 412 - 413 - 420 - 421 - 424 - 425 - 426 - 429 - 430 - 432 - 435 - 438 - 439 - 441 - 442 - 446 - 447 - 449 - 451 - 452 - 454 - 455 - 457 - 458 - 460 - 461 - 464 - 465 - 467 - 470 - 474 - 475 - 486 - 487 - 490 - 491 - 493 - 494,12251026.2,5.1,96960,91188,107.32,Cost: 96960 & Capacity: 91188
3 - 5 - 6 - 7 - 8 - 9 - 10 - 13 - 15 - 16 - 19 - 20 - 21 - 22 - 25 - 26 - 31 - 34 - 37 - 39 - 41 - 43 - 44 - 45 - 46 - 47 - 48 - 49 - 50 - 52 - 53 - 54 - 55 - 56 - 57 - 59 - 60 - 61 - 62 - 63 - 65 - 66 - 70 - 72 - 73 - 74 - 75 - 77 - 78 - 79 - 80 - 81 - 87 - 88 - 89 - 90 - 91 - 94 - 96 - 97 - 98 - 101 - 103 - 106 - 108 - 109 - 110 - 113 - 114 - 119 - 121 - 123 - 125 - 126 - 128 - 130 - 132 - 135 - 138 - 143 - 144 - 146 - 147 - 148 - 149 - 150 - 152 - 153 - 156 - 157 - 160 - 161 - 163 - 165 - 169 - 170 - 174 - 175 - 177 - 179 - 180 - 181 - 182 - 184 - 185 - 186 - 187 - 188 - 194 - 195 - 198 - 203 - 204 - 205 - 207 - 208 - 211 - 212 - 213 - 214 - 216 - 219 - 222 - 224 - 225 - 226 - 228 - 232 - 233 - 234 - 235 - 237 - 239 - 240 - 243 - 245 - 246 - 248 - 249 - 250 - 251 - 252 - 253 - 257 - 258 - 260 - 261 - 263 - 265 - 270 - 271 - 274 - 275 - 276 - 277 - 279 - 280 - 281 - 282 - 284 - 285 - 289 - 290 - 293 - 295 - 297 - 298 - 299 - 302 - 303 - 305 - 308 - 310 - 312 - 313 - 317 - 318 - 320 - 321 - 322 - 323 - 324 - 326 - 328 - 329 - 330 - 334 - 335 - 337 - 338 - 342 - 343 - 344 - 347 - 348 - 349 - 350 - 351 - 352 - 356 - 359 - 362 - 364 - 365 - 369 - 372 - 374 - 375 - 376 - 379 - 380 - 382 - 385 - 387 - 388 - 389 - 390 - 391 - 392 - 394 - 395 - 396 - 397 - 399 - 400 - 401 - 403 - 405 - 408 - 409 - 410 - 411 - 412 - 414 - 415 - 417 - 420 - 422 - 425 - 426 - 427 - 429 - 431 - 433 - 434 - 435 - 436 - 437 - 438 - 439 - 441 - 442 - 444 - 446 - 447 - 448 - 449 - 450 - 453 - 454 - 456 - 460 - 461 - 464 - 466 - 468 - 469 - 470 - 471 - 472 - 473 - 474 - 475 - 479 - 482 - 486 - 487 - 491 - 492 - 494 - 495 - 496 - 497 - 498 - 499,20232127.2,0.0,96955,100737,109.53,Cost: 96955 & Capacity: 100737
3 - 5 - 6 - 7 - 8 - 9 - 10 - 13 - 15 - 16 - 19 - 20 - 21 - 22 - 25 - 26 - 31 - 34 - 37 - 39 - 40 - 41 - 43 - 44 - 45 - 47 - 48 - 49 - 50 - 52 - 53 - 54 - 55 - 56 - 57 - 59 - 60 - 61 - 62 - 63 - 65 - 66 - 70 - 72 - 73 - 74 - 75 - 77 - 78 - 79 - 80 - 81 - 86 - 87 - 88 - 89 - 90 - 91 - 94 - 96 - 97 - 98 - 101 - 103 - 106 - 108 - 109 - 110 - 113 - 114 - 119 - 121 - 123 - 125 - 126 - 128 - 130 - 132 - 135 - 138 - 143 - 144 - 146 - 147 - 148 - 149 - 150 - 152 - 153 - 156 - 157 - 160 - 161 - 163 - 165 - 168 - 169 - 170 - 174 - 175 - 177 - 179 - 180 - 181 - 182 - 184 - 186 - 187 - 188 - 194 - 195 - 198 - 203 - 204 - 205 - 207 - 208 - 211 - 212 - 213 - 214 - 216 - 219 - 222 - 224 - 225 - 226 - 228 - 232 - 233 - 234 - 235 - 237 - 239 - 240 - 243 - 245 - 246 - 248 - 249 - 250 - 251 - 252 - 253 - 257 - 260 - 261 - 263 - 265 - 270 - 271 - 274 - 275 - 276 - 277 - 279 - 280 - 281 - 282 - 284 - 285 - 289 - 290 - 293 - 295 - 297 - 298 - 299 - 302 - 303 - 305 - 308 - 310 - 312 - 313 - 317 - 318 - 320 - 321 - 322 - 323 - 324 - 326 - 328 - 329 - 330 - 334 - 335 - 337 - 338 - 342 - 343 - 344 - 347 - 348 - 349 - 350 - 351 - 352 - 356 - 359 - 362 - 364 - 365 - 369 - 372 - 374 - 375 - 376 - 379 - 380 - 382 - 385 - 387 - 388 - 389 - 390 - 391 - 392 - 394 - 395 - 396 - 397 - 399 - 400 - 401 - 403 - 405 - 408 - 409 - 410 - 411 - 412 - 414 - 415 - 417 - 420 - 422 - 425 - 426 - 427 - 429 - 431 - 433 - 434 - 435 - 436 - 437 - 438 - 439 - 441 - 442 - 444 - 446 - 447 - 448 - 449 - 450 - 453 - 454 - 456 - 460 - 461 - 464 - 466 - 468 - 469 - 470 - 471 - 472 - 473 - 474 - 475 - 479 - 482 - 486 - 487 - 491 - 492 - 494 - 495 - 496 - 497 - 498 - 499,20219005.6,0.0,96954,100994,109.57,Cost: 96954 & Capacity: 100994
3 - 5 - 6 - 7 - 8 - 9 - 10 - 13 - 15 - 16 - 19 - 20 - 21 - 22 - 25 - 26 - 31 - 34 - 37 - 39 - 40 - 41 - 43 - 44 - 45 - 46 - 47 - 48 - 49 - 50 - 53 - 54 - 55 - 56 - 57 - 59 - 61 - 62 - 63 - 65 - 66 - 70 - 72 - 73 - 74 - 75 - 77 - 78 - 79 - 80 - 81 - 87 - 88 - 89 - 90 - 91 - 94 - 96 - 97 - 98 - 101 - 103 - 106 - 108 - 109 - 110 - 113 - 114 - 119 - 121 - 123 - 125 - 126 - 128 - 130 - 132 - 135 - 138 - 143 - 144 - 146 - 147 - 148 - 149 - 150 - 152 - 153 - 156 - 157 - 160 - 161 - 163 - 165 - 169 - 170 - 174 - 175 - 177 - 179 - 180 - 181 - 182 - 184 - 185 - 186 - 187 - 188 - 194 - 195 - 198 - 203 - 204 - 205 - 207 - 208 - 211 - 212 - 213 - 214 - 216 - 219 - 222 - 224 - 225 - 226 - 228 - 232 - 233 - 234 - 235 - 237 - 239 - 240 - 243 - 245 - 246 - 248 - 249 - 250 - 251 - 252 - 253 - 257 - 258 - 260 - 261 - 263 - 265 - 270 - 271 - 274 - 275 - 276 - 277 - 279 - 280 - 281 - 282 - 284 - 285 - 289 - 290 - 293 - 295 - 297 - 298 - 299 - 302 - 303 - 305 - 308 - 310 - 312 - 313 - 315 - 317 - 318 - 320 - 321 - 322 - 323 - 324 - 326 - 328 - 329 - 330 - 334 - 335 - 337 - 338 - 342 - 343 - 344 - 347 - 348 - 349 - 350 - 351 - 352 - 356 - 359 - 362 - 364 - 365 - 369 - 372 - 374 - 375 - 376 - 379 - 380 - 382 - 385 - 387 - 388 - 389 - 390 - 391 - 392 - 394 - 395 - 396 - 397 - 399 - 400 - 401 - 403 - 405 - 408 - 409 - 410 - 411 - 412 - 414 - 415 - 417 - 420 - 422 - 425 - 426 - 427 - 429 - 431 - 433 - 434 - 435 - 436 - 437 - 438 - 439 - 441 - 442 - 444 - 446 - 447 - 448 - 449 - 450 - 453 - 454 - 456 - 460 - 461 - 464 - 466 - 468 - 469 - 470 - 471 - 472 - 473 - 474 - 475 - 479 - 482 - 486 - 487 - 491 - 492 - 494 - 495 - 496 - 497 - 498 - 499,20234367.0,0.0,96958,101320,110.54,Cost: 96958 & Capacity: 101320
0 - 3 - 5 - 7 - 8 - 13 - 15 - 16 - 19 - 22 - 26 - 32 - 33 - 37 - 41 - 44 - 45 - 47 - 48 - 50 - 53 - 65 - 70 - 74 - 77 - 79 - 81 - 82 - 89 - 91 - 96 - 98 - 105 - 106 - 108 - 109 - 111 - 119 - 123 - 126 - 129 - 130 - 131 - 135 - 137 - 141 - 143 - 145 - 146 - 149 - 150 - 152 - 153 - 154 - 156 - 157 - 159 - 163 - 169 - 170 - 172 - 174 - 175 - 176 - 177 - 181 - 182 - 185 - 187 - 188 - 193 - 197 - 207 - 210 - 211 - 213 - 215 - 218 - 219 - 220 - 229 - 235 - 237 - 239 - 244 - 245 - 247 - 249 - 251 - 253 - 255 - 257 - 258 - 259 - 263 - 268 - 272 - 273 - 274 - 276 - 277 - 279 - 281 - 282 - 285 - 289 - 291 - 293 - 295 - 296 - 302 - 305 - 310 - 317 - 323 - 326 - 328 - 333 - 334 - 335 - 338 - 339 - 343 - 344 - 346 - 356 - 360 - 362 - 364 - 365 - 366 - 373 - 376 - 382 - 385 - 387 - 388 - 391 - 393 - 394 - 395 - 397 - 403 - 405 - 409 - 413 - 414 - 418 - 421 - 422 - 425 - 427 - 429 - 430 - 431 - 435 - 436 - 437 - 438 - 439 - 442 - 443 - 445 - 448 - 449 - 452 - 458 - 459 - 461 - 462 - 464 - 471 - 472 - 474 - 477 - 483 - 484 - 486 - 487 - 488 - 491 - 492 - 494 - 495,8614762.6,9.8,96943,83353,110.96,Cost: 96943 & Capacity: 83353
3 - 5 - 6 - 7 - 8 - 9 - 10 - 13 - 15 - 16 - 19 - 20 - 21 - 22 - 25 - 26 - 31 - 34 - 37 - 39 - 40 - 41 - 43 - 44 - 45 - 47 - 48 - 49 - 50 - 52 - 53 - 54 - 55 - 56 - 57 - 59 - 60 - 61 - 62 - 63 - 65 - 66 - 70 - 72 - 73 - 74 - 75 - 77 - 78 - 79 - 80 - 81 - 86 - 87 - 88 - 89 - 90 - 91 - 94 - 96 - 97 - 98 - 101 - 103 - 106 - 108 - 109 - 110 - 113 - 114 - 119 - 121 - 123 - 125 - 126 - 128 - 130 - 132 - 135 - 138 - 143 - 144 - 146 - 147 - 148 - 149 - 150 - 152 - 153 - 156 - 157 - 160 - 161 - 163 - 165 - 168 - 169 - 170 - 174 - 175 - 177 - 179 - 180 - 181 - 182 - 184 - 186 - 187 - 188 - 194 - 195 - 198 - 203 - 204 - 205 - 207 - 208 - 211 - 212 - 213 - 214 - 216 - 219 - 222 - 224 - 225 - 226 - 228 - 232 - 233 - 234 - 235 - 237 - 239 - 240 - 243 - 245 - 246 - 248 - 249 - 250 - 251 - 252 - 253 - 257 - 260 - 261 - 263 - 265 - 270 - 271 - 274 - 275 - 276 - 277 - 279 - 280 - 281 - 282 - 284 - 285 - 289 - 290 - 293 - 295 - 297 - 298 - 299 - 302 - 303 - 305 - 308 - 310 - 312 - 313 - 317 - 318 - 320 - 321 - 322 - 323 - 324 - 326 - 328 - 329 - 330 - 334 - 335 - 337 - 338 - 342 - 343 - 344 - 347 - 348 - 349 - 350 - 351 - 352 - 356 - 359 - 362 - 364 - 365 - 369 - 372 - 374 - 375 - 376 - 379 - 380 - 382 - 385 - 387 - 388 - 389 - 390 - 391 - 392 - 394 - 395 - 396 - 397 - 399 - 400 - 401 - 403 - 405 - 408 - 409 - 410 - 411 - 412 - 414 - 415 - 417 - 420 - 422 - 425 - 426 - 427 - 429 - 431 - 433 - 434 - 435 - 436 - 437 - 438 - 439 - 441 - 442 - 444 - 446 - 447 - 448 - 449 - 450 - 453 - 454 - 456 - 460 - 461 - 464 - 466 - 468 - 469 - 470 - 471 - 472 - 473 - 474 - 475 - 479 - 482 - 486 - 487 - 491 - 492 - 494 - 495 - 496 - 497 - 498 - 499,20219005.6,0.0,96954,100994,111.17,Cost: 96954 & Capacity: 100994
