Nodes,MaxSum,MaxMin,Cost,Capacity,Time,Constraint values
0 - 3 - 4 - 5 - 6 - 8 - 10 - 13 - 14 - 20 - 22 - 23 - 26 - 27 - 28 - 30 - 31 - 37 - 39 - 40 - 41 - 44 - 45 - 47 - 48 - 49 - 50 - 56 - 58 - 64 - 66 - 68 - 69 - 70 - 72 - 74 - 79 - 81 - 82 - 83 - 85 - 92 - 93 - 95 - 96 - 97 - 98 - 99 - 100 - 104 - 105 - 106 - 107 - 112 - 113 - 114 - 117 - 121 - 122 - 123 - 126 - 128 - 132 - 135 - 136 - 145 - 150 - 152 - 158 - 163 - 164 - 165 - 167 - 174 - 175 - 176 - 180 - 181 - 184 - 185 - 189 - 192 - 193 - 198 - 199 - 201 - 203 - 205 - 206 - 208 - 211 - 212 - 216 - 217 - 222 - 225 - 229 - 230 - 233 - 234 - 235 - 236 - 237 - 241 - 243 - 245 - 248 - 249 - 250 - 251 - 254 - 259 - 265 - 267 - 272 - 275 - 276 - 282 - 286 - 287 - 289 - 291 - 292 - 294 - 296 - 297 - 307 - 308 - 309 - 317 - 319 - 324 - 325 - 329 - 331 - 332 - 335 - 336 - 337 - 338 - 340 - 341 - 344 - 345 - 347 - 348 - 351 - 352 - 356 - 357 - 362 - 365 - 370 - 374 - 382 - 386 - 387 - 391 - 392 - 394 - 395 - 400 - 401 - 403 - 406 - 407 - 410 - 413 - 415 - 416 - 417 - 421 - 426 - 427 - 428 - 431 - 434 - 438 - 439 - 441 - 442 - 443 - 445 - 446 - 448 - 449 - 455 - 456 - 458 - 465 - 471 - 472 - 475 - 479 - 481 - 482 - 485 - 486 - 487 - 488 - 489 - 490 - 494 - 496 - 498 - 499,10658737.6,5.4,93711,80549,5.61,Cost: 93711 & Capacity: 80549
4 - 6 - 9 - 10 - 12 - 15 - 17 - 18 - 21 - 22 - 25 - 27 - 29 - 34 - 35 - 37 - 39 - 41 - 44 - 46 - 47 - 50 - 52 - 55 - 56 - 58 - 61 - 64 - 75 - 76 - 79 - 80 - 85 - 92 - 94 - 96 - 103 - 106 - 107 - 112 - 113 - 114 - 122 - 130 - 133 - 134 - 136 - 151 - 152 - 167 - 169 - 171 - 175 - 176 - 179 - 182 - 184 - 185 - 190 - 193 - 196 - 199 - 205 - 206 - 208 - 210 - 211 - 212 - 215 - 217 - 218 - 219 - 220 - 223 - 225 - 227 - 229 - 232 - 233 - 234 - 248 - 252 - 253 - 254 - 256 - 258 - 267 - 281 - 283 - 291 - 297 - 304 - 307 - 317 - 318 - 319 - 322 - 324 - 325 - 327 - 328 - 329 - 330 - 334 - 335 - 337 - 339 - 341 - 346 - 347 - 348 - 351 - 359 - 369 - 370 - 373 - 374 - 377 - 379 - 382 - 387 - 388 - 390 - 392 - 396 - 398 - 405 - 406 - 409 - 413 - 418 - 421 - 422 - 425 - 426 - 428 - 429 - 431 - 437 - 442 - 443 - 445 - 446 - 448 - 451 - 453 - 454 - 455 - 466 - 475 - 476 - 479 - 480 - 481 - 483 - 484 - 488 - 496 - 498,6404338.2,13.0,93305,74002,8.83,Cost: 93305 & Capacity: 74002
0 - 1 - 3 - 4 - 6 - 7 - 9 - 10 - 12 - 13 - 14 - 15 - 19 - 20 - 22 - 23 - 24 - 26 - 27 - 28 - 30 - 31 - 32 - 33 - 35 - 39 - 40 - 42 - 43 - 44 - 45 - 48 - 49 - 50 - 52 - 56 - 58 - 59 - 61 - 63 - 64 - 69 - 70 - 71 - 72 - 74 - 79 - 82 - 83 - 84 - 85 - 86 - 88 - 90 - 91 - 92 - 93 - 95 - 98 - 100 - 103 - 104 - 105 - 106 - 107 - 109 - 111 - 112 - 113 - 117 - 121 - 122 - 124 - 125 - 126 - 127 - 128 - 134 - 135 - 136 - 137 - 142 - 143 - 145 - 146 - 147 - 149 - 152 - 154 - 156 - 157 - 158 - 160 - 161 - 164 - 165 - 167 - 168 - 169 - 170 - 171 - 172 - 174 - 175 - 176 - 177 - 179 - 180 - 181 - 184 - 187 - 189 - 192 - 193 - 194 - 195 - 196 - 197 - 198 - 202 - 203 - 205 - 206 - 208 - 209 - 210 - 211 - 212 - 214 - 216 - 224 - 225 - 226 - 227 - 229 - 230 - 232 - 233 - 234 - 235 - 236 - 237 - 240 - 241 - 244 - 245 - 246 - 248 - 249 - 251 - 254 - 255 - 259 - 261 - 264 - 265 - 266 - 267 - 268 - 269 - 270 - 272 - 275 - 278 - 279 - 280 - 281 - 282 - 285 - 289 - 291 - 296 - 297 - 298 - 300 - 304 - 306 - 308 - 309 - 310 - 314 - 317 - 319 - 320 - 325 - 328 - 329 - 331 - 332 - 335 - 337 - 339 - 341 - 344 - 346 - 351 - 352 - 353 - 355 - 356 - 357 - 359 - 362 - 365 - 370 - 374 - 376 - 380 - 385 - 387 - 388 - 389 - 390 - 391 - 392 - 394 - 395 - 397 - 399 - 400 - 401 - 403 - 405 - 406 - 407 - 408 - 411 - 413 - 417 - 418 - 423 - 426 - 428 - 430 - 434 - 435 - 436 - 438 - 439 - 442 - 443 - 445 - 446 - 448 - 449 - 450 - 451 - 453 - 454 - 456 - 458 - 459 - 460 - 461 - 463 - 464 - 465 - 466 - 468 - 469 - 470 - 471 - 472 - 474 - 476 - 477 - 478 - 479 - 480 - 481 - 482 - 483 - 484 - 485 - 486 - 487 - 488 - 489 - 490 - 492 - 493 - 494 - 495 - 497 - 498 - 499,20405346.6,0.0,88960,90601,13.38,Cost: 88960 & Capacity: 90601
0 - 1 - 3 - 4 - 6 - 7 - 9 - 10 - 12 - 13 - 14 - 15 - 19 - 20 - 22 - 23 - 24 - 26 - 27 - 28 - 30 - 31 - 32 - 33 - 35 - 39 - 40 - 42 - 43 - 44 - 45 - 48 - 49 - 50 - 52 - 56 - 58 - 59 - 61 - 63 - 64 - 69 - 70 - 71 - 72 - 74 - 79 - 82 - 83 - 84 - 85 - 86 - 88 - 90 - 91 - 92 - 93 - 95 - 98 - 100 - 103 - 104 - 105 - 106 - 107 - 109 - 111 - 112 - 113 - 117 - 121 - 122 - 124 - 125 - 126 - 127 - 128 - 134 - 135 - 136 - 137 - 142 - 143 - 144 - 145 - 146 - 147 - 149 - 152 - 154 - 156 - 157 - 158 - 160 - 161 - 164 - 165 - 167 - 168 - 169 - 170 - 171 - 172 - 174 - 175 - 176 - 177 - 179 - 180 - 181 - 184 - 187 - 189 - 192 - 193 - 194 - 195 - 196 - 197 - 198 - 202 - 203 - 205 - 206 - 208 - 209 - 210 - 211 - 212 - 214 - 216 - 224 - 225 - 226 - 227 - 229 - 230 - 232 - 233 - 234 - 235 - 236 - 237 - 240 - 241 - 244 - 245 - 246 - 248 - 249 - 251 - 254 - 255 - 259 - 261 - 264 - 265 - 266 - 267 - 268 - 269 - 270 - 272 - 275 - 278 - 279 - 280 - 281 - 282 - 285 - 289 - 291 - 296 - 297 - 298 - 300 - 304 - 306 - 308 - 309 - 310 - 314 - 317 - 319 - 320 - 325 - 328 - 329 - 331 - 332 - 335 - 337 - 339 - 341 - 344 - 346 - 351 - 352 - 353 - 355 - 356 - 357 - 359 - 362 - 365 - 370 - 374 - 376 - 380 - 385 - 387 - 388 - 389 - 390 - 391 - 392 - 394 - 395 - 397 - 399 - 400 - 401 - 403 - 405 - 406 - 407 - 408 - 411 - 413 - 417 - 418 - 423 - 426 - 428 - 430 - 434 - 435 - 436 - 438 - 439 - 442 - 443 - 445 - 446 - 448 - 449 - 450 - 451 - 453 - 454 - 456 - 458 - 459 - 460 - 461 - 463 - 464 - 465 - 466 - 468 - 469 - 470 - 471 - 472 - 474 - 476 - 477 - 478 - 479 - 480 - 481 - 482 - 483 - 484 - 485 - 486 - 487 - 488 - 489 - 490 - 492 - 493 - 494 - 495 - 497 - 498 - 499,20542669.2,0.0,89604,91579,13.38,Cost: 89604 & Capacity: 91579
0 - 1 - 3 - 4 - 6 - 7 - 9 - 10 - 12 - 13 - 14 - 15 - 19 - 20 - 22 - 23 - 24 - 26 - 27 - 28 - 30 - 31 - 32 - 33 - 35 - 39 - 40 - 42 - 43 - 44 - 45 - 48 - 49 - 50 - 52 - 56 - 58 - 59 - 61 - 63 - 64 - 69 - 70 - 71 - 72 - 74 - 79 - 82 - 83 - 84 - 85 - 86 - 88 - 90 - 91 - 92 - 93 - 95 - 98 - 100 - 103 - 104 - 105 - 106 - 107 - 109 - 111 - 112 - 113 - 117 - 121 - 122 - 124 - 125 - 126 - 127 - 128 - 134 - 135 - 136 - 137 - 142 - 143 - 144 - 145 - 146 - 147 - 149 - 152 - 153 - 154 - 156 - 157 - 158 - 160 - 161 - 164 - 165 - 167 - 168 - 169 - 170 - 171 - 172 - 174 - 175 - 176 - 177 - 179 - 180 - 181 - 184 - 187 - 189 - 192 - 193 - 194 - 195 - 196 - 197 - 198 - 202 - 203 - 205 - 206 - 208 - 209 - 210 - 211 - 212 - 214 - 216 - 224 - 225 - 226 - 227 - 229 - 230 - 232 - 233 - 234 - 235 - 236 - 237 - 240 - 241 - 244 - 245 - 246 - 247 - 248 - 249 - 251 - 254 - 255 - 259 - 261 - 264 - 265 - 266 - 267 - 268 - 269 - 270 - 272 - 275 - 278 - 279 - 280 - 281 - 282 - 285 - 289 - 291 - 296 - 297 - 298 - 300 - 304 - 306 - 308 - 309 - 310 - 314 - 317 - 319 - 320 - 325 - 328 - 329 - 331 - 332 - 335 - 337 - 339 - 341 - 344 - 346 - 351 - 352 - 353 - 355 - 356 - 357 - 359 - 362 - 365 - 370 - 374 - 376 - 380 - 385 - 387 - 388 - 389 - 390 - 391 - 392 - 394 - 395 - 397 - 399 - 400 - 401 - 403 - 405 - 406 - 407 - 408 - 411 - 413 - 417 - 418 - 423 - 426 - 428 - 430 - 434 - 435 - 436 - 438 - 439 - 442 - 443 - 445 - 446 - 448 - 449 - 450 - 451 - 453 - 454 - 455 - 456 - 458 - 459 - 460 - 461 - 463 - 464 - 465 - 466 - 468 - 469 - 470 - 471 - 472 - 474 - 476 - 477 - 478 - 479 - 480 - 481 - 482 - 483 - 484 - 485 - 486 - 487 - 488 - 489 - 490 - 492 - 493 - 494 - 495 - 497 - 498 - 499,20965582.5,0.0,91532,93644,13.38,Cost: 91532 & Capacity: 93644
3 - 7 - 9 - 18 - 19 - 29 - 36 - 43 - 44 - 46 - 50 - 53 - 54 - 55 - 61 - 64 - 70 - 73 - 78 - 85 - 94 - 96 - 106 - 113 - 118 - 122 - 128 - 130 - 135 - 138 - 145 - 147 - 157 - 165 - 166 - 173 - 185 - 189 - 190 - 193 - 203 - 206 - 207 - 212 - 217 - 222 - 229 - 235 - 238 - 243 - 244 - 245 - 252 - 253 - 257 - 275 - 277 - 278 - 288 - 297 - 307 - 314 - 319 - 320 - 324 - 325 - 327 - 330 - 332 - 334 - 339 - 342 - 345 - 349 - 351 - 357 - 359 - 363 - 366 - 374 - 387 - 389 - 394 - 396 - 400 - 405 - 410 - 417 - 418 - 421 - 432 - 443 - 446 - 451 - 458 - 459 - 463 - 464 - 465 - 470 - 476 - 479 - 480 - 481 - 482 - 484 - 498,2957035.7,24.9,63702,50394,16.16,Cost: 63702 & Capacity: 50394
0 - 1 - 3 - 4 - 6 - 7 - 9 - 10 - 12 - 13 - 14 - 15 - 19 - 20 - 22 - 23 - 24 - 26 - 27 - 28 - 30 - 31 - 32 - 33 - 35 - 39 - 40 - 42 - 43 - 44 - 45 - 48 - 49 - 50 - 52 - 56 - 58 - 59 - 61 - 63 - 64 - 69 - 70 - 71 - 72 - 74 - 79 - 82 - 83 - 84 - 85 - 86 - 88 - 90 - 91 - 92 - 93 - 95 - 98 - 100 - 103 - 104 - 105 - 106 - 107 - 109 - 111 - 112 - 113 - 117 - 121 - 122 - 124 - 125 - 126 - 127 - 128 - 134 - 135 - 136 - 137 - 142 - 143 - 144 - 145 - 146 - 147 - 149 - 152 - 153 - 154 - 156 - 157 - 158 - 160 - 161 - 164 - 165 - 167 - 168 - 169 - 170 - 171 - 172 - 174 - 175 - 176 - 177 - 179 - 180 - 181 - 184 - 187 - 189 - 192 - 193 - 194 - 195 - 196 - 197 - 198 - 202 - 203 - 205 - 206 - 208 - 209 - 210 - 211 - 212 - 214 - 216 - 224 - 225 - 226 - 227 - 229 - 230 - 232 - 233 - 234 - 235 - 236 - 237 - 240 - 241 - 244 - 245 - 246 - 247 - 248 - 249 - 251 - 254 - 255 - 259 - 261 - 264 - 265 - 266 - 267 - 268 - 269 - 270 - 272 - 275 - 278 - 279 - 280 - 281 - 282 - 285 - 289 - 291 - 296 - 297 - 298 - 300 - 304 - 306 - 308 - 309 - 310 - 314 - 317 - 319 - 320 - 325 - 328 - 329 - 331 - 332 - 335 - 337 - 339 - 341 - 344 - 346 - 351 - 352 - 353 - 355 - 356 - 357 - 359 - 362 - 365 - 370 - 374 - 376 - 380 - 385 - 387 - 388 - 389 - 390 - 391 - 392 - 394 - 395 - 397 - 399 - 400 - 401 - 403 - 405 - 406 - 407 - 408 - 411 - 413 - 417 - 418 - 423 - 426 - 428 - 430 - 434 - 435 - 436 - 438 - 439 - 442 - 443 - 445 - 446 - 448 - 449 - 450 - 451 - 453 - 454 - 455 - 456 - 458 - 459 - 460 - 461 - 463 - 464 - 465 - 466 - 468 - 469 - 470 - 471 - 472 - 474 - 476 - 477 - 478 - 479 - 480 - 481 - 482 - 483 - 484 - 485 - 486 - 487 - 488 - 489 - 490 - 492 - 493 - 494 - 495 - 497 - 498 - 499,20965582.5,0.0,91532,93644,16.21,Cost: 91532 & Capacity: 93644
0 - 1 - 3 - 4 - 6 - 7 - 8 - 9 - 10 - 12 - 13 - 14 - 15 - 19 - 20 - 22 - 23 - 24 - 26 - 27 - 28 - 30 - 31 - 32 - 33 - 35 - 39 - 40 - 42 - 43 - 44 - 45 - 48 - 49 - 50 - 52 - 56 - 58 - 59 - 61 - 63 - 64 - 69 - 70 - 71 - 72 - 74 - 79 - 82 - 83 - 84 - 85 - 86 - 88 - 90 - 91 - 92 - 93 - 95 - 98 - 100 - 103 - 104 - 105 - 106 - 107 - 109 - 111 - 112 - 113 - 117 - 121 - 122 - 124 - 125 - 126 - 127 - 128 - 134 - 135 - 136 - 137 - 142 - 143 - 144 - 145 - 146 - 147 - 149 - 152 - 153 - 154 - 156 - 157 - 158 - 160 - 161 - 164 - 165 - 167 - 168 - 169 - 170 - 171 - 172 - 174 - 175 - 176 - 177 - 179 - 180 - 181 - 184 - 187 - 189 - 192 - 193 - 194 - 195 - 196 - 197 - 198 - 201 - 202 - 203 - 205 - 206 - 208 - 209 - 210 - 211 - 212 - 214 - 216 - 224 - 225 - 226 - 227 - 229 - 230 - 232 - 233 - 234 - 235 - 236 - 237 - 240 - 241 - 244 - 245 - 246 - 247 - 248 - 249 - 251 - 254 - 255 - 259 - 261 - 264 - 265 - 266 - 267 - 268 - 269 - 270 - 272 - 275 - 278 - 279 - 280 - 281 - 282 - 285 - 289 - 291 - 296 - 297 - 298 - 300 - 304 - 306 - 308 - 309 - 310 - 314 - 317 - 319 - 320 - 325 - 328 - 329 - 331 - 332 - 335 - 337 - 339 - 341 - 344 - 346 - 351 - 352 - 353 - 355 - 356 - 357 - 359 - 362 - 365 - 370 - 374 - 376 - 380 - 385 - 387 - 388 - 389 - 390 - 391 - 392 - 394 - 395 - 397 - 399 - 400 - 401 - 403 - 405 - 406 - 407 - 408 - 411 - 413 - 416 - 417 - 418 - 423 - 426 - 428 - 430 - 434 - 435 - 436 - 438 - 439 - 442 - 443 - 445 - 446 - 448 - 449 - 450 - 451 - 453 - 454 - 455 - 456 - 458 - 459 - 460 - 461 - 463 - 464 - 465 - 466 - 468 - 469 - 470 - 471 - 472 - 474 - 476 - 477 - 478 - 479 - 480 - 481 - 482 - 483 - 484 - 485 - 486 - 487 - 488 - 489 - 490 - 492 - 493 - 494 - 495 - 497 - 498 - 499,21404631.1,0.0,93484,94899,17.77,Cost: 93484 & Capacity: 94899
0 - 1 - 3 - 4 - 6 - 7 - 9 - 10 - 12 - 13 - 14 - 15 - 19 - 20 - 22 - 23 - 24 - 26 - 27 - 28 - 30 - 31 - 32 - 33 - 35 - 39 - 40 - 42 - 43 - 44 - 45 - 48 - 49 - 50 - 52 - 56 - 58 - 59 - 61 - 63 - 64 - 69 - 70 - 71 - 72 - 74 - 79 - 82 - 83 - 84 - 85 - 86 - 88 - 90 - 91 - 92 - 93 - 95 - 98 - 100 - 103 - 104 - 105 - 106 - 107 - 109 - 111 - 112 - 113 - 117 - 121 - 122 - 124 - 125 - 126 - 127 - 128 - 134 - 135 - 136 - 137 - 142 - 143 - 145 - 146 - 147 - 149 - 152 - 154 - 156 - 157 - 158 - 160 - 161 - 164 - 165 - 167 - 168 - 169 - 170 - 171 - 172 - 174 - 175 - 176 - 177 - 179 - 180 - 181 - 184 - 187 - 189 - 192 - 193 - 194 - 195 - 196 - 197 - 198 - 202 - 203 - 205 - 206 - 208 - 209 - 210 - 211 - 212 - 214 - 216 - 224 - 225 - 226 - 227 - 229 - 230 - 232 - 233 - 234 - 235 - 236 - 237 - 240 - 241 - 244 - 245 - 246 - 248 - 249 - 251 - 254 - 255 - 259 - 261 - 264 - 265 - 266 - 267 - 268 - 269 - 270 - 272 - 275 - 278 - 279 - 280 - 281 - 282 - 285 - 289 - 291 - 296 - 297 - 298 - 300 - 304 - 306 - 308 - 309 - 310 - 314 - 317 - 319 - 320 - 325 - 328 - 329 - 331 - 332 - 335 - 337 - 339 - 341 - 344 - 346 - 351 - 352 - 353 - 355 - 356 - 357 - 359 - 362 - 365 - 370 - 374 - 376 - 380 - 385 - 387 - 388 - 389 - 390 - 391 - 392 - 394 - 395 - 397 - 399 - 400 - 401 - 403 - 405 - 406 - 407 - 408 - 411 - 413 - 417 - 418 - 423 - 426 - 428 - 430 - 434 - 435 - 436 - 438 - 439 - 442 - 443 - 445 - 446 - 448 - 449 - 450 - 451 - 453 - 454 - 455 - 456 - 458 - 459 - 460 - 461 - 463 - 464 - 465 - 466 - 468 - 469 - 470 - 471 - 472 - 474 - 476 - 477 - 478 - 479 - 480 - 481 - 482 - 483 - 484 - 485 - 486 - 487 - 488 - 489 - 490 - 492 - 493 - 494 - 495 - 497 - 498 - 499,20540889.6,0.0,89604,91120,17.78,Cost: 89604 & Capacity: 91120
0 - 1 - 3 - 4 - 6 - 7 - 9 - 10 - 12 - 13 - 14 - 15 - 19 - 20 - 22 - 23 - 24 - 26 - 27 - 28 - 30 - 31 - 32 - 33 - 35 - 39 - 40 - 42 - 43 - 44 - 45 - 48 - 49 - 50 - 52 - 56 - 58 - 59 - 61 - 63 - 64 - 69 - 70 - 71 - 72 - 74 - 79 - 82 - 83 - 84 - 85 - 86 - 88 - 90 - 91 - 92 - 93 - 95 - 98 - 100 - 103 - 104 - 105 - 106 - 107 - 109 - 111 - 112 - 113 - 117 - 121 - 122 - 124 - 125 - 126 - 127 - 128 - 134 - 135 - 136 - 137 - 142 - 143 - 145 - 146 - 147 - 149 - 152 - 154 - 156 - 157 - 158 - 160 - 161 - 164 - 165 - 167 - 168 - 169 - 170 - 171 - 172 - 174 - 175 - 176 - 177 - 179 - 180 - 181 - 184 - 187 - 189 - 192 - 193 - 194 - 195 - 196 - 197 - 198 - 202 - 203 - 205 - 206 - 208 - 209 - 210 - 211 - 212 - 214 - 216 - 224 - 225 - 226 - 227 - 229 - 230 - 232 - 233 - 234 - 235 - 236 - 237 - 240 - 241 - 244 - 245 - 246 - 248 - 249 - 251 - 254 - 255 - 259 - 261 - 264 - 265 - 266 - 267 - 268 - 269 - 270 - 272 - 275 - 278 - 279 - 280 - 281 - 282 - 285 - 289 - 291 - 296 - 297 - 298 - 300 - 304 - 306 - 308 - 309 - 310 - 314 - 317 - 319 - 320 - 325 - 328 - 329 - 331 - 332 - 335 - 337 - 339 - 341 - 344 - 346 - 351 - 352 - 353 - 355 - 356 - 357 - 359 - 362 - 365 - 370 - 374 - 376 - 380 - 385 - 387 - 388 - 389 - 390 - 391 - 392 - 394 - 395 - 397 - 399 - 400 - 401 - 403 - 405 - 406 - 407 - 408 - 411 - 413 - 417 - 418 - 423 - 426 - 428 - 430 - 434 - 435 - 436 - 438 - 439 - 442 - 443 - 445 - 446 - 448 - 449 - 450 - 451 - 453 - 454 - 456 - 458 - 459 - 460 - 461 - 463 - 464 - 465 - 466 - 468 - 469 - 470 - 471 - 472 - 474 - 476 - 477 - 478 - 479 - 480 - 481 - 482 - 483 - 484 - 485 - 486 - 487 - 488 - 489 - 490 - 492 - 493 - 494 - 495 - 497 - 498 - 499,20405346.6,0.0,88960,90601,17.79,Cost: 88960 & Capacity: 90601
0 - 1 - 3 - 4 - 6 - 7 - 8 - 9 - 10 - 12 - 13 - 14 - 15 - 19 - 20 - 22 - 23 - 24 - 26 - 27 - 28 - 30 - 31 - 32 - 33 - 35 - 39 - 40 - 42 - 43 - 44 - 45 - 48 - 49 - 50 - 52 - 56 - 58 - 59 - 61 - 63 - 64 - 69 - 70 - 71 - 72 - 74 - 79 - 82 - 83 - 84 - 85 - 86 - 88 - 90 - 91 - 92 - 93 - 95 - 98 - 100 - 103 - 104 - 105 - 106 - 107 - 109 - 111 - 112 - 113 - 117 - 121 - 122 - 124 - 125 - 126 - 127 - 128 - 134 - 135 - 136 - 137 - 142 - 143 - 144 - 145 - 146 - 147 - 149 - 152 - 153 - 154 - 156 - 157 - 158 - 160 - 161 - 164 - 165 - 167 - 168 - 169 - 170 - 171 - 172 - 174 - 175 - 176 - 177 - 179 - 180 - 181 - 184 - 187 - 189 - 192 - 193 - 194 - 195 - 196 - 197 - 198 - 201 - 202 - 203 - 205 - 206 - 208 - 209 - 210 - 211 - 212 - 214 - 216 - 224 - 225 - 226 - 227 - 229 - 230 - 232 - 233 - 234 - 235 - 236 - 237 - 240 - 241 - 244 - 245 - 246 - 247 - 248 - 249 - 251 - 254 - 255 - 259 - 261 - 264 - 265 - 266 - 267 - 268 - 269 - 270 - 272 - 275 - 278 - 279 - 280 - 281 - 282 - 285 - 289 - 291 - 296 - 297 - 298 - 300 - 304 - 306 - 308 - 309 - 310 - 314 - 317 - 319 - 320 - 325 - 328 - 329 - 331 - 332 - 335 - 337 - 339 - 341 - 344 - 346 - 351 - 352 - 353 - 355 - 356 - 357 - 359 - 362 - 365 - 370 - 374 - 376 - 380 - 385 - 387 - 388 - 389 - 390 - 391 - 392 - 394 - 395 - 397 - 399 - 400 - 401 - 403 - 405 - 406 - 407 - 408 - 411 - 413 - 417 - 418 - 423 - 426 - 428 - 430 - 434 - 435 - 436 - 438 - 439 - 442 - 443 - 445 - 446 - 448 - 449 - 450 - 451 - 453 - 454 - 455 - 456 - 458 - 459 - 460 - 461 - 463 - 464 - 465 - 466 - 468 - 469 - 470 - 471 - 472 - 474 - 476 - 477 - 478 - 479 - 480 - 481 - 482 - 483 - 484 - 485 - 486 - 487 - 488 - 489 - 490 - 492 - 493 - 494 - 495 - 497 - 498 - 499,21255166.9,0.0,92830,94350,20.64,Cost: 92830 & Capacity: 94350
0 - 1 - 3 - 4 - 6 - 7 - 9 - 10 - 12 - 13 - 14 - 15 - 19 - 20 - 22 - 23 - 24 - 26 - 27 - 28 - 30 - 31 - 32 - 33 - 35 - 39 - 40 - 42 - 43 - 44 - 45 - 48 - 49 - 50 - 52 - 56 - 58 - 59 - 61 - 63 - 64 - 69 - 70 - 71 - 72 - 74 - 79 - 82 - 83 - 84 - 85 - 86 - 88 - 90 - 91 - 92 - 93 - 95 - 98 - 100 - 103 - 104 - 105 - 106 - 107 - 109 - 111 - 112 - 113 - 117 - 121 - 122 - 124 - 125 - 126 - 127 - 128 - 134 - 135 - 136 - 137 - 142 - 143 - 145 - 146 - 147 - 149 - 152 - 153 - 154 - 156 - 157 - 158 - 160 - 161 - 164 - 165 - 167 - 168 - 169 - 170 - 171 - 172 - 174 - 175 - 176 - 177 - 179 - 180 - 181 - 184 - 187 - 189 - 192 - 193 - 194 - 195 - 196 - 197 - 198 - 202 - 203 - 205 - 206 - 208 - 209 - 210 - 211 - 212 - 214 - 216 - 224 - 225 - 226 - 227 - 229 - 230 - 232 - 233 - 234 - 235 - 236 - 237 - 240 - 241 - 244 - 245 - 246 - 248 - 249 - 251 - 254 - 255 - 259 - 261 - 264 - 265 - 266 - 267 - 268 - 269 - 270 - 272 - 275 - 278 - 279 - 280 - 281 - 282 - 285 - 289 - 291 - 296 - 297 - 298 - 300 - 304 - 306 - 308 - 309 - 310 - 314 - 317 - 319 - 320 - 325 - 328 - 329 - 331 - 332 - 335 - 337 - 339 - 341 - 344 - 346 - 351 - 352 - 353 - 355 - 356 - 357 - 359 - 362 - 365 - 370 - 374 - 376 - 380 - 385 - 387 - 388 - 389 - 390 - 391 - 392 - 394 - 395 - 397 - 399 - 400 - 401 - 403 - 405 - 406 - 407 - 408 - 411 - 413 - 417 - 418 - 423 - 426 - 428 - 430 - 434 - 435 - 436 - 438 - 439 - 442 - 443 - 445 - 446 - 448 - 449 - 450 - 451 - 453 - 454 - 456 - 458 - 459 - 460 - 461 - 463 - 464 - 465 - 466 - 468 - 469 - 470 - 471 - 472 - 476 - 477 - 478 - 479 - 480 - 481 - 482 - 483 - 484 - 485 - 486 - 487 - 488 - 489 - 490 - 492 - 493 - 494 - 495 - 497 - 498 - 499,20407475.7,0.0,88966,91084,20.65,Cost: 88966 & Capacity: 91084
4 - 6 - 8 - 11 - 18 - 29 - 30 - 31 - 32 - 34 - 37 - 40 - 44 - 48 - 53 - 57 - 59 - 61 - 66 - 75 - 77 - 78 - 84 - 85 - 89 - 91 - 93 - 97 - 102 - 106 - 107 - 114 - 118 - 122 - 138 - 140 - 150 - 151 - 155 - 169 - 171 - 183 - 190 - 191 - 193 - 203 - 216 - 217 - 233 - 234 - 239 - 243 - 248 - 263 - 264 - 265 - 268 - 288 - 291 - 303 - 305 - 307 - 309 - 315 - 324 - 330 - 334 - 336 - 342 - 343 - 344 - 345 - 348 - 357 - 358 - 359 - 374 - 391 - 396 - 397 - 400 - 410 - 416 - 418 - 424 - 425 - 428 - 430 - 431 - 433 - 434 - 441 - 442 - 446 - 450 - 453 - 454 - 455 - 462 - 463 - 474 - 475 - 476 - 477 - 479 - 480 - 484 - 491 - 496,3091737.2,24.1,76595,60384,20.91,Cost: 76595 & Capacity: 60384
4 - 6 - 8 - 11 - 18 - 29 - 30 - 31 - 32 - 34 - 37 - 40 - 44 - 48 - 52 - 53 - 57 - 59 - 61 - 66 - 75 - 77 - 78 - 84 - 85 - 89 - 91 - 93 - 97 - 100 - 102 - 106 - 107 - 114 - 118 - 122 - 138 - 140 - 150 - 151 - 155 - 169 - 171 - 183 - 190 - 191 - 193 - 203 - 216 - 217 - 233 - 234 - 239 - 243 - 248 - 263 - 264 - 265 - 268 - 288 - 291 - 303 - 305 - 307 - 309 - 315 - 323 - 324 - 330 - 334 - 336 - 337 - 342 - 343 - 344 - 345 - 348 - 357 - 358 - 359 - 374 - 391 - 396 - 397 - 400 - 410 - 412 - 416 - 418 - 424 - 425 - 428 - 430 - 431 - 433 - 434 - 441 - 442 - 446 - 450 - 453 - 454 - 455 - 462 - 463 - 474 - 475 - 476 - 477 - 479 - 480 - 484 - 491 - 496,3386206.6,23.4,79814,63148,20.91,Cost: 79814 & Capacity: 63148
4 - 6 - 8 - 11 - 18 - 29 - 30 - 31 - 32 - 34 - 37 - 40 - 44 - 48 - 52 - 53 - 57 - 59 - 61 - 66 - 75 - 77 - 78 - 84 - 85 - 89 - 91 - 93 - 97 - 100 - 102 - 106 - 107 - 114 - 118 - 122 - 138 - 140 - 150 - 151 - 155 - 169 - 171 - 183 - 190 - 191 - 193 - 199 - 203 - 216 - 217 - 233 - 234 - 239 - 243 - 248 - 263 - 264 - 265 - 268 - 288 - 291 - 303 - 305 - 307 - 309 - 315 - 323 - 324 - 330 - 334 - 336 - 337 - 342 - 343 - 344 - 345 - 348 - 357 - 358 - 359 - 374 - 391 - 396 - 397 - 400 - 410 - 412 - 416 - 418 - 424 - 425 - 428 - 430 - 431 - 433 - 434 - 441 - 442 - 446 - 450 - 453 - 454 - 455 - 462 - 463 - 474 - 475 - 476 - 477 - 479 - 480 - 484 - 491 - 496,3444165.4,23.2,81528,64027,20.91,Cost: 81528 & Capacity: 64027
4 - 6 - 8 - 11 - 18 - 29 - 30 - 31 - 32 - 34 - 37 - 40 - 44 - 48 - 52 - 53 - 57 - 59 - 61 - 66 - 75 - 77 - 78 - 84 - 85 - 89 - 91 - 93 - 97 - 100 - 102 - 106 - 107 - 114 - 118 - 122 - 138 - 140 - 150 - 151 - 155 - 169 - 171 - 183 - 190 - 191 - 193 - 199 - 203 - 216 - 217 - 232 - 233 - 234 - 239 - 243 - 248 - 263 - 264 - 265 - 268 - 288 - 291 - 303 - 305 - 307 - 309 - 315 - 323 - 324 - 330 - 334 - 336 - 337 - 342 - 343 - 344 - 345 - 348 - 357 - 358 - 359 - 374 - 391 - 396 - 397 - 400 - 410 - 412 - 416 - 418 - 424 - 425 - 428 - 430 - 431 - 433 - 434 - 441 - 442 - 446 - 450 - 453 - 454 - 455 - 462 - 463 - 474 - 475 - 476 - 477 - 479 - 480 - 484 - 491 - 496,3496007.3,22.9,82136,64770,20.91,Cost: 82136 & Capacity: 64770
1 - 4 - 6 - 8 - 11 - 18 - 29 - 30 - 31 - 32 - 34 - 37 - 40 - 43 - 44 - 48 - 52 - 53 - 57 - 59 - 61 - 66 - 71 - 75 - 77 - 78 - 84 - 85 - 86 - 89 - 91 - 93 - 97 - 100 - 102 - 106 - 107 - 114 - 118 - 122 - 126 - 131 - 138 - 140 - 149 - 150 - 151 - 155 - 169 - 171 - 176 - 183 - 190 - 191 - 193 - 199 - 203 - 208 - 216 - 217 - 232 - 233 - 234 - 239 - 243 - 248 - 252 - 263 - 264 - 265 - 268 - 283 - 288 - 291 - 302 - 303 - 305 - 307 - 309 - 311 - 315 - 323 - 324 - 330 - 332 - 334 - 336 - 337 - 342 - 343 - 344 - 345 - 348 - 355 - 357 - 358 - 359 - 360 - 374 - 391 - 396 - 397 - 400 - 409 - 410 - 412 - 416 - 418 - 424 - 425 - 428 - 429 - 430 - 431 - 432 - 433 - 434 - 441 - 442 - 446 - 450 - 453 - 454 - 455 - 462 - 463 - 474 - 475 - 476 - 477 - 479 - 480 - 484 - 491 - 496,4680855.9,17.4,94069,74145,20.92,Cost: 94069 & Capacity: 74145
6 - 7 - 13 - 18 - 21 - 22 - 29 - 30 - 34 - 39 - 41 - 47 - 55 - 61 - 78 - 86 - 89 - 93 - 103 - 105 - 108 - 110 - 114 - 115 - 123 - 128 - 134 - 143 - 147 - 149 - 151 - 154 - 159 - 163 - 165 - 171 - 175 - 176 - 180 - 186 - 193 - 201 - 206 - 209 - 215 - 216 - 217 - 223 - 229 - 232 - 233 - 234 - 235 - 236 - 241 - 243 - 252 - 265 - 266 - 272 - 274 - 275 - 286 - 288 - 290 - 292 - 297 - 307 - 308 - 309 - 318 - 320 - 322 - 323 - 346 - 347 - 355 - 358 - 361 - 363 - 371 - 377 - 380 - 383 - 388 - 390 - 396 - 399 - 400 - 405 - 409 - 412 - 413 - 416 - 421 - 422 - 433 - 436 - 439 - 442 - 443 - 465 - 467 - 469 - 472 - 475 - 477 - 482 - 484 - 490 - 494,3166301.7,23.5,70973,55796,23.34,Cost: 70973 & Capacity: 55796
0 - 1 - 4 - 7 - 8 - 18 - 25 - 28 - 30 - 33 - 34 - 40 - 41 - 50 - 53 - 54 - 58 - 66 - 68 - 70 - 78 - 83 - 84 - 88 - 97 - 102 - 105 - 109 - 114 - 119 - 120 - 121 - 122 - 125 - 128 - 129 - 130 - 134 - 137 - 151 - 154 - 165 - 171 - 179 - 182 - 186 - 188 - 193 - 195 - 198 - 203 - 205 - 214 - 222 - 229 - 231 - 233 - 236 - 243 - 244 - 253 - 255 - 257 - 265 - 272 - 273 - 283 - 285 - 286 - 296 - 297 - 298 - 311 - 320 - 324 - 327 - 336 - 337 - 344 - 346 - 356 - 358 - 359 - 365 - 366 - 370 - 374 - 407 - 410 - 411 - 417 - 424 - 425 - 428 - 432 - 433 - 441 - 443 - 447 - 449 - 456 - 460 - 465 - 473 - 475 - 480 - 488 - 493 - 498 - 499,3160041.8,23.8,67802,52879,23.73,Cost: 67802 & Capacity: 52879
0 - 1 - 3 - 4 - 6 - 7 - 9 - 10 - 12 - 13 - 14 - 15 - 19 - 20 - 22 - 23 - 24 - 26 - 27 - 28 - 30 - 31 - 32 - 33 - 35 - 39 - 40 - 42 - 43 - 44 - 45 - 48 - 49 - 50 - 52 - 56 - 58 - 59 - 61 - 63 - 64 - 69 - 70 - 71 - 72 - 74 - 79 - 82 - 83 - 84 - 85 - 86 - 88 - 90 - 91 - 92 - 93 - 95 - 98 - 100 - 103 - 104 - 105 - 106 - 107 - 109 - 111 - 112 - 113 - 117 - 121 - 122 - 124 - 125 - 126 - 127 - 128 - 134 - 135 - 136 - 137 - 142 - 143 - 145 - 146 - 147 - 149 - 152 - 153 - 154 - 156 - 157 - 158 - 160 - 161 - 164 - 165 - 167 - 168 - 169 - 170 - 171 - 172 - 174 - 175 - 176 - 177 - 179 - 180 - 181 - 184 - 187 - 189 - 192 - 193 - 194 - 195 - 196 - 197 - 198 - 202 - 203 - 205 - 206 - 208 - 209 - 210 - 211 - 212 - 214 - 216 - 224 - 225 - 226 - 227 - 229 - 230 - 232 - 233 - 234 - 235 - 236 - 237 - 240 - 241 - 244 - 245 - 246 - 247 - 248 - 249 - 251 - 254 - 255 - 259 - 261 - 264 - 265 - 266 - 267 - 268 - 269 - 270 - 272 - 275 - 278 - 279 - 280 - 281 - 282 - 285 - 289 - 291 - 296 - 297 - 298 - 300 - 304 - 306 - 308 - 309 - 310 - 314 - 317 - 319 - 320 - 325 - 328 - 329 - 331 - 332 - 335 - 337 - 339 - 341 - 344 - 346 - 351 - 352 - 353 - 355 - 356 - 357 - 359 - 362 - 365 - 370 - 374 - 376 - 380 - 385 - 387 - 388 - 389 - 390 - 391 - 392 - 394 - 395 - 397 - 399 - 400 - 401 - 403 - 405 - 406 - 407 - 408 - 411 - 413 - 417 - 418 - 423 - 426 - 428 - 430 - 434 - 435 - 436 - 438 - 439 - 442 - 443 - 445 - 446 - 448 - 449 - 450 - 451 - 453 - 454 - 455 - 456 - 458 - 459 - 460 - 461 - 463 - 464 - 465 - 466 - 468 - 469 - 470 - 471 - 472 - 474 - 476 - 477 - 478 - 479 - 480 - 481 - 482 - 483 - 484 - 485 - 486 - 487 - 488 - 489 - 490 - 492 - 493 - 494 - 495 - 497 - 498 - 499,20826450.1,0.0,90888,92666,30.67,Cost: 90888 & Capacity: 92666
0 - 1 - 3 - 4 - 6 - 7 - 9 - 10 - 12 - 13 - 14 - 15 - 19 - 20 - 22 - 23 - 24 - 26 - 27 - 28 - 30 - 31 - 32 - 33 - 35 - 39 - 40 - 42 - 43 - 44 - 45 - 48 - 49 - 50 - 52 - 56 - 58 - 59 - 61 - 63 - 64 - 69 - 70 - 71 - 72 - 74 - 79 - 82 - 83 - 84 - 85 - 86 - 88 - 90 - 91 - 92 - 93 - 95 - 98 - 100 - 103 - 104 - 105 - 106 - 107 - 109 - 111 - 112 - 113 - 117 - 121 - 122 - 124 - 125 - 126 - 127 - 128 - 134 - 135 - 136 - 137 - 142 - 143 - 144 - 145 - 146 - 147 - 149 - 152 - 153 - 154 - 156 - 157 - 158 - 160 - 161 - 164 - 165 - 167 - 168 - 169 - 170 - 171 - 172 - 174 - 175 - 176 - 177 - 179 - 180 - 181 - 184 - 187 - 189 - 192 - 193 - 194 - 195 - 196 - 197 - 198 - 202 - 203 - 205 - 206 - 208 - 209 - 210 - 211 - 212 - 214 - 216 - 224 - 225 - 226 - 227 - 229 - 230 - 232 - 233 - 234 - 235 - 236 - 237 - 240 - 241 - 244 - 245 - 246 - 247 - 248 - 249 - 251 - 254 - 255 - 259 - 261 - 264 - 265 - 266 - 267 - 268 - 269 - 270 - 272 - 275 - 278 - 279 - 280 - 281 - 282 - 285 - 289 - 291 - 296 - 297 - 298 - 300 - 304 - 306 - 308 - 309 - 310 - 314 - 317 - 319 - 320 - 325 - 328 - 329 - 331 - 332 - 335 - 337 - 339 - 341 - 344 - 346 - 351 - 352 - 353 - 355 - 356 - 357 - 359 - 362 - 365 - 370 - 374 - 376 - 380 - 385 - 387 - 388 - 389 - 390 - 391 - 392 - 394 - 395 - 397 - 399 - 400 - 401 - 403 - 405 - 406 - 407 - 408 - 411 - 413 - 417 - 418 - 423 - 426 - 428 - 430 - 434 - 435 - 436 - 438 - 439 - 442 - 443 - 445 - 446 - 448 - 449 - 450 - 451 - 453 - 454 - 455 - 456 - 458 - 459 - 460 - 461 - 463 - 464 - 465 - 466 - 468 - 469 - 470 - 471 - 472 - 474 - 476 - 477 - 478 - 479 - 480 - 481 - 482 - 483 - 484 - 485 - 486 - 487 - 488 - 489 - 490 - 492 - 493 - 494 - 495 - 497 - 498 - 499,20965582.5,0.0,91532,93644,30.67,Cost: 91532 & Capacity: 93644
0 - 1 - 3 - 4 - 6 - 7 - 9 - 10 - 12 - 13 - 14 - 15 - 19 - 20 - 22 - 23 - 24 - 26 - 27 - 28 - 30 - 31 - 32 - 33 - 35 - 39 - 40 - 42 - 43 - 44 - 45 - 48 - 49 - 50 - 52 - 56 - 58 - 59 - 61 - 63 - 64 - 69 - 70 - 71 - 72 - 74 - 79 - 82 - 83 - 84 - 85 - 86 - 88 - 90 - 91 - 92 - 93 - 95 - 98 - 100 - 103 - 104 - 105 - 106 - 107 - 109 - 111 - 112 - 113 - 117 - 121 - 122 - 124 - 125 - 126 - 127 - 128 - 134 - 135 - 136 - 137 - 142 - 143 - 144 - 145 - 146 - 147 - 149 - 152 - 153 - 154 - 156 - 157 - 158 - 160 - 161 - 164 - 165 - 167 - 168 - 169 - 170 - 171 - 172 - 174 - 175 - 176 - 177 - 179 - 180 - 181 - 184 - 187 - 189 - 192 - 193 - 194 - 195 - 196 - 197 - 198 - 201 - 202 - 203 - 205 - 206 - 208 - 209 - 210 - 211 - 212 - 214 - 216 - 224 - 225 - 226 - 227 - 229 - 230 - 232 - 233 - 234 - 235 - 236 - 237 - 240 - 241 - 244 - 245 - 246 - 247 - 248 - 249 - 251 - 254 - 255 - 259 - 261 - 264 - 265 - 266 - 267 - 268 - 269 - 270 - 272 - 275 - 278 - 279 - 280 - 281 - 282 - 285 - 289 - 291 - 296 - 297 - 298 - 300 - 304 - 306 - 308 - 309 - 310 - 314 - 317 - 319 - 320 - 325 - 328 - 329 - 331 - 332 - 335 - 337 - 339 - 341 - 344 - 346 - 351 - 352 - 353 - 355 - 356 - 357 - 359 - 362 - 365 - 370 - 374 - 376 - 380 - 385 - 387 - 388 - 389 - 390 - 391 - 392 - 394 - 395 - 397 - 399 - 400 - 401 - 403 - 404 - 405 - 406 - 407 - 408 - 411 - 413 - 416 - 417 - 418 - 423 - 426 - 428 - 430 - 434 - 435 - 436 - 438 - 439 - 442 - 443 - 445 - 446 - 448 - 449 - 450 - 451 - 453 - 454 - 455 - 456 - 458 - 459 - 460 - 461 - 463 - 464 - 465 - 466 - 468 - 469 - 470 - 471 - 472 - 474 - 476 - 477 - 478 - 479 - 480 - 481 - 482 - 483 - 484 - 485 - 486 - 487 - 488 - 489 - 490 - 492 - 493 - 494 - 495 - 497 - 498 - 499,21399768.4,0.0,93489,95463,33.7,Cost: 93489 & Capacity: 95463
0 - 1 - 3 - 4 - 6 - 7 - 9 - 10 - 12 - 13 - 14 - 15 - 19 - 20 - 22 - 23 - 24 - 26 - 27 - 28 - 30 - 31 - 32 - 33 - 35 - 39 - 40 - 42 - 43 - 44 - 45 - 48 - 49 - 50 - 52 - 56 - 58 - 59 - 61 - 63 - 64 - 69 - 70 - 71 - 72 - 74 - 79 - 82 - 83 - 84 - 85 - 86 - 88 - 90 - 91 - 92 - 93 - 95 - 98 - 100 - 103 - 104 - 105 - 106 - 107 - 109 - 111 - 112 - 113 - 117 - 121 - 122 - 124 - 125 - 126 - 127 - 128 - 134 - 135 - 136 - 137 - 142 - 143 - 144 - 145 - 146 - 147 - 149 - 152 - 153 - 154 - 156 - 157 - 158 - 160 - 161 - 164 - 165 - 167 - 168 - 169 - 170 - 171 - 172 - 174 - 175 - 176 - 177 - 179 - 180 - 181 - 184 - 187 - 189 - 192 - 193 - 194 - 195 - 196 - 197 - 198 - 202 - 203 - 205 - 206 - 208 - 209 - 210 - 211 - 212 - 214 - 216 - 224 - 225 - 226 - 227 - 229 - 230 - 232 - 233 - 234 - 235 - 236 - 237 - 240 - 241 - 244 - 245 - 246 - 247 - 248 - 249 - 251 - 254 - 255 - 259 - 261 - 264 - 265 - 266 - 267 - 268 - 269 - 270 - 272 - 275 - 278 - 279 - 280 - 281 - 282 - 285 - 289 - 291 - 296 - 297 - 298 - 300 - 304 - 306 - 308 - 309 - 310 - 314 - 317 - 319 - 320 - 325 - 328 - 329 - 331 - 332 - 335 - 337 - 339 - 341 - 344 - 346 - 351 - 352 - 353 - 355 - 356 - 357 - 359 - 362 - 365 - 370 - 374 - 376 - 380 - 385 - 387 - 388 - 389 - 390 - 391 - 392 - 394 - 395 - 397 - 399 - 400 - 401 - 403 - 405 - 406 - 407 - 408 - 411 - 413 - 417 - 418 - 423 - 426 - 428 - 430 - 434 - 435 - 436 - 438 - 439 - 442 - 443 - 445 - 446 - 448 - 449 - 450 - 451 - 453 - 454 - 456 - 458 - 459 - 460 - 461 - 463 - 464 - 465 - 466 - 468 - 469 - 470 - 471 - 472 - 474 - 476 - 477 - 478 - 479 - 480 - 481 - 482 - 483 - 484 - 485 - 486 - 487 - 488 - 489 - 490 - 492 - 493 - 494 - 495 - 497 - 498 - 499,20829155.9,0.0,90888,93125,33.7,Cost: 90888 & Capacity: 93125
0 - 1 - 3 - 4 - 6 - 7 - 8 - 10 - 12 - 13 - 14 - 19 - 20 - 22 - 23 - 24 - 26 - 27 - 28 - 30 - 31 - 32 - 33 - 35 - 39 - 40 - 41 - 42 - 43 - 44 - 45 - 46 - 47 - 48 - 49 - 50 - 56 - 58 - 59 - 61 - 64 - 69 - 70 - 71 - 74 - 79 - 82 - 83 - 85 - 86 - 90 - 91 - 92 - 93 - 95 - 98 - 100 - 103 - 104 - 105 - 106 - 107 - 112 - 113 - 117 - 121 - 122 - 124 - 125 - 126 - 127 - 128 - 132 - 134 - 135 - 136 - 137 - 142 - 145 - 147 - 148 - 149 - 152 - 153 - 154 - 155 - 156 - 157 - 158 - 164 - 165 - 166 - 168 - 169 - 170 - 171 - 172 - 174 - 175 - 176 - 177 - 179 - 180 - 181 - 183 - 184 - 187 - 189 - 192 - 193 - 194 - 195 - 196 - 198 - 201 - 202 - 203 - 204 - 205 - 206 - 208 - 209 - 210 - 211 - 212 - 216 - 223 - 224 - 225 - 226 - 229 - 230 - 233 - 234 - 235 - 236 - 237 - 241 - 242 - 243 - 244 - 245 - 246 - 248 - 249 - 250 - 251 - 254 - 255 - 257 - 259 - 264 - 265 - 266 - 267 - 269 - 270 - 272 - 275 - 278 - 279 - 280 - 281 - 282 - 285 - 289 - 291 - 292 - 296 - 297 - 298 - 300 - 304 - 308 - 309 - 310 - 314 - 315 - 317 - 319 - 320 - 325 - 327 - 328 - 329 - 331 - 332 - 335 - 337 - 338 - 339 - 341 - 342 - 344 - 346 - 351 - 352 - 353 - 355 - 356 - 357 - 359 - 362 - 365 - 370 - 374 - 376 - 387 - 388 - 389 - 390 - 391 - 392 - 394 - 395 - 397 - 399 - 400 - 401 - 403 - 405 - 406 - 407 - 408 - 411 - 413 - 415 - 417 - 418 - 422 - 423 - 426 - 428 - 434 - 435 - 436 - 438 - 439 - 442 - 443 - 445 - 446 - 448 - 449 - 450 - 451 - 453 - 455 - 458 - 459 - 460 - 461 - 463 - 464 - 465 - 466 - 467 - 468 - 470 - 471 - 472 - 474 - 475 - 476 - 477 - 478 - 479 - 480 - 481 - 482 - 483 - 484 - 485 - 486 - 488 - 489 - 490 - 492 - 493 - 494 - 495 - 497 - 498 - 499,20324326.3,0.3,94110,92762,4.35,Cost: 94110 & Capacity: 92762
0 - 1 - 3 - 4 - 5 - 6 - 7 - 8 - 10 - 12 - 13 - 14 - 20 - 22 - 23 - 24 - 26 - 27 - 28 - 30 - 31 - 32 - 33 - 35 - 39 - 40 - 41 - 42 - 44 - 45 - 47 - 48 - 49 - 50 - 52 - 56 - 58 - 59 - 61 - 63 - 64 - 69 - 70 - 71 - 72 - 74 - 79 - 82 - 83 - 84 - 85 - 86 - 88 - 90 - 91 - 92 - 93 - 95 - 98 - 100 - 104 - 105 - 106 - 107 - 109 - 111 - 112 - 113 - 117 - 121 - 122 - 125 - 126 - 128 - 133 - 134 - 135 - 136 - 137 - 142 - 143 - 144 - 145 - 147 - 148 - 149 - 152 - 153 - 154 - 155 - 157 - 158 - 160 - 164 - 165 - 167 - 168 - 169 - 170 - 171 - 172 - 174 - 175 - 176 - 180 - 181 - 184 - 187 - 189 - 192 - 193 - 194 - 195 - 196 - 198 - 201 - 202 - 203 - 204 - 205 - 206 - 208 - 209 - 210 - 211 - 212 - 216 - 220 - 225 - 226 - 229 - 230 - 233 - 234 - 235 - 236 - 237 - 240 - 241 - 242 - 245 - 246 - 247 - 248 - 249 - 250 - 251 - 254 - 255 - 257 - 259 - 261 - 264 - 265 - 266 - 267 - 269 - 270 - 272 - 275 - 278 - 279 - 280 - 281 - 282 - 283 - 285 - 289 - 291 - 292 - 296 - 297 - 298 - 304 - 306 - 308 - 309 - 310 - 314 - 317 - 319 - 320 - 325 - 327 - 328 - 329 - 331 - 332 - 335 - 337 - 339 - 341 - 344 - 346 - 351 - 352 - 355 - 356 - 357 - 359 - 362 - 365 - 370 - 374 - 376 - 380 - 385 - 387 - 388 - 389 - 390 - 391 - 392 - 394 - 395 - 397 - 399 - 400 - 401 - 403 - 404 - 405 - 406 - 407 - 408 - 411 - 413 - 415 - 416 - 417 - 418 - 423 - 424 - 428 - 434 - 435 - 438 - 439 - 442 - 443 - 445 - 446 - 448 - 449 - 451 - 453 - 455 - 456 - 458 - 459 - 460 - 461 - 463 - 464 - 465 - 466 - 467 - 468 - 470 - 471 - 472 - 474 - 476 - 478 - 479 - 480 - 481 - 482 - 483 - 484 - 485 - 486 - 487 - 488 - 489 - 490 - 492 - 493 - 494 - 495 - 498 - 499,19886065.4,0.7,94112,95106,5.03,Cost: 94112 & Capacity: 95106
0 - 6 - 8 - 10 - 15 - 18 - 27 - 29 - 34 - 37 - 38 - 40 - 41 - 44 - 47 - 57 - 66 - 72 - 75 - 80 - 82 - 85 - 86 - 87 - 92 - 97 - 99 - 101 - 103 - 109 - 110 - 112 - 117 - 118 - 125 - 126 - 130 - 133 - 134 - 135 - 136 - 149 - 152 - 153 - 154 - 155 - 157 - 165 - 171 - 173 - 176 - 180 - 182 - 184 - 185 - 190 - 193 - 195 - 197 - 198 - 210 - 215 - 216 - 217 - 219 - 221 - 222 - 223 - 227 - 229 - 233 - 235 - 241 - 243 - 246 - 248 - 249 - 252 - 262 - 268 - 275 - 278 - 289 - 294 - 296 - 297 - 299 - 300 - 305 - 307 - 311 - 314 - 318 - 319 - 320 - 324 - 327 - 329 - 330 - 331 - 335 - 339 - 340 - 344 - 349 - 353 - 354 - 356 - 357 - 358 - 361 - 362 - 365 - 375 - 377 - 380 - 386 - 387 - 391 - 392 - 396 - 397 - 399 - 400 - 401 - 402 - 407 - 409 - 410 - 411 - 415 - 416 - 418 - 423 - 424 - 427 - 428 - 429 - 430 - 433 - 434 - 442 - 443 - 445 - 448 - 450 - 452 - 453 - 455 - 456 - 458 - 459 - 460 - 465 - 472 - 479 - 480 - 481 - 486 - 487 - 493 - 497 - 498,6723248.0,12.1,93349,78417,7.59,Cost: 93349 & Capacity: 78417
0 - 1 - 4 - 5 - 6 - 8 - 10 - 12 - 13 - 14 - 17 - 20 - 22 - 23 - 26 - 27 - 28 - 30 - 31 - 33 - 35 - 39 - 40 - 41 - 42 - 44 - 45 - 47 - 48 - 50 - 52 - 56 - 58 - 64 - 69 - 70 - 72 - 73 - 74 - 76 - 78 - 79 - 82 - 83 - 85 - 92 - 93 - 95 - 96 - 98 - 99 - 100 - 104 - 105 - 106 - 107 - 109 - 112 - 113 - 117 - 121 - 122 - 125 - 126 - 128 - 133 - 134 - 135 - 136 - 143 - 144 - 145 - 147 - 148 - 150 - 152 - 154 - 158 - 163 - 164 - 165 - 167 - 168 - 170 - 172 - 175 - 176 - 180 - 181 - 184 - 189 - 192 - 193 - 194 - 198 - 201 - 203 - 205 - 206 - 207 - 208 - 209 - 210 - 211 - 212 - 216 - 219 - 220 - 225 - 229 - 230 - 233 - 234 - 235 - 236 - 237 - 240 - 241 - 242 - 243 - 244 - 245 - 247 - 248 - 249 - 250 - 251 - 254 - 255 - 257 - 259 - 264 - 265 - 266 - 267 - 270 - 272 - 275 - 280 - 282 - 283 - 289 - 291 - 292 - 296 - 297 - 304 - 305 - 307 - 308 - 309 - 310 - 314 - 315 - 317 - 319 - 324 - 325 - 327 - 328 - 329 - 331 - 335 - 337 - 338 - 339 - 341 - 342 - 343 - 344 - 346 - 347 - 351 - 352 - 355 - 356 - 357 - 360 - 361 - 362 - 365 - 368 - 370 - 373 - 374 - 376 - 380 - 387 - 389 - 391 - 392 - 394 - 395 - 397 - 399 - 400 - 401 - 403 - 405 - 407 - 408 - 412 - 413 - 415 - 416 - 417 - 422 - 423 - 424 - 427 - 428 - 433 - 434 - 438 - 439 - 441 - 442 - 443 - 445 - 446 - 448 - 449 - 450 - 454 - 455 - 456 - 458 - 460 - 464 - 465 - 467 - 470 - 471 - 472 - 475 - 479 - 481 - 482 - 483 - 485 - 486 - 487 - 488 - 489 - 490 - 494 - 495 - 499,15420840.1,3.0,94078,90049,10.37,Cost: 94078 & Capacity: 90049
4 - 6 - 8 - 9 - 10 - 15 - 16 - 17 - 18 - 22 - 27 - 31 - 34 - 38 - 39 - 41 - 44 - 45 - 46 - 50 - 54 - 63 - 66 - 67 - 78 - 81 - 91 - 95 - 100 - 101 - 105 - 107 - 113 - 114 - 126 - 134 - 144 - 147 - 148 - 157 - 162 - 163 - 175 - 176 - 189 - 193 - 194 - 195 - 197 - 205 - 208 - 211 - 212 - 216 - 217 - 220 - 223 - 224 - 227 - 232 - 234 - 235 - 236 - 241 - 244 - 248 - 249 - 252 - 257 - 266 - 278 - 280 - 283 - 288 - 292 - 301 - 306 - 307 - 309 - 311 - 316 - 318 - 323 - 328 - 332 - 333 - 335 - 336 - 339 - 340 - 342 - 343 - 346 - 348 - 352 - 355 - 359 - 361 - 369 - 373 - 379 - 391 - 392 - 396 - 400 - 401 - 405 - 410 - 416 - 420 - 422 - 428 - 429 - 431 - 434 - 436 - 443 - 444 - 445 - 448 - 450 - 454 - 456 - 458 - 459 - 462 - 463 - 465 - 466 - 468 - 471 - 472 - 474 - 475 - 478 - 480 - 481 - 484 - 490 - 492 - 494 - 498,5087891.6,16.7,83828,68871,11.4,Cost: 83828 & Capacity: 68871
0 - 1 - 3 - 4 - 6 - 7 - 9 - 10 - 12 - 13 - 14 - 15 - 19 - 20 - 22 - 23 - 24 - 26 - 27 - 28 - 30 - 31 - 32 - 33 - 35 - 39 - 40 - 42 - 43 - 44 - 45 - 48 - 49 - 50 - 52 - 56 - 58 - 59 - 61 - 63 - 64 - 69 - 70 - 71 - 72 - 74 - 79 - 82 - 83 - 84 - 85 - 86 - 88 - 90 - 91 - 92 - 93 - 95 - 98 - 100 - 103 - 104 - 105 - 106 - 107 - 109 - 111 - 112 - 113 - 117 - 121 - 122 - 124 - 125 - 126 - 127 - 128 - 134 - 135 - 136 - 137 - 142 - 143 - 144 - 145 - 146 - 147 - 149 - 152 - 153 - 154 - 156 - 157 - 158 - 160 - 161 - 164 - 165 - 167 - 168 - 169 - 170 - 171 - 172 - 174 - 175 - 176 - 177 - 179 - 180 - 181 - 184 - 187 - 189 - 192 - 193 - 194 - 195 - 196 - 197 - 198 - 201 - 202 - 203 - 205 - 206 - 208 - 209 - 210 - 211 - 212 - 214 - 216 - 224 - 225 - 226 - 227 - 229 - 230 - 232 - 233 - 234 - 235 - 236 - 237 - 240 - 241 - 244 - 245 - 246 - 247 - 248 - 249 - 251 - 254 - 255 - 259 - 261 - 264 - 265 - 266 - 267 - 268 - 269 - 270 - 272 - 275 - 278 - 279 - 280 - 281 - 282 - 285 - 289 - 291 - 296 - 297 - 298 - 300 - 304 - 306 - 308 - 309 - 310 - 314 - 317 - 319 - 320 - 325 - 328 - 329 - 331 - 332 - 335 - 337 - 339 - 341 - 344 - 346 - 351 - 352 - 353 - 355 - 356 - 357 - 359 - 362 - 365 - 370 - 374 - 376 - 380 - 385 - 387 - 388 - 389 - 390 - 391 - 392 - 394 - 395 - 397 - 399 - 400 - 401 - 403 - 404 - 405 - 406 - 407 - 408 - 411 - 413 - 417 - 418 - 423 - 426 - 428 - 430 - 434 - 435 - 436 - 438 - 439 - 442 - 443 - 445 - 446 - 448 - 449 - 450 - 451 - 453 - 454 - 455 - 456 - 458 - 459 - 460 - 461 - 463 - 464 - 465 - 466 - 468 - 469 - 470 - 471 - 472 - 474 - 476 - 477 - 478 - 479 - 480 - 481 - 482 - 483 - 484 - 485 - 486 - 487 - 488 - 489 - 490 - 492 - 493 - 494 - 495 - 497 - 498 - 499,21250413.9,0.0,92835,94914,11.56,Cost: 92835 & Capacity: 94914
0 - 1 - 3 - 4 - 6 - 7 - 9 - 10 - 12 - 13 - 14 - 15 - 19 - 20 - 22 - 23 - 24 - 26 - 27 - 28 - 30 - 31 - 32 - 33 - 35 - 39 - 40 - 42 - 43 - 44 - 45 - 48 - 49 - 50 - 52 - 56 - 58 - 59 - 61 - 63 - 64 - 69 - 70 - 71 - 72 - 74 - 79 - 82 - 83 - 84 - 85 - 86 - 88 - 90 - 91 - 92 - 93 - 95 - 98 - 100 - 103 - 104 - 105 - 106 - 107 - 109 - 111 - 112 - 113 - 117 - 121 - 122 - 124 - 125 - 126 - 127 - 128 - 134 - 135 - 136 - 137 - 142 - 143 - 144 - 145 - 146 - 147 - 149 - 152 - 153 - 154 - 156 - 157 - 158 - 160 - 161 - 164 - 165 - 167 - 168 - 169 - 170 - 171 - 172 - 174 - 175 - 176 - 177 - 179 - 180 - 181 - 184 - 187 - 189 - 192 - 193 - 194 - 195 - 196 - 197 - 198 - 202 - 203 - 205 - 206 - 208 - 209 - 210 - 211 - 212 - 214 - 216 - 224 - 225 - 226 - 227 - 229 - 230 - 232 - 233 - 234 - 235 - 236 - 237 - 240 - 241 - 244 - 245 - 246 - 247 - 248 - 249 - 251 - 254 - 255 - 259 - 261 - 264 - 265 - 266 - 267 - 268 - 269 - 270 - 272 - 275 - 278 - 279 - 280 - 281 - 282 - 285 - 289 - 291 - 296 - 297 - 298 - 300 - 304 - 306 - 308 - 309 - 310 - 314 - 317 - 319 - 320 - 325 - 328 - 329 - 331 - 332 - 335 - 337 - 339 - 341 - 344 - 346 - 351 - 352 - 353 - 355 - 356 - 357 - 359 - 362 - 365 - 370 - 374 - 376 - 380 - 385 - 387 - 388 - 389 - 390 - 391 - 392 - 394 - 395 - 397 - 399 - 400 - 401 - 403 - 404 - 405 - 406 - 407 - 408 - 411 - 413 - 417 - 418 - 423 - 426 - 428 - 430 - 434 - 435 - 436 - 438 - 439 - 442 - 443 - 445 - 446 - 448 - 449 - 450 - 451 - 453 - 454 - 455 - 456 - 458 - 459 - 460 - 461 - 463 - 464 - 465 - 466 - 468 - 469 - 470 - 471 - 472 - 474 - 476 - 477 - 478 - 479 - 480 - 481 - 482 - 483 - 484 - 485 - 486 - 487 - 488 - 489 - 490 - 492 - 493 - 494 - 495 - 497 - 498 - 499,21108824.0,0.0,92188,94565,11.56,Cost: 92188 & Capacity: 94565
1 - 6 - 8 - 11 - 16 - 18 - 19 - 21 - 39 - 40 - 41 - 44 - 47 - 53 - 55 - 59 - 60 - 62 - 65 - 66 - 70 - 81 - 95 - 96 - 103 - 106 - 115 - 118 - 121 - 129 - 130 - 144 - 147 - 151 - 152 - 159 - 186 - 195 - 198 - 199 - 201 - 204 - 213 - 215 - 217 - 224 - 233 - 234 - 236 - 240 - 243 - 248 - 249 - 252 - 253 - 255 - 259 - 262 - 267 - 275 - 290 - 297 - 307 - 309 - 320 - 326 - 334 - 344 - 345 - 355 - 358 - 360 - 370 - 371 - 389 - 390 - 394 - 396 - 397 - 400 - 401 - 405 - 412 - 413 - 414 - 420 - 425 - 431 - 433 - 444 - 455 - 463 - 477 - 481 - 487 - 493,2363012.5,30.4,66232,50871,12.28,Cost: 66232 & Capacity: 50871
1 - 6 - 8 - 11 - 16 - 18 - 19 - 21 - 39 - 40 - 41 - 44 - 47 - 53 - 55 - 59 - 60 - 62 - 65 - 66 - 70 - 81 - 95 - 96 - 103 - 106 - 115 - 118 - 121 - 129 - 130 - 144 - 147 - 151 - 152 - 159 - 186 - 195 - 198 - 199 - 201 - 204 - 213 - 215 - 217 - 222 - 224 - 233 - 234 - 236 - 240 - 243 - 248 - 249 - 252 - 253 - 255 - 259 - 262 - 267 - 275 - 290 - 297 - 307 - 309 - 320 - 326 - 334 - 344 - 345 - 355 - 358 - 360 - 370 - 371 - 389 - 390 - 394 - 396 - 397 - 400 - 401 - 405 - 412 - 413 - 414 - 420 - 425 - 431 - 433 - 444 - 455 - 463 - 477 - 481 - 487 - 493,2413456.7,29.4,68130,51864,12.26,Cost: 68130 & Capacity: 51864
1 - 6 - 8 - 11 - 16 - 18 - 19 - 21 - 29 - 33 - 39 - 40 - 41 - 44 - 47 - 53 - 55 - 59 - 60 - 62 - 65 - 66 - 70 - 81 - 95 - 96 - 103 - 106 - 114 - 115 - 118 - 121 - 129 - 130 - 144 - 147 - 151 - 152 - 159 - 186 - 193 - 195 - 198 - 199 - 201 - 204 - 213 - 215 - 217 - 222 - 224 - 233 - 234 - 236 - 240 - 243 - 248 - 249 - 252 - 253 - 255 - 259 - 262 - 267 - 275 - 290 - 297 - 307 - 309 - 316 - 320 - 324 - 326 - 334 - 344 - 345 - 355 - 358 - 360 - 361 - 370 - 371 - 389 - 390 - 394 - 396 - 397 - 400 - 401 - 405 - 412 - 413 - 414 - 420 - 425 - 431 - 433 - 436 - 442 - 444 - 455 - 463 - 465 - 477 - 480 - 481 - 487 - 488 - 493,3028789.6,24.5,75617,57650,12.27,Cost: 75617 & Capacity: 57650
4 - 5 - 6 - 7 - 8 - 12 - 13 - 17 - 18 - 19 - 21 - 22 - 23 - 24 - 27 - 33 - 39 - 40 - 42 - 44 - 47 - 50 - 61 - 62 - 63 - 64 - 66 - 70 - 74 - 79 - 87 - 90 - 92 - 93 - 95 - 98 - 99 - 100 - 101 - 104 - 109 - 112 - 113 - 114 - 118 - 119 - 121 - 122 - 124 - 125 - 126 - 128 - 129 - 134 - 139 - 140 - 141 - 144 - 146 - 150 - 151 - 171 - 175 - 176 - 182 - 186 - 196 - 197 - 198 - 203 - 205 - 208 - 209 - 212 - 214 - 215 - 216 - 217 - 219 - 221 - 222 - 225 - 226 - 229 - 230 - 232 - 234 - 235 - 236 - 241 - 242 - 244 - 246 - 252 - 260 - 265 - 267 - 270 - 272 - 283 - 284 - 289 - 292 - 296 - 297 - 298 - 299 - 302 - 306 - 307 - 312 - 318 - 324 - 327 - 332 - 337 - 338 - 340 - 344 - 351 - 353 - 356 - 358 - 359 - 360 - 362 - 374 - 376 - 377 - 384 - 387 - 389 - 391 - 396 - 400 - 403 - 406 - 409 - 410 - 411 - 416 - 417 - 418 - 422 - 426 - 428 - 429 - 434 - 436 - 443 - 446 - 447 - 454 - 455 - 456 - 457 - 460 - 466 - 472 - 474 - 475 - 478 - 482 - 483 - 486 - 489,6960223.7,11.5,93422,77785,12.43,Cost: 93422 & Capacity: 77785
0 - 1 - 3 - 4 - 6 - 7 - 8 - 9 - 10 - 12 - 13 - 14 - 15 - 19 - 20 - 22 - 23 - 24 - 26 - 27 - 28 - 30 - 31 - 32 - 33 - 35 - 39 - 40 - 42 - 43 - 44 - 45 - 48 - 49 - 50 - 52 - 56 - 58 - 59 - 61 - 63 - 64 - 69 - 70 - 71 - 72 - 74 - 79 - 82 - 83 - 84 - 85 - 86 - 88 - 90 - 91 - 92 - 93 - 95 - 98 - 100 - 103 - 104 - 105 - 106 - 107 - 109 - 111 - 112 - 113 - 117 - 121 - 122 - 124 - 125 - 126 - 127 - 128 - 134 - 135 - 136 - 137 - 142 - 143 - 144 - 145 - 146 - 147 - 149 - 152 - 153 - 154 - 156 - 157 - 158 - 160 - 161 - 164 - 165 - 167 - 168 - 169 - 170 - 171 - 172 - 174 - 175 - 176 - 177 - 179 - 180 - 181 - 184 - 187 - 189 - 192 - 193 - 194 - 195 - 196 - 197 - 198 - 201 - 202 - 203 - 205 - 206 - 208 - 209 - 210 - 211 - 212 - 214 - 216 - 224 - 225 - 226 - 227 - 229 - 230 - 232 - 233 - 234 - 235 - 236 - 237 - 240 - 241 - 244 - 245 - 246 - 247 - 248 - 249 - 251 - 254 - 255 - 259 - 261 - 264 - 265 - 266 - 267 - 268 - 269 - 270 - 272 - 275 - 278 - 279 - 280 - 281 - 282 - 285 - 289 - 291 - 296 - 297 - 298 - 300 - 304 - 306 - 308 - 309 - 310 - 314 - 317 - 319 - 320 - 325 - 328 - 329 - 331 - 332 - 335 - 337 - 339 - 341 - 344 - 346 - 351 - 352 - 353 - 355 - 356 - 357 - 359 - 362 - 365 - 370 - 374 - 376 - 380 - 385 - 387 - 388 - 389 - 390 - 391 - 392 - 394 - 395 - 397 - 399 - 400 - 401 - 403 - 405 - 406 - 407 - 408 - 411 - 413 - 417 - 418 - 423 - 426 - 428 - 430 - 434 - 435 - 436 - 438 - 439 - 442 - 443 - 445 - 446 - 448 - 449 - 450 - 451 - 453 - 454 - 455 - 456 - 458 - 459 - 460 - 461 - 463 - 464 - 465 - 466 - 468 - 469 - 470 - 471 - 472 - 474 - 476 - 477 - 478 - 479 - 480 - 481 - 482 - 483 - 484 - 485 - 486 - 487 - 488 - 489 - 490 - 492 - 493 - 494 - 495 - 497 - 498 - 499,21255166.9,0.0,92830,94350,14.86,Cost: 92830 & Capacity: 94350
0 - 1 - 3 - 4 - 5 - 6 - 7 - 8 - 9 - 10 - 12 - 13 - 14 - 19 - 20 - 22 - 23 - 24 - 26 - 27 - 28 - 30 - 31 - 32 - 33 - 35 - 39 - 40 - 41 - 42 - 43 - 44 - 45 - 48 - 49 - 50 - 52 - 56 - 58 - 59 - 61 - 64 - 69 - 70 - 71 - 72 - 74 - 79 - 82 - 83 - 84 - 85 - 86 - 88 - 90 - 91 - 92 - 93 - 95 - 98 - 100 - 103 - 104 - 105 - 106 - 107 - 109 - 111 - 112 - 113 - 117 - 121 - 122 - 124 - 125 - 126 - 127 - 128 - 132 - 134 - 135 - 136 - 137 - 142 - 143 - 144 - 145 - 147 - 148 - 149 - 152 - 153 - 154 - 155 - 156 - 157 - 158 - 160 - 161 - 164 - 165 - 167 - 168 - 169 - 170 - 171 - 172 - 174 - 175 - 176 - 177 - 179 - 180 - 181 - 184 - 187 - 189 - 192 - 193 - 194 - 195 - 198 - 201 - 202 - 203 - 205 - 206 - 208 - 209 - 210 - 211 - 212 - 214 - 216 - 224 - 225 - 226 - 227 - 229 - 230 - 232 - 233 - 234 - 235 - 236 - 237 - 240 - 241 - 244 - 245 - 246 - 248 - 249 - 251 - 254 - 255 - 259 - 261 - 264 - 265 - 266 - 267 - 268 - 269 - 270 - 272 - 275 - 278 - 279 - 280 - 281 - 282 - 285 - 289 - 291 - 292 - 296 - 297 - 298 - 300 - 304 - 306 - 308 - 309 - 310 - 314 - 317 - 319 - 320 - 325 - 328 - 329 - 331 - 332 - 335 - 337 - 339 - 341 - 344 - 346 - 351 - 352 - 353 - 355 - 356 - 357 - 359 - 362 - 365 - 370 - 374 - 376 - 380 - 385 - 387 - 388 - 389 - 390 - 391 - 392 - 394 - 395 - 397 - 399 - 400 - 401 - 403 - 405 - 406 - 407 - 408 - 411 - 413 - 415 - 416 - 417 - 418 - 423 - 426 - 428 - 430 - 434 - 435 - 436 - 438 - 439 - 442 - 443 - 445 - 446 - 448 - 449 - 450 - 451 - 453 - 454 - 455 - 458 - 459 - 460 - 461 - 463 - 464 - 465 - 466 - 468 - 469 - 470 - 471 - 472 - 474 - 476 - 477 - 478 - 479 - 480 - 481 - 482 - 483 - 484 - 485 - 486 - 487 - 488 - 489 - 490 - 492 - 493 - 494 - 495 - 497 - 498 - 499,21466155.3,0.0,94099,95465,14.96,Cost: 94099 & Capacity: 95465
4 - 5 - 12 - 14 - 16 - 20 - 21 - 25 - 32 - 38 - 44 - 47 - 51 - 59 - 60 - 67 - 78 - 80 - 97 - 103 - 108 - 114 - 119 - 120 - 126 - 142 - 145 - 163 - 169 - 172 - 175 - 185 - 193 - 194 - 196 - 198 - 204 - 209 - 212 - 215 - 216 - 217 - 225 - 227 - 232 - 256 - 258 - 276 - 280 - 283 - 290 - 292 - 294 - 295 - 308 - 316 - 318 - 321 - 324 - 326 - 328 - 342 - 347 - 356 - 358 - 362 - 364 - 373 - 374 - 380 - 382 - 384 - 392 - 396 - 397 - 398 - 403 - 405 - 415 - 416 - 419 - 421 - 430 - 439 - 443 - 444 - 448 - 450 - 455 - 465 - 466 - 468 - 475 - 478 - 489 - 490,2370062.8,30.0,68743,50330,16.21,Cost: 68743 & Capacity: 50330
0 - 1 - 3 - 4 - 5 - 6 - 8 - 10 - 12 - 13 - 14 - 17 - 20 - 22 - 23 - 26 - 27 - 28 - 30 - 31 - 33 - 39 - 40 - 41 - 42 - 44 - 45 - 47 - 48 - 49 - 50 - 56 - 58 - 64 - 69 - 70 - 74 - 79 - 82 - 83 - 85 - 90 - 92 - 93 - 95 - 96 - 98 - 100 - 103 - 104 - 105 - 106 - 107 - 109 - 112 - 113 - 117 - 121 - 122 - 123 - 125 - 126 - 128 - 134 - 135 - 136 - 145 - 147 - 148 - 149 - 152 - 154 - 158 - 162 - 163 - 164 - 165 - 167 - 168 - 170 - 171 - 172 - 175 - 176 - 180 - 181 - 184 - 192 - 193 - 194 - 195 - 198 - 199 - 201 - 203 - 205 - 206 - 208 - 209 - 210 - 211 - 212 - 215 - 216 - 217 - 220 - 221 - 225 - 229 - 230 - 233 - 234 - 235 - 236 - 237 - 240 - 241 - 243 - 244 - 245 - 248 - 249 - 250 - 251 - 254 - 255 - 259 - 264 - 265 - 266 - 267 - 270 - 272 - 275 - 276 - 279 - 280 - 281 - 282 - 285 - 289 - 291 - 292 - 296 - 297 - 304 - 307 - 308 - 309 - 310 - 314 - 317 - 319 - 320 - 324 - 325 - 327 - 328 - 329 - 331 - 332 - 335 - 337 - 338 - 339 - 341 - 342 - 346 - 347 - 348 - 351 - 352 - 355 - 356 - 357 - 362 - 365 - 370 - 373 - 374 - 376 - 380 - 382 - 385 - 386 - 387 - 388 - 389 - 391 - 392 - 394 - 395 - 397 - 399 - 400 - 401 - 403 - 405 - 406 - 407 - 408 - 412 - 413 - 415 - 416 - 417 - 423 - 427 - 428 - 431 - 433 - 434 - 438 - 439 - 441 - 442 - 443 - 445 - 446 - 448 - 449 - 450 - 451 - 453 - 454 - 455 - 456 - 458 - 459 - 460 - 463 - 464 - 465 - 470 - 471 - 472 - 475 - 479 - 481 - 482 - 483 - 485 - 486 - 487 - 488 - 490 - 494 - 495 - 496 - 499,15752765.0,1.6,94099,86299,23.02,Cost: 94099 & Capacity: 86299
0 - 1 - 4 - 5 - 6 - 8 - 10 - 13 - 14 - 17 - 19 - 20 - 22 - 23 - 27 - 28 - 30 - 31 - 38 - 39 - 40 - 41 - 44 - 45 - 47 - 48 - 49 - 50 - 52 - 54 - 56 - 58 - 64 - 69 - 70 - 72 - 74 - 79 - 82 - 83 - 85 - 92 - 93 - 95 - 96 - 98 - 99 - 100 - 103 - 105 - 106 - 107 - 109 - 112 - 116 - 117 - 121 - 122 - 123 - 125 - 126 - 130 - 133 - 135 - 136 - 137 - 145 - 147 - 149 - 150 - 152 - 154 - 160 - 162 - 163 - 164 - 165 - 167 - 174 - 175 - 176 - 180 - 181 - 184 - 192 - 193 - 194 - 198 - 201 - 205 - 206 - 207 - 209 - 210 - 211 - 212 - 215 - 216 - 217 - 220 - 221 - 225 - 229 - 230 - 233 - 234 - 235 - 236 - 237 - 241 - 242 - 243 - 245 - 248 - 249 - 250 - 251 - 254 - 255 - 259 - 260 - 265 - 267 - 269 - 272 - 275 - 276 - 280 - 282 - 283 - 289 - 291 - 292 - 296 - 297 - 307 - 308 - 309 - 312 - 315 - 316 - 317 - 319 - 322 - 323 - 324 - 325 - 328 - 329 - 335 - 337 - 338 - 340 - 341 - 342 - 344 - 345 - 347 - 348 - 351 - 352 - 356 - 362 - 365 - 370 - 374 - 386 - 387 - 389 - 391 - 392 - 394 - 395 - 396 - 397 - 400 - 401 - 403 - 407 - 413 - 415 - 416 - 417 - 423 - 425 - 426 - 427 - 428 - 429 - 434 - 438 - 439 - 441 - 442 - 443 - 444 - 445 - 446 - 448 - 449 - 450 - 454 - 455 - 456 - 458 - 465 - 471 - 472 - 475 - 479 - 481 - 482 - 483 - 485 - 486 - 487 - 488 - 489 - 490 - 494 - 496 - 499,12378112.0,5.2,94112,83332,23.05,Cost: 94112 & Capacity: 83332
0 - 1 - 3 - 4 - 5 - 6 - 7 - 8 - 9 - 10 - 12 - 13 - 14 - 19 - 20 - 22 - 23 - 24 - 26 - 27 - 28 - 30 - 31 - 32 - 33 - 35 - 39 - 40 - 41 - 42 - 43 - 44 - 45 - 48 - 49 - 50 - 52 - 56 - 58 - 59 - 61 - 64 - 69 - 70 - 71 - 72 - 74 - 79 - 82 - 83 - 84 - 85 - 86 - 90 - 91 - 92 - 93 - 95 - 98 - 100 - 103 - 104 - 105 - 106 - 107 - 109 - 111 - 112 - 113 - 117 - 121 - 122 - 124 - 125 - 126 - 127 - 128 - 132 - 134 - 135 - 136 - 137 - 142 - 143 - 144 - 145 - 146 - 147 - 149 - 152 - 153 - 154 - 155 - 156 - 157 - 158 - 160 - 161 - 164 - 165 - 167 - 168 - 169 - 170 - 171 - 172 - 174 - 175 - 176 - 177 - 180 - 181 - 184 - 187 - 189 - 192 - 193 - 194 - 195 - 196 - 198 - 201 - 202 - 203 - 204 - 205 - 206 - 208 - 209 - 210 - 211 - 212 - 214 - 216 - 224 - 225 - 226 - 227 - 229 - 230 - 233 - 234 - 235 - 236 - 237 - 240 - 241 - 244 - 245 - 246 - 248 - 249 - 251 - 254 - 255 - 257 - 259 - 261 - 264 - 265 - 266 - 267 - 269 - 270 - 272 - 275 - 278 - 279 - 280 - 281 - 282 - 285 - 289 - 291 - 296 - 297 - 298 - 300 - 304 - 306 - 308 - 309 - 310 - 314 - 317 - 319 - 320 - 325 - 328 - 329 - 331 - 332 - 335 - 337 - 339 - 341 - 344 - 346 - 351 - 352 - 353 - 355 - 356 - 357 - 359 - 362 - 365 - 370 - 374 - 376 - 380 - 385 - 387 - 388 - 389 - 390 - 391 - 392 - 394 - 395 - 397 - 399 - 400 - 401 - 403 - 404 - 405 - 406 - 407 - 408 - 411 - 413 - 415 - 416 - 417 - 418 - 423 - 426 - 428 - 430 - 434 - 435 - 436 - 438 - 439 - 442 - 443 - 445 - 446 - 448 - 449 - 450 - 451 - 453 - 454 - 455 - 456 - 458 - 459 - 460 - 461 - 463 - 464 - 465 - 466 - 468 - 469 - 470 - 471 - 472 - 474 - 476 - 477 - 478 - 479 - 480 - 481 - 482 - 483 - 484 - 485 - 486 - 487 - 488 - 489 - 490 - 492 - 493 - 494 - 495 - 497 - 498 - 499,21452875.5,0.0,94091,95770,23.96,Cost: 94091 & Capacity: 95770
0 - 6 - 15 - 18 - 20 - 22 - 26 - 29 - 30 - 34 - 37 - 41 - 44 - 47 - 50 - 57 - 61 - 65 - 66 - 67 - 79 - 81 - 82 - 84 - 85 - 86 - 95 - 96 - 97 - 99 - 100 - 102 - 110 - 112 - 113 - 114 - 115 - 122 - 123 - 125 - 126 - 129 - 130 - 131 - 132 - 134 - 136 - 139 - 140 - 146 - 150 - 151 - 154 - 155 - 165 - 175 - 176 - 185 - 190 - 192 - 193 - 195 - 196 - 198 - 204 - 206 - 209 - 215 - 216 - 221 - 225 - 227 - 229 - 233 - 236 - 241 - 244 - 245 - 249 - 251 - 253 - 254 - 255 - 257 - 260 - 266 - 267 - 275 - 276 - 283 - 284 - 285 - 293 - 298 - 299 - 307 - 309 - 316 - 318 - 319 - 320 - 323 - 324 - 326 - 328 - 332 - 333 - 335 - 337 - 338 - 340 - 341 - 342 - 348 - 355 - 356 - 357 - 359 - 362 - 370 - 374 - 375 - 387 - 391 - 392 - 396 - 400 - 403 - 405 - 410 - 413 - 417 - 418 - 421 - 422 - 425 - 428 - 429 - 432 - 434 - 443 - 448 - 453 - 454 - 456 - 458 - 463 - 465 - 475 - 477 - 481 - 482 - 486 - 487 - 489 - 490 - 496 - 499,6287005.9,14.1,94099,73724,28.58,Cost: 94099 & Capacity: 73724
0 - 1 - 3 - 4 - 6 - 7 - 8 - 9 - 10 - 12 - 13 - 14 - 15 - 19 - 20 - 22 - 23 - 24 - 26 - 27 - 28 - 30 - 31 - 32 - 33 - 35 - 39 - 40 - 42 - 43 - 44 - 45 - 48 - 49 - 50 - 52 - 56 - 58 - 59 - 61 - 63 - 64 - 69 - 70 - 71 - 72 - 74 - 79 - 82 - 83 - 84 - 85 - 86 - 88 - 90 - 91 - 92 - 93 - 95 - 98 - 100 - 103 - 104 - 105 - 106 - 107 - 109 - 111 - 112 - 113 - 117 - 121 - 122 - 124 - 125 - 126 - 127 - 128 - 134 - 135 - 136 - 137 - 142 - 143 - 144 - 145 - 146 - 147 - 149 - 152 - 153 - 154 - 156 - 157 - 158 - 160 - 161 - 164 - 165 - 167 - 168 - 169 - 170 - 171 - 172 - 174 - 175 - 176 - 177 - 179 - 180 - 181 - 184 - 187 - 189 - 192 - 193 - 194 - 195 - 196 - 197 - 198 - 202 - 203 - 205 - 206 - 208 - 209 - 210 - 211 - 212 - 214 - 216 - 224 - 225 - 226 - 227 - 229 - 230 - 232 - 233 - 234 - 235 - 236 - 237 - 240 - 241 - 244 - 245 - 246 - 247 - 248 - 249 - 251 - 254 - 255 - 259 - 261 - 264 - 265 - 266 - 267 - 268 - 269 - 270 - 272 - 275 - 278 - 279 - 280 - 281 - 282 - 285 - 289 - 291 - 296 - 297 - 298 - 300 - 304 - 306 - 308 - 309 - 310 - 314 - 317 - 319 - 320 - 325 - 328 - 329 - 331 - 332 - 335 - 337 - 339 - 341 - 344 - 346 - 351 - 352 - 353 - 355 - 356 - 357 - 359 - 362 - 365 - 370 - 374 - 376 - 380 - 385 - 387 - 388 - 389 - 390 - 391 - 392 - 394 - 395 - 397 - 399 - 400 - 401 - 403 - 405 - 406 - 407 - 408 - 411 - 413 - 417 - 418 - 423 - 426 - 428 - 430 - 434 - 435 - 436 - 438 - 439 - 442 - 443 - 445 - 446 - 448 - 449 - 450 - 451 - 453 - 454 - 455 - 456 - 458 - 459 - 460 - 461 - 463 - 464 - 465 - 466 - 468 - 469 - 470 - 471 - 472 - 474 - 476 - 477 - 478 - 479 - 480 - 481 - 482 - 483 - 484 - 485 - 486 - 487 - 488 - 489 - 490 - 492 - 493 - 494 - 495 - 497 - 498 - 499,21113162.6,0.0,92183,94001,28.73,Cost: 92183 & Capacity: 94001
0 - 1 - 3 - 4 - 5 - 6 - 7 - 8 - 9 - 10 - 12 - 13 - 14 - 19 - 20 - 22 - 23 - 24 - 26 - 27 - 28 - 30 - 31 - 32 - 33 - 35 - 39 - 40 - 41 - 42 - 43 - 44 - 45 - 48 - 49 - 50 - 52 - 56 - 58 - 59 - 61 - 64 - 69 - 70 - 71 - 72 - 74 - 79 - 82 - 83 - 84 - 85 - 86 - 90 - 91 - 92 - 93 - 95 - 98 - 100 - 103 - 104 - 105 - 106 - 107 - 109 - 111 - 112 - 113 - 117 - 121 - 122 - 124 - 125 - 126 - 127 - 128 - 132 - 134 - 135 - 136 - 137 - 142 - 143 - 144 - 145 - 146 - 147 - 149 - 152 - 153 - 154 - 155 - 156 - 157 - 158 - 160 - 161 - 164 - 165 - 167 - 168 - 169 - 170 - 171 - 172 - 174 - 175 - 176 - 177 - 180 - 181 - 184 - 187 - 189 - 192 - 193 - 194 - 195 - 196 - 198 - 201 - 202 - 203 - 204 - 205 - 206 - 208 - 209 - 210 - 211 - 212 - 214 - 216 - 224 - 225 - 226 - 227 - 229 - 230 - 233 - 234 - 235 - 236 - 237 - 240 - 241 - 244 - 245 - 246 - 248 - 249 - 251 - 254 - 255 - 257 - 259 - 261 - 264 - 265 - 266 - 267 - 269 - 270 - 272 - 275 - 278 - 279 - 280 - 281 - 282 - 285 - 289 - 291 - 296 - 297 - 298 - 300 - 304 - 306 - 308 - 309 - 310 - 314 - 317 - 319 - 320 - 325 - 328 - 329 - 331 - 332 - 335 - 337 - 339 - 341 - 344 - 346 - 351 - 352 - 353 - 355 - 356 - 357 - 359 - 362 - 365 - 370 - 374 - 376 - 380 - 385 - 387 - 388 - 389 - 390 - 391 - 392 - 394 - 395 - 397 - 399 - 400 - 401 - 403 - 404 - 405 - 406 - 407 - 408 - 411 - 413 - 415 - 416 - 417 - 418 - 423 - 426 - 428 - 430 - 434 - 435 - 436 - 438 - 439 - 442 - 443 - 445 - 446 - 448 - 449 - 450 - 451 - 453 - 454 - 455 - 456 - 458 - 459 - 460 - 461 - 463 - 464 - 465 - 466 - 468 - 469 - 470 - 471 - 472 - 474 - 476 - 477 - 478 - 479 - 480 - 481 - 482 - 483 - 484 - 485 - 486 - 487 - 488 - 489 - 490 - 492 - 493 - 494 - 495 - 497 - 498 - 499,21452875.5,0.0,94091,95770,30.39,Cost: 94091 & Capacity: 95770
0 - 1 - 3 - 4 - 5 - 6 - 7 - 8 - 9 - 10 - 12 - 13 - 14 - 19 - 20 - 22 - 23 - 24 - 26 - 27 - 28 - 30 - 31 - 32 - 33 - 35 - 39 - 40 - 41 - 42 - 43 - 44 - 45 - 48 - 49 - 50 - 52 - 56 - 58 - 59 - 61 - 64 - 69 - 70 - 71 - 72 - 74 - 79 - 82 - 83 - 84 - 85 - 86 - 90 - 91 - 92 - 93 - 95 - 98 - 100 - 103 - 104 - 105 - 106 - 107 - 109 - 111 - 112 - 113 - 117 - 121 - 122 - 124 - 125 - 126 - 127 - 128 - 132 - 134 - 135 - 136 - 137 - 142 - 143 - 144 - 145 - 146 - 147 - 149 - 152 - 153 - 154 - 155 - 156 - 157 - 158 - 160 - 161 - 164 - 165 - 167 - 168 - 169 - 170 - 171 - 172 - 174 - 175 - 176 - 177 - 180 - 181 - 184 - 187 - 189 - 192 - 193 - 194 - 195 - 196 - 198 - 201 - 202 - 203 - 204 - 205 - 206 - 208 - 209 - 210 - 211 - 212 - 214 - 216 - 224 - 225 - 226 - 227 - 229 - 230 - 233 - 234 - 235 - 236 - 237 - 240 - 241 - 244 - 245 - 246 - 248 - 249 - 251 - 254 - 255 - 257 - 259 - 261 - 264 - 265 - 266 - 267 - 269 - 270 - 272 - 275 - 278 - 279 - 280 - 281 - 282 - 285 - 289 - 291 - 296 - 297 - 298 - 300 - 304 - 306 - 308 - 309 - 310 - 314 - 317 - 319 - 320 - 325 - 328 - 329 - 331 - 332 - 335 - 337 - 339 - 341 - 344 - 346 - 351 - 352 - 353 - 355 - 356 - 357 - 359 - 362 - 365 - 370 - 374 - 376 - 380 - 385 - 387 - 388 - 389 - 390 - 391 - 392 - 394 - 395 - 397 - 399 - 400 - 401 - 403 - 404 - 405 - 406 - 407 - 408 - 411 - 413 - 415 - 416 - 417 - 418 - 423 - 426 - 428 - 430 - 434 - 435 - 436 - 438 - 439 - 442 - 443 - 445 - 446 - 448 - 449 - 450 - 451 - 453 - 454 - 455 - 456 - 458 - 459 - 460 - 461 - 463 - 464 - 465 - 466 - 468 - 469 - 470 - 471 - 472 - 474 - 476 - 477 - 478 - 479 - 480 - 481 - 482 - 483 - 484 - 485 - 486 - 487 - 488 - 489 - 490 - 492 - 493 - 494 - 495 - 497 - 498 - 499,21452875.5,0.0,94091,95770,31.06,Cost: 94091 & Capacity: 95770
0 - 1 - 4 - 5 - 6 - 8 - 10 - 13 - 14 - 17 - 20 - 22 - 23 - 26 - 27 - 28 - 30 - 31 - 33 - 35 - 39 - 40 - 41 - 42 - 44 - 45 - 47 - 48 - 49 - 50 - 52 - 56 - 58 - 63 - 64 - 69 - 70 - 72 - 73 - 74 - 79 - 82 - 83 - 85 - 92 - 93 - 95 - 96 - 98 - 99 - 100 - 104 - 105 - 106 - 107 - 109 - 112 - 117 - 121 - 122 - 123 - 125 - 126 - 128 - 133 - 135 - 136 - 138 - 144 - 145 - 148 - 150 - 152 - 154 - 158 - 163 - 164 - 165 - 167 - 168 - 175 - 176 - 180 - 181 - 184 - 189 - 192 - 193 - 194 - 198 - 201 - 203 - 205 - 206 - 207 - 208 - 209 - 210 - 211 - 212 - 216 - 219 - 220 - 225 - 229 - 230 - 233 - 234 - 235 - 236 - 237 - 241 - 243 - 244 - 245 - 247 - 248 - 249 - 250 - 251 - 252 - 254 - 255 - 257 - 259 - 260 - 263 - 264 - 265 - 267 - 269 - 270 - 272 - 275 - 280 - 282 - 283 - 287 - 288 - 289 - 291 - 292 - 296 - 297 - 304 - 307 - 308 - 309 - 315 - 317 - 319 - 324 - 325 - 328 - 329 - 331 - 335 - 337 - 338 - 341 - 342 - 346 - 347 - 348 - 351 - 352 - 356 - 357 - 360 - 362 - 365 - 370 - 373 - 374 - 375 - 380 - 387 - 389 - 391 - 392 - 394 - 395 - 397 - 399 - 400 - 401 - 403 - 407 - 408 - 411 - 412 - 413 - 415 - 416 - 417 - 423 - 425 - 427 - 428 - 429 - 433 - 434 - 438 - 441 - 442 - 443 - 445 - 446 - 448 - 449 - 450 - 451 - 453 - 454 - 455 - 456 - 465 - 470 - 471 - 472 - 475 - 479 - 481 - 482 - 483 - 485 - 486 - 487 - 488 - 489 - 490 - 494 - 495 - 496 - 499,13823099.9,4.1,94095,85493,31.49,Cost: 94095 & Capacity: 85493
0 - 5 - 6 - 9 - 12 - 18 - 25 - 39 - 53 - 56 - 61 - 66 - 68 - 71 - 80 - 87 - 90 - 96 - 97 - 107 - 114 - 122 - 129 - 133 - 139 - 143 - 144 - 149 - 151 - 154 - 163 - 171 - 185 - 190 - 219 - 220 - 229 - 235 - 239 - 249 - 255 - 257 - 258 - 267 - 271 - 275 - 281 - 283 - 284 - 289 - 290 - 291 - 294 - 295 - 298 - 302 - 306 - 307 - 309 - 318 - 324 - 331 - 338 - 339 - 348 - 353 - 356 - 357 - 358 - 359 - 373 - 374 - 375 - 379 - 400 - 417 - 428 - 431 - 437 - 440 - 443 - 453 - 456 - 457 - 472 - 475 - 480,1968113.2,35.1,63853,52315,35.1,Cost: 63853 & Capacity: 52315
0 - 1 - 3 - 4 - 5 - 6 - 7 - 8 - 9 - 10 - 12 - 13 - 14 - 19 - 20 - 22 - 23 - 24 - 26 - 27 - 28 - 30 - 31 - 32 - 33 - 35 - 39 - 40 - 41 - 42 - 43 - 44 - 45 - 48 - 49 - 50 - 52 - 56 - 58 - 59 - 61 - 64 - 69 - 70 - 71 - 72 - 74 - 79 - 82 - 83 - 84 - 85 - 86 - 90 - 91 - 92 - 93 - 95 - 98 - 100 - 103 - 104 - 105 - 106 - 107 - 109 - 111 - 112 - 113 - 117 - 121 - 122 - 124 - 125 - 126 - 127 - 128 - 132 - 134 - 135 - 136 - 137 - 142 - 143 - 144 - 145 - 146 - 147 - 149 - 152 - 153 - 154 - 155 - 156 - 157 - 158 - 160 - 161 - 164 - 165 - 167 - 168 - 169 - 170 - 171 - 172 - 174 - 175 - 176 - 177 - 180 - 181 - 184 - 187 - 189 - 192 - 193 - 194 - 195 - 196 - 198 - 201 - 202 - 203 - 204 - 205 - 206 - 208 - 209 - 210 - 211 - 212 - 214 - 216 - 224 - 225 - 226 - 227 - 229 - 230 - 233 - 234 - 235 - 236 - 237 - 240 - 241 - 244 - 245 - 246 - 248 - 249 - 251 - 254 - 255 - 257 - 259 - 261 - 264 - 265 - 266 - 267 - 269 - 270 - 272 - 275 - 278 - 279 - 280 - 281 - 282 - 285 - 289 - 291 - 296 - 297 - 298 - 300 - 304 - 306 - 308 - 309 - 310 - 314 - 317 - 319 - 320 - 325 - 328 - 329 - 331 - 332 - 335 - 337 - 339 - 341 - 344 - 346 - 351 - 352 - 353 - 355 - 356 - 357 - 359 - 362 - 365 - 370 - 374 - 376 - 380 - 385 - 387 - 388 - 389 - 390 - 391 - 392 - 394 - 395 - 397 - 399 - 400 - 401 - 403 - 404 - 405 - 406 - 407 - 408 - 411 - 413 - 415 - 416 - 417 - 418 - 423 - 426 - 428 - 430 - 434 - 435 - 436 - 438 - 439 - 442 - 443 - 445 - 446 - 448 - 449 - 450 - 451 - 453 - 454 - 455 - 456 - 458 - 459 - 460 - 461 - 463 - 464 - 465 - 466 - 468 - 469 - 470 - 471 - 472 - 474 - 476 - 477 - 478 - 479 - 480 - 481 - 482 - 483 - 484 - 485 - 486 - 487 - 488 - 489 - 490 - 492 - 493 - 494 - 495 - 497 - 498 - 499,21452875.5,0.0,94091,95770,36.5,Cost: 94091 & Capacity: 95770
0 - 1 - 3 - 4 - 5 - 6 - 8 - 9 - 10 - 12 - 13 - 14 - 20 - 22 - 23 - 24 - 26 - 27 - 28 - 30 - 31 - 33 - 35 - 39 - 40 - 41 - 42 - 44 - 45 - 47 - 48 - 49 - 50 - 52 - 56 - 58 - 61 - 64 - 69 - 70 - 71 - 72 - 74 - 79 - 81 - 82 - 83 - 84 - 85 - 90 - 91 - 92 - 93 - 95 - 98 - 99 - 100 - 102 - 104 - 105 - 106 - 107 - 109 - 111 - 112 - 113 - 117 - 121 - 122 - 125 - 126 - 128 - 132 - 134 - 136 - 143 - 144 - 145 - 147 - 148 - 149 - 152 - 153 - 154 - 155 - 157 - 158 - 160 - 164 - 165 - 167 - 168 - 169 - 170 - 171 - 172 - 174 - 175 - 176 - 180 - 181 - 184 - 187 - 189 - 192 - 193 - 194 - 195 - 196 - 198 - 201 - 203 - 204 - 205 - 206 - 208 - 209 - 210 - 211 - 212 - 216 - 220 - 225 - 226 - 229 - 230 - 233 - 234 - 235 - 236 - 237 - 240 - 241 - 242 - 244 - 245 - 247 - 248 - 249 - 250 - 251 - 254 - 255 - 257 - 259 - 261 - 264 - 265 - 266 - 267 - 270 - 272 - 275 - 279 - 280 - 281 - 282 - 283 - 285 - 289 - 291 - 296 - 297 - 298 - 304 - 306 - 307 - 308 - 309 - 310 - 314 - 317 - 319 - 320 - 325 - 327 - 328 - 329 - 331 - 332 - 335 - 337 - 339 - 341 - 344 - 346 - 351 - 352 - 355 - 356 - 357 - 359 - 361 - 362 - 365 - 370 - 373 - 374 - 376 - 380 - 385 - 387 - 388 - 389 - 390 - 391 - 392 - 394 - 395 - 397 - 399 - 400 - 401 - 403 - 404 - 405 - 406 - 407 - 408 - 413 - 415 - 416 - 417 - 418 - 422 - 423 - 428 - 434 - 435 - 438 - 439 - 442 - 443 - 445 - 446 - 448 - 449 - 451 - 453 - 455 - 456 - 458 - 459 - 460 - 461 - 463 - 464 - 465 - 466 - 467 - 470 - 471 - 472 - 475 - 478 - 479 - 480 - 481 - 482 - 483 - 484 - 485 - 486 - 487 - 488 - 489 - 490 - 492 - 493 - 494 - 495 - 498 - 499,18687630.8,1.1,94081,93202,37.13,Cost: 94081 & Capacity: 93202
0 - 1 - 3 - 4 - 5 - 6 - 7 - 8 - 9 - 10 - 12 - 13 - 14 - 19 - 20 - 22 - 23 - 24 - 26 - 27 - 28 - 30 - 31 - 32 - 33 - 35 - 39 - 40 - 41 - 42 - 43 - 44 - 45 - 48 - 49 - 50 - 52 - 56 - 58 - 59 - 61 - 64 - 69 - 70 - 71 - 72 - 74 - 79 - 82 - 83 - 84 - 85 - 86 - 90 - 91 - 92 - 93 - 95 - 98 - 100 - 103 - 104 - 105 - 106 - 107 - 109 - 111 - 112 - 113 - 117 - 121 - 122 - 124 - 125 - 126 - 127 - 128 - 132 - 134 - 135 - 136 - 137 - 142 - 143 - 144 - 145 - 146 - 147 - 149 - 152 - 153 - 154 - 155 - 156 - 157 - 158 - 160 - 161 - 164 - 165 - 167 - 168 - 169 - 170 - 171 - 172 - 174 - 175 - 176 - 177 - 180 - 181 - 184 - 187 - 189 - 192 - 193 - 194 - 195 - 196 - 198 - 201 - 202 - 203 - 204 - 205 - 206 - 208 - 209 - 210 - 211 - 212 - 214 - 216 - 224 - 225 - 226 - 227 - 229 - 230 - 233 - 234 - 235 - 236 - 237 - 240 - 241 - 244 - 245 - 246 - 248 - 249 - 251 - 254 - 255 - 257 - 259 - 261 - 264 - 265 - 266 - 267 - 269 - 270 - 272 - 275 - 278 - 279 - 280 - 281 - 282 - 285 - 289 - 291 - 296 - 297 - 298 - 300 - 304 - 306 - 308 - 309 - 310 - 314 - 317 - 319 - 320 - 325 - 328 - 329 - 331 - 332 - 335 - 337 - 339 - 341 - 344 - 346 - 351 - 352 - 353 - 355 - 356 - 357 - 359 - 362 - 365 - 370 - 374 - 376 - 380 - 385 - 387 - 388 - 389 - 390 - 391 - 392 - 394 - 395 - 397 - 399 - 400 - 401 - 403 - 404 - 405 - 406 - 407 - 408 - 411 - 413 - 415 - 416 - 417 - 418 - 423 - 426 - 428 - 430 - 434 - 435 - 436 - 438 - 439 - 442 - 443 - 445 - 446 - 448 - 449 - 450 - 451 - 453 - 454 - 455 - 456 - 458 - 459 - 460 - 461 - 463 - 464 - 465 - 466 - 468 - 469 - 470 - 471 - 472 - 474 - 476 - 477 - 478 - 479 - 480 - 481 - 482 - 483 - 484 - 485 - 486 - 487 - 488 - 489 - 490 - 492 - 493 - 494 - 495 - 497 - 498 - 499,21452875.5,0.0,94091,95770,37.95,Cost: 94091 & Capacity: 95770
0 - 3 - 4 - 6 - 8 - 10 - 12 - 13 - 15 - 16 - 22 - 26 - 27 - 31 - 34 - 38 - 44 - 45 - 47 - 52 - 58 - 64 - 72 - 78 - 79 - 81 - 82 - 86 - 87 - 95 - 98 - 100 - 104 - 106 - 109 - 112 - 113 - 117 - 121 - 122 - 123 - 125 - 126 - 134 - 135 - 136 - 139 - 143 - 144 - 145 - 147 - 149 - 150 - 154 - 155 - 162 - 165 - 172 - 174 - 175 - 176 - 179 - 181 - 184 - 189 - 192 - 195 - 198 - 206 - 209 - 216 - 225 - 226 - 227 - 229 - 232 - 233 - 234 - 236 - 243 - 244 - 245 - 248 - 249 - 251 - 259 - 266 - 268 - 272 - 275 - 276 - 278 - 282 - 283 - 286 - 297 - 300 - 304 - 306 - 307 - 309 - 310 - 311 - 315 - 318 - 322 - 323 - 324 - 329 - 330 - 332 - 335 - 336 - 338 - 339 - 341 - 342 - 343 - 346 - 347 - 348 - 349 - 354 - 357 - 358 - 359 - 361 - 365 - 369 - 373 - 376 - 379 - 380 - 382 - 386 - 387 - 389 - 392 - 395 - 396 - 397 - 398 - 399 - 400 - 405 - 407 - 408 - 409 - 413 - 416 - 418 - 422 - 427 - 428 - 431 - 432 - 433 - 442 - 443 - 445 - 446 - 448 - 449 - 450 - 451 - 452 - 454 - 455 - 456 - 458 - 461 - 463 - 465 - 470 - 471 - 472 - 478 - 479 - 481 - 482 - 484 - 485 - 486 - 488 - 489 - 490 - 495 - 496,8969148.3,9.0,94070,82229,38.33,Cost: 94070 & Capacity: 82229
0 - 4 - 6 - 9 - 15 - 16 - 18 - 22 - 24 - 26 - 27 - 29 - 31 - 34 - 37 - 44 - 45 - 47 - 49 - 55 - 56 - 58 - 61 - 66 - 76 - 79 - 81 - 87 - 95 - 96 - 98 - 99 - 100 - 102 - 104 - 107 - 108 - 109 - 112 - 113 - 114 - 121 - 122 - 123 - 126 - 136 - 139 - 143 - 145 - 147 - 149 - 150 - 151 - 154 - 159 - 174 - 175 - 176 - 179 - 184 - 189 - 190 - 192 - 195 - 200 - 206 - 209 - 211 - 212 - 213 - 216 - 217 - 220 - 226 - 227 - 229 - 232 - 234 - 236 - 241 - 248 - 249 - 252 - 256 - 266 - 268 - 278 - 282 - 283 - 286 - 297 - 301 - 306 - 307 - 309 - 310 - 311 - 318 - 322 - 323 - 324 - 329 - 330 - 332 - 335 - 336 - 341 - 346 - 347 - 348 - 357 - 359 - 361 - 369 - 373 - 376 - 379 - 386 - 387 - 388 - 392 - 395 - 396 - 397 - 405 - 408 - 409 - 416 - 418 - 422 - 426 - 428 - 431 - 432 - 434 - 442 - 443 - 445 - 448 - 452 - 454 - 455 - 456 - 458 - 465 - 470 - 472 - 475 - 478 - 481 - 484 - 485 - 486 - 488 - 490 - 491 - 492 - 496,6266765.2,14.5,92832,76108,38.34,Cost: 92832 & Capacity: 76108
0 - 1 - 3 - 4 - 5 - 6 - 7 - 8 - 10 - 12 - 13 - 14 - 20 - 22 - 23 - 24 - 26 - 27 - 28 - 30 - 31 - 32 - 33 - 35 - 39 - 40 - 41 - 42 - 44 - 45 - 48 - 49 - 50 - 56 - 58 - 59 - 61 - 63 - 64 - 69 - 70 - 71 - 72 - 74 - 79 - 81 - 82 - 83 - 84 - 85 - 86 - 88 - 90 - 91 - 92 - 93 - 95 - 98 - 99 - 100 - 102 - 104 - 105 - 106 - 107 - 109 - 111 - 112 - 113 - 117 - 121 - 122 - 125 - 126 - 128 - 132 - 133 - 134 - 135 - 136 - 137 - 142 - 143 - 144 - 145 - 147 - 148 - 149 - 152 - 153 - 154 - 155 - 157 - 158 - 160 - 164 - 165 - 167 - 168 - 169 - 170 - 171 - 172 - 174 - 175 - 176 - 177 - 180 - 181 - 184 - 187 - 189 - 192 - 193 - 194 - 195 - 196 - 198 - 201 - 202 - 203 - 204 - 205 - 206 - 208 - 209 - 210 - 211 - 212 - 216 - 224 - 225 - 226 - 229 - 230 - 233 - 234 - 235 - 236 - 237 - 240 - 241 - 242 - 245 - 246 - 248 - 249 - 250 - 251 - 254 - 255 - 257 - 259 - 261 - 264 - 265 - 266 - 267 - 269 - 270 - 272 - 275 - 278 - 279 - 280 - 281 - 282 - 285 - 289 - 291 - 292 - 296 - 297 - 298 - 304 - 306 - 308 - 309 - 310 - 314 - 317 - 319 - 320 - 325 - 327 - 328 - 329 - 331 - 332 - 335 - 337 - 339 - 341 - 344 - 346 - 351 - 352 - 355 - 356 - 357 - 359 - 362 - 365 - 370 - 374 - 376 - 380 - 385 - 387 - 388 - 389 - 390 - 391 - 392 - 394 - 395 - 397 - 399 - 400 - 401 - 403 - 404 - 405 - 406 - 407 - 408 - 411 - 413 - 415 - 416 - 417 - 418 - 423 - 424 - 428 - 430 - 434 - 435 - 438 - 439 - 442 - 443 - 445 - 446 - 448 - 449 - 451 - 453 - 455 - 456 - 458 - 459 - 460 - 461 - 463 - 464 - 465 - 466 - 467 - 468 - 470 - 471 - 472 - 474 - 476 - 477 - 478 - 479 - 480 - 481 - 482 - 483 - 484 - 485 - 486 - 487 - 488 - 489 - 490 - 492 - 493 - 494 - 495 - 498 - 499,20296043.0,0.6,94111,95884,41.04,Cost: 94111 & Capacity: 95884
6 - 8 - 10 - 12 - 15 - 16 - 17 - 20 - 22 - 27 - 31 - 33 - 34 - 37 - 39 - 40 - 41 - 44 - 46 - 47 - 49 - 50 - 58 - 62 - 79 - 81 - 85 - 96 - 99 - 100 - 103 - 105 - 112 - 114 - 122 - 123 - 126 - 130 - 132 - 136 - 139 - 141 - 145 - 147 - 149 - 151 - 152 - 154 - 162 - 164 - 171 - 175 - 176 - 183 - 184 - 185 - 186 - 188 - 192 - 193 - 195 - 205 - 206 - 209 - 212 - 215 - 216 - 217 - 220 - 226 - 229 - 232 - 233 - 234 - 236 - 241 - 242 - 243 - 245 - 249 - 252 - 254 - 259 - 267 - 275 - 276 - 280 - 283 - 288 - 292 - 298 - 299 - 307 - 311 - 313 - 315 - 316 - 317 - 318 - 319 - 323 - 324 - 327 - 328 - 329 - 333 - 335 - 340 - 341 - 343 - 348 - 349 - 355 - 356 - 359 - 362 - 373 - 374 - 375 - 379 - 385 - 387 - 391 - 392 - 398 - 399 - 400 - 405 - 407 - 410 - 412 - 413 - 415 - 416 - 417 - 421 - 422 - 423 - 425 - 427 - 428 - 432 - 434 - 442 - 443 - 444 - 445 - 446 - 448 - 454 - 455 - 456 - 458 - 463 - 465 - 471 - 472 - 473 - 475 - 476 - 481 - 485 - 489 - 490 - 496,6889560.1,11.9,94068,77288,42.42,Cost: 94068 & Capacity: 77288
0 - 1 - 3 - 4 - 5 - 6 - 7 - 8 - 9 - 10 - 12 - 13 - 14 - 19 - 20 - 22 - 23 - 24 - 26 - 27 - 28 - 30 - 31 - 32 - 33 - 35 - 39 - 40 - 41 - 42 - 43 - 44 - 45 - 48 - 49 - 50 - 52 - 56 - 58 - 59 - 61 - 64 - 69 - 70 - 71 - 72 - 74 - 79 - 82 - 83 - 84 - 85 - 86 - 90 - 91 - 92 - 93 - 95 - 98 - 100 - 103 - 104 - 105 - 106 - 107 - 109 - 111 - 112 - 113 - 117 - 121 - 122 - 124 - 125 - 126 - 127 - 128 - 132 - 134 - 135 - 136 - 137 - 142 - 143 - 144 - 145 - 146 - 147 - 149 - 152 - 153 - 154 - 155 - 156 - 157 - 158 - 160 - 161 - 164 - 165 - 167 - 168 - 169 - 170 - 171 - 172 - 174 - 175 - 176 - 177 - 180 - 181 - 184 - 187 - 189 - 192 - 193 - 194 - 195 - 196 - 198 - 201 - 202 - 203 - 204 - 205 - 206 - 208 - 209 - 210 - 211 - 212 - 214 - 216 - 224 - 225 - 226 - 227 - 229 - 230 - 233 - 234 - 235 - 236 - 237 - 240 - 241 - 244 - 245 - 246 - 248 - 249 - 251 - 254 - 255 - 257 - 259 - 261 - 264 - 265 - 266 - 267 - 269 - 270 - 272 - 275 - 278 - 279 - 280 - 281 - 282 - 285 - 289 - 291 - 296 - 297 - 298 - 300 - 304 - 306 - 308 - 309 - 310 - 314 - 317 - 319 - 320 - 325 - 328 - 329 - 331 - 332 - 335 - 337 - 339 - 341 - 344 - 346 - 351 - 352 - 353 - 355 - 356 - 357 - 359 - 362 - 365 - 370 - 374 - 376 - 380 - 385 - 387 - 388 - 389 - 390 - 391 - 392 - 394 - 395 - 397 - 399 - 400 - 401 - 403 - 404 - 405 - 406 - 407 - 408 - 411 - 413 - 415 - 416 - 417 - 418 - 423 - 426 - 428 - 430 - 434 - 435 - 436 - 438 - 439 - 442 - 443 - 445 - 446 - 448 - 449 - 450 - 451 - 453 - 454 - 455 - 456 - 458 - 459 - 460 - 461 - 463 - 464 - 465 - 466 - 468 - 469 - 470 - 471 - 472 - 474 - 476 - 477 - 478 - 479 - 480 - 481 - 482 - 483 - 484 - 485 - 486 - 487 - 488 - 489 - 490 - 492 - 493 - 494 - 495 - 497 - 498 - 499,21452875.5,0.0,94091,95770,42.78,Cost: 94091 & Capacity: 95770
0 - 1 - 3 - 4 - 5 - 6 - 7 - 8 - 9 - 10 - 12 - 13 - 14 - 19 - 20 - 22 - 23 - 24 - 26 - 27 - 28 - 30 - 31 - 32 - 33 - 35 - 39 - 40 - 41 - 42 - 43 - 44 - 45 - 48 - 49 - 50 - 52 - 56 - 58 - 59 - 61 - 64 - 69 - 70 - 71 - 72 - 74 - 79 - 82 - 83 - 84 - 85 - 86 - 90 - 91 - 92 - 93 - 95 - 98 - 100 - 103 - 104 - 105 - 106 - 107 - 109 - 111 - 112 - 113 - 117 - 121 - 122 - 124 - 125 - 126 - 127 - 128 - 132 - 134 - 135 - 136 - 137 - 142 - 143 - 144 - 145 - 146 - 147 - 149 - 152 - 153 - 154 - 155 - 156 - 157 - 158 - 160 - 161 - 164 - 165 - 167 - 168 - 169 - 170 - 171 - 172 - 174 - 175 - 176 - 177 - 180 - 181 - 184 - 187 - 189 - 192 - 193 - 194 - 195 - 196 - 198 - 201 - 202 - 203 - 204 - 205 - 206 - 208 - 209 - 210 - 211 - 212 - 214 - 216 - 224 - 225 - 226 - 227 - 229 - 230 - 233 - 234 - 235 - 236 - 237 - 240 - 241 - 244 - 245 - 246 - 248 - 249 - 251 - 254 - 255 - 257 - 259 - 261 - 264 - 265 - 266 - 267 - 269 - 270 - 272 - 275 - 278 - 279 - 280 - 281 - 282 - 285 - 289 - 291 - 296 - 297 - 298 - 300 - 304 - 306 - 308 - 309 - 310 - 314 - 317 - 319 - 320 - 325 - 328 - 329 - 331 - 332 - 335 - 337 - 339 - 341 - 344 - 346 - 351 - 352 - 353 - 355 - 356 - 357 - 359 - 362 - 365 - 370 - 374 - 376 - 380 - 385 - 387 - 388 - 389 - 390 - 391 - 392 - 394 - 395 - 397 - 399 - 400 - 401 - 403 - 404 - 405 - 406 - 407 - 408 - 411 - 413 - 415 - 416 - 417 - 418 - 423 - 426 - 428 - 430 - 434 - 435 - 436 - 438 - 439 - 442 - 443 - 445 - 446 - 448 - 449 - 450 - 451 - 453 - 454 - 455 - 456 - 458 - 459 - 460 - 461 - 463 - 464 - 465 - 466 - 468 - 469 - 470 - 471 - 472 - 474 - 476 - 477 - 478 - 479 - 480 - 481 - 482 - 483 - 484 - 485 - 486 - 487 - 488 - 489 - 490 - 492 - 493 - 494 - 495 - 497 - 498 - 499,21452875.5,0.0,94091,95770,45.7,Cost: 94091 & Capacity: 95770
0 - 1 - 3 - 4 - 5 - 6 - 7 - 8 - 9 - 10 - 12 - 13 - 14 - 19 - 20 - 22 - 23 - 24 - 26 - 27 - 28 - 30 - 31 - 32 - 33 - 35 - 39 - 40 - 41 - 42 - 43 - 44 - 45 - 48 - 49 - 50 - 52 - 56 - 58 - 59 - 61 - 64 - 69 - 70 - 71 - 72 - 74 - 79 - 82 - 83 - 84 - 85 - 86 - 90 - 91 - 92 - 93 - 95 - 98 - 100 - 103 - 104 - 105 - 106 - 107 - 109 - 111 - 112 - 113 - 117 - 121 - 122 - 124 - 125 - 126 - 127 - 128 - 132 - 134 - 135 - 136 - 137 - 142 - 143 - 144 - 145 - 146 - 147 - 149 - 152 - 153 - 154 - 155 - 156 - 157 - 158 - 160 - 161 - 164 - 165 - 167 - 168 - 169 - 170 - 171 - 172 - 174 - 175 - 176 - 177 - 180 - 181 - 184 - 187 - 189 - 192 - 193 - 194 - 195 - 196 - 198 - 201 - 202 - 203 - 204 - 205 - 206 - 208 - 209 - 210 - 211 - 212 - 214 - 216 - 224 - 225 - 226 - 227 - 229 - 230 - 233 - 234 - 235 - 236 - 237 - 240 - 241 - 244 - 245 - 246 - 248 - 249 - 251 - 254 - 255 - 257 - 259 - 261 - 264 - 265 - 266 - 267 - 269 - 270 - 272 - 275 - 278 - 279 - 280 - 281 - 282 - 285 - 289 - 291 - 296 - 297 - 298 - 300 - 304 - 306 - 308 - 309 - 310 - 314 - 317 - 319 - 320 - 325 - 328 - 329 - 331 - 332 - 335 - 337 - 339 - 341 - 344 - 346 - 351 - 352 - 353 - 355 - 356 - 357 - 359 - 362 - 365 - 370 - 374 - 376 - 380 - 385 - 387 - 388 - 389 - 390 - 391 - 392 - 394 - 395 - 397 - 399 - 400 - 401 - 403 - 404 - 405 - 406 - 407 - 408 - 411 - 413 - 415 - 416 - 417 - 418 - 423 - 426 - 428 - 430 - 434 - 435 - 436 - 438 - 439 - 442 - 443 - 445 - 446 - 448 - 449 - 450 - 451 - 453 - 454 - 455 - 456 - 458 - 459 - 460 - 461 - 463 - 464 - 465 - 466 - 468 - 469 - 470 - 471 - 472 - 474 - 476 - 477 - 478 - 479 - 480 - 481 - 482 - 483 - 484 - 485 - 486 - 487 - 488 - 489 - 490 - 492 - 493 - 494 - 495 - 497 - 498 - 499,21452875.5,0.0,94091,95770,46.22,Cost: 94091 & Capacity: 95770
0 - 1 - 3 - 4 - 6 - 7 - 9 - 10 - 12 - 13 - 14 - 15 - 19 - 20 - 22 - 23 - 24 - 26 - 27 - 28 - 30 - 31 - 32 - 33 - 35 - 39 - 40 - 42 - 43 - 44 - 45 - 48 - 49 - 50 - 52 - 56 - 58 - 59 - 61 - 63 - 64 - 69 - 70 - 71 - 72 - 74 - 79 - 82 - 83 - 84 - 85 - 86 - 88 - 90 - 91 - 92 - 93 - 95 - 98 - 100 - 103 - 104 - 105 - 106 - 107 - 109 - 111 - 112 - 113 - 117 - 121 - 122 - 124 - 125 - 126 - 127 - 128 - 134 - 135 - 136 - 137 - 142 - 143 - 145 - 146 - 147 - 149 - 152 - 153 - 154 - 156 - 157 - 158 - 160 - 161 - 164 - 165 - 167 - 168 - 169 - 170 - 171 - 172 - 174 - 175 - 176 - 177 - 179 - 180 - 181 - 184 - 187 - 189 - 192 - 193 - 194 - 195 - 196 - 197 - 198 - 202 - 203 - 205 - 206 - 208 - 209 - 210 - 211 - 212 - 214 - 216 - 224 - 225 - 226 - 227 - 229 - 230 - 232 - 233 - 234 - 235 - 236 - 237 - 240 - 241 - 244 - 245 - 246 - 248 - 249 - 251 - 254 - 255 - 259 - 261 - 264 - 265 - 266 - 267 - 268 - 269 - 270 - 272 - 275 - 278 - 279 - 280 - 281 - 282 - 285 - 289 - 291 - 296 - 297 - 298 - 300 - 304 - 306 - 308 - 309 - 310 - 314 - 317 - 319 - 320 - 325 - 328 - 329 - 331 - 332 - 335 - 337 - 339 - 341 - 344 - 346 - 351 - 352 - 353 - 355 - 356 - 357 - 359 - 362 - 365 - 370 - 374 - 376 - 380 - 385 - 387 - 388 - 389 - 390 - 391 - 392 - 394 - 395 - 397 - 399 - 400 - 401 - 403 - 405 - 406 - 407 - 408 - 411 - 413 - 417 - 418 - 423 - 426 - 428 - 430 - 434 - 435 - 436 - 438 - 439 - 442 - 443 - 445 - 446 - 448 - 449 - 450 - 451 - 453 - 454 - 458 - 459 - 460 - 461 - 463 - 464 - 465 - 466 - 468 - 469 - 470 - 471 - 472 - 474 - 476 - 477 - 478 - 479 - 480 - 481 - 482 - 483 - 484 - 485 - 486 - 487 - 488 - 489 - 490 - 492 - 493 - 494 - 495 - 497 - 498 - 499,20416719.0,0.0,88967,90868,46.16,Cost: 88967 & Capacity: 90868
0 - 6 - 8 - 10 - 12 - 15 - 17 - 20 - 22 - 27 - 29 - 30 - 31 - 33 - 34 - 37 - 40 - 44 - 47 - 50 - 58 - 61 - 66 - 94 - 95 - 98 - 99 - 100 - 103 - 105 - 108 - 112 - 113 - 114 - 117 - 121 - 123 - 126 - 132 - 134 - 136 - 139 - 145 - 150 - 151 - 153 - 154 - 162 - 163 - 171 - 175 - 176 - 188 - 193 - 194 - 195 - 196 - 204 - 205 - 206 - 215 - 216 - 217 - 220 - 225 - 226 - 227 - 229 - 233 - 234 - 235 - 236 - 240 - 242 - 243 - 244 - 245 - 249 - 252 - 254 - 255 - 257 - 264 - 266 - 267 - 272 - 275 - 276 - 283 - 285 - 292 - 298 - 301 - 304 - 306 - 307 - 318 - 320 - 323 - 324 - 327 - 328 - 329 - 331 - 332 - 335 - 336 - 337 - 338 - 339 - 341 - 342 - 343 - 346 - 348 - 349 - 353 - 355 - 356 - 359 - 361 - 373 - 379 - 386 - 387 - 390 - 391 - 392 - 396 - 399 - 400 - 403 - 404 - 405 - 407 - 408 - 410 - 412 - 413 - 416 - 417 - 421 - 422 - 428 - 429 - 431 - 432 - 434 - 442 - 443 - 444 - 445 - 446 - 448 - 450 - 451 - 454 - 455 - 456 - 458 - 459 - 461 - 463 - 465 - 466 - 471 - 472 - 475 - 478 - 481 - 487 - 488 - 489 - 490 - 496 - 498,7838484.4,10.8,93697,79252,46.59,Cost: 93697 & Capacity: 79252
8 - 10 - 16 - 17 - 18 - 22 - 27 - 29 - 31 - 33 - 34 - 37 - 44 - 45 - 47 - 50 - 61 - 64 - 66 - 67 - 79 - 94 - 95 - 96 - 97 - 99 - 100 - 101 - 102 - 103 - 105 - 108 - 113 - 114 - 121 - 123 - 126 - 132 - 134 - 136 - 139 - 142 - 143 - 145 - 147 - 150 - 151 - 153 - 154 - 162 - 163 - 171 - 175 - 184 - 186 - 187 - 192 - 193 - 194 - 195 - 201 - 204 - 205 - 212 - 214 - 215 - 216 - 217 - 227 - 229 - 234 - 235 - 236 - 242 - 243 - 244 - 252 - 254 - 255 - 264 - 267 - 275 - 283 - 286 - 294 - 297 - 298 - 301 - 304 - 306 - 307 - 318 - 320 - 323 - 327 - 328 - 332 - 335 - 336 - 340 - 341 - 346 - 348 - 349 - 355 - 361 - 373 - 376 - 379 - 390 - 391 - 392 - 396 - 403 - 405 - 408 - 409 - 410 - 413 - 417 - 421 - 422 - 426 - 428 - 429 - 431 - 432 - 434 - 442 - 443 - 444 - 445 - 449 - 454 - 455 - 458 - 459 - 461 - 462 - 465 - 466 - 471 - 472 - 475 - 478 - 481 - 482 - 484 - 488 - 489 - 490 - 494 - 496 - 498,5948199.3,15.8,93266,74358,46.6,Cost: 93266 & Capacity: 74358
0 - 1 - 3 - 4 - 6 - 7 - 8 - 9 - 10 - 12 - 13 - 14 - 15 - 19 - 20 - 22 - 23 - 24 - 26 - 27 - 28 - 30 - 31 - 32 - 33 - 35 - 39 - 40 - 42 - 43 - 44 - 45 - 48 - 49 - 50 - 52 - 56 - 58 - 59 - 61 - 63 - 64 - 69 - 70 - 71 - 72 - 74 - 79 - 82 - 83 - 84 - 85 - 86 - 88 - 90 - 91 - 92 - 93 - 95 - 98 - 100 - 103 - 104 - 105 - 106 - 107 - 109 - 111 - 112 - 113 - 117 - 121 - 122 - 124 - 125 - 126 - 127 - 128 - 134 - 135 - 136 - 137 - 142 - 143 - 144 - 145 - 146 - 147 - 149 - 152 - 153 - 154 - 156 - 157 - 158 - 160 - 161 - 164 - 165 - 167 - 168 - 169 - 170 - 171 - 172 - 174 - 175 - 176 - 177 - 179 - 180 - 181 - 184 - 187 - 189 - 192 - 193 - 194 - 195 - 196 - 197 - 198 - 201 - 202 - 203 - 205 - 206 - 208 - 209 - 210 - 211 - 212 - 214 - 216 - 224 - 225 - 226 - 227 - 229 - 230 - 232 - 233 - 234 - 235 - 236 - 237 - 240 - 241 - 244 - 245 - 246 - 247 - 248 - 249 - 251 - 254 - 255 - 259 - 261 - 264 - 265 - 266 - 267 - 268 - 269 - 270 - 272 - 275 - 278 - 279 - 280 - 281 - 282 - 285 - 289 - 291 - 296 - 297 - 298 - 300 - 304 - 306 - 308 - 309 - 310 - 314 - 317 - 319 - 320 - 325 - 328 - 329 - 331 - 332 - 335 - 337 - 339 - 341 - 344 - 346 - 351 - 352 - 353 - 355 - 356 - 357 - 359 - 362 - 365 - 370 - 374 - 376 - 380 - 385 - 387 - 388 - 389 - 390 - 391 - 392 - 394 - 395 - 397 - 399 - 400 - 401 - 403 - 405 - 406 - 407 - 408 - 411 - 413 - 417 - 418 - 423 - 426 - 428 - 430 - 434 - 435 - 436 - 438 - 439 - 442 - 443 - 445 - 446 - 448 - 449 - 450 - 451 - 453 - 454 - 455 - 456 - 458 - 459 - 460 - 461 - 463 - 464 - 465 - 466 - 468 - 469 - 470 - 471 - 472 - 474 - 476 - 477 - 478 - 479 - 480 - 481 - 482 - 483 - 484 - 485 - 486 - 487 - 488 - 489 - 490 - 492 - 493 - 494 - 495 - 497 - 498 - 499,21255166.9,0.0,92830,94350,46.76,Cost: 92830 & Capacity: 94350
0 - 1 - 3 - 4 - 6 - 7 - 9 - 10 - 12 - 13 - 14 - 15 - 19 - 20 - 22 - 23 - 24 - 26 - 27 - 28 - 30 - 31 - 32 - 33 - 35 - 39 - 40 - 42 - 43 - 44 - 45 - 48 - 49 - 50 - 52 - 56 - 58 - 59 - 61 - 63 - 64 - 69 - 70 - 71 - 72 - 74 - 79 - 82 - 83 - 84 - 85 - 86 - 88 - 90 - 91 - 92 - 93 - 95 - 98 - 100 - 103 - 104 - 105 - 106 - 107 - 109 - 111 - 112 - 113 - 117 - 121 - 122 - 124 - 125 - 126 - 127 - 128 - 134 - 135 - 136 - 137 - 142 - 143 - 144 - 145 - 146 - 147 - 149 - 152 - 153 - 154 - 156 - 157 - 158 - 160 - 161 - 164 - 165 - 167 - 168 - 169 - 170 - 171 - 172 - 174 - 175 - 176 - 177 - 179 - 180 - 181 - 184 - 187 - 189 - 192 - 193 - 194 - 195 - 196 - 197 - 198 - 201 - 202 - 203 - 205 - 206 - 208 - 209 - 210 - 211 - 212 - 214 - 216 - 224 - 225 - 226 - 227 - 229 - 230 - 232 - 233 - 234 - 235 - 236 - 237 - 240 - 241 - 244 - 245 - 246 - 247 - 248 - 249 - 251 - 254 - 255 - 259 - 261 - 264 - 265 - 266 - 267 - 268 - 269 - 270 - 272 - 275 - 278 - 279 - 280 - 281 - 282 - 285 - 289 - 291 - 296 - 297 - 298 - 300 - 304 - 306 - 308 - 309 - 310 - 314 - 317 - 319 - 320 - 325 - 328 - 329 - 331 - 332 - 335 - 337 - 339 - 341 - 344 - 346 - 351 - 352 - 353 - 355 - 356 - 357 - 359 - 362 - 365 - 370 - 374 - 376 - 380 - 385 - 387 - 388 - 389 - 390 - 391 - 392 - 394 - 395 - 397 - 399 - 400 - 401 - 403 - 405 - 406 - 407 - 408 - 411 - 413 - 417 - 418 - 423 - 426 - 428 - 430 - 434 - 435 - 436 - 438 - 439 - 442 - 443 - 445 - 446 - 448 - 449 - 450 - 451 - 453 - 454 - 455 - 456 - 458 - 459 - 460 - 461 - 463 - 464 - 465 - 466 - 468 - 469 - 470 - 471 - 472 - 474 - 476 - 477 - 478 - 479 - 480 - 481 - 482 - 483 - 484 - 485 - 486 - 487 - 488 - 489 - 490 - 492 - 493 - 494 - 495 - 497 - 498 - 499,21106753.8,0.0,92179,93993,46.76,Cost: 92179 & Capacity: 93993
0 - 1 - 3 - 4 - 6 - 7 - 9 - 10 - 12 - 13 - 14 - 15 - 19 - 20 - 22 - 23 - 24 - 26 - 27 - 28 - 30 - 31 - 32 - 33 - 35 - 39 - 40 - 42 - 43 - 44 - 45 - 48 - 49 - 50 - 52 - 56 - 58 - 59 - 61 - 63 - 64 - 69 - 70 - 71 - 72 - 74 - 79 - 82 - 83 - 84 - 85 - 86 - 88 - 90 - 91 - 92 - 93 - 95 - 98 - 100 - 103 - 104 - 105 - 106 - 107 - 109 - 111 - 112 - 113 - 117 - 121 - 122 - 124 - 125 - 126 - 127 - 128 - 134 - 135 - 136 - 137 - 142 - 143 - 145 - 146 - 147 - 149 - 152 - 154 - 156 - 157 - 158 - 160 - 161 - 164 - 165 - 167 - 168 - 169 - 170 - 171 - 172 - 174 - 175 - 176 - 177 - 179 - 180 - 181 - 184 - 187 - 189 - 192 - 193 - 194 - 195 - 196 - 197 - 198 - 202 - 203 - 205 - 206 - 208 - 209 - 210 - 211 - 212 - 214 - 216 - 224 - 225 - 226 - 227 - 229 - 230 - 232 - 233 - 234 - 235 - 236 - 237 - 240 - 241 - 244 - 245 - 246 - 248 - 249 - 251 - 254 - 255 - 259 - 261 - 264 - 265 - 266 - 267 - 268 - 269 - 270 - 272 - 275 - 278 - 279 - 280 - 281 - 282 - 285 - 289 - 291 - 296 - 297 - 298 - 300 - 304 - 306 - 308 - 309 - 310 - 314 - 317 - 319 - 320 - 325 - 328 - 329 - 331 - 332 - 335 - 337 - 339 - 341 - 344 - 346 - 351 - 352 - 353 - 355 - 356 - 357 - 359 - 362 - 365 - 370 - 374 - 376 - 380 - 385 - 387 - 388 - 389 - 390 - 391 - 392 - 394 - 395 - 397 - 399 - 400 - 401 - 403 - 405 - 406 - 407 - 408 - 411 - 413 - 417 - 418 - 423 - 426 - 428 - 430 - 434 - 435 - 436 - 438 - 439 - 442 - 443 - 445 - 446 - 448 - 449 - 450 - 451 - 453 - 454 - 456 - 458 - 459 - 460 - 461 - 463 - 464 - 465 - 466 - 468 - 469 - 470 - 471 - 472 - 474 - 476 - 477 - 478 - 479 - 480 - 481 - 482 - 483 - 484 - 485 - 486 - 487 - 488 - 489 - 490 - 492 - 493 - 494 - 495 - 497 - 498 - 499,20405346.6,0.0,88960,90601,46.76,Cost: 88960 & Capacity: 90601
8 - 9 - 17 - 18 - 28 - 33 - 44 - 45 - 46 - 47 - 58 - 64 - 68 - 83 - 87 - 90 - 92 - 95 - 97 - 98 - 100 - 114 - 119 - 146 - 147 - 149 - 153 - 158 - 171 - 175 - 179 - 184 - 186 - 192 - 195 - 203 - 208 - 210 - 214 - 216 - 222 - 224 - 227 - 232 - 235 - 236 - 240 - 243 - 244 - 248 - 252 - 264 - 271 - 275 - 283 - 288 - 297 - 304 - 318 - 319 - 324 - 327 - 329 - 330 - 333 - 336 - 337 - 340 - 346 - 356 - 357 - 360 - 361 - 363 - 370 - 381 - 384 - 386 - 387 - 389 - 392 - 397 - 408 - 413 - 420 - 423 - 432 - 433 - 434 - 437 - 442 - 443 - 448 - 449 - 454 - 456 - 458 - 459 - 462 - 472 - 478 - 490 - 498,2731457.6,28.2,61645,49910,47.01,Cost: 61645 & Capacity: 49910
8 - 9 - 17 - 18 - 28 - 33 - 44 - 45 - 46 - 47 - 58 - 64 - 66 - 68 - 83 - 87 - 90 - 92 - 95 - 97 - 98 - 100 - 114 - 119 - 126 - 146 - 147 - 149 - 153 - 158 - 163 - 171 - 175 - 179 - 184 - 186 - 192 - 195 - 203 - 208 - 210 - 214 - 216 - 222 - 224 - 227 - 232 - 235 - 236 - 240 - 243 - 244 - 248 - 252 - 254 - 264 - 271 - 275 - 283 - 288 - 297 - 304 - 318 - 319 - 324 - 327 - 329 - 330 - 333 - 336 - 337 - 340 - 346 - 356 - 357 - 360 - 361 - 363 - 370 - 381 - 384 - 386 - 387 - 389 - 392 - 397 - 408 - 413 - 420 - 423 - 432 - 433 - 434 - 437 - 442 - 443 - 448 - 449 - 454 - 456 - 458 - 459 - 462 - 472 - 478 - 490 - 498,2945683.9,25.6,64267,52002,46.99,Cost: 64267 & Capacity: 52002
0 - 6 - 8 - 10 - 11 - 14 - 15 - 17 - 18 - 20 - 21 - 22 - 27 - 28 - 29 - 30 - 31 - 34 - 37 - 39 - 40 - 41 - 43 - 44 - 45 - 46 - 47 - 48 - 49 - 50 - 56 - 58 - 64 - 66 - 70 - 71 - 76 - 82 - 83 - 85 - 87 - 99 - 100 - 103 - 105 - 106 - 112 - 113 - 114 - 119 - 126 - 132 - 136 - 142 - 144 - 145 - 146 - 149 - 151 - 152 - 153 - 155 - 162 - 163 - 164 - 169 - 171 - 174 - 176 - 181 - 188 - 192 - 193 - 195 - 199 - 203 - 205 - 208 - 209 - 210 - 211 - 215 - 216 - 217 - 218 - 219 - 220 - 221 - 226 - 227 - 229 - 233 - 235 - 240 - 242 - 245 - 249 - 252 - 254 - 255 - 257 - 265 - 267 - 268 - 272 - 283 - 288 - 296 - 297 - 304 - 307 - 309 - 317 - 323 - 324 - 331 - 333 - 335 - 337 - 339 - 341 - 342 - 343 - 344 - 348 - 352 - 354 - 356 - 359 - 362 - 373 - 374 - 387 - 390 - 391 - 392 - 397 - 401 - 403 - 405 - 410 - 411 - 413 - 415 - 416 - 417 - 422 - 424 - 428 - 432 - 434 - 442 - 443 - 445 - 446 - 449 - 450 - 453 - 455 - 459 - 465 - 468 - 470 - 475 - 476 - 478 - 479 - 480 - 483 - 487 - 493,7404731.5,11.1,84104,72194,47.83,Cost: 84104 & Capacity: 72194
2 - 5 - 6 - 13 - 18 - 21 - 30 - 31 - 33 - 34 - 38 - 41 - 45 - 53 - 57 - 60 - 62 - 64 - 66 - 68 - 78 - 83 - 89 - 95 - 100 - 103 - 108 - 109 - 110 - 114 - 115 - 118 - 119 - 141 - 144 - 146 - 153 - 154 - 158 - 176 - 181 - 192 - 193 - 195 - 199 - 206 - 213 - 214 - 216 - 222 - 226 - 227 - 232 - 235 - 236 - 237 - 239 - 248 - 260 - 263 - 264 - 269 - 271 - 276 - 283 - 286 - 288 - 294 - 299 - 307 - 311 - 318 - 320 - 324 - 326 - 331 - 332 - 344 - 345 - 355 - 366 - 374 - 375 - 377 - 381 - 397 - 400 - 409 - 410 - 413 - 424 - 437 - 443 - 447 - 448 - 456 - 458 - 461 - 470 - 472 - 473 - 474 - 475 - 484 - 493,2794402.6,27.7,80546,65114,49.2,Cost: 80546 & Capacity: 65114
0 - 1 - 3 - 4 - 5 - 6 - 7 - 8 - 9 - 10 - 12 - 13 - 14 - 19 - 20 - 22 - 23 - 24 - 26 - 27 - 28 - 30 - 31 - 32 - 33 - 35 - 39 - 40 - 41 - 42 - 43 - 44 - 45 - 48 - 49 - 50 - 52 - 56 - 58 - 59 - 61 - 64 - 69 - 70 - 71 - 72 - 74 - 79 - 82 - 83 - 84 - 85 - 86 - 90 - 91 - 92 - 93 - 95 - 98 - 100 - 103 - 104 - 105 - 106 - 107 - 109 - 111 - 112 - 113 - 117 - 121 - 122 - 124 - 125 - 126 - 127 - 128 - 132 - 134 - 135 - 136 - 137 - 142 - 143 - 144 - 145 - 146 - 147 - 149 - 152 - 153 - 154 - 155 - 156 - 157 - 158 - 160 - 161 - 164 - 165 - 167 - 168 - 169 - 170 - 171 - 172 - 174 - 175 - 176 - 177 - 180 - 181 - 184 - 187 - 189 - 192 - 193 - 194 - 195 - 196 - 198 - 201 - 202 - 203 - 204 - 205 - 206 - 208 - 209 - 210 - 211 - 212 - 214 - 216 - 224 - 225 - 226 - 227 - 229 - 230 - 233 - 234 - 235 - 236 - 237 - 240 - 241 - 244 - 245 - 246 - 248 - 249 - 251 - 254 - 255 - 257 - 259 - 261 - 264 - 265 - 266 - 267 - 269 - 270 - 272 - 275 - 278 - 279 - 280 - 281 - 282 - 285 - 289 - 291 - 296 - 297 - 298 - 300 - 304 - 306 - 308 - 309 - 310 - 314 - 317 - 319 - 320 - 325 - 328 - 329 - 331 - 332 - 335 - 337 - 339 - 341 - 344 - 346 - 351 - 352 - 353 - 355 - 356 - 357 - 359 - 362 - 365 - 370 - 374 - 376 - 380 - 385 - 387 - 388 - 389 - 390 - 391 - 392 - 394 - 395 - 397 - 399 - 400 - 401 - 403 - 404 - 405 - 406 - 407 - 408 - 411 - 413 - 415 - 416 - 417 - 418 - 423 - 426 - 428 - 430 - 434 - 435 - 436 - 438 - 439 - 442 - 443 - 445 - 446 - 448 - 449 - 450 - 451 - 453 - 454 - 455 - 456 - 458 - 459 - 460 - 461 - 463 - 464 - 465 - 466 - 468 - 469 - 470 - 471 - 472 - 474 - 476 - 477 - 478 - 479 - 480 - 481 - 482 - 483 - 484 - 485 - 486 - 487 - 488 - 489 - 490 - 492 - 493 - 494 - 495 - 497 - 498 - 499,21452875.5,0.0,94091,95770,51.11,Cost: 94091 & Capacity: 95770
0 - 1 - 3 - 4 - 5 - 6 - 7 - 8 - 9 - 10 - 12 - 13 - 14 - 19 - 20 - 22 - 23 - 24 - 26 - 27 - 28 - 30 - 31 - 32 - 33 - 35 - 39 - 40 - 41 - 42 - 43 - 44 - 45 - 48 - 49 - 50 - 52 - 56 - 58 - 59 - 61 - 64 - 69 - 70 - 71 - 72 - 74 - 79 - 82 - 83 - 84 - 85 - 86 - 90 - 91 - 92 - 93 - 95 - 98 - 100 - 103 - 104 - 105 - 106 - 107 - 109 - 111 - 112 - 113 - 117 - 121 - 122 - 124 - 125 - 126 - 127 - 128 - 132 - 134 - 135 - 136 - 137 - 142 - 143 - 144 - 145 - 146 - 147 - 149 - 152 - 153 - 154 - 155 - 156 - 157 - 158 - 160 - 161 - 164 - 165 - 167 - 168 - 169 - 170 - 171 - 172 - 174 - 175 - 176 - 177 - 180 - 181 - 184 - 187 - 189 - 192 - 193 - 194 - 195 - 196 - 198 - 201 - 202 - 203 - 204 - 205 - 206 - 208 - 209 - 210 - 211 - 212 - 214 - 216 - 224 - 225 - 226 - 227 - 229 - 230 - 233 - 234 - 235 - 236 - 237 - 240 - 241 - 244 - 245 - 246 - 248 - 249 - 251 - 254 - 255 - 257 - 259 - 261 - 264 - 265 - 266 - 267 - 269 - 270 - 272 - 275 - 278 - 279 - 280 - 281 - 282 - 285 - 289 - 291 - 296 - 297 - 298 - 300 - 304 - 306 - 308 - 309 - 310 - 314 - 317 - 319 - 320 - 325 - 328 - 329 - 331 - 332 - 335 - 337 - 339 - 341 - 344 - 346 - 351 - 352 - 353 - 355 - 356 - 357 - 359 - 362 - 365 - 370 - 374 - 376 - 380 - 385 - 387 - 388 - 389 - 390 - 391 - 392 - 394 - 395 - 397 - 399 - 400 - 401 - 403 - 404 - 405 - 406 - 407 - 408 - 411 - 413 - 415 - 416 - 417 - 418 - 423 - 426 - 428 - 430 - 434 - 435 - 436 - 438 - 439 - 442 - 443 - 445 - 446 - 448 - 449 - 450 - 451 - 453 - 454 - 455 - 456 - 458 - 459 - 460 - 461 - 463 - 464 - 465 - 466 - 468 - 469 - 470 - 471 - 472 - 474 - 476 - 477 - 478 - 479 - 480 - 481 - 482 - 483 - 484 - 485 - 486 - 487 - 488 - 489 - 490 - 492 - 493 - 494 - 495 - 497 - 498 - 499,21452875.5,0.0,94091,95770,55.13,Cost: 94091 & Capacity: 95770
0 - 1 - 3 - 4 - 5 - 6 - 7 - 8 - 9 - 10 - 12 - 13 - 14 - 19 - 20 - 22 - 23 - 24 - 26 - 27 - 28 - 30 - 31 - 32 - 33 - 35 - 39 - 40 - 41 - 42 - 43 - 44 - 45 - 48 - 49 - 50 - 52 - 56 - 58 - 59 - 61 - 64 - 69 - 70 - 71 - 72 - 74 - 79 - 82 - 83 - 84 - 85 - 86 - 90 - 91 - 92 - 93 - 95 - 98 - 100 - 103 - 104 - 105 - 106 - 107 - 109 - 111 - 112 - 113 - 117 - 121 - 122 - 124 - 125 - 126 - 127 - 128 - 132 - 134 - 135 - 136 - 137 - 142 - 143 - 144 - 145 - 146 - 147 - 149 - 152 - 153 - 154 - 155 - 156 - 157 - 158 - 160 - 161 - 164 - 165 - 167 - 168 - 169 - 170 - 171 - 172 - 174 - 175 - 176 - 177 - 180 - 181 - 184 - 187 - 189 - 192 - 193 - 194 - 195 - 196 - 198 - 201 - 202 - 203 - 204 - 205 - 206 - 208 - 209 - 210 - 211 - 212 - 214 - 216 - 224 - 225 - 226 - 227 - 229 - 230 - 233 - 234 - 235 - 236 - 237 - 240 - 241 - 244 - 245 - 246 - 248 - 249 - 251 - 254 - 255 - 257 - 259 - 261 - 264 - 265 - 266 - 267 - 269 - 270 - 272 - 275 - 278 - 279 - 280 - 281 - 282 - 285 - 289 - 291 - 296 - 297 - 298 - 300 - 304 - 306 - 308 - 309 - 310 - 314 - 317 - 319 - 320 - 325 - 328 - 329 - 331 - 332 - 335 - 337 - 339 - 341 - 344 - 346 - 351 - 352 - 353 - 355 - 356 - 357 - 359 - 362 - 365 - 370 - 374 - 376 - 380 - 385 - 387 - 388 - 389 - 390 - 391 - 392 - 394 - 395 - 397 - 399 - 400 - 401 - 403 - 404 - 405 - 406 - 407 - 408 - 411 - 413 - 415 - 416 - 417 - 418 - 423 - 426 - 428 - 430 - 434 - 435 - 436 - 438 - 439 - 442 - 443 - 445 - 446 - 448 - 449 - 450 - 451 - 453 - 454 - 455 - 456 - 458 - 459 - 460 - 461 - 463 - 464 - 465 - 466 - 468 - 469 - 470 - 471 - 472 - 474 - 476 - 477 - 478 - 479 - 480 - 481 - 482 - 483 - 484 - 485 - 486 - 487 - 488 - 489 - 490 - 492 - 493 - 494 - 495 - 497 - 498 - 499,21452875.5,0.0,94091,95770,55.75,Cost: 94091 & Capacity: 95770
0 - 1 - 3 - 4 - 6 - 7 - 9 - 10 - 12 - 13 - 14 - 15 - 19 - 20 - 22 - 23 - 24 - 26 - 27 - 28 - 30 - 31 - 32 - 33 - 35 - 39 - 40 - 42 - 43 - 44 - 45 - 48 - 49 - 50 - 52 - 56 - 58 - 59 - 61 - 63 - 64 - 69 - 70 - 71 - 72 - 74 - 79 - 82 - 83 - 84 - 85 - 86 - 88 - 90 - 91 - 92 - 93 - 95 - 98 - 100 - 103 - 104 - 105 - 106 - 107 - 109 - 111 - 112 - 113 - 117 - 121 - 122 - 124 - 125 - 126 - 127 - 128 - 134 - 135 - 136 - 137 - 142 - 143 - 145 - 146 - 147 - 149 - 152 - 154 - 156 - 157 - 158 - 160 - 161 - 164 - 165 - 167 - 168 - 169 - 170 - 171 - 172 - 174 - 175 - 176 - 177 - 179 - 180 - 181 - 184 - 187 - 189 - 192 - 193 - 194 - 195 - 196 - 197 - 198 - 202 - 203 - 205 - 206 - 208 - 209 - 210 - 211 - 212 - 214 - 216 - 224 - 225 - 226 - 227 - 229 - 230 - 232 - 233 - 234 - 235 - 236 - 237 - 240 - 241 - 244 - 245 - 246 - 248 - 249 - 251 - 254 - 255 - 259 - 261 - 264 - 265 - 266 - 267 - 268 - 269 - 270 - 272 - 275 - 278 - 279 - 280 - 281 - 282 - 285 - 289 - 291 - 296 - 297 - 298 - 300 - 304 - 306 - 308 - 309 - 310 - 314 - 317 - 319 - 320 - 325 - 328 - 329 - 331 - 332 - 335 - 337 - 339 - 341 - 344 - 346 - 351 - 352 - 353 - 355 - 356 - 357 - 359 - 362 - 365 - 370 - 374 - 376 - 380 - 385 - 387 - 388 - 389 - 390 - 391 - 392 - 394 - 395 - 397 - 399 - 400 - 401 - 403 - 405 - 406 - 407 - 408 - 411 - 413 - 417 - 418 - 423 - 426 - 428 - 430 - 434 - 435 - 436 - 438 - 439 - 442 - 443 - 445 - 446 - 448 - 449 - 450 - 451 - 453 - 454 - 455 - 456 - 458 - 459 - 460 - 461 - 463 - 464 - 465 - 466 - 468 - 469 - 470 - 471 - 472 - 474 - 476 - 477 - 478 - 479 - 480 - 481 - 482 - 483 - 484 - 485 - 486 - 487 - 488 - 489 - 490 - 492 - 493 - 494 - 495 - 497 - 498 - 499,20540889.6,0.0,89604,91120,55.69,Cost: 89604 & Capacity: 91120
0 - 6 - 8 - 10 - 15 - 17 - 22 - 27 - 34 - 41 - 44 - 45 - 46 - 47 - 56 - 58 - 64 - 78 - 79 - 81 - 82 - 83 - 87 - 95 - 96 - 100 - 103 - 105 - 107 - 108 - 112 - 113 - 114 - 117 - 122 - 125 - 126 - 132 - 134 - 136 - 139 - 143 - 145 - 146 - 149 - 150 - 151 - 154 - 155 - 160 - 165 - 171 - 172 - 175 - 176 - 179 - 184 - 190 - 192 - 195 - 198 - 202 - 203 - 204 - 205 - 206 - 215 - 216 - 217 - 225 - 226 - 227 - 229 - 233 - 236 - 241 - 243 - 248 - 249 - 252 - 255 - 259 - 268 - 271 - 272 - 275 - 278 - 283 - 286 - 292 - 297 - 298 - 306 - 307 - 309 - 310 - 311 - 312 - 315 - 319 - 320 - 323 - 329 - 332 - 333 - 335 - 336 - 339 - 341 - 342 - 343 - 344 - 348 - 354 - 355 - 359 - 361 - 362 - 373 - 375 - 377 - 379 - 385 - 386 - 387 - 389 - 391 - 392 - 396 - 398 - 400 - 405 - 407 - 408 - 409 - 411 - 413 - 414 - 416 - 418 - 421 - 422 - 426 - 427 - 428 - 433 - 434 - 436 - 442 - 443 - 444 - 445 - 446 - 448 - 456 - 458 - 460 - 462 - 464 - 465 - 466 - 470 - 471 - 472 - 475 - 478 - 481 - 484 - 485 - 488 - 489 - 490 - 491 - 494 - 496 - 498 - 499,7924602.5,10.7,93979,80030,56.16,Cost: 93979 & Capacity: 80030
0 - 1 - 3 - 4 - 6 - 7 - 9 - 10 - 12 - 13 - 14 - 15 - 19 - 20 - 22 - 23 - 24 - 26 - 27 - 28 - 30 - 31 - 32 - 33 - 35 - 39 - 40 - 42 - 43 - 44 - 45 - 48 - 49 - 50 - 52 - 56 - 58 - 59 - 61 - 63 - 64 - 69 - 70 - 71 - 72 - 74 - 79 - 82 - 83 - 84 - 85 - 86 - 88 - 90 - 91 - 92 - 93 - 95 - 98 - 100 - 103 - 104 - 105 - 106 - 107 - 109 - 111 - 112 - 113 - 117 - 121 - 122 - 124 - 125 - 126 - 127 - 128 - 134 - 135 - 136 - 137 - 142 - 143 - 144 - 145 - 146 - 147 - 149 - 152 - 153 - 154 - 156 - 157 - 158 - 160 - 161 - 164 - 165 - 167 - 168 - 169 - 170 - 171 - 172 - 174 - 175 - 176 - 177 - 179 - 180 - 181 - 184 - 187 - 189 - 192 - 193 - 194 - 195 - 196 - 197 - 198 - 202 - 203 - 205 - 206 - 208 - 209 - 210 - 211 - 212 - 214 - 216 - 224 - 225 - 226 - 227 - 229 - 230 - 232 - 233 - 234 - 235 - 236 - 237 - 240 - 241 - 244 - 245 - 246 - 247 - 248 - 249 - 251 - 254 - 255 - 259 - 261 - 264 - 265 - 266 - 267 - 268 - 269 - 270 - 272 - 275 - 278 - 279 - 280 - 281 - 282 - 285 - 289 - 291 - 296 - 297 - 298 - 300 - 304 - 306 - 308 - 309 - 310 - 314 - 317 - 319 - 320 - 325 - 328 - 329 - 331 - 332 - 335 - 337 - 339 - 341 - 344 - 346 - 351 - 352 - 353 - 355 - 356 - 357 - 359 - 362 - 365 - 370 - 374 - 376 - 380 - 385 - 387 - 388 - 389 - 390 - 391 - 392 - 394 - 395 - 397 - 399 - 400 - 401 - 403 - 405 - 406 - 407 - 408 - 411 - 413 - 417 - 418 - 423 - 426 - 428 - 430 - 434 - 435 - 436 - 438 - 439 - 442 - 443 - 445 - 446 - 448 - 449 - 450 - 451 - 453 - 454 - 455 - 456 - 458 - 459 - 460 - 461 - 463 - 464 - 465 - 466 - 468 - 469 - 470 - 471 - 472 - 474 - 476 - 477 - 478 - 479 - 480 - 481 - 482 - 483 - 484 - 485 - 486 - 487 - 488 - 489 - 490 - 492 - 493 - 494 - 495 - 497 - 498 - 499,20965582.5,0.0,91532,93644,56.34,Cost: 91532 & Capacity: 93644
0 - 1 - 3 - 4 - 5 - 6 - 7 - 8 - 9 - 10 - 12 - 13 - 14 - 19 - 20 - 22 - 23 - 24 - 26 - 27 - 28 - 30 - 31 - 32 - 33 - 35 - 39 - 40 - 41 - 42 - 43 - 44 - 45 - 48 - 49 - 50 - 52 - 56 - 58 - 59 - 61 - 64 - 69 - 70 - 71 - 72 - 74 - 79 - 82 - 83 - 84 - 85 - 86 - 90 - 91 - 92 - 93 - 95 - 98 - 100 - 103 - 104 - 105 - 106 - 107 - 109 - 111 - 112 - 113 - 117 - 121 - 122 - 124 - 125 - 126 - 127 - 128 - 132 - 134 - 135 - 136 - 137 - 142 - 143 - 144 - 145 - 146 - 147 - 149 - 152 - 153 - 154 - 155 - 156 - 157 - 158 - 160 - 161 - 164 - 165 - 167 - 168 - 169 - 170 - 171 - 172 - 174 - 175 - 176 - 177 - 180 - 181 - 184 - 187 - 189 - 192 - 193 - 194 - 195 - 196 - 198 - 201 - 202 - 203 - 204 - 205 - 206 - 208 - 209 - 210 - 211 - 212 - 214 - 216 - 224 - 225 - 226 - 227 - 229 - 230 - 233 - 234 - 235 - 236 - 237 - 240 - 241 - 244 - 245 - 246 - 248 - 249 - 251 - 254 - 255 - 257 - 259 - 261 - 264 - 265 - 266 - 267 - 269 - 270 - 272 - 275 - 278 - 279 - 280 - 281 - 282 - 285 - 289 - 291 - 296 - 297 - 298 - 300 - 304 - 306 - 308 - 309 - 310 - 314 - 317 - 319 - 320 - 325 - 328 - 329 - 331 - 332 - 335 - 337 - 339 - 341 - 344 - 346 - 351 - 352 - 353 - 355 - 356 - 357 - 359 - 362 - 365 - 370 - 374 - 376 - 380 - 385 - 387 - 388 - 389 - 390 - 391 - 392 - 394 - 395 - 397 - 399 - 400 - 401 - 403 - 404 - 405 - 406 - 407 - 408 - 411 - 413 - 415 - 416 - 417 - 418 - 423 - 426 - 428 - 430 - 434 - 435 - 436 - 438 - 439 - 442 - 443 - 445 - 446 - 448 - 449 - 450 - 451 - 453 - 454 - 455 - 456 - 458 - 459 - 460 - 461 - 463 - 464 - 465 - 466 - 468 - 469 - 470 - 471 - 472 - 474 - 476 - 477 - 478 - 479 - 480 - 481 - 482 - 483 - 484 - 485 - 486 - 487 - 488 - 489 - 490 - 492 - 493 - 494 - 495 - 497 - 498 - 499,21452875.5,0.0,94091,95770,56.54,Cost: 94091 & Capacity: 95770
0 - 4 - 7 - 11 - 12 - 18 - 22 - 23 - 30 - 33 - 34 - 39 - 42 - 44 - 46 - 56 - 66 - 67 - 73 - 78 - 79 - 80 - 84 - 88 - 93 - 96 - 104 - 105 - 108 - 109 - 113 - 114 - 119 - 142 - 143 - 146 - 153 - 156 - 158 - 162 - 164 - 166 - 174 - 177 - 179 - 182 - 183 - 185 - 186 - 188 - 189 - 196 - 200 - 204 - 212 - 213 - 226 - 233 - 234 - 236 - 238 - 241 - 250 - 252 - 254 - 255 - 263 - 279 - 281 - 296 - 305 - 312 - 316 - 319 - 320 - 327 - 333 - 339 - 354 - 357 - 370 - 372 - 374 - 377 - 384 - 385 - 391 - 400 - 402 - 407 - 415 - 426 - 439 - 442 - 444 - 447 - 448 - 451 - 454 - 462 - 475 - 488 - 494 - 498,2820445.0,26.4,64076,51136,56.57,Cost: 64076 & Capacity: 51136
0 - 4 - 7 - 11 - 12 - 18 - 22 - 23 - 30 - 33 - 34 - 39 - 42 - 44 - 46 - 56 - 66 - 67 - 73 - 78 - 79 - 80 - 84 - 88 - 93 - 96 - 104 - 105 - 108 - 109 - 113 - 114 - 119 - 142 - 143 - 146 - 153 - 154 - 156 - 158 - 162 - 164 - 166 - 174 - 177 - 179 - 182 - 183 - 185 - 186 - 188 - 189 - 196 - 200 - 204 - 212 - 213 - 226 - 233 - 234 - 236 - 238 - 241 - 250 - 252 - 254 - 255 - 263 - 279 - 281 - 296 - 305 - 312 - 316 - 319 - 320 - 327 - 333 - 339 - 354 - 357 - 370 - 372 - 374 - 377 - 384 - 385 - 391 - 400 - 402 - 407 - 415 - 426 - 439 - 442 - 444 - 447 - 448 - 451 - 454 - 462 - 471 - 475 - 488 - 494 - 498,2922689.5,25.7,64308,51353,56.57,Cost: 64308 & Capacity: 51353
0 - 1 - 3 - 4 - 5 - 6 - 7 - 8 - 9 - 10 - 12 - 13 - 14 - 19 - 20 - 22 - 23 - 24 - 26 - 27 - 28 - 30 - 31 - 32 - 33 - 35 - 39 - 40 - 41 - 42 - 43 - 44 - 45 - 48 - 49 - 50 - 52 - 56 - 58 - 59 - 61 - 64 - 69 - 70 - 71 - 72 - 74 - 79 - 82 - 83 - 84 - 85 - 86 - 90 - 91 - 92 - 93 - 95 - 98 - 100 - 103 - 104 - 105 - 106 - 107 - 109 - 111 - 112 - 113 - 117 - 121 - 122 - 124 - 125 - 126 - 127 - 128 - 132 - 134 - 135 - 136 - 137 - 142 - 143 - 144 - 145 - 146 - 147 - 149 - 152 - 153 - 154 - 155 - 156 - 157 - 158 - 160 - 161 - 164 - 165 - 167 - 168 - 169 - 170 - 171 - 172 - 174 - 175 - 176 - 177 - 180 - 181 - 184 - 187 - 189 - 192 - 193 - 194 - 195 - 196 - 198 - 201 - 202 - 203 - 204 - 205 - 206 - 208 - 209 - 210 - 211 - 212 - 214 - 216 - 224 - 225 - 226 - 227 - 229 - 230 - 233 - 234 - 235 - 236 - 237 - 240 - 241 - 244 - 245 - 246 - 248 - 249 - 251 - 254 - 255 - 257 - 259 - 261 - 264 - 265 - 266 - 267 - 269 - 270 - 272 - 275 - 278 - 279 - 280 - 281 - 282 - 285 - 289 - 291 - 296 - 297 - 298 - 300 - 304 - 306 - 308 - 309 - 310 - 314 - 317 - 319 - 320 - 325 - 328 - 329 - 331 - 332 - 335 - 337 - 339 - 341 - 344 - 346 - 351 - 352 - 353 - 355 - 356 - 357 - 359 - 362 - 365 - 370 - 374 - 376 - 380 - 385 - 387 - 388 - 389 - 390 - 391 - 392 - 394 - 395 - 397 - 399 - 400 - 401 - 403 - 404 - 405 - 406 - 407 - 408 - 411 - 413 - 415 - 416 - 417 - 418 - 423 - 426 - 428 - 430 - 434 - 435 - 436 - 438 - 439 - 442 - 443 - 445 - 446 - 448 - 449 - 450 - 451 - 453 - 454 - 455 - 456 - 458 - 459 - 460 - 461 - 463 - 464 - 465 - 466 - 468 - 469 - 470 - 471 - 472 - 474 - 476 - 477 - 478 - 479 - 480 - 481 - 482 - 483 - 484 - 485 - 486 - 487 - 488 - 489 - 490 - 492 - 493 - 494 - 495 - 497 - 498 - 499,21452875.5,0.0,94091,95770,58.68,Cost: 94091 & Capacity: 95770
0 - 4 - 5 - 6 - 8 - 10 - 13 - 14 - 17 - 20 - 22 - 23 - 27 - 28 - 30 - 31 - 33 - 38 - 39 - 40 - 41 - 44 - 45 - 47 - 48 - 52 - 56 - 58 - 64 - 69 - 70 - 72 - 74 - 79 - 82 - 83 - 85 - 92 - 93 - 95 - 96 - 98 - 99 - 100 - 104 - 105 - 106 - 107 - 109 - 112 - 116 - 117 - 121 - 122 - 123 - 125 - 126 - 134 - 135 - 136 - 137 - 144 - 145 - 147 - 149 - 150 - 152 - 154 - 158 - 160 - 163 - 164 - 165 - 167 - 175 - 176 - 180 - 181 - 184 - 189 - 192 - 193 - 194 - 198 - 201 - 203 - 205 - 206 - 207 - 209 - 210 - 211 - 212 - 216 - 217 - 219 - 220 - 221 - 225 - 227 - 229 - 230 - 233 - 234 - 236 - 237 - 241 - 242 - 243 - 244 - 245 - 248 - 249 - 250 - 251 - 252 - 254 - 255 - 257 - 259 - 262 - 264 - 265 - 267 - 272 - 275 - 276 - 280 - 282 - 283 - 288 - 289 - 291 - 292 - 296 - 297 - 307 - 308 - 309 - 310 - 315 - 317 - 319 - 323 - 324 - 325 - 328 - 329 - 335 - 337 - 341 - 342 - 344 - 345 - 346 - 347 - 348 - 351 - 352 - 356 - 360 - 362 - 365 - 369 - 370 - 373 - 374 - 375 - 386 - 387 - 389 - 391 - 392 - 394 - 395 - 397 - 399 - 400 - 401 - 403 - 407 - 413 - 415 - 416 - 417 - 423 - 425 - 427 - 428 - 429 - 433 - 434 - 438 - 441 - 442 - 443 - 444 - 445 - 446 - 448 - 449 - 450 - 453 - 454 - 455 - 456 - 458 - 465 - 470 - 471 - 472 - 475 - 479 - 481 - 482 - 483 - 485 - 486 - 487 - 488 - 489 - 490 - 494 - 496 - 499,12706718.0,4.8,94076,83184,59.65,Cost: 94076 & Capacity: 83184
0 - 1 - 3 - 4 - 5 - 6 - 7 - 8 - 9 - 10 - 12 - 13 - 14 - 19 - 20 - 22 - 23 - 24 - 26 - 27 - 28 - 30 - 31 - 32 - 33 - 35 - 39 - 40 - 41 - 42 - 43 - 44 - 45 - 48 - 49 - 50 - 52 - 56 - 58 - 59 - 61 - 64 - 69 - 70 - 71 - 72 - 74 - 79 - 82 - 83 - 84 - 85 - 86 - 90 - 91 - 92 - 93 - 95 - 98 - 100 - 103 - 104 - 105 - 106 - 107 - 109 - 111 - 112 - 113 - 117 - 121 - 122 - 124 - 125 - 126 - 127 - 128 - 132 - 134 - 135 - 136 - 137 - 142 - 143 - 144 - 145 - 146 - 147 - 149 - 152 - 153 - 154 - 155 - 156 - 157 - 158 - 160 - 161 - 164 - 165 - 167 - 168 - 169 - 170 - 171 - 172 - 174 - 175 - 176 - 177 - 180 - 181 - 184 - 187 - 189 - 192 - 193 - 194 - 195 - 196 - 198 - 201 - 202 - 203 - 204 - 205 - 206 - 208 - 209 - 210 - 211 - 212 - 214 - 216 - 224 - 225 - 226 - 227 - 229 - 230 - 233 - 234 - 235 - 236 - 237 - 240 - 241 - 244 - 245 - 246 - 248 - 249 - 251 - 254 - 255 - 257 - 259 - 261 - 264 - 265 - 266 - 267 - 269 - 270 - 272 - 275 - 278 - 279 - 280 - 281 - 282 - 285 - 289 - 291 - 296 - 297 - 298 - 300 - 304 - 306 - 308 - 309 - 310 - 314 - 317 - 319 - 320 - 325 - 328 - 329 - 331 - 332 - 335 - 337 - 339 - 341 - 344 - 346 - 351 - 352 - 353 - 355 - 356 - 357 - 359 - 362 - 365 - 370 - 374 - 376 - 380 - 385 - 387 - 388 - 389 - 390 - 391 - 392 - 394 - 395 - 397 - 399 - 400 - 401 - 403 - 404 - 405 - 406 - 407 - 408 - 411 - 413 - 415 - 416 - 417 - 418 - 423 - 426 - 428 - 430 - 434 - 435 - 436 - 438 - 439 - 442 - 443 - 445 - 446 - 448 - 449 - 450 - 451 - 453 - 454 - 455 - 456 - 458 - 459 - 460 - 461 - 463 - 464 - 465 - 466 - 468 - 469 - 470 - 471 - 472 - 474 - 476 - 477 - 478 - 479 - 480 - 481 - 482 - 483 - 484 - 485 - 486 - 487 - 488 - 489 - 490 - 492 - 493 - 494 - 495 - 497 - 498 - 499,21452875.5,0.0,94091,95770,60.78,Cost: 94091 & Capacity: 95770
0 - 1 - 3 - 4 - 6 - 7 - 9 - 10 - 12 - 13 - 14 - 15 - 19 - 20 - 22 - 23 - 24 - 26 - 27 - 28 - 30 - 31 - 32 - 33 - 35 - 39 - 40 - 42 - 43 - 44 - 45 - 48 - 49 - 50 - 52 - 56 - 58 - 59 - 61 - 63 - 64 - 69 - 70 - 71 - 72 - 74 - 79 - 82 - 83 - 84 - 85 - 86 - 88 - 90 - 91 - 92 - 93 - 95 - 98 - 100 - 103 - 104 - 105 - 106 - 107 - 109 - 111 - 112 - 113 - 117 - 121 - 122 - 124 - 125 - 126 - 127 - 128 - 134 - 135 - 136 - 137 - 142 - 143 - 144 - 145 - 146 - 147 - 149 - 152 - 154 - 156 - 157 - 158 - 160 - 161 - 164 - 165 - 167 - 168 - 169 - 170 - 171 - 172 - 174 - 175 - 176 - 177 - 179 - 180 - 181 - 184 - 187 - 189 - 192 - 193 - 194 - 195 - 196 - 197 - 198 - 202 - 203 - 205 - 206 - 208 - 209 - 210 - 211 - 212 - 214 - 216 - 224 - 225 - 226 - 227 - 229 - 230 - 232 - 233 - 234 - 235 - 236 - 237 - 240 - 241 - 244 - 245 - 246 - 248 - 249 - 251 - 254 - 255 - 259 - 261 - 264 - 265 - 266 - 267 - 268 - 269 - 270 - 272 - 275 - 278 - 279 - 280 - 281 - 282 - 285 - 289 - 291 - 296 - 297 - 298 - 300 - 304 - 306 - 308 - 309 - 310 - 314 - 317 - 319 - 320 - 325 - 328 - 329 - 331 - 332 - 335 - 337 - 339 - 341 - 344 - 346 - 351 - 352 - 353 - 355 - 356 - 357 - 359 - 362 - 365 - 370 - 374 - 376 - 380 - 385 - 387 - 388 - 389 - 390 - 391 - 392 - 394 - 395 - 397 - 399 - 400 - 401 - 403 - 405 - 406 - 407 - 408 - 411 - 413 - 417 - 418 - 423 - 426 - 428 - 430 - 434 - 435 - 436 - 438 - 439 - 442 - 443 - 445 - 446 - 448 - 449 - 450 - 451 - 453 - 454 - 456 - 458 - 459 - 460 - 461 - 463 - 464 - 465 - 466 - 468 - 469 - 470 - 471 - 472 - 474 - 476 - 477 - 478 - 479 - 480 - 481 - 482 - 483 - 484 - 485 - 486 - 487 - 488 - 489 - 490 - 492 - 493 - 494 - 495 - 497 - 498 - 499,20542669.2,0.0,89604,91579,60.72,Cost: 89604 & Capacity: 91579
0 - 1 - 3 - 4 - 5 - 6 - 7 - 8 - 9 - 10 - 12 - 13 - 14 - 19 - 20 - 22 - 23 - 24 - 26 - 27 - 28 - 30 - 31 - 32 - 33 - 35 - 39 - 40 - 41 - 42 - 43 - 44 - 45 - 48 - 49 - 50 - 52 - 56 - 58 - 59 - 61 - 64 - 69 - 70 - 71 - 72 - 74 - 79 - 82 - 83 - 84 - 85 - 86 - 90 - 91 - 92 - 93 - 95 - 98 - 100 - 103 - 104 - 105 - 106 - 107 - 109 - 111 - 112 - 113 - 117 - 121 - 122 - 124 - 125 - 126 - 127 - 128 - 132 - 134 - 135 - 136 - 137 - 142 - 143 - 144 - 145 - 146 - 147 - 149 - 152 - 153 - 154 - 155 - 156 - 157 - 158 - 160 - 161 - 164 - 165 - 167 - 168 - 169 - 170 - 171 - 172 - 174 - 175 - 176 - 177 - 180 - 181 - 184 - 187 - 189 - 192 - 193 - 194 - 195 - 196 - 198 - 201 - 202 - 203 - 204 - 205 - 206 - 208 - 209 - 210 - 211 - 212 - 214 - 216 - 224 - 225 - 226 - 227 - 229 - 230 - 233 - 234 - 235 - 236 - 237 - 240 - 241 - 244 - 245 - 246 - 248 - 249 - 251 - 254 - 255 - 257 - 259 - 261 - 264 - 265 - 266 - 267 - 269 - 270 - 272 - 275 - 278 - 279 - 280 - 281 - 282 - 285 - 289 - 291 - 296 - 297 - 298 - 300 - 304 - 306 - 308 - 309 - 310 - 314 - 317 - 319 - 320 - 325 - 328 - 329 - 331 - 332 - 335 - 337 - 339 - 341 - 344 - 346 - 351 - 352 - 353 - 355 - 356 - 357 - 359 - 362 - 365 - 370 - 374 - 376 - 380 - 385 - 387 - 388 - 389 - 390 - 391 - 392 - 394 - 395 - 397 - 399 - 400 - 401 - 403 - 404 - 405 - 406 - 407 - 408 - 411 - 413 - 415 - 416 - 417 - 418 - 423 - 426 - 428 - 430 - 434 - 435 - 436 - 438 - 439 - 442 - 443 - 445 - 446 - 448 - 449 - 450 - 451 - 453 - 454 - 455 - 456 - 458 - 459 - 460 - 461 - 463 - 464 - 465 - 466 - 468 - 469 - 470 - 471 - 472 - 474 - 476 - 477 - 478 - 479 - 480 - 481 - 482 - 483 - 484 - 485 - 486 - 487 - 488 - 489 - 490 - 492 - 493 - 494 - 495 - 497 - 498 - 499,21452875.5,0.0,94091,95770,61.53,Cost: 94091 & Capacity: 95770
1 - 4 - 6 - 8 - 9 - 11 - 12 - 15 - 21 - 22 - 27 - 31 - 34 - 39 - 53 - 60 - 61 - 75 - 78 - 81 - 84 - 89 - 91 - 94 - 96 - 113 - 118 - 131 - 147 - 151 - 171 - 192 - 193 - 207 - 211 - 212 - 213 - 215 - 216 - 217 - 220 - 226 - 233 - 234 - 240 - 248 - 252 - 256 - 276 - 283 - 286 - 288 - 291 - 302 - 307 - 316 - 318 - 319 - 320 - 322 - 324 - 327 - 330 - 334 - 342 - 351 - 359 - 374 - 377 - 379 - 396 - 397 - 398 - 400 - 402 - 405 - 409 - 418 - 421 - 437 - 439 - 443 - 444 - 446 - 454 - 455 - 467 - 469 - 476 - 479 - 480 - 481 - 484 - 498,2309067.9,31.4,63719,50529,61.57,Cost: 63719 & Capacity: 50529
1 - 4 - 6 - 8 - 9 - 11 - 12 - 15 - 21 - 22 - 27 - 31 - 34 - 39 - 53 - 60 - 61 - 75 - 78 - 81 - 84 - 89 - 91 - 94 - 96 - 113 - 118 - 131 - 133 - 147 - 151 - 171 - 192 - 193 - 207 - 211 - 212 - 213 - 215 - 216 - 217 - 220 - 226 - 233 - 234 - 240 - 248 - 252 - 256 - 276 - 283 - 286 - 288 - 291 - 302 - 307 - 316 - 318 - 319 - 320 - 322 - 324 - 327 - 330 - 334 - 342 - 351 - 359 - 374 - 377 - 379 - 396 - 397 - 398 - 400 - 402 - 405 - 409 - 418 - 421 - 437 - 439 - 443 - 444 - 446 - 454 - 455 - 467 - 469 - 476 - 479 - 480 - 481 - 484 - 498,2357771.1,30.7,64379,51405,61.56,Cost: 64379 & Capacity: 51405
1 - 4 - 6 - 8 - 9 - 11 - 12 - 15 - 18 - 21 - 22 - 27 - 29 - 31 - 33 - 34 - 39 - 46 - 53 - 60 - 61 - 62 - 66 - 75 - 78 - 81 - 84 - 89 - 91 - 93 - 94 - 96 - 100 - 106 - 113 - 118 - 131 - 133 - 147 - 151 - 171 - 176 - 192 - 193 - 199 - 207 - 211 - 212 - 213 - 215 - 216 - 217 - 219 - 220 - 226 - 232 - 233 - 234 - 240 - 248 - 252 - 254 - 256 - 276 - 283 - 286 - 288 - 291 - 302 - 307 - 316 - 318 - 319 - 320 - 322 - 324 - 327 - 330 - 334 - 342 - 351 - 359 - 364 - 368 - 374 - 377 - 379 - 391 - 396 - 397 - 398 - 400 - 402 - 405 - 409 - 410 - 418 - 421 - 422 - 428 - 437 - 439 - 442 - 443 - 444 - 446 - 454 - 455 - 467 - 469 - 475 - 476 - 479 - 480 - 481 - 484 - 498,3536026.9,22.7,82468,64539,61.56,Cost: 82468 & Capacity: 64539
1 - 4 - 6 - 8 - 9 - 11 - 12 - 15 - 18 - 21 - 22 - 27 - 29 - 31 - 33 - 34 - 39 - 46 - 53 - 60 - 61 - 62 - 66 - 75 - 78 - 81 - 84 - 89 - 91 - 93 - 94 - 96 - 100 - 106 - 113 - 118 - 131 - 133 - 147 - 151 - 171 - 176 - 192 - 193 - 199 - 207 - 208 - 211 - 212 - 213 - 215 - 216 - 217 - 219 - 220 - 226 - 232 - 233 - 234 - 240 - 248 - 252 - 254 - 256 - 276 - 283 - 286 - 288 - 291 - 302 - 307 - 316 - 318 - 319 - 320 - 322 - 324 - 327 - 330 - 334 - 342 - 351 - 359 - 364 - 368 - 374 - 377 - 379 - 391 - 395 - 396 - 397 - 398 - 400 - 402 - 405 - 409 - 410 - 418 - 421 - 422 - 428 - 437 - 439 - 442 - 443 - 444 - 446 - 454 - 455 - 467 - 469 - 475 - 476 - 479 - 480 - 481 - 484 - 498,3650152.5,22.5,83044,65350,61.56,Cost: 83044 & Capacity: 65350
1 - 4 - 6 - 8 - 9 - 11 - 12 - 15 - 18 - 21 - 22 - 27 - 29 - 31 - 33 - 34 - 39 - 46 - 53 - 60 - 61 - 62 - 66 - 75 - 78 - 81 - 84 - 89 - 91 - 93 - 94 - 96 - 100 - 106 - 113 - 114 - 118 - 131 - 133 - 147 - 151 - 171 - 176 - 192 - 193 - 199 - 207 - 208 - 211 - 212 - 213 - 215 - 216 - 217 - 219 - 220 - 226 - 232 - 233 - 234 - 240 - 248 - 252 - 254 - 256 - 276 - 283 - 286 - 288 - 291 - 302 - 307 - 316 - 318 - 319 - 320 - 322 - 324 - 327 - 330 - 334 - 342 - 351 - 359 - 364 - 368 - 374 - 377 - 379 - 391 - 395 - 396 - 397 - 398 - 400 - 402 - 405 - 409 - 410 - 418 - 421 - 422 - 428 - 437 - 439 - 442 - 443 - 444 - 446 - 454 - 455 - 467 - 469 - 475 - 476 - 479 - 480 - 481 - 484 - 498,3706737.5,22.4,84467,66309,61.56,Cost: 84467 & Capacity: 66309
1 - 4 - 6 - 8 - 9 - 11 - 12 - 15 - 18 - 21 - 22 - 27 - 29 - 31 - 33 - 34 - 39 - 46 - 49 - 53 - 60 - 61 - 62 - 66 - 75 - 78 - 81 - 84 - 89 - 91 - 93 - 94 - 96 - 100 - 106 - 113 - 114 - 118 - 131 - 133 - 147 - 150 - 151 - 171 - 176 - 192 - 193 - 199 - 205 - 207 - 208 - 211 - 212 - 213 - 215 - 216 - 217 - 219 - 220 - 226 - 232 - 233 - 234 - 240 - 248 - 252 - 254 - 256 - 265 - 276 - 283 - 286 - 288 - 291 - 302 - 307 - 311 - 316 - 318 - 319 - 320 - 322 - 324 - 327 - 330 - 334 - 342 - 351 - 359 - 364 - 368 - 374 - 377 - 379 - 391 - 395 - 396 - 397 - 398 - 400 - 402 - 405 - 409 - 410 - 418 - 421 - 422 - 428 - 437 - 439 - 442 - 443 - 444 - 446 - 454 - 455 - 467 - 469 - 475 - 476 - 479 - 480 - 481 - 484 - 498,4006877.1,21.0,87661,68830,61.57,Cost: 87661 & Capacity: 68830
1 - 4 - 6 - 8 - 9 - 11 - 12 - 15 - 18 - 21 - 22 - 27 - 29 - 31 - 33 - 34 - 39 - 46 - 49 - 53 - 60 - 61 - 62 - 66 - 75 - 78 - 81 - 84 - 89 - 91 - 93 - 94 - 96 - 100 - 106 - 113 - 114 - 118 - 131 - 133 - 147 - 150 - 151 - 171 - 176 - 192 - 193 - 199 - 205 - 207 - 208 - 211 - 212 - 213 - 215 - 216 - 217 - 218 - 219 - 220 - 226 - 232 - 233 - 234 - 240 - 248 - 252 - 254 - 256 - 265 - 276 - 283 - 286 - 288 - 291 - 302 - 307 - 311 - 316 - 318 - 319 - 320 - 322 - 324 - 327 - 330 - 334 - 342 - 351 - 359 - 364 - 368 - 374 - 377 - 379 - 391 - 395 - 396 - 397 - 398 - 400 - 402 - 405 - 409 - 410 - 418 - 421 - 422 - 428 - 437 - 439 - 442 - 443 - 444 - 446 - 454 - 455 - 467 - 469 - 475 - 476 - 479 - 480 - 481 - 484 - 498,4067118.4,20.6,88605,69397,61.57,Cost: 88605 & Capacity: 69397
1 - 4 - 6 - 8 - 9 - 11 - 12 - 15 - 18 - 21 - 22 - 27 - 29 - 31 - 33 - 34 - 39 - 46 - 49 - 53 - 60 - 61 - 62 - 66 - 75 - 78 - 81 - 84 - 89 - 91 - 93 - 94 - 96 - 100 - 106 - 113 - 114 - 118 - 131 - 133 - 147 - 149 - 150 - 151 - 171 - 176 - 192 - 193 - 199 - 205 - 207 - 208 - 211 - 212 - 213 - 215 - 216 - 217 - 218 - 219 - 220 - 226 - 232 - 233 - 234 - 240 - 248 - 252 - 254 - 256 - 265 - 276 - 283 - 286 - 288 - 291 - 302 - 306 - 307 - 311 - 316 - 318 - 319 - 320 - 322 - 324 - 327 - 330 - 334 - 342 - 351 - 359 - 364 - 368 - 374 - 377 - 379 - 391 - 395 - 396 - 397 - 398 - 400 - 402 - 405 - 409 - 410 - 418 - 421 - 422 - 428 - 437 - 439 - 442 - 443 - 444 - 446 - 454 - 455 - 462 - 467 - 469 - 475 - 476 - 479 - 480 - 481 - 484 - 498,4251120.4,20.5,91289,71200,61.57,Cost: 91289 & Capacity: 71200
1 - 4 - 6 - 8 - 9 - 11 - 12 - 15 - 18 - 21 - 22 - 27 - 29 - 31 - 33 - 34 - 39 - 46 - 49 - 53 - 60 - 61 - 62 - 66 - 75 - 78 - 81 - 84 - 89 - 91 - 93 - 94 - 96 - 100 - 106 - 113 - 114 - 118 - 131 - 133 - 147 - 149 - 150 - 151 - 171 - 176 - 192 - 193 - 199 - 205 - 207 - 208 - 211 - 212 - 213 - 215 - 216 - 217 - 218 - 219 - 220 - 226 - 232 - 233 - 234 - 240 - 248 - 252 - 254 - 256 - 265 - 276 - 283 - 286 - 288 - 291 - 302 - 306 - 307 - 311 - 316 - 318 - 319 - 320 - 322 - 324 - 327 - 330 - 334 - 342 - 348 - 351 - 359 - 364 - 368 - 374 - 377 - 379 - 391 - 395 - 396 - 397 - 398 - 400 - 402 - 405 - 409 - 410 - 418 - 421 - 422 - 428 - 437 - 439 - 442 - 443 - 444 - 446 - 454 - 455 - 462 - 467 - 469 - 475 - 476 - 479 - 480 - 481 - 484 - 498,4314495.1,19.4,92772,72008,61.57,Cost: 92772 & Capacity: 72008
1 - 4 - 6 - 8 - 9 - 11 - 12 - 15 - 18 - 21 - 22 - 27 - 29 - 31 - 33 - 34 - 39 - 46 - 49 - 53 - 60 - 61 - 62 - 66 - 75 - 78 - 81 - 84 - 89 - 91 - 93 - 94 - 96 - 100 - 106 - 113 - 114 - 118 - 131 - 133 - 147 - 149 - 150 - 151 - 171 - 176 - 192 - 193 - 199 - 205 - 207 - 208 - 211 - 212 - 213 - 215 - 216 - 217 - 218 - 219 - 220 - 226 - 232 - 233 - 234 - 240 - 244 - 248 - 252 - 254 - 256 - 265 - 276 - 283 - 286 - 288 - 291 - 302 - 306 - 307 - 311 - 316 - 318 - 319 - 320 - 322 - 324 - 327 - 330 - 334 - 342 - 348 - 351 - 359 - 364 - 368 - 374 - 377 - 379 - 391 - 395 - 396 - 397 - 398 - 400 - 402 - 405 - 409 - 410 - 418 - 421 - 422 - 428 - 437 - 439 - 442 - 443 - 444 - 446 - 454 - 455 - 462 - 467 - 469 - 475 - 476 - 479 - 480 - 481 - 484 - 498,4383516.2,18.9,93125,72340,61.57,Cost: 93125 & Capacity: 72340
0 - 1 - 3 - 4 - 5 - 6 - 8 - 10 - 12 - 13 - 14 - 17 - 20 - 22 - 23 - 26 - 27 - 28 - 30 - 31 - 33 - 35 - 39 - 40 - 41 - 42 - 44 - 45 - 47 - 48 - 49 - 50 - 52 - 56 - 58 - 63 - 64 - 69 - 70 - 71 - 72 - 73 - 74 - 76 - 78 - 79 - 82 - 83 - 85 - 92 - 93 - 95 - 96 - 98 - 99 - 100 - 104 - 105 - 106 - 107 - 109 - 112 - 117 - 121 - 122 - 125 - 126 - 128 - 133 - 135 - 136 - 144 - 145 - 147 - 148 - 150 - 152 - 154 - 158 - 163 - 164 - 165 - 167 - 168 - 170 - 175 - 176 - 180 - 181 - 184 - 189 - 192 - 193 - 194 - 198 - 201 - 203 - 205 - 206 - 207 - 208 - 209 - 210 - 211 - 212 - 216 - 219 - 220 - 225 - 229 - 230 - 233 - 234 - 235 - 236 - 237 - 240 - 241 - 242 - 243 - 244 - 245 - 247 - 248 - 249 - 250 - 251 - 254 - 255 - 257 - 259 - 260 - 264 - 265 - 266 - 267 - 269 - 270 - 272 - 275 - 279 - 280 - 282 - 283 - 289 - 291 - 292 - 296 - 297 - 302 - 304 - 305 - 307 - 308 - 309 - 315 - 317 - 319 - 324 - 325 - 327 - 328 - 329 - 331 - 335 - 337 - 338 - 339 - 341 - 342 - 344 - 346 - 347 - 348 - 351 - 352 - 355 - 356 - 357 - 360 - 362 - 365 - 370 - 373 - 374 - 376 - 380 - 387 - 389 - 391 - 392 - 394 - 395 - 397 - 399 - 400 - 401 - 403 - 405 - 407 - 408 - 412 - 413 - 415 - 416 - 417 - 423 - 424 - 427 - 428 - 429 - 433 - 434 - 438 - 441 - 442 - 443 - 445 - 446 - 448 - 449 - 450 - 453 - 454 - 455 - 456 - 458 - 464 - 465 - 470 - 471 - 472 - 475 - 479 - 481 - 482 - 483 - 485 - 486 - 487 - 488 - 490 - 494 - 495 - 499,15024914.9,3.3,94043,88938,65.2,Cost: 94043 & Capacity: 88938
0 - 1 - 5 - 8 - 10 - 14 - 15 - 16 - 17 - 20 - 21 - 22 - 24 - 25 - 27 - 29 - 34 - 44 - 45 - 46 - 48 - 50 - 54 - 58 - 61 - 66 - 67 - 69 - 81 - 85 - 95 - 96 - 99 - 100 - 102 - 103 - 106 - 107 - 108 - 109 - 113 - 114 - 117 - 123 - 126 - 134 - 136 - 141 - 144 - 149 - 151 - 157 - 160 - 176 - 183 - 184 - 186 - 190 - 192 - 194 - 195 - 197 - 199 - 201 - 205 - 207 - 208 - 215 - 216 - 217 - 234 - 235 - 238 - 243 - 244 - 249 - 252 - 254 - 256 - 257 - 266 - 276 - 280 - 283 - 298 - 304 - 307 - 311 - 315 - 316 - 323 - 327 - 328 - 330 - 331 - 332 - 333 - 335 - 345 - 348 - 349 - 355 - 359 - 362 - 365 - 370 - 373 - 375 - 379 - 388 - 392 - 396 - 410 - 413 - 416 - 417 - 418 - 422 - 428 - 429 - 434 - 443 - 455 - 456 - 458 - 462 - 465 - 471 - 475 - 478 - 483 - 484 - 487 - 491 - 493 - 498,4642638.7,18.4,83668,67677,66.35,Cost: 83668 & Capacity: 67677
0 - 1 - 3 - 4 - 6 - 7 - 9 - 10 - 12 - 13 - 14 - 15 - 19 - 20 - 22 - 23 - 24 - 26 - 27 - 28 - 30 - 31 - 32 - 33 - 35 - 39 - 40 - 42 - 43 - 44 - 45 - 48 - 49 - 50 - 52 - 56 - 58 - 59 - 61 - 63 - 64 - 69 - 70 - 71 - 72 - 74 - 79 - 82 - 83 - 84 - 85 - 86 - 88 - 90 - 91 - 92 - 93 - 95 - 98 - 100 - 103 - 104 - 105 - 106 - 107 - 109 - 111 - 112 - 113 - 117 - 121 - 122 - 124 - 125 - 126 - 127 - 128 - 134 - 135 - 136 - 137 - 142 - 143 - 144 - 145 - 146 - 147 - 149 - 152 - 153 - 154 - 156 - 157 - 158 - 160 - 161 - 164 - 165 - 167 - 168 - 169 - 170 - 171 - 172 - 174 - 175 - 176 - 177 - 179 - 180 - 181 - 184 - 187 - 189 - 192 - 193 - 194 - 195 - 196 - 197 - 198 - 202 - 203 - 205 - 206 - 208 - 209 - 210 - 211 - 212 - 214 - 216 - 224 - 225 - 226 - 227 - 229 - 230 - 232 - 233 - 234 - 235 - 236 - 237 - 240 - 241 - 244 - 245 - 246 - 247 - 248 - 249 - 251 - 254 - 255 - 259 - 261 - 264 - 265 - 266 - 267 - 268 - 269 - 270 - 272 - 275 - 278 - 279 - 280 - 281 - 282 - 285 - 289 - 291 - 296 - 297 - 298 - 300 - 304 - 306 - 308 - 309 - 310 - 314 - 317 - 319 - 320 - 325 - 328 - 329 - 331 - 332 - 335 - 337 - 339 - 341 - 344 - 346 - 351 - 352 - 353 - 355 - 356 - 357 - 359 - 362 - 365 - 370 - 374 - 376 - 380 - 385 - 387 - 388 - 389 - 390 - 391 - 392 - 394 - 395 - 397 - 399 - 400 - 401 - 403 - 405 - 406 - 407 - 408 - 411 - 413 - 416 - 417 - 418 - 423 - 426 - 428 - 430 - 434 - 435 - 436 - 438 - 439 - 442 - 443 - 445 - 446 - 448 - 449 - 450 - 451 - 453 - 454 - 455 - 456 - 458 - 459 - 460 - 461 - 463 - 464 - 465 - 466 - 468 - 469 - 470 - 471 - 472 - 474 - 476 - 477 - 478 - 479 - 480 - 481 - 482 - 483 - 484 - 485 - 486 - 487 - 488 - 489 - 490 - 492 - 493 - 494 - 495 - 497 - 498 - 499,21114291.9,0.0,92186,94193,66.51,Cost: 92186 & Capacity: 94193
0 - 1 - 3 - 4 - 6 - 7 - 9 - 10 - 12 - 13 - 14 - 15 - 19 - 20 - 22 - 23 - 24 - 26 - 27 - 28 - 30 - 31 - 32 - 33 - 35 - 39 - 40 - 42 - 43 - 44 - 45 - 48 - 49 - 50 - 52 - 56 - 58 - 59 - 61 - 63 - 64 - 69 - 70 - 71 - 72 - 74 - 79 - 82 - 83 - 84 - 85 - 86 - 88 - 90 - 91 - 92 - 93 - 95 - 98 - 100 - 103 - 104 - 105 - 106 - 107 - 109 - 111 - 112 - 113 - 117 - 121 - 122 - 124 - 125 - 126 - 127 - 128 - 134 - 135 - 136 - 137 - 142 - 143 - 144 - 145 - 146 - 147 - 149 - 152 - 153 - 154 - 156 - 157 - 158 - 160 - 161 - 164 - 165 - 167 - 168 - 169 - 170 - 171 - 172 - 174 - 175 - 176 - 177 - 179 - 180 - 181 - 184 - 187 - 189 - 192 - 193 - 194 - 195 - 196 - 197 - 198 - 202 - 203 - 205 - 206 - 208 - 209 - 210 - 211 - 212 - 214 - 216 - 224 - 225 - 226 - 227 - 229 - 230 - 232 - 233 - 234 - 235 - 236 - 237 - 240 - 241 - 244 - 245 - 246 - 247 - 248 - 249 - 251 - 254 - 255 - 259 - 261 - 264 - 265 - 266 - 267 - 268 - 269 - 270 - 272 - 275 - 278 - 279 - 280 - 281 - 282 - 285 - 289 - 291 - 296 - 297 - 298 - 300 - 304 - 306 - 308 - 309 - 310 - 314 - 317 - 319 - 320 - 325 - 328 - 329 - 331 - 332 - 335 - 337 - 339 - 341 - 344 - 346 - 351 - 352 - 353 - 355 - 356 - 357 - 359 - 362 - 365 - 370 - 374 - 376 - 380 - 385 - 387 - 388 - 389 - 390 - 391 - 392 - 394 - 395 - 397 - 399 - 400 - 401 - 403 - 405 - 406 - 407 - 408 - 411 - 413 - 417 - 418 - 423 - 426 - 428 - 430 - 434 - 435 - 436 - 438 - 439 - 442 - 443 - 445 - 446 - 448 - 449 - 450 - 451 - 453 - 454 - 455 - 456 - 458 - 459 - 460 - 461 - 463 - 464 - 465 - 466 - 468 - 469 - 470 - 471 - 472 - 474 - 476 - 477 - 478 - 479 - 480 - 481 - 482 - 483 - 484 - 485 - 486 - 487 - 488 - 489 - 490 - 492 - 493 - 494 - 495 - 497 - 498 - 499,20965582.5,0.0,91532,93644,66.51,Cost: 91532 & Capacity: 93644
0 - 1 - 3 - 4 - 6 - 7 - 9 - 10 - 12 - 13 - 14 - 15 - 19 - 20 - 22 - 23 - 24 - 26 - 27 - 28 - 30 - 31 - 32 - 33 - 35 - 39 - 40 - 42 - 43 - 44 - 45 - 48 - 49 - 50 - 52 - 56 - 58 - 59 - 61 - 63 - 64 - 69 - 70 - 71 - 72 - 74 - 79 - 82 - 83 - 84 - 85 - 86 - 88 - 90 - 91 - 92 - 93 - 95 - 98 - 100 - 103 - 104 - 105 - 106 - 107 - 109 - 111 - 112 - 113 - 117 - 121 - 122 - 124 - 125 - 126 - 127 - 128 - 134 - 135 - 136 - 137 - 142 - 143 - 144 - 145 - 146 - 147 - 149 - 152 - 153 - 154 - 156 - 157 - 158 - 160 - 161 - 164 - 165 - 167 - 168 - 169 - 170 - 171 - 172 - 174 - 175 - 176 - 177 - 179 - 180 - 181 - 184 - 187 - 189 - 192 - 193 - 194 - 195 - 196 - 197 - 198 - 202 - 203 - 205 - 206 - 208 - 209 - 210 - 211 - 212 - 214 - 216 - 224 - 225 - 226 - 227 - 229 - 230 - 232 - 233 - 234 - 235 - 236 - 237 - 240 - 241 - 244 - 245 - 246 - 248 - 249 - 251 - 254 - 255 - 259 - 261 - 264 - 265 - 266 - 267 - 268 - 269 - 270 - 272 - 275 - 278 - 279 - 280 - 281 - 282 - 285 - 289 - 291 - 296 - 297 - 298 - 300 - 304 - 306 - 308 - 309 - 310 - 314 - 317 - 319 - 320 - 325 - 328 - 329 - 331 - 332 - 335 - 337 - 339 - 341 - 344 - 346 - 351 - 352 - 353 - 355 - 356 - 357 - 359 - 362 - 365 - 370 - 374 - 376 - 380 - 385 - 387 - 388 - 389 - 390 - 391 - 392 - 394 - 395 - 397 - 399 - 400 - 401 - 403 - 405 - 406 - 407 - 408 - 411 - 413 - 417 - 418 - 423 - 426 - 428 - 430 - 434 - 435 - 436 - 438 - 439 - 442 - 443 - 445 - 446 - 448 - 449 - 450 - 451 - 453 - 454 - 455 - 456 - 458 - 459 - 460 - 461 - 463 - 464 - 465 - 466 - 468 - 469 - 470 - 471 - 472 - 474 - 476 - 477 - 478 - 479 - 480 - 481 - 482 - 483 - 484 - 485 - 486 - 487 - 488 - 489 - 490 - 492 - 493 - 494 - 495 - 497 - 498 - 499,20825477.9,0.0,90887,93092,66.51,Cost: 90887 & Capacity: 93092
0 - 1 - 3 - 4 - 6 - 7 - 9 - 10 - 12 - 13 - 14 - 15 - 19 - 20 - 22 - 23 - 24 - 26 - 27 - 28 - 30 - 31 - 32 - 33 - 35 - 39 - 40 - 42 - 43 - 44 - 45 - 48 - 49 - 50 - 52 - 56 - 58 - 59 - 61 - 63 - 64 - 69 - 70 - 71 - 72 - 74 - 79 - 82 - 83 - 84 - 85 - 86 - 88 - 90 - 91 - 92 - 93 - 95 - 98 - 100 - 103 - 104 - 105 - 106 - 107 - 109 - 111 - 112 - 113 - 117 - 121 - 122 - 124 - 125 - 126 - 127 - 128 - 134 - 135 - 136 - 137 - 142 - 143 - 144 - 145 - 146 - 147 - 149 - 152 - 153 - 154 - 156 - 157 - 158 - 160 - 161 - 164 - 165 - 167 - 168 - 169 - 170 - 171 - 172 - 174 - 175 - 176 - 177 - 179 - 180 - 181 - 184 - 187 - 189 - 192 - 193 - 194 - 195 - 196 - 197 - 198 - 202 - 203 - 205 - 206 - 208 - 209 - 210 - 211 - 212 - 214 - 216 - 224 - 225 - 226 - 227 - 229 - 230 - 232 - 233 - 234 - 235 - 236 - 237 - 240 - 241 - 244 - 245 - 246 - 248 - 249 - 251 - 254 - 255 - 259 - 261 - 264 - 265 - 266 - 267 - 268 - 269 - 270 - 272 - 275 - 278 - 279 - 280 - 281 - 282 - 285 - 289 - 291 - 296 - 297 - 298 - 300 - 304 - 306 - 308 - 309 - 310 - 314 - 317 - 319 - 320 - 325 - 328 - 329 - 331 - 332 - 335 - 337 - 339 - 341 - 344 - 346 - 351 - 352 - 353 - 355 - 356 - 357 - 359 - 362 - 365 - 370 - 374 - 376 - 380 - 385 - 387 - 388 - 389 - 390 - 391 - 392 - 394 - 395 - 397 - 399 - 400 - 401 - 403 - 405 - 406 - 407 - 408 - 411 - 413 - 417 - 418 - 423 - 426 - 428 - 430 - 434 - 435 - 436 - 438 - 439 - 442 - 443 - 445 - 446 - 448 - 449 - 450 - 451 - 453 - 454 - 456 - 458 - 459 - 460 - 461 - 463 - 464 - 465 - 466 - 468 - 469 - 470 - 471 - 472 - 474 - 476 - 477 - 478 - 479 - 480 - 481 - 482 - 483 - 484 - 485 - 486 - 487 - 488 - 489 - 490 - 492 - 493 - 494 - 495 - 497 - 498 - 499,20689455.3,0.0,90243,92573,66.52,Cost: 90243 & Capacity: 92573
0 - 1 - 3 - 4 - 6 - 7 - 9 - 10 - 12 - 13 - 14 - 15 - 19 - 20 - 22 - 23 - 24 - 26 - 27 - 28 - 30 - 31 - 32 - 33 - 35 - 39 - 40 - 42 - 43 - 44 - 45 - 48 - 49 - 50 - 52 - 56 - 58 - 59 - 61 - 63 - 64 - 69 - 70 - 71 - 72 - 74 - 79 - 82 - 83 - 84 - 85 - 86 - 88 - 90 - 91 - 92 - 93 - 95 - 98 - 100 - 103 - 104 - 105 - 106 - 107 - 109 - 111 - 112 - 113 - 117 - 121 - 122 - 124 - 125 - 126 - 127 - 128 - 134 - 135 - 136 - 137 - 142 - 143 - 144 - 145 - 146 - 147 - 149 - 152 - 154 - 156 - 157 - 158 - 160 - 161 - 164 - 165 - 167 - 168 - 169 - 170 - 171 - 172 - 174 - 175 - 176 - 177 - 179 - 180 - 181 - 184 - 187 - 189 - 192 - 193 - 194 - 195 - 196 - 197 - 198 - 202 - 203 - 205 - 206 - 208 - 209 - 210 - 211 - 212 - 214 - 216 - 224 - 225 - 226 - 227 - 229 - 230 - 232 - 233 - 234 - 235 - 236 - 237 - 240 - 241 - 244 - 245 - 246 - 248 - 249 - 251 - 254 - 255 - 259 - 261 - 264 - 265 - 266 - 267 - 268 - 269 - 270 - 272 - 275 - 278 - 279 - 280 - 281 - 282 - 285 - 289 - 291 - 296 - 297 - 298 - 300 - 304 - 306 - 308 - 309 - 310 - 314 - 317 - 319 - 320 - 325 - 328 - 329 - 331 - 332 - 335 - 337 - 339 - 341 - 344 - 346 - 351 - 352 - 353 - 355 - 356 - 357 - 359 - 362 - 365 - 370 - 374 - 376 - 380 - 385 - 387 - 388 - 389 - 390 - 391 - 392 - 394 - 395 - 397 - 399 - 400 - 401 - 403 - 405 - 406 - 407 - 408 - 411 - 413 - 417 - 418 - 423 - 426 - 428 - 430 - 434 - 435 - 436 - 438 - 439 - 442 - 443 - 445 - 446 - 448 - 449 - 450 - 451 - 453 - 454 - 456 - 458 - 459 - 460 - 461 - 463 - 464 - 465 - 466 - 468 - 469 - 470 - 471 - 472 - 474 - 476 - 477 - 478 - 479 - 480 - 481 - 482 - 483 - 484 - 485 - 486 - 487 - 488 - 489 - 490 - 492 - 493 - 494 - 495 - 497 - 498 - 499,20542669.2,0.0,89604,91579,66.52,Cost: 89604 & Capacity: 91579
0 - 1 - 3 - 4 - 5 - 6 - 7 - 8 - 9 - 10 - 12 - 13 - 14 - 19 - 20 - 22 - 23 - 24 - 26 - 27 - 28 - 30 - 31 - 32 - 33 - 35 - 39 - 40 - 41 - 42 - 43 - 44 - 45 - 48 - 49 - 50 - 52 - 56 - 58 - 59 - 61 - 64 - 69 - 70 - 71 - 72 - 74 - 79 - 82 - 83 - 84 - 85 - 86 - 90 - 91 - 92 - 93 - 95 - 98 - 100 - 103 - 104 - 105 - 106 - 107 - 109 - 111 - 112 - 113 - 117 - 121 - 122 - 124 - 125 - 126 - 127 - 128 - 132 - 134 - 135 - 136 - 137 - 142 - 143 - 144 - 145 - 146 - 147 - 149 - 152 - 153 - 154 - 155 - 156 - 157 - 158 - 160 - 161 - 164 - 165 - 167 - 168 - 169 - 170 - 171 - 172 - 174 - 175 - 176 - 177 - 180 - 181 - 184 - 187 - 189 - 192 - 193 - 194 - 195 - 196 - 198 - 201 - 202 - 203 - 204 - 205 - 206 - 208 - 209 - 210 - 211 - 212 - 214 - 216 - 224 - 225 - 226 - 227 - 229 - 230 - 233 - 234 - 235 - 236 - 237 - 240 - 241 - 244 - 245 - 246 - 248 - 249 - 251 - 254 - 255 - 257 - 259 - 261 - 264 - 265 - 266 - 267 - 269 - 270 - 272 - 275 - 278 - 279 - 280 - 281 - 282 - 285 - 289 - 291 - 296 - 297 - 298 - 300 - 304 - 306 - 308 - 309 - 310 - 314 - 317 - 319 - 320 - 325 - 328 - 329 - 331 - 332 - 335 - 337 - 339 - 341 - 344 - 346 - 351 - 352 - 353 - 355 - 356 - 357 - 359 - 362 - 365 - 370 - 374 - 376 - 380 - 385 - 387 - 388 - 389 - 390 - 391 - 392 - 394 - 395 - 397 - 399 - 400 - 401 - 403 - 404 - 405 - 406 - 407 - 408 - 411 - 413 - 415 - 416 - 417 - 418 - 423 - 426 - 428 - 430 - 434 - 435 - 436 - 438 - 439 - 442 - 443 - 445 - 446 - 448 - 449 - 450 - 451 - 453 - 454 - 455 - 456 - 458 - 459 - 460 - 461 - 463 - 464 - 465 - 466 - 468 - 469 - 470 - 471 - 472 - 474 - 476 - 477 - 478 - 479 - 480 - 481 - 482 - 483 - 484 - 485 - 486 - 487 - 488 - 489 - 490 - 492 - 493 - 494 - 495 - 497 - 498 - 499,21452875.5,0.0,94091,95770,66.71,Cost: 94091 & Capacity: 95770
0 - 1 - 3 - 4 - 5 - 6 - 7 - 8 - 9 - 10 - 12 - 13 - 14 - 19 - 20 - 22 - 23 - 24 - 26 - 27 - 28 - 30 - 31 - 32 - 33 - 35 - 39 - 40 - 41 - 42 - 43 - 44 - 45 - 48 - 49 - 50 - 52 - 56 - 58 - 59 - 61 - 64 - 69 - 70 - 71 - 72 - 74 - 79 - 82 - 83 - 84 - 85 - 86 - 90 - 91 - 92 - 93 - 95 - 98 - 100 - 103 - 104 - 105 - 106 - 107 - 109 - 111 - 112 - 113 - 117 - 121 - 122 - 124 - 125 - 126 - 127 - 128 - 132 - 134 - 135 - 136 - 137 - 142 - 143 - 144 - 145 - 146 - 147 - 149 - 152 - 153 - 154 - 155 - 156 - 157 - 158 - 160 - 161 - 164 - 165 - 167 - 168 - 169 - 170 - 171 - 172 - 174 - 175 - 176 - 177 - 180 - 181 - 184 - 187 - 189 - 192 - 193 - 194 - 195 - 196 - 198 - 201 - 202 - 203 - 204 - 205 - 206 - 208 - 209 - 210 - 211 - 212 - 214 - 216 - 224 - 225 - 226 - 227 - 229 - 230 - 233 - 234 - 235 - 236 - 237 - 240 - 241 - 244 - 245 - 246 - 248 - 249 - 251 - 254 - 255 - 257 - 259 - 261 - 264 - 265 - 266 - 267 - 269 - 270 - 272 - 275 - 278 - 279 - 280 - 281 - 282 - 285 - 289 - 291 - 296 - 297 - 298 - 300 - 304 - 306 - 308 - 309 - 310 - 314 - 317 - 319 - 320 - 325 - 328 - 329 - 331 - 332 - 335 - 337 - 339 - 341 - 344 - 346 - 351 - 352 - 353 - 355 - 356 - 357 - 359 - 362 - 365 - 370 - 374 - 376 - 380 - 385 - 387 - 388 - 389 - 390 - 391 - 392 - 394 - 395 - 397 - 399 - 400 - 401 - 403 - 404 - 405 - 406 - 407 - 408 - 411 - 413 - 415 - 416 - 417 - 418 - 423 - 426 - 428 - 430 - 434 - 435 - 436 - 438 - 439 - 442 - 443 - 445 - 446 - 448 - 449 - 450 - 451 - 453 - 454 - 455 - 456 - 458 - 459 - 460 - 461 - 463 - 464 - 465 - 466 - 468 - 469 - 470 - 471 - 472 - 474 - 476 - 477 - 478 - 479 - 480 - 481 - 482 - 483 - 484 - 485 - 486 - 487 - 488 - 489 - 490 - 492 - 493 - 494 - 495 - 497 - 498 - 499,21452875.5,0.0,94091,95770,71.39,Cost: 94091 & Capacity: 95770
0 - 1 - 3 - 4 - 5 - 6 - 7 - 8 - 9 - 10 - 12 - 13 - 14 - 19 - 20 - 22 - 23 - 24 - 26 - 27 - 28 - 30 - 31 - 32 - 33 - 35 - 39 - 40 - 41 - 42 - 43 - 44 - 45 - 48 - 49 - 50 - 52 - 56 - 58 - 59 - 61 - 64 - 69 - 70 - 71 - 72 - 74 - 79 - 82 - 83 - 84 - 85 - 86 - 90 - 91 - 92 - 93 - 95 - 98 - 100 - 103 - 104 - 105 - 106 - 107 - 109 - 111 - 112 - 113 - 117 - 121 - 122 - 124 - 125 - 126 - 127 - 128 - 132 - 134 - 135 - 136 - 137 - 142 - 143 - 144 - 145 - 146 - 147 - 149 - 152 - 153 - 154 - 155 - 156 - 157 - 158 - 160 - 161 - 164 - 165 - 167 - 168 - 169 - 170 - 171 - 172 - 174 - 175 - 176 - 177 - 180 - 181 - 184 - 187 - 189 - 192 - 193 - 194 - 195 - 196 - 198 - 201 - 202 - 203 - 204 - 205 - 206 - 208 - 209 - 210 - 211 - 212 - 214 - 216 - 224 - 225 - 226 - 227 - 229 - 230 - 233 - 234 - 235 - 236 - 237 - 240 - 241 - 244 - 245 - 246 - 248 - 249 - 251 - 254 - 255 - 257 - 259 - 261 - 264 - 265 - 266 - 267 - 269 - 270 - 272 - 275 - 278 - 279 - 280 - 281 - 282 - 285 - 289 - 291 - 296 - 297 - 298 - 300 - 304 - 306 - 308 - 309 - 310 - 314 - 317 - 319 - 320 - 325 - 328 - 329 - 331 - 332 - 335 - 337 - 339 - 341 - 344 - 346 - 351 - 352 - 353 - 355 - 356 - 357 - 359 - 362 - 365 - 370 - 374 - 376 - 380 - 385 - 387 - 388 - 389 - 390 - 391 - 392 - 394 - 395 - 397 - 399 - 400 - 401 - 403 - 404 - 405 - 406 - 407 - 408 - 411 - 413 - 415 - 416 - 417 - 418 - 423 - 426 - 428 - 430 - 434 - 435 - 436 - 438 - 439 - 442 - 443 - 445 - 446 - 448 - 449 - 450 - 451 - 453 - 454 - 455 - 456 - 458 - 459 - 460 - 461 - 463 - 464 - 465 - 466 - 468 - 469 - 470 - 471 - 472 - 474 - 476 - 477 - 478 - 479 - 480 - 481 - 482 - 483 - 484 - 485 - 486 - 487 - 488 - 489 - 490 - 492 - 493 - 494 - 495 - 497 - 498 - 499,21452875.5,0.0,94091,95770,73.84,Cost: 94091 & Capacity: 95770
0 - 1 - 3 - 4 - 5 - 6 - 7 - 8 - 9 - 10 - 12 - 13 - 14 - 19 - 20 - 22 - 23 - 24 - 26 - 27 - 28 - 30 - 31 - 32 - 33 - 35 - 39 - 40 - 41 - 42 - 43 - 44 - 45 - 48 - 49 - 50 - 52 - 56 - 58 - 59 - 61 - 64 - 69 - 70 - 71 - 72 - 74 - 79 - 82 - 83 - 84 - 85 - 86 - 90 - 91 - 92 - 93 - 95 - 98 - 100 - 103 - 104 - 105 - 106 - 107 - 109 - 111 - 112 - 113 - 117 - 121 - 122 - 124 - 125 - 126 - 127 - 128 - 132 - 134 - 135 - 136 - 137 - 142 - 143 - 144 - 145 - 146 - 147 - 149 - 152 - 153 - 154 - 155 - 156 - 157 - 158 - 160 - 161 - 164 - 165 - 167 - 168 - 169 - 170 - 171 - 172 - 174 - 175 - 176 - 177 - 180 - 181 - 184 - 187 - 189 - 192 - 193 - 194 - 195 - 196 - 198 - 201 - 202 - 203 - 204 - 205 - 206 - 208 - 209 - 210 - 211 - 212 - 214 - 216 - 224 - 225 - 226 - 227 - 229 - 230 - 233 - 234 - 235 - 236 - 237 - 240 - 241 - 244 - 245 - 246 - 248 - 249 - 251 - 254 - 255 - 257 - 259 - 261 - 264 - 265 - 266 - 267 - 269 - 270 - 272 - 275 - 278 - 279 - 280 - 281 - 282 - 285 - 289 - 291 - 296 - 297 - 298 - 300 - 304 - 306 - 308 - 309 - 310 - 314 - 317 - 319 - 320 - 325 - 328 - 329 - 331 - 332 - 335 - 337 - 339 - 341 - 344 - 346 - 351 - 352 - 353 - 355 - 356 - 357 - 359 - 362 - 365 - 370 - 374 - 376 - 380 - 385 - 387 - 388 - 389 - 390 - 391 - 392 - 394 - 395 - 397 - 399 - 400 - 401 - 403 - 404 - 405 - 406 - 407 - 408 - 411 - 413 - 415 - 416 - 417 - 418 - 423 - 426 - 428 - 430 - 434 - 435 - 436 - 438 - 439 - 442 - 443 - 445 - 446 - 448 - 449 - 450 - 451 - 453 - 454 - 455 - 456 - 458 - 459 - 460 - 461 - 463 - 464 - 465 - 466 - 468 - 469 - 470 - 471 - 472 - 474 - 476 - 477 - 478 - 479 - 480 - 481 - 482 - 483 - 484 - 485 - 486 - 487 - 488 - 489 - 490 - 492 - 493 - 494 - 495 - 497 - 498 - 499,21452875.5,0.0,94091,95770,74.59,Cost: 94091 & Capacity: 95770
0 - 1 - 3 - 4 - 5 - 6 - 7 - 8 - 9 - 10 - 12 - 13 - 14 - 19 - 20 - 22 - 23 - 24 - 26 - 27 - 28 - 30 - 31 - 32 - 33 - 35 - 39 - 40 - 41 - 42 - 43 - 44 - 45 - 48 - 49 - 50 - 52 - 56 - 58 - 59 - 61 - 64 - 69 - 70 - 71 - 72 - 74 - 79 - 82 - 83 - 84 - 85 - 86 - 90 - 91 - 92 - 93 - 95 - 98 - 100 - 103 - 104 - 105 - 106 - 107 - 109 - 111 - 112 - 113 - 117 - 121 - 122 - 124 - 125 - 126 - 127 - 128 - 132 - 134 - 135 - 136 - 137 - 142 - 143 - 144 - 145 - 146 - 147 - 149 - 152 - 153 - 154 - 155 - 156 - 157 - 158 - 160 - 161 - 164 - 165 - 167 - 168 - 169 - 170 - 171 - 172 - 174 - 175 - 176 - 177 - 180 - 181 - 184 - 187 - 189 - 192 - 193 - 194 - 195 - 196 - 198 - 201 - 202 - 203 - 204 - 205 - 206 - 208 - 209 - 210 - 211 - 212 - 214 - 216 - 224 - 225 - 226 - 227 - 229 - 230 - 233 - 234 - 235 - 236 - 237 - 240 - 241 - 244 - 245 - 246 - 248 - 249 - 251 - 254 - 255 - 257 - 259 - 261 - 264 - 265 - 266 - 267 - 269 - 270 - 272 - 275 - 278 - 279 - 280 - 281 - 282 - 285 - 289 - 291 - 296 - 297 - 298 - 300 - 304 - 306 - 308 - 309 - 310 - 314 - 317 - 319 - 320 - 325 - 328 - 329 - 331 - 332 - 335 - 337 - 339 - 341 - 344 - 346 - 351 - 352 - 353 - 355 - 356 - 357 - 359 - 362 - 365 - 370 - 374 - 376 - 380 - 385 - 387 - 388 - 389 - 390 - 391 - 392 - 394 - 395 - 397 - 399 - 400 - 401 - 403 - 404 - 405 - 406 - 407 - 408 - 411 - 413 - 415 - 416 - 417 - 418 - 423 - 426 - 428 - 430 - 434 - 435 - 436 - 438 - 439 - 442 - 443 - 445 - 446 - 448 - 449 - 450 - 451 - 453 - 454 - 455 - 456 - 458 - 459 - 460 - 461 - 463 - 464 - 465 - 466 - 468 - 469 - 470 - 471 - 472 - 474 - 476 - 477 - 478 - 479 - 480 - 481 - 482 - 483 - 484 - 485 - 486 - 487 - 488 - 489 - 490 - 492 - 493 - 494 - 495 - 497 - 498 - 499,21452875.5,0.0,94091,95770,75.36,Cost: 94091 & Capacity: 95770
4 - 6 - 7 - 9 - 10 - 11 - 22 - 26 - 27 - 29 - 32 - 34 - 40 - 44 - 46 - 51 - 53 - 55 - 61 - 65 - 66 - 86 - 89 - 91 - 92 - 94 - 99 - 100 - 106 - 107 - 113 - 122 - 126 - 130 - 133 - 138 - 139 - 148 - 149 - 150 - 165 - 170 - 176 - 189 - 193 - 200 - 206 - 208 - 209 - 217 - 219 - 220 - 223 - 234 - 235 - 243 - 248 - 249 - 252 - 253 - 258 - 263 - 275 - 277 - 278 - 283 - 288 - 291 - 295 - 297 - 300 - 306 - 307 - 314 - 316 - 318 - 319 - 320 - 326 - 328 - 330 - 336 - 339 - 342 - 343 - 345 - 346 - 348 - 355 - 357 - 359 - 360 - 371 - 373 - 374 - 379 - 382 - 384 - 388 - 390 - 393 - 395 - 396 - 397 - 399 - 400 - 404 - 405 - 409 - 410 - 418 - 420 - 431 - 432 - 443 - 450 - 451 - 452 - 453 - 456 - 458 - 459 - 463 - 464 - 469 - 470 - 475 - 476 - 477 - 481 - 484 - 485 - 487 - 490 - 491 - 493,4690852.5,17.2,86450,67865,75.4,Cost: 86450 & Capacity: 67865
2 - 4 - 8 - 10 - 16 - 17 - 18 - 22 - 25 - 31 - 34 - 35 - 39 - 44 - 45 - 46 - 48 - 50 - 51 - 60 - 61 - 65 - 66 - 71 - 74 - 82 - 93 - 95 - 98 - 99 - 100 - 102 - 103 - 104 - 106 - 107 - 108 - 113 - 114 - 120 - 123 - 128 - 131 - 134 - 142 - 143 - 150 - 151 - 153 - 171 - 175 - 177 - 185 - 186 - 193 - 204 - 207 - 208 - 215 - 216 - 217 - 228 - 231 - 235 - 238 - 240 - 243 - 244 - 255 - 256 - 262 - 264 - 267 - 271 - 276 - 287 - 290 - 291 - 295 - 301 - 304 - 311 - 315 - 320 - 329 - 331 - 332 - 340 - 346 - 348 - 352 - 353 - 354 - 356 - 358 - 359 - 364 - 367 - 370 - 374 - 376 - 379 - 386 - 391 - 392 - 396 - 397 - 405 - 409 - 410 - 411 - 417 - 418 - 420 - 424 - 428 - 432 - 433 - 434 - 437 - 442 - 444 - 448 - 449 - 450 - 458 - 461 - 462 - 466 - 468 - 475 - 487 - 489 - 490 - 494 - 496 - 498 - 499,4851117.5,17.1,90396,71640,75.94,Cost: 90396 & Capacity: 71640
2 - 4 - 8 - 10 - 16 - 17 - 18 - 22 - 25 - 31 - 34 - 35 - 39 - 44 - 45 - 46 - 48 - 50 - 51 - 60 - 61 - 65 - 66 - 71 - 74 - 82 - 93 - 95 - 98 - 99 - 100 - 102 - 103 - 104 - 106 - 107 - 108 - 113 - 114 - 120 - 123 - 128 - 131 - 134 - 142 - 143 - 150 - 151 - 153 - 171 - 175 - 177 - 185 - 186 - 193 - 204 - 207 - 208 - 215 - 216 - 217 - 228 - 231 - 235 - 238 - 240 - 243 - 244 - 255 - 256 - 262 - 264 - 267 - 271 - 276 - 287 - 290 - 291 - 295 - 301 - 304 - 311 - 315 - 320 - 329 - 331 - 332 - 340 - 346 - 348 - 352 - 353 - 354 - 356 - 358 - 359 - 364 - 367 - 370 - 374 - 376 - 379 - 386 - 391 - 392 - 396 - 397 - 405 - 409 - 410 - 411 - 417 - 418 - 420 - 424 - 428 - 432 - 433 - 434 - 437 - 442 - 444 - 448 - 449 - 450 - 458 - 461 - 462 - 466 - 468 - 475 - 482 - 487 - 489 - 490 - 494 - 496 - 498 - 499,4924514.2,17.0,90907,72277,75.94,Cost: 90907 & Capacity: 72277
4 - 7 - 12 - 18 - 21 - 23 - 29 - 30 - 33 - 34 - 37 - 47 - 48 - 50 - 57 - 61 - 93 - 99 - 100 - 103 - 105 - 110 - 114 - 119 - 125 - 126 - 128 - 130 - 133 - 142 - 145 - 147 - 148 - 149 - 154 - 163 - 165 - 169 - 171 - 176 - 185 - 186 - 194 - 200 - 206 - 215 - 216 - 235 - 241 - 243 - 245 - 251 - 254 - 264 - 265 - 269 - 274 - 279 - 288 - 292 - 293 - 296 - 302 - 307 - 308 - 312 - 316 - 327 - 329 - 333 - 337 - 339 - 344 - 350 - 356 - 361 - 380 - 384 - 390 - 391 - 397 - 403 - 405 - 409 - 412 - 414 - 415 - 416 - 422 - 428 - 429 - 430 - 431 - 434 - 442 - 443 - 446 - 450 - 465 - 471 - 475 - 476 - 479 - 482 - 487 - 493 - 497 - 498,3026910.4,24.7,64181,51202,76.12,Cost: 64181 & Capacity: 51202
4 - 6 - 7 - 12 - 13 - 18 - 19 - 21 - 23 - 27 - 29 - 30 - 33 - 34 - 37 - 40 - 46 - 47 - 48 - 49 - 50 - 53 - 57 - 61 - 72 - 79 - 86 - 93 - 98 - 99 - 100 - 103 - 105 - 109 - 110 - 112 - 113 - 114 - 119 - 125 - 126 - 128 - 130 - 133 - 139 - 142 - 145 - 146 - 147 - 148 - 149 - 150 - 154 - 163 - 165 - 169 - 171 - 176 - 185 - 186 - 193 - 194 - 200 - 202 - 205 - 206 - 215 - 216 - 221 - 227 - 229 - 233 - 235 - 241 - 243 - 245 - 251 - 254 - 255 - 258 - 264 - 265 - 267 - 269 - 274 - 275 - 279 - 283 - 288 - 292 - 293 - 295 - 296 - 297 - 300 - 302 - 307 - 308 - 312 - 316 - 319 - 320 - 327 - 329 - 333 - 337 - 339 - 340 - 341 - 344 - 347 - 348 - 350 - 351 - 355 - 356 - 359 - 361 - 377 - 380 - 384 - 387 - 390 - 391 - 396 - 397 - 400 - 403 - 405 - 409 - 412 - 413 - 414 - 415 - 416 - 422 - 428 - 429 - 430 - 431 - 434 - 442 - 443 - 444 - 445 - 446 - 449 - 450 - 459 - 465 - 471 - 475 - 476 - 479 - 480 - 482 - 487 - 493 - 496 - 497 - 498,6594462.4,12.2,92716,75414,76.13,Cost: 92716 & Capacity: 75414
0 - 1 - 3 - 4 - 5 - 6 - 7 - 8 - 9 - 10 - 12 - 13 - 14 - 19 - 20 - 22 - 23 - 24 - 26 - 27 - 28 - 30 - 31 - 32 - 33 - 35 - 39 - 40 - 41 - 42 - 43 - 44 - 45 - 48 - 49 - 50 - 52 - 56 - 58 - 59 - 61 - 64 - 69 - 70 - 71 - 72 - 74 - 79 - 82 - 83 - 84 - 85 - 86 - 90 - 91 - 92 - 93 - 95 - 98 - 100 - 103 - 104 - 105 - 106 - 107 - 109 - 111 - 112 - 113 - 117 - 121 - 122 - 124 - 125 - 126 - 127 - 128 - 132 - 134 - 135 - 136 - 137 - 142 - 143 - 144 - 145 - 146 - 147 - 149 - 152 - 153 - 154 - 155 - 156 - 157 - 158 - 160 - 161 - 164 - 165 - 167 - 168 - 169 - 170 - 171 - 172 - 174 - 175 - 176 - 177 - 180 - 181 - 184 - 187 - 189 - 192 - 193 - 194 - 195 - 196 - 198 - 201 - 202 - 203 - 204 - 205 - 206 - 208 - 209 - 210 - 211 - 212 - 214 - 216 - 224 - 225 - 226 - 227 - 229 - 230 - 233 - 234 - 235 - 236 - 237 - 240 - 241 - 244 - 245 - 246 - 248 - 249 - 251 - 254 - 255 - 257 - 259 - 261 - 264 - 265 - 266 - 267 - 269 - 270 - 272 - 275 - 278 - 279 - 280 - 281 - 282 - 285 - 289 - 291 - 296 - 297 - 298 - 300 - 304 - 306 - 308 - 309 - 310 - 314 - 317 - 319 - 320 - 325 - 328 - 329 - 331 - 332 - 335 - 337 - 339 - 341 - 344 - 346 - 351 - 352 - 353 - 355 - 356 - 357 - 359 - 362 - 365 - 370 - 374 - 376 - 380 - 385 - 387 - 388 - 389 - 390 - 391 - 392 - 394 - 395 - 397 - 399 - 400 - 401 - 403 - 404 - 405 - 406 - 407 - 408 - 411 - 413 - 415 - 416 - 417 - 418 - 423 - 426 - 428 - 430 - 434 - 435 - 436 - 438 - 439 - 442 - 443 - 445 - 446 - 448 - 449 - 450 - 451 - 453 - 454 - 455 - 456 - 458 - 459 - 460 - 461 - 463 - 464 - 465 - 466 - 468 - 469 - 470 - 471 - 472 - 474 - 476 - 477 - 478 - 479 - 480 - 481 - 482 - 483 - 484 - 485 - 486 - 487 - 488 - 489 - 490 - 492 - 493 - 494 - 495 - 497 - 498 - 499,21452875.5,0.0,94091,95770,77.77,Cost: 94091 & Capacity: 95770
0 - 1 - 3 - 4 - 5 - 6 - 7 - 8 - 9 - 10 - 12 - 13 - 14 - 19 - 20 - 22 - 23 - 24 - 26 - 27 - 28 - 30 - 31 - 32 - 33 - 35 - 39 - 40 - 41 - 42 - 43 - 44 - 45 - 48 - 49 - 50 - 52 - 56 - 58 - 59 - 61 - 64 - 69 - 70 - 71 - 72 - 74 - 79 - 82 - 83 - 84 - 85 - 86 - 90 - 91 - 92 - 93 - 95 - 98 - 100 - 103 - 104 - 105 - 106 - 107 - 109 - 111 - 112 - 113 - 117 - 121 - 122 - 124 - 125 - 126 - 127 - 128 - 132 - 134 - 135 - 136 - 137 - 142 - 143 - 144 - 145 - 146 - 147 - 149 - 152 - 153 - 154 - 155 - 156 - 157 - 158 - 160 - 161 - 164 - 165 - 167 - 168 - 169 - 170 - 171 - 172 - 174 - 175 - 176 - 177 - 180 - 181 - 184 - 187 - 189 - 192 - 193 - 194 - 195 - 196 - 198 - 201 - 202 - 203 - 204 - 205 - 206 - 208 - 209 - 210 - 211 - 212 - 214 - 216 - 224 - 225 - 226 - 227 - 229 - 230 - 233 - 234 - 235 - 236 - 237 - 240 - 241 - 244 - 245 - 246 - 248 - 249 - 251 - 254 - 255 - 257 - 259 - 261 - 264 - 265 - 266 - 267 - 269 - 270 - 272 - 275 - 278 - 279 - 280 - 281 - 282 - 285 - 289 - 291 - 296 - 297 - 298 - 300 - 304 - 306 - 308 - 309 - 310 - 314 - 317 - 319 - 320 - 325 - 328 - 329 - 331 - 332 - 335 - 337 - 339 - 341 - 344 - 346 - 351 - 352 - 353 - 355 - 356 - 357 - 359 - 362 - 365 - 370 - 374 - 376 - 380 - 385 - 387 - 388 - 389 - 390 - 391 - 392 - 394 - 395 - 397 - 399 - 400 - 401 - 403 - 404 - 405 - 406 - 407 - 408 - 411 - 413 - 415 - 416 - 417 - 418 - 423 - 426 - 428 - 430 - 434 - 435 - 436 - 438 - 439 - 442 - 443 - 445 - 446 - 448 - 449 - 450 - 451 - 453 - 454 - 455 - 456 - 458 - 459 - 460 - 461 - 463 - 464 - 465 - 466 - 468 - 469 - 470 - 471 - 472 - 474 - 476 - 477 - 478 - 479 - 480 - 481 - 482 - 483 - 484 - 485 - 486 - 487 - 488 - 489 - 490 - 492 - 493 - 494 - 495 - 497 - 498 - 499,21452875.5,0.0,94091,95770,78.48,Cost: 94091 & Capacity: 95770
0 - 1 - 3 - 4 - 6 - 7 - 9 - 10 - 12 - 13 - 14 - 15 - 19 - 20 - 22 - 23 - 24 - 26 - 27 - 28 - 30 - 31 - 32 - 33 - 35 - 39 - 40 - 42 - 43 - 44 - 45 - 48 - 49 - 50 - 52 - 56 - 58 - 59 - 61 - 63 - 64 - 69 - 70 - 71 - 72 - 74 - 79 - 82 - 83 - 84 - 85 - 86 - 88 - 90 - 91 - 92 - 93 - 95 - 98 - 100 - 103 - 104 - 105 - 106 - 107 - 109 - 111 - 112 - 113 - 117 - 121 - 122 - 124 - 125 - 126 - 127 - 128 - 134 - 135 - 136 - 137 - 142 - 143 - 145 - 146 - 147 - 149 - 152 - 153 - 154 - 156 - 157 - 158 - 160 - 161 - 164 - 165 - 167 - 168 - 169 - 170 - 171 - 172 - 174 - 175 - 176 - 177 - 179 - 180 - 181 - 184 - 187 - 189 - 192 - 193 - 194 - 195 - 196 - 197 - 198 - 202 - 203 - 205 - 206 - 208 - 209 - 210 - 211 - 212 - 214 - 216 - 224 - 225 - 226 - 227 - 229 - 230 - 232 - 233 - 234 - 235 - 236 - 237 - 240 - 241 - 244 - 245 - 246 - 247 - 248 - 249 - 251 - 254 - 255 - 259 - 261 - 264 - 265 - 266 - 267 - 268 - 269 - 270 - 272 - 275 - 278 - 279 - 280 - 281 - 282 - 285 - 289 - 291 - 296 - 297 - 298 - 300 - 304 - 306 - 308 - 309 - 310 - 314 - 317 - 319 - 320 - 325 - 328 - 329 - 331 - 332 - 335 - 337 - 339 - 341 - 344 - 346 - 351 - 352 - 353 - 355 - 356 - 357 - 359 - 362 - 365 - 370 - 374 - 376 - 380 - 385 - 387 - 388 - 389 - 390 - 391 - 392 - 394 - 395 - 397 - 399 - 400 - 401 - 403 - 405 - 406 - 407 - 408 - 411 - 413 - 417 - 418 - 423 - 426 - 428 - 430 - 434 - 435 - 436 - 438 - 439 - 442 - 443 - 445 - 446 - 448 - 449 - 450 - 451 - 453 - 454 - 455 - 456 - 458 - 459 - 460 - 461 - 463 - 464 - 465 - 466 - 468 - 469 - 470 - 471 - 472 - 474 - 476 - 477 - 478 - 479 - 480 - 481 - 482 - 483 - 484 - 485 - 486 - 487 - 488 - 489 - 490 - 492 - 493 - 494 - 495 - 497 - 498 - 499,20826450.1,0.0,90888,92666,78.42,Cost: 90888 & Capacity: 92666
0 - 1 - 3 - 4 - 6 - 7 - 8 - 9 - 10 - 12 - 13 - 14 - 15 - 19 - 20 - 22 - 23 - 24 - 26 - 27 - 28 - 30 - 31 - 32 - 33 - 35 - 39 - 40 - 42 - 43 - 44 - 45 - 48 - 49 - 50 - 52 - 56 - 58 - 59 - 61 - 63 - 64 - 69 - 70 - 71 - 72 - 74 - 79 - 82 - 83 - 84 - 85 - 86 - 88 - 90 - 91 - 92 - 93 - 95 - 98 - 100 - 103 - 104 - 105 - 106 - 107 - 109 - 111 - 112 - 113 - 117 - 121 - 122 - 124 - 125 - 126 - 127 - 128 - 134 - 135 - 136 - 137 - 142 - 143 - 144 - 145 - 146 - 147 - 149 - 152 - 153 - 154 - 156 - 157 - 158 - 160 - 161 - 164 - 165 - 167 - 168 - 169 - 170 - 171 - 172 - 174 - 175 - 176 - 177 - 179 - 180 - 181 - 184 - 187 - 189 - 192 - 193 - 194 - 195 - 196 - 197 - 198 - 202 - 203 - 205 - 206 - 208 - 209 - 210 - 211 - 212 - 214 - 216 - 224 - 225 - 226 - 227 - 229 - 230 - 232 - 233 - 234 - 235 - 236 - 237 - 240 - 241 - 244 - 245 - 246 - 247 - 248 - 249 - 251 - 254 - 255 - 259 - 261 - 264 - 265 - 266 - 267 - 268 - 269 - 270 - 272 - 275 - 278 - 279 - 280 - 281 - 282 - 285 - 289 - 291 - 296 - 297 - 298 - 300 - 304 - 306 - 308 - 309 - 310 - 314 - 317 - 319 - 320 - 325 - 328 - 329 - 331 - 332 - 335 - 337 - 339 - 341 - 344 - 346 - 351 - 352 - 353 - 355 - 356 - 357 - 359 - 362 - 365 - 370 - 374 - 376 - 380 - 385 - 387 - 388 - 389 - 390 - 391 - 392 - 394 - 395 - 397 - 399 - 400 - 401 - 403 - 405 - 406 - 407 - 408 - 411 - 413 - 417 - 418 - 423 - 426 - 428 - 430 - 434 - 435 - 436 - 438 - 439 - 442 - 443 - 445 - 446 - 448 - 449 - 450 - 451 - 453 - 454 - 455 - 456 - 458 - 459 - 460 - 461 - 463 - 464 - 465 - 466 - 468 - 469 - 470 - 471 - 472 - 474 - 476 - 477 - 478 - 479 - 480 - 481 - 482 - 483 - 484 - 485 - 486 - 487 - 488 - 489 - 490 - 492 - 493 - 494 - 495 - 497 - 498 - 499,21113162.6,0.0,92183,94001,78.42,Cost: 92183 & Capacity: 94001
0 - 1 - 3 - 4 - 6 - 7 - 8 - 9 - 10 - 12 - 13 - 14 - 15 - 19 - 20 - 22 - 23 - 24 - 26 - 27 - 28 - 30 - 31 - 32 - 33 - 35 - 39 - 40 - 42 - 43 - 44 - 45 - 48 - 49 - 50 - 52 - 56 - 58 - 59 - 61 - 63 - 64 - 69 - 70 - 71 - 72 - 74 - 79 - 82 - 83 - 84 - 85 - 86 - 88 - 90 - 91 - 92 - 93 - 95 - 98 - 100 - 103 - 104 - 105 - 106 - 107 - 109 - 111 - 112 - 113 - 117 - 121 - 122 - 124 - 125 - 126 - 127 - 128 - 134 - 135 - 136 - 137 - 142 - 143 - 144 - 145 - 146 - 147 - 149 - 152 - 153 - 154 - 156 - 157 - 158 - 160 - 161 - 164 - 165 - 167 - 168 - 169 - 170 - 171 - 172 - 174 - 175 - 176 - 177 - 179 - 180 - 181 - 184 - 187 - 189 - 192 - 193 - 194 - 195 - 196 - 197 - 198 - 202 - 203 - 205 - 206 - 208 - 209 - 210 - 211 - 212 - 214 - 216 - 224 - 225 - 226 - 227 - 229 - 230 - 232 - 233 - 234 - 235 - 236 - 237 - 240 - 241 - 244 - 245 - 246 - 247 - 248 - 249 - 251 - 254 - 255 - 259 - 261 - 264 - 265 - 266 - 267 - 268 - 269 - 270 - 272 - 275 - 278 - 279 - 280 - 281 - 282 - 285 - 289 - 291 - 296 - 297 - 298 - 300 - 304 - 306 - 308 - 309 - 310 - 314 - 317 - 319 - 320 - 325 - 328 - 329 - 331 - 332 - 335 - 337 - 339 - 341 - 344 - 346 - 351 - 352 - 353 - 355 - 356 - 357 - 359 - 362 - 365 - 370 - 374 - 376 - 380 - 385 - 387 - 388 - 389 - 390 - 391 - 392 - 394 - 395 - 397 - 399 - 400 - 401 - 403 - 405 - 406 - 407 - 408 - 411 - 413 - 416 - 417 - 418 - 423 - 426 - 428 - 430 - 434 - 435 - 436 - 438 - 439 - 442 - 443 - 445 - 446 - 448 - 449 - 450 - 451 - 453 - 454 - 455 - 456 - 458 - 459 - 460 - 461 - 463 - 464 - 465 - 466 - 468 - 469 - 470 - 471 - 472 - 474 - 476 - 477 - 478 - 479 - 480 - 481 - 482 - 483 - 484 - 485 - 486 - 487 - 488 - 489 - 490 - 492 - 493 - 494 - 495 - 497 - 498 - 499,21262090.6,0.0,92837,94550,78.42,Cost: 92837 & Capacity: 94550
0 - 1 - 3 - 4 - 6 - 7 - 9 - 10 - 12 - 13 - 14 - 15 - 19 - 20 - 22 - 23 - 24 - 26 - 27 - 28 - 30 - 31 - 32 - 33 - 35 - 39 - 40 - 42 - 43 - 44 - 45 - 48 - 49 - 50 - 52 - 56 - 58 - 59 - 61 - 63 - 64 - 69 - 70 - 71 - 72 - 74 - 79 - 82 - 83 - 84 - 85 - 86 - 88 - 90 - 91 - 92 - 93 - 95 - 98 - 100 - 103 - 104 - 105 - 106 - 107 - 109 - 111 - 112 - 113 - 117 - 121 - 122 - 124 - 125 - 126 - 127 - 128 - 134 - 135 - 136 - 137 - 142 - 143 - 144 - 145 - 146 - 147 - 149 - 152 - 153 - 154 - 156 - 157 - 158 - 160 - 161 - 164 - 165 - 167 - 168 - 169 - 170 - 171 - 172 - 174 - 175 - 176 - 177 - 179 - 180 - 181 - 184 - 187 - 189 - 192 - 193 - 194 - 195 - 196 - 197 - 198 - 201 - 202 - 203 - 205 - 206 - 208 - 209 - 210 - 211 - 212 - 214 - 216 - 224 - 225 - 226 - 227 - 229 - 230 - 232 - 233 - 234 - 235 - 236 - 237 - 240 - 241 - 244 - 245 - 246 - 247 - 248 - 249 - 251 - 254 - 255 - 259 - 261 - 264 - 265 - 266 - 267 - 268 - 269 - 270 - 272 - 275 - 278 - 279 - 280 - 281 - 282 - 285 - 289 - 291 - 296 - 297 - 298 - 300 - 304 - 306 - 308 - 309 - 310 - 314 - 317 - 319 - 320 - 325 - 328 - 329 - 331 - 332 - 335 - 337 - 339 - 341 - 344 - 346 - 351 - 352 - 353 - 355 - 356 - 357 - 359 - 362 - 365 - 370 - 374 - 376 - 380 - 385 - 387 - 388 - 389 - 390 - 391 - 392 - 394 - 395 - 397 - 399 - 400 - 401 - 403 - 405 - 406 - 407 - 408 - 411 - 413 - 416 - 417 - 418 - 423 - 426 - 428 - 430 - 434 - 435 - 436 - 438 - 439 - 442 - 443 - 445 - 446 - 448 - 449 - 450 - 451 - 453 - 454 - 455 - 456 - 458 - 459 - 460 - 461 - 463 - 464 - 465 - 466 - 468 - 469 - 470 - 471 - 472 - 474 - 476 - 477 - 478 - 479 - 480 - 481 - 482 - 483 - 484 - 485 - 486 - 487 - 488 - 489 - 490 - 492 - 493 - 494 - 495 - 497 - 498 - 499,21255999.4,0.0,92833,94542,79.06,Cost: 92833 & Capacity: 94542
0 - 1 - 3 - 4 - 6 - 7 - 9 - 10 - 12 - 13 - 14 - 15 - 19 - 20 - 22 - 23 - 24 - 26 - 27 - 28 - 30 - 31 - 32 - 33 - 35 - 39 - 40 - 42 - 43 - 44 - 45 - 48 - 49 - 50 - 52 - 56 - 58 - 59 - 61 - 63 - 64 - 69 - 70 - 71 - 72 - 74 - 79 - 82 - 83 - 84 - 85 - 86 - 88 - 90 - 91 - 92 - 93 - 95 - 98 - 100 - 103 - 104 - 105 - 106 - 107 - 109 - 111 - 112 - 113 - 117 - 121 - 122 - 124 - 125 - 126 - 127 - 128 - 134 - 135 - 136 - 137 - 142 - 143 - 144 - 145 - 146 - 147 - 149 - 152 - 153 - 154 - 156 - 157 - 158 - 160 - 161 - 164 - 165 - 167 - 168 - 169 - 170 - 171 - 172 - 174 - 175 - 176 - 177 - 179 - 180 - 181 - 184 - 187 - 189 - 192 - 193 - 194 - 195 - 196 - 197 - 198 - 201 - 202 - 203 - 205 - 206 - 208 - 209 - 210 - 211 - 212 - 214 - 216 - 224 - 225 - 226 - 227 - 229 - 230 - 232 - 233 - 234 - 235 - 236 - 237 - 240 - 241 - 244 - 245 - 246 - 247 - 248 - 249 - 251 - 254 - 255 - 259 - 261 - 264 - 265 - 266 - 267 - 268 - 269 - 270 - 272 - 275 - 278 - 279 - 280 - 281 - 282 - 285 - 289 - 291 - 296 - 297 - 298 - 300 - 304 - 306 - 308 - 309 - 310 - 314 - 317 - 319 - 320 - 325 - 328 - 329 - 331 - 332 - 335 - 337 - 339 - 341 - 344 - 346 - 351 - 352 - 353 - 355 - 356 - 357 - 359 - 362 - 365 - 370 - 374 - 376 - 380 - 385 - 387 - 388 - 389 - 390 - 391 - 392 - 394 - 395 - 397 - 399 - 400 - 401 - 403 - 405 - 406 - 407 - 408 - 411 - 413 - 417 - 418 - 423 - 426 - 428 - 430 - 434 - 435 - 436 - 438 - 439 - 442 - 443 - 445 - 446 - 448 - 449 - 450 - 451 - 453 - 454 - 455 - 456 - 458 - 459 - 460 - 461 - 463 - 464 - 465 - 466 - 468 - 469 - 470 - 471 - 472 - 474 - 476 - 477 - 478 - 479 - 480 - 481 - 482 - 483 - 484 - 485 - 486 - 487 - 488 - 489 - 490 - 492 - 493 - 494 - 495 - 497 - 498 - 499,21106753.8,0.0,92179,93993,79.06,Cost: 92179 & Capacity: 93993
0 - 1 - 3 - 4 - 6 - 7 - 9 - 10 - 12 - 13 - 14 - 15 - 19 - 20 - 22 - 23 - 24 - 26 - 27 - 28 - 30 - 31 - 32 - 33 - 35 - 39 - 40 - 42 - 43 - 44 - 45 - 48 - 49 - 50 - 52 - 56 - 58 - 59 - 61 - 63 - 64 - 69 - 70 - 71 - 72 - 74 - 79 - 82 - 83 - 84 - 85 - 86 - 88 - 90 - 91 - 92 - 93 - 95 - 98 - 100 - 103 - 104 - 105 - 106 - 107 - 109 - 111 - 112 - 113 - 117 - 121 - 122 - 124 - 125 - 126 - 127 - 128 - 134 - 135 - 136 - 137 - 142 - 143 - 144 - 145 - 146 - 147 - 149 - 152 - 153 - 154 - 156 - 157 - 158 - 160 - 161 - 164 - 165 - 167 - 168 - 169 - 170 - 171 - 172 - 174 - 175 - 176 - 177 - 179 - 180 - 181 - 184 - 187 - 189 - 192 - 193 - 194 - 195 - 196 - 197 - 198 - 202 - 203 - 205 - 206 - 208 - 209 - 210 - 211 - 212 - 214 - 216 - 224 - 225 - 226 - 227 - 229 - 230 - 232 - 233 - 234 - 235 - 236 - 237 - 240 - 241 - 244 - 245 - 246 - 248 - 249 - 251 - 254 - 255 - 259 - 261 - 264 - 265 - 266 - 267 - 268 - 269 - 270 - 272 - 275 - 278 - 279 - 280 - 281 - 282 - 285 - 289 - 291 - 296 - 297 - 298 - 300 - 304 - 306 - 308 - 309 - 310 - 314 - 317 - 319 - 320 - 325 - 328 - 329 - 331 - 332 - 335 - 337 - 339 - 341 - 344 - 346 - 351 - 352 - 353 - 355 - 356 - 357 - 359 - 362 - 365 - 370 - 374 - 376 - 380 - 385 - 387 - 388 - 389 - 390 - 391 - 392 - 394 - 395 - 397 - 399 - 400 - 401 - 403 - 405 - 406 - 407 - 408 - 411 - 413 - 417 - 418 - 423 - 426 - 428 - 430 - 434 - 435 - 436 - 438 - 439 - 442 - 443 - 445 - 446 - 448 - 449 - 450 - 451 - 453 - 454 - 455 - 456 - 458 - 459 - 460 - 461 - 463 - 464 - 465 - 466 - 468 - 469 - 470 - 471 - 472 - 474 - 476 - 477 - 478 - 479 - 480 - 481 - 482 - 483 - 484 - 485 - 486 - 487 - 488 - 489 - 490 - 492 - 493 - 494 - 495 - 497 - 498 - 499,20825477.9,0.0,90887,93092,79.07,Cost: 90887 & Capacity: 93092
0 - 1 - 3 - 4 - 6 - 7 - 9 - 10 - 12 - 13 - 14 - 15 - 19 - 20 - 22 - 23 - 24 - 26 - 27 - 28 - 30 - 31 - 32 - 33 - 35 - 39 - 40 - 42 - 43 - 44 - 45 - 48 - 49 - 50 - 52 - 56 - 58 - 59 - 61 - 63 - 64 - 69 - 70 - 71 - 72 - 74 - 79 - 82 - 83 - 84 - 85 - 86 - 88 - 90 - 91 - 92 - 93 - 95 - 98 - 100 - 103 - 104 - 105 - 106 - 107 - 109 - 111 - 112 - 113 - 117 - 121 - 122 - 124 - 125 - 126 - 127 - 128 - 134 - 135 - 136 - 137 - 142 - 143 - 145 - 146 - 147 - 149 - 152 - 153 - 154 - 156 - 157 - 158 - 160 - 161 - 164 - 165 - 167 - 168 - 169 - 170 - 171 - 172 - 174 - 175 - 176 - 177 - 179 - 180 - 181 - 184 - 187 - 189 - 192 - 193 - 194 - 195 - 196 - 197 - 198 - 202 - 203 - 205 - 206 - 208 - 209 - 210 - 211 - 212 - 214 - 216 - 224 - 225 - 226 - 227 - 229 - 230 - 232 - 233 - 234 - 235 - 236 - 237 - 240 - 241 - 244 - 245 - 246 - 248 - 249 - 251 - 254 - 255 - 259 - 261 - 264 - 265 - 266 - 267 - 268 - 269 - 270 - 272 - 275 - 278 - 279 - 280 - 281 - 282 - 285 - 289 - 291 - 296 - 297 - 298 - 300 - 304 - 306 - 308 - 309 - 310 - 314 - 317 - 319 - 320 - 325 - 328 - 329 - 331 - 332 - 335 - 337 - 339 - 341 - 344 - 346 - 351 - 352 - 353 - 355 - 356 - 357 - 359 - 362 - 365 - 370 - 374 - 376 - 380 - 385 - 387 - 388 - 389 - 390 - 391 - 392 - 394 - 395 - 397 - 399 - 400 - 401 - 403 - 405 - 406 - 407 - 408 - 411 - 413 - 417 - 418 - 423 - 426 - 428 - 430 - 434 - 435 - 436 - 438 - 439 - 442 - 443 - 445 - 446 - 448 - 449 - 450 - 451 - 453 - 454 - 458 - 459 - 460 - 461 - 463 - 464 - 465 - 466 - 468 - 469 - 470 - 471 - 472 - 474 - 476 - 477 - 478 - 479 - 480 - 481 - 482 - 483 - 484 - 485 - 486 - 487 - 488 - 489 - 490 - 492 - 493 - 494 - 495 - 497 - 498 - 499,20416719.0,0.0,88967,90868,79.07,Cost: 88967 & Capacity: 90868
0 - 1 - 3 - 4 - 5 - 6 - 7 - 8 - 9 - 10 - 12 - 13 - 14 - 19 - 20 - 22 - 23 - 24 - 26 - 27 - 28 - 30 - 31 - 32 - 33 - 35 - 39 - 40 - 41 - 42 - 43 - 44 - 45 - 48 - 49 - 50 - 52 - 56 - 58 - 59 - 61 - 64 - 69 - 70 - 71 - 72 - 74 - 79 - 82 - 83 - 84 - 85 - 86 - 90 - 91 - 92 - 93 - 95 - 98 - 100 - 103 - 104 - 105 - 106 - 107 - 109 - 111 - 112 - 113 - 117 - 121 - 122 - 124 - 125 - 126 - 127 - 128 - 132 - 134 - 135 - 136 - 137 - 142 - 143 - 144 - 145 - 146 - 147 - 149 - 152 - 153 - 154 - 155 - 156 - 157 - 158 - 160 - 161 - 164 - 165 - 167 - 168 - 169 - 170 - 171 - 172 - 174 - 175 - 176 - 177 - 180 - 181 - 184 - 187 - 189 - 192 - 193 - 194 - 195 - 196 - 198 - 201 - 202 - 203 - 204 - 205 - 206 - 208 - 209 - 210 - 211 - 212 - 214 - 216 - 224 - 225 - 226 - 227 - 229 - 230 - 233 - 234 - 235 - 236 - 237 - 240 - 241 - 244 - 245 - 246 - 248 - 249 - 251 - 254 - 255 - 257 - 259 - 261 - 264 - 265 - 266 - 267 - 269 - 270 - 272 - 275 - 278 - 279 - 280 - 281 - 282 - 285 - 289 - 291 - 296 - 297 - 298 - 300 - 304 - 306 - 308 - 309 - 310 - 314 - 317 - 319 - 320 - 325 - 328 - 329 - 331 - 332 - 335 - 337 - 339 - 341 - 344 - 346 - 351 - 352 - 353 - 355 - 356 - 357 - 359 - 362 - 365 - 370 - 374 - 376 - 380 - 385 - 387 - 388 - 389 - 390 - 391 - 392 - 394 - 395 - 397 - 399 - 400 - 401 - 403 - 404 - 405 - 406 - 407 - 408 - 411 - 413 - 415 - 416 - 417 - 418 - 423 - 426 - 428 - 430 - 434 - 435 - 436 - 438 - 439 - 442 - 443 - 445 - 446 - 448 - 449 - 450 - 451 - 453 - 454 - 455 - 456 - 458 - 459 - 460 - 461 - 463 - 464 - 465 - 466 - 468 - 469 - 470 - 471 - 472 - 474 - 476 - 477 - 478 - 479 - 480 - 481 - 482 - 483 - 484 - 485 - 486 - 487 - 488 - 489 - 490 - 492 - 493 - 494 - 495 - 497 - 498 - 499,21452875.5,0.0,94091,95770,81.23,Cost: 94091 & Capacity: 95770
0 - 6 - 8 - 10 - 15 - 17 - 20 - 21 - 27 - 30 - 37 - 40 - 44 - 46 - 47 - 50 - 57 - 58 - 61 - 63 - 81 - 86 - 90 - 95 - 96 - 98 - 99 - 100 - 103 - 105 - 107 - 112 - 113 - 114 - 117 - 123 - 126 - 130 - 132 - 134 - 136 - 138 - 139 - 150 - 160 - 164 - 165 - 171 - 173 - 175 - 176 - 185 - 188 - 192 - 194 - 195 - 196 - 204 - 205 - 206 - 208 - 215 - 216 - 217 - 220 - 221 - 226 - 227 - 229 - 230 - 234 - 236 - 240 - 241 - 243 - 249 - 252 - 255 - 256 - 257 - 262 - 266 - 278 - 280 - 293 - 296 - 298 - 306 - 307 - 315 - 316 - 317 - 318 - 319 - 323 - 324 - 327 - 328 - 329 - 330 - 331 - 332 - 333 - 335 - 337 - 339 - 340 - 341 - 342 - 343 - 348 - 349 - 355 - 359 - 360 - 361 - 373 - 375 - 376 - 380 - 385 - 387 - 391 - 392 - 396 - 399 - 400 - 403 - 405 - 407 - 410 - 412 - 413 - 416 - 418 - 421 - 424 - 425 - 428 - 429 - 431 - 432 - 434 - 435 - 436 - 442 - 443 - 445 - 446 - 448 - 449 - 453 - 454 - 455 - 456 - 458 - 460 - 462 - 463 - 465 - 472 - 475 - 477 - 481 - 487 - 489 - 496 - 497 - 498,7170663.9,11.4,94102,76861,82.9,Cost: 94102 & Capacity: 76861
0 - 1 - 3 - 4 - 5 - 6 - 7 - 8 - 9 - 10 - 12 - 13 - 14 - 19 - 20 - 22 - 23 - 24 - 26 - 27 - 28 - 30 - 31 - 32 - 33 - 35 - 39 - 40 - 41 - 42 - 43 - 44 - 45 - 48 - 49 - 50 - 52 - 56 - 58 - 59 - 61 - 64 - 69 - 70 - 71 - 72 - 74 - 79 - 82 - 83 - 84 - 85 - 86 - 90 - 91 - 92 - 93 - 95 - 98 - 100 - 103 - 104 - 105 - 106 - 107 - 109 - 111 - 112 - 113 - 117 - 121 - 122 - 124 - 125 - 126 - 127 - 128 - 132 - 134 - 135 - 136 - 137 - 142 - 143 - 144 - 145 - 146 - 147 - 149 - 152 - 153 - 154 - 155 - 156 - 157 - 158 - 160 - 161 - 164 - 165 - 167 - 168 - 169 - 170 - 171 - 172 - 174 - 175 - 176 - 177 - 180 - 181 - 184 - 187 - 189 - 192 - 193 - 194 - 195 - 196 - 198 - 201 - 202 - 203 - 204 - 205 - 206 - 208 - 209 - 210 - 211 - 212 - 214 - 216 - 224 - 225 - 226 - 227 - 229 - 230 - 233 - 234 - 235 - 236 - 237 - 240 - 241 - 244 - 245 - 246 - 248 - 249 - 251 - 254 - 255 - 257 - 259 - 261 - 264 - 265 - 266 - 267 - 269 - 270 - 272 - 275 - 278 - 279 - 280 - 281 - 282 - 285 - 289 - 291 - 296 - 297 - 298 - 300 - 304 - 306 - 308 - 309 - 310 - 314 - 317 - 319 - 320 - 325 - 328 - 329 - 331 - 332 - 335 - 337 - 339 - 341 - 344 - 346 - 351 - 352 - 353 - 355 - 356 - 357 - 359 - 362 - 365 - 370 - 374 - 376 - 380 - 385 - 387 - 388 - 389 - 390 - 391 - 392 - 394 - 395 - 397 - 399 - 400 - 401 - 403 - 404 - 405 - 406 - 407 - 408 - 411 - 413 - 415 - 416 - 417 - 418 - 423 - 426 - 428 - 430 - 434 - 435 - 436 - 438 - 439 - 442 - 443 - 445 - 446 - 448 - 449 - 450 - 451 - 453 - 454 - 455 - 456 - 458 - 459 - 460 - 461 - 463 - 464 - 465 - 466 - 468 - 469 - 470 - 471 - 472 - 474 - 476 - 477 - 478 - 479 - 480 - 481 - 482 - 483 - 484 - 485 - 486 - 487 - 488 - 489 - 490 - 492 - 493 - 494 - 495 - 497 - 498 - 499,21452875.5,0.0,94091,95770,83.27,Cost: 94091 & Capacity: 95770
0 - 1 - 3 - 4 - 5 - 6 - 7 - 8 - 9 - 10 - 12 - 13 - 14 - 19 - 20 - 22 - 23 - 24 - 26 - 27 - 28 - 30 - 31 - 32 - 33 - 35 - 39 - 40 - 41 - 42 - 43 - 44 - 45 - 48 - 49 - 50 - 52 - 56 - 58 - 59 - 61 - 64 - 69 - 70 - 71 - 72 - 74 - 79 - 82 - 83 - 84 - 85 - 86 - 90 - 91 - 92 - 93 - 95 - 98 - 100 - 103 - 104 - 105 - 106 - 107 - 109 - 111 - 112 - 113 - 117 - 121 - 122 - 124 - 125 - 126 - 127 - 128 - 132 - 134 - 135 - 136 - 137 - 142 - 143 - 144 - 145 - 146 - 147 - 149 - 152 - 153 - 154 - 155 - 156 - 157 - 158 - 160 - 161 - 164 - 165 - 167 - 168 - 169 - 170 - 171 - 172 - 174 - 175 - 176 - 177 - 180 - 181 - 184 - 187 - 189 - 192 - 193 - 194 - 195 - 196 - 198 - 201 - 202 - 203 - 204 - 205 - 206 - 208 - 209 - 210 - 211 - 212 - 214 - 216 - 224 - 225 - 226 - 227 - 229 - 230 - 233 - 234 - 235 - 236 - 237 - 240 - 241 - 244 - 245 - 246 - 248 - 249 - 251 - 254 - 255 - 257 - 259 - 261 - 264 - 265 - 266 - 267 - 269 - 270 - 272 - 275 - 278 - 279 - 280 - 281 - 282 - 285 - 289 - 291 - 296 - 297 - 298 - 300 - 304 - 306 - 308 - 309 - 310 - 314 - 317 - 319 - 320 - 325 - 328 - 329 - 331 - 332 - 335 - 337 - 339 - 341 - 344 - 346 - 351 - 352 - 353 - 355 - 356 - 357 - 359 - 362 - 365 - 370 - 374 - 376 - 380 - 385 - 387 - 388 - 389 - 390 - 391 - 392 - 394 - 395 - 397 - 399 - 400 - 401 - 403 - 404 - 405 - 406 - 407 - 408 - 411 - 413 - 415 - 416 - 417 - 418 - 423 - 426 - 428 - 430 - 434 - 435 - 436 - 438 - 439 - 442 - 443 - 445 - 446 - 448 - 449 - 450 - 451 - 453 - 454 - 455 - 456 - 458 - 459 - 460 - 461 - 463 - 464 - 465 - 466 - 468 - 469 - 470 - 471 - 472 - 474 - 476 - 477 - 478 - 479 - 480 - 481 - 482 - 483 - 484 - 485 - 486 - 487 - 488 - 489 - 490 - 492 - 493 - 494 - 495 - 497 - 498 - 499,21452875.5,0.0,94091,95770,86.72,Cost: 94091 & Capacity: 95770
0 - 4 - 6 - 8 - 10 - 15 - 16 - 17 - 22 - 27 - 31 - 34 - 38 - 40 - 44 - 46 - 47 - 50 - 52 - 56 - 58 - 61 - 70 - 72 - 78 - 79 - 81 - 82 - 83 - 85 - 86 - 95 - 96 - 97 - 98 - 100 - 102 - 103 - 105 - 106 - 107 - 108 - 112 - 113 - 114 - 117 - 122 - 126 - 134 - 136 - 139 - 144 - 146 - 147 - 152 - 155 - 163 - 165 - 171 - 172 - 175 - 176 - 179 - 184 - 185 - 188 - 190 - 192 - 193 - 195 - 196 - 204 - 205 - 206 - 207 - 208 - 209 - 215 - 216 - 217 - 220 - 224 - 225 - 226 - 227 - 229 - 232 - 233 - 234 - 235 - 236 - 243 - 248 - 249 - 252 - 257 - 275 - 276 - 278 - 280 - 283 - 285 - 301 - 307 - 309 - 311 - 315 - 318 - 320 - 323 - 324 - 328 - 330 - 332 - 333 - 335 - 338 - 341 - 342 - 343 - 348 - 355 - 359 - 360 - 361 - 362 - 370 - 373 - 379 - 380 - 386 - 387 - 389 - 391 - 392 - 396 - 397 - 400 - 405 - 407 - 409 - 410 - 413 - 415 - 416 - 421 - 422 - 426 - 428 - 432 - 433 - 434 - 436 - 438 - 442 - 443 - 444 - 445 - 446 - 448 - 451 - 454 - 455 - 456 - 458 - 460 - 465 - 468 - 470 - 471 - 472 - 475 - 477 - 478 - 480 - 481 - 484 - 488 - 490 - 492 - 496,8280412.9,10.4,93885,80810,87.83,Cost: 93885 & Capacity: 80810
0 - 1 - 3 - 4 - 5 - 6 - 7 - 8 - 9 - 10 - 12 - 13 - 14 - 19 - 20 - 22 - 23 - 24 - 26 - 27 - 28 - 30 - 31 - 32 - 33 - 35 - 39 - 40 - 41 - 42 - 43 - 44 - 45 - 48 - 49 - 50 - 52 - 56 - 58 - 59 - 61 - 64 - 69 - 70 - 71 - 72 - 74 - 79 - 82 - 83 - 84 - 85 - 86 - 88 - 90 - 91 - 92 - 93 - 95 - 98 - 100 - 103 - 104 - 105 - 106 - 107 - 109 - 111 - 112 - 113 - 117 - 121 - 122 - 124 - 125 - 126 - 127 - 128 - 132 - 134 - 135 - 136 - 137 - 142 - 143 - 144 - 145 - 147 - 148 - 149 - 152 - 153 - 154 - 155 - 156 - 157 - 158 - 160 - 161 - 164 - 165 - 167 - 168 - 169 - 170 - 171 - 172 - 174 - 175 - 176 - 177 - 179 - 180 - 181 - 184 - 187 - 189 - 192 - 193 - 194 - 195 - 198 - 201 - 202 - 203 - 205 - 206 - 208 - 209 - 210 - 211 - 212 - 214 - 216 - 224 - 225 - 226 - 227 - 229 - 230 - 232 - 233 - 234 - 235 - 236 - 237 - 240 - 241 - 244 - 245 - 246 - 248 - 249 - 251 - 254 - 255 - 259 - 261 - 264 - 265 - 266 - 267 - 268 - 269 - 270 - 272 - 275 - 278 - 279 - 280 - 281 - 282 - 285 - 289 - 291 - 292 - 296 - 297 - 298 - 300 - 304 - 306 - 308 - 309 - 310 - 314 - 317 - 319 - 320 - 325 - 328 - 329 - 331 - 332 - 335 - 337 - 339 - 341 - 344 - 346 - 351 - 352 - 353 - 355 - 356 - 357 - 359 - 362 - 365 - 370 - 374 - 376 - 380 - 385 - 387 - 388 - 389 - 390 - 391 - 392 - 394 - 395 - 397 - 399 - 400 - 401 - 403 - 405 - 406 - 407 - 408 - 411 - 413 - 415 - 416 - 417 - 418 - 423 - 426 - 428 - 430 - 434 - 435 - 436 - 438 - 439 - 442 - 443 - 445 - 446 - 448 - 449 - 450 - 451 - 453 - 454 - 455 - 458 - 459 - 460 - 461 - 463 - 464 - 465 - 466 - 468 - 469 - 470 - 471 - 472 - 474 - 476 - 477 - 478 - 479 - 480 - 481 - 482 - 483 - 484 - 485 - 486 - 487 - 488 - 489 - 490 - 492 - 493 - 494 - 495 - 497 - 498 - 499,21466155.3,0.0,94099,95465,88.15,Cost: 94099 & Capacity: 95465
0 - 1 - 3 - 4 - 6 - 7 - 8 - 9 - 10 - 12 - 13 - 14 - 15 - 19 - 20 - 22 - 23 - 24 - 26 - 27 - 28 - 30 - 31 - 32 - 33 - 35 - 39 - 40 - 42 - 43 - 44 - 45 - 48 - 49 - 50 - 52 - 56 - 58 - 59 - 61 - 63 - 64 - 69 - 70 - 71 - 72 - 74 - 79 - 82 - 83 - 84 - 85 - 86 - 88 - 90 - 91 - 92 - 93 - 95 - 98 - 100 - 103 - 104 - 105 - 106 - 107 - 109 - 111 - 112 - 113 - 117 - 121 - 122 - 124 - 125 - 126 - 127 - 128 - 134 - 135 - 136 - 137 - 142 - 143 - 144 - 145 - 146 - 147 - 149 - 152 - 153 - 154 - 156 - 157 - 158 - 160 - 161 - 164 - 165 - 167 - 168 - 169 - 170 - 171 - 172 - 174 - 175 - 176 - 177 - 179 - 180 - 181 - 184 - 187 - 189 - 192 - 193 - 194 - 195 - 196 - 197 - 198 - 201 - 202 - 203 - 205 - 206 - 208 - 209 - 210 - 211 - 212 - 214 - 216 - 224 - 225 - 226 - 227 - 229 - 230 - 232 - 233 - 234 - 235 - 236 - 237 - 240 - 241 - 244 - 245 - 246 - 247 - 248 - 249 - 251 - 254 - 255 - 259 - 261 - 264 - 265 - 266 - 267 - 268 - 269 - 270 - 272 - 275 - 278 - 279 - 280 - 281 - 282 - 285 - 289 - 291 - 296 - 297 - 298 - 300 - 304 - 306 - 308 - 309 - 310 - 314 - 317 - 319 - 320 - 325 - 328 - 329 - 331 - 332 - 335 - 337 - 339 - 341 - 344 - 346 - 351 - 352 - 353 - 355 - 356 - 357 - 359 - 362 - 365 - 370 - 374 - 376 - 380 - 385 - 387 - 388 - 389 - 390 - 391 - 392 - 394 - 395 - 397 - 399 - 400 - 401 - 403 - 405 - 406 - 407 - 408 - 411 - 413 - 417 - 418 - 423 - 426 - 428 - 430 - 434 - 435 - 436 - 438 - 439 - 442 - 443 - 445 - 446 - 448 - 449 - 450 - 451 - 453 - 454 - 455 - 456 - 458 - 459 - 460 - 461 - 463 - 464 - 465 - 466 - 468 - 469 - 470 - 471 - 472 - 474 - 476 - 477 - 478 - 479 - 480 - 481 - 482 - 483 - 484 - 485 - 486 - 487 - 488 - 489 - 490 - 492 - 493 - 494 - 495 - 497 - 498 - 499,21255166.9,0.0,92830,94350,88.0,Cost: 92830 & Capacity: 94350
0 - 1 - 3 - 4 - 5 - 6 - 7 - 8 - 9 - 10 - 12 - 13 - 14 - 19 - 20 - 22 - 23 - 24 - 26 - 27 - 28 - 30 - 31 - 32 - 33 - 35 - 39 - 40 - 41 - 42 - 43 - 44 - 45 - 48 - 49 - 50 - 52 - 56 - 58 - 59 - 61 - 64 - 69 - 70 - 71 - 72 - 74 - 79 - 82 - 83 - 84 - 85 - 86 - 90 - 91 - 92 - 93 - 95 - 98 - 100 - 103 - 104 - 105 - 106 - 107 - 109 - 111 - 112 - 113 - 117 - 121 - 122 - 124 - 125 - 126 - 127 - 128 - 132 - 134 - 135 - 136 - 137 - 142 - 143 - 144 - 145 - 146 - 147 - 149 - 152 - 153 - 154 - 155 - 156 - 157 - 158 - 160 - 161 - 164 - 165 - 167 - 168 - 169 - 170 - 171 - 172 - 174 - 175 - 176 - 177 - 180 - 181 - 184 - 187 - 189 - 192 - 193 - 194 - 195 - 196 - 198 - 201 - 202 - 203 - 204 - 205 - 206 - 208 - 209 - 210 - 211 - 212 - 214 - 216 - 224 - 225 - 226 - 227 - 229 - 230 - 233 - 234 - 235 - 236 - 237 - 240 - 241 - 244 - 245 - 246 - 248 - 249 - 251 - 254 - 255 - 257 - 259 - 261 - 264 - 265 - 266 - 267 - 269 - 270 - 272 - 275 - 278 - 279 - 280 - 281 - 282 - 285 - 289 - 291 - 296 - 297 - 298 - 300 - 304 - 306 - 308 - 309 - 310 - 314 - 317 - 319 - 320 - 325 - 328 - 329 - 331 - 332 - 335 - 337 - 339 - 341 - 344 - 346 - 351 - 352 - 353 - 355 - 356 - 357 - 359 - 362 - 365 - 370 - 374 - 376 - 380 - 385 - 387 - 388 - 389 - 390 - 391 - 392 - 394 - 395 - 397 - 399 - 400 - 401 - 403 - 404 - 405 - 406 - 407 - 408 - 411 - 413 - 415 - 416 - 417 - 418 - 423 - 426 - 428 - 430 - 434 - 435 - 436 - 438 - 439 - 442 - 443 - 445 - 446 - 448 - 449 - 450 - 451 - 453 - 454 - 455 - 456 - 458 - 459 - 460 - 461 - 463 - 464 - 465 - 466 - 468 - 469 - 470 - 471 - 472 - 474 - 476 - 477 - 478 - 479 - 480 - 481 - 482 - 483 - 484 - 485 - 486 - 487 - 488 - 489 - 490 - 492 - 493 - 494 - 495 - 497 - 498 - 499,21452875.5,0.0,94091,95770,90.98,Cost: 94091 & Capacity: 95770
0 - 5 - 6 - 7 - 8 - 9 - 11 - 24 - 29 - 33 - 34 - 37 - 59 - 61 - 75 - 78 - 80 - 109 - 118 - 122 - 129 - 130 - 134 - 140 - 146 - 151 - 156 - 172 - 176 - 185 - 186 - 190 - 193 - 197 - 203 - 207 - 209 - 211 - 215 - 222 - 227 - 229 - 241 - 249 - 251 - 275 - 278 - 280 - 284 - 288 - 307 - 311 - 314 - 318 - 323 - 324 - 325 - 330 - 331 - 335 - 337 - 339 - 349 - 355 - 358 - 359 - 362 - 375 - 376 - 379 - 383 - 386 - 387 - 398 - 400 - 404 - 410 - 411 - 416 - 417 - 418 - 423 - 426 - 430 - 441 - 443 - 451 - 455 - 457 - 459 - 470 - 472 - 474 - 479 - 482 - 483 - 484 - 493,2471499.2,29.3,62647,51716,91.52,Cost: 62647 & Capacity: 51716
0 - 1 - 3 - 4 - 5 - 6 - 7 - 8 - 9 - 10 - 12 - 13 - 14 - 19 - 20 - 22 - 23 - 24 - 26 - 27 - 28 - 30 - 31 - 32 - 33 - 35 - 39 - 40 - 41 - 42 - 43 - 44 - 45 - 48 - 49 - 50 - 52 - 56 - 58 - 59 - 61 - 64 - 69 - 70 - 71 - 72 - 74 - 79 - 82 - 83 - 84 - 85 - 86 - 90 - 91 - 92 - 93 - 95 - 98 - 100 - 103 - 104 - 105 - 106 - 107 - 109 - 111 - 112 - 113 - 117 - 121 - 122 - 124 - 125 - 126 - 127 - 128 - 132 - 134 - 135 - 136 - 137 - 142 - 143 - 144 - 145 - 146 - 147 - 149 - 152 - 153 - 154 - 155 - 156 - 157 - 158 - 160 - 161 - 164 - 165 - 167 - 168 - 169 - 170 - 171 - 172 - 174 - 175 - 176 - 177 - 180 - 181 - 184 - 187 - 189 - 192 - 193 - 194 - 195 - 196 - 198 - 201 - 202 - 203 - 204 - 205 - 206 - 208 - 209 - 210 - 211 - 212 - 214 - 216 - 224 - 225 - 226 - 227 - 229 - 230 - 233 - 234 - 235 - 236 - 237 - 240 - 241 - 244 - 245 - 246 - 248 - 249 - 251 - 254 - 255 - 257 - 259 - 261 - 264 - 265 - 266 - 267 - 269 - 270 - 272 - 275 - 278 - 279 - 280 - 281 - 282 - 285 - 289 - 291 - 296 - 297 - 298 - 300 - 304 - 306 - 308 - 309 - 310 - 314 - 317 - 319 - 320 - 325 - 328 - 329 - 331 - 332 - 335 - 337 - 339 - 341 - 344 - 346 - 351 - 352 - 353 - 355 - 356 - 357 - 359 - 362 - 365 - 370 - 374 - 376 - 380 - 385 - 387 - 388 - 389 - 390 - 391 - 392 - 394 - 395 - 397 - 399 - 400 - 401 - 403 - 404 - 405 - 406 - 407 - 408 - 411 - 413 - 415 - 416 - 417 - 418 - 423 - 426 - 428 - 430 - 434 - 435 - 436 - 438 - 439 - 442 - 443 - 445 - 446 - 448 - 449 - 450 - 451 - 453 - 454 - 455 - 456 - 458 - 459 - 460 - 461 - 463 - 464 - 465 - 466 - 468 - 469 - 470 - 471 - 472 - 474 - 476 - 477 - 478 - 479 - 480 - 481 - 482 - 483 - 484 - 485 - 486 - 487 - 488 - 489 - 490 - 492 - 493 - 494 - 495 - 497 - 498 - 499,21452875.5,0.0,94091,95770,92.68,Cost: 94091 & Capacity: 95770
0 - 1 - 3 - 4 - 5 - 6 - 7 - 8 - 9 - 10 - 12 - 13 - 14 - 19 - 20 - 22 - 23 - 24 - 26 - 27 - 28 - 30 - 31 - 32 - 33 - 35 - 39 - 40 - 41 - 42 - 43 - 44 - 45 - 48 - 49 - 50 - 52 - 56 - 58 - 59 - 61 - 64 - 69 - 70 - 71 - 72 - 74 - 79 - 82 - 83 - 84 - 85 - 86 - 90 - 91 - 92 - 93 - 95 - 98 - 100 - 103 - 104 - 105 - 106 - 107 - 109 - 111 - 112 - 113 - 117 - 121 - 122 - 124 - 125 - 126 - 127 - 128 - 132 - 134 - 135 - 136 - 137 - 142 - 143 - 144 - 145 - 146 - 147 - 149 - 152 - 153 - 154 - 155 - 156 - 157 - 158 - 160 - 161 - 164 - 165 - 167 - 168 - 169 - 170 - 171 - 172 - 174 - 175 - 176 - 177 - 180 - 181 - 184 - 187 - 189 - 192 - 193 - 194 - 195 - 196 - 198 - 201 - 202 - 203 - 204 - 205 - 206 - 208 - 209 - 210 - 211 - 212 - 214 - 216 - 224 - 225 - 226 - 227 - 229 - 230 - 233 - 234 - 235 - 236 - 237 - 240 - 241 - 244 - 245 - 246 - 248 - 249 - 251 - 254 - 255 - 257 - 259 - 261 - 264 - 265 - 266 - 267 - 269 - 270 - 272 - 275 - 278 - 279 - 280 - 281 - 282 - 285 - 289 - 291 - 296 - 297 - 298 - 300 - 304 - 306 - 308 - 309 - 310 - 314 - 317 - 319 - 320 - 325 - 328 - 329 - 331 - 332 - 335 - 337 - 339 - 341 - 344 - 346 - 351 - 352 - 353 - 355 - 356 - 357 - 359 - 362 - 365 - 370 - 374 - 376 - 380 - 385 - 387 - 388 - 389 - 390 - 391 - 392 - 394 - 395 - 397 - 399 - 400 - 401 - 403 - 404 - 405 - 406 - 407 - 408 - 411 - 413 - 415 - 416 - 417 - 418 - 423 - 426 - 428 - 430 - 434 - 435 - 436 - 438 - 439 - 442 - 443 - 445 - 446 - 448 - 449 - 450 - 451 - 453 - 454 - 455 - 456 - 458 - 459 - 460 - 461 - 463 - 464 - 465 - 466 - 468 - 469 - 470 - 471 - 472 - 474 - 476 - 477 - 478 - 479 - 480 - 481 - 482 - 483 - 484 - 485 - 486 - 487 - 488 - 489 - 490 - 492 - 493 - 494 - 495 - 497 - 498 - 499,21452875.5,0.0,94091,95770,95.62,Cost: 94091 & Capacity: 95770
0 - 1 - 3 - 4 - 5 - 6 - 7 - 8 - 9 - 10 - 12 - 13 - 14 - 19 - 20 - 22 - 23 - 24 - 26 - 27 - 28 - 30 - 31 - 32 - 33 - 35 - 39 - 40 - 41 - 42 - 43 - 44 - 45 - 47 - 48 - 49 - 50 - 52 - 56 - 58 - 59 - 61 - 63 - 64 - 69 - 70 - 71 - 72 - 74 - 79 - 82 - 83 - 84 - 85 - 86 - 88 - 90 - 91 - 92 - 93 - 95 - 98 - 100 - 103 - 104 - 105 - 106 - 107 - 109 - 111 - 112 - 113 - 117 - 121 - 122 - 124 - 125 - 126 - 127 - 128 - 134 - 135 - 136 - 137 - 142 - 143 - 144 - 145 - 147 - 149 - 152 - 153 - 154 - 155 - 156 - 157 - 158 - 160 - 161 - 164 - 165 - 167 - 168 - 169 - 170 - 171 - 172 - 174 - 175 - 176 - 177 - 179 - 180 - 181 - 184 - 187 - 189 - 192 - 193 - 194 - 195 - 196 - 198 - 201 - 202 - 203 - 204 - 205 - 206 - 208 - 209 - 210 - 211 - 212 - 214 - 216 - 224 - 225 - 226 - 227 - 229 - 230 - 233 - 234 - 235 - 236 - 237 - 240 - 241 - 244 - 245 - 246 - 248 - 249 - 251 - 254 - 255 - 259 - 261 - 264 - 265 - 266 - 267 - 268 - 269 - 270 - 272 - 275 - 278 - 279 - 280 - 281 - 282 - 285 - 289 - 291 - 296 - 297 - 298 - 300 - 304 - 306 - 308 - 309 - 310 - 314 - 317 - 319 - 320 - 325 - 328 - 329 - 331 - 332 - 335 - 337 - 339 - 341 - 344 - 346 - 351 - 352 - 353 - 355 - 356 - 357 - 359 - 362 - 365 - 370 - 374 - 376 - 380 - 385 - 387 - 388 - 389 - 390 - 391 - 392 - 394 - 395 - 397 - 399 - 400 - 401 - 403 - 405 - 406 - 407 - 408 - 411 - 413 - 415 - 416 - 417 - 418 - 423 - 426 - 428 - 430 - 434 - 435 - 436 - 438 - 439 - 442 - 443 - 445 - 446 - 448 - 449 - 450 - 451 - 453 - 454 - 455 - 458 - 459 - 460 - 461 - 463 - 464 - 465 - 466 - 468 - 469 - 470 - 471 - 472 - 474 - 476 - 477 - 478 - 479 - 480 - 481 - 482 - 483 - 484 - 485 - 486 - 487 - 488 - 489 - 490 - 492 - 493 - 494 - 495 - 497 - 498 - 499,21472407.1,0.0,94104,95302,96.96,Cost: 94104 & Capacity: 95302
0 - 1 - 3 - 4 - 6 - 8 - 13 - 19 - 20 - 23 - 25 - 30 - 31 - 40 - 44 - 47 - 49 - 53 - 54 - 58 - 61 - 69 - 71 - 79 - 82 - 83 - 85 - 86 - 93 - 95 - 98 - 99 - 100 - 103 - 105 - 106 - 107 - 109 - 112 - 113 - 114 - 119 - 121 - 122 - 125 - 126 - 127 - 128 - 129 - 130 - 135 - 136 - 137 - 145 - 149 - 152 - 154 - 155 - 159 - 161 - 165 - 166 - 168 - 171 - 172 - 175 - 179 - 181 - 182 - 186 - 192 - 193 - 198 - 199 - 201 - 202 - 204 - 205 - 209 - 211 - 212 - 215 - 216 - 217 - 221 - 225 - 226 - 228 - 229 - 230 - 231 - 232 - 233 - 234 - 236 - 237 - 240 - 244 - 245 - 248 - 249 - 252 - 254 - 256 - 257 - 264 - 265 - 266 - 267 - 269 - 272 - 283 - 284 - 289 - 291 - 292 - 297 - 298 - 302 - 307 - 308 - 309 - 310 - 311 - 315 - 316 - 317 - 318 - 319 - 328 - 329 - 331 - 332 - 335 - 337 - 341 - 344 - 346 - 351 - 352 - 355 - 356 - 359 - 361 - 368 - 370 - 385 - 389 - 391 - 392 - 396 - 399 - 407 - 408 - 409 - 410 - 412 - 417 - 418 - 422 - 424 - 425 - 428 - 430 - 431 - 432 - 434 - 436 - 438 - 442 - 443 - 445 - 446 - 447 - 449 - 450 - 453 - 454 - 455 - 456 - 457 - 461 - 463 - 465 - 471 - 472 - 475 - 477 - 479 - 480 - 482 - 484 - 485 - 486 - 489 - 494 - 496 - 497,9879801.6,6.4,94026,80047,97.18,Cost: 94026 & Capacity: 80047
0 - 1 - 3 - 4 - 5 - 6 - 7 - 8 - 9 - 10 - 12 - 13 - 14 - 19 - 20 - 22 - 23 - 24 - 26 - 27 - 28 - 30 - 31 - 32 - 33 - 35 - 39 - 40 - 41 - 42 - 43 - 44 - 45 - 48 - 49 - 50 - 52 - 56 - 58 - 59 - 61 - 64 - 69 - 70 - 71 - 72 - 74 - 79 - 82 - 83 - 84 - 85 - 86 - 90 - 91 - 92 - 93 - 95 - 98 - 100 - 103 - 104 - 105 - 106 - 107 - 109 - 111 - 112 - 113 - 117 - 121 - 122 - 124 - 125 - 126 - 127 - 128 - 132 - 134 - 135 - 136 - 137 - 142 - 143 - 144 - 145 - 146 - 147 - 149 - 152 - 153 - 154 - 155 - 156 - 157 - 158 - 160 - 161 - 164 - 165 - 167 - 168 - 169 - 170 - 171 - 172 - 174 - 175 - 176 - 177 - 180 - 181 - 184 - 187 - 189 - 192 - 193 - 194 - 195 - 196 - 198 - 201 - 202 - 203 - 204 - 205 - 206 - 208 - 209 - 210 - 211 - 212 - 214 - 216 - 224 - 225 - 226 - 227 - 229 - 230 - 233 - 234 - 235 - 236 - 237 - 240 - 241 - 244 - 245 - 246 - 248 - 249 - 251 - 254 - 255 - 257 - 259 - 261 - 264 - 265 - 266 - 267 - 269 - 270 - 272 - 275 - 278 - 279 - 280 - 281 - 282 - 285 - 289 - 291 - 296 - 297 - 298 - 300 - 304 - 306 - 308 - 309 - 310 - 314 - 317 - 319 - 320 - 325 - 328 - 329 - 331 - 332 - 335 - 337 - 339 - 341 - 344 - 346 - 351 - 352 - 353 - 355 - 356 - 357 - 359 - 362 - 365 - 370 - 374 - 376 - 380 - 385 - 387 - 388 - 389 - 390 - 391 - 392 - 394 - 395 - 397 - 399 - 400 - 401 - 403 - 404 - 405 - 406 - 407 - 408 - 411 - 413 - 415 - 416 - 417 - 418 - 423 - 426 - 428 - 430 - 434 - 435 - 436 - 438 - 439 - 442 - 443 - 445 - 446 - 448 - 449 - 450 - 451 - 453 - 454 - 455 - 456 - 458 - 459 - 460 - 461 - 463 - 464 - 465 - 466 - 468 - 469 - 470 - 471 - 472 - 474 - 476 - 477 - 478 - 479 - 480 - 481 - 482 - 483 - 484 - 485 - 486 - 487 - 488 - 489 - 490 - 492 - 493 - 494 - 495 - 497 - 498 - 499,21452875.5,0.0,94091,95770,97.98,Cost: 94091 & Capacity: 95770
0 - 1 - 3 - 4 - 5 - 6 - 7 - 8 - 9 - 10 - 12 - 13 - 14 - 19 - 20 - 22 - 23 - 24 - 26 - 27 - 28 - 30 - 31 - 32 - 33 - 35 - 39 - 40 - 41 - 42 - 43 - 44 - 45 - 48 - 49 - 50 - 52 - 56 - 58 - 59 - 61 - 64 - 69 - 70 - 71 - 72 - 74 - 79 - 82 - 83 - 84 - 85 - 86 - 90 - 91 - 92 - 93 - 95 - 98 - 100 - 103 - 104 - 105 - 106 - 107 - 109 - 111 - 112 - 113 - 117 - 121 - 122 - 124 - 125 - 126 - 127 - 128 - 132 - 134 - 135 - 136 - 137 - 142 - 143 - 144 - 145 - 146 - 147 - 149 - 152 - 153 - 154 - 155 - 156 - 157 - 158 - 160 - 161 - 164 - 165 - 167 - 168 - 169 - 170 - 171 - 172 - 174 - 175 - 176 - 177 - 180 - 181 - 184 - 187 - 189 - 192 - 193 - 194 - 195 - 196 - 198 - 201 - 202 - 203 - 204 - 205 - 206 - 208 - 209 - 210 - 211 - 212 - 214 - 216 - 224 - 225 - 226 - 227 - 229 - 230 - 233 - 234 - 235 - 236 - 237 - 240 - 241 - 244 - 245 - 246 - 248 - 249 - 251 - 254 - 255 - 257 - 259 - 261 - 264 - 265 - 266 - 267 - 269 - 270 - 272 - 275 - 278 - 279 - 280 - 281 - 282 - 285 - 289 - 291 - 296 - 297 - 298 - 300 - 304 - 306 - 308 - 309 - 310 - 314 - 317 - 319 - 320 - 325 - 328 - 329 - 331 - 332 - 335 - 337 - 339 - 341 - 344 - 346 - 351 - 352 - 353 - 355 - 356 - 357 - 359 - 362 - 365 - 370 - 374 - 376 - 380 - 385 - 387 - 388 - 389 - 390 - 391 - 392 - 394 - 395 - 397 - 399 - 400 - 401 - 403 - 404 - 405 - 406 - 407 - 408 - 411 - 413 - 415 - 416 - 417 - 418 - 423 - 426 - 428 - 430 - 434 - 435 - 436 - 438 - 439 - 442 - 443 - 445 - 446 - 448 - 449 - 450 - 451 - 453 - 454 - 455 - 456 - 458 - 459 - 460 - 461 - 463 - 464 - 465 - 466 - 468 - 469 - 470 - 471 - 472 - 474 - 476 - 477 - 478 - 479 - 480 - 481 - 482 - 483 - 484 - 485 - 486 - 487 - 488 - 489 - 490 - 492 - 493 - 494 - 495 - 497 - 498 - 499,21452875.5,0.0,94091,95770,99.86,Cost: 94091 & Capacity: 95770
0 - 1 - 3 - 4 - 6 - 7 - 9 - 10 - 12 - 13 - 14 - 15 - 19 - 20 - 22 - 23 - 24 - 26 - 27 - 28 - 30 - 31 - 32 - 33 - 35 - 39 - 40 - 42 - 43 - 44 - 45 - 48 - 49 - 50 - 52 - 56 - 58 - 59 - 61 - 63 - 64 - 69 - 70 - 71 - 72 - 74 - 79 - 82 - 83 - 84 - 85 - 86 - 90 - 91 - 92 - 93 - 95 - 98 - 100 - 103 - 104 - 105 - 106 - 107 - 109 - 111 - 112 - 113 - 117 - 121 - 122 - 124 - 125 - 126 - 127 - 128 - 134 - 135 - 136 - 137 - 142 - 143 - 145 - 146 - 147 - 149 - 152 - 153 - 154 - 156 - 157 - 158 - 160 - 161 - 164 - 165 - 167 - 168 - 169 - 170 - 171 - 172 - 174 - 175 - 176 - 177 - 179 - 180 - 181 - 184 - 187 - 189 - 192 - 193 - 194 - 195 - 196 - 197 - 198 - 202 - 203 - 205 - 206 - 208 - 209 - 210 - 211 - 212 - 214 - 216 - 224 - 225 - 226 - 227 - 229 - 230 - 232 - 233 - 234 - 235 - 236 - 237 - 240 - 241 - 244 - 245 - 246 - 248 - 249 - 251 - 254 - 255 - 259 - 261 - 264 - 265 - 266 - 267 - 268 - 269 - 270 - 272 - 275 - 278 - 279 - 280 - 281 - 282 - 285 - 289 - 291 - 296 - 297 - 298 - 300 - 304 - 306 - 308 - 309 - 310 - 314 - 317 - 319 - 320 - 325 - 328 - 329 - 331 - 332 - 335 - 337 - 339 - 341 - 344 - 346 - 351 - 352 - 353 - 355 - 356 - 357 - 359 - 362 - 365 - 370 - 374 - 376 - 380 - 385 - 387 - 388 - 389 - 390 - 391 - 392 - 394 - 395 - 397 - 399 - 400 - 401 - 403 - 405 - 406 - 407 - 408 - 411 - 413 - 417 - 418 - 423 - 426 - 428 - 430 - 434 - 435 - 436 - 438 - 439 - 442 - 443 - 445 - 446 - 448 - 449 - 450 - 451 - 453 - 454 - 456 - 458 - 459 - 460 - 461 - 463 - 464 - 465 - 466 - 468 - 469 - 470 - 471 - 472 - 474 - 476 - 477 - 478 - 479 - 480 - 481 - 482 - 483 - 484 - 485 - 486 - 487 - 488 - 489 - 490 - 492 - 493 - 494 - 495 - 497 - 498 - 499,20408815.2,0.0,88963,91236,100.39,Cost: 88963 & Capacity: 91236
0 - 1 - 3 - 4 - 6 - 7 - 8 - 9 - 10 - 12 - 13 - 14 - 15 - 19 - 20 - 22 - 23 - 24 - 26 - 27 - 28 - 30 - 31 - 32 - 33 - 35 - 39 - 40 - 42 - 43 - 44 - 45 - 48 - 49 - 50 - 52 - 56 - 58 - 59 - 61 - 63 - 64 - 69 - 70 - 71 - 72 - 74 - 79 - 82 - 83 - 84 - 85 - 86 - 88 - 90 - 91 - 92 - 93 - 95 - 98 - 100 - 103 - 104 - 105 - 106 - 107 - 109 - 111 - 112 - 113 - 117 - 121 - 122 - 124 - 125 - 126 - 127 - 128 - 134 - 135 - 136 - 137 - 142 - 143 - 144 - 145 - 146 - 147 - 149 - 152 - 153 - 154 - 156 - 157 - 158 - 160 - 161 - 164 - 165 - 167 - 168 - 169 - 170 - 171 - 172 - 174 - 175 - 176 - 177 - 179 - 180 - 181 - 184 - 187 - 189 - 192 - 193 - 194 - 195 - 196 - 197 - 198 - 201 - 202 - 203 - 205 - 206 - 208 - 209 - 210 - 211 - 212 - 214 - 216 - 224 - 225 - 226 - 227 - 229 - 230 - 232 - 233 - 234 - 235 - 236 - 237 - 240 - 241 - 244 - 245 - 246 - 247 - 248 - 249 - 251 - 254 - 255 - 259 - 261 - 264 - 265 - 266 - 267 - 268 - 269 - 270 - 272 - 275 - 278 - 279 - 280 - 281 - 282 - 285 - 289 - 291 - 296 - 297 - 298 - 300 - 304 - 306 - 308 - 309 - 310 - 314 - 317 - 319 - 320 - 325 - 328 - 329 - 331 - 332 - 335 - 337 - 339 - 341 - 344 - 346 - 351 - 352 - 353 - 355 - 356 - 357 - 359 - 362 - 365 - 370 - 374 - 376 - 380 - 385 - 387 - 388 - 389 - 390 - 391 - 392 - 394 - 395 - 397 - 399 - 400 - 401 - 403 - 405 - 406 - 407 - 408 - 411 - 413 - 417 - 418 - 423 - 426 - 428 - 430 - 434 - 435 - 436 - 438 - 439 - 442 - 443 - 445 - 446 - 448 - 449 - 450 - 451 - 453 - 454 - 456 - 458 - 459 - 460 - 461 - 463 - 464 - 465 - 466 - 468 - 469 - 470 - 471 - 472 - 474 - 476 - 477 - 478 - 479 - 480 - 481 - 482 - 483 - 484 - 485 - 486 - 487 - 488 - 489 - 490 - 492 - 493 - 494 - 495 - 497 - 498 - 499,21117695.9,0.0,92186,93831,100.39,Cost: 92186 & Capacity: 93831
0 - 1 - 3 - 4 - 5 - 6 - 7 - 8 - 9 - 10 - 12 - 13 - 14 - 15 - 19 - 20 - 22 - 23 - 24 - 26 - 27 - 28 - 30 - 31 - 32 - 33 - 35 - 39 - 40 - 42 - 43 - 44 - 45 - 48 - 49 - 50 - 52 - 56 - 58 - 59 - 61 - 63 - 64 - 69 - 70 - 71 - 72 - 74 - 79 - 82 - 83 - 84 - 85 - 86 - 88 - 90 - 91 - 92 - 93 - 95 - 98 - 100 - 103 - 104 - 105 - 106 - 107 - 109 - 111 - 112 - 113 - 117 - 121 - 122 - 124 - 125 - 126 - 127 - 128 - 134 - 135 - 136 - 137 - 142 - 143 - 144 - 145 - 146 - 147 - 149 - 152 - 153 - 154 - 156 - 157 - 158 - 160 - 161 - 164 - 165 - 167 - 168 - 169 - 170 - 171 - 172 - 174 - 175 - 176 - 177 - 179 - 180 - 181 - 184 - 187 - 189 - 192 - 193 - 194 - 195 - 196 - 197 - 198 - 201 - 202 - 203 - 205 - 206 - 208 - 209 - 210 - 211 - 212 - 214 - 216 - 224 - 225 - 226 - 227 - 229 - 230 - 232 - 233 - 234 - 235 - 236 - 237 - 240 - 241 - 244 - 245 - 246 - 247 - 248 - 249 - 251 - 254 - 255 - 259 - 261 - 264 - 265 - 266 - 267 - 268 - 269 - 270 - 272 - 275 - 278 - 279 - 280 - 281 - 282 - 285 - 289 - 291 - 296 - 297 - 298 - 300 - 304 - 306 - 308 - 309 - 310 - 314 - 317 - 319 - 320 - 325 - 328 - 329 - 331 - 332 - 335 - 337 - 339 - 341 - 344 - 346 - 351 - 352 - 353 - 355 - 356 - 357 - 359 - 362 - 365 - 370 - 374 - 376 - 380 - 385 - 387 - 388 - 389 - 390 - 391 - 392 - 394 - 395 - 397 - 399 - 400 - 401 - 403 - 405 - 406 - 407 - 408 - 411 - 413 - 417 - 418 - 423 - 426 - 428 - 430 - 434 - 435 - 436 - 438 - 439 - 442 - 443 - 445 - 446 - 448 - 449 - 450 - 451 - 453 - 454 - 456 - 458 - 459 - 460 - 461 - 463 - 464 - 465 - 466 - 468 - 469 - 470 - 471 - 472 - 474 - 476 - 477 - 478 - 479 - 480 - 481 - 482 - 483 - 484 - 485 - 486 - 487 - 488 - 489 - 490 - 492 - 493 - 494 - 495 - 497 - 498 - 499,21260188.1,0.0,92842,94755,100.39,Cost: 92842 & Capacity: 94755
0 - 6 - 8 - 10 - 12 - 15 - 17 - 20 - 22 - 27 - 28 - 30 - 31 - 33 - 34 - 39 - 44 - 45 - 46 - 47 - 50 - 54 - 56 - 58 - 70 - 79 - 81 - 85 - 94 - 95 - 97 - 98 - 99 - 100 - 103 - 106 - 112 - 113 - 114 - 122 - 126 - 132 - 134 - 136 - 139 - 146 - 147 - 148 - 149 - 152 - 162 - 163 - 171 - 175 - 176 - 183 - 185 - 192 - 193 - 195 - 204 - 205 - 206 - 208 - 209 - 212 - 215 - 216 - 217 - 219 - 220 - 226 - 227 - 233 - 234 - 243 - 245 - 248 - 249 - 252 - 255 - 257 - 268 - 271 - 275 - 278 - 280 - 283 - 285 - 298 - 304 - 307 - 311 - 315 - 318 - 319 - 320 - 322 - 323 - 324 - 327 - 328 - 330 - 332 - 333 - 335 - 336 - 337 - 338 - 339 - 340 - 341 - 342 - 343 - 344 - 346 - 348 - 349 - 355 - 359 - 370 - 373 - 374 - 379 - 380 - 385 - 386 - 387 - 389 - 391 - 392 - 400 - 405 - 407 - 410 - 413 - 416 - 420 - 421 - 422 - 427 - 428 - 429 - 431 - 432 - 434 - 442 - 443 - 444 - 445 - 446 - 448 - 449 - 450 - 454 - 456 - 458 - 465 - 466 - 472 - 475 - 478 - 479 - 481 - 484 - 486 - 487 - 488 - 489 - 490 - 496 - 499,7514115.8,10.9,93733,78589,100.86,Cost: 93733 & Capacity: 78589
6 - 7 - 9 - 10 - 15 - 18 - 21 - 27 - 28 - 30 - 31 - 33 - 34 - 38 - 39 - 44 - 45 - 46 - 50 - 54 - 58 - 60 - 61 - 66 - 68 - 79 - 81 - 94 - 95 - 96 - 97 - 98 - 99 - 100 - 102 - 103 - 105 - 106 - 113 - 114 - 119 - 123 - 126 - 132 - 134 - 147 - 149 - 150 - 153 - 159 - 162 - 163 - 171 - 173 - 175 - 176 - 192 - 193 - 194 - 195 - 199 - 204 - 205 - 206 - 208 - 209 - 212 - 215 - 216 - 217 - 220 - 227 - 233 - 235 - 243 - 244 - 245 - 248 - 249 - 252 - 254 - 267 - 275 - 286 - 297 - 298 - 304 - 311 - 318 - 319 - 320 - 323 - 324 - 328 - 330 - 332 - 333 - 335 - 337 - 338 - 340 - 342 - 343 - 346 - 348 - 349 - 351 - 359 - 370 - 374 - 379 - 380 - 386 - 400 - 405 - 409 - 410 - 413 - 420 - 421 - 422 - 428 - 429 - 431 - 432 - 434 - 439 - 442 - 443 - 444 - 448 - 449 - 454 - 456 - 458 - 459 - 462 - 463 - 465 - 475 - 478 - 479 - 480 - 484 - 487 - 490 - 496 - 499,5522249.5,16.6,90747,72367,100.87,Cost: 90747 & Capacity: 72367
0 - 1 - 3 - 4 - 5 - 6 - 7 - 8 - 9 - 10 - 12 - 13 - 14 - 19 - 20 - 22 - 23 - 24 - 26 - 27 - 28 - 30 - 31 - 32 - 33 - 35 - 39 - 40 - 41 - 42 - 43 - 44 - 45 - 48 - 49 - 50 - 52 - 56 - 58 - 59 - 61 - 64 - 69 - 70 - 71 - 72 - 74 - 79 - 82 - 83 - 84 - 85 - 86 - 90 - 91 - 92 - 93 - 95 - 98 - 100 - 103 - 104 - 105 - 106 - 107 - 109 - 111 - 112 - 113 - 117 - 121 - 122 - 124 - 125 - 126 - 127 - 128 - 132 - 134 - 135 - 136 - 137 - 142 - 143 - 144 - 145 - 146 - 147 - 149 - 152 - 153 - 154 - 155 - 156 - 157 - 158 - 160 - 161 - 164 - 165 - 167 - 168 - 169 - 170 - 171 - 172 - 174 - 175 - 176 - 177 - 180 - 181 - 184 - 187 - 189 - 192 - 193 - 194 - 195 - 196 - 198 - 201 - 202 - 203 - 204 - 205 - 206 - 208 - 209 - 210 - 211 - 212 - 214 - 216 - 224 - 225 - 226 - 227 - 229 - 230 - 233 - 234 - 235 - 236 - 237 - 240 - 241 - 244 - 245 - 246 - 248 - 249 - 251 - 254 - 255 - 257 - 259 - 261 - 264 - 265 - 266 - 267 - 269 - 270 - 272 - 275 - 278 - 279 - 280 - 281 - 282 - 285 - 289 - 291 - 296 - 297 - 298 - 300 - 304 - 306 - 308 - 309 - 310 - 314 - 317 - 319 - 320 - 325 - 328 - 329 - 331 - 332 - 335 - 337 - 339 - 341 - 344 - 346 - 351 - 352 - 353 - 355 - 356 - 357 - 359 - 362 - 365 - 370 - 374 - 376 - 380 - 385 - 387 - 388 - 389 - 390 - 391 - 392 - 394 - 395 - 397 - 399 - 400 - 401 - 403 - 404 - 405 - 406 - 407 - 408 - 411 - 413 - 415 - 416 - 417 - 418 - 423 - 426 - 428 - 430 - 434 - 435 - 436 - 438 - 439 - 442 - 443 - 445 - 446 - 448 - 449 - 450 - 451 - 453 - 454 - 455 - 456 - 458 - 459 - 460 - 461 - 463 - 464 - 465 - 466 - 468 - 469 - 470 - 471 - 472 - 474 - 476 - 477 - 478 - 479 - 480 - 481 - 482 - 483 - 484 - 485 - 486 - 487 - 488 - 489 - 490 - 492 - 493 - 494 - 495 - 497 - 498 - 499,21452875.5,0.0,94091,95770,101.24,Cost: 94091 & Capacity: 95770
0 - 1 - 3 - 4 - 5 - 6 - 7 - 8 - 9 - 10 - 12 - 13 - 14 - 19 - 20 - 22 - 23 - 24 - 26 - 27 - 28 - 30 - 31 - 32 - 33 - 35 - 39 - 40 - 41 - 42 - 43 - 44 - 45 - 48 - 49 - 50 - 52 - 56 - 58 - 59 - 61 - 64 - 69 - 70 - 71 - 72 - 74 - 79 - 82 - 83 - 84 - 85 - 86 - 90 - 91 - 92 - 93 - 95 - 98 - 100 - 103 - 104 - 105 - 106 - 107 - 109 - 111 - 112 - 113 - 117 - 121 - 122 - 124 - 125 - 126 - 127 - 128 - 132 - 134 - 135 - 136 - 137 - 142 - 143 - 144 - 145 - 146 - 147 - 149 - 152 - 153 - 154 - 155 - 156 - 157 - 158 - 160 - 161 - 164 - 165 - 167 - 168 - 169 - 170 - 171 - 172 - 174 - 175 - 176 - 177 - 180 - 181 - 184 - 187 - 189 - 192 - 193 - 194 - 195 - 196 - 198 - 201 - 202 - 203 - 204 - 205 - 206 - 208 - 209 - 210 - 211 - 212 - 214 - 216 - 224 - 225 - 226 - 227 - 229 - 230 - 233 - 234 - 235 - 236 - 237 - 240 - 241 - 244 - 245 - 246 - 248 - 249 - 251 - 254 - 255 - 257 - 259 - 261 - 264 - 265 - 266 - 267 - 269 - 270 - 272 - 275 - 278 - 279 - 280 - 281 - 282 - 285 - 289 - 291 - 296 - 297 - 298 - 300 - 304 - 306 - 308 - 309 - 310 - 314 - 317 - 319 - 320 - 325 - 328 - 329 - 331 - 332 - 335 - 337 - 339 - 341 - 344 - 346 - 351 - 352 - 353 - 355 - 356 - 357 - 359 - 362 - 365 - 370 - 374 - 376 - 380 - 385 - 387 - 388 - 389 - 390 - 391 - 392 - 394 - 395 - 397 - 399 - 400 - 401 - 403 - 404 - 405 - 406 - 407 - 408 - 411 - 413 - 415 - 416 - 417 - 418 - 423 - 426 - 428 - 430 - 434 - 435 - 436 - 438 - 439 - 442 - 443 - 445 - 446 - 448 - 449 - 450 - 451 - 453 - 454 - 455 - 456 - 458 - 459 - 460 - 461 - 463 - 464 - 465 - 466 - 468 - 469 - 470 - 471 - 472 - 474 - 476 - 477 - 478 - 479 - 480 - 481 - 482 - 483 - 484 - 485 - 486 - 487 - 488 - 489 - 490 - 492 - 493 - 494 - 495 - 497 - 498 - 499,21452875.5,0.0,94091,95770,106.69,Cost: 94091 & Capacity: 95770
0 - 1 - 3 - 4 - 5 - 6 - 7 - 8 - 9 - 10 - 12 - 13 - 14 - 19 - 20 - 22 - 23 - 24 - 26 - 27 - 28 - 30 - 31 - 32 - 33 - 35 - 39 - 40 - 41 - 42 - 43 - 44 - 45 - 48 - 49 - 50 - 52 - 56 - 58 - 59 - 61 - 64 - 69 - 70 - 71 - 72 - 74 - 79 - 82 - 83 - 84 - 85 - 86 - 90 - 91 - 92 - 93 - 95 - 98 - 100 - 103 - 104 - 105 - 106 - 107 - 109 - 111 - 112 - 113 - 117 - 121 - 122 - 124 - 125 - 126 - 127 - 128 - 132 - 134 - 135 - 136 - 137 - 142 - 143 - 144 - 145 - 146 - 147 - 149 - 152 - 153 - 154 - 155 - 156 - 157 - 158 - 160 - 161 - 164 - 165 - 167 - 168 - 169 - 170 - 171 - 172 - 174 - 175 - 176 - 177 - 180 - 181 - 184 - 187 - 189 - 192 - 193 - 194 - 195 - 196 - 198 - 201 - 202 - 203 - 204 - 205 - 206 - 208 - 209 - 210 - 211 - 212 - 214 - 216 - 224 - 225 - 226 - 227 - 229 - 230 - 233 - 234 - 235 - 236 - 237 - 240 - 241 - 244 - 245 - 246 - 248 - 249 - 251 - 254 - 255 - 257 - 259 - 261 - 264 - 265 - 266 - 267 - 269 - 270 - 272 - 275 - 278 - 279 - 280 - 281 - 282 - 285 - 289 - 291 - 296 - 297 - 298 - 300 - 304 - 306 - 308 - 309 - 310 - 314 - 317 - 319 - 320 - 325 - 328 - 329 - 331 - 332 - 335 - 337 - 339 - 341 - 344 - 346 - 351 - 352 - 353 - 355 - 356 - 357 - 359 - 362 - 365 - 370 - 374 - 376 - 380 - 385 - 387 - 388 - 389 - 390 - 391 - 392 - 394 - 395 - 397 - 399 - 400 - 401 - 403 - 404 - 405 - 406 - 407 - 408 - 411 - 413 - 415 - 416 - 417 - 418 - 423 - 426 - 428 - 430 - 434 - 435 - 436 - 438 - 439 - 442 - 443 - 445 - 446 - 448 - 449 - 450 - 451 - 453 - 454 - 455 - 456 - 458 - 459 - 460 - 461 - 463 - 464 - 465 - 466 - 468 - 469 - 470 - 471 - 472 - 474 - 476 - 477 - 478 - 479 - 480 - 481 - 482 - 483 - 484 - 485 - 486 - 487 - 488 - 489 - 490 - 492 - 493 - 494 - 495 - 497 - 498 - 499,21452875.5,0.0,94091,95770,107.41,Cost: 94091 & Capacity: 95770
0 - 1 - 3 - 4 - 5 - 6 - 7 - 8 - 9 - 10 - 12 - 13 - 14 - 19 - 20 - 22 - 23 - 24 - 26 - 27 - 28 - 30 - 31 - 32 - 33 - 35 - 39 - 40 - 41 - 42 - 43 - 44 - 45 - 48 - 49 - 50 - 52 - 56 - 58 - 59 - 61 - 64 - 69 - 70 - 71 - 72 - 74 - 79 - 82 - 83 - 84 - 85 - 86 - 90 - 91 - 92 - 93 - 95 - 98 - 100 - 103 - 104 - 105 - 106 - 107 - 109 - 111 - 112 - 113 - 117 - 121 - 122 - 124 - 125 - 126 - 127 - 128 - 132 - 134 - 135 - 136 - 137 - 142 - 143 - 144 - 145 - 146 - 147 - 149 - 152 - 153 - 154 - 155 - 156 - 157 - 158 - 160 - 161 - 164 - 165 - 167 - 168 - 169 - 170 - 171 - 172 - 174 - 175 - 176 - 177 - 180 - 181 - 184 - 187 - 189 - 192 - 193 - 194 - 195 - 196 - 198 - 201 - 202 - 203 - 204 - 205 - 206 - 208 - 209 - 210 - 211 - 212 - 214 - 216 - 224 - 225 - 226 - 227 - 229 - 230 - 233 - 234 - 235 - 236 - 237 - 240 - 241 - 244 - 245 - 246 - 248 - 249 - 251 - 254 - 255 - 257 - 259 - 261 - 264 - 265 - 266 - 267 - 269 - 270 - 272 - 275 - 278 - 279 - 280 - 281 - 282 - 285 - 289 - 291 - 296 - 297 - 298 - 300 - 304 - 306 - 308 - 309 - 310 - 314 - 317 - 319 - 320 - 325 - 328 - 329 - 331 - 332 - 335 - 337 - 339 - 341 - 344 - 346 - 351 - 352 - 353 - 355 - 356 - 357 - 359 - 362 - 365 - 370 - 374 - 376 - 380 - 385 - 387 - 388 - 389 - 390 - 391 - 392 - 394 - 395 - 397 - 399 - 400 - 401 - 403 - 404 - 405 - 406 - 407 - 408 - 411 - 413 - 415 - 416 - 417 - 418 - 423 - 426 - 428 - 430 - 434 - 435 - 436 - 438 - 439 - 442 - 443 - 445 - 446 - 448 - 449 - 450 - 451 - 453 - 454 - 455 - 456 - 458 - 459 - 460 - 461 - 463 - 464 - 465 - 466 - 468 - 469 - 470 - 471 - 472 - 474 - 476 - 477 - 478 - 479 - 480 - 481 - 482 - 483 - 484 - 485 - 486 - 487 - 488 - 489 - 490 - 492 - 493 - 494 - 495 - 497 - 498 - 499,21452875.5,0.0,94091,95770,108.93,Cost: 94091 & Capacity: 95770
7 - 9 - 33 - 34 - 38 - 44 - 46 - 58 - 60 - 61 - 64 - 68 - 89 - 92 - 94 - 97 - 98 - 99 - 100 - 111 - 122 - 125 - 126 - 133 - 137 - 143 - 146 - 147 - 148 - 149 - 154 - 156 - 162 - 173 - 184 - 192 - 193 - 209 - 214 - 222 - 227 - 231 - 235 - 240 - 243 - 252 - 261 - 262 - 264 - 268 - 271 - 288 - 290 - 297 - 299 - 300 - 306 - 314 - 318 - 319 - 322 - 325 - 328 - 329 - 332 - 336 - 340 - 343 - 345 - 349 - 356 - 359 - 362 - 368 - 374 - 376 - 381 - 384 - 386 - 395 - 397 - 408 - 410 - 417 - 423 - 430 - 432 - 433 - 434 - 438 - 442 - 446 - 448 - 453 - 459 - 463 - 472 - 475 - 476 - 478 - 481 - 485 - 487 - 490 - 493,2850528.6,25.9,62197,51068,109.31,Cost: 62197 & Capacity: 51068
7 - 9 - 33 - 34 - 38 - 44 - 46 - 58 - 60 - 61 - 64 - 68 - 89 - 92 - 94 - 97 - 98 - 99 - 100 - 111 - 122 - 125 - 126 - 133 - 137 - 143 - 146 - 147 - 148 - 149 - 154 - 156 - 162 - 171 - 173 - 184 - 192 - 193 - 209 - 214 - 222 - 227 - 231 - 235 - 240 - 243 - 252 - 261 - 262 - 264 - 268 - 271 - 288 - 290 - 297 - 299 - 300 - 306 - 311 - 314 - 318 - 319 - 322 - 325 - 328 - 329 - 332 - 336 - 340 - 343 - 345 - 349 - 356 - 359 - 362 - 368 - 374 - 376 - 381 - 384 - 386 - 395 - 397 - 408 - 410 - 417 - 423 - 430 - 432 - 433 - 434 - 438 - 442 - 446 - 448 - 453 - 459 - 463 - 472 - 475 - 476 - 478 - 481 - 485 - 487 - 490 - 493,2956034.9,25.1,63699,52229,109.31,Cost: 63699 & Capacity: 52229
0 - 1 - 3 - 4 - 5 - 6 - 7 - 8 - 9 - 10 - 12 - 13 - 14 - 19 - 20 - 22 - 23 - 24 - 26 - 27 - 28 - 30 - 31 - 32 - 33 - 35 - 39 - 40 - 41 - 42 - 43 - 44 - 45 - 48 - 49 - 50 - 52 - 56 - 58 - 59 - 61 - 64 - 69 - 70 - 71 - 72 - 74 - 79 - 82 - 83 - 84 - 85 - 86 - 90 - 91 - 92 - 93 - 95 - 98 - 100 - 103 - 104 - 105 - 106 - 107 - 109 - 111 - 112 - 113 - 117 - 121 - 122 - 124 - 125 - 126 - 127 - 128 - 132 - 134 - 135 - 136 - 137 - 142 - 143 - 144 - 145 - 146 - 147 - 149 - 152 - 153 - 154 - 155 - 156 - 157 - 158 - 160 - 161 - 164 - 165 - 167 - 168 - 169 - 170 - 171 - 172 - 174 - 175 - 176 - 177 - 180 - 181 - 184 - 187 - 189 - 192 - 193 - 194 - 195 - 196 - 198 - 201 - 202 - 203 - 204 - 205 - 206 - 208 - 209 - 210 - 211 - 212 - 214 - 216 - 224 - 225 - 226 - 227 - 229 - 230 - 233 - 234 - 235 - 236 - 237 - 240 - 241 - 244 - 245 - 246 - 248 - 249 - 251 - 254 - 255 - 257 - 259 - 261 - 264 - 265 - 266 - 267 - 269 - 270 - 272 - 275 - 278 - 279 - 280 - 281 - 282 - 285 - 289 - 291 - 296 - 297 - 298 - 300 - 304 - 306 - 308 - 309 - 310 - 314 - 317 - 319 - 320 - 325 - 328 - 329 - 331 - 332 - 335 - 337 - 339 - 341 - 344 - 346 - 351 - 352 - 353 - 355 - 356 - 357 - 359 - 362 - 365 - 370 - 374 - 376 - 380 - 385 - 387 - 388 - 389 - 390 - 391 - 392 - 394 - 395 - 397 - 399 - 400 - 401 - 403 - 404 - 405 - 406 - 407 - 408 - 411 - 413 - 415 - 416 - 417 - 418 - 423 - 426 - 428 - 430 - 434 - 435 - 436 - 438 - 439 - 442 - 443 - 445 - 446 - 448 - 449 - 450 - 451 - 453 - 454 - 455 - 456 - 458 - 459 - 460 - 461 - 463 - 464 - 465 - 466 - 468 - 469 - 470 - 471 - 472 - 474 - 476 - 477 - 478 - 479 - 480 - 481 - 482 - 483 - 484 - 485 - 486 - 487 - 488 - 489 - 490 - 492 - 493 - 494 - 495 - 497 - 498 - 499,21452875.5,0.0,94091,95770,110.28,Cost: 94091 & Capacity: 95770
0 - 1 - 5 - 6 - 8 - 9 - 17 - 18 - 19 - 22 - 24 - 27 - 28 - 29 - 33 - 34 - 37 - 44 - 45 - 46 - 50 - 59 - 61 - 66 - 75 - 77 - 81 - 83 - 96 - 98 - 100 - 103 - 108 - 113 - 114 - 119 - 126 - 127 - 128 - 131 - 132 - 135 - 149 - 150 - 151 - 162 - 163 - 171 - 174 - 175 - 176 - 180 - 184 - 186 - 193 - 194 - 197 - 200 - 205 - 207 - 208 - 211 - 212 - 215 - 216 - 224 - 229 - 234 - 235 - 236 - 245 - 248 - 265 - 267 - 279 - 284 - 285 - 287 - 289 - 295 - 297 - 301 - 311 - 316 - 318 - 320 - 323 - 324 - 327 - 329 - 330 - 331 - 336 - 337 - 338 - 339 - 344 - 348 - 358 - 362 - 370 - 374 - 379 - 387 - 392 - 399 - 406 - 409 - 410 - 411 - 422 - 428 - 432 - 434 - 437 - 441 - 443 - 449 - 455 - 456 - 459 - 462 - 470 - 473 - 478 - 480 - 482 - 483 - 484 - 487 - 488 - 490 - 496,4485032.6,18.7,78108,64444,110.32,Cost: 78108 & Capacity: 64444
0 - 1 - 3 - 4 - 6 - 7 - 8 - 10 - 12 - 13 - 14 - 19 - 20 - 22 - 23 - 24 - 26 - 27 - 28 - 30 - 31 - 32 - 33 - 39 - 40 - 41 - 42 - 43 - 44 - 45 - 47 - 48 - 49 - 50 - 56 - 58 - 59 - 64 - 69 - 70 - 71 - 74 - 79 - 82 - 83 - 85 - 86 - 90 - 92 - 93 - 95 - 98 - 100 - 103 - 104 - 105 - 106 - 107 - 111 - 112 - 113 - 117 - 121 - 122 - 124 - 125 - 126 - 128 - 132 - 134 - 135 - 136 - 137 - 142 - 145 - 147 - 149 - 152 - 153 - 154 - 155 - 156 - 157 - 158 - 163 - 164 - 165 - 166 - 167 - 168 - 169 - 170 - 171 - 172 - 174 - 175 - 176 - 177 - 180 - 181 - 183 - 184 - 187 - 189 - 192 - 193 - 194 - 195 - 196 - 198 - 201 - 202 - 203 - 204 - 205 - 206 - 208 - 209 - 210 - 211 - 212 - 215 - 216 - 217 - 224 - 225 - 226 - 227 - 229 - 230 - 233 - 234 - 235 - 236 - 237 - 241 - 242 - 243 - 244 - 245 - 246 - 248 - 249 - 250 - 251 - 254 - 255 - 259 - 261 - 264 - 265 - 266 - 267 - 269 - 270 - 272 - 275 - 278 - 279 - 280 - 281 - 282 - 285 - 288 - 289 - 291 - 292 - 296 - 297 - 298 - 300 - 304 - 308 - 309 - 310 - 314 - 317 - 319 - 320 - 325 - 327 - 328 - 329 - 331 - 332 - 335 - 337 - 338 - 339 - 341 - 344 - 346 - 351 - 352 - 353 - 355 - 356 - 357 - 359 - 360 - 362 - 365 - 370 - 374 - 376 - 387 - 388 - 389 - 390 - 391 - 392 - 394 - 395 - 397 - 399 - 400 - 401 - 403 - 405 - 406 - 407 - 408 - 411 - 413 - 415 - 416 - 417 - 418 - 422 - 423 - 426 - 428 - 430 - 434 - 435 - 436 - 438 - 439 - 442 - 443 - 445 - 446 - 448 - 449 - 450 - 451 - 453 - 454 - 458 - 459 - 460 - 461 - 463 - 464 - 465 - 466 - 468 - 469 - 470 - 471 - 472 - 474 - 475 - 476 - 477 - 478 - 479 - 480 - 481 - 482 - 483 - 484 - 485 - 486 - 487 - 488 - 489 - 490 - 492 - 493 - 494 - 497 - 498 - 499,20341296.8,0.2,94099,92903,110.93,Cost: 94099 & Capacity: 92903
0 - 2 - 6 - 7 - 11 - 12 - 17 - 18 - 23 - 24 - 26 - 27 - 30 - 31 - 34 - 37 - 40 - 41 - 57 - 61 - 68 - 72 - 78 - 80 - 82 - 86 - 87 - 95 - 109 - 113 - 115 - 121 - 122 - 125 - 130 - 133 - 139 - 148 - 150 - 154 - 162 - 174 - 182 - 186 - 214 - 235 - 236 - 243 - 245 - 247 - 248 - 249 - 251 - 260 - 262 - 265 - 276 - 278 - 289 - 295 - 303 - 318 - 319 - 324 - 325 - 331 - 335 - 337 - 339 - 350 - 353 - 357 - 359 - 366 - 368 - 369 - 374 - 377 - 391 - 394 - 397 - 400 - 411 - 415 - 422 - 435 - 445 - 447 - 451 - 462 - 465 - 475 - 482 - 484 - 488 - 489 - 493 - 498 - 499,2535706.8,28.8,61262,50613,111.54,Cost: 61262 & Capacity: 50613
0 - 3 - 4 - 6 - 8 - 10 - 12 - 13 - 17 - 20 - 23 - 24 - 26 - 27 - 30 - 31 - 38 - 40 - 41 - 44 - 45 - 46 - 47 - 50 - 52 - 57 - 58 - 61 - 64 - 71 - 72 - 80 - 82 - 85 - 86 - 87 - 92 - 95 - 103 - 105 - 106 - 107 - 109 - 112 - 113 - 117 - 121 - 122 - 123 - 125 - 126 - 130 - 133 - 134 - 135 - 136 - 139 - 145 - 148 - 149 - 152 - 154 - 155 - 165 - 167 - 174 - 175 - 176 - 182 - 184 - 185 - 188 - 190 - 193 - 195 - 202 - 204 - 205 - 210 - 214 - 215 - 216 - 223 - 225 - 227 - 229 - 230 - 232 - 233 - 234 - 235 - 236 - 241 - 243 - 244 - 245 - 246 - 248 - 249 - 251 - 253 - 257 - 266 - 267 - 268 - 271 - 275 - 276 - 280 - 289 - 299 - 300 - 307 - 308 - 309 - 311 - 312 - 318 - 319 - 320 - 324 - 325 - 327 - 329 - 330 - 331 - 335 - 337 - 338 - 339 - 341 - 342 - 353 - 354 - 355 - 356 - 357 - 358 - 359 - 362 - 365 - 368 - 370 - 373 - 374 - 376 - 377 - 386 - 387 - 389 - 391 - 392 - 394 - 396 - 397 - 400 - 407 - 408 - 410 - 411 - 413 - 415 - 417 - 418 - 422 - 424 - 426 - 428 - 429 - 433 - 434 - 435 - 436 - 442 - 443 - 445 - 446 - 447 - 448 - 450 - 451 - 456 - 458 - 459 - 465 - 470 - 471 - 472 - 475 - 479 - 480 - 481 - 482 - 484 - 485 - 486 - 488 - 489 - 493 - 495 - 496 - 497 - 498 - 499,10620948.0,5.8,94067,83580,111.71,Cost: 94067 & Capacity: 83580
0 - 1 - 3 - 4 - 6 - 7 - 8 - 9 - 10 - 12 - 13 - 14 - 19 - 20 - 22 - 23 - 24 - 26 - 27 - 28 - 30 - 31 - 32 - 33 - 35 - 39 - 40 - 41 - 42 - 43 - 44 - 45 - 48 - 49 - 50 - 52 - 56 - 58 - 59 - 61 - 64 - 69 - 70 - 71 - 72 - 74 - 79 - 82 - 83 - 84 - 85 - 86 - 88 - 90 - 91 - 92 - 93 - 95 - 98 - 100 - 103 - 104 - 105 - 106 - 107 - 111 - 112 - 113 - 117 - 121 - 122 - 124 - 125 - 126 - 127 - 128 - 132 - 134 - 135 - 136 - 137 - 142 - 143 - 145 - 146 - 147 - 149 - 152 - 153 - 154 - 155 - 156 - 157 - 158 - 160 - 161 - 164 - 165 - 166 - 167 - 168 - 169 - 170 - 171 - 172 - 174 - 175 - 176 - 177 - 179 - 180 - 181 - 184 - 187 - 189 - 192 - 193 - 194 - 195 - 196 - 198 - 202 - 203 - 204 - 205 - 206 - 208 - 209 - 210 - 211 - 212 - 214 - 216 - 223 - 224 - 225 - 226 - 227 - 229 - 230 - 232 - 233 - 234 - 235 - 236 - 237 - 240 - 241 - 244 - 245 - 246 - 248 - 249 - 251 - 254 - 255 - 259 - 261 - 264 - 265 - 266 - 267 - 268 - 269 - 270 - 272 - 275 - 278 - 279 - 280 - 281 - 282 - 285 - 289 - 291 - 296 - 297 - 298 - 300 - 304 - 306 - 308 - 309 - 310 - 314 - 317 - 319 - 320 - 325 - 327 - 328 - 329 - 331 - 332 - 335 - 337 - 339 - 341 - 344 - 346 - 351 - 352 - 353 - 355 - 356 - 357 - 358 - 359 - 362 - 365 - 370 - 374 - 376 - 380 - 385 - 387 - 388 - 389 - 390 - 391 - 392 - 394 - 395 - 397 - 399 - 400 - 401 - 403 - 405 - 406 - 407 - 408 - 411 - 413 - 415 - 416 - 417 - 418 - 423 - 426 - 428 - 430 - 434 - 435 - 436 - 438 - 439 - 442 - 443 - 445 - 446 - 448 - 449 - 450 - 451 - 453 - 454 - 458 - 459 - 460 - 461 - 463 - 464 - 465 - 466 - 468 - 469 - 470 - 471 - 472 - 474 - 476 - 477 - 478 - 479 - 480 - 481 - 482 - 483 - 484 - 485 - 486 - 487 - 488 - 489 - 490 - 492 - 493 - 494 - 495 - 497 - 498 - 499,21509122.5,0.0,94107,94550,112.73,Cost: 94107 & Capacity: 94550
0 - 1 - 3 - 4 - 5 - 6 - 7 - 8 - 9 - 10 - 12 - 13 - 14 - 19 - 20 - 22 - 23 - 24 - 26 - 27 - 28 - 30 - 31 - 32 - 33 - 35 - 39 - 40 - 41 - 42 - 43 - 44 - 45 - 48 - 49 - 50 - 52 - 56 - 58 - 59 - 61 - 64 - 69 - 70 - 71 - 72 - 74 - 79 - 82 - 83 - 84 - 85 - 86 - 90 - 91 - 92 - 93 - 95 - 98 - 100 - 103 - 104 - 105 - 106 - 107 - 109 - 111 - 112 - 113 - 117 - 121 - 122 - 124 - 125 - 126 - 127 - 128 - 132 - 134 - 135 - 136 - 137 - 142 - 143 - 144 - 145 - 146 - 147 - 149 - 152 - 153 - 154 - 155 - 156 - 157 - 158 - 160 - 161 - 164 - 165 - 167 - 168 - 169 - 170 - 171 - 172 - 174 - 175 - 176 - 177 - 180 - 181 - 184 - 187 - 189 - 192 - 193 - 194 - 195 - 196 - 198 - 201 - 202 - 203 - 204 - 205 - 206 - 208 - 209 - 210 - 211 - 212 - 214 - 216 - 224 - 225 - 226 - 227 - 229 - 230 - 233 - 234 - 235 - 236 - 237 - 240 - 241 - 244 - 245 - 246 - 248 - 249 - 251 - 254 - 255 - 257 - 259 - 261 - 264 - 265 - 266 - 267 - 269 - 270 - 272 - 275 - 278 - 279 - 280 - 281 - 282 - 285 - 289 - 291 - 296 - 297 - 298 - 300 - 304 - 306 - 308 - 309 - 310 - 314 - 317 - 319 - 320 - 325 - 328 - 329 - 331 - 332 - 335 - 337 - 339 - 341 - 344 - 346 - 351 - 352 - 353 - 355 - 356 - 357 - 359 - 362 - 365 - 370 - 374 - 376 - 380 - 385 - 387 - 388 - 389 - 390 - 391 - 392 - 394 - 395 - 397 - 399 - 400 - 401 - 403 - 404 - 405 - 406 - 407 - 408 - 411 - 413 - 415 - 416 - 417 - 418 - 423 - 426 - 428 - 430 - 434 - 435 - 436 - 438 - 439 - 442 - 443 - 445 - 446 - 448 - 449 - 450 - 451 - 453 - 454 - 455 - 456 - 458 - 459 - 460 - 461 - 463 - 464 - 465 - 466 - 468 - 469 - 470 - 471 - 472 - 474 - 476 - 477 - 478 - 479 - 480 - 481 - 482 - 483 - 484 - 485 - 486 - 487 - 488 - 489 - 490 - 492 - 493 - 494 - 495 - 497 - 498 - 499,21452875.5,0.0,94091,95770,112.78,Cost: 94091 & Capacity: 95770
0 - 1 - 3 - 4 - 6 - 8 - 10 - 13 - 17 - 18 - 19 - 20 - 22 - 23 - 27 - 28 - 29 - 31 - 34 - 38 - 39 - 40 - 41 - 45 - 47 - 48 - 49 - 50 - 54 - 56 - 58 - 64 - 69 - 74 - 79 - 82 - 83 - 86 - 87 - 92 - 93 - 95 - 96 - 97 - 98 - 99 - 100 - 101 - 102 - 104 - 105 - 107 - 109 - 112 - 113 - 114 - 117 - 121 - 122 - 125 - 126 - 128 - 130 - 135 - 136 - 137 - 145 - 149 - 152 - 154 - 162 - 163 - 164 - 165 - 175 - 176 - 180 - 181 - 184 - 189 - 192 - 193 - 194 - 198 - 199 - 201 - 203 - 205 - 206 - 209 - 210 - 211 - 216 - 217 - 221 - 222 - 225 - 226 - 229 - 233 - 234 - 235 - 237 - 241 - 245 - 249 - 251 - 254 - 257 - 262 - 264 - 265 - 266 - 267 - 269 - 272 - 274 - 275 - 276 - 283 - 284 - 289 - 291 - 292 - 294 - 296 - 297 - 307 - 308 - 309 - 312 - 315 - 317 - 319 - 323 - 324 - 329 - 331 - 335 - 336 - 337 - 340 - 341 - 344 - 347 - 348 - 356 - 361 - 362 - 365 - 386 - 387 - 389 - 391 - 392 - 395 - 396 - 397 - 401 - 403 - 407 - 409 - 411 - 413 - 415 - 416 - 417 - 422 - 424 - 427 - 428 - 432 - 434 - 438 - 442 - 443 - 444 - 445 - 446 - 449 - 450 - 454 - 456 - 465 - 470 - 471 - 472 - 475 - 479 - 481 - 482 - 485 - 487 - 488 - 489 - 490 - 494 - 499,9852798.0,8.2,92702,77757,113.14,Cost: 92702 & Capacity: 77757
