Nodes,MaxSum,MaxMin,Cost,Capacity,Time,Constraint values
0 - 2 - 10 - 13 - 37 - 42 - 53 - 55 - 56 - 59 - 61 - 66 - 67 - 72 - 73 - 75 - 81 - 83 - 84 - 87 - 95 - 101 - 107 - 108 - 111 - 115 - 116 - 119 - 128 - 129 - 132 - 137 - 144 - 146 - 153 - 156 - 163 - 166 - 178 - 179 - 180 - 181 - 184 - 187 - 192 - 195 - 202 - 211 - 216 - 219 - 223 - 227 - 231 - 238 - 246 - 249 - 252 - 255 - 261 - 264 - 266 - 277 - 282 - 284 - 287 - 292 - 295 - 297 - 298 - 299 - 305 - 308 - 317 - 320 - 322 - 326 - 335 - 338 - 345 - 357 - 362 - 366 - 377 - 381 - 382 - 383 - 388 - 390 - 392 - 397 - 400 - 406 - 409 - 410 - 427 - 428 - 438 - 440 - 442 - 449 - 450 - 454 - 457 - 459 - 460 - 465 - 477 - 478 - 479 - 480 - 485 - 492 - 493 - 494 - 496 - 499,3484177.9,22.3,63780,52604,3.74,Cost: 63780 & Capacity: 52604
0 - 2 - 10 - 13 - 37 - 42 - 53 - 55 - 56 - 59 - 61 - 66 - 67 - 72 - 73 - 75 - 81 - 83 - 84 - 87 - 95 - 101 - 107 - 108 - 111 - 115 - 116 - 119 - 128 - 129 - 132 - 137 - 144 - 146 - 153 - 156 - 163 - 166 - 170 - 178 - 179 - 180 - 181 - 184 - 187 - 192 - 195 - 202 - 211 - 216 - 219 - 223 - 227 - 231 - 238 - 246 - 249 - 252 - 255 - 261 - 264 - 266 - 277 - 282 - 284 - 287 - 292 - 295 - 297 - 298 - 299 - 305 - 308 - 317 - 320 - 322 - 326 - 335 - 338 - 345 - 357 - 362 - 366 - 377 - 381 - 382 - 383 - 388 - 390 - 392 - 397 - 400 - 406 - 409 - 410 - 427 - 428 - 438 - 440 - 442 - 449 - 450 - 454 - 457 - 459 - 460 - 465 - 477 - 478 - 479 - 480 - 485 - 492 - 493 - 494 - 496 - 499,3542431.3,22.1,64429,52936,3.75,Cost: 64429 & Capacity: 52936
0 - 2 - 10 - 13 - 37 - 42 - 53 - 55 - 56 - 59 - 61 - 64 - 66 - 67 - 72 - 73 - 75 - 81 - 83 - 84 - 87 - 95 - 101 - 107 - 108 - 111 - 115 - 116 - 119 - 128 - 129 - 132 - 137 - 144 - 146 - 153 - 156 - 163 - 166 - 170 - 178 - 179 - 180 - 181 - 184 - 187 - 192 - 195 - 202 - 211 - 216 - 219 - 223 - 227 - 231 - 238 - 246 - 249 - 252 - 255 - 261 - 264 - 266 - 277 - 282 - 284 - 287 - 292 - 295 - 297 - 298 - 299 - 305 - 308 - 317 - 320 - 322 - 326 - 335 - 338 - 345 - 357 - 362 - 366 - 377 - 381 - 382 - 383 - 388 - 390 - 392 - 397 - 400 - 406 - 409 - 410 - 427 - 428 - 438 - 440 - 442 - 449 - 450 - 454 - 457 - 459 - 460 - 465 - 476 - 477 - 478 - 479 - 480 - 485 - 492 - 493 - 494 - 496 - 499,3665693.9,20.9,64888,53472,3.75,Cost: 64888 & Capacity: 53472
0 - 2 - 10 - 13 - 37 - 42 - 53 - 55 - 56 - 59 - 61 - 64 - 66 - 67 - 72 - 73 - 75 - 81 - 83 - 84 - 87 - 95 - 101 - 107 - 108 - 111 - 115 - 116 - 119 - 128 - 129 - 132 - 137 - 144 - 146 - 153 - 156 - 163 - 166 - 170 - 178 - 179 - 180 - 181 - 184 - 187 - 192 - 195 - 202 - 211 - 216 - 219 - 223 - 227 - 231 - 238 - 242 - 246 - 249 - 252 - 255 - 261 - 264 - 266 - 277 - 282 - 284 - 287 - 292 - 295 - 297 - 298 - 299 - 305 - 308 - 317 - 320 - 322 - 326 - 335 - 338 - 345 - 357 - 362 - 366 - 377 - 381 - 382 - 383 - 388 - 390 - 392 - 397 - 400 - 406 - 409 - 410 - 427 - 428 - 438 - 440 - 442 - 449 - 450 - 454 - 457 - 459 - 460 - 465 - 476 - 477 - 478 - 479 - 480 - 485 - 492 - 493 - 494 - 496 - 499,3728014.5,20.1,65005,53693,3.75,Cost: 65005 & Capacity: 53693
0 - 2 - 10 - 13 - 37 - 42 - 53 - 55 - 56 - 59 - 61 - 64 - 66 - 67 - 72 - 73 - 75 - 81 - 83 - 84 - 87 - 95 - 99 - 101 - 107 - 108 - 111 - 115 - 116 - 119 - 128 - 129 - 132 - 137 - 144 - 146 - 153 - 156 - 163 - 166 - 170 - 178 - 179 - 180 - 181 - 184 - 187 - 192 - 195 - 202 - 211 - 216 - 219 - 223 - 227 - 231 - 238 - 242 - 246 - 249 - 252 - 255 - 261 - 264 - 266 - 277 - 282 - 284 - 287 - 292 - 295 - 297 - 298 - 299 - 305 - 308 - 317 - 320 - 322 - 326 - 335 - 338 - 345 - 357 - 362 - 366 - 377 - 381 - 382 - 383 - 388 - 390 - 392 - 397 - 400 - 406 - 409 - 410 - 427 - 428 - 438 - 440 - 442 - 449 - 450 - 454 - 457 - 459 - 460 - 465 - 476 - 477 - 478 - 479 - 480 - 485 - 492 - 493 - 494 - 496 - 499,3784187.4,18.4,65033,53742,3.75,Cost: 65033 & Capacity: 53742
0 - 2 - 14 - 40 - 47 - 53 - 65 - 70 - 71 - 73 - 76 - 81 - 83 - 87 - 93 - 95 - 104 - 107 - 126 - 127 - 129 - 131 - 136 - 154 - 157 - 161 - 167 - 171 - 172 - 173 - 176 - 184 - 195 - 202 - 203 - 205 - 211 - 228 - 229 - 240 - 252 - 257 - 258 - 259 - 260 - 272 - 274 - 276 - 277 - 279 - 284 - 287 - 290 - 297 - 299 - 303 - 311 - 312 - 315 - 318 - 320 - 322 - 325 - 340 - 349 - 350 - 351 - 353 - 359 - 361 - 363 - 364 - 373 - 389 - 390 - 392 - 393 - 395 - 400 - 409 - 412 - 413 - 420 - 435 - 438 - 439 - 444 - 446 - 447 - 454 - 458 - 459 - 470 - 478 - 484 - 493 - 494 - 497 - 499,2552631.4,27.4,65359,52738,9.01,Cost: 65359 & Capacity: 52738
6 - 14 - 24 - 34 - 37 - 39 - 45 - 56 - 69 - 76 - 81 - 84 - 85 - 86 - 90 - 95 - 97 - 102 - 121 - 133 - 134 - 149 - 150 - 165 - 168 - 172 - 176 - 194 - 205 - 209 - 213 - 229 - 236 - 239 - 244 - 247 - 249 - 252 - 259 - 263 - 276 - 282 - 289 - 291 - 303 - 308 - 317 - 319 - 321 - 327 - 334 - 348 - 361 - 369 - 373 - 376 - 380 - 390 - 395 - 404 - 405 - 415 - 421 - 423 - 433 - 440 - 443 - 449 - 455 - 464 - 470 - 471 - 474 - 475 - 489 - 494,1515703.7,34.1,60372,52072,24.88,Cost: 60372 & Capacity: 52072
18 - 21 - 25 - 29 - 37 - 44 - 45 - 49 - 53 - 64 - 67 - 72 - 75 - 77 - 80 - 81 - 84 - 86 - 91 - 95 - 99 - 101 - 107 - 120 - 128 - 137 - 139 - 144 - 146 - 147 - 148 - 154 - 155 - 159 - 166 - 171 - 178 - 179 - 180 - 187 - 189 - 192 - 197 - 203 - 207 - 211 - 218 - 219 - 227 - 228 - 233 - 234 - 247 - 262 - 266 - 272 - 273 - 277 - 279 - 284 - 285 - 287 - 294 - 298 - 300 - 303 - 304 - 306 - 316 - 317 - 319 - 321 - 323 - 328 - 330 - 331 - 332 - 333 - 337 - 338 - 345 - 347 - 352 - 355 - 356 - 361 - 362 - 366 - 368 - 371 - 372 - 373 - 374 - 378 - 381 - 382 - 384 - 386 - 387 - 388 - 389 - 390 - 403 - 404 - 411 - 415 - 418 - 426 - 427 - 432 - 436 - 438 - 440 - 442 - 444 - 456 - 459 - 460 - 461 - 463 - 464 - 465 - 470 - 472 - 473 - 474 - 476 - 477 - 478 - 480 - 485 - 494,4487564.7,16.3,65479,57388,0.64,Cost: 65479 & Capacity: 57388
5 - 9 - 13 - 21 - 35 - 38 - 40 - 43 - 44 - 50 - 53 - 59 - 61 - 62 - 64 - 65 - 67 - 68 - 71 - 72 - 91 - 93 - 99 - 109 - 110 - 115 - 119 - 121 - 124 - 125 - 126 - 128 - 132 - 138 - 143 - 145 - 146 - 147 - 149 - 150 - 152 - 153 - 156 - 161 - 164 - 166 - 167 - 170 - 176 - 188 - 189 - 192 - 200 - 201 - 204 - 212 - 221 - 233 - 235 - 237 - 242 - 248 - 252 - 254 - 259 - 262 - 267 - 273 - 277 - 279 - 280 - 281 - 283 - 284 - 285 - 288 - 290 - 292 - 298 - 301 - 303 - 306 - 307 - 308 - 312 - 317 - 322 - 323 - 325 - 326 - 327 - 330 - 333 - 334 - 338 - 341 - 342 - 343 - 358 - 368 - 381 - 393 - 397 - 402 - 403 - 404 - 407 - 409 - 411 - 415 - 419 - 423 - 436 - 438 - 440 - 442 - 445 - 447 - 453 - 454 - 458 - 460 - 465 - 466 - 476 - 485 - 487 - 492 - 494 - 495 - 499,4413624.3,17.9,65484,58044,2.2,Cost: 65484 & Capacity: 58044
0 - 4 - 9 - 10 - 13 - 16 - 17 - 20 - 21 - 36 - 37 - 38 - 42 - 44 - 45 - 50 - 51 - 53 - 54 - 56 - 60 - 61 - 62 - 63 - 64 - 65 - 67 - 68 - 69 - 71 - 72 - 75 - 78 - 80 - 84 - 86 - 87 - 90 - 91 - 94 - 95 - 96 - 97 - 98 - 99 - 100 - 103 - 105 - 107 - 108 - 109 - 110 - 111 - 114 - 115 - 116 - 118 - 123 - 124 - 125 - 128 - 131 - 132 - 135 - 137 - 142 - 144 - 145 - 146 - 147 - 148 - 151 - 152 - 154 - 155 - 158 - 159 - 160 - 163 - 164 - 166 - 167 - 174 - 175 - 178 - 179 - 180 - 181 - 184 - 185 - 187 - 188 - 189 - 190 - 192 - 193 - 195 - 203 - 204 - 210 - 211 - 212 - 214 - 216 - 217 - 218 - 221 - 225 - 228 - 229 - 230 - 231 - 233 - 235 - 238 - 239 - 242 - 246 - 254 - 255 - 257 - 259 - 262 - 266 - 267 - 268 - 270 - 276 - 277 - 280 - 281 - 283 - 284 - 288 - 289 - 290 - 292 - 294 - 295 - 297 - 299 - 300 - 301 - 302 - 305 - 306 - 309 - 311 - 312 - 316 - 322 - 323 - 324 - 325 - 327 - 328 - 329 - 331 - 333 - 337 - 338 - 343 - 344 - 347 - 349 - 354 - 355 - 356 - 360 - 362 - 363 - 364 - 366 - 369 - 370 - 372 - 373 - 374 - 375 - 377 - 379 - 382 - 384 - 385 - 388 - 389 - 390 - 392 - 393 - 397 - 400 - 402 - 404 - 405 - 406 - 409 - 411 - 413 - 416 - 418 - 419 - 420 - 421 - 424 - 426 - 427 - 428 - 429 - 430 - 432 - 434 - 435 - 438 - 440 - 441 - 442 - 450 - 454 - 456 - 460 - 463 - 464 - 469 - 470 - 472 - 474 - 476 - 477 - 480 - 481 - 485 - 488 - 490 - 492 - 494 - 495 - 496,14132482.5,0.0,65506,71256,3.2,Cost: 65506 & Capacity: 71256
1 - 18 - 22 - 24 - 37 - 40 - 44 - 47 - 53 - 59 - 62 - 70 - 72 - 81 - 87 - 91 - 97 - 99 - 100 - 109 - 113 - 116 - 119 - 122 - 123 - 133 - 134 - 136 - 137 - 143 - 146 - 157 - 158 - 160 - 167 - 168 - 172 - 179 - 181 - 187 - 191 - 212 - 217 - 218 - 219 - 233 - 235 - 237 - 240 - 247 - 248 - 254 - 255 - 259 - 262 - 263 - 267 - 272 - 275 - 276 - 277 - 287 - 292 - 293 - 298 - 306 - 307 - 308 - 319 - 324 - 336 - 338 - 345 - 354 - 357 - 360 - 362 - 369 - 370 - 371 - 378 - 381 - 389 - 391 - 392 - 402 - 405 - 408 - 410 - 415 - 416 - 419 - 420 - 428 - 436 - 439 - 440 - 450 - 455 - 461 - 467 - 476 - 478 - 481 - 492 - 494,2937246.3,25.5,65130,52560,3.7,Cost: 65130 & Capacity: 52560
0 - 4 - 9 - 10 - 13 - 16 - 17 - 20 - 21 - 36 - 37 - 38 - 42 - 44 - 45 - 50 - 51 - 53 - 54 - 56 - 60 - 61 - 62 - 63 - 64 - 65 - 67 - 68 - 69 - 71 - 72 - 75 - 78 - 80 - 84 - 86 - 87 - 90 - 91 - 94 - 95 - 96 - 97 - 98 - 99 - 100 - 103 - 105 - 107 - 108 - 109 - 110 - 111 - 114 - 115 - 116 - 118 - 123 - 124 - 125 - 128 - 131 - 132 - 135 - 137 - 142 - 144 - 145 - 146 - 147 - 148 - 151 - 152 - 154 - 155 - 158 - 159 - 160 - 163 - 164 - 166 - 167 - 174 - 175 - 178 - 179 - 180 - 181 - 184 - 185 - 187 - 188 - 189 - 190 - 192 - 193 - 195 - 203 - 204 - 210 - 211 - 212 - 214 - 216 - 217 - 218 - 221 - 225 - 228 - 229 - 230 - 231 - 233 - 235 - 238 - 239 - 242 - 246 - 254 - 255 - 257 - 259 - 262 - 266 - 267 - 268 - 270 - 276 - 277 - 280 - 281 - 283 - 284 - 288 - 289 - 290 - 292 - 294 - 295 - 297 - 299 - 300 - 301 - 302 - 305 - 306 - 309 - 311 - 312 - 316 - 322 - 323 - 324 - 325 - 327 - 328 - 329 - 331 - 333 - 337 - 338 - 343 - 344 - 347 - 349 - 354 - 355 - 356 - 360 - 362 - 363 - 364 - 366 - 369 - 370 - 372 - 373 - 374 - 375 - 377 - 379 - 382 - 384 - 385 - 388 - 389 - 390 - 392 - 393 - 397 - 400 - 402 - 404 - 405 - 406 - 409 - 411 - 413 - 416 - 418 - 419 - 420 - 421 - 424 - 426 - 427 - 428 - 429 - 430 - 432 - 434 - 435 - 438 - 440 - 441 - 442 - 450 - 454 - 456 - 460 - 463 - 464 - 469 - 470 - 472 - 474 - 476 - 477 - 480 - 481 - 485 - 488 - 490 - 492 - 494 - 495 - 496,14132482.5,0.0,65506,71256,6.51,Cost: 65506 & Capacity: 71256
0 - 9 - 11 - 13 - 21 - 28 - 30 - 40 - 42 - 43 - 44 - 45 - 46 - 50 - 53 - 54 - 60 - 62 - 64 - 67 - 72 - 77 - 91 - 98 - 99 - 100 - 103 - 111 - 116 - 117 - 125 - 128 - 142 - 144 - 145 - 147 - 149 - 150 - 153 - 156 - 158 - 160 - 161 - 164 - 166 - 170 - 174 - 179 - 185 - 187 - 188 - 189 - 190 - 194 - 203 - 207 - 212 - 217 - 218 - 223 - 225 - 233 - 235 - 256 - 258 - 262 - 268 - 269 - 273 - 277 - 279 - 280 - 282 - 284 - 288 - 290 - 292 - 294 - 298 - 299 - 303 - 304 - 306 - 309 - 312 - 314 - 316 - 320 - 322 - 325 - 327 - 328 - 330 - 331 - 332 - 333 - 336 - 337 - 338 - 343 - 349 - 351 - 361 - 364 - 366 - 368 - 369 - 382 - 384 - 390 - 393 - 394 - 397 - 404 - 405 - 411 - 419 - 421 - 423 - 426 - 428 - 432 - 433 - 437 - 438 - 440 - 442 - 445 - 454 - 456 - 460 - 463 - 466 - 467 - 470 - 472 - 476 - 477 - 479 - 480 - 485 - 490 - 494 - 496 - 497,5479190.4,12.8,65246,58254,7.55,Cost: 65246 & Capacity: 58254
0 - 4 - 9 - 11 - 12 - 13 - 16 - 21 - 36 - 37 - 38 - 42 - 44 - 45 - 50 - 51 - 53 - 54 - 58 - 60 - 61 - 62 - 63 - 64 - 67 - 68 - 69 - 71 - 72 - 75 - 78 - 80 - 84 - 86 - 87 - 90 - 91 - 94 - 95 - 98 - 99 - 100 - 107 - 108 - 109 - 110 - 111 - 113 - 114 - 115 - 116 - 118 - 123 - 124 - 128 - 131 - 132 - 135 - 136 - 137 - 142 - 144 - 145 - 146 - 147 - 148 - 151 - 152 - 153 - 158 - 159 - 160 - 163 - 164 - 166 - 167 - 170 - 175 - 178 - 179 - 181 - 184 - 185 - 187 - 188 - 189 - 190 - 192 - 193 - 194 - 195 - 197 - 203 - 204 - 210 - 211 - 212 - 214 - 216 - 217 - 218 - 221 - 225 - 228 - 231 - 233 - 235 - 237 - 238 - 240 - 242 - 246 - 248 - 254 - 255 - 257 - 259 - 262 - 266 - 267 - 268 - 270 - 273 - 277 - 280 - 281 - 283 - 284 - 288 - 289 - 290 - 292 - 294 - 300 - 301 - 302 - 305 - 306 - 309 - 312 - 316 - 321 - 322 - 323 - 324 - 325 - 328 - 329 - 331 - 333 - 337 - 338 - 342 - 347 - 349 - 354 - 355 - 356 - 360 - 362 - 363 - 364 - 370 - 372 - 373 - 374 - 375 - 377 - 382 - 384 - 388 - 389 - 390 - 392 - 393 - 397 - 400 - 403 - 404 - 405 - 406 - 407 - 410 - 411 - 413 - 416 - 418 - 419 - 420 - 424 - 426 - 427 - 428 - 429 - 430 - 432 - 434 - 437 - 438 - 440 - 441 - 442 - 450 - 454 - 460 - 463 - 464 - 465 - 469 - 470 - 472 - 474 - 476 - 477 - 480 - 481 - 485 - 488 - 492 - 494 - 495 - 496,12523487.1,0.4,65500,68424,8.64,Cost: 65500 & Capacity: 68424
0 - 4 - 9 - 13 - 16 - 17 - 20 - 21 - 36 - 37 - 38 - 42 - 44 - 45 - 50 - 51 - 53 - 54 - 56 - 60 - 62 - 63 - 64 - 65 - 67 - 68 - 69 - 71 - 72 - 75 - 78 - 80 - 84 - 86 - 87 - 90 - 91 - 94 - 95 - 96 - 97 - 98 - 99 - 100 - 103 - 105 - 107 - 108 - 109 - 110 - 111 - 114 - 115 - 116 - 118 - 123 - 124 - 125 - 128 - 131 - 132 - 135 - 137 - 142 - 144 - 145 - 146 - 147 - 148 - 150 - 151 - 152 - 154 - 155 - 158 - 159 - 160 - 163 - 164 - 166 - 167 - 174 - 175 - 178 - 179 - 180 - 181 - 184 - 185 - 187 - 188 - 189 - 190 - 192 - 193 - 195 - 203 - 204 - 210 - 211 - 212 - 214 - 216 - 217 - 218 - 221 - 225 - 228 - 229 - 230 - 231 - 233 - 235 - 238 - 239 - 242 - 246 - 254 - 255 - 257 - 258 - 259 - 262 - 266 - 267 - 268 - 270 - 274 - 276 - 277 - 280 - 281 - 283 - 284 - 288 - 289 - 290 - 292 - 294 - 295 - 297 - 299 - 300 - 301 - 302 - 305 - 306 - 309 - 311 - 312 - 316 - 318 - 322 - 323 - 324 - 325 - 327 - 328 - 329 - 331 - 333 - 337 - 338 - 343 - 344 - 347 - 349 - 354 - 355 - 356 - 360 - 362 - 363 - 364 - 366 - 370 - 372 - 373 - 374 - 375 - 377 - 379 - 382 - 385 - 388 - 389 - 390 - 392 - 393 - 397 - 400 - 404 - 405 - 406 - 409 - 411 - 413 - 416 - 418 - 419 - 420 - 421 - 424 - 426 - 427 - 428 - 429 - 430 - 432 - 434 - 435 - 438 - 440 - 441 - 442 - 450 - 454 - 456 - 460 - 463 - 464 - 469 - 470 - 472 - 474 - 476 - 477 - 480 - 481 - 485 - 488 - 490 - 492 - 494 - 495 - 496,14000877.9,0.1,65499,70759,10.41,Cost: 65499 & Capacity: 70759
0 - 4 - 9 - 10 - 13 - 16 - 17 - 20 - 21 - 36 - 37 - 38 - 42 - 44 - 45 - 50 - 51 - 53 - 54 - 56 - 60 - 61 - 62 - 63 - 64 - 65 - 67 - 68 - 69 - 71 - 72 - 75 - 78 - 80 - 84 - 86 - 87 - 90 - 91 - 94 - 95 - 96 - 97 - 98 - 99 - 100 - 103 - 105 - 107 - 108 - 109 - 110 - 111 - 114 - 115 - 116 - 118 - 123 - 124 - 125 - 128 - 131 - 132 - 135 - 137 - 142 - 144 - 145 - 146 - 147 - 148 - 151 - 152 - 154 - 155 - 158 - 159 - 160 - 163 - 164 - 166 - 167 - 174 - 175 - 178 - 179 - 180 - 181 - 184 - 185 - 187 - 188 - 189 - 190 - 192 - 193 - 195 - 203 - 204 - 210 - 211 - 212 - 214 - 216 - 217 - 218 - 221 - 225 - 228 - 229 - 230 - 231 - 233 - 235 - 238 - 239 - 242 - 246 - 254 - 255 - 257 - 259 - 262 - 266 - 267 - 268 - 270 - 276 - 277 - 280 - 281 - 283 - 284 - 288 - 289 - 290 - 292 - 294 - 295 - 297 - 299 - 300 - 301 - 302 - 305 - 306 - 309 - 311 - 312 - 316 - 322 - 323 - 324 - 325 - 327 - 328 - 329 - 331 - 333 - 337 - 338 - 343 - 344 - 347 - 349 - 354 - 355 - 356 - 360 - 362 - 363 - 364 - 366 - 369 - 370 - 372 - 373 - 374 - 375 - 377 - 379 - 382 - 384 - 385 - 388 - 389 - 390 - 392 - 393 - 397 - 400 - 402 - 404 - 405 - 406 - 409 - 411 - 413 - 416 - 418 - 419 - 420 - 421 - 424 - 426 - 427 - 428 - 429 - 430 - 432 - 434 - 435 - 438 - 440 - 441 - 442 - 450 - 454 - 456 - 460 - 463 - 464 - 469 - 470 - 472 - 474 - 476 - 477 - 480 - 481 - 485 - 488 - 490 - 492 - 494 - 495 - 496,14132482.5,0.0,65506,71256,12.49,Cost: 65506 & Capacity: 71256
6 - 7 - 8 - 9 - 13 - 15 - 21 - 22 - 35 - 66 - 67 - 74 - 75 - 82 - 84 - 95 - 96 - 101 - 103 - 107 - 110 - 111 - 133 - 144 - 146 - 149 - 150 - 152 - 154 - 166 - 169 - 180 - 187 - 192 - 209 - 211 - 214 - 219 - 229 - 239 - 248 - 252 - 255 - 260 - 263 - 265 - 266 - 275 - 280 - 297 - 299 - 304 - 321 - 325 - 333 - 336 - 338 - 341 - 342 - 348 - 350 - 353 - 373 - 376 - 380 - 382 - 383 - 384 - 386 - 389 - 397 - 414 - 416 - 422 - 425 - 429 - 433 - 436 - 438 - 439 - 440 - 442 - 443 - 450 - 454 - 457 - 459 - 464 - 467 - 469 - 470 - 475 - 476 - 487 - 493 - 494,2393485.9,29.3,65123,52023,13.96,Cost: 65123 & Capacity: 52023
6 - 7 - 8 - 9 - 13 - 15 - 21 - 22 - 35 - 66 - 67 - 74 - 75 - 82 - 84 - 95 - 96 - 101 - 103 - 107 - 110 - 111 - 133 - 144 - 146 - 149 - 150 - 152 - 154 - 166 - 169 - 180 - 187 - 192 - 209 - 211 - 214 - 219 - 229 - 239 - 248 - 252 - 255 - 260 - 263 - 265 - 266 - 275 - 280 - 297 - 299 - 304 - 321 - 325 - 333 - 336 - 338 - 341 - 342 - 348 - 350 - 353 - 373 - 376 - 380 - 382 - 383 - 384 - 386 - 389 - 397 - 414 - 416 - 422 - 425 - 429 - 433 - 436 - 438 - 439 - 440 - 442 - 443 - 450 - 454 - 457 - 459 - 464 - 467 - 469 - 470 - 475 - 476 - 480 - 487 - 493 - 494,2442774.2,28.5,65468,52214,13.96,Cost: 65468 & Capacity: 52214
5 - 18 - 32 - 36 - 37 - 44 - 49 - 53 - 67 - 68 - 72 - 74 - 75 - 86 - 87 - 88 - 90 - 91 - 95 - 97 - 115 - 118 - 120 - 125 - 127 - 128 - 131 - 141 - 142 - 144 - 146 - 149 - 151 - 153 - 156 - 160 - 168 - 169 - 172 - 178 - 179 - 180 - 186 - 188 - 189 - 190 - 192 - 201 - 202 - 212 - 218 - 221 - 223 - 227 - 229 - 231 - 233 - 234 - 235 - 237 - 241 - 246 - 247 - 248 - 252 - 255 - 259 - 262 - 267 - 268 - 273 - 275 - 276 - 277 - 282 - 286 - 291 - 294 - 301 - 302 - 305 - 306 - 308 - 311 - 312 - 319 - 322 - 323 - 325 - 333 - 336 - 337 - 341 - 343 - 344 - 347 - 354 - 355 - 363 - 364 - 366 - 369 - 370 - 373 - 375 - 381 - 385 - 392 - 397 - 399 - 400 - 404 - 405 - 409 - 411 - 423 - 424 - 428 - 429 - 432 - 436 - 439 - 441 - 442 - 450 - 454 - 470 - 473 - 476 - 477 - 478 - 485 - 489 - 494 - 496 - 497 - 499,4818799.2,15.3,65477,59490,15.53,Cost: 65477 & Capacity: 59490
0 - 4 - 9 - 10 - 13 - 16 - 17 - 20 - 21 - 36 - 37 - 38 - 42 - 44 - 45 - 50 - 51 - 53 - 54 - 56 - 60 - 61 - 62 - 63 - 64 - 65 - 67 - 68 - 69 - 71 - 72 - 75 - 78 - 80 - 84 - 86 - 87 - 90 - 91 - 94 - 95 - 96 - 97 - 98 - 99 - 100 - 103 - 105 - 107 - 108 - 109 - 110 - 111 - 114 - 115 - 116 - 118 - 123 - 124 - 125 - 128 - 131 - 132 - 135 - 137 - 142 - 144 - 145 - 146 - 147 - 148 - 151 - 152 - 154 - 155 - 158 - 159 - 160 - 163 - 164 - 166 - 167 - 174 - 175 - 178 - 179 - 180 - 181 - 184 - 185 - 187 - 188 - 189 - 190 - 192 - 193 - 195 - 203 - 204 - 210 - 211 - 212 - 214 - 216 - 217 - 218 - 221 - 225 - 228 - 229 - 230 - 231 - 233 - 235 - 238 - 239 - 242 - 246 - 254 - 255 - 257 - 259 - 262 - 266 - 267 - 268 - 270 - 276 - 277 - 280 - 281 - 283 - 284 - 288 - 289 - 290 - 292 - 294 - 295 - 297 - 299 - 300 - 301 - 302 - 305 - 306 - 309 - 311 - 312 - 316 - 322 - 323 - 324 - 325 - 327 - 328 - 329 - 331 - 333 - 337 - 338 - 343 - 344 - 347 - 349 - 354 - 355 - 356 - 360 - 362 - 363 - 364 - 366 - 369 - 370 - 372 - 373 - 374 - 375 - 377 - 379 - 382 - 384 - 385 - 388 - 389 - 390 - 392 - 393 - 397 - 400 - 402 - 404 - 405 - 406 - 409 - 411 - 413 - 416 - 418 - 419 - 420 - 421 - 424 - 426 - 427 - 428 - 429 - 430 - 432 - 434 - 435 - 438 - 440 - 441 - 442 - 450 - 454 - 456 - 460 - 463 - 464 - 469 - 470 - 472 - 474 - 476 - 477 - 480 - 481 - 485 - 488 - 490 - 492 - 494 - 495 - 496,14132482.5,0.0,65506,71256,16.4,Cost: 65506 & Capacity: 71256
10 - 11 - 13 - 25 - 29 - 32 - 34 - 35 - 38 - 42 - 44 - 55 - 58 - 74 - 75 - 76 - 79 - 84 - 87 - 97 - 101 - 107 - 111 - 115 - 117 - 118 - 120 - 121 - 122 - 143 - 144 - 146 - 148 - 156 - 166 - 168 - 172 - 175 - 180 - 184 - 189 - 196 - 213 - 219 - 220 - 221 - 223 - 225 - 227 - 229 - 231 - 238 - 241 - 242 - 252 - 253 - 256 - 269 - 273 - 276 - 279 - 284 - 287 - 308 - 309 - 313 - 325 - 327 - 334 - 335 - 337 - 344 - 346 - 349 - 352 - 357 - 369 - 375 - 379 - 381 - 385 - 389 - 397 - 398 - 400 - 415 - 418 - 424 - 429 - 431 - 440 - 442 - 449 - 450 - 461 - 470 - 475 - 477 - 480 - 485 - 489 - 497,2707543.4,26.4,65340,53089,17.31,Cost: 65340 & Capacity: 53089
0 - 4 - 9 - 10 - 13 - 16 - 17 - 20 - 21 - 36 - 37 - 38 - 42 - 44 - 45 - 50 - 51 - 53 - 54 - 56 - 60 - 61 - 62 - 63 - 64 - 65 - 67 - 68 - 69 - 71 - 72 - 75 - 78 - 80 - 84 - 86 - 87 - 90 - 91 - 94 - 95 - 96 - 97 - 98 - 99 - 100 - 103 - 105 - 107 - 108 - 109 - 110 - 111 - 114 - 115 - 116 - 118 - 123 - 124 - 125 - 128 - 131 - 132 - 135 - 137 - 142 - 144 - 145 - 146 - 147 - 148 - 151 - 152 - 154 - 155 - 158 - 159 - 160 - 163 - 164 - 166 - 167 - 174 - 175 - 178 - 179 - 180 - 181 - 184 - 185 - 187 - 188 - 189 - 190 - 192 - 193 - 195 - 203 - 204 - 210 - 211 - 212 - 214 - 216 - 217 - 218 - 221 - 225 - 228 - 229 - 230 - 231 - 233 - 235 - 238 - 239 - 242 - 246 - 254 - 255 - 257 - 259 - 262 - 266 - 267 - 268 - 270 - 276 - 277 - 280 - 281 - 283 - 284 - 288 - 289 - 290 - 292 - 294 - 295 - 297 - 299 - 300 - 301 - 302 - 305 - 306 - 309 - 311 - 312 - 316 - 322 - 323 - 324 - 325 - 327 - 328 - 329 - 331 - 333 - 337 - 338 - 343 - 344 - 347 - 349 - 354 - 355 - 356 - 360 - 362 - 363 - 364 - 366 - 369 - 370 - 372 - 373 - 374 - 375 - 377 - 379 - 382 - 384 - 385 - 388 - 389 - 390 - 392 - 393 - 397 - 400 - 402 - 404 - 405 - 406 - 409 - 411 - 413 - 416 - 418 - 419 - 420 - 421 - 424 - 426 - 427 - 428 - 429 - 430 - 432 - 434 - 435 - 438 - 440 - 441 - 442 - 450 - 454 - 456 - 460 - 463 - 464 - 469 - 470 - 472 - 474 - 476 - 477 - 480 - 481 - 485 - 488 - 490 - 492 - 494 - 495 - 496,14132482.5,0.0,65506,71256,18.22,Cost: 65506 & Capacity: 71256
0 - 4 - 9 - 12 - 13 - 16 - 25 - 28 - 43 - 44 - 45 - 50 - 51 - 53 - 54 - 60 - 61 - 62 - 63 - 64 - 68 - 69 - 72 - 81 - 86 - 94 - 99 - 100 - 103 - 107 - 110 - 111 - 118 - 120 - 123 - 124 - 128 - 132 - 136 - 144 - 145 - 146 - 147 - 158 - 159 - 160 - 162 - 163 - 164 - 166 - 171 - 175 - 176 - 178 - 179 - 181 - 184 - 185 - 187 - 188 - 189 - 194 - 195 - 201 - 204 - 207 - 210 - 211 - 217 - 218 - 221 - 223 - 225 - 230 - 231 - 235 - 244 - 246 - 247 - 254 - 257 - 258 - 262 - 266 - 267 - 270 - 273 - 277 - 282 - 283 - 284 - 287 - 288 - 289 - 290 - 292 - 294 - 300 - 302 - 303 - 304 - 305 - 306 - 307 - 309 - 312 - 315 - 316 - 322 - 323 - 324 - 325 - 328 - 333 - 336 - 337 - 338 - 340 - 342 - 344 - 347 - 354 - 355 - 364 - 366 - 370 - 374 - 375 - 376 - 382 - 383 - 388 - 390 - 392 - 393 - 395 - 404 - 406 - 410 - 411 - 419 - 422 - 423 - 427 - 428 - 429 - 432 - 434 - 437 - 438 - 441 - 442 - 450 - 454 - 459 - 464 - 465 - 470 - 471 - 472 - 474 - 476 - 477 - 478 - 479 - 480 - 485 - 488 - 489 - 492 - 494 - 496 - 499,7601482.1,8.7,65466,63869,19.99,Cost: 65466 & Capacity: 63869
0 - 4 - 9 - 11 - 12 - 13 - 16 - 25 - 28 - 43 - 44 - 45 - 50 - 51 - 53 - 54 - 58 - 60 - 61 - 62 - 63 - 64 - 68 - 69 - 72 - 86 - 94 - 99 - 100 - 103 - 107 - 110 - 111 - 118 - 120 - 123 - 124 - 128 - 132 - 136 - 144 - 145 - 146 - 147 - 158 - 159 - 160 - 163 - 164 - 166 - 170 - 171 - 175 - 176 - 179 - 181 - 184 - 185 - 186 - 187 - 189 - 192 - 195 - 201 - 204 - 207 - 210 - 211 - 217 - 218 - 221 - 230 - 235 - 244 - 246 - 247 - 254 - 257 - 258 - 260 - 262 - 266 - 267 - 270 - 273 - 277 - 283 - 284 - 287 - 288 - 289 - 290 - 292 - 294 - 297 - 298 - 300 - 302 - 304 - 305 - 306 - 307 - 309 - 312 - 316 - 322 - 323 - 324 - 325 - 328 - 333 - 336 - 337 - 338 - 340 - 341 - 342 - 344 - 347 - 354 - 355 - 364 - 366 - 370 - 375 - 376 - 382 - 388 - 390 - 392 - 393 - 395 - 404 - 406 - 410 - 411 - 419 - 422 - 427 - 428 - 429 - 432 - 434 - 436 - 437 - 438 - 441 - 442 - 446 - 450 - 454 - 459 - 464 - 465 - 466 - 470 - 472 - 474 - 476 - 477 - 478 - 479 - 480 - 485 - 488 - 489 - 492 - 494 - 496 - 499,7333697.0,8.9,65456,61517,20.04,Cost: 65456 & Capacity: 61517
0 - 12 - 13 - 21 - 25 - 28 - 37 - 44 - 45 - 53 - 54 - 58 - 60 - 62 - 64 - 67 - 68 - 72 - 75 - 76 - 80 - 84 - 86 - 87 - 90 - 94 - 95 - 99 - 100 - 107 - 110 - 111 - 114 - 118 - 123 - 132 - 137 - 142 - 144 - 146 - 147 - 149 - 150 - 152 - 155 - 157 - 158 - 160 - 162 - 164 - 166 - 171 - 176 - 180 - 181 - 189 - 190 - 194 - 195 - 201 - 203 - 207 - 211 - 212 - 217 - 223 - 233 - 235 - 246 - 257 - 262 - 266 - 269 - 273 - 275 - 277 - 279 - 283 - 284 - 288 - 290 - 292 - 294 - 299 - 300 - 302 - 303 - 304 - 306 - 309 - 312 - 322 - 323 - 324 - 326 - 328 - 332 - 333 - 338 - 341 - 342 - 343 - 347 - 355 - 361 - 365 - 366 - 372 - 373 - 374 - 375 - 376 - 377 - 381 - 384 - 385 - 387 - 388 - 390 - 392 - 393 - 395 - 397 - 403 - 406 - 411 - 412 - 413 - 419 - 424 - 426 - 427 - 428 - 430 - 433 - 434 - 435 - 436 - 437 - 438 - 442 - 445 - 446 - 456 - 459 - 460 - 470 - 471 - 474 - 476 - 477 - 480 - 485 - 488 - 489 - 492 - 495 - 496 - 497 - 499,6497327.9,10.8,65508,58660,23.27,Cost: 65508 & Capacity: 58660
5 - 11 - 12 - 21 - 25 - 37 - 42 - 44 - 53 - 54 - 64 - 66 - 67 - 69 - 72 - 75 - 77 - 81 - 84 - 86 - 87 - 99 - 110 - 111 - 118 - 127 - 128 - 131 - 137 - 139 - 140 - 141 - 144 - 147 - 150 - 155 - 156 - 157 - 159 - 179 - 180 - 182 - 190 - 203 - 211 - 218 - 223 - 231 - 233 - 234 - 235 - 252 - 257 - 262 - 263 - 269 - 277 - 279 - 283 - 284 - 285 - 292 - 294 - 295 - 297 - 299 - 302 - 303 - 304 - 305 - 306 - 309 - 312 - 315 - 316 - 317 - 321 - 322 - 323 - 325 - 326 - 328 - 333 - 336 - 341 - 343 - 345 - 352 - 355 - 356 - 361 - 364 - 366 - 371 - 373 - 374 - 376 - 381 - 385 - 387 - 388 - 389 - 390 - 393 - 395 - 400 - 403 - 404 - 411 - 416 - 423 - 424 - 427 - 432 - 433 - 436 - 437 - 438 - 445 - 446 - 448 - 459 - 460 - 470 - 472 - 474 - 476 - 477 - 478 - 480 - 485 - 488 - 490 - 492 - 494,4715679.5,16.2,65423,56540,27.11,Cost: 65423 & Capacity: 56540
0 - 4 - 9 - 10 - 13 - 16 - 17 - 20 - 21 - 36 - 37 - 38 - 42 - 44 - 45 - 50 - 51 - 53 - 54 - 56 - 60 - 61 - 62 - 63 - 64 - 65 - 67 - 68 - 69 - 71 - 72 - 75 - 78 - 80 - 84 - 86 - 87 - 90 - 91 - 94 - 95 - 96 - 97 - 98 - 99 - 100 - 103 - 105 - 107 - 108 - 109 - 110 - 111 - 114 - 115 - 116 - 118 - 123 - 124 - 125 - 128 - 131 - 132 - 135 - 137 - 142 - 144 - 145 - 146 - 147 - 148 - 151 - 152 - 154 - 155 - 158 - 159 - 160 - 163 - 164 - 166 - 167 - 174 - 175 - 178 - 179 - 180 - 181 - 184 - 185 - 187 - 188 - 189 - 190 - 192 - 193 - 195 - 203 - 204 - 210 - 211 - 212 - 214 - 216 - 217 - 218 - 221 - 225 - 228 - 229 - 230 - 231 - 233 - 235 - 238 - 239 - 242 - 246 - 254 - 255 - 257 - 259 - 262 - 266 - 267 - 268 - 270 - 276 - 277 - 280 - 281 - 283 - 284 - 288 - 289 - 290 - 292 - 294 - 295 - 297 - 299 - 300 - 301 - 302 - 305 - 306 - 309 - 311 - 312 - 316 - 322 - 323 - 324 - 325 - 327 - 328 - 329 - 331 - 333 - 337 - 338 - 343 - 344 - 347 - 349 - 354 - 355 - 356 - 360 - 362 - 363 - 364 - 366 - 369 - 370 - 372 - 373 - 374 - 375 - 377 - 379 - 382 - 384 - 385 - 388 - 389 - 390 - 392 - 393 - 397 - 400 - 402 - 404 - 405 - 406 - 409 - 411 - 413 - 416 - 418 - 419 - 420 - 421 - 424 - 426 - 427 - 428 - 429 - 430 - 432 - 434 - 435 - 438 - 440 - 441 - 442 - 450 - 454 - 456 - 460 - 463 - 464 - 469 - 470 - 472 - 474 - 476 - 477 - 480 - 481 - 485 - 488 - 490 - 492 - 494 - 495 - 496,14132482.5,0.0,65506,71256,28.85,Cost: 65506 & Capacity: 71256
0 - 12 - 13 - 16 - 25 - 44 - 45 - 50 - 51 - 53 - 54 - 58 - 60 - 61 - 64 - 66 - 68 - 69 - 72 - 75 - 80 - 84 - 86 - 91 - 94 - 95 - 96 - 98 - 99 - 100 - 107 - 108 - 110 - 111 - 114 - 115 - 116 - 118 - 120 - 123 - 124 - 128 - 132 - 136 - 137 - 142 - 144 - 145 - 146 - 147 - 154 - 158 - 159 - 160 - 162 - 163 - 164 - 166 - 170 - 171 - 175 - 178 - 179 - 181 - 184 - 185 - 187 - 188 - 189 - 190 - 192 - 195 - 201 - 204 - 209 - 211 - 212 - 217 - 218 - 221 - 225 - 230 - 231 - 233 - 235 - 237 - 238 - 246 - 254 - 255 - 257 - 262 - 266 - 267 - 270 - 273 - 277 - 283 - 284 - 287 - 288 - 289 - 290 - 292 - 294 - 297 - 300 - 302 - 303 - 305 - 306 - 309 - 312 - 313 - 315 - 316 - 322 - 323 - 324 - 325 - 326 - 328 - 333 - 336 - 337 - 338 - 342 - 344 - 347 - 354 - 362 - 366 - 370 - 372 - 374 - 375 - 377 - 381 - 382 - 383 - 387 - 388 - 389 - 390 - 392 - 393 - 395 - 397 - 400 - 403 - 406 - 410 - 411 - 416 - 419 - 420 - 422 - 424 - 427 - 428 - 429 - 430 - 432 - 434 - 435 - 436 - 437 - 438 - 441 - 450 - 454 - 459 - 464 - 465 - 468 - 470 - 472 - 474 - 476 - 477 - 478 - 479 - 480 - 485 - 488 - 489 - 492 - 494 - 496 - 497,9104976.9,5.7,65494,65126,29.24,Cost: 65494 & Capacity: 65126
8 - 13 - 14 - 29 - 30 - 40 - 44 - 53 - 55 - 65 - 67 - 68 - 70 - 72 - 85 - 87 - 88 - 94 - 95 - 99 - 106 - 108 - 114 - 115 - 116 - 117 - 128 - 129 - 131 - 132 - 135 - 138 - 144 - 145 - 150 - 151 - 153 - 155 - 162 - 164 - 169 - 172 - 179 - 183 - 185 - 192 - 194 - 199 - 202 - 208 - 214 - 217 - 224 - 228 - 231 - 234 - 237 - 252 - 258 - 259 - 263 - 266 - 269 - 273 - 277 - 281 - 284 - 285 - 292 - 294 - 299 - 306 - 310 - 312 - 315 - 319 - 324 - 327 - 330 - 331 - 332 - 333 - 338 - 340 - 345 - 346 - 351 - 352 - 356 - 362 - 369 - 379 - 382 - 384 - 390 - 391 - 397 - 405 - 411 - 417 - 419 - 426 - 433 - 435 - 438 - 439 - 440 - 442 - 456 - 466 - 472 - 481,3270347.0,23.8,65209,53912,29.74,Cost: 65209 & Capacity: 53912
13 - 22 - 24 - 29 - 35 - 36 - 62 - 66 - 69 - 73 - 79 - 81 - 94 - 97 - 99 - 103 - 105 - 107 - 111 - 122 - 123 - 128 - 136 - 145 - 149 - 150 - 157 - 159 - 161 - 164 - 166 - 167 - 168 - 174 - 178 - 179 - 181 - 184 - 186 - 193 - 213 - 214 - 216 - 218 - 219 - 221 - 223 - 224 - 225 - 229 - 230 - 231 - 239 - 242 - 246 - 248 - 260 - 261 - 266 - 268 - 277 - 278 - 281 - 287 - 288 - 292 - 297 - 302 - 304 - 306 - 309 - 310 - 313 - 316 - 322 - 323 - 324 - 325 - 327 - 329 - 343 - 344 - 345 - 347 - 348 - 351 - 352 - 354 - 356 - 357 - 360 - 361 - 367 - 371 - 382 - 383 - 389 - 395 - 398 - 407 - 411 - 415 - 416 - 424 - 429 - 438 - 444 - 451 - 464 - 473 - 476 - 488 - 490 - 493,3342912.4,22.8,65259,52936,30.81,Cost: 65259 & Capacity: 52936
9 - 12 - 18 - 29 - 43 - 47 - 65 - 73 - 76 - 79 - 91 - 92 - 99 - 105 - 107 - 117 - 119 - 120 - 136 - 143 - 144 - 149 - 150 - 152 - 153 - 156 - 161 - 166 - 169 - 174 - 180 - 190 - 191 - 205 - 206 - 207 - 211 - 212 - 221 - 228 - 230 - 234 - 239 - 248 - 256 - 258 - 264 - 265 - 271 - 281 - 283 - 288 - 298 - 306 - 312 - 313 - 317 - 318 - 320 - 323 - 325 - 331 - 343 - 344 - 345 - 349 - 351 - 352 - 358 - 360 - 361 - 365 - 373 - 374 - 383 - 386 - 407 - 408 - 411 - 420 - 429 - 430 - 436 - 440 - 443 - 444 - 446 - 458 - 459 - 461 - 471 - 476 - 477 - 478 - 498,2344106.3,29.7,65478,52188,32.18,Cost: 65478 & Capacity: 52188
0 - 4 - 9 - 13 - 16 - 17 - 20 - 21 - 36 - 37 - 38 - 42 - 44 - 45 - 50 - 51 - 53 - 54 - 56 - 60 - 61 - 62 - 63 - 64 - 65 - 67 - 68 - 69 - 71 - 72 - 75 - 78 - 80 - 84 - 86 - 87 - 90 - 91 - 94 - 95 - 96 - 97 - 98 - 99 - 100 - 103 - 105 - 107 - 108 - 109 - 110 - 111 - 114 - 115 - 116 - 118 - 123 - 124 - 125 - 128 - 131 - 132 - 135 - 137 - 142 - 144 - 145 - 146 - 147 - 148 - 150 - 151 - 152 - 154 - 155 - 158 - 159 - 160 - 163 - 164 - 166 - 167 - 174 - 175 - 178 - 179 - 180 - 181 - 184 - 185 - 187 - 188 - 189 - 190 - 192 - 193 - 195 - 203 - 204 - 210 - 211 - 212 - 214 - 216 - 217 - 218 - 221 - 225 - 228 - 229 - 230 - 231 - 233 - 235 - 238 - 242 - 246 - 254 - 255 - 257 - 259 - 262 - 266 - 267 - 268 - 270 - 274 - 276 - 277 - 280 - 281 - 283 - 284 - 288 - 289 - 290 - 292 - 294 - 295 - 297 - 299 - 300 - 301 - 302 - 305 - 306 - 309 - 311 - 312 - 316 - 318 - 322 - 323 - 324 - 325 - 327 - 328 - 329 - 331 - 333 - 337 - 338 - 343 - 344 - 347 - 349 - 354 - 355 - 356 - 360 - 362 - 363 - 364 - 366 - 370 - 372 - 373 - 374 - 375 - 377 - 379 - 382 - 384 - 385 - 388 - 389 - 390 - 392 - 393 - 397 - 400 - 402 - 404 - 405 - 406 - 409 - 411 - 413 - 416 - 418 - 419 - 420 - 421 - 424 - 426 - 427 - 428 - 429 - 430 - 432 - 434 - 435 - 438 - 440 - 441 - 442 - 450 - 454 - 456 - 460 - 463 - 464 - 469 - 470 - 472 - 474 - 476 - 477 - 480 - 481 - 485 - 488 - 490 - 492 - 494 - 495 - 496,14125978.2,0.0,65506,70673,32.78,Cost: 65506 & Capacity: 70673
0 - 4 - 9 - 10 - 13 - 16 - 17 - 20 - 21 - 36 - 37 - 38 - 42 - 44 - 45 - 50 - 51 - 53 - 54 - 56 - 60 - 61 - 62 - 63 - 64 - 65 - 67 - 68 - 69 - 71 - 72 - 75 - 78 - 80 - 84 - 86 - 87 - 90 - 91 - 94 - 95 - 96 - 97 - 98 - 99 - 100 - 103 - 105 - 107 - 108 - 109 - 110 - 111 - 114 - 115 - 116 - 118 - 123 - 124 - 125 - 128 - 131 - 132 - 135 - 137 - 142 - 144 - 145 - 146 - 147 - 148 - 151 - 152 - 154 - 155 - 158 - 159 - 160 - 163 - 164 - 166 - 167 - 174 - 175 - 178 - 179 - 180 - 181 - 184 - 185 - 187 - 188 - 189 - 190 - 192 - 193 - 195 - 203 - 204 - 210 - 211 - 212 - 214 - 216 - 217 - 218 - 221 - 225 - 228 - 229 - 230 - 231 - 233 - 235 - 238 - 239 - 242 - 246 - 254 - 255 - 257 - 259 - 262 - 266 - 267 - 268 - 270 - 276 - 277 - 280 - 281 - 283 - 284 - 288 - 289 - 290 - 292 - 294 - 295 - 297 - 299 - 300 - 301 - 302 - 305 - 306 - 309 - 311 - 312 - 316 - 322 - 323 - 324 - 325 - 327 - 328 - 329 - 331 - 333 - 337 - 338 - 343 - 344 - 347 - 349 - 354 - 355 - 356 - 360 - 362 - 363 - 364 - 366 - 369 - 370 - 372 - 373 - 374 - 375 - 377 - 379 - 382 - 384 - 385 - 388 - 389 - 390 - 392 - 393 - 397 - 400 - 402 - 404 - 405 - 406 - 409 - 411 - 413 - 416 - 418 - 419 - 420 - 421 - 424 - 426 - 427 - 428 - 429 - 430 - 432 - 434 - 435 - 438 - 440 - 441 - 442 - 450 - 454 - 456 - 460 - 463 - 464 - 469 - 470 - 472 - 474 - 476 - 477 - 480 - 481 - 485 - 488 - 490 - 492 - 494 - 495 - 496,14132482.5,0.0,65506,71256,34.89,Cost: 65506 & Capacity: 71256
0 - 4 - 9 - 12 - 13 - 16 - 21 - 25 - 36 - 38 - 42 - 44 - 45 - 50 - 51 - 53 - 54 - 60 - 61 - 63 - 64 - 65 - 68 - 69 - 71 - 72 - 75 - 80 - 84 - 86 - 87 - 90 - 91 - 94 - 95 - 96 - 97 - 98 - 99 - 100 - 105 - 107 - 108 - 110 - 111 - 114 - 115 - 116 - 118 - 123 - 124 - 128 - 131 - 132 - 135 - 136 - 137 - 142 - 144 - 145 - 146 - 147 - 148 - 152 - 154 - 158 - 159 - 160 - 163 - 164 - 166 - 167 - 175 - 178 - 179 - 181 - 184 - 185 - 187 - 188 - 189 - 190 - 192 - 193 - 194 - 195 - 203 - 204 - 209 - 210 - 211 - 212 - 216 - 217 - 218 - 221 - 225 - 230 - 231 - 233 - 235 - 237 - 238 - 246 - 254 - 255 - 257 - 259 - 262 - 266 - 267 - 270 - 277 - 280 - 281 - 283 - 284 - 288 - 289 - 290 - 292 - 294 - 300 - 301 - 302 - 303 - 305 - 306 - 308 - 309 - 312 - 313 - 316 - 322 - 323 - 324 - 325 - 326 - 328 - 331 - 333 - 337 - 338 - 342 - 347 - 355 - 356 - 360 - 362 - 363 - 366 - 370 - 372 - 374 - 375 - 377 - 382 - 383 - 387 - 388 - 389 - 390 - 392 - 393 - 395 - 397 - 400 - 403 - 404 - 406 - 407 - 410 - 411 - 415 - 416 - 418 - 419 - 420 - 423 - 424 - 426 - 427 - 428 - 429 - 430 - 432 - 434 - 436 - 437 - 438 - 441 - 442 - 450 - 454 - 460 - 464 - 465 - 470 - 471 - 472 - 474 - 476 - 477 - 480 - 481 - 485 - 488 - 492 - 494 - 495 - 496 - 497,11313496.6,2.0,65491,67298,35.77,Cost: 65491 & Capacity: 67298
0 - 4 - 9 - 13 - 16 - 42 - 44 - 45 - 50 - 51 - 53 - 54 - 61 - 63 - 64 - 67 - 68 - 69 - 72 - 75 - 78 - 80 - 84 - 86 - 87 - 90 - 91 - 94 - 96 - 98 - 99 - 100 - 103 - 107 - 108 - 109 - 110 - 111 - 113 - 114 - 115 - 116 - 118 - 123 - 124 - 125 - 128 - 131 - 132 - 136 - 137 - 139 - 142 - 144 - 145 - 147 - 148 - 156 - 158 - 159 - 160 - 161 - 163 - 164 - 165 - 166 - 167 - 175 - 179 - 181 - 183 - 185 - 186 - 188 - 189 - 190 - 192 - 193 - 195 - 197 - 201 - 203 - 204 - 207 - 210 - 212 - 217 - 218 - 221 - 223 - 225 - 229 - 230 - 231 - 233 - 235 - 238 - 239 - 241 - 242 - 246 - 247 - 250 - 254 - 255 - 257 - 259 - 262 - 266 - 267 - 270 - 274 - 277 - 280 - 283 - 284 - 288 - 289 - 290 - 291 - 292 - 294 - 300 - 301 - 303 - 305 - 306 - 309 - 312 - 315 - 316 - 321 - 322 - 323 - 324 - 325 - 328 - 331 - 333 - 334 - 335 - 337 - 338 - 342 - 344 - 347 - 349 - 354 - 356 - 358 - 360 - 362 - 364 - 369 - 370 - 372 - 373 - 374 - 375 - 377 - 382 - 383 - 388 - 389 - 390 - 392 - 393 - 397 - 398 - 400 - 404 - 405 - 410 - 411 - 413 - 414 - 416 - 418 - 419 - 420 - 421 - 423 - 424 - 427 - 428 - 429 - 430 - 432 - 434 - 438 - 440 - 441 - 442 - 450 - 454 - 460 - 465 - 468 - 469 - 470 - 472 - 474 - 476 - 477 - 480 - 481 - 488 - 492 - 494 - 495 - 496 - 499,11314479.7,0.6,65486,78105,38.07,Cost: 65486 & Capacity: 78105
0 - 4 - 9 - 13 - 16 - 17 - 20 - 21 - 36 - 37 - 38 - 42 - 44 - 45 - 50 - 51 - 53 - 54 - 56 - 60 - 61 - 62 - 63 - 64 - 65 - 67 - 68 - 69 - 71 - 72 - 75 - 78 - 80 - 84 - 86 - 87 - 90 - 91 - 94 - 95 - 96 - 97 - 98 - 99 - 100 - 103 - 105 - 107 - 108 - 109 - 110 - 111 - 114 - 115 - 116 - 118 - 123 - 124 - 125 - 128 - 131 - 132 - 135 - 137 - 142 - 144 - 145 - 146 - 147 - 148 - 150 - 151 - 152 - 154 - 155 - 158 - 159 - 160 - 163 - 164 - 166 - 167 - 174 - 175 - 178 - 179 - 180 - 181 - 184 - 185 - 187 - 188 - 189 - 190 - 192 - 193 - 195 - 203 - 204 - 210 - 211 - 212 - 214 - 216 - 217 - 218 - 221 - 225 - 228 - 229 - 230 - 231 - 233 - 235 - 238 - 242 - 246 - 254 - 255 - 257 - 259 - 262 - 266 - 267 - 268 - 270 - 274 - 276 - 277 - 280 - 281 - 283 - 284 - 288 - 289 - 290 - 292 - 294 - 295 - 297 - 299 - 300 - 301 - 302 - 305 - 306 - 309 - 311 - 312 - 316 - 322 - 323 - 324 - 325 - 327 - 328 - 329 - 331 - 333 - 337 - 338 - 343 - 344 - 347 - 349 - 354 - 355 - 356 - 360 - 362 - 363 - 364 - 366 - 369 - 370 - 372 - 373 - 374 - 375 - 377 - 379 - 382 - 384 - 385 - 388 - 389 - 390 - 392 - 393 - 397 - 400 - 402 - 404 - 405 - 406 - 409 - 411 - 413 - 416 - 418 - 419 - 420 - 421 - 424 - 426 - 427 - 428 - 429 - 430 - 432 - 434 - 435 - 438 - 440 - 441 - 442 - 450 - 454 - 456 - 460 - 463 - 464 - 469 - 470 - 472 - 474 - 476 - 477 - 480 - 481 - 485 - 488 - 490 - 492 - 494 - 495 - 496,14137027.9,0.0,65488,71287,38.62,Cost: 65488 & Capacity: 71287
5 - 9 - 12 - 21 - 25 - 36 - 37 - 44 - 47 - 53 - 54 - 66 - 71 - 72 - 75 - 77 - 78 - 80 - 84 - 92 - 95 - 99 - 105 - 107 - 111 - 118 - 122 - 128 - 141 - 144 - 146 - 147 - 149 - 155 - 156 - 166 - 167 - 168 - 170 - 178 - 179 - 180 - 181 - 190 - 192 - 195 - 203 - 221 - 227 - 229 - 231 - 234 - 235 - 237 - 246 - 261 - 263 - 271 - 272 - 273 - 277 - 278 - 279 - 284 - 288 - 292 - 297 - 299 - 303 - 304 - 305 - 306 - 309 - 322 - 323 - 327 - 332 - 337 - 338 - 341 - 345 - 349 - 352 - 356 - 361 - 362 - 366 - 369 - 371 - 372 - 373 - 381 - 388 - 389 - 393 - 397 - 399 - 403 - 404 - 406 - 411 - 416 - 420 - 427 - 431 - 432 - 433 - 436 - 437 - 438 - 440 - 459 - 460 - 463 - 464 - 468 - 472 - 477 - 478 - 480 - 485 - 492 - 493 - 494 - 497 - 499,4108466.3,18.2,65482,54901,39.79,Cost: 65482 & Capacity: 54901
0 - 4 - 9 - 10 - 13 - 16 - 17 - 20 - 21 - 36 - 37 - 38 - 42 - 44 - 45 - 50 - 51 - 53 - 54 - 56 - 60 - 61 - 62 - 63 - 64 - 65 - 67 - 68 - 69 - 71 - 72 - 75 - 78 - 80 - 84 - 86 - 87 - 90 - 91 - 94 - 95 - 96 - 97 - 98 - 99 - 100 - 103 - 105 - 107 - 108 - 109 - 110 - 111 - 114 - 115 - 116 - 118 - 123 - 124 - 125 - 128 - 131 - 132 - 135 - 137 - 142 - 144 - 145 - 146 - 147 - 148 - 151 - 152 - 154 - 155 - 158 - 159 - 160 - 163 - 164 - 166 - 167 - 174 - 175 - 178 - 179 - 180 - 181 - 184 - 185 - 187 - 188 - 189 - 190 - 192 - 193 - 195 - 203 - 204 - 210 - 211 - 212 - 214 - 216 - 217 - 218 - 221 - 225 - 228 - 229 - 230 - 231 - 233 - 235 - 238 - 239 - 242 - 246 - 254 - 255 - 257 - 259 - 262 - 266 - 267 - 268 - 270 - 276 - 277 - 280 - 281 - 283 - 284 - 288 - 289 - 290 - 292 - 294 - 295 - 297 - 299 - 300 - 301 - 302 - 305 - 306 - 309 - 311 - 312 - 316 - 322 - 323 - 324 - 325 - 327 - 328 - 329 - 331 - 333 - 337 - 338 - 343 - 344 - 347 - 349 - 354 - 355 - 356 - 360 - 362 - 363 - 364 - 366 - 369 - 370 - 372 - 373 - 374 - 375 - 377 - 379 - 382 - 384 - 385 - 388 - 389 - 390 - 392 - 393 - 397 - 400 - 402 - 404 - 405 - 406 - 409 - 411 - 413 - 416 - 418 - 419 - 420 - 421 - 424 - 426 - 427 - 428 - 429 - 430 - 432 - 434 - 435 - 438 - 440 - 441 - 442 - 450 - 454 - 456 - 460 - 463 - 464 - 469 - 470 - 472 - 474 - 476 - 477 - 480 - 481 - 485 - 488 - 490 - 492 - 494 - 495 - 496,14132482.5,0.0,65506,71256,42.32,Cost: 65506 & Capacity: 71256
0 - 4 - 9 - 10 - 13 - 16 - 17 - 20 - 21 - 36 - 37 - 38 - 42 - 44 - 45 - 50 - 51 - 53 - 54 - 56 - 60 - 61 - 62 - 63 - 64 - 65 - 67 - 68 - 69 - 71 - 72 - 75 - 78 - 80 - 84 - 86 - 87 - 90 - 91 - 94 - 95 - 96 - 97 - 98 - 99 - 100 - 103 - 105 - 107 - 108 - 109 - 110 - 111 - 114 - 115 - 116 - 118 - 123 - 124 - 125 - 128 - 131 - 132 - 135 - 137 - 142 - 144 - 145 - 146 - 147 - 148 - 151 - 152 - 154 - 155 - 158 - 159 - 160 - 163 - 164 - 166 - 167 - 174 - 175 - 178 - 179 - 180 - 181 - 184 - 185 - 187 - 188 - 189 - 190 - 192 - 193 - 195 - 203 - 204 - 210 - 211 - 212 - 214 - 216 - 217 - 218 - 221 - 225 - 228 - 229 - 230 - 231 - 233 - 235 - 238 - 239 - 242 - 246 - 254 - 255 - 257 - 259 - 262 - 266 - 267 - 268 - 270 - 276 - 277 - 280 - 281 - 283 - 284 - 288 - 289 - 290 - 292 - 294 - 295 - 297 - 299 - 300 - 301 - 302 - 305 - 306 - 309 - 311 - 312 - 316 - 322 - 323 - 324 - 325 - 327 - 328 - 329 - 331 - 333 - 337 - 338 - 343 - 344 - 347 - 349 - 354 - 355 - 356 - 360 - 362 - 363 - 364 - 366 - 369 - 370 - 372 - 373 - 374 - 375 - 377 - 379 - 382 - 384 - 385 - 388 - 389 - 390 - 392 - 393 - 397 - 400 - 402 - 404 - 405 - 406 - 409 - 411 - 413 - 416 - 418 - 419 - 420 - 421 - 424 - 426 - 427 - 428 - 429 - 430 - 432 - 434 - 435 - 438 - 440 - 441 - 442 - 450 - 454 - 456 - 460 - 463 - 464 - 469 - 470 - 472 - 474 - 476 - 477 - 480 - 481 - 485 - 488 - 490 - 492 - 494 - 495 - 496,14132482.5,0.0,65506,71256,42.88,Cost: 65506 & Capacity: 71256
0 - 4 - 9 - 13 - 16 - 17 - 20 - 21 - 36 - 38 - 42 - 44 - 45 - 50 - 51 - 53 - 54 - 56 - 60 - 61 - 62 - 63 - 64 - 65 - 67 - 68 - 69 - 71 - 72 - 75 - 78 - 80 - 84 - 86 - 87 - 90 - 91 - 94 - 95 - 96 - 97 - 98 - 99 - 100 - 103 - 105 - 107 - 108 - 109 - 110 - 111 - 114 - 115 - 116 - 118 - 123 - 124 - 125 - 128 - 131 - 132 - 135 - 137 - 142 - 144 - 145 - 146 - 147 - 148 - 150 - 151 - 152 - 154 - 155 - 158 - 159 - 160 - 163 - 164 - 166 - 167 - 174 - 175 - 178 - 179 - 180 - 181 - 184 - 185 - 187 - 188 - 189 - 190 - 192 - 193 - 195 - 203 - 204 - 210 - 211 - 212 - 214 - 216 - 217 - 218 - 221 - 225 - 228 - 229 - 230 - 231 - 233 - 235 - 238 - 242 - 246 - 254 - 255 - 257 - 258 - 259 - 262 - 266 - 267 - 268 - 270 - 274 - 276 - 277 - 280 - 281 - 283 - 284 - 288 - 289 - 290 - 292 - 294 - 295 - 297 - 299 - 300 - 301 - 302 - 305 - 306 - 309 - 311 - 312 - 316 - 318 - 322 - 323 - 324 - 325 - 327 - 328 - 329 - 331 - 333 - 337 - 338 - 343 - 344 - 347 - 349 - 354 - 355 - 356 - 360 - 362 - 363 - 364 - 366 - 370 - 372 - 373 - 374 - 375 - 377 - 379 - 382 - 384 - 385 - 388 - 389 - 390 - 392 - 393 - 397 - 400 - 402 - 404 - 405 - 406 - 409 - 411 - 413 - 416 - 418 - 419 - 420 - 421 - 424 - 426 - 427 - 428 - 429 - 430 - 432 - 434 - 435 - 438 - 440 - 441 - 442 - 450 - 454 - 456 - 460 - 463 - 464 - 469 - 470 - 472 - 474 - 476 - 477 - 480 - 481 - 485 - 488 - 490 - 492 - 494 - 495 - 496,14114152.7,0.0,65497,70266,42.92,Cost: 65497 & Capacity: 70266
0 - 4 - 9 - 10 - 13 - 16 - 17 - 20 - 21 - 36 - 37 - 38 - 42 - 44 - 45 - 50 - 51 - 53 - 54 - 56 - 60 - 61 - 62 - 63 - 64 - 65 - 67 - 68 - 69 - 71 - 72 - 75 - 78 - 80 - 84 - 86 - 87 - 90 - 91 - 94 - 95 - 96 - 97 - 98 - 99 - 100 - 103 - 105 - 107 - 108 - 109 - 110 - 111 - 114 - 115 - 116 - 118 - 123 - 124 - 125 - 128 - 131 - 132 - 135 - 137 - 142 - 144 - 145 - 146 - 147 - 148 - 151 - 152 - 154 - 155 - 158 - 159 - 160 - 163 - 164 - 166 - 167 - 174 - 175 - 178 - 179 - 180 - 181 - 184 - 185 - 187 - 188 - 189 - 190 - 192 - 193 - 195 - 203 - 204 - 210 - 211 - 212 - 214 - 216 - 217 - 218 - 221 - 225 - 228 - 229 - 230 - 231 - 233 - 235 - 238 - 239 - 242 - 246 - 254 - 255 - 257 - 259 - 262 - 266 - 267 - 268 - 270 - 276 - 277 - 280 - 281 - 283 - 284 - 288 - 289 - 290 - 292 - 294 - 295 - 297 - 299 - 300 - 301 - 302 - 305 - 306 - 309 - 311 - 312 - 316 - 322 - 323 - 324 - 325 - 327 - 328 - 329 - 331 - 333 - 337 - 338 - 343 - 344 - 347 - 349 - 354 - 355 - 356 - 360 - 362 - 363 - 364 - 366 - 369 - 370 - 372 - 373 - 374 - 375 - 377 - 379 - 382 - 384 - 385 - 388 - 389 - 390 - 392 - 393 - 397 - 400 - 402 - 404 - 405 - 406 - 409 - 411 - 413 - 416 - 418 - 419 - 420 - 421 - 424 - 426 - 427 - 428 - 429 - 430 - 432 - 434 - 435 - 438 - 440 - 441 - 442 - 450 - 454 - 456 - 460 - 463 - 464 - 469 - 470 - 472 - 474 - 476 - 477 - 480 - 481 - 485 - 488 - 490 - 492 - 494 - 495 - 496,14132482.5,0.0,65506,71256,44.73,Cost: 65506 & Capacity: 71256
0 - 4 - 9 - 10 - 13 - 16 - 17 - 20 - 21 - 36 - 37 - 38 - 42 - 44 - 45 - 50 - 51 - 53 - 54 - 56 - 60 - 61 - 62 - 63 - 64 - 65 - 67 - 68 - 69 - 71 - 72 - 75 - 78 - 80 - 84 - 86 - 87 - 90 - 91 - 94 - 95 - 96 - 97 - 98 - 99 - 100 - 103 - 105 - 107 - 108 - 109 - 110 - 111 - 114 - 115 - 116 - 118 - 123 - 124 - 125 - 128 - 131 - 132 - 135 - 137 - 142 - 144 - 145 - 146 - 147 - 148 - 151 - 152 - 154 - 155 - 158 - 159 - 160 - 163 - 164 - 166 - 167 - 174 - 175 - 178 - 179 - 180 - 181 - 184 - 185 - 187 - 188 - 189 - 190 - 192 - 193 - 195 - 203 - 204 - 210 - 211 - 212 - 214 - 216 - 217 - 218 - 221 - 225 - 228 - 229 - 230 - 231 - 233 - 235 - 238 - 239 - 242 - 246 - 254 - 255 - 257 - 259 - 262 - 266 - 267 - 268 - 270 - 276 - 277 - 280 - 281 - 283 - 284 - 288 - 289 - 290 - 292 - 294 - 295 - 297 - 299 - 300 - 301 - 302 - 305 - 306 - 309 - 311 - 312 - 316 - 322 - 323 - 324 - 325 - 327 - 328 - 329 - 331 - 333 - 337 - 338 - 343 - 344 - 347 - 349 - 354 - 355 - 356 - 360 - 362 - 363 - 364 - 366 - 369 - 370 - 372 - 373 - 374 - 375 - 377 - 379 - 382 - 384 - 385 - 388 - 389 - 390 - 392 - 393 - 397 - 400 - 402 - 404 - 405 - 406 - 409 - 411 - 413 - 416 - 418 - 419 - 420 - 421 - 424 - 426 - 427 - 428 - 429 - 430 - 432 - 434 - 435 - 438 - 440 - 441 - 442 - 450 - 454 - 456 - 460 - 463 - 464 - 469 - 470 - 472 - 474 - 476 - 477 - 480 - 481 - 485 - 488 - 490 - 492 - 494 - 495 - 496,14132482.5,0.0,65506,71256,45.25,Cost: 65506 & Capacity: 71256
5 - 12 - 21 - 25 - 37 - 42 - 44 - 49 - 50 - 53 - 64 - 67 - 69 - 72 - 75 - 80 - 81 - 84 - 86 - 87 - 89 - 90 - 95 - 107 - 116 - 118 - 127 - 128 - 137 - 142 - 144 - 147 - 158 - 162 - 164 - 166 - 178 - 179 - 184 - 192 - 194 - 198 - 202 - 218 - 227 - 228 - 229 - 231 - 233 - 234 - 237 - 240 - 242 - 244 - 248 - 252 - 255 - 259 - 261 - 262 - 263 - 266 - 269 - 272 - 273 - 277 - 279 - 284 - 292 - 295 - 299 - 301 - 302 - 303 - 305 - 306 - 308 - 311 - 312 - 315 - 317 - 322 - 323 - 326 - 327 - 331 - 333 - 336 - 337 - 338 - 343 - 352 - 355 - 356 - 361 - 369 - 372 - 374 - 381 - 384 - 387 - 388 - 389 - 392 - 393 - 395 - 400 - 403 - 406 - 407 - 409 - 410 - 411 - 416 - 418 - 419 - 421 - 423 - 427 - 428 - 432 - 433 - 436 - 438 - 444 - 445 - 446 - 450 - 460 - 463 - 465 - 468 - 470 - 472 - 474 - 476 - 477 - 485 - 489 - 494 - 499,5095542.6,14.2,65446,56676,46.07,Cost: 65446 & Capacity: 56676
5 - 12 - 25 - 37 - 42 - 44 - 50 - 53 - 55 - 62 - 64 - 67 - 69 - 72 - 75 - 77 - 81 - 86 - 87 - 95 - 105 - 107 - 116 - 118 - 128 - 129 - 132 - 137 - 144 - 146 - 147 - 156 - 163 - 164 - 166 - 173 - 174 - 178 - 179 - 184 - 187 - 192 - 202 - 218 - 219 - 228 - 231 - 233 - 234 - 240 - 242 - 248 - 255 - 259 - 263 - 266 - 269 - 272 - 273 - 274 - 277 - 279 - 284 - 285 - 292 - 295 - 297 - 298 - 299 - 301 - 302 - 305 - 311 - 315 - 317 - 318 - 322 - 323 - 326 - 327 - 328 - 331 - 333 - 336 - 337 - 338 - 343 - 345 - 352 - 355 - 356 - 361 - 364 - 369 - 372 - 374 - 376 - 381 - 384 - 387 - 388 - 389 - 392 - 393 - 395 - 400 - 403 - 406 - 407 - 409 - 411 - 413 - 416 - 418 - 419 - 423 - 427 - 428 - 429 - 432 - 433 - 438 - 444 - 445 - 446 - 450 - 459 - 460 - 463 - 465 - 470 - 472 - 474 - 476 - 477 - 485 - 489 - 494 - 499,4982081.7,14.8,65486,56086,46.12,Cost: 65486 & Capacity: 56086
0 - 4 - 9 - 10 - 13 - 16 - 17 - 20 - 21 - 36 - 37 - 38 - 42 - 44 - 45 - 50 - 51 - 53 - 54 - 56 - 60 - 61 - 62 - 63 - 64 - 65 - 67 - 68 - 69 - 71 - 72 - 75 - 78 - 80 - 84 - 86 - 87 - 90 - 91 - 94 - 95 - 96 - 97 - 98 - 99 - 100 - 103 - 105 - 107 - 108 - 109 - 110 - 111 - 114 - 115 - 116 - 118 - 123 - 124 - 125 - 128 - 131 - 132 - 135 - 137 - 142 - 144 - 145 - 146 - 147 - 148 - 151 - 152 - 154 - 155 - 158 - 159 - 160 - 163 - 164 - 166 - 167 - 174 - 175 - 178 - 179 - 180 - 181 - 184 - 185 - 187 - 188 - 189 - 190 - 192 - 193 - 195 - 203 - 204 - 210 - 211 - 212 - 214 - 216 - 217 - 218 - 221 - 225 - 228 - 229 - 230 - 231 - 233 - 235 - 238 - 239 - 242 - 246 - 254 - 255 - 257 - 259 - 262 - 266 - 267 - 268 - 270 - 276 - 277 - 280 - 281 - 283 - 284 - 288 - 289 - 290 - 292 - 294 - 295 - 297 - 299 - 300 - 301 - 302 - 305 - 306 - 309 - 311 - 312 - 316 - 322 - 323 - 324 - 325 - 327 - 328 - 329 - 331 - 333 - 337 - 338 - 343 - 344 - 347 - 349 - 354 - 355 - 356 - 360 - 362 - 363 - 364 - 366 - 369 - 370 - 372 - 373 - 374 - 375 - 377 - 379 - 382 - 384 - 385 - 388 - 389 - 390 - 392 - 393 - 397 - 400 - 402 - 404 - 405 - 406 - 409 - 411 - 413 - 416 - 418 - 419 - 420 - 421 - 424 - 426 - 427 - 428 - 429 - 430 - 432 - 434 - 435 - 438 - 440 - 441 - 442 - 450 - 454 - 456 - 460 - 463 - 464 - 469 - 470 - 472 - 474 - 476 - 477 - 480 - 481 - 485 - 488 - 490 - 492 - 494 - 495 - 496,14132482.5,0.0,65506,71256,47.97,Cost: 65506 & Capacity: 71256
0 - 4 - 9 - 12 - 13 - 16 - 21 - 25 - 36 - 37 - 42 - 44 - 45 - 50 - 51 - 53 - 54 - 56 - 60 - 62 - 63 - 64 - 65 - 67 - 68 - 69 - 72 - 75 - 78 - 80 - 84 - 86 - 87 - 90 - 91 - 94 - 95 - 98 - 99 - 100 - 103 - 105 - 107 - 108 - 109 - 110 - 111 - 114 - 115 - 116 - 118 - 123 - 124 - 125 - 128 - 131 - 132 - 137 - 142 - 144 - 145 - 146 - 147 - 148 - 150 - 151 - 152 - 154 - 157 - 158 - 159 - 160 - 163 - 164 - 166 - 167 - 170 - 175 - 178 - 179 - 180 - 181 - 185 - 187 - 188 - 189 - 190 - 192 - 193 - 195 - 203 - 204 - 210 - 211 - 212 - 214 - 216 - 217 - 218 - 221 - 225 - 228 - 230 - 231 - 233 - 235 - 238 - 242 - 246 - 254 - 255 - 257 - 259 - 262 - 266 - 267 - 268 - 269 - 270 - 273 - 277 - 280 - 281 - 283 - 284 - 288 - 289 - 290 - 292 - 294 - 295 - 297 - 299 - 300 - 301 - 302 - 303 - 305 - 306 - 309 - 311 - 312 - 313 - 316 - 322 - 323 - 324 - 325 - 326 - 327 - 328 - 329 - 331 - 333 - 337 - 338 - 343 - 344 - 347 - 349 - 354 - 355 - 356 - 360 - 362 - 363 - 364 - 366 - 370 - 372 - 373 - 374 - 375 - 377 - 382 - 387 - 388 - 389 - 390 - 392 - 393 - 395 - 397 - 400 - 404 - 405 - 406 - 407 - 411 - 413 - 416 - 418 - 419 - 420 - 423 - 424 - 426 - 427 - 428 - 429 - 430 - 432 - 434 - 437 - 438 - 440 - 441 - 442 - 450 - 454 - 456 - 460 - 463 - 464 - 469 - 470 - 472 - 474 - 476 - 477 - 480 - 481 - 485 - 488 - 492 - 494 - 495 - 496,13120496.9,0.3,65504,67842,48.65,Cost: 65504 & Capacity: 67842
0 - 4 - 9 - 10 - 13 - 16 - 17 - 20 - 21 - 36 - 37 - 38 - 42 - 44 - 45 - 50 - 51 - 53 - 54 - 56 - 60 - 61 - 62 - 63 - 64 - 65 - 67 - 68 - 69 - 71 - 72 - 75 - 78 - 80 - 84 - 86 - 87 - 90 - 91 - 94 - 95 - 96 - 97 - 98 - 99 - 100 - 103 - 105 - 107 - 108 - 109 - 110 - 111 - 114 - 115 - 116 - 118 - 123 - 124 - 125 - 128 - 131 - 132 - 135 - 137 - 142 - 144 - 145 - 146 - 147 - 148 - 151 - 152 - 154 - 155 - 158 - 159 - 160 - 163 - 164 - 166 - 167 - 174 - 175 - 178 - 179 - 180 - 181 - 184 - 185 - 187 - 188 - 189 - 190 - 192 - 193 - 195 - 203 - 204 - 210 - 211 - 212 - 214 - 216 - 217 - 218 - 221 - 225 - 228 - 229 - 230 - 231 - 233 - 235 - 238 - 239 - 242 - 246 - 254 - 255 - 257 - 259 - 262 - 266 - 267 - 268 - 270 - 276 - 277 - 280 - 281 - 283 - 284 - 288 - 289 - 290 - 292 - 294 - 295 - 297 - 299 - 300 - 301 - 302 - 305 - 306 - 309 - 311 - 312 - 316 - 322 - 323 - 324 - 325 - 327 - 328 - 329 - 331 - 333 - 337 - 338 - 343 - 344 - 347 - 349 - 354 - 355 - 356 - 360 - 362 - 363 - 364 - 366 - 369 - 370 - 372 - 373 - 374 - 375 - 377 - 379 - 382 - 384 - 385 - 388 - 389 - 390 - 392 - 393 - 397 - 400 - 402 - 404 - 405 - 406 - 409 - 411 - 413 - 416 - 418 - 419 - 420 - 421 - 424 - 426 - 427 - 428 - 429 - 430 - 432 - 434 - 435 - 438 - 440 - 441 - 442 - 450 - 454 - 456 - 460 - 463 - 464 - 469 - 470 - 472 - 474 - 476 - 477 - 480 - 481 - 485 - 488 - 490 - 492 - 494 - 495 - 496,14132482.5,0.0,65506,71256,48.85,Cost: 65506 & Capacity: 71256
0 - 4 - 9 - 10 - 13 - 16 - 17 - 20 - 21 - 36 - 37 - 38 - 42 - 44 - 45 - 50 - 51 - 53 - 54 - 56 - 60 - 61 - 62 - 63 - 64 - 65 - 67 - 68 - 69 - 71 - 72 - 75 - 78 - 80 - 84 - 86 - 87 - 90 - 91 - 94 - 95 - 96 - 97 - 98 - 99 - 100 - 103 - 105 - 107 - 108 - 109 - 110 - 111 - 114 - 115 - 116 - 118 - 123 - 124 - 125 - 128 - 131 - 132 - 135 - 137 - 142 - 144 - 145 - 146 - 147 - 148 - 151 - 152 - 154 - 155 - 158 - 159 - 160 - 163 - 164 - 166 - 167 - 174 - 175 - 178 - 179 - 180 - 181 - 184 - 185 - 187 - 188 - 189 - 190 - 192 - 193 - 195 - 203 - 204 - 210 - 211 - 212 - 214 - 216 - 217 - 218 - 221 - 225 - 228 - 229 - 230 - 231 - 233 - 235 - 238 - 239 - 242 - 246 - 254 - 255 - 257 - 259 - 262 - 266 - 267 - 268 - 270 - 276 - 277 - 280 - 281 - 283 - 284 - 288 - 289 - 290 - 292 - 294 - 295 - 297 - 299 - 300 - 301 - 302 - 305 - 306 - 309 - 311 - 312 - 316 - 322 - 323 - 324 - 325 - 327 - 328 - 329 - 331 - 333 - 337 - 338 - 343 - 344 - 347 - 349 - 354 - 355 - 356 - 360 - 362 - 363 - 364 - 366 - 369 - 370 - 372 - 373 - 374 - 375 - 377 - 379 - 382 - 384 - 385 - 388 - 389 - 390 - 392 - 393 - 397 - 400 - 402 - 404 - 405 - 406 - 409 - 411 - 413 - 416 - 418 - 419 - 420 - 421 - 424 - 426 - 427 - 428 - 429 - 430 - 432 - 434 - 435 - 438 - 440 - 441 - 442 - 450 - 454 - 456 - 460 - 463 - 464 - 469 - 470 - 472 - 474 - 476 - 477 - 480 - 481 - 485 - 488 - 490 - 492 - 494 - 495 - 496,14132482.5,0.0,65506,71256,49.49,Cost: 65506 & Capacity: 71256
6 - 7 - 14 - 29 - 35 - 37 - 41 - 46 - 47 - 50 - 51 - 54 - 55 - 56 - 72 - 73 - 75 - 76 - 78 - 81 - 84 - 86 - 87 - 94 - 95 - 106 - 107 - 111 - 113 - 115 - 116 - 122 - 123 - 132 - 140 - 148 - 153 - 157 - 164 - 166 - 171 - 175 - 179 - 181 - 187 - 194 - 202 - 209 - 212 - 217 - 219 - 223 - 230 - 247 - 251 - 261 - 265 - 276 - 277 - 278 - 281 - 284 - 285 - 292 - 298 - 302 - 306 - 319 - 321 - 325 - 343 - 357 - 363 - 375 - 382 - 383 - 389 - 390 - 398 - 402 - 403 - 408 - 411 - 416 - 420 - 421 - 425 - 426 - 433 - 441 - 443 - 444 - 450 - 459 - 466 - 467 - 476 - 477 - 481 - 487 - 489,2688984.1,26.9,65345,52097,50.77,Cost: 65345 & Capacity: 52097
0 - 4 - 9 - 10 - 13 - 16 - 17 - 20 - 21 - 36 - 37 - 38 - 42 - 44 - 45 - 50 - 51 - 53 - 54 - 56 - 60 - 61 - 62 - 63 - 64 - 65 - 67 - 68 - 69 - 71 - 72 - 75 - 78 - 80 - 84 - 86 - 87 - 90 - 91 - 94 - 95 - 96 - 97 - 98 - 99 - 100 - 103 - 105 - 107 - 108 - 109 - 110 - 111 - 114 - 115 - 116 - 118 - 123 - 124 - 125 - 128 - 131 - 132 - 135 - 137 - 142 - 144 - 145 - 146 - 147 - 148 - 151 - 152 - 154 - 155 - 158 - 159 - 160 - 163 - 164 - 166 - 167 - 174 - 175 - 178 - 179 - 180 - 181 - 184 - 185 - 187 - 188 - 189 - 190 - 192 - 193 - 195 - 203 - 204 - 210 - 211 - 212 - 214 - 216 - 217 - 218 - 221 - 225 - 228 - 229 - 230 - 231 - 233 - 235 - 238 - 239 - 242 - 246 - 254 - 255 - 257 - 259 - 262 - 266 - 267 - 268 - 270 - 276 - 277 - 280 - 281 - 283 - 284 - 288 - 289 - 290 - 292 - 294 - 295 - 297 - 299 - 300 - 301 - 302 - 305 - 306 - 309 - 311 - 312 - 316 - 322 - 323 - 324 - 325 - 327 - 328 - 329 - 331 - 333 - 337 - 338 - 343 - 344 - 347 - 349 - 354 - 355 - 356 - 360 - 362 - 363 - 364 - 366 - 369 - 370 - 372 - 373 - 374 - 375 - 377 - 379 - 382 - 384 - 385 - 388 - 389 - 390 - 392 - 393 - 397 - 400 - 402 - 404 - 405 - 406 - 409 - 411 - 413 - 416 - 418 - 419 - 420 - 421 - 424 - 426 - 427 - 428 - 429 - 430 - 432 - 434 - 435 - 438 - 440 - 441 - 442 - 450 - 454 - 456 - 460 - 463 - 464 - 469 - 470 - 472 - 474 - 476 - 477 - 480 - 481 - 485 - 488 - 490 - 492 - 494 - 495 - 496,14132482.5,0.0,65506,71256,51.5,Cost: 65506 & Capacity: 71256
0 - 4 - 9 - 10 - 13 - 16 - 17 - 20 - 21 - 36 - 37 - 38 - 42 - 44 - 45 - 50 - 51 - 53 - 54 - 56 - 60 - 61 - 62 - 63 - 64 - 65 - 67 - 68 - 69 - 71 - 72 - 75 - 78 - 80 - 84 - 86 - 87 - 90 - 91 - 94 - 95 - 96 - 97 - 98 - 99 - 100 - 103 - 105 - 107 - 108 - 109 - 110 - 111 - 114 - 115 - 116 - 118 - 123 - 124 - 125 - 128 - 131 - 132 - 135 - 137 - 142 - 144 - 145 - 146 - 147 - 148 - 151 - 152 - 154 - 155 - 158 - 159 - 160 - 163 - 164 - 166 - 167 - 174 - 175 - 178 - 179 - 180 - 181 - 184 - 185 - 187 - 188 - 189 - 190 - 192 - 193 - 195 - 203 - 204 - 210 - 211 - 212 - 214 - 216 - 217 - 218 - 221 - 225 - 228 - 229 - 230 - 231 - 233 - 235 - 238 - 239 - 242 - 246 - 254 - 255 - 257 - 259 - 262 - 266 - 267 - 268 - 270 - 276 - 277 - 280 - 281 - 283 - 284 - 288 - 289 - 290 - 292 - 294 - 295 - 297 - 299 - 300 - 301 - 302 - 305 - 306 - 309 - 311 - 312 - 316 - 322 - 323 - 324 - 325 - 327 - 328 - 329 - 331 - 333 - 337 - 338 - 343 - 344 - 347 - 349 - 354 - 355 - 356 - 360 - 362 - 363 - 364 - 366 - 369 - 370 - 372 - 373 - 374 - 375 - 377 - 379 - 382 - 384 - 385 - 388 - 389 - 390 - 392 - 393 - 397 - 400 - 402 - 404 - 405 - 406 - 409 - 411 - 413 - 416 - 418 - 419 - 420 - 421 - 424 - 426 - 427 - 428 - 429 - 430 - 432 - 434 - 435 - 438 - 440 - 441 - 442 - 450 - 454 - 456 - 460 - 463 - 464 - 469 - 470 - 472 - 474 - 476 - 477 - 480 - 481 - 485 - 488 - 490 - 492 - 494 - 495 - 496,14132482.5,0.0,65506,71256,52.15,Cost: 65506 & Capacity: 71256
0 - 9 - 10 - 11 - 20 - 23 - 29 - 31 - 33 - 35 - 37 - 47 - 51 - 54 - 59 - 61 - 67 - 69 - 72 - 75 - 86 - 87 - 91 - 93 - 94 - 96 - 99 - 103 - 105 - 115 - 123 - 128 - 136 - 139 - 156 - 162 - 166 - 169 - 179 - 180 - 184 - 193 - 194 - 199 - 202 - 203 - 208 - 214 - 223 - 224 - 225 - 230 - 231 - 232 - 233 - 249 - 252 - 259 - 263 - 266 - 268 - 273 - 277 - 281 - 286 - 287 - 292 - 302 - 306 - 308 - 312 - 315 - 317 - 319 - 320 - 327 - 331 - 332 - 338 - 341 - 343 - 344 - 345 - 354 - 356 - 365 - 379 - 382 - 389 - 399 - 416 - 417 - 431 - 439 - 442 - 444 - 458 - 459 - 468 - 472 - 473 - 484 - 490 - 493 - 497,2854144.5,26.2,62684,52146,52.36,Cost: 62684 & Capacity: 52146
0 - 9 - 10 - 11 - 20 - 23 - 29 - 31 - 33 - 35 - 36 - 37 - 47 - 51 - 54 - 59 - 61 - 67 - 69 - 72 - 75 - 86 - 87 - 91 - 93 - 94 - 96 - 99 - 103 - 105 - 115 - 123 - 128 - 136 - 139 - 156 - 162 - 166 - 169 - 173 - 179 - 180 - 184 - 193 - 194 - 199 - 202 - 203 - 208 - 214 - 223 - 224 - 225 - 230 - 231 - 232 - 233 - 249 - 252 - 259 - 263 - 266 - 268 - 273 - 277 - 281 - 286 - 287 - 292 - 302 - 306 - 308 - 312 - 315 - 317 - 319 - 320 - 327 - 331 - 332 - 338 - 341 - 343 - 344 - 345 - 354 - 356 - 365 - 379 - 382 - 389 - 399 - 416 - 417 - 431 - 439 - 442 - 444 - 458 - 459 - 468 - 472 - 473 - 484 - 490 - 493 - 497,2960094.4,25.3,63905,53236,52.35,Cost: 63905 & Capacity: 53236
0 - 9 - 10 - 11 - 20 - 23 - 29 - 31 - 33 - 35 - 36 - 37 - 47 - 51 - 54 - 59 - 61 - 67 - 69 - 72 - 75 - 86 - 87 - 91 - 93 - 94 - 96 - 99 - 103 - 105 - 115 - 123 - 128 - 136 - 139 - 156 - 162 - 166 - 169 - 173 - 178 - 179 - 180 - 184 - 193 - 194 - 199 - 202 - 203 - 208 - 214 - 223 - 224 - 225 - 230 - 231 - 232 - 233 - 249 - 252 - 259 - 263 - 266 - 268 - 273 - 277 - 281 - 286 - 287 - 292 - 302 - 306 - 308 - 312 - 315 - 317 - 319 - 320 - 327 - 331 - 332 - 338 - 341 - 343 - 344 - 345 - 354 - 356 - 365 - 379 - 382 - 389 - 399 - 416 - 417 - 431 - 439 - 442 - 444 - 458 - 459 - 468 - 472 - 473 - 484 - 490 - 493 - 497,3014956.8,25.2,64238,53482,52.35,Cost: 64238 & Capacity: 53482
0 - 9 - 10 - 11 - 20 - 23 - 29 - 31 - 33 - 35 - 36 - 37 - 47 - 51 - 54 - 59 - 61 - 67 - 69 - 72 - 75 - 86 - 87 - 91 - 93 - 94 - 96 - 99 - 103 - 105 - 115 - 123 - 128 - 136 - 139 - 156 - 162 - 166 - 169 - 173 - 178 - 179 - 180 - 184 - 193 - 194 - 199 - 202 - 203 - 208 - 214 - 223 - 224 - 225 - 230 - 231 - 232 - 233 - 249 - 252 - 259 - 263 - 266 - 268 - 273 - 277 - 281 - 286 - 287 - 292 - 302 - 306 - 308 - 312 - 315 - 317 - 319 - 320 - 327 - 331 - 332 - 338 - 341 - 343 - 344 - 345 - 354 - 356 - 361 - 365 - 379 - 382 - 389 - 399 - 416 - 417 - 431 - 439 - 442 - 444 - 458 - 459 - 468 - 472 - 473 - 484 - 490 - 493 - 497,3068468.3,25.0,65454,54338,52.35,Cost: 65454 & Capacity: 54338
0 - 4 - 9 - 10 - 13 - 16 - 17 - 20 - 21 - 36 - 37 - 38 - 42 - 44 - 45 - 50 - 51 - 53 - 54 - 56 - 60 - 61 - 62 - 63 - 64 - 65 - 67 - 68 - 69 - 71 - 72 - 75 - 78 - 80 - 84 - 86 - 87 - 90 - 91 - 94 - 95 - 96 - 97 - 98 - 99 - 100 - 103 - 105 - 107 - 108 - 109 - 110 - 111 - 114 - 115 - 116 - 118 - 123 - 124 - 125 - 128 - 131 - 132 - 135 - 137 - 142 - 144 - 145 - 146 - 147 - 148 - 151 - 152 - 154 - 155 - 158 - 159 - 160 - 163 - 164 - 166 - 167 - 174 - 175 - 178 - 179 - 180 - 181 - 184 - 185 - 187 - 188 - 189 - 190 - 192 - 193 - 195 - 203 - 204 - 210 - 211 - 212 - 214 - 216 - 217 - 218 - 221 - 225 - 228 - 229 - 230 - 231 - 233 - 235 - 238 - 239 - 242 - 246 - 254 - 255 - 257 - 259 - 262 - 266 - 267 - 268 - 270 - 276 - 277 - 280 - 281 - 283 - 284 - 288 - 289 - 290 - 292 - 294 - 295 - 297 - 299 - 300 - 301 - 302 - 305 - 306 - 309 - 311 - 312 - 316 - 322 - 323 - 324 - 325 - 327 - 328 - 329 - 331 - 333 - 337 - 338 - 343 - 344 - 347 - 349 - 354 - 355 - 356 - 360 - 362 - 363 - 364 - 366 - 369 - 370 - 372 - 373 - 374 - 375 - 377 - 379 - 382 - 384 - 385 - 388 - 389 - 390 - 392 - 393 - 397 - 400 - 402 - 404 - 405 - 406 - 409 - 411 - 413 - 416 - 418 - 419 - 420 - 421 - 424 - 426 - 427 - 428 - 429 - 430 - 432 - 434 - 435 - 438 - 440 - 441 - 442 - 450 - 454 - 456 - 460 - 463 - 464 - 469 - 470 - 472 - 474 - 476 - 477 - 480 - 481 - 485 - 488 - 490 - 492 - 494 - 495 - 496,14132482.5,0.0,65506,71256,54.78,Cost: 65506 & Capacity: 71256
0 - 2 - 4 - 9 - 13 - 16 - 20 - 21 - 35 - 36 - 37 - 42 - 44 - 45 - 50 - 51 - 53 - 54 - 56 - 58 - 60 - 62 - 63 - 64 - 67 - 68 - 69 - 71 - 72 - 75 - 76 - 78 - 80 - 84 - 86 - 87 - 90 - 91 - 94 - 95 - 98 - 99 - 100 - 103 - 107 - 108 - 109 - 110 - 111 - 113 - 114 - 115 - 116 - 118 - 123 - 124 - 128 - 131 - 132 - 135 - 137 - 142 - 144 - 145 - 146 - 147 - 148 - 151 - 153 - 158 - 159 - 160 - 163 - 164 - 166 - 167 - 175 - 178 - 179 - 180 - 181 - 184 - 185 - 187 - 188 - 189 - 190 - 192 - 193 - 195 - 197 - 203 - 204 - 210 - 212 - 214 - 216 - 217 - 218 - 221 - 225 - 228 - 230 - 233 - 234 - 235 - 238 - 242 - 246 - 248 - 254 - 255 - 257 - 259 - 262 - 266 - 267 - 268 - 269 - 270 - 272 - 277 - 280 - 281 - 283 - 284 - 288 - 289 - 290 - 292 - 294 - 295 - 297 - 299 - 300 - 301 - 302 - 303 - 305 - 306 - 309 - 311 - 312 - 316 - 322 - 323 - 324 - 325 - 327 - 328 - 329 - 331 - 333 - 338 - 342 - 344 - 347 - 349 - 354 - 356 - 360 - 362 - 363 - 364 - 366 - 369 - 370 - 372 - 373 - 374 - 375 - 377 - 382 - 388 - 389 - 390 - 392 - 393 - 397 - 400 - 402 - 404 - 405 - 406 - 407 - 409 - 411 - 413 - 416 - 418 - 419 - 420 - 424 - 426 - 427 - 428 - 429 - 430 - 432 - 434 - 438 - 440 - 441 - 442 - 450 - 454 - 456 - 459 - 460 - 463 - 464 - 465 - 469 - 470 - 472 - 474 - 476 - 477 - 480 - 481 - 485 - 487 - 488 - 492 - 494 - 495 - 496,13150765.7,0.2,65496,67452,57.98,Cost: 65496 & Capacity: 67452
0 - 4 - 9 - 10 - 13 - 16 - 17 - 20 - 21 - 36 - 37 - 38 - 42 - 44 - 45 - 50 - 51 - 53 - 54 - 56 - 60 - 61 - 62 - 63 - 64 - 65 - 67 - 68 - 69 - 71 - 72 - 75 - 78 - 80 - 84 - 86 - 87 - 90 - 91 - 94 - 95 - 96 - 97 - 98 - 99 - 100 - 103 - 105 - 107 - 108 - 109 - 110 - 111 - 114 - 115 - 116 - 118 - 123 - 124 - 125 - 128 - 131 - 132 - 135 - 137 - 142 - 144 - 145 - 146 - 147 - 148 - 151 - 152 - 154 - 155 - 158 - 159 - 160 - 163 - 164 - 166 - 167 - 174 - 175 - 178 - 179 - 180 - 181 - 184 - 185 - 187 - 188 - 189 - 190 - 192 - 193 - 195 - 203 - 204 - 210 - 211 - 212 - 214 - 216 - 217 - 218 - 221 - 225 - 228 - 229 - 230 - 231 - 233 - 235 - 238 - 239 - 242 - 246 - 254 - 255 - 257 - 259 - 262 - 266 - 267 - 268 - 270 - 276 - 277 - 280 - 281 - 283 - 284 - 288 - 289 - 290 - 292 - 294 - 295 - 297 - 299 - 300 - 301 - 302 - 305 - 306 - 309 - 311 - 312 - 316 - 322 - 323 - 324 - 325 - 327 - 328 - 329 - 331 - 333 - 337 - 338 - 343 - 344 - 347 - 349 - 354 - 355 - 356 - 360 - 362 - 363 - 364 - 366 - 369 - 370 - 372 - 373 - 374 - 375 - 377 - 379 - 382 - 384 - 385 - 388 - 389 - 390 - 392 - 393 - 397 - 400 - 402 - 404 - 405 - 406 - 409 - 411 - 413 - 416 - 418 - 419 - 420 - 421 - 424 - 426 - 427 - 428 - 429 - 430 - 432 - 434 - 435 - 438 - 440 - 441 - 442 - 450 - 454 - 456 - 460 - 463 - 464 - 469 - 470 - 472 - 474 - 476 - 477 - 480 - 481 - 485 - 488 - 490 - 492 - 494 - 495 - 496,14132482.5,0.0,65506,71256,58.66,Cost: 65506 & Capacity: 71256
0 - 4 - 9 - 13 - 16 - 17 - 20 - 21 - 36 - 37 - 38 - 42 - 44 - 45 - 50 - 51 - 53 - 54 - 56 - 60 - 61 - 62 - 63 - 64 - 65 - 67 - 68 - 69 - 71 - 72 - 75 - 78 - 80 - 84 - 86 - 87 - 90 - 91 - 94 - 95 - 96 - 97 - 98 - 99 - 100 - 103 - 105 - 107 - 108 - 109 - 110 - 111 - 114 - 115 - 116 - 118 - 123 - 124 - 125 - 128 - 131 - 132 - 135 - 137 - 142 - 144 - 145 - 146 - 147 - 148 - 150 - 151 - 152 - 154 - 155 - 158 - 159 - 160 - 163 - 164 - 166 - 167 - 174 - 175 - 178 - 179 - 180 - 181 - 184 - 185 - 187 - 188 - 189 - 190 - 192 - 193 - 195 - 203 - 204 - 210 - 211 - 212 - 214 - 216 - 217 - 218 - 221 - 225 - 228 - 229 - 230 - 231 - 233 - 235 - 238 - 242 - 246 - 254 - 255 - 257 - 259 - 262 - 266 - 267 - 268 - 270 - 274 - 276 - 277 - 280 - 281 - 283 - 284 - 288 - 289 - 290 - 292 - 294 - 295 - 297 - 299 - 300 - 301 - 302 - 305 - 306 - 309 - 311 - 312 - 316 - 322 - 323 - 324 - 325 - 327 - 328 - 329 - 331 - 333 - 337 - 338 - 343 - 344 - 347 - 349 - 354 - 355 - 356 - 360 - 362 - 363 - 364 - 366 - 369 - 370 - 372 - 373 - 374 - 375 - 377 - 379 - 382 - 384 - 385 - 388 - 389 - 390 - 392 - 393 - 397 - 400 - 402 - 404 - 405 - 406 - 409 - 411 - 413 - 416 - 418 - 419 - 420 - 421 - 424 - 426 - 427 - 428 - 429 - 430 - 432 - 434 - 435 - 438 - 440 - 441 - 442 - 450 - 454 - 456 - 460 - 463 - 464 - 469 - 470 - 472 - 474 - 476 - 477 - 480 - 481 - 485 - 488 - 490 - 492 - 494 - 495 - 496,14137027.9,0.0,65488,71287,59.61,Cost: 65488 & Capacity: 71287
0 - 4 - 9 - 13 - 16 - 17 - 20 - 21 - 36 - 37 - 38 - 42 - 44 - 45 - 50 - 51 - 53 - 54 - 56 - 60 - 61 - 62 - 63 - 64 - 65 - 67 - 68 - 69 - 72 - 75 - 78 - 80 - 84 - 86 - 87 - 90 - 91 - 94 - 95 - 96 - 97 - 98 - 99 - 100 - 103 - 105 - 107 - 108 - 109 - 110 - 111 - 114 - 115 - 116 - 118 - 123 - 124 - 125 - 128 - 131 - 132 - 135 - 137 - 142 - 144 - 145 - 146 - 147 - 148 - 150 - 151 - 152 - 154 - 155 - 158 - 159 - 160 - 163 - 164 - 166 - 167 - 174 - 175 - 178 - 179 - 180 - 181 - 184 - 185 - 186 - 187 - 188 - 189 - 190 - 192 - 193 - 195 - 203 - 204 - 210 - 211 - 212 - 214 - 216 - 217 - 218 - 221 - 225 - 228 - 229 - 230 - 231 - 233 - 235 - 238 - 242 - 246 - 254 - 255 - 257 - 259 - 262 - 266 - 267 - 268 - 270 - 274 - 276 - 277 - 280 - 281 - 283 - 284 - 288 - 289 - 290 - 292 - 294 - 295 - 297 - 299 - 300 - 301 - 302 - 305 - 306 - 309 - 311 - 312 - 316 - 322 - 323 - 324 - 325 - 327 - 328 - 329 - 331 - 333 - 337 - 338 - 343 - 344 - 347 - 349 - 354 - 355 - 356 - 360 - 362 - 363 - 364 - 366 - 369 - 370 - 372 - 373 - 374 - 375 - 377 - 379 - 382 - 384 - 385 - 388 - 389 - 390 - 392 - 393 - 397 - 400 - 402 - 404 - 405 - 406 - 409 - 411 - 413 - 416 - 418 - 419 - 420 - 421 - 424 - 426 - 427 - 428 - 429 - 430 - 432 - 434 - 435 - 438 - 440 - 441 - 442 - 450 - 454 - 456 - 460 - 463 - 464 - 469 - 470 - 472 - 474 - 476 - 477 - 480 - 481 - 485 - 488 - 490 - 492 - 494 - 495 - 496,14125528.6,0.0,65492,71618,60.78,Cost: 65492 & Capacity: 71618
0 - 4 - 9 - 10 - 13 - 16 - 17 - 20 - 21 - 36 - 37 - 38 - 42 - 44 - 45 - 50 - 51 - 53 - 54 - 56 - 60 - 61 - 62 - 63 - 64 - 65 - 67 - 68 - 69 - 71 - 72 - 75 - 78 - 80 - 84 - 86 - 87 - 90 - 91 - 94 - 95 - 96 - 97 - 98 - 99 - 100 - 103 - 105 - 107 - 108 - 109 - 110 - 111 - 114 - 115 - 116 - 118 - 123 - 124 - 125 - 128 - 131 - 132 - 135 - 137 - 142 - 144 - 145 - 146 - 147 - 148 - 151 - 152 - 154 - 155 - 158 - 159 - 160 - 163 - 164 - 166 - 167 - 174 - 175 - 178 - 179 - 180 - 181 - 184 - 185 - 187 - 188 - 189 - 190 - 192 - 193 - 195 - 203 - 204 - 210 - 211 - 212 - 214 - 216 - 217 - 218 - 221 - 225 - 228 - 229 - 230 - 231 - 233 - 235 - 238 - 239 - 242 - 246 - 254 - 255 - 257 - 259 - 262 - 266 - 267 - 268 - 270 - 276 - 277 - 280 - 281 - 283 - 284 - 288 - 289 - 290 - 292 - 294 - 295 - 297 - 299 - 300 - 301 - 302 - 305 - 306 - 309 - 311 - 312 - 316 - 322 - 323 - 324 - 325 - 327 - 328 - 329 - 331 - 333 - 337 - 338 - 343 - 344 - 347 - 349 - 354 - 355 - 356 - 360 - 362 - 363 - 364 - 366 - 369 - 370 - 372 - 373 - 374 - 375 - 377 - 379 - 382 - 384 - 385 - 388 - 389 - 390 - 392 - 393 - 397 - 400 - 402 - 404 - 405 - 406 - 409 - 411 - 413 - 416 - 418 - 419 - 420 - 421 - 424 - 426 - 427 - 428 - 429 - 430 - 432 - 434 - 435 - 438 - 440 - 441 - 442 - 450 - 454 - 456 - 460 - 463 - 464 - 469 - 470 - 472 - 474 - 476 - 477 - 480 - 481 - 485 - 488 - 490 - 492 - 494 - 495 - 496,14132482.5,0.0,65506,71256,61.28,Cost: 65506 & Capacity: 71256
0 - 4 - 9 - 10 - 13 - 16 - 17 - 20 - 21 - 36 - 37 - 38 - 42 - 44 - 45 - 50 - 51 - 53 - 54 - 56 - 60 - 61 - 62 - 63 - 64 - 65 - 67 - 68 - 69 - 71 - 72 - 75 - 78 - 80 - 84 - 86 - 87 - 90 - 91 - 94 - 95 - 96 - 97 - 98 - 99 - 100 - 103 - 105 - 107 - 108 - 109 - 110 - 111 - 114 - 115 - 116 - 118 - 123 - 124 - 125 - 128 - 131 - 132 - 135 - 137 - 142 - 144 - 145 - 146 - 147 - 148 - 151 - 152 - 154 - 155 - 158 - 159 - 160 - 163 - 164 - 166 - 167 - 174 - 175 - 178 - 179 - 180 - 181 - 184 - 185 - 187 - 188 - 189 - 190 - 192 - 193 - 195 - 203 - 204 - 210 - 211 - 212 - 214 - 216 - 217 - 218 - 221 - 225 - 228 - 229 - 230 - 231 - 233 - 235 - 238 - 239 - 242 - 246 - 254 - 255 - 257 - 259 - 262 - 266 - 267 - 268 - 270 - 276 - 277 - 280 - 281 - 283 - 284 - 288 - 289 - 290 - 292 - 294 - 295 - 297 - 299 - 300 - 301 - 302 - 305 - 306 - 309 - 311 - 312 - 316 - 322 - 323 - 324 - 325 - 327 - 328 - 329 - 331 - 333 - 337 - 338 - 343 - 344 - 347 - 349 - 354 - 355 - 356 - 360 - 362 - 363 - 364 - 366 - 369 - 370 - 372 - 373 - 374 - 375 - 377 - 379 - 382 - 384 - 385 - 388 - 389 - 390 - 392 - 393 - 397 - 400 - 402 - 404 - 405 - 406 - 409 - 411 - 413 - 416 - 418 - 419 - 420 - 421 - 424 - 426 - 427 - 428 - 429 - 430 - 432 - 434 - 435 - 438 - 440 - 441 - 442 - 450 - 454 - 456 - 460 - 463 - 464 - 469 - 470 - 472 - 474 - 476 - 477 - 480 - 481 - 485 - 488 - 490 - 492 - 494 - 495 - 496,14132482.5,0.0,65506,71256,62.89,Cost: 65506 & Capacity: 71256
0 - 4 - 9 - 10 - 13 - 16 - 17 - 20 - 21 - 36 - 37 - 38 - 42 - 44 - 45 - 50 - 51 - 53 - 54 - 56 - 60 - 61 - 62 - 63 - 64 - 65 - 67 - 68 - 69 - 71 - 72 - 75 - 78 - 80 - 84 - 86 - 87 - 90 - 91 - 94 - 95 - 96 - 97 - 98 - 99 - 100 - 103 - 105 - 107 - 108 - 109 - 110 - 111 - 114 - 115 - 116 - 118 - 123 - 124 - 125 - 128 - 131 - 132 - 135 - 137 - 142 - 144 - 145 - 146 - 147 - 148 - 150 - 151 - 152 - 154 - 155 - 158 - 159 - 160 - 163 - 164 - 166 - 167 - 175 - 178 - 179 - 180 - 181 - 184 - 185 - 187 - 188 - 189 - 190 - 192 - 193 - 195 - 203 - 204 - 210 - 211 - 212 - 214 - 216 - 217 - 218 - 221 - 225 - 228 - 229 - 230 - 231 - 233 - 235 - 238 - 239 - 242 - 246 - 248 - 254 - 255 - 257 - 259 - 262 - 266 - 267 - 268 - 270 - 274 - 276 - 277 - 280 - 281 - 283 - 284 - 288 - 289 - 290 - 292 - 294 - 295 - 297 - 299 - 300 - 301 - 302 - 305 - 306 - 309 - 311 - 312 - 316 - 322 - 323 - 324 - 325 - 327 - 328 - 329 - 331 - 333 - 337 - 338 - 343 - 344 - 347 - 349 - 354 - 355 - 356 - 360 - 362 - 363 - 364 - 366 - 369 - 370 - 372 - 373 - 374 - 375 - 377 - 379 - 382 - 384 - 385 - 388 - 389 - 390 - 392 - 393 - 397 - 400 - 402 - 404 - 405 - 406 - 409 - 411 - 413 - 416 - 418 - 419 - 420 - 424 - 426 - 427 - 428 - 429 - 430 - 432 - 434 - 438 - 440 - 441 - 442 - 450 - 454 - 456 - 460 - 463 - 464 - 469 - 470 - 472 - 474 - 476 - 477 - 480 - 481 - 485 - 488 - 490 - 492 - 494 - 495 - 496,14148526.0,0.0,65503,70908,64.26,Cost: 65503 & Capacity: 70908
0 - 11 - 12 - 13 - 16 - 21 - 25 - 44 - 50 - 51 - 53 - 54 - 60 - 63 - 64 - 68 - 69 - 72 - 75 - 80 - 81 - 84 - 86 - 90 - 91 - 94 - 95 - 96 - 98 - 99 - 100 - 105 - 107 - 108 - 110 - 111 - 114 - 115 - 116 - 118 - 120 - 123 - 124 - 128 - 132 - 135 - 137 - 142 - 144 - 145 - 146 - 147 - 154 - 158 - 159 - 160 - 161 - 162 - 163 - 164 - 166 - 170 - 171 - 175 - 178 - 179 - 181 - 183 - 185 - 186 - 187 - 188 - 189 - 190 - 192 - 193 - 194 - 195 - 201 - 204 - 210 - 211 - 212 - 217 - 225 - 230 - 231 - 233 - 235 - 237 - 238 - 246 - 247 - 252 - 254 - 255 - 257 - 259 - 262 - 266 - 267 - 269 - 270 - 277 - 282 - 283 - 284 - 288 - 289 - 290 - 292 - 294 - 297 - 300 - 301 - 302 - 303 - 305 - 306 - 311 - 312 - 313 - 315 - 316 - 322 - 323 - 324 - 325 - 328 - 331 - 333 - 337 - 338 - 342 - 344 - 347 - 356 - 360 - 362 - 366 - 370 - 372 - 374 - 375 - 377 - 382 - 383 - 387 - 388 - 389 - 390 - 392 - 393 - 395 - 397 - 400 - 403 - 406 - 407 - 409 - 410 - 411 - 416 - 418 - 419 - 420 - 423 - 424 - 427 - 428 - 429 - 430 - 432 - 434 - 436 - 437 - 438 - 441 - 442 - 450 - 454 - 456 - 459 - 460 - 464 - 465 - 470 - 471 - 472 - 474 - 476 - 477 - 480 - 481 - 488 - 492 - 494 - 495 - 496 - 497,10085317.9,3.0,65463,66466,64.72,Cost: 65463 & Capacity: 66466
0 - 5 - 12 - 13 - 16 - 21 - 25 - 44 - 45 - 50 - 51 - 53 - 54 - 60 - 63 - 64 - 67 - 68 - 69 - 72 - 75 - 80 - 81 - 84 - 86 - 87 - 91 - 94 - 95 - 96 - 98 - 99 - 100 - 105 - 107 - 108 - 109 - 110 - 111 - 114 - 115 - 116 - 118 - 120 - 123 - 124 - 128 - 132 - 137 - 142 - 144 - 145 - 146 - 147 - 150 - 154 - 158 - 159 - 161 - 162 - 163 - 164 - 166 - 170 - 171 - 174 - 175 - 178 - 179 - 181 - 183 - 185 - 187 - 188 - 189 - 190 - 192 - 193 - 195 - 201 - 202 - 204 - 210 - 211 - 212 - 217 - 221 - 223 - 225 - 230 - 231 - 233 - 235 - 237 - 238 - 246 - 254 - 255 - 257 - 262 - 266 - 267 - 269 - 270 - 273 - 275 - 277 - 282 - 283 - 284 - 288 - 290 - 292 - 294 - 297 - 300 - 301 - 302 - 303 - 305 - 306 - 312 - 313 - 315 - 316 - 322 - 323 - 324 - 325 - 326 - 328 - 333 - 336 - 337 - 338 - 342 - 347 - 362 - 366 - 370 - 372 - 374 - 375 - 377 - 382 - 387 - 388 - 389 - 390 - 392 - 393 - 395 - 397 - 400 - 403 - 406 - 407 - 409 - 410 - 411 - 418 - 419 - 420 - 423 - 424 - 427 - 428 - 429 - 430 - 432 - 434 - 436 - 437 - 438 - 441 - 450 - 454 - 456 - 459 - 460 - 464 - 465 - 470 - 472 - 474 - 476 - 477 - 480 - 481 - 485 - 488 - 492 - 494 - 495 - 496 - 497,9676378.8,4.6,65506,64413,64.76,Cost: 65506 & Capacity: 64413
0 - 4 - 9 - 10 - 13 - 16 - 17 - 20 - 21 - 36 - 37 - 38 - 42 - 44 - 45 - 50 - 51 - 53 - 54 - 56 - 60 - 61 - 62 - 63 - 64 - 65 - 67 - 68 - 69 - 71 - 72 - 75 - 78 - 80 - 84 - 86 - 87 - 90 - 91 - 94 - 95 - 96 - 97 - 98 - 99 - 100 - 103 - 105 - 107 - 108 - 109 - 110 - 111 - 114 - 115 - 116 - 118 - 123 - 124 - 125 - 128 - 131 - 132 - 135 - 137 - 142 - 144 - 145 - 146 - 147 - 148 - 151 - 152 - 154 - 155 - 158 - 159 - 160 - 163 - 164 - 166 - 167 - 174 - 175 - 178 - 179 - 180 - 181 - 184 - 185 - 187 - 188 - 189 - 190 - 192 - 193 - 195 - 203 - 204 - 210 - 211 - 212 - 214 - 216 - 217 - 218 - 221 - 225 - 228 - 229 - 230 - 231 - 233 - 235 - 238 - 239 - 242 - 246 - 254 - 255 - 257 - 259 - 262 - 266 - 267 - 268 - 270 - 276 - 277 - 280 - 281 - 283 - 284 - 288 - 289 - 290 - 292 - 294 - 295 - 297 - 299 - 300 - 301 - 302 - 305 - 306 - 309 - 311 - 312 - 316 - 322 - 323 - 324 - 325 - 327 - 328 - 329 - 331 - 333 - 337 - 338 - 343 - 344 - 347 - 349 - 354 - 355 - 356 - 360 - 362 - 363 - 364 - 366 - 369 - 370 - 372 - 373 - 374 - 375 - 377 - 379 - 382 - 384 - 385 - 388 - 389 - 390 - 392 - 393 - 397 - 400 - 402 - 404 - 405 - 406 - 409 - 411 - 413 - 416 - 418 - 419 - 420 - 421 - 424 - 426 - 427 - 428 - 429 - 430 - 432 - 434 - 435 - 438 - 440 - 441 - 442 - 450 - 454 - 456 - 460 - 463 - 464 - 469 - 470 - 472 - 474 - 476 - 477 - 480 - 481 - 485 - 488 - 490 - 492 - 494 - 495 - 496,14132482.5,0.0,65506,71256,64.96,Cost: 65506 & Capacity: 71256
0 - 4 - 9 - 13 - 16 - 17 - 20 - 21 - 36 - 38 - 42 - 44 - 45 - 50 - 51 - 53 - 54 - 56 - 60 - 61 - 62 - 63 - 64 - 65 - 67 - 68 - 69 - 71 - 72 - 75 - 78 - 80 - 84 - 86 - 87 - 90 - 91 - 94 - 95 - 96 - 97 - 98 - 99 - 100 - 103 - 105 - 107 - 108 - 109 - 110 - 111 - 114 - 115 - 116 - 118 - 123 - 124 - 125 - 128 - 131 - 132 - 135 - 137 - 142 - 144 - 145 - 146 - 147 - 148 - 150 - 151 - 152 - 154 - 155 - 158 - 159 - 160 - 163 - 164 - 166 - 167 - 174 - 175 - 178 - 179 - 180 - 181 - 184 - 185 - 187 - 188 - 189 - 190 - 192 - 193 - 195 - 203 - 204 - 210 - 211 - 212 - 214 - 216 - 217 - 218 - 221 - 225 - 228 - 229 - 230 - 231 - 233 - 235 - 238 - 242 - 246 - 254 - 255 - 257 - 258 - 259 - 262 - 266 - 267 - 268 - 270 - 274 - 276 - 277 - 280 - 281 - 283 - 284 - 288 - 289 - 290 - 292 - 294 - 295 - 297 - 299 - 300 - 301 - 302 - 305 - 306 - 309 - 311 - 312 - 316 - 318 - 322 - 323 - 324 - 325 - 327 - 328 - 329 - 331 - 333 - 337 - 338 - 343 - 344 - 347 - 349 - 354 - 355 - 356 - 360 - 362 - 363 - 364 - 366 - 370 - 372 - 373 - 374 - 375 - 377 - 379 - 382 - 384 - 385 - 388 - 389 - 390 - 392 - 393 - 397 - 400 - 402 - 404 - 405 - 406 - 409 - 411 - 413 - 416 - 418 - 419 - 420 - 421 - 424 - 426 - 427 - 428 - 429 - 430 - 432 - 434 - 435 - 438 - 440 - 441 - 442 - 450 - 454 - 456 - 460 - 463 - 464 - 469 - 470 - 472 - 474 - 476 - 477 - 480 - 481 - 485 - 488 - 490 - 492 - 494 - 495 - 496,14114152.7,0.0,65497,70266,65.39,Cost: 65497 & Capacity: 70266
0 - 4 - 9 - 10 - 13 - 16 - 17 - 20 - 21 - 36 - 37 - 38 - 42 - 44 - 45 - 50 - 51 - 53 - 54 - 56 - 60 - 61 - 62 - 63 - 64 - 65 - 67 - 68 - 69 - 71 - 72 - 75 - 78 - 80 - 84 - 86 - 87 - 90 - 91 - 94 - 95 - 96 - 97 - 98 - 99 - 100 - 103 - 105 - 107 - 108 - 109 - 110 - 111 - 114 - 115 - 116 - 118 - 123 - 124 - 125 - 128 - 131 - 132 - 135 - 137 - 142 - 144 - 145 - 146 - 147 - 148 - 151 - 152 - 154 - 155 - 158 - 159 - 160 - 163 - 164 - 166 - 167 - 174 - 175 - 178 - 179 - 180 - 181 - 184 - 185 - 187 - 188 - 189 - 190 - 192 - 193 - 195 - 203 - 204 - 210 - 211 - 212 - 214 - 216 - 217 - 218 - 221 - 225 - 228 - 229 - 230 - 231 - 233 - 235 - 238 - 239 - 242 - 246 - 254 - 255 - 257 - 259 - 262 - 266 - 267 - 268 - 270 - 276 - 277 - 280 - 281 - 283 - 284 - 288 - 289 - 290 - 292 - 294 - 295 - 297 - 299 - 300 - 301 - 302 - 305 - 306 - 309 - 311 - 312 - 316 - 322 - 323 - 324 - 325 - 327 - 328 - 329 - 331 - 333 - 337 - 338 - 343 - 344 - 347 - 349 - 354 - 355 - 356 - 360 - 362 - 363 - 364 - 366 - 369 - 370 - 372 - 373 - 374 - 375 - 377 - 379 - 382 - 384 - 385 - 388 - 389 - 390 - 392 - 393 - 397 - 400 - 402 - 404 - 405 - 406 - 409 - 411 - 413 - 416 - 418 - 419 - 420 - 421 - 424 - 426 - 427 - 428 - 429 - 430 - 432 - 434 - 435 - 438 - 440 - 441 - 442 - 450 - 454 - 456 - 460 - 463 - 464 - 469 - 470 - 472 - 474 - 476 - 477 - 480 - 481 - 485 - 488 - 490 - 492 - 494 - 495 - 496,14132482.5,0.0,65506,71256,65.77,Cost: 65506 & Capacity: 71256
0 - 4 - 9 - 10 - 13 - 16 - 17 - 20 - 21 - 36 - 37 - 38 - 42 - 44 - 45 - 50 - 51 - 53 - 54 - 56 - 60 - 61 - 62 - 63 - 64 - 65 - 67 - 68 - 69 - 71 - 72 - 75 - 78 - 80 - 84 - 86 - 87 - 90 - 91 - 94 - 95 - 96 - 97 - 98 - 99 - 100 - 103 - 105 - 107 - 108 - 109 - 110 - 111 - 114 - 115 - 116 - 118 - 123 - 124 - 125 - 128 - 131 - 132 - 135 - 137 - 142 - 144 - 145 - 146 - 147 - 148 - 151 - 152 - 154 - 155 - 158 - 159 - 160 - 163 - 164 - 166 - 167 - 174 - 175 - 178 - 179 - 180 - 181 - 184 - 185 - 187 - 188 - 189 - 190 - 192 - 193 - 195 - 203 - 204 - 210 - 211 - 212 - 214 - 216 - 217 - 218 - 221 - 225 - 228 - 229 - 230 - 231 - 233 - 235 - 238 - 239 - 242 - 246 - 254 - 255 - 257 - 259 - 262 - 266 - 267 - 268 - 270 - 276 - 277 - 280 - 281 - 283 - 284 - 288 - 289 - 290 - 292 - 294 - 295 - 297 - 299 - 300 - 301 - 302 - 305 - 306 - 309 - 311 - 312 - 316 - 322 - 323 - 324 - 325 - 327 - 328 - 329 - 331 - 333 - 337 - 338 - 343 - 344 - 347 - 349 - 354 - 355 - 356 - 360 - 362 - 363 - 364 - 366 - 369 - 370 - 372 - 373 - 374 - 375 - 377 - 379 - 382 - 384 - 385 - 388 - 389 - 390 - 392 - 393 - 397 - 400 - 402 - 404 - 405 - 406 - 409 - 411 - 413 - 416 - 418 - 419 - 420 - 421 - 424 - 426 - 427 - 428 - 429 - 430 - 432 - 434 - 435 - 438 - 440 - 441 - 442 - 450 - 454 - 456 - 460 - 463 - 464 - 469 - 470 - 472 - 474 - 476 - 477 - 480 - 481 - 485 - 488 - 490 - 492 - 494 - 495 - 496,14132482.5,0.0,65506,71256,68.3,Cost: 65506 & Capacity: 71256
0 - 4 - 9 - 10 - 13 - 16 - 17 - 20 - 21 - 36 - 37 - 38 - 42 - 44 - 45 - 50 - 51 - 53 - 54 - 56 - 60 - 61 - 62 - 63 - 64 - 65 - 67 - 68 - 69 - 71 - 72 - 75 - 78 - 80 - 84 - 86 - 87 - 90 - 91 - 94 - 95 - 96 - 97 - 98 - 99 - 100 - 103 - 105 - 107 - 108 - 109 - 110 - 111 - 114 - 115 - 116 - 118 - 123 - 124 - 125 - 128 - 131 - 132 - 135 - 137 - 142 - 144 - 145 - 146 - 147 - 148 - 151 - 152 - 154 - 155 - 158 - 159 - 160 - 163 - 164 - 166 - 167 - 174 - 175 - 178 - 179 - 180 - 181 - 184 - 185 - 187 - 188 - 189 - 190 - 192 - 193 - 195 - 203 - 204 - 210 - 211 - 212 - 214 - 216 - 217 - 218 - 221 - 225 - 228 - 229 - 230 - 231 - 233 - 235 - 238 - 239 - 242 - 246 - 254 - 255 - 257 - 259 - 262 - 266 - 267 - 268 - 270 - 276 - 277 - 280 - 281 - 283 - 284 - 288 - 289 - 290 - 292 - 294 - 295 - 297 - 299 - 300 - 301 - 302 - 305 - 306 - 309 - 311 - 312 - 316 - 322 - 323 - 324 - 325 - 327 - 328 - 329 - 331 - 333 - 337 - 338 - 343 - 344 - 347 - 349 - 354 - 355 - 356 - 360 - 362 - 363 - 364 - 366 - 369 - 370 - 372 - 373 - 374 - 375 - 377 - 379 - 382 - 384 - 385 - 388 - 389 - 390 - 392 - 393 - 397 - 400 - 402 - 404 - 405 - 406 - 409 - 411 - 413 - 416 - 418 - 419 - 420 - 421 - 424 - 426 - 427 - 428 - 429 - 430 - 432 - 434 - 435 - 438 - 440 - 441 - 442 - 450 - 454 - 456 - 460 - 463 - 464 - 469 - 470 - 472 - 474 - 476 - 477 - 480 - 481 - 485 - 488 - 490 - 492 - 494 - 495 - 496,14132482.5,0.0,65506,71256,68.71,Cost: 65506 & Capacity: 71256
0 - 4 - 9 - 10 - 13 - 16 - 17 - 20 - 21 - 36 - 37 - 38 - 42 - 44 - 45 - 50 - 51 - 53 - 54 - 56 - 60 - 61 - 62 - 63 - 64 - 65 - 67 - 68 - 69 - 71 - 72 - 75 - 78 - 80 - 84 - 86 - 87 - 90 - 91 - 94 - 95 - 96 - 97 - 98 - 99 - 100 - 103 - 105 - 107 - 108 - 109 - 110 - 111 - 114 - 115 - 116 - 118 - 123 - 124 - 125 - 128 - 131 - 132 - 135 - 137 - 142 - 144 - 145 - 146 - 147 - 148 - 151 - 152 - 154 - 155 - 158 - 159 - 160 - 163 - 164 - 166 - 167 - 174 - 175 - 178 - 179 - 180 - 181 - 184 - 185 - 187 - 188 - 189 - 190 - 192 - 193 - 195 - 203 - 204 - 210 - 211 - 212 - 214 - 216 - 217 - 218 - 221 - 225 - 228 - 229 - 230 - 231 - 233 - 235 - 238 - 239 - 242 - 246 - 254 - 255 - 257 - 259 - 262 - 266 - 267 - 268 - 270 - 276 - 277 - 280 - 281 - 283 - 284 - 288 - 289 - 290 - 292 - 294 - 295 - 297 - 299 - 300 - 301 - 302 - 305 - 306 - 309 - 311 - 312 - 316 - 322 - 323 - 324 - 325 - 327 - 328 - 329 - 331 - 333 - 337 - 338 - 343 - 344 - 347 - 349 - 354 - 355 - 356 - 360 - 362 - 363 - 364 - 366 - 369 - 370 - 372 - 373 - 374 - 375 - 377 - 379 - 382 - 384 - 385 - 388 - 389 - 390 - 392 - 393 - 397 - 400 - 402 - 404 - 405 - 406 - 409 - 411 - 413 - 416 - 418 - 419 - 420 - 421 - 424 - 426 - 427 - 428 - 429 - 430 - 432 - 434 - 435 - 438 - 440 - 441 - 442 - 450 - 454 - 456 - 460 - 463 - 464 - 469 - 470 - 472 - 474 - 476 - 477 - 480 - 481 - 485 - 488 - 490 - 492 - 494 - 495 - 496,14132482.5,0.0,65506,71256,69.13,Cost: 65506 & Capacity: 71256
0 - 4 - 9 - 13 - 16 - 17 - 20 - 21 - 36 - 37 - 38 - 42 - 44 - 45 - 50 - 51 - 53 - 54 - 56 - 60 - 61 - 62 - 63 - 64 - 65 - 67 - 68 - 69 - 71 - 72 - 75 - 78 - 80 - 84 - 86 - 87 - 90 - 91 - 94 - 95 - 96 - 97 - 98 - 99 - 100 - 103 - 105 - 107 - 108 - 109 - 110 - 111 - 114 - 115 - 116 - 118 - 123 - 124 - 125 - 128 - 131 - 132 - 135 - 137 - 142 - 144 - 145 - 146 - 147 - 148 - 150 - 151 - 152 - 154 - 155 - 158 - 159 - 160 - 163 - 164 - 166 - 167 - 174 - 175 - 178 - 179 - 180 - 181 - 184 - 185 - 187 - 188 - 189 - 190 - 192 - 193 - 195 - 203 - 204 - 210 - 211 - 212 - 214 - 216 - 217 - 218 - 221 - 225 - 228 - 229 - 230 - 231 - 233 - 235 - 238 - 242 - 246 - 254 - 255 - 257 - 259 - 262 - 266 - 267 - 268 - 270 - 274 - 276 - 277 - 280 - 281 - 283 - 284 - 288 - 289 - 290 - 292 - 294 - 295 - 297 - 299 - 300 - 301 - 302 - 305 - 306 - 309 - 311 - 312 - 316 - 322 - 323 - 324 - 325 - 327 - 328 - 329 - 331 - 333 - 337 - 338 - 343 - 344 - 347 - 349 - 354 - 355 - 356 - 360 - 362 - 363 - 364 - 366 - 369 - 370 - 372 - 373 - 374 - 375 - 377 - 379 - 382 - 384 - 385 - 388 - 389 - 390 - 392 - 393 - 397 - 400 - 402 - 404 - 405 - 406 - 409 - 411 - 413 - 416 - 418 - 419 - 420 - 421 - 424 - 426 - 427 - 428 - 429 - 430 - 432 - 434 - 435 - 438 - 440 - 441 - 442 - 450 - 454 - 456 - 460 - 463 - 464 - 469 - 470 - 472 - 474 - 476 - 477 - 480 - 481 - 485 - 488 - 490 - 492 - 494 - 495 - 496,14137027.9,0.0,65488,71287,69.57,Cost: 65488 & Capacity: 71287
0 - 4 - 9 - 10 - 13 - 16 - 17 - 20 - 21 - 36 - 37 - 38 - 42 - 44 - 45 - 50 - 51 - 53 - 54 - 56 - 60 - 61 - 62 - 63 - 64 - 65 - 67 - 68 - 69 - 71 - 72 - 75 - 78 - 80 - 84 - 86 - 87 - 90 - 91 - 94 - 95 - 96 - 97 - 98 - 99 - 100 - 103 - 105 - 107 - 108 - 109 - 110 - 111 - 114 - 115 - 116 - 118 - 123 - 124 - 125 - 128 - 131 - 132 - 135 - 137 - 142 - 144 - 145 - 146 - 147 - 148 - 151 - 152 - 154 - 155 - 158 - 159 - 160 - 163 - 164 - 166 - 167 - 174 - 175 - 178 - 179 - 180 - 181 - 184 - 185 - 187 - 188 - 189 - 190 - 192 - 193 - 195 - 203 - 204 - 210 - 211 - 212 - 214 - 216 - 217 - 218 - 221 - 225 - 228 - 229 - 230 - 231 - 233 - 235 - 238 - 239 - 242 - 246 - 254 - 255 - 257 - 259 - 262 - 266 - 267 - 268 - 270 - 276 - 277 - 280 - 281 - 283 - 284 - 288 - 289 - 290 - 292 - 294 - 295 - 297 - 299 - 300 - 301 - 302 - 305 - 306 - 309 - 311 - 312 - 316 - 322 - 323 - 324 - 325 - 327 - 328 - 329 - 331 - 333 - 337 - 338 - 343 - 344 - 347 - 349 - 354 - 355 - 356 - 360 - 362 - 363 - 364 - 366 - 369 - 370 - 372 - 373 - 374 - 375 - 377 - 379 - 382 - 384 - 385 - 388 - 389 - 390 - 392 - 393 - 397 - 400 - 402 - 404 - 405 - 406 - 409 - 411 - 413 - 416 - 418 - 419 - 420 - 421 - 424 - 426 - 427 - 428 - 429 - 430 - 432 - 434 - 435 - 438 - 440 - 441 - 442 - 450 - 454 - 456 - 460 - 463 - 464 - 469 - 470 - 472 - 474 - 476 - 477 - 480 - 481 - 485 - 488 - 490 - 492 - 494 - 495 - 496,14132482.5,0.0,65506,71256,69.75,Cost: 65506 & Capacity: 71256
0 - 4 - 9 - 10 - 13 - 16 - 17 - 20 - 21 - 36 - 37 - 38 - 42 - 44 - 45 - 50 - 51 - 53 - 54 - 56 - 60 - 61 - 62 - 63 - 64 - 65 - 67 - 68 - 69 - 71 - 72 - 75 - 78 - 80 - 84 - 86 - 87 - 90 - 91 - 94 - 95 - 96 - 97 - 98 - 99 - 100 - 103 - 105 - 107 - 108 - 109 - 110 - 111 - 114 - 115 - 116 - 118 - 123 - 124 - 125 - 128 - 131 - 132 - 135 - 137 - 142 - 144 - 145 - 146 - 147 - 148 - 151 - 152 - 154 - 155 - 158 - 159 - 160 - 163 - 164 - 166 - 167 - 174 - 175 - 178 - 179 - 180 - 181 - 184 - 185 - 187 - 188 - 189 - 190 - 192 - 193 - 195 - 203 - 204 - 210 - 211 - 212 - 214 - 216 - 217 - 218 - 221 - 225 - 228 - 229 - 230 - 231 - 233 - 235 - 238 - 239 - 242 - 246 - 254 - 255 - 257 - 259 - 262 - 266 - 267 - 268 - 270 - 276 - 277 - 280 - 281 - 283 - 284 - 288 - 289 - 290 - 292 - 294 - 295 - 297 - 299 - 300 - 301 - 302 - 305 - 306 - 309 - 311 - 312 - 316 - 322 - 323 - 324 - 325 - 327 - 328 - 329 - 331 - 333 - 337 - 338 - 343 - 344 - 347 - 349 - 354 - 355 - 356 - 360 - 362 - 363 - 364 - 366 - 369 - 370 - 372 - 373 - 374 - 375 - 377 - 379 - 382 - 384 - 385 - 388 - 389 - 390 - 392 - 393 - 397 - 400 - 402 - 404 - 405 - 406 - 409 - 411 - 413 - 416 - 418 - 419 - 420 - 421 - 424 - 426 - 427 - 428 - 429 - 430 - 432 - 434 - 435 - 438 - 440 - 441 - 442 - 450 - 454 - 456 - 460 - 463 - 464 - 469 - 470 - 472 - 474 - 476 - 477 - 480 - 481 - 485 - 488 - 490 - 492 - 494 - 495 - 496,14132482.5,0.0,65506,71256,70.28,Cost: 65506 & Capacity: 71256
0 - 4 - 9 - 13 - 16 - 17 - 20 - 21 - 36 - 37 - 38 - 42 - 44 - 45 - 50 - 51 - 53 - 54 - 56 - 60 - 61 - 62 - 63 - 64 - 65 - 67 - 68 - 69 - 71 - 72 - 75 - 78 - 80 - 84 - 86 - 87 - 90 - 91 - 94 - 95 - 96 - 97 - 98 - 99 - 100 - 103 - 105 - 107 - 108 - 109 - 110 - 111 - 114 - 115 - 116 - 118 - 123 - 124 - 125 - 128 - 131 - 132 - 135 - 137 - 142 - 144 - 145 - 146 - 147 - 148 - 150 - 151 - 152 - 154 - 155 - 158 - 159 - 160 - 163 - 164 - 166 - 167 - 174 - 175 - 178 - 179 - 180 - 181 - 184 - 185 - 187 - 188 - 189 - 190 - 192 - 193 - 195 - 203 - 204 - 210 - 211 - 212 - 214 - 216 - 217 - 218 - 221 - 225 - 228 - 229 - 230 - 231 - 233 - 235 - 238 - 242 - 246 - 254 - 255 - 257 - 258 - 259 - 262 - 266 - 267 - 268 - 270 - 274 - 276 - 277 - 280 - 281 - 283 - 284 - 288 - 289 - 290 - 292 - 294 - 295 - 297 - 299 - 300 - 301 - 302 - 305 - 306 - 309 - 311 - 312 - 316 - 322 - 323 - 324 - 325 - 327 - 328 - 329 - 331 - 333 - 337 - 338 - 343 - 344 - 347 - 349 - 354 - 355 - 356 - 360 - 362 - 363 - 364 - 366 - 370 - 372 - 373 - 374 - 375 - 377 - 379 - 382 - 384 - 385 - 388 - 389 - 390 - 392 - 393 - 397 - 400 - 402 - 404 - 405 - 406 - 409 - 411 - 413 - 416 - 418 - 419 - 420 - 421 - 424 - 426 - 427 - 428 - 429 - 430 - 432 - 434 - 435 - 438 - 440 - 441 - 442 - 450 - 454 - 456 - 460 - 463 - 464 - 469 - 470 - 472 - 474 - 476 - 477 - 480 - 481 - 485 - 488 - 490 - 492 - 494 - 495 - 496,14126209.2,0.0,65507,70646,70.82,Cost: 65507 & Capacity: 70646
0 - 4 - 9 - 10 - 13 - 16 - 17 - 20 - 21 - 36 - 37 - 38 - 42 - 44 - 45 - 50 - 51 - 53 - 54 - 56 - 60 - 61 - 62 - 63 - 64 - 65 - 67 - 68 - 69 - 71 - 72 - 75 - 78 - 80 - 84 - 86 - 87 - 90 - 91 - 94 - 95 - 96 - 97 - 98 - 99 - 100 - 103 - 105 - 107 - 108 - 109 - 110 - 111 - 114 - 115 - 116 - 118 - 123 - 124 - 125 - 128 - 131 - 132 - 135 - 137 - 142 - 144 - 145 - 146 - 147 - 148 - 151 - 152 - 154 - 155 - 158 - 159 - 160 - 163 - 164 - 166 - 167 - 174 - 175 - 178 - 179 - 180 - 181 - 184 - 185 - 187 - 188 - 189 - 190 - 192 - 193 - 195 - 203 - 204 - 210 - 211 - 212 - 214 - 216 - 217 - 218 - 221 - 225 - 228 - 229 - 230 - 231 - 233 - 235 - 238 - 239 - 242 - 246 - 254 - 255 - 257 - 259 - 262 - 266 - 267 - 268 - 270 - 276 - 277 - 280 - 281 - 283 - 284 - 288 - 289 - 290 - 292 - 294 - 295 - 297 - 299 - 300 - 301 - 302 - 305 - 306 - 309 - 311 - 312 - 316 - 322 - 323 - 324 - 325 - 327 - 328 - 329 - 331 - 333 - 337 - 338 - 343 - 344 - 347 - 349 - 354 - 355 - 356 - 360 - 362 - 363 - 364 - 366 - 369 - 370 - 372 - 373 - 374 - 375 - 377 - 379 - 382 - 384 - 385 - 388 - 389 - 390 - 392 - 393 - 397 - 400 - 402 - 404 - 405 - 406 - 409 - 411 - 413 - 416 - 418 - 419 - 420 - 421 - 424 - 426 - 427 - 428 - 429 - 430 - 432 - 434 - 435 - 438 - 440 - 441 - 442 - 450 - 454 - 456 - 460 - 463 - 464 - 469 - 470 - 472 - 474 - 476 - 477 - 480 - 481 - 485 - 488 - 490 - 492 - 494 - 495 - 496,14132482.5,0.0,65506,71256,70.86,Cost: 65506 & Capacity: 71256
0 - 4 - 9 - 10 - 13 - 16 - 17 - 20 - 21 - 36 - 37 - 38 - 42 - 44 - 45 - 50 - 51 - 53 - 54 - 56 - 60 - 61 - 62 - 63 - 64 - 65 - 67 - 68 - 69 - 71 - 72 - 75 - 78 - 80 - 84 - 86 - 87 - 90 - 91 - 94 - 95 - 96 - 97 - 98 - 99 - 100 - 103 - 105 - 107 - 108 - 109 - 110 - 111 - 114 - 115 - 116 - 118 - 123 - 124 - 125 - 128 - 131 - 132 - 135 - 137 - 142 - 144 - 145 - 146 - 147 - 148 - 151 - 152 - 154 - 155 - 158 - 159 - 160 - 163 - 164 - 166 - 167 - 174 - 175 - 178 - 179 - 180 - 181 - 184 - 185 - 187 - 188 - 189 - 190 - 192 - 193 - 195 - 203 - 204 - 210 - 211 - 212 - 214 - 216 - 217 - 218 - 221 - 225 - 228 - 229 - 230 - 231 - 233 - 235 - 238 - 239 - 242 - 246 - 254 - 255 - 257 - 259 - 262 - 266 - 267 - 268 - 270 - 276 - 277 - 280 - 281 - 283 - 284 - 288 - 289 - 290 - 292 - 294 - 295 - 297 - 299 - 300 - 301 - 302 - 305 - 306 - 309 - 311 - 312 - 316 - 322 - 323 - 324 - 325 - 327 - 328 - 329 - 331 - 333 - 337 - 338 - 343 - 344 - 347 - 349 - 354 - 355 - 356 - 360 - 362 - 363 - 364 - 366 - 369 - 370 - 372 - 373 - 374 - 375 - 377 - 379 - 382 - 384 - 385 - 388 - 389 - 390 - 392 - 393 - 397 - 400 - 402 - 404 - 405 - 406 - 409 - 411 - 413 - 416 - 418 - 419 - 420 - 421 - 424 - 426 - 427 - 428 - 429 - 430 - 432 - 434 - 435 - 438 - 440 - 441 - 442 - 450 - 454 - 456 - 460 - 463 - 464 - 469 - 470 - 472 - 474 - 476 - 477 - 480 - 481 - 485 - 488 - 490 - 492 - 494 - 495 - 496,14132482.5,0.0,65506,71256,71.06,Cost: 65506 & Capacity: 71256
0 - 4 - 9 - 10 - 13 - 16 - 17 - 20 - 21 - 36 - 37 - 38 - 42 - 44 - 45 - 50 - 51 - 53 - 54 - 56 - 60 - 61 - 62 - 63 - 64 - 65 - 67 - 68 - 69 - 71 - 72 - 75 - 78 - 80 - 84 - 86 - 87 - 90 - 91 - 94 - 95 - 96 - 97 - 98 - 99 - 100 - 103 - 105 - 107 - 108 - 109 - 110 - 111 - 114 - 115 - 116 - 118 - 123 - 124 - 125 - 128 - 131 - 132 - 135 - 137 - 142 - 144 - 145 - 146 - 147 - 148 - 151 - 152 - 154 - 155 - 158 - 159 - 160 - 163 - 164 - 166 - 167 - 174 - 175 - 178 - 179 - 180 - 181 - 184 - 185 - 187 - 188 - 189 - 190 - 192 - 193 - 195 - 203 - 204 - 210 - 211 - 212 - 214 - 216 - 217 - 218 - 221 - 225 - 228 - 229 - 230 - 231 - 233 - 235 - 238 - 239 - 242 - 246 - 254 - 255 - 257 - 259 - 262 - 266 - 267 - 268 - 270 - 276 - 277 - 280 - 281 - 283 - 284 - 288 - 289 - 290 - 292 - 294 - 295 - 297 - 299 - 300 - 301 - 302 - 305 - 306 - 309 - 311 - 312 - 316 - 322 - 323 - 324 - 325 - 327 - 328 - 329 - 331 - 333 - 337 - 338 - 343 - 344 - 347 - 349 - 354 - 355 - 356 - 360 - 362 - 363 - 364 - 366 - 369 - 370 - 372 - 373 - 374 - 375 - 377 - 379 - 382 - 384 - 385 - 388 - 389 - 390 - 392 - 393 - 397 - 400 - 402 - 404 - 405 - 406 - 409 - 411 - 413 - 416 - 418 - 419 - 420 - 421 - 424 - 426 - 427 - 428 - 429 - 430 - 432 - 434 - 435 - 438 - 440 - 441 - 442 - 450 - 454 - 456 - 460 - 463 - 464 - 469 - 470 - 472 - 474 - 476 - 477 - 480 - 481 - 485 - 488 - 490 - 492 - 494 - 495 - 496,14132482.5,0.0,65506,71256,71.48,Cost: 65506 & Capacity: 71256
11 - 21 - 23 - 24 - 27 - 33 - 52 - 64 - 67 - 74 - 84 - 91 - 93 - 94 - 105 - 106 - 110 - 115 - 117 - 122 - 131 - 146 - 149 - 152 - 169 - 172 - 176 - 178 - 180 - 181 - 204 - 221 - 223 - 224 - 225 - 226 - 232 - 233 - 236 - 239 - 240 - 244 - 252 - 259 - 260 - 263 - 266 - 269 - 273 - 277 - 280 - 281 - 285 - 287 - 288 - 297 - 298 - 299 - 303 - 323 - 327 - 329 - 330 - 333 - 342 - 344 - 359 - 365 - 388 - 393 - 396 - 401 - 403 - 405 - 408 - 409 - 416 - 417 - 425 - 434 - 440 - 442 - 443 - 449 - 450 - 452 - 463 - 464 - 468 - 472 - 485 - 499,2218772.0,33.8,65019,52981,71.72,Cost: 65019 & Capacity: 52981
0 - 4 - 9 - 10 - 13 - 16 - 17 - 20 - 21 - 36 - 37 - 38 - 42 - 44 - 45 - 50 - 51 - 53 - 54 - 56 - 60 - 61 - 62 - 63 - 64 - 65 - 67 - 68 - 69 - 71 - 72 - 75 - 78 - 80 - 84 - 86 - 87 - 90 - 91 - 94 - 95 - 96 - 97 - 98 - 99 - 100 - 103 - 105 - 107 - 108 - 109 - 110 - 111 - 114 - 115 - 116 - 118 - 123 - 124 - 125 - 128 - 131 - 132 - 135 - 137 - 142 - 144 - 145 - 146 - 147 - 148 - 151 - 152 - 154 - 155 - 158 - 159 - 160 - 163 - 164 - 166 - 167 - 174 - 175 - 178 - 179 - 180 - 181 - 184 - 185 - 187 - 188 - 189 - 190 - 192 - 193 - 195 - 203 - 204 - 210 - 211 - 212 - 214 - 216 - 217 - 218 - 221 - 225 - 228 - 229 - 230 - 231 - 233 - 235 - 238 - 239 - 242 - 246 - 254 - 255 - 257 - 259 - 262 - 266 - 267 - 268 - 270 - 276 - 277 - 280 - 281 - 283 - 284 - 288 - 289 - 290 - 292 - 294 - 295 - 297 - 299 - 300 - 301 - 302 - 305 - 306 - 309 - 311 - 312 - 316 - 322 - 323 - 324 - 325 - 327 - 328 - 329 - 331 - 333 - 337 - 338 - 343 - 344 - 347 - 349 - 354 - 355 - 356 - 360 - 362 - 363 - 364 - 366 - 369 - 370 - 372 - 373 - 374 - 375 - 377 - 379 - 382 - 384 - 385 - 388 - 389 - 390 - 392 - 393 - 397 - 400 - 402 - 404 - 405 - 406 - 409 - 411 - 413 - 416 - 418 - 419 - 420 - 421 - 424 - 426 - 427 - 428 - 429 - 430 - 432 - 434 - 435 - 438 - 440 - 441 - 442 - 450 - 454 - 456 - 460 - 463 - 464 - 469 - 470 - 472 - 474 - 476 - 477 - 480 - 481 - 485 - 488 - 490 - 492 - 494 - 495 - 496,14132482.5,0.0,65506,71256,72.94,Cost: 65506 & Capacity: 71256
0 - 4 - 9 - 10 - 13 - 16 - 17 - 20 - 21 - 36 - 37 - 38 - 42 - 44 - 45 - 50 - 51 - 53 - 54 - 56 - 60 - 61 - 62 - 63 - 64 - 65 - 67 - 68 - 69 - 71 - 72 - 75 - 78 - 80 - 84 - 86 - 87 - 90 - 91 - 94 - 95 - 96 - 97 - 98 - 99 - 100 - 103 - 105 - 107 - 108 - 109 - 110 - 111 - 114 - 115 - 116 - 118 - 123 - 124 - 125 - 128 - 131 - 132 - 135 - 137 - 142 - 144 - 145 - 146 - 147 - 148 - 151 - 152 - 154 - 155 - 158 - 159 - 160 - 163 - 164 - 166 - 167 - 174 - 175 - 178 - 179 - 180 - 181 - 184 - 185 - 187 - 188 - 189 - 190 - 192 - 193 - 195 - 203 - 204 - 210 - 211 - 212 - 214 - 216 - 217 - 218 - 221 - 225 - 228 - 229 - 230 - 231 - 233 - 235 - 238 - 239 - 242 - 246 - 254 - 255 - 257 - 259 - 262 - 266 - 267 - 268 - 270 - 276 - 277 - 280 - 281 - 283 - 284 - 288 - 289 - 290 - 292 - 294 - 295 - 297 - 299 - 300 - 301 - 302 - 305 - 306 - 309 - 311 - 312 - 316 - 322 - 323 - 324 - 325 - 327 - 328 - 329 - 331 - 333 - 337 - 338 - 343 - 344 - 347 - 349 - 354 - 355 - 356 - 360 - 362 - 363 - 364 - 366 - 369 - 370 - 372 - 373 - 374 - 375 - 377 - 379 - 382 - 384 - 385 - 388 - 389 - 390 - 392 - 393 - 397 - 400 - 402 - 404 - 405 - 406 - 409 - 411 - 413 - 416 - 418 - 419 - 420 - 421 - 424 - 426 - 427 - 428 - 429 - 430 - 432 - 434 - 435 - 438 - 440 - 441 - 442 - 450 - 454 - 456 - 460 - 463 - 464 - 469 - 470 - 472 - 474 - 476 - 477 - 480 - 481 - 485 - 488 - 490 - 492 - 494 - 495 - 496,14132482.5,0.0,65506,71256,73.54,Cost: 65506 & Capacity: 71256
0 - 4 - 9 - 10 - 13 - 16 - 17 - 20 - 21 - 36 - 37 - 38 - 42 - 44 - 45 - 50 - 51 - 53 - 54 - 56 - 60 - 61 - 62 - 63 - 64 - 65 - 67 - 68 - 69 - 71 - 72 - 75 - 78 - 80 - 84 - 86 - 87 - 90 - 91 - 94 - 95 - 96 - 97 - 98 - 99 - 100 - 103 - 105 - 107 - 108 - 109 - 110 - 111 - 114 - 115 - 116 - 118 - 123 - 124 - 125 - 128 - 131 - 132 - 135 - 137 - 142 - 144 - 145 - 146 - 147 - 148 - 151 - 152 - 154 - 155 - 158 - 159 - 160 - 163 - 164 - 166 - 167 - 174 - 175 - 178 - 179 - 180 - 181 - 184 - 185 - 187 - 188 - 189 - 190 - 192 - 193 - 195 - 203 - 204 - 210 - 211 - 212 - 214 - 216 - 217 - 218 - 221 - 225 - 228 - 229 - 230 - 231 - 233 - 235 - 238 - 239 - 242 - 246 - 254 - 255 - 257 - 259 - 262 - 266 - 267 - 268 - 270 - 276 - 277 - 280 - 281 - 283 - 284 - 288 - 289 - 290 - 292 - 294 - 295 - 297 - 299 - 300 - 301 - 302 - 305 - 306 - 309 - 311 - 312 - 316 - 322 - 323 - 324 - 325 - 327 - 328 - 329 - 331 - 333 - 337 - 338 - 343 - 344 - 347 - 349 - 354 - 355 - 356 - 360 - 362 - 363 - 364 - 366 - 369 - 370 - 372 - 373 - 374 - 375 - 377 - 379 - 382 - 384 - 385 - 388 - 389 - 390 - 392 - 393 - 397 - 400 - 402 - 404 - 405 - 406 - 409 - 411 - 413 - 416 - 418 - 419 - 420 - 421 - 424 - 426 - 427 - 428 - 429 - 430 - 432 - 434 - 435 - 438 - 440 - 441 - 442 - 450 - 454 - 456 - 460 - 463 - 464 - 469 - 470 - 472 - 474 - 476 - 477 - 480 - 481 - 485 - 488 - 490 - 492 - 494 - 495 - 496,14132482.5,0.0,65506,71256,73.91,Cost: 65506 & Capacity: 71256
21 - 25 - 42 - 44 - 47 - 49 - 53 - 58 - 62 - 64 - 67 - 69 - 72 - 75 - 77 - 80 - 84 - 89 - 95 - 98 - 101 - 103 - 107 - 111 - 116 - 117 - 128 - 137 - 140 - 144 - 146 - 147 - 150 - 155 - 156 - 158 - 163 - 166 - 170 - 178 - 179 - 180 - 187 - 189 - 190 - 192 - 211 - 217 - 218 - 228 - 231 - 233 - 234 - 235 - 237 - 246 - 255 - 261 - 262 - 269 - 273 - 277 - 279 - 283 - 284 - 287 - 288 - 292 - 294 - 295 - 298 - 299 - 302 - 303 - 304 - 305 - 306 - 307 - 311 - 312 - 315 - 316 - 318 - 321 - 322 - 323 - 326 - 331 - 332 - 333 - 338 - 343 - 349 - 352 - 356 - 361 - 363 - 366 - 371 - 372 - 374 - 381 - 382 - 384 - 387 - 388 - 389 - 390 - 392 - 393 - 400 - 404 - 406 - 409 - 411 - 418 - 419 - 427 - 428 - 432 - 433 - 436 - 438 - 442 - 444 - 446 - 450 - 456 - 459 - 460 - 461 - 465 - 468 - 470 - 471 - 472 - 476 - 477 - 478 - 480 - 485 - 488 - 489 - 493 - 494 - 497,5466052.1,13.4,65496,55271,74.1,Cost: 65496 & Capacity: 55271
21 - 42 - 44 - 47 - 49 - 53 - 58 - 62 - 64 - 67 - 69 - 72 - 75 - 80 - 84 - 95 - 98 - 101 - 103 - 107 - 111 - 116 - 117 - 124 - 128 - 137 - 140 - 146 - 147 - 150 - 153 - 155 - 156 - 158 - 163 - 166 - 170 - 178 - 179 - 187 - 189 - 190 - 192 - 202 - 211 - 217 - 218 - 228 - 231 - 233 - 234 - 235 - 237 - 246 - 255 - 261 - 262 - 269 - 273 - 277 - 279 - 283 - 284 - 287 - 288 - 292 - 294 - 295 - 298 - 299 - 302 - 303 - 304 - 305 - 307 - 311 - 312 - 315 - 316 - 318 - 321 - 322 - 323 - 331 - 332 - 333 - 336 - 338 - 343 - 349 - 352 - 356 - 361 - 363 - 366 - 372 - 376 - 381 - 382 - 388 - 389 - 390 - 392 - 393 - 400 - 402 - 404 - 406 - 409 - 411 - 413 - 418 - 419 - 427 - 428 - 432 - 433 - 436 - 437 - 438 - 442 - 444 - 446 - 450 - 456 - 459 - 460 - 465 - 468 - 470 - 471 - 472 - 476 - 477 - 478 - 480 - 485 - 488 - 489 - 493 - 494 - 497,5208550.2,14.1,65475,56108,74.14,Cost: 65475 & Capacity: 56108
0 - 4 - 9 - 13 - 16 - 17 - 20 - 21 - 36 - 38 - 42 - 44 - 45 - 50 - 51 - 53 - 54 - 56 - 60 - 61 - 62 - 63 - 64 - 65 - 67 - 68 - 69 - 71 - 72 - 75 - 78 - 80 - 84 - 86 - 87 - 90 - 91 - 94 - 95 - 96 - 97 - 98 - 99 - 100 - 103 - 105 - 107 - 108 - 109 - 110 - 111 - 114 - 115 - 116 - 118 - 123 - 124 - 125 - 128 - 131 - 132 - 135 - 137 - 142 - 144 - 145 - 146 - 147 - 148 - 150 - 151 - 152 - 154 - 155 - 158 - 159 - 160 - 163 - 164 - 166 - 167 - 174 - 175 - 178 - 179 - 180 - 181 - 184 - 185 - 187 - 188 - 189 - 190 - 192 - 193 - 195 - 203 - 204 - 210 - 211 - 212 - 214 - 216 - 217 - 218 - 221 - 225 - 228 - 229 - 230 - 231 - 233 - 235 - 238 - 242 - 246 - 254 - 255 - 257 - 258 - 259 - 262 - 266 - 267 - 268 - 270 - 274 - 276 - 277 - 280 - 281 - 283 - 284 - 288 - 289 - 290 - 292 - 294 - 295 - 297 - 299 - 300 - 301 - 302 - 305 - 306 - 309 - 311 - 312 - 316 - 318 - 322 - 323 - 324 - 325 - 327 - 328 - 329 - 331 - 333 - 337 - 338 - 343 - 344 - 347 - 349 - 354 - 355 - 356 - 360 - 362 - 363 - 364 - 366 - 370 - 372 - 373 - 374 - 375 - 377 - 379 - 382 - 384 - 385 - 388 - 389 - 390 - 392 - 393 - 397 - 400 - 402 - 404 - 405 - 406 - 409 - 411 - 413 - 416 - 418 - 419 - 420 - 421 - 424 - 426 - 427 - 428 - 429 - 430 - 432 - 434 - 435 - 438 - 440 - 441 - 442 - 450 - 454 - 456 - 460 - 463 - 464 - 469 - 470 - 472 - 474 - 476 - 477 - 480 - 481 - 485 - 488 - 490 - 492 - 494 - 495 - 496,14114152.7,0.0,65497,70266,74.38,Cost: 65497 & Capacity: 70266
0 - 4 - 9 - 10 - 13 - 16 - 17 - 20 - 21 - 36 - 37 - 38 - 42 - 44 - 45 - 50 - 51 - 53 - 54 - 56 - 60 - 61 - 62 - 63 - 64 - 65 - 67 - 68 - 69 - 71 - 72 - 75 - 78 - 80 - 84 - 86 - 87 - 90 - 91 - 94 - 95 - 96 - 97 - 98 - 99 - 100 - 103 - 105 - 107 - 108 - 109 - 110 - 111 - 114 - 115 - 116 - 118 - 123 - 124 - 125 - 128 - 131 - 132 - 135 - 137 - 142 - 144 - 145 - 146 - 147 - 148 - 151 - 152 - 154 - 155 - 158 - 159 - 160 - 163 - 164 - 166 - 167 - 174 - 175 - 178 - 179 - 180 - 181 - 184 - 185 - 187 - 188 - 189 - 190 - 192 - 193 - 195 - 203 - 204 - 210 - 211 - 212 - 214 - 216 - 217 - 218 - 221 - 225 - 228 - 229 - 230 - 231 - 233 - 235 - 238 - 239 - 242 - 246 - 254 - 255 - 257 - 259 - 262 - 266 - 267 - 268 - 270 - 276 - 277 - 280 - 281 - 283 - 284 - 288 - 289 - 290 - 292 - 294 - 295 - 297 - 299 - 300 - 301 - 302 - 305 - 306 - 309 - 311 - 312 - 316 - 322 - 323 - 324 - 325 - 327 - 328 - 329 - 331 - 333 - 337 - 338 - 343 - 344 - 347 - 349 - 354 - 355 - 356 - 360 - 362 - 363 - 364 - 366 - 369 - 370 - 372 - 373 - 374 - 375 - 377 - 379 - 382 - 384 - 385 - 388 - 389 - 390 - 392 - 393 - 397 - 400 - 402 - 404 - 405 - 406 - 409 - 411 - 413 - 416 - 418 - 419 - 420 - 421 - 424 - 426 - 427 - 428 - 429 - 430 - 432 - 434 - 435 - 438 - 440 - 441 - 442 - 450 - 454 - 456 - 460 - 463 - 464 - 469 - 470 - 472 - 474 - 476 - 477 - 480 - 481 - 485 - 488 - 490 - 492 - 494 - 495 - 496,14132482.5,0.0,65506,71256,74.42,Cost: 65506 & Capacity: 71256
0 - 4 - 9 - 10 - 13 - 16 - 17 - 20 - 21 - 36 - 37 - 38 - 42 - 44 - 45 - 50 - 51 - 53 - 54 - 56 - 60 - 61 - 62 - 63 - 64 - 65 - 67 - 68 - 69 - 71 - 72 - 75 - 78 - 80 - 84 - 86 - 87 - 90 - 91 - 94 - 95 - 96 - 97 - 98 - 99 - 100 - 103 - 105 - 107 - 108 - 109 - 110 - 111 - 114 - 115 - 116 - 118 - 123 - 124 - 125 - 128 - 131 - 132 - 135 - 137 - 142 - 144 - 145 - 146 - 147 - 148 - 151 - 152 - 154 - 155 - 158 - 159 - 160 - 163 - 164 - 166 - 167 - 174 - 175 - 178 - 179 - 180 - 181 - 184 - 185 - 187 - 188 - 189 - 190 - 192 - 193 - 195 - 203 - 204 - 210 - 211 - 212 - 214 - 216 - 217 - 218 - 221 - 225 - 228 - 229 - 230 - 231 - 233 - 235 - 238 - 239 - 242 - 246 - 254 - 255 - 257 - 259 - 262 - 266 - 267 - 268 - 270 - 276 - 277 - 280 - 281 - 283 - 284 - 288 - 289 - 290 - 292 - 294 - 295 - 297 - 299 - 300 - 301 - 302 - 305 - 306 - 309 - 311 - 312 - 316 - 322 - 323 - 324 - 325 - 327 - 328 - 329 - 331 - 333 - 337 - 338 - 343 - 344 - 347 - 349 - 354 - 355 - 356 - 360 - 362 - 363 - 364 - 366 - 369 - 370 - 372 - 373 - 374 - 375 - 377 - 379 - 382 - 384 - 385 - 388 - 389 - 390 - 392 - 393 - 397 - 400 - 402 - 404 - 405 - 406 - 409 - 411 - 413 - 416 - 418 - 419 - 420 - 421 - 424 - 426 - 427 - 428 - 429 - 430 - 432 - 434 - 435 - 438 - 440 - 441 - 442 - 450 - 454 - 456 - 460 - 463 - 464 - 469 - 470 - 472 - 474 - 476 - 477 - 480 - 481 - 485 - 488 - 490 - 492 - 494 - 495 - 496,14132482.5,0.0,65506,71256,76.32,Cost: 65506 & Capacity: 71256
0 - 4 - 9 - 13 - 16 - 17 - 20 - 21 - 36 - 37 - 38 - 42 - 44 - 45 - 50 - 51 - 53 - 54 - 56 - 60 - 61 - 62 - 63 - 64 - 65 - 67 - 68 - 69 - 71 - 72 - 75 - 78 - 80 - 84 - 86 - 87 - 90 - 91 - 94 - 95 - 96 - 97 - 98 - 99 - 100 - 103 - 105 - 107 - 108 - 109 - 110 - 111 - 114 - 115 - 116 - 118 - 123 - 124 - 125 - 128 - 131 - 132 - 135 - 137 - 142 - 144 - 145 - 146 - 147 - 148 - 150 - 151 - 152 - 154 - 155 - 158 - 159 - 160 - 163 - 164 - 166 - 167 - 174 - 175 - 178 - 179 - 180 - 181 - 184 - 185 - 187 - 188 - 189 - 190 - 192 - 193 - 195 - 203 - 204 - 210 - 211 - 212 - 214 - 216 - 217 - 218 - 221 - 225 - 228 - 229 - 230 - 231 - 233 - 235 - 238 - 242 - 246 - 254 - 255 - 257 - 259 - 262 - 266 - 267 - 268 - 270 - 274 - 276 - 277 - 280 - 281 - 283 - 284 - 288 - 289 - 290 - 292 - 294 - 295 - 297 - 299 - 300 - 301 - 302 - 305 - 306 - 309 - 311 - 312 - 316 - 322 - 323 - 324 - 325 - 327 - 328 - 329 - 331 - 333 - 337 - 338 - 343 - 344 - 347 - 349 - 354 - 355 - 356 - 360 - 362 - 363 - 364 - 366 - 369 - 370 - 372 - 373 - 374 - 375 - 377 - 379 - 382 - 384 - 385 - 388 - 389 - 390 - 392 - 393 - 397 - 400 - 402 - 404 - 405 - 406 - 409 - 411 - 413 - 416 - 418 - 419 - 420 - 421 - 424 - 426 - 427 - 428 - 429 - 430 - 432 - 434 - 435 - 438 - 440 - 441 - 442 - 450 - 454 - 456 - 460 - 463 - 464 - 469 - 470 - 472 - 474 - 476 - 477 - 480 - 481 - 485 - 488 - 490 - 492 - 494 - 495 - 496,14137027.9,0.0,65488,71287,79.24,Cost: 65488 & Capacity: 71287
0 - 4 - 9 - 10 - 13 - 16 - 17 - 20 - 21 - 36 - 37 - 38 - 42 - 44 - 45 - 50 - 51 - 53 - 54 - 56 - 60 - 61 - 62 - 63 - 64 - 65 - 67 - 68 - 69 - 71 - 72 - 75 - 78 - 80 - 84 - 86 - 87 - 90 - 91 - 94 - 95 - 96 - 97 - 98 - 99 - 100 - 103 - 105 - 107 - 108 - 109 - 110 - 111 - 114 - 115 - 116 - 118 - 123 - 124 - 125 - 128 - 131 - 132 - 135 - 137 - 142 - 144 - 145 - 146 - 147 - 148 - 151 - 152 - 154 - 155 - 158 - 159 - 160 - 163 - 164 - 166 - 167 - 174 - 175 - 178 - 179 - 180 - 181 - 184 - 185 - 187 - 188 - 189 - 190 - 192 - 193 - 195 - 203 - 204 - 210 - 211 - 212 - 214 - 216 - 217 - 218 - 221 - 225 - 228 - 229 - 230 - 231 - 233 - 235 - 238 - 239 - 242 - 246 - 254 - 255 - 257 - 259 - 262 - 266 - 267 - 268 - 270 - 276 - 277 - 280 - 281 - 283 - 284 - 288 - 289 - 290 - 292 - 294 - 295 - 297 - 299 - 300 - 301 - 302 - 305 - 306 - 309 - 311 - 312 - 316 - 322 - 323 - 324 - 325 - 327 - 328 - 329 - 331 - 333 - 337 - 338 - 343 - 344 - 347 - 349 - 354 - 355 - 356 - 360 - 362 - 363 - 364 - 366 - 369 - 370 - 372 - 373 - 374 - 375 - 377 - 379 - 382 - 384 - 385 - 388 - 389 - 390 - 392 - 393 - 397 - 400 - 402 - 404 - 405 - 406 - 409 - 411 - 413 - 416 - 418 - 419 - 420 - 421 - 424 - 426 - 427 - 428 - 429 - 430 - 432 - 434 - 435 - 438 - 440 - 441 - 442 - 450 - 454 - 456 - 460 - 463 - 464 - 469 - 470 - 472 - 474 - 476 - 477 - 480 - 481 - 485 - 488 - 490 - 492 - 494 - 495 - 496,14132482.5,0.0,65506,71256,79.53,Cost: 65506 & Capacity: 71256
0 - 4 - 9 - 10 - 13 - 16 - 17 - 20 - 21 - 36 - 37 - 38 - 42 - 44 - 45 - 50 - 51 - 53 - 54 - 56 - 60 - 61 - 62 - 63 - 64 - 65 - 67 - 68 - 69 - 71 - 72 - 75 - 78 - 80 - 84 - 86 - 87 - 90 - 91 - 94 - 95 - 96 - 97 - 98 - 99 - 100 - 103 - 105 - 107 - 108 - 109 - 110 - 111 - 114 - 115 - 116 - 118 - 123 - 124 - 125 - 128 - 131 - 132 - 135 - 137 - 142 - 144 - 145 - 146 - 147 - 148 - 151 - 152 - 154 - 155 - 158 - 159 - 160 - 163 - 164 - 166 - 167 - 174 - 175 - 178 - 179 - 180 - 181 - 184 - 185 - 187 - 188 - 189 - 190 - 192 - 193 - 195 - 203 - 204 - 210 - 211 - 212 - 214 - 216 - 217 - 218 - 221 - 225 - 228 - 229 - 230 - 231 - 233 - 235 - 238 - 239 - 242 - 246 - 254 - 255 - 257 - 259 - 262 - 266 - 267 - 268 - 270 - 276 - 277 - 280 - 281 - 283 - 284 - 288 - 289 - 290 - 292 - 294 - 295 - 297 - 299 - 300 - 301 - 302 - 305 - 306 - 309 - 311 - 312 - 316 - 322 - 323 - 324 - 325 - 327 - 328 - 329 - 331 - 333 - 337 - 338 - 343 - 344 - 347 - 349 - 354 - 355 - 356 - 360 - 362 - 363 - 364 - 366 - 369 - 370 - 372 - 373 - 374 - 375 - 377 - 379 - 382 - 384 - 385 - 388 - 389 - 390 - 392 - 393 - 397 - 400 - 402 - 404 - 405 - 406 - 409 - 411 - 413 - 416 - 418 - 419 - 420 - 421 - 424 - 426 - 427 - 428 - 429 - 430 - 432 - 434 - 435 - 438 - 440 - 441 - 442 - 450 - 454 - 456 - 460 - 463 - 464 - 469 - 470 - 472 - 474 - 476 - 477 - 480 - 481 - 485 - 488 - 490 - 492 - 494 - 495 - 496,14132482.5,0.0,65506,71256,79.73,Cost: 65506 & Capacity: 71256
