Nodes,MaxSum,MaxMin,Cost,Capacity,Time,Constraint values
12 - 22 - 23 - 27 - 31 - 34 - 41 - 47 - 49 - 52 - 56 - 59 - 69 - 70 - 74 - 75 - 97 - 104 - 108 - 112 - 116 - 117 - 123 - 130 - 134 - 151 - 155 - 175 - 179 - 184 - 191 - 197 - 210 - 220 - 225 - 227 - 230 - 244 - 252 - 263 - 266 - 271 - 272 - 274 - 283 - 287 - 288 - 292 - 298 - 303 - 316 - 321 - 322 - 324 - 343 - 348 - 352 - 353 - 357 - 367 - 369 - 374 - 376 - 384 - 404 - 406 - 408 - 409 - 414 - 415 - 422 - 427 - 432 - 443 - 446 - 449 - 453 - 455 - 456 - 458 - 461 - 462 - 465 - 468 - 470 - 473 - 474 - 494,2012864.5,31.4,59407,52768,0.42,Cost: 59407 & Capacity: 52768
3 - 4 - 8 - 17 - 35 - 41 - 43 - 48 - 49 - 51 - 53 - 54 - 60 - 63 - 66 - 67 - 69 - 70 - 75 - 81 - 84 - 89 - 91 - 99 - 104 - 109 - 114 - 124 - 130 - 136 - 139 - 141 - 144 - 159 - 163 - 188 - 210 - 214 - 217 - 220 - 221 - 227 - 228 - 233 - 236 - 239 - 244 - 267 - 268 - 270 - 274 - 279 - 283 - 288 - 292 - 298 - 300 - 303 - 309 - 312 - 316 - 322 - 327 - 339 - 343 - 346 - 348 - 350 - 351 - 352 - 354 - 357 - 373 - 384 - 395 - 403 - 405 - 406 - 409 - 426 - 428 - 435 - 436 - 438 - 441 - 443 - 451 - 455 - 459 - 467 - 470 - 473 - 475 - 488 - 493 - 494 - 497,2449077.7,29.7,60761,52271,2.6,Cost: 60761 & Capacity: 52271
0 - 1 - 21 - 22 - 26 - 31 - 33 - 41 - 43 - 50 - 52 - 54 - 55 - 60 - 61 - 62 - 63 - 66 - 69 - 70 - 75 - 81 - 84 - 89 - 104 - 114 - 116 - 117 - 122 - 128 - 137 - 139 - 141 - 144 - 151 - 156 - 157 - 158 - 159 - 169 - 173 - 178 - 181 - 185 - 189 - 207 - 210 - 214 - 217 - 220 - 224 - 228 - 229 - 230 - 238 - 244 - 255 - 259 - 263 - 264 - 270 - 271 - 274 - 280 - 282 - 283 - 288 - 289 - 292 - 298 - 301 - 303 - 313 - 324 - 325 - 336 - 339 - 343 - 347 - 348 - 356 - 357 - 358 - 369 - 378 - 379 - 383 - 393 - 395 - 401 - 409 - 414 - 416 - 422 - 429 - 432 - 435 - 441 - 443 - 448 - 451 - 457 - 460 - 462 - 465 - 468 - 470 - 485 - 488 - 489,3173729.7,22.4,59081,55265,3.27,Cost: 59081 & Capacity: 55265
0 - 1 - 18 - 21 - 22 - 26 - 31 - 33 - 41 - 43 - 50 - 52 - 54 - 55 - 60 - 61 - 62 - 63 - 66 - 69 - 70 - 75 - 81 - 84 - 89 - 104 - 114 - 116 - 117 - 122 - 128 - 137 - 139 - 141 - 144 - 151 - 156 - 157 - 158 - 159 - 169 - 173 - 178 - 181 - 185 - 189 - 207 - 210 - 214 - 217 - 220 - 224 - 228 - 229 - 230 - 238 - 244 - 255 - 259 - 263 - 264 - 270 - 271 - 274 - 280 - 282 - 283 - 288 - 289 - 292 - 298 - 301 - 303 - 313 - 316 - 324 - 325 - 336 - 339 - 343 - 347 - 348 - 356 - 357 - 358 - 369 - 378 - 379 - 383 - 393 - 395 - 401 - 406 - 409 - 414 - 416 - 422 - 429 - 432 - 435 - 441 - 443 - 448 - 451 - 454 - 457 - 460 - 462 - 465 - 468 - 470 - 485 - 488 - 489,3407529.8,20.4,60752,56601,3.27,Cost: 60752 & Capacity: 56601
5 - 8 - 10 - 12 - 14 - 18 - 23 - 26 - 30 - 33 - 40 - 41 - 51 - 59 - 60 - 64 - 70 - 74 - 75 - 83 - 90 - 100 - 109 - 111 - 115 - 119 - 128 - 133 - 137 - 139 - 145 - 146 - 151 - 163 - 168 - 173 - 185 - 186 - 187 - 191 - 193 - 201 - 208 - 210 - 214 - 216 - 217 - 219 - 224 - 228 - 244 - 250 - 254 - 256 - 257 - 260 - 261 - 264 - 265 - 267 - 270 - 274 - 277 - 280 - 283 - 284 - 286 - 291 - 305 - 306 - 311 - 312 - 313 - 315 - 316 - 319 - 326 - 337 - 348 - 358 - 371 - 377 - 382 - 384 - 386 - 390 - 398 - 404 - 405 - 408 - 414 - 416 - 420 - 429 - 430 - 431 - 434 - 438 - 440 - 442 - 443 - 446 - 459 - 462 - 463 - 464 - 466 - 470 - 484 - 488 - 490,3171620.4,22.9,59284,54188,4.73,Cost: 59284 & Capacity: 54188
5 - 8 - 10 - 12 - 14 - 18 - 23 - 26 - 30 - 33 - 40 - 41 - 51 - 59 - 60 - 64 - 70 - 74 - 75 - 83 - 90 - 100 - 109 - 111 - 115 - 119 - 128 - 133 - 137 - 139 - 145 - 146 - 151 - 163 - 168 - 173 - 185 - 186 - 187 - 191 - 193 - 201 - 208 - 210 - 213 - 214 - 216 - 217 - 219 - 224 - 228 - 244 - 250 - 254 - 256 - 257 - 260 - 261 - 264 - 265 - 267 - 270 - 274 - 277 - 280 - 283 - 284 - 286 - 291 - 305 - 306 - 311 - 312 - 313 - 315 - 316 - 319 - 326 - 337 - 348 - 352 - 358 - 371 - 377 - 382 - 384 - 386 - 390 - 398 - 404 - 405 - 408 - 414 - 416 - 420 - 429 - 430 - 431 - 434 - 438 - 440 - 442 - 443 - 446 - 459 - 462 - 463 - 464 - 466 - 470 - 484 - 488 - 490 - 494,3345237.3,21.6,60808,56040,4.73,Cost: 60808 & Capacity: 56040
5 - 8 - 10 - 12 - 14 - 18 - 23 - 26 - 30 - 33 - 40 - 41 - 51 - 59 - 60 - 64 - 70 - 74 - 75 - 83 - 90 - 100 - 109 - 111 - 115 - 119 - 128 - 133 - 137 - 139 - 145 - 146 - 151 - 163 - 165 - 168 - 173 - 185 - 186 - 187 - 191 - 193 - 201 - 208 - 210 - 213 - 214 - 216 - 217 - 219 - 224 - 228 - 244 - 250 - 254 - 256 - 257 - 260 - 261 - 264 - 265 - 267 - 270 - 274 - 277 - 280 - 283 - 284 - 286 - 291 - 305 - 306 - 311 - 312 - 313 - 315 - 316 - 319 - 326 - 337 - 348 - 352 - 358 - 371 - 377 - 382 - 384 - 386 - 390 - 398 - 404 - 405 - 408 - 414 - 416 - 420 - 429 - 430 - 431 - 434 - 438 - 440 - 442 - 443 - 446 - 459 - 462 - 463 - 464 - 466 - 470 - 484 - 488 - 490 - 494,3399755.7,21.4,61197,56432,4.73,Cost: 61197 & Capacity: 56432
3 - 4 - 13 - 22 - 23 - 33 - 34 - 41 - 49 - 50 - 52 - 60 - 67 - 69 - 73 - 74 - 75 - 81 - 98 - 112 - 117 - 122 - 125 - 131 - 136 - 141 - 147 - 151 - 153 - 158 - 175 - 177 - 179 - 181 - 197 - 210 - 215 - 219 - 220 - 240 - 244 - 248 - 261 - 264 - 265 - 273 - 280 - 281 - 282 - 283 - 288 - 292 - 296 - 299 - 303 - 308 - 310 - 313 - 318 - 319 - 321 - 324 - 336 - 339 - 347 - 348 - 352 - 355 - 357 - 361 - 369 - 374 - 376 - 378 - 379 - 381 - 382 - 406 - 414 - 431 - 438 - 443 - 451 - 454 - 456 - 459 - 460 - 465 - 467 - 471 - 474 - 488 - 489 - 494,2312329.9,30.8,59442,52730,11.79,Cost: 59442 & Capacity: 52730
3 - 4 - 13 - 22 - 23 - 33 - 34 - 41 - 49 - 50 - 52 - 60 - 67 - 69 - 73 - 74 - 75 - 81 - 98 - 112 - 117 - 122 - 125 - 131 - 136 - 141 - 147 - 151 - 153 - 158 - 175 - 177 - 179 - 181 - 197 - 210 - 215 - 219 - 220 - 240 - 244 - 248 - 261 - 264 - 265 - 273 - 280 - 281 - 282 - 283 - 288 - 292 - 296 - 299 - 303 - 308 - 310 - 313 - 318 - 319 - 321 - 324 - 336 - 339 - 347 - 348 - 352 - 355 - 357 - 361 - 369 - 374 - 376 - 378 - 379 - 381 - 382 - 406 - 414 - 431 - 438 - 443 - 451 - 454 - 456 - 459 - 460 - 465 - 467 - 471 - 474 - 488 - 489 - 494 - 497,2356924.5,30.1,60425,53516,11.79,Cost: 60425 & Capacity: 53516
3 - 4 - 13 - 22 - 23 - 33 - 34 - 41 - 49 - 50 - 52 - 60 - 67 - 69 - 73 - 74 - 75 - 81 - 98 - 112 - 117 - 122 - 125 - 131 - 136 - 141 - 147 - 151 - 153 - 158 - 175 - 177 - 179 - 181 - 197 - 210 - 215 - 219 - 220 - 230 - 240 - 244 - 248 - 261 - 264 - 265 - 273 - 280 - 281 - 282 - 283 - 288 - 292 - 296 - 299 - 303 - 308 - 310 - 313 - 318 - 319 - 321 - 324 - 336 - 339 - 347 - 348 - 352 - 355 - 357 - 361 - 369 - 374 - 376 - 378 - 379 - 381 - 382 - 406 - 414 - 431 - 438 - 443 - 451 - 454 - 456 - 459 - 460 - 465 - 467 - 471 - 474 - 488 - 489 - 494 - 497,2406363.9,30.0,60786,53862,11.79,Cost: 60786 & Capacity: 53862
6 - 11 - 12 - 14 - 23 - 33 - 49 - 51 - 54 - 56 - 73 - 82 - 84 - 89 - 96 - 101 - 109 - 116 - 124 - 125 - 127 - 128 - 135 - 137 - 139 - 141 - 143 - 148 - 151 - 152 - 156 - 157 - 160 - 171 - 176 - 180 - 185 - 187 - 197 - 210 - 213 - 216 - 220 - 221 - 224 - 230 - 233 - 234 - 245 - 253 - 255 - 258 - 260 - 263 - 264 - 270 - 285 - 308 - 324 - 326 - 327 - 332 - 335 - 336 - 339 - 341 - 346 - 348 - 351 - 356 - 364 - 369 - 375 - 384 - 391 - 392 - 399 - 404 - 408 - 414 - 420 - 425 - 426 - 431 - 433 - 435 - 439 - 440 - 441 - 443 - 446 - 448 - 451 - 455 - 462 - 469 - 477 - 484 - 493 - 497 - 498,2661946.2,27.9,57393,52522,15.01,Cost: 57393 & Capacity: 52522
0 - 1 - 5 - 7 - 16 - 21 - 22 - 24 - 28 - 30 - 42 - 50 - 54 - 55 - 63 - 64 - 66 - 67 - 74 - 82 - 84 - 93 - 96 - 99 - 103 - 108 - 114 - 115 - 121 - 124 - 126 - 128 - 138 - 139 - 141 - 142 - 143 - 145 - 160 - 165 - 166 - 171 - 174 - 175 - 177 - 183 - 185 - 186 - 193 - 195 - 201 - 208 - 211 - 212 - 219 - 222 - 224 - 225 - 230 - 234 - 235 - 242 - 244 - 245 - 247 - 250 - 255 - 256 - 257 - 260 - 265 - 266 - 270 - 274 - 279 - 281 - 283 - 286 - 301 - 309 - 310 - 311 - 313 - 318 - 319 - 326 - 338 - 340 - 342 - 343 - 351 - 354 - 358 - 363 - 369 - 372 - 374 - 378 - 380 - 381 - 387 - 388 - 393 - 404 - 406 - 408 - 416 - 425 - 426 - 436 - 438 - 440 - 452 - 458 - 459 - 462 - 463 - 466 - 470 - 476 - 483 - 484 - 487 - 491 - 494 - 497,4060726.9,17.3,60274,53533,16.6,Cost: 60274 & Capacity: 53533
0 - 1 - 5 - 7 - 16 - 21 - 22 - 24 - 28 - 30 - 42 - 50 - 54 - 55 - 63 - 64 - 66 - 67 - 74 - 82 - 84 - 93 - 96 - 99 - 103 - 108 - 114 - 115 - 121 - 124 - 126 - 128 - 138 - 139 - 141 - 142 - 143 - 145 - 160 - 165 - 166 - 171 - 174 - 175 - 177 - 183 - 185 - 186 - 192 - 193 - 195 - 201 - 208 - 211 - 212 - 219 - 222 - 224 - 225 - 230 - 234 - 235 - 242 - 244 - 245 - 247 - 250 - 255 - 256 - 257 - 260 - 265 - 266 - 270 - 274 - 279 - 281 - 283 - 286 - 301 - 309 - 310 - 311 - 313 - 318 - 319 - 326 - 338 - 340 - 342 - 343 - 351 - 354 - 358 - 363 - 369 - 372 - 374 - 378 - 380 - 381 - 387 - 388 - 393 - 404 - 406 - 408 - 416 - 425 - 426 - 436 - 438 - 440 - 452 - 458 - 459 - 462 - 463 - 466 - 470 - 476 - 483 - 484 - 487 - 491 - 494 - 497,4128747.2,16.9,60574,53901,16.6,Cost: 60574 & Capacity: 53901
4 - 10 - 14 - 18 - 27 - 34 - 49 - 50 - 52 - 55 - 63 - 64 - 68 - 70 - 73 - 77 - 79 - 81 - 85 - 90 - 96 - 105 - 109 - 113 - 114 - 117 - 123 - 133 - 135 - 143 - 147 - 149 - 151 - 152 - 153 - 154 - 156 - 168 - 173 - 174 - 181 - 189 - 196 - 198 - 209 - 212 - 220 - 229 - 232 - 233 - 234 - 235 - 245 - 248 - 251 - 255 - 257 - 259 - 265 - 267 - 269 - 274 - 275 - 279 - 280 - 281 - 283 - 284 - 293 - 295 - 297 - 306 - 312 - 318 - 331 - 335 - 339 - 348 - 352 - 365 - 367 - 374 - 375 - 376 - 381 - 391 - 400 - 403 - 415 - 416 - 420 - 435 - 436 - 437 - 439 - 448 - 449 - 451 - 457 - 459 - 461 - 466 - 480 - 488 - 490 - 492 - 496,2949651.3,24.7,60345,53488,21.81,Cost: 60345 & Capacity: 53488
4 - 10 - 14 - 18 - 23 - 27 - 34 - 49 - 50 - 52 - 55 - 63 - 64 - 68 - 70 - 73 - 77 - 79 - 81 - 85 - 90 - 96 - 105 - 109 - 113 - 114 - 117 - 123 - 133 - 135 - 143 - 147 - 149 - 151 - 152 - 153 - 154 - 156 - 168 - 173 - 174 - 181 - 189 - 196 - 198 - 209 - 212 - 220 - 229 - 232 - 233 - 234 - 235 - 245 - 248 - 251 - 255 - 257 - 259 - 265 - 267 - 269 - 274 - 275 - 279 - 280 - 281 - 283 - 284 - 293 - 295 - 297 - 306 - 312 - 318 - 331 - 335 - 339 - 348 - 352 - 365 - 367 - 374 - 375 - 376 - 381 - 391 - 400 - 403 - 415 - 416 - 420 - 435 - 436 - 437 - 439 - 448 - 449 - 451 - 457 - 459 - 461 - 466 - 480 - 488 - 490 - 492 - 496,3004428.8,24.5,60951,54112,21.81,Cost: 60951 & Capacity: 54112
4 - 10 - 14 - 18 - 23 - 27 - 34 - 49 - 50 - 52 - 55 - 63 - 64 - 68 - 70 - 73 - 77 - 79 - 81 - 85 - 90 - 96 - 105 - 109 - 113 - 114 - 117 - 123 - 133 - 135 - 143 - 147 - 149 - 151 - 152 - 153 - 154 - 156 - 168 - 173 - 174 - 181 - 189 - 196 - 198 - 209 - 212 - 220 - 229 - 232 - 233 - 234 - 235 - 245 - 248 - 251 - 255 - 257 - 259 - 265 - 267 - 269 - 274 - 275 - 279 - 280 - 281 - 283 - 284 - 293 - 295 - 297 - 306 - 312 - 318 - 331 - 335 - 339 - 348 - 352 - 365 - 367 - 374 - 375 - 376 - 381 - 391 - 400 - 403 - 415 - 416 - 420 - 435 - 436 - 437 - 439 - 447 - 448 - 449 - 451 - 457 - 459 - 461 - 466 - 480 - 488 - 490 - 492 - 496,3058741.0,24.4,61239,54288,21.81,Cost: 61239 & Capacity: 54288
10 - 17 - 27 - 30 - 54 - 63 - 70 - 82 - 88 - 107 - 111 - 116 - 117 - 128 - 136 - 138 - 150 - 151 - 158 - 163 - 168 - 174 - 175 - 177 - 181 - 184 - 196 - 197 - 210 - 214 - 225 - 233 - 235 - 242 - 245 - 246 - 251 - 264 - 266 - 267 - 271 - 273 - 280 - 283 - 285 - 292 - 301 - 312 - 313 - 318 - 332 - 334 - 339 - 343 - 347 - 356 - 359 - 374 - 375 - 379 - 380 - 382 - 385 - 394 - 401 - 404 - 408 - 414 - 419 - 424 - 425 - 430 - 431 - 432 - 435 - 440 - 446 - 449 - 460 - 466 - 469 - 470 - 473 - 477 - 479 - 490 - 491,1974527.0,32.5,55966,52507,22.57,Cost: 55966 & Capacity: 52507
10 - 17 - 27 - 30 - 33 - 54 - 63 - 70 - 82 - 88 - 107 - 111 - 116 - 117 - 128 - 136 - 138 - 150 - 151 - 158 - 163 - 168 - 174 - 175 - 177 - 181 - 184 - 196 - 197 - 210 - 214 - 225 - 233 - 235 - 242 - 245 - 246 - 251 - 264 - 266 - 267 - 271 - 273 - 280 - 283 - 285 - 292 - 301 - 312 - 313 - 318 - 332 - 334 - 339 - 343 - 347 - 356 - 359 - 374 - 375 - 379 - 380 - 382 - 385 - 394 - 401 - 404 - 408 - 414 - 419 - 424 - 425 - 430 - 431 - 432 - 435 - 440 - 446 - 449 - 460 - 466 - 469 - 470 - 473 - 477 - 479 - 490 - 491,2023595.7,31.2,56601,53119,22.57,Cost: 56601 & Capacity: 53119
5 - 6 - 10 - 14 - 18 - 30 - 33 - 36 - 50 - 65 - 67 - 68 - 69 - 70 - 75 - 81 - 89 - 105 - 114 - 117 - 119 - 122 - 124 - 128 - 134 - 139 - 144 - 145 - 147 - 151 - 153 - 156 - 160 - 168 - 173 - 175 - 181 - 184 - 186 - 197 - 201 - 204 - 207 - 214 - 215 - 216 - 217 - 222 - 224 - 230 - 233 - 234 - 235 - 240 - 244 - 255 - 256 - 261 - 265 - 267 - 270 - 272 - 273 - 281 - 283 - 284 - 292 - 293 - 297 - 298 - 309 - 310 - 312 - 313 - 318 - 332 - 334 - 340 - 348 - 349 - 351 - 355 - 356 - 360 - 375 - 378 - 383 - 391 - 394 - 398 - 403 - 404 - 408 - 413 - 414 - 415 - 416 - 418 - 420 - 427 - 445 - 447 - 448 - 449 - 450 - 451 - 456 - 463 - 466 - 467 - 471 - 480 - 485 - 486 - 491 - 492 - 493,3512157.4,19.9,60283,55797,24.03,Cost: 60283 & Capacity: 55797
5 - 6 - 10 - 14 - 16 - 18 - 30 - 33 - 36 - 50 - 65 - 67 - 68 - 69 - 70 - 75 - 81 - 89 - 105 - 114 - 117 - 119 - 122 - 124 - 128 - 134 - 139 - 144 - 145 - 147 - 151 - 153 - 156 - 160 - 168 - 173 - 175 - 181 - 184 - 186 - 197 - 201 - 204 - 207 - 214 - 215 - 216 - 217 - 222 - 224 - 230 - 233 - 234 - 235 - 240 - 244 - 255 - 256 - 261 - 265 - 267 - 270 - 272 - 273 - 281 - 283 - 284 - 292 - 293 - 297 - 298 - 309 - 310 - 312 - 313 - 318 - 332 - 334 - 340 - 348 - 349 - 351 - 355 - 356 - 360 - 375 - 378 - 383 - 388 - 391 - 394 - 398 - 403 - 404 - 408 - 413 - 414 - 415 - 416 - 418 - 420 - 427 - 445 - 447 - 448 - 449 - 450 - 451 - 456 - 463 - 466 - 467 - 471 - 480 - 485 - 486 - 491 - 492 - 493,3621566.2,19.2,60922,56310,24.03,Cost: 60922 & Capacity: 56310
0 - 1 - 7 - 11 - 13 - 14 - 15 - 16 - 18 - 21 - 22 - 26 - 28 - 30 - 34 - 35 - 38 - 39 - 43 - 44 - 45 - 47 - 49 - 51 - 52 - 55 - 56 - 60 - 65 - 67 - 68 - 73 - 75 - 80 - 81 - 84 - 85 - 87 - 93 - 96 - 100 - 101 - 103 - 105 - 109 - 112 - 114 - 118 - 120 - 121 - 123 - 124 - 126 - 129 - 133 - 136 - 137 - 138 - 141 - 143 - 146 - 148 - 151 - 152 - 154 - 157 - 158 - 163 - 169 - 170 - 173 - 180 - 181 - 182 - 184 - 185 - 186 - 188 - 189 - 190 - 191 - 192 - 193 - 195 - 197 - 201 - 206 - 211 - 213 - 215 - 216 - 218 - 219 - 222 - 223 - 226 - 227 - 228 - 229 - 233 - 235 - 238 - 239 - 243 - 244 - 245 - 247 - 250 - 254 - 255 - 256 - 257 - 258 - 259 - 262 - 263 - 264 - 265 - 266 - 270 - 278 - 279 - 281 - 284 - 286 - 290 - 291 - 295 - 297 - 298 - 299 - 300 - 301 - 303 - 307 - 316 - 318 - 319 - 320 - 331 - 332 - 333 - 334 - 336 - 337 - 342 - 345 - 346 - 348 - 350 - 362 - 366 - 369 - 372 - 375 - 378 - 379 - 381 - 389 - 391 - 393 - 394 - 397 - 398 - 399 - 400 - 404 - 409 - 410 - 412 - 416 - 418 - 420 - 421 - 425 - 433 - 437 - 441 - 442 - 446 - 447 - 450 - 451 - 454 - 456 - 457 - 458 - 462 - 466 - 468 - 472 - 478 - 483 - 484 - 486 - 487 - 488 - 493 - 494 - 495 - 496 - 498 - 499,10282960.0,3.6,60887,62912,24.52,Cost: 60887 & Capacity: 62912
7 - 9 - 11 - 13 - 14 - 15 - 16 - 18 - 21 - 22 - 26 - 27 - 28 - 30 - 34 - 35 - 38 - 39 - 43 - 45 - 47 - 48 - 49 - 50 - 52 - 54 - 55 - 56 - 58 - 60 - 61 - 64 - 65 - 67 - 68 - 70 - 73 - 76 - 80 - 81 - 84 - 85 - 87 - 88 - 93 - 94 - 96 - 97 - 101 - 103 - 104 - 105 - 108 - 110 - 111 - 112 - 114 - 115 - 117 - 120 - 121 - 123 - 124 - 126 - 129 - 133 - 136 - 137 - 138 - 141 - 142 - 143 - 146 - 148 - 149 - 151 - 152 - 156 - 157 - 160 - 161 - 162 - 163 - 165 - 167 - 168 - 169 - 170 - 172 - 173 - 175 - 180 - 182 - 185 - 186 - 187 - 189 - 190 - 192 - 193 - 194 - 195 - 196 - 201 - 206 - 207 - 211 - 212 - 216 - 217 - 218 - 219 - 222 - 223 - 226 - 227 - 228 - 230 - 232 - 233 - 235 - 239 - 243 - 244 - 245 - 247 - 248 - 250 - 251 - 254 - 255 - 256 - 257 - 258 - 259 - 260 - 262 - 264 - 265 - 270 - 278 - 279 - 280 - 281 - 283 - 286 - 289 - 290 - 291 - 292 - 295 - 297 - 298 - 299 - 300 - 301 - 303 - 307 - 309 - 310 - 311 - 314 - 315 - 319 - 330 - 331 - 332 - 337 - 340 - 341 - 342 - 345 - 346 - 348 - 350 - 354 - 356 - 358 - 360 - 362 - 366 - 370 - 371 - 372 - 375 - 378 - 379 - 381 - 384 - 387 - 388 - 389 - 391 - 392 - 393 - 397 - 398 - 400 - 401 - 408 - 410 - 413 - 416 - 418 - 420 - 421 - 425 - 429 - 433 - 436 - 438 - 440 - 441 - 442 - 445 - 446 - 447 - 450 - 451 - 453 - 454 - 456 - 457 - 458 - 460 - 466 - 468 - 472 - 478 - 482 - 483 - 484 - 485 - 486 - 487 - 488 - 493 - 494 - 496 - 498 - 499,14379602.1,0.1,60474,70506,25.72,Cost: 60474 & Capacity: 70506
7 - 9 - 11 - 13 - 14 - 15 - 16 - 18 - 21 - 22 - 26 - 27 - 28 - 30 - 34 - 35 - 38 - 39 - 43 - 45 - 47 - 48 - 49 - 50 - 52 - 54 - 55 - 56 - 58 - 60 - 61 - 64 - 65 - 67 - 68 - 70 - 73 - 76 - 80 - 81 - 84 - 85 - 87 - 88 - 93 - 94 - 96 - 97 - 101 - 103 - 104 - 105 - 108 - 110 - 111 - 112 - 114 - 115 - 117 - 120 - 121 - 123 - 124 - 126 - 129 - 133 - 136 - 137 - 138 - 141 - 142 - 143 - 146 - 148 - 149 - 151 - 152 - 156 - 157 - 160 - 161 - 162 - 163 - 165 - 167 - 168 - 169 - 170 - 172 - 173 - 175 - 180 - 182 - 185 - 186 - 187 - 189 - 190 - 192 - 193 - 194 - 195 - 196 - 201 - 206 - 207 - 211 - 212 - 216 - 217 - 218 - 219 - 222 - 223 - 226 - 227 - 228 - 230 - 232 - 233 - 235 - 239 - 243 - 244 - 245 - 247 - 248 - 250 - 251 - 254 - 255 - 256 - 257 - 258 - 259 - 260 - 262 - 264 - 265 - 270 - 278 - 279 - 280 - 281 - 283 - 286 - 289 - 290 - 291 - 292 - 295 - 297 - 298 - 299 - 300 - 301 - 303 - 307 - 309 - 310 - 311 - 314 - 315 - 319 - 330 - 331 - 332 - 337 - 340 - 341 - 342 - 345 - 346 - 348 - 350 - 354 - 356 - 358 - 360 - 362 - 366 - 370 - 371 - 372 - 375 - 378 - 379 - 381 - 384 - 387 - 388 - 389 - 391 - 392 - 393 - 397 - 398 - 400 - 401 - 408 - 410 - 413 - 416 - 418 - 420 - 421 - 425 - 429 - 433 - 436 - 437 - 438 - 440 - 441 - 442 - 445 - 446 - 447 - 450 - 451 - 453 - 454 - 456 - 457 - 458 - 460 - 466 - 468 - 472 - 478 - 482 - 483 - 484 - 485 - 486 - 487 - 488 - 493 - 494 - 496 - 498 - 499,14495617.3,0.1,60950,71012,25.72,Cost: 60950 & Capacity: 71012
1 - 7 - 10 - 13 - 14 - 15 - 21 - 22 - 23 - 26 - 27 - 28 - 30 - 34 - 39 - 43 - 44 - 47 - 49 - 51 - 52 - 56 - 60 - 64 - 65 - 68 - 75 - 80 - 81 - 89 - 93 - 94 - 96 - 101 - 102 - 103 - 104 - 105 - 109 - 112 - 114 - 116 - 118 - 121 - 123 - 124 - 129 - 130 - 136 - 137 - 143 - 144 - 145 - 148 - 151 - 152 - 154 - 157 - 158 - 161 - 163 - 173 - 180 - 181 - 182 - 185 - 189 - 192 - 193 - 197 - 210 - 211 - 212 - 213 - 217 - 219 - 222 - 226 - 228 - 229 - 232 - 233 - 234 - 235 - 239 - 243 - 244 - 247 - 248 - 254 - 255 - 256 - 257 - 258 - 259 - 262 - 265 - 268 - 270 - 275 - 278 - 279 - 280 - 281 - 284 - 290 - 292 - 297 - 299 - 300 - 303 - 311 - 318 - 319 - 324 - 328 - 332 - 333 - 336 - 342 - 345 - 346 - 348 - 352 - 358 - 362 - 366 - 369 - 370 - 372 - 377 - 378 - 380 - 381 - 383 - 391 - 393 - 400 - 401 - 403 - 404 - 416 - 418 - 421 - 423 - 425 - 426 - 437 - 441 - 442 - 450 - 451 - 454 - 456 - 457 - 458 - 462 - 466 - 468 - 469 - 478 - 479 - 482 - 493 - 494 - 495 - 496 - 498 - 499,7174595.5,9.4,61176,62735,6.33,Cost: 61176 & Capacity: 62735
1 - 7 - 10 - 13 - 14 - 21 - 22 - 23 - 26 - 27 - 30 - 34 - 43 - 44 - 47 - 49 - 52 - 56 - 60 - 64 - 65 - 68 - 69 - 75 - 80 - 81 - 85 - 89 - 93 - 94 - 101 - 102 - 103 - 104 - 105 - 109 - 112 - 116 - 118 - 121 - 123 - 124 - 130 - 136 - 137 - 143 - 144 - 145 - 148 - 151 - 152 - 154 - 157 - 158 - 161 - 163 - 173 - 180 - 181 - 182 - 185 - 189 - 192 - 193 - 197 - 211 - 213 - 219 - 222 - 226 - 228 - 229 - 232 - 233 - 234 - 235 - 239 - 243 - 244 - 247 - 248 - 254 - 255 - 256 - 257 - 258 - 259 - 262 - 263 - 265 - 268 - 270 - 275 - 278 - 279 - 281 - 283 - 284 - 290 - 292 - 297 - 299 - 300 - 303 - 305 - 308 - 311 - 318 - 319 - 324 - 328 - 329 - 332 - 333 - 334 - 336 - 339 - 341 - 342 - 343 - 345 - 346 - 348 - 358 - 362 - 366 - 369 - 370 - 372 - 377 - 378 - 380 - 381 - 391 - 393 - 400 - 401 - 403 - 404 - 416 - 418 - 419 - 420 - 421 - 425 - 426 - 437 - 441 - 442 - 450 - 451 - 454 - 456 - 457 - 458 - 462 - 466 - 468 - 478 - 479 - 482 - 496 - 498 - 499,6739462.8,10.4,61242,61413,6.35,Cost: 61242 & Capacity: 61413
7 - 9 - 11 - 13 - 14 - 15 - 16 - 18 - 21 - 22 - 26 - 27 - 28 - 30 - 34 - 35 - 38 - 39 - 43 - 45 - 47 - 48 - 50 - 52 - 54 - 55 - 56 - 58 - 60 - 61 - 64 - 65 - 67 - 68 - 70 - 73 - 76 - 80 - 81 - 84 - 85 - 87 - 88 - 93 - 94 - 96 - 97 - 101 - 103 - 105 - 110 - 112 - 114 - 115 - 117 - 120 - 121 - 123 - 124 - 126 - 129 - 133 - 136 - 137 - 138 - 141 - 142 - 143 - 146 - 148 - 149 - 151 - 152 - 156 - 157 - 160 - 161 - 162 - 163 - 165 - 167 - 168 - 169 - 170 - 173 - 175 - 180 - 182 - 185 - 186 - 187 - 189 - 190 - 192 - 193 - 194 - 195 - 196 - 201 - 206 - 207 - 211 - 212 - 213 - 216 - 217 - 218 - 219 - 222 - 223 - 226 - 227 - 228 - 229 - 230 - 232 - 233 - 235 - 239 - 243 - 244 - 245 - 247 - 248 - 250 - 251 - 254 - 255 - 256 - 257 - 258 - 259 - 260 - 262 - 264 - 265 - 270 - 278 - 279 - 280 - 281 - 283 - 286 - 289 - 290 - 291 - 292 - 295 - 297 - 298 - 299 - 300 - 301 - 303 - 307 - 309 - 310 - 311 - 314 - 315 - 319 - 330 - 331 - 332 - 334 - 337 - 340 - 341 - 342 - 345 - 346 - 348 - 350 - 354 - 356 - 358 - 360 - 362 - 366 - 370 - 371 - 372 - 375 - 378 - 379 - 381 - 384 - 387 - 388 - 389 - 391 - 392 - 393 - 397 - 398 - 400 - 401 - 404 - 408 - 410 - 413 - 416 - 418 - 420 - 421 - 424 - 425 - 429 - 433 - 436 - 437 - 438 - 440 - 441 - 442 - 445 - 446 - 447 - 450 - 451 - 453 - 454 - 456 - 457 - 458 - 460 - 466 - 468 - 472 - 478 - 482 - 484 - 485 - 486 - 487 - 488 - 493 - 494 - 495 - 496 - 498 - 499,14549981.9,0.1,61251,71000,7.33,Cost: 61251 & Capacity: 71000
1 - 7 - 11 - 13 - 14 - 16 - 18 - 21 - 22 - 23 - 26 - 27 - 28 - 30 - 38 - 39 - 43 - 44 - 45 - 47 - 52 - 55 - 56 - 60 - 65 - 67 - 68 - 73 - 80 - 81 - 84 - 85 - 87 - 93 - 94 - 96 - 101 - 103 - 112 - 114 - 121 - 123 - 124 - 129 - 133 - 136 - 137 - 138 - 139 - 141 - 143 - 144 - 146 - 148 - 151 - 152 - 154 - 157 - 158 - 163 - 169 - 170 - 173 - 177 - 180 - 181 - 182 - 185 - 188 - 189 - 190 - 191 - 192 - 193 - 195 - 196 - 197 - 206 - 211 - 213 - 219 - 222 - 223 - 224 - 226 - 227 - 229 - 233 - 234 - 235 - 238 - 239 - 243 - 244 - 245 - 247 - 248 - 250 - 254 - 255 - 256 - 257 - 258 - 259 - 262 - 263 - 264 - 265 - 268 - 270 - 272 - 278 - 279 - 281 - 283 - 284 - 286 - 289 - 297 - 299 - 300 - 301 - 303 - 307 - 308 - 316 - 318 - 319 - 320 - 329 - 331 - 332 - 333 - 334 - 336 - 337 - 341 - 342 - 345 - 346 - 348 - 350 - 356 - 358 - 362 - 363 - 366 - 369 - 372 - 375 - 377 - 378 - 379 - 380 - 381 - 389 - 391 - 393 - 395 - 400 - 401 - 404 - 405 - 412 - 416 - 420 - 421 - 425 - 433 - 435 - 437 - 440 - 441 - 442 - 447 - 450 - 451 - 454 - 456 - 457 - 458 - 462 - 466 - 468 - 472 - 475 - 478 - 483 - 486 - 487 - 488 - 493 - 498 - 499,9454781.8,5.1,61244,64962,8.79,Cost: 61244 & Capacity: 64962
4 - 11 - 13 - 16 - 18 - 21 - 26 - 27 - 34 - 35 - 43 - 52 - 55 - 56 - 60 - 61 - 65 - 67 - 68 - 69 - 70 - 73 - 78 - 81 - 84 - 86 - 93 - 103 - 109 - 113 - 123 - 141 - 144 - 145 - 151 - 157 - 158 - 161 - 170 - 173 - 183 - 188 - 193 - 194 - 196 - 204 - 207 - 210 - 213 - 216 - 218 - 219 - 220 - 222 - 224 - 228 - 230 - 232 - 233 - 235 - 244 - 246 - 247 - 250 - 254 - 255 - 256 - 260 - 263 - 265 - 267 - 268 - 270 - 274 - 281 - 283 - 284 - 286 - 289 - 290 - 295 - 301 - 306 - 311 - 316 - 324 - 326 - 327 - 332 - 334 - 336 - 340 - 341 - 343 - 345 - 347 - 348 - 363 - 368 - 369 - 370 - 372 - 374 - 378 - 383 - 393 - 396 - 399 - 400 - 401 - 405 - 414 - 415 - 416 - 419 - 420 - 424 - 427 - 429 - 431 - 433 - 437 - 438 - 441 - 444 - 445 - 446 - 447 - 448 - 449 - 450 - 454 - 456 - 457 - 458 - 459 - 463 - 466 - 467 - 471 - 472 - 475 - 484 - 488 - 493 - 499,5490512.4,13.5,61118,57319,9.7,Cost: 61118 & Capacity: 57319
4 - 11 - 14 - 16 - 18 - 21 - 27 - 28 - 34 - 36 - 43 - 52 - 54 - 60 - 64 - 65 - 67 - 68 - 70 - 74 - 80 - 97 - 100 - 103 - 112 - 123 - 124 - 125 - 141 - 143 - 144 - 145 - 157 - 158 - 166 - 173 - 177 - 183 - 192 - 193 - 197 - 201 - 207 - 211 - 213 - 214 - 216 - 219 - 220 - 222 - 223 - 224 - 227 - 230 - 233 - 234 - 235 - 239 - 240 - 242 - 243 - 245 - 247 - 250 - 253 - 254 - 255 - 264 - 265 - 267 - 270 - 274 - 277 - 280 - 281 - 283 - 284 - 286 - 289 - 290 - 295 - 297 - 301 - 310 - 312 - 313 - 316 - 326 - 327 - 330 - 332 - 334 - 336 - 337 - 340 - 341 - 343 - 345 - 356 - 357 - 363 - 368 - 369 - 370 - 372 - 374 - 378 - 379 - 383 - 388 - 393 - 397 - 399 - 400 - 401 - 404 - 405 - 407 - 408 - 409 - 414 - 416 - 419 - 420 - 429 - 441 - 444 - 445 - 446 - 448 - 449 - 450 - 454 - 458 - 465 - 466 - 467 - 472 - 475 - 476 - 484 - 487 - 488 - 491 - 494 - 498,5444634.8,14.0,61178,57612,11.71,Cost: 61178 & Capacity: 57612
4 - 11 - 14 - 16 - 18 - 21 - 26 - 27 - 28 - 34 - 36 - 54 - 60 - 64 - 65 - 67 - 68 - 70 - 97 - 100 - 103 - 112 - 123 - 124 - 125 - 141 - 143 - 144 - 145 - 154 - 157 - 166 - 173 - 183 - 192 - 193 - 197 - 201 - 207 - 208 - 211 - 213 - 214 - 216 - 219 - 220 - 222 - 223 - 224 - 227 - 230 - 233 - 234 - 235 - 239 - 240 - 242 - 243 - 245 - 247 - 250 - 253 - 254 - 255 - 264 - 265 - 267 - 270 - 274 - 280 - 281 - 283 - 284 - 286 - 289 - 290 - 295 - 297 - 301 - 310 - 312 - 313 - 316 - 326 - 327 - 330 - 332 - 334 - 336 - 337 - 340 - 341 - 343 - 356 - 357 - 363 - 368 - 369 - 370 - 372 - 374 - 378 - 379 - 383 - 388 - 393 - 397 - 399 - 400 - 401 - 404 - 405 - 407 - 408 - 409 - 414 - 416 - 419 - 420 - 429 - 441 - 444 - 445 - 446 - 447 - 448 - 449 - 450 - 454 - 458 - 459 - 463 - 465 - 466 - 467 - 472 - 475 - 476 - 484 - 487 - 488 - 491 - 494 - 498,5309547.5,14.7,61011,56553,11.74,Cost: 61011 & Capacity: 56553
1 - 21 - 22 - 30 - 42 - 56 - 57 - 59 - 60 - 62 - 67 - 68 - 78 - 81 - 84 - 86 - 96 - 100 - 101 - 109 - 114 - 117 - 120 - 122 - 126 - 130 - 136 - 139 - 141 - 151 - 171 - 175 - 179 - 188 - 191 - 192 - 194 - 196 - 197 - 202 - 210 - 214 - 217 - 219 - 222 - 227 - 228 - 230 - 233 - 234 - 235 - 239 - 244 - 245 - 248 - 262 - 263 - 266 - 279 - 280 - 281 - 283 - 284 - 286 - 288 - 289 - 290 - 295 - 301 - 303 - 308 - 318 - 324 - 325 - 327 - 335 - 336 - 343 - 347 - 348 - 352 - 353 - 356 - 357 - 358 - 363 - 369 - 379 - 383 - 384 - 393 - 404 - 409 - 412 - 414 - 416 - 420 - 427 - 429 - 433 - 434 - 435 - 437 - 438 - 443 - 445 - 450 - 456 - 457 - 458 - 459 - 462 - 466 - 469 - 475 - 477 - 484 - 488 - 491 - 493,3803840.9,18.4,61129,56673,13.27,Cost: 61129 & Capacity: 56673
7 - 9 - 11 - 13 - 14 - 15 - 16 - 18 - 21 - 22 - 26 - 27 - 28 - 30 - 34 - 35 - 38 - 39 - 43 - 45 - 47 - 48 - 50 - 52 - 54 - 55 - 56 - 58 - 60 - 61 - 64 - 65 - 67 - 68 - 70 - 73 - 76 - 80 - 81 - 84 - 85 - 87 - 88 - 93 - 94 - 96 - 97 - 101 - 103 - 105 - 110 - 112 - 114 - 115 - 117 - 120 - 121 - 123 - 124 - 126 - 129 - 133 - 136 - 137 - 138 - 141 - 142 - 143 - 146 - 148 - 149 - 151 - 152 - 156 - 157 - 160 - 161 - 162 - 163 - 165 - 167 - 168 - 169 - 170 - 173 - 175 - 180 - 182 - 185 - 186 - 187 - 189 - 190 - 192 - 193 - 194 - 195 - 196 - 201 - 206 - 207 - 211 - 212 - 213 - 216 - 217 - 218 - 219 - 222 - 223 - 226 - 227 - 228 - 229 - 230 - 232 - 233 - 235 - 239 - 243 - 244 - 245 - 247 - 248 - 250 - 251 - 254 - 255 - 256 - 257 - 258 - 259 - 260 - 262 - 264 - 265 - 270 - 278 - 279 - 280 - 281 - 283 - 286 - 289 - 290 - 291 - 292 - 295 - 297 - 298 - 299 - 300 - 301 - 303 - 307 - 309 - 310 - 311 - 314 - 315 - 319 - 330 - 331 - 332 - 334 - 337 - 340 - 341 - 342 - 345 - 346 - 348 - 350 - 354 - 356 - 358 - 360 - 362 - 366 - 370 - 371 - 372 - 375 - 378 - 379 - 381 - 384 - 387 - 388 - 389 - 391 - 392 - 393 - 397 - 398 - 400 - 401 - 404 - 408 - 410 - 413 - 416 - 418 - 420 - 421 - 424 - 425 - 429 - 433 - 436 - 437 - 438 - 440 - 441 - 442 - 445 - 446 - 447 - 450 - 451 - 453 - 454 - 456 - 457 - 458 - 460 - 466 - 468 - 472 - 478 - 482 - 484 - 485 - 486 - 487 - 488 - 493 - 494 - 495 - 496 - 498 - 499,14549981.9,0.1,61251,71000,14.14,Cost: 61251 & Capacity: 71000
4 - 10 - 13 - 14 - 27 - 28 - 30 - 34 - 47 - 48 - 49 - 50 - 64 - 65 - 68 - 70 - 73 - 74 - 81 - 86 - 93 - 99 - 103 - 108 - 112 - 123 - 129 - 130 - 136 - 143 - 144 - 145 - 149 - 150 - 151 - 152 - 153 - 160 - 161 - 173 - 177 - 183 - 192 - 193 - 219 - 221 - 223 - 226 - 227 - 230 - 232 - 233 - 234 - 235 - 239 - 240 - 244 - 255 - 257 - 262 - 265 - 268 - 270 - 274 - 275 - 277 - 279 - 283 - 284 - 295 - 312 - 315 - 316 - 319 - 321 - 326 - 331 - 334 - 335 - 336 - 340 - 343 - 348 - 351 - 356 - 357 - 363 - 368 - 369 - 370 - 372 - 374 - 376 - 383 - 389 - 393 - 394 - 396 - 399 - 400 - 403 - 404 - 409 - 414 - 416 - 419 - 420 - 426 - 428 - 431 - 436 - 437 - 438 - 441 - 442 - 445 - 447 - 449 - 457 - 459 - 462 - 463 - 466 - 468 - 472 - 475 - 482 - 484 - 487 - 488 - 491 - 493 - 494,4498812.1,16.5,61249,57452,17.17,Cost: 61249 & Capacity: 57452
4 - 10 - 13 - 14 - 27 - 28 - 30 - 34 - 47 - 48 - 49 - 50 - 64 - 65 - 68 - 70 - 73 - 74 - 81 - 86 - 93 - 99 - 103 - 108 - 112 - 123 - 129 - 130 - 136 - 143 - 144 - 145 - 149 - 150 - 151 - 152 - 153 - 160 - 161 - 173 - 177 - 183 - 192 - 193 - 219 - 221 - 223 - 226 - 227 - 230 - 232 - 233 - 234 - 235 - 239 - 240 - 244 - 255 - 257 - 262 - 265 - 268 - 270 - 274 - 275 - 277 - 279 - 283 - 284 - 295 - 312 - 315 - 316 - 319 - 321 - 326 - 331 - 334 - 335 - 336 - 340 - 343 - 348 - 351 - 356 - 357 - 363 - 368 - 369 - 370 - 372 - 374 - 376 - 383 - 389 - 393 - 394 - 396 - 399 - 400 - 403 - 404 - 409 - 414 - 416 - 419 - 420 - 426 - 428 - 431 - 436 - 437 - 438 - 441 - 442 - 445 - 447 - 449 - 457 - 459 - 462 - 463 - 466 - 468 - 472 - 475 - 482 - 484 - 487 - 488 - 491 - 493 - 494,4498812.1,16.5,61249,57452,17.2,Cost: 61249 & Capacity: 57452
7 - 9 - 11 - 13 - 14 - 15 - 16 - 18 - 21 - 22 - 26 - 27 - 28 - 30 - 34 - 35 - 38 - 39 - 43 - 45 - 47 - 48 - 50 - 52 - 54 - 55 - 56 - 58 - 60 - 61 - 64 - 65 - 67 - 68 - 70 - 73 - 76 - 80 - 81 - 84 - 85 - 87 - 88 - 93 - 94 - 96 - 97 - 101 - 103 - 105 - 110 - 112 - 114 - 115 - 117 - 120 - 121 - 123 - 124 - 126 - 129 - 133 - 136 - 137 - 138 - 141 - 142 - 143 - 146 - 148 - 149 - 151 - 152 - 156 - 157 - 160 - 161 - 162 - 163 - 165 - 167 - 168 - 169 - 170 - 173 - 175 - 180 - 182 - 185 - 186 - 187 - 189 - 190 - 192 - 193 - 194 - 195 - 196 - 201 - 206 - 207 - 211 - 212 - 213 - 216 - 217 - 218 - 219 - 222 - 223 - 226 - 227 - 228 - 229 - 230 - 232 - 233 - 235 - 239 - 243 - 244 - 245 - 247 - 248 - 250 - 251 - 254 - 255 - 256 - 257 - 258 - 259 - 260 - 262 - 264 - 265 - 270 - 278 - 279 - 280 - 281 - 283 - 286 - 289 - 290 - 291 - 292 - 295 - 297 - 298 - 299 - 300 - 301 - 303 - 307 - 309 - 310 - 311 - 314 - 315 - 319 - 330 - 331 - 332 - 334 - 337 - 340 - 341 - 342 - 345 - 346 - 348 - 350 - 354 - 356 - 358 - 360 - 362 - 366 - 370 - 371 - 372 - 375 - 378 - 379 - 381 - 384 - 387 - 388 - 389 - 391 - 392 - 393 - 397 - 398 - 400 - 401 - 404 - 408 - 410 - 413 - 416 - 418 - 420 - 421 - 424 - 425 - 429 - 433 - 436 - 437 - 438 - 440 - 441 - 442 - 445 - 446 - 447 - 450 - 451 - 453 - 454 - 456 - 457 - 458 - 460 - 466 - 468 - 472 - 478 - 482 - 484 - 485 - 486 - 487 - 488 - 493 - 494 - 495 - 496 - 498 - 499,14549981.9,0.1,61251,71000,18.49,Cost: 61251 & Capacity: 71000
4 - 10 - 11 - 16 - 18 - 22 - 23 - 27 - 28 - 30 - 33 - 34 - 36 - 43 - 50 - 52 - 55 - 56 - 58 - 60 - 67 - 70 - 73 - 74 - 75 - 96 - 104 - 109 - 112 - 117 - 123 - 124 - 125 - 129 - 136 - 145 - 151 - 152 - 162 - 166 - 173 - 174 - 175 - 177 - 182 - 188 - 191 - 192 - 193 - 194 - 197 - 198 - 208 - 213 - 219 - 222 - 227 - 228 - 229 - 230 - 232 - 233 - 235 - 240 - 245 - 247 - 255 - 257 - 264 - 265 - 267 - 270 - 274 - 275 - 280 - 282 - 283 - 284 - 289 - 290 - 291 - 292 - 295 - 297 - 300 - 301 - 303 - 304 - 309 - 311 - 315 - 316 - 324 - 331 - 332 - 333 - 336 - 337 - 345 - 348 - 351 - 352 - 357 - 358 - 368 - 370 - 371 - 377 - 378 - 383 - 384 - 388 - 389 - 393 - 397 - 398 - 399 - 400 - 409 - 414 - 416 - 431 - 435 - 437 - 438 - 441 - 443 - 445 - 446 - 447 - 450 - 451 - 459 - 462 - 463 - 465 - 468 - 471 - 479 - 482 - 484 - 488 - 489 - 490 - 494 - 495,5450628.5,13.9,61249,62275,19.57,Cost: 61249 & Capacity: 62275
7 - 9 - 11 - 13 - 14 - 15 - 16 - 18 - 21 - 22 - 26 - 27 - 28 - 30 - 34 - 35 - 38 - 39 - 43 - 45 - 47 - 48 - 50 - 52 - 54 - 55 - 56 - 58 - 60 - 61 - 64 - 65 - 67 - 68 - 70 - 73 - 76 - 80 - 81 - 84 - 85 - 87 - 88 - 93 - 94 - 96 - 97 - 101 - 103 - 105 - 110 - 112 - 114 - 115 - 117 - 120 - 121 - 123 - 124 - 126 - 129 - 133 - 136 - 137 - 138 - 141 - 142 - 143 - 146 - 148 - 149 - 151 - 152 - 156 - 157 - 160 - 161 - 162 - 163 - 165 - 167 - 168 - 169 - 170 - 173 - 175 - 180 - 182 - 185 - 186 - 187 - 189 - 190 - 192 - 193 - 194 - 195 - 196 - 201 - 206 - 207 - 211 - 212 - 213 - 216 - 217 - 218 - 219 - 222 - 223 - 226 - 227 - 228 - 229 - 230 - 232 - 233 - 235 - 239 - 243 - 244 - 245 - 247 - 248 - 250 - 251 - 254 - 255 - 256 - 257 - 258 - 259 - 260 - 262 - 264 - 265 - 270 - 278 - 279 - 280 - 281 - 283 - 286 - 289 - 290 - 291 - 292 - 295 - 297 - 298 - 299 - 300 - 301 - 303 - 307 - 309 - 310 - 311 - 314 - 315 - 319 - 330 - 331 - 332 - 334 - 337 - 340 - 341 - 342 - 345 - 346 - 348 - 350 - 354 - 356 - 358 - 360 - 362 - 366 - 370 - 371 - 372 - 375 - 378 - 379 - 381 - 384 - 387 - 388 - 389 - 391 - 392 - 393 - 397 - 398 - 400 - 401 - 404 - 408 - 410 - 413 - 416 - 418 - 420 - 421 - 424 - 425 - 429 - 433 - 436 - 437 - 438 - 440 - 441 - 442 - 445 - 446 - 447 - 450 - 451 - 453 - 454 - 456 - 457 - 458 - 460 - 466 - 468 - 472 - 478 - 482 - 484 - 485 - 486 - 487 - 488 - 493 - 494 - 495 - 496 - 498 - 499,14549981.9,0.1,61251,71000,20.41,Cost: 61251 & Capacity: 71000
7 - 9 - 11 - 13 - 14 - 15 - 16 - 18 - 21 - 22 - 26 - 27 - 28 - 30 - 34 - 35 - 38 - 39 - 43 - 45 - 47 - 48 - 50 - 52 - 54 - 55 - 56 - 58 - 60 - 61 - 64 - 65 - 67 - 68 - 70 - 73 - 76 - 80 - 81 - 84 - 85 - 87 - 88 - 93 - 94 - 96 - 97 - 101 - 103 - 105 - 110 - 112 - 114 - 115 - 117 - 120 - 121 - 123 - 124 - 126 - 129 - 133 - 136 - 137 - 138 - 141 - 142 - 143 - 146 - 148 - 149 - 151 - 152 - 156 - 157 - 160 - 161 - 162 - 163 - 165 - 167 - 168 - 169 - 170 - 173 - 175 - 180 - 182 - 185 - 186 - 187 - 189 - 190 - 192 - 193 - 194 - 195 - 196 - 201 - 206 - 207 - 211 - 212 - 213 - 216 - 217 - 218 - 219 - 222 - 223 - 226 - 227 - 228 - 229 - 230 - 232 - 233 - 235 - 239 - 243 - 244 - 245 - 247 - 248 - 250 - 251 - 254 - 255 - 256 - 257 - 258 - 259 - 260 - 262 - 264 - 265 - 270 - 278 - 279 - 280 - 281 - 283 - 286 - 289 - 290 - 291 - 292 - 295 - 297 - 298 - 299 - 300 - 301 - 303 - 307 - 309 - 310 - 311 - 314 - 315 - 319 - 330 - 331 - 332 - 334 - 337 - 340 - 341 - 342 - 345 - 346 - 348 - 350 - 354 - 356 - 358 - 360 - 362 - 366 - 370 - 371 - 372 - 375 - 378 - 379 - 381 - 384 - 387 - 388 - 389 - 391 - 392 - 393 - 397 - 398 - 400 - 401 - 404 - 408 - 410 - 413 - 416 - 418 - 420 - 421 - 424 - 425 - 429 - 433 - 436 - 437 - 438 - 440 - 441 - 442 - 445 - 446 - 447 - 450 - 451 - 453 - 454 - 456 - 457 - 458 - 460 - 466 - 468 - 472 - 478 - 482 - 484 - 485 - 486 - 487 - 488 - 493 - 494 - 495 - 496 - 498 - 499,14549981.9,0.1,61251,71000,21.67,Cost: 61251 & Capacity: 71000
7 - 9 - 11 - 13 - 14 - 15 - 16 - 18 - 21 - 22 - 26 - 27 - 28 - 30 - 34 - 35 - 38 - 39 - 43 - 45 - 47 - 48 - 50 - 52 - 54 - 55 - 56 - 58 - 60 - 61 - 64 - 65 - 67 - 68 - 70 - 73 - 76 - 80 - 81 - 84 - 85 - 87 - 88 - 93 - 94 - 96 - 97 - 101 - 103 - 105 - 110 - 112 - 114 - 115 - 117 - 120 - 121 - 123 - 124 - 126 - 129 - 133 - 136 - 137 - 138 - 141 - 142 - 143 - 146 - 148 - 149 - 151 - 152 - 156 - 157 - 160 - 161 - 162 - 163 - 165 - 167 - 168 - 169 - 170 - 173 - 175 - 180 - 182 - 185 - 186 - 187 - 189 - 190 - 192 - 193 - 194 - 195 - 196 - 201 - 206 - 207 - 211 - 212 - 213 - 216 - 217 - 218 - 219 - 222 - 223 - 226 - 227 - 228 - 229 - 230 - 232 - 233 - 235 - 239 - 243 - 244 - 245 - 247 - 248 - 250 - 251 - 254 - 255 - 256 - 257 - 258 - 259 - 260 - 262 - 264 - 265 - 270 - 278 - 279 - 280 - 281 - 283 - 286 - 289 - 290 - 291 - 292 - 295 - 297 - 298 - 299 - 300 - 301 - 303 - 307 - 309 - 310 - 311 - 314 - 315 - 319 - 330 - 331 - 332 - 334 - 337 - 340 - 341 - 342 - 345 - 346 - 348 - 350 - 354 - 356 - 358 - 360 - 362 - 366 - 370 - 371 - 372 - 375 - 378 - 379 - 381 - 384 - 387 - 388 - 389 - 391 - 392 - 393 - 397 - 398 - 400 - 401 - 404 - 408 - 410 - 413 - 416 - 418 - 420 - 421 - 424 - 425 - 429 - 433 - 436 - 437 - 438 - 440 - 441 - 442 - 445 - 446 - 447 - 450 - 451 - 453 - 454 - 456 - 457 - 458 - 460 - 466 - 468 - 472 - 478 - 482 - 484 - 485 - 486 - 487 - 488 - 493 - 494 - 495 - 496 - 498 - 499,14549981.9,0.1,61251,71000,22.69,Cost: 61251 & Capacity: 71000
7 - 10 - 13 - 14 - 23 - 24 - 28 - 35 - 40 - 53 - 55 - 56 - 60 - 64 - 67 - 68 - 69 - 70 - 76 - 78 - 81 - 89 - 99 - 101 - 104 - 106 - 109 - 112 - 123 - 124 - 129 - 131 - 133 - 136 - 137 - 139 - 141 - 144 - 148 - 158 - 164 - 166 - 172 - 174 - 176 - 182 - 184 - 185 - 186 - 187 - 188 - 196 - 197 - 213 - 215 - 216 - 218 - 222 - 232 - 233 - 251 - 256 - 257 - 261 - 264 - 266 - 267 - 270 - 272 - 274 - 280 - 283 - 292 - 298 - 300 - 304 - 310 - 311 - 315 - 316 - 321 - 322 - 328 - 331 - 332 - 334 - 336 - 340 - 346 - 348 - 359 - 362 - 367 - 369 - 372 - 375 - 377 - 378 - 383 - 385 - 388 - 389 - 391 - 393 - 400 - 404 - 405 - 413 - 414 - 423 - 432 - 447 - 450 - 452 - 460 - 462 - 466 - 470 - 475 - 487 - 494 - 495 - 497,3868568.1,18.1,61200,54468,22.79,Cost: 61200 & Capacity: 54468
7 - 10 - 11 - 13 - 14 - 16 - 18 - 21 - 22 - 23 - 26 - 28 - 30 - 34 - 35 - 38 - 39 - 43 - 44 - 45 - 47 - 52 - 55 - 56 - 60 - 65 - 67 - 68 - 73 - 80 - 81 - 84 - 85 - 87 - 93 - 94 - 96 - 101 - 103 - 105 - 109 - 114 - 121 - 123 - 124 - 126 - 129 - 133 - 136 - 137 - 138 - 139 - 141 - 143 - 144 - 146 - 148 - 151 - 152 - 154 - 157 - 158 - 161 - 163 - 169 - 173 - 174 - 180 - 182 - 184 - 185 - 188 - 189 - 190 - 191 - 192 - 193 - 195 - 196 - 197 - 206 - 208 - 211 - 212 - 213 - 219 - 222 - 223 - 226 - 227 - 228 - 229 - 233 - 234 - 235 - 239 - 243 - 244 - 247 - 250 - 254 - 255 - 256 - 257 - 258 - 259 - 262 - 264 - 265 - 266 - 268 - 270 - 278 - 279 - 281 - 283 - 284 - 286 - 289 - 290 - 291 - 297 - 299 - 300 - 301 - 303 - 307 - 316 - 318 - 319 - 324 - 328 - 331 - 332 - 333 - 334 - 336 - 337 - 342 - 345 - 346 - 348 - 350 - 356 - 358 - 362 - 363 - 366 - 369 - 372 - 375 - 377 - 378 - 379 - 380 - 381 - 387 - 389 - 391 - 393 - 397 - 398 - 399 - 400 - 404 - 405 - 409 - 410 - 412 - 416 - 420 - 421 - 424 - 425 - 433 - 437 - 441 - 442 - 447 - 450 - 451 - 454 - 456 - 457 - 458 - 462 - 466 - 468 - 470 - 472 - 475 - 478 - 483 - 486 - 488 - 493 - 495 - 496 - 498 - 499,10047996.4,4.7,61252,66951,23.74,Cost: 61252 & Capacity: 66951
7 - 9 - 11 - 13 - 14 - 15 - 16 - 18 - 21 - 22 - 26 - 27 - 28 - 30 - 34 - 35 - 38 - 39 - 43 - 45 - 47 - 48 - 49 - 50 - 52 - 54 - 55 - 56 - 58 - 60 - 61 - 64 - 65 - 67 - 68 - 70 - 73 - 76 - 80 - 81 - 84 - 85 - 87 - 88 - 93 - 94 - 96 - 97 - 101 - 103 - 104 - 105 - 108 - 110 - 111 - 112 - 114 - 115 - 117 - 120 - 121 - 123 - 124 - 126 - 129 - 133 - 136 - 137 - 138 - 141 - 142 - 143 - 146 - 148 - 149 - 151 - 152 - 156 - 157 - 160 - 161 - 162 - 163 - 165 - 167 - 168 - 169 - 170 - 172 - 173 - 175 - 180 - 182 - 185 - 186 - 187 - 189 - 190 - 192 - 193 - 194 - 195 - 196 - 201 - 206 - 207 - 211 - 212 - 216 - 217 - 218 - 219 - 222 - 223 - 226 - 227 - 228 - 230 - 232 - 233 - 235 - 239 - 243 - 244 - 245 - 247 - 248 - 250 - 251 - 254 - 255 - 256 - 257 - 258 - 259 - 260 - 262 - 264 - 265 - 270 - 278 - 279 - 280 - 281 - 283 - 286 - 289 - 290 - 291 - 292 - 295 - 297 - 298 - 299 - 300 - 301 - 303 - 307 - 309 - 310 - 311 - 314 - 315 - 319 - 330 - 331 - 332 - 337 - 340 - 341 - 342 - 345 - 346 - 348 - 350 - 354 - 356 - 358 - 360 - 362 - 366 - 370 - 371 - 372 - 375 - 378 - 379 - 381 - 384 - 387 - 388 - 389 - 391 - 392 - 393 - 397 - 398 - 400 - 401 - 408 - 410 - 413 - 416 - 418 - 420 - 421 - 425 - 429 - 433 - 436 - 438 - 440 - 441 - 442 - 445 - 446 - 447 - 450 - 451 - 453 - 454 - 456 - 457 - 458 - 460 - 466 - 468 - 472 - 478 - 482 - 483 - 484 - 485 - 486 - 487 - 488 - 493 - 494 - 496 - 498 - 499,14379602.1,0.1,60474,70506,24.04,Cost: 60474 & Capacity: 70506
2 - 11 - 21 - 30 - 32 - 42 - 49 - 53 - 56 - 58 - 64 - 67 - 70 - 76 - 77 - 78 - 82 - 84 - 85 - 96 - 100 - 105 - 108 - 113 - 122 - 128 - 133 - 144 - 148 - 151 - 156 - 159 - 160 - 166 - 177 - 185 - 187 - 193 - 194 - 208 - 213 - 217 - 225 - 233 - 244 - 245 - 250 - 255 - 256 - 263 - 266 - 267 - 270 - 272 - 275 - 277 - 278 - 279 - 283 - 285 - 289 - 292 - 304 - 306 - 307 - 311 - 316 - 318 - 325 - 326 - 332 - 335 - 339 - 343 - 347 - 348 - 352 - 358 - 375 - 382 - 384 - 385 - 393 - 399 - 408 - 414 - 416 - 421 - 425 - 428 - 433 - 435 - 443 - 448 - 452 - 459 - 460 - 462 - 466 - 468 - 469 - 475 - 477 - 481 - 483 - 484 - 486 - 488 - 490 - 491,3186743.9,22.3,61069,54811,24.76,Cost: 61069 & Capacity: 54811
7 - 9 - 11 - 13 - 14 - 15 - 16 - 18 - 21 - 22 - 26 - 27 - 28 - 30 - 34 - 35 - 38 - 39 - 43 - 45 - 47 - 48 - 50 - 52 - 54 - 55 - 56 - 58 - 60 - 61 - 64 - 65 - 67 - 68 - 70 - 73 - 76 - 80 - 81 - 84 - 85 - 87 - 88 - 93 - 94 - 96 - 97 - 101 - 103 - 105 - 110 - 112 - 114 - 115 - 117 - 120 - 121 - 123 - 124 - 126 - 129 - 133 - 136 - 137 - 138 - 141 - 142 - 143 - 146 - 148 - 149 - 151 - 152 - 156 - 157 - 160 - 161 - 162 - 163 - 165 - 167 - 168 - 169 - 170 - 173 - 175 - 180 - 182 - 185 - 186 - 187 - 189 - 190 - 192 - 193 - 194 - 195 - 196 - 201 - 206 - 207 - 211 - 212 - 213 - 216 - 217 - 218 - 219 - 222 - 223 - 226 - 227 - 228 - 229 - 230 - 232 - 233 - 235 - 239 - 243 - 244 - 245 - 247 - 248 - 250 - 251 - 254 - 255 - 256 - 257 - 258 - 259 - 260 - 262 - 264 - 265 - 270 - 278 - 279 - 280 - 281 - 283 - 286 - 289 - 290 - 291 - 292 - 295 - 297 - 298 - 299 - 300 - 301 - 303 - 307 - 309 - 310 - 311 - 314 - 315 - 319 - 330 - 331 - 332 - 334 - 337 - 340 - 341 - 342 - 345 - 346 - 348 - 350 - 354 - 356 - 358 - 360 - 362 - 366 - 370 - 371 - 372 - 375 - 378 - 379 - 381 - 384 - 387 - 388 - 389 - 391 - 392 - 393 - 397 - 398 - 400 - 401 - 404 - 408 - 410 - 413 - 416 - 418 - 420 - 421 - 424 - 425 - 429 - 433 - 436 - 437 - 438 - 440 - 441 - 442 - 445 - 446 - 447 - 450 - 451 - 453 - 454 - 456 - 457 - 458 - 460 - 466 - 468 - 472 - 478 - 482 - 484 - 485 - 486 - 487 - 488 - 493 - 494 - 495 - 496 - 498 - 499,14549981.9,0.1,61251,71000,26.83,Cost: 61251 & Capacity: 71000
7 - 9 - 11 - 13 - 14 - 15 - 16 - 18 - 21 - 22 - 26 - 27 - 28 - 30 - 34 - 35 - 38 - 39 - 43 - 45 - 47 - 48 - 50 - 52 - 54 - 55 - 56 - 58 - 60 - 61 - 64 - 65 - 67 - 68 - 70 - 73 - 76 - 80 - 81 - 84 - 85 - 87 - 88 - 93 - 94 - 96 - 97 - 101 - 103 - 104 - 105 - 110 - 111 - 112 - 114 - 115 - 117 - 120 - 121 - 123 - 124 - 126 - 129 - 133 - 136 - 137 - 138 - 141 - 142 - 143 - 145 - 146 - 148 - 149 - 151 - 152 - 156 - 157 - 160 - 161 - 162 - 163 - 165 - 167 - 168 - 169 - 170 - 173 - 175 - 180 - 182 - 185 - 186 - 187 - 189 - 190 - 191 - 192 - 193 - 194 - 195 - 201 - 206 - 207 - 211 - 212 - 213 - 216 - 217 - 218 - 219 - 222 - 223 - 226 - 227 - 228 - 229 - 230 - 232 - 235 - 239 - 243 - 244 - 245 - 247 - 248 - 250 - 251 - 254 - 255 - 256 - 257 - 258 - 259 - 260 - 262 - 264 - 265 - 270 - 278 - 279 - 280 - 281 - 283 - 286 - 289 - 290 - 291 - 292 - 295 - 297 - 298 - 299 - 300 - 301 - 303 - 307 - 309 - 310 - 311 - 314 - 315 - 319 - 330 - 331 - 332 - 336 - 337 - 340 - 341 - 342 - 345 - 346 - 348 - 350 - 354 - 356 - 358 - 360 - 362 - 366 - 370 - 371 - 372 - 375 - 377 - 378 - 379 - 381 - 384 - 387 - 388 - 389 - 391 - 392 - 393 - 397 - 398 - 400 - 401 - 408 - 410 - 413 - 416 - 418 - 420 - 421 - 425 - 429 - 431 - 433 - 436 - 438 - 440 - 441 - 442 - 445 - 446 - 447 - 450 - 451 - 453 - 454 - 456 - 457 - 458 - 460 - 466 - 468 - 472 - 478 - 482 - 484 - 485 - 486 - 487 - 488 - 493 - 494 - 496 - 498 - 499,14578043.9,0.1,61250,72265,33.17,Cost: 61250 & Capacity: 72265
7 - 9 - 11 - 13 - 14 - 15 - 16 - 18 - 21 - 22 - 26 - 27 - 28 - 30 - 34 - 35 - 38 - 39 - 43 - 45 - 47 - 48 - 50 - 52 - 54 - 55 - 56 - 58 - 60 - 61 - 64 - 65 - 67 - 68 - 70 - 73 - 76 - 80 - 81 - 84 - 85 - 87 - 88 - 93 - 94 - 96 - 97 - 101 - 103 - 105 - 110 - 112 - 114 - 115 - 117 - 120 - 121 - 123 - 124 - 126 - 129 - 133 - 136 - 137 - 138 - 141 - 142 - 143 - 146 - 148 - 149 - 151 - 152 - 156 - 157 - 160 - 161 - 162 - 163 - 165 - 167 - 168 - 169 - 170 - 173 - 175 - 180 - 182 - 185 - 186 - 187 - 189 - 190 - 192 - 193 - 194 - 195 - 196 - 201 - 206 - 207 - 211 - 212 - 213 - 216 - 217 - 218 - 219 - 222 - 223 - 226 - 227 - 228 - 229 - 230 - 232 - 233 - 235 - 239 - 243 - 244 - 245 - 247 - 248 - 250 - 251 - 254 - 255 - 256 - 257 - 258 - 259 - 260 - 262 - 264 - 265 - 270 - 278 - 279 - 280 - 281 - 283 - 286 - 289 - 290 - 291 - 292 - 295 - 297 - 298 - 299 - 300 - 301 - 303 - 307 - 309 - 310 - 311 - 314 - 315 - 319 - 330 - 331 - 332 - 334 - 337 - 340 - 341 - 342 - 345 - 346 - 348 - 350 - 354 - 356 - 358 - 360 - 362 - 366 - 370 - 371 - 372 - 375 - 378 - 379 - 381 - 384 - 387 - 388 - 389 - 391 - 392 - 393 - 397 - 398 - 400 - 401 - 404 - 408 - 410 - 413 - 416 - 418 - 420 - 421 - 424 - 425 - 429 - 433 - 436 - 437 - 438 - 440 - 441 - 442 - 445 - 446 - 447 - 450 - 451 - 453 - 454 - 456 - 457 - 458 - 460 - 466 - 468 - 472 - 478 - 482 - 484 - 485 - 486 - 487 - 488 - 493 - 494 - 495 - 496 - 498 - 499,14549981.9,0.1,61251,71000,33.22,Cost: 61251 & Capacity: 71000
7 - 9 - 11 - 13 - 14 - 15 - 16 - 18 - 21 - 22 - 26 - 27 - 28 - 30 - 34 - 35 - 38 - 39 - 43 - 45 - 47 - 48 - 50 - 52 - 54 - 55 - 56 - 58 - 60 - 61 - 64 - 65 - 67 - 68 - 70 - 73 - 76 - 80 - 81 - 84 - 85 - 87 - 88 - 93 - 94 - 96 - 97 - 101 - 103 - 105 - 110 - 112 - 114 - 115 - 117 - 120 - 121 - 123 - 124 - 126 - 129 - 133 - 136 - 137 - 138 - 141 - 142 - 143 - 146 - 148 - 149 - 151 - 152 - 156 - 157 - 160 - 161 - 162 - 163 - 165 - 167 - 168 - 169 - 170 - 173 - 175 - 180 - 182 - 185 - 186 - 187 - 189 - 190 - 192 - 193 - 194 - 195 - 196 - 201 - 206 - 207 - 211 - 212 - 213 - 216 - 217 - 218 - 219 - 222 - 223 - 226 - 227 - 228 - 229 - 230 - 232 - 233 - 235 - 239 - 243 - 244 - 245 - 247 - 248 - 250 - 251 - 254 - 255 - 256 - 257 - 258 - 259 - 260 - 262 - 264 - 265 - 270 - 278 - 279 - 280 - 281 - 283 - 286 - 289 - 290 - 291 - 292 - 295 - 297 - 298 - 299 - 300 - 301 - 303 - 307 - 309 - 310 - 311 - 314 - 315 - 319 - 330 - 331 - 332 - 334 - 337 - 340 - 341 - 342 - 345 - 346 - 348 - 350 - 354 - 356 - 358 - 360 - 362 - 366 - 370 - 371 - 372 - 375 - 378 - 379 - 381 - 384 - 387 - 388 - 389 - 391 - 392 - 393 - 397 - 398 - 400 - 401 - 404 - 408 - 410 - 413 - 416 - 418 - 420 - 421 - 424 - 425 - 429 - 433 - 436 - 437 - 438 - 440 - 441 - 442 - 445 - 446 - 447 - 450 - 451 - 453 - 454 - 456 - 457 - 458 - 460 - 466 - 468 - 472 - 478 - 482 - 484 - 485 - 486 - 487 - 488 - 493 - 494 - 495 - 496 - 498 - 499,14549981.9,0.1,61251,71000,34.65,Cost: 61251 & Capacity: 71000
1 - 4 - 5 - 7 - 9 - 16 - 18 - 21 - 23 - 26 - 27 - 34 - 52 - 55 - 63 - 67 - 68 - 70 - 82 - 91 - 93 - 101 - 103 - 104 - 108 - 109 - 112 - 114 - 115 - 123 - 136 - 138 - 140 - 143 - 145 - 152 - 166 - 173 - 174 - 181 - 183 - 185 - 191 - 193 - 194 - 198 - 208 - 211 - 218 - 219 - 220 - 222 - 228 - 230 - 232 - 233 - 234 - 235 - 245 - 247 - 248 - 254 - 255 - 257 - 260 - 265 - 270 - 274 - 276 - 277 - 279 - 281 - 283 - 292 - 297 - 301 - 310 - 312 - 316 - 324 - 326 - 330 - 332 - 334 - 336 - 337 - 340 - 351 - 356 - 358 - 363 - 366 - 368 - 369 - 370 - 372 - 377 - 378 - 379 - 383 - 384 - 388 - 393 - 395 - 397 - 398 - 403 - 404 - 405 - 407 - 409 - 414 - 416 - 419 - 420 - 429 - 431 - 435 - 437 - 438 - 441 - 445 - 446 - 447 - 449 - 456 - 457 - 458 - 459 - 460 - 462 - 465 - 466 - 468 - 471 - 476 - 478 - 482 - 484 - 488 - 494 - 498,5133716.1,14.8,61140,57913,37.49,Cost: 61140 & Capacity: 57913
7 - 10 - 11 - 13 - 14 - 16 - 18 - 21 - 22 - 23 - 26 - 28 - 30 - 35 - 38 - 39 - 43 - 47 - 50 - 52 - 55 - 56 - 60 - 64 - 65 - 67 - 68 - 70 - 73 - 75 - 80 - 81 - 84 - 85 - 93 - 94 - 96 - 101 - 103 - 112 - 114 - 120 - 121 - 123 - 124 - 126 - 129 - 133 - 136 - 137 - 138 - 139 - 143 - 145 - 146 - 148 - 151 - 152 - 157 - 158 - 161 - 162 - 169 - 170 - 173 - 175 - 180 - 181 - 182 - 184 - 185 - 186 - 187 - 188 - 189 - 191 - 192 - 193 - 195 - 196 - 197 - 201 - 206 - 207 - 208 - 211 - 212 - 213 - 216 - 217 - 219 - 222 - 226 - 227 - 228 - 229 - 230 - 233 - 235 - 239 - 243 - 244 - 247 - 248 - 250 - 254 - 255 - 256 - 257 - 258 - 259 - 262 - 264 - 265 - 270 - 278 - 279 - 280 - 283 - 286 - 289 - 290 - 291 - 292 - 295 - 297 - 298 - 300 - 301 - 303 - 307 - 310 - 311 - 316 - 318 - 319 - 320 - 324 - 331 - 332 - 333 - 334 - 336 - 337 - 340 - 341 - 342 - 343 - 345 - 346 - 348 - 354 - 358 - 362 - 366 - 369 - 372 - 374 - 375 - 377 - 378 - 379 - 381 - 384 - 387 - 389 - 391 - 393 - 398 - 400 - 404 - 408 - 410 - 414 - 416 - 418 - 421 - 425 - 429 - 431 - 433 - 438 - 440 - 441 - 442 - 445 - 446 - 447 - 448 - 450 - 451 - 452 - 454 - 456 - 457 - 458 - 460 - 462 - 466 - 468 - 472 - 478 - 482 - 483 - 484 - 486 - 487 - 488 - 493 - 494 - 495 - 496 - 498 - 499,11526935.8,2.1,61217,68246,38.4,Cost: 61217 & Capacity: 68246
7 - 9 - 11 - 13 - 14 - 15 - 16 - 18 - 21 - 22 - 26 - 27 - 28 - 30 - 34 - 35 - 38 - 39 - 43 - 45 - 47 - 48 - 50 - 52 - 54 - 55 - 56 - 58 - 60 - 61 - 64 - 65 - 67 - 68 - 70 - 73 - 76 - 80 - 81 - 84 - 85 - 87 - 88 - 93 - 94 - 96 - 97 - 101 - 103 - 105 - 110 - 112 - 114 - 115 - 117 - 120 - 121 - 123 - 124 - 126 - 129 - 133 - 136 - 137 - 138 - 141 - 142 - 143 - 146 - 148 - 149 - 151 - 152 - 156 - 157 - 160 - 161 - 162 - 163 - 165 - 167 - 168 - 169 - 170 - 173 - 175 - 180 - 182 - 185 - 186 - 187 - 189 - 190 - 192 - 193 - 194 - 195 - 196 - 201 - 206 - 207 - 211 - 212 - 213 - 216 - 217 - 218 - 219 - 222 - 223 - 226 - 227 - 228 - 229 - 230 - 232 - 233 - 235 - 239 - 243 - 244 - 245 - 247 - 248 - 250 - 251 - 254 - 255 - 256 - 257 - 258 - 259 - 260 - 262 - 264 - 265 - 270 - 278 - 279 - 280 - 281 - 283 - 286 - 289 - 290 - 291 - 292 - 295 - 297 - 298 - 299 - 300 - 301 - 303 - 307 - 309 - 310 - 311 - 314 - 315 - 319 - 330 - 331 - 332 - 334 - 337 - 340 - 341 - 342 - 345 - 346 - 348 - 350 - 354 - 356 - 358 - 360 - 362 - 366 - 370 - 371 - 372 - 375 - 378 - 379 - 381 - 384 - 387 - 388 - 389 - 391 - 392 - 393 - 397 - 398 - 400 - 401 - 404 - 408 - 410 - 413 - 416 - 418 - 420 - 421 - 424 - 425 - 429 - 433 - 436 - 437 - 438 - 440 - 441 - 442 - 445 - 446 - 447 - 450 - 451 - 453 - 454 - 456 - 457 - 458 - 460 - 466 - 468 - 472 - 478 - 482 - 484 - 485 - 486 - 487 - 488 - 493 - 494 - 495 - 496 - 498 - 499,14549981.9,0.1,61251,71000,39.64,Cost: 61251 & Capacity: 71000
7 - 9 - 11 - 13 - 14 - 15 - 16 - 18 - 21 - 22 - 26 - 27 - 28 - 30 - 34 - 35 - 38 - 39 - 43 - 45 - 47 - 48 - 50 - 52 - 54 - 55 - 56 - 58 - 60 - 61 - 64 - 65 - 67 - 68 - 70 - 73 - 76 - 80 - 81 - 84 - 85 - 87 - 88 - 93 - 94 - 96 - 97 - 101 - 103 - 105 - 110 - 112 - 114 - 115 - 117 - 120 - 121 - 123 - 124 - 126 - 129 - 133 - 136 - 137 - 138 - 141 - 142 - 143 - 146 - 148 - 149 - 151 - 152 - 156 - 157 - 160 - 161 - 162 - 163 - 165 - 167 - 168 - 169 - 170 - 173 - 175 - 180 - 182 - 185 - 186 - 187 - 189 - 190 - 192 - 193 - 194 - 195 - 196 - 201 - 206 - 207 - 211 - 212 - 213 - 216 - 217 - 218 - 219 - 222 - 223 - 226 - 227 - 228 - 229 - 230 - 232 - 233 - 235 - 239 - 243 - 244 - 245 - 247 - 248 - 250 - 251 - 254 - 255 - 256 - 257 - 258 - 259 - 260 - 262 - 264 - 265 - 270 - 278 - 279 - 280 - 281 - 283 - 286 - 289 - 290 - 291 - 292 - 295 - 297 - 298 - 299 - 300 - 301 - 303 - 307 - 309 - 310 - 311 - 314 - 315 - 319 - 330 - 331 - 332 - 334 - 337 - 340 - 341 - 342 - 345 - 346 - 348 - 350 - 354 - 356 - 358 - 360 - 362 - 366 - 370 - 371 - 372 - 375 - 378 - 379 - 381 - 384 - 387 - 388 - 389 - 391 - 392 - 393 - 397 - 398 - 400 - 401 - 404 - 408 - 410 - 413 - 416 - 418 - 420 - 421 - 424 - 425 - 429 - 433 - 436 - 437 - 438 - 440 - 441 - 442 - 445 - 446 - 447 - 450 - 451 - 453 - 454 - 456 - 457 - 458 - 460 - 466 - 468 - 472 - 478 - 482 - 484 - 485 - 486 - 487 - 488 - 493 - 494 - 495 - 496 - 498 - 499,14549981.9,0.1,61251,71000,39.93,Cost: 61251 & Capacity: 71000
4 - 11 - 13 - 14 - 18 - 21 - 26 - 27 - 33 - 34 - 36 - 43 - 47 - 55 - 56 - 60 - 61 - 64 - 65 - 68 - 69 - 70 - 73 - 75 - 81 - 89 - 103 - 104 - 109 - 112 - 123 - 124 - 129 - 145 - 152 - 157 - 173 - 177 - 180 - 182 - 185 - 188 - 191 - 192 - 193 - 197 - 198 - 202 - 207 - 208 - 213 - 216 - 220 - 227 - 230 - 232 - 233 - 234 - 235 - 238 - 243 - 245 - 254 - 255 - 256 - 257 - 261 - 262 - 263 - 265 - 270 - 278 - 280 - 281 - 283 - 284 - 289 - 292 - 297 - 301 - 304 - 310 - 316 - 319 - 324 - 331 - 333 - 334 - 336 - 337 - 340 - 341 - 342 - 345 - 348 - 351 - 355 - 356 - 364 - 366 - 368 - 369 - 370 - 374 - 378 - 379 - 383 - 393 - 395 - 397 - 399 - 400 - 401 - 404 - 405 - 414 - 416 - 419 - 420 - 425 - 429 - 433 - 437 - 438 - 441 - 442 - 446 - 447 - 448 - 449 - 451 - 456 - 457 - 459 - 460 - 463 - 467 - 468 - 470 - 472 - 475 - 476 - 482 - 484 - 487 - 488 - 491 - 498 - 499,5631408.8,12.6,61174,60469,40.61,Cost: 61174 & Capacity: 60469
7 - 9 - 11 - 13 - 14 - 15 - 16 - 18 - 21 - 22 - 26 - 27 - 28 - 30 - 34 - 35 - 38 - 39 - 43 - 45 - 47 - 48 - 50 - 52 - 54 - 55 - 56 - 58 - 60 - 61 - 64 - 65 - 67 - 68 - 70 - 73 - 76 - 80 - 81 - 84 - 85 - 87 - 88 - 93 - 94 - 96 - 97 - 101 - 103 - 105 - 110 - 112 - 114 - 115 - 117 - 120 - 121 - 123 - 124 - 126 - 129 - 133 - 136 - 137 - 138 - 141 - 142 - 143 - 146 - 148 - 149 - 151 - 152 - 156 - 157 - 160 - 161 - 162 - 163 - 165 - 167 - 168 - 169 - 170 - 173 - 175 - 180 - 182 - 185 - 186 - 187 - 189 - 190 - 192 - 193 - 194 - 195 - 196 - 201 - 206 - 207 - 211 - 212 - 213 - 216 - 217 - 218 - 219 - 222 - 223 - 226 - 227 - 228 - 229 - 230 - 232 - 233 - 235 - 239 - 243 - 244 - 245 - 247 - 248 - 250 - 251 - 254 - 255 - 256 - 257 - 258 - 259 - 260 - 262 - 264 - 265 - 270 - 278 - 279 - 280 - 281 - 283 - 286 - 289 - 290 - 291 - 292 - 295 - 297 - 298 - 299 - 300 - 301 - 303 - 307 - 309 - 310 - 311 - 314 - 315 - 319 - 330 - 331 - 332 - 334 - 337 - 340 - 341 - 342 - 345 - 346 - 348 - 350 - 354 - 356 - 358 - 360 - 362 - 366 - 370 - 371 - 372 - 375 - 378 - 379 - 381 - 384 - 387 - 388 - 389 - 391 - 392 - 393 - 397 - 398 - 400 - 401 - 404 - 408 - 410 - 413 - 416 - 418 - 420 - 421 - 424 - 425 - 429 - 433 - 436 - 437 - 438 - 440 - 441 - 442 - 445 - 446 - 447 - 450 - 451 - 453 - 454 - 456 - 457 - 458 - 460 - 466 - 468 - 472 - 478 - 482 - 484 - 485 - 486 - 487 - 488 - 493 - 494 - 495 - 496 - 498 - 499,14549981.9,0.1,61251,71000,40.82,Cost: 61251 & Capacity: 71000
7 - 9 - 11 - 13 - 14 - 15 - 16 - 18 - 21 - 22 - 26 - 27 - 28 - 30 - 34 - 35 - 38 - 39 - 43 - 45 - 47 - 48 - 50 - 52 - 54 - 55 - 56 - 58 - 60 - 61 - 64 - 65 - 67 - 68 - 70 - 73 - 76 - 80 - 81 - 84 - 85 - 87 - 88 - 93 - 94 - 96 - 97 - 101 - 103 - 105 - 110 - 112 - 114 - 115 - 117 - 120 - 121 - 123 - 124 - 126 - 129 - 133 - 136 - 137 - 138 - 141 - 142 - 143 - 146 - 148 - 149 - 151 - 152 - 156 - 157 - 160 - 161 - 162 - 163 - 165 - 167 - 168 - 169 - 170 - 173 - 175 - 180 - 182 - 185 - 186 - 187 - 189 - 190 - 192 - 193 - 194 - 195 - 196 - 201 - 206 - 207 - 211 - 212 - 213 - 216 - 217 - 218 - 219 - 222 - 223 - 226 - 227 - 228 - 229 - 230 - 232 - 233 - 235 - 239 - 243 - 244 - 245 - 247 - 248 - 250 - 251 - 254 - 255 - 256 - 257 - 258 - 259 - 260 - 262 - 264 - 265 - 270 - 278 - 279 - 280 - 281 - 283 - 286 - 289 - 290 - 291 - 292 - 295 - 297 - 298 - 299 - 300 - 301 - 303 - 307 - 309 - 310 - 311 - 314 - 315 - 319 - 330 - 331 - 332 - 334 - 337 - 340 - 341 - 342 - 345 - 346 - 348 - 350 - 354 - 356 - 358 - 360 - 362 - 366 - 370 - 371 - 372 - 375 - 378 - 379 - 381 - 384 - 387 - 388 - 389 - 391 - 392 - 393 - 397 - 398 - 400 - 401 - 404 - 408 - 410 - 413 - 416 - 418 - 420 - 421 - 424 - 425 - 429 - 433 - 436 - 437 - 438 - 440 - 441 - 442 - 445 - 446 - 447 - 450 - 451 - 453 - 454 - 456 - 457 - 458 - 460 - 466 - 468 - 472 - 478 - 482 - 484 - 485 - 486 - 487 - 488 - 493 - 494 - 495 - 496 - 498 - 499,14549981.9,0.1,61251,71000,42.18,Cost: 61251 & Capacity: 71000
1 - 7 - 10 - 11 - 13 - 14 - 16 - 18 - 21 - 22 - 26 - 28 - 34 - 38 - 43 - 45 - 47 - 49 - 52 - 55 - 56 - 60 - 61 - 65 - 67 - 68 - 73 - 75 - 80 - 81 - 84 - 85 - 87 - 93 - 94 - 96 - 97 - 101 - 104 - 105 - 109 - 112 - 114 - 121 - 123 - 124 - 129 - 133 - 137 - 138 - 139 - 141 - 143 - 144 - 146 - 148 - 151 - 152 - 154 - 157 - 158 - 163 - 169 - 170 - 173 - 174 - 177 - 180 - 181 - 182 - 185 - 188 - 189 - 191 - 192 - 193 - 197 - 201 - 206 - 207 - 211 - 213 - 215 - 219 - 220 - 222 - 223 - 224 - 226 - 227 - 228 - 229 - 233 - 234 - 235 - 238 - 239 - 243 - 244 - 245 - 247 - 248 - 254 - 255 - 256 - 257 - 258 - 262 - 264 - 265 - 266 - 270 - 278 - 279 - 281 - 283 - 284 - 286 - 289 - 297 - 299 - 300 - 301 - 303 - 311 - 316 - 318 - 329 - 331 - 332 - 333 - 334 - 336 - 337 - 342 - 343 - 345 - 346 - 348 - 350 - 358 - 363 - 366 - 369 - 372 - 375 - 377 - 378 - 380 - 381 - 389 - 391 - 393 - 394 - 395 - 400 - 401 - 404 - 405 - 412 - 414 - 416 - 420 - 421 - 425 - 433 - 437 - 438 - 441 - 442 - 446 - 447 - 450 - 451 - 454 - 456 - 458 - 460 - 462 - 463 - 466 - 468 - 475 - 478 - 483 - 488 - 490 - 493 - 498 - 499,8998664.6,6.2,61238,64621,42.44,Cost: 61238 & Capacity: 64621
0 - 1 - 7 - 10 - 11 - 13 - 14 - 16 - 18 - 21 - 22 - 26 - 28 - 34 - 38 - 39 - 43 - 45 - 52 - 55 - 56 - 60 - 61 - 65 - 67 - 68 - 73 - 75 - 80 - 81 - 84 - 85 - 86 - 87 - 89 - 93 - 94 - 101 - 103 - 104 - 105 - 109 - 112 - 114 - 120 - 121 - 123 - 124 - 129 - 133 - 138 - 139 - 141 - 143 - 148 - 151 - 152 - 154 - 157 - 158 - 163 - 169 - 170 - 173 - 174 - 177 - 180 - 181 - 182 - 185 - 188 - 189 - 190 - 191 - 192 - 193 - 197 - 201 - 207 - 213 - 215 - 219 - 220 - 222 - 224 - 226 - 227 - 228 - 229 - 234 - 235 - 239 - 243 - 244 - 245 - 247 - 248 - 254 - 255 - 256 - 257 - 258 - 262 - 263 - 264 - 265 - 266 - 268 - 270 - 278 - 279 - 281 - 283 - 284 - 286 - 288 - 289 - 296 - 297 - 299 - 300 - 301 - 303 - 311 - 316 - 318 - 321 - 329 - 332 - 333 - 334 - 336 - 337 - 342 - 345 - 346 - 348 - 350 - 358 - 366 - 369 - 372 - 375 - 377 - 378 - 381 - 389 - 391 - 393 - 394 - 395 - 400 - 404 - 405 - 412 - 413 - 414 - 416 - 420 - 421 - 425 - 433 - 438 - 441 - 442 - 446 - 450 - 451 - 454 - 456 - 458 - 462 - 466 - 468 - 475 - 478 - 483 - 488 - 493 - 498 - 499,8181445.8,7.5,61163,62465,42.45,Cost: 61163 & Capacity: 62465
7 - 9 - 11 - 13 - 14 - 15 - 16 - 18 - 21 - 22 - 26 - 27 - 28 - 30 - 34 - 35 - 38 - 39 - 43 - 45 - 47 - 48 - 49 - 50 - 52 - 54 - 55 - 56 - 58 - 60 - 61 - 64 - 65 - 67 - 68 - 70 - 73 - 76 - 80 - 81 - 84 - 85 - 87 - 88 - 93 - 94 - 96 - 97 - 101 - 103 - 104 - 105 - 110 - 112 - 114 - 115 - 117 - 120 - 121 - 123 - 124 - 126 - 129 - 133 - 136 - 137 - 138 - 141 - 142 - 143 - 146 - 148 - 149 - 151 - 152 - 156 - 157 - 160 - 161 - 162 - 163 - 165 - 167 - 168 - 169 - 170 - 173 - 175 - 180 - 182 - 185 - 186 - 187 - 189 - 190 - 192 - 193 - 194 - 195 - 201 - 206 - 207 - 211 - 212 - 213 - 216 - 217 - 218 - 219 - 222 - 223 - 226 - 227 - 228 - 230 - 232 - 233 - 235 - 239 - 243 - 244 - 245 - 247 - 248 - 251 - 254 - 255 - 256 - 257 - 258 - 259 - 260 - 262 - 264 - 265 - 270 - 278 - 279 - 280 - 281 - 283 - 286 - 287 - 289 - 290 - 291 - 292 - 295 - 297 - 298 - 299 - 300 - 301 - 303 - 307 - 309 - 310 - 311 - 314 - 315 - 319 - 320 - 330 - 331 - 332 - 334 - 337 - 340 - 341 - 342 - 345 - 346 - 348 - 350 - 354 - 356 - 358 - 360 - 362 - 366 - 370 - 371 - 372 - 375 - 378 - 379 - 381 - 384 - 387 - 388 - 389 - 391 - 392 - 393 - 397 - 398 - 400 - 401 - 404 - 408 - 410 - 413 - 416 - 418 - 420 - 421 - 424 - 425 - 429 - 431 - 433 - 436 - 438 - 440 - 441 - 442 - 445 - 446 - 447 - 450 - 451 - 453 - 454 - 456 - 457 - 458 - 460 - 466 - 468 - 472 - 478 - 482 - 484 - 485 - 486 - 487 - 488 - 493 - 494 - 496 - 498 - 499,14533037.6,0.1,61249,71569,42.75,Cost: 61249 & Capacity: 71569
7 - 9 - 11 - 13 - 14 - 15 - 16 - 18 - 21 - 22 - 26 - 27 - 28 - 30 - 34 - 35 - 38 - 39 - 43 - 45 - 47 - 48 - 50 - 52 - 54 - 55 - 56 - 58 - 60 - 61 - 64 - 65 - 67 - 68 - 70 - 73 - 76 - 80 - 81 - 84 - 85 - 87 - 88 - 93 - 94 - 96 - 97 - 101 - 103 - 105 - 110 - 112 - 114 - 115 - 117 - 120 - 121 - 123 - 124 - 126 - 129 - 133 - 136 - 137 - 138 - 141 - 142 - 143 - 146 - 148 - 149 - 151 - 152 - 156 - 157 - 160 - 161 - 162 - 163 - 165 - 167 - 168 - 169 - 170 - 173 - 175 - 180 - 182 - 185 - 186 - 187 - 189 - 190 - 192 - 193 - 194 - 195 - 196 - 201 - 206 - 207 - 211 - 212 - 213 - 216 - 217 - 218 - 219 - 222 - 223 - 226 - 227 - 228 - 229 - 230 - 232 - 233 - 235 - 239 - 243 - 244 - 245 - 247 - 248 - 250 - 251 - 254 - 255 - 256 - 257 - 258 - 259 - 260 - 262 - 264 - 265 - 270 - 278 - 279 - 280 - 281 - 283 - 286 - 289 - 290 - 291 - 292 - 295 - 297 - 298 - 299 - 300 - 301 - 303 - 307 - 309 - 310 - 311 - 314 - 315 - 319 - 330 - 331 - 332 - 334 - 337 - 340 - 341 - 342 - 345 - 346 - 348 - 350 - 354 - 356 - 358 - 360 - 362 - 366 - 370 - 371 - 372 - 375 - 378 - 379 - 381 - 384 - 387 - 388 - 389 - 391 - 392 - 393 - 397 - 398 - 400 - 401 - 404 - 408 - 410 - 413 - 416 - 418 - 420 - 421 - 424 - 425 - 429 - 433 - 436 - 437 - 438 - 440 - 441 - 442 - 445 - 446 - 447 - 450 - 451 - 453 - 454 - 456 - 457 - 458 - 460 - 466 - 468 - 472 - 478 - 482 - 484 - 485 - 486 - 487 - 488 - 493 - 494 - 495 - 496 - 498 - 499,14549981.9,0.1,61251,71000,42.97,Cost: 61251 & Capacity: 71000
7 - 9 - 11 - 13 - 14 - 15 - 16 - 18 - 21 - 22 - 26 - 27 - 28 - 30 - 34 - 35 - 38 - 39 - 43 - 45 - 47 - 48 - 50 - 52 - 54 - 55 - 56 - 58 - 60 - 61 - 64 - 65 - 67 - 68 - 70 - 73 - 76 - 80 - 81 - 84 - 85 - 87 - 88 - 93 - 94 - 96 - 97 - 101 - 103 - 105 - 110 - 112 - 114 - 115 - 117 - 120 - 121 - 123 - 124 - 126 - 129 - 133 - 136 - 137 - 138 - 141 - 142 - 143 - 146 - 148 - 149 - 151 - 152 - 156 - 157 - 160 - 161 - 162 - 163 - 165 - 167 - 168 - 169 - 170 - 173 - 175 - 180 - 182 - 185 - 186 - 187 - 189 - 190 - 192 - 193 - 194 - 195 - 196 - 201 - 206 - 207 - 211 - 212 - 213 - 216 - 217 - 218 - 219 - 222 - 223 - 226 - 227 - 228 - 229 - 230 - 232 - 233 - 235 - 239 - 243 - 244 - 245 - 247 - 248 - 250 - 251 - 254 - 255 - 256 - 257 - 258 - 259 - 260 - 262 - 264 - 265 - 270 - 278 - 279 - 280 - 281 - 283 - 286 - 289 - 290 - 291 - 292 - 295 - 297 - 298 - 299 - 300 - 301 - 303 - 307 - 309 - 310 - 311 - 314 - 315 - 319 - 330 - 331 - 332 - 334 - 337 - 340 - 341 - 342 - 345 - 346 - 348 - 350 - 354 - 356 - 358 - 360 - 362 - 366 - 370 - 371 - 372 - 375 - 378 - 379 - 381 - 384 - 387 - 388 - 389 - 391 - 392 - 393 - 397 - 398 - 400 - 401 - 404 - 408 - 410 - 413 - 416 - 418 - 420 - 421 - 424 - 425 - 429 - 433 - 436 - 437 - 438 - 440 - 441 - 442 - 445 - 446 - 447 - 450 - 451 - 453 - 454 - 456 - 457 - 458 - 460 - 466 - 468 - 472 - 478 - 482 - 484 - 485 - 486 - 487 - 488 - 493 - 494 - 495 - 496 - 498 - 499,14549981.9,0.1,61251,71000,44.62,Cost: 61251 & Capacity: 71000
7 - 9 - 11 - 13 - 14 - 15 - 16 - 18 - 21 - 22 - 26 - 27 - 28 - 30 - 34 - 35 - 38 - 39 - 43 - 45 - 47 - 48 - 49 - 50 - 52 - 54 - 55 - 56 - 58 - 60 - 61 - 64 - 65 - 67 - 68 - 70 - 73 - 76 - 80 - 81 - 84 - 85 - 87 - 88 - 93 - 94 - 96 - 97 - 101 - 103 - 104 - 105 - 108 - 110 - 111 - 112 - 114 - 115 - 117 - 120 - 121 - 123 - 124 - 126 - 129 - 133 - 136 - 137 - 138 - 141 - 142 - 143 - 146 - 148 - 149 - 151 - 152 - 156 - 157 - 160 - 161 - 162 - 163 - 165 - 167 - 168 - 169 - 170 - 172 - 173 - 175 - 180 - 182 - 185 - 186 - 187 - 189 - 190 - 192 - 193 - 194 - 195 - 196 - 201 - 206 - 207 - 211 - 212 - 216 - 217 - 218 - 219 - 222 - 223 - 226 - 227 - 228 - 230 - 232 - 233 - 235 - 239 - 243 - 244 - 245 - 247 - 248 - 250 - 251 - 254 - 255 - 256 - 257 - 258 - 259 - 260 - 262 - 264 - 265 - 270 - 278 - 279 - 280 - 281 - 283 - 286 - 289 - 290 - 291 - 292 - 295 - 297 - 298 - 299 - 300 - 301 - 303 - 307 - 309 - 310 - 311 - 314 - 315 - 319 - 330 - 331 - 332 - 337 - 340 - 341 - 342 - 345 - 346 - 348 - 350 - 354 - 356 - 358 - 360 - 362 - 366 - 370 - 371 - 372 - 375 - 378 - 379 - 381 - 384 - 387 - 388 - 389 - 391 - 392 - 393 - 397 - 398 - 400 - 401 - 408 - 410 - 413 - 416 - 418 - 420 - 421 - 425 - 429 - 433 - 436 - 438 - 440 - 441 - 442 - 445 - 446 - 447 - 450 - 451 - 453 - 454 - 456 - 457 - 458 - 460 - 466 - 468 - 472 - 478 - 482 - 483 - 484 - 485 - 486 - 487 - 488 - 493 - 494 - 496 - 498 - 499,14379602.1,0.1,60474,70506,45.26,Cost: 60474 & Capacity: 70506
7 - 9 - 11 - 13 - 14 - 15 - 16 - 18 - 21 - 22 - 26 - 27 - 28 - 30 - 34 - 35 - 38 - 39 - 43 - 45 - 47 - 48 - 49 - 50 - 52 - 54 - 55 - 56 - 58 - 60 - 61 - 64 - 65 - 67 - 68 - 70 - 73 - 76 - 80 - 81 - 84 - 85 - 87 - 88 - 93 - 94 - 96 - 97 - 101 - 103 - 104 - 105 - 110 - 112 - 114 - 115 - 117 - 120 - 121 - 123 - 124 - 126 - 129 - 133 - 136 - 137 - 138 - 141 - 142 - 143 - 146 - 148 - 149 - 151 - 152 - 156 - 157 - 158 - 160 - 161 - 162 - 163 - 167 - 168 - 169 - 170 - 173 - 175 - 180 - 182 - 185 - 186 - 187 - 189 - 190 - 192 - 193 - 194 - 195 - 201 - 206 - 207 - 211 - 212 - 213 - 216 - 217 - 218 - 219 - 222 - 223 - 226 - 227 - 228 - 230 - 232 - 233 - 235 - 239 - 243 - 244 - 245 - 247 - 248 - 250 - 251 - 254 - 255 - 256 - 257 - 258 - 259 - 260 - 262 - 264 - 265 - 270 - 278 - 279 - 280 - 281 - 283 - 286 - 289 - 290 - 291 - 292 - 295 - 297 - 298 - 299 - 300 - 301 - 303 - 307 - 309 - 310 - 311 - 314 - 315 - 319 - 320 - 330 - 331 - 332 - 334 - 337 - 340 - 341 - 342 - 345 - 346 - 348 - 350 - 354 - 356 - 358 - 360 - 362 - 366 - 370 - 371 - 372 - 375 - 378 - 379 - 381 - 384 - 387 - 388 - 389 - 391 - 392 - 393 - 397 - 398 - 400 - 401 - 404 - 408 - 410 - 413 - 416 - 418 - 420 - 421 - 424 - 425 - 429 - 431 - 433 - 436 - 438 - 440 - 441 - 442 - 445 - 446 - 447 - 450 - 451 - 453 - 454 - 456 - 457 - 458 - 460 - 466 - 468 - 472 - 478 - 482 - 484 - 485 - 486 - 487 - 488 - 493 - 494 - 496 - 498 - 499,14551659.4,0.1,61252,71022,45.36,Cost: 61252 & Capacity: 71022
7 - 9 - 11 - 13 - 14 - 15 - 16 - 18 - 21 - 22 - 26 - 27 - 28 - 30 - 34 - 35 - 38 - 39 - 43 - 45 - 47 - 48 - 50 - 52 - 54 - 55 - 56 - 58 - 60 - 61 - 64 - 65 - 67 - 68 - 70 - 73 - 76 - 80 - 81 - 84 - 85 - 87 - 88 - 93 - 94 - 96 - 97 - 101 - 103 - 105 - 110 - 112 - 114 - 115 - 117 - 120 - 121 - 123 - 124 - 126 - 129 - 133 - 136 - 137 - 138 - 141 - 142 - 143 - 146 - 148 - 149 - 151 - 152 - 156 - 157 - 160 - 161 - 162 - 163 - 165 - 167 - 168 - 169 - 170 - 173 - 175 - 180 - 182 - 185 - 186 - 187 - 189 - 190 - 192 - 193 - 194 - 195 - 196 - 201 - 206 - 207 - 211 - 212 - 213 - 216 - 217 - 218 - 219 - 222 - 223 - 226 - 227 - 228 - 229 - 230 - 232 - 233 - 235 - 239 - 243 - 244 - 245 - 247 - 248 - 250 - 251 - 254 - 255 - 256 - 257 - 258 - 259 - 260 - 262 - 264 - 265 - 270 - 278 - 279 - 280 - 281 - 283 - 286 - 289 - 290 - 291 - 292 - 295 - 297 - 298 - 299 - 300 - 301 - 303 - 307 - 309 - 310 - 311 - 314 - 315 - 319 - 330 - 331 - 332 - 334 - 337 - 340 - 341 - 342 - 345 - 346 - 348 - 350 - 354 - 356 - 358 - 360 - 362 - 366 - 370 - 371 - 372 - 375 - 378 - 379 - 381 - 384 - 387 - 388 - 389 - 391 - 392 - 393 - 397 - 398 - 400 - 401 - 404 - 408 - 410 - 413 - 416 - 418 - 420 - 421 - 424 - 425 - 429 - 433 - 436 - 437 - 438 - 440 - 441 - 442 - 445 - 446 - 447 - 450 - 451 - 453 - 454 - 456 - 457 - 458 - 460 - 466 - 468 - 472 - 478 - 482 - 484 - 485 - 486 - 487 - 488 - 493 - 494 - 495 - 496 - 498 - 499,14549981.9,0.1,61251,71000,45.68,Cost: 61251 & Capacity: 71000
3 - 26 - 29 - 30 - 33 - 34 - 43 - 44 - 55 - 63 - 71 - 104 - 105 - 109 - 113 - 117 - 118 - 122 - 128 - 137 - 144 - 150 - 152 - 159 - 171 - 172 - 179 - 184 - 210 - 214 - 221 - 224 - 230 - 241 - 246 - 268 - 275 - 277 - 278 - 280 - 282 - 283 - 284 - 292 - 294 - 303 - 309 - 310 - 312 - 316 - 318 - 320 - 325 - 327 - 331 - 340 - 341 - 344 - 347 - 348 - 351 - 357 - 382 - 383 - 385 - 386 - 397 - 407 - 409 - 416 - 422 - 424 - 428 - 438 - 439 - 456 - 464 - 465 - 471 - 475 - 477 - 482 - 488 - 492,1839264.3,35.9,61074,54539,46.02,Cost: 61074 & Capacity: 54539
7 - 10 - 11 - 13 - 14 - 15 - 16 - 18 - 21 - 22 - 26 - 27 - 28 - 30 - 34 - 35 - 38 - 39 - 43 - 45 - 47 - 48 - 49 - 50 - 52 - 55 - 56 - 58 - 60 - 61 - 64 - 65 - 67 - 68 - 70 - 73 - 75 - 76 - 80 - 81 - 84 - 85 - 87 - 88 - 93 - 94 - 96 - 97 - 101 - 103 - 105 - 110 - 112 - 114 - 115 - 117 - 120 - 121 - 123 - 124 - 126 - 129 - 133 - 136 - 137 - 138 - 141 - 142 - 143 - 146 - 148 - 149 - 151 - 152 - 156 - 157 - 158 - 160 - 161 - 162 - 163 - 165 - 167 - 169 - 170 - 173 - 175 - 180 - 182 - 185 - 186 - 189 - 190 - 191 - 192 - 193 - 194 - 195 - 201 - 206 - 207 - 211 - 212 - 213 - 216 - 217 - 218 - 219 - 222 - 223 - 226 - 227 - 228 - 230 - 232 - 233 - 235 - 239 - 243 - 244 - 245 - 247 - 248 - 250 - 251 - 254 - 255 - 256 - 257 - 258 - 259 - 262 - 264 - 265 - 270 - 278 - 279 - 280 - 281 - 283 - 286 - 289 - 290 - 291 - 292 - 295 - 297 - 298 - 299 - 300 - 301 - 303 - 307 - 309 - 310 - 311 - 314 - 315 - 319 - 320 - 330 - 331 - 332 - 334 - 336 - 337 - 340 - 341 - 342 - 345 - 346 - 348 - 350 - 354 - 356 - 358 - 360 - 362 - 366 - 370 - 372 - 375 - 377 - 378 - 379 - 381 - 384 - 387 - 388 - 389 - 391 - 392 - 393 - 397 - 398 - 400 - 404 - 408 - 410 - 413 - 416 - 418 - 420 - 421 - 425 - 429 - 433 - 436 - 438 - 440 - 441 - 442 - 445 - 446 - 447 - 450 - 451 - 453 - 454 - 456 - 457 - 458 - 460 - 462 - 466 - 468 - 472 - 478 - 482 - 484 - 485 - 486 - 487 - 488 - 493 - 494 - 495 - 496 - 498 - 499,14323646.6,0.2,61249,70350,46.22,Cost: 61249 & Capacity: 70350
7 - 9 - 11 - 13 - 14 - 15 - 16 - 18 - 21 - 22 - 26 - 27 - 28 - 30 - 34 - 35 - 38 - 39 - 43 - 45 - 47 - 48 - 50 - 52 - 54 - 55 - 56 - 58 - 60 - 61 - 64 - 65 - 67 - 68 - 70 - 73 - 76 - 80 - 81 - 84 - 85 - 87 - 88 - 93 - 94 - 96 - 97 - 101 - 103 - 105 - 110 - 112 - 114 - 115 - 117 - 120 - 121 - 123 - 124 - 126 - 129 - 133 - 136 - 137 - 138 - 141 - 142 - 143 - 146 - 148 - 149 - 151 - 152 - 156 - 157 - 160 - 161 - 162 - 163 - 165 - 167 - 168 - 169 - 170 - 173 - 175 - 180 - 182 - 185 - 186 - 187 - 189 - 190 - 192 - 193 - 194 - 195 - 196 - 201 - 206 - 207 - 211 - 212 - 213 - 216 - 217 - 218 - 219 - 222 - 223 - 226 - 227 - 228 - 229 - 230 - 232 - 233 - 235 - 239 - 243 - 244 - 245 - 247 - 248 - 250 - 251 - 254 - 255 - 256 - 257 - 258 - 259 - 260 - 262 - 264 - 265 - 270 - 278 - 279 - 280 - 281 - 283 - 286 - 289 - 290 - 291 - 292 - 295 - 297 - 298 - 299 - 300 - 301 - 303 - 307 - 309 - 310 - 311 - 314 - 315 - 319 - 330 - 331 - 332 - 334 - 337 - 340 - 341 - 342 - 345 - 346 - 348 - 350 - 354 - 356 - 358 - 360 - 362 - 366 - 370 - 371 - 372 - 375 - 378 - 379 - 381 - 384 - 387 - 388 - 389 - 391 - 392 - 393 - 397 - 398 - 400 - 401 - 404 - 408 - 410 - 413 - 416 - 418 - 420 - 421 - 424 - 425 - 429 - 433 - 436 - 437 - 438 - 440 - 441 - 442 - 445 - 446 - 447 - 450 - 451 - 453 - 454 - 456 - 457 - 458 - 460 - 466 - 468 - 472 - 478 - 482 - 484 - 485 - 486 - 487 - 488 - 493 - 494 - 495 - 496 - 498 - 499,14549981.9,0.1,61251,71000,47.82,Cost: 61251 & Capacity: 71000
0 - 1 - 7 - 10 - 16 - 23 - 26 - 29 - 31 - 33 - 64 - 70 - 71 - 74 - 78 - 80 - 82 - 85 - 86 - 93 - 94 - 99 - 103 - 105 - 111 - 113 - 117 - 121 - 128 - 132 - 139 - 143 - 145 - 147 - 153 - 170 - 186 - 191 - 201 - 205 - 206 - 207 - 212 - 215 - 216 - 220 - 222 - 223 - 224 - 230 - 235 - 244 - 245 - 250 - 253 - 259 - 260 - 263 - 266 - 267 - 270 - 274 - 281 - 283 - 286 - 294 - 305 - 307 - 312 - 322 - 326 - 327 - 330 - 331 - 332 - 334 - 362 - 364 - 369 - 371 - 374 - 378 - 382 - 387 - 390 - 398 - 403 - 407 - 408 - 412 - 416 - 418 - 419 - 426 - 429 - 433 - 434 - 439 - 444 - 456 - 458 - 460 - 467 - 470 - 480 - 483 - 484 - 487 - 493 - 496 - 498,3167660.8,23.5,60419,52505,49.55,Cost: 60419 & Capacity: 52505
7 - 9 - 11 - 13 - 14 - 15 - 16 - 18 - 21 - 22 - 26 - 27 - 28 - 30 - 34 - 35 - 38 - 39 - 43 - 45 - 47 - 48 - 50 - 52 - 54 - 55 - 56 - 58 - 60 - 61 - 64 - 65 - 67 - 68 - 70 - 73 - 76 - 80 - 81 - 84 - 85 - 87 - 88 - 93 - 94 - 96 - 97 - 101 - 103 - 105 - 110 - 112 - 114 - 115 - 117 - 120 - 121 - 123 - 124 - 126 - 129 - 133 - 136 - 137 - 138 - 141 - 142 - 143 - 146 - 148 - 149 - 151 - 152 - 156 - 157 - 160 - 161 - 162 - 163 - 165 - 167 - 168 - 169 - 170 - 173 - 175 - 180 - 182 - 185 - 186 - 187 - 189 - 190 - 192 - 193 - 194 - 195 - 196 - 201 - 206 - 207 - 211 - 212 - 213 - 216 - 217 - 218 - 219 - 222 - 223 - 226 - 227 - 228 - 229 - 230 - 232 - 233 - 235 - 239 - 243 - 244 - 245 - 247 - 248 - 250 - 251 - 254 - 255 - 256 - 257 - 258 - 259 - 260 - 262 - 264 - 265 - 270 - 278 - 279 - 280 - 281 - 283 - 286 - 289 - 290 - 291 - 292 - 295 - 297 - 298 - 299 - 300 - 301 - 303 - 307 - 309 - 310 - 311 - 314 - 315 - 319 - 330 - 331 - 332 - 334 - 337 - 340 - 341 - 342 - 345 - 346 - 348 - 350 - 354 - 356 - 358 - 360 - 362 - 366 - 370 - 371 - 372 - 375 - 378 - 379 - 381 - 384 - 387 - 388 - 389 - 391 - 392 - 393 - 397 - 398 - 400 - 401 - 404 - 408 - 410 - 413 - 416 - 418 - 420 - 421 - 424 - 425 - 429 - 433 - 436 - 437 - 438 - 440 - 441 - 442 - 445 - 446 - 447 - 450 - 451 - 453 - 454 - 456 - 457 - 458 - 460 - 466 - 468 - 472 - 478 - 482 - 484 - 485 - 486 - 487 - 488 - 493 - 494 - 495 - 496 - 498 - 499,14549981.9,0.1,61251,71000,50.65,Cost: 61251 & Capacity: 71000
7 - 9 - 11 - 13 - 14 - 15 - 16 - 18 - 21 - 22 - 26 - 27 - 28 - 30 - 34 - 35 - 38 - 39 - 43 - 45 - 47 - 48 - 50 - 52 - 54 - 55 - 56 - 58 - 60 - 61 - 64 - 65 - 67 - 68 - 70 - 73 - 76 - 80 - 81 - 84 - 85 - 87 - 88 - 93 - 94 - 96 - 97 - 101 - 103 - 105 - 110 - 112 - 114 - 115 - 117 - 120 - 121 - 123 - 124 - 126 - 129 - 133 - 136 - 137 - 138 - 141 - 142 - 143 - 146 - 148 - 149 - 151 - 152 - 156 - 157 - 160 - 161 - 162 - 163 - 165 - 167 - 168 - 169 - 170 - 173 - 175 - 180 - 182 - 185 - 186 - 187 - 189 - 190 - 192 - 193 - 194 - 195 - 196 - 201 - 206 - 207 - 211 - 212 - 213 - 216 - 217 - 218 - 219 - 222 - 223 - 226 - 227 - 228 - 229 - 230 - 232 - 233 - 235 - 239 - 243 - 244 - 245 - 247 - 248 - 250 - 251 - 254 - 255 - 256 - 257 - 258 - 259 - 260 - 262 - 264 - 265 - 270 - 278 - 279 - 280 - 281 - 283 - 286 - 289 - 290 - 291 - 292 - 295 - 297 - 298 - 299 - 300 - 301 - 303 - 307 - 309 - 310 - 311 - 314 - 315 - 319 - 330 - 331 - 332 - 334 - 337 - 340 - 341 - 342 - 345 - 346 - 348 - 350 - 354 - 356 - 358 - 360 - 362 - 366 - 370 - 371 - 372 - 375 - 378 - 379 - 381 - 384 - 387 - 388 - 389 - 391 - 392 - 393 - 397 - 398 - 400 - 401 - 404 - 408 - 410 - 413 - 416 - 418 - 420 - 421 - 424 - 425 - 429 - 433 - 436 - 437 - 438 - 440 - 441 - 442 - 445 - 446 - 447 - 450 - 451 - 453 - 454 - 456 - 457 - 458 - 460 - 466 - 468 - 472 - 478 - 482 - 484 - 485 - 486 - 487 - 488 - 493 - 494 - 495 - 496 - 498 - 499,14549981.9,0.1,61251,71000,51.37,Cost: 61251 & Capacity: 71000
7 - 9 - 11 - 13 - 14 - 15 - 16 - 18 - 21 - 22 - 26 - 27 - 28 - 30 - 34 - 35 - 38 - 39 - 43 - 45 - 47 - 48 - 50 - 52 - 54 - 55 - 56 - 58 - 60 - 61 - 64 - 65 - 67 - 68 - 70 - 73 - 76 - 80 - 81 - 84 - 85 - 87 - 88 - 93 - 94 - 96 - 97 - 101 - 103 - 105 - 110 - 112 - 114 - 115 - 117 - 120 - 121 - 123 - 124 - 126 - 129 - 133 - 136 - 137 - 138 - 141 - 142 - 143 - 146 - 148 - 149 - 151 - 152 - 156 - 157 - 160 - 161 - 162 - 163 - 165 - 167 - 168 - 169 - 170 - 173 - 175 - 180 - 182 - 185 - 186 - 187 - 189 - 190 - 192 - 193 - 194 - 195 - 196 - 201 - 206 - 207 - 211 - 212 - 213 - 216 - 217 - 218 - 219 - 222 - 223 - 226 - 227 - 228 - 229 - 230 - 232 - 233 - 235 - 239 - 243 - 244 - 245 - 247 - 248 - 250 - 251 - 254 - 255 - 256 - 257 - 258 - 259 - 260 - 262 - 264 - 265 - 270 - 278 - 279 - 280 - 281 - 283 - 286 - 289 - 290 - 291 - 292 - 295 - 297 - 298 - 299 - 300 - 301 - 303 - 307 - 309 - 310 - 311 - 314 - 315 - 319 - 330 - 331 - 332 - 334 - 337 - 340 - 341 - 342 - 345 - 346 - 348 - 350 - 354 - 356 - 358 - 360 - 362 - 366 - 370 - 371 - 372 - 375 - 378 - 379 - 381 - 384 - 387 - 388 - 389 - 391 - 392 - 393 - 397 - 398 - 400 - 401 - 404 - 408 - 410 - 413 - 416 - 418 - 420 - 421 - 424 - 425 - 429 - 433 - 436 - 437 - 438 - 440 - 441 - 442 - 445 - 446 - 447 - 450 - 451 - 453 - 454 - 456 - 457 - 458 - 460 - 466 - 468 - 472 - 478 - 482 - 484 - 485 - 486 - 487 - 488 - 493 - 494 - 495 - 496 - 498 - 499,14549981.9,0.1,61251,71000,52.6,Cost: 61251 & Capacity: 71000
7 - 9 - 11 - 13 - 14 - 15 - 16 - 18 - 21 - 22 - 26 - 27 - 28 - 30 - 34 - 35 - 38 - 39 - 43 - 45 - 47 - 48 - 50 - 52 - 54 - 55 - 56 - 58 - 60 - 61 - 64 - 65 - 67 - 68 - 70 - 73 - 76 - 80 - 81 - 84 - 85 - 87 - 88 - 93 - 94 - 96 - 97 - 101 - 103 - 105 - 110 - 112 - 114 - 115 - 117 - 120 - 121 - 123 - 124 - 126 - 129 - 133 - 136 - 137 - 138 - 141 - 142 - 143 - 146 - 148 - 149 - 151 - 152 - 156 - 157 - 160 - 161 - 162 - 163 - 165 - 167 - 168 - 169 - 170 - 173 - 175 - 180 - 182 - 185 - 186 - 187 - 189 - 190 - 192 - 193 - 194 - 195 - 196 - 201 - 206 - 207 - 211 - 212 - 213 - 216 - 217 - 218 - 219 - 222 - 223 - 226 - 227 - 228 - 229 - 230 - 232 - 233 - 235 - 239 - 243 - 244 - 245 - 247 - 248 - 250 - 251 - 254 - 255 - 256 - 257 - 258 - 259 - 260 - 262 - 264 - 265 - 270 - 278 - 279 - 280 - 281 - 283 - 286 - 289 - 290 - 291 - 292 - 295 - 297 - 298 - 299 - 300 - 301 - 303 - 307 - 309 - 310 - 311 - 314 - 315 - 319 - 330 - 331 - 332 - 334 - 337 - 340 - 341 - 342 - 345 - 346 - 348 - 350 - 354 - 356 - 358 - 360 - 362 - 366 - 370 - 371 - 372 - 375 - 378 - 379 - 381 - 384 - 387 - 388 - 389 - 391 - 392 - 393 - 397 - 398 - 400 - 401 - 404 - 408 - 410 - 413 - 416 - 418 - 420 - 421 - 424 - 425 - 429 - 433 - 436 - 437 - 438 - 440 - 441 - 442 - 445 - 446 - 447 - 450 - 451 - 453 - 454 - 456 - 457 - 458 - 460 - 466 - 468 - 472 - 478 - 482 - 484 - 485 - 486 - 487 - 488 - 493 - 494 - 495 - 496 - 498 - 499,14549981.9,0.1,61251,71000,52.87,Cost: 61251 & Capacity: 71000
7 - 9 - 11 - 13 - 14 - 15 - 16 - 18 - 21 - 22 - 26 - 27 - 28 - 30 - 34 - 35 - 38 - 39 - 43 - 45 - 47 - 48 - 50 - 52 - 54 - 55 - 56 - 58 - 60 - 61 - 64 - 65 - 67 - 68 - 70 - 73 - 76 - 80 - 81 - 84 - 85 - 87 - 88 - 93 - 94 - 96 - 97 - 101 - 103 - 105 - 110 - 112 - 114 - 115 - 117 - 120 - 121 - 123 - 124 - 126 - 129 - 133 - 136 - 137 - 138 - 141 - 142 - 143 - 146 - 148 - 149 - 151 - 152 - 156 - 157 - 160 - 161 - 162 - 163 - 165 - 167 - 168 - 169 - 170 - 173 - 175 - 180 - 182 - 185 - 186 - 187 - 189 - 190 - 192 - 193 - 194 - 195 - 196 - 201 - 206 - 207 - 211 - 212 - 213 - 216 - 217 - 218 - 219 - 222 - 223 - 226 - 227 - 228 - 229 - 230 - 232 - 233 - 235 - 239 - 243 - 244 - 245 - 247 - 248 - 250 - 251 - 254 - 255 - 256 - 257 - 258 - 259 - 260 - 262 - 264 - 265 - 270 - 278 - 279 - 280 - 281 - 283 - 286 - 289 - 290 - 291 - 292 - 295 - 297 - 298 - 299 - 300 - 301 - 303 - 307 - 309 - 310 - 311 - 314 - 315 - 319 - 330 - 331 - 332 - 334 - 337 - 340 - 341 - 342 - 345 - 346 - 348 - 350 - 354 - 356 - 358 - 360 - 362 - 366 - 370 - 371 - 372 - 375 - 378 - 379 - 381 - 384 - 387 - 388 - 389 - 391 - 392 - 393 - 397 - 398 - 400 - 401 - 404 - 408 - 410 - 413 - 416 - 418 - 420 - 421 - 424 - 425 - 429 - 433 - 436 - 437 - 438 - 440 - 441 - 442 - 445 - 446 - 447 - 450 - 451 - 453 - 454 - 456 - 457 - 458 - 460 - 466 - 468 - 472 - 478 - 482 - 484 - 485 - 486 - 487 - 488 - 493 - 494 - 495 - 496 - 498 - 499,14549981.9,0.1,61251,71000,53.07,Cost: 61251 & Capacity: 71000
7 - 9 - 11 - 13 - 14 - 15 - 16 - 18 - 21 - 22 - 26 - 27 - 28 - 30 - 34 - 35 - 38 - 39 - 43 - 45 - 47 - 48 - 49 - 50 - 52 - 54 - 55 - 56 - 58 - 60 - 61 - 64 - 65 - 67 - 68 - 70 - 73 - 76 - 80 - 81 - 84 - 85 - 87 - 88 - 93 - 94 - 96 - 97 - 101 - 103 - 104 - 105 - 110 - 112 - 114 - 115 - 117 - 120 - 121 - 123 - 124 - 126 - 129 - 133 - 136 - 137 - 138 - 141 - 142 - 143 - 146 - 148 - 149 - 151 - 152 - 156 - 157 - 158 - 160 - 161 - 162 - 163 - 167 - 168 - 169 - 170 - 173 - 175 - 180 - 182 - 185 - 186 - 187 - 189 - 190 - 192 - 193 - 194 - 195 - 201 - 206 - 207 - 211 - 212 - 213 - 216 - 217 - 218 - 219 - 222 - 223 - 226 - 227 - 228 - 230 - 232 - 233 - 235 - 239 - 243 - 244 - 245 - 247 - 248 - 250 - 251 - 254 - 255 - 256 - 257 - 258 - 259 - 260 - 262 - 264 - 265 - 270 - 278 - 279 - 280 - 281 - 283 - 286 - 289 - 290 - 291 - 292 - 295 - 297 - 298 - 299 - 300 - 301 - 303 - 307 - 309 - 310 - 311 - 314 - 315 - 319 - 320 - 330 - 331 - 332 - 334 - 337 - 340 - 341 - 342 - 345 - 346 - 348 - 350 - 354 - 356 - 358 - 360 - 362 - 366 - 370 - 371 - 372 - 375 - 378 - 379 - 381 - 384 - 387 - 388 - 389 - 391 - 392 - 393 - 397 - 398 - 400 - 401 - 404 - 408 - 410 - 413 - 416 - 418 - 420 - 421 - 424 - 425 - 429 - 431 - 433 - 436 - 438 - 440 - 441 - 442 - 445 - 446 - 447 - 450 - 451 - 453 - 454 - 456 - 457 - 458 - 460 - 466 - 468 - 472 - 478 - 482 - 484 - 485 - 486 - 487 - 488 - 493 - 494 - 496 - 498 - 499,14551659.4,0.1,61252,71022,53.35,Cost: 61252 & Capacity: 71022
7 - 9 - 11 - 13 - 14 - 15 - 16 - 18 - 21 - 22 - 26 - 27 - 28 - 30 - 34 - 35 - 38 - 39 - 43 - 45 - 47 - 48 - 50 - 52 - 54 - 55 - 56 - 58 - 60 - 61 - 64 - 65 - 67 - 68 - 70 - 73 - 76 - 80 - 81 - 84 - 85 - 87 - 88 - 93 - 94 - 96 - 97 - 101 - 103 - 105 - 110 - 112 - 114 - 115 - 117 - 120 - 121 - 123 - 124 - 126 - 129 - 133 - 136 - 137 - 138 - 141 - 142 - 143 - 146 - 148 - 149 - 151 - 152 - 156 - 157 - 160 - 161 - 162 - 163 - 165 - 167 - 168 - 169 - 170 - 173 - 175 - 180 - 182 - 185 - 186 - 187 - 189 - 190 - 192 - 193 - 194 - 195 - 196 - 201 - 206 - 207 - 211 - 212 - 213 - 216 - 217 - 218 - 219 - 222 - 223 - 226 - 227 - 228 - 229 - 230 - 232 - 233 - 235 - 239 - 243 - 244 - 245 - 247 - 248 - 250 - 251 - 254 - 255 - 256 - 257 - 258 - 259 - 260 - 262 - 264 - 265 - 270 - 278 - 279 - 280 - 281 - 283 - 286 - 289 - 290 - 291 - 292 - 295 - 297 - 298 - 299 - 300 - 301 - 303 - 307 - 309 - 310 - 311 - 314 - 315 - 319 - 330 - 331 - 332 - 334 - 337 - 340 - 341 - 342 - 345 - 346 - 348 - 350 - 354 - 356 - 358 - 360 - 362 - 366 - 370 - 371 - 372 - 375 - 378 - 379 - 381 - 384 - 387 - 388 - 389 - 391 - 392 - 393 - 397 - 398 - 400 - 401 - 404 - 408 - 410 - 413 - 416 - 418 - 420 - 421 - 424 - 425 - 429 - 433 - 436 - 437 - 438 - 440 - 441 - 442 - 445 - 446 - 447 - 450 - 451 - 453 - 454 - 456 - 457 - 458 - 460 - 466 - 468 - 472 - 478 - 482 - 484 - 485 - 486 - 487 - 488 - 493 - 494 - 495 - 496 - 498 - 499,14549981.9,0.1,61251,71000,53.96,Cost: 61251 & Capacity: 71000
7 - 9 - 11 - 13 - 14 - 15 - 16 - 18 - 21 - 22 - 26 - 27 - 28 - 30 - 34 - 35 - 38 - 39 - 43 - 45 - 47 - 48 - 50 - 52 - 54 - 55 - 56 - 58 - 60 - 61 - 64 - 65 - 67 - 68 - 70 - 73 - 76 - 80 - 81 - 84 - 85 - 87 - 88 - 93 - 94 - 96 - 97 - 101 - 103 - 105 - 110 - 112 - 114 - 115 - 117 - 120 - 121 - 123 - 124 - 126 - 129 - 133 - 136 - 137 - 138 - 141 - 142 - 143 - 146 - 148 - 149 - 151 - 152 - 156 - 157 - 160 - 161 - 162 - 163 - 165 - 167 - 168 - 169 - 170 - 173 - 175 - 180 - 182 - 185 - 186 - 187 - 189 - 190 - 192 - 193 - 194 - 195 - 196 - 201 - 206 - 207 - 211 - 212 - 213 - 216 - 217 - 218 - 219 - 222 - 223 - 226 - 227 - 228 - 229 - 230 - 232 - 233 - 235 - 239 - 243 - 244 - 245 - 247 - 248 - 250 - 251 - 254 - 255 - 256 - 257 - 258 - 259 - 260 - 262 - 264 - 265 - 270 - 278 - 279 - 280 - 281 - 283 - 286 - 289 - 290 - 291 - 292 - 295 - 297 - 298 - 299 - 300 - 301 - 303 - 307 - 309 - 310 - 311 - 314 - 315 - 319 - 330 - 331 - 332 - 334 - 337 - 340 - 341 - 342 - 345 - 346 - 348 - 350 - 354 - 356 - 358 - 360 - 362 - 366 - 370 - 371 - 372 - 375 - 378 - 379 - 381 - 384 - 387 - 388 - 389 - 391 - 392 - 393 - 397 - 398 - 400 - 401 - 404 - 408 - 410 - 413 - 416 - 418 - 420 - 421 - 424 - 425 - 429 - 433 - 436 - 437 - 438 - 440 - 441 - 442 - 445 - 446 - 447 - 450 - 451 - 453 - 454 - 456 - 457 - 458 - 460 - 466 - 468 - 472 - 478 - 482 - 484 - 485 - 486 - 487 - 488 - 493 - 494 - 495 - 496 - 498 - 499,14549981.9,0.1,61251,71000,55.59,Cost: 61251 & Capacity: 71000
5 - 18 - 23 - 29 - 33 - 34 - 35 - 41 - 43 - 49 - 51 - 52 - 53 - 57 - 64 - 77 - 82 - 86 - 100 - 109 - 112 - 118 - 127 - 128 - 136 - 141 - 150 - 161 - 163 - 169 - 174 - 184 - 187 - 198 - 210 - 213 - 220 - 227 - 231 - 238 - 239 - 250 - 251 - 252 - 253 - 255 - 258 - 264 - 265 - 266 - 272 - 274 - 277 - 279 - 280 - 283 - 292 - 296 - 300 - 303 - 316 - 324 - 325 - 327 - 332 - 336 - 338 - 339 - 343 - 347 - 348 - 350 - 357 - 374 - 384 - 396 - 401 - 405 - 409 - 414 - 415 - 416 - 430 - 433 - 435 - 437 - 438 - 443 - 454 - 455 - 458 - 459 - 462 - 465 - 466 - 475 - 481,2495649.2,29.4,60005,53763,56.08,Cost: 60005 & Capacity: 53763
7 - 9 - 11 - 13 - 14 - 15 - 16 - 18 - 21 - 22 - 26 - 27 - 28 - 30 - 34 - 35 - 38 - 39 - 43 - 45 - 47 - 48 - 50 - 52 - 54 - 55 - 56 - 58 - 60 - 61 - 64 - 65 - 67 - 68 - 70 - 73 - 76 - 80 - 81 - 84 - 85 - 87 - 88 - 93 - 94 - 96 - 97 - 101 - 103 - 105 - 110 - 112 - 114 - 115 - 117 - 120 - 121 - 123 - 124 - 126 - 129 - 133 - 136 - 137 - 138 - 141 - 142 - 143 - 146 - 148 - 149 - 151 - 152 - 156 - 157 - 160 - 161 - 162 - 163 - 165 - 167 - 168 - 169 - 170 - 173 - 175 - 180 - 182 - 185 - 186 - 187 - 189 - 190 - 192 - 193 - 194 - 195 - 196 - 201 - 206 - 207 - 211 - 212 - 213 - 216 - 217 - 218 - 219 - 222 - 223 - 226 - 227 - 228 - 229 - 230 - 232 - 233 - 235 - 239 - 243 - 244 - 245 - 247 - 248 - 250 - 251 - 254 - 255 - 256 - 257 - 258 - 259 - 260 - 262 - 264 - 265 - 270 - 278 - 279 - 280 - 281 - 283 - 286 - 289 - 290 - 291 - 292 - 295 - 297 - 298 - 299 - 300 - 301 - 303 - 307 - 309 - 310 - 311 - 314 - 315 - 319 - 330 - 331 - 332 - 334 - 337 - 340 - 341 - 342 - 345 - 346 - 348 - 350 - 354 - 356 - 358 - 360 - 362 - 366 - 370 - 371 - 372 - 375 - 378 - 379 - 381 - 384 - 387 - 388 - 389 - 391 - 392 - 393 - 397 - 398 - 400 - 401 - 404 - 408 - 410 - 413 - 416 - 418 - 420 - 421 - 424 - 425 - 429 - 433 - 436 - 437 - 438 - 440 - 441 - 442 - 445 - 446 - 447 - 450 - 451 - 453 - 454 - 456 - 457 - 458 - 460 - 466 - 468 - 472 - 478 - 482 - 484 - 485 - 486 - 487 - 488 - 493 - 494 - 495 - 496 - 498 - 499,14549981.9,0.1,61251,71000,56.17,Cost: 61251 & Capacity: 71000
7 - 9 - 11 - 13 - 14 - 15 - 16 - 18 - 21 - 22 - 26 - 27 - 28 - 30 - 34 - 35 - 38 - 39 - 43 - 45 - 47 - 48 - 49 - 50 - 52 - 54 - 55 - 56 - 58 - 60 - 61 - 64 - 65 - 67 - 68 - 70 - 73 - 76 - 80 - 81 - 84 - 85 - 87 - 88 - 93 - 94 - 96 - 97 - 101 - 103 - 104 - 105 - 108 - 110 - 111 - 112 - 114 - 115 - 117 - 120 - 121 - 123 - 124 - 126 - 129 - 133 - 136 - 137 - 138 - 141 - 142 - 143 - 146 - 148 - 149 - 151 - 152 - 156 - 157 - 160 - 161 - 162 - 163 - 165 - 167 - 168 - 169 - 170 - 172 - 173 - 175 - 180 - 182 - 185 - 186 - 187 - 189 - 190 - 192 - 193 - 194 - 195 - 196 - 201 - 206 - 207 - 211 - 212 - 216 - 217 - 218 - 219 - 222 - 223 - 226 - 227 - 228 - 230 - 232 - 233 - 235 - 239 - 243 - 244 - 245 - 247 - 248 - 250 - 251 - 254 - 255 - 256 - 257 - 258 - 259 - 260 - 262 - 264 - 265 - 270 - 278 - 279 - 280 - 281 - 283 - 286 - 289 - 290 - 291 - 292 - 295 - 297 - 298 - 299 - 300 - 301 - 303 - 307 - 309 - 310 - 311 - 314 - 315 - 319 - 330 - 331 - 332 - 337 - 340 - 341 - 342 - 345 - 346 - 348 - 350 - 354 - 356 - 358 - 360 - 362 - 366 - 370 - 371 - 372 - 375 - 378 - 379 - 381 - 384 - 387 - 388 - 389 - 391 - 392 - 393 - 397 - 398 - 400 - 401 - 408 - 410 - 413 - 416 - 418 - 420 - 421 - 425 - 429 - 433 - 436 - 438 - 440 - 441 - 442 - 445 - 446 - 447 - 450 - 451 - 453 - 454 - 456 - 457 - 458 - 460 - 466 - 468 - 472 - 478 - 482 - 483 - 484 - 485 - 486 - 487 - 488 - 493 - 494 - 496 - 498 - 499,14379602.1,0.1,60474,70506,56.12,Cost: 60474 & Capacity: 70506
7 - 9 - 11 - 13 - 14 - 15 - 16 - 18 - 21 - 22 - 26 - 27 - 28 - 30 - 34 - 35 - 38 - 39 - 43 - 45 - 47 - 48 - 50 - 52 - 54 - 55 - 56 - 58 - 60 - 61 - 64 - 65 - 67 - 68 - 70 - 73 - 76 - 80 - 81 - 84 - 85 - 87 - 88 - 93 - 94 - 96 - 97 - 101 - 103 - 105 - 110 - 112 - 114 - 115 - 117 - 120 - 121 - 123 - 124 - 126 - 129 - 133 - 136 - 137 - 138 - 141 - 142 - 143 - 146 - 148 - 149 - 151 - 152 - 156 - 157 - 160 - 161 - 162 - 163 - 165 - 167 - 168 - 169 - 170 - 173 - 175 - 180 - 182 - 185 - 186 - 187 - 189 - 190 - 192 - 193 - 194 - 195 - 196 - 201 - 206 - 207 - 211 - 212 - 213 - 216 - 217 - 218 - 219 - 222 - 223 - 226 - 227 - 228 - 229 - 230 - 232 - 233 - 235 - 239 - 243 - 244 - 245 - 247 - 248 - 250 - 251 - 254 - 255 - 256 - 257 - 258 - 259 - 260 - 262 - 264 - 265 - 270 - 278 - 279 - 280 - 281 - 283 - 286 - 289 - 290 - 291 - 292 - 295 - 297 - 298 - 299 - 300 - 301 - 303 - 307 - 309 - 310 - 311 - 314 - 315 - 319 - 330 - 331 - 332 - 334 - 337 - 340 - 341 - 342 - 345 - 346 - 348 - 350 - 354 - 356 - 358 - 360 - 362 - 366 - 370 - 371 - 372 - 375 - 378 - 379 - 381 - 384 - 387 - 388 - 389 - 391 - 392 - 393 - 397 - 398 - 400 - 401 - 404 - 408 - 410 - 413 - 416 - 418 - 420 - 421 - 424 - 425 - 429 - 433 - 436 - 437 - 438 - 440 - 441 - 442 - 445 - 446 - 447 - 450 - 451 - 453 - 454 - 456 - 457 - 458 - 460 - 466 - 468 - 472 - 478 - 482 - 484 - 485 - 486 - 487 - 488 - 493 - 494 - 495 - 496 - 498 - 499,14549981.9,0.1,61251,71000,56.75,Cost: 61251 & Capacity: 71000
7 - 9 - 11 - 13 - 14 - 15 - 16 - 18 - 21 - 22 - 26 - 27 - 28 - 30 - 34 - 35 - 38 - 39 - 43 - 45 - 47 - 48 - 50 - 52 - 54 - 55 - 56 - 58 - 60 - 61 - 64 - 65 - 67 - 68 - 70 - 73 - 76 - 80 - 81 - 84 - 85 - 87 - 88 - 93 - 94 - 96 - 97 - 101 - 103 - 105 - 110 - 112 - 114 - 115 - 117 - 120 - 121 - 123 - 124 - 126 - 129 - 133 - 136 - 137 - 138 - 141 - 142 - 143 - 146 - 148 - 149 - 151 - 152 - 156 - 157 - 160 - 161 - 162 - 163 - 165 - 167 - 168 - 169 - 170 - 173 - 175 - 180 - 182 - 185 - 186 - 187 - 189 - 190 - 192 - 193 - 194 - 195 - 196 - 201 - 206 - 207 - 211 - 212 - 213 - 216 - 217 - 218 - 219 - 222 - 223 - 226 - 227 - 228 - 229 - 230 - 232 - 233 - 235 - 239 - 243 - 244 - 245 - 247 - 248 - 250 - 251 - 254 - 255 - 256 - 257 - 258 - 259 - 260 - 262 - 264 - 265 - 270 - 278 - 279 - 280 - 281 - 283 - 286 - 289 - 290 - 291 - 292 - 295 - 297 - 298 - 299 - 300 - 301 - 303 - 307 - 309 - 310 - 311 - 314 - 315 - 319 - 330 - 331 - 332 - 334 - 337 - 340 - 341 - 342 - 345 - 346 - 348 - 350 - 354 - 356 - 358 - 360 - 362 - 366 - 370 - 371 - 372 - 375 - 378 - 379 - 381 - 384 - 387 - 388 - 389 - 391 - 392 - 393 - 397 - 398 - 400 - 401 - 404 - 408 - 410 - 413 - 416 - 418 - 420 - 421 - 424 - 425 - 429 - 433 - 436 - 437 - 438 - 440 - 441 - 442 - 445 - 446 - 447 - 450 - 451 - 453 - 454 - 456 - 457 - 458 - 460 - 466 - 468 - 472 - 478 - 482 - 484 - 485 - 486 - 487 - 488 - 493 - 494 - 495 - 496 - 498 - 499,14549981.9,0.1,61251,71000,58.46,Cost: 61251 & Capacity: 71000
7 - 9 - 11 - 13 - 14 - 15 - 16 - 18 - 21 - 22 - 26 - 27 - 28 - 30 - 34 - 35 - 38 - 39 - 43 - 45 - 47 - 48 - 50 - 52 - 54 - 55 - 56 - 58 - 60 - 61 - 64 - 65 - 67 - 68 - 70 - 73 - 76 - 80 - 81 - 84 - 85 - 87 - 88 - 93 - 94 - 96 - 97 - 101 - 103 - 105 - 110 - 112 - 114 - 115 - 117 - 120 - 121 - 123 - 124 - 126 - 129 - 133 - 136 - 137 - 138 - 141 - 142 - 143 - 146 - 148 - 149 - 151 - 152 - 156 - 157 - 160 - 161 - 162 - 163 - 165 - 167 - 168 - 169 - 170 - 173 - 175 - 180 - 182 - 185 - 186 - 187 - 189 - 190 - 192 - 193 - 194 - 195 - 196 - 201 - 206 - 207 - 211 - 212 - 213 - 216 - 217 - 218 - 219 - 222 - 223 - 226 - 227 - 228 - 229 - 230 - 232 - 233 - 235 - 239 - 243 - 244 - 245 - 247 - 248 - 250 - 251 - 254 - 255 - 256 - 257 - 258 - 259 - 260 - 262 - 264 - 265 - 270 - 278 - 279 - 280 - 281 - 283 - 286 - 289 - 290 - 291 - 292 - 295 - 297 - 298 - 299 - 300 - 301 - 303 - 307 - 309 - 310 - 311 - 314 - 315 - 319 - 330 - 331 - 332 - 334 - 337 - 340 - 341 - 342 - 345 - 346 - 348 - 350 - 354 - 356 - 358 - 360 - 362 - 366 - 370 - 371 - 372 - 375 - 378 - 379 - 381 - 384 - 387 - 388 - 389 - 391 - 392 - 393 - 397 - 398 - 400 - 401 - 404 - 408 - 410 - 413 - 416 - 418 - 420 - 421 - 424 - 425 - 429 - 433 - 436 - 437 - 438 - 440 - 441 - 442 - 445 - 446 - 447 - 450 - 451 - 453 - 454 - 456 - 457 - 458 - 460 - 466 - 468 - 472 - 478 - 482 - 484 - 485 - 486 - 487 - 488 - 493 - 494 - 495 - 496 - 498 - 499,14549981.9,0.1,61251,71000,58.78,Cost: 61251 & Capacity: 71000
7 - 9 - 11 - 13 - 14 - 15 - 16 - 18 - 21 - 22 - 26 - 27 - 28 - 30 - 34 - 35 - 38 - 39 - 43 - 45 - 47 - 48 - 49 - 50 - 52 - 54 - 55 - 56 - 58 - 60 - 61 - 64 - 65 - 67 - 68 - 70 - 73 - 76 - 80 - 81 - 84 - 85 - 87 - 88 - 93 - 94 - 96 - 97 - 101 - 103 - 104 - 105 - 110 - 112 - 114 - 115 - 117 - 120 - 121 - 123 - 124 - 126 - 129 - 133 - 136 - 137 - 138 - 141 - 142 - 143 - 146 - 148 - 149 - 151 - 152 - 156 - 157 - 158 - 160 - 161 - 162 - 163 - 167 - 168 - 169 - 170 - 173 - 175 - 180 - 182 - 185 - 186 - 187 - 189 - 190 - 192 - 193 - 194 - 195 - 201 - 206 - 207 - 211 - 212 - 213 - 216 - 217 - 218 - 219 - 222 - 223 - 226 - 227 - 228 - 230 - 232 - 233 - 235 - 239 - 243 - 244 - 245 - 247 - 248 - 250 - 251 - 254 - 255 - 256 - 257 - 258 - 259 - 260 - 262 - 264 - 265 - 270 - 278 - 279 - 280 - 281 - 283 - 286 - 289 - 290 - 291 - 292 - 295 - 297 - 298 - 299 - 300 - 301 - 303 - 307 - 309 - 310 - 311 - 314 - 315 - 319 - 320 - 330 - 331 - 332 - 334 - 337 - 340 - 341 - 342 - 345 - 346 - 348 - 350 - 354 - 356 - 358 - 360 - 362 - 366 - 370 - 371 - 372 - 375 - 378 - 379 - 381 - 384 - 387 - 388 - 389 - 391 - 392 - 393 - 397 - 398 - 400 - 401 - 404 - 408 - 410 - 413 - 416 - 418 - 420 - 421 - 424 - 425 - 429 - 431 - 433 - 436 - 438 - 440 - 441 - 442 - 445 - 446 - 447 - 450 - 451 - 453 - 454 - 456 - 457 - 458 - 460 - 466 - 468 - 472 - 478 - 482 - 484 - 485 - 486 - 487 - 488 - 493 - 494 - 496 - 498 - 499,14551659.4,0.1,61252,71022,59.12,Cost: 61252 & Capacity: 71022
7 - 9 - 11 - 13 - 14 - 15 - 16 - 18 - 21 - 22 - 26 - 27 - 28 - 30 - 34 - 35 - 38 - 39 - 43 - 45 - 47 - 48 - 50 - 52 - 54 - 55 - 56 - 58 - 60 - 61 - 64 - 65 - 67 - 68 - 70 - 73 - 76 - 80 - 81 - 84 - 85 - 87 - 88 - 93 - 94 - 96 - 97 - 101 - 103 - 105 - 110 - 112 - 114 - 115 - 117 - 120 - 121 - 123 - 124 - 126 - 129 - 133 - 136 - 137 - 138 - 141 - 142 - 143 - 146 - 148 - 149 - 151 - 152 - 156 - 157 - 160 - 161 - 162 - 163 - 165 - 167 - 168 - 169 - 170 - 173 - 175 - 180 - 182 - 185 - 186 - 187 - 189 - 190 - 192 - 193 - 194 - 195 - 196 - 201 - 206 - 207 - 211 - 212 - 213 - 216 - 217 - 218 - 219 - 222 - 223 - 226 - 227 - 228 - 229 - 230 - 232 - 233 - 235 - 239 - 243 - 244 - 245 - 247 - 248 - 250 - 251 - 254 - 255 - 256 - 257 - 258 - 259 - 260 - 262 - 264 - 265 - 270 - 278 - 279 - 280 - 281 - 283 - 286 - 289 - 290 - 291 - 292 - 295 - 297 - 298 - 299 - 300 - 301 - 303 - 307 - 309 - 310 - 311 - 314 - 315 - 319 - 330 - 331 - 332 - 334 - 337 - 340 - 341 - 342 - 345 - 346 - 348 - 350 - 354 - 356 - 358 - 360 - 362 - 366 - 370 - 371 - 372 - 375 - 378 - 379 - 381 - 384 - 387 - 388 - 389 - 391 - 392 - 393 - 397 - 398 - 400 - 401 - 404 - 408 - 410 - 413 - 416 - 418 - 420 - 421 - 424 - 425 - 429 - 433 - 436 - 437 - 438 - 440 - 441 - 442 - 445 - 446 - 447 - 450 - 451 - 453 - 454 - 456 - 457 - 458 - 460 - 466 - 468 - 472 - 478 - 482 - 484 - 485 - 486 - 487 - 488 - 493 - 494 - 495 - 496 - 498 - 499,14549981.9,0.1,61251,71000,59.17,Cost: 61251 & Capacity: 71000
7 - 10 - 11 - 13 - 14 - 15 - 16 - 18 - 21 - 22 - 23 - 26 - 28 - 30 - 34 - 38 - 39 - 43 - 45 - 47 - 51 - 52 - 55 - 56 - 60 - 65 - 67 - 68 - 73 - 75 - 80 - 81 - 84 - 85 - 86 - 87 - 89 - 93 - 94 - 97 - 100 - 101 - 102 - 103 - 105 - 109 - 112 - 114 - 120 - 121 - 123 - 124 - 126 - 129 - 133 - 138 - 141 - 143 - 148 - 151 - 152 - 154 - 157 - 158 - 169 - 170 - 173 - 174 - 177 - 180 - 181 - 182 - 185 - 189 - 190 - 191 - 192 - 193 - 197 - 201 - 203 - 206 - 207 - 213 - 219 - 222 - 224 - 226 - 227 - 229 - 230 - 234 - 235 - 239 - 243 - 244 - 245 - 247 - 248 - 250 - 254 - 255 - 256 - 257 - 258 - 261 - 262 - 264 - 265 - 266 - 270 - 272 - 277 - 278 - 279 - 281 - 284 - 286 - 295 - 298 - 299 - 300 - 301 - 303 - 308 - 316 - 318 - 331 - 332 - 333 - 334 - 336 - 337 - 342 - 346 - 348 - 350 - 356 - 366 - 368 - 369 - 372 - 375 - 377 - 378 - 379 - 381 - 389 - 391 - 393 - 394 - 395 - 400 - 401 - 404 - 405 - 412 - 414 - 416 - 420 - 421 - 423 - 425 - 433 - 441 - 442 - 446 - 448 - 450 - 451 - 454 - 456 - 458 - 462 - 466 - 467 - 468 - 472 - 487 - 488 - 493 - 498 - 499,8385079.2,7.4,61235,62261,61.39,Cost: 61235 & Capacity: 62261
7 - 9 - 11 - 13 - 14 - 15 - 16 - 18 - 21 - 22 - 26 - 27 - 28 - 30 - 34 - 35 - 38 - 39 - 43 - 45 - 47 - 48 - 50 - 52 - 54 - 55 - 56 - 58 - 60 - 61 - 64 - 65 - 67 - 68 - 70 - 73 - 76 - 80 - 81 - 84 - 85 - 87 - 88 - 93 - 94 - 96 - 97 - 101 - 103 - 105 - 110 - 112 - 114 - 115 - 117 - 120 - 121 - 123 - 124 - 126 - 129 - 133 - 136 - 137 - 138 - 141 - 142 - 143 - 146 - 148 - 149 - 151 - 152 - 156 - 157 - 160 - 161 - 162 - 163 - 165 - 167 - 168 - 169 - 170 - 173 - 175 - 180 - 182 - 185 - 186 - 187 - 189 - 190 - 192 - 193 - 194 - 195 - 196 - 201 - 206 - 207 - 211 - 212 - 213 - 216 - 217 - 218 - 219 - 222 - 223 - 226 - 227 - 228 - 229 - 230 - 232 - 233 - 235 - 239 - 243 - 244 - 245 - 247 - 248 - 250 - 251 - 254 - 255 - 256 - 257 - 258 - 259 - 260 - 262 - 264 - 265 - 270 - 278 - 279 - 280 - 281 - 283 - 286 - 289 - 290 - 291 - 292 - 295 - 297 - 298 - 299 - 300 - 301 - 303 - 307 - 309 - 310 - 311 - 314 - 315 - 319 - 330 - 331 - 332 - 334 - 337 - 340 - 341 - 342 - 345 - 346 - 348 - 350 - 354 - 356 - 358 - 360 - 362 - 366 - 370 - 371 - 372 - 375 - 378 - 379 - 381 - 384 - 387 - 388 - 389 - 391 - 392 - 393 - 397 - 398 - 400 - 401 - 404 - 408 - 410 - 413 - 416 - 418 - 420 - 421 - 424 - 425 - 429 - 433 - 436 - 437 - 438 - 440 - 441 - 442 - 445 - 446 - 447 - 450 - 451 - 453 - 454 - 456 - 457 - 458 - 460 - 466 - 468 - 472 - 478 - 482 - 484 - 485 - 486 - 487 - 488 - 493 - 494 - 495 - 496 - 498 - 499,14549981.9,0.1,61251,71000,62.54,Cost: 61251 & Capacity: 71000
7 - 9 - 11 - 13 - 14 - 15 - 16 - 18 - 21 - 22 - 26 - 27 - 28 - 30 - 34 - 35 - 38 - 39 - 43 - 45 - 47 - 48 - 50 - 52 - 54 - 55 - 56 - 58 - 60 - 61 - 64 - 65 - 67 - 68 - 70 - 73 - 76 - 80 - 81 - 84 - 85 - 87 - 88 - 93 - 94 - 96 - 97 - 101 - 103 - 105 - 110 - 112 - 114 - 115 - 117 - 120 - 121 - 123 - 124 - 126 - 129 - 133 - 136 - 137 - 138 - 141 - 142 - 143 - 146 - 148 - 149 - 151 - 152 - 156 - 157 - 160 - 161 - 162 - 163 - 165 - 167 - 168 - 169 - 170 - 173 - 175 - 180 - 182 - 185 - 186 - 187 - 189 - 190 - 192 - 193 - 194 - 195 - 196 - 201 - 206 - 207 - 211 - 212 - 213 - 216 - 217 - 218 - 219 - 222 - 223 - 226 - 227 - 228 - 229 - 230 - 232 - 233 - 235 - 239 - 243 - 244 - 245 - 247 - 248 - 250 - 251 - 254 - 255 - 256 - 257 - 258 - 259 - 260 - 262 - 264 - 265 - 270 - 278 - 279 - 280 - 281 - 283 - 286 - 289 - 290 - 291 - 292 - 295 - 297 - 298 - 299 - 300 - 301 - 303 - 307 - 309 - 310 - 311 - 314 - 315 - 319 - 330 - 331 - 332 - 334 - 337 - 340 - 341 - 342 - 345 - 346 - 348 - 350 - 354 - 356 - 358 - 360 - 362 - 366 - 370 - 371 - 372 - 375 - 378 - 379 - 381 - 384 - 387 - 388 - 389 - 391 - 392 - 393 - 397 - 398 - 400 - 401 - 404 - 408 - 410 - 413 - 416 - 418 - 420 - 421 - 424 - 425 - 429 - 433 - 436 - 437 - 438 - 440 - 441 - 442 - 445 - 446 - 447 - 450 - 451 - 453 - 454 - 456 - 457 - 458 - 460 - 466 - 468 - 472 - 478 - 482 - 484 - 485 - 486 - 487 - 488 - 493 - 494 - 495 - 496 - 498 - 499,14549981.9,0.1,61251,71000,63.75,Cost: 61251 & Capacity: 71000
7 - 10 - 11 - 13 - 14 - 15 - 16 - 18 - 21 - 22 - 23 - 26 - 28 - 30 - 34 - 35 - 38 - 39 - 43 - 45 - 47 - 50 - 52 - 55 - 56 - 60 - 65 - 67 - 68 - 70 - 73 - 75 - 80 - 81 - 84 - 85 - 87 - 93 - 94 - 96 - 101 - 103 - 105 - 109 - 112 - 114 - 120 - 121 - 123 - 124 - 126 - 129 - 133 - 136 - 137 - 138 - 139 - 141 - 143 - 146 - 148 - 151 - 152 - 154 - 157 - 158 - 163 - 169 - 173 - 180 - 181 - 182 - 184 - 185 - 186 - 188 - 189 - 190 - 191 - 192 - 193 - 195 - 197 - 201 - 206 - 207 - 211 - 213 - 216 - 217 - 218 - 219 - 222 - 223 - 226 - 227 - 228 - 229 - 233 - 234 - 235 - 239 - 243 - 244 - 245 - 247 - 248 - 250 - 251 - 254 - 255 - 256 - 257 - 258 - 259 - 262 - 263 - 264 - 265 - 266 - 270 - 278 - 279 - 280 - 281 - 283 - 286 - 287 - 289 - 290 - 291 - 295 - 297 - 298 - 299 - 300 - 301 - 303 - 307 - 311 - 316 - 318 - 319 - 320 - 331 - 332 - 333 - 334 - 336 - 337 - 341 - 342 - 345 - 346 - 348 - 350 - 358 - 362 - 366 - 368 - 369 - 370 - 372 - 374 - 375 - 377 - 378 - 379 - 381 - 384 - 387 - 388 - 389 - 391 - 393 - 397 - 398 - 400 - 404 - 405 - 409 - 410 - 414 - 416 - 418 - 420 - 421 - 425 - 429 - 433 - 437 - 438 - 441 - 442 - 446 - 447 - 450 - 451 - 453 - 454 - 456 - 457 - 458 - 462 - 466 - 468 - 472 - 478 - 482 - 484 - 486 - 487 - 488 - 493 - 494 - 495 - 496 - 498 - 499,12014340.8,0.8,61252,67239,64.23,Cost: 61252 & Capacity: 67239
7 - 10 - 11 - 13 - 14 - 15 - 16 - 18 - 21 - 22 - 26 - 27 - 28 - 30 - 34 - 35 - 38 - 39 - 43 - 45 - 47 - 48 - 49 - 50 - 52 - 54 - 55 - 56 - 58 - 60 - 61 - 64 - 65 - 67 - 68 - 70 - 73 - 76 - 80 - 81 - 84 - 85 - 87 - 88 - 93 - 94 - 96 - 101 - 103 - 105 - 110 - 111 - 112 - 114 - 115 - 120 - 121 - 123 - 124 - 126 - 129 - 133 - 136 - 137 - 138 - 141 - 142 - 143 - 146 - 148 - 151 - 152 - 156 - 157 - 158 - 161 - 162 - 163 - 167 - 169 - 170 - 173 - 175 - 180 - 182 - 185 - 186 - 189 - 190 - 191 - 192 - 193 - 195 - 197 - 201 - 206 - 207 - 211 - 212 - 213 - 216 - 217 - 218 - 219 - 222 - 223 - 226 - 227 - 228 - 229 - 230 - 233 - 235 - 239 - 243 - 244 - 245 - 247 - 248 - 250 - 251 - 254 - 255 - 256 - 257 - 258 - 259 - 262 - 264 - 265 - 270 - 278 - 279 - 280 - 281 - 283 - 284 - 286 - 289 - 290 - 291 - 292 - 295 - 297 - 298 - 299 - 300 - 301 - 303 - 307 - 309 - 310 - 311 - 314 - 315 - 318 - 319 - 330 - 331 - 332 - 333 - 334 - 336 - 337 - 340 - 341 - 342 - 345 - 346 - 348 - 350 - 356 - 358 - 362 - 366 - 369 - 370 - 372 - 375 - 378 - 379 - 381 - 384 - 387 - 388 - 389 - 391 - 393 - 397 - 398 - 400 - 404 - 408 - 410 - 416 - 418 - 420 - 421 - 425 - 429 - 431 - 433 - 436 - 438 - 440 - 441 - 442 - 445 - 446 - 447 - 450 - 451 - 453 - 454 - 456 - 457 - 458 - 462 - 466 - 468 - 472 - 478 - 482 - 483 - 484 - 486 - 487 - 488 - 493 - 494 - 496 - 498 - 499,13510913.6,0.7,61248,70139,64.27,Cost: 61248 & Capacity: 70139
11 - 13 - 14 - 17 - 18 - 26 - 27 - 30 - 34 - 36 - 43 - 44 - 52 - 57 - 60 - 64 - 65 - 67 - 68 - 69 - 73 - 74 - 81 - 91 - 97 - 103 - 104 - 105 - 109 - 112 - 123 - 124 - 129 - 133 - 141 - 145 - 152 - 154 - 157 - 161 - 166 - 173 - 177 - 182 - 183 - 188 - 191 - 192 - 197 - 202 - 203 - 207 - 208 - 211 - 213 - 219 - 227 - 229 - 230 - 232 - 233 - 234 - 239 - 240 - 243 - 247 - 254 - 255 - 256 - 257 - 262 - 263 - 265 - 270 - 274 - 278 - 279 - 280 - 281 - 283 - 284 - 286 - 289 - 290 - 295 - 300 - 301 - 304 - 310 - 312 - 313 - 316 - 319 - 324 - 328 - 331 - 334 - 336 - 337 - 341 - 342 - 343 - 345 - 347 - 348 - 356 - 363 - 366 - 368 - 369 - 370 - 374 - 378 - 379 - 381 - 383 - 388 - 393 - 397 - 399 - 400 - 404 - 405 - 416 - 417 - 420 - 429 - 437 - 445 - 446 - 447 - 448 - 451 - 453 - 454 - 456 - 457 - 460 - 462 - 463 - 466 - 468 - 469 - 472 - 476 - 484 - 487 - 488 - 489 - 491 - 494 - 498 - 499,5932632.3,12.4,61227,60277,65.55,Cost: 61227 & Capacity: 60277
7 - 9 - 11 - 13 - 14 - 15 - 16 - 18 - 21 - 22 - 26 - 27 - 28 - 30 - 34 - 35 - 38 - 39 - 43 - 45 - 47 - 48 - 50 - 52 - 54 - 55 - 56 - 58 - 60 - 61 - 64 - 65 - 67 - 68 - 70 - 73 - 76 - 80 - 81 - 84 - 85 - 87 - 88 - 93 - 94 - 96 - 97 - 101 - 103 - 105 - 110 - 112 - 114 - 115 - 117 - 120 - 121 - 123 - 124 - 126 - 129 - 133 - 136 - 137 - 138 - 141 - 142 - 143 - 146 - 148 - 149 - 151 - 152 - 156 - 157 - 160 - 161 - 162 - 163 - 165 - 167 - 168 - 169 - 170 - 173 - 175 - 180 - 182 - 185 - 186 - 187 - 189 - 190 - 192 - 193 - 194 - 195 - 196 - 201 - 206 - 207 - 211 - 212 - 213 - 216 - 217 - 218 - 219 - 222 - 223 - 226 - 227 - 228 - 229 - 230 - 232 - 233 - 235 - 239 - 243 - 244 - 245 - 247 - 248 - 250 - 251 - 254 - 255 - 256 - 257 - 258 - 259 - 260 - 262 - 264 - 265 - 270 - 278 - 279 - 280 - 281 - 283 - 286 - 289 - 290 - 291 - 292 - 295 - 297 - 298 - 299 - 300 - 301 - 303 - 307 - 309 - 310 - 311 - 314 - 315 - 319 - 330 - 331 - 332 - 334 - 337 - 340 - 341 - 342 - 345 - 346 - 348 - 350 - 354 - 356 - 358 - 360 - 362 - 366 - 370 - 371 - 372 - 375 - 378 - 379 - 381 - 384 - 387 - 388 - 389 - 391 - 392 - 393 - 397 - 398 - 400 - 401 - 404 - 408 - 410 - 413 - 416 - 418 - 420 - 421 - 424 - 425 - 429 - 433 - 436 - 437 - 438 - 440 - 441 - 442 - 445 - 446 - 447 - 450 - 451 - 453 - 454 - 456 - 457 - 458 - 460 - 466 - 468 - 472 - 478 - 482 - 484 - 485 - 486 - 487 - 488 - 493 - 494 - 495 - 496 - 498 - 499,14549981.9,0.1,61251,71000,65.76,Cost: 61251 & Capacity: 71000
7 - 10 - 14 - 18 - 21 - 22 - 23 - 26 - 27 - 28 - 43 - 44 - 47 - 52 - 55 - 56 - 60 - 64 - 65 - 68 - 70 - 73 - 75 - 81 - 89 - 90 - 93 - 96 - 101 - 103 - 105 - 109 - 112 - 114 - 121 - 123 - 124 - 129 - 130 - 133 - 136 - 137 - 139 - 141 - 143 - 144 - 145 - 146 - 151 - 152 - 154 - 158 - 161 - 163 - 169 - 170 - 173 - 177 - 180 - 181 - 182 - 185 - 188 - 189 - 191 - 193 - 197 - 210 - 211 - 213 - 218 - 219 - 220 - 222 - 224 - 226 - 228 - 229 - 232 - 233 - 234 - 235 - 243 - 244 - 247 - 248 - 250 - 254 - 255 - 256 - 257 - 258 - 259 - 260 - 262 - 264 - 265 - 268 - 270 - 278 - 279 - 280 - 281 - 283 - 284 - 286 - 289 - 290 - 297 - 300 - 301 - 303 - 307 - 311 - 318 - 319 - 320 - 324 - 327 - 328 - 329 - 332 - 333 - 334 - 336 - 337 - 342 - 345 - 346 - 348 - 350 - 358 - 362 - 366 - 368 - 369 - 370 - 372 - 378 - 381 - 383 - 389 - 391 - 393 - 396 - 398 - 400 - 404 - 405 - 410 - 412 - 413 - 416 - 420 - 421 - 425 - 436 - 437 - 441 - 442 - 447 - 451 - 454 - 456 - 457 - 458 - 459 - 462 - 463 - 466 - 475 - 478 - 484 - 488 - 493 - 494 - 498 - 499,7971859.1,8.3,61114,62762,67.28,Cost: 61114 & Capacity: 62762
1 - 7 - 10 - 14 - 18 - 21 - 22 - 23 - 26 - 27 - 28 - 43 - 44 - 47 - 51 - 52 - 55 - 56 - 60 - 64 - 65 - 68 - 70 - 73 - 75 - 81 - 89 - 93 - 94 - 96 - 101 - 103 - 105 - 109 - 112 - 114 - 121 - 123 - 124 - 129 - 130 - 133 - 136 - 137 - 139 - 141 - 143 - 144 - 145 - 146 - 151 - 152 - 154 - 158 - 161 - 163 - 169 - 173 - 177 - 180 - 181 - 182 - 185 - 188 - 189 - 191 - 193 - 197 - 210 - 211 - 213 - 218 - 219 - 220 - 222 - 226 - 228 - 229 - 232 - 233 - 234 - 235 - 243 - 244 - 247 - 248 - 250 - 254 - 255 - 256 - 257 - 258 - 259 - 260 - 262 - 265 - 268 - 270 - 275 - 278 - 279 - 280 - 281 - 283 - 284 - 286 - 289 - 297 - 300 - 301 - 303 - 311 - 318 - 319 - 327 - 328 - 329 - 332 - 333 - 334 - 336 - 337 - 342 - 345 - 346 - 348 - 358 - 362 - 366 - 368 - 369 - 370 - 372 - 378 - 381 - 383 - 389 - 391 - 393 - 394 - 395 - 396 - 398 - 400 - 404 - 410 - 412 - 413 - 416 - 420 - 421 - 425 - 437 - 441 - 442 - 447 - 450 - 451 - 454 - 456 - 457 - 458 - 459 - 462 - 463 - 466 - 475 - 478 - 479 - 484 - 488 - 493 - 494 - 498 - 499,7672255.2,9.0,61066,63591,67.3,Cost: 61066 & Capacity: 63591
7 - 9 - 11 - 13 - 14 - 15 - 16 - 18 - 21 - 22 - 26 - 27 - 28 - 30 - 34 - 35 - 38 - 39 - 43 - 45 - 47 - 48 - 50 - 52 - 54 - 55 - 56 - 58 - 60 - 61 - 64 - 65 - 67 - 68 - 70 - 73 - 76 - 80 - 81 - 84 - 85 - 87 - 88 - 93 - 94 - 96 - 97 - 101 - 103 - 105 - 110 - 112 - 114 - 115 - 117 - 120 - 121 - 123 - 124 - 126 - 129 - 133 - 136 - 137 - 138 - 141 - 142 - 143 - 146 - 148 - 149 - 151 - 152 - 156 - 157 - 160 - 161 - 162 - 163 - 165 - 167 - 168 - 169 - 170 - 173 - 175 - 180 - 182 - 185 - 186 - 187 - 189 - 190 - 192 - 193 - 194 - 195 - 196 - 201 - 206 - 207 - 211 - 212 - 213 - 216 - 217 - 218 - 219 - 222 - 223 - 226 - 227 - 228 - 229 - 230 - 232 - 233 - 235 - 239 - 243 - 244 - 245 - 247 - 248 - 250 - 251 - 254 - 255 - 256 - 257 - 258 - 259 - 260 - 262 - 264 - 265 - 270 - 278 - 279 - 280 - 281 - 283 - 286 - 289 - 290 - 291 - 292 - 295 - 297 - 298 - 299 - 300 - 301 - 303 - 307 - 309 - 310 - 311 - 314 - 315 - 319 - 330 - 331 - 332 - 334 - 337 - 340 - 341 - 342 - 345 - 346 - 348 - 350 - 354 - 356 - 358 - 360 - 362 - 366 - 370 - 371 - 372 - 375 - 378 - 379 - 381 - 384 - 387 - 388 - 389 - 391 - 392 - 393 - 397 - 398 - 400 - 401 - 404 - 408 - 410 - 413 - 416 - 418 - 420 - 421 - 424 - 425 - 429 - 433 - 436 - 437 - 438 - 440 - 441 - 442 - 445 - 446 - 447 - 450 - 451 - 453 - 454 - 456 - 457 - 458 - 460 - 466 - 468 - 472 - 478 - 482 - 484 - 485 - 486 - 487 - 488 - 493 - 494 - 495 - 496 - 498 - 499,14549981.9,0.1,61251,71000,67.79,Cost: 61251 & Capacity: 71000
7 - 9 - 11 - 13 - 14 - 15 - 16 - 18 - 21 - 22 - 26 - 27 - 28 - 30 - 34 - 35 - 38 - 39 - 43 - 45 - 47 - 48 - 50 - 52 - 54 - 55 - 56 - 58 - 60 - 61 - 64 - 65 - 67 - 68 - 70 - 73 - 76 - 80 - 81 - 84 - 85 - 87 - 88 - 93 - 94 - 96 - 97 - 101 - 103 - 105 - 110 - 112 - 114 - 115 - 117 - 120 - 121 - 123 - 124 - 126 - 129 - 133 - 136 - 137 - 138 - 141 - 142 - 143 - 146 - 148 - 149 - 151 - 152 - 156 - 157 - 160 - 161 - 162 - 163 - 165 - 167 - 168 - 169 - 170 - 173 - 175 - 180 - 182 - 185 - 186 - 187 - 189 - 190 - 192 - 193 - 194 - 195 - 196 - 201 - 206 - 207 - 211 - 212 - 213 - 216 - 217 - 218 - 219 - 222 - 223 - 226 - 227 - 228 - 229 - 230 - 232 - 233 - 235 - 239 - 243 - 244 - 245 - 247 - 248 - 250 - 251 - 254 - 255 - 256 - 257 - 258 - 259 - 260 - 262 - 264 - 265 - 270 - 278 - 279 - 280 - 281 - 283 - 286 - 289 - 290 - 291 - 292 - 295 - 297 - 298 - 299 - 300 - 301 - 303 - 307 - 309 - 310 - 311 - 314 - 315 - 319 - 330 - 331 - 332 - 334 - 337 - 340 - 341 - 342 - 345 - 346 - 348 - 350 - 354 - 356 - 358 - 360 - 362 - 366 - 370 - 371 - 372 - 375 - 378 - 379 - 381 - 384 - 387 - 388 - 389 - 391 - 392 - 393 - 397 - 398 - 400 - 401 - 404 - 408 - 410 - 413 - 416 - 418 - 420 - 421 - 424 - 425 - 429 - 433 - 436 - 437 - 438 - 440 - 441 - 442 - 445 - 446 - 447 - 450 - 451 - 453 - 454 - 456 - 457 - 458 - 460 - 466 - 468 - 472 - 478 - 482 - 484 - 485 - 486 - 487 - 488 - 493 - 494 - 495 - 496 - 498 - 499,14549981.9,0.1,61251,71000,68.85,Cost: 61251 & Capacity: 71000
3 - 9 - 11 - 14 - 21 - 34 - 49 - 50 - 52 - 54 - 56 - 64 - 66 - 67 - 68 - 70 - 82 - 84 - 85 - 105 - 109 - 122 - 124 - 128 - 136 - 141 - 144 - 151 - 152 - 153 - 159 - 160 - 174 - 204 - 208 - 212 - 213 - 220 - 221 - 225 - 233 - 239 - 241 - 244 - 245 - 255 - 257 - 263 - 264 - 270 - 282 - 283 - 296 - 298 - 309 - 310 - 316 - 318 - 324 - 330 - 335 - 339 - 351 - 352 - 355 - 356 - 357 - 363 - 365 - 376 - 384 - 388 - 393 - 395 - 399 - 404 - 406 - 409 - 411 - 414 - 415 - 419 - 420 - 423 - 426 - 428 - 433 - 436 - 437 - 438 - 443 - 444 - 445 - 449 - 451 - 460 - 473 - 475 - 484 - 488 - 492,2652632.8,29.0,60953,57115,68.92,Cost: 60953 & Capacity: 57115
9 - 11 - 14 - 21 - 27 - 34 - 41 - 49 - 50 - 52 - 54 - 63 - 64 - 66 - 67 - 68 - 70 - 82 - 85 - 105 - 112 - 122 - 136 - 141 - 144 - 151 - 152 - 153 - 159 - 160 - 173 - 174 - 175 - 190 - 193 - 204 - 206 - 208 - 212 - 213 - 220 - 225 - 227 - 233 - 239 - 241 - 244 - 245 - 257 - 263 - 264 - 270 - 282 - 283 - 296 - 298 - 309 - 310 - 312 - 313 - 316 - 318 - 323 - 324 - 330 - 332 - 335 - 339 - 351 - 352 - 355 - 356 - 363 - 365 - 376 - 384 - 388 - 393 - 395 - 404 - 406 - 409 - 414 - 415 - 419 - 420 - 421 - 426 - 428 - 433 - 436 - 437 - 438 - 443 - 444 - 445 - 449 - 451 - 463 - 466 - 468 - 469 - 473 - 475 - 488 - 492,2915821.4,26.9,61151,56897,68.94,Cost: 61151 & Capacity: 56897
