Nodes,MaxSum,MaxMin,Cost,Capacity,Time,Constraint values
0 - 8 - 9 - 10 - 23 - 32 - 36 - 41 - 42 - 44 - 46 - 47 - 50 - 53 - 56 - 69 - 71 - 72 - 75 - 76 - 84 - 85 - 91 - 93 - 94 - 96 - 97 - 100 - 101 - 104 - 107 - 110 - 112 - 117 - 118 - 119 - 126 - 129 - 130 - 131 - 137 - 139 - 140 - 143 - 144 - 148 - 149 - 157 - 163 - 167 - 171 - 172 - 175 - 177 - 178 - 181 - 182 - 184 - 190 - 191 - 194 - 198 - 199 - 202 - 203 - 207 - 209 - 213 - 214 - 216 - 217 - 224 - 226 - 231 - 233 - 244 - 248 - 250 - 252 - 258 - 268 - 269 - 270 - 272 - 276 - 280 - 283 - 286 - 290 - 298 - 310 - 313 - 314 - 316 - 317 - 322 - 324 - 326 - 328 - 331 - 332 - 339 - 344 - 345 - 346 - 347 - 357 - 362 - 363 - 366 - 371 - 374 - 380 - 389 - 392 - 400 - 402 - 407 - 408 - 411 - 412 - 413 - 416 - 419 - 420 - 422 - 431 - 435 - 439 - 445 - 450 - 453 - 454 - 458 - 461 - 462 - 469 - 471 - 487 - 489 - 492 - 493 - 494 - 498,5240630.0,12.9,59975,55508,1.59,Cost: 59975 & Capacity: 55508
4 - 19 - 21 - 27 - 35 - 45 - 48 - 51 - 57 - 59 - 67 - 78 - 79 - 80 - 82 - 86 - 89 - 98 - 100 - 106 - 109 - 111 - 112 - 122 - 136 - 157 - 158 - 165 - 171 - 173 - 180 - 182 - 183 - 185 - 186 - 187 - 198 - 199 - 208 - 215 - 223 - 230 - 233 - 243 - 245 - 257 - 268 - 269 - 276 - 279 - 284 - 290 - 292 - 293 - 300 - 304 - 313 - 317 - 318 - 322 - 325 - 326 - 337 - 351 - 356 - 357 - 369 - 374 - 376 - 385 - 386 - 388 - 390 - 395 - 396 - 408 - 412 - 418 - 419 - 420 - 426 - 428 - 431 - 432 - 436 - 452 - 453 - 454 - 474 - 481 - 491,2164792.9,30.4,61463,50285,2.67,Cost: 61463 & Capacity: 50285
1 - 7 - 9 - 13 - 18 - 23 - 24 - 45 - 46 - 49 - 51 - 54 - 55 - 59 - 69 - 72 - 75 - 95 - 103 - 108 - 109 - 111 - 112 - 120 - 121 - 131 - 133 - 137 - 139 - 143 - 144 - 152 - 167 - 172 - 176 - 182 - 192 - 194 - 200 - 215 - 219 - 221 - 231 - 238 - 239 - 240 - 242 - 245 - 250 - 251 - 253 - 256 - 260 - 265 - 268 - 270 - 271 - 274 - 277 - 285 - 286 - 290 - 298 - 301 - 304 - 311 - 313 - 316 - 319 - 328 - 334 - 335 - 340 - 342 - 345 - 346 - 350 - 352 - 358 - 361 - 365 - 372 - 373 - 377 - 379 - 391 - 393 - 400 - 402 - 404 - 406 - 410 - 419 - 439 - 450 - 451 - 453 - 458 - 463 - 475 - 476 - 482 - 484 - 490 - 491 - 495,2939057.9,26.3,58359,49929,3.84,Cost: 58359 & Capacity: 49929
1 - 7 - 9 - 13 - 18 - 23 - 24 - 32 - 45 - 46 - 49 - 51 - 54 - 55 - 59 - 69 - 72 - 75 - 95 - 103 - 108 - 109 - 111 - 112 - 120 - 121 - 131 - 133 - 137 - 139 - 143 - 144 - 152 - 167 - 172 - 176 - 182 - 192 - 194 - 200 - 215 - 219 - 221 - 231 - 238 - 239 - 240 - 242 - 245 - 250 - 251 - 253 - 256 - 260 - 265 - 268 - 270 - 271 - 274 - 277 - 285 - 286 - 290 - 298 - 301 - 304 - 311 - 313 - 316 - 319 - 328 - 334 - 335 - 340 - 342 - 345 - 346 - 350 - 352 - 358 - 361 - 365 - 372 - 373 - 377 - 379 - 391 - 393 - 400 - 402 - 404 - 406 - 410 - 419 - 427 - 439 - 450 - 451 - 452 - 453 - 458 - 463 - 466 - 475 - 476 - 482 - 484 - 486 - 490 - 491 - 495,3208675.9,24.8,60441,51849,3.84,Cost: 60441 & Capacity: 51849
0 - 1 - 5 - 8 - 9 - 10 - 12 - 14 - 15 - 16 - 20 - 21 - 22 - 23 - 24 - 27 - 28 - 30 - 32 - 36 - 40 - 42 - 44 - 45 - 48 - 49 - 55 - 58 - 66 - 67 - 68 - 69 - 71 - 75 - 76 - 77 - 78 - 81 - 84 - 85 - 88 - 89 - 91 - 92 - 94 - 99 - 101 - 102 - 103 - 107 - 110 - 111 - 112 - 113 - 114 - 115 - 117 - 118 - 119 - 127 - 129 - 132 - 135 - 137 - 138 - 139 - 142 - 144 - 145 - 146 - 149 - 150 - 152 - 155 - 156 - 157 - 161 - 163 - 164 - 167 - 171 - 172 - 175 - 176 - 179 - 182 - 183 - 185 - 190 - 191 - 192 - 194 - 196 - 198 - 199 - 200 - 202 - 203 - 205 - 206 - 207 - 208 - 211 - 213 - 214 - 216 - 217 - 219 - 221 - 222 - 223 - 224 - 230 - 231 - 232 - 233 - 235 - 236 - 237 - 241 - 242 - 250 - 251 - 252 - 254 - 257 - 260 - 264 - 266 - 268 - 269 - 270 - 271 - 272 - 274 - 275 - 276 - 281 - 282 - 283 - 284 - 286 - 289 - 290 - 294 - 295 - 298 - 299 - 300 - 301 - 304 - 305 - 306 - 309 - 310 - 314 - 315 - 317 - 319 - 320 - 323 - 324 - 325 - 326 - 328 - 332 - 339 - 340 - 342 - 344 - 347 - 356 - 357 - 360 - 361 - 362 - 363 - 365 - 366 - 367 - 371 - 374 - 375 - 377 - 380 - 381 - 383 - 386 - 387 - 388 - 389 - 391 - 392 - 393 - 399 - 400 - 406 - 407 - 408 - 409 - 413 - 416 - 417 - 420 - 422 - 424 - 430 - 433 - 437 - 438 - 439 - 440 - 444 - 445 - 447 - 449 - 450 - 452 - 458 - 461 - 462 - 463 - 466 - 467 - 474 - 478 - 479 - 480 - 483 - 484 - 487 - 490 - 492 - 493 - 496 - 498,13843852.4,0.1,58218,63542,20.92,Cost: 58218 & Capacity: 63542
3 - 4 - 5 - 6 - 7 - 8 - 9 - 10 - 14 - 23 - 24 - 30 - 31 - 33 - 39 - 41 - 42 - 44 - 46 - 47 - 49 - 51 - 53 - 57 - 58 - 59 - 64 - 68 - 69 - 75 - 76 - 81 - 82 - 84 - 87 - 91 - 92 - 94 - 101 - 107 - 110 - 113 - 114 - 115 - 118 - 119 - 120 - 126 - 129 - 130 - 131 - 135 - 139 - 142 - 145 - 152 - 157 - 163 - 166 - 167 - 170 - 172 - 176 - 177 - 178 - 183 - 185 - 190 - 191 - 192 - 194 - 195 - 197 - 199 - 200 - 202 - 204 - 205 - 206 - 210 - 212 - 213 - 217 - 221 - 225 - 226 - 230 - 231 - 233 - 236 - 242 - 250 - 254 - 256 - 257 - 258 - 260 - 272 - 274 - 281 - 283 - 284 - 285 - 288 - 290 - 299 - 300 - 309 - 310 - 311 - 315 - 323 - 324 - 325 - 332 - 338 - 342 - 347 - 352 - 357 - 362 - 365 - 373 - 377 - 380 - 383 - 384 - 386 - 387 - 391 - 393 - 407 - 413 - 417 - 419 - 421 - 422 - 424 - 426 - 433 - 442 - 447 - 449 - 451 - 452 - 458 - 459 - 464 - 466 - 468 - 472 - 478 - 487 - 489 - 490 - 492 - 493 - 498,6260657.3,9.0,61083,56772,22.68,Cost: 61083 & Capacity: 56772
2 - 6 - 12 - 13 - 22 - 31 - 35 - 36 - 44 - 45 - 46 - 53 - 56 - 59 - 60 - 63 - 86 - 93 - 96 - 97 - 98 - 103 - 106 - 107 - 113 - 118 - 125 - 126 - 131 - 136 - 141 - 160 - 169 - 170 - 176 - 182 - 184 - 187 - 205 - 208 - 220 - 223 - 228 - 229 - 230 - 236 - 240 - 242 - 256 - 257 - 260 - 262 - 273 - 276 - 279 - 284 - 293 - 296 - 298 - 305 - 308 - 310 - 312 - 313 - 324 - 329 - 342 - 345 - 347 - 354 - 358 - 360 - 379 - 383 - 397 - 398 - 406 - 410 - 425 - 426 - 427 - 430 - 446 - 458 - 470 - 472 - 481 - 482 - 486,2082065.6,36.0,61423,49769,23.91,Cost: 61423 & Capacity: 49769
0 - 1 - 5 - 8 - 9 - 10 - 12 - 14 - 15 - 16 - 20 - 21 - 22 - 23 - 24 - 27 - 28 - 30 - 32 - 33 - 36 - 40 - 42 - 44 - 45 - 48 - 49 - 55 - 58 - 66 - 67 - 68 - 69 - 71 - 75 - 76 - 77 - 78 - 81 - 84 - 85 - 88 - 89 - 91 - 92 - 94 - 99 - 101 - 102 - 103 - 107 - 110 - 111 - 112 - 113 - 114 - 115 - 117 - 118 - 119 - 127 - 129 - 132 - 135 - 137 - 138 - 139 - 142 - 144 - 145 - 146 - 149 - 150 - 152 - 155 - 156 - 157 - 161 - 163 - 164 - 167 - 171 - 172 - 175 - 176 - 179 - 182 - 183 - 185 - 190 - 191 - 192 - 194 - 196 - 198 - 199 - 200 - 202 - 203 - 205 - 206 - 207 - 208 - 211 - 213 - 214 - 216 - 217 - 219 - 221 - 222 - 223 - 224 - 230 - 231 - 232 - 233 - 235 - 236 - 237 - 240 - 241 - 242 - 247 - 250 - 251 - 252 - 254 - 257 - 260 - 264 - 266 - 268 - 269 - 270 - 271 - 272 - 274 - 275 - 276 - 281 - 282 - 283 - 284 - 286 - 289 - 290 - 294 - 295 - 298 - 299 - 300 - 301 - 304 - 305 - 306 - 309 - 310 - 314 - 315 - 317 - 319 - 320 - 323 - 324 - 325 - 326 - 328 - 329 - 332 - 339 - 340 - 342 - 344 - 347 - 356 - 357 - 360 - 361 - 362 - 363 - 365 - 366 - 367 - 371 - 374 - 375 - 377 - 380 - 381 - 383 - 386 - 387 - 388 - 389 - 391 - 392 - 393 - 399 - 400 - 406 - 407 - 408 - 409 - 413 - 416 - 417 - 420 - 422 - 424 - 430 - 433 - 435 - 437 - 438 - 439 - 440 - 444 - 445 - 447 - 449 - 450 - 452 - 458 - 461 - 462 - 463 - 466 - 467 - 474 - 478 - 479 - 480 - 483 - 484 - 487 - 489 - 490 - 492 - 493 - 496 - 498,14564904.2,0.1,61362,66590,24.11,Cost: 61362 & Capacity: 66590
0 - 1 - 5 - 8 - 9 - 10 - 12 - 14 - 15 - 16 - 20 - 21 - 22 - 23 - 24 - 27 - 28 - 30 - 32 - 33 - 36 - 40 - 42 - 44 - 45 - 48 - 49 - 55 - 58 - 66 - 67 - 68 - 69 - 71 - 75 - 76 - 77 - 78 - 81 - 84 - 85 - 88 - 89 - 91 - 92 - 94 - 99 - 101 - 102 - 103 - 107 - 110 - 111 - 112 - 113 - 114 - 115 - 117 - 118 - 119 - 127 - 129 - 132 - 135 - 137 - 138 - 139 - 142 - 144 - 145 - 146 - 149 - 150 - 152 - 155 - 156 - 157 - 161 - 163 - 164 - 167 - 171 - 172 - 175 - 176 - 179 - 182 - 183 - 185 - 190 - 191 - 192 - 194 - 196 - 198 - 199 - 200 - 202 - 203 - 205 - 206 - 207 - 208 - 211 - 213 - 214 - 216 - 217 - 219 - 221 - 222 - 223 - 224 - 230 - 231 - 232 - 233 - 235 - 236 - 237 - 240 - 241 - 242 - 247 - 250 - 251 - 252 - 254 - 257 - 260 - 264 - 266 - 268 - 269 - 270 - 271 - 272 - 274 - 275 - 276 - 281 - 282 - 283 - 284 - 286 - 289 - 290 - 294 - 295 - 298 - 299 - 300 - 301 - 304 - 305 - 306 - 309 - 310 - 314 - 315 - 317 - 319 - 320 - 323 - 324 - 325 - 326 - 328 - 332 - 339 - 340 - 342 - 344 - 347 - 356 - 357 - 360 - 361 - 362 - 363 - 365 - 366 - 367 - 371 - 374 - 375 - 377 - 380 - 381 - 383 - 386 - 387 - 388 - 389 - 391 - 392 - 393 - 399 - 400 - 406 - 407 - 408 - 409 - 413 - 416 - 417 - 420 - 422 - 424 - 430 - 433 - 435 - 437 - 438 - 439 - 440 - 444 - 445 - 447 - 449 - 450 - 452 - 458 - 461 - 462 - 463 - 466 - 467 - 474 - 478 - 479 - 480 - 483 - 484 - 487 - 489 - 490 - 492 - 493 - 496 - 498,14442926.6,0.1,60823,66199,24.11,Cost: 60823 & Capacity: 66199
1 - 5 - 8 - 9 - 10 - 12 - 14 - 15 - 16 - 20 - 21 - 22 - 23 - 24 - 27 - 28 - 30 - 32 - 36 - 40 - 42 - 44 - 45 - 48 - 49 - 55 - 58 - 66 - 67 - 68 - 69 - 71 - 75 - 76 - 77 - 78 - 81 - 84 - 85 - 88 - 89 - 91 - 92 - 94 - 99 - 101 - 102 - 103 - 107 - 110 - 111 - 112 - 113 - 114 - 115 - 117 - 118 - 119 - 127 - 129 - 132 - 135 - 137 - 138 - 139 - 142 - 144 - 145 - 146 - 149 - 150 - 152 - 155 - 156 - 157 - 161 - 163 - 164 - 167 - 171 - 172 - 175 - 176 - 179 - 182 - 183 - 185 - 190 - 191 - 192 - 194 - 196 - 198 - 199 - 200 - 202 - 203 - 205 - 206 - 207 - 208 - 211 - 213 - 214 - 216 - 217 - 219 - 221 - 222 - 223 - 224 - 230 - 231 - 232 - 233 - 235 - 236 - 237 - 241 - 242 - 250 - 251 - 252 - 254 - 257 - 260 - 264 - 266 - 268 - 269 - 270 - 271 - 272 - 274 - 275 - 276 - 281 - 282 - 283 - 284 - 286 - 289 - 290 - 294 - 295 - 298 - 299 - 300 - 301 - 304 - 305 - 306 - 309 - 310 - 314 - 315 - 317 - 319 - 320 - 323 - 324 - 325 - 326 - 328 - 332 - 339 - 340 - 342 - 344 - 347 - 356 - 357 - 360 - 361 - 362 - 363 - 365 - 366 - 367 - 371 - 374 - 375 - 377 - 380 - 381 - 383 - 386 - 387 - 388 - 389 - 391 - 392 - 393 - 399 - 400 - 406 - 407 - 408 - 409 - 413 - 416 - 417 - 420 - 422 - 424 - 430 - 433 - 437 - 438 - 439 - 440 - 444 - 445 - 447 - 449 - 450 - 452 - 458 - 461 - 462 - 463 - 466 - 467 - 474 - 478 - 479 - 480 - 483 - 484 - 487 - 490 - 492 - 493 - 496 - 498,13717161.6,0.1,57702,62824,24.12,Cost: 57702 & Capacity: 62824
0 - 1 - 5 - 8 - 9 - 10 - 12 - 14 - 15 - 16 - 20 - 21 - 22 - 23 - 24 - 27 - 28 - 30 - 32 - 33 - 36 - 40 - 42 - 44 - 45 - 48 - 49 - 55 - 58 - 66 - 67 - 68 - 69 - 71 - 75 - 76 - 77 - 78 - 81 - 84 - 85 - 88 - 89 - 91 - 92 - 94 - 99 - 101 - 102 - 103 - 107 - 110 - 111 - 112 - 113 - 114 - 115 - 117 - 118 - 119 - 127 - 129 - 132 - 135 - 137 - 138 - 139 - 142 - 144 - 145 - 146 - 149 - 150 - 152 - 155 - 156 - 157 - 161 - 163 - 164 - 167 - 171 - 172 - 175 - 176 - 179 - 182 - 183 - 185 - 190 - 191 - 192 - 194 - 196 - 198 - 199 - 200 - 202 - 203 - 205 - 206 - 207 - 208 - 211 - 213 - 214 - 216 - 217 - 219 - 221 - 222 - 223 - 224 - 230 - 231 - 232 - 233 - 235 - 236 - 237 - 241 - 242 - 244 - 250 - 251 - 252 - 254 - 257 - 260 - 264 - 266 - 268 - 269 - 270 - 271 - 272 - 274 - 275 - 276 - 281 - 282 - 283 - 284 - 286 - 289 - 290 - 294 - 295 - 298 - 299 - 300 - 301 - 304 - 305 - 306 - 309 - 310 - 314 - 315 - 317 - 319 - 320 - 323 - 324 - 325 - 326 - 328 - 332 - 339 - 340 - 342 - 344 - 347 - 356 - 357 - 360 - 361 - 362 - 363 - 365 - 366 - 367 - 371 - 374 - 375 - 377 - 380 - 381 - 383 - 386 - 387 - 388 - 389 - 391 - 392 - 393 - 399 - 400 - 406 - 407 - 408 - 409 - 413 - 416 - 417 - 420 - 422 - 424 - 430 - 433 - 437 - 438 - 439 - 440 - 444 - 445 - 447 - 449 - 450 - 452 - 458 - 461 - 462 - 463 - 466 - 467 - 474 - 478 - 479 - 480 - 483 - 484 - 487 - 489 - 490 - 492 - 493 - 496 - 498,14187301.4,0.1,59783,65206,25.8,Cost: 59783 & Capacity: 65206
0 - 1 - 5 - 8 - 9 - 10 - 12 - 14 - 15 - 16 - 20 - 21 - 22 - 23 - 24 - 27 - 28 - 30 - 32 - 33 - 36 - 40 - 42 - 44 - 45 - 48 - 49 - 55 - 58 - 66 - 67 - 68 - 69 - 71 - 75 - 76 - 77 - 78 - 81 - 84 - 85 - 88 - 89 - 91 - 92 - 94 - 99 - 101 - 102 - 103 - 107 - 110 - 111 - 112 - 113 - 114 - 115 - 117 - 118 - 119 - 127 - 129 - 132 - 135 - 137 - 138 - 139 - 142 - 144 - 145 - 146 - 149 - 150 - 152 - 155 - 156 - 157 - 161 - 163 - 164 - 167 - 171 - 172 - 175 - 176 - 179 - 182 - 183 - 185 - 190 - 191 - 192 - 194 - 196 - 198 - 199 - 200 - 202 - 203 - 205 - 206 - 207 - 208 - 211 - 213 - 214 - 216 - 217 - 219 - 221 - 222 - 223 - 224 - 230 - 231 - 232 - 233 - 235 - 236 - 237 - 241 - 242 - 247 - 250 - 251 - 252 - 254 - 257 - 260 - 264 - 266 - 268 - 269 - 270 - 271 - 272 - 274 - 275 - 276 - 281 - 282 - 283 - 284 - 286 - 289 - 290 - 294 - 295 - 298 - 299 - 300 - 301 - 304 - 305 - 306 - 309 - 310 - 314 - 315 - 317 - 319 - 320 - 323 - 324 - 325 - 326 - 328 - 332 - 339 - 340 - 342 - 344 - 347 - 356 - 357 - 360 - 361 - 362 - 363 - 365 - 366 - 367 - 371 - 374 - 375 - 377 - 380 - 381 - 383 - 386 - 387 - 388 - 389 - 391 - 392 - 393 - 399 - 400 - 406 - 407 - 408 - 409 - 413 - 416 - 417 - 420 - 422 - 424 - 430 - 433 - 435 - 437 - 438 - 439 - 440 - 444 - 445 - 447 - 449 - 450 - 452 - 458 - 461 - 462 - 463 - 466 - 467 - 474 - 478 - 479 - 480 - 483 - 484 - 487 - 489 - 490 - 492 - 493 - 496 - 498,14318657.6,0.1,60295,65268,26.18,Cost: 60295 & Capacity: 65268
15 - 23 - 31 - 35 - 45 - 47 - 51 - 62 - 71 - 76 - 78 - 87 - 92 - 100 - 112 - 117 - 121 - 122 - 136 - 138 - 143 - 148 - 152 - 154 - 155 - 158 - 172 - 173 - 186 - 191 - 193 - 197 - 203 - 208 - 222 - 226 - 228 - 229 - 240 - 250 - 257 - 260 - 272 - 276 - 279 - 286 - 290 - 299 - 301 - 308 - 311 - 317 - 321 - 345 - 346 - 348 - 352 - 355 - 361 - 362 - 365 - 369 - 370 - 373 - 375 - 377 - 379 - 385 - 396 - 410 - 411 - 413 - 419 - 424 - 426 - 427 - 428 - 433 - 437 - 441 - 442 - 444 - 447 - 460 - 463 - 471 - 482 - 483 - 485 - 488 - 489 - 490 - 492 - 495,2296562.2,29.6,61340,51714,1.4,Cost: 61340 & Capacity: 51714
3 - 13 - 15 - 18 - 23 - 31 - 32 - 33 - 41 - 44 - 46 - 49 - 51 - 58 - 59 - 60 - 66 - 73 - 77 - 81 - 84 - 95 - 98 - 105 - 109 - 114 - 118 - 120 - 122 - 123 - 125 - 127 - 129 - 131 - 144 - 145 - 151 - 166 - 178 - 180 - 182 - 193 - 194 - 197 - 199 - 201 - 208 - 215 - 221 - 230 - 231 - 233 - 234 - 236 - 245 - 255 - 257 - 260 - 261 - 262 - 267 - 270 - 271 - 282 - 286 - 287 - 296 - 308 - 311 - 315 - 319 - 342 - 345 - 346 - 351 - 362 - 363 - 364 - 367 - 370 - 376 - 377 - 390 - 391 - 397 - 409 - 411 - 412 - 418 - 433 - 437 - 439 - 440 - 451 - 452 - 453 - 458 - 465 - 466 - 469 - 480 - 481 - 482 - 487 - 490 - 491 - 493 - 496,3114654.5,26.0,61390,53862,1.89,Cost: 61390 & Capacity: 53862
0 - 1 - 5 - 8 - 9 - 10 - 12 - 14 - 15 - 16 - 20 - 21 - 22 - 23 - 24 - 27 - 28 - 30 - 32 - 36 - 40 - 42 - 44 - 45 - 48 - 49 - 55 - 58 - 66 - 67 - 68 - 69 - 71 - 75 - 76 - 77 - 78 - 81 - 84 - 85 - 88 - 89 - 91 - 92 - 94 - 99 - 101 - 102 - 103 - 107 - 110 - 111 - 112 - 113 - 114 - 115 - 117 - 118 - 119 - 127 - 129 - 132 - 135 - 137 - 138 - 139 - 142 - 144 - 145 - 146 - 149 - 150 - 152 - 155 - 156 - 157 - 161 - 163 - 164 - 167 - 171 - 172 - 175 - 176 - 179 - 182 - 183 - 185 - 190 - 191 - 192 - 194 - 196 - 198 - 199 - 200 - 202 - 203 - 205 - 206 - 207 - 208 - 211 - 213 - 214 - 216 - 217 - 219 - 221 - 222 - 223 - 224 - 230 - 231 - 232 - 233 - 235 - 236 - 237 - 242 - 250 - 251 - 252 - 254 - 257 - 260 - 264 - 266 - 268 - 269 - 270 - 271 - 272 - 274 - 275 - 276 - 281 - 282 - 283 - 284 - 286 - 289 - 290 - 294 - 295 - 298 - 299 - 300 - 301 - 304 - 305 - 306 - 309 - 310 - 314 - 315 - 317 - 319 - 320 - 323 - 324 - 325 - 326 - 328 - 332 - 339 - 340 - 342 - 344 - 347 - 356 - 357 - 360 - 361 - 362 - 363 - 365 - 366 - 367 - 371 - 374 - 375 - 377 - 380 - 381 - 383 - 386 - 387 - 388 - 389 - 391 - 392 - 393 - 399 - 400 - 406 - 407 - 408 - 409 - 413 - 416 - 417 - 420 - 422 - 424 - 430 - 433 - 437 - 438 - 439 - 440 - 444 - 445 - 447 - 449 - 450 - 452 - 458 - 461 - 462 - 463 - 466 - 467 - 474 - 478 - 479 - 480 - 483 - 484 - 487 - 490 - 492 - 493 - 496 - 498,13740330.5,0.1,57715,63282,3.49,Cost: 57715 & Capacity: 63282
0 - 1 - 3 - 5 - 8 - 9 - 12 - 14 - 15 - 18 - 20 - 23 - 24 - 27 - 30 - 31 - 33 - 39 - 44 - 46 - 47 - 49 - 51 - 57 - 58 - 59 - 64 - 69 - 71 - 75 - 76 - 78 - 81 - 84 - 87 - 91 - 92 - 94 - 99 - 101 - 103 - 107 - 110 - 112 - 115 - 118 - 119 - 120 - 125 - 129 - 130 - 131 - 135 - 136 - 139 - 142 - 144 - 146 - 149 - 152 - 155 - 157 - 167 - 172 - 175 - 176 - 177 - 178 - 179 - 183 - 185 - 190 - 191 - 194 - 195 - 196 - 197 - 198 - 200 - 202 - 203 - 206 - 207 - 208 - 210 - 211 - 213 - 214 - 217 - 218 - 221 - 222 - 223 - 225 - 226 - 230 - 231 - 233 - 236 - 240 - 242 - 244 - 250 - 251 - 254 - 255 - 257 - 258 - 260 - 268 - 270 - 272 - 274 - 276 - 277 - 281 - 283 - 284 - 299 - 300 - 304 - 309 - 310 - 311 - 312 - 313 - 314 - 315 - 317 - 323 - 324 - 325 - 328 - 332 - 334 - 338 - 340 - 344 - 347 - 357 - 360 - 361 - 362 - 363 - 365 - 369 - 371 - 373 - 377 - 380 - 383 - 386 - 387 - 388 - 391 - 393 - 394 - 406 - 407 - 409 - 413 - 416 - 417 - 422 - 424 - 427 - 433 - 438 - 439 - 445 - 447 - 449 - 451 - 452 - 453 - 455 - 457 - 458 - 461 - 462 - 466 - 468 - 474 - 479 - 480 - 484 - 487 - 489 - 490 - 492 - 493 - 494 - 498,9397613.5,5.1,61457,63474,5.35,Cost: 61457 & Capacity: 63474
0 - 1 - 5 - 8 - 9 - 10 - 12 - 14 - 15 - 16 - 20 - 21 - 22 - 23 - 24 - 27 - 28 - 30 - 32 - 33 - 36 - 40 - 42 - 44 - 45 - 48 - 49 - 55 - 58 - 66 - 67 - 68 - 69 - 71 - 75 - 76 - 77 - 78 - 81 - 84 - 85 - 88 - 89 - 91 - 92 - 94 - 99 - 101 - 102 - 103 - 107 - 110 - 111 - 112 - 113 - 114 - 115 - 117 - 118 - 119 - 127 - 129 - 132 - 135 - 137 - 138 - 139 - 142 - 144 - 145 - 146 - 149 - 150 - 152 - 155 - 156 - 157 - 161 - 163 - 164 - 167 - 171 - 172 - 175 - 176 - 179 - 182 - 183 - 185 - 190 - 191 - 192 - 194 - 196 - 198 - 199 - 200 - 202 - 203 - 205 - 206 - 207 - 208 - 211 - 213 - 214 - 216 - 217 - 219 - 221 - 222 - 223 - 224 - 230 - 231 - 232 - 233 - 235 - 236 - 237 - 241 - 242 - 247 - 250 - 251 - 252 - 254 - 257 - 260 - 264 - 266 - 268 - 269 - 270 - 271 - 272 - 274 - 275 - 276 - 281 - 282 - 283 - 284 - 286 - 289 - 290 - 294 - 295 - 298 - 299 - 300 - 301 - 304 - 305 - 306 - 309 - 310 - 314 - 315 - 317 - 319 - 320 - 323 - 324 - 325 - 326 - 328 - 332 - 339 - 340 - 342 - 344 - 347 - 356 - 357 - 360 - 361 - 362 - 363 - 365 - 366 - 367 - 371 - 374 - 375 - 377 - 380 - 381 - 383 - 386 - 387 - 388 - 389 - 391 - 392 - 393 - 399 - 400 - 406 - 407 - 408 - 409 - 413 - 416 - 417 - 420 - 422 - 424 - 430 - 433 - 437 - 438 - 439 - 440 - 444 - 445 - 447 - 449 - 450 - 452 - 458 - 461 - 462 - 463 - 466 - 467 - 474 - 478 - 479 - 480 - 483 - 484 - 487 - 489 - 490 - 492 - 493 - 496 - 498,14195083.3,0.1,59770,64954,5.93,Cost: 59770 & Capacity: 64954
0 - 1 - 5 - 8 - 9 - 10 - 12 - 14 - 15 - 16 - 20 - 21 - 22 - 23 - 24 - 27 - 28 - 30 - 32 - 36 - 40 - 42 - 44 - 45 - 48 - 49 - 55 - 58 - 66 - 67 - 68 - 69 - 71 - 75 - 76 - 77 - 78 - 81 - 84 - 85 - 88 - 89 - 91 - 92 - 94 - 99 - 101 - 102 - 103 - 107 - 110 - 111 - 112 - 113 - 114 - 115 - 117 - 118 - 119 - 127 - 129 - 132 - 135 - 137 - 138 - 139 - 142 - 144 - 145 - 146 - 149 - 150 - 152 - 155 - 156 - 157 - 161 - 163 - 164 - 167 - 171 - 172 - 175 - 176 - 179 - 182 - 183 - 185 - 190 - 191 - 192 - 194 - 196 - 198 - 199 - 200 - 202 - 203 - 205 - 206 - 207 - 208 - 211 - 213 - 214 - 216 - 217 - 219 - 221 - 222 - 223 - 224 - 230 - 231 - 232 - 233 - 235 - 236 - 237 - 241 - 242 - 247 - 250 - 251 - 252 - 254 - 257 - 260 - 264 - 266 - 268 - 269 - 270 - 271 - 272 - 274 - 275 - 276 - 281 - 282 - 283 - 284 - 286 - 289 - 290 - 294 - 295 - 298 - 299 - 300 - 301 - 304 - 305 - 306 - 309 - 310 - 314 - 315 - 317 - 319 - 320 - 323 - 324 - 325 - 326 - 328 - 332 - 339 - 340 - 342 - 344 - 347 - 356 - 357 - 360 - 361 - 362 - 363 - 365 - 366 - 367 - 371 - 374 - 375 - 377 - 380 - 381 - 383 - 386 - 387 - 388 - 389 - 391 - 392 - 393 - 399 - 400 - 406 - 407 - 408 - 409 - 413 - 416 - 417 - 420 - 422 - 424 - 430 - 433 - 437 - 438 - 439 - 440 - 444 - 445 - 447 - 449 - 450 - 452 - 458 - 461 - 462 - 463 - 466 - 467 - 474 - 478 - 479 - 480 - 483 - 484 - 487 - 489 - 490 - 492 - 493 - 496 - 498,14080266.0,0.1,59248,64230,6.39,Cost: 59248 & Capacity: 64230
0 - 1 - 4 - 5 - 7 - 8 - 9 - 10 - 12 - 14 - 16 - 18 - 23 - 24 - 27 - 30 - 33 - 39 - 40 - 44 - 46 - 49 - 51 - 58 - 59 - 67 - 68 - 69 - 75 - 76 - 77 - 78 - 81 - 84 - 87 - 91 - 92 - 94 - 99 - 101 - 103 - 105 - 107 - 110 - 112 - 115 - 118 - 119 - 120 - 129 - 130 - 131 - 132 - 135 - 138 - 139 - 142 - 144 - 146 - 149 - 152 - 155 - 157 - 163 - 167 - 172 - 175 - 176 - 178 - 179 - 183 - 185 - 190 - 191 - 192 - 194 - 195 - 196 - 197 - 198 - 199 - 200 - 202 - 203 - 205 - 206 - 208 - 210 - 211 - 213 - 214 - 216 - 217 - 219 - 221 - 222 - 223 - 225 - 226 - 230 - 231 - 233 - 236 - 240 - 242 - 244 - 250 - 251 - 254 - 255 - 257 - 258 - 260 - 264 - 266 - 268 - 272 - 274 - 276 - 277 - 281 - 282 - 283 - 284 - 289 - 290 - 293 - 298 - 299 - 300 - 301 - 304 - 309 - 310 - 311 - 313 - 314 - 315 - 319 - 323 - 324 - 325 - 328 - 332 - 334 - 338 - 340 - 344 - 347 - 357 - 358 - 360 - 361 - 362 - 363 - 364 - 365 - 371 - 373 - 377 - 380 - 383 - 384 - 386 - 387 - 388 - 391 - 393 - 394 - 399 - 406 - 407 - 409 - 413 - 416 - 417 - 422 - 424 - 427 - 433 - 435 - 438 - 439 - 445 - 447 - 449 - 451 - 452 - 453 - 458 - 461 - 462 - 466 - 468 - 474 - 478 - 479 - 480 - 484 - 487 - 489 - 490 - 492 - 493 - 496 - 498,10719944.7,3.3,61472,63525,8.03,Cost: 61472 & Capacity: 63525
0 - 1 - 5 - 8 - 9 - 10 - 12 - 14 - 15 - 16 - 20 - 21 - 22 - 23 - 24 - 27 - 28 - 30 - 32 - 33 - 36 - 40 - 42 - 44 - 45 - 48 - 49 - 55 - 58 - 66 - 67 - 68 - 69 - 71 - 75 - 76 - 77 - 78 - 81 - 84 - 85 - 88 - 89 - 91 - 92 - 94 - 99 - 101 - 102 - 103 - 107 - 110 - 111 - 112 - 113 - 114 - 115 - 117 - 118 - 119 - 127 - 129 - 132 - 135 - 137 - 138 - 139 - 142 - 144 - 145 - 146 - 149 - 150 - 152 - 155 - 156 - 157 - 161 - 163 - 164 - 167 - 171 - 172 - 175 - 176 - 179 - 182 - 183 - 185 - 190 - 191 - 192 - 194 - 196 - 198 - 199 - 200 - 202 - 203 - 205 - 206 - 207 - 208 - 211 - 213 - 214 - 216 - 217 - 219 - 221 - 222 - 223 - 224 - 230 - 231 - 232 - 233 - 235 - 236 - 237 - 240 - 241 - 242 - 247 - 250 - 251 - 252 - 254 - 257 - 260 - 264 - 266 - 268 - 269 - 270 - 271 - 272 - 274 - 275 - 276 - 281 - 282 - 283 - 284 - 286 - 289 - 290 - 294 - 295 - 298 - 299 - 300 - 301 - 304 - 305 - 306 - 309 - 310 - 314 - 315 - 317 - 319 - 320 - 323 - 324 - 325 - 326 - 328 - 332 - 339 - 340 - 342 - 344 - 347 - 356 - 357 - 360 - 361 - 362 - 363 - 365 - 366 - 367 - 371 - 374 - 375 - 377 - 380 - 381 - 383 - 386 - 387 - 388 - 389 - 391 - 392 - 393 - 399 - 400 - 406 - 407 - 408 - 409 - 413 - 416 - 417 - 420 - 422 - 424 - 430 - 433 - 435 - 437 - 438 - 439 - 440 - 444 - 445 - 447 - 449 - 450 - 452 - 458 - 461 - 462 - 463 - 466 - 467 - 474 - 478 - 479 - 480 - 483 - 484 - 487 - 489 - 490 - 492 - 493 - 496 - 498,14442926.6,0.1,60823,66199,11.01,Cost: 60823 & Capacity: 66199
1 - 16 - 18 - 20 - 21 - 23 - 32 - 33 - 36 - 39 - 41 - 44 - 45 - 46 - 51 - 52 - 55 - 59 - 69 - 71 - 72 - 75 - 77 - 92 - 96 - 100 - 105 - 111 - 114 - 115 - 116 - 118 - 119 - 122 - 127 - 129 - 130 - 131 - 135 - 145 - 157 - 163 - 167 - 172 - 178 - 190 - 194 - 196 - 198 - 199 - 200 - 201 - 204 - 206 - 211 - 213 - 214 - 219 - 221 - 223 - 224 - 230 - 231 - 233 - 236 - 237 - 240 - 242 - 243 - 251 - 252 - 257 - 260 - 261 - 262 - 263 - 268 - 270 - 274 - 276 - 278 - 280 - 281 - 286 - 294 - 295 - 296 - 301 - 305 - 308 - 309 - 313 - 319 - 328 - 338 - 345 - 352 - 354 - 357 - 360 - 362 - 364 - 367 - 370 - 375 - 377 - 380 - 384 - 386 - 393 - 397 - 399 - 406 - 412 - 413 - 417 - 421 - 425 - 433 - 439 - 442 - 450 - 453 - 454 - 458 - 464 - 465 - 471 - 472 - 473 - 476 - 479 - 482 - 484 - 487 - 489 - 490 - 491 - 493 - 494 - 498,5098781.8,14.8,61420,58138,11.37,Cost: 61420 & Capacity: 58138
6 - 13 - 16 - 28 - 30 - 33 - 38 - 39 - 41 - 42 - 45 - 46 - 47 - 51 - 52 - 55 - 56 - 66 - 68 - 70 - 73 - 90 - 95 - 98 - 99 - 104 - 107 - 131 - 134 - 136 - 147 - 152 - 162 - 171 - 172 - 178 - 184 - 188 - 189 - 190 - 194 - 195 - 197 - 203 - 209 - 211 - 220 - 226 - 229 - 233 - 248 - 251 - 257 - 262 - 263 - 266 - 269 - 283 - 290 - 292 - 294 - 312 - 322 - 324 - 332 - 343 - 345 - 346 - 348 - 354 - 360 - 362 - 386 - 388 - 392 - 394 - 395 - 400 - 404 - 409 - 411 - 422 - 426 - 427 - 430 - 433 - 437 - 442 - 445 - 453 - 469 - 485 - 486 - 487 - 493 - 494,2383227.6,29.2,61363,50730,14.59,Cost: 61363 & Capacity: 50730
0 - 1 - 2 - 9 - 13 - 18 - 20 - 22 - 23 - 24 - 27 - 30 - 33 - 36 - 41 - 45 - 46 - 51 - 54 - 55 - 58 - 59 - 67 - 69 - 75 - 77 - 78 - 81 - 84 - 92 - 107 - 113 - 114 - 116 - 118 - 119 - 122 - 125 - 131 - 135 - 148 - 152 - 157 - 161 - 163 - 172 - 173 - 176 - 178 - 179 - 182 - 183 - 190 - 197 - 198 - 199 - 200 - 204 - 206 - 207 - 208 - 211 - 213 - 219 - 221 - 223 - 230 - 231 - 236 - 239 - 242 - 245 - 251 - 254 - 257 - 260 - 261 - 263 - 268 - 276 - 279 - 281 - 284 - 286 - 293 - 294 - 298 - 299 - 303 - 305 - 309 - 310 - 313 - 314 - 319 - 323 - 324 - 325 - 334 - 335 - 342 - 344 - 345 - 346 - 353 - 357 - 358 - 360 - 361 - 362 - 363 - 365 - 367 - 369 - 373 - 377 - 380 - 383 - 386 - 387 - 393 - 394 - 406 - 412 - 413 - 415 - 422 - 424 - 425 - 433 - 437 - 438 - 439 - 444 - 445 - 447 - 449 - 450 - 451 - 452 - 453 - 458 - 460 - 464 - 465 - 471 - 472 - 473 - 474 - 475 - 482 - 487 - 490 - 491 - 493,6250569.8,9.2,61445,58047,16.33,Cost: 61445 & Capacity: 58047
1 - 3 - 8 - 23 - 24 - 27 - 32 - 33 - 41 - 44 - 46 - 48 - 49 - 50 - 51 - 54 - 55 - 58 - 62 - 71 - 75 - 80 - 84 - 91 - 94 - 97 - 100 - 103 - 104 - 107 - 108 - 109 - 114 - 119 - 122 - 129 - 135 - 136 - 148 - 150 - 157 - 166 - 168 - 172 - 182 - 190 - 191 - 200 - 201 - 217 - 221 - 227 - 230 - 233 - 236 - 237 - 242 - 251 - 257 - 260 - 261 - 262 - 263 - 267 - 268 - 272 - 274 - 276 - 284 - 285 - 286 - 288 - 290 - 294 - 296 - 309 - 310 - 317 - 320 - 332 - 335 - 339 - 342 - 345 - 352 - 356 - 357 - 360 - 362 - 363 - 377 - 380 - 383 - 384 - 392 - 393 - 400 - 406 - 407 - 410 - 411 - 412 - 413 - 415 - 419 - 425 - 437 - 439 - 444 - 445 - 449 - 450 - 452 - 453 - 457 - 458 - 460 - 461 - 462 - 465 - 466 - 467 - 468 - 475 - 476 - 481 - 487 - 488 - 490 - 493 - 494 - 497,4509234.2,17.1,61468,52567,18.34,Cost: 61468 & Capacity: 52567
0 - 1 - 5 - 8 - 9 - 10 - 12 - 14 - 15 - 16 - 20 - 21 - 22 - 23 - 24 - 27 - 28 - 30 - 32 - 33 - 36 - 40 - 42 - 44 - 45 - 48 - 49 - 55 - 58 - 66 - 67 - 68 - 69 - 71 - 75 - 76 - 77 - 78 - 81 - 84 - 85 - 88 - 89 - 91 - 92 - 94 - 99 - 101 - 102 - 103 - 107 - 110 - 111 - 112 - 113 - 114 - 115 - 117 - 118 - 119 - 127 - 129 - 132 - 135 - 137 - 138 - 139 - 142 - 144 - 145 - 146 - 149 - 150 - 152 - 155 - 156 - 157 - 161 - 163 - 167 - 171 - 172 - 175 - 176 - 178 - 179 - 182 - 183 - 185 - 190 - 191 - 192 - 194 - 196 - 198 - 199 - 200 - 202 - 203 - 205 - 206 - 207 - 208 - 211 - 213 - 214 - 216 - 217 - 219 - 221 - 222 - 223 - 224 - 230 - 231 - 232 - 233 - 235 - 236 - 237 - 240 - 242 - 250 - 251 - 252 - 254 - 257 - 260 - 264 - 266 - 268 - 269 - 270 - 271 - 272 - 274 - 275 - 276 - 281 - 282 - 283 - 284 - 286 - 289 - 290 - 294 - 295 - 298 - 299 - 300 - 301 - 304 - 305 - 306 - 308 - 309 - 310 - 314 - 315 - 317 - 319 - 320 - 323 - 324 - 325 - 326 - 328 - 332 - 338 - 339 - 340 - 342 - 344 - 347 - 356 - 357 - 360 - 361 - 362 - 363 - 365 - 366 - 367 - 371 - 374 - 375 - 377 - 380 - 381 - 383 - 386 - 387 - 388 - 389 - 391 - 392 - 393 - 399 - 400 - 406 - 407 - 408 - 409 - 413 - 416 - 417 - 420 - 422 - 424 - 426 - 430 - 433 - 435 - 437 - 438 - 439 - 440 - 444 - 445 - 447 - 449 - 450 - 452 - 458 - 461 - 462 - 463 - 466 - 467 - 474 - 478 - 479 - 480 - 483 - 484 - 487 - 489 - 490 - 492 - 493 - 496 - 498,14579993.6,0.1,61462,67370,23.48,Cost: 61462 & Capacity: 67370
0 - 1 - 5 - 8 - 9 - 10 - 12 - 14 - 15 - 16 - 20 - 21 - 22 - 23 - 24 - 27 - 28 - 30 - 32 - 33 - 36 - 40 - 42 - 44 - 45 - 48 - 49 - 55 - 58 - 66 - 67 - 68 - 69 - 71 - 75 - 76 - 77 - 78 - 81 - 84 - 85 - 88 - 89 - 91 - 92 - 94 - 99 - 101 - 102 - 103 - 107 - 110 - 111 - 112 - 113 - 114 - 115 - 117 - 118 - 119 - 127 - 129 - 132 - 135 - 137 - 138 - 139 - 142 - 144 - 145 - 146 - 149 - 150 - 152 - 155 - 156 - 157 - 161 - 163 - 167 - 171 - 172 - 175 - 176 - 178 - 179 - 182 - 183 - 185 - 190 - 191 - 192 - 194 - 196 - 198 - 199 - 200 - 202 - 203 - 205 - 206 - 207 - 208 - 211 - 213 - 214 - 216 - 217 - 219 - 221 - 222 - 223 - 224 - 230 - 231 - 232 - 233 - 235 - 236 - 237 - 241 - 242 - 250 - 251 - 252 - 254 - 257 - 260 - 264 - 266 - 268 - 269 - 270 - 271 - 272 - 274 - 275 - 276 - 281 - 282 - 283 - 284 - 286 - 289 - 290 - 294 - 295 - 298 - 299 - 300 - 301 - 304 - 305 - 306 - 309 - 310 - 313 - 314 - 315 - 317 - 319 - 323 - 324 - 325 - 326 - 328 - 332 - 338 - 339 - 340 - 342 - 344 - 347 - 357 - 360 - 361 - 362 - 363 - 365 - 366 - 367 - 371 - 374 - 375 - 377 - 380 - 381 - 383 - 386 - 387 - 388 - 389 - 391 - 392 - 393 - 399 - 406 - 407 - 408 - 409 - 413 - 416 - 417 - 420 - 422 - 424 - 430 - 433 - 435 - 437 - 438 - 439 - 440 - 444 - 445 - 447 - 449 - 450 - 452 - 458 - 461 - 462 - 463 - 466 - 467 - 474 - 478 - 479 - 480 - 483 - 484 - 487 - 489 - 490 - 492 - 493 - 496 - 498,14058078.9,0.1,59454,63974,23.65,Cost: 59454 & Capacity: 63974
0 - 1 - 5 - 8 - 9 - 10 - 12 - 14 - 15 - 16 - 20 - 21 - 22 - 23 - 24 - 27 - 28 - 30 - 32 - 33 - 36 - 40 - 42 - 44 - 45 - 48 - 49 - 55 - 58 - 66 - 67 - 68 - 69 - 71 - 75 - 76 - 77 - 78 - 81 - 84 - 85 - 88 - 89 - 91 - 92 - 94 - 99 - 101 - 102 - 103 - 107 - 110 - 111 - 112 - 113 - 114 - 115 - 117 - 118 - 119 - 127 - 129 - 132 - 135 - 137 - 138 - 139 - 142 - 144 - 145 - 146 - 149 - 150 - 152 - 155 - 156 - 157 - 161 - 163 - 167 - 171 - 172 - 175 - 176 - 178 - 179 - 182 - 183 - 185 - 190 - 191 - 192 - 194 - 196 - 198 - 199 - 200 - 202 - 203 - 205 - 206 - 207 - 208 - 211 - 213 - 214 - 216 - 217 - 219 - 221 - 222 - 223 - 224 - 230 - 231 - 232 - 233 - 235 - 236 - 237 - 240 - 242 - 250 - 251 - 252 - 254 - 257 - 260 - 264 - 266 - 268 - 269 - 270 - 271 - 272 - 274 - 275 - 276 - 281 - 282 - 283 - 284 - 286 - 289 - 290 - 294 - 295 - 298 - 299 - 300 - 301 - 304 - 305 - 306 - 308 - 309 - 310 - 314 - 315 - 317 - 319 - 320 - 323 - 324 - 325 - 326 - 328 - 332 - 338 - 339 - 340 - 342 - 344 - 347 - 356 - 357 - 360 - 361 - 362 - 363 - 365 - 366 - 367 - 371 - 374 - 375 - 377 - 380 - 381 - 383 - 386 - 387 - 388 - 389 - 391 - 392 - 393 - 399 - 400 - 406 - 407 - 408 - 409 - 413 - 416 - 417 - 420 - 422 - 424 - 426 - 430 - 433 - 435 - 437 - 438 - 439 - 440 - 444 - 445 - 447 - 449 - 450 - 452 - 458 - 461 - 462 - 463 - 466 - 467 - 474 - 478 - 479 - 480 - 483 - 484 - 487 - 489 - 490 - 492 - 493 - 496 - 498,14579993.6,0.1,61462,67370,24.73,Cost: 61462 & Capacity: 67370
0 - 1 - 5 - 8 - 9 - 10 - 12 - 14 - 15 - 16 - 20 - 21 - 23 - 24 - 27 - 28 - 30 - 32 - 33 - 36 - 40 - 44 - 48 - 49 - 51 - 55 - 58 - 59 - 66 - 67 - 68 - 69 - 75 - 76 - 77 - 78 - 81 - 84 - 85 - 87 - 88 - 89 - 91 - 92 - 94 - 99 - 101 - 103 - 107 - 110 - 111 - 112 - 113 - 114 - 115 - 117 - 118 - 119 - 127 - 129 - 130 - 131 - 132 - 135 - 137 - 139 - 142 - 144 - 145 - 146 - 149 - 150 - 152 - 155 - 156 - 157 - 163 - 167 - 171 - 172 - 175 - 176 - 178 - 179 - 183 - 185 - 190 - 191 - 192 - 194 - 195 - 196 - 198 - 199 - 200 - 202 - 203 - 205 - 206 - 207 - 208 - 210 - 211 - 213 - 214 - 216 - 217 - 219 - 221 - 222 - 223 - 224 - 230 - 231 - 233 - 235 - 236 - 237 - 242 - 250 - 251 - 254 - 257 - 258 - 260 - 264 - 266 - 268 - 269 - 270 - 271 - 272 - 274 - 275 - 276 - 281 - 283 - 284 - 286 - 288 - 289 - 290 - 294 - 295 - 298 - 299 - 300 - 301 - 304 - 305 - 306 - 309 - 310 - 313 - 314 - 315 - 317 - 319 - 323 - 324 - 325 - 326 - 328 - 332 - 338 - 339 - 340 - 342 - 344 - 347 - 357 - 360 - 361 - 362 - 363 - 364 - 365 - 366 - 367 - 371 - 374 - 375 - 377 - 380 - 381 - 383 - 386 - 387 - 389 - 391 - 392 - 393 - 399 - 400 - 406 - 407 - 409 - 413 - 416 - 417 - 420 - 422 - 424 - 433 - 437 - 438 - 439 - 440 - 444 - 445 - 447 - 449 - 450 - 451 - 452 - 458 - 461 - 462 - 463 - 466 - 467 - 474 - 478 - 479 - 480 - 484 - 487 - 489 - 490 - 492 - 493 - 494 - 496 - 498,13650825.4,0.8,61473,65359,27.29,Cost: 61473 & Capacity: 65359
0 - 1 - 5 - 8 - 9 - 10 - 12 - 14 - 15 - 16 - 20 - 21 - 22 - 23 - 24 - 27 - 28 - 30 - 32 - 33 - 36 - 40 - 42 - 44 - 45 - 48 - 49 - 55 - 58 - 66 - 67 - 68 - 69 - 71 - 75 - 76 - 77 - 78 - 81 - 84 - 85 - 88 - 89 - 91 - 92 - 94 - 99 - 101 - 102 - 103 - 107 - 110 - 111 - 112 - 113 - 114 - 115 - 117 - 118 - 119 - 127 - 129 - 132 - 135 - 137 - 138 - 139 - 142 - 144 - 145 - 146 - 149 - 150 - 152 - 155 - 156 - 157 - 161 - 163 - 167 - 171 - 172 - 175 - 176 - 178 - 179 - 182 - 183 - 185 - 190 - 191 - 192 - 194 - 196 - 198 - 199 - 200 - 202 - 203 - 205 - 206 - 207 - 208 - 211 - 213 - 214 - 216 - 217 - 219 - 221 - 222 - 223 - 224 - 230 - 231 - 232 - 233 - 235 - 236 - 237 - 240 - 242 - 250 - 251 - 252 - 254 - 257 - 260 - 264 - 266 - 268 - 269 - 270 - 271 - 272 - 274 - 275 - 276 - 281 - 282 - 283 - 284 - 286 - 289 - 290 - 294 - 295 - 298 - 299 - 300 - 301 - 304 - 305 - 306 - 308 - 309 - 310 - 314 - 315 - 317 - 319 - 320 - 323 - 324 - 325 - 326 - 328 - 332 - 338 - 339 - 340 - 342 - 344 - 347 - 356 - 357 - 360 - 361 - 362 - 363 - 365 - 366 - 367 - 371 - 374 - 375 - 377 - 380 - 381 - 383 - 386 - 387 - 388 - 389 - 391 - 392 - 393 - 399 - 400 - 406 - 407 - 408 - 409 - 413 - 416 - 417 - 420 - 422 - 424 - 426 - 430 - 433 - 435 - 437 - 438 - 439 - 440 - 444 - 445 - 447 - 449 - 450 - 452 - 458 - 461 - 462 - 463 - 466 - 467 - 474 - 478 - 479 - 480 - 483 - 484 - 487 - 489 - 490 - 492 - 493 - 496 - 498,14579993.6,0.1,61462,67370,27.8,Cost: 61462 & Capacity: 67370
2 - 3 - 9 - 15 - 18 - 22 - 23 - 27 - 30 - 32 - 33 - 36 - 39 - 40 - 41 - 45 - 46 - 49 - 51 - 58 - 59 - 67 - 69 - 75 - 77 - 81 - 84 - 88 - 91 - 96 - 107 - 112 - 118 - 119 - 120 - 123 - 127 - 131 - 135 - 136 - 143 - 150 - 152 - 156 - 157 - 161 - 163 - 176 - 178 - 179 - 182 - 183 - 190 - 194 - 197 - 199 - 200 - 201 - 204 - 206 - 208 - 213 - 215 - 216 - 219 - 221 - 223 - 230 - 231 - 233 - 234 - 242 - 243 - 244 - 245 - 251 - 255 - 258 - 260 - 261 - 268 - 270 - 281 - 286 - 294 - 298 - 301 - 311 - 313 - 314 - 315 - 319 - 322 - 331 - 334 - 335 - 342 - 343 - 346 - 347 - 353 - 356 - 357 - 358 - 361 - 362 - 363 - 364 - 371 - 376 - 377 - 380 - 383 - 386 - 387 - 389 - 391 - 394 - 406 - 412 - 413 - 416 - 417 - 418 - 422 - 425 - 430 - 433 - 437 - 439 - 444 - 445 - 449 - 450 - 451 - 452 - 453 - 454 - 455 - 458 - 470 - 471 - 473 - 478 - 482 - 487 - 493,5624512.5,11.8,61436,58875,30.63,Cost: 61436 & Capacity: 58875
0 - 1 - 7 - 8 - 9 - 10 - 12 - 14 - 18 - 20 - 23 - 24 - 27 - 28 - 30 - 31 - 32 - 33 - 39 - 45 - 46 - 49 - 51 - 54 - 58 - 59 - 64 - 69 - 71 - 72 - 75 - 76 - 78 - 80 - 81 - 84 - 88 - 91 - 93 - 94 - 101 - 107 - 110 - 113 - 114 - 115 - 116 - 118 - 119 - 120 - 125 - 126 - 129 - 131 - 135 - 136 - 139 - 142 - 144 - 148 - 157 - 163 - 167 - 172 - 175 - 177 - 178 - 179 - 182 - 185 - 190 - 191 - 192 - 194 - 196 - 197 - 198 - 199 - 200 - 202 - 203 - 206 - 207 - 210 - 213 - 214 - 219 - 221 - 222 - 223 - 226 - 230 - 231 - 233 - 236 - 237 - 242 - 244 - 250 - 254 - 257 - 258 - 260 - 268 - 272 - 274 - 275 - 277 - 281 - 283 - 284 - 288 - 299 - 300 - 309 - 310 - 311 - 312 - 313 - 314 - 315 - 323 - 324 - 325 - 328 - 332 - 334 - 338 - 340 - 344 - 345 - 347 - 357 - 360 - 361 - 362 - 364 - 365 - 367 - 377 - 380 - 383 - 384 - 386 - 387 - 391 - 392 - 393 - 399 - 404 - 406 - 407 - 408 - 409 - 411 - 413 - 416 - 417 - 421 - 422 - 424 - 425 - 433 - 438 - 442 - 447 - 449 - 451 - 452 - 453 - 458 - 462 - 464 - 466 - 468 - 480 - 484 - 487 - 489 - 490 - 492 - 493 - 494 - 498,8516357.6,7.2,61465,61428,31.15,Cost: 61465 & Capacity: 61428
11 - 17 - 23 - 24 - 27 - 30 - 32 - 36 - 41 - 44 - 46 - 49 - 61 - 65 - 66 - 69 - 72 - 78 - 87 - 88 - 89 - 93 - 95 - 103 - 104 - 109 - 131 - 149 - 151 - 154 - 155 - 157 - 158 - 161 - 169 - 176 - 177 - 178 - 185 - 195 - 205 - 208 - 212 - 214 - 215 - 230 - 242 - 248 - 249 - 250 - 257 - 264 - 277 - 279 - 287 - 293 - 296 - 299 - 307 - 312 - 325 - 328 - 332 - 342 - 347 - 362 - 364 - 366 - 370 - 376 - 377 - 381 - 382 - 387 - 388 - 390 - 400 - 412 - 415 - 417 - 421 - 429 - 436 - 438 - 443 - 445 - 448 - 453 - 454 - 457 - 458 - 464 - 473 - 476 - 480 - 482 - 483 - 484 - 487 - 493 - 495 - 496,2701352.4,28.9,60572,49823,31.43,Cost: 60572 & Capacity: 49823
11 - 17 - 23 - 24 - 27 - 30 - 32 - 36 - 41 - 44 - 46 - 49 - 61 - 65 - 66 - 69 - 72 - 78 - 87 - 88 - 89 - 93 - 95 - 103 - 104 - 109 - 131 - 149 - 151 - 154 - 155 - 157 - 158 - 161 - 169 - 176 - 177 - 178 - 185 - 195 - 205 - 208 - 212 - 214 - 215 - 230 - 242 - 248 - 249 - 250 - 257 - 264 - 277 - 279 - 287 - 293 - 296 - 299 - 307 - 312 - 314 - 325 - 328 - 332 - 342 - 347 - 362 - 364 - 366 - 370 - 376 - 377 - 381 - 382 - 387 - 388 - 390 - 400 - 412 - 415 - 417 - 421 - 429 - 436 - 438 - 443 - 445 - 448 - 453 - 454 - 457 - 458 - 464 - 473 - 476 - 480 - 482 - 483 - 484 - 487 - 493 - 495 - 496,2754497.2,28.5,60593,49850,31.43,Cost: 60593 & Capacity: 49850
11 - 17 - 23 - 24 - 27 - 30 - 32 - 36 - 41 - 44 - 46 - 49 - 61 - 65 - 66 - 69 - 72 - 78 - 87 - 88 - 89 - 93 - 95 - 103 - 104 - 109 - 131 - 149 - 151 - 154 - 155 - 157 - 158 - 161 - 169 - 176 - 177 - 178 - 185 - 195 - 205 - 208 - 212 - 214 - 215 - 230 - 242 - 248 - 249 - 250 - 251 - 257 - 264 - 277 - 279 - 287 - 293 - 296 - 299 - 307 - 312 - 314 - 325 - 328 - 332 - 342 - 347 - 362 - 364 - 366 - 370 - 376 - 377 - 381 - 382 - 387 - 388 - 390 - 400 - 412 - 415 - 417 - 421 - 429 - 436 - 438 - 443 - 445 - 448 - 453 - 454 - 457 - 458 - 464 - 473 - 476 - 480 - 482 - 483 - 484 - 487 - 493 - 495 - 496,2805029.6,28.0,61094,50320,31.43,Cost: 61094 & Capacity: 50320
11 - 17 - 23 - 24 - 27 - 30 - 32 - 36 - 41 - 44 - 46 - 49 - 61 - 65 - 66 - 69 - 72 - 78 - 87 - 88 - 89 - 93 - 95 - 103 - 104 - 109 - 131 - 149 - 151 - 154 - 155 - 157 - 158 - 161 - 169 - 176 - 177 - 178 - 185 - 195 - 205 - 208 - 212 - 214 - 215 - 230 - 242 - 248 - 249 - 250 - 251 - 257 - 264 - 277 - 279 - 287 - 293 - 296 - 299 - 307 - 312 - 314 - 325 - 328 - 332 - 342 - 347 - 362 - 364 - 366 - 370 - 376 - 377 - 381 - 382 - 387 - 388 - 390 - 400 - 412 - 415 - 417 - 421 - 429 - 436 - 438 - 443 - 445 - 448 - 453 - 454 - 457 - 458 - 464 - 473 - 476 - 480 - 482 - 483 - 484 - 487 - 490 - 493 - 495 - 496,2864378.7,27.4,61194,50380,31.43,Cost: 61194 & Capacity: 50380
11 - 17 - 23 - 24 - 27 - 30 - 32 - 36 - 41 - 44 - 46 - 49 - 61 - 65 - 66 - 69 - 72 - 78 - 87 - 88 - 89 - 93 - 95 - 103 - 104 - 109 - 131 - 149 - 151 - 154 - 155 - 157 - 158 - 161 - 169 - 176 - 177 - 178 - 185 - 195 - 205 - 208 - 212 - 214 - 215 - 230 - 242 - 248 - 249 - 250 - 251 - 257 - 264 - 277 - 279 - 287 - 293 - 296 - 299 - 307 - 312 - 314 - 323 - 325 - 328 - 332 - 342 - 347 - 362 - 364 - 366 - 370 - 376 - 377 - 381 - 382 - 387 - 388 - 390 - 400 - 412 - 415 - 417 - 421 - 429 - 436 - 438 - 443 - 445 - 448 - 453 - 454 - 457 - 458 - 464 - 473 - 476 - 480 - 482 - 483 - 484 - 487 - 490 - 493 - 495 - 496,2917594.7,27.3,61432,50528,31.43,Cost: 61432 & Capacity: 50528
0 - 4 - 9 - 15 - 22 - 30 - 32 - 41 - 44 - 45 - 49 - 50 - 56 - 58 - 60 - 61 - 67 - 69 - 73 - 75 - 78 - 84 - 87 - 90 - 103 - 104 - 105 - 112 - 115 - 116 - 118 - 119 - 123 - 130 - 131 - 133 - 135 - 139 - 142 - 143 - 144 - 152 - 163 - 167 - 169 - 171 - 172 - 176 - 177 - 178 - 184 - 190 - 191 - 194 - 197 - 201 - 202 - 204 - 213 - 251 - 252 - 259 - 271 - 272 - 276 - 281 - 284 - 286 - 290 - 309 - 310 - 311 - 312 - 315 - 316 - 317 - 322 - 328 - 332 - 338 - 342 - 345 - 352 - 362 - 364 - 370 - 371 - 372 - 377 - 380 - 384 - 388 - 400 - 402 - 404 - 406 - 411 - 412 - 417 - 418 - 422 - 424 - 429 - 432 - 433 - 435 - 439 - 440 - 445 - 450 - 451 - 453 - 454 - 456 - 466 - 473 - 476 - 486 - 487 - 488 - 491 - 493,3827052.3,24.1,60513,53227,32.78,Cost: 60513 & Capacity: 53227
0 - 4 - 9 - 15 - 22 - 23 - 30 - 32 - 41 - 44 - 45 - 49 - 50 - 56 - 58 - 60 - 61 - 67 - 69 - 73 - 75 - 78 - 84 - 87 - 90 - 103 - 104 - 105 - 112 - 115 - 116 - 118 - 119 - 123 - 130 - 131 - 133 - 135 - 139 - 142 - 143 - 144 - 152 - 163 - 167 - 169 - 171 - 172 - 176 - 177 - 178 - 184 - 190 - 191 - 194 - 197 - 201 - 202 - 204 - 206 - 213 - 251 - 252 - 259 - 260 - 271 - 272 - 276 - 281 - 284 - 286 - 290 - 309 - 310 - 311 - 315 - 316 - 317 - 322 - 328 - 332 - 338 - 342 - 345 - 352 - 362 - 364 - 370 - 371 - 372 - 377 - 380 - 384 - 388 - 400 - 402 - 404 - 406 - 411 - 412 - 413 - 417 - 418 - 422 - 424 - 429 - 432 - 433 - 435 - 439 - 440 - 445 - 450 - 451 - 453 - 454 - 456 - 466 - 473 - 476 - 486 - 487 - 488 - 491 - 493,4019167.9,20.0,60915,53726,32.78,Cost: 60915 & Capacity: 53726
3 - 18 - 22 - 23 - 24 - 31 - 36 - 41 - 44 - 46 - 47 - 49 - 51 - 55 - 58 - 59 - 66 - 67 - 69 - 81 - 84 - 97 - 108 - 112 - 115 - 118 - 122 - 123 - 127 - 131 - 134 - 135 - 144 - 147 - 148 - 152 - 155 - 161 - 172 - 176 - 177 - 178 - 180 - 182 - 191 - 194 - 197 - 198 - 201 - 208 - 217 - 221 - 229 - 230 - 231 - 233 - 234 - 236 - 239 - 240 - 242 - 251 - 252 - 255 - 257 - 260 - 262 - 267 - 268 - 270 - 271 - 272 - 281 - 286 - 287 - 293 - 294 - 296 - 305 - 310 - 311 - 314 - 328 - 342 - 345 - 346 - 351 - 357 - 362 - 364 - 369 - 370 - 372 - 377 - 379 - 384 - 386 - 390 - 391 - 400 - 406 - 407 - 411 - 412 - 416 - 425 - 433 - 437 - 438 - 439 - 442 - 444 - 450 - 451 - 453 - 454 - 455 - 458 - 462 - 465 - 471 - 472 - 480 - 482 - 488 - 493 - 496,4238532.5,17.4,61353,56639,33.15,Cost: 61353 & Capacity: 56639
0 - 1 - 5 - 8 - 9 - 10 - 12 - 14 - 15 - 16 - 20 - 21 - 22 - 23 - 24 - 27 - 28 - 30 - 32 - 33 - 36 - 40 - 42 - 44 - 45 - 48 - 49 - 55 - 58 - 66 - 67 - 68 - 69 - 71 - 75 - 76 - 77 - 78 - 81 - 84 - 85 - 88 - 89 - 91 - 92 - 94 - 99 - 101 - 102 - 103 - 107 - 110 - 111 - 112 - 113 - 114 - 115 - 117 - 118 - 119 - 127 - 129 - 132 - 135 - 137 - 138 - 139 - 142 - 144 - 145 - 146 - 149 - 150 - 152 - 155 - 156 - 157 - 161 - 163 - 164 - 167 - 171 - 172 - 175 - 176 - 179 - 182 - 183 - 185 - 190 - 191 - 192 - 194 - 196 - 198 - 199 - 200 - 202 - 203 - 205 - 206 - 207 - 208 - 211 - 213 - 214 - 216 - 217 - 219 - 221 - 222 - 223 - 224 - 230 - 231 - 232 - 233 - 235 - 236 - 237 - 241 - 242 - 247 - 250 - 251 - 252 - 254 - 257 - 260 - 264 - 266 - 268 - 269 - 270 - 271 - 272 - 274 - 275 - 276 - 281 - 282 - 283 - 284 - 286 - 289 - 290 - 294 - 295 - 298 - 299 - 300 - 301 - 304 - 305 - 306 - 309 - 310 - 314 - 315 - 317 - 319 - 320 - 323 - 324 - 325 - 326 - 328 - 332 - 339 - 340 - 342 - 344 - 347 - 356 - 357 - 360 - 361 - 362 - 363 - 365 - 366 - 367 - 371 - 374 - 375 - 377 - 380 - 381 - 383 - 386 - 387 - 388 - 389 - 391 - 392 - 393 - 399 - 400 - 406 - 407 - 408 - 409 - 413 - 416 - 417 - 420 - 422 - 424 - 430 - 433 - 437 - 438 - 439 - 440 - 444 - 445 - 447 - 449 - 450 - 452 - 458 - 461 - 462 - 463 - 466 - 467 - 474 - 478 - 479 - 480 - 483 - 484 - 487 - 489 - 490 - 492 - 493 - 496 - 498,14195083.3,0.1,59770,64954,34.32,Cost: 59770 & Capacity: 64954
0 - 1 - 5 - 8 - 9 - 10 - 12 - 14 - 15 - 16 - 20 - 21 - 22 - 23 - 24 - 27 - 28 - 30 - 32 - 33 - 36 - 40 - 42 - 44 - 45 - 48 - 49 - 55 - 58 - 66 - 67 - 68 - 69 - 71 - 75 - 76 - 77 - 78 - 81 - 84 - 85 - 88 - 89 - 91 - 92 - 94 - 99 - 101 - 102 - 103 - 107 - 110 - 111 - 112 - 113 - 114 - 115 - 117 - 118 - 119 - 127 - 129 - 132 - 135 - 137 - 138 - 139 - 142 - 144 - 145 - 146 - 149 - 150 - 152 - 155 - 156 - 157 - 161 - 163 - 164 - 167 - 171 - 172 - 175 - 176 - 179 - 182 - 183 - 185 - 190 - 191 - 192 - 194 - 196 - 198 - 199 - 200 - 202 - 203 - 205 - 206 - 207 - 208 - 211 - 213 - 214 - 216 - 217 - 219 - 221 - 222 - 223 - 224 - 230 - 231 - 232 - 233 - 235 - 236 - 237 - 241 - 242 - 250 - 251 - 252 - 254 - 257 - 260 - 264 - 266 - 268 - 269 - 270 - 271 - 272 - 274 - 275 - 276 - 281 - 282 - 283 - 284 - 286 - 289 - 290 - 294 - 295 - 298 - 299 - 300 - 301 - 304 - 305 - 306 - 309 - 310 - 314 - 315 - 317 - 319 - 320 - 323 - 324 - 325 - 326 - 328 - 332 - 339 - 340 - 342 - 344 - 347 - 356 - 357 - 360 - 361 - 362 - 363 - 365 - 366 - 367 - 371 - 374 - 375 - 377 - 380 - 381 - 383 - 386 - 387 - 388 - 389 - 391 - 392 - 393 - 399 - 400 - 406 - 407 - 408 - 409 - 413 - 416 - 417 - 420 - 422 - 424 - 430 - 433 - 435 - 437 - 438 - 439 - 440 - 444 - 445 - 447 - 449 - 450 - 452 - 458 - 461 - 462 - 463 - 466 - 467 - 474 - 478 - 479 - 480 - 483 - 484 - 487 - 489 - 490 - 492 - 493 - 496 - 498,14196777.0,0.1,59771,64867,34.86,Cost: 59771 & Capacity: 64867
0 - 1 - 5 - 8 - 9 - 10 - 12 - 14 - 15 - 16 - 20 - 21 - 22 - 23 - 24 - 27 - 28 - 30 - 32 - 33 - 36 - 40 - 42 - 44 - 45 - 48 - 49 - 55 - 58 - 66 - 67 - 68 - 69 - 71 - 75 - 76 - 77 - 78 - 81 - 84 - 85 - 88 - 89 - 91 - 92 - 94 - 99 - 101 - 102 - 103 - 107 - 110 - 111 - 112 - 113 - 114 - 115 - 117 - 118 - 119 - 127 - 129 - 132 - 135 - 137 - 138 - 139 - 142 - 144 - 145 - 146 - 149 - 150 - 152 - 155 - 156 - 157 - 161 - 163 - 164 - 167 - 171 - 172 - 175 - 176 - 179 - 182 - 183 - 185 - 190 - 191 - 192 - 194 - 196 - 198 - 199 - 200 - 202 - 203 - 205 - 206 - 207 - 208 - 211 - 213 - 214 - 216 - 217 - 219 - 221 - 222 - 223 - 224 - 230 - 231 - 232 - 233 - 235 - 236 - 237 - 241 - 242 - 247 - 250 - 251 - 252 - 254 - 257 - 260 - 264 - 266 - 268 - 269 - 270 - 271 - 272 - 274 - 275 - 276 - 281 - 282 - 283 - 284 - 286 - 289 - 290 - 294 - 295 - 298 - 299 - 300 - 301 - 304 - 305 - 306 - 309 - 310 - 314 - 315 - 317 - 319 - 320 - 323 - 324 - 325 - 326 - 328 - 332 - 339 - 340 - 342 - 344 - 347 - 356 - 357 - 360 - 361 - 362 - 363 - 365 - 366 - 367 - 371 - 374 - 375 - 377 - 380 - 381 - 383 - 386 - 387 - 388 - 389 - 391 - 392 - 393 - 399 - 400 - 406 - 407 - 408 - 409 - 413 - 416 - 417 - 420 - 422 - 424 - 427 - 430 - 433 - 435 - 437 - 438 - 439 - 440 - 444 - 445 - 447 - 449 - 450 - 452 - 458 - 461 - 462 - 463 - 466 - 467 - 474 - 478 - 479 - 480 - 483 - 484 - 487 - 489 - 490 - 492 - 493 - 496 - 498,14441730.6,0.1,60827,65730,34.86,Cost: 60827 & Capacity: 65730
0 - 1 - 5 - 8 - 9 - 10 - 12 - 14 - 15 - 16 - 20 - 21 - 22 - 23 - 24 - 27 - 28 - 30 - 32 - 33 - 36 - 40 - 42 - 44 - 45 - 48 - 49 - 55 - 58 - 66 - 67 - 68 - 69 - 71 - 75 - 76 - 77 - 78 - 81 - 84 - 85 - 88 - 89 - 91 - 92 - 94 - 99 - 101 - 102 - 103 - 107 - 110 - 111 - 112 - 113 - 114 - 115 - 117 - 118 - 119 - 127 - 129 - 132 - 135 - 137 - 138 - 139 - 142 - 144 - 145 - 146 - 149 - 150 - 152 - 155 - 156 - 157 - 161 - 163 - 167 - 171 - 172 - 175 - 176 - 178 - 179 - 182 - 183 - 185 - 190 - 191 - 192 - 194 - 196 - 198 - 199 - 200 - 202 - 203 - 205 - 206 - 207 - 208 - 211 - 213 - 214 - 216 - 217 - 219 - 221 - 222 - 223 - 224 - 230 - 231 - 232 - 233 - 235 - 236 - 237 - 240 - 242 - 250 - 251 - 252 - 254 - 257 - 260 - 264 - 266 - 268 - 269 - 270 - 271 - 272 - 274 - 275 - 276 - 281 - 282 - 283 - 284 - 286 - 289 - 290 - 294 - 295 - 298 - 299 - 300 - 301 - 304 - 305 - 306 - 308 - 309 - 310 - 314 - 315 - 317 - 319 - 320 - 323 - 324 - 325 - 326 - 328 - 332 - 338 - 339 - 340 - 342 - 344 - 347 - 356 - 357 - 360 - 361 - 362 - 363 - 365 - 366 - 367 - 371 - 374 - 375 - 377 - 380 - 381 - 383 - 386 - 387 - 388 - 389 - 391 - 392 - 393 - 399 - 400 - 406 - 407 - 408 - 409 - 413 - 416 - 417 - 420 - 422 - 424 - 426 - 430 - 433 - 435 - 437 - 438 - 439 - 440 - 444 - 445 - 447 - 449 - 450 - 452 - 458 - 461 - 462 - 463 - 466 - 467 - 474 - 478 - 479 - 480 - 483 - 484 - 487 - 489 - 490 - 492 - 493 - 496 - 498,14579993.6,0.1,61462,67370,37.41,Cost: 61462 & Capacity: 67370
0 - 1 - 5 - 8 - 9 - 10 - 12 - 14 - 15 - 16 - 20 - 21 - 22 - 23 - 24 - 27 - 28 - 30 - 32 - 33 - 36 - 40 - 42 - 44 - 45 - 48 - 49 - 52 - 55 - 57 - 58 - 66 - 67 - 68 - 69 - 71 - 75 - 76 - 78 - 81 - 84 - 85 - 88 - 91 - 92 - 94 - 99 - 101 - 102 - 103 - 107 - 110 - 111 - 112 - 113 - 114 - 115 - 117 - 118 - 119 - 125 - 127 - 129 - 132 - 135 - 137 - 139 - 142 - 144 - 145 - 146 - 149 - 150 - 152 - 155 - 156 - 157 - 161 - 163 - 164 - 167 - 171 - 172 - 175 - 176 - 179 - 182 - 183 - 185 - 190 - 191 - 192 - 196 - 198 - 199 - 200 - 202 - 203 - 205 - 206 - 207 - 208 - 211 - 213 - 214 - 216 - 217 - 218 - 219 - 221 - 222 - 223 - 224 - 230 - 231 - 232 - 233 - 235 - 236 - 237 - 240 - 242 - 243 - 244 - 250 - 252 - 254 - 257 - 260 - 264 - 266 - 268 - 269 - 270 - 271 - 272 - 274 - 275 - 276 - 281 - 282 - 283 - 284 - 286 - 289 - 290 - 293 - 294 - 295 - 298 - 300 - 301 - 306 - 308 - 309 - 310 - 314 - 315 - 317 - 319 - 320 - 323 - 324 - 325 - 326 - 328 - 332 - 339 - 340 - 342 - 344 - 347 - 357 - 358 - 360 - 361 - 362 - 363 - 365 - 366 - 367 - 371 - 374 - 375 - 377 - 380 - 381 - 383 - 386 - 387 - 388 - 389 - 391 - 392 - 393 - 399 - 400 - 406 - 407 - 408 - 409 - 413 - 416 - 417 - 420 - 422 - 424 - 426 - 430 - 433 - 437 - 438 - 439 - 440 - 444 - 445 - 447 - 449 - 450 - 452 - 458 - 461 - 462 - 463 - 466 - 467 - 474 - 478 - 479 - 480 - 483 - 484 - 487 - 490 - 492 - 493 - 496 - 498,14062495.6,0.1,59983,69907,37.49,Cost: 59983 & Capacity: 69907
1 - 7 - 8 - 9 - 12 - 16 - 27 - 31 - 32 - 36 - 40 - 44 - 46 - 51 - 57 - 59 - 60 - 69 - 71 - 72 - 75 - 81 - 87 - 91 - 94 - 98 - 107 - 111 - 112 - 114 - 118 - 119 - 121 - 129 - 136 - 148 - 150 - 152 - 163 - 169 - 171 - 172 - 176 - 177 - 179 - 182 - 185 - 188 - 190 - 198 - 200 - 204 - 210 - 211 - 213 - 219 - 221 - 223 - 224 - 229 - 230 - 231 - 236 - 245 - 250 - 256 - 260 - 266 - 267 - 268 - 270 - 271 - 272 - 274 - 277 - 281 - 286 - 288 - 294 - 299 - 305 - 310 - 311 - 313 - 315 - 319 - 324 - 328 - 329 - 332 - 334 - 339 - 340 - 342 - 345 - 346 - 347 - 352 - 354 - 357 - 358 - 362 - 371 - 373 - 377 - 383 - 393 - 397 - 400 - 406 - 410 - 413 - 415 - 416 - 424 - 425 - 427 - 433 - 439 - 444 - 445 - 451 - 452 - 453 - 457 - 458 - 461 - 462 - 465 - 470 - 471 - 476 - 480 - 484 - 487 - 488 - 490 - 494 - 497 - 498,5012315.3,15.7,61450,56203,38.13,Cost: 61450 & Capacity: 56203
1 - 5 - 8 - 9 - 10 - 12 - 14 - 15 - 16 - 20 - 21 - 22 - 23 - 24 - 27 - 28 - 30 - 32 - 36 - 40 - 42 - 44 - 45 - 48 - 49 - 55 - 58 - 66 - 67 - 68 - 69 - 71 - 75 - 76 - 77 - 78 - 81 - 84 - 85 - 88 - 89 - 91 - 92 - 94 - 99 - 101 - 102 - 103 - 107 - 110 - 111 - 112 - 113 - 114 - 115 - 117 - 118 - 119 - 127 - 129 - 132 - 135 - 137 - 138 - 139 - 142 - 144 - 145 - 146 - 149 - 150 - 152 - 155 - 156 - 157 - 161 - 163 - 164 - 167 - 171 - 172 - 175 - 176 - 179 - 182 - 183 - 185 - 190 - 191 - 192 - 194 - 196 - 198 - 199 - 200 - 202 - 203 - 205 - 206 - 207 - 208 - 211 - 213 - 214 - 216 - 217 - 219 - 221 - 222 - 223 - 224 - 230 - 231 - 232 - 233 - 235 - 236 - 237 - 241 - 242 - 250 - 251 - 252 - 254 - 257 - 260 - 264 - 266 - 268 - 269 - 270 - 271 - 272 - 274 - 275 - 276 - 281 - 282 - 283 - 284 - 286 - 289 - 290 - 294 - 295 - 298 - 299 - 300 - 301 - 304 - 305 - 306 - 309 - 310 - 314 - 315 - 317 - 319 - 320 - 323 - 324 - 325 - 326 - 328 - 332 - 339 - 340 - 342 - 344 - 347 - 356 - 357 - 360 - 361 - 362 - 363 - 365 - 366 - 367 - 371 - 374 - 375 - 377 - 380 - 381 - 383 - 386 - 387 - 388 - 389 - 391 - 392 - 393 - 399 - 400 - 406 - 407 - 408 - 409 - 413 - 416 - 417 - 420 - 422 - 424 - 430 - 433 - 437 - 438 - 439 - 440 - 444 - 445 - 447 - 449 - 450 - 452 - 458 - 461 - 462 - 463 - 466 - 467 - 474 - 478 - 479 - 480 - 483 - 484 - 487 - 490 - 492 - 493 - 496 - 498,13717161.6,0.1,57702,62824,38.21,Cost: 57702 & Capacity: 62824
0 - 1 - 5 - 8 - 9 - 10 - 12 - 14 - 15 - 16 - 20 - 21 - 22 - 23 - 24 - 27 - 28 - 30 - 32 - 33 - 36 - 40 - 42 - 44 - 45 - 48 - 49 - 55 - 58 - 66 - 67 - 68 - 69 - 71 - 75 - 76 - 77 - 78 - 81 - 84 - 85 - 88 - 89 - 91 - 92 - 94 - 99 - 101 - 102 - 103 - 107 - 110 - 111 - 112 - 113 - 114 - 115 - 117 - 118 - 119 - 127 - 129 - 132 - 135 - 137 - 138 - 139 - 142 - 144 - 145 - 146 - 149 - 150 - 152 - 155 - 156 - 157 - 161 - 163 - 167 - 171 - 172 - 175 - 176 - 178 - 179 - 182 - 183 - 185 - 190 - 191 - 192 - 194 - 196 - 198 - 199 - 200 - 202 - 203 - 205 - 206 - 207 - 208 - 211 - 213 - 214 - 216 - 217 - 219 - 221 - 222 - 223 - 224 - 230 - 231 - 232 - 233 - 235 - 236 - 237 - 240 - 242 - 250 - 251 - 252 - 254 - 257 - 260 - 264 - 266 - 268 - 269 - 270 - 271 - 272 - 274 - 275 - 276 - 281 - 282 - 283 - 284 - 286 - 289 - 290 - 294 - 295 - 298 - 299 - 300 - 301 - 304 - 305 - 306 - 308 - 309 - 310 - 314 - 315 - 317 - 319 - 320 - 323 - 324 - 325 - 326 - 328 - 332 - 338 - 339 - 340 - 342 - 344 - 347 - 356 - 357 - 360 - 361 - 362 - 363 - 365 - 366 - 367 - 371 - 374 - 375 - 377 - 380 - 381 - 383 - 386 - 387 - 388 - 389 - 391 - 392 - 393 - 399 - 400 - 406 - 407 - 408 - 409 - 413 - 416 - 417 - 420 - 422 - 424 - 426 - 430 - 433 - 435 - 437 - 438 - 439 - 440 - 444 - 445 - 447 - 449 - 450 - 452 - 458 - 461 - 462 - 463 - 466 - 467 - 474 - 478 - 479 - 480 - 483 - 484 - 487 - 489 - 490 - 492 - 493 - 496 - 498,14579993.6,0.1,61462,67370,38.32,Cost: 61462 & Capacity: 67370
0 - 1 - 5 - 8 - 9 - 10 - 12 - 14 - 15 - 16 - 20 - 21 - 22 - 23 - 24 - 27 - 28 - 30 - 32 - 33 - 36 - 40 - 42 - 44 - 45 - 48 - 49 - 55 - 58 - 66 - 67 - 68 - 69 - 71 - 75 - 76 - 77 - 78 - 81 - 84 - 85 - 88 - 89 - 91 - 92 - 94 - 99 - 101 - 102 - 103 - 107 - 110 - 111 - 112 - 113 - 114 - 115 - 117 - 118 - 119 - 127 - 129 - 132 - 135 - 137 - 138 - 139 - 142 - 144 - 145 - 146 - 149 - 150 - 152 - 155 - 156 - 157 - 161 - 163 - 167 - 171 - 172 - 175 - 176 - 178 - 179 - 182 - 183 - 185 - 190 - 191 - 192 - 194 - 196 - 198 - 199 - 200 - 202 - 203 - 205 - 206 - 207 - 208 - 211 - 213 - 214 - 216 - 217 - 219 - 221 - 222 - 223 - 224 - 230 - 231 - 232 - 233 - 235 - 236 - 237 - 240 - 242 - 250 - 251 - 252 - 254 - 257 - 260 - 264 - 266 - 268 - 269 - 270 - 271 - 272 - 274 - 275 - 276 - 281 - 282 - 283 - 284 - 286 - 289 - 290 - 294 - 295 - 298 - 299 - 300 - 301 - 304 - 305 - 306 - 308 - 309 - 310 - 314 - 315 - 317 - 319 - 320 - 323 - 324 - 325 - 326 - 328 - 332 - 338 - 339 - 340 - 342 - 344 - 347 - 356 - 357 - 360 - 361 - 362 - 363 - 365 - 366 - 367 - 371 - 374 - 375 - 377 - 380 - 381 - 383 - 386 - 387 - 388 - 389 - 391 - 392 - 393 - 399 - 400 - 406 - 407 - 408 - 409 - 413 - 416 - 417 - 420 - 422 - 424 - 426 - 430 - 433 - 435 - 437 - 438 - 439 - 440 - 444 - 445 - 447 - 449 - 450 - 452 - 458 - 461 - 462 - 463 - 466 - 467 - 474 - 478 - 479 - 480 - 483 - 484 - 487 - 489 - 490 - 492 - 493 - 496 - 498,14579993.6,0.1,61462,67370,39.54,Cost: 61462 & Capacity: 67370
0 - 1 - 5 - 8 - 9 - 10 - 12 - 14 - 15 - 16 - 20 - 21 - 22 - 23 - 24 - 27 - 28 - 30 - 32 - 33 - 36 - 40 - 42 - 44 - 45 - 48 - 49 - 55 - 58 - 66 - 67 - 68 - 69 - 71 - 75 - 76 - 77 - 78 - 81 - 84 - 85 - 87 - 88 - 89 - 91 - 92 - 94 - 99 - 101 - 102 - 103 - 107 - 110 - 111 - 112 - 113 - 114 - 115 - 117 - 118 - 119 - 127 - 129 - 132 - 135 - 137 - 138 - 139 - 142 - 144 - 145 - 146 - 149 - 150 - 152 - 155 - 156 - 157 - 161 - 163 - 164 - 167 - 171 - 172 - 175 - 176 - 179 - 182 - 183 - 185 - 190 - 191 - 192 - 194 - 196 - 198 - 199 - 200 - 202 - 203 - 205 - 206 - 207 - 208 - 211 - 213 - 214 - 216 - 217 - 219 - 221 - 222 - 223 - 224 - 230 - 231 - 232 - 233 - 235 - 236 - 237 - 241 - 242 - 247 - 250 - 251 - 252 - 254 - 257 - 260 - 264 - 266 - 268 - 269 - 270 - 271 - 272 - 274 - 275 - 276 - 281 - 282 - 283 - 284 - 286 - 289 - 290 - 294 - 295 - 298 - 299 - 300 - 301 - 304 - 305 - 306 - 309 - 310 - 314 - 315 - 317 - 319 - 320 - 323 - 324 - 325 - 326 - 328 - 332 - 338 - 339 - 340 - 342 - 344 - 347 - 356 - 357 - 360 - 361 - 362 - 363 - 365 - 366 - 367 - 371 - 374 - 375 - 377 - 380 - 381 - 383 - 386 - 387 - 388 - 389 - 391 - 392 - 393 - 399 - 400 - 406 - 407 - 408 - 409 - 413 - 416 - 417 - 420 - 422 - 424 - 430 - 433 - 435 - 437 - 438 - 439 - 440 - 444 - 445 - 447 - 449 - 450 - 452 - 458 - 461 - 462 - 463 - 466 - 467 - 474 - 478 - 479 - 480 - 483 - 484 - 487 - 489 - 490 - 492 - 493 - 496 - 498,14564179.3,0.1,61457,66304,40.69,Cost: 61457 & Capacity: 66304
0 - 1 - 5 - 8 - 9 - 10 - 12 - 14 - 15 - 16 - 20 - 22 - 23 - 24 - 27 - 28 - 30 - 32 - 33 - 36 - 40 - 42 - 44 - 45 - 48 - 49 - 55 - 58 - 66 - 67 - 68 - 69 - 71 - 75 - 76 - 77 - 78 - 81 - 84 - 85 - 87 - 88 - 89 - 91 - 92 - 94 - 99 - 101 - 102 - 103 - 107 - 110 - 111 - 112 - 113 - 114 - 115 - 117 - 118 - 119 - 127 - 129 - 132 - 135 - 137 - 138 - 139 - 142 - 144 - 145 - 146 - 149 - 150 - 152 - 155 - 156 - 157 - 161 - 163 - 167 - 171 - 172 - 175 - 176 - 178 - 179 - 182 - 183 - 185 - 190 - 191 - 192 - 194 - 196 - 198 - 199 - 200 - 202 - 203 - 205 - 206 - 207 - 208 - 211 - 213 - 214 - 216 - 217 - 219 - 221 - 222 - 223 - 224 - 230 - 231 - 233 - 235 - 236 - 237 - 240 - 242 - 247 - 250 - 251 - 252 - 254 - 257 - 260 - 264 - 266 - 268 - 269 - 270 - 271 - 272 - 274 - 275 - 276 - 281 - 282 - 283 - 284 - 286 - 289 - 290 - 294 - 295 - 298 - 299 - 300 - 301 - 304 - 305 - 309 - 310 - 313 - 314 - 315 - 317 - 319 - 320 - 323 - 324 - 325 - 326 - 328 - 332 - 338 - 339 - 340 - 342 - 344 - 347 - 356 - 357 - 360 - 361 - 362 - 363 - 365 - 366 - 367 - 371 - 374 - 375 - 377 - 380 - 381 - 383 - 386 - 387 - 388 - 389 - 391 - 392 - 393 - 399 - 400 - 406 - 407 - 408 - 409 - 413 - 416 - 417 - 420 - 422 - 424 - 427 - 430 - 433 - 435 - 437 - 438 - 439 - 440 - 444 - 445 - 447 - 449 - 450 - 452 - 458 - 461 - 462 - 463 - 466 - 467 - 474 - 478 - 479 - 480 - 483 - 484 - 487 - 489 - 490 - 492 - 493 - 496 - 498,14484663.0,0.1,61466,66661,40.73,Cost: 61466 & Capacity: 66661
0 - 1 - 4 - 5 - 8 - 9 - 10 - 12 - 14 - 15 - 18 - 21 - 24 - 27 - 30 - 33 - 37 - 39 - 44 - 46 - 49 - 51 - 57 - 58 - 59 - 64 - 69 - 71 - 75 - 76 - 78 - 81 - 84 - 87 - 91 - 92 - 94 - 99 - 101 - 102 - 103 - 105 - 107 - 109 - 110 - 113 - 115 - 118 - 119 - 120 - 125 - 129 - 130 - 131 - 132 - 135 - 136 - 139 - 142 - 144 - 146 - 152 - 155 - 157 - 167 - 172 - 175 - 176 - 177 - 178 - 179 - 183 - 185 - 190 - 191 - 192 - 194 - 195 - 196 - 198 - 200 - 202 - 203 - 206 - 208 - 210 - 211 - 213 - 214 - 217 - 219 - 221 - 222 - 223 - 225 - 226 - 230 - 231 - 233 - 236 - 240 - 242 - 244 - 250 - 251 - 254 - 255 - 257 - 258 - 260 - 268 - 270 - 272 - 274 - 277 - 281 - 283 - 284 - 288 - 299 - 300 - 301 - 304 - 309 - 310 - 311 - 312 - 313 - 314 - 315 - 323 - 324 - 325 - 328 - 332 - 334 - 338 - 340 - 344 - 347 - 356 - 357 - 360 - 361 - 362 - 363 - 364 - 365 - 367 - 377 - 380 - 383 - 384 - 386 - 387 - 388 - 391 - 393 - 406 - 407 - 409 - 416 - 417 - 421 - 422 - 424 - 433 - 438 - 439 - 442 - 445 - 447 - 449 - 451 - 452 - 453 - 458 - 462 - 464 - 466 - 468 - 474 - 475 - 479 - 480 - 484 - 487 - 489 - 490 - 492 - 493 - 496 - 498,9348239.7,5.2,61453,62567,42.09,Cost: 61453 & Capacity: 62567
3 - 12 - 23 - 27 - 31 - 32 - 44 - 46 - 48 - 49 - 54 - 57 - 58 - 59 - 68 - 69 - 75 - 81 - 84 - 91 - 95 - 97 - 100 - 107 - 108 - 114 - 118 - 129 - 131 - 135 - 136 - 139 - 144 - 148 - 152 - 157 - 163 - 166 - 172 - 176 - 177 - 182 - 190 - 194 - 197 - 198 - 202 - 204 - 210 - 217 - 221 - 223 - 224 - 230 - 231 - 233 - 236 - 237 - 242 - 243 - 245 - 250 - 251 - 256 - 257 - 260 - 261 - 262 - 267 - 271 - 272 - 276 - 284 - 286 - 287 - 288 - 290 - 293 - 294 - 296 - 301 - 305 - 308 - 311 - 313 - 314 - 317 - 321 - 325 - 328 - 332 - 335 - 339 - 340 - 342 - 345 - 346 - 357 - 362 - 364 - 371 - 377 - 379 - 384 - 386 - 387 - 391 - 393 - 400 - 406 - 407 - 410 - 413 - 419 - 425 - 426 - 427 - 433 - 437 - 439 - 444 - 445 - 450 - 452 - 453 - 457 - 458 - 461 - 471 - 472 - 476 - 487 - 488 - 490 - 492 - 493 - 494 - 495,4918034.1,16.6,61404,57596,42.88,Cost: 61404 & Capacity: 57596
1 - 8 - 9 - 12 - 14 - 16 - 20 - 24 - 27 - 28 - 30 - 32 - 36 - 40 - 44 - 45 - 49 - 51 - 58 - 59 - 66 - 67 - 68 - 69 - 75 - 77 - 78 - 81 - 84 - 87 - 88 - 91 - 92 - 94 - 99 - 101 - 102 - 103 - 107 - 110 - 111 - 112 - 114 - 115 - 117 - 118 - 119 - 125 - 126 - 127 - 129 - 132 - 135 - 137 - 139 - 142 - 144 - 145 - 146 - 149 - 150 - 152 - 155 - 156 - 157 - 163 - 167 - 171 - 172 - 173 - 175 - 176 - 178 - 179 - 182 - 183 - 185 - 190 - 191 - 192 - 194 - 196 - 197 - 198 - 199 - 200 - 201 - 202 - 203 - 204 - 206 - 207 - 208 - 211 - 213 - 214 - 216 - 218 - 219 - 221 - 222 - 223 - 224 - 230 - 231 - 233 - 235 - 236 - 237 - 240 - 242 - 243 - 250 - 251 - 254 - 257 - 258 - 260 - 264 - 266 - 268 - 269 - 270 - 271 - 272 - 274 - 281 - 283 - 284 - 285 - 286 - 289 - 290 - 293 - 294 - 295 - 298 - 300 - 301 - 304 - 306 - 308 - 309 - 310 - 314 - 315 - 316 - 317 - 319 - 320 - 321 - 323 - 324 - 325 - 326 - 328 - 332 - 334 - 339 - 340 - 344 - 347 - 357 - 358 - 360 - 361 - 362 - 363 - 364 - 365 - 366 - 369 - 374 - 375 - 377 - 380 - 383 - 386 - 387 - 389 - 391 - 392 - 393 - 399 - 400 - 406 - 407 - 409 - 411 - 413 - 416 - 417 - 420 - 422 - 424 - 433 - 435 - 437 - 438 - 439 - 440 - 444 - 445 - 447 - 449 - 450 - 452 - 454 - 458 - 461 - 462 - 463 - 466 - 467 - 471 - 474 - 478 - 480 - 484 - 487 - 490 - 492 - 493 - 496 - 498,12674725.7,1.1,61472,72373,43.99,Cost: 61472 & Capacity: 72373
0 - 1 - 5 - 8 - 9 - 10 - 12 - 14 - 15 - 16 - 20 - 21 - 22 - 23 - 24 - 27 - 28 - 30 - 32 - 33 - 36 - 40 - 42 - 44 - 45 - 48 - 49 - 55 - 58 - 66 - 67 - 68 - 69 - 71 - 75 - 76 - 77 - 78 - 81 - 84 - 85 - 88 - 89 - 91 - 92 - 94 - 99 - 101 - 102 - 103 - 107 - 110 - 111 - 112 - 113 - 114 - 115 - 117 - 118 - 119 - 127 - 129 - 132 - 135 - 137 - 138 - 139 - 142 - 144 - 145 - 146 - 149 - 150 - 152 - 155 - 156 - 157 - 161 - 163 - 167 - 171 - 172 - 175 - 176 - 178 - 179 - 182 - 183 - 185 - 190 - 191 - 192 - 194 - 196 - 198 - 199 - 200 - 202 - 203 - 205 - 206 - 207 - 208 - 211 - 213 - 214 - 216 - 217 - 219 - 221 - 222 - 223 - 224 - 230 - 231 - 232 - 233 - 235 - 236 - 237 - 240 - 242 - 250 - 251 - 252 - 254 - 257 - 260 - 264 - 266 - 268 - 269 - 270 - 271 - 272 - 274 - 275 - 276 - 281 - 282 - 283 - 284 - 286 - 289 - 290 - 294 - 295 - 298 - 299 - 300 - 301 - 304 - 305 - 306 - 308 - 309 - 310 - 314 - 315 - 317 - 319 - 320 - 323 - 324 - 325 - 326 - 328 - 332 - 338 - 339 - 340 - 342 - 344 - 347 - 356 - 357 - 360 - 361 - 362 - 363 - 365 - 366 - 367 - 371 - 374 - 375 - 377 - 380 - 381 - 383 - 386 - 387 - 388 - 389 - 391 - 392 - 393 - 399 - 400 - 406 - 407 - 408 - 409 - 413 - 416 - 417 - 420 - 422 - 424 - 426 - 430 - 433 - 435 - 437 - 438 - 439 - 440 - 444 - 445 - 447 - 449 - 450 - 452 - 458 - 461 - 462 - 463 - 466 - 467 - 474 - 478 - 479 - 480 - 483 - 484 - 487 - 489 - 490 - 492 - 493 - 496 - 498,14579993.6,0.1,61462,67370,45.38,Cost: 61462 & Capacity: 67370
1 - 5 - 8 - 9 - 10 - 12 - 14 - 15 - 16 - 20 - 21 - 22 - 23 - 24 - 27 - 28 - 30 - 32 - 36 - 40 - 42 - 44 - 45 - 48 - 49 - 55 - 58 - 66 - 67 - 68 - 69 - 71 - 75 - 76 - 77 - 78 - 81 - 84 - 85 - 88 - 89 - 91 - 92 - 94 - 99 - 101 - 102 - 103 - 107 - 110 - 111 - 112 - 113 - 114 - 115 - 117 - 118 - 119 - 127 - 129 - 132 - 135 - 137 - 138 - 139 - 142 - 144 - 145 - 146 - 149 - 150 - 152 - 155 - 156 - 157 - 161 - 163 - 164 - 167 - 171 - 172 - 175 - 176 - 179 - 182 - 183 - 185 - 190 - 191 - 192 - 194 - 196 - 198 - 199 - 200 - 202 - 203 - 205 - 206 - 207 - 208 - 211 - 213 - 214 - 216 - 217 - 219 - 221 - 222 - 223 - 224 - 230 - 231 - 232 - 233 - 235 - 236 - 237 - 241 - 242 - 250 - 251 - 252 - 254 - 257 - 260 - 264 - 266 - 268 - 269 - 270 - 271 - 272 - 274 - 275 - 276 - 281 - 282 - 283 - 284 - 286 - 289 - 290 - 294 - 295 - 298 - 299 - 300 - 301 - 304 - 305 - 306 - 309 - 310 - 314 - 315 - 317 - 319 - 320 - 323 - 324 - 325 - 326 - 328 - 332 - 339 - 340 - 342 - 344 - 347 - 356 - 357 - 360 - 361 - 362 - 363 - 365 - 366 - 367 - 371 - 374 - 375 - 377 - 380 - 381 - 383 - 386 - 387 - 388 - 389 - 391 - 392 - 393 - 399 - 400 - 406 - 407 - 408 - 409 - 413 - 416 - 417 - 420 - 422 - 424 - 430 - 433 - 437 - 438 - 439 - 440 - 444 - 445 - 447 - 449 - 450 - 452 - 458 - 461 - 462 - 463 - 466 - 467 - 474 - 478 - 479 - 480 - 483 - 484 - 487 - 490 - 492 - 493 - 496 - 498,13717161.6,0.1,57702,62824,45.8,Cost: 57702 & Capacity: 62824
0 - 1 - 5 - 8 - 9 - 10 - 12 - 14 - 15 - 16 - 20 - 21 - 22 - 23 - 24 - 27 - 28 - 30 - 32 - 33 - 36 - 40 - 42 - 44 - 45 - 48 - 49 - 55 - 58 - 66 - 67 - 68 - 69 - 71 - 75 - 76 - 77 - 78 - 81 - 84 - 85 - 88 - 89 - 91 - 92 - 94 - 99 - 101 - 102 - 103 - 107 - 110 - 111 - 112 - 113 - 114 - 115 - 117 - 118 - 119 - 127 - 129 - 132 - 135 - 137 - 138 - 139 - 142 - 144 - 145 - 146 - 149 - 150 - 152 - 155 - 156 - 157 - 161 - 163 - 167 - 171 - 172 - 175 - 176 - 178 - 179 - 182 - 183 - 185 - 190 - 191 - 192 - 194 - 196 - 198 - 199 - 200 - 202 - 203 - 205 - 206 - 207 - 208 - 211 - 213 - 214 - 216 - 217 - 219 - 221 - 222 - 223 - 224 - 230 - 231 - 232 - 233 - 235 - 236 - 237 - 240 - 242 - 250 - 251 - 252 - 254 - 257 - 260 - 264 - 266 - 268 - 269 - 270 - 271 - 272 - 274 - 275 - 276 - 281 - 282 - 283 - 284 - 286 - 289 - 290 - 294 - 295 - 298 - 299 - 300 - 301 - 304 - 305 - 306 - 308 - 309 - 310 - 314 - 315 - 317 - 319 - 320 - 323 - 324 - 325 - 326 - 328 - 332 - 338 - 339 - 340 - 342 - 344 - 347 - 356 - 357 - 360 - 361 - 362 - 363 - 365 - 366 - 367 - 371 - 374 - 375 - 377 - 380 - 381 - 383 - 386 - 387 - 388 - 389 - 391 - 392 - 393 - 399 - 400 - 406 - 407 - 408 - 409 - 413 - 416 - 417 - 420 - 422 - 424 - 426 - 430 - 433 - 435 - 437 - 438 - 439 - 440 - 444 - 445 - 447 - 449 - 450 - 452 - 458 - 461 - 462 - 463 - 466 - 467 - 474 - 478 - 479 - 480 - 483 - 484 - 487 - 489 - 490 - 492 - 493 - 496 - 498,14579993.6,0.1,61462,67370,49.36,Cost: 61462 & Capacity: 67370
0 - 4 - 15 - 20 - 21 - 25 - 30 - 34 - 46 - 50 - 51 - 53 - 58 - 61 - 64 - 76 - 84 - 87 - 88 - 94 - 99 - 100 - 111 - 112 - 115 - 127 - 137 - 140 - 141 - 151 - 152 - 156 - 157 - 159 - 172 - 173 - 175 - 178 - 180 - 184 - 199 - 204 - 205 - 212 - 215 - 221 - 223 - 225 - 228 - 234 - 238 - 242 - 249 - 252 - 257 - 260 - 263 - 270 - 279 - 285 - 286 - 304 - 311 - 317 - 328 - 329 - 330 - 331 - 333 - 334 - 352 - 355 - 369 - 370 - 377 - 383 - 389 - 390 - 396 - 430 - 432 - 435 - 437 - 439 - 447 - 450 - 453 - 454 - 462 - 466 - 470 - 479 - 483 - 485 - 486 - 489,2380207.9,29.5,60851,50089,49.7,Cost: 60851 & Capacity: 50089
0 - 1 - 5 - 8 - 9 - 10 - 12 - 14 - 15 - 16 - 18 - 23 - 27 - 30 - 31 - 33 - 37 - 39 - 44 - 46 - 47 - 49 - 51 - 57 - 58 - 59 - 60 - 69 - 71 - 75 - 76 - 78 - 81 - 84 - 87 - 91 - 92 - 94 - 99 - 103 - 107 - 110 - 112 - 115 - 118 - 119 - 120 - 125 - 129 - 130 - 131 - 135 - 136 - 139 - 142 - 144 - 146 - 152 - 155 - 157 - 167 - 172 - 175 - 176 - 177 - 178 - 179 - 183 - 185 - 190 - 191 - 192 - 194 - 195 - 196 - 197 - 198 - 200 - 202 - 203 - 206 - 208 - 210 - 211 - 213 - 214 - 217 - 218 - 219 - 221 - 222 - 223 - 225 - 226 - 230 - 231 - 233 - 236 - 240 - 242 - 244 - 250 - 251 - 254 - 255 - 257 - 258 - 260 - 268 - 272 - 274 - 277 - 281 - 283 - 284 - 288 - 294 - 299 - 304 - 309 - 310 - 311 - 312 - 313 - 314 - 315 - 319 - 323 - 324 - 325 - 328 - 332 - 334 - 338 - 340 - 344 - 347 - 356 - 357 - 360 - 361 - 362 - 363 - 365 - 373 - 377 - 380 - 383 - 384 - 386 - 387 - 388 - 391 - 393 - 406 - 407 - 409 - 416 - 417 - 422 - 424 - 433 - 438 - 439 - 442 - 445 - 447 - 449 - 451 - 452 - 453 - 458 - 461 - 462 - 466 - 468 - 471 - 473 - 474 - 475 - 479 - 480 - 484 - 487 - 489 - 490 - 492 - 493 - 494 - 496 - 498,9201296.6,5.3,61473,64703,51.01,Cost: 61473 & Capacity: 64703
3 - 4 - 7 - 9 - 13 - 14 - 23 - 24 - 28 - 30 - 31 - 32 - 33 - 41 - 42 - 44 - 45 - 46 - 49 - 51 - 58 - 59 - 60 - 66 - 67 - 68 - 69 - 76 - 78 - 81 - 88 - 91 - 92 - 97 - 100 - 101 - 105 - 107 - 110 - 113 - 115 - 116 - 118 - 119 - 120 - 121 - 131 - 139 - 140 - 145 - 147 - 148 - 152 - 155 - 157 - 167 - 172 - 177 - 178 - 181 - 182 - 183 - 184 - 185 - 191 - 192 - 194 - 197 - 198 - 199 - 200 - 203 - 206 - 207 - 213 - 220 - 222 - 223 - 225 - 226 - 231 - 234 - 236 - 237 - 239 - 240 - 242 - 250 - 251 - 252 - 254 - 255 - 257 - 260 - 262 - 266 - 270 - 272 - 275 - 280 - 282 - 283 - 300 - 308 - 309 - 310 - 311 - 315 - 317 - 322 - 323 - 329 - 340 - 347 - 352 - 362 - 364 - 365 - 366 - 380 - 382 - 386 - 388 - 390 - 391 - 394 - 400 - 407 - 413 - 418 - 420 - 422 - 424 - 426 - 433 - 435 - 444 - 453 - 454 - 455 - 458 - 464 - 471 - 472 - 478 - 484 - 487 - 492 - 493,5676176.5,10.1,61453,59112,51.4,Cost: 61453 & Capacity: 59112
0 - 1 - 5 - 8 - 9 - 10 - 12 - 14 - 15 - 16 - 20 - 21 - 22 - 23 - 24 - 27 - 28 - 30 - 32 - 33 - 36 - 40 - 42 - 44 - 45 - 48 - 49 - 55 - 58 - 66 - 67 - 68 - 69 - 71 - 75 - 76 - 77 - 78 - 81 - 84 - 85 - 88 - 89 - 91 - 92 - 94 - 99 - 101 - 102 - 103 - 107 - 110 - 111 - 112 - 113 - 114 - 115 - 117 - 118 - 119 - 127 - 129 - 132 - 135 - 137 - 138 - 139 - 142 - 144 - 145 - 146 - 149 - 150 - 152 - 155 - 156 - 157 - 161 - 163 - 167 - 171 - 172 - 175 - 176 - 178 - 179 - 182 - 183 - 185 - 190 - 191 - 192 - 194 - 196 - 198 - 199 - 200 - 202 - 203 - 205 - 206 - 207 - 208 - 211 - 213 - 214 - 216 - 217 - 219 - 221 - 222 - 223 - 224 - 230 - 231 - 232 - 233 - 235 - 236 - 237 - 240 - 242 - 250 - 251 - 252 - 254 - 257 - 260 - 264 - 266 - 268 - 269 - 270 - 271 - 272 - 274 - 275 - 276 - 281 - 282 - 283 - 284 - 286 - 289 - 290 - 294 - 295 - 298 - 299 - 300 - 301 - 304 - 305 - 306 - 308 - 309 - 310 - 314 - 315 - 317 - 319 - 320 - 323 - 324 - 325 - 326 - 328 - 332 - 338 - 339 - 340 - 342 - 344 - 347 - 356 - 357 - 360 - 361 - 362 - 363 - 365 - 366 - 367 - 371 - 374 - 375 - 377 - 380 - 381 - 383 - 386 - 387 - 388 - 389 - 391 - 392 - 393 - 399 - 400 - 406 - 407 - 408 - 409 - 413 - 416 - 417 - 420 - 422 - 424 - 426 - 430 - 433 - 435 - 437 - 438 - 439 - 440 - 444 - 445 - 447 - 449 - 450 - 452 - 458 - 461 - 462 - 463 - 466 - 467 - 474 - 478 - 479 - 480 - 483 - 484 - 487 - 489 - 490 - 492 - 493 - 496 - 498,14579993.6,0.1,61462,67370,53.17,Cost: 61462 & Capacity: 67370
0 - 1 - 5 - 8 - 9 - 10 - 12 - 14 - 15 - 16 - 20 - 21 - 22 - 23 - 24 - 27 - 28 - 30 - 32 - 33 - 36 - 40 - 42 - 44 - 45 - 48 - 49 - 55 - 58 - 66 - 67 - 68 - 69 - 71 - 75 - 76 - 77 - 78 - 81 - 84 - 85 - 88 - 89 - 91 - 92 - 94 - 99 - 101 - 102 - 103 - 107 - 110 - 111 - 112 - 113 - 114 - 115 - 117 - 118 - 119 - 127 - 129 - 132 - 135 - 137 - 138 - 139 - 142 - 144 - 145 - 146 - 149 - 150 - 152 - 155 - 156 - 157 - 161 - 163 - 167 - 171 - 172 - 175 - 176 - 178 - 179 - 182 - 183 - 185 - 190 - 191 - 192 - 194 - 196 - 198 - 199 - 200 - 202 - 203 - 205 - 206 - 207 - 208 - 211 - 213 - 214 - 216 - 217 - 219 - 221 - 222 - 223 - 224 - 230 - 231 - 232 - 233 - 235 - 236 - 237 - 240 - 242 - 250 - 251 - 252 - 254 - 257 - 260 - 264 - 266 - 268 - 269 - 270 - 271 - 272 - 274 - 275 - 276 - 281 - 282 - 283 - 284 - 286 - 289 - 290 - 294 - 295 - 298 - 299 - 300 - 301 - 304 - 305 - 306 - 308 - 309 - 310 - 314 - 315 - 317 - 319 - 320 - 323 - 324 - 325 - 326 - 328 - 332 - 338 - 339 - 340 - 342 - 344 - 347 - 356 - 357 - 360 - 361 - 362 - 363 - 365 - 366 - 367 - 371 - 374 - 375 - 377 - 380 - 381 - 383 - 386 - 387 - 388 - 389 - 391 - 392 - 393 - 399 - 400 - 406 - 407 - 408 - 409 - 413 - 416 - 417 - 420 - 422 - 424 - 426 - 430 - 433 - 435 - 437 - 438 - 439 - 440 - 444 - 445 - 447 - 449 - 450 - 452 - 458 - 461 - 462 - 463 - 466 - 467 - 474 - 478 - 479 - 480 - 483 - 484 - 487 - 489 - 490 - 492 - 493 - 496 - 498,14579993.6,0.1,61462,67370,53.44,Cost: 61462 & Capacity: 67370
0 - 1 - 5 - 8 - 9 - 10 - 12 - 14 - 15 - 16 - 20 - 21 - 22 - 23 - 24 - 27 - 28 - 30 - 32 - 33 - 36 - 40 - 42 - 44 - 45 - 48 - 49 - 55 - 58 - 66 - 67 - 68 - 69 - 71 - 75 - 76 - 77 - 78 - 81 - 84 - 85 - 88 - 89 - 91 - 92 - 94 - 99 - 101 - 102 - 103 - 107 - 110 - 111 - 112 - 113 - 114 - 115 - 117 - 118 - 119 - 127 - 129 - 132 - 135 - 137 - 138 - 139 - 142 - 144 - 145 - 146 - 149 - 150 - 152 - 155 - 156 - 157 - 161 - 163 - 167 - 171 - 172 - 175 - 176 - 178 - 179 - 182 - 183 - 185 - 190 - 191 - 192 - 194 - 196 - 198 - 199 - 200 - 202 - 203 - 205 - 206 - 207 - 208 - 211 - 213 - 214 - 216 - 217 - 219 - 221 - 222 - 223 - 224 - 230 - 231 - 232 - 233 - 235 - 236 - 237 - 240 - 242 - 250 - 251 - 252 - 254 - 257 - 260 - 264 - 266 - 268 - 269 - 270 - 271 - 272 - 274 - 275 - 276 - 281 - 282 - 283 - 284 - 286 - 289 - 290 - 294 - 295 - 298 - 299 - 300 - 301 - 304 - 305 - 306 - 308 - 309 - 310 - 314 - 315 - 317 - 319 - 320 - 323 - 324 - 325 - 326 - 328 - 332 - 338 - 339 - 340 - 342 - 344 - 347 - 356 - 357 - 360 - 361 - 362 - 363 - 365 - 366 - 367 - 371 - 374 - 375 - 377 - 380 - 381 - 383 - 386 - 387 - 388 - 389 - 391 - 392 - 393 - 399 - 400 - 406 - 407 - 408 - 409 - 413 - 416 - 417 - 420 - 422 - 424 - 426 - 430 - 433 - 435 - 437 - 438 - 439 - 440 - 444 - 445 - 447 - 449 - 450 - 452 - 458 - 461 - 462 - 463 - 466 - 467 - 474 - 478 - 479 - 480 - 483 - 484 - 487 - 489 - 490 - 492 - 493 - 496 - 498,14579993.6,0.1,61462,67370,53.83,Cost: 61462 & Capacity: 67370
0 - 1 - 5 - 8 - 9 - 10 - 12 - 14 - 15 - 16 - 20 - 21 - 22 - 23 - 24 - 27 - 28 - 30 - 32 - 33 - 36 - 40 - 42 - 44 - 45 - 48 - 49 - 55 - 58 - 66 - 67 - 68 - 69 - 71 - 75 - 76 - 77 - 78 - 81 - 84 - 85 - 88 - 89 - 91 - 92 - 94 - 99 - 101 - 102 - 103 - 107 - 110 - 111 - 112 - 113 - 114 - 115 - 117 - 118 - 119 - 127 - 129 - 132 - 135 - 137 - 138 - 139 - 142 - 144 - 145 - 146 - 149 - 150 - 152 - 155 - 156 - 157 - 161 - 163 - 164 - 167 - 171 - 172 - 175 - 176 - 179 - 182 - 183 - 185 - 190 - 191 - 192 - 194 - 196 - 198 - 199 - 200 - 202 - 203 - 205 - 206 - 207 - 208 - 211 - 213 - 214 - 216 - 217 - 219 - 221 - 222 - 223 - 224 - 230 - 231 - 232 - 233 - 235 - 236 - 237 - 240 - 241 - 242 - 247 - 250 - 251 - 252 - 254 - 257 - 260 - 264 - 266 - 268 - 269 - 270 - 271 - 272 - 274 - 275 - 276 - 281 - 282 - 283 - 284 - 286 - 289 - 290 - 294 - 295 - 298 - 299 - 300 - 301 - 304 - 305 - 306 - 309 - 310 - 314 - 315 - 317 - 319 - 320 - 323 - 324 - 325 - 326 - 328 - 332 - 339 - 340 - 342 - 344 - 347 - 356 - 357 - 360 - 361 - 362 - 363 - 365 - 366 - 367 - 371 - 374 - 375 - 377 - 380 - 381 - 383 - 386 - 387 - 388 - 389 - 391 - 392 - 393 - 399 - 400 - 406 - 407 - 408 - 409 - 413 - 416 - 417 - 420 - 422 - 424 - 430 - 433 - 435 - 437 - 438 - 439 - 440 - 444 - 445 - 447 - 449 - 450 - 452 - 458 - 461 - 462 - 463 - 466 - 467 - 474 - 478 - 479 - 480 - 483 - 484 - 487 - 489 - 490 - 492 - 493 - 496 - 498,14442926.6,0.1,60823,66199,53.79,Cost: 60823 & Capacity: 66199
0 - 1 - 5 - 8 - 9 - 10 - 12 - 14 - 15 - 16 - 20 - 21 - 22 - 23 - 24 - 27 - 28 - 30 - 32 - 33 - 36 - 40 - 42 - 44 - 45 - 48 - 49 - 55 - 58 - 66 - 67 - 68 - 69 - 71 - 75 - 76 - 77 - 78 - 81 - 84 - 85 - 88 - 89 - 91 - 92 - 94 - 99 - 101 - 102 - 103 - 107 - 110 - 111 - 112 - 113 - 114 - 115 - 117 - 118 - 119 - 127 - 129 - 132 - 135 - 137 - 138 - 139 - 142 - 144 - 145 - 146 - 149 - 150 - 152 - 155 - 156 - 157 - 161 - 163 - 167 - 171 - 172 - 175 - 176 - 178 - 179 - 182 - 183 - 185 - 190 - 191 - 192 - 194 - 196 - 198 - 199 - 200 - 202 - 203 - 205 - 206 - 207 - 208 - 211 - 213 - 214 - 216 - 217 - 219 - 221 - 222 - 223 - 224 - 230 - 231 - 232 - 233 - 235 - 236 - 237 - 240 - 242 - 250 - 251 - 252 - 254 - 257 - 260 - 264 - 266 - 268 - 269 - 270 - 271 - 272 - 274 - 275 - 276 - 281 - 282 - 283 - 284 - 286 - 289 - 290 - 294 - 295 - 298 - 299 - 300 - 301 - 304 - 305 - 306 - 308 - 309 - 310 - 314 - 315 - 317 - 319 - 320 - 323 - 324 - 325 - 326 - 328 - 332 - 338 - 339 - 340 - 342 - 344 - 347 - 356 - 357 - 360 - 361 - 362 - 363 - 365 - 366 - 367 - 371 - 374 - 375 - 377 - 380 - 381 - 383 - 386 - 387 - 388 - 389 - 391 - 392 - 393 - 399 - 400 - 406 - 407 - 408 - 409 - 413 - 416 - 417 - 420 - 422 - 424 - 426 - 430 - 433 - 435 - 437 - 438 - 439 - 440 - 444 - 445 - 447 - 449 - 450 - 452 - 458 - 461 - 462 - 463 - 466 - 467 - 474 - 478 - 479 - 480 - 483 - 484 - 487 - 489 - 490 - 492 - 493 - 496 - 498,14579993.6,0.1,61462,67370,54.61,Cost: 61462 & Capacity: 67370
1 - 3 - 8 - 13 - 22 - 23 - 24 - 31 - 32 - 40 - 41 - 45 - 46 - 51 - 65 - 67 - 69 - 75 - 80 - 81 - 84 - 108 - 111 - 112 - 118 - 119 - 122 - 131 - 135 - 136 - 143 - 144 - 149 - 151 - 155 - 161 - 162 - 172 - 176 - 177 - 178 - 182 - 190 - 191 - 206 - 210 - 211 - 216 - 221 - 223 - 229 - 230 - 231 - 233 - 236 - 239 - 240 - 242 - 248 - 251 - 252 - 255 - 257 - 260 - 261 - 263 - 267 - 268 - 271 - 272 - 276 - 277 - 281 - 284 - 286 - 287 - 290 - 294 - 299 - 303 - 305 - 310 - 311 - 315 - 317 - 332 - 335 - 338 - 342 - 346 - 351 - 357 - 362 - 364 - 365 - 370 - 374 - 377 - 384 - 386 - 391 - 393 - 399 - 412 - 413 - 418 - 433 - 437 - 438 - 439 - 442 - 447 - 449 - 450 - 451 - 453 - 454 - 457 - 458 - 465 - 471 - 481 - 482 - 488 - 491 - 493,4126063.1,18.3,61382,53702,55.13,Cost: 61382 & Capacity: 53702
0 - 3 - 7 - 8 - 9 - 14 - 22 - 23 - 24 - 28 - 30 - 31 - 32 - 33 - 39 - 41 - 49 - 51 - 52 - 54 - 56 - 58 - 59 - 64 - 67 - 69 - 72 - 75 - 76 - 78 - 81 - 84 - 87 - 91 - 92 - 94 - 100 - 103 - 107 - 110 - 112 - 115 - 116 - 118 - 119 - 131 - 135 - 139 - 142 - 143 - 149 - 155 - 157 - 167 - 172 - 176 - 177 - 178 - 179 - 182 - 183 - 185 - 190 - 191 - 194 - 195 - 196 - 197 - 198 - 202 - 203 - 206 - 208 - 210 - 211 - 213 - 216 - 217 - 219 - 221 - 222 - 223 - 226 - 230 - 231 - 233 - 236 - 240 - 242 - 251 - 254 - 257 - 258 - 260 - 268 - 272 - 273 - 276 - 277 - 281 - 283 - 284 - 294 - 296 - 299 - 300 - 306 - 309 - 310 - 311 - 314 - 315 - 323 - 324 - 325 - 332 - 338 - 340 - 344 - 345 - 346 - 347 - 357 - 360 - 361 - 362 - 365 - 373 - 377 - 380 - 381 - 383 - 384 - 386 - 387 - 393 - 394 - 399 - 406 - 407 - 408 - 409 - 411 - 416 - 417 - 422 - 424 - 426 - 433 - 438 - 442 - 447 - 449 - 452 - 456 - 457 - 458 - 465 - 466 - 468 - 472 - 473 - 474 - 476 - 484 - 487 - 489 - 490 - 492 - 493 - 494 - 496 - 498,7607437.4,8.1,61408,59539,55.7,Cost: 61408 & Capacity: 59539
0 - 1 - 3 - 7 - 9 - 14 - 18 - 22 - 23 - 24 - 30 - 31 - 32 - 33 - 39 - 41 - 42 - 46 - 49 - 51 - 58 - 59 - 64 - 67 - 69 - 75 - 76 - 78 - 81 - 84 - 87 - 88 - 91 - 92 - 94 - 103 - 107 - 110 - 112 - 115 - 116 - 118 - 119 - 120 - 125 - 131 - 135 - 142 - 143 - 149 - 150 - 155 - 157 - 162 - 166 - 167 - 172 - 176 - 177 - 178 - 179 - 182 - 183 - 185 - 190 - 191 - 194 - 195 - 198 - 200 - 202 - 203 - 206 - 207 - 208 - 210 - 213 - 216 - 217 - 219 - 221 - 222 - 223 - 226 - 230 - 231 - 233 - 236 - 240 - 242 - 251 - 254 - 255 - 257 - 258 - 260 - 268 - 272 - 275 - 276 - 277 - 281 - 283 - 284 - 294 - 296 - 297 - 299 - 300 - 306 - 309 - 310 - 311 - 313 - 314 - 315 - 323 - 324 - 325 - 332 - 338 - 340 - 344 - 345 - 347 - 357 - 360 - 361 - 362 - 373 - 377 - 380 - 381 - 383 - 384 - 386 - 387 - 393 - 394 - 399 - 408 - 409 - 413 - 416 - 417 - 422 - 424 - 433 - 438 - 442 - 447 - 449 - 451 - 452 - 457 - 458 - 465 - 466 - 468 - 472 - 473 - 474 - 484 - 487 - 488 - 489 - 490 - 492 - 493 - 494 - 498,7412601.6,8.9,61429,57758,55.75,Cost: 61429 & Capacity: 57758
1 - 3 - 8 - 14 - 24 - 27 - 32 - 41 - 44 - 45 - 46 - 47 - 49 - 51 - 55 - 58 - 59 - 68 - 69 - 75 - 84 - 86 - 91 - 94 - 95 - 107 - 111 - 114 - 118 - 119 - 120 - 127 - 129 - 131 - 135 - 136 - 137 - 139 - 144 - 152 - 157 - 163 - 171 - 172 - 174 - 176 - 177 - 178 - 182 - 188 - 191 - 198 - 200 - 204 - 206 - 210 - 213 - 221 - 230 - 231 - 236 - 237 - 238 - 251 - 254 - 257 - 258 - 260 - 261 - 262 - 263 - 270 - 271 - 272 - 276 - 280 - 288 - 293 - 294 - 298 - 299 - 301 - 304 - 305 - 307 - 309 - 311 - 317 - 328 - 332 - 334 - 335 - 340 - 345 - 347 - 348 - 357 - 364 - 375 - 377 - 380 - 390 - 393 - 400 - 406 - 407 - 410 - 411 - 413 - 415 - 417 - 419 - 420 - 421 - 424 - 425 - 426 - 433 - 437 - 438 - 444 - 445 - 452 - 453 - 454 - 458 - 461 - 465 - 469 - 471 - 473 - 474 - 476 - 487 - 488 - 489 - 490 - 492 - 494 - 495 - 498,5060938.2,14.9,61471,55325,56.84,Cost: 61471 & Capacity: 55325
0 - 1 - 5 - 8 - 9 - 10 - 12 - 14 - 15 - 16 - 20 - 21 - 22 - 23 - 24 - 27 - 28 - 30 - 32 - 33 - 36 - 40 - 42 - 44 - 45 - 48 - 49 - 55 - 58 - 66 - 67 - 68 - 69 - 71 - 75 - 76 - 77 - 78 - 81 - 84 - 85 - 88 - 89 - 91 - 92 - 94 - 99 - 101 - 102 - 103 - 107 - 110 - 111 - 112 - 113 - 114 - 115 - 117 - 118 - 119 - 127 - 129 - 132 - 135 - 137 - 138 - 139 - 142 - 144 - 145 - 146 - 149 - 150 - 152 - 155 - 156 - 157 - 161 - 163 - 164 - 167 - 171 - 172 - 175 - 176 - 179 - 182 - 183 - 185 - 190 - 191 - 192 - 194 - 196 - 198 - 199 - 200 - 202 - 203 - 205 - 206 - 207 - 208 - 211 - 213 - 214 - 216 - 217 - 219 - 221 - 222 - 223 - 224 - 230 - 231 - 232 - 233 - 235 - 236 - 237 - 240 - 241 - 242 - 250 - 251 - 252 - 254 - 257 - 260 - 264 - 266 - 268 - 269 - 270 - 271 - 272 - 274 - 275 - 276 - 281 - 282 - 283 - 284 - 286 - 289 - 290 - 294 - 295 - 298 - 299 - 300 - 301 - 304 - 305 - 306 - 309 - 310 - 314 - 315 - 317 - 319 - 320 - 323 - 324 - 325 - 326 - 328 - 332 - 338 - 339 - 340 - 342 - 344 - 347 - 356 - 357 - 360 - 361 - 362 - 363 - 365 - 366 - 367 - 371 - 374 - 375 - 377 - 380 - 381 - 383 - 386 - 387 - 388 - 389 - 391 - 392 - 393 - 399 - 400 - 406 - 407 - 408 - 409 - 413 - 416 - 417 - 420 - 422 - 424 - 430 - 433 - 437 - 438 - 439 - 440 - 444 - 445 - 447 - 449 - 450 - 452 - 458 - 461 - 462 - 463 - 466 - 467 - 474 - 478 - 479 - 480 - 483 - 484 - 487 - 489 - 490 - 492 - 493 - 496 - 498,14310395.6,0.1,60307,65871,56.92,Cost: 60307 & Capacity: 65871
0 - 1 - 2 - 5 - 8 - 9 - 10 - 12 - 14 - 15 - 16 - 20 - 22 - 23 - 24 - 27 - 28 - 30 - 32 - 36 - 40 - 42 - 44 - 45 - 48 - 49 - 55 - 58 - 66 - 67 - 68 - 69 - 71 - 75 - 76 - 77 - 78 - 81 - 84 - 85 - 88 - 89 - 91 - 92 - 94 - 99 - 101 - 102 - 103 - 107 - 110 - 111 - 112 - 113 - 114 - 115 - 117 - 118 - 119 - 127 - 129 - 132 - 135 - 137 - 138 - 139 - 142 - 144 - 145 - 146 - 149 - 150 - 152 - 155 - 156 - 157 - 161 - 163 - 164 - 167 - 171 - 172 - 175 - 176 - 179 - 182 - 183 - 185 - 190 - 191 - 192 - 194 - 196 - 198 - 199 - 200 - 202 - 203 - 205 - 206 - 207 - 208 - 211 - 213 - 214 - 216 - 217 - 219 - 221 - 222 - 223 - 224 - 230 - 231 - 232 - 233 - 235 - 236 - 237 - 240 - 242 - 247 - 250 - 251 - 252 - 254 - 257 - 260 - 264 - 266 - 268 - 269 - 270 - 271 - 272 - 274 - 275 - 276 - 281 - 282 - 283 - 284 - 286 - 289 - 290 - 294 - 295 - 298 - 299 - 300 - 301 - 304 - 305 - 306 - 309 - 310 - 314 - 315 - 317 - 319 - 320 - 323 - 324 - 325 - 326 - 328 - 329 - 332 - 339 - 340 - 342 - 344 - 347 - 356 - 357 - 360 - 361 - 362 - 363 - 365 - 366 - 367 - 371 - 374 - 375 - 377 - 380 - 381 - 383 - 386 - 387 - 388 - 389 - 391 - 392 - 393 - 399 - 400 - 406 - 407 - 408 - 409 - 413 - 416 - 417 - 420 - 422 - 424 - 426 - 427 - 430 - 433 - 435 - 437 - 438 - 439 - 440 - 444 - 445 - 447 - 449 - 450 - 452 - 458 - 461 - 462 - 463 - 466 - 467 - 474 - 478 - 479 - 480 - 483 - 484 - 487 - 489 - 490 - 492 - 493 - 496 - 498,14603458.8,0.1,61472,66306,59.32,Cost: 61472 & Capacity: 66306
0 - 1 - 5 - 8 - 9 - 10 - 12 - 14 - 15 - 16 - 20 - 21 - 22 - 23 - 24 - 27 - 28 - 30 - 32 - 33 - 36 - 40 - 42 - 44 - 45 - 48 - 49 - 55 - 58 - 66 - 67 - 68 - 69 - 71 - 75 - 76 - 77 - 78 - 81 - 84 - 85 - 88 - 89 - 91 - 92 - 94 - 99 - 101 - 102 - 103 - 107 - 110 - 111 - 112 - 113 - 114 - 115 - 117 - 118 - 119 - 127 - 129 - 132 - 135 - 137 - 138 - 139 - 142 - 144 - 145 - 146 - 149 - 150 - 152 - 155 - 156 - 157 - 161 - 163 - 167 - 171 - 172 - 175 - 176 - 178 - 179 - 182 - 183 - 185 - 190 - 191 - 192 - 194 - 196 - 198 - 199 - 200 - 202 - 203 - 205 - 206 - 207 - 208 - 211 - 213 - 214 - 216 - 217 - 219 - 221 - 222 - 223 - 224 - 230 - 231 - 232 - 233 - 235 - 236 - 237 - 240 - 242 - 250 - 251 - 252 - 254 - 257 - 260 - 264 - 266 - 268 - 269 - 270 - 271 - 272 - 274 - 275 - 276 - 281 - 282 - 283 - 284 - 286 - 289 - 290 - 294 - 295 - 298 - 299 - 300 - 301 - 304 - 305 - 306 - 308 - 309 - 310 - 314 - 315 - 317 - 319 - 320 - 323 - 324 - 325 - 326 - 328 - 332 - 338 - 339 - 340 - 342 - 344 - 347 - 356 - 357 - 360 - 361 - 362 - 363 - 365 - 366 - 367 - 371 - 374 - 375 - 377 - 380 - 381 - 383 - 386 - 387 - 388 - 389 - 391 - 392 - 393 - 399 - 400 - 406 - 407 - 408 - 409 - 413 - 416 - 417 - 420 - 422 - 424 - 426 - 430 - 433 - 435 - 437 - 438 - 439 - 440 - 444 - 445 - 447 - 449 - 450 - 452 - 458 - 461 - 462 - 463 - 466 - 467 - 474 - 478 - 479 - 480 - 483 - 484 - 487 - 489 - 490 - 492 - 493 - 496 - 498,14579993.6,0.1,61462,67370,59.67,Cost: 61462 & Capacity: 67370
0 - 1 - 5 - 8 - 9 - 10 - 12 - 14 - 15 - 16 - 20 - 21 - 22 - 23 - 24 - 27 - 28 - 30 - 32 - 33 - 36 - 40 - 42 - 44 - 45 - 48 - 49 - 55 - 58 - 66 - 67 - 68 - 69 - 71 - 75 - 76 - 77 - 78 - 81 - 84 - 85 - 88 - 89 - 91 - 92 - 94 - 99 - 101 - 102 - 103 - 107 - 110 - 111 - 112 - 113 - 114 - 115 - 117 - 118 - 119 - 127 - 129 - 132 - 135 - 137 - 138 - 139 - 142 - 144 - 145 - 146 - 149 - 150 - 152 - 155 - 156 - 157 - 161 - 163 - 167 - 171 - 172 - 175 - 176 - 178 - 179 - 182 - 183 - 185 - 190 - 191 - 192 - 194 - 196 - 198 - 199 - 200 - 202 - 203 - 205 - 206 - 207 - 208 - 211 - 213 - 214 - 216 - 217 - 219 - 221 - 222 - 223 - 224 - 230 - 231 - 232 - 233 - 235 - 236 - 237 - 240 - 242 - 250 - 251 - 252 - 254 - 257 - 260 - 264 - 266 - 268 - 269 - 270 - 271 - 272 - 274 - 275 - 276 - 281 - 282 - 283 - 284 - 286 - 289 - 290 - 294 - 295 - 298 - 299 - 300 - 301 - 304 - 305 - 306 - 308 - 309 - 310 - 314 - 315 - 317 - 319 - 320 - 323 - 324 - 325 - 326 - 328 - 332 - 338 - 339 - 340 - 342 - 344 - 347 - 356 - 357 - 360 - 361 - 362 - 363 - 365 - 366 - 367 - 371 - 374 - 375 - 377 - 380 - 381 - 383 - 386 - 387 - 388 - 389 - 391 - 392 - 393 - 399 - 400 - 406 - 407 - 408 - 409 - 413 - 416 - 417 - 420 - 422 - 424 - 426 - 430 - 433 - 435 - 437 - 438 - 439 - 440 - 444 - 445 - 447 - 449 - 450 - 452 - 458 - 461 - 462 - 463 - 466 - 467 - 474 - 478 - 479 - 480 - 483 - 484 - 487 - 489 - 490 - 492 - 493 - 496 - 498,14579993.6,0.1,61462,67370,59.87,Cost: 61462 & Capacity: 67370
1 - 5 - 8 - 9 - 10 - 12 - 14 - 15 - 16 - 20 - 21 - 22 - 23 - 24 - 27 - 28 - 30 - 32 - 36 - 40 - 42 - 44 - 45 - 48 - 49 - 55 - 58 - 66 - 67 - 68 - 69 - 71 - 75 - 76 - 77 - 78 - 81 - 84 - 85 - 88 - 89 - 91 - 92 - 94 - 99 - 101 - 102 - 103 - 107 - 110 - 111 - 112 - 113 - 114 - 115 - 117 - 118 - 119 - 127 - 129 - 132 - 135 - 137 - 138 - 139 - 142 - 144 - 145 - 146 - 149 - 150 - 152 - 155 - 156 - 157 - 161 - 163 - 164 - 167 - 171 - 172 - 175 - 176 - 179 - 182 - 183 - 185 - 190 - 191 - 192 - 194 - 196 - 198 - 199 - 200 - 202 - 203 - 205 - 206 - 207 - 208 - 211 - 213 - 214 - 216 - 217 - 219 - 221 - 222 - 223 - 224 - 230 - 231 - 232 - 233 - 235 - 236 - 237 - 241 - 242 - 250 - 251 - 252 - 254 - 257 - 260 - 264 - 266 - 268 - 269 - 270 - 271 - 272 - 274 - 275 - 276 - 281 - 282 - 283 - 284 - 286 - 289 - 290 - 294 - 295 - 298 - 299 - 300 - 301 - 304 - 305 - 306 - 309 - 310 - 314 - 315 - 317 - 319 - 320 - 323 - 324 - 325 - 326 - 328 - 332 - 339 - 340 - 342 - 344 - 347 - 356 - 357 - 360 - 361 - 362 - 363 - 365 - 366 - 367 - 371 - 374 - 375 - 377 - 380 - 381 - 383 - 386 - 387 - 388 - 389 - 391 - 392 - 393 - 399 - 400 - 406 - 407 - 408 - 409 - 413 - 416 - 417 - 420 - 422 - 424 - 430 - 433 - 437 - 438 - 439 - 440 - 444 - 445 - 447 - 449 - 450 - 452 - 458 - 461 - 462 - 463 - 466 - 467 - 474 - 478 - 479 - 480 - 483 - 484 - 487 - 490 - 492 - 493 - 496 - 498,13717161.6,0.1,57702,62824,60.23,Cost: 57702 & Capacity: 62824
1 - 5 - 8 - 9 - 10 - 12 - 14 - 15 - 16 - 20 - 21 - 22 - 23 - 24 - 27 - 28 - 30 - 32 - 36 - 40 - 42 - 44 - 45 - 48 - 49 - 55 - 58 - 66 - 67 - 68 - 69 - 71 - 75 - 76 - 77 - 78 - 81 - 84 - 85 - 88 - 89 - 91 - 92 - 94 - 99 - 101 - 102 - 103 - 107 - 110 - 111 - 112 - 113 - 114 - 115 - 117 - 118 - 119 - 127 - 129 - 132 - 135 - 137 - 138 - 139 - 142 - 144 - 145 - 146 - 149 - 150 - 152 - 155 - 156 - 157 - 161 - 163 - 164 - 167 - 171 - 172 - 175 - 176 - 179 - 182 - 183 - 185 - 190 - 191 - 192 - 194 - 196 - 198 - 199 - 200 - 202 - 203 - 205 - 206 - 207 - 208 - 211 - 213 - 214 - 216 - 217 - 219 - 221 - 222 - 223 - 224 - 230 - 231 - 232 - 233 - 235 - 236 - 237 - 241 - 242 - 250 - 251 - 252 - 254 - 257 - 260 - 264 - 266 - 268 - 269 - 270 - 271 - 272 - 274 - 275 - 276 - 281 - 282 - 283 - 284 - 286 - 289 - 290 - 294 - 295 - 298 - 299 - 300 - 301 - 304 - 305 - 306 - 309 - 310 - 314 - 315 - 317 - 319 - 320 - 323 - 324 - 325 - 326 - 328 - 332 - 339 - 340 - 342 - 344 - 347 - 356 - 357 - 360 - 361 - 362 - 363 - 365 - 366 - 367 - 371 - 374 - 375 - 377 - 380 - 381 - 383 - 386 - 387 - 388 - 389 - 391 - 392 - 393 - 399 - 400 - 406 - 407 - 408 - 409 - 413 - 416 - 417 - 420 - 422 - 424 - 430 - 433 - 437 - 438 - 439 - 440 - 444 - 445 - 447 - 449 - 450 - 452 - 458 - 461 - 462 - 463 - 466 - 467 - 474 - 478 - 479 - 480 - 483 - 484 - 487 - 489 - 490 - 492 - 493 - 496 - 498,13831844.7,0.1,58208,63111,60.23,Cost: 58208 & Capacity: 63111
0 - 1 - 5 - 8 - 9 - 10 - 12 - 14 - 15 - 16 - 20 - 21 - 22 - 23 - 24 - 27 - 28 - 30 - 32 - 33 - 36 - 40 - 42 - 44 - 45 - 48 - 49 - 55 - 58 - 66 - 67 - 68 - 69 - 71 - 75 - 76 - 77 - 78 - 81 - 84 - 85 - 88 - 89 - 91 - 92 - 94 - 99 - 101 - 102 - 103 - 107 - 110 - 111 - 112 - 113 - 114 - 115 - 117 - 118 - 119 - 127 - 129 - 132 - 135 - 137 - 138 - 139 - 142 - 144 - 145 - 146 - 149 - 150 - 152 - 155 - 156 - 157 - 161 - 163 - 167 - 171 - 172 - 175 - 176 - 178 - 179 - 182 - 183 - 185 - 190 - 191 - 192 - 194 - 196 - 198 - 199 - 200 - 202 - 203 - 205 - 206 - 207 - 208 - 211 - 213 - 214 - 216 - 217 - 219 - 221 - 222 - 223 - 224 - 230 - 231 - 232 - 233 - 235 - 236 - 237 - 240 - 242 - 250 - 251 - 252 - 254 - 257 - 260 - 264 - 266 - 268 - 269 - 270 - 271 - 272 - 274 - 275 - 276 - 281 - 282 - 283 - 284 - 286 - 289 - 290 - 294 - 295 - 298 - 299 - 300 - 301 - 304 - 305 - 306 - 308 - 309 - 310 - 314 - 315 - 317 - 319 - 320 - 323 - 324 - 325 - 326 - 328 - 332 - 338 - 339 - 340 - 342 - 344 - 347 - 356 - 357 - 360 - 361 - 362 - 363 - 365 - 366 - 367 - 371 - 374 - 375 - 377 - 380 - 381 - 383 - 386 - 387 - 388 - 389 - 391 - 392 - 393 - 399 - 400 - 406 - 407 - 408 - 409 - 413 - 416 - 417 - 420 - 422 - 424 - 426 - 430 - 433 - 435 - 437 - 438 - 439 - 440 - 444 - 445 - 447 - 449 - 450 - 452 - 458 - 461 - 462 - 463 - 466 - 467 - 474 - 478 - 479 - 480 - 483 - 484 - 487 - 489 - 490 - 492 - 493 - 496 - 498,14579993.6,0.1,61462,67370,62.25,Cost: 61462 & Capacity: 67370
0 - 1 - 5 - 8 - 9 - 10 - 12 - 14 - 15 - 16 - 20 - 21 - 22 - 23 - 24 - 27 - 28 - 30 - 32 - 33 - 36 - 40 - 42 - 44 - 45 - 48 - 49 - 55 - 58 - 66 - 67 - 68 - 69 - 71 - 75 - 76 - 77 - 78 - 81 - 84 - 85 - 88 - 89 - 91 - 92 - 94 - 99 - 101 - 102 - 103 - 107 - 110 - 111 - 112 - 113 - 114 - 115 - 117 - 118 - 119 - 127 - 129 - 132 - 135 - 137 - 138 - 139 - 142 - 144 - 145 - 146 - 149 - 150 - 152 - 155 - 156 - 157 - 161 - 163 - 167 - 171 - 172 - 175 - 176 - 178 - 179 - 182 - 183 - 185 - 190 - 191 - 192 - 194 - 196 - 198 - 199 - 200 - 202 - 203 - 205 - 206 - 207 - 208 - 211 - 213 - 214 - 216 - 217 - 219 - 221 - 222 - 223 - 224 - 230 - 231 - 232 - 233 - 235 - 236 - 237 - 240 - 242 - 250 - 251 - 252 - 254 - 257 - 260 - 264 - 266 - 268 - 269 - 270 - 271 - 272 - 274 - 275 - 276 - 281 - 282 - 283 - 284 - 286 - 289 - 290 - 294 - 295 - 298 - 299 - 300 - 301 - 304 - 305 - 306 - 308 - 309 - 310 - 314 - 315 - 317 - 319 - 320 - 323 - 324 - 325 - 326 - 328 - 332 - 338 - 339 - 340 - 342 - 344 - 347 - 356 - 357 - 360 - 361 - 362 - 363 - 365 - 366 - 367 - 371 - 374 - 375 - 377 - 380 - 381 - 383 - 386 - 387 - 388 - 389 - 391 - 392 - 393 - 399 - 400 - 406 - 407 - 408 - 409 - 413 - 416 - 417 - 420 - 422 - 424 - 426 - 430 - 433 - 435 - 437 - 438 - 439 - 440 - 444 - 445 - 447 - 449 - 450 - 452 - 458 - 461 - 462 - 463 - 466 - 467 - 474 - 478 - 479 - 480 - 483 - 484 - 487 - 489 - 490 - 492 - 493 - 496 - 498,14579993.6,0.1,61462,67370,62.55,Cost: 61462 & Capacity: 67370
0 - 1 - 5 - 8 - 9 - 10 - 12 - 14 - 15 - 16 - 20 - 21 - 22 - 23 - 24 - 27 - 28 - 30 - 32 - 33 - 36 - 40 - 42 - 44 - 45 - 48 - 49 - 55 - 58 - 66 - 67 - 68 - 69 - 71 - 75 - 76 - 77 - 78 - 81 - 84 - 85 - 88 - 89 - 91 - 92 - 94 - 99 - 101 - 102 - 103 - 107 - 110 - 111 - 112 - 113 - 114 - 115 - 117 - 118 - 119 - 127 - 129 - 132 - 135 - 137 - 138 - 139 - 142 - 144 - 145 - 146 - 149 - 150 - 152 - 155 - 156 - 157 - 161 - 163 - 167 - 171 - 172 - 175 - 176 - 178 - 179 - 182 - 183 - 185 - 190 - 191 - 192 - 194 - 196 - 198 - 199 - 200 - 202 - 203 - 205 - 206 - 207 - 208 - 211 - 213 - 214 - 216 - 217 - 219 - 221 - 222 - 223 - 224 - 230 - 231 - 232 - 233 - 235 - 236 - 237 - 240 - 242 - 250 - 251 - 252 - 254 - 257 - 260 - 264 - 266 - 268 - 269 - 270 - 271 - 272 - 274 - 275 - 276 - 281 - 282 - 283 - 284 - 286 - 289 - 290 - 294 - 295 - 298 - 299 - 300 - 301 - 304 - 305 - 306 - 308 - 309 - 310 - 314 - 315 - 317 - 319 - 320 - 323 - 324 - 325 - 326 - 328 - 332 - 338 - 339 - 340 - 342 - 344 - 347 - 356 - 357 - 360 - 361 - 362 - 363 - 365 - 366 - 367 - 371 - 374 - 375 - 377 - 380 - 381 - 383 - 386 - 387 - 388 - 389 - 391 - 392 - 393 - 399 - 400 - 406 - 407 - 408 - 409 - 413 - 416 - 417 - 420 - 422 - 424 - 426 - 430 - 433 - 435 - 437 - 438 - 439 - 440 - 444 - 445 - 447 - 449 - 450 - 452 - 458 - 461 - 462 - 463 - 466 - 467 - 474 - 478 - 479 - 480 - 483 - 484 - 487 - 489 - 490 - 492 - 493 - 496 - 498,14579993.6,0.1,61462,67370,63.07,Cost: 61462 & Capacity: 67370
0 - 1 - 5 - 8 - 9 - 10 - 12 - 14 - 15 - 16 - 20 - 21 - 22 - 23 - 24 - 27 - 28 - 30 - 32 - 33 - 36 - 40 - 42 - 44 - 45 - 48 - 49 - 55 - 58 - 66 - 67 - 68 - 69 - 71 - 75 - 76 - 77 - 78 - 81 - 84 - 85 - 88 - 89 - 91 - 92 - 94 - 99 - 101 - 102 - 103 - 107 - 110 - 111 - 112 - 113 - 114 - 115 - 117 - 118 - 119 - 127 - 129 - 132 - 135 - 137 - 138 - 139 - 142 - 144 - 145 - 146 - 149 - 150 - 152 - 155 - 156 - 157 - 161 - 163 - 164 - 167 - 171 - 172 - 175 - 176 - 179 - 182 - 183 - 185 - 190 - 191 - 192 - 194 - 196 - 198 - 199 - 200 - 202 - 203 - 205 - 206 - 207 - 208 - 211 - 213 - 214 - 216 - 217 - 219 - 221 - 222 - 223 - 224 - 230 - 231 - 232 - 233 - 235 - 236 - 237 - 241 - 242 - 247 - 250 - 251 - 252 - 254 - 257 - 260 - 264 - 266 - 268 - 269 - 270 - 271 - 272 - 274 - 275 - 276 - 281 - 282 - 283 - 284 - 286 - 289 - 290 - 294 - 295 - 298 - 299 - 300 - 301 - 304 - 305 - 306 - 309 - 310 - 314 - 315 - 317 - 319 - 320 - 323 - 324 - 325 - 326 - 328 - 332 - 339 - 340 - 342 - 344 - 347 - 356 - 357 - 360 - 361 - 362 - 363 - 365 - 366 - 367 - 371 - 374 - 375 - 377 - 380 - 381 - 383 - 386 - 387 - 388 - 389 - 391 - 392 - 393 - 399 - 400 - 406 - 407 - 408 - 409 - 413 - 416 - 417 - 420 - 422 - 424 - 430 - 433 - 435 - 437 - 438 - 439 - 440 - 444 - 445 - 447 - 449 - 450 - 452 - 458 - 461 - 462 - 463 - 466 - 467 - 474 - 478 - 479 - 480 - 483 - 484 - 487 - 489 - 490 - 492 - 493 - 496 - 498,14318657.6,0.1,60295,65268,63.02,Cost: 60295 & Capacity: 65268
0 - 1 - 5 - 8 - 9 - 10 - 12 - 14 - 15 - 16 - 20 - 21 - 22 - 23 - 24 - 27 - 28 - 30 - 32 - 33 - 36 - 40 - 42 - 44 - 45 - 48 - 49 - 55 - 58 - 66 - 67 - 68 - 69 - 71 - 75 - 76 - 77 - 78 - 81 - 84 - 85 - 88 - 89 - 91 - 92 - 94 - 99 - 101 - 102 - 103 - 107 - 110 - 111 - 112 - 113 - 114 - 115 - 117 - 118 - 119 - 127 - 129 - 132 - 135 - 137 - 138 - 139 - 142 - 144 - 145 - 146 - 149 - 150 - 152 - 155 - 156 - 157 - 161 - 163 - 167 - 171 - 172 - 175 - 176 - 178 - 179 - 182 - 183 - 185 - 190 - 191 - 192 - 194 - 196 - 198 - 199 - 200 - 202 - 203 - 205 - 206 - 207 - 208 - 211 - 213 - 214 - 216 - 217 - 219 - 221 - 222 - 223 - 224 - 230 - 231 - 232 - 233 - 235 - 236 - 237 - 240 - 242 - 250 - 251 - 252 - 254 - 257 - 260 - 264 - 266 - 268 - 269 - 270 - 271 - 272 - 274 - 275 - 276 - 281 - 282 - 283 - 284 - 286 - 289 - 290 - 294 - 295 - 298 - 299 - 300 - 301 - 304 - 305 - 306 - 308 - 309 - 310 - 314 - 315 - 317 - 319 - 320 - 323 - 324 - 325 - 326 - 328 - 332 - 338 - 339 - 340 - 342 - 344 - 347 - 356 - 357 - 360 - 361 - 362 - 363 - 365 - 366 - 367 - 371 - 374 - 375 - 377 - 380 - 381 - 383 - 386 - 387 - 388 - 389 - 391 - 392 - 393 - 399 - 400 - 406 - 407 - 408 - 409 - 413 - 416 - 417 - 420 - 422 - 424 - 426 - 430 - 433 - 435 - 437 - 438 - 439 - 440 - 444 - 445 - 447 - 449 - 450 - 452 - 458 - 461 - 462 - 463 - 466 - 467 - 474 - 478 - 479 - 480 - 483 - 484 - 487 - 489 - 490 - 492 - 493 - 496 - 498,14579993.6,0.1,61462,67370,63.79,Cost: 61462 & Capacity: 67370
0 - 1 - 2 - 9 - 13 - 20 - 23 - 24 - 27 - 30 - 31 - 33 - 36 - 40 - 41 - 45 - 49 - 50 - 51 - 55 - 58 - 59 - 68 - 69 - 71 - 75 - 77 - 78 - 81 - 84 - 91 - 92 - 99 - 107 - 116 - 118 - 119 - 122 - 127 - 129 - 131 - 135 - 142 - 143 - 152 - 156 - 157 - 162 - 163 - 170 - 171 - 176 - 178 - 179 - 182 - 183 - 190 - 194 - 197 - 198 - 199 - 200 - 201 - 204 - 205 - 207 - 208 - 211 - 213 - 216 - 219 - 221 - 223 - 230 - 231 - 233 - 236 - 239 - 245 - 250 - 251 - 254 - 257 - 260 - 261 - 270 - 271 - 274 - 276 - 281 - 286 - 294 - 296 - 299 - 305 - 308 - 310 - 311 - 313 - 314 - 319 - 324 - 325 - 331 - 335 - 339 - 342 - 345 - 346 - 353 - 357 - 358 - 361 - 362 - 364 - 369 - 377 - 380 - 383 - 386 - 387 - 391 - 393 - 406 - 409 - 410 - 412 - 413 - 416 - 422 - 425 - 433 - 436 - 437 - 438 - 439 - 444 - 445 - 447 - 449 - 450 - 451 - 452 - 453 - 455 - 458 - 464 - 465 - 466 - 472 - 473 - 487 - 490 - 493 - 498,6234758.9,9.8,61424,58018,64.51,Cost: 61424 & Capacity: 58018
0 - 1 - 5 - 8 - 9 - 10 - 12 - 14 - 15 - 16 - 20 - 21 - 22 - 23 - 24 - 27 - 28 - 30 - 32 - 33 - 36 - 40 - 42 - 44 - 45 - 48 - 49 - 55 - 58 - 66 - 67 - 68 - 69 - 71 - 75 - 76 - 77 - 78 - 81 - 84 - 85 - 88 - 89 - 91 - 92 - 94 - 99 - 101 - 102 - 103 - 107 - 110 - 111 - 112 - 113 - 114 - 115 - 117 - 118 - 119 - 127 - 129 - 132 - 135 - 137 - 138 - 139 - 142 - 144 - 145 - 146 - 149 - 150 - 152 - 155 - 156 - 157 - 161 - 163 - 167 - 171 - 172 - 175 - 176 - 178 - 179 - 182 - 183 - 185 - 190 - 191 - 192 - 194 - 196 - 198 - 199 - 200 - 202 - 203 - 205 - 206 - 207 - 208 - 211 - 213 - 214 - 216 - 217 - 219 - 221 - 222 - 223 - 224 - 230 - 231 - 232 - 233 - 235 - 236 - 237 - 240 - 242 - 250 - 251 - 252 - 254 - 257 - 260 - 264 - 266 - 268 - 269 - 270 - 271 - 272 - 274 - 275 - 276 - 281 - 282 - 283 - 284 - 286 - 289 - 290 - 294 - 295 - 298 - 299 - 300 - 301 - 304 - 305 - 306 - 308 - 309 - 310 - 314 - 315 - 317 - 319 - 320 - 323 - 324 - 325 - 326 - 328 - 332 - 338 - 339 - 340 - 342 - 344 - 347 - 356 - 357 - 360 - 361 - 362 - 363 - 365 - 366 - 367 - 371 - 374 - 375 - 377 - 380 - 381 - 383 - 386 - 387 - 388 - 389 - 391 - 392 - 393 - 399 - 400 - 406 - 407 - 408 - 409 - 413 - 416 - 417 - 420 - 422 - 424 - 426 - 430 - 433 - 435 - 437 - 438 - 439 - 440 - 444 - 445 - 447 - 449 - 450 - 452 - 458 - 461 - 462 - 463 - 466 - 467 - 474 - 478 - 479 - 480 - 483 - 484 - 487 - 489 - 490 - 492 - 493 - 496 - 498,14579993.6,0.1,61462,67370,65.19,Cost: 61462 & Capacity: 67370
0 - 1 - 5 - 8 - 9 - 10 - 12 - 14 - 15 - 16 - 20 - 21 - 22 - 23 - 24 - 27 - 28 - 30 - 32 - 33 - 36 - 40 - 42 - 44 - 45 - 48 - 49 - 55 - 58 - 66 - 67 - 68 - 69 - 71 - 75 - 76 - 77 - 78 - 81 - 84 - 85 - 88 - 89 - 91 - 92 - 94 - 99 - 101 - 102 - 103 - 107 - 110 - 111 - 112 - 113 - 114 - 115 - 117 - 118 - 119 - 127 - 129 - 132 - 135 - 137 - 138 - 139 - 142 - 144 - 145 - 146 - 149 - 150 - 152 - 155 - 156 - 157 - 161 - 163 - 167 - 171 - 172 - 175 - 176 - 178 - 179 - 182 - 183 - 185 - 190 - 191 - 192 - 194 - 196 - 198 - 199 - 200 - 202 - 203 - 205 - 206 - 207 - 208 - 211 - 213 - 214 - 216 - 217 - 219 - 221 - 222 - 223 - 224 - 230 - 231 - 232 - 233 - 235 - 236 - 237 - 240 - 242 - 250 - 251 - 252 - 254 - 257 - 260 - 264 - 266 - 268 - 269 - 270 - 271 - 272 - 274 - 275 - 276 - 281 - 282 - 283 - 284 - 286 - 289 - 290 - 294 - 295 - 298 - 299 - 300 - 301 - 304 - 305 - 306 - 308 - 309 - 310 - 314 - 315 - 317 - 319 - 320 - 323 - 324 - 325 - 326 - 328 - 332 - 338 - 339 - 340 - 342 - 344 - 347 - 356 - 357 - 360 - 361 - 362 - 363 - 365 - 366 - 367 - 371 - 374 - 375 - 377 - 380 - 381 - 383 - 386 - 387 - 388 - 389 - 391 - 392 - 393 - 399 - 400 - 406 - 407 - 408 - 409 - 413 - 416 - 417 - 420 - 422 - 424 - 426 - 430 - 433 - 435 - 437 - 438 - 439 - 440 - 444 - 445 - 447 - 449 - 450 - 452 - 458 - 461 - 462 - 463 - 466 - 467 - 474 - 478 - 479 - 480 - 483 - 484 - 487 - 489 - 490 - 492 - 493 - 496 - 498,14579993.6,0.1,61462,67370,65.65,Cost: 61462 & Capacity: 67370
0 - 1 - 5 - 8 - 9 - 10 - 12 - 14 - 15 - 16 - 20 - 21 - 22 - 23 - 24 - 27 - 28 - 30 - 32 - 33 - 36 - 40 - 42 - 44 - 45 - 48 - 49 - 55 - 58 - 66 - 67 - 68 - 69 - 71 - 75 - 76 - 77 - 78 - 81 - 84 - 85 - 88 - 89 - 91 - 92 - 94 - 99 - 101 - 102 - 103 - 107 - 110 - 111 - 112 - 113 - 114 - 115 - 117 - 118 - 119 - 127 - 129 - 132 - 135 - 137 - 138 - 139 - 142 - 144 - 145 - 146 - 149 - 150 - 152 - 155 - 156 - 157 - 161 - 163 - 167 - 171 - 172 - 175 - 176 - 178 - 179 - 182 - 183 - 185 - 190 - 191 - 192 - 194 - 196 - 198 - 199 - 200 - 202 - 203 - 205 - 206 - 207 - 208 - 211 - 213 - 214 - 216 - 217 - 219 - 221 - 222 - 223 - 224 - 230 - 231 - 232 - 233 - 235 - 236 - 237 - 240 - 242 - 250 - 251 - 252 - 254 - 257 - 260 - 264 - 266 - 268 - 269 - 270 - 271 - 272 - 274 - 275 - 276 - 281 - 282 - 283 - 284 - 286 - 289 - 290 - 294 - 295 - 298 - 299 - 300 - 301 - 304 - 305 - 306 - 308 - 309 - 310 - 314 - 315 - 317 - 319 - 320 - 323 - 324 - 325 - 326 - 328 - 332 - 338 - 339 - 340 - 342 - 344 - 347 - 356 - 357 - 360 - 361 - 362 - 363 - 365 - 366 - 367 - 371 - 374 - 375 - 377 - 380 - 381 - 383 - 386 - 387 - 388 - 389 - 391 - 392 - 393 - 399 - 400 - 406 - 407 - 408 - 409 - 413 - 416 - 417 - 420 - 422 - 424 - 426 - 430 - 433 - 435 - 437 - 438 - 439 - 440 - 444 - 445 - 447 - 449 - 450 - 452 - 458 - 461 - 462 - 463 - 466 - 467 - 474 - 478 - 479 - 480 - 483 - 484 - 487 - 489 - 490 - 492 - 493 - 496 - 498,14579993.6,0.1,61462,67370,65.96,Cost: 61462 & Capacity: 67370
1 - 5 - 8 - 9 - 10 - 12 - 14 - 15 - 16 - 20 - 21 - 22 - 23 - 24 - 27 - 28 - 30 - 32 - 36 - 40 - 42 - 44 - 45 - 48 - 49 - 55 - 58 - 66 - 67 - 68 - 69 - 71 - 75 - 76 - 77 - 78 - 81 - 84 - 85 - 88 - 89 - 91 - 92 - 94 - 99 - 101 - 102 - 103 - 107 - 110 - 111 - 112 - 113 - 114 - 115 - 117 - 118 - 119 - 127 - 129 - 132 - 135 - 137 - 138 - 139 - 142 - 144 - 145 - 146 - 149 - 150 - 152 - 155 - 156 - 157 - 161 - 163 - 164 - 167 - 171 - 172 - 175 - 176 - 179 - 182 - 183 - 185 - 190 - 191 - 192 - 194 - 196 - 198 - 199 - 200 - 202 - 203 - 205 - 206 - 207 - 208 - 211 - 213 - 214 - 216 - 217 - 219 - 221 - 222 - 223 - 224 - 230 - 231 - 232 - 233 - 235 - 236 - 237 - 241 - 242 - 250 - 251 - 252 - 254 - 257 - 260 - 264 - 266 - 268 - 269 - 270 - 271 - 272 - 274 - 275 - 276 - 281 - 282 - 283 - 284 - 286 - 289 - 290 - 294 - 295 - 298 - 299 - 300 - 301 - 304 - 305 - 306 - 309 - 310 - 314 - 315 - 317 - 319 - 320 - 323 - 324 - 325 - 326 - 328 - 332 - 339 - 340 - 342 - 344 - 347 - 356 - 357 - 360 - 361 - 362 - 363 - 365 - 366 - 367 - 371 - 374 - 375 - 377 - 380 - 381 - 383 - 386 - 387 - 388 - 389 - 391 - 392 - 393 - 399 - 400 - 406 - 407 - 408 - 409 - 413 - 416 - 417 - 420 - 422 - 424 - 430 - 433 - 437 - 438 - 439 - 440 - 444 - 445 - 447 - 449 - 450 - 452 - 458 - 461 - 462 - 463 - 466 - 467 - 474 - 478 - 479 - 480 - 483 - 484 - 487 - 490 - 492 - 493 - 496 - 498,13717161.6,0.1,57702,62824,65.91,Cost: 57702 & Capacity: 62824
0 - 1 - 5 - 8 - 9 - 10 - 12 - 14 - 15 - 16 - 20 - 24 - 27 - 28 - 30 - 32 - 33 - 39 - 44 - 46 - 47 - 49 - 51 - 57 - 58 - 59 - 64 - 67 - 69 - 75 - 76 - 78 - 81 - 84 - 87 - 91 - 92 - 94 - 101 - 102 - 103 - 107 - 110 - 113 - 115 - 118 - 119 - 120 - 125 - 129 - 130 - 131 - 132 - 135 - 136 - 139 - 142 - 144 - 146 - 148 - 152 - 155 - 157 - 167 - 172 - 175 - 176 - 178 - 179 - 183 - 185 - 190 - 191 - 192 - 194 - 196 - 197 - 198 - 199 - 200 - 202 - 203 - 206 - 207 - 210 - 211 - 213 - 214 - 217 - 219 - 221 - 222 - 223 - 225 - 226 - 230 - 231 - 233 - 236 - 237 - 240 - 242 - 250 - 251 - 254 - 255 - 257 - 258 - 260 - 268 - 270 - 272 - 274 - 275 - 276 - 278 - 281 - 282 - 283 - 284 - 288 - 299 - 300 - 301 - 309 - 310 - 311 - 312 - 313 - 314 - 315 - 319 - 323 - 324 - 325 - 328 - 332 - 334 - 338 - 340 - 344 - 347 - 357 - 360 - 361 - 362 - 363 - 365 - 367 - 373 - 377 - 380 - 383 - 384 - 386 - 387 - 388 - 391 - 393 - 394 - 406 - 407 - 409 - 411 - 413 - 416 - 417 - 420 - 422 - 424 - 425 - 427 - 433 - 438 - 445 - 447 - 449 - 451 - 452 - 453 - 458 - 461 - 462 - 464 - 466 - 468 - 472 - 474 - 475 - 479 - 480 - 484 - 487 - 489 - 490 - 492 - 493 - 494 - 498,9953084.5,4.6,61459,63731,68.39,Cost: 61459 & Capacity: 63731
0 - 1 - 5 - 8 - 9 - 10 - 12 - 14 - 15 - 16 - 20 - 21 - 22 - 23 - 24 - 27 - 28 - 30 - 32 - 36 - 40 - 42 - 44 - 45 - 48 - 49 - 55 - 58 - 66 - 67 - 68 - 69 - 71 - 75 - 76 - 77 - 78 - 81 - 84 - 85 - 88 - 89 - 91 - 92 - 94 - 99 - 101 - 102 - 103 - 107 - 110 - 111 - 112 - 113 - 114 - 115 - 117 - 118 - 119 - 127 - 129 - 132 - 135 - 137 - 138 - 139 - 142 - 144 - 145 - 146 - 149 - 150 - 152 - 155 - 156 - 157 - 161 - 163 - 164 - 167 - 171 - 172 - 175 - 176 - 179 - 182 - 183 - 185 - 190 - 191 - 192 - 194 - 196 - 198 - 199 - 200 - 202 - 203 - 205 - 206 - 207 - 208 - 211 - 213 - 214 - 216 - 217 - 219 - 221 - 222 - 223 - 224 - 230 - 231 - 232 - 233 - 235 - 236 - 237 - 241 - 242 - 250 - 251 - 252 - 254 - 257 - 260 - 264 - 266 - 268 - 269 - 270 - 271 - 272 - 274 - 275 - 276 - 281 - 282 - 283 - 284 - 286 - 289 - 290 - 294 - 295 - 298 - 299 - 300 - 301 - 304 - 305 - 306 - 309 - 310 - 314 - 315 - 317 - 319 - 320 - 323 - 324 - 325 - 326 - 328 - 332 - 339 - 340 - 342 - 344 - 347 - 356 - 357 - 360 - 361 - 362 - 363 - 365 - 366 - 367 - 371 - 374 - 375 - 377 - 380 - 381 - 383 - 386 - 387 - 388 - 389 - 391 - 392 - 393 - 399 - 400 - 406 - 407 - 408 - 409 - 413 - 416 - 417 - 420 - 422 - 424 - 430 - 433 - 437 - 438 - 439 - 440 - 444 - 445 - 447 - 449 - 450 - 452 - 458 - 461 - 462 - 463 - 466 - 467 - 474 - 478 - 479 - 480 - 483 - 484 - 487 - 490 - 492 - 493 - 496 - 498,13843852.4,0.1,58218,63542,68.63,Cost: 58218 & Capacity: 63542
0 - 1 - 5 - 8 - 9 - 10 - 12 - 14 - 15 - 16 - 20 - 21 - 22 - 23 - 24 - 27 - 28 - 30 - 32 - 36 - 40 - 42 - 44 - 45 - 48 - 49 - 55 - 58 - 66 - 67 - 68 - 69 - 71 - 75 - 76 - 77 - 78 - 81 - 84 - 85 - 88 - 89 - 91 - 92 - 94 - 99 - 101 - 102 - 103 - 107 - 110 - 111 - 112 - 113 - 114 - 115 - 117 - 118 - 119 - 127 - 129 - 132 - 135 - 137 - 138 - 139 - 142 - 144 - 145 - 146 - 149 - 150 - 152 - 155 - 156 - 157 - 161 - 163 - 164 - 167 - 171 - 172 - 175 - 176 - 179 - 182 - 183 - 185 - 190 - 191 - 192 - 194 - 196 - 198 - 199 - 200 - 202 - 203 - 205 - 206 - 207 - 208 - 211 - 213 - 214 - 216 - 217 - 219 - 221 - 222 - 223 - 224 - 230 - 231 - 232 - 233 - 235 - 236 - 237 - 241 - 242 - 250 - 251 - 252 - 254 - 257 - 260 - 264 - 266 - 268 - 269 - 270 - 271 - 272 - 274 - 275 - 276 - 281 - 282 - 283 - 284 - 286 - 289 - 290 - 294 - 295 - 298 - 299 - 300 - 301 - 304 - 305 - 306 - 309 - 310 - 314 - 315 - 317 - 319 - 320 - 323 - 324 - 325 - 326 - 328 - 332 - 339 - 340 - 342 - 344 - 347 - 356 - 357 - 360 - 361 - 362 - 363 - 365 - 366 - 367 - 371 - 374 - 375 - 377 - 380 - 381 - 383 - 386 - 387 - 388 - 389 - 391 - 392 - 393 - 399 - 400 - 406 - 407 - 408 - 409 - 413 - 416 - 417 - 420 - 422 - 424 - 430 - 433 - 437 - 438 - 439 - 440 - 444 - 445 - 447 - 449 - 450 - 452 - 458 - 461 - 462 - 463 - 466 - 467 - 474 - 478 - 479 - 480 - 483 - 484 - 487 - 489 - 490 - 492 - 493 - 496 - 498,13958894.2,0.1,58724,63829,68.63,Cost: 58724 & Capacity: 63829
0 - 1 - 5 - 8 - 9 - 10 - 12 - 14 - 15 - 16 - 20 - 21 - 22 - 23 - 24 - 27 - 28 - 30 - 32 - 36 - 40 - 42 - 44 - 45 - 48 - 49 - 55 - 58 - 66 - 67 - 68 - 69 - 71 - 75 - 76 - 77 - 78 - 81 - 84 - 85 - 88 - 89 - 91 - 92 - 94 - 99 - 101 - 102 - 103 - 107 - 110 - 111 - 112 - 113 - 114 - 115 - 117 - 118 - 119 - 127 - 129 - 132 - 135 - 137 - 138 - 139 - 142 - 144 - 145 - 146 - 149 - 150 - 152 - 155 - 156 - 157 - 161 - 163 - 164 - 167 - 171 - 172 - 175 - 176 - 179 - 182 - 183 - 185 - 190 - 191 - 192 - 194 - 196 - 198 - 199 - 200 - 202 - 203 - 205 - 206 - 207 - 208 - 211 - 213 - 214 - 216 - 217 - 219 - 221 - 222 - 223 - 224 - 230 - 231 - 232 - 233 - 235 - 236 - 237 - 241 - 242 - 247 - 250 - 251 - 252 - 254 - 257 - 260 - 264 - 266 - 268 - 269 - 270 - 271 - 272 - 274 - 275 - 276 - 281 - 282 - 283 - 284 - 286 - 289 - 290 - 294 - 295 - 298 - 299 - 300 - 301 - 304 - 305 - 306 - 309 - 310 - 314 - 315 - 317 - 319 - 320 - 323 - 324 - 325 - 326 - 328 - 332 - 339 - 340 - 342 - 344 - 347 - 356 - 357 - 360 - 361 - 362 - 363 - 365 - 366 - 367 - 371 - 374 - 375 - 377 - 380 - 381 - 383 - 386 - 387 - 388 - 389 - 391 - 392 - 393 - 399 - 400 - 406 - 407 - 408 - 409 - 413 - 416 - 417 - 420 - 422 - 424 - 430 - 433 - 437 - 438 - 439 - 440 - 444 - 445 - 447 - 449 - 450 - 452 - 458 - 461 - 462 - 463 - 466 - 467 - 474 - 478 - 479 - 480 - 483 - 484 - 487 - 489 - 490 - 492 - 493 - 496 - 498,14080266.0,0.1,59248,64230,68.63,Cost: 59248 & Capacity: 64230
0 - 1 - 5 - 8 - 9 - 10 - 12 - 14 - 15 - 16 - 20 - 21 - 22 - 23 - 24 - 27 - 28 - 30 - 32 - 33 - 36 - 40 - 42 - 44 - 45 - 48 - 49 - 55 - 58 - 66 - 67 - 68 - 69 - 71 - 75 - 76 - 77 - 78 - 81 - 84 - 85 - 88 - 89 - 91 - 92 - 94 - 99 - 101 - 102 - 103 - 107 - 110 - 111 - 112 - 113 - 114 - 115 - 117 - 118 - 119 - 127 - 129 - 132 - 135 - 137 - 138 - 139 - 142 - 144 - 145 - 146 - 149 - 150 - 152 - 155 - 156 - 157 - 161 - 163 - 164 - 167 - 171 - 172 - 175 - 176 - 179 - 182 - 183 - 185 - 190 - 191 - 192 - 194 - 196 - 198 - 199 - 200 - 202 - 203 - 205 - 206 - 207 - 208 - 211 - 213 - 214 - 216 - 217 - 219 - 221 - 222 - 223 - 224 - 230 - 231 - 232 - 233 - 235 - 236 - 237 - 241 - 242 - 247 - 250 - 251 - 252 - 254 - 257 - 260 - 264 - 266 - 268 - 269 - 270 - 271 - 272 - 274 - 275 - 276 - 281 - 282 - 283 - 284 - 286 - 289 - 290 - 294 - 295 - 298 - 299 - 300 - 301 - 304 - 305 - 306 - 309 - 310 - 314 - 315 - 317 - 319 - 320 - 323 - 324 - 325 - 326 - 328 - 332 - 339 - 340 - 342 - 344 - 347 - 356 - 357 - 360 - 361 - 362 - 363 - 365 - 366 - 367 - 371 - 374 - 375 - 377 - 380 - 381 - 383 - 386 - 387 - 388 - 389 - 391 - 392 - 393 - 399 - 400 - 406 - 407 - 408 - 409 - 413 - 416 - 417 - 420 - 422 - 424 - 430 - 433 - 437 - 438 - 439 - 440 - 444 - 445 - 447 - 449 - 450 - 452 - 458 - 461 - 462 - 463 - 466 - 467 - 474 - 478 - 479 - 480 - 483 - 484 - 487 - 489 - 490 - 492 - 493 - 496 - 498,14195083.3,0.1,59770,64954,68.63,Cost: 59770 & Capacity: 64954
0 - 1 - 5 - 8 - 9 - 10 - 12 - 14 - 15 - 16 - 20 - 21 - 22 - 23 - 24 - 27 - 28 - 30 - 32 - 33 - 36 - 40 - 42 - 44 - 45 - 48 - 49 - 55 - 58 - 66 - 67 - 68 - 69 - 71 - 75 - 76 - 77 - 78 - 81 - 84 - 85 - 88 - 89 - 91 - 92 - 94 - 99 - 101 - 102 - 103 - 107 - 110 - 111 - 112 - 113 - 114 - 115 - 117 - 118 - 119 - 127 - 129 - 132 - 135 - 137 - 138 - 139 - 142 - 144 - 145 - 146 - 149 - 150 - 152 - 155 - 156 - 157 - 161 - 163 - 164 - 167 - 171 - 172 - 175 - 176 - 179 - 182 - 183 - 185 - 190 - 191 - 192 - 194 - 196 - 198 - 199 - 200 - 202 - 203 - 205 - 206 - 207 - 208 - 211 - 213 - 214 - 216 - 217 - 219 - 221 - 222 - 223 - 224 - 230 - 231 - 232 - 233 - 235 - 236 - 237 - 240 - 241 - 242 - 247 - 250 - 251 - 252 - 254 - 257 - 260 - 264 - 266 - 268 - 269 - 270 - 271 - 272 - 274 - 275 - 276 - 281 - 282 - 283 - 284 - 286 - 289 - 290 - 294 - 295 - 298 - 299 - 300 - 301 - 304 - 305 - 306 - 309 - 310 - 314 - 315 - 317 - 319 - 320 - 323 - 324 - 325 - 326 - 328 - 332 - 339 - 340 - 342 - 344 - 347 - 356 - 357 - 360 - 361 - 362 - 363 - 365 - 366 - 367 - 371 - 374 - 375 - 377 - 380 - 381 - 383 - 386 - 387 - 388 - 389 - 391 - 392 - 393 - 399 - 400 - 406 - 407 - 408 - 409 - 413 - 416 - 417 - 420 - 422 - 424 - 430 - 433 - 437 - 438 - 439 - 440 - 444 - 445 - 447 - 449 - 450 - 452 - 458 - 461 - 462 - 463 - 466 - 467 - 474 - 478 - 479 - 480 - 483 - 484 - 487 - 489 - 490 - 492 - 493 - 496 - 498,14319294.0,0.1,60298,65885,68.63,Cost: 60298 & Capacity: 65885
0 - 1 - 5 - 8 - 9 - 10 - 12 - 14 - 15 - 16 - 20 - 21 - 22 - 23 - 24 - 27 - 28 - 30 - 32 - 33 - 36 - 40 - 42 - 44 - 45 - 48 - 49 - 55 - 58 - 66 - 67 - 68 - 69 - 71 - 75 - 76 - 77 - 78 - 81 - 84 - 85 - 88 - 89 - 91 - 92 - 94 - 99 - 101 - 102 - 103 - 107 - 110 - 111 - 112 - 113 - 114 - 115 - 117 - 118 - 119 - 127 - 129 - 132 - 135 - 137 - 138 - 139 - 142 - 144 - 145 - 146 - 149 - 150 - 152 - 155 - 156 - 157 - 161 - 163 - 164 - 167 - 171 - 172 - 175 - 176 - 179 - 182 - 183 - 185 - 190 - 191 - 192 - 194 - 196 - 198 - 199 - 200 - 202 - 203 - 205 - 206 - 207 - 208 - 211 - 213 - 214 - 216 - 217 - 219 - 221 - 222 - 223 - 224 - 230 - 231 - 232 - 233 - 235 - 236 - 237 - 240 - 241 - 242 - 247 - 250 - 251 - 252 - 254 - 257 - 260 - 264 - 266 - 268 - 269 - 270 - 271 - 272 - 274 - 275 - 276 - 281 - 282 - 283 - 284 - 286 - 289 - 290 - 294 - 295 - 298 - 299 - 300 - 301 - 304 - 305 - 306 - 309 - 310 - 314 - 315 - 317 - 319 - 320 - 323 - 324 - 325 - 326 - 328 - 332 - 339 - 340 - 342 - 344 - 347 - 356 - 357 - 360 - 361 - 362 - 363 - 365 - 366 - 367 - 371 - 374 - 375 - 377 - 380 - 381 - 383 - 386 - 387 - 388 - 389 - 391 - 392 - 393 - 399 - 400 - 406 - 407 - 408 - 409 - 413 - 416 - 417 - 420 - 422 - 424 - 430 - 433 - 435 - 437 - 438 - 439 - 440 - 444 - 445 - 447 - 449 - 450 - 452 - 458 - 461 - 462 - 463 - 466 - 467 - 474 - 478 - 479 - 480 - 483 - 484 - 487 - 489 - 490 - 492 - 493 - 496 - 498,14442926.6,0.1,60823,66199,68.63,Cost: 60823 & Capacity: 66199
0 - 1 - 5 - 8 - 9 - 10 - 12 - 14 - 15 - 16 - 20 - 21 - 22 - 23 - 24 - 27 - 28 - 30 - 32 - 33 - 36 - 40 - 42 - 44 - 45 - 48 - 49 - 55 - 58 - 66 - 67 - 68 - 69 - 71 - 75 - 76 - 77 - 78 - 81 - 84 - 85 - 87 - 88 - 89 - 91 - 92 - 94 - 99 - 101 - 102 - 103 - 107 - 110 - 111 - 112 - 113 - 114 - 115 - 117 - 118 - 119 - 127 - 129 - 132 - 135 - 137 - 138 - 139 - 142 - 144 - 145 - 146 - 149 - 150 - 152 - 155 - 156 - 157 - 161 - 163 - 164 - 167 - 171 - 172 - 175 - 176 - 179 - 182 - 183 - 185 - 190 - 191 - 192 - 194 - 196 - 198 - 199 - 200 - 202 - 203 - 205 - 206 - 207 - 208 - 211 - 213 - 214 - 216 - 217 - 219 - 221 - 222 - 223 - 224 - 230 - 231 - 232 - 233 - 235 - 236 - 237 - 241 - 242 - 247 - 250 - 251 - 252 - 254 - 257 - 260 - 264 - 266 - 268 - 269 - 270 - 271 - 272 - 274 - 275 - 276 - 281 - 282 - 283 - 284 - 286 - 289 - 290 - 294 - 295 - 298 - 299 - 300 - 301 - 304 - 305 - 306 - 308 - 309 - 310 - 314 - 315 - 317 - 319 - 320 - 323 - 324 - 325 - 326 - 328 - 332 - 339 - 340 - 342 - 344 - 347 - 356 - 357 - 360 - 361 - 362 - 363 - 365 - 366 - 367 - 371 - 374 - 375 - 377 - 380 - 381 - 383 - 386 - 387 - 388 - 389 - 391 - 392 - 393 - 399 - 400 - 406 - 407 - 408 - 409 - 413 - 416 - 417 - 420 - 422 - 424 - 430 - 433 - 435 - 437 - 438 - 439 - 440 - 444 - 445 - 447 - 449 - 450 - 452 - 458 - 461 - 462 - 463 - 466 - 467 - 474 - 478 - 479 - 480 - 483 - 484 - 487 - 489 - 490 - 492 - 493 - 496 - 498,14574336.8,0.1,61469,66717,68.72,Cost: 61469 & Capacity: 66717
0 - 1 - 5 - 8 - 9 - 10 - 12 - 14 - 15 - 16 - 20 - 21 - 22 - 23 - 24 - 27 - 28 - 30 - 32 - 33 - 36 - 40 - 42 - 44 - 45 - 48 - 49 - 55 - 58 - 66 - 67 - 68 - 69 - 71 - 75 - 76 - 77 - 78 - 81 - 84 - 85 - 88 - 89 - 91 - 92 - 94 - 99 - 101 - 102 - 103 - 107 - 110 - 111 - 112 - 113 - 114 - 115 - 117 - 118 - 119 - 127 - 129 - 132 - 135 - 137 - 138 - 139 - 142 - 144 - 145 - 146 - 149 - 150 - 152 - 155 - 156 - 157 - 161 - 163 - 167 - 171 - 172 - 175 - 176 - 178 - 179 - 182 - 183 - 185 - 190 - 191 - 192 - 194 - 196 - 198 - 199 - 200 - 202 - 203 - 205 - 206 - 207 - 208 - 211 - 213 - 214 - 216 - 217 - 219 - 221 - 222 - 223 - 224 - 230 - 231 - 232 - 233 - 235 - 236 - 237 - 240 - 242 - 250 - 251 - 252 - 254 - 257 - 260 - 264 - 266 - 268 - 269 - 270 - 271 - 272 - 274 - 275 - 276 - 281 - 282 - 283 - 284 - 286 - 289 - 290 - 294 - 295 - 298 - 299 - 300 - 301 - 304 - 305 - 306 - 308 - 309 - 310 - 314 - 315 - 317 - 319 - 320 - 323 - 324 - 325 - 326 - 328 - 332 - 338 - 339 - 340 - 342 - 344 - 347 - 356 - 357 - 360 - 361 - 362 - 363 - 365 - 366 - 367 - 371 - 374 - 375 - 377 - 380 - 381 - 383 - 386 - 387 - 388 - 389 - 391 - 392 - 393 - 399 - 400 - 406 - 407 - 408 - 409 - 413 - 416 - 417 - 420 - 422 - 424 - 426 - 430 - 433 - 435 - 437 - 438 - 439 - 440 - 444 - 445 - 447 - 449 - 450 - 452 - 458 - 461 - 462 - 463 - 466 - 467 - 474 - 478 - 479 - 480 - 483 - 484 - 487 - 489 - 490 - 492 - 493 - 496 - 498,14579993.6,0.1,61462,67370,69.13,Cost: 61462 & Capacity: 67370
0 - 1 - 5 - 8 - 9 - 10 - 12 - 14 - 15 - 16 - 20 - 21 - 22 - 23 - 24 - 27 - 28 - 30 - 32 - 33 - 36 - 40 - 42 - 44 - 45 - 48 - 49 - 55 - 58 - 66 - 67 - 68 - 69 - 71 - 75 - 76 - 77 - 78 - 81 - 84 - 85 - 88 - 89 - 91 - 92 - 94 - 99 - 101 - 102 - 103 - 107 - 110 - 111 - 112 - 113 - 114 - 115 - 117 - 118 - 119 - 127 - 129 - 132 - 135 - 137 - 138 - 139 - 142 - 144 - 145 - 146 - 149 - 150 - 152 - 155 - 156 - 157 - 161 - 163 - 167 - 171 - 172 - 175 - 176 - 178 - 179 - 182 - 183 - 185 - 190 - 191 - 192 - 194 - 196 - 198 - 199 - 200 - 202 - 203 - 205 - 206 - 207 - 208 - 211 - 213 - 214 - 216 - 217 - 219 - 221 - 222 - 223 - 224 - 230 - 231 - 232 - 233 - 235 - 236 - 237 - 240 - 242 - 250 - 251 - 252 - 254 - 257 - 260 - 264 - 266 - 268 - 269 - 270 - 271 - 272 - 274 - 275 - 276 - 281 - 282 - 283 - 284 - 286 - 289 - 290 - 294 - 295 - 298 - 299 - 300 - 301 - 304 - 305 - 306 - 308 - 309 - 310 - 314 - 315 - 317 - 319 - 320 - 323 - 324 - 325 - 326 - 328 - 332 - 338 - 339 - 340 - 342 - 344 - 347 - 356 - 357 - 360 - 361 - 362 - 363 - 365 - 366 - 367 - 371 - 374 - 375 - 377 - 380 - 381 - 383 - 386 - 387 - 388 - 389 - 391 - 392 - 393 - 399 - 400 - 406 - 407 - 408 - 409 - 413 - 416 - 417 - 420 - 422 - 424 - 426 - 430 - 433 - 435 - 437 - 438 - 439 - 440 - 444 - 445 - 447 - 449 - 450 - 452 - 458 - 461 - 462 - 463 - 466 - 467 - 474 - 478 - 479 - 480 - 483 - 484 - 487 - 489 - 490 - 492 - 493 - 496 - 498,14579993.6,0.1,61462,67370,71.12,Cost: 61462 & Capacity: 67370
0 - 1 - 5 - 8 - 9 - 10 - 12 - 14 - 15 - 16 - 20 - 21 - 22 - 23 - 24 - 27 - 28 - 30 - 32 - 33 - 36 - 40 - 42 - 44 - 45 - 48 - 49 - 55 - 58 - 66 - 67 - 68 - 69 - 71 - 75 - 76 - 77 - 78 - 81 - 84 - 85 - 88 - 89 - 91 - 92 - 94 - 99 - 101 - 102 - 103 - 107 - 110 - 111 - 112 - 113 - 114 - 115 - 117 - 118 - 119 - 127 - 129 - 132 - 135 - 137 - 138 - 139 - 142 - 144 - 145 - 146 - 149 - 150 - 152 - 155 - 156 - 157 - 161 - 163 - 167 - 171 - 172 - 175 - 176 - 178 - 179 - 182 - 183 - 185 - 190 - 191 - 192 - 194 - 196 - 198 - 199 - 200 - 202 - 203 - 205 - 206 - 207 - 208 - 211 - 213 - 214 - 216 - 217 - 219 - 221 - 222 - 223 - 224 - 230 - 231 - 232 - 233 - 235 - 236 - 237 - 240 - 242 - 250 - 251 - 252 - 254 - 257 - 260 - 264 - 266 - 268 - 269 - 270 - 271 - 272 - 274 - 275 - 276 - 281 - 282 - 283 - 284 - 286 - 289 - 290 - 294 - 295 - 298 - 299 - 300 - 301 - 304 - 305 - 306 - 308 - 309 - 310 - 314 - 315 - 317 - 319 - 320 - 323 - 324 - 325 - 326 - 328 - 332 - 338 - 339 - 340 - 342 - 344 - 347 - 356 - 357 - 360 - 361 - 362 - 363 - 365 - 366 - 367 - 371 - 374 - 375 - 377 - 380 - 381 - 383 - 386 - 387 - 388 - 389 - 391 - 392 - 393 - 399 - 400 - 406 - 407 - 408 - 409 - 413 - 416 - 417 - 420 - 422 - 424 - 426 - 430 - 433 - 435 - 437 - 438 - 439 - 440 - 444 - 445 - 447 - 449 - 450 - 452 - 458 - 461 - 462 - 463 - 466 - 467 - 474 - 478 - 479 - 480 - 483 - 484 - 487 - 489 - 490 - 492 - 493 - 496 - 498,14579993.6,0.1,61462,67370,72.07,Cost: 61462 & Capacity: 67370
0 - 1 - 5 - 8 - 9 - 10 - 12 - 14 - 15 - 16 - 20 - 21 - 22 - 23 - 24 - 27 - 28 - 30 - 32 - 33 - 36 - 40 - 42 - 44 - 45 - 48 - 49 - 55 - 58 - 66 - 67 - 68 - 69 - 71 - 75 - 76 - 77 - 78 - 81 - 84 - 85 - 88 - 89 - 91 - 92 - 94 - 99 - 101 - 102 - 103 - 107 - 110 - 111 - 112 - 113 - 114 - 115 - 117 - 118 - 119 - 127 - 129 - 132 - 135 - 137 - 138 - 139 - 142 - 144 - 145 - 146 - 149 - 150 - 152 - 155 - 156 - 157 - 161 - 163 - 164 - 167 - 171 - 172 - 175 - 176 - 179 - 182 - 183 - 185 - 190 - 191 - 192 - 194 - 196 - 198 - 199 - 200 - 202 - 203 - 205 - 206 - 207 - 208 - 211 - 213 - 214 - 216 - 217 - 219 - 221 - 222 - 223 - 224 - 230 - 231 - 232 - 233 - 235 - 236 - 237 - 241 - 242 - 250 - 251 - 252 - 254 - 257 - 260 - 264 - 266 - 268 - 269 - 270 - 271 - 272 - 274 - 275 - 276 - 281 - 282 - 283 - 284 - 286 - 289 - 290 - 294 - 295 - 298 - 299 - 300 - 301 - 304 - 305 - 306 - 309 - 310 - 314 - 315 - 317 - 319 - 320 - 323 - 324 - 325 - 326 - 328 - 332 - 339 - 340 - 342 - 344 - 347 - 356 - 357 - 360 - 361 - 362 - 363 - 365 - 366 - 367 - 371 - 374 - 375 - 377 - 380 - 381 - 383 - 386 - 387 - 388 - 389 - 391 - 392 - 393 - 399 - 400 - 406 - 407 - 408 - 409 - 413 - 416 - 417 - 420 - 422 - 424 - 430 - 433 - 437 - 438 - 439 - 440 - 444 - 445 - 447 - 449 - 450 - 452 - 458 - 461 - 462 - 463 - 466 - 467 - 474 - 478 - 479 - 480 - 483 - 484 - 487 - 489 - 490 - 492 - 493 - 496 - 498,14073330.4,0.1,59246,64553,72.02,Cost: 59246 & Capacity: 64553
0 - 1 - 5 - 8 - 9 - 10 - 12 - 14 - 15 - 16 - 20 - 21 - 22 - 23 - 24 - 27 - 28 - 30 - 32 - 33 - 36 - 40 - 42 - 44 - 45 - 48 - 49 - 55 - 58 - 66 - 67 - 68 - 69 - 71 - 75 - 76 - 77 - 78 - 81 - 84 - 85 - 88 - 89 - 91 - 92 - 94 - 99 - 101 - 102 - 103 - 107 - 110 - 111 - 112 - 113 - 114 - 115 - 117 - 118 - 119 - 127 - 129 - 132 - 135 - 137 - 138 - 139 - 142 - 144 - 145 - 146 - 149 - 150 - 152 - 155 - 156 - 157 - 161 - 163 - 164 - 167 - 171 - 172 - 175 - 176 - 179 - 182 - 183 - 185 - 190 - 191 - 192 - 194 - 196 - 198 - 199 - 200 - 202 - 203 - 205 - 206 - 207 - 208 - 211 - 213 - 214 - 216 - 217 - 219 - 221 - 222 - 223 - 224 - 230 - 231 - 232 - 233 - 235 - 236 - 237 - 241 - 242 - 247 - 250 - 251 - 252 - 254 - 257 - 260 - 264 - 266 - 268 - 269 - 270 - 271 - 272 - 274 - 275 - 276 - 281 - 282 - 283 - 284 - 286 - 289 - 290 - 294 - 295 - 298 - 299 - 300 - 301 - 304 - 305 - 306 - 309 - 310 - 314 - 315 - 317 - 319 - 320 - 323 - 324 - 325 - 326 - 328 - 332 - 339 - 340 - 342 - 344 - 347 - 356 - 357 - 360 - 361 - 362 - 363 - 365 - 366 - 367 - 371 - 374 - 375 - 377 - 380 - 381 - 383 - 386 - 387 - 388 - 389 - 391 - 392 - 393 - 399 - 400 - 406 - 407 - 408 - 409 - 413 - 416 - 417 - 420 - 422 - 424 - 430 - 433 - 435 - 437 - 438 - 439 - 440 - 444 - 445 - 447 - 449 - 450 - 452 - 458 - 461 - 462 - 463 - 466 - 467 - 474 - 478 - 479 - 480 - 483 - 484 - 487 - 489 - 490 - 492 - 493 - 496 - 498,14318657.6,0.1,60295,65268,72.02,Cost: 60295 & Capacity: 65268
0 - 1 - 5 - 8 - 9 - 10 - 12 - 14 - 15 - 16 - 20 - 21 - 22 - 23 - 24 - 27 - 28 - 30 - 32 - 33 - 36 - 40 - 42 - 44 - 45 - 48 - 49 - 55 - 58 - 66 - 67 - 68 - 69 - 71 - 75 - 76 - 77 - 78 - 81 - 84 - 85 - 88 - 89 - 91 - 92 - 94 - 99 - 101 - 102 - 103 - 107 - 110 - 111 - 112 - 113 - 114 - 115 - 117 - 118 - 119 - 127 - 129 - 132 - 135 - 137 - 138 - 139 - 142 - 144 - 145 - 146 - 149 - 150 - 152 - 155 - 156 - 157 - 161 - 163 - 164 - 167 - 171 - 172 - 175 - 176 - 179 - 182 - 183 - 185 - 190 - 191 - 192 - 194 - 196 - 198 - 199 - 200 - 202 - 203 - 205 - 206 - 207 - 208 - 211 - 213 - 214 - 216 - 217 - 219 - 221 - 222 - 223 - 224 - 230 - 231 - 232 - 233 - 235 - 236 - 237 - 240 - 241 - 242 - 247 - 250 - 251 - 252 - 254 - 257 - 260 - 264 - 266 - 268 - 269 - 270 - 271 - 272 - 274 - 275 - 276 - 281 - 282 - 283 - 284 - 286 - 289 - 290 - 294 - 295 - 298 - 299 - 300 - 301 - 304 - 305 - 306 - 309 - 310 - 314 - 315 - 317 - 319 - 320 - 323 - 324 - 325 - 326 - 328 - 332 - 339 - 340 - 342 - 344 - 347 - 356 - 357 - 360 - 361 - 362 - 363 - 365 - 366 - 367 - 371 - 374 - 375 - 377 - 380 - 381 - 383 - 386 - 387 - 388 - 389 - 391 - 392 - 393 - 399 - 400 - 406 - 407 - 408 - 409 - 413 - 416 - 417 - 420 - 422 - 424 - 430 - 433 - 435 - 437 - 438 - 439 - 440 - 444 - 445 - 447 - 449 - 450 - 452 - 458 - 461 - 462 - 463 - 466 - 467 - 474 - 478 - 479 - 480 - 483 - 484 - 487 - 489 - 490 - 492 - 493 - 496 - 498,14442926.6,0.1,60823,66199,72.02,Cost: 60823 & Capacity: 66199
0 - 1 - 5 - 8 - 9 - 10 - 12 - 14 - 15 - 16 - 20 - 21 - 22 - 23 - 24 - 27 - 28 - 30 - 32 - 33 - 36 - 40 - 42 - 44 - 45 - 48 - 49 - 55 - 58 - 66 - 67 - 68 - 69 - 71 - 75 - 76 - 77 - 78 - 81 - 84 - 85 - 88 - 89 - 91 - 92 - 94 - 99 - 101 - 102 - 103 - 107 - 110 - 111 - 112 - 113 - 114 - 115 - 117 - 118 - 119 - 127 - 129 - 132 - 135 - 137 - 138 - 139 - 142 - 144 - 145 - 146 - 149 - 150 - 152 - 155 - 156 - 157 - 161 - 163 - 164 - 167 - 171 - 172 - 175 - 176 - 178 - 179 - 182 - 183 - 185 - 190 - 191 - 192 - 194 - 196 - 198 - 199 - 200 - 202 - 203 - 205 - 206 - 207 - 208 - 211 - 213 - 214 - 216 - 217 - 219 - 221 - 222 - 223 - 224 - 230 - 231 - 232 - 233 - 235 - 236 - 237 - 240 - 241 - 242 - 247 - 250 - 251 - 252 - 254 - 257 - 260 - 264 - 266 - 268 - 269 - 270 - 271 - 272 - 274 - 275 - 276 - 281 - 282 - 283 - 284 - 286 - 289 - 290 - 294 - 295 - 298 - 299 - 300 - 301 - 304 - 305 - 306 - 309 - 310 - 314 - 315 - 317 - 319 - 320 - 323 - 324 - 325 - 326 - 328 - 332 - 339 - 340 - 342 - 344 - 347 - 356 - 357 - 360 - 361 - 362 - 363 - 365 - 366 - 367 - 371 - 374 - 375 - 377 - 380 - 381 - 383 - 386 - 387 - 388 - 389 - 391 - 392 - 393 - 399 - 400 - 406 - 407 - 408 - 409 - 413 - 416 - 417 - 420 - 422 - 424 - 426 - 433 - 435 - 437 - 438 - 439 - 440 - 444 - 445 - 447 - 449 - 450 - 452 - 458 - 461 - 462 - 463 - 466 - 467 - 474 - 478 - 479 - 480 - 483 - 484 - 487 - 489 - 490 - 492 - 493 - 496 - 498,14578636.7,0.1,61473,67063,72.1,Cost: 61473 & Capacity: 67063
1 - 5 - 8 - 9 - 10 - 12 - 14 - 15 - 16 - 20 - 21 - 22 - 23 - 24 - 27 - 28 - 30 - 32 - 36 - 40 - 42 - 44 - 45 - 48 - 49 - 55 - 58 - 66 - 67 - 68 - 69 - 71 - 75 - 76 - 77 - 78 - 81 - 84 - 85 - 88 - 89 - 91 - 92 - 94 - 99 - 101 - 102 - 103 - 107 - 110 - 111 - 112 - 113 - 114 - 115 - 117 - 118 - 119 - 127 - 129 - 132 - 135 - 137 - 138 - 139 - 142 - 144 - 145 - 146 - 149 - 150 - 152 - 155 - 156 - 157 - 161 - 163 - 164 - 167 - 171 - 172 - 175 - 176 - 179 - 182 - 183 - 185 - 190 - 191 - 192 - 194 - 196 - 198 - 199 - 200 - 202 - 203 - 205 - 206 - 207 - 208 - 211 - 213 - 214 - 216 - 217 - 219 - 221 - 222 - 223 - 224 - 230 - 231 - 232 - 233 - 235 - 236 - 237 - 241 - 242 - 250 - 251 - 252 - 254 - 257 - 260 - 264 - 266 - 268 - 269 - 270 - 271 - 272 - 274 - 275 - 276 - 281 - 282 - 283 - 284 - 286 - 289 - 290 - 294 - 295 - 298 - 299 - 300 - 301 - 304 - 305 - 306 - 309 - 310 - 314 - 315 - 317 - 319 - 320 - 323 - 324 - 325 - 326 - 328 - 332 - 339 - 340 - 342 - 344 - 347 - 356 - 357 - 360 - 361 - 362 - 363 - 365 - 366 - 367 - 371 - 374 - 375 - 377 - 380 - 381 - 383 - 386 - 387 - 388 - 389 - 391 - 392 - 393 - 399 - 400 - 406 - 407 - 408 - 409 - 413 - 416 - 417 - 420 - 422 - 424 - 430 - 433 - 437 - 438 - 439 - 440 - 444 - 445 - 447 - 449 - 450 - 452 - 458 - 461 - 462 - 463 - 466 - 467 - 474 - 478 - 479 - 480 - 483 - 484 - 487 - 490 - 492 - 493 - 496 - 498,13717161.6,0.1,57702,62824,72.27,Cost: 57702 & Capacity: 62824
0 - 1 - 5 - 8 - 9 - 10 - 12 - 14 - 15 - 16 - 20 - 21 - 22 - 23 - 24 - 27 - 28 - 30 - 32 - 33 - 36 - 40 - 42 - 44 - 45 - 48 - 49 - 55 - 58 - 66 - 67 - 68 - 69 - 71 - 75 - 76 - 77 - 78 - 81 - 84 - 85 - 88 - 89 - 91 - 92 - 94 - 99 - 101 - 102 - 103 - 107 - 110 - 111 - 112 - 113 - 114 - 115 - 117 - 118 - 119 - 127 - 129 - 132 - 135 - 137 - 138 - 139 - 142 - 144 - 145 - 146 - 149 - 150 - 152 - 155 - 156 - 157 - 161 - 163 - 167 - 171 - 172 - 175 - 176 - 178 - 179 - 182 - 183 - 185 - 190 - 191 - 192 - 194 - 196 - 198 - 199 - 200 - 202 - 203 - 205 - 206 - 207 - 208 - 211 - 213 - 214 - 216 - 217 - 219 - 221 - 222 - 223 - 224 - 230 - 231 - 232 - 233 - 235 - 236 - 237 - 240 - 242 - 250 - 251 - 252 - 254 - 257 - 260 - 264 - 266 - 268 - 269 - 270 - 271 - 272 - 274 - 275 - 276 - 281 - 282 - 283 - 284 - 286 - 289 - 290 - 294 - 295 - 298 - 299 - 300 - 301 - 304 - 305 - 306 - 308 - 309 - 310 - 314 - 315 - 317 - 319 - 320 - 323 - 324 - 325 - 326 - 328 - 332 - 338 - 339 - 340 - 342 - 344 - 347 - 356 - 357 - 360 - 361 - 362 - 363 - 365 - 366 - 367 - 371 - 374 - 375 - 377 - 380 - 381 - 383 - 386 - 387 - 388 - 389 - 391 - 392 - 393 - 399 - 400 - 406 - 407 - 408 - 409 - 413 - 416 - 417 - 420 - 422 - 424 - 426 - 430 - 433 - 435 - 437 - 438 - 439 - 440 - 444 - 445 - 447 - 449 - 450 - 452 - 458 - 461 - 462 - 463 - 466 - 467 - 474 - 478 - 479 - 480 - 483 - 484 - 487 - 489 - 490 - 492 - 493 - 496 - 498,14579993.6,0.1,61462,67370,72.39,Cost: 61462 & Capacity: 67370
0 - 1 - 5 - 8 - 9 - 10 - 12 - 14 - 15 - 16 - 20 - 21 - 22 - 23 - 24 - 27 - 28 - 30 - 32 - 33 - 36 - 40 - 42 - 44 - 45 - 48 - 49 - 55 - 58 - 66 - 67 - 68 - 69 - 71 - 75 - 76 - 77 - 78 - 81 - 84 - 85 - 88 - 89 - 91 - 92 - 94 - 99 - 101 - 102 - 103 - 107 - 110 - 111 - 112 - 113 - 114 - 115 - 117 - 118 - 119 - 127 - 129 - 132 - 135 - 137 - 138 - 139 - 142 - 144 - 145 - 146 - 149 - 150 - 152 - 155 - 156 - 157 - 161 - 163 - 167 - 171 - 172 - 175 - 176 - 178 - 179 - 182 - 183 - 185 - 190 - 191 - 192 - 194 - 196 - 198 - 199 - 200 - 202 - 203 - 205 - 206 - 207 - 208 - 211 - 213 - 214 - 216 - 217 - 219 - 221 - 222 - 223 - 224 - 230 - 231 - 232 - 233 - 235 - 236 - 237 - 240 - 242 - 250 - 251 - 252 - 254 - 257 - 260 - 264 - 266 - 268 - 269 - 270 - 271 - 272 - 274 - 275 - 276 - 281 - 282 - 283 - 284 - 286 - 289 - 290 - 294 - 295 - 298 - 299 - 300 - 301 - 304 - 305 - 306 - 308 - 309 - 310 - 314 - 315 - 317 - 319 - 320 - 323 - 324 - 325 - 326 - 328 - 332 - 338 - 339 - 340 - 342 - 344 - 347 - 356 - 357 - 360 - 361 - 362 - 363 - 365 - 366 - 367 - 371 - 374 - 375 - 377 - 380 - 381 - 383 - 386 - 387 - 388 - 389 - 391 - 392 - 393 - 399 - 400 - 406 - 407 - 408 - 409 - 413 - 416 - 417 - 420 - 422 - 424 - 426 - 430 - 433 - 435 - 437 - 438 - 439 - 440 - 444 - 445 - 447 - 449 - 450 - 452 - 458 - 461 - 462 - 463 - 466 - 467 - 474 - 478 - 479 - 480 - 483 - 484 - 487 - 489 - 490 - 492 - 493 - 496 - 498,14579993.6,0.1,61462,67370,73.64,Cost: 61462 & Capacity: 67370
0 - 1 - 5 - 8 - 9 - 10 - 12 - 14 - 15 - 16 - 20 - 21 - 22 - 23 - 24 - 27 - 28 - 30 - 32 - 33 - 36 - 40 - 42 - 44 - 45 - 48 - 49 - 55 - 58 - 66 - 67 - 68 - 69 - 71 - 75 - 76 - 77 - 78 - 81 - 84 - 85 - 88 - 89 - 91 - 92 - 94 - 99 - 101 - 102 - 103 - 107 - 110 - 111 - 112 - 113 - 114 - 115 - 117 - 118 - 119 - 127 - 129 - 132 - 135 - 137 - 138 - 139 - 142 - 144 - 145 - 146 - 149 - 150 - 152 - 155 - 156 - 157 - 161 - 163 - 167 - 171 - 172 - 175 - 176 - 178 - 179 - 182 - 183 - 185 - 190 - 191 - 192 - 194 - 196 - 198 - 199 - 200 - 202 - 203 - 205 - 206 - 207 - 208 - 211 - 213 - 214 - 216 - 217 - 219 - 221 - 222 - 223 - 224 - 230 - 231 - 232 - 233 - 235 - 236 - 237 - 240 - 242 - 250 - 251 - 252 - 254 - 257 - 260 - 264 - 266 - 268 - 269 - 270 - 271 - 272 - 274 - 275 - 276 - 281 - 282 - 283 - 284 - 286 - 289 - 290 - 294 - 295 - 298 - 299 - 300 - 301 - 304 - 305 - 306 - 308 - 309 - 310 - 314 - 315 - 317 - 319 - 320 - 323 - 324 - 325 - 326 - 328 - 332 - 338 - 339 - 340 - 342 - 344 - 347 - 356 - 357 - 360 - 361 - 362 - 363 - 365 - 366 - 367 - 371 - 374 - 375 - 377 - 380 - 381 - 383 - 386 - 387 - 388 - 389 - 391 - 392 - 393 - 399 - 400 - 406 - 407 - 408 - 409 - 413 - 416 - 417 - 420 - 422 - 424 - 426 - 430 - 433 - 435 - 437 - 438 - 439 - 440 - 444 - 445 - 447 - 449 - 450 - 452 - 458 - 461 - 462 - 463 - 466 - 467 - 474 - 478 - 479 - 480 - 483 - 484 - 487 - 489 - 490 - 492 - 493 - 496 - 498,14579993.6,0.1,61462,67370,73.92,Cost: 61462 & Capacity: 67370
