Nodes,MaxSum,MaxMin,Cost,Capacity,Time,Constraint values
0 - 1 - 3 - 4 - 7 - 8 - 20 - 22 - 25 - 26 - 27 - 31 - 32 - 36 - 39 - 40 - 43 - 45 - 47 - 49 - 50 - 52 - 53 - 56 - 58 - 64 - 69 - 71 - 75 - 76 - 85 - 86 - 98 - 100 - 101 - 102 - 104 - 116 - 121 - 126 - 137 - 138 - 142 - 146 - 147 - 148 - 150 - 152 - 153 - 159 - 163 - 165 - 166 - 167 - 172 - 173 - 175 - 176 - 185 - 186 - 201 - 206 - 207 - 208 - 220 - 221 - 224 - 226 - 227 - 229 - 232 - 241 - 242 - 252 - 255 - 260 - 266 - 272 - 273 - 275 - 276 - 277 - 287 - 291 - 295 - 297 - 303 - 304 - 306 - 307 - 309 - 310 - 314 - 319 - 322 - 326 - 328 - 329 - 330 - 331 - 332 - 333 - 338 - 349 - 352 - 356 - 360 - 368 - 373 - 374 - 376 - 377 - 383 - 388 - 389 - 391 - 392 - 394 - 400 - 403 - 408 - 410 - 414 - 416 - 417 - 418 - 419 - 421 - 422 - 427 - 431 - 437 - 438 - 445 - 448 - 449 - 452 - 459 - 462 - 463 - 466 - 473 - 474 - 478 - 480 - 481 - 482 - 488 - 489 - 492 - 493 - 495 - 496 - 498,165810.3,7.8,92422,76774,13.11,Cost: 92422 & Capacity: 76774
1 - 4 - 7 - 8 - 9 - 11 - 20 - 25 - 28 - 29 - 30 - 31 - 32 - 36 - 40 - 42 - 43 - 45 - 50 - 51 - 52 - 53 - 54 - 56 - 58 - 60 - 64 - 66 - 67 - 69 - 72 - 75 - 76 - 79 - 81 - 82 - 84 - 88 - 89 - 96 - 98 - 99 - 102 - 104 - 115 - 116 - 117 - 123 - 126 - 132 - 135 - 136 - 137 - 141 - 142 - 148 - 150 - 153 - 155 - 156 - 157 - 158 - 163 - 167 - 172 - 176 - 177 - 183 - 185 - 186 - 190 - 196 - 201 - 205 - 206 - 207 - 208 - 211 - 214 - 220 - 221 - 224 - 225 - 229 - 233 - 241 - 250 - 255 - 264 - 266 - 268 - 269 - 272 - 276 - 281 - 282 - 286 - 287 - 291 - 303 - 309 - 312 - 321 - 322 - 326 - 329 - 330 - 335 - 336 - 350 - 352 - 353 - 359 - 360 - 365 - 368 - 370 - 373 - 374 - 376 - 384 - 385 - 391 - 392 - 393 - 394 - 399 - 400 - 403 - 405 - 408 - 410 - 415 - 416 - 417 - 418 - 419 - 420 - 421 - 422 - 427 - 431 - 437 - 438 - 441 - 443 - 445 - 446 - 448 - 449 - 452 - 454 - 458 - 459 - 461 - 462 - 463 - 464 - 466 - 473 - 474 - 478 - 480 - 482 - 486 - 488 - 489 - 492 - 498,198000.1,7.5,96378,82728,29.43,Cost: 96378 & Capacity: 82728
1 - 19 - 20 - 22 - 25 - 26 - 29 - 31 - 32 - 36 - 38 - 43 - 45 - 47 - 50 - 52 - 53 - 56 - 59 - 60 - 62 - 67 - 69 - 71 - 75 - 79 - 83 - 84 - 86 - 90 - 98 - 101 - 102 - 104 - 108 - 115 - 116 - 118 - 123 - 130 - 132 - 137 - 138 - 142 - 146 - 147 - 148 - 150 - 155 - 156 - 157 - 162 - 163 - 167 - 173 - 174 - 185 - 186 - 193 - 194 - 197 - 206 - 208 - 214 - 220 - 221 - 224 - 233 - 241 - 250 - 262 - 266 - 272 - 276 - 286 - 287 - 291 - 304 - 306 - 309 - 310 - 319 - 321 - 322 - 326 - 329 - 330 - 331 - 335 - 345 - 350 - 352 - 353 - 356 - 357 - 360 - 370 - 374 - 376 - 377 - 388 - 392 - 393 - 399 - 400 - 405 - 409 - 412 - 415 - 416 - 417 - 418 - 420 - 421 - 422 - 427 - 437 - 440 - 441 - 443 - 445 - 448 - 449 - 452 - 457 - 458 - 459 - 461 - 462 - 463 - 470 - 472 - 474 - 478 - 480 - 482 - 483 - 488 - 492,135464.0,8.0,83446,72870,2.47,Cost: 83446 & Capacity: 72870
0 - 1 - 2 - 4 - 7 - 9 - 10 - 12 - 14 - 15 - 18 - 19 - 20 - 22 - 24 - 25 - 27 - 29 - 30 - 31 - 32 - 35 - 36 - 38 - 40 - 42 - 45 - 46 - 49 - 52 - 53 - 56 - 57 - 59 - 60 - 62 - 63 - 66 - 68 - 69 - 72 - 73 - 76 - 78 - 81 - 84 - 85 - 86 - 90 - 96 - 98 - 101 - 102 - 103 - 105 - 106 - 107 - 108 - 110 - 113 - 114 - 115 - 117 - 123 - 125 - 126 - 127 - 130 - 131 - 132 - 133 - 134 - 136 - 137 - 138 - 141 - 142 - 148 - 150 - 152 - 153 - 155 - 157 - 159 - 162 - 163 - 165 - 166 - 167 - 174 - 175 - 177 - 178 - 179 - 182 - 183 - 184 - 185 - 186 - 187 - 188 - 190 - 193 - 194 - 198 - 200 - 206 - 207 - 208 - 211 - 213 - 214 - 216 - 218 - 220 - 221 - 224 - 226 - 229 - 231 - 232 - 233 - 237 - 238 - 241 - 242 - 246 - 250 - 251 - 252 - 254 - 255 - 259 - 261 - 264 - 267 - 271 - 272 - 275 - 276 - 282 - 286 - 287 - 288 - 289 - 291 - 292 - 304 - 305 - 307 - 308 - 309 - 312 - 313 - 320 - 322 - 323 - 324 - 325 - 326 - 327 - 329 - 330 - 334 - 335 - 336 - 338 - 340 - 341 - 343 - 345 - 347 - 351 - 352 - 353 - 360 - 361 - 363 - 365 - 367 - 369 - 377 - 379 - 384 - 387 - 388 - 391 - 392 - 394 - 395 - 396 - 397 - 399 - 400 - 401 - 402 - 404 - 406 - 407 - 408 - 409 - 411 - 414 - 415 - 418 - 420 - 421 - 422 - 425 - 426 - 427 - 434 - 435 - 436 - 439 - 445 - 446 - 447 - 448 - 449 - 450 - 452 - 457 - 458 - 459 - 462 - 463 - 464 - 466 - 467 - 468 - 469 - 472 - 474 - 477 - 478 - 479 - 480 - 482 - 485 - 488 - 490 - 491 - 492 - 497 - 498,398539.7,6.2,98658,97233,9.78,Cost: 98658 & Capacity: 97233
0 - 1 - 2 - 4 - 9 - 10 - 14 - 15 - 18 - 19 - 20 - 22 - 24 - 25 - 27 - 28 - 29 - 30 - 31 - 32 - 33 - 35 - 36 - 38 - 40 - 42 - 49 - 52 - 53 - 57 - 58 - 59 - 61 - 62 - 63 - 64 - 66 - 68 - 69 - 72 - 73 - 75 - 76 - 81 - 84 - 85 - 86 - 91 - 96 - 97 - 98 - 105 - 106 - 107 - 108 - 110 - 112 - 113 - 114 - 115 - 117 - 121 - 123 - 125 - 126 - 127 - 130 - 132 - 133 - 134 - 136 - 137 - 138 - 139 - 141 - 142 - 144 - 150 - 152 - 153 - 155 - 157 - 162 - 163 - 165 - 166 - 167 - 172 - 174 - 175 - 176 - 177 - 178 - 179 - 182 - 183 - 184 - 185 - 186 - 187 - 188 - 190 - 193 - 194 - 197 - 198 - 206 - 207 - 208 - 211 - 213 - 214 - 218 - 220 - 221 - 223 - 224 - 226 - 227 - 229 - 231 - 233 - 237 - 238 - 239 - 241 - 242 - 243 - 246 - 247 - 250 - 251 - 252 - 254 - 255 - 257 - 259 - 261 - 262 - 264 - 267 - 269 - 270 - 271 - 272 - 275 - 276 - 277 - 281 - 282 - 286 - 287 - 288 - 289 - 290 - 291 - 292 - 295 - 297 - 298 - 301 - 304 - 305 - 308 - 309 - 312 - 313 - 317 - 318 - 320 - 321 - 322 - 323 - 325 - 326 - 327 - 329 - 330 - 334 - 335 - 336 - 337 - 338 - 340 - 341 - 347 - 349 - 351 - 352 - 353 - 359 - 361 - 362 - 365 - 367 - 369 - 377 - 379 - 384 - 385 - 387 - 388 - 391 - 392 - 393 - 394 - 395 - 396 - 397 - 398 - 399 - 400 - 404 - 405 - 406 - 407 - 408 - 409 - 411 - 415 - 418 - 420 - 421 - 422 - 426 - 427 - 435 - 436 - 439 - 444 - 445 - 446 - 447 - 448 - 449 - 452 - 457 - 458 - 459 - 461 - 462 - 463 - 464 - 466 - 467 - 468 - 469 - 472 - 473 - 475 - 476 - 477 - 478 - 479 - 480 - 482 - 485 - 486 - 488 - 489 - 490 - 492 - 494 - 497 - 498,457720.0,5.7,98668,102447,13.19,Cost: 98668 & Capacity: 102447
0 - 1 - 2 - 4 - 9 - 10 - 11 - 12 - 14 - 15 - 18 - 19 - 20 - 22 - 24 - 25 - 27 - 28 - 29 - 30 - 31 - 32 - 34 - 35 - 36 - 38 - 40 - 49 - 52 - 53 - 57 - 58 - 59 - 61 - 62 - 63 - 64 - 66 - 68 - 69 - 72 - 73 - 75 - 76 - 81 - 84 - 85 - 86 - 91 - 95 - 96 - 97 - 98 - 105 - 106 - 107 - 108 - 110 - 111 - 112 - 113 - 114 - 115 - 117 - 118 - 123 - 124 - 125 - 126 - 127 - 130 - 131 - 132 - 133 - 134 - 135 - 137 - 138 - 139 - 140 - 141 - 142 - 143 - 144 - 147 - 149 - 150 - 152 - 153 - 155 - 157 - 162 - 163 - 165 - 166 - 167 - 172 - 173 - 174 - 176 - 177 - 178 - 179 - 180 - 182 - 183 - 184 - 185 - 186 - 187 - 188 - 190 - 193 - 194 - 196 - 197 - 198 - 207 - 208 - 211 - 213 - 214 - 218 - 221 - 222 - 224 - 226 - 227 - 229 - 231 - 232 - 233 - 237 - 238 - 239 - 241 - 246 - 247 - 249 - 250 - 251 - 252 - 254 - 255 - 257 - 259 - 261 - 264 - 267 - 270 - 271 - 272 - 274 - 275 - 276 - 277 - 278 - 281 - 282 - 286 - 287 - 288 - 289 - 292 - 297 - 298 - 301 - 303 - 304 - 305 - 308 - 309 - 310 - 311 - 312 - 313 - 317 - 318 - 320 - 321 - 322 - 323 - 324 - 325 - 326 - 327 - 330 - 334 - 335 - 336 - 337 - 338 - 340 - 341 - 344 - 347 - 348 - 349 - 351 - 352 - 353 - 354 - 357 - 359 - 361 - 362 - 364 - 365 - 368 - 369 - 370 - 377 - 379 - 384 - 386 - 387 - 388 - 391 - 392 - 393 - 394 - 395 - 396 - 397 - 398 - 399 - 400 - 401 - 403 - 404 - 405 - 406 - 407 - 408 - 409 - 411 - 415 - 416 - 418 - 420 - 421 - 422 - 426 - 427 - 428 - 429 - 432 - 434 - 436 - 439 - 445 - 446 - 447 - 448 - 449 - 450 - 452 - 456 - 458 - 459 - 460 - 461 - 462 - 463 - 466 - 467 - 468 - 469 - 470 - 472 - 473 - 476 - 478 - 479 - 485 - 487 - 488 - 489 - 490 - 492 - 493 - 494 - 496 - 497 - 498,523565.7,4.4,98665,103814,22.41,Cost: 98665 & Capacity: 103814
0 - 1 - 4 - 11 - 18 - 19 - 20 - 22 - 25 - 27 - 29 - 32 - 35 - 36 - 40 - 45 - 50 - 52 - 53 - 56 - 57 - 58 - 59 - 60 - 62 - 63 - 64 - 66 - 69 - 71 - 75 - 76 - 81 - 83 - 86 - 93 - 96 - 98 - 100 - 101 - 102 - 115 - 116 - 117 - 123 - 124 - 126 - 130 - 132 - 133 - 134 - 136 - 137 - 138 - 139 - 142 - 146 - 148 - 150 - 153 - 155 - 156 - 157 - 158 - 162 - 163 - 165 - 166 - 167 - 172 - 173 - 175 - 176 - 177 - 184 - 185 - 186 - 187 - 190 - 192 - 193 - 194 - 196 - 200 - 203 - 206 - 207 - 208 - 211 - 218 - 219 - 220 - 221 - 226 - 229 - 233 - 239 - 241 - 250 - 252 - 254 - 255 - 264 - 266 - 270 - 271 - 272 - 276 - 277 - 281 - 282 - 286 - 287 - 291 - 297 - 303 - 309 - 310 - 319 - 321 - 322 - 323 - 325 - 326 - 328 - 329 - 330 - 334 - 335 - 336 - 338 - 341 - 343 - 345 - 346 - 349 - 350 - 351 - 352 - 354 - 356 - 359 - 360 - 363 - 364 - 365 - 370 - 373 - 374 - 377 - 387 - 388 - 391 - 392 - 393 - 394 - 399 - 400 - 403 - 405 - 408 - 415 - 416 - 418 - 420 - 421 - 422 - 426 - 427 - 432 - 437 - 443 - 445 - 448 - 449 - 454 - 457 - 458 - 459 - 462 - 463 - 464 - 466 - 467 - 472 - 474 - 476 - 478 - 480 - 481 - 482 - 486 - 488 - 489 - 492 - 493 - 496 - 497 - 498,275196.2,7.1,98602,89939,22.9,Cost: 98602 & Capacity: 89939
0 - 1 - 2 - 6 - 9 - 10 - 11 - 12 - 14 - 15 - 18 - 19 - 20 - 22 - 24 - 25 - 27 - 28 - 29 - 30 - 31 - 32 - 34 - 35 - 38 - 40 - 44 - 46 - 49 - 52 - 53 - 57 - 58 - 59 - 61 - 62 - 63 - 64 - 66 - 68 - 69 - 72 - 73 - 75 - 76 - 81 - 84 - 85 - 86 - 87 - 91 - 95 - 96 - 97 - 98 - 105 - 106 - 107 - 108 - 110 - 111 - 112 - 113 - 114 - 115 - 117 - 119 - 123 - 124 - 125 - 126 - 127 - 130 - 131 - 132 - 133 - 134 - 135 - 137 - 138 - 139 - 141 - 142 - 143 - 144 - 147 - 149 - 150 - 152 - 153 - 154 - 155 - 157 - 158 - 162 - 163 - 164 - 165 - 166 - 167 - 172 - 173 - 174 - 176 - 177 - 178 - 179 - 180 - 182 - 183 - 184 - 185 - 186 - 187 - 188 - 190 - 193 - 194 - 196 - 197 - 198 - 207 - 208 - 211 - 213 - 214 - 218 - 221 - 222 - 223 - 224 - 226 - 227 - 229 - 231 - 232 - 233 - 237 - 238 - 239 - 241 - 246 - 247 - 249 - 250 - 251 - 252 - 254 - 255 - 256 - 257 - 259 - 261 - 264 - 267 - 270 - 271 - 272 - 274 - 275 - 276 - 277 - 278 - 281 - 282 - 286 - 287 - 288 - 289 - 292 - 297 - 298 - 301 - 303 - 304 - 305 - 309 - 310 - 311 - 312 - 313 - 320 - 321 - 323 - 324 - 325 - 326 - 327 - 330 - 334 - 335 - 336 - 337 - 338 - 340 - 341 - 344 - 347 - 349 - 351 - 352 - 353 - 354 - 357 - 359 - 361 - 362 - 364 - 365 - 366 - 368 - 369 - 370 - 373 - 377 - 379 - 384 - 386 - 387 - 388 - 391 - 392 - 393 - 394 - 395 - 396 - 397 - 398 - 399 - 400 - 401 - 403 - 404 - 405 - 406 - 407 - 408 - 409 - 411 - 414 - 415 - 416 - 418 - 420 - 421 - 422 - 426 - 427 - 428 - 429 - 432 - 434 - 436 - 439 - 445 - 446 - 447 - 448 - 449 - 452 - 456 - 458 - 459 - 460 - 461 - 462 - 463 - 466 - 467 - 468 - 469 - 470 - 472 - 473 - 476 - 478 - 479 - 485 - 486 - 487 - 488 - 489 - 490 - 492 - 493 - 494 - 496 - 497 - 498,537651.1,3.5,98646,105189,25.58,Cost: 98646 & Capacity: 105189
0 - 1 - 2 - 6 - 9 - 10 - 11 - 12 - 14 - 15 - 18 - 19 - 20 - 22 - 24 - 25 - 27 - 28 - 29 - 30 - 31 - 32 - 34 - 35 - 36 - 38 - 40 - 44 - 49 - 52 - 53 - 57 - 58 - 59 - 61 - 62 - 63 - 64 - 66 - 68 - 69 - 72 - 73 - 75 - 76 - 81 - 84 - 85 - 86 - 88 - 91 - 95 - 96 - 97 - 98 - 105 - 106 - 107 - 108 - 110 - 111 - 112 - 113 - 114 - 115 - 117 - 119 - 123 - 124 - 125 - 126 - 127 - 129 - 130 - 131 - 132 - 133 - 134 - 135 - 137 - 138 - 139 - 141 - 142 - 143 - 144 - 147 - 149 - 150 - 152 - 153 - 154 - 155 - 157 - 158 - 162 - 163 - 164 - 165 - 166 - 167 - 172 - 173 - 174 - 176 - 177 - 178 - 179 - 180 - 182 - 183 - 184 - 185 - 186 - 187 - 188 - 190 - 193 - 194 - 196 - 197 - 198 - 207 - 208 - 211 - 213 - 214 - 218 - 221 - 222 - 223 - 224 - 226 - 227 - 229 - 231 - 232 - 233 - 237 - 238 - 239 - 241 - 245 - 246 - 247 - 249 - 250 - 251 - 252 - 254 - 255 - 256 - 257 - 259 - 261 - 264 - 267 - 270 - 271 - 272 - 274 - 276 - 277 - 278 - 281 - 282 - 286 - 287 - 288 - 289 - 292 - 297 - 298 - 301 - 303 - 304 - 305 - 309 - 310 - 311 - 312 - 313 - 320 - 321 - 323 - 324 - 325 - 326 - 327 - 330 - 334 - 335 - 336 - 337 - 338 - 340 - 341 - 344 - 347 - 349 - 351 - 352 - 353 - 354 - 359 - 361 - 362 - 364 - 365 - 366 - 368 - 369 - 370 - 373 - 377 - 379 - 384 - 386 - 387 - 388 - 391 - 392 - 393 - 394 - 395 - 396 - 397 - 398 - 399 - 400 - 401 - 403 - 405 - 406 - 407 - 408 - 409 - 411 - 414 - 415 - 416 - 418 - 420 - 421 - 422 - 426 - 427 - 428 - 429 - 432 - 434 - 436 - 439 - 445 - 446 - 447 - 448 - 449 - 452 - 456 - 458 - 459 - 460 - 461 - 462 - 463 - 464 - 466 - 467 - 468 - 469 - 470 - 472 - 473 - 476 - 478 - 479 - 485 - 486 - 487 - 488 - 489 - 490 - 492 - 493 - 494 - 496 - 497 - 498,539403.3,3.0,98663,105044,30.81,Cost: 98663 & Capacity: 105044
0 - 1 - 2 - 6 - 9 - 10 - 11 - 12 - 14 - 15 - 18 - 19 - 20 - 22 - 24 - 25 - 27 - 28 - 29 - 30 - 31 - 32 - 34 - 35 - 38 - 40 - 44 - 46 - 49 - 52 - 53 - 57 - 58 - 59 - 61 - 62 - 63 - 64 - 66 - 68 - 69 - 72 - 73 - 75 - 76 - 81 - 84 - 85 - 86 - 87 - 91 - 95 - 96 - 97 - 98 - 105 - 106 - 107 - 108 - 110 - 111 - 112 - 113 - 114 - 115 - 117 - 119 - 123 - 124 - 125 - 126 - 127 - 130 - 131 - 132 - 133 - 134 - 135 - 137 - 138 - 139 - 141 - 142 - 143 - 144 - 147 - 149 - 150 - 152 - 153 - 154 - 155 - 157 - 158 - 162 - 163 - 164 - 165 - 166 - 167 - 172 - 173 - 174 - 176 - 177 - 178 - 179 - 180 - 182 - 183 - 184 - 185 - 186 - 187 - 188 - 190 - 193 - 194 - 196 - 197 - 198 - 207 - 208 - 211 - 213 - 214 - 218 - 221 - 222 - 223 - 224 - 226 - 227 - 229 - 231 - 232 - 233 - 237 - 238 - 239 - 241 - 246 - 247 - 249 - 250 - 251 - 252 - 254 - 255 - 256 - 257 - 259 - 261 - 264 - 267 - 270 - 271 - 272 - 274 - 275 - 276 - 277 - 278 - 281 - 282 - 286 - 287 - 288 - 289 - 292 - 297 - 298 - 301 - 303 - 304 - 305 - 309 - 310 - 311 - 312 - 313 - 320 - 321 - 323 - 324 - 325 - 326 - 327 - 330 - 334 - 335 - 336 - 337 - 338 - 340 - 341 - 344 - 347 - 349 - 351 - 352 - 353 - 354 - 357 - 359 - 361 - 362 - 364 - 365 - 366 - 368 - 369 - 370 - 373 - 377 - 379 - 384 - 386 - 387 - 388 - 391 - 392 - 393 - 394 - 395 - 396 - 397 - 398 - 399 - 400 - 401 - 403 - 404 - 405 - 406 - 407 - 408 - 409 - 411 - 414 - 415 - 416 - 418 - 420 - 421 - 422 - 426 - 427 - 428 - 429 - 432 - 434 - 436 - 439 - 445 - 446 - 447 - 448 - 449 - 452 - 456 - 458 - 459 - 460 - 461 - 462 - 463 - 466 - 467 - 468 - 469 - 470 - 472 - 473 - 476 - 478 - 479 - 485 - 486 - 487 - 488 - 489 - 490 - 492 - 493 - 494 - 496 - 497 - 498,537651.1,3.5,98646,105189,34.18,Cost: 98646 & Capacity: 105189
0 - 20 - 22 - 32 - 36 - 45 - 50 - 51 - 56 - 58 - 60 - 64 - 69 - 71 - 76 - 78 - 79 - 81 - 96 - 98 - 102 - 118 - 137 - 138 - 142 - 146 - 148 - 156 - 158 - 159 - 160 - 163 - 166 - 167 - 172 - 175 - 176 - 185 - 188 - 190 - 201 - 203 - 206 - 214 - 221 - 222 - 226 - 250 - 266 - 272 - 275 - 276 - 277 - 278 - 281 - 291 - 292 - 293 - 297 - 303 - 306 - 309 - 310 - 314 - 325 - 326 - 330 - 335 - 338 - 345 - 346 - 349 - 352 - 359 - 360 - 368 - 371 - 373 - 374 - 392 - 393 - 399 - 400 - 403 - 405 - 408 - 418 - 420 - 421 - 427 - 428 - 437 - 441 - 445 - 449 - 459 - 462 - 463 - 464 - 480 - 482 - 483 - 486 - 488 - 489 - 492 - 496 - 498,83949.3,8.5,64771,55918,34.24,Cost: 64771 & Capacity: 55918
0 - 4 - 7 - 11 - 22 - 25 - 26 - 29 - 32 - 36 - 40 - 45 - 47 - 50 - 52 - 53 - 56 - 58 - 60 - 62 - 64 - 69 - 71 - 75 - 76 - 81 - 82 - 83 - 96 - 98 - 99 - 100 - 101 - 102 - 108 - 112 - 116 - 123 - 125 - 126 - 132 - 133 - 134 - 136 - 137 - 138 - 142 - 146 - 147 - 148 - 150 - 153 - 155 - 156 - 158 - 167 - 172 - 173 - 176 - 180 - 184 - 185 - 186 - 190 - 200 - 201 - 203 - 206 - 207 - 208 - 213 - 217 - 219 - 220 - 221 - 226 - 229 - 232 - 250 - 255 - 266 - 267 - 272 - 273 - 276 - 278 - 286 - 287 - 291 - 292 - 293 - 295 - 303 - 306 - 307 - 308 - 314 - 321 - 322 - 325 - 326 - 328 - 329 - 330 - 331 - 333 - 338 - 345 - 349 - 350 - 352 - 353 - 356 - 360 - 362 - 364 - 368 - 373 - 374 - 376 - 379 - 389 - 391 - 392 - 394 - 399 - 400 - 403 - 408 - 412 - 414 - 415 - 417 - 418 - 420 - 421 - 422 - 425 - 427 - 437 - 443 - 445 - 448 - 449 - 458 - 459 - 463 - 464 - 471 - 476 - 480 - 481 - 482 - 488 - 492 - 496 - 498,172102.9,7.7,96807,79617,36.0,Cost: 96807 & Capacity: 79617
0 - 1 - 2 - 6 - 9 - 10 - 11 - 12 - 14 - 15 - 18 - 19 - 20 - 22 - 24 - 25 - 27 - 28 - 29 - 30 - 31 - 32 - 34 - 35 - 38 - 40 - 44 - 49 - 52 - 53 - 57 - 58 - 59 - 61 - 62 - 63 - 64 - 66 - 68 - 69 - 72 - 73 - 75 - 76 - 81 - 84 - 85 - 86 - 91 - 95 - 96 - 97 - 98 - 105 - 106 - 107 - 108 - 110 - 111 - 112 - 113 - 114 - 115 - 117 - 119 - 123 - 124 - 125 - 126 - 127 - 129 - 130 - 131 - 132 - 133 - 134 - 135 - 137 - 138 - 139 - 141 - 142 - 143 - 144 - 147 - 149 - 150 - 152 - 153 - 154 - 155 - 157 - 158 - 162 - 163 - 164 - 165 - 166 - 167 - 172 - 173 - 174 - 176 - 177 - 178 - 179 - 180 - 182 - 183 - 184 - 185 - 186 - 187 - 188 - 190 - 193 - 194 - 196 - 197 - 198 - 207 - 208 - 211 - 213 - 214 - 218 - 221 - 222 - 224 - 226 - 227 - 229 - 231 - 232 - 233 - 237 - 238 - 239 - 241 - 245 - 246 - 247 - 249 - 250 - 251 - 252 - 254 - 255 - 256 - 257 - 259 - 261 - 264 - 267 - 270 - 271 - 272 - 274 - 275 - 276 - 277 - 278 - 281 - 282 - 286 - 287 - 288 - 289 - 292 - 297 - 298 - 301 - 303 - 304 - 305 - 309 - 310 - 311 - 312 - 313 - 318 - 320 - 321 - 323 - 324 - 325 - 326 - 327 - 330 - 334 - 335 - 336 - 337 - 338 - 340 - 341 - 344 - 347 - 349 - 351 - 352 - 353 - 354 - 357 - 359 - 361 - 362 - 364 - 365 - 366 - 368 - 369 - 370 - 373 - 377 - 379 - 384 - 386 - 387 - 388 - 391 - 392 - 393 - 394 - 395 - 396 - 397 - 398 - 399 - 400 - 401 - 403 - 404 - 405 - 406 - 407 - 408 - 409 - 411 - 414 - 415 - 416 - 418 - 420 - 421 - 422 - 426 - 427 - 428 - 429 - 432 - 434 - 436 - 439 - 445 - 446 - 447 - 448 - 449 - 452 - 456 - 458 - 459 - 460 - 461 - 462 - 463 - 466 - 467 - 468 - 469 - 470 - 472 - 473 - 476 - 478 - 479 - 485 - 486 - 487 - 488 - 489 - 490 - 492 - 493 - 494 - 496 - 497 - 498,538695.4,3.0,98660,104358,40.94,Cost: 98660 & Capacity: 104358
0 - 1 - 2 - 6 - 9 - 10 - 11 - 12 - 14 - 15 - 18 - 19 - 20 - 22 - 24 - 25 - 27 - 28 - 29 - 30 - 31 - 32 - 34 - 35 - 38 - 40 - 44 - 49 - 52 - 53 - 57 - 58 - 59 - 61 - 62 - 63 - 64 - 66 - 68 - 69 - 72 - 73 - 75 - 76 - 81 - 84 - 85 - 86 - 91 - 95 - 96 - 97 - 98 - 105 - 106 - 107 - 108 - 110 - 111 - 112 - 113 - 114 - 115 - 117 - 119 - 123 - 124 - 125 - 126 - 127 - 129 - 130 - 131 - 132 - 133 - 134 - 135 - 137 - 138 - 139 - 141 - 142 - 143 - 144 - 147 - 149 - 150 - 152 - 153 - 154 - 155 - 157 - 158 - 162 - 163 - 164 - 165 - 166 - 167 - 172 - 173 - 174 - 176 - 177 - 178 - 179 - 180 - 182 - 183 - 184 - 185 - 186 - 187 - 188 - 190 - 193 - 194 - 196 - 197 - 198 - 207 - 208 - 211 - 213 - 214 - 218 - 221 - 222 - 224 - 226 - 227 - 229 - 231 - 232 - 233 - 237 - 238 - 239 - 241 - 245 - 246 - 247 - 249 - 250 - 251 - 252 - 254 - 255 - 256 - 257 - 259 - 261 - 264 - 267 - 270 - 271 - 272 - 274 - 275 - 276 - 277 - 278 - 281 - 282 - 286 - 287 - 288 - 289 - 292 - 297 - 298 - 301 - 303 - 304 - 305 - 309 - 310 - 311 - 312 - 313 - 318 - 320 - 321 - 323 - 324 - 325 - 326 - 327 - 330 - 334 - 335 - 336 - 337 - 338 - 340 - 341 - 344 - 347 - 349 - 351 - 352 - 353 - 354 - 357 - 359 - 361 - 362 - 364 - 365 - 366 - 368 - 369 - 370 - 373 - 377 - 379 - 384 - 386 - 387 - 388 - 391 - 392 - 393 - 394 - 395 - 396 - 397 - 398 - 399 - 400 - 401 - 403 - 404 - 405 - 406 - 407 - 408 - 409 - 411 - 414 - 415 - 416 - 418 - 420 - 421 - 422 - 426 - 427 - 428 - 429 - 432 - 434 - 436 - 439 - 445 - 446 - 447 - 448 - 449 - 452 - 456 - 458 - 459 - 460 - 461 - 462 - 463 - 466 - 467 - 468 - 469 - 470 - 472 - 473 - 476 - 478 - 479 - 485 - 486 - 487 - 488 - 489 - 490 - 492 - 493 - 494 - 496 - 497 - 498,538695.4,3.0,98660,104358,46.5,Cost: 98660 & Capacity: 104358
0 - 1 - 2 - 6 - 9 - 10 - 11 - 12 - 14 - 15 - 18 - 19 - 20 - 22 - 24 - 25 - 27 - 28 - 29 - 30 - 31 - 32 - 34 - 35 - 38 - 40 - 44 - 46 - 49 - 52 - 53 - 57 - 58 - 59 - 61 - 62 - 63 - 64 - 66 - 68 - 69 - 72 - 73 - 75 - 76 - 81 - 84 - 85 - 86 - 87 - 91 - 95 - 96 - 97 - 98 - 105 - 106 - 107 - 108 - 110 - 111 - 112 - 113 - 114 - 115 - 117 - 119 - 123 - 124 - 125 - 126 - 127 - 130 - 131 - 132 - 133 - 134 - 135 - 137 - 138 - 139 - 141 - 142 - 143 - 144 - 147 - 149 - 150 - 152 - 153 - 154 - 155 - 157 - 158 - 162 - 163 - 164 - 165 - 166 - 167 - 172 - 173 - 174 - 176 - 177 - 178 - 179 - 180 - 182 - 183 - 184 - 185 - 186 - 187 - 188 - 190 - 193 - 194 - 196 - 197 - 198 - 207 - 208 - 211 - 213 - 214 - 218 - 221 - 222 - 223 - 224 - 226 - 227 - 229 - 231 - 232 - 233 - 237 - 238 - 239 - 241 - 246 - 247 - 249 - 250 - 251 - 252 - 254 - 255 - 256 - 257 - 259 - 261 - 264 - 267 - 270 - 271 - 272 - 274 - 275 - 276 - 277 - 278 - 281 - 282 - 286 - 287 - 288 - 289 - 292 - 297 - 298 - 301 - 303 - 304 - 305 - 309 - 310 - 311 - 312 - 313 - 320 - 321 - 323 - 324 - 325 - 326 - 327 - 330 - 334 - 335 - 336 - 337 - 338 - 340 - 341 - 344 - 347 - 349 - 351 - 352 - 353 - 354 - 357 - 359 - 361 - 362 - 364 - 365 - 366 - 368 - 369 - 370 - 373 - 377 - 379 - 384 - 386 - 387 - 388 - 391 - 392 - 393 - 394 - 395 - 396 - 397 - 398 - 399 - 400 - 401 - 403 - 404 - 405 - 406 - 407 - 408 - 409 - 411 - 414 - 415 - 416 - 418 - 420 - 421 - 422 - 426 - 427 - 428 - 429 - 432 - 434 - 436 - 439 - 445 - 446 - 447 - 448 - 449 - 452 - 456 - 458 - 459 - 460 - 461 - 462 - 463 - 466 - 467 - 468 - 469 - 470 - 472 - 473 - 476 - 478 - 479 - 485 - 486 - 487 - 488 - 489 - 490 - 492 - 493 - 494 - 496 - 497 - 498,537651.1,3.5,98646,105189,51.47,Cost: 98646 & Capacity: 105189
0 - 1 - 4 - 6 - 11 - 15 - 18 - 19 - 20 - 22 - 25 - 27 - 29 - 30 - 31 - 32 - 35 - 36 - 39 - 40 - 45 - 49 - 50 - 52 - 53 - 57 - 58 - 59 - 60 - 62 - 63 - 64 - 66 - 68 - 69 - 72 - 76 - 79 - 80 - 81 - 84 - 85 - 86 - 89 - 90 - 96 - 98 - 101 - 102 - 103 - 105 - 106 - 107 - 113 - 114 - 115 - 116 - 117 - 123 - 126 - 127 - 130 - 131 - 132 - 134 - 137 - 142 - 144 - 148 - 150 - 153 - 155 - 157 - 159 - 165 - 166 - 167 - 172 - 173 - 177 - 178 - 182 - 183 - 184 - 185 - 186 - 187 - 190 - 192 - 193 - 194 - 200 - 206 - 207 - 208 - 209 - 211 - 213 - 214 - 218 - 220 - 221 - 224 - 226 - 229 - 237 - 238 - 241 - 242 - 245 - 250 - 251 - 252 - 254 - 255 - 264 - 266 - 267 - 271 - 272 - 276 - 281 - 282 - 286 - 287 - 288 - 292 - 303 - 307 - 309 - 312 - 313 - 320 - 323 - 324 - 325 - 326 - 327 - 329 - 330 - 334 - 335 - 336 - 338 - 341 - 343 - 345 - 350 - 351 - 352 - 353 - 356 - 360 - 363 - 365 - 369 - 376 - 380 - 384 - 387 - 388 - 391 - 392 - 394 - 395 - 396 - 397 - 399 - 400 - 402 - 405 - 406 - 407 - 408 - 409 - 415 - 418 - 420 - 421 - 425 - 426 - 427 - 430 - 431 - 432 - 435 - 436 - 437 - 443 - 445 - 446 - 447 - 448 - 449 - 450 - 454 - 457 - 458 - 459 - 463 - 464 - 471 - 472 - 473 - 474 - 478 - 479 - 480 - 482 - 488 - 492 - 497 - 498,305348.8,6.8,98663,87687,52.06,Cost: 98663 & Capacity: 87687
1 - 4 - 9 - 11 - 20 - 22 - 25 - 27 - 29 - 31 - 32 - 35 - 36 - 39 - 40 - 42 - 44 - 45 - 49 - 50 - 52 - 53 - 58 - 59 - 60 - 63 - 64 - 69 - 71 - 72 - 79 - 83 - 84 - 85 - 86 - 93 - 98 - 100 - 101 - 102 - 104 - 115 - 116 - 119 - 123 - 124 - 126 - 132 - 134 - 137 - 138 - 142 - 144 - 146 - 147 - 148 - 150 - 153 - 155 - 156 - 157 - 162 - 165 - 166 - 167 - 172 - 173 - 176 - 177 - 178 - 184 - 185 - 187 - 190 - 193 - 194 - 200 - 206 - 207 - 208 - 211 - 213 - 220 - 221 - 224 - 225 - 226 - 227 - 229 - 233 - 241 - 245 - 250 - 252 - 255 - 264 - 266 - 271 - 272 - 276 - 282 - 286 - 287 - 289 - 291 - 295 - 303 - 309 - 310 - 318 - 319 - 321 - 322 - 326 - 329 - 330 - 331 - 334 - 336 - 341 - 343 - 345 - 346 - 350 - 351 - 352 - 353 - 356 - 359 - 364 - 366 - 369 - 370 - 374 - 376 - 377 - 385 - 389 - 391 - 392 - 394 - 397 - 399 - 400 - 403 - 405 - 406 - 408 - 409 - 410 - 415 - 416 - 418 - 420 - 421 - 422 - 426 - 427 - 432 - 435 - 437 - 443 - 445 - 448 - 449 - 454 - 457 - 458 - 459 - 461 - 462 - 463 - 464 - 466 - 470 - 471 - 474 - 476 - 478 - 480 - 482 - 486 - 488 - 489 - 492 - 496 - 497 - 498,244819.0,7.3,98514,85393,54.36,Cost: 98514 & Capacity: 85393
0 - 1 - 2 - 4 - 9 - 10 - 11 - 14 - 15 - 18 - 19 - 20 - 22 - 24 - 25 - 27 - 28 - 29 - 30 - 31 - 32 - 35 - 36 - 38 - 40 - 42 - 49 - 52 - 53 - 58 - 59 - 61 - 62 - 63 - 64 - 66 - 68 - 69 - 72 - 73 - 75 - 76 - 81 - 84 - 85 - 86 - 91 - 96 - 97 - 98 - 105 - 106 - 107 - 108 - 110 - 112 - 113 - 114 - 115 - 117 - 123 - 124 - 125 - 126 - 127 - 128 - 130 - 131 - 132 - 133 - 134 - 137 - 138 - 139 - 140 - 141 - 142 - 144 - 147 - 150 - 152 - 153 - 155 - 157 - 162 - 163 - 165 - 166 - 167 - 172 - 174 - 175 - 176 - 177 - 178 - 179 - 182 - 183 - 184 - 185 - 186 - 187 - 188 - 190 - 193 - 194 - 196 - 197 - 198 - 206 - 207 - 208 - 211 - 213 - 214 - 218 - 220 - 221 - 222 - 224 - 226 - 227 - 229 - 231 - 232 - 233 - 236 - 237 - 238 - 239 - 241 - 242 - 243 - 246 - 247 - 249 - 250 - 251 - 252 - 254 - 255 - 257 - 259 - 261 - 262 - 264 - 267 - 270 - 271 - 272 - 275 - 276 - 277 - 281 - 282 - 286 - 287 - 288 - 289 - 290 - 292 - 297 - 298 - 301 - 304 - 305 - 308 - 309 - 312 - 313 - 317 - 318 - 320 - 321 - 322 - 323 - 324 - 325 - 326 - 327 - 330 - 334 - 335 - 336 - 337 - 338 - 340 - 341 - 347 - 348 - 349 - 351 - 352 - 353 - 357 - 361 - 362 - 364 - 365 - 367 - 368 - 369 - 370 - 372 - 377 - 379 - 384 - 385 - 387 - 388 - 391 - 392 - 393 - 394 - 395 - 396 - 397 - 398 - 399 - 400 - 401 - 403 - 404 - 406 - 407 - 408 - 409 - 411 - 414 - 415 - 418 - 420 - 421 - 422 - 426 - 427 - 435 - 436 - 439 - 444 - 445 - 446 - 447 - 448 - 449 - 452 - 457 - 458 - 459 - 461 - 462 - 463 - 464 - 466 - 467 - 468 - 469 - 472 - 473 - 476 - 477 - 478 - 482 - 485 - 488 - 489 - 490 - 492 - 494 - 496 - 497 - 498,480264.2,5.5,98663,101864,56.47,Cost: 98663 & Capacity: 101864
0 - 1 - 2 - 6 - 9 - 10 - 11 - 12 - 14 - 15 - 18 - 19 - 20 - 22 - 24 - 25 - 27 - 28 - 29 - 30 - 31 - 32 - 34 - 35 - 38 - 40 - 44 - 49 - 52 - 53 - 57 - 58 - 59 - 61 - 62 - 63 - 64 - 66 - 68 - 69 - 72 - 73 - 75 - 76 - 81 - 84 - 85 - 86 - 91 - 95 - 96 - 97 - 98 - 105 - 106 - 107 - 108 - 110 - 111 - 112 - 113 - 114 - 115 - 117 - 119 - 123 - 124 - 125 - 126 - 127 - 129 - 130 - 131 - 132 - 133 - 134 - 135 - 137 - 138 - 139 - 141 - 142 - 143 - 144 - 147 - 149 - 150 - 152 - 153 - 154 - 155 - 157 - 158 - 162 - 163 - 164 - 165 - 166 - 167 - 172 - 173 - 174 - 176 - 177 - 178 - 179 - 180 - 182 - 183 - 184 - 185 - 186 - 187 - 188 - 190 - 193 - 194 - 196 - 197 - 198 - 207 - 208 - 211 - 213 - 214 - 218 - 221 - 222 - 224 - 226 - 227 - 229 - 231 - 232 - 233 - 237 - 238 - 239 - 241 - 245 - 246 - 247 - 249 - 250 - 251 - 252 - 254 - 255 - 256 - 257 - 259 - 261 - 264 - 267 - 270 - 271 - 272 - 274 - 275 - 276 - 277 - 278 - 281 - 282 - 286 - 287 - 288 - 289 - 292 - 297 - 298 - 301 - 303 - 304 - 305 - 309 - 310 - 311 - 312 - 313 - 318 - 320 - 321 - 323 - 324 - 325 - 326 - 327 - 330 - 334 - 335 - 336 - 337 - 338 - 340 - 341 - 344 - 347 - 349 - 351 - 352 - 353 - 354 - 357 - 359 - 361 - 362 - 364 - 365 - 366 - 368 - 369 - 370 - 373 - 377 - 379 - 384 - 386 - 387 - 388 - 391 - 392 - 393 - 394 - 395 - 396 - 397 - 398 - 399 - 400 - 401 - 403 - 404 - 405 - 406 - 407 - 408 - 409 - 411 - 414 - 415 - 416 - 418 - 420 - 421 - 422 - 426 - 427 - 428 - 429 - 432 - 434 - 436 - 439 - 445 - 446 - 447 - 448 - 449 - 452 - 456 - 458 - 459 - 460 - 461 - 462 - 463 - 466 - 467 - 468 - 469 - 470 - 472 - 473 - 476 - 478 - 479 - 485 - 486 - 487 - 488 - 489 - 490 - 492 - 493 - 494 - 496 - 497 - 498,538695.4,3.0,98660,104358,61.0,Cost: 98660 & Capacity: 104358
0 - 1 - 2 - 6 - 9 - 10 - 11 - 12 - 14 - 15 - 18 - 19 - 20 - 22 - 24 - 25 - 27 - 28 - 29 - 30 - 31 - 32 - 34 - 35 - 38 - 40 - 44 - 46 - 49 - 52 - 53 - 57 - 58 - 59 - 61 - 62 - 63 - 64 - 66 - 68 - 69 - 72 - 73 - 75 - 76 - 81 - 84 - 85 - 86 - 87 - 91 - 95 - 96 - 97 - 98 - 105 - 106 - 107 - 108 - 110 - 111 - 112 - 113 - 114 - 115 - 117 - 119 - 123 - 124 - 125 - 126 - 127 - 130 - 131 - 132 - 133 - 134 - 135 - 137 - 138 - 139 - 141 - 142 - 143 - 144 - 147 - 149 - 150 - 152 - 153 - 154 - 155 - 157 - 158 - 162 - 163 - 164 - 165 - 166 - 167 - 172 - 173 - 174 - 176 - 177 - 178 - 179 - 180 - 182 - 183 - 184 - 185 - 186 - 187 - 188 - 190 - 193 - 194 - 196 - 197 - 198 - 207 - 208 - 211 - 213 - 214 - 218 - 221 - 222 - 223 - 224 - 226 - 227 - 229 - 231 - 232 - 233 - 237 - 238 - 239 - 241 - 246 - 247 - 249 - 250 - 251 - 252 - 254 - 255 - 256 - 257 - 259 - 261 - 264 - 267 - 270 - 271 - 272 - 274 - 275 - 276 - 277 - 278 - 281 - 282 - 286 - 287 - 288 - 289 - 292 - 297 - 298 - 301 - 303 - 304 - 305 - 309 - 310 - 311 - 312 - 313 - 320 - 321 - 323 - 324 - 325 - 326 - 327 - 330 - 334 - 335 - 336 - 337 - 338 - 340 - 341 - 344 - 347 - 349 - 351 - 352 - 353 - 354 - 357 - 359 - 361 - 362 - 364 - 365 - 366 - 368 - 369 - 370 - 373 - 377 - 379 - 384 - 386 - 387 - 388 - 391 - 392 - 393 - 394 - 395 - 396 - 397 - 398 - 399 - 400 - 401 - 403 - 404 - 405 - 406 - 407 - 408 - 409 - 411 - 414 - 415 - 416 - 418 - 420 - 421 - 422 - 426 - 427 - 428 - 429 - 432 - 434 - 436 - 439 - 445 - 446 - 447 - 448 - 449 - 452 - 456 - 458 - 459 - 460 - 461 - 462 - 463 - 466 - 467 - 468 - 469 - 470 - 472 - 473 - 476 - 478 - 479 - 485 - 486 - 487 - 488 - 489 - 490 - 492 - 493 - 494 - 496 - 497 - 498,537651.1,3.5,98646,105189,67.69,Cost: 98646 & Capacity: 105189
7 - 8 - 11 - 20 - 22 - 25 - 27 - 29 - 32 - 36 - 40 - 42 - 43 - 45 - 47 - 50 - 52 - 53 - 54 - 56 - 58 - 60 - 62 - 69 - 71 - 75 - 76 - 79 - 98 - 99 - 100 - 102 - 104 - 108 - 115 - 116 - 118 - 123 - 126 - 130 - 132 - 134 - 137 - 138 - 142 - 146 - 147 - 148 - 150 - 155 - 157 - 158 - 162 - 163 - 167 - 170 - 172 - 173 - 185 - 186 - 190 - 193 - 201 - 203 - 206 - 207 - 208 - 211 - 213 - 220 - 221 - 224 - 225 - 229 - 250 - 266 - 272 - 276 - 282 - 286 - 287 - 291 - 304 - 309 - 310 - 319 - 321 - 322 - 326 - 329 - 330 - 331 - 336 - 338 - 340 - 341 - 345 - 346 - 349 - 352 - 355 - 356 - 370 - 374 - 376 - 385 - 389 - 392 - 394 - 397 - 399 - 400 - 403 - 404 - 412 - 414 - 415 - 416 - 417 - 418 - 420 - 421 - 422 - 426 - 427 - 431 - 437 - 443 - 445 - 448 - 449 - 452 - 454 - 457 - 458 - 459 - 461 - 462 - 463 - 470 - 471 - 478 - 480 - 482 - 488 - 489 - 492 - 494 - 496 - 498,157077.5,7.9,89113,75442,70.31,Cost: 89113 & Capacity: 75442
0 - 1 - 2 - 6 - 9 - 10 - 11 - 12 - 14 - 15 - 18 - 19 - 20 - 22 - 24 - 25 - 27 - 28 - 29 - 30 - 31 - 32 - 34 - 35 - 38 - 40 - 44 - 46 - 49 - 52 - 53 - 57 - 58 - 59 - 61 - 62 - 63 - 64 - 66 - 68 - 69 - 72 - 73 - 75 - 76 - 81 - 84 - 85 - 86 - 87 - 91 - 95 - 96 - 97 - 98 - 105 - 106 - 107 - 108 - 110 - 111 - 112 - 113 - 114 - 115 - 117 - 119 - 123 - 124 - 125 - 126 - 127 - 130 - 131 - 132 - 133 - 134 - 135 - 137 - 138 - 139 - 141 - 142 - 143 - 144 - 147 - 149 - 150 - 152 - 153 - 154 - 155 - 157 - 158 - 162 - 163 - 164 - 165 - 166 - 167 - 172 - 173 - 174 - 176 - 177 - 178 - 179 - 180 - 182 - 183 - 184 - 185 - 186 - 187 - 188 - 190 - 193 - 194 - 196 - 197 - 198 - 207 - 208 - 211 - 213 - 214 - 218 - 221 - 222 - 223 - 224 - 226 - 227 - 229 - 231 - 232 - 233 - 237 - 238 - 239 - 241 - 246 - 247 - 249 - 250 - 251 - 252 - 254 - 255 - 256 - 257 - 259 - 261 - 264 - 267 - 270 - 271 - 272 - 274 - 275 - 276 - 277 - 278 - 281 - 282 - 286 - 287 - 288 - 289 - 292 - 297 - 298 - 301 - 303 - 304 - 305 - 309 - 310 - 311 - 312 - 313 - 320 - 321 - 323 - 324 - 325 - 326 - 327 - 330 - 334 - 335 - 336 - 337 - 338 - 340 - 341 - 344 - 347 - 349 - 351 - 352 - 353 - 354 - 357 - 359 - 361 - 362 - 364 - 365 - 366 - 368 - 369 - 370 - 373 - 377 - 379 - 384 - 386 - 387 - 388 - 391 - 392 - 393 - 394 - 395 - 396 - 397 - 398 - 399 - 400 - 401 - 403 - 404 - 405 - 406 - 407 - 408 - 409 - 411 - 414 - 415 - 416 - 418 - 420 - 421 - 422 - 426 - 427 - 428 - 429 - 432 - 434 - 436 - 439 - 445 - 446 - 447 - 448 - 449 - 452 - 456 - 458 - 459 - 460 - 461 - 462 - 463 - 466 - 467 - 468 - 469 - 470 - 472 - 473 - 476 - 478 - 479 - 485 - 486 - 487 - 488 - 489 - 490 - 492 - 493 - 494 - 496 - 497 - 498,537651.1,3.5,98646,105189,70.66,Cost: 98646 & Capacity: 105189
0 - 1 - 2 - 6 - 9 - 10 - 11 - 12 - 14 - 15 - 18 - 19 - 20 - 22 - 24 - 25 - 27 - 28 - 29 - 30 - 31 - 32 - 34 - 35 - 38 - 40 - 44 - 46 - 49 - 52 - 53 - 57 - 58 - 59 - 61 - 62 - 63 - 64 - 66 - 68 - 69 - 72 - 73 - 75 - 76 - 81 - 84 - 85 - 86 - 87 - 91 - 95 - 96 - 97 - 98 - 105 - 106 - 107 - 108 - 110 - 111 - 112 - 113 - 114 - 115 - 117 - 119 - 123 - 124 - 125 - 126 - 127 - 130 - 131 - 132 - 133 - 134 - 135 - 137 - 138 - 139 - 141 - 142 - 143 - 144 - 147 - 149 - 150 - 152 - 153 - 154 - 155 - 157 - 158 - 162 - 163 - 164 - 165 - 166 - 167 - 172 - 173 - 174 - 176 - 177 - 178 - 179 - 180 - 182 - 183 - 184 - 185 - 186 - 187 - 188 - 190 - 193 - 194 - 196 - 197 - 198 - 207 - 208 - 211 - 213 - 214 - 218 - 221 - 222 - 223 - 224 - 226 - 227 - 229 - 231 - 232 - 233 - 237 - 238 - 239 - 241 - 246 - 247 - 249 - 250 - 251 - 252 - 254 - 255 - 256 - 257 - 259 - 261 - 264 - 267 - 270 - 271 - 272 - 274 - 275 - 276 - 277 - 278 - 281 - 282 - 286 - 287 - 288 - 289 - 292 - 297 - 298 - 301 - 303 - 304 - 305 - 309 - 310 - 311 - 312 - 313 - 320 - 321 - 323 - 324 - 325 - 326 - 327 - 330 - 334 - 335 - 336 - 337 - 338 - 340 - 341 - 344 - 347 - 349 - 351 - 352 - 353 - 354 - 357 - 359 - 361 - 362 - 364 - 365 - 366 - 368 - 369 - 370 - 373 - 377 - 379 - 384 - 386 - 387 - 388 - 391 - 392 - 393 - 394 - 395 - 396 - 397 - 398 - 399 - 400 - 401 - 403 - 404 - 405 - 406 - 407 - 408 - 409 - 411 - 414 - 415 - 416 - 418 - 420 - 421 - 422 - 426 - 427 - 428 - 429 - 432 - 434 - 436 - 439 - 445 - 446 - 447 - 448 - 449 - 452 - 456 - 458 - 459 - 460 - 461 - 462 - 463 - 466 - 467 - 468 - 469 - 470 - 472 - 473 - 476 - 478 - 479 - 485 - 486 - 487 - 488 - 489 - 490 - 492 - 493 - 494 - 496 - 497 - 498,537651.1,3.5,98646,105189,72.37,Cost: 98646 & Capacity: 105189
0 - 1 - 2 - 3 - 4 - 9 - 10 - 12 - 14 - 15 - 18 - 19 - 20 - 22 - 23 - 25 - 27 - 29 - 30 - 31 - 32 - 35 - 36 - 38 - 42 - 45 - 49 - 52 - 53 - 56 - 59 - 60 - 62 - 63 - 66 - 68 - 69 - 72 - 73 - 76 - 79 - 81 - 83 - 84 - 85 - 86 - 90 - 98 - 101 - 102 - 105 - 106 - 107 - 108 - 110 - 113 - 114 - 115 - 116 - 117 - 123 - 125 - 126 - 130 - 132 - 133 - 134 - 137 - 138 - 141 - 142 - 148 - 150 - 152 - 153 - 155 - 157 - 162 - 165 - 166 - 167 - 171 - 174 - 177 - 178 - 179 - 182 - 184 - 185 - 186 - 187 - 188 - 190 - 193 - 194 - 197 - 198 - 200 - 206 - 207 - 208 - 211 - 213 - 214 - 218 - 220 - 221 - 224 - 226 - 229 - 231 - 232 - 233 - 237 - 238 - 239 - 241 - 242 - 245 - 246 - 250 - 251 - 252 - 254 - 255 - 257 - 261 - 264 - 267 - 270 - 271 - 272 - 276 - 277 - 282 - 286 - 287 - 288 - 289 - 291 - 292 - 297 - 304 - 305 - 308 - 309 - 310 - 312 - 313 - 318 - 320 - 321 - 322 - 323 - 324 - 325 - 326 - 327 - 329 - 330 - 334 - 335 - 336 - 337 - 338 - 340 - 341 - 343 - 345 - 347 - 350 - 351 - 352 - 356 - 359 - 360 - 361 - 365 - 367 - 368 - 369 - 374 - 377 - 379 - 384 - 387 - 388 - 391 - 392 - 393 - 394 - 395 - 396 - 397 - 399 - 400 - 401 - 406 - 407 - 408 - 409 - 411 - 414 - 415 - 418 - 420 - 421 - 422 - 425 - 426 - 427 - 434 - 435 - 436 - 437 - 439 - 445 - 446 - 447 - 448 - 449 - 452 - 457 - 458 - 459 - 461 - 462 - 463 - 464 - 466 - 467 - 469 - 472 - 474 - 477 - 478 - 479 - 480 - 482 - 485 - 488 - 490 - 492 - 497 - 498,400729.1,6.0,98662,94062,72.91,Cost: 98662 & Capacity: 94062
0 - 1 - 2 - 6 - 9 - 10 - 11 - 12 - 14 - 15 - 18 - 19 - 20 - 22 - 24 - 25 - 27 - 28 - 29 - 30 - 31 - 32 - 34 - 35 - 38 - 40 - 44 - 46 - 49 - 52 - 53 - 57 - 58 - 59 - 61 - 62 - 63 - 64 - 66 - 68 - 69 - 72 - 73 - 75 - 76 - 81 - 84 - 85 - 86 - 87 - 91 - 95 - 96 - 97 - 98 - 105 - 106 - 107 - 108 - 110 - 111 - 112 - 113 - 114 - 115 - 117 - 119 - 123 - 124 - 125 - 126 - 127 - 130 - 131 - 132 - 133 - 134 - 135 - 137 - 138 - 139 - 141 - 142 - 143 - 144 - 147 - 149 - 150 - 152 - 153 - 154 - 155 - 157 - 158 - 162 - 163 - 164 - 165 - 166 - 167 - 172 - 173 - 174 - 176 - 177 - 178 - 179 - 180 - 182 - 183 - 184 - 185 - 186 - 187 - 188 - 190 - 193 - 194 - 196 - 197 - 198 - 207 - 208 - 211 - 213 - 214 - 218 - 221 - 222 - 223 - 224 - 226 - 227 - 229 - 231 - 232 - 233 - 237 - 238 - 239 - 241 - 246 - 247 - 249 - 250 - 251 - 252 - 254 - 255 - 256 - 257 - 259 - 261 - 264 - 267 - 270 - 271 - 272 - 274 - 275 - 276 - 277 - 278 - 281 - 282 - 286 - 287 - 288 - 289 - 292 - 297 - 298 - 301 - 303 - 304 - 305 - 309 - 310 - 311 - 312 - 313 - 320 - 321 - 323 - 324 - 325 - 326 - 327 - 330 - 334 - 335 - 336 - 337 - 338 - 340 - 341 - 344 - 347 - 349 - 351 - 352 - 353 - 354 - 357 - 359 - 361 - 362 - 364 - 365 - 366 - 368 - 369 - 370 - 373 - 377 - 379 - 384 - 386 - 387 - 388 - 391 - 392 - 393 - 394 - 395 - 396 - 397 - 398 - 399 - 400 - 401 - 403 - 404 - 405 - 406 - 407 - 408 - 409 - 411 - 414 - 415 - 416 - 418 - 420 - 421 - 422 - 426 - 427 - 428 - 429 - 432 - 434 - 436 - 439 - 445 - 446 - 447 - 448 - 449 - 452 - 456 - 458 - 459 - 460 - 461 - 462 - 463 - 466 - 467 - 468 - 469 - 470 - 472 - 473 - 476 - 478 - 479 - 485 - 486 - 487 - 488 - 489 - 490 - 492 - 493 - 494 - 496 - 497 - 498,537651.1,3.5,98646,105189,73.23,Cost: 98646 & Capacity: 105189
0 - 1 - 2 - 6 - 9 - 10 - 11 - 12 - 14 - 15 - 18 - 19 - 20 - 22 - 24 - 25 - 27 - 28 - 29 - 30 - 31 - 32 - 34 - 35 - 38 - 40 - 44 - 49 - 52 - 53 - 57 - 58 - 59 - 61 - 62 - 63 - 64 - 66 - 68 - 69 - 72 - 73 - 75 - 76 - 81 - 84 - 85 - 86 - 91 - 95 - 96 - 97 - 98 - 105 - 106 - 107 - 108 - 110 - 111 - 112 - 113 - 114 - 115 - 117 - 119 - 123 - 124 - 125 - 126 - 127 - 129 - 130 - 131 - 132 - 133 - 134 - 135 - 137 - 138 - 139 - 141 - 142 - 143 - 144 - 147 - 149 - 150 - 152 - 153 - 154 - 155 - 157 - 158 - 162 - 163 - 164 - 165 - 166 - 167 - 172 - 173 - 174 - 176 - 177 - 178 - 179 - 180 - 182 - 183 - 184 - 185 - 186 - 187 - 188 - 190 - 193 - 194 - 196 - 197 - 198 - 207 - 208 - 211 - 213 - 214 - 218 - 221 - 222 - 224 - 226 - 227 - 229 - 231 - 232 - 233 - 237 - 238 - 239 - 241 - 245 - 246 - 247 - 249 - 250 - 251 - 252 - 254 - 255 - 256 - 257 - 259 - 261 - 264 - 267 - 270 - 271 - 272 - 274 - 275 - 276 - 277 - 278 - 281 - 282 - 286 - 287 - 288 - 289 - 292 - 297 - 298 - 301 - 303 - 304 - 305 - 309 - 310 - 311 - 312 - 313 - 318 - 320 - 321 - 323 - 324 - 325 - 326 - 327 - 330 - 334 - 335 - 336 - 337 - 338 - 340 - 341 - 344 - 347 - 349 - 351 - 352 - 353 - 354 - 357 - 359 - 361 - 362 - 364 - 365 - 366 - 368 - 369 - 370 - 373 - 377 - 379 - 384 - 386 - 387 - 388 - 391 - 392 - 393 - 394 - 395 - 396 - 397 - 398 - 399 - 400 - 401 - 403 - 404 - 405 - 406 - 407 - 408 - 409 - 411 - 414 - 415 - 416 - 418 - 420 - 421 - 422 - 426 - 427 - 428 - 429 - 432 - 434 - 436 - 439 - 445 - 446 - 447 - 448 - 449 - 452 - 456 - 458 - 459 - 460 - 461 - 462 - 463 - 466 - 467 - 468 - 469 - 470 - 472 - 473 - 476 - 478 - 479 - 485 - 486 - 487 - 488 - 489 - 490 - 492 - 493 - 494 - 496 - 497 - 498,538695.4,3.0,98660,104358,74.83,Cost: 98660 & Capacity: 104358
0 - 1 - 2 - 6 - 9 - 10 - 11 - 12 - 14 - 15 - 18 - 19 - 20 - 22 - 24 - 25 - 27 - 28 - 29 - 30 - 31 - 32 - 34 - 35 - 38 - 40 - 44 - 49 - 52 - 53 - 57 - 58 - 59 - 61 - 62 - 63 - 64 - 66 - 68 - 69 - 72 - 73 - 75 - 76 - 81 - 84 - 85 - 86 - 91 - 95 - 96 - 97 - 98 - 105 - 106 - 107 - 108 - 110 - 111 - 112 - 113 - 114 - 115 - 117 - 119 - 123 - 124 - 125 - 126 - 127 - 129 - 130 - 131 - 132 - 133 - 134 - 135 - 137 - 138 - 139 - 141 - 142 - 143 - 144 - 147 - 149 - 150 - 152 - 153 - 154 - 155 - 157 - 158 - 162 - 163 - 164 - 165 - 166 - 167 - 172 - 173 - 174 - 176 - 177 - 178 - 179 - 180 - 182 - 183 - 184 - 185 - 186 - 187 - 188 - 190 - 193 - 194 - 196 - 197 - 198 - 207 - 208 - 211 - 213 - 214 - 218 - 221 - 222 - 224 - 226 - 227 - 229 - 231 - 232 - 233 - 237 - 238 - 239 - 241 - 245 - 246 - 247 - 249 - 250 - 251 - 252 - 254 - 255 - 256 - 257 - 259 - 261 - 264 - 267 - 270 - 271 - 272 - 274 - 275 - 276 - 277 - 278 - 281 - 282 - 286 - 287 - 288 - 289 - 292 - 297 - 298 - 301 - 303 - 304 - 305 - 309 - 310 - 311 - 312 - 313 - 318 - 320 - 321 - 323 - 324 - 325 - 326 - 327 - 330 - 334 - 335 - 336 - 337 - 338 - 340 - 341 - 344 - 347 - 349 - 351 - 352 - 353 - 354 - 357 - 359 - 361 - 362 - 364 - 365 - 366 - 368 - 369 - 370 - 373 - 377 - 379 - 384 - 386 - 387 - 388 - 391 - 392 - 393 - 394 - 395 - 396 - 397 - 398 - 399 - 400 - 401 - 403 - 404 - 405 - 406 - 407 - 408 - 409 - 411 - 414 - 415 - 416 - 418 - 420 - 421 - 422 - 426 - 427 - 428 - 429 - 432 - 434 - 436 - 439 - 445 - 446 - 447 - 448 - 449 - 452 - 456 - 458 - 459 - 460 - 461 - 462 - 463 - 466 - 467 - 468 - 469 - 470 - 472 - 473 - 476 - 478 - 479 - 485 - 486 - 487 - 488 - 489 - 490 - 492 - 493 - 494 - 496 - 497 - 498,538695.4,3.0,98660,104358,76.36,Cost: 98660 & Capacity: 104358
0 - 1 - 2 - 6 - 9 - 10 - 11 - 12 - 14 - 15 - 18 - 19 - 20 - 22 - 24 - 25 - 27 - 28 - 29 - 30 - 31 - 32 - 34 - 35 - 38 - 40 - 44 - 46 - 49 - 52 - 53 - 57 - 58 - 59 - 61 - 62 - 63 - 64 - 66 - 68 - 69 - 72 - 73 - 75 - 76 - 81 - 84 - 85 - 86 - 87 - 91 - 95 - 96 - 97 - 98 - 105 - 106 - 107 - 108 - 110 - 111 - 112 - 113 - 114 - 115 - 117 - 119 - 123 - 124 - 125 - 126 - 127 - 130 - 131 - 132 - 133 - 134 - 135 - 137 - 138 - 139 - 141 - 142 - 143 - 144 - 147 - 149 - 150 - 152 - 153 - 154 - 155 - 157 - 158 - 162 - 163 - 164 - 165 - 166 - 167 - 172 - 173 - 174 - 176 - 177 - 178 - 179 - 180 - 182 - 183 - 184 - 185 - 186 - 187 - 188 - 190 - 193 - 194 - 196 - 197 - 198 - 207 - 208 - 211 - 213 - 214 - 218 - 221 - 222 - 223 - 224 - 226 - 227 - 229 - 231 - 232 - 233 - 237 - 238 - 239 - 241 - 246 - 247 - 249 - 250 - 251 - 252 - 254 - 255 - 256 - 257 - 259 - 261 - 264 - 267 - 270 - 271 - 272 - 274 - 275 - 276 - 277 - 278 - 281 - 282 - 286 - 287 - 288 - 289 - 292 - 297 - 298 - 301 - 303 - 304 - 305 - 309 - 310 - 311 - 312 - 313 - 320 - 321 - 323 - 324 - 325 - 326 - 327 - 330 - 334 - 335 - 336 - 337 - 338 - 340 - 341 - 344 - 347 - 349 - 351 - 352 - 353 - 354 - 357 - 359 - 361 - 362 - 364 - 365 - 366 - 368 - 369 - 370 - 373 - 377 - 379 - 384 - 386 - 387 - 388 - 391 - 392 - 393 - 394 - 395 - 396 - 397 - 398 - 399 - 400 - 401 - 403 - 404 - 405 - 406 - 407 - 408 - 409 - 411 - 414 - 415 - 416 - 418 - 420 - 421 - 422 - 426 - 427 - 428 - 429 - 432 - 434 - 436 - 439 - 445 - 446 - 447 - 448 - 449 - 452 - 456 - 458 - 459 - 460 - 461 - 462 - 463 - 466 - 467 - 468 - 469 - 470 - 472 - 473 - 476 - 478 - 479 - 485 - 486 - 487 - 488 - 489 - 490 - 492 - 493 - 494 - 496 - 497 - 498,537651.1,3.5,98646,105189,76.4,Cost: 98646 & Capacity: 105189
0 - 1 - 4 - 8 - 20 - 28 - 32 - 36 - 45 - 50 - 52 - 56 - 58 - 60 - 64 - 66 - 69 - 71 - 75 - 76 - 81 - 83 - 90 - 98 - 99 - 101 - 102 - 104 - 116 - 121 - 126 - 135 - 137 - 138 - 142 - 146 - 148 - 153 - 156 - 157 - 158 - 163 - 165 - 167 - 172 - 173 - 185 - 186 - 190 - 201 - 203 - 206 - 207 - 208 - 214 - 224 - 231 - 250 - 255 - 265 - 266 - 267 - 272 - 276 - 277 - 286 - 287 - 291 - 293 - 297 - 303 - 306 - 309 - 310 - 314 - 322 - 326 - 328 - 329 - 330 - 335 - 345 - 346 - 349 - 354 - 360 - 368 - 373 - 374 - 376 - 383 - 384 - 388 - 392 - 393 - 394 - 399 - 400 - 403 - 412 - 414 - 415 - 417 - 418 - 422 - 427 - 428 - 437 - 441 - 443 - 444 - 445 - 448 - 449 - 452 - 457 - 458 - 459 - 463 - 464 - 478 - 480 - 482 - 486 - 488 - 492 - 496,114978.7,8.2,77211,63943,76.48,Cost: 77211 & Capacity: 63943
0 - 1 - 2 - 6 - 9 - 10 - 11 - 12 - 14 - 15 - 18 - 19 - 20 - 22 - 24 - 25 - 27 - 28 - 29 - 30 - 31 - 32 - 34 - 35 - 38 - 40 - 44 - 46 - 49 - 52 - 53 - 57 - 58 - 59 - 61 - 62 - 63 - 64 - 66 - 68 - 69 - 72 - 73 - 75 - 76 - 81 - 84 - 85 - 86 - 87 - 91 - 95 - 96 - 97 - 98 - 105 - 106 - 107 - 108 - 110 - 111 - 112 - 113 - 114 - 115 - 117 - 119 - 123 - 124 - 125 - 126 - 127 - 130 - 131 - 132 - 133 - 134 - 135 - 137 - 138 - 139 - 141 - 142 - 143 - 144 - 147 - 149 - 150 - 152 - 153 - 154 - 155 - 157 - 158 - 162 - 163 - 164 - 165 - 166 - 167 - 172 - 173 - 174 - 176 - 177 - 178 - 179 - 180 - 182 - 183 - 184 - 185 - 186 - 187 - 188 - 190 - 193 - 194 - 196 - 197 - 198 - 207 - 208 - 211 - 213 - 214 - 218 - 221 - 222 - 223 - 224 - 226 - 227 - 229 - 231 - 232 - 233 - 237 - 238 - 239 - 241 - 246 - 247 - 249 - 250 - 251 - 252 - 254 - 255 - 256 - 257 - 259 - 261 - 264 - 267 - 270 - 271 - 272 - 274 - 275 - 276 - 277 - 278 - 281 - 282 - 286 - 287 - 288 - 289 - 292 - 297 - 298 - 301 - 303 - 304 - 305 - 309 - 310 - 311 - 312 - 313 - 320 - 321 - 323 - 324 - 325 - 326 - 327 - 330 - 334 - 335 - 336 - 337 - 338 - 340 - 341 - 344 - 347 - 349 - 351 - 352 - 353 - 354 - 357 - 359 - 361 - 362 - 364 - 365 - 366 - 368 - 369 - 370 - 373 - 377 - 379 - 384 - 386 - 387 - 388 - 391 - 392 - 393 - 394 - 395 - 396 - 397 - 398 - 399 - 400 - 401 - 403 - 404 - 405 - 406 - 407 - 408 - 409 - 411 - 414 - 415 - 416 - 418 - 420 - 421 - 422 - 426 - 427 - 428 - 429 - 432 - 434 - 436 - 439 - 445 - 446 - 447 - 448 - 449 - 452 - 456 - 458 - 459 - 460 - 461 - 462 - 463 - 466 - 467 - 468 - 469 - 470 - 472 - 473 - 476 - 478 - 479 - 485 - 486 - 487 - 488 - 489 - 490 - 492 - 493 - 494 - 496 - 497 - 498,537651.1,3.5,98646,105189,83.09,Cost: 98646 & Capacity: 105189
0 - 1 - 2 - 6 - 9 - 10 - 11 - 12 - 14 - 15 - 18 - 19 - 20 - 22 - 24 - 25 - 27 - 28 - 29 - 30 - 31 - 32 - 34 - 35 - 38 - 40 - 44 - 49 - 52 - 53 - 57 - 58 - 59 - 61 - 62 - 63 - 64 - 66 - 68 - 69 - 72 - 73 - 75 - 76 - 81 - 84 - 85 - 86 - 91 - 95 - 96 - 97 - 98 - 105 - 106 - 107 - 108 - 110 - 111 - 112 - 113 - 114 - 115 - 117 - 119 - 123 - 124 - 125 - 126 - 127 - 129 - 130 - 131 - 132 - 133 - 134 - 135 - 137 - 138 - 139 - 141 - 142 - 143 - 144 - 147 - 149 - 150 - 152 - 153 - 154 - 155 - 157 - 158 - 162 - 163 - 164 - 165 - 166 - 167 - 172 - 173 - 174 - 176 - 177 - 178 - 179 - 180 - 182 - 183 - 184 - 185 - 186 - 187 - 188 - 190 - 193 - 194 - 196 - 197 - 198 - 207 - 208 - 211 - 213 - 214 - 218 - 221 - 222 - 224 - 226 - 227 - 229 - 231 - 232 - 233 - 237 - 238 - 239 - 241 - 245 - 246 - 247 - 249 - 250 - 251 - 252 - 254 - 255 - 256 - 257 - 259 - 261 - 264 - 267 - 270 - 271 - 272 - 274 - 275 - 276 - 277 - 278 - 281 - 282 - 286 - 287 - 288 - 289 - 292 - 297 - 298 - 301 - 303 - 304 - 305 - 309 - 310 - 311 - 312 - 313 - 318 - 320 - 321 - 323 - 324 - 325 - 326 - 327 - 330 - 334 - 335 - 336 - 337 - 338 - 340 - 341 - 344 - 347 - 349 - 351 - 352 - 353 - 354 - 357 - 359 - 361 - 362 - 364 - 365 - 366 - 368 - 369 - 370 - 373 - 377 - 379 - 384 - 386 - 387 - 388 - 391 - 392 - 393 - 394 - 395 - 396 - 397 - 398 - 399 - 400 - 401 - 403 - 404 - 405 - 406 - 407 - 408 - 409 - 411 - 414 - 415 - 416 - 418 - 420 - 421 - 422 - 426 - 427 - 428 - 429 - 432 - 434 - 436 - 439 - 445 - 446 - 447 - 448 - 449 - 452 - 456 - 458 - 459 - 460 - 461 - 462 - 463 - 466 - 467 - 468 - 469 - 470 - 472 - 473 - 476 - 478 - 479 - 485 - 486 - 487 - 488 - 489 - 490 - 492 - 493 - 494 - 496 - 497 - 498,538695.4,3.0,98660,104358,83.13,Cost: 98660 & Capacity: 104358
0 - 1 - 2 - 6 - 9 - 10 - 11 - 12 - 14 - 15 - 18 - 19 - 20 - 22 - 24 - 25 - 27 - 28 - 29 - 30 - 31 - 32 - 34 - 35 - 38 - 40 - 44 - 46 - 49 - 52 - 53 - 57 - 58 - 59 - 61 - 62 - 63 - 64 - 66 - 68 - 69 - 72 - 73 - 75 - 76 - 81 - 84 - 85 - 86 - 87 - 91 - 95 - 96 - 97 - 98 - 105 - 106 - 107 - 108 - 110 - 111 - 112 - 113 - 114 - 115 - 117 - 119 - 123 - 124 - 125 - 126 - 127 - 130 - 131 - 132 - 133 - 134 - 135 - 137 - 138 - 139 - 141 - 142 - 143 - 144 - 147 - 149 - 150 - 152 - 153 - 154 - 155 - 157 - 158 - 162 - 163 - 164 - 165 - 166 - 167 - 172 - 173 - 174 - 176 - 177 - 178 - 179 - 180 - 182 - 183 - 184 - 185 - 186 - 187 - 188 - 190 - 193 - 194 - 196 - 197 - 198 - 207 - 208 - 211 - 213 - 214 - 218 - 221 - 222 - 223 - 224 - 226 - 227 - 229 - 231 - 232 - 233 - 237 - 238 - 239 - 241 - 246 - 247 - 249 - 250 - 251 - 252 - 254 - 255 - 256 - 257 - 259 - 261 - 264 - 267 - 270 - 271 - 272 - 274 - 275 - 276 - 277 - 278 - 281 - 282 - 286 - 287 - 288 - 289 - 292 - 297 - 298 - 301 - 303 - 304 - 305 - 309 - 310 - 311 - 312 - 313 - 320 - 321 - 323 - 324 - 325 - 326 - 327 - 330 - 334 - 335 - 336 - 337 - 338 - 340 - 341 - 344 - 347 - 349 - 351 - 352 - 353 - 354 - 357 - 359 - 361 - 362 - 364 - 365 - 366 - 368 - 369 - 370 - 373 - 377 - 379 - 384 - 386 - 387 - 388 - 391 - 392 - 393 - 394 - 395 - 396 - 397 - 398 - 399 - 400 - 401 - 403 - 404 - 405 - 406 - 407 - 408 - 409 - 411 - 414 - 415 - 416 - 418 - 420 - 421 - 422 - 426 - 427 - 428 - 429 - 432 - 434 - 436 - 439 - 445 - 446 - 447 - 448 - 449 - 452 - 456 - 458 - 459 - 460 - 461 - 462 - 463 - 466 - 467 - 468 - 469 - 470 - 472 - 473 - 476 - 478 - 479 - 485 - 486 - 487 - 488 - 489 - 490 - 492 - 493 - 494 - 496 - 497 - 498,537651.1,3.5,98646,105189,84.44,Cost: 98646 & Capacity: 105189
0 - 1 - 2 - 4 - 9 - 10 - 11 - 14 - 15 - 18 - 19 - 20 - 22 - 24 - 25 - 27 - 28 - 29 - 30 - 31 - 32 - 33 - 35 - 36 - 38 - 40 - 41 - 42 - 49 - 52 - 53 - 57 - 58 - 59 - 61 - 62 - 63 - 64 - 66 - 68 - 69 - 72 - 73 - 75 - 76 - 81 - 84 - 85 - 86 - 91 - 96 - 97 - 98 - 105 - 106 - 107 - 108 - 110 - 112 - 113 - 114 - 115 - 117 - 121 - 123 - 125 - 126 - 127 - 128 - 130 - 132 - 133 - 134 - 136 - 137 - 138 - 139 - 141 - 142 - 144 - 147 - 150 - 152 - 153 - 155 - 157 - 162 - 163 - 165 - 166 - 167 - 172 - 174 - 175 - 176 - 177 - 178 - 179 - 182 - 183 - 184 - 185 - 186 - 187 - 188 - 190 - 193 - 194 - 196 - 197 - 198 - 206 - 207 - 208 - 211 - 213 - 214 - 218 - 220 - 221 - 222 - 223 - 224 - 226 - 227 - 229 - 231 - 233 - 237 - 238 - 239 - 241 - 242 - 243 - 246 - 247 - 250 - 251 - 252 - 254 - 255 - 257 - 259 - 261 - 262 - 264 - 267 - 270 - 271 - 272 - 275 - 276 - 277 - 281 - 282 - 286 - 287 - 288 - 289 - 290 - 291 - 292 - 297 - 298 - 301 - 304 - 305 - 308 - 309 - 312 - 313 - 317 - 318 - 320 - 321 - 322 - 323 - 325 - 326 - 327 - 330 - 334 - 335 - 336 - 337 - 338 - 340 - 341 - 347 - 348 - 349 - 351 - 352 - 353 - 357 - 359 - 361 - 362 - 364 - 365 - 369 - 377 - 379 - 384 - 385 - 387 - 388 - 391 - 392 - 393 - 394 - 395 - 396 - 397 - 398 - 399 - 400 - 404 - 405 - 406 - 407 - 408 - 409 - 411 - 415 - 418 - 420 - 421 - 422 - 426 - 427 - 435 - 436 - 439 - 444 - 445 - 446 - 447 - 448 - 449 - 452 - 457 - 458 - 459 - 461 - 462 - 463 - 464 - 466 - 467 - 468 - 469 - 472 - 473 - 476 - 477 - 478 - 479 - 480 - 485 - 486 - 488 - 489 - 490 - 492 - 494 - 497 - 498,467128.7,5.6,98656,102647,86.22,Cost: 98656 & Capacity: 102647
0 - 1 - 2 - 4 - 9 - 10 - 11 - 12 - 14 - 15 - 18 - 19 - 20 - 22 - 24 - 25 - 27 - 28 - 29 - 30 - 31 - 32 - 34 - 35 - 36 - 38 - 40 - 42 - 46 - 49 - 52 - 53 - 57 - 58 - 59 - 61 - 62 - 63 - 64 - 66 - 68 - 69 - 72 - 73 - 75 - 76 - 81 - 84 - 85 - 86 - 91 - 96 - 97 - 98 - 105 - 106 - 107 - 108 - 110 - 111 - 112 - 113 - 115 - 117 - 118 - 123 - 124 - 125 - 126 - 127 - 128 - 130 - 131 - 132 - 133 - 134 - 137 - 138 - 139 - 140 - 141 - 142 - 143 - 144 - 147 - 149 - 150 - 152 - 153 - 155 - 157 - 162 - 163 - 165 - 166 - 167 - 172 - 174 - 176 - 177 - 178 - 179 - 180 - 182 - 183 - 184 - 185 - 186 - 187 - 188 - 190 - 193 - 194 - 196 - 197 - 198 - 206 - 207 - 208 - 211 - 213 - 214 - 218 - 221 - 222 - 224 - 226 - 227 - 229 - 231 - 232 - 233 - 237 - 238 - 239 - 241 - 246 - 247 - 249 - 250 - 251 - 252 - 254 - 255 - 257 - 259 - 261 - 262 - 264 - 267 - 270 - 271 - 272 - 275 - 276 - 277 - 278 - 281 - 282 - 286 - 287 - 288 - 289 - 292 - 297 - 298 - 301 - 303 - 304 - 305 - 308 - 309 - 310 - 312 - 313 - 317 - 318 - 320 - 321 - 322 - 323 - 324 - 325 - 326 - 327 - 330 - 334 - 335 - 336 - 337 - 338 - 340 - 341 - 347 - 348 - 349 - 351 - 352 - 353 - 357 - 359 - 361 - 362 - 364 - 365 - 368 - 369 - 370 - 372 - 377 - 379 - 384 - 386 - 387 - 388 - 391 - 392 - 393 - 394 - 395 - 396 - 397 - 399 - 400 - 401 - 403 - 404 - 405 - 406 - 407 - 408 - 409 - 411 - 414 - 415 - 416 - 418 - 420 - 421 - 422 - 426 - 427 - 429 - 432 - 434 - 435 - 436 - 439 - 445 - 446 - 447 - 448 - 449 - 450 - 452 - 458 - 459 - 460 - 461 - 462 - 463 - 464 - 466 - 467 - 468 - 469 - 472 - 473 - 476 - 478 - 479 - 485 - 487 - 488 - 489 - 490 - 492 - 494 - 496 - 497 - 498,510479.5,4.8,98667,102845,88.2,Cost: 98667 & Capacity: 102845
0 - 1 - 2 - 6 - 9 - 10 - 11 - 12 - 14 - 15 - 18 - 19 - 20 - 22 - 24 - 25 - 27 - 28 - 29 - 30 - 31 - 32 - 34 - 35 - 38 - 40 - 44 - 46 - 49 - 52 - 53 - 57 - 58 - 59 - 61 - 62 - 63 - 64 - 66 - 68 - 69 - 72 - 73 - 75 - 76 - 81 - 84 - 85 - 86 - 87 - 91 - 95 - 96 - 97 - 98 - 105 - 106 - 107 - 108 - 110 - 111 - 112 - 113 - 114 - 115 - 117 - 119 - 123 - 124 - 125 - 126 - 127 - 130 - 131 - 132 - 133 - 134 - 135 - 137 - 138 - 139 - 141 - 142 - 143 - 144 - 147 - 149 - 150 - 152 - 153 - 154 - 155 - 157 - 158 - 162 - 163 - 164 - 165 - 166 - 167 - 172 - 173 - 174 - 176 - 177 - 178 - 179 - 180 - 182 - 183 - 184 - 185 - 186 - 187 - 188 - 190 - 193 - 194 - 196 - 197 - 198 - 207 - 208 - 211 - 213 - 214 - 218 - 221 - 222 - 223 - 224 - 226 - 227 - 229 - 231 - 232 - 233 - 237 - 238 - 239 - 241 - 246 - 247 - 249 - 250 - 251 - 252 - 254 - 255 - 256 - 257 - 259 - 261 - 264 - 267 - 270 - 271 - 272 - 274 - 275 - 276 - 277 - 278 - 281 - 282 - 286 - 287 - 288 - 289 - 292 - 297 - 298 - 301 - 303 - 304 - 305 - 309 - 310 - 311 - 312 - 313 - 320 - 321 - 323 - 324 - 325 - 326 - 327 - 330 - 334 - 335 - 336 - 337 - 338 - 340 - 341 - 344 - 347 - 349 - 351 - 352 - 353 - 354 - 357 - 359 - 361 - 362 - 364 - 365 - 366 - 368 - 369 - 370 - 373 - 377 - 379 - 384 - 386 - 387 - 388 - 391 - 392 - 393 - 394 - 395 - 396 - 397 - 398 - 399 - 400 - 401 - 403 - 404 - 405 - 406 - 407 - 408 - 409 - 411 - 414 - 415 - 416 - 418 - 420 - 421 - 422 - 426 - 427 - 428 - 429 - 432 - 434 - 436 - 439 - 445 - 446 - 447 - 448 - 449 - 452 - 456 - 458 - 459 - 460 - 461 - 462 - 463 - 466 - 467 - 468 - 469 - 470 - 472 - 473 - 476 - 478 - 479 - 485 - 486 - 487 - 488 - 489 - 490 - 492 - 493 - 494 - 496 - 497 - 498,537651.1,3.5,98646,105189,88.47,Cost: 98646 & Capacity: 105189
0 - 27 - 28 - 32 - 36 - 39 - 45 - 50 - 56 - 58 - 64 - 76 - 79 - 83 - 89 - 98 - 101 - 102 - 103 - 104 - 108 - 115 - 137 - 138 - 141 - 142 - 146 - 148 - 157 - 158 - 160 - 163 - 170 - 172 - 173 - 176 - 187 - 188 - 190 - 196 - 200 - 206 - 214 - 220 - 221 - 228 - 263 - 266 - 272 - 276 - 277 - 278 - 281 - 286 - 287 - 291 - 293 - 303 - 307 - 309 - 314 - 319 - 326 - 330 - 346 - 356 - 360 - 364 - 367 - 368 - 373 - 383 - 393 - 399 - 400 - 403 - 405 - 410 - 417 - 419 - 427 - 437 - 441 - 442 - 445 - 448 - 454 - 462 - 464 - 474 - 480 - 482 - 483 - 486 - 488 - 499,65148.8,8.6,70053,58388,92.78,Cost: 70053 & Capacity: 58388
0 - 1 - 2 - 6 - 9 - 10 - 11 - 12 - 14 - 15 - 18 - 19 - 20 - 22 - 24 - 25 - 27 - 28 - 29 - 30 - 31 - 32 - 34 - 35 - 38 - 40 - 44 - 46 - 49 - 52 - 53 - 57 - 58 - 59 - 61 - 62 - 63 - 64 - 66 - 68 - 69 - 72 - 73 - 75 - 76 - 81 - 84 - 85 - 86 - 87 - 91 - 95 - 96 - 97 - 98 - 105 - 106 - 107 - 108 - 110 - 111 - 112 - 113 - 114 - 115 - 117 - 119 - 123 - 124 - 125 - 126 - 127 - 130 - 131 - 132 - 133 - 134 - 135 - 137 - 138 - 139 - 141 - 142 - 143 - 144 - 147 - 149 - 150 - 152 - 153 - 154 - 155 - 157 - 158 - 162 - 163 - 164 - 165 - 166 - 167 - 172 - 173 - 174 - 176 - 177 - 178 - 179 - 180 - 182 - 183 - 184 - 185 - 186 - 187 - 188 - 190 - 193 - 194 - 196 - 197 - 198 - 207 - 208 - 211 - 213 - 214 - 218 - 221 - 222 - 223 - 224 - 226 - 227 - 229 - 231 - 232 - 233 - 237 - 238 - 239 - 241 - 246 - 247 - 249 - 250 - 251 - 252 - 254 - 255 - 256 - 257 - 259 - 261 - 264 - 267 - 270 - 271 - 272 - 274 - 275 - 276 - 277 - 278 - 281 - 282 - 286 - 287 - 288 - 289 - 292 - 297 - 298 - 301 - 303 - 304 - 305 - 309 - 310 - 311 - 312 - 313 - 320 - 321 - 323 - 324 - 325 - 326 - 327 - 330 - 334 - 335 - 336 - 337 - 338 - 340 - 341 - 344 - 347 - 349 - 351 - 352 - 353 - 354 - 357 - 359 - 361 - 362 - 364 - 365 - 366 - 368 - 369 - 370 - 373 - 377 - 379 - 384 - 386 - 387 - 388 - 391 - 392 - 393 - 394 - 395 - 396 - 397 - 398 - 399 - 400 - 401 - 403 - 404 - 405 - 406 - 407 - 408 - 409 - 411 - 414 - 415 - 416 - 418 - 420 - 421 - 422 - 426 - 427 - 428 - 429 - 432 - 434 - 436 - 439 - 445 - 446 - 447 - 448 - 449 - 452 - 456 - 458 - 459 - 460 - 461 - 462 - 463 - 466 - 467 - 468 - 469 - 470 - 472 - 473 - 476 - 478 - 479 - 485 - 486 - 487 - 488 - 489 - 490 - 492 - 493 - 494 - 496 - 497 - 498,537651.1,3.5,98646,105189,95.62,Cost: 98646 & Capacity: 105189
0 - 1 - 2 - 6 - 9 - 10 - 11 - 12 - 14 - 15 - 18 - 19 - 20 - 22 - 24 - 25 - 27 - 28 - 29 - 30 - 31 - 32 - 34 - 35 - 38 - 40 - 44 - 46 - 49 - 52 - 53 - 57 - 58 - 59 - 61 - 62 - 63 - 64 - 66 - 68 - 69 - 72 - 73 - 75 - 76 - 81 - 84 - 85 - 86 - 87 - 91 - 95 - 96 - 97 - 98 - 105 - 106 - 107 - 108 - 110 - 111 - 112 - 113 - 114 - 115 - 117 - 119 - 123 - 124 - 125 - 126 - 127 - 130 - 131 - 132 - 133 - 134 - 135 - 137 - 138 - 139 - 141 - 142 - 143 - 144 - 147 - 149 - 150 - 152 - 153 - 154 - 155 - 157 - 158 - 162 - 163 - 164 - 165 - 166 - 167 - 172 - 173 - 174 - 176 - 177 - 178 - 179 - 180 - 182 - 183 - 184 - 185 - 186 - 187 - 188 - 190 - 193 - 194 - 196 - 197 - 198 - 207 - 208 - 211 - 213 - 214 - 218 - 221 - 222 - 223 - 224 - 226 - 227 - 229 - 231 - 232 - 233 - 237 - 238 - 239 - 241 - 246 - 247 - 249 - 250 - 251 - 252 - 254 - 255 - 256 - 257 - 259 - 261 - 264 - 267 - 270 - 271 - 272 - 274 - 275 - 276 - 277 - 278 - 281 - 282 - 286 - 287 - 288 - 289 - 292 - 297 - 298 - 301 - 303 - 304 - 305 - 309 - 310 - 311 - 312 - 313 - 320 - 321 - 323 - 324 - 325 - 326 - 327 - 330 - 334 - 335 - 336 - 337 - 338 - 340 - 341 - 344 - 347 - 349 - 351 - 352 - 353 - 354 - 357 - 359 - 361 - 362 - 364 - 365 - 366 - 368 - 369 - 370 - 373 - 377 - 379 - 384 - 386 - 387 - 388 - 391 - 392 - 393 - 394 - 395 - 396 - 397 - 398 - 399 - 400 - 401 - 403 - 404 - 405 - 406 - 407 - 408 - 409 - 411 - 414 - 415 - 416 - 418 - 420 - 421 - 422 - 426 - 427 - 428 - 429 - 432 - 434 - 436 - 439 - 445 - 446 - 447 - 448 - 449 - 452 - 456 - 458 - 459 - 460 - 461 - 462 - 463 - 466 - 467 - 468 - 469 - 470 - 472 - 473 - 476 - 478 - 479 - 485 - 486 - 487 - 488 - 489 - 490 - 492 - 493 - 494 - 496 - 497 - 498,537651.1,3.5,98646,105189,96.12,Cost: 98646 & Capacity: 105189
0 - 1 - 2 - 6 - 9 - 10 - 11 - 12 - 14 - 15 - 18 - 19 - 20 - 22 - 24 - 25 - 27 - 28 - 29 - 30 - 31 - 32 - 34 - 35 - 38 - 40 - 44 - 46 - 49 - 52 - 53 - 57 - 58 - 59 - 61 - 62 - 63 - 64 - 66 - 68 - 69 - 72 - 73 - 75 - 76 - 81 - 84 - 85 - 86 - 87 - 91 - 95 - 96 - 97 - 98 - 105 - 106 - 107 - 108 - 110 - 111 - 112 - 113 - 114 - 115 - 117 - 119 - 123 - 124 - 125 - 126 - 127 - 130 - 131 - 132 - 133 - 134 - 135 - 137 - 138 - 139 - 141 - 142 - 143 - 144 - 147 - 149 - 150 - 152 - 153 - 154 - 155 - 157 - 158 - 162 - 163 - 164 - 165 - 166 - 167 - 172 - 173 - 174 - 176 - 177 - 178 - 179 - 180 - 182 - 183 - 184 - 185 - 186 - 187 - 188 - 190 - 193 - 194 - 196 - 197 - 198 - 207 - 208 - 211 - 213 - 214 - 218 - 221 - 222 - 223 - 224 - 226 - 227 - 229 - 231 - 232 - 233 - 237 - 238 - 239 - 241 - 246 - 247 - 249 - 250 - 251 - 252 - 254 - 255 - 256 - 257 - 259 - 261 - 264 - 267 - 270 - 271 - 272 - 274 - 275 - 276 - 277 - 278 - 281 - 282 - 286 - 287 - 288 - 289 - 292 - 297 - 298 - 301 - 303 - 304 - 305 - 309 - 310 - 311 - 312 - 313 - 320 - 321 - 323 - 324 - 325 - 326 - 327 - 330 - 334 - 335 - 336 - 337 - 338 - 340 - 341 - 344 - 347 - 349 - 351 - 352 - 353 - 354 - 357 - 359 - 361 - 362 - 364 - 365 - 366 - 368 - 369 - 370 - 373 - 377 - 379 - 384 - 386 - 387 - 388 - 391 - 392 - 393 - 394 - 395 - 396 - 397 - 398 - 399 - 400 - 401 - 403 - 404 - 405 - 406 - 407 - 408 - 409 - 411 - 414 - 415 - 416 - 418 - 420 - 421 - 422 - 426 - 427 - 428 - 429 - 432 - 434 - 436 - 439 - 445 - 446 - 447 - 448 - 449 - 452 - 456 - 458 - 459 - 460 - 461 - 462 - 463 - 466 - 467 - 468 - 469 - 470 - 472 - 473 - 476 - 478 - 479 - 485 - 486 - 487 - 488 - 489 - 490 - 492 - 493 - 494 - 496 - 497 - 498,537651.1,3.5,98646,105189,98.77,Cost: 98646 & Capacity: 105189
0 - 1 - 2 - 4 - 6 - 14 - 18 - 19 - 20 - 22 - 25 - 27 - 29 - 30 - 31 - 32 - 33 - 35 - 36 - 38 - 40 - 45 - 49 - 52 - 53 - 57 - 58 - 59 - 60 - 62 - 63 - 66 - 68 - 69 - 71 - 72 - 73 - 76 - 79 - 81 - 83 - 84 - 85 - 86 - 90 - 98 - 101 - 102 - 106 - 107 - 108 - 113 - 114 - 115 - 116 - 117 - 123 - 125 - 126 - 130 - 132 - 134 - 137 - 138 - 142 - 144 - 148 - 150 - 152 - 153 - 155 - 157 - 162 - 165 - 166 - 167 - 174 - 176 - 177 - 178 - 182 - 183 - 184 - 185 - 186 - 187 - 188 - 190 - 192 - 193 - 194 - 200 - 206 - 207 - 208 - 211 - 213 - 214 - 216 - 221 - 222 - 224 - 227 - 229 - 231 - 232 - 233 - 237 - 238 - 241 - 242 - 245 - 246 - 250 - 251 - 252 - 254 - 261 - 264 - 266 - 267 - 271 - 272 - 276 - 277 - 282 - 286 - 287 - 288 - 289 - 291 - 292 - 295 - 305 - 308 - 309 - 312 - 313 - 318 - 321 - 322 - 323 - 324 - 325 - 326 - 329 - 330 - 334 - 335 - 338 - 340 - 341 - 343 - 345 - 346 - 350 - 351 - 352 - 354 - 356 - 359 - 360 - 362 - 365 - 367 - 369 - 370 - 374 - 377 - 379 - 384 - 387 - 388 - 391 - 392 - 394 - 395 - 396 - 397 - 399 - 400 - 401 - 402 - 406 - 407 - 408 - 409 - 411 - 414 - 415 - 418 - 420 - 421 - 422 - 426 - 427 - 432 - 435 - 436 - 437 - 443 - 445 - 446 - 448 - 449 - 450 - 454 - 457 - 458 - 459 - 462 - 463 - 464 - 466 - 467 - 469 - 472 - 474 - 476 - 478 - 479 - 480 - 482 - 488 - 490 - 492 - 497 - 498,351008.4,6.5,98647,91094,105.51,Cost: 98647 & Capacity: 91094
0 - 1 - 2 - 6 - 9 - 10 - 11 - 12 - 14 - 15 - 18 - 19 - 20 - 22 - 24 - 25 - 27 - 28 - 29 - 30 - 31 - 32 - 34 - 35 - 38 - 40 - 44 - 49 - 52 - 53 - 57 - 58 - 59 - 61 - 62 - 63 - 64 - 66 - 68 - 69 - 72 - 73 - 75 - 76 - 81 - 84 - 85 - 86 - 91 - 95 - 96 - 97 - 98 - 105 - 106 - 107 - 108 - 110 - 111 - 112 - 113 - 114 - 115 - 117 - 119 - 123 - 124 - 125 - 126 - 127 - 129 - 130 - 131 - 132 - 133 - 134 - 135 - 137 - 138 - 139 - 141 - 142 - 143 - 144 - 147 - 149 - 150 - 152 - 153 - 154 - 155 - 157 - 158 - 162 - 163 - 164 - 165 - 166 - 167 - 172 - 173 - 174 - 176 - 177 - 178 - 179 - 180 - 182 - 183 - 184 - 185 - 186 - 187 - 188 - 190 - 193 - 194 - 196 - 197 - 198 - 207 - 208 - 211 - 213 - 214 - 218 - 221 - 222 - 224 - 226 - 227 - 229 - 231 - 232 - 233 - 237 - 238 - 239 - 241 - 245 - 246 - 247 - 249 - 250 - 251 - 252 - 254 - 255 - 256 - 257 - 259 - 261 - 264 - 267 - 270 - 271 - 272 - 274 - 275 - 276 - 277 - 278 - 281 - 282 - 286 - 287 - 288 - 289 - 292 - 297 - 298 - 301 - 303 - 304 - 305 - 309 - 310 - 311 - 312 - 313 - 318 - 320 - 321 - 323 - 324 - 325 - 326 - 327 - 330 - 334 - 335 - 336 - 337 - 338 - 340 - 341 - 344 - 347 - 349 - 351 - 352 - 353 - 354 - 357 - 359 - 361 - 362 - 364 - 365 - 366 - 368 - 369 - 370 - 373 - 377 - 379 - 384 - 386 - 387 - 388 - 391 - 392 - 393 - 394 - 395 - 396 - 397 - 398 - 399 - 400 - 401 - 403 - 404 - 405 - 406 - 407 - 408 - 409 - 411 - 414 - 415 - 416 - 418 - 420 - 421 - 422 - 426 - 427 - 428 - 429 - 432 - 434 - 436 - 439 - 445 - 446 - 447 - 448 - 449 - 452 - 456 - 458 - 459 - 460 - 461 - 462 - 463 - 466 - 467 - 468 - 469 - 470 - 472 - 473 - 476 - 478 - 479 - 485 - 486 - 487 - 488 - 489 - 490 - 492 - 493 - 494 - 496 - 497 - 498,538695.4,3.0,98660,104358,108.84,Cost: 98660 & Capacity: 104358
0 - 1 - 2 - 6 - 9 - 10 - 11 - 12 - 14 - 15 - 18 - 19 - 20 - 22 - 24 - 25 - 27 - 28 - 29 - 30 - 31 - 32 - 34 - 35 - 38 - 40 - 44 - 49 - 52 - 53 - 57 - 58 - 59 - 61 - 62 - 63 - 64 - 66 - 68 - 69 - 72 - 73 - 75 - 76 - 81 - 84 - 85 - 86 - 91 - 95 - 96 - 97 - 98 - 105 - 106 - 107 - 108 - 110 - 111 - 112 - 113 - 114 - 115 - 117 - 119 - 123 - 124 - 125 - 126 - 127 - 129 - 130 - 131 - 132 - 133 - 134 - 135 - 137 - 138 - 139 - 141 - 142 - 143 - 144 - 147 - 149 - 150 - 152 - 153 - 154 - 155 - 157 - 158 - 162 - 163 - 164 - 165 - 166 - 167 - 172 - 173 - 174 - 176 - 177 - 178 - 179 - 180 - 182 - 183 - 184 - 185 - 186 - 187 - 188 - 190 - 193 - 194 - 196 - 197 - 198 - 207 - 208 - 211 - 213 - 214 - 218 - 221 - 222 - 224 - 226 - 227 - 229 - 231 - 232 - 233 - 237 - 238 - 239 - 241 - 245 - 246 - 247 - 249 - 250 - 251 - 252 - 254 - 255 - 256 - 257 - 259 - 261 - 264 - 267 - 270 - 271 - 272 - 274 - 275 - 276 - 277 - 278 - 281 - 282 - 286 - 287 - 288 - 289 - 292 - 297 - 298 - 301 - 303 - 304 - 305 - 309 - 310 - 311 - 312 - 313 - 318 - 320 - 321 - 323 - 324 - 325 - 326 - 327 - 330 - 334 - 335 - 336 - 337 - 338 - 340 - 341 - 344 - 347 - 349 - 351 - 352 - 353 - 354 - 357 - 359 - 361 - 362 - 364 - 365 - 366 - 368 - 369 - 370 - 373 - 377 - 379 - 384 - 386 - 387 - 388 - 391 - 392 - 393 - 394 - 395 - 396 - 397 - 398 - 399 - 400 - 401 - 403 - 404 - 405 - 406 - 407 - 408 - 409 - 411 - 414 - 415 - 416 - 418 - 420 - 421 - 422 - 426 - 427 - 428 - 429 - 432 - 434 - 436 - 439 - 445 - 446 - 447 - 448 - 449 - 452 - 456 - 458 - 459 - 460 - 461 - 462 - 463 - 466 - 467 - 468 - 469 - 470 - 472 - 473 - 476 - 478 - 479 - 485 - 486 - 487 - 488 - 489 - 490 - 492 - 493 - 494 - 496 - 497 - 498,538695.4,3.0,98660,104358,115.0,Cost: 98660 & Capacity: 104358
0 - 1 - 2 - 6 - 9 - 10 - 11 - 12 - 14 - 15 - 18 - 19 - 20 - 22 - 24 - 25 - 27 - 28 - 29 - 30 - 31 - 32 - 34 - 35 - 38 - 40 - 44 - 46 - 49 - 52 - 53 - 57 - 58 - 59 - 61 - 62 - 63 - 64 - 66 - 68 - 69 - 72 - 73 - 75 - 76 - 81 - 84 - 85 - 86 - 87 - 91 - 95 - 96 - 97 - 98 - 105 - 106 - 107 - 108 - 110 - 111 - 112 - 113 - 114 - 115 - 117 - 119 - 123 - 124 - 125 - 126 - 127 - 130 - 131 - 132 - 133 - 134 - 135 - 137 - 138 - 139 - 141 - 142 - 143 - 144 - 147 - 149 - 150 - 152 - 153 - 154 - 155 - 157 - 158 - 162 - 163 - 164 - 165 - 166 - 167 - 172 - 173 - 174 - 176 - 177 - 178 - 179 - 180 - 182 - 183 - 184 - 185 - 186 - 187 - 188 - 190 - 193 - 194 - 196 - 197 - 198 - 207 - 208 - 211 - 213 - 214 - 218 - 221 - 222 - 223 - 224 - 226 - 227 - 229 - 231 - 232 - 233 - 237 - 238 - 239 - 241 - 246 - 247 - 249 - 250 - 251 - 252 - 254 - 255 - 256 - 257 - 259 - 261 - 264 - 267 - 270 - 271 - 272 - 274 - 275 - 276 - 277 - 278 - 281 - 282 - 286 - 287 - 288 - 289 - 292 - 297 - 298 - 301 - 303 - 304 - 305 - 309 - 310 - 311 - 312 - 313 - 320 - 321 - 323 - 324 - 325 - 326 - 327 - 330 - 334 - 335 - 336 - 337 - 338 - 340 - 341 - 344 - 347 - 349 - 351 - 352 - 353 - 354 - 357 - 359 - 361 - 362 - 364 - 365 - 366 - 368 - 369 - 370 - 373 - 377 - 379 - 384 - 386 - 387 - 388 - 391 - 392 - 393 - 394 - 395 - 396 - 397 - 398 - 399 - 400 - 401 - 403 - 404 - 405 - 406 - 407 - 408 - 409 - 411 - 414 - 415 - 416 - 418 - 420 - 421 - 422 - 426 - 427 - 428 - 429 - 432 - 434 - 436 - 439 - 445 - 446 - 447 - 448 - 449 - 452 - 456 - 458 - 459 - 460 - 461 - 462 - 463 - 466 - 467 - 468 - 469 - 470 - 472 - 473 - 476 - 478 - 479 - 485 - 486 - 487 - 488 - 489 - 490 - 492 - 493 - 494 - 496 - 497 - 498,537651.1,3.5,98646,105189,115.04,Cost: 98646 & Capacity: 105189
0 - 1 - 2 - 6 - 9 - 10 - 11 - 12 - 14 - 15 - 18 - 19 - 20 - 22 - 24 - 25 - 27 - 28 - 29 - 30 - 31 - 32 - 34 - 35 - 38 - 40 - 44 - 49 - 52 - 53 - 57 - 58 - 59 - 61 - 62 - 63 - 64 - 66 - 68 - 69 - 72 - 73 - 75 - 76 - 81 - 84 - 85 - 86 - 91 - 95 - 96 - 97 - 98 - 105 - 106 - 107 - 108 - 110 - 111 - 112 - 113 - 114 - 115 - 117 - 119 - 123 - 124 - 125 - 126 - 127 - 129 - 130 - 131 - 132 - 133 - 134 - 135 - 137 - 138 - 139 - 141 - 142 - 143 - 144 - 147 - 149 - 150 - 152 - 153 - 154 - 155 - 157 - 158 - 162 - 163 - 164 - 165 - 166 - 167 - 172 - 173 - 174 - 176 - 177 - 178 - 179 - 180 - 182 - 183 - 184 - 185 - 186 - 187 - 188 - 190 - 193 - 194 - 196 - 197 - 198 - 207 - 208 - 211 - 213 - 214 - 218 - 221 - 222 - 224 - 226 - 227 - 229 - 231 - 232 - 233 - 237 - 238 - 239 - 241 - 245 - 246 - 247 - 249 - 250 - 251 - 252 - 254 - 255 - 256 - 257 - 259 - 261 - 264 - 267 - 270 - 271 - 272 - 274 - 275 - 276 - 277 - 278 - 281 - 282 - 286 - 287 - 288 - 289 - 292 - 297 - 298 - 301 - 303 - 304 - 305 - 309 - 310 - 311 - 312 - 313 - 318 - 320 - 321 - 323 - 324 - 325 - 326 - 327 - 330 - 334 - 335 - 336 - 337 - 338 - 340 - 341 - 344 - 347 - 349 - 351 - 352 - 353 - 354 - 357 - 359 - 361 - 362 - 364 - 365 - 366 - 368 - 369 - 370 - 373 - 377 - 379 - 384 - 386 - 387 - 388 - 391 - 392 - 393 - 394 - 395 - 396 - 397 - 398 - 399 - 400 - 401 - 403 - 404 - 405 - 406 - 407 - 408 - 409 - 411 - 414 - 415 - 416 - 418 - 420 - 421 - 422 - 426 - 427 - 428 - 429 - 432 - 434 - 436 - 439 - 445 - 446 - 447 - 448 - 449 - 452 - 456 - 458 - 459 - 460 - 461 - 462 - 463 - 466 - 467 - 468 - 469 - 470 - 472 - 473 - 476 - 478 - 479 - 485 - 486 - 487 - 488 - 489 - 490 - 492 - 493 - 494 - 496 - 497 - 498,538695.4,3.0,98660,104358,117.52,Cost: 98660 & Capacity: 104358
0 - 1 - 2 - 6 - 9 - 10 - 11 - 12 - 14 - 15 - 18 - 19 - 20 - 22 - 24 - 25 - 27 - 28 - 29 - 30 - 31 - 32 - 34 - 35 - 38 - 40 - 44 - 46 - 49 - 52 - 53 - 57 - 58 - 59 - 61 - 62 - 63 - 64 - 66 - 68 - 69 - 72 - 73 - 75 - 76 - 81 - 84 - 85 - 86 - 87 - 91 - 95 - 96 - 97 - 98 - 105 - 106 - 107 - 108 - 110 - 111 - 112 - 113 - 114 - 115 - 117 - 119 - 123 - 124 - 125 - 126 - 127 - 130 - 131 - 132 - 133 - 134 - 135 - 137 - 138 - 139 - 141 - 142 - 143 - 144 - 147 - 149 - 150 - 152 - 153 - 154 - 155 - 157 - 158 - 162 - 163 - 164 - 165 - 166 - 167 - 172 - 173 - 174 - 176 - 177 - 178 - 179 - 180 - 182 - 183 - 184 - 185 - 186 - 187 - 188 - 190 - 193 - 194 - 196 - 197 - 198 - 207 - 208 - 211 - 213 - 214 - 218 - 221 - 222 - 223 - 224 - 226 - 227 - 229 - 231 - 232 - 233 - 237 - 238 - 239 - 241 - 246 - 247 - 249 - 250 - 251 - 252 - 254 - 255 - 256 - 257 - 259 - 261 - 264 - 267 - 270 - 271 - 272 - 274 - 275 - 276 - 277 - 278 - 281 - 282 - 286 - 287 - 288 - 289 - 292 - 297 - 298 - 301 - 303 - 304 - 305 - 309 - 310 - 311 - 312 - 313 - 320 - 321 - 323 - 324 - 325 - 326 - 327 - 330 - 334 - 335 - 336 - 337 - 338 - 340 - 341 - 344 - 347 - 349 - 351 - 352 - 353 - 354 - 357 - 359 - 361 - 362 - 364 - 365 - 366 - 368 - 369 - 370 - 373 - 377 - 379 - 384 - 386 - 387 - 388 - 391 - 392 - 393 - 394 - 395 - 396 - 397 - 398 - 399 - 400 - 401 - 403 - 404 - 405 - 406 - 407 - 408 - 409 - 411 - 414 - 415 - 416 - 418 - 420 - 421 - 422 - 426 - 427 - 428 - 429 - 432 - 434 - 436 - 439 - 445 - 446 - 447 - 448 - 449 - 452 - 456 - 458 - 459 - 460 - 461 - 462 - 463 - 466 - 467 - 468 - 469 - 470 - 472 - 473 - 476 - 478 - 479 - 485 - 486 - 487 - 488 - 489 - 490 - 492 - 493 - 494 - 496 - 497 - 498,537651.1,3.5,98646,105189,120.5,Cost: 98646 & Capacity: 105189
0 - 1 - 2 - 3 - 4 - 9 - 10 - 12 - 14 - 15 - 18 - 19 - 20 - 22 - 23 - 27 - 28 - 29 - 30 - 31 - 32 - 35 - 36 - 38 - 40 - 42 - 45 - 49 - 52 - 53 - 54 - 56 - 57 - 59 - 60 - 63 - 66 - 68 - 69 - 72 - 73 - 76 - 79 - 81 - 83 - 84 - 85 - 86 - 90 - 91 - 98 - 102 - 106 - 107 - 108 - 110 - 113 - 114 - 115 - 116 - 117 - 123 - 125 - 126 - 130 - 132 - 133 - 134 - 137 - 138 - 141 - 142 - 146 - 148 - 150 - 152 - 153 - 155 - 157 - 158 - 162 - 163 - 165 - 166 - 167 - 175 - 177 - 178 - 179 - 182 - 183 - 184 - 185 - 186 - 187 - 188 - 190 - 193 - 194 - 198 - 200 - 206 - 207 - 208 - 211 - 213 - 214 - 220 - 221 - 224 - 226 - 229 - 232 - 233 - 237 - 238 - 241 - 242 - 246 - 250 - 251 - 252 - 254 - 255 - 257 - 261 - 264 - 266 - 267 - 271 - 272 - 276 - 277 - 282 - 286 - 287 - 288 - 289 - 291 - 292 - 298 - 305 - 308 - 309 - 312 - 313 - 318 - 320 - 322 - 323 - 324 - 325 - 326 - 327 - 329 - 330 - 334 - 335 - 336 - 338 - 340 - 341 - 343 - 345 - 346 - 350 - 351 - 352 - 356 - 359 - 360 - 362 - 363 - 365 - 367 - 369 - 374 - 377 - 379 - 384 - 387 - 388 - 391 - 392 - 394 - 395 - 397 - 399 - 400 - 401 - 402 - 406 - 407 - 408 - 411 - 414 - 415 - 418 - 420 - 421 - 422 - 426 - 427 - 430 - 432 - 434 - 435 - 436 - 437 - 439 - 445 - 446 - 447 - 448 - 449 - 452 - 457 - 458 - 459 - 463 - 464 - 466 - 469 - 472 - 474 - 478 - 479 - 480 - 482 - 488 - 490 - 492 - 497 - 498,366778.7,6.4,98637,91848,120.93,Cost: 98637 & Capacity: 91848
0 - 1 - 2 - 3 - 4 - 9 - 14 - 18 - 19 - 20 - 22 - 27 - 29 - 30 - 31 - 32 - 35 - 36 - 40 - 45 - 49 - 52 - 57 - 58 - 59 - 60 - 62 - 63 - 64 - 66 - 69 - 73 - 79 - 84 - 85 - 86 - 90 - 91 - 93 - 96 - 98 - 99 - 101 - 102 - 103 - 106 - 107 - 113 - 114 - 116 - 117 - 123 - 125 - 126 - 130 - 132 - 133 - 134 - 137 - 142 - 144 - 146 - 148 - 150 - 152 - 153 - 155 - 156 - 157 - 158 - 159 - 162 - 163 - 165 - 166 - 167 - 177 - 178 - 182 - 183 - 184 - 185 - 186 - 187 - 192 - 193 - 194 - 200 - 206 - 207 - 208 - 211 - 213 - 214 - 218 - 220 - 221 - 224 - 226 - 229 - 237 - 238 - 241 - 244 - 246 - 250 - 251 - 252 - 254 - 257 - 260 - 261 - 264 - 266 - 267 - 271 - 272 - 276 - 277 - 281 - 282 - 286 - 287 - 288 - 292 - 293 - 297 - 298 - 304 - 307 - 308 - 309 - 312 - 323 - 324 - 326 - 327 - 329 - 330 - 334 - 335 - 336 - 338 - 341 - 343 - 345 - 346 - 349 - 350 - 351 - 352 - 356 - 359 - 360 - 361 - 365 - 369 - 370 - 380 - 384 - 387 - 388 - 391 - 392 - 394 - 395 - 397 - 399 - 400 - 402 - 403 - 405 - 406 - 407 - 408 - 411 - 415 - 418 - 420 - 421 - 422 - 426 - 427 - 430 - 434 - 435 - 437 - 440 - 443 - 445 - 446 - 448 - 449 - 454 - 457 - 459 - 462 - 463 - 464 - 467 - 472 - 474 - 478 - 480 - 482 - 488 - 492 - 497 - 498,295279.1,6.9,98548,87357,120.98,Cost: 98548 & Capacity: 87357
0 - 1 - 2 - 6 - 9 - 10 - 11 - 12 - 14 - 15 - 18 - 19 - 20 - 22 - 24 - 25 - 27 - 28 - 29 - 30 - 31 - 32 - 34 - 35 - 38 - 40 - 44 - 49 - 52 - 53 - 57 - 58 - 59 - 61 - 62 - 63 - 64 - 66 - 68 - 69 - 72 - 73 - 75 - 76 - 81 - 84 - 85 - 86 - 91 - 95 - 96 - 97 - 98 - 105 - 106 - 107 - 108 - 110 - 111 - 112 - 113 - 114 - 115 - 117 - 119 - 123 - 124 - 125 - 126 - 127 - 129 - 130 - 131 - 132 - 133 - 134 - 135 - 137 - 138 - 139 - 141 - 142 - 143 - 144 - 147 - 149 - 150 - 152 - 153 - 154 - 155 - 157 - 158 - 162 - 163 - 164 - 165 - 166 - 167 - 172 - 173 - 174 - 176 - 177 - 178 - 179 - 180 - 182 - 183 - 184 - 185 - 186 - 187 - 188 - 190 - 193 - 194 - 196 - 197 - 198 - 207 - 208 - 211 - 213 - 214 - 218 - 221 - 222 - 224 - 226 - 227 - 229 - 231 - 232 - 233 - 237 - 238 - 239 - 241 - 245 - 246 - 247 - 249 - 250 - 251 - 252 - 254 - 255 - 256 - 257 - 259 - 261 - 264 - 267 - 270 - 271 - 272 - 274 - 275 - 276 - 277 - 278 - 281 - 282 - 286 - 287 - 288 - 289 - 292 - 297 - 298 - 301 - 303 - 304 - 305 - 309 - 310 - 311 - 312 - 313 - 318 - 320 - 321 - 323 - 324 - 325 - 326 - 327 - 330 - 334 - 335 - 336 - 337 - 338 - 340 - 341 - 344 - 347 - 349 - 351 - 352 - 353 - 354 - 357 - 359 - 361 - 362 - 364 - 365 - 366 - 368 - 369 - 370 - 373 - 377 - 379 - 384 - 386 - 387 - 388 - 391 - 392 - 393 - 394 - 395 - 396 - 397 - 398 - 399 - 400 - 401 - 403 - 404 - 405 - 406 - 407 - 408 - 409 - 411 - 414 - 415 - 416 - 418 - 420 - 421 - 422 - 426 - 427 - 428 - 429 - 432 - 434 - 436 - 439 - 445 - 446 - 447 - 448 - 449 - 452 - 456 - 458 - 459 - 460 - 461 - 462 - 463 - 466 - 467 - 468 - 469 - 470 - 472 - 473 - 476 - 478 - 479 - 485 - 486 - 487 - 488 - 489 - 490 - 492 - 493 - 494 - 496 - 497 - 498,538695.4,3.0,98660,104358,122.22,Cost: 98660 & Capacity: 104358
0 - 1 - 2 - 6 - 9 - 10 - 11 - 12 - 14 - 15 - 18 - 19 - 20 - 22 - 24 - 25 - 27 - 28 - 29 - 30 - 31 - 32 - 34 - 35 - 38 - 40 - 44 - 49 - 52 - 53 - 57 - 58 - 59 - 61 - 62 - 63 - 64 - 66 - 68 - 69 - 72 - 73 - 75 - 76 - 81 - 84 - 85 - 86 - 91 - 95 - 96 - 97 - 98 - 105 - 106 - 107 - 108 - 110 - 111 - 112 - 113 - 114 - 115 - 117 - 119 - 123 - 124 - 125 - 126 - 127 - 129 - 130 - 131 - 132 - 133 - 134 - 135 - 137 - 138 - 139 - 141 - 142 - 143 - 144 - 147 - 149 - 150 - 152 - 153 - 154 - 155 - 157 - 158 - 162 - 163 - 164 - 165 - 166 - 167 - 172 - 173 - 174 - 176 - 177 - 178 - 179 - 180 - 182 - 183 - 184 - 185 - 186 - 187 - 188 - 190 - 193 - 194 - 196 - 197 - 198 - 207 - 208 - 211 - 213 - 214 - 218 - 221 - 222 - 224 - 226 - 227 - 229 - 231 - 232 - 233 - 237 - 238 - 239 - 241 - 245 - 246 - 247 - 249 - 250 - 251 - 252 - 254 - 255 - 256 - 257 - 259 - 261 - 264 - 267 - 270 - 271 - 272 - 274 - 275 - 276 - 277 - 278 - 281 - 282 - 286 - 287 - 288 - 289 - 292 - 297 - 298 - 301 - 303 - 304 - 305 - 309 - 310 - 311 - 312 - 313 - 318 - 320 - 321 - 323 - 324 - 325 - 326 - 327 - 330 - 334 - 335 - 336 - 337 - 338 - 340 - 341 - 344 - 347 - 349 - 351 - 352 - 353 - 354 - 357 - 359 - 361 - 362 - 364 - 365 - 366 - 368 - 369 - 370 - 373 - 377 - 379 - 384 - 386 - 387 - 388 - 391 - 392 - 393 - 394 - 395 - 396 - 397 - 398 - 399 - 400 - 401 - 403 - 404 - 405 - 406 - 407 - 408 - 409 - 411 - 414 - 415 - 416 - 418 - 420 - 421 - 422 - 426 - 427 - 428 - 429 - 432 - 434 - 436 - 439 - 445 - 446 - 447 - 448 - 449 - 452 - 456 - 458 - 459 - 460 - 461 - 462 - 463 - 466 - 467 - 468 - 469 - 470 - 472 - 473 - 476 - 478 - 479 - 485 - 486 - 487 - 488 - 489 - 490 - 492 - 493 - 494 - 496 - 497 - 498,538695.4,3.0,98660,104358,123.52,Cost: 98660 & Capacity: 104358
0 - 1 - 2 - 4 - 6 - 9 - 10 - 11 - 12 - 14 - 15 - 18 - 19 - 20 - 22 - 24 - 25 - 27 - 28 - 29 - 30 - 31 - 32 - 34 - 35 - 38 - 40 - 49 - 52 - 53 - 57 - 58 - 59 - 61 - 62 - 63 - 64 - 66 - 68 - 69 - 72 - 73 - 75 - 76 - 81 - 84 - 85 - 86 - 91 - 95 - 96 - 97 - 98 - 105 - 106 - 107 - 108 - 110 - 111 - 112 - 113 - 114 - 115 - 117 - 119 - 123 - 124 - 125 - 126 - 127 - 129 - 130 - 131 - 132 - 133 - 134 - 135 - 137 - 138 - 139 - 141 - 142 - 143 - 144 - 147 - 149 - 150 - 152 - 153 - 154 - 155 - 157 - 158 - 162 - 163 - 164 - 165 - 166 - 167 - 172 - 173 - 174 - 176 - 177 - 178 - 179 - 180 - 182 - 183 - 184 - 185 - 186 - 187 - 188 - 190 - 193 - 194 - 196 - 197 - 198 - 207 - 208 - 211 - 213 - 214 - 218 - 221 - 222 - 223 - 224 - 226 - 227 - 229 - 231 - 232 - 233 - 237 - 238 - 239 - 241 - 245 - 246 - 247 - 249 - 250 - 251 - 252 - 254 - 255 - 256 - 257 - 259 - 261 - 264 - 267 - 270 - 271 - 272 - 274 - 275 - 276 - 277 - 278 - 281 - 282 - 286 - 287 - 288 - 289 - 292 - 297 - 298 - 301 - 303 - 304 - 305 - 309 - 310 - 311 - 312 - 313 - 320 - 321 - 323 - 324 - 325 - 326 - 327 - 330 - 334 - 335 - 336 - 337 - 338 - 340 - 341 - 344 - 347 - 349 - 351 - 352 - 353 - 354 - 357 - 359 - 361 - 362 - 364 - 365 - 366 - 368 - 369 - 370 - 373 - 377 - 379 - 384 - 386 - 387 - 388 - 391 - 392 - 393 - 394 - 395 - 396 - 397 - 398 - 399 - 400 - 401 - 403 - 404 - 405 - 406 - 407 - 408 - 409 - 411 - 414 - 415 - 416 - 418 - 420 - 421 - 422 - 426 - 427 - 428 - 429 - 432 - 434 - 436 - 439 - 445 - 446 - 447 - 448 - 449 - 452 - 456 - 458 - 459 - 460 - 461 - 462 - 463 - 466 - 467 - 468 - 469 - 470 - 472 - 473 - 476 - 478 - 479 - 485 - 486 - 487 - 488 - 489 - 490 - 492 - 493 - 494 - 496 - 497 - 498,538780.9,3.0,98660,105076,123.9,Cost: 98660 & Capacity: 105076
0 - 1 - 2 - 6 - 9 - 10 - 11 - 12 - 14 - 15 - 18 - 19 - 20 - 22 - 24 - 25 - 27 - 28 - 29 - 30 - 31 - 32 - 34 - 35 - 38 - 40 - 44 - 46 - 49 - 52 - 53 - 57 - 58 - 59 - 61 - 62 - 63 - 64 - 66 - 68 - 69 - 72 - 73 - 75 - 76 - 81 - 84 - 85 - 86 - 87 - 91 - 95 - 96 - 97 - 98 - 105 - 106 - 107 - 108 - 110 - 111 - 112 - 113 - 114 - 115 - 117 - 119 - 123 - 124 - 125 - 126 - 127 - 130 - 131 - 132 - 133 - 134 - 135 - 137 - 138 - 139 - 141 - 142 - 143 - 144 - 147 - 149 - 150 - 152 - 153 - 154 - 155 - 157 - 158 - 162 - 163 - 164 - 165 - 166 - 167 - 172 - 173 - 174 - 176 - 177 - 178 - 179 - 180 - 182 - 183 - 184 - 185 - 186 - 187 - 188 - 190 - 193 - 194 - 196 - 197 - 198 - 207 - 208 - 211 - 213 - 214 - 218 - 221 - 222 - 223 - 224 - 226 - 227 - 229 - 231 - 232 - 233 - 237 - 238 - 239 - 241 - 246 - 247 - 249 - 250 - 251 - 252 - 254 - 255 - 256 - 257 - 259 - 261 - 264 - 267 - 270 - 271 - 272 - 274 - 275 - 276 - 277 - 278 - 281 - 282 - 286 - 287 - 288 - 289 - 292 - 297 - 298 - 301 - 303 - 304 - 305 - 309 - 310 - 311 - 312 - 313 - 320 - 321 - 323 - 324 - 325 - 326 - 327 - 330 - 334 - 335 - 336 - 337 - 338 - 340 - 341 - 344 - 347 - 349 - 351 - 352 - 353 - 354 - 357 - 359 - 361 - 362 - 364 - 365 - 366 - 368 - 369 - 370 - 373 - 377 - 379 - 384 - 386 - 387 - 388 - 391 - 392 - 393 - 394 - 395 - 396 - 397 - 398 - 399 - 400 - 401 - 403 - 404 - 405 - 406 - 407 - 408 - 409 - 411 - 414 - 415 - 416 - 418 - 420 - 421 - 422 - 426 - 427 - 428 - 429 - 432 - 434 - 436 - 439 - 445 - 446 - 447 - 448 - 449 - 452 - 456 - 458 - 459 - 460 - 461 - 462 - 463 - 466 - 467 - 468 - 469 - 470 - 472 - 473 - 476 - 478 - 479 - 485 - 486 - 487 - 488 - 489 - 490 - 492 - 493 - 494 - 496 - 497 - 498,537651.1,3.5,98646,105189,124.13,Cost: 98646 & Capacity: 105189
0 - 1 - 2 - 6 - 9 - 10 - 11 - 12 - 14 - 15 - 18 - 19 - 20 - 22 - 24 - 25 - 27 - 28 - 29 - 30 - 31 - 32 - 34 - 35 - 38 - 40 - 44 - 46 - 49 - 52 - 53 - 57 - 58 - 59 - 61 - 62 - 63 - 64 - 66 - 68 - 69 - 72 - 73 - 75 - 76 - 81 - 84 - 85 - 86 - 87 - 91 - 95 - 96 - 97 - 98 - 105 - 106 - 107 - 108 - 110 - 111 - 112 - 113 - 114 - 115 - 117 - 119 - 123 - 124 - 125 - 126 - 127 - 130 - 131 - 132 - 133 - 134 - 135 - 137 - 138 - 139 - 141 - 142 - 143 - 144 - 147 - 149 - 150 - 152 - 153 - 154 - 155 - 157 - 158 - 162 - 163 - 164 - 165 - 166 - 167 - 172 - 173 - 174 - 176 - 177 - 178 - 179 - 180 - 182 - 183 - 184 - 185 - 186 - 187 - 188 - 190 - 193 - 194 - 196 - 197 - 198 - 207 - 208 - 211 - 213 - 214 - 218 - 221 - 222 - 223 - 224 - 226 - 227 - 229 - 231 - 232 - 233 - 237 - 238 - 239 - 241 - 246 - 247 - 249 - 250 - 251 - 252 - 254 - 255 - 256 - 257 - 259 - 261 - 264 - 267 - 270 - 271 - 272 - 274 - 275 - 276 - 277 - 278 - 281 - 282 - 286 - 287 - 288 - 289 - 292 - 297 - 298 - 301 - 303 - 304 - 305 - 309 - 310 - 311 - 312 - 313 - 320 - 321 - 323 - 324 - 325 - 326 - 327 - 330 - 334 - 335 - 336 - 337 - 338 - 340 - 341 - 344 - 347 - 349 - 351 - 352 - 353 - 354 - 357 - 359 - 361 - 362 - 364 - 365 - 366 - 368 - 369 - 370 - 373 - 377 - 379 - 384 - 386 - 387 - 388 - 391 - 392 - 393 - 394 - 395 - 396 - 397 - 398 - 399 - 400 - 401 - 403 - 404 - 405 - 406 - 407 - 408 - 409 - 411 - 414 - 415 - 416 - 418 - 420 - 421 - 422 - 426 - 427 - 428 - 429 - 432 - 434 - 436 - 439 - 445 - 446 - 447 - 448 - 449 - 452 - 456 - 458 - 459 - 460 - 461 - 462 - 463 - 466 - 467 - 468 - 469 - 470 - 472 - 473 - 476 - 478 - 479 - 485 - 486 - 487 - 488 - 489 - 490 - 492 - 493 - 494 - 496 - 497 - 498,537651.1,3.5,98646,105189,127.42,Cost: 98646 & Capacity: 105189
0 - 1 - 2 - 4 - 9 - 10 - 11 - 14 - 19 - 20 - 22 - 24 - 25 - 27 - 28 - 29 - 30 - 31 - 32 - 33 - 35 - 36 - 38 - 40 - 42 - 45 - 47 - 49 - 52 - 53 - 58 - 59 - 60 - 61 - 62 - 63 - 64 - 66 - 69 - 72 - 73 - 75 - 76 - 81 - 84 - 85 - 86 - 91 - 97 - 98 - 102 - 105 - 106 - 107 - 108 - 110 - 112 - 114 - 115 - 117 - 123 - 125 - 126 - 127 - 128 - 130 - 131 - 132 - 133 - 134 - 137 - 138 - 142 - 144 - 148 - 150 - 153 - 154 - 155 - 157 - 162 - 163 - 165 - 166 - 167 - 172 - 175 - 176 - 177 - 178 - 179 - 182 - 183 - 184 - 185 - 186 - 187 - 188 - 190 - 193 - 194 - 197 - 198 - 201 - 206 - 207 - 208 - 211 - 213 - 214 - 218 - 220 - 221 - 222 - 224 - 226 - 227 - 229 - 232 - 233 - 237 - 238 - 239 - 241 - 242 - 246 - 250 - 251 - 252 - 254 - 255 - 257 - 259 - 261 - 262 - 264 - 270 - 271 - 272 - 275 - 276 - 277 - 278 - 282 - 286 - 287 - 288 - 289 - 291 - 297 - 298 - 301 - 304 - 305 - 308 - 309 - 312 - 318 - 320 - 321 - 322 - 323 - 324 - 325 - 326 - 327 - 329 - 330 - 334 - 335 - 337 - 338 - 340 - 341 - 347 - 349 - 351 - 352 - 353 - 354 - 360 - 361 - 362 - 363 - 365 - 367 - 368 - 369 - 370 - 377 - 379 - 384 - 387 - 388 - 391 - 392 - 393 - 394 - 396 - 397 - 398 - 399 - 400 - 403 - 404 - 405 - 406 - 407 - 408 - 409 - 411 - 415 - 416 - 418 - 419 - 420 - 421 - 422 - 425 - 426 - 427 - 435 - 436 - 439 - 445 - 446 - 447 - 448 - 449 - 452 - 457 - 458 - 459 - 461 - 462 - 463 - 464 - 466 - 467 - 468 - 469 - 472 - 473 - 476 - 477 - 478 - 480 - 482 - 485 - 487 - 488 - 489 - 490 - 492 - 496 - 497 - 498,436056.0,5.9,98667,98563,131.6,Cost: 98667 & Capacity: 98563
0 - 1 - 2 - 6 - 9 - 10 - 11 - 12 - 14 - 15 - 18 - 19 - 20 - 22 - 24 - 25 - 27 - 28 - 29 - 30 - 31 - 32 - 34 - 35 - 38 - 40 - 44 - 46 - 49 - 52 - 53 - 57 - 58 - 59 - 61 - 62 - 63 - 64 - 66 - 68 - 69 - 72 - 73 - 75 - 76 - 81 - 84 - 85 - 86 - 87 - 91 - 95 - 96 - 97 - 98 - 105 - 106 - 107 - 108 - 110 - 111 - 112 - 113 - 114 - 115 - 117 - 119 - 123 - 124 - 125 - 126 - 127 - 130 - 131 - 132 - 133 - 134 - 135 - 137 - 138 - 139 - 141 - 142 - 143 - 144 - 147 - 149 - 150 - 152 - 153 - 154 - 155 - 157 - 158 - 162 - 163 - 164 - 165 - 166 - 167 - 172 - 173 - 174 - 176 - 177 - 178 - 179 - 180 - 182 - 183 - 184 - 185 - 186 - 187 - 188 - 190 - 193 - 194 - 196 - 197 - 198 - 207 - 208 - 211 - 213 - 214 - 218 - 221 - 222 - 223 - 224 - 226 - 227 - 229 - 231 - 232 - 233 - 237 - 238 - 239 - 241 - 246 - 247 - 249 - 250 - 251 - 252 - 254 - 255 - 256 - 257 - 259 - 261 - 264 - 267 - 270 - 271 - 272 - 274 - 275 - 276 - 277 - 278 - 281 - 282 - 286 - 287 - 288 - 289 - 292 - 297 - 298 - 301 - 303 - 304 - 305 - 309 - 310 - 311 - 312 - 313 - 320 - 321 - 323 - 324 - 325 - 326 - 327 - 330 - 334 - 335 - 336 - 337 - 338 - 340 - 341 - 344 - 347 - 349 - 351 - 352 - 353 - 354 - 357 - 359 - 361 - 362 - 364 - 365 - 366 - 368 - 369 - 370 - 373 - 377 - 379 - 384 - 386 - 387 - 388 - 391 - 392 - 393 - 394 - 395 - 396 - 397 - 398 - 399 - 400 - 401 - 403 - 404 - 405 - 406 - 407 - 408 - 409 - 411 - 414 - 415 - 416 - 418 - 420 - 421 - 422 - 426 - 427 - 428 - 429 - 432 - 434 - 436 - 439 - 445 - 446 - 447 - 448 - 449 - 452 - 456 - 458 - 459 - 460 - 461 - 462 - 463 - 466 - 467 - 468 - 469 - 470 - 472 - 473 - 476 - 478 - 479 - 485 - 486 - 487 - 488 - 489 - 490 - 492 - 493 - 494 - 496 - 497 - 498,537651.1,3.5,98646,105189,135.56,Cost: 98646 & Capacity: 105189
0 - 1 - 4 - 6 - 8 - 20 - 22 - 25 - 29 - 30 - 31 - 32 - 35 - 36 - 40 - 45 - 49 - 52 - 56 - 58 - 60 - 61 - 63 - 66 - 69 - 73 - 75 - 76 - 83 - 84 - 85 - 86 - 89 - 93 - 98 - 99 - 101 - 102 - 103 - 104 - 116 - 117 - 123 - 124 - 126 - 132 - 133 - 134 - 136 - 137 - 138 - 142 - 146 - 148 - 150 - 153 - 155 - 156 - 157 - 162 - 163 - 165 - 166 - 167 - 172 - 173 - 176 - 177 - 183 - 184 - 185 - 186 - 187 - 190 - 192 - 194 - 200 - 206 - 207 - 208 - 211 - 220 - 221 - 222 - 224 - 226 - 233 - 235 - 241 - 246 - 250 - 252 - 254 - 260 - 271 - 272 - 276 - 281 - 282 - 286 - 287 - 291 - 295 - 297 - 298 - 304 - 309 - 321 - 322 - 323 - 325 - 326 - 328 - 329 - 334 - 335 - 341 - 343 - 344 - 346 - 349 - 350 - 352 - 353 - 354 - 356 - 360 - 361 - 362 - 365 - 368 - 370 - 374 - 384 - 385 - 387 - 388 - 391 - 392 - 393 - 394 - 400 - 401 - 403 - 404 - 407 - 408 - 409 - 413 - 414 - 415 - 416 - 418 - 419 - 420 - 421 - 422 - 427 - 431 - 437 - 440 - 441 - 443 - 445 - 446 - 448 - 449 - 454 - 456 - 457 - 458 - 459 - 462 - 463 - 464 - 466 - 467 - 469 - 472 - 474 - 476 - 478 - 480 - 482 - 486 - 488 - 489 - 490 - 492 - 494 - 496 - 497 - 498,256448.6,7.2,98048,86420,139.25,Cost: 98048 & Capacity: 86420
0 - 1 - 2 - 4 - 9 - 10 - 11 - 12 - 14 - 15 - 18 - 19 - 20 - 22 - 24 - 25 - 27 - 28 - 29 - 30 - 31 - 32 - 34 - 35 - 36 - 38 - 40 - 45 - 46 - 47 - 49 - 52 - 53 - 57 - 58 - 59 - 61 - 62 - 63 - 64 - 66 - 68 - 69 - 72 - 73 - 75 - 76 - 81 - 84 - 85 - 86 - 91 - 96 - 97 - 98 - 105 - 106 - 107 - 108 - 110 - 111 - 112 - 113 - 115 - 117 - 118 - 123 - 124 - 125 - 126 - 128 - 130 - 131 - 132 - 133 - 134 - 137 - 138 - 139 - 140 - 141 - 142 - 143 - 144 - 147 - 149 - 150 - 152 - 153 - 155 - 157 - 162 - 163 - 165 - 166 - 167 - 174 - 176 - 177 - 178 - 179 - 180 - 182 - 183 - 184 - 185 - 186 - 187 - 188 - 190 - 193 - 194 - 196 - 197 - 198 - 206 - 207 - 208 - 211 - 213 - 214 - 218 - 220 - 221 - 222 - 224 - 226 - 227 - 229 - 231 - 232 - 233 - 236 - 237 - 238 - 239 - 241 - 243 - 246 - 247 - 249 - 250 - 251 - 252 - 254 - 255 - 257 - 259 - 261 - 262 - 264 - 267 - 270 - 271 - 272 - 275 - 276 - 277 - 281 - 282 - 286 - 287 - 288 - 289 - 290 - 292 - 297 - 298 - 301 - 303 - 304 - 305 - 308 - 309 - 312 - 313 - 317 - 318 - 320 - 321 - 322 - 323 - 324 - 325 - 326 - 327 - 330 - 334 - 335 - 336 - 337 - 338 - 340 - 341 - 347 - 348 - 349 - 351 - 352 - 353 - 357 - 359 - 361 - 362 - 364 - 365 - 369 - 370 - 372 - 377 - 379 - 384 - 386 - 387 - 388 - 391 - 392 - 393 - 394 - 395 - 396 - 397 - 398 - 399 - 400 - 401 - 403 - 404 - 405 - 406 - 407 - 408 - 409 - 411 - 415 - 416 - 418 - 420 - 421 - 422 - 426 - 427 - 434 - 435 - 436 - 439 - 445 - 446 - 447 - 448 - 449 - 450 - 452 - 458 - 459 - 461 - 462 - 463 - 464 - 466 - 467 - 468 - 469 - 472 - 473 - 476 - 478 - 485 - 487 - 488 - 489 - 490 - 492 - 494 - 496 - 497 - 498,494737.8,5.2,98662,102693,143.63,Cost: 98662 & Capacity: 102693
0 - 1 - 4 - 6 - 8 - 11 - 19 - 25 - 27 - 29 - 32 - 36 - 41 - 42 - 43 - 45 - 47 - 49 - 50 - 52 - 53 - 54 - 58 - 60 - 64 - 66 - 69 - 71 - 75 - 76 - 79 - 83 - 85 - 92 - 93 - 98 - 102 - 104 - 107 - 116 - 121 - 123 - 126 - 134 - 135 - 137 - 141 - 142 - 146 - 147 - 148 - 150 - 153 - 155 - 156 - 157 - 158 - 167 - 171 - 173 - 176 - 185 - 186 - 187 - 192 - 201 - 203 - 206 - 207 - 208 - 211 - 213 - 214 - 220 - 221 - 224 - 225 - 226 - 229 - 233 - 241 - 244 - 245 - 250 - 255 - 266 - 271 - 272 - 276 - 281 - 286 - 287 - 291 - 297 - 303 - 304 - 309 - 310 - 312 - 314 - 318 - 319 - 321 - 322 - 326 - 329 - 330 - 338 - 339 - 345 - 346 - 349 - 352 - 353 - 354 - 356 - 359 - 360 - 364 - 369 - 376 - 383 - 388 - 391 - 392 - 394 - 399 - 400 - 403 - 413 - 414 - 415 - 416 - 417 - 418 - 421 - 422 - 431 - 437 - 440 - 441 - 443 - 445 - 448 - 449 - 452 - 454 - 457 - 458 - 464 - 470 - 471 - 473 - 474 - 478 - 480 - 482 - 486 - 488 - 489 - 492,180714.0,7.6,98363,82366,144.76,Cost: 98363 & Capacity: 82366
0 - 1 - 2 - 6 - 9 - 10 - 11 - 12 - 14 - 15 - 18 - 19 - 20 - 22 - 24 - 25 - 27 - 28 - 29 - 30 - 31 - 32 - 34 - 35 - 38 - 40 - 44 - 46 - 49 - 52 - 53 - 57 - 58 - 59 - 61 - 62 - 63 - 64 - 66 - 68 - 69 - 72 - 73 - 75 - 76 - 81 - 84 - 85 - 86 - 87 - 91 - 95 - 96 - 97 - 98 - 105 - 106 - 107 - 108 - 110 - 111 - 112 - 113 - 114 - 115 - 117 - 119 - 123 - 124 - 125 - 126 - 127 - 130 - 131 - 132 - 133 - 134 - 135 - 137 - 138 - 139 - 141 - 142 - 143 - 144 - 147 - 149 - 150 - 152 - 153 - 154 - 155 - 157 - 158 - 162 - 163 - 164 - 165 - 166 - 167 - 172 - 173 - 174 - 176 - 177 - 178 - 179 - 180 - 182 - 183 - 184 - 185 - 186 - 187 - 188 - 190 - 193 - 194 - 196 - 197 - 198 - 207 - 208 - 211 - 213 - 214 - 218 - 221 - 222 - 223 - 224 - 226 - 227 - 229 - 231 - 232 - 233 - 237 - 238 - 239 - 241 - 246 - 247 - 249 - 250 - 251 - 252 - 254 - 255 - 256 - 257 - 259 - 261 - 264 - 267 - 270 - 271 - 272 - 274 - 275 - 276 - 277 - 278 - 281 - 282 - 286 - 287 - 288 - 289 - 292 - 297 - 298 - 301 - 303 - 304 - 305 - 309 - 310 - 311 - 312 - 313 - 320 - 321 - 323 - 324 - 325 - 326 - 327 - 330 - 334 - 335 - 336 - 337 - 338 - 340 - 341 - 344 - 347 - 349 - 351 - 352 - 353 - 354 - 357 - 359 - 361 - 362 - 364 - 365 - 366 - 368 - 369 - 370 - 373 - 377 - 379 - 384 - 386 - 387 - 388 - 391 - 392 - 393 - 394 - 395 - 396 - 397 - 398 - 399 - 400 - 401 - 403 - 404 - 405 - 406 - 407 - 408 - 409 - 411 - 414 - 415 - 416 - 418 - 420 - 421 - 422 - 426 - 427 - 428 - 429 - 432 - 434 - 436 - 439 - 445 - 446 - 447 - 448 - 449 - 452 - 456 - 458 - 459 - 460 - 461 - 462 - 463 - 466 - 467 - 468 - 469 - 470 - 472 - 473 - 476 - 478 - 479 - 485 - 486 - 487 - 488 - 489 - 490 - 492 - 493 - 494 - 496 - 497 - 498,537651.1,3.5,98646,105189,145.2,Cost: 98646 & Capacity: 105189
0 - 1 - 2 - 6 - 9 - 10 - 11 - 12 - 14 - 15 - 18 - 19 - 20 - 22 - 24 - 25 - 27 - 28 - 29 - 30 - 31 - 32 - 34 - 35 - 38 - 40 - 44 - 49 - 52 - 53 - 57 - 58 - 59 - 61 - 62 - 63 - 64 - 66 - 68 - 69 - 72 - 73 - 75 - 76 - 81 - 84 - 85 - 86 - 91 - 95 - 96 - 97 - 98 - 105 - 106 - 107 - 108 - 110 - 111 - 112 - 113 - 114 - 115 - 117 - 119 - 123 - 124 - 125 - 126 - 127 - 129 - 130 - 131 - 132 - 133 - 134 - 135 - 137 - 138 - 139 - 141 - 142 - 143 - 144 - 147 - 149 - 150 - 152 - 153 - 154 - 155 - 157 - 158 - 162 - 163 - 164 - 165 - 166 - 167 - 172 - 173 - 174 - 176 - 177 - 178 - 179 - 180 - 182 - 183 - 184 - 185 - 186 - 187 - 188 - 190 - 193 - 194 - 196 - 197 - 198 - 207 - 208 - 211 - 213 - 214 - 218 - 221 - 222 - 224 - 226 - 227 - 229 - 231 - 232 - 233 - 237 - 238 - 239 - 241 - 245 - 246 - 247 - 249 - 250 - 251 - 252 - 254 - 255 - 256 - 257 - 259 - 261 - 264 - 267 - 270 - 271 - 272 - 274 - 275 - 276 - 277 - 278 - 281 - 282 - 286 - 287 - 288 - 289 - 292 - 297 - 298 - 301 - 303 - 304 - 305 - 309 - 310 - 311 - 312 - 313 - 318 - 320 - 321 - 323 - 324 - 325 - 326 - 327 - 330 - 334 - 335 - 336 - 337 - 338 - 340 - 341 - 344 - 347 - 349 - 351 - 352 - 353 - 354 - 357 - 359 - 361 - 362 - 364 - 365 - 366 - 368 - 369 - 370 - 373 - 377 - 379 - 384 - 386 - 387 - 388 - 391 - 392 - 393 - 394 - 395 - 396 - 397 - 398 - 399 - 400 - 401 - 403 - 404 - 405 - 406 - 407 - 408 - 409 - 411 - 414 - 415 - 416 - 418 - 420 - 421 - 422 - 426 - 427 - 428 - 429 - 432 - 434 - 436 - 439 - 445 - 446 - 447 - 448 - 449 - 452 - 456 - 458 - 459 - 460 - 461 - 462 - 463 - 466 - 467 - 468 - 469 - 470 - 472 - 473 - 476 - 478 - 479 - 485 - 486 - 487 - 488 - 489 - 490 - 492 - 493 - 494 - 496 - 497 - 498,538695.4,3.0,98660,104358,145.23,Cost: 98660 & Capacity: 104358
0 - 1 - 2 - 6 - 9 - 10 - 11 - 12 - 14 - 15 - 18 - 19 - 20 - 22 - 24 - 25 - 27 - 28 - 29 - 30 - 31 - 32 - 34 - 35 - 38 - 40 - 44 - 46 - 49 - 52 - 53 - 57 - 58 - 59 - 61 - 62 - 63 - 64 - 66 - 68 - 69 - 72 - 73 - 75 - 76 - 81 - 84 - 85 - 86 - 87 - 91 - 95 - 96 - 97 - 98 - 105 - 106 - 107 - 108 - 110 - 111 - 112 - 113 - 114 - 115 - 117 - 119 - 123 - 124 - 125 - 126 - 127 - 130 - 131 - 132 - 133 - 134 - 135 - 137 - 138 - 139 - 141 - 142 - 143 - 144 - 147 - 149 - 150 - 152 - 153 - 154 - 155 - 157 - 158 - 162 - 163 - 164 - 165 - 166 - 167 - 172 - 173 - 174 - 176 - 177 - 178 - 179 - 180 - 182 - 183 - 184 - 185 - 186 - 187 - 188 - 190 - 193 - 194 - 196 - 197 - 198 - 207 - 208 - 211 - 213 - 214 - 218 - 221 - 222 - 223 - 224 - 226 - 227 - 229 - 231 - 232 - 233 - 237 - 238 - 239 - 241 - 246 - 247 - 249 - 250 - 251 - 252 - 254 - 255 - 256 - 257 - 259 - 261 - 264 - 267 - 270 - 271 - 272 - 274 - 275 - 276 - 277 - 278 - 281 - 282 - 286 - 287 - 288 - 289 - 292 - 297 - 298 - 301 - 303 - 304 - 305 - 309 - 310 - 311 - 312 - 313 - 320 - 321 - 323 - 324 - 325 - 326 - 327 - 330 - 334 - 335 - 336 - 337 - 338 - 340 - 341 - 344 - 347 - 349 - 351 - 352 - 353 - 354 - 357 - 359 - 361 - 362 - 364 - 365 - 366 - 368 - 369 - 370 - 373 - 377 - 379 - 384 - 386 - 387 - 388 - 391 - 392 - 393 - 394 - 395 - 396 - 397 - 398 - 399 - 400 - 401 - 403 - 404 - 405 - 406 - 407 - 408 - 409 - 411 - 414 - 415 - 416 - 418 - 420 - 421 - 422 - 426 - 427 - 428 - 429 - 432 - 434 - 436 - 439 - 445 - 446 - 447 - 448 - 449 - 452 - 456 - 458 - 459 - 460 - 461 - 462 - 463 - 466 - 467 - 468 - 469 - 470 - 472 - 473 - 476 - 478 - 479 - 485 - 486 - 487 - 488 - 489 - 490 - 492 - 493 - 494 - 496 - 497 - 498,537651.1,3.5,98646,105189,146.6,Cost: 98646 & Capacity: 105189
0 - 1 - 2 - 6 - 9 - 10 - 11 - 12 - 14 - 15 - 18 - 19 - 20 - 22 - 24 - 25 - 27 - 28 - 29 - 30 - 31 - 32 - 34 - 35 - 38 - 40 - 44 - 49 - 52 - 53 - 57 - 58 - 59 - 61 - 62 - 63 - 64 - 66 - 68 - 69 - 72 - 73 - 75 - 76 - 81 - 84 - 85 - 86 - 91 - 95 - 96 - 97 - 98 - 105 - 106 - 107 - 108 - 110 - 111 - 112 - 113 - 114 - 115 - 117 - 119 - 123 - 124 - 125 - 126 - 127 - 129 - 130 - 131 - 132 - 133 - 134 - 135 - 137 - 138 - 139 - 141 - 142 - 143 - 144 - 147 - 149 - 150 - 152 - 153 - 154 - 155 - 157 - 158 - 162 - 163 - 164 - 165 - 166 - 167 - 172 - 173 - 174 - 176 - 177 - 178 - 179 - 180 - 182 - 183 - 184 - 185 - 186 - 187 - 188 - 190 - 193 - 194 - 196 - 197 - 198 - 207 - 208 - 211 - 213 - 214 - 218 - 221 - 222 - 224 - 226 - 227 - 229 - 231 - 232 - 233 - 237 - 238 - 239 - 241 - 245 - 246 - 247 - 249 - 250 - 251 - 252 - 254 - 255 - 256 - 257 - 259 - 261 - 264 - 267 - 270 - 271 - 272 - 274 - 275 - 276 - 277 - 278 - 281 - 282 - 286 - 287 - 288 - 289 - 292 - 297 - 298 - 301 - 303 - 304 - 305 - 309 - 310 - 311 - 312 - 313 - 318 - 320 - 321 - 323 - 324 - 325 - 326 - 327 - 330 - 334 - 335 - 336 - 337 - 338 - 340 - 341 - 344 - 347 - 349 - 351 - 352 - 353 - 354 - 357 - 359 - 361 - 362 - 364 - 365 - 366 - 368 - 369 - 370 - 373 - 377 - 379 - 384 - 386 - 387 - 388 - 391 - 392 - 393 - 394 - 395 - 396 - 397 - 398 - 399 - 400 - 401 - 403 - 404 - 405 - 406 - 407 - 408 - 409 - 411 - 414 - 415 - 416 - 418 - 420 - 421 - 422 - 426 - 427 - 428 - 429 - 432 - 434 - 436 - 439 - 445 - 446 - 447 - 448 - 449 - 452 - 456 - 458 - 459 - 460 - 461 - 462 - 463 - 466 - 467 - 468 - 469 - 470 - 472 - 473 - 476 - 478 - 479 - 485 - 486 - 487 - 488 - 489 - 490 - 492 - 493 - 494 - 496 - 497 - 498,538695.4,3.0,98660,104358,153.94,Cost: 98660 & Capacity: 104358
0 - 1 - 2 - 6 - 9 - 10 - 11 - 12 - 14 - 15 - 18 - 19 - 20 - 22 - 24 - 25 - 27 - 28 - 29 - 30 - 31 - 32 - 34 - 35 - 38 - 40 - 44 - 46 - 49 - 52 - 53 - 57 - 58 - 59 - 61 - 62 - 63 - 64 - 66 - 68 - 69 - 72 - 73 - 75 - 76 - 81 - 84 - 85 - 86 - 87 - 91 - 95 - 96 - 97 - 98 - 105 - 106 - 107 - 108 - 110 - 111 - 112 - 113 - 114 - 115 - 117 - 119 - 123 - 124 - 125 - 126 - 127 - 130 - 131 - 132 - 133 - 134 - 135 - 137 - 138 - 139 - 141 - 142 - 143 - 144 - 147 - 149 - 150 - 152 - 153 - 154 - 155 - 157 - 158 - 162 - 163 - 164 - 165 - 166 - 167 - 172 - 173 - 174 - 176 - 177 - 178 - 179 - 180 - 182 - 183 - 184 - 185 - 186 - 187 - 188 - 190 - 193 - 194 - 196 - 197 - 198 - 207 - 208 - 211 - 213 - 214 - 218 - 221 - 222 - 223 - 224 - 226 - 227 - 229 - 231 - 232 - 233 - 237 - 238 - 239 - 241 - 246 - 247 - 249 - 250 - 251 - 252 - 254 - 255 - 256 - 257 - 259 - 261 - 264 - 267 - 270 - 271 - 272 - 274 - 275 - 276 - 277 - 278 - 281 - 282 - 286 - 287 - 288 - 289 - 292 - 297 - 298 - 301 - 303 - 304 - 305 - 309 - 310 - 311 - 312 - 313 - 320 - 321 - 323 - 324 - 325 - 326 - 327 - 330 - 334 - 335 - 336 - 337 - 338 - 340 - 341 - 344 - 347 - 349 - 351 - 352 - 353 - 354 - 357 - 359 - 361 - 362 - 364 - 365 - 366 - 368 - 369 - 370 - 373 - 377 - 379 - 384 - 386 - 387 - 388 - 391 - 392 - 393 - 394 - 395 - 396 - 397 - 398 - 399 - 400 - 401 - 403 - 404 - 405 - 406 - 407 - 408 - 409 - 411 - 414 - 415 - 416 - 418 - 420 - 421 - 422 - 426 - 427 - 428 - 429 - 432 - 434 - 436 - 439 - 445 - 446 - 447 - 448 - 449 - 452 - 456 - 458 - 459 - 460 - 461 - 462 - 463 - 466 - 467 - 468 - 469 - 470 - 472 - 473 - 476 - 478 - 479 - 485 - 486 - 487 - 488 - 489 - 490 - 492 - 493 - 494 - 496 - 497 - 498,537651.1,3.5,98646,105189,153.98,Cost: 98646 & Capacity: 105189
0 - 1 - 2 - 6 - 9 - 10 - 11 - 12 - 14 - 15 - 18 - 19 - 20 - 22 - 24 - 25 - 27 - 28 - 29 - 30 - 31 - 32 - 34 - 35 - 38 - 40 - 44 - 49 - 52 - 53 - 57 - 58 - 59 - 61 - 62 - 63 - 64 - 66 - 68 - 69 - 72 - 73 - 75 - 76 - 81 - 84 - 85 - 86 - 87 - 91 - 95 - 96 - 97 - 98 - 105 - 106 - 107 - 108 - 110 - 111 - 112 - 113 - 114 - 115 - 117 - 118 - 119 - 123 - 124 - 125 - 126 - 127 - 130 - 131 - 132 - 133 - 134 - 135 - 137 - 138 - 139 - 140 - 141 - 142 - 143 - 144 - 147 - 149 - 150 - 152 - 153 - 155 - 157 - 158 - 162 - 163 - 164 - 165 - 167 - 172 - 173 - 174 - 176 - 177 - 178 - 179 - 180 - 182 - 183 - 184 - 185 - 186 - 187 - 188 - 190 - 193 - 194 - 196 - 197 - 198 - 207 - 208 - 211 - 213 - 214 - 218 - 221 - 222 - 223 - 224 - 226 - 227 - 229 - 231 - 232 - 233 - 237 - 238 - 239 - 241 - 246 - 247 - 249 - 250 - 251 - 252 - 254 - 255 - 256 - 257 - 259 - 261 - 264 - 267 - 270 - 271 - 272 - 274 - 275 - 276 - 277 - 278 - 281 - 282 - 286 - 287 - 288 - 289 - 292 - 297 - 298 - 301 - 303 - 304 - 305 - 309 - 310 - 311 - 312 - 313 - 318 - 320 - 321 - 323 - 324 - 325 - 326 - 327 - 330 - 334 - 335 - 336 - 337 - 338 - 340 - 341 - 344 - 347 - 349 - 351 - 352 - 353 - 354 - 357 - 359 - 361 - 362 - 364 - 365 - 366 - 368 - 369 - 370 - 373 - 377 - 379 - 384 - 386 - 387 - 388 - 391 - 392 - 393 - 394 - 395 - 396 - 397 - 398 - 399 - 400 - 401 - 403 - 404 - 405 - 406 - 407 - 408 - 411 - 414 - 415 - 416 - 418 - 420 - 421 - 422 - 426 - 427 - 428 - 429 - 432 - 434 - 436 - 439 - 445 - 446 - 447 - 448 - 449 - 452 - 456 - 458 - 459 - 460 - 461 - 462 - 463 - 466 - 467 - 468 - 469 - 470 - 472 - 473 - 476 - 478 - 479 - 485 - 486 - 487 - 488 - 489 - 490 - 492 - 493 - 494 - 496 - 497 - 498,533719.7,4.0,98664,104975,154.99,Cost: 98664 & Capacity: 104975
0 - 1 - 2 - 6 - 9 - 10 - 11 - 12 - 14 - 15 - 18 - 19 - 20 - 22 - 24 - 25 - 27 - 28 - 29 - 30 - 31 - 32 - 34 - 35 - 38 - 40 - 44 - 46 - 49 - 52 - 53 - 57 - 58 - 59 - 61 - 62 - 63 - 64 - 66 - 68 - 69 - 72 - 73 - 75 - 76 - 81 - 84 - 85 - 86 - 87 - 91 - 95 - 96 - 97 - 98 - 105 - 106 - 107 - 108 - 110 - 111 - 112 - 113 - 114 - 115 - 117 - 119 - 123 - 124 - 125 - 126 - 127 - 130 - 131 - 132 - 133 - 134 - 135 - 137 - 138 - 139 - 141 - 142 - 143 - 144 - 147 - 149 - 150 - 152 - 153 - 154 - 155 - 157 - 158 - 162 - 163 - 164 - 165 - 166 - 167 - 172 - 173 - 174 - 176 - 177 - 178 - 179 - 180 - 182 - 183 - 184 - 185 - 186 - 187 - 188 - 190 - 193 - 194 - 196 - 197 - 198 - 207 - 208 - 211 - 213 - 214 - 218 - 221 - 222 - 223 - 224 - 226 - 227 - 229 - 231 - 232 - 233 - 237 - 238 - 239 - 241 - 246 - 247 - 249 - 250 - 251 - 252 - 254 - 255 - 256 - 257 - 259 - 261 - 264 - 267 - 270 - 271 - 272 - 274 - 275 - 276 - 277 - 278 - 281 - 282 - 286 - 287 - 288 - 289 - 292 - 297 - 298 - 301 - 303 - 304 - 305 - 309 - 310 - 311 - 312 - 313 - 320 - 321 - 323 - 324 - 325 - 326 - 327 - 330 - 334 - 335 - 336 - 337 - 338 - 340 - 341 - 344 - 347 - 349 - 351 - 352 - 353 - 354 - 357 - 359 - 361 - 362 - 364 - 365 - 366 - 368 - 369 - 370 - 373 - 377 - 379 - 384 - 386 - 387 - 388 - 391 - 392 - 393 - 394 - 395 - 396 - 397 - 398 - 399 - 400 - 401 - 403 - 404 - 405 - 406 - 407 - 408 - 409 - 411 - 414 - 415 - 416 - 418 - 420 - 421 - 422 - 426 - 427 - 428 - 429 - 432 - 434 - 436 - 439 - 445 - 446 - 447 - 448 - 449 - 452 - 456 - 458 - 459 - 460 - 461 - 462 - 463 - 466 - 467 - 468 - 469 - 470 - 472 - 473 - 476 - 478 - 479 - 485 - 486 - 487 - 488 - 489 - 490 - 492 - 493 - 494 - 496 - 497 - 498,537651.1,3.5,98646,105189,156.02,Cost: 98646 & Capacity: 105189
0 - 1 - 2 - 6 - 9 - 10 - 11 - 12 - 14 - 15 - 18 - 19 - 20 - 22 - 24 - 25 - 27 - 28 - 29 - 30 - 31 - 32 - 34 - 35 - 38 - 40 - 44 - 46 - 49 - 52 - 53 - 57 - 58 - 59 - 61 - 62 - 63 - 64 - 66 - 68 - 69 - 72 - 73 - 75 - 76 - 81 - 84 - 85 - 86 - 87 - 91 - 95 - 96 - 97 - 98 - 105 - 106 - 107 - 108 - 110 - 111 - 112 - 113 - 114 - 115 - 117 - 119 - 123 - 124 - 125 - 126 - 127 - 130 - 131 - 132 - 133 - 134 - 135 - 137 - 138 - 139 - 141 - 142 - 143 - 144 - 147 - 149 - 150 - 152 - 153 - 154 - 155 - 157 - 158 - 162 - 163 - 164 - 165 - 166 - 167 - 172 - 173 - 174 - 176 - 177 - 178 - 179 - 180 - 182 - 183 - 184 - 185 - 186 - 187 - 188 - 190 - 193 - 194 - 196 - 197 - 198 - 207 - 208 - 211 - 213 - 214 - 218 - 221 - 222 - 223 - 224 - 226 - 227 - 229 - 231 - 232 - 233 - 237 - 238 - 239 - 241 - 246 - 247 - 249 - 250 - 251 - 252 - 254 - 255 - 256 - 257 - 259 - 261 - 264 - 267 - 270 - 271 - 272 - 274 - 275 - 276 - 277 - 278 - 281 - 282 - 286 - 287 - 288 - 289 - 292 - 297 - 298 - 301 - 303 - 304 - 305 - 309 - 310 - 311 - 312 - 313 - 320 - 321 - 323 - 324 - 325 - 326 - 327 - 330 - 334 - 335 - 336 - 337 - 338 - 340 - 341 - 344 - 347 - 349 - 351 - 352 - 353 - 354 - 357 - 359 - 361 - 362 - 364 - 365 - 366 - 368 - 369 - 370 - 373 - 377 - 379 - 384 - 386 - 387 - 388 - 391 - 392 - 393 - 394 - 395 - 396 - 397 - 398 - 399 - 400 - 401 - 403 - 404 - 405 - 406 - 407 - 408 - 409 - 411 - 414 - 415 - 416 - 418 - 420 - 421 - 422 - 426 - 427 - 428 - 429 - 432 - 434 - 436 - 439 - 445 - 446 - 447 - 448 - 449 - 452 - 456 - 458 - 459 - 460 - 461 - 462 - 463 - 466 - 467 - 468 - 469 - 470 - 472 - 473 - 476 - 478 - 479 - 485 - 486 - 487 - 488 - 489 - 490 - 492 - 493 - 494 - 496 - 497 - 498,537651.1,3.5,98646,105189,156.55,Cost: 98646 & Capacity: 105189
0 - 1 - 2 - 6 - 9 - 10 - 11 - 12 - 14 - 15 - 18 - 19 - 20 - 22 - 24 - 25 - 27 - 28 - 29 - 30 - 31 - 32 - 34 - 35 - 38 - 40 - 46 - 49 - 52 - 53 - 57 - 58 - 59 - 61 - 62 - 63 - 64 - 66 - 68 - 69 - 72 - 73 - 75 - 76 - 81 - 84 - 85 - 86 - 87 - 91 - 95 - 96 - 97 - 98 - 105 - 106 - 107 - 108 - 110 - 112 - 113 - 114 - 115 - 117 - 119 - 123 - 124 - 125 - 126 - 127 - 130 - 131 - 132 - 133 - 134 - 135 - 137 - 138 - 139 - 141 - 142 - 143 - 144 - 147 - 149 - 150 - 152 - 153 - 154 - 155 - 157 - 158 - 162 - 163 - 164 - 165 - 166 - 167 - 172 - 173 - 174 - 176 - 177 - 178 - 179 - 180 - 182 - 183 - 184 - 185 - 186 - 187 - 188 - 190 - 193 - 194 - 196 - 197 - 198 - 207 - 208 - 211 - 213 - 214 - 218 - 221 - 222 - 223 - 224 - 226 - 227 - 229 - 231 - 232 - 233 - 237 - 238 - 239 - 241 - 245 - 246 - 247 - 249 - 250 - 251 - 252 - 254 - 255 - 256 - 257 - 259 - 261 - 264 - 267 - 270 - 271 - 272 - 274 - 275 - 276 - 277 - 278 - 281 - 282 - 286 - 287 - 288 - 289 - 292 - 297 - 298 - 301 - 303 - 304 - 305 - 309 - 310 - 311 - 312 - 313 - 318 - 320 - 321 - 323 - 324 - 325 - 326 - 327 - 330 - 334 - 335 - 336 - 337 - 338 - 340 - 341 - 344 - 347 - 349 - 351 - 352 - 353 - 354 - 357 - 359 - 361 - 362 - 364 - 365 - 366 - 368 - 369 - 370 - 373 - 377 - 379 - 384 - 386 - 387 - 388 - 391 - 392 - 393 - 394 - 395 - 396 - 397 - 398 - 399 - 400 - 401 - 403 - 404 - 405 - 406 - 407 - 408 - 409 - 411 - 414 - 415 - 416 - 418 - 420 - 421 - 422 - 426 - 427 - 428 - 429 - 432 - 434 - 436 - 439 - 445 - 446 - 447 - 448 - 449 - 452 - 456 - 458 - 459 - 460 - 461 - 462 - 463 - 466 - 467 - 468 - 469 - 470 - 472 - 473 - 476 - 478 - 479 - 485 - 486 - 487 - 488 - 489 - 490 - 492 - 493 - 494 - 496 - 497 - 498,538118.6,3.3,98665,104930,158.17,Cost: 98665 & Capacity: 104930
0 - 1 - 2 - 6 - 9 - 10 - 11 - 12 - 14 - 15 - 18 - 19 - 20 - 22 - 24 - 25 - 27 - 28 - 29 - 30 - 31 - 32 - 34 - 35 - 38 - 40 - 44 - 46 - 49 - 52 - 53 - 57 - 58 - 59 - 61 - 62 - 63 - 64 - 66 - 68 - 69 - 72 - 73 - 75 - 76 - 81 - 84 - 85 - 86 - 87 - 91 - 95 - 96 - 97 - 98 - 105 - 106 - 107 - 108 - 110 - 111 - 112 - 113 - 114 - 115 - 117 - 119 - 123 - 124 - 125 - 126 - 127 - 130 - 131 - 132 - 133 - 134 - 135 - 137 - 138 - 139 - 141 - 142 - 143 - 144 - 147 - 149 - 150 - 152 - 153 - 154 - 155 - 157 - 158 - 162 - 163 - 164 - 165 - 166 - 167 - 172 - 173 - 174 - 176 - 177 - 178 - 179 - 180 - 182 - 183 - 184 - 185 - 186 - 187 - 188 - 190 - 193 - 194 - 196 - 197 - 198 - 207 - 208 - 211 - 213 - 214 - 218 - 221 - 222 - 223 - 224 - 226 - 227 - 229 - 231 - 232 - 233 - 237 - 238 - 239 - 241 - 246 - 247 - 249 - 250 - 251 - 252 - 254 - 255 - 256 - 257 - 259 - 261 - 264 - 267 - 270 - 271 - 272 - 274 - 275 - 276 - 277 - 278 - 281 - 282 - 286 - 287 - 288 - 289 - 292 - 297 - 298 - 301 - 303 - 304 - 305 - 309 - 310 - 311 - 312 - 313 - 320 - 321 - 323 - 324 - 325 - 326 - 327 - 330 - 334 - 335 - 336 - 337 - 338 - 340 - 341 - 344 - 347 - 349 - 351 - 352 - 353 - 354 - 357 - 359 - 361 - 362 - 364 - 365 - 366 - 368 - 369 - 370 - 373 - 377 - 379 - 384 - 386 - 387 - 388 - 391 - 392 - 393 - 394 - 395 - 396 - 397 - 398 - 399 - 400 - 401 - 403 - 404 - 405 - 406 - 407 - 408 - 409 - 411 - 414 - 415 - 416 - 418 - 420 - 421 - 422 - 426 - 427 - 428 - 429 - 432 - 434 - 436 - 439 - 445 - 446 - 447 - 448 - 449 - 452 - 456 - 458 - 459 - 460 - 461 - 462 - 463 - 466 - 467 - 468 - 469 - 470 - 472 - 473 - 476 - 478 - 479 - 485 - 486 - 487 - 488 - 489 - 490 - 492 - 493 - 494 - 496 - 497 - 498,537651.1,3.5,98646,105189,159.52,Cost: 98646 & Capacity: 105189
0 - 1 - 2 - 6 - 9 - 10 - 11 - 12 - 14 - 15 - 18 - 19 - 20 - 22 - 24 - 25 - 27 - 28 - 29 - 30 - 31 - 32 - 34 - 35 - 38 - 40 - 44 - 46 - 49 - 52 - 53 - 57 - 58 - 59 - 61 - 62 - 63 - 64 - 66 - 68 - 69 - 72 - 73 - 75 - 76 - 81 - 84 - 85 - 86 - 87 - 91 - 95 - 96 - 97 - 98 - 105 - 106 - 107 - 108 - 110 - 111 - 112 - 113 - 114 - 115 - 117 - 119 - 123 - 124 - 125 - 126 - 127 - 130 - 131 - 132 - 133 - 134 - 135 - 137 - 138 - 139 - 141 - 142 - 143 - 144 - 147 - 149 - 150 - 152 - 153 - 154 - 155 - 157 - 158 - 162 - 163 - 164 - 165 - 166 - 167 - 172 - 173 - 174 - 176 - 177 - 178 - 179 - 180 - 182 - 183 - 184 - 185 - 186 - 187 - 188 - 190 - 193 - 194 - 196 - 197 - 198 - 207 - 208 - 211 - 213 - 214 - 218 - 221 - 222 - 223 - 224 - 226 - 227 - 229 - 231 - 232 - 233 - 237 - 238 - 239 - 241 - 246 - 247 - 249 - 250 - 251 - 252 - 254 - 255 - 256 - 257 - 259 - 261 - 264 - 267 - 270 - 271 - 272 - 274 - 275 - 276 - 277 - 278 - 281 - 282 - 286 - 287 - 288 - 289 - 292 - 297 - 298 - 301 - 303 - 304 - 305 - 309 - 310 - 311 - 312 - 313 - 320 - 321 - 323 - 324 - 325 - 326 - 327 - 330 - 334 - 335 - 336 - 337 - 338 - 340 - 341 - 344 - 347 - 349 - 351 - 352 - 353 - 354 - 357 - 359 - 361 - 362 - 364 - 365 - 366 - 368 - 369 - 370 - 373 - 377 - 379 - 384 - 386 - 387 - 388 - 391 - 392 - 393 - 394 - 395 - 396 - 397 - 398 - 399 - 400 - 401 - 403 - 404 - 405 - 406 - 407 - 408 - 409 - 411 - 414 - 415 - 416 - 418 - 420 - 421 - 422 - 426 - 427 - 428 - 429 - 432 - 434 - 436 - 439 - 445 - 446 - 447 - 448 - 449 - 452 - 456 - 458 - 459 - 460 - 461 - 462 - 463 - 466 - 467 - 468 - 469 - 470 - 472 - 473 - 476 - 478 - 479 - 485 - 486 - 487 - 488 - 489 - 490 - 492 - 493 - 494 - 496 - 497 - 498,537651.1,3.5,98646,105189,160.13,Cost: 98646 & Capacity: 105189
0 - 1 - 2 - 4 - 9 - 10 - 11 - 12 - 14 - 15 - 18 - 19 - 20 - 22 - 24 - 25 - 27 - 28 - 29 - 30 - 31 - 32 - 34 - 35 - 36 - 38 - 40 - 42 - 46 - 49 - 52 - 53 - 57 - 58 - 59 - 61 - 62 - 63 - 64 - 66 - 68 - 69 - 72 - 73 - 75 - 76 - 81 - 84 - 85 - 86 - 91 - 96 - 97 - 98 - 105 - 106 - 107 - 108 - 110 - 111 - 112 - 113 - 115 - 117 - 118 - 123 - 124 - 125 - 126 - 127 - 128 - 130 - 131 - 132 - 133 - 134 - 137 - 138 - 139 - 140 - 141 - 142 - 143 - 144 - 147 - 149 - 150 - 152 - 153 - 155 - 157 - 162 - 163 - 165 - 166 - 167 - 172 - 174 - 176 - 177 - 178 - 179 - 180 - 182 - 183 - 184 - 185 - 186 - 187 - 188 - 190 - 193 - 194 - 196 - 197 - 198 - 207 - 208 - 211 - 213 - 214 - 218 - 221 - 222 - 224 - 226 - 227 - 229 - 231 - 232 - 233 - 236 - 237 - 238 - 239 - 241 - 243 - 246 - 247 - 249 - 250 - 251 - 252 - 254 - 255 - 257 - 259 - 261 - 264 - 267 - 270 - 271 - 272 - 275 - 276 - 277 - 281 - 282 - 286 - 287 - 288 - 289 - 292 - 297 - 298 - 301 - 303 - 304 - 305 - 308 - 309 - 310 - 312 - 313 - 317 - 318 - 320 - 321 - 322 - 323 - 324 - 325 - 326 - 327 - 330 - 334 - 335 - 336 - 337 - 338 - 340 - 341 - 347 - 348 - 349 - 351 - 352 - 353 - 357 - 359 - 361 - 362 - 364 - 365 - 368 - 369 - 370 - 372 - 377 - 379 - 384 - 386 - 387 - 388 - 391 - 392 - 393 - 394 - 395 - 396 - 397 - 398 - 399 - 400 - 401 - 403 - 404 - 405 - 406 - 407 - 408 - 409 - 411 - 414 - 415 - 416 - 418 - 420 - 421 - 422 - 426 - 427 - 429 - 432 - 434 - 435 - 436 - 439 - 445 - 446 - 447 - 448 - 449 - 450 - 452 - 458 - 459 - 460 - 461 - 462 - 463 - 464 - 466 - 467 - 468 - 469 - 472 - 473 - 476 - 478 - 479 - 485 - 487 - 488 - 489 - 490 - 492 - 494 - 496 - 497 - 498,508817.0,4.9,98666,102943,163.89,Cost: 98666 & Capacity: 102943
0 - 1 - 2 - 4 - 9 - 10 - 11 - 12 - 14 - 15 - 18 - 19 - 20 - 22 - 24 - 25 - 27 - 28 - 29 - 30 - 31 - 32 - 34 - 35 - 36 - 38 - 40 - 49 - 52 - 53 - 57 - 58 - 59 - 61 - 62 - 63 - 64 - 66 - 68 - 69 - 72 - 73 - 75 - 76 - 81 - 84 - 85 - 86 - 91 - 95 - 96 - 97 - 98 - 105 - 106 - 107 - 108 - 110 - 111 - 112 - 113 - 114 - 115 - 117 - 119 - 123 - 124 - 125 - 126 - 127 - 130 - 131 - 132 - 133 - 134 - 135 - 137 - 138 - 139 - 141 - 142 - 143 - 144 - 147 - 149 - 150 - 152 - 153 - 155 - 157 - 158 - 162 - 163 - 164 - 165 - 166 - 167 - 172 - 173 - 174 - 176 - 177 - 178 - 179 - 180 - 182 - 183 - 184 - 185 - 186 - 187 - 188 - 190 - 193 - 194 - 196 - 197 - 198 - 207 - 208 - 211 - 213 - 214 - 218 - 221 - 222 - 223 - 224 - 226 - 227 - 229 - 231 - 232 - 233 - 237 - 238 - 239 - 241 - 246 - 247 - 249 - 250 - 251 - 252 - 254 - 255 - 256 - 257 - 259 - 261 - 264 - 267 - 270 - 271 - 272 - 274 - 275 - 276 - 277 - 278 - 281 - 282 - 286 - 287 - 288 - 289 - 292 - 297 - 298 - 301 - 303 - 304 - 305 - 309 - 310 - 311 - 312 - 313 - 318 - 320 - 321 - 322 - 323 - 324 - 325 - 326 - 327 - 330 - 334 - 335 - 336 - 337 - 338 - 340 - 341 - 344 - 347 - 349 - 351 - 352 - 353 - 354 - 357 - 359 - 361 - 362 - 364 - 365 - 366 - 368 - 369 - 370 - 373 - 377 - 379 - 384 - 386 - 387 - 388 - 391 - 392 - 393 - 394 - 395 - 396 - 397 - 398 - 399 - 400 - 401 - 403 - 404 - 405 - 406 - 407 - 408 - 409 - 411 - 414 - 415 - 416 - 418 - 420 - 421 - 422 - 426 - 427 - 428 - 429 - 432 - 434 - 436 - 439 - 445 - 446 - 447 - 448 - 449 - 452 - 456 - 458 - 459 - 460 - 461 - 462 - 463 - 466 - 467 - 468 - 469 - 470 - 472 - 473 - 476 - 478 - 479 - 485 - 486 - 487 - 488 - 489 - 490 - 492 - 493 - 494 - 496 - 497 - 498,535345.1,3.5,98662,105298,165.49,Cost: 98662 & Capacity: 105298
0 - 1 - 2 - 6 - 9 - 10 - 11 - 12 - 14 - 15 - 18 - 19 - 20 - 22 - 24 - 25 - 27 - 28 - 29 - 30 - 31 - 32 - 34 - 35 - 38 - 40 - 44 - 46 - 49 - 52 - 53 - 57 - 58 - 59 - 61 - 62 - 63 - 64 - 66 - 68 - 69 - 72 - 73 - 75 - 76 - 81 - 84 - 85 - 86 - 87 - 91 - 95 - 96 - 97 - 98 - 105 - 106 - 107 - 108 - 110 - 111 - 112 - 113 - 114 - 115 - 117 - 119 - 123 - 124 - 125 - 126 - 127 - 130 - 131 - 132 - 133 - 134 - 135 - 137 - 138 - 139 - 141 - 142 - 143 - 144 - 147 - 149 - 150 - 152 - 153 - 154 - 155 - 157 - 158 - 162 - 163 - 164 - 165 - 166 - 167 - 172 - 173 - 174 - 176 - 177 - 178 - 179 - 180 - 182 - 183 - 184 - 185 - 186 - 187 - 188 - 190 - 193 - 194 - 196 - 197 - 198 - 207 - 208 - 211 - 213 - 214 - 218 - 221 - 222 - 223 - 224 - 226 - 227 - 229 - 231 - 232 - 233 - 237 - 238 - 239 - 241 - 246 - 247 - 249 - 250 - 251 - 252 - 254 - 255 - 256 - 257 - 259 - 261 - 264 - 267 - 270 - 271 - 272 - 274 - 275 - 276 - 277 - 278 - 281 - 282 - 286 - 287 - 288 - 289 - 292 - 297 - 298 - 301 - 303 - 304 - 305 - 309 - 310 - 311 - 312 - 313 - 320 - 321 - 323 - 324 - 325 - 326 - 327 - 330 - 334 - 335 - 336 - 337 - 338 - 340 - 341 - 344 - 347 - 349 - 351 - 352 - 353 - 354 - 357 - 359 - 361 - 362 - 364 - 365 - 366 - 368 - 369 - 370 - 373 - 377 - 379 - 384 - 386 - 387 - 388 - 391 - 392 - 393 - 394 - 395 - 396 - 397 - 398 - 399 - 400 - 401 - 403 - 404 - 405 - 406 - 407 - 408 - 409 - 411 - 414 - 415 - 416 - 418 - 420 - 421 - 422 - 426 - 427 - 428 - 429 - 432 - 434 - 436 - 439 - 445 - 446 - 447 - 448 - 449 - 452 - 456 - 458 - 459 - 460 - 461 - 462 - 463 - 466 - 467 - 468 - 469 - 470 - 472 - 473 - 476 - 478 - 479 - 485 - 486 - 487 - 488 - 489 - 490 - 492 - 493 - 494 - 496 - 497 - 498,537651.1,3.5,98646,105189,166.92,Cost: 98646 & Capacity: 105189
0 - 4 - 6 - 20 - 27 - 28 - 30 - 32 - 36 - 42 - 45 - 50 - 56 - 58 - 59 - 75 - 86 - 90 - 98 - 99 - 101 - 102 - 108 - 115 - 116 - 126 - 137 - 138 - 142 - 146 - 148 - 150 - 155 - 156 - 158 - 160 - 162 - 163 - 172 - 173 - 185 - 187 - 194 - 206 - 207 - 220 - 224 - 226 - 242 - 250 - 255 - 265 - 266 - 271 - 272 - 273 - 276 - 278 - 281 - 286 - 287 - 291 - 303 - 309 - 310 - 321 - 325 - 326 - 328 - 329 - 330 - 337 - 338 - 345 - 346 - 349 - 350 - 353 - 360 - 368 - 373 - 374 - 376 - 392 - 393 - 399 - 400 - 403 - 405 - 408 - 411 - 415 - 416 - 417 - 418 - 420 - 421 - 437 - 441 - 442 - 445 - 448 - 449 - 454 - 458 - 459 - 464 - 476 - 480 - 482 - 486 - 488 - 492 - 495 - 496 - 498,95673.2,8.4,67417,58136,166.98,Cost: 67417 & Capacity: 58136
0 - 1 - 2 - 6 - 9 - 10 - 11 - 12 - 14 - 15 - 18 - 19 - 20 - 22 - 24 - 25 - 27 - 28 - 29 - 30 - 31 - 32 - 34 - 35 - 38 - 40 - 44 - 46 - 49 - 52 - 53 - 57 - 58 - 59 - 61 - 62 - 63 - 64 - 66 - 68 - 69 - 72 - 73 - 75 - 76 - 81 - 84 - 85 - 86 - 87 - 91 - 95 - 96 - 97 - 98 - 105 - 106 - 107 - 108 - 110 - 111 - 112 - 113 - 114 - 115 - 117 - 119 - 123 - 124 - 125 - 126 - 127 - 130 - 131 - 132 - 133 - 134 - 135 - 137 - 138 - 139 - 141 - 142 - 143 - 144 - 147 - 149 - 150 - 152 - 153 - 154 - 155 - 157 - 158 - 162 - 163 - 164 - 165 - 166 - 167 - 172 - 173 - 174 - 176 - 177 - 178 - 179 - 180 - 182 - 183 - 184 - 185 - 186 - 187 - 188 - 190 - 193 - 194 - 196 - 197 - 198 - 207 - 208 - 211 - 213 - 214 - 218 - 221 - 222 - 223 - 224 - 226 - 227 - 229 - 231 - 232 - 233 - 237 - 238 - 239 - 241 - 246 - 247 - 249 - 250 - 251 - 252 - 254 - 255 - 256 - 257 - 259 - 261 - 264 - 267 - 270 - 271 - 272 - 274 - 275 - 276 - 277 - 278 - 281 - 282 - 286 - 287 - 288 - 289 - 292 - 297 - 298 - 301 - 303 - 304 - 305 - 309 - 310 - 311 - 312 - 313 - 320 - 321 - 323 - 324 - 325 - 326 - 327 - 330 - 334 - 335 - 336 - 337 - 338 - 340 - 341 - 344 - 347 - 349 - 351 - 352 - 353 - 354 - 357 - 359 - 361 - 362 - 364 - 365 - 366 - 368 - 369 - 370 - 373 - 377 - 379 - 384 - 386 - 387 - 388 - 391 - 392 - 393 - 394 - 395 - 396 - 397 - 398 - 399 - 400 - 401 - 403 - 404 - 405 - 406 - 407 - 408 - 409 - 411 - 414 - 415 - 416 - 418 - 420 - 421 - 422 - 426 - 427 - 428 - 429 - 432 - 434 - 436 - 439 - 445 - 446 - 447 - 448 - 449 - 452 - 456 - 458 - 459 - 460 - 461 - 462 - 463 - 466 - 467 - 468 - 469 - 470 - 472 - 473 - 476 - 478 - 479 - 485 - 486 - 487 - 488 - 489 - 490 - 492 - 493 - 494 - 496 - 497 - 498,537651.1,3.5,98646,105189,167.23,Cost: 98646 & Capacity: 105189
0 - 1 - 2 - 4 - 9 - 10 - 14 - 20 - 22 - 23 - 24 - 27 - 29 - 30 - 31 - 32 - 34 - 35 - 36 - 40 - 45 - 49 - 53 - 54 - 56 - 59 - 60 - 61 - 62 - 63 - 66 - 68 - 69 - 72 - 73 - 76 - 79 - 81 - 84 - 85 - 86 - 90 - 91 - 98 - 102 - 106 - 107 - 108 - 111 - 113 - 116 - 117 - 123 - 125 - 126 - 130 - 131 - 132 - 134 - 137 - 138 - 142 - 143 - 148 - 150 - 152 - 153 - 154 - 155 - 156 - 157 - 158 - 159 - 163 - 165 - 166 - 167 - 172 - 176 - 177 - 178 - 184 - 185 - 186 - 187 - 190 - 192 - 194 - 198 - 205 - 206 - 207 - 208 - 211 - 214 - 220 - 221 - 224 - 226 - 229 - 232 - 235 - 237 - 238 - 241 - 242 - 246 - 250 - 251 - 252 - 255 - 257 - 260 - 261 - 264 - 267 - 271 - 276 - 278 - 282 - 286 - 287 - 288 - 289 - 291 - 292 - 295 - 298 - 305 - 308 - 309 - 310 - 313 - 318 - 319 - 323 - 324 - 326 - 329 - 330 - 334 - 335 - 336 - 338 - 340 - 341 - 343 - 345 - 350 - 351 - 352 - 353 - 356 - 360 - 362 - 363 - 365 - 367 - 368 - 369 - 370 - 374 - 377 - 384 - 385 - 387 - 388 - 391 - 392 - 394 - 396 - 397 - 399 - 400 - 402 - 404 - 405 - 406 - 407 - 408 - 411 - 415 - 420 - 421 - 425 - 426 - 427 - 430 - 432 - 435 - 436 - 437 - 439 - 440 - 444 - 445 - 446 - 447 - 448 - 449 - 457 - 458 - 459 - 462 - 463 - 464 - 466 - 467 - 469 - 472 - 476 - 478 - 479 - 480 - 482 - 488 - 490 - 492 - 493 - 496 - 497 - 498,331304.1,6.7,98620,90969,169.93,Cost: 98620 & Capacity: 90969
0 - 1 - 2 - 6 - 9 - 10 - 11 - 12 - 14 - 15 - 18 - 19 - 20 - 22 - 24 - 25 - 27 - 28 - 29 - 30 - 31 - 32 - 34 - 35 - 38 - 40 - 44 - 49 - 52 - 53 - 57 - 58 - 59 - 61 - 62 - 63 - 64 - 66 - 68 - 69 - 72 - 73 - 75 - 76 - 81 - 84 - 85 - 86 - 91 - 95 - 96 - 97 - 98 - 105 - 106 - 107 - 108 - 110 - 111 - 112 - 113 - 114 - 115 - 117 - 119 - 123 - 124 - 125 - 126 - 127 - 129 - 130 - 131 - 132 - 133 - 134 - 135 - 137 - 138 - 139 - 141 - 142 - 143 - 144 - 147 - 149 - 150 - 152 - 153 - 154 - 155 - 157 - 158 - 162 - 163 - 164 - 165 - 166 - 167 - 172 - 173 - 174 - 176 - 177 - 178 - 179 - 180 - 182 - 183 - 184 - 185 - 186 - 187 - 188 - 190 - 193 - 194 - 196 - 197 - 198 - 207 - 208 - 211 - 213 - 214 - 218 - 221 - 222 - 224 - 226 - 227 - 229 - 231 - 232 - 233 - 237 - 238 - 239 - 241 - 245 - 246 - 247 - 249 - 250 - 251 - 252 - 254 - 255 - 256 - 257 - 259 - 261 - 264 - 267 - 270 - 271 - 272 - 274 - 275 - 276 - 277 - 278 - 281 - 282 - 286 - 287 - 288 - 289 - 292 - 297 - 298 - 301 - 303 - 304 - 305 - 309 - 310 - 311 - 312 - 313 - 318 - 320 - 321 - 323 - 324 - 325 - 326 - 327 - 330 - 334 - 335 - 336 - 337 - 338 - 340 - 341 - 344 - 347 - 349 - 351 - 352 - 353 - 354 - 357 - 359 - 361 - 362 - 364 - 365 - 366 - 368 - 369 - 370 - 373 - 377 - 379 - 384 - 386 - 387 - 388 - 391 - 392 - 393 - 394 - 395 - 396 - 397 - 398 - 399 - 400 - 401 - 403 - 404 - 405 - 406 - 407 - 408 - 409 - 411 - 414 - 415 - 416 - 418 - 420 - 421 - 422 - 426 - 427 - 428 - 429 - 432 - 434 - 436 - 439 - 445 - 446 - 447 - 448 - 449 - 452 - 456 - 458 - 459 - 460 - 461 - 462 - 463 - 466 - 467 - 468 - 469 - 470 - 472 - 473 - 476 - 478 - 479 - 485 - 486 - 487 - 488 - 489 - 490 - 492 - 493 - 494 - 496 - 497 - 498,538695.4,3.0,98660,104358,171.5,Cost: 98660 & Capacity: 104358
0 - 1 - 2 - 6 - 9 - 10 - 11 - 12 - 14 - 15 - 18 - 19 - 20 - 22 - 24 - 25 - 27 - 28 - 29 - 30 - 31 - 32 - 34 - 35 - 38 - 40 - 44 - 49 - 52 - 53 - 57 - 58 - 59 - 61 - 62 - 63 - 64 - 66 - 68 - 69 - 72 - 73 - 75 - 76 - 81 - 84 - 85 - 86 - 91 - 95 - 96 - 97 - 98 - 105 - 106 - 107 - 108 - 110 - 111 - 112 - 113 - 114 - 115 - 117 - 119 - 123 - 124 - 125 - 126 - 127 - 129 - 130 - 131 - 132 - 133 - 134 - 135 - 137 - 138 - 139 - 141 - 142 - 143 - 144 - 147 - 149 - 150 - 152 - 153 - 154 - 155 - 157 - 158 - 162 - 163 - 164 - 165 - 166 - 167 - 172 - 173 - 174 - 176 - 177 - 178 - 179 - 180 - 182 - 183 - 184 - 185 - 186 - 187 - 188 - 190 - 193 - 194 - 196 - 197 - 198 - 207 - 208 - 211 - 213 - 214 - 218 - 221 - 222 - 224 - 226 - 227 - 229 - 231 - 232 - 233 - 237 - 238 - 239 - 241 - 245 - 246 - 247 - 249 - 250 - 251 - 252 - 254 - 255 - 256 - 257 - 259 - 261 - 264 - 267 - 270 - 271 - 272 - 274 - 275 - 276 - 277 - 278 - 281 - 282 - 286 - 287 - 288 - 289 - 292 - 297 - 298 - 301 - 303 - 304 - 305 - 309 - 310 - 311 - 312 - 313 - 318 - 320 - 321 - 323 - 324 - 325 - 326 - 327 - 330 - 334 - 335 - 336 - 337 - 338 - 340 - 341 - 344 - 347 - 349 - 351 - 352 - 353 - 354 - 357 - 359 - 361 - 362 - 364 - 365 - 366 - 368 - 369 - 370 - 373 - 377 - 379 - 384 - 386 - 387 - 388 - 391 - 392 - 393 - 394 - 395 - 396 - 397 - 398 - 399 - 400 - 401 - 403 - 404 - 405 - 406 - 407 - 408 - 409 - 411 - 414 - 415 - 416 - 418 - 420 - 421 - 422 - 426 - 427 - 428 - 429 - 432 - 434 - 436 - 439 - 445 - 446 - 447 - 448 - 449 - 452 - 456 - 458 - 459 - 460 - 461 - 462 - 463 - 466 - 467 - 468 - 469 - 470 - 472 - 473 - 476 - 478 - 479 - 485 - 486 - 487 - 488 - 489 - 490 - 492 - 493 - 494 - 496 - 497 - 498,538695.4,3.0,98660,104358,172.93,Cost: 98660 & Capacity: 104358
0 - 1 - 2 - 6 - 9 - 10 - 11 - 12 - 14 - 15 - 18 - 19 - 20 - 22 - 24 - 25 - 27 - 28 - 29 - 30 - 31 - 32 - 34 - 35 - 38 - 40 - 44 - 46 - 49 - 52 - 53 - 57 - 58 - 59 - 61 - 62 - 63 - 64 - 66 - 68 - 69 - 72 - 73 - 75 - 76 - 81 - 84 - 85 - 86 - 87 - 91 - 95 - 96 - 97 - 98 - 105 - 106 - 107 - 108 - 110 - 111 - 112 - 113 - 114 - 115 - 117 - 119 - 123 - 124 - 125 - 126 - 127 - 130 - 131 - 132 - 133 - 134 - 135 - 137 - 138 - 139 - 141 - 142 - 143 - 144 - 147 - 149 - 150 - 152 - 153 - 154 - 155 - 157 - 158 - 162 - 163 - 164 - 165 - 166 - 167 - 172 - 173 - 174 - 176 - 177 - 178 - 179 - 180 - 182 - 183 - 184 - 185 - 186 - 187 - 188 - 190 - 193 - 194 - 196 - 197 - 198 - 207 - 208 - 211 - 213 - 214 - 218 - 221 - 222 - 223 - 224 - 226 - 227 - 229 - 231 - 232 - 233 - 237 - 238 - 239 - 241 - 246 - 247 - 249 - 250 - 251 - 252 - 254 - 255 - 256 - 257 - 259 - 261 - 264 - 267 - 270 - 271 - 272 - 274 - 275 - 276 - 277 - 278 - 281 - 282 - 286 - 287 - 288 - 289 - 292 - 297 - 298 - 301 - 303 - 304 - 305 - 309 - 310 - 311 - 312 - 313 - 320 - 321 - 323 - 324 - 325 - 326 - 327 - 330 - 334 - 335 - 336 - 337 - 338 - 340 - 341 - 344 - 347 - 349 - 351 - 352 - 353 - 354 - 357 - 359 - 361 - 362 - 364 - 365 - 366 - 368 - 369 - 370 - 373 - 377 - 379 - 384 - 386 - 387 - 388 - 391 - 392 - 393 - 394 - 395 - 396 - 397 - 398 - 399 - 400 - 401 - 403 - 404 - 405 - 406 - 407 - 408 - 409 - 411 - 414 - 415 - 416 - 418 - 420 - 421 - 422 - 426 - 427 - 428 - 429 - 432 - 434 - 436 - 439 - 445 - 446 - 447 - 448 - 449 - 452 - 456 - 458 - 459 - 460 - 461 - 462 - 463 - 466 - 467 - 468 - 469 - 470 - 472 - 473 - 476 - 478 - 479 - 485 - 486 - 487 - 488 - 489 - 490 - 492 - 493 - 494 - 496 - 497 - 498,537651.1,3.5,98646,105189,172.98,Cost: 98646 & Capacity: 105189
0 - 1 - 2 - 6 - 9 - 10 - 11 - 12 - 14 - 15 - 18 - 19 - 20 - 22 - 24 - 25 - 27 - 28 - 29 - 30 - 31 - 32 - 34 - 35 - 38 - 40 - 44 - 46 - 49 - 52 - 53 - 57 - 58 - 59 - 61 - 62 - 63 - 64 - 66 - 68 - 69 - 72 - 73 - 75 - 76 - 81 - 84 - 85 - 86 - 87 - 91 - 95 - 96 - 97 - 98 - 105 - 106 - 107 - 108 - 110 - 111 - 112 - 113 - 114 - 115 - 117 - 119 - 123 - 124 - 125 - 126 - 127 - 130 - 131 - 132 - 133 - 134 - 135 - 137 - 138 - 139 - 141 - 142 - 143 - 144 - 147 - 149 - 150 - 152 - 153 - 154 - 155 - 157 - 158 - 162 - 163 - 164 - 165 - 166 - 167 - 172 - 173 - 174 - 176 - 177 - 178 - 179 - 180 - 182 - 183 - 184 - 185 - 186 - 187 - 188 - 190 - 193 - 194 - 196 - 197 - 198 - 207 - 208 - 211 - 213 - 214 - 218 - 221 - 222 - 223 - 224 - 226 - 227 - 229 - 231 - 232 - 233 - 237 - 238 - 239 - 241 - 246 - 247 - 249 - 250 - 251 - 252 - 254 - 255 - 256 - 257 - 259 - 261 - 264 - 267 - 270 - 271 - 272 - 274 - 275 - 276 - 277 - 278 - 281 - 282 - 286 - 287 - 288 - 289 - 292 - 297 - 298 - 301 - 303 - 304 - 305 - 309 - 310 - 311 - 312 - 313 - 320 - 321 - 323 - 324 - 325 - 326 - 327 - 330 - 334 - 335 - 336 - 337 - 338 - 340 - 341 - 344 - 347 - 349 - 351 - 352 - 353 - 354 - 357 - 359 - 361 - 362 - 364 - 365 - 366 - 368 - 369 - 370 - 373 - 377 - 379 - 384 - 386 - 387 - 388 - 391 - 392 - 393 - 394 - 395 - 396 - 397 - 398 - 399 - 400 - 401 - 403 - 404 - 405 - 406 - 407 - 408 - 409 - 411 - 414 - 415 - 416 - 418 - 420 - 421 - 422 - 426 - 427 - 428 - 429 - 432 - 434 - 436 - 439 - 445 - 446 - 447 - 448 - 449 - 452 - 456 - 458 - 459 - 460 - 461 - 462 - 463 - 466 - 467 - 468 - 469 - 470 - 472 - 473 - 476 - 478 - 479 - 485 - 486 - 487 - 488 - 489 - 490 - 492 - 493 - 494 - 496 - 497 - 498,537651.1,3.5,98646,105189,174.52,Cost: 98646 & Capacity: 105189
0 - 1 - 4 - 8 - 19 - 20 - 22 - 25 - 27 - 29 - 32 - 35 - 36 - 39 - 40 - 42 - 43 - 45 - 50 - 52 - 53 - 56 - 58 - 60 - 62 - 64 - 66 - 69 - 71 - 76 - 89 - 90 - 93 - 98 - 101 - 102 - 105 - 111 - 116 - 117 - 123 - 124 - 132 - 134 - 137 - 138 - 142 - 146 - 148 - 150 - 153 - 156 - 157 - 162 - 165 - 167 - 172 - 173 - 175 - 177 - 185 - 186 - 187 - 190 - 194 - 203 - 206 - 208 - 211 - 213 - 214 - 219 - 220 - 221 - 225 - 226 - 229 - 233 - 235 - 241 - 245 - 250 - 252 - 255 - 265 - 266 - 271 - 272 - 276 - 277 - 281 - 282 - 286 - 287 - 291 - 303 - 304 - 309 - 310 - 318 - 319 - 321 - 322 - 325 - 326 - 328 - 329 - 330 - 333 - 334 - 336 - 338 - 341 - 343 - 346 - 348 - 349 - 350 - 354 - 356 - 359 - 360 - 364 - 365 - 370 - 373 - 374 - 376 - 377 - 388 - 391 - 392 - 394 - 399 - 400 - 403 - 405 - 408 - 409 - 413 - 415 - 416 - 418 - 419 - 420 - 421 - 422 - 426 - 427 - 435 - 437 - 441 - 443 - 445 - 449 - 452 - 454 - 457 - 458 - 459 - 462 - 463 - 464 - 474 - 478 - 480 - 482 - 483 - 486 - 488 - 489 - 492 - 496 - 498,213705.2,7.4,98651,84003,174.93,Cost: 98651 & Capacity: 84003
0 - 1 - 2 - 6 - 9 - 10 - 11 - 12 - 14 - 15 - 18 - 19 - 20 - 22 - 24 - 25 - 27 - 28 - 29 - 30 - 31 - 32 - 34 - 35 - 38 - 40 - 44 - 49 - 52 - 53 - 57 - 58 - 59 - 61 - 62 - 63 - 64 - 66 - 68 - 69 - 72 - 73 - 75 - 76 - 81 - 84 - 85 - 86 - 91 - 95 - 96 - 97 - 98 - 105 - 106 - 107 - 108 - 110 - 111 - 112 - 113 - 114 - 115 - 117 - 119 - 123 - 124 - 125 - 126 - 127 - 129 - 130 - 131 - 132 - 133 - 134 - 135 - 137 - 138 - 139 - 141 - 142 - 143 - 144 - 147 - 149 - 150 - 152 - 153 - 154 - 155 - 157 - 158 - 162 - 163 - 164 - 165 - 166 - 167 - 172 - 173 - 174 - 176 - 177 - 178 - 179 - 180 - 182 - 183 - 184 - 185 - 186 - 187 - 188 - 190 - 193 - 194 - 196 - 197 - 198 - 207 - 208 - 211 - 213 - 214 - 218 - 221 - 222 - 224 - 226 - 227 - 229 - 231 - 232 - 233 - 237 - 238 - 239 - 241 - 245 - 246 - 247 - 249 - 250 - 251 - 252 - 254 - 255 - 256 - 257 - 259 - 261 - 264 - 267 - 270 - 271 - 272 - 274 - 275 - 276 - 277 - 278 - 281 - 282 - 286 - 287 - 288 - 289 - 292 - 297 - 298 - 301 - 303 - 304 - 305 - 309 - 310 - 311 - 312 - 313 - 318 - 320 - 321 - 323 - 324 - 325 - 326 - 327 - 330 - 334 - 335 - 336 - 337 - 338 - 340 - 341 - 344 - 347 - 349 - 351 - 352 - 353 - 354 - 357 - 359 - 361 - 362 - 364 - 365 - 366 - 368 - 369 - 370 - 373 - 377 - 379 - 384 - 386 - 387 - 388 - 391 - 392 - 393 - 394 - 395 - 396 - 397 - 398 - 399 - 400 - 401 - 403 - 404 - 405 - 406 - 407 - 408 - 409 - 411 - 414 - 415 - 416 - 418 - 420 - 421 - 422 - 426 - 427 - 428 - 429 - 432 - 434 - 436 - 439 - 445 - 446 - 447 - 448 - 449 - 452 - 456 - 458 - 459 - 460 - 461 - 462 - 463 - 466 - 467 - 468 - 469 - 470 - 472 - 473 - 476 - 478 - 479 - 485 - 486 - 487 - 488 - 489 - 490 - 492 - 493 - 494 - 496 - 497 - 498,538695.4,3.0,98660,104358,176.02,Cost: 98660 & Capacity: 104358
0 - 1 - 2 - 6 - 9 - 10 - 11 - 12 - 14 - 15 - 18 - 19 - 20 - 22 - 24 - 25 - 27 - 28 - 29 - 30 - 31 - 32 - 34 - 35 - 38 - 40 - 44 - 46 - 49 - 52 - 53 - 57 - 58 - 59 - 61 - 62 - 63 - 64 - 66 - 68 - 69 - 72 - 73 - 75 - 76 - 81 - 84 - 85 - 86 - 87 - 91 - 95 - 96 - 97 - 98 - 105 - 106 - 107 - 108 - 110 - 111 - 112 - 113 - 114 - 115 - 117 - 119 - 123 - 124 - 125 - 126 - 127 - 130 - 131 - 132 - 133 - 134 - 135 - 137 - 138 - 139 - 141 - 142 - 143 - 144 - 147 - 149 - 150 - 152 - 153 - 154 - 155 - 157 - 158 - 162 - 163 - 164 - 165 - 166 - 167 - 172 - 173 - 174 - 176 - 177 - 178 - 179 - 180 - 182 - 183 - 184 - 185 - 186 - 187 - 188 - 190 - 193 - 194 - 196 - 197 - 198 - 207 - 208 - 211 - 213 - 214 - 218 - 221 - 222 - 223 - 224 - 226 - 227 - 229 - 231 - 232 - 233 - 237 - 238 - 239 - 241 - 246 - 247 - 249 - 250 - 251 - 252 - 254 - 255 - 256 - 257 - 259 - 261 - 264 - 267 - 270 - 271 - 272 - 274 - 275 - 276 - 277 - 278 - 281 - 282 - 286 - 287 - 288 - 289 - 292 - 297 - 298 - 301 - 303 - 304 - 305 - 309 - 310 - 311 - 312 - 313 - 320 - 321 - 323 - 324 - 325 - 326 - 327 - 330 - 334 - 335 - 336 - 337 - 338 - 340 - 341 - 344 - 347 - 349 - 351 - 352 - 353 - 354 - 357 - 359 - 361 - 362 - 364 - 365 - 366 - 368 - 369 - 370 - 373 - 377 - 379 - 384 - 386 - 387 - 388 - 391 - 392 - 393 - 394 - 395 - 396 - 397 - 398 - 399 - 400 - 401 - 403 - 404 - 405 - 406 - 407 - 408 - 409 - 411 - 414 - 415 - 416 - 418 - 420 - 421 - 422 - 426 - 427 - 428 - 429 - 432 - 434 - 436 - 439 - 445 - 446 - 447 - 448 - 449 - 452 - 456 - 458 - 459 - 460 - 461 - 462 - 463 - 466 - 467 - 468 - 469 - 470 - 472 - 473 - 476 - 478 - 479 - 485 - 486 - 487 - 488 - 489 - 490 - 492 - 493 - 494 - 496 - 497 - 498,537651.1,3.5,98646,105189,176.06,Cost: 98646 & Capacity: 105189
0 - 1 - 2 - 6 - 9 - 10 - 11 - 12 - 14 - 15 - 18 - 19 - 20 - 22 - 24 - 25 - 27 - 28 - 29 - 30 - 31 - 32 - 34 - 35 - 38 - 40 - 44 - 46 - 49 - 52 - 53 - 57 - 58 - 59 - 61 - 62 - 63 - 64 - 66 - 68 - 69 - 72 - 73 - 75 - 76 - 81 - 84 - 85 - 86 - 87 - 91 - 95 - 96 - 97 - 98 - 105 - 106 - 107 - 108 - 110 - 111 - 112 - 113 - 114 - 115 - 117 - 119 - 123 - 124 - 125 - 126 - 127 - 130 - 131 - 132 - 133 - 134 - 135 - 137 - 138 - 139 - 141 - 142 - 143 - 144 - 147 - 149 - 150 - 152 - 153 - 154 - 155 - 157 - 158 - 162 - 163 - 164 - 165 - 166 - 167 - 172 - 173 - 174 - 176 - 177 - 178 - 179 - 180 - 182 - 183 - 184 - 185 - 186 - 187 - 188 - 190 - 193 - 194 - 196 - 197 - 198 - 207 - 208 - 211 - 213 - 214 - 218 - 221 - 222 - 223 - 224 - 226 - 227 - 229 - 231 - 232 - 233 - 237 - 238 - 239 - 241 - 246 - 247 - 249 - 250 - 251 - 252 - 254 - 255 - 256 - 257 - 259 - 261 - 264 - 267 - 270 - 271 - 272 - 274 - 275 - 276 - 277 - 278 - 281 - 282 - 286 - 287 - 288 - 289 - 292 - 297 - 298 - 301 - 303 - 304 - 305 - 309 - 310 - 311 - 312 - 313 - 320 - 321 - 323 - 324 - 325 - 326 - 327 - 330 - 334 - 335 - 336 - 337 - 338 - 340 - 341 - 344 - 347 - 349 - 351 - 352 - 353 - 354 - 357 - 359 - 361 - 362 - 364 - 365 - 366 - 368 - 369 - 370 - 373 - 377 - 379 - 384 - 386 - 387 - 388 - 391 - 392 - 393 - 394 - 395 - 396 - 397 - 398 - 399 - 400 - 401 - 403 - 404 - 405 - 406 - 407 - 408 - 409 - 411 - 414 - 415 - 416 - 418 - 420 - 421 - 422 - 426 - 427 - 428 - 429 - 432 - 434 - 436 - 439 - 445 - 446 - 447 - 448 - 449 - 452 - 456 - 458 - 459 - 460 - 461 - 462 - 463 - 466 - 467 - 468 - 469 - 470 - 472 - 473 - 476 - 478 - 479 - 485 - 486 - 487 - 488 - 489 - 490 - 492 - 493 - 494 - 496 - 497 - 498,537651.1,3.5,98646,105189,177.47,Cost: 98646 & Capacity: 105189
0 - 1 - 2 - 6 - 9 - 10 - 11 - 12 - 14 - 15 - 18 - 19 - 20 - 22 - 24 - 25 - 27 - 28 - 29 - 30 - 31 - 32 - 34 - 35 - 38 - 40 - 44 - 49 - 52 - 53 - 57 - 58 - 59 - 61 - 62 - 63 - 64 - 66 - 68 - 69 - 72 - 73 - 75 - 76 - 81 - 84 - 85 - 86 - 91 - 95 - 96 - 97 - 98 - 105 - 106 - 107 - 108 - 110 - 111 - 112 - 113 - 114 - 115 - 117 - 119 - 123 - 124 - 125 - 126 - 127 - 129 - 130 - 131 - 132 - 133 - 134 - 135 - 137 - 138 - 139 - 141 - 142 - 143 - 144 - 147 - 149 - 150 - 152 - 153 - 154 - 155 - 157 - 158 - 162 - 163 - 164 - 165 - 166 - 167 - 172 - 173 - 174 - 176 - 177 - 178 - 179 - 180 - 182 - 183 - 184 - 185 - 186 - 187 - 188 - 190 - 193 - 194 - 196 - 197 - 198 - 207 - 208 - 211 - 213 - 214 - 218 - 221 - 222 - 224 - 226 - 227 - 229 - 231 - 232 - 233 - 237 - 238 - 239 - 241 - 245 - 246 - 247 - 249 - 250 - 251 - 252 - 254 - 255 - 256 - 257 - 259 - 261 - 264 - 267 - 270 - 271 - 272 - 274 - 275 - 276 - 277 - 278 - 281 - 282 - 286 - 287 - 288 - 289 - 292 - 297 - 298 - 301 - 303 - 304 - 305 - 309 - 310 - 311 - 312 - 313 - 318 - 320 - 321 - 323 - 324 - 325 - 326 - 327 - 330 - 334 - 335 - 336 - 337 - 338 - 340 - 341 - 344 - 347 - 349 - 351 - 352 - 353 - 354 - 357 - 359 - 361 - 362 - 364 - 365 - 366 - 368 - 369 - 370 - 373 - 377 - 379 - 384 - 386 - 387 - 388 - 391 - 392 - 393 - 394 - 395 - 396 - 397 - 398 - 399 - 400 - 401 - 403 - 404 - 405 - 406 - 407 - 408 - 409 - 411 - 414 - 415 - 416 - 418 - 420 - 421 - 422 - 426 - 427 - 428 - 429 - 432 - 434 - 436 - 439 - 445 - 446 - 447 - 448 - 449 - 452 - 456 - 458 - 459 - 460 - 461 - 462 - 463 - 466 - 467 - 468 - 469 - 470 - 472 - 473 - 476 - 478 - 479 - 485 - 486 - 487 - 488 - 489 - 490 - 492 - 493 - 494 - 496 - 497 - 498,538695.4,3.0,98660,104358,177.5,Cost: 98660 & Capacity: 104358
0 - 1 - 2 - 6 - 9 - 10 - 11 - 12 - 14 - 15 - 18 - 19 - 20 - 22 - 24 - 25 - 27 - 28 - 29 - 30 - 31 - 32 - 34 - 35 - 38 - 40 - 44 - 49 - 52 - 53 - 57 - 58 - 59 - 61 - 62 - 63 - 64 - 66 - 68 - 69 - 72 - 73 - 75 - 76 - 81 - 84 - 85 - 86 - 91 - 95 - 96 - 97 - 98 - 105 - 106 - 107 - 108 - 110 - 111 - 112 - 113 - 114 - 115 - 117 - 119 - 123 - 124 - 125 - 126 - 127 - 129 - 130 - 131 - 132 - 133 - 134 - 135 - 137 - 138 - 139 - 141 - 142 - 143 - 144 - 147 - 149 - 150 - 152 - 153 - 154 - 155 - 157 - 158 - 162 - 163 - 164 - 165 - 166 - 167 - 172 - 173 - 174 - 176 - 177 - 178 - 179 - 180 - 182 - 183 - 184 - 185 - 186 - 187 - 188 - 190 - 193 - 194 - 196 - 197 - 198 - 207 - 208 - 211 - 213 - 214 - 218 - 221 - 222 - 224 - 226 - 227 - 229 - 231 - 232 - 233 - 237 - 238 - 239 - 241 - 245 - 246 - 247 - 249 - 250 - 251 - 252 - 254 - 255 - 256 - 257 - 259 - 261 - 264 - 267 - 270 - 271 - 272 - 274 - 275 - 276 - 277 - 278 - 281 - 282 - 286 - 287 - 288 - 289 - 292 - 297 - 298 - 301 - 303 - 304 - 305 - 309 - 310 - 311 - 312 - 313 - 318 - 320 - 321 - 323 - 324 - 325 - 326 - 327 - 330 - 334 - 335 - 336 - 337 - 338 - 340 - 341 - 344 - 347 - 349 - 351 - 352 - 353 - 354 - 357 - 359 - 361 - 362 - 364 - 365 - 366 - 368 - 369 - 370 - 373 - 377 - 379 - 384 - 386 - 387 - 388 - 391 - 392 - 393 - 394 - 395 - 396 - 397 - 398 - 399 - 400 - 401 - 403 - 404 - 405 - 406 - 407 - 408 - 409 - 411 - 414 - 415 - 416 - 418 - 420 - 421 - 422 - 426 - 427 - 428 - 429 - 432 - 434 - 436 - 439 - 445 - 446 - 447 - 448 - 449 - 452 - 456 - 458 - 459 - 460 - 461 - 462 - 463 - 466 - 467 - 468 - 469 - 470 - 472 - 473 - 476 - 478 - 479 - 485 - 486 - 487 - 488 - 489 - 490 - 492 - 493 - 494 - 496 - 497 - 498,538695.4,3.0,98660,104358,178.8,Cost: 98660 & Capacity: 104358
0 - 1 - 2 - 6 - 9 - 10 - 11 - 12 - 14 - 15 - 18 - 19 - 20 - 22 - 24 - 25 - 27 - 28 - 29 - 30 - 31 - 32 - 34 - 35 - 38 - 40 - 44 - 46 - 49 - 52 - 53 - 57 - 58 - 59 - 61 - 62 - 63 - 64 - 66 - 68 - 69 - 72 - 73 - 75 - 76 - 81 - 84 - 85 - 86 - 87 - 91 - 95 - 96 - 97 - 98 - 105 - 106 - 107 - 108 - 110 - 111 - 112 - 113 - 114 - 115 - 117 - 119 - 123 - 124 - 125 - 126 - 127 - 130 - 131 - 132 - 133 - 134 - 135 - 137 - 138 - 139 - 141 - 142 - 143 - 144 - 147 - 149 - 150 - 152 - 153 - 154 - 155 - 157 - 158 - 162 - 163 - 164 - 165 - 166 - 167 - 172 - 173 - 174 - 176 - 177 - 178 - 179 - 180 - 182 - 183 - 184 - 185 - 186 - 187 - 188 - 190 - 193 - 194 - 196 - 197 - 198 - 207 - 208 - 211 - 213 - 214 - 218 - 221 - 222 - 223 - 224 - 226 - 227 - 229 - 231 - 232 - 233 - 237 - 238 - 239 - 241 - 246 - 247 - 249 - 250 - 251 - 252 - 254 - 255 - 256 - 257 - 259 - 261 - 264 - 267 - 270 - 271 - 272 - 274 - 275 - 276 - 277 - 278 - 281 - 282 - 286 - 287 - 288 - 289 - 292 - 297 - 298 - 301 - 303 - 304 - 305 - 309 - 310 - 311 - 312 - 313 - 320 - 321 - 323 - 324 - 325 - 326 - 327 - 330 - 334 - 335 - 336 - 337 - 338 - 340 - 341 - 344 - 347 - 349 - 351 - 352 - 353 - 354 - 357 - 359 - 361 - 362 - 364 - 365 - 366 - 368 - 369 - 370 - 373 - 377 - 379 - 384 - 386 - 387 - 388 - 391 - 392 - 393 - 394 - 395 - 396 - 397 - 398 - 399 - 400 - 401 - 403 - 404 - 405 - 406 - 407 - 408 - 409 - 411 - 414 - 415 - 416 - 418 - 420 - 421 - 422 - 426 - 427 - 428 - 429 - 432 - 434 - 436 - 439 - 445 - 446 - 447 - 448 - 449 - 452 - 456 - 458 - 459 - 460 - 461 - 462 - 463 - 466 - 467 - 468 - 469 - 470 - 472 - 473 - 476 - 478 - 479 - 485 - 486 - 487 - 488 - 489 - 490 - 492 - 493 - 494 - 496 - 497 - 498,537651.1,3.5,98646,105189,178.85,Cost: 98646 & Capacity: 105189
0 - 1 - 2 - 4 - 11 - 14 - 18 - 19 - 20 - 22 - 25 - 27 - 29 - 30 - 31 - 32 - 35 - 36 - 38 - 40 - 41 - 43 - 45 - 49 - 52 - 53 - 57 - 58 - 59 - 63 - 66 - 69 - 75 - 76 - 81 - 83 - 85 - 86 - 90 - 93 - 98 - 99 - 101 - 102 - 106 - 114 - 116 - 117 - 119 - 123 - 125 - 126 - 130 - 132 - 133 - 134 - 135 - 137 - 138 - 139 - 140 - 142 - 144 - 146 - 148 - 150 - 153 - 155 - 157 - 162 - 163 - 165 - 166 - 167 - 176 - 177 - 184 - 185 - 187 - 188 - 192 - 194 - 196 - 200 - 206 - 207 - 208 - 211 - 213 - 220 - 221 - 224 - 226 - 229 - 238 - 241 - 242 - 246 - 249 - 250 - 254 - 260 - 261 - 264 - 265 - 266 - 267 - 270 - 271 - 272 - 276 - 281 - 282 - 286 - 287 - 291 - 297 - 298 - 304 - 307 - 308 - 309 - 321 - 322 - 323 - 325 - 326 - 328 - 329 - 334 - 335 - 336 - 338 - 341 - 344 - 345 - 349 - 350 - 352 - 353 - 354 - 356 - 359 - 360 - 361 - 363 - 367 - 369 - 370 - 374 - 379 - 384 - 387 - 388 - 391 - 392 - 394 - 397 - 400 - 402 - 403 - 405 - 406 - 408 - 409 - 410 - 415 - 416 - 418 - 420 - 421 - 422 - 425 - 426 - 427 - 428 - 437 - 441 - 443 - 445 - 446 - 448 - 449 - 454 - 456 - 457 - 458 - 462 - 463 - 464 - 467 - 474 - 476 - 478 - 480 - 482 - 486 - 488 - 490 - 492 - 496 - 498,278316.7,7.0,98605,87674,180.28,Cost: 98605 & Capacity: 87674
0 - 1 - 2 - 6 - 9 - 10 - 11 - 12 - 14 - 15 - 18 - 19 - 20 - 22 - 24 - 25 - 27 - 28 - 29 - 30 - 31 - 32 - 34 - 35 - 38 - 40 - 44 - 46 - 49 - 52 - 53 - 57 - 58 - 59 - 61 - 62 - 63 - 64 - 66 - 68 - 69 - 72 - 73 - 75 - 76 - 81 - 84 - 85 - 86 - 87 - 91 - 95 - 96 - 97 - 98 - 105 - 106 - 107 - 108 - 110 - 111 - 112 - 113 - 114 - 115 - 117 - 119 - 123 - 124 - 125 - 126 - 127 - 130 - 131 - 132 - 133 - 134 - 135 - 137 - 138 - 139 - 141 - 142 - 143 - 144 - 147 - 149 - 150 - 152 - 153 - 154 - 155 - 157 - 158 - 162 - 163 - 164 - 165 - 166 - 167 - 172 - 173 - 174 - 176 - 177 - 178 - 179 - 180 - 182 - 183 - 184 - 185 - 186 - 187 - 188 - 190 - 193 - 194 - 196 - 197 - 198 - 207 - 208 - 211 - 213 - 214 - 218 - 221 - 222 - 223 - 224 - 226 - 227 - 229 - 231 - 232 - 233 - 237 - 238 - 239 - 241 - 246 - 247 - 249 - 250 - 251 - 252 - 254 - 255 - 256 - 257 - 259 - 261 - 264 - 267 - 270 - 271 - 272 - 274 - 275 - 276 - 277 - 278 - 281 - 282 - 286 - 287 - 288 - 289 - 292 - 297 - 298 - 301 - 303 - 304 - 305 - 309 - 310 - 311 - 312 - 313 - 320 - 321 - 323 - 324 - 325 - 326 - 327 - 330 - 334 - 335 - 336 - 337 - 338 - 340 - 341 - 344 - 347 - 349 - 351 - 352 - 353 - 354 - 357 - 359 - 361 - 362 - 364 - 365 - 366 - 368 - 369 - 370 - 373 - 377 - 379 - 384 - 386 - 387 - 388 - 391 - 392 - 393 - 394 - 395 - 396 - 397 - 398 - 399 - 400 - 401 - 403 - 404 - 405 - 406 - 407 - 408 - 409 - 411 - 414 - 415 - 416 - 418 - 420 - 421 - 422 - 426 - 427 - 428 - 429 - 432 - 434 - 436 - 439 - 445 - 446 - 447 - 448 - 449 - 452 - 456 - 458 - 459 - 460 - 461 - 462 - 463 - 466 - 467 - 468 - 469 - 470 - 472 - 473 - 476 - 478 - 479 - 485 - 486 - 487 - 488 - 489 - 490 - 492 - 493 - 494 - 496 - 497 - 498,537651.1,3.5,98646,105189,182.11,Cost: 98646 & Capacity: 105189
