Nodes,MaxSum,MaxMin,Cost,Capacity,Time,Constraint values
0 - 6 - 9 - 11 - 13 - 17 - 22 - 35 - 36 - 38 - 42 - 44 - 47 - 50 - 70 - 81 - 96 - 112 - 114 - 119 - 120 - 122 - 123 - 124 - 133 - 134 - 138 - 141 - 148 - 149 - 150 - 151 - 152 - 160 - 166 - 176 - 181 - 187 - 188 - 190 - 214 - 220 - 224 - 225 - 227 - 237 - 239 - 242 - 244 - 258 - 261 - 262 - 265 - 266 - 270 - 272 - 277 - 278 - 279 - 292 - 293 - 298 - 300 - 306 - 309 - 317 - 324 - 325 - 332 - 335 - 339 - 343 - 346 - 348 - 349 - 351 - 352 - 354 - 356 - 357 - 363 - 369 - 376 - 377 - 380 - 383 - 386 - 388 - 392 - 393 - 404 - 406 - 412 - 430 - 437 - 438 - 445 - 448 - 450 - 456 - 459 - 462 - 463 - 468 - 469 - 484 - 486 - 490 - 491 - 494 - 499,3223080.2,24.8,65115,54837,3.31,Cost: 65115 & Capacity: 54837
0 - 6 - 9 - 11 - 13 - 17 - 22 - 35 - 36 - 38 - 42 - 44 - 47 - 50 - 70 - 81 - 96 - 112 - 114 - 119 - 120 - 122 - 123 - 124 - 133 - 134 - 138 - 141 - 148 - 149 - 150 - 151 - 152 - 160 - 166 - 176 - 181 - 184 - 187 - 188 - 190 - 214 - 220 - 224 - 225 - 227 - 237 - 239 - 242 - 244 - 258 - 261 - 262 - 265 - 266 - 270 - 272 - 277 - 278 - 279 - 292 - 293 - 298 - 300 - 306 - 309 - 317 - 324 - 325 - 332 - 335 - 339 - 343 - 346 - 348 - 349 - 351 - 352 - 354 - 356 - 357 - 363 - 369 - 376 - 377 - 380 - 383 - 386 - 388 - 392 - 393 - 399 - 404 - 406 - 412 - 430 - 437 - 438 - 445 - 448 - 450 - 456 - 459 - 462 - 463 - 468 - 469 - 484 - 486 - 490 - 491 - 494 - 499,3335210.8,24.6,66244,56239,3.31,Cost: 66244 & Capacity: 56239
0 - 6 - 9 - 11 - 13 - 14 - 17 - 22 - 34 - 35 - 36 - 38 - 42 - 44 - 47 - 50 - 64 - 70 - 81 - 96 - 112 - 114 - 119 - 120 - 122 - 123 - 124 - 133 - 134 - 138 - 141 - 148 - 149 - 150 - 151 - 152 - 160 - 166 - 173 - 174 - 176 - 177 - 181 - 184 - 185 - 187 - 188 - 190 - 214 - 220 - 224 - 225 - 227 - 237 - 239 - 242 - 244 - 255 - 258 - 261 - 262 - 265 - 266 - 270 - 272 - 277 - 278 - 279 - 283 - 292 - 293 - 298 - 300 - 306 - 309 - 317 - 318 - 324 - 325 - 332 - 335 - 339 - 343 - 346 - 347 - 348 - 349 - 351 - 352 - 354 - 356 - 357 - 363 - 369 - 376 - 377 - 380 - 383 - 386 - 388 - 392 - 393 - 399 - 404 - 406 - 412 - 430 - 437 - 438 - 445 - 448 - 450 - 456 - 459 - 462 - 463 - 468 - 469 - 484 - 486 - 487 - 490 - 491 - 494 - 499,4058256.1,20.1,70400,60592,3.32,Cost: 70400 & Capacity: 60592
0 - 6 - 9 - 11 - 13 - 14 - 17 - 22 - 25 - 34 - 35 - 36 - 38 - 42 - 44 - 47 - 50 - 64 - 70 - 81 - 96 - 112 - 114 - 119 - 120 - 122 - 123 - 124 - 133 - 134 - 138 - 141 - 148 - 149 - 150 - 151 - 152 - 157 - 160 - 166 - 173 - 174 - 176 - 177 - 181 - 184 - 185 - 187 - 188 - 190 - 214 - 220 - 224 - 225 - 227 - 237 - 239 - 242 - 244 - 255 - 258 - 261 - 262 - 265 - 266 - 270 - 272 - 277 - 278 - 279 - 283 - 292 - 293 - 298 - 300 - 306 - 309 - 316 - 317 - 318 - 324 - 325 - 332 - 335 - 339 - 343 - 346 - 347 - 348 - 349 - 351 - 352 - 354 - 356 - 357 - 363 - 369 - 376 - 377 - 380 - 383 - 386 - 388 - 392 - 393 - 399 - 404 - 406 - 412 - 430 - 437 - 438 - 445 - 448 - 450 - 456 - 459 - 462 - 463 - 468 - 469 - 484 - 486 - 487 - 490 - 491 - 494 - 499,4249724.1,19.8,72172,61736,3.32,Cost: 72172 & Capacity: 61736
4 - 8 - 13 - 14 - 21 - 23 - 26 - 29 - 32 - 34 - 35 - 49 - 50 - 53 - 58 - 63 - 64 - 66 - 68 - 69 - 71 - 73 - 74 - 85 - 89 - 99 - 105 - 109 - 112 - 118 - 122 - 123 - 128 - 131 - 133 - 137 - 141 - 145 - 152 - 153 - 163 - 164 - 166 - 173 - 176 - 181 - 183 - 187 - 196 - 197 - 198 - 202 - 203 - 204 - 207 - 208 - 213 - 215 - 219 - 220 - 229 - 233 - 234 - 235 - 255 - 256 - 257 - 259 - 260 - 261 - 263 - 264 - 265 - 268 - 270 - 272 - 274 - 277 - 279 - 280 - 282 - 283 - 284 - 289 - 292 - 298 - 300 - 302 - 304 - 310 - 311 - 312 - 313 - 316 - 317 - 318 - 323 - 338 - 339 - 341 - 343 - 348 - 350 - 352 - 353 - 359 - 362 - 369 - 372 - 378 - 384 - 386 - 388 - 404 - 407 - 409 - 414 - 415 - 416 - 417 - 419 - 423 - 428 - 433 - 438 - 443 - 447 - 450 - 454 - 456 - 457 - 459 - 463 - 466 - 468 - 470 - 472 - 475 - 479 - 484 - 492 - 495,5188895.5,16.3,89168,73775,4.72,Cost: 89168 & Capacity: 73775
1 - 5 - 10 - 17 - 18 - 23 - 28 - 49 - 51 - 53 - 54 - 64 - 67 - 74 - 82 - 86 - 90 - 93 - 96 - 102 - 103 - 108 - 112 - 115 - 117 - 118 - 123 - 124 - 126 - 127 - 135 - 141 - 150 - 152 - 153 - 160 - 163 - 171 - 174 - 177 - 180 - 187 - 191 - 193 - 198 - 205 - 210 - 213 - 214 - 219 - 226 - 227 - 228 - 236 - 239 - 247 - 249 - 265 - 266 - 268 - 269 - 270 - 277 - 279 - 283 - 306 - 312 - 315 - 316 - 319 - 324 - 327 - 336 - 337 - 340 - 343 - 347 - 349 - 351 - 356 - 363 - 370 - 374 - 384 - 404 - 406 - 407 - 408 - 410 - 420 - 428 - 431 - 434 - 438 - 442 - 443 - 446 - 450 - 458 - 459 - 463 - 464 - 465 - 466 - 469 - 470 - 497 - 498,2991333.0,26.8,66007,54581,6.23,Cost: 66007 & Capacity: 54581
1 - 5 - 10 - 17 - 18 - 23 - 28 - 30 - 49 - 51 - 53 - 54 - 64 - 67 - 74 - 82 - 86 - 90 - 93 - 96 - 102 - 103 - 108 - 112 - 115 - 117 - 118 - 123 - 124 - 126 - 127 - 135 - 141 - 150 - 152 - 153 - 160 - 163 - 171 - 174 - 177 - 180 - 187 - 191 - 193 - 198 - 205 - 210 - 213 - 214 - 219 - 226 - 227 - 228 - 236 - 239 - 247 - 249 - 265 - 266 - 268 - 269 - 270 - 277 - 279 - 283 - 306 - 312 - 315 - 316 - 319 - 324 - 327 - 336 - 337 - 340 - 343 - 347 - 349 - 351 - 356 - 363 - 370 - 374 - 384 - 385 - 404 - 406 - 407 - 408 - 410 - 420 - 428 - 431 - 434 - 438 - 442 - 443 - 446 - 450 - 458 - 459 - 463 - 464 - 465 - 466 - 469 - 470 - 488 - 497 - 498,3157133.7,25.4,66939,55676,6.23,Cost: 66939 & Capacity: 55676
1 - 5 - 10 - 17 - 18 - 23 - 28 - 30 - 49 - 51 - 53 - 54 - 64 - 67 - 74 - 82 - 86 - 90 - 93 - 96 - 102 - 103 - 108 - 112 - 115 - 117 - 118 - 123 - 124 - 126 - 127 - 135 - 141 - 150 - 152 - 153 - 160 - 163 - 169 - 171 - 174 - 177 - 180 - 187 - 191 - 193 - 198 - 205 - 210 - 213 - 214 - 219 - 226 - 227 - 228 - 236 - 239 - 247 - 249 - 265 - 266 - 268 - 269 - 270 - 277 - 279 - 283 - 306 - 312 - 315 - 316 - 319 - 324 - 327 - 336 - 337 - 340 - 343 - 347 - 349 - 351 - 356 - 363 - 370 - 374 - 384 - 385 - 403 - 404 - 406 - 407 - 408 - 410 - 420 - 428 - 431 - 434 - 438 - 440 - 442 - 443 - 446 - 449 - 450 - 458 - 459 - 463 - 464 - 465 - 466 - 469 - 470 - 484 - 488 - 497 - 498,3441802.8,24.3,69858,57968,6.23,Cost: 69858 & Capacity: 57968
1 - 5 - 10 - 17 - 18 - 23 - 28 - 30 - 49 - 51 - 53 - 54 - 64 - 67 - 74 - 82 - 86 - 90 - 93 - 96 - 102 - 103 - 108 - 112 - 115 - 117 - 118 - 123 - 124 - 126 - 127 - 135 - 141 - 150 - 152 - 153 - 160 - 163 - 169 - 171 - 174 - 177 - 180 - 187 - 191 - 193 - 198 - 205 - 210 - 213 - 214 - 219 - 226 - 227 - 228 - 236 - 239 - 247 - 249 - 265 - 266 - 268 - 269 - 270 - 277 - 279 - 283 - 306 - 312 - 315 - 316 - 319 - 324 - 327 - 330 - 336 - 337 - 340 - 343 - 347 - 349 - 351 - 356 - 357 - 358 - 363 - 370 - 374 - 384 - 385 - 403 - 404 - 406 - 407 - 408 - 410 - 420 - 428 - 431 - 434 - 438 - 440 - 442 - 443 - 446 - 449 - 450 - 458 - 459 - 463 - 464 - 465 - 466 - 469 - 470 - 484 - 488 - 497 - 498,3610417.9,23.8,71335,58898,6.23,Cost: 71335 & Capacity: 58898
1 - 5 - 10 - 17 - 18 - 23 - 28 - 30 - 49 - 51 - 53 - 54 - 64 - 67 - 74 - 82 - 86 - 90 - 93 - 96 - 102 - 103 - 108 - 112 - 115 - 117 - 118 - 123 - 124 - 126 - 127 - 135 - 141 - 150 - 152 - 153 - 160 - 163 - 169 - 171 - 174 - 177 - 180 - 187 - 191 - 193 - 198 - 205 - 210 - 213 - 214 - 219 - 226 - 227 - 228 - 236 - 239 - 247 - 249 - 265 - 266 - 268 - 269 - 270 - 277 - 279 - 283 - 306 - 312 - 315 - 316 - 319 - 324 - 327 - 330 - 336 - 337 - 340 - 343 - 347 - 349 - 351 - 356 - 357 - 358 - 363 - 370 - 374 - 384 - 385 - 399 - 403 - 404 - 406 - 407 - 408 - 410 - 420 - 428 - 431 - 434 - 438 - 440 - 442 - 443 - 446 - 449 - 450 - 458 - 459 - 463 - 464 - 465 - 466 - 469 - 470 - 484 - 488 - 497 - 498,3672036.9,23.0,71912,59675,6.23,Cost: 71912 & Capacity: 59675
1 - 5 - 10 - 17 - 18 - 23 - 28 - 30 - 49 - 51 - 53 - 54 - 64 - 67 - 74 - 82 - 86 - 90 - 93 - 96 - 102 - 103 - 108 - 112 - 115 - 117 - 118 - 123 - 124 - 126 - 127 - 135 - 141 - 150 - 152 - 153 - 160 - 163 - 169 - 171 - 174 - 177 - 180 - 187 - 191 - 193 - 198 - 205 - 210 - 213 - 214 - 219 - 226 - 227 - 228 - 236 - 239 - 247 - 249 - 265 - 266 - 268 - 269 - 270 - 277 - 279 - 283 - 306 - 312 - 315 - 316 - 319 - 324 - 327 - 330 - 336 - 337 - 340 - 343 - 347 - 349 - 351 - 356 - 357 - 358 - 363 - 370 - 374 - 384 - 385 - 399 - 403 - 404 - 406 - 407 - 408 - 410 - 420 - 428 - 430 - 431 - 434 - 438 - 440 - 442 - 443 - 446 - 449 - 450 - 458 - 459 - 463 - 464 - 465 - 466 - 469 - 470 - 484 - 488 - 497 - 498,3734449.0,22.5,73617,60578,6.23,Cost: 73617 & Capacity: 60578
1 - 5 - 10 - 17 - 18 - 23 - 28 - 30 - 49 - 51 - 53 - 54 - 64 - 67 - 74 - 82 - 86 - 90 - 93 - 96 - 102 - 103 - 108 - 112 - 115 - 117 - 118 - 123 - 124 - 126 - 127 - 135 - 141 - 150 - 152 - 153 - 160 - 163 - 169 - 171 - 174 - 177 - 180 - 187 - 191 - 193 - 198 - 205 - 210 - 213 - 214 - 219 - 226 - 227 - 228 - 236 - 239 - 247 - 249 - 265 - 266 - 268 - 269 - 270 - 277 - 279 - 283 - 306 - 312 - 315 - 316 - 319 - 324 - 327 - 330 - 336 - 337 - 340 - 343 - 347 - 349 - 351 - 356 - 357 - 358 - 363 - 370 - 374 - 384 - 385 - 386 - 399 - 403 - 404 - 406 - 407 - 408 - 410 - 420 - 428 - 430 - 431 - 434 - 438 - 440 - 442 - 443 - 446 - 449 - 450 - 458 - 459 - 463 - 464 - 465 - 466 - 469 - 470 - 484 - 488 - 497 - 498 - 499,3859703.0,22.1,75553,61657,6.23,Cost: 75553 & Capacity: 61657
1 - 5 - 10 - 17 - 18 - 23 - 28 - 30 - 49 - 51 - 52 - 53 - 54 - 64 - 67 - 74 - 82 - 86 - 90 - 93 - 96 - 102 - 103 - 108 - 112 - 115 - 117 - 118 - 123 - 124 - 126 - 127 - 135 - 141 - 150 - 152 - 153 - 160 - 163 - 169 - 171 - 174 - 177 - 180 - 187 - 191 - 193 - 198 - 205 - 210 - 213 - 214 - 219 - 226 - 227 - 228 - 236 - 239 - 247 - 249 - 265 - 266 - 268 - 269 - 270 - 277 - 279 - 283 - 306 - 312 - 315 - 316 - 317 - 319 - 324 - 327 - 330 - 336 - 337 - 340 - 343 - 347 - 349 - 351 - 356 - 357 - 358 - 363 - 370 - 374 - 384 - 385 - 386 - 399 - 403 - 404 - 406 - 407 - 408 - 410 - 416 - 420 - 428 - 430 - 431 - 434 - 438 - 440 - 442 - 443 - 446 - 449 - 450 - 458 - 459 - 463 - 464 - 465 - 466 - 469 - 470 - 484 - 488 - 497 - 498 - 499,4040066.4,22.0,77093,63207,6.23,Cost: 77093 & Capacity: 63207
1 - 5 - 10 - 17 - 18 - 23 - 28 - 30 - 49 - 51 - 52 - 53 - 54 - 64 - 67 - 74 - 82 - 86 - 90 - 93 - 96 - 102 - 103 - 108 - 109 - 112 - 115 - 117 - 118 - 123 - 124 - 126 - 127 - 128 - 135 - 136 - 141 - 145 - 150 - 152 - 153 - 160 - 163 - 169 - 171 - 174 - 177 - 180 - 181 - 187 - 191 - 192 - 193 - 198 - 205 - 210 - 213 - 214 - 219 - 226 - 227 - 228 - 236 - 239 - 247 - 249 - 255 - 265 - 266 - 268 - 269 - 270 - 277 - 279 - 283 - 306 - 312 - 315 - 316 - 317 - 319 - 324 - 327 - 330 - 336 - 337 - 340 - 343 - 347 - 349 - 351 - 356 - 357 - 358 - 363 - 370 - 371 - 374 - 384 - 385 - 386 - 393 - 399 - 403 - 404 - 406 - 407 - 408 - 410 - 414 - 416 - 420 - 426 - 428 - 430 - 431 - 434 - 435 - 438 - 440 - 442 - 443 - 446 - 447 - 449 - 450 - 458 - 459 - 463 - 464 - 465 - 466 - 469 - 470 - 484 - 488 - 497 - 498 - 499,4919300.1,17.3,84898,69987,6.24,Cost: 84898 & Capacity: 69987
0 - 1 - 7 - 8 - 11 - 13 - 14 - 16 - 18 - 21 - 22 - 25 - 26 - 28 - 35 - 38 - 39 - 43 - 44 - 45 - 47 - 49 - 51 - 52 - 55 - 56 - 60 - 61 - 64 - 65 - 67 - 68 - 73 - 75 - 80 - 81 - 82 - 84 - 85 - 90 - 91 - 100 - 101 - 102 - 109 - 111 - 112 - 114 - 118 - 121 - 123 - 124 - 126 - 129 - 133 - 134 - 137 - 138 - 140 - 141 - 143 - 146 - 148 - 151 - 152 - 154 - 155 - 157 - 158 - 169 - 170 - 173 - 174 - 180 - 181 - 182 - 184 - 185 - 188 - 189 - 190 - 191 - 192 - 197 - 201 - 206 - 207 - 208 - 211 - 213 - 215 - 219 - 222 - 223 - 226 - 227 - 229 - 230 - 232 - 233 - 234 - 235 - 237 - 238 - 239 - 244 - 246 - 247 - 250 - 254 - 255 - 256 - 257 - 258 - 262 - 263 - 264 - 265 - 266 - 268 - 270 - 272 - 278 - 279 - 281 - 283 - 284 - 286 - 290 - 295 - 299 - 300 - 301 - 303 - 305 - 307 - 308 - 316 - 318 - 320 - 321 - 331 - 332 - 333 - 334 - 336 - 342 - 345 - 346 - 348 - 363 - 366 - 369 - 372 - 375 - 376 - 378 - 379 - 380 - 381 - 389 - 391 - 393 - 394 - 396 - 399 - 400 - 404 - 405 - 409 - 410 - 412 - 416 - 418 - 421 - 425 - 431 - 433 - 435 - 437 - 440 - 442 - 445 - 446 - 447 - 450 - 451 - 454 - 456 - 458 - 462 - 466 - 467 - 469 - 472 - 475 - 476 - 481 - 483 - 486 - 487 - 490 - 491 - 492 - 493 - 495 - 498 - 499,10778422.6,5.7,86859,81120,17.3,Cost: 86859 & Capacity: 81120
0 - 1 - 7 - 11 - 13 - 14 - 16 - 18 - 21 - 22 - 25 - 26 - 28 - 35 - 38 - 39 - 43 - 44 - 45 - 47 - 49 - 51 - 52 - 55 - 56 - 60 - 61 - 64 - 65 - 67 - 68 - 73 - 75 - 80 - 81 - 82 - 84 - 85 - 90 - 91 - 100 - 101 - 102 - 109 - 111 - 112 - 114 - 118 - 121 - 123 - 124 - 126 - 129 - 133 - 134 - 137 - 138 - 140 - 141 - 143 - 146 - 148 - 151 - 152 - 154 - 155 - 157 - 158 - 169 - 170 - 173 - 174 - 180 - 181 - 182 - 184 - 185 - 188 - 189 - 190 - 191 - 192 - 197 - 201 - 206 - 207 - 208 - 211 - 213 - 219 - 222 - 223 - 226 - 227 - 229 - 230 - 232 - 233 - 234 - 235 - 237 - 238 - 239 - 244 - 246 - 247 - 250 - 254 - 255 - 256 - 257 - 258 - 262 - 263 - 264 - 265 - 266 - 268 - 270 - 272 - 278 - 279 - 281 - 283 - 284 - 286 - 290 - 295 - 299 - 300 - 301 - 303 - 305 - 307 - 308 - 316 - 318 - 320 - 321 - 331 - 332 - 333 - 334 - 336 - 342 - 345 - 346 - 348 - 363 - 366 - 369 - 372 - 375 - 376 - 378 - 379 - 380 - 381 - 389 - 391 - 393 - 394 - 396 - 399 - 400 - 404 - 405 - 409 - 410 - 412 - 416 - 418 - 421 - 425 - 431 - 433 - 435 - 437 - 440 - 442 - 445 - 446 - 447 - 450 - 451 - 454 - 456 - 458 - 462 - 466 - 467 - 469 - 472 - 475 - 476 - 481 - 483 - 486 - 487 - 490 - 491 - 492 - 493 - 495 - 498 - 499,10579811.0,5.8,85462,80204,17.3,Cost: 85462 & Capacity: 80204
14 - 17 - 22 - 31 - 33 - 34 - 35 - 44 - 49 - 52 - 54 - 66 - 67 - 71 - 82 - 86 - 96 - 103 - 111 - 117 - 148 - 149 - 151 - 152 - 153 - 155 - 163 - 171 - 179 - 181 - 187 - 196 - 210 - 214 - 217 - 220 - 221 - 224 - 241 - 251 - 263 - 265 - 268 - 272 - 275 - 287 - 292 - 293 - 306 - 308 - 317 - 319 - 323 - 329 - 335 - 338 - 339 - 346 - 347 - 348 - 352 - 356 - 357 - 364 - 366 - 369 - 376 - 381 - 383 - 386 - 395 - 400 - 403 - 404 - 406 - 422 - 424 - 425 - 428 - 432 - 449 - 451 - 455 - 457 - 463 - 465 - 484 - 487 - 488 - 494,2118067.9,31.1,62609,52920,19.13,Cost: 62609 & Capacity: 52920
5 - 7 - 10 - 17 - 22 - 33 - 44 - 49 - 50 - 52 - 55 - 56 - 64 - 70 - 74 - 75 - 76 - 80 - 81 - 93 - 97 - 109 - 117 - 122 - 124 - 130 - 134 - 139 - 141 - 144 - 147 - 153 - 155 - 156 - 160 - 175 - 193 - 197 - 198 - 205 - 210 - 213 - 217 - 220 - 221 - 224 - 229 - 233 - 243 - 250 - 252 - 261 - 269 - 282 - 283 - 296 - 297 - 298 - 303 - 309 - 316 - 321 - 324 - 336 - 347 - 350 - 352 - 353 - 355 - 357 - 365 - 370 - 374 - 376 - 384 - 389 - 403 - 404 - 409 - 410 - 415 - 416 - 418 - 419 - 424 - 426 - 435 - 437 - 449 - 450 - 451 - 458 - 460 - 466 - 470 - 492,2389895.4,30.2,57605,52777,31.15,Cost: 57605 & Capacity: 52777
5 - 7 - 10 - 14 - 17 - 20 - 22 - 23 - 27 - 28 - 33 - 43 - 44 - 49 - 50 - 52 - 55 - 56 - 64 - 67 - 68 - 70 - 74 - 75 - 76 - 77 - 78 - 80 - 81 - 84 - 90 - 93 - 97 - 109 - 117 - 119 - 122 - 124 - 130 - 134 - 139 - 141 - 142 - 144 - 147 - 149 - 153 - 155 - 156 - 158 - 160 - 175 - 181 - 193 - 197 - 198 - 202 - 205 - 207 - 210 - 213 - 217 - 219 - 220 - 221 - 224 - 229 - 233 - 234 - 240 - 243 - 250 - 252 - 255 - 257 - 261 - 269 - 282 - 283 - 296 - 297 - 298 - 303 - 305 - 309 - 311 - 316 - 321 - 323 - 324 - 336 - 347 - 350 - 352 - 353 - 355 - 357 - 365 - 369 - 370 - 374 - 376 - 383 - 384 - 389 - 403 - 404 - 406 - 409 - 410 - 411 - 412 - 415 - 416 - 418 - 419 - 424 - 426 - 430 - 435 - 437 - 444 - 449 - 450 - 451 - 452 - 454 - 458 - 460 - 466 - 467 - 470 - 475 - 484 - 492 - 493 - 494 - 497,4887852.3,17.4,85516,74081,31.16,Cost: 85516 & Capacity: 74081
1 - 7 - 8 - 10 - 11 - 13 - 14 - 15 - 16 - 18 - 21 - 22 - 23 - 25 - 26 - 28 - 30 - 33 - 34 - 35 - 38 - 39 - 43 - 44 - 45 - 47 - 49 - 50 - 51 - 52 - 55 - 56 - 60 - 65 - 67 - 68 - 73 - 75 - 80 - 81 - 82 - 84 - 85 - 87 - 93 - 94 - 96 - 100 - 101 - 105 - 109 - 112 - 114 - 116 - 120 - 121 - 122 - 123 - 124 - 126 - 127 - 129 - 133 - 136 - 137 - 138 - 139 - 140 - 141 - 143 - 146 - 148 - 151 - 152 - 154 - 155 - 156 - 157 - 158 - 160 - 162 - 163 - 166 - 169 - 170 - 173 - 180 - 181 - 182 - 184 - 185 - 186 - 188 - 189 - 190 - 191 - 192 - 193 - 195 - 196 - 197 - 201 - 206 - 208 - 211 - 213 - 215 - 216 - 217 - 218 - 219 - 222 - 223 - 226 - 227 - 228 - 229 - 233 - 234 - 235 - 238 - 239 - 243 - 244 - 245 - 247 - 248 - 250 - 254 - 255 - 256 - 257 - 258 - 259 - 262 - 263 - 264 - 265 - 266 - 270 - 272 - 277 - 278 - 279 - 280 - 281 - 283 - 284 - 286 - 287 - 288 - 289 - 290 - 291 - 294 - 295 - 297 - 298 - 299 - 300 - 301 - 303 - 307 - 310 - 311 - 316 - 318 - 319 - 320 - 329 - 331 - 332 - 333 - 334 - 336 - 337 - 341 - 342 - 343 - 345 - 346 - 348 - 350 - 354 - 358 - 362 - 363 - 366 - 369 - 372 - 374 - 375 - 378 - 379 - 380 - 381 - 384 - 388 - 389 - 391 - 393 - 394 - 396 - 397 - 398 - 399 - 400 - 404 - 405 - 409 - 410 - 412 - 416 - 417 - 418 - 419 - 421 - 423 - 424 - 425 - 429 - 433 - 435 - 437 - 438 - 441 - 442 - 446 - 447 - 450 - 451 - 454 - 456 - 457 - 458 - 462 - 466 - 467 - 468 - 472 - 475 - 478 - 481 - 483 - 484 - 486 - 487 - 488 - 490 - 493 - 494 - 495 - 496 - 498 - 499,16280714.6,2.9,91850,93390,3.78,Cost: 91850 & Capacity: 93390
0 - 1 - 2 - 7 - 10 - 11 - 13 - 14 - 15 - 16 - 18 - 21 - 22 - 23 - 25 - 26 - 27 - 28 - 30 - 34 - 38 - 39 - 43 - 44 - 45 - 47 - 49 - 51 - 52 - 55 - 56 - 60 - 65 - 68 - 73 - 75 - 80 - 81 - 82 - 84 - 85 - 87 - 89 - 93 - 96 - 100 - 101 - 103 - 105 - 109 - 112 - 114 - 121 - 123 - 124 - 129 - 131 - 133 - 136 - 137 - 138 - 139 - 141 - 143 - 144 - 146 - 148 - 151 - 152 - 154 - 155 - 157 - 158 - 163 - 167 - 169 - 170 - 173 - 174 - 177 - 180 - 181 - 182 - 184 - 185 - 188 - 189 - 191 - 192 - 193 - 195 - 196 - 197 - 206 - 208 - 211 - 213 - 219 - 220 - 222 - 223 - 225 - 226 - 227 - 228 - 229 - 233 - 234 - 235 - 237 - 238 - 239 - 243 - 244 - 245 - 247 - 248 - 250 - 254 - 255 - 256 - 257 - 258 - 259 - 262 - 263 - 264 - 265 - 266 - 270 - 272 - 274 - 277 - 278 - 279 - 281 - 284 - 286 - 288 - 289 - 295 - 296 - 297 - 299 - 300 - 301 - 302 - 303 - 306 - 307 - 308 - 316 - 317 - 318 - 319 - 320 - 328 - 329 - 331 - 332 - 333 - 334 - 336 - 337 - 342 - 343 - 345 - 346 - 348 - 350 - 356 - 358 - 366 - 369 - 372 - 374 - 375 - 377 - 378 - 379 - 380 - 381 - 389 - 391 - 393 - 394 - 395 - 399 - 400 - 401 - 404 - 405 - 409 - 412 - 416 - 417 - 420 - 421 - 425 - 428 - 433 - 435 - 437 - 441 - 442 - 447 - 450 - 451 - 454 - 456 - 457 - 458 - 460 - 462 - 463 - 466 - 468 - 472 - 473 - 475 - 481 - 483 - 488 - 489 - 493 - 495 - 498 - 499,13010285.9,5.6,91873,89310,8.13,Cost: 91873 & Capacity: 89310
0 - 7 - 8 - 9 - 14 - 16 - 22 - 26 - 29 - 36 - 60 - 64 - 66 - 67 - 70 - 71 - 75 - 85 - 91 - 104 - 112 - 114 - 117 - 119 - 123 - 127 - 128 - 133 - 134 - 140 - 145 - 147 - 152 - 154 - 166 - 168 - 173 - 179 - 190 - 191 - 198 - 207 - 208 - 216 - 222 - 224 - 229 - 230 - 233 - 237 - 243 - 245 - 257 - 260 - 265 - 267 - 271 - 272 - 277 - 283 - 284 - 295 - 297 - 298 - 305 - 309 - 311 - 313 - 316 - 318 - 328 - 330 - 332 - 334 - 336 - 350 - 351 - 355 - 359 - 373 - 374 - 375 - 378 - 384 - 394 - 397 - 398 - 403 - 404 - 413 - 414 - 419 - 433 - 434 - 435 - 437 - 446 - 448 - 450 - 456 - 459 - 462 - 464 - 465 - 466 - 468 - 470 - 476 - 480 - 492,3156661.1,26.6,63270,55347,8.57,Cost: 63270 & Capacity: 55347
0 - 4 - 7 - 8 - 9 - 14 - 16 - 22 - 27 - 29 - 36 - 57 - 60 - 64 - 66 - 67 - 70 - 71 - 75 - 85 - 91 - 104 - 112 - 114 - 115 - 117 - 119 - 122 - 123 - 124 - 127 - 128 - 133 - 134 - 139 - 140 - 142 - 145 - 147 - 148 - 152 - 154 - 166 - 168 - 173 - 179 - 190 - 191 - 198 - 207 - 208 - 216 - 222 - 224 - 229 - 230 - 233 - 235 - 237 - 243 - 245 - 251 - 257 - 260 - 265 - 267 - 268 - 271 - 272 - 277 - 283 - 284 - 295 - 297 - 298 - 305 - 309 - 310 - 311 - 313 - 316 - 318 - 328 - 330 - 332 - 334 - 336 - 350 - 351 - 355 - 358 - 359 - 369 - 373 - 374 - 375 - 378 - 384 - 394 - 397 - 398 - 403 - 404 - 413 - 414 - 419 - 433 - 434 - 435 - 437 - 446 - 447 - 448 - 450 - 456 - 459 - 462 - 464 - 465 - 466 - 468 - 470 - 476 - 480 - 492,4049643.9,20.4,71516,63231,8.56,Cost: 71516 & Capacity: 63231
0 - 4 - 7 - 8 - 9 - 14 - 16 - 22 - 23 - 27 - 29 - 36 - 49 - 56 - 57 - 58 - 60 - 64 - 66 - 67 - 70 - 71 - 75 - 85 - 90 - 91 - 97 - 104 - 112 - 114 - 115 - 117 - 119 - 122 - 123 - 124 - 127 - 128 - 133 - 134 - 138 - 139 - 140 - 142 - 145 - 147 - 148 - 152 - 154 - 166 - 168 - 173 - 179 - 181 - 190 - 191 - 198 - 207 - 208 - 216 - 222 - 224 - 229 - 230 - 233 - 235 - 237 - 243 - 245 - 251 - 257 - 260 - 265 - 267 - 268 - 271 - 272 - 277 - 283 - 284 - 295 - 297 - 298 - 305 - 309 - 310 - 311 - 313 - 316 - 318 - 328 - 330 - 332 - 334 - 336 - 350 - 351 - 355 - 358 - 359 - 369 - 373 - 374 - 375 - 378 - 384 - 394 - 397 - 398 - 403 - 404 - 413 - 414 - 419 - 433 - 434 - 435 - 437 - 446 - 447 - 448 - 450 - 456 - 459 - 462 - 464 - 465 - 466 - 468 - 470 - 476 - 480 - 492,4582548.9,18.9,76330,66858,8.56,Cost: 76330 & Capacity: 66858
0 - 4 - 7 - 8 - 9 - 14 - 16 - 22 - 23 - 27 - 29 - 36 - 49 - 56 - 57 - 58 - 60 - 64 - 66 - 67 - 70 - 71 - 75 - 85 - 90 - 91 - 97 - 104 - 112 - 114 - 115 - 117 - 119 - 122 - 123 - 124 - 127 - 128 - 133 - 134 - 138 - 139 - 140 - 142 - 145 - 147 - 148 - 152 - 154 - 166 - 168 - 173 - 179 - 181 - 190 - 191 - 198 - 207 - 208 - 216 - 222 - 224 - 229 - 230 - 233 - 235 - 237 - 243 - 245 - 251 - 257 - 260 - 265 - 267 - 268 - 271 - 272 - 277 - 283 - 284 - 295 - 297 - 298 - 305 - 309 - 310 - 311 - 313 - 316 - 318 - 328 - 330 - 332 - 334 - 336 - 350 - 351 - 355 - 358 - 359 - 369 - 373 - 374 - 375 - 378 - 384 - 394 - 397 - 398 - 403 - 404 - 413 - 414 - 415 - 419 - 427 - 433 - 434 - 435 - 437 - 446 - 447 - 448 - 450 - 456 - 459 - 462 - 464 - 465 - 466 - 468 - 470 - 476 - 480 - 492,4722006.4,18.7,78237,68574,8.56,Cost: 78237 & Capacity: 68574
0 - 4 - 7 - 8 - 9 - 14 - 16 - 22 - 23 - 27 - 29 - 36 - 49 - 56 - 57 - 58 - 60 - 64 - 66 - 67 - 70 - 71 - 75 - 85 - 90 - 91 - 97 - 104 - 112 - 114 - 115 - 117 - 119 - 122 - 123 - 124 - 127 - 128 - 133 - 134 - 138 - 139 - 140 - 142 - 145 - 147 - 148 - 152 - 154 - 166 - 168 - 173 - 179 - 181 - 190 - 191 - 198 - 207 - 208 - 216 - 220 - 222 - 224 - 229 - 230 - 233 - 235 - 237 - 243 - 245 - 251 - 257 - 260 - 265 - 267 - 268 - 271 - 272 - 277 - 283 - 284 - 295 - 297 - 298 - 305 - 309 - 310 - 311 - 313 - 316 - 318 - 328 - 330 - 332 - 334 - 336 - 350 - 351 - 355 - 358 - 359 - 369 - 373 - 374 - 375 - 378 - 384 - 394 - 397 - 398 - 403 - 404 - 413 - 414 - 415 - 419 - 427 - 433 - 434 - 435 - 437 - 446 - 447 - 448 - 450 - 456 - 459 - 462 - 464 - 465 - 466 - 468 - 470 - 476 - 480 - 492,4790512.0,18.6,79186,69495,8.56,Cost: 79186 & Capacity: 69495
0 - 4 - 5 - 7 - 8 - 9 - 14 - 16 - 22 - 23 - 27 - 29 - 36 - 49 - 56 - 57 - 58 - 60 - 64 - 66 - 67 - 70 - 71 - 75 - 85 - 90 - 91 - 97 - 104 - 112 - 114 - 115 - 117 - 119 - 122 - 123 - 124 - 127 - 128 - 133 - 134 - 138 - 139 - 140 - 142 - 145 - 147 - 148 - 152 - 154 - 166 - 168 - 173 - 179 - 181 - 190 - 191 - 198 - 207 - 208 - 216 - 220 - 222 - 224 - 229 - 230 - 233 - 235 - 237 - 243 - 245 - 251 - 257 - 260 - 265 - 267 - 268 - 271 - 272 - 277 - 283 - 284 - 295 - 297 - 298 - 305 - 309 - 310 - 311 - 313 - 316 - 318 - 328 - 330 - 332 - 334 - 336 - 350 - 351 - 355 - 358 - 359 - 369 - 373 - 374 - 375 - 378 - 384 - 394 - 397 - 398 - 403 - 404 - 413 - 414 - 415 - 419 - 427 - 433 - 434 - 435 - 437 - 446 - 447 - 448 - 450 - 456 - 459 - 462 - 464 - 465 - 466 - 468 - 470 - 476 - 480 - 492,4859756.1,17.9,80209,70475,8.56,Cost: 80209 & Capacity: 70475
0 - 4 - 5 - 7 - 8 - 9 - 14 - 16 - 22 - 23 - 27 - 29 - 36 - 49 - 56 - 57 - 58 - 60 - 64 - 66 - 67 - 70 - 71 - 75 - 85 - 90 - 91 - 97 - 104 - 112 - 114 - 115 - 117 - 119 - 122 - 123 - 124 - 127 - 128 - 133 - 134 - 138 - 139 - 140 - 142 - 145 - 147 - 148 - 152 - 154 - 166 - 168 - 173 - 179 - 181 - 190 - 191 - 198 - 207 - 208 - 216 - 220 - 222 - 224 - 229 - 230 - 233 - 235 - 237 - 243 - 245 - 251 - 257 - 260 - 265 - 267 - 268 - 271 - 272 - 277 - 283 - 284 - 295 - 297 - 298 - 305 - 309 - 310 - 311 - 313 - 316 - 318 - 328 - 330 - 332 - 334 - 336 - 350 - 351 - 355 - 358 - 359 - 369 - 373 - 374 - 375 - 378 - 384 - 388 - 394 - 397 - 398 - 403 - 404 - 413 - 414 - 415 - 419 - 427 - 430 - 433 - 434 - 435 - 437 - 446 - 447 - 448 - 450 - 456 - 459 - 462 - 464 - 465 - 466 - 468 - 470 - 476 - 480 - 492,5002025.9,16.4,82309,71726,8.56,Cost: 82309 & Capacity: 71726
0 - 4 - 5 - 7 - 8 - 9 - 14 - 16 - 22 - 23 - 27 - 29 - 36 - 49 - 56 - 57 - 58 - 60 - 64 - 66 - 67 - 70 - 71 - 75 - 85 - 90 - 91 - 97 - 104 - 112 - 114 - 115 - 117 - 119 - 122 - 123 - 124 - 127 - 128 - 133 - 134 - 138 - 139 - 140 - 141 - 142 - 145 - 147 - 148 - 152 - 154 - 166 - 168 - 173 - 179 - 181 - 190 - 191 - 198 - 207 - 208 - 216 - 217 - 219 - 220 - 222 - 224 - 229 - 230 - 233 - 235 - 237 - 243 - 245 - 251 - 257 - 260 - 265 - 267 - 268 - 271 - 272 - 277 - 283 - 284 - 295 - 297 - 298 - 305 - 306 - 309 - 310 - 311 - 313 - 316 - 318 - 328 - 330 - 332 - 334 - 336 - 350 - 351 - 355 - 358 - 359 - 369 - 373 - 374 - 375 - 378 - 384 - 388 - 394 - 397 - 398 - 403 - 404 - 413 - 414 - 415 - 419 - 427 - 430 - 433 - 434 - 435 - 437 - 446 - 447 - 448 - 450 - 456 - 459 - 462 - 464 - 465 - 466 - 468 - 470 - 476 - 480 - 492 - 497,5367964.8,16.0,84907,73994,8.56,Cost: 84907 & Capacity: 73994
0 - 4 - 5 - 7 - 8 - 9 - 14 - 16 - 22 - 23 - 27 - 29 - 36 - 49 - 56 - 57 - 58 - 60 - 64 - 66 - 67 - 70 - 71 - 75 - 85 - 90 - 91 - 97 - 104 - 112 - 114 - 115 - 117 - 119 - 122 - 123 - 124 - 127 - 128 - 133 - 134 - 138 - 139 - 140 - 141 - 142 - 145 - 147 - 148 - 152 - 154 - 166 - 168 - 173 - 179 - 181 - 190 - 191 - 198 - 207 - 208 - 216 - 217 - 219 - 220 - 222 - 224 - 229 - 230 - 233 - 235 - 237 - 243 - 245 - 251 - 255 - 257 - 260 - 265 - 267 - 268 - 271 - 272 - 277 - 281 - 283 - 284 - 295 - 297 - 298 - 305 - 306 - 309 - 310 - 311 - 313 - 316 - 318 - 328 - 330 - 332 - 334 - 336 - 350 - 351 - 355 - 358 - 359 - 369 - 373 - 374 - 375 - 378 - 384 - 388 - 394 - 397 - 398 - 403 - 404 - 413 - 414 - 415 - 419 - 427 - 430 - 433 - 434 - 435 - 437 - 446 - 447 - 448 - 450 - 456 - 459 - 462 - 464 - 465 - 466 - 468 - 470 - 476 - 480 - 492 - 497,5503619.9,15.9,85196,74361,8.56,Cost: 85196 & Capacity: 74361
0 - 4 - 5 - 7 - 8 - 9 - 13 - 14 - 16 - 22 - 23 - 27 - 29 - 36 - 37 - 49 - 56 - 57 - 58 - 60 - 64 - 66 - 67 - 69 - 70 - 71 - 75 - 85 - 90 - 91 - 97 - 104 - 112 - 114 - 115 - 117 - 119 - 122 - 123 - 124 - 127 - 128 - 133 - 134 - 138 - 139 - 140 - 141 - 142 - 145 - 147 - 148 - 152 - 154 - 166 - 168 - 173 - 179 - 181 - 190 - 191 - 198 - 207 - 208 - 216 - 217 - 219 - 220 - 222 - 224 - 229 - 230 - 233 - 235 - 237 - 243 - 245 - 251 - 255 - 257 - 260 - 265 - 267 - 268 - 271 - 272 - 277 - 281 - 283 - 284 - 295 - 297 - 298 - 305 - 306 - 309 - 310 - 311 - 313 - 316 - 318 - 328 - 330 - 332 - 334 - 336 - 350 - 351 - 355 - 358 - 359 - 369 - 373 - 374 - 375 - 378 - 384 - 388 - 394 - 397 - 398 - 403 - 404 - 413 - 414 - 415 - 419 - 427 - 430 - 432 - 433 - 434 - 435 - 437 - 444 - 446 - 447 - 448 - 450 - 456 - 458 - 459 - 462 - 464 - 465 - 466 - 468 - 470 - 476 - 480 - 492 - 497,5958946.4,14.8,89393,77426,8.57,Cost: 89393 & Capacity: 77426
0 - 4 - 5 - 7 - 8 - 9 - 13 - 14 - 16 - 22 - 23 - 27 - 29 - 36 - 37 - 49 - 56 - 57 - 58 - 60 - 64 - 66 - 67 - 69 - 70 - 71 - 75 - 85 - 90 - 91 - 97 - 104 - 112 - 114 - 115 - 117 - 119 - 122 - 123 - 124 - 127 - 128 - 133 - 134 - 138 - 139 - 140 - 141 - 142 - 145 - 147 - 148 - 152 - 154 - 166 - 168 - 173 - 179 - 181 - 190 - 191 - 198 - 204 - 207 - 208 - 216 - 217 - 219 - 220 - 222 - 224 - 229 - 230 - 233 - 235 - 237 - 243 - 245 - 251 - 255 - 257 - 260 - 265 - 267 - 268 - 271 - 272 - 277 - 281 - 283 - 284 - 295 - 297 - 298 - 305 - 306 - 309 - 310 - 311 - 313 - 316 - 318 - 328 - 330 - 332 - 334 - 336 - 337 - 350 - 351 - 355 - 358 - 359 - 369 - 373 - 374 - 375 - 378 - 384 - 388 - 394 - 397 - 398 - 403 - 404 - 413 - 414 - 415 - 419 - 427 - 430 - 432 - 433 - 434 - 435 - 437 - 444 - 446 - 447 - 448 - 450 - 456 - 458 - 459 - 462 - 464 - 465 - 466 - 468 - 470 - 476 - 480 - 492 - 497,6111306.2,14.6,90464,78266,8.57,Cost: 90464 & Capacity: 78266
4 - 10 - 13 - 16 - 18 - 26 - 28 - 30 - 34 - 35 - 43 - 47 - 49 - 51 - 52 - 55 - 56 - 58 - 60 - 65 - 68 - 69 - 73 - 75 - 81 - 86 - 93 - 96 - 101 - 103 - 104 - 105 - 109 - 112 - 114 - 116 - 121 - 123 - 124 - 126 - 129 - 130 - 141 - 143 - 144 - 145 - 151 - 152 - 154 - 157 - 158 - 160 - 161 - 166 - 170 - 171 - 173 - 177 - 181 - 182 - 183 - 188 - 191 - 192 - 193 - 194 - 197 - 201 - 203 - 207 - 210 - 211 - 212 - 213 - 215 - 219 - 220 - 222 - 226 - 227 - 228 - 230 - 232 - 233 - 234 - 235 - 239 - 240 - 243 - 244 - 246 - 247 - 253 - 254 - 255 - 256 - 257 - 258 - 259 - 263 - 264 - 265 - 267 - 270 - 275 - 278 - 279 - 280 - 281 - 283 - 284 - 292 - 295 - 299 - 300 - 301 - 306 - 307 - 308 - 311 - 312 - 318 - 319 - 324 - 326 - 327 - 331 - 332 - 333 - 334 - 336 - 340 - 342 - 343 - 345 - 348 - 354 - 362 - 363 - 367 - 368 - 369 - 370 - 371 - 372 - 374 - 376 - 378 - 381 - 382 - 383 - 384 - 386 - 389 - 391 - 393 - 395 - 396 - 399 - 400 - 401 - 402 - 404 - 405 - 410 - 414 - 416 - 417 - 419 - 423 - 425 - 426 - 427 - 429 - 437 - 441 - 443 - 445 - 447 - 448 - 449 - 451 - 454 - 456 - 457 - 458 - 459 - 460 - 462 - 463 - 466 - 469 - 471 - 472 - 475 - 479 - 488 - 491 - 493 - 494 - 495 - 499,10312231.4,8.4,91866,86380,9.54,Cost: 91866 & Capacity: 86380
0 - 1 - 4 - 9 - 16 - 17 - 18 - 27 - 28 - 30 - 34 - 35 - 37 - 43 - 45 - 51 - 52 - 55 - 58 - 60 - 65 - 69 - 71 - 74 - 78 - 83 - 91 - 100 - 102 - 103 - 104 - 112 - 114 - 116 - 118 - 123 - 124 - 132 - 136 - 141 - 142 - 150 - 151 - 152 - 154 - 155 - 157 - 158 - 161 - 171 - 174 - 177 - 181 - 183 - 188 - 191 - 192 - 194 - 197 - 203 - 210 - 211 - 214 - 219 - 226 - 227 - 228 - 230 - 232 - 233 - 234 - 235 - 238 - 240 - 244 - 247 - 254 - 255 - 259 - 265 - 267 - 270 - 274 - 275 - 276 - 280 - 281 - 283 - 284 - 290 - 291 - 293 - 295 - 299 - 300 - 301 - 310 - 311 - 312 - 316 - 317 - 319 - 321 - 324 - 326 - 327 - 333 - 334 - 336 - 343 - 362 - 367 - 368 - 369 - 370 - 372 - 374 - 376 - 378 - 383 - 386 - 393 - 399 - 402 - 403 - 409 - 414 - 416 - 417 - 419 - 426 - 429 - 431 - 443 - 445 - 447 - 450 - 454 - 456 - 458 - 459 - 462 - 465 - 469 - 471 - 472 - 475 - 479 - 488 - 489 - 491 - 494,5861668.3,15.3,86931,75209,9.55,Cost: 86931 & Capacity: 75209
7 - 9 - 10 - 11 - 13 - 14 - 15 - 16 - 18 - 21 - 22 - 23 - 26 - 27 - 28 - 30 - 33 - 34 - 35 - 38 - 39 - 43 - 44 - 45 - 47 - 48 - 49 - 50 - 52 - 54 - 55 - 56 - 57 - 58 - 60 - 61 - 62 - 64 - 65 - 67 - 68 - 70 - 73 - 75 - 76 - 80 - 81 - 84 - 85 - 87 - 88 - 89 - 93 - 94 - 96 - 97 - 101 - 103 - 105 - 108 - 110 - 111 - 112 - 114 - 115 - 117 - 120 - 121 - 123 - 124 - 126 - 127 - 129 - 133 - 136 - 137 - 138 - 139 - 141 - 142 - 143 - 144 - 145 - 146 - 148 - 149 - 151 - 152 - 156 - 157 - 158 - 160 - 161 - 162 - 163 - 165 - 167 - 168 - 169 - 170 - 173 - 174 - 175 - 177 - 180 - 182 - 183 - 184 - 185 - 186 - 187 - 189 - 190 - 191 - 192 - 193 - 194 - 195 - 196 - 201 - 202 - 203 - 206 - 207 - 208 - 211 - 212 - 213 - 216 - 217 - 218 - 219 - 222 - 223 - 224 - 226 - 227 - 228 - 229 - 230 - 232 - 233 - 235 - 239 - 242 - 243 - 244 - 245 - 247 - 248 - 250 - 251 - 254 - 255 - 256 - 257 - 258 - 259 - 260 - 262 - 264 - 265 - 266 - 270 - 278 - 279 - 280 - 281 - 283 - 286 - 287 - 289 - 290 - 291 - 292 - 295 - 297 - 298 - 299 - 300 - 301 - 303 - 307 - 309 - 310 - 311 - 312 - 313 - 314 - 315 - 316 - 318 - 319 - 320 - 326 - 327 - 330 - 331 - 332 - 333 - 334 - 336 - 337 - 340 - 341 - 342 - 345 - 346 - 348 - 350 - 354 - 356 - 358 - 360 - 361 - 362 - 366 - 368 - 370 - 371 - 372 - 374 - 375 - 377 - 378 - 379 - 380 - 381 - 384 - 387 - 388 - 389 - 391 - 392 - 393 - 395 - 396 - 397 - 398 - 399 - 400 - 401 - 404 - 405 - 408 - 409 - 410 - 413 - 415 - 416 - 418 - 420 - 421 - 424 - 425 - 429 - 431 - 433 - 436 - 437 - 438 - 440 - 441 - 442 - 445 - 446 - 447 - 450 - 451 - 452 - 453 - 454 - 456 - 457 - 458 - 460 - 462 - 464 - 466 - 467 - 468 - 472 - 478 - 482 - 483 - 484 - 485 - 486 - 487 - 488 - 490 - 493 - 494 - 495 - 496 - 498 - 499,21962734.7,0.1,91870,106101,12.53,Cost: 91870 & Capacity: 106101
1 - 9 - 11 - 14 - 16 - 17 - 18 - 27 - 34 - 43 - 51 - 52 - 53 - 55 - 56 - 57 - 61 - 67 - 68 - 69 - 73 - 75 - 78 - 81 - 82 - 86 - 89 - 90 - 97 - 103 - 104 - 105 - 108 - 109 - 112 - 116 - 118 - 120 - 123 - 124 - 129 - 136 - 151 - 152 - 154 - 155 - 158 - 160 - 163 - 164 - 166 - 171 - 173 - 177 - 181 - 184 - 185 - 197 - 198 - 209 - 213 - 218 - 219 - 220 - 226 - 227 - 232 - 233 - 234 - 245 - 246 - 247 - 251 - 254 - 255 - 257 - 263 - 265 - 266 - 267 - 270 - 273 - 275 - 277 - 279 - 280 - 283 - 284 - 288 - 289 - 290 - 297 - 299 - 301 - 303 - 311 - 315 - 316 - 318 - 324 - 332 - 334 - 337 - 340 - 341 - 342 - 343 - 347 - 348 - 351 - 355 - 357 - 368 - 369 - 370 - 371 - 372 - 374 - 378 - 383 - 384 - 386 - 388 - 389 - 393 - 397 - 399 - 400 - 401 - 404 - 407 - 414 - 416 - 419 - 420 - 426 - 429 - 430 - 435 - 437 - 439 - 443 - 446 - 449 - 450 - 453 - 457 - 458 - 459 - 460 - 462 - 463 - 465 - 466 - 468 - 470 - 471 - 472 - 475 - 481 - 482 - 488 - 489 - 491 - 494 - 497 - 498 - 499,7116591.4,13.1,91034,80062,13.8,Cost: 91034 & Capacity: 80062
1 - 4 - 7 - 8 - 10 - 11 - 13 - 16 - 18 - 22 - 23 - 26 - 27 - 28 - 30 - 33 - 34 - 35 - 38 - 39 - 43 - 44 - 45 - 47 - 49 - 51 - 52 - 55 - 56 - 58 - 60 - 64 - 65 - 67 - 68 - 70 - 73 - 75 - 80 - 81 - 82 - 84 - 85 - 89 - 94 - 96 - 97 - 103 - 109 - 112 - 114 - 116 - 120 - 121 - 122 - 123 - 124 - 127 - 129 - 133 - 137 - 138 - 139 - 141 - 143 - 146 - 148 - 149 - 151 - 152 - 154 - 155 - 157 - 158 - 160 - 162 - 166 - 168 - 169 - 170 - 173 - 174 - 177 - 180 - 182 - 184 - 185 - 186 - 188 - 189 - 191 - 192 - 193 - 194 - 195 - 196 - 197 - 201 - 206 - 207 - 208 - 211 - 212 - 213 - 215 - 216 - 217 - 219 - 222 - 223 - 224 - 226 - 227 - 228 - 229 - 230 - 233 - 234 - 235 - 238 - 239 - 243 - 244 - 245 - 247 - 248 - 249 - 250 - 254 - 255 - 256 - 257 - 258 - 259 - 262 - 263 - 265 - 266 - 270 - 278 - 279 - 280 - 281 - 283 - 286 - 287 - 289 - 290 - 291 - 295 - 297 - 298 - 300 - 301 - 303 - 309 - 310 - 313 - 316 - 318 - 319 - 320 - 326 - 328 - 331 - 332 - 333 - 334 - 336 - 337 - 342 - 343 - 345 - 346 - 348 - 351 - 352 - 356 - 362 - 366 - 368 - 369 - 371 - 372 - 374 - 375 - 377 - 378 - 379 - 380 - 381 - 382 - 384 - 388 - 389 - 391 - 392 - 393 - 394 - 395 - 396 - 397 - 398 - 399 - 400 - 402 - 404 - 405 - 408 - 409 - 410 - 412 - 414 - 415 - 416 - 417 - 420 - 421 - 424 - 425 - 433 - 435 - 438 - 440 - 441 - 442 - 445 - 446 - 447 - 448 - 450 - 451 - 452 - 453 - 454 - 456 - 457 - 460 - 462 - 466 - 467 - 468 - 470 - 472 - 474 - 475 - 478 - 484 - 486 - 487 - 488 - 493 - 494 - 496 - 498 - 499,16407860.9,2.8,91832,98520,15.41,Cost: 91832 & Capacity: 98520
0 - 4 - 5 - 9 - 11 - 13 - 16 - 19 - 21 - 23 - 27 - 30 - 32 - 34 - 42 - 50 - 52 - 56 - 57 - 58 - 60 - 63 - 64 - 68 - 71 - 73 - 77 - 78 - 79 - 82 - 86 - 94 - 97 - 100 - 101 - 112 - 114 - 117 - 118 - 122 - 123 - 124 - 125 - 127 - 128 - 132 - 135 - 141 - 144 - 148 - 151 - 154 - 155 - 157 - 158 - 166 - 171 - 173 - 174 - 177 - 179 - 180 - 181 - 184 - 185 - 192 - 194 - 196 - 197 - 203 - 210 - 222 - 224 - 225 - 227 - 230 - 232 - 233 - 234 - 239 - 244 - 245 - 247 - 248 - 250 - 252 - 255 - 258 - 259 - 263 - 264 - 265 - 267 - 273 - 277 - 280 - 281 - 283 - 284 - 288 - 289 - 290 - 292 - 300 - 301 - 311 - 316 - 318 - 324 - 325 - 326 - 327 - 332 - 335 - 336 - 342 - 343 - 347 - 348 - 352 - 358 - 363 - 368 - 369 - 375 - 377 - 384 - 393 - 400 - 404 - 407 - 409 - 412 - 414 - 416 - 419 - 426 - 427 - 431 - 433 - 435 - 437 - 443 - 445 - 447 - 448 - 450 - 454 - 456 - 458 - 459 - 460 - 462 - 463 - 466 - 469 - 475 - 484 - 488 - 490 - 497,6751065.5,13.2,91460,79521,16.36,Cost: 91460 & Capacity: 79521
7 - 9 - 10 - 11 - 13 - 14 - 15 - 16 - 18 - 21 - 22 - 23 - 26 - 27 - 28 - 30 - 33 - 34 - 35 - 38 - 39 - 43 - 44 - 45 - 47 - 48 - 49 - 50 - 52 - 54 - 55 - 56 - 57 - 58 - 60 - 61 - 62 - 64 - 65 - 67 - 68 - 70 - 73 - 75 - 76 - 80 - 81 - 84 - 85 - 87 - 88 - 89 - 93 - 94 - 96 - 97 - 101 - 103 - 105 - 108 - 110 - 111 - 112 - 114 - 115 - 117 - 120 - 121 - 123 - 124 - 126 - 127 - 129 - 133 - 136 - 137 - 138 - 139 - 141 - 142 - 143 - 144 - 145 - 146 - 148 - 149 - 151 - 152 - 156 - 157 - 158 - 160 - 161 - 162 - 163 - 165 - 167 - 168 - 169 - 170 - 173 - 174 - 175 - 177 - 180 - 182 - 183 - 184 - 185 - 186 - 187 - 189 - 190 - 191 - 192 - 193 - 194 - 195 - 196 - 201 - 202 - 203 - 206 - 207 - 208 - 211 - 212 - 213 - 216 - 217 - 218 - 219 - 222 - 223 - 224 - 226 - 227 - 228 - 229 - 230 - 232 - 233 - 235 - 239 - 242 - 243 - 244 - 245 - 247 - 248 - 250 - 251 - 254 - 255 - 256 - 257 - 258 - 259 - 260 - 262 - 264 - 265 - 266 - 270 - 278 - 279 - 280 - 281 - 283 - 286 - 287 - 289 - 290 - 291 - 292 - 295 - 297 - 298 - 299 - 300 - 301 - 303 - 307 - 309 - 310 - 311 - 312 - 313 - 314 - 315 - 316 - 318 - 319 - 320 - 326 - 327 - 330 - 331 - 332 - 333 - 334 - 336 - 337 - 340 - 341 - 342 - 345 - 346 - 348 - 350 - 354 - 356 - 358 - 360 - 361 - 362 - 366 - 368 - 370 - 371 - 372 - 374 - 375 - 377 - 378 - 379 - 380 - 381 - 384 - 387 - 388 - 389 - 391 - 392 - 393 - 395 - 396 - 397 - 398 - 399 - 400 - 401 - 404 - 405 - 408 - 409 - 410 - 413 - 415 - 416 - 418 - 420 - 421 - 424 - 425 - 429 - 431 - 433 - 436 - 437 - 438 - 440 - 441 - 442 - 445 - 446 - 447 - 450 - 451 - 452 - 453 - 454 - 456 - 457 - 458 - 460 - 462 - 464 - 466 - 467 - 468 - 472 - 478 - 482 - 483 - 484 - 485 - 486 - 487 - 488 - 490 - 493 - 494 - 495 - 496 - 498 - 499,21962734.7,0.1,91870,106101,24.28,Cost: 91870 & Capacity: 106101
4 - 9 - 13 - 14 - 18 - 21 - 30 - 34 - 43 - 50 - 52 - 55 - 60 - 62 - 64 - 67 - 73 - 74 - 78 - 81 - 96 - 97 - 98 - 100 - 105 - 109 - 112 - 122 - 123 - 124 - 126 - 129 - 130 - 133 - 136 - 144 - 147 - 149 - 151 - 154 - 158 - 166 - 174 - 177 - 180 - 181 - 182 - 184 - 188 - 190 - 192 - 196 - 198 - 202 - 203 - 209 - 210 - 213 - 215 - 219 - 220 - 222 - 230 - 233 - 235 - 237 - 240 - 245 - 250 - 252 - 255 - 256 - 257 - 260 - 261 - 262 - 263 - 265 - 270 - 272 - 273 - 277 - 278 - 279 - 280 - 281 - 283 - 284 - 286 - 288 - 291 - 301 - 303 - 306 - 308 - 310 - 312 - 313 - 316 - 319 - 331 - 333 - 334 - 336 - 337 - 340 - 342 - 345 - 347 - 348 - 354 - 355 - 356 - 363 - 366 - 368 - 369 - 370 - 372 - 374 - 376 - 378 - 379 - 383 - 384 - 385 - 393 - 394 - 395 - 396 - 398 - 399 - 400 - 403 - 404 - 405 - 407 - 408 - 412 - 414 - 416 - 417 - 422 - 427 - 429 - 433 - 435 - 441 - 443 - 446 - 447 - 448 - 449 - 450 - 451 - 454 - 456 - 458 - 459 - 462 - 463 - 466 - 468 - 469 - 470 - 472 - 475 - 479 - 480 - 482 - 484 - 488 - 489 - 491 - 495 - 497 - 498 - 499,8042853.1,9.8,91851,81265,25.31,Cost: 91851 & Capacity: 81265
0 - 13 - 14 - 22 - 23 - 52 - 54 - 66 - 67 - 71 - 78 - 82 - 85 - 96 - 97 - 103 - 112 - 114 - 117 - 121 - 125 - 128 - 133 - 134 - 145 - 148 - 149 - 151 - 153 - 157 - 160 - 163 - 164 - 166 - 171 - 174 - 180 - 181 - 184 - 187 - 190 - 195 - 202 - 212 - 214 - 220 - 224 - 225 - 226 - 234 - 239 - 244 - 245 - 255 - 256 - 257 - 263 - 265 - 266 - 271 - 272 - 282 - 283 - 286 - 288 - 293 - 294 - 296 - 300 - 308 - 324 - 326 - 332 - 339 - 343 - 348 - 351 - 354 - 356 - 363 - 369 - 374 - 376 - 378 - 379 - 380 - 388 - 403 - 404 - 406 - 408 - 421 - 425 - 428 - 440 - 446 - 455 - 458 - 459 - 462 - 463 - 466 - 474 - 480 - 497,2877138.8,28.1,62700,53619,25.76,Cost: 62700 & Capacity: 53619
7 - 9 - 10 - 11 - 13 - 14 - 15 - 16 - 18 - 21 - 22 - 23 - 26 - 27 - 28 - 30 - 33 - 34 - 35 - 38 - 39 - 43 - 44 - 45 - 47 - 48 - 49 - 50 - 52 - 54 - 55 - 56 - 57 - 58 - 60 - 61 - 62 - 64 - 65 - 67 - 68 - 70 - 73 - 75 - 76 - 80 - 81 - 84 - 85 - 87 - 88 - 89 - 93 - 94 - 96 - 97 - 101 - 103 - 105 - 110 - 111 - 112 - 114 - 115 - 120 - 121 - 123 - 124 - 126 - 127 - 129 - 130 - 133 - 136 - 137 - 138 - 139 - 141 - 142 - 143 - 144 - 145 - 146 - 148 - 151 - 152 - 154 - 156 - 157 - 158 - 161 - 162 - 163 - 165 - 167 - 169 - 170 - 173 - 174 - 175 - 177 - 180 - 182 - 183 - 184 - 185 - 186 - 189 - 190 - 191 - 192 - 193 - 195 - 196 - 197 - 201 - 202 - 203 - 206 - 207 - 208 - 211 - 212 - 213 - 216 - 217 - 218 - 219 - 222 - 223 - 224 - 226 - 227 - 228 - 229 - 230 - 232 - 233 - 235 - 239 - 242 - 243 - 244 - 245 - 247 - 248 - 250 - 251 - 254 - 255 - 256 - 257 - 258 - 259 - 262 - 264 - 265 - 266 - 270 - 278 - 279 - 280 - 281 - 283 - 284 - 286 - 287 - 289 - 290 - 291 - 292 - 294 - 295 - 297 - 298 - 299 - 300 - 301 - 303 - 307 - 309 - 310 - 311 - 312 - 313 - 314 - 315 - 316 - 318 - 319 - 320 - 326 - 327 - 330 - 331 - 332 - 333 - 334 - 336 - 337 - 340 - 341 - 342 - 343 - 345 - 346 - 348 - 350 - 356 - 358 - 361 - 362 - 366 - 368 - 369 - 370 - 372 - 374 - 375 - 377 - 378 - 379 - 380 - 381 - 384 - 387 - 388 - 389 - 391 - 393 - 395 - 396 - 397 - 398 - 399 - 400 - 404 - 405 - 408 - 409 - 410 - 413 - 415 - 416 - 418 - 420 - 421 - 424 - 425 - 429 - 431 - 433 - 435 - 436 - 437 - 438 - 440 - 441 - 442 - 445 - 446 - 447 - 450 - 451 - 453 - 454 - 456 - 457 - 458 - 462 - 464 - 466 - 467 - 468 - 472 - 478 - 482 - 483 - 484 - 486 - 487 - 488 - 490 - 493 - 494 - 495 - 496 - 498 - 499,20806208.8,0.5,91876,104296,28.4,Cost: 91876 & Capacity: 104296
1 - 4 - 14 - 16 - 17 - 18 - 23 - 26 - 27 - 30 - 34 - 35 - 43 - 51 - 52 - 55 - 64 - 67 - 68 - 70 - 74 - 78 - 81 - 93 - 98 - 102 - 103 - 112 - 118 - 123 - 124 - 130 - 132 - 134 - 136 - 150 - 151 - 154 - 155 - 157 - 158 - 160 - 161 - 162 - 170 - 173 - 181 - 182 - 183 - 188 - 191 - 193 - 197 - 209 - 210 - 211 - 214 - 219 - 223 - 225 - 230 - 232 - 233 - 235 - 240 - 247 - 250 - 254 - 255 - 256 - 263 - 265 - 267 - 268 - 270 - 272 - 274 - 276 - 277 - 279 - 281 - 283 - 284 - 286 - 295 - 296 - 301 - 303 - 305 - 309 - 312 - 313 - 316 - 321 - 327 - 328 - 332 - 334 - 336 - 338 - 340 - 341 - 343 - 345 - 347 - 348 - 351 - 356 - 358 - 363 - 369 - 370 - 371 - 372 - 376 - 377 - 378 - 380 - 383 - 384 - 386 - 393 - 394 - 395 - 397 - 399 - 400 - 401 - 403 - 405 - 414 - 415 - 416 - 419 - 430 - 431 - 434 - 435 - 438 - 442 - 446 - 447 - 449 - 456 - 458 - 459 - 462 - 463 - 466 - 469 - 470 - 475 - 479 - 482 - 484 - 487 - 488 - 489 - 493 - 494 - 495 - 498 - 499,6710581.4,13.8,88912,78723,33.71,Cost: 88912 & Capacity: 78723
7 - 9 - 10 - 11 - 13 - 14 - 15 - 16 - 18 - 21 - 22 - 23 - 26 - 27 - 28 - 30 - 33 - 34 - 35 - 38 - 39 - 43 - 44 - 45 - 47 - 48 - 49 - 50 - 52 - 54 - 55 - 56 - 57 - 58 - 60 - 61 - 62 - 64 - 65 - 67 - 68 - 70 - 73 - 75 - 76 - 80 - 81 - 84 - 85 - 87 - 88 - 89 - 93 - 94 - 96 - 97 - 101 - 103 - 105 - 108 - 110 - 111 - 112 - 114 - 115 - 117 - 120 - 121 - 123 - 124 - 126 - 127 - 129 - 133 - 136 - 137 - 138 - 139 - 141 - 142 - 143 - 144 - 145 - 146 - 148 - 149 - 151 - 152 - 156 - 157 - 158 - 160 - 161 - 162 - 163 - 165 - 167 - 168 - 169 - 170 - 173 - 174 - 175 - 177 - 180 - 182 - 183 - 184 - 185 - 186 - 187 - 189 - 190 - 191 - 192 - 193 - 194 - 195 - 196 - 201 - 202 - 203 - 206 - 207 - 208 - 211 - 212 - 213 - 216 - 217 - 218 - 219 - 222 - 223 - 224 - 226 - 227 - 228 - 229 - 230 - 232 - 233 - 235 - 239 - 242 - 243 - 244 - 245 - 247 - 248 - 250 - 251 - 254 - 255 - 256 - 257 - 258 - 259 - 260 - 262 - 264 - 265 - 266 - 270 - 278 - 279 - 280 - 281 - 283 - 286 - 287 - 289 - 290 - 291 - 292 - 295 - 297 - 298 - 299 - 300 - 301 - 303 - 307 - 309 - 310 - 311 - 312 - 313 - 314 - 315 - 316 - 318 - 319 - 320 - 326 - 327 - 330 - 331 - 332 - 333 - 334 - 336 - 337 - 340 - 341 - 342 - 345 - 346 - 348 - 350 - 354 - 356 - 358 - 360 - 361 - 362 - 366 - 368 - 370 - 371 - 372 - 374 - 375 - 377 - 378 - 379 - 380 - 381 - 384 - 387 - 388 - 389 - 391 - 392 - 393 - 395 - 396 - 397 - 398 - 399 - 400 - 401 - 404 - 405 - 408 - 409 - 410 - 413 - 415 - 416 - 418 - 420 - 421 - 424 - 425 - 429 - 431 - 433 - 436 - 437 - 438 - 440 - 441 - 442 - 445 - 446 - 447 - 450 - 451 - 452 - 453 - 454 - 456 - 457 - 458 - 460 - 462 - 464 - 466 - 467 - 468 - 472 - 478 - 482 - 483 - 484 - 485 - 486 - 487 - 488 - 490 - 493 - 494 - 495 - 496 - 498 - 499,21962734.7,0.1,91870,106101,34.07,Cost: 91870 & Capacity: 106101
1 - 2 - 4 - 7 - 10 - 17 - 18 - 21 - 22 - 26 - 27 - 28 - 33 - 34 - 36 - 40 - 43 - 45 - 47 - 48 - 52 - 53 - 55 - 56 - 61 - 63 - 64 - 66 - 68 - 73 - 75 - 76 - 83 - 86 - 91 - 94 - 97 - 101 - 103 - 104 - 105 - 109 - 110 - 112 - 113 - 116 - 117 - 118 - 122 - 123 - 124 - 129 - 132 - 135 - 136 - 141 - 144 - 152 - 158 - 160 - 166 - 173 - 177 - 181 - 182 - 183 - 185 - 188 - 194 - 203 - 205 - 210 - 213 - 218 - 219 - 226 - 227 - 229 - 230 - 231 - 233 - 234 - 235 - 243 - 245 - 247 - 251 - 253 - 255 - 256 - 257 - 258 - 267 - 269 - 270 - 272 - 274 - 275 - 276 - 277 - 278 - 280 - 281 - 283 - 284 - 286 - 290 - 295 - 300 - 301 - 303 - 305 - 311 - 316 - 320 - 321 - 324 - 327 - 330 - 331 - 334 - 337 - 341 - 345 - 346 - 350 - 351 - 362 - 368 - 369 - 370 - 374 - 376 - 383 - 384 - 386 - 391 - 393 - 397 - 401 - 402 - 403 - 408 - 409 - 413 - 414 - 416 - 419 - 421 - 425 - 430 - 432 - 433 - 435 - 441 - 442 - 444 - 446 - 447 - 450 - 451 - 456 - 458 - 459 - 460 - 461 - 463 - 466 - 467 - 475 - 484 - 487 - 488 - 493 - 495 - 498,7829925.3,10.4,91440,80135,34.69,Cost: 91440 & Capacity: 80135
7 - 9 - 10 - 11 - 13 - 14 - 15 - 16 - 18 - 21 - 22 - 23 - 26 - 27 - 28 - 30 - 33 - 34 - 35 - 38 - 39 - 43 - 44 - 45 - 47 - 48 - 49 - 50 - 52 - 54 - 55 - 56 - 57 - 58 - 60 - 61 - 62 - 64 - 65 - 67 - 68 - 70 - 73 - 75 - 76 - 80 - 81 - 84 - 85 - 87 - 88 - 89 - 93 - 94 - 96 - 97 - 101 - 103 - 105 - 108 - 110 - 111 - 112 - 114 - 115 - 117 - 120 - 121 - 123 - 124 - 126 - 127 - 129 - 133 - 136 - 137 - 138 - 139 - 141 - 142 - 143 - 144 - 145 - 146 - 148 - 149 - 151 - 152 - 156 - 157 - 158 - 160 - 161 - 162 - 163 - 165 - 167 - 168 - 169 - 170 - 173 - 174 - 175 - 177 - 180 - 182 - 183 - 184 - 185 - 186 - 187 - 189 - 190 - 191 - 192 - 193 - 194 - 195 - 196 - 201 - 202 - 203 - 206 - 207 - 208 - 211 - 212 - 213 - 216 - 217 - 218 - 219 - 222 - 223 - 224 - 226 - 227 - 228 - 229 - 230 - 232 - 233 - 235 - 239 - 242 - 243 - 244 - 245 - 247 - 248 - 250 - 251 - 254 - 255 - 256 - 257 - 258 - 259 - 260 - 262 - 264 - 265 - 266 - 270 - 278 - 279 - 280 - 281 - 283 - 286 - 287 - 289 - 290 - 291 - 292 - 295 - 297 - 298 - 299 - 300 - 301 - 303 - 307 - 309 - 310 - 311 - 312 - 313 - 314 - 315 - 316 - 318 - 319 - 320 - 326 - 327 - 330 - 331 - 332 - 333 - 334 - 336 - 337 - 340 - 341 - 342 - 345 - 346 - 348 - 350 - 354 - 356 - 358 - 360 - 361 - 362 - 366 - 368 - 370 - 371 - 372 - 374 - 375 - 377 - 378 - 379 - 380 - 381 - 384 - 387 - 388 - 389 - 391 - 392 - 393 - 395 - 396 - 397 - 398 - 399 - 400 - 401 - 404 - 405 - 408 - 409 - 410 - 413 - 415 - 416 - 418 - 420 - 421 - 424 - 425 - 429 - 431 - 433 - 436 - 437 - 438 - 440 - 441 - 442 - 445 - 446 - 447 - 450 - 451 - 452 - 453 - 454 - 456 - 457 - 458 - 460 - 462 - 464 - 466 - 467 - 468 - 472 - 478 - 482 - 483 - 484 - 485 - 486 - 487 - 488 - 490 - 493 - 494 - 495 - 496 - 498 - 499,21962734.7,0.1,91870,106101,36.24,Cost: 91870 & Capacity: 106101
0 - 1 - 4 - 10 - 11 - 13 - 14 - 16 - 17 - 18 - 21 - 26 - 27 - 28 - 32 - 34 - 36 - 38 - 49 - 52 - 55 - 56 - 58 - 65 - 67 - 68 - 69 - 75 - 78 - 80 - 81 - 94 - 96 - 103 - 105 - 109 - 112 - 114 - 123 - 124 - 129 - 131 - 136 - 143 - 144 - 145 - 151 - 152 - 154 - 157 - 158 - 160 - 166 - 170 - 173 - 175 - 177 - 178 - 181 - 182 - 183 - 184 - 185 - 188 - 190 - 191 - 193 - 197 - 198 - 211 - 213 - 217 - 218 - 219 - 220 - 226 - 227 - 228 - 230 - 232 - 234 - 235 - 243 - 245 - 246 - 247 - 248 - 250 - 254 - 255 - 256 - 257 - 264 - 265 - 267 - 268 - 270 - 274 - 275 - 278 - 279 - 280 - 281 - 283 - 284 - 288 - 292 - 295 - 297 - 299 - 300 - 301 - 303 - 307 - 308 - 309 - 310 - 311 - 312 - 316 - 318 - 319 - 324 - 327 - 328 - 331 - 332 - 333 - 334 - 336 - 337 - 340 - 342 - 343 - 345 - 346 - 348 - 351 - 358 - 363 - 367 - 369 - 370 - 372 - 374 - 376 - 378 - 380 - 383 - 384 - 388 - 391 - 392 - 393 - 395 - 396 - 397 - 399 - 400 - 401 - 404 - 405 - 406 - 407 - 413 - 414 - 415 - 416 - 419 - 425 - 428 - 437 - 441 - 443 - 445 - 446 - 448 - 451 - 456 - 461 - 462 - 463 - 465 - 466 - 469 - 471 - 475 - 479 - 481 - 482 - 488 - 489 - 491 - 493 - 494 - 495 - 499,9807381.4,8.5,91816,87043,37.4,Cost: 91816 & Capacity: 87043
7 - 9 - 10 - 11 - 13 - 14 - 15 - 16 - 18 - 21 - 22 - 23 - 26 - 27 - 28 - 30 - 33 - 34 - 35 - 38 - 39 - 43 - 44 - 45 - 47 - 48 - 49 - 50 - 52 - 54 - 55 - 56 - 57 - 58 - 60 - 61 - 62 - 64 - 65 - 67 - 68 - 70 - 73 - 75 - 76 - 80 - 81 - 84 - 85 - 87 - 88 - 89 - 93 - 94 - 96 - 97 - 101 - 103 - 105 - 108 - 110 - 111 - 112 - 114 - 115 - 117 - 120 - 121 - 123 - 124 - 126 - 127 - 129 - 133 - 136 - 137 - 138 - 139 - 141 - 142 - 143 - 144 - 145 - 146 - 148 - 149 - 151 - 152 - 156 - 157 - 158 - 160 - 161 - 162 - 163 - 165 - 167 - 168 - 169 - 170 - 173 - 174 - 175 - 177 - 180 - 182 - 183 - 184 - 185 - 186 - 187 - 189 - 190 - 191 - 192 - 193 - 194 - 195 - 196 - 201 - 202 - 203 - 206 - 207 - 208 - 211 - 212 - 213 - 216 - 217 - 218 - 219 - 222 - 223 - 224 - 226 - 227 - 228 - 229 - 230 - 232 - 233 - 235 - 239 - 242 - 243 - 244 - 245 - 247 - 248 - 250 - 251 - 254 - 255 - 256 - 257 - 258 - 259 - 260 - 262 - 264 - 265 - 266 - 270 - 278 - 279 - 280 - 281 - 283 - 286 - 287 - 289 - 290 - 291 - 292 - 295 - 297 - 298 - 299 - 300 - 301 - 303 - 307 - 309 - 310 - 311 - 312 - 313 - 314 - 315 - 316 - 318 - 319 - 320 - 326 - 327 - 330 - 331 - 332 - 333 - 334 - 336 - 337 - 340 - 341 - 342 - 345 - 346 - 348 - 350 - 354 - 356 - 358 - 360 - 361 - 362 - 366 - 368 - 370 - 371 - 372 - 374 - 375 - 377 - 378 - 379 - 380 - 381 - 384 - 387 - 388 - 389 - 391 - 392 - 393 - 395 - 396 - 397 - 398 - 399 - 400 - 401 - 404 - 405 - 408 - 409 - 410 - 413 - 415 - 416 - 418 - 420 - 421 - 424 - 425 - 429 - 431 - 433 - 436 - 437 - 438 - 440 - 441 - 442 - 445 - 446 - 447 - 450 - 451 - 452 - 453 - 454 - 456 - 457 - 458 - 460 - 462 - 464 - 466 - 467 - 468 - 472 - 478 - 482 - 483 - 484 - 485 - 486 - 487 - 488 - 490 - 493 - 494 - 495 - 496 - 498 - 499,21962734.7,0.1,91870,106101,37.78,Cost: 91870 & Capacity: 106101
0 - 1 - 7 - 8 - 10 - 11 - 13 - 14 - 15 - 16 - 18 - 21 - 22 - 23 - 26 - 28 - 30 - 34 - 35 - 38 - 39 - 43 - 44 - 45 - 47 - 49 - 51 - 52 - 55 - 56 - 60 - 65 - 67 - 68 - 73 - 75 - 80 - 81 - 82 - 84 - 85 - 87 - 89 - 93 - 94 - 96 - 100 - 101 - 103 - 105 - 109 - 112 - 114 - 120 - 121 - 122 - 123 - 124 - 126 - 129 - 130 - 133 - 136 - 137 - 138 - 139 - 140 - 141 - 143 - 146 - 148 - 151 - 152 - 154 - 155 - 156 - 157 - 158 - 163 - 166 - 169 - 170 - 173 - 174 - 180 - 181 - 182 - 184 - 185 - 188 - 189 - 190 - 191 - 192 - 193 - 195 - 196 - 197 - 201 - 204 - 206 - 208 - 211 - 212 - 213 - 215 - 219 - 220 - 222 - 223 - 226 - 227 - 228 - 229 - 233 - 234 - 235 - 237 - 238 - 239 - 243 - 244 - 245 - 247 - 250 - 254 - 255 - 256 - 257 - 258 - 259 - 262 - 263 - 264 - 265 - 266 - 268 - 270 - 271 - 272 - 277 - 278 - 279 - 281 - 284 - 286 - 287 - 288 - 289 - 290 - 291 - 295 - 297 - 298 - 299 - 300 - 301 - 303 - 307 - 308 - 316 - 317 - 318 - 319 - 320 - 322 - 328 - 329 - 331 - 332 - 333 - 334 - 336 - 337 - 342 - 343 - 345 - 346 - 348 - 349 - 350 - 354 - 356 - 358 - 362 - 366 - 369 - 372 - 374 - 375 - 378 - 379 - 380 - 381 - 389 - 391 - 393 - 394 - 396 - 397 - 398 - 399 - 400 - 404 - 405 - 409 - 410 - 412 - 416 - 417 - 421 - 425 - 433 - 435 - 437 - 438 - 441 - 442 - 447 - 450 - 451 - 454 - 456 - 457 - 458 - 462 - 466 - 468 - 470 - 472 - 475 - 478 - 481 - 483 - 486 - 488 - 493 - 494 - 495 - 496 - 498 - 499,14606391.1,4.4,91855,90693,41.54,Cost: 91855 & Capacity: 90693
7 - 9 - 10 - 11 - 13 - 14 - 15 - 16 - 18 - 21 - 22 - 23 - 26 - 27 - 28 - 30 - 33 - 34 - 35 - 38 - 39 - 43 - 44 - 45 - 47 - 48 - 49 - 50 - 52 - 54 - 55 - 56 - 57 - 58 - 60 - 61 - 62 - 64 - 65 - 67 - 68 - 70 - 73 - 75 - 76 - 80 - 81 - 84 - 85 - 87 - 88 - 89 - 93 - 94 - 96 - 97 - 101 - 103 - 104 - 105 - 108 - 110 - 111 - 112 - 114 - 115 - 117 - 120 - 121 - 123 - 124 - 126 - 127 - 129 - 130 - 133 - 136 - 137 - 138 - 139 - 141 - 142 - 143 - 144 - 145 - 146 - 148 - 149 - 151 - 152 - 156 - 157 - 158 - 160 - 161 - 162 - 163 - 165 - 167 - 168 - 169 - 170 - 172 - 173 - 174 - 175 - 177 - 180 - 182 - 183 - 184 - 185 - 186 - 187 - 189 - 190 - 191 - 192 - 193 - 194 - 195 - 196 - 201 - 202 - 203 - 206 - 207 - 208 - 211 - 212 - 213 - 216 - 217 - 218 - 219 - 222 - 223 - 226 - 227 - 228 - 229 - 230 - 232 - 233 - 235 - 239 - 242 - 243 - 244 - 245 - 247 - 248 - 250 - 251 - 254 - 255 - 256 - 257 - 258 - 259 - 260 - 262 - 264 - 265 - 266 - 270 - 278 - 279 - 280 - 281 - 283 - 286 - 287 - 289 - 290 - 291 - 292 - 294 - 295 - 297 - 298 - 299 - 300 - 301 - 303 - 304 - 307 - 309 - 310 - 311 - 312 - 313 - 314 - 315 - 316 - 318 - 319 - 320 - 326 - 327 - 330 - 331 - 332 - 333 - 334 - 336 - 337 - 340 - 341 - 342 - 345 - 346 - 348 - 350 - 354 - 356 - 358 - 360 - 362 - 366 - 368 - 370 - 371 - 372 - 374 - 375 - 377 - 378 - 379 - 380 - 381 - 384 - 387 - 388 - 389 - 391 - 392 - 393 - 396 - 397 - 398 - 399 - 400 - 401 - 404 - 405 - 408 - 409 - 410 - 413 - 415 - 416 - 418 - 420 - 421 - 424 - 425 - 429 - 431 - 433 - 436 - 437 - 438 - 440 - 441 - 442 - 445 - 446 - 447 - 450 - 451 - 452 - 453 - 454 - 456 - 457 - 458 - 460 - 462 - 464 - 466 - 468 - 472 - 478 - 482 - 483 - 484 - 485 - 486 - 487 - 488 - 490 - 493 - 494 - 495 - 496 - 498 - 499,22083257.0,0.1,91879,105714,41.81,Cost: 91879 & Capacity: 105714
1 - 4 - 9 - 16 - 17 - 18 - 27 - 34 - 43 - 45 - 51 - 52 - 53 - 54 - 55 - 58 - 60 - 64 - 65 - 67 - 68 - 69 - 71 - 73 - 74 - 75 - 78 - 97 - 98 - 100 - 109 - 112 - 118 - 123 - 136 - 137 - 141 - 151 - 154 - 157 - 171 - 173 - 177 - 181 - 182 - 188 - 191 - 192 - 194 - 198 - 202 - 203 - 208 - 210 - 211 - 213 - 219 - 220 - 230 - 233 - 235 - 240 - 245 - 247 - 250 - 253 - 254 - 255 - 257 - 260 - 263 - 265 - 270 - 272 - 274 - 277 - 279 - 280 - 283 - 284 - 292 - 295 - 300 - 301 - 305 - 306 - 310 - 312 - 313 - 316 - 317 - 321 - 324 - 328 - 332 - 336 - 337 - 341 - 342 - 343 - 345 - 347 - 348 - 352 - 356 - 358 - 363 - 366 - 368 - 369 - 370 - 376 - 378 - 379 - 383 - 386 - 389 - 393 - 395 - 396 - 397 - 399 - 400 - 402 - 403 - 405 - 414 - 416 - 419 - 427 - 429 - 430 - 431 - 439 - 441 - 442 - 443 - 444 - 445 - 446 - 447 - 454 - 457 - 458 - 459 - 462 - 463 - 465 - 466 - 468 - 469 - 475 - 479 - 484 - 488 - 489 - 490 - 491 - 494 - 495 - 497 - 499,6634439.0,13.9,91450,77656,42.86,Cost: 91450 & Capacity: 77656
1 - 9 - 23 - 30 - 39 - 44 - 49 - 51 - 64 - 71 - 72 - 78 - 82 - 83 - 99 - 100 - 103 - 109 - 118 - 123 - 125 - 126 - 127 - 128 - 136 - 137 - 140 - 141 - 148 - 150 - 155 - 157 - 161 - 162 - 163 - 171 - 178 - 179 - 185 - 187 - 197 - 198 - 209 - 213 - 214 - 228 - 238 - 250 - 256 - 258 - 264 - 265 - 269 - 274 - 280 - 289 - 300 - 316 - 317 - 319 - 324 - 327 - 328 - 336 - 338 - 347 - 348 - 349 - 366 - 372 - 380 - 384 - 385 - 387 - 392 - 404 - 405 - 411 - 420 - 425 - 426 - 428 - 430 - 431 - 435 - 447 - 454 - 455 - 459 - 462 - 464 - 469 - 472 - 474 - 476 - 479 - 481 - 484,2522789.3,29.4,63994,52512,47.87,Cost: 63994 & Capacity: 52512
1 - 9 - 23 - 30 - 39 - 44 - 49 - 51 - 64 - 71 - 72 - 78 - 82 - 83 - 85 - 99 - 100 - 103 - 109 - 118 - 123 - 125 - 126 - 127 - 128 - 136 - 137 - 140 - 141 - 148 - 150 - 155 - 157 - 161 - 162 - 163 - 171 - 178 - 179 - 185 - 187 - 197 - 198 - 209 - 213 - 214 - 228 - 238 - 250 - 256 - 258 - 264 - 265 - 269 - 274 - 280 - 289 - 300 - 316 - 317 - 319 - 324 - 327 - 328 - 336 - 338 - 347 - 348 - 349 - 366 - 372 - 380 - 384 - 385 - 387 - 392 - 404 - 405 - 411 - 420 - 425 - 426 - 428 - 430 - 431 - 435 - 447 - 454 - 455 - 459 - 462 - 464 - 469 - 472 - 474 - 476 - 479 - 481 - 484,2569117.9,29.3,64357,52945,47.86,Cost: 64357 & Capacity: 52945
7 - 9 - 10 - 11 - 13 - 14 - 15 - 16 - 18 - 21 - 22 - 23 - 26 - 27 - 28 - 30 - 33 - 34 - 35 - 38 - 39 - 43 - 44 - 45 - 47 - 48 - 49 - 50 - 52 - 54 - 55 - 56 - 57 - 58 - 60 - 61 - 62 - 64 - 65 - 67 - 68 - 70 - 73 - 75 - 76 - 80 - 81 - 84 - 85 - 87 - 88 - 89 - 93 - 94 - 96 - 97 - 101 - 103 - 105 - 108 - 110 - 111 - 112 - 114 - 115 - 117 - 120 - 121 - 123 - 124 - 126 - 127 - 129 - 133 - 136 - 137 - 138 - 139 - 141 - 142 - 143 - 144 - 145 - 146 - 148 - 149 - 151 - 152 - 156 - 157 - 158 - 160 - 161 - 162 - 163 - 165 - 167 - 168 - 169 - 170 - 173 - 174 - 175 - 177 - 180 - 182 - 183 - 184 - 185 - 186 - 187 - 189 - 190 - 191 - 192 - 193 - 194 - 195 - 196 - 201 - 202 - 203 - 206 - 207 - 208 - 211 - 212 - 213 - 216 - 217 - 218 - 219 - 222 - 223 - 224 - 226 - 227 - 228 - 229 - 230 - 232 - 233 - 235 - 239 - 242 - 243 - 244 - 245 - 247 - 248 - 250 - 251 - 254 - 255 - 256 - 257 - 258 - 259 - 260 - 262 - 264 - 265 - 266 - 270 - 278 - 279 - 280 - 281 - 283 - 286 - 287 - 289 - 290 - 291 - 292 - 295 - 297 - 298 - 299 - 300 - 301 - 303 - 307 - 309 - 310 - 311 - 312 - 313 - 314 - 315 - 316 - 318 - 319 - 320 - 326 - 327 - 330 - 331 - 332 - 333 - 334 - 336 - 337 - 340 - 341 - 342 - 345 - 346 - 348 - 350 - 354 - 356 - 358 - 360 - 361 - 362 - 366 - 368 - 370 - 371 - 372 - 374 - 375 - 377 - 378 - 379 - 380 - 381 - 384 - 387 - 388 - 389 - 391 - 392 - 393 - 395 - 396 - 397 - 398 - 399 - 400 - 401 - 404 - 405 - 408 - 409 - 410 - 413 - 415 - 416 - 418 - 420 - 421 - 424 - 425 - 429 - 431 - 433 - 436 - 437 - 438 - 440 - 441 - 442 - 445 - 446 - 447 - 450 - 451 - 452 - 453 - 454 - 456 - 457 - 458 - 460 - 462 - 464 - 466 - 467 - 468 - 472 - 478 - 482 - 483 - 484 - 485 - 486 - 487 - 488 - 490 - 493 - 494 - 495 - 496 - 498 - 499,21962734.7,0.1,91870,106101,48.17,Cost: 91870 & Capacity: 106101
7 - 9 - 10 - 11 - 13 - 14 - 15 - 16 - 18 - 21 - 22 - 23 - 26 - 27 - 28 - 30 - 33 - 34 - 35 - 38 - 39 - 43 - 44 - 45 - 47 - 48 - 49 - 50 - 52 - 54 - 55 - 56 - 57 - 58 - 60 - 61 - 62 - 64 - 65 - 67 - 68 - 70 - 73 - 75 - 76 - 80 - 81 - 84 - 85 - 87 - 88 - 89 - 93 - 94 - 96 - 97 - 101 - 103 - 105 - 108 - 110 - 111 - 112 - 114 - 115 - 117 - 120 - 121 - 123 - 124 - 126 - 127 - 129 - 133 - 136 - 137 - 138 - 139 - 141 - 142 - 143 - 144 - 145 - 146 - 148 - 149 - 151 - 152 - 156 - 157 - 158 - 160 - 161 - 162 - 163 - 165 - 167 - 168 - 169 - 170 - 173 - 174 - 175 - 177 - 180 - 182 - 183 - 184 - 185 - 186 - 187 - 189 - 190 - 191 - 192 - 193 - 194 - 195 - 196 - 201 - 202 - 203 - 206 - 207 - 208 - 211 - 212 - 213 - 216 - 217 - 218 - 219 - 222 - 223 - 224 - 226 - 227 - 228 - 229 - 230 - 232 - 233 - 235 - 239 - 242 - 243 - 244 - 245 - 247 - 248 - 250 - 251 - 254 - 255 - 256 - 257 - 258 - 259 - 260 - 262 - 264 - 265 - 266 - 270 - 278 - 279 - 280 - 281 - 283 - 286 - 287 - 289 - 290 - 291 - 292 - 295 - 297 - 298 - 299 - 300 - 301 - 303 - 307 - 309 - 310 - 311 - 312 - 313 - 314 - 315 - 316 - 318 - 319 - 320 - 326 - 327 - 330 - 331 - 332 - 333 - 334 - 336 - 337 - 340 - 341 - 342 - 345 - 346 - 348 - 350 - 354 - 356 - 358 - 360 - 361 - 362 - 366 - 368 - 370 - 371 - 372 - 374 - 375 - 377 - 378 - 379 - 380 - 381 - 384 - 387 - 388 - 389 - 391 - 392 - 393 - 395 - 396 - 397 - 398 - 399 - 400 - 401 - 404 - 405 - 408 - 409 - 410 - 413 - 415 - 416 - 418 - 420 - 421 - 424 - 425 - 429 - 431 - 433 - 436 - 437 - 438 - 440 - 441 - 442 - 445 - 446 - 447 - 450 - 451 - 452 - 453 - 454 - 456 - 457 - 458 - 460 - 462 - 464 - 466 - 467 - 468 - 472 - 478 - 482 - 483 - 484 - 485 - 486 - 487 - 488 - 490 - 493 - 494 - 495 - 496 - 498 - 499,21962734.7,0.1,91870,106101,48.95,Cost: 91870 & Capacity: 106101
7 - 9 - 10 - 11 - 13 - 14 - 15 - 16 - 18 - 21 - 22 - 23 - 26 - 27 - 28 - 30 - 33 - 34 - 35 - 38 - 39 - 43 - 44 - 45 - 47 - 48 - 49 - 50 - 52 - 54 - 55 - 56 - 58 - 60 - 61 - 62 - 64 - 65 - 67 - 68 - 70 - 73 - 75 - 76 - 80 - 81 - 84 - 85 - 87 - 88 - 93 - 94 - 96 - 97 - 101 - 103 - 104 - 105 - 108 - 110 - 111 - 112 - 114 - 115 - 117 - 120 - 121 - 123 - 124 - 126 - 127 - 129 - 130 - 133 - 136 - 137 - 138 - 139 - 141 - 142 - 143 - 144 - 145 - 146 - 148 - 149 - 151 - 152 - 156 - 157 - 158 - 160 - 161 - 162 - 163 - 165 - 167 - 168 - 169 - 170 - 172 - 173 - 174 - 175 - 177 - 180 - 182 - 183 - 184 - 185 - 186 - 187 - 189 - 190 - 191 - 192 - 193 - 194 - 195 - 196 - 201 - 202 - 203 - 206 - 207 - 208 - 211 - 212 - 213 - 216 - 217 - 218 - 219 - 222 - 223 - 224 - 226 - 227 - 228 - 229 - 230 - 232 - 233 - 235 - 239 - 242 - 243 - 244 - 245 - 247 - 248 - 250 - 251 - 252 - 254 - 255 - 256 - 257 - 258 - 259 - 260 - 262 - 264 - 265 - 266 - 270 - 278 - 279 - 280 - 281 - 283 - 286 - 287 - 289 - 290 - 291 - 292 - 294 - 295 - 297 - 298 - 299 - 300 - 301 - 303 - 307 - 309 - 310 - 311 - 312 - 313 - 314 - 315 - 316 - 318 - 319 - 320 - 326 - 327 - 330 - 331 - 332 - 333 - 334 - 336 - 337 - 340 - 341 - 342 - 345 - 346 - 348 - 350 - 354 - 356 - 358 - 360 - 362 - 366 - 368 - 370 - 371 - 372 - 374 - 375 - 377 - 378 - 379 - 380 - 381 - 383 - 384 - 387 - 388 - 389 - 391 - 392 - 393 - 395 - 397 - 398 - 399 - 400 - 401 - 404 - 405 - 408 - 409 - 410 - 413 - 416 - 418 - 420 - 421 - 424 - 425 - 429 - 431 - 433 - 436 - 437 - 438 - 440 - 441 - 442 - 445 - 446 - 447 - 450 - 451 - 452 - 453 - 454 - 456 - 457 - 458 - 460 - 462 - 464 - 466 - 467 - 468 - 472 - 478 - 482 - 483 - 484 - 485 - 486 - 487 - 488 - 490 - 493 - 494 - 495 - 496 - 498 - 499,22118977.1,0.0,91879,105768,51.47,Cost: 91879 & Capacity: 105768
7 - 9 - 10 - 11 - 13 - 14 - 15 - 16 - 18 - 21 - 22 - 23 - 26 - 27 - 28 - 30 - 33 - 34 - 35 - 38 - 39 - 43 - 44 - 45 - 47 - 48 - 49 - 50 - 52 - 54 - 55 - 56 - 57 - 58 - 60 - 61 - 62 - 64 - 65 - 67 - 68 - 70 - 73 - 75 - 76 - 80 - 81 - 84 - 85 - 87 - 88 - 89 - 93 - 94 - 96 - 97 - 101 - 103 - 105 - 108 - 110 - 111 - 112 - 114 - 115 - 117 - 120 - 121 - 123 - 124 - 126 - 127 - 129 - 133 - 136 - 137 - 138 - 139 - 141 - 142 - 143 - 144 - 145 - 146 - 148 - 149 - 151 - 152 - 156 - 157 - 158 - 160 - 161 - 162 - 163 - 165 - 167 - 168 - 169 - 170 - 173 - 174 - 175 - 177 - 180 - 182 - 183 - 184 - 185 - 186 - 187 - 189 - 190 - 191 - 192 - 193 - 194 - 195 - 196 - 201 - 202 - 203 - 206 - 207 - 208 - 211 - 212 - 213 - 216 - 217 - 218 - 219 - 222 - 223 - 224 - 226 - 227 - 228 - 229 - 230 - 232 - 233 - 235 - 239 - 242 - 243 - 244 - 245 - 247 - 248 - 250 - 251 - 254 - 255 - 256 - 257 - 258 - 259 - 260 - 262 - 264 - 265 - 266 - 270 - 278 - 279 - 280 - 281 - 283 - 286 - 287 - 289 - 290 - 291 - 292 - 295 - 297 - 298 - 299 - 300 - 301 - 303 - 307 - 309 - 310 - 311 - 312 - 313 - 314 - 315 - 316 - 318 - 319 - 320 - 326 - 327 - 330 - 331 - 332 - 333 - 334 - 336 - 337 - 340 - 341 - 342 - 345 - 346 - 348 - 350 - 354 - 356 - 358 - 360 - 361 - 362 - 366 - 368 - 370 - 371 - 372 - 374 - 375 - 377 - 378 - 379 - 380 - 381 - 384 - 387 - 388 - 389 - 391 - 392 - 393 - 395 - 396 - 397 - 398 - 399 - 400 - 401 - 404 - 405 - 408 - 409 - 410 - 413 - 415 - 416 - 418 - 420 - 421 - 424 - 425 - 429 - 431 - 433 - 436 - 437 - 438 - 440 - 441 - 442 - 445 - 446 - 447 - 450 - 451 - 452 - 453 - 454 - 456 - 457 - 458 - 460 - 462 - 464 - 466 - 467 - 468 - 472 - 478 - 482 - 483 - 484 - 485 - 486 - 487 - 488 - 490 - 493 - 494 - 495 - 496 - 498 - 499,21962734.7,0.1,91870,106101,52.41,Cost: 91870 & Capacity: 106101
7 - 9 - 10 - 11 - 13 - 14 - 15 - 16 - 18 - 21 - 22 - 23 - 26 - 27 - 28 - 30 - 33 - 34 - 35 - 38 - 39 - 43 - 44 - 45 - 47 - 48 - 49 - 50 - 52 - 54 - 55 - 56 - 57 - 58 - 60 - 61 - 62 - 64 - 65 - 67 - 68 - 70 - 73 - 75 - 76 - 80 - 81 - 84 - 85 - 87 - 88 - 89 - 93 - 94 - 96 - 97 - 101 - 103 - 105 - 108 - 110 - 111 - 112 - 114 - 115 - 117 - 120 - 121 - 123 - 124 - 126 - 127 - 129 - 133 - 136 - 137 - 138 - 139 - 141 - 142 - 143 - 144 - 145 - 146 - 148 - 149 - 151 - 152 - 156 - 157 - 158 - 160 - 161 - 162 - 163 - 165 - 167 - 168 - 169 - 170 - 173 - 174 - 175 - 177 - 180 - 182 - 183 - 184 - 185 - 186 - 187 - 189 - 190 - 191 - 192 - 193 - 194 - 195 - 196 - 201 - 202 - 203 - 206 - 207 - 208 - 211 - 212 - 213 - 216 - 217 - 218 - 219 - 222 - 223 - 224 - 226 - 227 - 228 - 229 - 230 - 232 - 233 - 235 - 239 - 242 - 243 - 244 - 245 - 247 - 248 - 250 - 251 - 254 - 255 - 256 - 257 - 258 - 259 - 260 - 262 - 264 - 265 - 266 - 270 - 278 - 279 - 280 - 281 - 283 - 286 - 287 - 289 - 290 - 291 - 292 - 295 - 297 - 298 - 299 - 300 - 301 - 303 - 307 - 309 - 310 - 311 - 312 - 313 - 314 - 315 - 316 - 318 - 319 - 320 - 326 - 327 - 330 - 331 - 332 - 333 - 334 - 336 - 337 - 340 - 341 - 342 - 345 - 346 - 348 - 350 - 354 - 356 - 358 - 360 - 361 - 362 - 366 - 368 - 370 - 371 - 372 - 374 - 375 - 377 - 378 - 379 - 380 - 381 - 384 - 387 - 388 - 389 - 391 - 392 - 393 - 395 - 396 - 397 - 398 - 399 - 400 - 401 - 404 - 405 - 408 - 409 - 410 - 413 - 415 - 416 - 418 - 420 - 421 - 424 - 425 - 429 - 431 - 433 - 436 - 437 - 438 - 440 - 441 - 442 - 445 - 446 - 447 - 450 - 451 - 452 - 453 - 454 - 456 - 457 - 458 - 460 - 462 - 464 - 466 - 467 - 468 - 472 - 478 - 482 - 483 - 484 - 485 - 486 - 487 - 488 - 490 - 493 - 494 - 495 - 496 - 498 - 499,21962734.7,0.1,91870,106101,52.97,Cost: 91870 & Capacity: 106101
7 - 9 - 10 - 11 - 13 - 14 - 15 - 16 - 18 - 21 - 22 - 23 - 26 - 27 - 28 - 30 - 33 - 34 - 35 - 38 - 39 - 43 - 44 - 45 - 47 - 48 - 49 - 50 - 52 - 54 - 55 - 56 - 57 - 58 - 60 - 61 - 62 - 64 - 65 - 67 - 68 - 70 - 73 - 75 - 76 - 80 - 81 - 84 - 85 - 87 - 88 - 93 - 94 - 96 - 97 - 101 - 103 - 104 - 105 - 108 - 110 - 111 - 112 - 114 - 115 - 117 - 120 - 121 - 123 - 124 - 126 - 127 - 129 - 130 - 133 - 136 - 137 - 138 - 139 - 141 - 142 - 143 - 144 - 145 - 146 - 148 - 149 - 151 - 152 - 156 - 157 - 158 - 160 - 161 - 162 - 163 - 165 - 167 - 168 - 169 - 170 - 172 - 173 - 174 - 175 - 177 - 180 - 182 - 183 - 184 - 185 - 186 - 187 - 189 - 190 - 191 - 192 - 193 - 194 - 195 - 196 - 201 - 206 - 207 - 208 - 211 - 212 - 213 - 216 - 217 - 218 - 219 - 222 - 223 - 226 - 227 - 228 - 229 - 230 - 232 - 233 - 235 - 239 - 242 - 243 - 244 - 245 - 247 - 248 - 250 - 251 - 252 - 254 - 255 - 256 - 257 - 258 - 259 - 260 - 262 - 264 - 265 - 266 - 270 - 278 - 279 - 280 - 281 - 283 - 286 - 287 - 289 - 290 - 291 - 292 - 294 - 295 - 297 - 298 - 299 - 300 - 301 - 303 - 307 - 309 - 310 - 311 - 312 - 313 - 314 - 315 - 316 - 318 - 319 - 320 - 326 - 327 - 330 - 331 - 332 - 333 - 334 - 336 - 337 - 340 - 341 - 342 - 345 - 346 - 348 - 350 - 354 - 356 - 358 - 360 - 362 - 366 - 368 - 370 - 371 - 372 - 374 - 375 - 377 - 378 - 379 - 380 - 381 - 383 - 384 - 387 - 388 - 389 - 391 - 392 - 393 - 395 - 396 - 397 - 398 - 399 - 400 - 401 - 404 - 405 - 408 - 409 - 410 - 413 - 415 - 416 - 418 - 420 - 421 - 424 - 425 - 429 - 431 - 433 - 436 - 437 - 438 - 440 - 441 - 442 - 445 - 446 - 447 - 450 - 451 - 452 - 453 - 454 - 456 - 457 - 458 - 460 - 462 - 464 - 466 - 467 - 468 - 472 - 478 - 482 - 483 - 484 - 485 - 486 - 487 - 488 - 490 - 493 - 494 - 495 - 496 - 498 - 499,22108877.5,0.0,91862,106850,53.0,Cost: 91862 & Capacity: 106850
1 - 4 - 10 - 11 - 13 - 14 - 18 - 21 - 28 - 30 - 34 - 43 - 49 - 50 - 51 - 52 - 55 - 56 - 58 - 65 - 66 - 69 - 74 - 75 - 81 - 86 - 87 - 89 - 96 - 97 - 104 - 105 - 108 - 109 - 112 - 114 - 116 - 122 - 123 - 124 - 126 - 129 - 136 - 144 - 145 - 151 - 152 - 154 - 157 - 158 - 160 - 166 - 170 - 173 - 177 - 180 - 181 - 182 - 184 - 188 - 191 - 192 - 193 - 195 - 197 - 202 - 203 - 211 - 213 - 217 - 219 - 220 - 222 - 225 - 227 - 229 - 230 - 233 - 234 - 235 - 239 - 240 - 243 - 244 - 245 - 247 - 248 - 255 - 256 - 257 - 259 - 261 - 262 - 264 - 270 - 272 - 278 - 279 - 281 - 283 - 284 - 288 - 289 - 291 - 292 - 299 - 300 - 301 - 303 - 304 - 306 - 308 - 310 - 312 - 313 - 316 - 318 - 319 - 322 - 327 - 331 - 332 - 333 - 336 - 337 - 342 - 343 - 345 - 348 - 351 - 352 - 354 - 356 - 367 - 368 - 369 - 370 - 372 - 373 - 374 - 378 - 379 - 381 - 383 - 388 - 389 - 391 - 392 - 393 - 394 - 395 - 396 - 399 - 400 - 401 - 404 - 405 - 406 - 410 - 413 - 414 - 416 - 417 - 419 - 423 - 429 - 437 - 441 - 445 - 447 - 448 - 449 - 450 - 451 - 456 - 457 - 459 - 460 - 462 - 463 - 465 - 466 - 469 - 472 - 475 - 482 - 485 - 487 - 488 - 489 - 490 - 491 - 493 - 494 - 495 - 497 - 499,9776590.0,8.9,91842,85403,53.39,Cost: 91842 & Capacity: 85403
7 - 9 - 10 - 11 - 13 - 14 - 15 - 16 - 18 - 21 - 22 - 23 - 26 - 27 - 28 - 30 - 33 - 34 - 35 - 38 - 39 - 43 - 44 - 45 - 47 - 48 - 49 - 50 - 52 - 54 - 55 - 56 - 57 - 58 - 60 - 61 - 62 - 64 - 65 - 67 - 68 - 70 - 73 - 75 - 76 - 80 - 81 - 84 - 85 - 87 - 88 - 93 - 94 - 96 - 97 - 101 - 103 - 104 - 105 - 108 - 110 - 111 - 112 - 114 - 115 - 117 - 120 - 121 - 123 - 124 - 126 - 127 - 129 - 133 - 136 - 137 - 138 - 139 - 141 - 142 - 143 - 144 - 145 - 146 - 148 - 149 - 151 - 152 - 156 - 157 - 158 - 160 - 161 - 162 - 163 - 165 - 167 - 168 - 169 - 170 - 172 - 173 - 174 - 175 - 177 - 180 - 182 - 183 - 184 - 185 - 186 - 187 - 189 - 190 - 191 - 192 - 193 - 194 - 195 - 196 - 201 - 202 - 206 - 207 - 208 - 211 - 212 - 213 - 216 - 217 - 218 - 219 - 222 - 223 - 226 - 227 - 228 - 229 - 230 - 232 - 233 - 235 - 239 - 242 - 243 - 244 - 245 - 247 - 248 - 250 - 251 - 252 - 254 - 255 - 256 - 257 - 258 - 259 - 260 - 262 - 264 - 265 - 266 - 270 - 278 - 279 - 280 - 281 - 283 - 286 - 287 - 289 - 290 - 291 - 292 - 294 - 295 - 297 - 298 - 299 - 300 - 301 - 303 - 307 - 309 - 310 - 311 - 312 - 313 - 314 - 315 - 316 - 318 - 319 - 320 - 326 - 327 - 330 - 331 - 332 - 333 - 334 - 336 - 337 - 340 - 341 - 342 - 343 - 345 - 346 - 348 - 350 - 354 - 356 - 358 - 360 - 361 - 362 - 366 - 368 - 370 - 371 - 372 - 374 - 375 - 377 - 378 - 379 - 380 - 381 - 383 - 384 - 387 - 388 - 389 - 391 - 392 - 393 - 396 - 397 - 398 - 399 - 400 - 401 - 404 - 405 - 408 - 409 - 410 - 413 - 415 - 416 - 418 - 420 - 421 - 424 - 425 - 429 - 431 - 433 - 436 - 437 - 438 - 440 - 441 - 442 - 445 - 446 - 447 - 450 - 451 - 452 - 453 - 454 - 456 - 457 - 458 - 460 - 462 - 464 - 466 - 468 - 472 - 478 - 482 - 483 - 484 - 485 - 486 - 487 - 488 - 490 - 493 - 494 - 495 - 496 - 498 - 499,22103155.1,0.0,91878,106418,53.71,Cost: 91878 & Capacity: 106418
4 - 7 - 9 - 10 - 11 - 13 - 14 - 15 - 16 - 18 - 21 - 22 - 23 - 26 - 27 - 28 - 30 - 33 - 34 - 35 - 38 - 39 - 43 - 44 - 45 - 47 - 48 - 49 - 50 - 52 - 54 - 55 - 56 - 57 - 58 - 60 - 61 - 62 - 64 - 65 - 67 - 68 - 70 - 73 - 75 - 76 - 80 - 81 - 84 - 85 - 87 - 88 - 93 - 94 - 96 - 101 - 103 - 104 - 105 - 108 - 109 - 110 - 112 - 114 - 115 - 120 - 121 - 123 - 124 - 126 - 127 - 129 - 133 - 136 - 137 - 138 - 139 - 141 - 142 - 143 - 144 - 146 - 148 - 151 - 152 - 156 - 157 - 158 - 161 - 162 - 163 - 166 - 167 - 169 - 170 - 173 - 174 - 175 - 177 - 180 - 181 - 182 - 183 - 184 - 185 - 186 - 189 - 191 - 192 - 193 - 194 - 195 - 196 - 197 - 201 - 203 - 206 - 207 - 208 - 211 - 212 - 213 - 216 - 217 - 218 - 219 - 222 - 223 - 224 - 226 - 227 - 228 - 229 - 230 - 233 - 235 - 239 - 242 - 243 - 244 - 245 - 247 - 248 - 251 - 254 - 255 - 256 - 257 - 258 - 259 - 262 - 264 - 265 - 266 - 267 - 270 - 278 - 279 - 280 - 281 - 283 - 284 - 286 - 287 - 289 - 290 - 291 - 292 - 294 - 295 - 297 - 298 - 299 - 300 - 301 - 303 - 307 - 309 - 310 - 311 - 313 - 314 - 315 - 316 - 318 - 319 - 320 - 324 - 326 - 327 - 330 - 331 - 332 - 333 - 334 - 336 - 337 - 340 - 341 - 342 - 343 - 345 - 346 - 348 - 350 - 356 - 358 - 362 - 366 - 368 - 369 - 370 - 372 - 374 - 375 - 377 - 378 - 379 - 380 - 381 - 384 - 387 - 388 - 389 - 391 - 393 - 395 - 396 - 397 - 398 - 399 - 400 - 404 - 405 - 408 - 409 - 410 - 415 - 416 - 420 - 421 - 424 - 425 - 429 - 431 - 433 - 435 - 436 - 437 - 438 - 440 - 441 - 442 - 445 - 446 - 447 - 450 - 451 - 453 - 454 - 456 - 457 - 458 - 460 - 462 - 464 - 466 - 467 - 468 - 472 - 478 - 482 - 483 - 484 - 486 - 487 - 488 - 490 - 493 - 494 - 495 - 496 - 498 - 499,20174949.1,0.7,91879,102752,54.56,Cost: 91879 & Capacity: 102752
7 - 9 - 10 - 11 - 13 - 14 - 15 - 16 - 18 - 21 - 22 - 23 - 26 - 27 - 28 - 30 - 33 - 34 - 35 - 38 - 39 - 43 - 44 - 45 - 47 - 48 - 49 - 50 - 52 - 54 - 55 - 56 - 57 - 58 - 60 - 61 - 62 - 64 - 65 - 67 - 68 - 70 - 73 - 75 - 76 - 80 - 81 - 84 - 85 - 87 - 88 - 89 - 93 - 94 - 96 - 97 - 101 - 103 - 105 - 108 - 110 - 111 - 112 - 114 - 115 - 117 - 120 - 121 - 123 - 124 - 126 - 127 - 129 - 133 - 136 - 137 - 138 - 139 - 141 - 142 - 143 - 144 - 145 - 146 - 148 - 149 - 151 - 152 - 156 - 157 - 158 - 160 - 161 - 162 - 163 - 165 - 167 - 168 - 169 - 170 - 173 - 174 - 175 - 177 - 180 - 182 - 183 - 184 - 185 - 186 - 187 - 189 - 190 - 191 - 192 - 193 - 194 - 195 - 196 - 201 - 202 - 203 - 206 - 207 - 208 - 211 - 212 - 213 - 216 - 217 - 218 - 219 - 222 - 223 - 224 - 226 - 227 - 228 - 229 - 230 - 232 - 233 - 235 - 239 - 242 - 243 - 244 - 245 - 247 - 248 - 250 - 251 - 254 - 255 - 256 - 257 - 258 - 259 - 260 - 262 - 264 - 265 - 266 - 270 - 278 - 279 - 280 - 281 - 283 - 286 - 287 - 289 - 290 - 291 - 292 - 295 - 297 - 298 - 299 - 300 - 301 - 303 - 307 - 309 - 310 - 311 - 312 - 313 - 314 - 315 - 316 - 318 - 319 - 320 - 326 - 327 - 330 - 331 - 332 - 333 - 334 - 336 - 337 - 340 - 341 - 342 - 345 - 346 - 348 - 350 - 354 - 356 - 358 - 360 - 361 - 362 - 366 - 368 - 370 - 371 - 372 - 374 - 375 - 377 - 378 - 379 - 380 - 381 - 384 - 387 - 388 - 389 - 391 - 392 - 393 - 395 - 396 - 397 - 398 - 399 - 400 - 401 - 404 - 405 - 408 - 409 - 410 - 413 - 415 - 416 - 418 - 420 - 421 - 424 - 425 - 429 - 431 - 433 - 436 - 437 - 438 - 440 - 441 - 442 - 445 - 446 - 447 - 450 - 451 - 452 - 453 - 454 - 456 - 457 - 458 - 460 - 462 - 464 - 466 - 467 - 468 - 472 - 478 - 482 - 483 - 484 - 485 - 486 - 487 - 488 - 490 - 493 - 494 - 495 - 496 - 498 - 499,21962734.7,0.1,91870,106101,57.56,Cost: 91870 & Capacity: 106101
7 - 9 - 10 - 11 - 13 - 14 - 15 - 16 - 18 - 21 - 22 - 23 - 26 - 27 - 28 - 30 - 33 - 34 - 35 - 38 - 39 - 43 - 44 - 45 - 47 - 48 - 49 - 50 - 52 - 54 - 55 - 56 - 57 - 58 - 60 - 61 - 62 - 64 - 65 - 67 - 68 - 70 - 73 - 75 - 76 - 80 - 81 - 84 - 85 - 87 - 88 - 89 - 93 - 94 - 96 - 97 - 101 - 103 - 105 - 108 - 110 - 111 - 112 - 114 - 115 - 117 - 120 - 121 - 123 - 124 - 126 - 127 - 129 - 133 - 136 - 137 - 138 - 139 - 141 - 142 - 143 - 144 - 145 - 146 - 148 - 149 - 151 - 152 - 156 - 157 - 158 - 160 - 161 - 162 - 163 - 165 - 167 - 168 - 169 - 170 - 173 - 174 - 175 - 177 - 180 - 182 - 183 - 184 - 185 - 186 - 187 - 189 - 190 - 191 - 192 - 193 - 194 - 195 - 196 - 201 - 202 - 203 - 206 - 207 - 208 - 211 - 212 - 213 - 216 - 217 - 218 - 219 - 222 - 223 - 224 - 226 - 227 - 228 - 229 - 230 - 232 - 233 - 235 - 239 - 242 - 243 - 244 - 245 - 247 - 248 - 250 - 251 - 254 - 255 - 256 - 257 - 258 - 259 - 260 - 262 - 264 - 265 - 266 - 270 - 278 - 279 - 280 - 281 - 283 - 286 - 287 - 289 - 290 - 291 - 292 - 295 - 297 - 298 - 299 - 300 - 301 - 303 - 307 - 309 - 310 - 311 - 312 - 313 - 314 - 315 - 316 - 318 - 319 - 320 - 326 - 327 - 330 - 331 - 332 - 333 - 334 - 336 - 337 - 340 - 341 - 342 - 345 - 346 - 348 - 350 - 354 - 356 - 358 - 360 - 361 - 362 - 366 - 368 - 370 - 371 - 372 - 374 - 375 - 377 - 378 - 379 - 380 - 381 - 384 - 387 - 388 - 389 - 391 - 392 - 393 - 395 - 396 - 397 - 398 - 399 - 400 - 401 - 404 - 405 - 408 - 409 - 410 - 413 - 415 - 416 - 418 - 420 - 421 - 424 - 425 - 429 - 431 - 433 - 436 - 437 - 438 - 440 - 441 - 442 - 445 - 446 - 447 - 450 - 451 - 452 - 453 - 454 - 456 - 457 - 458 - 460 - 462 - 464 - 466 - 467 - 468 - 472 - 478 - 482 - 483 - 484 - 485 - 486 - 487 - 488 - 490 - 493 - 494 - 495 - 496 - 498 - 499,21962734.7,0.1,91870,106101,58.39,Cost: 91870 & Capacity: 106101
2 - 3 - 14 - 17 - 26 - 27 - 31 - 34 - 41 - 49 - 67 - 71 - 77 - 98 - 103 - 116 - 124 - 130 - 131 - 147 - 151 - 153 - 165 - 171 - 176 - 196 - 208 - 209 - 213 - 214 - 220 - 221 - 225 - 230 - 245 - 257 - 260 - 267 - 269 - 271 - 284 - 285 - 288 - 305 - 306 - 308 - 316 - 321 - 324 - 326 - 328 - 338 - 339 - 348 - 352 - 367 - 373 - 376 - 379 - 395 - 403 - 408 - 409 - 414 - 420 - 430 - 431 - 435 - 439 - 442 - 446 - 447 - 449 - 451 - 455 - 462 - 469 - 470 - 475 - 480 - 482 - 488 - 489 - 491 - 493 - 496,1912189.3,34.4,69174,56466,59.64,Cost: 69174 & Capacity: 56466
1 - 4 - 5 - 8 - 30 - 42 - 50 - 64 - 68 - 74 - 77 - 85 - 103 - 105 - 113 - 117 - 119 - 122 - 124 - 128 - 133 - 134 - 136 - 141 - 144 - 147 - 151 - 153 - 169 - 179 - 187 - 193 - 204 - 208 - 212 - 213 - 217 - 219 - 230 - 234 - 235 - 238 - 242 - 244 - 245 - 250 - 255 - 259 - 261 - 263 - 265 - 274 - 279 - 282 - 283 - 284 - 292 - 296 - 298 - 303 - 310 - 313 - 316 - 318 - 321 - 323 - 324 - 332 - 335 - 339 - 347 - 348 - 357 - 363 - 367 - 376 - 399 - 400 - 403 - 409 - 411 - 414 - 416 - 420 - 424 - 428 - 429 - 433 - 436 - 437 - 438 - 445 - 449 - 451 - 463 - 466 - 467 - 473 - 484 - 486 - 487 - 488 - 497,2788464.7,29.0,63533,53456,63.03,Cost: 63533 & Capacity: 53456
1 - 4 - 5 - 8 - 30 - 42 - 50 - 64 - 68 - 70 - 74 - 77 - 85 - 103 - 105 - 113 - 117 - 119 - 122 - 124 - 128 - 133 - 134 - 136 - 141 - 144 - 147 - 151 - 153 - 169 - 179 - 187 - 193 - 204 - 208 - 212 - 213 - 217 - 219 - 230 - 234 - 235 - 238 - 242 - 244 - 245 - 250 - 255 - 259 - 261 - 263 - 274 - 279 - 282 - 283 - 284 - 292 - 296 - 298 - 303 - 310 - 312 - 313 - 316 - 318 - 321 - 323 - 324 - 332 - 335 - 339 - 347 - 348 - 357 - 363 - 367 - 376 - 399 - 400 - 403 - 409 - 411 - 414 - 416 - 420 - 424 - 428 - 429 - 433 - 436 - 437 - 438 - 445 - 449 - 451 - 463 - 466 - 467 - 468 - 473 - 484 - 486 - 487 - 488 - 497,2901547.4,27.5,64330,54224,63.01,Cost: 64330 & Capacity: 54224
7 - 9 - 10 - 11 - 13 - 14 - 15 - 16 - 18 - 21 - 22 - 23 - 26 - 27 - 28 - 30 - 33 - 34 - 35 - 38 - 39 - 43 - 44 - 45 - 47 - 48 - 49 - 50 - 52 - 54 - 55 - 56 - 57 - 58 - 60 - 61 - 62 - 64 - 65 - 67 - 68 - 70 - 73 - 75 - 76 - 80 - 81 - 84 - 85 - 87 - 88 - 89 - 93 - 94 - 96 - 97 - 101 - 103 - 105 - 108 - 110 - 111 - 112 - 114 - 115 - 117 - 120 - 121 - 123 - 124 - 126 - 127 - 129 - 133 - 136 - 137 - 138 - 139 - 141 - 142 - 143 - 144 - 145 - 146 - 148 - 149 - 151 - 152 - 156 - 157 - 158 - 160 - 161 - 162 - 163 - 165 - 167 - 168 - 169 - 170 - 173 - 174 - 175 - 177 - 180 - 182 - 183 - 184 - 185 - 186 - 187 - 189 - 190 - 191 - 192 - 193 - 194 - 195 - 196 - 201 - 202 - 203 - 206 - 207 - 208 - 211 - 212 - 213 - 216 - 217 - 218 - 219 - 222 - 223 - 224 - 226 - 227 - 228 - 229 - 230 - 232 - 233 - 235 - 239 - 242 - 243 - 244 - 245 - 247 - 248 - 250 - 251 - 254 - 255 - 256 - 257 - 258 - 259 - 260 - 262 - 264 - 265 - 266 - 270 - 278 - 279 - 280 - 281 - 283 - 286 - 287 - 289 - 290 - 291 - 292 - 295 - 297 - 298 - 299 - 300 - 301 - 303 - 307 - 309 - 310 - 311 - 312 - 313 - 314 - 315 - 316 - 318 - 319 - 320 - 326 - 327 - 330 - 331 - 332 - 333 - 334 - 336 - 337 - 340 - 341 - 342 - 345 - 346 - 348 - 350 - 354 - 356 - 358 - 360 - 361 - 362 - 366 - 368 - 370 - 371 - 372 - 374 - 375 - 377 - 378 - 379 - 380 - 381 - 384 - 387 - 388 - 389 - 391 - 392 - 393 - 395 - 396 - 397 - 398 - 399 - 400 - 401 - 404 - 405 - 408 - 409 - 410 - 413 - 415 - 416 - 418 - 420 - 421 - 424 - 425 - 429 - 431 - 433 - 436 - 437 - 438 - 440 - 441 - 442 - 445 - 446 - 447 - 450 - 451 - 452 - 453 - 454 - 456 - 457 - 458 - 460 - 462 - 464 - 466 - 467 - 468 - 472 - 478 - 482 - 483 - 484 - 485 - 486 - 487 - 488 - 490 - 493 - 494 - 495 - 496 - 498 - 499,21962734.7,0.1,91870,106101,64.82,Cost: 91870 & Capacity: 106101
0 - 1 - 9 - 11 - 13 - 16 - 18 - 21 - 22 - 23 - 26 - 27 - 28 - 30 - 33 - 34 - 49 - 50 - 54 - 55 - 56 - 58 - 60 - 62 - 64 - 68 - 71 - 74 - 78 - 83 - 86 - 89 - 96 - 99 - 100 - 103 - 109 - 112 - 114 - 117 - 122 - 124 - 125 - 127 - 130 - 131 - 135 - 141 - 150 - 151 - 155 - 157 - 162 - 166 - 171 - 173 - 177 - 179 - 181 - 182 - 184 - 185 - 187 - 188 - 191 - 192 - 193 - 194 - 196 - 197 - 207 - 208 - 210 - 214 - 217 - 219 - 224 - 225 - 227 - 228 - 229 - 230 - 232 - 233 - 234 - 235 - 237 - 244 - 245 - 250 - 255 - 257 - 259 - 261 - 266 - 267 - 274 - 277 - 278 - 280 - 282 - 283 - 289 - 290 - 292 - 300 - 303 - 308 - 313 - 314 - 316 - 318 - 319 - 324 - 325 - 327 - 332 - 336 - 337 - 343 - 345 - 347 - 348 - 352 - 356 - 357 - 358 - 369 - 370 - 374 - 378 - 380 - 384 - 390 - 393 - 399 - 400 - 404 - 409 - 412 - 414 - 416 - 420 - 427 - 428 - 431 - 432 - 433 - 434 - 435 - 437 - 438 - 443 - 445 - 448 - 450 - 454 - 457 - 458 - 459 - 460 - 462 - 463 - 466 - 469 - 475 - 477 - 478 - 484 - 488 - 492 - 493,7691533.9,11.3,91692,82119,65.11,Cost: 91692 & Capacity: 82119
7 - 9 - 10 - 11 - 13 - 14 - 15 - 16 - 18 - 21 - 22 - 23 - 26 - 27 - 28 - 30 - 33 - 34 - 35 - 38 - 39 - 43 - 44 - 45 - 47 - 48 - 49 - 50 - 52 - 54 - 55 - 56 - 57 - 58 - 60 - 61 - 62 - 64 - 65 - 67 - 68 - 70 - 73 - 75 - 76 - 80 - 81 - 84 - 85 - 87 - 88 - 89 - 93 - 94 - 96 - 97 - 101 - 103 - 105 - 108 - 110 - 111 - 112 - 114 - 115 - 117 - 120 - 121 - 123 - 124 - 126 - 127 - 129 - 133 - 136 - 137 - 138 - 139 - 141 - 142 - 143 - 144 - 145 - 146 - 148 - 149 - 151 - 152 - 156 - 157 - 158 - 160 - 161 - 162 - 163 - 165 - 167 - 168 - 169 - 170 - 173 - 174 - 175 - 177 - 180 - 182 - 183 - 184 - 185 - 186 - 187 - 189 - 190 - 191 - 192 - 193 - 194 - 195 - 196 - 201 - 202 - 203 - 206 - 207 - 208 - 211 - 212 - 213 - 216 - 217 - 218 - 219 - 222 - 223 - 224 - 226 - 227 - 228 - 229 - 230 - 232 - 233 - 235 - 239 - 242 - 243 - 244 - 245 - 247 - 248 - 250 - 251 - 254 - 255 - 256 - 257 - 258 - 259 - 260 - 262 - 264 - 265 - 266 - 270 - 278 - 279 - 280 - 281 - 283 - 286 - 287 - 289 - 290 - 291 - 292 - 295 - 297 - 298 - 299 - 300 - 301 - 303 - 307 - 309 - 310 - 311 - 312 - 313 - 314 - 315 - 316 - 318 - 319 - 320 - 326 - 327 - 330 - 331 - 332 - 333 - 334 - 336 - 337 - 340 - 341 - 342 - 345 - 346 - 348 - 350 - 354 - 356 - 358 - 360 - 361 - 362 - 366 - 368 - 370 - 371 - 372 - 374 - 375 - 377 - 378 - 379 - 380 - 381 - 384 - 387 - 388 - 389 - 391 - 392 - 393 - 395 - 396 - 397 - 398 - 399 - 400 - 401 - 404 - 405 - 408 - 409 - 410 - 413 - 415 - 416 - 418 - 420 - 421 - 424 - 425 - 429 - 431 - 433 - 436 - 437 - 438 - 440 - 441 - 442 - 445 - 446 - 447 - 450 - 451 - 452 - 453 - 454 - 456 - 457 - 458 - 460 - 462 - 464 - 466 - 467 - 468 - 472 - 478 - 482 - 483 - 484 - 485 - 486 - 487 - 488 - 490 - 493 - 494 - 495 - 496 - 498 - 499,21962734.7,0.1,91870,106101,65.57,Cost: 91870 & Capacity: 106101
7 - 9 - 10 - 11 - 13 - 14 - 15 - 16 - 18 - 21 - 22 - 23 - 26 - 27 - 28 - 30 - 33 - 34 - 35 - 38 - 39 - 43 - 44 - 45 - 47 - 48 - 49 - 50 - 52 - 54 - 55 - 56 - 57 - 58 - 60 - 61 - 62 - 64 - 65 - 67 - 68 - 70 - 73 - 75 - 76 - 80 - 81 - 84 - 85 - 87 - 88 - 89 - 93 - 94 - 96 - 97 - 101 - 103 - 105 - 108 - 110 - 111 - 112 - 114 - 115 - 117 - 120 - 121 - 123 - 124 - 126 - 127 - 129 - 133 - 136 - 137 - 138 - 139 - 141 - 142 - 143 - 144 - 145 - 146 - 148 - 149 - 151 - 152 - 156 - 157 - 158 - 160 - 161 - 162 - 163 - 165 - 167 - 168 - 169 - 170 - 173 - 174 - 175 - 177 - 180 - 182 - 183 - 184 - 185 - 186 - 187 - 189 - 190 - 191 - 192 - 193 - 194 - 195 - 196 - 201 - 202 - 203 - 206 - 207 - 208 - 211 - 212 - 213 - 216 - 217 - 218 - 219 - 222 - 223 - 224 - 226 - 227 - 228 - 229 - 230 - 232 - 233 - 235 - 239 - 242 - 243 - 244 - 245 - 247 - 248 - 250 - 251 - 254 - 255 - 256 - 257 - 258 - 259 - 260 - 262 - 264 - 265 - 266 - 270 - 278 - 279 - 280 - 281 - 283 - 286 - 287 - 289 - 290 - 291 - 292 - 295 - 297 - 298 - 299 - 300 - 301 - 303 - 307 - 309 - 310 - 311 - 312 - 313 - 314 - 315 - 316 - 318 - 319 - 320 - 326 - 327 - 330 - 331 - 332 - 333 - 334 - 336 - 337 - 340 - 341 - 342 - 345 - 346 - 348 - 350 - 354 - 356 - 358 - 360 - 361 - 362 - 366 - 368 - 370 - 371 - 372 - 374 - 375 - 377 - 378 - 379 - 380 - 381 - 384 - 387 - 388 - 389 - 391 - 392 - 393 - 395 - 396 - 397 - 398 - 399 - 400 - 401 - 404 - 405 - 408 - 409 - 410 - 413 - 415 - 416 - 418 - 420 - 421 - 424 - 425 - 429 - 431 - 433 - 436 - 437 - 438 - 440 - 441 - 442 - 445 - 446 - 447 - 450 - 451 - 452 - 453 - 454 - 456 - 457 - 458 - 460 - 462 - 464 - 466 - 467 - 468 - 472 - 478 - 482 - 483 - 484 - 485 - 486 - 487 - 488 - 490 - 493 - 494 - 495 - 496 - 498 - 499,21962734.7,0.1,91870,106101,66.58,Cost: 91870 & Capacity: 106101
7 - 9 - 10 - 11 - 13 - 14 - 15 - 16 - 18 - 21 - 22 - 23 - 26 - 27 - 28 - 30 - 33 - 34 - 35 - 38 - 39 - 43 - 44 - 45 - 47 - 48 - 49 - 50 - 52 - 54 - 55 - 56 - 57 - 58 - 60 - 61 - 62 - 64 - 65 - 67 - 68 - 70 - 73 - 75 - 76 - 80 - 81 - 84 - 85 - 87 - 88 - 89 - 93 - 94 - 96 - 97 - 101 - 103 - 105 - 108 - 110 - 111 - 112 - 114 - 115 - 117 - 120 - 121 - 123 - 124 - 126 - 127 - 129 - 133 - 136 - 137 - 138 - 139 - 141 - 142 - 143 - 144 - 145 - 146 - 148 - 149 - 151 - 152 - 156 - 157 - 158 - 160 - 161 - 162 - 163 - 165 - 167 - 168 - 169 - 170 - 173 - 174 - 175 - 177 - 180 - 182 - 183 - 184 - 185 - 186 - 187 - 189 - 190 - 191 - 192 - 193 - 194 - 195 - 196 - 201 - 202 - 203 - 206 - 207 - 208 - 211 - 212 - 213 - 216 - 217 - 218 - 219 - 222 - 223 - 224 - 226 - 227 - 228 - 229 - 230 - 232 - 233 - 235 - 239 - 242 - 243 - 244 - 245 - 247 - 248 - 250 - 251 - 254 - 255 - 256 - 257 - 258 - 259 - 260 - 262 - 264 - 265 - 266 - 270 - 278 - 279 - 280 - 281 - 283 - 286 - 287 - 289 - 290 - 291 - 292 - 295 - 297 - 298 - 299 - 300 - 301 - 303 - 307 - 309 - 310 - 311 - 312 - 313 - 314 - 315 - 316 - 318 - 319 - 320 - 326 - 327 - 330 - 331 - 332 - 333 - 334 - 336 - 337 - 340 - 341 - 342 - 345 - 346 - 348 - 350 - 354 - 356 - 358 - 360 - 361 - 362 - 366 - 368 - 370 - 371 - 372 - 374 - 375 - 377 - 378 - 379 - 380 - 381 - 384 - 387 - 388 - 389 - 391 - 392 - 393 - 395 - 396 - 397 - 398 - 399 - 400 - 401 - 404 - 405 - 408 - 409 - 410 - 413 - 415 - 416 - 418 - 420 - 421 - 424 - 425 - 429 - 431 - 433 - 436 - 437 - 438 - 440 - 441 - 442 - 445 - 446 - 447 - 450 - 451 - 452 - 453 - 454 - 456 - 457 - 458 - 460 - 462 - 464 - 466 - 467 - 468 - 472 - 478 - 482 - 483 - 484 - 485 - 486 - 487 - 488 - 490 - 493 - 494 - 495 - 496 - 498 - 499,21962734.7,0.1,91870,106101,67.95,Cost: 91870 & Capacity: 106101
1 - 7 - 8 - 10 - 11 - 13 - 14 - 15 - 16 - 18 - 21 - 22 - 23 - 26 - 28 - 30 - 33 - 34 - 35 - 38 - 39 - 43 - 44 - 45 - 47 - 49 - 50 - 52 - 55 - 56 - 58 - 60 - 65 - 67 - 68 - 73 - 75 - 80 - 81 - 82 - 84 - 85 - 87 - 89 - 93 - 96 - 101 - 103 - 105 - 109 - 112 - 114 - 120 - 121 - 123 - 124 - 126 - 127 - 129 - 133 - 136 - 137 - 138 - 139 - 140 - 141 - 143 - 146 - 148 - 151 - 152 - 154 - 155 - 156 - 157 - 158 - 160 - 162 - 163 - 166 - 167 - 169 - 170 - 173 - 174 - 177 - 180 - 181 - 182 - 184 - 185 - 186 - 188 - 189 - 190 - 191 - 192 - 193 - 195 - 196 - 197 - 201 - 206 - 207 - 208 - 211 - 213 - 215 - 216 - 217 - 218 - 219 - 222 - 223 - 226 - 227 - 228 - 229 - 233 - 234 - 235 - 239 - 240 - 243 - 244 - 245 - 246 - 247 - 248 - 250 - 254 - 255 - 256 - 257 - 258 - 259 - 262 - 263 - 264 - 265 - 266 - 270 - 278 - 279 - 280 - 281 - 283 - 284 - 286 - 287 - 288 - 289 - 290 - 291 - 292 - 294 - 295 - 297 - 298 - 299 - 300 - 301 - 303 - 306 - 307 - 308 - 310 - 311 - 313 - 316 - 318 - 319 - 320 - 326 - 331 - 332 - 333 - 334 - 335 - 336 - 337 - 341 - 342 - 343 - 345 - 346 - 348 - 350 - 351 - 358 - 362 - 366 - 369 - 372 - 374 - 375 - 378 - 379 - 380 - 381 - 382 - 384 - 388 - 389 - 391 - 393 - 394 - 395 - 396 - 397 - 398 - 399 - 400 - 402 - 404 - 405 - 409 - 410 - 412 - 415 - 416 - 417 - 418 - 420 - 421 - 424 - 425 - 429 - 431 - 433 - 434 - 435 - 437 - 438 - 441 - 442 - 446 - 447 - 450 - 451 - 454 - 456 - 457 - 458 - 462 - 466 - 467 - 468 - 472 - 474 - 475 - 478 - 483 - 484 - 486 - 487 - 488 - 490 - 493 - 494 - 495 - 496 - 498 - 499,17379096.0,2.2,91876,98435,70.09,Cost: 91876 & Capacity: 98435
7 - 9 - 10 - 11 - 13 - 14 - 15 - 16 - 18 - 21 - 22 - 23 - 26 - 27 - 28 - 30 - 33 - 34 - 35 - 38 - 39 - 43 - 44 - 45 - 47 - 48 - 49 - 50 - 52 - 54 - 55 - 56 - 57 - 58 - 60 - 61 - 62 - 64 - 65 - 67 - 68 - 70 - 73 - 75 - 76 - 80 - 81 - 84 - 85 - 87 - 88 - 89 - 93 - 94 - 96 - 97 - 101 - 103 - 105 - 108 - 110 - 111 - 112 - 114 - 115 - 117 - 120 - 121 - 123 - 124 - 126 - 127 - 129 - 133 - 136 - 137 - 138 - 139 - 141 - 142 - 143 - 144 - 145 - 146 - 148 - 149 - 151 - 152 - 156 - 157 - 158 - 160 - 161 - 162 - 163 - 165 - 167 - 168 - 169 - 170 - 173 - 174 - 175 - 177 - 180 - 182 - 183 - 184 - 185 - 186 - 187 - 189 - 190 - 191 - 192 - 193 - 194 - 195 - 196 - 201 - 202 - 203 - 206 - 207 - 208 - 211 - 212 - 213 - 216 - 217 - 218 - 219 - 222 - 223 - 224 - 226 - 227 - 228 - 229 - 230 - 232 - 233 - 235 - 239 - 242 - 243 - 244 - 245 - 247 - 248 - 250 - 251 - 254 - 255 - 256 - 257 - 258 - 259 - 260 - 262 - 264 - 265 - 266 - 270 - 278 - 279 - 280 - 281 - 283 - 286 - 287 - 289 - 290 - 291 - 292 - 295 - 297 - 298 - 299 - 300 - 301 - 303 - 307 - 309 - 310 - 311 - 312 - 313 - 314 - 315 - 316 - 318 - 319 - 320 - 326 - 327 - 330 - 331 - 332 - 333 - 334 - 336 - 337 - 340 - 341 - 342 - 345 - 346 - 348 - 350 - 354 - 356 - 358 - 360 - 361 - 362 - 366 - 368 - 370 - 371 - 372 - 374 - 375 - 377 - 378 - 379 - 380 - 381 - 384 - 387 - 388 - 389 - 391 - 392 - 393 - 395 - 396 - 397 - 398 - 399 - 400 - 401 - 404 - 405 - 408 - 409 - 410 - 413 - 415 - 416 - 418 - 420 - 421 - 424 - 425 - 429 - 431 - 433 - 436 - 437 - 438 - 440 - 441 - 442 - 445 - 446 - 447 - 450 - 451 - 452 - 453 - 454 - 456 - 457 - 458 - 460 - 462 - 464 - 466 - 467 - 468 - 472 - 478 - 482 - 483 - 484 - 485 - 486 - 487 - 488 - 490 - 493 - 494 - 495 - 496 - 498 - 499,21962734.7,0.1,91870,106101,71.73,Cost: 91870 & Capacity: 106101
7 - 9 - 10 - 11 - 13 - 14 - 15 - 16 - 18 - 21 - 22 - 23 - 26 - 27 - 28 - 30 - 33 - 34 - 35 - 38 - 39 - 43 - 44 - 45 - 47 - 48 - 49 - 50 - 52 - 54 - 55 - 56 - 57 - 58 - 60 - 61 - 62 - 64 - 65 - 67 - 68 - 70 - 73 - 75 - 76 - 80 - 81 - 84 - 85 - 87 - 88 - 89 - 93 - 94 - 96 - 97 - 101 - 103 - 105 - 108 - 110 - 111 - 112 - 114 - 115 - 117 - 120 - 121 - 123 - 124 - 126 - 127 - 129 - 133 - 136 - 137 - 138 - 139 - 141 - 142 - 143 - 144 - 145 - 146 - 148 - 149 - 151 - 152 - 156 - 157 - 158 - 160 - 161 - 162 - 163 - 165 - 167 - 168 - 169 - 170 - 173 - 174 - 175 - 177 - 180 - 182 - 183 - 184 - 185 - 186 - 187 - 189 - 190 - 191 - 192 - 193 - 194 - 195 - 196 - 201 - 202 - 203 - 206 - 207 - 208 - 211 - 212 - 213 - 216 - 217 - 218 - 219 - 222 - 223 - 224 - 226 - 227 - 228 - 229 - 230 - 232 - 233 - 235 - 239 - 242 - 243 - 244 - 245 - 247 - 248 - 250 - 251 - 254 - 255 - 256 - 257 - 258 - 259 - 260 - 262 - 264 - 265 - 266 - 270 - 278 - 279 - 280 - 281 - 283 - 286 - 287 - 289 - 290 - 291 - 292 - 295 - 297 - 298 - 299 - 300 - 301 - 303 - 307 - 309 - 310 - 311 - 312 - 313 - 314 - 315 - 316 - 318 - 319 - 320 - 326 - 327 - 330 - 331 - 332 - 333 - 334 - 336 - 337 - 340 - 341 - 342 - 345 - 346 - 348 - 350 - 354 - 356 - 358 - 360 - 361 - 362 - 366 - 368 - 370 - 371 - 372 - 374 - 375 - 377 - 378 - 379 - 380 - 381 - 384 - 387 - 388 - 389 - 391 - 392 - 393 - 395 - 396 - 397 - 398 - 399 - 400 - 401 - 404 - 405 - 408 - 409 - 410 - 413 - 415 - 416 - 418 - 420 - 421 - 424 - 425 - 429 - 431 - 433 - 436 - 437 - 438 - 440 - 441 - 442 - 445 - 446 - 447 - 450 - 451 - 452 - 453 - 454 - 456 - 457 - 458 - 460 - 462 - 464 - 466 - 467 - 468 - 472 - 478 - 482 - 483 - 484 - 485 - 486 - 487 - 488 - 490 - 493 - 494 - 495 - 496 - 498 - 499,21962734.7,0.1,91870,106101,72.44,Cost: 91870 & Capacity: 106101
1 - 7 - 10 - 11 - 13 - 14 - 15 - 16 - 18 - 21 - 22 - 23 - 25 - 26 - 28 - 30 - 34 - 35 - 38 - 39 - 43 - 44 - 45 - 47 - 49 - 51 - 52 - 55 - 56 - 59 - 60 - 65 - 67 - 68 - 73 - 75 - 80 - 81 - 82 - 84 - 85 - 87 - 89 - 93 - 96 - 101 - 103 - 104 - 105 - 109 - 112 - 114 - 120 - 121 - 122 - 123 - 124 - 126 - 129 - 133 - 134 - 136 - 137 - 138 - 139 - 141 - 143 - 146 - 148 - 151 - 152 - 154 - 155 - 156 - 157 - 158 - 161 - 163 - 167 - 169 - 170 - 173 - 174 - 180 - 181 - 182 - 184 - 185 - 188 - 189 - 190 - 191 - 192 - 193 - 195 - 196 - 197 - 204 - 206 - 208 - 211 - 212 - 213 - 215 - 219 - 220 - 222 - 223 - 226 - 227 - 228 - 229 - 233 - 234 - 235 - 237 - 238 - 239 - 243 - 244 - 247 - 254 - 255 - 256 - 257 - 258 - 259 - 262 - 263 - 264 - 265 - 266 - 268 - 270 - 272 - 275 - 277 - 278 - 279 - 281 - 284 - 286 - 287 - 288 - 289 - 290 - 291 - 297 - 299 - 300 - 301 - 302 - 303 - 306 - 307 - 308 - 311 - 316 - 317 - 318 - 319 - 320 - 324 - 328 - 331 - 332 - 333 - 334 - 336 - 337 - 342 - 343 - 345 - 346 - 348 - 350 - 358 - 362 - 366 - 369 - 372 - 374 - 375 - 378 - 380 - 381 - 389 - 391 - 393 - 396 - 397 - 398 - 399 - 400 - 404 - 405 - 409 - 410 - 412 - 416 - 417 - 420 - 421 - 423 - 425 - 433 - 435 - 437 - 441 - 442 - 447 - 450 - 451 - 454 - 456 - 457 - 458 - 462 - 463 - 466 - 468 - 470 - 472 - 475 - 478 - 481 - 483 - 486 - 488 - 489 - 493 - 495 - 496 - 498 - 499,13787281.2,4.7,91851,89092,73.86,Cost: 91851 & Capacity: 89092
7 - 9 - 10 - 11 - 13 - 14 - 15 - 16 - 18 - 21 - 22 - 23 - 26 - 27 - 28 - 30 - 33 - 34 - 35 - 38 - 39 - 43 - 44 - 45 - 47 - 48 - 49 - 50 - 52 - 54 - 55 - 56 - 57 - 58 - 60 - 61 - 62 - 64 - 65 - 67 - 68 - 70 - 73 - 75 - 76 - 80 - 81 - 84 - 85 - 87 - 88 - 89 - 93 - 94 - 96 - 97 - 101 - 103 - 105 - 108 - 110 - 111 - 112 - 114 - 115 - 117 - 120 - 121 - 123 - 124 - 126 - 127 - 129 - 133 - 136 - 137 - 138 - 139 - 141 - 142 - 143 - 144 - 145 - 146 - 148 - 149 - 151 - 152 - 156 - 157 - 158 - 160 - 161 - 162 - 163 - 165 - 167 - 168 - 169 - 170 - 173 - 174 - 175 - 177 - 180 - 182 - 183 - 184 - 185 - 186 - 187 - 189 - 190 - 191 - 192 - 193 - 194 - 195 - 196 - 201 - 202 - 203 - 206 - 207 - 208 - 211 - 212 - 213 - 216 - 217 - 218 - 219 - 222 - 223 - 224 - 226 - 227 - 228 - 229 - 230 - 232 - 233 - 235 - 239 - 242 - 243 - 244 - 245 - 247 - 248 - 250 - 251 - 254 - 255 - 256 - 257 - 258 - 259 - 260 - 262 - 264 - 265 - 266 - 270 - 278 - 279 - 280 - 281 - 283 - 286 - 287 - 289 - 290 - 291 - 292 - 295 - 297 - 298 - 299 - 300 - 301 - 303 - 307 - 309 - 310 - 311 - 312 - 313 - 314 - 315 - 316 - 318 - 319 - 320 - 326 - 327 - 330 - 331 - 332 - 333 - 334 - 336 - 337 - 340 - 341 - 342 - 345 - 346 - 348 - 350 - 354 - 356 - 358 - 360 - 361 - 362 - 366 - 368 - 370 - 371 - 372 - 374 - 375 - 377 - 378 - 379 - 380 - 381 - 384 - 387 - 388 - 389 - 391 - 392 - 393 - 395 - 396 - 397 - 398 - 399 - 400 - 401 - 404 - 405 - 408 - 409 - 410 - 413 - 415 - 416 - 418 - 420 - 421 - 424 - 425 - 429 - 431 - 433 - 436 - 437 - 438 - 440 - 441 - 442 - 445 - 446 - 447 - 450 - 451 - 452 - 453 - 454 - 456 - 457 - 458 - 460 - 462 - 464 - 466 - 467 - 468 - 472 - 478 - 482 - 483 - 484 - 485 - 486 - 487 - 488 - 490 - 493 - 494 - 495 - 496 - 498 - 499,21962734.7,0.1,91870,106101,74.13,Cost: 91870 & Capacity: 106101
1 - 7 - 10 - 16 - 18 - 26 - 27 - 28 - 30 - 32 - 34 - 36 - 47 - 52 - 55 - 56 - 60 - 65 - 67 - 68 - 69 - 73 - 75 - 81 - 84 - 101 - 103 - 105 - 109 - 112 - 121 - 123 - 124 - 125 - 129 - 139 - 142 - 143 - 144 - 145 - 146 - 148 - 151 - 152 - 154 - 157 - 158 - 160 - 173 - 177 - 181 - 182 - 183 - 184 - 188 - 189 - 190 - 191 - 192 - 194 - 197 - 201 - 205 - 207 - 213 - 216 - 219 - 222 - 224 - 226 - 227 - 228 - 229 - 230 - 232 - 233 - 234 - 235 - 239 - 240 - 243 - 245 - 247 - 248 - 250 - 253 - 254 - 255 - 256 - 257 - 263 - 264 - 265 - 266 - 267 - 268 - 270 - 274 - 275 - 277 - 278 - 280 - 281 - 283 - 284 - 288 - 289 - 290 - 292 - 295 - 297 - 299 - 300 - 301 - 306 - 308 - 310 - 311 - 312 - 316 - 318 - 319 - 320 - 326 - 327 - 328 - 330 - 331 - 332 - 333 - 334 - 336 - 337 - 340 - 341 - 342 - 343 - 345 - 362 - 363 - 368 - 369 - 370 - 371 - 372 - 374 - 378 - 383 - 386 - 388 - 389 - 391 - 393 - 394 - 396 - 397 - 400 - 401 - 402 - 404 - 405 - 407 - 409 - 414 - 415 - 416 - 417 - 419 - 420 - 425 - 426 - 429 - 433 - 437 - 438 - 439 - 441 - 443 - 445 - 446 - 447 - 448 - 450 - 451 - 454 - 456 - 457 - 458 - 459 - 463 - 465 - 466 - 467 - 469 - 471 - 472 - 475 - 479 - 481 - 482 - 488 - 491 - 493 - 498,10521854.4,7.6,91878,87468,75.38,Cost: 91878 & Capacity: 87468
7 - 9 - 10 - 11 - 13 - 14 - 15 - 16 - 18 - 21 - 22 - 23 - 26 - 27 - 28 - 30 - 33 - 34 - 35 - 38 - 39 - 43 - 44 - 45 - 47 - 48 - 49 - 50 - 52 - 54 - 55 - 56 - 57 - 58 - 60 - 61 - 62 - 64 - 65 - 67 - 68 - 70 - 73 - 75 - 76 - 80 - 81 - 84 - 85 - 87 - 88 - 89 - 93 - 94 - 96 - 97 - 101 - 103 - 105 - 108 - 110 - 111 - 112 - 114 - 115 - 117 - 120 - 121 - 123 - 124 - 126 - 127 - 129 - 133 - 136 - 137 - 138 - 139 - 141 - 142 - 143 - 144 - 145 - 146 - 148 - 149 - 151 - 152 - 156 - 157 - 158 - 160 - 161 - 162 - 163 - 165 - 167 - 168 - 169 - 170 - 173 - 174 - 175 - 177 - 180 - 182 - 183 - 184 - 185 - 186 - 187 - 189 - 190 - 191 - 192 - 193 - 194 - 195 - 196 - 201 - 202 - 203 - 206 - 207 - 208 - 211 - 212 - 213 - 216 - 217 - 218 - 219 - 222 - 223 - 224 - 226 - 227 - 228 - 229 - 230 - 232 - 233 - 235 - 239 - 242 - 243 - 244 - 245 - 247 - 248 - 250 - 251 - 254 - 255 - 256 - 257 - 258 - 259 - 260 - 262 - 264 - 265 - 266 - 270 - 278 - 279 - 280 - 281 - 283 - 286 - 287 - 289 - 290 - 291 - 292 - 295 - 297 - 298 - 299 - 300 - 301 - 303 - 307 - 309 - 310 - 311 - 312 - 313 - 314 - 315 - 316 - 318 - 319 - 320 - 326 - 327 - 330 - 331 - 332 - 333 - 334 - 336 - 337 - 340 - 341 - 342 - 345 - 346 - 348 - 350 - 354 - 356 - 358 - 360 - 361 - 362 - 366 - 368 - 370 - 371 - 372 - 374 - 375 - 377 - 378 - 379 - 380 - 381 - 384 - 387 - 388 - 389 - 391 - 392 - 393 - 395 - 396 - 397 - 398 - 399 - 400 - 401 - 404 - 405 - 408 - 409 - 410 - 413 - 415 - 416 - 418 - 420 - 421 - 424 - 425 - 429 - 431 - 433 - 436 - 437 - 438 - 440 - 441 - 442 - 445 - 446 - 447 - 450 - 451 - 452 - 453 - 454 - 456 - 457 - 458 - 460 - 462 - 464 - 466 - 467 - 468 - 472 - 478 - 482 - 483 - 484 - 485 - 486 - 487 - 488 - 490 - 493 - 494 - 495 - 496 - 498 - 499,21962734.7,0.1,91870,106101,75.75,Cost: 91870 & Capacity: 106101
7 - 9 - 10 - 11 - 13 - 14 - 15 - 16 - 18 - 21 - 22 - 23 - 26 - 27 - 28 - 30 - 33 - 34 - 35 - 38 - 39 - 43 - 44 - 45 - 47 - 48 - 49 - 50 - 52 - 54 - 55 - 56 - 57 - 58 - 60 - 61 - 62 - 64 - 65 - 67 - 68 - 70 - 73 - 75 - 76 - 80 - 81 - 84 - 85 - 87 - 88 - 93 - 94 - 96 - 97 - 101 - 103 - 104 - 105 - 108 - 110 - 111 - 112 - 114 - 115 - 117 - 120 - 121 - 123 - 124 - 126 - 127 - 129 - 130 - 133 - 136 - 137 - 138 - 139 - 141 - 142 - 143 - 144 - 145 - 146 - 148 - 149 - 151 - 152 - 156 - 157 - 158 - 160 - 161 - 162 - 163 - 165 - 167 - 168 - 169 - 170 - 172 - 173 - 174 - 175 - 177 - 180 - 182 - 183 - 184 - 185 - 186 - 187 - 189 - 190 - 191 - 192 - 193 - 194 - 195 - 196 - 201 - 203 - 206 - 207 - 208 - 211 - 212 - 213 - 216 - 217 - 218 - 219 - 222 - 223 - 226 - 227 - 228 - 229 - 230 - 232 - 233 - 235 - 239 - 242 - 243 - 244 - 245 - 247 - 248 - 250 - 251 - 252 - 254 - 255 - 256 - 257 - 258 - 259 - 260 - 262 - 264 - 265 - 266 - 270 - 278 - 279 - 280 - 281 - 283 - 286 - 287 - 289 - 290 - 291 - 292 - 294 - 295 - 297 - 298 - 299 - 300 - 301 - 303 - 307 - 309 - 310 - 311 - 312 - 313 - 314 - 315 - 316 - 318 - 319 - 320 - 326 - 327 - 330 - 331 - 332 - 333 - 334 - 336 - 337 - 340 - 341 - 342 - 345 - 346 - 348 - 350 - 354 - 356 - 358 - 360 - 362 - 366 - 368 - 370 - 371 - 372 - 374 - 375 - 377 - 378 - 379 - 380 - 381 - 383 - 384 - 387 - 388 - 389 - 391 - 392 - 393 - 395 - 396 - 397 - 398 - 399 - 400 - 401 - 404 - 405 - 408 - 409 - 410 - 413 - 415 - 416 - 418 - 420 - 421 - 424 - 425 - 429 - 431 - 433 - 436 - 437 - 438 - 440 - 441 - 442 - 445 - 446 - 447 - 450 - 451 - 453 - 454 - 456 - 457 - 458 - 460 - 462 - 464 - 466 - 467 - 468 - 472 - 478 - 482 - 483 - 484 - 485 - 486 - 487 - 488 - 490 - 493 - 494 - 495 - 496 - 498 - 499,22108469.9,0.0,91850,106779,76.23,Cost: 91850 & Capacity: 106779
7 - 9 - 10 - 11 - 13 - 14 - 15 - 16 - 18 - 21 - 22 - 23 - 26 - 27 - 28 - 30 - 33 - 34 - 35 - 38 - 39 - 43 - 44 - 45 - 47 - 48 - 49 - 50 - 52 - 54 - 55 - 56 - 57 - 58 - 60 - 61 - 62 - 64 - 65 - 67 - 68 - 70 - 73 - 75 - 76 - 80 - 81 - 84 - 85 - 87 - 88 - 89 - 93 - 94 - 96 - 97 - 101 - 103 - 105 - 108 - 110 - 111 - 112 - 114 - 115 - 117 - 120 - 121 - 123 - 124 - 126 - 127 - 129 - 133 - 136 - 137 - 138 - 139 - 141 - 142 - 143 - 144 - 145 - 146 - 148 - 149 - 151 - 152 - 156 - 157 - 158 - 160 - 161 - 162 - 163 - 165 - 167 - 168 - 169 - 170 - 173 - 174 - 175 - 177 - 180 - 182 - 183 - 184 - 185 - 186 - 187 - 189 - 190 - 191 - 192 - 193 - 194 - 195 - 196 - 201 - 202 - 203 - 206 - 207 - 208 - 211 - 212 - 213 - 216 - 217 - 218 - 219 - 222 - 223 - 224 - 226 - 227 - 228 - 229 - 230 - 232 - 233 - 235 - 239 - 242 - 243 - 244 - 245 - 247 - 248 - 250 - 251 - 254 - 255 - 256 - 257 - 258 - 259 - 260 - 262 - 264 - 265 - 266 - 270 - 278 - 279 - 280 - 281 - 283 - 286 - 287 - 289 - 290 - 291 - 292 - 295 - 297 - 298 - 299 - 300 - 301 - 303 - 307 - 309 - 310 - 311 - 312 - 313 - 314 - 315 - 316 - 318 - 319 - 320 - 326 - 327 - 330 - 331 - 332 - 333 - 334 - 336 - 337 - 340 - 341 - 342 - 345 - 346 - 348 - 350 - 354 - 356 - 358 - 360 - 361 - 362 - 366 - 368 - 370 - 371 - 372 - 374 - 375 - 377 - 378 - 379 - 380 - 381 - 384 - 387 - 388 - 389 - 391 - 392 - 393 - 395 - 396 - 397 - 398 - 399 - 400 - 401 - 404 - 405 - 408 - 409 - 410 - 413 - 415 - 416 - 418 - 420 - 421 - 424 - 425 - 429 - 431 - 433 - 436 - 437 - 438 - 440 - 441 - 442 - 445 - 446 - 447 - 450 - 451 - 452 - 453 - 454 - 456 - 457 - 458 - 460 - 462 - 464 - 466 - 467 - 468 - 472 - 478 - 482 - 483 - 484 - 485 - 486 - 487 - 488 - 490 - 493 - 494 - 495 - 496 - 498 - 499,21962734.7,0.1,91870,106101,78.79,Cost: 91870 & Capacity: 106101
1 - 3 - 37 - 44 - 53 - 59 - 68 - 74 - 76 - 77 - 78 - 83 - 85 - 104 - 105 - 107 - 109 - 114 - 117 - 122 - 141 - 142 - 150 - 151 - 154 - 155 - 159 - 160 - 181 - 184 - 194 - 203 - 208 - 214 - 217 - 220 - 221 - 227 - 233 - 235 - 248 - 261 - 264 - 266 - 270 - 280 - 282 - 283 - 284 - 303 - 310 - 312 - 318 - 337 - 338 - 339 - 345 - 347 - 352 - 353 - 355 - 363 - 365 - 384 - 386 - 389 - 402 - 409 - 415 - 416 - 419 - 422 - 424 - 428 - 435 - 438 - 439 - 449 - 457 - 458 - 471 - 473 - 475 - 477 - 488 - 491 - 492 - 493,2030733.5,31.8,61689,54141,79.3,Cost: 61689 & Capacity: 54141
1 - 3 - 37 - 44 - 53 - 59 - 68 - 74 - 76 - 77 - 78 - 83 - 85 - 104 - 105 - 107 - 109 - 114 - 117 - 122 - 141 - 142 - 150 - 151 - 154 - 155 - 159 - 160 - 181 - 184 - 194 - 203 - 208 - 214 - 217 - 220 - 221 - 227 - 233 - 235 - 248 - 261 - 264 - 266 - 270 - 280 - 282 - 283 - 284 - 303 - 310 - 312 - 318 - 337 - 338 - 339 - 345 - 347 - 352 - 353 - 355 - 363 - 365 - 384 - 386 - 389 - 393 - 402 - 409 - 415 - 416 - 419 - 422 - 424 - 428 - 435 - 438 - 439 - 449 - 457 - 458 - 471 - 473 - 475 - 477 - 488 - 491 - 492 - 493 - 497,2119802.7,30.4,62894,55183,79.3,Cost: 62894 & Capacity: 55183
1 - 3 - 37 - 44 - 53 - 59 - 68 - 74 - 76 - 77 - 78 - 83 - 85 - 104 - 105 - 107 - 109 - 114 - 117 - 122 - 141 - 142 - 150 - 151 - 152 - 154 - 155 - 159 - 160 - 181 - 184 - 194 - 203 - 208 - 214 - 217 - 220 - 221 - 227 - 233 - 235 - 248 - 261 - 264 - 266 - 270 - 280 - 282 - 283 - 284 - 303 - 310 - 312 - 318 - 337 - 338 - 339 - 345 - 347 - 352 - 353 - 355 - 363 - 365 - 384 - 386 - 389 - 393 - 402 - 409 - 415 - 416 - 419 - 422 - 424 - 428 - 435 - 438 - 439 - 449 - 457 - 458 - 471 - 473 - 475 - 477 - 488 - 491 - 492 - 493 - 497,2165190.4,30.3,63094,55507,79.3,Cost: 63094 & Capacity: 55507
7 - 9 - 10 - 11 - 13 - 14 - 15 - 16 - 18 - 21 - 22 - 23 - 26 - 27 - 28 - 30 - 33 - 34 - 35 - 38 - 39 - 43 - 44 - 45 - 47 - 48 - 49 - 50 - 52 - 54 - 55 - 56 - 57 - 58 - 60 - 61 - 62 - 64 - 65 - 67 - 68 - 70 - 73 - 75 - 76 - 80 - 81 - 84 - 85 - 87 - 88 - 89 - 93 - 94 - 96 - 97 - 101 - 103 - 105 - 108 - 110 - 111 - 112 - 114 - 115 - 117 - 120 - 121 - 123 - 124 - 126 - 127 - 129 - 133 - 136 - 137 - 138 - 139 - 141 - 142 - 143 - 144 - 145 - 146 - 148 - 149 - 151 - 152 - 156 - 157 - 158 - 160 - 161 - 162 - 163 - 165 - 167 - 168 - 169 - 170 - 173 - 174 - 175 - 177 - 180 - 182 - 183 - 184 - 185 - 186 - 187 - 189 - 190 - 191 - 192 - 193 - 194 - 195 - 196 - 201 - 202 - 203 - 206 - 207 - 208 - 211 - 212 - 213 - 216 - 217 - 218 - 219 - 222 - 223 - 224 - 226 - 227 - 228 - 229 - 230 - 232 - 233 - 235 - 239 - 242 - 243 - 244 - 245 - 247 - 248 - 250 - 251 - 254 - 255 - 256 - 257 - 258 - 259 - 260 - 262 - 264 - 265 - 266 - 270 - 278 - 279 - 280 - 281 - 283 - 286 - 287 - 289 - 290 - 291 - 292 - 295 - 297 - 298 - 299 - 300 - 301 - 303 - 307 - 309 - 310 - 311 - 312 - 313 - 314 - 315 - 316 - 318 - 319 - 320 - 326 - 327 - 330 - 331 - 332 - 333 - 334 - 336 - 337 - 340 - 341 - 342 - 345 - 346 - 348 - 350 - 354 - 356 - 358 - 360 - 361 - 362 - 366 - 368 - 370 - 371 - 372 - 374 - 375 - 377 - 378 - 379 - 380 - 381 - 384 - 387 - 388 - 389 - 391 - 392 - 393 - 395 - 396 - 397 - 398 - 399 - 400 - 401 - 404 - 405 - 408 - 409 - 410 - 413 - 415 - 416 - 418 - 420 - 421 - 424 - 425 - 429 - 431 - 433 - 436 - 437 - 438 - 440 - 441 - 442 - 445 - 446 - 447 - 450 - 451 - 452 - 453 - 454 - 456 - 457 - 458 - 460 - 462 - 464 - 466 - 467 - 468 - 472 - 478 - 482 - 483 - 484 - 485 - 486 - 487 - 488 - 490 - 493 - 494 - 495 - 496 - 498 - 499,21962734.7,0.1,91870,106101,79.51,Cost: 91870 & Capacity: 106101
7 - 9 - 10 - 11 - 13 - 14 - 15 - 16 - 18 - 21 - 22 - 23 - 26 - 27 - 28 - 30 - 33 - 34 - 35 - 38 - 39 - 43 - 44 - 45 - 47 - 48 - 49 - 50 - 52 - 54 - 55 - 56 - 57 - 58 - 60 - 61 - 62 - 64 - 65 - 67 - 68 - 70 - 73 - 75 - 76 - 80 - 81 - 84 - 85 - 87 - 88 - 93 - 94 - 96 - 97 - 101 - 103 - 104 - 105 - 108 - 110 - 111 - 112 - 114 - 115 - 117 - 120 - 121 - 123 - 124 - 126 - 127 - 129 - 130 - 133 - 136 - 137 - 138 - 139 - 141 - 142 - 143 - 144 - 145 - 146 - 148 - 149 - 151 - 152 - 156 - 157 - 158 - 160 - 161 - 162 - 163 - 165 - 167 - 168 - 169 - 170 - 172 - 173 - 174 - 175 - 177 - 180 - 182 - 183 - 184 - 185 - 186 - 187 - 189 - 190 - 191 - 192 - 193 - 194 - 195 - 196 - 201 - 203 - 206 - 207 - 208 - 211 - 212 - 213 - 216 - 217 - 218 - 219 - 222 - 223 - 226 - 227 - 228 - 229 - 230 - 232 - 233 - 235 - 239 - 242 - 243 - 244 - 245 - 247 - 248 - 250 - 251 - 252 - 254 - 255 - 256 - 257 - 258 - 259 - 260 - 262 - 264 - 265 - 266 - 270 - 278 - 279 - 280 - 281 - 283 - 286 - 287 - 289 - 290 - 291 - 292 - 294 - 295 - 297 - 298 - 299 - 300 - 301 - 303 - 307 - 309 - 310 - 311 - 312 - 313 - 314 - 315 - 316 - 318 - 319 - 320 - 326 - 327 - 330 - 331 - 332 - 333 - 334 - 336 - 337 - 340 - 341 - 342 - 345 - 346 - 348 - 350 - 354 - 356 - 358 - 360 - 362 - 366 - 368 - 370 - 371 - 372 - 374 - 375 - 377 - 378 - 379 - 380 - 381 - 383 - 384 - 387 - 388 - 389 - 391 - 392 - 393 - 395 - 396 - 397 - 398 - 399 - 400 - 401 - 404 - 405 - 408 - 409 - 410 - 413 - 415 - 416 - 418 - 420 - 421 - 424 - 425 - 429 - 431 - 433 - 436 - 437 - 438 - 440 - 441 - 442 - 445 - 446 - 447 - 450 - 451 - 453 - 454 - 456 - 457 - 458 - 460 - 462 - 464 - 466 - 467 - 468 - 472 - 478 - 482 - 483 - 484 - 485 - 486 - 487 - 488 - 490 - 493 - 494 - 495 - 496 - 498 - 499,22108469.9,0.0,91850,106779,79.55,Cost: 91850 & Capacity: 106779
7 - 9 - 10 - 11 - 13 - 14 - 15 - 16 - 18 - 21 - 22 - 23 - 26 - 27 - 28 - 30 - 33 - 34 - 35 - 38 - 39 - 43 - 44 - 45 - 47 - 48 - 49 - 50 - 52 - 54 - 55 - 56 - 57 - 58 - 60 - 61 - 62 - 64 - 65 - 67 - 68 - 70 - 73 - 75 - 76 - 80 - 81 - 84 - 85 - 87 - 88 - 89 - 93 - 94 - 96 - 97 - 101 - 103 - 105 - 108 - 110 - 111 - 112 - 114 - 115 - 117 - 120 - 121 - 123 - 124 - 126 - 127 - 129 - 133 - 136 - 137 - 138 - 139 - 141 - 142 - 143 - 144 - 145 - 146 - 148 - 149 - 151 - 152 - 156 - 157 - 158 - 160 - 161 - 162 - 163 - 165 - 167 - 168 - 169 - 170 - 173 - 174 - 175 - 177 - 180 - 182 - 183 - 184 - 185 - 186 - 187 - 189 - 190 - 191 - 192 - 193 - 194 - 195 - 196 - 201 - 202 - 203 - 206 - 207 - 208 - 211 - 212 - 213 - 216 - 217 - 218 - 219 - 222 - 223 - 224 - 226 - 227 - 228 - 229 - 230 - 232 - 233 - 235 - 239 - 242 - 243 - 244 - 245 - 247 - 248 - 250 - 251 - 254 - 255 - 256 - 257 - 258 - 259 - 260 - 262 - 264 - 265 - 266 - 270 - 278 - 279 - 280 - 281 - 283 - 286 - 287 - 289 - 290 - 291 - 292 - 295 - 297 - 298 - 299 - 300 - 301 - 303 - 307 - 309 - 310 - 311 - 312 - 313 - 314 - 315 - 316 - 318 - 319 - 320 - 326 - 327 - 330 - 331 - 332 - 333 - 334 - 336 - 337 - 340 - 341 - 342 - 345 - 346 - 348 - 350 - 354 - 356 - 358 - 360 - 361 - 362 - 366 - 368 - 370 - 371 - 372 - 374 - 375 - 377 - 378 - 379 - 380 - 381 - 384 - 387 - 388 - 389 - 391 - 392 - 393 - 395 - 396 - 397 - 398 - 399 - 400 - 401 - 404 - 405 - 408 - 409 - 410 - 413 - 415 - 416 - 418 - 420 - 421 - 424 - 425 - 429 - 431 - 433 - 436 - 437 - 438 - 440 - 441 - 442 - 445 - 446 - 447 - 450 - 451 - 452 - 453 - 454 - 456 - 457 - 458 - 460 - 462 - 464 - 466 - 467 - 468 - 472 - 478 - 482 - 483 - 484 - 485 - 486 - 487 - 488 - 490 - 493 - 494 - 495 - 496 - 498 - 499,21962734.7,0.1,91870,106101,80.25,Cost: 91870 & Capacity: 106101
7 - 9 - 10 - 11 - 13 - 14 - 15 - 16 - 18 - 21 - 22 - 23 - 26 - 27 - 28 - 30 - 33 - 34 - 35 - 38 - 39 - 43 - 44 - 45 - 47 - 48 - 49 - 50 - 52 - 54 - 55 - 56 - 57 - 58 - 60 - 61 - 62 - 64 - 65 - 67 - 68 - 70 - 73 - 75 - 76 - 80 - 81 - 84 - 85 - 87 - 88 - 89 - 93 - 94 - 96 - 97 - 101 - 103 - 105 - 108 - 110 - 111 - 112 - 114 - 115 - 117 - 120 - 121 - 123 - 124 - 126 - 127 - 129 - 130 - 133 - 136 - 137 - 138 - 139 - 141 - 142 - 143 - 144 - 145 - 146 - 148 - 149 - 151 - 152 - 156 - 157 - 158 - 160 - 161 - 162 - 163 - 165 - 167 - 169 - 170 - 172 - 173 - 174 - 175 - 177 - 180 - 182 - 183 - 184 - 185 - 186 - 189 - 190 - 191 - 192 - 193 - 194 - 195 - 196 - 201 - 202 - 203 - 206 - 207 - 208 - 211 - 212 - 213 - 216 - 217 - 218 - 219 - 222 - 223 - 226 - 227 - 228 - 229 - 230 - 232 - 233 - 235 - 239 - 242 - 243 - 244 - 245 - 247 - 248 - 250 - 251 - 254 - 255 - 256 - 257 - 258 - 259 - 262 - 264 - 265 - 266 - 270 - 278 - 279 - 280 - 281 - 283 - 284 - 286 - 287 - 289 - 290 - 291 - 292 - 294 - 295 - 297 - 298 - 299 - 300 - 301 - 303 - 307 - 309 - 310 - 311 - 312 - 313 - 314 - 315 - 316 - 318 - 319 - 320 - 326 - 327 - 330 - 331 - 332 - 333 - 334 - 336 - 337 - 340 - 341 - 342 - 345 - 346 - 348 - 350 - 354 - 356 - 358 - 360 - 362 - 366 - 368 - 369 - 370 - 371 - 372 - 374 - 375 - 377 - 378 - 379 - 380 - 381 - 384 - 387 - 388 - 389 - 391 - 392 - 393 - 396 - 397 - 398 - 399 - 400 - 404 - 405 - 408 - 409 - 410 - 413 - 415 - 416 - 418 - 420 - 421 - 424 - 425 - 429 - 431 - 433 - 436 - 437 - 438 - 440 - 441 - 442 - 445 - 446 - 447 - 450 - 451 - 452 - 453 - 454 - 456 - 457 - 458 - 460 - 462 - 464 - 466 - 467 - 468 - 472 - 478 - 482 - 483 - 484 - 485 - 486 - 487 - 488 - 490 - 493 - 494 - 495 - 496 - 498 - 499,21640970.6,0.2,91862,104600,83.65,Cost: 91862 & Capacity: 104600
1 - 2 - 4 - 16 - 18 - 27 - 30 - 43 - 47 - 49 - 51 - 55 - 57 - 60 - 68 - 70 - 71 - 72 - 77 - 78 - 83 - 91 - 102 - 103 - 104 - 107 - 109 - 112 - 114 - 119 - 120 - 123 - 125 - 136 - 141 - 163 - 173 - 175 - 177 - 181 - 183 - 184 - 187 - 188 - 189 - 192 - 196 - 197 - 199 - 200 - 204 - 208 - 209 - 211 - 214 - 217 - 219 - 225 - 231 - 233 - 235 - 236 - 238 - 240 - 245 - 246 - 247 - 249 - 253 - 254 - 257 - 261 - 263 - 267 - 268 - 272 - 273 - 280 - 283 - 284 - 288 - 293 - 300 - 303 - 304 - 309 - 310 - 311 - 312 - 316 - 320 - 324 - 325 - 331 - 332 - 334 - 340 - 343 - 345 - 348 - 357 - 359 - 367 - 372 - 374 - 385 - 390 - 393 - 399 - 400 - 401 - 405 - 408 - 414 - 416 - 419 - 420 - 425 - 427 - 430 - 431 - 434 - 435 - 438 - 443 - 444 - 446 - 450 - 454 - 456 - 459 - 463 - 465 - 473 - 475 - 476 - 477 - 479 - 489 - 499,5000561.8,17.0,90303,75677,84.03,Cost: 90303 & Capacity: 75677
7 - 9 - 10 - 11 - 13 - 14 - 15 - 16 - 18 - 21 - 22 - 23 - 26 - 27 - 28 - 30 - 33 - 34 - 35 - 38 - 39 - 43 - 44 - 45 - 47 - 48 - 49 - 50 - 52 - 54 - 55 - 56 - 57 - 58 - 60 - 61 - 62 - 64 - 65 - 67 - 68 - 70 - 73 - 75 - 76 - 80 - 81 - 84 - 85 - 87 - 88 - 89 - 93 - 94 - 96 - 97 - 101 - 103 - 105 - 108 - 110 - 111 - 112 - 114 - 115 - 117 - 120 - 121 - 123 - 124 - 126 - 127 - 129 - 133 - 136 - 137 - 138 - 139 - 141 - 142 - 143 - 144 - 145 - 146 - 148 - 149 - 151 - 152 - 156 - 157 - 158 - 160 - 161 - 162 - 163 - 165 - 167 - 168 - 169 - 170 - 173 - 174 - 175 - 177 - 180 - 182 - 183 - 184 - 185 - 186 - 187 - 189 - 190 - 191 - 192 - 193 - 194 - 195 - 196 - 201 - 202 - 203 - 206 - 207 - 208 - 211 - 212 - 213 - 216 - 217 - 218 - 219 - 222 - 223 - 224 - 226 - 227 - 228 - 229 - 230 - 232 - 233 - 235 - 239 - 242 - 243 - 244 - 245 - 247 - 248 - 250 - 251 - 254 - 255 - 256 - 257 - 258 - 259 - 260 - 262 - 264 - 265 - 266 - 270 - 278 - 279 - 280 - 281 - 283 - 286 - 287 - 289 - 290 - 291 - 292 - 295 - 297 - 298 - 299 - 300 - 301 - 303 - 307 - 309 - 310 - 311 - 312 - 313 - 314 - 315 - 316 - 318 - 319 - 320 - 326 - 327 - 330 - 331 - 332 - 333 - 334 - 336 - 337 - 340 - 341 - 342 - 345 - 346 - 348 - 350 - 354 - 356 - 358 - 360 - 361 - 362 - 366 - 368 - 370 - 371 - 372 - 374 - 375 - 377 - 378 - 379 - 380 - 381 - 384 - 387 - 388 - 389 - 391 - 392 - 393 - 395 - 396 - 397 - 398 - 399 - 400 - 401 - 404 - 405 - 408 - 409 - 410 - 413 - 415 - 416 - 418 - 420 - 421 - 424 - 425 - 429 - 431 - 433 - 436 - 437 - 438 - 440 - 441 - 442 - 445 - 446 - 447 - 450 - 451 - 452 - 453 - 454 - 456 - 457 - 458 - 460 - 462 - 464 - 466 - 467 - 468 - 472 - 478 - 482 - 483 - 484 - 485 - 486 - 487 - 488 - 490 - 493 - 494 - 495 - 496 - 498 - 499,21962734.7,0.1,91870,106101,84.36,Cost: 91870 & Capacity: 106101
7 - 9 - 10 - 11 - 13 - 14 - 15 - 16 - 18 - 21 - 22 - 23 - 26 - 27 - 28 - 30 - 33 - 34 - 35 - 38 - 39 - 43 - 44 - 45 - 47 - 48 - 49 - 50 - 52 - 54 - 55 - 56 - 57 - 58 - 60 - 61 - 62 - 64 - 65 - 67 - 68 - 70 - 73 - 75 - 76 - 80 - 81 - 84 - 85 - 87 - 88 - 89 - 93 - 94 - 96 - 97 - 101 - 103 - 105 - 108 - 110 - 111 - 112 - 114 - 115 - 117 - 120 - 121 - 123 - 124 - 126 - 127 - 129 - 133 - 136 - 137 - 138 - 139 - 141 - 142 - 143 - 144 - 145 - 146 - 148 - 149 - 151 - 152 - 156 - 157 - 158 - 160 - 161 - 162 - 163 - 165 - 167 - 168 - 169 - 170 - 173 - 174 - 175 - 177 - 180 - 182 - 183 - 184 - 185 - 186 - 187 - 189 - 190 - 191 - 192 - 193 - 194 - 195 - 196 - 201 - 202 - 203 - 206 - 207 - 208 - 211 - 212 - 213 - 216 - 217 - 218 - 219 - 222 - 223 - 224 - 226 - 227 - 228 - 229 - 230 - 232 - 233 - 235 - 239 - 242 - 243 - 244 - 245 - 247 - 248 - 250 - 251 - 254 - 255 - 256 - 257 - 258 - 259 - 260 - 262 - 264 - 265 - 266 - 270 - 278 - 279 - 280 - 281 - 283 - 286 - 287 - 289 - 290 - 291 - 292 - 295 - 297 - 298 - 299 - 300 - 301 - 303 - 307 - 309 - 310 - 311 - 312 - 313 - 314 - 315 - 316 - 318 - 319 - 320 - 326 - 327 - 330 - 331 - 332 - 333 - 334 - 336 - 337 - 340 - 341 - 342 - 345 - 346 - 348 - 350 - 354 - 356 - 358 - 360 - 361 - 362 - 366 - 368 - 370 - 371 - 372 - 374 - 375 - 377 - 378 - 379 - 380 - 381 - 384 - 387 - 388 - 389 - 391 - 392 - 393 - 395 - 396 - 397 - 398 - 399 - 400 - 401 - 404 - 405 - 408 - 409 - 410 - 413 - 415 - 416 - 418 - 420 - 421 - 424 - 425 - 429 - 431 - 433 - 436 - 437 - 438 - 440 - 441 - 442 - 445 - 446 - 447 - 450 - 451 - 452 - 453 - 454 - 456 - 457 - 458 - 460 - 462 - 464 - 466 - 467 - 468 - 472 - 478 - 482 - 483 - 484 - 485 - 486 - 487 - 488 - 490 - 493 - 494 - 495 - 496 - 498 - 499,21962734.7,0.1,91870,106101,85.16,Cost: 91870 & Capacity: 106101
1 - 7 - 9 - 11 - 13 - 14 - 15 - 16 - 18 - 21 - 22 - 23 - 26 - 28 - 30 - 33 - 34 - 35 - 38 - 39 - 43 - 44 - 45 - 47 - 49 - 50 - 52 - 55 - 56 - 60 - 61 - 65 - 67 - 68 - 73 - 75 - 80 - 81 - 82 - 84 - 85 - 87 - 89 - 93 - 96 - 101 - 103 - 105 - 109 - 112 - 114 - 115 - 120 - 121 - 123 - 124 - 126 - 127 - 129 - 133 - 136 - 137 - 138 - 139 - 141 - 143 - 146 - 148 - 151 - 152 - 154 - 155 - 156 - 157 - 158 - 160 - 162 - 163 - 166 - 167 - 169 - 170 - 173 - 174 - 175 - 177 - 180 - 182 - 183 - 184 - 185 - 186 - 188 - 189 - 190 - 191 - 192 - 193 - 195 - 196 - 197 - 201 - 206 - 207 - 208 - 211 - 213 - 215 - 216 - 217 - 218 - 219 - 222 - 223 - 226 - 227 - 228 - 229 - 233 - 234 - 235 - 238 - 239 - 240 - 243 - 244 - 245 - 246 - 247 - 248 - 250 - 254 - 255 - 256 - 257 - 258 - 259 - 262 - 263 - 264 - 265 - 266 - 267 - 270 - 278 - 279 - 280 - 281 - 283 - 284 - 286 - 287 - 288 - 289 - 290 - 291 - 292 - 294 - 295 - 297 - 298 - 299 - 300 - 301 - 303 - 306 - 307 - 310 - 311 - 313 - 316 - 318 - 319 - 320 - 326 - 330 - 331 - 332 - 333 - 334 - 335 - 336 - 337 - 341 - 342 - 343 - 345 - 346 - 348 - 350 - 351 - 358 - 362 - 366 - 369 - 372 - 374 - 375 - 378 - 379 - 380 - 381 - 382 - 384 - 387 - 388 - 389 - 391 - 392 - 393 - 394 - 395 - 396 - 397 - 398 - 399 - 400 - 402 - 404 - 405 - 409 - 410 - 415 - 416 - 417 - 418 - 420 - 421 - 424 - 425 - 429 - 431 - 433 - 434 - 435 - 437 - 438 - 440 - 441 - 442 - 446 - 447 - 450 - 451 - 454 - 456 - 457 - 458 - 462 - 466 - 467 - 468 - 471 - 472 - 474 - 478 - 482 - 483 - 484 - 486 - 487 - 488 - 490 - 493 - 494 - 495 - 496 - 498 - 499,18062691.4,1.9,91874,99461,88.22,Cost: 91874 & Capacity: 99461
7 - 9 - 10 - 11 - 13 - 14 - 15 - 16 - 18 - 21 - 22 - 23 - 26 - 27 - 28 - 30 - 33 - 34 - 35 - 38 - 39 - 43 - 44 - 45 - 47 - 48 - 49 - 50 - 52 - 54 - 55 - 56 - 57 - 58 - 60 - 61 - 62 - 64 - 65 - 67 - 68 - 70 - 73 - 75 - 76 - 80 - 81 - 84 - 85 - 87 - 88 - 89 - 93 - 94 - 96 - 97 - 101 - 103 - 105 - 108 - 110 - 111 - 112 - 114 - 115 - 117 - 120 - 121 - 123 - 124 - 126 - 127 - 129 - 133 - 136 - 137 - 138 - 139 - 141 - 142 - 143 - 144 - 145 - 146 - 148 - 149 - 151 - 152 - 156 - 157 - 158 - 160 - 161 - 162 - 163 - 165 - 167 - 168 - 169 - 170 - 173 - 174 - 175 - 177 - 180 - 182 - 183 - 184 - 185 - 186 - 187 - 189 - 190 - 191 - 192 - 193 - 194 - 195 - 196 - 201 - 202 - 203 - 206 - 207 - 208 - 211 - 212 - 213 - 216 - 217 - 218 - 219 - 222 - 223 - 224 - 226 - 227 - 228 - 229 - 230 - 232 - 233 - 235 - 239 - 242 - 243 - 244 - 245 - 247 - 248 - 250 - 251 - 254 - 255 - 256 - 257 - 258 - 259 - 260 - 262 - 264 - 265 - 266 - 270 - 278 - 279 - 280 - 281 - 283 - 286 - 287 - 289 - 290 - 291 - 292 - 295 - 297 - 298 - 299 - 300 - 301 - 303 - 307 - 309 - 310 - 311 - 312 - 313 - 314 - 315 - 316 - 318 - 319 - 320 - 326 - 327 - 330 - 331 - 332 - 333 - 334 - 336 - 337 - 340 - 341 - 342 - 345 - 346 - 348 - 350 - 354 - 356 - 358 - 360 - 361 - 362 - 366 - 368 - 370 - 371 - 372 - 374 - 375 - 377 - 378 - 379 - 380 - 381 - 384 - 387 - 388 - 389 - 391 - 392 - 393 - 395 - 396 - 397 - 398 - 399 - 400 - 401 - 404 - 405 - 408 - 409 - 410 - 413 - 415 - 416 - 418 - 420 - 421 - 424 - 425 - 429 - 431 - 433 - 436 - 437 - 438 - 440 - 441 - 442 - 445 - 446 - 447 - 450 - 451 - 452 - 453 - 454 - 456 - 457 - 458 - 460 - 462 - 464 - 466 - 467 - 468 - 472 - 478 - 482 - 483 - 484 - 485 - 486 - 487 - 488 - 490 - 493 - 494 - 495 - 496 - 498 - 499,21962734.7,0.1,91870,106101,89.07,Cost: 91870 & Capacity: 106101
7 - 9 - 10 - 11 - 13 - 14 - 15 - 16 - 18 - 21 - 22 - 23 - 26 - 27 - 28 - 30 - 33 - 34 - 35 - 38 - 39 - 43 - 44 - 45 - 47 - 48 - 49 - 50 - 52 - 54 - 55 - 56 - 57 - 58 - 60 - 61 - 62 - 64 - 65 - 67 - 68 - 70 - 73 - 75 - 76 - 80 - 81 - 84 - 85 - 87 - 88 - 93 - 94 - 96 - 97 - 101 - 103 - 104 - 105 - 108 - 110 - 111 - 112 - 114 - 115 - 117 - 120 - 121 - 123 - 124 - 126 - 127 - 129 - 133 - 136 - 137 - 138 - 139 - 141 - 142 - 143 - 144 - 145 - 146 - 148 - 149 - 151 - 152 - 156 - 157 - 158 - 160 - 161 - 162 - 163 - 165 - 167 - 168 - 169 - 170 - 172 - 173 - 174 - 175 - 177 - 180 - 182 - 183 - 184 - 185 - 186 - 187 - 189 - 190 - 191 - 192 - 193 - 194 - 195 - 196 - 201 - 202 - 206 - 207 - 208 - 211 - 212 - 213 - 216 - 217 - 218 - 219 - 222 - 223 - 226 - 227 - 228 - 229 - 230 - 232 - 233 - 235 - 239 - 242 - 243 - 244 - 245 - 247 - 248 - 250 - 251 - 252 - 254 - 255 - 256 - 257 - 258 - 259 - 260 - 262 - 264 - 265 - 266 - 270 - 278 - 279 - 280 - 281 - 283 - 286 - 287 - 289 - 290 - 291 - 292 - 294 - 295 - 297 - 298 - 299 - 300 - 301 - 303 - 307 - 309 - 310 - 311 - 312 - 313 - 314 - 315 - 316 - 318 - 319 - 320 - 326 - 327 - 330 - 331 - 332 - 333 - 334 - 336 - 337 - 340 - 341 - 342 - 343 - 345 - 346 - 348 - 350 - 354 - 356 - 358 - 360 - 361 - 362 - 366 - 368 - 370 - 371 - 372 - 374 - 375 - 377 - 378 - 379 - 380 - 381 - 383 - 384 - 387 - 388 - 389 - 391 - 392 - 393 - 396 - 397 - 398 - 399 - 400 - 401 - 404 - 405 - 408 - 409 - 410 - 413 - 415 - 416 - 418 - 420 - 421 - 424 - 425 - 429 - 431 - 433 - 436 - 437 - 438 - 440 - 441 - 442 - 445 - 446 - 447 - 450 - 451 - 452 - 453 - 454 - 456 - 457 - 458 - 460 - 462 - 464 - 466 - 468 - 472 - 478 - 482 - 483 - 484 - 485 - 486 - 487 - 488 - 490 - 493 - 494 - 495 - 496 - 498 - 499,22103155.1,0.0,91878,106418,89.81,Cost: 91878 & Capacity: 106418
7 - 9 - 10 - 11 - 13 - 14 - 15 - 16 - 18 - 21 - 22 - 23 - 26 - 27 - 28 - 30 - 33 - 34 - 35 - 38 - 39 - 43 - 44 - 45 - 47 - 48 - 49 - 50 - 52 - 54 - 55 - 56 - 57 - 58 - 60 - 61 - 62 - 64 - 65 - 67 - 68 - 70 - 73 - 75 - 76 - 80 - 81 - 84 - 85 - 87 - 88 - 89 - 93 - 94 - 96 - 97 - 101 - 103 - 105 - 108 - 110 - 111 - 112 - 114 - 115 - 117 - 120 - 121 - 123 - 124 - 126 - 127 - 129 - 133 - 136 - 137 - 138 - 139 - 141 - 142 - 143 - 144 - 145 - 146 - 148 - 149 - 151 - 152 - 156 - 157 - 158 - 160 - 161 - 162 - 163 - 165 - 167 - 168 - 169 - 170 - 173 - 174 - 175 - 177 - 180 - 182 - 183 - 184 - 185 - 186 - 187 - 189 - 190 - 191 - 192 - 193 - 194 - 195 - 196 - 201 - 202 - 203 - 206 - 207 - 208 - 211 - 212 - 213 - 216 - 217 - 218 - 219 - 222 - 223 - 224 - 226 - 227 - 228 - 229 - 230 - 232 - 233 - 235 - 239 - 242 - 243 - 244 - 245 - 247 - 248 - 250 - 251 - 254 - 255 - 256 - 257 - 258 - 259 - 260 - 262 - 264 - 265 - 266 - 270 - 278 - 279 - 280 - 281 - 283 - 286 - 287 - 289 - 290 - 291 - 292 - 295 - 297 - 298 - 299 - 300 - 301 - 303 - 307 - 309 - 310 - 311 - 312 - 313 - 314 - 315 - 316 - 318 - 319 - 320 - 326 - 327 - 330 - 331 - 332 - 333 - 334 - 336 - 337 - 340 - 341 - 342 - 345 - 346 - 348 - 350 - 354 - 356 - 358 - 360 - 361 - 362 - 366 - 368 - 370 - 371 - 372 - 374 - 375 - 377 - 378 - 379 - 380 - 381 - 384 - 387 - 388 - 389 - 391 - 392 - 393 - 395 - 396 - 397 - 398 - 399 - 400 - 401 - 404 - 405 - 408 - 409 - 410 - 413 - 415 - 416 - 418 - 420 - 421 - 424 - 425 - 429 - 431 - 433 - 436 - 437 - 438 - 440 - 441 - 442 - 445 - 446 - 447 - 450 - 451 - 452 - 453 - 454 - 456 - 457 - 458 - 460 - 462 - 464 - 466 - 467 - 468 - 472 - 478 - 482 - 483 - 484 - 485 - 486 - 487 - 488 - 490 - 493 - 494 - 495 - 496 - 498 - 499,21962734.7,0.1,91870,106101,89.86,Cost: 91870 & Capacity: 106101
1 - 4 - 9 - 16 - 21 - 22 - 26 - 30 - 34 - 43 - 49 - 53 - 55 - 56 - 57 - 62 - 63 - 64 - 68 - 71 - 74 - 78 - 82 - 83 - 86 - 90 - 96 - 100 - 103 - 109 - 112 - 113 - 117 - 118 - 125 - 126 - 135 - 136 - 141 - 151 - 155 - 157 - 158 - 171 - 180 - 181 - 188 - 191 - 192 - 193 - 194 - 196 - 198 - 202 - 209 - 210 - 213 - 214 - 216 - 217 - 221 - 227 - 228 - 230 - 232 - 233 - 234 - 235 - 236 - 238 - 240 - 245 - 248 - 250 - 259 - 263 - 264 - 270 - 275 - 277 - 280 - 281 - 282 - 283 - 284 - 289 - 290 - 318 - 321 - 324 - 325 - 327 - 332 - 336 - 337 - 340 - 343 - 348 - 356 - 357 - 363 - 368 - 374 - 378 - 383 - 384 - 390 - 393 - 401 - 409 - 412 - 414 - 416 - 417 - 420 - 426 - 431 - 433 - 435 - 437 - 438 - 443 - 445 - 450 - 456 - 457 - 458 - 459 - 462 - 463 - 469 - 472 - 475 - 477 - 478 - 484 - 488 - 489 - 491 - 493 - 498,5242793.7,16.1,83845,72279,91.28,Cost: 83845 & Capacity: 72279
1 - 4 - 7 - 10 - 11 - 14 - 17 - 18 - 22 - 23 - 26 - 27 - 28 - 30 - 34 - 36 - 43 - 51 - 52 - 54 - 55 - 56 - 67 - 68 - 69 - 73 - 74 - 81 - 86 - 96 - 103 - 104 - 105 - 108 - 109 - 112 - 114 - 118 - 124 - 129 - 130 - 136 - 138 - 141 - 145 - 151 - 152 - 154 - 157 - 158 - 160 - 170 - 171 - 173 - 177 - 181 - 182 - 183 - 184 - 188 - 190 - 191 - 192 - 193 - 198 - 205 - 210 - 211 - 212 - 213 - 219 - 220 - 223 - 226 - 227 - 229 - 230 - 232 - 233 - 234 - 235 - 238 - 239 - 240 - 243 - 245 - 247 - 254 - 255 - 256 - 257 - 258 - 261 - 262 - 265 - 268 - 270 - 272 - 278 - 279 - 280 - 281 - 283 - 284 - 290 - 292 - 295 - 297 - 299 - 301 - 303 - 306 - 308 - 316 - 319 - 324 - 332 - 333 - 336 - 337 - 342 - 343 - 345 - 347 - 348 - 352 - 354 - 355 - 356 - 363 - 367 - 368 - 369 - 370 - 371 - 372 - 374 - 376 - 378 - 379 - 381 - 382 - 383 - 384 - 389 - 393 - 396 - 397 - 400 - 401 - 404 - 405 - 406 - 414 - 416 - 417 - 425 - 427 - 428 - 429 - 435 - 437 - 438 - 441 - 446 - 447 - 448 - 449 - 451 - 454 - 457 - 458 - 459 - 463 - 466 - 468 - 469 - 470 - 471 - 472 - 475 - 479 - 481 - 488 - 489 - 493 - 494 - 495 - 498 - 499,9144550.6,9.2,91878,82288,95.23,Cost: 91878 & Capacity: 82288
4 - 7 - 9 - 11 - 14 - 16 - 17 - 18 - 22 - 23 - 27 - 28 - 34 - 36 - 53 - 55 - 56 - 63 - 67 - 68 - 69 - 73 - 74 - 81 - 86 - 91 - 99 - 103 - 104 - 112 - 117 - 118 - 122 - 123 - 124 - 130 - 131 - 132 - 136 - 138 - 141 - 144 - 145 - 151 - 158 - 160 - 166 - 171 - 173 - 176 - 177 - 181 - 182 - 188 - 192 - 197 - 198 - 210 - 211 - 213 - 219 - 220 - 223 - 226 - 227 - 229 - 232 - 233 - 235 - 240 - 243 - 247 - 255 - 256 - 257 - 261 - 265 - 267 - 268 - 270 - 272 - 276 - 280 - 281 - 283 - 284 - 288 - 290 - 297 - 301 - 303 - 308 - 316 - 321 - 324 - 331 - 332 - 334 - 336 - 337 - 341 - 343 - 345 - 347 - 348 - 355 - 356 - 358 - 363 - 367 - 368 - 369 - 370 - 374 - 376 - 378 - 379 - 383 - 386 - 393 - 397 - 400 - 401 - 404 - 414 - 416 - 419 - 420 - 425 - 429 - 430 - 435 - 438 - 441 - 442 - 444 - 447 - 449 - 450 - 451 - 454 - 456 - 458 - 459 - 462 - 463 - 466 - 468 - 469 - 470 - 471 - 475 - 479 - 481 - 484 - 488 - 493 - 494 - 498 - 499,6501317.8,14.5,88626,75062,95.24,Cost: 88626 & Capacity: 75062
7 - 9 - 10 - 11 - 13 - 14 - 15 - 16 - 18 - 21 - 22 - 23 - 26 - 27 - 28 - 30 - 33 - 34 - 35 - 38 - 39 - 43 - 44 - 45 - 47 - 48 - 49 - 50 - 52 - 54 - 55 - 56 - 57 - 58 - 60 - 61 - 62 - 64 - 65 - 67 - 68 - 70 - 73 - 75 - 76 - 80 - 81 - 84 - 85 - 87 - 88 - 93 - 94 - 96 - 97 - 101 - 103 - 104 - 105 - 108 - 110 - 111 - 112 - 114 - 115 - 117 - 120 - 121 - 123 - 124 - 126 - 127 - 129 - 130 - 133 - 136 - 137 - 138 - 139 - 141 - 142 - 143 - 144 - 145 - 146 - 148 - 149 - 151 - 152 - 156 - 157 - 158 - 160 - 161 - 162 - 163 - 165 - 167 - 168 - 169 - 170 - 172 - 173 - 174 - 175 - 177 - 180 - 182 - 183 - 184 - 185 - 186 - 187 - 189 - 190 - 191 - 192 - 193 - 194 - 195 - 196 - 201 - 203 - 206 - 207 - 208 - 211 - 212 - 213 - 216 - 217 - 218 - 219 - 222 - 223 - 226 - 227 - 228 - 229 - 230 - 232 - 233 - 235 - 239 - 242 - 243 - 244 - 245 - 247 - 248 - 250 - 251 - 252 - 254 - 255 - 256 - 257 - 258 - 259 - 260 - 262 - 264 - 265 - 266 - 270 - 278 - 279 - 280 - 281 - 283 - 286 - 287 - 289 - 290 - 291 - 292 - 294 - 295 - 297 - 298 - 299 - 300 - 301 - 303 - 307 - 309 - 310 - 311 - 312 - 313 - 314 - 315 - 316 - 318 - 319 - 320 - 326 - 327 - 330 - 331 - 332 - 333 - 334 - 336 - 337 - 340 - 341 - 342 - 345 - 346 - 348 - 350 - 354 - 356 - 358 - 360 - 362 - 366 - 368 - 370 - 371 - 372 - 374 - 375 - 377 - 378 - 379 - 380 - 381 - 383 - 384 - 387 - 388 - 389 - 391 - 392 - 393 - 395 - 396 - 397 - 398 - 399 - 400 - 401 - 404 - 405 - 408 - 409 - 410 - 413 - 415 - 416 - 418 - 420 - 421 - 424 - 425 - 429 - 431 - 433 - 436 - 437 - 438 - 440 - 441 - 442 - 445 - 446 - 447 - 450 - 451 - 453 - 454 - 456 - 457 - 458 - 460 - 462 - 464 - 466 - 467 - 468 - 472 - 478 - 482 - 483 - 484 - 485 - 486 - 487 - 488 - 490 - 493 - 494 - 495 - 496 - 498 - 499,22108469.9,0.0,91850,106779,95.55,Cost: 91850 & Capacity: 106779
7 - 9 - 10 - 11 - 13 - 14 - 15 - 16 - 18 - 21 - 22 - 23 - 26 - 27 - 28 - 30 - 33 - 34 - 35 - 38 - 39 - 43 - 44 - 45 - 47 - 48 - 49 - 50 - 52 - 54 - 55 - 56 - 57 - 58 - 60 - 61 - 62 - 64 - 65 - 67 - 68 - 70 - 73 - 75 - 76 - 80 - 81 - 84 - 85 - 87 - 88 - 89 - 93 - 94 - 96 - 97 - 101 - 103 - 105 - 108 - 110 - 111 - 112 - 114 - 115 - 117 - 120 - 121 - 123 - 124 - 126 - 127 - 129 - 133 - 136 - 137 - 138 - 139 - 141 - 142 - 143 - 144 - 145 - 146 - 148 - 149 - 151 - 152 - 156 - 157 - 158 - 160 - 161 - 162 - 163 - 165 - 167 - 168 - 169 - 170 - 173 - 174 - 175 - 177 - 180 - 182 - 183 - 184 - 185 - 186 - 187 - 189 - 190 - 191 - 192 - 193 - 194 - 195 - 196 - 201 - 202 - 203 - 206 - 207 - 208 - 211 - 212 - 213 - 216 - 217 - 218 - 219 - 222 - 223 - 224 - 226 - 227 - 228 - 229 - 230 - 232 - 233 - 235 - 239 - 242 - 243 - 244 - 245 - 247 - 248 - 250 - 251 - 254 - 255 - 256 - 257 - 258 - 259 - 260 - 262 - 264 - 265 - 266 - 270 - 278 - 279 - 280 - 281 - 283 - 286 - 287 - 289 - 290 - 291 - 292 - 295 - 297 - 298 - 299 - 300 - 301 - 303 - 307 - 309 - 310 - 311 - 312 - 313 - 314 - 315 - 316 - 318 - 319 - 320 - 326 - 327 - 330 - 331 - 332 - 333 - 334 - 336 - 337 - 340 - 341 - 342 - 345 - 346 - 348 - 350 - 354 - 356 - 358 - 360 - 361 - 362 - 366 - 368 - 370 - 371 - 372 - 374 - 375 - 377 - 378 - 379 - 380 - 381 - 384 - 387 - 388 - 389 - 391 - 392 - 393 - 395 - 396 - 397 - 398 - 399 - 400 - 401 - 404 - 405 - 408 - 409 - 410 - 413 - 415 - 416 - 418 - 420 - 421 - 424 - 425 - 429 - 431 - 433 - 436 - 437 - 438 - 440 - 441 - 442 - 445 - 446 - 447 - 450 - 451 - 452 - 453 - 454 - 456 - 457 - 458 - 460 - 462 - 464 - 466 - 467 - 468 - 472 - 478 - 482 - 483 - 484 - 485 - 486 - 487 - 488 - 490 - 493 - 494 - 495 - 496 - 498 - 499,21962734.7,0.1,91870,106101,95.6,Cost: 91870 & Capacity: 106101
7 - 9 - 10 - 11 - 13 - 14 - 15 - 16 - 18 - 21 - 22 - 23 - 26 - 27 - 28 - 30 - 33 - 34 - 35 - 38 - 39 - 43 - 44 - 45 - 47 - 48 - 49 - 50 - 52 - 54 - 55 - 56 - 57 - 58 - 60 - 61 - 62 - 64 - 65 - 67 - 68 - 70 - 73 - 75 - 76 - 80 - 81 - 84 - 85 - 87 - 88 - 89 - 93 - 94 - 96 - 97 - 101 - 103 - 105 - 108 - 110 - 111 - 112 - 114 - 115 - 117 - 120 - 121 - 123 - 124 - 126 - 127 - 129 - 133 - 136 - 137 - 138 - 139 - 141 - 142 - 143 - 144 - 145 - 146 - 148 - 149 - 151 - 152 - 156 - 157 - 158 - 160 - 161 - 162 - 163 - 165 - 167 - 168 - 169 - 170 - 173 - 174 - 175 - 177 - 180 - 182 - 183 - 184 - 185 - 186 - 187 - 189 - 190 - 191 - 192 - 193 - 194 - 195 - 196 - 201 - 202 - 203 - 206 - 207 - 208 - 211 - 212 - 213 - 216 - 217 - 218 - 219 - 222 - 223 - 224 - 226 - 227 - 228 - 229 - 230 - 232 - 233 - 235 - 239 - 242 - 243 - 244 - 245 - 247 - 248 - 250 - 251 - 254 - 255 - 256 - 257 - 258 - 259 - 260 - 262 - 264 - 265 - 266 - 270 - 278 - 279 - 280 - 281 - 283 - 286 - 287 - 289 - 290 - 291 - 292 - 295 - 297 - 298 - 299 - 300 - 301 - 303 - 307 - 309 - 310 - 311 - 312 - 313 - 314 - 315 - 316 - 318 - 319 - 320 - 326 - 327 - 330 - 331 - 332 - 333 - 334 - 336 - 337 - 340 - 341 - 342 - 345 - 346 - 348 - 350 - 354 - 356 - 358 - 360 - 361 - 362 - 366 - 368 - 370 - 371 - 372 - 374 - 375 - 377 - 378 - 379 - 380 - 381 - 384 - 387 - 388 - 389 - 391 - 392 - 393 - 395 - 396 - 397 - 398 - 399 - 400 - 401 - 404 - 405 - 408 - 409 - 410 - 413 - 415 - 416 - 418 - 420 - 421 - 424 - 425 - 429 - 431 - 433 - 436 - 437 - 438 - 440 - 441 - 442 - 445 - 446 - 447 - 450 - 451 - 452 - 453 - 454 - 456 - 457 - 458 - 460 - 462 - 464 - 466 - 467 - 468 - 472 - 478 - 482 - 483 - 484 - 485 - 486 - 487 - 488 - 490 - 493 - 494 - 495 - 496 - 498 - 499,21962734.7,0.1,91870,106101,97.37,Cost: 91870 & Capacity: 106101
7 - 9 - 10 - 11 - 13 - 14 - 15 - 16 - 18 - 21 - 22 - 23 - 26 - 27 - 28 - 30 - 33 - 34 - 35 - 38 - 39 - 43 - 44 - 45 - 47 - 48 - 49 - 50 - 52 - 54 - 55 - 56 - 57 - 58 - 60 - 61 - 62 - 64 - 65 - 67 - 68 - 70 - 73 - 75 - 76 - 80 - 81 - 84 - 85 - 87 - 88 - 89 - 93 - 94 - 96 - 97 - 101 - 103 - 105 - 108 - 110 - 111 - 112 - 114 - 115 - 117 - 120 - 121 - 123 - 124 - 126 - 127 - 129 - 133 - 136 - 137 - 138 - 139 - 141 - 142 - 143 - 144 - 145 - 146 - 148 - 149 - 151 - 152 - 156 - 157 - 158 - 160 - 161 - 162 - 163 - 165 - 167 - 168 - 169 - 170 - 173 - 174 - 175 - 177 - 180 - 182 - 183 - 184 - 185 - 186 - 187 - 189 - 190 - 191 - 192 - 193 - 194 - 195 - 196 - 201 - 202 - 203 - 206 - 207 - 208 - 211 - 212 - 213 - 216 - 217 - 218 - 219 - 222 - 223 - 224 - 226 - 227 - 228 - 229 - 230 - 232 - 233 - 235 - 239 - 242 - 243 - 244 - 245 - 247 - 248 - 250 - 251 - 254 - 255 - 256 - 257 - 258 - 259 - 260 - 262 - 264 - 265 - 266 - 270 - 278 - 279 - 280 - 281 - 283 - 286 - 287 - 289 - 290 - 291 - 292 - 295 - 297 - 298 - 299 - 300 - 301 - 303 - 307 - 309 - 310 - 311 - 312 - 313 - 314 - 315 - 316 - 318 - 319 - 320 - 326 - 327 - 330 - 331 - 332 - 333 - 334 - 336 - 337 - 340 - 341 - 342 - 345 - 346 - 348 - 350 - 354 - 356 - 358 - 360 - 361 - 362 - 366 - 368 - 370 - 371 - 372 - 374 - 375 - 377 - 378 - 379 - 380 - 381 - 384 - 387 - 388 - 389 - 391 - 392 - 393 - 395 - 396 - 397 - 398 - 399 - 400 - 401 - 404 - 405 - 408 - 409 - 410 - 413 - 415 - 416 - 418 - 420 - 421 - 424 - 425 - 429 - 431 - 433 - 436 - 437 - 438 - 440 - 441 - 442 - 445 - 446 - 447 - 450 - 451 - 452 - 453 - 454 - 456 - 457 - 458 - 460 - 462 - 464 - 466 - 467 - 468 - 472 - 478 - 482 - 483 - 484 - 485 - 486 - 487 - 488 - 490 - 493 - 494 - 495 - 496 - 498 - 499,21962734.7,0.1,91870,106101,98.02,Cost: 91870 & Capacity: 106101
7 - 9 - 10 - 11 - 13 - 14 - 15 - 16 - 18 - 21 - 22 - 23 - 26 - 27 - 28 - 30 - 33 - 34 - 35 - 38 - 39 - 43 - 44 - 45 - 47 - 48 - 49 - 50 - 52 - 54 - 55 - 56 - 57 - 58 - 60 - 61 - 62 - 64 - 65 - 67 - 68 - 70 - 73 - 75 - 76 - 80 - 81 - 84 - 85 - 87 - 88 - 89 - 93 - 94 - 96 - 97 - 101 - 103 - 105 - 108 - 110 - 111 - 112 - 114 - 115 - 117 - 120 - 121 - 123 - 124 - 126 - 127 - 129 - 133 - 136 - 137 - 138 - 139 - 141 - 142 - 143 - 144 - 145 - 146 - 148 - 149 - 151 - 152 - 156 - 157 - 158 - 160 - 161 - 162 - 163 - 165 - 167 - 168 - 169 - 170 - 173 - 174 - 175 - 177 - 180 - 182 - 183 - 184 - 185 - 186 - 187 - 189 - 190 - 191 - 192 - 193 - 194 - 195 - 196 - 201 - 202 - 203 - 206 - 207 - 208 - 211 - 212 - 213 - 216 - 217 - 218 - 219 - 222 - 223 - 224 - 226 - 227 - 228 - 229 - 230 - 232 - 233 - 235 - 239 - 242 - 243 - 244 - 245 - 247 - 248 - 250 - 251 - 254 - 255 - 256 - 257 - 258 - 259 - 260 - 262 - 264 - 265 - 266 - 270 - 278 - 279 - 280 - 281 - 283 - 286 - 287 - 289 - 290 - 291 - 292 - 295 - 297 - 298 - 299 - 300 - 301 - 303 - 307 - 309 - 310 - 311 - 312 - 313 - 314 - 315 - 316 - 318 - 319 - 320 - 326 - 327 - 330 - 331 - 332 - 333 - 334 - 336 - 337 - 340 - 341 - 342 - 345 - 346 - 348 - 350 - 354 - 356 - 358 - 360 - 361 - 362 - 366 - 368 - 370 - 371 - 372 - 374 - 375 - 377 - 378 - 379 - 380 - 381 - 384 - 387 - 388 - 389 - 391 - 392 - 393 - 395 - 396 - 397 - 398 - 399 - 400 - 401 - 404 - 405 - 408 - 409 - 410 - 413 - 415 - 416 - 418 - 420 - 421 - 424 - 425 - 429 - 431 - 433 - 436 - 437 - 438 - 440 - 441 - 442 - 445 - 446 - 447 - 450 - 451 - 452 - 453 - 454 - 456 - 457 - 458 - 460 - 462 - 464 - 466 - 467 - 468 - 472 - 478 - 482 - 483 - 484 - 485 - 486 - 487 - 488 - 490 - 493 - 494 - 495 - 496 - 498 - 499,21962734.7,0.1,91870,106101,98.95,Cost: 91870 & Capacity: 106101
7 - 9 - 10 - 11 - 13 - 14 - 15 - 16 - 18 - 21 - 22 - 23 - 26 - 27 - 28 - 30 - 33 - 34 - 35 - 38 - 39 - 43 - 44 - 45 - 47 - 48 - 49 - 50 - 52 - 54 - 55 - 56 - 57 - 58 - 60 - 61 - 62 - 64 - 65 - 67 - 68 - 70 - 73 - 75 - 76 - 80 - 81 - 84 - 85 - 87 - 88 - 89 - 93 - 94 - 96 - 97 - 101 - 103 - 105 - 108 - 110 - 111 - 112 - 114 - 115 - 117 - 120 - 121 - 123 - 124 - 126 - 127 - 129 - 133 - 136 - 137 - 138 - 139 - 141 - 142 - 143 - 144 - 145 - 146 - 148 - 149 - 151 - 152 - 156 - 157 - 158 - 160 - 161 - 162 - 163 - 165 - 167 - 168 - 169 - 170 - 173 - 174 - 175 - 177 - 180 - 182 - 183 - 184 - 185 - 186 - 187 - 189 - 190 - 191 - 192 - 193 - 194 - 195 - 196 - 201 - 202 - 203 - 206 - 207 - 208 - 211 - 212 - 213 - 216 - 217 - 218 - 219 - 222 - 223 - 224 - 226 - 227 - 228 - 229 - 230 - 232 - 233 - 235 - 239 - 242 - 243 - 244 - 245 - 247 - 248 - 250 - 251 - 254 - 255 - 256 - 257 - 258 - 259 - 260 - 262 - 264 - 265 - 266 - 270 - 278 - 279 - 280 - 281 - 283 - 286 - 287 - 289 - 290 - 291 - 292 - 295 - 297 - 298 - 299 - 300 - 301 - 303 - 307 - 309 - 310 - 311 - 312 - 313 - 314 - 315 - 316 - 318 - 319 - 320 - 326 - 327 - 330 - 331 - 332 - 333 - 334 - 336 - 337 - 340 - 341 - 342 - 345 - 346 - 348 - 350 - 354 - 356 - 358 - 360 - 361 - 362 - 366 - 368 - 370 - 371 - 372 - 374 - 375 - 377 - 378 - 379 - 380 - 381 - 384 - 387 - 388 - 389 - 391 - 392 - 393 - 395 - 396 - 397 - 398 - 399 - 400 - 401 - 404 - 405 - 408 - 409 - 410 - 413 - 415 - 416 - 418 - 420 - 421 - 424 - 425 - 429 - 431 - 433 - 436 - 437 - 438 - 440 - 441 - 442 - 445 - 446 - 447 - 450 - 451 - 452 - 453 - 454 - 456 - 457 - 458 - 460 - 462 - 464 - 466 - 467 - 468 - 472 - 478 - 482 - 483 - 484 - 485 - 486 - 487 - 488 - 490 - 493 - 494 - 495 - 496 - 498 - 499,21962734.7,0.1,91870,106101,99.75,Cost: 91870 & Capacity: 106101
7 - 9 - 10 - 11 - 13 - 14 - 15 - 16 - 18 - 21 - 22 - 23 - 26 - 27 - 28 - 30 - 33 - 34 - 35 - 38 - 39 - 43 - 44 - 45 - 47 - 48 - 49 - 50 - 52 - 54 - 55 - 56 - 57 - 58 - 60 - 61 - 62 - 64 - 65 - 67 - 68 - 70 - 73 - 75 - 76 - 80 - 81 - 84 - 85 - 87 - 88 - 89 - 93 - 94 - 96 - 97 - 101 - 103 - 105 - 108 - 110 - 111 - 112 - 114 - 115 - 117 - 120 - 121 - 123 - 124 - 126 - 127 - 129 - 133 - 136 - 137 - 138 - 139 - 141 - 142 - 143 - 144 - 145 - 146 - 148 - 149 - 151 - 152 - 156 - 157 - 158 - 160 - 161 - 162 - 163 - 165 - 167 - 168 - 169 - 170 - 173 - 174 - 175 - 177 - 180 - 182 - 183 - 184 - 185 - 186 - 187 - 189 - 190 - 191 - 192 - 193 - 194 - 195 - 196 - 201 - 202 - 203 - 206 - 207 - 208 - 211 - 212 - 213 - 216 - 217 - 218 - 219 - 222 - 223 - 224 - 226 - 227 - 228 - 229 - 230 - 232 - 233 - 235 - 239 - 242 - 243 - 244 - 245 - 247 - 248 - 250 - 251 - 254 - 255 - 256 - 257 - 258 - 259 - 260 - 262 - 264 - 265 - 266 - 270 - 278 - 279 - 280 - 281 - 283 - 286 - 287 - 289 - 290 - 291 - 292 - 295 - 297 - 298 - 299 - 300 - 301 - 303 - 307 - 309 - 310 - 311 - 312 - 313 - 314 - 315 - 316 - 318 - 319 - 320 - 326 - 327 - 330 - 331 - 332 - 333 - 334 - 336 - 337 - 340 - 341 - 342 - 345 - 346 - 348 - 350 - 354 - 356 - 358 - 360 - 361 - 362 - 366 - 368 - 370 - 371 - 372 - 374 - 375 - 377 - 378 - 379 - 380 - 381 - 384 - 387 - 388 - 389 - 391 - 392 - 393 - 395 - 396 - 397 - 398 - 399 - 400 - 401 - 404 - 405 - 408 - 409 - 410 - 413 - 415 - 416 - 418 - 420 - 421 - 424 - 425 - 429 - 431 - 433 - 436 - 437 - 438 - 440 - 441 - 442 - 445 - 446 - 447 - 450 - 451 - 452 - 453 - 454 - 456 - 457 - 458 - 460 - 462 - 464 - 466 - 467 - 468 - 472 - 478 - 482 - 483 - 484 - 485 - 486 - 487 - 488 - 490 - 493 - 494 - 495 - 496 - 498 - 499,21962734.7,0.1,91870,106101,103.01,Cost: 91870 & Capacity: 106101
7 - 9 - 10 - 11 - 13 - 14 - 15 - 16 - 18 - 21 - 22 - 23 - 26 - 27 - 28 - 30 - 33 - 34 - 35 - 38 - 39 - 43 - 44 - 45 - 47 - 48 - 49 - 50 - 52 - 54 - 55 - 56 - 57 - 58 - 60 - 61 - 62 - 64 - 65 - 67 - 68 - 70 - 73 - 75 - 76 - 80 - 81 - 84 - 85 - 87 - 88 - 89 - 93 - 94 - 96 - 97 - 101 - 103 - 105 - 108 - 110 - 111 - 112 - 114 - 115 - 117 - 120 - 121 - 123 - 124 - 126 - 127 - 129 - 133 - 136 - 137 - 138 - 139 - 141 - 142 - 143 - 144 - 145 - 146 - 148 - 149 - 151 - 152 - 156 - 157 - 158 - 160 - 161 - 162 - 163 - 165 - 167 - 168 - 169 - 170 - 173 - 174 - 175 - 177 - 180 - 182 - 183 - 184 - 185 - 186 - 187 - 189 - 190 - 191 - 192 - 193 - 194 - 195 - 196 - 201 - 202 - 203 - 206 - 207 - 208 - 211 - 212 - 213 - 216 - 217 - 218 - 219 - 222 - 223 - 224 - 226 - 227 - 228 - 229 - 230 - 232 - 233 - 235 - 239 - 242 - 243 - 244 - 245 - 247 - 248 - 250 - 251 - 254 - 255 - 256 - 257 - 258 - 259 - 260 - 262 - 264 - 265 - 266 - 270 - 278 - 279 - 280 - 281 - 283 - 286 - 287 - 289 - 290 - 291 - 292 - 295 - 297 - 298 - 299 - 300 - 301 - 303 - 307 - 309 - 310 - 311 - 312 - 313 - 314 - 315 - 316 - 318 - 319 - 320 - 326 - 327 - 330 - 331 - 332 - 333 - 334 - 336 - 337 - 340 - 341 - 342 - 345 - 346 - 348 - 350 - 354 - 356 - 358 - 360 - 361 - 362 - 366 - 368 - 370 - 371 - 372 - 374 - 375 - 377 - 378 - 379 - 380 - 381 - 384 - 387 - 388 - 389 - 391 - 392 - 393 - 395 - 396 - 397 - 398 - 399 - 400 - 401 - 404 - 405 - 408 - 409 - 410 - 413 - 415 - 416 - 418 - 420 - 421 - 424 - 425 - 429 - 431 - 433 - 436 - 437 - 438 - 440 - 441 - 442 - 445 - 446 - 447 - 450 - 451 - 452 - 453 - 454 - 456 - 457 - 458 - 460 - 462 - 464 - 466 - 467 - 468 - 472 - 478 - 482 - 483 - 484 - 485 - 486 - 487 - 488 - 490 - 493 - 494 - 495 - 496 - 498 - 499,21962734.7,0.1,91870,106101,103.81,Cost: 91870 & Capacity: 106101
7 - 9 - 10 - 11 - 13 - 14 - 15 - 16 - 18 - 21 - 22 - 23 - 26 - 27 - 28 - 30 - 33 - 34 - 35 - 38 - 39 - 43 - 44 - 45 - 47 - 48 - 49 - 50 - 52 - 54 - 55 - 56 - 57 - 58 - 60 - 61 - 62 - 64 - 65 - 67 - 68 - 70 - 73 - 75 - 76 - 80 - 81 - 84 - 85 - 87 - 88 - 89 - 93 - 94 - 96 - 97 - 101 - 103 - 105 - 108 - 110 - 111 - 112 - 114 - 115 - 117 - 120 - 121 - 123 - 124 - 126 - 127 - 129 - 133 - 136 - 137 - 138 - 139 - 141 - 142 - 143 - 144 - 145 - 146 - 148 - 149 - 151 - 152 - 156 - 157 - 158 - 160 - 161 - 162 - 163 - 165 - 167 - 168 - 169 - 170 - 173 - 174 - 175 - 177 - 180 - 182 - 183 - 184 - 185 - 186 - 187 - 189 - 190 - 191 - 192 - 193 - 194 - 195 - 196 - 201 - 202 - 203 - 206 - 207 - 208 - 211 - 212 - 213 - 216 - 217 - 218 - 219 - 222 - 223 - 224 - 226 - 227 - 228 - 229 - 230 - 232 - 233 - 235 - 239 - 242 - 243 - 244 - 245 - 247 - 248 - 250 - 251 - 254 - 255 - 256 - 257 - 258 - 259 - 260 - 262 - 264 - 265 - 266 - 270 - 278 - 279 - 280 - 281 - 283 - 286 - 287 - 289 - 290 - 291 - 292 - 295 - 297 - 298 - 299 - 300 - 301 - 303 - 307 - 309 - 310 - 311 - 312 - 313 - 314 - 315 - 316 - 318 - 319 - 320 - 326 - 327 - 330 - 331 - 332 - 333 - 334 - 336 - 337 - 340 - 341 - 342 - 345 - 346 - 348 - 350 - 354 - 356 - 358 - 360 - 361 - 362 - 366 - 368 - 370 - 371 - 372 - 374 - 375 - 377 - 378 - 379 - 380 - 381 - 384 - 387 - 388 - 389 - 391 - 392 - 393 - 395 - 396 - 397 - 398 - 399 - 400 - 401 - 404 - 405 - 408 - 409 - 410 - 413 - 415 - 416 - 418 - 420 - 421 - 424 - 425 - 429 - 431 - 433 - 436 - 437 - 438 - 440 - 441 - 442 - 445 - 446 - 447 - 450 - 451 - 452 - 453 - 454 - 456 - 457 - 458 - 460 - 462 - 464 - 466 - 467 - 468 - 472 - 478 - 482 - 483 - 484 - 485 - 486 - 487 - 488 - 490 - 493 - 494 - 495 - 496 - 498 - 499,21962734.7,0.1,91870,106101,106.79,Cost: 91870 & Capacity: 106101
1 - 5 - 12 - 18 - 19 - 21 - 23 - 26 - 41 - 45 - 49 - 50 - 53 - 57 - 63 - 64 - 66 - 67 - 68 - 69 - 76 - 78 - 79 - 81 - 82 - 98 - 101 - 109 - 112 - 118 - 124 - 126 - 127 - 128 - 132 - 136 - 137 - 144 - 146 - 149 - 151 - 152 - 166 - 174 - 175 - 176 - 181 - 182 - 185 - 192 - 194 - 196 - 197 - 198 - 203 - 204 - 209 - 210 - 211 - 214 - 216 - 219 - 220 - 228 - 231 - 233 - 237 - 242 - 255 - 256 - 257 - 262 - 263 - 266 - 273 - 276 - 280 - 281 - 283 - 298 - 310 - 311 - 312 - 324 - 325 - 330 - 332 - 336 - 337 - 343 - 346 - 349 - 355 - 359 - 363 - 365 - 369 - 377 - 382 - 384 - 385 - 393 - 404 - 405 - 406 - 407 - 408 - 409 - 413 - 419 - 420 - 430 - 435 - 438 - 440 - 442 - 452 - 454 - 456 - 458 - 459 - 460 - 461 - 466 - 467 - 469 - 478 - 480 - 490,4281438.7,19.2,81191,67068,107.25,Cost: 81191 & Capacity: 67068
7 - 9 - 10 - 11 - 13 - 14 - 15 - 16 - 18 - 21 - 22 - 23 - 26 - 27 - 28 - 30 - 33 - 34 - 35 - 38 - 39 - 43 - 44 - 45 - 47 - 48 - 49 - 50 - 52 - 54 - 55 - 56 - 57 - 58 - 60 - 61 - 62 - 64 - 65 - 67 - 68 - 70 - 73 - 75 - 76 - 80 - 81 - 84 - 85 - 87 - 88 - 89 - 93 - 94 - 96 - 97 - 101 - 103 - 105 - 108 - 110 - 111 - 112 - 114 - 115 - 117 - 120 - 121 - 123 - 124 - 126 - 127 - 129 - 133 - 136 - 137 - 138 - 139 - 141 - 142 - 143 - 144 - 145 - 146 - 148 - 149 - 151 - 152 - 156 - 157 - 158 - 160 - 161 - 162 - 163 - 165 - 167 - 168 - 169 - 170 - 173 - 174 - 175 - 177 - 180 - 182 - 183 - 184 - 185 - 186 - 187 - 189 - 190 - 191 - 192 - 193 - 194 - 195 - 196 - 201 - 202 - 203 - 206 - 207 - 208 - 211 - 212 - 213 - 216 - 217 - 218 - 219 - 222 - 223 - 224 - 226 - 227 - 228 - 229 - 230 - 232 - 233 - 235 - 239 - 242 - 243 - 244 - 245 - 247 - 248 - 250 - 251 - 254 - 255 - 256 - 257 - 258 - 259 - 260 - 262 - 264 - 265 - 266 - 270 - 278 - 279 - 280 - 281 - 283 - 286 - 287 - 289 - 290 - 291 - 292 - 295 - 297 - 298 - 299 - 300 - 301 - 303 - 307 - 309 - 310 - 311 - 312 - 313 - 314 - 315 - 316 - 318 - 319 - 320 - 326 - 327 - 330 - 331 - 332 - 333 - 334 - 336 - 337 - 340 - 341 - 342 - 345 - 346 - 348 - 350 - 354 - 356 - 358 - 360 - 361 - 362 - 366 - 368 - 370 - 371 - 372 - 374 - 375 - 377 - 378 - 379 - 380 - 381 - 384 - 387 - 388 - 389 - 391 - 392 - 393 - 395 - 396 - 397 - 398 - 399 - 400 - 401 - 404 - 405 - 408 - 409 - 410 - 413 - 415 - 416 - 418 - 420 - 421 - 424 - 425 - 429 - 431 - 433 - 436 - 437 - 438 - 440 - 441 - 442 - 445 - 446 - 447 - 450 - 451 - 452 - 453 - 454 - 456 - 457 - 458 - 460 - 462 - 464 - 466 - 467 - 468 - 472 - 478 - 482 - 483 - 484 - 485 - 486 - 487 - 488 - 490 - 493 - 494 - 495 - 496 - 498 - 499,21962734.7,0.1,91870,106101,108.37,Cost: 91870 & Capacity: 106101
2 - 3 - 4 - 9 - 48 - 56 - 60 - 62 - 64 - 66 - 68 - 70 - 73 - 78 - 99 - 102 - 104 - 117 - 129 - 135 - 139 - 140 - 144 - 148 - 151 - 168 - 174 - 176 - 184 - 187 - 188 - 198 - 208 - 221 - 224 - 225 - 227 - 233 - 235 - 251 - 261 - 265 - 267 - 268 - 269 - 270 - 277 - 284 - 285 - 296 - 309 - 311 - 316 - 328 - 339 - 348 - 351 - 353 - 362 - 373 - 376 - 377 - 380 - 384 - 392 - 394 - 403 - 404 - 407 - 414 - 415 - 416 - 426 - 428 - 433 - 435 - 438 - 447 - 449 - 455 - 468 - 469 - 470 - 480 - 491 - 496 - 497,1994338.6,33.4,61144,54517,110.02,Cost: 61144 & Capacity: 54517
1 - 7 - 10 - 11 - 13 - 14 - 15 - 16 - 18 - 21 - 22 - 25 - 26 - 28 - 34 - 35 - 38 - 39 - 43 - 44 - 45 - 47 - 49 - 52 - 55 - 56 - 60 - 61 - 65 - 67 - 68 - 73 - 75 - 80 - 81 - 82 - 84 - 85 - 87 - 89 - 90 - 93 - 96 - 100 - 101 - 103 - 105 - 109 - 112 - 113 - 114 - 118 - 120 - 121 - 122 - 123 - 124 - 126 - 127 - 129 - 133 - 137 - 138 - 139 - 140 - 141 - 143 - 146 - 148 - 151 - 152 - 154 - 155 - 156 - 157 - 158 - 163 - 167 - 169 - 170 - 173 - 180 - 181 - 182 - 184 - 185 - 186 - 188 - 189 - 190 - 191 - 192 - 193 - 195 - 197 - 201 - 206 - 207 - 208 - 211 - 213 - 215 - 216 - 217 - 218 - 219 - 220 - 222 - 223 - 226 - 227 - 228 - 229 - 233 - 234 - 235 - 238 - 239 - 243 - 244 - 245 - 246 - 247 - 250 - 254 - 255 - 256 - 257 - 258 - 259 - 262 - 263 - 264 - 265 - 266 - 268 - 270 - 272 - 277 - 278 - 279 - 280 - 281 - 284 - 286 - 287 - 288 - 289 - 290 - 295 - 297 - 298 - 299 - 300 - 301 - 303 - 306 - 307 - 316 - 318 - 319 - 320 - 328 - 329 - 331 - 332 - 333 - 334 - 336 - 337 - 341 - 342 - 343 - 345 - 346 - 348 - 350 - 354 - 356 - 358 - 362 - 366 - 369 - 372 - 374 - 375 - 378 - 379 - 380 - 381 - 388 - 389 - 391 - 393 - 394 - 397 - 398 - 399 - 400 - 404 - 405 - 409 - 410 - 412 - 416 - 417 - 418 - 419 - 421 - 423 - 425 - 429 - 433 - 435 - 437 - 438 - 441 - 442 - 446 - 447 - 450 - 451 - 454 - 456 - 457 - 458 - 462 - 466 - 467 - 468 - 470 - 472 - 475 - 478 - 481 - 483 - 484 - 486 - 487 - 488 - 493 - 494 - 495 - 496 - 498 - 499,15134046.8,3.6,91780,91018,111.7,Cost: 91780 & Capacity: 91018
7 - 9 - 10 - 11 - 13 - 14 - 15 - 16 - 18 - 21 - 22 - 23 - 26 - 27 - 28 - 30 - 33 - 34 - 35 - 38 - 39 - 43 - 44 - 45 - 47 - 48 - 49 - 50 - 52 - 54 - 55 - 56 - 57 - 58 - 60 - 61 - 62 - 64 - 65 - 67 - 68 - 70 - 73 - 75 - 76 - 80 - 81 - 84 - 85 - 87 - 88 - 93 - 94 - 96 - 97 - 101 - 103 - 104 - 105 - 108 - 110 - 111 - 112 - 114 - 115 - 117 - 120 - 121 - 123 - 124 - 126 - 127 - 129 - 130 - 133 - 136 - 137 - 138 - 139 - 141 - 142 - 143 - 144 - 145 - 146 - 148 - 149 - 151 - 152 - 156 - 157 - 158 - 160 - 161 - 162 - 163 - 165 - 167 - 168 - 169 - 170 - 172 - 173 - 174 - 175 - 177 - 180 - 182 - 183 - 184 - 185 - 186 - 187 - 189 - 190 - 191 - 192 - 193 - 194 - 195 - 196 - 201 - 203 - 206 - 207 - 208 - 211 - 212 - 213 - 216 - 217 - 218 - 219 - 222 - 223 - 226 - 227 - 228 - 229 - 230 - 232 - 233 - 235 - 239 - 242 - 243 - 244 - 245 - 247 - 248 - 250 - 251 - 252 - 254 - 255 - 256 - 257 - 258 - 259 - 260 - 262 - 264 - 265 - 266 - 270 - 278 - 279 - 280 - 281 - 283 - 286 - 287 - 289 - 290 - 291 - 292 - 294 - 295 - 297 - 298 - 299 - 300 - 301 - 303 - 307 - 309 - 310 - 311 - 312 - 313 - 314 - 315 - 316 - 318 - 319 - 320 - 326 - 327 - 330 - 331 - 332 - 333 - 334 - 336 - 337 - 340 - 341 - 342 - 345 - 346 - 348 - 350 - 354 - 356 - 358 - 360 - 362 - 366 - 368 - 370 - 371 - 372 - 374 - 375 - 377 - 378 - 379 - 380 - 381 - 383 - 384 - 387 - 388 - 389 - 391 - 392 - 393 - 395 - 396 - 397 - 398 - 399 - 400 - 401 - 404 - 405 - 408 - 409 - 410 - 413 - 415 - 416 - 418 - 420 - 421 - 424 - 425 - 429 - 431 - 433 - 436 - 437 - 438 - 440 - 441 - 442 - 445 - 446 - 447 - 450 - 451 - 453 - 454 - 456 - 457 - 458 - 460 - 462 - 464 - 466 - 467 - 468 - 472 - 478 - 482 - 483 - 484 - 485 - 486 - 487 - 488 - 490 - 493 - 494 - 495 - 496 - 498 - 499,22108469.9,0.0,91850,106779,112.52,Cost: 91850 & Capacity: 106779
1 - 4 - 11 - 18 - 21 - 26 - 27 - 28 - 30 - 32 - 34 - 52 - 56 - 60 - 64 - 67 - 69 - 73 - 74 - 75 - 81 - 93 - 97 - 100 - 104 - 105 - 109 - 116 - 118 - 123 - 124 - 125 - 130 - 136 - 138 - 143 - 144 - 151 - 152 - 154 - 157 - 158 - 159 - 166 - 171 - 173 - 177 - 181 - 182 - 183 - 188 - 190 - 192 - 193 - 194 - 197 - 198 - 202 - 205 - 210 - 211 - 213 - 216 - 219 - 220 - 222 - 227 - 229 - 230 - 231 - 233 - 234 - 235 - 239 - 240 - 243 - 245 - 247 - 248 - 253 - 254 - 255 - 256 - 257 - 261 - 262 - 264 - 265 - 268 - 270 - 277 - 280 - 281 - 283 - 284 - 288 - 289 - 291 - 292 - 297 - 299 - 300 - 301 - 306 - 308 - 310 - 312 - 313 - 316 - 319 - 324 - 325 - 326 - 327 - 328 - 332 - 333 - 336 - 337 - 341 - 342 - 343 - 345 - 348 - 349 - 352 - 356 - 363 - 366 - 368 - 369 - 370 - 372 - 374 - 378 - 379 - 381 - 383 - 384 - 387 - 389 - 391 - 393 - 395 - 396 - 397 - 399 - 400 - 401 - 404 - 405 - 410 - 414 - 416 - 417 - 419 - 420 - 426 - 427 - 429 - 435 - 437 - 441 - 445 - 447 - 448 - 450 - 451 - 454 - 456 - 457 - 458 - 459 - 463 - 466 - 467 - 469 - 472 - 476 - 478 - 479 - 481 - 482 - 488 - 489 - 490 - 491 - 493 - 494 - 499,9124629.9,9.3,91876,85278,112.88,Cost: 91876 & Capacity: 85278
7 - 9 - 10 - 11 - 13 - 14 - 15 - 16 - 18 - 21 - 22 - 23 - 26 - 27 - 28 - 30 - 33 - 34 - 35 - 38 - 39 - 43 - 44 - 45 - 47 - 48 - 49 - 50 - 52 - 54 - 55 - 56 - 57 - 58 - 60 - 61 - 62 - 64 - 65 - 67 - 68 - 70 - 73 - 75 - 76 - 80 - 81 - 84 - 85 - 87 - 88 - 89 - 93 - 94 - 96 - 97 - 101 - 103 - 105 - 108 - 110 - 111 - 112 - 114 - 115 - 117 - 120 - 121 - 123 - 124 - 126 - 127 - 129 - 133 - 136 - 137 - 138 - 139 - 141 - 142 - 143 - 144 - 145 - 146 - 148 - 149 - 151 - 152 - 156 - 157 - 158 - 160 - 161 - 162 - 163 - 165 - 167 - 168 - 169 - 170 - 173 - 174 - 175 - 177 - 180 - 182 - 183 - 184 - 185 - 186 - 187 - 189 - 190 - 191 - 192 - 193 - 194 - 195 - 196 - 201 - 202 - 203 - 206 - 207 - 208 - 211 - 212 - 213 - 216 - 217 - 218 - 219 - 222 - 223 - 224 - 226 - 227 - 228 - 229 - 230 - 232 - 233 - 235 - 239 - 242 - 243 - 244 - 245 - 247 - 248 - 250 - 251 - 254 - 255 - 256 - 257 - 258 - 259 - 260 - 262 - 264 - 265 - 266 - 270 - 278 - 279 - 280 - 281 - 283 - 286 - 287 - 289 - 290 - 291 - 292 - 295 - 297 - 298 - 299 - 300 - 301 - 303 - 307 - 309 - 310 - 311 - 312 - 313 - 314 - 315 - 316 - 318 - 319 - 320 - 326 - 327 - 330 - 331 - 332 - 333 - 334 - 336 - 337 - 340 - 341 - 342 - 345 - 346 - 348 - 350 - 354 - 356 - 358 - 360 - 361 - 362 - 366 - 368 - 370 - 371 - 372 - 374 - 375 - 377 - 378 - 379 - 380 - 381 - 384 - 387 - 388 - 389 - 391 - 392 - 393 - 395 - 396 - 397 - 398 - 399 - 400 - 401 - 404 - 405 - 408 - 409 - 410 - 413 - 415 - 416 - 418 - 420 - 421 - 424 - 425 - 429 - 431 - 433 - 436 - 437 - 438 - 440 - 441 - 442 - 445 - 446 - 447 - 450 - 451 - 452 - 453 - 454 - 456 - 457 - 458 - 460 - 462 - 464 - 466 - 467 - 468 - 472 - 478 - 482 - 483 - 484 - 485 - 486 - 487 - 488 - 490 - 493 - 494 - 495 - 496 - 498 - 499,21962734.7,0.1,91870,106101,113.25,Cost: 91870 & Capacity: 106101
7 - 9 - 10 - 11 - 13 - 14 - 15 - 16 - 18 - 21 - 22 - 23 - 26 - 27 - 28 - 30 - 33 - 34 - 35 - 38 - 39 - 43 - 44 - 45 - 47 - 48 - 49 - 50 - 52 - 54 - 55 - 56 - 57 - 58 - 60 - 61 - 62 - 64 - 65 - 67 - 68 - 70 - 73 - 75 - 76 - 80 - 81 - 84 - 85 - 87 - 88 - 89 - 93 - 94 - 96 - 97 - 101 - 103 - 105 - 108 - 110 - 111 - 112 - 114 - 115 - 117 - 120 - 121 - 123 - 124 - 126 - 127 - 129 - 133 - 136 - 137 - 138 - 139 - 141 - 142 - 143 - 144 - 145 - 146 - 148 - 149 - 151 - 152 - 156 - 157 - 158 - 160 - 161 - 162 - 163 - 165 - 167 - 168 - 169 - 170 - 173 - 174 - 175 - 177 - 180 - 182 - 183 - 184 - 185 - 186 - 187 - 189 - 190 - 191 - 192 - 193 - 194 - 195 - 196 - 201 - 202 - 203 - 206 - 207 - 208 - 211 - 212 - 213 - 216 - 217 - 218 - 219 - 222 - 223 - 224 - 226 - 227 - 228 - 229 - 230 - 232 - 233 - 235 - 239 - 242 - 243 - 244 - 245 - 247 - 248 - 250 - 251 - 254 - 255 - 256 - 257 - 258 - 259 - 260 - 262 - 264 - 265 - 266 - 270 - 278 - 279 - 280 - 281 - 283 - 286 - 287 - 289 - 290 - 291 - 292 - 295 - 297 - 298 - 299 - 300 - 301 - 303 - 307 - 309 - 310 - 311 - 312 - 313 - 314 - 315 - 316 - 318 - 319 - 320 - 326 - 327 - 330 - 331 - 332 - 333 - 334 - 336 - 337 - 340 - 341 - 342 - 345 - 346 - 348 - 350 - 354 - 356 - 358 - 360 - 361 - 362 - 366 - 368 - 370 - 371 - 372 - 374 - 375 - 377 - 378 - 379 - 380 - 381 - 384 - 387 - 388 - 389 - 391 - 392 - 393 - 395 - 396 - 397 - 398 - 399 - 400 - 401 - 404 - 405 - 408 - 409 - 410 - 413 - 415 - 416 - 418 - 420 - 421 - 424 - 425 - 429 - 431 - 433 - 436 - 437 - 438 - 440 - 441 - 442 - 445 - 446 - 447 - 450 - 451 - 452 - 453 - 454 - 456 - 457 - 458 - 460 - 462 - 464 - 466 - 467 - 468 - 472 - 478 - 482 - 483 - 484 - 485 - 486 - 487 - 488 - 490 - 493 - 494 - 495 - 496 - 498 - 499,21962734.7,0.1,91870,106101,117.44,Cost: 91870 & Capacity: 106101
