Nodes,MaxSum,MaxMin,Cost,Capacity,Time,Constraint values
6 - 10 - 24 - 40 - 64 - 71 - 78 - 79 - 82 - 88 - 97 - 103 - 104 - 107 - 108 - 111 - 115 - 121 - 123 - 126 - 128 - 135 - 140 - 142 - 155 - 156 - 159 - 179 - 189 - 193 - 196 - 201 - 205 - 214 - 220 - 225 - 228 - 243 - 248 - 253 - 256 - 257 - 263 - 267 - 271 - 273 - 280 - 281 - 291 - 294 - 296 - 301 - 302 - 312 - 318 - 319 - 321 - 328 - 330 - 337 - 338 - 342 - 343 - 346 - 349 - 350 - 359 - 366 - 374 - 376 - 377 - 381 - 383 - 385 - 387 - 390 - 398 - 400 - 401 - 408 - 411 - 412 - 419 - 421 - 423 - 425 - 428 - 430 - 434 - 435 - 443 - 450 - 461 - 463 - 470 - 478 - 481 - 482 - 486 - 489 - 490 - 493 - 498,75714.8,8.5,62694,54046,13.66,Cost: 62694 & Capacity: 54046
4 - 6 - 9 - 10 - 11 - 14 - 16 - 22 - 24 - 28 - 30 - 36 - 41 - 43 - 45 - 46 - 58 - 64 - 69 - 71 - 72 - 73 - 74 - 75 - 78 - 79 - 80 - 82 - 83 - 85 - 98 - 115 - 116 - 123 - 124 - 127 - 132 - 135 - 149 - 155 - 156 - 157 - 158 - 164 - 171 - 178 - 179 - 181 - 185 - 196 - 197 - 201 - 202 - 204 - 215 - 216 - 220 - 225 - 227 - 232 - 245 - 267 - 271 - 273 - 274 - 279 - 280 - 281 - 282 - 284 - 286 - 289 - 290 - 291 - 294 - 302 - 307 - 311 - 312 - 314 - 316 - 318 - 320 - 321 - 330 - 337 - 342 - 350 - 351 - 354 - 356 - 359 - 362 - 366 - 372 - 373 - 374 - 381 - 386 - 387 - 388 - 390 - 391 - 398 - 399 - 401 - 404 - 406 - 408 - 411 - 412 - 413 - 414 - 415 - 421 - 425 - 426 - 428 - 431 - 440 - 442 - 443 - 446 - 450 - 451 - 463 - 474 - 478 - 481 - 482 - 485 - 486 - 489 - 490 - 491,127559.8,7.9,62931,56360,13.15,Cost: 62931 & Capacity: 56360
4 - 6 - 10 - 11 - 14 - 16 - 22 - 24 - 28 - 40 - 41 - 42 - 43 - 45 - 46 - 58 - 64 - 69 - 71 - 72 - 73 - 75 - 78 - 79 - 80 - 82 - 83 - 85 - 98 - 107 - 111 - 115 - 116 - 123 - 124 - 127 - 132 - 135 - 149 - 155 - 156 - 158 - 164 - 169 - 171 - 179 - 181 - 184 - 185 - 196 - 197 - 201 - 202 - 204 - 216 - 220 - 225 - 227 - 232 - 245 - 257 - 263 - 267 - 271 - 273 - 274 - 279 - 280 - 281 - 289 - 290 - 291 - 294 - 302 - 307 - 311 - 312 - 314 - 316 - 320 - 321 - 330 - 337 - 342 - 350 - 351 - 354 - 356 - 359 - 362 - 366 - 374 - 381 - 386 - 387 - 388 - 390 - 391 - 398 - 399 - 400 - 401 - 404 - 406 - 408 - 411 - 412 - 413 - 414 - 415 - 421 - 425 - 428 - 431 - 434 - 440 - 442 - 443 - 446 - 450 - 451 - 461 - 463 - 470 - 478 - 481 - 482 - 485 - 486 - 489 - 491,120303.5,8.0,62895,56440,13.18,Cost: 62895 & Capacity: 56440
1 - 2 - 4 - 6 - 8 - 11 - 12 - 14 - 16 - 19 - 21 - 24 - 26 - 27 - 30 - 36 - 41 - 42 - 43 - 45 - 46 - 49 - 50 - 52 - 54 - 57 - 60 - 62 - 64 - 66 - 67 - 71 - 72 - 74 - 75 - 78 - 79 - 80 - 82 - 85 - 88 - 91 - 92 - 97 - 98 - 99 - 101 - 102 - 103 - 107 - 108 - 110 - 111 - 115 - 120 - 121 - 122 - 123 - 124 - 126 - 127 - 131 - 132 - 135 - 140 - 141 - 146 - 156 - 157 - 164 - 169 - 171 - 174 - 177 - 178 - 179 - 187 - 194 - 196 - 197 - 202 - 204 - 207 - 211 - 215 - 216 - 217 - 220 - 221 - 222 - 225 - 226 - 228 - 230 - 232 - 236 - 243 - 244 - 253 - 263 - 265 - 267 - 271 - 273 - 274 - 276 - 281 - 283 - 286 - 289 - 291 - 293 - 294 - 295 - 301 - 302 - 307 - 309 - 310 - 311 - 312 - 314 - 316 - 318 - 319 - 321 - 324 - 337 - 338 - 340 - 341 - 356 - 359 - 366 - 373 - 379 - 381 - 383 - 387 - 389 - 390 - 391 - 396 - 397 - 398 - 399 - 404 - 405 - 406 - 408 - 411 - 414 - 419 - 421 - 423 - 426 - 431 - 436 - 439 - 440 - 443 - 451 - 452 - 454 - 455 - 461 - 462 - 469 - 470 - 473 - 486 - 489 - 490 - 491 - 493 - 498,208503.4,6.9,63162,60664,17.92,Cost: 63162 & Capacity: 60664
1 - 2 - 4 - 5 - 6 - 8 - 10 - 11 - 12 - 14 - 15 - 16 - 18 - 19 - 20 - 22 - 24 - 26 - 27 - 29 - 30 - 34 - 35 - 36 - 40 - 41 - 43 - 44 - 45 - 46 - 49 - 50 - 52 - 57 - 58 - 60 - 61 - 63 - 66 - 67 - 68 - 71 - 72 - 74 - 75 - 77 - 78 - 79 - 80 - 81 - 82 - 83 - 85 - 87 - 88 - 90 - 91 - 92 - 97 - 98 - 99 - 101 - 102 - 103 - 105 - 106 - 108 - 110 - 112 - 115 - 116 - 117 - 118 - 120 - 121 - 122 - 123 - 124 - 125 - 126 - 127 - 129 - 131 - 133 - 134 - 135 - 137 - 140 - 141 - 145 - 146 - 149 - 152 - 157 - 158 - 163 - 164 - 167 - 169 - 171 - 178 - 179 - 184 - 185 - 187 - 188 - 189 - 194 - 202 - 204 - 205 - 207 - 208 - 211 - 212 - 215 - 216 - 217 - 222 - 225 - 226 - 227 - 229 - 232 - 234 - 235 - 236 - 237 - 239 - 242 - 247 - 249 - 252 - 253 - 254 - 255 - 260 - 263 - 267 - 269 - 271 - 273 - 274 - 276 - 278 - 279 - 283 - 286 - 293 - 295 - 297 - 299 - 302 - 305 - 306 - 309 - 310 - 311 - 312 - 314 - 315 - 316 - 318 - 321 - 324 - 326 - 329 - 330 - 331 - 337 - 340 - 341 - 343 - 347 - 350 - 354 - 355 - 356 - 358 - 359 - 366 - 368 - 372 - 373 - 374 - 378 - 379 - 380 - 381 - 382 - 383 - 384 - 387 - 389 - 390 - 391 - 394 - 396 - 397 - 399 - 401 - 404 - 405 - 406 - 408 - 409 - 410 - 413 - 414 - 419 - 423 - 426 - 427 - 429 - 431 - 434 - 436 - 438 - 439 - 440 - 441 - 442 - 443 - 444 - 447 - 451 - 455 - 456 - 457 - 458 - 461 - 462 - 464 - 469 - 470 - 471 - 473 - 474 - 479 - 480 - 482 - 483 - 489 - 490 - 495 - 498 - 499,386094.0,3.8,63210,71926,19.95,Cost: 63210 & Capacity: 71926
1 - 2 - 4 - 5 - 6 - 8 - 10 - 11 - 12 - 14 - 15 - 16 - 18 - 19 - 20 - 22 - 24 - 26 - 27 - 29 - 30 - 34 - 35 - 36 - 40 - 41 - 43 - 44 - 45 - 46 - 49 - 50 - 52 - 57 - 58 - 60 - 61 - 63 - 66 - 67 - 68 - 71 - 72 - 74 - 75 - 77 - 78 - 79 - 80 - 81 - 82 - 83 - 85 - 87 - 88 - 90 - 91 - 92 - 97 - 98 - 99 - 101 - 102 - 103 - 105 - 106 - 108 - 110 - 112 - 115 - 116 - 117 - 118 - 120 - 121 - 122 - 123 - 124 - 125 - 126 - 127 - 129 - 131 - 133 - 134 - 135 - 137 - 140 - 141 - 145 - 146 - 149 - 152 - 157 - 158 - 163 - 164 - 167 - 169 - 171 - 178 - 179 - 184 - 185 - 187 - 188 - 189 - 194 - 202 - 204 - 205 - 207 - 208 - 211 - 212 - 215 - 216 - 217 - 222 - 225 - 226 - 227 - 229 - 232 - 234 - 235 - 236 - 237 - 239 - 242 - 247 - 249 - 252 - 253 - 254 - 255 - 260 - 263 - 267 - 269 - 271 - 273 - 274 - 276 - 278 - 279 - 283 - 286 - 293 - 295 - 297 - 299 - 302 - 305 - 306 - 309 - 310 - 311 - 312 - 314 - 315 - 316 - 318 - 321 - 324 - 326 - 329 - 330 - 331 - 337 - 340 - 341 - 343 - 347 - 350 - 354 - 355 - 356 - 358 - 359 - 366 - 368 - 372 - 373 - 374 - 378 - 379 - 380 - 381 - 382 - 383 - 384 - 387 - 389 - 390 - 391 - 394 - 396 - 397 - 399 - 401 - 404 - 405 - 406 - 408 - 409 - 410 - 413 - 414 - 419 - 423 - 426 - 427 - 429 - 431 - 434 - 436 - 438 - 439 - 440 - 441 - 442 - 443 - 444 - 447 - 451 - 455 - 456 - 457 - 458 - 461 - 462 - 464 - 469 - 470 - 471 - 473 - 474 - 479 - 480 - 482 - 483 - 489 - 490 - 495 - 498 - 499,386094.0,3.8,63210,71926,21.8,Cost: 63210 & Capacity: 71926
1 - 2 - 4 - 5 - 6 - 8 - 10 - 11 - 12 - 14 - 15 - 16 - 18 - 19 - 20 - 22 - 24 - 26 - 27 - 29 - 30 - 34 - 35 - 36 - 40 - 41 - 43 - 44 - 45 - 46 - 49 - 50 - 52 - 57 - 58 - 60 - 61 - 63 - 66 - 67 - 68 - 71 - 72 - 74 - 75 - 77 - 78 - 79 - 80 - 81 - 82 - 83 - 85 - 87 - 88 - 90 - 91 - 92 - 97 - 98 - 99 - 101 - 102 - 103 - 105 - 106 - 108 - 110 - 112 - 115 - 116 - 117 - 118 - 120 - 121 - 122 - 123 - 124 - 125 - 126 - 127 - 129 - 131 - 133 - 134 - 135 - 137 - 140 - 141 - 145 - 146 - 149 - 152 - 157 - 158 - 163 - 164 - 167 - 169 - 171 - 178 - 179 - 184 - 185 - 187 - 188 - 189 - 194 - 202 - 204 - 205 - 207 - 208 - 211 - 212 - 215 - 216 - 217 - 222 - 225 - 226 - 227 - 229 - 232 - 234 - 235 - 236 - 237 - 239 - 242 - 247 - 249 - 252 - 253 - 254 - 255 - 260 - 263 - 267 - 269 - 271 - 273 - 274 - 276 - 278 - 279 - 283 - 286 - 293 - 295 - 297 - 299 - 302 - 305 - 306 - 309 - 310 - 311 - 312 - 314 - 315 - 316 - 318 - 321 - 324 - 326 - 329 - 330 - 331 - 337 - 340 - 341 - 343 - 347 - 350 - 354 - 355 - 356 - 358 - 359 - 366 - 368 - 372 - 373 - 374 - 378 - 379 - 380 - 381 - 382 - 383 - 384 - 387 - 389 - 390 - 391 - 394 - 396 - 397 - 399 - 401 - 404 - 405 - 406 - 408 - 409 - 410 - 413 - 414 - 419 - 423 - 426 - 427 - 429 - 431 - 434 - 436 - 438 - 439 - 440 - 441 - 442 - 443 - 444 - 447 - 451 - 455 - 456 - 457 - 458 - 461 - 462 - 464 - 469 - 470 - 471 - 473 - 474 - 479 - 480 - 482 - 483 - 489 - 490 - 495 - 498 - 499,386094.0,3.8,63210,71926,29.21,Cost: 63210 & Capacity: 71926
2 - 4 - 6 - 11 - 14 - 16 - 26 - 37 - 40 - 41 - 57 - 58 - 64 - 68 - 71 - 78 - 79 - 82 - 88 - 90 - 97 - 103 - 104 - 111 - 116 - 120 - 121 - 123 - 124 - 128 - 135 - 140 - 149 - 155 - 156 - 171 - 178 - 179 - 181 - 185 - 196 - 201 - 204 - 207 - 214 - 220 - 228 - 229 - 232 - 242 - 243 - 248 - 253 - 255 - 256 - 257 - 263 - 267 - 273 - 274 - 281 - 282 - 289 - 291 - 294 - 296 - 297 - 301 - 302 - 312 - 314 - 321 - 330 - 335 - 337 - 338 - 342 - 343 - 352 - 356 - 359 - 366 - 372 - 376 - 387 - 389 - 390 - 398 - 401 - 403 - 404 - 408 - 411 - 412 - 413 - 419 - 423 - 425 - 428 - 430 - 431 - 434 - 443 - 444 - 445 - 450 - 461 - 463 - 470 - 471 - 476 - 478 - 482 - 486 - 490 - 491 - 493 - 498,98029.6,8.2,63064,55910,29.65,Cost: 63064 & Capacity: 55910
4 - 6 - 10 - 11 - 14 - 16 - 21 - 24 - 40 - 41 - 42 - 54 - 58 - 64 - 69 - 71 - 75 - 78 - 79 - 80 - 82 - 88 - 97 - 98 - 111 - 121 - 122 - 123 - 124 - 127 - 135 - 140 - 146 - 155 - 156 - 159 - 179 - 181 - 185 - 189 - 192 - 194 - 197 - 201 - 204 - 210 - 214 - 216 - 220 - 228 - 242 - 243 - 257 - 263 - 267 - 271 - 273 - 274 - 280 - 281 - 282 - 289 - 291 - 294 - 296 - 302 - 307 - 312 - 318 - 321 - 330 - 332 - 333 - 337 - 338 - 347 - 350 - 351 - 356 - 359 - 362 - 366 - 374 - 376 - 377 - 381 - 383 - 385 - 390 - 391 - 398 - 399 - 404 - 408 - 411 - 414 - 419 - 421 - 423 - 425 - 428 - 430 - 431 - 433 - 434 - 440 - 442 - 443 - 450 - 451 - 461 - 463 - 478 - 482 - 486 - 489 - 491,97545.6,8.3,63020,55602,30.08,Cost: 63020 & Capacity: 55602
1 - 2 - 4 - 5 - 6 - 8 - 10 - 11 - 12 - 14 - 15 - 16 - 18 - 19 - 20 - 22 - 24 - 26 - 27 - 29 - 30 - 34 - 35 - 36 - 40 - 41 - 43 - 44 - 45 - 46 - 49 - 50 - 52 - 57 - 58 - 60 - 61 - 63 - 66 - 67 - 68 - 71 - 72 - 74 - 75 - 77 - 78 - 79 - 80 - 81 - 82 - 83 - 85 - 87 - 88 - 90 - 91 - 92 - 97 - 98 - 99 - 101 - 102 - 103 - 105 - 106 - 108 - 110 - 112 - 115 - 116 - 117 - 118 - 120 - 121 - 122 - 123 - 124 - 125 - 126 - 127 - 129 - 131 - 133 - 134 - 135 - 137 - 140 - 141 - 145 - 146 - 149 - 152 - 157 - 158 - 163 - 164 - 167 - 169 - 171 - 178 - 179 - 184 - 185 - 187 - 188 - 189 - 194 - 202 - 204 - 205 - 207 - 208 - 211 - 212 - 215 - 216 - 217 - 222 - 225 - 226 - 227 - 229 - 232 - 234 - 235 - 236 - 237 - 239 - 242 - 247 - 249 - 252 - 253 - 254 - 255 - 260 - 263 - 267 - 269 - 271 - 273 - 274 - 276 - 278 - 279 - 283 - 286 - 293 - 295 - 297 - 299 - 302 - 305 - 306 - 309 - 310 - 311 - 312 - 314 - 315 - 316 - 318 - 321 - 324 - 326 - 329 - 330 - 331 - 337 - 340 - 341 - 343 - 347 - 350 - 354 - 355 - 356 - 358 - 359 - 366 - 368 - 372 - 373 - 374 - 378 - 379 - 380 - 381 - 382 - 383 - 384 - 387 - 389 - 390 - 391 - 394 - 396 - 397 - 399 - 401 - 404 - 405 - 406 - 408 - 409 - 410 - 413 - 414 - 419 - 423 - 426 - 427 - 429 - 431 - 434 - 436 - 438 - 439 - 440 - 441 - 442 - 443 - 444 - 447 - 451 - 455 - 456 - 457 - 458 - 461 - 462 - 464 - 469 - 470 - 471 - 473 - 474 - 479 - 480 - 482 - 483 - 489 - 490 - 495 - 498 - 499,386094.0,3.8,63210,71926,37.44,Cost: 63210 & Capacity: 71926
1 - 2 - 4 - 5 - 6 - 8 - 10 - 11 - 12 - 14 - 15 - 16 - 18 - 19 - 20 - 22 - 24 - 26 - 27 - 29 - 30 - 34 - 35 - 36 - 40 - 41 - 43 - 44 - 45 - 46 - 49 - 50 - 52 - 57 - 58 - 60 - 61 - 63 - 66 - 67 - 68 - 71 - 72 - 74 - 75 - 77 - 78 - 79 - 80 - 81 - 82 - 83 - 85 - 87 - 88 - 90 - 91 - 92 - 97 - 98 - 99 - 101 - 102 - 103 - 105 - 106 - 108 - 110 - 112 - 115 - 116 - 117 - 118 - 120 - 121 - 122 - 123 - 124 - 125 - 126 - 127 - 129 - 131 - 133 - 134 - 135 - 137 - 140 - 141 - 145 - 146 - 149 - 152 - 157 - 158 - 163 - 164 - 167 - 169 - 171 - 178 - 179 - 184 - 185 - 187 - 188 - 189 - 194 - 202 - 204 - 205 - 207 - 208 - 211 - 212 - 215 - 216 - 217 - 222 - 225 - 226 - 227 - 229 - 232 - 234 - 235 - 236 - 237 - 239 - 242 - 247 - 249 - 252 - 253 - 254 - 255 - 260 - 263 - 267 - 269 - 271 - 273 - 274 - 276 - 278 - 279 - 283 - 286 - 293 - 295 - 297 - 299 - 302 - 305 - 306 - 309 - 310 - 311 - 312 - 314 - 315 - 316 - 318 - 321 - 324 - 326 - 329 - 330 - 331 - 337 - 340 - 341 - 343 - 347 - 350 - 354 - 355 - 356 - 358 - 359 - 366 - 368 - 372 - 373 - 374 - 378 - 379 - 380 - 381 - 382 - 383 - 384 - 387 - 389 - 390 - 391 - 394 - 396 - 397 - 399 - 401 - 404 - 405 - 406 - 408 - 409 - 410 - 413 - 414 - 419 - 423 - 426 - 427 - 429 - 431 - 434 - 436 - 438 - 439 - 440 - 441 - 442 - 443 - 444 - 447 - 451 - 455 - 456 - 457 - 458 - 461 - 462 - 464 - 469 - 470 - 471 - 473 - 474 - 479 - 480 - 482 - 483 - 489 - 490 - 495 - 498 - 499,386094.0,3.8,63210,71926,38.57,Cost: 63210 & Capacity: 71926
1 - 2 - 4 - 5 - 6 - 8 - 10 - 11 - 12 - 14 - 15 - 16 - 18 - 19 - 20 - 22 - 24 - 26 - 27 - 29 - 30 - 34 - 35 - 36 - 40 - 41 - 43 - 44 - 45 - 46 - 49 - 50 - 52 - 57 - 58 - 60 - 61 - 63 - 66 - 67 - 68 - 71 - 72 - 74 - 75 - 77 - 78 - 79 - 80 - 81 - 82 - 83 - 85 - 87 - 88 - 90 - 91 - 92 - 97 - 98 - 99 - 101 - 102 - 103 - 105 - 106 - 108 - 110 - 112 - 115 - 116 - 117 - 118 - 120 - 121 - 122 - 123 - 124 - 125 - 126 - 127 - 129 - 131 - 133 - 134 - 135 - 137 - 140 - 141 - 145 - 146 - 149 - 152 - 157 - 158 - 163 - 164 - 167 - 169 - 171 - 178 - 179 - 184 - 185 - 187 - 188 - 189 - 194 - 202 - 204 - 205 - 207 - 208 - 211 - 212 - 215 - 216 - 217 - 222 - 225 - 226 - 227 - 229 - 232 - 234 - 235 - 236 - 237 - 239 - 242 - 247 - 249 - 252 - 253 - 254 - 255 - 260 - 263 - 267 - 269 - 271 - 273 - 274 - 276 - 278 - 279 - 283 - 286 - 293 - 295 - 297 - 299 - 302 - 305 - 306 - 309 - 310 - 311 - 312 - 314 - 315 - 316 - 318 - 321 - 324 - 326 - 329 - 330 - 331 - 337 - 340 - 341 - 343 - 347 - 350 - 354 - 355 - 356 - 358 - 359 - 366 - 368 - 372 - 373 - 374 - 378 - 379 - 380 - 381 - 382 - 383 - 384 - 387 - 389 - 390 - 391 - 394 - 396 - 397 - 399 - 401 - 404 - 405 - 406 - 408 - 409 - 410 - 413 - 414 - 419 - 423 - 426 - 427 - 429 - 431 - 434 - 436 - 438 - 439 - 440 - 441 - 442 - 443 - 444 - 447 - 451 - 455 - 456 - 457 - 458 - 461 - 462 - 464 - 469 - 470 - 471 - 473 - 474 - 479 - 480 - 482 - 483 - 489 - 490 - 495 - 498 - 499,386094.0,3.8,63210,71926,38.82,Cost: 63210 & Capacity: 71926
1 - 2 - 4 - 6 - 8 - 11 - 12 - 14 - 16 - 19 - 21 - 22 - 24 - 26 - 27 - 35 - 41 - 42 - 43 - 45 - 46 - 50 - 54 - 57 - 60 - 62 - 64 - 67 - 68 - 69 - 71 - 72 - 74 - 75 - 78 - 79 - 80 - 82 - 85 - 91 - 92 - 97 - 99 - 102 - 103 - 107 - 115 - 116 - 120 - 121 - 122 - 123 - 127 - 130 - 132 - 133 - 134 - 135 - 140 - 145 - 149 - 156 - 157 - 164 - 165 - 169 - 174 - 177 - 179 - 181 - 185 - 187 - 196 - 197 - 201 - 204 - 207 - 215 - 216 - 217 - 221 - 222 - 225 - 228 - 230 - 232 - 240 - 244 - 252 - 255 - 263 - 267 - 273 - 274 - 276 - 278 - 281 - 283 - 286 - 289 - 291 - 294 - 295 - 302 - 306 - 310 - 311 - 312 - 314 - 315 - 316 - 318 - 319 - 321 - 324 - 329 - 330 - 332 - 337 - 338 - 340 - 341 - 354 - 355 - 356 - 359 - 362 - 366 - 369 - 373 - 379 - 380 - 381 - 383 - 387 - 389 - 390 - 391 - 397 - 398 - 399 - 401 - 404 - 405 - 406 - 408 - 411 - 414 - 419 - 421 - 423 - 436 - 438 - 440 - 443 - 451 - 455 - 457 - 461 - 470 - 471 - 473 - 476 - 478 - 480 - 482 - 486 - 490 - 491 - 498,196087.0,7.0,63146,60891,42.3,Cost: 63146 & Capacity: 60891
4 - 6 - 8 - 10 - 11 - 12 - 14 - 16 - 19 - 21 - 24 - 26 - 41 - 42 - 43 - 45 - 46 - 50 - 54 - 57 - 62 - 64 - 67 - 71 - 72 - 73 - 74 - 75 - 78 - 79 - 80 - 82 - 85 - 91 - 92 - 97 - 99 - 102 - 103 - 107 - 111 - 115 - 116 - 118 - 120 - 121 - 122 - 123 - 127 - 128 - 132 - 133 - 134 - 135 - 140 - 145 - 149 - 156 - 157 - 164 - 165 - 169 - 171 - 174 - 177 - 179 - 181 - 185 - 187 - 196 - 197 - 204 - 214 - 215 - 216 - 217 - 221 - 222 - 228 - 230 - 232 - 240 - 244 - 252 - 263 - 267 - 271 - 273 - 274 - 276 - 281 - 283 - 286 - 289 - 291 - 294 - 295 - 302 - 306 - 307 - 310 - 312 - 314 - 315 - 316 - 318 - 319 - 321 - 330 - 332 - 337 - 338 - 340 - 341 - 354 - 355 - 356 - 359 - 362 - 366 - 373 - 379 - 380 - 381 - 383 - 384 - 387 - 389 - 390 - 398 - 399 - 401 - 404 - 405 - 406 - 408 - 411 - 414 - 421 - 423 - 436 - 438 - 440 - 443 - 451 - 454 - 455 - 457 - 461 - 470 - 471 - 476 - 480 - 482 - 486 - 489 - 491 - 493 - 498,173528.5,7.4,63079,58751,42.32,Cost: 63079 & Capacity: 58751
1 - 2 - 4 - 5 - 6 - 8 - 10 - 11 - 12 - 14 - 15 - 16 - 18 - 19 - 20 - 22 - 24 - 26 - 27 - 29 - 30 - 34 - 35 - 36 - 40 - 41 - 43 - 44 - 45 - 46 - 49 - 50 - 52 - 57 - 58 - 60 - 61 - 63 - 66 - 67 - 68 - 71 - 72 - 74 - 75 - 77 - 78 - 79 - 80 - 81 - 82 - 83 - 85 - 86 - 87 - 88 - 90 - 91 - 92 - 97 - 98 - 99 - 101 - 102 - 103 - 105 - 106 - 108 - 110 - 112 - 115 - 116 - 117 - 118 - 120 - 121 - 122 - 123 - 124 - 125 - 126 - 127 - 129 - 131 - 133 - 134 - 135 - 137 - 140 - 141 - 145 - 146 - 149 - 152 - 157 - 158 - 164 - 167 - 169 - 171 - 178 - 179 - 184 - 185 - 187 - 188 - 189 - 194 - 202 - 204 - 205 - 207 - 208 - 211 - 212 - 215 - 216 - 217 - 222 - 225 - 226 - 227 - 229 - 232 - 234 - 235 - 236 - 237 - 239 - 242 - 247 - 249 - 252 - 253 - 254 - 255 - 260 - 263 - 267 - 269 - 271 - 273 - 274 - 276 - 278 - 279 - 283 - 286 - 293 - 295 - 297 - 299 - 302 - 305 - 306 - 309 - 310 - 311 - 312 - 314 - 315 - 316 - 318 - 319 - 321 - 324 - 326 - 329 - 330 - 331 - 337 - 340 - 341 - 343 - 347 - 350 - 354 - 355 - 356 - 358 - 366 - 368 - 372 - 373 - 374 - 378 - 379 - 380 - 381 - 382 - 383 - 384 - 387 - 389 - 390 - 391 - 394 - 396 - 397 - 399 - 401 - 404 - 405 - 406 - 408 - 409 - 410 - 413 - 414 - 419 - 423 - 426 - 427 - 429 - 431 - 434 - 436 - 438 - 439 - 440 - 441 - 442 - 443 - 444 - 447 - 451 - 455 - 456 - 457 - 458 - 461 - 462 - 464 - 469 - 470 - 471 - 473 - 474 - 479 - 480 - 482 - 483 - 489 - 490 - 495 - 498 - 499,385835.9,3.8,63203,72701,44.21,Cost: 63203 & Capacity: 72701
1 - 2 - 4 - 6 - 8 - 10 - 11 - 12 - 14 - 15 - 16 - 18 - 19 - 22 - 24 - 26 - 27 - 29 - 30 - 34 - 35 - 36 - 40 - 41 - 43 - 44 - 45 - 46 - 49 - 50 - 52 - 57 - 58 - 60 - 61 - 63 - 66 - 67 - 68 - 71 - 72 - 74 - 75 - 77 - 78 - 79 - 80 - 81 - 82 - 83 - 85 - 87 - 88 - 90 - 91 - 92 - 97 - 98 - 99 - 101 - 102 - 103 - 105 - 106 - 108 - 110 - 112 - 115 - 116 - 117 - 118 - 120 - 121 - 122 - 123 - 124 - 125 - 126 - 127 - 129 - 131 - 133 - 134 - 135 - 137 - 140 - 141 - 145 - 146 - 149 - 152 - 157 - 158 - 164 - 167 - 169 - 171 - 178 - 179 - 181 - 184 - 185 - 187 - 188 - 189 - 194 - 202 - 204 - 207 - 208 - 211 - 215 - 216 - 217 - 222 - 225 - 226 - 227 - 228 - 229 - 232 - 234 - 235 - 236 - 237 - 239 - 242 - 247 - 249 - 252 - 253 - 254 - 255 - 260 - 263 - 267 - 269 - 271 - 273 - 274 - 276 - 278 - 279 - 283 - 286 - 293 - 295 - 297 - 299 - 302 - 305 - 306 - 309 - 310 - 311 - 312 - 314 - 315 - 316 - 318 - 319 - 321 - 324 - 326 - 329 - 330 - 331 - 337 - 340 - 341 - 343 - 347 - 350 - 354 - 355 - 356 - 358 - 359 - 366 - 368 - 372 - 373 - 374 - 378 - 379 - 380 - 381 - 382 - 383 - 384 - 387 - 389 - 390 - 391 - 394 - 396 - 397 - 399 - 401 - 404 - 405 - 406 - 408 - 409 - 410 - 413 - 414 - 419 - 423 - 426 - 427 - 429 - 431 - 434 - 436 - 438 - 439 - 440 - 441 - 442 - 443 - 444 - 447 - 451 - 455 - 456 - 457 - 458 - 461 - 462 - 464 - 469 - 470 - 471 - 473 - 474 - 479 - 480 - 482 - 483 - 487 - 489 - 490 - 495 - 498 - 499,385361.8,3.9,63199,71676,47.01,Cost: 63199 & Capacity: 71676
1 - 2 - 4 - 5 - 6 - 8 - 10 - 11 - 12 - 14 - 15 - 16 - 18 - 19 - 20 - 22 - 24 - 26 - 27 - 29 - 30 - 34 - 35 - 36 - 40 - 41 - 43 - 44 - 45 - 46 - 49 - 50 - 52 - 57 - 58 - 60 - 61 - 63 - 66 - 67 - 68 - 71 - 72 - 74 - 75 - 77 - 78 - 79 - 80 - 81 - 82 - 83 - 85 - 87 - 88 - 90 - 91 - 92 - 97 - 98 - 99 - 101 - 102 - 103 - 105 - 106 - 108 - 110 - 112 - 115 - 116 - 117 - 118 - 120 - 121 - 122 - 123 - 124 - 125 - 126 - 127 - 129 - 131 - 133 - 134 - 135 - 137 - 140 - 141 - 145 - 146 - 149 - 152 - 157 - 158 - 163 - 164 - 167 - 169 - 171 - 178 - 179 - 184 - 185 - 187 - 188 - 189 - 194 - 202 - 204 - 205 - 207 - 208 - 211 - 212 - 215 - 216 - 217 - 222 - 225 - 226 - 227 - 229 - 232 - 234 - 235 - 236 - 237 - 239 - 242 - 247 - 249 - 252 - 253 - 254 - 255 - 260 - 263 - 267 - 269 - 271 - 273 - 274 - 276 - 278 - 279 - 283 - 286 - 293 - 295 - 297 - 299 - 302 - 305 - 306 - 309 - 310 - 311 - 312 - 314 - 315 - 316 - 318 - 321 - 324 - 326 - 329 - 330 - 331 - 337 - 340 - 341 - 343 - 347 - 350 - 354 - 355 - 356 - 358 - 359 - 366 - 368 - 372 - 373 - 374 - 378 - 379 - 380 - 381 - 382 - 383 - 384 - 387 - 389 - 390 - 391 - 394 - 396 - 397 - 399 - 401 - 404 - 405 - 406 - 408 - 409 - 410 - 413 - 414 - 419 - 423 - 426 - 427 - 429 - 431 - 434 - 436 - 438 - 439 - 440 - 441 - 442 - 443 - 444 - 447 - 451 - 455 - 456 - 457 - 458 - 461 - 462 - 464 - 469 - 470 - 471 - 473 - 474 - 479 - 480 - 482 - 483 - 489 - 490 - 495 - 498 - 499,386094.0,3.8,63210,71926,50.42,Cost: 63210 & Capacity: 71926
1 - 2 - 4 - 5 - 6 - 8 - 10 - 11 - 12 - 14 - 15 - 16 - 18 - 19 - 20 - 22 - 24 - 26 - 27 - 29 - 30 - 34 - 35 - 36 - 40 - 41 - 43 - 44 - 45 - 46 - 49 - 50 - 52 - 57 - 58 - 60 - 61 - 63 - 66 - 67 - 68 - 71 - 72 - 74 - 75 - 77 - 78 - 79 - 80 - 81 - 82 - 83 - 85 - 87 - 88 - 90 - 91 - 92 - 97 - 98 - 99 - 101 - 102 - 103 - 105 - 106 - 108 - 110 - 112 - 115 - 116 - 117 - 118 - 120 - 121 - 122 - 123 - 124 - 125 - 126 - 127 - 129 - 131 - 133 - 134 - 135 - 137 - 140 - 141 - 145 - 146 - 149 - 152 - 157 - 158 - 163 - 164 - 167 - 169 - 171 - 178 - 179 - 184 - 185 - 187 - 188 - 189 - 194 - 202 - 204 - 205 - 207 - 208 - 211 - 212 - 215 - 216 - 217 - 222 - 225 - 226 - 227 - 229 - 232 - 234 - 235 - 236 - 237 - 239 - 242 - 247 - 249 - 252 - 253 - 254 - 255 - 260 - 263 - 267 - 269 - 271 - 273 - 274 - 276 - 278 - 279 - 283 - 286 - 293 - 295 - 297 - 299 - 302 - 305 - 306 - 309 - 310 - 311 - 312 - 314 - 315 - 316 - 318 - 321 - 324 - 326 - 329 - 330 - 331 - 337 - 340 - 341 - 343 - 347 - 350 - 354 - 355 - 356 - 358 - 359 - 366 - 368 - 372 - 373 - 374 - 378 - 379 - 380 - 381 - 382 - 383 - 384 - 387 - 389 - 390 - 391 - 394 - 396 - 397 - 399 - 401 - 404 - 405 - 406 - 408 - 409 - 410 - 413 - 414 - 419 - 423 - 426 - 427 - 429 - 431 - 434 - 436 - 438 - 439 - 440 - 441 - 442 - 443 - 444 - 447 - 451 - 455 - 456 - 457 - 458 - 461 - 462 - 464 - 469 - 470 - 471 - 473 - 474 - 479 - 480 - 482 - 483 - 489 - 490 - 495 - 498 - 499,386094.0,3.8,63210,71926,62.46,Cost: 63210 & Capacity: 71926
1 - 2 - 4 - 5 - 6 - 8 - 10 - 11 - 12 - 14 - 15 - 16 - 18 - 19 - 20 - 22 - 24 - 26 - 27 - 29 - 30 - 34 - 35 - 36 - 40 - 41 - 43 - 44 - 45 - 46 - 49 - 50 - 52 - 57 - 58 - 60 - 61 - 63 - 66 - 67 - 68 - 71 - 72 - 74 - 75 - 77 - 78 - 79 - 80 - 81 - 82 - 83 - 85 - 87 - 88 - 90 - 91 - 92 - 97 - 98 - 99 - 101 - 102 - 103 - 105 - 106 - 108 - 110 - 112 - 115 - 116 - 117 - 118 - 120 - 121 - 122 - 123 - 124 - 125 - 126 - 127 - 129 - 131 - 133 - 134 - 135 - 137 - 140 - 141 - 145 - 146 - 149 - 152 - 157 - 158 - 163 - 164 - 167 - 169 - 171 - 178 - 179 - 184 - 185 - 187 - 188 - 189 - 194 - 202 - 204 - 205 - 207 - 208 - 211 - 212 - 215 - 216 - 217 - 222 - 225 - 226 - 227 - 229 - 232 - 234 - 235 - 236 - 237 - 239 - 242 - 247 - 249 - 252 - 253 - 254 - 255 - 260 - 263 - 267 - 269 - 271 - 273 - 274 - 276 - 278 - 279 - 283 - 286 - 293 - 295 - 297 - 299 - 302 - 305 - 306 - 309 - 310 - 311 - 312 - 314 - 315 - 316 - 318 - 321 - 324 - 326 - 329 - 330 - 331 - 337 - 340 - 341 - 343 - 347 - 350 - 354 - 355 - 356 - 358 - 359 - 366 - 368 - 372 - 373 - 374 - 378 - 379 - 380 - 381 - 382 - 383 - 384 - 387 - 389 - 390 - 391 - 394 - 396 - 397 - 399 - 401 - 404 - 405 - 406 - 408 - 409 - 410 - 413 - 414 - 419 - 423 - 426 - 427 - 429 - 431 - 434 - 436 - 438 - 439 - 440 - 441 - 442 - 443 - 444 - 447 - 451 - 455 - 456 - 457 - 458 - 461 - 462 - 464 - 469 - 470 - 471 - 473 - 474 - 479 - 480 - 482 - 483 - 489 - 490 - 495 - 498 - 499,386094.0,3.8,63210,71926,65.9,Cost: 63210 & Capacity: 71926
2 - 4 - 6 - 8 - 11 - 12 - 14 - 16 - 19 - 21 - 24 - 26 - 30 - 35 - 36 - 41 - 42 - 43 - 45 - 46 - 54 - 57 - 58 - 62 - 64 - 67 - 68 - 71 - 72 - 75 - 78 - 79 - 80 - 82 - 83 - 85 - 91 - 92 - 98 - 99 - 102 - 103 - 107 - 108 - 111 - 115 - 116 - 121 - 122 - 123 - 127 - 128 - 130 - 131 - 132 - 135 - 140 - 141 - 146 - 149 - 156 - 157 - 164 - 165 - 168 - 174 - 177 - 178 - 179 - 185 - 187 - 196 - 197 - 202 - 204 - 214 - 215 - 216 - 217 - 220 - 222 - 228 - 230 - 232 - 243 - 244 - 253 - 259 - 263 - 271 - 273 - 274 - 276 - 281 - 283 - 286 - 289 - 291 - 294 - 295 - 302 - 305 - 307 - 310 - 311 - 312 - 314 - 315 - 316 - 318 - 319 - 321 - 330 - 332 - 337 - 338 - 340 - 341 - 350 - 354 - 356 - 359 - 362 - 366 - 373 - 378 - 379 - 381 - 383 - 389 - 390 - 391 - 396 - 397 - 398 - 399 - 401 - 404 - 406 - 408 - 411 - 414 - 419 - 421 - 425 - 426 - 434 - 436 - 440 - 442 - 443 - 451 - 457 - 470 - 471 - 473 - 478 - 482 - 486 - 491 - 493 - 495 - 498,182133.1,7.2,63120,60727,66.17,Cost: 63120 & Capacity: 60727
1 - 2 - 4 - 5 - 6 - 8 - 10 - 11 - 12 - 14 - 15 - 16 - 18 - 19 - 20 - 22 - 24 - 26 - 27 - 29 - 30 - 34 - 35 - 36 - 40 - 41 - 43 - 44 - 45 - 46 - 49 - 50 - 52 - 57 - 58 - 60 - 61 - 63 - 66 - 67 - 68 - 71 - 72 - 74 - 75 - 77 - 78 - 79 - 80 - 81 - 82 - 83 - 85 - 87 - 88 - 90 - 91 - 92 - 97 - 98 - 99 - 101 - 102 - 103 - 105 - 106 - 108 - 110 - 112 - 115 - 116 - 117 - 118 - 120 - 121 - 122 - 123 - 124 - 125 - 126 - 127 - 129 - 131 - 133 - 134 - 135 - 137 - 140 - 141 - 145 - 146 - 149 - 152 - 157 - 158 - 163 - 164 - 167 - 169 - 171 - 178 - 179 - 184 - 185 - 187 - 188 - 189 - 194 - 202 - 204 - 205 - 207 - 208 - 211 - 212 - 215 - 216 - 217 - 222 - 225 - 226 - 227 - 229 - 232 - 234 - 235 - 236 - 237 - 239 - 242 - 247 - 249 - 252 - 253 - 254 - 255 - 260 - 263 - 267 - 269 - 271 - 273 - 274 - 276 - 278 - 279 - 283 - 286 - 293 - 295 - 297 - 299 - 302 - 305 - 306 - 309 - 310 - 311 - 312 - 314 - 315 - 316 - 318 - 321 - 324 - 326 - 329 - 330 - 331 - 337 - 340 - 341 - 343 - 347 - 350 - 354 - 355 - 356 - 358 - 359 - 366 - 368 - 372 - 373 - 374 - 378 - 379 - 380 - 381 - 382 - 383 - 384 - 387 - 389 - 390 - 391 - 394 - 396 - 397 - 399 - 401 - 404 - 405 - 406 - 408 - 409 - 410 - 413 - 414 - 419 - 423 - 426 - 427 - 429 - 431 - 434 - 436 - 438 - 439 - 440 - 441 - 442 - 443 - 444 - 447 - 451 - 455 - 456 - 457 - 458 - 461 - 462 - 464 - 469 - 470 - 471 - 473 - 474 - 479 - 480 - 482 - 483 - 489 - 490 - 495 - 498 - 499,386094.0,3.8,63210,71926,68.47,Cost: 63210 & Capacity: 71926
1 - 2 - 4 - 5 - 6 - 8 - 10 - 11 - 12 - 14 - 15 - 16 - 18 - 19 - 20 - 22 - 24 - 26 - 27 - 29 - 30 - 34 - 35 - 36 - 40 - 41 - 43 - 44 - 45 - 46 - 49 - 50 - 52 - 57 - 58 - 60 - 61 - 63 - 66 - 67 - 68 - 71 - 72 - 74 - 75 - 77 - 78 - 79 - 80 - 81 - 82 - 83 - 85 - 87 - 88 - 90 - 91 - 92 - 97 - 98 - 99 - 101 - 102 - 103 - 105 - 106 - 108 - 110 - 112 - 115 - 116 - 117 - 118 - 120 - 121 - 122 - 123 - 124 - 125 - 126 - 127 - 129 - 131 - 133 - 134 - 135 - 137 - 140 - 141 - 145 - 146 - 149 - 152 - 157 - 158 - 163 - 164 - 167 - 169 - 171 - 178 - 179 - 184 - 185 - 187 - 188 - 189 - 194 - 202 - 204 - 205 - 207 - 208 - 211 - 212 - 215 - 216 - 217 - 222 - 225 - 226 - 227 - 229 - 232 - 234 - 235 - 236 - 237 - 239 - 242 - 247 - 249 - 252 - 253 - 254 - 255 - 260 - 263 - 267 - 269 - 271 - 273 - 274 - 276 - 278 - 279 - 283 - 286 - 293 - 295 - 297 - 299 - 302 - 305 - 306 - 309 - 310 - 311 - 312 - 314 - 315 - 316 - 318 - 321 - 324 - 326 - 329 - 330 - 331 - 337 - 340 - 341 - 343 - 347 - 350 - 354 - 355 - 356 - 358 - 359 - 366 - 368 - 372 - 373 - 374 - 378 - 379 - 380 - 381 - 382 - 383 - 384 - 387 - 389 - 390 - 391 - 394 - 396 - 397 - 399 - 401 - 404 - 405 - 406 - 408 - 409 - 410 - 413 - 414 - 419 - 423 - 426 - 427 - 429 - 431 - 434 - 436 - 438 - 439 - 440 - 441 - 442 - 443 - 444 - 447 - 451 - 455 - 456 - 457 - 458 - 461 - 462 - 464 - 469 - 470 - 471 - 473 - 474 - 479 - 480 - 482 - 483 - 489 - 490 - 495 - 498 - 499,386094.0,3.8,63210,71926,70.44,Cost: 63210 & Capacity: 71926
1 - 2 - 4 - 6 - 8 - 11 - 12 - 14 - 16 - 19 - 21 - 24 - 26 - 34 - 35 - 40 - 41 - 42 - 43 - 44 - 45 - 46 - 49 - 50 - 54 - 57 - 58 - 60 - 62 - 64 - 68 - 71 - 72 - 74 - 75 - 78 - 79 - 80 - 82 - 83 - 85 - 91 - 92 - 98 - 99 - 102 - 103 - 107 - 108 - 115 - 116 - 117 - 118 - 120 - 121 - 122 - 123 - 125 - 126 - 127 - 131 - 132 - 133 - 134 - 135 - 141 - 142 - 145 - 146 - 156 - 157 - 158 - 163 - 164 - 165 - 167 - 169 - 174 - 178 - 179 - 182 - 184 - 185 - 187 - 191 - 194 - 196 - 197 - 202 - 204 - 205 - 207 - 211 - 215 - 216 - 226 - 228 - 229 - 232 - 234 - 236 - 244 - 249 - 252 - 254 - 255 - 259 - 263 - 271 - 273 - 276 - 279 - 281 - 286 - 289 - 291 - 294 - 295 - 302 - 305 - 306 - 309 - 310 - 311 - 312 - 314 - 315 - 316 - 318 - 319 - 320 - 321 - 331 - 336 - 337 - 338 - 340 - 341 - 351 - 354 - 356 - 359 - 362 - 366 - 373 - 374 - 377 - 378 - 379 - 381 - 383 - 387 - 389 - 390 - 391 - 397 - 398 - 399 - 401 - 404 - 405 - 406 - 408 - 409 - 410 - 411 - 419 - 421 - 423 - 426 - 431 - 434 - 436 - 440 - 443 - 451 - 452 - 454 - 462 - 463 - 469 - 470 - 471 - 473 - 478 - 482 - 486 - 487 - 490 - 498,240928.1,6.5,63191,63653,77.11,Cost: 63191 & Capacity: 63653
1 - 2 - 4 - 5 - 6 - 8 - 10 - 11 - 12 - 14 - 15 - 16 - 18 - 19 - 20 - 22 - 24 - 26 - 27 - 29 - 30 - 34 - 35 - 36 - 40 - 41 - 43 - 44 - 45 - 46 - 49 - 50 - 52 - 57 - 58 - 60 - 61 - 63 - 66 - 67 - 68 - 71 - 72 - 74 - 75 - 77 - 78 - 79 - 80 - 81 - 82 - 83 - 85 - 87 - 88 - 90 - 91 - 92 - 97 - 98 - 99 - 101 - 102 - 103 - 105 - 106 - 108 - 110 - 112 - 115 - 116 - 117 - 118 - 120 - 121 - 122 - 123 - 124 - 125 - 126 - 127 - 129 - 131 - 133 - 134 - 135 - 137 - 140 - 141 - 145 - 146 - 149 - 152 - 157 - 158 - 163 - 164 - 167 - 169 - 171 - 178 - 179 - 184 - 185 - 187 - 188 - 189 - 194 - 202 - 204 - 205 - 207 - 208 - 211 - 212 - 215 - 216 - 217 - 222 - 225 - 226 - 227 - 229 - 232 - 234 - 235 - 236 - 237 - 239 - 242 - 247 - 249 - 252 - 253 - 254 - 255 - 260 - 263 - 267 - 269 - 271 - 273 - 274 - 276 - 278 - 279 - 283 - 286 - 293 - 295 - 297 - 299 - 302 - 305 - 306 - 309 - 310 - 311 - 312 - 314 - 315 - 316 - 318 - 321 - 324 - 326 - 329 - 330 - 331 - 337 - 340 - 341 - 343 - 347 - 350 - 354 - 355 - 356 - 358 - 359 - 366 - 368 - 372 - 373 - 374 - 378 - 379 - 380 - 381 - 382 - 383 - 384 - 387 - 389 - 390 - 391 - 394 - 396 - 397 - 399 - 401 - 404 - 405 - 406 - 408 - 409 - 410 - 413 - 414 - 419 - 423 - 426 - 427 - 429 - 431 - 434 - 436 - 438 - 439 - 440 - 441 - 442 - 443 - 444 - 447 - 451 - 455 - 456 - 457 - 458 - 461 - 462 - 464 - 469 - 470 - 471 - 473 - 474 - 479 - 480 - 482 - 483 - 489 - 490 - 495 - 498 - 499,386094.0,3.8,63210,71926,83.81,Cost: 63210 & Capacity: 71926
1 - 2 - 4 - 6 - 8 - 11 - 12 - 14 - 16 - 19 - 21 - 24 - 26 - 27 - 36 - 41 - 42 - 43 - 46 - 50 - 57 - 58 - 60 - 62 - 64 - 67 - 71 - 72 - 74 - 75 - 78 - 79 - 80 - 82 - 85 - 88 - 91 - 92 - 97 - 98 - 99 - 102 - 103 - 107 - 108 - 115 - 116 - 118 - 120 - 121 - 122 - 123 - 124 - 126 - 127 - 131 - 132 - 133 - 135 - 140 - 141 - 145 - 146 - 156 - 157 - 163 - 164 - 165 - 169 - 171 - 174 - 178 - 179 - 184 - 185 - 187 - 194 - 196 - 197 - 201 - 202 - 204 - 207 - 211 - 215 - 216 - 217 - 221 - 222 - 226 - 228 - 230 - 232 - 239 - 243 - 244 - 259 - 263 - 271 - 273 - 274 - 281 - 283 - 286 - 289 - 291 - 293 - 294 - 295 - 302 - 306 - 309 - 310 - 311 - 312 - 314 - 315 - 316 - 319 - 321 - 330 - 332 - 336 - 337 - 338 - 340 - 341 - 351 - 356 - 359 - 362 - 366 - 373 - 374 - 378 - 379 - 381 - 383 - 387 - 389 - 390 - 391 - 396 - 397 - 398 - 399 - 401 - 404 - 405 - 406 - 408 - 409 - 410 - 411 - 414 - 419 - 421 - 423 - 426 - 431 - 434 - 436 - 440 - 443 - 451 - 461 - 469 - 470 - 473 - 476 - 478 - 482 - 486 - 489 - 490 - 491 - 493 - 498,214138.8,6.8,63210,61906,86.14,Cost: 63210 & Capacity: 61906
1 - 2 - 4 - 6 - 8 - 10 - 11 - 12 - 14 - 15 - 16 - 18 - 19 - 20 - 22 - 24 - 26 - 27 - 29 - 30 - 34 - 35 - 36 - 40 - 41 - 43 - 44 - 45 - 46 - 49 - 50 - 52 - 57 - 58 - 60 - 63 - 64 - 66 - 67 - 68 - 71 - 72 - 74 - 75 - 77 - 78 - 79 - 80 - 81 - 82 - 83 - 85 - 87 - 88 - 90 - 91 - 92 - 97 - 98 - 99 - 101 - 102 - 103 - 105 - 106 - 108 - 110 - 112 - 115 - 116 - 117 - 118 - 120 - 121 - 122 - 123 - 124 - 125 - 126 - 127 - 129 - 131 - 133 - 134 - 135 - 140 - 141 - 145 - 146 - 149 - 152 - 157 - 158 - 163 - 164 - 167 - 169 - 171 - 178 - 179 - 184 - 185 - 187 - 188 - 189 - 194 - 202 - 204 - 207 - 208 - 211 - 215 - 216 - 217 - 222 - 225 - 226 - 227 - 228 - 229 - 232 - 234 - 235 - 236 - 237 - 239 - 242 - 247 - 249 - 252 - 253 - 254 - 255 - 263 - 267 - 269 - 271 - 273 - 274 - 276 - 278 - 279 - 281 - 283 - 286 - 293 - 295 - 297 - 299 - 302 - 305 - 306 - 309 - 310 - 311 - 312 - 314 - 315 - 316 - 318 - 321 - 324 - 326 - 329 - 330 - 331 - 337 - 340 - 341 - 343 - 347 - 350 - 354 - 355 - 356 - 358 - 359 - 366 - 368 - 372 - 373 - 374 - 378 - 379 - 380 - 381 - 382 - 383 - 384 - 387 - 389 - 390 - 391 - 394 - 396 - 397 - 399 - 401 - 404 - 405 - 406 - 408 - 409 - 410 - 413 - 414 - 419 - 423 - 426 - 427 - 429 - 431 - 434 - 436 - 438 - 439 - 440 - 441 - 443 - 444 - 447 - 451 - 455 - 456 - 457 - 458 - 461 - 462 - 464 - 469 - 470 - 471 - 473 - 474 - 479 - 480 - 482 - 483 - 487 - 489 - 490 - 495 - 498 - 499,379960.9,4.4,63208,70651,90.82,Cost: 63208 & Capacity: 70651
1 - 2 - 4 - 5 - 6 - 8 - 10 - 11 - 12 - 14 - 15 - 16 - 18 - 19 - 20 - 22 - 24 - 26 - 27 - 29 - 30 - 34 - 35 - 36 - 40 - 41 - 43 - 44 - 45 - 46 - 49 - 50 - 52 - 57 - 58 - 60 - 61 - 63 - 66 - 67 - 68 - 71 - 72 - 74 - 75 - 77 - 78 - 79 - 80 - 81 - 82 - 83 - 85 - 87 - 88 - 90 - 91 - 92 - 97 - 98 - 99 - 101 - 102 - 103 - 105 - 106 - 108 - 110 - 112 - 115 - 116 - 117 - 118 - 120 - 121 - 122 - 123 - 124 - 125 - 126 - 127 - 129 - 131 - 133 - 134 - 135 - 137 - 140 - 141 - 145 - 146 - 149 - 152 - 157 - 158 - 163 - 164 - 167 - 169 - 171 - 178 - 179 - 184 - 185 - 187 - 188 - 189 - 194 - 202 - 204 - 205 - 207 - 208 - 211 - 212 - 215 - 216 - 217 - 222 - 225 - 226 - 227 - 229 - 232 - 234 - 235 - 236 - 237 - 239 - 242 - 247 - 249 - 252 - 253 - 254 - 255 - 260 - 263 - 267 - 269 - 271 - 273 - 274 - 276 - 278 - 279 - 283 - 286 - 293 - 295 - 297 - 299 - 302 - 305 - 306 - 309 - 310 - 311 - 312 - 314 - 315 - 316 - 318 - 321 - 324 - 326 - 329 - 330 - 331 - 337 - 340 - 341 - 343 - 347 - 350 - 354 - 355 - 356 - 358 - 359 - 366 - 368 - 372 - 373 - 374 - 378 - 379 - 380 - 381 - 382 - 383 - 384 - 387 - 389 - 390 - 391 - 394 - 396 - 397 - 399 - 401 - 404 - 405 - 406 - 408 - 409 - 410 - 413 - 414 - 419 - 423 - 426 - 427 - 429 - 431 - 434 - 436 - 438 - 439 - 440 - 441 - 442 - 443 - 444 - 447 - 451 - 455 - 456 - 457 - 458 - 461 - 462 - 464 - 469 - 470 - 471 - 473 - 474 - 479 - 480 - 482 - 483 - 489 - 490 - 495 - 498 - 499,386094.0,3.8,63210,71926,94.38,Cost: 63210 & Capacity: 71926
1 - 2 - 4 - 5 - 6 - 8 - 10 - 11 - 12 - 14 - 15 - 16 - 18 - 19 - 20 - 22 - 24 - 26 - 27 - 29 - 30 - 34 - 35 - 36 - 40 - 41 - 43 - 44 - 45 - 46 - 49 - 50 - 52 - 57 - 58 - 60 - 61 - 63 - 66 - 67 - 68 - 71 - 72 - 74 - 75 - 77 - 78 - 79 - 80 - 81 - 82 - 83 - 85 - 87 - 88 - 90 - 91 - 92 - 97 - 98 - 99 - 101 - 102 - 103 - 105 - 106 - 108 - 110 - 112 - 115 - 116 - 117 - 118 - 120 - 121 - 122 - 123 - 124 - 125 - 126 - 127 - 129 - 131 - 133 - 134 - 135 - 137 - 140 - 141 - 145 - 146 - 149 - 152 - 157 - 158 - 163 - 164 - 167 - 169 - 171 - 178 - 179 - 184 - 185 - 187 - 188 - 189 - 194 - 202 - 204 - 205 - 207 - 208 - 211 - 212 - 215 - 216 - 217 - 222 - 225 - 226 - 227 - 229 - 232 - 234 - 235 - 236 - 237 - 239 - 242 - 247 - 249 - 252 - 253 - 254 - 255 - 260 - 263 - 267 - 269 - 271 - 273 - 274 - 276 - 278 - 279 - 283 - 286 - 293 - 295 - 297 - 299 - 302 - 305 - 306 - 309 - 310 - 311 - 312 - 314 - 315 - 316 - 318 - 321 - 324 - 326 - 329 - 330 - 331 - 337 - 340 - 341 - 343 - 347 - 350 - 354 - 355 - 356 - 358 - 359 - 366 - 368 - 372 - 373 - 374 - 378 - 379 - 380 - 381 - 382 - 383 - 384 - 387 - 389 - 390 - 391 - 394 - 396 - 397 - 399 - 401 - 404 - 405 - 406 - 408 - 409 - 410 - 413 - 414 - 419 - 423 - 426 - 427 - 429 - 431 - 434 - 436 - 438 - 439 - 440 - 441 - 442 - 443 - 444 - 447 - 451 - 455 - 456 - 457 - 458 - 461 - 462 - 464 - 469 - 470 - 471 - 473 - 474 - 479 - 480 - 482 - 483 - 489 - 490 - 495 - 498 - 499,386094.0,3.8,63210,71926,94.42,Cost: 63210 & Capacity: 71926
1 - 2 - 4 - 5 - 6 - 8 - 10 - 11 - 12 - 14 - 15 - 16 - 18 - 19 - 20 - 22 - 24 - 26 - 27 - 29 - 30 - 34 - 35 - 36 - 40 - 41 - 43 - 44 - 45 - 46 - 49 - 50 - 52 - 57 - 58 - 60 - 61 - 63 - 66 - 67 - 68 - 71 - 72 - 74 - 75 - 77 - 78 - 79 - 80 - 81 - 82 - 83 - 85 - 87 - 88 - 90 - 91 - 92 - 97 - 98 - 99 - 101 - 102 - 103 - 105 - 106 - 108 - 110 - 112 - 115 - 116 - 117 - 118 - 120 - 121 - 122 - 123 - 124 - 125 - 126 - 127 - 129 - 131 - 133 - 134 - 135 - 137 - 140 - 141 - 145 - 146 - 149 - 152 - 157 - 158 - 163 - 164 - 167 - 169 - 171 - 178 - 179 - 184 - 185 - 187 - 188 - 189 - 194 - 202 - 204 - 205 - 207 - 208 - 211 - 212 - 215 - 216 - 217 - 222 - 225 - 226 - 227 - 229 - 232 - 234 - 235 - 236 - 237 - 239 - 242 - 247 - 249 - 252 - 253 - 254 - 255 - 260 - 263 - 267 - 269 - 271 - 273 - 274 - 276 - 278 - 279 - 283 - 286 - 293 - 295 - 297 - 299 - 302 - 305 - 306 - 309 - 310 - 311 - 312 - 314 - 315 - 316 - 318 - 321 - 324 - 326 - 329 - 330 - 331 - 337 - 340 - 341 - 343 - 347 - 350 - 354 - 355 - 356 - 358 - 359 - 366 - 368 - 372 - 373 - 374 - 378 - 379 - 380 - 381 - 382 - 383 - 384 - 387 - 389 - 390 - 391 - 394 - 396 - 397 - 399 - 401 - 404 - 405 - 406 - 408 - 409 - 410 - 413 - 414 - 419 - 423 - 426 - 427 - 429 - 431 - 434 - 436 - 438 - 439 - 440 - 441 - 442 - 443 - 444 - 447 - 451 - 455 - 456 - 457 - 458 - 461 - 462 - 464 - 469 - 470 - 471 - 473 - 474 - 479 - 480 - 482 - 483 - 489 - 490 - 495 - 498 - 499,386094.0,3.8,63210,71926,96.58,Cost: 63210 & Capacity: 71926
1 - 2 - 4 - 5 - 6 - 8 - 10 - 11 - 12 - 14 - 15 - 16 - 18 - 19 - 20 - 22 - 24 - 26 - 27 - 29 - 30 - 34 - 35 - 36 - 40 - 41 - 43 - 44 - 45 - 46 - 49 - 50 - 52 - 57 - 58 - 60 - 61 - 63 - 66 - 67 - 68 - 71 - 72 - 74 - 75 - 77 - 78 - 79 - 80 - 81 - 82 - 83 - 85 - 87 - 88 - 90 - 91 - 92 - 97 - 98 - 99 - 101 - 102 - 103 - 105 - 106 - 108 - 110 - 112 - 115 - 116 - 117 - 118 - 120 - 121 - 122 - 123 - 124 - 125 - 126 - 127 - 129 - 131 - 133 - 134 - 135 - 137 - 140 - 141 - 145 - 146 - 149 - 152 - 157 - 158 - 163 - 164 - 167 - 169 - 171 - 178 - 179 - 184 - 185 - 187 - 188 - 189 - 194 - 202 - 204 - 205 - 207 - 208 - 211 - 212 - 215 - 216 - 217 - 222 - 225 - 226 - 227 - 229 - 232 - 234 - 235 - 236 - 237 - 239 - 242 - 247 - 249 - 252 - 253 - 254 - 255 - 260 - 263 - 267 - 269 - 271 - 273 - 274 - 276 - 278 - 279 - 283 - 286 - 293 - 295 - 297 - 299 - 302 - 305 - 306 - 309 - 310 - 311 - 312 - 314 - 315 - 316 - 318 - 321 - 324 - 326 - 329 - 330 - 331 - 337 - 340 - 341 - 343 - 347 - 350 - 354 - 355 - 356 - 358 - 359 - 366 - 368 - 372 - 373 - 374 - 378 - 379 - 380 - 381 - 382 - 383 - 384 - 387 - 389 - 390 - 391 - 394 - 396 - 397 - 399 - 401 - 404 - 405 - 406 - 408 - 409 - 410 - 413 - 414 - 419 - 423 - 426 - 427 - 429 - 431 - 434 - 436 - 438 - 439 - 440 - 441 - 442 - 443 - 444 - 447 - 451 - 455 - 456 - 457 - 458 - 461 - 462 - 464 - 469 - 470 - 471 - 473 - 474 - 479 - 480 - 482 - 483 - 489 - 490 - 495 - 498 - 499,386094.0,3.8,63210,71926,101.34,Cost: 63210 & Capacity: 71926
1 - 2 - 4 - 5 - 6 - 8 - 10 - 11 - 12 - 14 - 15 - 16 - 18 - 19 - 20 - 22 - 24 - 26 - 27 - 29 - 30 - 34 - 35 - 36 - 40 - 41 - 43 - 44 - 45 - 46 - 49 - 50 - 52 - 57 - 58 - 60 - 61 - 63 - 66 - 67 - 68 - 71 - 72 - 74 - 75 - 77 - 78 - 79 - 80 - 81 - 82 - 83 - 85 - 87 - 88 - 90 - 91 - 92 - 97 - 98 - 99 - 101 - 102 - 103 - 105 - 106 - 108 - 110 - 112 - 115 - 116 - 117 - 118 - 120 - 121 - 122 - 123 - 124 - 125 - 126 - 127 - 129 - 131 - 133 - 134 - 135 - 137 - 140 - 141 - 145 - 146 - 149 - 152 - 157 - 158 - 163 - 164 - 167 - 169 - 171 - 178 - 179 - 184 - 185 - 187 - 188 - 189 - 194 - 202 - 204 - 205 - 207 - 208 - 211 - 212 - 215 - 216 - 217 - 222 - 225 - 226 - 227 - 229 - 232 - 234 - 235 - 236 - 237 - 239 - 242 - 247 - 249 - 252 - 253 - 254 - 255 - 260 - 263 - 267 - 269 - 271 - 273 - 274 - 276 - 278 - 279 - 283 - 286 - 293 - 295 - 297 - 299 - 302 - 305 - 306 - 309 - 310 - 311 - 312 - 314 - 315 - 316 - 318 - 321 - 324 - 326 - 329 - 330 - 331 - 337 - 340 - 341 - 343 - 347 - 350 - 354 - 355 - 356 - 358 - 359 - 366 - 368 - 372 - 373 - 374 - 378 - 379 - 380 - 381 - 382 - 383 - 384 - 387 - 389 - 390 - 391 - 394 - 396 - 397 - 399 - 401 - 404 - 405 - 406 - 408 - 409 - 410 - 413 - 414 - 419 - 423 - 426 - 427 - 429 - 431 - 434 - 436 - 438 - 439 - 440 - 441 - 442 - 443 - 444 - 447 - 451 - 455 - 456 - 457 - 458 - 461 - 462 - 464 - 469 - 470 - 471 - 473 - 474 - 479 - 480 - 482 - 483 - 489 - 490 - 495 - 498 - 499,386094.0,3.8,63210,71926,101.37,Cost: 63210 & Capacity: 71926
4 - 6 - 9 - 10 - 16 - 26 - 40 - 48 - 59 - 60 - 62 - 64 - 68 - 69 - 71 - 78 - 79 - 80 - 82 - 104 - 107 - 111 - 112 - 113 - 120 - 123 - 128 - 135 - 155 - 156 - 159 - 177 - 186 - 189 - 201 - 204 - 207 - 210 - 220 - 228 - 241 - 243 - 248 - 273 - 274 - 281 - 291 - 294 - 296 - 301 - 312 - 319 - 321 - 330 - 332 - 335 - 337 - 338 - 340 - 342 - 343 - 346 - 355 - 360 - 366 - 374 - 376 - 377 - 381 - 388 - 389 - 390 - 393 - 398 - 401 - 403 - 404 - 411 - 413 - 414 - 419 - 421 - 425 - 428 - 431 - 433 - 434 - 443 - 463 - 466 - 478 - 480 - 486 - 491 - 493,64690.4,8.7,62982,52910,103.97,Cost: 62982 & Capacity: 52910
2 - 4 - 5 - 6 - 8 - 11 - 13 - 14 - 16 - 21 - 22 - 24 - 28 - 32 - 41 - 42 - 45 - 46 - 51 - 60 - 62 - 64 - 68 - 69 - 71 - 72 - 74 - 75 - 78 - 79 - 80 - 82 - 83 - 85 - 86 - 91 - 98 - 99 - 103 - 107 - 115 - 120 - 121 - 123 - 125 - 133 - 135 - 140 - 142 - 156 - 157 - 164 - 173 - 178 - 181 - 185 - 189 - 194 - 197 - 201 - 202 - 204 - 210 - 216 - 225 - 228 - 235 - 257 - 265 - 267 - 273 - 274 - 279 - 280 - 281 - 286 - 289 - 291 - 294 - 302 - 306 - 309 - 312 - 314 - 316 - 321 - 324 - 330 - 331 - 335 - 337 - 338 - 342 - 351 - 356 - 359 - 362 - 366 - 373 - 374 - 376 - 381 - 386 - 390 - 391 - 398 - 399 - 401 - 403 - 404 - 406 - 408 - 411 - 412 - 413 - 421 - 425 - 426 - 431 - 436 - 440 - 443 - 450 - 451 - 455 - 461 - 463 - 469 - 470 - 471 - 474 - 477 - 479 - 482 - 486 - 491,129612.3,7.8,62969,57643,105.85,Cost: 62969 & Capacity: 57643
1 - 2 - 4 - 5 - 6 - 8 - 10 - 11 - 12 - 14 - 15 - 16 - 18 - 19 - 20 - 22 - 24 - 26 - 27 - 29 - 30 - 34 - 35 - 36 - 40 - 41 - 43 - 44 - 45 - 46 - 49 - 50 - 52 - 57 - 58 - 60 - 61 - 63 - 66 - 67 - 68 - 71 - 72 - 74 - 75 - 77 - 78 - 79 - 80 - 81 - 82 - 83 - 85 - 87 - 88 - 90 - 91 - 92 - 97 - 98 - 99 - 101 - 102 - 103 - 105 - 106 - 108 - 110 - 112 - 115 - 116 - 117 - 118 - 120 - 121 - 122 - 123 - 124 - 125 - 126 - 127 - 129 - 131 - 133 - 134 - 135 - 137 - 140 - 141 - 145 - 146 - 149 - 152 - 157 - 158 - 163 - 164 - 167 - 169 - 171 - 178 - 179 - 184 - 185 - 187 - 188 - 189 - 194 - 202 - 204 - 205 - 207 - 208 - 211 - 212 - 215 - 216 - 217 - 222 - 225 - 226 - 227 - 229 - 232 - 234 - 235 - 236 - 237 - 239 - 242 - 247 - 249 - 252 - 253 - 254 - 255 - 260 - 263 - 267 - 269 - 271 - 273 - 274 - 276 - 278 - 279 - 283 - 286 - 293 - 295 - 297 - 299 - 302 - 305 - 306 - 309 - 310 - 311 - 312 - 314 - 315 - 316 - 318 - 321 - 324 - 326 - 329 - 330 - 331 - 337 - 340 - 341 - 343 - 347 - 350 - 354 - 355 - 356 - 358 - 359 - 366 - 368 - 372 - 373 - 374 - 378 - 379 - 380 - 381 - 382 - 383 - 384 - 387 - 389 - 390 - 391 - 394 - 396 - 397 - 399 - 401 - 404 - 405 - 406 - 408 - 409 - 410 - 413 - 414 - 419 - 423 - 426 - 427 - 429 - 431 - 434 - 436 - 438 - 439 - 440 - 441 - 442 - 443 - 444 - 447 - 451 - 455 - 456 - 457 - 458 - 461 - 462 - 464 - 469 - 470 - 471 - 473 - 474 - 479 - 480 - 482 - 483 - 489 - 490 - 495 - 498 - 499,386094.0,3.8,63210,71926,106.04,Cost: 63210 & Capacity: 71926
1 - 2 - 4 - 5 - 6 - 8 - 10 - 11 - 12 - 14 - 15 - 16 - 18 - 19 - 20 - 22 - 24 - 26 - 27 - 29 - 30 - 34 - 35 - 36 - 40 - 41 - 43 - 44 - 45 - 46 - 49 - 50 - 52 - 57 - 58 - 60 - 61 - 63 - 66 - 67 - 68 - 71 - 72 - 74 - 75 - 77 - 78 - 79 - 80 - 81 - 82 - 83 - 85 - 86 - 87 - 88 - 90 - 91 - 92 - 97 - 98 - 99 - 101 - 102 - 103 - 105 - 106 - 108 - 110 - 112 - 115 - 116 - 117 - 118 - 120 - 121 - 122 - 123 - 124 - 125 - 126 - 127 - 129 - 131 - 133 - 134 - 135 - 137 - 140 - 141 - 145 - 146 - 149 - 152 - 157 - 158 - 164 - 167 - 169 - 171 - 178 - 179 - 184 - 185 - 187 - 188 - 189 - 194 - 202 - 204 - 205 - 207 - 208 - 211 - 212 - 215 - 216 - 217 - 222 - 225 - 226 - 227 - 229 - 232 - 234 - 235 - 236 - 237 - 239 - 242 - 247 - 249 - 252 - 253 - 254 - 255 - 260 - 263 - 267 - 269 - 271 - 273 - 274 - 276 - 278 - 279 - 283 - 286 - 293 - 295 - 297 - 299 - 302 - 305 - 306 - 309 - 310 - 311 - 312 - 314 - 315 - 316 - 318 - 319 - 321 - 324 - 326 - 329 - 330 - 331 - 337 - 340 - 341 - 343 - 347 - 350 - 354 - 355 - 356 - 358 - 366 - 368 - 372 - 373 - 374 - 378 - 379 - 380 - 381 - 382 - 383 - 384 - 387 - 389 - 390 - 391 - 394 - 396 - 397 - 399 - 401 - 404 - 405 - 406 - 408 - 409 - 410 - 413 - 414 - 419 - 423 - 426 - 427 - 429 - 431 - 434 - 436 - 438 - 439 - 440 - 441 - 442 - 443 - 444 - 447 - 451 - 455 - 456 - 457 - 458 - 461 - 462 - 464 - 469 - 470 - 471 - 473 - 474 - 479 - 480 - 482 - 483 - 489 - 490 - 495 - 498 - 499,385835.9,3.8,63203,72701,108.79,Cost: 63203 & Capacity: 72701
1 - 2 - 4 - 5 - 6 - 8 - 10 - 11 - 12 - 14 - 15 - 16 - 18 - 19 - 20 - 22 - 24 - 26 - 27 - 29 - 30 - 34 - 35 - 36 - 40 - 41 - 43 - 44 - 45 - 46 - 49 - 50 - 52 - 57 - 58 - 60 - 61 - 63 - 66 - 67 - 68 - 71 - 72 - 74 - 75 - 77 - 78 - 79 - 80 - 81 - 82 - 83 - 85 - 87 - 88 - 90 - 91 - 92 - 97 - 98 - 99 - 101 - 102 - 103 - 105 - 106 - 108 - 110 - 112 - 115 - 116 - 117 - 118 - 120 - 121 - 122 - 123 - 124 - 125 - 126 - 127 - 129 - 131 - 133 - 134 - 135 - 137 - 140 - 141 - 145 - 146 - 149 - 152 - 157 - 158 - 163 - 164 - 167 - 169 - 171 - 178 - 179 - 184 - 185 - 187 - 188 - 189 - 194 - 202 - 204 - 205 - 207 - 208 - 211 - 212 - 215 - 216 - 217 - 222 - 225 - 226 - 227 - 229 - 232 - 234 - 235 - 236 - 237 - 239 - 242 - 247 - 249 - 252 - 253 - 254 - 255 - 260 - 263 - 267 - 269 - 271 - 273 - 274 - 276 - 278 - 279 - 283 - 286 - 293 - 295 - 297 - 299 - 302 - 305 - 306 - 309 - 310 - 311 - 312 - 314 - 315 - 316 - 318 - 321 - 324 - 326 - 329 - 330 - 331 - 337 - 340 - 341 - 343 - 347 - 350 - 354 - 355 - 356 - 358 - 359 - 366 - 368 - 372 - 373 - 374 - 378 - 379 - 380 - 381 - 382 - 383 - 384 - 387 - 389 - 390 - 391 - 394 - 396 - 397 - 399 - 401 - 404 - 405 - 406 - 408 - 409 - 410 - 413 - 414 - 419 - 423 - 426 - 427 - 429 - 431 - 434 - 436 - 438 - 439 - 440 - 441 - 442 - 443 - 444 - 447 - 451 - 455 - 456 - 457 - 458 - 461 - 462 - 464 - 469 - 470 - 471 - 473 - 474 - 479 - 480 - 482 - 483 - 489 - 490 - 495 - 498 - 499,386094.0,3.8,63210,71926,111.06,Cost: 63210 & Capacity: 71926
1 - 2 - 4 - 5 - 6 - 8 - 10 - 11 - 12 - 14 - 15 - 16 - 18 - 19 - 20 - 22 - 24 - 26 - 27 - 29 - 30 - 34 - 35 - 36 - 40 - 41 - 43 - 44 - 45 - 46 - 49 - 50 - 52 - 57 - 58 - 60 - 61 - 63 - 66 - 67 - 68 - 71 - 72 - 74 - 75 - 77 - 78 - 79 - 80 - 81 - 82 - 83 - 85 - 87 - 88 - 90 - 91 - 92 - 97 - 98 - 99 - 101 - 102 - 103 - 105 - 106 - 108 - 110 - 112 - 115 - 116 - 117 - 118 - 120 - 121 - 122 - 123 - 124 - 125 - 126 - 127 - 129 - 131 - 133 - 134 - 135 - 137 - 140 - 141 - 145 - 146 - 149 - 152 - 157 - 158 - 163 - 164 - 167 - 169 - 171 - 178 - 179 - 184 - 185 - 187 - 188 - 189 - 194 - 202 - 204 - 205 - 207 - 208 - 211 - 212 - 215 - 216 - 217 - 222 - 225 - 226 - 227 - 229 - 232 - 234 - 235 - 236 - 237 - 239 - 242 - 247 - 249 - 252 - 253 - 254 - 255 - 260 - 263 - 267 - 269 - 271 - 273 - 274 - 276 - 278 - 279 - 283 - 286 - 293 - 295 - 297 - 299 - 302 - 305 - 306 - 309 - 310 - 311 - 312 - 314 - 315 - 316 - 318 - 321 - 324 - 326 - 329 - 330 - 331 - 337 - 340 - 341 - 343 - 347 - 350 - 354 - 355 - 356 - 358 - 359 - 366 - 368 - 372 - 373 - 374 - 378 - 379 - 380 - 381 - 382 - 383 - 384 - 387 - 389 - 390 - 391 - 394 - 396 - 397 - 399 - 401 - 404 - 405 - 406 - 408 - 409 - 410 - 413 - 414 - 419 - 423 - 426 - 427 - 429 - 431 - 434 - 436 - 438 - 439 - 440 - 441 - 442 - 443 - 444 - 447 - 451 - 455 - 456 - 457 - 458 - 461 - 462 - 464 - 469 - 470 - 471 - 473 - 474 - 479 - 480 - 482 - 483 - 489 - 490 - 495 - 498 - 499,386094.0,3.8,63210,71926,111.1,Cost: 63210 & Capacity: 71926
1 - 2 - 4 - 5 - 6 - 8 - 10 - 11 - 12 - 14 - 15 - 16 - 18 - 19 - 20 - 22 - 24 - 26 - 27 - 29 - 30 - 34 - 35 - 36 - 40 - 41 - 43 - 44 - 45 - 46 - 49 - 50 - 52 - 57 - 58 - 60 - 61 - 63 - 66 - 67 - 68 - 71 - 72 - 74 - 75 - 77 - 78 - 79 - 80 - 81 - 82 - 83 - 85 - 87 - 88 - 90 - 91 - 92 - 97 - 98 - 99 - 101 - 102 - 103 - 105 - 106 - 108 - 110 - 112 - 115 - 116 - 117 - 118 - 120 - 121 - 122 - 123 - 124 - 125 - 126 - 127 - 129 - 131 - 133 - 134 - 135 - 137 - 140 - 141 - 145 - 146 - 149 - 152 - 157 - 158 - 163 - 164 - 167 - 169 - 171 - 178 - 179 - 184 - 185 - 187 - 188 - 189 - 194 - 202 - 204 - 205 - 207 - 208 - 211 - 212 - 215 - 216 - 217 - 222 - 225 - 226 - 227 - 229 - 232 - 234 - 235 - 236 - 237 - 239 - 242 - 247 - 249 - 252 - 253 - 254 - 255 - 260 - 263 - 267 - 269 - 271 - 273 - 274 - 276 - 278 - 279 - 283 - 286 - 293 - 295 - 297 - 299 - 302 - 305 - 306 - 309 - 310 - 311 - 312 - 314 - 315 - 316 - 318 - 321 - 324 - 326 - 329 - 330 - 331 - 337 - 340 - 341 - 343 - 347 - 350 - 354 - 355 - 356 - 358 - 359 - 366 - 368 - 372 - 373 - 374 - 378 - 379 - 380 - 381 - 382 - 383 - 384 - 387 - 389 - 390 - 391 - 394 - 396 - 397 - 399 - 401 - 404 - 405 - 406 - 408 - 409 - 410 - 413 - 414 - 419 - 423 - 426 - 427 - 429 - 431 - 434 - 436 - 438 - 439 - 440 - 441 - 442 - 443 - 444 - 447 - 451 - 455 - 456 - 457 - 458 - 461 - 462 - 464 - 469 - 470 - 471 - 473 - 474 - 479 - 480 - 482 - 483 - 489 - 490 - 495 - 498 - 499,386094.0,3.8,63210,71926,111.39,Cost: 63210 & Capacity: 71926
1 - 2 - 4 - 5 - 6 - 8 - 10 - 11 - 12 - 14 - 15 - 16 - 18 - 19 - 20 - 22 - 24 - 26 - 27 - 29 - 30 - 34 - 35 - 36 - 40 - 41 - 43 - 44 - 45 - 46 - 49 - 50 - 52 - 57 - 58 - 60 - 61 - 63 - 66 - 67 - 68 - 71 - 72 - 74 - 75 - 77 - 78 - 79 - 80 - 81 - 82 - 83 - 85 - 87 - 88 - 90 - 91 - 92 - 97 - 98 - 99 - 101 - 102 - 103 - 105 - 106 - 108 - 110 - 112 - 115 - 116 - 117 - 118 - 120 - 121 - 122 - 123 - 124 - 125 - 126 - 127 - 129 - 131 - 133 - 134 - 135 - 137 - 140 - 141 - 145 - 146 - 149 - 152 - 157 - 158 - 163 - 164 - 167 - 169 - 171 - 178 - 179 - 184 - 185 - 187 - 188 - 189 - 194 - 202 - 204 - 205 - 207 - 208 - 211 - 212 - 215 - 216 - 217 - 222 - 225 - 226 - 227 - 229 - 232 - 234 - 235 - 236 - 237 - 239 - 242 - 247 - 249 - 252 - 253 - 254 - 255 - 260 - 263 - 267 - 269 - 271 - 273 - 274 - 276 - 278 - 279 - 283 - 286 - 293 - 295 - 297 - 299 - 302 - 305 - 306 - 309 - 310 - 311 - 312 - 314 - 315 - 316 - 318 - 321 - 324 - 326 - 329 - 330 - 331 - 337 - 340 - 341 - 343 - 347 - 350 - 354 - 355 - 356 - 358 - 359 - 366 - 368 - 372 - 373 - 374 - 378 - 379 - 380 - 381 - 382 - 383 - 384 - 387 - 389 - 390 - 391 - 394 - 396 - 397 - 399 - 401 - 404 - 405 - 406 - 408 - 409 - 410 - 413 - 414 - 419 - 423 - 426 - 427 - 429 - 431 - 434 - 436 - 438 - 439 - 440 - 441 - 442 - 443 - 444 - 447 - 451 - 455 - 456 - 457 - 458 - 461 - 462 - 464 - 469 - 470 - 471 - 473 - 474 - 479 - 480 - 482 - 483 - 489 - 490 - 495 - 498 - 499,386094.0,3.8,63210,71926,115.91,Cost: 63210 & Capacity: 71926
1 - 2 - 4 - 5 - 6 - 8 - 10 - 11 - 12 - 14 - 15 - 16 - 18 - 19 - 20 - 22 - 24 - 26 - 27 - 29 - 30 - 34 - 35 - 36 - 40 - 41 - 43 - 44 - 45 - 46 - 49 - 50 - 52 - 57 - 58 - 60 - 61 - 63 - 66 - 67 - 68 - 71 - 72 - 74 - 75 - 77 - 78 - 79 - 80 - 81 - 82 - 83 - 85 - 87 - 88 - 90 - 91 - 92 - 97 - 98 - 99 - 101 - 102 - 103 - 105 - 106 - 108 - 110 - 112 - 115 - 116 - 117 - 118 - 120 - 121 - 122 - 123 - 124 - 125 - 126 - 127 - 129 - 131 - 133 - 134 - 135 - 137 - 140 - 141 - 145 - 146 - 149 - 152 - 157 - 158 - 163 - 164 - 167 - 169 - 171 - 178 - 179 - 184 - 185 - 187 - 188 - 189 - 194 - 202 - 204 - 205 - 207 - 208 - 211 - 212 - 215 - 216 - 217 - 222 - 225 - 226 - 227 - 229 - 232 - 234 - 235 - 236 - 237 - 239 - 242 - 247 - 249 - 252 - 253 - 254 - 255 - 260 - 263 - 267 - 269 - 271 - 273 - 274 - 276 - 278 - 279 - 283 - 286 - 293 - 295 - 297 - 299 - 302 - 305 - 306 - 309 - 310 - 311 - 312 - 314 - 315 - 316 - 318 - 321 - 324 - 326 - 329 - 330 - 331 - 337 - 340 - 341 - 343 - 347 - 350 - 354 - 355 - 356 - 358 - 359 - 366 - 368 - 372 - 373 - 374 - 378 - 379 - 380 - 381 - 382 - 383 - 384 - 387 - 389 - 390 - 391 - 394 - 396 - 397 - 399 - 401 - 404 - 405 - 406 - 408 - 409 - 410 - 413 - 414 - 419 - 423 - 426 - 427 - 429 - 431 - 434 - 436 - 438 - 439 - 440 - 441 - 442 - 443 - 444 - 447 - 451 - 455 - 456 - 457 - 458 - 461 - 462 - 464 - 469 - 470 - 471 - 473 - 474 - 479 - 480 - 482 - 483 - 489 - 490 - 495 - 498 - 499,386094.0,3.8,63210,71926,115.95,Cost: 63210 & Capacity: 71926
1 - 2 - 4 - 6 - 8 - 10 - 11 - 12 - 14 - 16 - 18 - 19 - 24 - 26 - 27 - 29 - 34 - 35 - 36 - 40 - 41 - 43 - 44 - 45 - 46 - 49 - 50 - 52 - 54 - 57 - 58 - 60 - 64 - 67 - 68 - 71 - 72 - 74 - 75 - 78 - 79 - 80 - 82 - 83 - 85 - 87 - 90 - 91 - 98 - 99 - 102 - 103 - 108 - 112 - 115 - 116 - 117 - 120 - 121 - 122 - 123 - 124 - 125 - 126 - 127 - 130 - 131 - 133 - 134 - 135 - 140 - 141 - 145 - 149 - 152 - 156 - 157 - 158 - 163 - 164 - 167 - 169 - 171 - 174 - 178 - 179 - 181 - 184 - 185 - 187 - 188 - 189 - 191 - 194 - 196 - 197 - 202 - 204 - 207 - 211 - 215 - 216 - 217 - 220 - 222 - 225 - 226 - 228 - 232 - 234 - 235 - 236 - 237 - 239 - 242 - 252 - 253 - 254 - 255 - 259 - 263 - 267 - 269 - 271 - 273 - 274 - 276 - 278 - 279 - 281 - 283 - 286 - 293 - 295 - 299 - 302 - 305 - 306 - 309 - 310 - 311 - 312 - 314 - 315 - 316 - 318 - 319 - 321 - 326 - 329 - 330 - 331 - 337 - 338 - 340 - 341 - 347 - 354 - 355 - 358 - 359 - 366 - 368 - 373 - 374 - 378 - 379 - 380 - 381 - 382 - 383 - 387 - 389 - 390 - 391 - 396 - 397 - 398 - 399 - 401 - 404 - 405 - 406 - 408 - 409 - 410 - 411 - 419 - 421 - 423 - 426 - 429 - 431 - 434 - 436 - 438 - 439 - 440 - 443 - 444 - 451 - 452 - 455 - 458 - 462 - 469 - 470 - 471 - 473 - 474 - 478 - 479 - 480 - 482 - 483 - 486 - 487 - 489 - 490 - 498 - 499,319844.9,5.9,63199,67873,120.6,Cost: 63199 & Capacity: 67873
1 - 2 - 4 - 5 - 6 - 8 - 10 - 11 - 12 - 14 - 15 - 16 - 18 - 19 - 20 - 22 - 24 - 26 - 27 - 29 - 30 - 34 - 35 - 36 - 40 - 41 - 43 - 44 - 45 - 46 - 49 - 50 - 52 - 57 - 58 - 60 - 61 - 63 - 66 - 67 - 68 - 71 - 72 - 74 - 75 - 77 - 78 - 79 - 80 - 81 - 82 - 83 - 85 - 87 - 88 - 90 - 91 - 92 - 97 - 98 - 99 - 101 - 102 - 103 - 105 - 106 - 108 - 110 - 112 - 115 - 116 - 117 - 118 - 120 - 121 - 122 - 123 - 124 - 125 - 126 - 127 - 129 - 131 - 133 - 134 - 135 - 137 - 140 - 141 - 145 - 146 - 149 - 152 - 157 - 158 - 163 - 164 - 167 - 169 - 171 - 178 - 179 - 184 - 185 - 187 - 188 - 189 - 194 - 202 - 204 - 205 - 207 - 208 - 211 - 212 - 215 - 216 - 217 - 222 - 225 - 226 - 227 - 229 - 232 - 234 - 235 - 236 - 237 - 239 - 242 - 247 - 249 - 252 - 253 - 254 - 255 - 260 - 263 - 267 - 269 - 271 - 273 - 274 - 276 - 278 - 279 - 283 - 286 - 293 - 295 - 297 - 299 - 302 - 305 - 306 - 309 - 310 - 311 - 312 - 314 - 315 - 316 - 318 - 321 - 324 - 326 - 329 - 330 - 331 - 337 - 340 - 341 - 343 - 347 - 350 - 354 - 355 - 356 - 358 - 359 - 366 - 368 - 372 - 373 - 374 - 378 - 379 - 380 - 381 - 382 - 383 - 384 - 387 - 389 - 390 - 391 - 394 - 396 - 397 - 399 - 401 - 404 - 405 - 406 - 408 - 409 - 410 - 413 - 414 - 419 - 423 - 426 - 427 - 429 - 431 - 434 - 436 - 438 - 439 - 440 - 441 - 442 - 443 - 444 - 447 - 451 - 455 - 456 - 457 - 458 - 461 - 462 - 464 - 469 - 470 - 471 - 473 - 474 - 479 - 480 - 482 - 483 - 489 - 490 - 495 - 498 - 499,386094.0,3.8,63210,71926,122.77,Cost: 63210 & Capacity: 71926
1 - 2 - 4 - 5 - 6 - 8 - 10 - 11 - 12 - 14 - 15 - 16 - 18 - 19 - 20 - 22 - 24 - 26 - 27 - 29 - 30 - 34 - 35 - 36 - 40 - 41 - 43 - 44 - 45 - 46 - 49 - 50 - 52 - 57 - 58 - 60 - 61 - 63 - 66 - 67 - 68 - 71 - 72 - 74 - 75 - 77 - 78 - 79 - 80 - 81 - 82 - 83 - 85 - 87 - 88 - 90 - 91 - 92 - 97 - 98 - 99 - 101 - 102 - 103 - 105 - 106 - 108 - 110 - 112 - 115 - 116 - 117 - 118 - 120 - 121 - 122 - 123 - 124 - 125 - 126 - 127 - 129 - 131 - 133 - 134 - 135 - 137 - 140 - 141 - 145 - 146 - 149 - 152 - 157 - 158 - 163 - 164 - 167 - 169 - 171 - 178 - 179 - 184 - 185 - 187 - 188 - 189 - 194 - 202 - 204 - 205 - 207 - 208 - 211 - 212 - 215 - 216 - 217 - 222 - 225 - 226 - 227 - 229 - 232 - 234 - 235 - 236 - 237 - 239 - 242 - 247 - 249 - 252 - 253 - 254 - 255 - 260 - 263 - 267 - 269 - 271 - 273 - 274 - 276 - 278 - 279 - 283 - 286 - 293 - 295 - 297 - 299 - 302 - 305 - 306 - 309 - 310 - 311 - 312 - 314 - 315 - 316 - 318 - 321 - 324 - 326 - 329 - 330 - 331 - 337 - 340 - 341 - 343 - 347 - 350 - 354 - 355 - 356 - 358 - 359 - 366 - 368 - 372 - 373 - 374 - 378 - 379 - 380 - 381 - 382 - 383 - 384 - 387 - 389 - 390 - 391 - 394 - 396 - 397 - 399 - 401 - 404 - 405 - 406 - 408 - 409 - 410 - 413 - 414 - 419 - 423 - 426 - 427 - 429 - 431 - 434 - 436 - 438 - 439 - 440 - 441 - 442 - 443 - 444 - 447 - 451 - 455 - 456 - 457 - 458 - 461 - 462 - 464 - 469 - 470 - 471 - 473 - 474 - 479 - 480 - 482 - 483 - 489 - 490 - 495 - 498 - 499,386094.0,3.8,63210,71926,122.81,Cost: 63210 & Capacity: 71926
1 - 2 - 4 - 5 - 6 - 8 - 10 - 11 - 12 - 14 - 15 - 16 - 18 - 19 - 20 - 22 - 24 - 26 - 27 - 29 - 30 - 34 - 35 - 36 - 40 - 41 - 43 - 44 - 45 - 46 - 49 - 50 - 52 - 57 - 58 - 60 - 61 - 63 - 66 - 67 - 68 - 71 - 72 - 74 - 75 - 77 - 78 - 79 - 80 - 81 - 82 - 83 - 85 - 87 - 88 - 90 - 91 - 92 - 97 - 98 - 99 - 101 - 102 - 103 - 105 - 106 - 108 - 110 - 112 - 115 - 116 - 117 - 118 - 120 - 121 - 122 - 123 - 124 - 125 - 126 - 127 - 129 - 131 - 133 - 134 - 135 - 137 - 140 - 141 - 145 - 146 - 149 - 152 - 157 - 158 - 163 - 164 - 167 - 169 - 171 - 178 - 179 - 184 - 185 - 187 - 188 - 189 - 194 - 202 - 204 - 205 - 207 - 208 - 211 - 212 - 215 - 216 - 217 - 222 - 225 - 226 - 227 - 229 - 232 - 234 - 235 - 236 - 237 - 239 - 242 - 247 - 249 - 252 - 253 - 254 - 255 - 260 - 263 - 267 - 269 - 271 - 273 - 274 - 276 - 278 - 279 - 283 - 286 - 293 - 295 - 297 - 299 - 302 - 305 - 306 - 309 - 310 - 311 - 312 - 314 - 315 - 316 - 318 - 321 - 324 - 326 - 329 - 330 - 331 - 337 - 340 - 341 - 343 - 347 - 350 - 354 - 355 - 356 - 358 - 359 - 366 - 368 - 372 - 373 - 374 - 378 - 379 - 380 - 381 - 382 - 383 - 384 - 387 - 389 - 390 - 391 - 394 - 396 - 397 - 399 - 401 - 404 - 405 - 406 - 408 - 409 - 410 - 413 - 414 - 419 - 423 - 426 - 427 - 429 - 431 - 434 - 436 - 438 - 439 - 440 - 441 - 442 - 443 - 444 - 447 - 451 - 455 - 456 - 457 - 458 - 461 - 462 - 464 - 469 - 470 - 471 - 473 - 474 - 479 - 480 - 482 - 483 - 489 - 490 - 495 - 498 - 499,386094.0,3.8,63210,71926,125.05,Cost: 63210 & Capacity: 71926
1 - 2 - 4 - 5 - 6 - 8 - 10 - 11 - 12 - 14 - 15 - 16 - 18 - 19 - 20 - 22 - 24 - 26 - 27 - 29 - 30 - 34 - 35 - 36 - 40 - 41 - 43 - 44 - 45 - 46 - 49 - 50 - 52 - 57 - 58 - 60 - 61 - 63 - 66 - 67 - 68 - 71 - 72 - 74 - 75 - 77 - 78 - 79 - 80 - 81 - 82 - 83 - 85 - 87 - 88 - 90 - 91 - 92 - 97 - 98 - 99 - 101 - 102 - 103 - 105 - 106 - 108 - 110 - 112 - 115 - 116 - 117 - 118 - 120 - 121 - 122 - 123 - 124 - 125 - 126 - 127 - 129 - 131 - 133 - 134 - 135 - 137 - 140 - 141 - 145 - 146 - 149 - 152 - 157 - 158 - 163 - 164 - 167 - 169 - 171 - 178 - 179 - 184 - 185 - 187 - 188 - 189 - 194 - 202 - 204 - 205 - 207 - 208 - 211 - 212 - 215 - 216 - 217 - 222 - 225 - 226 - 227 - 229 - 232 - 234 - 235 - 236 - 237 - 239 - 242 - 247 - 249 - 252 - 253 - 254 - 255 - 260 - 263 - 267 - 269 - 271 - 273 - 274 - 276 - 278 - 279 - 283 - 286 - 293 - 295 - 297 - 299 - 302 - 305 - 306 - 309 - 310 - 311 - 312 - 314 - 315 - 316 - 318 - 321 - 324 - 326 - 329 - 330 - 331 - 337 - 340 - 341 - 343 - 347 - 350 - 354 - 355 - 356 - 358 - 359 - 366 - 368 - 372 - 373 - 374 - 378 - 379 - 380 - 381 - 382 - 383 - 384 - 387 - 389 - 390 - 391 - 394 - 396 - 397 - 399 - 401 - 404 - 405 - 406 - 408 - 409 - 410 - 413 - 414 - 419 - 423 - 426 - 427 - 429 - 431 - 434 - 436 - 438 - 439 - 440 - 441 - 442 - 443 - 444 - 447 - 451 - 455 - 456 - 457 - 458 - 461 - 462 - 464 - 469 - 470 - 471 - 473 - 474 - 479 - 480 - 482 - 483 - 489 - 490 - 495 - 498 - 499,386094.0,3.8,63210,71926,125.09,Cost: 63210 & Capacity: 71926
1 - 2 - 4 - 6 - 8 - 10 - 11 - 12 - 14 - 16 - 18 - 19 - 20 - 22 - 24 - 26 - 27 - 29 - 30 - 34 - 35 - 36 - 40 - 41 - 43 - 44 - 45 - 46 - 49 - 50 - 52 - 57 - 58 - 60 - 61 - 63 - 64 - 67 - 68 - 71 - 72 - 74 - 75 - 78 - 79 - 80 - 81 - 82 - 83 - 85 - 87 - 88 - 90 - 91 - 92 - 97 - 98 - 99 - 101 - 102 - 103 - 105 - 106 - 108 - 112 - 115 - 116 - 118 - 121 - 122 - 123 - 124 - 125 - 126 - 127 - 131 - 133 - 134 - 135 - 140 - 141 - 145 - 149 - 152 - 157 - 158 - 164 - 167 - 169 - 171 - 174 - 178 - 179 - 181 - 184 - 185 - 187 - 188 - 189 - 194 - 196 - 197 - 202 - 204 - 207 - 211 - 215 - 216 - 217 - 220 - 222 - 225 - 226 - 227 - 228 - 229 - 232 - 234 - 235 - 236 - 237 - 239 - 242 - 252 - 253 - 254 - 255 - 260 - 263 - 267 - 269 - 271 - 273 - 274 - 276 - 278 - 279 - 281 - 283 - 286 - 293 - 294 - 295 - 299 - 302 - 305 - 309 - 310 - 311 - 312 - 314 - 315 - 316 - 318 - 319 - 321 - 326 - 330 - 331 - 337 - 338 - 340 - 341 - 343 - 347 - 350 - 354 - 355 - 356 - 358 - 359 - 366 - 368 - 373 - 374 - 379 - 380 - 381 - 382 - 383 - 384 - 387 - 389 - 390 - 391 - 396 - 397 - 399 - 401 - 404 - 405 - 406 - 408 - 409 - 410 - 411 - 413 - 414 - 419 - 423 - 426 - 427 - 429 - 431 - 434 - 436 - 438 - 439 - 440 - 442 - 443 - 444 - 451 - 455 - 457 - 458 - 461 - 462 - 464 - 469 - 470 - 471 - 473 - 474 - 479 - 480 - 482 - 483 - 489 - 490 - 495 - 498 - 499,352995.3,5.3,63196,70869,128.33,Cost: 63196 & Capacity: 70869
1 - 2 - 4 - 6 - 8 - 10 - 11 - 12 - 14 - 15 - 16 - 18 - 19 - 22 - 24 - 26 - 27 - 29 - 30 - 34 - 35 - 36 - 40 - 41 - 42 - 43 - 44 - 45 - 46 - 49 - 50 - 52 - 57 - 58 - 60 - 63 - 64 - 66 - 67 - 68 - 71 - 72 - 74 - 75 - 77 - 78 - 79 - 80 - 81 - 82 - 83 - 85 - 87 - 88 - 90 - 91 - 92 - 97 - 98 - 99 - 101 - 102 - 103 - 105 - 108 - 110 - 112 - 115 - 116 - 117 - 118 - 120 - 121 - 122 - 123 - 124 - 125 - 126 - 127 - 129 - 131 - 133 - 134 - 135 - 140 - 141 - 145 - 146 - 149 - 152 - 157 - 158 - 164 - 167 - 169 - 171 - 178 - 179 - 181 - 184 - 185 - 187 - 188 - 189 - 194 - 202 - 204 - 207 - 211 - 215 - 216 - 220 - 222 - 225 - 226 - 227 - 228 - 229 - 232 - 234 - 235 - 236 - 237 - 239 - 242 - 247 - 249 - 252 - 253 - 254 - 255 - 263 - 267 - 269 - 271 - 273 - 274 - 276 - 278 - 279 - 281 - 283 - 286 - 293 - 295 - 299 - 302 - 305 - 306 - 309 - 310 - 311 - 312 - 314 - 315 - 316 - 318 - 321 - 324 - 326 - 329 - 330 - 331 - 337 - 340 - 341 - 343 - 347 - 350 - 354 - 355 - 356 - 358 - 359 - 366 - 368 - 372 - 373 - 374 - 378 - 379 - 380 - 381 - 382 - 383 - 384 - 387 - 389 - 390 - 391 - 394 - 396 - 397 - 399 - 401 - 404 - 405 - 406 - 408 - 409 - 410 - 411 - 413 - 414 - 419 - 423 - 426 - 427 - 429 - 431 - 434 - 436 - 438 - 439 - 440 - 441 - 442 - 443 - 444 - 447 - 451 - 455 - 456 - 457 - 458 - 461 - 462 - 463 - 464 - 469 - 470 - 471 - 473 - 474 - 479 - 480 - 482 - 483 - 489 - 490 - 495 - 498 - 499,380066.1,4.2,63210,71263,130.35,Cost: 63210 & Capacity: 71263
1 - 2 - 4 - 5 - 6 - 8 - 10 - 11 - 12 - 14 - 15 - 16 - 18 - 19 - 20 - 22 - 24 - 26 - 27 - 29 - 30 - 34 - 35 - 36 - 40 - 41 - 43 - 44 - 45 - 46 - 49 - 50 - 52 - 57 - 58 - 60 - 61 - 63 - 66 - 67 - 68 - 71 - 72 - 74 - 75 - 77 - 78 - 79 - 80 - 81 - 82 - 83 - 85 - 87 - 88 - 90 - 91 - 92 - 97 - 98 - 99 - 101 - 102 - 103 - 105 - 106 - 108 - 110 - 112 - 115 - 116 - 117 - 118 - 120 - 121 - 122 - 123 - 124 - 125 - 126 - 127 - 129 - 131 - 133 - 134 - 135 - 137 - 140 - 141 - 145 - 146 - 149 - 152 - 157 - 158 - 163 - 164 - 167 - 169 - 171 - 178 - 179 - 184 - 185 - 187 - 188 - 189 - 194 - 202 - 204 - 205 - 207 - 208 - 211 - 212 - 215 - 216 - 217 - 222 - 225 - 226 - 227 - 229 - 232 - 234 - 235 - 236 - 237 - 239 - 242 - 247 - 249 - 252 - 253 - 254 - 255 - 260 - 263 - 267 - 269 - 271 - 273 - 274 - 276 - 278 - 279 - 283 - 286 - 293 - 295 - 297 - 299 - 302 - 305 - 306 - 309 - 310 - 311 - 312 - 314 - 315 - 316 - 318 - 321 - 324 - 326 - 329 - 330 - 331 - 337 - 340 - 341 - 343 - 347 - 350 - 354 - 355 - 356 - 358 - 359 - 366 - 368 - 372 - 373 - 374 - 378 - 379 - 380 - 381 - 382 - 383 - 384 - 387 - 389 - 390 - 391 - 394 - 396 - 397 - 399 - 401 - 404 - 405 - 406 - 408 - 409 - 410 - 413 - 414 - 419 - 423 - 426 - 427 - 429 - 431 - 434 - 436 - 438 - 439 - 440 - 441 - 442 - 443 - 444 - 447 - 451 - 455 - 456 - 457 - 458 - 461 - 462 - 464 - 469 - 470 - 471 - 473 - 474 - 479 - 480 - 482 - 483 - 489 - 490 - 495 - 498 - 499,386094.0,3.8,63210,71926,130.6,Cost: 63210 & Capacity: 71926
1 - 2 - 4 - 5 - 6 - 8 - 10 - 11 - 12 - 14 - 15 - 16 - 18 - 19 - 20 - 22 - 24 - 26 - 27 - 29 - 30 - 34 - 35 - 36 - 40 - 41 - 43 - 44 - 45 - 46 - 49 - 50 - 52 - 57 - 58 - 60 - 61 - 63 - 66 - 67 - 68 - 71 - 72 - 74 - 75 - 77 - 78 - 79 - 80 - 81 - 82 - 83 - 85 - 87 - 88 - 90 - 91 - 92 - 97 - 98 - 99 - 101 - 102 - 103 - 105 - 106 - 108 - 110 - 112 - 115 - 116 - 117 - 118 - 120 - 121 - 122 - 123 - 124 - 125 - 126 - 127 - 129 - 131 - 133 - 134 - 135 - 137 - 140 - 141 - 145 - 146 - 149 - 152 - 157 - 158 - 163 - 164 - 167 - 169 - 171 - 178 - 179 - 184 - 185 - 187 - 188 - 189 - 194 - 202 - 204 - 205 - 207 - 208 - 211 - 212 - 215 - 216 - 217 - 222 - 225 - 226 - 227 - 229 - 232 - 234 - 235 - 236 - 237 - 239 - 242 - 247 - 249 - 252 - 253 - 254 - 255 - 260 - 263 - 267 - 269 - 271 - 273 - 274 - 276 - 278 - 279 - 283 - 286 - 293 - 295 - 297 - 299 - 302 - 305 - 306 - 309 - 310 - 311 - 312 - 314 - 315 - 316 - 318 - 321 - 324 - 326 - 329 - 330 - 331 - 337 - 340 - 341 - 343 - 347 - 350 - 354 - 355 - 356 - 358 - 359 - 366 - 368 - 372 - 373 - 374 - 378 - 379 - 380 - 381 - 382 - 383 - 384 - 387 - 389 - 390 - 391 - 394 - 396 - 397 - 399 - 401 - 404 - 405 - 406 - 408 - 409 - 410 - 413 - 414 - 419 - 423 - 426 - 427 - 429 - 431 - 434 - 436 - 438 - 439 - 440 - 441 - 442 - 443 - 444 - 447 - 451 - 455 - 456 - 457 - 458 - 461 - 462 - 464 - 469 - 470 - 471 - 473 - 474 - 479 - 480 - 482 - 483 - 489 - 490 - 495 - 498 - 499,386094.0,3.8,63210,71926,130.64,Cost: 63210 & Capacity: 71926
6 - 8 - 10 - 11 - 14 - 16 - 24 - 28 - 36 - 40 - 45 - 46 - 59 - 62 - 64 - 68 - 69 - 71 - 75 - 76 - 78 - 80 - 82 - 83 - 85 - 99 - 103 - 104 - 111 - 115 - 123 - 124 - 135 - 140 - 155 - 156 - 169 - 171 - 179 - 181 - 191 - 194 - 196 - 197 - 201 - 204 - 208 - 216 - 220 - 226 - 230 - 232 - 234 - 235 - 243 - 253 - 257 - 263 - 267 - 271 - 273 - 274 - 280 - 281 - 282 - 289 - 291 - 294 - 296 - 302 - 312 - 314 - 321 - 324 - 336 - 337 - 338 - 342 - 350 - 351 - 356 - 359 - 362 - 366 - 372 - 374 - 377 - 381 - 387 - 389 - 390 - 398 - 399 - 401 - 404 - 406 - 408 - 411 - 412 - 413 - 414 - 426 - 431 - 433 - 434 - 443 - 444 - 450 - 451 - 463 - 471 - 476 - 478 - 482 - 485 - 486 - 490 - 491 - 493,100625.3,8.1,63151,55397,134.25,Cost: 63151 & Capacity: 55397
1 - 2 - 4 - 6 - 8 - 10 - 11 - 12 - 14 - 15 - 16 - 18 - 19 - 22 - 24 - 27 - 30 - 34 - 36 - 40 - 41 - 42 - 43 - 44 - 45 - 46 - 49 - 50 - 52 - 54 - 58 - 60 - 63 - 64 - 66 - 68 - 71 - 72 - 74 - 75 - 78 - 79 - 80 - 82 - 85 - 88 - 90 - 91 - 92 - 97 - 98 - 99 - 102 - 103 - 108 - 115 - 116 - 118 - 120 - 121 - 122 - 123 - 124 - 125 - 127 - 129 - 131 - 134 - 135 - 140 - 141 - 145 - 149 - 152 - 157 - 158 - 167 - 169 - 171 - 174 - 178 - 179 - 181 - 184 - 185 - 187 - 188 - 189 - 194 - 196 - 197 - 202 - 204 - 207 - 211 - 215 - 216 - 217 - 220 - 222 - 225 - 226 - 227 - 228 - 229 - 232 - 234 - 235 - 236 - 237 - 239 - 242 - 252 - 253 - 254 - 255 - 259 - 263 - 267 - 269 - 271 - 273 - 274 - 276 - 278 - 279 - 281 - 283 - 286 - 293 - 295 - 299 - 302 - 306 - 309 - 310 - 311 - 312 - 314 - 316 - 318 - 319 - 321 - 330 - 337 - 338 - 340 - 347 - 351 - 355 - 356 - 358 - 359 - 366 - 368 - 373 - 374 - 378 - 379 - 380 - 381 - 382 - 383 - 387 - 389 - 390 - 391 - 396 - 397 - 398 - 399 - 401 - 404 - 405 - 406 - 408 - 409 - 410 - 411 - 414 - 419 - 421 - 423 - 426 - 427 - 429 - 431 - 434 - 436 - 438 - 439 - 440 - 443 - 451 - 455 - 457 - 458 - 461 - 462 - 463 - 469 - 470 - 471 - 473 - 474 - 478 - 479 - 480 - 482 - 483 - 485 - 487 - 489 - 490 - 498,304238.8,6.0,63185,69173,137.52,Cost: 63185 & Capacity: 69173
1 - 2 - 4 - 5 - 6 - 8 - 10 - 11 - 12 - 14 - 15 - 16 - 18 - 19 - 20 - 22 - 24 - 26 - 27 - 29 - 30 - 34 - 35 - 36 - 40 - 41 - 43 - 44 - 45 - 46 - 49 - 50 - 52 - 57 - 58 - 60 - 61 - 63 - 66 - 67 - 68 - 71 - 72 - 74 - 75 - 77 - 78 - 79 - 80 - 81 - 82 - 83 - 85 - 87 - 88 - 90 - 91 - 92 - 97 - 98 - 99 - 101 - 102 - 103 - 105 - 106 - 108 - 110 - 112 - 115 - 116 - 117 - 118 - 120 - 121 - 122 - 123 - 124 - 125 - 126 - 127 - 129 - 131 - 133 - 134 - 135 - 137 - 140 - 141 - 145 - 146 - 149 - 152 - 157 - 158 - 163 - 164 - 167 - 169 - 171 - 178 - 179 - 184 - 185 - 187 - 188 - 189 - 194 - 202 - 204 - 205 - 207 - 208 - 211 - 212 - 215 - 216 - 217 - 222 - 225 - 226 - 227 - 229 - 232 - 234 - 235 - 236 - 237 - 239 - 242 - 247 - 249 - 252 - 253 - 254 - 255 - 260 - 263 - 267 - 269 - 271 - 273 - 274 - 276 - 278 - 279 - 283 - 286 - 293 - 295 - 297 - 299 - 302 - 305 - 306 - 309 - 310 - 311 - 312 - 314 - 315 - 316 - 318 - 321 - 324 - 326 - 329 - 330 - 331 - 337 - 340 - 341 - 343 - 347 - 350 - 354 - 355 - 356 - 358 - 359 - 366 - 368 - 372 - 373 - 374 - 378 - 379 - 380 - 381 - 382 - 383 - 384 - 387 - 389 - 390 - 391 - 394 - 396 - 397 - 399 - 401 - 404 - 405 - 406 - 408 - 409 - 410 - 413 - 414 - 419 - 423 - 426 - 427 - 429 - 431 - 434 - 436 - 438 - 439 - 440 - 441 - 442 - 443 - 444 - 447 - 451 - 455 - 456 - 457 - 458 - 461 - 462 - 464 - 469 - 470 - 471 - 473 - 474 - 479 - 480 - 482 - 483 - 489 - 490 - 495 - 498 - 499,386094.0,3.8,63210,71926,142.14,Cost: 63210 & Capacity: 71926
2 - 4 - 5 - 6 - 8 - 11 - 14 - 16 - 21 - 22 - 24 - 30 - 40 - 41 - 45 - 46 - 62 - 64 - 68 - 69 - 71 - 74 - 75 - 78 - 79 - 80 - 82 - 85 - 92 - 97 - 98 - 102 - 103 - 104 - 111 - 115 - 120 - 121 - 123 - 124 - 125 - 128 - 131 - 135 - 140 - 149 - 156 - 159 - 164 - 165 - 173 - 178 - 179 - 181 - 185 - 187 - 196 - 197 - 202 - 204 - 216 - 217 - 220 - 225 - 226 - 232 - 235 - 243 - 263 - 267 - 271 - 273 - 274 - 279 - 280 - 281 - 282 - 286 - 291 - 294 - 299 - 302 - 306 - 309 - 312 - 314 - 316 - 320 - 321 - 324 - 330 - 331 - 337 - 338 - 342 - 356 - 359 - 362 - 366 - 373 - 374 - 377 - 379 - 381 - 384 - 386 - 387 - 390 - 391 - 395 - 398 - 399 - 401 - 403 - 406 - 408 - 411 - 412 - 413 - 415 - 421 - 422 - 423 - 425 - 426 - 431 - 436 - 438 - 440 - 443 - 450 - 451 - 455 - 461 - 463 - 469 - 470 - 471 - 474 - 478 - 479 - 482 - 486 - 490 - 491,146176.8,7.7,63142,59500,143.58,Cost: 63142 & Capacity: 59500
1 - 2 - 4 - 5 - 6 - 8 - 10 - 11 - 12 - 14 - 15 - 16 - 18 - 19 - 20 - 22 - 24 - 26 - 27 - 29 - 30 - 34 - 35 - 36 - 40 - 41 - 43 - 44 - 45 - 46 - 49 - 50 - 52 - 57 - 58 - 60 - 61 - 63 - 66 - 67 - 68 - 71 - 72 - 74 - 75 - 77 - 78 - 79 - 80 - 81 - 82 - 83 - 85 - 87 - 88 - 90 - 91 - 92 - 97 - 98 - 99 - 101 - 102 - 103 - 105 - 106 - 108 - 110 - 112 - 115 - 116 - 117 - 118 - 120 - 121 - 122 - 123 - 124 - 125 - 126 - 127 - 129 - 131 - 133 - 134 - 135 - 137 - 140 - 141 - 145 - 146 - 149 - 152 - 157 - 158 - 163 - 164 - 167 - 169 - 171 - 178 - 179 - 184 - 185 - 187 - 188 - 189 - 194 - 202 - 204 - 205 - 207 - 208 - 211 - 212 - 215 - 216 - 217 - 222 - 225 - 226 - 227 - 229 - 232 - 234 - 235 - 236 - 237 - 239 - 242 - 247 - 249 - 252 - 253 - 254 - 255 - 260 - 263 - 267 - 269 - 271 - 273 - 274 - 276 - 278 - 279 - 283 - 286 - 293 - 295 - 297 - 299 - 302 - 305 - 306 - 309 - 310 - 311 - 312 - 314 - 315 - 316 - 318 - 321 - 324 - 326 - 329 - 330 - 331 - 337 - 340 - 341 - 343 - 347 - 350 - 354 - 355 - 356 - 358 - 359 - 366 - 368 - 372 - 373 - 374 - 378 - 379 - 380 - 381 - 382 - 383 - 384 - 387 - 389 - 390 - 391 - 394 - 396 - 397 - 399 - 401 - 404 - 405 - 406 - 408 - 409 - 410 - 413 - 414 - 419 - 423 - 426 - 427 - 429 - 431 - 434 - 436 - 438 - 439 - 440 - 441 - 442 - 443 - 444 - 447 - 451 - 455 - 456 - 457 - 458 - 461 - 462 - 464 - 469 - 470 - 471 - 473 - 474 - 479 - 480 - 482 - 483 - 489 - 490 - 495 - 498 - 499,386094.0,3.8,63210,71926,143.8,Cost: 63210 & Capacity: 71926
1 - 4 - 6 - 8 - 10 - 11 - 12 - 14 - 16 - 19 - 21 - 24 - 26 - 27 - 31 - 37 - 41 - 42 - 43 - 45 - 46 - 50 - 54 - 57 - 58 - 60 - 62 - 64 - 68 - 71 - 72 - 74 - 75 - 78 - 79 - 80 - 82 - 83 - 85 - 88 - 91 - 92 - 98 - 99 - 103 - 107 - 108 - 110 - 115 - 121 - 122 - 123 - 124 - 127 - 130 - 131 - 132 - 133 - 135 - 140 - 146 - 156 - 157 - 165 - 171 - 174 - 177 - 178 - 179 - 185 - 187 - 194 - 196 - 197 - 201 - 202 - 204 - 207 - 215 - 216 - 217 - 221 - 222 - 225 - 226 - 228 - 230 - 232 - 236 - 242 - 243 - 244 - 249 - 259 - 263 - 265 - 267 - 271 - 273 - 276 - 281 - 283 - 286 - 289 - 291 - 293 - 294 - 295 - 302 - 306 - 309 - 310 - 311 - 312 - 314 - 315 - 316 - 318 - 319 - 321 - 329 - 337 - 338 - 340 - 341 - 343 - 350 - 356 - 359 - 362 - 366 - 373 - 377 - 379 - 381 - 383 - 387 - 389 - 390 - 391 - 396 - 397 - 398 - 399 - 401 - 404 - 406 - 408 - 411 - 414 - 416 - 419 - 421 - 436 - 440 - 443 - 446 - 461 - 469 - 470 - 471 - 473 - 480 - 482 - 486 - 490 - 493 - 498,192175.1,7.1,63171,60402,147.75,Cost: 63171 & Capacity: 60402
1 - 2 - 4 - 5 - 6 - 8 - 10 - 11 - 12 - 14 - 15 - 16 - 18 - 19 - 20 - 22 - 24 - 26 - 27 - 29 - 30 - 34 - 35 - 36 - 40 - 41 - 43 - 44 - 45 - 46 - 49 - 50 - 52 - 57 - 58 - 60 - 61 - 63 - 66 - 67 - 68 - 71 - 72 - 74 - 75 - 77 - 78 - 79 - 80 - 81 - 82 - 83 - 85 - 87 - 88 - 90 - 91 - 92 - 97 - 98 - 99 - 101 - 102 - 103 - 105 - 106 - 108 - 110 - 112 - 115 - 116 - 117 - 118 - 120 - 121 - 122 - 123 - 124 - 125 - 126 - 127 - 129 - 131 - 133 - 134 - 135 - 137 - 140 - 141 - 145 - 146 - 149 - 152 - 157 - 158 - 163 - 164 - 167 - 169 - 171 - 178 - 179 - 184 - 185 - 187 - 188 - 189 - 194 - 202 - 204 - 205 - 207 - 208 - 211 - 212 - 215 - 216 - 217 - 222 - 225 - 226 - 227 - 229 - 232 - 234 - 235 - 236 - 237 - 239 - 242 - 247 - 249 - 252 - 253 - 254 - 255 - 260 - 263 - 267 - 269 - 271 - 273 - 274 - 276 - 278 - 279 - 283 - 286 - 293 - 295 - 297 - 299 - 302 - 305 - 306 - 309 - 310 - 311 - 312 - 314 - 315 - 316 - 318 - 321 - 324 - 326 - 329 - 330 - 331 - 337 - 340 - 341 - 343 - 347 - 350 - 354 - 355 - 356 - 358 - 359 - 366 - 368 - 372 - 373 - 374 - 378 - 379 - 380 - 381 - 382 - 383 - 384 - 387 - 389 - 390 - 391 - 394 - 396 - 397 - 399 - 401 - 404 - 405 - 406 - 408 - 409 - 410 - 413 - 414 - 419 - 423 - 426 - 427 - 429 - 431 - 434 - 436 - 438 - 439 - 440 - 441 - 442 - 443 - 444 - 447 - 451 - 455 - 456 - 457 - 458 - 461 - 462 - 464 - 469 - 470 - 471 - 473 - 474 - 479 - 480 - 482 - 483 - 489 - 490 - 495 - 498 - 499,386094.0,3.8,63210,71926,152.64,Cost: 63210 & Capacity: 71926
1 - 2 - 4 - 5 - 6 - 8 - 10 - 11 - 12 - 14 - 15 - 16 - 18 - 19 - 20 - 22 - 24 - 26 - 27 - 29 - 30 - 34 - 35 - 36 - 40 - 41 - 43 - 44 - 45 - 46 - 49 - 50 - 52 - 57 - 58 - 60 - 61 - 63 - 66 - 67 - 68 - 71 - 72 - 74 - 75 - 77 - 78 - 79 - 80 - 81 - 82 - 83 - 85 - 87 - 88 - 90 - 91 - 92 - 97 - 98 - 99 - 101 - 102 - 103 - 105 - 106 - 108 - 110 - 112 - 115 - 116 - 117 - 118 - 120 - 121 - 122 - 123 - 124 - 125 - 126 - 127 - 129 - 131 - 133 - 134 - 135 - 137 - 140 - 141 - 145 - 146 - 149 - 152 - 157 - 158 - 163 - 164 - 167 - 169 - 171 - 178 - 179 - 184 - 185 - 187 - 188 - 189 - 194 - 202 - 204 - 205 - 207 - 208 - 211 - 212 - 215 - 216 - 217 - 222 - 225 - 226 - 227 - 229 - 232 - 234 - 235 - 236 - 237 - 239 - 242 - 247 - 249 - 252 - 253 - 254 - 255 - 260 - 263 - 267 - 269 - 271 - 273 - 274 - 276 - 278 - 279 - 283 - 286 - 293 - 295 - 297 - 299 - 302 - 305 - 306 - 309 - 310 - 311 - 312 - 314 - 315 - 316 - 318 - 321 - 324 - 326 - 329 - 330 - 331 - 337 - 340 - 341 - 343 - 347 - 350 - 354 - 355 - 356 - 358 - 359 - 366 - 368 - 372 - 373 - 374 - 378 - 379 - 380 - 381 - 382 - 383 - 384 - 387 - 389 - 390 - 391 - 394 - 396 - 397 - 399 - 401 - 404 - 405 - 406 - 408 - 409 - 410 - 413 - 414 - 419 - 423 - 426 - 427 - 429 - 431 - 434 - 436 - 438 - 439 - 440 - 441 - 442 - 443 - 444 - 447 - 451 - 455 - 456 - 457 - 458 - 461 - 462 - 464 - 469 - 470 - 471 - 473 - 474 - 479 - 480 - 482 - 483 - 489 - 490 - 495 - 498 - 499,386094.0,3.8,63210,71926,152.69,Cost: 63210 & Capacity: 71926
1 - 2 - 4 - 5 - 6 - 8 - 10 - 11 - 12 - 14 - 15 - 16 - 18 - 19 - 20 - 22 - 24 - 26 - 27 - 29 - 30 - 34 - 35 - 36 - 40 - 41 - 43 - 44 - 45 - 46 - 49 - 50 - 52 - 57 - 58 - 60 - 61 - 63 - 66 - 67 - 68 - 71 - 72 - 74 - 75 - 77 - 78 - 79 - 80 - 81 - 82 - 83 - 85 - 87 - 88 - 90 - 91 - 92 - 97 - 98 - 99 - 101 - 102 - 103 - 105 - 106 - 108 - 110 - 112 - 115 - 116 - 117 - 118 - 120 - 121 - 122 - 123 - 124 - 125 - 126 - 127 - 129 - 131 - 133 - 134 - 135 - 137 - 140 - 141 - 145 - 146 - 149 - 152 - 157 - 158 - 163 - 164 - 167 - 169 - 171 - 178 - 179 - 184 - 185 - 187 - 188 - 189 - 194 - 202 - 204 - 205 - 207 - 208 - 211 - 212 - 215 - 216 - 217 - 222 - 225 - 226 - 227 - 229 - 232 - 234 - 235 - 236 - 237 - 239 - 242 - 247 - 249 - 252 - 253 - 254 - 255 - 260 - 263 - 267 - 269 - 271 - 273 - 274 - 276 - 278 - 279 - 283 - 286 - 293 - 295 - 297 - 299 - 302 - 305 - 306 - 309 - 310 - 311 - 312 - 314 - 315 - 316 - 318 - 321 - 324 - 326 - 329 - 330 - 331 - 337 - 340 - 341 - 343 - 347 - 350 - 354 - 355 - 356 - 358 - 359 - 366 - 368 - 372 - 373 - 374 - 378 - 379 - 380 - 381 - 382 - 383 - 384 - 387 - 389 - 390 - 391 - 394 - 396 - 397 - 399 - 401 - 404 - 405 - 406 - 408 - 409 - 410 - 413 - 414 - 419 - 423 - 426 - 427 - 429 - 431 - 434 - 436 - 438 - 439 - 440 - 441 - 442 - 443 - 444 - 447 - 451 - 455 - 456 - 457 - 458 - 461 - 462 - 464 - 469 - 470 - 471 - 473 - 474 - 479 - 480 - 482 - 483 - 489 - 490 - 495 - 498 - 499,386094.0,3.8,63210,71926,153.36,Cost: 63210 & Capacity: 71926
1 - 2 - 4 - 5 - 6 - 8 - 10 - 11 - 12 - 14 - 15 - 16 - 18 - 19 - 20 - 22 - 24 - 26 - 27 - 29 - 30 - 34 - 35 - 36 - 40 - 41 - 43 - 44 - 45 - 46 - 49 - 50 - 52 - 57 - 58 - 60 - 61 - 63 - 66 - 67 - 68 - 71 - 72 - 74 - 75 - 77 - 78 - 79 - 80 - 81 - 82 - 83 - 85 - 87 - 88 - 90 - 91 - 92 - 97 - 98 - 99 - 101 - 102 - 103 - 105 - 106 - 108 - 110 - 112 - 115 - 116 - 117 - 118 - 120 - 121 - 122 - 123 - 124 - 125 - 126 - 127 - 129 - 131 - 133 - 134 - 135 - 137 - 140 - 141 - 145 - 146 - 149 - 152 - 157 - 158 - 163 - 164 - 167 - 169 - 171 - 178 - 179 - 184 - 185 - 187 - 188 - 189 - 194 - 202 - 204 - 205 - 207 - 208 - 211 - 212 - 215 - 216 - 217 - 222 - 225 - 226 - 227 - 229 - 232 - 234 - 235 - 236 - 237 - 239 - 242 - 247 - 249 - 252 - 253 - 254 - 255 - 260 - 263 - 267 - 269 - 271 - 273 - 274 - 276 - 278 - 279 - 283 - 286 - 293 - 295 - 297 - 299 - 302 - 305 - 306 - 309 - 310 - 311 - 312 - 314 - 315 - 316 - 318 - 321 - 324 - 326 - 329 - 330 - 331 - 337 - 340 - 341 - 343 - 347 - 350 - 354 - 355 - 356 - 358 - 359 - 366 - 368 - 372 - 373 - 374 - 378 - 379 - 380 - 381 - 382 - 383 - 384 - 387 - 389 - 390 - 391 - 394 - 396 - 397 - 399 - 401 - 404 - 405 - 406 - 408 - 409 - 410 - 413 - 414 - 419 - 423 - 426 - 427 - 429 - 431 - 434 - 436 - 438 - 439 - 440 - 441 - 442 - 443 - 444 - 447 - 451 - 455 - 456 - 457 - 458 - 461 - 462 - 464 - 469 - 470 - 471 - 473 - 474 - 479 - 480 - 482 - 483 - 489 - 490 - 495 - 498 - 499,386094.0,3.8,63210,71926,162.28,Cost: 63210 & Capacity: 71926
1 - 2 - 4 - 6 - 8 - 10 - 11 - 12 - 14 - 15 - 16 - 18 - 19 - 20 - 22 - 24 - 26 - 27 - 29 - 30 - 34 - 35 - 36 - 40 - 41 - 43 - 44 - 45 - 46 - 49 - 50 - 52 - 57 - 58 - 60 - 63 - 64 - 66 - 67 - 68 - 71 - 72 - 74 - 75 - 77 - 78 - 79 - 80 - 81 - 82 - 83 - 85 - 87 - 88 - 90 - 91 - 92 - 97 - 98 - 99 - 101 - 102 - 103 - 105 - 108 - 112 - 114 - 115 - 116 - 118 - 120 - 121 - 122 - 123 - 124 - 125 - 126 - 127 - 129 - 131 - 133 - 134 - 135 - 140 - 141 - 145 - 146 - 149 - 152 - 157 - 158 - 164 - 167 - 169 - 171 - 178 - 179 - 181 - 184 - 185 - 187 - 188 - 189 - 194 - 196 - 202 - 204 - 205 - 207 - 208 - 211 - 215 - 216 - 217 - 222 - 225 - 226 - 227 - 228 - 229 - 232 - 234 - 235 - 236 - 237 - 239 - 242 - 249 - 252 - 253 - 254 - 255 - 263 - 267 - 269 - 271 - 273 - 274 - 276 - 278 - 279 - 281 - 283 - 286 - 293 - 295 - 297 - 299 - 302 - 305 - 306 - 309 - 310 - 311 - 312 - 314 - 315 - 316 - 318 - 319 - 321 - 324 - 326 - 330 - 331 - 337 - 340 - 341 - 343 - 347 - 350 - 354 - 355 - 356 - 358 - 359 - 366 - 368 - 372 - 373 - 374 - 378 - 379 - 380 - 381 - 382 - 383 - 384 - 387 - 389 - 390 - 391 - 396 - 397 - 399 - 401 - 404 - 405 - 406 - 408 - 409 - 410 - 413 - 414 - 419 - 423 - 426 - 427 - 429 - 431 - 434 - 436 - 438 - 439 - 440 - 443 - 444 - 447 - 451 - 455 - 457 - 458 - 461 - 462 - 464 - 469 - 470 - 471 - 473 - 474 - 479 - 480 - 482 - 483 - 487 - 489 - 490 - 495 - 498 - 499,369838.5,5.0,63203,70545,164.6,Cost: 63203 & Capacity: 70545
1 - 2 - 4 - 6 - 8 - 11 - 12 - 14 - 16 - 19 - 21 - 24 - 26 - 27 - 35 - 36 - 40 - 41 - 42 - 43 - 46 - 50 - 57 - 58 - 60 - 61 - 62 - 64 - 67 - 68 - 72 - 74 - 75 - 78 - 79 - 80 - 82 - 85 - 91 - 99 - 102 - 103 - 107 - 108 - 115 - 116 - 118 - 120 - 121 - 122 - 123 - 127 - 131 - 132 - 133 - 134 - 135 - 140 - 141 - 145 - 146 - 149 - 156 - 157 - 164 - 165 - 169 - 174 - 177 - 178 - 179 - 185 - 187 - 194 - 196 - 197 - 201 - 202 - 204 - 207 - 211 - 215 - 216 - 217 - 221 - 222 - 225 - 228 - 230 - 232 - 239 - 243 - 244 - 253 - 254 - 259 - 263 - 267 - 271 - 273 - 274 - 276 - 281 - 283 - 286 - 289 - 291 - 294 - 295 - 302 - 305 - 310 - 311 - 312 - 314 - 315 - 316 - 318 - 319 - 321 - 330 - 332 - 336 - 337 - 338 - 340 - 341 - 351 - 354 - 356 - 358 - 359 - 362 - 366 - 373 - 374 - 379 - 381 - 383 - 387 - 389 - 390 - 391 - 396 - 397 - 398 - 399 - 401 - 404 - 405 - 406 - 408 - 410 - 411 - 414 - 419 - 421 - 423 - 426 - 431 - 434 - 436 - 440 - 443 - 451 - 457 - 458 - 461 - 462 - 469 - 470 - 471 - 473 - 476 - 478 - 482 - 486 - 490 - 491 - 498,219420.9,6.7,63198,62548,166.75,Cost: 63198 & Capacity: 62548
1 - 2 - 4 - 5 - 6 - 8 - 10 - 11 - 12 - 14 - 15 - 16 - 18 - 19 - 20 - 22 - 24 - 26 - 27 - 29 - 30 - 34 - 35 - 36 - 40 - 41 - 43 - 44 - 45 - 46 - 49 - 50 - 52 - 57 - 58 - 60 - 61 - 63 - 66 - 67 - 68 - 71 - 72 - 74 - 75 - 77 - 78 - 79 - 80 - 81 - 82 - 83 - 85 - 87 - 88 - 90 - 91 - 92 - 97 - 98 - 99 - 101 - 102 - 103 - 105 - 106 - 108 - 110 - 112 - 115 - 116 - 117 - 118 - 120 - 121 - 122 - 123 - 124 - 125 - 126 - 127 - 129 - 131 - 133 - 134 - 135 - 137 - 140 - 141 - 145 - 146 - 149 - 152 - 157 - 158 - 163 - 164 - 167 - 169 - 171 - 178 - 179 - 184 - 185 - 187 - 188 - 189 - 194 - 202 - 204 - 205 - 207 - 208 - 211 - 212 - 215 - 216 - 217 - 222 - 225 - 226 - 227 - 229 - 232 - 234 - 235 - 236 - 237 - 239 - 242 - 247 - 249 - 252 - 253 - 254 - 255 - 260 - 263 - 267 - 269 - 271 - 273 - 274 - 276 - 278 - 279 - 283 - 286 - 293 - 295 - 297 - 299 - 302 - 305 - 306 - 309 - 310 - 311 - 312 - 314 - 315 - 316 - 318 - 321 - 324 - 326 - 329 - 330 - 331 - 337 - 340 - 341 - 343 - 347 - 350 - 354 - 355 - 356 - 358 - 359 - 366 - 368 - 372 - 373 - 374 - 378 - 379 - 380 - 381 - 382 - 383 - 384 - 387 - 389 - 390 - 391 - 394 - 396 - 397 - 399 - 401 - 404 - 405 - 406 - 408 - 409 - 410 - 413 - 414 - 419 - 423 - 426 - 427 - 429 - 431 - 434 - 436 - 438 - 439 - 440 - 441 - 442 - 443 - 444 - 447 - 451 - 455 - 456 - 457 - 458 - 461 - 462 - 464 - 469 - 470 - 471 - 473 - 474 - 479 - 480 - 482 - 483 - 489 - 490 - 495 - 498 - 499,386094.0,3.8,63210,71926,170.98,Cost: 63210 & Capacity: 71926
1 - 2 - 4 - 5 - 6 - 8 - 10 - 11 - 12 - 14 - 15 - 16 - 18 - 19 - 20 - 22 - 24 - 26 - 27 - 29 - 30 - 34 - 35 - 36 - 40 - 41 - 43 - 44 - 45 - 46 - 49 - 50 - 52 - 57 - 58 - 60 - 61 - 63 - 66 - 67 - 68 - 71 - 72 - 74 - 75 - 77 - 78 - 79 - 80 - 81 - 82 - 83 - 85 - 87 - 88 - 90 - 91 - 92 - 97 - 98 - 99 - 101 - 102 - 103 - 105 - 106 - 108 - 110 - 112 - 115 - 116 - 117 - 118 - 120 - 121 - 122 - 123 - 124 - 125 - 126 - 127 - 129 - 131 - 133 - 134 - 135 - 137 - 140 - 141 - 145 - 146 - 149 - 152 - 157 - 158 - 163 - 164 - 167 - 169 - 171 - 178 - 179 - 184 - 185 - 187 - 188 - 189 - 194 - 202 - 204 - 205 - 207 - 208 - 211 - 212 - 215 - 216 - 217 - 222 - 225 - 226 - 227 - 229 - 232 - 234 - 235 - 236 - 237 - 239 - 242 - 247 - 249 - 252 - 253 - 254 - 255 - 260 - 263 - 267 - 269 - 271 - 273 - 274 - 276 - 278 - 279 - 283 - 286 - 293 - 295 - 297 - 299 - 302 - 305 - 306 - 309 - 310 - 311 - 312 - 314 - 315 - 316 - 318 - 321 - 324 - 326 - 329 - 330 - 331 - 337 - 340 - 341 - 343 - 347 - 350 - 354 - 355 - 356 - 358 - 359 - 366 - 368 - 372 - 373 - 374 - 378 - 379 - 380 - 381 - 382 - 383 - 384 - 387 - 389 - 390 - 391 - 394 - 396 - 397 - 399 - 401 - 404 - 405 - 406 - 408 - 409 - 410 - 413 - 414 - 419 - 423 - 426 - 427 - 429 - 431 - 434 - 436 - 438 - 439 - 440 - 441 - 442 - 443 - 444 - 447 - 451 - 455 - 456 - 457 - 458 - 461 - 462 - 464 - 469 - 470 - 471 - 473 - 474 - 479 - 480 - 482 - 483 - 489 - 490 - 495 - 498 - 499,386094.0,3.8,63210,71926,171.02,Cost: 63210 & Capacity: 71926
1 - 4 - 6 - 8 - 10 - 11 - 12 - 14 - 16 - 18 - 19 - 24 - 26 - 27 - 29 - 34 - 35 - 36 - 40 - 41 - 43 - 44 - 45 - 46 - 49 - 50 - 52 - 54 - 57 - 58 - 60 - 64 - 67 - 68 - 71 - 72 - 74 - 75 - 78 - 79 - 80 - 82 - 83 - 85 - 87 - 91 - 98 - 99 - 102 - 103 - 107 - 108 - 115 - 116 - 117 - 120 - 121 - 122 - 123 - 124 - 125 - 126 - 127 - 131 - 133 - 134 - 135 - 140 - 141 - 145 - 146 - 149 - 152 - 156 - 157 - 158 - 163 - 164 - 167 - 169 - 171 - 174 - 178 - 179 - 181 - 184 - 185 - 187 - 188 - 189 - 194 - 196 - 197 - 202 - 204 - 207 - 215 - 216 - 217 - 225 - 226 - 227 - 228 - 232 - 234 - 236 - 239 - 252 - 254 - 255 - 259 - 263 - 267 - 271 - 273 - 274 - 276 - 278 - 279 - 281 - 283 - 286 - 289 - 291 - 293 - 295 - 299 - 302 - 305 - 306 - 309 - 310 - 311 - 312 - 314 - 315 - 316 - 318 - 319 - 321 - 329 - 330 - 331 - 337 - 338 - 340 - 341 - 354 - 356 - 358 - 359 - 362 - 366 - 368 - 373 - 374 - 378 - 379 - 380 - 381 - 382 - 383 - 387 - 389 - 390 - 391 - 397 - 398 - 399 - 401 - 404 - 405 - 406 - 408 - 409 - 410 - 411 - 419 - 421 - 423 - 426 - 429 - 431 - 434 - 436 - 439 - 440 - 441 - 443 - 444 - 451 - 455 - 458 - 462 - 469 - 470 - 471 - 473 - 474 - 478 - 479 - 480 - 482 - 483 - 486 - 487 - 489 - 490 - 498 - 499,290769.3,6.1,63172,64614,178.11,Cost: 63172 & Capacity: 64614
1 - 2 - 4 - 5 - 6 - 8 - 10 - 11 - 12 - 14 - 15 - 16 - 18 - 19 - 20 - 22 - 24 - 26 - 27 - 29 - 30 - 34 - 35 - 36 - 40 - 41 - 43 - 44 - 45 - 46 - 49 - 50 - 52 - 57 - 58 - 60 - 61 - 63 - 66 - 67 - 68 - 71 - 72 - 74 - 75 - 77 - 78 - 79 - 80 - 81 - 82 - 83 - 85 - 87 - 88 - 90 - 91 - 92 - 97 - 98 - 99 - 101 - 102 - 103 - 105 - 106 - 108 - 110 - 112 - 115 - 116 - 117 - 118 - 120 - 121 - 122 - 123 - 124 - 125 - 126 - 127 - 129 - 131 - 133 - 134 - 135 - 137 - 140 - 141 - 145 - 146 - 149 - 152 - 157 - 158 - 163 - 164 - 167 - 169 - 171 - 178 - 179 - 184 - 185 - 187 - 188 - 189 - 194 - 202 - 204 - 205 - 207 - 208 - 211 - 212 - 215 - 216 - 217 - 222 - 225 - 226 - 227 - 229 - 232 - 234 - 235 - 236 - 237 - 239 - 242 - 247 - 249 - 252 - 253 - 254 - 255 - 260 - 263 - 267 - 269 - 271 - 273 - 274 - 276 - 278 - 279 - 283 - 286 - 293 - 295 - 297 - 299 - 302 - 305 - 306 - 309 - 310 - 311 - 312 - 314 - 315 - 316 - 318 - 321 - 324 - 326 - 329 - 330 - 331 - 337 - 340 - 341 - 343 - 347 - 350 - 354 - 355 - 356 - 358 - 359 - 366 - 368 - 372 - 373 - 374 - 378 - 379 - 380 - 381 - 382 - 383 - 384 - 387 - 389 - 390 - 391 - 394 - 396 - 397 - 399 - 401 - 404 - 405 - 406 - 408 - 409 - 410 - 413 - 414 - 419 - 423 - 426 - 427 - 429 - 431 - 434 - 436 - 438 - 439 - 440 - 441 - 442 - 443 - 444 - 447 - 451 - 455 - 456 - 457 - 458 - 461 - 462 - 464 - 469 - 470 - 471 - 473 - 474 - 479 - 480 - 482 - 483 - 489 - 490 - 495 - 498 - 499,386094.0,3.8,63210,71926,182.16,Cost: 63210 & Capacity: 71926
1 - 2 - 4 - 5 - 6 - 8 - 10 - 11 - 12 - 14 - 15 - 16 - 18 - 19 - 20 - 22 - 24 - 26 - 27 - 29 - 30 - 34 - 35 - 36 - 40 - 41 - 43 - 44 - 45 - 46 - 49 - 50 - 52 - 57 - 58 - 60 - 61 - 63 - 66 - 67 - 68 - 71 - 72 - 74 - 75 - 77 - 78 - 79 - 80 - 81 - 82 - 83 - 85 - 87 - 88 - 90 - 91 - 92 - 97 - 98 - 99 - 101 - 102 - 103 - 105 - 106 - 108 - 110 - 112 - 115 - 116 - 117 - 118 - 120 - 121 - 122 - 123 - 124 - 125 - 126 - 127 - 129 - 131 - 133 - 134 - 135 - 137 - 140 - 141 - 145 - 146 - 149 - 152 - 157 - 158 - 163 - 164 - 167 - 169 - 171 - 178 - 179 - 184 - 185 - 187 - 188 - 189 - 194 - 202 - 204 - 205 - 207 - 208 - 211 - 212 - 215 - 216 - 217 - 222 - 225 - 226 - 227 - 229 - 232 - 234 - 235 - 236 - 237 - 239 - 242 - 247 - 249 - 252 - 253 - 254 - 255 - 260 - 263 - 267 - 269 - 271 - 273 - 274 - 276 - 278 - 279 - 283 - 286 - 293 - 295 - 297 - 299 - 302 - 305 - 306 - 309 - 310 - 311 - 312 - 314 - 315 - 316 - 318 - 321 - 324 - 326 - 329 - 330 - 331 - 337 - 340 - 341 - 343 - 347 - 350 - 354 - 355 - 356 - 358 - 359 - 366 - 368 - 372 - 373 - 374 - 378 - 379 - 380 - 381 - 382 - 383 - 384 - 387 - 389 - 390 - 391 - 394 - 396 - 397 - 399 - 401 - 404 - 405 - 406 - 408 - 409 - 410 - 413 - 414 - 419 - 423 - 426 - 427 - 429 - 431 - 434 - 436 - 438 - 439 - 440 - 441 - 442 - 443 - 444 - 447 - 451 - 455 - 456 - 457 - 458 - 461 - 462 - 464 - 469 - 470 - 471 - 473 - 474 - 479 - 480 - 482 - 483 - 489 - 490 - 495 - 498 - 499,386094.0,3.8,63210,71926,182.19,Cost: 63210 & Capacity: 71926
1 - 4 - 6 - 8 - 10 - 11 - 12 - 14 - 15 - 16 - 18 - 19 - 22 - 24 - 27 - 30 - 36 - 40 - 41 - 42 - 43 - 44 - 45 - 46 - 49 - 54 - 57 - 60 - 62 - 63 - 64 - 67 - 68 - 71 - 72 - 74 - 75 - 78 - 79 - 80 - 82 - 83 - 85 - 88 - 91 - 92 - 98 - 99 - 102 - 103 - 108 - 112 - 115 - 116 - 118 - 120 - 121 - 122 - 123 - 124 - 127 - 131 - 134 - 135 - 140 - 145 - 149 - 150 - 156 - 157 - 158 - 167 - 168 - 169 - 171 - 174 - 178 - 179 - 184 - 185 - 187 - 189 - 191 - 194 - 196 - 197 - 202 - 204 - 207 - 211 - 216 - 217 - 220 - 222 - 225 - 226 - 228 - 232 - 234 - 235 - 237 - 242 - 252 - 253 - 254 - 255 - 257 - 259 - 263 - 267 - 271 - 273 - 274 - 276 - 278 - 281 - 283 - 286 - 293 - 294 - 295 - 302 - 305 - 309 - 310 - 311 - 312 - 314 - 315 - 316 - 318 - 319 - 320 - 321 - 330 - 337 - 338 - 340 - 347 - 351 - 355 - 359 - 366 - 373 - 374 - 379 - 380 - 381 - 383 - 389 - 390 - 391 - 397 - 398 - 399 - 401 - 404 - 405 - 406 - 408 - 409 - 410 - 411 - 414 - 419 - 421 - 423 - 425 - 426 - 429 - 431 - 434 - 436 - 438 - 439 - 440 - 443 - 451 - 455 - 457 - 461 - 462 - 463 - 469 - 470 - 471 - 473 - 474 - 478 - 480 - 482 - 483 - 486 - 487 - 489 - 490 - 495 - 498,263340.7,6.4,63204,66747,182.37,Cost: 63204 & Capacity: 66747
1 - 4 - 6 - 8 - 10 - 11 - 12 - 14 - 16 - 19 - 21 - 24 - 26 - 27 - 29 - 36 - 40 - 41 - 42 - 43 - 44 - 45 - 46 - 49 - 50 - 52 - 54 - 57 - 58 - 60 - 64 - 67 - 71 - 72 - 74 - 75 - 78 - 79 - 80 - 82 - 83 - 85 - 87 - 91 - 98 - 99 - 102 - 103 - 108 - 115 - 116 - 120 - 121 - 122 - 123 - 124 - 125 - 126 - 127 - 129 - 130 - 131 - 133 - 135 - 140 - 141 - 145 - 149 - 156 - 157 - 158 - 164 - 165 - 167 - 169 - 171 - 174 - 177 - 178 - 179 - 184 - 185 - 187 - 189 - 194 - 196 - 197 - 202 - 204 - 207 - 211 - 215 - 216 - 217 - 220 - 222 - 225 - 226 - 228 - 232 - 234 - 237 - 239 - 244 - 252 - 254 - 255 - 259 - 263 - 271 - 273 - 274 - 276 - 279 - 281 - 283 - 286 - 289 - 291 - 293 - 294 - 295 - 299 - 302 - 305 - 306 - 309 - 310 - 311 - 312 - 314 - 315 - 316 - 318 - 319 - 320 - 321 - 329 - 330 - 331 - 337 - 338 - 341 - 351 - 354 - 355 - 356 - 358 - 359 - 362 - 366 - 368 - 373 - 374 - 378 - 379 - 380 - 381 - 383 - 387 - 389 - 390 - 391 - 397 - 398 - 399 - 401 - 404 - 405 - 406 - 408 - 410 - 411 - 419 - 421 - 423 - 426 - 431 - 434 - 436 - 438 - 440 - 443 - 451 - 461 - 462 - 463 - 469 - 470 - 471 - 473 - 474 - 476 - 478 - 480 - 482 - 483 - 486 - 489 - 490 - 498 - 499,272757.0,6.2,63189,64975,185.26,Cost: 63189 & Capacity: 64975
1 - 2 - 4 - 5 - 6 - 8 - 10 - 11 - 12 - 14 - 15 - 16 - 18 - 19 - 20 - 22 - 24 - 26 - 27 - 29 - 30 - 34 - 35 - 36 - 40 - 41 - 43 - 44 - 45 - 46 - 49 - 50 - 52 - 57 - 58 - 60 - 61 - 63 - 66 - 67 - 68 - 71 - 72 - 74 - 75 - 77 - 78 - 79 - 80 - 81 - 82 - 83 - 85 - 87 - 88 - 90 - 91 - 92 - 97 - 98 - 99 - 101 - 102 - 103 - 105 - 106 - 108 - 110 - 112 - 115 - 116 - 117 - 118 - 120 - 121 - 122 - 123 - 124 - 125 - 126 - 127 - 129 - 131 - 133 - 134 - 135 - 137 - 140 - 141 - 145 - 146 - 149 - 152 - 157 - 158 - 163 - 164 - 167 - 169 - 171 - 178 - 179 - 184 - 185 - 187 - 188 - 189 - 194 - 202 - 204 - 205 - 207 - 208 - 211 - 212 - 215 - 216 - 217 - 222 - 225 - 226 - 227 - 229 - 232 - 234 - 235 - 236 - 237 - 239 - 242 - 247 - 249 - 252 - 253 - 254 - 255 - 260 - 263 - 267 - 269 - 271 - 273 - 274 - 276 - 278 - 279 - 283 - 286 - 293 - 295 - 297 - 299 - 302 - 305 - 306 - 309 - 310 - 311 - 312 - 314 - 315 - 316 - 318 - 321 - 324 - 326 - 329 - 330 - 331 - 337 - 340 - 341 - 343 - 347 - 350 - 354 - 355 - 356 - 358 - 359 - 366 - 368 - 372 - 373 - 374 - 378 - 379 - 380 - 381 - 382 - 383 - 384 - 387 - 389 - 390 - 391 - 394 - 396 - 397 - 399 - 401 - 404 - 405 - 406 - 408 - 409 - 410 - 413 - 414 - 419 - 423 - 426 - 427 - 429 - 431 - 434 - 436 - 438 - 439 - 440 - 441 - 442 - 443 - 444 - 447 - 451 - 455 - 456 - 457 - 458 - 461 - 462 - 464 - 469 - 470 - 471 - 473 - 474 - 479 - 480 - 482 - 483 - 489 - 490 - 495 - 498 - 499,386094.0,3.8,63210,71926,189.3,Cost: 63210 & Capacity: 71926
1 - 2 - 4 - 5 - 6 - 8 - 10 - 11 - 12 - 14 - 15 - 16 - 18 - 19 - 20 - 22 - 24 - 26 - 27 - 29 - 30 - 34 - 35 - 36 - 40 - 41 - 43 - 44 - 45 - 46 - 49 - 50 - 52 - 57 - 58 - 60 - 61 - 63 - 66 - 67 - 68 - 71 - 72 - 74 - 75 - 77 - 78 - 79 - 80 - 81 - 82 - 83 - 85 - 87 - 88 - 90 - 91 - 92 - 97 - 98 - 99 - 101 - 102 - 103 - 105 - 106 - 108 - 110 - 112 - 115 - 116 - 117 - 118 - 120 - 121 - 122 - 123 - 124 - 125 - 126 - 127 - 129 - 131 - 133 - 134 - 135 - 137 - 140 - 141 - 145 - 146 - 149 - 152 - 157 - 158 - 163 - 164 - 167 - 169 - 171 - 178 - 179 - 184 - 185 - 187 - 188 - 189 - 194 - 202 - 204 - 205 - 207 - 208 - 211 - 212 - 215 - 216 - 217 - 222 - 225 - 226 - 227 - 229 - 232 - 234 - 235 - 236 - 237 - 239 - 242 - 247 - 249 - 252 - 253 - 254 - 255 - 260 - 263 - 267 - 269 - 271 - 273 - 274 - 276 - 278 - 279 - 283 - 286 - 293 - 295 - 297 - 299 - 302 - 305 - 306 - 309 - 310 - 311 - 312 - 314 - 315 - 316 - 318 - 321 - 324 - 326 - 329 - 330 - 331 - 337 - 340 - 341 - 343 - 347 - 350 - 354 - 355 - 356 - 358 - 359 - 366 - 368 - 372 - 373 - 374 - 378 - 379 - 380 - 381 - 382 - 383 - 384 - 387 - 389 - 390 - 391 - 394 - 396 - 397 - 399 - 401 - 404 - 405 - 406 - 408 - 409 - 410 - 413 - 414 - 419 - 423 - 426 - 427 - 429 - 431 - 434 - 436 - 438 - 439 - 440 - 441 - 442 - 443 - 444 - 447 - 451 - 455 - 456 - 457 - 458 - 461 - 462 - 464 - 469 - 470 - 471 - 473 - 474 - 479 - 480 - 482 - 483 - 489 - 490 - 495 - 498 - 499,386094.0,3.8,63210,71926,190.04,Cost: 63210 & Capacity: 71926
1 - 2 - 4 - 5 - 6 - 8 - 10 - 11 - 12 - 14 - 15 - 16 - 18 - 19 - 20 - 22 - 24 - 26 - 27 - 29 - 30 - 34 - 35 - 36 - 40 - 41 - 43 - 44 - 45 - 46 - 49 - 50 - 52 - 57 - 58 - 60 - 61 - 63 - 66 - 67 - 68 - 71 - 72 - 74 - 75 - 77 - 78 - 79 - 80 - 81 - 82 - 83 - 85 - 87 - 88 - 90 - 91 - 92 - 97 - 98 - 99 - 101 - 102 - 103 - 105 - 106 - 108 - 110 - 112 - 115 - 116 - 117 - 118 - 120 - 121 - 122 - 123 - 124 - 125 - 126 - 127 - 129 - 131 - 133 - 134 - 135 - 137 - 140 - 141 - 145 - 146 - 149 - 152 - 157 - 158 - 163 - 164 - 167 - 169 - 171 - 178 - 179 - 184 - 185 - 187 - 188 - 189 - 194 - 202 - 204 - 205 - 207 - 208 - 211 - 212 - 215 - 216 - 217 - 222 - 225 - 226 - 227 - 229 - 232 - 234 - 235 - 236 - 237 - 239 - 242 - 247 - 249 - 252 - 253 - 254 - 255 - 260 - 263 - 267 - 269 - 271 - 273 - 274 - 276 - 278 - 279 - 283 - 286 - 293 - 295 - 297 - 299 - 302 - 305 - 306 - 309 - 310 - 311 - 312 - 314 - 315 - 316 - 318 - 321 - 324 - 326 - 329 - 330 - 331 - 337 - 340 - 341 - 343 - 347 - 350 - 354 - 355 - 356 - 358 - 359 - 366 - 368 - 372 - 373 - 374 - 378 - 379 - 380 - 381 - 382 - 383 - 384 - 387 - 389 - 390 - 391 - 394 - 396 - 397 - 399 - 401 - 404 - 405 - 406 - 408 - 409 - 410 - 413 - 414 - 419 - 423 - 426 - 427 - 429 - 431 - 434 - 436 - 438 - 439 - 440 - 441 - 442 - 443 - 444 - 447 - 451 - 455 - 456 - 457 - 458 - 461 - 462 - 464 - 469 - 470 - 471 - 473 - 474 - 479 - 480 - 482 - 483 - 489 - 490 - 495 - 498 - 499,386094.0,3.8,63210,71926,190.43,Cost: 63210 & Capacity: 71926
1 - 2 - 4 - 5 - 6 - 8 - 10 - 11 - 12 - 14 - 15 - 16 - 18 - 19 - 20 - 22 - 24 - 26 - 27 - 29 - 30 - 34 - 35 - 36 - 40 - 41 - 43 - 44 - 45 - 46 - 49 - 50 - 52 - 57 - 58 - 60 - 61 - 63 - 66 - 67 - 68 - 71 - 72 - 74 - 75 - 77 - 78 - 79 - 80 - 81 - 82 - 83 - 85 - 87 - 88 - 90 - 91 - 92 - 97 - 98 - 99 - 101 - 102 - 103 - 105 - 106 - 108 - 110 - 112 - 115 - 116 - 117 - 118 - 120 - 121 - 122 - 123 - 124 - 125 - 126 - 127 - 129 - 131 - 133 - 134 - 135 - 137 - 140 - 141 - 145 - 146 - 149 - 152 - 157 - 158 - 163 - 164 - 167 - 169 - 171 - 178 - 179 - 184 - 185 - 187 - 188 - 189 - 194 - 202 - 204 - 205 - 207 - 208 - 211 - 212 - 215 - 216 - 217 - 222 - 225 - 226 - 227 - 229 - 232 - 234 - 235 - 236 - 237 - 239 - 242 - 247 - 249 - 252 - 253 - 254 - 255 - 260 - 263 - 267 - 269 - 271 - 273 - 274 - 276 - 278 - 279 - 283 - 286 - 293 - 295 - 297 - 299 - 302 - 305 - 306 - 309 - 310 - 311 - 312 - 314 - 315 - 316 - 318 - 321 - 324 - 326 - 329 - 330 - 331 - 337 - 340 - 341 - 343 - 347 - 350 - 354 - 355 - 356 - 358 - 359 - 366 - 368 - 372 - 373 - 374 - 378 - 379 - 380 - 381 - 382 - 383 - 384 - 387 - 389 - 390 - 391 - 394 - 396 - 397 - 399 - 401 - 404 - 405 - 406 - 408 - 409 - 410 - 413 - 414 - 419 - 423 - 426 - 427 - 429 - 431 - 434 - 436 - 438 - 439 - 440 - 441 - 442 - 443 - 444 - 447 - 451 - 455 - 456 - 457 - 458 - 461 - 462 - 464 - 469 - 470 - 471 - 473 - 474 - 479 - 480 - 482 - 483 - 489 - 490 - 495 - 498 - 499,386094.0,3.8,63210,71926,196.65,Cost: 63210 & Capacity: 71926
1 - 2 - 4 - 5 - 6 - 8 - 10 - 11 - 12 - 14 - 15 - 16 - 18 - 19 - 20 - 22 - 24 - 26 - 27 - 29 - 30 - 34 - 35 - 36 - 40 - 41 - 43 - 44 - 45 - 46 - 49 - 50 - 52 - 57 - 58 - 60 - 61 - 63 - 66 - 67 - 68 - 71 - 72 - 74 - 75 - 77 - 78 - 79 - 80 - 81 - 82 - 83 - 85 - 87 - 88 - 90 - 91 - 92 - 97 - 98 - 99 - 101 - 102 - 103 - 105 - 106 - 108 - 110 - 112 - 115 - 116 - 117 - 118 - 120 - 121 - 122 - 123 - 124 - 125 - 126 - 127 - 129 - 131 - 133 - 134 - 135 - 137 - 140 - 141 - 145 - 146 - 149 - 152 - 157 - 158 - 163 - 164 - 167 - 169 - 171 - 178 - 179 - 184 - 185 - 187 - 188 - 189 - 194 - 202 - 204 - 205 - 207 - 208 - 211 - 212 - 215 - 216 - 217 - 222 - 225 - 226 - 227 - 229 - 232 - 234 - 235 - 236 - 237 - 239 - 242 - 247 - 249 - 252 - 253 - 254 - 255 - 260 - 263 - 267 - 269 - 271 - 273 - 274 - 276 - 278 - 279 - 283 - 286 - 293 - 295 - 297 - 299 - 302 - 305 - 306 - 309 - 310 - 311 - 312 - 314 - 315 - 316 - 318 - 321 - 324 - 326 - 329 - 330 - 331 - 337 - 340 - 341 - 343 - 347 - 350 - 354 - 355 - 356 - 358 - 359 - 366 - 368 - 372 - 373 - 374 - 378 - 379 - 380 - 381 - 382 - 383 - 384 - 387 - 389 - 390 - 391 - 394 - 396 - 397 - 399 - 401 - 404 - 405 - 406 - 408 - 409 - 410 - 413 - 414 - 419 - 423 - 426 - 427 - 429 - 431 - 434 - 436 - 438 - 439 - 440 - 441 - 442 - 443 - 444 - 447 - 451 - 455 - 456 - 457 - 458 - 461 - 462 - 464 - 469 - 470 - 471 - 473 - 474 - 479 - 480 - 482 - 483 - 489 - 490 - 495 - 498 - 499,386094.0,3.8,63210,71926,199.1,Cost: 63210 & Capacity: 71926
4 - 6 - 10 - 11 - 14 - 16 - 21 - 24 - 32 - 40 - 42 - 48 - 55 - 64 - 69 - 71 - 75 - 78 - 79 - 80 - 82 - 85 - 88 - 94 - 97 - 99 - 111 - 116 - 121 - 124 - 127 - 128 - 135 - 140 - 149 - 155 - 156 - 159 - 164 - 177 - 181 - 182 - 185 - 189 - 193 - 201 - 204 - 210 - 211 - 214 - 216 - 220 - 224 - 235 - 261 - 273 - 281 - 282 - 291 - 294 - 296 - 301 - 302 - 312 - 318 - 321 - 330 - 331 - 332 - 335 - 337 - 338 - 342 - 343 - 350 - 356 - 360 - 361 - 366 - 372 - 373 - 374 - 381 - 383 - 385 - 390 - 398 - 401 - 404 - 406 - 408 - 411 - 412 - 419 - 421 - 423 - 425 - 431 - 433 - 443 - 450 - 461 - 463 - 478 - 482 - 486 - 489 - 493 - 495,85187.1,8.4,62913,54422,199.15,Cost: 62913 & Capacity: 54422
1 - 2 - 4 - 5 - 6 - 8 - 10 - 11 - 12 - 14 - 15 - 16 - 18 - 19 - 20 - 22 - 24 - 26 - 27 - 29 - 30 - 34 - 35 - 36 - 40 - 41 - 43 - 44 - 45 - 46 - 49 - 50 - 52 - 57 - 58 - 60 - 61 - 63 - 66 - 67 - 68 - 71 - 72 - 74 - 75 - 77 - 78 - 79 - 80 - 81 - 82 - 83 - 85 - 87 - 88 - 90 - 91 - 92 - 97 - 98 - 99 - 101 - 102 - 103 - 105 - 106 - 108 - 110 - 112 - 115 - 116 - 117 - 118 - 120 - 121 - 122 - 123 - 124 - 125 - 126 - 127 - 129 - 131 - 133 - 134 - 135 - 137 - 140 - 141 - 145 - 146 - 149 - 152 - 157 - 158 - 163 - 164 - 167 - 169 - 171 - 178 - 179 - 184 - 185 - 187 - 188 - 189 - 194 - 202 - 204 - 205 - 207 - 208 - 211 - 212 - 215 - 216 - 217 - 222 - 225 - 226 - 227 - 229 - 232 - 234 - 235 - 236 - 237 - 239 - 242 - 247 - 249 - 252 - 253 - 254 - 255 - 260 - 263 - 267 - 269 - 271 - 273 - 274 - 276 - 278 - 279 - 283 - 286 - 293 - 295 - 297 - 299 - 302 - 305 - 306 - 309 - 310 - 311 - 312 - 314 - 315 - 316 - 318 - 321 - 324 - 326 - 329 - 330 - 331 - 337 - 340 - 341 - 343 - 347 - 350 - 354 - 355 - 356 - 358 - 359 - 366 - 368 - 372 - 373 - 374 - 378 - 379 - 380 - 381 - 382 - 383 - 384 - 387 - 389 - 390 - 391 - 394 - 396 - 397 - 399 - 401 - 404 - 405 - 406 - 408 - 409 - 410 - 413 - 414 - 419 - 423 - 426 - 427 - 429 - 431 - 434 - 436 - 438 - 439 - 440 - 441 - 442 - 443 - 444 - 447 - 451 - 455 - 456 - 457 - 458 - 461 - 462 - 464 - 469 - 470 - 471 - 473 - 474 - 479 - 480 - 482 - 483 - 489 - 490 - 495 - 498 - 499,386094.0,3.8,63210,71926,202.43,Cost: 63210 & Capacity: 71926
4 - 8 - 10 - 21 - 24 - 32 - 46 - 48 - 60 - 62 - 64 - 68 - 72 - 74 - 79 - 82 - 85 - 100 - 103 - 104 - 108 - 111 - 113 - 115 - 122 - 124 - 133 - 135 - 140 - 156 - 159 - 174 - 182 - 183 - 189 - 194 - 196 - 197 - 201 - 204 - 211 - 214 - 216 - 228 - 235 - 237 - 240 - 265 - 267 - 273 - 274 - 282 - 291 - 296 - 301 - 302 - 311 - 314 - 318 - 319 - 321 - 330 - 337 - 338 - 342 - 346 - 359 - 366 - 373 - 376 - 381 - 383 - 385 - 389 - 390 - 393 - 398 - 399 - 401 - 402 - 404 - 411 - 421 - 423 - 425 - 428 - 431 - 442 - 443 - 450 - 463 - 467 - 474 - 477 - 482 - 485 - 486 - 491 - 493,70100.7,8.6,60665,51016,204.09,Cost: 60665 & Capacity: 51016
1 - 2 - 4 - 5 - 6 - 8 - 10 - 11 - 12 - 14 - 15 - 16 - 18 - 19 - 20 - 22 - 24 - 26 - 27 - 29 - 30 - 34 - 35 - 36 - 40 - 41 - 43 - 44 - 45 - 46 - 49 - 50 - 52 - 57 - 58 - 60 - 61 - 63 - 66 - 67 - 68 - 71 - 72 - 74 - 75 - 77 - 78 - 79 - 80 - 81 - 82 - 83 - 85 - 87 - 88 - 90 - 91 - 92 - 97 - 98 - 99 - 101 - 102 - 103 - 105 - 106 - 108 - 110 - 112 - 115 - 116 - 117 - 118 - 120 - 121 - 122 - 123 - 124 - 125 - 126 - 127 - 129 - 131 - 133 - 134 - 135 - 137 - 140 - 141 - 145 - 146 - 149 - 152 - 157 - 158 - 163 - 164 - 167 - 169 - 171 - 178 - 179 - 184 - 185 - 187 - 188 - 189 - 194 - 202 - 204 - 205 - 207 - 208 - 211 - 212 - 215 - 216 - 217 - 222 - 225 - 226 - 227 - 229 - 232 - 234 - 235 - 236 - 237 - 239 - 242 - 247 - 249 - 252 - 253 - 254 - 255 - 260 - 263 - 267 - 269 - 271 - 273 - 274 - 276 - 278 - 279 - 283 - 286 - 293 - 295 - 297 - 299 - 302 - 305 - 306 - 309 - 310 - 311 - 312 - 314 - 315 - 316 - 318 - 321 - 324 - 326 - 329 - 330 - 331 - 337 - 340 - 341 - 343 - 347 - 350 - 354 - 355 - 356 - 358 - 359 - 366 - 368 - 372 - 373 - 374 - 378 - 379 - 380 - 381 - 382 - 383 - 384 - 387 - 389 - 390 - 391 - 394 - 396 - 397 - 399 - 401 - 404 - 405 - 406 - 408 - 409 - 410 - 413 - 414 - 419 - 423 - 426 - 427 - 429 - 431 - 434 - 436 - 438 - 439 - 440 - 441 - 442 - 443 - 444 - 447 - 451 - 455 - 456 - 457 - 458 - 461 - 462 - 464 - 469 - 470 - 471 - 473 - 474 - 479 - 480 - 482 - 483 - 489 - 490 - 495 - 498 - 499,386094.0,3.8,63210,71926,204.37,Cost: 63210 & Capacity: 71926
1 - 2 - 4 - 5 - 6 - 8 - 10 - 11 - 12 - 14 - 15 - 16 - 18 - 19 - 20 - 22 - 24 - 26 - 27 - 29 - 30 - 34 - 35 - 36 - 40 - 41 - 43 - 44 - 45 - 46 - 49 - 50 - 52 - 57 - 58 - 60 - 61 - 63 - 66 - 67 - 68 - 71 - 72 - 74 - 75 - 77 - 78 - 79 - 80 - 81 - 82 - 83 - 85 - 87 - 88 - 90 - 91 - 92 - 97 - 98 - 99 - 101 - 102 - 103 - 105 - 106 - 108 - 110 - 112 - 115 - 116 - 117 - 118 - 120 - 121 - 122 - 123 - 124 - 125 - 126 - 127 - 129 - 131 - 133 - 134 - 135 - 137 - 140 - 141 - 145 - 146 - 149 - 152 - 157 - 158 - 163 - 164 - 167 - 169 - 171 - 178 - 179 - 184 - 185 - 187 - 188 - 189 - 194 - 202 - 204 - 205 - 207 - 208 - 211 - 212 - 215 - 216 - 217 - 222 - 225 - 226 - 227 - 229 - 232 - 234 - 235 - 236 - 237 - 239 - 242 - 247 - 249 - 252 - 253 - 254 - 255 - 260 - 263 - 267 - 269 - 271 - 273 - 274 - 276 - 278 - 279 - 283 - 286 - 293 - 295 - 297 - 299 - 302 - 305 - 306 - 309 - 310 - 311 - 312 - 314 - 315 - 316 - 318 - 321 - 324 - 326 - 329 - 330 - 331 - 337 - 340 - 341 - 343 - 347 - 350 - 354 - 355 - 356 - 358 - 359 - 366 - 368 - 372 - 373 - 374 - 378 - 379 - 380 - 381 - 382 - 383 - 384 - 387 - 389 - 390 - 391 - 394 - 396 - 397 - 399 - 401 - 404 - 405 - 406 - 408 - 409 - 410 - 413 - 414 - 419 - 423 - 426 - 427 - 429 - 431 - 434 - 436 - 438 - 439 - 440 - 441 - 442 - 443 - 444 - 447 - 451 - 455 - 456 - 457 - 458 - 461 - 462 - 464 - 469 - 470 - 471 - 473 - 474 - 479 - 480 - 482 - 483 - 489 - 490 - 495 - 498 - 499,386094.0,3.8,63210,71926,204.4,Cost: 63210 & Capacity: 71926
1 - 2 - 4 - 5 - 6 - 8 - 10 - 11 - 12 - 14 - 15 - 16 - 18 - 19 - 20 - 22 - 24 - 26 - 27 - 29 - 30 - 34 - 35 - 36 - 40 - 41 - 43 - 44 - 45 - 46 - 49 - 50 - 52 - 57 - 58 - 60 - 61 - 63 - 66 - 67 - 68 - 71 - 72 - 74 - 75 - 77 - 78 - 79 - 80 - 81 - 82 - 83 - 85 - 87 - 88 - 90 - 91 - 92 - 97 - 98 - 99 - 101 - 102 - 103 - 105 - 106 - 108 - 110 - 112 - 115 - 116 - 117 - 118 - 120 - 121 - 122 - 123 - 124 - 125 - 126 - 127 - 129 - 131 - 133 - 134 - 135 - 137 - 140 - 141 - 145 - 146 - 149 - 152 - 157 - 158 - 163 - 164 - 167 - 169 - 171 - 178 - 179 - 184 - 185 - 187 - 188 - 189 - 194 - 202 - 204 - 205 - 207 - 208 - 211 - 212 - 215 - 216 - 217 - 222 - 225 - 226 - 227 - 229 - 232 - 234 - 235 - 236 - 237 - 239 - 242 - 247 - 249 - 252 - 253 - 254 - 255 - 260 - 263 - 267 - 269 - 271 - 273 - 274 - 276 - 278 - 279 - 283 - 286 - 293 - 295 - 297 - 299 - 302 - 305 - 306 - 309 - 310 - 311 - 312 - 314 - 315 - 316 - 318 - 321 - 324 - 326 - 329 - 330 - 331 - 337 - 340 - 341 - 343 - 347 - 350 - 354 - 355 - 356 - 358 - 359 - 366 - 368 - 372 - 373 - 374 - 378 - 379 - 380 - 381 - 382 - 383 - 384 - 387 - 389 - 390 - 391 - 394 - 396 - 397 - 399 - 401 - 404 - 405 - 406 - 408 - 409 - 410 - 413 - 414 - 419 - 423 - 426 - 427 - 429 - 431 - 434 - 436 - 438 - 439 - 440 - 441 - 442 - 443 - 444 - 447 - 451 - 455 - 456 - 457 - 458 - 461 - 462 - 464 - 469 - 470 - 471 - 473 - 474 - 479 - 480 - 482 - 483 - 489 - 490 - 495 - 498 - 499,386094.0,3.8,63210,71926,206.81,Cost: 63210 & Capacity: 71926
1 - 2 - 4 - 5 - 6 - 8 - 10 - 11 - 12 - 14 - 15 - 16 - 18 - 19 - 20 - 22 - 24 - 26 - 27 - 29 - 30 - 34 - 35 - 36 - 40 - 41 - 43 - 44 - 45 - 46 - 49 - 50 - 52 - 57 - 58 - 60 - 61 - 63 - 66 - 67 - 68 - 71 - 72 - 74 - 75 - 77 - 78 - 79 - 80 - 81 - 82 - 83 - 85 - 87 - 88 - 90 - 91 - 92 - 97 - 98 - 99 - 101 - 102 - 103 - 105 - 106 - 108 - 110 - 112 - 115 - 116 - 117 - 118 - 120 - 121 - 122 - 123 - 124 - 125 - 126 - 127 - 129 - 131 - 133 - 134 - 135 - 137 - 140 - 141 - 145 - 146 - 149 - 152 - 157 - 158 - 163 - 164 - 167 - 169 - 171 - 178 - 179 - 184 - 185 - 187 - 188 - 189 - 194 - 202 - 204 - 205 - 207 - 208 - 211 - 212 - 215 - 216 - 217 - 222 - 225 - 226 - 227 - 229 - 232 - 234 - 235 - 236 - 237 - 239 - 242 - 247 - 249 - 252 - 253 - 254 - 255 - 260 - 263 - 267 - 269 - 271 - 273 - 274 - 276 - 278 - 279 - 283 - 286 - 293 - 295 - 297 - 299 - 302 - 305 - 306 - 309 - 310 - 311 - 312 - 314 - 315 - 316 - 318 - 321 - 324 - 326 - 329 - 330 - 331 - 337 - 340 - 341 - 343 - 347 - 350 - 354 - 355 - 356 - 358 - 359 - 366 - 368 - 372 - 373 - 374 - 378 - 379 - 380 - 381 - 382 - 383 - 384 - 387 - 389 - 390 - 391 - 394 - 396 - 397 - 399 - 401 - 404 - 405 - 406 - 408 - 409 - 410 - 413 - 414 - 419 - 423 - 426 - 427 - 429 - 431 - 434 - 436 - 438 - 439 - 440 - 441 - 442 - 443 - 444 - 447 - 451 - 455 - 456 - 457 - 458 - 461 - 462 - 464 - 469 - 470 - 471 - 473 - 474 - 479 - 480 - 482 - 483 - 489 - 490 - 495 - 498 - 499,386094.0,3.8,63210,71926,206.85,Cost: 63210 & Capacity: 71926
2 - 4 - 6 - 11 - 12 - 14 - 16 - 19 - 21 - 22 - 24 - 30 - 37 - 40 - 41 - 42 - 46 - 49 - 57 - 58 - 61 - 62 - 64 - 72 - 73 - 74 - 75 - 78 - 79 - 80 - 82 - 85 - 86 - 87 - 100 - 102 - 103 - 107 - 108 - 115 - 120 - 121 - 123 - 125 - 128 - 131 - 132 - 135 - 140 - 155 - 156 - 157 - 160 - 164 - 165 - 171 - 177 - 178 - 179 - 187 - 194 - 196 - 202 - 204 - 207 - 214 - 215 - 216 - 217 - 220 - 221 - 222 - 225 - 226 - 227 - 229 - 232 - 235 - 239 - 244 - 259 - 263 - 267 - 271 - 273 - 274 - 276 - 281 - 283 - 286 - 289 - 291 - 294 - 295 - 299 - 301 - 302 - 312 - 314 - 316 - 318 - 319 - 320 - 321 - 330 - 337 - 338 - 340 - 356 - 359 - 366 - 372 - 373 - 377 - 379 - 381 - 384 - 386 - 389 - 390 - 391 - 393 - 397 - 398 - 399 - 401 - 404 - 406 - 408 - 411 - 412 - 413 - 414 - 415 - 421 - 423 - 425 - 426 - 431 - 440 - 443 - 451 - 452 - 461 - 470 - 471 - 474 - 478 - 482 - 486 - 489 - 491 - 495 - 498,163179.4,7.5,63175,60893,210.69,Cost: 63175 & Capacity: 60893
1 - 2 - 4 - 6 - 8 - 11 - 12 - 14 - 16 - 19 - 21 - 22 - 24 - 26 - 27 - 34 - 35 - 36 - 40 - 41 - 42 - 43 - 44 - 45 - 46 - 50 - 54 - 57 - 58 - 60 - 61 - 62 - 64 - 68 - 72 - 74 - 75 - 78 - 79 - 80 - 82 - 85 - 91 - 98 - 99 - 102 - 103 - 107 - 108 - 115 - 116 - 118 - 120 - 121 - 122 - 123 - 125 - 126 - 127 - 130 - 131 - 133 - 134 - 135 - 141 - 145 - 156 - 157 - 163 - 164 - 165 - 169 - 174 - 178 - 179 - 185 - 187 - 191 - 194 - 196 - 197 - 201 - 202 - 204 - 207 - 210 - 215 - 216 - 217 - 225 - 226 - 228 - 229 - 232 - 236 - 237 - 244 - 254 - 255 - 259 - 263 - 267 - 271 - 273 - 274 - 276 - 279 - 281 - 286 - 289 - 291 - 294 - 295 - 302 - 305 - 306 - 309 - 310 - 311 - 312 - 314 - 315 - 316 - 318 - 319 - 320 - 321 - 337 - 338 - 340 - 341 - 354 - 355 - 356 - 359 - 362 - 366 - 373 - 374 - 377 - 379 - 381 - 383 - 387 - 389 - 390 - 391 - 396 - 397 - 398 - 399 - 401 - 404 - 405 - 406 - 408 - 409 - 410 - 411 - 414 - 419 - 421 - 423 - 426 - 431 - 434 - 436 - 438 - 440 - 443 - 451 - 452 - 458 - 461 - 462 - 463 - 469 - 470 - 471 - 473 - 478 - 482 - 486 - 490 - 493 - 498,232179.0,6.6,63199,63570,213.46,Cost: 63199 & Capacity: 63570
1 - 2 - 4 - 5 - 6 - 8 - 10 - 11 - 12 - 14 - 15 - 16 - 18 - 19 - 20 - 22 - 24 - 26 - 27 - 29 - 30 - 34 - 35 - 36 - 40 - 41 - 43 - 44 - 45 - 46 - 49 - 50 - 52 - 57 - 58 - 60 - 61 - 63 - 66 - 67 - 68 - 71 - 72 - 74 - 75 - 77 - 78 - 79 - 80 - 81 - 82 - 83 - 85 - 87 - 88 - 90 - 91 - 92 - 97 - 98 - 99 - 101 - 102 - 103 - 105 - 106 - 108 - 110 - 112 - 115 - 116 - 117 - 118 - 120 - 121 - 122 - 123 - 124 - 125 - 126 - 127 - 129 - 131 - 133 - 134 - 135 - 137 - 140 - 141 - 145 - 146 - 149 - 152 - 157 - 158 - 163 - 164 - 167 - 169 - 171 - 178 - 179 - 184 - 185 - 187 - 188 - 189 - 194 - 202 - 204 - 205 - 207 - 208 - 211 - 212 - 215 - 216 - 217 - 222 - 225 - 226 - 227 - 229 - 232 - 234 - 235 - 236 - 237 - 239 - 242 - 247 - 249 - 252 - 253 - 254 - 255 - 260 - 263 - 267 - 269 - 271 - 273 - 274 - 276 - 278 - 279 - 283 - 286 - 293 - 295 - 297 - 299 - 302 - 305 - 306 - 309 - 310 - 311 - 312 - 314 - 315 - 316 - 318 - 321 - 324 - 326 - 329 - 330 - 331 - 337 - 340 - 341 - 343 - 347 - 350 - 354 - 355 - 356 - 358 - 359 - 366 - 368 - 372 - 373 - 374 - 378 - 379 - 380 - 381 - 382 - 383 - 384 - 387 - 389 - 390 - 391 - 394 - 396 - 397 - 399 - 401 - 404 - 405 - 406 - 408 - 409 - 410 - 413 - 414 - 419 - 423 - 426 - 427 - 429 - 431 - 434 - 436 - 438 - 439 - 440 - 441 - 442 - 443 - 444 - 447 - 451 - 455 - 456 - 457 - 458 - 461 - 462 - 464 - 469 - 470 - 471 - 473 - 474 - 479 - 480 - 482 - 483 - 489 - 490 - 495 - 498 - 499,386094.0,3.8,63210,71926,219.6,Cost: 63210 & Capacity: 71926
