Nodes,MaxSum,MaxMin,Cost,Capacity,Time,Constraint values
1 - 5 - 7 - 8 - 10 - 11 - 18 - 19 - 26 - 30 - 31 - 33 - 37 - 39 - 50 - 51 - 54 - 55 - 57 - 69 - 77 - 79 - 80 - 81 - 82 - 84 - 85 - 87 - 91 - 99 - 100 - 103 - 108 - 109 - 111 - 114 - 119 - 122 - 123 - 124 - 133 - 145 - 146 - 148 - 150 - 153 - 158 - 159 - 160 - 163 - 174 - 175 - 177 - 189 - 193 - 198 - 203 - 208 - 211 - 212 - 213 - 222 - 224 - 226 - 232 - 245 - 246 - 248 - 249 - 250 - 259 - 262 - 263 - 265 - 268 - 277 - 280 - 281 - 284 - 292 - 295 - 296 - 297 - 298 - 305 - 308 - 314 - 320 - 324 - 328 - 331 - 334 - 339 - 344 - 350 - 352 - 362 - 366 - 373 - 379 - 382 - 387 - 389 - 399 - 403 - 408 - 409 - 411 - 413 - 420 - 422 - 437 - 443 - 444 - 446 - 447 - 452 - 454 - 465 - 471 - 474 - 475 - 479 - 484 - 494,3998576.2,18.4,62436,55280,11.4,Cost: 62436 & Capacity: 55280
3 - 7 - 15 - 17 - 22 - 23 - 24 - 26 - 30 - 31 - 33 - 48 - 49 - 50 - 54 - 61 - 62 - 73 - 77 - 79 - 81 - 89 - 90 - 95 - 108 - 109 - 113 - 114 - 121 - 123 - 126 - 128 - 129 - 131 - 132 - 137 - 138 - 139 - 141 - 143 - 147 - 150 - 151 - 156 - 160 - 176 - 181 - 193 - 198 - 203 - 204 - 212 - 216 - 218 - 221 - 222 - 225 - 227 - 235 - 237 - 240 - 243 - 249 - 251 - 252 - 264 - 267 - 268 - 271 - 272 - 273 - 274 - 276 - 281 - 284 - 287 - 289 - 292 - 293 - 303 - 306 - 308 - 318 - 322 - 323 - 324 - 333 - 338 - 339 - 340 - 344 - 352 - 353 - 365 - 366 - 376 - 381 - 383 - 385 - 387 - 388 - 390 - 395 - 397 - 399 - 404 - 405 - 407 - 413 - 414 - 418 - 427 - 428 - 429 - 438 - 442 - 446 - 447 - 449 - 454 - 460 - 465 - 471 - 486 - 494 - 495,4072161.6,17.8,64199,53884,12.43,Cost: 64199 & Capacity: 53884
0 - 3 - 4 - 5 - 7 - 9 - 19 - 21 - 25 - 30 - 31 - 37 - 43 - 44 - 45 - 48 - 49 - 50 - 53 - 55 - 57 - 61 - 65 - 76 - 81 - 85 - 88 - 89 - 90 - 91 - 94 - 96 - 98 - 101 - 108 - 109 - 111 - 112 - 113 - 114 - 119 - 122 - 125 - 126 - 128 - 131 - 132 - 135 - 145 - 146 - 147 - 149 - 150 - 152 - 158 - 169 - 170 - 174 - 175 - 176 - 177 - 185 - 186 - 187 - 188 - 193 - 202 - 205 - 206 - 207 - 210 - 212 - 222 - 225 - 233 - 234 - 237 - 245 - 249 - 250 - 251 - 252 - 261 - 263 - 270 - 272 - 275 - 276 - 277 - 279 - 281 - 284 - 285 - 289 - 290 - 291 - 293 - 295 - 296 - 297 - 298 - 299 - 302 - 310 - 314 - 317 - 320 - 321 - 323 - 328 - 329 - 342 - 344 - 346 - 348 - 350 - 352 - 357 - 360 - 362 - 373 - 375 - 379 - 382 - 387 - 388 - 389 - 395 - 396 - 401 - 403 - 408 - 409 - 410 - 411 - 414 - 420 - 421 - 422 - 424 - 426 - 427 - 429 - 430 - 435 - 436 - 437 - 438 - 449 - 450 - 453 - 454 - 458 - 464 - 471 - 474 - 483 - 491 - 495 - 496,6398729.8,9.6,64188,58844,21.51,Cost: 64188 & Capacity: 58844
0 - 3 - 4 - 5 - 7 - 9 - 19 - 21 - 25 - 30 - 31 - 37 - 43 - 44 - 45 - 48 - 49 - 50 - 53 - 55 - 57 - 61 - 65 - 76 - 81 - 85 - 88 - 90 - 91 - 94 - 96 - 98 - 101 - 108 - 109 - 111 - 112 - 113 - 114 - 119 - 122 - 125 - 126 - 128 - 131 - 132 - 135 - 145 - 146 - 147 - 149 - 150 - 152 - 158 - 169 - 170 - 174 - 175 - 176 - 177 - 185 - 186 - 187 - 188 - 193 - 202 - 205 - 206 - 207 - 210 - 212 - 222 - 225 - 233 - 234 - 237 - 245 - 249 - 250 - 251 - 252 - 261 - 263 - 270 - 272 - 275 - 276 - 277 - 279 - 281 - 284 - 285 - 289 - 290 - 291 - 293 - 295 - 296 - 297 - 298 - 299 - 302 - 310 - 314 - 317 - 320 - 321 - 323 - 328 - 329 - 342 - 344 - 346 - 348 - 350 - 352 - 357 - 360 - 362 - 373 - 375 - 379 - 382 - 387 - 388 - 389 - 395 - 396 - 401 - 403 - 408 - 409 - 410 - 411 - 414 - 420 - 421 - 422 - 424 - 426 - 427 - 429 - 430 - 435 - 436 - 437 - 438 - 449 - 450 - 453 - 454 - 458 - 464 - 471 - 474 - 483 - 491 - 495 - 496,6317747.4,9.7,63542,58368,21.51,Cost: 63542 & Capacity: 58368
0 - 3 - 4 - 5 - 7 - 9 - 19 - 21 - 25 - 30 - 31 - 37 - 43 - 44 - 45 - 48 - 49 - 50 - 53 - 55 - 57 - 61 - 65 - 76 - 81 - 85 - 88 - 90 - 91 - 94 - 96 - 98 - 101 - 108 - 109 - 111 - 112 - 113 - 114 - 119 - 122 - 125 - 126 - 128 - 131 - 132 - 135 - 145 - 146 - 147 - 149 - 150 - 152 - 158 - 169 - 170 - 174 - 175 - 176 - 177 - 185 - 186 - 187 - 188 - 193 - 202 - 205 - 206 - 207 - 210 - 212 - 222 - 225 - 233 - 234 - 237 - 245 - 249 - 250 - 251 - 252 - 261 - 263 - 270 - 272 - 275 - 276 - 277 - 279 - 281 - 284 - 285 - 289 - 290 - 291 - 293 - 295 - 296 - 298 - 299 - 302 - 310 - 314 - 317 - 320 - 321 - 328 - 329 - 342 - 344 - 346 - 348 - 350 - 352 - 357 - 360 - 362 - 373 - 375 - 379 - 382 - 387 - 388 - 389 - 395 - 396 - 401 - 403 - 408 - 409 - 410 - 411 - 414 - 420 - 421 - 422 - 424 - 426 - 427 - 429 - 430 - 435 - 436 - 437 - 438 - 449 - 450 - 453 - 454 - 458 - 464 - 471 - 474 - 483 - 491 - 495 - 496,6166222.8,9.8,62581,57386,21.51,Cost: 62581 & Capacity: 57386
0 - 3 - 4 - 5 - 7 - 9 - 19 - 21 - 25 - 30 - 31 - 37 - 44 - 45 - 48 - 49 - 50 - 55 - 57 - 61 - 65 - 81 - 85 - 88 - 90 - 91 - 96 - 98 - 101 - 108 - 109 - 111 - 112 - 113 - 114 - 119 - 122 - 125 - 126 - 128 - 131 - 132 - 135 - 145 - 146 - 147 - 149 - 150 - 152 - 158 - 169 - 170 - 174 - 175 - 176 - 177 - 185 - 186 - 187 - 188 - 193 - 202 - 205 - 207 - 210 - 212 - 222 - 225 - 233 - 234 - 237 - 245 - 249 - 250 - 251 - 252 - 261 - 263 - 270 - 272 - 275 - 276 - 279 - 284 - 285 - 289 - 290 - 291 - 293 - 295 - 296 - 298 - 299 - 302 - 310 - 314 - 317 - 320 - 321 - 329 - 342 - 344 - 346 - 348 - 350 - 352 - 357 - 360 - 362 - 379 - 382 - 387 - 388 - 389 - 395 - 401 - 403 - 408 - 409 - 410 - 411 - 414 - 420 - 421 - 422 - 424 - 427 - 429 - 430 - 435 - 436 - 437 - 438 - 449 - 450 - 453 - 454 - 458 - 464 - 471 - 474 - 483 - 491 - 495 - 496,5257331.1,11.4,56650,52580,21.52,Cost: 56650 & Capacity: 52580
0 - 1 - 5 - 11 - 20 - 22 - 33 - 39 - 40 - 48 - 50 - 53 - 61 - 62 - 65 - 70 - 72 - 79 - 80 - 91 - 96 - 109 - 114 - 118 - 119 - 123 - 125 - 128 - 133 - 136 - 140 - 141 - 149 - 156 - 157 - 162 - 163 - 167 - 176 - 178 - 181 - 189 - 190 - 192 - 209 - 213 - 218 - 219 - 221 - 223 - 226 - 231 - 235 - 243 - 244 - 250 - 252 - 253 - 257 - 263 - 269 - 270 - 279 - 280 - 286 - 289 - 295 - 297 - 300 - 301 - 308 - 311 - 315 - 317 - 319 - 323 - 330 - 332 - 341 - 362 - 369 - 370 - 374 - 375 - 378 - 387 - 389 - 400 - 403 - 416 - 418 - 420 - 422 - 426 - 427 - 429 - 430 - 431 - 438 - 444 - 449 - 451 - 453 - 456 - 460 - 464 - 468 - 480 - 491,3056823.0,25.4,62925,54935,21.65,Cost: 62925 & Capacity: 54935
0 - 1 - 5 - 11 - 20 - 22 - 33 - 39 - 40 - 48 - 50 - 53 - 61 - 62 - 65 - 70 - 72 - 79 - 80 - 91 - 96 - 109 - 114 - 118 - 119 - 123 - 125 - 128 - 133 - 136 - 140 - 141 - 149 - 156 - 157 - 162 - 163 - 167 - 176 - 178 - 181 - 189 - 190 - 192 - 209 - 213 - 218 - 219 - 221 - 223 - 226 - 231 - 235 - 243 - 244 - 250 - 252 - 253 - 257 - 263 - 269 - 270 - 279 - 280 - 286 - 289 - 295 - 297 - 300 - 301 - 308 - 309 - 311 - 315 - 317 - 319 - 323 - 330 - 332 - 341 - 362 - 369 - 370 - 374 - 375 - 378 - 387 - 389 - 400 - 403 - 416 - 418 - 420 - 422 - 426 - 427 - 429 - 430 - 431 - 438 - 444 - 449 - 451 - 453 - 456 - 460 - 464 - 468 - 480 - 491,3110027.5,25.1,64036,55499,21.65,Cost: 64036 & Capacity: 55499
0 - 1 - 5 - 11 - 20 - 22 - 33 - 39 - 40 - 48 - 50 - 53 - 61 - 62 - 65 - 70 - 72 - 79 - 80 - 91 - 96 - 109 - 114 - 118 - 119 - 123 - 125 - 128 - 133 - 136 - 140 - 141 - 149 - 156 - 157 - 162 - 163 - 167 - 176 - 178 - 181 - 189 - 190 - 192 - 209 - 213 - 218 - 219 - 221 - 223 - 226 - 231 - 235 - 243 - 244 - 250 - 252 - 253 - 257 - 263 - 269 - 270 - 279 - 280 - 286 - 289 - 295 - 297 - 300 - 301 - 308 - 309 - 311 - 315 - 317 - 319 - 323 - 330 - 332 - 341 - 362 - 369 - 370 - 374 - 375 - 378 - 387 - 389 - 400 - 403 - 409 - 416 - 418 - 420 - 422 - 426 - 427 - 429 - 430 - 431 - 438 - 444 - 449 - 451 - 453 - 456 - 460 - 464 - 468 - 480 - 491,3165087.6,25.0,64491,55977,21.65,Cost: 64491 & Capacity: 55977
2 - 10 - 19 - 21 - 22 - 24 - 25 - 33 - 35 - 39 - 44 - 46 - 48 - 49 - 54 - 56 - 65 - 74 - 79 - 81 - 83 - 88 - 89 - 91 - 96 - 97 - 98 - 105 - 108 - 111 - 119 - 122 - 133 - 143 - 145 - 147 - 148 - 149 - 154 - 170 - 171 - 173 - 176 - 187 - 192 - 198 - 200 - 205 - 206 - 218 - 221 - 222 - 234 - 239 - 240 - 241 - 244 - 248 - 250 - 251 - 261 - 262 - 265 - 266 - 270 - 272 - 276 - 280 - 282 - 284 - 289 - 293 - 296 - 308 - 316 - 322 - 324 - 333 - 339 - 341 - 349 - 366 - 376 - 377 - 379 - 382 - 385 - 391 - 397 - 400 - 403 - 404 - 411 - 416 - 422 - 426 - 430 - 432 - 439 - 440 - 446 - 449 - 455 - 458 - 468 - 469 - 475 - 477 - 487 - 492 - 497,3188070.9,24.2,63807,53270,22.75,Cost: 63807 & Capacity: 53270
2 - 10 - 19 - 21 - 22 - 24 - 25 - 33 - 35 - 39 - 44 - 46 - 48 - 49 - 54 - 56 - 65 - 74 - 79 - 81 - 83 - 88 - 89 - 91 - 96 - 97 - 98 - 105 - 108 - 111 - 119 - 122 - 133 - 143 - 145 - 147 - 148 - 149 - 154 - 170 - 171 - 173 - 176 - 187 - 192 - 198 - 200 - 205 - 206 - 218 - 221 - 222 - 234 - 239 - 240 - 241 - 244 - 248 - 250 - 251 - 261 - 262 - 265 - 266 - 270 - 272 - 276 - 280 - 282 - 284 - 289 - 293 - 296 - 303 - 308 - 316 - 322 - 324 - 333 - 339 - 341 - 349 - 366 - 376 - 377 - 379 - 382 - 385 - 391 - 397 - 400 - 403 - 404 - 411 - 416 - 422 - 426 - 430 - 432 - 439 - 440 - 446 - 449 - 455 - 458 - 468 - 469 - 475 - 477 - 487 - 492 - 497,3245810.8,23.5,63989,53442,22.75,Cost: 63989 & Capacity: 53442
2 - 10 - 19 - 21 - 22 - 24 - 25 - 33 - 35 - 39 - 44 - 46 - 48 - 49 - 54 - 56 - 65 - 74 - 79 - 81 - 83 - 88 - 89 - 91 - 96 - 97 - 98 - 105 - 108 - 111 - 119 - 122 - 133 - 143 - 145 - 147 - 148 - 149 - 154 - 170 - 171 - 173 - 176 - 187 - 192 - 198 - 200 - 205 - 206 - 218 - 221 - 222 - 234 - 239 - 240 - 241 - 244 - 248 - 250 - 251 - 261 - 262 - 265 - 266 - 270 - 272 - 276 - 280 - 282 - 284 - 289 - 293 - 296 - 303 - 308 - 316 - 322 - 324 - 333 - 339 - 341 - 344 - 349 - 366 - 376 - 377 - 379 - 382 - 385 - 391 - 397 - 400 - 403 - 404 - 411 - 416 - 422 - 426 - 430 - 432 - 439 - 440 - 446 - 449 - 455 - 458 - 468 - 469 - 475 - 477 - 487 - 492 - 497,3298396.6,22.7,64427,54043,22.75,Cost: 64427 & Capacity: 54043
3 - 5 - 6 - 7 - 8 - 9 - 10 - 15 - 19 - 21 - 22 - 26 - 31 - 37 - 39 - 43 - 44 - 45 - 46 - 47 - 48 - 49 - 50 - 53 - 54 - 55 - 56 - 57 - 59 - 61 - 62 - 63 - 66 - 70 - 73 - 75 - 77 - 78 - 81 - 87 - 88 - 90 - 91 - 94 - 96 - 101 - 103 - 106 - 108 - 109 - 110 - 113 - 114 - 119 - 121 - 125 - 126 - 132 - 135 - 138 - 143 - 144 - 146 - 147 - 148 - 150 - 152 - 153 - 156 - 157 - 160 - 161 - 163 - 165 - 170 - 174 - 175 - 177 - 180 - 181 - 182 - 184 - 186 - 187 - 188 - 194 - 195 - 198 - 203 - 205 - 207 - 208 - 212 - 213 - 214 - 216 - 219 - 222 - 225 - 226 - 232 - 233 - 234 - 235 - 237 - 239 - 246 - 248 - 249 - 250 - 251 - 252 - 253 - 260 - 261 - 263 - 265 - 270 - 271 - 275 - 277 - 279 - 280 - 281 - 284 - 285 - 290 - 293 - 295 - 298 - 299 - 302 - 303 - 305 - 310 - 312 - 313 - 317 - 318 - 320 - 321 - 322 - 323 - 324 - 326 - 328 - 329 - 330 - 334 - 337 - 338 - 342 - 343 - 344 - 347 - 348 - 349 - 350 - 351 - 352 - 356 - 359 - 362 - 364 - 365 - 369 - 374 - 375 - 376 - 379 - 380 - 382 - 385 - 387 - 388 - 389 - 390 - 391 - 395 - 396 - 397 - 400 - 401 - 403 - 408 - 409 - 410 - 411 - 412 - 414 - 415 - 417 - 420 - 422 - 425 - 426 - 427 - 429 - 431 - 435 - 436 - 438 - 439 - 441 - 442 - 444 - 446 - 447 - 448 - 449 - 450 - 453 - 454 - 460 - 464 - 466 - 468 - 469 - 470 - 471 - 473 - 474 - 479 - 482 - 487 - 491 - 492 - 494 - 495 - 496 - 497 - 499,13373677.9,0.0,64638,69124,5.89,Cost: 64638 & Capacity: 69124
4 - 8 - 10 - 22 - 23 - 24 - 25 - 27 - 33 - 43 - 45 - 47 - 50 - 54 - 61 - 71 - 73 - 77 - 78 - 89 - 94 - 96 - 108 - 109 - 113 - 114 - 121 - 123 - 133 - 135 - 136 - 144 - 148 - 153 - 156 - 160 - 162 - 163 - 168 - 176 - 185 - 187 - 191 - 194 - 195 - 199 - 204 - 211 - 213 - 214 - 221 - 223 - 224 - 235 - 239 - 240 - 242 - 246 - 252 - 255 - 261 - 267 - 276 - 278 - 279 - 289 - 293 - 307 - 308 - 310 - 312 - 313 - 320 - 329 - 330 - 343 - 346 - 348 - 352 - 355 - 359 - 360 - 362 - 364 - 365 - 375 - 376 - 387 - 393 - 397 - 405 - 406 - 409 - 410 - 413 - 414 - 418 - 420 - 422 - 424 - 427 - 430 - 433 - 437 - 438 - 439 - 443 - 448 - 450 - 452 - 453 - 454 - 456 - 458 - 464 - 465 - 469 - 477 - 479 - 487 - 491 - 492 - 495,3871585.2,18.9,64359,54670,7.46,Cost: 64359 & Capacity: 54670
3 - 12 - 16 - 22 - 34 - 36 - 41 - 45 - 47 - 52 - 54 - 55 - 58 - 59 - 62 - 65 - 77 - 79 - 80 - 81 - 93 - 97 - 99 - 109 - 112 - 119 - 121 - 124 - 128 - 129 - 132 - 134 - 138 - 141 - 145 - 150 - 156 - 158 - 162 - 176 - 177 - 182 - 185 - 197 - 198 - 204 - 212 - 218 - 229 - 235 - 237 - 255 - 267 - 268 - 271 - 273 - 281 - 286 - 287 - 292 - 295 - 305 - 306 - 309 - 310 - 312 - 315 - 318 - 319 - 339 - 340 - 353 - 356 - 362 - 364 - 376 - 385 - 390 - 397 - 399 - 400 - 416 - 423 - 427 - 428 - 429 - 437 - 438 - 444 - 449 - 454 - 461 - 463 - 465 - 473 - 476 - 483 - 486 - 494 - 498,2601938.3,29.7,62826,52010,9.04,Cost: 62826 & Capacity: 52010
3 - 12 - 16 - 22 - 34 - 36 - 41 - 45 - 47 - 52 - 54 - 55 - 58 - 59 - 62 - 65 - 77 - 79 - 80 - 81 - 93 - 97 - 99 - 109 - 112 - 119 - 121 - 124 - 128 - 129 - 132 - 134 - 138 - 141 - 145 - 150 - 156 - 158 - 162 - 176 - 177 - 182 - 185 - 197 - 198 - 204 - 212 - 218 - 229 - 235 - 237 - 255 - 267 - 268 - 271 - 273 - 281 - 286 - 287 - 292 - 295 - 305 - 306 - 309 - 310 - 312 - 315 - 318 - 319 - 339 - 340 - 353 - 356 - 362 - 364 - 376 - 385 - 390 - 397 - 399 - 400 - 416 - 423 - 427 - 428 - 429 - 437 - 438 - 444 - 449 - 454 - 461 - 463 - 465 - 473 - 476 - 483 - 484 - 486 - 494 - 498,2649231.7,28.9,63517,52381,9.03,Cost: 63517 & Capacity: 52381
3 - 12 - 16 - 22 - 34 - 36 - 41 - 45 - 47 - 52 - 54 - 55 - 58 - 59 - 62 - 65 - 77 - 79 - 80 - 81 - 93 - 97 - 99 - 109 - 112 - 119 - 121 - 124 - 128 - 129 - 132 - 134 - 138 - 141 - 145 - 150 - 156 - 158 - 162 - 176 - 177 - 182 - 185 - 197 - 198 - 204 - 212 - 218 - 229 - 235 - 237 - 255 - 267 - 268 - 271 - 273 - 281 - 286 - 287 - 292 - 295 - 305 - 306 - 309 - 310 - 312 - 315 - 318 - 319 - 339 - 340 - 353 - 356 - 362 - 364 - 376 - 385 - 390 - 397 - 399 - 400 - 416 - 423 - 427 - 428 - 429 - 437 - 438 - 444 - 449 - 454 - 461 - 463 - 465 - 471 - 473 - 476 - 483 - 484 - 486 - 494 - 498,2697413.2,26.8,63723,52516,9.03,Cost: 63723 & Capacity: 52516
3 - 7 - 12 - 16 - 22 - 34 - 36 - 41 - 45 - 47 - 52 - 54 - 55 - 58 - 59 - 62 - 65 - 77 - 79 - 80 - 81 - 93 - 97 - 99 - 109 - 112 - 119 - 121 - 124 - 128 - 129 - 132 - 134 - 138 - 141 - 145 - 150 - 156 - 158 - 162 - 176 - 177 - 182 - 185 - 197 - 198 - 204 - 212 - 218 - 229 - 235 - 237 - 255 - 267 - 268 - 271 - 273 - 281 - 286 - 287 - 292 - 295 - 305 - 306 - 309 - 310 - 312 - 315 - 318 - 319 - 339 - 340 - 353 - 356 - 362 - 364 - 376 - 385 - 390 - 397 - 399 - 400 - 416 - 423 - 427 - 428 - 429 - 437 - 438 - 444 - 449 - 454 - 461 - 463 - 465 - 471 - 473 - 476 - 483 - 484 - 486 - 494 - 498,2748443.0,26.4,63806,52613,9.03,Cost: 63806 & Capacity: 52613
3 - 7 - 12 - 16 - 22 - 34 - 36 - 41 - 45 - 47 - 52 - 54 - 55 - 58 - 59 - 62 - 65 - 77 - 79 - 80 - 81 - 93 - 97 - 99 - 109 - 112 - 119 - 121 - 124 - 128 - 129 - 132 - 134 - 138 - 141 - 145 - 150 - 156 - 158 - 162 - 176 - 177 - 182 - 185 - 197 - 198 - 204 - 212 - 218 - 229 - 235 - 237 - 253 - 255 - 267 - 268 - 271 - 273 - 281 - 286 - 287 - 292 - 295 - 305 - 306 - 309 - 310 - 312 - 315 - 318 - 319 - 339 - 340 - 353 - 356 - 362 - 364 - 365 - 376 - 385 - 390 - 397 - 399 - 400 - 416 - 423 - 427 - 428 - 429 - 437 - 438 - 444 - 449 - 454 - 461 - 463 - 465 - 471 - 473 - 476 - 483 - 484 - 486 - 494 - 498,2855468.0,26.1,64169,53026,9.03,Cost: 64169 & Capacity: 53026
3 - 5 - 6 - 7 - 8 - 9 - 10 - 15 - 19 - 21 - 22 - 26 - 31 - 37 - 39 - 43 - 44 - 45 - 46 - 47 - 48 - 49 - 50 - 53 - 54 - 55 - 56 - 57 - 59 - 61 - 62 - 63 - 66 - 70 - 73 - 75 - 77 - 78 - 81 - 87 - 88 - 90 - 91 - 94 - 96 - 101 - 103 - 106 - 108 - 109 - 110 - 113 - 114 - 119 - 121 - 125 - 126 - 132 - 135 - 138 - 143 - 144 - 146 - 147 - 148 - 150 - 152 - 153 - 156 - 157 - 160 - 161 - 163 - 165 - 170 - 174 - 175 - 177 - 180 - 181 - 182 - 184 - 186 - 187 - 188 - 194 - 195 - 198 - 203 - 205 - 207 - 208 - 212 - 213 - 214 - 216 - 219 - 222 - 225 - 226 - 232 - 233 - 234 - 235 - 237 - 239 - 246 - 248 - 249 - 250 - 251 - 252 - 253 - 260 - 261 - 263 - 265 - 270 - 271 - 275 - 277 - 279 - 280 - 281 - 284 - 285 - 290 - 293 - 295 - 298 - 299 - 302 - 303 - 305 - 310 - 312 - 313 - 317 - 318 - 320 - 321 - 322 - 323 - 324 - 326 - 328 - 329 - 330 - 334 - 337 - 338 - 342 - 343 - 344 - 347 - 348 - 349 - 350 - 351 - 352 - 356 - 359 - 362 - 364 - 365 - 369 - 374 - 375 - 376 - 379 - 380 - 382 - 385 - 387 - 388 - 389 - 390 - 391 - 395 - 396 - 397 - 400 - 401 - 403 - 408 - 409 - 410 - 411 - 412 - 414 - 415 - 417 - 420 - 422 - 425 - 426 - 427 - 429 - 431 - 435 - 436 - 438 - 439 - 441 - 442 - 444 - 446 - 447 - 448 - 449 - 450 - 453 - 454 - 460 - 464 - 466 - 468 - 469 - 470 - 471 - 473 - 474 - 479 - 482 - 487 - 491 - 492 - 494 - 495 - 496 - 497 - 499,13373677.9,0.0,64638,69124,9.91,Cost: 64638 & Capacity: 69124
3 - 5 - 7 - 8 - 9 - 10 - 11 - 15 - 16 - 19 - 21 - 22 - 25 - 30 - 31 - 33 - 35 - 37 - 43 - 44 - 45 - 49 - 50 - 53 - 54 - 55 - 56 - 59 - 62 - 63 - 65 - 72 - 73 - 77 - 81 - 87 - 88 - 89 - 91 - 96 - 98 - 108 - 109 - 114 - 119 - 123 - 126 - 131 - 135 - 136 - 138 - 143 - 147 - 150 - 153 - 157 - 159 - 165 - 170 - 172 - 174 - 175 - 176 - 177 - 182 - 186 - 188 - 193 - 194 - 198 - 203 - 205 - 207 - 208 - 212 - 214 - 216 - 222 - 233 - 235 - 237 - 239 - 245 - 249 - 250 - 251 - 252 - 253 - 255 - 257 - 258 - 261 - 263 - 265 - 270 - 273 - 275 - 276 - 277 - 279 - 281 - 284 - 285 - 289 - 290 - 293 - 295 - 296 - 297 - 298 - 302 - 303 - 305 - 310 - 312 - 318 - 320 - 321 - 323 - 324 - 328 - 329 - 333 - 334 - 335 - 338 - 339 - 342 - 344 - 347 - 348 - 352 - 356 - 359 - 362 - 364 - 365 - 369 - 374 - 375 - 376 - 382 - 387 - 389 - 390 - 391 - 395 - 397 - 399 - 401 - 403 - 407 - 408 - 409 - 410 - 413 - 414 - 415 - 420 - 422 - 425 - 426 - 427 - 429 - 433 - 435 - 436 - 437 - 438 - 439 - 448 - 449 - 450 - 453 - 454 - 458 - 460 - 464 - 468 - 471 - 473 - 475 - 479 - 487 - 491 - 494 - 495 - 496,8927486.8,5.2,64626,61061,10.26,Cost: 64626 & Capacity: 61061
0 - 2 - 3 - 9 - 11 - 13 - 14 - 15 - 22 - 35 - 37 - 42 - 44 - 45 - 48 - 52 - 56 - 61 - 70 - 72 - 74 - 76 - 77 - 79 - 80 - 85 - 89 - 96 - 97 - 98 - 109 - 111 - 119 - 128 - 132 - 135 - 139 - 141 - 145 - 159 - 168 - 176 - 177 - 179 - 181 - 186 - 187 - 188 - 193 - 194 - 198 - 199 - 204 - 206 - 217 - 219 - 220 - 224 - 226 - 234 - 236 - 237 - 243 - 250 - 252 - 253 - 255 - 258 - 260 - 266 - 270 - 273 - 284 - 293 - 295 - 315 - 319 - 322 - 323 - 325 - 333 - 339 - 340 - 344 - 354 - 356 - 364 - 375 - 376 - 378 - 382 - 387 - 395 - 397 - 404 - 407 - 409 - 415 - 419 - 420 - 425 - 430 - 436 - 440 - 442 - 449 - 450 - 453 - 460 - 466 - 470 - 471 - 484 - 490 - 491 - 493 - 495,3526526.3,21.4,64594,53250,12.44,Cost: 64594 & Capacity: 53250
5 - 6 - 7 - 9 - 19 - 22 - 36 - 38 - 39 - 40 - 43 - 44 - 45 - 48 - 56 - 65 - 77 - 81 - 91 - 96 - 99 - 105 - 108 - 111 - 112 - 119 - 122 - 124 - 126 - 133 - 143 - 144 - 148 - 149 - 150 - 153 - 175 - 176 - 177 - 182 - 185 - 187 - 194 - 198 - 205 - 211 - 212 - 221 - 234 - 239 - 240 - 249 - 250 - 253 - 255 - 257 - 258 - 262 - 263 - 266 - 276 - 279 - 281 - 282 - 284 - 286 - 293 - 295 - 296 - 303 - 305 - 306 - 308 - 313 - 317 - 319 - 328 - 334 - 344 - 346 - 348 - 352 - 357 - 359 - 366 - 373 - 385 - 387 - 389 - 390 - 403 - 405 - 409 - 412 - 414 - 418 - 422 - 423 - 424 - 425 - 430 - 437 - 438 - 439 - 441 - 442 - 446 - 447 - 449 - 451 - 454 - 458 - 460 - 462 - 465 - 466 - 468 - 472 - 475 - 477 - 483 - 484 - 487 - 491 - 492 - 496,4079431.4,17.5,64567,57071,13.09,Cost: 64567 & Capacity: 57071
10 - 11 - 16 - 18 - 22 - 27 - 28 - 36 - 61 - 65 - 67 - 69 - 74 - 79 - 80 - 81 - 87 - 98 - 100 - 104 - 106 - 109 - 110 - 116 - 119 - 124 - 130 - 133 - 147 - 158 - 162 - 168 - 172 - 193 - 208 - 224 - 226 - 229 - 237 - 255 - 263 - 276 - 284 - 289 - 290 - 292 - 305 - 306 - 315 - 318 - 320 - 324 - 332 - 335 - 339 - 340 - 341 - 344 - 350 - 364 - 366 - 368 - 372 - 376 - 379 - 385 - 386 - 389 - 390 - 398 - 403 - 404 - 412 - 413 - 418 - 428 - 434 - 443 - 455 - 458 - 464 - 467 - 473 - 478 - 479 - 483 - 491 - 496 - 498,2064780.6,33.3,61739,54592,14.45,Cost: 61739 & Capacity: 54592
10 - 11 - 16 - 18 - 22 - 27 - 28 - 36 - 61 - 65 - 67 - 69 - 74 - 79 - 80 - 81 - 87 - 98 - 100 - 104 - 106 - 109 - 110 - 116 - 119 - 124 - 130 - 133 - 147 - 154 - 158 - 162 - 168 - 172 - 193 - 208 - 224 - 226 - 229 - 237 - 255 - 263 - 276 - 284 - 289 - 290 - 292 - 305 - 306 - 315 - 318 - 320 - 324 - 332 - 335 - 339 - 340 - 341 - 344 - 350 - 364 - 366 - 368 - 372 - 376 - 379 - 385 - 386 - 389 - 390 - 398 - 403 - 404 - 412 - 413 - 418 - 428 - 434 - 437 - 443 - 455 - 458 - 464 - 467 - 473 - 478 - 479 - 483 - 491 - 496 - 498,2154763.0,32.1,63480,55739,14.45,Cost: 63480 & Capacity: 55739
10 - 11 - 16 - 18 - 22 - 27 - 28 - 36 - 61 - 65 - 67 - 69 - 74 - 79 - 80 - 81 - 87 - 98 - 100 - 104 - 106 - 109 - 110 - 116 - 119 - 124 - 130 - 133 - 147 - 154 - 158 - 162 - 168 - 172 - 193 - 208 - 224 - 226 - 229 - 237 - 255 - 263 - 276 - 284 - 289 - 290 - 292 - 305 - 306 - 315 - 318 - 320 - 324 - 332 - 335 - 339 - 340 - 341 - 344 - 350 - 364 - 366 - 368 - 372 - 376 - 379 - 385 - 386 - 389 - 390 - 398 - 403 - 404 - 412 - 413 - 418 - 428 - 434 - 437 - 443 - 455 - 458 - 464 - 467 - 473 - 478 - 479 - 483 - 491 - 494 - 496 - 498,2204198.9,31.7,63725,56102,14.45,Cost: 63725 & Capacity: 56102
5 - 8 - 10 - 11 - 17 - 18 - 19 - 20 - 22 - 25 - 26 - 27 - 30 - 31 - 33 - 43 - 45 - 47 - 48 - 53 - 54 - 56 - 58 - 59 - 60 - 62 - 65 - 71 - 74 - 77 - 79 - 81 - 88 - 89 - 91 - 96 - 103 - 108 - 109 - 114 - 115 - 122 - 126 - 129 - 130 - 135 - 143 - 150 - 153 - 155 - 160 - 172 - 176 - 182 - 185 - 187 - 188 - 194 - 198 - 208 - 212 - 213 - 214 - 217 - 224 - 225 - 228 - 237 - 240 - 245 - 249 - 250 - 258 - 263 - 266 - 275 - 276 - 277 - 282 - 285 - 290 - 292 - 293 - 296 - 302 - 310 - 328 - 329 - 330 - 333 - 334 - 335 - 343 - 346 - 348 - 352 - 354 - 359 - 360 - 365 - 373 - 374 - 376 - 381 - 382 - 385 - 397 - 403 - 405 - 408 - 409 - 414 - 417 - 424 - 425 - 426 - 431 - 433 - 435 - 436 - 437 - 438 - 443 - 450 - 452 - 458 - 459 - 464 - 467 - 469 - 472 - 474 - 477 - 487 - 491 - 492 - 495 - 496 - 497,4888744.4,15.2,64620,57800,14.63,Cost: 64620 & Capacity: 57800
7 - 8 - 10 - 11 - 17 - 19 - 20 - 22 - 25 - 26 - 27 - 30 - 31 - 33 - 37 - 43 - 45 - 47 - 48 - 50 - 53 - 54 - 56 - 58 - 59 - 60 - 62 - 65 - 71 - 74 - 77 - 79 - 81 - 88 - 89 - 91 - 96 - 103 - 108 - 109 - 114 - 115 - 122 - 126 - 130 - 135 - 143 - 150 - 153 - 160 - 174 - 176 - 182 - 185 - 186 - 187 - 188 - 194 - 198 - 208 - 212 - 213 - 214 - 217 - 224 - 225 - 228 - 230 - 237 - 240 - 245 - 249 - 250 - 263 - 266 - 275 - 276 - 277 - 282 - 285 - 290 - 292 - 293 - 296 - 302 - 307 - 310 - 328 - 329 - 330 - 333 - 334 - 335 - 343 - 344 - 346 - 348 - 352 - 354 - 359 - 360 - 365 - 373 - 374 - 376 - 381 - 382 - 385 - 397 - 403 - 405 - 408 - 409 - 414 - 417 - 424 - 425 - 426 - 429 - 431 - 433 - 435 - 436 - 437 - 438 - 443 - 450 - 452 - 458 - 459 - 464 - 467 - 469 - 472 - 477 - 487 - 491 - 492 - 494 - 495 - 496 - 497,5106728.6,11.8,63594,57202,14.62,Cost: 63594 & Capacity: 57202
3 - 5 - 6 - 7 - 8 - 9 - 10 - 15 - 19 - 21 - 22 - 26 - 31 - 37 - 39 - 43 - 44 - 45 - 46 - 47 - 48 - 49 - 50 - 53 - 54 - 55 - 56 - 57 - 59 - 61 - 62 - 63 - 66 - 70 - 73 - 75 - 77 - 78 - 81 - 87 - 88 - 90 - 91 - 94 - 96 - 101 - 103 - 106 - 108 - 109 - 110 - 113 - 114 - 119 - 121 - 125 - 126 - 132 - 135 - 138 - 143 - 144 - 146 - 147 - 148 - 150 - 152 - 153 - 156 - 157 - 160 - 161 - 163 - 165 - 170 - 174 - 175 - 177 - 180 - 181 - 182 - 184 - 186 - 187 - 188 - 194 - 195 - 198 - 203 - 205 - 207 - 208 - 212 - 213 - 214 - 216 - 219 - 222 - 225 - 226 - 232 - 233 - 234 - 235 - 237 - 239 - 246 - 248 - 249 - 250 - 251 - 252 - 253 - 260 - 261 - 263 - 265 - 270 - 271 - 275 - 277 - 279 - 280 - 281 - 284 - 285 - 290 - 293 - 295 - 298 - 299 - 302 - 303 - 305 - 310 - 312 - 313 - 317 - 318 - 320 - 321 - 322 - 323 - 324 - 326 - 328 - 329 - 330 - 334 - 337 - 338 - 342 - 343 - 344 - 347 - 348 - 349 - 350 - 351 - 352 - 356 - 359 - 362 - 364 - 365 - 369 - 374 - 375 - 376 - 379 - 380 - 382 - 385 - 387 - 388 - 389 - 390 - 391 - 395 - 396 - 397 - 400 - 401 - 403 - 408 - 409 - 410 - 411 - 412 - 414 - 415 - 417 - 420 - 422 - 425 - 426 - 427 - 429 - 431 - 435 - 436 - 438 - 439 - 441 - 442 - 444 - 446 - 447 - 448 - 449 - 450 - 453 - 454 - 460 - 464 - 466 - 468 - 469 - 470 - 471 - 473 - 474 - 479 - 482 - 487 - 491 - 492 - 494 - 495 - 496 - 497 - 499,13373677.9,0.0,64638,69124,16.12,Cost: 64638 & Capacity: 69124
3 - 5 - 6 - 7 - 8 - 9 - 10 - 15 - 19 - 21 - 22 - 26 - 31 - 37 - 39 - 43 - 44 - 45 - 46 - 47 - 48 - 49 - 50 - 53 - 54 - 55 - 56 - 57 - 59 - 61 - 62 - 63 - 66 - 70 - 73 - 75 - 77 - 78 - 81 - 87 - 88 - 90 - 91 - 94 - 96 - 101 - 103 - 106 - 108 - 109 - 110 - 113 - 114 - 119 - 121 - 125 - 126 - 132 - 135 - 138 - 143 - 144 - 146 - 147 - 148 - 150 - 152 - 153 - 156 - 157 - 160 - 161 - 163 - 165 - 170 - 174 - 175 - 177 - 180 - 181 - 182 - 184 - 186 - 187 - 188 - 194 - 195 - 198 - 203 - 205 - 207 - 208 - 212 - 213 - 214 - 216 - 219 - 222 - 225 - 226 - 232 - 233 - 234 - 235 - 237 - 239 - 246 - 248 - 249 - 250 - 251 - 252 - 253 - 260 - 261 - 263 - 265 - 270 - 271 - 275 - 277 - 279 - 280 - 281 - 284 - 285 - 290 - 293 - 295 - 298 - 299 - 302 - 303 - 305 - 310 - 312 - 313 - 317 - 318 - 320 - 321 - 322 - 323 - 324 - 326 - 328 - 329 - 330 - 334 - 337 - 338 - 342 - 343 - 344 - 347 - 348 - 349 - 350 - 351 - 352 - 356 - 359 - 362 - 364 - 365 - 369 - 374 - 375 - 376 - 379 - 380 - 382 - 385 - 387 - 388 - 389 - 390 - 391 - 395 - 396 - 397 - 400 - 401 - 403 - 408 - 409 - 410 - 411 - 412 - 414 - 415 - 417 - 420 - 422 - 425 - 426 - 427 - 429 - 431 - 435 - 436 - 438 - 439 - 441 - 442 - 444 - 446 - 447 - 448 - 449 - 450 - 453 - 454 - 460 - 464 - 466 - 468 - 469 - 470 - 471 - 473 - 474 - 479 - 482 - 487 - 491 - 492 - 494 - 495 - 496 - 497 - 499,13373677.9,0.0,64638,69124,16.95,Cost: 64638 & Capacity: 69124
3 - 5 - 6 - 7 - 8 - 9 - 10 - 15 - 19 - 21 - 22 - 26 - 31 - 37 - 39 - 43 - 44 - 45 - 46 - 47 - 48 - 49 - 50 - 53 - 54 - 55 - 56 - 57 - 59 - 61 - 62 - 63 - 66 - 70 - 73 - 75 - 77 - 78 - 81 - 87 - 88 - 90 - 91 - 94 - 96 - 101 - 103 - 106 - 108 - 109 - 110 - 113 - 114 - 119 - 121 - 125 - 126 - 132 - 135 - 138 - 143 - 144 - 146 - 147 - 148 - 150 - 152 - 153 - 156 - 157 - 160 - 161 - 163 - 165 - 170 - 174 - 175 - 177 - 180 - 181 - 182 - 184 - 186 - 187 - 188 - 194 - 195 - 198 - 203 - 205 - 207 - 208 - 212 - 213 - 214 - 216 - 219 - 222 - 225 - 226 - 232 - 233 - 234 - 235 - 237 - 239 - 246 - 248 - 249 - 250 - 251 - 252 - 253 - 260 - 261 - 263 - 265 - 270 - 271 - 275 - 277 - 279 - 280 - 281 - 284 - 285 - 290 - 293 - 295 - 298 - 299 - 302 - 303 - 305 - 310 - 312 - 313 - 317 - 318 - 320 - 321 - 322 - 323 - 324 - 326 - 328 - 329 - 330 - 334 - 337 - 338 - 342 - 343 - 344 - 347 - 348 - 349 - 350 - 351 - 352 - 356 - 359 - 362 - 364 - 365 - 369 - 374 - 375 - 376 - 379 - 380 - 382 - 385 - 387 - 388 - 389 - 390 - 391 - 395 - 396 - 397 - 400 - 401 - 403 - 408 - 409 - 410 - 411 - 412 - 414 - 415 - 417 - 420 - 422 - 425 - 426 - 427 - 429 - 431 - 435 - 436 - 438 - 439 - 441 - 442 - 444 - 446 - 447 - 448 - 449 - 450 - 453 - 454 - 460 - 464 - 466 - 468 - 469 - 470 - 471 - 473 - 474 - 479 - 482 - 487 - 491 - 492 - 494 - 495 - 496 - 497 - 499,13373677.9,0.0,64638,69124,18.92,Cost: 64638 & Capacity: 69124
3 - 5 - 6 - 7 - 8 - 9 - 10 - 15 - 19 - 21 - 22 - 26 - 31 - 37 - 39 - 43 - 44 - 45 - 46 - 47 - 48 - 49 - 50 - 53 - 54 - 55 - 56 - 57 - 59 - 61 - 62 - 63 - 66 - 70 - 73 - 75 - 77 - 78 - 81 - 87 - 88 - 90 - 91 - 94 - 96 - 101 - 103 - 106 - 108 - 109 - 110 - 113 - 114 - 119 - 121 - 125 - 126 - 132 - 135 - 138 - 143 - 144 - 146 - 147 - 148 - 150 - 152 - 153 - 156 - 157 - 160 - 161 - 163 - 165 - 170 - 174 - 175 - 177 - 180 - 181 - 182 - 184 - 186 - 187 - 188 - 194 - 195 - 198 - 203 - 205 - 207 - 208 - 212 - 213 - 214 - 216 - 219 - 222 - 225 - 226 - 232 - 233 - 234 - 235 - 237 - 239 - 246 - 248 - 249 - 250 - 251 - 252 - 253 - 260 - 261 - 263 - 265 - 270 - 271 - 275 - 277 - 279 - 280 - 281 - 284 - 285 - 290 - 293 - 295 - 298 - 299 - 302 - 303 - 305 - 310 - 312 - 313 - 317 - 318 - 320 - 321 - 322 - 323 - 324 - 326 - 328 - 329 - 330 - 334 - 337 - 338 - 342 - 343 - 344 - 347 - 348 - 349 - 350 - 351 - 352 - 356 - 359 - 362 - 364 - 365 - 369 - 374 - 375 - 376 - 379 - 380 - 382 - 385 - 387 - 388 - 389 - 390 - 391 - 395 - 396 - 397 - 400 - 401 - 403 - 408 - 409 - 410 - 411 - 412 - 414 - 415 - 417 - 420 - 422 - 425 - 426 - 427 - 429 - 431 - 435 - 436 - 438 - 439 - 441 - 442 - 444 - 446 - 447 - 448 - 449 - 450 - 453 - 454 - 460 - 464 - 466 - 468 - 469 - 470 - 471 - 473 - 474 - 479 - 482 - 487 - 491 - 492 - 494 - 495 - 496 - 497 - 499,13373677.9,0.0,64638,69124,20.18,Cost: 64638 & Capacity: 69124
3 - 5 - 6 - 7 - 8 - 9 - 10 - 15 - 19 - 21 - 22 - 26 - 31 - 37 - 39 - 43 - 44 - 45 - 46 - 47 - 48 - 49 - 50 - 53 - 54 - 55 - 56 - 57 - 59 - 61 - 62 - 63 - 66 - 70 - 73 - 75 - 77 - 78 - 81 - 87 - 88 - 90 - 91 - 94 - 96 - 101 - 103 - 106 - 108 - 109 - 110 - 113 - 114 - 119 - 121 - 125 - 126 - 132 - 135 - 138 - 143 - 144 - 146 - 147 - 148 - 150 - 152 - 153 - 156 - 157 - 160 - 161 - 163 - 165 - 170 - 174 - 175 - 177 - 180 - 181 - 182 - 184 - 186 - 187 - 188 - 194 - 195 - 198 - 203 - 205 - 207 - 208 - 212 - 213 - 214 - 216 - 219 - 222 - 225 - 226 - 232 - 233 - 234 - 235 - 237 - 239 - 246 - 248 - 249 - 250 - 251 - 252 - 253 - 260 - 261 - 263 - 265 - 270 - 271 - 275 - 277 - 279 - 280 - 281 - 284 - 285 - 290 - 293 - 295 - 298 - 299 - 302 - 303 - 305 - 310 - 312 - 313 - 317 - 318 - 320 - 321 - 322 - 323 - 324 - 326 - 328 - 329 - 330 - 334 - 337 - 338 - 342 - 343 - 344 - 347 - 348 - 349 - 350 - 351 - 352 - 356 - 359 - 362 - 364 - 365 - 369 - 374 - 375 - 376 - 379 - 380 - 382 - 385 - 387 - 388 - 389 - 390 - 391 - 395 - 396 - 397 - 400 - 401 - 403 - 408 - 409 - 410 - 411 - 412 - 414 - 415 - 417 - 420 - 422 - 425 - 426 - 427 - 429 - 431 - 435 - 436 - 438 - 439 - 441 - 442 - 444 - 446 - 447 - 448 - 449 - 450 - 453 - 454 - 460 - 464 - 466 - 468 - 469 - 470 - 471 - 473 - 474 - 479 - 482 - 487 - 491 - 492 - 494 - 495 - 496 - 497 - 499,13373677.9,0.0,64638,69124,21.71,Cost: 64638 & Capacity: 69124
3 - 5 - 6 - 7 - 8 - 9 - 10 - 15 - 19 - 21 - 22 - 26 - 31 - 37 - 39 - 43 - 44 - 45 - 46 - 47 - 48 - 49 - 50 - 53 - 54 - 55 - 56 - 57 - 59 - 61 - 62 - 63 - 66 - 70 - 73 - 75 - 77 - 78 - 81 - 87 - 88 - 90 - 91 - 94 - 96 - 101 - 103 - 106 - 108 - 109 - 110 - 113 - 114 - 119 - 121 - 125 - 126 - 132 - 135 - 138 - 143 - 144 - 146 - 147 - 148 - 150 - 152 - 153 - 156 - 157 - 160 - 161 - 163 - 165 - 170 - 174 - 175 - 177 - 180 - 181 - 182 - 184 - 186 - 187 - 188 - 194 - 195 - 198 - 203 - 205 - 207 - 208 - 212 - 213 - 214 - 216 - 219 - 222 - 225 - 226 - 232 - 233 - 234 - 235 - 237 - 239 - 246 - 248 - 249 - 250 - 251 - 252 - 253 - 260 - 261 - 263 - 265 - 270 - 271 - 275 - 277 - 279 - 280 - 281 - 284 - 285 - 290 - 293 - 295 - 298 - 299 - 302 - 303 - 305 - 310 - 312 - 313 - 317 - 318 - 320 - 321 - 322 - 323 - 324 - 326 - 328 - 329 - 330 - 334 - 337 - 338 - 342 - 343 - 344 - 347 - 348 - 349 - 350 - 351 - 352 - 356 - 359 - 362 - 364 - 365 - 369 - 374 - 375 - 376 - 379 - 380 - 382 - 385 - 387 - 388 - 389 - 390 - 391 - 395 - 396 - 397 - 400 - 401 - 403 - 408 - 409 - 410 - 411 - 412 - 414 - 415 - 417 - 420 - 422 - 425 - 426 - 427 - 429 - 431 - 435 - 436 - 438 - 439 - 441 - 442 - 444 - 446 - 447 - 448 - 449 - 450 - 453 - 454 - 460 - 464 - 466 - 468 - 469 - 470 - 471 - 473 - 474 - 479 - 482 - 487 - 491 - 492 - 494 - 495 - 496 - 497 - 499,13373677.9,0.0,64638,69124,21.95,Cost: 64638 & Capacity: 69124
3 - 5 - 6 - 7 - 8 - 9 - 10 - 15 - 19 - 21 - 22 - 26 - 31 - 37 - 39 - 43 - 44 - 45 - 46 - 47 - 48 - 49 - 50 - 53 - 54 - 55 - 56 - 57 - 59 - 61 - 62 - 63 - 66 - 70 - 73 - 75 - 77 - 78 - 81 - 87 - 88 - 90 - 91 - 94 - 96 - 101 - 103 - 106 - 108 - 109 - 110 - 113 - 114 - 119 - 121 - 125 - 126 - 132 - 135 - 138 - 143 - 144 - 146 - 147 - 148 - 150 - 152 - 153 - 156 - 157 - 160 - 161 - 163 - 165 - 170 - 174 - 175 - 177 - 180 - 181 - 182 - 184 - 186 - 187 - 188 - 194 - 195 - 198 - 203 - 205 - 207 - 208 - 212 - 213 - 214 - 216 - 219 - 222 - 225 - 226 - 232 - 233 - 234 - 235 - 237 - 239 - 246 - 248 - 249 - 250 - 251 - 252 - 253 - 260 - 261 - 263 - 265 - 270 - 271 - 275 - 277 - 279 - 280 - 281 - 284 - 285 - 290 - 293 - 295 - 298 - 299 - 302 - 303 - 305 - 310 - 312 - 313 - 317 - 318 - 320 - 321 - 322 - 323 - 324 - 326 - 328 - 329 - 330 - 334 - 337 - 338 - 342 - 343 - 344 - 347 - 348 - 349 - 350 - 351 - 352 - 356 - 359 - 362 - 364 - 365 - 369 - 374 - 375 - 376 - 379 - 380 - 382 - 385 - 387 - 388 - 389 - 390 - 391 - 395 - 396 - 397 - 400 - 401 - 403 - 408 - 409 - 410 - 411 - 412 - 414 - 415 - 417 - 420 - 422 - 425 - 426 - 427 - 429 - 431 - 435 - 436 - 438 - 439 - 441 - 442 - 444 - 446 - 447 - 448 - 449 - 450 - 453 - 454 - 460 - 464 - 466 - 468 - 469 - 470 - 471 - 473 - 474 - 479 - 482 - 487 - 491 - 492 - 494 - 495 - 496 - 497 - 499,13373677.9,0.0,64638,69124,22.64,Cost: 64638 & Capacity: 69124
3 - 5 - 6 - 7 - 8 - 9 - 10 - 15 - 19 - 21 - 22 - 26 - 31 - 37 - 39 - 43 - 44 - 45 - 46 - 47 - 48 - 49 - 50 - 53 - 54 - 55 - 56 - 57 - 59 - 61 - 62 - 63 - 66 - 70 - 73 - 75 - 77 - 78 - 81 - 87 - 88 - 90 - 91 - 94 - 96 - 101 - 103 - 106 - 108 - 109 - 110 - 113 - 114 - 119 - 121 - 125 - 126 - 132 - 135 - 138 - 143 - 144 - 146 - 147 - 148 - 150 - 152 - 153 - 156 - 157 - 160 - 161 - 163 - 165 - 170 - 174 - 175 - 177 - 180 - 181 - 182 - 184 - 186 - 187 - 188 - 194 - 195 - 198 - 203 - 205 - 207 - 208 - 212 - 213 - 214 - 216 - 219 - 222 - 225 - 226 - 232 - 233 - 234 - 235 - 237 - 239 - 246 - 248 - 249 - 250 - 251 - 252 - 253 - 260 - 261 - 263 - 265 - 270 - 271 - 275 - 277 - 279 - 280 - 281 - 284 - 285 - 290 - 293 - 295 - 298 - 299 - 302 - 303 - 305 - 310 - 312 - 313 - 317 - 318 - 320 - 321 - 322 - 323 - 324 - 326 - 328 - 329 - 330 - 334 - 337 - 338 - 342 - 343 - 344 - 347 - 348 - 349 - 350 - 351 - 352 - 356 - 359 - 362 - 364 - 365 - 369 - 374 - 375 - 376 - 379 - 380 - 382 - 385 - 387 - 388 - 389 - 390 - 391 - 395 - 396 - 397 - 400 - 401 - 403 - 408 - 409 - 410 - 411 - 412 - 414 - 415 - 417 - 420 - 422 - 425 - 426 - 427 - 429 - 431 - 435 - 436 - 438 - 439 - 441 - 442 - 444 - 446 - 447 - 448 - 449 - 450 - 453 - 454 - 460 - 464 - 466 - 468 - 469 - 470 - 471 - 473 - 474 - 479 - 482 - 487 - 491 - 492 - 494 - 495 - 496 - 497 - 499,13373677.9,0.0,64638,69124,22.69,Cost: 64638 & Capacity: 69124
3 - 5 - 6 - 7 - 8 - 9 - 10 - 15 - 19 - 21 - 22 - 26 - 31 - 37 - 39 - 43 - 44 - 45 - 46 - 47 - 48 - 49 - 50 - 53 - 54 - 55 - 56 - 57 - 59 - 61 - 62 - 63 - 66 - 70 - 73 - 75 - 77 - 78 - 81 - 87 - 88 - 90 - 91 - 94 - 96 - 101 - 103 - 106 - 108 - 109 - 110 - 113 - 114 - 119 - 121 - 125 - 126 - 132 - 135 - 138 - 143 - 144 - 146 - 147 - 148 - 150 - 152 - 153 - 156 - 157 - 160 - 161 - 163 - 165 - 170 - 174 - 175 - 177 - 180 - 181 - 182 - 184 - 186 - 187 - 188 - 194 - 195 - 198 - 203 - 205 - 207 - 208 - 212 - 213 - 214 - 216 - 219 - 222 - 225 - 226 - 232 - 233 - 234 - 235 - 237 - 239 - 246 - 248 - 249 - 250 - 251 - 252 - 253 - 260 - 261 - 263 - 265 - 270 - 271 - 275 - 277 - 279 - 280 - 281 - 284 - 285 - 290 - 293 - 295 - 298 - 299 - 302 - 303 - 305 - 310 - 312 - 313 - 317 - 318 - 320 - 321 - 322 - 323 - 324 - 326 - 328 - 329 - 330 - 334 - 337 - 338 - 342 - 343 - 344 - 347 - 348 - 349 - 350 - 351 - 352 - 356 - 359 - 362 - 364 - 365 - 369 - 374 - 375 - 376 - 379 - 380 - 382 - 385 - 387 - 388 - 389 - 390 - 391 - 395 - 396 - 397 - 400 - 401 - 403 - 408 - 409 - 410 - 411 - 412 - 414 - 415 - 417 - 420 - 422 - 425 - 426 - 427 - 429 - 431 - 435 - 436 - 438 - 439 - 441 - 442 - 444 - 446 - 447 - 448 - 449 - 450 - 453 - 454 - 460 - 464 - 466 - 468 - 469 - 470 - 471 - 473 - 474 - 479 - 482 - 487 - 491 - 492 - 494 - 495 - 496 - 497 - 499,13373677.9,0.0,64638,69124,24.13,Cost: 64638 & Capacity: 69124
3 - 5 - 6 - 7 - 8 - 9 - 10 - 15 - 19 - 21 - 22 - 26 - 31 - 37 - 39 - 43 - 44 - 45 - 46 - 47 - 48 - 49 - 50 - 53 - 54 - 55 - 56 - 57 - 59 - 61 - 62 - 63 - 66 - 70 - 73 - 75 - 77 - 78 - 81 - 87 - 88 - 90 - 91 - 94 - 96 - 101 - 103 - 106 - 108 - 109 - 110 - 113 - 114 - 119 - 121 - 125 - 126 - 132 - 135 - 138 - 143 - 144 - 146 - 147 - 148 - 150 - 152 - 153 - 156 - 157 - 160 - 161 - 163 - 165 - 170 - 174 - 175 - 177 - 180 - 181 - 182 - 184 - 186 - 187 - 188 - 194 - 195 - 198 - 203 - 205 - 207 - 208 - 212 - 213 - 214 - 216 - 219 - 222 - 225 - 226 - 232 - 233 - 234 - 235 - 237 - 239 - 246 - 248 - 249 - 250 - 251 - 252 - 253 - 260 - 261 - 263 - 265 - 270 - 271 - 275 - 277 - 279 - 280 - 281 - 284 - 285 - 290 - 293 - 295 - 298 - 299 - 302 - 303 - 305 - 310 - 312 - 313 - 317 - 318 - 320 - 321 - 322 - 323 - 324 - 326 - 328 - 329 - 330 - 334 - 337 - 338 - 342 - 343 - 344 - 347 - 348 - 349 - 350 - 351 - 352 - 356 - 359 - 362 - 364 - 365 - 369 - 374 - 375 - 376 - 379 - 380 - 382 - 385 - 387 - 388 - 389 - 390 - 391 - 395 - 396 - 397 - 400 - 401 - 403 - 408 - 409 - 410 - 411 - 412 - 414 - 415 - 417 - 420 - 422 - 425 - 426 - 427 - 429 - 431 - 435 - 436 - 438 - 439 - 441 - 442 - 444 - 446 - 447 - 448 - 449 - 450 - 453 - 454 - 460 - 464 - 466 - 468 - 469 - 470 - 471 - 473 - 474 - 479 - 482 - 487 - 491 - 492 - 494 - 495 - 496 - 497 - 499,13373677.9,0.0,64638,69124,25.53,Cost: 64638 & Capacity: 69124
3 - 5 - 7 - 8 - 15 - 19 - 21 - 22 - 25 - 31 - 34 - 39 - 43 - 44 - 45 - 48 - 49 - 50 - 51 - 53 - 54 - 55 - 56 - 57 - 59 - 62 - 63 - 66 - 73 - 77 - 78 - 81 - 87 - 88 - 90 - 91 - 94 - 96 - 98 - 106 - 108 - 109 - 113 - 114 - 119 - 121 - 123 - 125 - 126 - 130 - 135 - 138 - 143 - 146 - 147 - 148 - 150 - 153 - 156 - 157 - 160 - 170 - 174 - 175 - 177 - 180 - 181 - 182 - 186 - 187 - 188 - 194 - 198 - 203 - 205 - 207 - 208 - 212 - 213 - 214 - 216 - 219 - 222 - 225 - 232 - 233 - 235 - 237 - 239 - 243 - 246 - 248 - 249 - 250 - 251 - 252 - 253 - 257 - 260 - 261 - 263 - 265 - 270 - 271 - 274 - 275 - 276 - 277 - 279 - 280 - 281 - 284 - 285 - 289 - 290 - 291 - 293 - 295 - 296 - 297 - 298 - 299 - 302 - 303 - 305 - 310 - 312 - 313 - 315 - 317 - 318 - 320 - 321 - 322 - 323 - 324 - 328 - 329 - 330 - 334 - 337 - 338 - 342 - 343 - 344 - 348 - 351 - 352 - 356 - 359 - 362 - 364 - 365 - 366 - 369 - 375 - 376 - 379 - 382 - 385 - 387 - 388 - 389 - 390 - 391 - 392 - 395 - 396 - 397 - 399 - 401 - 403 - 405 - 408 - 409 - 410 - 415 - 420 - 422 - 425 - 426 - 427 - 429 - 433 - 434 - 435 - 436 - 438 - 439 - 441 - 442 - 444 - 446 - 447 - 448 - 449 - 451 - 453 - 454 - 456 - 457 - 460 - 464 - 468 - 469 - 470 - 471 - 473 - 474 - 486 - 487 - 491 - 494 - 495 - 496 - 497,11790416.7,0.7,64477,67343,28.02,Cost: 64477 & Capacity: 67343
3 - 5 - 7 - 8 - 9 - 15 - 19 - 21 - 22 - 25 - 30 - 31 - 37 - 39 - 43 - 44 - 45 - 47 - 48 - 49 - 50 - 53 - 55 - 56 - 57 - 59 - 61 - 62 - 63 - 66 - 70 - 73 - 78 - 80 - 81 - 87 - 88 - 90 - 91 - 94 - 96 - 98 - 101 - 106 - 108 - 109 - 113 - 114 - 119 - 121 - 122 - 123 - 125 - 126 - 128 - 132 - 135 - 138 - 143 - 146 - 147 - 148 - 149 - 150 - 153 - 157 - 160 - 163 - 169 - 170 - 174 - 175 - 177 - 179 - 180 - 181 - 182 - 185 - 186 - 187 - 188 - 198 - 203 - 205 - 207 - 208 - 212 - 213 - 214 - 219 - 222 - 225 - 232 - 233 - 234 - 235 - 237 - 245 - 246 - 249 - 250 - 251 - 252 - 253 - 257 - 260 - 261 - 263 - 265 - 270 - 275 - 276 - 277 - 279 - 281 - 284 - 285 - 289 - 290 - 293 - 295 - 296 - 297 - 298 - 299 - 302 - 303 - 305 - 310 - 312 - 313 - 317 - 318 - 320 - 322 - 323 - 324 - 326 - 328 - 329 - 337 - 342 - 344 - 347 - 348 - 350 - 352 - 359 - 360 - 362 - 364 - 369 - 374 - 375 - 376 - 379 - 380 - 382 - 385 - 387 - 388 - 389 - 391 - 392 - 395 - 396 - 397 - 400 - 401 - 403 - 408 - 409 - 410 - 411 - 413 - 414 - 415 - 420 - 422 - 424 - 425 - 426 - 427 - 429 - 435 - 436 - 437 - 438 - 441 - 442 - 444 - 447 - 448 - 449 - 450 - 453 - 454 - 458 - 460 - 464 - 469 - 470 - 471 - 474 - 475 - 486 - 487 - 491 - 494 - 495 - 496,11106303.2,2.8,64605,67211,28.96,Cost: 64605 & Capacity: 67211
3 - 5 - 6 - 7 - 8 - 9 - 10 - 15 - 19 - 21 - 22 - 26 - 31 - 37 - 39 - 43 - 44 - 45 - 46 - 47 - 48 - 49 - 50 - 53 - 54 - 55 - 56 - 57 - 59 - 61 - 62 - 63 - 66 - 70 - 73 - 75 - 77 - 78 - 81 - 87 - 88 - 90 - 91 - 94 - 96 - 101 - 103 - 106 - 108 - 109 - 110 - 113 - 114 - 119 - 121 - 125 - 126 - 132 - 135 - 138 - 143 - 144 - 146 - 147 - 148 - 150 - 152 - 153 - 156 - 157 - 160 - 161 - 163 - 165 - 170 - 174 - 175 - 177 - 180 - 181 - 182 - 184 - 186 - 187 - 188 - 194 - 195 - 198 - 203 - 205 - 207 - 208 - 212 - 213 - 214 - 216 - 219 - 222 - 225 - 226 - 232 - 233 - 234 - 235 - 237 - 239 - 246 - 248 - 249 - 250 - 251 - 252 - 253 - 260 - 261 - 263 - 265 - 270 - 271 - 275 - 277 - 279 - 280 - 281 - 284 - 285 - 290 - 293 - 295 - 298 - 299 - 302 - 303 - 305 - 310 - 312 - 313 - 317 - 318 - 320 - 321 - 322 - 323 - 324 - 326 - 328 - 329 - 330 - 334 - 337 - 338 - 342 - 343 - 344 - 347 - 348 - 349 - 350 - 351 - 352 - 356 - 359 - 362 - 364 - 365 - 369 - 374 - 375 - 376 - 379 - 380 - 382 - 385 - 387 - 388 - 389 - 390 - 391 - 395 - 396 - 397 - 400 - 401 - 403 - 408 - 409 - 410 - 411 - 412 - 414 - 415 - 417 - 420 - 422 - 425 - 426 - 427 - 429 - 431 - 435 - 436 - 438 - 439 - 441 - 442 - 444 - 446 - 447 - 448 - 449 - 450 - 453 - 454 - 460 - 464 - 466 - 468 - 469 - 470 - 471 - 473 - 474 - 479 - 482 - 487 - 491 - 492 - 494 - 495 - 496 - 497 - 499,13373677.9,0.0,64638,69124,29.18,Cost: 64638 & Capacity: 69124
3 - 5 - 6 - 7 - 8 - 9 - 10 - 15 - 19 - 21 - 22 - 26 - 31 - 37 - 39 - 43 - 44 - 45 - 46 - 47 - 48 - 49 - 50 - 53 - 54 - 55 - 56 - 57 - 59 - 61 - 62 - 63 - 66 - 70 - 73 - 75 - 77 - 78 - 81 - 87 - 88 - 90 - 91 - 94 - 96 - 101 - 103 - 106 - 108 - 109 - 110 - 113 - 114 - 119 - 121 - 125 - 126 - 132 - 135 - 138 - 143 - 144 - 146 - 147 - 148 - 150 - 152 - 153 - 156 - 157 - 160 - 161 - 163 - 165 - 170 - 174 - 175 - 177 - 180 - 181 - 182 - 184 - 186 - 187 - 188 - 194 - 195 - 198 - 203 - 205 - 207 - 208 - 212 - 213 - 214 - 216 - 219 - 222 - 225 - 226 - 232 - 233 - 234 - 235 - 237 - 239 - 246 - 248 - 249 - 250 - 251 - 252 - 253 - 260 - 261 - 263 - 265 - 270 - 271 - 275 - 277 - 279 - 280 - 281 - 284 - 285 - 290 - 293 - 295 - 298 - 299 - 302 - 303 - 305 - 310 - 312 - 313 - 317 - 318 - 320 - 321 - 322 - 323 - 324 - 326 - 328 - 329 - 330 - 334 - 337 - 338 - 342 - 343 - 344 - 347 - 348 - 349 - 350 - 351 - 352 - 356 - 359 - 362 - 364 - 365 - 369 - 374 - 375 - 376 - 379 - 380 - 382 - 385 - 387 - 388 - 389 - 390 - 391 - 395 - 396 - 397 - 400 - 401 - 403 - 408 - 409 - 410 - 411 - 412 - 414 - 415 - 417 - 420 - 422 - 425 - 426 - 427 - 429 - 431 - 435 - 436 - 438 - 439 - 441 - 442 - 444 - 446 - 447 - 448 - 449 - 450 - 453 - 454 - 460 - 464 - 466 - 468 - 469 - 470 - 471 - 473 - 474 - 479 - 482 - 487 - 491 - 492 - 494 - 495 - 496 - 497 - 499,13373677.9,0.0,64638,69124,32.2,Cost: 64638 & Capacity: 69124
0 - 9 - 12 - 17 - 20 - 21 - 24 - 26 - 42 - 44 - 48 - 50 - 54 - 56 - 58 - 66 - 73 - 77 - 80 - 81 - 90 - 91 - 96 - 98 - 105 - 111 - 119 - 122 - 124 - 127 - 128 - 141 - 145 - 146 - 148 - 153 - 162 - 174 - 180 - 181 - 192 - 193 - 194 - 198 - 205 - 211 - 214 - 219 - 221 - 222 - 236 - 243 - 250 - 253 - 254 - 255 - 260 - 263 - 269 - 274 - 275 - 282 - 292 - 297 - 298 - 299 - 310 - 315 - 319 - 323 - 324 - 327 - 334 - 338 - 344 - 345 - 349 - 352 - 356 - 358 - 359 - 360 - 362 - 372 - 378 - 380 - 381 - 382 - 387 - 392 - 398 - 399 - 403 - 404 - 409 - 418 - 419 - 430 - 438 - 441 - 442 - 449 - 450 - 457 - 460 - 461 - 464 - 467 - 469 - 475 - 482 - 487 - 493 - 494,3322384.9,22.6,64421,55379,34.02,Cost: 64421 & Capacity: 55379
3 - 5 - 6 - 7 - 8 - 9 - 10 - 15 - 19 - 21 - 22 - 26 - 31 - 37 - 39 - 43 - 44 - 45 - 46 - 47 - 48 - 49 - 50 - 53 - 54 - 55 - 56 - 57 - 59 - 61 - 62 - 63 - 66 - 70 - 73 - 75 - 77 - 78 - 81 - 87 - 88 - 90 - 91 - 94 - 96 - 101 - 103 - 106 - 108 - 109 - 110 - 113 - 114 - 119 - 121 - 125 - 126 - 132 - 135 - 138 - 143 - 144 - 146 - 147 - 148 - 150 - 152 - 153 - 156 - 157 - 160 - 161 - 163 - 165 - 170 - 174 - 175 - 177 - 180 - 181 - 182 - 184 - 186 - 187 - 188 - 194 - 195 - 198 - 203 - 205 - 207 - 208 - 212 - 213 - 214 - 216 - 219 - 222 - 225 - 226 - 232 - 233 - 234 - 235 - 237 - 239 - 246 - 248 - 249 - 250 - 251 - 252 - 253 - 260 - 261 - 263 - 265 - 270 - 271 - 275 - 277 - 279 - 280 - 281 - 284 - 285 - 290 - 293 - 295 - 298 - 299 - 302 - 303 - 305 - 310 - 312 - 313 - 317 - 318 - 320 - 321 - 322 - 323 - 324 - 326 - 328 - 329 - 330 - 334 - 337 - 338 - 342 - 343 - 344 - 347 - 348 - 349 - 350 - 351 - 352 - 356 - 359 - 362 - 364 - 365 - 369 - 374 - 375 - 376 - 379 - 380 - 382 - 385 - 387 - 388 - 389 - 390 - 391 - 395 - 396 - 397 - 400 - 401 - 403 - 408 - 409 - 410 - 411 - 412 - 414 - 415 - 417 - 420 - 422 - 425 - 426 - 427 - 429 - 431 - 435 - 436 - 438 - 439 - 441 - 442 - 444 - 446 - 447 - 448 - 449 - 450 - 453 - 454 - 460 - 464 - 466 - 468 - 469 - 470 - 471 - 473 - 474 - 479 - 482 - 487 - 491 - 492 - 494 - 495 - 496 - 497 - 499,13373677.9,0.0,64638,69124,35.09,Cost: 64638 & Capacity: 69124
0 - 8 - 9 - 10 - 19 - 22 - 24 - 26 - 30 - 31 - 33 - 39 - 43 - 44 - 45 - 47 - 48 - 50 - 56 - 61 - 62 - 65 - 77 - 79 - 81 - 85 - 90 - 91 - 93 - 95 - 96 - 105 - 108 - 109 - 110 - 119 - 122 - 124 - 130 - 135 - 136 - 137 - 140 - 144 - 146 - 149 - 153 - 162 - 163 - 168 - 176 - 177 - 178 - 187 - 188 - 192 - 193 - 194 - 208 - 211 - 218 - 219 - 225 - 231 - 234 - 239 - 243 - 248 - 256 - 257 - 263 - 266 - 267 - 271 - 279 - 281 - 286 - 289 - 295 - 300 - 301 - 306 - 308 - 309 - 313 - 317 - 318 - 321 - 328 - 329 - 332 - 339 - 356 - 358 - 360 - 373 - 385 - 387 - 389 - 403 - 414 - 421 - 430 - 438 - 439 - 446 - 447 - 460 - 461 - 462 - 464 - 465 - 471 - 476 - 477 - 484 - 491,3520012.7,21.7,64596,53315,35.53,Cost: 64596 & Capacity: 53315
3 - 5 - 6 - 7 - 8 - 10 - 15 - 19 - 20 - 21 - 22 - 31 - 33 - 37 - 39 - 43 - 44 - 45 - 48 - 49 - 50 - 51 - 54 - 55 - 56 - 57 - 59 - 61 - 62 - 63 - 66 - 77 - 78 - 79 - 81 - 87 - 88 - 90 - 91 - 94 - 96 - 101 - 103 - 106 - 108 - 109 - 113 - 114 - 119 - 125 - 126 - 132 - 135 - 138 - 143 - 146 - 147 - 148 - 149 - 150 - 152 - 153 - 157 - 160 - 165 - 170 - 174 - 177 - 180 - 181 - 182 - 186 - 187 - 188 - 194 - 198 - 203 - 204 - 205 - 207 - 208 - 212 - 213 - 214 - 216 - 219 - 222 - 225 - 226 - 232 - 233 - 234 - 235 - 237 - 239 - 243 - 246 - 248 - 249 - 250 - 251 - 252 - 253 - 257 - 260 - 261 - 263 - 265 - 270 - 274 - 275 - 276 - 277 - 279 - 280 - 281 - 285 - 289 - 290 - 293 - 295 - 296 - 298 - 299 - 303 - 305 - 310 - 312 - 313 - 315 - 317 - 318 - 320 - 321 - 322 - 323 - 324 - 326 - 328 - 329 - 330 - 334 - 337 - 338 - 342 - 343 - 344 - 347 - 348 - 349 - 350 - 351 - 352 - 359 - 362 - 365 - 369 - 375 - 376 - 379 - 382 - 385 - 387 - 388 - 389 - 390 - 391 - 395 - 396 - 397 - 399 - 401 - 403 - 405 - 408 - 409 - 410 - 411 - 413 - 414 - 415 - 420 - 422 - 425 - 426 - 427 - 429 - 433 - 434 - 435 - 436 - 438 - 439 - 441 - 442 - 444 - 446 - 447 - 448 - 449 - 450 - 453 - 454 - 456 - 457 - 460 - 464 - 465 - 468 - 469 - 470 - 471 - 473 - 474 - 482 - 487 - 491 - 494 - 495 - 496 - 497 - 499,12472955.2,0.2,64616,68649,36.75,Cost: 64616 & Capacity: 68649
3 - 5 - 6 - 7 - 8 - 9 - 10 - 15 - 19 - 21 - 22 - 26 - 31 - 37 - 39 - 43 - 44 - 45 - 46 - 47 - 48 - 49 - 50 - 53 - 54 - 55 - 56 - 57 - 59 - 61 - 62 - 63 - 66 - 70 - 73 - 75 - 77 - 78 - 81 - 87 - 88 - 90 - 91 - 94 - 96 - 101 - 103 - 106 - 108 - 109 - 110 - 113 - 114 - 119 - 121 - 125 - 126 - 132 - 135 - 138 - 143 - 144 - 146 - 147 - 148 - 150 - 152 - 153 - 156 - 157 - 160 - 161 - 163 - 165 - 170 - 174 - 175 - 177 - 180 - 181 - 182 - 184 - 186 - 187 - 188 - 194 - 195 - 198 - 203 - 205 - 207 - 208 - 212 - 213 - 214 - 216 - 219 - 222 - 225 - 226 - 232 - 233 - 234 - 235 - 237 - 239 - 246 - 248 - 249 - 250 - 251 - 252 - 253 - 260 - 261 - 263 - 265 - 270 - 271 - 275 - 277 - 279 - 280 - 281 - 284 - 285 - 290 - 293 - 295 - 298 - 299 - 302 - 303 - 305 - 310 - 312 - 313 - 317 - 318 - 320 - 321 - 322 - 323 - 324 - 326 - 328 - 329 - 330 - 334 - 337 - 338 - 342 - 343 - 344 - 347 - 348 - 349 - 350 - 351 - 352 - 356 - 359 - 362 - 364 - 365 - 369 - 374 - 375 - 376 - 379 - 380 - 382 - 385 - 387 - 388 - 389 - 390 - 391 - 395 - 396 - 397 - 400 - 401 - 403 - 408 - 409 - 410 - 411 - 412 - 414 - 415 - 417 - 420 - 422 - 425 - 426 - 427 - 429 - 431 - 435 - 436 - 438 - 439 - 441 - 442 - 444 - 446 - 447 - 448 - 449 - 450 - 453 - 454 - 460 - 464 - 466 - 468 - 469 - 470 - 471 - 473 - 474 - 479 - 482 - 487 - 491 - 492 - 494 - 495 - 496 - 497 - 499,13373677.9,0.0,64638,69124,38.85,Cost: 64638 & Capacity: 69124
3 - 5 - 6 - 7 - 8 - 9 - 10 - 15 - 19 - 21 - 22 - 26 - 31 - 37 - 39 - 43 - 44 - 45 - 46 - 47 - 48 - 49 - 50 - 53 - 54 - 55 - 56 - 57 - 59 - 61 - 62 - 63 - 66 - 70 - 73 - 75 - 77 - 78 - 81 - 87 - 88 - 90 - 91 - 94 - 96 - 101 - 103 - 106 - 108 - 109 - 110 - 113 - 114 - 119 - 121 - 125 - 126 - 132 - 135 - 138 - 143 - 144 - 146 - 147 - 148 - 150 - 152 - 153 - 156 - 157 - 160 - 161 - 163 - 165 - 170 - 174 - 175 - 177 - 180 - 181 - 182 - 184 - 186 - 187 - 188 - 194 - 195 - 198 - 203 - 205 - 207 - 208 - 212 - 213 - 214 - 216 - 219 - 222 - 225 - 226 - 232 - 233 - 234 - 235 - 237 - 239 - 246 - 248 - 249 - 250 - 251 - 252 - 253 - 260 - 261 - 263 - 265 - 270 - 271 - 275 - 277 - 279 - 280 - 281 - 284 - 285 - 290 - 293 - 295 - 298 - 299 - 302 - 303 - 305 - 310 - 312 - 313 - 317 - 318 - 320 - 321 - 322 - 323 - 324 - 326 - 328 - 329 - 330 - 334 - 337 - 338 - 342 - 343 - 344 - 347 - 348 - 349 - 350 - 351 - 352 - 356 - 359 - 362 - 364 - 365 - 369 - 374 - 375 - 376 - 379 - 380 - 382 - 385 - 387 - 388 - 389 - 390 - 391 - 395 - 396 - 397 - 400 - 401 - 403 - 408 - 409 - 410 - 411 - 412 - 414 - 415 - 417 - 420 - 422 - 425 - 426 - 427 - 429 - 431 - 435 - 436 - 438 - 439 - 441 - 442 - 444 - 446 - 447 - 448 - 449 - 450 - 453 - 454 - 460 - 464 - 466 - 468 - 469 - 470 - 471 - 473 - 474 - 479 - 482 - 487 - 491 - 492 - 494 - 495 - 496 - 497 - 499,13373677.9,0.0,64638,69124,39.95,Cost: 64638 & Capacity: 69124
7 - 13 - 18 - 22 - 24 - 26 - 31 - 37 - 42 - 46 - 47 - 48 - 49 - 50 - 56 - 61 - 63 - 65 - 79 - 80 - 81 - 85 - 90 - 94 - 96 - 101 - 103 - 109 - 111 - 113 - 116 - 119 - 122 - 123 - 124 - 125 - 126 - 132 - 135 - 143 - 145 - 146 - 147 - 148 - 149 - 165 - 168 - 175 - 176 - 187 - 188 - 194 - 198 - 208 - 211 - 213 - 216 - 218 - 222 - 225 - 226 - 234 - 239 - 241 - 248 - 249 - 250 - 258 - 260 - 262 - 263 - 265 - 267 - 276 - 277 - 279 - 290 - 293 - 295 - 296 - 298 - 309 - 312 - 313 - 315 - 316 - 317 - 319 - 320 - 328 - 329 - 330 - 333 - 340 - 343 - 346 - 352 - 354 - 358 - 364 - 366 - 367 - 382 - 387 - 389 - 396 - 397 - 398 - 403 - 408 - 409 - 413 - 414 - 415 - 418 - 420 - 421 - 422 - 424 - 430 - 432 - 435 - 436 - 437 - 446 - 447 - 448 - 452 - 456 - 458 - 460 - 464 - 465 - 469 - 470 - 471 - 484 - 499,4902643.6,14.7,64541,58931,40.45,Cost: 64541 & Capacity: 58931
3 - 5 - 6 - 7 - 8 - 9 - 10 - 15 - 19 - 21 - 22 - 26 - 31 - 37 - 39 - 43 - 44 - 45 - 46 - 47 - 48 - 49 - 50 - 53 - 54 - 55 - 56 - 57 - 59 - 61 - 62 - 63 - 66 - 70 - 73 - 75 - 77 - 78 - 81 - 87 - 88 - 90 - 91 - 94 - 96 - 101 - 103 - 106 - 108 - 109 - 110 - 113 - 114 - 119 - 121 - 125 - 126 - 132 - 135 - 138 - 143 - 144 - 146 - 147 - 148 - 150 - 152 - 153 - 156 - 157 - 160 - 161 - 163 - 165 - 170 - 174 - 175 - 177 - 180 - 181 - 182 - 184 - 186 - 187 - 188 - 194 - 195 - 198 - 203 - 205 - 207 - 208 - 212 - 213 - 214 - 216 - 219 - 222 - 225 - 226 - 232 - 233 - 234 - 235 - 237 - 239 - 246 - 248 - 249 - 250 - 251 - 252 - 253 - 260 - 261 - 263 - 265 - 270 - 271 - 275 - 277 - 279 - 280 - 281 - 284 - 285 - 290 - 293 - 295 - 298 - 299 - 302 - 303 - 305 - 310 - 312 - 313 - 317 - 318 - 320 - 321 - 322 - 323 - 324 - 326 - 328 - 329 - 330 - 334 - 337 - 338 - 342 - 343 - 344 - 347 - 348 - 349 - 350 - 351 - 352 - 356 - 359 - 362 - 364 - 365 - 369 - 374 - 375 - 376 - 379 - 380 - 382 - 385 - 387 - 388 - 389 - 390 - 391 - 395 - 396 - 397 - 400 - 401 - 403 - 408 - 409 - 410 - 411 - 412 - 414 - 415 - 417 - 420 - 422 - 425 - 426 - 427 - 429 - 431 - 435 - 436 - 438 - 439 - 441 - 442 - 444 - 446 - 447 - 448 - 449 - 450 - 453 - 454 - 460 - 464 - 466 - 468 - 469 - 470 - 471 - 473 - 474 - 479 - 482 - 487 - 491 - 492 - 494 - 495 - 496 - 497 - 499,13373677.9,0.0,64638,69124,41.56,Cost: 64638 & Capacity: 69124
3 - 5 - 6 - 7 - 8 - 9 - 10 - 15 - 19 - 21 - 22 - 26 - 31 - 37 - 39 - 43 - 44 - 45 - 46 - 47 - 48 - 49 - 50 - 53 - 54 - 55 - 56 - 57 - 59 - 61 - 62 - 63 - 66 - 70 - 73 - 75 - 77 - 78 - 81 - 87 - 88 - 90 - 91 - 94 - 96 - 101 - 103 - 106 - 108 - 109 - 110 - 113 - 114 - 119 - 121 - 125 - 126 - 132 - 135 - 138 - 143 - 144 - 146 - 147 - 148 - 150 - 152 - 153 - 156 - 157 - 160 - 161 - 163 - 165 - 170 - 174 - 175 - 177 - 180 - 181 - 182 - 184 - 186 - 187 - 188 - 194 - 195 - 198 - 203 - 205 - 207 - 208 - 212 - 213 - 214 - 216 - 219 - 222 - 225 - 226 - 232 - 233 - 234 - 235 - 237 - 239 - 246 - 248 - 249 - 250 - 251 - 252 - 253 - 260 - 261 - 263 - 265 - 270 - 271 - 275 - 277 - 279 - 280 - 281 - 284 - 285 - 290 - 293 - 295 - 298 - 299 - 302 - 303 - 305 - 310 - 312 - 313 - 317 - 318 - 320 - 321 - 322 - 323 - 324 - 326 - 328 - 329 - 330 - 334 - 337 - 338 - 342 - 343 - 344 - 347 - 348 - 349 - 350 - 351 - 352 - 356 - 359 - 362 - 364 - 365 - 369 - 374 - 375 - 376 - 379 - 380 - 382 - 385 - 387 - 388 - 389 - 390 - 391 - 395 - 396 - 397 - 400 - 401 - 403 - 408 - 409 - 410 - 411 - 412 - 414 - 415 - 417 - 420 - 422 - 425 - 426 - 427 - 429 - 431 - 435 - 436 - 438 - 439 - 441 - 442 - 444 - 446 - 447 - 448 - 449 - 450 - 453 - 454 - 460 - 464 - 466 - 468 - 469 - 470 - 471 - 473 - 474 - 479 - 482 - 487 - 491 - 492 - 494 - 495 - 496 - 497 - 499,13373677.9,0.0,64638,69124,42.13,Cost: 64638 & Capacity: 69124
3 - 5 - 6 - 7 - 8 - 9 - 10 - 15 - 16 - 19 - 20 - 21 - 22 - 25 - 26 - 31 - 34 - 37 - 39 - 43 - 44 - 45 - 46 - 47 - 48 - 49 - 50 - 53 - 54 - 55 - 56 - 57 - 59 - 61 - 62 - 63 - 66 - 70 - 73 - 75 - 77 - 78 - 81 - 87 - 88 - 90 - 91 - 94 - 96 - 101 - 103 - 106 - 108 - 109 - 110 - 113 - 114 - 119 - 121 - 125 - 132 - 135 - 138 - 143 - 144 - 146 - 147 - 148 - 150 - 152 - 153 - 157 - 160 - 161 - 163 - 165 - 170 - 174 - 175 - 177 - 180 - 181 - 182 - 184 - 186 - 187 - 188 - 194 - 195 - 198 - 203 - 205 - 207 - 208 - 212 - 213 - 214 - 216 - 219 - 222 - 225 - 226 - 232 - 233 - 234 - 235 - 237 - 239 - 246 - 248 - 249 - 250 - 251 - 252 - 253 - 260 - 261 - 263 - 265 - 270 - 271 - 275 - 277 - 279 - 280 - 281 - 284 - 285 - 290 - 293 - 295 - 298 - 299 - 302 - 303 - 305 - 310 - 312 - 313 - 317 - 318 - 320 - 321 - 322 - 323 - 324 - 326 - 328 - 329 - 330 - 334 - 337 - 338 - 342 - 343 - 344 - 347 - 348 - 349 - 350 - 351 - 352 - 356 - 359 - 362 - 364 - 365 - 369 - 374 - 375 - 376 - 379 - 380 - 382 - 385 - 387 - 388 - 389 - 390 - 391 - 395 - 396 - 397 - 400 - 401 - 403 - 408 - 409 - 410 - 411 - 412 - 414 - 415 - 417 - 420 - 422 - 425 - 426 - 427 - 429 - 431 - 435 - 436 - 438 - 439 - 441 - 442 - 444 - 446 - 447 - 448 - 449 - 450 - 453 - 454 - 460 - 464 - 468 - 469 - 470 - 473 - 474 - 479 - 482 - 487 - 491 - 492 - 494 - 495 - 496 - 497 - 499,13356564.3,0.1,64621,69000,42.77,Cost: 64621 & Capacity: 69000
5 - 10 - 20 - 21 - 22 - 23 - 31 - 33 - 39 - 44 - 48 - 59 - 61 - 65 - 72 - 77 - 78 - 79 - 81 - 86 - 89 - 90 - 96 - 97 - 101 - 105 - 109 - 120 - 121 - 122 - 124 - 130 - 135 - 145 - 146 - 149 - 150 - 152 - 153 - 157 - 159 - 162 - 169 - 175 - 177 - 178 - 179 - 187 - 188 - 190 - 191 - 193 - 216 - 220 - 224 - 235 - 243 - 248 - 251 - 253 - 255 - 257 - 267 - 269 - 270 - 271 - 275 - 276 - 287 - 289 - 292 - 293 - 295 - 298 - 305 - 315 - 317 - 321 - 322 - 323 - 327 - 333 - 335 - 338 - 339 - 342 - 344 - 348 - 349 - 350 - 352 - 360 - 367 - 369 - 381 - 382 - 385 - 386 - 387 - 388 - 390 - 403 - 409 - 413 - 414 - 415 - 418 - 421 - 425 - 431 - 434 - 436 - 438 - 439 - 444 - 450 - 456 - 460 - 461 - 465 - 470 - 471 - 475 - 477 - 487 - 491 - 493,4162834.9,17.4,64368,57005,43.14,Cost: 64368 & Capacity: 57005
3 - 5 - 6 - 7 - 8 - 9 - 10 - 15 - 19 - 21 - 22 - 26 - 31 - 37 - 39 - 43 - 44 - 45 - 46 - 47 - 48 - 49 - 50 - 53 - 54 - 55 - 56 - 57 - 59 - 61 - 62 - 63 - 66 - 70 - 73 - 75 - 77 - 78 - 81 - 87 - 88 - 90 - 91 - 94 - 96 - 101 - 103 - 106 - 108 - 109 - 110 - 113 - 114 - 119 - 121 - 125 - 126 - 132 - 135 - 138 - 143 - 144 - 146 - 147 - 148 - 150 - 152 - 153 - 156 - 157 - 160 - 161 - 163 - 165 - 170 - 174 - 175 - 177 - 180 - 181 - 182 - 184 - 186 - 187 - 188 - 194 - 195 - 198 - 203 - 205 - 207 - 208 - 212 - 213 - 214 - 216 - 219 - 222 - 225 - 226 - 232 - 233 - 234 - 235 - 237 - 239 - 246 - 248 - 249 - 250 - 251 - 252 - 253 - 260 - 261 - 263 - 265 - 270 - 271 - 275 - 277 - 279 - 280 - 281 - 284 - 285 - 290 - 293 - 295 - 298 - 299 - 302 - 303 - 305 - 310 - 312 - 313 - 317 - 318 - 320 - 321 - 322 - 323 - 324 - 326 - 328 - 329 - 330 - 334 - 337 - 338 - 342 - 343 - 344 - 347 - 348 - 349 - 350 - 351 - 352 - 356 - 359 - 362 - 364 - 365 - 369 - 374 - 375 - 376 - 379 - 380 - 382 - 385 - 387 - 388 - 389 - 390 - 391 - 395 - 396 - 397 - 400 - 401 - 403 - 408 - 409 - 410 - 411 - 412 - 414 - 415 - 417 - 420 - 422 - 425 - 426 - 427 - 429 - 431 - 435 - 436 - 438 - 439 - 441 - 442 - 444 - 446 - 447 - 448 - 449 - 450 - 453 - 454 - 460 - 464 - 466 - 468 - 469 - 470 - 471 - 473 - 474 - 479 - 482 - 487 - 491 - 492 - 494 - 495 - 496 - 497 - 499,13373677.9,0.0,64638,69124,43.94,Cost: 64638 & Capacity: 69124
0 - 1 - 3 - 7 - 9 - 10 - 11 - 15 - 19 - 21 - 22 - 25 - 30 - 31 - 33 - 37 - 43 - 44 - 45 - 48 - 49 - 50 - 53 - 55 - 56 - 59 - 61 - 62 - 63 - 65 - 72 - 73 - 76 - 78 - 81 - 88 - 91 - 94 - 96 - 98 - 101 - 106 - 108 - 109 - 113 - 114 - 119 - 122 - 125 - 126 - 132 - 135 - 136 - 138 - 143 - 146 - 147 - 149 - 150 - 157 - 169 - 170 - 174 - 175 - 177 - 181 - 182 - 185 - 186 - 187 - 188 - 193 - 198 - 202 - 205 - 207 - 208 - 216 - 218 - 222 - 225 - 233 - 234 - 237 - 245 - 249 - 250 - 251 - 252 - 253 - 257 - 261 - 263 - 265 - 270 - 275 - 276 - 277 - 279 - 281 - 284 - 285 - 289 - 291 - 293 - 295 - 296 - 297 - 298 - 317 - 318 - 320 - 321 - 323 - 328 - 329 - 333 - 342 - 344 - 346 - 347 - 348 - 350 - 352 - 359 - 360 - 362 - 364 - 365 - 375 - 382 - 387 - 388 - 389 - 390 - 391 - 395 - 396 - 397 - 401 - 403 - 404 - 405 - 408 - 409 - 410 - 411 - 413 - 414 - 415 - 420 - 421 - 422 - 424 - 426 - 427 - 429 - 430 - 435 - 436 - 437 - 438 - 447 - 448 - 450 - 451 - 453 - 454 - 458 - 460 - 464 - 470 - 471 - 474 - 475 - 477 - 487 - 490 - 491 - 494 - 495 - 496,8343415.3,6.4,64607,62371,44.23,Cost: 64607 & Capacity: 62371
3 - 5 - 6 - 7 - 8 - 9 - 10 - 15 - 19 - 21 - 22 - 26 - 31 - 34 - 37 - 39 - 41 - 43 - 44 - 45 - 46 - 47 - 48 - 49 - 50 - 53 - 54 - 55 - 56 - 57 - 59 - 61 - 62 - 63 - 66 - 70 - 73 - 77 - 78 - 81 - 87 - 88 - 90 - 91 - 94 - 96 - 101 - 103 - 106 - 108 - 109 - 110 - 113 - 114 - 119 - 121 - 125 - 126 - 132 - 135 - 138 - 143 - 144 - 146 - 147 - 148 - 150 - 152 - 153 - 157 - 160 - 161 - 163 - 165 - 170 - 174 - 175 - 177 - 180 - 181 - 182 - 184 - 186 - 187 - 188 - 194 - 195 - 198 - 203 - 205 - 207 - 208 - 212 - 213 - 214 - 216 - 219 - 222 - 225 - 226 - 232 - 233 - 234 - 235 - 237 - 239 - 246 - 248 - 249 - 250 - 251 - 252 - 253 - 260 - 261 - 263 - 265 - 270 - 271 - 274 - 275 - 277 - 279 - 280 - 281 - 284 - 285 - 290 - 293 - 295 - 298 - 299 - 302 - 303 - 305 - 310 - 312 - 313 - 317 - 318 - 320 - 321 - 322 - 323 - 324 - 326 - 328 - 329 - 330 - 334 - 337 - 338 - 342 - 343 - 344 - 347 - 348 - 349 - 350 - 351 - 352 - 356 - 359 - 362 - 364 - 365 - 369 - 374 - 375 - 376 - 379 - 380 - 382 - 385 - 387 - 388 - 389 - 390 - 391 - 395 - 396 - 397 - 400 - 401 - 403 - 408 - 409 - 410 - 411 - 412 - 414 - 415 - 417 - 420 - 422 - 425 - 426 - 427 - 429 - 431 - 435 - 436 - 438 - 439 - 441 - 442 - 444 - 446 - 447 - 448 - 449 - 450 - 453 - 454 - 460 - 464 - 468 - 469 - 470 - 471 - 473 - 474 - 479 - 482 - 487 - 491 - 492 - 494 - 495 - 496 - 497 - 499,13371156.7,0.0,64634,68972,45.15,Cost: 64634 & Capacity: 68972
3 - 7 - 8 - 9 - 10 - 19 - 21 - 22 - 30 - 31 - 33 - 35 - 37 - 43 - 44 - 45 - 48 - 49 - 50 - 53 - 55 - 59 - 62 - 65 - 70 - 72 - 73 - 78 - 79 - 81 - 89 - 91 - 96 - 98 - 108 - 109 - 113 - 114 - 119 - 121 - 122 - 123 - 125 - 126 - 128 - 129 - 130 - 132 - 135 - 138 - 143 - 145 - 147 - 148 - 150 - 153 - 157 - 160 - 163 - 165 - 169 - 170 - 174 - 175 - 176 - 177 - 181 - 182 - 186 - 187 - 188 - 193 - 194 - 198 - 203 - 205 - 207 - 212 - 214 - 222 - 226 - 233 - 234 - 235 - 237 - 239 - 243 - 245 - 248 - 249 - 250 - 251 - 252 - 257 - 261 - 263 - 265 - 270 - 275 - 276 - 277 - 279 - 281 - 282 - 284 - 285 - 289 - 293 - 295 - 296 - 297 - 298 - 299 - 305 - 310 - 312 - 318 - 320 - 323 - 324 - 328 - 329 - 333 - 334 - 342 - 344 - 347 - 348 - 352 - 356 - 359 - 362 - 364 - 365 - 366 - 369 - 374 - 376 - 379 - 382 - 385 - 387 - 389 - 391 - 395 - 396 - 397 - 401 - 403 - 405 - 407 - 408 - 409 - 410 - 411 - 413 - 414 - 415 - 418 - 422 - 426 - 427 - 429 - 435 - 436 - 438 - 444 - 449 - 453 - 454 - 458 - 464 - 466 - 468 - 469 - 471 - 474 - 475 - 477 - 482 - 486 - 487 - 491 - 494 - 495 - 496 - 497,8789044.6,5.9,64630,64261,45.61,Cost: 64630 & Capacity: 64261
5 - 8 - 10 - 21 - 22 - 26 - 27 - 31 - 33 - 37 - 41 - 45 - 50 - 56 - 61 - 62 - 65 - 70 - 77 - 80 - 81 - 96 - 97 - 108 - 109 - 119 - 130 - 143 - 144 - 145 - 146 - 147 - 148 - 150 - 154 - 160 - 172 - 176 - 185 - 186 - 187 - 189 - 191 - 193 - 194 - 199 - 204 - 211 - 212 - 213 - 220 - 224 - 228 - 234 - 240 - 241 - 242 - 249 - 250 - 255 - 262 - 265 - 267 - 273 - 274 - 275 - 277 - 279 - 280 - 283 - 289 - 290 - 299 - 302 - 305 - 313 - 340 - 343 - 344 - 347 - 349 - 352 - 360 - 362 - 365 - 370 - 373 - 374 - 376 - 381 - 382 - 389 - 393 - 394 - 396 - 406 - 408 - 409 - 410 - 418 - 421 - 428 - 431 - 435 - 436 - 437 - 439 - 447 - 450 - 452 - 456 - 459 - 461 - 471 - 475 - 479 - 483 - 492 - 495 - 497,3670402.1,20.1,64561,58495,46.82,Cost: 64561 & Capacity: 58495
5 - 8 - 10 - 22 - 30 - 31 - 32 - 33 - 35 - 37 - 41 - 45 - 50 - 55 - 56 - 61 - 62 - 65 - 77 - 80 - 81 - 87 - 89 - 94 - 96 - 97 - 100 - 108 - 109 - 119 - 122 - 130 - 143 - 144 - 145 - 147 - 148 - 150 - 154 - 160 - 175 - 176 - 177 - 179 - 185 - 189 - 193 - 194 - 199 - 204 - 211 - 212 - 213 - 220 - 224 - 234 - 240 - 242 - 249 - 250 - 251 - 255 - 262 - 264 - 265 - 267 - 275 - 279 - 280 - 283 - 289 - 295 - 297 - 299 - 305 - 313 - 328 - 343 - 344 - 347 - 349 - 352 - 360 - 362 - 365 - 367 - 373 - 376 - 381 - 382 - 387 - 393 - 394 - 396 - 399 - 406 - 408 - 410 - 413 - 418 - 421 - 428 - 431 - 435 - 436 - 437 - 439 - 446 - 447 - 452 - 456 - 461 - 468 - 471 - 475 - 479 - 483 - 487 - 492 - 495 - 497,3711973.9,19.9,64527,58663,46.85,Cost: 64527 & Capacity: 58663
0 - 3 - 5 - 7 - 8 - 9 - 15 - 19 - 21 - 22 - 25 - 30 - 31 - 37 - 39 - 43 - 44 - 45 - 48 - 49 - 50 - 53 - 55 - 56 - 57 - 59 - 61 - 62 - 63 - 65 - 66 - 70 - 73 - 78 - 81 - 88 - 89 - 90 - 91 - 94 - 96 - 98 - 101 - 106 - 108 - 109 - 113 - 114 - 119 - 121 - 122 - 123 - 125 - 126 - 128 - 132 - 135 - 136 - 138 - 143 - 146 - 147 - 149 - 150 - 153 - 156 - 157 - 160 - 169 - 170 - 174 - 175 - 177 - 179 - 181 - 182 - 185 - 186 - 187 - 188 - 193 - 198 - 203 - 205 - 207 - 208 - 212 - 213 - 214 - 222 - 225 - 233 - 234 - 235 - 237 - 245 - 249 - 250 - 251 - 252 - 253 - 257 - 260 - 261 - 263 - 265 - 270 - 275 - 276 - 277 - 279 - 281 - 284 - 285 - 289 - 291 - 293 - 295 - 296 - 297 - 298 - 299 - 302 - 303 - 312 - 313 - 317 - 318 - 320 - 321 - 323 - 328 - 329 - 333 - 342 - 344 - 346 - 347 - 348 - 350 - 352 - 359 - 362 - 364 - 365 - 369 - 374 - 375 - 376 - 380 - 382 - 387 - 388 - 389 - 391 - 392 - 395 - 396 - 397 - 401 - 403 - 408 - 409 - 410 - 411 - 413 - 414 - 415 - 420 - 422 - 425 - 426 - 427 - 429 - 430 - 435 - 436 - 437 - 438 - 441 - 442 - 447 - 448 - 449 - 450 - 453 - 454 - 458 - 460 - 464 - 470 - 471 - 475 - 477 - 486 - 487 - 490 - 491 - 494 - 495,10013324.8,4.7,64639,64121,47.02,Cost: 64639 & Capacity: 64121
3 - 5 - 6 - 7 - 8 - 9 - 10 - 15 - 19 - 21 - 22 - 26 - 31 - 37 - 39 - 43 - 44 - 45 - 46 - 47 - 48 - 49 - 50 - 53 - 54 - 55 - 56 - 57 - 59 - 61 - 62 - 63 - 66 - 70 - 73 - 75 - 77 - 78 - 81 - 87 - 88 - 90 - 91 - 94 - 96 - 101 - 103 - 106 - 108 - 109 - 110 - 113 - 114 - 119 - 121 - 125 - 126 - 132 - 135 - 138 - 143 - 144 - 146 - 147 - 148 - 150 - 152 - 153 - 156 - 157 - 160 - 161 - 163 - 165 - 170 - 174 - 175 - 177 - 180 - 181 - 182 - 184 - 186 - 187 - 188 - 194 - 195 - 198 - 203 - 205 - 207 - 208 - 212 - 213 - 214 - 216 - 219 - 222 - 225 - 226 - 232 - 233 - 234 - 235 - 237 - 239 - 246 - 248 - 249 - 250 - 251 - 252 - 253 - 260 - 261 - 263 - 265 - 270 - 271 - 275 - 277 - 279 - 280 - 281 - 284 - 285 - 290 - 293 - 295 - 298 - 299 - 302 - 303 - 305 - 310 - 312 - 313 - 317 - 318 - 320 - 321 - 322 - 323 - 324 - 326 - 328 - 329 - 330 - 334 - 337 - 338 - 342 - 343 - 344 - 347 - 348 - 349 - 350 - 351 - 352 - 356 - 359 - 362 - 364 - 365 - 369 - 374 - 375 - 376 - 379 - 380 - 382 - 385 - 387 - 388 - 389 - 390 - 391 - 395 - 396 - 397 - 400 - 401 - 403 - 408 - 409 - 410 - 411 - 412 - 414 - 415 - 417 - 420 - 422 - 425 - 426 - 427 - 429 - 431 - 435 - 436 - 438 - 439 - 441 - 442 - 444 - 446 - 447 - 448 - 449 - 450 - 453 - 454 - 460 - 464 - 466 - 468 - 469 - 470 - 471 - 473 - 474 - 479 - 482 - 487 - 491 - 492 - 494 - 495 - 496 - 497 - 499,13373677.9,0.0,64638,69124,48.17,Cost: 64638 & Capacity: 69124
2 - 9 - 20 - 32 - 41 - 46 - 49 - 59 - 61 - 62 - 65 - 66 - 81 - 99 - 105 - 106 - 107 - 109 - 112 - 119 - 120 - 124 - 129 - 141 - 162 - 164 - 167 - 168 - 178 - 179 - 180 - 191 - 197 - 209 - 216 - 218 - 220 - 224 - 226 - 227 - 233 - 242 - 254 - 255 - 264 - 269 - 283 - 284 - 289 - 298 - 312 - 314 - 318 - 323 - 327 - 328 - 332 - 336 - 357 - 363 - 370 - 372 - 381 - 384 - 390 - 393 - 400 - 404 - 405 - 418 - 423 - 427 - 433 - 444 - 451 - 454 - 461 - 475 - 476 - 479 - 483,1724459.5,34.3,64360,52055,48.98,Cost: 64360 & Capacity: 52055
3 - 5 - 6 - 7 - 8 - 9 - 10 - 15 - 16 - 19 - 21 - 22 - 26 - 31 - 37 - 39 - 43 - 44 - 45 - 46 - 47 - 48 - 49 - 50 - 53 - 54 - 55 - 56 - 57 - 59 - 61 - 62 - 63 - 66 - 70 - 73 - 77 - 78 - 81 - 87 - 88 - 90 - 91 - 94 - 96 - 101 - 103 - 106 - 108 - 109 - 110 - 113 - 114 - 119 - 121 - 125 - 126 - 132 - 135 - 138 - 143 - 144 - 146 - 147 - 148 - 149 - 150 - 152 - 153 - 157 - 160 - 161 - 163 - 165 - 170 - 174 - 175 - 177 - 180 - 181 - 182 - 184 - 186 - 187 - 188 - 194 - 195 - 198 - 203 - 204 - 205 - 207 - 208 - 212 - 213 - 214 - 216 - 219 - 222 - 225 - 226 - 232 - 233 - 234 - 235 - 237 - 239 - 243 - 246 - 248 - 249 - 250 - 251 - 252 - 253 - 260 - 261 - 263 - 265 - 270 - 271 - 274 - 275 - 277 - 279 - 280 - 281 - 284 - 285 - 290 - 293 - 295 - 298 - 299 - 302 - 303 - 305 - 310 - 312 - 313 - 317 - 318 - 320 - 321 - 322 - 323 - 324 - 326 - 328 - 329 - 330 - 334 - 337 - 338 - 342 - 343 - 344 - 347 - 348 - 349 - 350 - 351 - 352 - 356 - 359 - 362 - 364 - 365 - 369 - 374 - 375 - 376 - 379 - 380 - 382 - 385 - 387 - 388 - 389 - 390 - 391 - 395 - 396 - 397 - 400 - 401 - 403 - 408 - 409 - 410 - 411 - 412 - 415 - 417 - 420 - 422 - 425 - 426 - 427 - 429 - 431 - 435 - 436 - 438 - 439 - 441 - 442 - 444 - 446 - 447 - 448 - 449 - 450 - 453 - 454 - 460 - 464 - 468 - 469 - 470 - 471 - 473 - 474 - 482 - 487 - 491 - 492 - 494 - 495 - 496 - 497 - 499,13405630.8,0.0,64611,68986,49.84,Cost: 64611 & Capacity: 68986
3 - 5 - 6 - 7 - 8 - 9 - 10 - 15 - 19 - 21 - 22 - 26 - 31 - 37 - 39 - 43 - 44 - 45 - 46 - 47 - 48 - 49 - 50 - 53 - 54 - 55 - 56 - 57 - 59 - 61 - 62 - 63 - 66 - 70 - 73 - 75 - 77 - 78 - 81 - 87 - 88 - 90 - 91 - 94 - 96 - 101 - 103 - 106 - 108 - 109 - 110 - 113 - 114 - 119 - 121 - 125 - 126 - 132 - 135 - 138 - 143 - 144 - 146 - 147 - 148 - 150 - 152 - 153 - 156 - 157 - 160 - 161 - 163 - 165 - 170 - 174 - 175 - 177 - 180 - 181 - 182 - 184 - 186 - 187 - 188 - 194 - 195 - 198 - 203 - 205 - 207 - 208 - 212 - 213 - 214 - 216 - 219 - 222 - 225 - 226 - 232 - 233 - 234 - 235 - 237 - 239 - 246 - 248 - 249 - 250 - 251 - 252 - 253 - 260 - 261 - 263 - 265 - 270 - 271 - 275 - 277 - 279 - 280 - 281 - 284 - 285 - 290 - 293 - 295 - 298 - 299 - 302 - 303 - 305 - 310 - 312 - 313 - 317 - 318 - 320 - 321 - 322 - 323 - 324 - 326 - 328 - 329 - 330 - 334 - 337 - 338 - 342 - 343 - 344 - 347 - 348 - 349 - 350 - 351 - 352 - 356 - 359 - 362 - 364 - 365 - 369 - 374 - 375 - 376 - 379 - 380 - 382 - 385 - 387 - 388 - 389 - 390 - 391 - 395 - 396 - 397 - 400 - 401 - 403 - 408 - 409 - 410 - 411 - 412 - 414 - 415 - 417 - 420 - 422 - 425 - 426 - 427 - 429 - 431 - 435 - 436 - 438 - 439 - 441 - 442 - 444 - 446 - 447 - 448 - 449 - 450 - 453 - 454 - 460 - 464 - 466 - 468 - 469 - 470 - 471 - 473 - 474 - 479 - 482 - 487 - 491 - 492 - 494 - 495 - 496 - 497 - 499,13373677.9,0.0,64638,69124,50.8,Cost: 64638 & Capacity: 69124
3 - 5 - 6 - 7 - 8 - 9 - 10 - 15 - 19 - 21 - 22 - 26 - 31 - 37 - 39 - 43 - 44 - 45 - 46 - 47 - 48 - 49 - 50 - 53 - 54 - 55 - 56 - 57 - 59 - 61 - 62 - 63 - 66 - 70 - 73 - 75 - 77 - 78 - 81 - 87 - 88 - 90 - 91 - 94 - 96 - 101 - 103 - 106 - 108 - 109 - 110 - 113 - 114 - 119 - 121 - 125 - 126 - 132 - 135 - 138 - 143 - 144 - 146 - 147 - 148 - 150 - 152 - 153 - 156 - 157 - 160 - 161 - 163 - 165 - 170 - 174 - 175 - 177 - 180 - 181 - 182 - 184 - 186 - 187 - 188 - 194 - 195 - 198 - 203 - 205 - 207 - 208 - 212 - 213 - 214 - 216 - 219 - 222 - 225 - 226 - 232 - 233 - 234 - 235 - 237 - 239 - 246 - 248 - 249 - 250 - 251 - 252 - 253 - 260 - 261 - 263 - 265 - 270 - 271 - 275 - 277 - 279 - 280 - 281 - 284 - 285 - 290 - 293 - 295 - 298 - 299 - 302 - 303 - 305 - 310 - 312 - 313 - 317 - 318 - 320 - 321 - 322 - 323 - 324 - 326 - 328 - 329 - 330 - 334 - 337 - 338 - 342 - 343 - 344 - 347 - 348 - 349 - 350 - 351 - 352 - 356 - 359 - 362 - 364 - 365 - 369 - 374 - 375 - 376 - 379 - 380 - 382 - 385 - 387 - 388 - 389 - 390 - 391 - 395 - 396 - 397 - 400 - 401 - 403 - 408 - 409 - 410 - 411 - 412 - 414 - 415 - 417 - 420 - 422 - 425 - 426 - 427 - 429 - 431 - 435 - 436 - 438 - 439 - 441 - 442 - 444 - 446 - 447 - 448 - 449 - 450 - 453 - 454 - 460 - 464 - 466 - 468 - 469 - 470 - 471 - 473 - 474 - 479 - 482 - 487 - 491 - 492 - 494 - 495 - 496 - 497 - 499,13373677.9,0.0,64638,69124,50.84,Cost: 64638 & Capacity: 69124
3 - 5 - 6 - 7 - 8 - 9 - 10 - 15 - 19 - 21 - 22 - 26 - 31 - 37 - 39 - 43 - 44 - 45 - 46 - 47 - 48 - 49 - 50 - 53 - 54 - 55 - 56 - 57 - 59 - 61 - 62 - 63 - 66 - 70 - 73 - 75 - 77 - 78 - 81 - 87 - 88 - 90 - 91 - 94 - 96 - 101 - 103 - 106 - 108 - 109 - 110 - 113 - 114 - 119 - 121 - 125 - 126 - 132 - 135 - 138 - 143 - 144 - 146 - 147 - 148 - 150 - 152 - 153 - 156 - 157 - 160 - 161 - 163 - 165 - 170 - 174 - 175 - 177 - 180 - 181 - 182 - 184 - 186 - 187 - 188 - 194 - 195 - 198 - 203 - 205 - 207 - 208 - 212 - 213 - 214 - 216 - 219 - 222 - 225 - 226 - 232 - 233 - 234 - 235 - 237 - 239 - 246 - 248 - 249 - 250 - 251 - 252 - 253 - 260 - 261 - 263 - 265 - 270 - 271 - 275 - 277 - 279 - 280 - 281 - 284 - 285 - 290 - 293 - 295 - 298 - 299 - 302 - 303 - 305 - 310 - 312 - 313 - 317 - 318 - 320 - 321 - 322 - 323 - 324 - 326 - 328 - 329 - 330 - 334 - 337 - 338 - 342 - 343 - 344 - 347 - 348 - 349 - 350 - 351 - 352 - 356 - 359 - 362 - 364 - 365 - 369 - 374 - 375 - 376 - 379 - 380 - 382 - 385 - 387 - 388 - 389 - 390 - 391 - 395 - 396 - 397 - 400 - 401 - 403 - 408 - 409 - 410 - 411 - 412 - 414 - 415 - 417 - 420 - 422 - 425 - 426 - 427 - 429 - 431 - 435 - 436 - 438 - 439 - 441 - 442 - 444 - 446 - 447 - 448 - 449 - 450 - 453 - 454 - 460 - 464 - 466 - 468 - 469 - 470 - 471 - 473 - 474 - 479 - 482 - 487 - 491 - 492 - 494 - 495 - 496 - 497 - 499,13373677.9,0.0,64638,69124,51.32,Cost: 64638 & Capacity: 69124
3 - 7 - 9 - 11 - 15 - 23 - 26 - 31 - 33 - 35 - 44 - 45 - 47 - 48 - 49 - 50 - 51 - 54 - 57 - 60 - 63 - 70 - 72 - 73 - 77 - 78 - 81 - 91 - 94 - 99 - 106 - 108 - 109 - 113 - 114 - 119 - 126 - 128 - 130 - 132 - 135 - 138 - 143 - 146 - 149 - 150 - 163 - 172 - 175 - 176 - 177 - 178 - 181 - 182 - 187 - 188 - 193 - 195 - 198 - 207 - 210 - 211 - 212 - 213 - 214 - 217 - 222 - 225 - 232 - 235 - 237 - 238 - 249 - 250 - 253 - 257 - 263 - 271 - 273 - 275 - 276 - 280 - 284 - 289 - 292 - 293 - 295 - 298 - 302 - 303 - 310 - 315 - 318 - 319 - 320 - 321 - 323 - 324 - 325 - 328 - 329 - 334 - 337 - 338 - 339 - 342 - 344 - 346 - 352 - 357 - 359 - 360 - 364 - 365 - 372 - 380 - 382 - 383 - 385 - 387 - 388 - 391 - 397 - 403 - 405 - 409 - 411 - 413 - 418 - 422 - 423 - 425 - 429 - 432 - 435 - 436 - 437 - 438 - 441 - 442 - 444 - 449 - 450 - 452 - 454 - 456 - 460 - 464 - 467 - 477 - 487 - 491 - 494 - 496,6036990.2,10.9,64540,61062,51.85,Cost: 64540 & Capacity: 61062
0 - 3 - 7 - 9 - 11 - 15 - 18 - 19 - 21 - 22 - 25 - 30 - 31 - 37 - 43 - 44 - 45 - 48 - 49 - 50 - 53 - 55 - 56 - 61 - 62 - 63 - 65 - 73 - 78 - 81 - 85 - 88 - 89 - 90 - 91 - 94 - 96 - 98 - 101 - 108 - 109 - 113 - 114 - 119 - 125 - 126 - 128 - 131 - 132 - 135 - 138 - 143 - 145 - 146 - 147 - 150 - 157 - 160 - 169 - 170 - 174 - 175 - 176 - 177 - 181 - 185 - 186 - 187 - 188 - 190 - 193 - 198 - 205 - 207 - 214 - 222 - 225 - 228 - 233 - 234 - 237 - 245 - 249 - 250 - 251 - 252 - 253 - 257 - 260 - 261 - 263 - 265 - 270 - 273 - 275 - 276 - 277 - 279 - 281 - 284 - 285 - 289 - 291 - 293 - 295 - 296 - 298 - 299 - 302 - 314 - 317 - 318 - 320 - 323 - 328 - 329 - 333 - 342 - 344 - 346 - 348 - 350 - 352 - 357 - 359 - 360 - 362 - 364 - 365 - 373 - 374 - 375 - 382 - 387 - 388 - 389 - 391 - 395 - 396 - 397 - 401 - 403 - 408 - 409 - 410 - 413 - 414 - 420 - 421 - 422 - 424 - 426 - 429 - 430 - 433 - 435 - 436 - 437 - 438 - 441 - 448 - 449 - 450 - 453 - 454 - 458 - 460 - 464 - 469 - 470 - 471 - 474 - 475 - 477 - 490 - 492 - 494 - 495,7966794.3,8.0,64517,61336,53.07,Cost: 64517 & Capacity: 61336
3 - 7 - 9 - 15 - 19 - 21 - 22 - 25 - 30 - 31 - 33 - 37 - 43 - 44 - 45 - 48 - 49 - 50 - 51 - 53 - 55 - 56 - 61 - 62 - 63 - 65 - 78 - 81 - 85 - 88 - 89 - 90 - 91 - 94 - 98 - 101 - 108 - 109 - 113 - 114 - 119 - 122 - 125 - 126 - 128 - 131 - 132 - 135 - 136 - 138 - 143 - 146 - 147 - 150 - 157 - 160 - 169 - 170 - 174 - 175 - 176 - 177 - 181 - 185 - 186 - 187 - 188 - 193 - 196 - 198 - 205 - 207 - 212 - 218 - 222 - 225 - 233 - 234 - 237 - 245 - 249 - 250 - 251 - 252 - 253 - 257 - 261 - 263 - 265 - 270 - 272 - 275 - 276 - 277 - 279 - 281 - 284 - 285 - 289 - 291 - 293 - 295 - 296 - 297 - 298 - 299 - 302 - 314 - 317 - 320 - 323 - 328 - 329 - 333 - 342 - 344 - 346 - 348 - 350 - 352 - 357 - 359 - 360 - 362 - 364 - 365 - 373 - 375 - 382 - 387 - 388 - 389 - 395 - 396 - 397 - 401 - 403 - 408 - 409 - 410 - 411 - 412 - 413 - 414 - 420 - 421 - 422 - 424 - 426 - 429 - 430 - 435 - 436 - 437 - 438 - 446 - 447 - 449 - 450 - 454 - 458 - 460 - 461 - 464 - 469 - 470 - 471 - 474 - 475 - 477 - 490 - 492 - 494 - 495 - 496,7691197.4,9.4,64607,60978,53.08,Cost: 64607 & Capacity: 60978
3 - 5 - 6 - 7 - 8 - 9 - 10 - 15 - 19 - 21 - 22 - 26 - 31 - 37 - 39 - 43 - 44 - 45 - 46 - 47 - 48 - 49 - 50 - 53 - 54 - 55 - 56 - 57 - 59 - 61 - 62 - 63 - 66 - 70 - 73 - 75 - 77 - 78 - 81 - 87 - 88 - 90 - 91 - 94 - 96 - 101 - 103 - 106 - 108 - 109 - 110 - 113 - 114 - 119 - 121 - 125 - 126 - 132 - 135 - 138 - 143 - 144 - 146 - 147 - 148 - 150 - 152 - 153 - 156 - 157 - 160 - 161 - 163 - 165 - 170 - 174 - 175 - 177 - 180 - 181 - 182 - 184 - 186 - 187 - 188 - 194 - 195 - 198 - 203 - 205 - 207 - 208 - 212 - 213 - 214 - 216 - 219 - 222 - 225 - 226 - 232 - 233 - 234 - 235 - 237 - 239 - 246 - 248 - 249 - 250 - 251 - 252 - 253 - 260 - 261 - 263 - 265 - 270 - 271 - 275 - 277 - 279 - 280 - 281 - 284 - 285 - 290 - 293 - 295 - 298 - 299 - 302 - 303 - 305 - 310 - 312 - 313 - 317 - 318 - 320 - 321 - 322 - 323 - 324 - 326 - 328 - 329 - 330 - 334 - 337 - 338 - 342 - 343 - 344 - 347 - 348 - 349 - 350 - 351 - 352 - 356 - 359 - 362 - 364 - 365 - 369 - 374 - 375 - 376 - 379 - 380 - 382 - 385 - 387 - 388 - 389 - 390 - 391 - 395 - 396 - 397 - 400 - 401 - 403 - 408 - 409 - 410 - 411 - 412 - 414 - 415 - 417 - 420 - 422 - 425 - 426 - 427 - 429 - 431 - 435 - 436 - 438 - 439 - 441 - 442 - 444 - 446 - 447 - 448 - 449 - 450 - 453 - 454 - 460 - 464 - 466 - 468 - 469 - 470 - 471 - 473 - 474 - 479 - 482 - 487 - 491 - 492 - 494 - 495 - 496 - 497 - 499,13373677.9,0.0,64638,69124,53.62,Cost: 64638 & Capacity: 69124
3 - 5 - 6 - 7 - 8 - 9 - 10 - 15 - 19 - 21 - 22 - 26 - 31 - 37 - 39 - 43 - 44 - 45 - 46 - 47 - 48 - 49 - 50 - 53 - 54 - 55 - 56 - 57 - 59 - 61 - 62 - 63 - 66 - 70 - 73 - 75 - 77 - 78 - 81 - 87 - 88 - 90 - 91 - 94 - 96 - 101 - 103 - 106 - 108 - 109 - 110 - 113 - 114 - 119 - 121 - 125 - 126 - 132 - 135 - 138 - 143 - 144 - 146 - 147 - 148 - 150 - 152 - 153 - 156 - 157 - 160 - 161 - 163 - 165 - 170 - 174 - 175 - 177 - 180 - 181 - 182 - 184 - 186 - 187 - 188 - 194 - 195 - 198 - 203 - 205 - 207 - 208 - 212 - 213 - 214 - 216 - 219 - 222 - 225 - 226 - 232 - 233 - 234 - 235 - 237 - 239 - 246 - 248 - 249 - 250 - 251 - 252 - 253 - 260 - 261 - 263 - 265 - 270 - 271 - 275 - 277 - 279 - 280 - 281 - 284 - 285 - 290 - 293 - 295 - 298 - 299 - 302 - 303 - 305 - 310 - 312 - 313 - 317 - 318 - 320 - 321 - 322 - 323 - 324 - 326 - 328 - 329 - 330 - 334 - 337 - 338 - 342 - 343 - 344 - 347 - 348 - 349 - 350 - 351 - 352 - 356 - 359 - 362 - 364 - 365 - 369 - 374 - 375 - 376 - 379 - 380 - 382 - 385 - 387 - 388 - 389 - 390 - 391 - 395 - 396 - 397 - 400 - 401 - 403 - 408 - 409 - 410 - 411 - 412 - 414 - 415 - 417 - 420 - 422 - 425 - 426 - 427 - 429 - 431 - 435 - 436 - 438 - 439 - 441 - 442 - 444 - 446 - 447 - 448 - 449 - 450 - 453 - 454 - 460 - 464 - 466 - 468 - 469 - 470 - 471 - 473 - 474 - 479 - 482 - 487 - 491 - 492 - 494 - 495 - 496 - 497 - 499,13373677.9,0.0,64638,69124,53.67,Cost: 64638 & Capacity: 69124
3 - 5 - 6 - 7 - 8 - 15 - 19 - 21 - 22 - 31 - 39 - 43 - 44 - 45 - 48 - 49 - 50 - 51 - 53 - 54 - 55 - 56 - 57 - 59 - 61 - 62 - 63 - 66 - 75 - 77 - 78 - 81 - 87 - 88 - 90 - 91 - 96 - 101 - 108 - 109 - 113 - 114 - 119 - 125 - 126 - 132 - 135 - 138 - 143 - 146 - 147 - 148 - 149 - 150 - 152 - 153 - 157 - 159 - 160 - 170 - 174 - 175 - 177 - 180 - 181 - 182 - 186 - 187 - 188 - 194 - 198 - 203 - 204 - 205 - 207 - 208 - 211 - 212 - 213 - 214 - 216 - 219 - 222 - 225 - 232 - 234 - 235 - 237 - 243 - 246 - 248 - 249 - 250 - 251 - 252 - 253 - 257 - 260 - 261 - 263 - 265 - 270 - 271 - 274 - 275 - 276 - 277 - 279 - 280 - 281 - 284 - 285 - 289 - 290 - 293 - 295 - 296 - 297 - 298 - 299 - 302 - 303 - 305 - 310 - 312 - 313 - 315 - 317 - 318 - 320 - 321 - 322 - 323 - 324 - 326 - 328 - 329 - 330 - 334 - 337 - 338 - 342 - 343 - 344 - 347 - 348 - 350 - 351 - 352 - 359 - 362 - 364 - 365 - 369 - 375 - 376 - 379 - 382 - 385 - 387 - 388 - 389 - 390 - 391 - 394 - 395 - 396 - 397 - 399 - 401 - 403 - 405 - 408 - 409 - 410 - 413 - 414 - 415 - 420 - 422 - 425 - 426 - 427 - 429 - 433 - 435 - 436 - 438 - 439 - 441 - 442 - 444 - 446 - 447 - 448 - 449 - 450 - 453 - 454 - 456 - 457 - 458 - 460 - 464 - 468 - 469 - 470 - 471 - 473 - 474 - 475 - 482 - 486 - 487 - 491 - 494 - 495 - 496 - 497 - 499,12223672.8,0.6,64609,68456,55.29,Cost: 64609 & Capacity: 68456
3 - 5 - 6 - 7 - 8 - 9 - 10 - 15 - 19 - 21 - 22 - 26 - 31 - 37 - 39 - 43 - 44 - 45 - 46 - 47 - 48 - 49 - 50 - 53 - 54 - 55 - 56 - 57 - 59 - 61 - 62 - 63 - 66 - 70 - 73 - 75 - 77 - 78 - 81 - 87 - 88 - 90 - 91 - 94 - 96 - 101 - 103 - 106 - 108 - 109 - 110 - 113 - 114 - 119 - 121 - 125 - 126 - 132 - 135 - 138 - 143 - 144 - 146 - 147 - 148 - 150 - 152 - 153 - 156 - 157 - 160 - 161 - 163 - 165 - 170 - 174 - 175 - 177 - 180 - 181 - 182 - 184 - 186 - 187 - 188 - 194 - 195 - 198 - 203 - 205 - 207 - 208 - 212 - 213 - 214 - 216 - 219 - 222 - 225 - 226 - 232 - 233 - 234 - 235 - 237 - 239 - 246 - 248 - 249 - 250 - 251 - 252 - 253 - 260 - 261 - 263 - 265 - 270 - 271 - 275 - 277 - 279 - 280 - 281 - 284 - 285 - 290 - 293 - 295 - 298 - 299 - 302 - 303 - 305 - 310 - 312 - 313 - 317 - 318 - 320 - 321 - 322 - 323 - 324 - 326 - 328 - 329 - 330 - 334 - 337 - 338 - 342 - 343 - 344 - 347 - 348 - 349 - 350 - 351 - 352 - 356 - 359 - 362 - 364 - 365 - 369 - 374 - 375 - 376 - 379 - 380 - 382 - 385 - 387 - 388 - 389 - 390 - 391 - 395 - 396 - 397 - 400 - 401 - 403 - 408 - 409 - 410 - 411 - 412 - 414 - 415 - 417 - 420 - 422 - 425 - 426 - 427 - 429 - 431 - 435 - 436 - 438 - 439 - 441 - 442 - 444 - 446 - 447 - 448 - 449 - 450 - 453 - 454 - 460 - 464 - 466 - 468 - 469 - 470 - 471 - 473 - 474 - 479 - 482 - 487 - 491 - 492 - 494 - 495 - 496 - 497 - 499,13373677.9,0.0,64638,69124,56.28,Cost: 64638 & Capacity: 69124
3 - 5 - 6 - 7 - 8 - 9 - 10 - 15 - 19 - 21 - 22 - 26 - 31 - 37 - 39 - 43 - 44 - 45 - 46 - 47 - 48 - 49 - 50 - 53 - 54 - 55 - 56 - 57 - 59 - 61 - 62 - 63 - 66 - 70 - 73 - 75 - 77 - 78 - 81 - 87 - 88 - 90 - 91 - 94 - 96 - 101 - 103 - 106 - 108 - 109 - 110 - 113 - 114 - 119 - 121 - 125 - 126 - 132 - 135 - 138 - 143 - 144 - 146 - 147 - 148 - 150 - 152 - 153 - 156 - 157 - 160 - 161 - 163 - 165 - 170 - 174 - 175 - 177 - 180 - 181 - 182 - 184 - 186 - 187 - 188 - 194 - 195 - 198 - 203 - 205 - 207 - 208 - 212 - 213 - 214 - 216 - 219 - 222 - 225 - 226 - 232 - 233 - 234 - 235 - 237 - 239 - 246 - 248 - 249 - 250 - 251 - 252 - 253 - 260 - 261 - 263 - 265 - 270 - 271 - 275 - 277 - 279 - 280 - 281 - 284 - 285 - 290 - 293 - 295 - 298 - 299 - 302 - 303 - 305 - 310 - 312 - 313 - 317 - 318 - 320 - 321 - 322 - 323 - 324 - 326 - 328 - 329 - 330 - 334 - 337 - 338 - 342 - 343 - 344 - 347 - 348 - 349 - 350 - 351 - 352 - 356 - 359 - 362 - 364 - 365 - 369 - 374 - 375 - 376 - 379 - 380 - 382 - 385 - 387 - 388 - 389 - 390 - 391 - 395 - 396 - 397 - 400 - 401 - 403 - 408 - 409 - 410 - 411 - 412 - 414 - 415 - 417 - 420 - 422 - 425 - 426 - 427 - 429 - 431 - 435 - 436 - 438 - 439 - 441 - 442 - 444 - 446 - 447 - 448 - 449 - 450 - 453 - 454 - 460 - 464 - 466 - 468 - 469 - 470 - 471 - 473 - 474 - 479 - 482 - 487 - 491 - 492 - 494 - 495 - 496 - 497 - 499,13373677.9,0.0,64638,69124,56.32,Cost: 64638 & Capacity: 69124
3 - 5 - 6 - 7 - 8 - 9 - 10 - 15 - 19 - 21 - 22 - 26 - 31 - 37 - 39 - 43 - 44 - 45 - 46 - 47 - 48 - 49 - 50 - 53 - 54 - 55 - 56 - 57 - 59 - 61 - 62 - 63 - 66 - 70 - 73 - 75 - 77 - 78 - 81 - 87 - 88 - 90 - 91 - 94 - 96 - 101 - 103 - 106 - 108 - 109 - 110 - 113 - 114 - 119 - 121 - 125 - 126 - 132 - 135 - 138 - 143 - 144 - 146 - 147 - 148 - 150 - 152 - 153 - 156 - 157 - 160 - 161 - 163 - 165 - 170 - 174 - 175 - 177 - 180 - 181 - 182 - 184 - 186 - 187 - 188 - 194 - 195 - 198 - 203 - 205 - 207 - 208 - 212 - 213 - 214 - 216 - 219 - 222 - 225 - 226 - 232 - 233 - 234 - 235 - 237 - 239 - 246 - 248 - 249 - 250 - 251 - 252 - 253 - 260 - 261 - 263 - 265 - 270 - 271 - 275 - 277 - 279 - 280 - 281 - 284 - 285 - 290 - 293 - 295 - 298 - 299 - 302 - 303 - 305 - 310 - 312 - 313 - 317 - 318 - 320 - 321 - 322 - 323 - 324 - 326 - 328 - 329 - 330 - 334 - 337 - 338 - 342 - 343 - 344 - 347 - 348 - 349 - 350 - 351 - 352 - 356 - 359 - 362 - 364 - 365 - 369 - 374 - 375 - 376 - 379 - 380 - 382 - 385 - 387 - 388 - 389 - 390 - 391 - 395 - 396 - 397 - 400 - 401 - 403 - 408 - 409 - 410 - 411 - 412 - 414 - 415 - 417 - 420 - 422 - 425 - 426 - 427 - 429 - 431 - 435 - 436 - 438 - 439 - 441 - 442 - 444 - 446 - 447 - 448 - 449 - 450 - 453 - 454 - 460 - 464 - 466 - 468 - 469 - 470 - 471 - 473 - 474 - 479 - 482 - 487 - 491 - 492 - 494 - 495 - 496 - 497 - 499,13373677.9,0.0,64638,69124,57.91,Cost: 64638 & Capacity: 69124
7 - 8 - 21 - 23 - 24 - 30 - 31 - 33 - 35 - 40 - 42 - 44 - 48 - 50 - 52 - 56 - 57 - 61 - 65 - 72 - 77 - 79 - 81 - 84 - 89 - 94 - 106 - 108 - 109 - 112 - 113 - 114 - 119 - 121 - 126 - 128 - 138 - 143 - 144 - 145 - 149 - 150 - 153 - 156 - 163 - 164 - 169 - 170 - 172 - 174 - 175 - 177 - 179 - 181 - 188 - 193 - 195 - 198 - 202 - 203 - 207 - 208 - 211 - 213 - 214 - 216 - 235 - 237 - 239 - 240 - 243 - 249 - 250 - 252 - 255 - 263 - 271 - 273 - 277 - 279 - 284 - 285 - 289 - 293 - 295 - 298 - 302 - 318 - 320 - 322 - 329 - 335 - 339 - 341 - 344 - 347 - 352 - 356 - 359 - 364 - 375 - 379 - 382 - 385 - 386 - 387 - 397 - 399 - 403 - 405 - 407 - 409 - 411 - 413 - 414 - 424 - 425 - 426 - 429 - 430 - 431 - 432 - 436 - 439 - 442 - 448 - 450 - 452 - 457 - 461 - 462 - 466 - 467 - 468 - 469 - 474 - 475 - 477 - 484 - 487 - 491 - 499,5099942.0,13.5,64464,58708,58.44,Cost: 64464 & Capacity: 58708
3 - 5 - 6 - 7 - 8 - 9 - 10 - 15 - 19 - 21 - 22 - 26 - 31 - 37 - 39 - 43 - 44 - 45 - 46 - 47 - 48 - 49 - 50 - 53 - 54 - 55 - 56 - 57 - 59 - 61 - 62 - 63 - 66 - 70 - 73 - 75 - 77 - 78 - 81 - 87 - 88 - 90 - 91 - 94 - 96 - 101 - 103 - 106 - 108 - 109 - 110 - 113 - 114 - 119 - 121 - 125 - 126 - 132 - 135 - 138 - 143 - 144 - 146 - 147 - 148 - 150 - 152 - 153 - 156 - 157 - 160 - 161 - 163 - 165 - 170 - 174 - 175 - 177 - 180 - 181 - 182 - 184 - 186 - 187 - 188 - 194 - 195 - 198 - 203 - 205 - 207 - 208 - 212 - 213 - 214 - 216 - 219 - 222 - 225 - 226 - 232 - 233 - 234 - 235 - 237 - 239 - 246 - 248 - 249 - 250 - 251 - 252 - 253 - 260 - 261 - 263 - 265 - 270 - 271 - 275 - 277 - 279 - 280 - 281 - 284 - 285 - 290 - 293 - 295 - 298 - 299 - 302 - 303 - 305 - 310 - 312 - 313 - 317 - 318 - 320 - 321 - 322 - 323 - 324 - 326 - 328 - 329 - 330 - 334 - 337 - 338 - 342 - 343 - 344 - 347 - 348 - 349 - 350 - 351 - 352 - 356 - 359 - 362 - 364 - 365 - 369 - 374 - 375 - 376 - 379 - 380 - 382 - 385 - 387 - 388 - 389 - 390 - 391 - 395 - 396 - 397 - 400 - 401 - 403 - 408 - 409 - 410 - 411 - 412 - 414 - 415 - 417 - 420 - 422 - 425 - 426 - 427 - 429 - 431 - 435 - 436 - 438 - 439 - 441 - 442 - 444 - 446 - 447 - 448 - 449 - 450 - 453 - 454 - 460 - 464 - 466 - 468 - 469 - 470 - 471 - 473 - 474 - 479 - 482 - 487 - 491 - 492 - 494 - 495 - 496 - 497 - 499,13373677.9,0.0,64638,69124,59.3,Cost: 64638 & Capacity: 69124
3 - 5 - 6 - 7 - 8 - 9 - 10 - 15 - 19 - 21 - 22 - 26 - 31 - 37 - 39 - 43 - 44 - 45 - 46 - 47 - 48 - 49 - 50 - 53 - 54 - 55 - 56 - 57 - 59 - 61 - 62 - 63 - 66 - 70 - 73 - 75 - 77 - 78 - 81 - 87 - 88 - 90 - 91 - 94 - 96 - 101 - 103 - 106 - 108 - 109 - 110 - 113 - 114 - 119 - 121 - 125 - 126 - 132 - 135 - 138 - 143 - 144 - 146 - 147 - 148 - 150 - 152 - 153 - 156 - 157 - 160 - 161 - 163 - 165 - 170 - 174 - 175 - 177 - 180 - 181 - 182 - 184 - 186 - 187 - 188 - 194 - 195 - 198 - 203 - 205 - 207 - 208 - 212 - 213 - 214 - 216 - 219 - 222 - 225 - 226 - 232 - 233 - 234 - 235 - 237 - 239 - 246 - 248 - 249 - 250 - 251 - 252 - 253 - 260 - 261 - 263 - 265 - 270 - 271 - 275 - 277 - 279 - 280 - 281 - 284 - 285 - 290 - 293 - 295 - 298 - 299 - 302 - 303 - 305 - 310 - 312 - 313 - 317 - 318 - 320 - 321 - 322 - 323 - 324 - 326 - 328 - 329 - 330 - 334 - 337 - 338 - 342 - 343 - 344 - 347 - 348 - 349 - 350 - 351 - 352 - 356 - 359 - 362 - 364 - 365 - 369 - 374 - 375 - 376 - 379 - 380 - 382 - 385 - 387 - 388 - 389 - 390 - 391 - 395 - 396 - 397 - 400 - 401 - 403 - 408 - 409 - 410 - 411 - 412 - 414 - 415 - 417 - 420 - 422 - 425 - 426 - 427 - 429 - 431 - 435 - 436 - 438 - 439 - 441 - 442 - 444 - 446 - 447 - 448 - 449 - 450 - 453 - 454 - 460 - 464 - 466 - 468 - 469 - 470 - 471 - 473 - 474 - 479 - 482 - 487 - 491 - 492 - 494 - 495 - 496 - 497 - 499,13373677.9,0.0,64638,69124,59.78,Cost: 64638 & Capacity: 69124
2 - 11 - 15 - 16 - 18 - 19 - 21 - 22 - 25 - 27 - 37 - 38 - 39 - 40 - 48 - 52 - 66 - 73 - 79 - 80 - 81 - 82 - 83 - 88 - 91 - 93 - 101 - 110 - 116 - 124 - 127 - 128 - 129 - 131 - 136 - 137 - 139 - 146 - 149 - 158 - 168 - 170 - 173 - 176 - 178 - 184 - 186 - 187 - 188 - 194 - 203 - 209 - 213 - 228 - 239 - 244 - 255 - 266 - 270 - 273 - 276 - 277 - 279 - 283 - 289 - 300 - 308 - 309 - 310 - 314 - 317 - 318 - 319 - 327 - 346 - 361 - 363 - 371 - 373 - 382 - 385 - 387 - 389 - 414 - 422 - 423 - 425 - 435 - 445 - 446 - 449 - 451 - 454 - 458 - 467 - 478 - 483 - 484 - 491,2491703.5,30.1,64322,51882,59.82,Cost: 64322 & Capacity: 51882
3 - 5 - 6 - 7 - 8 - 9 - 10 - 15 - 19 - 21 - 22 - 26 - 31 - 37 - 39 - 43 - 44 - 45 - 46 - 47 - 48 - 49 - 50 - 53 - 54 - 55 - 56 - 57 - 59 - 61 - 62 - 63 - 66 - 70 - 73 - 75 - 77 - 78 - 81 - 87 - 88 - 90 - 91 - 94 - 96 - 101 - 103 - 106 - 108 - 109 - 110 - 113 - 114 - 119 - 121 - 125 - 126 - 132 - 135 - 138 - 143 - 144 - 146 - 147 - 148 - 150 - 152 - 153 - 156 - 157 - 160 - 161 - 163 - 165 - 170 - 174 - 175 - 177 - 180 - 181 - 182 - 184 - 186 - 187 - 188 - 194 - 195 - 198 - 203 - 205 - 207 - 208 - 212 - 213 - 214 - 216 - 219 - 222 - 225 - 226 - 232 - 233 - 234 - 235 - 237 - 239 - 246 - 248 - 249 - 250 - 251 - 252 - 253 - 260 - 261 - 263 - 265 - 270 - 271 - 275 - 277 - 279 - 280 - 281 - 284 - 285 - 290 - 293 - 295 - 298 - 299 - 302 - 303 - 305 - 310 - 312 - 313 - 317 - 318 - 320 - 321 - 322 - 323 - 324 - 326 - 328 - 329 - 330 - 334 - 337 - 338 - 342 - 343 - 344 - 347 - 348 - 349 - 350 - 351 - 352 - 356 - 359 - 362 - 364 - 365 - 369 - 374 - 375 - 376 - 379 - 380 - 382 - 385 - 387 - 388 - 389 - 390 - 391 - 395 - 396 - 397 - 400 - 401 - 403 - 408 - 409 - 410 - 411 - 412 - 414 - 415 - 417 - 420 - 422 - 425 - 426 - 427 - 429 - 431 - 435 - 436 - 438 - 439 - 441 - 442 - 444 - 446 - 447 - 448 - 449 - 450 - 453 - 454 - 460 - 464 - 466 - 468 - 469 - 470 - 471 - 473 - 474 - 479 - 482 - 487 - 491 - 492 - 494 - 495 - 496 - 497 - 499,13373677.9,0.0,64638,69124,60.54,Cost: 64638 & Capacity: 69124
3 - 5 - 6 - 7 - 8 - 9 - 10 - 15 - 19 - 21 - 22 - 26 - 31 - 37 - 39 - 43 - 44 - 45 - 46 - 47 - 48 - 49 - 50 - 53 - 54 - 55 - 56 - 57 - 59 - 61 - 62 - 63 - 66 - 70 - 73 - 75 - 77 - 78 - 81 - 87 - 88 - 90 - 91 - 94 - 96 - 101 - 103 - 106 - 108 - 109 - 110 - 113 - 114 - 119 - 121 - 125 - 126 - 132 - 135 - 138 - 143 - 144 - 146 - 147 - 148 - 150 - 152 - 153 - 156 - 157 - 160 - 161 - 163 - 165 - 170 - 174 - 175 - 177 - 180 - 181 - 182 - 184 - 186 - 187 - 188 - 194 - 195 - 198 - 203 - 205 - 207 - 208 - 212 - 213 - 214 - 216 - 219 - 222 - 225 - 226 - 232 - 233 - 234 - 235 - 237 - 239 - 246 - 248 - 249 - 250 - 251 - 252 - 253 - 260 - 261 - 263 - 265 - 270 - 271 - 275 - 277 - 279 - 280 - 281 - 284 - 285 - 290 - 293 - 295 - 298 - 299 - 302 - 303 - 305 - 310 - 312 - 313 - 317 - 318 - 320 - 321 - 322 - 323 - 324 - 326 - 328 - 329 - 330 - 334 - 337 - 338 - 342 - 343 - 344 - 347 - 348 - 349 - 350 - 351 - 352 - 356 - 359 - 362 - 364 - 365 - 369 - 374 - 375 - 376 - 379 - 380 - 382 - 385 - 387 - 388 - 389 - 390 - 391 - 395 - 396 - 397 - 400 - 401 - 403 - 408 - 409 - 410 - 411 - 412 - 414 - 415 - 417 - 420 - 422 - 425 - 426 - 427 - 429 - 431 - 435 - 436 - 438 - 439 - 441 - 442 - 444 - 446 - 447 - 448 - 449 - 450 - 453 - 454 - 460 - 464 - 466 - 468 - 469 - 470 - 471 - 473 - 474 - 479 - 482 - 487 - 491 - 492 - 494 - 495 - 496 - 497 - 499,13373677.9,0.0,64638,69124,64.24,Cost: 64638 & Capacity: 69124
3 - 5 - 6 - 7 - 8 - 9 - 10 - 15 - 19 - 21 - 22 - 26 - 31 - 37 - 39 - 43 - 44 - 45 - 46 - 47 - 48 - 49 - 50 - 53 - 54 - 55 - 56 - 57 - 59 - 61 - 62 - 63 - 66 - 70 - 73 - 75 - 77 - 78 - 81 - 87 - 88 - 90 - 91 - 94 - 96 - 101 - 103 - 106 - 108 - 109 - 110 - 113 - 114 - 119 - 121 - 125 - 126 - 132 - 135 - 138 - 143 - 144 - 146 - 147 - 148 - 150 - 152 - 153 - 156 - 157 - 160 - 161 - 163 - 165 - 170 - 174 - 175 - 177 - 180 - 181 - 182 - 184 - 186 - 187 - 188 - 194 - 195 - 198 - 203 - 205 - 207 - 208 - 212 - 213 - 214 - 216 - 219 - 222 - 225 - 226 - 232 - 233 - 234 - 235 - 237 - 239 - 246 - 248 - 249 - 250 - 251 - 252 - 253 - 260 - 261 - 263 - 265 - 270 - 271 - 275 - 277 - 279 - 280 - 281 - 284 - 285 - 290 - 293 - 295 - 298 - 299 - 302 - 303 - 305 - 310 - 312 - 313 - 317 - 318 - 320 - 321 - 322 - 323 - 324 - 326 - 328 - 329 - 330 - 334 - 337 - 338 - 342 - 343 - 344 - 347 - 348 - 349 - 350 - 351 - 352 - 356 - 359 - 362 - 364 - 365 - 369 - 374 - 375 - 376 - 379 - 380 - 382 - 385 - 387 - 388 - 389 - 390 - 391 - 395 - 396 - 397 - 400 - 401 - 403 - 408 - 409 - 410 - 411 - 412 - 414 - 415 - 417 - 420 - 422 - 425 - 426 - 427 - 429 - 431 - 435 - 436 - 438 - 439 - 441 - 442 - 444 - 446 - 447 - 448 - 449 - 450 - 453 - 454 - 460 - 464 - 466 - 468 - 469 - 470 - 471 - 473 - 474 - 479 - 482 - 487 - 491 - 492 - 494 - 495 - 496 - 497 - 499,13373677.9,0.0,64638,69124,64.29,Cost: 64638 & Capacity: 69124
3 - 5 - 6 - 7 - 8 - 9 - 10 - 15 - 19 - 21 - 22 - 26 - 31 - 37 - 39 - 43 - 44 - 45 - 46 - 47 - 48 - 49 - 50 - 53 - 54 - 55 - 56 - 57 - 59 - 61 - 62 - 63 - 66 - 70 - 73 - 75 - 77 - 78 - 81 - 87 - 88 - 90 - 91 - 94 - 96 - 101 - 103 - 106 - 108 - 109 - 110 - 113 - 114 - 119 - 121 - 125 - 126 - 132 - 135 - 138 - 143 - 144 - 146 - 147 - 148 - 150 - 152 - 153 - 156 - 157 - 160 - 161 - 163 - 165 - 170 - 174 - 175 - 177 - 180 - 181 - 182 - 184 - 186 - 187 - 188 - 194 - 195 - 198 - 203 - 205 - 207 - 208 - 212 - 213 - 214 - 216 - 219 - 222 - 225 - 226 - 232 - 233 - 234 - 235 - 237 - 239 - 246 - 248 - 249 - 250 - 251 - 252 - 253 - 260 - 261 - 263 - 265 - 270 - 271 - 275 - 277 - 279 - 280 - 281 - 284 - 285 - 290 - 293 - 295 - 298 - 299 - 302 - 303 - 305 - 310 - 312 - 313 - 317 - 318 - 320 - 321 - 322 - 323 - 324 - 326 - 328 - 329 - 330 - 334 - 337 - 338 - 342 - 343 - 344 - 347 - 348 - 349 - 350 - 351 - 352 - 356 - 359 - 362 - 364 - 365 - 369 - 374 - 375 - 376 - 379 - 380 - 382 - 385 - 387 - 388 - 389 - 390 - 391 - 395 - 396 - 397 - 400 - 401 - 403 - 408 - 409 - 410 - 411 - 412 - 414 - 415 - 417 - 420 - 422 - 425 - 426 - 427 - 429 - 431 - 435 - 436 - 438 - 439 - 441 - 442 - 444 - 446 - 447 - 448 - 449 - 450 - 453 - 454 - 460 - 464 - 466 - 468 - 469 - 470 - 471 - 473 - 474 - 479 - 482 - 487 - 491 - 492 - 494 - 495 - 496 - 497 - 499,13373677.9,0.0,64638,69124,65.73,Cost: 64638 & Capacity: 69124
3 - 7 - 9 - 15 - 19 - 21 - 22 - 30 - 31 - 34 - 37 - 40 - 43 - 44 - 45 - 47 - 48 - 49 - 50 - 53 - 55 - 56 - 59 - 61 - 62 - 63 - 65 - 70 - 73 - 79 - 80 - 81 - 88 - 89 - 91 - 94 - 96 - 98 - 101 - 106 - 108 - 109 - 113 - 114 - 119 - 121 - 122 - 123 - 125 - 126 - 128 - 132 - 135 - 136 - 138 - 143 - 146 - 147 - 150 - 156 - 157 - 160 - 169 - 170 - 174 - 175 - 177 - 182 - 184 - 185 - 186 - 187 - 188 - 193 - 198 - 203 - 205 - 207 - 218 - 222 - 225 - 226 - 228 - 233 - 234 - 235 - 237 - 239 - 245 - 249 - 250 - 251 - 252 - 253 - 257 - 260 - 263 - 265 - 270 - 273 - 275 - 276 - 277 - 279 - 281 - 284 - 285 - 289 - 290 - 293 - 295 - 296 - 297 - 298 - 299 - 313 - 317 - 318 - 320 - 323 - 328 - 329 - 342 - 344 - 346 - 347 - 348 - 352 - 359 - 361 - 362 - 364 - 365 - 374 - 375 - 376 - 382 - 387 - 388 - 389 - 391 - 392 - 395 - 396 - 397 - 401 - 403 - 404 - 405 - 409 - 410 - 411 - 414 - 420 - 421 - 422 - 424 - 426 - 427 - 429 - 430 - 435 - 436 - 437 - 438 - 442 - 447 - 448 - 449 - 450 - 451 - 453 - 454 - 458 - 460 - 464 - 469 - 470 - 474 - 475 - 486 - 487 - 490 - 491 - 492 - 494 - 495,8753942.4,6.0,64606,64511,66.05,Cost: 64606 & Capacity: 64511
5 - 7 - 8 - 10 - 15 - 16 - 19 - 20 - 26 - 30 - 31 - 33 - 39 - 44 - 45 - 50 - 53 - 54 - 56 - 59 - 77 - 78 - 79 - 81 - 82 - 96 - 98 - 99 - 105 - 106 - 108 - 109 - 111 - 114 - 119 - 122 - 136 - 143 - 147 - 149 - 150 - 152 - 156 - 157 - 159 - 172 - 174 - 175 - 176 - 177 - 182 - 185 - 188 - 193 - 204 - 208 - 212 - 213 - 222 - 233 - 239 - 246 - 249 - 255 - 263 - 265 - 276 - 277 - 280 - 284 - 285 - 289 - 293 - 295 - 296 - 302 - 305 - 306 - 310 - 312 - 318 - 324 - 328 - 333 - 335 - 339 - 352 - 359 - 360 - 362 - 363 - 367 - 372 - 373 - 376 - 389 - 391 - 399 - 403 - 405 - 408 - 411 - 412 - 413 - 414 - 418 - 421 - 422 - 429 - 431 - 435 - 436 - 437 - 438 - 439 - 443 - 450 - 452 - 457 - 458 - 461 - 464 - 466 - 471 - 472 - 473 - 474 - 475 - 477 - 483 - 484 - 487 - 488 - 490 - 492 - 495 - 497,4796502.9,15.6,64502,60061,66.68,Cost: 64502 & Capacity: 60061
3 - 5 - 6 - 7 - 8 - 9 - 10 - 15 - 19 - 21 - 22 - 26 - 31 - 37 - 39 - 43 - 44 - 45 - 46 - 47 - 48 - 49 - 50 - 53 - 54 - 55 - 56 - 57 - 59 - 61 - 62 - 63 - 66 - 70 - 73 - 75 - 77 - 78 - 81 - 87 - 88 - 90 - 91 - 94 - 96 - 101 - 103 - 106 - 108 - 109 - 110 - 113 - 114 - 119 - 121 - 125 - 126 - 132 - 135 - 138 - 143 - 144 - 146 - 147 - 148 - 150 - 152 - 153 - 156 - 157 - 160 - 161 - 163 - 165 - 170 - 174 - 175 - 177 - 180 - 181 - 182 - 184 - 186 - 187 - 188 - 194 - 195 - 198 - 203 - 205 - 207 - 208 - 212 - 213 - 214 - 216 - 219 - 222 - 225 - 226 - 232 - 233 - 234 - 235 - 237 - 239 - 246 - 248 - 249 - 250 - 251 - 252 - 253 - 260 - 261 - 263 - 265 - 270 - 271 - 275 - 277 - 279 - 280 - 281 - 284 - 285 - 290 - 293 - 295 - 298 - 299 - 302 - 303 - 305 - 310 - 312 - 313 - 317 - 318 - 320 - 321 - 322 - 323 - 324 - 326 - 328 - 329 - 330 - 334 - 337 - 338 - 342 - 343 - 344 - 347 - 348 - 349 - 350 - 351 - 352 - 356 - 359 - 362 - 364 - 365 - 369 - 374 - 375 - 376 - 379 - 380 - 382 - 385 - 387 - 388 - 389 - 390 - 391 - 395 - 396 - 397 - 400 - 401 - 403 - 408 - 409 - 410 - 411 - 412 - 414 - 415 - 417 - 420 - 422 - 425 - 426 - 427 - 429 - 431 - 435 - 436 - 438 - 439 - 441 - 442 - 444 - 446 - 447 - 448 - 449 - 450 - 453 - 454 - 460 - 464 - 466 - 468 - 469 - 470 - 471 - 473 - 474 - 479 - 482 - 487 - 491 - 492 - 494 - 495 - 496 - 497 - 499,13373677.9,0.0,64638,69124,66.86,Cost: 64638 & Capacity: 69124
3 - 5 - 6 - 7 - 8 - 9 - 10 - 15 - 19 - 21 - 22 - 26 - 31 - 37 - 39 - 43 - 44 - 45 - 46 - 47 - 48 - 49 - 50 - 53 - 54 - 55 - 56 - 57 - 59 - 61 - 62 - 63 - 66 - 70 - 73 - 75 - 77 - 78 - 81 - 87 - 88 - 90 - 91 - 94 - 96 - 101 - 103 - 106 - 108 - 109 - 110 - 113 - 114 - 119 - 121 - 125 - 126 - 132 - 135 - 138 - 143 - 144 - 146 - 147 - 148 - 150 - 152 - 153 - 156 - 157 - 160 - 161 - 163 - 165 - 170 - 174 - 175 - 177 - 180 - 181 - 182 - 184 - 186 - 187 - 188 - 194 - 195 - 198 - 203 - 205 - 207 - 208 - 212 - 213 - 214 - 216 - 219 - 222 - 225 - 226 - 232 - 233 - 234 - 235 - 237 - 239 - 246 - 248 - 249 - 250 - 251 - 252 - 253 - 260 - 261 - 263 - 265 - 270 - 271 - 275 - 277 - 279 - 280 - 281 - 284 - 285 - 290 - 293 - 295 - 298 - 299 - 302 - 303 - 305 - 310 - 312 - 313 - 317 - 318 - 320 - 321 - 322 - 323 - 324 - 326 - 328 - 329 - 330 - 334 - 337 - 338 - 342 - 343 - 344 - 347 - 348 - 349 - 350 - 351 - 352 - 356 - 359 - 362 - 364 - 365 - 369 - 374 - 375 - 376 - 379 - 380 - 382 - 385 - 387 - 388 - 389 - 390 - 391 - 395 - 396 - 397 - 400 - 401 - 403 - 408 - 409 - 410 - 411 - 412 - 414 - 415 - 417 - 420 - 422 - 425 - 426 - 427 - 429 - 431 - 435 - 436 - 438 - 439 - 441 - 442 - 444 - 446 - 447 - 448 - 449 - 450 - 453 - 454 - 460 - 464 - 466 - 468 - 469 - 470 - 471 - 473 - 474 - 479 - 482 - 487 - 491 - 492 - 494 - 495 - 496 - 497 - 499,13373677.9,0.0,64638,69124,66.9,Cost: 64638 & Capacity: 69124
3 - 5 - 6 - 7 - 8 - 9 - 10 - 15 - 16 - 19 - 21 - 22 - 31 - 34 - 37 - 39 - 43 - 44 - 45 - 46 - 47 - 48 - 49 - 50 - 53 - 54 - 55 - 56 - 57 - 59 - 61 - 62 - 63 - 66 - 70 - 73 - 75 - 77 - 78 - 81 - 87 - 88 - 90 - 91 - 94 - 96 - 101 - 103 - 106 - 108 - 109 - 110 - 113 - 114 - 119 - 121 - 125 - 132 - 135 - 138 - 143 - 144 - 146 - 147 - 148 - 150 - 152 - 153 - 157 - 160 - 161 - 163 - 165 - 170 - 174 - 175 - 177 - 180 - 181 - 182 - 184 - 186 - 187 - 188 - 194 - 195 - 198 - 203 - 205 - 207 - 208 - 212 - 213 - 214 - 216 - 219 - 222 - 225 - 226 - 232 - 233 - 234 - 235 - 237 - 239 - 243 - 246 - 248 - 249 - 250 - 251 - 252 - 253 - 260 - 261 - 263 - 265 - 270 - 271 - 274 - 275 - 277 - 279 - 280 - 281 - 284 - 285 - 290 - 293 - 295 - 298 - 299 - 302 - 303 - 305 - 310 - 312 - 313 - 317 - 318 - 320 - 321 - 322 - 323 - 324 - 326 - 328 - 329 - 330 - 334 - 337 - 338 - 342 - 343 - 344 - 347 - 348 - 349 - 350 - 351 - 352 - 356 - 359 - 362 - 364 - 365 - 369 - 374 - 375 - 376 - 379 - 380 - 382 - 385 - 387 - 388 - 389 - 390 - 391 - 395 - 396 - 397 - 400 - 401 - 403 - 405 - 408 - 409 - 410 - 411 - 412 - 415 - 417 - 420 - 422 - 425 - 426 - 427 - 429 - 431 - 435 - 436 - 438 - 439 - 441 - 442 - 444 - 446 - 447 - 448 - 449 - 450 - 453 - 454 - 460 - 464 - 468 - 469 - 470 - 471 - 473 - 474 - 479 - 482 - 487 - 491 - 492 - 494 - 495 - 496 - 497 - 499,13377653.8,0.0,64629,68728,68.18,Cost: 64629 & Capacity: 68728
3 - 5 - 6 - 7 - 8 - 9 - 10 - 15 - 19 - 21 - 22 - 26 - 31 - 37 - 39 - 43 - 44 - 45 - 46 - 47 - 48 - 49 - 50 - 53 - 54 - 55 - 56 - 57 - 59 - 61 - 62 - 63 - 66 - 70 - 73 - 75 - 77 - 78 - 81 - 87 - 88 - 90 - 91 - 94 - 96 - 101 - 103 - 106 - 108 - 109 - 110 - 113 - 114 - 119 - 121 - 125 - 126 - 132 - 135 - 138 - 143 - 144 - 146 - 147 - 148 - 150 - 152 - 153 - 156 - 157 - 160 - 161 - 163 - 165 - 170 - 174 - 175 - 177 - 180 - 181 - 182 - 184 - 186 - 187 - 188 - 194 - 195 - 198 - 203 - 205 - 207 - 208 - 212 - 213 - 214 - 216 - 219 - 222 - 225 - 226 - 232 - 233 - 234 - 235 - 237 - 239 - 246 - 248 - 249 - 250 - 251 - 252 - 253 - 260 - 261 - 263 - 265 - 270 - 271 - 275 - 277 - 279 - 280 - 281 - 284 - 285 - 290 - 293 - 295 - 298 - 299 - 302 - 303 - 305 - 310 - 312 - 313 - 317 - 318 - 320 - 321 - 322 - 323 - 324 - 326 - 328 - 329 - 330 - 334 - 337 - 338 - 342 - 343 - 344 - 347 - 348 - 349 - 350 - 351 - 352 - 356 - 359 - 362 - 364 - 365 - 369 - 374 - 375 - 376 - 379 - 380 - 382 - 385 - 387 - 388 - 389 - 390 - 391 - 395 - 396 - 397 - 400 - 401 - 403 - 408 - 409 - 410 - 411 - 412 - 414 - 415 - 417 - 420 - 422 - 425 - 426 - 427 - 429 - 431 - 435 - 436 - 438 - 439 - 441 - 442 - 444 - 446 - 447 - 448 - 449 - 450 - 453 - 454 - 460 - 464 - 466 - 468 - 469 - 470 - 471 - 473 - 474 - 479 - 482 - 487 - 491 - 492 - 494 - 495 - 496 - 497 - 499,13373677.9,0.0,64638,69124,68.76,Cost: 64638 & Capacity: 69124
3 - 5 - 6 - 7 - 8 - 9 - 10 - 15 - 19 - 21 - 22 - 26 - 31 - 37 - 39 - 43 - 44 - 45 - 46 - 47 - 48 - 49 - 50 - 53 - 54 - 55 - 56 - 57 - 59 - 61 - 62 - 63 - 66 - 70 - 73 - 75 - 77 - 78 - 81 - 87 - 88 - 90 - 91 - 94 - 96 - 101 - 103 - 106 - 108 - 109 - 110 - 113 - 114 - 119 - 121 - 125 - 126 - 132 - 135 - 138 - 143 - 144 - 146 - 147 - 148 - 150 - 152 - 153 - 156 - 157 - 160 - 161 - 163 - 165 - 170 - 174 - 175 - 177 - 180 - 181 - 182 - 184 - 186 - 187 - 188 - 194 - 195 - 198 - 203 - 205 - 207 - 208 - 212 - 213 - 214 - 216 - 219 - 222 - 225 - 226 - 232 - 233 - 234 - 235 - 237 - 239 - 246 - 248 - 249 - 250 - 251 - 252 - 253 - 260 - 261 - 263 - 265 - 270 - 271 - 275 - 277 - 279 - 280 - 281 - 284 - 285 - 290 - 293 - 295 - 298 - 299 - 302 - 303 - 305 - 310 - 312 - 313 - 317 - 318 - 320 - 321 - 322 - 323 - 324 - 326 - 328 - 329 - 330 - 334 - 337 - 338 - 342 - 343 - 344 - 347 - 348 - 349 - 350 - 351 - 352 - 356 - 359 - 362 - 364 - 365 - 369 - 374 - 375 - 376 - 379 - 380 - 382 - 385 - 387 - 388 - 389 - 390 - 391 - 395 - 396 - 397 - 400 - 401 - 403 - 408 - 409 - 410 - 411 - 412 - 414 - 415 - 417 - 420 - 422 - 425 - 426 - 427 - 429 - 431 - 435 - 436 - 438 - 439 - 441 - 442 - 444 - 446 - 447 - 448 - 449 - 450 - 453 - 454 - 460 - 464 - 466 - 468 - 469 - 470 - 471 - 473 - 474 - 479 - 482 - 487 - 491 - 492 - 494 - 495 - 496 - 497 - 499,13373677.9,0.0,64638,69124,70.71,Cost: 64638 & Capacity: 69124
3 - 5 - 6 - 7 - 8 - 9 - 10 - 15 - 19 - 21 - 22 - 26 - 31 - 34 - 37 - 39 - 43 - 44 - 45 - 46 - 47 - 48 - 49 - 50 - 53 - 54 - 55 - 56 - 57 - 59 - 61 - 62 - 63 - 66 - 70 - 73 - 77 - 78 - 81 - 87 - 88 - 90 - 91 - 94 - 96 - 101 - 103 - 106 - 108 - 109 - 110 - 113 - 114 - 119 - 121 - 125 - 126 - 132 - 135 - 138 - 143 - 144 - 146 - 147 - 148 - 150 - 152 - 153 - 157 - 160 - 161 - 163 - 165 - 170 - 174 - 175 - 177 - 180 - 181 - 182 - 184 - 186 - 187 - 188 - 194 - 195 - 198 - 203 - 205 - 207 - 208 - 212 - 213 - 214 - 216 - 219 - 222 - 225 - 226 - 232 - 233 - 234 - 235 - 237 - 239 - 246 - 248 - 249 - 250 - 251 - 252 - 253 - 257 - 260 - 261 - 263 - 265 - 270 - 271 - 275 - 277 - 279 - 280 - 281 - 284 - 285 - 290 - 293 - 295 - 298 - 299 - 302 - 303 - 305 - 310 - 312 - 313 - 317 - 318 - 320 - 321 - 322 - 323 - 324 - 326 - 328 - 329 - 330 - 334 - 337 - 338 - 342 - 343 - 344 - 347 - 348 - 349 - 350 - 351 - 352 - 356 - 359 - 362 - 364 - 365 - 369 - 374 - 375 - 376 - 379 - 380 - 382 - 385 - 387 - 388 - 389 - 390 - 391 - 395 - 396 - 397 - 400 - 401 - 403 - 408 - 409 - 410 - 411 - 412 - 414 - 415 - 417 - 420 - 422 - 425 - 426 - 427 - 429 - 431 - 435 - 436 - 438 - 439 - 441 - 442 - 444 - 446 - 447 - 448 - 449 - 450 - 453 - 454 - 460 - 464 - 466 - 468 - 469 - 470 - 471 - 473 - 474 - 479 - 482 - 487 - 491 - 492 - 494 - 495 - 496 - 497 - 499,13373669.4,0.0,64640,68799,70.74,Cost: 64640 & Capacity: 68799
3 - 5 - 6 - 7 - 8 - 9 - 10 - 15 - 19 - 21 - 22 - 26 - 31 - 37 - 39 - 43 - 44 - 45 - 46 - 47 - 48 - 49 - 50 - 53 - 54 - 55 - 56 - 57 - 59 - 61 - 62 - 63 - 66 - 70 - 73 - 75 - 77 - 78 - 81 - 87 - 88 - 90 - 91 - 94 - 96 - 101 - 103 - 106 - 108 - 109 - 110 - 113 - 114 - 119 - 121 - 125 - 126 - 132 - 135 - 138 - 143 - 144 - 146 - 147 - 148 - 150 - 152 - 153 - 156 - 157 - 160 - 161 - 163 - 165 - 170 - 174 - 175 - 177 - 180 - 181 - 182 - 184 - 186 - 187 - 188 - 194 - 195 - 198 - 203 - 205 - 207 - 208 - 212 - 213 - 214 - 216 - 219 - 222 - 225 - 226 - 232 - 233 - 234 - 235 - 237 - 239 - 246 - 248 - 249 - 250 - 251 - 252 - 253 - 260 - 261 - 263 - 265 - 270 - 271 - 275 - 277 - 279 - 280 - 281 - 284 - 285 - 290 - 293 - 295 - 298 - 299 - 302 - 303 - 305 - 310 - 312 - 313 - 317 - 318 - 320 - 321 - 322 - 323 - 324 - 326 - 328 - 329 - 330 - 334 - 337 - 338 - 342 - 343 - 344 - 347 - 348 - 349 - 350 - 351 - 352 - 356 - 359 - 362 - 364 - 365 - 369 - 374 - 375 - 376 - 379 - 380 - 382 - 385 - 387 - 388 - 389 - 390 - 391 - 395 - 396 - 397 - 400 - 401 - 403 - 408 - 409 - 410 - 411 - 412 - 414 - 415 - 417 - 420 - 422 - 425 - 426 - 427 - 429 - 431 - 435 - 436 - 438 - 439 - 441 - 442 - 444 - 446 - 447 - 448 - 449 - 450 - 453 - 454 - 460 - 464 - 466 - 468 - 469 - 470 - 471 - 473 - 474 - 479 - 482 - 487 - 491 - 492 - 494 - 495 - 496 - 497 - 499,13373677.9,0.0,64638,69124,72.7,Cost: 64638 & Capacity: 69124
3 - 5 - 7 - 8 - 9 - 15 - 19 - 21 - 22 - 25 - 31 - 37 - 39 - 43 - 44 - 45 - 47 - 48 - 49 - 50 - 53 - 55 - 56 - 57 - 59 - 61 - 62 - 63 - 66 - 70 - 73 - 78 - 81 - 87 - 88 - 90 - 91 - 94 - 96 - 98 - 101 - 106 - 108 - 109 - 113 - 114 - 119 - 121 - 122 - 123 - 125 - 126 - 128 - 132 - 135 - 136 - 138 - 143 - 146 - 147 - 148 - 149 - 150 - 153 - 157 - 160 - 169 - 170 - 174 - 175 - 177 - 180 - 181 - 182 - 186 - 187 - 188 - 193 - 198 - 203 - 205 - 207 - 208 - 212 - 213 - 214 - 219 - 222 - 225 - 233 - 234 - 235 - 237 - 245 - 246 - 249 - 250 - 251 - 252 - 253 - 257 - 260 - 261 - 263 - 265 - 270 - 275 - 276 - 277 - 279 - 281 - 284 - 285 - 289 - 290 - 291 - 293 - 295 - 296 - 297 - 298 - 299 - 302 - 303 - 305 - 310 - 312 - 313 - 317 - 318 - 320 - 321 - 322 - 323 - 324 - 326 - 328 - 329 - 337 - 342 - 344 - 347 - 348 - 350 - 352 - 359 - 360 - 362 - 364 - 365 - 369 - 374 - 375 - 376 - 379 - 380 - 382 - 385 - 387 - 388 - 389 - 391 - 392 - 395 - 396 - 397 - 401 - 403 - 405 - 408 - 409 - 410 - 411 - 413 - 414 - 415 - 420 - 422 - 425 - 426 - 427 - 429 - 435 - 436 - 437 - 438 - 441 - 442 - 444 - 447 - 448 - 449 - 450 - 453 - 454 - 458 - 460 - 464 - 469 - 470 - 471 - 473 - 474 - 475 - 477 - 486 - 487 - 491 - 492 - 494 - 495 - 496,11239547.9,2.4,64639,66780,75.13,Cost: 64639 & Capacity: 66780
3 - 5 - 6 - 7 - 8 - 9 - 10 - 15 - 19 - 21 - 22 - 26 - 31 - 37 - 39 - 43 - 44 - 45 - 46 - 47 - 48 - 49 - 50 - 53 - 54 - 55 - 56 - 57 - 59 - 61 - 62 - 63 - 66 - 70 - 73 - 75 - 77 - 78 - 81 - 87 - 88 - 90 - 91 - 94 - 96 - 101 - 103 - 106 - 108 - 109 - 110 - 113 - 114 - 119 - 121 - 125 - 126 - 132 - 135 - 138 - 143 - 144 - 146 - 147 - 148 - 150 - 152 - 153 - 156 - 157 - 160 - 161 - 163 - 165 - 170 - 174 - 175 - 177 - 180 - 181 - 182 - 184 - 186 - 187 - 188 - 194 - 195 - 198 - 203 - 205 - 207 - 208 - 212 - 213 - 214 - 216 - 219 - 222 - 225 - 226 - 232 - 233 - 234 - 235 - 237 - 239 - 246 - 248 - 249 - 250 - 251 - 252 - 253 - 260 - 261 - 263 - 265 - 270 - 271 - 275 - 277 - 279 - 280 - 281 - 284 - 285 - 290 - 293 - 295 - 298 - 299 - 302 - 303 - 305 - 310 - 312 - 313 - 317 - 318 - 320 - 321 - 322 - 323 - 324 - 326 - 328 - 329 - 330 - 334 - 337 - 338 - 342 - 343 - 344 - 347 - 348 - 349 - 350 - 351 - 352 - 356 - 359 - 362 - 364 - 365 - 369 - 374 - 375 - 376 - 379 - 380 - 382 - 385 - 387 - 388 - 389 - 390 - 391 - 395 - 396 - 397 - 400 - 401 - 403 - 408 - 409 - 410 - 411 - 412 - 414 - 415 - 417 - 420 - 422 - 425 - 426 - 427 - 429 - 431 - 435 - 436 - 438 - 439 - 441 - 442 - 444 - 446 - 447 - 448 - 449 - 450 - 453 - 454 - 460 - 464 - 466 - 468 - 469 - 470 - 471 - 473 - 474 - 479 - 482 - 487 - 491 - 492 - 494 - 495 - 496 - 497 - 499,13373677.9,0.0,64638,69124,75.28,Cost: 64638 & Capacity: 69124
5 - 8 - 9 - 17 - 19 - 20 - 25 - 26 - 31 - 33 - 38 - 39 - 44 - 50 - 51 - 54 - 56 - 59 - 60 - 63 - 73 - 77 - 79 - 81 - 106 - 109 - 111 - 112 - 114 - 119 - 122 - 123 - 128 - 130 - 135 - 136 - 143 - 147 - 148 - 150 - 153 - 154 - 156 - 159 - 160 - 172 - 174 - 175 - 180 - 182 - 185 - 187 - 190 - 193 - 198 - 203 - 204 - 205 - 208 - 217 - 219 - 222 - 233 - 245 - 249 - 250 - 253 - 255 - 263 - 272 - 274 - 276 - 279 - 280 - 282 - 284 - 285 - 290 - 291 - 293 - 295 - 296 - 303 - 310 - 312 - 324 - 328 - 334 - 338 - 350 - 352 - 359 - 361 - 362 - 372 - 381 - 382 - 383 - 385 - 387 - 391 - 403 - 404 - 405 - 406 - 409 - 413 - 414 - 418 - 424 - 433 - 434 - 435 - 436 - 437 - 438 - 442 - 443 - 446 - 450 - 451 - 452 - 457 - 458 - 461 - 464 - 467 - 472 - 475 - 477 - 480 - 484 - 487 - 491 - 492 - 494 - 495,4725208.3,17.2,64506,59625,75.81,Cost: 64506 & Capacity: 59625
3 - 5 - 6 - 7 - 8 - 9 - 10 - 15 - 19 - 21 - 22 - 26 - 31 - 37 - 39 - 43 - 44 - 45 - 46 - 47 - 48 - 49 - 50 - 53 - 54 - 55 - 56 - 57 - 59 - 61 - 62 - 63 - 66 - 70 - 73 - 75 - 77 - 78 - 81 - 87 - 88 - 90 - 91 - 94 - 96 - 101 - 103 - 106 - 108 - 109 - 110 - 113 - 114 - 119 - 121 - 125 - 126 - 132 - 135 - 138 - 143 - 144 - 146 - 147 - 148 - 150 - 152 - 153 - 156 - 157 - 160 - 161 - 163 - 165 - 170 - 174 - 175 - 177 - 180 - 181 - 182 - 184 - 186 - 187 - 188 - 194 - 195 - 198 - 203 - 205 - 207 - 208 - 212 - 213 - 214 - 216 - 219 - 222 - 225 - 226 - 232 - 233 - 234 - 235 - 237 - 239 - 246 - 248 - 249 - 250 - 251 - 252 - 253 - 260 - 261 - 263 - 265 - 270 - 271 - 275 - 277 - 279 - 280 - 281 - 284 - 285 - 290 - 293 - 295 - 298 - 299 - 302 - 303 - 305 - 310 - 312 - 313 - 317 - 318 - 320 - 321 - 322 - 323 - 324 - 326 - 328 - 329 - 330 - 334 - 337 - 338 - 342 - 343 - 344 - 347 - 348 - 349 - 350 - 351 - 352 - 356 - 359 - 362 - 364 - 365 - 369 - 374 - 375 - 376 - 379 - 380 - 382 - 385 - 387 - 388 - 389 - 390 - 391 - 395 - 396 - 397 - 400 - 401 - 403 - 408 - 409 - 410 - 411 - 412 - 414 - 415 - 417 - 420 - 422 - 425 - 426 - 427 - 429 - 431 - 435 - 436 - 438 - 439 - 441 - 442 - 444 - 446 - 447 - 448 - 449 - 450 - 453 - 454 - 460 - 464 - 466 - 468 - 469 - 470 - 471 - 473 - 474 - 479 - 482 - 487 - 491 - 492 - 494 - 495 - 496 - 497 - 499,13373677.9,0.0,64638,69124,75.98,Cost: 64638 & Capacity: 69124
3 - 5 - 6 - 7 - 8 - 9 - 10 - 15 - 19 - 21 - 22 - 26 - 31 - 37 - 39 - 43 - 44 - 45 - 46 - 47 - 48 - 49 - 50 - 53 - 54 - 55 - 56 - 57 - 59 - 61 - 62 - 63 - 66 - 70 - 73 - 75 - 77 - 78 - 81 - 87 - 88 - 90 - 91 - 94 - 96 - 101 - 103 - 106 - 108 - 109 - 110 - 113 - 114 - 119 - 121 - 125 - 126 - 132 - 135 - 138 - 143 - 144 - 146 - 147 - 148 - 150 - 152 - 153 - 156 - 157 - 160 - 161 - 163 - 165 - 170 - 174 - 175 - 177 - 180 - 181 - 182 - 184 - 186 - 187 - 188 - 194 - 195 - 198 - 203 - 205 - 207 - 208 - 212 - 213 - 214 - 216 - 219 - 222 - 225 - 226 - 232 - 233 - 234 - 235 - 237 - 239 - 246 - 248 - 249 - 250 - 251 - 252 - 253 - 260 - 261 - 263 - 265 - 270 - 271 - 275 - 277 - 279 - 280 - 281 - 284 - 285 - 290 - 293 - 295 - 298 - 299 - 302 - 303 - 305 - 310 - 312 - 313 - 317 - 318 - 320 - 321 - 322 - 323 - 324 - 326 - 328 - 329 - 330 - 334 - 337 - 338 - 342 - 343 - 344 - 347 - 348 - 349 - 350 - 351 - 352 - 356 - 359 - 362 - 364 - 365 - 369 - 374 - 375 - 376 - 379 - 380 - 382 - 385 - 387 - 388 - 389 - 390 - 391 - 395 - 396 - 397 - 400 - 401 - 403 - 408 - 409 - 410 - 411 - 412 - 414 - 415 - 417 - 420 - 422 - 425 - 426 - 427 - 429 - 431 - 435 - 436 - 438 - 439 - 441 - 442 - 444 - 446 - 447 - 448 - 449 - 450 - 453 - 454 - 460 - 464 - 466 - 468 - 469 - 470 - 471 - 473 - 474 - 479 - 482 - 487 - 491 - 492 - 494 - 495 - 496 - 497 - 499,13373677.9,0.0,64638,69124,76.03,Cost: 64638 & Capacity: 69124
