Nodes,MaxSum,MaxMin,Cost,Capacity,Time,Constraint values
1 - 3 - 4 - 6 - 8 - 9 - 15 - 16 - 17 - 18 - 20 - 28 - 36 - 38 - 41 - 43 - 46 - 53 - 56 - 60 - 68 - 71 - 72 - 87 - 89 - 90 - 91 - 101 - 113 - 116 - 118 - 123 - 124 - 127 - 134 - 143 - 146 - 148 - 151 - 152 - 158 - 159 - 160 - 161 - 166 - 168 - 170 - 171 - 172 - 173 - 174 - 177 - 188 - 192 - 193 - 196 - 200 - 202 - 203 - 206 - 212 - 213 - 218 - 219 - 222 - 226 - 227 - 236 - 237 - 239 - 241 - 242 - 243 - 244 - 245 - 246 - 249 - 252 - 255 - 265 - 271 - 272 - 279 - 281 - 283 - 289 - 290 - 292 - 297 - 298 - 302 - 303 - 316 - 318 - 327 - 328 - 329 - 334 - 335 - 338 - 339 - 342 - 343 - 347 - 351 - 357 - 359 - 362 - 364 - 365 - 367 - 369 - 373 - 377 - 379 - 381 - 383 - 393 - 397 - 398 - 399 - 404 - 405 - 407 - 408 - 409 - 412 - 413 - 417 - 419 - 422 - 424 - 425 - 426 - 427 - 428 - 430 - 431 - 432 - 433 - 442 - 444 - 451 - 453 - 464 - 465 - 468 - 469 - 470 - 476 - 478 - 483 - 485 - 486 - 491 - 495 - 496 - 498,177165.8,7.7,89251,78312,20.77,Cost: 89251 & Capacity: 78312
1 - 3 - 4 - 6 - 8 - 9 - 15 - 16 - 17 - 18 - 20 - 28 - 36 - 38 - 41 - 43 - 46 - 53 - 56 - 60 - 68 - 71 - 72 - 87 - 89 - 90 - 91 - 100 - 101 - 113 - 116 - 118 - 123 - 124 - 127 - 134 - 143 - 144 - 145 - 146 - 148 - 151 - 152 - 158 - 159 - 160 - 161 - 166 - 168 - 170 - 171 - 172 - 173 - 174 - 177 - 188 - 192 - 193 - 195 - 196 - 200 - 202 - 203 - 206 - 212 - 213 - 218 - 219 - 222 - 226 - 227 - 236 - 237 - 239 - 241 - 242 - 243 - 244 - 245 - 246 - 249 - 252 - 255 - 265 - 271 - 272 - 279 - 281 - 283 - 289 - 290 - 292 - 297 - 298 - 302 - 303 - 316 - 318 - 327 - 328 - 329 - 334 - 335 - 338 - 339 - 342 - 343 - 347 - 351 - 354 - 357 - 359 - 362 - 364 - 365 - 367 - 369 - 373 - 376 - 377 - 379 - 381 - 383 - 393 - 397 - 398 - 399 - 404 - 405 - 407 - 408 - 409 - 412 - 413 - 417 - 419 - 422 - 424 - 425 - 426 - 427 - 428 - 430 - 431 - 432 - 433 - 442 - 444 - 451 - 453 - 464 - 465 - 468 - 469 - 470 - 476 - 478 - 483 - 485 - 486 - 491 - 492 - 495 - 496 - 498,192801.3,7.5,92818,81535,20.77,Cost: 92818 & Capacity: 81535
3 - 8 - 10 - 15 - 18 - 19 - 20 - 25 - 26 - 37 - 48 - 52 - 53 - 68 - 87 - 95 - 105 - 112 - 113 - 115 - 120 - 134 - 135 - 141 - 145 - 148 - 158 - 159 - 164 - 167 - 168 - 169 - 171 - 173 - 174 - 175 - 179 - 183 - 185 - 193 - 200 - 203 - 208 - 209 - 211 - 214 - 216 - 218 - 220 - 224 - 225 - 227 - 237 - 239 - 242 - 245 - 247 - 257 - 258 - 277 - 281 - 287 - 292 - 293 - 296 - 297 - 302 - 314 - 315 - 316 - 327 - 329 - 330 - 334 - 335 - 338 - 343 - 346 - 347 - 350 - 357 - 359 - 362 - 365 - 369 - 376 - 377 - 379 - 383 - 385 - 390 - 402 - 404 - 405 - 408 - 411 - 413 - 419 - 427 - 428 - 431 - 436 - 441 - 444 - 449 - 458 - 468 - 473 - 484 - 496 - 498,88806.5,8.5,66899,55551,33.37,Cost: 66899 & Capacity: 55551
0 - 1 - 3 - 4 - 6 - 8 - 9 - 13 - 15 - 16 - 18 - 19 - 20 - 24 - 28 - 32 - 41 - 42 - 44 - 48 - 51 - 53 - 56 - 57 - 60 - 64 - 66 - 68 - 77 - 84 - 87 - 89 - 90 - 99 - 100 - 101 - 113 - 118 - 120 - 123 - 124 - 127 - 134 - 145 - 148 - 151 - 152 - 158 - 159 - 160 - 161 - 166 - 168 - 170 - 171 - 172 - 173 - 174 - 175 - 177 - 180 - 185 - 188 - 193 - 195 - 197 - 198 - 200 - 203 - 204 - 206 - 209 - 212 - 213 - 214 - 217 - 218 - 219 - 224 - 226 - 227 - 236 - 237 - 239 - 241 - 242 - 244 - 245 - 246 - 249 - 254 - 257 - 258 - 259 - 265 - 268 - 271 - 279 - 283 - 286 - 287 - 289 - 292 - 297 - 299 - 300 - 302 - 303 - 314 - 316 - 318 - 327 - 329 - 334 - 335 - 337 - 338 - 342 - 343 - 346 - 347 - 349 - 351 - 354 - 357 - 359 - 362 - 364 - 365 - 367 - 369 - 373 - 377 - 379 - 383 - 385 - 390 - 391 - 396 - 397 - 398 - 399 - 404 - 405 - 407 - 408 - 409 - 412 - 413 - 419 - 427 - 428 - 431 - 432 - 436 - 442 - 444 - 465 - 468 - 470 - 471 - 473 - 475 - 476 - 478 - 483 - 484 - 485 - 486 - 489 - 490 - 495 - 496 - 497 - 498,217061.5,7.4,92885,83713,4.31,Cost: 92885 & Capacity: 83713
0 - 1 - 3 - 4 - 6 - 7 - 8 - 9 - 15 - 18 - 20 - 21 - 25 - 26 - 28 - 30 - 31 - 34 - 35 - 36 - 37 - 39 - 41 - 42 - 44 - 45 - 46 - 51 - 52 - 53 - 55 - 58 - 59 - 61 - 63 - 64 - 65 - 66 - 68 - 69 - 70 - 71 - 73 - 74 - 75 - 77 - 78 - 79 - 81 - 82 - 84 - 86 - 87 - 89 - 90 - 91 - 92 - 93 - 95 - 98 - 99 - 100 - 103 - 108 - 109 - 112 - 113 - 114 - 115 - 119 - 122 - 123 - 125 - 127 - 128 - 129 - 131 - 132 - 133 - 134 - 136 - 142 - 146 - 150 - 151 - 155 - 156 - 158 - 159 - 160 - 161 - 162 - 164 - 168 - 170 - 171 - 172 - 177 - 179 - 180 - 182 - 183 - 184 - 187 - 189 - 191 - 192 - 193 - 195 - 196 - 197 - 198 - 200 - 201 - 203 - 205 - 206 - 208 - 210 - 211 - 212 - 213 - 214 - 216 - 217 - 219 - 222 - 223 - 224 - 225 - 226 - 229 - 230 - 231 - 232 - 233 - 234 - 237 - 239 - 242 - 244 - 245 - 246 - 247 - 249 - 250 - 252 - 254 - 256 - 257 - 258 - 259 - 263 - 266 - 269 - 271 - 274 - 275 - 276 - 277 - 278 - 280 - 281 - 282 - 283 - 284 - 285 - 286 - 287 - 289 - 291 - 294 - 296 - 297 - 298 - 299 - 300 - 302 - 304 - 305 - 306 - 311 - 312 - 313 - 315 - 316 - 317 - 318 - 320 - 323 - 324 - 325 - 327 - 328 - 333 - 334 - 336 - 337 - 338 - 339 - 342 - 343 - 344 - 345 - 348 - 349 - 351 - 352 - 355 - 356 - 358 - 359 - 361 - 362 - 363 - 364 - 365 - 367 - 369 - 370 - 372 - 373 - 375 - 376 - 378 - 379 - 383 - 384 - 387 - 388 - 389 - 390 - 391 - 393 - 399 - 401 - 404 - 405 - 408 - 411 - 412 - 415 - 416 - 418 - 421 - 422 - 423 - 430 - 431 - 432 - 434 - 438 - 440 - 441 - 442 - 443 - 444 - 447 - 448 - 450 - 451 - 452 - 456 - 461 - 463 - 464 - 465 - 466 - 467 - 468 - 469 - 471 - 472 - 474 - 475 - 476 - 478 - 483 - 484 - 485 - 487 - 489 - 490 - 492 - 493 - 495 - 496 - 497 - 498 - 499,548770.3,3.7,92922,100968,14.56,Cost: 92922 & Capacity: 100968
0 - 3 - 8 - 9 - 15 - 18 - 19 - 20 - 32 - 35 - 37 - 38 - 43 - 50 - 52 - 53 - 56 - 60 - 68 - 71 - 87 - 90 - 93 - 105 - 111 - 113 - 115 - 116 - 117 - 120 - 122 - 124 - 132 - 134 - 141 - 145 - 148 - 152 - 159 - 161 - 166 - 168 - 171 - 172 - 173 - 180 - 183 - 188 - 193 - 198 - 200 - 203 - 206 - 208 - 209 - 212 - 213 - 214 - 216 - 219 - 220 - 221 - 223 - 224 - 226 - 237 - 238 - 239 - 241 - 242 - 244 - 245 - 246 - 249 - 252 - 254 - 255 - 258 - 261 - 265 - 267 - 268 - 271 - 277 - 278 - 279 - 283 - 289 - 292 - 293 - 296 - 297 - 302 - 303 - 305 - 313 - 316 - 323 - 329 - 334 - 335 - 338 - 342 - 343 - 347 - 357 - 359 - 361 - 362 - 363 - 365 - 367 - 369 - 371 - 377 - 379 - 381 - 382 - 383 - 385 - 388 - 391 - 392 - 393 - 396 - 397 - 398 - 399 - 404 - 405 - 407 - 411 - 413 - 414 - 419 - 422 - 427 - 428 - 431 - 432 - 436 - 438 - 442 - 444 - 451 - 453 - 465 - 468 - 469 - 470 - 471 - 476 - 480 - 485 - 486 - 489 - 495 - 496 - 497 - 498 - 499,182893.7,7.6,91225,78205,22.11,Cost: 91225 & Capacity: 78205
8 - 14 - 20 - 37 - 41 - 43 - 46 - 83 - 87 - 97 - 100 - 111 - 113 - 115 - 120 - 137 - 141 - 145 - 146 - 148 - 151 - 169 - 171 - 173 - 176 - 179 - 180 - 182 - 185 - 190 - 193 - 195 - 200 - 203 - 209 - 210 - 216 - 218 - 220 - 226 - 227 - 237 - 238 - 239 - 242 - 244 - 245 - 246 - 253 - 265 - 268 - 272 - 279 - 289 - 292 - 296 - 297 - 302 - 310 - 312 - 322 - 329 - 338 - 343 - 357 - 359 - 365 - 377 - 393 - 396 - 397 - 404 - 405 - 407 - 409 - 411 - 412 - 413 - 419 - 422 - 425 - 428 - 429 - 432 - 436 - 442 - 444 - 457 - 465 - 468 - 469 - 476 - 496,62421.8,8.7,65499,52314,23.59,Cost: 65499 & Capacity: 52314
3 - 8 - 9 - 15 - 18 - 19 - 23 - 26 - 28 - 30 - 37 - 38 - 43 - 44 - 52 - 53 - 55 - 56 - 60 - 68 - 83 - 87 - 89 - 90 - 91 - 95 - 105 - 108 - 113 - 115 - 118 - 120 - 124 - 127 - 132 - 152 - 158 - 159 - 166 - 170 - 171 - 172 - 173 - 175 - 176 - 183 - 185 - 188 - 191 - 193 - 197 - 200 - 201 - 203 - 206 - 209 - 211 - 212 - 217 - 220 - 223 - 224 - 225 - 226 - 227 - 236 - 237 - 238 - 239 - 242 - 246 - 249 - 250 - 252 - 258 - 265 - 277 - 278 - 279 - 280 - 281 - 283 - 289 - 292 - 296 - 297 - 302 - 316 - 318 - 327 - 328 - 329 - 333 - 334 - 335 - 338 - 340 - 346 - 347 - 349 - 350 - 357 - 359 - 362 - 365 - 369 - 373 - 377 - 379 - 381 - 383 - 385 - 388 - 391 - 392 - 397 - 398 - 399 - 404 - 405 - 407 - 408 - 412 - 413 - 414 - 419 - 422 - 423 - 427 - 428 - 431 - 436 - 438 - 441 - 442 - 443 - 444 - 447 - 450 - 453 - 464 - 465 - 468 - 469 - 470 - 476 - 483 - 484 - 485 - 486 - 489 - 491 - 492 - 496 - 498,171737.0,7.8,83788,70949,24.63,Cost: 83788 & Capacity: 70949
0 - 3 - 8 - 9 - 13 - 15 - 18 - 19 - 20 - 24 - 25 - 26 - 28 - 30 - 35 - 41 - 43 - 51 - 52 - 53 - 55 - 56 - 58 - 60 - 63 - 64 - 66 - 68 - 71 - 72 - 73 - 74 - 79 - 81 - 83 - 84 - 87 - 89 - 90 - 95 - 98 - 99 - 100 - 105 - 108 - 109 - 112 - 113 - 115 - 117 - 118 - 119 - 123 - 127 - 128 - 129 - 132 - 134 - 135 - 136 - 142 - 144 - 146 - 151 - 152 - 156 - 158 - 159 - 161 - 163 - 170 - 171 - 172 - 173 - 179 - 183 - 185 - 186 - 187 - 188 - 191 - 193 - 195 - 197 - 200 - 203 - 204 - 206 - 208 - 209 - 212 - 213 - 214 - 216 - 217 - 223 - 224 - 225 - 226 - 230 - 231 - 236 - 237 - 239 - 241 - 242 - 245 - 246 - 249 - 250 - 252 - 256 - 258 - 259 - 263 - 273 - 278 - 279 - 280 - 281 - 284 - 286 - 289 - 292 - 296 - 297 - 298 - 300 - 301 - 302 - 303 - 305 - 310 - 316 - 318 - 323 - 327 - 333 - 334 - 335 - 337 - 338 - 339 - 342 - 347 - 349 - 351 - 352 - 354 - 357 - 359 - 362 - 363 - 364 - 365 - 367 - 368 - 369 - 373 - 376 - 378 - 379 - 381 - 383 - 384 - 385 - 388 - 390 - 391 - 393 - 397 - 399 - 400 - 402 - 403 - 404 - 405 - 407 - 411 - 413 - 414 - 416 - 419 - 422 - 423 - 424 - 426 - 427 - 430 - 431 - 432 - 434 - 436 - 440 - 441 - 442 - 443 - 444 - 446 - 448 - 450 - 453 - 456 - 464 - 465 - 466 - 467 - 468 - 469 - 471 - 475 - 476 - 478 - 483 - 484 - 485 - 490 - 494 - 496 - 497 - 498,333182.6,6.7,92883,89257,30.69,Cost: 92883 & Capacity: 89257
0 - 1 - 3 - 4 - 6 - 7 - 8 - 9 - 15 - 18 - 20 - 21 - 25 - 26 - 28 - 30 - 31 - 34 - 35 - 36 - 37 - 39 - 41 - 42 - 44 - 45 - 46 - 51 - 52 - 53 - 55 - 58 - 59 - 61 - 63 - 64 - 65 - 66 - 68 - 69 - 70 - 71 - 73 - 74 - 75 - 77 - 78 - 79 - 81 - 82 - 84 - 86 - 87 - 89 - 90 - 91 - 92 - 93 - 95 - 98 - 99 - 100 - 103 - 108 - 109 - 112 - 113 - 114 - 115 - 119 - 122 - 123 - 125 - 127 - 128 - 129 - 131 - 132 - 133 - 134 - 136 - 142 - 146 - 150 - 151 - 155 - 156 - 158 - 159 - 160 - 161 - 162 - 164 - 168 - 170 - 171 - 172 - 177 - 179 - 180 - 182 - 183 - 184 - 187 - 189 - 191 - 192 - 193 - 195 - 196 - 197 - 198 - 200 - 201 - 203 - 205 - 206 - 208 - 210 - 211 - 212 - 213 - 214 - 216 - 217 - 219 - 222 - 223 - 224 - 225 - 226 - 229 - 230 - 231 - 232 - 233 - 234 - 237 - 239 - 242 - 244 - 245 - 246 - 247 - 249 - 250 - 252 - 254 - 256 - 257 - 258 - 259 - 263 - 266 - 269 - 271 - 274 - 275 - 276 - 277 - 278 - 280 - 281 - 282 - 283 - 284 - 285 - 286 - 287 - 289 - 291 - 294 - 296 - 297 - 298 - 299 - 300 - 302 - 304 - 305 - 306 - 311 - 312 - 313 - 315 - 316 - 317 - 318 - 320 - 323 - 324 - 325 - 327 - 328 - 333 - 334 - 336 - 337 - 338 - 339 - 342 - 343 - 344 - 345 - 348 - 349 - 351 - 352 - 355 - 356 - 358 - 359 - 361 - 362 - 363 - 364 - 365 - 367 - 369 - 370 - 372 - 373 - 375 - 376 - 378 - 379 - 383 - 384 - 387 - 388 - 389 - 390 - 391 - 393 - 399 - 401 - 404 - 405 - 408 - 411 - 412 - 415 - 416 - 418 - 421 - 422 - 423 - 430 - 431 - 432 - 434 - 438 - 440 - 441 - 442 - 443 - 444 - 447 - 448 - 450 - 451 - 452 - 456 - 461 - 463 - 464 - 465 - 466 - 467 - 468 - 469 - 471 - 472 - 474 - 475 - 476 - 478 - 483 - 484 - 485 - 487 - 489 - 490 - 492 - 493 - 495 - 496 - 497 - 498 - 499,548770.3,3.7,92922,100968,42.28,Cost: 92922 & Capacity: 100968
0 - 1 - 3 - 4 - 6 - 7 - 8 - 9 - 15 - 18 - 20 - 21 - 25 - 26 - 28 - 30 - 31 - 34 - 35 - 36 - 37 - 39 - 41 - 42 - 44 - 45 - 46 - 51 - 52 - 53 - 55 - 58 - 59 - 61 - 63 - 64 - 65 - 66 - 68 - 69 - 70 - 71 - 73 - 74 - 75 - 77 - 78 - 79 - 81 - 82 - 84 - 86 - 87 - 89 - 90 - 91 - 92 - 93 - 95 - 98 - 99 - 100 - 103 - 108 - 109 - 112 - 113 - 114 - 115 - 119 - 122 - 123 - 125 - 127 - 128 - 129 - 131 - 132 - 133 - 134 - 136 - 142 - 146 - 150 - 151 - 155 - 156 - 158 - 159 - 160 - 161 - 162 - 164 - 168 - 170 - 171 - 172 - 177 - 179 - 180 - 182 - 183 - 184 - 187 - 189 - 191 - 192 - 193 - 195 - 196 - 197 - 198 - 200 - 201 - 203 - 205 - 206 - 208 - 210 - 211 - 212 - 213 - 214 - 216 - 217 - 219 - 222 - 223 - 224 - 225 - 226 - 229 - 230 - 231 - 232 - 233 - 234 - 237 - 239 - 242 - 244 - 245 - 246 - 247 - 249 - 250 - 252 - 254 - 256 - 257 - 258 - 259 - 263 - 266 - 269 - 271 - 274 - 275 - 276 - 277 - 278 - 280 - 281 - 282 - 283 - 284 - 285 - 286 - 287 - 289 - 291 - 294 - 296 - 297 - 298 - 299 - 300 - 302 - 304 - 305 - 306 - 311 - 312 - 313 - 315 - 316 - 317 - 318 - 320 - 323 - 324 - 325 - 327 - 328 - 333 - 334 - 336 - 337 - 338 - 339 - 342 - 343 - 344 - 345 - 348 - 349 - 351 - 352 - 355 - 356 - 358 - 359 - 361 - 362 - 363 - 364 - 365 - 367 - 369 - 370 - 372 - 373 - 375 - 376 - 378 - 379 - 383 - 384 - 387 - 388 - 389 - 390 - 391 - 393 - 399 - 401 - 404 - 405 - 408 - 411 - 412 - 415 - 416 - 418 - 421 - 422 - 423 - 430 - 431 - 432 - 434 - 438 - 440 - 441 - 442 - 443 - 444 - 447 - 448 - 450 - 451 - 452 - 456 - 461 - 463 - 464 - 465 - 466 - 467 - 468 - 469 - 471 - 472 - 474 - 475 - 476 - 478 - 483 - 484 - 485 - 487 - 489 - 490 - 492 - 493 - 495 - 496 - 497 - 498 - 499,548770.3,3.7,92922,100968,43.56,Cost: 92922 & Capacity: 100968
0 - 1 - 3 - 4 - 6 - 7 - 8 - 9 - 15 - 18 - 20 - 21 - 25 - 26 - 28 - 30 - 31 - 34 - 35 - 36 - 37 - 39 - 41 - 42 - 44 - 45 - 46 - 51 - 52 - 53 - 55 - 58 - 59 - 61 - 63 - 64 - 65 - 66 - 68 - 69 - 70 - 71 - 73 - 74 - 75 - 77 - 78 - 79 - 81 - 82 - 84 - 86 - 87 - 89 - 90 - 91 - 92 - 93 - 95 - 98 - 99 - 100 - 103 - 108 - 109 - 112 - 113 - 114 - 115 - 119 - 122 - 123 - 125 - 127 - 128 - 129 - 131 - 132 - 133 - 134 - 136 - 142 - 146 - 150 - 151 - 155 - 156 - 158 - 159 - 160 - 161 - 162 - 164 - 168 - 170 - 171 - 172 - 177 - 179 - 180 - 182 - 183 - 184 - 187 - 189 - 191 - 192 - 193 - 195 - 196 - 197 - 198 - 200 - 201 - 203 - 205 - 206 - 208 - 210 - 211 - 212 - 213 - 214 - 216 - 217 - 219 - 222 - 223 - 224 - 225 - 226 - 229 - 230 - 231 - 232 - 233 - 234 - 237 - 239 - 242 - 244 - 245 - 246 - 247 - 249 - 250 - 252 - 254 - 256 - 257 - 258 - 259 - 263 - 266 - 269 - 271 - 274 - 275 - 276 - 277 - 278 - 280 - 281 - 282 - 283 - 284 - 285 - 286 - 287 - 289 - 291 - 294 - 296 - 297 - 298 - 299 - 300 - 302 - 304 - 305 - 306 - 311 - 312 - 313 - 315 - 316 - 317 - 318 - 320 - 323 - 324 - 325 - 327 - 328 - 333 - 334 - 336 - 337 - 338 - 339 - 342 - 343 - 344 - 345 - 348 - 349 - 351 - 352 - 355 - 356 - 358 - 359 - 361 - 362 - 363 - 364 - 365 - 367 - 369 - 370 - 372 - 373 - 375 - 376 - 378 - 379 - 383 - 384 - 387 - 388 - 389 - 390 - 391 - 393 - 399 - 401 - 404 - 405 - 408 - 411 - 412 - 415 - 416 - 418 - 421 - 422 - 423 - 430 - 431 - 432 - 434 - 438 - 440 - 441 - 442 - 443 - 444 - 447 - 448 - 450 - 451 - 452 - 456 - 461 - 463 - 464 - 465 - 466 - 467 - 468 - 469 - 471 - 472 - 474 - 475 - 476 - 478 - 483 - 484 - 485 - 487 - 489 - 490 - 492 - 493 - 495 - 496 - 497 - 498 - 499,548770.3,3.7,92922,100968,46.28,Cost: 92922 & Capacity: 100968
3 - 4 - 8 - 9 - 13 - 15 - 18 - 19 - 20 - 24 - 25 - 26 - 28 - 30 - 39 - 41 - 42 - 46 - 51 - 53 - 56 - 59 - 60 - 64 - 69 - 71 - 72 - 74 - 77 - 79 - 87 - 89 - 90 - 91 - 92 - 105 - 108 - 113 - 117 - 122 - 123 - 127 - 128 - 129 - 131 - 132 - 133 - 134 - 136 - 144 - 151 - 152 - 156 - 158 - 159 - 160 - 161 - 163 - 164 - 166 - 167 - 168 - 170 - 171 - 172 - 173 - 174 - 183 - 184 - 187 - 188 - 191 - 193 - 195 - 196 - 197 - 200 - 203 - 204 - 206 - 208 - 209 - 212 - 213 - 220 - 221 - 223 - 226 - 231 - 233 - 236 - 237 - 239 - 242 - 244 - 245 - 246 - 249 - 250 - 252 - 258 - 264 - 265 - 267 - 269 - 271 - 278 - 279 - 280 - 281 - 284 - 286 - 289 - 292 - 297 - 303 - 305 - 310 - 316 - 318 - 323 - 324 - 327 - 334 - 335 - 336 - 337 - 338 - 339 - 342 - 345 - 347 - 349 - 354 - 357 - 359 - 362 - 364 - 365 - 368 - 369 - 373 - 376 - 377 - 379 - 380 - 382 - 383 - 385 - 391 - 393 - 397 - 398 - 399 - 400 - 402 - 403 - 404 - 405 - 407 - 408 - 410 - 412 - 413 - 414 - 415 - 416 - 418 - 419 - 422 - 423 - 424 - 426 - 427 - 430 - 431 - 432 - 440 - 441 - 442 - 443 - 444 - 445 - 446 - 451 - 453 - 464 - 465 - 466 - 468 - 469 - 473 - 475 - 476 - 478 - 483 - 484 - 488 - 490 - 496 - 497 - 498 - 499,282556.2,7.0,92890,86836,50.31,Cost: 92890 & Capacity: 86836
0 - 1 - 3 - 4 - 6 - 7 - 8 - 9 - 15 - 18 - 20 - 21 - 25 - 26 - 28 - 30 - 31 - 34 - 35 - 36 - 37 - 39 - 41 - 42 - 44 - 45 - 46 - 51 - 52 - 53 - 55 - 58 - 59 - 61 - 63 - 64 - 65 - 66 - 68 - 69 - 70 - 71 - 73 - 74 - 75 - 77 - 78 - 79 - 81 - 82 - 84 - 86 - 87 - 89 - 90 - 91 - 92 - 93 - 95 - 98 - 99 - 100 - 103 - 108 - 109 - 112 - 113 - 114 - 115 - 119 - 122 - 123 - 125 - 127 - 128 - 129 - 131 - 132 - 133 - 134 - 136 - 142 - 146 - 150 - 151 - 155 - 156 - 158 - 159 - 160 - 161 - 162 - 164 - 168 - 170 - 171 - 172 - 177 - 179 - 180 - 182 - 183 - 184 - 187 - 189 - 191 - 192 - 193 - 195 - 196 - 197 - 198 - 200 - 201 - 203 - 205 - 206 - 208 - 210 - 211 - 212 - 213 - 214 - 216 - 217 - 219 - 222 - 223 - 224 - 225 - 226 - 229 - 230 - 231 - 232 - 233 - 237 - 239 - 242 - 244 - 245 - 246 - 247 - 249 - 250 - 252 - 254 - 256 - 257 - 258 - 259 - 263 - 266 - 269 - 271 - 274 - 275 - 276 - 277 - 278 - 279 - 280 - 281 - 282 - 283 - 284 - 285 - 286 - 287 - 289 - 291 - 294 - 296 - 297 - 298 - 299 - 300 - 302 - 303 - 304 - 305 - 306 - 311 - 312 - 315 - 316 - 317 - 318 - 319 - 320 - 323 - 324 - 325 - 327 - 328 - 333 - 334 - 336 - 337 - 338 - 339 - 342 - 343 - 344 - 345 - 347 - 348 - 349 - 351 - 352 - 355 - 356 - 358 - 359 - 361 - 362 - 363 - 364 - 365 - 367 - 369 - 372 - 373 - 376 - 378 - 379 - 383 - 384 - 387 - 388 - 390 - 391 - 393 - 399 - 401 - 403 - 404 - 405 - 408 - 409 - 411 - 412 - 415 - 416 - 418 - 422 - 423 - 430 - 431 - 432 - 434 - 438 - 440 - 441 - 442 - 443 - 444 - 447 - 448 - 450 - 451 - 452 - 456 - 461 - 464 - 465 - 466 - 467 - 468 - 469 - 471 - 472 - 474 - 475 - 476 - 478 - 483 - 484 - 485 - 487 - 489 - 490 - 492 - 493 - 495 - 496 - 497 - 498 - 499,547797.4,4.0,92922,100345,51.77,Cost: 92922 & Capacity: 100345
0 - 3 - 8 - 13 - 15 - 18 - 20 - 24 - 28 - 30 - 35 - 41 - 45 - 51 - 52 - 53 - 56 - 58 - 60 - 64 - 66 - 69 - 71 - 72 - 73 - 74 - 79 - 87 - 89 - 90 - 95 - 98 - 99 - 105 - 108 - 109 - 111 - 112 - 113 - 115 - 118 - 119 - 121 - 122 - 123 - 127 - 128 - 129 - 132 - 134 - 144 - 146 - 148 - 150 - 151 - 152 - 156 - 158 - 160 - 166 - 167 - 168 - 170 - 171 - 172 - 174 - 179 - 180 - 183 - 184 - 185 - 189 - 191 - 193 - 195 - 197 - 200 - 201 - 203 - 206 - 208 - 209 - 210 - 212 - 213 - 214 - 216 - 217 - 220 - 221 - 223 - 224 - 225 - 226 - 230 - 231 - 232 - 234 - 236 - 237 - 239 - 240 - 242 - 245 - 246 - 247 - 249 - 250 - 252 - 258 - 259 - 264 - 265 - 269 - 276 - 279 - 281 - 283 - 284 - 286 - 287 - 289 - 292 - 297 - 298 - 300 - 303 - 304 - 310 - 316 - 317 - 318 - 323 - 327 - 333 - 334 - 335 - 337 - 338 - 339 - 342 - 345 - 347 - 349 - 352 - 354 - 357 - 359 - 363 - 364 - 365 - 369 - 372 - 373 - 376 - 377 - 378 - 379 - 382 - 383 - 384 - 388 - 390 - 397 - 398 - 399 - 400 - 402 - 404 - 405 - 413 - 414 - 416 - 417 - 418 - 419 - 422 - 427 - 428 - 430 - 431 - 432 - 440 - 441 - 442 - 443 - 444 - 446 - 447 - 448 - 450 - 452 - 453 - 456 - 464 - 465 - 466 - 467 - 468 - 469 - 470 - 471 - 475 - 476 - 478 - 483 - 484 - 485 - 490 - 496 - 497 - 498 - 499,309526.9,6.8,92823,86754,54.27,Cost: 92823 & Capacity: 86754
0 - 1 - 3 - 4 - 6 - 7 - 8 - 9 - 15 - 18 - 20 - 21 - 25 - 26 - 28 - 30 - 31 - 34 - 35 - 36 - 37 - 39 - 41 - 42 - 44 - 45 - 46 - 51 - 52 - 53 - 55 - 58 - 59 - 61 - 63 - 64 - 65 - 66 - 68 - 69 - 70 - 71 - 73 - 74 - 75 - 77 - 78 - 79 - 81 - 82 - 84 - 86 - 87 - 89 - 90 - 91 - 92 - 93 - 95 - 98 - 99 - 100 - 103 - 108 - 109 - 112 - 113 - 114 - 115 - 119 - 122 - 123 - 125 - 127 - 128 - 129 - 131 - 132 - 133 - 134 - 136 - 140 - 142 - 146 - 150 - 151 - 155 - 156 - 158 - 159 - 160 - 161 - 162 - 164 - 168 - 170 - 171 - 172 - 177 - 179 - 180 - 182 - 183 - 184 - 187 - 189 - 191 - 192 - 193 - 195 - 196 - 197 - 198 - 200 - 201 - 203 - 205 - 206 - 208 - 210 - 211 - 212 - 213 - 214 - 216 - 217 - 219 - 222 - 223 - 224 - 225 - 226 - 229 - 230 - 231 - 232 - 233 - 234 - 237 - 239 - 242 - 244 - 245 - 246 - 247 - 249 - 250 - 252 - 254 - 256 - 257 - 258 - 259 - 263 - 266 - 269 - 271 - 274 - 275 - 276 - 277 - 278 - 280 - 281 - 282 - 283 - 284 - 285 - 286 - 287 - 289 - 291 - 294 - 296 - 297 - 298 - 299 - 300 - 302 - 303 - 304 - 305 - 306 - 311 - 312 - 313 - 315 - 316 - 317 - 318 - 319 - 320 - 323 - 324 - 325 - 327 - 328 - 333 - 334 - 336 - 337 - 338 - 339 - 342 - 343 - 344 - 345 - 347 - 348 - 349 - 351 - 352 - 355 - 356 - 358 - 359 - 361 - 362 - 363 - 364 - 365 - 367 - 369 - 372 - 373 - 376 - 378 - 379 - 383 - 384 - 387 - 388 - 389 - 390 - 391 - 393 - 399 - 404 - 405 - 408 - 409 - 411 - 412 - 415 - 416 - 418 - 422 - 423 - 430 - 431 - 432 - 434 - 438 - 440 - 441 - 442 - 443 - 444 - 447 - 448 - 450 - 451 - 452 - 456 - 461 - 464 - 465 - 466 - 467 - 468 - 469 - 471 - 472 - 474 - 475 - 476 - 478 - 483 - 484 - 485 - 487 - 489 - 490 - 492 - 493 - 495 - 496 - 497 - 498 - 499,550324.6,3.7,92922,100521,55.95,Cost: 92922 & Capacity: 100521
0 - 1 - 3 - 4 - 6 - 7 - 8 - 9 - 15 - 18 - 20 - 21 - 25 - 26 - 28 - 30 - 31 - 34 - 35 - 36 - 37 - 39 - 41 - 42 - 45 - 46 - 51 - 52 - 53 - 55 - 58 - 59 - 61 - 63 - 64 - 65 - 66 - 68 - 69 - 70 - 71 - 73 - 74 - 75 - 77 - 78 - 79 - 81 - 82 - 84 - 86 - 87 - 89 - 90 - 91 - 92 - 93 - 95 - 98 - 99 - 100 - 103 - 108 - 109 - 112 - 113 - 114 - 115 - 119 - 122 - 123 - 125 - 127 - 128 - 129 - 131 - 132 - 133 - 134 - 136 - 142 - 146 - 150 - 151 - 155 - 156 - 158 - 159 - 160 - 161 - 162 - 164 - 168 - 170 - 171 - 172 - 177 - 179 - 180 - 182 - 183 - 184 - 187 - 189 - 191 - 192 - 193 - 195 - 196 - 197 - 198 - 200 - 201 - 203 - 205 - 206 - 208 - 210 - 211 - 212 - 213 - 214 - 216 - 217 - 219 - 222 - 223 - 224 - 225 - 226 - 229 - 230 - 231 - 232 - 233 - 237 - 239 - 242 - 244 - 245 - 246 - 247 - 249 - 250 - 252 - 254 - 256 - 257 - 258 - 259 - 263 - 266 - 269 - 271 - 274 - 275 - 276 - 277 - 278 - 279 - 280 - 281 - 282 - 283 - 284 - 285 - 286 - 287 - 289 - 291 - 294 - 296 - 297 - 298 - 299 - 300 - 302 - 303 - 304 - 305 - 306 - 311 - 312 - 313 - 315 - 316 - 317 - 318 - 320 - 323 - 324 - 325 - 327 - 328 - 333 - 334 - 336 - 337 - 338 - 339 - 342 - 343 - 344 - 345 - 347 - 348 - 349 - 351 - 352 - 355 - 356 - 358 - 359 - 361 - 362 - 363 - 364 - 365 - 367 - 369 - 372 - 373 - 376 - 378 - 379 - 383 - 384 - 387 - 388 - 389 - 390 - 391 - 393 - 399 - 401 - 403 - 404 - 405 - 408 - 411 - 412 - 415 - 416 - 418 - 422 - 423 - 430 - 431 - 432 - 434 - 438 - 440 - 441 - 442 - 443 - 444 - 447 - 448 - 450 - 451 - 452 - 456 - 461 - 463 - 464 - 465 - 466 - 467 - 468 - 469 - 471 - 472 - 474 - 475 - 476 - 478 - 483 - 484 - 485 - 487 - 489 - 490 - 492 - 493 - 495 - 496 - 497 - 498 - 499,546548.8,4.2,92923,100449,59.55,Cost: 92923 & Capacity: 100449
0 - 1 - 3 - 4 - 6 - 7 - 8 - 9 - 15 - 18 - 20 - 21 - 25 - 26 - 28 - 30 - 31 - 34 - 35 - 36 - 37 - 39 - 41 - 42 - 44 - 45 - 46 - 51 - 52 - 53 - 55 - 58 - 59 - 61 - 63 - 64 - 65 - 66 - 68 - 69 - 70 - 71 - 73 - 74 - 75 - 77 - 78 - 79 - 81 - 82 - 84 - 86 - 87 - 89 - 90 - 91 - 92 - 93 - 95 - 98 - 99 - 100 - 103 - 108 - 109 - 112 - 113 - 114 - 115 - 119 - 122 - 123 - 125 - 127 - 128 - 129 - 131 - 132 - 133 - 134 - 136 - 142 - 146 - 150 - 151 - 155 - 156 - 158 - 159 - 160 - 161 - 162 - 164 - 168 - 170 - 171 - 172 - 177 - 179 - 180 - 182 - 183 - 184 - 187 - 189 - 191 - 192 - 193 - 195 - 196 - 197 - 198 - 200 - 201 - 203 - 205 - 206 - 208 - 210 - 211 - 212 - 213 - 214 - 216 - 217 - 219 - 222 - 223 - 224 - 225 - 226 - 229 - 230 - 231 - 232 - 233 - 234 - 237 - 239 - 242 - 244 - 245 - 246 - 247 - 249 - 250 - 252 - 254 - 256 - 257 - 258 - 259 - 263 - 266 - 269 - 271 - 274 - 275 - 276 - 277 - 278 - 280 - 281 - 282 - 283 - 284 - 285 - 286 - 287 - 289 - 291 - 294 - 296 - 297 - 298 - 299 - 300 - 302 - 304 - 305 - 306 - 311 - 312 - 313 - 315 - 316 - 317 - 318 - 320 - 323 - 324 - 325 - 327 - 328 - 333 - 334 - 336 - 337 - 338 - 339 - 342 - 343 - 344 - 345 - 348 - 349 - 351 - 352 - 355 - 356 - 358 - 359 - 361 - 362 - 363 - 364 - 365 - 367 - 369 - 370 - 372 - 373 - 375 - 376 - 378 - 379 - 383 - 384 - 387 - 388 - 389 - 390 - 391 - 393 - 399 - 401 - 404 - 405 - 408 - 411 - 412 - 415 - 416 - 418 - 421 - 422 - 423 - 430 - 431 - 432 - 434 - 438 - 440 - 441 - 442 - 443 - 444 - 447 - 448 - 450 - 451 - 452 - 456 - 461 - 463 - 464 - 465 - 466 - 467 - 468 - 469 - 471 - 472 - 474 - 475 - 476 - 478 - 483 - 484 - 485 - 487 - 489 - 490 - 492 - 493 - 495 - 496 - 497 - 498 - 499,548770.3,3.7,92922,100968,61.45,Cost: 92922 & Capacity: 100968
0 - 1 - 3 - 4 - 6 - 7 - 8 - 9 - 15 - 18 - 20 - 21 - 25 - 26 - 28 - 30 - 31 - 34 - 35 - 36 - 37 - 39 - 41 - 42 - 44 - 45 - 46 - 51 - 52 - 53 - 55 - 58 - 59 - 61 - 63 - 64 - 65 - 66 - 68 - 69 - 70 - 71 - 73 - 74 - 75 - 77 - 78 - 79 - 81 - 82 - 84 - 86 - 87 - 89 - 90 - 91 - 92 - 93 - 95 - 98 - 99 - 100 - 103 - 108 - 109 - 112 - 113 - 114 - 115 - 119 - 122 - 123 - 125 - 127 - 128 - 129 - 131 - 132 - 133 - 134 - 136 - 142 - 146 - 150 - 151 - 155 - 156 - 158 - 159 - 160 - 161 - 162 - 164 - 168 - 170 - 171 - 172 - 177 - 179 - 180 - 182 - 183 - 184 - 187 - 189 - 191 - 192 - 193 - 195 - 196 - 197 - 198 - 200 - 201 - 203 - 205 - 206 - 208 - 210 - 211 - 212 - 213 - 214 - 216 - 217 - 219 - 222 - 223 - 224 - 225 - 226 - 229 - 230 - 231 - 232 - 233 - 234 - 237 - 239 - 242 - 244 - 245 - 246 - 247 - 249 - 250 - 252 - 254 - 256 - 257 - 258 - 259 - 263 - 266 - 269 - 271 - 274 - 275 - 276 - 277 - 278 - 280 - 281 - 282 - 283 - 284 - 285 - 286 - 287 - 289 - 291 - 294 - 296 - 297 - 298 - 299 - 300 - 302 - 304 - 305 - 306 - 311 - 312 - 313 - 315 - 316 - 317 - 318 - 320 - 323 - 324 - 325 - 327 - 328 - 333 - 334 - 336 - 337 - 338 - 339 - 342 - 343 - 344 - 345 - 348 - 349 - 351 - 352 - 355 - 356 - 358 - 359 - 361 - 362 - 363 - 364 - 365 - 367 - 369 - 370 - 372 - 373 - 375 - 376 - 378 - 379 - 383 - 384 - 387 - 388 - 389 - 390 - 391 - 393 - 399 - 401 - 404 - 405 - 408 - 411 - 412 - 415 - 416 - 418 - 421 - 422 - 423 - 430 - 431 - 432 - 434 - 438 - 440 - 441 - 442 - 443 - 444 - 447 - 448 - 450 - 451 - 452 - 456 - 461 - 463 - 464 - 465 - 466 - 467 - 468 - 469 - 471 - 472 - 474 - 475 - 476 - 478 - 483 - 484 - 485 - 487 - 489 - 490 - 492 - 493 - 495 - 496 - 497 - 498 - 499,548770.3,3.7,92922,100968,61.88,Cost: 92922 & Capacity: 100968
0 - 1 - 3 - 4 - 6 - 7 - 8 - 9 - 15 - 18 - 20 - 21 - 25 - 26 - 28 - 30 - 31 - 34 - 35 - 36 - 37 - 39 - 41 - 42 - 44 - 45 - 46 - 51 - 52 - 53 - 55 - 58 - 59 - 61 - 63 - 64 - 65 - 66 - 68 - 69 - 70 - 71 - 73 - 74 - 75 - 77 - 78 - 79 - 81 - 82 - 84 - 86 - 87 - 89 - 90 - 91 - 92 - 93 - 95 - 98 - 99 - 100 - 103 - 108 - 109 - 112 - 113 - 114 - 115 - 119 - 122 - 123 - 125 - 127 - 128 - 129 - 131 - 132 - 133 - 134 - 136 - 142 - 146 - 150 - 151 - 155 - 156 - 158 - 159 - 160 - 161 - 162 - 164 - 168 - 170 - 171 - 172 - 177 - 179 - 180 - 182 - 183 - 184 - 187 - 189 - 191 - 192 - 193 - 195 - 196 - 197 - 198 - 200 - 201 - 203 - 205 - 206 - 208 - 210 - 211 - 212 - 213 - 214 - 216 - 217 - 219 - 222 - 223 - 224 - 225 - 226 - 229 - 230 - 231 - 232 - 233 - 234 - 237 - 239 - 242 - 244 - 245 - 246 - 247 - 249 - 250 - 252 - 254 - 256 - 257 - 258 - 259 - 263 - 266 - 269 - 271 - 274 - 275 - 276 - 277 - 278 - 280 - 281 - 282 - 283 - 284 - 285 - 286 - 287 - 289 - 291 - 294 - 296 - 297 - 298 - 299 - 300 - 302 - 304 - 305 - 306 - 311 - 312 - 313 - 315 - 316 - 317 - 318 - 320 - 323 - 324 - 325 - 327 - 328 - 333 - 334 - 336 - 337 - 338 - 339 - 342 - 343 - 344 - 345 - 348 - 349 - 351 - 352 - 355 - 356 - 358 - 359 - 361 - 362 - 363 - 364 - 365 - 367 - 369 - 370 - 372 - 373 - 375 - 376 - 378 - 379 - 383 - 384 - 387 - 388 - 389 - 390 - 391 - 393 - 399 - 401 - 404 - 405 - 408 - 411 - 412 - 415 - 416 - 418 - 421 - 422 - 423 - 430 - 431 - 432 - 434 - 438 - 440 - 441 - 442 - 443 - 444 - 447 - 448 - 450 - 451 - 452 - 456 - 461 - 463 - 464 - 465 - 466 - 467 - 468 - 469 - 471 - 472 - 474 - 475 - 476 - 478 - 483 - 484 - 485 - 487 - 489 - 490 - 492 - 493 - 495 - 496 - 497 - 498 - 499,548770.3,3.7,92922,100968,63.22,Cost: 92922 & Capacity: 100968
0 - 1 - 3 - 4 - 6 - 7 - 8 - 9 - 15 - 18 - 20 - 21 - 25 - 26 - 28 - 30 - 31 - 34 - 35 - 36 - 37 - 39 - 41 - 42 - 44 - 45 - 46 - 51 - 52 - 53 - 55 - 58 - 59 - 61 - 63 - 64 - 65 - 66 - 68 - 69 - 70 - 71 - 73 - 74 - 75 - 77 - 78 - 79 - 81 - 82 - 84 - 86 - 87 - 89 - 90 - 91 - 92 - 93 - 95 - 98 - 99 - 100 - 103 - 108 - 109 - 112 - 113 - 114 - 115 - 119 - 122 - 123 - 125 - 127 - 128 - 129 - 131 - 132 - 133 - 134 - 136 - 142 - 146 - 150 - 151 - 155 - 156 - 158 - 159 - 160 - 161 - 162 - 164 - 168 - 170 - 171 - 172 - 177 - 179 - 180 - 182 - 183 - 184 - 187 - 189 - 191 - 192 - 193 - 195 - 196 - 197 - 198 - 200 - 201 - 203 - 205 - 206 - 208 - 210 - 211 - 212 - 213 - 214 - 216 - 217 - 219 - 222 - 223 - 224 - 225 - 226 - 229 - 230 - 231 - 232 - 233 - 234 - 237 - 239 - 242 - 244 - 245 - 246 - 247 - 249 - 250 - 252 - 254 - 256 - 257 - 258 - 259 - 263 - 266 - 269 - 271 - 274 - 275 - 276 - 277 - 278 - 280 - 281 - 282 - 283 - 284 - 285 - 286 - 287 - 289 - 291 - 294 - 296 - 297 - 298 - 299 - 300 - 302 - 304 - 305 - 306 - 311 - 312 - 313 - 315 - 316 - 317 - 318 - 320 - 323 - 324 - 325 - 327 - 328 - 333 - 334 - 336 - 337 - 338 - 339 - 342 - 343 - 344 - 345 - 348 - 349 - 351 - 352 - 355 - 356 - 358 - 359 - 361 - 362 - 363 - 364 - 365 - 367 - 369 - 370 - 372 - 373 - 375 - 376 - 378 - 379 - 383 - 384 - 387 - 388 - 389 - 390 - 391 - 393 - 399 - 401 - 404 - 405 - 408 - 411 - 412 - 415 - 416 - 418 - 421 - 422 - 423 - 430 - 431 - 432 - 434 - 438 - 440 - 441 - 442 - 443 - 444 - 447 - 448 - 450 - 451 - 452 - 456 - 461 - 463 - 464 - 465 - 466 - 467 - 468 - 469 - 471 - 472 - 474 - 475 - 476 - 478 - 483 - 484 - 485 - 487 - 489 - 490 - 492 - 493 - 495 - 496 - 497 - 498 - 499,548770.3,3.7,92922,100968,66.23,Cost: 92922 & Capacity: 100968
0 - 1 - 3 - 4 - 6 - 7 - 8 - 9 - 15 - 18 - 20 - 21 - 25 - 26 - 28 - 30 - 31 - 34 - 35 - 36 - 37 - 39 - 41 - 42 - 44 - 45 - 46 - 51 - 52 - 53 - 55 - 58 - 59 - 61 - 63 - 64 - 65 - 66 - 68 - 69 - 70 - 71 - 73 - 74 - 75 - 77 - 78 - 79 - 81 - 82 - 84 - 86 - 87 - 89 - 90 - 91 - 92 - 93 - 95 - 98 - 99 - 100 - 103 - 108 - 109 - 112 - 113 - 114 - 115 - 119 - 122 - 123 - 125 - 127 - 128 - 129 - 131 - 132 - 133 - 134 - 136 - 142 - 146 - 150 - 151 - 155 - 156 - 158 - 159 - 160 - 161 - 162 - 164 - 168 - 170 - 171 - 172 - 177 - 179 - 180 - 182 - 183 - 184 - 187 - 189 - 191 - 192 - 193 - 195 - 196 - 197 - 198 - 200 - 201 - 203 - 205 - 206 - 208 - 210 - 211 - 212 - 213 - 214 - 216 - 217 - 219 - 222 - 223 - 224 - 225 - 226 - 229 - 230 - 231 - 232 - 233 - 234 - 237 - 239 - 242 - 244 - 245 - 246 - 247 - 249 - 250 - 252 - 254 - 256 - 257 - 258 - 259 - 263 - 266 - 269 - 271 - 274 - 275 - 276 - 277 - 278 - 280 - 281 - 282 - 283 - 284 - 285 - 286 - 287 - 289 - 291 - 294 - 296 - 297 - 298 - 299 - 300 - 302 - 304 - 305 - 306 - 311 - 312 - 313 - 315 - 316 - 317 - 318 - 320 - 323 - 324 - 325 - 327 - 328 - 333 - 334 - 336 - 337 - 338 - 339 - 342 - 343 - 344 - 345 - 348 - 349 - 351 - 352 - 355 - 356 - 358 - 359 - 361 - 362 - 363 - 364 - 365 - 367 - 369 - 370 - 372 - 373 - 375 - 376 - 378 - 379 - 383 - 384 - 387 - 388 - 389 - 390 - 391 - 393 - 399 - 401 - 404 - 405 - 408 - 411 - 412 - 415 - 416 - 418 - 421 - 422 - 423 - 430 - 431 - 432 - 434 - 438 - 440 - 441 - 442 - 443 - 444 - 447 - 448 - 450 - 451 - 452 - 456 - 461 - 463 - 464 - 465 - 466 - 467 - 468 - 469 - 471 - 472 - 474 - 475 - 476 - 478 - 483 - 484 - 485 - 487 - 489 - 490 - 492 - 493 - 495 - 496 - 497 - 498 - 499,548770.3,3.7,92922,100968,67.97,Cost: 92922 & Capacity: 100968
0 - 1 - 3 - 4 - 6 - 7 - 8 - 9 - 15 - 18 - 20 - 21 - 25 - 26 - 28 - 30 - 31 - 34 - 35 - 36 - 37 - 39 - 41 - 42 - 44 - 45 - 46 - 51 - 52 - 53 - 55 - 58 - 59 - 61 - 63 - 64 - 65 - 66 - 68 - 69 - 70 - 71 - 73 - 74 - 75 - 77 - 78 - 79 - 81 - 82 - 84 - 86 - 87 - 89 - 90 - 91 - 92 - 93 - 95 - 98 - 99 - 100 - 103 - 108 - 109 - 112 - 113 - 114 - 115 - 119 - 122 - 123 - 125 - 127 - 128 - 129 - 131 - 132 - 133 - 134 - 136 - 142 - 146 - 150 - 151 - 155 - 156 - 158 - 159 - 160 - 161 - 162 - 164 - 168 - 170 - 171 - 172 - 177 - 179 - 180 - 182 - 183 - 184 - 187 - 189 - 191 - 192 - 193 - 195 - 196 - 197 - 198 - 200 - 201 - 203 - 205 - 206 - 208 - 210 - 211 - 212 - 213 - 214 - 216 - 217 - 219 - 222 - 223 - 224 - 225 - 226 - 229 - 230 - 231 - 232 - 233 - 234 - 237 - 239 - 242 - 244 - 245 - 246 - 247 - 249 - 250 - 252 - 254 - 256 - 257 - 258 - 259 - 263 - 266 - 269 - 271 - 274 - 275 - 276 - 277 - 278 - 280 - 281 - 282 - 283 - 284 - 285 - 286 - 287 - 289 - 291 - 294 - 296 - 297 - 298 - 299 - 300 - 302 - 304 - 305 - 306 - 311 - 312 - 313 - 315 - 316 - 317 - 318 - 320 - 323 - 324 - 325 - 327 - 328 - 333 - 334 - 336 - 337 - 338 - 339 - 342 - 343 - 344 - 345 - 348 - 349 - 351 - 352 - 355 - 356 - 358 - 359 - 361 - 362 - 363 - 364 - 365 - 367 - 369 - 370 - 372 - 373 - 375 - 376 - 378 - 379 - 383 - 384 - 387 - 388 - 389 - 390 - 391 - 393 - 399 - 401 - 404 - 405 - 408 - 411 - 412 - 415 - 416 - 418 - 421 - 422 - 423 - 430 - 431 - 432 - 434 - 438 - 440 - 441 - 442 - 443 - 444 - 447 - 448 - 450 - 451 - 452 - 456 - 461 - 463 - 464 - 465 - 466 - 467 - 468 - 469 - 471 - 472 - 474 - 475 - 476 - 478 - 483 - 484 - 485 - 487 - 489 - 490 - 492 - 493 - 495 - 496 - 497 - 498 - 499,548770.3,3.7,92922,100968,68.91,Cost: 92922 & Capacity: 100968
0 - 1 - 3 - 4 - 6 - 7 - 8 - 9 - 15 - 18 - 20 - 21 - 25 - 26 - 28 - 30 - 31 - 34 - 35 - 36 - 37 - 39 - 41 - 42 - 44 - 45 - 46 - 51 - 52 - 53 - 55 - 58 - 59 - 61 - 63 - 64 - 65 - 66 - 68 - 69 - 70 - 71 - 73 - 74 - 75 - 77 - 78 - 79 - 81 - 82 - 84 - 86 - 87 - 89 - 90 - 91 - 92 - 93 - 95 - 98 - 99 - 100 - 103 - 108 - 109 - 112 - 113 - 114 - 115 - 119 - 122 - 123 - 125 - 127 - 128 - 129 - 131 - 132 - 133 - 134 - 136 - 142 - 146 - 150 - 151 - 155 - 156 - 158 - 159 - 160 - 161 - 162 - 164 - 168 - 170 - 171 - 172 - 177 - 179 - 180 - 182 - 183 - 184 - 187 - 189 - 191 - 192 - 193 - 195 - 196 - 197 - 198 - 200 - 201 - 203 - 205 - 206 - 208 - 210 - 211 - 212 - 213 - 214 - 216 - 217 - 219 - 222 - 223 - 224 - 225 - 226 - 229 - 230 - 231 - 232 - 233 - 234 - 237 - 239 - 242 - 244 - 245 - 246 - 247 - 249 - 250 - 252 - 254 - 256 - 257 - 258 - 259 - 263 - 266 - 269 - 271 - 274 - 275 - 276 - 277 - 278 - 280 - 281 - 282 - 283 - 284 - 285 - 286 - 287 - 289 - 291 - 294 - 296 - 297 - 298 - 299 - 300 - 302 - 304 - 305 - 306 - 311 - 312 - 313 - 315 - 316 - 317 - 318 - 320 - 323 - 324 - 325 - 327 - 328 - 333 - 334 - 336 - 337 - 338 - 339 - 342 - 343 - 344 - 345 - 348 - 349 - 351 - 352 - 355 - 356 - 358 - 359 - 361 - 362 - 363 - 364 - 365 - 367 - 369 - 370 - 372 - 373 - 375 - 376 - 378 - 379 - 383 - 384 - 387 - 388 - 389 - 390 - 391 - 393 - 399 - 401 - 404 - 405 - 408 - 411 - 412 - 415 - 416 - 418 - 421 - 422 - 423 - 430 - 431 - 432 - 434 - 438 - 440 - 441 - 442 - 443 - 444 - 447 - 448 - 450 - 451 - 452 - 456 - 461 - 463 - 464 - 465 - 466 - 467 - 468 - 469 - 471 - 472 - 474 - 475 - 476 - 478 - 483 - 484 - 485 - 487 - 489 - 490 - 492 - 493 - 495 - 496 - 497 - 498 - 499,548770.3,3.7,92922,100968,70.35,Cost: 92922 & Capacity: 100968
0 - 1 - 3 - 4 - 6 - 7 - 8 - 9 - 15 - 18 - 20 - 21 - 25 - 26 - 28 - 30 - 31 - 34 - 35 - 36 - 37 - 39 - 41 - 42 - 44 - 45 - 46 - 51 - 52 - 53 - 55 - 58 - 59 - 61 - 63 - 64 - 65 - 66 - 68 - 69 - 70 - 71 - 73 - 74 - 75 - 77 - 78 - 79 - 81 - 82 - 84 - 86 - 87 - 89 - 90 - 91 - 92 - 93 - 95 - 98 - 99 - 100 - 103 - 108 - 109 - 112 - 113 - 114 - 115 - 119 - 122 - 123 - 125 - 127 - 128 - 129 - 131 - 132 - 133 - 134 - 136 - 142 - 146 - 150 - 151 - 155 - 156 - 158 - 159 - 160 - 161 - 162 - 164 - 168 - 170 - 171 - 172 - 177 - 179 - 180 - 182 - 183 - 184 - 187 - 189 - 191 - 192 - 193 - 195 - 196 - 197 - 198 - 200 - 201 - 203 - 205 - 206 - 208 - 210 - 211 - 212 - 213 - 214 - 216 - 217 - 219 - 222 - 223 - 224 - 225 - 226 - 229 - 230 - 231 - 232 - 233 - 234 - 237 - 239 - 242 - 244 - 245 - 246 - 247 - 249 - 250 - 252 - 254 - 256 - 257 - 258 - 259 - 263 - 266 - 269 - 271 - 274 - 275 - 276 - 277 - 278 - 280 - 281 - 282 - 283 - 284 - 285 - 286 - 287 - 289 - 291 - 294 - 296 - 297 - 298 - 299 - 300 - 302 - 304 - 305 - 306 - 311 - 312 - 313 - 315 - 316 - 317 - 318 - 320 - 323 - 324 - 325 - 327 - 328 - 333 - 334 - 336 - 337 - 338 - 339 - 342 - 343 - 344 - 345 - 348 - 349 - 351 - 352 - 355 - 356 - 358 - 359 - 361 - 362 - 363 - 364 - 365 - 367 - 369 - 370 - 372 - 373 - 375 - 376 - 378 - 379 - 383 - 384 - 387 - 388 - 389 - 390 - 391 - 393 - 399 - 401 - 404 - 405 - 408 - 411 - 412 - 415 - 416 - 418 - 421 - 422 - 423 - 430 - 431 - 432 - 434 - 438 - 440 - 441 - 442 - 443 - 444 - 447 - 448 - 450 - 451 - 452 - 456 - 461 - 463 - 464 - 465 - 466 - 467 - 468 - 469 - 471 - 472 - 474 - 475 - 476 - 478 - 483 - 484 - 485 - 487 - 489 - 490 - 492 - 493 - 495 - 496 - 497 - 498 - 499,548770.3,3.7,92922,100968,72.12,Cost: 92922 & Capacity: 100968
0 - 1 - 3 - 4 - 6 - 7 - 8 - 9 - 15 - 18 - 20 - 21 - 25 - 26 - 28 - 30 - 31 - 34 - 35 - 36 - 37 - 39 - 41 - 42 - 44 - 45 - 46 - 51 - 52 - 53 - 55 - 58 - 59 - 61 - 63 - 64 - 65 - 66 - 68 - 69 - 70 - 71 - 73 - 74 - 75 - 77 - 78 - 79 - 81 - 82 - 84 - 86 - 87 - 89 - 90 - 91 - 92 - 93 - 95 - 98 - 99 - 100 - 103 - 108 - 109 - 112 - 113 - 114 - 115 - 119 - 122 - 123 - 125 - 127 - 128 - 129 - 131 - 132 - 133 - 134 - 136 - 142 - 146 - 150 - 151 - 155 - 156 - 158 - 159 - 160 - 161 - 162 - 164 - 168 - 170 - 171 - 172 - 177 - 179 - 180 - 182 - 183 - 184 - 187 - 189 - 191 - 192 - 193 - 195 - 196 - 197 - 198 - 200 - 201 - 203 - 205 - 206 - 208 - 210 - 211 - 212 - 213 - 214 - 216 - 217 - 219 - 222 - 223 - 224 - 225 - 226 - 229 - 230 - 231 - 232 - 233 - 234 - 237 - 239 - 242 - 244 - 245 - 246 - 247 - 249 - 250 - 252 - 254 - 256 - 257 - 258 - 259 - 263 - 266 - 269 - 271 - 274 - 275 - 276 - 277 - 278 - 280 - 281 - 282 - 283 - 284 - 285 - 286 - 287 - 289 - 291 - 294 - 296 - 297 - 298 - 299 - 300 - 302 - 304 - 305 - 306 - 311 - 312 - 313 - 315 - 316 - 317 - 318 - 319 - 320 - 323 - 324 - 325 - 327 - 328 - 333 - 334 - 336 - 337 - 338 - 339 - 342 - 343 - 344 - 345 - 348 - 349 - 351 - 352 - 355 - 356 - 358 - 359 - 361 - 362 - 363 - 364 - 365 - 367 - 369 - 372 - 373 - 375 - 376 - 378 - 379 - 383 - 384 - 387 - 388 - 389 - 390 - 391 - 393 - 399 - 401 - 404 - 405 - 408 - 411 - 412 - 415 - 416 - 418 - 421 - 422 - 423 - 430 - 431 - 432 - 434 - 438 - 440 - 441 - 442 - 443 - 444 - 447 - 448 - 450 - 451 - 452 - 456 - 461 - 463 - 464 - 465 - 466 - 467 - 468 - 469 - 471 - 472 - 474 - 475 - 476 - 478 - 483 - 484 - 485 - 487 - 489 - 490 - 492 - 493 - 495 - 496 - 497 - 498 - 499,549028.2,3.7,92920,100867,72.15,Cost: 92920 & Capacity: 100867
3 - 10 - 15 - 18 - 20 - 26 - 37 - 41 - 48 - 53 - 60 - 68 - 71 - 80 - 87 - 91 - 113 - 115 - 120 - 126 - 127 - 144 - 159 - 163 - 165 - 171 - 173 - 174 - 180 - 185 - 192 - 200 - 202 - 203 - 206 - 209 - 214 - 218 - 225 - 226 - 227 - 234 - 236 - 237 - 239 - 242 - 243 - 245 - 251 - 252 - 258 - 260 - 280 - 292 - 296 - 297 - 301 - 310 - 316 - 318 - 329 - 330 - 334 - 335 - 343 - 346 - 347 - 357 - 359 - 361 - 369 - 377 - 383 - 386 - 391 - 398 - 402 - 404 - 405 - 407 - 408 - 409 - 411 - 412 - 413 - 419 - 422 - 425 - 428 - 431 - 438 - 451 - 468 - 469 - 470 - 473 - 481 - 484 - 485 - 495,72362.0,8.6,63811,52678,75.21,Cost: 63811 & Capacity: 52678
0 - 1 - 3 - 4 - 6 - 7 - 8 - 9 - 15 - 18 - 20 - 21 - 25 - 26 - 28 - 30 - 31 - 34 - 35 - 36 - 37 - 39 - 41 - 42 - 44 - 45 - 46 - 51 - 52 - 53 - 55 - 58 - 59 - 61 - 63 - 64 - 65 - 66 - 68 - 69 - 70 - 71 - 73 - 74 - 75 - 77 - 78 - 79 - 81 - 82 - 84 - 86 - 87 - 89 - 90 - 91 - 92 - 93 - 95 - 98 - 99 - 100 - 103 - 108 - 109 - 112 - 113 - 114 - 115 - 119 - 122 - 123 - 125 - 127 - 128 - 129 - 131 - 132 - 133 - 134 - 136 - 142 - 146 - 150 - 151 - 155 - 156 - 158 - 159 - 160 - 161 - 162 - 164 - 168 - 170 - 171 - 172 - 177 - 179 - 180 - 182 - 183 - 184 - 187 - 189 - 191 - 192 - 193 - 195 - 196 - 197 - 198 - 200 - 201 - 203 - 205 - 206 - 208 - 210 - 211 - 212 - 213 - 214 - 216 - 217 - 219 - 222 - 223 - 224 - 225 - 226 - 229 - 230 - 231 - 232 - 233 - 234 - 237 - 239 - 242 - 244 - 245 - 246 - 247 - 249 - 250 - 252 - 254 - 256 - 257 - 258 - 259 - 263 - 266 - 269 - 271 - 274 - 275 - 276 - 277 - 278 - 280 - 281 - 282 - 283 - 284 - 285 - 286 - 287 - 289 - 291 - 294 - 296 - 297 - 298 - 299 - 300 - 302 - 304 - 305 - 306 - 311 - 312 - 313 - 315 - 316 - 317 - 318 - 320 - 323 - 324 - 325 - 327 - 328 - 333 - 334 - 336 - 337 - 338 - 339 - 342 - 343 - 344 - 345 - 348 - 349 - 351 - 352 - 355 - 356 - 358 - 359 - 361 - 362 - 363 - 364 - 365 - 367 - 369 - 370 - 372 - 373 - 375 - 376 - 378 - 379 - 383 - 384 - 387 - 388 - 389 - 390 - 391 - 393 - 399 - 401 - 404 - 405 - 408 - 411 - 412 - 415 - 416 - 418 - 421 - 422 - 423 - 430 - 431 - 432 - 434 - 438 - 440 - 441 - 442 - 443 - 444 - 447 - 448 - 450 - 451 - 452 - 456 - 461 - 463 - 464 - 465 - 466 - 467 - 468 - 469 - 471 - 472 - 474 - 475 - 476 - 478 - 483 - 484 - 485 - 487 - 489 - 490 - 492 - 493 - 495 - 496 - 497 - 498 - 499,548770.3,3.7,92922,100968,76.92,Cost: 92922 & Capacity: 100968
0 - 1 - 3 - 4 - 6 - 7 - 8 - 9 - 15 - 18 - 20 - 21 - 25 - 26 - 28 - 30 - 31 - 34 - 35 - 36 - 37 - 39 - 41 - 42 - 44 - 45 - 46 - 51 - 52 - 53 - 55 - 58 - 59 - 61 - 63 - 64 - 65 - 66 - 68 - 69 - 70 - 71 - 73 - 74 - 75 - 77 - 78 - 79 - 81 - 82 - 84 - 86 - 87 - 89 - 90 - 91 - 92 - 93 - 95 - 98 - 99 - 100 - 103 - 108 - 109 - 112 - 113 - 114 - 115 - 119 - 122 - 123 - 125 - 127 - 128 - 129 - 131 - 132 - 133 - 134 - 136 - 142 - 146 - 150 - 151 - 155 - 156 - 158 - 159 - 160 - 161 - 162 - 164 - 168 - 170 - 171 - 172 - 177 - 179 - 180 - 182 - 183 - 184 - 187 - 189 - 191 - 192 - 193 - 195 - 196 - 197 - 198 - 200 - 201 - 203 - 205 - 206 - 208 - 210 - 211 - 212 - 213 - 214 - 216 - 217 - 219 - 222 - 223 - 224 - 225 - 226 - 229 - 230 - 231 - 232 - 233 - 234 - 237 - 239 - 242 - 244 - 245 - 246 - 247 - 249 - 250 - 252 - 254 - 256 - 257 - 258 - 259 - 263 - 266 - 269 - 271 - 274 - 275 - 276 - 277 - 278 - 280 - 281 - 282 - 283 - 284 - 285 - 286 - 287 - 289 - 291 - 294 - 296 - 297 - 298 - 299 - 300 - 302 - 304 - 305 - 306 - 311 - 312 - 313 - 315 - 316 - 317 - 318 - 320 - 323 - 324 - 325 - 327 - 328 - 333 - 334 - 336 - 337 - 338 - 339 - 342 - 343 - 344 - 345 - 348 - 349 - 351 - 352 - 355 - 356 - 358 - 359 - 361 - 362 - 363 - 364 - 365 - 367 - 369 - 370 - 372 - 373 - 375 - 376 - 378 - 379 - 383 - 384 - 387 - 388 - 389 - 390 - 391 - 393 - 399 - 401 - 404 - 405 - 408 - 411 - 412 - 415 - 416 - 418 - 421 - 422 - 423 - 430 - 431 - 432 - 434 - 438 - 440 - 441 - 442 - 443 - 444 - 447 - 448 - 450 - 451 - 452 - 456 - 461 - 463 - 464 - 465 - 466 - 467 - 468 - 469 - 471 - 472 - 474 - 475 - 476 - 478 - 483 - 484 - 485 - 487 - 489 - 490 - 492 - 493 - 495 - 496 - 497 - 498 - 499,548770.3,3.7,92922,100968,83.79,Cost: 92922 & Capacity: 100968
0 - 1 - 3 - 4 - 6 - 7 - 8 - 9 - 15 - 18 - 20 - 21 - 25 - 26 - 28 - 30 - 31 - 34 - 35 - 36 - 37 - 39 - 41 - 42 - 45 - 46 - 52 - 53 - 55 - 56 - 58 - 59 - 63 - 64 - 65 - 66 - 68 - 69 - 70 - 71 - 73 - 74 - 75 - 77 - 78 - 79 - 81 - 82 - 84 - 86 - 87 - 89 - 90 - 91 - 92 - 93 - 95 - 98 - 99 - 100 - 103 - 108 - 109 - 112 - 113 - 115 - 119 - 122 - 123 - 125 - 127 - 128 - 129 - 131 - 132 - 133 - 134 - 136 - 142 - 144 - 146 - 150 - 151 - 156 - 158 - 159 - 160 - 161 - 162 - 164 - 168 - 170 - 171 - 172 - 177 - 179 - 180 - 182 - 183 - 184 - 187 - 189 - 191 - 192 - 193 - 195 - 196 - 197 - 198 - 200 - 201 - 203 - 205 - 206 - 208 - 209 - 210 - 211 - 212 - 213 - 214 - 216 - 217 - 219 - 222 - 223 - 224 - 225 - 226 - 229 - 230 - 231 - 232 - 233 - 237 - 239 - 242 - 244 - 245 - 246 - 247 - 249 - 250 - 252 - 254 - 256 - 257 - 258 - 259 - 263 - 266 - 269 - 271 - 274 - 275 - 276 - 277 - 278 - 279 - 280 - 281 - 282 - 283 - 284 - 285 - 286 - 287 - 289 - 291 - 294 - 296 - 297 - 298 - 300 - 302 - 303 - 305 - 306 - 311 - 312 - 313 - 315 - 316 - 317 - 318 - 320 - 323 - 324 - 325 - 327 - 328 - 333 - 334 - 336 - 337 - 338 - 339 - 342 - 343 - 344 - 345 - 347 - 348 - 349 - 351 - 352 - 355 - 356 - 358 - 359 - 361 - 362 - 363 - 364 - 365 - 367 - 369 - 372 - 373 - 376 - 378 - 379 - 383 - 384 - 387 - 388 - 389 - 390 - 391 - 393 - 399 - 401 - 403 - 404 - 405 - 407 - 408 - 411 - 412 - 415 - 416 - 418 - 422 - 423 - 430 - 431 - 432 - 434 - 438 - 440 - 441 - 442 - 443 - 444 - 447 - 448 - 450 - 451 - 452 - 456 - 461 - 463 - 464 - 465 - 466 - 467 - 468 - 469 - 471 - 472 - 475 - 476 - 478 - 483 - 484 - 485 - 487 - 489 - 490 - 493 - 495 - 496 - 497 - 498 - 499,533287.5,4.7,92916,100583,85.03,Cost: 92916 & Capacity: 100583
0 - 1 - 3 - 4 - 6 - 7 - 8 - 9 - 15 - 18 - 20 - 21 - 25 - 26 - 28 - 30 - 31 - 34 - 35 - 36 - 37 - 39 - 41 - 42 - 44 - 45 - 46 - 51 - 52 - 53 - 55 - 58 - 59 - 61 - 63 - 64 - 65 - 66 - 68 - 69 - 70 - 71 - 73 - 74 - 75 - 77 - 78 - 79 - 81 - 82 - 84 - 86 - 87 - 89 - 90 - 91 - 92 - 93 - 95 - 98 - 99 - 100 - 103 - 108 - 109 - 112 - 113 - 114 - 115 - 119 - 122 - 123 - 125 - 127 - 128 - 129 - 131 - 132 - 133 - 134 - 136 - 142 - 146 - 150 - 151 - 155 - 156 - 158 - 159 - 160 - 161 - 162 - 164 - 168 - 170 - 171 - 172 - 177 - 179 - 180 - 182 - 183 - 184 - 187 - 189 - 191 - 192 - 193 - 195 - 196 - 197 - 198 - 200 - 201 - 203 - 205 - 206 - 208 - 210 - 211 - 212 - 213 - 214 - 216 - 217 - 219 - 222 - 223 - 224 - 225 - 226 - 229 - 230 - 231 - 232 - 233 - 234 - 237 - 239 - 242 - 244 - 245 - 246 - 247 - 249 - 250 - 252 - 254 - 256 - 257 - 258 - 259 - 263 - 266 - 269 - 271 - 274 - 275 - 276 - 277 - 278 - 280 - 281 - 282 - 283 - 284 - 285 - 286 - 287 - 289 - 291 - 294 - 296 - 297 - 298 - 299 - 300 - 302 - 304 - 305 - 306 - 311 - 312 - 313 - 315 - 316 - 317 - 318 - 320 - 323 - 324 - 325 - 327 - 328 - 333 - 334 - 336 - 337 - 338 - 339 - 342 - 343 - 344 - 345 - 348 - 349 - 351 - 352 - 355 - 356 - 358 - 359 - 361 - 362 - 363 - 364 - 365 - 367 - 369 - 370 - 372 - 373 - 375 - 376 - 378 - 379 - 383 - 384 - 387 - 388 - 389 - 390 - 391 - 393 - 399 - 401 - 404 - 405 - 408 - 411 - 412 - 415 - 416 - 418 - 421 - 422 - 423 - 430 - 431 - 432 - 434 - 438 - 440 - 441 - 442 - 443 - 444 - 447 - 448 - 450 - 451 - 452 - 456 - 461 - 463 - 464 - 465 - 466 - 467 - 468 - 469 - 471 - 472 - 474 - 475 - 476 - 478 - 483 - 484 - 485 - 487 - 489 - 490 - 492 - 493 - 495 - 496 - 497 - 498 - 499,548770.3,3.7,92922,100968,90.06,Cost: 92922 & Capacity: 100968
0 - 1 - 3 - 4 - 6 - 7 - 8 - 9 - 15 - 18 - 20 - 21 - 25 - 26 - 28 - 30 - 31 - 34 - 35 - 36 - 37 - 39 - 41 - 42 - 44 - 45 - 46 - 51 - 52 - 53 - 55 - 58 - 59 - 61 - 63 - 64 - 65 - 66 - 68 - 69 - 70 - 71 - 73 - 74 - 75 - 77 - 78 - 79 - 81 - 82 - 84 - 86 - 87 - 89 - 90 - 91 - 92 - 93 - 95 - 98 - 99 - 100 - 103 - 108 - 109 - 112 - 113 - 114 - 115 - 119 - 122 - 123 - 125 - 127 - 128 - 129 - 131 - 132 - 133 - 134 - 136 - 142 - 146 - 150 - 151 - 155 - 156 - 158 - 159 - 160 - 161 - 162 - 164 - 168 - 170 - 171 - 172 - 177 - 179 - 180 - 182 - 183 - 184 - 187 - 189 - 191 - 192 - 193 - 195 - 196 - 197 - 198 - 200 - 201 - 203 - 205 - 206 - 208 - 210 - 211 - 212 - 213 - 214 - 216 - 217 - 219 - 222 - 223 - 224 - 225 - 226 - 229 - 230 - 231 - 232 - 233 - 234 - 237 - 239 - 242 - 244 - 245 - 246 - 247 - 249 - 250 - 252 - 254 - 256 - 257 - 258 - 259 - 263 - 266 - 269 - 271 - 274 - 275 - 276 - 277 - 278 - 280 - 281 - 282 - 283 - 284 - 285 - 286 - 287 - 289 - 291 - 294 - 296 - 297 - 298 - 299 - 300 - 302 - 304 - 305 - 306 - 311 - 312 - 313 - 315 - 316 - 317 - 318 - 320 - 323 - 324 - 325 - 327 - 328 - 333 - 334 - 336 - 337 - 338 - 339 - 342 - 343 - 344 - 345 - 348 - 349 - 351 - 352 - 355 - 356 - 358 - 359 - 361 - 362 - 363 - 364 - 365 - 367 - 369 - 370 - 372 - 373 - 375 - 376 - 378 - 379 - 383 - 384 - 387 - 388 - 389 - 390 - 391 - 393 - 399 - 401 - 404 - 405 - 408 - 411 - 412 - 415 - 416 - 418 - 421 - 422 - 423 - 430 - 431 - 432 - 434 - 438 - 440 - 441 - 442 - 443 - 444 - 447 - 448 - 450 - 451 - 452 - 456 - 461 - 463 - 464 - 465 - 466 - 467 - 468 - 469 - 471 - 472 - 474 - 475 - 476 - 478 - 483 - 484 - 485 - 487 - 489 - 490 - 492 - 493 - 495 - 496 - 497 - 498 - 499,548770.3,3.7,92922,100968,95.07,Cost: 92922 & Capacity: 100968
3 - 8 - 10 - 16 - 17 - 18 - 20 - 26 - 28 - 41 - 48 - 56 - 68 - 71 - 87 - 95 - 97 - 111 - 113 - 115 - 120 - 124 - 135 - 151 - 152 - 159 - 171 - 173 - 175 - 176 - 180 - 182 - 185 - 190 - 191 - 192 - 195 - 197 - 200 - 201 - 206 - 209 - 212 - 213 - 214 - 218 - 220 - 227 - 237 - 239 - 244 - 249 - 252 - 272 - 273 - 279 - 280 - 281 - 283 - 289 - 292 - 296 - 297 - 302 - 310 - 316 - 318 - 327 - 329 - 334 - 335 - 338 - 343 - 346 - 357 - 359 - 369 - 373 - 377 - 379 - 383 - 397 - 398 - 403 - 404 - 405 - 407 - 411 - 412 - 413 - 419 - 422 - 425 - 427 - 428 - 431 - 436 - 438 - 442 - 444 - 453 - 465 - 469 - 470 - 473 - 476 - 478 - 481 - 484 - 488 - 495 - 496,90754.8,8.4,69716,55695,96.37,Cost: 69716 & Capacity: 55695
0 - 3 - 4 - 8 - 9 - 13 - 15 - 18 - 20 - 21 - 25 - 26 - 28 - 30 - 31 - 34 - 35 - 36 - 37 - 39 - 41 - 42 - 45 - 46 - 51 - 52 - 53 - 55 - 56 - 58 - 59 - 63 - 64 - 66 - 68 - 69 - 71 - 72 - 73 - 77 - 79 - 82 - 83 - 84 - 87 - 89 - 90 - 91 - 92 - 93 - 95 - 98 - 99 - 100 - 103 - 108 - 109 - 112 - 113 - 115 - 119 - 122 - 123 - 125 - 127 - 128 - 129 - 131 - 132 - 134 - 136 - 142 - 144 - 146 - 150 - 151 - 156 - 158 - 159 - 160 - 161 - 164 - 168 - 170 - 171 - 172 - 179 - 182 - 183 - 184 - 187 - 189 - 191 - 192 - 193 - 194 - 195 - 196 - 197 - 198 - 199 - 200 - 201 - 203 - 206 - 208 - 209 - 210 - 211 - 212 - 213 - 214 - 215 - 216 - 217 - 219 - 223 - 224 - 225 - 226 - 230 - 231 - 232 - 233 - 236 - 237 - 239 - 242 - 245 - 246 - 247 - 249 - 250 - 252 - 254 - 256 - 257 - 258 - 259 - 263 - 269 - 271 - 273 - 275 - 276 - 278 - 279 - 280 - 281 - 282 - 283 - 284 - 285 - 286 - 287 - 289 - 294 - 296 - 297 - 298 - 300 - 302 - 303 - 305 - 306 - 310 - 311 - 312 - 313 - 314 - 315 - 316 - 318 - 320 - 323 - 324 - 327 - 333 - 334 - 336 - 337 - 338 - 339 - 342 - 343 - 344 - 345 - 347 - 348 - 349 - 355 - 358 - 359 - 362 - 363 - 364 - 365 - 367 - 369 - 372 - 373 - 375 - 376 - 378 - 379 - 383 - 384 - 385 - 387 - 388 - 390 - 391 - 393 - 399 - 400 - 401 - 402 - 403 - 404 - 405 - 407 - 408 - 409 - 412 - 413 - 415 - 416 - 418 - 422 - 423 - 430 - 431 - 432 - 434 - 440 - 441 - 442 - 443 - 444 - 446 - 447 - 448 - 450 - 451 - 452 - 456 - 461 - 462 - 464 - 465 - 466 - 467 - 468 - 469 - 471 - 472 - 475 - 476 - 478 - 483 - 484 - 485 - 487 - 489 - 490 - 493 - 495 - 496 - 497 - 498 - 499,487026.3,5.6,92909,99205,97.82,Cost: 92909 & Capacity: 99205
0 - 9 - 13 - 15 - 18 - 19 - 20 - 21 - 24 - 25 - 28 - 30 - 34 - 35 - 36 - 39 - 41 - 42 - 45 - 46 - 51 - 52 - 53 - 55 - 56 - 58 - 60 - 66 - 69 - 72 - 74 - 75 - 77 - 79 - 82 - 85 - 87 - 89 - 90 - 92 - 95 - 98 - 100 - 105 - 108 - 111 - 112 - 113 - 114 - 115 - 118 - 119 - 121 - 123 - 127 - 128 - 129 - 132 - 134 - 144 - 146 - 151 - 152 - 155 - 156 - 158 - 159 - 161 - 162 - 163 - 168 - 170 - 171 - 172 - 179 - 185 - 187 - 188 - 189 - 192 - 193 - 195 - 196 - 197 - 200 - 201 - 203 - 204 - 206 - 208 - 209 - 210 - 212 - 213 - 216 - 217 - 219 - 223 - 231 - 233 - 236 - 237 - 239 - 241 - 242 - 245 - 246 - 247 - 249 - 250 - 252 - 256 - 257 - 258 - 259 - 263 - 269 - 271 - 273 - 276 - 278 - 279 - 280 - 281 - 282 - 284 - 286 - 289 - 292 - 296 - 297 - 298 - 300 - 301 - 302 - 303 - 305 - 310 - 312 - 314 - 316 - 317 - 318 - 323 - 324 - 325 - 327 - 333 - 334 - 335 - 337 - 338 - 339 - 342 - 345 - 347 - 349 - 354 - 357 - 358 - 359 - 362 - 363 - 364 - 365 - 367 - 369 - 372 - 373 - 376 - 377 - 379 - 383 - 384 - 388 - 390 - 397 - 398 - 399 - 400 - 402 - 404 - 405 - 413 - 416 - 419 - 422 - 426 - 427 - 428 - 430 - 431 - 434 - 440 - 441 - 442 - 443 - 444 - 446 - 448 - 450 - 453 - 456 - 464 - 465 - 466 - 467 - 468 - 469 - 471 - 472 - 475 - 476 - 478 - 483 - 484 - 485 - 488 - 490 - 494 - 496 - 497 - 498,339186.6,6.6,92919,86477,100.55,Cost: 92919 & Capacity: 86477
0 - 1 - 3 - 4 - 6 - 7 - 8 - 9 - 15 - 18 - 20 - 21 - 25 - 26 - 28 - 30 - 31 - 34 - 35 - 36 - 37 - 39 - 41 - 42 - 44 - 45 - 46 - 51 - 52 - 53 - 55 - 58 - 59 - 61 - 63 - 64 - 65 - 66 - 68 - 69 - 70 - 71 - 73 - 74 - 75 - 77 - 78 - 79 - 81 - 82 - 84 - 86 - 87 - 89 - 90 - 91 - 92 - 93 - 95 - 98 - 99 - 100 - 103 - 108 - 109 - 112 - 113 - 114 - 115 - 119 - 122 - 123 - 125 - 127 - 128 - 129 - 131 - 132 - 133 - 134 - 136 - 142 - 146 - 150 - 151 - 155 - 156 - 158 - 159 - 160 - 161 - 162 - 164 - 168 - 170 - 171 - 172 - 177 - 179 - 180 - 182 - 183 - 184 - 187 - 189 - 191 - 192 - 193 - 195 - 196 - 197 - 198 - 200 - 201 - 203 - 205 - 206 - 208 - 210 - 211 - 212 - 213 - 214 - 216 - 217 - 219 - 222 - 223 - 224 - 225 - 226 - 229 - 230 - 231 - 232 - 233 - 234 - 237 - 239 - 242 - 244 - 245 - 246 - 247 - 249 - 250 - 252 - 254 - 256 - 257 - 258 - 259 - 263 - 266 - 269 - 271 - 274 - 275 - 276 - 277 - 278 - 280 - 281 - 282 - 283 - 284 - 285 - 286 - 287 - 289 - 291 - 294 - 296 - 297 - 298 - 299 - 300 - 302 - 304 - 305 - 306 - 311 - 312 - 313 - 315 - 316 - 317 - 318 - 320 - 323 - 324 - 325 - 327 - 328 - 333 - 334 - 336 - 337 - 338 - 339 - 342 - 343 - 344 - 345 - 348 - 349 - 351 - 352 - 355 - 356 - 358 - 359 - 361 - 362 - 363 - 364 - 365 - 367 - 369 - 370 - 372 - 373 - 375 - 376 - 378 - 379 - 383 - 384 - 387 - 388 - 389 - 390 - 391 - 393 - 399 - 401 - 404 - 405 - 408 - 411 - 412 - 415 - 416 - 418 - 421 - 422 - 423 - 430 - 431 - 432 - 434 - 438 - 440 - 441 - 442 - 443 - 444 - 447 - 448 - 450 - 451 - 452 - 456 - 461 - 463 - 464 - 465 - 466 - 467 - 468 - 469 - 471 - 472 - 474 - 475 - 476 - 478 - 483 - 484 - 485 - 487 - 489 - 490 - 492 - 493 - 495 - 496 - 497 - 498 - 499,548770.3,3.7,92922,100968,103.42,Cost: 92922 & Capacity: 100968
0 - 1 - 3 - 4 - 6 - 7 - 8 - 9 - 15 - 18 - 20 - 21 - 25 - 26 - 28 - 30 - 31 - 34 - 35 - 36 - 37 - 39 - 41 - 42 - 44 - 45 - 46 - 51 - 52 - 53 - 55 - 58 - 59 - 61 - 63 - 64 - 65 - 66 - 68 - 69 - 70 - 71 - 73 - 74 - 75 - 77 - 78 - 79 - 81 - 82 - 84 - 86 - 87 - 89 - 90 - 91 - 92 - 93 - 95 - 98 - 99 - 100 - 103 - 108 - 109 - 112 - 113 - 114 - 115 - 119 - 122 - 123 - 125 - 127 - 128 - 129 - 131 - 132 - 133 - 134 - 136 - 142 - 146 - 150 - 151 - 155 - 156 - 158 - 159 - 160 - 161 - 162 - 164 - 168 - 170 - 171 - 172 - 177 - 179 - 180 - 182 - 183 - 184 - 187 - 189 - 191 - 192 - 193 - 195 - 196 - 197 - 198 - 200 - 201 - 203 - 205 - 206 - 208 - 210 - 211 - 212 - 213 - 214 - 216 - 217 - 219 - 222 - 223 - 224 - 225 - 226 - 229 - 230 - 231 - 232 - 233 - 234 - 237 - 239 - 242 - 244 - 245 - 246 - 247 - 249 - 250 - 252 - 254 - 256 - 257 - 258 - 259 - 263 - 266 - 269 - 271 - 274 - 275 - 276 - 277 - 278 - 280 - 281 - 282 - 283 - 284 - 285 - 286 - 287 - 289 - 291 - 294 - 296 - 297 - 298 - 299 - 300 - 302 - 304 - 305 - 306 - 311 - 312 - 313 - 315 - 316 - 317 - 318 - 320 - 323 - 324 - 325 - 327 - 328 - 333 - 334 - 336 - 337 - 338 - 339 - 342 - 343 - 344 - 345 - 348 - 349 - 351 - 352 - 355 - 356 - 358 - 359 - 361 - 362 - 363 - 364 - 365 - 367 - 369 - 370 - 372 - 373 - 375 - 376 - 378 - 379 - 383 - 384 - 387 - 388 - 389 - 390 - 391 - 393 - 399 - 401 - 404 - 405 - 408 - 411 - 412 - 415 - 416 - 418 - 421 - 422 - 423 - 430 - 431 - 432 - 434 - 438 - 440 - 441 - 442 - 443 - 444 - 447 - 448 - 450 - 451 - 452 - 456 - 461 - 463 - 464 - 465 - 466 - 467 - 468 - 469 - 471 - 472 - 474 - 475 - 476 - 478 - 483 - 484 - 485 - 487 - 489 - 490 - 492 - 493 - 495 - 496 - 497 - 498 - 499,548770.3,3.7,92922,100968,103.47,Cost: 92922 & Capacity: 100968
0 - 1 - 3 - 4 - 6 - 7 - 8 - 9 - 15 - 18 - 20 - 21 - 25 - 26 - 28 - 30 - 31 - 34 - 35 - 36 - 37 - 39 - 41 - 42 - 45 - 46 - 51 - 52 - 53 - 55 - 58 - 59 - 61 - 63 - 64 - 65 - 66 - 68 - 69 - 70 - 71 - 73 - 74 - 75 - 77 - 78 - 79 - 81 - 82 - 84 - 86 - 87 - 89 - 90 - 91 - 92 - 93 - 95 - 98 - 99 - 100 - 103 - 108 - 109 - 112 - 113 - 114 - 115 - 119 - 122 - 123 - 125 - 127 - 128 - 129 - 131 - 132 - 133 - 134 - 136 - 142 - 146 - 150 - 151 - 155 - 156 - 158 - 159 - 160 - 161 - 162 - 164 - 168 - 170 - 171 - 172 - 177 - 179 - 180 - 182 - 183 - 184 - 187 - 189 - 191 - 192 - 193 - 195 - 196 - 197 - 198 - 200 - 201 - 203 - 205 - 206 - 208 - 210 - 211 - 212 - 213 - 214 - 216 - 217 - 219 - 222 - 223 - 224 - 225 - 226 - 229 - 230 - 231 - 232 - 233 - 237 - 239 - 242 - 244 - 245 - 246 - 247 - 249 - 250 - 252 - 254 - 256 - 257 - 258 - 259 - 263 - 266 - 269 - 271 - 274 - 275 - 276 - 277 - 278 - 279 - 280 - 281 - 282 - 283 - 284 - 285 - 286 - 287 - 289 - 291 - 294 - 296 - 297 - 298 - 299 - 300 - 302 - 303 - 304 - 305 - 306 - 311 - 312 - 313 - 315 - 316 - 317 - 318 - 320 - 323 - 324 - 325 - 327 - 328 - 333 - 334 - 336 - 337 - 338 - 339 - 342 - 343 - 344 - 345 - 347 - 348 - 349 - 351 - 352 - 355 - 356 - 358 - 359 - 361 - 362 - 363 - 364 - 365 - 367 - 369 - 372 - 373 - 376 - 378 - 379 - 383 - 384 - 387 - 388 - 389 - 390 - 391 - 393 - 399 - 401 - 403 - 404 - 405 - 408 - 411 - 412 - 415 - 416 - 418 - 422 - 423 - 430 - 431 - 432 - 434 - 438 - 440 - 441 - 442 - 443 - 444 - 447 - 448 - 450 - 451 - 452 - 456 - 461 - 463 - 464 - 465 - 466 - 467 - 468 - 469 - 471 - 472 - 474 - 475 - 476 - 478 - 483 - 484 - 485 - 487 - 489 - 490 - 492 - 493 - 495 - 496 - 497 - 498 - 499,546548.8,4.2,92923,100449,107.29,Cost: 92923 & Capacity: 100449
0 - 1 - 3 - 4 - 6 - 7 - 8 - 9 - 15 - 18 - 20 - 21 - 25 - 26 - 28 - 30 - 31 - 34 - 35 - 36 - 37 - 39 - 41 - 42 - 44 - 45 - 46 - 51 - 52 - 53 - 55 - 58 - 59 - 61 - 63 - 64 - 65 - 66 - 68 - 69 - 70 - 71 - 73 - 74 - 75 - 77 - 78 - 79 - 81 - 82 - 84 - 86 - 87 - 89 - 90 - 91 - 92 - 93 - 95 - 98 - 99 - 100 - 103 - 108 - 109 - 112 - 113 - 114 - 115 - 119 - 122 - 123 - 125 - 127 - 128 - 129 - 131 - 132 - 133 - 134 - 136 - 142 - 146 - 150 - 151 - 155 - 156 - 158 - 159 - 160 - 161 - 162 - 164 - 168 - 170 - 171 - 172 - 177 - 179 - 180 - 182 - 183 - 184 - 187 - 189 - 191 - 192 - 193 - 195 - 196 - 197 - 198 - 200 - 201 - 203 - 205 - 206 - 208 - 210 - 211 - 212 - 213 - 214 - 216 - 217 - 219 - 222 - 223 - 224 - 225 - 226 - 229 - 230 - 231 - 232 - 233 - 234 - 237 - 239 - 242 - 244 - 245 - 246 - 247 - 249 - 250 - 252 - 254 - 256 - 257 - 258 - 259 - 263 - 266 - 269 - 271 - 274 - 275 - 276 - 277 - 278 - 280 - 281 - 282 - 283 - 284 - 285 - 286 - 287 - 289 - 291 - 294 - 296 - 297 - 298 - 299 - 300 - 302 - 304 - 305 - 306 - 311 - 312 - 313 - 315 - 316 - 317 - 318 - 320 - 323 - 324 - 325 - 327 - 328 - 333 - 334 - 336 - 337 - 338 - 339 - 342 - 343 - 344 - 345 - 348 - 349 - 351 - 352 - 355 - 356 - 358 - 359 - 361 - 362 - 363 - 364 - 365 - 367 - 369 - 370 - 372 - 373 - 375 - 376 - 378 - 379 - 383 - 384 - 387 - 388 - 389 - 390 - 391 - 393 - 399 - 401 - 404 - 405 - 408 - 411 - 412 - 415 - 416 - 418 - 421 - 422 - 423 - 430 - 431 - 432 - 434 - 438 - 440 - 441 - 442 - 443 - 444 - 447 - 448 - 450 - 451 - 452 - 456 - 461 - 463 - 464 - 465 - 466 - 467 - 468 - 469 - 471 - 472 - 474 - 475 - 476 - 478 - 483 - 484 - 485 - 487 - 489 - 490 - 492 - 493 - 495 - 496 - 497 - 498 - 499,548770.3,3.7,92922,100968,109.69,Cost: 92922 & Capacity: 100968
0 - 1 - 3 - 6 - 9 - 15 - 18 - 20 - 21 - 25 - 26 - 28 - 29 - 30 - 31 - 34 - 35 - 37 - 39 - 41 - 42 - 44 - 45 - 46 - 52 - 53 - 55 - 59 - 61 - 63 - 64 - 65 - 66 - 68 - 69 - 70 - 73 - 75 - 77 - 78 - 79 - 81 - 82 - 83 - 84 - 86 - 87 - 89 - 90 - 91 - 92 - 93 - 95 - 98 - 99 - 100 - 101 - 103 - 108 - 109 - 112 - 113 - 114 - 115 - 119 - 122 - 123 - 125 - 127 - 128 - 129 - 131 - 132 - 133 - 134 - 136 - 142 - 146 - 150 - 151 - 155 - 158 - 159 - 160 - 161 - 162 - 164 - 168 - 170 - 171 - 172 - 177 - 179 - 182 - 184 - 187 - 189 - 191 - 192 - 193 - 195 - 196 - 198 - 200 - 201 - 203 - 206 - 208 - 209 - 210 - 211 - 212 - 213 - 214 - 216 - 217 - 219 - 223 - 224 - 225 - 226 - 229 - 230 - 231 - 232 - 233 - 237 - 239 - 242 - 244 - 245 - 246 - 247 - 249 - 250 - 252 - 254 - 256 - 257 - 258 - 259 - 263 - 266 - 269 - 271 - 274 - 275 - 276 - 277 - 278 - 280 - 281 - 282 - 283 - 284 - 285 - 286 - 287 - 289 - 291 - 294 - 296 - 297 - 298 - 299 - 300 - 302 - 305 - 306 - 312 - 313 - 315 - 316 - 317 - 318 - 319 - 320 - 321 - 323 - 324 - 325 - 327 - 328 - 333 - 334 - 336 - 337 - 338 - 339 - 342 - 343 - 344 - 345 - 347 - 348 - 349 - 351 - 355 - 358 - 359 - 361 - 362 - 363 - 364 - 365 - 367 - 369 - 370 - 372 - 373 - 375 - 376 - 378 - 379 - 383 - 387 - 388 - 389 - 390 - 391 - 393 - 399 - 400 - 404 - 405 - 408 - 411 - 412 - 415 - 416 - 418 - 421 - 422 - 430 - 431 - 432 - 434 - 438 - 440 - 441 - 442 - 443 - 444 - 447 - 448 - 450 - 451 - 452 - 456 - 461 - 463 - 464 - 465 - 466 - 467 - 468 - 469 - 471 - 472 - 473 - 475 - 476 - 478 - 483 - 484 - 485 - 487 - 489 - 490 - 492 - 493 - 495 - 496 - 497 - 498 - 499,498349.9,5.0,91579,102276,111.07,Cost: 91579 & Capacity: 102276
3 - 6 - 8 - 17 - 18 - 19 - 22 - 23 - 26 - 29 - 37 - 43 - 55 - 56 - 60 - 68 - 83 - 87 - 89 - 91 - 99 - 105 - 109 - 111 - 113 - 115 - 118 - 120 - 128 - 136 - 141 - 148 - 152 - 158 - 159 - 166 - 167 - 170 - 171 - 172 - 173 - 174 - 175 - 185 - 188 - 190 - 192 - 193 - 195 - 197 - 200 - 203 - 206 - 209 - 210 - 212 - 214 - 220 - 223 - 224 - 226 - 227 - 236 - 237 - 238 - 239 - 242 - 243 - 244 - 245 - 246 - 252 - 254 - 258 - 260 - 271 - 279 - 281 - 283 - 289 - 292 - 296 - 297 - 302 - 303 - 305 - 316 - 318 - 329 - 334 - 338 - 344 - 347 - 349 - 357 - 359 - 365 - 369 - 373 - 377 - 379 - 383 - 385 - 391 - 397 - 398 - 399 - 402 - 404 - 405 - 407 - 412 - 413 - 414 - 419 - 422 - 423 - 428 - 431 - 432 - 436 - 441 - 442 - 444 - 461 - 465 - 468 - 469 - 470 - 476 - 484 - 492 - 494 - 497,128929.7,8.1,78804,66353,111.44,Cost: 78804 & Capacity: 66353
0 - 1 - 3 - 4 - 6 - 7 - 8 - 9 - 15 - 18 - 20 - 21 - 25 - 26 - 28 - 30 - 31 - 34 - 35 - 36 - 37 - 39 - 41 - 42 - 45 - 46 - 51 - 52 - 53 - 55 - 58 - 59 - 61 - 63 - 64 - 65 - 66 - 68 - 69 - 70 - 71 - 73 - 74 - 75 - 77 - 78 - 79 - 81 - 82 - 84 - 86 - 87 - 89 - 90 - 91 - 92 - 93 - 95 - 98 - 99 - 100 - 103 - 108 - 109 - 112 - 113 - 114 - 115 - 119 - 122 - 123 - 125 - 127 - 128 - 129 - 131 - 132 - 133 - 134 - 136 - 142 - 146 - 150 - 151 - 155 - 156 - 158 - 159 - 160 - 161 - 162 - 164 - 168 - 170 - 171 - 172 - 177 - 179 - 180 - 182 - 183 - 184 - 187 - 189 - 191 - 192 - 193 - 195 - 196 - 197 - 198 - 200 - 201 - 203 - 205 - 206 - 208 - 210 - 211 - 212 - 213 - 214 - 216 - 217 - 219 - 222 - 223 - 224 - 225 - 226 - 229 - 230 - 231 - 232 - 233 - 237 - 239 - 242 - 244 - 245 - 246 - 247 - 249 - 250 - 252 - 254 - 256 - 257 - 258 - 259 - 263 - 266 - 269 - 271 - 274 - 275 - 276 - 277 - 278 - 279 - 280 - 281 - 282 - 283 - 284 - 285 - 286 - 287 - 289 - 291 - 294 - 296 - 297 - 298 - 299 - 300 - 302 - 303 - 304 - 305 - 306 - 311 - 312 - 313 - 315 - 316 - 317 - 318 - 320 - 323 - 324 - 325 - 327 - 328 - 333 - 334 - 336 - 337 - 338 - 339 - 342 - 343 - 344 - 345 - 347 - 348 - 349 - 351 - 352 - 355 - 356 - 358 - 359 - 361 - 362 - 363 - 364 - 365 - 367 - 369 - 372 - 373 - 376 - 378 - 379 - 383 - 384 - 387 - 388 - 389 - 390 - 391 - 393 - 399 - 401 - 403 - 404 - 405 - 408 - 411 - 412 - 415 - 416 - 418 - 422 - 423 - 430 - 431 - 432 - 434 - 438 - 440 - 441 - 442 - 443 - 444 - 447 - 448 - 450 - 451 - 452 - 456 - 461 - 463 - 464 - 465 - 466 - 467 - 468 - 469 - 471 - 472 - 474 - 475 - 476 - 478 - 483 - 484 - 485 - 487 - 489 - 490 - 492 - 493 - 495 - 496 - 497 - 498 - 499,546548.8,4.2,92923,100449,112.32,Cost: 92923 & Capacity: 100449
0 - 1 - 3 - 4 - 6 - 7 - 8 - 9 - 15 - 18 - 20 - 21 - 25 - 26 - 28 - 30 - 31 - 34 - 35 - 36 - 37 - 39 - 41 - 42 - 44 - 45 - 46 - 51 - 52 - 53 - 55 - 58 - 59 - 61 - 63 - 64 - 65 - 66 - 68 - 69 - 70 - 71 - 73 - 74 - 75 - 77 - 78 - 79 - 81 - 82 - 84 - 86 - 87 - 89 - 90 - 91 - 92 - 93 - 95 - 98 - 99 - 100 - 103 - 108 - 109 - 112 - 113 - 114 - 115 - 119 - 122 - 123 - 125 - 127 - 128 - 129 - 131 - 132 - 133 - 134 - 136 - 142 - 146 - 150 - 151 - 155 - 156 - 158 - 159 - 160 - 161 - 162 - 164 - 168 - 170 - 171 - 172 - 177 - 179 - 180 - 182 - 183 - 184 - 187 - 189 - 191 - 192 - 193 - 195 - 196 - 197 - 198 - 200 - 201 - 203 - 205 - 206 - 208 - 210 - 211 - 212 - 213 - 214 - 216 - 217 - 219 - 222 - 223 - 224 - 225 - 226 - 229 - 230 - 231 - 232 - 233 - 234 - 237 - 239 - 242 - 244 - 245 - 246 - 247 - 249 - 250 - 252 - 254 - 256 - 257 - 258 - 259 - 263 - 266 - 269 - 271 - 274 - 275 - 276 - 277 - 278 - 280 - 281 - 282 - 283 - 284 - 285 - 286 - 287 - 289 - 291 - 294 - 296 - 297 - 298 - 299 - 300 - 302 - 304 - 305 - 306 - 311 - 312 - 313 - 315 - 316 - 317 - 318 - 320 - 323 - 324 - 325 - 327 - 328 - 333 - 334 - 336 - 337 - 338 - 339 - 342 - 343 - 344 - 345 - 348 - 349 - 351 - 352 - 355 - 356 - 358 - 359 - 361 - 362 - 363 - 364 - 365 - 367 - 369 - 370 - 372 - 373 - 375 - 376 - 378 - 379 - 383 - 384 - 387 - 388 - 389 - 390 - 391 - 393 - 399 - 401 - 404 - 405 - 408 - 411 - 412 - 415 - 416 - 418 - 421 - 422 - 423 - 430 - 431 - 432 - 434 - 438 - 440 - 441 - 442 - 443 - 444 - 447 - 448 - 450 - 451 - 452 - 456 - 461 - 463 - 464 - 465 - 466 - 467 - 468 - 469 - 471 - 472 - 474 - 475 - 476 - 478 - 483 - 484 - 485 - 487 - 489 - 490 - 492 - 493 - 495 - 496 - 497 - 498 - 499,548770.3,3.7,92922,100968,112.58,Cost: 92922 & Capacity: 100968
0 - 1 - 3 - 8 - 10 - 15 - 18 - 19 - 25 - 26 - 33 - 37 - 48 - 53 - 56 - 60 - 68 - 71 - 83 - 87 - 113 - 115 - 118 - 120 - 122 - 127 - 141 - 148 - 152 - 158 - 159 - 165 - 166 - 171 - 173 - 175 - 183 - 185 - 188 - 193 - 195 - 197 - 200 - 203 - 206 - 209 - 211 - 212 - 218 - 220 - 224 - 225 - 226 - 227 - 237 - 239 - 242 - 245 - 246 - 247 - 254 - 258 - 261 - 277 - 278 - 279 - 281 - 289 - 290 - 292 - 293 - 296 - 297 - 302 - 310 - 314 - 316 - 318 - 327 - 329 - 333 - 334 - 335 - 338 - 343 - 346 - 354 - 357 - 359 - 362 - 369 - 373 - 377 - 379 - 381 - 385 - 388 - 391 - 397 - 402 - 405 - 408 - 409 - 411 - 412 - 413 - 414 - 418 - 419 - 422 - 428 - 429 - 431 - 432 - 436 - 442 - 444 - 464 - 465 - 468 - 471 - 476 - 484 - 494 - 495 - 496 - 497 - 498,118126.7,8.2,75092,61937,115.16,Cost: 75092 & Capacity: 61937
3 - 7 - 8 - 9 - 13 - 15 - 18 - 20 - 21 - 24 - 25 - 26 - 28 - 30 - 35 - 36 - 39 - 41 - 43 - 45 - 46 - 51 - 52 - 53 - 56 - 57 - 58 - 59 - 60 - 63 - 64 - 66 - 68 - 71 - 72 - 73 - 77 - 79 - 83 - 84 - 87 - 89 - 90 - 91 - 92 - 93 - 95 - 98 - 99 - 100 - 108 - 109 - 113 - 115 - 117 - 118 - 119 - 123 - 127 - 128 - 129 - 132 - 134 - 136 - 142 - 144 - 146 - 151 - 156 - 159 - 161 - 163 - 170 - 171 - 172 - 173 - 179 - 180 - 183 - 184 - 185 - 187 - 188 - 192 - 193 - 194 - 195 - 198 - 200 - 203 - 204 - 206 - 208 - 209 - 210 - 212 - 213 - 214 - 216 - 217 - 219 - 220 - 223 - 224 - 225 - 226 - 230 - 231 - 236 - 237 - 239 - 242 - 244 - 245 - 246 - 247 - 249 - 252 - 253 - 254 - 256 - 257 - 258 - 259 - 263 - 264 - 268 - 269 - 271 - 273 - 274 - 275 - 279 - 280 - 283 - 284 - 286 - 287 - 289 - 292 - 296 - 297 - 298 - 300 - 302 - 303 - 305 - 310 - 314 - 316 - 318 - 321 - 323 - 324 - 327 - 333 - 334 - 335 - 337 - 338 - 339 - 342 - 347 - 348 - 349 - 351 - 352 - 354 - 358 - 359 - 361 - 362 - 364 - 365 - 367 - 369 - 371 - 372 - 373 - 376 - 379 - 381 - 383 - 384 - 385 - 387 - 388 - 390 - 391 - 393 - 399 - 400 - 402 - 403 - 404 - 405 - 408 - 409 - 410 - 412 - 413 - 416 - 419 - 422 - 427 - 430 - 431 - 432 - 434 - 440 - 441 - 442 - 443 - 444 - 446 - 448 - 453 - 456 - 460 - 464 - 465 - 466 - 467 - 468 - 469 - 471 - 472 - 475 - 476 - 478 - 483 - 484 - 485 - 490 - 496 - 497 - 499,380766.0,6.4,92926,93931,117.3,Cost: 92926 & Capacity: 93931
0 - 1 - 3 - 4 - 6 - 7 - 8 - 9 - 15 - 18 - 20 - 21 - 25 - 26 - 28 - 30 - 31 - 34 - 35 - 36 - 37 - 39 - 41 - 42 - 44 - 45 - 46 - 51 - 52 - 53 - 55 - 58 - 59 - 61 - 63 - 64 - 65 - 66 - 68 - 69 - 70 - 71 - 73 - 74 - 75 - 77 - 78 - 79 - 81 - 82 - 84 - 86 - 87 - 89 - 90 - 91 - 92 - 93 - 95 - 98 - 99 - 100 - 103 - 108 - 109 - 112 - 113 - 114 - 115 - 119 - 122 - 123 - 125 - 127 - 128 - 129 - 131 - 132 - 133 - 134 - 136 - 142 - 146 - 150 - 151 - 155 - 156 - 158 - 159 - 160 - 161 - 162 - 164 - 168 - 170 - 171 - 172 - 177 - 179 - 180 - 182 - 183 - 184 - 187 - 189 - 191 - 192 - 193 - 195 - 196 - 197 - 198 - 200 - 201 - 203 - 205 - 206 - 208 - 210 - 211 - 212 - 213 - 214 - 216 - 217 - 219 - 222 - 223 - 224 - 225 - 226 - 229 - 230 - 231 - 232 - 233 - 234 - 237 - 239 - 242 - 244 - 245 - 246 - 247 - 249 - 250 - 252 - 254 - 256 - 257 - 258 - 259 - 263 - 266 - 269 - 271 - 274 - 275 - 276 - 277 - 278 - 280 - 281 - 282 - 283 - 284 - 285 - 286 - 287 - 289 - 291 - 294 - 296 - 297 - 298 - 299 - 300 - 302 - 304 - 305 - 306 - 311 - 312 - 313 - 315 - 316 - 317 - 318 - 320 - 323 - 324 - 325 - 327 - 328 - 333 - 334 - 336 - 337 - 338 - 339 - 342 - 343 - 344 - 345 - 348 - 349 - 351 - 352 - 355 - 356 - 358 - 359 - 361 - 362 - 363 - 364 - 365 - 367 - 369 - 370 - 372 - 373 - 375 - 376 - 378 - 379 - 383 - 384 - 387 - 388 - 389 - 390 - 391 - 393 - 399 - 401 - 404 - 405 - 408 - 411 - 412 - 415 - 416 - 418 - 421 - 422 - 423 - 430 - 431 - 432 - 434 - 438 - 440 - 441 - 442 - 443 - 444 - 447 - 448 - 450 - 451 - 452 - 456 - 461 - 463 - 464 - 465 - 466 - 467 - 468 - 469 - 471 - 472 - 474 - 475 - 476 - 478 - 483 - 484 - 485 - 487 - 489 - 490 - 492 - 493 - 495 - 496 - 497 - 498 - 499,548770.3,3.7,92922,100968,120.33,Cost: 92922 & Capacity: 100968
0 - 1 - 3 - 4 - 6 - 7 - 8 - 9 - 15 - 18 - 20 - 21 - 25 - 26 - 28 - 30 - 31 - 34 - 35 - 36 - 37 - 39 - 41 - 42 - 44 - 45 - 46 - 51 - 52 - 53 - 55 - 58 - 59 - 61 - 63 - 64 - 65 - 66 - 68 - 69 - 70 - 71 - 73 - 74 - 75 - 77 - 78 - 79 - 81 - 82 - 84 - 86 - 87 - 89 - 90 - 91 - 92 - 93 - 95 - 98 - 99 - 100 - 103 - 108 - 109 - 112 - 113 - 114 - 115 - 119 - 122 - 123 - 125 - 127 - 128 - 129 - 131 - 132 - 133 - 134 - 136 - 142 - 146 - 150 - 151 - 155 - 156 - 158 - 159 - 160 - 161 - 162 - 164 - 168 - 170 - 171 - 172 - 177 - 179 - 180 - 182 - 183 - 184 - 187 - 189 - 191 - 192 - 193 - 195 - 196 - 197 - 198 - 200 - 201 - 203 - 205 - 206 - 208 - 210 - 211 - 212 - 213 - 214 - 216 - 217 - 219 - 222 - 223 - 224 - 225 - 226 - 229 - 230 - 231 - 232 - 233 - 234 - 237 - 239 - 242 - 244 - 245 - 246 - 247 - 249 - 250 - 252 - 254 - 256 - 257 - 258 - 259 - 263 - 266 - 269 - 271 - 274 - 275 - 276 - 277 - 278 - 280 - 281 - 282 - 283 - 284 - 285 - 286 - 287 - 289 - 291 - 294 - 296 - 297 - 298 - 299 - 300 - 302 - 304 - 305 - 306 - 311 - 312 - 313 - 315 - 316 - 317 - 318 - 320 - 323 - 324 - 325 - 327 - 328 - 333 - 334 - 336 - 337 - 338 - 339 - 342 - 343 - 344 - 345 - 348 - 349 - 351 - 352 - 355 - 356 - 358 - 359 - 361 - 362 - 363 - 364 - 365 - 367 - 369 - 370 - 372 - 373 - 375 - 376 - 378 - 379 - 383 - 384 - 387 - 388 - 389 - 390 - 391 - 393 - 399 - 401 - 404 - 405 - 408 - 411 - 412 - 415 - 416 - 418 - 421 - 422 - 423 - 430 - 431 - 432 - 434 - 438 - 440 - 441 - 442 - 443 - 444 - 447 - 448 - 450 - 451 - 452 - 456 - 461 - 463 - 464 - 465 - 466 - 467 - 468 - 469 - 471 - 472 - 474 - 475 - 476 - 478 - 483 - 484 - 485 - 487 - 489 - 490 - 492 - 493 - 495 - 496 - 497 - 498 - 499,548770.3,3.7,92922,100968,122.07,Cost: 92922 & Capacity: 100968
0 - 3 - 8 - 9 - 13 - 15 - 18 - 20 - 21 - 24 - 25 - 26 - 28 - 30 - 35 - 36 - 39 - 41 - 43 - 45 - 46 - 51 - 52 - 53 - 55 - 56 - 57 - 58 - 60 - 63 - 64 - 66 - 68 - 71 - 72 - 73 - 74 - 75 - 77 - 79 - 82 - 83 - 84 - 87 - 89 - 90 - 92 - 95 - 98 - 100 - 108 - 109 - 112 - 113 - 115 - 117 - 118 - 119 - 123 - 127 - 128 - 129 - 132 - 134 - 142 - 144 - 146 - 151 - 156 - 158 - 159 - 161 - 163 - 170 - 171 - 172 - 173 - 179 - 183 - 184 - 185 - 187 - 188 - 189 - 191 - 193 - 195 - 200 - 201 - 203 - 204 - 206 - 208 - 209 - 210 - 212 - 213 - 214 - 216 - 217 - 223 - 224 - 225 - 230 - 231 - 236 - 237 - 239 - 242 - 244 - 245 - 246 - 247 - 249 - 250 - 252 - 253 - 254 - 256 - 257 - 258 - 259 - 263 - 264 - 269 - 271 - 273 - 275 - 278 - 279 - 280 - 281 - 283 - 284 - 286 - 289 - 292 - 294 - 296 - 297 - 298 - 300 - 302 - 303 - 305 - 310 - 313 - 314 - 316 - 318 - 320 - 323 - 324 - 327 - 333 - 334 - 335 - 337 - 338 - 339 - 342 - 345 - 347 - 348 - 349 - 351 - 352 - 354 - 357 - 358 - 359 - 361 - 362 - 364 - 365 - 369 - 372 - 373 - 376 - 379 - 381 - 383 - 384 - 385 - 388 - 390 - 391 - 393 - 399 - 400 - 402 - 403 - 404 - 405 - 408 - 409 - 410 - 412 - 413 - 416 - 417 - 418 - 419 - 422 - 423 - 426 - 427 - 430 - 431 - 432 - 434 - 441 - 442 - 443 - 444 - 446 - 448 - 451 - 453 - 456 - 460 - 464 - 465 - 466 - 467 - 468 - 469 - 471 - 472 - 475 - 476 - 478 - 483 - 484 - 485 - 490 - 496 - 497 - 498 - 499,389757.2,6.3,92907,94354,124.94,Cost: 92907 & Capacity: 94354
0 - 1 - 3 - 4 - 6 - 7 - 8 - 9 - 15 - 18 - 20 - 21 - 25 - 26 - 28 - 30 - 31 - 34 - 35 - 36 - 37 - 39 - 41 - 42 - 44 - 45 - 46 - 51 - 52 - 53 - 55 - 58 - 59 - 61 - 63 - 64 - 65 - 66 - 68 - 69 - 70 - 71 - 73 - 74 - 75 - 77 - 78 - 79 - 81 - 82 - 84 - 86 - 87 - 89 - 90 - 91 - 92 - 93 - 95 - 98 - 99 - 100 - 103 - 108 - 109 - 112 - 113 - 114 - 115 - 119 - 122 - 123 - 125 - 127 - 128 - 129 - 131 - 132 - 133 - 134 - 136 - 142 - 146 - 150 - 151 - 155 - 156 - 158 - 159 - 160 - 161 - 162 - 164 - 168 - 170 - 171 - 172 - 177 - 179 - 180 - 182 - 183 - 184 - 187 - 189 - 191 - 192 - 193 - 195 - 196 - 197 - 198 - 200 - 201 - 203 - 205 - 206 - 208 - 210 - 211 - 212 - 213 - 214 - 216 - 217 - 219 - 222 - 223 - 224 - 225 - 226 - 229 - 230 - 231 - 232 - 233 - 234 - 237 - 239 - 242 - 244 - 245 - 246 - 247 - 249 - 250 - 252 - 254 - 256 - 257 - 258 - 259 - 263 - 266 - 269 - 271 - 274 - 275 - 276 - 277 - 278 - 280 - 281 - 282 - 283 - 284 - 285 - 286 - 287 - 289 - 291 - 294 - 296 - 297 - 298 - 299 - 300 - 302 - 304 - 305 - 306 - 311 - 312 - 313 - 315 - 316 - 317 - 318 - 320 - 323 - 324 - 325 - 327 - 328 - 333 - 334 - 336 - 337 - 338 - 339 - 342 - 343 - 344 - 345 - 348 - 349 - 351 - 352 - 355 - 356 - 358 - 359 - 361 - 362 - 363 - 364 - 365 - 367 - 369 - 370 - 372 - 373 - 375 - 376 - 378 - 379 - 383 - 384 - 387 - 388 - 389 - 390 - 391 - 393 - 399 - 401 - 404 - 405 - 408 - 411 - 412 - 415 - 416 - 418 - 421 - 422 - 423 - 430 - 431 - 432 - 434 - 438 - 440 - 441 - 442 - 443 - 444 - 447 - 448 - 450 - 451 - 452 - 456 - 461 - 463 - 464 - 465 - 466 - 467 - 468 - 469 - 471 - 472 - 474 - 475 - 476 - 478 - 483 - 484 - 485 - 487 - 489 - 490 - 492 - 493 - 495 - 496 - 497 - 498 - 499,548770.3,3.7,92922,100968,127.0,Cost: 92922 & Capacity: 100968
0 - 3 - 9 - 13 - 15 - 18 - 20 - 21 - 24 - 28 - 30 - 35 - 36 - 39 - 41 - 42 - 45 - 46 - 51 - 52 - 53 - 55 - 56 - 58 - 60 - 63 - 66 - 68 - 69 - 71 - 72 - 73 - 77 - 79 - 82 - 87 - 89 - 90 - 92 - 93 - 95 - 98 - 99 - 100 - 105 - 108 - 109 - 111 - 112 - 113 - 114 - 115 - 117 - 118 - 119 - 123 - 125 - 127 - 128 - 129 - 132 - 134 - 142 - 144 - 146 - 151 - 152 - 159 - 161 - 162 - 163 - 168 - 170 - 171 - 172 - 179 - 183 - 184 - 185 - 187 - 188 - 189 - 192 - 193 - 195 - 196 - 197 - 200 - 201 - 203 - 204 - 206 - 208 - 209 - 210 - 212 - 213 - 216 - 217 - 219 - 220 - 230 - 231 - 232 - 236 - 237 - 239 - 242 - 245 - 246 - 247 - 249 - 250 - 252 - 254 - 256 - 257 - 258 - 259 - 263 - 269 - 271 - 273 - 275 - 276 - 278 - 279 - 280 - 281 - 282 - 284 - 286 - 289 - 291 - 292 - 296 - 297 - 298 - 299 - 300 - 302 - 303 - 305 - 310 - 314 - 316 - 317 - 318 - 320 - 323 - 327 - 333 - 334 - 335 - 337 - 338 - 339 - 342 - 347 - 349 - 354 - 357 - 358 - 359 - 362 - 363 - 364 - 365 - 367 - 369 - 371 - 372 - 373 - 376 - 377 - 379 - 383 - 384 - 387 - 388 - 390 - 391 - 397 - 398 - 402 - 404 - 405 - 412 - 413 - 414 - 416 - 419 - 422 - 426 - 427 - 428 - 430 - 431 - 432 - 434 - 440 - 441 - 442 - 444 - 446 - 448 - 450 - 453 - 456 - 464 - 465 - 466 - 467 - 468 - 470 - 471 - 472 - 474 - 475 - 476 - 478 - 483 - 484 - 485 - 489 - 490 - 494 - 496 - 497 - 498,359334.5,6.5,92872,86880,127.4,Cost: 92872 & Capacity: 86880
0 - 8 - 9 - 13 - 15 - 16 - 18 - 20 - 24 - 28 - 30 - 34 - 35 - 36 - 38 - 41 - 42 - 43 - 47 - 48 - 53 - 55 - 56 - 57 - 58 - 60 - 64 - 68 - 69 - 71 - 77 - 79 - 82 - 89 - 90 - 93 - 95 - 98 - 100 - 101 - 105 - 108 - 111 - 113 - 117 - 118 - 120 - 123 - 125 - 127 - 128 - 129 - 134 - 135 - 141 - 144 - 146 - 148 - 151 - 152 - 159 - 161 - 163 - 168 - 169 - 170 - 171 - 172 - 174 - 182 - 187 - 189 - 192 - 193 - 195 - 197 - 198 - 200 - 201 - 203 - 206 - 208 - 209 - 210 - 212 - 213 - 217 - 218 - 221 - 231 - 237 - 239 - 241 - 242 - 245 - 246 - 247 - 249 - 252 - 258 - 259 - 265 - 266 - 269 - 271 - 278 - 279 - 281 - 282 - 284 - 286 - 289 - 292 - 296 - 297 - 298 - 299 - 300 - 302 - 303 - 305 - 310 - 314 - 316 - 317 - 318 - 320 - 322 - 324 - 327 - 334 - 336 - 337 - 338 - 339 - 342 - 344 - 347 - 349 - 354 - 357 - 359 - 362 - 363 - 364 - 365 - 369 - 372 - 377 - 379 - 383 - 387 - 388 - 390 - 397 - 398 - 402 - 403 - 404 - 405 - 414 - 419 - 422 - 424 - 427 - 428 - 431 - 432 - 441 - 442 - 444 - 446 - 448 - 450 - 453 - 464 - 465 - 466 - 468 - 470 - 471 - 472 - 474 - 475 - 476 - 478 - 483 - 484 - 485 - 489 - 490 - 494 - 496 - 497 - 498,260628.5,7.1,92720,81163,127.49,Cost: 92720 & Capacity: 81163
0 - 1 - 3 - 4 - 6 - 7 - 8 - 9 - 15 - 18 - 20 - 21 - 25 - 26 - 28 - 30 - 31 - 34 - 35 - 36 - 37 - 39 - 41 - 42 - 44 - 45 - 46 - 51 - 52 - 53 - 55 - 58 - 59 - 61 - 63 - 64 - 65 - 66 - 68 - 69 - 70 - 71 - 73 - 74 - 75 - 77 - 78 - 79 - 81 - 82 - 84 - 86 - 87 - 89 - 90 - 91 - 92 - 93 - 95 - 98 - 99 - 100 - 103 - 108 - 109 - 112 - 113 - 114 - 115 - 119 - 122 - 123 - 125 - 127 - 128 - 129 - 131 - 132 - 133 - 134 - 136 - 142 - 146 - 150 - 151 - 155 - 156 - 158 - 159 - 160 - 161 - 162 - 164 - 168 - 170 - 171 - 172 - 177 - 179 - 180 - 182 - 183 - 184 - 187 - 189 - 191 - 192 - 193 - 195 - 196 - 197 - 198 - 200 - 201 - 203 - 205 - 206 - 208 - 210 - 211 - 212 - 213 - 214 - 216 - 217 - 219 - 222 - 223 - 224 - 225 - 226 - 229 - 230 - 231 - 232 - 233 - 234 - 237 - 239 - 242 - 244 - 245 - 246 - 247 - 249 - 250 - 252 - 254 - 256 - 257 - 258 - 259 - 263 - 266 - 269 - 271 - 274 - 275 - 276 - 277 - 278 - 280 - 281 - 282 - 283 - 284 - 285 - 286 - 287 - 289 - 291 - 294 - 296 - 297 - 298 - 299 - 300 - 302 - 304 - 305 - 306 - 311 - 312 - 313 - 315 - 316 - 317 - 318 - 320 - 323 - 324 - 325 - 327 - 328 - 333 - 334 - 336 - 337 - 338 - 339 - 342 - 343 - 344 - 345 - 348 - 349 - 351 - 352 - 355 - 356 - 358 - 359 - 361 - 362 - 363 - 364 - 365 - 367 - 369 - 370 - 372 - 373 - 375 - 376 - 378 - 379 - 383 - 384 - 387 - 388 - 389 - 390 - 391 - 393 - 399 - 401 - 404 - 405 - 408 - 411 - 412 - 415 - 416 - 418 - 421 - 422 - 423 - 430 - 431 - 432 - 434 - 438 - 440 - 441 - 442 - 443 - 444 - 447 - 448 - 450 - 451 - 452 - 456 - 461 - 463 - 464 - 465 - 466 - 467 - 468 - 469 - 471 - 472 - 474 - 475 - 476 - 478 - 483 - 484 - 485 - 487 - 489 - 490 - 492 - 493 - 495 - 496 - 497 - 498 - 499,548770.3,3.7,92922,100968,128.75,Cost: 92922 & Capacity: 100968
0 - 7 - 8 - 9 - 13 - 15 - 18 - 19 - 24 - 26 - 28 - 30 - 31 - 35 - 41 - 43 - 46 - 52 - 53 - 56 - 57 - 60 - 68 - 69 - 71 - 84 - 87 - 89 - 90 - 100 - 101 - 105 - 111 - 112 - 113 - 116 - 120 - 122 - 123 - 127 - 128 - 129 - 144 - 145 - 151 - 152 - 154 - 158 - 159 - 160 - 161 - 166 - 168 - 170 - 171 - 172 - 174 - 180 - 183 - 188 - 189 - 193 - 195 - 198 - 200 - 203 - 204 - 206 - 209 - 212 - 213 - 217 - 219 - 224 - 226 - 227 - 236 - 237 - 239 - 242 - 244 - 245 - 246 - 252 - 254 - 258 - 265 - 268 - 269 - 271 - 273 - 279 - 280 - 283 - 286 - 289 - 292 - 297 - 298 - 300 - 302 - 303 - 317 - 318 - 321 - 323 - 324 - 327 - 333 - 334 - 335 - 337 - 338 - 339 - 342 - 343 - 344 - 347 - 352 - 354 - 357 - 358 - 359 - 361 - 362 - 364 - 365 - 367 - 369 - 373 - 377 - 379 - 383 - 384 - 387 - 388 - 390 - 391 - 397 - 398 - 399 - 403 - 404 - 405 - 407 - 408 - 409 - 412 - 413 - 414 - 419 - 422 - 423 - 427 - 428 - 431 - 432 - 434 - 441 - 442 - 443 - 444 - 445 - 451 - 453 - 457 - 461 - 462 - 464 - 465 - 468 - 469 - 470 - 471 - 474 - 475 - 476 - 478 - 483 - 485 - 486 - 488 - 489 - 490 - 492 - 496 - 497,244404.1,7.3,92898,85944,129.57,Cost: 92898 & Capacity: 85944
0 - 1 - 3 - 4 - 6 - 7 - 8 - 9 - 15 - 18 - 20 - 21 - 25 - 26 - 28 - 30 - 31 - 34 - 35 - 36 - 37 - 39 - 41 - 42 - 44 - 45 - 46 - 51 - 52 - 53 - 55 - 58 - 59 - 61 - 63 - 64 - 65 - 66 - 68 - 69 - 70 - 71 - 73 - 74 - 75 - 77 - 78 - 79 - 81 - 82 - 84 - 86 - 87 - 89 - 90 - 91 - 92 - 93 - 95 - 98 - 99 - 100 - 103 - 108 - 109 - 112 - 113 - 114 - 115 - 119 - 122 - 123 - 125 - 127 - 128 - 129 - 131 - 132 - 133 - 134 - 136 - 142 - 146 - 150 - 151 - 155 - 156 - 158 - 159 - 160 - 161 - 162 - 164 - 168 - 170 - 171 - 172 - 177 - 179 - 180 - 182 - 183 - 184 - 187 - 189 - 191 - 192 - 193 - 195 - 196 - 197 - 198 - 200 - 201 - 203 - 205 - 206 - 208 - 210 - 211 - 212 - 213 - 214 - 216 - 217 - 219 - 222 - 223 - 224 - 225 - 226 - 229 - 230 - 231 - 232 - 233 - 234 - 237 - 239 - 242 - 244 - 245 - 246 - 247 - 249 - 250 - 252 - 254 - 256 - 257 - 258 - 259 - 263 - 266 - 269 - 271 - 274 - 275 - 276 - 277 - 278 - 280 - 281 - 282 - 283 - 284 - 285 - 286 - 287 - 289 - 291 - 294 - 296 - 297 - 298 - 299 - 300 - 302 - 304 - 305 - 306 - 311 - 312 - 313 - 315 - 316 - 317 - 318 - 319 - 320 - 323 - 324 - 325 - 327 - 328 - 333 - 334 - 336 - 337 - 338 - 339 - 342 - 343 - 344 - 345 - 348 - 349 - 351 - 352 - 355 - 356 - 358 - 359 - 361 - 362 - 363 - 364 - 365 - 367 - 369 - 372 - 373 - 375 - 376 - 378 - 379 - 383 - 384 - 387 - 388 - 389 - 390 - 391 - 393 - 399 - 401 - 404 - 405 - 408 - 411 - 412 - 415 - 416 - 418 - 421 - 422 - 423 - 430 - 431 - 432 - 434 - 438 - 440 - 441 - 442 - 443 - 444 - 447 - 448 - 450 - 451 - 452 - 456 - 461 - 463 - 464 - 465 - 466 - 467 - 468 - 469 - 471 - 472 - 474 - 475 - 476 - 478 - 483 - 484 - 485 - 487 - 489 - 490 - 492 - 493 - 495 - 496 - 497 - 498 - 499,549028.2,3.7,92920,100867,129.9,Cost: 92920 & Capacity: 100867
0 - 1 - 3 - 4 - 6 - 7 - 8 - 9 - 15 - 18 - 20 - 21 - 25 - 26 - 28 - 30 - 31 - 34 - 35 - 36 - 37 - 39 - 41 - 42 - 44 - 45 - 46 - 51 - 52 - 53 - 55 - 58 - 59 - 61 - 63 - 64 - 65 - 66 - 68 - 69 - 70 - 71 - 73 - 74 - 75 - 77 - 78 - 79 - 81 - 82 - 84 - 86 - 87 - 89 - 90 - 91 - 92 - 93 - 95 - 98 - 99 - 100 - 103 - 108 - 109 - 112 - 113 - 114 - 115 - 119 - 122 - 123 - 125 - 127 - 128 - 129 - 131 - 132 - 133 - 134 - 136 - 142 - 146 - 150 - 151 - 155 - 156 - 158 - 159 - 160 - 161 - 162 - 164 - 168 - 170 - 171 - 172 - 177 - 179 - 180 - 182 - 183 - 184 - 187 - 189 - 191 - 192 - 193 - 195 - 196 - 197 - 198 - 200 - 201 - 203 - 205 - 206 - 208 - 210 - 211 - 212 - 213 - 214 - 216 - 217 - 219 - 222 - 223 - 224 - 225 - 226 - 229 - 230 - 231 - 232 - 233 - 234 - 237 - 239 - 242 - 244 - 245 - 246 - 247 - 249 - 250 - 252 - 254 - 256 - 257 - 258 - 259 - 263 - 266 - 269 - 271 - 274 - 275 - 276 - 277 - 278 - 280 - 281 - 282 - 283 - 284 - 285 - 286 - 287 - 289 - 291 - 294 - 296 - 297 - 298 - 299 - 300 - 302 - 304 - 305 - 306 - 311 - 312 - 313 - 315 - 316 - 317 - 318 - 320 - 323 - 324 - 325 - 327 - 328 - 333 - 334 - 336 - 337 - 338 - 339 - 342 - 343 - 344 - 345 - 348 - 349 - 351 - 352 - 355 - 356 - 358 - 359 - 361 - 362 - 363 - 364 - 365 - 367 - 369 - 370 - 372 - 373 - 375 - 376 - 378 - 379 - 383 - 384 - 387 - 388 - 389 - 390 - 391 - 393 - 399 - 401 - 404 - 405 - 408 - 411 - 412 - 415 - 416 - 418 - 421 - 422 - 423 - 430 - 431 - 432 - 434 - 438 - 440 - 441 - 442 - 443 - 444 - 447 - 448 - 450 - 451 - 452 - 456 - 461 - 463 - 464 - 465 - 466 - 467 - 468 - 469 - 471 - 472 - 474 - 475 - 476 - 478 - 483 - 484 - 485 - 487 - 489 - 490 - 492 - 493 - 495 - 496 - 497 - 498 - 499,548770.3,3.7,92922,100968,136.74,Cost: 92922 & Capacity: 100968
0 - 1 - 3 - 4 - 6 - 7 - 8 - 9 - 15 - 18 - 20 - 21 - 25 - 26 - 28 - 30 - 31 - 34 - 35 - 36 - 37 - 39 - 41 - 42 - 44 - 45 - 46 - 51 - 52 - 53 - 55 - 58 - 59 - 61 - 63 - 64 - 65 - 66 - 68 - 69 - 70 - 71 - 73 - 74 - 75 - 77 - 78 - 79 - 81 - 82 - 84 - 86 - 87 - 89 - 90 - 91 - 92 - 93 - 95 - 98 - 99 - 100 - 103 - 108 - 109 - 112 - 113 - 114 - 115 - 119 - 122 - 123 - 125 - 127 - 128 - 129 - 131 - 132 - 133 - 134 - 136 - 142 - 146 - 150 - 151 - 155 - 156 - 158 - 159 - 160 - 161 - 162 - 164 - 168 - 170 - 171 - 172 - 177 - 179 - 180 - 182 - 183 - 184 - 187 - 189 - 191 - 192 - 193 - 195 - 196 - 197 - 198 - 200 - 201 - 203 - 205 - 206 - 208 - 210 - 211 - 212 - 213 - 214 - 216 - 217 - 219 - 222 - 223 - 224 - 225 - 226 - 229 - 230 - 231 - 232 - 233 - 234 - 237 - 239 - 242 - 244 - 245 - 246 - 247 - 249 - 250 - 252 - 254 - 256 - 257 - 258 - 259 - 263 - 266 - 269 - 271 - 274 - 275 - 276 - 277 - 278 - 280 - 281 - 282 - 283 - 284 - 285 - 286 - 287 - 289 - 291 - 294 - 296 - 297 - 298 - 299 - 300 - 302 - 304 - 305 - 306 - 311 - 312 - 313 - 315 - 316 - 317 - 318 - 320 - 323 - 324 - 325 - 327 - 328 - 333 - 334 - 336 - 337 - 338 - 339 - 342 - 343 - 344 - 345 - 348 - 349 - 351 - 352 - 355 - 356 - 358 - 359 - 361 - 362 - 363 - 364 - 365 - 367 - 369 - 370 - 372 - 373 - 375 - 376 - 378 - 379 - 383 - 384 - 387 - 388 - 389 - 390 - 391 - 393 - 399 - 401 - 404 - 405 - 408 - 411 - 412 - 415 - 416 - 418 - 421 - 422 - 423 - 430 - 431 - 432 - 434 - 438 - 440 - 441 - 442 - 443 - 444 - 447 - 448 - 450 - 451 - 452 - 456 - 461 - 463 - 464 - 465 - 466 - 467 - 468 - 469 - 471 - 472 - 474 - 475 - 476 - 478 - 483 - 484 - 485 - 487 - 489 - 490 - 492 - 493 - 495 - 496 - 497 - 498 - 499,548770.3,3.7,92922,100968,137.91,Cost: 92922 & Capacity: 100968
0 - 1 - 3 - 4 - 6 - 7 - 8 - 9 - 15 - 18 - 20 - 21 - 25 - 26 - 28 - 30 - 31 - 34 - 35 - 36 - 37 - 39 - 41 - 42 - 44 - 45 - 46 - 51 - 52 - 53 - 55 - 58 - 59 - 61 - 63 - 64 - 65 - 66 - 68 - 69 - 70 - 71 - 73 - 74 - 75 - 77 - 78 - 79 - 81 - 82 - 84 - 86 - 87 - 89 - 90 - 91 - 92 - 93 - 95 - 98 - 99 - 100 - 103 - 108 - 109 - 112 - 113 - 114 - 115 - 119 - 122 - 123 - 125 - 127 - 128 - 129 - 131 - 132 - 133 - 134 - 136 - 142 - 146 - 150 - 151 - 155 - 156 - 158 - 159 - 160 - 161 - 162 - 164 - 168 - 170 - 171 - 172 - 177 - 179 - 180 - 182 - 183 - 184 - 187 - 189 - 191 - 192 - 193 - 195 - 196 - 197 - 198 - 200 - 201 - 203 - 205 - 206 - 208 - 210 - 211 - 212 - 213 - 214 - 216 - 217 - 219 - 222 - 223 - 224 - 225 - 226 - 229 - 230 - 231 - 232 - 233 - 234 - 237 - 239 - 242 - 244 - 245 - 246 - 247 - 249 - 250 - 252 - 254 - 256 - 257 - 258 - 259 - 263 - 266 - 269 - 271 - 274 - 275 - 276 - 277 - 278 - 280 - 281 - 282 - 283 - 284 - 285 - 286 - 287 - 289 - 291 - 294 - 296 - 297 - 298 - 299 - 300 - 302 - 304 - 305 - 306 - 311 - 312 - 313 - 315 - 316 - 317 - 318 - 320 - 323 - 324 - 325 - 327 - 328 - 333 - 334 - 336 - 337 - 338 - 339 - 342 - 343 - 344 - 345 - 348 - 349 - 351 - 352 - 355 - 356 - 358 - 359 - 361 - 362 - 363 - 364 - 365 - 367 - 369 - 370 - 372 - 373 - 375 - 376 - 378 - 379 - 383 - 384 - 387 - 388 - 389 - 390 - 391 - 393 - 399 - 401 - 404 - 405 - 408 - 411 - 412 - 415 - 416 - 418 - 421 - 422 - 423 - 430 - 431 - 432 - 434 - 438 - 440 - 441 - 442 - 443 - 444 - 447 - 448 - 450 - 451 - 452 - 456 - 461 - 463 - 464 - 465 - 466 - 467 - 468 - 469 - 471 - 472 - 474 - 475 - 476 - 478 - 483 - 484 - 485 - 487 - 489 - 490 - 492 - 493 - 495 - 496 - 497 - 498 - 499,548770.3,3.7,92922,100968,144.24,Cost: 92922 & Capacity: 100968
0 - 1 - 3 - 4 - 6 - 7 - 8 - 9 - 15 - 18 - 20 - 21 - 25 - 26 - 28 - 30 - 31 - 34 - 35 - 36 - 37 - 39 - 41 - 42 - 44 - 45 - 46 - 51 - 52 - 53 - 55 - 58 - 59 - 61 - 63 - 64 - 65 - 66 - 68 - 69 - 70 - 71 - 73 - 74 - 75 - 77 - 78 - 79 - 81 - 82 - 84 - 86 - 87 - 89 - 90 - 91 - 92 - 93 - 95 - 98 - 99 - 100 - 103 - 108 - 109 - 112 - 113 - 114 - 115 - 119 - 122 - 123 - 125 - 127 - 128 - 129 - 131 - 132 - 133 - 134 - 136 - 142 - 146 - 150 - 151 - 155 - 156 - 158 - 159 - 160 - 161 - 162 - 164 - 168 - 170 - 171 - 172 - 177 - 179 - 180 - 182 - 183 - 184 - 187 - 189 - 191 - 192 - 193 - 195 - 196 - 197 - 198 - 200 - 201 - 203 - 205 - 206 - 208 - 210 - 211 - 212 - 213 - 214 - 216 - 217 - 219 - 222 - 223 - 224 - 225 - 226 - 229 - 230 - 231 - 232 - 233 - 234 - 237 - 239 - 242 - 244 - 245 - 246 - 247 - 249 - 250 - 252 - 254 - 256 - 257 - 258 - 259 - 263 - 266 - 269 - 271 - 274 - 275 - 276 - 277 - 278 - 280 - 281 - 282 - 283 - 284 - 285 - 286 - 287 - 289 - 291 - 294 - 296 - 297 - 298 - 299 - 300 - 302 - 304 - 305 - 306 - 311 - 312 - 313 - 315 - 316 - 317 - 318 - 320 - 323 - 324 - 325 - 327 - 328 - 333 - 334 - 336 - 337 - 338 - 339 - 342 - 343 - 344 - 345 - 348 - 349 - 351 - 352 - 355 - 356 - 358 - 359 - 361 - 362 - 363 - 364 - 365 - 367 - 369 - 370 - 372 - 373 - 375 - 376 - 378 - 379 - 383 - 384 - 387 - 388 - 389 - 390 - 391 - 393 - 399 - 401 - 404 - 405 - 408 - 411 - 412 - 415 - 416 - 418 - 421 - 422 - 423 - 430 - 431 - 432 - 434 - 438 - 440 - 441 - 442 - 443 - 444 - 447 - 448 - 450 - 451 - 452 - 456 - 461 - 463 - 464 - 465 - 466 - 467 - 468 - 469 - 471 - 472 - 474 - 475 - 476 - 478 - 483 - 484 - 485 - 487 - 489 - 490 - 492 - 493 - 495 - 496 - 497 - 498 - 499,548770.3,3.7,92922,100968,145.53,Cost: 92922 & Capacity: 100968
8 - 15 - 17 - 18 - 20 - 22 - 26 - 30 - 35 - 41 - 48 - 52 - 53 - 56 - 60 - 63 - 68 - 80 - 87 - 88 - 95 - 99 - 113 - 115 - 120 - 122 - 127 - 134 - 145 - 148 - 154 - 159 - 166 - 171 - 173 - 175 - 180 - 185 - 197 - 200 - 203 - 206 - 209 - 212 - 214 - 218 - 224 - 226 - 227 - 237 - 239 - 242 - 245 - 258 - 271 - 272 - 277 - 279 - 281 - 289 - 292 - 296 - 297 - 302 - 316 - 327 - 329 - 334 - 335 - 338 - 343 - 346 - 347 - 357 - 359 - 363 - 365 - 367 - 368 - 369 - 371 - 373 - 376 - 377 - 379 - 383 - 391 - 396 - 397 - 398 - 402 - 404 - 405 - 407 - 411 - 413 - 416 - 419 - 422 - 425 - 426 - 427 - 428 - 431 - 436 - 441 - 444 - 465 - 468 - 469 - 470 - 476 - 478 - 481 - 484 - 485 - 494 - 497,100861.5,8.3,68702,58610,145.6,Cost: 68702 & Capacity: 58610
0 - 1 - 3 - 4 - 6 - 7 - 8 - 9 - 15 - 18 - 20 - 21 - 25 - 26 - 28 - 30 - 31 - 34 - 35 - 36 - 37 - 39 - 41 - 42 - 44 - 45 - 46 - 51 - 52 - 53 - 55 - 58 - 59 - 61 - 63 - 64 - 65 - 66 - 68 - 69 - 70 - 71 - 73 - 74 - 75 - 77 - 78 - 79 - 81 - 82 - 84 - 86 - 87 - 89 - 90 - 91 - 92 - 93 - 95 - 98 - 99 - 100 - 103 - 108 - 109 - 112 - 113 - 114 - 115 - 119 - 122 - 123 - 125 - 127 - 128 - 129 - 131 - 132 - 133 - 134 - 136 - 142 - 146 - 150 - 151 - 155 - 156 - 158 - 159 - 160 - 161 - 162 - 164 - 168 - 170 - 171 - 172 - 177 - 179 - 180 - 182 - 183 - 184 - 187 - 189 - 191 - 192 - 193 - 195 - 196 - 197 - 198 - 200 - 201 - 203 - 205 - 206 - 208 - 210 - 211 - 212 - 213 - 214 - 216 - 217 - 219 - 222 - 223 - 224 - 225 - 226 - 229 - 230 - 231 - 232 - 233 - 234 - 237 - 239 - 242 - 244 - 245 - 246 - 247 - 249 - 250 - 252 - 254 - 256 - 257 - 258 - 259 - 263 - 266 - 269 - 271 - 274 - 275 - 276 - 277 - 278 - 280 - 281 - 282 - 283 - 284 - 285 - 286 - 287 - 289 - 291 - 294 - 296 - 297 - 298 - 299 - 300 - 302 - 304 - 305 - 306 - 311 - 312 - 313 - 315 - 316 - 317 - 318 - 320 - 323 - 324 - 325 - 327 - 328 - 333 - 334 - 336 - 337 - 338 - 339 - 342 - 343 - 344 - 345 - 348 - 349 - 351 - 352 - 355 - 356 - 358 - 359 - 361 - 362 - 363 - 364 - 365 - 367 - 369 - 370 - 372 - 373 - 375 - 376 - 378 - 379 - 383 - 384 - 387 - 388 - 389 - 390 - 391 - 393 - 399 - 401 - 404 - 405 - 408 - 411 - 412 - 415 - 416 - 418 - 421 - 422 - 423 - 430 - 431 - 432 - 434 - 438 - 440 - 441 - 442 - 443 - 444 - 447 - 448 - 450 - 451 - 452 - 456 - 461 - 463 - 464 - 465 - 466 - 467 - 468 - 469 - 471 - 472 - 474 - 475 - 476 - 478 - 483 - 484 - 485 - 487 - 489 - 490 - 492 - 493 - 495 - 496 - 497 - 498 - 499,548770.3,3.7,92922,100968,147.62,Cost: 92922 & Capacity: 100968
0 - 1 - 3 - 4 - 6 - 7 - 8 - 9 - 15 - 18 - 20 - 21 - 25 - 26 - 28 - 30 - 31 - 34 - 35 - 36 - 37 - 39 - 41 - 42 - 44 - 45 - 46 - 51 - 52 - 53 - 55 - 58 - 59 - 61 - 63 - 64 - 65 - 66 - 68 - 69 - 70 - 71 - 73 - 74 - 75 - 77 - 78 - 79 - 81 - 82 - 84 - 86 - 87 - 89 - 90 - 91 - 92 - 93 - 95 - 98 - 99 - 100 - 103 - 108 - 109 - 112 - 113 - 114 - 115 - 119 - 122 - 123 - 125 - 127 - 128 - 129 - 131 - 132 - 133 - 134 - 136 - 142 - 146 - 150 - 151 - 155 - 156 - 158 - 159 - 160 - 161 - 162 - 164 - 168 - 170 - 171 - 172 - 177 - 179 - 180 - 182 - 183 - 184 - 187 - 189 - 191 - 192 - 193 - 195 - 196 - 197 - 198 - 200 - 201 - 203 - 205 - 206 - 208 - 210 - 211 - 212 - 213 - 214 - 216 - 217 - 219 - 222 - 223 - 224 - 225 - 226 - 229 - 230 - 231 - 232 - 233 - 234 - 237 - 239 - 242 - 244 - 245 - 246 - 247 - 249 - 250 - 252 - 254 - 256 - 257 - 258 - 259 - 263 - 266 - 269 - 271 - 274 - 275 - 276 - 277 - 278 - 280 - 281 - 282 - 283 - 284 - 285 - 286 - 287 - 289 - 291 - 294 - 296 - 297 - 298 - 299 - 300 - 302 - 304 - 305 - 306 - 311 - 312 - 313 - 315 - 316 - 317 - 318 - 320 - 323 - 324 - 325 - 327 - 328 - 333 - 334 - 336 - 337 - 338 - 339 - 342 - 343 - 344 - 345 - 348 - 349 - 351 - 352 - 355 - 356 - 358 - 359 - 361 - 362 - 363 - 364 - 365 - 367 - 369 - 370 - 372 - 373 - 375 - 376 - 378 - 379 - 383 - 384 - 387 - 388 - 389 - 390 - 391 - 393 - 399 - 401 - 404 - 405 - 408 - 411 - 412 - 415 - 416 - 418 - 421 - 422 - 423 - 430 - 431 - 432 - 434 - 438 - 440 - 441 - 442 - 443 - 444 - 447 - 448 - 450 - 451 - 452 - 456 - 461 - 463 - 464 - 465 - 466 - 467 - 468 - 469 - 471 - 472 - 474 - 475 - 476 - 478 - 483 - 484 - 485 - 487 - 489 - 490 - 492 - 493 - 495 - 496 - 497 - 498 - 499,548770.3,3.7,92922,100968,147.65,Cost: 92922 & Capacity: 100968
0 - 1 - 3 - 4 - 6 - 7 - 8 - 9 - 15 - 18 - 20 - 21 - 25 - 26 - 28 - 30 - 31 - 34 - 35 - 36 - 37 - 39 - 41 - 42 - 44 - 45 - 46 - 51 - 52 - 53 - 55 - 58 - 59 - 61 - 63 - 64 - 65 - 66 - 68 - 69 - 70 - 71 - 73 - 74 - 75 - 77 - 78 - 79 - 81 - 82 - 84 - 86 - 87 - 89 - 90 - 91 - 92 - 93 - 95 - 98 - 99 - 100 - 103 - 108 - 109 - 112 - 113 - 114 - 115 - 119 - 122 - 123 - 125 - 127 - 128 - 129 - 131 - 132 - 133 - 134 - 136 - 142 - 146 - 150 - 151 - 155 - 156 - 158 - 159 - 160 - 161 - 162 - 164 - 168 - 170 - 171 - 172 - 177 - 179 - 180 - 182 - 183 - 184 - 187 - 189 - 191 - 192 - 193 - 195 - 196 - 197 - 198 - 200 - 201 - 203 - 205 - 206 - 208 - 210 - 211 - 212 - 213 - 214 - 216 - 217 - 219 - 222 - 223 - 224 - 225 - 226 - 229 - 230 - 231 - 232 - 233 - 234 - 237 - 239 - 242 - 244 - 245 - 246 - 247 - 249 - 250 - 252 - 254 - 256 - 257 - 258 - 259 - 263 - 266 - 269 - 271 - 274 - 275 - 276 - 277 - 278 - 280 - 281 - 282 - 283 - 284 - 285 - 286 - 287 - 289 - 291 - 294 - 296 - 297 - 298 - 299 - 300 - 302 - 304 - 305 - 306 - 311 - 312 - 313 - 315 - 316 - 317 - 318 - 320 - 323 - 324 - 325 - 327 - 328 - 333 - 334 - 336 - 337 - 338 - 339 - 342 - 343 - 344 - 345 - 348 - 349 - 351 - 352 - 355 - 356 - 358 - 359 - 361 - 362 - 363 - 364 - 365 - 367 - 369 - 370 - 372 - 373 - 375 - 376 - 378 - 379 - 383 - 384 - 387 - 388 - 389 - 390 - 391 - 393 - 399 - 401 - 404 - 405 - 408 - 411 - 412 - 415 - 416 - 418 - 421 - 422 - 423 - 430 - 431 - 432 - 434 - 438 - 440 - 441 - 442 - 443 - 444 - 447 - 448 - 450 - 451 - 452 - 456 - 461 - 463 - 464 - 465 - 466 - 467 - 468 - 469 - 471 - 472 - 474 - 475 - 476 - 478 - 483 - 484 - 485 - 487 - 489 - 490 - 492 - 493 - 495 - 496 - 497 - 498 - 499,548770.3,3.7,92922,100968,148.93,Cost: 92922 & Capacity: 100968
0 - 1 - 3 - 4 - 6 - 7 - 8 - 9 - 15 - 18 - 20 - 21 - 25 - 26 - 28 - 30 - 31 - 34 - 35 - 36 - 37 - 39 - 41 - 42 - 44 - 45 - 46 - 51 - 52 - 53 - 55 - 58 - 59 - 61 - 63 - 64 - 65 - 66 - 68 - 69 - 70 - 71 - 73 - 74 - 75 - 77 - 78 - 79 - 81 - 82 - 84 - 86 - 87 - 89 - 90 - 91 - 92 - 93 - 95 - 98 - 99 - 100 - 103 - 108 - 109 - 112 - 113 - 114 - 115 - 119 - 122 - 123 - 125 - 127 - 128 - 129 - 131 - 132 - 133 - 134 - 136 - 142 - 146 - 150 - 151 - 155 - 156 - 158 - 159 - 160 - 161 - 162 - 164 - 168 - 170 - 171 - 172 - 177 - 179 - 180 - 182 - 183 - 184 - 187 - 189 - 191 - 192 - 193 - 195 - 196 - 197 - 198 - 200 - 201 - 203 - 205 - 206 - 208 - 210 - 211 - 212 - 213 - 214 - 216 - 217 - 219 - 222 - 223 - 224 - 225 - 226 - 229 - 230 - 231 - 232 - 233 - 234 - 237 - 239 - 242 - 244 - 245 - 246 - 247 - 249 - 250 - 252 - 254 - 256 - 257 - 258 - 259 - 263 - 266 - 269 - 271 - 274 - 275 - 276 - 277 - 278 - 280 - 281 - 282 - 283 - 284 - 285 - 286 - 287 - 289 - 291 - 294 - 296 - 297 - 298 - 299 - 300 - 302 - 304 - 305 - 306 - 311 - 312 - 313 - 315 - 316 - 317 - 318 - 320 - 323 - 324 - 325 - 327 - 328 - 333 - 334 - 336 - 337 - 338 - 339 - 342 - 343 - 344 - 345 - 348 - 349 - 351 - 352 - 355 - 356 - 358 - 359 - 361 - 362 - 363 - 364 - 365 - 367 - 369 - 370 - 372 - 373 - 375 - 376 - 378 - 379 - 383 - 384 - 387 - 388 - 389 - 390 - 391 - 393 - 399 - 401 - 404 - 405 - 408 - 411 - 412 - 415 - 416 - 418 - 421 - 422 - 423 - 430 - 431 - 432 - 434 - 438 - 440 - 441 - 442 - 443 - 444 - 447 - 448 - 450 - 451 - 452 - 456 - 461 - 463 - 464 - 465 - 466 - 467 - 468 - 469 - 471 - 472 - 474 - 475 - 476 - 478 - 483 - 484 - 485 - 487 - 489 - 490 - 492 - 493 - 495 - 496 - 497 - 498 - 499,548770.3,3.7,92922,100968,151.98,Cost: 92922 & Capacity: 100968
0 - 1 - 3 - 4 - 6 - 7 - 8 - 9 - 15 - 18 - 20 - 21 - 25 - 26 - 28 - 30 - 31 - 34 - 35 - 36 - 37 - 39 - 41 - 42 - 44 - 45 - 46 - 51 - 52 - 53 - 55 - 58 - 59 - 61 - 63 - 64 - 65 - 66 - 68 - 69 - 70 - 71 - 73 - 74 - 75 - 77 - 78 - 79 - 81 - 82 - 84 - 86 - 87 - 89 - 90 - 91 - 92 - 93 - 95 - 98 - 99 - 100 - 103 - 108 - 109 - 112 - 113 - 114 - 115 - 119 - 122 - 123 - 125 - 127 - 128 - 129 - 131 - 132 - 133 - 134 - 136 - 142 - 146 - 150 - 151 - 155 - 156 - 158 - 159 - 160 - 161 - 162 - 164 - 168 - 170 - 171 - 172 - 177 - 179 - 180 - 182 - 183 - 184 - 187 - 189 - 191 - 192 - 193 - 195 - 196 - 197 - 198 - 200 - 201 - 203 - 205 - 206 - 208 - 210 - 211 - 212 - 213 - 214 - 216 - 217 - 219 - 222 - 223 - 224 - 225 - 226 - 229 - 230 - 231 - 232 - 233 - 234 - 237 - 239 - 242 - 244 - 245 - 246 - 247 - 249 - 250 - 252 - 254 - 256 - 257 - 258 - 259 - 263 - 266 - 269 - 271 - 274 - 275 - 276 - 277 - 278 - 280 - 281 - 282 - 283 - 284 - 285 - 286 - 287 - 289 - 291 - 294 - 296 - 297 - 298 - 299 - 300 - 302 - 304 - 305 - 306 - 311 - 312 - 313 - 315 - 316 - 317 - 318 - 320 - 323 - 324 - 325 - 327 - 328 - 333 - 334 - 336 - 337 - 338 - 339 - 342 - 343 - 344 - 345 - 348 - 349 - 351 - 352 - 355 - 356 - 358 - 359 - 361 - 362 - 363 - 364 - 365 - 367 - 369 - 370 - 372 - 373 - 375 - 376 - 378 - 379 - 383 - 384 - 387 - 388 - 389 - 390 - 391 - 393 - 399 - 401 - 404 - 405 - 408 - 411 - 412 - 415 - 416 - 418 - 421 - 422 - 423 - 430 - 431 - 432 - 434 - 438 - 440 - 441 - 442 - 443 - 444 - 447 - 448 - 450 - 451 - 452 - 456 - 461 - 463 - 464 - 465 - 466 - 467 - 468 - 469 - 471 - 472 - 474 - 475 - 476 - 478 - 483 - 484 - 485 - 487 - 489 - 490 - 492 - 493 - 495 - 496 - 497 - 498 - 499,548770.3,3.7,92922,100968,155.82,Cost: 92922 & Capacity: 100968
0 - 1 - 3 - 4 - 6 - 7 - 8 - 9 - 15 - 18 - 20 - 21 - 25 - 26 - 28 - 30 - 31 - 34 - 35 - 36 - 37 - 39 - 41 - 42 - 44 - 45 - 46 - 51 - 52 - 53 - 55 - 58 - 59 - 61 - 63 - 64 - 65 - 66 - 68 - 69 - 70 - 71 - 73 - 74 - 75 - 77 - 78 - 79 - 81 - 82 - 84 - 86 - 87 - 89 - 90 - 91 - 92 - 93 - 95 - 98 - 99 - 100 - 103 - 108 - 109 - 112 - 113 - 114 - 115 - 119 - 122 - 123 - 125 - 127 - 128 - 129 - 131 - 132 - 133 - 134 - 136 - 142 - 146 - 150 - 151 - 155 - 156 - 158 - 159 - 160 - 161 - 162 - 164 - 168 - 170 - 171 - 172 - 177 - 179 - 180 - 182 - 183 - 184 - 187 - 189 - 191 - 192 - 193 - 195 - 196 - 197 - 198 - 200 - 201 - 203 - 205 - 206 - 208 - 210 - 211 - 212 - 213 - 214 - 216 - 217 - 219 - 222 - 223 - 224 - 225 - 226 - 229 - 230 - 231 - 232 - 233 - 234 - 237 - 239 - 242 - 244 - 245 - 246 - 247 - 249 - 250 - 252 - 254 - 256 - 257 - 258 - 259 - 263 - 266 - 269 - 271 - 274 - 275 - 276 - 277 - 278 - 280 - 281 - 282 - 283 - 284 - 285 - 286 - 287 - 289 - 291 - 294 - 296 - 297 - 298 - 299 - 300 - 302 - 304 - 305 - 306 - 311 - 312 - 313 - 315 - 316 - 317 - 318 - 320 - 323 - 324 - 325 - 327 - 328 - 333 - 334 - 336 - 337 - 338 - 339 - 342 - 343 - 344 - 345 - 348 - 349 - 351 - 352 - 355 - 356 - 358 - 359 - 361 - 362 - 363 - 364 - 365 - 367 - 369 - 370 - 372 - 373 - 375 - 376 - 378 - 379 - 383 - 384 - 387 - 388 - 389 - 390 - 391 - 393 - 399 - 401 - 404 - 405 - 408 - 411 - 412 - 415 - 416 - 418 - 421 - 422 - 423 - 430 - 431 - 432 - 434 - 438 - 440 - 441 - 442 - 443 - 444 - 447 - 448 - 450 - 451 - 452 - 456 - 461 - 463 - 464 - 465 - 466 - 467 - 468 - 469 - 471 - 472 - 474 - 475 - 476 - 478 - 483 - 484 - 485 - 487 - 489 - 490 - 492 - 493 - 495 - 496 - 497 - 498 - 499,548770.3,3.7,92922,100968,157.35,Cost: 92922 & Capacity: 100968
0 - 1 - 3 - 4 - 6 - 7 - 8 - 9 - 15 - 18 - 20 - 21 - 25 - 26 - 28 - 30 - 31 - 34 - 35 - 36 - 37 - 39 - 41 - 42 - 44 - 45 - 46 - 51 - 52 - 53 - 55 - 58 - 59 - 61 - 63 - 64 - 65 - 66 - 68 - 69 - 70 - 71 - 73 - 74 - 75 - 77 - 78 - 79 - 81 - 82 - 84 - 86 - 87 - 89 - 90 - 91 - 92 - 93 - 95 - 98 - 99 - 100 - 103 - 108 - 109 - 112 - 113 - 114 - 115 - 119 - 122 - 123 - 125 - 127 - 128 - 129 - 131 - 132 - 133 - 134 - 136 - 142 - 146 - 150 - 151 - 155 - 156 - 158 - 159 - 160 - 161 - 162 - 164 - 168 - 170 - 171 - 172 - 177 - 179 - 180 - 182 - 183 - 184 - 187 - 189 - 191 - 192 - 193 - 195 - 196 - 197 - 198 - 200 - 201 - 203 - 205 - 206 - 208 - 210 - 211 - 212 - 213 - 214 - 216 - 217 - 219 - 222 - 223 - 224 - 225 - 226 - 229 - 230 - 231 - 232 - 233 - 234 - 237 - 239 - 242 - 244 - 245 - 246 - 247 - 249 - 250 - 252 - 254 - 256 - 257 - 258 - 259 - 263 - 266 - 269 - 271 - 274 - 275 - 276 - 277 - 278 - 280 - 281 - 282 - 283 - 284 - 285 - 286 - 287 - 289 - 291 - 294 - 296 - 297 - 298 - 299 - 300 - 302 - 304 - 305 - 306 - 311 - 312 - 313 - 315 - 316 - 317 - 318 - 320 - 323 - 324 - 325 - 327 - 328 - 333 - 334 - 336 - 337 - 338 - 339 - 342 - 343 - 344 - 345 - 348 - 349 - 351 - 352 - 355 - 356 - 358 - 359 - 361 - 362 - 363 - 364 - 365 - 367 - 369 - 370 - 372 - 373 - 375 - 376 - 378 - 379 - 383 - 384 - 387 - 388 - 389 - 390 - 391 - 393 - 399 - 401 - 404 - 405 - 408 - 411 - 412 - 415 - 416 - 418 - 421 - 422 - 423 - 430 - 431 - 432 - 434 - 438 - 440 - 441 - 442 - 443 - 444 - 447 - 448 - 450 - 451 - 452 - 456 - 461 - 463 - 464 - 465 - 466 - 467 - 468 - 469 - 471 - 472 - 474 - 475 - 476 - 478 - 483 - 484 - 485 - 487 - 489 - 490 - 492 - 493 - 495 - 496 - 497 - 498 - 499,548770.3,3.7,92922,100968,158.68,Cost: 92922 & Capacity: 100968
0 - 3 - 9 - 13 - 15 - 18 - 19 - 24 - 26 - 28 - 30 - 31 - 36 - 41 - 43 - 48 - 52 - 53 - 56 - 57 - 68 - 69 - 71 - 74 - 79 - 87 - 89 - 90 - 100 - 101 - 109 - 112 - 113 - 117 - 122 - 123 - 124 - 126 - 127 - 129 - 132 - 136 - 143 - 144 - 145 - 146 - 151 - 152 - 158 - 159 - 161 - 165 - 166 - 168 - 170 - 171 - 172 - 173 - 174 - 177 - 180 - 183 - 188 - 193 - 195 - 200 - 203 - 204 - 206 - 209 - 211 - 212 - 213 - 214 - 217 - 219 - 224 - 226 - 234 - 236 - 237 - 239 - 242 - 243 - 245 - 246 - 249 - 250 - 252 - 254 - 258 - 265 - 269 - 273 - 279 - 281 - 283 - 286 - 287 - 289 - 292 - 297 - 298 - 300 - 302 - 303 - 310 - 315 - 318 - 323 - 324 - 327 - 333 - 334 - 338 - 339 - 342 - 343 - 347 - 348 - 352 - 354 - 357 - 359 - 361 - 362 - 364 - 365 - 367 - 369 - 373 - 376 - 377 - 378 - 379 - 383 - 384 - 385 - 388 - 390 - 393 - 397 - 398 - 399 - 400 - 401 - 403 - 404 - 407 - 408 - 409 - 412 - 413 - 414 - 419 - 426 - 427 - 428 - 430 - 431 - 432 - 437 - 442 - 443 - 444 - 445 - 450 - 453 - 461 - 462 - 465 - 468 - 469 - 470 - 471 - 473 - 475 - 476 - 478 - 483 - 484 - 488 - 492 - 494 - 495 - 496 - 497 - 498,245266.4,7.2,92814,85529,165.12,Cost: 92814 & Capacity: 85529
3 - 7 - 10 - 15 - 17 - 18 - 19 - 22 - 26 - 28 - 41 - 44 - 48 - 52 - 53 - 55 - 56 - 60 - 68 - 87 - 89 - 91 - 100 - 105 - 113 - 117 - 118 - 120 - 124 - 126 - 127 - 132 - 135 - 144 - 148 - 152 - 158 - 159 - 161 - 164 - 165 - 166 - 167 - 170 - 171 - 173 - 174 - 183 - 188 - 195 - 197 - 200 - 202 - 203 - 204 - 206 - 209 - 211 - 212 - 214 - 224 - 236 - 237 - 242 - 243 - 245 - 246 - 252 - 254 - 258 - 269 - 272 - 273 - 277 - 279 - 281 - 283 - 289 - 296 - 297 - 298 - 299 - 302 - 318 - 327 - 333 - 334 - 335 - 338 - 339 - 343 - 346 - 347 - 354 - 357 - 359 - 364 - 365 - 369 - 373 - 377 - 378 - 379 - 383 - 384 - 391 - 397 - 398 - 399 - 407 - 408 - 409 - 413 - 416 - 418 - 419 - 422 - 426 - 427 - 428 - 431 - 432 - 437 - 442 - 444 - 449 - 450 - 453 - 465 - 467 - 469 - 470 - 471 - 473 - 475 - 476 - 478 - 483 - 484 - 494 - 495 - 496 - 497,144661.0,8.0,80803,71511,165.14,Cost: 80803 & Capacity: 71511
0 - 1 - 3 - 4 - 6 - 7 - 8 - 9 - 15 - 18 - 20 - 21 - 25 - 26 - 28 - 30 - 31 - 34 - 35 - 36 - 37 - 39 - 41 - 42 - 44 - 45 - 46 - 51 - 52 - 53 - 55 - 58 - 59 - 61 - 63 - 64 - 65 - 66 - 68 - 69 - 70 - 71 - 73 - 74 - 75 - 77 - 78 - 79 - 81 - 82 - 84 - 86 - 87 - 89 - 90 - 91 - 92 - 93 - 95 - 98 - 99 - 100 - 103 - 108 - 109 - 112 - 113 - 114 - 115 - 119 - 122 - 123 - 125 - 127 - 128 - 129 - 131 - 132 - 133 - 134 - 136 - 142 - 146 - 150 - 151 - 155 - 156 - 158 - 159 - 160 - 161 - 162 - 164 - 168 - 170 - 171 - 172 - 177 - 179 - 180 - 182 - 183 - 184 - 187 - 189 - 191 - 192 - 193 - 195 - 196 - 197 - 198 - 200 - 201 - 203 - 205 - 206 - 208 - 210 - 211 - 212 - 213 - 214 - 216 - 217 - 219 - 222 - 223 - 224 - 225 - 226 - 229 - 230 - 231 - 232 - 233 - 234 - 237 - 239 - 242 - 244 - 245 - 246 - 247 - 249 - 250 - 252 - 254 - 256 - 257 - 258 - 259 - 263 - 266 - 269 - 271 - 274 - 275 - 276 - 277 - 278 - 280 - 281 - 282 - 283 - 284 - 285 - 286 - 287 - 289 - 291 - 294 - 296 - 297 - 298 - 299 - 300 - 302 - 304 - 305 - 306 - 311 - 312 - 313 - 315 - 316 - 317 - 318 - 320 - 323 - 324 - 325 - 327 - 328 - 333 - 334 - 336 - 337 - 338 - 339 - 342 - 343 - 344 - 345 - 348 - 349 - 351 - 352 - 355 - 356 - 358 - 359 - 361 - 362 - 363 - 364 - 365 - 367 - 369 - 370 - 372 - 373 - 375 - 376 - 378 - 379 - 383 - 384 - 387 - 388 - 389 - 390 - 391 - 393 - 399 - 401 - 404 - 405 - 408 - 411 - 412 - 415 - 416 - 418 - 421 - 422 - 423 - 430 - 431 - 432 - 434 - 438 - 440 - 441 - 442 - 443 - 444 - 447 - 448 - 450 - 451 - 452 - 456 - 461 - 463 - 464 - 465 - 466 - 467 - 468 - 469 - 471 - 472 - 474 - 475 - 476 - 478 - 483 - 484 - 485 - 487 - 489 - 490 - 492 - 493 - 495 - 496 - 497 - 498 - 499,548770.3,3.7,92922,100968,165.5,Cost: 92922 & Capacity: 100968
0 - 3 - 4 - 8 - 9 - 13 - 15 - 18 - 20 - 21 - 24 - 25 - 28 - 29 - 30 - 35 - 36 - 37 - 39 - 41 - 42 - 45 - 46 - 51 - 52 - 53 - 55 - 56 - 57 - 58 - 60 - 63 - 64 - 66 - 68 - 69 - 71 - 72 - 73 - 74 - 75 - 77 - 79 - 82 - 83 - 84 - 87 - 89 - 90 - 92 - 95 - 98 - 99 - 100 - 108 - 109 - 112 - 113 - 115 - 118 - 119 - 121 - 122 - 123 - 127 - 128 - 129 - 132 - 134 - 136 - 142 - 144 - 146 - 151 - 156 - 158 - 159 - 160 - 161 - 163 - 164 - 170 - 171 - 172 - 173 - 179 - 182 - 183 - 184 - 187 - 188 - 189 - 191 - 192 - 193 - 194 - 195 - 197 - 198 - 199 - 200 - 201 - 203 - 204 - 206 - 208 - 209 - 210 - 212 - 213 - 214 - 215 - 216 - 217 - 223 - 224 - 225 - 230 - 231 - 232 - 236 - 237 - 239 - 242 - 244 - 245 - 246 - 247 - 249 - 252 - 254 - 256 - 257 - 258 - 259 - 263 - 264 - 269 - 271 - 273 - 276 - 279 - 280 - 281 - 283 - 284 - 286 - 287 - 289 - 292 - 296 - 297 - 298 - 300 - 302 - 303 - 305 - 306 - 310 - 311 - 313 - 314 - 315 - 316 - 318 - 320 - 323 - 324 - 327 - 333 - 334 - 335 - 337 - 338 - 339 - 342 - 345 - 347 - 348 - 349 - 354 - 355 - 358 - 359 - 362 - 363 - 364 - 365 - 369 - 372 - 373 - 375 - 376 - 379 - 383 - 384 - 385 - 388 - 390 - 391 - 393 - 399 - 400 - 402 - 403 - 404 - 405 - 407 - 409 - 412 - 413 - 416 - 417 - 418 - 422 - 423 - 430 - 431 - 432 - 434 - 440 - 441 - 442 - 443 - 444 - 446 - 448 - 453 - 456 - 460 - 461 - 462 - 464 - 465 - 466 - 467 - 468 - 469 - 471 - 472 - 475 - 476 - 478 - 483 - 484 - 485 - 490 - 496 - 497 - 498 - 499,422679.1,6.2,92843,94505,167.11,Cost: 92843 & Capacity: 94505
8 - 15 - 18 - 19 - 24 - 26 - 28 - 30 - 37 - 38 - 43 - 52 - 53 - 55 - 56 - 60 - 68 - 83 - 87 - 89 - 90 - 91 - 95 - 99 - 105 - 109 - 113 - 115 - 120 - 124 - 127 - 129 - 132 - 152 - 153 - 158 - 159 - 166 - 170 - 171 - 172 - 173 - 175 - 176 - 183 - 185 - 188 - 191 - 193 - 197 - 200 - 203 - 206 - 209 - 211 - 212 - 214 - 217 - 220 - 223 - 224 - 225 - 226 - 227 - 236 - 237 - 238 - 239 - 242 - 246 - 249 - 252 - 258 - 277 - 278 - 279 - 280 - 281 - 283 - 289 - 292 - 296 - 297 - 302 - 316 - 318 - 327 - 329 - 333 - 334 - 338 - 340 - 346 - 347 - 349 - 350 - 357 - 359 - 362 - 365 - 367 - 369 - 373 - 377 - 379 - 381 - 383 - 385 - 388 - 391 - 392 - 397 - 398 - 399 - 404 - 405 - 407 - 408 - 412 - 413 - 414 - 419 - 423 - 427 - 428 - 431 - 436 - 438 - 441 - 442 - 443 - 444 - 447 - 450 - 465 - 468 - 469 - 470 - 476 - 480 - 483 - 484 - 486 - 489 - 492 - 496 - 498,154713.5,7.9,78881,66953,167.88,Cost: 78881 & Capacity: 66953
0 - 1 - 3 - 4 - 6 - 7 - 8 - 9 - 15 - 18 - 20 - 21 - 25 - 26 - 28 - 30 - 31 - 34 - 35 - 36 - 37 - 39 - 41 - 42 - 45 - 46 - 51 - 52 - 53 - 55 - 58 - 59 - 61 - 63 - 64 - 65 - 66 - 68 - 69 - 70 - 71 - 73 - 74 - 75 - 77 - 78 - 79 - 81 - 82 - 84 - 86 - 87 - 89 - 90 - 91 - 92 - 93 - 95 - 98 - 99 - 100 - 103 - 108 - 109 - 112 - 113 - 114 - 115 - 119 - 122 - 123 - 125 - 127 - 128 - 129 - 131 - 132 - 133 - 134 - 136 - 142 - 146 - 150 - 151 - 155 - 156 - 158 - 159 - 160 - 161 - 162 - 164 - 168 - 170 - 171 - 172 - 177 - 179 - 180 - 182 - 183 - 184 - 187 - 189 - 191 - 192 - 193 - 195 - 196 - 197 - 198 - 200 - 201 - 203 - 205 - 206 - 208 - 210 - 211 - 212 - 213 - 214 - 216 - 217 - 219 - 222 - 223 - 224 - 225 - 226 - 229 - 230 - 231 - 232 - 233 - 237 - 239 - 242 - 244 - 245 - 246 - 247 - 249 - 250 - 252 - 254 - 256 - 257 - 258 - 259 - 263 - 266 - 269 - 271 - 274 - 275 - 276 - 277 - 278 - 279 - 280 - 281 - 282 - 283 - 284 - 285 - 286 - 287 - 289 - 291 - 294 - 296 - 297 - 298 - 299 - 300 - 302 - 303 - 304 - 305 - 306 - 311 - 312 - 313 - 315 - 316 - 317 - 318 - 320 - 323 - 324 - 325 - 327 - 328 - 333 - 334 - 336 - 337 - 338 - 339 - 342 - 343 - 344 - 345 - 347 - 348 - 349 - 351 - 352 - 355 - 356 - 358 - 359 - 361 - 362 - 363 - 364 - 365 - 367 - 369 - 372 - 373 - 376 - 378 - 379 - 383 - 384 - 387 - 388 - 389 - 390 - 391 - 393 - 399 - 401 - 403 - 404 - 405 - 408 - 411 - 412 - 415 - 416 - 418 - 422 - 423 - 430 - 431 - 432 - 434 - 438 - 440 - 441 - 442 - 443 - 444 - 447 - 448 - 450 - 451 - 452 - 456 - 461 - 463 - 464 - 465 - 466 - 467 - 468 - 469 - 471 - 472 - 474 - 475 - 476 - 478 - 483 - 484 - 485 - 487 - 489 - 490 - 492 - 493 - 495 - 496 - 497 - 498 - 499,546548.8,4.2,92923,100449,170.01,Cost: 92923 & Capacity: 100449
0 - 1 - 3 - 4 - 6 - 7 - 8 - 9 - 15 - 18 - 20 - 21 - 25 - 26 - 28 - 30 - 31 - 34 - 35 - 36 - 37 - 39 - 41 - 42 - 44 - 45 - 46 - 51 - 52 - 53 - 55 - 58 - 59 - 61 - 63 - 64 - 65 - 66 - 68 - 69 - 70 - 71 - 73 - 74 - 75 - 77 - 78 - 79 - 81 - 82 - 84 - 86 - 87 - 89 - 90 - 91 - 92 - 93 - 95 - 98 - 99 - 100 - 103 - 108 - 109 - 112 - 113 - 114 - 115 - 119 - 122 - 123 - 125 - 127 - 128 - 129 - 131 - 132 - 133 - 134 - 136 - 142 - 146 - 150 - 151 - 155 - 156 - 158 - 159 - 160 - 161 - 162 - 164 - 168 - 170 - 171 - 172 - 177 - 179 - 180 - 182 - 183 - 184 - 187 - 189 - 191 - 192 - 193 - 195 - 196 - 197 - 198 - 200 - 201 - 203 - 205 - 206 - 208 - 210 - 211 - 212 - 213 - 214 - 216 - 217 - 219 - 222 - 223 - 224 - 225 - 226 - 229 - 230 - 231 - 232 - 233 - 234 - 237 - 239 - 242 - 244 - 245 - 246 - 247 - 249 - 250 - 252 - 254 - 256 - 257 - 258 - 259 - 263 - 266 - 269 - 271 - 274 - 275 - 276 - 277 - 278 - 280 - 281 - 282 - 283 - 284 - 285 - 286 - 287 - 289 - 291 - 294 - 296 - 297 - 298 - 299 - 300 - 302 - 304 - 305 - 306 - 311 - 312 - 313 - 315 - 316 - 317 - 318 - 320 - 323 - 324 - 325 - 327 - 328 - 333 - 334 - 336 - 337 - 338 - 339 - 342 - 343 - 344 - 345 - 348 - 349 - 351 - 352 - 355 - 356 - 358 - 359 - 361 - 362 - 363 - 364 - 365 - 367 - 369 - 370 - 372 - 373 - 375 - 376 - 378 - 379 - 383 - 384 - 387 - 388 - 389 - 390 - 391 - 393 - 399 - 401 - 404 - 405 - 408 - 411 - 412 - 415 - 416 - 418 - 421 - 422 - 423 - 430 - 431 - 432 - 434 - 438 - 440 - 441 - 442 - 443 - 444 - 447 - 448 - 450 - 451 - 452 - 456 - 461 - 463 - 464 - 465 - 466 - 467 - 468 - 469 - 471 - 472 - 474 - 475 - 476 - 478 - 483 - 484 - 485 - 487 - 489 - 490 - 492 - 493 - 495 - 496 - 497 - 498 - 499,548770.3,3.7,92922,100968,170.28,Cost: 92922 & Capacity: 100968
