Nodes,MaxSum,MaxMin,Cost,Capacity,Time,Constraint values
0 - 14 - 26 - 28 - 29 - 34 - 39 - 41 - 43 - 44 - 51 - 55 - 61 - 66 - 71 - 72 - 76 - 78 - 81 - 83 - 95 - 97 - 103 - 104 - 105 - 106 - 113 - 122 - 126 - 127 - 129 - 134 - 139 - 143 - 145 - 146 - 149 - 155 - 157 - 158 - 160 - 161 - 162 - 163 - 169 - 171 - 174 - 179 - 181 - 187 - 191 - 192 - 193 - 208 - 209 - 223 - 224 - 229 - 231 - 237 - 239 - 243 - 247 - 248 - 251 - 253 - 255 - 257 - 260 - 263 - 265 - 267 - 272 - 274 - 275 - 277 - 278 - 284 - 287 - 289 - 291 - 292 - 312 - 321 - 338 - 340 - 349 - 350 - 351 - 357 - 359 - 361 - 364 - 365 - 366 - 369 - 371 - 373 - 378 - 383 - 387 - 391 - 392 - 394 - 397 - 401 - 405 - 407 - 409 - 411 - 414 - 415 - 420 - 424 - 425 - 436 - 439 - 441 - 443 - 449 - 450 - 455 - 458 - 459 - 464 - 470 - 474 - 477 - 478 - 486 - 488 - 489 - 493 - 497 - 498,4661528.4,16.0,96842,78696,4.12,Cost: 96842 & Capacity: 78696
0 - 14 - 26 - 28 - 29 - 34 - 39 - 41 - 43 - 44 - 51 - 55 - 61 - 66 - 71 - 72 - 76 - 78 - 81 - 83 - 95 - 97 - 103 - 104 - 105 - 106 - 113 - 122 - 126 - 127 - 129 - 134 - 139 - 143 - 145 - 146 - 149 - 155 - 157 - 158 - 160 - 161 - 162 - 163 - 169 - 171 - 174 - 179 - 181 - 187 - 191 - 192 - 193 - 208 - 209 - 223 - 224 - 229 - 231 - 237 - 239 - 243 - 247 - 248 - 251 - 253 - 255 - 257 - 260 - 263 - 265 - 267 - 272 - 274 - 275 - 277 - 278 - 284 - 287 - 289 - 291 - 292 - 312 - 321 - 338 - 340 - 345 - 349 - 350 - 351 - 357 - 359 - 361 - 364 - 365 - 366 - 369 - 371 - 373 - 378 - 383 - 387 - 391 - 392 - 394 - 397 - 401 - 405 - 407 - 409 - 411 - 414 - 415 - 420 - 424 - 425 - 436 - 439 - 441 - 443 - 449 - 450 - 455 - 458 - 459 - 464 - 470 - 474 - 477 - 478 - 486 - 488 - 489 - 493 - 497 - 498,4725999.2,15.8,98051,79647,4.12,Cost: 98051 & Capacity: 79647
0 - 3 - 5 - 9 - 13 - 14 - 17 - 20 - 30 - 34 - 37 - 40 - 44 - 46 - 50 - 53 - 54 - 55 - 62 - 65 - 67 - 72 - 79 - 80 - 84 - 86 - 90 - 95 - 99 - 100 - 111 - 114 - 115 - 116 - 119 - 121 - 126 - 128 - 132 - 136 - 141 - 143 - 144 - 147 - 148 - 150 - 153 - 160 - 161 - 162 - 164 - 165 - 166 - 168 - 169 - 170 - 171 - 175 - 179 - 181 - 184 - 188 - 189 - 192 - 194 - 195 - 207 - 209 - 218 - 219 - 220 - 222 - 223 - 224 - 227 - 230 - 233 - 234 - 235 - 242 - 249 - 252 - 253 - 256 - 258 - 260 - 261 - 262 - 265 - 276 - 277 - 281 - 282 - 284 - 287 - 288 - 292 - 295 - 299 - 303 - 306 - 308 - 309 - 317 - 321 - 324 - 325 - 326 - 327 - 328 - 330 - 336 - 338 - 341 - 343 - 346 - 354 - 355 - 361 - 366 - 369 - 370 - 375 - 379 - 381 - 382 - 389 - 390 - 392 - 393 - 397 - 402 - 406 - 408 - 410 - 415 - 416 - 419 - 421 - 423 - 424 - 426 - 428 - 430 - 433 - 436 - 437 - 438 - 439 - 440 - 442 - 450 - 455 - 464 - 465 - 466 - 467 - 470 - 476 - 477 - 478 - 480 - 482 - 485 - 489 - 494,7026703.8,10.7,97330,79090,18.43,Cost: 97330 & Capacity: 79090
0 - 1 - 2 - 9 - 10 - 12 - 13 - 21 - 22 - 35 - 37 - 44 - 49 - 50 - 51 - 54 - 58 - 60 - 61 - 63 - 65 - 67 - 70 - 71 - 79 - 80 - 81 - 83 - 84 - 85 - 87 - 94 - 95 - 96 - 98 - 99 - 101 - 107 - 108 - 109 - 110 - 113 - 114 - 115 - 123 - 128 - 131 - 132 - 136 - 142 - 146 - 147 - 149 - 152 - 154 - 156 - 157 - 160 - 162 - 163 - 164 - 167 - 169 - 170 - 171 - 184 - 188 - 189 - 193 - 194 - 195 - 196 - 199 - 200 - 218 - 219 - 220 - 223 - 224 - 231 - 235 - 237 - 240 - 242 - 243 - 246 - 247 - 251 - 252 - 253 - 256 - 257 - 258 - 259 - 261 - 268 - 274 - 277 - 278 - 281 - 283 - 284 - 285 - 287 - 292 - 299 - 308 - 309 - 313 - 317 - 320 - 322 - 323 - 324 - 327 - 333 - 337 - 338 - 345 - 347 - 356 - 359 - 360 - 361 - 362 - 365 - 372 - 374 - 376 - 377 - 381 - 383 - 384 - 388 - 389 - 392 - 393 - 395 - 406 - 415 - 424 - 426 - 428 - 429 - 433 - 434 - 436 - 437 - 438 - 439 - 442 - 450 - 458 - 459 - 460 - 463 - 466 - 467 - 470 - 474 - 475 - 476 - 479 - 482 - 489 - 493 - 494 - 497,7192689.2,10.4,96869,78833,19.56,Cost: 96869 & Capacity: 78833
0 - 2 - 3 - 11 - 12 - 17 - 19 - 21 - 22 - 27 - 28 - 29 - 32 - 35 - 40 - 44 - 47 - 49 - 51 - 61 - 62 - 66 - 67 - 72 - 73 - 74 - 84 - 85 - 91 - 99 - 100 - 103 - 104 - 107 - 113 - 116 - 117 - 119 - 123 - 128 - 131 - 132 - 135 - 136 - 137 - 139 - 144 - 145 - 146 - 147 - 148 - 153 - 158 - 160 - 162 - 164 - 168 - 169 - 170 - 171 - 173 - 176 - 179 - 180 - 187 - 190 - 192 - 194 - 201 - 202 - 208 - 211 - 215 - 217 - 219 - 224 - 227 - 232 - 233 - 235 - 236 - 237 - 242 - 243 - 247 - 249 - 252 - 253 - 255 - 258 - 260 - 261 - 263 - 266 - 268 - 272 - 273 - 277 - 284 - 292 - 295 - 299 - 300 - 304 - 306 - 308 - 311 - 315 - 316 - 320 - 323 - 325 - 330 - 331 - 333 - 337 - 340 - 343 - 345 - 353 - 355 - 361 - 364 - 366 - 374 - 375 - 379 - 384 - 388 - 390 - 391 - 392 - 393 - 397 - 401 - 416 - 417 - 426 - 431 - 432 - 435 - 437 - 438 - 439 - 441 - 442 - 445 - 446 - 449 - 450 - 459 - 463 - 464 - 465 - 470 - 472 - 477 - 480 - 481 - 486 - 494 - 497 - 499,6783743.1,11.4,97921,78313,21.82,Cost: 97921 & Capacity: 78313
0 - 2 - 3 - 11 - 12 - 17 - 19 - 21 - 22 - 27 - 28 - 29 - 32 - 35 - 40 - 42 - 44 - 47 - 49 - 51 - 61 - 62 - 66 - 67 - 72 - 73 - 74 - 84 - 85 - 91 - 99 - 100 - 103 - 104 - 107 - 113 - 116 - 117 - 119 - 123 - 128 - 131 - 132 - 135 - 136 - 137 - 139 - 144 - 145 - 146 - 147 - 148 - 153 - 158 - 160 - 162 - 164 - 168 - 169 - 170 - 171 - 173 - 176 - 179 - 180 - 187 - 190 - 192 - 194 - 201 - 202 - 208 - 211 - 215 - 217 - 219 - 224 - 227 - 232 - 233 - 235 - 236 - 237 - 242 - 243 - 247 - 249 - 252 - 253 - 255 - 258 - 260 - 261 - 263 - 266 - 268 - 272 - 273 - 277 - 284 - 292 - 295 - 299 - 300 - 304 - 306 - 308 - 311 - 315 - 316 - 320 - 323 - 325 - 330 - 331 - 333 - 337 - 340 - 343 - 345 - 353 - 355 - 361 - 364 - 366 - 374 - 375 - 379 - 384 - 388 - 390 - 391 - 392 - 393 - 397 - 401 - 416 - 417 - 426 - 431 - 432 - 435 - 437 - 438 - 439 - 441 - 442 - 445 - 446 - 449 - 450 - 459 - 463 - 464 - 465 - 470 - 472 - 477 - 480 - 481 - 486 - 494 - 497 - 499,6863453.2,10.9,98264,78504,21.82,Cost: 98264 & Capacity: 78504
0 - 2 - 6 - 7 - 9 - 14 - 25 - 26 - 28 - 29 - 37 - 40 - 43 - 52 - 53 - 54 - 58 - 66 - 73 - 74 - 75 - 76 - 77 - 78 - 81 - 82 - 86 - 91 - 93 - 95 - 98 - 102 - 103 - 113 - 120 - 133 - 139 - 140 - 141 - 143 - 144 - 146 - 147 - 148 - 152 - 154 - 156 - 157 - 160 - 162 - 164 - 166 - 170 - 171 - 181 - 187 - 190 - 192 - 194 - 196 - 207 - 209 - 211 - 223 - 224 - 227 - 229 - 234 - 235 - 237 - 247 - 249 - 252 - 253 - 261 - 262 - 265 - 267 - 269 - 272 - 276 - 277 - 279 - 281 - 284 - 287 - 294 - 295 - 302 - 303 - 306 - 309 - 312 - 317 - 319 - 320 - 325 - 333 - 336 - 337 - 338 - 343 - 344 - 345 - 347 - 361 - 366 - 373 - 374 - 381 - 382 - 383 - 384 - 387 - 388 - 390 - 392 - 395 - 397 - 401 - 404 - 408 - 412 - 415 - 416 - 424 - 427 - 436 - 438 - 441 - 442 - 443 - 446 - 450 - 454 - 456 - 458 - 459 - 464 - 470 - 473 - 474 - 476 - 477 - 482 - 485 - 488 - 489 - 493 - 494 - 497 - 499,5862001.8,14.0,97851,78458,25.97,Cost: 97851 & Capacity: 78458
2 - 3 - 9 - 14 - 21 - 25 - 31 - 34 - 35 - 38 - 43 - 45 - 52 - 62 - 73 - 79 - 81 - 82 - 85 - 91 - 92 - 95 - 98 - 110 - 111 - 113 - 114 - 120 - 121 - 122 - 123 - 144 - 145 - 146 - 147 - 148 - 150 - 156 - 164 - 166 - 170 - 171 - 180 - 184 - 187 - 192 - 194 - 197 - 207 - 208 - 209 - 211 - 212 - 214 - 217 - 218 - 223 - 224 - 227 - 229 - 237 - 239 - 246 - 247 - 249 - 252 - 256 - 262 - 264 - 265 - 267 - 269 - 275 - 277 - 283 - 285 - 287 - 290 - 308 - 312 - 313 - 321 - 330 - 334 - 338 - 339 - 344 - 345 - 347 - 348 - 349 - 350 - 351 - 357 - 359 - 361 - 362 - 363 - 364 - 365 - 366 - 371 - 373 - 374 - 381 - 382 - 383 - 387 - 390 - 391 - 393 - 395 - 398 - 401 - 410 - 412 - 413 - 416 - 418 - 420 - 423 - 424 - 428 - 429 - 432 - 434 - 436 - 443 - 444 - 457 - 459 - 460 - 470 - 475 - 476 - 477 - 480 - 484 - 485 - 488 - 489 - 494,5130093.2,15.2,96218,78121,27.52,Cost: 96218 & Capacity: 78121
0 - 11 - 12 - 13 - 15 - 17 - 21 - 22 - 29 - 36 - 37 - 44 - 49 - 58 - 59 - 60 - 64 - 66 - 67 - 68 - 72 - 74 - 75 - 79 - 81 - 82 - 87 - 88 - 91 - 94 - 99 - 100 - 103 - 107 - 110 - 111 - 114 - 118 - 123 - 125 - 128 - 132 - 133 - 136 - 137 - 139 - 142 - 144 - 147 - 149 - 150 - 152 - 153 - 155 - 157 - 158 - 159 - 160 - 161 - 164 - 166 - 167 - 170 - 174 - 178 - 180 - 184 - 186 - 189 - 194 - 195 - 198 - 200 - 203 - 207 - 211 - 213 - 215 - 216 - 217 - 218 - 219 - 223 - 225 - 227 - 233 - 235 - 237 - 242 - 246 - 247 - 255 - 261 - 262 - 265 - 266 - 268 - 269 - 273 - 275 - 277 - 278 - 279 - 283 - 284 - 287 - 288 - 298 - 299 - 300 - 302 - 303 - 304 - 305 - 306 - 307 - 309 - 310 - 311 - 314 - 316 - 323 - 324 - 325 - 329 - 331 - 332 - 333 - 337 - 338 - 340 - 341 - 342 - 344 - 345 - 347 - 351 - 352 - 356 - 361 - 364 - 365 - 366 - 368 - 373 - 374 - 377 - 382 - 384 - 388 - 389 - 390 - 392 - 393 - 394 - 395 - 397 - 400 - 404 - 406 - 411 - 413 - 415 - 416 - 421 - 427 - 430 - 432 - 438 - 441 - 442 - 446 - 448 - 460 - 469 - 474 - 476 - 478 - 479 - 480 - 481 - 485 - 488 - 489 - 490 - 493 - 494 - 497 - 499,9037571.3,7.6,93973,80042,27.57,Cost: 93973 & Capacity: 80042
0 - 11 - 12 - 13 - 15 - 17 - 21 - 22 - 29 - 36 - 37 - 44 - 49 - 53 - 58 - 59 - 60 - 64 - 66 - 67 - 68 - 72 - 74 - 75 - 79 - 81 - 82 - 87 - 88 - 91 - 94 - 99 - 100 - 103 - 107 - 110 - 111 - 114 - 118 - 123 - 125 - 128 - 132 - 133 - 136 - 137 - 139 - 142 - 144 - 147 - 149 - 150 - 152 - 153 - 155 - 157 - 158 - 159 - 160 - 161 - 164 - 166 - 167 - 169 - 170 - 174 - 176 - 178 - 180 - 184 - 186 - 189 - 194 - 195 - 198 - 200 - 203 - 207 - 211 - 213 - 215 - 216 - 217 - 218 - 219 - 223 - 225 - 227 - 233 - 235 - 237 - 242 - 246 - 247 - 255 - 261 - 262 - 265 - 266 - 268 - 269 - 273 - 275 - 277 - 278 - 279 - 283 - 284 - 287 - 288 - 293 - 298 - 299 - 300 - 302 - 303 - 304 - 305 - 306 - 307 - 309 - 310 - 311 - 314 - 316 - 323 - 324 - 325 - 326 - 329 - 331 - 332 - 333 - 337 - 338 - 340 - 341 - 342 - 344 - 345 - 347 - 351 - 352 - 356 - 361 - 364 - 365 - 366 - 368 - 373 - 374 - 377 - 382 - 384 - 388 - 389 - 390 - 392 - 393 - 394 - 395 - 397 - 400 - 404 - 406 - 411 - 413 - 415 - 416 - 421 - 427 - 430 - 432 - 438 - 441 - 442 - 446 - 448 - 460 - 469 - 474 - 476 - 478 - 479 - 480 - 481 - 485 - 488 - 489 - 490 - 493 - 494 - 497 - 499,9512462.8,7.5,97576,82497,27.57,Cost: 97576 & Capacity: 82497
0 - 11 - 12 - 13 - 15 - 17 - 21 - 22 - 29 - 36 - 37 - 44 - 49 - 53 - 58 - 59 - 60 - 64 - 66 - 67 - 68 - 72 - 74 - 75 - 79 - 81 - 82 - 87 - 88 - 91 - 94 - 99 - 100 - 103 - 107 - 110 - 111 - 114 - 118 - 123 - 125 - 128 - 132 - 133 - 136 - 137 - 139 - 142 - 144 - 147 - 149 - 150 - 152 - 153 - 155 - 157 - 158 - 159 - 160 - 161 - 164 - 166 - 167 - 169 - 170 - 174 - 176 - 178 - 180 - 184 - 186 - 189 - 194 - 195 - 198 - 200 - 203 - 207 - 211 - 213 - 215 - 216 - 217 - 218 - 219 - 223 - 225 - 227 - 233 - 235 - 237 - 242 - 246 - 247 - 255 - 261 - 262 - 265 - 266 - 268 - 269 - 273 - 275 - 277 - 278 - 279 - 283 - 284 - 287 - 288 - 292 - 293 - 298 - 299 - 300 - 302 - 303 - 304 - 305 - 306 - 307 - 309 - 310 - 311 - 314 - 316 - 323 - 324 - 325 - 326 - 329 - 331 - 332 - 333 - 337 - 338 - 340 - 341 - 342 - 344 - 345 - 347 - 351 - 352 - 356 - 361 - 364 - 365 - 366 - 368 - 373 - 374 - 377 - 382 - 384 - 388 - 389 - 390 - 392 - 393 - 394 - 395 - 397 - 400 - 404 - 406 - 411 - 413 - 415 - 416 - 421 - 427 - 430 - 432 - 438 - 441 - 442 - 446 - 448 - 460 - 469 - 474 - 476 - 478 - 479 - 480 - 481 - 485 - 488 - 489 - 490 - 493 - 494 - 497 - 499,9610376.9,7.3,97627,82598,27.57,Cost: 97627 & Capacity: 82598
0 - 2 - 4 - 5 - 9 - 12 - 13 - 16 - 17 - 21 - 36 - 37 - 38 - 42 - 44 - 45 - 50 - 51 - 53 - 54 - 60 - 61 - 62 - 63 - 64 - 65 - 67 - 68 - 69 - 71 - 72 - 75 - 78 - 79 - 80 - 84 - 86 - 87 - 90 - 91 - 95 - 99 - 100 - 105 - 106 - 107 - 108 - 109 - 110 - 111 - 113 - 114 - 115 - 116 - 118 - 123 - 124 - 128 - 131 - 132 - 135 - 136 - 137 - 139 - 142 - 144 - 145 - 146 - 147 - 148 - 149 - 150 - 151 - 152 - 153 - 154 - 155 - 156 - 158 - 159 - 160 - 161 - 162 - 163 - 164 - 166 - 167 - 170 - 171 - 174 - 175 - 176 - 178 - 179 - 181 - 184 - 185 - 187 - 188 - 189 - 190 - 192 - 193 - 194 - 195 - 197 - 203 - 204 - 209 - 210 - 211 - 212 - 216 - 217 - 218 - 221 - 225 - 227 - 228 - 231 - 233 - 235 - 237 - 238 - 242 - 246 - 248 - 252 - 254 - 255 - 257 - 258 - 259 - 262 - 266 - 267 - 270 - 272 - 273 - 277 - 280 - 281 - 283 - 284 - 288 - 290 - 292 - 294 - 295 - 299 - 300 - 301 - 302 - 303 - 305 - 306 - 309 - 312 - 313 - 314 - 315 - 316 - 317 - 321 - 322 - 323 - 324 - 325 - 326 - 328 - 329 - 331 - 333 - 336 - 337 - 338 - 340 - 342 - 343 - 344 - 347 - 349 - 354 - 355 - 356 - 360 - 362 - 363 - 364 - 366 - 370 - 371 - 372 - 373 - 374 - 375 - 377 - 379 - 380 - 382 - 383 - 384 - 385 - 388 - 389 - 390 - 392 - 393 - 395 - 397 - 400 - 403 - 404 - 406 - 407 - 410 - 411 - 413 - 415 - 416 - 418 - 419 - 420 - 423 - 424 - 427 - 428 - 429 - 430 - 432 - 434 - 435 - 436 - 437 - 438 - 441 - 442 - 450 - 454 - 459 - 460 - 463 - 464 - 465 - 468 - 469 - 470 - 471 - 472 - 474 - 476 - 477 - 478 - 480 - 481 - 485 - 488 - 492 - 494 - 495 - 496 - 497,17365433.1,1.2,98245,95030,4.25,Cost: 98245 & Capacity: 95030
7 - 12 - 15 - 18 - 28 - 29 - 31 - 35 - 40 - 43 - 46 - 47 - 50 - 58 - 70 - 75 - 76 - 87 - 91 - 93 - 95 - 104 - 106 - 107 - 113 - 116 - 117 - 118 - 119 - 126 - 134 - 136 - 143 - 144 - 148 - 149 - 150 - 154 - 158 - 160 - 164 - 169 - 171 - 173 - 175 - 176 - 179 - 181 - 185 - 190 - 192 - 195 - 203 - 205 - 207 - 209 - 210 - 217 - 227 - 239 - 243 - 244 - 252 - 253 - 263 - 265 - 269 - 275 - 276 - 277 - 283 - 285 - 287 - 298 - 299 - 303 - 304 - 308 - 312 - 318 - 321 - 323 - 326 - 328 - 333 - 334 - 336 - 340 - 342 - 349 - 350 - 351 - 353 - 354 - 361 - 363 - 364 - 366 - 367 - 383 - 385 - 386 - 387 - 390 - 392 - 396 - 397 - 398 - 403 - 409 - 411 - 413 - 415 - 416 - 420 - 421 - 425 - 433 - 437 - 443 - 446 - 449 - 459 - 461 - 462 - 465 - 469 - 470 - 476 - 481 - 489 - 493 - 498,4524573.5,18.4,97829,78616,7.99,Cost: 97829 & Capacity: 78616
0 - 4 - 5 - 11 - 12 - 13 - 16 - 21 - 25 - 44 - 45 - 50 - 51 - 53 - 54 - 60 - 62 - 63 - 64 - 66 - 67 - 68 - 69 - 72 - 75 - 79 - 80 - 81 - 84 - 86 - 87 - 90 - 91 - 94 - 95 - 98 - 99 - 100 - 105 - 107 - 108 - 110 - 111 - 114 - 115 - 116 - 118 - 120 - 123 - 124 - 126 - 127 - 128 - 132 - 136 - 137 - 142 - 144 - 145 - 146 - 147 - 149 - 150 - 154 - 157 - 158 - 159 - 160 - 161 - 162 - 163 - 164 - 166 - 168 - 170 - 171 - 174 - 175 - 176 - 178 - 179 - 181 - 183 - 184 - 185 - 186 - 187 - 188 - 189 - 190 - 192 - 193 - 194 - 195 - 201 - 204 - 207 - 210 - 211 - 212 - 217 - 221 - 223 - 225 - 230 - 231 - 233 - 235 - 237 - 238 - 246 - 247 - 252 - 254 - 255 - 256 - 257 - 261 - 262 - 266 - 267 - 269 - 270 - 271 - 273 - 275 - 277 - 282 - 283 - 284 - 287 - 288 - 290 - 292 - 294 - 297 - 298 - 300 - 301 - 302 - 303 - 304 - 305 - 306 - 312 - 313 - 314 - 315 - 316 - 317 - 320 - 322 - 323 - 324 - 325 - 326 - 328 - 333 - 336 - 337 - 338 - 341 - 344 - 347 - 356 - 362 - 366 - 370 - 371 - 372 - 374 - 375 - 377 - 382 - 383 - 387 - 388 - 389 - 390 - 392 - 393 - 395 - 397 - 399 - 400 - 403 - 404 - 406 - 409 - 410 - 411 - 415 - 416 - 419 - 422 - 423 - 424 - 427 - 428 - 429 - 430 - 432 - 434 - 436 - 437 - 438 - 441 - 442 - 450 - 454 - 459 - 460 - 464 - 470 - 471 - 472 - 474 - 476 - 477 - 478 - 479 - 480 - 481 - 485 - 488 - 489 - 492 - 494 - 495 - 496 - 497 - 499,13550059.3,4.4,98229,89656,13.95,Cost: 98229 & Capacity: 89656
0 - 4 - 5 - 11 - 12 - 13 - 16 - 21 - 22 - 25 - 44 - 45 - 50 - 51 - 53 - 54 - 60 - 62 - 63 - 64 - 66 - 67 - 68 - 69 - 72 - 75 - 79 - 80 - 81 - 84 - 86 - 87 - 91 - 94 - 95 - 98 - 99 - 100 - 107 - 108 - 110 - 111 - 114 - 115 - 116 - 118 - 120 - 123 - 124 - 126 - 127 - 128 - 132 - 136 - 137 - 142 - 144 - 145 - 146 - 147 - 149 - 150 - 154 - 157 - 158 - 159 - 160 - 161 - 162 - 163 - 164 - 166 - 170 - 171 - 174 - 175 - 178 - 179 - 181 - 183 - 184 - 185 - 186 - 187 - 188 - 189 - 190 - 192 - 193 - 195 - 201 - 204 - 207 - 210 - 211 - 212 - 217 - 221 - 223 - 225 - 230 - 231 - 233 - 235 - 237 - 238 - 246 - 247 - 254 - 255 - 256 - 257 - 258 - 261 - 262 - 266 - 267 - 269 - 270 - 271 - 273 - 275 - 277 - 282 - 283 - 284 - 285 - 287 - 288 - 290 - 292 - 294 - 297 - 298 - 300 - 301 - 302 - 303 - 304 - 305 - 306 - 312 - 313 - 314 - 315 - 316 - 317 - 318 - 320 - 322 - 323 - 324 - 325 - 326 - 328 - 333 - 336 - 337 - 338 - 341 - 344 - 347 - 350 - 362 - 366 - 370 - 371 - 372 - 374 - 375 - 377 - 382 - 383 - 385 - 388 - 389 - 390 - 392 - 393 - 394 - 395 - 397 - 399 - 400 - 403 - 404 - 406 - 407 - 409 - 410 - 411 - 415 - 419 - 422 - 423 - 424 - 427 - 428 - 429 - 430 - 432 - 434 - 435 - 436 - 437 - 438 - 441 - 442 - 450 - 454 - 459 - 460 - 464 - 470 - 471 - 472 - 474 - 476 - 477 - 478 - 480 - 481 - 485 - 488 - 489 - 492 - 494 - 495 - 496 - 497 - 499,13437785.5,4.6,98231,88981,14.0,Cost: 98231 & Capacity: 88981
0 - 2 - 4 - 9 - 10 - 11 - 12 - 13 - 15 - 16 - 17 - 20 - 21 - 28 - 34 - 36 - 37 - 38 - 42 - 44 - 45 - 50 - 51 - 53 - 54 - 56 - 58 - 59 - 60 - 61 - 62 - 63 - 64 - 65 - 67 - 68 - 69 - 71 - 72 - 75 - 76 - 78 - 80 - 84 - 86 - 87 - 90 - 91 - 94 - 95 - 96 - 97 - 98 - 99 - 100 - 103 - 105 - 107 - 108 - 109 - 110 - 111 - 113 - 114 - 115 - 116 - 118 - 120 - 123 - 124 - 125 - 128 - 129 - 131 - 132 - 135 - 137 - 140 - 142 - 144 - 145 - 146 - 147 - 148 - 150 - 151 - 152 - 154 - 155 - 158 - 159 - 160 - 163 - 164 - 165 - 166 - 167 - 170 - 174 - 175 - 178 - 179 - 180 - 181 - 182 - 183 - 184 - 185 - 186 - 187 - 188 - 189 - 190 - 192 - 193 - 195 - 197 - 200 - 203 - 204 - 210 - 211 - 212 - 214 - 215 - 216 - 217 - 218 - 221 - 225 - 228 - 229 - 230 - 231 - 233 - 235 - 237 - 238 - 239 - 241 - 242 - 246 - 248 - 250 - 254 - 255 - 257 - 258 - 259 - 262 - 263 - 266 - 267 - 268 - 269 - 270 - 272 - 274 - 275 - 276 - 277 - 280 - 281 - 283 - 284 - 288 - 289 - 290 - 292 - 294 - 295 - 297 - 299 - 300 - 301 - 302 - 303 - 305 - 306 - 307 - 309 - 311 - 312 - 313 - 316 - 318 - 322 - 323 - 324 - 325 - 327 - 328 - 329 - 331 - 333 - 335 - 337 - 338 - 343 - 344 - 347 - 349 - 354 - 355 - 356 - 360 - 362 - 363 - 364 - 365 - 366 - 369 - 370 - 371 - 372 - 373 - 374 - 375 - 377 - 379 - 380 - 382 - 384 - 385 - 387 - 388 - 389 - 390 - 392 - 393 - 397 - 400 - 402 - 404 - 405 - 406 - 409 - 411 - 413 - 414 - 415 - 416 - 418 - 419 - 420 - 421 - 422 - 424 - 426 - 427 - 428 - 429 - 430 - 432 - 434 - 435 - 437 - 438 - 440 - 441 - 442 - 445 - 446 - 448 - 450 - 454 - 456 - 458 - 460 - 463 - 464 - 466 - 468 - 469 - 470 - 472 - 473 - 474 - 476 - 477 - 480 - 481 - 485 - 488 - 490 - 492 - 494 - 495 - 496,20902077.8,0.0,98257,100637,14.4,Cost: 98257 & Capacity: 100637
0 - 1 - 2 - 4 - 11 - 12 - 15 - 17 - 22 - 24 - 25 - 28 - 29 - 35 - 36 - 38 - 44 - 45 - 47 - 53 - 54 - 58 - 60 - 61 - 62 - 63 - 64 - 66 - 67 - 68 - 69 - 71 - 72 - 80 - 81 - 84 - 91 - 94 - 98 - 100 - 104 - 107 - 110 - 111 - 114 - 118 - 124 - 128 - 130 - 132 - 133 - 134 - 135 - 136 - 144 - 147 - 149 - 150 - 155 - 158 - 159 - 160 - 161 - 162 - 163 - 164 - 166 - 170 - 171 - 175 - 179 - 180 - 181 - 184 - 187 - 188 - 190 - 192 - 194 - 195 - 201 - 202 - 203 - 204 - 211 - 212 - 217 - 218 - 219 - 221 - 225 - 231 - 233 - 235 - 237 - 238 - 240 - 246 - 247 - 252 - 254 - 255 - 256 - 257 - 258 - 260 - 261 - 262 - 266 - 270 - 271 - 273 - 277 - 279 - 282 - 284 - 290 - 292 - 294 - 297 - 299 - 300 - 302 - 303 - 304 - 306 - 313 - 316 - 319 - 320 - 322 - 323 - 324 - 326 - 328 - 330 - 333 - 336 - 337 - 338 - 342 - 344 - 347 - 350 - 354 - 355 - 357 - 362 - 363 - 372 - 373 - 374 - 375 - 377 - 381 - 382 - 383 - 384 - 385 - 386 - 388 - 390 - 392 - 395 - 400 - 401 - 404 - 406 - 407 - 409 - 410 - 411 - 415 - 419 - 429 - 432 - 434 - 435 - 436 - 437 - 438 - 439 - 441 - 442 - 444 - 459 - 463 - 464 - 465 - 466 - 470 - 472 - 476 - 477 - 480 - 485 - 487 - 490 - 492 - 494 - 497 - 499,10339365.2,6.5,98097,87247,15.75,Cost: 98097 & Capacity: 87247
0 - 4 - 5 - 12 - 13 - 16 - 21 - 25 - 29 - 32 - 34 - 40 - 42 - 43 - 49 - 50 - 51 - 53 - 54 - 56 - 60 - 64 - 65 - 66 - 67 - 68 - 69 - 71 - 72 - 75 - 79 - 80 - 87 - 91 - 94 - 95 - 96 - 98 - 99 - 100 - 105 - 107 - 110 - 111 - 114 - 116 - 118 - 123 - 124 - 126 - 127 - 128 - 129 - 131 - 132 - 135 - 136 - 137 - 144 - 145 - 146 - 147 - 149 - 154 - 158 - 159 - 160 - 161 - 162 - 163 - 164 - 167 - 168 - 170 - 174 - 178 - 179 - 181 - 184 - 185 - 187 - 188 - 189 - 190 - 192 - 194 - 195 - 202 - 204 - 209 - 210 - 211 - 212 - 216 - 217 - 218 - 219 - 222 - 225 - 230 - 231 - 233 - 235 - 238 - 242 - 247 - 254 - 255 - 256 - 257 - 261 - 264 - 265 - 266 - 267 - 269 - 273 - 277 - 280 - 282 - 283 - 284 - 285 - 288 - 292 - 298 - 300 - 302 - 303 - 304 - 305 - 306 - 309 - 312 - 313 - 314 - 315 - 316 - 317 - 321 - 322 - 323 - 325 - 326 - 328 - 331 - 333 - 336 - 337 - 338 - 341 - 344 - 345 - 346 - 347 - 349 - 350 - 351 - 355 - 360 - 362 - 366 - 370 - 374 - 379 - 380 - 382 - 383 - 387 - 388 - 389 - 390 - 392 - 393 - 395 - 397 - 399 - 403 - 406 - 407 - 410 - 411 - 416 - 419 - 422 - 427 - 428 - 429 - 432 - 436 - 437 - 438 - 441 - 442 - 450 - 454 - 459 - 460 - 464 - 465 - 470 - 471 - 472 - 474 - 476 - 477 - 478 - 480 - 481 - 488 - 492 - 494 - 496 - 497,11552714.2,6.2,98198,87177,17.22,Cost: 98198 & Capacity: 87177
0 - 4 - 9 - 10 - 12 - 13 - 16 - 21 - 25 - 29 - 36 - 37 - 38 - 42 - 44 - 45 - 50 - 51 - 53 - 54 - 56 - 60 - 61 - 63 - 64 - 65 - 67 - 68 - 69 - 71 - 72 - 75 - 78 - 79 - 80 - 84 - 86 - 87 - 88 - 90 - 91 - 94 - 95 - 96 - 97 - 98 - 99 - 100 - 105 - 107 - 108 - 109 - 110 - 111 - 114 - 115 - 116 - 118 - 123 - 124 - 126 - 127 - 128 - 131 - 132 - 135 - 136 - 137 - 139 - 142 - 144 - 145 - 146 - 147 - 148 - 149 - 150 - 151 - 152 - 154 - 155 - 156 - 157 - 158 - 159 - 160 - 161 - 162 - 163 - 164 - 166 - 167 - 170 - 174 - 175 - 178 - 179 - 181 - 183 - 184 - 185 - 187 - 188 - 189 - 190 - 192 - 193 - 195 - 201 - 203 - 204 - 209 - 210 - 211 - 212 - 216 - 217 - 218 - 221 - 225 - 228 - 230 - 231 - 233 - 235 - 238 - 239 - 242 - 246 - 247 - 248 - 252 - 254 - 255 - 257 - 258 - 259 - 262 - 266 - 267 - 270 - 272 - 273 - 276 - 277 - 280 - 281 - 283 - 284 - 288 - 289 - 290 - 292 - 294 - 297 - 298 - 299 - 300 - 301 - 302 - 303 - 305 - 306 - 309 - 312 - 313 - 314 - 316 - 317 - 318 - 322 - 323 - 324 - 325 - 326 - 328 - 329 - 331 - 333 - 336 - 337 - 338 - 341 - 342 - 343 - 347 - 349 - 354 - 356 - 360 - 362 - 363 - 364 - 366 - 370 - 371 - 372 - 373 - 374 - 375 - 377 - 379 - 380 - 382 - 383 - 385 - 388 - 389 - 390 - 392 - 393 - 395 - 397 - 400 - 403 - 404 - 406 - 410 - 411 - 413 - 415 - 416 - 418 - 419 - 420 - 421 - 423 - 424 - 426 - 427 - 428 - 429 - 430 - 432 - 434 - 435 - 436 - 437 - 438 - 441 - 442 - 446 - 450 - 454 - 459 - 460 - 463 - 464 - 469 - 470 - 471 - 472 - 474 - 476 - 477 - 478 - 480 - 481 - 485 - 488 - 492 - 494 - 495 - 496 - 497,17648351.1,1.0,98264,96191,21.18,Cost: 98264 & Capacity: 96191
0 - 2 - 4 - 9 - 10 - 12 - 13 - 15 - 16 - 17 - 20 - 21 - 28 - 34 - 36 - 37 - 38 - 42 - 43 - 44 - 45 - 50 - 51 - 53 - 54 - 56 - 58 - 59 - 60 - 61 - 62 - 63 - 64 - 65 - 67 - 68 - 69 - 71 - 72 - 75 - 76 - 78 - 80 - 84 - 86 - 87 - 90 - 91 - 94 - 95 - 96 - 97 - 98 - 99 - 100 - 103 - 105 - 107 - 108 - 109 - 110 - 111 - 113 - 114 - 115 - 116 - 118 - 120 - 123 - 124 - 125 - 128 - 129 - 131 - 132 - 135 - 137 - 140 - 142 - 144 - 145 - 146 - 147 - 148 - 150 - 151 - 152 - 154 - 155 - 158 - 159 - 160 - 163 - 164 - 165 - 166 - 167 - 170 - 174 - 175 - 178 - 179 - 180 - 181 - 182 - 183 - 184 - 185 - 186 - 187 - 188 - 189 - 190 - 192 - 193 - 195 - 197 - 200 - 203 - 204 - 210 - 211 - 212 - 214 - 215 - 216 - 217 - 218 - 221 - 225 - 228 - 229 - 230 - 231 - 233 - 234 - 235 - 237 - 238 - 239 - 241 - 242 - 246 - 248 - 250 - 254 - 255 - 257 - 258 - 259 - 262 - 263 - 266 - 267 - 268 - 269 - 270 - 272 - 274 - 275 - 276 - 277 - 280 - 281 - 283 - 284 - 288 - 289 - 290 - 292 - 294 - 295 - 297 - 299 - 300 - 301 - 302 - 303 - 305 - 306 - 307 - 309 - 311 - 312 - 313 - 316 - 318 - 322 - 323 - 324 - 325 - 327 - 328 - 329 - 331 - 333 - 335 - 337 - 338 - 343 - 344 - 347 - 349 - 354 - 355 - 356 - 360 - 362 - 363 - 364 - 365 - 366 - 369 - 370 - 371 - 372 - 373 - 374 - 375 - 377 - 379 - 380 - 382 - 385 - 387 - 388 - 389 - 390 - 392 - 393 - 397 - 400 - 402 - 404 - 405 - 406 - 409 - 411 - 413 - 414 - 415 - 416 - 418 - 419 - 420 - 421 - 422 - 424 - 426 - 427 - 428 - 429 - 430 - 432 - 434 - 435 - 437 - 438 - 440 - 441 - 442 - 445 - 446 - 448 - 450 - 454 - 456 - 460 - 463 - 464 - 466 - 468 - 469 - 470 - 472 - 473 - 474 - 476 - 477 - 480 - 481 - 485 - 488 - 490 - 492 - 494 - 495 - 496,20766049.0,0.1,98262,100868,23.4,Cost: 98262 & Capacity: 100868
0 - 2 - 4 - 9 - 10 - 11 - 12 - 13 - 15 - 16 - 17 - 20 - 21 - 28 - 34 - 36 - 37 - 38 - 42 - 44 - 45 - 50 - 51 - 53 - 54 - 56 - 58 - 59 - 60 - 61 - 62 - 63 - 64 - 65 - 67 - 68 - 69 - 71 - 72 - 75 - 76 - 78 - 80 - 84 - 86 - 87 - 90 - 91 - 94 - 95 - 96 - 97 - 98 - 99 - 100 - 103 - 105 - 107 - 108 - 109 - 110 - 111 - 113 - 114 - 115 - 116 - 118 - 120 - 123 - 124 - 125 - 128 - 129 - 131 - 132 - 135 - 137 - 140 - 142 - 144 - 145 - 146 - 147 - 148 - 150 - 151 - 152 - 154 - 155 - 158 - 159 - 160 - 163 - 164 - 165 - 166 - 167 - 170 - 174 - 175 - 178 - 179 - 180 - 181 - 182 - 183 - 184 - 185 - 186 - 187 - 188 - 189 - 190 - 192 - 193 - 195 - 197 - 200 - 203 - 204 - 210 - 211 - 212 - 214 - 215 - 216 - 217 - 218 - 221 - 225 - 228 - 229 - 230 - 231 - 233 - 235 - 237 - 238 - 239 - 241 - 242 - 246 - 248 - 250 - 254 - 255 - 257 - 258 - 259 - 262 - 263 - 266 - 267 - 268 - 269 - 270 - 272 - 274 - 275 - 276 - 277 - 280 - 281 - 283 - 284 - 288 - 289 - 290 - 292 - 294 - 295 - 297 - 299 - 300 - 301 - 302 - 303 - 305 - 306 - 307 - 309 - 311 - 312 - 313 - 316 - 318 - 322 - 323 - 324 - 325 - 327 - 328 - 329 - 331 - 333 - 335 - 337 - 338 - 343 - 344 - 347 - 349 - 354 - 355 - 356 - 360 - 362 - 363 - 364 - 365 - 366 - 369 - 370 - 371 - 372 - 373 - 374 - 375 - 377 - 379 - 380 - 382 - 384 - 385 - 387 - 388 - 389 - 390 - 392 - 393 - 397 - 400 - 402 - 404 - 405 - 406 - 409 - 411 - 413 - 414 - 415 - 416 - 418 - 419 - 420 - 421 - 422 - 424 - 426 - 427 - 428 - 429 - 430 - 432 - 434 - 435 - 437 - 438 - 440 - 441 - 442 - 445 - 446 - 448 - 450 - 454 - 456 - 458 - 460 - 463 - 464 - 466 - 468 - 469 - 470 - 472 - 473 - 474 - 476 - 477 - 480 - 481 - 485 - 488 - 490 - 492 - 494 - 495 - 496,20902077.8,0.0,98257,100637,24.67,Cost: 98257 & Capacity: 100637
0 - 5 - 12 - 13 - 16 - 21 - 22 - 25 - 34 - 40 - 44 - 53 - 54 - 60 - 62 - 64 - 65 - 67 - 68 - 69 - 72 - 79 - 80 - 81 - 84 - 86 - 87 - 88 - 91 - 92 - 94 - 95 - 98 - 99 - 100 - 107 - 108 - 110 - 111 - 114 - 115 - 116 - 118 - 123 - 124 - 127 - 128 - 132 - 137 - 142 - 144 - 145 - 146 - 147 - 149 - 150 - 154 - 155 - 157 - 158 - 159 - 161 - 162 - 163 - 164 - 166 - 167 - 168 - 170 - 171 - 175 - 176 - 178 - 179 - 180 - 181 - 183 - 185 - 186 - 187 - 188 - 189 - 190 - 192 - 194 - 195 - 204 - 207 - 210 - 211 - 212 - 217 - 218 - 219 - 221 - 222 - 225 - 228 - 230 - 231 - 233 - 235 - 237 - 238 - 242 - 246 - 247 - 254 - 255 - 257 - 258 - 261 - 262 - 263 - 265 - 266 - 267 - 268 - 269 - 271 - 273 - 277 - 278 - 283 - 284 - 285 - 287 - 288 - 290 - 292 - 298 - 300 - 302 - 303 - 304 - 305 - 306 - 309 - 311 - 312 - 313 - 315 - 316 - 317 - 321 - 322 - 323 - 324 - 325 - 328 - 333 - 336 - 337 - 338 - 341 - 342 - 344 - 346 - 360 - 362 - 366 - 370 - 371 - 372 - 374 - 375 - 382 - 383 - 385 - 388 - 389 - 390 - 392 - 393 - 394 - 395 - 397 - 400 - 403 - 404 - 406 - 407 - 410 - 411 - 416 - 418 - 419 - 420 - 423 - 424 - 427 - 428 - 429 - 430 - 432 - 434 - 435 - 436 - 437 - 438 - 441 - 450 - 454 - 456 - 459 - 460 - 464 - 468 - 470 - 471 - 472 - 474 - 476 - 477 - 478 - 480 - 488 - 489 - 494 - 496 - 497 - 499,12441328.8,5.8,98209,89560,26.11,Cost: 98209 & Capacity: 89560
5 - 7 - 9 - 12 - 16 - 20 - 21 - 26 - 28 - 38 - 40 - 43 - 47 - 49 - 53 - 57 - 58 - 64 - 67 - 72 - 79 - 86 - 89 - 95 - 100 - 109 - 114 - 116 - 117 - 119 - 124 - 125 - 126 - 127 - 128 - 131 - 132 - 140 - 143 - 145 - 146 - 147 - 155 - 156 - 160 - 163 - 164 - 165 - 168 - 171 - 174 - 176 - 179 - 181 - 184 - 188 - 192 - 193 - 201 - 202 - 205 - 210 - 212 - 213 - 214 - 221 - 224 - 227 - 234 - 235 - 237 - 239 - 240 - 245 - 246 - 248 - 258 - 259 - 261 - 262 - 264 - 272 - 275 - 277 - 281 - 282 - 284 - 288 - 292 - 297 - 298 - 299 - 303 - 304 - 305 - 306 - 307 - 312 - 315 - 317 - 320 - 322 - 323 - 325 - 326 - 332 - 333 - 336 - 338 - 340 - 341 - 342 - 343 - 345 - 350 - 355 - 358 - 361 - 364 - 368 - 370 - 375 - 376 - 382 - 388 - 391 - 393 - 396 - 401 - 406 - 407 - 410 - 416 - 422 - 428 - 430 - 433 - 436 - 437 - 438 - 442 - 444 - 445 - 450 - 454 - 465 - 466 - 467 - 470 - 476 - 477 - 482 - 484 - 485 - 488 - 489 - 492 - 494,6423448.3,13.0,98247,77794,26.71,Cost: 98247 & Capacity: 77794
0 - 2 - 4 - 9 - 10 - 11 - 12 - 13 - 15 - 16 - 17 - 20 - 21 - 28 - 34 - 36 - 37 - 38 - 42 - 44 - 45 - 50 - 51 - 53 - 54 - 56 - 58 - 59 - 60 - 61 - 62 - 63 - 64 - 65 - 67 - 68 - 69 - 71 - 72 - 75 - 76 - 78 - 80 - 84 - 86 - 87 - 90 - 91 - 94 - 95 - 96 - 97 - 98 - 99 - 100 - 103 - 105 - 107 - 108 - 109 - 110 - 111 - 113 - 114 - 115 - 116 - 118 - 120 - 123 - 124 - 125 - 128 - 129 - 131 - 132 - 135 - 137 - 140 - 142 - 144 - 145 - 146 - 147 - 148 - 150 - 151 - 152 - 154 - 155 - 158 - 159 - 160 - 163 - 164 - 165 - 166 - 167 - 170 - 174 - 175 - 178 - 179 - 180 - 181 - 182 - 183 - 184 - 185 - 186 - 187 - 188 - 189 - 190 - 192 - 193 - 195 - 197 - 200 - 203 - 204 - 210 - 211 - 212 - 214 - 215 - 216 - 217 - 218 - 221 - 225 - 228 - 229 - 230 - 231 - 233 - 235 - 237 - 238 - 239 - 241 - 242 - 246 - 248 - 250 - 254 - 255 - 257 - 258 - 259 - 262 - 263 - 266 - 267 - 268 - 269 - 270 - 272 - 274 - 275 - 276 - 277 - 280 - 281 - 283 - 284 - 288 - 289 - 290 - 292 - 294 - 295 - 297 - 299 - 300 - 301 - 302 - 303 - 305 - 306 - 307 - 309 - 311 - 312 - 313 - 316 - 318 - 322 - 323 - 324 - 325 - 327 - 328 - 329 - 331 - 333 - 335 - 337 - 338 - 343 - 344 - 347 - 349 - 354 - 355 - 356 - 360 - 362 - 363 - 364 - 365 - 366 - 369 - 370 - 371 - 372 - 373 - 374 - 375 - 377 - 379 - 380 - 382 - 384 - 385 - 387 - 388 - 389 - 390 - 392 - 393 - 397 - 400 - 402 - 404 - 405 - 406 - 409 - 411 - 413 - 414 - 415 - 416 - 418 - 419 - 420 - 421 - 422 - 424 - 426 - 427 - 428 - 429 - 430 - 432 - 434 - 435 - 437 - 438 - 440 - 441 - 442 - 445 - 446 - 448 - 450 - 454 - 456 - 458 - 460 - 463 - 464 - 466 - 468 - 469 - 470 - 472 - 473 - 474 - 476 - 477 - 480 - 481 - 485 - 488 - 490 - 492 - 494 - 495 - 496,20902077.8,0.0,98257,100637,27.11,Cost: 98257 & Capacity: 100637
0 - 2 - 4 - 9 - 10 - 11 - 12 - 13 - 15 - 16 - 17 - 20 - 21 - 28 - 34 - 36 - 37 - 38 - 42 - 44 - 45 - 50 - 51 - 53 - 54 - 56 - 58 - 59 - 60 - 61 - 62 - 63 - 64 - 65 - 67 - 68 - 69 - 71 - 72 - 75 - 76 - 78 - 80 - 84 - 86 - 87 - 90 - 91 - 94 - 95 - 96 - 97 - 98 - 99 - 100 - 103 - 105 - 107 - 108 - 109 - 110 - 111 - 113 - 114 - 115 - 116 - 118 - 120 - 123 - 124 - 125 - 128 - 129 - 131 - 132 - 135 - 137 - 140 - 142 - 144 - 145 - 146 - 147 - 148 - 150 - 151 - 152 - 154 - 155 - 158 - 159 - 160 - 163 - 164 - 165 - 166 - 167 - 170 - 174 - 175 - 178 - 179 - 180 - 181 - 182 - 183 - 184 - 185 - 186 - 187 - 188 - 189 - 190 - 192 - 193 - 195 - 197 - 200 - 203 - 204 - 210 - 211 - 212 - 214 - 215 - 216 - 217 - 218 - 221 - 225 - 228 - 229 - 230 - 231 - 233 - 235 - 237 - 238 - 239 - 241 - 242 - 246 - 248 - 250 - 254 - 255 - 257 - 258 - 259 - 262 - 263 - 266 - 267 - 268 - 269 - 270 - 272 - 274 - 275 - 276 - 277 - 280 - 281 - 283 - 284 - 288 - 289 - 290 - 292 - 294 - 295 - 297 - 299 - 300 - 301 - 302 - 303 - 305 - 306 - 307 - 309 - 311 - 312 - 313 - 316 - 318 - 322 - 323 - 324 - 325 - 327 - 328 - 329 - 331 - 333 - 335 - 337 - 338 - 343 - 344 - 347 - 349 - 354 - 355 - 356 - 360 - 362 - 363 - 364 - 365 - 366 - 369 - 370 - 371 - 372 - 373 - 374 - 375 - 377 - 379 - 380 - 382 - 384 - 385 - 387 - 388 - 389 - 390 - 392 - 393 - 397 - 400 - 402 - 404 - 405 - 406 - 409 - 411 - 413 - 414 - 415 - 416 - 418 - 419 - 420 - 421 - 422 - 424 - 426 - 427 - 428 - 429 - 430 - 432 - 434 - 435 - 437 - 438 - 440 - 441 - 442 - 445 - 446 - 448 - 450 - 454 - 456 - 458 - 460 - 463 - 464 - 466 - 468 - 469 - 470 - 472 - 473 - 474 - 476 - 477 - 480 - 481 - 485 - 488 - 490 - 492 - 494 - 495 - 496,20902077.8,0.0,98257,100637,32.14,Cost: 98257 & Capacity: 100637
0 - 2 - 12 - 17 - 18 - 21 - 25 - 36 - 37 - 44 - 53 - 64 - 68 - 72 - 75 - 81 - 90 - 91 - 92 - 95 - 99 - 107 - 110 - 111 - 114 - 118 - 120 - 127 - 128 - 134 - 137 - 144 - 146 - 147 - 148 - 149 - 152 - 154 - 155 - 161 - 164 - 166 - 170 - 171 - 180 - 188 - 189 - 190 - 192 - 194 - 195 - 198 - 203 - 207 - 211 - 212 - 215 - 218 - 219 - 223 - 229 - 231 - 233 - 234 - 235 - 239 - 246 - 252 - 255 - 257 - 260 - 262 - 264 - 265 - 266 - 268 - 269 - 271 - 272 - 277 - 279 - 281 - 284 - 285 - 286 - 287 - 289 - 290 - 292 - 294 - 295 - 298 - 299 - 301 - 302 - 303 - 304 - 305 - 306 - 307 - 311 - 317 - 323 - 324 - 328 - 331 - 332 - 333 - 336 - 338 - 340 - 341 - 345 - 347 - 349 - 351 - 352 - 355 - 356 - 358 - 361 - 362 - 364 - 366 - 371 - 372 - 373 - 377 - 381 - 382 - 383 - 384 - 387 - 388 - 389 - 390 - 392 - 393 - 395 - 397 - 399 - 400 - 403 - 404 - 406 - 407 - 409 - 412 - 413 - 415 - 416 - 419 - 422 - 423 - 427 - 428 - 430 - 432 - 433 - 434 - 436 - 437 - 438 - 441 - 442 - 451 - 452 - 456 - 459 - 464 - 465 - 468 - 470 - 472 - 473 - 474 - 476 - 477 - 478 - 480 - 482 - 485 - 488 - 489 - 497 - 499,8783420.7,9.7,98205,82490,33.14,Cost: 98205 & Capacity: 82490
0 - 2 - 4 - 9 - 10 - 11 - 12 - 13 - 15 - 16 - 17 - 20 - 21 - 28 - 34 - 36 - 37 - 38 - 42 - 44 - 45 - 50 - 51 - 53 - 54 - 56 - 58 - 59 - 60 - 61 - 62 - 63 - 64 - 65 - 67 - 68 - 69 - 71 - 72 - 75 - 76 - 78 - 80 - 84 - 86 - 87 - 90 - 91 - 94 - 95 - 96 - 97 - 98 - 99 - 100 - 103 - 105 - 107 - 108 - 109 - 110 - 111 - 113 - 114 - 115 - 116 - 118 - 120 - 123 - 124 - 125 - 128 - 129 - 131 - 132 - 135 - 137 - 140 - 142 - 144 - 145 - 146 - 147 - 148 - 150 - 151 - 152 - 154 - 155 - 158 - 159 - 160 - 163 - 164 - 165 - 166 - 167 - 170 - 174 - 175 - 178 - 179 - 180 - 181 - 182 - 183 - 184 - 185 - 186 - 187 - 188 - 189 - 190 - 192 - 193 - 195 - 197 - 200 - 203 - 204 - 210 - 211 - 212 - 214 - 215 - 216 - 217 - 218 - 221 - 225 - 228 - 229 - 230 - 231 - 233 - 235 - 237 - 238 - 239 - 241 - 242 - 246 - 248 - 250 - 254 - 255 - 257 - 258 - 259 - 262 - 263 - 266 - 267 - 268 - 269 - 270 - 272 - 274 - 275 - 276 - 277 - 280 - 281 - 283 - 284 - 288 - 289 - 290 - 292 - 294 - 295 - 297 - 299 - 300 - 301 - 302 - 303 - 305 - 306 - 307 - 309 - 311 - 312 - 313 - 316 - 318 - 322 - 323 - 324 - 325 - 327 - 328 - 329 - 331 - 333 - 335 - 337 - 338 - 343 - 344 - 347 - 349 - 354 - 355 - 356 - 360 - 362 - 363 - 364 - 365 - 366 - 369 - 370 - 371 - 372 - 373 - 374 - 375 - 377 - 379 - 380 - 382 - 384 - 385 - 387 - 388 - 389 - 390 - 392 - 393 - 397 - 400 - 402 - 404 - 405 - 406 - 409 - 411 - 413 - 414 - 415 - 416 - 418 - 419 - 420 - 421 - 422 - 424 - 426 - 427 - 428 - 429 - 430 - 432 - 434 - 435 - 437 - 438 - 440 - 441 - 442 - 445 - 446 - 448 - 450 - 454 - 456 - 458 - 460 - 463 - 464 - 466 - 468 - 469 - 470 - 472 - 473 - 474 - 476 - 477 - 480 - 481 - 485 - 488 - 490 - 492 - 494 - 495 - 496,20902077.8,0.0,98257,100637,33.43,Cost: 98257 & Capacity: 100637
0 - 11 - 12 - 13 - 16 - 22 - 29 - 44 - 45 - 50 - 51 - 53 - 54 - 58 - 60 - 63 - 64 - 65 - 66 - 68 - 69 - 71 - 72 - 75 - 79 - 80 - 84 - 87 - 88 - 90 - 91 - 94 - 95 - 96 - 98 - 99 - 100 - 102 - 106 - 107 - 108 - 110 - 111 - 114 - 115 - 116 - 118 - 120 - 123 - 124 - 127 - 128 - 132 - 135 - 137 - 142 - 144 - 145 - 146 - 147 - 149 - 150 - 154 - 156 - 158 - 159 - 160 - 161 - 162 - 163 - 164 - 166 - 168 - 170 - 171 - 174 - 175 - 176 - 178 - 179 - 181 - 183 - 185 - 188 - 189 - 190 - 192 - 193 - 194 - 195 - 198 - 201 - 203 - 204 - 211 - 212 - 217 - 220 - 221 - 225 - 230 - 231 - 233 - 235 - 237 - 238 - 247 - 252 - 254 - 255 - 256 - 257 - 261 - 262 - 266 - 267 - 269 - 270 - 271 - 273 - 277 - 280 - 282 - 283 - 284 - 285 - 288 - 289 - 290 - 292 - 294 - 298 - 300 - 301 - 302 - 303 - 304 - 305 - 306 - 312 - 313 - 314 - 315 - 316 - 317 - 320 - 322 - 323 - 324 - 325 - 326 - 328 - 333 - 336 - 337 - 338 - 341 - 344 - 346 - 347 - 349 - 354 - 362 - 366 - 370 - 371 - 372 - 374 - 375 - 377 - 379 - 381 - 382 - 383 - 387 - 388 - 389 - 390 - 392 - 393 - 395 - 397 - 399 - 400 - 403 - 406 - 409 - 410 - 411 - 419 - 420 - 422 - 424 - 427 - 428 - 429 - 430 - 432 - 434 - 435 - 436 - 437 - 438 - 441 - 454 - 456 - 459 - 464 - 465 - 470 - 471 - 472 - 474 - 476 - 477 - 478 - 479 - 480 - 481 - 485 - 488 - 490 - 492 - 494 - 495 - 496 - 497,12938636.9,5.0,98235,89012,35.33,Cost: 98235 & Capacity: 89012
0 - 2 - 4 - 9 - 10 - 11 - 12 - 13 - 15 - 16 - 17 - 20 - 21 - 28 - 34 - 36 - 37 - 38 - 42 - 44 - 45 - 50 - 51 - 53 - 54 - 56 - 58 - 59 - 60 - 61 - 62 - 63 - 64 - 65 - 67 - 68 - 69 - 71 - 72 - 75 - 76 - 78 - 80 - 84 - 86 - 87 - 90 - 91 - 94 - 95 - 96 - 97 - 98 - 99 - 100 - 103 - 105 - 107 - 108 - 109 - 110 - 111 - 113 - 114 - 115 - 116 - 118 - 120 - 123 - 124 - 125 - 128 - 129 - 131 - 132 - 135 - 137 - 140 - 142 - 144 - 145 - 146 - 147 - 148 - 150 - 151 - 152 - 154 - 155 - 158 - 159 - 160 - 163 - 164 - 165 - 166 - 167 - 170 - 174 - 175 - 178 - 179 - 180 - 181 - 182 - 183 - 184 - 185 - 186 - 187 - 188 - 189 - 190 - 192 - 193 - 195 - 197 - 200 - 203 - 204 - 210 - 211 - 212 - 214 - 215 - 216 - 217 - 218 - 221 - 225 - 228 - 229 - 230 - 231 - 233 - 235 - 237 - 238 - 239 - 241 - 242 - 246 - 248 - 250 - 254 - 255 - 257 - 258 - 259 - 262 - 263 - 266 - 267 - 268 - 269 - 270 - 272 - 274 - 275 - 276 - 277 - 280 - 281 - 283 - 284 - 288 - 289 - 290 - 292 - 294 - 295 - 297 - 299 - 300 - 301 - 302 - 303 - 305 - 306 - 307 - 309 - 311 - 312 - 313 - 316 - 318 - 322 - 323 - 324 - 325 - 327 - 328 - 329 - 331 - 333 - 335 - 337 - 338 - 343 - 344 - 347 - 349 - 354 - 355 - 356 - 360 - 362 - 363 - 364 - 365 - 366 - 369 - 370 - 371 - 372 - 373 - 374 - 375 - 377 - 379 - 380 - 382 - 384 - 385 - 387 - 388 - 389 - 390 - 392 - 393 - 397 - 400 - 402 - 404 - 405 - 406 - 409 - 411 - 413 - 414 - 415 - 416 - 418 - 419 - 420 - 421 - 422 - 424 - 426 - 427 - 428 - 429 - 430 - 432 - 434 - 435 - 437 - 438 - 440 - 441 - 442 - 445 - 446 - 448 - 450 - 454 - 456 - 458 - 460 - 463 - 464 - 466 - 468 - 469 - 470 - 472 - 473 - 474 - 476 - 477 - 480 - 481 - 485 - 488 - 490 - 492 - 494 - 495 - 496,20902077.8,0.0,98257,100637,36.21,Cost: 98257 & Capacity: 100637
0 - 2 - 4 - 9 - 10 - 11 - 12 - 13 - 15 - 16 - 17 - 20 - 21 - 28 - 34 - 36 - 37 - 38 - 42 - 44 - 45 - 50 - 51 - 53 - 54 - 56 - 58 - 59 - 60 - 61 - 62 - 63 - 64 - 65 - 67 - 68 - 69 - 71 - 72 - 75 - 76 - 78 - 80 - 84 - 86 - 87 - 90 - 91 - 94 - 95 - 96 - 97 - 98 - 99 - 100 - 103 - 105 - 107 - 108 - 109 - 110 - 111 - 113 - 114 - 115 - 116 - 118 - 120 - 123 - 124 - 125 - 128 - 129 - 131 - 132 - 135 - 137 - 140 - 142 - 144 - 145 - 146 - 147 - 148 - 150 - 151 - 152 - 154 - 155 - 158 - 159 - 160 - 163 - 164 - 165 - 166 - 167 - 170 - 174 - 175 - 178 - 179 - 180 - 181 - 182 - 183 - 184 - 185 - 186 - 187 - 188 - 189 - 190 - 192 - 193 - 195 - 197 - 200 - 203 - 204 - 210 - 211 - 212 - 214 - 215 - 216 - 217 - 218 - 221 - 225 - 228 - 229 - 230 - 231 - 233 - 235 - 237 - 238 - 239 - 241 - 242 - 246 - 248 - 250 - 254 - 255 - 257 - 258 - 259 - 262 - 263 - 266 - 267 - 268 - 269 - 270 - 272 - 274 - 275 - 276 - 277 - 280 - 281 - 283 - 284 - 288 - 289 - 290 - 292 - 294 - 295 - 297 - 299 - 300 - 301 - 302 - 303 - 305 - 306 - 307 - 309 - 311 - 312 - 313 - 316 - 318 - 322 - 323 - 324 - 325 - 327 - 328 - 329 - 331 - 333 - 335 - 337 - 338 - 343 - 344 - 347 - 349 - 354 - 355 - 356 - 360 - 362 - 363 - 364 - 365 - 366 - 369 - 370 - 371 - 372 - 373 - 374 - 375 - 377 - 379 - 380 - 382 - 384 - 385 - 387 - 388 - 389 - 390 - 392 - 393 - 397 - 400 - 402 - 404 - 405 - 406 - 409 - 411 - 413 - 414 - 415 - 416 - 418 - 419 - 420 - 421 - 422 - 424 - 426 - 427 - 428 - 429 - 430 - 432 - 434 - 435 - 437 - 438 - 440 - 441 - 442 - 445 - 446 - 448 - 450 - 454 - 456 - 458 - 460 - 463 - 464 - 466 - 468 - 469 - 470 - 472 - 473 - 474 - 476 - 477 - 480 - 481 - 485 - 488 - 490 - 492 - 494 - 495 - 496,20902077.8,0.0,98257,100637,36.62,Cost: 98257 & Capacity: 100637
0 - 2 - 3 - 8 - 9 - 14 - 17 - 18 - 20 - 21 - 28 - 32 - 34 - 35 - 36 - 39 - 40 - 44 - 47 - 48 - 50 - 52 - 53 - 58 - 59 - 60 - 62 - 68 - 72 - 74 - 77 - 81 - 85 - 87 - 91 - 94 - 95 - 99 - 100 - 110 - 113 - 114 - 122 - 128 - 133 - 144 - 145 - 146 - 147 - 149 - 152 - 153 - 160 - 161 - 164 - 166 - 167 - 168 - 170 - 171 - 181 - 184 - 185 - 186 - 187 - 188 - 194 - 195 - 197 - 202 - 208 - 214 - 217 - 218 - 219 - 221 - 223 - 224 - 225 - 227 - 230 - 233 - 239 - 240 - 248 - 252 - 253 - 258 - 259 - 260 - 262 - 263 - 265 - 266 - 267 - 268 - 269 - 272 - 277 - 278 - 281 - 284 - 287 - 289 - 290 - 298 - 304 - 305 - 306 - 307 - 308 - 319 - 323 - 326 - 327 - 328 - 331 - 334 - 338 - 344 - 345 - 353 - 356 - 357 - 361 - 362 - 364 - 368 - 369 - 372 - 374 - 382 - 388 - 402 - 403 - 404 - 407 - 412 - 416 - 417 - 428 - 429 - 430 - 432 - 438 - 440 - 442 - 444 - 449 - 450 - 452 - 454 - 455 - 465 - 466 - 472 - 477 - 482 - 488 - 489 - 493,6630375.6,12.2,98261,77941,37.11,Cost: 98261 & Capacity: 77941
0 - 2 - 4 - 9 - 10 - 11 - 12 - 13 - 15 - 16 - 17 - 20 - 21 - 28 - 34 - 36 - 37 - 38 - 42 - 44 - 45 - 50 - 51 - 53 - 54 - 56 - 58 - 59 - 60 - 61 - 62 - 63 - 64 - 65 - 67 - 68 - 69 - 71 - 72 - 75 - 76 - 78 - 80 - 84 - 86 - 87 - 90 - 91 - 94 - 95 - 96 - 97 - 98 - 99 - 100 - 103 - 105 - 107 - 108 - 109 - 110 - 111 - 113 - 114 - 115 - 116 - 118 - 120 - 123 - 124 - 125 - 128 - 129 - 131 - 132 - 135 - 137 - 140 - 142 - 144 - 145 - 146 - 147 - 148 - 150 - 151 - 152 - 154 - 155 - 158 - 159 - 160 - 163 - 164 - 165 - 166 - 167 - 170 - 174 - 175 - 178 - 179 - 180 - 181 - 182 - 183 - 184 - 185 - 186 - 187 - 188 - 189 - 190 - 192 - 193 - 195 - 197 - 200 - 203 - 204 - 210 - 211 - 212 - 214 - 215 - 216 - 217 - 218 - 221 - 225 - 228 - 229 - 230 - 231 - 233 - 235 - 237 - 238 - 239 - 241 - 242 - 246 - 248 - 250 - 254 - 255 - 257 - 258 - 259 - 262 - 263 - 266 - 267 - 268 - 269 - 270 - 272 - 274 - 275 - 276 - 277 - 280 - 281 - 283 - 284 - 288 - 289 - 290 - 292 - 294 - 295 - 297 - 299 - 300 - 301 - 302 - 303 - 305 - 306 - 307 - 309 - 311 - 312 - 313 - 316 - 318 - 322 - 323 - 324 - 325 - 327 - 328 - 329 - 331 - 333 - 335 - 337 - 338 - 343 - 344 - 347 - 349 - 354 - 355 - 356 - 360 - 362 - 363 - 364 - 365 - 366 - 369 - 370 - 371 - 372 - 373 - 374 - 375 - 377 - 379 - 380 - 382 - 384 - 385 - 387 - 388 - 389 - 390 - 392 - 393 - 397 - 400 - 402 - 404 - 405 - 406 - 409 - 411 - 413 - 414 - 415 - 416 - 418 - 419 - 420 - 421 - 422 - 424 - 426 - 427 - 428 - 429 - 430 - 432 - 434 - 435 - 437 - 438 - 440 - 441 - 442 - 445 - 446 - 448 - 450 - 454 - 456 - 458 - 460 - 463 - 464 - 466 - 468 - 469 - 470 - 472 - 473 - 474 - 476 - 477 - 480 - 481 - 485 - 488 - 490 - 492 - 494 - 495 - 496,20902077.8,0.0,98257,100637,38.62,Cost: 98257 & Capacity: 100637
0 - 2 - 4 - 9 - 10 - 11 - 12 - 13 - 15 - 16 - 17 - 20 - 21 - 28 - 34 - 36 - 37 - 38 - 42 - 44 - 45 - 50 - 51 - 53 - 54 - 56 - 58 - 59 - 60 - 61 - 62 - 63 - 64 - 65 - 67 - 68 - 69 - 71 - 72 - 75 - 76 - 78 - 80 - 84 - 86 - 87 - 90 - 91 - 94 - 95 - 96 - 97 - 98 - 99 - 100 - 103 - 105 - 107 - 108 - 109 - 110 - 111 - 113 - 114 - 115 - 116 - 118 - 120 - 123 - 124 - 125 - 128 - 129 - 131 - 132 - 135 - 137 - 140 - 142 - 144 - 145 - 146 - 147 - 148 - 150 - 151 - 152 - 154 - 155 - 158 - 159 - 160 - 163 - 164 - 165 - 166 - 167 - 170 - 174 - 175 - 178 - 179 - 180 - 181 - 182 - 183 - 184 - 185 - 186 - 187 - 188 - 189 - 190 - 192 - 193 - 195 - 197 - 200 - 203 - 204 - 210 - 211 - 212 - 214 - 215 - 216 - 217 - 218 - 221 - 225 - 228 - 229 - 230 - 231 - 233 - 235 - 237 - 238 - 239 - 241 - 242 - 246 - 248 - 250 - 254 - 255 - 257 - 258 - 259 - 262 - 263 - 266 - 267 - 268 - 269 - 270 - 272 - 274 - 275 - 276 - 277 - 280 - 281 - 283 - 284 - 288 - 289 - 290 - 292 - 294 - 295 - 297 - 299 - 300 - 301 - 302 - 303 - 305 - 306 - 307 - 309 - 311 - 312 - 313 - 316 - 318 - 322 - 323 - 324 - 325 - 327 - 328 - 329 - 331 - 333 - 335 - 337 - 338 - 343 - 344 - 347 - 349 - 354 - 355 - 356 - 360 - 362 - 363 - 364 - 365 - 366 - 369 - 370 - 371 - 372 - 373 - 374 - 375 - 377 - 379 - 380 - 382 - 384 - 385 - 387 - 388 - 389 - 390 - 392 - 393 - 397 - 400 - 402 - 404 - 405 - 406 - 409 - 411 - 413 - 414 - 415 - 416 - 418 - 419 - 420 - 421 - 422 - 424 - 426 - 427 - 428 - 429 - 430 - 432 - 434 - 435 - 437 - 438 - 440 - 441 - 442 - 445 - 446 - 448 - 450 - 454 - 456 - 458 - 460 - 463 - 464 - 466 - 468 - 469 - 470 - 472 - 473 - 474 - 476 - 477 - 480 - 481 - 485 - 488 - 490 - 492 - 494 - 495 - 496,20902077.8,0.0,98257,100637,40.19,Cost: 98257 & Capacity: 100637
0 - 2 - 4 - 9 - 10 - 11 - 12 - 13 - 15 - 16 - 17 - 20 - 21 - 28 - 34 - 36 - 37 - 38 - 42 - 44 - 45 - 50 - 51 - 53 - 54 - 56 - 58 - 59 - 60 - 61 - 62 - 63 - 64 - 65 - 67 - 68 - 69 - 71 - 72 - 75 - 76 - 78 - 80 - 84 - 86 - 87 - 90 - 91 - 94 - 95 - 96 - 97 - 98 - 99 - 100 - 103 - 105 - 107 - 108 - 109 - 110 - 111 - 113 - 114 - 115 - 116 - 118 - 120 - 123 - 124 - 125 - 128 - 129 - 131 - 132 - 135 - 137 - 140 - 142 - 144 - 145 - 146 - 147 - 148 - 150 - 151 - 152 - 154 - 155 - 158 - 159 - 160 - 163 - 164 - 165 - 166 - 167 - 170 - 174 - 175 - 178 - 179 - 180 - 181 - 182 - 183 - 184 - 185 - 186 - 187 - 188 - 189 - 190 - 192 - 193 - 195 - 197 - 200 - 203 - 204 - 210 - 211 - 212 - 214 - 215 - 216 - 217 - 218 - 221 - 225 - 228 - 229 - 230 - 231 - 233 - 235 - 237 - 238 - 239 - 241 - 242 - 246 - 248 - 250 - 254 - 255 - 257 - 258 - 259 - 262 - 263 - 266 - 267 - 268 - 269 - 270 - 272 - 274 - 275 - 276 - 277 - 280 - 281 - 283 - 284 - 288 - 289 - 290 - 292 - 294 - 295 - 297 - 299 - 300 - 301 - 302 - 303 - 305 - 306 - 307 - 309 - 311 - 312 - 313 - 316 - 318 - 322 - 323 - 324 - 325 - 327 - 328 - 329 - 331 - 333 - 335 - 337 - 338 - 343 - 344 - 347 - 349 - 354 - 355 - 356 - 360 - 362 - 363 - 364 - 365 - 366 - 369 - 370 - 371 - 372 - 373 - 374 - 375 - 377 - 379 - 380 - 382 - 384 - 385 - 387 - 388 - 389 - 390 - 392 - 393 - 397 - 400 - 402 - 404 - 405 - 406 - 409 - 411 - 413 - 414 - 415 - 416 - 418 - 419 - 420 - 421 - 422 - 424 - 426 - 427 - 428 - 429 - 430 - 432 - 434 - 435 - 437 - 438 - 440 - 441 - 442 - 445 - 446 - 448 - 450 - 454 - 456 - 458 - 460 - 463 - 464 - 466 - 468 - 469 - 470 - 472 - 473 - 474 - 476 - 477 - 480 - 481 - 485 - 488 - 490 - 492 - 494 - 495 - 496,20902077.8,0.0,98257,100637,41.65,Cost: 98257 & Capacity: 100637
0 - 2 - 4 - 9 - 10 - 11 - 12 - 13 - 15 - 16 - 17 - 20 - 21 - 28 - 34 - 36 - 37 - 38 - 42 - 44 - 45 - 50 - 51 - 53 - 54 - 56 - 58 - 59 - 60 - 61 - 62 - 63 - 64 - 65 - 67 - 68 - 69 - 71 - 72 - 75 - 76 - 78 - 80 - 84 - 86 - 87 - 90 - 91 - 94 - 95 - 96 - 97 - 98 - 99 - 100 - 103 - 105 - 107 - 108 - 109 - 110 - 111 - 113 - 114 - 115 - 116 - 118 - 120 - 123 - 124 - 125 - 128 - 129 - 131 - 132 - 135 - 137 - 140 - 142 - 144 - 145 - 146 - 147 - 148 - 150 - 151 - 152 - 154 - 155 - 158 - 159 - 160 - 163 - 164 - 165 - 166 - 167 - 170 - 174 - 175 - 178 - 179 - 180 - 181 - 182 - 183 - 184 - 185 - 186 - 187 - 188 - 189 - 190 - 192 - 193 - 195 - 197 - 200 - 203 - 204 - 210 - 211 - 212 - 214 - 215 - 216 - 217 - 218 - 221 - 225 - 228 - 229 - 230 - 231 - 233 - 235 - 237 - 238 - 239 - 241 - 242 - 246 - 248 - 250 - 254 - 255 - 257 - 258 - 259 - 262 - 263 - 266 - 267 - 268 - 269 - 270 - 272 - 274 - 275 - 276 - 277 - 280 - 281 - 283 - 284 - 288 - 289 - 290 - 292 - 294 - 295 - 297 - 299 - 300 - 301 - 302 - 303 - 305 - 306 - 307 - 309 - 311 - 312 - 313 - 316 - 318 - 322 - 323 - 324 - 325 - 327 - 328 - 329 - 331 - 333 - 335 - 337 - 338 - 343 - 344 - 347 - 349 - 354 - 355 - 356 - 360 - 362 - 363 - 364 - 365 - 366 - 369 - 370 - 371 - 372 - 373 - 374 - 375 - 377 - 379 - 380 - 382 - 384 - 385 - 387 - 388 - 389 - 390 - 392 - 393 - 397 - 400 - 402 - 404 - 405 - 406 - 409 - 411 - 413 - 414 - 415 - 416 - 418 - 419 - 420 - 421 - 422 - 424 - 426 - 427 - 428 - 429 - 430 - 432 - 434 - 435 - 437 - 438 - 440 - 441 - 442 - 445 - 446 - 448 - 450 - 454 - 456 - 458 - 460 - 463 - 464 - 466 - 468 - 469 - 470 - 472 - 473 - 474 - 476 - 477 - 480 - 481 - 485 - 488 - 490 - 492 - 494 - 495 - 496,20902077.8,0.0,98257,100637,42.14,Cost: 98257 & Capacity: 100637
0 - 2 - 4 - 9 - 10 - 11 - 12 - 13 - 15 - 16 - 17 - 20 - 21 - 28 - 34 - 36 - 37 - 38 - 42 - 44 - 45 - 50 - 51 - 53 - 54 - 56 - 58 - 59 - 60 - 61 - 62 - 63 - 64 - 65 - 67 - 68 - 69 - 71 - 72 - 75 - 76 - 78 - 80 - 84 - 86 - 87 - 90 - 91 - 94 - 95 - 96 - 97 - 98 - 99 - 100 - 103 - 105 - 107 - 108 - 109 - 110 - 111 - 113 - 114 - 115 - 116 - 118 - 120 - 123 - 124 - 125 - 128 - 129 - 131 - 132 - 135 - 137 - 140 - 142 - 144 - 145 - 146 - 147 - 148 - 150 - 151 - 152 - 154 - 155 - 158 - 159 - 160 - 163 - 164 - 165 - 166 - 167 - 170 - 174 - 175 - 178 - 179 - 180 - 181 - 182 - 183 - 184 - 185 - 186 - 187 - 188 - 189 - 190 - 192 - 193 - 195 - 197 - 200 - 203 - 204 - 210 - 211 - 212 - 214 - 215 - 216 - 217 - 218 - 221 - 225 - 228 - 229 - 230 - 231 - 233 - 235 - 237 - 238 - 239 - 241 - 242 - 246 - 248 - 250 - 254 - 255 - 257 - 258 - 259 - 262 - 263 - 266 - 267 - 268 - 269 - 270 - 272 - 274 - 275 - 276 - 277 - 280 - 281 - 283 - 284 - 288 - 289 - 290 - 292 - 294 - 295 - 297 - 299 - 300 - 301 - 302 - 303 - 305 - 306 - 307 - 309 - 311 - 312 - 313 - 316 - 318 - 322 - 323 - 324 - 325 - 327 - 328 - 329 - 331 - 333 - 335 - 337 - 338 - 343 - 344 - 347 - 349 - 354 - 355 - 356 - 360 - 362 - 363 - 364 - 365 - 366 - 369 - 370 - 371 - 372 - 373 - 374 - 375 - 377 - 379 - 380 - 382 - 384 - 385 - 387 - 388 - 389 - 390 - 392 - 393 - 397 - 400 - 402 - 404 - 405 - 406 - 409 - 411 - 413 - 414 - 415 - 416 - 418 - 419 - 420 - 421 - 422 - 424 - 426 - 427 - 428 - 429 - 430 - 432 - 434 - 435 - 437 - 438 - 440 - 441 - 442 - 445 - 446 - 448 - 450 - 454 - 456 - 458 - 460 - 463 - 464 - 466 - 468 - 469 - 470 - 472 - 473 - 474 - 476 - 477 - 480 - 481 - 485 - 488 - 490 - 492 - 494 - 495 - 496,20902077.8,0.0,98257,100637,44.04,Cost: 98257 & Capacity: 100637
0 - 5 - 12 - 13 - 17 - 21 - 25 - 38 - 44 - 45 - 60 - 62 - 64 - 65 - 67 - 68 - 72 - 74 - 75 - 80 - 81 - 87 - 90 - 94 - 95 - 98 - 99 - 100 - 101 - 107 - 108 - 114 - 116 - 117 - 118 - 120 - 128 - 132 - 136 - 137 - 142 - 144 - 147 - 149 - 152 - 155 - 156 - 158 - 160 - 162 - 163 - 164 - 166 - 170 - 171 - 172 - 175 - 178 - 180 - 181 - 185 - 188 - 189 - 190 - 194 - 202 - 203 - 207 - 209 - 211 - 212 - 213 - 215 - 217 - 219 - 223 - 224 - 225 - 227 - 231 - 233 - 234 - 235 - 237 - 241 - 242 - 246 - 247 - 252 - 255 - 262 - 266 - 269 - 271 - 272 - 273 - 277 - 278 - 279 - 284 - 287 - 288 - 292 - 293 - 298 - 301 - 302 - 303 - 306 - 310 - 321 - 322 - 323 - 324 - 329 - 330 - 333 - 336 - 337 - 338 - 351 - 352 - 356 - 357 - 359 - 361 - 362 - 366 - 372 - 374 - 381 - 382 - 383 - 384 - 385 - 387 - 388 - 390 - 392 - 393 - 395 - 399 - 403 - 404 - 406 - 408 - 411 - 413 - 416 - 421 - 423 - 424 - 426 - 427 - 428 - 430 - 431 - 433 - 434 - 435 - 437 - 438 - 440 - 441 - 442 - 444 - 458 - 459 - 460 - 465 - 468 - 471 - 472 - 474 - 477 - 478 - 480 - 481 - 484 - 485 - 488 - 489 - 490 - 492 - 494 - 495 - 496 - 497 - 499,9032509.7,9.0,98191,82383,44.66,Cost: 98191 & Capacity: 82383
0 - 2 - 4 - 9 - 10 - 11 - 12 - 13 - 15 - 16 - 17 - 20 - 21 - 28 - 34 - 36 - 37 - 38 - 42 - 44 - 45 - 50 - 51 - 53 - 54 - 56 - 58 - 59 - 60 - 61 - 62 - 63 - 64 - 65 - 67 - 68 - 69 - 71 - 72 - 75 - 76 - 78 - 80 - 84 - 86 - 87 - 90 - 91 - 94 - 95 - 96 - 97 - 98 - 99 - 100 - 103 - 105 - 107 - 108 - 109 - 110 - 111 - 114 - 115 - 116 - 118 - 120 - 123 - 124 - 125 - 128 - 129 - 131 - 132 - 135 - 137 - 140 - 142 - 144 - 145 - 146 - 147 - 148 - 150 - 151 - 152 - 154 - 155 - 158 - 159 - 160 - 163 - 164 - 165 - 166 - 167 - 170 - 174 - 175 - 178 - 179 - 180 - 181 - 182 - 183 - 184 - 185 - 186 - 187 - 188 - 189 - 190 - 192 - 193 - 195 - 197 - 198 - 203 - 204 - 210 - 211 - 212 - 214 - 215 - 216 - 217 - 218 - 221 - 225 - 228 - 229 - 230 - 231 - 233 - 234 - 235 - 237 - 238 - 239 - 241 - 242 - 246 - 248 - 250 - 254 - 255 - 257 - 258 - 259 - 262 - 263 - 266 - 267 - 268 - 269 - 270 - 272 - 274 - 275 - 276 - 277 - 280 - 281 - 283 - 284 - 288 - 289 - 290 - 292 - 294 - 295 - 297 - 299 - 300 - 301 - 302 - 303 - 305 - 306 - 307 - 309 - 311 - 312 - 313 - 316 - 318 - 322 - 323 - 324 - 325 - 327 - 328 - 329 - 331 - 333 - 335 - 337 - 338 - 343 - 344 - 347 - 349 - 354 - 355 - 356 - 360 - 362 - 363 - 364 - 365 - 366 - 369 - 370 - 371 - 372 - 373 - 374 - 375 - 377 - 379 - 380 - 382 - 384 - 385 - 387 - 388 - 389 - 390 - 392 - 393 - 397 - 400 - 402 - 404 - 405 - 406 - 409 - 411 - 413 - 414 - 415 - 416 - 418 - 419 - 420 - 421 - 422 - 424 - 426 - 427 - 428 - 429 - 430 - 432 - 434 - 435 - 437 - 438 - 440 - 441 - 442 - 445 - 446 - 448 - 450 - 454 - 456 - 458 - 460 - 463 - 464 - 466 - 468 - 469 - 470 - 472 - 473 - 474 - 476 - 477 - 480 - 481 - 485 - 488 - 490 - 492 - 494 - 495 - 496,20915277.8,0.0,98262,100139,46.3,Cost: 98262 & Capacity: 100139
0 - 4 - 9 - 10 - 11 - 12 - 13 - 16 - 21 - 25 - 36 - 37 - 42 - 44 - 45 - 50 - 51 - 53 - 54 - 60 - 61 - 63 - 64 - 65 - 68 - 69 - 72 - 75 - 79 - 80 - 84 - 86 - 87 - 90 - 91 - 94 - 95 - 96 - 97 - 98 - 99 - 100 - 103 - 105 - 107 - 108 - 110 - 111 - 114 - 115 - 116 - 118 - 123 - 124 - 125 - 126 - 127 - 128 - 131 - 132 - 136 - 137 - 139 - 142 - 144 - 145 - 146 - 147 - 148 - 149 - 150 - 152 - 154 - 156 - 157 - 158 - 159 - 160 - 161 - 162 - 163 - 164 - 166 - 167 - 170 - 171 - 174 - 175 - 178 - 179 - 181 - 183 - 184 - 185 - 186 - 187 - 188 - 189 - 190 - 192 - 193 - 195 - 201 - 203 - 204 - 209 - 210 - 211 - 212 - 215 - 216 - 217 - 218 - 219 - 221 - 223 - 225 - 230 - 231 - 233 - 235 - 237 - 238 - 246 - 247 - 248 - 252 - 254 - 255 - 257 - 258 - 259 - 262 - 266 - 267 - 270 - 272 - 273 - 276 - 277 - 280 - 281 - 283 - 284 - 287 - 288 - 289 - 290 - 292 - 294 - 298 - 299 - 300 - 301 - 302 - 303 - 305 - 306 - 312 - 313 - 314 - 316 - 317 - 318 - 322 - 323 - 324 - 325 - 326 - 328 - 331 - 333 - 336 - 337 - 338 - 341 - 342 - 343 - 347 - 349 - 355 - 356 - 360 - 363 - 366 - 370 - 371 - 372 - 374 - 375 - 377 - 379 - 380 - 382 - 383 - 385 - 388 - 389 - 390 - 392 - 393 - 395 - 397 - 400 - 401 - 403 - 404 - 406 - 409 - 410 - 411 - 415 - 416 - 418 - 419 - 420 - 422 - 423 - 424 - 426 - 427 - 428 - 429 - 430 - 432 - 434 - 435 - 436 - 437 - 438 - 441 - 442 - 450 - 454 - 460 - 463 - 464 - 468 - 470 - 471 - 472 - 474 - 476 - 477 - 478 - 480 - 481 - 485 - 488 - 489 - 492 - 494 - 495 - 496 - 497,16292351.5,2.0,98239,94401,47.18,Cost: 98239 & Capacity: 94401
5 - 7 - 8 - 9 - 18 - 20 - 21 - 22 - 23 - 25 - 31 - 36 - 38 - 47 - 49 - 50 - 52 - 59 - 64 - 65 - 67 - 77 - 79 - 85 - 88 - 91 - 92 - 95 - 105 - 110 - 117 - 118 - 119 - 126 - 128 - 131 - 134 - 143 - 144 - 145 - 146 - 148 - 152 - 156 - 161 - 162 - 165 - 168 - 169 - 170 - 172 - 176 - 178 - 184 - 195 - 201 - 202 - 207 - 212 - 214 - 221 - 223 - 224 - 227 - 232 - 233 - 234 - 237 - 239 - 242 - 248 - 252 - 256 - 259 - 264 - 270 - 272 - 273 - 277 - 280 - 284 - 285 - 288 - 292 - 295 - 299 - 306 - 307 - 308 - 311 - 312 - 313 - 314 - 315 - 317 - 323 - 330 - 331 - 333 - 336 - 344 - 350 - 351 - 355 - 358 - 359 - 361 - 362 - 363 - 364 - 366 - 369 - 370 - 381 - 385 - 387 - 389 - 393 - 396 - 397 - 401 - 402 - 407 - 409 - 410 - 411 - 412 - 416 - 419 - 428 - 429 - 436 - 438 - 441 - 442 - 445 - 449 - 450 - 454 - 459 - 465 - 468 - 473 - 476 - 477 - 485 - 488 - 489 - 494 - 499,5744192.0,14.3,97967,78285,47.42,Cost: 97967 & Capacity: 78285
0 - 2 - 4 - 9 - 10 - 11 - 12 - 13 - 15 - 16 - 17 - 20 - 21 - 28 - 34 - 36 - 37 - 38 - 42 - 44 - 45 - 50 - 51 - 53 - 54 - 56 - 58 - 59 - 60 - 61 - 62 - 63 - 64 - 65 - 67 - 68 - 69 - 71 - 72 - 75 - 76 - 78 - 80 - 84 - 86 - 87 - 90 - 91 - 94 - 95 - 96 - 97 - 98 - 99 - 100 - 103 - 105 - 107 - 108 - 109 - 110 - 111 - 113 - 114 - 115 - 116 - 118 - 120 - 123 - 124 - 125 - 128 - 129 - 131 - 132 - 135 - 137 - 140 - 142 - 144 - 145 - 146 - 147 - 148 - 150 - 151 - 152 - 154 - 155 - 158 - 159 - 160 - 163 - 164 - 165 - 166 - 167 - 170 - 174 - 175 - 178 - 179 - 180 - 181 - 182 - 183 - 184 - 185 - 186 - 187 - 188 - 189 - 190 - 192 - 193 - 195 - 197 - 200 - 203 - 204 - 210 - 211 - 212 - 214 - 215 - 216 - 217 - 218 - 221 - 225 - 228 - 229 - 230 - 231 - 233 - 235 - 237 - 238 - 239 - 241 - 242 - 246 - 248 - 250 - 254 - 255 - 257 - 258 - 259 - 262 - 263 - 266 - 267 - 268 - 269 - 270 - 272 - 274 - 275 - 276 - 277 - 280 - 281 - 283 - 284 - 288 - 289 - 290 - 292 - 294 - 295 - 297 - 299 - 300 - 301 - 302 - 303 - 305 - 306 - 307 - 309 - 311 - 312 - 313 - 316 - 318 - 322 - 323 - 324 - 325 - 327 - 328 - 329 - 331 - 333 - 335 - 337 - 338 - 343 - 344 - 347 - 349 - 354 - 355 - 356 - 360 - 362 - 363 - 364 - 365 - 366 - 369 - 370 - 371 - 372 - 373 - 374 - 375 - 377 - 379 - 380 - 382 - 384 - 385 - 387 - 388 - 389 - 390 - 392 - 393 - 397 - 400 - 402 - 404 - 405 - 406 - 409 - 411 - 413 - 414 - 415 - 416 - 418 - 419 - 420 - 421 - 422 - 424 - 426 - 427 - 428 - 429 - 430 - 432 - 434 - 435 - 437 - 438 - 440 - 441 - 442 - 445 - 446 - 448 - 450 - 454 - 456 - 458 - 460 - 463 - 464 - 466 - 468 - 469 - 470 - 472 - 473 - 474 - 476 - 477 - 480 - 481 - 485 - 488 - 490 - 492 - 494 - 495 - 496,20902077.8,0.0,98257,100637,48.17,Cost: 98257 & Capacity: 100637
0 - 5 - 9 - 14 - 16 - 17 - 21 - 28 - 31 - 32 - 37 - 47 - 49 - 53 - 57 - 61 - 62 - 64 - 66 - 67 - 72 - 74 - 79 - 80 - 84 - 86 - 90 - 91 - 98 - 100 - 105 - 107 - 111 - 112 - 116 - 119 - 123 - 128 - 130 - 132 - 133 - 136 - 144 - 146 - 150 - 152 - 155 - 157 - 158 - 159 - 160 - 161 - 166 - 170 - 171 - 172 - 190 - 192 - 194 - 195 - 202 - 204 - 211 - 213 - 217 - 224 - 227 - 228 - 235 - 237 - 239 - 240 - 248 - 249 - 252 - 255 - 261 - 263 - 270 - 271 - 274 - 275 - 277 - 278 - 279 - 282 - 283 - 284 - 287 - 288 - 292 - 294 - 298 - 299 - 302 - 303 - 307 - 311 - 315 - 320 - 322 - 323 - 331 - 332 - 333 - 338 - 342 - 344 - 348 - 350 - 358 - 359 - 361 - 362 - 363 - 365 - 372 - 375 - 377 - 381 - 382 - 383 - 386 - 387 - 392 - 393 - 397 - 401 - 403 - 412 - 414 - 422 - 423 - 428 - 432 - 436 - 437 - 438 - 442 - 447 - 449 - 450 - 454 - 459 - 460 - 464 - 466 - 467 - 470 - 471 - 476 - 477 - 478 - 479 - 480 - 481 - 485 - 487 - 489 - 493 - 494 - 497,6721989.4,12.1,97380,78828,49.05,Cost: 97380 & Capacity: 78828
0 - 5 - 9 - 14 - 16 - 17 - 21 - 28 - 31 - 32 - 37 - 47 - 49 - 53 - 57 - 61 - 62 - 64 - 66 - 67 - 72 - 74 - 79 - 80 - 84 - 86 - 87 - 90 - 91 - 98 - 100 - 105 - 107 - 111 - 112 - 116 - 119 - 123 - 128 - 130 - 132 - 133 - 136 - 143 - 144 - 146 - 150 - 152 - 155 - 157 - 158 - 159 - 160 - 161 - 166 - 170 - 171 - 172 - 190 - 192 - 194 - 195 - 202 - 204 - 211 - 213 - 217 - 224 - 227 - 228 - 235 - 237 - 239 - 240 - 248 - 249 - 252 - 255 - 261 - 263 - 270 - 271 - 274 - 275 - 277 - 278 - 279 - 282 - 283 - 284 - 287 - 288 - 292 - 294 - 298 - 299 - 302 - 303 - 307 - 311 - 315 - 320 - 322 - 323 - 331 - 332 - 333 - 338 - 342 - 344 - 348 - 350 - 358 - 359 - 361 - 362 - 363 - 365 - 372 - 375 - 377 - 381 - 382 - 383 - 386 - 387 - 388 - 392 - 393 - 397 - 403 - 412 - 414 - 422 - 423 - 428 - 432 - 436 - 437 - 438 - 442 - 447 - 449 - 450 - 454 - 459 - 460 - 466 - 467 - 470 - 471 - 476 - 477 - 478 - 479 - 480 - 481 - 485 - 487 - 489 - 493 - 494 - 497,6794867.3,11.1,98091,79164,49.04,Cost: 98091 & Capacity: 79164
0 - 4 - 9 - 12 - 13 - 16 - 21 - 35 - 36 - 37 - 42 - 44 - 45 - 50 - 51 - 53 - 54 - 56 - 60 - 61 - 63 - 64 - 65 - 67 - 68 - 69 - 72 - 75 - 80 - 84 - 85 - 86 - 87 - 90 - 91 - 93 - 94 - 95 - 96 - 97 - 98 - 99 - 100 - 103 - 105 - 107 - 108 - 109 - 110 - 111 - 113 - 114 - 115 - 116 - 118 - 120 - 123 - 124 - 125 - 128 - 129 - 131 - 132 - 136 - 137 - 139 - 142 - 144 - 145 - 146 - 147 - 148 - 149 - 150 - 151 - 152 - 154 - 155 - 156 - 158 - 159 - 160 - 161 - 163 - 164 - 165 - 166 - 167 - 174 - 175 - 178 - 179 - 180 - 181 - 183 - 185 - 186 - 188 - 189 - 190 - 192 - 193 - 195 - 197 - 201 - 203 - 204 - 207 - 210 - 212 - 214 - 216 - 217 - 218 - 221 - 223 - 225 - 229 - 230 - 231 - 233 - 235 - 238 - 239 - 241 - 242 - 246 - 247 - 248 - 250 - 254 - 255 - 257 - 258 - 259 - 262 - 263 - 266 - 267 - 268 - 270 - 271 - 272 - 274 - 276 - 277 - 280 - 281 - 283 - 284 - 288 - 289 - 290 - 291 - 292 - 294 - 295 - 297 - 299 - 300 - 301 - 302 - 303 - 305 - 306 - 309 - 311 - 312 - 314 - 315 - 316 - 321 - 322 - 323 - 324 - 325 - 327 - 328 - 329 - 331 - 333 - 334 - 335 - 337 - 338 - 342 - 343 - 344 - 347 - 349 - 354 - 355 - 356 - 358 - 360 - 362 - 363 - 364 - 366 - 368 - 369 - 370 - 372 - 373 - 374 - 375 - 377 - 379 - 381 - 382 - 383 - 385 - 388 - 389 - 390 - 392 - 393 - 397 - 398 - 400 - 404 - 405 - 406 - 410 - 411 - 413 - 414 - 415 - 416 - 418 - 419 - 420 - 421 - 423 - 424 - 426 - 427 - 428 - 429 - 430 - 432 - 434 - 435 - 437 - 438 - 439 - 440 - 441 - 442 - 450 - 454 - 460 - 463 - 464 - 465 - 468 - 469 - 470 - 472 - 474 - 476 - 477 - 480 - 481 - 485 - 488 - 492 - 494 - 495 - 496 - 499,18496005.0,0.3,98218,108944,49.45,Cost: 98218 & Capacity: 108944
0 - 2 - 4 - 9 - 10 - 11 - 12 - 13 - 15 - 16 - 17 - 20 - 21 - 28 - 34 - 36 - 37 - 38 - 42 - 44 - 45 - 50 - 51 - 53 - 54 - 56 - 58 - 59 - 60 - 61 - 62 - 63 - 64 - 65 - 67 - 68 - 69 - 71 - 72 - 75 - 76 - 78 - 80 - 84 - 86 - 87 - 90 - 91 - 94 - 95 - 96 - 97 - 98 - 99 - 100 - 103 - 105 - 107 - 108 - 109 - 110 - 111 - 113 - 114 - 115 - 116 - 118 - 120 - 123 - 124 - 125 - 128 - 129 - 131 - 132 - 135 - 137 - 140 - 142 - 144 - 145 - 146 - 147 - 148 - 150 - 151 - 152 - 154 - 155 - 158 - 159 - 160 - 163 - 164 - 165 - 166 - 167 - 170 - 174 - 175 - 178 - 179 - 180 - 181 - 182 - 183 - 184 - 185 - 186 - 187 - 188 - 189 - 190 - 192 - 193 - 195 - 197 - 200 - 203 - 204 - 210 - 211 - 212 - 214 - 215 - 216 - 217 - 218 - 221 - 225 - 228 - 229 - 230 - 231 - 233 - 235 - 237 - 238 - 239 - 241 - 242 - 246 - 248 - 250 - 254 - 255 - 257 - 258 - 259 - 262 - 263 - 266 - 267 - 268 - 269 - 270 - 272 - 274 - 275 - 276 - 277 - 280 - 281 - 283 - 284 - 288 - 289 - 290 - 292 - 294 - 295 - 297 - 299 - 300 - 301 - 302 - 303 - 305 - 306 - 307 - 309 - 311 - 312 - 313 - 316 - 318 - 322 - 323 - 324 - 325 - 327 - 328 - 329 - 331 - 333 - 335 - 337 - 338 - 343 - 344 - 347 - 349 - 354 - 355 - 356 - 360 - 362 - 363 - 364 - 365 - 366 - 369 - 370 - 371 - 372 - 373 - 374 - 375 - 377 - 379 - 380 - 382 - 384 - 385 - 387 - 388 - 389 - 390 - 392 - 393 - 397 - 400 - 402 - 404 - 405 - 406 - 409 - 411 - 413 - 414 - 415 - 416 - 418 - 419 - 420 - 421 - 422 - 424 - 426 - 427 - 428 - 429 - 430 - 432 - 434 - 435 - 437 - 438 - 440 - 441 - 442 - 445 - 446 - 448 - 450 - 454 - 456 - 458 - 460 - 463 - 464 - 466 - 468 - 469 - 470 - 472 - 473 - 474 - 476 - 477 - 480 - 481 - 485 - 488 - 490 - 492 - 494 - 495 - 496,20902077.8,0.0,98257,100637,49.99,Cost: 98257 & Capacity: 100637
22 - 25 - 26 - 35 - 40 - 44 - 47 - 49 - 50 - 61 - 62 - 64 - 67 - 71 - 75 - 76 - 83 - 88 - 94 - 95 - 98 - 104 - 107 - 110 - 117 - 118 - 122 - 124 - 136 - 137 - 140 - 145 - 147 - 150 - 156 - 159 - 163 - 166 - 179 - 185 - 187 - 194 - 196 - 202 - 214 - 217 - 221 - 224 - 227 - 229 - 231 - 232 - 235 - 243 - 246 - 247 - 249 - 255 - 263 - 264 - 271 - 274 - 275 - 276 - 277 - 278 - 279 - 281 - 284 - 285 - 287 - 291 - 292 - 303 - 307 - 308 - 312 - 313 - 316 - 322 - 323 - 328 - 334 - 335 - 338 - 342 - 345 - 349 - 350 - 351 - 357 - 361 - 362 - 364 - 366 - 367 - 369 - 372 - 375 - 378 - 381 - 383 - 387 - 389 - 390 - 391 - 393 - 395 - 397 - 404 - 413 - 415 - 419 - 421 - 423 - 430 - 433 - 435 - 437 - 440 - 441 - 442 - 443 - 448 - 449 - 450 - 451 - 452 - 454 - 458 - 459 - 464 - 468 - 470 - 475 - 476 - 477 - 480 - 482 - 485 - 488 - 489 - 492 - 493 - 499,5353409.4,15.0,98002,81483,50.1,Cost: 98002 & Capacity: 81483
0 - 2 - 4 - 9 - 10 - 11 - 12 - 13 - 15 - 16 - 17 - 20 - 21 - 28 - 34 - 36 - 37 - 38 - 42 - 44 - 45 - 50 - 51 - 53 - 54 - 56 - 58 - 59 - 60 - 61 - 62 - 63 - 64 - 65 - 67 - 68 - 69 - 71 - 72 - 75 - 76 - 78 - 80 - 84 - 86 - 87 - 90 - 91 - 94 - 95 - 96 - 97 - 98 - 99 - 100 - 103 - 105 - 107 - 108 - 109 - 110 - 111 - 113 - 114 - 115 - 116 - 118 - 120 - 123 - 124 - 125 - 128 - 129 - 131 - 132 - 135 - 137 - 140 - 142 - 144 - 145 - 146 - 147 - 148 - 150 - 151 - 152 - 154 - 155 - 158 - 159 - 160 - 163 - 164 - 165 - 166 - 167 - 170 - 174 - 175 - 178 - 179 - 180 - 181 - 182 - 183 - 184 - 185 - 186 - 187 - 188 - 189 - 190 - 192 - 193 - 195 - 197 - 200 - 203 - 204 - 210 - 211 - 212 - 214 - 215 - 216 - 217 - 218 - 221 - 225 - 228 - 229 - 230 - 231 - 233 - 235 - 237 - 238 - 239 - 241 - 242 - 246 - 248 - 250 - 254 - 255 - 257 - 258 - 259 - 262 - 263 - 266 - 267 - 268 - 269 - 270 - 272 - 274 - 275 - 276 - 277 - 280 - 281 - 283 - 284 - 288 - 289 - 290 - 292 - 294 - 295 - 297 - 299 - 300 - 301 - 302 - 303 - 305 - 306 - 307 - 309 - 311 - 312 - 313 - 316 - 318 - 322 - 323 - 324 - 325 - 327 - 328 - 329 - 331 - 333 - 335 - 337 - 338 - 343 - 344 - 347 - 349 - 354 - 355 - 356 - 360 - 362 - 363 - 364 - 365 - 366 - 369 - 370 - 371 - 372 - 373 - 374 - 375 - 377 - 379 - 380 - 382 - 384 - 385 - 387 - 388 - 389 - 390 - 392 - 393 - 397 - 400 - 402 - 404 - 405 - 406 - 409 - 411 - 413 - 414 - 415 - 416 - 418 - 419 - 420 - 421 - 422 - 424 - 426 - 427 - 428 - 429 - 430 - 432 - 434 - 435 - 437 - 438 - 440 - 441 - 442 - 445 - 446 - 448 - 450 - 454 - 456 - 458 - 460 - 463 - 464 - 466 - 468 - 469 - 470 - 472 - 473 - 474 - 476 - 477 - 480 - 481 - 485 - 488 - 490 - 492 - 494 - 495 - 496,20902077.8,0.0,98257,100637,51.48,Cost: 98257 & Capacity: 100637
0 - 2 - 4 - 9 - 10 - 11 - 12 - 13 - 15 - 16 - 17 - 20 - 21 - 28 - 34 - 36 - 37 - 38 - 42 - 44 - 45 - 50 - 51 - 53 - 54 - 56 - 58 - 59 - 60 - 61 - 62 - 63 - 64 - 65 - 67 - 68 - 69 - 71 - 72 - 75 - 76 - 78 - 80 - 84 - 86 - 87 - 90 - 91 - 94 - 95 - 96 - 97 - 98 - 99 - 100 - 103 - 105 - 107 - 108 - 109 - 110 - 111 - 113 - 114 - 115 - 116 - 118 - 120 - 123 - 124 - 125 - 128 - 129 - 131 - 132 - 135 - 137 - 140 - 142 - 144 - 145 - 146 - 147 - 148 - 150 - 151 - 152 - 154 - 155 - 158 - 159 - 160 - 163 - 164 - 165 - 166 - 167 - 170 - 174 - 175 - 178 - 179 - 180 - 181 - 182 - 183 - 184 - 185 - 186 - 187 - 188 - 189 - 190 - 192 - 193 - 195 - 197 - 200 - 203 - 204 - 210 - 211 - 212 - 214 - 215 - 216 - 217 - 218 - 221 - 225 - 228 - 229 - 230 - 231 - 233 - 235 - 237 - 238 - 239 - 241 - 242 - 246 - 248 - 250 - 254 - 255 - 257 - 258 - 259 - 262 - 263 - 266 - 267 - 268 - 269 - 270 - 272 - 274 - 275 - 276 - 277 - 280 - 281 - 283 - 284 - 288 - 289 - 290 - 292 - 294 - 295 - 297 - 299 - 300 - 301 - 302 - 303 - 305 - 306 - 307 - 309 - 311 - 312 - 313 - 316 - 318 - 322 - 323 - 324 - 325 - 327 - 328 - 329 - 331 - 333 - 335 - 337 - 338 - 343 - 344 - 347 - 349 - 354 - 355 - 356 - 360 - 362 - 363 - 364 - 365 - 366 - 369 - 370 - 371 - 372 - 373 - 374 - 375 - 377 - 379 - 380 - 382 - 384 - 385 - 387 - 388 - 389 - 390 - 392 - 393 - 397 - 400 - 402 - 404 - 405 - 406 - 409 - 411 - 413 - 414 - 415 - 416 - 418 - 419 - 420 - 421 - 422 - 424 - 426 - 427 - 428 - 429 - 430 - 432 - 434 - 435 - 437 - 438 - 440 - 441 - 442 - 445 - 446 - 448 - 450 - 454 - 456 - 458 - 460 - 463 - 464 - 466 - 468 - 469 - 470 - 472 - 473 - 474 - 476 - 477 - 480 - 481 - 485 - 488 - 490 - 492 - 494 - 495 - 496,20902077.8,0.0,98257,100637,54.71,Cost: 98257 & Capacity: 100637
0 - 2 - 4 - 9 - 10 - 11 - 12 - 13 - 15 - 16 - 17 - 20 - 21 - 28 - 34 - 36 - 37 - 38 - 42 - 44 - 45 - 50 - 51 - 53 - 54 - 56 - 58 - 59 - 60 - 61 - 62 - 63 - 64 - 65 - 67 - 68 - 69 - 71 - 72 - 75 - 76 - 78 - 80 - 84 - 86 - 87 - 90 - 91 - 94 - 95 - 96 - 97 - 98 - 99 - 100 - 103 - 105 - 107 - 108 - 109 - 110 - 111 - 113 - 114 - 115 - 116 - 118 - 120 - 123 - 124 - 125 - 128 - 129 - 131 - 132 - 135 - 137 - 140 - 142 - 144 - 145 - 146 - 147 - 148 - 150 - 151 - 152 - 154 - 155 - 158 - 159 - 160 - 163 - 164 - 165 - 166 - 167 - 170 - 174 - 175 - 178 - 179 - 180 - 181 - 182 - 183 - 184 - 185 - 186 - 187 - 188 - 189 - 190 - 192 - 193 - 195 - 197 - 200 - 203 - 204 - 210 - 211 - 212 - 214 - 215 - 216 - 217 - 218 - 221 - 225 - 228 - 229 - 230 - 231 - 233 - 235 - 237 - 238 - 239 - 241 - 242 - 246 - 248 - 250 - 254 - 255 - 257 - 258 - 259 - 262 - 263 - 266 - 267 - 268 - 269 - 270 - 272 - 274 - 275 - 276 - 277 - 280 - 281 - 283 - 284 - 288 - 289 - 290 - 292 - 294 - 295 - 297 - 299 - 300 - 301 - 302 - 303 - 305 - 306 - 307 - 309 - 311 - 312 - 313 - 316 - 318 - 322 - 323 - 324 - 325 - 327 - 328 - 329 - 331 - 333 - 335 - 337 - 338 - 343 - 344 - 347 - 349 - 354 - 355 - 356 - 360 - 362 - 363 - 364 - 365 - 366 - 369 - 370 - 371 - 372 - 373 - 374 - 375 - 377 - 379 - 380 - 382 - 384 - 385 - 387 - 388 - 389 - 390 - 392 - 393 - 397 - 400 - 402 - 404 - 405 - 406 - 409 - 411 - 413 - 414 - 415 - 416 - 418 - 419 - 420 - 421 - 422 - 424 - 426 - 427 - 428 - 429 - 430 - 432 - 434 - 435 - 437 - 438 - 440 - 441 - 442 - 445 - 446 - 448 - 450 - 454 - 456 - 458 - 460 - 463 - 464 - 466 - 468 - 469 - 470 - 472 - 473 - 474 - 476 - 477 - 480 - 481 - 485 - 488 - 490 - 492 - 494 - 495 - 496,20902077.8,0.0,98257,100637,55.07,Cost: 98257 & Capacity: 100637
0 - 2 - 4 - 9 - 10 - 11 - 12 - 13 - 15 - 16 - 17 - 20 - 21 - 28 - 34 - 36 - 37 - 38 - 42 - 44 - 45 - 50 - 51 - 53 - 54 - 56 - 58 - 59 - 60 - 61 - 62 - 63 - 64 - 65 - 67 - 68 - 69 - 71 - 72 - 75 - 76 - 78 - 80 - 84 - 86 - 87 - 90 - 91 - 94 - 95 - 96 - 97 - 98 - 99 - 100 - 103 - 105 - 107 - 108 - 109 - 110 - 111 - 113 - 114 - 115 - 116 - 118 - 120 - 123 - 124 - 125 - 128 - 129 - 131 - 132 - 135 - 137 - 140 - 142 - 144 - 145 - 146 - 147 - 148 - 150 - 151 - 152 - 154 - 155 - 158 - 159 - 160 - 163 - 164 - 165 - 166 - 167 - 170 - 174 - 175 - 178 - 179 - 180 - 181 - 182 - 183 - 184 - 185 - 186 - 187 - 188 - 189 - 190 - 192 - 193 - 195 - 197 - 200 - 203 - 204 - 210 - 211 - 212 - 214 - 215 - 216 - 217 - 218 - 221 - 225 - 228 - 229 - 230 - 231 - 233 - 235 - 237 - 238 - 239 - 241 - 242 - 246 - 248 - 250 - 254 - 255 - 257 - 258 - 259 - 262 - 263 - 266 - 267 - 268 - 269 - 270 - 272 - 274 - 275 - 276 - 277 - 280 - 281 - 283 - 284 - 288 - 289 - 290 - 292 - 294 - 295 - 297 - 299 - 300 - 301 - 302 - 303 - 305 - 306 - 307 - 309 - 311 - 312 - 313 - 316 - 318 - 322 - 323 - 324 - 325 - 327 - 328 - 329 - 331 - 333 - 335 - 337 - 338 - 343 - 344 - 347 - 349 - 354 - 355 - 356 - 360 - 362 - 363 - 364 - 365 - 366 - 369 - 370 - 371 - 372 - 373 - 374 - 375 - 377 - 379 - 380 - 382 - 384 - 385 - 387 - 388 - 389 - 390 - 392 - 393 - 397 - 400 - 402 - 404 - 405 - 406 - 409 - 411 - 413 - 414 - 415 - 416 - 418 - 419 - 420 - 421 - 422 - 424 - 426 - 427 - 428 - 429 - 430 - 432 - 434 - 435 - 437 - 438 - 440 - 441 - 442 - 445 - 446 - 448 - 450 - 454 - 456 - 458 - 460 - 463 - 464 - 466 - 468 - 469 - 470 - 472 - 473 - 474 - 476 - 477 - 480 - 481 - 485 - 488 - 490 - 492 - 494 - 495 - 496,20902077.8,0.0,98257,100637,55.11,Cost: 98257 & Capacity: 100637
0 - 2 - 4 - 9 - 10 - 11 - 12 - 13 - 15 - 16 - 17 - 20 - 21 - 28 - 35 - 36 - 37 - 38 - 42 - 44 - 45 - 50 - 51 - 53 - 54 - 56 - 58 - 60 - 61 - 62 - 63 - 64 - 65 - 67 - 68 - 69 - 71 - 72 - 75 - 76 - 78 - 80 - 84 - 86 - 87 - 90 - 91 - 94 - 95 - 96 - 97 - 98 - 99 - 100 - 103 - 105 - 107 - 108 - 109 - 110 - 111 - 113 - 114 - 115 - 116 - 118 - 120 - 123 - 124 - 125 - 128 - 129 - 131 - 132 - 135 - 136 - 137 - 140 - 142 - 144 - 145 - 146 - 147 - 148 - 150 - 151 - 152 - 154 - 155 - 158 - 159 - 160 - 163 - 164 - 166 - 167 - 170 - 174 - 175 - 178 - 179 - 180 - 181 - 182 - 183 - 184 - 185 - 186 - 187 - 188 - 189 - 190 - 192 - 193 - 195 - 197 - 200 - 203 - 204 - 210 - 211 - 212 - 214 - 215 - 216 - 217 - 218 - 221 - 225 - 228 - 229 - 230 - 231 - 233 - 234 - 235 - 237 - 238 - 239 - 241 - 242 - 246 - 248 - 250 - 254 - 255 - 257 - 258 - 259 - 262 - 266 - 267 - 268 - 269 - 270 - 272 - 274 - 275 - 276 - 277 - 280 - 281 - 283 - 284 - 288 - 289 - 290 - 292 - 294 - 295 - 297 - 299 - 300 - 301 - 302 - 303 - 305 - 306 - 307 - 309 - 311 - 312 - 313 - 316 - 318 - 321 - 322 - 323 - 324 - 325 - 327 - 328 - 329 - 331 - 333 - 337 - 338 - 343 - 344 - 347 - 349 - 354 - 355 - 356 - 360 - 362 - 363 - 364 - 365 - 366 - 369 - 370 - 371 - 372 - 373 - 374 - 375 - 377 - 379 - 380 - 382 - 384 - 385 - 387 - 388 - 389 - 390 - 392 - 393 - 397 - 400 - 402 - 404 - 405 - 406 - 409 - 411 - 413 - 414 - 415 - 416 - 418 - 419 - 420 - 421 - 422 - 424 - 426 - 427 - 428 - 429 - 430 - 432 - 434 - 435 - 436 - 437 - 438 - 440 - 441 - 442 - 445 - 446 - 448 - 450 - 454 - 456 - 460 - 463 - 464 - 468 - 469 - 470 - 471 - 472 - 474 - 476 - 477 - 480 - 481 - 485 - 487 - 488 - 490 - 492 - 494 - 495 - 496,20832183.7,0.0,98257,100621,56.35,Cost: 98257 & Capacity: 100621
0 - 2 - 4 - 9 - 10 - 11 - 12 - 13 - 15 - 16 - 17 - 20 - 21 - 28 - 34 - 36 - 37 - 38 - 42 - 44 - 45 - 50 - 51 - 53 - 54 - 56 - 58 - 59 - 60 - 61 - 62 - 63 - 64 - 65 - 67 - 68 - 69 - 71 - 72 - 75 - 76 - 78 - 80 - 84 - 86 - 87 - 90 - 91 - 94 - 95 - 96 - 97 - 98 - 99 - 100 - 103 - 105 - 107 - 108 - 109 - 110 - 111 - 113 - 114 - 115 - 116 - 118 - 120 - 123 - 124 - 125 - 128 - 129 - 131 - 132 - 135 - 137 - 140 - 142 - 144 - 145 - 146 - 147 - 148 - 150 - 151 - 152 - 154 - 155 - 158 - 159 - 160 - 163 - 164 - 165 - 166 - 167 - 170 - 174 - 175 - 178 - 179 - 180 - 181 - 182 - 183 - 184 - 185 - 186 - 187 - 188 - 189 - 190 - 192 - 193 - 195 - 197 - 200 - 203 - 204 - 210 - 211 - 212 - 214 - 215 - 216 - 217 - 218 - 221 - 225 - 228 - 229 - 230 - 231 - 233 - 235 - 237 - 238 - 239 - 241 - 242 - 246 - 248 - 250 - 254 - 255 - 257 - 258 - 259 - 262 - 263 - 266 - 267 - 268 - 269 - 270 - 272 - 274 - 275 - 276 - 277 - 280 - 281 - 283 - 284 - 288 - 289 - 290 - 292 - 294 - 295 - 297 - 299 - 300 - 301 - 302 - 303 - 305 - 306 - 307 - 309 - 311 - 312 - 313 - 316 - 318 - 322 - 323 - 324 - 325 - 327 - 328 - 329 - 331 - 333 - 335 - 337 - 338 - 343 - 344 - 347 - 349 - 354 - 355 - 356 - 360 - 362 - 363 - 364 - 365 - 366 - 369 - 370 - 371 - 372 - 373 - 374 - 375 - 377 - 379 - 380 - 382 - 384 - 385 - 387 - 388 - 389 - 390 - 392 - 393 - 397 - 400 - 402 - 404 - 405 - 406 - 409 - 411 - 413 - 414 - 415 - 416 - 418 - 419 - 420 - 421 - 422 - 424 - 426 - 427 - 428 - 429 - 430 - 432 - 434 - 435 - 437 - 438 - 440 - 441 - 442 - 445 - 446 - 448 - 450 - 454 - 456 - 458 - 460 - 463 - 464 - 466 - 468 - 469 - 470 - 472 - 473 - 474 - 476 - 477 - 480 - 481 - 485 - 488 - 490 - 492 - 494 - 495 - 496,20902077.8,0.0,98257,100637,56.68,Cost: 98257 & Capacity: 100637
0 - 2 - 4 - 9 - 10 - 11 - 12 - 13 - 15 - 16 - 17 - 20 - 21 - 28 - 34 - 36 - 37 - 38 - 42 - 44 - 45 - 50 - 51 - 53 - 54 - 56 - 58 - 59 - 60 - 61 - 62 - 63 - 64 - 65 - 67 - 68 - 69 - 71 - 72 - 75 - 76 - 78 - 80 - 84 - 86 - 87 - 90 - 91 - 94 - 95 - 96 - 97 - 98 - 99 - 100 - 103 - 105 - 107 - 108 - 109 - 110 - 111 - 113 - 114 - 115 - 116 - 118 - 120 - 123 - 124 - 125 - 128 - 129 - 131 - 132 - 135 - 137 - 140 - 142 - 144 - 145 - 146 - 147 - 148 - 150 - 151 - 152 - 154 - 155 - 158 - 159 - 160 - 163 - 164 - 165 - 166 - 167 - 170 - 174 - 175 - 178 - 179 - 180 - 181 - 182 - 183 - 184 - 185 - 186 - 187 - 188 - 189 - 190 - 192 - 193 - 195 - 197 - 200 - 203 - 204 - 210 - 211 - 212 - 214 - 215 - 216 - 217 - 218 - 221 - 225 - 228 - 229 - 230 - 231 - 233 - 235 - 237 - 238 - 239 - 241 - 242 - 246 - 248 - 250 - 254 - 255 - 257 - 258 - 259 - 262 - 263 - 266 - 267 - 268 - 269 - 270 - 272 - 274 - 275 - 276 - 277 - 280 - 281 - 283 - 284 - 288 - 289 - 290 - 292 - 294 - 295 - 297 - 299 - 300 - 301 - 302 - 303 - 305 - 306 - 307 - 309 - 311 - 312 - 313 - 316 - 318 - 322 - 323 - 324 - 325 - 327 - 328 - 329 - 331 - 333 - 335 - 337 - 338 - 343 - 344 - 347 - 349 - 354 - 355 - 356 - 360 - 362 - 363 - 364 - 365 - 366 - 369 - 370 - 371 - 372 - 373 - 374 - 375 - 377 - 379 - 380 - 382 - 384 - 385 - 387 - 388 - 389 - 390 - 392 - 393 - 397 - 400 - 402 - 404 - 405 - 406 - 409 - 411 - 413 - 414 - 415 - 416 - 418 - 419 - 420 - 421 - 422 - 424 - 426 - 427 - 428 - 429 - 430 - 432 - 434 - 435 - 437 - 438 - 440 - 441 - 442 - 445 - 446 - 448 - 450 - 454 - 456 - 458 - 460 - 463 - 464 - 466 - 468 - 469 - 470 - 472 - 473 - 474 - 476 - 477 - 480 - 481 - 485 - 488 - 490 - 492 - 494 - 495 - 496,20902077.8,0.0,98257,100637,57.55,Cost: 98257 & Capacity: 100637
0 - 2 - 4 - 9 - 10 - 11 - 12 - 13 - 15 - 16 - 17 - 20 - 21 - 28 - 34 - 36 - 37 - 38 - 42 - 44 - 45 - 50 - 51 - 53 - 54 - 56 - 58 - 59 - 60 - 61 - 62 - 63 - 64 - 65 - 67 - 68 - 69 - 71 - 72 - 75 - 76 - 78 - 80 - 84 - 86 - 87 - 90 - 91 - 94 - 95 - 96 - 97 - 98 - 99 - 100 - 103 - 105 - 107 - 108 - 109 - 110 - 111 - 113 - 114 - 115 - 116 - 118 - 120 - 123 - 124 - 125 - 128 - 129 - 131 - 132 - 135 - 137 - 140 - 142 - 144 - 145 - 146 - 147 - 148 - 150 - 151 - 152 - 154 - 155 - 158 - 159 - 160 - 163 - 164 - 165 - 166 - 167 - 170 - 174 - 175 - 178 - 179 - 180 - 181 - 182 - 183 - 184 - 185 - 186 - 187 - 188 - 189 - 190 - 192 - 193 - 195 - 197 - 200 - 203 - 204 - 210 - 211 - 212 - 214 - 215 - 216 - 217 - 218 - 221 - 225 - 228 - 229 - 230 - 231 - 233 - 235 - 237 - 238 - 239 - 241 - 242 - 246 - 248 - 250 - 254 - 255 - 257 - 258 - 259 - 262 - 263 - 266 - 267 - 268 - 269 - 270 - 272 - 274 - 275 - 276 - 277 - 280 - 281 - 283 - 284 - 288 - 289 - 290 - 292 - 294 - 295 - 297 - 299 - 300 - 301 - 302 - 303 - 305 - 306 - 307 - 309 - 311 - 312 - 313 - 316 - 318 - 322 - 323 - 324 - 325 - 327 - 328 - 329 - 331 - 333 - 335 - 337 - 338 - 343 - 344 - 347 - 349 - 354 - 355 - 356 - 360 - 362 - 363 - 364 - 365 - 366 - 369 - 370 - 371 - 372 - 373 - 374 - 375 - 377 - 379 - 380 - 382 - 384 - 385 - 387 - 388 - 389 - 390 - 392 - 393 - 397 - 400 - 402 - 404 - 405 - 406 - 409 - 411 - 413 - 414 - 415 - 416 - 418 - 419 - 420 - 421 - 422 - 424 - 426 - 427 - 428 - 429 - 430 - 432 - 434 - 435 - 437 - 438 - 440 - 441 - 442 - 445 - 446 - 448 - 450 - 454 - 456 - 458 - 460 - 463 - 464 - 466 - 468 - 469 - 470 - 472 - 473 - 474 - 476 - 477 - 480 - 481 - 485 - 488 - 490 - 492 - 494 - 495 - 496,20902077.8,0.0,98257,100637,59.84,Cost: 98257 & Capacity: 100637
0 - 2 - 4 - 9 - 10 - 11 - 12 - 13 - 15 - 16 - 17 - 20 - 21 - 28 - 34 - 36 - 37 - 38 - 42 - 44 - 45 - 50 - 51 - 53 - 54 - 56 - 58 - 59 - 60 - 61 - 62 - 63 - 64 - 65 - 67 - 68 - 69 - 71 - 72 - 75 - 76 - 78 - 80 - 84 - 86 - 87 - 90 - 91 - 94 - 95 - 96 - 97 - 98 - 99 - 100 - 103 - 105 - 107 - 108 - 109 - 110 - 111 - 113 - 114 - 115 - 116 - 118 - 120 - 123 - 124 - 125 - 128 - 129 - 131 - 132 - 135 - 137 - 140 - 142 - 144 - 145 - 146 - 147 - 148 - 150 - 151 - 152 - 154 - 155 - 158 - 159 - 160 - 163 - 164 - 165 - 166 - 167 - 170 - 174 - 175 - 178 - 179 - 180 - 181 - 182 - 183 - 184 - 185 - 186 - 187 - 188 - 189 - 190 - 192 - 193 - 195 - 197 - 200 - 203 - 204 - 210 - 211 - 212 - 214 - 215 - 216 - 217 - 218 - 221 - 225 - 228 - 229 - 230 - 231 - 233 - 235 - 237 - 238 - 239 - 241 - 242 - 246 - 248 - 250 - 254 - 255 - 257 - 258 - 259 - 262 - 263 - 266 - 267 - 268 - 269 - 270 - 272 - 274 - 275 - 276 - 277 - 280 - 281 - 283 - 284 - 288 - 289 - 290 - 292 - 294 - 295 - 297 - 299 - 300 - 301 - 302 - 303 - 305 - 306 - 307 - 309 - 311 - 312 - 313 - 316 - 318 - 322 - 323 - 324 - 325 - 327 - 328 - 329 - 331 - 333 - 335 - 337 - 338 - 343 - 344 - 347 - 349 - 354 - 355 - 356 - 360 - 362 - 363 - 364 - 365 - 366 - 369 - 370 - 371 - 372 - 373 - 374 - 375 - 377 - 379 - 380 - 382 - 384 - 385 - 387 - 388 - 389 - 390 - 392 - 393 - 397 - 400 - 402 - 404 - 405 - 406 - 409 - 411 - 413 - 414 - 415 - 416 - 418 - 419 - 420 - 421 - 422 - 424 - 426 - 427 - 428 - 429 - 430 - 432 - 434 - 435 - 437 - 438 - 440 - 441 - 442 - 445 - 446 - 448 - 450 - 454 - 456 - 458 - 460 - 463 - 464 - 466 - 468 - 469 - 470 - 472 - 473 - 474 - 476 - 477 - 480 - 481 - 485 - 488 - 490 - 492 - 494 - 495 - 496,20902077.8,0.0,98257,100637,60.54,Cost: 98257 & Capacity: 100637
0 - 2 - 4 - 9 - 10 - 12 - 13 - 15 - 16 - 17 - 20 - 21 - 28 - 34 - 36 - 37 - 38 - 42 - 43 - 44 - 45 - 50 - 51 - 53 - 54 - 56 - 58 - 59 - 60 - 61 - 62 - 63 - 64 - 65 - 67 - 68 - 69 - 71 - 72 - 75 - 76 - 78 - 80 - 84 - 86 - 87 - 90 - 91 - 94 - 95 - 96 - 97 - 98 - 99 - 100 - 103 - 105 - 107 - 108 - 109 - 110 - 111 - 114 - 115 - 116 - 118 - 120 - 123 - 124 - 125 - 128 - 129 - 131 - 132 - 135 - 137 - 140 - 142 - 144 - 145 - 146 - 147 - 148 - 150 - 151 - 152 - 154 - 155 - 158 - 159 - 160 - 163 - 164 - 165 - 166 - 167 - 170 - 174 - 175 - 178 - 179 - 180 - 181 - 182 - 183 - 184 - 185 - 186 - 187 - 188 - 189 - 190 - 192 - 193 - 195 - 197 - 200 - 203 - 204 - 210 - 211 - 212 - 214 - 215 - 216 - 217 - 218 - 221 - 225 - 228 - 229 - 230 - 231 - 233 - 235 - 237 - 238 - 239 - 241 - 242 - 246 - 248 - 250 - 254 - 255 - 257 - 258 - 259 - 262 - 263 - 266 - 267 - 268 - 269 - 270 - 272 - 274 - 275 - 276 - 277 - 280 - 281 - 283 - 284 - 288 - 289 - 290 - 292 - 294 - 295 - 297 - 299 - 300 - 301 - 302 - 303 - 305 - 306 - 307 - 309 - 311 - 312 - 313 - 316 - 318 - 322 - 323 - 324 - 325 - 327 - 328 - 329 - 331 - 333 - 335 - 337 - 338 - 343 - 344 - 347 - 349 - 354 - 355 - 356 - 360 - 362 - 363 - 364 - 365 - 366 - 369 - 370 - 371 - 372 - 373 - 374 - 375 - 377 - 379 - 380 - 382 - 384 - 385 - 387 - 388 - 389 - 390 - 392 - 393 - 397 - 400 - 402 - 404 - 405 - 406 - 409 - 411 - 413 - 414 - 415 - 416 - 418 - 419 - 420 - 421 - 422 - 424 - 426 - 427 - 428 - 429 - 430 - 432 - 434 - 435 - 437 - 438 - 440 - 441 - 442 - 445 - 446 - 448 - 450 - 454 - 456 - 458 - 460 - 463 - 464 - 466 - 468 - 469 - 470 - 471 - 472 - 473 - 474 - 476 - 477 - 480 - 481 - 485 - 488 - 490 - 492 - 494 - 495 - 496,20886288.2,0.0,98263,100577,60.91,Cost: 98263 & Capacity: 100577
0 - 2 - 4 - 9 - 10 - 11 - 12 - 13 - 15 - 16 - 17 - 20 - 21 - 28 - 34 - 36 - 37 - 38 - 42 - 44 - 45 - 50 - 51 - 53 - 54 - 56 - 58 - 59 - 60 - 61 - 62 - 63 - 64 - 65 - 67 - 68 - 69 - 71 - 72 - 75 - 76 - 78 - 80 - 84 - 86 - 87 - 90 - 91 - 94 - 95 - 96 - 97 - 98 - 99 - 100 - 103 - 105 - 107 - 108 - 109 - 110 - 111 - 113 - 114 - 115 - 116 - 118 - 120 - 123 - 124 - 125 - 128 - 129 - 131 - 132 - 135 - 137 - 140 - 142 - 144 - 145 - 146 - 147 - 148 - 150 - 151 - 152 - 154 - 155 - 158 - 159 - 160 - 163 - 164 - 165 - 166 - 167 - 170 - 174 - 175 - 178 - 179 - 180 - 181 - 182 - 183 - 184 - 185 - 186 - 187 - 188 - 189 - 190 - 192 - 193 - 195 - 197 - 200 - 203 - 204 - 210 - 211 - 212 - 214 - 215 - 216 - 217 - 218 - 221 - 225 - 228 - 229 - 230 - 231 - 233 - 235 - 237 - 238 - 239 - 241 - 242 - 246 - 248 - 250 - 254 - 255 - 257 - 258 - 259 - 262 - 263 - 266 - 267 - 268 - 269 - 270 - 272 - 274 - 275 - 276 - 277 - 280 - 281 - 283 - 284 - 288 - 289 - 290 - 292 - 294 - 295 - 297 - 299 - 300 - 301 - 302 - 303 - 305 - 306 - 307 - 309 - 311 - 312 - 313 - 316 - 318 - 322 - 323 - 324 - 325 - 327 - 328 - 329 - 331 - 333 - 335 - 337 - 338 - 343 - 344 - 347 - 349 - 354 - 355 - 356 - 360 - 362 - 363 - 364 - 365 - 366 - 369 - 370 - 371 - 372 - 373 - 374 - 375 - 377 - 379 - 380 - 382 - 384 - 385 - 387 - 388 - 389 - 390 - 392 - 393 - 397 - 400 - 402 - 404 - 405 - 406 - 409 - 411 - 413 - 414 - 415 - 416 - 418 - 419 - 420 - 421 - 422 - 424 - 426 - 427 - 428 - 429 - 430 - 432 - 434 - 435 - 437 - 438 - 440 - 441 - 442 - 445 - 446 - 448 - 450 - 454 - 456 - 458 - 460 - 463 - 464 - 466 - 468 - 469 - 470 - 472 - 473 - 474 - 476 - 477 - 480 - 481 - 485 - 488 - 490 - 492 - 494 - 495 - 496,20902077.8,0.0,98257,100637,60.95,Cost: 98257 & Capacity: 100637
0 - 3 - 5 - 13 - 14 - 20 - 21 - 37 - 40 - 45 - 46 - 52 - 53 - 54 - 56 - 57 - 61 - 62 - 64 - 67 - 68 - 69 - 72 - 74 - 75 - 77 - 81 - 85 - 86 - 88 - 91 - 95 - 99 - 100 - 110 - 115 - 118 - 120 - 123 - 124 - 128 - 132 - 140 - 142 - 144 - 146 - 147 - 150 - 152 - 153 - 158 - 160 - 164 - 166 - 170 - 172 - 176 - 180 - 181 - 184 - 186 - 187 - 188 - 192 - 195 - 201 - 202 - 207 - 209 - 211 - 212 - 214 - 217 - 218 - 219 - 223 - 227 - 233 - 235 - 246 - 247 - 249 - 252 - 259 - 263 - 264 - 266 - 267 - 268 - 271 - 273 - 277 - 282 - 283 - 284 - 287 - 288 - 290 - 292 - 294 - 295 - 297 - 298 - 300 - 306 - 308 - 315 - 321 - 322 - 323 - 328 - 330 - 331 - 335 - 336 - 338 - 340 - 341 - 344 - 345 - 355 - 356 - 361 - 362 - 364 - 366 - 368 - 370 - 372 - 373 - 381 - 382 - 384 - 385 - 390 - 393 - 395 - 399 - 400 - 401 - 403 - 405 - 407 - 410 - 412 - 413 - 414 - 416 - 423 - 425 - 427 - 428 - 429 - 435 - 438 - 440 - 442 - 444 - 449 - 450 - 454 - 457 - 458 - 459 - 460 - 465 - 466 - 470 - 472 - 474 - 476 - 477 - 478 - 485 - 489 - 494 - 496 - 497 - 499,8179663.9,9.9,96739,84101,61.75,Cost: 96739 & Capacity: 84101
0 - 4 - 9 - 10 - 11 - 12 - 13 - 16 - 21 - 25 - 37 - 38 - 39 - 44 - 45 - 50 - 51 - 53 - 54 - 60 - 62 - 63 - 64 - 65 - 68 - 69 - 71 - 72 - 75 - 79 - 80 - 81 - 84 - 86 - 87 - 88 - 90 - 91 - 94 - 95 - 98 - 99 - 100 - 105 - 107 - 108 - 110 - 111 - 113 - 114 - 115 - 116 - 118 - 120 - 123 - 124 - 126 - 127 - 128 - 132 - 135 - 137 - 139 - 140 - 142 - 144 - 145 - 146 - 147 - 149 - 150 - 152 - 154 - 156 - 158 - 159 - 160 - 161 - 162 - 163 - 164 - 166 - 170 - 171 - 174 - 178 - 179 - 181 - 185 - 187 - 188 - 189 - 190 - 192 - 193 - 195 - 197 - 201 - 204 - 209 - 210 - 211 - 212 - 215 - 217 - 219 - 221 - 223 - 225 - 230 - 231 - 233 - 235 - 237 - 238 - 246 - 247 - 252 - 254 - 255 - 257 - 258 - 259 - 262 - 266 - 267 - 269 - 270 - 271 - 272 - 273 - 277 - 281 - 283 - 284 - 288 - 289 - 290 - 292 - 294 - 297 - 298 - 300 - 301 - 302 - 303 - 305 - 306 - 312 - 313 - 314 - 315 - 316 - 317 - 318 - 322 - 323 - 324 - 325 - 326 - 328 - 331 - 333 - 336 - 337 - 338 - 341 - 342 - 347 - 356 - 360 - 362 - 363 - 366 - 370 - 371 - 372 - 374 - 375 - 377 - 382 - 383 - 388 - 389 - 390 - 392 - 393 - 395 - 397 - 398 - 400 - 401 - 403 - 404 - 406 - 407 - 409 - 410 - 411 - 415 - 416 - 418 - 419 - 420 - 423 - 424 - 426 - 427 - 428 - 429 - 430 - 432 - 434 - 435 - 436 - 437 - 438 - 441 - 442 - 445 - 450 - 454 - 456 - 459 - 460 - 464 - 465 - 468 - 470 - 471 - 472 - 474 - 476 - 477 - 478 - 480 - 481 - 485 - 488 - 492 - 494 - 495 - 496 - 497 - 499,15089427.4,3.0,98264,93012,63.36,Cost: 98264 & Capacity: 93012
0 - 2 - 4 - 9 - 10 - 11 - 12 - 13 - 15 - 16 - 17 - 20 - 21 - 28 - 34 - 36 - 37 - 38 - 42 - 44 - 45 - 50 - 51 - 53 - 54 - 56 - 58 - 59 - 60 - 61 - 62 - 63 - 64 - 65 - 67 - 68 - 69 - 71 - 72 - 75 - 76 - 78 - 80 - 84 - 86 - 87 - 90 - 91 - 94 - 95 - 96 - 97 - 98 - 99 - 100 - 103 - 105 - 107 - 108 - 109 - 110 - 111 - 113 - 114 - 115 - 116 - 118 - 120 - 123 - 124 - 125 - 128 - 129 - 131 - 132 - 135 - 137 - 140 - 142 - 144 - 145 - 146 - 147 - 148 - 150 - 151 - 152 - 154 - 155 - 158 - 159 - 160 - 163 - 164 - 165 - 166 - 167 - 170 - 174 - 175 - 178 - 179 - 180 - 181 - 182 - 183 - 184 - 185 - 186 - 187 - 188 - 189 - 190 - 192 - 193 - 195 - 197 - 200 - 203 - 204 - 210 - 211 - 212 - 214 - 215 - 216 - 217 - 218 - 221 - 225 - 228 - 229 - 230 - 231 - 233 - 235 - 237 - 238 - 239 - 241 - 242 - 246 - 248 - 250 - 254 - 255 - 257 - 258 - 259 - 262 - 263 - 266 - 267 - 268 - 269 - 270 - 272 - 274 - 275 - 276 - 277 - 280 - 281 - 283 - 284 - 288 - 289 - 290 - 292 - 294 - 295 - 297 - 299 - 300 - 301 - 302 - 303 - 305 - 306 - 307 - 309 - 311 - 312 - 313 - 316 - 318 - 322 - 323 - 324 - 325 - 327 - 328 - 329 - 331 - 333 - 335 - 337 - 338 - 343 - 344 - 347 - 349 - 354 - 355 - 356 - 360 - 362 - 363 - 364 - 365 - 366 - 369 - 370 - 371 - 372 - 373 - 374 - 375 - 377 - 379 - 380 - 382 - 384 - 385 - 387 - 388 - 389 - 390 - 392 - 393 - 397 - 400 - 402 - 404 - 405 - 406 - 409 - 411 - 413 - 414 - 415 - 416 - 418 - 419 - 420 - 421 - 422 - 424 - 426 - 427 - 428 - 429 - 430 - 432 - 434 - 435 - 437 - 438 - 440 - 441 - 442 - 445 - 446 - 448 - 450 - 454 - 456 - 458 - 460 - 463 - 464 - 466 - 468 - 469 - 470 - 472 - 473 - 474 - 476 - 477 - 480 - 481 - 485 - 488 - 490 - 492 - 494 - 495 - 496,20902077.8,0.0,98257,100637,64.42,Cost: 98257 & Capacity: 100637
0 - 2 - 4 - 9 - 10 - 11 - 12 - 13 - 15 - 16 - 17 - 20 - 21 - 28 - 34 - 36 - 37 - 38 - 42 - 44 - 45 - 50 - 51 - 53 - 54 - 56 - 58 - 59 - 60 - 61 - 62 - 63 - 64 - 65 - 67 - 68 - 69 - 71 - 72 - 75 - 76 - 78 - 80 - 84 - 86 - 87 - 90 - 91 - 94 - 95 - 96 - 97 - 98 - 99 - 100 - 103 - 105 - 107 - 108 - 109 - 110 - 111 - 113 - 114 - 115 - 116 - 118 - 120 - 123 - 124 - 125 - 128 - 129 - 131 - 132 - 135 - 137 - 140 - 142 - 144 - 145 - 146 - 147 - 148 - 150 - 151 - 152 - 154 - 155 - 158 - 159 - 160 - 163 - 164 - 165 - 166 - 167 - 170 - 174 - 175 - 178 - 179 - 180 - 181 - 182 - 183 - 184 - 185 - 186 - 187 - 188 - 189 - 190 - 192 - 193 - 195 - 197 - 200 - 203 - 204 - 210 - 211 - 212 - 214 - 215 - 216 - 217 - 218 - 221 - 225 - 228 - 229 - 230 - 231 - 233 - 235 - 237 - 238 - 239 - 241 - 242 - 246 - 248 - 250 - 254 - 255 - 257 - 258 - 259 - 262 - 263 - 266 - 267 - 268 - 269 - 270 - 272 - 274 - 275 - 276 - 277 - 280 - 281 - 283 - 284 - 288 - 289 - 290 - 292 - 294 - 295 - 297 - 299 - 300 - 301 - 302 - 303 - 305 - 306 - 307 - 309 - 311 - 312 - 313 - 316 - 318 - 322 - 323 - 324 - 325 - 327 - 328 - 329 - 331 - 333 - 335 - 337 - 338 - 343 - 344 - 347 - 349 - 354 - 355 - 356 - 360 - 362 - 363 - 364 - 365 - 366 - 369 - 370 - 371 - 372 - 373 - 374 - 375 - 377 - 379 - 380 - 382 - 384 - 385 - 387 - 388 - 389 - 390 - 392 - 393 - 397 - 400 - 402 - 404 - 405 - 406 - 409 - 411 - 413 - 414 - 415 - 416 - 418 - 419 - 420 - 421 - 422 - 424 - 426 - 427 - 428 - 429 - 430 - 432 - 434 - 435 - 437 - 438 - 440 - 441 - 442 - 445 - 446 - 448 - 450 - 454 - 456 - 458 - 460 - 463 - 464 - 466 - 468 - 469 - 470 - 472 - 473 - 474 - 476 - 477 - 480 - 481 - 485 - 488 - 490 - 492 - 494 - 495 - 496,20902077.8,0.0,98257,100637,64.98,Cost: 98257 & Capacity: 100637
0 - 4 - 14 - 15 - 29 - 35 - 39 - 40 - 42 - 44 - 47 - 48 - 49 - 50 - 54 - 55 - 58 - 60 - 61 - 62 - 66 - 69 - 79 - 81 - 87 - 89 - 91 - 94 - 95 - 99 - 104 - 107 - 109 - 111 - 113 - 116 - 126 - 128 - 129 - 133 - 134 - 135 - 136 - 137 - 144 - 146 - 147 - 149 - 153 - 156 - 157 - 160 - 161 - 162 - 164 - 166 - 167 - 168 - 169 - 170 - 172 - 175 - 179 - 184 - 185 - 186 - 187 - 188 - 194 - 195 - 201 - 207 - 208 - 210 - 216 - 218 - 221 - 225 - 227 - 228 - 229 - 230 - 231 - 233 - 237 - 246 - 248 - 252 - 253 - 254 - 258 - 261 - 262 - 263 - 265 - 266 - 271 - 272 - 273 - 275 - 276 - 277 - 281 - 284 - 285 - 289 - 292 - 299 - 301 - 306 - 308 - 312 - 313 - 317 - 319 - 320 - 323 - 326 - 327 - 336 - 337 - 338 - 340 - 343 - 351 - 353 - 354 - 357 - 360 - 364 - 366 - 369 - 370 - 371 - 372 - 382 - 386 - 388 - 389 - 392 - 397 - 398 - 400 - 403 - 404 - 409 - 411 - 415 - 416 - 419 - 429 - 430 - 432 - 433 - 437 - 438 - 440 - 442 - 449 - 450 - 451 - 454 - 459 - 463 - 470 - 476 - 477 - 479 - 480 - 493 - 494 - 498 - 499,7634346.0,10.2,98172,80991,65.21,Cost: 98172 & Capacity: 80991
2 - 18 - 22 - 25 - 35 - 36 - 40 - 42 - 44 - 47 - 54 - 61 - 63 - 72 - 75 - 79 - 83 - 88 - 95 - 98 - 104 - 107 - 108 - 110 - 113 - 115 - 119 - 122 - 123 - 127 - 133 - 134 - 136 - 137 - 139 - 144 - 145 - 147 - 150 - 156 - 157 - 158 - 163 - 164 - 166 - 179 - 184 - 187 - 194 - 202 - 207 - 209 - 217 - 223 - 224 - 225 - 227 - 231 - 238 - 243 - 246 - 247 - 249 - 263 - 265 - 266 - 275 - 276 - 277 - 279 - 284 - 285 - 287 - 289 - 292 - 298 - 303 - 307 - 308 - 312 - 316 - 321 - 323 - 328 - 334 - 335 - 336 - 337 - 338 - 342 - 349 - 350 - 351 - 357 - 359 - 361 - 362 - 364 - 366 - 369 - 372 - 373 - 375 - 378 - 383 - 386 - 387 - 389 - 390 - 391 - 392 - 398 - 403 - 410 - 413 - 415 - 419 - 421 - 423 - 433 - 435 - 437 - 440 - 441 - 442 - 443 - 444 - 448 - 449 - 450 - 451 - 454 - 458 - 459 - 464 - 470 - 475 - 476 - 477 - 480 - 482 - 485 - 489 - 492 - 493 - 494,5443369.9,14.7,98261,82542,66.58,Cost: 98261 & Capacity: 82542
2 - 18 - 22 - 25 - 35 - 36 - 40 - 42 - 43 - 44 - 47 - 54 - 61 - 63 - 72 - 75 - 79 - 88 - 95 - 97 - 98 - 104 - 107 - 108 - 110 - 113 - 115 - 119 - 122 - 123 - 127 - 133 - 134 - 136 - 139 - 143 - 144 - 145 - 150 - 156 - 157 - 158 - 163 - 164 - 166 - 179 - 184 - 187 - 194 - 202 - 207 - 209 - 217 - 223 - 224 - 225 - 227 - 231 - 238 - 243 - 246 - 247 - 249 - 262 - 263 - 266 - 275 - 276 - 277 - 279 - 284 - 285 - 287 - 289 - 292 - 298 - 303 - 307 - 308 - 312 - 316 - 321 - 322 - 323 - 328 - 334 - 336 - 337 - 338 - 342 - 349 - 350 - 351 - 357 - 359 - 361 - 362 - 364 - 366 - 369 - 372 - 373 - 375 - 378 - 381 - 383 - 386 - 387 - 390 - 391 - 392 - 398 - 401 - 403 - 408 - 410 - 413 - 415 - 419 - 421 - 423 - 433 - 440 - 441 - 442 - 443 - 444 - 448 - 449 - 450 - 451 - 454 - 458 - 459 - 464 - 470 - 475 - 476 - 477 - 480 - 482 - 485 - 489 - 492 - 493 - 494,5445499.9,14.6,98212,82882,66.61,Cost: 98212 & Capacity: 82882
0 - 4 - 5 - 12 - 13 - 16 - 21 - 25 - 29 - 44 - 45 - 50 - 51 - 53 - 54 - 58 - 60 - 62 - 64 - 67 - 68 - 69 - 72 - 75 - 79 - 80 - 81 - 84 - 86 - 87 - 91 - 92 - 94 - 95 - 98 - 99 - 100 - 107 - 108 - 110 - 111 - 114 - 115 - 116 - 118 - 124 - 126 - 127 - 128 - 132 - 136 - 137 - 142 - 144 - 145 - 146 - 147 - 149 - 150 - 154 - 158 - 159 - 161 - 163 - 164 - 166 - 167 - 171 - 176 - 178 - 179 - 181 - 183 - 184 - 185 - 186 - 187 - 188 - 189 - 190 - 192 - 194 - 195 - 201 - 203 - 204 - 207 - 211 - 212 - 217 - 218 - 221 - 223 - 225 - 230 - 231 - 232 - 233 - 234 - 235 - 238 - 246 - 247 - 254 - 255 - 256 - 257 - 261 - 262 - 266 - 267 - 269 - 271 - 273 - 275 - 277 - 283 - 284 - 285 - 287 - 288 - 290 - 292 - 294 - 297 - 298 - 300 - 302 - 303 - 304 - 305 - 306 - 307 - 308 - 312 - 313 - 315 - 316 - 317 - 320 - 322 - 323 - 324 - 325 - 328 - 331 - 333 - 336 - 337 - 338 - 341 - 344 - 345 - 347 - 350 - 362 - 366 - 370 - 371 - 372 - 374 - 375 - 377 - 381 - 382 - 383 - 385 - 387 - 388 - 389 - 390 - 392 - 393 - 394 - 395 - 397 - 399 - 400 - 403 - 404 - 406 - 407 - 409 - 410 - 411 - 416 - 418 - 419 - 427 - 428 - 429 - 430 - 432 - 434 - 435 - 436 - 437 - 438 - 441 - 442 - 454 - 459 - 460 - 464 - 465 - 468 - 470 - 471 - 472 - 474 - 476 - 477 - 478 - 480 - 485 - 488 - 489 - 490 - 491 - 492 - 494 - 496 - 497 - 499,12710946.5,5.7,98172,89525,66.8,Cost: 98172 & Capacity: 89525
0 - 2 - 4 - 9 - 10 - 12 - 13 - 15 - 16 - 17 - 20 - 21 - 28 - 34 - 36 - 37 - 38 - 42 - 43 - 44 - 45 - 50 - 51 - 53 - 54 - 56 - 58 - 59 - 60 - 61 - 62 - 63 - 64 - 65 - 67 - 68 - 69 - 71 - 72 - 75 - 76 - 78 - 80 - 84 - 86 - 87 - 90 - 91 - 94 - 95 - 96 - 97 - 98 - 99 - 100 - 103 - 105 - 107 - 108 - 109 - 110 - 111 - 114 - 115 - 116 - 118 - 120 - 123 - 124 - 125 - 128 - 129 - 131 - 132 - 135 - 137 - 140 - 142 - 144 - 145 - 146 - 147 - 148 - 150 - 151 - 152 - 154 - 155 - 158 - 159 - 160 - 163 - 164 - 165 - 166 - 167 - 170 - 174 - 175 - 178 - 179 - 180 - 181 - 182 - 183 - 184 - 185 - 186 - 187 - 188 - 189 - 190 - 192 - 193 - 195 - 197 - 200 - 203 - 204 - 210 - 211 - 212 - 214 - 215 - 216 - 217 - 218 - 221 - 225 - 228 - 229 - 230 - 231 - 233 - 235 - 237 - 238 - 239 - 241 - 242 - 246 - 248 - 250 - 254 - 255 - 257 - 258 - 259 - 262 - 263 - 266 - 267 - 268 - 269 - 270 - 272 - 274 - 275 - 276 - 277 - 280 - 281 - 283 - 284 - 288 - 289 - 290 - 292 - 294 - 295 - 297 - 299 - 300 - 301 - 302 - 303 - 305 - 306 - 307 - 309 - 311 - 312 - 313 - 316 - 318 - 322 - 323 - 324 - 325 - 327 - 328 - 329 - 331 - 333 - 335 - 337 - 338 - 343 - 344 - 347 - 349 - 354 - 355 - 356 - 360 - 362 - 363 - 364 - 365 - 366 - 369 - 370 - 371 - 372 - 373 - 374 - 375 - 377 - 379 - 380 - 382 - 384 - 385 - 387 - 388 - 389 - 390 - 392 - 393 - 397 - 400 - 402 - 404 - 405 - 406 - 409 - 411 - 413 - 414 - 415 - 416 - 418 - 419 - 420 - 421 - 422 - 424 - 426 - 427 - 428 - 429 - 430 - 432 - 434 - 435 - 437 - 438 - 440 - 441 - 442 - 445 - 446 - 448 - 450 - 454 - 456 - 458 - 460 - 463 - 464 - 466 - 468 - 469 - 470 - 471 - 472 - 473 - 474 - 476 - 477 - 480 - 481 - 485 - 488 - 490 - 492 - 494 - 495 - 496,20886288.2,0.0,98263,100577,67.66,Cost: 98263 & Capacity: 100577
0 - 2 - 4 - 9 - 10 - 11 - 12 - 13 - 15 - 16 - 17 - 20 - 21 - 28 - 34 - 36 - 37 - 38 - 42 - 44 - 45 - 50 - 51 - 53 - 54 - 56 - 58 - 59 - 60 - 61 - 62 - 63 - 64 - 65 - 67 - 68 - 69 - 71 - 72 - 75 - 76 - 78 - 80 - 84 - 86 - 87 - 90 - 91 - 94 - 95 - 96 - 97 - 98 - 99 - 100 - 103 - 105 - 107 - 108 - 109 - 110 - 111 - 113 - 114 - 115 - 116 - 118 - 120 - 123 - 124 - 125 - 128 - 129 - 131 - 132 - 135 - 137 - 140 - 142 - 144 - 145 - 146 - 147 - 148 - 150 - 151 - 152 - 154 - 155 - 158 - 159 - 160 - 163 - 164 - 165 - 166 - 167 - 170 - 174 - 175 - 178 - 179 - 180 - 181 - 182 - 183 - 184 - 185 - 186 - 187 - 188 - 189 - 190 - 192 - 193 - 195 - 197 - 200 - 203 - 204 - 210 - 211 - 212 - 214 - 215 - 216 - 217 - 218 - 221 - 225 - 228 - 229 - 230 - 231 - 233 - 235 - 237 - 238 - 239 - 241 - 242 - 246 - 248 - 250 - 254 - 255 - 257 - 258 - 259 - 262 - 263 - 266 - 267 - 268 - 269 - 270 - 272 - 274 - 275 - 276 - 277 - 280 - 281 - 283 - 284 - 288 - 289 - 290 - 292 - 294 - 295 - 297 - 299 - 300 - 301 - 302 - 303 - 305 - 306 - 307 - 309 - 311 - 312 - 313 - 316 - 318 - 322 - 323 - 324 - 325 - 327 - 328 - 329 - 331 - 333 - 335 - 337 - 338 - 343 - 344 - 347 - 349 - 354 - 355 - 356 - 360 - 362 - 363 - 364 - 365 - 366 - 369 - 370 - 371 - 372 - 373 - 374 - 375 - 377 - 379 - 380 - 382 - 384 - 385 - 387 - 388 - 389 - 390 - 392 - 393 - 397 - 400 - 402 - 404 - 405 - 406 - 409 - 411 - 413 - 414 - 415 - 416 - 418 - 419 - 420 - 421 - 422 - 424 - 426 - 427 - 428 - 429 - 430 - 432 - 434 - 435 - 437 - 438 - 440 - 441 - 442 - 445 - 446 - 448 - 450 - 454 - 456 - 458 - 460 - 463 - 464 - 466 - 468 - 469 - 470 - 472 - 473 - 474 - 476 - 477 - 480 - 481 - 485 - 488 - 490 - 492 - 494 - 495 - 496,20902077.8,0.0,98257,100637,69.69,Cost: 98257 & Capacity: 100637
0 - 2 - 3 - 7 - 12 - 17 - 21 - 22 - 24 - 25 - 26 - 27 - 29 - 35 - 45 - 47 - 59 - 62 - 63 - 64 - 66 - 68 - 76 - 78 - 81 - 86 - 91 - 95 - 98 - 99 - 104 - 107 - 110 - 111 - 114 - 118 - 120 - 123 - 132 - 133 - 144 - 145 - 146 - 147 - 149 - 152 - 155 - 158 - 160 - 161 - 162 - 164 - 165 - 166 - 170 - 171 - 172 - 174 - 178 - 180 - 181 - 186 - 187 - 188 - 190 - 192 - 201 - 202 - 203 - 207 - 209 - 211 - 212 - 219 - 223 - 224 - 227 - 232 - 233 - 235 - 237 - 246 - 249 - 255 - 258 - 260 - 262 - 263 - 271 - 272 - 273 - 275 - 279 - 282 - 285 - 292 - 299 - 301 - 303 - 313 - 317 - 318 - 322 - 325 - 330 - 336 - 337 - 338 - 342 - 343 - 344 - 345 - 356 - 357 - 359 - 361 - 373 - 374 - 377 - 380 - 381 - 386 - 388 - 389 - 390 - 392 - 393 - 394 - 395 - 401 - 408 - 412 - 413 - 415 - 419 - 420 - 431 - 434 - 435 - 436 - 438 - 439 - 440 - 443 - 445 - 449 - 456 - 460 - 463 - 464 - 465 - 479 - 480 - 485 - 487 - 489 - 492 - 494 - 499,6436666.0,12.4,96861,78578,70.34,Cost: 96861 & Capacity: 78578
0 - 2 - 4 - 9 - 10 - 11 - 12 - 13 - 15 - 16 - 17 - 20 - 21 - 28 - 36 - 37 - 38 - 42 - 44 - 45 - 50 - 51 - 53 - 54 - 56 - 58 - 59 - 60 - 61 - 62 - 63 - 64 - 65 - 67 - 68 - 69 - 71 - 72 - 75 - 76 - 78 - 80 - 84 - 86 - 87 - 90 - 91 - 94 - 95 - 96 - 97 - 98 - 99 - 100 - 103 - 105 - 107 - 108 - 109 - 110 - 111 - 114 - 115 - 116 - 118 - 120 - 123 - 124 - 125 - 128 - 129 - 131 - 132 - 135 - 137 - 140 - 142 - 144 - 145 - 146 - 147 - 148 - 150 - 151 - 152 - 154 - 155 - 158 - 159 - 160 - 163 - 164 - 165 - 166 - 167 - 170 - 174 - 175 - 178 - 179 - 180 - 181 - 182 - 183 - 184 - 185 - 186 - 187 - 188 - 189 - 190 - 192 - 193 - 195 - 197 - 198 - 200 - 203 - 204 - 210 - 211 - 212 - 214 - 215 - 216 - 217 - 218 - 221 - 225 - 228 - 229 - 230 - 231 - 233 - 234 - 235 - 237 - 238 - 239 - 241 - 242 - 246 - 248 - 250 - 254 - 255 - 257 - 258 - 259 - 262 - 263 - 266 - 267 - 268 - 269 - 270 - 272 - 274 - 275 - 276 - 277 - 280 - 281 - 283 - 284 - 288 - 289 - 290 - 292 - 294 - 295 - 297 - 299 - 300 - 301 - 302 - 303 - 305 - 306 - 307 - 309 - 311 - 312 - 313 - 316 - 318 - 322 - 323 - 324 - 325 - 327 - 328 - 329 - 331 - 333 - 335 - 337 - 338 - 343 - 344 - 347 - 349 - 354 - 355 - 356 - 360 - 362 - 363 - 364 - 365 - 366 - 369 - 370 - 371 - 372 - 373 - 374 - 375 - 377 - 379 - 380 - 382 - 384 - 385 - 387 - 388 - 389 - 390 - 392 - 393 - 397 - 400 - 402 - 404 - 405 - 406 - 409 - 411 - 413 - 414 - 415 - 416 - 418 - 419 - 420 - 421 - 422 - 424 - 426 - 427 - 428 - 429 - 430 - 432 - 434 - 435 - 437 - 438 - 440 - 441 - 442 - 445 - 446 - 448 - 450 - 454 - 456 - 458 - 460 - 463 - 464 - 466 - 468 - 469 - 470 - 472 - 473 - 474 - 476 - 477 - 480 - 481 - 485 - 488 - 490 - 492 - 494 - 495 - 496,20909315.0,0.0,98261,99879,71.19,Cost: 98261 & Capacity: 99879
0 - 2 - 4 - 9 - 10 - 11 - 12 - 13 - 15 - 16 - 17 - 20 - 21 - 28 - 34 - 36 - 37 - 38 - 42 - 44 - 45 - 50 - 51 - 53 - 54 - 56 - 58 - 59 - 60 - 61 - 62 - 63 - 64 - 65 - 67 - 68 - 69 - 71 - 72 - 75 - 76 - 78 - 80 - 84 - 86 - 87 - 90 - 91 - 94 - 95 - 96 - 97 - 98 - 99 - 100 - 103 - 105 - 107 - 108 - 109 - 110 - 111 - 113 - 114 - 115 - 116 - 118 - 120 - 123 - 124 - 125 - 128 - 129 - 131 - 132 - 135 - 137 - 140 - 142 - 144 - 145 - 146 - 147 - 148 - 150 - 151 - 152 - 154 - 155 - 158 - 159 - 160 - 163 - 164 - 165 - 166 - 167 - 170 - 174 - 175 - 178 - 179 - 180 - 181 - 182 - 183 - 184 - 185 - 186 - 187 - 188 - 189 - 190 - 192 - 193 - 195 - 197 - 200 - 203 - 204 - 210 - 211 - 212 - 214 - 215 - 216 - 217 - 218 - 221 - 225 - 228 - 229 - 230 - 231 - 233 - 235 - 237 - 238 - 239 - 241 - 242 - 246 - 248 - 250 - 254 - 255 - 257 - 258 - 259 - 262 - 263 - 266 - 267 - 268 - 269 - 270 - 272 - 274 - 275 - 276 - 277 - 280 - 281 - 283 - 284 - 288 - 289 - 290 - 292 - 294 - 295 - 297 - 299 - 300 - 301 - 302 - 303 - 305 - 306 - 307 - 309 - 311 - 312 - 313 - 316 - 318 - 322 - 323 - 324 - 325 - 327 - 328 - 329 - 331 - 333 - 335 - 337 - 338 - 343 - 344 - 347 - 349 - 354 - 355 - 356 - 360 - 362 - 363 - 364 - 365 - 366 - 369 - 370 - 371 - 372 - 373 - 374 - 375 - 377 - 379 - 380 - 382 - 384 - 385 - 387 - 388 - 389 - 390 - 392 - 393 - 397 - 400 - 402 - 404 - 405 - 406 - 409 - 411 - 413 - 414 - 415 - 416 - 418 - 419 - 420 - 421 - 422 - 424 - 426 - 427 - 428 - 429 - 430 - 432 - 434 - 435 - 437 - 438 - 440 - 441 - 442 - 445 - 446 - 448 - 450 - 454 - 456 - 458 - 460 - 463 - 464 - 466 - 468 - 469 - 470 - 472 - 473 - 474 - 476 - 477 - 480 - 481 - 485 - 488 - 490 - 492 - 494 - 495 - 496,20902077.8,0.0,98257,100637,71.23,Cost: 98257 & Capacity: 100637
0 - 2 - 4 - 9 - 10 - 11 - 12 - 13 - 15 - 16 - 17 - 20 - 21 - 28 - 34 - 36 - 37 - 38 - 42 - 44 - 45 - 50 - 51 - 53 - 54 - 56 - 58 - 59 - 60 - 61 - 62 - 63 - 64 - 65 - 67 - 68 - 69 - 71 - 72 - 75 - 76 - 78 - 80 - 84 - 86 - 87 - 90 - 91 - 94 - 95 - 96 - 97 - 98 - 99 - 100 - 103 - 105 - 107 - 108 - 109 - 110 - 111 - 113 - 114 - 115 - 116 - 118 - 120 - 123 - 124 - 125 - 128 - 129 - 131 - 132 - 135 - 137 - 140 - 142 - 144 - 145 - 146 - 147 - 148 - 150 - 151 - 152 - 154 - 155 - 158 - 159 - 160 - 163 - 164 - 165 - 166 - 167 - 170 - 174 - 175 - 178 - 179 - 180 - 181 - 182 - 183 - 184 - 185 - 186 - 187 - 188 - 189 - 190 - 192 - 193 - 195 - 197 - 200 - 203 - 204 - 210 - 211 - 212 - 214 - 215 - 216 - 217 - 218 - 221 - 225 - 228 - 229 - 230 - 231 - 233 - 235 - 237 - 238 - 239 - 241 - 242 - 246 - 248 - 250 - 254 - 255 - 257 - 258 - 259 - 262 - 263 - 266 - 267 - 268 - 269 - 270 - 272 - 274 - 275 - 276 - 277 - 280 - 281 - 283 - 284 - 288 - 289 - 290 - 292 - 294 - 295 - 297 - 299 - 300 - 301 - 302 - 303 - 305 - 306 - 307 - 309 - 311 - 312 - 313 - 316 - 318 - 322 - 323 - 324 - 325 - 327 - 328 - 329 - 331 - 333 - 335 - 337 - 338 - 343 - 344 - 347 - 349 - 354 - 355 - 356 - 360 - 362 - 363 - 364 - 365 - 366 - 369 - 370 - 371 - 372 - 373 - 374 - 375 - 377 - 379 - 380 - 382 - 384 - 385 - 387 - 388 - 389 - 390 - 392 - 393 - 397 - 400 - 402 - 404 - 405 - 406 - 409 - 411 - 413 - 414 - 415 - 416 - 418 - 419 - 420 - 421 - 422 - 424 - 426 - 427 - 428 - 429 - 430 - 432 - 434 - 435 - 437 - 438 - 440 - 441 - 442 - 445 - 446 - 448 - 450 - 454 - 456 - 458 - 460 - 463 - 464 - 466 - 468 - 469 - 470 - 472 - 473 - 474 - 476 - 477 - 480 - 481 - 485 - 488 - 490 - 492 - 494 - 495 - 496,20902077.8,0.0,98257,100637,72.77,Cost: 98257 & Capacity: 100637
0 - 2 - 4 - 9 - 10 - 11 - 12 - 13 - 15 - 16 - 17 - 20 - 21 - 28 - 34 - 36 - 37 - 38 - 42 - 44 - 45 - 50 - 51 - 53 - 54 - 56 - 58 - 59 - 60 - 61 - 62 - 63 - 64 - 65 - 67 - 68 - 69 - 71 - 72 - 75 - 76 - 78 - 80 - 84 - 86 - 87 - 90 - 91 - 94 - 95 - 96 - 97 - 98 - 99 - 100 - 103 - 105 - 107 - 108 - 109 - 110 - 111 - 113 - 114 - 115 - 116 - 118 - 120 - 123 - 124 - 125 - 128 - 129 - 131 - 132 - 135 - 137 - 140 - 142 - 144 - 145 - 146 - 147 - 148 - 150 - 151 - 152 - 154 - 155 - 158 - 159 - 160 - 163 - 164 - 165 - 166 - 167 - 170 - 174 - 175 - 178 - 179 - 180 - 181 - 182 - 183 - 184 - 185 - 186 - 187 - 188 - 189 - 190 - 192 - 193 - 195 - 197 - 200 - 203 - 204 - 210 - 211 - 212 - 214 - 215 - 216 - 217 - 218 - 221 - 225 - 228 - 229 - 230 - 231 - 233 - 235 - 237 - 238 - 239 - 241 - 242 - 246 - 248 - 250 - 254 - 255 - 257 - 258 - 259 - 262 - 263 - 266 - 267 - 268 - 269 - 270 - 272 - 274 - 275 - 276 - 277 - 280 - 281 - 283 - 284 - 288 - 289 - 290 - 292 - 294 - 295 - 297 - 299 - 300 - 301 - 302 - 303 - 305 - 306 - 307 - 309 - 311 - 312 - 313 - 316 - 318 - 322 - 323 - 324 - 325 - 327 - 328 - 329 - 331 - 333 - 335 - 337 - 338 - 343 - 344 - 347 - 349 - 354 - 355 - 356 - 360 - 362 - 363 - 364 - 365 - 366 - 369 - 370 - 371 - 372 - 373 - 374 - 375 - 377 - 379 - 380 - 382 - 384 - 385 - 387 - 388 - 389 - 390 - 392 - 393 - 397 - 400 - 402 - 404 - 405 - 406 - 409 - 411 - 413 - 414 - 415 - 416 - 418 - 419 - 420 - 421 - 422 - 424 - 426 - 427 - 428 - 429 - 430 - 432 - 434 - 435 - 437 - 438 - 440 - 441 - 442 - 445 - 446 - 448 - 450 - 454 - 456 - 458 - 460 - 463 - 464 - 466 - 468 - 469 - 470 - 472 - 473 - 474 - 476 - 477 - 480 - 481 - 485 - 488 - 490 - 492 - 494 - 495 - 496,20902077.8,0.0,98257,100637,73.72,Cost: 98257 & Capacity: 100637
0 - 2 - 4 - 9 - 10 - 11 - 12 - 13 - 15 - 16 - 17 - 20 - 21 - 28 - 34 - 36 - 37 - 38 - 42 - 44 - 45 - 50 - 51 - 53 - 54 - 56 - 58 - 59 - 60 - 61 - 62 - 63 - 64 - 65 - 67 - 68 - 69 - 71 - 72 - 75 - 76 - 78 - 80 - 84 - 86 - 87 - 90 - 91 - 94 - 95 - 96 - 97 - 98 - 99 - 100 - 103 - 105 - 107 - 108 - 109 - 110 - 111 - 113 - 114 - 115 - 116 - 118 - 120 - 123 - 124 - 125 - 128 - 129 - 131 - 132 - 135 - 137 - 140 - 142 - 144 - 145 - 146 - 147 - 148 - 150 - 151 - 152 - 154 - 155 - 158 - 159 - 160 - 163 - 164 - 165 - 166 - 167 - 170 - 174 - 175 - 178 - 179 - 180 - 181 - 182 - 183 - 184 - 185 - 186 - 187 - 188 - 189 - 190 - 192 - 193 - 195 - 197 - 200 - 203 - 204 - 210 - 211 - 212 - 214 - 215 - 216 - 217 - 218 - 221 - 225 - 228 - 229 - 230 - 231 - 233 - 235 - 237 - 238 - 239 - 241 - 242 - 246 - 248 - 250 - 254 - 255 - 257 - 258 - 259 - 262 - 263 - 266 - 267 - 268 - 269 - 270 - 272 - 274 - 275 - 276 - 277 - 280 - 281 - 283 - 284 - 288 - 289 - 290 - 292 - 294 - 295 - 297 - 299 - 300 - 301 - 302 - 303 - 305 - 306 - 307 - 309 - 311 - 312 - 313 - 316 - 318 - 322 - 323 - 324 - 325 - 327 - 328 - 329 - 331 - 333 - 335 - 337 - 338 - 343 - 344 - 347 - 349 - 354 - 355 - 356 - 360 - 362 - 363 - 364 - 365 - 366 - 369 - 370 - 371 - 372 - 373 - 374 - 375 - 377 - 379 - 380 - 382 - 384 - 385 - 387 - 388 - 389 - 390 - 392 - 393 - 397 - 400 - 402 - 404 - 405 - 406 - 409 - 411 - 413 - 414 - 415 - 416 - 418 - 419 - 420 - 421 - 422 - 424 - 426 - 427 - 428 - 429 - 430 - 432 - 434 - 435 - 437 - 438 - 440 - 441 - 442 - 445 - 446 - 448 - 450 - 454 - 456 - 458 - 460 - 463 - 464 - 466 - 468 - 469 - 470 - 472 - 473 - 474 - 476 - 477 - 480 - 481 - 485 - 488 - 490 - 492 - 494 - 495 - 496,20902077.8,0.0,98257,100637,74.55,Cost: 98257 & Capacity: 100637
0 - 4 - 9 - 10 - 11 - 12 - 13 - 16 - 22 - 25 - 29 - 39 - 44 - 45 - 50 - 51 - 53 - 54 - 60 - 63 - 64 - 65 - 66 - 68 - 69 - 71 - 72 - 75 - 79 - 80 - 81 - 84 - 86 - 87 - 90 - 91 - 94 - 95 - 96 - 97 - 98 - 99 - 100 - 105 - 107 - 108 - 109 - 110 - 111 - 113 - 114 - 115 - 116 - 118 - 123 - 124 - 126 - 127 - 128 - 132 - 137 - 139 - 142 - 144 - 145 - 146 - 147 - 149 - 150 - 152 - 154 - 156 - 158 - 159 - 160 - 161 - 162 - 163 - 164 - 166 - 167 - 170 - 171 - 174 - 175 - 176 - 178 - 179 - 181 - 183 - 185 - 187 - 188 - 189 - 190 - 192 - 193 - 195 - 201 - 204 - 209 - 210 - 211 - 212 - 217 - 220 - 221 - 223 - 225 - 230 - 231 - 233 - 235 - 237 - 238 - 246 - 247 - 254 - 255 - 257 - 258 - 261 - 262 - 265 - 266 - 267 - 269 - 271 - 273 - 276 - 277 - 283 - 284 - 287 - 288 - 289 - 290 - 292 - 294 - 297 - 298 - 300 - 301 - 302 - 303 - 305 - 306 - 312 - 313 - 314 - 316 - 317 - 318 - 322 - 323 - 324 - 325 - 326 - 328 - 333 - 336 - 337 - 338 - 341 - 342 - 343 - 347 - 354 - 356 - 360 - 362 - 363 - 366 - 370 - 371 - 372 - 374 - 375 - 377 - 382 - 383 - 385 - 388 - 389 - 390 - 392 - 393 - 395 - 397 - 398 - 400 - 401 - 403 - 406 - 409 - 410 - 411 - 415 - 416 - 419 - 420 - 422 - 423 - 424 - 426 - 427 - 428 - 429 - 430 - 432 - 434 - 436 - 437 - 438 - 441 - 442 - 450 - 454 - 456 - 459 - 464 - 465 - 470 - 471 - 472 - 474 - 476 - 477 - 478 - 480 - 481 - 488 - 489 - 492 - 494 - 495 - 496 - 497 - 499,14335080.2,3.7,98247,92068,76.41,Cost: 98247 & Capacity: 92068
0 - 2 - 4 - 9 - 10 - 11 - 12 - 13 - 15 - 16 - 17 - 20 - 21 - 28 - 34 - 36 - 37 - 38 - 42 - 44 - 45 - 50 - 51 - 53 - 54 - 56 - 58 - 59 - 60 - 61 - 62 - 63 - 64 - 65 - 67 - 68 - 69 - 71 - 72 - 75 - 76 - 78 - 80 - 84 - 86 - 87 - 90 - 91 - 94 - 95 - 96 - 97 - 98 - 99 - 100 - 103 - 105 - 107 - 108 - 109 - 110 - 111 - 113 - 114 - 115 - 116 - 118 - 120 - 123 - 124 - 125 - 128 - 129 - 131 - 132 - 135 - 137 - 140 - 142 - 144 - 145 - 146 - 147 - 148 - 150 - 151 - 152 - 154 - 155 - 158 - 159 - 160 - 163 - 164 - 165 - 166 - 167 - 170 - 174 - 175 - 178 - 179 - 180 - 181 - 182 - 183 - 184 - 185 - 186 - 187 - 188 - 189 - 190 - 192 - 193 - 195 - 197 - 200 - 203 - 204 - 210 - 211 - 212 - 214 - 215 - 216 - 217 - 218 - 221 - 225 - 228 - 229 - 230 - 231 - 233 - 235 - 237 - 238 - 239 - 241 - 242 - 246 - 248 - 250 - 254 - 255 - 257 - 258 - 259 - 262 - 263 - 266 - 267 - 268 - 269 - 270 - 272 - 274 - 275 - 276 - 277 - 280 - 281 - 283 - 284 - 288 - 289 - 290 - 292 - 294 - 295 - 297 - 299 - 300 - 301 - 302 - 303 - 305 - 306 - 307 - 309 - 311 - 312 - 313 - 316 - 318 - 322 - 323 - 324 - 325 - 327 - 328 - 329 - 331 - 333 - 335 - 337 - 338 - 343 - 344 - 347 - 349 - 354 - 355 - 356 - 360 - 362 - 363 - 364 - 365 - 366 - 369 - 370 - 371 - 372 - 373 - 374 - 375 - 377 - 379 - 380 - 382 - 384 - 385 - 387 - 388 - 389 - 390 - 392 - 393 - 397 - 400 - 402 - 404 - 405 - 406 - 409 - 411 - 413 - 414 - 415 - 416 - 418 - 419 - 420 - 421 - 422 - 424 - 426 - 427 - 428 - 429 - 430 - 432 - 434 - 435 - 437 - 438 - 440 - 441 - 442 - 445 - 446 - 448 - 450 - 454 - 456 - 458 - 460 - 463 - 464 - 466 - 468 - 469 - 470 - 472 - 473 - 474 - 476 - 477 - 480 - 481 - 485 - 488 - 490 - 492 - 494 - 495 - 496,20902077.8,0.0,98257,100637,76.6,Cost: 98257 & Capacity: 100637
0 - 2 - 4 - 9 - 10 - 11 - 12 - 13 - 15 - 16 - 17 - 20 - 21 - 28 - 34 - 36 - 37 - 38 - 42 - 44 - 45 - 50 - 51 - 53 - 54 - 56 - 58 - 59 - 60 - 61 - 62 - 63 - 64 - 65 - 67 - 68 - 69 - 71 - 72 - 75 - 76 - 78 - 80 - 84 - 86 - 87 - 90 - 91 - 94 - 95 - 96 - 97 - 98 - 99 - 100 - 103 - 105 - 107 - 108 - 109 - 110 - 111 - 113 - 114 - 115 - 116 - 118 - 120 - 123 - 124 - 125 - 128 - 129 - 131 - 132 - 135 - 137 - 140 - 142 - 144 - 145 - 146 - 147 - 148 - 150 - 151 - 152 - 154 - 155 - 158 - 159 - 160 - 163 - 164 - 165 - 166 - 167 - 170 - 174 - 175 - 178 - 179 - 180 - 181 - 182 - 183 - 184 - 185 - 186 - 187 - 188 - 189 - 190 - 192 - 193 - 195 - 197 - 200 - 203 - 204 - 210 - 211 - 212 - 214 - 215 - 216 - 217 - 218 - 221 - 225 - 228 - 229 - 230 - 231 - 233 - 235 - 237 - 238 - 239 - 241 - 242 - 246 - 248 - 250 - 254 - 255 - 257 - 258 - 259 - 262 - 263 - 266 - 267 - 268 - 269 - 270 - 272 - 274 - 275 - 276 - 277 - 280 - 281 - 283 - 284 - 288 - 289 - 290 - 292 - 294 - 295 - 297 - 299 - 300 - 301 - 302 - 303 - 305 - 306 - 307 - 309 - 311 - 312 - 313 - 316 - 318 - 322 - 323 - 324 - 325 - 327 - 328 - 329 - 331 - 333 - 335 - 337 - 338 - 343 - 344 - 347 - 349 - 354 - 355 - 356 - 360 - 362 - 363 - 364 - 365 - 366 - 369 - 370 - 371 - 372 - 373 - 374 - 375 - 377 - 379 - 380 - 382 - 384 - 385 - 387 - 388 - 389 - 390 - 392 - 393 - 397 - 400 - 402 - 404 - 405 - 406 - 409 - 411 - 413 - 414 - 415 - 416 - 418 - 419 - 420 - 421 - 422 - 424 - 426 - 427 - 428 - 429 - 430 - 432 - 434 - 435 - 437 - 438 - 440 - 441 - 442 - 445 - 446 - 448 - 450 - 454 - 456 - 458 - 460 - 463 - 464 - 466 - 468 - 469 - 470 - 472 - 473 - 474 - 476 - 477 - 480 - 481 - 485 - 488 - 490 - 492 - 494 - 495 - 496,20902077.8,0.0,98257,100637,76.82,Cost: 98257 & Capacity: 100637
0 - 2 - 4 - 9 - 10 - 11 - 12 - 13 - 15 - 16 - 17 - 20 - 21 - 28 - 34 - 36 - 37 - 38 - 42 - 44 - 45 - 50 - 51 - 53 - 54 - 56 - 58 - 59 - 60 - 61 - 62 - 63 - 64 - 65 - 67 - 68 - 69 - 71 - 72 - 75 - 76 - 78 - 80 - 84 - 86 - 87 - 90 - 91 - 94 - 95 - 96 - 97 - 98 - 99 - 100 - 103 - 105 - 107 - 108 - 109 - 110 - 111 - 113 - 114 - 115 - 116 - 118 - 120 - 123 - 124 - 125 - 128 - 129 - 131 - 132 - 135 - 137 - 140 - 142 - 144 - 145 - 146 - 147 - 148 - 150 - 151 - 152 - 154 - 155 - 158 - 159 - 160 - 163 - 164 - 165 - 166 - 167 - 170 - 174 - 175 - 178 - 179 - 180 - 181 - 182 - 183 - 184 - 185 - 186 - 187 - 188 - 189 - 190 - 192 - 193 - 195 - 197 - 200 - 203 - 204 - 210 - 211 - 212 - 214 - 215 - 216 - 217 - 218 - 221 - 225 - 228 - 229 - 230 - 231 - 233 - 235 - 237 - 238 - 239 - 241 - 242 - 246 - 248 - 250 - 254 - 255 - 257 - 258 - 259 - 262 - 263 - 266 - 267 - 268 - 269 - 270 - 272 - 274 - 275 - 276 - 277 - 280 - 281 - 283 - 284 - 288 - 289 - 290 - 292 - 294 - 295 - 297 - 299 - 300 - 301 - 302 - 303 - 305 - 306 - 307 - 309 - 311 - 312 - 313 - 316 - 318 - 322 - 323 - 324 - 325 - 327 - 328 - 329 - 331 - 333 - 335 - 337 - 338 - 343 - 344 - 347 - 349 - 354 - 355 - 356 - 360 - 362 - 363 - 364 - 365 - 366 - 369 - 370 - 371 - 372 - 373 - 374 - 375 - 377 - 379 - 380 - 382 - 384 - 385 - 387 - 388 - 389 - 390 - 392 - 393 - 397 - 400 - 402 - 404 - 405 - 406 - 409 - 411 - 413 - 414 - 415 - 416 - 418 - 419 - 420 - 421 - 422 - 424 - 426 - 427 - 428 - 429 - 430 - 432 - 434 - 435 - 437 - 438 - 440 - 441 - 442 - 445 - 446 - 448 - 450 - 454 - 456 - 458 - 460 - 463 - 464 - 466 - 468 - 469 - 470 - 472 - 473 - 474 - 476 - 477 - 480 - 481 - 485 - 488 - 490 - 492 - 494 - 495 - 496,20902077.8,0.0,98257,100637,77.23,Cost: 98257 & Capacity: 100637
0 - 2 - 4 - 9 - 10 - 11 - 12 - 13 - 15 - 16 - 17 - 20 - 21 - 28 - 34 - 36 - 37 - 38 - 42 - 44 - 45 - 50 - 51 - 53 - 54 - 56 - 58 - 59 - 60 - 61 - 62 - 63 - 64 - 65 - 67 - 68 - 69 - 71 - 72 - 75 - 76 - 78 - 80 - 84 - 86 - 87 - 90 - 91 - 94 - 95 - 96 - 97 - 98 - 99 - 100 - 103 - 105 - 107 - 108 - 109 - 110 - 111 - 113 - 114 - 115 - 116 - 118 - 120 - 123 - 124 - 125 - 128 - 129 - 131 - 132 - 135 - 137 - 140 - 142 - 144 - 145 - 146 - 147 - 148 - 150 - 151 - 152 - 154 - 155 - 158 - 159 - 160 - 163 - 164 - 165 - 166 - 167 - 170 - 174 - 175 - 178 - 179 - 180 - 181 - 182 - 183 - 184 - 185 - 186 - 187 - 188 - 189 - 190 - 192 - 193 - 195 - 197 - 200 - 203 - 204 - 210 - 211 - 212 - 214 - 215 - 216 - 217 - 218 - 221 - 225 - 228 - 229 - 230 - 231 - 233 - 235 - 237 - 238 - 239 - 241 - 242 - 246 - 248 - 250 - 254 - 255 - 257 - 258 - 259 - 262 - 263 - 266 - 267 - 268 - 269 - 270 - 272 - 274 - 275 - 276 - 277 - 280 - 281 - 283 - 284 - 288 - 289 - 290 - 292 - 294 - 295 - 297 - 299 - 300 - 301 - 302 - 303 - 305 - 306 - 307 - 309 - 311 - 312 - 313 - 316 - 318 - 322 - 323 - 324 - 325 - 327 - 328 - 329 - 331 - 333 - 335 - 337 - 338 - 343 - 344 - 347 - 349 - 354 - 355 - 356 - 360 - 362 - 363 - 364 - 365 - 366 - 369 - 370 - 371 - 372 - 373 - 374 - 375 - 377 - 379 - 380 - 382 - 384 - 385 - 387 - 388 - 389 - 390 - 392 - 393 - 397 - 400 - 402 - 404 - 405 - 406 - 409 - 411 - 413 - 414 - 415 - 416 - 418 - 419 - 420 - 421 - 422 - 424 - 426 - 427 - 428 - 429 - 430 - 432 - 434 - 435 - 437 - 438 - 440 - 441 - 442 - 445 - 446 - 448 - 450 - 454 - 456 - 458 - 460 - 463 - 464 - 466 - 468 - 469 - 470 - 472 - 473 - 474 - 476 - 477 - 480 - 481 - 485 - 488 - 490 - 492 - 494 - 495 - 496,20902077.8,0.0,98257,100637,77.51,Cost: 98257 & Capacity: 100637
0 - 2 - 4 - 9 - 10 - 11 - 12 - 13 - 15 - 16 - 17 - 20 - 21 - 28 - 34 - 36 - 37 - 38 - 42 - 44 - 45 - 50 - 51 - 53 - 54 - 56 - 58 - 59 - 60 - 61 - 62 - 63 - 64 - 65 - 67 - 68 - 69 - 71 - 72 - 75 - 76 - 78 - 80 - 84 - 86 - 87 - 90 - 91 - 94 - 95 - 96 - 97 - 98 - 99 - 100 - 103 - 105 - 107 - 108 - 109 - 110 - 111 - 113 - 114 - 115 - 116 - 118 - 120 - 123 - 124 - 125 - 128 - 129 - 131 - 132 - 135 - 137 - 140 - 142 - 144 - 145 - 146 - 147 - 148 - 150 - 151 - 152 - 154 - 155 - 158 - 159 - 160 - 163 - 164 - 165 - 166 - 167 - 170 - 174 - 175 - 178 - 179 - 180 - 181 - 182 - 183 - 184 - 185 - 186 - 187 - 188 - 189 - 190 - 192 - 193 - 195 - 197 - 200 - 203 - 204 - 210 - 211 - 212 - 214 - 215 - 216 - 217 - 218 - 221 - 225 - 228 - 229 - 230 - 231 - 233 - 235 - 237 - 238 - 239 - 241 - 242 - 246 - 248 - 250 - 254 - 255 - 257 - 258 - 259 - 262 - 263 - 266 - 267 - 268 - 269 - 270 - 272 - 274 - 275 - 276 - 277 - 280 - 281 - 283 - 284 - 288 - 289 - 290 - 292 - 294 - 295 - 297 - 299 - 300 - 301 - 302 - 303 - 305 - 306 - 307 - 309 - 311 - 312 - 313 - 316 - 318 - 322 - 323 - 324 - 325 - 327 - 328 - 329 - 331 - 333 - 335 - 337 - 338 - 343 - 344 - 347 - 349 - 354 - 355 - 356 - 360 - 362 - 363 - 364 - 365 - 366 - 369 - 370 - 371 - 372 - 373 - 374 - 375 - 377 - 379 - 380 - 382 - 384 - 385 - 387 - 388 - 389 - 390 - 392 - 393 - 397 - 400 - 402 - 404 - 405 - 406 - 409 - 411 - 413 - 414 - 415 - 416 - 418 - 419 - 420 - 421 - 422 - 424 - 426 - 427 - 428 - 429 - 430 - 432 - 434 - 435 - 437 - 438 - 440 - 441 - 442 - 445 - 446 - 448 - 450 - 454 - 456 - 458 - 460 - 463 - 464 - 466 - 468 - 469 - 470 - 472 - 473 - 474 - 476 - 477 - 480 - 481 - 485 - 488 - 490 - 492 - 494 - 495 - 496,20902077.8,0.0,98257,100637,78.55,Cost: 98257 & Capacity: 100637
