Nodes,MaxSum,MaxMin,Cost,Capacity,Time,Constraint values
0 - 1 - 2 - 5 - 8 - 9 - 10 - 12 - 14 - 15 - 16 - 18 - 20 - 21 - 22 - 23 - 24 - 27 - 28 - 30 - 32 - 33 - 36 - 39 - 40 - 41 - 42 - 44 - 45 - 48 - 49 - 52 - 54 - 55 - 57 - 58 - 59 - 61 - 63 - 65 - 66 - 67 - 68 - 69 - 71 - 75 - 76 - 77 - 78 - 80 - 81 - 83 - 84 - 85 - 88 - 89 - 91 - 92 - 94 - 99 - 101 - 102 - 103 - 105 - 107 - 110 - 111 - 112 - 113 - 114 - 115 - 117 - 118 - 119 - 125 - 127 - 129 - 130 - 132 - 135 - 137 - 138 - 139 - 142 - 144 - 145 - 146 - 148 - 149 - 150 - 152 - 155 - 156 - 157 - 161 - 163 - 164 - 167 - 171 - 172 - 174 - 175 - 176 - 178 - 179 - 182 - 183 - 185 - 188 - 190 - 191 - 192 - 194 - 196 - 197 - 198 - 199 - 200 - 201 - 202 - 203 - 205 - 206 - 207 - 208 - 211 - 213 - 214 - 216 - 217 - 218 - 219 - 220 - 221 - 222 - 223 - 224 - 230 - 231 - 232 - 233 - 235 - 236 - 237 - 239 - 240 - 241 - 242 - 243 - 244 - 247 - 250 - 251 - 252 - 254 - 257 - 258 - 260 - 264 - 266 - 268 - 269 - 270 - 271 - 272 - 274 - 275 - 276 - 278 - 281 - 282 - 283 - 284 - 286 - 288 - 289 - 290 - 293 - 294 - 295 - 298 - 299 - 300 - 301 - 302 - 303 - 304 - 305 - 306 - 308 - 309 - 310 - 312 - 313 - 314 - 315 - 317 - 319 - 320 - 321 - 323 - 324 - 325 - 326 - 328 - 329 - 332 - 338 - 339 - 340 - 342 - 344 - 347 - 356 - 357 - 358 - 360 - 361 - 362 - 363 - 365 - 366 - 367 - 371 - 373 - 374 - 375 - 377 - 380 - 381 - 383 - 386 - 387 - 388 - 389 - 390 - 391 - 392 - 393 - 394 - 399 - 400 - 406 - 407 - 408 - 409 - 413 - 415 - 416 - 417 - 418 - 420 - 422 - 424 - 426 - 427 - 429 - 430 - 433 - 435 - 437 - 438 - 439 - 440 - 444 - 445 - 447 - 449 - 450 - 452 - 458 - 461 - 462 - 463 - 466 - 467 - 474 - 478 - 479 - 480 - 483 - 484 - 487 - 489 - 490 - 492 - 493 - 496 - 498,20775457.9,0.1,88527,92754,1.43,Cost: 88527 & Capacity: 92754
4 - 16 - 23 - 28 - 32 - 33 - 35 - 36 - 37 - 38 - 44 - 45 - 46 - 47 - 63 - 64 - 67 - 70 - 75 - 81 - 93 - 95 - 98 - 100 - 105 - 108 - 109 - 110 - 113 - 120 - 121 - 122 - 126 - 131 - 134 - 136 - 138 - 140 - 143 - 144 - 151 - 152 - 153 - 157 - 171 - 176 - 180 - 181 - 182 - 184 - 194 - 197 - 200 - 201 - 202 - 205 - 206 - 208 - 211 - 214 - 227 - 231 - 233 - 234 - 239 - 243 - 244 - 248 - 249 - 251 - 252 - 258 - 263 - 264 - 265 - 270 - 271 - 272 - 277 - 281 - 285 - 286 - 287 - 290 - 291 - 296 - 307 - 310 - 311 - 313 - 322 - 326 - 328 - 330 - 340 - 341 - 344 - 345 - 346 - 354 - 357 - 362 - 370 - 376 - 388 - 390 - 391 - 394 - 400 - 404 - 405 - 410 - 411 - 414 - 422 - 426 - 429 - 432 - 433 - 436 - 437 - 440 - 445 - 449 - 453 - 454 - 462 - 465 - 470 - 471 - 475 - 476 - 480 - 482 - 488 - 489 - 493,4811490.8,15.8,89812,74979,1.67,Cost: 89812 & Capacity: 74979
4 - 16 - 23 - 28 - 31 - 32 - 33 - 35 - 36 - 37 - 38 - 44 - 45 - 46 - 47 - 55 - 63 - 64 - 67 - 70 - 75 - 81 - 93 - 95 - 98 - 100 - 105 - 108 - 109 - 110 - 113 - 120 - 121 - 122 - 126 - 131 - 134 - 136 - 138 - 140 - 143 - 144 - 151 - 152 - 153 - 157 - 171 - 176 - 180 - 181 - 182 - 184 - 194 - 197 - 200 - 201 - 202 - 205 - 206 - 208 - 211 - 214 - 227 - 231 - 233 - 234 - 239 - 243 - 244 - 248 - 249 - 251 - 252 - 258 - 263 - 264 - 265 - 270 - 271 - 272 - 276 - 277 - 281 - 285 - 286 - 287 - 290 - 291 - 296 - 307 - 310 - 311 - 313 - 322 - 326 - 328 - 330 - 340 - 341 - 344 - 345 - 346 - 354 - 357 - 362 - 370 - 376 - 388 - 390 - 391 - 394 - 400 - 404 - 405 - 410 - 411 - 414 - 422 - 426 - 429 - 432 - 433 - 436 - 437 - 440 - 445 - 449 - 453 - 454 - 462 - 465 - 470 - 471 - 475 - 476 - 480 - 482 - 488 - 489 - 493,5016980.8,15.6,91305,76445,1.67,Cost: 91305 & Capacity: 76445
0 - 1 - 2 - 5 - 8 - 9 - 10 - 12 - 14 - 15 - 16 - 18 - 20 - 21 - 22 - 23 - 24 - 27 - 28 - 30 - 32 - 33 - 36 - 39 - 40 - 41 - 42 - 44 - 45 - 48 - 49 - 52 - 54 - 55 - 57 - 58 - 59 - 61 - 63 - 65 - 66 - 67 - 68 - 69 - 71 - 75 - 76 - 77 - 78 - 80 - 81 - 83 - 84 - 85 - 88 - 89 - 91 - 92 - 94 - 99 - 101 - 102 - 103 - 105 - 107 - 110 - 111 - 112 - 113 - 114 - 115 - 117 - 118 - 119 - 125 - 127 - 129 - 132 - 135 - 137 - 138 - 139 - 142 - 144 - 145 - 146 - 148 - 149 - 150 - 152 - 155 - 156 - 157 - 161 - 163 - 164 - 167 - 171 - 172 - 174 - 175 - 176 - 178 - 179 - 182 - 183 - 185 - 188 - 190 - 191 - 192 - 194 - 196 - 197 - 198 - 199 - 200 - 202 - 203 - 205 - 206 - 207 - 208 - 211 - 213 - 214 - 216 - 217 - 218 - 219 - 220 - 221 - 222 - 223 - 224 - 230 - 231 - 232 - 233 - 235 - 236 - 237 - 239 - 240 - 241 - 242 - 243 - 244 - 247 - 250 - 251 - 252 - 254 - 257 - 258 - 260 - 264 - 266 - 268 - 269 - 270 - 271 - 272 - 274 - 275 - 276 - 278 - 281 - 282 - 283 - 284 - 286 - 288 - 289 - 290 - 293 - 294 - 295 - 298 - 299 - 300 - 301 - 302 - 303 - 304 - 305 - 306 - 308 - 309 - 310 - 312 - 313 - 314 - 315 - 317 - 319 - 320 - 321 - 323 - 324 - 325 - 326 - 328 - 329 - 332 - 338 - 339 - 340 - 342 - 344 - 347 - 356 - 357 - 358 - 360 - 361 - 362 - 363 - 365 - 366 - 367 - 371 - 373 - 374 - 375 - 377 - 380 - 381 - 383 - 386 - 387 - 388 - 389 - 390 - 391 - 392 - 393 - 394 - 399 - 400 - 406 - 407 - 408 - 409 - 413 - 415 - 416 - 417 - 418 - 420 - 422 - 424 - 426 - 427 - 429 - 430 - 433 - 435 - 437 - 438 - 439 - 440 - 444 - 445 - 447 - 449 - 450 - 452 - 458 - 461 - 462 - 463 - 466 - 467 - 474 - 478 - 479 - 480 - 483 - 484 - 487 - 489 - 490 - 492 - 493 - 496 - 498,20490870.7,0.1,87281,91349,6.82,Cost: 87281 & Capacity: 91349
0 - 1 - 2 - 5 - 8 - 9 - 10 - 12 - 14 - 15 - 16 - 18 - 20 - 21 - 22 - 23 - 24 - 27 - 28 - 30 - 31 - 32 - 33 - 36 - 39 - 40 - 41 - 42 - 44 - 45 - 46 - 48 - 49 - 52 - 54 - 55 - 57 - 58 - 59 - 61 - 63 - 65 - 66 - 67 - 68 - 69 - 71 - 75 - 76 - 77 - 78 - 80 - 81 - 83 - 84 - 85 - 88 - 89 - 91 - 92 - 94 - 99 - 101 - 102 - 103 - 105 - 107 - 110 - 111 - 112 - 113 - 114 - 115 - 117 - 118 - 119 - 125 - 127 - 129 - 130 - 132 - 135 - 137 - 138 - 139 - 142 - 144 - 145 - 146 - 148 - 149 - 150 - 152 - 155 - 156 - 157 - 161 - 163 - 164 - 167 - 171 - 172 - 174 - 175 - 176 - 178 - 179 - 182 - 183 - 185 - 188 - 190 - 191 - 192 - 194 - 196 - 197 - 198 - 199 - 200 - 201 - 202 - 203 - 205 - 206 - 207 - 208 - 211 - 213 - 214 - 216 - 217 - 218 - 219 - 220 - 221 - 222 - 223 - 224 - 230 - 231 - 232 - 233 - 235 - 236 - 237 - 239 - 240 - 241 - 242 - 243 - 244 - 247 - 250 - 251 - 252 - 254 - 257 - 258 - 260 - 264 - 266 - 268 - 269 - 270 - 271 - 272 - 274 - 275 - 276 - 278 - 281 - 282 - 283 - 284 - 286 - 288 - 289 - 290 - 293 - 294 - 295 - 298 - 299 - 300 - 301 - 302 - 303 - 304 - 305 - 306 - 308 - 309 - 310 - 312 - 313 - 314 - 315 - 317 - 319 - 320 - 321 - 323 - 324 - 325 - 326 - 328 - 329 - 332 - 338 - 339 - 340 - 342 - 344 - 347 - 356 - 357 - 358 - 360 - 361 - 362 - 363 - 365 - 366 - 367 - 371 - 373 - 374 - 375 - 377 - 380 - 381 - 383 - 386 - 387 - 388 - 389 - 390 - 391 - 392 - 393 - 394 - 399 - 400 - 406 - 407 - 408 - 409 - 413 - 415 - 416 - 417 - 418 - 420 - 422 - 424 - 426 - 427 - 429 - 430 - 433 - 435 - 437 - 438 - 439 - 440 - 444 - 445 - 447 - 449 - 450 - 452 - 458 - 461 - 462 - 463 - 466 - 467 - 474 - 478 - 479 - 480 - 483 - 484 - 487 - 489 - 490 - 492 - 493 - 496 - 498,21056447.3,0.1,89780,94010,10.79,Cost: 89780 & Capacity: 94010
3 - 4 - 17 - 18 - 20 - 21 - 33 - 36 - 37 - 40 - 41 - 44 - 45 - 46 - 50 - 53 - 58 - 61 - 62 - 71 - 75 - 76 - 77 - 78 - 84 - 88 - 96 - 97 - 98 - 99 - 100 - 103 - 105 - 106 - 111 - 112 - 114 - 116 - 118 - 119 - 120 - 121 - 127 - 128 - 129 - 131 - 144 - 154 - 156 - 157 - 169 - 172 - 173 - 178 - 182 - 183 - 187 - 188 - 193 - 204 - 206 - 209 - 213 - 214 - 220 - 230 - 232 - 233 - 236 - 240 - 241 - 243 - 245 - 246 - 247 - 249 - 250 - 251 - 255 - 258 - 262 - 266 - 267 - 269 - 276 - 278 - 285 - 286 - 287 - 289 - 290 - 296 - 303 - 305 - 310 - 311 - 313 - 316 - 317 - 321 - 324 - 333 - 335 - 338 - 341 - 348 - 355 - 362 - 363 - 366 - 369 - 370 - 374 - 377 - 380 - 384 - 390 - 392 - 398 - 399 - 401 - 402 - 406 - 407 - 410 - 411 - 412 - 413 - 414 - 415 - 419 - 422 - 429 - 430 - 433 - 437 - 438 - 439 - 441 - 449 - 450 - 452 - 453 - 454 - 455 - 462 - 465 - 471 - 482 - 487 - 488 - 489 - 490 - 493 - 498,6095143.9,13.6,89995,76438,14.04,Cost: 89995 & Capacity: 76438
3 - 4 - 8 - 11 - 12 - 13 - 17 - 24 - 27 - 32 - 44 - 45 - 46 - 47 - 49 - 50 - 51 - 53 - 60 - 62 - 71 - 75 - 80 - 86 - 91 - 103 - 107 - 108 - 111 - 112 - 114 - 118 - 119 - 120 - 121 - 122 - 123 - 127 - 131 - 133 - 134 - 139 - 151 - 154 - 157 - 159 - 160 - 166 - 167 - 169 - 174 - 176 - 178 - 181 - 182 - 184 - 187 - 189 - 191 - 195 - 200 - 201 - 204 - 206 - 210 - 215 - 220 - 221 - 222 - 233 - 236 - 239 - 242 - 249 - 251 - 255 - 257 - 261 - 263 - 264 - 266 - 268 - 269 - 276 - 279 - 280 - 285 - 294 - 296 - 298 - 299 - 309 - 311 - 315 - 322 - 327 - 332 - 335 - 345 - 346 - 349 - 354 - 356 - 357 - 358 - 366 - 368 - 376 - 383 - 386 - 389 - 390 - 399 - 400 - 404 - 405 - 406 - 410 - 411 - 412 - 413 - 415 - 419 - 420 - 430 - 432 - 433 - 439 - 445 - 449 - 452 - 453 - 454 - 455 - 458 - 460 - 462 - 470 - 482 - 483 - 484 - 486 - 488 - 489 - 490 - 493 - 495,5534546.6,15.5,92072,75197,15.23,Cost: 92072 & Capacity: 75197
0 - 1 - 2 - 5 - 8 - 9 - 10 - 12 - 14 - 15 - 16 - 18 - 20 - 21 - 22 - 23 - 24 - 27 - 28 - 30 - 31 - 32 - 33 - 36 - 39 - 40 - 41 - 42 - 44 - 45 - 46 - 48 - 49 - 52 - 54 - 55 - 57 - 58 - 59 - 61 - 63 - 65 - 66 - 67 - 68 - 69 - 71 - 75 - 76 - 77 - 78 - 80 - 81 - 83 - 84 - 85 - 88 - 89 - 91 - 92 - 94 - 99 - 101 - 102 - 103 - 105 - 107 - 110 - 111 - 112 - 113 - 114 - 115 - 117 - 118 - 119 - 125 - 127 - 129 - 130 - 132 - 135 - 137 - 138 - 139 - 142 - 144 - 145 - 146 - 148 - 149 - 150 - 152 - 155 - 156 - 157 - 161 - 163 - 164 - 167 - 171 - 172 - 174 - 175 - 176 - 178 - 179 - 182 - 183 - 185 - 188 - 190 - 191 - 192 - 194 - 196 - 197 - 198 - 199 - 200 - 201 - 202 - 203 - 205 - 206 - 207 - 208 - 211 - 213 - 214 - 216 - 217 - 218 - 219 - 220 - 221 - 222 - 223 - 224 - 230 - 231 - 232 - 233 - 235 - 236 - 237 - 239 - 240 - 241 - 242 - 243 - 244 - 247 - 250 - 251 - 252 - 254 - 257 - 258 - 260 - 264 - 266 - 268 - 269 - 270 - 271 - 272 - 274 - 275 - 276 - 278 - 281 - 282 - 283 - 284 - 286 - 288 - 289 - 290 - 293 - 294 - 295 - 298 - 299 - 300 - 301 - 302 - 303 - 304 - 305 - 306 - 308 - 309 - 310 - 312 - 313 - 314 - 315 - 317 - 319 - 320 - 321 - 323 - 324 - 325 - 326 - 328 - 329 - 332 - 338 - 339 - 340 - 342 - 344 - 347 - 356 - 357 - 358 - 360 - 361 - 362 - 363 - 364 - 365 - 366 - 367 - 371 - 373 - 374 - 375 - 377 - 380 - 381 - 383 - 386 - 387 - 388 - 389 - 390 - 391 - 392 - 393 - 394 - 399 - 400 - 406 - 407 - 408 - 409 - 411 - 413 - 415 - 416 - 417 - 418 - 420 - 422 - 424 - 426 - 427 - 429 - 430 - 433 - 435 - 437 - 438 - 439 - 440 - 444 - 445 - 447 - 449 - 450 - 452 - 458 - 461 - 462 - 463 - 466 - 467 - 474 - 478 - 479 - 480 - 483 - 484 - 487 - 489 - 490 - 492 - 493 - 496 - 498,21351668.0,0.1,91043,95222,15.75,Cost: 91043 & Capacity: 95222
0 - 1 - 2 - 7 - 12 - 13 - 24 - 25 - 29 - 30 - 31 - 32 - 33 - 36 - 38 - 40 - 43 - 44 - 45 - 47 - 49 - 50 - 53 - 59 - 63 - 64 - 65 - 75 - 101 - 104 - 105 - 108 - 114 - 117 - 118 - 119 - 121 - 122 - 131 - 132 - 136 - 140 - 144 - 149 - 150 - 152 - 157 - 158 - 160 - 161 - 163 - 164 - 165 - 170 - 172 - 177 - 178 - 184 - 188 - 190 - 193 - 196 - 197 - 199 - 201 - 205 - 206 - 212 - 213 - 214 - 216 - 219 - 221 - 227 - 229 - 230 - 237 - 239 - 244 - 246 - 250 - 251 - 255 - 257 - 262 - 266 - 269 - 271 - 272 - 273 - 275 - 276 - 278 - 279 - 282 - 286 - 288 - 292 - 296 - 302 - 303 - 310 - 312 - 315 - 319 - 324 - 326 - 328 - 329 - 330 - 331 - 338 - 345 - 346 - 350 - 352 - 360 - 362 - 367 - 370 - 371 - 372 - 373 - 375 - 377 - 380 - 393 - 394 - 396 - 397 - 400 - 406 - 411 - 418 - 420 - 425 - 434 - 437 - 443 - 445 - 450 - 451 - 453 - 456 - 457 - 461 - 465 - 468 - 470 - 471 - 475 - 482 - 489 - 490 - 493 - 494,6197912.1,13.2,88933,74888,17.66,Cost: 88933 & Capacity: 74888
0 - 1 - 2 - 7 - 12 - 13 - 24 - 25 - 26 - 29 - 30 - 31 - 32 - 33 - 36 - 38 - 40 - 43 - 44 - 45 - 47 - 49 - 50 - 53 - 59 - 63 - 64 - 65 - 75 - 81 - 101 - 104 - 105 - 108 - 114 - 117 - 118 - 119 - 121 - 122 - 131 - 132 - 136 - 140 - 144 - 149 - 150 - 152 - 157 - 158 - 160 - 161 - 163 - 164 - 165 - 170 - 172 - 177 - 178 - 184 - 188 - 190 - 193 - 196 - 197 - 198 - 199 - 201 - 205 - 206 - 212 - 213 - 214 - 216 - 219 - 221 - 227 - 229 - 230 - 237 - 239 - 244 - 246 - 250 - 251 - 255 - 257 - 262 - 266 - 269 - 271 - 272 - 273 - 275 - 276 - 278 - 279 - 282 - 286 - 288 - 292 - 296 - 302 - 303 - 310 - 312 - 315 - 319 - 323 - 324 - 326 - 328 - 329 - 330 - 331 - 338 - 345 - 346 - 350 - 351 - 352 - 360 - 362 - 363 - 367 - 370 - 371 - 372 - 373 - 375 - 377 - 380 - 393 - 394 - 396 - 397 - 400 - 406 - 411 - 418 - 420 - 425 - 434 - 437 - 443 - 445 - 450 - 451 - 453 - 456 - 457 - 461 - 465 - 468 - 470 - 471 - 475 - 482 - 489 - 490 - 493 - 494,6657803.0,12.5,91491,76987,17.66,Cost: 91491 & Capacity: 76987
0 - 1 - 2 - 5 - 8 - 9 - 10 - 12 - 14 - 15 - 16 - 18 - 20 - 21 - 22 - 23 - 24 - 27 - 28 - 30 - 31 - 32 - 33 - 36 - 39 - 40 - 41 - 42 - 44 - 45 - 48 - 49 - 52 - 54 - 55 - 57 - 58 - 59 - 61 - 63 - 65 - 66 - 67 - 68 - 69 - 71 - 75 - 76 - 77 - 78 - 80 - 81 - 83 - 84 - 85 - 88 - 89 - 91 - 92 - 94 - 99 - 101 - 102 - 103 - 105 - 107 - 110 - 111 - 112 - 113 - 114 - 115 - 117 - 118 - 119 - 125 - 127 - 129 - 130 - 132 - 135 - 137 - 138 - 139 - 142 - 144 - 145 - 146 - 148 - 149 - 150 - 152 - 155 - 156 - 157 - 161 - 163 - 164 - 167 - 171 - 172 - 174 - 175 - 176 - 178 - 179 - 182 - 183 - 185 - 188 - 190 - 191 - 192 - 194 - 196 - 197 - 198 - 199 - 200 - 201 - 202 - 203 - 205 - 206 - 207 - 208 - 211 - 213 - 214 - 216 - 217 - 218 - 219 - 220 - 221 - 222 - 223 - 224 - 230 - 231 - 232 - 233 - 235 - 236 - 237 - 239 - 240 - 241 - 242 - 243 - 244 - 247 - 250 - 251 - 252 - 254 - 257 - 258 - 260 - 264 - 266 - 268 - 269 - 270 - 271 - 272 - 274 - 275 - 276 - 278 - 281 - 282 - 283 - 284 - 286 - 288 - 289 - 290 - 293 - 294 - 295 - 298 - 299 - 300 - 301 - 302 - 303 - 304 - 305 - 306 - 308 - 309 - 310 - 312 - 313 - 314 - 315 - 317 - 319 - 320 - 321 - 323 - 324 - 325 - 326 - 328 - 329 - 332 - 338 - 339 - 340 - 342 - 344 - 347 - 356 - 357 - 358 - 360 - 361 - 362 - 363 - 364 - 365 - 366 - 367 - 371 - 373 - 374 - 375 - 377 - 380 - 381 - 383 - 386 - 387 - 388 - 389 - 390 - 391 - 392 - 393 - 394 - 399 - 400 - 406 - 407 - 408 - 409 - 413 - 415 - 416 - 417 - 418 - 420 - 422 - 424 - 426 - 427 - 429 - 430 - 433 - 435 - 437 - 438 - 439 - 440 - 444 - 445 - 447 - 449 - 450 - 452 - 458 - 461 - 462 - 463 - 466 - 467 - 474 - 478 - 479 - 480 - 483 - 484 - 487 - 489 - 490 - 492 - 493 - 496 - 498,21060940.2,0.1,89779,94087,17.86,Cost: 89779 & Capacity: 94087
0 - 1 - 3 - 4 - 7 - 13 - 19 - 26 - 29 - 31 - 32 - 36 - 37 - 40 - 42 - 44 - 47 - 49 - 51 - 59 - 60 - 69 - 70 - 71 - 74 - 75 - 85 - 98 - 102 - 104 - 105 - 107 - 109 - 110 - 112 - 114 - 116 - 117 - 118 - 119 - 127 - 129 - 131 - 134 - 137 - 144 - 145 - 150 - 151 - 156 - 157 - 165 - 167 - 169 - 172 - 177 - 178 - 181 - 182 - 187 - 190 - 193 - 199 - 200 - 205 - 206 - 208 - 212 - 214 - 218 - 221 - 224 - 226 - 227 - 231 - 233 - 240 - 244 - 246 - 248 - 250 - 251 - 253 - 256 - 261 - 265 - 269 - 272 - 273 - 274 - 276 - 277 - 278 - 279 - 283 - 285 - 286 - 295 - 296 - 298 - 302 - 303 - 304 - 310 - 311 - 313 - 319 - 321 - 323 - 328 - 332 - 333 - 340 - 342 - 345 - 346 - 347 - 350 - 352 - 354 - 357 - 364 - 375 - 380 - 384 - 391 - 393 - 397 - 407 - 408 - 411 - 418 - 422 - 425 - 426 - 434 - 435 - 439 - 443 - 449 - 450 - 451 - 452 - 453 - 454 - 462 - 467 - 471 - 473 - 484 - 486 - 487 - 493 - 495,6070124.8,14.8,90701,75779,19.14,Cost: 90701 & Capacity: 75779
0 - 1 - 2 - 5 - 8 - 9 - 10 - 12 - 14 - 15 - 16 - 18 - 20 - 21 - 22 - 23 - 24 - 27 - 28 - 30 - 31 - 32 - 33 - 36 - 39 - 40 - 41 - 42 - 44 - 45 - 46 - 48 - 49 - 52 - 54 - 55 - 57 - 58 - 59 - 61 - 63 - 65 - 66 - 67 - 68 - 69 - 71 - 75 - 76 - 77 - 78 - 80 - 81 - 83 - 84 - 85 - 87 - 88 - 89 - 91 - 92 - 94 - 99 - 101 - 102 - 103 - 105 - 107 - 110 - 111 - 112 - 113 - 114 - 115 - 117 - 118 - 119 - 125 - 127 - 129 - 130 - 132 - 135 - 137 - 138 - 139 - 142 - 144 - 145 - 146 - 148 - 149 - 150 - 152 - 155 - 156 - 157 - 161 - 163 - 164 - 167 - 171 - 172 - 174 - 175 - 176 - 178 - 179 - 182 - 183 - 185 - 188 - 190 - 191 - 192 - 194 - 196 - 197 - 198 - 199 - 200 - 201 - 202 - 203 - 205 - 206 - 207 - 208 - 211 - 213 - 214 - 216 - 217 - 218 - 219 - 220 - 221 - 222 - 223 - 224 - 230 - 231 - 232 - 233 - 235 - 236 - 237 - 239 - 240 - 241 - 242 - 243 - 244 - 247 - 250 - 251 - 252 - 254 - 257 - 258 - 260 - 264 - 266 - 268 - 269 - 270 - 271 - 272 - 274 - 275 - 276 - 278 - 281 - 282 - 283 - 284 - 286 - 288 - 289 - 290 - 293 - 294 - 295 - 298 - 299 - 300 - 301 - 302 - 303 - 304 - 305 - 306 - 308 - 309 - 310 - 312 - 313 - 314 - 315 - 317 - 319 - 320 - 321 - 323 - 324 - 325 - 326 - 328 - 329 - 332 - 338 - 339 - 340 - 342 - 344 - 347 - 356 - 357 - 358 - 360 - 361 - 362 - 363 - 364 - 365 - 366 - 367 - 371 - 373 - 374 - 375 - 377 - 380 - 381 - 383 - 386 - 387 - 388 - 389 - 390 - 391 - 392 - 393 - 394 - 399 - 400 - 406 - 407 - 408 - 409 - 413 - 415 - 416 - 417 - 418 - 420 - 422 - 424 - 426 - 427 - 429 - 430 - 433 - 435 - 437 - 438 - 439 - 440 - 444 - 445 - 447 - 449 - 450 - 452 - 458 - 461 - 462 - 463 - 466 - 467 - 474 - 478 - 479 - 480 - 483 - 484 - 487 - 489 - 490 - 492 - 493 - 496 - 498,21356573.7,0.1,91036,95150,19.77,Cost: 91036 & Capacity: 95150
0 - 1 - 2 - 5 - 8 - 9 - 10 - 12 - 14 - 15 - 16 - 18 - 20 - 21 - 22 - 23 - 24 - 27 - 28 - 30 - 31 - 32 - 33 - 36 - 39 - 40 - 41 - 42 - 44 - 45 - 46 - 48 - 49 - 52 - 54 - 55 - 57 - 58 - 59 - 61 - 63 - 65 - 66 - 67 - 68 - 69 - 71 - 75 - 76 - 77 - 78 - 80 - 81 - 83 - 84 - 85 - 87 - 88 - 89 - 91 - 92 - 94 - 99 - 101 - 102 - 103 - 105 - 107 - 110 - 111 - 112 - 113 - 114 - 115 - 117 - 118 - 119 - 125 - 127 - 129 - 130 - 132 - 135 - 137 - 138 - 139 - 142 - 144 - 145 - 146 - 148 - 149 - 150 - 152 - 155 - 156 - 157 - 161 - 163 - 164 - 167 - 171 - 172 - 174 - 175 - 176 - 178 - 179 - 182 - 183 - 185 - 188 - 190 - 191 - 192 - 194 - 196 - 197 - 198 - 199 - 200 - 201 - 202 - 203 - 205 - 206 - 207 - 208 - 211 - 213 - 214 - 216 - 217 - 218 - 219 - 220 - 221 - 222 - 223 - 224 - 230 - 231 - 232 - 233 - 235 - 236 - 237 - 239 - 240 - 241 - 242 - 243 - 244 - 247 - 250 - 251 - 252 - 254 - 257 - 258 - 260 - 264 - 266 - 268 - 269 - 270 - 271 - 272 - 274 - 275 - 276 - 278 - 281 - 282 - 283 - 284 - 286 - 288 - 289 - 290 - 293 - 294 - 295 - 298 - 299 - 300 - 301 - 302 - 303 - 304 - 305 - 306 - 308 - 309 - 310 - 312 - 313 - 314 - 315 - 317 - 319 - 320 - 321 - 323 - 324 - 325 - 326 - 328 - 329 - 332 - 338 - 339 - 340 - 342 - 344 - 347 - 356 - 357 - 358 - 360 - 361 - 362 - 363 - 364 - 365 - 366 - 367 - 371 - 373 - 374 - 375 - 377 - 380 - 381 - 383 - 386 - 387 - 388 - 389 - 390 - 391 - 392 - 393 - 394 - 399 - 400 - 406 - 407 - 408 - 409 - 413 - 415 - 416 - 417 - 418 - 420 - 422 - 424 - 426 - 427 - 429 - 430 - 433 - 435 - 437 - 438 - 439 - 440 - 444 - 445 - 447 - 449 - 450 - 452 - 458 - 461 - 462 - 463 - 466 - 467 - 474 - 475 - 478 - 479 - 480 - 483 - 484 - 487 - 489 - 490 - 492 - 493 - 496 - 498,21505784.9,0.1,91669,95805,20.15,Cost: 91669 & Capacity: 95805
0 - 1 - 2 - 5 - 8 - 9 - 10 - 12 - 14 - 15 - 16 - 18 - 20 - 21 - 22 - 23 - 24 - 27 - 28 - 30 - 31 - 32 - 33 - 36 - 39 - 40 - 41 - 42 - 44 - 45 - 46 - 48 - 49 - 52 - 54 - 55 - 57 - 58 - 59 - 61 - 63 - 65 - 66 - 67 - 68 - 69 - 71 - 75 - 76 - 77 - 78 - 80 - 81 - 83 - 84 - 85 - 87 - 88 - 89 - 91 - 92 - 94 - 99 - 101 - 102 - 103 - 105 - 107 - 110 - 111 - 112 - 113 - 114 - 115 - 117 - 118 - 119 - 125 - 127 - 129 - 130 - 132 - 135 - 137 - 138 - 139 - 142 - 144 - 145 - 146 - 148 - 149 - 150 - 152 - 155 - 156 - 157 - 161 - 163 - 164 - 167 - 171 - 172 - 174 - 175 - 176 - 178 - 179 - 182 - 183 - 185 - 188 - 190 - 191 - 192 - 194 - 196 - 197 - 198 - 199 - 200 - 201 - 202 - 203 - 205 - 206 - 207 - 208 - 211 - 213 - 214 - 216 - 217 - 218 - 219 - 220 - 221 - 222 - 223 - 224 - 230 - 231 - 232 - 233 - 235 - 236 - 237 - 239 - 240 - 241 - 242 - 243 - 244 - 247 - 250 - 251 - 252 - 254 - 257 - 258 - 260 - 264 - 266 - 268 - 269 - 270 - 271 - 272 - 274 - 275 - 276 - 278 - 281 - 282 - 283 - 284 - 286 - 288 - 289 - 290 - 293 - 294 - 295 - 298 - 299 - 300 - 301 - 302 - 303 - 304 - 305 - 306 - 308 - 309 - 310 - 312 - 313 - 314 - 315 - 317 - 319 - 320 - 321 - 323 - 324 - 325 - 326 - 328 - 329 - 332 - 338 - 339 - 340 - 342 - 344 - 347 - 356 - 357 - 358 - 360 - 361 - 362 - 363 - 364 - 365 - 366 - 367 - 371 - 373 - 374 - 375 - 377 - 380 - 381 - 383 - 386 - 387 - 388 - 389 - 390 - 391 - 392 - 393 - 394 - 399 - 400 - 406 - 407 - 408 - 409 - 413 - 415 - 416 - 417 - 418 - 420 - 422 - 424 - 426 - 427 - 429 - 430 - 433 - 435 - 437 - 438 - 439 - 440 - 444 - 445 - 447 - 449 - 450 - 452 - 458 - 461 - 462 - 463 - 466 - 467 - 474 - 478 - 479 - 480 - 483 - 484 - 487 - 489 - 490 - 492 - 493 - 496 - 498,21356573.7,0.1,91036,95150,20.15,Cost: 91036 & Capacity: 95150
0 - 1 - 3 - 4 - 15 - 23 - 24 - 35 - 44 - 45 - 46 - 47 - 50 - 51 - 58 - 61 - 70 - 75 - 77 - 78 - 95 - 97 - 104 - 105 - 106 - 107 - 108 - 110 - 111 - 112 - 115 - 117 - 118 - 121 - 122 - 127 - 131 - 133 - 137 - 143 - 144 - 145 - 147 - 150 - 152 - 156 - 157 - 166 - 167 - 169 - 173 - 174 - 178 - 181 - 182 - 183 - 189 - 190 - 194 - 195 - 199 - 202 - 203 - 206 - 208 - 209 - 211 - 213 - 215 - 222 - 226 - 227 - 230 - 233 - 236 - 242 - 245 - 250 - 251 - 255 - 256 - 257 - 258 - 260 - 262 - 264 - 265 - 268 - 270 - 271 - 276 - 278 - 285 - 286 - 287 - 290 - 296 - 301 - 304 - 309 - 311 - 312 - 315 - 319 - 330 - 331 - 332 - 333 - 335 - 345 - 350 - 351 - 356 - 357 - 363 - 364 - 366 - 369 - 374 - 375 - 376 - 388 - 391 - 396 - 406 - 407 - 410 - 411 - 412 - 419 - 420 - 422 - 426 - 430 - 433 - 436 - 438 - 439 - 442 - 444 - 445 - 449 - 452 - 453 - 454 - 459 - 462 - 465 - 471 - 472 - 474 - 482 - 484 - 487 - 489 - 490 - 493 - 495,6381364.0,13.1,89870,76453,20.25,Cost: 89870 & Capacity: 76453
0 - 1 - 3 - 4 - 15 - 23 - 24 - 35 - 44 - 45 - 46 - 47 - 50 - 51 - 58 - 61 - 70 - 75 - 77 - 78 - 95 - 97 - 104 - 105 - 106 - 107 - 108 - 110 - 111 - 112 - 115 - 117 - 118 - 121 - 122 - 127 - 130 - 131 - 133 - 137 - 143 - 144 - 145 - 147 - 150 - 152 - 156 - 157 - 166 - 167 - 169 - 173 - 174 - 177 - 178 - 181 - 182 - 183 - 189 - 190 - 194 - 195 - 199 - 202 - 203 - 206 - 208 - 209 - 211 - 213 - 215 - 222 - 226 - 227 - 230 - 233 - 236 - 242 - 245 - 250 - 251 - 255 - 256 - 257 - 258 - 260 - 262 - 264 - 265 - 268 - 270 - 271 - 276 - 278 - 285 - 286 - 287 - 290 - 296 - 301 - 304 - 308 - 309 - 311 - 312 - 315 - 319 - 330 - 331 - 332 - 333 - 335 - 345 - 350 - 351 - 356 - 357 - 363 - 364 - 366 - 369 - 374 - 375 - 376 - 388 - 391 - 396 - 406 - 407 - 410 - 411 - 412 - 419 - 420 - 422 - 426 - 430 - 433 - 436 - 438 - 439 - 442 - 444 - 445 - 449 - 452 - 453 - 454 - 459 - 462 - 465 - 471 - 472 - 474 - 482 - 484 - 487 - 489 - 490 - 493 - 495,6614683.7,12.7,91811,78517,20.25,Cost: 91811 & Capacity: 78517
3 - 5 - 6 - 7 - 17 - 20 - 23 - 24 - 31 - 32 - 33 - 34 - 41 - 42 - 44 - 45 - 46 - 47 - 51 - 54 - 56 - 57 - 58 - 59 - 61 - 64 - 71 - 75 - 76 - 78 - 82 - 96 - 97 - 100 - 105 - 110 - 113 - 117 - 118 - 120 - 122 - 124 - 126 - 127 - 128 - 131 - 144 - 150 - 154 - 156 - 157 - 158 - 161 - 163 - 166 - 167 - 172 - 173 - 177 - 178 - 179 - 181 - 182 - 184 - 189 - 190 - 195 - 198 - 199 - 201 - 202 - 206 - 214 - 227 - 230 - 233 - 242 - 245 - 248 - 250 - 251 - 257 - 267 - 268 - 269 - 270 - 272 - 274 - 276 - 277 - 278 - 279 - 280 - 281 - 286 - 294 - 295 - 296 - 298 - 299 - 304 - 305 - 309 - 310 - 311 - 312 - 313 - 317 - 318 - 322 - 323 - 328 - 332 - 338 - 340 - 341 - 343 - 344 - 345 - 357 - 364 - 366 - 367 - 370 - 371 - 372 - 374 - 380 - 384 - 386 - 387 - 397 - 408 - 414 - 415 - 418 - 421 - 422 - 426 - 427 - 429 - 434 - 439 - 445 - 447 - 450 - 452 - 453 - 455 - 458 - 459 - 465 - 471 - 472 - 473 - 476 - 482 - 484 - 487 - 489 - 490 - 491 - 493 - 494,6840625.2,11.9,90625,74611,21.13,Cost: 90625 & Capacity: 74611
3 - 5 - 6 - 7 - 17 - 20 - 23 - 24 - 31 - 32 - 33 - 34 - 41 - 42 - 44 - 45 - 46 - 47 - 51 - 54 - 56 - 57 - 58 - 59 - 61 - 64 - 71 - 75 - 76 - 78 - 82 - 96 - 97 - 100 - 105 - 110 - 113 - 117 - 118 - 120 - 122 - 124 - 126 - 127 - 128 - 131 - 144 - 150 - 154 - 156 - 157 - 158 - 161 - 163 - 166 - 167 - 172 - 173 - 177 - 178 - 179 - 181 - 182 - 184 - 189 - 190 - 195 - 197 - 198 - 199 - 201 - 202 - 206 - 208 - 214 - 227 - 230 - 233 - 242 - 245 - 248 - 250 - 251 - 257 - 267 - 268 - 269 - 270 - 272 - 274 - 276 - 277 - 278 - 279 - 280 - 281 - 286 - 294 - 295 - 296 - 298 - 299 - 304 - 305 - 309 - 310 - 311 - 312 - 313 - 317 - 318 - 322 - 323 - 328 - 332 - 338 - 340 - 341 - 343 - 344 - 345 - 357 - 364 - 366 - 367 - 370 - 371 - 372 - 374 - 380 - 384 - 386 - 387 - 397 - 408 - 414 - 415 - 418 - 421 - 422 - 426 - 427 - 429 - 434 - 439 - 445 - 447 - 450 - 452 - 453 - 455 - 458 - 459 - 465 - 471 - 472 - 473 - 476 - 482 - 484 - 487 - 489 - 490 - 491 - 493 - 494,7005928.9,11.6,91477,75670,21.13,Cost: 91477 & Capacity: 75670
0 - 1 - 2 - 5 - 8 - 9 - 10 - 12 - 14 - 15 - 16 - 18 - 20 - 21 - 22 - 23 - 24 - 27 - 28 - 30 - 31 - 32 - 33 - 36 - 39 - 40 - 41 - 42 - 44 - 45 - 48 - 49 - 52 - 54 - 55 - 57 - 58 - 59 - 61 - 63 - 65 - 66 - 67 - 68 - 69 - 71 - 75 - 76 - 77 - 78 - 80 - 81 - 83 - 84 - 85 - 87 - 88 - 89 - 91 - 92 - 94 - 99 - 101 - 102 - 103 - 105 - 107 - 110 - 111 - 112 - 113 - 114 - 115 - 117 - 118 - 119 - 125 - 127 - 129 - 130 - 132 - 135 - 137 - 138 - 139 - 142 - 144 - 145 - 146 - 148 - 149 - 150 - 152 - 155 - 156 - 157 - 161 - 163 - 164 - 167 - 171 - 172 - 174 - 175 - 176 - 178 - 179 - 182 - 183 - 185 - 188 - 190 - 191 - 192 - 194 - 196 - 197 - 198 - 199 - 200 - 202 - 203 - 205 - 206 - 207 - 208 - 211 - 213 - 214 - 216 - 217 - 218 - 219 - 220 - 221 - 222 - 223 - 224 - 230 - 231 - 232 - 233 - 235 - 236 - 237 - 239 - 240 - 241 - 242 - 243 - 244 - 247 - 250 - 251 - 252 - 254 - 257 - 258 - 260 - 264 - 266 - 268 - 269 - 270 - 271 - 272 - 274 - 275 - 276 - 278 - 281 - 282 - 283 - 284 - 286 - 288 - 289 - 290 - 293 - 294 - 295 - 298 - 299 - 300 - 301 - 302 - 303 - 304 - 305 - 306 - 308 - 309 - 310 - 312 - 313 - 314 - 315 - 317 - 319 - 320 - 321 - 323 - 324 - 325 - 326 - 328 - 329 - 332 - 338 - 339 - 340 - 342 - 344 - 347 - 356 - 357 - 358 - 360 - 361 - 362 - 363 - 364 - 365 - 366 - 367 - 371 - 373 - 374 - 375 - 377 - 380 - 381 - 383 - 386 - 387 - 388 - 389 - 390 - 391 - 392 - 393 - 394 - 399 - 400 - 406 - 407 - 408 - 409 - 413 - 415 - 416 - 417 - 418 - 420 - 422 - 424 - 426 - 427 - 429 - 430 - 433 - 435 - 437 - 438 - 439 - 440 - 444 - 445 - 447 - 449 - 450 - 452 - 458 - 461 - 462 - 463 - 466 - 467 - 474 - 478 - 479 - 480 - 483 - 484 - 487 - 489 - 490 - 492 - 493 - 496 - 498,21067478.8,0.1,89784,93790,21.32,Cost: 89784 & Capacity: 93790
0 - 1 - 2 - 5 - 8 - 9 - 10 - 12 - 14 - 15 - 16 - 18 - 20 - 21 - 22 - 23 - 24 - 27 - 28 - 30 - 31 - 32 - 33 - 36 - 39 - 40 - 41 - 42 - 44 - 45 - 48 - 49 - 52 - 54 - 55 - 57 - 58 - 59 - 61 - 63 - 65 - 66 - 67 - 68 - 69 - 71 - 75 - 76 - 77 - 78 - 80 - 81 - 83 - 84 - 85 - 88 - 89 - 91 - 92 - 94 - 99 - 101 - 102 - 103 - 105 - 107 - 110 - 111 - 112 - 113 - 114 - 115 - 117 - 118 - 119 - 125 - 127 - 129 - 130 - 132 - 135 - 137 - 138 - 139 - 142 - 144 - 145 - 146 - 148 - 149 - 150 - 152 - 155 - 156 - 157 - 161 - 163 - 164 - 167 - 171 - 172 - 174 - 175 - 176 - 178 - 179 - 182 - 183 - 185 - 188 - 190 - 191 - 192 - 194 - 196 - 197 - 198 - 199 - 200 - 202 - 203 - 205 - 206 - 207 - 208 - 211 - 213 - 214 - 216 - 217 - 218 - 219 - 220 - 221 - 222 - 223 - 224 - 230 - 231 - 232 - 233 - 235 - 236 - 237 - 239 - 240 - 241 - 242 - 243 - 244 - 247 - 250 - 251 - 252 - 254 - 257 - 258 - 260 - 264 - 266 - 268 - 269 - 270 - 271 - 272 - 274 - 275 - 276 - 278 - 281 - 282 - 283 - 284 - 286 - 288 - 289 - 290 - 293 - 294 - 295 - 298 - 299 - 300 - 301 - 302 - 303 - 304 - 305 - 306 - 308 - 309 - 310 - 312 - 313 - 314 - 315 - 317 - 319 - 320 - 321 - 323 - 324 - 325 - 326 - 328 - 329 - 332 - 338 - 339 - 340 - 342 - 344 - 347 - 356 - 357 - 358 - 360 - 361 - 362 - 363 - 364 - 365 - 366 - 367 - 371 - 373 - 374 - 375 - 377 - 380 - 381 - 383 - 386 - 387 - 388 - 389 - 390 - 391 - 392 - 393 - 394 - 399 - 400 - 406 - 407 - 408 - 409 - 413 - 415 - 416 - 417 - 418 - 420 - 422 - 424 - 426 - 427 - 429 - 430 - 433 - 435 - 437 - 438 - 439 - 440 - 444 - 445 - 447 - 449 - 450 - 452 - 458 - 461 - 462 - 463 - 466 - 467 - 474 - 478 - 479 - 480 - 483 - 484 - 487 - 489 - 490 - 492 - 493 - 496 - 498,20915408.3,0.1,89155,93141,21.32,Cost: 89155 & Capacity: 93141
0 - 1 - 2 - 5 - 8 - 9 - 10 - 12 - 14 - 15 - 16 - 18 - 20 - 21 - 22 - 23 - 24 - 27 - 28 - 30 - 31 - 32 - 33 - 36 - 39 - 40 - 41 - 42 - 44 - 45 - 46 - 48 - 49 - 52 - 54 - 55 - 57 - 58 - 59 - 61 - 63 - 65 - 66 - 67 - 68 - 69 - 71 - 75 - 76 - 77 - 78 - 80 - 81 - 83 - 84 - 85 - 87 - 88 - 89 - 91 - 92 - 94 - 99 - 101 - 102 - 103 - 105 - 107 - 110 - 111 - 112 - 113 - 114 - 115 - 117 - 118 - 119 - 125 - 127 - 129 - 130 - 132 - 135 - 137 - 138 - 139 - 142 - 144 - 145 - 146 - 148 - 149 - 150 - 152 - 155 - 156 - 157 - 161 - 163 - 164 - 167 - 171 - 172 - 174 - 175 - 176 - 178 - 179 - 182 - 183 - 185 - 188 - 190 - 191 - 192 - 194 - 196 - 197 - 198 - 199 - 200 - 201 - 202 - 203 - 205 - 206 - 207 - 208 - 211 - 213 - 214 - 216 - 217 - 218 - 219 - 220 - 221 - 222 - 223 - 224 - 230 - 231 - 232 - 233 - 235 - 236 - 237 - 239 - 240 - 241 - 242 - 243 - 244 - 247 - 250 - 251 - 252 - 254 - 257 - 258 - 260 - 264 - 266 - 268 - 269 - 270 - 271 - 272 - 274 - 275 - 276 - 278 - 281 - 282 - 283 - 284 - 286 - 288 - 289 - 290 - 293 - 294 - 295 - 298 - 299 - 300 - 301 - 302 - 303 - 304 - 305 - 306 - 308 - 309 - 310 - 312 - 313 - 314 - 315 - 317 - 319 - 320 - 321 - 323 - 324 - 325 - 326 - 328 - 329 - 332 - 338 - 339 - 340 - 342 - 344 - 347 - 356 - 357 - 358 - 360 - 361 - 362 - 363 - 364 - 365 - 366 - 367 - 371 - 373 - 374 - 375 - 377 - 380 - 381 - 383 - 386 - 387 - 388 - 389 - 390 - 391 - 392 - 393 - 394 - 399 - 400 - 406 - 407 - 408 - 409 - 411 - 413 - 415 - 416 - 417 - 418 - 420 - 422 - 424 - 426 - 427 - 429 - 430 - 433 - 435 - 437 - 438 - 439 - 440 - 444 - 445 - 447 - 449 - 450 - 452 - 458 - 461 - 462 - 463 - 466 - 467 - 474 - 478 - 479 - 480 - 483 - 484 - 487 - 489 - 490 - 492 - 493 - 496 - 498,21506357.0,0.1,91672,95871,21.63,Cost: 91672 & Capacity: 95871
0 - 1 - 2 - 5 - 8 - 9 - 10 - 12 - 14 - 15 - 16 - 18 - 20 - 21 - 22 - 23 - 24 - 27 - 28 - 30 - 32 - 33 - 36 - 39 - 40 - 41 - 42 - 44 - 45 - 48 - 49 - 52 - 54 - 55 - 57 - 58 - 59 - 61 - 63 - 65 - 66 - 67 - 68 - 69 - 71 - 75 - 76 - 77 - 78 - 80 - 81 - 83 - 84 - 85 - 88 - 89 - 91 - 92 - 94 - 99 - 101 - 102 - 103 - 105 - 107 - 110 - 111 - 112 - 113 - 114 - 115 - 117 - 118 - 119 - 125 - 127 - 129 - 132 - 135 - 137 - 138 - 139 - 142 - 144 - 145 - 146 - 148 - 149 - 150 - 152 - 155 - 156 - 157 - 161 - 163 - 164 - 167 - 171 - 172 - 174 - 175 - 176 - 178 - 179 - 182 - 183 - 185 - 188 - 190 - 191 - 192 - 194 - 196 - 197 - 198 - 199 - 200 - 202 - 203 - 205 - 206 - 207 - 208 - 211 - 213 - 214 - 216 - 217 - 218 - 219 - 220 - 221 - 222 - 223 - 224 - 230 - 231 - 232 - 233 - 235 - 236 - 237 - 239 - 240 - 241 - 242 - 243 - 244 - 247 - 250 - 251 - 252 - 254 - 257 - 258 - 260 - 264 - 266 - 268 - 269 - 270 - 271 - 272 - 274 - 275 - 276 - 278 - 281 - 282 - 283 - 284 - 286 - 288 - 289 - 290 - 293 - 294 - 295 - 298 - 299 - 300 - 301 - 302 - 303 - 304 - 305 - 306 - 308 - 309 - 310 - 312 - 313 - 314 - 315 - 317 - 319 - 320 - 321 - 323 - 324 - 325 - 326 - 328 - 329 - 332 - 338 - 339 - 340 - 342 - 344 - 347 - 356 - 357 - 358 - 360 - 361 - 362 - 363 - 365 - 366 - 367 - 371 - 373 - 374 - 375 - 377 - 380 - 381 - 383 - 386 - 387 - 388 - 389 - 390 - 391 - 392 - 393 - 394 - 399 - 400 - 406 - 407 - 408 - 409 - 413 - 415 - 416 - 417 - 418 - 420 - 422 - 424 - 426 - 427 - 429 - 430 - 433 - 435 - 437 - 438 - 439 - 440 - 444 - 445 - 447 - 449 - 450 - 452 - 458 - 461 - 462 - 463 - 466 - 467 - 474 - 478 - 479 - 480 - 483 - 484 - 487 - 489 - 490 - 492 - 493 - 496 - 498,20490870.7,0.1,87281,91349,23.49,Cost: 87281 & Capacity: 91349
0 - 1 - 2 - 5 - 8 - 9 - 10 - 12 - 14 - 15 - 16 - 18 - 20 - 21 - 22 - 23 - 24 - 27 - 28 - 30 - 32 - 33 - 36 - 39 - 40 - 41 - 42 - 44 - 45 - 48 - 49 - 52 - 54 - 55 - 57 - 58 - 59 - 61 - 63 - 65 - 66 - 67 - 68 - 69 - 71 - 75 - 76 - 77 - 78 - 80 - 81 - 83 - 84 - 85 - 88 - 89 - 91 - 92 - 94 - 99 - 101 - 102 - 103 - 105 - 107 - 110 - 111 - 112 - 113 - 114 - 115 - 117 - 118 - 119 - 125 - 127 - 129 - 130 - 132 - 135 - 137 - 138 - 139 - 142 - 144 - 145 - 146 - 148 - 149 - 150 - 152 - 155 - 156 - 157 - 161 - 163 - 164 - 167 - 171 - 172 - 174 - 175 - 176 - 178 - 179 - 182 - 183 - 185 - 188 - 190 - 191 - 192 - 194 - 196 - 197 - 198 - 199 - 200 - 202 - 203 - 205 - 206 - 207 - 208 - 211 - 213 - 214 - 216 - 217 - 218 - 219 - 220 - 221 - 222 - 223 - 224 - 230 - 231 - 232 - 233 - 235 - 236 - 237 - 239 - 240 - 241 - 242 - 243 - 244 - 247 - 250 - 251 - 252 - 254 - 257 - 258 - 260 - 264 - 266 - 268 - 269 - 270 - 271 - 272 - 274 - 275 - 276 - 278 - 281 - 282 - 283 - 284 - 286 - 288 - 289 - 290 - 293 - 294 - 295 - 298 - 299 - 300 - 301 - 302 - 303 - 304 - 305 - 306 - 308 - 309 - 310 - 312 - 313 - 314 - 315 - 317 - 319 - 320 - 321 - 323 - 324 - 325 - 326 - 328 - 329 - 332 - 338 - 339 - 340 - 342 - 344 - 347 - 356 - 357 - 358 - 360 - 361 - 362 - 363 - 364 - 365 - 366 - 367 - 371 - 373 - 374 - 375 - 377 - 380 - 381 - 383 - 386 - 387 - 388 - 389 - 390 - 391 - 392 - 393 - 394 - 399 - 400 - 406 - 407 - 408 - 409 - 413 - 415 - 416 - 417 - 418 - 420 - 422 - 424 - 426 - 427 - 429 - 430 - 433 - 435 - 437 - 438 - 439 - 440 - 444 - 445 - 447 - 449 - 450 - 452 - 458 - 461 - 462 - 463 - 466 - 467 - 474 - 478 - 479 - 480 - 483 - 484 - 487 - 489 - 490 - 492 - 493 - 496 - 498,20775232.2,0.1,88530,92299,23.49,Cost: 88530 & Capacity: 92299
0 - 1 - 2 - 5 - 8 - 9 - 10 - 12 - 14 - 15 - 16 - 18 - 20 - 21 - 22 - 23 - 24 - 27 - 28 - 30 - 32 - 33 - 36 - 39 - 40 - 41 - 42 - 44 - 45 - 46 - 48 - 49 - 52 - 54 - 55 - 57 - 58 - 59 - 61 - 63 - 65 - 66 - 67 - 68 - 69 - 71 - 75 - 76 - 77 - 78 - 80 - 81 - 83 - 84 - 85 - 88 - 89 - 91 - 92 - 94 - 99 - 101 - 102 - 103 - 105 - 107 - 110 - 111 - 112 - 113 - 114 - 115 - 117 - 118 - 119 - 125 - 127 - 129 - 130 - 132 - 135 - 137 - 138 - 139 - 142 - 144 - 145 - 146 - 148 - 149 - 150 - 152 - 155 - 156 - 157 - 161 - 163 - 164 - 167 - 171 - 172 - 174 - 175 - 176 - 178 - 179 - 182 - 183 - 185 - 188 - 190 - 191 - 192 - 194 - 196 - 197 - 198 - 199 - 200 - 201 - 202 - 203 - 205 - 206 - 207 - 208 - 211 - 213 - 214 - 216 - 217 - 218 - 219 - 220 - 221 - 222 - 223 - 224 - 230 - 231 - 232 - 233 - 235 - 236 - 237 - 239 - 240 - 241 - 242 - 243 - 244 - 247 - 250 - 251 - 252 - 254 - 257 - 258 - 260 - 264 - 266 - 268 - 269 - 270 - 271 - 272 - 274 - 275 - 276 - 278 - 281 - 282 - 283 - 284 - 286 - 288 - 289 - 290 - 293 - 294 - 295 - 298 - 299 - 300 - 301 - 302 - 303 - 304 - 305 - 306 - 308 - 309 - 310 - 312 - 313 - 314 - 315 - 317 - 319 - 320 - 321 - 323 - 324 - 325 - 326 - 328 - 329 - 332 - 338 - 339 - 340 - 342 - 344 - 347 - 356 - 357 - 358 - 360 - 361 - 362 - 363 - 364 - 365 - 366 - 367 - 371 - 373 - 374 - 375 - 377 - 380 - 381 - 383 - 386 - 387 - 388 - 389 - 390 - 391 - 392 - 393 - 394 - 399 - 400 - 406 - 407 - 408 - 409 - 413 - 415 - 416 - 417 - 418 - 420 - 422 - 424 - 426 - 427 - 429 - 430 - 433 - 435 - 437 - 438 - 439 - 440 - 444 - 445 - 447 - 449 - 450 - 452 - 458 - 461 - 462 - 463 - 466 - 467 - 474 - 478 - 479 - 480 - 483 - 484 - 487 - 489 - 490 - 492 - 493 - 496 - 498,21061691.4,0.1,89782,93659,23.49,Cost: 89782 & Capacity: 93659
0 - 1 - 2 - 5 - 8 - 9 - 10 - 12 - 14 - 15 - 16 - 18 - 20 - 21 - 22 - 23 - 24 - 27 - 28 - 30 - 32 - 33 - 36 - 39 - 40 - 41 - 42 - 44 - 45 - 48 - 49 - 52 - 54 - 55 - 57 - 58 - 59 - 61 - 63 - 65 - 66 - 67 - 68 - 69 - 71 - 75 - 76 - 77 - 78 - 80 - 81 - 83 - 84 - 85 - 88 - 89 - 91 - 92 - 94 - 99 - 101 - 102 - 103 - 105 - 107 - 110 - 111 - 112 - 113 - 114 - 115 - 117 - 118 - 119 - 125 - 127 - 129 - 130 - 132 - 135 - 137 - 138 - 139 - 142 - 144 - 145 - 146 - 148 - 149 - 150 - 152 - 155 - 156 - 157 - 161 - 163 - 164 - 167 - 171 - 172 - 174 - 175 - 176 - 178 - 179 - 182 - 183 - 185 - 188 - 190 - 191 - 192 - 194 - 196 - 197 - 198 - 199 - 200 - 201 - 202 - 203 - 205 - 206 - 207 - 208 - 211 - 213 - 214 - 216 - 217 - 218 - 219 - 220 - 221 - 222 - 223 - 224 - 230 - 231 - 232 - 233 - 235 - 236 - 237 - 239 - 240 - 241 - 242 - 243 - 244 - 247 - 250 - 251 - 252 - 254 - 257 - 258 - 260 - 264 - 266 - 268 - 269 - 270 - 271 - 272 - 274 - 275 - 276 - 278 - 281 - 282 - 283 - 284 - 286 - 288 - 289 - 290 - 293 - 294 - 295 - 298 - 299 - 300 - 301 - 302 - 303 - 304 - 305 - 306 - 308 - 309 - 310 - 312 - 313 - 314 - 315 - 317 - 319 - 320 - 321 - 323 - 324 - 325 - 326 - 328 - 329 - 332 - 338 - 339 - 340 - 342 - 344 - 347 - 356 - 357 - 358 - 360 - 361 - 362 - 363 - 365 - 366 - 367 - 371 - 373 - 374 - 375 - 377 - 380 - 381 - 383 - 386 - 387 - 388 - 389 - 390 - 391 - 392 - 393 - 394 - 399 - 400 - 406 - 407 - 408 - 409 - 413 - 415 - 416 - 417 - 418 - 420 - 422 - 424 - 426 - 427 - 429 - 430 - 433 - 435 - 437 - 438 - 439 - 440 - 444 - 445 - 447 - 449 - 450 - 452 - 458 - 461 - 462 - 463 - 466 - 467 - 474 - 478 - 479 - 480 - 483 - 484 - 487 - 489 - 490 - 492 - 493 - 496 - 498,20775457.9,0.1,88527,92754,23.65,Cost: 88527 & Capacity: 92754
0 - 1 - 2 - 5 - 8 - 9 - 10 - 12 - 14 - 15 - 16 - 18 - 20 - 21 - 22 - 23 - 24 - 27 - 28 - 30 - 32 - 33 - 36 - 39 - 40 - 41 - 42 - 44 - 45 - 48 - 49 - 52 - 54 - 55 - 57 - 58 - 59 - 61 - 63 - 65 - 66 - 67 - 68 - 69 - 71 - 75 - 76 - 77 - 78 - 80 - 81 - 83 - 84 - 85 - 88 - 89 - 91 - 92 - 94 - 99 - 101 - 102 - 103 - 105 - 107 - 110 - 111 - 112 - 113 - 114 - 115 - 117 - 118 - 119 - 125 - 127 - 129 - 132 - 135 - 137 - 138 - 139 - 142 - 144 - 145 - 146 - 148 - 149 - 150 - 152 - 155 - 156 - 157 - 161 - 163 - 164 - 167 - 171 - 172 - 174 - 175 - 176 - 178 - 179 - 182 - 183 - 185 - 188 - 190 - 191 - 192 - 194 - 196 - 197 - 198 - 199 - 200 - 202 - 203 - 205 - 206 - 207 - 208 - 211 - 213 - 214 - 216 - 217 - 218 - 219 - 220 - 221 - 222 - 223 - 224 - 230 - 231 - 232 - 233 - 235 - 236 - 237 - 239 - 240 - 241 - 242 - 243 - 244 - 247 - 250 - 251 - 252 - 254 - 257 - 258 - 260 - 264 - 266 - 268 - 269 - 270 - 271 - 272 - 274 - 275 - 276 - 278 - 281 - 282 - 283 - 284 - 286 - 288 - 289 - 290 - 293 - 294 - 295 - 298 - 299 - 300 - 301 - 302 - 303 - 304 - 305 - 306 - 308 - 309 - 310 - 312 - 313 - 314 - 315 - 317 - 319 - 320 - 321 - 323 - 324 - 325 - 326 - 328 - 329 - 332 - 338 - 339 - 340 - 342 - 344 - 347 - 356 - 357 - 358 - 360 - 361 - 362 - 363 - 365 - 366 - 367 - 371 - 374 - 375 - 377 - 380 - 381 - 383 - 386 - 387 - 388 - 389 - 390 - 391 - 392 - 393 - 394 - 399 - 400 - 406 - 407 - 408 - 409 - 413 - 415 - 416 - 417 - 418 - 420 - 422 - 424 - 426 - 427 - 429 - 430 - 433 - 435 - 437 - 438 - 439 - 440 - 444 - 445 - 447 - 449 - 450 - 452 - 458 - 461 - 462 - 463 - 466 - 467 - 474 - 478 - 479 - 480 - 483 - 484 - 487 - 489 - 490 - 492 - 493 - 496 - 498,20344510.1,0.1,86663,91002,23.65,Cost: 86663 & Capacity: 91002
3 - 8 - 13 - 39 - 40 - 41 - 44 - 46 - 47 - 48 - 50 - 53 - 60 - 62 - 63 - 71 - 75 - 76 - 97 - 98 - 99 - 101 - 105 - 106 - 109 - 114 - 116 - 119 - 120 - 121 - 126 - 130 - 131 - 133 - 136 - 139 - 153 - 158 - 160 - 169 - 171 - 172 - 182 - 184 - 185 - 187 - 188 - 193 - 204 - 205 - 212 - 213 - 217 - 222 - 227 - 228 - 229 - 230 - 233 - 244 - 246 - 252 - 262 - 263 - 264 - 266 - 269 - 276 - 279 - 284 - 285 - 286 - 287 - 290 - 296 - 297 - 305 - 306 - 310 - 311 - 312 - 314 - 316 - 319 - 320 - 321 - 324 - 328 - 331 - 333 - 335 - 338 - 341 - 342 - 345 - 346 - 347 - 348 - 352 - 354 - 355 - 362 - 369 - 370 - 384 - 390 - 394 - 400 - 401 - 406 - 407 - 411 - 412 - 418 - 422 - 426 - 429 - 432 - 433 - 446 - 449 - 451 - 454 - 455 - 462 - 465 - 471 - 475 - 482 - 484 - 486 - 487 - 488 - 493 - 495 - 496,4711430.8,16.6,92121,75924,23.85,Cost: 92121 & Capacity: 75924
0 - 1 - 2 - 5 - 8 - 9 - 10 - 12 - 14 - 15 - 16 - 18 - 20 - 21 - 22 - 23 - 24 - 27 - 28 - 30 - 32 - 33 - 36 - 39 - 40 - 41 - 42 - 44 - 45 - 48 - 49 - 52 - 54 - 55 - 57 - 58 - 59 - 61 - 65 - 66 - 67 - 68 - 69 - 71 - 75 - 76 - 77 - 78 - 80 - 81 - 83 - 84 - 85 - 88 - 89 - 91 - 92 - 94 - 99 - 101 - 102 - 103 - 105 - 107 - 110 - 111 - 112 - 113 - 114 - 115 - 117 - 118 - 119 - 125 - 127 - 129 - 132 - 135 - 137 - 138 - 139 - 142 - 144 - 145 - 146 - 148 - 149 - 150 - 152 - 155 - 156 - 157 - 161 - 163 - 164 - 167 - 171 - 172 - 174 - 175 - 176 - 178 - 179 - 182 - 183 - 185 - 188 - 190 - 191 - 192 - 194 - 196 - 197 - 198 - 199 - 200 - 202 - 203 - 205 - 206 - 207 - 208 - 211 - 213 - 214 - 216 - 217 - 218 - 219 - 220 - 221 - 222 - 223 - 224 - 230 - 231 - 232 - 233 - 235 - 236 - 237 - 239 - 240 - 241 - 242 - 243 - 244 - 247 - 250 - 251 - 252 - 254 - 257 - 258 - 260 - 264 - 266 - 268 - 269 - 270 - 271 - 272 - 274 - 275 - 276 - 278 - 281 - 282 - 283 - 284 - 286 - 288 - 289 - 290 - 293 - 294 - 295 - 298 - 299 - 300 - 301 - 302 - 303 - 304 - 305 - 306 - 308 - 309 - 310 - 312 - 313 - 314 - 315 - 317 - 319 - 320 - 321 - 323 - 324 - 325 - 326 - 328 - 329 - 332 - 338 - 339 - 340 - 342 - 344 - 347 - 356 - 357 - 358 - 360 - 361 - 362 - 363 - 365 - 366 - 367 - 371 - 374 - 375 - 377 - 380 - 381 - 383 - 386 - 387 - 388 - 389 - 390 - 391 - 392 - 393 - 394 - 399 - 400 - 406 - 407 - 408 - 409 - 413 - 415 - 416 - 417 - 418 - 420 - 422 - 424 - 426 - 427 - 429 - 430 - 433 - 435 - 437 - 438 - 439 - 440 - 444 - 445 - 447 - 449 - 450 - 452 - 458 - 461 - 462 - 463 - 466 - 467 - 474 - 478 - 479 - 480 - 483 - 484 - 487 - 489 - 490 - 492 - 493 - 496 - 498,20208291.5,0.1,86051,90612,24.79,Cost: 86051 & Capacity: 90612
0 - 1 - 2 - 5 - 8 - 9 - 10 - 12 - 14 - 15 - 16 - 18 - 20 - 21 - 22 - 23 - 24 - 27 - 28 - 30 - 31 - 32 - 33 - 36 - 39 - 40 - 41 - 42 - 44 - 45 - 46 - 48 - 49 - 52 - 54 - 55 - 57 - 58 - 59 - 61 - 63 - 65 - 66 - 67 - 68 - 69 - 71 - 75 - 76 - 77 - 78 - 80 - 81 - 83 - 84 - 85 - 87 - 88 - 89 - 91 - 92 - 94 - 99 - 101 - 102 - 103 - 105 - 107 - 110 - 111 - 112 - 113 - 114 - 115 - 117 - 118 - 119 - 125 - 127 - 129 - 130 - 132 - 135 - 137 - 138 - 139 - 142 - 144 - 145 - 146 - 148 - 149 - 150 - 152 - 155 - 156 - 157 - 161 - 163 - 164 - 167 - 171 - 172 - 174 - 175 - 176 - 178 - 179 - 182 - 183 - 185 - 188 - 190 - 191 - 192 - 194 - 196 - 197 - 198 - 199 - 200 - 201 - 202 - 203 - 205 - 206 - 207 - 208 - 211 - 213 - 214 - 216 - 217 - 218 - 219 - 220 - 221 - 222 - 223 - 224 - 230 - 231 - 232 - 233 - 235 - 236 - 237 - 239 - 240 - 241 - 242 - 243 - 244 - 247 - 250 - 251 - 252 - 254 - 257 - 258 - 260 - 264 - 266 - 268 - 269 - 270 - 271 - 272 - 274 - 275 - 276 - 278 - 281 - 282 - 283 - 284 - 286 - 288 - 289 - 290 - 293 - 294 - 295 - 298 - 299 - 300 - 301 - 302 - 303 - 304 - 305 - 306 - 308 - 309 - 310 - 312 - 313 - 314 - 315 - 317 - 319 - 320 - 321 - 323 - 324 - 325 - 326 - 328 - 329 - 332 - 338 - 339 - 340 - 342 - 344 - 347 - 356 - 357 - 358 - 360 - 361 - 362 - 363 - 364 - 365 - 366 - 367 - 371 - 373 - 374 - 375 - 377 - 380 - 381 - 383 - 386 - 387 - 388 - 389 - 390 - 391 - 392 - 393 - 394 - 399 - 400 - 406 - 407 - 408 - 409 - 413 - 415 - 416 - 417 - 418 - 420 - 422 - 424 - 426 - 427 - 429 - 430 - 433 - 435 - 437 - 438 - 439 - 440 - 444 - 445 - 447 - 449 - 450 - 452 - 458 - 461 - 462 - 463 - 466 - 467 - 474 - 478 - 479 - 480 - 483 - 484 - 487 - 489 - 490 - 492 - 493 - 496 - 498,21356573.7,0.1,91036,95150,25.68,Cost: 91036 & Capacity: 95150
0 - 1 - 2 - 5 - 8 - 9 - 10 - 12 - 14 - 15 - 16 - 18 - 20 - 21 - 22 - 23 - 24 - 27 - 28 - 30 - 31 - 32 - 33 - 36 - 39 - 40 - 41 - 42 - 44 - 45 - 48 - 49 - 52 - 54 - 55 - 57 - 58 - 59 - 61 - 63 - 65 - 66 - 67 - 68 - 69 - 71 - 75 - 76 - 77 - 78 - 80 - 81 - 83 - 84 - 85 - 88 - 89 - 91 - 92 - 94 - 99 - 101 - 102 - 103 - 105 - 107 - 110 - 111 - 112 - 113 - 114 - 115 - 117 - 118 - 119 - 125 - 127 - 129 - 130 - 132 - 135 - 137 - 138 - 139 - 142 - 144 - 145 - 146 - 148 - 149 - 150 - 152 - 155 - 156 - 157 - 161 - 163 - 164 - 167 - 171 - 172 - 174 - 175 - 176 - 178 - 179 - 182 - 183 - 185 - 188 - 190 - 191 - 192 - 194 - 196 - 197 - 198 - 199 - 200 - 201 - 202 - 203 - 205 - 206 - 207 - 208 - 211 - 213 - 214 - 216 - 217 - 218 - 219 - 220 - 221 - 222 - 223 - 224 - 230 - 231 - 232 - 233 - 235 - 236 - 237 - 239 - 240 - 241 - 242 - 243 - 244 - 247 - 250 - 251 - 252 - 254 - 257 - 258 - 260 - 264 - 266 - 268 - 269 - 270 - 271 - 272 - 274 - 275 - 276 - 278 - 281 - 282 - 283 - 284 - 286 - 288 - 289 - 290 - 293 - 294 - 295 - 298 - 299 - 300 - 301 - 302 - 303 - 304 - 305 - 306 - 308 - 309 - 310 - 312 - 313 - 314 - 315 - 317 - 319 - 320 - 321 - 323 - 324 - 325 - 326 - 328 - 329 - 332 - 338 - 339 - 340 - 342 - 344 - 347 - 356 - 357 - 358 - 360 - 361 - 362 - 363 - 364 - 365 - 366 - 367 - 371 - 373 - 374 - 375 - 377 - 380 - 381 - 383 - 386 - 387 - 388 - 389 - 390 - 391 - 392 - 393 - 394 - 399 - 400 - 406 - 407 - 408 - 409 - 413 - 415 - 416 - 417 - 418 - 420 - 422 - 424 - 426 - 427 - 429 - 430 - 433 - 435 - 437 - 438 - 439 - 440 - 444 - 445 - 447 - 449 - 450 - 452 - 458 - 461 - 462 - 463 - 466 - 467 - 474 - 478 - 479 - 480 - 483 - 484 - 487 - 489 - 490 - 492 - 493 - 496 - 498,21060940.2,0.1,89779,94087,27.16,Cost: 89779 & Capacity: 94087
0 - 1 - 2 - 5 - 8 - 9 - 10 - 12 - 14 - 15 - 16 - 18 - 20 - 21 - 22 - 23 - 24 - 27 - 28 - 30 - 32 - 33 - 36 - 39 - 40 - 41 - 42 - 44 - 45 - 48 - 49 - 52 - 54 - 55 - 57 - 58 - 59 - 61 - 63 - 65 - 66 - 67 - 68 - 69 - 71 - 75 - 76 - 77 - 78 - 80 - 81 - 83 - 84 - 85 - 88 - 89 - 91 - 92 - 94 - 99 - 101 - 102 - 103 - 105 - 107 - 110 - 111 - 112 - 113 - 114 - 115 - 117 - 118 - 119 - 125 - 127 - 129 - 130 - 132 - 135 - 137 - 138 - 139 - 142 - 144 - 145 - 146 - 148 - 149 - 150 - 152 - 155 - 156 - 157 - 161 - 163 - 164 - 167 - 171 - 172 - 174 - 175 - 176 - 178 - 179 - 182 - 183 - 185 - 188 - 190 - 191 - 192 - 194 - 196 - 197 - 198 - 199 - 200 - 201 - 202 - 203 - 205 - 206 - 207 - 208 - 211 - 213 - 214 - 216 - 217 - 218 - 219 - 220 - 221 - 222 - 223 - 224 - 230 - 231 - 232 - 233 - 235 - 236 - 237 - 239 - 240 - 241 - 242 - 243 - 244 - 247 - 250 - 251 - 252 - 254 - 257 - 258 - 260 - 264 - 266 - 268 - 269 - 270 - 271 - 272 - 274 - 275 - 276 - 278 - 281 - 282 - 283 - 284 - 286 - 288 - 289 - 290 - 293 - 294 - 295 - 298 - 299 - 300 - 301 - 302 - 303 - 304 - 305 - 306 - 308 - 309 - 310 - 312 - 313 - 314 - 315 - 317 - 319 - 320 - 321 - 323 - 324 - 325 - 326 - 328 - 329 - 332 - 338 - 339 - 340 - 342 - 344 - 347 - 356 - 357 - 358 - 360 - 361 - 362 - 363 - 364 - 365 - 366 - 367 - 371 - 373 - 374 - 375 - 377 - 380 - 381 - 383 - 386 - 387 - 388 - 389 - 390 - 391 - 392 - 393 - 394 - 399 - 400 - 406 - 407 - 408 - 409 - 413 - 415 - 416 - 417 - 418 - 420 - 422 - 424 - 426 - 427 - 429 - 430 - 433 - 435 - 437 - 438 - 439 - 440 - 444 - 445 - 447 - 449 - 450 - 452 - 458 - 461 - 462 - 463 - 466 - 467 - 474 - 478 - 479 - 480 - 483 - 484 - 487 - 489 - 490 - 492 - 493 - 496 - 498,20920716.7,0.1,89154,93245,27.16,Cost: 89154 & Capacity: 93245
0 - 1 - 2 - 5 - 8 - 9 - 10 - 12 - 14 - 15 - 16 - 18 - 20 - 21 - 22 - 23 - 24 - 27 - 28 - 30 - 32 - 33 - 36 - 39 - 40 - 41 - 42 - 44 - 45 - 48 - 49 - 52 - 54 - 55 - 57 - 58 - 59 - 61 - 63 - 65 - 66 - 67 - 68 - 69 - 71 - 75 - 76 - 77 - 78 - 81 - 83 - 84 - 85 - 88 - 89 - 91 - 92 - 94 - 99 - 101 - 102 - 103 - 105 - 107 - 110 - 111 - 112 - 113 - 114 - 115 - 117 - 118 - 119 - 125 - 127 - 129 - 132 - 135 - 137 - 138 - 139 - 142 - 144 - 145 - 146 - 148 - 149 - 150 - 152 - 155 - 156 - 157 - 161 - 163 - 164 - 167 - 171 - 172 - 174 - 175 - 176 - 178 - 179 - 182 - 183 - 185 - 188 - 190 - 191 - 192 - 194 - 196 - 197 - 198 - 199 - 200 - 202 - 203 - 205 - 206 - 207 - 208 - 211 - 213 - 214 - 216 - 217 - 218 - 219 - 220 - 221 - 222 - 223 - 224 - 230 - 231 - 232 - 233 - 235 - 236 - 237 - 239 - 240 - 241 - 242 - 243 - 244 - 247 - 250 - 251 - 252 - 254 - 257 - 258 - 260 - 264 - 266 - 268 - 269 - 270 - 271 - 272 - 274 - 275 - 276 - 278 - 281 - 282 - 283 - 284 - 286 - 288 - 289 - 290 - 293 - 294 - 295 - 298 - 299 - 300 - 301 - 302 - 303 - 304 - 305 - 306 - 308 - 309 - 310 - 312 - 313 - 314 - 315 - 317 - 319 - 320 - 321 - 323 - 324 - 325 - 326 - 328 - 329 - 332 - 338 - 339 - 340 - 342 - 344 - 347 - 356 - 357 - 358 - 360 - 361 - 362 - 363 - 365 - 366 - 367 - 371 - 374 - 375 - 377 - 380 - 381 - 383 - 386 - 387 - 388 - 389 - 390 - 391 - 392 - 393 - 394 - 399 - 400 - 406 - 407 - 408 - 409 - 413 - 415 - 416 - 417 - 418 - 420 - 422 - 424 - 426 - 427 - 429 - 430 - 433 - 435 - 437 - 438 - 439 - 440 - 444 - 445 - 447 - 449 - 450 - 452 - 458 - 461 - 462 - 463 - 466 - 467 - 474 - 478 - 479 - 480 - 483 - 484 - 487 - 489 - 490 - 492 - 493 - 496 - 498,20201200.9,0.1,86051,90659,28.16,Cost: 86051 & Capacity: 90659
0 - 1 - 2 - 5 - 8 - 9 - 10 - 12 - 14 - 15 - 16 - 18 - 20 - 21 - 22 - 23 - 24 - 27 - 28 - 30 - 32 - 33 - 36 - 39 - 40 - 41 - 42 - 44 - 45 - 48 - 49 - 52 - 54 - 55 - 57 - 58 - 59 - 61 - 63 - 65 - 66 - 67 - 68 - 69 - 71 - 75 - 76 - 77 - 78 - 81 - 83 - 84 - 85 - 88 - 89 - 91 - 92 - 94 - 99 - 101 - 102 - 103 - 105 - 107 - 110 - 111 - 112 - 113 - 114 - 115 - 117 - 118 - 119 - 125 - 127 - 129 - 132 - 135 - 137 - 138 - 139 - 142 - 144 - 145 - 146 - 148 - 149 - 150 - 152 - 155 - 156 - 157 - 161 - 163 - 164 - 167 - 171 - 172 - 174 - 175 - 176 - 178 - 179 - 182 - 183 - 185 - 188 - 190 - 191 - 192 - 194 - 196 - 197 - 198 - 199 - 200 - 202 - 203 - 205 - 206 - 207 - 208 - 211 - 213 - 214 - 216 - 217 - 218 - 219 - 220 - 221 - 222 - 223 - 224 - 230 - 231 - 232 - 233 - 235 - 236 - 237 - 239 - 240 - 241 - 242 - 243 - 244 - 247 - 250 - 251 - 252 - 254 - 257 - 258 - 260 - 264 - 266 - 268 - 269 - 270 - 271 - 272 - 274 - 275 - 276 - 278 - 281 - 282 - 283 - 284 - 286 - 288 - 289 - 290 - 293 - 294 - 295 - 298 - 299 - 300 - 301 - 302 - 303 - 304 - 305 - 306 - 308 - 309 - 310 - 312 - 313 - 314 - 315 - 317 - 319 - 320 - 321 - 323 - 324 - 325 - 326 - 328 - 329 - 332 - 338 - 339 - 340 - 342 - 344 - 347 - 356 - 357 - 358 - 360 - 361 - 362 - 363 - 365 - 366 - 367 - 371 - 373 - 374 - 375 - 377 - 380 - 381 - 383 - 386 - 387 - 388 - 389 - 390 - 391 - 392 - 393 - 394 - 399 - 400 - 406 - 407 - 408 - 409 - 413 - 415 - 416 - 417 - 418 - 420 - 422 - 424 - 426 - 427 - 429 - 430 - 433 - 435 - 437 - 438 - 439 - 440 - 444 - 445 - 447 - 449 - 450 - 452 - 458 - 461 - 462 - 463 - 466 - 467 - 474 - 478 - 479 - 480 - 483 - 484 - 487 - 489 - 490 - 492 - 493 - 496 - 498,20346822.3,0.1,86669,91006,28.16,Cost: 86669 & Capacity: 91006
0 - 1 - 2 - 5 - 8 - 9 - 10 - 12 - 14 - 15 - 16 - 18 - 20 - 21 - 22 - 23 - 24 - 27 - 28 - 30 - 32 - 33 - 36 - 39 - 40 - 41 - 42 - 44 - 45 - 48 - 49 - 52 - 54 - 55 - 57 - 58 - 59 - 61 - 63 - 65 - 66 - 67 - 68 - 69 - 71 - 75 - 76 - 77 - 78 - 81 - 83 - 84 - 85 - 88 - 89 - 91 - 92 - 94 - 99 - 101 - 102 - 103 - 105 - 107 - 110 - 111 - 112 - 113 - 114 - 115 - 117 - 118 - 119 - 125 - 127 - 129 - 130 - 132 - 135 - 137 - 138 - 139 - 142 - 144 - 145 - 146 - 148 - 149 - 150 - 152 - 155 - 156 - 157 - 161 - 163 - 164 - 167 - 171 - 172 - 174 - 175 - 176 - 178 - 179 - 182 - 183 - 185 - 188 - 190 - 191 - 192 - 194 - 196 - 197 - 198 - 199 - 200 - 202 - 203 - 205 - 206 - 207 - 208 - 211 - 213 - 214 - 216 - 217 - 218 - 219 - 220 - 221 - 222 - 223 - 224 - 230 - 231 - 232 - 233 - 235 - 236 - 237 - 239 - 240 - 241 - 242 - 243 - 244 - 247 - 250 - 251 - 252 - 254 - 257 - 258 - 260 - 264 - 266 - 268 - 269 - 270 - 271 - 272 - 274 - 275 - 276 - 278 - 281 - 282 - 283 - 284 - 286 - 288 - 289 - 290 - 293 - 294 - 295 - 298 - 299 - 300 - 301 - 302 - 303 - 304 - 305 - 306 - 308 - 309 - 310 - 312 - 313 - 314 - 315 - 317 - 319 - 320 - 321 - 323 - 324 - 325 - 326 - 328 - 329 - 332 - 338 - 339 - 340 - 342 - 344 - 347 - 356 - 357 - 358 - 360 - 361 - 362 - 363 - 365 - 366 - 367 - 371 - 373 - 374 - 375 - 377 - 380 - 381 - 383 - 386 - 387 - 388 - 389 - 390 - 391 - 392 - 393 - 394 - 399 - 400 - 406 - 407 - 408 - 409 - 413 - 415 - 416 - 417 - 418 - 420 - 422 - 424 - 426 - 427 - 429 - 430 - 433 - 435 - 437 - 438 - 439 - 440 - 444 - 445 - 447 - 449 - 450 - 452 - 458 - 461 - 462 - 463 - 466 - 467 - 474 - 478 - 479 - 480 - 483 - 484 - 487 - 489 - 490 - 492 - 493 - 496 - 498,20486475.4,0.1,87291,91465,28.16,Cost: 87291 & Capacity: 91465
0 - 1 - 2 - 5 - 8 - 9 - 10 - 12 - 14 - 15 - 16 - 18 - 20 - 21 - 22 - 23 - 24 - 27 - 28 - 30 - 32 - 33 - 36 - 39 - 40 - 41 - 42 - 44 - 45 - 48 - 49 - 52 - 54 - 55 - 57 - 58 - 59 - 61 - 63 - 65 - 66 - 67 - 68 - 69 - 71 - 75 - 76 - 77 - 78 - 80 - 81 - 83 - 84 - 85 - 88 - 89 - 91 - 92 - 94 - 99 - 101 - 102 - 103 - 105 - 107 - 110 - 111 - 112 - 113 - 114 - 115 - 117 - 118 - 119 - 125 - 127 - 129 - 130 - 132 - 135 - 137 - 138 - 139 - 142 - 144 - 145 - 146 - 148 - 149 - 150 - 152 - 155 - 156 - 157 - 161 - 163 - 164 - 167 - 171 - 172 - 174 - 175 - 176 - 178 - 179 - 182 - 183 - 185 - 188 - 190 - 191 - 192 - 194 - 196 - 197 - 198 - 199 - 200 - 201 - 202 - 203 - 205 - 206 - 207 - 208 - 211 - 213 - 214 - 216 - 217 - 218 - 219 - 220 - 221 - 222 - 223 - 224 - 230 - 231 - 232 - 233 - 235 - 236 - 237 - 239 - 240 - 241 - 242 - 243 - 244 - 247 - 250 - 251 - 252 - 254 - 257 - 258 - 260 - 264 - 266 - 268 - 269 - 270 - 271 - 272 - 274 - 275 - 276 - 278 - 281 - 282 - 283 - 284 - 286 - 288 - 289 - 290 - 293 - 294 - 295 - 298 - 299 - 300 - 301 - 302 - 303 - 304 - 305 - 306 - 308 - 309 - 310 - 312 - 313 - 314 - 315 - 317 - 319 - 320 - 321 - 323 - 324 - 325 - 326 - 328 - 329 - 332 - 338 - 339 - 340 - 342 - 344 - 347 - 356 - 357 - 358 - 360 - 361 - 362 - 363 - 365 - 366 - 367 - 371 - 373 - 374 - 375 - 377 - 380 - 381 - 383 - 386 - 387 - 388 - 389 - 390 - 391 - 392 - 393 - 394 - 399 - 400 - 406 - 407 - 408 - 409 - 413 - 415 - 416 - 417 - 418 - 420 - 422 - 424 - 426 - 427 - 429 - 430 - 433 - 435 - 437 - 438 - 439 - 440 - 444 - 445 - 447 - 449 - 450 - 452 - 458 - 461 - 462 - 463 - 466 - 467 - 474 - 478 - 479 - 480 - 483 - 484 - 487 - 489 - 490 - 492 - 493 - 496 - 498,20775457.9,0.1,88527,92754,28.16,Cost: 88527 & Capacity: 92754
0 - 1 - 4 - 7 - 11 - 23 - 27 - 30 - 31 - 32 - 33 - 34 - 36 - 41 - 44 - 45 - 47 - 50 - 55 - 59 - 60 - 71 - 72 - 75 - 76 - 78 - 79 - 81 - 84 - 90 - 103 - 104 - 105 - 108 - 111 - 112 - 114 - 115 - 118 - 119 - 122 - 127 - 128 - 131 - 133 - 135 - 136 - 142 - 145 - 148 - 149 - 150 - 152 - 156 - 161 - 163 - 164 - 165 - 170 - 172 - 173 - 177 - 178 - 182 - 184 - 185 - 187 - 190 - 191 - 193 - 194 - 197 - 198 - 200 - 201 - 202 - 204 - 206 - 208 - 210 - 211 - 213 - 214 - 216 - 218 - 221 - 227 - 231 - 233 - 236 - 239 - 242 - 248 - 249 - 250 - 251 - 257 - 261 - 264 - 267 - 268 - 269 - 272 - 273 - 276 - 277 - 278 - 286 - 287 - 288 - 290 - 293 - 294 - 295 - 296 - 299 - 303 - 304 - 308 - 309 - 310 - 313 - 317 - 323 - 324 - 326 - 328 - 331 - 332 - 335 - 338 - 341 - 342 - 345 - 354 - 357 - 364 - 368 - 370 - 371 - 372 - 375 - 377 - 384 - 386 - 389 - 391 - 393 - 394 - 404 - 406 - 407 - 411 - 419 - 422 - 425 - 426 - 433 - 437 - 439 - 445 - 447 - 449 - 451 - 452 - 453 - 454 - 457 - 458 - 465 - 471 - 472 - 474 - 482 - 487 - 488 - 490 - 491 - 493 - 498,8277908.8,10.1,89445,77480,28.6,Cost: 89445 & Capacity: 77480
0 - 1 - 2 - 5 - 8 - 9 - 10 - 12 - 14 - 15 - 16 - 18 - 20 - 21 - 22 - 23 - 24 - 27 - 28 - 30 - 32 - 33 - 36 - 39 - 40 - 41 - 42 - 44 - 45 - 48 - 49 - 52 - 54 - 55 - 57 - 58 - 59 - 61 - 63 - 65 - 66 - 67 - 68 - 69 - 71 - 75 - 76 - 77 - 78 - 81 - 83 - 84 - 85 - 88 - 89 - 91 - 92 - 94 - 99 - 101 - 102 - 103 - 105 - 107 - 110 - 111 - 112 - 113 - 114 - 115 - 117 - 118 - 119 - 125 - 127 - 129 - 132 - 135 - 137 - 138 - 139 - 142 - 144 - 145 - 146 - 148 - 149 - 150 - 152 - 155 - 156 - 157 - 161 - 163 - 164 - 167 - 171 - 172 - 174 - 175 - 176 - 178 - 179 - 182 - 183 - 185 - 188 - 190 - 191 - 192 - 194 - 196 - 197 - 198 - 199 - 200 - 201 - 202 - 203 - 205 - 206 - 207 - 208 - 211 - 213 - 214 - 216 - 217 - 218 - 219 - 220 - 221 - 222 - 223 - 224 - 230 - 231 - 232 - 233 - 235 - 236 - 237 - 239 - 240 - 241 - 242 - 243 - 244 - 247 - 250 - 251 - 252 - 254 - 257 - 258 - 260 - 264 - 266 - 268 - 269 - 270 - 271 - 272 - 274 - 275 - 276 - 278 - 281 - 282 - 283 - 284 - 286 - 288 - 289 - 290 - 293 - 294 - 295 - 298 - 299 - 300 - 301 - 302 - 303 - 304 - 305 - 306 - 308 - 309 - 310 - 312 - 313 - 314 - 315 - 317 - 319 - 320 - 321 - 323 - 324 - 325 - 326 - 328 - 329 - 332 - 338 - 339 - 340 - 342 - 344 - 347 - 356 - 357 - 358 - 360 - 361 - 362 - 363 - 365 - 366 - 367 - 371 - 373 - 374 - 375 - 377 - 380 - 381 - 383 - 386 - 387 - 388 - 389 - 390 - 391 - 392 - 393 - 394 - 399 - 400 - 406 - 407 - 408 - 409 - 413 - 415 - 416 - 417 - 418 - 420 - 422 - 424 - 426 - 427 - 429 - 430 - 433 - 435 - 437 - 438 - 439 - 440 - 444 - 445 - 447 - 449 - 450 - 452 - 458 - 461 - 462 - 463 - 466 - 467 - 474 - 478 - 479 - 480 - 483 - 484 - 487 - 489 - 490 - 492 - 493 - 496 - 498,20491115.0,0.1,87293,91952,0.59,Cost: 87293 & Capacity: 91952
0 - 1 - 2 - 5 - 8 - 9 - 10 - 12 - 14 - 15 - 16 - 18 - 20 - 21 - 22 - 23 - 24 - 27 - 28 - 30 - 31 - 32 - 33 - 36 - 39 - 40 - 41 - 42 - 44 - 45 - 46 - 48 - 49 - 52 - 54 - 55 - 57 - 58 - 59 - 61 - 63 - 65 - 66 - 67 - 68 - 69 - 71 - 75 - 76 - 77 - 78 - 80 - 81 - 83 - 84 - 85 - 88 - 89 - 91 - 92 - 94 - 99 - 101 - 102 - 103 - 105 - 107 - 110 - 111 - 112 - 113 - 114 - 115 - 117 - 118 - 119 - 125 - 127 - 129 - 130 - 132 - 135 - 137 - 138 - 139 - 142 - 144 - 145 - 146 - 148 - 149 - 150 - 152 - 155 - 156 - 157 - 161 - 163 - 164 - 167 - 171 - 172 - 174 - 175 - 176 - 178 - 179 - 182 - 183 - 185 - 188 - 190 - 191 - 192 - 194 - 196 - 197 - 198 - 199 - 200 - 201 - 202 - 203 - 205 - 206 - 207 - 208 - 211 - 213 - 214 - 216 - 217 - 218 - 219 - 220 - 221 - 222 - 223 - 224 - 230 - 231 - 232 - 233 - 235 - 236 - 237 - 239 - 240 - 241 - 242 - 243 - 244 - 247 - 250 - 251 - 252 - 254 - 257 - 258 - 260 - 264 - 266 - 268 - 269 - 270 - 271 - 272 - 274 - 275 - 276 - 278 - 281 - 282 - 283 - 284 - 286 - 288 - 289 - 290 - 293 - 294 - 295 - 298 - 299 - 300 - 301 - 302 - 303 - 304 - 305 - 306 - 308 - 309 - 310 - 312 - 313 - 314 - 315 - 317 - 319 - 320 - 321 - 323 - 324 - 325 - 326 - 328 - 329 - 332 - 338 - 339 - 340 - 342 - 344 - 347 - 356 - 357 - 358 - 360 - 361 - 362 - 363 - 364 - 365 - 366 - 367 - 371 - 373 - 374 - 375 - 377 - 380 - 381 - 383 - 386 - 387 - 388 - 389 - 390 - 391 - 392 - 393 - 394 - 399 - 400 - 406 - 407 - 408 - 409 - 413 - 415 - 416 - 417 - 418 - 420 - 422 - 424 - 426 - 427 - 429 - 430 - 433 - 435 - 437 - 438 - 439 - 440 - 444 - 445 - 447 - 449 - 450 - 452 - 458 - 461 - 462 - 463 - 466 - 467 - 474 - 478 - 479 - 480 - 483 - 484 - 487 - 489 - 490 - 492 - 493 - 496 - 498,21202594.9,0.1,90407,94501,6.15,Cost: 90407 & Capacity: 94501
0 - 1 - 2 - 5 - 8 - 9 - 10 - 12 - 14 - 15 - 16 - 18 - 20 - 21 - 22 - 23 - 24 - 27 - 28 - 30 - 31 - 32 - 33 - 36 - 39 - 40 - 41 - 42 - 44 - 45 - 46 - 48 - 49 - 52 - 54 - 55 - 57 - 58 - 59 - 61 - 63 - 65 - 66 - 67 - 68 - 69 - 71 - 75 - 76 - 77 - 78 - 80 - 81 - 83 - 84 - 85 - 88 - 89 - 91 - 92 - 94 - 99 - 101 - 102 - 103 - 105 - 107 - 110 - 111 - 112 - 113 - 114 - 115 - 117 - 118 - 119 - 125 - 127 - 129 - 130 - 132 - 135 - 137 - 138 - 139 - 142 - 144 - 145 - 146 - 148 - 149 - 150 - 152 - 155 - 156 - 157 - 161 - 163 - 164 - 167 - 171 - 172 - 174 - 175 - 176 - 178 - 179 - 182 - 183 - 185 - 188 - 190 - 191 - 192 - 194 - 196 - 197 - 198 - 199 - 200 - 201 - 202 - 203 - 205 - 206 - 207 - 208 - 211 - 213 - 214 - 216 - 217 - 218 - 219 - 220 - 221 - 222 - 223 - 224 - 230 - 231 - 232 - 233 - 235 - 236 - 237 - 239 - 240 - 241 - 242 - 243 - 244 - 247 - 250 - 251 - 252 - 254 - 257 - 258 - 260 - 264 - 266 - 268 - 269 - 270 - 271 - 272 - 274 - 275 - 276 - 278 - 281 - 282 - 283 - 284 - 286 - 288 - 289 - 290 - 293 - 294 - 295 - 298 - 299 - 300 - 301 - 302 - 303 - 304 - 305 - 306 - 308 - 309 - 310 - 312 - 313 - 314 - 315 - 317 - 319 - 320 - 321 - 323 - 324 - 325 - 326 - 328 - 329 - 332 - 338 - 339 - 340 - 342 - 344 - 347 - 356 - 357 - 358 - 360 - 361 - 362 - 363 - 365 - 366 - 367 - 371 - 373 - 374 - 375 - 377 - 380 - 381 - 383 - 386 - 387 - 388 - 389 - 390 - 391 - 392 - 393 - 394 - 399 - 400 - 406 - 407 - 408 - 409 - 413 - 415 - 416 - 417 - 418 - 420 - 422 - 424 - 426 - 427 - 429 - 430 - 433 - 435 - 437 - 438 - 439 - 440 - 444 - 445 - 447 - 449 - 450 - 452 - 458 - 461 - 462 - 463 - 466 - 467 - 474 - 478 - 479 - 480 - 483 - 484 - 487 - 489 - 490 - 492 - 493 - 496 - 498,21056447.3,0.1,89780,94010,6.15,Cost: 89780 & Capacity: 94010
0 - 1 - 2 - 5 - 8 - 9 - 10 - 12 - 14 - 15 - 16 - 18 - 20 - 21 - 22 - 23 - 24 - 27 - 28 - 30 - 31 - 32 - 33 - 36 - 39 - 40 - 41 - 42 - 44 - 45 - 48 - 49 - 52 - 54 - 55 - 57 - 58 - 59 - 61 - 63 - 65 - 66 - 67 - 68 - 69 - 71 - 75 - 76 - 77 - 78 - 80 - 81 - 83 - 84 - 85 - 88 - 89 - 91 - 92 - 94 - 99 - 101 - 102 - 103 - 105 - 107 - 110 - 111 - 112 - 113 - 114 - 115 - 117 - 118 - 119 - 125 - 127 - 129 - 130 - 132 - 135 - 137 - 138 - 139 - 142 - 144 - 145 - 146 - 148 - 149 - 150 - 152 - 155 - 156 - 157 - 161 - 163 - 164 - 167 - 171 - 172 - 174 - 175 - 176 - 178 - 179 - 182 - 183 - 185 - 188 - 190 - 191 - 192 - 194 - 196 - 197 - 198 - 199 - 200 - 201 - 202 - 203 - 205 - 206 - 207 - 208 - 211 - 213 - 214 - 216 - 217 - 218 - 219 - 220 - 221 - 222 - 223 - 224 - 230 - 231 - 232 - 233 - 235 - 236 - 237 - 239 - 240 - 241 - 242 - 243 - 244 - 247 - 250 - 251 - 252 - 254 - 257 - 258 - 260 - 264 - 266 - 268 - 269 - 270 - 271 - 272 - 274 - 275 - 276 - 278 - 281 - 282 - 283 - 284 - 286 - 288 - 289 - 290 - 293 - 294 - 295 - 298 - 299 - 300 - 301 - 302 - 303 - 304 - 305 - 306 - 308 - 309 - 310 - 312 - 313 - 314 - 315 - 317 - 319 - 320 - 321 - 323 - 324 - 325 - 326 - 328 - 329 - 332 - 338 - 339 - 340 - 342 - 344 - 347 - 356 - 357 - 358 - 360 - 361 - 362 - 363 - 365 - 366 - 367 - 371 - 373 - 374 - 375 - 377 - 380 - 381 - 383 - 386 - 387 - 388 - 389 - 390 - 391 - 392 - 393 - 394 - 399 - 400 - 406 - 407 - 408 - 409 - 413 - 415 - 416 - 417 - 418 - 420 - 422 - 424 - 426 - 427 - 429 - 430 - 433 - 435 - 437 - 438 - 439 - 440 - 444 - 445 - 447 - 449 - 450 - 452 - 458 - 461 - 462 - 463 - 466 - 467 - 474 - 478 - 479 - 480 - 483 - 484 - 487 - 489 - 490 - 492 - 493 - 496 - 498,20915487.4,0.1,89152,93596,6.16,Cost: 89152 & Capacity: 93596
0 - 1 - 2 - 5 - 8 - 9 - 10 - 12 - 14 - 15 - 16 - 18 - 20 - 21 - 22 - 23 - 24 - 27 - 28 - 30 - 32 - 33 - 36 - 39 - 40 - 41 - 42 - 44 - 45 - 48 - 49 - 52 - 54 - 55 - 57 - 58 - 59 - 61 - 63 - 65 - 66 - 67 - 68 - 69 - 71 - 75 - 76 - 77 - 78 - 80 - 81 - 83 - 84 - 85 - 88 - 89 - 91 - 92 - 94 - 99 - 101 - 102 - 103 - 105 - 107 - 110 - 111 - 112 - 113 - 114 - 115 - 117 - 118 - 119 - 125 - 127 - 129 - 132 - 135 - 137 - 138 - 139 - 142 - 144 - 145 - 146 - 148 - 149 - 150 - 152 - 155 - 156 - 157 - 161 - 163 - 164 - 167 - 171 - 172 - 174 - 175 - 176 - 178 - 179 - 182 - 183 - 185 - 188 - 190 - 191 - 192 - 194 - 196 - 197 - 198 - 199 - 200 - 202 - 203 - 205 - 206 - 207 - 208 - 211 - 213 - 214 - 216 - 217 - 218 - 219 - 221 - 222 - 223 - 224 - 230 - 231 - 232 - 233 - 235 - 236 - 237 - 239 - 240 - 241 - 242 - 243 - 244 - 247 - 250 - 251 - 252 - 254 - 257 - 258 - 260 - 264 - 266 - 268 - 269 - 270 - 271 - 272 - 274 - 275 - 276 - 278 - 281 - 282 - 283 - 284 - 286 - 288 - 289 - 290 - 293 - 294 - 295 - 298 - 299 - 300 - 301 - 302 - 303 - 304 - 305 - 306 - 308 - 309 - 310 - 312 - 313 - 314 - 315 - 317 - 319 - 320 - 321 - 323 - 324 - 325 - 326 - 328 - 329 - 332 - 338 - 339 - 340 - 342 - 344 - 347 - 356 - 357 - 358 - 360 - 361 - 362 - 363 - 365 - 366 - 367 - 371 - 374 - 375 - 377 - 380 - 381 - 383 - 386 - 387 - 388 - 389 - 390 - 391 - 392 - 393 - 394 - 399 - 400 - 406 - 407 - 408 - 409 - 413 - 415 - 416 - 417 - 418 - 420 - 422 - 424 - 426 - 427 - 429 - 430 - 433 - 435 - 437 - 438 - 439 - 440 - 444 - 445 - 447 - 449 - 450 - 452 - 458 - 461 - 462 - 463 - 466 - 467 - 474 - 478 - 479 - 480 - 483 - 484 - 487 - 489 - 490 - 492 - 493 - 496 - 498,20204139.5,0.1,86050,90427,6.16,Cost: 86050 & Capacity: 90427
0 - 1 - 2 - 5 - 8 - 9 - 10 - 12 - 14 - 15 - 16 - 18 - 20 - 21 - 22 - 23 - 24 - 27 - 28 - 30 - 32 - 33 - 36 - 39 - 40 - 41 - 42 - 44 - 45 - 48 - 49 - 52 - 54 - 55 - 57 - 58 - 59 - 61 - 65 - 66 - 67 - 68 - 69 - 71 - 75 - 76 - 77 - 78 - 80 - 81 - 83 - 84 - 85 - 87 - 88 - 89 - 91 - 92 - 94 - 99 - 101 - 102 - 103 - 105 - 107 - 110 - 111 - 112 - 113 - 114 - 115 - 117 - 118 - 119 - 125 - 127 - 129 - 132 - 135 - 137 - 138 - 139 - 142 - 144 - 145 - 146 - 148 - 149 - 150 - 152 - 155 - 156 - 157 - 161 - 163 - 164 - 167 - 171 - 172 - 175 - 176 - 178 - 179 - 182 - 183 - 185 - 188 - 190 - 191 - 192 - 194 - 196 - 197 - 198 - 199 - 200 - 202 - 203 - 205 - 206 - 207 - 208 - 211 - 213 - 214 - 216 - 217 - 218 - 219 - 221 - 222 - 223 - 224 - 230 - 231 - 232 - 233 - 235 - 236 - 237 - 239 - 240 - 241 - 242 - 243 - 244 - 247 - 250 - 251 - 252 - 254 - 257 - 258 - 260 - 264 - 266 - 268 - 269 - 270 - 271 - 272 - 274 - 275 - 276 - 278 - 281 - 282 - 283 - 284 - 286 - 288 - 289 - 290 - 293 - 294 - 295 - 298 - 299 - 300 - 301 - 302 - 303 - 304 - 305 - 306 - 308 - 309 - 310 - 313 - 314 - 315 - 317 - 319 - 320 - 321 - 323 - 324 - 325 - 326 - 328 - 329 - 332 - 338 - 339 - 340 - 342 - 344 - 347 - 356 - 357 - 358 - 360 - 361 - 362 - 363 - 365 - 366 - 367 - 371 - 373 - 374 - 375 - 377 - 380 - 381 - 383 - 386 - 387 - 388 - 389 - 390 - 391 - 392 - 393 - 394 - 399 - 400 - 406 - 407 - 408 - 409 - 413 - 415 - 416 - 417 - 418 - 420 - 422 - 424 - 426 - 427 - 430 - 433 - 435 - 437 - 438 - 439 - 440 - 444 - 445 - 447 - 449 - 450 - 452 - 458 - 461 - 462 - 463 - 466 - 467 - 474 - 478 - 479 - 480 - 483 - 484 - 487 - 489 - 490 - 492 - 493 - 496 - 498,19951247.5,0.1,84877,89657,6.81,Cost: 84877 & Capacity: 89657
0 - 1 - 2 - 5 - 8 - 9 - 10 - 12 - 14 - 15 - 16 - 18 - 20 - 21 - 22 - 23 - 24 - 27 - 28 - 30 - 32 - 33 - 36 - 39 - 40 - 41 - 42 - 44 - 45 - 48 - 49 - 52 - 54 - 55 - 57 - 58 - 59 - 61 - 65 - 66 - 67 - 68 - 69 - 71 - 75 - 76 - 77 - 78 - 80 - 81 - 83 - 84 - 85 - 87 - 88 - 89 - 91 - 92 - 94 - 99 - 101 - 102 - 103 - 105 - 107 - 110 - 111 - 112 - 113 - 114 - 115 - 117 - 118 - 119 - 125 - 127 - 129 - 132 - 135 - 137 - 138 - 139 - 142 - 144 - 145 - 146 - 148 - 149 - 150 - 152 - 155 - 156 - 157 - 161 - 163 - 164 - 167 - 171 - 172 - 174 - 175 - 176 - 178 - 179 - 182 - 183 - 185 - 188 - 190 - 191 - 192 - 194 - 196 - 197 - 198 - 199 - 200 - 202 - 203 - 205 - 206 - 207 - 208 - 211 - 213 - 214 - 216 - 217 - 218 - 219 - 221 - 222 - 223 - 224 - 230 - 231 - 232 - 233 - 235 - 236 - 237 - 239 - 240 - 241 - 242 - 243 - 244 - 247 - 250 - 251 - 252 - 254 - 257 - 258 - 260 - 264 - 266 - 268 - 269 - 270 - 271 - 272 - 274 - 275 - 276 - 278 - 281 - 282 - 283 - 284 - 286 - 288 - 289 - 290 - 293 - 294 - 295 - 298 - 299 - 300 - 301 - 302 - 303 - 304 - 305 - 306 - 308 - 309 - 310 - 313 - 314 - 315 - 317 - 319 - 320 - 321 - 323 - 324 - 325 - 326 - 328 - 329 - 332 - 338 - 339 - 340 - 342 - 344 - 347 - 356 - 357 - 358 - 360 - 361 - 362 - 363 - 365 - 366 - 367 - 371 - 373 - 374 - 375 - 377 - 380 - 381 - 383 - 386 - 387 - 388 - 389 - 390 - 391 - 392 - 393 - 394 - 399 - 400 - 406 - 407 - 408 - 409 - 413 - 415 - 416 - 417 - 418 - 420 - 422 - 424 - 426 - 427 - 430 - 433 - 435 - 437 - 438 - 439 - 440 - 444 - 445 - 447 - 449 - 450 - 452 - 458 - 461 - 462 - 463 - 466 - 467 - 474 - 478 - 479 - 480 - 483 - 484 - 487 - 489 - 490 - 492 - 493 - 496 - 498,20089263.8,0.1,85473,90041,6.81,Cost: 85473 & Capacity: 90041
0 - 1 - 4 - 5 - 7 - 8 - 9 - 10 - 12 - 14 - 16 - 18 - 20 - 21 - 23 - 24 - 27 - 28 - 30 - 31 - 32 - 33 - 36 - 39 - 40 - 41 - 44 - 46 - 48 - 49 - 51 - 52 - 55 - 57 - 58 - 59 - 64 - 66 - 67 - 68 - 69 - 75 - 76 - 77 - 78 - 81 - 84 - 87 - 88 - 89 - 91 - 92 - 94 - 99 - 100 - 101 - 103 - 105 - 107 - 110 - 111 - 112 - 114 - 115 - 116 - 117 - 118 - 119 - 120 - 126 - 127 - 129 - 130 - 131 - 132 - 135 - 138 - 139 - 142 - 144 - 146 - 149 - 152 - 155 - 156 - 157 - 163 - 167 - 171 - 172 - 175 - 176 - 177 - 178 - 179 - 183 - 185 - 190 - 191 - 192 - 194 - 195 - 196 - 198 - 199 - 200 - 201 - 202 - 203 - 204 - 205 - 206 - 208 - 210 - 211 - 212 - 213 - 214 - 216 - 217 - 218 - 219 - 220 - 221 - 222 - 223 - 224 - 225 - 226 - 230 - 231 - 233 - 235 - 236 - 240 - 241 - 242 - 244 - 247 - 250 - 251 - 254 - 257 - 258 - 260 - 264 - 266 - 268 - 269 - 270 - 272 - 274 - 275 - 276 - 278 - 281 - 283 - 284 - 285 - 286 - 288 - 289 - 290 - 293 - 294 - 295 - 296 - 297 - 298 - 299 - 300 - 301 - 303 - 304 - 306 - 307 - 308 - 309 - 310 - 311 - 312 - 313 - 314 - 315 - 317 - 319 - 320 - 323 - 324 - 325 - 326 - 328 - 329 - 332 - 338 - 340 - 344 - 345 - 347 - 356 - 357 - 358 - 360 - 361 - 362 - 363 - 364 - 365 - 366 - 371 - 373 - 374 - 377 - 380 - 381 - 383 - 384 - 386 - 387 - 389 - 391 - 392 - 393 - 394 - 399 - 406 - 407 - 409 - 411 - 413 - 416 - 417 - 418 - 420 - 422 - 424 - 433 - 435 - 438 - 439 - 442 - 444 - 445 - 447 - 449 - 450 - 451 - 452 - 458 - 461 - 462 - 463 - 466 - 467 - 468 - 471 - 472 - 473 - 474 - 475 - 478 - 479 - 480 - 484 - 487 - 489 - 490 - 492 - 493 - 494 - 496 - 498,18494867.5,1.6,92200,93509,8.41,Cost: 92200 & Capacity: 93509
0 - 1 - 2 - 5 - 8 - 9 - 10 - 12 - 14 - 15 - 16 - 18 - 20 - 21 - 22 - 23 - 24 - 27 - 28 - 30 - 32 - 33 - 36 - 39 - 40 - 41 - 42 - 44 - 45 - 48 - 49 - 52 - 54 - 55 - 57 - 58 - 59 - 61 - 63 - 65 - 66 - 67 - 68 - 69 - 71 - 75 - 76 - 77 - 78 - 80 - 81 - 83 - 84 - 85 - 88 - 89 - 91 - 92 - 94 - 99 - 101 - 102 - 103 - 105 - 107 - 110 - 111 - 112 - 113 - 114 - 115 - 117 - 118 - 119 - 125 - 127 - 129 - 132 - 135 - 137 - 138 - 139 - 142 - 144 - 145 - 146 - 148 - 149 - 150 - 152 - 155 - 156 - 157 - 161 - 163 - 164 - 167 - 171 - 172 - 174 - 175 - 176 - 178 - 179 - 182 - 183 - 185 - 188 - 190 - 191 - 192 - 194 - 196 - 197 - 198 - 199 - 200 - 202 - 203 - 205 - 206 - 207 - 208 - 211 - 213 - 214 - 216 - 217 - 218 - 219 - 221 - 222 - 223 - 224 - 230 - 231 - 232 - 233 - 235 - 236 - 237 - 239 - 240 - 241 - 242 - 243 - 244 - 247 - 250 - 251 - 252 - 254 - 257 - 258 - 260 - 264 - 266 - 268 - 269 - 270 - 271 - 272 - 274 - 275 - 276 - 278 - 281 - 282 - 283 - 284 - 286 - 288 - 289 - 290 - 293 - 294 - 295 - 298 - 299 - 300 - 301 - 302 - 303 - 304 - 305 - 306 - 308 - 309 - 310 - 312 - 313 - 314 - 315 - 317 - 319 - 320 - 321 - 323 - 324 - 325 - 326 - 328 - 329 - 332 - 338 - 339 - 340 - 342 - 344 - 347 - 356 - 357 - 358 - 360 - 361 - 362 - 363 - 365 - 366 - 367 - 371 - 373 - 374 - 375 - 377 - 380 - 381 - 383 - 386 - 387 - 388 - 389 - 390 - 391 - 392 - 393 - 394 - 399 - 400 - 406 - 407 - 408 - 409 - 413 - 415 - 416 - 417 - 418 - 420 - 422 - 424 - 426 - 427 - 429 - 430 - 433 - 435 - 437 - 438 - 439 - 440 - 444 - 445 - 447 - 449 - 450 - 452 - 458 - 461 - 462 - 463 - 466 - 467 - 474 - 478 - 479 - 480 - 483 - 484 - 487 - 489 - 490 - 492 - 493 - 496 - 498,20350179.7,0.1,86668,90774,8.88,Cost: 86668 & Capacity: 90774
0 - 1 - 2 - 5 - 8 - 9 - 10 - 12 - 14 - 15 - 16 - 18 - 20 - 21 - 22 - 23 - 24 - 27 - 28 - 30 - 31 - 32 - 33 - 36 - 39 - 40 - 41 - 42 - 44 - 45 - 48 - 49 - 52 - 54 - 55 - 57 - 58 - 59 - 61 - 63 - 65 - 66 - 67 - 68 - 69 - 71 - 75 - 76 - 77 - 78 - 80 - 81 - 83 - 84 - 85 - 88 - 89 - 91 - 92 - 94 - 99 - 101 - 102 - 103 - 105 - 107 - 110 - 111 - 112 - 113 - 114 - 115 - 117 - 118 - 119 - 125 - 127 - 129 - 130 - 132 - 135 - 137 - 138 - 139 - 142 - 144 - 145 - 146 - 148 - 149 - 150 - 152 - 155 - 156 - 157 - 161 - 163 - 164 - 167 - 171 - 172 - 174 - 175 - 176 - 178 - 179 - 182 - 183 - 185 - 188 - 190 - 191 - 192 - 194 - 196 - 197 - 198 - 199 - 200 - 201 - 202 - 203 - 205 - 206 - 207 - 208 - 211 - 213 - 214 - 216 - 217 - 218 - 219 - 220 - 221 - 222 - 223 - 224 - 230 - 231 - 232 - 233 - 235 - 236 - 237 - 239 - 240 - 241 - 242 - 243 - 244 - 247 - 250 - 251 - 252 - 254 - 257 - 258 - 260 - 264 - 266 - 268 - 269 - 270 - 271 - 272 - 274 - 275 - 276 - 278 - 281 - 282 - 283 - 284 - 286 - 288 - 289 - 290 - 293 - 294 - 295 - 298 - 299 - 300 - 301 - 302 - 303 - 304 - 305 - 306 - 308 - 309 - 310 - 312 - 313 - 314 - 315 - 317 - 319 - 320 - 321 - 323 - 324 - 325 - 326 - 328 - 329 - 332 - 338 - 339 - 340 - 342 - 344 - 347 - 353 - 356 - 357 - 358 - 360 - 361 - 362 - 363 - 364 - 365 - 366 - 367 - 371 - 373 - 374 - 375 - 377 - 380 - 381 - 383 - 386 - 387 - 388 - 389 - 390 - 391 - 392 - 393 - 394 - 399 - 400 - 406 - 407 - 408 - 409 - 413 - 415 - 416 - 417 - 418 - 420 - 422 - 424 - 426 - 427 - 429 - 430 - 433 - 435 - 437 - 438 - 439 - 440 - 444 - 445 - 447 - 449 - 450 - 452 - 458 - 461 - 462 - 463 - 466 - 467 - 474 - 478 - 479 - 480 - 483 - 484 - 487 - 489 - 490 - 492 - 493 - 496 - 498,21207070.9,0.1,90411,94484,8.88,Cost: 90411 & Capacity: 94484
0 - 1 - 2 - 5 - 8 - 9 - 10 - 12 - 14 - 15 - 16 - 18 - 20 - 21 - 22 - 23 - 24 - 27 - 28 - 30 - 31 - 32 - 33 - 36 - 39 - 40 - 41 - 42 - 44 - 45 - 48 - 49 - 52 - 54 - 55 - 57 - 58 - 59 - 61 - 63 - 65 - 66 - 67 - 68 - 69 - 71 - 75 - 76 - 77 - 78 - 80 - 81 - 83 - 84 - 85 - 88 - 89 - 91 - 92 - 94 - 99 - 101 - 102 - 103 - 105 - 107 - 110 - 111 - 112 - 113 - 114 - 115 - 117 - 118 - 119 - 125 - 127 - 129 - 130 - 132 - 135 - 137 - 138 - 139 - 142 - 144 - 145 - 146 - 148 - 149 - 150 - 152 - 155 - 156 - 157 - 161 - 163 - 164 - 167 - 171 - 172 - 174 - 175 - 176 - 178 - 179 - 182 - 183 - 185 - 188 - 190 - 191 - 192 - 194 - 196 - 197 - 198 - 199 - 200 - 201 - 202 - 203 - 205 - 206 - 207 - 208 - 211 - 213 - 214 - 216 - 217 - 218 - 219 - 220 - 221 - 222 - 223 - 224 - 230 - 231 - 232 - 233 - 235 - 236 - 237 - 239 - 240 - 241 - 242 - 243 - 244 - 247 - 250 - 251 - 252 - 254 - 257 - 258 - 260 - 264 - 266 - 268 - 269 - 270 - 271 - 272 - 274 - 275 - 276 - 278 - 281 - 282 - 283 - 284 - 286 - 288 - 289 - 290 - 293 - 294 - 295 - 298 - 299 - 300 - 301 - 302 - 303 - 304 - 305 - 306 - 308 - 309 - 310 - 312 - 313 - 314 - 315 - 317 - 319 - 320 - 321 - 323 - 324 - 325 - 326 - 328 - 329 - 332 - 338 - 339 - 340 - 342 - 344 - 347 - 356 - 357 - 358 - 360 - 361 - 362 - 363 - 364 - 365 - 366 - 367 - 371 - 373 - 374 - 375 - 377 - 380 - 381 - 383 - 386 - 387 - 388 - 389 - 390 - 391 - 392 - 393 - 394 - 399 - 400 - 406 - 407 - 408 - 409 - 413 - 415 - 416 - 417 - 418 - 420 - 422 - 424 - 426 - 427 - 429 - 430 - 433 - 435 - 437 - 438 - 439 - 440 - 444 - 445 - 447 - 449 - 450 - 452 - 458 - 461 - 462 - 463 - 466 - 467 - 474 - 475 - 478 - 479 - 480 - 483 - 484 - 487 - 489 - 490 - 492 - 493 - 496 - 498,21208705.0,0.1,90412,94742,9.29,Cost: 90412 & Capacity: 94742
0 - 1 - 2 - 5 - 8 - 9 - 10 - 12 - 14 - 15 - 16 - 18 - 20 - 21 - 22 - 23 - 24 - 27 - 28 - 30 - 31 - 32 - 33 - 36 - 39 - 40 - 41 - 42 - 44 - 45 - 48 - 49 - 52 - 54 - 55 - 57 - 58 - 59 - 61 - 63 - 65 - 66 - 67 - 68 - 69 - 71 - 75 - 76 - 77 - 78 - 80 - 81 - 83 - 84 - 85 - 88 - 89 - 91 - 92 - 94 - 99 - 101 - 102 - 103 - 105 - 107 - 110 - 111 - 112 - 113 - 114 - 115 - 117 - 118 - 119 - 125 - 127 - 129 - 130 - 132 - 135 - 137 - 138 - 139 - 142 - 144 - 145 - 146 - 148 - 149 - 150 - 152 - 155 - 156 - 157 - 161 - 163 - 164 - 167 - 171 - 172 - 174 - 175 - 176 - 178 - 179 - 182 - 183 - 185 - 188 - 190 - 191 - 192 - 194 - 196 - 197 - 198 - 199 - 200 - 201 - 202 - 203 - 205 - 206 - 207 - 208 - 211 - 213 - 214 - 216 - 217 - 218 - 219 - 220 - 221 - 222 - 223 - 224 - 230 - 231 - 232 - 233 - 235 - 236 - 237 - 239 - 240 - 241 - 242 - 243 - 244 - 247 - 250 - 251 - 252 - 254 - 257 - 258 - 260 - 264 - 266 - 268 - 269 - 270 - 271 - 272 - 274 - 275 - 276 - 278 - 281 - 282 - 283 - 284 - 286 - 288 - 289 - 290 - 293 - 294 - 295 - 298 - 299 - 300 - 301 - 302 - 303 - 304 - 305 - 306 - 308 - 309 - 310 - 312 - 313 - 314 - 315 - 317 - 319 - 320 - 321 - 323 - 324 - 325 - 326 - 328 - 329 - 332 - 338 - 339 - 340 - 342 - 344 - 347 - 356 - 357 - 358 - 360 - 361 - 362 - 363 - 364 - 365 - 366 - 367 - 371 - 373 - 374 - 375 - 377 - 380 - 381 - 383 - 386 - 387 - 388 - 389 - 390 - 391 - 392 - 393 - 394 - 399 - 400 - 406 - 407 - 408 - 409 - 413 - 415 - 416 - 417 - 418 - 420 - 422 - 424 - 426 - 427 - 429 - 430 - 433 - 435 - 437 - 438 - 439 - 440 - 444 - 445 - 447 - 449 - 450 - 452 - 458 - 461 - 462 - 463 - 466 - 467 - 474 - 478 - 479 - 480 - 483 - 484 - 487 - 489 - 490 - 492 - 493 - 496 - 498,21060940.2,0.1,89779,94087,9.29,Cost: 89779 & Capacity: 94087
0 - 1 - 2 - 5 - 8 - 9 - 10 - 12 - 14 - 15 - 16 - 18 - 20 - 21 - 22 - 23 - 24 - 27 - 28 - 30 - 31 - 32 - 33 - 36 - 39 - 40 - 41 - 42 - 44 - 45 - 48 - 49 - 52 - 54 - 55 - 57 - 58 - 59 - 61 - 63 - 65 - 66 - 67 - 68 - 69 - 71 - 75 - 76 - 77 - 78 - 80 - 81 - 83 - 84 - 85 - 88 - 89 - 91 - 92 - 94 - 99 - 101 - 102 - 103 - 105 - 107 - 110 - 111 - 112 - 113 - 114 - 115 - 117 - 118 - 119 - 125 - 127 - 129 - 130 - 132 - 135 - 137 - 138 - 139 - 142 - 144 - 145 - 146 - 148 - 149 - 150 - 152 - 155 - 156 - 157 - 161 - 163 - 164 - 167 - 171 - 172 - 174 - 175 - 176 - 178 - 179 - 182 - 183 - 185 - 188 - 190 - 191 - 192 - 194 - 196 - 197 - 198 - 199 - 200 - 201 - 202 - 203 - 205 - 206 - 207 - 208 - 211 - 213 - 214 - 216 - 217 - 218 - 219 - 220 - 221 - 222 - 223 - 224 - 230 - 231 - 232 - 233 - 235 - 236 - 237 - 239 - 240 - 241 - 242 - 243 - 244 - 247 - 250 - 251 - 252 - 254 - 257 - 258 - 260 - 264 - 266 - 268 - 269 - 270 - 271 - 272 - 274 - 275 - 276 - 278 - 281 - 282 - 283 - 284 - 286 - 288 - 289 - 290 - 293 - 294 - 295 - 298 - 299 - 300 - 301 - 302 - 303 - 304 - 305 - 306 - 308 - 309 - 310 - 312 - 313 - 314 - 315 - 317 - 319 - 320 - 321 - 323 - 324 - 325 - 326 - 328 - 329 - 332 - 338 - 339 - 340 - 342 - 344 - 347 - 356 - 357 - 358 - 360 - 361 - 362 - 363 - 365 - 366 - 367 - 371 - 373 - 374 - 375 - 377 - 380 - 381 - 383 - 386 - 387 - 388 - 389 - 390 - 391 - 392 - 393 - 394 - 399 - 400 - 406 - 407 - 408 - 409 - 413 - 415 - 416 - 417 - 418 - 420 - 422 - 424 - 426 - 427 - 429 - 430 - 433 - 435 - 437 - 438 - 439 - 440 - 444 - 445 - 447 - 449 - 450 - 452 - 458 - 461 - 462 - 463 - 466 - 467 - 474 - 478 - 479 - 480 - 483 - 484 - 487 - 489 - 490 - 492 - 493 - 496 - 498,20915487.4,0.1,89152,93596,9.29,Cost: 89152 & Capacity: 93596
0 - 1 - 2 - 5 - 8 - 9 - 10 - 12 - 14 - 15 - 16 - 18 - 20 - 21 - 22 - 23 - 24 - 27 - 28 - 30 - 32 - 33 - 36 - 39 - 40 - 41 - 42 - 44 - 45 - 48 - 49 - 52 - 54 - 55 - 57 - 58 - 59 - 61 - 63 - 65 - 66 - 67 - 68 - 69 - 71 - 75 - 76 - 77 - 78 - 80 - 81 - 83 - 84 - 85 - 88 - 89 - 91 - 92 - 94 - 99 - 101 - 102 - 103 - 105 - 107 - 110 - 111 - 112 - 113 - 114 - 115 - 117 - 118 - 119 - 125 - 127 - 129 - 130 - 132 - 135 - 137 - 138 - 139 - 142 - 144 - 145 - 146 - 148 - 149 - 150 - 152 - 155 - 156 - 157 - 161 - 163 - 164 - 167 - 171 - 172 - 174 - 175 - 176 - 178 - 179 - 182 - 183 - 185 - 188 - 190 - 191 - 192 - 194 - 196 - 197 - 198 - 199 - 200 - 201 - 202 - 203 - 205 - 206 - 207 - 208 - 211 - 213 - 214 - 216 - 217 - 218 - 219 - 220 - 221 - 222 - 223 - 224 - 230 - 231 - 232 - 233 - 235 - 236 - 237 - 239 - 240 - 241 - 242 - 243 - 244 - 247 - 250 - 251 - 252 - 254 - 257 - 258 - 260 - 264 - 266 - 268 - 269 - 270 - 271 - 272 - 274 - 275 - 276 - 278 - 281 - 282 - 283 - 284 - 286 - 288 - 289 - 290 - 293 - 294 - 295 - 298 - 299 - 300 - 301 - 302 - 303 - 304 - 305 - 306 - 308 - 309 - 310 - 312 - 313 - 314 - 315 - 317 - 319 - 320 - 321 - 323 - 324 - 325 - 326 - 328 - 329 - 332 - 338 - 339 - 340 - 342 - 344 - 347 - 356 - 357 - 358 - 360 - 361 - 362 - 363 - 365 - 366 - 367 - 371 - 373 - 374 - 375 - 377 - 380 - 381 - 383 - 386 - 387 - 388 - 389 - 390 - 391 - 392 - 393 - 394 - 399 - 400 - 406 - 407 - 408 - 409 - 413 - 415 - 416 - 417 - 418 - 420 - 422 - 424 - 426 - 427 - 429 - 430 - 433 - 435 - 437 - 438 - 439 - 440 - 444 - 445 - 447 - 449 - 450 - 452 - 458 - 461 - 462 - 463 - 466 - 467 - 474 - 478 - 479 - 480 - 483 - 484 - 487 - 489 - 490 - 492 - 493 - 496 - 498,20775457.9,0.1,88527,92754,9.3,Cost: 88527 & Capacity: 92754
0 - 1 - 2 - 5 - 8 - 9 - 10 - 12 - 14 - 15 - 16 - 18 - 20 - 21 - 22 - 23 - 24 - 27 - 28 - 30 - 32 - 33 - 36 - 39 - 40 - 41 - 42 - 44 - 45 - 46 - 48 - 49 - 51 - 52 - 54 - 55 - 57 - 58 - 59 - 61 - 65 - 66 - 67 - 68 - 69 - 71 - 75 - 76 - 77 - 78 - 81 - 83 - 84 - 85 - 87 - 88 - 89 - 91 - 92 - 94 - 99 - 101 - 102 - 103 - 105 - 107 - 108 - 110 - 111 - 112 - 113 - 114 - 115 - 117 - 118 - 119 - 127 - 129 - 130 - 132 - 135 - 136 - 137 - 138 - 139 - 142 - 144 - 145 - 146 - 148 - 149 - 150 - 152 - 155 - 156 - 157 - 161 - 163 - 164 - 167 - 171 - 172 - 175 - 176 - 178 - 179 - 182 - 183 - 185 - 188 - 190 - 191 - 192 - 194 - 196 - 197 - 198 - 199 - 200 - 201 - 202 - 203 - 205 - 206 - 207 - 208 - 211 - 213 - 214 - 216 - 217 - 218 - 219 - 220 - 221 - 222 - 223 - 224 - 230 - 231 - 232 - 233 - 235 - 236 - 237 - 239 - 240 - 241 - 242 - 243 - 244 - 247 - 250 - 251 - 252 - 254 - 257 - 258 - 260 - 264 - 266 - 268 - 269 - 270 - 271 - 272 - 274 - 275 - 276 - 278 - 281 - 282 - 283 - 284 - 286 - 288 - 289 - 290 - 293 - 294 - 295 - 298 - 299 - 300 - 301 - 302 - 303 - 304 - 305 - 306 - 308 - 309 - 310 - 312 - 313 - 314 - 315 - 317 - 319 - 320 - 321 - 323 - 324 - 325 - 326 - 328 - 329 - 332 - 338 - 339 - 340 - 342 - 344 - 347 - 356 - 357 - 358 - 360 - 361 - 362 - 363 - 364 - 365 - 366 - 367 - 371 - 373 - 374 - 375 - 377 - 380 - 381 - 383 - 386 - 387 - 388 - 389 - 390 - 391 - 392 - 393 - 394 - 399 - 400 - 406 - 407 - 408 - 409 - 411 - 413 - 415 - 416 - 417 - 418 - 420 - 422 - 424 - 426 - 427 - 430 - 433 - 435 - 437 - 438 - 439 - 440 - 444 - 445 - 447 - 449 - 450 - 451 - 452 - 458 - 461 - 462 - 463 - 466 - 467 - 474 - 475 - 478 - 479 - 480 - 483 - 484 - 487 - 489 - 490 - 492 - 493 - 494 - 496 - 498,21559280.1,0.1,92195,96567,11.84,Cost: 92195 & Capacity: 96567
0 - 1 - 2 - 5 - 8 - 9 - 10 - 12 - 14 - 15 - 16 - 18 - 20 - 21 - 22 - 23 - 24 - 27 - 28 - 30 - 32 - 33 - 36 - 39 - 40 - 41 - 42 - 44 - 45 - 48 - 49 - 52 - 54 - 55 - 57 - 58 - 59 - 61 - 65 - 66 - 67 - 68 - 69 - 71 - 75 - 76 - 77 - 78 - 81 - 83 - 84 - 85 - 88 - 89 - 91 - 92 - 94 - 99 - 101 - 102 - 103 - 105 - 107 - 110 - 111 - 112 - 113 - 114 - 115 - 117 - 118 - 119 - 125 - 127 - 129 - 132 - 135 - 137 - 138 - 139 - 142 - 144 - 145 - 146 - 148 - 149 - 150 - 152 - 155 - 156 - 157 - 161 - 163 - 164 - 167 - 171 - 172 - 174 - 175 - 176 - 178 - 179 - 182 - 183 - 185 - 188 - 190 - 191 - 192 - 194 - 196 - 197 - 198 - 199 - 200 - 202 - 203 - 205 - 206 - 207 - 208 - 211 - 213 - 214 - 216 - 217 - 218 - 219 - 221 - 222 - 223 - 224 - 230 - 231 - 232 - 233 - 235 - 236 - 237 - 239 - 240 - 241 - 242 - 243 - 244 - 247 - 250 - 251 - 252 - 254 - 257 - 258 - 260 - 264 - 266 - 268 - 269 - 270 - 271 - 272 - 274 - 275 - 276 - 278 - 281 - 282 - 283 - 284 - 286 - 288 - 289 - 290 - 293 - 294 - 295 - 298 - 299 - 300 - 301 - 302 - 303 - 304 - 305 - 306 - 308 - 309 - 310 - 312 - 313 - 314 - 315 - 317 - 319 - 320 - 321 - 323 - 324 - 325 - 326 - 328 - 329 - 332 - 338 - 339 - 340 - 342 - 344 - 347 - 356 - 357 - 358 - 360 - 361 - 362 - 363 - 365 - 366 - 367 - 371 - 374 - 375 - 377 - 380 - 381 - 383 - 386 - 387 - 388 - 389 - 390 - 391 - 392 - 393 - 394 - 399 - 400 - 406 - 407 - 408 - 409 - 413 - 415 - 416 - 417 - 418 - 420 - 422 - 424 - 426 - 427 - 429 - 430 - 433 - 435 - 437 - 438 - 439 - 440 - 444 - 445 - 447 - 449 - 450 - 452 - 458 - 461 - 462 - 463 - 466 - 467 - 474 - 478 - 479 - 480 - 483 - 484 - 487 - 489 - 490 - 492 - 493 - 496 - 498,19926728.7,0.1,84826,89694,12.88,Cost: 84826 & Capacity: 89694
0 - 1 - 2 - 5 - 8 - 9 - 10 - 12 - 14 - 15 - 16 - 18 - 20 - 21 - 22 - 23 - 24 - 27 - 28 - 30 - 32 - 33 - 36 - 39 - 40 - 41 - 42 - 44 - 45 - 48 - 49 - 52 - 54 - 55 - 57 - 58 - 59 - 61 - 65 - 66 - 67 - 68 - 69 - 71 - 75 - 76 - 77 - 78 - 80 - 81 - 83 - 84 - 85 - 88 - 89 - 91 - 92 - 94 - 99 - 101 - 102 - 103 - 105 - 107 - 110 - 111 - 112 - 113 - 114 - 115 - 117 - 118 - 119 - 125 - 127 - 129 - 132 - 135 - 137 - 138 - 139 - 142 - 144 - 145 - 146 - 148 - 149 - 150 - 152 - 155 - 156 - 157 - 161 - 163 - 164 - 167 - 171 - 172 - 174 - 175 - 176 - 178 - 179 - 182 - 183 - 185 - 188 - 190 - 191 - 192 - 194 - 196 - 197 - 198 - 199 - 200 - 202 - 203 - 205 - 206 - 207 - 208 - 211 - 213 - 214 - 216 - 217 - 218 - 219 - 221 - 222 - 223 - 224 - 230 - 231 - 232 - 233 - 235 - 236 - 237 - 239 - 240 - 241 - 242 - 243 - 244 - 247 - 250 - 251 - 252 - 254 - 257 - 258 - 260 - 264 - 266 - 268 - 269 - 270 - 271 - 272 - 274 - 275 - 276 - 278 - 281 - 282 - 283 - 284 - 286 - 288 - 289 - 290 - 293 - 294 - 295 - 298 - 299 - 300 - 301 - 302 - 303 - 304 - 305 - 306 - 308 - 309 - 310 - 312 - 313 - 314 - 315 - 317 - 319 - 320 - 321 - 323 - 324 - 325 - 326 - 328 - 329 - 332 - 338 - 339 - 340 - 342 - 344 - 347 - 356 - 357 - 358 - 360 - 361 - 362 - 363 - 365 - 366 - 367 - 371 - 374 - 375 - 377 - 380 - 381 - 383 - 386 - 387 - 388 - 389 - 390 - 391 - 392 - 393 - 394 - 399 - 400 - 406 - 407 - 408 - 409 - 413 - 415 - 416 - 417 - 418 - 420 - 422 - 424 - 426 - 427 - 429 - 430 - 433 - 435 - 437 - 438 - 439 - 440 - 444 - 445 - 447 - 449 - 450 - 452 - 458 - 461 - 462 - 463 - 466 - 467 - 474 - 478 - 479 - 480 - 483 - 484 - 487 - 489 - 490 - 492 - 493 - 496 - 498,20068708.6,0.1,85438,90037,12.88,Cost: 85438 & Capacity: 90037
0 - 1 - 2 - 5 - 8 - 9 - 10 - 12 - 14 - 15 - 16 - 18 - 20 - 21 - 22 - 23 - 24 - 27 - 28 - 30 - 31 - 32 - 33 - 36 - 39 - 40 - 41 - 42 - 44 - 45 - 48 - 49 - 52 - 54 - 55 - 57 - 58 - 59 - 61 - 63 - 65 - 66 - 67 - 68 - 69 - 71 - 75 - 76 - 77 - 78 - 80 - 81 - 83 - 84 - 85 - 88 - 89 - 91 - 92 - 94 - 99 - 101 - 102 - 103 - 105 - 107 - 110 - 111 - 112 - 113 - 114 - 115 - 117 - 118 - 119 - 125 - 127 - 129 - 130 - 132 - 135 - 137 - 138 - 139 - 142 - 144 - 145 - 146 - 148 - 149 - 150 - 152 - 155 - 156 - 157 - 161 - 163 - 164 - 167 - 171 - 172 - 174 - 175 - 176 - 178 - 179 - 182 - 183 - 185 - 188 - 190 - 191 - 192 - 194 - 196 - 197 - 198 - 199 - 200 - 201 - 202 - 203 - 205 - 206 - 207 - 208 - 211 - 213 - 214 - 216 - 217 - 218 - 219 - 220 - 221 - 222 - 223 - 224 - 230 - 231 - 232 - 233 - 235 - 236 - 237 - 239 - 240 - 241 - 242 - 243 - 244 - 247 - 250 - 251 - 252 - 254 - 257 - 258 - 260 - 264 - 266 - 268 - 269 - 270 - 271 - 272 - 274 - 275 - 276 - 278 - 281 - 282 - 283 - 284 - 286 - 288 - 289 - 290 - 293 - 294 - 295 - 298 - 299 - 300 - 301 - 302 - 303 - 304 - 305 - 306 - 308 - 309 - 310 - 312 - 313 - 314 - 315 - 317 - 319 - 320 - 321 - 323 - 324 - 325 - 326 - 328 - 329 - 332 - 338 - 339 - 340 - 342 - 344 - 347 - 356 - 357 - 358 - 360 - 361 - 362 - 363 - 365 - 366 - 367 - 371 - 373 - 374 - 375 - 377 - 380 - 381 - 383 - 386 - 387 - 388 - 389 - 390 - 391 - 392 - 393 - 394 - 399 - 400 - 406 - 407 - 408 - 409 - 413 - 415 - 416 - 417 - 418 - 420 - 422 - 424 - 426 - 427 - 429 - 430 - 433 - 435 - 437 - 438 - 439 - 440 - 444 - 445 - 447 - 449 - 450 - 452 - 458 - 461 - 462 - 463 - 466 - 467 - 474 - 478 - 479 - 480 - 483 - 484 - 487 - 489 - 490 - 492 - 493 - 496 - 498,20915487.4,0.1,89152,93596,13.41,Cost: 89152 & Capacity: 93596
0 - 1 - 2 - 5 - 8 - 9 - 10 - 12 - 14 - 15 - 16 - 18 - 20 - 21 - 22 - 23 - 24 - 27 - 28 - 30 - 32 - 33 - 36 - 39 - 40 - 41 - 42 - 44 - 45 - 48 - 49 - 52 - 54 - 55 - 57 - 58 - 59 - 61 - 63 - 65 - 66 - 67 - 68 - 69 - 71 - 75 - 76 - 77 - 78 - 80 - 81 - 83 - 84 - 85 - 88 - 89 - 91 - 92 - 94 - 99 - 101 - 102 - 103 - 105 - 107 - 110 - 111 - 112 - 113 - 114 - 115 - 117 - 118 - 119 - 125 - 127 - 129 - 130 - 132 - 135 - 137 - 138 - 139 - 142 - 144 - 145 - 146 - 148 - 149 - 150 - 152 - 155 - 156 - 157 - 161 - 163 - 164 - 167 - 171 - 172 - 174 - 175 - 176 - 178 - 179 - 182 - 183 - 185 - 188 - 190 - 191 - 192 - 194 - 196 - 197 - 198 - 199 - 200 - 201 - 202 - 203 - 205 - 206 - 207 - 208 - 211 - 213 - 214 - 216 - 217 - 218 - 219 - 220 - 221 - 222 - 223 - 224 - 230 - 231 - 232 - 233 - 235 - 236 - 237 - 239 - 240 - 241 - 242 - 243 - 244 - 247 - 250 - 251 - 252 - 254 - 257 - 258 - 260 - 264 - 266 - 268 - 269 - 270 - 271 - 272 - 274 - 275 - 276 - 278 - 281 - 282 - 283 - 284 - 286 - 288 - 289 - 290 - 293 - 294 - 295 - 298 - 299 - 300 - 301 - 302 - 303 - 304 - 305 - 306 - 308 - 309 - 310 - 312 - 313 - 314 - 315 - 317 - 319 - 320 - 321 - 323 - 324 - 325 - 326 - 328 - 329 - 332 - 338 - 339 - 340 - 342 - 344 - 347 - 356 - 357 - 358 - 360 - 361 - 362 - 363 - 365 - 366 - 367 - 371 - 373 - 374 - 375 - 377 - 380 - 381 - 383 - 386 - 387 - 388 - 389 - 390 - 391 - 392 - 393 - 394 - 399 - 400 - 406 - 407 - 408 - 409 - 413 - 415 - 416 - 417 - 418 - 420 - 422 - 424 - 426 - 427 - 429 - 430 - 433 - 435 - 437 - 438 - 439 - 440 - 444 - 445 - 447 - 449 - 450 - 452 - 458 - 461 - 462 - 463 - 466 - 467 - 474 - 478 - 479 - 480 - 483 - 484 - 487 - 489 - 490 - 492 - 493 - 496 - 498,20775457.9,0.1,88527,92754,13.41,Cost: 88527 & Capacity: 92754
0 - 1 - 8 - 9 - 10 - 21 - 23 - 24 - 27 - 28 - 30 - 31 - 32 - 33 - 36 - 41 - 43 - 44 - 45 - 46 - 49 - 50 - 51 - 53 - 54 - 55 - 56 - 59 - 60 - 62 - 71 - 72 - 75 - 78 - 80 - 82 - 87 - 91 - 92 - 94 - 101 - 103 - 104 - 105 - 106 - 107 - 110 - 112 - 115 - 116 - 118 - 119 - 120 - 121 - 125 - 126 - 127 - 129 - 131 - 136 - 145 - 148 - 149 - 150 - 155 - 157 - 158 - 167 - 170 - 172 - 176 - 178 - 182 - 183 - 184 - 185 - 187 - 190 - 191 - 194 - 198 - 200 - 201 - 202 - 207 - 208 - 210 - 211 - 213 - 214 - 216 - 218 - 219 - 221 - 222 - 223 - 229 - 230 - 233 - 236 - 239 - 242 - 249 - 250 - 252 - 254 - 256 - 257 - 260 - 266 - 267 - 268 - 271 - 272 - 273 - 275 - 276 - 277 - 281 - 282 - 286 - 288 - 299 - 303 - 305 - 309 - 310 - 311 - 312 - 313 - 319 - 324 - 326 - 331 - 332 - 334 - 338 - 339 - 341 - 342 - 344 - 345 - 346 - 347 - 354 - 357 - 358 - 362 - 363 - 377 - 379 - 380 - 381 - 384 - 387 - 390 - 391 - 393 - 397 - 398 - 399 - 400 - 406 - 409 - 411 - 412 - 419 - 422 - 425 - 426 - 433 - 440 - 443 - 445 - 449 - 451 - 453 - 454 - 457 - 458 - 462 - 465 - 466 - 472 - 475 - 481 - 482 - 484 - 487 - 488 - 490 - 493 - 494,9427530.8,7.9,91946,82187,14.87,Cost: 91946 & Capacity: 82187
0 - 1 - 2 - 5 - 8 - 9 - 10 - 12 - 14 - 15 - 16 - 18 - 20 - 21 - 22 - 23 - 24 - 27 - 28 - 30 - 32 - 33 - 36 - 39 - 40 - 41 - 42 - 44 - 45 - 46 - 48 - 49 - 51 - 52 - 54 - 55 - 57 - 58 - 59 - 61 - 65 - 66 - 67 - 68 - 69 - 71 - 75 - 76 - 77 - 78 - 81 - 83 - 84 - 85 - 87 - 88 - 89 - 91 - 92 - 94 - 99 - 101 - 102 - 103 - 105 - 107 - 108 - 110 - 111 - 112 - 113 - 114 - 115 - 117 - 118 - 119 - 127 - 129 - 130 - 132 - 135 - 136 - 137 - 138 - 139 - 142 - 144 - 145 - 146 - 148 - 149 - 150 - 152 - 155 - 156 - 157 - 161 - 163 - 164 - 167 - 171 - 172 - 175 - 176 - 178 - 179 - 182 - 183 - 185 - 188 - 190 - 191 - 192 - 194 - 196 - 197 - 198 - 199 - 200 - 201 - 202 - 203 - 205 - 206 - 207 - 208 - 211 - 213 - 214 - 216 - 217 - 218 - 219 - 220 - 221 - 222 - 223 - 224 - 230 - 231 - 232 - 233 - 235 - 236 - 237 - 239 - 240 - 241 - 242 - 243 - 244 - 247 - 250 - 251 - 252 - 254 - 257 - 258 - 260 - 264 - 266 - 268 - 269 - 270 - 271 - 272 - 274 - 275 - 276 - 278 - 281 - 282 - 283 - 284 - 286 - 288 - 289 - 290 - 293 - 294 - 295 - 298 - 299 - 300 - 301 - 302 - 303 - 304 - 305 - 306 - 308 - 309 - 310 - 312 - 313 - 314 - 315 - 317 - 319 - 320 - 321 - 323 - 324 - 325 - 326 - 328 - 329 - 332 - 338 - 339 - 340 - 342 - 344 - 347 - 356 - 357 - 358 - 360 - 361 - 362 - 363 - 364 - 365 - 366 - 367 - 371 - 373 - 374 - 375 - 377 - 380 - 381 - 383 - 386 - 387 - 388 - 389 - 390 - 391 - 392 - 393 - 394 - 399 - 400 - 406 - 407 - 408 - 409 - 411 - 413 - 415 - 416 - 417 - 418 - 420 - 422 - 424 - 426 - 427 - 430 - 433 - 435 - 437 - 438 - 439 - 440 - 444 - 445 - 447 - 449 - 450 - 451 - 452 - 458 - 461 - 462 - 463 - 466 - 467 - 474 - 475 - 478 - 479 - 480 - 483 - 484 - 487 - 489 - 490 - 492 - 493 - 494 - 496 - 498,21559280.1,0.1,92195,96567,15.74,Cost: 92195 & Capacity: 96567
0 - 1 - 4 - 5 - 7 - 8 - 9 - 10 - 12 - 14 - 16 - 18 - 20 - 21 - 23 - 24 - 27 - 28 - 30 - 31 - 33 - 36 - 39 - 40 - 41 - 44 - 46 - 47 - 48 - 49 - 51 - 52 - 54 - 55 - 57 - 58 - 59 - 64 - 65 - 67 - 68 - 69 - 75 - 76 - 77 - 78 - 81 - 82 - 84 - 87 - 91 - 92 - 94 - 96 - 99 - 101 - 103 - 105 - 107 - 108 - 110 - 112 - 114 - 115 - 118 - 119 - 120 - 122 - 126 - 127 - 129 - 130 - 131 - 132 - 135 - 138 - 139 - 142 - 144 - 146 - 149 - 152 - 155 - 157 - 163 - 167 - 171 - 172 - 175 - 177 - 178 - 179 - 183 - 185 - 190 - 191 - 192 - 194 - 195 - 196 - 198 - 199 - 200 - 201 - 202 - 203 - 204 - 205 - 206 - 208 - 210 - 211 - 212 - 213 - 214 - 216 - 217 - 218 - 219 - 221 - 222 - 223 - 224 - 225 - 226 - 230 - 231 - 233 - 236 - 240 - 241 - 242 - 244 - 245 - 247 - 248 - 250 - 251 - 254 - 257 - 258 - 260 - 264 - 266 - 268 - 270 - 271 - 272 - 274 - 276 - 278 - 281 - 282 - 283 - 284 - 285 - 286 - 288 - 289 - 290 - 293 - 294 - 296 - 297 - 298 - 299 - 300 - 301 - 304 - 306 - 307 - 308 - 309 - 310 - 311 - 312 - 313 - 314 - 315 - 319 - 323 - 324 - 325 - 326 - 328 - 329 - 332 - 338 - 340 - 344 - 347 - 356 - 357 - 358 - 360 - 361 - 362 - 363 - 364 - 365 - 370 - 371 - 373 - 377 - 380 - 381 - 383 - 384 - 386 - 387 - 389 - 391 - 392 - 393 - 394 - 399 - 406 - 407 - 409 - 411 - 413 - 416 - 417 - 418 - 420 - 422 - 424 - 433 - 435 - 438 - 439 - 442 - 444 - 445 - 447 - 449 - 450 - 451 - 452 - 458 - 459 - 461 - 462 - 466 - 467 - 468 - 471 - 472 - 474 - 475 - 478 - 479 - 480 - 484 - 487 - 489 - 490 - 492 - 493 - 494 - 496 - 498,17188301.8,2.2,92193,92355,16.14,Cost: 92193 & Capacity: 92355
0 - 1 - 2 - 5 - 8 - 9 - 10 - 12 - 14 - 15 - 16 - 18 - 20 - 21 - 22 - 23 - 24 - 27 - 28 - 30 - 32 - 33 - 36 - 39 - 40 - 41 - 42 - 44 - 45 - 46 - 48 - 49 - 51 - 52 - 54 - 55 - 57 - 58 - 59 - 61 - 65 - 66 - 67 - 68 - 69 - 71 - 75 - 76 - 77 - 78 - 81 - 83 - 84 - 85 - 87 - 88 - 89 - 91 - 92 - 94 - 99 - 101 - 102 - 103 - 105 - 107 - 108 - 110 - 111 - 112 - 113 - 114 - 115 - 117 - 118 - 119 - 127 - 129 - 130 - 132 - 135 - 136 - 137 - 138 - 139 - 142 - 144 - 145 - 146 - 148 - 149 - 150 - 152 - 155 - 156 - 157 - 161 - 163 - 164 - 167 - 171 - 172 - 175 - 176 - 178 - 179 - 182 - 183 - 185 - 188 - 190 - 191 - 192 - 194 - 196 - 197 - 198 - 199 - 200 - 201 - 202 - 203 - 205 - 206 - 207 - 208 - 211 - 213 - 214 - 216 - 217 - 218 - 219 - 220 - 221 - 222 - 223 - 224 - 230 - 231 - 232 - 233 - 235 - 236 - 237 - 239 - 240 - 241 - 242 - 243 - 244 - 247 - 250 - 251 - 252 - 254 - 257 - 258 - 260 - 264 - 266 - 268 - 269 - 270 - 271 - 272 - 274 - 275 - 276 - 278 - 281 - 282 - 283 - 284 - 286 - 288 - 289 - 290 - 293 - 294 - 295 - 298 - 299 - 300 - 301 - 302 - 303 - 304 - 305 - 306 - 308 - 309 - 310 - 312 - 313 - 314 - 315 - 317 - 319 - 320 - 321 - 323 - 324 - 325 - 326 - 328 - 329 - 332 - 338 - 339 - 340 - 342 - 344 - 347 - 356 - 357 - 358 - 360 - 361 - 362 - 363 - 364 - 365 - 366 - 367 - 371 - 373 - 374 - 375 - 377 - 380 - 381 - 383 - 386 - 387 - 388 - 389 - 390 - 391 - 392 - 393 - 394 - 399 - 400 - 406 - 407 - 408 - 409 - 411 - 413 - 415 - 416 - 417 - 418 - 420 - 422 - 424 - 426 - 427 - 430 - 433 - 435 - 437 - 438 - 439 - 440 - 444 - 445 - 447 - 449 - 450 - 451 - 452 - 458 - 461 - 462 - 463 - 466 - 467 - 474 - 475 - 478 - 479 - 480 - 483 - 484 - 487 - 489 - 490 - 492 - 493 - 494 - 496 - 498,21559280.1,0.1,92195,96567,19.21,Cost: 92195 & Capacity: 96567
0 - 1 - 2 - 5 - 8 - 9 - 10 - 12 - 14 - 15 - 16 - 18 - 20 - 21 - 22 - 23 - 24 - 27 - 28 - 30 - 31 - 32 - 33 - 36 - 39 - 40 - 41 - 42 - 44 - 45 - 46 - 48 - 49 - 52 - 54 - 55 - 57 - 58 - 59 - 61 - 63 - 65 - 66 - 67 - 68 - 69 - 71 - 75 - 76 - 77 - 78 - 80 - 81 - 83 - 84 - 85 - 87 - 88 - 89 - 91 - 92 - 94 - 99 - 101 - 102 - 103 - 105 - 107 - 110 - 111 - 112 - 113 - 114 - 115 - 117 - 118 - 119 - 125 - 127 - 129 - 130 - 132 - 135 - 137 - 138 - 139 - 142 - 144 - 145 - 146 - 148 - 149 - 150 - 152 - 155 - 156 - 157 - 161 - 163 - 164 - 167 - 171 - 172 - 174 - 175 - 176 - 178 - 179 - 182 - 183 - 185 - 188 - 190 - 191 - 192 - 194 - 196 - 197 - 198 - 199 - 200 - 201 - 202 - 203 - 205 - 206 - 207 - 208 - 211 - 213 - 214 - 216 - 217 - 218 - 219 - 220 - 221 - 222 - 223 - 224 - 230 - 231 - 232 - 233 - 235 - 236 - 237 - 239 - 240 - 241 - 242 - 243 - 244 - 247 - 250 - 251 - 252 - 254 - 257 - 258 - 260 - 264 - 266 - 268 - 269 - 270 - 271 - 272 - 274 - 275 - 276 - 278 - 281 - 282 - 283 - 284 - 286 - 288 - 289 - 290 - 293 - 294 - 295 - 298 - 299 - 300 - 301 - 302 - 303 - 304 - 305 - 306 - 308 - 309 - 310 - 312 - 313 - 314 - 315 - 317 - 319 - 320 - 321 - 323 - 324 - 325 - 326 - 328 - 329 - 332 - 338 - 339 - 340 - 342 - 344 - 347 - 356 - 357 - 358 - 360 - 361 - 362 - 363 - 364 - 365 - 366 - 367 - 371 - 373 - 374 - 375 - 377 - 380 - 381 - 383 - 386 - 387 - 388 - 389 - 390 - 391 - 392 - 393 - 394 - 399 - 400 - 406 - 407 - 408 - 409 - 413 - 415 - 416 - 417 - 418 - 420 - 422 - 424 - 426 - 427 - 429 - 430 - 433 - 435 - 437 - 438 - 439 - 440 - 444 - 445 - 447 - 449 - 450 - 452 - 458 - 461 - 462 - 463 - 466 - 467 - 474 - 478 - 479 - 480 - 483 - 484 - 487 - 489 - 490 - 492 - 493 - 496 - 498,21356573.7,0.1,91036,95150,20.2,Cost: 91036 & Capacity: 95150
0 - 1 - 2 - 5 - 8 - 9 - 10 - 12 - 14 - 15 - 16 - 18 - 20 - 21 - 22 - 23 - 24 - 27 - 28 - 30 - 32 - 33 - 36 - 39 - 40 - 41 - 42 - 44 - 45 - 46 - 48 - 49 - 51 - 52 - 54 - 55 - 57 - 58 - 59 - 61 - 65 - 66 - 67 - 68 - 69 - 71 - 75 - 76 - 77 - 78 - 81 - 83 - 84 - 85 - 87 - 88 - 89 - 91 - 92 - 94 - 99 - 101 - 102 - 103 - 105 - 107 - 108 - 110 - 111 - 112 - 113 - 114 - 115 - 117 - 118 - 119 - 127 - 129 - 130 - 132 - 135 - 136 - 137 - 138 - 139 - 142 - 144 - 145 - 146 - 148 - 149 - 150 - 152 - 155 - 156 - 157 - 161 - 163 - 164 - 167 - 171 - 172 - 175 - 176 - 178 - 179 - 182 - 183 - 185 - 188 - 190 - 191 - 192 - 194 - 196 - 197 - 198 - 199 - 200 - 201 - 202 - 203 - 205 - 206 - 207 - 208 - 211 - 213 - 214 - 216 - 217 - 218 - 219 - 220 - 221 - 222 - 223 - 224 - 230 - 231 - 232 - 233 - 235 - 236 - 237 - 239 - 240 - 241 - 242 - 243 - 244 - 247 - 250 - 251 - 252 - 254 - 257 - 258 - 260 - 264 - 266 - 268 - 269 - 270 - 271 - 272 - 274 - 275 - 276 - 278 - 281 - 282 - 283 - 284 - 286 - 288 - 289 - 290 - 293 - 294 - 295 - 298 - 299 - 300 - 301 - 302 - 303 - 304 - 305 - 306 - 308 - 309 - 310 - 312 - 313 - 314 - 315 - 317 - 319 - 320 - 321 - 323 - 324 - 325 - 326 - 328 - 329 - 332 - 338 - 339 - 340 - 342 - 344 - 347 - 356 - 357 - 358 - 360 - 361 - 362 - 363 - 364 - 365 - 366 - 367 - 371 - 373 - 374 - 375 - 377 - 380 - 381 - 383 - 386 - 387 - 388 - 389 - 390 - 391 - 392 - 393 - 394 - 399 - 400 - 406 - 407 - 408 - 409 - 411 - 413 - 415 - 416 - 417 - 418 - 420 - 422 - 424 - 426 - 427 - 430 - 433 - 435 - 437 - 438 - 439 - 440 - 444 - 445 - 447 - 449 - 450 - 451 - 452 - 458 - 461 - 462 - 463 - 466 - 467 - 474 - 475 - 478 - 479 - 480 - 483 - 484 - 487 - 489 - 490 - 492 - 493 - 494 - 496 - 498,21559280.1,0.1,92195,96567,22.59,Cost: 92195 & Capacity: 96567
0 - 1 - 2 - 5 - 8 - 9 - 10 - 12 - 14 - 15 - 16 - 18 - 20 - 21 - 22 - 23 - 24 - 27 - 28 - 30 - 32 - 33 - 36 - 39 - 40 - 41 - 42 - 44 - 45 - 46 - 48 - 49 - 51 - 52 - 54 - 55 - 57 - 58 - 59 - 61 - 65 - 66 - 67 - 68 - 69 - 71 - 75 - 76 - 77 - 78 - 81 - 83 - 84 - 85 - 87 - 88 - 89 - 91 - 92 - 94 - 99 - 101 - 102 - 103 - 105 - 107 - 108 - 110 - 111 - 112 - 113 - 114 - 115 - 117 - 118 - 119 - 127 - 129 - 130 - 132 - 135 - 136 - 137 - 138 - 139 - 142 - 144 - 145 - 146 - 148 - 149 - 150 - 152 - 155 - 156 - 157 - 161 - 163 - 164 - 167 - 171 - 172 - 175 - 176 - 178 - 179 - 182 - 183 - 185 - 188 - 190 - 191 - 192 - 194 - 196 - 197 - 198 - 199 - 200 - 201 - 202 - 203 - 205 - 206 - 207 - 208 - 211 - 213 - 214 - 216 - 217 - 218 - 219 - 220 - 221 - 222 - 223 - 224 - 230 - 231 - 232 - 233 - 235 - 236 - 237 - 239 - 240 - 241 - 242 - 243 - 244 - 247 - 250 - 251 - 252 - 254 - 257 - 258 - 260 - 264 - 266 - 268 - 269 - 270 - 271 - 272 - 274 - 275 - 276 - 278 - 281 - 282 - 283 - 284 - 286 - 288 - 289 - 290 - 293 - 294 - 295 - 298 - 299 - 300 - 301 - 302 - 303 - 304 - 305 - 306 - 308 - 309 - 310 - 312 - 313 - 314 - 315 - 317 - 319 - 320 - 321 - 323 - 324 - 325 - 326 - 328 - 329 - 332 - 338 - 339 - 340 - 342 - 344 - 347 - 356 - 357 - 358 - 360 - 361 - 362 - 363 - 364 - 365 - 366 - 367 - 371 - 373 - 374 - 375 - 377 - 380 - 381 - 383 - 386 - 387 - 388 - 389 - 390 - 391 - 392 - 393 - 394 - 399 - 400 - 406 - 407 - 408 - 409 - 411 - 413 - 415 - 416 - 417 - 418 - 420 - 422 - 424 - 426 - 427 - 430 - 433 - 435 - 437 - 438 - 439 - 440 - 444 - 445 - 447 - 449 - 450 - 451 - 452 - 458 - 461 - 462 - 463 - 466 - 467 - 474 - 475 - 478 - 479 - 480 - 483 - 484 - 487 - 489 - 490 - 492 - 493 - 494 - 496 - 498,21559280.1,0.1,92195,96567,23.19,Cost: 92195 & Capacity: 96567
0 - 1 - 2 - 5 - 8 - 9 - 10 - 12 - 14 - 15 - 16 - 18 - 20 - 21 - 22 - 23 - 24 - 27 - 28 - 30 - 32 - 33 - 36 - 39 - 40 - 41 - 42 - 44 - 45 - 48 - 49 - 52 - 54 - 55 - 57 - 58 - 59 - 61 - 63 - 65 - 66 - 67 - 68 - 69 - 71 - 75 - 76 - 77 - 78 - 80 - 81 - 83 - 84 - 85 - 88 - 89 - 91 - 92 - 94 - 99 - 101 - 102 - 103 - 105 - 107 - 110 - 111 - 112 - 113 - 114 - 115 - 117 - 118 - 119 - 125 - 127 - 129 - 130 - 132 - 135 - 137 - 138 - 139 - 142 - 144 - 145 - 146 - 148 - 149 - 150 - 152 - 155 - 156 - 157 - 161 - 163 - 164 - 167 - 171 - 172 - 174 - 175 - 176 - 178 - 179 - 182 - 183 - 185 - 188 - 190 - 191 - 192 - 194 - 196 - 197 - 198 - 199 - 200 - 202 - 203 - 205 - 206 - 207 - 208 - 211 - 213 - 214 - 216 - 217 - 218 - 219 - 220 - 221 - 222 - 223 - 224 - 230 - 231 - 232 - 233 - 235 - 236 - 237 - 239 - 240 - 241 - 242 - 243 - 244 - 247 - 250 - 251 - 252 - 254 - 257 - 258 - 260 - 264 - 266 - 268 - 269 - 270 - 271 - 272 - 274 - 275 - 276 - 278 - 281 - 282 - 283 - 284 - 286 - 288 - 289 - 290 - 293 - 294 - 295 - 298 - 299 - 300 - 301 - 302 - 303 - 304 - 305 - 306 - 308 - 309 - 310 - 312 - 313 - 314 - 315 - 317 - 319 - 320 - 321 - 323 - 324 - 325 - 326 - 328 - 329 - 332 - 338 - 339 - 340 - 342 - 344 - 347 - 356 - 357 - 358 - 360 - 361 - 362 - 363 - 365 - 366 - 367 - 371 - 373 - 374 - 375 - 377 - 380 - 381 - 383 - 386 - 387 - 388 - 389 - 390 - 391 - 392 - 393 - 394 - 399 - 400 - 406 - 407 - 408 - 409 - 413 - 415 - 416 - 417 - 418 - 420 - 422 - 424 - 426 - 427 - 429 - 430 - 433 - 435 - 437 - 438 - 439 - 440 - 444 - 445 - 447 - 449 - 450 - 452 - 458 - 461 - 462 - 463 - 466 - 467 - 474 - 478 - 479 - 480 - 483 - 484 - 487 - 489 - 490 - 492 - 493 - 496 - 498,20630763.0,0.1,87903,91808,23.14,Cost: 87903 & Capacity: 91808
0 - 1 - 2 - 5 - 8 - 9 - 10 - 12 - 14 - 15 - 16 - 18 - 20 - 21 - 22 - 23 - 24 - 27 - 28 - 30 - 32 - 33 - 36 - 39 - 40 - 41 - 42 - 44 - 45 - 46 - 48 - 49 - 52 - 54 - 55 - 57 - 58 - 59 - 61 - 63 - 65 - 66 - 67 - 68 - 69 - 71 - 75 - 76 - 77 - 78 - 80 - 81 - 83 - 84 - 85 - 88 - 89 - 91 - 92 - 94 - 99 - 101 - 102 - 103 - 105 - 107 - 110 - 111 - 112 - 113 - 114 - 115 - 117 - 118 - 119 - 125 - 127 - 129 - 130 - 132 - 135 - 137 - 138 - 139 - 142 - 144 - 145 - 146 - 148 - 149 - 150 - 152 - 155 - 156 - 157 - 161 - 163 - 164 - 167 - 171 - 172 - 174 - 175 - 176 - 178 - 179 - 182 - 183 - 185 - 188 - 190 - 191 - 192 - 194 - 196 - 197 - 198 - 199 - 200 - 201 - 202 - 203 - 205 - 206 - 207 - 208 - 211 - 213 - 214 - 216 - 217 - 218 - 219 - 220 - 221 - 222 - 223 - 224 - 230 - 231 - 232 - 233 - 235 - 236 - 237 - 239 - 240 - 241 - 242 - 243 - 244 - 247 - 250 - 251 - 252 - 254 - 257 - 258 - 260 - 264 - 266 - 268 - 269 - 270 - 271 - 272 - 274 - 275 - 276 - 278 - 281 - 282 - 283 - 284 - 286 - 288 - 289 - 290 - 293 - 294 - 295 - 298 - 299 - 300 - 301 - 302 - 303 - 304 - 305 - 306 - 308 - 309 - 310 - 312 - 313 - 314 - 315 - 317 - 319 - 320 - 321 - 323 - 324 - 325 - 326 - 328 - 329 - 332 - 338 - 339 - 340 - 342 - 344 - 347 - 356 - 357 - 358 - 360 - 361 - 362 - 363 - 364 - 365 - 366 - 367 - 371 - 373 - 374 - 375 - 377 - 380 - 381 - 383 - 386 - 387 - 388 - 389 - 390 - 391 - 392 - 393 - 394 - 399 - 400 - 406 - 407 - 408 - 409 - 413 - 415 - 416 - 417 - 418 - 420 - 422 - 424 - 426 - 427 - 429 - 430 - 433 - 435 - 437 - 438 - 439 - 440 - 444 - 445 - 447 - 449 - 450 - 452 - 458 - 461 - 462 - 463 - 466 - 467 - 474 - 478 - 479 - 480 - 483 - 484 - 487 - 489 - 490 - 492 - 493 - 496 - 498,21061691.4,0.1,89782,93659,23.14,Cost: 89782 & Capacity: 93659
0 - 1 - 2 - 5 - 8 - 9 - 10 - 12 - 14 - 15 - 16 - 18 - 20 - 21 - 22 - 23 - 24 - 27 - 28 - 30 - 31 - 32 - 33 - 36 - 39 - 40 - 41 - 42 - 44 - 45 - 46 - 48 - 49 - 52 - 54 - 55 - 57 - 58 - 59 - 61 - 63 - 65 - 66 - 67 - 68 - 69 - 71 - 75 - 76 - 77 - 78 - 80 - 81 - 83 - 84 - 85 - 88 - 89 - 91 - 92 - 94 - 99 - 101 - 102 - 103 - 105 - 107 - 110 - 111 - 112 - 113 - 114 - 115 - 117 - 118 - 119 - 125 - 127 - 129 - 130 - 132 - 135 - 137 - 138 - 139 - 142 - 144 - 145 - 146 - 148 - 149 - 150 - 152 - 155 - 156 - 157 - 161 - 163 - 164 - 167 - 171 - 172 - 174 - 175 - 176 - 178 - 179 - 182 - 183 - 185 - 188 - 190 - 191 - 192 - 194 - 196 - 197 - 198 - 199 - 200 - 201 - 202 - 203 - 205 - 206 - 207 - 208 - 211 - 213 - 214 - 216 - 217 - 218 - 219 - 220 - 221 - 222 - 223 - 224 - 230 - 231 - 232 - 233 - 235 - 236 - 237 - 239 - 240 - 241 - 242 - 243 - 244 - 247 - 250 - 251 - 252 - 254 - 257 - 258 - 260 - 264 - 266 - 268 - 269 - 270 - 271 - 272 - 274 - 275 - 276 - 278 - 281 - 282 - 283 - 284 - 286 - 288 - 289 - 290 - 293 - 294 - 295 - 298 - 299 - 300 - 301 - 302 - 303 - 304 - 305 - 306 - 308 - 309 - 310 - 312 - 313 - 314 - 315 - 317 - 319 - 320 - 321 - 323 - 324 - 325 - 326 - 328 - 329 - 332 - 338 - 339 - 340 - 342 - 344 - 347 - 356 - 357 - 358 - 360 - 361 - 362 - 363 - 364 - 365 - 366 - 367 - 371 - 373 - 374 - 375 - 377 - 380 - 381 - 383 - 386 - 387 - 388 - 389 - 390 - 391 - 392 - 393 - 394 - 399 - 400 - 406 - 407 - 408 - 409 - 413 - 415 - 416 - 417 - 418 - 420 - 422 - 424 - 426 - 427 - 429 - 430 - 433 - 435 - 437 - 438 - 439 - 440 - 444 - 445 - 447 - 449 - 450 - 452 - 458 - 461 - 462 - 463 - 466 - 467 - 474 - 478 - 479 - 480 - 483 - 484 - 487 - 489 - 490 - 492 - 493 - 496 - 498,21202594.9,0.1,90407,94501,23.14,Cost: 90407 & Capacity: 94501
0 - 1 - 2 - 5 - 8 - 9 - 10 - 12 - 14 - 15 - 16 - 18 - 20 - 21 - 22 - 23 - 24 - 27 - 28 - 30 - 32 - 33 - 36 - 39 - 40 - 41 - 42 - 44 - 45 - 48 - 49 - 52 - 54 - 55 - 57 - 58 - 59 - 61 - 65 - 66 - 67 - 68 - 69 - 71 - 75 - 76 - 77 - 78 - 80 - 81 - 83 - 84 - 85 - 88 - 89 - 91 - 92 - 94 - 99 - 101 - 102 - 103 - 105 - 107 - 110 - 111 - 112 - 113 - 114 - 115 - 117 - 118 - 119 - 125 - 127 - 129 - 132 - 135 - 137 - 138 - 139 - 142 - 144 - 145 - 146 - 148 - 149 - 150 - 152 - 155 - 156 - 157 - 161 - 163 - 164 - 167 - 171 - 172 - 174 - 175 - 176 - 178 - 179 - 182 - 183 - 185 - 188 - 190 - 191 - 192 - 194 - 196 - 197 - 198 - 199 - 200 - 202 - 203 - 205 - 206 - 207 - 208 - 211 - 213 - 214 - 216 - 217 - 218 - 219 - 221 - 222 - 223 - 224 - 230 - 231 - 232 - 233 - 235 - 236 - 237 - 239 - 240 - 241 - 242 - 243 - 244 - 247 - 250 - 251 - 252 - 254 - 257 - 258 - 260 - 264 - 266 - 268 - 269 - 270 - 271 - 272 - 274 - 275 - 276 - 278 - 281 - 282 - 283 - 284 - 286 - 288 - 289 - 290 - 293 - 294 - 295 - 298 - 299 - 300 - 301 - 302 - 303 - 304 - 305 - 306 - 308 - 309 - 310 - 312 - 313 - 314 - 315 - 317 - 319 - 320 - 321 - 323 - 324 - 325 - 326 - 328 - 329 - 332 - 338 - 339 - 340 - 342 - 344 - 347 - 356 - 357 - 358 - 360 - 361 - 362 - 363 - 365 - 366 - 367 - 371 - 374 - 375 - 377 - 380 - 381 - 383 - 386 - 387 - 388 - 389 - 390 - 391 - 392 - 393 - 394 - 399 - 400 - 406 - 407 - 408 - 409 - 413 - 415 - 416 - 417 - 418 - 420 - 422 - 424 - 426 - 427 - 429 - 430 - 433 - 435 - 437 - 438 - 439 - 440 - 444 - 445 - 447 - 449 - 450 - 452 - 458 - 461 - 462 - 463 - 466 - 467 - 474 - 478 - 479 - 480 - 483 - 484 - 487 - 489 - 490 - 492 - 493 - 496 - 498,20068708.6,0.1,85438,90037,23.65,Cost: 85438 & Capacity: 90037
0 - 1 - 2 - 5 - 8 - 9 - 10 - 12 - 14 - 15 - 16 - 18 - 20 - 21 - 22 - 23 - 24 - 27 - 28 - 30 - 32 - 33 - 36 - 39 - 40 - 41 - 42 - 44 - 45 - 48 - 49 - 52 - 54 - 55 - 57 - 58 - 59 - 61 - 65 - 66 - 67 - 68 - 69 - 71 - 75 - 76 - 77 - 78 - 80 - 81 - 83 - 84 - 85 - 88 - 89 - 91 - 92 - 94 - 99 - 101 - 102 - 103 - 105 - 107 - 110 - 111 - 112 - 113 - 114 - 115 - 117 - 118 - 119 - 125 - 127 - 129 - 132 - 135 - 137 - 138 - 139 - 142 - 144 - 145 - 146 - 148 - 149 - 150 - 152 - 155 - 156 - 157 - 161 - 163 - 164 - 167 - 171 - 172 - 174 - 175 - 176 - 178 - 179 - 182 - 183 - 185 - 188 - 190 - 191 - 192 - 194 - 196 - 198 - 199 - 200 - 202 - 203 - 205 - 206 - 207 - 208 - 211 - 213 - 214 - 216 - 217 - 218 - 219 - 221 - 222 - 223 - 224 - 230 - 231 - 232 - 233 - 235 - 236 - 237 - 239 - 240 - 241 - 242 - 243 - 244 - 247 - 250 - 251 - 252 - 254 - 257 - 258 - 260 - 264 - 266 - 268 - 269 - 270 - 271 - 272 - 274 - 275 - 276 - 278 - 281 - 282 - 283 - 284 - 286 - 288 - 289 - 290 - 293 - 294 - 295 - 298 - 299 - 300 - 301 - 302 - 303 - 304 - 305 - 306 - 308 - 309 - 310 - 312 - 313 - 314 - 315 - 317 - 319 - 320 - 321 - 323 - 324 - 325 - 326 - 328 - 329 - 332 - 338 - 339 - 340 - 342 - 344 - 347 - 356 - 357 - 358 - 360 - 361 - 362 - 363 - 365 - 366 - 367 - 371 - 374 - 375 - 377 - 380 - 381 - 383 - 386 - 387 - 388 - 389 - 390 - 391 - 392 - 393 - 394 - 399 - 400 - 406 - 407 - 408 - 409 - 413 - 415 - 416 - 417 - 418 - 420 - 422 - 424 - 426 - 427 - 429 - 430 - 433 - 435 - 437 - 438 - 439 - 440 - 444 - 445 - 447 - 449 - 450 - 452 - 458 - 461 - 462 - 463 - 466 - 467 - 474 - 478 - 479 - 480 - 483 - 484 - 487 - 489 - 490 - 492 - 493 - 496 - 498,19921703.9,0.1,84827,89170,23.65,Cost: 84827 & Capacity: 89170
0 - 1 - 2 - 5 - 8 - 9 - 10 - 12 - 14 - 15 - 16 - 18 - 20 - 21 - 22 - 23 - 24 - 27 - 28 - 30 - 32 - 33 - 36 - 39 - 40 - 41 - 42 - 44 - 45 - 46 - 48 - 49 - 51 - 52 - 54 - 55 - 57 - 58 - 59 - 61 - 65 - 66 - 67 - 68 - 69 - 71 - 75 - 76 - 77 - 78 - 81 - 83 - 84 - 85 - 87 - 88 - 89 - 91 - 92 - 94 - 99 - 101 - 102 - 103 - 105 - 107 - 108 - 110 - 111 - 112 - 113 - 114 - 115 - 117 - 118 - 119 - 127 - 129 - 130 - 132 - 135 - 136 - 137 - 138 - 139 - 142 - 144 - 145 - 146 - 148 - 149 - 150 - 152 - 155 - 156 - 157 - 161 - 163 - 164 - 167 - 171 - 172 - 175 - 176 - 178 - 179 - 182 - 183 - 185 - 188 - 190 - 191 - 192 - 194 - 196 - 197 - 198 - 199 - 200 - 201 - 202 - 203 - 205 - 206 - 207 - 208 - 211 - 213 - 214 - 216 - 217 - 218 - 219 - 220 - 221 - 222 - 223 - 224 - 230 - 231 - 232 - 233 - 235 - 236 - 237 - 239 - 240 - 241 - 242 - 243 - 244 - 247 - 250 - 251 - 252 - 254 - 257 - 258 - 260 - 264 - 266 - 268 - 269 - 270 - 271 - 272 - 274 - 275 - 276 - 278 - 281 - 282 - 283 - 284 - 286 - 288 - 289 - 290 - 293 - 294 - 295 - 298 - 299 - 300 - 301 - 302 - 303 - 304 - 305 - 306 - 308 - 309 - 310 - 312 - 313 - 314 - 315 - 317 - 319 - 320 - 321 - 323 - 324 - 325 - 326 - 328 - 329 - 332 - 338 - 339 - 340 - 342 - 344 - 347 - 356 - 357 - 358 - 360 - 361 - 362 - 363 - 364 - 365 - 366 - 367 - 371 - 373 - 374 - 375 - 377 - 380 - 381 - 383 - 386 - 387 - 388 - 389 - 390 - 391 - 392 - 393 - 394 - 399 - 400 - 406 - 407 - 408 - 409 - 411 - 413 - 415 - 416 - 417 - 418 - 420 - 422 - 424 - 426 - 427 - 430 - 433 - 435 - 437 - 438 - 439 - 440 - 444 - 445 - 447 - 449 - 450 - 451 - 452 - 458 - 461 - 462 - 463 - 466 - 467 - 474 - 475 - 478 - 479 - 480 - 483 - 484 - 487 - 489 - 490 - 492 - 493 - 494 - 496 - 498,21559280.1,0.1,92195,96567,23.78,Cost: 92195 & Capacity: 96567
0 - 1 - 3 - 8 - 9 - 23 - 31 - 32 - 33 - 36 - 37 - 39 - 40 - 41 - 42 - 44 - 46 - 47 - 48 - 49 - 50 - 51 - 53 - 55 - 56 - 60 - 64 - 66 - 69 - 71 - 72 - 73 - 81 - 82 - 84 - 91 - 94 - 97 - 98 - 100 - 108 - 109 - 110 - 116 - 118 - 119 - 120 - 126 - 127 - 130 - 131 - 135 - 139 - 140 - 149 - 152 - 155 - 157 - 160 - 162 - 167 - 170 - 171 - 172 - 177 - 178 - 182 - 183 - 185 - 190 - 191 - 195 - 197 - 198 - 199 - 200 - 202 - 203 - 209 - 210 - 213 - 216 - 217 - 219 - 221 - 222 - 223 - 224 - 226 - 229 - 231 - 233 - 236 - 237 - 240 - 244 - 248 - 250 - 251 - 254 - 258 - 260 - 267 - 268 - 270 - 273 - 276 - 277 - 280 - 281 - 283 - 286 - 288 - 294 - 296 - 298 - 299 - 310 - 311 - 313 - 314 - 319 - 320 - 324 - 327 - 332 - 338 - 339 - 344 - 345 - 346 - 347 - 354 - 357 - 358 - 360 - 362 - 363 - 367 - 370 - 377 - 380 - 383 - 384 - 387 - 390 - 392 - 393 - 394 - 400 - 402 - 405 - 411 - 412 - 413 - 415 - 416 - 419 - 421 - 422 - 424 - 426 - 429 - 430 - 431 - 433 - 435 - 438 - 439 - 440 - 443 - 449 - 452 - 453 - 454 - 458 - 461 - 462 - 464 - 466 - 469 - 476 - 480 - 484 - 485 - 487 - 489 - 490 - 492 - 493 - 494 - 498,9328301.5,8.6,92128,81352,25.12,Cost: 92128 & Capacity: 81352
0 - 1 - 2 - 5 - 8 - 9 - 10 - 12 - 14 - 15 - 16 - 18 - 20 - 21 - 22 - 23 - 24 - 27 - 28 - 30 - 32 - 33 - 36 - 39 - 40 - 41 - 42 - 44 - 45 - 46 - 48 - 49 - 51 - 52 - 54 - 55 - 57 - 58 - 59 - 61 - 65 - 66 - 67 - 68 - 69 - 71 - 75 - 76 - 77 - 78 - 81 - 83 - 84 - 85 - 87 - 88 - 89 - 91 - 92 - 94 - 99 - 101 - 102 - 103 - 105 - 107 - 108 - 110 - 111 - 112 - 113 - 114 - 115 - 117 - 118 - 119 - 127 - 129 - 130 - 132 - 135 - 136 - 137 - 138 - 139 - 142 - 144 - 145 - 146 - 148 - 149 - 150 - 152 - 155 - 156 - 157 - 161 - 163 - 164 - 167 - 171 - 172 - 175 - 176 - 178 - 179 - 182 - 183 - 185 - 188 - 190 - 191 - 192 - 194 - 196 - 197 - 198 - 199 - 200 - 201 - 202 - 203 - 205 - 206 - 207 - 208 - 211 - 213 - 214 - 216 - 217 - 218 - 219 - 220 - 221 - 222 - 223 - 224 - 230 - 231 - 232 - 233 - 235 - 236 - 237 - 239 - 240 - 241 - 242 - 243 - 244 - 247 - 250 - 251 - 252 - 254 - 257 - 258 - 260 - 264 - 266 - 268 - 269 - 270 - 271 - 272 - 274 - 275 - 276 - 278 - 281 - 282 - 283 - 284 - 286 - 288 - 289 - 290 - 293 - 294 - 295 - 298 - 299 - 300 - 301 - 302 - 303 - 304 - 305 - 306 - 308 - 309 - 310 - 312 - 313 - 314 - 315 - 317 - 319 - 320 - 321 - 323 - 324 - 325 - 326 - 328 - 329 - 332 - 338 - 339 - 340 - 342 - 344 - 347 - 356 - 357 - 358 - 360 - 361 - 362 - 363 - 364 - 365 - 366 - 367 - 371 - 373 - 374 - 375 - 377 - 380 - 381 - 383 - 386 - 387 - 388 - 389 - 390 - 391 - 392 - 393 - 394 - 399 - 400 - 406 - 407 - 408 - 409 - 411 - 413 - 415 - 416 - 417 - 418 - 420 - 422 - 424 - 426 - 427 - 430 - 433 - 435 - 437 - 438 - 439 - 440 - 444 - 445 - 447 - 449 - 450 - 451 - 452 - 458 - 461 - 462 - 463 - 466 - 467 - 474 - 475 - 478 - 479 - 480 - 483 - 484 - 487 - 489 - 490 - 492 - 493 - 494 - 496 - 498,21559280.1,0.1,92195,96567,27.45,Cost: 92195 & Capacity: 96567
0 - 1 - 2 - 5 - 8 - 9 - 10 - 12 - 14 - 15 - 16 - 18 - 20 - 21 - 22 - 23 - 24 - 27 - 28 - 30 - 31 - 32 - 33 - 36 - 39 - 40 - 41 - 42 - 44 - 45 - 48 - 49 - 52 - 54 - 55 - 57 - 58 - 59 - 61 - 63 - 65 - 66 - 67 - 68 - 69 - 71 - 75 - 76 - 77 - 78 - 80 - 81 - 83 - 84 - 85 - 88 - 89 - 91 - 92 - 94 - 99 - 101 - 102 - 103 - 105 - 107 - 110 - 111 - 112 - 113 - 114 - 115 - 117 - 118 - 119 - 125 - 127 - 129 - 130 - 132 - 135 - 137 - 138 - 139 - 142 - 144 - 145 - 146 - 148 - 149 - 150 - 152 - 155 - 156 - 157 - 161 - 163 - 164 - 167 - 171 - 172 - 174 - 175 - 176 - 178 - 179 - 182 - 183 - 185 - 188 - 190 - 191 - 192 - 194 - 196 - 197 - 198 - 199 - 200 - 201 - 202 - 203 - 205 - 206 - 207 - 208 - 211 - 213 - 214 - 216 - 217 - 218 - 219 - 220 - 221 - 222 - 223 - 224 - 230 - 231 - 232 - 233 - 235 - 236 - 237 - 239 - 240 - 241 - 242 - 243 - 244 - 247 - 250 - 251 - 252 - 254 - 257 - 258 - 260 - 264 - 266 - 268 - 269 - 270 - 271 - 272 - 274 - 275 - 276 - 278 - 281 - 282 - 283 - 284 - 286 - 288 - 289 - 290 - 293 - 294 - 295 - 298 - 299 - 300 - 301 - 302 - 303 - 304 - 305 - 306 - 308 - 309 - 310 - 312 - 313 - 314 - 315 - 317 - 319 - 320 - 321 - 323 - 324 - 325 - 326 - 328 - 329 - 332 - 338 - 339 - 340 - 342 - 344 - 347 - 356 - 357 - 358 - 360 - 361 - 362 - 363 - 365 - 366 - 367 - 371 - 373 - 374 - 375 - 377 - 380 - 381 - 383 - 386 - 387 - 388 - 389 - 390 - 391 - 392 - 393 - 394 - 399 - 400 - 406 - 407 - 408 - 409 - 413 - 415 - 416 - 417 - 418 - 420 - 422 - 424 - 426 - 427 - 429 - 430 - 433 - 435 - 437 - 438 - 439 - 440 - 444 - 445 - 447 - 449 - 450 - 452 - 458 - 461 - 462 - 463 - 466 - 467 - 474 - 478 - 479 - 480 - 483 - 484 - 487 - 489 - 490 - 492 - 493 - 496 - 498,20915487.4,0.1,89152,93596,27.41,Cost: 89152 & Capacity: 93596
0 - 1 - 2 - 5 - 8 - 9 - 10 - 12 - 14 - 15 - 16 - 18 - 20 - 21 - 22 - 23 - 24 - 27 - 28 - 30 - 32 - 33 - 36 - 39 - 40 - 41 - 42 - 44 - 45 - 46 - 48 - 49 - 51 - 52 - 54 - 55 - 57 - 58 - 59 - 61 - 65 - 66 - 67 - 68 - 69 - 71 - 75 - 76 - 77 - 78 - 81 - 83 - 84 - 85 - 87 - 88 - 89 - 91 - 92 - 94 - 99 - 101 - 102 - 103 - 105 - 107 - 108 - 110 - 111 - 112 - 113 - 114 - 115 - 117 - 118 - 119 - 127 - 129 - 130 - 132 - 135 - 136 - 137 - 138 - 139 - 142 - 144 - 145 - 146 - 148 - 149 - 150 - 152 - 155 - 156 - 157 - 161 - 163 - 164 - 167 - 171 - 172 - 175 - 176 - 178 - 179 - 182 - 183 - 185 - 188 - 190 - 191 - 192 - 194 - 196 - 197 - 198 - 199 - 200 - 201 - 202 - 203 - 205 - 206 - 207 - 208 - 211 - 213 - 214 - 216 - 217 - 218 - 219 - 220 - 221 - 222 - 223 - 224 - 230 - 231 - 232 - 233 - 235 - 236 - 237 - 239 - 240 - 241 - 242 - 243 - 244 - 247 - 250 - 251 - 252 - 254 - 257 - 258 - 260 - 264 - 266 - 268 - 269 - 270 - 271 - 272 - 274 - 275 - 276 - 278 - 281 - 282 - 283 - 284 - 286 - 288 - 289 - 290 - 293 - 294 - 295 - 298 - 299 - 300 - 301 - 302 - 303 - 304 - 305 - 306 - 308 - 309 - 310 - 312 - 313 - 314 - 315 - 317 - 319 - 320 - 321 - 323 - 324 - 325 - 326 - 328 - 329 - 332 - 338 - 339 - 340 - 342 - 344 - 347 - 356 - 357 - 358 - 360 - 361 - 362 - 363 - 364 - 365 - 366 - 367 - 371 - 373 - 374 - 375 - 377 - 380 - 381 - 383 - 386 - 387 - 388 - 389 - 390 - 391 - 392 - 393 - 394 - 399 - 400 - 406 - 407 - 408 - 409 - 411 - 413 - 415 - 416 - 417 - 418 - 420 - 422 - 424 - 426 - 427 - 430 - 433 - 435 - 437 - 438 - 439 - 440 - 444 - 445 - 447 - 449 - 450 - 451 - 452 - 458 - 461 - 462 - 463 - 466 - 467 - 474 - 475 - 478 - 479 - 480 - 483 - 484 - 487 - 489 - 490 - 492 - 493 - 494 - 496 - 498,21559280.1,0.1,92195,96567,36.56,Cost: 92195 & Capacity: 96567
0 - 1 - 2 - 5 - 8 - 9 - 10 - 12 - 14 - 15 - 16 - 18 - 20 - 21 - 22 - 23 - 24 - 27 - 28 - 30 - 31 - 32 - 33 - 36 - 39 - 40 - 41 - 42 - 44 - 45 - 48 - 49 - 52 - 54 - 55 - 57 - 58 - 59 - 61 - 63 - 65 - 66 - 67 - 68 - 69 - 71 - 75 - 76 - 77 - 78 - 80 - 81 - 83 - 84 - 85 - 87 - 88 - 89 - 91 - 92 - 94 - 99 - 101 - 102 - 103 - 105 - 107 - 110 - 111 - 112 - 113 - 114 - 115 - 117 - 118 - 119 - 125 - 127 - 129 - 130 - 132 - 135 - 137 - 138 - 139 - 142 - 144 - 145 - 146 - 148 - 149 - 150 - 152 - 155 - 156 - 157 - 161 - 163 - 164 - 167 - 171 - 172 - 174 - 175 - 176 - 178 - 179 - 182 - 183 - 185 - 188 - 190 - 191 - 192 - 194 - 196 - 197 - 198 - 199 - 200 - 201 - 202 - 203 - 205 - 206 - 207 - 208 - 211 - 213 - 214 - 216 - 217 - 218 - 219 - 220 - 221 - 222 - 223 - 224 - 230 - 231 - 232 - 233 - 235 - 236 - 237 - 239 - 240 - 241 - 242 - 243 - 244 - 247 - 250 - 251 - 252 - 254 - 257 - 258 - 260 - 264 - 266 - 268 - 269 - 270 - 271 - 272 - 274 - 275 - 276 - 278 - 281 - 282 - 283 - 284 - 286 - 288 - 289 - 290 - 293 - 294 - 295 - 298 - 299 - 300 - 301 - 302 - 303 - 304 - 305 - 306 - 308 - 309 - 310 - 312 - 313 - 314 - 315 - 317 - 319 - 320 - 321 - 323 - 324 - 325 - 326 - 328 - 329 - 332 - 338 - 339 - 340 - 342 - 344 - 347 - 353 - 356 - 357 - 358 - 360 - 361 - 362 - 363 - 364 - 365 - 366 - 367 - 371 - 373 - 374 - 375 - 377 - 380 - 381 - 383 - 386 - 387 - 388 - 389 - 390 - 391 - 392 - 393 - 394 - 399 - 400 - 406 - 407 - 408 - 409 - 413 - 415 - 416 - 417 - 418 - 420 - 422 - 424 - 426 - 427 - 429 - 430 - 433 - 435 - 437 - 438 - 439 - 440 - 444 - 445 - 447 - 449 - 450 - 452 - 458 - 461 - 462 - 463 - 466 - 467 - 474 - 478 - 479 - 480 - 483 - 484 - 487 - 489 - 490 - 492 - 493 - 496 - 498,21360333.8,0.1,91040,95133,37.28,Cost: 91040 & Capacity: 95133
0 - 1 - 2 - 5 - 8 - 9 - 10 - 12 - 14 - 15 - 16 - 18 - 20 - 21 - 22 - 23 - 24 - 27 - 28 - 30 - 31 - 32 - 33 - 36 - 39 - 40 - 41 - 42 - 44 - 45 - 48 - 49 - 52 - 54 - 55 - 57 - 58 - 59 - 61 - 63 - 65 - 66 - 67 - 68 - 69 - 71 - 75 - 76 - 77 - 78 - 80 - 81 - 83 - 84 - 85 - 87 - 88 - 89 - 91 - 92 - 94 - 99 - 101 - 102 - 103 - 105 - 107 - 110 - 111 - 112 - 113 - 114 - 115 - 117 - 118 - 119 - 125 - 127 - 129 - 130 - 132 - 135 - 137 - 138 - 139 - 142 - 144 - 145 - 146 - 148 - 149 - 150 - 152 - 155 - 156 - 157 - 161 - 163 - 164 - 167 - 171 - 172 - 174 - 175 - 176 - 178 - 179 - 182 - 183 - 185 - 188 - 190 - 191 - 192 - 194 - 196 - 197 - 198 - 199 - 200 - 201 - 202 - 203 - 205 - 206 - 207 - 208 - 211 - 213 - 214 - 216 - 217 - 218 - 219 - 220 - 221 - 222 - 223 - 224 - 230 - 231 - 232 - 233 - 235 - 236 - 237 - 239 - 240 - 241 - 242 - 243 - 244 - 247 - 250 - 251 - 252 - 254 - 257 - 258 - 260 - 264 - 266 - 268 - 269 - 270 - 271 - 272 - 274 - 275 - 276 - 278 - 281 - 282 - 283 - 284 - 286 - 288 - 289 - 290 - 293 - 294 - 295 - 298 - 299 - 300 - 301 - 302 - 303 - 304 - 305 - 306 - 308 - 309 - 310 - 312 - 313 - 314 - 315 - 317 - 319 - 320 - 321 - 323 - 324 - 325 - 326 - 328 - 329 - 332 - 338 - 339 - 340 - 342 - 344 - 347 - 356 - 357 - 358 - 360 - 361 - 362 - 363 - 364 - 365 - 366 - 367 - 371 - 373 - 374 - 375 - 377 - 380 - 381 - 383 - 386 - 387 - 388 - 389 - 390 - 391 - 392 - 393 - 394 - 399 - 400 - 406 - 407 - 408 - 409 - 413 - 415 - 416 - 417 - 418 - 420 - 422 - 424 - 426 - 427 - 429 - 430 - 433 - 435 - 437 - 438 - 439 - 440 - 444 - 445 - 447 - 449 - 450 - 452 - 458 - 461 - 462 - 463 - 466 - 467 - 474 - 478 - 479 - 480 - 483 - 484 - 487 - 489 - 490 - 492 - 493 - 496 - 498,21213957.4,0.1,90408,94736,37.28,Cost: 90408 & Capacity: 94736
0 - 1 - 2 - 5 - 8 - 9 - 10 - 12 - 14 - 15 - 16 - 18 - 20 - 21 - 22 - 23 - 24 - 27 - 28 - 30 - 32 - 33 - 36 - 39 - 40 - 41 - 42 - 44 - 45 - 48 - 49 - 52 - 54 - 55 - 57 - 58 - 59 - 61 - 63 - 65 - 66 - 67 - 68 - 69 - 71 - 75 - 76 - 77 - 78 - 80 - 81 - 83 - 84 - 85 - 87 - 88 - 89 - 91 - 92 - 94 - 99 - 101 - 102 - 103 - 105 - 107 - 110 - 111 - 112 - 113 - 114 - 115 - 117 - 118 - 119 - 125 - 127 - 129 - 132 - 135 - 137 - 138 - 139 - 142 - 144 - 145 - 146 - 148 - 149 - 150 - 152 - 155 - 156 - 157 - 161 - 163 - 164 - 167 - 171 - 172 - 174 - 175 - 176 - 178 - 179 - 182 - 183 - 185 - 188 - 190 - 191 - 192 - 194 - 196 - 197 - 198 - 199 - 200 - 201 - 202 - 203 - 205 - 206 - 207 - 208 - 211 - 213 - 214 - 216 - 217 - 218 - 219 - 220 - 221 - 222 - 223 - 224 - 230 - 231 - 232 - 233 - 235 - 236 - 237 - 239 - 240 - 241 - 242 - 243 - 244 - 247 - 250 - 251 - 252 - 254 - 257 - 258 - 260 - 264 - 266 - 268 - 269 - 270 - 271 - 272 - 274 - 275 - 276 - 278 - 281 - 282 - 283 - 284 - 286 - 288 - 289 - 290 - 293 - 294 - 295 - 298 - 299 - 300 - 301 - 302 - 303 - 304 - 305 - 306 - 308 - 309 - 310 - 312 - 313 - 314 - 315 - 317 - 319 - 320 - 321 - 323 - 324 - 325 - 326 - 328 - 329 - 332 - 338 - 339 - 340 - 342 - 344 - 347 - 356 - 357 - 358 - 360 - 361 - 362 - 363 - 365 - 366 - 367 - 371 - 373 - 374 - 375 - 377 - 380 - 381 - 383 - 386 - 387 - 388 - 389 - 390 - 391 - 392 - 393 - 394 - 399 - 400 - 406 - 407 - 408 - 409 - 413 - 415 - 416 - 417 - 418 - 420 - 422 - 424 - 426 - 427 - 429 - 430 - 433 - 435 - 437 - 438 - 439 - 440 - 444 - 445 - 447 - 449 - 450 - 452 - 458 - 461 - 462 - 463 - 466 - 467 - 474 - 478 - 479 - 480 - 483 - 484 - 487 - 489 - 490 - 492 - 493 - 496 - 498,20786892.0,0.1,88534,92944,37.28,Cost: 88534 & Capacity: 92944
0 - 1 - 2 - 5 - 8 - 9 - 10 - 12 - 14 - 15 - 16 - 18 - 20 - 21 - 22 - 23 - 24 - 27 - 28 - 30 - 32 - 33 - 36 - 39 - 40 - 41 - 42 - 44 - 45 - 46 - 48 - 49 - 51 - 52 - 54 - 55 - 57 - 58 - 59 - 61 - 65 - 66 - 67 - 68 - 69 - 71 - 75 - 76 - 77 - 78 - 81 - 83 - 84 - 85 - 87 - 88 - 89 - 91 - 92 - 94 - 99 - 101 - 102 - 103 - 105 - 107 - 108 - 110 - 111 - 112 - 113 - 114 - 115 - 117 - 118 - 119 - 127 - 129 - 130 - 132 - 135 - 136 - 137 - 138 - 139 - 142 - 144 - 145 - 146 - 148 - 149 - 150 - 152 - 155 - 156 - 157 - 161 - 163 - 164 - 167 - 171 - 172 - 175 - 176 - 178 - 179 - 182 - 183 - 185 - 188 - 190 - 191 - 192 - 194 - 196 - 197 - 198 - 199 - 200 - 201 - 202 - 203 - 205 - 206 - 207 - 208 - 211 - 213 - 214 - 216 - 217 - 218 - 219 - 220 - 221 - 222 - 223 - 224 - 230 - 231 - 232 - 233 - 235 - 236 - 237 - 239 - 240 - 241 - 242 - 243 - 244 - 247 - 250 - 251 - 252 - 254 - 257 - 258 - 260 - 264 - 266 - 268 - 269 - 270 - 271 - 272 - 274 - 275 - 276 - 278 - 281 - 282 - 283 - 284 - 286 - 288 - 289 - 290 - 293 - 294 - 295 - 298 - 299 - 300 - 301 - 302 - 303 - 304 - 305 - 306 - 308 - 309 - 310 - 312 - 313 - 314 - 315 - 317 - 319 - 320 - 321 - 323 - 324 - 325 - 326 - 328 - 329 - 332 - 338 - 339 - 340 - 342 - 344 - 347 - 356 - 357 - 358 - 360 - 361 - 362 - 363 - 364 - 365 - 366 - 367 - 371 - 373 - 374 - 375 - 377 - 380 - 381 - 383 - 386 - 387 - 388 - 389 - 390 - 391 - 392 - 393 - 394 - 399 - 400 - 406 - 407 - 408 - 409 - 411 - 413 - 415 - 416 - 417 - 418 - 420 - 422 - 424 - 426 - 427 - 430 - 433 - 435 - 437 - 438 - 439 - 440 - 444 - 445 - 447 - 449 - 450 - 451 - 452 - 458 - 461 - 462 - 463 - 466 - 467 - 474 - 475 - 478 - 479 - 480 - 483 - 484 - 487 - 489 - 490 - 492 - 493 - 494 - 496 - 498,21559280.1,0.1,92195,96567,39.12,Cost: 92195 & Capacity: 96567
0 - 1 - 2 - 5 - 8 - 9 - 10 - 12 - 14 - 15 - 16 - 18 - 20 - 21 - 22 - 23 - 24 - 27 - 28 - 30 - 32 - 33 - 36 - 39 - 40 - 41 - 42 - 44 - 45 - 48 - 49 - 52 - 54 - 55 - 57 - 58 - 59 - 61 - 63 - 65 - 66 - 67 - 68 - 69 - 71 - 75 - 76 - 77 - 78 - 80 - 81 - 83 - 84 - 85 - 88 - 89 - 91 - 92 - 94 - 99 - 101 - 102 - 103 - 105 - 107 - 110 - 111 - 112 - 113 - 114 - 115 - 117 - 118 - 119 - 125 - 127 - 129 - 130 - 132 - 135 - 137 - 138 - 139 - 142 - 144 - 145 - 146 - 148 - 149 - 150 - 152 - 155 - 156 - 157 - 161 - 163 - 164 - 167 - 171 - 172 - 174 - 175 - 176 - 178 - 179 - 182 - 183 - 185 - 188 - 190 - 191 - 192 - 194 - 196 - 197 - 198 - 199 - 200 - 201 - 202 - 203 - 205 - 206 - 207 - 208 - 211 - 213 - 214 - 216 - 217 - 218 - 219 - 220 - 221 - 222 - 223 - 224 - 230 - 231 - 232 - 233 - 235 - 236 - 237 - 239 - 240 - 241 - 242 - 243 - 244 - 247 - 250 - 251 - 252 - 254 - 257 - 258 - 260 - 264 - 266 - 268 - 269 - 270 - 271 - 272 - 274 - 275 - 276 - 278 - 281 - 282 - 283 - 284 - 286 - 288 - 289 - 290 - 293 - 294 - 295 - 298 - 299 - 300 - 301 - 302 - 303 - 304 - 305 - 306 - 308 - 309 - 310 - 312 - 313 - 314 - 315 - 317 - 319 - 320 - 321 - 323 - 324 - 325 - 326 - 328 - 329 - 332 - 338 - 339 - 340 - 342 - 344 - 347 - 353 - 356 - 357 - 358 - 360 - 361 - 362 - 363 - 365 - 366 - 367 - 371 - 373 - 374 - 375 - 377 - 380 - 381 - 383 - 386 - 387 - 388 - 389 - 390 - 391 - 392 - 393 - 394 - 399 - 400 - 406 - 407 - 408 - 409 - 413 - 415 - 416 - 417 - 418 - 420 - 422 - 424 - 426 - 427 - 429 - 430 - 433 - 435 - 437 - 438 - 439 - 440 - 444 - 445 - 447 - 449 - 450 - 452 - 458 - 461 - 462 - 463 - 466 - 467 - 474 - 478 - 479 - 480 - 483 - 484 - 487 - 489 - 490 - 492 - 493 - 496 - 498,20921429.3,0.1,89159,93151,40.25,Cost: 89159 & Capacity: 93151
0 - 1 - 2 - 5 - 8 - 9 - 10 - 12 - 14 - 15 - 16 - 18 - 20 - 21 - 22 - 23 - 24 - 27 - 28 - 30 - 32 - 33 - 36 - 39 - 40 - 41 - 42 - 44 - 45 - 46 - 48 - 49 - 52 - 54 - 55 - 57 - 58 - 59 - 61 - 63 - 65 - 66 - 67 - 68 - 69 - 71 - 75 - 76 - 77 - 78 - 80 - 81 - 83 - 84 - 85 - 88 - 89 - 91 - 92 - 94 - 99 - 101 - 102 - 103 - 105 - 107 - 110 - 111 - 112 - 113 - 114 - 115 - 117 - 118 - 119 - 125 - 127 - 129 - 130 - 132 - 135 - 137 - 138 - 139 - 142 - 144 - 145 - 146 - 148 - 149 - 150 - 152 - 155 - 156 - 157 - 161 - 163 - 164 - 167 - 171 - 172 - 174 - 175 - 176 - 178 - 179 - 182 - 183 - 185 - 188 - 190 - 191 - 192 - 194 - 196 - 197 - 198 - 199 - 200 - 201 - 202 - 203 - 205 - 206 - 207 - 208 - 211 - 213 - 214 - 216 - 217 - 218 - 219 - 220 - 221 - 222 - 223 - 224 - 230 - 231 - 232 - 233 - 235 - 236 - 237 - 239 - 240 - 241 - 242 - 243 - 244 - 247 - 250 - 251 - 252 - 254 - 257 - 258 - 260 - 264 - 266 - 268 - 269 - 270 - 271 - 272 - 274 - 275 - 276 - 278 - 281 - 282 - 283 - 284 - 286 - 288 - 289 - 290 - 293 - 294 - 295 - 298 - 299 - 300 - 301 - 302 - 303 - 304 - 305 - 306 - 308 - 309 - 310 - 312 - 313 - 314 - 315 - 317 - 319 - 320 - 321 - 323 - 324 - 325 - 326 - 328 - 329 - 332 - 338 - 339 - 340 - 342 - 344 - 347 - 353 - 356 - 357 - 358 - 360 - 361 - 362 - 363 - 364 - 365 - 366 - 367 - 371 - 373 - 374 - 375 - 377 - 380 - 381 - 383 - 386 - 387 - 388 - 389 - 390 - 391 - 392 - 393 - 394 - 399 - 400 - 406 - 407 - 408 - 409 - 413 - 415 - 416 - 417 - 418 - 420 - 422 - 424 - 426 - 427 - 429 - 430 - 433 - 435 - 437 - 438 - 439 - 440 - 444 - 445 - 447 - 449 - 450 - 452 - 458 - 461 - 462 - 463 - 466 - 467 - 474 - 478 - 479 - 480 - 483 - 484 - 487 - 489 - 490 - 492 - 493 - 496 - 498,21208571.2,0.1,90414,94056,40.25,Cost: 90414 & Capacity: 94056
0 - 1 - 2 - 5 - 8 - 9 - 10 - 12 - 14 - 15 - 16 - 18 - 20 - 21 - 22 - 23 - 24 - 27 - 28 - 30 - 32 - 33 - 36 - 39 - 40 - 41 - 42 - 44 - 45 - 48 - 49 - 52 - 54 - 55 - 57 - 58 - 59 - 61 - 65 - 66 - 67 - 68 - 69 - 71 - 75 - 76 - 77 - 78 - 80 - 81 - 83 - 84 - 85 - 88 - 89 - 91 - 92 - 94 - 99 - 101 - 102 - 103 - 105 - 107 - 110 - 111 - 112 - 113 - 114 - 115 - 117 - 118 - 119 - 125 - 127 - 129 - 132 - 135 - 137 - 138 - 139 - 142 - 144 - 145 - 146 - 148 - 149 - 150 - 152 - 155 - 156 - 157 - 161 - 163 - 164 - 167 - 171 - 172 - 174 - 175 - 176 - 178 - 179 - 182 - 183 - 185 - 188 - 190 - 191 - 192 - 194 - 196 - 197 - 198 - 199 - 200 - 202 - 203 - 205 - 206 - 207 - 208 - 211 - 213 - 214 - 216 - 217 - 218 - 219 - 220 - 221 - 222 - 223 - 224 - 230 - 231 - 232 - 233 - 235 - 236 - 237 - 239 - 240 - 241 - 242 - 243 - 244 - 247 - 250 - 251 - 252 - 254 - 257 - 258 - 260 - 264 - 266 - 268 - 269 - 270 - 271 - 272 - 274 - 275 - 276 - 278 - 281 - 282 - 283 - 284 - 286 - 288 - 289 - 290 - 293 - 294 - 295 - 298 - 299 - 300 - 301 - 302 - 303 - 304 - 305 - 306 - 308 - 309 - 310 - 312 - 313 - 314 - 315 - 317 - 319 - 320 - 321 - 323 - 324 - 325 - 326 - 328 - 329 - 332 - 338 - 339 - 340 - 342 - 344 - 347 - 356 - 357 - 358 - 360 - 361 - 362 - 363 - 365 - 366 - 367 - 371 - 374 - 375 - 377 - 380 - 381 - 383 - 386 - 387 - 388 - 389 - 390 - 391 - 392 - 393 - 394 - 399 - 400 - 406 - 407 - 408 - 409 - 413 - 415 - 416 - 417 - 418 - 420 - 422 - 424 - 426 - 427 - 429 - 430 - 433 - 435 - 437 - 438 - 439 - 440 - 444 - 445 - 447 - 449 - 450 - 452 - 458 - 461 - 462 - 463 - 466 - 467 - 474 - 478 - 479 - 480 - 483 - 484 - 487 - 489 - 490 - 492 - 493 - 496 - 498,20208291.5,0.1,86051,90612,40.58,Cost: 86051 & Capacity: 90612
0 - 1 - 2 - 5 - 8 - 9 - 10 - 12 - 14 - 15 - 16 - 18 - 20 - 21 - 22 - 23 - 24 - 27 - 28 - 30 - 32 - 33 - 36 - 39 - 40 - 41 - 42 - 44 - 45 - 48 - 49 - 52 - 54 - 55 - 57 - 58 - 59 - 61 - 65 - 66 - 67 - 68 - 69 - 71 - 75 - 76 - 77 - 78 - 80 - 81 - 83 - 84 - 85 - 88 - 89 - 91 - 92 - 94 - 99 - 101 - 102 - 103 - 105 - 107 - 110 - 111 - 112 - 113 - 114 - 115 - 117 - 118 - 119 - 125 - 127 - 129 - 132 - 135 - 137 - 138 - 139 - 142 - 144 - 145 - 146 - 148 - 149 - 150 - 152 - 155 - 156 - 157 - 161 - 163 - 164 - 167 - 171 - 172 - 174 - 175 - 176 - 178 - 179 - 182 - 183 - 185 - 188 - 190 - 191 - 192 - 194 - 196 - 198 - 199 - 200 - 202 - 203 - 205 - 206 - 207 - 208 - 211 - 213 - 214 - 216 - 217 - 218 - 219 - 220 - 221 - 222 - 223 - 224 - 230 - 231 - 232 - 233 - 235 - 236 - 237 - 239 - 240 - 241 - 242 - 243 - 244 - 247 - 250 - 251 - 252 - 254 - 257 - 258 - 260 - 264 - 266 - 268 - 269 - 270 - 271 - 272 - 274 - 275 - 276 - 278 - 281 - 282 - 283 - 284 - 286 - 288 - 289 - 290 - 293 - 294 - 295 - 298 - 299 - 300 - 301 - 302 - 303 - 304 - 305 - 306 - 308 - 309 - 310 - 312 - 313 - 314 - 315 - 317 - 319 - 320 - 321 - 323 - 324 - 325 - 326 - 328 - 329 - 332 - 338 - 339 - 340 - 342 - 344 - 347 - 356 - 357 - 358 - 360 - 361 - 362 - 363 - 365 - 366 - 367 - 371 - 374 - 375 - 377 - 380 - 381 - 383 - 386 - 387 - 388 - 389 - 390 - 391 - 392 - 393 - 394 - 399 - 400 - 406 - 407 - 408 - 409 - 413 - 415 - 416 - 417 - 418 - 420 - 422 - 424 - 426 - 427 - 429 - 430 - 433 - 435 - 437 - 438 - 439 - 440 - 444 - 445 - 447 - 449 - 450 - 452 - 458 - 461 - 462 - 463 - 466 - 467 - 474 - 478 - 479 - 480 - 483 - 484 - 487 - 489 - 490 - 492 - 493 - 496 - 498,20061123.9,0.1,85440,89745,40.58,Cost: 85440 & Capacity: 89745
0 - 1 - 2 - 5 - 8 - 9 - 10 - 12 - 14 - 15 - 16 - 18 - 20 - 21 - 22 - 23 - 24 - 27 - 28 - 30 - 32 - 33 - 36 - 39 - 40 - 41 - 42 - 44 - 45 - 46 - 48 - 49 - 51 - 52 - 54 - 55 - 57 - 58 - 59 - 61 - 65 - 66 - 67 - 68 - 69 - 71 - 75 - 76 - 77 - 78 - 81 - 83 - 84 - 85 - 87 - 88 - 89 - 91 - 92 - 94 - 99 - 101 - 102 - 103 - 105 - 107 - 108 - 110 - 111 - 112 - 113 - 114 - 115 - 117 - 118 - 119 - 127 - 129 - 130 - 132 - 135 - 136 - 137 - 138 - 139 - 142 - 144 - 145 - 146 - 148 - 149 - 150 - 152 - 155 - 156 - 157 - 161 - 163 - 164 - 167 - 171 - 172 - 175 - 176 - 178 - 179 - 182 - 183 - 185 - 188 - 190 - 191 - 192 - 194 - 196 - 197 - 198 - 199 - 200 - 201 - 202 - 203 - 205 - 206 - 207 - 208 - 211 - 213 - 214 - 216 - 217 - 218 - 219 - 220 - 221 - 222 - 223 - 224 - 230 - 231 - 232 - 233 - 235 - 236 - 237 - 239 - 240 - 241 - 242 - 243 - 244 - 247 - 250 - 251 - 252 - 254 - 257 - 258 - 260 - 264 - 266 - 268 - 269 - 270 - 271 - 272 - 274 - 275 - 276 - 278 - 281 - 282 - 283 - 284 - 286 - 288 - 289 - 290 - 293 - 294 - 295 - 298 - 299 - 300 - 301 - 302 - 303 - 304 - 305 - 306 - 308 - 309 - 310 - 312 - 313 - 314 - 315 - 317 - 319 - 320 - 321 - 323 - 324 - 325 - 326 - 328 - 329 - 332 - 338 - 339 - 340 - 342 - 344 - 347 - 356 - 357 - 358 - 360 - 361 - 362 - 363 - 364 - 365 - 366 - 367 - 371 - 373 - 374 - 375 - 377 - 380 - 381 - 383 - 386 - 387 - 388 - 389 - 390 - 391 - 392 - 393 - 394 - 399 - 400 - 406 - 407 - 408 - 409 - 411 - 413 - 415 - 416 - 417 - 418 - 420 - 422 - 424 - 426 - 427 - 430 - 433 - 435 - 437 - 438 - 439 - 440 - 444 - 445 - 447 - 449 - 450 - 451 - 452 - 458 - 461 - 462 - 463 - 466 - 467 - 474 - 475 - 478 - 479 - 480 - 483 - 484 - 487 - 489 - 490 - 492 - 493 - 494 - 496 - 498,21559280.1,0.1,92195,96567,40.71,Cost: 92195 & Capacity: 96567
0 - 1 - 3 - 4 - 5 - 7 - 8 - 9 - 10 - 12 - 15 - 16 - 20 - 23 - 24 - 27 - 28 - 30 - 31 - 33 - 36 - 39 - 44 - 46 - 47 - 49 - 51 - 56 - 57 - 58 - 59 - 64 - 68 - 69 - 71 - 75 - 76 - 77 - 78 - 81 - 82 - 84 - 87 - 91 - 92 - 93 - 94 - 99 - 101 - 103 - 104 - 105 - 107 - 110 - 112 - 115 - 118 - 119 - 120 - 122 - 126 - 129 - 130 - 131 - 132 - 135 - 139 - 140 - 142 - 144 - 146 - 149 - 152 - 155 - 157 - 163 - 166 - 167 - 172 - 175 - 176 - 177 - 178 - 179 - 183 - 185 - 190 - 191 - 192 - 194 - 195 - 196 - 197 - 198 - 199 - 200 - 201 - 202 - 203 - 204 - 205 - 206 - 207 - 208 - 210 - 211 - 212 - 213 - 214 - 216 - 217 - 218 - 219 - 221 - 222 - 223 - 225 - 226 - 230 - 231 - 233 - 236 - 240 - 241 - 242 - 244 - 250 - 251 - 254 - 255 - 256 - 257 - 258 - 260 - 264 - 268 - 272 - 273 - 274 - 275 - 276 - 278 - 281 - 282 - 283 - 284 - 285 - 286 - 288 - 289 - 290 - 293 - 297 - 298 - 299 - 300 - 301 - 304 - 307 - 309 - 310 - 311 - 312 - 313 - 314 - 315 - 319 - 323 - 324 - 325 - 328 - 332 - 334 - 338 - 340 - 344 - 345 - 347 - 357 - 358 - 360 - 361 - 362 - 363 - 364 - 365 - 371 - 373 - 377 - 380 - 383 - 384 - 386 - 387 - 388 - 391 - 393 - 394 - 399 - 406 - 407 - 409 - 411 - 413 - 416 - 417 - 418 - 419 - 420 - 422 - 424 - 427 - 433 - 435 - 438 - 445 - 447 - 449 - 451 - 452 - 453 - 457 - 458 - 459 - 461 - 462 - 464 - 466 - 468 - 471 - 472 - 474 - 475 - 478 - 479 - 480 - 484 - 487 - 489 - 490 - 492 - 493 - 494 - 498,14925443.9,3.6,92191,89366,43.27,Cost: 92191 & Capacity: 89366
0 - 1 - 2 - 5 - 8 - 9 - 10 - 12 - 14 - 15 - 16 - 18 - 20 - 21 - 22 - 23 - 24 - 27 - 28 - 30 - 32 - 33 - 36 - 39 - 40 - 41 - 42 - 44 - 45 - 46 - 48 - 49 - 51 - 52 - 54 - 55 - 57 - 58 - 59 - 61 - 65 - 66 - 67 - 68 - 69 - 71 - 75 - 76 - 77 - 78 - 81 - 83 - 84 - 85 - 87 - 88 - 89 - 91 - 92 - 94 - 99 - 101 - 102 - 103 - 105 - 107 - 108 - 110 - 111 - 112 - 113 - 114 - 115 - 117 - 118 - 119 - 127 - 129 - 130 - 132 - 135 - 136 - 137 - 138 - 139 - 142 - 144 - 145 - 146 - 148 - 149 - 150 - 152 - 155 - 156 - 157 - 161 - 163 - 164 - 167 - 171 - 172 - 175 - 176 - 178 - 179 - 182 - 183 - 185 - 188 - 190 - 191 - 192 - 194 - 196 - 197 - 198 - 199 - 200 - 201 - 202 - 203 - 205 - 206 - 207 - 208 - 211 - 213 - 214 - 216 - 217 - 218 - 219 - 220 - 221 - 222 - 223 - 224 - 230 - 231 - 232 - 233 - 235 - 236 - 237 - 239 - 240 - 241 - 242 - 243 - 244 - 247 - 250 - 251 - 252 - 254 - 257 - 258 - 260 - 264 - 266 - 268 - 269 - 270 - 271 - 272 - 274 - 275 - 276 - 278 - 281 - 282 - 283 - 284 - 286 - 288 - 289 - 290 - 293 - 294 - 295 - 298 - 299 - 300 - 301 - 302 - 303 - 304 - 305 - 306 - 308 - 309 - 310 - 312 - 313 - 314 - 315 - 317 - 319 - 320 - 321 - 323 - 324 - 325 - 326 - 328 - 329 - 332 - 338 - 339 - 340 - 342 - 344 - 347 - 356 - 357 - 358 - 360 - 361 - 362 - 363 - 364 - 365 - 366 - 367 - 371 - 373 - 374 - 375 - 377 - 380 - 381 - 383 - 386 - 387 - 388 - 389 - 390 - 391 - 392 - 393 - 394 - 399 - 400 - 406 - 407 - 408 - 409 - 411 - 413 - 415 - 416 - 417 - 418 - 420 - 422 - 424 - 426 - 427 - 430 - 433 - 435 - 437 - 438 - 439 - 440 - 444 - 445 - 447 - 449 - 450 - 451 - 452 - 458 - 461 - 462 - 463 - 466 - 467 - 474 - 475 - 478 - 479 - 480 - 483 - 484 - 487 - 489 - 490 - 492 - 493 - 494 - 496 - 498,21559280.1,0.1,92195,96567,45.92,Cost: 92195 & Capacity: 96567
0 - 1 - 2 - 5 - 8 - 9 - 10 - 12 - 14 - 15 - 16 - 18 - 20 - 21 - 22 - 23 - 24 - 27 - 28 - 30 - 32 - 33 - 36 - 39 - 40 - 41 - 42 - 44 - 45 - 48 - 49 - 52 - 54 - 55 - 57 - 58 - 59 - 61 - 63 - 65 - 66 - 67 - 68 - 69 - 71 - 75 - 76 - 77 - 78 - 80 - 81 - 83 - 84 - 85 - 88 - 89 - 91 - 92 - 94 - 99 - 101 - 102 - 103 - 105 - 107 - 110 - 111 - 112 - 113 - 114 - 115 - 117 - 118 - 119 - 125 - 127 - 129 - 132 - 135 - 137 - 138 - 139 - 142 - 144 - 145 - 146 - 148 - 149 - 150 - 152 - 155 - 156 - 157 - 161 - 163 - 164 - 167 - 171 - 172 - 174 - 175 - 176 - 178 - 179 - 182 - 183 - 185 - 188 - 190 - 191 - 192 - 194 - 196 - 197 - 198 - 199 - 200 - 202 - 203 - 205 - 206 - 207 - 208 - 211 - 213 - 214 - 216 - 217 - 218 - 219 - 220 - 221 - 222 - 223 - 224 - 230 - 231 - 232 - 233 - 235 - 236 - 237 - 239 - 240 - 241 - 242 - 243 - 244 - 247 - 250 - 251 - 252 - 254 - 257 - 258 - 260 - 264 - 266 - 268 - 269 - 270 - 271 - 272 - 274 - 275 - 276 - 278 - 281 - 282 - 283 - 284 - 286 - 288 - 289 - 290 - 293 - 294 - 295 - 298 - 299 - 300 - 301 - 302 - 303 - 304 - 305 - 306 - 308 - 309 - 310 - 312 - 313 - 314 - 315 - 317 - 319 - 320 - 321 - 323 - 324 - 325 - 326 - 328 - 329 - 332 - 338 - 339 - 340 - 342 - 344 - 347 - 356 - 357 - 358 - 360 - 361 - 362 - 363 - 365 - 366 - 367 - 371 - 373 - 374 - 375 - 377 - 380 - 381 - 383 - 386 - 387 - 388 - 389 - 390 - 391 - 392 - 393 - 394 - 399 - 400 - 406 - 407 - 408 - 409 - 413 - 415 - 416 - 417 - 418 - 420 - 422 - 424 - 426 - 427 - 429 - 430 - 433 - 435 - 437 - 438 - 439 - 440 - 444 - 445 - 447 - 449 - 450 - 452 - 458 - 461 - 462 - 463 - 466 - 467 - 474 - 478 - 479 - 480 - 483 - 484 - 487 - 489 - 490 - 492 - 493 - 496 - 498,20490870.7,0.1,87281,91349,45.83,Cost: 87281 & Capacity: 91349
0 - 1 - 2 - 5 - 8 - 9 - 10 - 12 - 14 - 15 - 16 - 18 - 20 - 21 - 22 - 23 - 24 - 27 - 28 - 30 - 32 - 33 - 36 - 39 - 40 - 41 - 42 - 44 - 45 - 46 - 48 - 49 - 51 - 52 - 54 - 55 - 57 - 58 - 59 - 61 - 65 - 66 - 67 - 68 - 69 - 71 - 75 - 76 - 77 - 78 - 81 - 83 - 84 - 85 - 87 - 88 - 89 - 91 - 92 - 94 - 99 - 101 - 102 - 103 - 105 - 107 - 108 - 110 - 111 - 112 - 113 - 114 - 115 - 117 - 118 - 119 - 127 - 129 - 130 - 132 - 135 - 136 - 137 - 138 - 139 - 142 - 144 - 145 - 146 - 148 - 149 - 150 - 152 - 155 - 156 - 157 - 161 - 163 - 164 - 167 - 171 - 172 - 175 - 176 - 178 - 179 - 182 - 183 - 185 - 188 - 190 - 191 - 192 - 194 - 196 - 197 - 198 - 199 - 200 - 201 - 202 - 203 - 205 - 206 - 207 - 208 - 211 - 213 - 214 - 216 - 217 - 218 - 219 - 220 - 221 - 222 - 223 - 224 - 230 - 231 - 232 - 233 - 235 - 236 - 237 - 239 - 240 - 241 - 242 - 243 - 244 - 247 - 250 - 251 - 252 - 254 - 257 - 258 - 260 - 264 - 266 - 268 - 269 - 270 - 271 - 272 - 274 - 275 - 276 - 278 - 281 - 282 - 283 - 284 - 286 - 288 - 289 - 290 - 293 - 294 - 295 - 298 - 299 - 300 - 301 - 302 - 303 - 304 - 305 - 306 - 308 - 309 - 310 - 312 - 313 - 314 - 315 - 317 - 319 - 320 - 321 - 323 - 324 - 325 - 326 - 328 - 329 - 332 - 338 - 339 - 340 - 342 - 344 - 347 - 356 - 357 - 358 - 360 - 361 - 362 - 363 - 364 - 365 - 366 - 367 - 371 - 373 - 374 - 375 - 377 - 380 - 381 - 383 - 386 - 387 - 388 - 389 - 390 - 391 - 392 - 393 - 394 - 399 - 400 - 406 - 407 - 408 - 409 - 411 - 413 - 415 - 416 - 417 - 418 - 420 - 422 - 424 - 426 - 427 - 430 - 433 - 435 - 437 - 438 - 439 - 440 - 444 - 445 - 447 - 449 - 450 - 451 - 452 - 458 - 461 - 462 - 463 - 466 - 467 - 474 - 475 - 478 - 479 - 480 - 483 - 484 - 487 - 489 - 490 - 492 - 493 - 494 - 496 - 498,21559280.1,0.1,92195,96567,46.82,Cost: 92195 & Capacity: 96567
0 - 1 - 2 - 5 - 8 - 9 - 10 - 12 - 14 - 15 - 16 - 18 - 20 - 21 - 22 - 23 - 24 - 27 - 28 - 30 - 32 - 33 - 36 - 39 - 40 - 41 - 42 - 44 - 45 - 48 - 49 - 52 - 54 - 55 - 57 - 58 - 59 - 61 - 63 - 65 - 66 - 67 - 68 - 69 - 71 - 75 - 76 - 77 - 78 - 81 - 83 - 84 - 85 - 88 - 89 - 91 - 92 - 94 - 99 - 101 - 102 - 103 - 105 - 107 - 110 - 111 - 112 - 113 - 114 - 115 - 117 - 118 - 119 - 125 - 127 - 129 - 132 - 135 - 137 - 138 - 139 - 142 - 144 - 145 - 146 - 148 - 149 - 150 - 152 - 155 - 156 - 157 - 161 - 163 - 164 - 167 - 171 - 172 - 174 - 175 - 176 - 178 - 179 - 182 - 183 - 185 - 188 - 190 - 191 - 192 - 194 - 196 - 197 - 198 - 199 - 200 - 202 - 203 - 205 - 206 - 207 - 208 - 211 - 213 - 214 - 216 - 217 - 218 - 219 - 221 - 222 - 223 - 224 - 230 - 231 - 232 - 233 - 235 - 236 - 237 - 239 - 240 - 241 - 242 - 243 - 244 - 247 - 250 - 251 - 252 - 254 - 257 - 258 - 260 - 264 - 266 - 268 - 269 - 270 - 271 - 272 - 274 - 275 - 276 - 278 - 281 - 282 - 283 - 284 - 286 - 288 - 289 - 290 - 293 - 294 - 295 - 298 - 299 - 300 - 301 - 302 - 303 - 304 - 305 - 306 - 308 - 309 - 310 - 312 - 313 - 314 - 315 - 317 - 319 - 320 - 321 - 323 - 324 - 325 - 326 - 328 - 329 - 332 - 338 - 339 - 340 - 342 - 344 - 347 - 356 - 357 - 358 - 360 - 361 - 362 - 363 - 365 - 366 - 367 - 371 - 374 - 375 - 377 - 380 - 381 - 383 - 386 - 387 - 388 - 389 - 390 - 391 - 392 - 393 - 394 - 399 - 400 - 406 - 407 - 408 - 409 - 413 - 415 - 416 - 417 - 420 - 422 - 424 - 426 - 427 - 429 - 430 - 433 - 435 - 437 - 438 - 439 - 440 - 444 - 445 - 447 - 449 - 450 - 452 - 458 - 461 - 462 - 463 - 466 - 467 - 474 - 478 - 479 - 480 - 483 - 484 - 487 - 489 - 490 - 492 - 493 - 496 - 498,19917222.5,0.1,84828,89765,46.78,Cost: 84828 & Capacity: 89765
0 - 1 - 2 - 5 - 8 - 9 - 10 - 12 - 14 - 15 - 16 - 18 - 20 - 21 - 22 - 23 - 24 - 27 - 28 - 30 - 32 - 33 - 36 - 39 - 40 - 41 - 42 - 44 - 45 - 48 - 49 - 52 - 54 - 55 - 57 - 58 - 59 - 61 - 63 - 65 - 66 - 67 - 68 - 69 - 71 - 75 - 76 - 77 - 78 - 80 - 81 - 83 - 84 - 85 - 88 - 89 - 91 - 92 - 94 - 99 - 101 - 102 - 103 - 105 - 107 - 110 - 111 - 112 - 113 - 114 - 115 - 117 - 118 - 119 - 125 - 127 - 129 - 132 - 135 - 137 - 138 - 139 - 142 - 144 - 145 - 146 - 148 - 149 - 150 - 152 - 155 - 156 - 157 - 161 - 163 - 164 - 167 - 171 - 172 - 174 - 175 - 176 - 178 - 179 - 182 - 183 - 185 - 188 - 190 - 191 - 192 - 194 - 196 - 197 - 198 - 199 - 200 - 202 - 203 - 205 - 206 - 207 - 208 - 211 - 213 - 214 - 216 - 217 - 218 - 219 - 221 - 222 - 223 - 224 - 230 - 231 - 232 - 233 - 235 - 236 - 237 - 239 - 240 - 241 - 242 - 243 - 244 - 247 - 250 - 251 - 252 - 254 - 257 - 258 - 260 - 264 - 266 - 268 - 269 - 270 - 271 - 272 - 274 - 275 - 276 - 278 - 281 - 282 - 283 - 284 - 286 - 288 - 289 - 290 - 293 - 294 - 295 - 298 - 299 - 300 - 301 - 302 - 303 - 304 - 305 - 306 - 308 - 309 - 310 - 312 - 313 - 314 - 315 - 317 - 319 - 320 - 321 - 323 - 324 - 325 - 326 - 328 - 329 - 332 - 338 - 339 - 340 - 342 - 344 - 347 - 356 - 357 - 358 - 360 - 361 - 362 - 363 - 365 - 366 - 367 - 371 - 374 - 375 - 377 - 380 - 381 - 383 - 386 - 387 - 388 - 389 - 390 - 391 - 392 - 393 - 394 - 399 - 400 - 406 - 407 - 408 - 409 - 413 - 415 - 416 - 417 - 418 - 420 - 422 - 424 - 426 - 427 - 429 - 430 - 433 - 435 - 437 - 438 - 439 - 440 - 444 - 445 - 447 - 449 - 450 - 452 - 458 - 461 - 462 - 463 - 466 - 467 - 474 - 478 - 479 - 480 - 483 - 484 - 487 - 489 - 490 - 492 - 493 - 496 - 498,20204139.5,0.1,86050,90427,46.78,Cost: 86050 & Capacity: 90427
0 - 1 - 2 - 5 - 8 - 9 - 10 - 12 - 14 - 15 - 16 - 18 - 20 - 21 - 22 - 23 - 24 - 27 - 28 - 30 - 31 - 32 - 33 - 36 - 39 - 40 - 41 - 42 - 44 - 45 - 46 - 48 - 49 - 52 - 54 - 55 - 57 - 58 - 59 - 61 - 63 - 65 - 66 - 67 - 68 - 69 - 71 - 75 - 76 - 77 - 78 - 80 - 81 - 83 - 84 - 85 - 87 - 88 - 89 - 91 - 92 - 94 - 99 - 101 - 102 - 103 - 105 - 107 - 110 - 111 - 112 - 113 - 114 - 115 - 117 - 118 - 119 - 125 - 127 - 129 - 130 - 132 - 135 - 137 - 138 - 139 - 142 - 144 - 145 - 146 - 148 - 149 - 150 - 152 - 155 - 156 - 157 - 161 - 163 - 164 - 167 - 171 - 172 - 174 - 175 - 176 - 178 - 179 - 182 - 183 - 185 - 188 - 190 - 191 - 192 - 194 - 196 - 197 - 198 - 199 - 200 - 201 - 202 - 203 - 205 - 206 - 207 - 208 - 211 - 213 - 214 - 216 - 217 - 218 - 219 - 220 - 221 - 222 - 223 - 224 - 230 - 231 - 232 - 233 - 235 - 236 - 237 - 239 - 240 - 241 - 242 - 243 - 244 - 247 - 250 - 251 - 252 - 254 - 257 - 258 - 260 - 264 - 266 - 268 - 269 - 270 - 271 - 272 - 274 - 275 - 276 - 278 - 281 - 282 - 283 - 284 - 286 - 288 - 289 - 290 - 293 - 294 - 295 - 298 - 299 - 300 - 301 - 302 - 303 - 304 - 305 - 306 - 308 - 309 - 310 - 312 - 313 - 314 - 315 - 317 - 319 - 320 - 321 - 323 - 324 - 325 - 326 - 328 - 329 - 332 - 338 - 339 - 340 - 342 - 344 - 347 - 356 - 357 - 358 - 360 - 361 - 362 - 363 - 365 - 366 - 367 - 371 - 373 - 374 - 375 - 377 - 380 - 381 - 383 - 386 - 387 - 388 - 389 - 390 - 391 - 392 - 393 - 394 - 399 - 400 - 406 - 407 - 408 - 409 - 413 - 415 - 416 - 417 - 418 - 420 - 422 - 424 - 426 - 427 - 429 - 430 - 433 - 435 - 437 - 438 - 439 - 440 - 444 - 445 - 447 - 449 - 450 - 452 - 458 - 461 - 462 - 463 - 466 - 467 - 474 - 478 - 479 - 480 - 483 - 484 - 487 - 489 - 490 - 492 - 493 - 496 - 498,21210234.1,0.1,90409,94659,46.78,Cost: 90409 & Capacity: 94659
0 - 1 - 2 - 5 - 8 - 9 - 10 - 12 - 14 - 15 - 16 - 18 - 20 - 21 - 22 - 23 - 24 - 27 - 28 - 30 - 32 - 33 - 36 - 39 - 40 - 41 - 42 - 44 - 45 - 46 - 48 - 49 - 51 - 52 - 54 - 55 - 57 - 58 - 59 - 61 - 65 - 66 - 67 - 68 - 69 - 71 - 75 - 76 - 77 - 78 - 81 - 83 - 84 - 85 - 87 - 88 - 89 - 91 - 92 - 94 - 99 - 101 - 102 - 103 - 105 - 107 - 108 - 110 - 111 - 112 - 113 - 114 - 115 - 117 - 118 - 119 - 127 - 129 - 130 - 132 - 135 - 136 - 137 - 138 - 139 - 142 - 144 - 145 - 146 - 148 - 149 - 150 - 152 - 155 - 156 - 157 - 161 - 163 - 164 - 167 - 171 - 172 - 175 - 176 - 178 - 179 - 182 - 183 - 185 - 188 - 190 - 191 - 192 - 194 - 196 - 197 - 198 - 199 - 200 - 201 - 202 - 203 - 205 - 206 - 207 - 208 - 211 - 213 - 214 - 216 - 217 - 218 - 219 - 220 - 221 - 222 - 223 - 224 - 230 - 231 - 232 - 233 - 235 - 236 - 237 - 239 - 240 - 241 - 242 - 243 - 244 - 247 - 250 - 251 - 252 - 254 - 257 - 258 - 260 - 264 - 266 - 268 - 269 - 270 - 271 - 272 - 274 - 275 - 276 - 278 - 281 - 282 - 283 - 284 - 286 - 288 - 289 - 290 - 293 - 294 - 295 - 298 - 299 - 300 - 301 - 302 - 303 - 304 - 305 - 306 - 308 - 309 - 310 - 312 - 313 - 314 - 315 - 317 - 319 - 320 - 321 - 323 - 324 - 325 - 326 - 328 - 329 - 332 - 338 - 339 - 340 - 342 - 344 - 347 - 356 - 357 - 358 - 360 - 361 - 362 - 363 - 364 - 365 - 366 - 367 - 371 - 373 - 374 - 375 - 377 - 380 - 381 - 383 - 386 - 387 - 388 - 389 - 390 - 391 - 392 - 393 - 394 - 399 - 400 - 406 - 407 - 408 - 409 - 411 - 413 - 415 - 416 - 417 - 418 - 420 - 422 - 424 - 426 - 427 - 430 - 433 - 435 - 437 - 438 - 439 - 440 - 444 - 445 - 447 - 449 - 450 - 451 - 452 - 458 - 461 - 462 - 463 - 466 - 467 - 474 - 475 - 478 - 479 - 480 - 483 - 484 - 487 - 489 - 490 - 492 - 493 - 494 - 496 - 498,21559280.1,0.1,92195,96567,48.9,Cost: 92195 & Capacity: 96567
0 - 1 - 3 - 4 - 5 - 7 - 8 - 9 - 10 - 12 - 14 - 16 - 20 - 23 - 24 - 27 - 30 - 31 - 33 - 36 - 39 - 40 - 44 - 46 - 47 - 49 - 51 - 52 - 55 - 57 - 58 - 59 - 64 - 67 - 68 - 69 - 75 - 76 - 77 - 78 - 81 - 82 - 84 - 87 - 91 - 92 - 94 - 95 - 99 - 101 - 103 - 104 - 105 - 107 - 110 - 112 - 114 - 115 - 118 - 119 - 120 - 122 - 126 - 127 - 129 - 130 - 131 - 132 - 135 - 138 - 139 - 142 - 144 - 146 - 149 - 152 - 155 - 157 - 163 - 166 - 167 - 172 - 175 - 176 - 177 - 178 - 179 - 183 - 185 - 190 - 191 - 192 - 194 - 195 - 196 - 197 - 198 - 199 - 200 - 201 - 202 - 203 - 204 - 205 - 206 - 207 - 208 - 210 - 211 - 212 - 213 - 214 - 216 - 217 - 218 - 219 - 221 - 222 - 223 - 224 - 225 - 226 - 230 - 231 - 233 - 236 - 240 - 241 - 242 - 244 - 248 - 250 - 251 - 254 - 256 - 257 - 258 - 260 - 264 - 266 - 268 - 270 - 272 - 273 - 274 - 276 - 278 - 281 - 282 - 283 - 284 - 285 - 288 - 289 - 290 - 293 - 294 - 298 - 299 - 300 - 301 - 304 - 307 - 309 - 310 - 311 - 312 - 313 - 314 - 315 - 319 - 323 - 324 - 325 - 328 - 332 - 334 - 338 - 340 - 344 - 347 - 352 - 357 - 358 - 360 - 361 - 362 - 363 - 364 - 365 - 371 - 373 - 377 - 380 - 381 - 383 - 384 - 386 - 387 - 388 - 391 - 393 - 394 - 399 - 406 - 407 - 409 - 411 - 413 - 416 - 417 - 418 - 420 - 422 - 424 - 427 - 433 - 435 - 438 - 439 - 442 - 445 - 447 - 449 - 450 - 451 - 452 - 453 - 458 - 461 - 462 - 464 - 466 - 468 - 471 - 472 - 473 - 474 - 475 - 478 - 479 - 480 - 484 - 487 - 489 - 490 - 492 - 493 - 494 - 495 - 498,15811777.1,2.9,92194,90939,49.27,Cost: 92194 & Capacity: 90939
0 - 1 - 2 - 5 - 8 - 9 - 10 - 12 - 14 - 15 - 16 - 18 - 20 - 21 - 22 - 23 - 24 - 27 - 28 - 30 - 31 - 32 - 33 - 36 - 39 - 40 - 41 - 42 - 44 - 45 - 48 - 49 - 52 - 54 - 55 - 57 - 58 - 59 - 61 - 63 - 65 - 66 - 67 - 68 - 69 - 71 - 75 - 76 - 77 - 78 - 80 - 81 - 83 - 84 - 85 - 88 - 89 - 91 - 92 - 94 - 99 - 101 - 102 - 103 - 105 - 107 - 110 - 111 - 112 - 113 - 114 - 115 - 117 - 118 - 119 - 125 - 127 - 129 - 130 - 132 - 135 - 137 - 138 - 139 - 142 - 144 - 145 - 146 - 148 - 149 - 150 - 152 - 155 - 156 - 157 - 161 - 163 - 164 - 167 - 171 - 172 - 174 - 175 - 176 - 178 - 179 - 182 - 183 - 185 - 188 - 190 - 191 - 192 - 194 - 196 - 197 - 198 - 199 - 200 - 202 - 203 - 205 - 206 - 207 - 208 - 211 - 213 - 214 - 216 - 217 - 218 - 219 - 220 - 221 - 222 - 223 - 224 - 230 - 231 - 232 - 233 - 235 - 236 - 237 - 239 - 240 - 241 - 242 - 243 - 244 - 247 - 250 - 251 - 252 - 254 - 257 - 258 - 260 - 264 - 266 - 268 - 269 - 270 - 271 - 272 - 274 - 275 - 276 - 278 - 281 - 282 - 283 - 284 - 286 - 288 - 289 - 290 - 293 - 294 - 295 - 298 - 299 - 300 - 301 - 302 - 303 - 304 - 305 - 306 - 308 - 309 - 310 - 312 - 313 - 314 - 315 - 317 - 319 - 320 - 321 - 323 - 324 - 325 - 326 - 328 - 329 - 332 - 338 - 339 - 340 - 342 - 344 - 347 - 356 - 357 - 358 - 360 - 361 - 362 - 363 - 364 - 365 - 366 - 367 - 371 - 373 - 374 - 375 - 377 - 380 - 381 - 383 - 386 - 387 - 388 - 389 - 390 - 391 - 392 - 393 - 394 - 399 - 400 - 406 - 407 - 408 - 409 - 413 - 415 - 416 - 417 - 418 - 420 - 422 - 424 - 426 - 427 - 429 - 430 - 433 - 435 - 437 - 438 - 439 - 440 - 444 - 445 - 447 - 449 - 450 - 452 - 458 - 461 - 462 - 463 - 466 - 467 - 474 - 478 - 479 - 480 - 483 - 484 - 487 - 489 - 490 - 492 - 493 - 496 - 498,20915408.3,0.1,89155,93141,52.77,Cost: 89155 & Capacity: 93141
0 - 1 - 2 - 5 - 8 - 9 - 10 - 12 - 14 - 15 - 16 - 18 - 20 - 21 - 22 - 23 - 24 - 27 - 28 - 30 - 31 - 32 - 33 - 36 - 39 - 40 - 41 - 42 - 44 - 45 - 48 - 49 - 52 - 54 - 55 - 57 - 58 - 59 - 61 - 63 - 65 - 66 - 67 - 68 - 69 - 71 - 75 - 76 - 77 - 78 - 80 - 81 - 83 - 84 - 85 - 88 - 89 - 91 - 92 - 94 - 99 - 101 - 102 - 103 - 105 - 107 - 110 - 111 - 112 - 113 - 114 - 115 - 117 - 118 - 119 - 125 - 127 - 129 - 130 - 132 - 135 - 137 - 138 - 139 - 142 - 144 - 145 - 146 - 148 - 149 - 150 - 152 - 155 - 156 - 157 - 161 - 163 - 164 - 167 - 171 - 172 - 174 - 175 - 176 - 178 - 179 - 182 - 183 - 185 - 188 - 190 - 191 - 192 - 194 - 196 - 197 - 198 - 199 - 200 - 202 - 203 - 205 - 206 - 207 - 208 - 211 - 213 - 214 - 216 - 217 - 218 - 219 - 220 - 221 - 222 - 223 - 224 - 230 - 231 - 232 - 233 - 235 - 236 - 237 - 239 - 240 - 241 - 242 - 243 - 244 - 247 - 250 - 251 - 252 - 254 - 257 - 258 - 260 - 264 - 266 - 268 - 269 - 270 - 271 - 272 - 274 - 275 - 276 - 278 - 281 - 282 - 283 - 284 - 286 - 288 - 289 - 290 - 293 - 294 - 295 - 298 - 299 - 300 - 301 - 302 - 303 - 304 - 305 - 306 - 308 - 309 - 310 - 312 - 313 - 314 - 315 - 317 - 319 - 320 - 321 - 323 - 324 - 325 - 326 - 328 - 329 - 332 - 338 - 339 - 340 - 342 - 344 - 347 - 356 - 357 - 358 - 360 - 361 - 362 - 363 - 365 - 366 - 367 - 371 - 373 - 374 - 375 - 377 - 380 - 381 - 383 - 386 - 387 - 388 - 389 - 390 - 391 - 392 - 393 - 394 - 399 - 400 - 406 - 407 - 408 - 409 - 413 - 415 - 416 - 417 - 418 - 420 - 422 - 424 - 426 - 427 - 429 - 430 - 433 - 435 - 437 - 438 - 439 - 440 - 444 - 445 - 447 - 449 - 450 - 452 - 458 - 461 - 462 - 463 - 466 - 467 - 474 - 478 - 479 - 480 - 483 - 484 - 487 - 489 - 490 - 492 - 493 - 496 - 498,20770745.1,0.1,88528,92650,52.77,Cost: 88528 & Capacity: 92650
0 - 1 - 2 - 5 - 8 - 9 - 10 - 12 - 14 - 15 - 16 - 18 - 20 - 21 - 22 - 23 - 24 - 27 - 28 - 30 - 32 - 33 - 36 - 39 - 40 - 41 - 42 - 44 - 45 - 46 - 48 - 49 - 51 - 52 - 54 - 55 - 57 - 58 - 59 - 61 - 65 - 66 - 67 - 68 - 69 - 71 - 75 - 76 - 77 - 78 - 81 - 83 - 84 - 85 - 87 - 88 - 89 - 91 - 92 - 94 - 99 - 101 - 102 - 103 - 105 - 107 - 108 - 110 - 111 - 112 - 113 - 114 - 115 - 117 - 118 - 119 - 127 - 129 - 130 - 132 - 135 - 136 - 137 - 138 - 139 - 142 - 144 - 145 - 146 - 148 - 149 - 150 - 152 - 155 - 156 - 157 - 161 - 163 - 164 - 167 - 171 - 172 - 175 - 176 - 178 - 179 - 182 - 183 - 185 - 188 - 190 - 191 - 192 - 194 - 196 - 197 - 198 - 199 - 200 - 201 - 202 - 203 - 205 - 206 - 207 - 208 - 211 - 213 - 214 - 216 - 217 - 218 - 219 - 220 - 221 - 222 - 223 - 224 - 230 - 231 - 232 - 233 - 235 - 236 - 237 - 239 - 240 - 241 - 242 - 243 - 244 - 247 - 250 - 251 - 252 - 254 - 257 - 258 - 260 - 264 - 266 - 268 - 269 - 270 - 271 - 272 - 274 - 275 - 276 - 278 - 281 - 282 - 283 - 284 - 286 - 288 - 289 - 290 - 293 - 294 - 295 - 298 - 299 - 300 - 301 - 302 - 303 - 304 - 305 - 306 - 308 - 309 - 310 - 312 - 313 - 314 - 315 - 317 - 319 - 320 - 321 - 323 - 324 - 325 - 326 - 328 - 329 - 332 - 338 - 339 - 340 - 342 - 344 - 347 - 356 - 357 - 358 - 360 - 361 - 362 - 363 - 364 - 365 - 366 - 367 - 371 - 373 - 374 - 375 - 377 - 380 - 381 - 383 - 386 - 387 - 388 - 389 - 390 - 391 - 392 - 393 - 394 - 399 - 400 - 406 - 407 - 408 - 409 - 411 - 413 - 415 - 416 - 417 - 418 - 420 - 422 - 424 - 426 - 427 - 430 - 433 - 435 - 437 - 438 - 439 - 440 - 444 - 445 - 447 - 449 - 450 - 451 - 452 - 458 - 461 - 462 - 463 - 466 - 467 - 474 - 475 - 478 - 479 - 480 - 483 - 484 - 487 - 489 - 490 - 492 - 493 - 494 - 496 - 498,21559280.1,0.1,92195,96567,52.91,Cost: 92195 & Capacity: 96567
0 - 1 - 2 - 5 - 8 - 9 - 10 - 12 - 14 - 15 - 16 - 18 - 20 - 21 - 22 - 23 - 24 - 27 - 28 - 30 - 32 - 33 - 36 - 39 - 40 - 41 - 42 - 44 - 45 - 46 - 48 - 49 - 51 - 52 - 54 - 55 - 57 - 58 - 59 - 61 - 65 - 66 - 67 - 68 - 69 - 71 - 75 - 76 - 77 - 78 - 81 - 83 - 84 - 85 - 87 - 88 - 89 - 91 - 92 - 94 - 99 - 101 - 102 - 103 - 105 - 107 - 108 - 110 - 111 - 112 - 113 - 114 - 115 - 117 - 118 - 119 - 127 - 129 - 130 - 132 - 135 - 136 - 137 - 138 - 139 - 142 - 144 - 145 - 146 - 148 - 149 - 150 - 152 - 155 - 156 - 157 - 161 - 163 - 164 - 167 - 171 - 172 - 175 - 176 - 178 - 179 - 182 - 183 - 185 - 188 - 190 - 191 - 192 - 194 - 196 - 197 - 198 - 199 - 200 - 201 - 202 - 203 - 205 - 206 - 207 - 208 - 211 - 213 - 214 - 216 - 217 - 218 - 219 - 220 - 221 - 222 - 223 - 224 - 230 - 231 - 232 - 233 - 235 - 236 - 237 - 239 - 240 - 241 - 242 - 243 - 244 - 247 - 250 - 251 - 252 - 254 - 257 - 258 - 260 - 264 - 266 - 268 - 269 - 270 - 271 - 272 - 274 - 275 - 276 - 278 - 281 - 282 - 283 - 284 - 286 - 288 - 289 - 290 - 293 - 294 - 295 - 298 - 299 - 300 - 301 - 302 - 303 - 304 - 305 - 306 - 308 - 309 - 310 - 312 - 313 - 314 - 315 - 317 - 319 - 320 - 321 - 323 - 324 - 325 - 326 - 328 - 329 - 332 - 338 - 339 - 340 - 342 - 344 - 347 - 356 - 357 - 358 - 360 - 361 - 362 - 363 - 364 - 365 - 366 - 367 - 371 - 373 - 374 - 375 - 377 - 380 - 381 - 383 - 386 - 387 - 388 - 389 - 390 - 391 - 392 - 393 - 394 - 399 - 400 - 406 - 407 - 408 - 409 - 411 - 413 - 415 - 416 - 417 - 418 - 420 - 422 - 424 - 426 - 427 - 430 - 433 - 435 - 437 - 438 - 439 - 440 - 444 - 445 - 447 - 449 - 450 - 451 - 452 - 458 - 461 - 462 - 463 - 466 - 467 - 474 - 475 - 478 - 479 - 480 - 483 - 484 - 487 - 489 - 490 - 492 - 493 - 494 - 496 - 498,21559280.1,0.1,92195,96567,54.34,Cost: 92195 & Capacity: 96567
0 - 1 - 2 - 4 - 5 - 8 - 9 - 10 - 12 - 14 - 15 - 16 - 18 - 20 - 21 - 23 - 24 - 27 - 28 - 30 - 31 - 32 - 33 - 36 - 40 - 41 - 44 - 46 - 48 - 49 - 51 - 52 - 55 - 57 - 58 - 59 - 64 - 66 - 67 - 68 - 69 - 75 - 76 - 77 - 78 - 81 - 84 - 85 - 87 - 88 - 89 - 91 - 92 - 94 - 99 - 101 - 103 - 105 - 107 - 108 - 110 - 111 - 112 - 113 - 114 - 115 - 117 - 118 - 119 - 126 - 127 - 129 - 130 - 131 - 132 - 135 - 137 - 138 - 139 - 142 - 144 - 145 - 146 - 148 - 149 - 150 - 152 - 155 - 156 - 157 - 163 - 167 - 171 - 172 - 175 - 176 - 177 - 178 - 179 - 183 - 185 - 190 - 191 - 192 - 194 - 195 - 196 - 198 - 199 - 200 - 201 - 202 - 203 - 204 - 205 - 206 - 207 - 208 - 211 - 213 - 214 - 216 - 217 - 219 - 221 - 222 - 223 - 224 - 226 - 230 - 231 - 233 - 235 - 236 - 237 - 240 - 241 - 242 - 243 - 244 - 247 - 250 - 251 - 254 - 257 - 258 - 260 - 264 - 266 - 268 - 269 - 270 - 271 - 272 - 274 - 275 - 276 - 281 - 283 - 284 - 285 - 286 - 288 - 289 - 290 - 293 - 294 - 295 - 296 - 297 - 298 - 299 - 300 - 301 - 304 - 305 - 306 - 307 - 308 - 309 - 310 - 311 - 312 - 313 - 314 - 315 - 317 - 319 - 320 - 323 - 324 - 325 - 326 - 328 - 329 - 332 - 338 - 339 - 340 - 342 - 344 - 345 - 347 - 357 - 358 - 360 - 361 - 362 - 363 - 364 - 365 - 366 - 367 - 370 - 371 - 373 - 374 - 375 - 377 - 380 - 381 - 383 - 384 - 386 - 387 - 389 - 390 - 391 - 392 - 393 - 394 - 399 - 400 - 406 - 407 - 409 - 411 - 413 - 416 - 417 - 418 - 420 - 422 - 424 - 426 - 427 - 433 - 435 - 437 - 438 - 439 - 440 - 442 - 444 - 445 - 447 - 449 - 450 - 451 - 452 - 458 - 461 - 462 - 463 - 466 - 467 - 468 - 471 - 474 - 475 - 478 - 479 - 480 - 484 - 487 - 489 - 490 - 492 - 493 - 494 - 496 - 498,19862410.2,0.8,92199,95480,57.47,Cost: 92199 & Capacity: 95480
0 - 1 - 2 - 5 - 8 - 9 - 10 - 12 - 14 - 15 - 16 - 18 - 20 - 21 - 22 - 23 - 24 - 27 - 28 - 30 - 32 - 33 - 36 - 39 - 40 - 41 - 42 - 44 - 45 - 46 - 48 - 49 - 51 - 52 - 54 - 55 - 57 - 58 - 59 - 61 - 65 - 66 - 67 - 68 - 69 - 71 - 75 - 76 - 77 - 78 - 81 - 83 - 84 - 85 - 87 - 88 - 89 - 91 - 92 - 94 - 99 - 101 - 102 - 103 - 105 - 107 - 108 - 110 - 111 - 112 - 113 - 114 - 115 - 117 - 118 - 119 - 127 - 129 - 130 - 132 - 135 - 136 - 137 - 138 - 139 - 142 - 144 - 145 - 146 - 148 - 149 - 150 - 152 - 155 - 156 - 157 - 161 - 163 - 164 - 167 - 171 - 172 - 175 - 176 - 178 - 179 - 182 - 183 - 185 - 188 - 190 - 191 - 192 - 194 - 196 - 197 - 198 - 199 - 200 - 201 - 202 - 203 - 205 - 206 - 207 - 208 - 211 - 213 - 214 - 216 - 217 - 218 - 219 - 220 - 221 - 222 - 223 - 224 - 230 - 231 - 232 - 233 - 235 - 236 - 237 - 239 - 240 - 241 - 242 - 243 - 244 - 247 - 250 - 251 - 252 - 254 - 257 - 258 - 260 - 264 - 266 - 268 - 269 - 270 - 271 - 272 - 274 - 275 - 276 - 278 - 281 - 282 - 283 - 284 - 286 - 288 - 289 - 290 - 293 - 294 - 295 - 298 - 299 - 300 - 301 - 302 - 303 - 304 - 305 - 306 - 308 - 309 - 310 - 312 - 313 - 314 - 315 - 317 - 319 - 320 - 321 - 323 - 324 - 325 - 326 - 328 - 329 - 332 - 338 - 339 - 340 - 342 - 344 - 347 - 356 - 357 - 358 - 360 - 361 - 362 - 363 - 364 - 365 - 366 - 367 - 371 - 373 - 374 - 375 - 377 - 380 - 381 - 383 - 386 - 387 - 388 - 389 - 390 - 391 - 392 - 393 - 394 - 399 - 400 - 406 - 407 - 408 - 409 - 411 - 413 - 415 - 416 - 417 - 418 - 420 - 422 - 424 - 426 - 427 - 430 - 433 - 435 - 437 - 438 - 439 - 440 - 444 - 445 - 447 - 449 - 450 - 451 - 452 - 458 - 461 - 462 - 463 - 466 - 467 - 474 - 475 - 478 - 479 - 480 - 483 - 484 - 487 - 489 - 490 - 492 - 493 - 494 - 496 - 498,21559280.1,0.1,92195,96567,57.68,Cost: 92195 & Capacity: 96567
0 - 1 - 2 - 5 - 8 - 9 - 10 - 12 - 14 - 15 - 16 - 18 - 20 - 21 - 22 - 23 - 24 - 27 - 28 - 30 - 32 - 33 - 36 - 39 - 40 - 41 - 42 - 44 - 45 - 46 - 48 - 49 - 51 - 52 - 54 - 55 - 57 - 58 - 59 - 61 - 65 - 66 - 67 - 68 - 69 - 71 - 75 - 76 - 77 - 78 - 81 - 83 - 84 - 85 - 87 - 88 - 89 - 91 - 92 - 94 - 99 - 101 - 102 - 103 - 105 - 107 - 108 - 110 - 111 - 112 - 113 - 114 - 115 - 117 - 118 - 119 - 127 - 129 - 130 - 132 - 135 - 136 - 137 - 138 - 139 - 142 - 144 - 145 - 146 - 148 - 149 - 150 - 152 - 155 - 156 - 157 - 161 - 163 - 164 - 167 - 171 - 172 - 175 - 176 - 178 - 179 - 182 - 183 - 185 - 188 - 190 - 191 - 192 - 194 - 196 - 197 - 198 - 199 - 200 - 201 - 202 - 203 - 205 - 206 - 207 - 208 - 211 - 213 - 214 - 216 - 217 - 218 - 219 - 220 - 221 - 222 - 223 - 224 - 230 - 231 - 232 - 233 - 235 - 236 - 237 - 239 - 240 - 241 - 242 - 243 - 244 - 247 - 250 - 251 - 252 - 254 - 257 - 258 - 260 - 264 - 266 - 268 - 269 - 270 - 271 - 272 - 274 - 275 - 276 - 278 - 281 - 282 - 283 - 284 - 286 - 288 - 289 - 290 - 293 - 294 - 295 - 298 - 299 - 300 - 301 - 302 - 303 - 304 - 305 - 306 - 308 - 309 - 310 - 312 - 313 - 314 - 315 - 317 - 319 - 320 - 321 - 323 - 324 - 325 - 326 - 328 - 329 - 332 - 338 - 339 - 340 - 342 - 344 - 347 - 356 - 357 - 358 - 360 - 361 - 362 - 363 - 364 - 365 - 366 - 367 - 371 - 373 - 374 - 375 - 377 - 380 - 381 - 383 - 386 - 387 - 388 - 389 - 390 - 391 - 392 - 393 - 394 - 399 - 400 - 406 - 407 - 408 - 409 - 411 - 413 - 415 - 416 - 417 - 418 - 420 - 422 - 424 - 426 - 427 - 430 - 433 - 435 - 437 - 438 - 439 - 440 - 444 - 445 - 447 - 449 - 450 - 451 - 452 - 458 - 461 - 462 - 463 - 466 - 467 - 474 - 475 - 478 - 479 - 480 - 483 - 484 - 487 - 489 - 490 - 492 - 493 - 494 - 496 - 498,21559280.1,0.1,92195,96567,58.85,Cost: 92195 & Capacity: 96567
0 - 1 - 2 - 5 - 8 - 9 - 10 - 12 - 14 - 15 - 16 - 18 - 20 - 21 - 22 - 23 - 24 - 27 - 28 - 30 - 32 - 33 - 36 - 39 - 40 - 41 - 42 - 44 - 45 - 46 - 48 - 49 - 51 - 52 - 54 - 55 - 57 - 58 - 59 - 61 - 65 - 66 - 67 - 68 - 69 - 71 - 75 - 76 - 77 - 78 - 81 - 83 - 84 - 85 - 87 - 88 - 89 - 91 - 92 - 94 - 99 - 101 - 102 - 103 - 105 - 107 - 108 - 110 - 111 - 112 - 113 - 114 - 115 - 117 - 118 - 119 - 127 - 129 - 130 - 132 - 135 - 136 - 137 - 138 - 139 - 142 - 144 - 145 - 146 - 148 - 149 - 150 - 152 - 155 - 156 - 157 - 161 - 163 - 164 - 167 - 171 - 172 - 175 - 176 - 178 - 179 - 182 - 183 - 185 - 188 - 190 - 191 - 192 - 194 - 196 - 197 - 198 - 199 - 200 - 201 - 202 - 203 - 205 - 206 - 207 - 208 - 211 - 213 - 214 - 216 - 217 - 218 - 219 - 220 - 221 - 222 - 223 - 224 - 230 - 231 - 232 - 233 - 235 - 236 - 237 - 239 - 240 - 241 - 242 - 243 - 244 - 247 - 250 - 251 - 252 - 254 - 257 - 258 - 260 - 264 - 266 - 268 - 269 - 270 - 271 - 272 - 274 - 275 - 276 - 278 - 281 - 282 - 283 - 284 - 286 - 288 - 289 - 290 - 293 - 294 - 295 - 298 - 299 - 300 - 301 - 302 - 303 - 304 - 305 - 306 - 308 - 309 - 310 - 312 - 313 - 314 - 315 - 317 - 319 - 320 - 321 - 323 - 324 - 325 - 326 - 328 - 329 - 332 - 338 - 339 - 340 - 342 - 344 - 347 - 356 - 357 - 358 - 360 - 361 - 362 - 363 - 364 - 365 - 366 - 367 - 371 - 373 - 374 - 375 - 377 - 380 - 381 - 383 - 386 - 387 - 388 - 389 - 390 - 391 - 392 - 393 - 394 - 399 - 400 - 406 - 407 - 408 - 409 - 411 - 413 - 415 - 416 - 417 - 418 - 420 - 422 - 424 - 426 - 427 - 430 - 433 - 435 - 437 - 438 - 439 - 440 - 444 - 445 - 447 - 449 - 450 - 451 - 452 - 458 - 461 - 462 - 463 - 466 - 467 - 474 - 475 - 478 - 479 - 480 - 483 - 484 - 487 - 489 - 490 - 492 - 493 - 494 - 496 - 498,21559280.1,0.1,92195,96567,60.58,Cost: 92195 & Capacity: 96567
0 - 1 - 2 - 5 - 8 - 9 - 10 - 12 - 14 - 15 - 16 - 18 - 20 - 21 - 22 - 23 - 24 - 27 - 28 - 30 - 32 - 33 - 36 - 39 - 40 - 41 - 42 - 44 - 45 - 46 - 48 - 49 - 51 - 52 - 54 - 55 - 57 - 58 - 59 - 61 - 65 - 66 - 67 - 68 - 69 - 71 - 75 - 76 - 77 - 78 - 81 - 83 - 84 - 85 - 87 - 88 - 89 - 91 - 92 - 94 - 99 - 101 - 102 - 103 - 105 - 107 - 108 - 110 - 111 - 112 - 113 - 114 - 115 - 117 - 118 - 119 - 127 - 129 - 130 - 132 - 135 - 136 - 137 - 138 - 139 - 142 - 144 - 145 - 146 - 148 - 149 - 150 - 152 - 155 - 156 - 157 - 161 - 163 - 164 - 167 - 171 - 172 - 175 - 176 - 178 - 179 - 182 - 183 - 185 - 188 - 190 - 191 - 192 - 194 - 196 - 197 - 198 - 199 - 200 - 201 - 202 - 203 - 205 - 206 - 207 - 208 - 211 - 213 - 214 - 216 - 217 - 218 - 219 - 220 - 221 - 222 - 223 - 224 - 230 - 231 - 232 - 233 - 235 - 236 - 237 - 239 - 240 - 241 - 242 - 243 - 244 - 247 - 250 - 251 - 252 - 254 - 257 - 258 - 260 - 264 - 266 - 268 - 269 - 270 - 271 - 272 - 274 - 275 - 276 - 278 - 281 - 282 - 283 - 284 - 286 - 288 - 289 - 290 - 293 - 294 - 295 - 298 - 299 - 300 - 301 - 302 - 303 - 304 - 305 - 306 - 308 - 309 - 310 - 312 - 313 - 314 - 315 - 317 - 319 - 320 - 321 - 323 - 324 - 325 - 326 - 328 - 329 - 332 - 338 - 339 - 340 - 342 - 344 - 347 - 356 - 357 - 358 - 360 - 361 - 362 - 363 - 364 - 365 - 366 - 367 - 371 - 373 - 374 - 375 - 377 - 380 - 381 - 383 - 386 - 387 - 388 - 389 - 390 - 391 - 392 - 393 - 394 - 399 - 400 - 406 - 407 - 408 - 409 - 411 - 413 - 415 - 416 - 417 - 418 - 420 - 422 - 424 - 426 - 427 - 430 - 433 - 435 - 437 - 438 - 439 - 440 - 444 - 445 - 447 - 449 - 450 - 451 - 452 - 458 - 461 - 462 - 463 - 466 - 467 - 474 - 475 - 478 - 479 - 480 - 483 - 484 - 487 - 489 - 490 - 492 - 493 - 494 - 496 - 498,21559280.1,0.1,92195,96567,61.17,Cost: 92195 & Capacity: 96567
0 - 1 - 2 - 5 - 8 - 9 - 10 - 12 - 14 - 15 - 16 - 18 - 20 - 21 - 22 - 23 - 24 - 27 - 28 - 30 - 32 - 33 - 36 - 39 - 40 - 41 - 42 - 44 - 45 - 48 - 49 - 52 - 54 - 55 - 57 - 58 - 59 - 61 - 63 - 65 - 66 - 67 - 68 - 69 - 71 - 75 - 76 - 77 - 78 - 80 - 81 - 83 - 84 - 85 - 88 - 89 - 91 - 92 - 94 - 99 - 101 - 102 - 103 - 105 - 107 - 110 - 111 - 112 - 113 - 114 - 115 - 117 - 118 - 119 - 125 - 127 - 129 - 130 - 132 - 135 - 137 - 138 - 139 - 142 - 144 - 145 - 146 - 148 - 149 - 150 - 152 - 155 - 156 - 157 - 161 - 163 - 164 - 167 - 171 - 172 - 174 - 175 - 176 - 178 - 179 - 182 - 183 - 185 - 188 - 190 - 191 - 192 - 194 - 196 - 197 - 198 - 199 - 200 - 202 - 203 - 205 - 206 - 207 - 208 - 211 - 213 - 214 - 216 - 217 - 218 - 219 - 220 - 221 - 222 - 223 - 224 - 230 - 231 - 232 - 233 - 235 - 236 - 237 - 239 - 240 - 241 - 242 - 243 - 244 - 247 - 250 - 251 - 252 - 254 - 257 - 258 - 260 - 264 - 266 - 268 - 269 - 270 - 271 - 272 - 274 - 275 - 276 - 278 - 281 - 282 - 283 - 284 - 286 - 288 - 289 - 290 - 293 - 294 - 295 - 298 - 299 - 300 - 301 - 302 - 303 - 304 - 305 - 306 - 308 - 309 - 310 - 312 - 313 - 314 - 315 - 317 - 319 - 320 - 321 - 323 - 324 - 325 - 326 - 328 - 329 - 332 - 338 - 339 - 340 - 342 - 344 - 347 - 356 - 357 - 358 - 360 - 361 - 362 - 363 - 365 - 366 - 367 - 371 - 373 - 374 - 375 - 377 - 380 - 381 - 383 - 386 - 387 - 388 - 389 - 390 - 391 - 392 - 393 - 394 - 399 - 400 - 406 - 407 - 408 - 409 - 413 - 415 - 416 - 417 - 418 - 420 - 422 - 424 - 426 - 427 - 429 - 430 - 433 - 435 - 437 - 438 - 439 - 440 - 444 - 445 - 447 - 449 - 450 - 452 - 458 - 461 - 462 - 463 - 466 - 467 - 474 - 478 - 479 - 480 - 483 - 484 - 487 - 489 - 490 - 492 - 493 - 496 - 498,20630763.0,0.1,87903,91808,61.65,Cost: 87903 & Capacity: 91808
0 - 1 - 2 - 5 - 8 - 9 - 10 - 12 - 14 - 15 - 16 - 18 - 20 - 21 - 22 - 23 - 24 - 27 - 28 - 30 - 32 - 33 - 36 - 39 - 40 - 41 - 42 - 44 - 45 - 46 - 48 - 49 - 51 - 52 - 54 - 55 - 57 - 58 - 59 - 61 - 65 - 66 - 67 - 68 - 69 - 71 - 75 - 76 - 77 - 78 - 81 - 83 - 84 - 85 - 87 - 88 - 89 - 91 - 92 - 94 - 99 - 101 - 102 - 103 - 105 - 107 - 108 - 110 - 111 - 112 - 113 - 114 - 115 - 117 - 118 - 119 - 127 - 129 - 130 - 132 - 135 - 136 - 137 - 138 - 139 - 142 - 144 - 145 - 146 - 148 - 149 - 150 - 152 - 155 - 156 - 157 - 161 - 163 - 164 - 167 - 171 - 172 - 175 - 176 - 178 - 179 - 182 - 183 - 185 - 188 - 190 - 191 - 192 - 194 - 196 - 197 - 198 - 199 - 200 - 201 - 202 - 203 - 205 - 206 - 207 - 208 - 211 - 213 - 214 - 216 - 217 - 218 - 219 - 220 - 221 - 222 - 223 - 224 - 230 - 231 - 232 - 233 - 235 - 236 - 237 - 239 - 240 - 241 - 242 - 243 - 244 - 247 - 250 - 251 - 252 - 254 - 257 - 258 - 260 - 264 - 266 - 268 - 269 - 270 - 271 - 272 - 274 - 275 - 276 - 278 - 281 - 282 - 283 - 284 - 286 - 288 - 289 - 290 - 293 - 294 - 295 - 298 - 299 - 300 - 301 - 302 - 303 - 304 - 305 - 306 - 308 - 309 - 310 - 312 - 313 - 314 - 315 - 317 - 319 - 320 - 321 - 323 - 324 - 325 - 326 - 328 - 329 - 332 - 338 - 339 - 340 - 342 - 344 - 347 - 356 - 357 - 358 - 360 - 361 - 362 - 363 - 364 - 365 - 366 - 367 - 371 - 373 - 374 - 375 - 377 - 380 - 381 - 383 - 386 - 387 - 388 - 389 - 390 - 391 - 392 - 393 - 394 - 399 - 400 - 406 - 407 - 408 - 409 - 411 - 413 - 415 - 416 - 417 - 418 - 420 - 422 - 424 - 426 - 427 - 430 - 433 - 435 - 437 - 438 - 439 - 440 - 444 - 445 - 447 - 449 - 450 - 451 - 452 - 458 - 461 - 462 - 463 - 466 - 467 - 474 - 475 - 478 - 479 - 480 - 483 - 484 - 487 - 489 - 490 - 492 - 493 - 494 - 496 - 498,21559280.1,0.1,92195,96567,61.73,Cost: 92195 & Capacity: 96567
0 - 1 - 2 - 5 - 8 - 9 - 10 - 12 - 14 - 15 - 16 - 18 - 20 - 21 - 22 - 23 - 24 - 27 - 28 - 30 - 31 - 32 - 33 - 36 - 39 - 40 - 41 - 42 - 44 - 45 - 46 - 48 - 49 - 52 - 54 - 55 - 57 - 58 - 59 - 61 - 63 - 65 - 66 - 67 - 68 - 69 - 71 - 75 - 76 - 77 - 78 - 80 - 81 - 83 - 84 - 85 - 87 - 88 - 89 - 91 - 92 - 94 - 99 - 101 - 102 - 103 - 105 - 107 - 110 - 111 - 112 - 113 - 114 - 115 - 117 - 118 - 119 - 125 - 127 - 129 - 130 - 132 - 135 - 137 - 138 - 139 - 142 - 144 - 145 - 146 - 148 - 149 - 150 - 152 - 155 - 156 - 157 - 161 - 163 - 164 - 167 - 171 - 172 - 174 - 175 - 176 - 178 - 179 - 182 - 183 - 185 - 188 - 190 - 191 - 192 - 194 - 196 - 197 - 198 - 199 - 200 - 201 - 202 - 203 - 205 - 206 - 207 - 208 - 211 - 213 - 214 - 216 - 217 - 218 - 219 - 220 - 221 - 222 - 223 - 224 - 230 - 231 - 232 - 233 - 235 - 236 - 237 - 239 - 240 - 241 - 242 - 243 - 244 - 247 - 250 - 251 - 252 - 254 - 257 - 258 - 260 - 264 - 266 - 268 - 269 - 270 - 271 - 272 - 274 - 275 - 276 - 278 - 281 - 282 - 283 - 284 - 286 - 288 - 289 - 290 - 293 - 294 - 295 - 298 - 299 - 300 - 301 - 302 - 303 - 304 - 305 - 306 - 308 - 309 - 310 - 312 - 313 - 314 - 315 - 317 - 319 - 320 - 321 - 323 - 324 - 325 - 326 - 328 - 329 - 332 - 338 - 339 - 340 - 342 - 344 - 347 - 356 - 357 - 358 - 360 - 361 - 362 - 363 - 364 - 365 - 366 - 367 - 371 - 373 - 374 - 375 - 377 - 380 - 381 - 383 - 386 - 387 - 388 - 389 - 390 - 391 - 392 - 393 - 394 - 399 - 400 - 406 - 407 - 408 - 409 - 413 - 415 - 416 - 417 - 418 - 420 - 422 - 424 - 426 - 427 - 429 - 430 - 433 - 435 - 437 - 438 - 439 - 440 - 444 - 445 - 447 - 449 - 450 - 452 - 458 - 461 - 462 - 463 - 466 - 467 - 474 - 478 - 479 - 480 - 483 - 484 - 487 - 489 - 490 - 492 - 493 - 496 - 498,21356573.7,0.1,91036,95150,62.12,Cost: 91036 & Capacity: 95150
0 - 1 - 2 - 5 - 8 - 9 - 10 - 12 - 14 - 15 - 16 - 18 - 20 - 21 - 22 - 23 - 24 - 27 - 28 - 30 - 32 - 33 - 36 - 39 - 40 - 41 - 42 - 44 - 45 - 46 - 48 - 49 - 51 - 52 - 54 - 55 - 57 - 58 - 59 - 61 - 65 - 66 - 67 - 68 - 69 - 71 - 75 - 76 - 77 - 78 - 81 - 83 - 84 - 85 - 87 - 88 - 89 - 91 - 92 - 94 - 99 - 101 - 102 - 103 - 105 - 107 - 108 - 110 - 111 - 112 - 113 - 114 - 115 - 117 - 118 - 119 - 127 - 129 - 130 - 132 - 135 - 136 - 137 - 138 - 139 - 142 - 144 - 145 - 146 - 148 - 149 - 150 - 152 - 155 - 156 - 157 - 161 - 163 - 164 - 167 - 171 - 172 - 175 - 176 - 178 - 179 - 182 - 183 - 185 - 188 - 190 - 191 - 192 - 194 - 196 - 197 - 198 - 199 - 200 - 201 - 202 - 203 - 205 - 206 - 207 - 208 - 211 - 213 - 214 - 216 - 217 - 218 - 219 - 220 - 221 - 222 - 223 - 224 - 230 - 231 - 232 - 233 - 235 - 236 - 237 - 239 - 240 - 241 - 242 - 243 - 244 - 247 - 250 - 251 - 252 - 254 - 257 - 258 - 260 - 264 - 266 - 268 - 269 - 270 - 271 - 272 - 274 - 275 - 276 - 278 - 281 - 282 - 283 - 284 - 286 - 288 - 289 - 290 - 293 - 294 - 295 - 298 - 299 - 300 - 301 - 302 - 303 - 304 - 305 - 306 - 308 - 309 - 310 - 312 - 313 - 314 - 315 - 317 - 319 - 320 - 321 - 323 - 324 - 325 - 326 - 328 - 329 - 332 - 338 - 339 - 340 - 342 - 344 - 347 - 356 - 357 - 358 - 360 - 361 - 362 - 363 - 364 - 365 - 366 - 367 - 371 - 373 - 374 - 375 - 377 - 380 - 381 - 383 - 386 - 387 - 388 - 389 - 390 - 391 - 392 - 393 - 394 - 399 - 400 - 406 - 407 - 408 - 409 - 411 - 413 - 415 - 416 - 417 - 418 - 420 - 422 - 424 - 426 - 427 - 430 - 433 - 435 - 437 - 438 - 439 - 440 - 444 - 445 - 447 - 449 - 450 - 451 - 452 - 458 - 461 - 462 - 463 - 466 - 467 - 474 - 475 - 478 - 479 - 480 - 483 - 484 - 487 - 489 - 490 - 492 - 493 - 494 - 496 - 498,21559280.1,0.1,92195,96567,62.25,Cost: 92195 & Capacity: 96567
0 - 1 - 2 - 5 - 8 - 9 - 10 - 12 - 14 - 15 - 16 - 18 - 20 - 21 - 22 - 23 - 24 - 27 - 28 - 30 - 32 - 33 - 36 - 39 - 40 - 41 - 42 - 44 - 45 - 46 - 48 - 49 - 51 - 52 - 54 - 55 - 57 - 58 - 59 - 61 - 65 - 66 - 67 - 68 - 69 - 71 - 75 - 76 - 77 - 78 - 81 - 83 - 84 - 85 - 87 - 88 - 89 - 91 - 92 - 94 - 99 - 101 - 102 - 103 - 105 - 107 - 108 - 110 - 111 - 112 - 113 - 114 - 115 - 117 - 118 - 119 - 127 - 129 - 130 - 132 - 135 - 136 - 137 - 138 - 139 - 142 - 144 - 145 - 146 - 148 - 149 - 150 - 152 - 155 - 156 - 157 - 161 - 163 - 164 - 167 - 171 - 172 - 175 - 176 - 178 - 179 - 182 - 183 - 185 - 188 - 190 - 191 - 192 - 194 - 196 - 197 - 198 - 199 - 200 - 201 - 202 - 203 - 205 - 206 - 207 - 208 - 211 - 213 - 214 - 216 - 217 - 218 - 219 - 220 - 221 - 222 - 223 - 224 - 230 - 231 - 232 - 233 - 235 - 236 - 237 - 239 - 240 - 241 - 242 - 243 - 244 - 247 - 250 - 251 - 252 - 254 - 257 - 258 - 260 - 264 - 266 - 268 - 269 - 270 - 271 - 272 - 274 - 275 - 276 - 278 - 281 - 282 - 283 - 284 - 286 - 288 - 289 - 290 - 293 - 294 - 295 - 298 - 299 - 300 - 301 - 302 - 303 - 304 - 305 - 306 - 308 - 309 - 310 - 312 - 313 - 314 - 315 - 317 - 319 - 320 - 321 - 323 - 324 - 325 - 326 - 328 - 329 - 332 - 338 - 339 - 340 - 342 - 344 - 347 - 356 - 357 - 358 - 360 - 361 - 362 - 363 - 364 - 365 - 366 - 367 - 371 - 373 - 374 - 375 - 377 - 380 - 381 - 383 - 386 - 387 - 388 - 389 - 390 - 391 - 392 - 393 - 394 - 399 - 400 - 406 - 407 - 408 - 409 - 411 - 413 - 415 - 416 - 417 - 418 - 420 - 422 - 424 - 426 - 427 - 430 - 433 - 435 - 437 - 438 - 439 - 440 - 444 - 445 - 447 - 449 - 450 - 451 - 452 - 458 - 461 - 462 - 463 - 466 - 467 - 474 - 475 - 478 - 479 - 480 - 483 - 484 - 487 - 489 - 490 - 492 - 493 - 494 - 496 - 498,21559280.1,0.1,92195,96567,65.36,Cost: 92195 & Capacity: 96567
0 - 1 - 2 - 5 - 8 - 9 - 10 - 12 - 14 - 15 - 16 - 18 - 20 - 21 - 22 - 23 - 24 - 27 - 28 - 30 - 32 - 33 - 36 - 39 - 40 - 41 - 42 - 44 - 45 - 46 - 48 - 49 - 51 - 52 - 54 - 55 - 57 - 58 - 59 - 61 - 65 - 66 - 67 - 68 - 69 - 71 - 75 - 76 - 77 - 78 - 81 - 83 - 84 - 85 - 87 - 88 - 89 - 91 - 92 - 94 - 99 - 101 - 102 - 103 - 105 - 107 - 108 - 110 - 111 - 112 - 113 - 114 - 115 - 117 - 118 - 119 - 127 - 129 - 130 - 132 - 135 - 136 - 137 - 138 - 139 - 142 - 144 - 145 - 146 - 148 - 149 - 150 - 152 - 155 - 156 - 157 - 161 - 163 - 164 - 167 - 171 - 172 - 175 - 176 - 178 - 179 - 182 - 183 - 185 - 188 - 190 - 191 - 192 - 194 - 196 - 197 - 198 - 199 - 200 - 201 - 202 - 203 - 205 - 206 - 207 - 208 - 211 - 213 - 214 - 216 - 217 - 218 - 219 - 220 - 221 - 222 - 223 - 224 - 230 - 231 - 232 - 233 - 235 - 236 - 237 - 239 - 240 - 241 - 242 - 243 - 244 - 247 - 250 - 251 - 252 - 254 - 257 - 258 - 260 - 264 - 266 - 268 - 269 - 270 - 271 - 272 - 274 - 275 - 276 - 278 - 281 - 282 - 283 - 284 - 286 - 288 - 289 - 290 - 293 - 294 - 295 - 298 - 299 - 300 - 301 - 302 - 303 - 304 - 305 - 306 - 308 - 309 - 310 - 312 - 313 - 314 - 315 - 317 - 319 - 320 - 321 - 323 - 324 - 325 - 326 - 328 - 329 - 332 - 338 - 339 - 340 - 342 - 344 - 347 - 356 - 357 - 358 - 360 - 361 - 362 - 363 - 364 - 365 - 366 - 367 - 371 - 373 - 374 - 375 - 377 - 380 - 381 - 383 - 386 - 387 - 388 - 389 - 390 - 391 - 392 - 393 - 394 - 399 - 400 - 406 - 407 - 408 - 409 - 411 - 413 - 415 - 416 - 417 - 418 - 420 - 422 - 424 - 426 - 427 - 430 - 433 - 435 - 437 - 438 - 439 - 440 - 444 - 445 - 447 - 449 - 450 - 451 - 452 - 458 - 461 - 462 - 463 - 466 - 467 - 474 - 475 - 478 - 479 - 480 - 483 - 484 - 487 - 489 - 490 - 492 - 493 - 494 - 496 - 498,21559280.1,0.1,92195,96567,65.92,Cost: 92195 & Capacity: 96567
0 - 1 - 2 - 5 - 8 - 9 - 10 - 12 - 14 - 15 - 16 - 18 - 20 - 21 - 22 - 23 - 24 - 27 - 28 - 30 - 32 - 33 - 36 - 39 - 40 - 41 - 42 - 44 - 45 - 46 - 48 - 49 - 51 - 52 - 54 - 55 - 57 - 58 - 59 - 61 - 65 - 66 - 67 - 68 - 69 - 71 - 75 - 76 - 77 - 78 - 81 - 83 - 84 - 85 - 87 - 88 - 89 - 91 - 92 - 94 - 99 - 101 - 102 - 103 - 105 - 107 - 108 - 110 - 111 - 112 - 113 - 114 - 115 - 117 - 118 - 119 - 127 - 129 - 130 - 132 - 135 - 136 - 137 - 138 - 139 - 142 - 144 - 145 - 146 - 148 - 149 - 150 - 152 - 155 - 156 - 157 - 161 - 163 - 164 - 167 - 171 - 172 - 175 - 176 - 178 - 179 - 182 - 183 - 185 - 188 - 190 - 191 - 192 - 194 - 196 - 197 - 198 - 199 - 200 - 201 - 202 - 203 - 205 - 206 - 207 - 208 - 211 - 213 - 214 - 216 - 217 - 218 - 219 - 220 - 221 - 222 - 223 - 224 - 230 - 231 - 232 - 233 - 235 - 236 - 237 - 239 - 240 - 241 - 242 - 243 - 244 - 247 - 250 - 251 - 252 - 254 - 257 - 258 - 260 - 264 - 266 - 268 - 269 - 270 - 271 - 272 - 274 - 275 - 276 - 278 - 281 - 282 - 283 - 284 - 286 - 288 - 289 - 290 - 293 - 294 - 295 - 298 - 299 - 300 - 301 - 302 - 303 - 304 - 305 - 306 - 308 - 309 - 310 - 312 - 313 - 314 - 315 - 317 - 319 - 320 - 321 - 323 - 324 - 325 - 326 - 328 - 329 - 332 - 338 - 339 - 340 - 342 - 344 - 347 - 356 - 357 - 358 - 360 - 361 - 362 - 363 - 364 - 365 - 366 - 367 - 371 - 373 - 374 - 375 - 377 - 380 - 381 - 383 - 386 - 387 - 388 - 389 - 390 - 391 - 392 - 393 - 394 - 399 - 400 - 406 - 407 - 408 - 409 - 411 - 413 - 415 - 416 - 417 - 418 - 420 - 422 - 424 - 426 - 427 - 430 - 433 - 435 - 437 - 438 - 439 - 440 - 444 - 445 - 447 - 449 - 450 - 451 - 452 - 458 - 461 - 462 - 463 - 466 - 467 - 474 - 475 - 478 - 479 - 480 - 483 - 484 - 487 - 489 - 490 - 492 - 493 - 494 - 496 - 498,21559280.1,0.1,92195,96567,66.7,Cost: 92195 & Capacity: 96567
0 - 1 - 2 - 5 - 8 - 9 - 10 - 12 - 14 - 15 - 16 - 18 - 20 - 21 - 22 - 23 - 24 - 27 - 28 - 30 - 32 - 33 - 36 - 39 - 40 - 41 - 42 - 44 - 45 - 46 - 48 - 49 - 51 - 52 - 54 - 55 - 57 - 58 - 59 - 61 - 65 - 66 - 67 - 68 - 69 - 71 - 75 - 76 - 77 - 78 - 81 - 83 - 84 - 85 - 87 - 88 - 89 - 91 - 92 - 94 - 99 - 101 - 102 - 103 - 105 - 107 - 108 - 110 - 111 - 112 - 113 - 114 - 115 - 117 - 118 - 119 - 127 - 129 - 130 - 132 - 135 - 136 - 137 - 138 - 139 - 142 - 144 - 145 - 146 - 148 - 149 - 150 - 152 - 155 - 156 - 157 - 161 - 163 - 164 - 167 - 171 - 172 - 175 - 176 - 178 - 179 - 182 - 183 - 185 - 188 - 190 - 191 - 192 - 194 - 196 - 197 - 198 - 199 - 200 - 201 - 202 - 203 - 205 - 206 - 207 - 208 - 211 - 213 - 214 - 216 - 217 - 218 - 219 - 220 - 221 - 222 - 223 - 224 - 230 - 231 - 232 - 233 - 235 - 236 - 237 - 239 - 240 - 241 - 242 - 243 - 244 - 247 - 250 - 251 - 252 - 254 - 257 - 258 - 260 - 264 - 266 - 268 - 269 - 270 - 271 - 272 - 274 - 275 - 276 - 278 - 281 - 282 - 283 - 284 - 286 - 288 - 289 - 290 - 293 - 294 - 295 - 298 - 299 - 300 - 301 - 302 - 303 - 304 - 305 - 306 - 308 - 309 - 310 - 312 - 313 - 314 - 315 - 317 - 319 - 320 - 321 - 323 - 324 - 325 - 326 - 328 - 329 - 332 - 338 - 339 - 340 - 342 - 344 - 347 - 356 - 357 - 358 - 360 - 361 - 362 - 363 - 364 - 365 - 366 - 367 - 371 - 373 - 374 - 375 - 377 - 380 - 381 - 383 - 386 - 387 - 388 - 389 - 390 - 391 - 392 - 393 - 394 - 399 - 400 - 406 - 407 - 408 - 409 - 411 - 413 - 415 - 416 - 417 - 418 - 420 - 422 - 424 - 426 - 427 - 430 - 433 - 435 - 437 - 438 - 439 - 440 - 444 - 445 - 447 - 449 - 450 - 451 - 452 - 458 - 461 - 462 - 463 - 466 - 467 - 474 - 475 - 478 - 479 - 480 - 483 - 484 - 487 - 489 - 490 - 492 - 493 - 494 - 496 - 498,21559280.1,0.1,92195,96567,67.78,Cost: 92195 & Capacity: 96567
0 - 1 - 3 - 8 - 12 - 15 - 18 - 23 - 24 - 27 - 30 - 31 - 33 - 36 - 37 - 38 - 39 - 40 - 44 - 46 - 47 - 49 - 50 - 51 - 57 - 58 - 59 - 64 - 69 - 71 - 72 - 75 - 76 - 78 - 81 - 82 - 84 - 87 - 91 - 92 - 93 - 94 - 99 - 104 - 107 - 110 - 114 - 118 - 119 - 120 - 122 - 125 - 126 - 129 - 130 - 131 - 135 - 136 - 142 - 144 - 150 - 157 - 160 - 162 - 163 - 166 - 167 - 170 - 171 - 172 - 175 - 177 - 178 - 179 - 183 - 185 - 190 - 191 - 192 - 193 - 194 - 195 - 196 - 197 - 198 - 199 - 200 - 202 - 203 - 204 - 206 - 210 - 211 - 212 - 213 - 214 - 216 - 217 - 221 - 222 - 223 - 225 - 226 - 229 - 230 - 231 - 233 - 236 - 237 - 248 - 250 - 251 - 256 - 257 - 258 - 268 - 269 - 272 - 274 - 277 - 278 - 281 - 283 - 284 - 285 - 286 - 289 - 294 - 295 - 296 - 299 - 300 - 301 - 304 - 307 - 309 - 310 - 311 - 312 - 313 - 314 - 315 - 317 - 323 - 324 - 325 - 328 - 332 - 338 - 344 - 347 - 356 - 357 - 360 - 361 - 362 - 363 - 365 - 367 - 369 - 371 - 373 - 377 - 380 - 383 - 384 - 386 - 388 - 391 - 393 - 399 - 405 - 406 - 407 - 408 - 409 - 411 - 412 - 416 - 417 - 421 - 422 - 424 - 433 - 438 - 439 - 442 - 447 - 449 - 451 - 452 - 453 - 457 - 458 - 459 - 462 - 465 - 466 - 467 - 468 - 471 - 472 - 473 - 474 - 475 - 479 - 480 - 482 - 484 - 486 - 487 - 488 - 489 - 490 - 492 - 493 - 494 - 496 - 498,12097939.4,5.5,92146,85151,68.02,Cost: 92146 & Capacity: 85151
0 - 1 - 3 - 8 - 12 - 15 - 18 - 23 - 24 - 27 - 30 - 31 - 32 - 33 - 36 - 38 - 40 - 46 - 47 - 49 - 50 - 51 - 53 - 56 - 58 - 59 - 60 - 64 - 69 - 72 - 75 - 76 - 78 - 80 - 81 - 82 - 84 - 86 - 87 - 91 - 94 - 104 - 107 - 110 - 116 - 118 - 119 - 122 - 125 - 126 - 129 - 130 - 131 - 135 - 136 - 142 - 144 - 148 - 150 - 151 - 157 - 163 - 166 - 167 - 170 - 171 - 172 - 175 - 177 - 178 - 179 - 182 - 185 - 190 - 191 - 192 - 194 - 196 - 197 - 198 - 199 - 200 - 202 - 204 - 206 - 210 - 211 - 212 - 213 - 214 - 216 - 217 - 221 - 222 - 223 - 225 - 226 - 229 - 230 - 231 - 233 - 236 - 237 - 248 - 250 - 251 - 256 - 257 - 258 - 268 - 269 - 272 - 274 - 277 - 278 - 281 - 283 - 284 - 285 - 286 - 288 - 289 - 294 - 295 - 296 - 297 - 299 - 300 - 304 - 305 - 310 - 311 - 312 - 313 - 314 - 315 - 317 - 320 - 321 - 323 - 324 - 325 - 328 - 332 - 338 - 342 - 344 - 347 - 351 - 356 - 357 - 360 - 361 - 363 - 365 - 367 - 371 - 373 - 377 - 380 - 383 - 384 - 386 - 388 - 391 - 393 - 399 - 404 - 405 - 406 - 407 - 408 - 409 - 411 - 412 - 416 - 417 - 421 - 422 - 424 - 425 - 433 - 438 - 439 - 442 - 447 - 449 - 451 - 452 - 453 - 457 - 458 - 462 - 465 - 466 - 467 - 468 - 471 - 472 - 473 - 474 - 476 - 480 - 484 - 486 - 487 - 488 - 489 - 490 - 492 - 493 - 494 - 496 - 498,11593179.7,6.3,92144,84202,68.05,Cost: 92144 & Capacity: 84202
0 - 1 - 2 - 5 - 8 - 9 - 10 - 12 - 14 - 15 - 16 - 18 - 20 - 21 - 22 - 23 - 24 - 27 - 28 - 30 - 32 - 33 - 36 - 39 - 40 - 41 - 42 - 44 - 45 - 46 - 48 - 49 - 51 - 52 - 54 - 55 - 57 - 58 - 59 - 61 - 65 - 66 - 67 - 68 - 69 - 71 - 75 - 76 - 77 - 78 - 81 - 83 - 84 - 85 - 87 - 88 - 89 - 91 - 92 - 94 - 99 - 101 - 102 - 103 - 105 - 107 - 108 - 110 - 111 - 112 - 113 - 114 - 115 - 117 - 118 - 119 - 127 - 129 - 130 - 132 - 135 - 136 - 137 - 138 - 139 - 142 - 144 - 145 - 146 - 148 - 149 - 150 - 152 - 155 - 156 - 157 - 161 - 163 - 164 - 167 - 171 - 172 - 175 - 176 - 178 - 179 - 182 - 183 - 185 - 188 - 190 - 191 - 192 - 194 - 196 - 197 - 198 - 199 - 200 - 201 - 202 - 203 - 205 - 206 - 207 - 208 - 211 - 213 - 214 - 216 - 217 - 218 - 219 - 220 - 221 - 222 - 223 - 224 - 230 - 231 - 232 - 233 - 235 - 236 - 237 - 239 - 240 - 241 - 242 - 243 - 244 - 247 - 250 - 251 - 252 - 254 - 257 - 258 - 260 - 264 - 266 - 268 - 269 - 270 - 271 - 272 - 274 - 275 - 276 - 278 - 281 - 282 - 283 - 284 - 286 - 288 - 289 - 290 - 293 - 294 - 295 - 298 - 299 - 300 - 301 - 302 - 303 - 304 - 305 - 306 - 308 - 309 - 310 - 312 - 313 - 314 - 315 - 317 - 319 - 320 - 321 - 323 - 324 - 325 - 326 - 328 - 329 - 332 - 338 - 339 - 340 - 342 - 344 - 347 - 356 - 357 - 358 - 360 - 361 - 362 - 363 - 364 - 365 - 366 - 367 - 371 - 373 - 374 - 375 - 377 - 380 - 381 - 383 - 386 - 387 - 388 - 389 - 390 - 391 - 392 - 393 - 394 - 399 - 400 - 406 - 407 - 408 - 409 - 411 - 413 - 415 - 416 - 417 - 418 - 420 - 422 - 424 - 426 - 427 - 430 - 433 - 435 - 437 - 438 - 439 - 440 - 444 - 445 - 447 - 449 - 450 - 451 - 452 - 458 - 461 - 462 - 463 - 466 - 467 - 474 - 475 - 478 - 479 - 480 - 483 - 484 - 487 - 489 - 490 - 492 - 493 - 494 - 496 - 498,21559280.1,0.1,92195,96567,69.89,Cost: 92195 & Capacity: 96567
0 - 1 - 2 - 5 - 8 - 9 - 10 - 12 - 14 - 15 - 16 - 18 - 20 - 21 - 22 - 23 - 24 - 27 - 28 - 30 - 32 - 33 - 36 - 39 - 40 - 41 - 42 - 44 - 45 - 46 - 48 - 49 - 51 - 52 - 54 - 55 - 57 - 58 - 59 - 61 - 65 - 66 - 67 - 68 - 69 - 71 - 75 - 76 - 77 - 78 - 81 - 83 - 84 - 85 - 87 - 88 - 89 - 91 - 92 - 94 - 99 - 101 - 102 - 103 - 105 - 107 - 108 - 110 - 111 - 112 - 113 - 114 - 115 - 117 - 118 - 119 - 127 - 129 - 130 - 132 - 135 - 136 - 137 - 138 - 139 - 142 - 144 - 145 - 146 - 148 - 149 - 150 - 152 - 155 - 156 - 157 - 161 - 163 - 164 - 167 - 171 - 172 - 175 - 176 - 178 - 179 - 182 - 183 - 185 - 188 - 190 - 191 - 192 - 194 - 196 - 197 - 198 - 199 - 200 - 201 - 202 - 203 - 205 - 206 - 207 - 208 - 211 - 213 - 214 - 216 - 217 - 218 - 219 - 220 - 221 - 222 - 223 - 224 - 230 - 231 - 232 - 233 - 235 - 236 - 237 - 239 - 240 - 241 - 242 - 243 - 244 - 247 - 250 - 251 - 252 - 254 - 257 - 258 - 260 - 264 - 266 - 268 - 269 - 270 - 271 - 272 - 274 - 275 - 276 - 278 - 281 - 282 - 283 - 284 - 286 - 288 - 289 - 290 - 293 - 294 - 295 - 298 - 299 - 300 - 301 - 302 - 303 - 304 - 305 - 306 - 308 - 309 - 310 - 312 - 313 - 314 - 315 - 317 - 319 - 320 - 321 - 323 - 324 - 325 - 326 - 328 - 329 - 332 - 338 - 339 - 340 - 342 - 344 - 347 - 356 - 357 - 358 - 360 - 361 - 362 - 363 - 364 - 365 - 366 - 367 - 371 - 373 - 374 - 375 - 377 - 380 - 381 - 383 - 386 - 387 - 388 - 389 - 390 - 391 - 392 - 393 - 394 - 399 - 400 - 406 - 407 - 408 - 409 - 411 - 413 - 415 - 416 - 417 - 418 - 420 - 422 - 424 - 426 - 427 - 430 - 433 - 435 - 437 - 438 - 439 - 440 - 444 - 445 - 447 - 449 - 450 - 451 - 452 - 458 - 461 - 462 - 463 - 466 - 467 - 474 - 475 - 478 - 479 - 480 - 483 - 484 - 487 - 489 - 490 - 492 - 493 - 494 - 496 - 498,21559280.1,0.1,92195,96567,69.93,Cost: 92195 & Capacity: 96567
0 - 1 - 2 - 5 - 8 - 9 - 10 - 12 - 14 - 15 - 16 - 18 - 20 - 21 - 22 - 23 - 24 - 27 - 28 - 30 - 32 - 33 - 36 - 39 - 40 - 41 - 42 - 44 - 45 - 46 - 48 - 49 - 51 - 52 - 54 - 55 - 57 - 58 - 59 - 61 - 65 - 66 - 67 - 68 - 69 - 71 - 75 - 76 - 77 - 78 - 81 - 83 - 84 - 85 - 87 - 88 - 89 - 91 - 92 - 94 - 99 - 101 - 102 - 103 - 105 - 107 - 108 - 110 - 111 - 112 - 113 - 114 - 115 - 117 - 118 - 119 - 127 - 129 - 130 - 132 - 135 - 136 - 137 - 138 - 139 - 142 - 144 - 145 - 146 - 148 - 149 - 150 - 152 - 155 - 156 - 157 - 161 - 163 - 164 - 167 - 171 - 172 - 175 - 176 - 178 - 179 - 182 - 183 - 185 - 188 - 190 - 191 - 192 - 194 - 196 - 197 - 198 - 199 - 200 - 201 - 202 - 203 - 205 - 206 - 207 - 208 - 211 - 213 - 214 - 216 - 217 - 218 - 219 - 220 - 221 - 222 - 223 - 224 - 230 - 231 - 232 - 233 - 235 - 236 - 237 - 239 - 240 - 241 - 242 - 243 - 244 - 247 - 250 - 251 - 252 - 254 - 257 - 258 - 260 - 264 - 266 - 268 - 269 - 270 - 271 - 272 - 274 - 275 - 276 - 278 - 281 - 282 - 283 - 284 - 286 - 288 - 289 - 290 - 293 - 294 - 295 - 298 - 299 - 300 - 301 - 302 - 303 - 304 - 305 - 306 - 308 - 309 - 310 - 312 - 313 - 314 - 315 - 317 - 319 - 320 - 321 - 323 - 324 - 325 - 326 - 328 - 329 - 332 - 338 - 339 - 340 - 342 - 344 - 347 - 356 - 357 - 358 - 360 - 361 - 362 - 363 - 364 - 365 - 366 - 367 - 371 - 373 - 374 - 375 - 377 - 380 - 381 - 383 - 386 - 387 - 388 - 389 - 390 - 391 - 392 - 393 - 394 - 399 - 400 - 406 - 407 - 408 - 409 - 411 - 413 - 415 - 416 - 417 - 418 - 420 - 422 - 424 - 426 - 427 - 430 - 433 - 435 - 437 - 438 - 439 - 440 - 444 - 445 - 447 - 449 - 450 - 451 - 452 - 458 - 461 - 462 - 463 - 466 - 467 - 474 - 475 - 478 - 479 - 480 - 483 - 484 - 487 - 489 - 490 - 492 - 493 - 494 - 496 - 498,21559280.1,0.1,92195,96567,72.36,Cost: 92195 & Capacity: 96567
0 - 1 - 3 - 6 - 8 - 9 - 15 - 20 - 23 - 31 - 33 - 34 - 36 - 37 - 41 - 42 - 45 - 46 - 47 - 49 - 50 - 51 - 53 - 54 - 55 - 58 - 59 - 61 - 64 - 66 - 69 - 70 - 71 - 76 - 81 - 82 - 83 - 85 - 94 - 97 - 98 - 99 - 105 - 107 - 113 - 114 - 115 - 118 - 120 - 131 - 133 - 135 - 152 - 157 - 161 - 163 - 169 - 176 - 177 - 178 - 181 - 182 - 186 - 197 - 199 - 204 - 206 - 208 - 213 - 214 - 220 - 221 - 227 - 233 - 236 - 238 - 239 - 244 - 245 - 246 - 249 - 250 - 251 - 253 - 255 - 262 - 264 - 268 - 272 - 276 - 279 - 281 - 283 - 284 - 286 - 288 - 290 - 293 - 294 - 299 - 303 - 304 - 305 - 310 - 313 - 317 - 320 - 323 - 332 - 342 - 345 - 347 - 348 - 357 - 360 - 361 - 363 - 365 - 368 - 369 - 378 - 383 - 384 - 387 - 390 - 396 - 398 - 400 - 404 - 407 - 410 - 412 - 413 - 415 - 421 - 422 - 423 - 425 - 431 - 432 - 433 - 435 - 436 - 437 - 439 - 442 - 445 - 446 - 451 - 452 - 453 - 454 - 459 - 464 - 466 - 473 - 474 - 475 - 480 - 486 - 487 - 490 - 491,6762112.8,12.4,92072,76392,73.1,Cost: 92072 & Capacity: 76392
0 - 1 - 2 - 5 - 8 - 9 - 10 - 12 - 14 - 15 - 16 - 18 - 20 - 21 - 22 - 23 - 24 - 27 - 28 - 30 - 32 - 33 - 36 - 39 - 40 - 41 - 42 - 44 - 45 - 46 - 48 - 49 - 51 - 52 - 54 - 55 - 57 - 58 - 59 - 61 - 65 - 66 - 67 - 68 - 69 - 71 - 75 - 76 - 77 - 78 - 81 - 83 - 84 - 85 - 87 - 88 - 89 - 91 - 92 - 94 - 99 - 101 - 102 - 103 - 105 - 107 - 108 - 110 - 111 - 112 - 113 - 114 - 115 - 117 - 118 - 119 - 127 - 129 - 130 - 132 - 135 - 136 - 137 - 138 - 139 - 142 - 144 - 145 - 146 - 148 - 149 - 150 - 152 - 155 - 156 - 157 - 161 - 163 - 164 - 167 - 171 - 172 - 175 - 176 - 178 - 179 - 182 - 183 - 185 - 188 - 190 - 191 - 192 - 194 - 196 - 197 - 198 - 199 - 200 - 201 - 202 - 203 - 205 - 206 - 207 - 208 - 211 - 213 - 214 - 216 - 217 - 218 - 219 - 220 - 221 - 222 - 223 - 224 - 230 - 231 - 232 - 233 - 235 - 236 - 237 - 239 - 240 - 241 - 242 - 243 - 244 - 247 - 250 - 251 - 252 - 254 - 257 - 258 - 260 - 264 - 266 - 268 - 269 - 270 - 271 - 272 - 274 - 275 - 276 - 278 - 281 - 282 - 283 - 284 - 286 - 288 - 289 - 290 - 293 - 294 - 295 - 298 - 299 - 300 - 301 - 302 - 303 - 304 - 305 - 306 - 308 - 309 - 310 - 312 - 313 - 314 - 315 - 317 - 319 - 320 - 321 - 323 - 324 - 325 - 326 - 328 - 329 - 332 - 338 - 339 - 340 - 342 - 344 - 347 - 356 - 357 - 358 - 360 - 361 - 362 - 363 - 364 - 365 - 366 - 367 - 371 - 373 - 374 - 375 - 377 - 380 - 381 - 383 - 386 - 387 - 388 - 389 - 390 - 391 - 392 - 393 - 394 - 399 - 400 - 406 - 407 - 408 - 409 - 411 - 413 - 415 - 416 - 417 - 418 - 420 - 422 - 424 - 426 - 427 - 430 - 433 - 435 - 437 - 438 - 439 - 440 - 444 - 445 - 447 - 449 - 450 - 451 - 452 - 458 - 461 - 462 - 463 - 466 - 467 - 474 - 475 - 478 - 479 - 480 - 483 - 484 - 487 - 489 - 490 - 492 - 493 - 494 - 496 - 498,21559280.1,0.1,92195,96567,74.52,Cost: 92195 & Capacity: 96567
0 - 1 - 2 - 5 - 8 - 9 - 10 - 12 - 14 - 15 - 16 - 18 - 20 - 21 - 22 - 23 - 24 - 27 - 28 - 30 - 31 - 32 - 33 - 36 - 39 - 40 - 41 - 42 - 44 - 45 - 46 - 48 - 49 - 52 - 54 - 55 - 57 - 58 - 59 - 61 - 63 - 65 - 66 - 67 - 68 - 69 - 71 - 75 - 76 - 77 - 78 - 80 - 81 - 83 - 84 - 85 - 87 - 88 - 89 - 91 - 92 - 94 - 99 - 101 - 102 - 103 - 105 - 107 - 110 - 111 - 112 - 113 - 114 - 115 - 117 - 118 - 119 - 125 - 127 - 129 - 130 - 132 - 135 - 137 - 138 - 139 - 142 - 144 - 145 - 146 - 148 - 149 - 150 - 152 - 155 - 156 - 157 - 161 - 163 - 164 - 167 - 171 - 172 - 174 - 175 - 176 - 178 - 179 - 182 - 183 - 185 - 188 - 190 - 191 - 192 - 194 - 196 - 197 - 198 - 199 - 200 - 201 - 202 - 203 - 205 - 206 - 207 - 208 - 211 - 213 - 214 - 216 - 217 - 218 - 219 - 220 - 221 - 222 - 223 - 224 - 230 - 231 - 232 - 233 - 235 - 236 - 237 - 239 - 240 - 241 - 242 - 243 - 244 - 247 - 250 - 251 - 252 - 254 - 257 - 258 - 260 - 264 - 266 - 268 - 269 - 270 - 271 - 272 - 274 - 275 - 276 - 278 - 281 - 282 - 283 - 284 - 286 - 288 - 289 - 290 - 293 - 294 - 295 - 298 - 299 - 300 - 301 - 302 - 303 - 304 - 305 - 306 - 308 - 309 - 310 - 312 - 313 - 314 - 315 - 317 - 319 - 320 - 321 - 323 - 324 - 325 - 326 - 328 - 329 - 332 - 338 - 339 - 340 - 342 - 344 - 347 - 356 - 357 - 358 - 360 - 361 - 362 - 363 - 365 - 366 - 367 - 371 - 373 - 374 - 375 - 377 - 380 - 381 - 383 - 386 - 387 - 388 - 389 - 390 - 391 - 392 - 393 - 394 - 399 - 400 - 406 - 407 - 408 - 409 - 413 - 415 - 416 - 417 - 418 - 420 - 422 - 424 - 426 - 427 - 429 - 430 - 433 - 435 - 437 - 438 - 439 - 440 - 444 - 445 - 447 - 449 - 450 - 452 - 458 - 461 - 462 - 463 - 466 - 467 - 474 - 478 - 479 - 480 - 483 - 484 - 487 - 489 - 490 - 492 - 493 - 496 - 498,21210234.1,0.1,90409,94659,74.76,Cost: 90409 & Capacity: 94659
0 - 1 - 2 - 5 - 8 - 9 - 10 - 12 - 14 - 15 - 16 - 18 - 20 - 21 - 22 - 23 - 24 - 27 - 28 - 30 - 32 - 33 - 36 - 39 - 40 - 41 - 42 - 44 - 45 - 48 - 49 - 52 - 54 - 55 - 57 - 58 - 59 - 61 - 63 - 65 - 66 - 67 - 68 - 69 - 71 - 75 - 76 - 77 - 78 - 80 - 81 - 83 - 84 - 85 - 88 - 89 - 91 - 92 - 94 - 99 - 101 - 102 - 103 - 105 - 107 - 110 - 111 - 112 - 113 - 114 - 115 - 117 - 118 - 119 - 125 - 127 - 129 - 130 - 132 - 135 - 137 - 138 - 139 - 142 - 144 - 145 - 146 - 148 - 149 - 150 - 152 - 155 - 156 - 157 - 161 - 163 - 164 - 167 - 171 - 172 - 174 - 175 - 176 - 178 - 179 - 182 - 183 - 185 - 188 - 190 - 191 - 192 - 194 - 196 - 197 - 198 - 199 - 200 - 202 - 203 - 205 - 206 - 207 - 208 - 211 - 213 - 214 - 216 - 217 - 218 - 219 - 220 - 221 - 222 - 223 - 224 - 230 - 231 - 232 - 233 - 235 - 236 - 237 - 239 - 240 - 241 - 242 - 243 - 244 - 247 - 250 - 251 - 252 - 254 - 257 - 258 - 260 - 264 - 266 - 268 - 269 - 270 - 271 - 272 - 274 - 275 - 276 - 278 - 281 - 282 - 283 - 284 - 286 - 288 - 289 - 290 - 293 - 294 - 295 - 298 - 299 - 300 - 301 - 302 - 303 - 304 - 305 - 306 - 308 - 309 - 310 - 312 - 313 - 314 - 315 - 317 - 319 - 320 - 321 - 323 - 324 - 325 - 326 - 328 - 329 - 332 - 338 - 339 - 340 - 342 - 344 - 347 - 356 - 357 - 358 - 360 - 361 - 362 - 363 - 365 - 366 - 367 - 371 - 373 - 374 - 375 - 377 - 380 - 381 - 383 - 386 - 387 - 388 - 389 - 390 - 391 - 392 - 393 - 394 - 399 - 400 - 406 - 407 - 408 - 409 - 413 - 415 - 416 - 417 - 418 - 420 - 422 - 424 - 426 - 427 - 429 - 430 - 433 - 435 - 437 - 438 - 439 - 440 - 444 - 445 - 447 - 449 - 450 - 452 - 458 - 461 - 462 - 463 - 466 - 467 - 474 - 478 - 479 - 480 - 483 - 484 - 487 - 489 - 490 - 492 - 493 - 496 - 498,20630763.0,0.1,87903,91808,74.77,Cost: 87903 & Capacity: 91808
0 - 1 - 2 - 5 - 8 - 9 - 10 - 12 - 14 - 15 - 16 - 18 - 20 - 21 - 22 - 23 - 24 - 27 - 28 - 30 - 32 - 33 - 36 - 39 - 40 - 41 - 42 - 44 - 45 - 46 - 48 - 49 - 51 - 52 - 54 - 55 - 57 - 58 - 59 - 61 - 65 - 66 - 67 - 68 - 69 - 71 - 75 - 76 - 77 - 78 - 81 - 83 - 84 - 85 - 87 - 88 - 89 - 91 - 92 - 94 - 99 - 101 - 102 - 103 - 105 - 107 - 108 - 110 - 111 - 112 - 113 - 114 - 115 - 117 - 118 - 119 - 127 - 129 - 130 - 132 - 135 - 136 - 137 - 138 - 139 - 142 - 144 - 145 - 146 - 148 - 149 - 150 - 152 - 155 - 156 - 157 - 161 - 163 - 164 - 167 - 171 - 172 - 175 - 176 - 178 - 179 - 182 - 183 - 185 - 188 - 190 - 191 - 192 - 194 - 196 - 197 - 198 - 199 - 200 - 201 - 202 - 203 - 205 - 206 - 207 - 208 - 211 - 213 - 214 - 216 - 217 - 218 - 219 - 220 - 221 - 222 - 223 - 224 - 230 - 231 - 232 - 233 - 235 - 236 - 237 - 239 - 240 - 241 - 242 - 243 - 244 - 247 - 250 - 251 - 252 - 254 - 257 - 258 - 260 - 264 - 266 - 268 - 269 - 270 - 271 - 272 - 274 - 275 - 276 - 278 - 281 - 282 - 283 - 284 - 286 - 288 - 289 - 290 - 293 - 294 - 295 - 298 - 299 - 300 - 301 - 302 - 303 - 304 - 305 - 306 - 308 - 309 - 310 - 312 - 313 - 314 - 315 - 317 - 319 - 320 - 321 - 323 - 324 - 325 - 326 - 328 - 329 - 332 - 338 - 339 - 340 - 342 - 344 - 347 - 356 - 357 - 358 - 360 - 361 - 362 - 363 - 364 - 365 - 366 - 367 - 371 - 373 - 374 - 375 - 377 - 380 - 381 - 383 - 386 - 387 - 388 - 389 - 390 - 391 - 392 - 393 - 394 - 399 - 400 - 406 - 407 - 408 - 409 - 411 - 413 - 415 - 416 - 417 - 418 - 420 - 422 - 424 - 426 - 427 - 430 - 433 - 435 - 437 - 438 - 439 - 440 - 444 - 445 - 447 - 449 - 450 - 451 - 452 - 458 - 461 - 462 - 463 - 466 - 467 - 474 - 475 - 478 - 479 - 480 - 483 - 484 - 487 - 489 - 490 - 492 - 493 - 494 - 496 - 498,21559280.1,0.1,92195,96567,74.91,Cost: 92195 & Capacity: 96567
0 - 1 - 2 - 5 - 8 - 9 - 10 - 12 - 14 - 15 - 16 - 18 - 20 - 21 - 22 - 23 - 24 - 27 - 28 - 30 - 32 - 33 - 36 - 39 - 40 - 41 - 42 - 44 - 45 - 46 - 48 - 49 - 51 - 52 - 54 - 55 - 57 - 58 - 59 - 61 - 65 - 66 - 67 - 68 - 69 - 71 - 75 - 76 - 77 - 78 - 81 - 83 - 84 - 85 - 87 - 88 - 89 - 91 - 92 - 94 - 99 - 101 - 102 - 103 - 105 - 107 - 108 - 110 - 111 - 112 - 113 - 114 - 115 - 117 - 118 - 119 - 127 - 129 - 130 - 132 - 135 - 136 - 137 - 138 - 139 - 142 - 144 - 145 - 146 - 148 - 149 - 150 - 152 - 155 - 156 - 157 - 161 - 163 - 164 - 167 - 171 - 172 - 175 - 176 - 178 - 179 - 182 - 183 - 185 - 188 - 190 - 191 - 192 - 194 - 196 - 197 - 198 - 199 - 200 - 201 - 202 - 203 - 205 - 206 - 207 - 208 - 211 - 213 - 214 - 216 - 217 - 218 - 219 - 220 - 221 - 222 - 223 - 224 - 230 - 231 - 232 - 233 - 235 - 236 - 237 - 239 - 240 - 241 - 242 - 243 - 244 - 247 - 250 - 251 - 252 - 254 - 257 - 258 - 260 - 264 - 266 - 268 - 269 - 270 - 271 - 272 - 274 - 275 - 276 - 278 - 281 - 282 - 283 - 284 - 286 - 288 - 289 - 290 - 293 - 294 - 295 - 298 - 299 - 300 - 301 - 302 - 303 - 304 - 305 - 306 - 308 - 309 - 310 - 312 - 313 - 314 - 315 - 317 - 319 - 320 - 321 - 323 - 324 - 325 - 326 - 328 - 329 - 332 - 338 - 339 - 340 - 342 - 344 - 347 - 356 - 357 - 358 - 360 - 361 - 362 - 363 - 364 - 365 - 366 - 367 - 371 - 373 - 374 - 375 - 377 - 380 - 381 - 383 - 386 - 387 - 388 - 389 - 390 - 391 - 392 - 393 - 394 - 399 - 400 - 406 - 407 - 408 - 409 - 411 - 413 - 415 - 416 - 417 - 418 - 420 - 422 - 424 - 426 - 427 - 430 - 433 - 435 - 437 - 438 - 439 - 440 - 444 - 445 - 447 - 449 - 450 - 451 - 452 - 458 - 461 - 462 - 463 - 466 - 467 - 474 - 475 - 478 - 479 - 480 - 483 - 484 - 487 - 489 - 490 - 492 - 493 - 494 - 496 - 498,21559280.1,0.1,92195,96567,75.12,Cost: 92195 & Capacity: 96567
1 - 3 - 7 - 9 - 16 - 19 - 22 - 27 - 28 - 31 - 32 - 33 - 36 - 37 - 41 - 44 - 45 - 46 - 47 - 49 - 51 - 55 - 57 - 58 - 59 - 67 - 69 - 72 - 75 - 78 - 81 - 82 - 92 - 94 - 97 - 98 - 104 - 110 - 113 - 115 - 118 - 119 - 121 - 122 - 123 - 125 - 127 - 130 - 131 - 136 - 139 - 140 - 155 - 157 - 158 - 169 - 171 - 172 - 176 - 177 - 178 - 179 - 182 - 187 - 190 - 192 - 194 - 195 - 197 - 200 - 204 - 206 - 210 - 213 - 221 - 222 - 223 - 224 - 226 - 229 - 230 - 231 - 233 - 236 - 237 - 239 - 241 - 251 - 257 - 260 - 261 - 262 - 266 - 267 - 268 - 270 - 271 - 272 - 273 - 275 - 280 - 281 - 282 - 285 - 286 - 288 - 294 - 296 - 299 - 300 - 301 - 305 - 307 - 309 - 311 - 313 - 314 - 317 - 323 - 324 - 325 - 328 - 332 - 335 - 338 - 340 - 342 - 345 - 346 - 351 - 358 - 362 - 363 - 364 - 367 - 370 - 371 - 372 - 375 - 377 - 380 - 383 - 384 - 390 - 391 - 393 - 394 - 397 - 399 - 400 - 406 - 407 - 409 - 410 - 411 - 413 - 414 - 416 - 421 - 422 - 424 - 426 - 427 - 433 - 444 - 449 - 450 - 451 - 452 - 453 - 457 - 458 - 464 - 465 - 467 - 468 - 471 - 472 - 474 - 476 - 482 - 484 - 487 - 488 - 490 - 492 - 493 - 494 - 498,9065078.5,9.2,92210,82470,75.48,Cost: 92210 & Capacity: 82470
0 - 1 - 3 - 7 - 9 - 16 - 19 - 22 - 28 - 31 - 32 - 33 - 36 - 41 - 44 - 45 - 46 - 47 - 49 - 51 - 55 - 58 - 59 - 69 - 72 - 75 - 78 - 81 - 82 - 86 - 94 - 97 - 98 - 104 - 110 - 113 - 115 - 116 - 118 - 119 - 122 - 127 - 129 - 130 - 131 - 136 - 137 - 140 - 155 - 157 - 162 - 169 - 171 - 172 - 176 - 177 - 178 - 179 - 182 - 187 - 190 - 192 - 194 - 195 - 197 - 200 - 204 - 206 - 210 - 213 - 221 - 222 - 223 - 224 - 226 - 229 - 230 - 231 - 233 - 236 - 237 - 239 - 240 - 241 - 251 - 257 - 260 - 261 - 262 - 266 - 267 - 268 - 270 - 271 - 272 - 273 - 275 - 280 - 281 - 282 - 285 - 286 - 288 - 294 - 296 - 299 - 300 - 301 - 305 - 307 - 309 - 311 - 313 - 314 - 317 - 323 - 324 - 325 - 328 - 332 - 335 - 338 - 340 - 342 - 345 - 346 - 351 - 358 - 362 - 363 - 364 - 367 - 370 - 371 - 372 - 375 - 377 - 380 - 383 - 384 - 390 - 391 - 393 - 397 - 398 - 399 - 400 - 406 - 407 - 409 - 410 - 411 - 413 - 414 - 416 - 421 - 422 - 424 - 426 - 433 - 444 - 449 - 451 - 452 - 453 - 457 - 458 - 462 - 464 - 465 - 467 - 468 - 471 - 472 - 474 - 476 - 482 - 484 - 487 - 488 - 490 - 492 - 493 - 494 - 498,8713266.8,9.5,92132,82585,75.52,Cost: 92132 & Capacity: 82585
0 - 1 - 2 - 5 - 8 - 9 - 10 - 12 - 14 - 15 - 16 - 18 - 20 - 21 - 22 - 23 - 24 - 27 - 28 - 30 - 32 - 33 - 36 - 39 - 40 - 41 - 42 - 44 - 45 - 48 - 49 - 52 - 54 - 55 - 57 - 58 - 59 - 61 - 63 - 65 - 66 - 67 - 68 - 69 - 71 - 75 - 76 - 77 - 78 - 80 - 81 - 83 - 84 - 85 - 88 - 89 - 91 - 92 - 94 - 99 - 101 - 102 - 103 - 105 - 107 - 110 - 111 - 112 - 113 - 114 - 115 - 117 - 118 - 119 - 125 - 127 - 129 - 130 - 132 - 135 - 137 - 138 - 139 - 142 - 144 - 145 - 146 - 148 - 149 - 150 - 152 - 155 - 156 - 157 - 161 - 163 - 164 - 167 - 171 - 172 - 174 - 175 - 176 - 178 - 179 - 182 - 183 - 185 - 188 - 190 - 191 - 192 - 194 - 196 - 197 - 198 - 199 - 200 - 202 - 203 - 205 - 206 - 207 - 208 - 211 - 213 - 214 - 216 - 217 - 218 - 219 - 220 - 221 - 222 - 223 - 224 - 230 - 231 - 232 - 233 - 235 - 236 - 237 - 239 - 240 - 241 - 242 - 243 - 244 - 247 - 250 - 251 - 252 - 254 - 257 - 258 - 260 - 264 - 266 - 268 - 269 - 270 - 271 - 272 - 274 - 275 - 276 - 278 - 281 - 282 - 283 - 284 - 286 - 288 - 289 - 290 - 293 - 294 - 295 - 298 - 299 - 300 - 301 - 302 - 303 - 304 - 305 - 306 - 308 - 309 - 310 - 312 - 313 - 314 - 315 - 317 - 319 - 320 - 321 - 323 - 324 - 325 - 326 - 328 - 329 - 332 - 338 - 339 - 340 - 342 - 344 - 347 - 356 - 357 - 358 - 360 - 361 - 362 - 363 - 365 - 366 - 367 - 371 - 373 - 374 - 375 - 377 - 380 - 381 - 383 - 386 - 387 - 388 - 389 - 390 - 391 - 392 - 393 - 394 - 399 - 400 - 406 - 407 - 408 - 409 - 413 - 415 - 416 - 417 - 418 - 420 - 422 - 424 - 426 - 427 - 429 - 430 - 433 - 435 - 437 - 438 - 439 - 440 - 444 - 445 - 447 - 449 - 450 - 452 - 458 - 461 - 462 - 463 - 466 - 467 - 474 - 478 - 479 - 480 - 483 - 484 - 487 - 489 - 490 - 492 - 493 - 496 - 498,20630763.0,0.1,87903,91808,75.59,Cost: 87903 & Capacity: 91808
0 - 1 - 2 - 5 - 8 - 9 - 10 - 12 - 14 - 15 - 16 - 18 - 20 - 21 - 22 - 23 - 24 - 27 - 28 - 30 - 32 - 33 - 36 - 39 - 40 - 41 - 42 - 44 - 45 - 46 - 48 - 49 - 51 - 52 - 54 - 55 - 57 - 58 - 59 - 61 - 65 - 66 - 67 - 68 - 69 - 71 - 75 - 76 - 77 - 78 - 81 - 83 - 84 - 85 - 87 - 88 - 89 - 91 - 92 - 94 - 99 - 101 - 102 - 103 - 105 - 107 - 108 - 110 - 111 - 112 - 113 - 114 - 115 - 117 - 118 - 119 - 127 - 129 - 130 - 132 - 135 - 136 - 137 - 138 - 139 - 142 - 144 - 145 - 146 - 148 - 149 - 150 - 152 - 155 - 156 - 157 - 161 - 163 - 164 - 167 - 171 - 172 - 175 - 176 - 178 - 179 - 182 - 183 - 185 - 188 - 190 - 191 - 192 - 194 - 196 - 197 - 198 - 199 - 200 - 201 - 202 - 203 - 205 - 206 - 207 - 208 - 211 - 213 - 214 - 216 - 217 - 218 - 219 - 220 - 221 - 222 - 223 - 224 - 230 - 231 - 232 - 233 - 235 - 236 - 237 - 239 - 240 - 241 - 242 - 243 - 244 - 247 - 250 - 251 - 252 - 254 - 257 - 258 - 260 - 264 - 266 - 268 - 269 - 270 - 271 - 272 - 274 - 275 - 276 - 278 - 281 - 282 - 283 - 284 - 286 - 288 - 289 - 290 - 293 - 294 - 295 - 298 - 299 - 300 - 301 - 302 - 303 - 304 - 305 - 306 - 308 - 309 - 310 - 312 - 313 - 314 - 315 - 317 - 319 - 320 - 321 - 323 - 324 - 325 - 326 - 328 - 329 - 332 - 338 - 339 - 340 - 342 - 344 - 347 - 356 - 357 - 358 - 360 - 361 - 362 - 363 - 364 - 365 - 366 - 367 - 371 - 373 - 374 - 375 - 377 - 380 - 381 - 383 - 386 - 387 - 388 - 389 - 390 - 391 - 392 - 393 - 394 - 399 - 400 - 406 - 407 - 408 - 409 - 411 - 413 - 415 - 416 - 417 - 418 - 420 - 422 - 424 - 426 - 427 - 430 - 433 - 435 - 437 - 438 - 439 - 440 - 444 - 445 - 447 - 449 - 450 - 451 - 452 - 458 - 461 - 462 - 463 - 466 - 467 - 474 - 475 - 478 - 479 - 480 - 483 - 484 - 487 - 489 - 490 - 492 - 493 - 494 - 496 - 498,21559280.1,0.1,92195,96567,75.72,Cost: 92195 & Capacity: 96567
0 - 1 - 2 - 5 - 7 - 8 - 9 - 10 - 12 - 14 - 15 - 16 - 18 - 20 - 21 - 22 - 23 - 24 - 27 - 28 - 30 - 32 - 33 - 36 - 39 - 40 - 41 - 42 - 44 - 45 - 46 - 48 - 49 - 51 - 52 - 54 - 55 - 57 - 58 - 59 - 61 - 65 - 66 - 67 - 68 - 69 - 71 - 75 - 76 - 77 - 78 - 80 - 81 - 84 - 85 - 87 - 88 - 89 - 91 - 92 - 94 - 99 - 101 - 102 - 103 - 105 - 107 - 110 - 111 - 112 - 113 - 114 - 115 - 117 - 118 - 119 - 125 - 127 - 129 - 132 - 135 - 136 - 137 - 138 - 139 - 142 - 144 - 145 - 146 - 148 - 149 - 150 - 152 - 155 - 156 - 157 - 161 - 163 - 164 - 167 - 171 - 172 - 174 - 175 - 176 - 178 - 179 - 182 - 183 - 185 - 188 - 190 - 191 - 192 - 194 - 196 - 197 - 198 - 199 - 200 - 201 - 202 - 203 - 204 - 205 - 206 - 207 - 208 - 211 - 213 - 214 - 216 - 217 - 218 - 219 - 221 - 222 - 223 - 224 - 230 - 231 - 232 - 233 - 235 - 236 - 237 - 239 - 240 - 241 - 242 - 243 - 244 - 247 - 250 - 251 - 252 - 254 - 257 - 258 - 260 - 264 - 266 - 268 - 269 - 270 - 271 - 272 - 274 - 275 - 276 - 278 - 281 - 282 - 283 - 284 - 286 - 289 - 290 - 293 - 294 - 295 - 298 - 299 - 300 - 301 - 302 - 303 - 304 - 305 - 306 - 307 - 308 - 309 - 310 - 314 - 315 - 317 - 319 - 320 - 321 - 323 - 324 - 325 - 326 - 328 - 329 - 332 - 338 - 339 - 340 - 342 - 344 - 347 - 353 - 356 - 357 - 358 - 360 - 361 - 362 - 363 - 364 - 365 - 366 - 367 - 370 - 371 - 373 - 374 - 375 - 377 - 380 - 381 - 383 - 386 - 387 - 388 - 389 - 390 - 391 - 392 - 393 - 394 - 399 - 400 - 406 - 407 - 408 - 409 - 411 - 413 - 415 - 416 - 417 - 418 - 420 - 422 - 424 - 426 - 427 - 430 - 433 - 435 - 437 - 438 - 439 - 440 - 444 - 445 - 447 - 449 - 450 - 452 - 458 - 461 - 462 - 463 - 466 - 467 - 472 - 474 - 475 - 478 - 479 - 480 - 483 - 484 - 487 - 489 - 490 - 492 - 493 - 496 - 498,21595581.0,0.1,92208,96979,77.58,Cost: 92208 & Capacity: 96979
0 - 1 - 2 - 5 - 8 - 9 - 10 - 12 - 14 - 15 - 16 - 18 - 20 - 21 - 22 - 23 - 24 - 27 - 28 - 30 - 32 - 33 - 36 - 39 - 40 - 41 - 42 - 44 - 45 - 46 - 48 - 49 - 51 - 52 - 54 - 55 - 57 - 58 - 59 - 61 - 65 - 66 - 67 - 68 - 69 - 71 - 75 - 76 - 77 - 78 - 81 - 83 - 84 - 85 - 87 - 88 - 89 - 91 - 92 - 94 - 99 - 101 - 102 - 103 - 105 - 107 - 108 - 110 - 111 - 112 - 113 - 114 - 115 - 117 - 118 - 119 - 127 - 129 - 130 - 132 - 135 - 136 - 137 - 138 - 139 - 142 - 144 - 145 - 146 - 148 - 149 - 150 - 152 - 155 - 156 - 157 - 161 - 163 - 164 - 167 - 171 - 172 - 175 - 176 - 178 - 179 - 182 - 183 - 185 - 188 - 190 - 191 - 192 - 194 - 196 - 197 - 198 - 199 - 200 - 201 - 202 - 203 - 205 - 206 - 207 - 208 - 211 - 213 - 214 - 216 - 217 - 218 - 219 - 220 - 221 - 222 - 223 - 224 - 230 - 231 - 232 - 233 - 235 - 236 - 237 - 239 - 240 - 241 - 242 - 243 - 244 - 247 - 250 - 251 - 252 - 254 - 257 - 258 - 260 - 264 - 266 - 268 - 269 - 270 - 271 - 272 - 274 - 275 - 276 - 278 - 281 - 282 - 283 - 284 - 286 - 288 - 289 - 290 - 293 - 294 - 295 - 298 - 299 - 300 - 301 - 302 - 303 - 304 - 305 - 306 - 308 - 309 - 310 - 312 - 313 - 314 - 315 - 317 - 319 - 320 - 321 - 323 - 324 - 325 - 326 - 328 - 329 - 332 - 338 - 339 - 340 - 342 - 344 - 347 - 356 - 357 - 358 - 360 - 361 - 362 - 363 - 364 - 365 - 366 - 367 - 371 - 373 - 374 - 375 - 377 - 380 - 381 - 383 - 386 - 387 - 388 - 389 - 390 - 391 - 392 - 393 - 394 - 399 - 400 - 406 - 407 - 408 - 409 - 411 - 413 - 415 - 416 - 417 - 418 - 420 - 422 - 424 - 426 - 427 - 430 - 433 - 435 - 437 - 438 - 439 - 440 - 444 - 445 - 447 - 449 - 450 - 451 - 452 - 458 - 461 - 462 - 463 - 466 - 467 - 474 - 475 - 478 - 479 - 480 - 483 - 484 - 487 - 489 - 490 - 492 - 493 - 494 - 496 - 498,21559280.1,0.1,92195,96567,77.62,Cost: 92195 & Capacity: 96567
0 - 1 - 2 - 5 - 8 - 9 - 10 - 12 - 14 - 15 - 16 - 18 - 20 - 21 - 22 - 23 - 24 - 27 - 28 - 30 - 32 - 33 - 36 - 39 - 40 - 41 - 42 - 44 - 45 - 46 - 48 - 49 - 51 - 52 - 54 - 55 - 57 - 58 - 59 - 61 - 65 - 66 - 67 - 68 - 69 - 71 - 75 - 76 - 77 - 78 - 81 - 83 - 84 - 85 - 87 - 88 - 89 - 91 - 92 - 94 - 99 - 101 - 102 - 103 - 105 - 107 - 108 - 110 - 111 - 112 - 113 - 114 - 115 - 117 - 118 - 119 - 127 - 129 - 130 - 132 - 135 - 136 - 137 - 138 - 139 - 142 - 144 - 145 - 146 - 148 - 149 - 150 - 152 - 155 - 156 - 157 - 161 - 163 - 164 - 167 - 171 - 172 - 175 - 176 - 178 - 179 - 182 - 183 - 185 - 188 - 190 - 191 - 192 - 194 - 196 - 197 - 198 - 199 - 200 - 201 - 202 - 203 - 205 - 206 - 207 - 208 - 211 - 213 - 214 - 216 - 217 - 218 - 219 - 220 - 221 - 222 - 223 - 224 - 230 - 231 - 232 - 233 - 235 - 236 - 237 - 239 - 240 - 241 - 242 - 243 - 244 - 247 - 250 - 251 - 252 - 254 - 257 - 258 - 260 - 264 - 266 - 268 - 269 - 270 - 271 - 272 - 274 - 275 - 276 - 278 - 281 - 282 - 283 - 284 - 286 - 288 - 289 - 290 - 293 - 294 - 295 - 298 - 299 - 300 - 301 - 302 - 303 - 304 - 305 - 306 - 308 - 309 - 310 - 312 - 313 - 314 - 315 - 317 - 319 - 320 - 321 - 323 - 324 - 325 - 326 - 328 - 329 - 332 - 338 - 339 - 340 - 342 - 344 - 347 - 356 - 357 - 358 - 360 - 361 - 362 - 363 - 364 - 365 - 366 - 367 - 371 - 373 - 374 - 375 - 377 - 380 - 381 - 383 - 386 - 387 - 388 - 389 - 390 - 391 - 392 - 393 - 394 - 399 - 400 - 406 - 407 - 408 - 409 - 411 - 413 - 415 - 416 - 417 - 418 - 420 - 422 - 424 - 426 - 427 - 430 - 433 - 435 - 437 - 438 - 439 - 440 - 444 - 445 - 447 - 449 - 450 - 451 - 452 - 458 - 461 - 462 - 463 - 466 - 467 - 474 - 475 - 478 - 479 - 480 - 483 - 484 - 487 - 489 - 490 - 492 - 493 - 494 - 496 - 498,21559280.1,0.1,92195,96567,77.91,Cost: 92195 & Capacity: 96567
0 - 1 - 2 - 5 - 8 - 9 - 10 - 12 - 14 - 15 - 16 - 18 - 20 - 21 - 22 - 23 - 24 - 27 - 28 - 30 - 32 - 33 - 36 - 39 - 40 - 41 - 42 - 44 - 45 - 46 - 48 - 49 - 51 - 52 - 54 - 55 - 57 - 58 - 59 - 61 - 65 - 66 - 67 - 68 - 69 - 71 - 75 - 76 - 77 - 78 - 81 - 83 - 84 - 85 - 87 - 88 - 89 - 91 - 92 - 94 - 99 - 101 - 102 - 103 - 105 - 107 - 108 - 110 - 111 - 112 - 113 - 114 - 115 - 117 - 118 - 119 - 127 - 129 - 130 - 132 - 135 - 136 - 137 - 138 - 139 - 142 - 144 - 145 - 146 - 148 - 149 - 150 - 152 - 155 - 156 - 157 - 161 - 163 - 164 - 167 - 171 - 172 - 175 - 176 - 178 - 179 - 182 - 183 - 185 - 188 - 190 - 191 - 192 - 194 - 196 - 197 - 198 - 199 - 200 - 201 - 202 - 203 - 205 - 206 - 207 - 208 - 211 - 213 - 214 - 216 - 217 - 218 - 219 - 220 - 221 - 222 - 223 - 224 - 230 - 231 - 232 - 233 - 235 - 236 - 237 - 239 - 240 - 241 - 242 - 243 - 244 - 247 - 250 - 251 - 252 - 254 - 257 - 258 - 260 - 264 - 266 - 268 - 269 - 270 - 271 - 272 - 274 - 275 - 276 - 278 - 281 - 282 - 283 - 284 - 286 - 288 - 289 - 290 - 293 - 294 - 295 - 298 - 299 - 300 - 301 - 302 - 303 - 304 - 305 - 306 - 308 - 309 - 310 - 312 - 313 - 314 - 315 - 317 - 319 - 320 - 321 - 323 - 324 - 325 - 326 - 328 - 329 - 332 - 338 - 339 - 340 - 342 - 344 - 347 - 356 - 357 - 358 - 360 - 361 - 362 - 363 - 364 - 365 - 366 - 367 - 371 - 373 - 374 - 375 - 377 - 380 - 381 - 383 - 386 - 387 - 388 - 389 - 390 - 391 - 392 - 393 - 394 - 399 - 400 - 406 - 407 - 408 - 409 - 411 - 413 - 415 - 416 - 417 - 418 - 420 - 422 - 424 - 426 - 427 - 430 - 433 - 435 - 437 - 438 - 439 - 440 - 444 - 445 - 447 - 449 - 450 - 451 - 452 - 458 - 461 - 462 - 463 - 466 - 467 - 474 - 475 - 478 - 479 - 480 - 483 - 484 - 487 - 489 - 490 - 492 - 493 - 494 - 496 - 498,21559280.1,0.1,92195,96567,78.25,Cost: 92195 & Capacity: 96567
0 - 1 - 2 - 5 - 8 - 9 - 10 - 12 - 14 - 15 - 16 - 18 - 20 - 21 - 22 - 23 - 24 - 27 - 28 - 30 - 32 - 33 - 36 - 39 - 40 - 41 - 42 - 44 - 45 - 46 - 48 - 49 - 51 - 52 - 54 - 55 - 57 - 58 - 59 - 61 - 65 - 66 - 67 - 68 - 69 - 71 - 75 - 76 - 77 - 78 - 81 - 83 - 84 - 85 - 87 - 88 - 89 - 91 - 92 - 94 - 99 - 101 - 102 - 103 - 105 - 107 - 108 - 110 - 111 - 112 - 113 - 114 - 115 - 117 - 118 - 119 - 127 - 129 - 130 - 132 - 135 - 136 - 137 - 138 - 139 - 142 - 144 - 145 - 146 - 148 - 149 - 150 - 152 - 155 - 156 - 157 - 161 - 163 - 164 - 167 - 171 - 172 - 175 - 176 - 178 - 179 - 182 - 183 - 185 - 188 - 190 - 191 - 192 - 194 - 196 - 197 - 198 - 199 - 200 - 201 - 202 - 203 - 205 - 206 - 207 - 208 - 211 - 213 - 214 - 216 - 217 - 218 - 219 - 220 - 221 - 222 - 223 - 224 - 230 - 231 - 232 - 233 - 235 - 236 - 237 - 239 - 240 - 241 - 242 - 243 - 244 - 247 - 250 - 251 - 252 - 254 - 257 - 258 - 260 - 264 - 266 - 268 - 269 - 270 - 271 - 272 - 274 - 275 - 276 - 278 - 281 - 282 - 283 - 284 - 286 - 288 - 289 - 290 - 293 - 294 - 295 - 298 - 299 - 300 - 301 - 302 - 303 - 304 - 305 - 306 - 308 - 309 - 310 - 312 - 313 - 314 - 315 - 317 - 319 - 320 - 321 - 323 - 324 - 325 - 326 - 328 - 329 - 332 - 338 - 339 - 340 - 342 - 344 - 347 - 356 - 357 - 358 - 360 - 361 - 362 - 363 - 364 - 365 - 366 - 367 - 371 - 373 - 374 - 375 - 377 - 380 - 381 - 383 - 386 - 387 - 388 - 389 - 390 - 391 - 392 - 393 - 394 - 399 - 400 - 406 - 407 - 408 - 409 - 411 - 413 - 415 - 416 - 417 - 418 - 420 - 422 - 424 - 426 - 427 - 430 - 433 - 435 - 437 - 438 - 439 - 440 - 444 - 445 - 447 - 449 - 450 - 451 - 452 - 458 - 461 - 462 - 463 - 466 - 467 - 474 - 475 - 478 - 479 - 480 - 483 - 484 - 487 - 489 - 490 - 492 - 493 - 494 - 496 - 498,21559280.1,0.1,92195,96567,78.76,Cost: 92195 & Capacity: 96567
0 - 1 - 2 - 5 - 8 - 9 - 10 - 12 - 14 - 15 - 16 - 18 - 20 - 21 - 22 - 23 - 24 - 27 - 28 - 30 - 32 - 33 - 36 - 39 - 40 - 41 - 42 - 44 - 45 - 48 - 49 - 52 - 54 - 55 - 57 - 58 - 59 - 61 - 63 - 65 - 66 - 67 - 68 - 69 - 71 - 75 - 76 - 77 - 78 - 81 - 83 - 84 - 85 - 88 - 89 - 91 - 92 - 94 - 99 - 101 - 102 - 103 - 105 - 107 - 110 - 111 - 112 - 113 - 114 - 115 - 117 - 118 - 119 - 125 - 127 - 129 - 132 - 135 - 137 - 138 - 139 - 142 - 144 - 145 - 146 - 148 - 149 - 150 - 152 - 155 - 156 - 157 - 161 - 163 - 164 - 167 - 171 - 172 - 174 - 175 - 176 - 178 - 179 - 182 - 183 - 185 - 188 - 190 - 191 - 192 - 194 - 196 - 198 - 199 - 200 - 202 - 203 - 205 - 206 - 207 - 208 - 211 - 213 - 214 - 216 - 217 - 218 - 219 - 221 - 222 - 223 - 224 - 230 - 231 - 232 - 233 - 235 - 236 - 237 - 239 - 240 - 241 - 242 - 243 - 244 - 247 - 250 - 251 - 252 - 254 - 257 - 258 - 260 - 264 - 266 - 268 - 269 - 270 - 271 - 272 - 274 - 275 - 276 - 278 - 281 - 282 - 283 - 284 - 286 - 288 - 289 - 290 - 293 - 294 - 295 - 298 - 299 - 300 - 301 - 302 - 303 - 304 - 305 - 306 - 308 - 309 - 310 - 312 - 313 - 314 - 315 - 317 - 319 - 320 - 321 - 323 - 324 - 325 - 326 - 328 - 329 - 332 - 338 - 339 - 340 - 342 - 344 - 347 - 356 - 357 - 358 - 360 - 361 - 362 - 363 - 365 - 366 - 367 - 371 - 374 - 375 - 377 - 380 - 381 - 383 - 386 - 387 - 388 - 389 - 390 - 391 - 392 - 393 - 394 - 399 - 400 - 406 - 407 - 408 - 409 - 413 - 415 - 416 - 417 - 418 - 420 - 422 - 424 - 426 - 427 - 429 - 430 - 433 - 435 - 437 - 438 - 439 - 440 - 444 - 445 - 447 - 449 - 450 - 452 - 458 - 461 - 462 - 463 - 466 - 467 - 474 - 478 - 479 - 480 - 483 - 484 - 487 - 489 - 490 - 492 - 493 - 496 - 498,19914540.6,0.1,84827,89217,78.72,Cost: 84827 & Capacity: 89217
0 - 1 - 2 - 5 - 8 - 9 - 10 - 12 - 14 - 15 - 16 - 18 - 20 - 21 - 22 - 23 - 24 - 27 - 28 - 30 - 32 - 33 - 36 - 39 - 40 - 41 - 42 - 44 - 45 - 46 - 48 - 49 - 52 - 54 - 55 - 57 - 58 - 59 - 61 - 63 - 65 - 66 - 67 - 68 - 69 - 71 - 75 - 76 - 77 - 78 - 80 - 81 - 83 - 84 - 85 - 88 - 89 - 91 - 92 - 94 - 99 - 101 - 102 - 103 - 105 - 107 - 110 - 111 - 112 - 113 - 114 - 115 - 117 - 118 - 119 - 125 - 127 - 129 - 130 - 132 - 135 - 137 - 138 - 139 - 142 - 144 - 145 - 146 - 148 - 149 - 150 - 152 - 155 - 156 - 157 - 161 - 163 - 164 - 167 - 171 - 172 - 174 - 175 - 176 - 178 - 179 - 182 - 183 - 185 - 188 - 190 - 191 - 192 - 194 - 196 - 197 - 198 - 199 - 200 - 201 - 202 - 203 - 205 - 206 - 207 - 208 - 211 - 213 - 214 - 216 - 217 - 218 - 219 - 220 - 221 - 222 - 223 - 224 - 230 - 231 - 232 - 233 - 235 - 236 - 237 - 239 - 240 - 241 - 242 - 243 - 244 - 247 - 250 - 251 - 252 - 254 - 257 - 258 - 260 - 264 - 266 - 268 - 269 - 270 - 271 - 272 - 274 - 275 - 276 - 278 - 281 - 282 - 283 - 284 - 286 - 288 - 289 - 290 - 293 - 294 - 295 - 298 - 299 - 300 - 301 - 302 - 303 - 304 - 305 - 306 - 308 - 309 - 310 - 312 - 313 - 314 - 315 - 317 - 319 - 320 - 321 - 323 - 324 - 325 - 326 - 328 - 329 - 332 - 338 - 339 - 340 - 342 - 344 - 347 - 356 - 357 - 358 - 360 - 361 - 362 - 363 - 365 - 366 - 367 - 371 - 373 - 374 - 375 - 377 - 380 - 381 - 383 - 386 - 387 - 388 - 389 - 390 - 391 - 392 - 393 - 394 - 399 - 400 - 406 - 407 - 408 - 409 - 413 - 415 - 416 - 417 - 418 - 420 - 422 - 424 - 426 - 427 - 429 - 430 - 433 - 435 - 437 - 438 - 439 - 440 - 444 - 445 - 447 - 449 - 450 - 452 - 458 - 461 - 462 - 463 - 466 - 467 - 474 - 478 - 479 - 480 - 483 - 484 - 487 - 489 - 490 - 492 - 493 - 496 - 498,20915737.8,0.1,89155,93168,78.72,Cost: 89155 & Capacity: 93168
0 - 1 - 3 - 7 - 8 - 14 - 21 - 23 - 24 - 28 - 31 - 32 - 33 - 41 - 44 - 46 - 49 - 50 - 51 - 54 - 55 - 59 - 64 - 68 - 69 - 72 - 74 - 75 - 80 - 81 - 82 - 84 - 85 - 91 - 92 - 94 - 97 - 100 - 103 - 104 - 105 - 107 - 114 - 115 - 116 - 118 - 119 - 121 - 123 - 129 - 131 - 136 - 148 - 152 - 157 - 160 - 163 - 166 - 170 - 171 - 172 - 177 - 178 - 182 - 183 - 184 - 190 - 191 - 192 - 194 - 198 - 200 - 204 - 206 - 207 - 208 - 210 - 211 - 213 - 215 - 216 - 217 - 221 - 223 - 226 - 229 - 230 - 233 - 236 - 239 - 250 - 251 - 256 - 257 - 258 - 260 - 261 - 262 - 266 - 267 - 270 - 271 - 273 - 275 - 280 - 283 - 290 - 292 - 293 - 294 - 296 - 299 - 301 - 305 - 307 - 311 - 313 - 314 - 319 - 321 - 323 - 324 - 325 - 332 - 338 - 342 - 345 - 346 - 347 - 348 - 352 - 354 - 357 - 358 - 362 - 364 - 365 - 371 - 375 - 377 - 380 - 383 - 389 - 390 - 391 - 392 - 393 - 400 - 407 - 409 - 411 - 413 - 419 - 420 - 422 - 424 - 425 - 426 - 431 - 433 - 437 - 442 - 443 - 444 - 445 - 449 - 450 - 452 - 453 - 457 - 458 - 461 - 464 - 465 - 468 - 471 - 472 - 476 - 487 - 488 - 490 - 493 - 494 - 497 - 498,8696754.0,9.8,92015,80628,79.1,Cost: 92015 & Capacity: 80628
0 - 1 - 2 - 5 - 8 - 9 - 10 - 12 - 14 - 15 - 16 - 18 - 20 - 21 - 22 - 23 - 24 - 27 - 28 - 30 - 32 - 33 - 36 - 39 - 40 - 41 - 42 - 44 - 45 - 46 - 48 - 49 - 51 - 52 - 54 - 55 - 57 - 58 - 59 - 61 - 65 - 66 - 67 - 68 - 69 - 71 - 75 - 76 - 77 - 78 - 81 - 83 - 84 - 85 - 87 - 88 - 89 - 91 - 92 - 94 - 99 - 101 - 102 - 103 - 105 - 107 - 108 - 110 - 111 - 112 - 113 - 114 - 115 - 117 - 118 - 119 - 127 - 129 - 130 - 132 - 135 - 136 - 137 - 138 - 139 - 142 - 144 - 145 - 146 - 148 - 149 - 150 - 152 - 155 - 156 - 157 - 161 - 163 - 164 - 167 - 171 - 172 - 175 - 176 - 178 - 179 - 182 - 183 - 185 - 188 - 190 - 191 - 192 - 194 - 196 - 197 - 198 - 199 - 200 - 201 - 202 - 203 - 205 - 206 - 207 - 208 - 211 - 213 - 214 - 216 - 217 - 218 - 219 - 220 - 221 - 222 - 223 - 224 - 230 - 231 - 232 - 233 - 235 - 236 - 237 - 239 - 240 - 241 - 242 - 243 - 244 - 247 - 250 - 251 - 252 - 254 - 257 - 258 - 260 - 264 - 266 - 268 - 269 - 270 - 271 - 272 - 274 - 275 - 276 - 278 - 281 - 282 - 283 - 284 - 286 - 288 - 289 - 290 - 293 - 294 - 295 - 298 - 299 - 300 - 301 - 302 - 303 - 304 - 305 - 306 - 308 - 309 - 310 - 312 - 313 - 314 - 315 - 317 - 319 - 320 - 321 - 323 - 324 - 325 - 326 - 328 - 329 - 332 - 338 - 339 - 340 - 342 - 344 - 347 - 356 - 357 - 358 - 360 - 361 - 362 - 363 - 364 - 365 - 366 - 367 - 371 - 373 - 374 - 375 - 377 - 380 - 381 - 383 - 386 - 387 - 388 - 389 - 390 - 391 - 392 - 393 - 394 - 399 - 400 - 406 - 407 - 408 - 409 - 411 - 413 - 415 - 416 - 417 - 418 - 420 - 422 - 424 - 426 - 427 - 430 - 433 - 435 - 437 - 438 - 439 - 440 - 444 - 445 - 447 - 449 - 450 - 451 - 452 - 458 - 461 - 462 - 463 - 466 - 467 - 474 - 475 - 478 - 479 - 480 - 483 - 484 - 487 - 489 - 490 - 492 - 493 - 494 - 496 - 498,21559280.1,0.1,92195,96567,79.31,Cost: 92195 & Capacity: 96567
2 - 3 - 6 - 12 - 13 - 22 - 23 - 25 - 35 - 43 - 44 - 45 - 46 - 48 - 57 - 63 - 70 - 73 - 78 - 86 - 95 - 96 - 97 - 98 - 100 - 103 - 105 - 106 - 107 - 113 - 114 - 118 - 120 - 121 - 126 - 131 - 134 - 136 - 139 - 140 - 141 - 145 - 157 - 166 - 171 - 173 - 180 - 181 - 182 - 183 - 184 - 185 - 186 - 187 - 191 - 192 - 193 - 197 - 198 - 200 - 201 - 209 - 215 - 220 - 223 - 230 - 233 - 240 - 243 - 249 - 251 - 256 - 262 - 263 - 266 - 269 - 271 - 273 - 278 - 284 - 287 - 290 - 296 - 299 - 311 - 312 - 313 - 316 - 320 - 324 - 330 - 341 - 342 - 346 - 352 - 354 - 356 - 364 - 369 - 376 - 386 - 388 - 390 - 394 - 399 - 401 - 403 - 406 - 410 - 412 - 419 - 420 - 426 - 430 - 431 - 439 - 447 - 453 - 454 - 455 - 458 - 464 - 471 - 481 - 483 - 484 - 486 - 487 - 488 - 491 - 493 - 495 - 498,4557638.0,17.0,91498,75677,79.67,Cost: 91498 & Capacity: 75677
0 - 1 - 3 - 8 - 14 - 16 - 19 - 20 - 21 - 23 - 32 - 33 - 39 - 41 - 42 - 44 - 45 - 46 - 49 - 50 - 51 - 55 - 56 - 58 - 60 - 69 - 71 - 72 - 73 - 76 - 79 - 81 - 84 - 85 - 88 - 91 - 92 - 94 - 96 - 97 - 100 - 105 - 107 - 115 - 116 - 118 - 119 - 120 - 129 - 130 - 131 - 135 - 136 - 139 - 144 - 148 - 149 - 152 - 155 - 157 - 160 - 167 - 169 - 170 - 171 - 172 - 177 - 178 - 190 - 193 - 194 - 198 - 199 - 200 - 202 - 203 - 206 - 209 - 210 - 213 - 214 - 219 - 221 - 223 - 224 - 226 - 230 - 231 - 233 - 236 - 237 - 239 - 240 - 241 - 244 - 248 - 250 - 251 - 252 - 256 - 257 - 258 - 260 - 261 - 262 - 267 - 268 - 272 - 273 - 276 - 278 - 283 - 284 - 288 - 289 - 293 - 294 - 295 - 296 - 299 - 303 - 309 - 310 - 313 - 314 - 319 - 323 - 324 - 328 - 332 - 335 - 338 - 343 - 346 - 347 - 348 - 356 - 357 - 360 - 362 - 363 - 364 - 365 - 367 - 369 - 375 - 377 - 380 - 383 - 386 - 387 - 390 - 391 - 392 - 393 - 397 - 400 - 409 - 411 - 412 - 413 - 419 - 420 - 421 - 422 - 424 - 425 - 426 - 433 - 438 - 439 - 441 - 442 - 448 - 450 - 453 - 454 - 457 - 458 - 461 - 462 - 464 - 465 - 469 - 471 - 473 - 479 - 484 - 487 - 488 - 489 - 490 - 492 - 493 - 494 - 498,9744148.2,7.2,92206,81691,79.79,Cost: 92206 & Capacity: 81691
0 - 3 - 13 - 15 - 18 - 22 - 23 - 30 - 33 - 40 - 41 - 45 - 50 - 51 - 52 - 58 - 59 - 69 - 73 - 75 - 78 - 81 - 82 - 84 - 86 - 92 - 97 - 98 - 99 - 112 - 116 - 118 - 119 - 120 - 122 - 123 - 127 - 129 - 130 - 131 - 135 - 136 - 143 - 150 - 152 - 157 - 162 - 163 - 166 - 169 - 170 - 172 - 173 - 174 - 176 - 177 - 178 - 179 - 182 - 183 - 191 - 192 - 193 - 194 - 195 - 197 - 199 - 200 - 201 - 204 - 208 - 210 - 211 - 213 - 219 - 221 - 223 - 229 - 230 - 231 - 233 - 234 - 236 - 239 - 240 - 251 - 252 - 253 - 254 - 255 - 257 - 260 - 261 - 262 - 264 - 267 - 268 - 270 - 271 - 272 - 285 - 286 - 294 - 298 - 299 - 305 - 308 - 310 - 311 - 314 - 315 - 319 - 323 - 334 - 335 - 338 - 345 - 346 - 352 - 353 - 357 - 358 - 361 - 362 - 363 - 364 - 366 - 369 - 370 - 372 - 375 - 377 - 379 - 383 - 384 - 386 - 390 - 397 - 398 - 400 - 406 - 411 - 412 - 413 - 416 - 418 - 422 - 424 - 433 - 437 - 438 - 439 - 442 - 444 - 449 - 451 - 453 - 454 - 455 - 456 - 458 - 460 - 465 - 471 - 472 - 473 - 482 - 487 - 488 - 489 - 490 - 491 - 493 - 494,7871780.1,10.3,92151,83965,80.3,Cost: 92151 & Capacity: 83965
0 - 1 - 2 - 5 - 8 - 9 - 10 - 12 - 14 - 15 - 16 - 18 - 20 - 21 - 22 - 23 - 24 - 27 - 28 - 30 - 32 - 33 - 36 - 39 - 40 - 41 - 42 - 44 - 45 - 46 - 48 - 49 - 51 - 52 - 54 - 55 - 57 - 58 - 59 - 61 - 65 - 66 - 67 - 68 - 69 - 71 - 75 - 76 - 77 - 78 - 81 - 83 - 84 - 85 - 87 - 88 - 89 - 91 - 92 - 94 - 99 - 101 - 102 - 103 - 105 - 107 - 108 - 110 - 111 - 112 - 113 - 114 - 115 - 117 - 118 - 119 - 127 - 129 - 130 - 132 - 135 - 136 - 137 - 138 - 139 - 142 - 144 - 145 - 146 - 148 - 149 - 150 - 152 - 155 - 156 - 157 - 161 - 163 - 164 - 167 - 171 - 172 - 175 - 176 - 178 - 179 - 182 - 183 - 185 - 188 - 190 - 191 - 192 - 194 - 196 - 197 - 198 - 199 - 200 - 201 - 202 - 203 - 205 - 206 - 207 - 208 - 211 - 213 - 214 - 216 - 217 - 218 - 219 - 220 - 221 - 222 - 223 - 224 - 230 - 231 - 232 - 233 - 235 - 236 - 237 - 239 - 240 - 241 - 242 - 243 - 244 - 247 - 250 - 251 - 252 - 254 - 257 - 258 - 260 - 264 - 266 - 268 - 269 - 270 - 271 - 272 - 274 - 275 - 276 - 278 - 281 - 282 - 283 - 284 - 286 - 288 - 289 - 290 - 293 - 294 - 295 - 298 - 299 - 300 - 301 - 302 - 303 - 304 - 305 - 306 - 308 - 309 - 310 - 312 - 313 - 314 - 315 - 317 - 319 - 320 - 321 - 323 - 324 - 325 - 326 - 328 - 329 - 332 - 338 - 339 - 340 - 342 - 344 - 347 - 356 - 357 - 358 - 360 - 361 - 362 - 363 - 364 - 365 - 366 - 367 - 371 - 373 - 374 - 375 - 377 - 380 - 381 - 383 - 386 - 387 - 388 - 389 - 390 - 391 - 392 - 393 - 394 - 399 - 400 - 406 - 407 - 408 - 409 - 411 - 413 - 415 - 416 - 417 - 418 - 420 - 422 - 424 - 426 - 427 - 430 - 433 - 435 - 437 - 438 - 439 - 440 - 444 - 445 - 447 - 449 - 450 - 451 - 452 - 458 - 461 - 462 - 463 - 466 - 467 - 474 - 475 - 478 - 479 - 480 - 483 - 484 - 487 - 489 - 490 - 492 - 493 - 494 - 496 - 498,21559280.1,0.1,92195,96567,80.59,Cost: 92195 & Capacity: 96567
0 - 1 - 2 - 5 - 8 - 9 - 10 - 12 - 14 - 15 - 16 - 18 - 20 - 21 - 22 - 23 - 24 - 27 - 28 - 30 - 32 - 33 - 36 - 39 - 40 - 41 - 42 - 44 - 45 - 46 - 48 - 49 - 51 - 52 - 54 - 55 - 57 - 58 - 59 - 61 - 65 - 66 - 67 - 68 - 69 - 71 - 75 - 76 - 77 - 78 - 81 - 83 - 84 - 85 - 87 - 88 - 89 - 91 - 92 - 94 - 99 - 101 - 102 - 103 - 105 - 107 - 108 - 110 - 111 - 112 - 113 - 114 - 115 - 117 - 118 - 119 - 127 - 129 - 130 - 132 - 135 - 136 - 137 - 138 - 139 - 142 - 144 - 145 - 146 - 148 - 149 - 150 - 152 - 155 - 156 - 157 - 161 - 163 - 164 - 167 - 171 - 172 - 175 - 176 - 178 - 179 - 182 - 183 - 185 - 188 - 190 - 191 - 192 - 194 - 196 - 197 - 198 - 199 - 200 - 201 - 202 - 203 - 205 - 206 - 207 - 208 - 211 - 213 - 214 - 216 - 217 - 218 - 219 - 220 - 221 - 222 - 223 - 224 - 230 - 231 - 232 - 233 - 235 - 236 - 237 - 239 - 240 - 241 - 242 - 243 - 244 - 247 - 250 - 251 - 252 - 254 - 257 - 258 - 260 - 264 - 266 - 268 - 269 - 270 - 271 - 272 - 274 - 275 - 276 - 278 - 281 - 282 - 283 - 284 - 286 - 288 - 289 - 290 - 293 - 294 - 295 - 298 - 299 - 300 - 301 - 302 - 303 - 304 - 305 - 306 - 308 - 309 - 310 - 312 - 313 - 314 - 315 - 317 - 319 - 320 - 321 - 323 - 324 - 325 - 326 - 328 - 329 - 332 - 338 - 339 - 340 - 342 - 344 - 347 - 356 - 357 - 358 - 360 - 361 - 362 - 363 - 364 - 365 - 366 - 367 - 371 - 373 - 374 - 375 - 377 - 380 - 381 - 383 - 386 - 387 - 388 - 389 - 390 - 391 - 392 - 393 - 394 - 399 - 400 - 406 - 407 - 408 - 409 - 411 - 413 - 415 - 416 - 417 - 418 - 420 - 422 - 424 - 426 - 427 - 430 - 433 - 435 - 437 - 438 - 439 - 440 - 444 - 445 - 447 - 449 - 450 - 451 - 452 - 458 - 461 - 462 - 463 - 466 - 467 - 474 - 475 - 478 - 479 - 480 - 483 - 484 - 487 - 489 - 490 - 492 - 493 - 494 - 496 - 498,21559280.1,0.1,92195,96567,81.24,Cost: 92195 & Capacity: 96567
0 - 1 - 2 - 5 - 8 - 9 - 10 - 12 - 14 - 15 - 16 - 18 - 20 - 21 - 22 - 23 - 24 - 27 - 28 - 30 - 31 - 32 - 33 - 36 - 39 - 40 - 41 - 42 - 44 - 45 - 46 - 48 - 49 - 52 - 54 - 55 - 57 - 58 - 59 - 61 - 63 - 65 - 66 - 67 - 68 - 69 - 71 - 75 - 76 - 77 - 78 - 80 - 81 - 83 - 84 - 85 - 88 - 89 - 91 - 92 - 94 - 99 - 101 - 102 - 103 - 105 - 107 - 110 - 111 - 112 - 113 - 114 - 115 - 117 - 118 - 119 - 125 - 127 - 129 - 130 - 132 - 135 - 137 - 138 - 139 - 142 - 144 - 145 - 146 - 148 - 149 - 150 - 152 - 155 - 156 - 157 - 161 - 163 - 164 - 167 - 171 - 172 - 174 - 175 - 176 - 178 - 179 - 182 - 183 - 185 - 188 - 190 - 191 - 192 - 194 - 196 - 197 - 198 - 199 - 200 - 201 - 202 - 203 - 205 - 206 - 207 - 208 - 211 - 213 - 214 - 216 - 217 - 218 - 219 - 220 - 221 - 222 - 223 - 224 - 230 - 231 - 232 - 233 - 235 - 236 - 237 - 239 - 240 - 241 - 242 - 243 - 244 - 247 - 250 - 251 - 252 - 254 - 257 - 258 - 260 - 264 - 266 - 268 - 269 - 270 - 271 - 272 - 274 - 275 - 276 - 278 - 281 - 282 - 283 - 284 - 286 - 288 - 289 - 290 - 293 - 294 - 295 - 298 - 299 - 300 - 301 - 302 - 303 - 304 - 305 - 306 - 308 - 309 - 310 - 312 - 313 - 314 - 315 - 317 - 319 - 320 - 321 - 323 - 324 - 325 - 326 - 328 - 329 - 332 - 338 - 339 - 340 - 342 - 344 - 347 - 356 - 357 - 358 - 360 - 361 - 362 - 363 - 365 - 366 - 367 - 371 - 373 - 374 - 375 - 377 - 380 - 381 - 383 - 386 - 387 - 388 - 389 - 390 - 391 - 392 - 393 - 394 - 399 - 400 - 406 - 407 - 408 - 409 - 413 - 415 - 416 - 417 - 418 - 420 - 422 - 424 - 426 - 427 - 429 - 430 - 433 - 435 - 437 - 438 - 439 - 440 - 444 - 445 - 447 - 449 - 450 - 452 - 458 - 461 - 462 - 463 - 466 - 467 - 474 - 478 - 479 - 480 - 483 - 484 - 487 - 489 - 490 - 492 - 493 - 496 - 498,21056447.3,0.1,89780,94010,81.65,Cost: 89780 & Capacity: 94010
0 - 1 - 2 - 5 - 8 - 9 - 10 - 12 - 14 - 15 - 16 - 18 - 20 - 21 - 22 - 23 - 24 - 27 - 28 - 30 - 32 - 33 - 36 - 39 - 40 - 41 - 42 - 44 - 45 - 46 - 48 - 49 - 51 - 52 - 54 - 55 - 57 - 58 - 59 - 61 - 65 - 66 - 67 - 68 - 69 - 71 - 75 - 76 - 77 - 78 - 81 - 83 - 84 - 85 - 87 - 88 - 89 - 91 - 92 - 94 - 99 - 101 - 102 - 103 - 105 - 107 - 108 - 110 - 111 - 112 - 113 - 114 - 115 - 117 - 118 - 119 - 127 - 129 - 130 - 132 - 135 - 136 - 137 - 138 - 139 - 142 - 144 - 145 - 146 - 148 - 149 - 150 - 152 - 155 - 156 - 157 - 161 - 163 - 164 - 167 - 171 - 172 - 175 - 176 - 178 - 179 - 182 - 183 - 185 - 188 - 190 - 191 - 192 - 194 - 196 - 197 - 198 - 199 - 200 - 201 - 202 - 203 - 205 - 206 - 207 - 208 - 211 - 213 - 214 - 216 - 217 - 218 - 219 - 220 - 221 - 222 - 223 - 224 - 230 - 231 - 232 - 233 - 235 - 236 - 237 - 239 - 240 - 241 - 242 - 243 - 244 - 247 - 250 - 251 - 252 - 254 - 257 - 258 - 260 - 264 - 266 - 268 - 269 - 270 - 271 - 272 - 274 - 275 - 276 - 278 - 281 - 282 - 283 - 284 - 286 - 288 - 289 - 290 - 293 - 294 - 295 - 298 - 299 - 300 - 301 - 302 - 303 - 304 - 305 - 306 - 308 - 309 - 310 - 312 - 313 - 314 - 315 - 317 - 319 - 320 - 321 - 323 - 324 - 325 - 326 - 328 - 329 - 332 - 338 - 339 - 340 - 342 - 344 - 347 - 356 - 357 - 358 - 360 - 361 - 362 - 363 - 364 - 365 - 366 - 367 - 371 - 373 - 374 - 375 - 377 - 380 - 381 - 383 - 386 - 387 - 388 - 389 - 390 - 391 - 392 - 393 - 394 - 399 - 400 - 406 - 407 - 408 - 409 - 411 - 413 - 415 - 416 - 417 - 418 - 420 - 422 - 424 - 426 - 427 - 430 - 433 - 435 - 437 - 438 - 439 - 440 - 444 - 445 - 447 - 449 - 450 - 451 - 452 - 458 - 461 - 462 - 463 - 466 - 467 - 474 - 475 - 478 - 479 - 480 - 483 - 484 - 487 - 489 - 490 - 492 - 493 - 494 - 496 - 498,21559280.1,0.1,92195,96567,81.79,Cost: 92195 & Capacity: 96567
0 - 1 - 2 - 5 - 8 - 9 - 10 - 12 - 14 - 15 - 16 - 18 - 20 - 21 - 22 - 23 - 24 - 27 - 28 - 30 - 32 - 33 - 36 - 39 - 40 - 41 - 42 - 44 - 45 - 46 - 48 - 49 - 51 - 52 - 54 - 55 - 57 - 58 - 59 - 61 - 65 - 66 - 67 - 68 - 69 - 71 - 75 - 76 - 77 - 78 - 81 - 83 - 84 - 85 - 87 - 88 - 89 - 91 - 92 - 94 - 99 - 101 - 102 - 103 - 105 - 107 - 108 - 110 - 111 - 112 - 113 - 114 - 115 - 117 - 118 - 119 - 127 - 129 - 130 - 132 - 135 - 136 - 137 - 138 - 139 - 142 - 144 - 145 - 146 - 148 - 149 - 150 - 152 - 155 - 156 - 157 - 161 - 163 - 164 - 167 - 171 - 172 - 175 - 176 - 178 - 179 - 182 - 183 - 185 - 188 - 190 - 191 - 192 - 194 - 196 - 197 - 198 - 199 - 200 - 201 - 202 - 203 - 205 - 206 - 207 - 208 - 211 - 213 - 214 - 216 - 217 - 218 - 219 - 220 - 221 - 222 - 223 - 224 - 230 - 231 - 232 - 233 - 235 - 236 - 237 - 239 - 240 - 241 - 242 - 243 - 244 - 247 - 250 - 251 - 252 - 254 - 257 - 258 - 260 - 264 - 266 - 268 - 269 - 270 - 271 - 272 - 274 - 275 - 276 - 278 - 281 - 282 - 283 - 284 - 286 - 288 - 289 - 290 - 293 - 294 - 295 - 298 - 299 - 300 - 301 - 302 - 303 - 304 - 305 - 306 - 308 - 309 - 310 - 312 - 313 - 314 - 315 - 317 - 319 - 320 - 321 - 323 - 324 - 325 - 326 - 328 - 329 - 332 - 338 - 339 - 340 - 342 - 344 - 347 - 356 - 357 - 358 - 360 - 361 - 362 - 363 - 364 - 365 - 366 - 367 - 371 - 373 - 374 - 375 - 377 - 380 - 381 - 383 - 386 - 387 - 388 - 389 - 390 - 391 - 392 - 393 - 394 - 399 - 400 - 406 - 407 - 408 - 409 - 411 - 413 - 415 - 416 - 417 - 418 - 420 - 422 - 424 - 426 - 427 - 430 - 433 - 435 - 437 - 438 - 439 - 440 - 444 - 445 - 447 - 449 - 450 - 451 - 452 - 458 - 461 - 462 - 463 - 466 - 467 - 474 - 475 - 478 - 479 - 480 - 483 - 484 - 487 - 489 - 490 - 492 - 493 - 494 - 496 - 498,21559280.1,0.1,92195,96567,82.69,Cost: 92195 & Capacity: 96567
0 - 1 - 2 - 5 - 8 - 9 - 10 - 12 - 14 - 15 - 16 - 18 - 20 - 21 - 22 - 23 - 24 - 27 - 28 - 30 - 32 - 33 - 36 - 40 - 41 - 42 - 44 - 45 - 48 - 49 - 52 - 54 - 55 - 57 - 58 - 59 - 61 - 63 - 65 - 66 - 67 - 68 - 69 - 71 - 75 - 76 - 77 - 78 - 81 - 83 - 84 - 85 - 88 - 89 - 91 - 92 - 94 - 99 - 101 - 102 - 103 - 105 - 107 - 110 - 111 - 112 - 113 - 114 - 115 - 117 - 118 - 119 - 125 - 127 - 129 - 132 - 135 - 137 - 138 - 139 - 142 - 144 - 145 - 146 - 148 - 149 - 150 - 152 - 155 - 156 - 157 - 161 - 163 - 164 - 167 - 171 - 172 - 174 - 175 - 176 - 178 - 179 - 182 - 183 - 185 - 188 - 190 - 191 - 192 - 194 - 196 - 197 - 198 - 199 - 200 - 202 - 203 - 205 - 206 - 207 - 208 - 211 - 213 - 214 - 216 - 217 - 218 - 219 - 220 - 221 - 222 - 223 - 224 - 230 - 231 - 232 - 233 - 235 - 236 - 237 - 239 - 240 - 241 - 242 - 243 - 244 - 247 - 250 - 251 - 252 - 254 - 257 - 258 - 260 - 264 - 266 - 268 - 269 - 270 - 271 - 272 - 274 - 275 - 276 - 278 - 281 - 282 - 283 - 284 - 286 - 288 - 289 - 290 - 293 - 294 - 295 - 298 - 299 - 300 - 301 - 302 - 303 - 304 - 305 - 306 - 308 - 309 - 310 - 312 - 313 - 314 - 315 - 317 - 319 - 320 - 321 - 323 - 324 - 325 - 326 - 328 - 329 - 332 - 338 - 339 - 340 - 342 - 344 - 347 - 356 - 357 - 358 - 360 - 361 - 362 - 363 - 365 - 366 - 367 - 371 - 373 - 374 - 375 - 377 - 380 - 381 - 383 - 386 - 387 - 388 - 389 - 390 - 391 - 392 - 393 - 394 - 399 - 400 - 406 - 407 - 408 - 409 - 413 - 415 - 416 - 417 - 418 - 420 - 422 - 424 - 426 - 427 - 429 - 430 - 433 - 435 - 437 - 438 - 439 - 440 - 444 - 445 - 447 - 449 - 450 - 452 - 458 - 461 - 462 - 463 - 466 - 467 - 474 - 478 - 479 - 480 - 483 - 484 - 487 - 489 - 490 - 492 - 493 - 496 - 498,20203989.2,0.1,86060,90469,82.64,Cost: 86060 & Capacity: 90469
0 - 1 - 2 - 5 - 8 - 9 - 10 - 12 - 14 - 15 - 16 - 18 - 20 - 21 - 22 - 23 - 24 - 27 - 28 - 30 - 32 - 33 - 36 - 39 - 40 - 41 - 42 - 44 - 45 - 48 - 49 - 52 - 54 - 55 - 57 - 58 - 59 - 61 - 63 - 65 - 66 - 67 - 68 - 69 - 71 - 75 - 76 - 77 - 78 - 81 - 83 - 84 - 85 - 88 - 89 - 91 - 92 - 94 - 99 - 101 - 102 - 103 - 105 - 107 - 110 - 111 - 112 - 113 - 114 - 115 - 117 - 118 - 119 - 125 - 127 - 129 - 132 - 135 - 137 - 138 - 139 - 142 - 144 - 145 - 146 - 148 - 149 - 150 - 152 - 155 - 156 - 157 - 161 - 163 - 164 - 167 - 171 - 172 - 174 - 175 - 176 - 178 - 179 - 182 - 183 - 185 - 188 - 190 - 191 - 192 - 194 - 196 - 197 - 198 - 199 - 200 - 202 - 203 - 205 - 206 - 207 - 208 - 211 - 213 - 214 - 216 - 217 - 218 - 219 - 220 - 221 - 222 - 223 - 224 - 230 - 231 - 232 - 233 - 235 - 236 - 237 - 239 - 240 - 241 - 242 - 243 - 244 - 247 - 250 - 251 - 252 - 254 - 257 - 258 - 260 - 264 - 266 - 268 - 269 - 270 - 271 - 272 - 274 - 275 - 276 - 278 - 281 - 282 - 283 - 284 - 286 - 288 - 289 - 290 - 293 - 294 - 295 - 298 - 299 - 300 - 301 - 302 - 303 - 304 - 305 - 306 - 308 - 309 - 310 - 312 - 313 - 314 - 315 - 317 - 319 - 320 - 321 - 323 - 324 - 325 - 326 - 328 - 329 - 332 - 338 - 339 - 340 - 342 - 344 - 347 - 356 - 357 - 358 - 360 - 361 - 362 - 363 - 365 - 366 - 367 - 371 - 373 - 374 - 375 - 377 - 380 - 381 - 383 - 386 - 387 - 388 - 389 - 390 - 391 - 392 - 393 - 394 - 399 - 400 - 406 - 407 - 408 - 409 - 413 - 415 - 416 - 417 - 418 - 420 - 422 - 424 - 426 - 427 - 429 - 430 - 433 - 435 - 437 - 438 - 439 - 440 - 444 - 445 - 447 - 449 - 450 - 452 - 458 - 461 - 462 - 463 - 466 - 467 - 474 - 478 - 479 - 480 - 483 - 484 - 487 - 489 - 490 - 492 - 493 - 496 - 498,20346822.3,0.1,86669,91006,82.64,Cost: 86669 & Capacity: 91006
0 - 1 - 2 - 5 - 8 - 9 - 10 - 12 - 14 - 15 - 16 - 18 - 20 - 21 - 22 - 23 - 24 - 27 - 28 - 30 - 32 - 33 - 36 - 39 - 40 - 41 - 42 - 44 - 45 - 48 - 49 - 52 - 54 - 55 - 57 - 58 - 59 - 61 - 63 - 65 - 66 - 67 - 68 - 69 - 71 - 75 - 76 - 77 - 78 - 80 - 81 - 83 - 84 - 85 - 88 - 89 - 91 - 92 - 94 - 99 - 101 - 102 - 103 - 105 - 107 - 110 - 111 - 112 - 113 - 114 - 115 - 117 - 118 - 119 - 125 - 127 - 129 - 132 - 135 - 137 - 138 - 139 - 142 - 144 - 145 - 146 - 148 - 149 - 150 - 152 - 155 - 156 - 157 - 161 - 163 - 164 - 167 - 171 - 172 - 174 - 175 - 176 - 178 - 179 - 182 - 183 - 185 - 188 - 190 - 191 - 192 - 194 - 196 - 197 - 198 - 199 - 200 - 202 - 203 - 205 - 206 - 207 - 208 - 211 - 213 - 214 - 216 - 217 - 218 - 219 - 220 - 221 - 222 - 223 - 224 - 230 - 231 - 232 - 233 - 235 - 236 - 237 - 239 - 240 - 241 - 242 - 243 - 244 - 247 - 250 - 251 - 252 - 254 - 257 - 258 - 260 - 264 - 266 - 268 - 269 - 270 - 271 - 272 - 274 - 275 - 276 - 278 - 281 - 282 - 283 - 284 - 286 - 288 - 289 - 290 - 293 - 294 - 295 - 298 - 299 - 300 - 301 - 302 - 303 - 304 - 305 - 306 - 308 - 309 - 310 - 312 - 313 - 314 - 315 - 317 - 319 - 320 - 321 - 323 - 324 - 325 - 326 - 328 - 329 - 332 - 338 - 339 - 340 - 342 - 344 - 347 - 356 - 357 - 358 - 360 - 361 - 362 - 363 - 365 - 366 - 367 - 371 - 373 - 374 - 375 - 377 - 380 - 381 - 383 - 386 - 387 - 388 - 389 - 390 - 391 - 392 - 393 - 394 - 399 - 400 - 406 - 407 - 408 - 409 - 413 - 415 - 416 - 417 - 418 - 420 - 422 - 424 - 426 - 427 - 429 - 430 - 433 - 435 - 437 - 438 - 439 - 440 - 444 - 445 - 447 - 449 - 450 - 452 - 458 - 461 - 462 - 463 - 466 - 467 - 474 - 478 - 479 - 480 - 483 - 484 - 487 - 489 - 490 - 492 - 493 - 496 - 498,20490870.7,0.1,87281,91349,82.64,Cost: 87281 & Capacity: 91349
0 - 1 - 2 - 5 - 8 - 9 - 10 - 12 - 14 - 15 - 16 - 18 - 20 - 21 - 22 - 23 - 24 - 27 - 28 - 30 - 31 - 32 - 33 - 36 - 39 - 40 - 41 - 42 - 44 - 45 - 48 - 49 - 52 - 54 - 55 - 57 - 58 - 59 - 61 - 63 - 65 - 66 - 67 - 68 - 69 - 71 - 75 - 76 - 77 - 78 - 80 - 81 - 83 - 84 - 85 - 88 - 89 - 91 - 92 - 94 - 99 - 101 - 102 - 103 - 105 - 107 - 110 - 111 - 112 - 113 - 114 - 115 - 117 - 118 - 119 - 125 - 127 - 129 - 130 - 132 - 135 - 137 - 138 - 139 - 142 - 144 - 145 - 146 - 148 - 149 - 150 - 152 - 155 - 156 - 157 - 161 - 163 - 164 - 167 - 171 - 172 - 174 - 175 - 176 - 178 - 179 - 182 - 183 - 185 - 188 - 190 - 191 - 192 - 194 - 196 - 197 - 198 - 199 - 200 - 201 - 202 - 203 - 205 - 206 - 207 - 208 - 211 - 213 - 214 - 216 - 217 - 218 - 219 - 220 - 221 - 222 - 223 - 224 - 230 - 231 - 232 - 233 - 235 - 236 - 237 - 239 - 240 - 241 - 242 - 243 - 244 - 247 - 250 - 251 - 252 - 254 - 257 - 258 - 260 - 264 - 266 - 268 - 269 - 270 - 271 - 272 - 274 - 275 - 276 - 278 - 281 - 282 - 283 - 284 - 286 - 288 - 289 - 290 - 293 - 294 - 295 - 298 - 299 - 300 - 301 - 302 - 303 - 304 - 305 - 306 - 308 - 309 - 310 - 312 - 313 - 314 - 315 - 317 - 319 - 320 - 321 - 323 - 324 - 325 - 326 - 328 - 329 - 332 - 338 - 339 - 340 - 342 - 344 - 347 - 356 - 357 - 358 - 360 - 361 - 362 - 363 - 365 - 366 - 367 - 371 - 373 - 374 - 375 - 377 - 380 - 381 - 383 - 386 - 387 - 388 - 389 - 390 - 391 - 392 - 393 - 394 - 399 - 400 - 406 - 407 - 408 - 409 - 413 - 415 - 416 - 417 - 418 - 420 - 422 - 424 - 426 - 427 - 429 - 430 - 433 - 435 - 437 - 438 - 439 - 440 - 444 - 445 - 447 - 449 - 450 - 452 - 458 - 461 - 462 - 463 - 466 - 467 - 474 - 478 - 479 - 480 - 483 - 484 - 487 - 489 - 490 - 492 - 493 - 496 - 498,20915487.4,0.1,89152,93596,82.64,Cost: 89152 & Capacity: 93596
0 - 1 - 2 - 5 - 8 - 9 - 10 - 12 - 14 - 15 - 16 - 18 - 20 - 21 - 22 - 23 - 24 - 27 - 28 - 30 - 32 - 33 - 36 - 39 - 40 - 41 - 42 - 44 - 45 - 46 - 48 - 49 - 51 - 52 - 54 - 55 - 57 - 58 - 59 - 61 - 65 - 66 - 67 - 68 - 69 - 71 - 75 - 76 - 77 - 78 - 81 - 83 - 84 - 85 - 87 - 88 - 89 - 91 - 92 - 94 - 99 - 101 - 102 - 103 - 105 - 107 - 108 - 110 - 111 - 112 - 113 - 114 - 115 - 117 - 118 - 119 - 127 - 129 - 130 - 132 - 135 - 136 - 137 - 138 - 139 - 142 - 144 - 145 - 146 - 148 - 149 - 150 - 152 - 155 - 156 - 157 - 161 - 163 - 164 - 167 - 171 - 172 - 175 - 176 - 178 - 179 - 182 - 183 - 185 - 188 - 190 - 191 - 192 - 194 - 196 - 197 - 198 - 199 - 200 - 201 - 202 - 203 - 205 - 206 - 207 - 208 - 211 - 213 - 214 - 216 - 217 - 218 - 219 - 220 - 221 - 222 - 223 - 224 - 230 - 231 - 232 - 233 - 235 - 236 - 237 - 239 - 240 - 241 - 242 - 243 - 244 - 247 - 250 - 251 - 252 - 254 - 257 - 258 - 260 - 264 - 266 - 268 - 269 - 270 - 271 - 272 - 274 - 275 - 276 - 278 - 281 - 282 - 283 - 284 - 286 - 288 - 289 - 290 - 293 - 294 - 295 - 298 - 299 - 300 - 301 - 302 - 303 - 304 - 305 - 306 - 308 - 309 - 310 - 312 - 313 - 314 - 315 - 317 - 319 - 320 - 321 - 323 - 324 - 325 - 326 - 328 - 329 - 332 - 338 - 339 - 340 - 342 - 344 - 347 - 356 - 357 - 358 - 360 - 361 - 362 - 363 - 364 - 365 - 366 - 367 - 371 - 373 - 374 - 375 - 377 - 380 - 381 - 383 - 386 - 387 - 388 - 389 - 390 - 391 - 392 - 393 - 394 - 399 - 400 - 406 - 407 - 408 - 409 - 411 - 413 - 415 - 416 - 417 - 418 - 420 - 422 - 424 - 426 - 427 - 430 - 433 - 435 - 437 - 438 - 439 - 440 - 444 - 445 - 447 - 449 - 450 - 451 - 452 - 458 - 461 - 462 - 463 - 466 - 467 - 474 - 475 - 478 - 479 - 480 - 483 - 484 - 487 - 489 - 490 - 492 - 493 - 494 - 496 - 498,21559280.1,0.1,92195,96567,83.71,Cost: 92195 & Capacity: 96567
0 - 1 - 2 - 5 - 8 - 9 - 10 - 12 - 14 - 15 - 16 - 18 - 20 - 21 - 22 - 23 - 24 - 27 - 28 - 30 - 32 - 33 - 36 - 39 - 40 - 41 - 42 - 44 - 45 - 46 - 48 - 49 - 51 - 52 - 54 - 55 - 57 - 58 - 59 - 61 - 65 - 66 - 67 - 68 - 69 - 71 - 75 - 76 - 77 - 78 - 81 - 83 - 84 - 85 - 87 - 88 - 89 - 91 - 92 - 94 - 99 - 101 - 102 - 103 - 105 - 107 - 108 - 110 - 111 - 112 - 113 - 114 - 115 - 117 - 118 - 119 - 127 - 129 - 130 - 132 - 135 - 136 - 137 - 138 - 139 - 142 - 144 - 145 - 146 - 148 - 149 - 150 - 152 - 155 - 156 - 157 - 161 - 163 - 164 - 167 - 171 - 172 - 175 - 176 - 178 - 179 - 182 - 183 - 185 - 188 - 190 - 191 - 192 - 194 - 196 - 197 - 198 - 199 - 200 - 201 - 202 - 203 - 205 - 206 - 207 - 208 - 211 - 213 - 214 - 216 - 217 - 218 - 219 - 220 - 221 - 222 - 223 - 224 - 230 - 231 - 232 - 233 - 235 - 236 - 237 - 239 - 240 - 241 - 242 - 243 - 244 - 247 - 250 - 251 - 252 - 254 - 257 - 258 - 260 - 264 - 266 - 268 - 269 - 270 - 271 - 272 - 274 - 275 - 276 - 278 - 281 - 282 - 283 - 284 - 286 - 288 - 289 - 290 - 293 - 294 - 295 - 298 - 299 - 300 - 301 - 302 - 303 - 304 - 305 - 306 - 308 - 309 - 310 - 312 - 313 - 314 - 315 - 317 - 319 - 320 - 321 - 323 - 324 - 325 - 326 - 328 - 329 - 332 - 338 - 339 - 340 - 342 - 344 - 347 - 356 - 357 - 358 - 360 - 361 - 362 - 363 - 364 - 365 - 366 - 367 - 371 - 373 - 374 - 375 - 377 - 380 - 381 - 383 - 386 - 387 - 388 - 389 - 390 - 391 - 392 - 393 - 394 - 399 - 400 - 406 - 407 - 408 - 409 - 411 - 413 - 415 - 416 - 417 - 418 - 420 - 422 - 424 - 426 - 427 - 430 - 433 - 435 - 437 - 438 - 439 - 440 - 444 - 445 - 447 - 449 - 450 - 451 - 452 - 458 - 461 - 462 - 463 - 466 - 467 - 474 - 475 - 478 - 479 - 480 - 483 - 484 - 487 - 489 - 490 - 492 - 493 - 494 - 496 - 498,21559280.1,0.1,92195,96567,83.99,Cost: 92195 & Capacity: 96567
0 - 1 - 2 - 5 - 8 - 9 - 10 - 12 - 14 - 15 - 16 - 18 - 20 - 21 - 22 - 23 - 24 - 27 - 28 - 30 - 32 - 33 - 36 - 39 - 40 - 41 - 42 - 44 - 45 - 46 - 48 - 49 - 51 - 52 - 54 - 55 - 57 - 58 - 59 - 61 - 65 - 66 - 67 - 68 - 69 - 71 - 75 - 76 - 77 - 78 - 81 - 83 - 84 - 85 - 87 - 88 - 89 - 91 - 92 - 94 - 99 - 101 - 102 - 103 - 105 - 107 - 108 - 110 - 111 - 112 - 113 - 114 - 115 - 117 - 118 - 119 - 127 - 129 - 130 - 132 - 135 - 136 - 137 - 138 - 139 - 142 - 144 - 145 - 146 - 148 - 149 - 150 - 152 - 155 - 156 - 157 - 161 - 163 - 164 - 167 - 171 - 172 - 175 - 176 - 178 - 179 - 182 - 183 - 185 - 188 - 190 - 191 - 192 - 194 - 196 - 197 - 198 - 199 - 200 - 201 - 202 - 203 - 205 - 206 - 207 - 208 - 211 - 213 - 214 - 216 - 217 - 218 - 219 - 220 - 221 - 222 - 223 - 224 - 230 - 231 - 232 - 233 - 235 - 236 - 237 - 239 - 240 - 241 - 242 - 243 - 244 - 247 - 250 - 251 - 252 - 254 - 257 - 258 - 260 - 264 - 266 - 268 - 269 - 270 - 271 - 272 - 274 - 275 - 276 - 278 - 281 - 282 - 283 - 284 - 286 - 288 - 289 - 290 - 293 - 294 - 295 - 298 - 299 - 300 - 301 - 302 - 303 - 304 - 305 - 306 - 308 - 309 - 310 - 312 - 313 - 314 - 315 - 317 - 319 - 320 - 321 - 323 - 324 - 325 - 326 - 328 - 329 - 332 - 338 - 339 - 340 - 342 - 344 - 347 - 356 - 357 - 358 - 360 - 361 - 362 - 363 - 364 - 365 - 366 - 367 - 371 - 373 - 374 - 375 - 377 - 380 - 381 - 383 - 386 - 387 - 388 - 389 - 390 - 391 - 392 - 393 - 394 - 399 - 400 - 406 - 407 - 408 - 409 - 411 - 413 - 415 - 416 - 417 - 418 - 420 - 422 - 424 - 426 - 427 - 430 - 433 - 435 - 437 - 438 - 439 - 440 - 444 - 445 - 447 - 449 - 450 - 451 - 452 - 458 - 461 - 462 - 463 - 466 - 467 - 474 - 475 - 478 - 479 - 480 - 483 - 484 - 487 - 489 - 490 - 492 - 493 - 494 - 496 - 498,21559280.1,0.1,92195,96567,85.39,Cost: 92195 & Capacity: 96567
0 - 1 - 2 - 5 - 8 - 9 - 10 - 12 - 14 - 15 - 16 - 18 - 20 - 21 - 22 - 23 - 24 - 27 - 28 - 30 - 31 - 32 - 33 - 36 - 39 - 40 - 41 - 42 - 44 - 45 - 46 - 48 - 49 - 52 - 54 - 55 - 57 - 58 - 59 - 61 - 63 - 65 - 66 - 67 - 68 - 69 - 71 - 75 - 76 - 77 - 78 - 80 - 81 - 83 - 84 - 85 - 87 - 88 - 89 - 91 - 92 - 94 - 99 - 101 - 102 - 103 - 105 - 107 - 110 - 111 - 112 - 113 - 114 - 115 - 117 - 118 - 119 - 125 - 127 - 129 - 130 - 132 - 135 - 137 - 138 - 139 - 142 - 144 - 145 - 146 - 148 - 149 - 150 - 152 - 155 - 156 - 157 - 161 - 163 - 164 - 167 - 171 - 172 - 174 - 175 - 176 - 178 - 179 - 182 - 183 - 185 - 188 - 190 - 191 - 192 - 194 - 196 - 197 - 198 - 199 - 200 - 201 - 202 - 203 - 205 - 206 - 207 - 208 - 211 - 213 - 214 - 216 - 217 - 218 - 219 - 220 - 221 - 222 - 223 - 224 - 230 - 231 - 232 - 233 - 235 - 236 - 237 - 239 - 240 - 241 - 242 - 243 - 244 - 247 - 250 - 251 - 252 - 254 - 257 - 258 - 260 - 264 - 266 - 268 - 269 - 270 - 271 - 272 - 274 - 275 - 276 - 278 - 281 - 282 - 283 - 284 - 286 - 288 - 289 - 290 - 293 - 294 - 295 - 298 - 299 - 300 - 301 - 302 - 303 - 304 - 305 - 306 - 308 - 309 - 310 - 312 - 313 - 314 - 315 - 317 - 319 - 320 - 321 - 323 - 324 - 325 - 326 - 328 - 329 - 332 - 338 - 339 - 340 - 342 - 344 - 347 - 356 - 357 - 358 - 360 - 361 - 362 - 363 - 364 - 365 - 366 - 367 - 371 - 373 - 374 - 375 - 377 - 380 - 381 - 383 - 386 - 387 - 388 - 389 - 390 - 391 - 392 - 393 - 394 - 399 - 400 - 406 - 407 - 408 - 409 - 413 - 415 - 416 - 417 - 418 - 420 - 422 - 424 - 426 - 427 - 429 - 430 - 433 - 435 - 437 - 438 - 439 - 440 - 444 - 445 - 447 - 449 - 450 - 452 - 458 - 461 - 462 - 463 - 466 - 467 - 474 - 478 - 479 - 480 - 483 - 484 - 487 - 489 - 490 - 492 - 493 - 496 - 498,21356573.7,0.1,91036,95150,85.29,Cost: 91036 & Capacity: 95150
0 - 1 - 2 - 5 - 8 - 9 - 10 - 12 - 14 - 15 - 16 - 18 - 20 - 21 - 22 - 23 - 24 - 27 - 28 - 30 - 32 - 33 - 36 - 39 - 40 - 41 - 42 - 44 - 45 - 48 - 49 - 52 - 54 - 55 - 57 - 58 - 59 - 61 - 63 - 65 - 66 - 67 - 68 - 69 - 71 - 75 - 76 - 77 - 78 - 80 - 81 - 83 - 84 - 85 - 88 - 89 - 91 - 92 - 94 - 99 - 101 - 102 - 103 - 105 - 107 - 110 - 111 - 112 - 113 - 114 - 115 - 117 - 118 - 119 - 125 - 127 - 129 - 132 - 135 - 137 - 138 - 139 - 142 - 144 - 145 - 146 - 148 - 149 - 150 - 152 - 155 - 156 - 157 - 161 - 163 - 164 - 167 - 171 - 172 - 174 - 175 - 176 - 178 - 179 - 182 - 183 - 185 - 188 - 190 - 191 - 192 - 194 - 196 - 197 - 198 - 199 - 200 - 202 - 203 - 205 - 206 - 207 - 208 - 211 - 213 - 214 - 216 - 217 - 218 - 219 - 221 - 222 - 223 - 224 - 230 - 231 - 232 - 233 - 235 - 236 - 237 - 239 - 240 - 241 - 242 - 243 - 244 - 247 - 250 - 251 - 252 - 254 - 257 - 258 - 260 - 264 - 266 - 268 - 269 - 270 - 271 - 272 - 274 - 275 - 276 - 278 - 281 - 282 - 283 - 284 - 286 - 288 - 289 - 290 - 293 - 294 - 295 - 298 - 299 - 300 - 301 - 302 - 303 - 304 - 305 - 306 - 308 - 309 - 310 - 312 - 313 - 314 - 315 - 317 - 319 - 320 - 321 - 323 - 324 - 325 - 326 - 328 - 329 - 332 - 338 - 339 - 340 - 342 - 344 - 347 - 356 - 357 - 358 - 360 - 361 - 362 - 363 - 365 - 366 - 367 - 371 - 374 - 375 - 377 - 380 - 381 - 383 - 386 - 387 - 388 - 389 - 390 - 391 - 392 - 393 - 394 - 399 - 400 - 406 - 407 - 408 - 409 - 413 - 415 - 416 - 417 - 418 - 420 - 422 - 424 - 426 - 427 - 429 - 430 - 433 - 435 - 437 - 438 - 439 - 440 - 444 - 445 - 447 - 449 - 450 - 452 - 458 - 461 - 462 - 463 - 466 - 467 - 474 - 478 - 479 - 480 - 483 - 484 - 487 - 489 - 490 - 492 - 493 - 496 - 498,20204139.5,0.1,86050,90427,85.3,Cost: 86050 & Capacity: 90427
0 - 1 - 2 - 5 - 8 - 9 - 10 - 12 - 14 - 15 - 16 - 18 - 20 - 21 - 22 - 23 - 24 - 27 - 28 - 30 - 32 - 33 - 36 - 39 - 40 - 41 - 42 - 44 - 45 - 48 - 49 - 52 - 54 - 55 - 57 - 58 - 59 - 61 - 65 - 66 - 67 - 68 - 69 - 71 - 75 - 76 - 77 - 78 - 80 - 81 - 83 - 84 - 85 - 87 - 88 - 89 - 91 - 92 - 94 - 99 - 101 - 102 - 103 - 105 - 107 - 110 - 111 - 112 - 113 - 114 - 115 - 117 - 118 - 119 - 125 - 127 - 129 - 132 - 135 - 137 - 138 - 139 - 142 - 144 - 145 - 146 - 148 - 149 - 150 - 152 - 155 - 156 - 157 - 161 - 163 - 164 - 167 - 171 - 172 - 175 - 176 - 178 - 179 - 182 - 183 - 185 - 188 - 190 - 191 - 192 - 194 - 196 - 197 - 198 - 199 - 200 - 202 - 203 - 205 - 206 - 207 - 208 - 211 - 213 - 214 - 216 - 217 - 218 - 219 - 221 - 222 - 223 - 224 - 230 - 231 - 232 - 233 - 235 - 236 - 237 - 239 - 240 - 241 - 242 - 243 - 244 - 247 - 250 - 251 - 252 - 254 - 257 - 258 - 260 - 264 - 266 - 268 - 269 - 270 - 271 - 272 - 274 - 275 - 276 - 278 - 281 - 282 - 283 - 284 - 286 - 288 - 289 - 290 - 293 - 294 - 295 - 298 - 299 - 300 - 301 - 302 - 303 - 304 - 305 - 306 - 308 - 309 - 310 - 313 - 314 - 315 - 317 - 319 - 320 - 321 - 323 - 324 - 325 - 326 - 328 - 329 - 332 - 338 - 339 - 340 - 342 - 344 - 347 - 356 - 357 - 358 - 360 - 361 - 362 - 363 - 365 - 366 - 367 - 371 - 373 - 374 - 375 - 377 - 380 - 381 - 383 - 386 - 387 - 388 - 389 - 390 - 391 - 392 - 393 - 394 - 399 - 400 - 406 - 407 - 408 - 409 - 413 - 415 - 416 - 417 - 418 - 420 - 422 - 424 - 426 - 427 - 430 - 433 - 435 - 437 - 438 - 439 - 440 - 444 - 445 - 447 - 449 - 450 - 452 - 458 - 461 - 462 - 463 - 466 - 467 - 474 - 478 - 479 - 480 - 483 - 484 - 487 - 489 - 490 - 492 - 493 - 496 - 498,19951247.5,0.1,84877,89657,85.74,Cost: 84877 & Capacity: 89657
0 - 1 - 2 - 5 - 8 - 9 - 10 - 12 - 14 - 15 - 16 - 18 - 20 - 21 - 22 - 23 - 24 - 27 - 28 - 30 - 32 - 33 - 36 - 39 - 40 - 41 - 42 - 44 - 45 - 48 - 49 - 52 - 54 - 55 - 57 - 58 - 59 - 61 - 65 - 66 - 67 - 68 - 69 - 71 - 75 - 76 - 77 - 78 - 80 - 81 - 83 - 84 - 85 - 87 - 88 - 89 - 91 - 92 - 94 - 99 - 101 - 102 - 103 - 105 - 107 - 110 - 111 - 112 - 113 - 114 - 115 - 117 - 118 - 119 - 125 - 127 - 129 - 132 - 135 - 137 - 138 - 139 - 142 - 144 - 145 - 146 - 148 - 149 - 150 - 152 - 155 - 156 - 157 - 161 - 163 - 164 - 167 - 171 - 172 - 174 - 175 - 176 - 178 - 179 - 182 - 183 - 185 - 188 - 190 - 191 - 192 - 194 - 196 - 197 - 198 - 199 - 200 - 201 - 202 - 203 - 205 - 206 - 207 - 208 - 211 - 213 - 214 - 216 - 217 - 218 - 219 - 221 - 222 - 223 - 224 - 230 - 231 - 232 - 233 - 235 - 236 - 237 - 239 - 240 - 241 - 242 - 243 - 244 - 247 - 250 - 251 - 252 - 254 - 257 - 258 - 260 - 264 - 266 - 268 - 269 - 270 - 271 - 272 - 274 - 275 - 276 - 278 - 281 - 282 - 283 - 284 - 286 - 288 - 289 - 290 - 293 - 294 - 295 - 298 - 299 - 300 - 301 - 302 - 303 - 304 - 305 - 306 - 308 - 309 - 310 - 313 - 314 - 315 - 317 - 319 - 320 - 321 - 323 - 324 - 325 - 326 - 328 - 329 - 332 - 338 - 339 - 340 - 342 - 344 - 347 - 356 - 357 - 358 - 360 - 361 - 362 - 363 - 365 - 366 - 367 - 371 - 373 - 374 - 375 - 377 - 380 - 381 - 383 - 386 - 387 - 388 - 389 - 390 - 391 - 392 - 393 - 394 - 399 - 400 - 406 - 407 - 408 - 409 - 413 - 415 - 416 - 417 - 418 - 420 - 422 - 424 - 426 - 427 - 429 - 430 - 433 - 435 - 437 - 438 - 439 - 440 - 444 - 445 - 447 - 449 - 450 - 452 - 458 - 461 - 462 - 463 - 466 - 467 - 474 - 475 - 478 - 479 - 480 - 483 - 484 - 487 - 489 - 490 - 492 - 493 - 496 - 498,20518356.8,0.1,87335,92190,85.74,Cost: 87335 & Capacity: 92190
0 - 1 - 2 - 5 - 8 - 9 - 10 - 12 - 14 - 15 - 16 - 18 - 20 - 21 - 22 - 23 - 24 - 27 - 28 - 30 - 32 - 33 - 36 - 39 - 40 - 41 - 42 - 44 - 45 - 46 - 48 - 49 - 51 - 52 - 54 - 55 - 57 - 58 - 59 - 61 - 65 - 66 - 67 - 68 - 69 - 71 - 75 - 76 - 77 - 78 - 81 - 83 - 84 - 85 - 87 - 88 - 89 - 91 - 92 - 94 - 99 - 101 - 102 - 103 - 105 - 107 - 108 - 110 - 111 - 112 - 113 - 114 - 115 - 117 - 118 - 119 - 127 - 129 - 130 - 132 - 135 - 136 - 137 - 138 - 139 - 142 - 144 - 145 - 146 - 148 - 149 - 150 - 152 - 155 - 156 - 157 - 161 - 163 - 164 - 167 - 171 - 172 - 175 - 176 - 178 - 179 - 182 - 183 - 185 - 188 - 190 - 191 - 192 - 194 - 196 - 197 - 198 - 199 - 200 - 201 - 202 - 203 - 205 - 206 - 207 - 208 - 211 - 213 - 214 - 216 - 217 - 218 - 219 - 220 - 221 - 222 - 223 - 224 - 230 - 231 - 232 - 233 - 235 - 236 - 237 - 239 - 240 - 241 - 242 - 243 - 244 - 247 - 250 - 251 - 252 - 254 - 257 - 258 - 260 - 264 - 266 - 268 - 269 - 270 - 271 - 272 - 274 - 275 - 276 - 278 - 281 - 282 - 283 - 284 - 286 - 288 - 289 - 290 - 293 - 294 - 295 - 298 - 299 - 300 - 301 - 302 - 303 - 304 - 305 - 306 - 308 - 309 - 310 - 312 - 313 - 314 - 315 - 317 - 319 - 320 - 321 - 323 - 324 - 325 - 326 - 328 - 329 - 332 - 338 - 339 - 340 - 342 - 344 - 347 - 356 - 357 - 358 - 360 - 361 - 362 - 363 - 364 - 365 - 366 - 367 - 371 - 373 - 374 - 375 - 377 - 380 - 381 - 383 - 386 - 387 - 388 - 389 - 390 - 391 - 392 - 393 - 394 - 399 - 400 - 406 - 407 - 408 - 409 - 411 - 413 - 415 - 416 - 417 - 418 - 420 - 422 - 424 - 426 - 427 - 430 - 433 - 435 - 437 - 438 - 439 - 440 - 444 - 445 - 447 - 449 - 450 - 451 - 452 - 458 - 461 - 462 - 463 - 466 - 467 - 474 - 475 - 478 - 479 - 480 - 483 - 484 - 487 - 489 - 490 - 492 - 493 - 494 - 496 - 498,21559280.1,0.1,92195,96567,88.19,Cost: 92195 & Capacity: 96567
0 - 1 - 2 - 5 - 8 - 9 - 10 - 12 - 14 - 15 - 16 - 18 - 20 - 21 - 22 - 23 - 24 - 27 - 28 - 30 - 31 - 32 - 33 - 36 - 39 - 40 - 41 - 42 - 44 - 45 - 46 - 48 - 49 - 52 - 54 - 55 - 57 - 58 - 59 - 61 - 63 - 65 - 66 - 67 - 68 - 69 - 71 - 75 - 76 - 77 - 78 - 80 - 81 - 83 - 84 - 85 - 87 - 88 - 89 - 91 - 92 - 94 - 99 - 101 - 102 - 103 - 105 - 107 - 110 - 111 - 112 - 113 - 114 - 115 - 117 - 118 - 119 - 125 - 127 - 129 - 130 - 132 - 135 - 137 - 138 - 139 - 142 - 144 - 145 - 146 - 148 - 149 - 150 - 152 - 155 - 156 - 157 - 161 - 163 - 164 - 167 - 171 - 172 - 174 - 175 - 176 - 178 - 179 - 182 - 183 - 185 - 188 - 190 - 191 - 192 - 194 - 196 - 197 - 198 - 199 - 200 - 201 - 202 - 203 - 205 - 206 - 207 - 208 - 211 - 213 - 214 - 216 - 217 - 218 - 219 - 220 - 221 - 222 - 223 - 224 - 230 - 231 - 232 - 233 - 235 - 236 - 237 - 239 - 240 - 241 - 242 - 243 - 244 - 247 - 250 - 251 - 252 - 254 - 257 - 258 - 260 - 264 - 266 - 268 - 269 - 270 - 271 - 272 - 274 - 275 - 276 - 278 - 281 - 282 - 283 - 284 - 286 - 288 - 289 - 290 - 293 - 294 - 295 - 298 - 299 - 300 - 301 - 302 - 303 - 304 - 305 - 306 - 308 - 309 - 310 - 312 - 313 - 314 - 315 - 317 - 319 - 320 - 321 - 323 - 324 - 325 - 326 - 328 - 329 - 332 - 338 - 339 - 340 - 342 - 344 - 347 - 356 - 357 - 358 - 360 - 361 - 362 - 363 - 364 - 365 - 366 - 367 - 371 - 373 - 374 - 375 - 377 - 380 - 381 - 383 - 386 - 387 - 388 - 389 - 390 - 391 - 392 - 393 - 394 - 399 - 400 - 406 - 407 - 408 - 409 - 413 - 415 - 416 - 417 - 418 - 420 - 422 - 424 - 426 - 427 - 429 - 430 - 433 - 435 - 437 - 438 - 439 - 440 - 444 - 445 - 447 - 449 - 450 - 452 - 458 - 461 - 462 - 463 - 466 - 467 - 474 - 478 - 479 - 480 - 483 - 484 - 487 - 489 - 490 - 492 - 493 - 496 - 498,21356573.7,0.1,91036,95150,88.88,Cost: 91036 & Capacity: 95150
0 - 1 - 2 - 5 - 8 - 9 - 10 - 12 - 14 - 15 - 16 - 18 - 20 - 21 - 22 - 23 - 24 - 27 - 28 - 30 - 32 - 33 - 36 - 39 - 40 - 41 - 42 - 44 - 45 - 48 - 49 - 52 - 54 - 55 - 57 - 58 - 59 - 61 - 63 - 65 - 66 - 67 - 68 - 69 - 71 - 75 - 76 - 77 - 78 - 80 - 81 - 83 - 84 - 85 - 87 - 88 - 89 - 91 - 92 - 94 - 99 - 101 - 102 - 103 - 105 - 107 - 110 - 111 - 112 - 113 - 114 - 115 - 117 - 118 - 119 - 125 - 127 - 129 - 130 - 132 - 135 - 137 - 138 - 139 - 142 - 144 - 145 - 146 - 148 - 149 - 150 - 152 - 155 - 156 - 157 - 161 - 163 - 164 - 167 - 171 - 172 - 174 - 175 - 176 - 178 - 179 - 182 - 183 - 185 - 188 - 190 - 191 - 192 - 194 - 196 - 197 - 198 - 199 - 200 - 201 - 202 - 203 - 205 - 206 - 207 - 208 - 211 - 213 - 214 - 216 - 217 - 218 - 219 - 220 - 221 - 222 - 223 - 224 - 230 - 231 - 232 - 233 - 235 - 236 - 237 - 239 - 240 - 241 - 242 - 243 - 244 - 247 - 250 - 251 - 252 - 254 - 257 - 258 - 260 - 264 - 266 - 268 - 269 - 270 - 271 - 272 - 274 - 275 - 276 - 278 - 281 - 282 - 283 - 284 - 286 - 288 - 289 - 290 - 293 - 294 - 295 - 298 - 299 - 300 - 301 - 302 - 303 - 304 - 305 - 306 - 308 - 309 - 310 - 312 - 313 - 314 - 315 - 317 - 319 - 320 - 321 - 323 - 324 - 325 - 326 - 328 - 329 - 332 - 338 - 339 - 340 - 342 - 344 - 347 - 356 - 357 - 358 - 360 - 361 - 362 - 363 - 364 - 365 - 366 - 367 - 371 - 373 - 374 - 375 - 377 - 380 - 381 - 383 - 386 - 387 - 388 - 389 - 390 - 391 - 392 - 393 - 394 - 399 - 400 - 406 - 407 - 408 - 409 - 413 - 415 - 416 - 417 - 418 - 420 - 422 - 424 - 426 - 427 - 429 - 430 - 433 - 435 - 437 - 438 - 439 - 440 - 444 - 445 - 447 - 449 - 450 - 452 - 458 - 461 - 462 - 463 - 466 - 467 - 474 - 478 - 479 - 480 - 483 - 484 - 487 - 489 - 490 - 492 - 493 - 496 - 498,21073381.1,0.1,89783,93894,88.89,Cost: 89783 & Capacity: 93894
0 - 1 - 2 - 5 - 8 - 9 - 10 - 12 - 14 - 15 - 16 - 18 - 20 - 21 - 22 - 23 - 24 - 27 - 28 - 30 - 32 - 33 - 36 - 39 - 40 - 41 - 42 - 44 - 45 - 48 - 49 - 52 - 54 - 55 - 57 - 58 - 59 - 61 - 65 - 66 - 67 - 68 - 69 - 71 - 75 - 76 - 77 - 78 - 80 - 81 - 83 - 84 - 85 - 88 - 89 - 91 - 92 - 94 - 99 - 101 - 102 - 103 - 105 - 107 - 110 - 111 - 112 - 113 - 114 - 115 - 117 - 118 - 119 - 125 - 127 - 129 - 132 - 135 - 137 - 138 - 139 - 142 - 144 - 145 - 146 - 148 - 149 - 150 - 152 - 155 - 156 - 157 - 161 - 163 - 164 - 167 - 171 - 172 - 174 - 175 - 176 - 178 - 179 - 182 - 183 - 185 - 188 - 190 - 191 - 192 - 194 - 196 - 197 - 198 - 199 - 200 - 202 - 203 - 205 - 206 - 207 - 208 - 211 - 213 - 214 - 216 - 217 - 218 - 219 - 220 - 221 - 222 - 223 - 224 - 230 - 231 - 232 - 233 - 235 - 236 - 237 - 239 - 240 - 241 - 242 - 243 - 244 - 247 - 250 - 251 - 252 - 254 - 257 - 258 - 260 - 264 - 266 - 268 - 269 - 270 - 271 - 272 - 274 - 275 - 276 - 278 - 281 - 282 - 283 - 284 - 286 - 288 - 289 - 290 - 293 - 294 - 295 - 298 - 299 - 300 - 301 - 302 - 303 - 304 - 305 - 306 - 308 - 309 - 310 - 312 - 313 - 314 - 315 - 317 - 319 - 320 - 321 - 323 - 324 - 325 - 326 - 328 - 329 - 332 - 338 - 339 - 340 - 342 - 344 - 347 - 356 - 357 - 358 - 360 - 361 - 362 - 363 - 365 - 366 - 367 - 371 - 374 - 375 - 377 - 380 - 381 - 383 - 386 - 387 - 388 - 389 - 390 - 391 - 392 - 393 - 394 - 399 - 400 - 406 - 407 - 408 - 409 - 413 - 415 - 416 - 417 - 418 - 420 - 422 - 424 - 426 - 427 - 429 - 430 - 433 - 435 - 437 - 438 - 439 - 440 - 444 - 445 - 447 - 449 - 450 - 452 - 458 - 461 - 462 - 463 - 466 - 467 - 474 - 478 - 479 - 480 - 483 - 484 - 487 - 489 - 490 - 492 - 493 - 496 - 498,20208291.5,0.1,86051,90612,88.9,Cost: 86051 & Capacity: 90612
0 - 1 - 2 - 5 - 8 - 9 - 10 - 12 - 14 - 15 - 16 - 18 - 20 - 21 - 22 - 23 - 24 - 27 - 28 - 30 - 32 - 33 - 36 - 39 - 40 - 41 - 42 - 44 - 45 - 48 - 49 - 52 - 54 - 55 - 57 - 58 - 59 - 61 - 65 - 66 - 67 - 68 - 69 - 71 - 75 - 76 - 77 - 78 - 80 - 81 - 83 - 84 - 85 - 88 - 89 - 91 - 92 - 94 - 99 - 101 - 102 - 103 - 105 - 107 - 110 - 111 - 112 - 113 - 114 - 115 - 117 - 118 - 119 - 125 - 127 - 129 - 132 - 135 - 137 - 138 - 139 - 142 - 144 - 145 - 146 - 148 - 149 - 150 - 152 - 155 - 156 - 157 - 161 - 163 - 164 - 167 - 171 - 172 - 174 - 175 - 176 - 178 - 179 - 182 - 183 - 185 - 188 - 190 - 191 - 192 - 194 - 196 - 197 - 198 - 199 - 200 - 202 - 203 - 205 - 206 - 207 - 208 - 211 - 213 - 214 - 216 - 217 - 218 - 219 - 221 - 222 - 223 - 224 - 230 - 231 - 232 - 233 - 235 - 236 - 237 - 239 - 240 - 241 - 242 - 243 - 244 - 247 - 250 - 251 - 252 - 254 - 257 - 258 - 260 - 264 - 266 - 268 - 269 - 270 - 271 - 272 - 274 - 275 - 276 - 278 - 281 - 282 - 283 - 284 - 286 - 288 - 289 - 290 - 293 - 294 - 295 - 298 - 299 - 300 - 301 - 302 - 303 - 304 - 305 - 306 - 308 - 309 - 310 - 312 - 313 - 314 - 315 - 317 - 319 - 320 - 321 - 323 - 324 - 325 - 326 - 328 - 329 - 332 - 338 - 339 - 340 - 342 - 344 - 347 - 356 - 357 - 358 - 360 - 361 - 362 - 363 - 365 - 366 - 367 - 371 - 374 - 375 - 377 - 380 - 381 - 383 - 386 - 387 - 388 - 389 - 390 - 391 - 392 - 393 - 394 - 399 - 400 - 406 - 407 - 408 - 409 - 413 - 415 - 416 - 417 - 418 - 420 - 422 - 424 - 426 - 427 - 429 - 430 - 433 - 435 - 437 - 438 - 439 - 440 - 444 - 445 - 447 - 449 - 450 - 452 - 458 - 461 - 462 - 463 - 466 - 467 - 474 - 478 - 479 - 480 - 483 - 484 - 487 - 489 - 490 - 492 - 493 - 496 - 498,20068708.6,0.1,85438,90037,88.9,Cost: 85438 & Capacity: 90037
0 - 1 - 2 - 5 - 8 - 9 - 10 - 12 - 14 - 15 - 16 - 18 - 20 - 21 - 22 - 23 - 24 - 27 - 28 - 30 - 32 - 33 - 36 - 39 - 40 - 41 - 42 - 44 - 45 - 46 - 48 - 49 - 51 - 52 - 54 - 55 - 57 - 58 - 59 - 61 - 65 - 66 - 67 - 68 - 69 - 71 - 75 - 76 - 77 - 78 - 81 - 83 - 84 - 85 - 87 - 88 - 89 - 91 - 92 - 94 - 99 - 101 - 102 - 103 - 105 - 107 - 108 - 110 - 111 - 112 - 113 - 114 - 115 - 117 - 118 - 119 - 127 - 129 - 130 - 132 - 135 - 136 - 137 - 138 - 139 - 142 - 144 - 145 - 146 - 148 - 149 - 150 - 152 - 155 - 156 - 157 - 161 - 163 - 164 - 167 - 171 - 172 - 175 - 176 - 178 - 179 - 182 - 183 - 185 - 188 - 190 - 191 - 192 - 194 - 196 - 197 - 198 - 199 - 200 - 201 - 202 - 203 - 205 - 206 - 207 - 208 - 211 - 213 - 214 - 216 - 217 - 218 - 219 - 220 - 221 - 222 - 223 - 224 - 230 - 231 - 232 - 233 - 235 - 236 - 237 - 239 - 240 - 241 - 242 - 243 - 244 - 247 - 250 - 251 - 252 - 254 - 257 - 258 - 260 - 264 - 266 - 268 - 269 - 270 - 271 - 272 - 274 - 275 - 276 - 278 - 281 - 282 - 283 - 284 - 286 - 288 - 289 - 290 - 293 - 294 - 295 - 298 - 299 - 300 - 301 - 302 - 303 - 304 - 305 - 306 - 308 - 309 - 310 - 312 - 313 - 314 - 315 - 317 - 319 - 320 - 321 - 323 - 324 - 325 - 326 - 328 - 329 - 332 - 338 - 339 - 340 - 342 - 344 - 347 - 356 - 357 - 358 - 360 - 361 - 362 - 363 - 364 - 365 - 366 - 367 - 371 - 373 - 374 - 375 - 377 - 380 - 381 - 383 - 386 - 387 - 388 - 389 - 390 - 391 - 392 - 393 - 394 - 399 - 400 - 406 - 407 - 408 - 409 - 411 - 413 - 415 - 416 - 417 - 418 - 420 - 422 - 424 - 426 - 427 - 430 - 433 - 435 - 437 - 438 - 439 - 440 - 444 - 445 - 447 - 449 - 450 - 451 - 452 - 458 - 461 - 462 - 463 - 466 - 467 - 474 - 475 - 478 - 479 - 480 - 483 - 484 - 487 - 489 - 490 - 492 - 493 - 494 - 496 - 498,21559280.1,0.1,92195,96567,89.03,Cost: 92195 & Capacity: 96567
0 - 1 - 2 - 5 - 8 - 9 - 10 - 12 - 14 - 15 - 16 - 18 - 20 - 21 - 22 - 23 - 24 - 27 - 28 - 30 - 32 - 33 - 36 - 39 - 40 - 41 - 42 - 44 - 45 - 46 - 48 - 49 - 51 - 52 - 54 - 55 - 57 - 58 - 59 - 61 - 65 - 66 - 67 - 68 - 69 - 71 - 75 - 76 - 77 - 78 - 81 - 83 - 84 - 85 - 87 - 88 - 89 - 91 - 92 - 94 - 99 - 101 - 102 - 103 - 105 - 107 - 108 - 110 - 111 - 112 - 113 - 114 - 115 - 117 - 118 - 119 - 127 - 129 - 130 - 132 - 135 - 136 - 137 - 138 - 139 - 142 - 144 - 145 - 146 - 148 - 149 - 150 - 152 - 155 - 156 - 157 - 161 - 163 - 164 - 167 - 171 - 172 - 175 - 176 - 178 - 179 - 182 - 183 - 185 - 188 - 190 - 191 - 192 - 194 - 196 - 197 - 198 - 199 - 200 - 201 - 202 - 203 - 205 - 206 - 207 - 208 - 211 - 213 - 214 - 216 - 217 - 218 - 219 - 220 - 221 - 222 - 223 - 224 - 230 - 231 - 232 - 233 - 235 - 236 - 237 - 239 - 240 - 241 - 242 - 243 - 244 - 247 - 250 - 251 - 252 - 254 - 257 - 258 - 260 - 264 - 266 - 268 - 269 - 270 - 271 - 272 - 274 - 275 - 276 - 278 - 281 - 282 - 283 - 284 - 286 - 288 - 289 - 290 - 293 - 294 - 295 - 298 - 299 - 300 - 301 - 302 - 303 - 304 - 305 - 306 - 308 - 309 - 310 - 312 - 313 - 314 - 315 - 317 - 319 - 320 - 321 - 323 - 324 - 325 - 326 - 328 - 329 - 332 - 338 - 339 - 340 - 342 - 344 - 347 - 356 - 357 - 358 - 360 - 361 - 362 - 363 - 364 - 365 - 366 - 367 - 371 - 373 - 374 - 375 - 377 - 380 - 381 - 383 - 386 - 387 - 388 - 389 - 390 - 391 - 392 - 393 - 394 - 399 - 400 - 406 - 407 - 408 - 409 - 411 - 413 - 415 - 416 - 417 - 418 - 420 - 422 - 424 - 426 - 427 - 430 - 433 - 435 - 437 - 438 - 439 - 440 - 444 - 445 - 447 - 449 - 450 - 451 - 452 - 458 - 461 - 462 - 463 - 466 - 467 - 474 - 475 - 478 - 479 - 480 - 483 - 484 - 487 - 489 - 490 - 492 - 493 - 494 - 496 - 498,21559280.1,0.1,92195,96567,90.59,Cost: 92195 & Capacity: 96567
