Nodes,MaxSum,MaxMin,Cost,Capacity,Time,Constraint values
3 - 4 - 9 - 14 - 25 - 30 - 33 - 34 - 37 - 40 - 43 - 50 - 51 - 58 - 72 - 82 - 84 - 86 - 89 - 92 - 93 - 98 - 101 - 104 - 118 - 130 - 135 - 146 - 152 - 153 - 154 - 157 - 165 - 166 - 172 - 176 - 178 - 180 - 183 - 184 - 186 - 194 - 201 - 207 - 209 - 214 - 218 - 220 - 226 - 233 - 235 - 237 - 238 - 240 - 247 - 253 - 261 - 262 - 266 - 276 - 277 - 278 - 283 - 286 - 288 - 304 - 305 - 306 - 311 - 313 - 321 - 329 - 330 - 331 - 338 - 343 - 355 - 359 - 360 - 362 - 371 - 373 - 384 - 388 - 396 - 401 - 402 - 408 - 412 - 421 - 428 - 436 - 442 - 448 - 452 - 458 - 459 - 463 - 465 - 471 - 475 - 478 - 486 - 493 - 496 - 498,2944807.5,24.5,60474,51506,0.32,Cost: 60474 & Capacity: 51506
12 - 14 - 17 - 18 - 31 - 34 - 45 - 46 - 48 - 49 - 55 - 56 - 61 - 62 - 63 - 65 - 66 - 71 - 74 - 80 - 83 - 88 - 91 - 92 - 99 - 101 - 108 - 109 - 111 - 113 - 116 - 119 - 123 - 128 - 132 - 133 - 136 - 137 - 142 - 146 - 147 - 152 - 156 - 158 - 160 - 164 - 169 - 172 - 180 - 181 - 186 - 190 - 205 - 209 - 211 - 218 - 225 - 230 - 232 - 236 - 242 - 249 - 250 - 257 - 263 - 266 - 274 - 275 - 280 - 282 - 288 - 296 - 307 - 317 - 318 - 331 - 335 - 337 - 340 - 350 - 354 - 362 - 364 - 369 - 372 - 378 - 379 - 393 - 409 - 410 - 412 - 419 - 424 - 427 - 431 - 433 - 434 - 436 - 437 - 440 - 447 - 454 - 456 - 459 - 467 - 472 - 473 - 481 - 487 - 488 - 496 - 497,3211297.3,21.8,59759,51674,8.9,Cost: 59759 & Capacity: 51674
3 - 7 - 13 - 14 - 18 - 19 - 30 - 32 - 33 - 34 - 40 - 48 - 51 - 53 - 55 - 59 - 62 - 68 - 84 - 89 - 93 - 95 - 101 - 103 - 107 - 109 - 111 - 123 - 124 - 130 - 134 - 144 - 151 - 152 - 153 - 158 - 169 - 171 - 176 - 178 - 185 - 186 - 193 - 194 - 204 - 209 - 210 - 214 - 215 - 218 - 227 - 229 - 230 - 233 - 240 - 249 - 253 - 255 - 256 - 259 - 260 - 264 - 267 - 268 - 277 - 281 - 283 - 286 - 290 - 296 - 303 - 310 - 311 - 316 - 317 - 327 - 331 - 338 - 344 - 345 - 350 - 355 - 358 - 361 - 369 - 378 - 379 - 382 - 385 - 392 - 395 - 396 - 402 - 406 - 410 - 429 - 442 - 445 - 448 - 465 - 469 - 484 - 488 - 490 - 494 - 496,2914792.7,25.6,60563,49126,14.29,Cost: 60563 & Capacity: 49126
3 - 6 - 7 - 8 - 9 - 10 - 11 - 12 - 13 - 14 - 15 - 17 - 18 - 19 - 22 - 25 - 28 - 32 - 34 - 35 - 36 - 38 - 39 - 41 - 42 - 45 - 47 - 48 - 50 - 56 - 57 - 61 - 65 - 68 - 74 - 76 - 78 - 79 - 80 - 81 - 82 - 83 - 84 - 86 - 91 - 93 - 94 - 96 - 97 - 101 - 104 - 105 - 107 - 110 - 112 - 116 - 119 - 121 - 122 - 125 - 130 - 132 - 137 - 139 - 140 - 142 - 145 - 146 - 147 - 149 - 150 - 151 - 152 - 154 - 155 - 156 - 157 - 158 - 159 - 160 - 163 - 168 - 169 - 171 - 174 - 176 - 177 - 178 - 179 - 180 - 182 - 187 - 192 - 193 - 195 - 196 - 197 - 199 - 200 - 205 - 207 - 209 - 211 - 213 - 214 - 216 - 218 - 220 - 221 - 224 - 225 - 226 - 232 - 233 - 235 - 236 - 237 - 240 - 244 - 248 - 250 - 251 - 253 - 255 - 257 - 259 - 263 - 267 - 269 - 271 - 274 - 275 - 277 - 279 - 280 - 281 - 282 - 283 - 285 - 286 - 287 - 288 - 290 - 291 - 293 - 294 - 295 - 297 - 299 - 303 - 304 - 305 - 310 - 311 - 314 - 316 - 321 - 327 - 328 - 329 - 330 - 331 - 336 - 337 - 338 - 341 - 343 - 344 - 345 - 347 - 350 - 351 - 356 - 357 - 358 - 359 - 361 - 362 - 363 - 364 - 365 - 366 - 367 - 369 - 370 - 372 - 374 - 378 - 379 - 387 - 388 - 393 - 399 - 403 - 404 - 405 - 409 - 410 - 414 - 415 - 416 - 419 - 423 - 424 - 426 - 427 - 429 - 430 - 431 - 433 - 434 - 436 - 437 - 440 - 441 - 442 - 444 - 446 - 448 - 453 - 456 - 457 - 458 - 465 - 467 - 469 - 470 - 471 - 472 - 473 - 474 - 475 - 477 - 481 - 483 - 491 - 498 - 499,14142388.6,0.0,59574,65952,16.13,Cost: 59574 & Capacity: 65952
3 - 6 - 7 - 8 - 9 - 10 - 11 - 12 - 13 - 14 - 15 - 17 - 18 - 19 - 22 - 25 - 28 - 32 - 34 - 35 - 36 - 38 - 39 - 41 - 42 - 45 - 47 - 48 - 50 - 56 - 57 - 61 - 65 - 68 - 74 - 76 - 78 - 79 - 80 - 81 - 82 - 83 - 84 - 86 - 91 - 93 - 94 - 96 - 97 - 101 - 104 - 105 - 107 - 110 - 112 - 116 - 119 - 121 - 122 - 125 - 130 - 132 - 137 - 139 - 140 - 142 - 145 - 146 - 147 - 149 - 150 - 151 - 152 - 154 - 155 - 156 - 157 - 158 - 159 - 160 - 163 - 168 - 169 - 171 - 174 - 176 - 177 - 178 - 179 - 180 - 182 - 187 - 192 - 193 - 195 - 196 - 197 - 199 - 200 - 205 - 207 - 209 - 211 - 213 - 214 - 216 - 218 - 220 - 221 - 224 - 225 - 226 - 232 - 233 - 235 - 236 - 237 - 240 - 244 - 248 - 250 - 251 - 253 - 255 - 257 - 259 - 263 - 267 - 269 - 271 - 274 - 275 - 277 - 279 - 280 - 281 - 282 - 283 - 285 - 286 - 287 - 288 - 290 - 291 - 293 - 294 - 295 - 297 - 299 - 303 - 304 - 305 - 310 - 311 - 314 - 316 - 321 - 327 - 328 - 329 - 330 - 331 - 333 - 336 - 337 - 338 - 341 - 343 - 344 - 345 - 347 - 350 - 351 - 356 - 357 - 358 - 359 - 361 - 362 - 363 - 364 - 365 - 366 - 367 - 369 - 370 - 372 - 374 - 378 - 379 - 387 - 388 - 393 - 399 - 403 - 404 - 405 - 409 - 410 - 414 - 415 - 416 - 419 - 423 - 424 - 426 - 427 - 429 - 430 - 431 - 433 - 434 - 436 - 437 - 440 - 441 - 442 - 444 - 446 - 448 - 453 - 456 - 457 - 458 - 465 - 467 - 469 - 470 - 471 - 472 - 473 - 474 - 475 - 477 - 481 - 483 - 491 - 497 - 498 - 499,14386577.1,0.0,60535,66985,17.04,Cost: 60535 & Capacity: 66985
3 - 6 - 7 - 8 - 9 - 10 - 11 - 12 - 13 - 14 - 15 - 17 - 18 - 19 - 22 - 25 - 28 - 32 - 34 - 35 - 36 - 38 - 39 - 41 - 42 - 45 - 47 - 48 - 50 - 56 - 57 - 61 - 65 - 68 - 74 - 76 - 78 - 79 - 80 - 81 - 82 - 83 - 84 - 86 - 91 - 93 - 94 - 96 - 97 - 101 - 104 - 105 - 107 - 110 - 112 - 116 - 119 - 121 - 122 - 125 - 130 - 132 - 137 - 139 - 140 - 142 - 145 - 146 - 147 - 149 - 150 - 151 - 152 - 154 - 155 - 156 - 157 - 158 - 159 - 160 - 163 - 168 - 169 - 171 - 174 - 176 - 177 - 178 - 179 - 180 - 182 - 187 - 192 - 193 - 195 - 196 - 197 - 199 - 200 - 205 - 207 - 209 - 211 - 213 - 214 - 216 - 218 - 220 - 221 - 224 - 225 - 226 - 232 - 233 - 235 - 236 - 237 - 240 - 244 - 248 - 250 - 251 - 253 - 255 - 257 - 259 - 263 - 267 - 269 - 271 - 274 - 275 - 277 - 279 - 280 - 281 - 282 - 283 - 285 - 286 - 287 - 288 - 290 - 291 - 293 - 294 - 295 - 297 - 299 - 303 - 304 - 305 - 310 - 311 - 314 - 316 - 321 - 327 - 328 - 329 - 330 - 331 - 336 - 337 - 338 - 341 - 343 - 344 - 345 - 347 - 350 - 351 - 356 - 357 - 358 - 359 - 361 - 362 - 363 - 364 - 365 - 366 - 367 - 369 - 370 - 372 - 374 - 378 - 379 - 387 - 393 - 399 - 403 - 404 - 405 - 409 - 410 - 414 - 415 - 416 - 419 - 423 - 424 - 427 - 429 - 430 - 431 - 433 - 434 - 436 - 437 - 440 - 441 - 442 - 444 - 446 - 448 - 453 - 456 - 457 - 458 - 465 - 467 - 469 - 470 - 471 - 472 - 473 - 474 - 475 - 477 - 481 - 483 - 491 - 497 - 498 - 499,14031722.8,0.0,59095,65378,17.2,Cost: 59095 & Capacity: 65378
3 - 6 - 7 - 8 - 9 - 10 - 11 - 12 - 13 - 14 - 15 - 17 - 18 - 19 - 22 - 25 - 28 - 32 - 34 - 35 - 36 - 38 - 39 - 41 - 42 - 45 - 47 - 48 - 50 - 56 - 57 - 61 - 65 - 68 - 74 - 76 - 78 - 79 - 80 - 81 - 82 - 83 - 84 - 86 - 91 - 93 - 94 - 96 - 97 - 101 - 104 - 105 - 107 - 110 - 112 - 116 - 119 - 121 - 122 - 125 - 130 - 132 - 137 - 139 - 140 - 142 - 145 - 146 - 147 - 149 - 150 - 151 - 152 - 154 - 155 - 156 - 157 - 158 - 159 - 160 - 163 - 168 - 169 - 171 - 174 - 176 - 177 - 178 - 179 - 180 - 182 - 187 - 192 - 193 - 195 - 196 - 197 - 199 - 200 - 205 - 207 - 209 - 211 - 213 - 214 - 216 - 218 - 220 - 221 - 224 - 225 - 226 - 232 - 233 - 235 - 236 - 237 - 240 - 244 - 248 - 250 - 251 - 253 - 255 - 257 - 259 - 263 - 267 - 269 - 271 - 274 - 275 - 277 - 279 - 280 - 281 - 282 - 283 - 285 - 286 - 287 - 288 - 290 - 291 - 293 - 294 - 295 - 297 - 299 - 303 - 304 - 305 - 310 - 311 - 314 - 316 - 321 - 327 - 328 - 329 - 330 - 331 - 333 - 336 - 337 - 338 - 341 - 343 - 344 - 345 - 347 - 350 - 351 - 356 - 357 - 358 - 359 - 361 - 362 - 363 - 364 - 365 - 366 - 367 - 369 - 370 - 372 - 374 - 378 - 379 - 387 - 388 - 393 - 399 - 403 - 404 - 405 - 409 - 410 - 414 - 415 - 416 - 419 - 423 - 424 - 426 - 427 - 429 - 430 - 431 - 433 - 434 - 436 - 437 - 440 - 441 - 442 - 444 - 446 - 448 - 453 - 456 - 457 - 458 - 465 - 467 - 469 - 470 - 471 - 472 - 473 - 474 - 475 - 477 - 481 - 483 - 491 - 497 - 498 - 499,14386577.1,0.0,60535,66985,19.32,Cost: 60535 & Capacity: 66985
1 - 7 - 8 - 10 - 13 - 18 - 25 - 32 - 34 - 35 - 36 - 43 - 45 - 46 - 48 - 52 - 53 - 63 - 65 - 68 - 71 - 89 - 101 - 103 - 104 - 105 - 108 - 109 - 114 - 119 - 121 - 122 - 125 - 132 - 135 - 136 - 138 - 140 - 142 - 144 - 146 - 154 - 155 - 157 - 158 - 170 - 176 - 180 - 181 - 191 - 204 - 205 - 209 - 223 - 229 - 232 - 233 - 237 - 241 - 242 - 250 - 254 - 258 - 262 - 263 - 274 - 277 - 278 - 279 - 282 - 285 - 290 - 291 - 297 - 298 - 303 - 304 - 311 - 325 - 328 - 331 - 347 - 348 - 352 - 355 - 356 - 362 - 363 - 365 - 372 - 380 - 393 - 395 - 399 - 401 - 402 - 404 - 409 - 427 - 428 - 429 - 435 - 446 - 450 - 453 - 455 - 458 - 459 - 467 - 469 - 473 - 477 - 483 - 488 - 489 - 492 - 493 - 495 - 496 - 497 - 498,3734251.0,20.0,60010,51611,20.6,Cost: 60010 & Capacity: 51611
3 - 6 - 7 - 8 - 9 - 10 - 11 - 12 - 13 - 14 - 15 - 17 - 18 - 19 - 22 - 25 - 28 - 32 - 34 - 35 - 36 - 38 - 39 - 41 - 42 - 45 - 47 - 48 - 50 - 56 - 57 - 61 - 65 - 68 - 74 - 76 - 78 - 79 - 80 - 81 - 83 - 84 - 86 - 91 - 93 - 94 - 96 - 97 - 101 - 104 - 105 - 107 - 110 - 112 - 116 - 119 - 121 - 122 - 125 - 130 - 132 - 137 - 139 - 140 - 142 - 145 - 146 - 147 - 149 - 150 - 151 - 152 - 154 - 155 - 156 - 157 - 158 - 159 - 160 - 163 - 165 - 168 - 169 - 171 - 174 - 176 - 177 - 178 - 179 - 180 - 182 - 187 - 192 - 193 - 195 - 196 - 197 - 199 - 200 - 205 - 207 - 209 - 211 - 213 - 214 - 216 - 218 - 220 - 221 - 224 - 225 - 226 - 232 - 233 - 235 - 236 - 237 - 240 - 244 - 248 - 250 - 251 - 253 - 255 - 257 - 259 - 263 - 267 - 269 - 271 - 272 - 274 - 275 - 279 - 280 - 281 - 282 - 283 - 285 - 286 - 287 - 288 - 290 - 291 - 293 - 294 - 295 - 297 - 299 - 303 - 304 - 305 - 310 - 311 - 314 - 316 - 321 - 327 - 328 - 329 - 330 - 331 - 336 - 337 - 338 - 341 - 343 - 344 - 345 - 347 - 350 - 351 - 356 - 357 - 358 - 359 - 360 - 361 - 362 - 363 - 364 - 365 - 366 - 367 - 369 - 370 - 372 - 374 - 378 - 379 - 387 - 388 - 393 - 399 - 403 - 404 - 405 - 409 - 410 - 414 - 415 - 416 - 419 - 423 - 424 - 426 - 427 - 429 - 430 - 431 - 433 - 434 - 436 - 437 - 440 - 441 - 442 - 444 - 446 - 448 - 453 - 456 - 457 - 458 - 465 - 467 - 469 - 470 - 471 - 472 - 473 - 474 - 475 - 477 - 481 - 483 - 491 - 497 - 498 - 499,14362339.8,0.0,60592,67389,22.1,Cost: 60592 & Capacity: 67389
3 - 6 - 7 - 8 - 9 - 10 - 11 - 12 - 13 - 14 - 15 - 17 - 18 - 19 - 22 - 25 - 28 - 32 - 34 - 35 - 36 - 38 - 39 - 41 - 42 - 45 - 47 - 48 - 50 - 56 - 57 - 61 - 65 - 68 - 74 - 76 - 78 - 79 - 80 - 81 - 82 - 83 - 84 - 86 - 91 - 93 - 94 - 96 - 97 - 101 - 104 - 105 - 107 - 110 - 112 - 116 - 119 - 121 - 122 - 125 - 130 - 132 - 137 - 139 - 140 - 142 - 145 - 146 - 147 - 149 - 150 - 151 - 152 - 154 - 155 - 156 - 157 - 158 - 159 - 160 - 163 - 168 - 169 - 171 - 174 - 176 - 177 - 178 - 179 - 180 - 182 - 187 - 192 - 193 - 195 - 196 - 197 - 199 - 200 - 205 - 207 - 209 - 211 - 213 - 214 - 216 - 218 - 220 - 221 - 224 - 225 - 226 - 232 - 233 - 235 - 236 - 237 - 240 - 244 - 248 - 250 - 251 - 253 - 255 - 257 - 259 - 263 - 267 - 269 - 271 - 274 - 275 - 277 - 279 - 280 - 281 - 282 - 283 - 285 - 286 - 287 - 288 - 290 - 291 - 293 - 294 - 295 - 297 - 299 - 303 - 304 - 305 - 310 - 311 - 314 - 316 - 321 - 327 - 328 - 329 - 330 - 331 - 336 - 337 - 338 - 341 - 343 - 344 - 345 - 347 - 350 - 351 - 356 - 357 - 358 - 359 - 361 - 362 - 363 - 364 - 365 - 366 - 367 - 369 - 370 - 372 - 374 - 378 - 379 - 387 - 388 - 393 - 399 - 403 - 404 - 405 - 409 - 410 - 414 - 415 - 416 - 419 - 423 - 424 - 426 - 427 - 429 - 430 - 431 - 433 - 434 - 436 - 437 - 440 - 441 - 442 - 444 - 446 - 448 - 453 - 456 - 457 - 458 - 465 - 467 - 469 - 470 - 471 - 472 - 473 - 474 - 475 - 477 - 481 - 483 - 491 - 497 - 498 - 499,14261228.8,0.0,60052,66385,22.31,Cost: 60052 & Capacity: 66385
3 - 6 - 7 - 8 - 9 - 10 - 11 - 12 - 13 - 14 - 15 - 17 - 18 - 19 - 22 - 25 - 28 - 32 - 34 - 35 - 36 - 38 - 39 - 41 - 42 - 45 - 47 - 48 - 50 - 56 - 57 - 61 - 65 - 68 - 74 - 76 - 78 - 79 - 80 - 81 - 82 - 83 - 84 - 86 - 91 - 93 - 94 - 96 - 97 - 101 - 104 - 105 - 107 - 110 - 112 - 116 - 119 - 121 - 122 - 125 - 130 - 132 - 137 - 139 - 140 - 142 - 145 - 146 - 147 - 149 - 150 - 151 - 152 - 154 - 155 - 156 - 157 - 158 - 159 - 160 - 163 - 168 - 169 - 171 - 174 - 176 - 177 - 178 - 179 - 180 - 182 - 187 - 192 - 193 - 195 - 196 - 197 - 199 - 200 - 205 - 207 - 209 - 211 - 213 - 214 - 216 - 218 - 220 - 221 - 224 - 225 - 226 - 232 - 233 - 235 - 236 - 237 - 240 - 244 - 248 - 250 - 251 - 253 - 255 - 257 - 259 - 263 - 267 - 269 - 271 - 274 - 275 - 277 - 279 - 280 - 281 - 282 - 283 - 285 - 286 - 287 - 288 - 290 - 291 - 293 - 294 - 295 - 297 - 299 - 303 - 304 - 305 - 310 - 311 - 314 - 316 - 321 - 327 - 328 - 329 - 330 - 331 - 333 - 336 - 337 - 338 - 341 - 343 - 344 - 345 - 347 - 350 - 351 - 356 - 357 - 358 - 359 - 361 - 362 - 363 - 364 - 365 - 366 - 367 - 369 - 370 - 372 - 374 - 378 - 379 - 387 - 388 - 393 - 399 - 403 - 404 - 405 - 409 - 410 - 414 - 415 - 416 - 419 - 423 - 424 - 426 - 427 - 429 - 430 - 431 - 433 - 434 - 436 - 437 - 440 - 441 - 442 - 444 - 446 - 448 - 453 - 456 - 457 - 458 - 465 - 467 - 469 - 470 - 471 - 472 - 473 - 474 - 475 - 477 - 481 - 483 - 491 - 497 - 498 - 499,14386577.1,0.0,60535,66985,22.31,Cost: 60535 & Capacity: 66985
0 - 6 - 7 - 11 - 14 - 16 - 28 - 34 - 37 - 39 - 43 - 45 - 49 - 51 - 56 - 75 - 78 - 86 - 90 - 95 - 99 - 101 - 102 - 107 - 112 - 118 - 125 - 127 - 132 - 136 - 141 - 142 - 147 - 150 - 151 - 158 - 167 - 172 - 182 - 187 - 191 - 205 - 219 - 221 - 223 - 224 - 229 - 231 - 232 - 236 - 238 - 240 - 241 - 249 - 254 - 256 - 261 - 262 - 264 - 265 - 271 - 279 - 287 - 291 - 294 - 301 - 303 - 304 - 313 - 319 - 320 - 323 - 325 - 327 - 329 - 333 - 366 - 367 - 372 - 377 - 378 - 380 - 390 - 391 - 393 - 409 - 418 - 426 - 427 - 437 - 440 - 443 - 450 - 453 - 455 - 462 - 467 - 472 - 473 - 477 - 487 - 496,2689416.7,27.6,58601,49984,24.39,Cost: 58601 & Capacity: 49984
0 - 6 - 7 - 11 - 14 - 16 - 28 - 34 - 37 - 39 - 43 - 45 - 49 - 51 - 56 - 75 - 78 - 86 - 90 - 95 - 99 - 101 - 102 - 107 - 112 - 118 - 125 - 127 - 132 - 136 - 141 - 142 - 144 - 147 - 150 - 151 - 158 - 167 - 172 - 182 - 187 - 191 - 205 - 219 - 221 - 223 - 224 - 229 - 231 - 232 - 236 - 238 - 240 - 241 - 249 - 254 - 256 - 261 - 262 - 264 - 265 - 271 - 279 - 287 - 291 - 294 - 301 - 303 - 304 - 313 - 319 - 320 - 323 - 325 - 327 - 329 - 333 - 366 - 367 - 372 - 377 - 378 - 380 - 390 - 391 - 393 - 409 - 418 - 426 - 427 - 437 - 440 - 443 - 450 - 453 - 455 - 462 - 467 - 472 - 473 - 477 - 487 - 496,2739711.5,27.4,59266,50595,24.39,Cost: 59266 & Capacity: 50595
0 - 6 - 7 - 11 - 14 - 16 - 28 - 34 - 37 - 39 - 43 - 45 - 49 - 51 - 56 - 75 - 78 - 86 - 90 - 95 - 99 - 101 - 102 - 107 - 112 - 118 - 125 - 127 - 132 - 136 - 141 - 142 - 144 - 147 - 150 - 151 - 158 - 167 - 172 - 182 - 187 - 191 - 205 - 219 - 221 - 223 - 224 - 229 - 231 - 232 - 236 - 238 - 240 - 241 - 249 - 254 - 256 - 261 - 262 - 264 - 265 - 271 - 279 - 287 - 291 - 294 - 301 - 303 - 304 - 313 - 319 - 320 - 323 - 325 - 327 - 329 - 333 - 366 - 367 - 371 - 372 - 377 - 378 - 380 - 390 - 391 - 393 - 409 - 418 - 426 - 427 - 437 - 440 - 443 - 450 - 453 - 455 - 462 - 467 - 472 - 473 - 477 - 487 - 496,2796658.7,27.3,59900,51239,24.39,Cost: 59900 & Capacity: 51239
0 - 6 - 7 - 11 - 14 - 16 - 28 - 34 - 37 - 39 - 43 - 45 - 49 - 51 - 56 - 75 - 78 - 86 - 90 - 95 - 99 - 101 - 102 - 107 - 112 - 118 - 125 - 127 - 132 - 136 - 141 - 142 - 144 - 147 - 150 - 151 - 158 - 160 - 167 - 172 - 182 - 187 - 191 - 205 - 219 - 221 - 223 - 224 - 229 - 231 - 232 - 236 - 238 - 240 - 241 - 249 - 254 - 256 - 261 - 262 - 264 - 265 - 271 - 279 - 287 - 291 - 294 - 301 - 303 - 304 - 313 - 319 - 320 - 323 - 325 - 327 - 329 - 333 - 366 - 367 - 371 - 372 - 377 - 378 - 380 - 390 - 391 - 393 - 409 - 418 - 426 - 427 - 437 - 440 - 443 - 450 - 453 - 455 - 462 - 467 - 472 - 473 - 477 - 487 - 496,2845434.7,26.8,59930,51262,24.39,Cost: 59930 & Capacity: 51262
5 - 18 - 21 - 24 - 30 - 37 - 46 - 48 - 50 - 52 - 53 - 55 - 58 - 69 - 92 - 93 - 98 - 101 - 104 - 128 - 134 - 137 - 138 - 145 - 152 - 153 - 165 - 174 - 177 - 178 - 181 - 188 - 189 - 190 - 192 - 196 - 207 - 210 - 211 - 218 - 225 - 231 - 232 - 233 - 238 - 249 - 253 - 259 - 261 - 263 - 266 - 267 - 268 - 270 - 272 - 277 - 282 - 286 - 288 - 298 - 304 - 306 - 307 - 310 - 311 - 330 - 333 - 362 - 383 - 389 - 402 - 407 - 417 - 428 - 429 - 432 - 435 - 436 - 437 - 448 - 451 - 456 - 465 - 468 - 481 - 485 - 488 - 489 - 495 - 496,2114584.7,33.0,59958,49927,25.79,Cost: 59958 & Capacity: 49927
3 - 6 - 7 - 8 - 9 - 10 - 11 - 12 - 13 - 14 - 15 - 17 - 18 - 19 - 22 - 25 - 28 - 32 - 34 - 35 - 36 - 38 - 39 - 41 - 42 - 45 - 47 - 48 - 50 - 56 - 57 - 61 - 65 - 68 - 74 - 76 - 78 - 79 - 80 - 81 - 82 - 83 - 84 - 86 - 91 - 93 - 94 - 96 - 97 - 101 - 104 - 105 - 107 - 110 - 112 - 116 - 119 - 121 - 122 - 125 - 130 - 132 - 137 - 139 - 140 - 142 - 145 - 146 - 147 - 149 - 150 - 151 - 152 - 154 - 155 - 156 - 157 - 158 - 159 - 160 - 163 - 168 - 169 - 171 - 174 - 176 - 177 - 178 - 179 - 180 - 182 - 187 - 192 - 193 - 195 - 196 - 197 - 199 - 200 - 205 - 207 - 209 - 211 - 213 - 214 - 216 - 218 - 220 - 221 - 224 - 225 - 226 - 232 - 233 - 235 - 236 - 237 - 240 - 244 - 248 - 250 - 251 - 253 - 255 - 257 - 259 - 263 - 267 - 269 - 271 - 274 - 275 - 277 - 279 - 280 - 281 - 282 - 283 - 285 - 286 - 287 - 288 - 290 - 291 - 293 - 294 - 295 - 297 - 299 - 303 - 304 - 305 - 310 - 311 - 314 - 316 - 321 - 327 - 328 - 329 - 330 - 331 - 336 - 337 - 338 - 341 - 343 - 344 - 345 - 347 - 350 - 351 - 356 - 357 - 358 - 359 - 361 - 362 - 363 - 364 - 365 - 366 - 367 - 369 - 370 - 372 - 374 - 378 - 379 - 387 - 391 - 393 - 399 - 403 - 404 - 405 - 409 - 410 - 414 - 415 - 416 - 419 - 423 - 424 - 426 - 427 - 429 - 430 - 431 - 433 - 434 - 436 - 437 - 440 - 441 - 442 - 444 - 446 - 448 - 453 - 456 - 457 - 458 - 465 - 467 - 469 - 470 - 471 - 472 - 473 - 474 - 475 - 477 - 481 - 483 - 491 - 497 - 498 - 499,14261072.6,0.0,60055,66108,0.58,Cost: 60055 & Capacity: 66108
3 - 6 - 7 - 8 - 9 - 10 - 11 - 12 - 13 - 14 - 15 - 17 - 18 - 19 - 22 - 25 - 28 - 32 - 34 - 35 - 36 - 38 - 39 - 41 - 42 - 45 - 47 - 48 - 50 - 56 - 57 - 61 - 65 - 68 - 74 - 76 - 78 - 79 - 80 - 81 - 82 - 83 - 84 - 86 - 91 - 93 - 94 - 96 - 97 - 101 - 104 - 105 - 107 - 110 - 112 - 116 - 119 - 121 - 122 - 125 - 130 - 132 - 137 - 139 - 140 - 142 - 145 - 146 - 147 - 149 - 150 - 151 - 152 - 154 - 155 - 156 - 157 - 158 - 159 - 160 - 163 - 168 - 169 - 171 - 174 - 176 - 177 - 178 - 179 - 180 - 182 - 187 - 192 - 193 - 195 - 196 - 197 - 199 - 200 - 205 - 207 - 209 - 211 - 213 - 214 - 216 - 218 - 220 - 221 - 224 - 225 - 226 - 232 - 233 - 235 - 236 - 237 - 240 - 244 - 248 - 250 - 251 - 253 - 255 - 257 - 259 - 263 - 267 - 269 - 271 - 274 - 275 - 277 - 279 - 280 - 281 - 282 - 283 - 285 - 286 - 287 - 288 - 290 - 291 - 293 - 294 - 295 - 297 - 299 - 303 - 304 - 305 - 310 - 311 - 314 - 316 - 321 - 327 - 328 - 329 - 330 - 331 - 336 - 337 - 338 - 341 - 343 - 344 - 345 - 347 - 350 - 351 - 356 - 357 - 358 - 359 - 361 - 362 - 363 - 364 - 365 - 366 - 367 - 369 - 370 - 372 - 374 - 378 - 379 - 387 - 393 - 399 - 403 - 404 - 405 - 409 - 410 - 414 - 415 - 416 - 419 - 423 - 424 - 426 - 427 - 429 - 430 - 431 - 433 - 434 - 436 - 437 - 440 - 441 - 442 - 444 - 446 - 448 - 453 - 456 - 457 - 458 - 465 - 467 - 469 - 470 - 471 - 472 - 473 - 474 - 475 - 477 - 481 - 483 - 491 - 497 - 498 - 499,14140042.5,0.0,59571,65793,0.59,Cost: 59571 & Capacity: 65793
3 - 6 - 7 - 8 - 9 - 10 - 11 - 12 - 13 - 14 - 15 - 17 - 18 - 19 - 22 - 25 - 28 - 32 - 34 - 35 - 36 - 38 - 39 - 41 - 42 - 45 - 48 - 50 - 56 - 57 - 61 - 65 - 68 - 74 - 76 - 78 - 79 - 80 - 81 - 82 - 83 - 84 - 86 - 91 - 93 - 94 - 96 - 97 - 101 - 104 - 105 - 107 - 110 - 112 - 116 - 119 - 121 - 122 - 125 - 130 - 132 - 137 - 139 - 140 - 142 - 145 - 146 - 147 - 149 - 150 - 151 - 152 - 154 - 155 - 156 - 157 - 158 - 159 - 160 - 163 - 168 - 169 - 171 - 174 - 176 - 177 - 178 - 179 - 180 - 182 - 187 - 191 - 192 - 193 - 195 - 196 - 197 - 199 - 200 - 205 - 207 - 209 - 211 - 213 - 214 - 216 - 218 - 220 - 221 - 224 - 225 - 226 - 232 - 233 - 235 - 236 - 237 - 240 - 244 - 248 - 250 - 251 - 253 - 255 - 257 - 259 - 263 - 267 - 269 - 271 - 272 - 274 - 275 - 277 - 279 - 280 - 281 - 282 - 283 - 285 - 286 - 287 - 288 - 290 - 291 - 293 - 294 - 295 - 297 - 299 - 303 - 304 - 305 - 310 - 311 - 314 - 316 - 321 - 327 - 328 - 329 - 330 - 331 - 333 - 336 - 337 - 338 - 341 - 343 - 344 - 345 - 347 - 350 - 351 - 356 - 357 - 358 - 359 - 361 - 362 - 363 - 364 - 365 - 366 - 367 - 369 - 370 - 372 - 374 - 378 - 379 - 387 - 388 - 393 - 399 - 403 - 404 - 405 - 409 - 410 - 414 - 415 - 416 - 419 - 423 - 424 - 427 - 429 - 430 - 431 - 433 - 434 - 436 - 437 - 440 - 441 - 442 - 444 - 446 - 448 - 453 - 456 - 457 - 458 - 465 - 467 - 469 - 470 - 471 - 472 - 473 - 474 - 475 - 477 - 481 - 483 - 491 - 497 - 498 - 499,14401817.4,0.0,60591,67638,3.03,Cost: 60591 & Capacity: 67638
3 - 6 - 7 - 8 - 9 - 10 - 11 - 12 - 13 - 14 - 15 - 17 - 18 - 19 - 22 - 23 - 25 - 34 - 35 - 38 - 39 - 41 - 42 - 45 - 47 - 48 - 50 - 56 - 57 - 61 - 62 - 65 - 68 - 74 - 76 - 78 - 79 - 80 - 81 - 83 - 84 - 86 - 94 - 96 - 97 - 101 - 104 - 105 - 110 - 112 - 116 - 119 - 120 - 121 - 122 - 125 - 130 - 132 - 134 - 137 - 139 - 140 - 142 - 143 - 145 - 146 - 147 - 149 - 150 - 151 - 152 - 154 - 155 - 156 - 158 - 159 - 160 - 168 - 169 - 171 - 174 - 176 - 177 - 178 - 179 - 180 - 187 - 191 - 192 - 193 - 195 - 196 - 197 - 199 - 200 - 205 - 206 - 207 - 209 - 211 - 214 - 216 - 218 - 220 - 221 - 224 - 232 - 233 - 235 - 236 - 237 - 238 - 240 - 241 - 244 - 248 - 250 - 251 - 252 - 253 - 255 - 259 - 266 - 271 - 272 - 274 - 277 - 279 - 280 - 281 - 283 - 285 - 286 - 287 - 288 - 290 - 293 - 294 - 295 - 297 - 299 - 303 - 304 - 305 - 310 - 311 - 314 - 315 - 316 - 321 - 324 - 327 - 328 - 329 - 330 - 331 - 333 - 336 - 337 - 343 - 344 - 345 - 347 - 349 - 351 - 356 - 357 - 358 - 359 - 361 - 362 - 363 - 364 - 365 - 366 - 367 - 369 - 370 - 374 - 375 - 378 - 379 - 386 - 387 - 395 - 396 - 399 - 404 - 405 - 409 - 410 - 414 - 415 - 416 - 419 - 421 - 423 - 424 - 427 - 429 - 430 - 433 - 434 - 436 - 437 - 440 - 442 - 444 - 448 - 453 - 456 - 458 - 465 - 467 - 468 - 469 - 470 - 471 - 473 - 474 - 475 - 477 - 482 - 483 - 493 - 497 - 498 - 499,13231222.9,0.4,60580,63477,4.68,Cost: 60580 & Capacity: 63477
3 - 6 - 7 - 8 - 9 - 10 - 11 - 12 - 13 - 14 - 15 - 17 - 18 - 19 - 22 - 25 - 28 - 32 - 34 - 35 - 36 - 38 - 39 - 41 - 42 - 45 - 48 - 50 - 56 - 57 - 61 - 65 - 68 - 74 - 76 - 78 - 79 - 80 - 81 - 82 - 83 - 84 - 86 - 91 - 93 - 94 - 96 - 97 - 101 - 104 - 105 - 107 - 110 - 112 - 116 - 119 - 121 - 122 - 125 - 130 - 132 - 137 - 139 - 140 - 142 - 145 - 146 - 147 - 149 - 150 - 151 - 152 - 154 - 155 - 156 - 157 - 158 - 159 - 160 - 163 - 168 - 169 - 171 - 174 - 176 - 177 - 178 - 179 - 180 - 182 - 187 - 191 - 192 - 193 - 195 - 196 - 197 - 199 - 200 - 205 - 207 - 209 - 211 - 213 - 214 - 216 - 218 - 220 - 221 - 224 - 225 - 226 - 232 - 233 - 235 - 236 - 237 - 240 - 244 - 248 - 250 - 251 - 253 - 255 - 257 - 259 - 263 - 267 - 269 - 271 - 272 - 274 - 275 - 277 - 279 - 280 - 281 - 282 - 283 - 285 - 286 - 287 - 288 - 290 - 291 - 293 - 294 - 295 - 297 - 299 - 303 - 304 - 305 - 310 - 311 - 314 - 316 - 321 - 327 - 328 - 329 - 330 - 331 - 333 - 336 - 337 - 338 - 341 - 343 - 344 - 345 - 347 - 350 - 351 - 356 - 357 - 358 - 359 - 361 - 362 - 363 - 364 - 365 - 366 - 367 - 369 - 370 - 372 - 374 - 378 - 379 - 387 - 388 - 393 - 399 - 403 - 404 - 405 - 409 - 410 - 414 - 415 - 416 - 419 - 423 - 424 - 427 - 429 - 430 - 431 - 433 - 434 - 436 - 437 - 440 - 441 - 442 - 444 - 446 - 448 - 453 - 456 - 457 - 458 - 465 - 467 - 469 - 470 - 471 - 472 - 473 - 474 - 475 - 477 - 481 - 483 - 491 - 497 - 498 - 499,14401817.4,0.0,60591,67638,7.39,Cost: 60591 & Capacity: 67638
3 - 6 - 7 - 9 - 10 - 12 - 15 - 17 - 18 - 22 - 24 - 28 - 35 - 38 - 41 - 42 - 45 - 48 - 50 - 56 - 57 - 61 - 62 - 65 - 66 - 68 - 70 - 74 - 75 - 76 - 78 - 80 - 83 - 86 - 94 - 96 - 97 - 101 - 105 - 107 - 109 - 110 - 112 - 116 - 119 - 120 - 121 - 122 - 125 - 130 - 132 - 133 - 134 - 137 - 139 - 140 - 142 - 146 - 147 - 149 - 154 - 155 - 156 - 158 - 160 - 165 - 168 - 176 - 177 - 179 - 180 - 182 - 186 - 187 - 191 - 192 - 195 - 196 - 197 - 200 - 205 - 207 - 209 - 211 - 213 - 216 - 220 - 224 - 229 - 232 - 233 - 235 - 236 - 237 - 238 - 244 - 248 - 250 - 251 - 253 - 260 - 266 - 267 - 269 - 271 - 272 - 274 - 275 - 279 - 280 - 281 - 282 - 283 - 285 - 286 - 288 - 290 - 292 - 293 - 294 - 295 - 299 - 303 - 304 - 310 - 311 - 314 - 315 - 316 - 317 - 321 - 327 - 328 - 330 - 331 - 336 - 338 - 341 - 345 - 346 - 347 - 349 - 351 - 357 - 359 - 360 - 361 - 362 - 364 - 366 - 369 - 370 - 371 - 374 - 378 - 379 - 382 - 386 - 388 - 391 - 396 - 404 - 405 - 408 - 409 - 410 - 411 - 414 - 415 - 419 - 421 - 423 - 424 - 427 - 430 - 432 - 433 - 436 - 437 - 442 - 443 - 444 - 448 - 450 - 453 - 456 - 458 - 463 - 465 - 467 - 468 - 471 - 472 - 473 - 474 - 479 - 486 - 492 - 497 - 498 - 499,10164977.7,4.9,60594,61550,7.81,Cost: 60594 & Capacity: 61550
3 - 6 - 7 - 8 - 9 - 10 - 11 - 12 - 13 - 14 - 15 - 17 - 18 - 19 - 22 - 25 - 28 - 32 - 34 - 35 - 36 - 38 - 39 - 41 - 42 - 45 - 48 - 50 - 56 - 57 - 61 - 65 - 68 - 74 - 76 - 78 - 79 - 80 - 81 - 82 - 83 - 84 - 86 - 91 - 93 - 94 - 96 - 97 - 101 - 104 - 105 - 107 - 110 - 112 - 116 - 119 - 121 - 122 - 125 - 130 - 132 - 137 - 139 - 140 - 142 - 145 - 146 - 147 - 149 - 150 - 151 - 152 - 154 - 155 - 156 - 157 - 158 - 159 - 160 - 163 - 168 - 169 - 171 - 174 - 176 - 177 - 178 - 179 - 180 - 182 - 187 - 191 - 192 - 193 - 195 - 196 - 197 - 199 - 200 - 205 - 207 - 209 - 211 - 213 - 214 - 216 - 218 - 220 - 221 - 224 - 225 - 226 - 232 - 233 - 235 - 236 - 237 - 240 - 244 - 248 - 250 - 251 - 253 - 255 - 257 - 259 - 263 - 267 - 269 - 271 - 272 - 274 - 275 - 277 - 279 - 280 - 281 - 282 - 283 - 285 - 286 - 287 - 288 - 290 - 291 - 293 - 294 - 295 - 297 - 299 - 303 - 304 - 305 - 310 - 311 - 314 - 316 - 321 - 327 - 328 - 329 - 330 - 331 - 333 - 336 - 337 - 338 - 341 - 343 - 344 - 345 - 347 - 350 - 351 - 356 - 357 - 358 - 359 - 361 - 362 - 363 - 364 - 365 - 366 - 367 - 369 - 370 - 372 - 374 - 378 - 379 - 387 - 388 - 393 - 399 - 403 - 404 - 405 - 409 - 410 - 414 - 415 - 416 - 419 - 423 - 424 - 427 - 429 - 430 - 431 - 433 - 434 - 436 - 437 - 440 - 441 - 442 - 444 - 446 - 448 - 453 - 456 - 457 - 458 - 465 - 467 - 469 - 470 - 471 - 472 - 473 - 474 - 475 - 477 - 481 - 483 - 491 - 497 - 498 - 499,14401817.4,0.0,60591,67638,8.29,Cost: 60591 & Capacity: 67638
3 - 6 - 7 - 9 - 12 - 14 - 15 - 17 - 18 - 19 - 22 - 24 - 31 - 35 - 36 - 38 - 41 - 42 - 45 - 48 - 50 - 54 - 56 - 57 - 61 - 62 - 65 - 68 - 75 - 76 - 78 - 80 - 83 - 86 - 94 - 96 - 97 - 98 - 101 - 105 - 109 - 110 - 112 - 116 - 119 - 121 - 122 - 125 - 128 - 130 - 132 - 135 - 136 - 137 - 139 - 140 - 142 - 146 - 147 - 149 - 154 - 155 - 156 - 158 - 160 - 165 - 168 - 176 - 177 - 179 - 182 - 187 - 188 - 191 - 192 - 195 - 196 - 197 - 200 - 205 - 207 - 209 - 211 - 212 - 214 - 216 - 220 - 221 - 224 - 229 - 232 - 233 - 235 - 236 - 237 - 238 - 244 - 248 - 250 - 251 - 253 - 260 - 266 - 269 - 271 - 272 - 274 - 277 - 279 - 281 - 282 - 283 - 285 - 286 - 290 - 292 - 293 - 294 - 295 - 299 - 303 - 304 - 311 - 314 - 315 - 316 - 317 - 321 - 327 - 328 - 330 - 335 - 336 - 338 - 344 - 346 - 349 - 357 - 359 - 360 - 361 - 362 - 364 - 369 - 370 - 371 - 374 - 378 - 382 - 386 - 389 - 391 - 404 - 405 - 409 - 410 - 414 - 415 - 419 - 421 - 423 - 425 - 427 - 430 - 431 - 432 - 433 - 436 - 437 - 442 - 443 - 444 - 448 - 450 - 453 - 456 - 458 - 463 - 467 - 468 - 471 - 473 - 474 - 479 - 485 - 486 - 492 - 497 - 498 - 499,9094625.0,6.6,60561,60535,11.63,Cost: 60561 & Capacity: 60535
3 - 6 - 7 - 8 - 9 - 10 - 11 - 12 - 13 - 14 - 15 - 17 - 18 - 19 - 22 - 25 - 28 - 32 - 34 - 35 - 36 - 38 - 39 - 41 - 42 - 45 - 47 - 48 - 50 - 56 - 57 - 61 - 65 - 68 - 74 - 76 - 78 - 79 - 80 - 81 - 82 - 83 - 84 - 86 - 91 - 93 - 94 - 96 - 97 - 101 - 104 - 105 - 107 - 110 - 112 - 116 - 119 - 121 - 122 - 125 - 130 - 132 - 137 - 139 - 140 - 142 - 145 - 146 - 147 - 149 - 150 - 151 - 152 - 154 - 155 - 156 - 157 - 158 - 159 - 160 - 163 - 168 - 169 - 171 - 174 - 176 - 177 - 178 - 179 - 180 - 182 - 187 - 192 - 193 - 195 - 196 - 197 - 199 - 200 - 205 - 207 - 209 - 211 - 213 - 214 - 216 - 218 - 220 - 221 - 224 - 225 - 226 - 232 - 233 - 235 - 236 - 237 - 240 - 244 - 248 - 250 - 251 - 253 - 255 - 257 - 259 - 263 - 267 - 269 - 271 - 274 - 275 - 279 - 280 - 281 - 282 - 283 - 285 - 286 - 287 - 288 - 290 - 291 - 293 - 294 - 295 - 297 - 299 - 303 - 304 - 305 - 310 - 311 - 314 - 316 - 321 - 327 - 328 - 329 - 330 - 331 - 336 - 337 - 338 - 341 - 343 - 344 - 345 - 347 - 350 - 351 - 356 - 357 - 358 - 359 - 361 - 362 - 363 - 364 - 365 - 366 - 367 - 369 - 370 - 372 - 374 - 378 - 379 - 387 - 393 - 399 - 403 - 404 - 405 - 409 - 410 - 414 - 415 - 416 - 419 - 423 - 424 - 426 - 427 - 429 - 430 - 431 - 433 - 434 - 436 - 437 - 440 - 441 - 442 - 444 - 446 - 448 - 453 - 456 - 457 - 458 - 465 - 467 - 469 - 470 - 471 - 472 - 473 - 474 - 475 - 477 - 481 - 483 - 491 - 497 - 498 - 499,14010935.5,0.0,59098,65497,14.49,Cost: 59098 & Capacity: 65497
2 - 3 - 4 - 9 - 14 - 15 - 18 - 24 - 33 - 41 - 42 - 56 - 57 - 68 - 76 - 80 - 86 - 88 - 98 - 109 - 111 - 122 - 125 - 128 - 130 - 131 - 132 - 134 - 137 - 143 - 147 - 151 - 153 - 160 - 171 - 175 - 176 - 182 - 186 - 187 - 188 - 191 - 197 - 200 - 205 - 207 - 209 - 212 - 216 - 217 - 218 - 219 - 224 - 229 - 232 - 233 - 240 - 241 - 249 - 252 - 253 - 254 - 261 - 262 - 264 - 267 - 272 - 277 - 279 - 280 - 281 - 284 - 286 - 287 - 288 - 290 - 295 - 302 - 303 - 311 - 314 - 316 - 320 - 328 - 331 - 333 - 335 - 336 - 344 - 356 - 361 - 362 - 378 - 393 - 394 - 409 - 410 - 419 - 425 - 430 - 432 - 435 - 437 - 443 - 447 - 448 - 449 - 450 - 456 - 458 - 459 - 465 - 466 - 467 - 469 - 471 - 473 - 475 - 476 - 479 - 487 - 491 - 494 - 496 - 497 - 498,4062446.0,19.6,60473,50251,19.35,Cost: 60473 & Capacity: 50251
3 - 11 - 14 - 17 - 19 - 22 - 23 - 25 - 34 - 45 - 49 - 50 - 61 - 75 - 80 - 86 - 89 - 101 - 102 - 109 - 111 - 115 - 120 - 123 - 125 - 128 - 134 - 135 - 137 - 139 - 142 - 149 - 151 - 152 - 154 - 156 - 158 - 160 - 174 - 176 - 178 - 180 - 183 - 185 - 186 - 187 - 188 - 191 - 193 - 200 - 201 - 204 - 205 - 209 - 215 - 218 - 220 - 224 - 232 - 233 - 237 - 240 - 241 - 242 - 248 - 251 - 254 - 257 - 259 - 261 - 262 - 266 - 280 - 286 - 288 - 291 - 292 - 295 - 298 - 303 - 311 - 312 - 314 - 316 - 317 - 321 - 327 - 330 - 335 - 337 - 338 - 345 - 351 - 356 - 360 - 362 - 370 - 374 - 378 - 381 - 396 - 406 - 408 - 409 - 410 - 418 - 421 - 426 - 428 - 430 - 434 - 437 - 441 - 447 - 449 - 453 - 459 - 466 - 468 - 470 - 475 - 478 - 488 - 490 - 492 - 493,4184880.9,18.3,60309,54388,19.69,Cost: 60309 & Capacity: 54388
6 - 7 - 14 - 18 - 22 - 24 - 27 - 33 - 37 - 40 - 48 - 52 - 58 - 65 - 77 - 86 - 93 - 94 - 109 - 116 - 117 - 120 - 124 - 137 - 145 - 148 - 149 - 152 - 165 - 168 - 174 - 175 - 186 - 188 - 191 - 192 - 193 - 194 - 196 - 200 - 202 - 209 - 210 - 214 - 218 - 238 - 250 - 252 - 259 - 261 - 262 - 266 - 268 - 270 - 272 - 276 - 281 - 284 - 286 - 290 - 295 - 297 - 308 - 310 - 314 - 315 - 319 - 327 - 333 - 344 - 348 - 355 - 359 - 360 - 371 - 378 - 379 - 384 - 389 - 393 - 396 - 402 - 407 - 408 - 411 - 412 - 417 - 418 - 434 - 436 - 441 - 447 - 465 - 466 - 471 - 475 - 479 - 490 - 494 - 495 - 496,2621721.5,29.8,60487,50079,20.82,Cost: 60487 & Capacity: 50079
6 - 7 - 14 - 18 - 22 - 24 - 27 - 33 - 37 - 40 - 48 - 50 - 52 - 58 - 65 - 77 - 86 - 93 - 94 - 109 - 116 - 117 - 120 - 124 - 137 - 145 - 148 - 149 - 152 - 165 - 168 - 174 - 175 - 186 - 188 - 191 - 192 - 193 - 194 - 196 - 200 - 202 - 209 - 210 - 214 - 218 - 238 - 250 - 252 - 259 - 261 - 262 - 266 - 268 - 270 - 272 - 276 - 281 - 284 - 286 - 290 - 295 - 297 - 308 - 310 - 314 - 315 - 319 - 327 - 333 - 344 - 348 - 355 - 359 - 360 - 371 - 378 - 379 - 384 - 389 - 393 - 396 - 402 - 407 - 408 - 411 - 412 - 417 - 418 - 434 - 436 - 441 - 447 - 465 - 466 - 471 - 475 - 479 - 490 - 494 - 495 - 496,2677839.9,27.9,60544,50158,20.82,Cost: 60544 & Capacity: 50158
3 - 6 - 7 - 8 - 9 - 10 - 11 - 12 - 13 - 14 - 15 - 17 - 18 - 19 - 22 - 25 - 28 - 32 - 34 - 35 - 36 - 38 - 39 - 41 - 42 - 45 - 48 - 50 - 56 - 57 - 61 - 65 - 68 - 74 - 76 - 78 - 79 - 80 - 81 - 82 - 83 - 84 - 86 - 91 - 93 - 94 - 96 - 97 - 101 - 104 - 105 - 107 - 110 - 112 - 116 - 119 - 121 - 122 - 125 - 130 - 132 - 137 - 139 - 140 - 142 - 145 - 146 - 147 - 149 - 150 - 151 - 152 - 154 - 155 - 156 - 157 - 158 - 159 - 160 - 163 - 168 - 169 - 171 - 174 - 176 - 177 - 178 - 179 - 180 - 182 - 187 - 191 - 192 - 193 - 195 - 196 - 197 - 199 - 200 - 205 - 207 - 209 - 211 - 213 - 214 - 216 - 218 - 220 - 221 - 224 - 225 - 226 - 232 - 233 - 235 - 236 - 237 - 240 - 244 - 248 - 250 - 251 - 253 - 255 - 257 - 259 - 263 - 267 - 269 - 271 - 272 - 274 - 275 - 277 - 279 - 280 - 281 - 282 - 283 - 285 - 286 - 287 - 288 - 290 - 291 - 293 - 294 - 295 - 297 - 299 - 303 - 304 - 305 - 310 - 311 - 314 - 316 - 321 - 327 - 328 - 329 - 330 - 331 - 333 - 336 - 337 - 338 - 341 - 343 - 344 - 345 - 347 - 350 - 351 - 356 - 357 - 358 - 359 - 361 - 362 - 363 - 364 - 365 - 366 - 367 - 369 - 370 - 372 - 374 - 378 - 379 - 387 - 388 - 393 - 399 - 403 - 404 - 405 - 409 - 410 - 414 - 415 - 416 - 419 - 423 - 424 - 427 - 429 - 430 - 431 - 433 - 434 - 436 - 437 - 440 - 441 - 442 - 444 - 446 - 448 - 453 - 456 - 457 - 458 - 465 - 467 - 469 - 470 - 471 - 472 - 473 - 474 - 475 - 477 - 481 - 483 - 491 - 497 - 498 - 499,14401817.4,0.0,60591,67638,24.79,Cost: 60591 & Capacity: 67638
3 - 6 - 7 - 8 - 10 - 11 - 12 - 13 - 14 - 15 - 17 - 18 - 19 - 22 - 25 - 28 - 32 - 34 - 35 - 36 - 38 - 39 - 41 - 42 - 45 - 47 - 48 - 50 - 56 - 57 - 61 - 65 - 74 - 76 - 78 - 79 - 80 - 81 - 83 - 84 - 86 - 91 - 93 - 94 - 96 - 97 - 101 - 104 - 105 - 107 - 110 - 112 - 116 - 119 - 121 - 122 - 125 - 130 - 132 - 134 - 137 - 139 - 140 - 142 - 145 - 146 - 147 - 149 - 150 - 151 - 152 - 154 - 155 - 156 - 157 - 158 - 159 - 160 - 163 - 168 - 169 - 171 - 174 - 176 - 177 - 178 - 179 - 180 - 182 - 187 - 191 - 192 - 193 - 195 - 196 - 197 - 199 - 200 - 205 - 207 - 209 - 211 - 213 - 214 - 216 - 218 - 220 - 221 - 224 - 225 - 232 - 233 - 235 - 236 - 237 - 240 - 244 - 248 - 250 - 251 - 253 - 255 - 257 - 259 - 263 - 267 - 269 - 271 - 272 - 274 - 275 - 277 - 279 - 280 - 281 - 282 - 283 - 285 - 286 - 287 - 288 - 290 - 291 - 293 - 294 - 295 - 297 - 299 - 303 - 304 - 305 - 310 - 311 - 314 - 316 - 321 - 327 - 328 - 329 - 330 - 331 - 333 - 336 - 337 - 338 - 341 - 343 - 344 - 345 - 347 - 350 - 351 - 356 - 357 - 358 - 359 - 361 - 362 - 363 - 364 - 365 - 366 - 367 - 369 - 370 - 372 - 374 - 378 - 379 - 387 - 388 - 393 - 399 - 403 - 404 - 405 - 409 - 410 - 414 - 415 - 416 - 419 - 423 - 424 - 426 - 427 - 429 - 430 - 431 - 433 - 434 - 436 - 437 - 440 - 441 - 442 - 444 - 446 - 448 - 453 - 456 - 457 - 458 - 465 - 467 - 469 - 470 - 471 - 472 - 473 - 474 - 475 - 477 - 481 - 483 - 491 - 497 - 498 - 499,14286159.8,0.0,60595,67297,25.34,Cost: 60595 & Capacity: 67297
0 - 4 - 14 - 18 - 19 - 20 - 31 - 32 - 36 - 37 - 48 - 50 - 56 - 57 - 58 - 59 - 61 - 80 - 86 - 88 - 92 - 95 - 97 - 106 - 109 - 116 - 124 - 128 - 132 - 134 - 136 - 142 - 144 - 147 - 150 - 161 - 172 - 175 - 176 - 180 - 182 - 183 - 185 - 186 - 187 - 191 - 192 - 205 - 209 - 211 - 212 - 216 - 224 - 229 - 249 - 251 - 254 - 259 - 272 - 273 - 288 - 292 - 304 - 306 - 311 - 315 - 317 - 319 - 320 - 327 - 330 - 332 - 337 - 338 - 347 - 348 - 350 - 351 - 362 - 371 - 391 - 411 - 418 - 421 - 423 - 426 - 429 - 434 - 437 - 440 - 447 - 449 - 451 - 453 - 468 - 469 - 474 - 477 - 481 - 483 - 486 - 492 - 495 - 496 - 498,2848318.7,26.4,60412,49298,25.38,Cost: 60412 & Capacity: 49298
0 - 4 - 14 - 18 - 19 - 20 - 31 - 32 - 48 - 50 - 56 - 57 - 58 - 59 - 61 - 80 - 86 - 88 - 92 - 95 - 97 - 101 - 105 - 106 - 109 - 116 - 124 - 128 - 132 - 134 - 136 - 142 - 144 - 147 - 150 - 154 - 158 - 161 - 165 - 172 - 175 - 176 - 177 - 180 - 182 - 183 - 185 - 186 - 187 - 191 - 192 - 205 - 209 - 211 - 212 - 216 - 224 - 229 - 249 - 251 - 254 - 259 - 272 - 273 - 288 - 292 - 295 - 304 - 306 - 311 - 315 - 317 - 319 - 320 - 327 - 329 - 330 - 332 - 337 - 338 - 347 - 350 - 351 - 362 - 371 - 396 - 411 - 418 - 421 - 423 - 426 - 429 - 434 - 437 - 440 - 447 - 449 - 451 - 453 - 459 - 468 - 469 - 474 - 477 - 481 - 483 - 486 - 492 - 495 - 496 - 498,3185328.3,22.6,60549,50389,25.39,Cost: 60549 & Capacity: 50389
3 - 6 - 7 - 8 - 9 - 10 - 11 - 12 - 13 - 14 - 15 - 17 - 18 - 19 - 22 - 25 - 28 - 32 - 34 - 35 - 36 - 38 - 39 - 41 - 42 - 45 - 48 - 50 - 56 - 57 - 61 - 65 - 68 - 74 - 76 - 78 - 79 - 80 - 81 - 82 - 83 - 84 - 86 - 91 - 93 - 94 - 96 - 97 - 101 - 104 - 105 - 107 - 110 - 112 - 116 - 119 - 121 - 122 - 125 - 130 - 132 - 137 - 139 - 140 - 142 - 145 - 146 - 147 - 149 - 150 - 151 - 152 - 154 - 155 - 156 - 157 - 158 - 159 - 160 - 163 - 168 - 169 - 171 - 174 - 176 - 177 - 178 - 179 - 180 - 182 - 187 - 191 - 192 - 193 - 195 - 196 - 197 - 199 - 200 - 205 - 207 - 209 - 211 - 213 - 214 - 216 - 218 - 220 - 221 - 224 - 225 - 226 - 232 - 233 - 235 - 236 - 237 - 240 - 244 - 248 - 250 - 251 - 253 - 255 - 257 - 259 - 263 - 267 - 269 - 271 - 272 - 274 - 275 - 277 - 279 - 280 - 281 - 282 - 283 - 285 - 286 - 287 - 288 - 290 - 291 - 293 - 294 - 295 - 297 - 299 - 303 - 304 - 305 - 310 - 311 - 314 - 316 - 321 - 327 - 328 - 329 - 330 - 331 - 333 - 336 - 337 - 338 - 341 - 343 - 344 - 345 - 347 - 350 - 351 - 356 - 357 - 358 - 359 - 361 - 362 - 363 - 364 - 365 - 366 - 367 - 369 - 370 - 372 - 374 - 378 - 379 - 387 - 388 - 393 - 399 - 403 - 404 - 405 - 409 - 410 - 414 - 415 - 416 - 419 - 423 - 424 - 427 - 429 - 430 - 431 - 433 - 434 - 436 - 437 - 440 - 441 - 442 - 444 - 446 - 448 - 453 - 456 - 457 - 458 - 465 - 467 - 469 - 470 - 471 - 472 - 473 - 474 - 475 - 477 - 481 - 483 - 491 - 497 - 498 - 499,14401817.4,0.0,60591,67638,28.46,Cost: 60591 & Capacity: 67638
3 - 6 - 7 - 8 - 9 - 10 - 11 - 12 - 13 - 14 - 15 - 17 - 18 - 22 - 25 - 34 - 35 - 36 - 38 - 39 - 41 - 42 - 45 - 48 - 50 - 56 - 57 - 61 - 65 - 68 - 74 - 75 - 76 - 78 - 80 - 83 - 86 - 94 - 96 - 97 - 101 - 104 - 110 - 112 - 116 - 119 - 120 - 121 - 122 - 125 - 130 - 132 - 134 - 137 - 139 - 140 - 142 - 145 - 146 - 147 - 149 - 150 - 152 - 154 - 155 - 156 - 157 - 158 - 159 - 160 - 163 - 165 - 168 - 169 - 176 - 177 - 178 - 179 - 180 - 182 - 187 - 191 - 192 - 193 - 195 - 196 - 197 - 199 - 200 - 205 - 207 - 209 - 211 - 213 - 214 - 216 - 218 - 220 - 221 - 224 - 225 - 232 - 233 - 235 - 236 - 237 - 240 - 244 - 248 - 250 - 251 - 253 - 255 - 259 - 260 - 263 - 266 - 267 - 269 - 271 - 272 - 274 - 275 - 279 - 280 - 281 - 283 - 285 - 287 - 288 - 290 - 292 - 293 - 294 - 295 - 297 - 299 - 303 - 304 - 305 - 310 - 311 - 314 - 315 - 316 - 317 - 321 - 327 - 328 - 329 - 330 - 331 - 336 - 338 - 341 - 343 - 344 - 345 - 347 - 350 - 351 - 356 - 357 - 358 - 359 - 360 - 361 - 362 - 363 - 364 - 365 - 366 - 367 - 369 - 370 - 371 - 374 - 378 - 379 - 386 - 387 - 388 - 393 - 395 - 399 - 404 - 405 - 409 - 410 - 414 - 415 - 416 - 419 - 421 - 423 - 424 - 427 - 429 - 430 - 431 - 432 - 433 - 434 - 436 - 437 - 440 - 442 - 444 - 446 - 448 - 450 - 453 - 456 - 458 - 465 - 467 - 468 - 470 - 471 - 472 - 473 - 474 - 475 - 477 - 483 - 491 - 497 - 498 - 499,13142281.3,0.6,60594,65875,31.11,Cost: 60594 & Capacity: 65875
3 - 6 - 7 - 8 - 9 - 10 - 11 - 12 - 13 - 14 - 15 - 17 - 18 - 19 - 22 - 25 - 28 - 32 - 34 - 35 - 36 - 38 - 39 - 41 - 42 - 45 - 48 - 50 - 56 - 57 - 61 - 65 - 68 - 74 - 76 - 78 - 79 - 80 - 81 - 82 - 83 - 84 - 86 - 91 - 93 - 94 - 96 - 97 - 101 - 104 - 105 - 107 - 110 - 112 - 116 - 119 - 121 - 122 - 125 - 130 - 132 - 137 - 139 - 140 - 142 - 145 - 146 - 147 - 149 - 150 - 151 - 152 - 154 - 155 - 156 - 157 - 158 - 159 - 160 - 163 - 168 - 169 - 171 - 174 - 176 - 177 - 178 - 179 - 180 - 182 - 187 - 191 - 192 - 193 - 195 - 196 - 197 - 199 - 200 - 205 - 207 - 209 - 211 - 213 - 214 - 216 - 218 - 220 - 221 - 224 - 225 - 226 - 232 - 233 - 235 - 236 - 237 - 240 - 244 - 248 - 250 - 251 - 253 - 255 - 257 - 259 - 263 - 267 - 269 - 271 - 272 - 274 - 275 - 277 - 279 - 280 - 281 - 282 - 283 - 285 - 286 - 287 - 288 - 290 - 291 - 293 - 294 - 295 - 297 - 299 - 303 - 304 - 305 - 310 - 311 - 314 - 316 - 321 - 327 - 328 - 329 - 330 - 331 - 333 - 336 - 337 - 338 - 341 - 343 - 344 - 345 - 347 - 350 - 351 - 356 - 357 - 358 - 359 - 361 - 362 - 363 - 364 - 365 - 366 - 367 - 369 - 370 - 372 - 374 - 378 - 379 - 387 - 388 - 393 - 399 - 403 - 404 - 405 - 409 - 410 - 414 - 415 - 416 - 419 - 423 - 424 - 427 - 429 - 430 - 431 - 433 - 434 - 436 - 437 - 440 - 441 - 442 - 444 - 446 - 448 - 453 - 456 - 457 - 458 - 465 - 467 - 469 - 470 - 471 - 472 - 473 - 474 - 475 - 477 - 481 - 483 - 491 - 497 - 498 - 499,14401817.4,0.0,60591,67638,31.35,Cost: 60591 & Capacity: 67638
3 - 6 - 7 - 8 - 9 - 10 - 11 - 12 - 13 - 14 - 15 - 17 - 18 - 19 - 22 - 25 - 28 - 32 - 34 - 35 - 36 - 38 - 39 - 41 - 42 - 45 - 47 - 48 - 50 - 56 - 57 - 61 - 65 - 68 - 74 - 76 - 78 - 79 - 80 - 81 - 82 - 83 - 84 - 86 - 91 - 93 - 94 - 96 - 97 - 101 - 104 - 105 - 107 - 110 - 112 - 116 - 119 - 121 - 122 - 125 - 130 - 132 - 137 - 139 - 140 - 142 - 145 - 146 - 147 - 149 - 150 - 151 - 152 - 154 - 155 - 156 - 157 - 158 - 159 - 160 - 163 - 168 - 169 - 171 - 174 - 176 - 177 - 178 - 179 - 180 - 182 - 187 - 192 - 193 - 195 - 196 - 197 - 199 - 200 - 205 - 207 - 209 - 211 - 213 - 214 - 216 - 218 - 220 - 221 - 224 - 225 - 226 - 232 - 233 - 235 - 236 - 237 - 240 - 244 - 248 - 250 - 251 - 253 - 255 - 257 - 259 - 263 - 267 - 269 - 271 - 272 - 274 - 275 - 277 - 279 - 280 - 281 - 282 - 283 - 285 - 286 - 287 - 288 - 290 - 293 - 294 - 295 - 297 - 299 - 303 - 304 - 305 - 310 - 311 - 314 - 316 - 321 - 327 - 328 - 329 - 330 - 331 - 333 - 336 - 337 - 338 - 341 - 343 - 344 - 345 - 347 - 350 - 351 - 356 - 357 - 358 - 359 - 361 - 362 - 363 - 364 - 365 - 366 - 367 - 369 - 370 - 372 - 374 - 378 - 379 - 387 - 388 - 391 - 393 - 399 - 403 - 404 - 405 - 409 - 410 - 414 - 415 - 416 - 419 - 423 - 424 - 427 - 429 - 430 - 431 - 433 - 434 - 436 - 437 - 440 - 441 - 442 - 444 - 446 - 448 - 453 - 456 - 457 - 458 - 465 - 467 - 469 - 470 - 471 - 472 - 473 - 474 - 475 - 477 - 481 - 483 - 491 - 497 - 498 - 499,14412493.3,0.0,60589,66956,31.94,Cost: 60589 & Capacity: 66956
3 - 6 - 7 - 8 - 9 - 10 - 11 - 12 - 13 - 14 - 15 - 17 - 18 - 19 - 22 - 25 - 28 - 32 - 34 - 35 - 36 - 38 - 39 - 41 - 42 - 45 - 47 - 48 - 50 - 56 - 57 - 61 - 65 - 68 - 74 - 76 - 78 - 79 - 80 - 81 - 82 - 83 - 84 - 86 - 91 - 93 - 94 - 96 - 97 - 101 - 104 - 105 - 107 - 110 - 112 - 116 - 119 - 121 - 122 - 125 - 130 - 132 - 137 - 139 - 140 - 142 - 145 - 146 - 147 - 149 - 150 - 151 - 152 - 154 - 155 - 156 - 157 - 158 - 159 - 160 - 163 - 168 - 169 - 171 - 174 - 176 - 177 - 178 - 179 - 180 - 182 - 187 - 192 - 193 - 195 - 196 - 197 - 199 - 200 - 205 - 207 - 209 - 211 - 213 - 214 - 216 - 218 - 220 - 221 - 224 - 225 - 226 - 232 - 233 - 235 - 236 - 237 - 240 - 244 - 248 - 250 - 251 - 253 - 255 - 257 - 259 - 263 - 267 - 271 - 272 - 274 - 275 - 277 - 279 - 280 - 281 - 282 - 283 - 285 - 286 - 287 - 288 - 290 - 291 - 293 - 294 - 295 - 297 - 299 - 303 - 304 - 305 - 310 - 311 - 314 - 316 - 321 - 327 - 328 - 329 - 330 - 331 - 333 - 336 - 337 - 338 - 341 - 343 - 344 - 345 - 347 - 350 - 351 - 356 - 357 - 358 - 359 - 361 - 362 - 363 - 364 - 365 - 366 - 367 - 369 - 370 - 372 - 374 - 378 - 379 - 387 - 388 - 391 - 393 - 399 - 403 - 404 - 405 - 409 - 410 - 414 - 415 - 416 - 419 - 423 - 424 - 427 - 429 - 430 - 431 - 433 - 434 - 436 - 437 - 440 - 441 - 442 - 444 - 446 - 448 - 453 - 456 - 457 - 458 - 465 - 467 - 469 - 470 - 471 - 472 - 473 - 474 - 475 - 477 - 481 - 483 - 491 - 497 - 498 - 499,14400472.4,0.0,60590,67171,32.63,Cost: 60590 & Capacity: 67171
3 - 7 - 9 - 10 - 13 - 15 - 18 - 19 - 23 - 25 - 27 - 40 - 41 - 50 - 61 - 62 - 68 - 75 - 80 - 84 - 86 - 94 - 96 - 101 - 104 - 109 - 120 - 121 - 124 - 125 - 128 - 134 - 135 - 139 - 142 - 144 - 146 - 147 - 149 - 151 - 152 - 156 - 157 - 160 - 163 - 165 - 168 - 170 - 174 - 176 - 177 - 178 - 183 - 187 - 191 - 193 - 195 - 196 - 200 - 204 - 209 - 210 - 211 - 215 - 218 - 220 - 221 - 230 - 233 - 234 - 237 - 240 - 248 - 251 - 255 - 259 - 271 - 272 - 276 - 279 - 281 - 282 - 283 - 285 - 286 - 292 - 295 - 301 - 303 - 308 - 311 - 312 - 315 - 316 - 317 - 321 - 324 - 327 - 330 - 333 - 334 - 338 - 347 - 349 - 351 - 356 - 360 - 362 - 363 - 370 - 371 - 374 - 378 - 382 - 387 - 395 - 396 - 402 - 405 - 406 - 408 - 409 - 410 - 415 - 419 - 421 - 424 - 430 - 434 - 436 - 437 - 453 - 465 - 467 - 468 - 470 - 471 - 475 - 482 - 484 - 490 - 492 - 493 - 496,5449548.6,12.2,60533,55495,32.79,Cost: 60533 & Capacity: 55495
3 - 6 - 7 - 8 - 9 - 10 - 11 - 12 - 13 - 14 - 15 - 17 - 18 - 19 - 22 - 25 - 28 - 32 - 34 - 35 - 36 - 38 - 39 - 41 - 42 - 45 - 48 - 50 - 56 - 57 - 61 - 65 - 68 - 74 - 76 - 78 - 79 - 80 - 81 - 82 - 83 - 84 - 86 - 91 - 93 - 94 - 96 - 97 - 101 - 104 - 105 - 107 - 110 - 112 - 116 - 119 - 121 - 122 - 125 - 130 - 132 - 137 - 139 - 140 - 142 - 145 - 146 - 147 - 149 - 150 - 151 - 152 - 154 - 155 - 156 - 157 - 158 - 159 - 160 - 163 - 168 - 169 - 171 - 174 - 176 - 177 - 178 - 179 - 180 - 182 - 187 - 191 - 192 - 193 - 195 - 196 - 197 - 199 - 200 - 205 - 207 - 209 - 211 - 213 - 214 - 216 - 218 - 220 - 221 - 224 - 225 - 226 - 232 - 233 - 235 - 236 - 237 - 240 - 244 - 248 - 250 - 251 - 253 - 255 - 257 - 259 - 263 - 267 - 269 - 271 - 272 - 274 - 275 - 277 - 279 - 280 - 281 - 282 - 283 - 285 - 286 - 287 - 288 - 290 - 291 - 293 - 294 - 295 - 297 - 299 - 303 - 304 - 305 - 310 - 311 - 314 - 316 - 321 - 327 - 328 - 329 - 330 - 331 - 333 - 336 - 337 - 338 - 341 - 343 - 344 - 345 - 347 - 350 - 351 - 356 - 357 - 358 - 359 - 361 - 362 - 363 - 364 - 365 - 366 - 367 - 369 - 370 - 372 - 374 - 378 - 379 - 387 - 388 - 393 - 399 - 403 - 404 - 405 - 409 - 410 - 414 - 415 - 416 - 419 - 423 - 424 - 427 - 429 - 430 - 431 - 433 - 434 - 436 - 437 - 440 - 441 - 442 - 444 - 446 - 448 - 453 - 456 - 457 - 458 - 465 - 467 - 469 - 470 - 471 - 472 - 473 - 474 - 475 - 477 - 481 - 483 - 491 - 497 - 498 - 499,14401817.4,0.0,60591,67638,34.09,Cost: 60591 & Capacity: 67638
3 - 6 - 7 - 8 - 9 - 10 - 11 - 12 - 13 - 14 - 15 - 17 - 18 - 19 - 22 - 25 - 28 - 32 - 34 - 35 - 36 - 38 - 39 - 41 - 42 - 45 - 48 - 50 - 56 - 57 - 61 - 65 - 68 - 74 - 76 - 78 - 79 - 80 - 81 - 82 - 83 - 84 - 86 - 91 - 93 - 94 - 96 - 97 - 101 - 104 - 105 - 107 - 110 - 112 - 116 - 119 - 121 - 122 - 125 - 130 - 132 - 137 - 139 - 140 - 142 - 145 - 146 - 147 - 149 - 150 - 151 - 152 - 154 - 155 - 156 - 157 - 158 - 159 - 160 - 163 - 168 - 169 - 171 - 174 - 176 - 177 - 178 - 179 - 180 - 182 - 187 - 191 - 192 - 193 - 195 - 196 - 197 - 199 - 200 - 205 - 207 - 209 - 211 - 213 - 214 - 216 - 218 - 220 - 221 - 224 - 225 - 226 - 232 - 233 - 235 - 236 - 237 - 240 - 244 - 248 - 250 - 251 - 253 - 255 - 257 - 259 - 263 - 267 - 269 - 271 - 272 - 274 - 275 - 277 - 279 - 280 - 281 - 282 - 283 - 285 - 286 - 287 - 288 - 290 - 291 - 293 - 294 - 295 - 297 - 299 - 303 - 304 - 305 - 310 - 311 - 314 - 316 - 321 - 327 - 328 - 329 - 330 - 331 - 333 - 336 - 337 - 338 - 341 - 343 - 344 - 345 - 347 - 350 - 351 - 356 - 357 - 358 - 359 - 361 - 362 - 363 - 364 - 365 - 366 - 367 - 369 - 370 - 372 - 374 - 378 - 379 - 387 - 388 - 393 - 399 - 403 - 404 - 405 - 409 - 410 - 414 - 415 - 416 - 419 - 423 - 424 - 427 - 429 - 430 - 431 - 433 - 434 - 436 - 437 - 440 - 441 - 442 - 444 - 446 - 448 - 453 - 456 - 457 - 458 - 465 - 467 - 469 - 470 - 471 - 472 - 473 - 474 - 475 - 477 - 481 - 483 - 491 - 497 - 498 - 499,14401817.4,0.0,60591,67638,34.13,Cost: 60591 & Capacity: 67638
1 - 3 - 7 - 9 - 14 - 15 - 17 - 18 - 19 - 24 - 25 - 27 - 34 - 42 - 45 - 50 - 51 - 61 - 65 - 66 - 68 - 70 - 74 - 80 - 86 - 89 - 105 - 109 - 110 - 116 - 120 - 124 - 128 - 129 - 130 - 135 - 137 - 139 - 142 - 147 - 152 - 154 - 156 - 158 - 160 - 165 - 176 - 178 - 180 - 185 - 186 - 187 - 188 - 191 - 193 - 197 - 201 - 204 - 205 - 209 - 211 - 216 - 218 - 220 - 224 - 232 - 237 - 241 - 248 - 250 - 251 - 253 - 254 - 257 - 259 - 262 - 270 - 274 - 279 - 281 - 283 - 286 - 295 - 303 - 304 - 311 - 312 - 314 - 317 - 319 - 321 - 327 - 328 - 335 - 337 - 339 - 351 - 356 - 357 - 359 - 361 - 362 - 365 - 370 - 374 - 375 - 378 - 379 - 391 - 395 - 396 - 406 - 407 - 408 - 409 - 411 - 418 - 421 - 424 - 430 - 434 - 436 - 437 - 445 - 448 - 450 - 453 - 459 - 460 - 461 - 463 - 465 - 467 - 468 - 469 - 470 - 471 - 473 - 475 - 477 - 478 - 481 - 488 - 492 - 493 - 494 - 498,5628700.4,12.1,60543,56016,36.44,Cost: 60543 & Capacity: 56016
3 - 6 - 7 - 9 - 11 - 14 - 15 - 17 - 18 - 24 - 34 - 35 - 40 - 41 - 42 - 43 - 45 - 48 - 50 - 56 - 57 - 61 - 62 - 70 - 76 - 78 - 83 - 86 - 89 - 101 - 105 - 109 - 110 - 111 - 112 - 116 - 118 - 119 - 120 - 121 - 128 - 130 - 137 - 139 - 142 - 147 - 151 - 154 - 155 - 156 - 158 - 160 - 165 - 172 - 176 - 182 - 183 - 187 - 190 - 191 - 192 - 193 - 196 - 200 - 205 - 208 - 209 - 212 - 214 - 216 - 220 - 221 - 229 - 232 - 233 - 235 - 237 - 238 - 241 - 242 - 248 - 250 - 251 - 253 - 264 - 266 - 267 - 271 - 272 - 274 - 275 - 279 - 282 - 283 - 285 - 290 - 292 - 293 - 294 - 295 - 299 - 303 - 304 - 310 - 311 - 314 - 321 - 322 - 327 - 330 - 332 - 335 - 336 - 347 - 356 - 357 - 360 - 361 - 362 - 365 - 367 - 369 - 370 - 374 - 378 - 386 - 391 - 396 - 404 - 409 - 415 - 418 - 419 - 421 - 423 - 424 - 429 - 430 - 432 - 436 - 437 - 442 - 443 - 444 - 448 - 450 - 453 - 456 - 458 - 459 - 465 - 467 - 468 - 471 - 472 - 473 - 474 - 477 - 479 - 482 - 485 - 486 - 488 - 492,6840802.5,10.7,60557,55963,37.12,Cost: 60557 & Capacity: 55963
3 - 6 - 7 - 8 - 9 - 10 - 11 - 12 - 13 - 14 - 15 - 17 - 18 - 19 - 22 - 25 - 28 - 32 - 34 - 35 - 36 - 38 - 39 - 41 - 42 - 45 - 48 - 50 - 56 - 57 - 61 - 65 - 68 - 74 - 76 - 78 - 79 - 80 - 81 - 82 - 83 - 84 - 86 - 91 - 93 - 94 - 96 - 97 - 101 - 104 - 105 - 107 - 110 - 112 - 116 - 119 - 121 - 122 - 125 - 130 - 132 - 137 - 139 - 140 - 142 - 145 - 146 - 147 - 149 - 150 - 151 - 152 - 154 - 155 - 156 - 157 - 158 - 159 - 160 - 163 - 168 - 169 - 171 - 174 - 176 - 177 - 178 - 179 - 180 - 182 - 187 - 191 - 192 - 193 - 195 - 196 - 197 - 199 - 200 - 205 - 207 - 209 - 211 - 213 - 214 - 216 - 218 - 220 - 221 - 224 - 225 - 226 - 232 - 233 - 235 - 236 - 237 - 240 - 244 - 248 - 250 - 251 - 253 - 255 - 257 - 259 - 263 - 267 - 269 - 271 - 272 - 274 - 275 - 277 - 279 - 280 - 281 - 282 - 283 - 285 - 286 - 287 - 288 - 290 - 291 - 293 - 294 - 295 - 297 - 299 - 303 - 304 - 305 - 310 - 311 - 314 - 316 - 321 - 327 - 328 - 329 - 330 - 331 - 333 - 336 - 337 - 338 - 341 - 343 - 344 - 345 - 347 - 350 - 351 - 356 - 357 - 358 - 359 - 361 - 362 - 363 - 364 - 365 - 366 - 367 - 369 - 370 - 372 - 374 - 378 - 379 - 387 - 388 - 393 - 399 - 403 - 404 - 405 - 409 - 410 - 414 - 415 - 416 - 419 - 423 - 424 - 427 - 429 - 430 - 431 - 433 - 434 - 436 - 437 - 440 - 441 - 442 - 444 - 446 - 448 - 453 - 456 - 457 - 458 - 465 - 467 - 469 - 470 - 471 - 472 - 473 - 474 - 475 - 477 - 481 - 483 - 491 - 497 - 498 - 499,14401817.4,0.0,60591,67638,37.43,Cost: 60591 & Capacity: 67638
3 - 6 - 7 - 8 - 9 - 10 - 11 - 12 - 13 - 14 - 15 - 17 - 18 - 19 - 22 - 25 - 28 - 32 - 34 - 35 - 36 - 38 - 39 - 41 - 42 - 45 - 48 - 50 - 56 - 57 - 61 - 65 - 68 - 74 - 76 - 78 - 79 - 80 - 81 - 82 - 83 - 84 - 86 - 91 - 93 - 94 - 96 - 97 - 101 - 104 - 105 - 107 - 110 - 112 - 116 - 119 - 121 - 122 - 125 - 130 - 132 - 137 - 139 - 140 - 142 - 145 - 146 - 147 - 149 - 150 - 151 - 152 - 154 - 155 - 156 - 157 - 158 - 159 - 160 - 163 - 168 - 169 - 171 - 174 - 176 - 177 - 178 - 179 - 180 - 182 - 187 - 191 - 192 - 193 - 195 - 196 - 197 - 199 - 200 - 205 - 207 - 209 - 211 - 213 - 214 - 216 - 218 - 220 - 221 - 224 - 225 - 226 - 232 - 233 - 235 - 236 - 237 - 240 - 244 - 248 - 250 - 251 - 253 - 255 - 257 - 259 - 263 - 267 - 269 - 271 - 272 - 274 - 275 - 277 - 279 - 280 - 281 - 282 - 283 - 285 - 286 - 287 - 288 - 290 - 291 - 293 - 294 - 295 - 297 - 299 - 303 - 304 - 305 - 310 - 311 - 314 - 316 - 321 - 327 - 328 - 329 - 330 - 331 - 333 - 336 - 337 - 338 - 341 - 343 - 344 - 345 - 347 - 350 - 351 - 356 - 357 - 358 - 359 - 361 - 362 - 363 - 364 - 365 - 366 - 367 - 369 - 370 - 372 - 374 - 378 - 379 - 387 - 388 - 393 - 399 - 403 - 404 - 405 - 409 - 410 - 414 - 415 - 416 - 419 - 423 - 424 - 427 - 429 - 430 - 431 - 433 - 434 - 436 - 437 - 440 - 441 - 442 - 444 - 446 - 448 - 453 - 456 - 457 - 458 - 465 - 467 - 469 - 470 - 471 - 472 - 473 - 474 - 475 - 477 - 481 - 483 - 491 - 497 - 498 - 499,14401817.4,0.0,60591,67638,38.07,Cost: 60591 & Capacity: 67638
3 - 6 - 7 - 8 - 9 - 10 - 11 - 12 - 13 - 14 - 15 - 17 - 18 - 19 - 22 - 25 - 28 - 32 - 34 - 35 - 36 - 38 - 39 - 41 - 42 - 45 - 48 - 50 - 56 - 57 - 61 - 65 - 68 - 74 - 76 - 78 - 79 - 80 - 81 - 82 - 83 - 84 - 86 - 91 - 93 - 94 - 96 - 97 - 101 - 104 - 105 - 107 - 110 - 112 - 116 - 119 - 121 - 122 - 125 - 130 - 132 - 137 - 139 - 140 - 142 - 145 - 146 - 147 - 149 - 150 - 151 - 152 - 154 - 155 - 156 - 157 - 158 - 159 - 160 - 163 - 168 - 169 - 171 - 174 - 176 - 177 - 178 - 179 - 180 - 182 - 187 - 191 - 192 - 193 - 195 - 196 - 197 - 199 - 200 - 205 - 207 - 209 - 211 - 213 - 214 - 216 - 218 - 220 - 221 - 224 - 225 - 226 - 232 - 233 - 235 - 236 - 237 - 240 - 244 - 248 - 250 - 251 - 253 - 255 - 257 - 259 - 263 - 267 - 269 - 271 - 272 - 274 - 275 - 277 - 279 - 280 - 281 - 282 - 283 - 285 - 286 - 287 - 288 - 290 - 291 - 293 - 294 - 295 - 297 - 299 - 303 - 304 - 305 - 310 - 311 - 314 - 316 - 321 - 327 - 328 - 329 - 330 - 331 - 333 - 336 - 337 - 338 - 341 - 343 - 344 - 345 - 347 - 350 - 351 - 356 - 357 - 358 - 359 - 361 - 362 - 363 - 364 - 365 - 366 - 367 - 369 - 370 - 372 - 374 - 378 - 379 - 387 - 388 - 393 - 399 - 403 - 404 - 405 - 409 - 410 - 414 - 415 - 416 - 419 - 423 - 424 - 427 - 429 - 430 - 431 - 433 - 434 - 436 - 437 - 440 - 441 - 442 - 444 - 446 - 448 - 453 - 456 - 457 - 458 - 465 - 467 - 469 - 470 - 471 - 472 - 473 - 474 - 475 - 477 - 481 - 483 - 491 - 497 - 498 - 499,14401817.4,0.0,60591,67638,40.56,Cost: 60591 & Capacity: 67638
3 - 6 - 7 - 8 - 9 - 10 - 11 - 12 - 13 - 14 - 15 - 17 - 18 - 19 - 22 - 25 - 28 - 32 - 34 - 35 - 36 - 38 - 39 - 41 - 42 - 45 - 47 - 48 - 50 - 56 - 57 - 61 - 65 - 68 - 74 - 76 - 78 - 79 - 80 - 81 - 82 - 83 - 84 - 86 - 91 - 93 - 94 - 96 - 97 - 101 - 104 - 105 - 107 - 110 - 112 - 116 - 119 - 121 - 122 - 125 - 130 - 132 - 137 - 139 - 140 - 142 - 145 - 146 - 147 - 149 - 150 - 151 - 152 - 154 - 155 - 156 - 157 - 158 - 159 - 160 - 163 - 168 - 169 - 171 - 174 - 176 - 177 - 178 - 179 - 180 - 182 - 187 - 192 - 193 - 195 - 196 - 197 - 199 - 200 - 205 - 207 - 209 - 211 - 213 - 214 - 216 - 218 - 220 - 221 - 224 - 225 - 226 - 232 - 233 - 235 - 236 - 237 - 240 - 244 - 248 - 250 - 251 - 253 - 255 - 257 - 259 - 263 - 267 - 269 - 271 - 274 - 275 - 277 - 279 - 280 - 281 - 282 - 283 - 285 - 286 - 287 - 288 - 290 - 291 - 293 - 294 - 295 - 297 - 299 - 303 - 304 - 305 - 310 - 311 - 314 - 316 - 321 - 327 - 328 - 329 - 330 - 331 - 336 - 337 - 338 - 341 - 343 - 344 - 345 - 347 - 350 - 351 - 356 - 357 - 358 - 359 - 361 - 362 - 363 - 364 - 365 - 366 - 367 - 369 - 370 - 372 - 374 - 378 - 379 - 387 - 393 - 399 - 403 - 404 - 405 - 409 - 410 - 414 - 415 - 416 - 419 - 423 - 424 - 426 - 427 - 429 - 430 - 431 - 433 - 434 - 436 - 437 - 440 - 441 - 442 - 444 - 446 - 448 - 453 - 456 - 457 - 458 - 465 - 467 - 469 - 470 - 471 - 472 - 473 - 474 - 475 - 477 - 481 - 483 - 491 - 497 - 498 - 499,14140042.5,0.0,59571,65793,41.01,Cost: 59571 & Capacity: 65793
3 - 6 - 7 - 8 - 9 - 10 - 11 - 12 - 13 - 14 - 15 - 17 - 18 - 19 - 22 - 25 - 28 - 32 - 34 - 35 - 36 - 38 - 39 - 41 - 42 - 45 - 47 - 48 - 50 - 56 - 57 - 61 - 65 - 68 - 74 - 76 - 78 - 79 - 80 - 81 - 82 - 83 - 84 - 86 - 91 - 93 - 94 - 96 - 97 - 101 - 104 - 105 - 107 - 110 - 112 - 116 - 119 - 121 - 122 - 125 - 130 - 132 - 137 - 139 - 140 - 142 - 145 - 146 - 147 - 149 - 150 - 151 - 152 - 154 - 155 - 156 - 157 - 158 - 159 - 160 - 163 - 168 - 169 - 171 - 174 - 176 - 177 - 178 - 179 - 180 - 182 - 187 - 192 - 193 - 195 - 196 - 197 - 199 - 200 - 205 - 207 - 209 - 211 - 213 - 214 - 216 - 218 - 220 - 221 - 224 - 225 - 226 - 232 - 233 - 235 - 236 - 237 - 240 - 244 - 248 - 250 - 251 - 253 - 255 - 257 - 259 - 263 - 267 - 269 - 271 - 274 - 275 - 277 - 279 - 280 - 281 - 282 - 283 - 285 - 286 - 287 - 288 - 290 - 291 - 293 - 294 - 295 - 297 - 299 - 303 - 304 - 305 - 310 - 311 - 314 - 316 - 321 - 327 - 328 - 329 - 330 - 331 - 336 - 337 - 338 - 341 - 343 - 344 - 345 - 347 - 350 - 351 - 356 - 357 - 358 - 359 - 361 - 362 - 363 - 364 - 365 - 366 - 367 - 369 - 370 - 372 - 374 - 378 - 379 - 387 - 393 - 399 - 403 - 404 - 405 - 409 - 410 - 414 - 415 - 416 - 419 - 423 - 424 - 427 - 429 - 430 - 431 - 433 - 434 - 436 - 437 - 440 - 441 - 442 - 444 - 446 - 448 - 453 - 456 - 457 - 458 - 465 - 467 - 469 - 470 - 471 - 472 - 473 - 474 - 475 - 477 - 481 - 483 - 491 - 497 - 498 - 499,14031722.8,0.0,59095,65378,41.01,Cost: 59095 & Capacity: 65378
3 - 7 - 8 - 10 - 11 - 12 - 14 - 15 - 17 - 18 - 19 - 25 - 35 - 38 - 39 - 41 - 42 - 45 - 48 - 50 - 56 - 61 - 66 - 74 - 76 - 78 - 79 - 80 - 81 - 83 - 86 - 94 - 96 - 97 - 101 - 104 - 105 - 110 - 112 - 116 - 119 - 121 - 122 - 125 - 130 - 132 - 134 - 137 - 139 - 140 - 142 - 145 - 146 - 147 - 149 - 150 - 152 - 154 - 155 - 156 - 157 - 158 - 160 - 163 - 168 - 169 - 174 - 176 - 177 - 178 - 180 - 182 - 187 - 191 - 192 - 193 - 195 - 196 - 197 - 199 - 200 - 205 - 207 - 209 - 211 - 213 - 214 - 218 - 220 - 221 - 224 - 226 - 232 - 233 - 235 - 236 - 237 - 240 - 241 - 244 - 248 - 250 - 251 - 253 - 255 - 259 - 260 - 263 - 266 - 271 - 272 - 274 - 279 - 280 - 281 - 282 - 283 - 285 - 286 - 287 - 288 - 290 - 293 - 294 - 295 - 297 - 299 - 303 - 304 - 305 - 310 - 311 - 314 - 315 - 316 - 321 - 325 - 327 - 328 - 329 - 330 - 331 - 333 - 336 - 338 - 341 - 343 - 344 - 345 - 347 - 350 - 351 - 352 - 356 - 357 - 359 - 361 - 362 - 363 - 364 - 365 - 366 - 367 - 368 - 369 - 370 - 372 - 374 - 378 - 379 - 381 - 384 - 386 - 388 - 399 - 403 - 404 - 405 - 409 - 410 - 414 - 415 - 416 - 419 - 421 - 423 - 424 - 427 - 429 - 430 - 431 - 433 - 434 - 436 - 437 - 440 - 441 - 442 - 444 - 446 - 448 - 450 - 453 - 456 - 458 - 460 - 463 - 465 - 467 - 470 - 471 - 472 - 473 - 474 - 475 - 477 - 482 - 483 - 485 - 487 - 491 - 497 - 498 - 499,12640736.3,0.7,60476,71823,42.45,Cost: 60476 & Capacity: 71823
3 - 6 - 7 - 8 - 10 - 11 - 12 - 13 - 14 - 15 - 17 - 18 - 19 - 22 - 25 - 28 - 32 - 34 - 35 - 36 - 38 - 39 - 41 - 42 - 45 - 48 - 50 - 56 - 57 - 61 - 62 - 65 - 68 - 74 - 75 - 76 - 78 - 80 - 81 - 83 - 84 - 86 - 93 - 94 - 96 - 97 - 101 - 104 - 105 - 107 - 110 - 112 - 116 - 119 - 121 - 122 - 125 - 130 - 132 - 134 - 137 - 139 - 140 - 142 - 145 - 146 - 147 - 149 - 150 - 151 - 152 - 154 - 155 - 156 - 157 - 158 - 159 - 160 - 163 - 165 - 168 - 169 - 171 - 174 - 176 - 177 - 178 - 180 - 182 - 187 - 191 - 192 - 193 - 195 - 196 - 197 - 199 - 200 - 205 - 207 - 209 - 211 - 213 - 214 - 216 - 218 - 220 - 221 - 224 - 225 - 232 - 233 - 235 - 236 - 237 - 240 - 244 - 248 - 250 - 251 - 253 - 255 - 259 - 260 - 263 - 266 - 269 - 271 - 272 - 274 - 275 - 279 - 280 - 281 - 283 - 285 - 286 - 287 - 288 - 290 - 292 - 293 - 294 - 295 - 297 - 299 - 303 - 304 - 305 - 310 - 311 - 314 - 316 - 321 - 327 - 328 - 329 - 330 - 331 - 336 - 337 - 338 - 341 - 343 - 344 - 345 - 347 - 350 - 351 - 356 - 357 - 358 - 359 - 360 - 361 - 362 - 363 - 364 - 365 - 366 - 367 - 369 - 370 - 372 - 374 - 378 - 379 - 386 - 387 - 388 - 393 - 399 - 404 - 405 - 409 - 410 - 414 - 415 - 416 - 419 - 421 - 423 - 424 - 427 - 429 - 430 - 431 - 433 - 434 - 436 - 437 - 440 - 442 - 444 - 446 - 448 - 453 - 456 - 457 - 458 - 465 - 467 - 468 - 469 - 470 - 471 - 473 - 474 - 475 - 477 - 481 - 483 - 491 - 497 - 498 - 499,13963249.9,0.1,60591,66808,43.52,Cost: 60591 & Capacity: 66808
3 - 6 - 7 - 8 - 9 - 10 - 11 - 12 - 13 - 14 - 15 - 17 - 18 - 19 - 22 - 25 - 28 - 32 - 34 - 35 - 36 - 38 - 39 - 41 - 42 - 45 - 48 - 50 - 56 - 57 - 61 - 65 - 68 - 74 - 76 - 78 - 79 - 80 - 81 - 82 - 83 - 84 - 86 - 91 - 93 - 94 - 96 - 97 - 101 - 104 - 105 - 107 - 110 - 112 - 116 - 119 - 121 - 122 - 125 - 130 - 132 - 137 - 139 - 140 - 142 - 145 - 146 - 147 - 149 - 150 - 151 - 152 - 154 - 155 - 156 - 157 - 158 - 159 - 160 - 163 - 168 - 169 - 171 - 174 - 176 - 177 - 178 - 179 - 180 - 182 - 187 - 191 - 192 - 193 - 195 - 196 - 197 - 199 - 200 - 205 - 207 - 209 - 211 - 213 - 214 - 216 - 218 - 220 - 221 - 224 - 225 - 226 - 232 - 233 - 235 - 236 - 237 - 240 - 244 - 248 - 250 - 251 - 253 - 255 - 257 - 259 - 263 - 267 - 269 - 271 - 272 - 274 - 275 - 277 - 279 - 280 - 281 - 282 - 283 - 285 - 286 - 287 - 288 - 290 - 291 - 293 - 294 - 295 - 297 - 299 - 303 - 304 - 305 - 310 - 311 - 314 - 316 - 321 - 327 - 328 - 329 - 330 - 331 - 333 - 336 - 337 - 338 - 341 - 343 - 344 - 345 - 347 - 350 - 351 - 356 - 357 - 358 - 359 - 361 - 362 - 363 - 364 - 365 - 366 - 367 - 369 - 370 - 372 - 374 - 378 - 379 - 387 - 388 - 393 - 399 - 403 - 404 - 405 - 409 - 410 - 414 - 415 - 416 - 419 - 423 - 424 - 427 - 429 - 430 - 431 - 433 - 434 - 436 - 437 - 440 - 441 - 442 - 444 - 446 - 448 - 453 - 456 - 457 - 458 - 465 - 467 - 469 - 470 - 471 - 472 - 473 - 474 - 475 - 477 - 481 - 483 - 491 - 497 - 498 - 499,14401817.4,0.0,60591,67638,44.07,Cost: 60591 & Capacity: 67638
3 - 6 - 7 - 8 - 9 - 10 - 11 - 12 - 13 - 14 - 15 - 17 - 18 - 19 - 22 - 25 - 28 - 32 - 34 - 35 - 36 - 38 - 39 - 41 - 42 - 45 - 48 - 50 - 56 - 57 - 61 - 65 - 68 - 74 - 76 - 78 - 79 - 80 - 81 - 82 - 83 - 84 - 86 - 91 - 93 - 94 - 96 - 97 - 101 - 104 - 105 - 107 - 110 - 112 - 116 - 119 - 121 - 122 - 125 - 130 - 132 - 137 - 139 - 140 - 142 - 145 - 146 - 147 - 149 - 150 - 151 - 152 - 154 - 155 - 156 - 157 - 158 - 159 - 160 - 163 - 168 - 169 - 171 - 174 - 176 - 177 - 178 - 179 - 180 - 182 - 187 - 191 - 192 - 193 - 195 - 196 - 197 - 199 - 200 - 205 - 207 - 209 - 211 - 213 - 214 - 216 - 218 - 220 - 221 - 224 - 225 - 226 - 232 - 233 - 235 - 236 - 237 - 240 - 244 - 248 - 250 - 251 - 253 - 255 - 257 - 259 - 263 - 267 - 269 - 271 - 272 - 274 - 275 - 277 - 279 - 280 - 281 - 282 - 283 - 285 - 286 - 287 - 288 - 290 - 291 - 293 - 294 - 295 - 297 - 299 - 303 - 304 - 305 - 310 - 311 - 314 - 316 - 321 - 327 - 328 - 329 - 330 - 331 - 333 - 336 - 337 - 338 - 341 - 343 - 344 - 345 - 347 - 350 - 351 - 356 - 357 - 358 - 359 - 361 - 362 - 363 - 364 - 365 - 366 - 367 - 369 - 370 - 372 - 374 - 378 - 379 - 387 - 388 - 393 - 399 - 403 - 404 - 405 - 409 - 410 - 414 - 415 - 416 - 419 - 423 - 424 - 427 - 429 - 430 - 431 - 433 - 434 - 436 - 437 - 440 - 441 - 442 - 444 - 446 - 448 - 453 - 456 - 457 - 458 - 465 - 467 - 469 - 470 - 471 - 472 - 473 - 474 - 475 - 477 - 481 - 483 - 491 - 497 - 498 - 499,14401817.4,0.0,60591,67638,46.85,Cost: 60591 & Capacity: 67638
3 - 6 - 7 - 8 - 9 - 10 - 11 - 12 - 13 - 14 - 15 - 17 - 18 - 19 - 22 - 25 - 28 - 32 - 34 - 35 - 36 - 38 - 39 - 41 - 42 - 45 - 47 - 48 - 50 - 56 - 57 - 61 - 65 - 68 - 74 - 76 - 78 - 79 - 80 - 81 - 82 - 83 - 84 - 86 - 91 - 93 - 94 - 96 - 97 - 101 - 104 - 105 - 107 - 110 - 112 - 116 - 119 - 121 - 122 - 125 - 130 - 132 - 137 - 139 - 140 - 142 - 145 - 146 - 147 - 149 - 150 - 151 - 152 - 154 - 155 - 156 - 157 - 158 - 159 - 160 - 163 - 168 - 169 - 171 - 174 - 176 - 177 - 178 - 179 - 180 - 182 - 187 - 192 - 193 - 195 - 196 - 197 - 199 - 200 - 205 - 207 - 209 - 211 - 213 - 214 - 216 - 218 - 220 - 221 - 224 - 225 - 226 - 232 - 233 - 235 - 236 - 237 - 240 - 244 - 248 - 250 - 251 - 253 - 255 - 257 - 259 - 263 - 267 - 269 - 271 - 274 - 275 - 277 - 279 - 280 - 281 - 282 - 283 - 285 - 286 - 287 - 288 - 290 - 291 - 293 - 294 - 295 - 297 - 299 - 303 - 304 - 305 - 310 - 311 - 314 - 316 - 321 - 327 - 328 - 329 - 330 - 331 - 333 - 336 - 337 - 338 - 341 - 343 - 344 - 345 - 347 - 350 - 351 - 356 - 357 - 358 - 359 - 361 - 362 - 363 - 364 - 365 - 366 - 367 - 369 - 370 - 372 - 374 - 378 - 379 - 387 - 388 - 391 - 393 - 399 - 403 - 404 - 405 - 409 - 410 - 414 - 415 - 416 - 419 - 423 - 424 - 426 - 427 - 429 - 430 - 431 - 433 - 434 - 436 - 437 - 440 - 442 - 444 - 446 - 448 - 453 - 456 - 457 - 458 - 465 - 467 - 469 - 470 - 471 - 472 - 473 - 474 - 475 - 477 - 481 - 483 - 491 - 497 - 498 - 499,14387908.2,0.0,60593,66572,46.89,Cost: 60593 & Capacity: 66572
3 - 6 - 7 - 8 - 9 - 12 - 13 - 14 - 15 - 17 - 18 - 22 - 24 - 27 - 31 - 35 - 36 - 41 - 42 - 45 - 48 - 56 - 57 - 61 - 62 - 64 - 65 - 68 - 70 - 74 - 76 - 78 - 79 - 80 - 83 - 86 - 94 - 96 - 97 - 98 - 101 - 105 - 107 - 109 - 110 - 116 - 119 - 121 - 122 - 125 - 128 - 130 - 132 - 136 - 137 - 139 - 140 - 142 - 146 - 147 - 149 - 154 - 155 - 156 - 158 - 160 - 165 - 168 - 169 - 172 - 176 - 179 - 180 - 182 - 185 - 186 - 187 - 192 - 195 - 196 - 200 - 205 - 207 - 209 - 210 - 212 - 216 - 220 - 224 - 229 - 232 - 233 - 235 - 236 - 238 - 241 - 244 - 248 - 250 - 251 - 253 - 260 - 266 - 267 - 271 - 272 - 274 - 275 - 277 - 279 - 281 - 282 - 283 - 285 - 286 - 290 - 292 - 293 - 294 - 295 - 303 - 310 - 311 - 314 - 317 - 321 - 327 - 328 - 330 - 335 - 336 - 338 - 345 - 346 - 357 - 359 - 360 - 361 - 362 - 364 - 369 - 370 - 374 - 377 - 378 - 379 - 382 - 386 - 393 - 404 - 405 - 407 - 409 - 410 - 414 - 415 - 419 - 421 - 423 - 424 - 427 - 430 - 432 - 433 - 436 - 437 - 442 - 444 - 448 - 450 - 453 - 456 - 458 - 463 - 467 - 468 - 471 - 473 - 474 - 479 - 485 - 487 - 488 - 492 - 497 - 498 - 499,8784522.1,6.7,60582,59570,47.1,Cost: 60582 & Capacity: 59570
1 - 3 - 6 - 7 - 12 - 14 - 18 - 23 - 26 - 27 - 31 - 34 - 37 - 38 - 40 - 42 - 45 - 46 - 47 - 49 - 54 - 57 - 63 - 70 - 74 - 80 - 84 - 86 - 99 - 101 - 109 - 125 - 131 - 134 - 136 - 142 - 155 - 156 - 172 - 175 - 176 - 177 - 180 - 182 - 183 - 186 - 187 - 190 - 191 - 208 - 209 - 212 - 213 - 218 - 220 - 228 - 232 - 241 - 246 - 257 - 275 - 280 - 282 - 284 - 287 - 291 - 292 - 294 - 295 - 297 - 304 - 317 - 325 - 329 - 331 - 333 - 334 - 356 - 359 - 364 - 365 - 371 - 372 - 382 - 394 - 400 - 404 - 412 - 416 - 418 - 423 - 430 - 432 - 440 - 441 - 444 - 449 - 451 - 453 - 471 - 473 - 481 - 486 - 487 - 489 - 491 - 494 - 497,2970456.5,23.6,60051,50596,47.56,Cost: 60051 & Capacity: 50596
1 - 3 - 6 - 7 - 12 - 14 - 18 - 23 - 26 - 27 - 31 - 34 - 37 - 38 - 40 - 42 - 45 - 46 - 47 - 49 - 54 - 57 - 63 - 70 - 74 - 80 - 84 - 86 - 99 - 101 - 109 - 125 - 131 - 134 - 136 - 142 - 155 - 156 - 172 - 175 - 176 - 177 - 180 - 182 - 183 - 186 - 187 - 190 - 191 - 208 - 209 - 212 - 213 - 218 - 220 - 228 - 232 - 241 - 246 - 257 - 275 - 280 - 282 - 284 - 287 - 291 - 292 - 294 - 295 - 297 - 304 - 317 - 325 - 329 - 331 - 333 - 334 - 356 - 359 - 364 - 365 - 371 - 372 - 382 - 394 - 400 - 404 - 412 - 416 - 418 - 423 - 427 - 430 - 432 - 440 - 441 - 444 - 449 - 451 - 453 - 471 - 473 - 481 - 486 - 487 - 489 - 491 - 494 - 497,3024745.4,23.4,60350,50840,47.56,Cost: 60350 & Capacity: 50840
4 - 8 - 9 - 10 - 15 - 18 - 19 - 22 - 24 - 41 - 45 - 48 - 50 - 52 - 54 - 66 - 78 - 80 - 86 - 94 - 96 - 101 - 104 - 107 - 109 - 111 - 123 - 125 - 128 - 132 - 135 - 137 - 139 - 146 - 147 - 149 - 151 - 152 - 158 - 160 - 165 - 168 - 170 - 176 - 178 - 181 - 183 - 191 - 192 - 194 - 196 - 200 - 205 - 206 - 207 - 209 - 220 - 221 - 224 - 233 - 235 - 248 - 249 - 250 - 251 - 252 - 259 - 262 - 266 - 271 - 272 - 274 - 276 - 277 - 281 - 283 - 285 - 287 - 288 - 290 - 292 - 295 - 303 - 310 - 311 - 313 - 314 - 315 - 319 - 321 - 327 - 328 - 329 - 331 - 332 - 336 - 341 - 344 - 347 - 350 - 356 - 357 - 360 - 361 - 362 - 363 - 367 - 378 - 381 - 383 - 385 - 387 - 388 - 394 - 396 - 403 - 410 - 412 - 415 - 421 - 429 - 432 - 436 - 441 - 443 - 445 - 448 - 450 - 453 - 461 - 465 - 470 - 471 - 473 - 477 - 486 - 492 - 493 - 496,4967730.1,15.9,60372,55696,48.19,Cost: 60372 & Capacity: 55696
3 - 6 - 7 - 8 - 9 - 10 - 11 - 12 - 13 - 14 - 15 - 17 - 18 - 19 - 22 - 25 - 28 - 32 - 34 - 35 - 36 - 38 - 39 - 41 - 42 - 45 - 48 - 50 - 56 - 57 - 61 - 65 - 68 - 74 - 76 - 78 - 79 - 80 - 81 - 82 - 83 - 84 - 86 - 91 - 93 - 94 - 96 - 97 - 101 - 104 - 105 - 107 - 110 - 112 - 116 - 119 - 121 - 122 - 125 - 130 - 132 - 137 - 139 - 140 - 142 - 145 - 146 - 147 - 149 - 150 - 151 - 152 - 154 - 155 - 156 - 157 - 158 - 159 - 160 - 163 - 168 - 169 - 171 - 174 - 176 - 177 - 178 - 179 - 180 - 182 - 187 - 191 - 192 - 193 - 195 - 196 - 197 - 199 - 200 - 205 - 207 - 209 - 211 - 213 - 214 - 216 - 218 - 220 - 221 - 224 - 225 - 226 - 232 - 233 - 235 - 236 - 237 - 240 - 244 - 248 - 250 - 251 - 253 - 255 - 257 - 259 - 263 - 267 - 269 - 271 - 272 - 274 - 275 - 277 - 279 - 280 - 281 - 282 - 283 - 285 - 286 - 287 - 288 - 290 - 291 - 293 - 294 - 295 - 297 - 299 - 303 - 304 - 305 - 310 - 311 - 314 - 316 - 321 - 327 - 328 - 329 - 330 - 331 - 333 - 336 - 337 - 338 - 341 - 343 - 344 - 345 - 347 - 350 - 351 - 356 - 357 - 358 - 359 - 361 - 362 - 363 - 364 - 365 - 366 - 367 - 369 - 370 - 372 - 374 - 378 - 379 - 387 - 388 - 393 - 399 - 403 - 404 - 405 - 409 - 410 - 414 - 415 - 416 - 419 - 423 - 424 - 427 - 429 - 430 - 431 - 433 - 434 - 436 - 437 - 440 - 441 - 442 - 444 - 446 - 448 - 453 - 456 - 457 - 458 - 465 - 467 - 469 - 470 - 471 - 472 - 473 - 474 - 475 - 477 - 481 - 483 - 491 - 497 - 498 - 499,14401817.4,0.0,60591,67638,51.28,Cost: 60591 & Capacity: 67638
3 - 6 - 7 - 8 - 9 - 10 - 11 - 12 - 13 - 14 - 15 - 17 - 18 - 19 - 22 - 25 - 28 - 32 - 34 - 35 - 36 - 38 - 39 - 41 - 42 - 45 - 47 - 48 - 50 - 56 - 57 - 61 - 65 - 68 - 74 - 76 - 78 - 79 - 80 - 81 - 82 - 83 - 84 - 86 - 91 - 93 - 94 - 96 - 97 - 101 - 104 - 105 - 107 - 110 - 112 - 116 - 119 - 121 - 122 - 125 - 130 - 132 - 137 - 139 - 140 - 142 - 145 - 146 - 147 - 149 - 150 - 151 - 152 - 154 - 155 - 156 - 157 - 158 - 159 - 160 - 163 - 168 - 169 - 171 - 174 - 176 - 177 - 178 - 179 - 180 - 182 - 187 - 192 - 193 - 195 - 196 - 197 - 199 - 200 - 205 - 207 - 209 - 211 - 213 - 214 - 216 - 218 - 220 - 221 - 224 - 225 - 226 - 232 - 233 - 235 - 236 - 237 - 240 - 244 - 248 - 250 - 251 - 253 - 255 - 257 - 259 - 263 - 267 - 269 - 271 - 274 - 275 - 277 - 279 - 280 - 281 - 282 - 283 - 285 - 286 - 287 - 288 - 290 - 291 - 293 - 294 - 295 - 297 - 299 - 303 - 304 - 305 - 310 - 311 - 314 - 316 - 321 - 327 - 328 - 329 - 330 - 331 - 336 - 337 - 338 - 341 - 343 - 344 - 345 - 347 - 350 - 351 - 356 - 357 - 358 - 359 - 361 - 362 - 363 - 364 - 365 - 366 - 367 - 369 - 370 - 372 - 374 - 378 - 379 - 387 - 393 - 399 - 403 - 404 - 405 - 409 - 410 - 414 - 415 - 416 - 419 - 423 - 424 - 426 - 427 - 429 - 430 - 431 - 433 - 434 - 436 - 437 - 440 - 441 - 442 - 444 - 446 - 448 - 453 - 456 - 457 - 458 - 465 - 467 - 469 - 470 - 471 - 472 - 473 - 474 - 475 - 477 - 481 - 483 - 491 - 497 - 498 - 499,14140042.5,0.0,59571,65793,51.67,Cost: 59571 & Capacity: 65793
3 - 6 - 7 - 8 - 9 - 10 - 11 - 12 - 13 - 14 - 15 - 17 - 18 - 19 - 22 - 25 - 28 - 32 - 34 - 35 - 36 - 38 - 39 - 41 - 42 - 45 - 47 - 48 - 50 - 56 - 57 - 61 - 65 - 68 - 74 - 76 - 78 - 79 - 80 - 81 - 82 - 83 - 84 - 86 - 91 - 93 - 94 - 96 - 97 - 101 - 104 - 105 - 107 - 110 - 112 - 116 - 119 - 121 - 122 - 125 - 130 - 132 - 137 - 139 - 140 - 142 - 145 - 146 - 147 - 149 - 150 - 151 - 152 - 154 - 155 - 156 - 157 - 158 - 159 - 160 - 163 - 168 - 169 - 171 - 174 - 176 - 177 - 178 - 179 - 180 - 182 - 187 - 192 - 193 - 195 - 196 - 197 - 199 - 200 - 205 - 207 - 209 - 211 - 213 - 214 - 216 - 218 - 220 - 221 - 224 - 225 - 226 - 232 - 233 - 235 - 236 - 237 - 240 - 244 - 248 - 250 - 251 - 253 - 255 - 257 - 259 - 263 - 267 - 269 - 271 - 274 - 275 - 277 - 279 - 280 - 281 - 282 - 283 - 285 - 286 - 287 - 288 - 290 - 291 - 293 - 294 - 295 - 297 - 299 - 303 - 304 - 305 - 310 - 311 - 314 - 316 - 321 - 327 - 328 - 329 - 330 - 331 - 336 - 337 - 338 - 341 - 343 - 344 - 345 - 347 - 350 - 351 - 356 - 357 - 358 - 359 - 361 - 362 - 363 - 364 - 365 - 366 - 367 - 369 - 370 - 372 - 374 - 378 - 379 - 387 - 388 - 393 - 399 - 403 - 404 - 405 - 409 - 410 - 414 - 415 - 416 - 419 - 423 - 424 - 426 - 427 - 429 - 430 - 431 - 433 - 434 - 436 - 437 - 440 - 441 - 442 - 444 - 446 - 448 - 453 - 456 - 457 - 458 - 465 - 467 - 469 - 470 - 471 - 472 - 473 - 474 - 475 - 477 - 481 - 483 - 491 - 497 - 498 - 499,14261228.8,0.0,60052,66385,51.67,Cost: 60052 & Capacity: 66385
3 - 6 - 7 - 8 - 9 - 10 - 11 - 12 - 13 - 14 - 15 - 17 - 18 - 19 - 22 - 25 - 28 - 32 - 34 - 35 - 36 - 38 - 39 - 41 - 42 - 45 - 48 - 50 - 56 - 57 - 61 - 65 - 68 - 74 - 76 - 78 - 79 - 80 - 81 - 82 - 83 - 84 - 86 - 91 - 93 - 94 - 96 - 97 - 101 - 104 - 105 - 107 - 110 - 112 - 116 - 119 - 121 - 122 - 125 - 130 - 132 - 137 - 139 - 140 - 142 - 145 - 146 - 147 - 149 - 150 - 151 - 152 - 154 - 155 - 156 - 157 - 158 - 159 - 160 - 163 - 168 - 169 - 171 - 174 - 176 - 177 - 178 - 179 - 180 - 182 - 187 - 191 - 192 - 193 - 195 - 196 - 197 - 199 - 200 - 205 - 207 - 209 - 211 - 213 - 214 - 216 - 218 - 220 - 221 - 224 - 225 - 226 - 232 - 233 - 235 - 236 - 237 - 240 - 244 - 248 - 250 - 251 - 253 - 255 - 257 - 259 - 263 - 267 - 269 - 271 - 272 - 274 - 275 - 277 - 279 - 280 - 281 - 282 - 283 - 285 - 286 - 287 - 288 - 290 - 291 - 293 - 294 - 295 - 297 - 299 - 303 - 304 - 305 - 310 - 311 - 314 - 316 - 321 - 327 - 328 - 329 - 330 - 331 - 333 - 336 - 337 - 338 - 341 - 343 - 344 - 345 - 347 - 350 - 351 - 356 - 357 - 358 - 359 - 361 - 362 - 363 - 364 - 365 - 366 - 367 - 369 - 370 - 372 - 374 - 378 - 379 - 387 - 388 - 393 - 399 - 403 - 404 - 405 - 409 - 410 - 414 - 415 - 416 - 419 - 423 - 424 - 427 - 429 - 430 - 431 - 433 - 434 - 436 - 437 - 440 - 441 - 442 - 444 - 446 - 448 - 453 - 456 - 457 - 458 - 465 - 467 - 469 - 470 - 471 - 472 - 473 - 474 - 475 - 477 - 481 - 483 - 491 - 497 - 498 - 499,14401817.4,0.0,60591,67638,51.75,Cost: 60591 & Capacity: 67638
3 - 6 - 7 - 8 - 9 - 10 - 11 - 12 - 13 - 14 - 15 - 17 - 18 - 19 - 22 - 25 - 28 - 32 - 34 - 35 - 36 - 38 - 39 - 41 - 42 - 45 - 47 - 48 - 50 - 56 - 57 - 61 - 65 - 68 - 74 - 76 - 78 - 79 - 80 - 81 - 82 - 83 - 84 - 86 - 91 - 93 - 94 - 96 - 97 - 101 - 104 - 105 - 107 - 110 - 112 - 116 - 119 - 121 - 122 - 125 - 130 - 132 - 137 - 139 - 140 - 142 - 145 - 146 - 147 - 149 - 150 - 151 - 152 - 154 - 155 - 156 - 157 - 158 - 159 - 160 - 163 - 168 - 169 - 171 - 174 - 176 - 177 - 178 - 179 - 180 - 182 - 187 - 192 - 193 - 195 - 196 - 197 - 199 - 200 - 205 - 207 - 209 - 211 - 213 - 214 - 216 - 218 - 220 - 221 - 224 - 225 - 226 - 232 - 233 - 235 - 236 - 237 - 240 - 244 - 248 - 250 - 251 - 253 - 255 - 257 - 259 - 263 - 267 - 271 - 272 - 274 - 275 - 277 - 279 - 280 - 281 - 282 - 283 - 285 - 286 - 287 - 288 - 290 - 291 - 293 - 294 - 295 - 297 - 299 - 303 - 304 - 305 - 310 - 311 - 314 - 316 - 321 - 327 - 328 - 329 - 330 - 331 - 333 - 336 - 337 - 338 - 341 - 343 - 344 - 345 - 347 - 350 - 351 - 356 - 357 - 358 - 359 - 361 - 362 - 363 - 364 - 365 - 366 - 367 - 369 - 370 - 372 - 374 - 378 - 379 - 387 - 388 - 391 - 393 - 399 - 403 - 404 - 405 - 409 - 410 - 414 - 415 - 416 - 419 - 423 - 424 - 427 - 429 - 430 - 431 - 433 - 434 - 436 - 437 - 440 - 441 - 442 - 444 - 446 - 448 - 453 - 456 - 457 - 458 - 465 - 467 - 469 - 470 - 471 - 472 - 473 - 474 - 475 - 477 - 481 - 483 - 491 - 497 - 498 - 499,14400472.4,0.0,60590,67171,51.99,Cost: 60590 & Capacity: 67171
3 - 6 - 7 - 8 - 9 - 10 - 11 - 12 - 13 - 14 - 15 - 17 - 18 - 19 - 22 - 25 - 28 - 32 - 34 - 35 - 36 - 38 - 39 - 41 - 42 - 45 - 47 - 48 - 50 - 56 - 57 - 61 - 65 - 68 - 74 - 76 - 78 - 79 - 80 - 81 - 82 - 83 - 84 - 86 - 91 - 93 - 94 - 96 - 97 - 101 - 104 - 105 - 107 - 110 - 112 - 116 - 119 - 121 - 122 - 125 - 130 - 132 - 137 - 139 - 140 - 142 - 145 - 146 - 147 - 149 - 150 - 151 - 152 - 154 - 155 - 156 - 157 - 158 - 159 - 160 - 163 - 168 - 169 - 171 - 174 - 176 - 177 - 178 - 179 - 180 - 182 - 187 - 192 - 193 - 195 - 196 - 197 - 199 - 200 - 205 - 207 - 209 - 211 - 213 - 214 - 216 - 218 - 220 - 221 - 224 - 225 - 226 - 232 - 233 - 235 - 236 - 237 - 240 - 244 - 248 - 250 - 251 - 253 - 255 - 257 - 259 - 263 - 267 - 269 - 271 - 274 - 275 - 279 - 280 - 281 - 282 - 283 - 285 - 286 - 287 - 288 - 290 - 291 - 293 - 294 - 295 - 297 - 299 - 303 - 304 - 305 - 310 - 311 - 314 - 316 - 321 - 327 - 328 - 329 - 330 - 331 - 336 - 337 - 338 - 341 - 343 - 344 - 345 - 347 - 350 - 351 - 356 - 357 - 358 - 359 - 361 - 362 - 363 - 364 - 365 - 366 - 367 - 369 - 370 - 372 - 374 - 378 - 379 - 387 - 393 - 399 - 403 - 404 - 405 - 409 - 410 - 414 - 415 - 416 - 419 - 423 - 424 - 426 - 427 - 429 - 430 - 431 - 433 - 434 - 436 - 437 - 440 - 441 - 442 - 444 - 446 - 448 - 453 - 456 - 457 - 458 - 465 - 467 - 469 - 470 - 471 - 472 - 473 - 474 - 475 - 477 - 481 - 483 - 491 - 497 - 498 - 499,14010935.5,0.0,59098,65497,51.92,Cost: 59098 & Capacity: 65497
3 - 6 - 7 - 8 - 9 - 10 - 11 - 12 - 13 - 14 - 15 - 17 - 18 - 19 - 22 - 25 - 28 - 32 - 34 - 35 - 36 - 38 - 39 - 41 - 42 - 45 - 48 - 50 - 56 - 57 - 61 - 65 - 68 - 74 - 76 - 78 - 79 - 80 - 81 - 82 - 83 - 84 - 86 - 91 - 93 - 94 - 96 - 97 - 101 - 104 - 105 - 107 - 110 - 112 - 116 - 119 - 121 - 122 - 125 - 130 - 132 - 137 - 139 - 140 - 142 - 145 - 146 - 147 - 149 - 150 - 151 - 152 - 154 - 155 - 156 - 157 - 158 - 159 - 160 - 163 - 168 - 169 - 171 - 174 - 176 - 177 - 178 - 179 - 180 - 182 - 187 - 191 - 192 - 193 - 195 - 196 - 197 - 199 - 200 - 205 - 207 - 209 - 211 - 213 - 214 - 216 - 218 - 220 - 221 - 224 - 225 - 226 - 232 - 233 - 235 - 236 - 237 - 240 - 244 - 248 - 250 - 251 - 253 - 255 - 257 - 259 - 263 - 267 - 269 - 271 - 272 - 274 - 275 - 277 - 279 - 280 - 281 - 282 - 283 - 285 - 286 - 287 - 288 - 290 - 291 - 293 - 294 - 295 - 297 - 299 - 303 - 304 - 305 - 310 - 311 - 314 - 316 - 321 - 327 - 328 - 329 - 330 - 331 - 333 - 336 - 337 - 338 - 341 - 343 - 344 - 345 - 347 - 350 - 351 - 356 - 357 - 358 - 359 - 361 - 362 - 363 - 364 - 365 - 366 - 367 - 369 - 370 - 372 - 374 - 378 - 379 - 387 - 388 - 393 - 399 - 403 - 404 - 405 - 409 - 410 - 414 - 415 - 416 - 419 - 423 - 424 - 427 - 429 - 430 - 431 - 433 - 434 - 436 - 437 - 440 - 441 - 442 - 444 - 446 - 448 - 453 - 456 - 457 - 458 - 465 - 467 - 469 - 470 - 471 - 472 - 473 - 474 - 475 - 477 - 481 - 483 - 491 - 497 - 498 - 499,14401817.4,0.0,60591,67638,52.03,Cost: 60591 & Capacity: 67638
3 - 6 - 7 - 8 - 9 - 10 - 12 - 13 - 14 - 15 - 17 - 18 - 22 - 24 - 34 - 35 - 36 - 38 - 41 - 42 - 45 - 48 - 50 - 56 - 57 - 61 - 62 - 66 - 68 - 70 - 71 - 74 - 75 - 76 - 78 - 80 - 82 - 83 - 86 - 94 - 96 - 97 - 101 - 104 - 105 - 107 - 110 - 112 - 116 - 119 - 120 - 121 - 122 - 125 - 130 - 132 - 134 - 137 - 139 - 140 - 142 - 146 - 147 - 149 - 150 - 152 - 154 - 155 - 156 - 157 - 158 - 159 - 160 - 163 - 165 - 168 - 176 - 177 - 178 - 179 - 180 - 182 - 187 - 191 - 192 - 195 - 196 - 197 - 199 - 200 - 205 - 207 - 209 - 213 - 214 - 216 - 218 - 220 - 224 - 232 - 233 - 235 - 236 - 237 - 238 - 240 - 244 - 248 - 250 - 251 - 253 - 255 - 257 - 260 - 266 - 267 - 269 - 271 - 272 - 274 - 275 - 279 - 280 - 281 - 283 - 285 - 288 - 290 - 292 - 293 - 294 - 295 - 299 - 303 - 304 - 305 - 310 - 311 - 314 - 315 - 317 - 321 - 327 - 328 - 329 - 330 - 331 - 336 - 338 - 341 - 343 - 344 - 345 - 347 - 351 - 356 - 357 - 360 - 361 - 362 - 363 - 364 - 366 - 367 - 369 - 370 - 374 - 378 - 379 - 382 - 384 - 386 - 388 - 391 - 393 - 395 - 403 - 404 - 405 - 409 - 410 - 411 - 414 - 415 - 419 - 421 - 423 - 424 - 427 - 430 - 431 - 432 - 433 - 434 - 436 - 437 - 442 - 444 - 446 - 448 - 450 - 453 - 456 - 458 - 465 - 467 - 468 - 471 - 472 - 473 - 474 - 477 - 482 - 491 - 497 - 498 - 499,11781729.4,2.9,60594,64862,53.92,Cost: 60594 & Capacity: 64862
3 - 6 - 7 - 8 - 9 - 10 - 11 - 12 - 13 - 14 - 15 - 17 - 18 - 19 - 22 - 25 - 28 - 32 - 34 - 35 - 36 - 38 - 39 - 41 - 42 - 45 - 48 - 50 - 56 - 57 - 61 - 65 - 68 - 74 - 76 - 78 - 79 - 80 - 81 - 82 - 83 - 84 - 86 - 91 - 93 - 94 - 96 - 97 - 101 - 104 - 105 - 107 - 110 - 112 - 116 - 119 - 121 - 122 - 125 - 130 - 132 - 137 - 139 - 140 - 142 - 145 - 146 - 147 - 149 - 150 - 151 - 152 - 154 - 155 - 156 - 157 - 158 - 159 - 160 - 163 - 168 - 169 - 171 - 174 - 176 - 177 - 178 - 179 - 180 - 182 - 187 - 191 - 192 - 193 - 195 - 196 - 197 - 199 - 200 - 205 - 207 - 209 - 211 - 213 - 214 - 216 - 218 - 220 - 221 - 224 - 225 - 226 - 232 - 233 - 235 - 236 - 237 - 240 - 244 - 248 - 250 - 251 - 253 - 255 - 257 - 259 - 263 - 267 - 269 - 271 - 272 - 274 - 275 - 277 - 279 - 280 - 281 - 282 - 283 - 285 - 286 - 287 - 288 - 290 - 291 - 293 - 294 - 295 - 297 - 299 - 303 - 304 - 305 - 310 - 311 - 314 - 316 - 321 - 327 - 328 - 329 - 330 - 331 - 333 - 336 - 337 - 338 - 341 - 343 - 344 - 345 - 347 - 350 - 351 - 356 - 357 - 358 - 359 - 361 - 362 - 363 - 364 - 365 - 366 - 367 - 369 - 370 - 372 - 374 - 378 - 379 - 387 - 388 - 393 - 399 - 403 - 404 - 405 - 409 - 410 - 414 - 415 - 416 - 419 - 423 - 424 - 427 - 429 - 430 - 431 - 433 - 434 - 436 - 437 - 440 - 441 - 442 - 444 - 446 - 448 - 453 - 456 - 457 - 458 - 465 - 467 - 469 - 470 - 471 - 472 - 473 - 474 - 475 - 477 - 481 - 483 - 491 - 497 - 498 - 499,14401817.4,0.0,60591,67638,54.22,Cost: 60591 & Capacity: 67638
3 - 6 - 7 - 8 - 9 - 10 - 11 - 12 - 13 - 14 - 15 - 17 - 18 - 19 - 22 - 25 - 28 - 32 - 34 - 35 - 36 - 38 - 39 - 41 - 42 - 45 - 47 - 48 - 50 - 56 - 57 - 61 - 65 - 68 - 74 - 76 - 78 - 79 - 80 - 81 - 82 - 83 - 84 - 86 - 91 - 93 - 94 - 96 - 97 - 101 - 104 - 105 - 107 - 110 - 112 - 116 - 119 - 121 - 122 - 125 - 130 - 132 - 137 - 139 - 140 - 142 - 145 - 146 - 147 - 149 - 150 - 151 - 152 - 154 - 155 - 156 - 157 - 158 - 159 - 160 - 163 - 168 - 169 - 171 - 174 - 176 - 177 - 178 - 179 - 180 - 182 - 187 - 192 - 193 - 195 - 196 - 197 - 199 - 200 - 205 - 207 - 209 - 211 - 213 - 214 - 216 - 218 - 220 - 221 - 224 - 225 - 226 - 232 - 233 - 235 - 236 - 237 - 240 - 244 - 248 - 250 - 251 - 253 - 255 - 257 - 259 - 263 - 267 - 269 - 271 - 274 - 275 - 277 - 279 - 280 - 281 - 282 - 283 - 285 - 286 - 287 - 288 - 290 - 291 - 293 - 294 - 295 - 297 - 299 - 303 - 304 - 305 - 310 - 311 - 314 - 316 - 321 - 327 - 328 - 329 - 330 - 331 - 336 - 337 - 338 - 341 - 343 - 344 - 345 - 347 - 350 - 351 - 356 - 357 - 358 - 359 - 361 - 362 - 363 - 364 - 365 - 366 - 367 - 369 - 370 - 372 - 374 - 378 - 379 - 387 - 393 - 399 - 403 - 404 - 405 - 409 - 410 - 414 - 415 - 416 - 419 - 423 - 424 - 427 - 429 - 430 - 431 - 433 - 434 - 436 - 437 - 440 - 441 - 442 - 444 - 446 - 448 - 453 - 456 - 457 - 458 - 465 - 467 - 469 - 470 - 471 - 472 - 473 - 474 - 475 - 477 - 481 - 483 - 491 - 497 - 498 - 499,14031722.8,0.0,59095,65378,54.18,Cost: 59095 & Capacity: 65378
3 - 6 - 7 - 8 - 9 - 10 - 11 - 12 - 13 - 14 - 15 - 17 - 18 - 19 - 22 - 25 - 28 - 32 - 34 - 35 - 36 - 38 - 39 - 41 - 42 - 45 - 47 - 48 - 50 - 56 - 57 - 61 - 65 - 68 - 74 - 76 - 78 - 79 - 80 - 81 - 82 - 83 - 84 - 86 - 91 - 93 - 94 - 96 - 97 - 101 - 104 - 105 - 107 - 110 - 112 - 116 - 119 - 121 - 122 - 125 - 130 - 132 - 137 - 139 - 140 - 142 - 145 - 146 - 147 - 149 - 150 - 151 - 152 - 154 - 155 - 156 - 157 - 158 - 159 - 160 - 163 - 168 - 169 - 171 - 174 - 176 - 177 - 178 - 179 - 180 - 182 - 187 - 192 - 193 - 195 - 196 - 197 - 199 - 200 - 205 - 207 - 209 - 211 - 213 - 214 - 216 - 218 - 220 - 221 - 224 - 225 - 226 - 232 - 233 - 235 - 236 - 237 - 240 - 244 - 248 - 250 - 251 - 253 - 255 - 257 - 259 - 263 - 267 - 269 - 271 - 274 - 275 - 277 - 279 - 280 - 281 - 282 - 283 - 285 - 286 - 287 - 288 - 290 - 291 - 293 - 294 - 295 - 297 - 299 - 303 - 304 - 305 - 310 - 311 - 314 - 316 - 321 - 327 - 328 - 329 - 330 - 331 - 336 - 337 - 338 - 341 - 343 - 344 - 345 - 347 - 350 - 351 - 356 - 357 - 358 - 359 - 361 - 362 - 363 - 364 - 365 - 366 - 367 - 369 - 370 - 372 - 374 - 378 - 379 - 387 - 393 - 399 - 403 - 404 - 405 - 409 - 410 - 414 - 415 - 416 - 419 - 423 - 424 - 426 - 427 - 429 - 430 - 431 - 433 - 434 - 436 - 437 - 440 - 441 - 442 - 444 - 446 - 448 - 453 - 456 - 457 - 458 - 465 - 467 - 469 - 470 - 471 - 472 - 473 - 474 - 475 - 477 - 481 - 483 - 491 - 497 - 498 - 499,14140042.5,0.0,59571,65793,54.18,Cost: 59571 & Capacity: 65793
3 - 6 - 7 - 8 - 9 - 10 - 11 - 12 - 13 - 14 - 15 - 17 - 18 - 19 - 22 - 25 - 28 - 32 - 34 - 35 - 36 - 38 - 39 - 41 - 42 - 45 - 47 - 48 - 50 - 56 - 57 - 61 - 65 - 68 - 74 - 76 - 78 - 79 - 80 - 81 - 82 - 83 - 84 - 86 - 91 - 93 - 94 - 96 - 97 - 101 - 104 - 105 - 107 - 110 - 112 - 116 - 119 - 121 - 122 - 125 - 130 - 132 - 137 - 139 - 140 - 142 - 145 - 146 - 147 - 149 - 150 - 151 - 152 - 154 - 155 - 156 - 157 - 158 - 159 - 160 - 163 - 168 - 169 - 171 - 174 - 176 - 177 - 178 - 179 - 180 - 182 - 187 - 192 - 193 - 195 - 196 - 197 - 199 - 200 - 205 - 207 - 209 - 211 - 213 - 214 - 216 - 218 - 220 - 221 - 224 - 225 - 226 - 232 - 233 - 235 - 236 - 237 - 240 - 244 - 248 - 250 - 251 - 253 - 255 - 257 - 259 - 263 - 267 - 271 - 272 - 274 - 275 - 277 - 279 - 280 - 281 - 282 - 283 - 285 - 286 - 287 - 288 - 290 - 291 - 293 - 294 - 295 - 297 - 299 - 303 - 304 - 305 - 310 - 311 - 314 - 316 - 321 - 327 - 328 - 329 - 330 - 331 - 333 - 336 - 337 - 338 - 341 - 343 - 344 - 345 - 347 - 350 - 351 - 356 - 357 - 358 - 359 - 361 - 362 - 363 - 364 - 365 - 366 - 367 - 369 - 370 - 372 - 374 - 378 - 379 - 387 - 388 - 391 - 393 - 399 - 403 - 404 - 405 - 409 - 410 - 414 - 415 - 416 - 419 - 423 - 424 - 427 - 429 - 430 - 431 - 433 - 434 - 436 - 437 - 440 - 441 - 442 - 444 - 446 - 448 - 453 - 456 - 457 - 458 - 465 - 467 - 469 - 470 - 471 - 472 - 473 - 474 - 475 - 477 - 481 - 483 - 491 - 497 - 498 - 499,14400472.4,0.0,60590,67171,54.26,Cost: 60590 & Capacity: 67171
3 - 6 - 7 - 8 - 9 - 10 - 11 - 12 - 13 - 14 - 15 - 17 - 18 - 19 - 22 - 25 - 28 - 32 - 34 - 35 - 36 - 38 - 39 - 41 - 42 - 45 - 48 - 50 - 56 - 57 - 61 - 65 - 68 - 74 - 76 - 78 - 79 - 80 - 81 - 82 - 83 - 84 - 86 - 91 - 93 - 94 - 96 - 97 - 101 - 104 - 105 - 107 - 110 - 112 - 116 - 119 - 121 - 122 - 125 - 130 - 132 - 137 - 139 - 140 - 142 - 145 - 146 - 147 - 149 - 150 - 151 - 152 - 154 - 155 - 156 - 157 - 158 - 159 - 160 - 163 - 168 - 169 - 171 - 174 - 176 - 177 - 178 - 179 - 180 - 182 - 187 - 191 - 192 - 193 - 195 - 196 - 197 - 199 - 200 - 205 - 207 - 209 - 211 - 213 - 214 - 216 - 218 - 220 - 221 - 224 - 225 - 226 - 232 - 233 - 235 - 236 - 237 - 240 - 244 - 248 - 250 - 251 - 253 - 255 - 257 - 259 - 263 - 267 - 269 - 271 - 272 - 274 - 275 - 277 - 279 - 280 - 281 - 282 - 283 - 285 - 286 - 287 - 288 - 290 - 291 - 293 - 294 - 295 - 297 - 299 - 303 - 304 - 305 - 310 - 311 - 314 - 316 - 321 - 327 - 328 - 329 - 330 - 331 - 333 - 336 - 337 - 338 - 341 - 343 - 344 - 345 - 347 - 350 - 351 - 356 - 357 - 358 - 359 - 361 - 362 - 363 - 364 - 365 - 366 - 367 - 369 - 370 - 372 - 374 - 378 - 379 - 387 - 388 - 393 - 399 - 403 - 404 - 405 - 409 - 410 - 414 - 415 - 416 - 419 - 423 - 424 - 427 - 429 - 430 - 431 - 433 - 434 - 436 - 437 - 440 - 441 - 442 - 444 - 446 - 448 - 453 - 456 - 457 - 458 - 465 - 467 - 469 - 470 - 471 - 472 - 473 - 474 - 475 - 477 - 481 - 483 - 491 - 497 - 498 - 499,14401817.4,0.0,60591,67638,54.54,Cost: 60591 & Capacity: 67638
3 - 6 - 7 - 8 - 9 - 10 - 11 - 12 - 13 - 14 - 15 - 17 - 18 - 19 - 22 - 25 - 28 - 32 - 34 - 35 - 36 - 38 - 39 - 41 - 42 - 45 - 48 - 50 - 56 - 57 - 61 - 65 - 68 - 74 - 76 - 78 - 79 - 80 - 81 - 82 - 83 - 84 - 86 - 91 - 93 - 94 - 96 - 97 - 101 - 104 - 105 - 107 - 110 - 112 - 116 - 119 - 121 - 122 - 125 - 130 - 132 - 137 - 139 - 140 - 142 - 145 - 146 - 147 - 149 - 150 - 151 - 152 - 154 - 155 - 156 - 157 - 158 - 159 - 160 - 163 - 168 - 169 - 171 - 174 - 176 - 177 - 178 - 179 - 180 - 182 - 187 - 191 - 192 - 193 - 195 - 196 - 197 - 199 - 200 - 205 - 207 - 209 - 211 - 213 - 214 - 216 - 218 - 220 - 221 - 224 - 225 - 226 - 232 - 233 - 235 - 236 - 237 - 240 - 244 - 248 - 250 - 251 - 253 - 255 - 257 - 259 - 263 - 267 - 269 - 271 - 272 - 274 - 275 - 277 - 279 - 280 - 281 - 282 - 283 - 285 - 286 - 287 - 288 - 290 - 291 - 293 - 294 - 295 - 297 - 299 - 303 - 304 - 305 - 310 - 311 - 314 - 316 - 321 - 327 - 328 - 329 - 330 - 331 - 333 - 336 - 337 - 338 - 341 - 343 - 344 - 345 - 347 - 350 - 351 - 356 - 357 - 358 - 359 - 361 - 362 - 363 - 364 - 365 - 366 - 367 - 369 - 370 - 372 - 374 - 378 - 379 - 387 - 388 - 393 - 399 - 403 - 404 - 405 - 409 - 410 - 414 - 415 - 416 - 419 - 423 - 424 - 427 - 429 - 430 - 431 - 433 - 434 - 436 - 437 - 440 - 441 - 442 - 444 - 446 - 448 - 453 - 456 - 457 - 458 - 465 - 467 - 469 - 470 - 471 - 472 - 473 - 474 - 475 - 477 - 481 - 483 - 491 - 497 - 498 - 499,14401817.4,0.0,60591,67638,56.62,Cost: 60591 & Capacity: 67638
3 - 6 - 7 - 8 - 9 - 10 - 11 - 12 - 13 - 14 - 15 - 17 - 18 - 19 - 22 - 25 - 28 - 32 - 34 - 35 - 36 - 38 - 39 - 41 - 42 - 45 - 48 - 50 - 56 - 57 - 61 - 65 - 68 - 74 - 76 - 78 - 79 - 80 - 81 - 82 - 83 - 84 - 86 - 91 - 93 - 94 - 96 - 97 - 101 - 104 - 105 - 107 - 110 - 112 - 116 - 119 - 121 - 122 - 125 - 130 - 132 - 137 - 139 - 140 - 142 - 145 - 146 - 147 - 149 - 150 - 151 - 152 - 154 - 155 - 156 - 157 - 158 - 159 - 160 - 163 - 168 - 169 - 171 - 174 - 176 - 177 - 178 - 179 - 180 - 182 - 187 - 191 - 192 - 193 - 195 - 196 - 197 - 199 - 200 - 205 - 207 - 209 - 211 - 213 - 214 - 216 - 218 - 220 - 221 - 224 - 225 - 226 - 232 - 233 - 235 - 236 - 237 - 240 - 244 - 248 - 250 - 251 - 253 - 255 - 257 - 259 - 263 - 267 - 269 - 271 - 272 - 274 - 275 - 277 - 279 - 280 - 281 - 282 - 283 - 285 - 286 - 287 - 288 - 290 - 291 - 293 - 294 - 295 - 297 - 299 - 303 - 304 - 305 - 310 - 311 - 314 - 316 - 321 - 327 - 328 - 329 - 330 - 331 - 333 - 336 - 337 - 338 - 341 - 343 - 344 - 345 - 347 - 350 - 351 - 356 - 357 - 358 - 359 - 361 - 362 - 363 - 364 - 365 - 366 - 367 - 369 - 370 - 372 - 374 - 378 - 379 - 387 - 388 - 393 - 399 - 403 - 404 - 405 - 409 - 410 - 414 - 415 - 416 - 419 - 423 - 424 - 427 - 429 - 430 - 431 - 433 - 434 - 436 - 437 - 440 - 441 - 442 - 444 - 446 - 448 - 453 - 456 - 457 - 458 - 465 - 467 - 469 - 470 - 471 - 472 - 473 - 474 - 475 - 477 - 481 - 483 - 491 - 497 - 498 - 499,14401817.4,0.0,60591,67638,56.66,Cost: 60591 & Capacity: 67638
3 - 6 - 7 - 8 - 9 - 10 - 11 - 12 - 13 - 14 - 15 - 17 - 18 - 19 - 22 - 25 - 28 - 32 - 34 - 35 - 36 - 38 - 39 - 41 - 42 - 45 - 48 - 50 - 56 - 57 - 61 - 65 - 68 - 74 - 76 - 78 - 79 - 80 - 81 - 82 - 83 - 84 - 86 - 91 - 93 - 94 - 96 - 97 - 101 - 104 - 105 - 107 - 110 - 112 - 116 - 119 - 121 - 122 - 125 - 130 - 132 - 137 - 139 - 140 - 142 - 145 - 146 - 147 - 149 - 150 - 151 - 152 - 154 - 155 - 156 - 157 - 158 - 159 - 160 - 163 - 168 - 169 - 171 - 174 - 176 - 177 - 178 - 179 - 180 - 182 - 187 - 191 - 192 - 193 - 195 - 196 - 197 - 199 - 200 - 205 - 207 - 209 - 211 - 213 - 214 - 216 - 218 - 220 - 221 - 224 - 225 - 226 - 232 - 233 - 235 - 236 - 237 - 240 - 244 - 248 - 250 - 251 - 253 - 255 - 257 - 259 - 263 - 267 - 269 - 271 - 272 - 274 - 275 - 277 - 279 - 280 - 281 - 282 - 283 - 285 - 286 - 287 - 288 - 290 - 291 - 293 - 294 - 295 - 297 - 299 - 303 - 304 - 305 - 310 - 311 - 314 - 316 - 321 - 327 - 328 - 329 - 330 - 331 - 333 - 336 - 337 - 338 - 341 - 343 - 344 - 345 - 347 - 350 - 351 - 356 - 357 - 358 - 359 - 361 - 362 - 363 - 364 - 365 - 366 - 367 - 369 - 370 - 372 - 374 - 378 - 379 - 387 - 388 - 393 - 399 - 403 - 404 - 405 - 409 - 410 - 414 - 415 - 416 - 419 - 423 - 424 - 427 - 429 - 430 - 431 - 433 - 434 - 436 - 437 - 440 - 441 - 442 - 444 - 446 - 448 - 453 - 456 - 457 - 458 - 465 - 467 - 469 - 470 - 471 - 472 - 473 - 474 - 475 - 477 - 481 - 483 - 491 - 497 - 498 - 499,14401817.4,0.0,60591,67638,56.91,Cost: 60591 & Capacity: 67638
3 - 6 - 7 - 8 - 9 - 10 - 11 - 12 - 13 - 14 - 15 - 17 - 18 - 19 - 22 - 25 - 28 - 32 - 34 - 35 - 36 - 38 - 39 - 41 - 42 - 45 - 47 - 48 - 50 - 56 - 57 - 61 - 65 - 68 - 74 - 76 - 78 - 79 - 80 - 81 - 82 - 83 - 84 - 86 - 91 - 93 - 94 - 96 - 97 - 101 - 104 - 105 - 107 - 110 - 112 - 116 - 119 - 121 - 122 - 125 - 130 - 132 - 137 - 139 - 140 - 142 - 145 - 146 - 147 - 149 - 150 - 151 - 152 - 154 - 155 - 156 - 157 - 158 - 159 - 160 - 163 - 168 - 169 - 171 - 174 - 176 - 177 - 178 - 179 - 180 - 182 - 187 - 192 - 193 - 195 - 196 - 197 - 199 - 200 - 205 - 207 - 209 - 211 - 213 - 214 - 216 - 218 - 220 - 221 - 224 - 225 - 226 - 232 - 233 - 235 - 236 - 237 - 240 - 244 - 248 - 250 - 251 - 253 - 255 - 257 - 259 - 263 - 267 - 269 - 271 - 274 - 275 - 277 - 279 - 280 - 281 - 282 - 283 - 285 - 286 - 287 - 288 - 290 - 291 - 293 - 294 - 295 - 297 - 299 - 303 - 304 - 305 - 310 - 311 - 314 - 316 - 321 - 327 - 328 - 329 - 330 - 331 - 333 - 336 - 337 - 338 - 341 - 343 - 344 - 345 - 347 - 350 - 351 - 356 - 357 - 358 - 359 - 361 - 362 - 363 - 364 - 365 - 366 - 367 - 369 - 370 - 372 - 374 - 378 - 379 - 387 - 388 - 391 - 393 - 399 - 403 - 404 - 405 - 409 - 410 - 414 - 415 - 416 - 419 - 423 - 424 - 426 - 427 - 429 - 430 - 431 - 433 - 434 - 436 - 437 - 440 - 442 - 444 - 446 - 448 - 453 - 456 - 457 - 458 - 465 - 467 - 469 - 470 - 471 - 472 - 473 - 474 - 475 - 477 - 481 - 483 - 491 - 497 - 498 - 499,14387908.2,0.0,60593,66572,58.35,Cost: 60593 & Capacity: 66572
3 - 6 - 7 - 8 - 9 - 10 - 12 - 13 - 14 - 15 - 17 - 18 - 22 - 34 - 35 - 36 - 38 - 41 - 42 - 45 - 48 - 50 - 54 - 56 - 57 - 61 - 62 - 66 - 68 - 74 - 75 - 76 - 78 - 80 - 82 - 83 - 86 - 94 - 96 - 97 - 101 - 104 - 105 - 107 - 110 - 112 - 116 - 117 - 119 - 120 - 121 - 122 - 125 - 130 - 132 - 133 - 134 - 137 - 139 - 140 - 142 - 143 - 146 - 147 - 149 - 150 - 152 - 154 - 155 - 156 - 157 - 158 - 159 - 160 - 163 - 165 - 168 - 176 - 177 - 178 - 179 - 182 - 187 - 191 - 192 - 193 - 195 - 196 - 197 - 199 - 200 - 205 - 207 - 209 - 213 - 216 - 218 - 220 - 221 - 224 - 232 - 233 - 235 - 236 - 237 - 238 - 240 - 244 - 248 - 250 - 251 - 253 - 255 - 257 - 260 - 263 - 266 - 267 - 269 - 271 - 272 - 274 - 275 - 279 - 280 - 281 - 283 - 285 - 288 - 290 - 292 - 293 - 294 - 295 - 297 - 299 - 303 - 304 - 305 - 310 - 311 - 314 - 315 - 316 - 317 - 321 - 327 - 328 - 329 - 330 - 331 - 336 - 338 - 341 - 343 - 344 - 345 - 347 - 351 - 356 - 357 - 360 - 361 - 362 - 363 - 364 - 365 - 366 - 367 - 369 - 370 - 374 - 378 - 382 - 386 - 388 - 393 - 395 - 403 - 404 - 405 - 409 - 410 - 414 - 415 - 416 - 419 - 421 - 423 - 424 - 427 - 430 - 431 - 432 - 433 - 434 - 436 - 437 - 442 - 444 - 446 - 448 - 450 - 453 - 456 - 458 - 465 - 467 - 468 - 471 - 472 - 473 - 474 - 477 - 482 - 485 - 491 - 497 - 498 - 499,12101311.3,2.4,60591,64565,58.72,Cost: 60591 & Capacity: 64565
3 - 6 - 7 - 8 - 9 - 10 - 11 - 12 - 13 - 14 - 15 - 17 - 18 - 19 - 22 - 25 - 28 - 32 - 34 - 35 - 36 - 38 - 39 - 41 - 42 - 45 - 48 - 50 - 56 - 57 - 61 - 65 - 68 - 74 - 76 - 78 - 79 - 80 - 81 - 82 - 83 - 84 - 86 - 91 - 93 - 94 - 96 - 97 - 101 - 104 - 105 - 107 - 110 - 112 - 116 - 119 - 121 - 122 - 125 - 130 - 132 - 137 - 139 - 140 - 142 - 145 - 146 - 147 - 149 - 150 - 151 - 152 - 154 - 155 - 156 - 157 - 158 - 159 - 160 - 163 - 168 - 169 - 171 - 174 - 176 - 177 - 178 - 179 - 180 - 182 - 187 - 191 - 192 - 193 - 195 - 196 - 197 - 199 - 200 - 205 - 207 - 209 - 211 - 213 - 214 - 216 - 218 - 220 - 221 - 224 - 225 - 226 - 232 - 233 - 235 - 236 - 237 - 240 - 244 - 248 - 250 - 251 - 253 - 255 - 257 - 259 - 263 - 267 - 269 - 271 - 272 - 274 - 275 - 277 - 279 - 280 - 281 - 282 - 283 - 285 - 286 - 287 - 288 - 290 - 291 - 293 - 294 - 295 - 297 - 299 - 303 - 304 - 305 - 310 - 311 - 314 - 316 - 321 - 327 - 328 - 329 - 330 - 331 - 333 - 336 - 337 - 338 - 341 - 343 - 344 - 345 - 347 - 350 - 351 - 356 - 357 - 358 - 359 - 361 - 362 - 363 - 364 - 365 - 366 - 367 - 369 - 370 - 372 - 374 - 378 - 379 - 387 - 388 - 393 - 399 - 403 - 404 - 405 - 409 - 410 - 414 - 415 - 416 - 419 - 423 - 424 - 427 - 429 - 430 - 431 - 433 - 434 - 436 - 437 - 440 - 441 - 442 - 444 - 446 - 448 - 453 - 456 - 457 - 458 - 465 - 467 - 469 - 470 - 471 - 472 - 473 - 474 - 475 - 477 - 481 - 483 - 491 - 497 - 498 - 499,14401817.4,0.0,60591,67638,59.17,Cost: 60591 & Capacity: 67638
3 - 7 - 10 - 18 - 24 - 32 - 34 - 37 - 42 - 54 - 56 - 59 - 63 - 64 - 76 - 77 - 80 - 86 - 101 - 104 - 107 - 109 - 111 - 112 - 121 - 125 - 130 - 134 - 138 - 139 - 143 - 146 - 151 - 154 - 156 - 157 - 160 - 165 - 172 - 176 - 180 - 182 - 183 - 191 - 194 - 195 - 205 - 207 - 209 - 216 - 218 - 224 - 233 - 234 - 235 - 238 - 248 - 249 - 251 - 257 - 259 - 262 - 266 - 267 - 272 - 274 - 276 - 277 - 280 - 281 - 282 - 283 - 286 - 287 - 290 - 292 - 295 - 297 - 298 - 303 - 304 - 311 - 317 - 319 - 325 - 327 - 328 - 329 - 330 - 332 - 347 - 350 - 356 - 360 - 362 - 363 - 369 - 370 - 385 - 387 - 393 - 396 - 404 - 408 - 409 - 414 - 415 - 420 - 425 - 428 - 429 - 432 - 436 - 441 - 446 - 447 - 453 - 456 - 459 - 465 - 467 - 468 - 471 - 473 - 477 - 479 - 480 - 481 - 486 - 488 - 492 - 495 - 496 - 498,4533447.9,17.4,60409,53369,59.33,Cost: 60409 & Capacity: 53369
1 - 7 - 12 - 14 - 15 - 17 - 18 - 20 - 29 - 32 - 34 - 35 - 40 - 42 - 43 - 45 - 48 - 54 - 56 - 65 - 68 - 70 - 71 - 86 - 90 - 96 - 97 - 101 - 105 - 109 - 110 - 111 - 113 - 116 - 121 - 122 - 129 - 131 - 134 - 137 - 139 - 142 - 147 - 150 - 152 - 155 - 158 - 160 - 165 - 172 - 176 - 180 - 182 - 187 - 191 - 193 - 199 - 207 - 209 - 211 - 216 - 218 - 232 - 233 - 236 - 237 - 241 - 248 - 252 - 253 - 254 - 257 - 259 - 265 - 267 - 272 - 278 - 279 - 280 - 283 - 290 - 293 - 294 - 295 - 303 - 304 - 310 - 311 - 317 - 320 - 327 - 328 - 329 - 333 - 346 - 354 - 358 - 359 - 360 - 361 - 362 - 363 - 365 - 370 - 372 - 375 - 378 - 386 - 391 - 396 - 402 - 407 - 411 - 415 - 418 - 419 - 421 - 424 - 425 - 430 - 432 - 434 - 436 - 450 - 453 - 455 - 456 - 458 - 459 - 462 - 465 - 467 - 468 - 469 - 471 - 472 - 473 - 474 - 475 - 477 - 479 - 484 - 488 - 492 - 494 - 499,5441920.4,12.7,60554,53191,60.52,Cost: 60554 & Capacity: 53191
3 - 4 - 11 - 14 - 17 - 18 - 25 - 33 - 34 - 37 - 49 - 50 - 61 - 68 - 80 - 86 - 89 - 91 - 97 - 98 - 101 - 103 - 109 - 111 - 120 - 128 - 130 - 135 - 139 - 142 - 143 - 144 - 151 - 158 - 160 - 172 - 176 - 177 - 180 - 183 - 185 - 186 - 187 - 188 - 191 - 205 - 209 - 210 - 216 - 218 - 220 - 224 - 232 - 233 - 235 - 237 - 238 - 240 - 249 - 253 - 257 - 259 - 261 - 262 - 266 - 269 - 272 - 279 - 280 - 281 - 282 - 283 - 286 - 290 - 292 - 295 - 301 - 303 - 304 - 311 - 314 - 317 - 319 - 325 - 327 - 330 - 333 - 335 - 338 - 347 - 349 - 360 - 361 - 362 - 367 - 369 - 370 - 375 - 378 - 396 - 399 - 404 - 406 - 407 - 408 - 409 - 412 - 418 - 421 - 424 - 429 - 430 - 434 - 436 - 437 - 445 - 450 - 453 - 458 - 459 - 461 - 468 - 486 - 488 - 493 - 496,4120321.4,19.3,60532,53259,61.0,Cost: 60532 & Capacity: 53259
3 - 6 - 7 - 8 - 9 - 10 - 12 - 15 - 17 - 18 - 22 - 24 - 28 - 35 - 36 - 38 - 41 - 42 - 45 - 48 - 50 - 54 - 56 - 57 - 61 - 62 - 65 - 66 - 68 - 70 - 75 - 76 - 78 - 79 - 80 - 83 - 86 - 94 - 96 - 97 - 101 - 102 - 105 - 107 - 109 - 110 - 112 - 116 - 119 - 120 - 121 - 122 - 125 - 128 - 130 - 132 - 133 - 134 - 136 - 137 - 139 - 140 - 142 - 146 - 147 - 149 - 154 - 155 - 156 - 158 - 160 - 165 - 168 - 172 - 176 - 177 - 179 - 182 - 187 - 191 - 192 - 195 - 196 - 200 - 205 - 207 - 209 - 212 - 213 - 214 - 216 - 220 - 221 - 224 - 229 - 232 - 233 - 235 - 236 - 237 - 238 - 241 - 244 - 248 - 250 - 251 - 253 - 260 - 266 - 267 - 271 - 272 - 274 - 275 - 279 - 280 - 281 - 282 - 283 - 285 - 286 - 288 - 290 - 292 - 293 - 294 - 295 - 299 - 303 - 304 - 310 - 311 - 314 - 315 - 317 - 321 - 327 - 328 - 330 - 335 - 336 - 338 - 345 - 346 - 351 - 357 - 359 - 360 - 361 - 362 - 364 - 369 - 370 - 371 - 374 - 378 - 382 - 386 - 391 - 404 - 408 - 409 - 410 - 414 - 415 - 419 - 421 - 423 - 424 - 427 - 430 - 432 - 433 - 436 - 437 - 442 - 443 - 444 - 448 - 450 - 453 - 456 - 458 - 463 - 467 - 468 - 471 - 473 - 474 - 479 - 481 - 485 - 486 - 497 - 498 - 499,9670634.4,5.5,60587,61731,61.48,Cost: 60587 & Capacity: 61731
3 - 11 - 13 - 17 - 18 - 19 - 25 - 27 - 37 - 40 - 41 - 42 - 45 - 50 - 61 - 62 - 65 - 68 - 80 - 86 - 91 - 97 - 104 - 109 - 110 - 120 - 124 - 125 - 128 - 130 - 134 - 139 - 142 - 143 - 144 - 147 - 149 - 151 - 152 - 156 - 158 - 160 - 165 - 172 - 174 - 176 - 178 - 180 - 182 - 185 - 186 - 187 - 188 - 191 - 194 - 195 - 197 - 202 - 205 - 209 - 211 - 216 - 218 - 220 - 232 - 233 - 237 - 241 - 248 - 251 - 252 - 253 - 254 - 255 - 259 - 267 - 271 - 272 - 279 - 281 - 283 - 285 - 286 - 288 - 292 - 295 - 301 - 303 - 304 - 311 - 312 - 313 - 314 - 317 - 318 - 319 - 327 - 330 - 333 - 344 - 347 - 351 - 356 - 360 - 362 - 363 - 366 - 370 - 371 - 374 - 378 - 381 - 387 - 393 - 395 - 396 - 402 - 405 - 406 - 407 - 408 - 409 - 415 - 418 - 419 - 424 - 430 - 434 - 436 - 437 - 442 - 448 - 450 - 453 - 455 - 459 - 465 - 467 - 468 - 469 - 470 - 471 - 475 - 485 - 490 - 492 - 493 - 498,5716541.2,11.8,60571,57763,63.93,Cost: 60571 & Capacity: 57763
3 - 6 - 7 - 8 - 9 - 11 - 14 - 15 - 17 - 18 - 19 - 24 - 30 - 35 - 41 - 45 - 48 - 50 - 56 - 62 - 65 - 68 - 70 - 71 - 75 - 76 - 78 - 80 - 83 - 86 - 94 - 97 - 101 - 105 - 109 - 112 - 116 - 119 - 120 - 121 - 122 - 128 - 130 - 132 - 135 - 136 - 137 - 139 - 140 - 145 - 146 - 147 - 151 - 154 - 155 - 156 - 158 - 160 - 165 - 168 - 172 - 174 - 176 - 179 - 180 - 182 - 185 - 186 - 187 - 188 - 191 - 192 - 195 - 196 - 200 - 205 - 208 - 209 - 212 - 214 - 216 - 220 - 224 - 227 - 229 - 232 - 233 - 235 - 237 - 238 - 244 - 248 - 250 - 251 - 253 - 266 - 269 - 272 - 274 - 279 - 280 - 282 - 285 - 290 - 292 - 293 - 294 - 295 - 303 - 310 - 311 - 315 - 317 - 321 - 322 - 327 - 330 - 332 - 335 - 336 - 338 - 343 - 344 - 345 - 347 - 356 - 357 - 359 - 362 - 364 - 365 - 369 - 370 - 371 - 374 - 378 - 379 - 386 - 391 - 393 - 396 - 404 - 409 - 410 - 414 - 419 - 421 - 423 - 424 - 428 - 429 - 432 - 433 - 436 - 437 - 442 - 444 - 448 - 450 - 453 - 456 - 463 - 467 - 468 - 471 - 473 - 474 - 479 - 481 - 482 - 485 - 486 - 492 - 497 - 499,7736210.4,8.6,60482,58730,64.66,Cost: 60482 & Capacity: 58730
3 - 6 - 7 - 8 - 9 - 10 - 11 - 12 - 13 - 14 - 15 - 17 - 18 - 19 - 22 - 25 - 28 - 32 - 34 - 35 - 36 - 38 - 39 - 41 - 42 - 45 - 47 - 48 - 50 - 56 - 57 - 61 - 65 - 68 - 74 - 76 - 78 - 79 - 80 - 81 - 82 - 83 - 84 - 86 - 91 - 93 - 94 - 96 - 97 - 101 - 104 - 105 - 107 - 110 - 112 - 116 - 119 - 121 - 122 - 125 - 130 - 132 - 137 - 139 - 140 - 142 - 145 - 146 - 147 - 149 - 150 - 151 - 152 - 154 - 155 - 156 - 157 - 158 - 159 - 160 - 163 - 168 - 169 - 171 - 174 - 176 - 177 - 178 - 179 - 180 - 182 - 187 - 192 - 193 - 195 - 196 - 197 - 199 - 200 - 205 - 207 - 209 - 211 - 213 - 214 - 216 - 218 - 220 - 221 - 224 - 225 - 226 - 232 - 233 - 235 - 236 - 237 - 240 - 244 - 248 - 250 - 251 - 253 - 255 - 257 - 259 - 263 - 267 - 269 - 271 - 274 - 275 - 279 - 280 - 281 - 282 - 283 - 285 - 286 - 287 - 288 - 290 - 291 - 293 - 294 - 295 - 297 - 299 - 303 - 304 - 305 - 310 - 311 - 314 - 316 - 321 - 327 - 328 - 329 - 330 - 331 - 333 - 336 - 337 - 338 - 341 - 343 - 344 - 345 - 347 - 350 - 351 - 356 - 357 - 358 - 359 - 361 - 362 - 363 - 364 - 365 - 366 - 367 - 369 - 370 - 372 - 374 - 378 - 379 - 387 - 388 - 393 - 399 - 403 - 404 - 405 - 409 - 410 - 414 - 415 - 416 - 419 - 423 - 424 - 426 - 427 - 429 - 430 - 431 - 433 - 434 - 436 - 437 - 440 - 441 - 442 - 444 - 446 - 448 - 453 - 456 - 457 - 458 - 465 - 467 - 469 - 470 - 471 - 472 - 473 - 474 - 475 - 477 - 481 - 483 - 491 - 497 - 498 - 499,14255902.6,0.0,60062,66689,64.94,Cost: 60062 & Capacity: 66689
3 - 6 - 7 - 8 - 9 - 10 - 12 - 13 - 15 - 17 - 18 - 22 - 24 - 28 - 35 - 36 - 38 - 41 - 42 - 45 - 48 - 50 - 51 - 54 - 56 - 57 - 61 - 62 - 65 - 66 - 68 - 70 - 71 - 74 - 75 - 76 - 78 - 80 - 83 - 86 - 94 - 96 - 97 - 101 - 105 - 107 - 109 - 110 - 112 - 116 - 117 - 119 - 120 - 121 - 122 - 125 - 130 - 132 - 133 - 134 - 137 - 139 - 140 - 142 - 146 - 147 - 149 - 152 - 154 - 155 - 156 - 158 - 159 - 160 - 168 - 176 - 177 - 179 - 182 - 187 - 191 - 192 - 195 - 196 - 197 - 200 - 205 - 207 - 209 - 213 - 216 - 220 - 221 - 224 - 229 - 232 - 233 - 235 - 236 - 237 - 238 - 244 - 248 - 250 - 251 - 252 - 253 - 260 - 266 - 267 - 269 - 271 - 272 - 274 - 275 - 279 - 280 - 281 - 283 - 285 - 288 - 290 - 292 - 293 - 294 - 295 - 299 - 303 - 304 - 310 - 311 - 314 - 315 - 317 - 321 - 327 - 328 - 330 - 331 - 336 - 338 - 341 - 345 - 346 - 347 - 351 - 357 - 359 - 360 - 361 - 362 - 364 - 366 - 369 - 370 - 371 - 374 - 375 - 378 - 382 - 384 - 386 - 388 - 391 - 404 - 409 - 410 - 411 - 414 - 415 - 419 - 421 - 423 - 424 - 427 - 430 - 431 - 432 - 433 - 436 - 437 - 442 - 443 - 444 - 446 - 448 - 450 - 453 - 456 - 458 - 463 - 465 - 467 - 468 - 471 - 473 - 474 - 479 - 481 - 486 - 497 - 498 - 499,10328164.2,4.2,60570,62233,68.4,Cost: 60570 & Capacity: 62233
3 - 7 - 8 - 10 - 11 - 12 - 13 - 14 - 15 - 17 - 18 - 19 - 20 - 22 - 23 - 25 - 28 - 34 - 35 - 36 - 38 - 39 - 41 - 42 - 45 - 48 - 50 - 56 - 57 - 61 - 65 - 74 - 76 - 78 - 80 - 81 - 83 - 84 - 86 - 93 - 94 - 96 - 97 - 101 - 104 - 105 - 110 - 112 - 116 - 119 - 121 - 122 - 125 - 130 - 132 - 134 - 137 - 139 - 140 - 142 - 145 - 146 - 147 - 149 - 150 - 151 - 154 - 155 - 156 - 157 - 158 - 159 - 160 - 163 - 165 - 168 - 169 - 171 - 174 - 176 - 177 - 178 - 180 - 182 - 187 - 191 - 192 - 193 - 195 - 196 - 197 - 199 - 200 - 205 - 207 - 209 - 211 - 213 - 214 - 216 - 218 - 220 - 221 - 224 - 232 - 233 - 235 - 236 - 237 - 240 - 244 - 248 - 250 - 251 - 253 - 255 - 259 - 263 - 266 - 269 - 271 - 272 - 274 - 275 - 279 - 280 - 281 - 283 - 285 - 286 - 287 - 288 - 290 - 293 - 294 - 295 - 297 - 299 - 303 - 304 - 305 - 310 - 311 - 314 - 316 - 321 - 325 - 327 - 328 - 329 - 330 - 331 - 333 - 336 - 337 - 338 - 341 - 343 - 344 - 345 - 347 - 350 - 351 - 352 - 356 - 357 - 358 - 359 - 361 - 362 - 363 - 364 - 365 - 366 - 367 - 369 - 370 - 372 - 374 - 378 - 379 - 381 - 384 - 386 - 387 - 388 - 395 - 399 - 403 - 404 - 405 - 409 - 410 - 414 - 415 - 416 - 419 - 421 - 423 - 424 - 427 - 429 - 430 - 431 - 433 - 434 - 436 - 437 - 440 - 441 - 442 - 444 - 446 - 448 - 453 - 456 - 458 - 460 - 465 - 467 - 469 - 470 - 471 - 472 - 473 - 474 - 475 - 477 - 483 - 487 - 491 - 498 - 499,13655210.6,0.2,60534,68434,68.66,Cost: 60534 & Capacity: 68434
3 - 6 - 7 - 8 - 9 - 10 - 11 - 12 - 13 - 14 - 15 - 17 - 18 - 19 - 22 - 25 - 28 - 32 - 34 - 35 - 36 - 38 - 39 - 41 - 42 - 45 - 48 - 50 - 56 - 57 - 61 - 65 - 68 - 74 - 76 - 78 - 79 - 80 - 81 - 82 - 83 - 84 - 86 - 91 - 93 - 94 - 96 - 97 - 101 - 104 - 105 - 107 - 110 - 112 - 116 - 119 - 121 - 122 - 125 - 130 - 132 - 137 - 139 - 140 - 142 - 145 - 146 - 147 - 149 - 150 - 151 - 152 - 154 - 155 - 156 - 157 - 158 - 159 - 160 - 163 - 168 - 169 - 171 - 174 - 176 - 177 - 178 - 179 - 180 - 182 - 187 - 191 - 192 - 193 - 195 - 196 - 197 - 199 - 200 - 205 - 207 - 209 - 211 - 213 - 214 - 216 - 218 - 220 - 221 - 224 - 225 - 226 - 232 - 233 - 235 - 236 - 237 - 240 - 244 - 248 - 250 - 251 - 253 - 255 - 257 - 259 - 263 - 267 - 269 - 271 - 272 - 274 - 275 - 277 - 279 - 280 - 281 - 282 - 283 - 285 - 286 - 287 - 288 - 290 - 291 - 293 - 294 - 295 - 297 - 299 - 303 - 304 - 305 - 310 - 311 - 314 - 316 - 321 - 327 - 328 - 329 - 330 - 331 - 333 - 336 - 337 - 338 - 341 - 343 - 344 - 345 - 347 - 350 - 351 - 356 - 357 - 358 - 359 - 361 - 362 - 363 - 364 - 365 - 366 - 367 - 369 - 370 - 372 - 374 - 378 - 379 - 387 - 388 - 393 - 399 - 403 - 404 - 405 - 409 - 410 - 414 - 415 - 416 - 419 - 423 - 424 - 427 - 429 - 430 - 431 - 433 - 434 - 436 - 437 - 440 - 441 - 442 - 444 - 446 - 448 - 453 - 456 - 457 - 458 - 465 - 467 - 469 - 470 - 471 - 472 - 473 - 474 - 475 - 477 - 481 - 483 - 491 - 497 - 498 - 499,14401817.4,0.0,60591,67638,68.81,Cost: 60591 & Capacity: 67638
1 - 9 - 13 - 15 - 17 - 18 - 19 - 34 - 42 - 45 - 48 - 50 - 61 - 66 - 68 - 80 - 86 - 88 - 101 - 104 - 109 - 111 - 115 - 120 - 124 - 125 - 126 - 128 - 129 - 130 - 135 - 139 - 142 - 146 - 147 - 149 - 150 - 151 - 152 - 154 - 156 - 158 - 160 - 163 - 164 - 165 - 176 - 178 - 180 - 181 - 186 - 187 - 188 - 191 - 193 - 202 - 204 - 205 - 206 - 208 - 209 - 215 - 218 - 220 - 224 - 228 - 232 - 233 - 237 - 240 - 241 - 248 - 250 - 251 - 253 - 255 - 257 - 259 - 262 - 266 - 272 - 274 - 279 - 280 - 281 - 286 - 288 - 293 - 295 - 301 - 303 - 307 - 311 - 312 - 314 - 316 - 317 - 327 - 328 - 335 - 339 - 351 - 356 - 360 - 361 - 362 - 369 - 370 - 374 - 375 - 378 - 379 - 381 - 394 - 396 - 404 - 405 - 406 - 408 - 409 - 410 - 419 - 424 - 434 - 436 - 437 - 448 - 450 - 453 - 461 - 465 - 467 - 468 - 469 - 471 - 475 - 479 - 486 - 488 - 490 - 494,5211653.5,13.8,60575,56000,70.42,Cost: 60575 & Capacity: 56000
3 - 6 - 7 - 8 - 9 - 12 - 13 - 14 - 15 - 17 - 18 - 19 - 22 - 24 - 35 - 41 - 42 - 45 - 48 - 62 - 65 - 68 - 70 - 71 - 75 - 76 - 78 - 80 - 83 - 86 - 97 - 101 - 102 - 105 - 109 - 111 - 112 - 116 - 119 - 121 - 122 - 128 - 130 - 132 - 137 - 139 - 140 - 145 - 146 - 147 - 149 - 154 - 155 - 156 - 158 - 160 - 165 - 168 - 176 - 177 - 180 - 182 - 185 - 186 - 187 - 188 - 191 - 192 - 195 - 196 - 200 - 205 - 206 - 207 - 209 - 212 - 214 - 216 - 220 - 224 - 229 - 232 - 233 - 235 - 236 - 237 - 238 - 241 - 244 - 248 - 250 - 251 - 253 - 262 - 264 - 266 - 267 - 272 - 274 - 277 - 279 - 280 - 282 - 283 - 285 - 286 - 290 - 292 - 293 - 294 - 295 - 303 - 304 - 305 - 310 - 311 - 314 - 315 - 317 - 321 - 322 - 327 - 328 - 330 - 332 - 335 - 336 - 341 - 343 - 344 - 357 - 359 - 360 - 361 - 362 - 369 - 370 - 378 - 379 - 382 - 386 - 391 - 396 - 404 - 409 - 410 - 414 - 415 - 419 - 421 - 423 - 424 - 430 - 431 - 432 - 433 - 436 - 437 - 442 - 443 - 444 - 448 - 450 - 453 - 456 - 465 - 467 - 468 - 471 - 472 - 473 - 474 - 479 - 481 - 485 - 486 - 488 - 492 - 497 - 498 - 499,8268268.6,7.7,60499,57597,72.01,Cost: 60499 & Capacity: 57597
6 - 7 - 8 - 9 - 14 - 17 - 18 - 19 - 24 - 30 - 35 - 37 - 41 - 45 - 48 - 54 - 62 - 65 - 70 - 76 - 78 - 83 - 86 - 97 - 101 - 102 - 105 - 111 - 112 - 116 - 119 - 121 - 122 - 130 - 132 - 137 - 139 - 140 - 145 - 146 - 147 - 149 - 150 - 151 - 154 - 155 - 156 - 158 - 160 - 168 - 172 - 176 - 180 - 182 - 185 - 187 - 188 - 190 - 191 - 192 - 195 - 196 - 200 - 205 - 206 - 207 - 208 - 209 - 212 - 214 - 216 - 220 - 224 - 229 - 232 - 233 - 235 - 236 - 237 - 238 - 241 - 244 - 248 - 250 - 251 - 253 - 266 - 267 - 272 - 274 - 277 - 279 - 280 - 282 - 283 - 285 - 290 - 292 - 293 - 294 - 295 - 303 - 304 - 305 - 310 - 311 - 314 - 315 - 317 - 321 - 322 - 327 - 328 - 330 - 332 - 336 - 338 - 341 - 343 - 344 - 357 - 359 - 360 - 361 - 362 - 369 - 370 - 378 - 382 - 383 - 386 - 391 - 393 - 396 - 404 - 409 - 415 - 419 - 421 - 423 - 424 - 428 - 429 - 432 - 433 - 436 - 437 - 442 - 443 - 444 - 445 - 450 - 453 - 456 - 465 - 467 - 468 - 471 - 472 - 473 - 474 - 479 - 481 - 482 - 485 - 486 - 492 - 497 - 499,7231716.0,9.6,60474,56765,72.03,Cost: 60474 & Capacity: 56765
3 - 6 - 7 - 8 - 9 - 10 - 11 - 12 - 13 - 14 - 15 - 17 - 18 - 19 - 22 - 25 - 28 - 32 - 34 - 35 - 36 - 38 - 39 - 41 - 42 - 45 - 48 - 50 - 56 - 57 - 61 - 65 - 68 - 74 - 76 - 78 - 79 - 80 - 81 - 82 - 83 - 84 - 86 - 91 - 93 - 94 - 96 - 97 - 101 - 104 - 105 - 107 - 110 - 112 - 116 - 119 - 121 - 122 - 125 - 130 - 132 - 137 - 139 - 140 - 142 - 145 - 146 - 147 - 149 - 150 - 151 - 152 - 154 - 155 - 156 - 157 - 158 - 159 - 160 - 163 - 168 - 169 - 171 - 174 - 176 - 177 - 178 - 179 - 180 - 182 - 187 - 191 - 192 - 193 - 195 - 196 - 197 - 199 - 200 - 205 - 207 - 209 - 211 - 213 - 214 - 216 - 218 - 220 - 221 - 224 - 225 - 226 - 232 - 233 - 235 - 236 - 237 - 240 - 244 - 248 - 250 - 251 - 253 - 255 - 257 - 259 - 263 - 267 - 269 - 271 - 272 - 274 - 275 - 277 - 279 - 280 - 281 - 282 - 283 - 285 - 286 - 287 - 288 - 290 - 291 - 293 - 294 - 295 - 297 - 299 - 303 - 304 - 305 - 310 - 311 - 314 - 316 - 321 - 327 - 328 - 329 - 330 - 331 - 333 - 336 - 337 - 338 - 341 - 343 - 344 - 345 - 347 - 350 - 351 - 356 - 357 - 358 - 359 - 361 - 362 - 363 - 364 - 365 - 366 - 367 - 369 - 370 - 372 - 374 - 378 - 379 - 387 - 388 - 393 - 399 - 403 - 404 - 405 - 409 - 410 - 414 - 415 - 416 - 419 - 423 - 424 - 427 - 429 - 430 - 431 - 433 - 434 - 436 - 437 - 440 - 441 - 442 - 444 - 446 - 448 - 453 - 456 - 457 - 458 - 465 - 467 - 469 - 470 - 471 - 472 - 473 - 474 - 475 - 477 - 481 - 483 - 491 - 497 - 498 - 499,14401817.4,0.0,60591,67638,72.5,Cost: 60591 & Capacity: 67638
3 - 6 - 7 - 8 - 9 - 10 - 11 - 12 - 13 - 14 - 15 - 17 - 18 - 19 - 22 - 25 - 28 - 32 - 34 - 35 - 36 - 38 - 39 - 41 - 42 - 45 - 48 - 50 - 56 - 57 - 61 - 65 - 68 - 74 - 76 - 78 - 79 - 80 - 81 - 82 - 83 - 84 - 86 - 91 - 93 - 94 - 96 - 97 - 101 - 104 - 105 - 107 - 110 - 112 - 116 - 119 - 121 - 122 - 125 - 130 - 132 - 137 - 139 - 140 - 142 - 145 - 146 - 147 - 149 - 150 - 151 - 152 - 154 - 155 - 156 - 157 - 158 - 159 - 160 - 163 - 168 - 169 - 171 - 174 - 176 - 177 - 178 - 179 - 180 - 182 - 187 - 191 - 192 - 193 - 195 - 196 - 197 - 199 - 200 - 205 - 207 - 209 - 211 - 213 - 214 - 216 - 218 - 220 - 221 - 224 - 225 - 226 - 232 - 233 - 235 - 236 - 237 - 240 - 244 - 248 - 250 - 251 - 253 - 255 - 257 - 259 - 263 - 267 - 269 - 271 - 272 - 274 - 275 - 277 - 279 - 280 - 281 - 282 - 283 - 285 - 286 - 287 - 288 - 290 - 291 - 293 - 294 - 295 - 297 - 299 - 303 - 304 - 305 - 310 - 311 - 314 - 316 - 321 - 327 - 328 - 329 - 330 - 331 - 333 - 336 - 337 - 338 - 341 - 343 - 344 - 345 - 347 - 350 - 351 - 356 - 357 - 358 - 359 - 361 - 362 - 363 - 364 - 365 - 366 - 367 - 369 - 370 - 372 - 374 - 378 - 379 - 387 - 388 - 393 - 399 - 403 - 404 - 405 - 409 - 410 - 414 - 415 - 416 - 419 - 423 - 424 - 427 - 429 - 430 - 431 - 433 - 434 - 436 - 437 - 440 - 441 - 442 - 444 - 446 - 448 - 453 - 456 - 457 - 458 - 465 - 467 - 469 - 470 - 471 - 472 - 473 - 474 - 475 - 477 - 481 - 483 - 491 - 497 - 498 - 499,14401817.4,0.0,60591,67638,72.54,Cost: 60591 & Capacity: 67638
3 - 6 - 7 - 8 - 9 - 10 - 11 - 12 - 13 - 14 - 15 - 17 - 18 - 19 - 22 - 25 - 28 - 32 - 34 - 35 - 36 - 38 - 39 - 41 - 42 - 45 - 48 - 50 - 56 - 57 - 61 - 65 - 68 - 74 - 76 - 78 - 79 - 80 - 81 - 82 - 83 - 84 - 86 - 91 - 93 - 94 - 96 - 97 - 101 - 104 - 105 - 107 - 110 - 112 - 116 - 119 - 121 - 122 - 125 - 130 - 132 - 137 - 139 - 140 - 142 - 145 - 146 - 147 - 149 - 150 - 151 - 152 - 154 - 155 - 156 - 157 - 158 - 159 - 160 - 163 - 168 - 169 - 171 - 174 - 176 - 177 - 178 - 179 - 180 - 182 - 187 - 191 - 192 - 193 - 195 - 196 - 197 - 199 - 200 - 205 - 207 - 209 - 211 - 213 - 214 - 216 - 218 - 220 - 221 - 224 - 225 - 226 - 232 - 233 - 235 - 236 - 237 - 240 - 244 - 248 - 250 - 251 - 253 - 255 - 257 - 259 - 263 - 267 - 269 - 271 - 272 - 274 - 275 - 277 - 279 - 280 - 281 - 282 - 283 - 285 - 286 - 287 - 288 - 290 - 291 - 293 - 294 - 295 - 297 - 299 - 303 - 304 - 305 - 310 - 311 - 314 - 316 - 321 - 327 - 328 - 329 - 330 - 331 - 333 - 336 - 337 - 338 - 341 - 343 - 344 - 345 - 347 - 350 - 351 - 356 - 357 - 358 - 359 - 361 - 362 - 363 - 364 - 365 - 366 - 367 - 369 - 370 - 372 - 374 - 378 - 379 - 387 - 388 - 393 - 399 - 403 - 404 - 405 - 409 - 410 - 414 - 415 - 416 - 419 - 423 - 424 - 427 - 429 - 430 - 431 - 433 - 434 - 436 - 437 - 440 - 441 - 442 - 444 - 446 - 448 - 453 - 456 - 457 - 458 - 465 - 467 - 469 - 470 - 471 - 472 - 473 - 474 - 475 - 477 - 481 - 483 - 491 - 497 - 498 - 499,14401817.4,0.0,60591,67638,73.13,Cost: 60591 & Capacity: 67638
3 - 7 - 10 - 12 - 13 - 15 - 22 - 24 - 42 - 48 - 50 - 56 - 66 - 75 - 78 - 80 - 86 - 105 - 109 - 111 - 113 - 120 - 124 - 125 - 128 - 132 - 136 - 138 - 140 - 142 - 146 - 158 - 160 - 174 - 176 - 178 - 180 - 186 - 187 - 191 - 192 - 200 - 202 - 205 - 210 - 212 - 213 - 216 - 220 - 224 - 232 - 237 - 249 - 251 - 254 - 261 - 266 - 267 - 268 - 274 - 280 - 282 - 283 - 284 - 290 - 295 - 303 - 310 - 311 - 314 - 317 - 318 - 320 - 327 - 330 - 353 - 356 - 360 - 367 - 368 - 370 - 371 - 372 - 373 - 377 - 388 - 391 - 392 - 393 - 394 - 396 - 405 - 407 - 410 - 411 - 412 - 426 - 432 - 437 - 438 - 440 - 445 - 448 - 451 - 453 - 456 - 458 - 459 - 460 - 462 - 468 - 469 - 470 - 471 - 475 - 477 - 491 - 492 - 494 - 496,3720995.2,21.4,60298,52936,75.13,Cost: 60298 & Capacity: 52936
7 - 8 - 9 - 17 - 18 - 19 - 24 - 34 - 41 - 45 - 48 - 54 - 56 - 61 - 62 - 66 - 70 - 75 - 76 - 78 - 79 - 80 - 83 - 86 - 98 - 101 - 102 - 105 - 109 - 110 - 112 - 116 - 119 - 121 - 122 - 130 - 137 - 139 - 140 - 142 - 146 - 147 - 150 - 154 - 155 - 158 - 159 - 160 - 165 - 172 - 176 - 179 - 182 - 183 - 187 - 188 - 190 - 191 - 192 - 193 - 196 - 200 - 204 - 205 - 209 - 212 - 214 - 216 - 220 - 221 - 224 - 229 - 232 - 233 - 235 - 236 - 237 - 241 - 248 - 249 - 250 - 251 - 252 - 253 - 258 - 266 - 267 - 271 - 272 - 274 - 277 - 279 - 283 - 285 - 290 - 292 - 293 - 295 - 299 - 303 - 310 - 317 - 321 - 322 - 327 - 328 - 330 - 335 - 336 - 338 - 344 - 346 - 349 - 357 - 359 - 360 - 361 - 362 - 365 - 369 - 370 - 374 - 378 - 382 - 386 - 388 - 391 - 396 - 404 - 405 - 408 - 409 - 410 - 411 - 415 - 419 - 421 - 423 - 424 - 432 - 433 - 436 - 437 - 441 - 442 - 443 - 444 - 445 - 450 - 453 - 456 - 458 - 459 - 465 - 468 - 469 - 471 - 472 - 473 - 479 - 482 - 486 - 488 - 492 - 499,6939889.3,10.6,60515,57545,75.28,Cost: 60515 & Capacity: 57545
3 - 6 - 7 - 8 - 9 - 10 - 11 - 12 - 13 - 14 - 15 - 17 - 18 - 19 - 22 - 25 - 28 - 32 - 34 - 35 - 36 - 38 - 39 - 41 - 42 - 45 - 48 - 50 - 56 - 57 - 61 - 65 - 68 - 74 - 76 - 78 - 79 - 80 - 81 - 82 - 83 - 84 - 86 - 91 - 93 - 94 - 96 - 97 - 101 - 104 - 105 - 107 - 110 - 112 - 116 - 119 - 121 - 122 - 125 - 130 - 132 - 137 - 139 - 140 - 142 - 145 - 146 - 147 - 149 - 150 - 151 - 152 - 154 - 155 - 156 - 157 - 158 - 159 - 160 - 163 - 168 - 169 - 171 - 174 - 176 - 177 - 178 - 179 - 180 - 182 - 187 - 191 - 192 - 193 - 195 - 196 - 197 - 199 - 200 - 205 - 207 - 209 - 211 - 213 - 214 - 216 - 218 - 220 - 221 - 224 - 225 - 226 - 232 - 233 - 235 - 236 - 237 - 240 - 244 - 248 - 250 - 251 - 253 - 255 - 257 - 259 - 263 - 267 - 269 - 271 - 272 - 274 - 275 - 277 - 279 - 280 - 281 - 282 - 283 - 285 - 286 - 287 - 288 - 290 - 291 - 293 - 294 - 295 - 297 - 299 - 303 - 304 - 305 - 310 - 311 - 314 - 316 - 321 - 327 - 328 - 329 - 330 - 331 - 333 - 336 - 337 - 338 - 341 - 343 - 344 - 345 - 347 - 350 - 351 - 356 - 357 - 358 - 359 - 361 - 362 - 363 - 364 - 365 - 366 - 367 - 369 - 370 - 372 - 374 - 378 - 379 - 387 - 388 - 393 - 399 - 403 - 404 - 405 - 409 - 410 - 414 - 415 - 416 - 419 - 423 - 424 - 427 - 429 - 430 - 431 - 433 - 434 - 436 - 437 - 440 - 441 - 442 - 444 - 446 - 448 - 453 - 456 - 457 - 458 - 465 - 467 - 469 - 470 - 471 - 472 - 473 - 474 - 475 - 477 - 481 - 483 - 491 - 497 - 498 - 499,14401817.4,0.0,60591,67638,75.51,Cost: 60591 & Capacity: 67638
7 - 18 - 23 - 25 - 33 - 37 - 45 - 51 - 56 - 64 - 68 - 72 - 75 - 77 - 90 - 102 - 110 - 111 - 120 - 123 - 124 - 127 - 134 - 135 - 142 - 150 - 153 - 154 - 155 - 166 - 173 - 175 - 180 - 183 - 198 - 202 - 207 - 213 - 214 - 216 - 223 - 224 - 232 - 237 - 238 - 241 - 245 - 249 - 254 - 262 - 264 - 265 - 266 - 281 - 295 - 304 - 309 - 311 - 316 - 318 - 319 - 320 - 324 - 325 - 327 - 336 - 339 - 346 - 355 - 360 - 361 - 365 - 378 - 381 - 389 - 390 - 396 - 399 - 407 - 418 - 428 - 434 - 435 - 442 - 450 - 459 - 466 - 467 - 474 - 479 - 485 - 488 - 491 - 494 - 496 - 498,2424920.7,31.0,60430,48803,75.55,Cost: 60430 & Capacity: 48803
3 - 6 - 7 - 8 - 9 - 10 - 11 - 12 - 13 - 14 - 15 - 17 - 18 - 19 - 22 - 25 - 28 - 32 - 34 - 35 - 36 - 38 - 39 - 41 - 42 - 45 - 47 - 48 - 50 - 56 - 57 - 61 - 65 - 68 - 74 - 76 - 78 - 79 - 80 - 81 - 82 - 83 - 84 - 86 - 91 - 93 - 94 - 96 - 97 - 101 - 104 - 105 - 107 - 110 - 112 - 116 - 119 - 121 - 122 - 125 - 130 - 132 - 137 - 139 - 140 - 142 - 145 - 146 - 147 - 149 - 150 - 151 - 152 - 154 - 155 - 156 - 157 - 158 - 159 - 160 - 163 - 168 - 169 - 171 - 174 - 176 - 177 - 178 - 179 - 180 - 182 - 187 - 192 - 193 - 195 - 196 - 197 - 199 - 200 - 205 - 207 - 209 - 211 - 213 - 214 - 216 - 218 - 220 - 221 - 224 - 225 - 226 - 232 - 233 - 235 - 236 - 237 - 240 - 244 - 248 - 250 - 251 - 253 - 255 - 257 - 259 - 263 - 267 - 269 - 271 - 274 - 275 - 277 - 279 - 280 - 281 - 282 - 283 - 285 - 286 - 287 - 288 - 290 - 291 - 293 - 294 - 295 - 297 - 299 - 303 - 304 - 305 - 310 - 311 - 314 - 316 - 321 - 327 - 328 - 329 - 330 - 331 - 336 - 337 - 338 - 341 - 343 - 344 - 345 - 347 - 350 - 351 - 356 - 357 - 358 - 359 - 361 - 362 - 363 - 364 - 365 - 366 - 367 - 369 - 370 - 372 - 374 - 378 - 379 - 387 - 393 - 399 - 403 - 404 - 405 - 409 - 410 - 414 - 415 - 416 - 419 - 423 - 424 - 427 - 429 - 430 - 431 - 433 - 434 - 436 - 437 - 440 - 441 - 442 - 444 - 446 - 448 - 453 - 456 - 457 - 458 - 465 - 467 - 469 - 470 - 471 - 472 - 473 - 474 - 475 - 477 - 481 - 483 - 491 - 497 - 498 - 499,14031722.8,0.0,59095,65378,75.91,Cost: 59095 & Capacity: 65378
