Nodes,MaxSum,MaxMin,Cost,Capacity,Time,Constraint values
0 - 2 - 3 - 4 - 6 - 8 - 10 - 11 - 13 - 17 - 18 - 19 - 20 - 21 - 22 - 24 - 25 - 26 - 27 - 29 - 30 - 31 - 32 - 34 - 36 - 37 - 38 - 39 - 40 - 42 - 43 - 44 - 46 - 49 - 50 - 51 - 54 - 55 - 56 - 58 - 60 - 61 - 62 - 63 - 64 - 66 - 67 - 70 - 71 - 72 - 73 - 74 - 75 - 76 - 79 - 80 - 82 - 83 - 86 - 89 - 92 - 98 - 101 - 102 - 103 - 104 - 108 - 111 - 112 - 113 - 114 - 116 - 118 - 119 - 120 - 121 - 122 - 124 - 125 - 127 - 128 - 130 - 132 - 133 - 134 - 135 - 136 - 137 - 139 - 142 - 143 - 144 - 145 - 148 - 150 - 153 - 154 - 155 - 157 - 159 - 163 - 164 - 166 - 167 - 174 - 175 - 176 - 177 - 178 - 179 - 180 - 183 - 184 - 185 - 189 - 193 - 196 - 197 - 198 - 199 - 202 - 203 - 204 - 205 - 208 - 210 - 211 - 212 - 213 - 214 - 215 - 216 - 218 - 221 - 222 - 223 - 225 - 228 - 229 - 231 - 232 - 234 - 236 - 237 - 241 - 242 - 243 - 248 - 249 - 253 - 254 - 255 - 257 - 259 - 260 - 261 - 263 - 264 - 265 - 267 - 268 - 269 - 270 - 271 - 273 - 274 - 276 - 278 - 280 - 281 - 284 - 285 - 286 - 287 - 288 - 289 - 290 - 291 - 292 - 294 - 295 - 298 - 299 - 300 - 301 - 302 - 303 - 304 - 305 - 306 - 307 - 308 - 310 - 315 - 316 - 317 - 319 - 321 - 325 - 328 - 329 - 330 - 334 - 336 - 337 - 338 - 339 - 340 - 341 - 342 - 343 - 344 - 345 - 347 - 349 - 350 - 353 - 355 - 356 - 358 - 359 - 360 - 361 - 362 - 363 - 365 - 367 - 369 - 371 - 373 - 375 - 376 - 377 - 378 - 379 - 381 - 382 - 384 - 386 - 387 - 388 - 389 - 391 - 393 - 397 - 398 - 407 - 411 - 417 - 418 - 421 - 422 - 425 - 427 - 430 - 432 - 433 - 434 - 435 - 438 - 439 - 441 - 442 - 443 - 446 - 447 - 449 - 451 - 452 - 453 - 454 - 455 - 456 - 457 - 458 - 460 - 462 - 467 - 468 - 470 - 473 - 474 - 475 - 477 - 478 - 480 - 481 - 484 - 487 - 488 - 491 - 493 - 494 - 496 - 497 - 498,566405.8,3.0,92036,92913,0.58,Cost: 92036 & Capacity: 92913
0 - 2 - 3 - 11 - 12 - 14 - 19 - 21 - 22 - 26 - 29 - 32 - 35 - 38 - 45 - 53 - 54 - 58 - 71 - 76 - 80 - 81 - 85 - 88 - 91 - 92 - 104 - 108 - 115 - 119 - 125 - 130 - 139 - 142 - 147 - 148 - 153 - 156 - 157 - 158 - 159 - 167 - 173 - 181 - 197 - 199 - 214 - 226 - 231 - 239 - 240 - 242 - 251 - 259 - 263 - 264 - 273 - 274 - 276 - 277 - 279 - 283 - 291 - 294 - 295 - 298 - 301 - 304 - 309 - 310 - 312 - 315 - 319 - 321 - 333 - 338 - 342 - 354 - 357 - 360 - 365 - 367 - 373 - 376 - 378 - 386 - 388 - 389 - 391 - 401 - 413 - 414 - 431 - 434 - 435 - 442 - 446 - 447 - 455 - 460 - 466 - 470 - 471 - 472 - 480 - 488 - 493 - 496,83074.0,8.5,62324,51887,21.95,Cost: 62324 & Capacity: 51887
0 - 2 - 3 - 11 - 12 - 14 - 19 - 21 - 22 - 26 - 29 - 32 - 35 - 38 - 45 - 53 - 54 - 58 - 59 - 71 - 73 - 76 - 80 - 81 - 85 - 88 - 91 - 92 - 104 - 108 - 115 - 119 - 125 - 128 - 130 - 139 - 142 - 147 - 148 - 153 - 154 - 156 - 157 - 158 - 159 - 167 - 173 - 177 - 181 - 185 - 197 - 199 - 214 - 226 - 231 - 239 - 240 - 242 - 246 - 251 - 259 - 263 - 264 - 273 - 274 - 276 - 277 - 279 - 283 - 284 - 291 - 294 - 295 - 298 - 301 - 304 - 309 - 310 - 312 - 315 - 319 - 321 - 333 - 338 - 342 - 354 - 357 - 360 - 365 - 367 - 371 - 373 - 376 - 378 - 386 - 388 - 389 - 391 - 401 - 413 - 414 - 422 - 431 - 434 - 435 - 442 - 446 - 447 - 451 - 455 - 460 - 466 - 470 - 471 - 472 - 480 - 488 - 493 - 496,100903.0,8.3,68217,56601,21.95,Cost: 68217 & Capacity: 56601
0 - 2 - 3 - 10 - 11 - 12 - 14 - 19 - 21 - 22 - 26 - 29 - 32 - 35 - 38 - 45 - 53 - 54 - 58 - 59 - 71 - 73 - 76 - 80 - 81 - 85 - 88 - 91 - 92 - 104 - 107 - 108 - 114 - 115 - 119 - 125 - 127 - 128 - 129 - 130 - 136 - 139 - 142 - 147 - 148 - 153 - 154 - 156 - 157 - 158 - 159 - 167 - 173 - 177 - 181 - 185 - 196 - 197 - 199 - 214 - 217 - 226 - 231 - 239 - 240 - 242 - 246 - 251 - 259 - 263 - 264 - 273 - 274 - 276 - 277 - 279 - 283 - 284 - 291 - 294 - 295 - 298 - 301 - 304 - 309 - 310 - 312 - 315 - 319 - 321 - 326 - 333 - 338 - 342 - 354 - 357 - 360 - 365 - 367 - 371 - 373 - 376 - 378 - 384 - 386 - 388 - 389 - 391 - 401 - 413 - 414 - 422 - 426 - 431 - 434 - 435 - 442 - 446 - 447 - 451 - 453 - 455 - 460 - 466 - 469 - 470 - 471 - 472 - 479 - 480 - 488 - 493 - 495 - 496,126454.2,8.0,78444,64012,21.96,Cost: 78444 & Capacity: 64012
0 - 2 - 3 - 4 - 8 - 10 - 13 - 17 - 18 - 19 - 20 - 21 - 22 - 24 - 25 - 26 - 27 - 29 - 30 - 31 - 32 - 34 - 36 - 37 - 38 - 39 - 40 - 42 - 43 - 44 - 46 - 49 - 50 - 51 - 54 - 55 - 56 - 58 - 60 - 61 - 62 - 63 - 64 - 66 - 67 - 70 - 71 - 72 - 73 - 74 - 75 - 76 - 77 - 79 - 80 - 82 - 83 - 86 - 89 - 92 - 98 - 101 - 102 - 103 - 104 - 108 - 111 - 112 - 113 - 114 - 116 - 118 - 119 - 120 - 121 - 122 - 124 - 125 - 127 - 128 - 130 - 131 - 132 - 133 - 134 - 135 - 136 - 137 - 139 - 143 - 144 - 145 - 148 - 150 - 153 - 155 - 157 - 159 - 163 - 164 - 166 - 167 - 174 - 175 - 176 - 177 - 178 - 179 - 180 - 183 - 184 - 185 - 189 - 193 - 196 - 198 - 199 - 202 - 203 - 204 - 205 - 208 - 210 - 211 - 212 - 213 - 214 - 215 - 216 - 218 - 221 - 222 - 223 - 225 - 228 - 229 - 230 - 231 - 232 - 234 - 236 - 237 - 241 - 242 - 243 - 248 - 249 - 250 - 253 - 254 - 255 - 257 - 259 - 260 - 261 - 263 - 264 - 265 - 267 - 268 - 269 - 270 - 271 - 273 - 274 - 278 - 280 - 281 - 284 - 285 - 286 - 287 - 288 - 289 - 290 - 291 - 292 - 294 - 295 - 298 - 299 - 300 - 301 - 302 - 303 - 305 - 306 - 307 - 308 - 310 - 313 - 315 - 316 - 317 - 319 - 321 - 325 - 328 - 329 - 330 - 334 - 336 - 337 - 338 - 339 - 340 - 341 - 342 - 343 - 344 - 345 - 346 - 347 - 349 - 350 - 353 - 355 - 356 - 358 - 359 - 360 - 361 - 362 - 363 - 365 - 367 - 369 - 371 - 373 - 375 - 376 - 377 - 378 - 379 - 381 - 382 - 384 - 386 - 387 - 388 - 389 - 391 - 393 - 397 - 398 - 407 - 411 - 417 - 418 - 421 - 422 - 425 - 427 - 429 - 430 - 432 - 433 - 434 - 435 - 438 - 439 - 441 - 442 - 443 - 446 - 447 - 449 - 451 - 452 - 453 - 454 - 455 - 456 - 457 - 458 - 460 - 462 - 467 - 468 - 470 - 473 - 474 - 475 - 477 - 478 - 480 - 481 - 484 - 487 - 488 - 491 - 493 - 494 - 496 - 497 - 498,561427.2,3.1,91726,92929,33.97,Cost: 91726 & Capacity: 92929
0 - 2 - 3 - 4 - 8 - 10 - 13 - 17 - 18 - 19 - 20 - 21 - 22 - 24 - 25 - 26 - 27 - 29 - 30 - 31 - 32 - 34 - 36 - 37 - 38 - 39 - 40 - 42 - 43 - 44 - 46 - 49 - 50 - 51 - 54 - 55 - 56 - 58 - 60 - 61 - 62 - 63 - 64 - 66 - 67 - 70 - 71 - 72 - 73 - 74 - 75 - 76 - 79 - 80 - 82 - 83 - 86 - 89 - 92 - 98 - 101 - 102 - 103 - 104 - 108 - 111 - 112 - 113 - 114 - 116 - 118 - 119 - 120 - 121 - 122 - 124 - 125 - 127 - 128 - 130 - 131 - 132 - 133 - 134 - 135 - 136 - 137 - 139 - 142 - 143 - 144 - 145 - 148 - 150 - 153 - 154 - 155 - 157 - 159 - 163 - 164 - 166 - 167 - 174 - 175 - 176 - 177 - 178 - 179 - 180 - 183 - 184 - 185 - 189 - 193 - 197 - 198 - 199 - 201 - 202 - 203 - 204 - 205 - 208 - 210 - 211 - 212 - 213 - 214 - 215 - 216 - 218 - 221 - 222 - 223 - 225 - 228 - 229 - 231 - 232 - 234 - 236 - 237 - 241 - 242 - 243 - 248 - 249 - 253 - 254 - 255 - 257 - 259 - 260 - 261 - 263 - 264 - 265 - 267 - 268 - 269 - 270 - 271 - 273 - 274 - 276 - 278 - 280 - 281 - 284 - 285 - 286 - 287 - 288 - 289 - 290 - 291 - 292 - 294 - 295 - 298 - 299 - 300 - 301 - 302 - 303 - 304 - 305 - 306 - 307 - 308 - 310 - 313 - 315 - 316 - 317 - 319 - 321 - 325 - 328 - 329 - 330 - 334 - 336 - 337 - 338 - 339 - 340 - 341 - 342 - 343 - 344 - 345 - 347 - 349 - 350 - 353 - 355 - 356 - 358 - 359 - 360 - 361 - 362 - 363 - 365 - 367 - 369 - 371 - 373 - 375 - 376 - 377 - 378 - 379 - 381 - 382 - 384 - 386 - 387 - 388 - 389 - 391 - 393 - 397 - 398 - 407 - 411 - 417 - 418 - 421 - 422 - 425 - 427 - 430 - 432 - 433 - 434 - 435 - 438 - 439 - 441 - 442 - 443 - 446 - 447 - 449 - 451 - 452 - 453 - 454 - 455 - 456 - 457 - 458 - 460 - 462 - 467 - 468 - 470 - 473 - 474 - 475 - 477 - 478 - 480 - 481 - 484 - 487 - 488 - 491 - 493 - 494 - 496 - 497 - 498,566164.3,3.1,92050,93176,4.55,Cost: 92050 & Capacity: 93176
3 - 5 - 9 - 10 - 12 - 13 - 14 - 16 - 21 - 22 - 26 - 29 - 32 - 35 - 37 - 40 - 41 - 42 - 58 - 59 - 63 - 73 - 76 - 81 - 86 - 88 - 92 - 94 - 102 - 104 - 108 - 114 - 115 - 119 - 120 - 123 - 125 - 127 - 128 - 129 - 130 - 136 - 146 - 151 - 153 - 154 - 158 - 159 - 166 - 174 - 185 - 206 - 214 - 216 - 217 - 218 - 221 - 223 - 226 - 232 - 234 - 240 - 242 - 244 - 251 - 259 - 261 - 263 - 267 - 273 - 274 - 276 - 278 - 279 - 288 - 295 - 298 - 301 - 304 - 309 - 310 - 312 - 315 - 319 - 325 - 326 - 330 - 333 - 339 - 343 - 348 - 358 - 365 - 366 - 371 - 372 - 376 - 377 - 386 - 388 - 389 - 393 - 401 - 404 - 413 - 414 - 421 - 426 - 431 - 434 - 439 - 441 - 443 - 446 - 447 - 451 - 453 - 458 - 460 - 466 - 470 - 471 - 477 - 481 - 487 - 494 - 495 - 496,115776.3,8.1,69704,56349,8.21,Cost: 69704 & Capacity: 56349
3 - 5 - 8 - 9 - 10 - 12 - 13 - 14 - 16 - 21 - 22 - 26 - 28 - 29 - 32 - 34 - 35 - 37 - 38 - 40 - 41 - 42 - 45 - 58 - 59 - 61 - 63 - 73 - 76 - 81 - 86 - 88 - 92 - 94 - 101 - 102 - 104 - 108 - 111 - 114 - 115 - 119 - 120 - 123 - 125 - 127 - 128 - 129 - 130 - 136 - 146 - 147 - 151 - 152 - 153 - 154 - 158 - 159 - 161 - 166 - 169 - 173 - 174 - 177 - 185 - 199 - 206 - 208 - 214 - 216 - 217 - 218 - 221 - 223 - 226 - 232 - 233 - 234 - 240 - 242 - 243 - 244 - 251 - 259 - 261 - 263 - 264 - 267 - 271 - 273 - 274 - 276 - 278 - 279 - 288 - 294 - 295 - 298 - 299 - 301 - 303 - 304 - 309 - 310 - 312 - 314 - 315 - 317 - 319 - 325 - 326 - 330 - 333 - 334 - 339 - 343 - 348 - 358 - 365 - 366 - 371 - 372 - 373 - 376 - 377 - 382 - 384 - 386 - 387 - 388 - 389 - 393 - 401 - 404 - 413 - 414 - 421 - 424 - 426 - 430 - 431 - 434 - 439 - 441 - 443 - 446 - 447 - 451 - 453 - 457 - 458 - 460 - 462 - 465 - 466 - 469 - 470 - 471 - 477 - 479 - 481 - 487 - 493 - 494 - 495 - 496,191779.0,7.5,88560,69435,8.21,Cost: 88560 & Capacity: 69435
3 - 5 - 8 - 9 - 10 - 12 - 13 - 14 - 16 - 21 - 22 - 26 - 28 - 29 - 30 - 32 - 34 - 35 - 37 - 38 - 40 - 41 - 42 - 45 - 58 - 59 - 61 - 63 - 73 - 76 - 81 - 86 - 88 - 92 - 94 - 101 - 102 - 104 - 108 - 111 - 114 - 115 - 119 - 120 - 123 - 125 - 127 - 128 - 129 - 130 - 136 - 146 - 147 - 151 - 152 - 153 - 154 - 158 - 159 - 161 - 166 - 169 - 173 - 174 - 175 - 176 - 177 - 185 - 188 - 199 - 206 - 208 - 214 - 216 - 217 - 218 - 221 - 223 - 226 - 232 - 233 - 234 - 240 - 242 - 243 - 244 - 251 - 259 - 261 - 263 - 264 - 267 - 271 - 273 - 274 - 276 - 278 - 279 - 288 - 294 - 295 - 298 - 299 - 301 - 303 - 304 - 309 - 310 - 312 - 314 - 315 - 316 - 317 - 319 - 325 - 326 - 329 - 330 - 333 - 334 - 339 - 343 - 348 - 358 - 365 - 366 - 371 - 372 - 373 - 376 - 377 - 382 - 384 - 386 - 387 - 388 - 389 - 393 - 401 - 404 - 413 - 414 - 421 - 424 - 426 - 430 - 431 - 434 - 439 - 441 - 443 - 446 - 447 - 451 - 453 - 457 - 458 - 460 - 462 - 465 - 466 - 469 - 470 - 471 - 477 - 479 - 481 - 482 - 487 - 493 - 494 - 495 - 496,207462.7,7.4,91983,72524,8.22,Cost: 91983 & Capacity: 72524
2 - 3 - 4 - 8 - 10 - 11 - 12 - 14 - 19 - 21 - 22 - 25 - 26 - 28 - 30 - 34 - 35 - 37 - 39 - 40 - 41 - 42 - 43 - 45 - 46 - 52 - 58 - 59 - 60 - 63 - 64 - 67 - 71 - 73 - 75 - 76 - 81 - 82 - 86 - 88 - 92 - 94 - 101 - 102 - 104 - 107 - 108 - 111 - 114 - 115 - 119 - 122 - 125 - 126 - 127 - 128 - 129 - 130 - 131 - 147 - 148 - 153 - 154 - 157 - 158 - 159 - 161 - 163 - 166 - 167 - 169 - 170 - 173 - 174 - 175 - 181 - 183 - 185 - 191 - 197 - 199 - 200 - 201 - 203 - 206 - 208 - 211 - 216 - 218 - 219 - 221 - 222 - 226 - 229 - 231 - 232 - 239 - 242 - 246 - 248 - 249 - 251 - 254 - 256 - 259 - 261 - 263 - 264 - 271 - 273 - 277 - 279 - 280 - 291 - 293 - 294 - 295 - 298 - 301 - 302 - 303 - 304 - 307 - 310 - 312 - 315 - 316 - 317 - 319 - 325 - 326 - 328 - 329 - 334 - 340 - 342 - 343 - 355 - 357 - 358 - 362 - 363 - 365 - 366 - 371 - 373 - 374 - 376 - 378 - 382 - 384 - 386 - 389 - 390 - 391 - 401 - 403 - 408 - 414 - 416 - 417 - 422 - 428 - 430 - 431 - 434 - 435 - 441 - 443 - 446 - 447 - 448 - 451 - 455 - 457 - 458 - 460 - 462 - 470 - 477 - 478 - 480 - 481 - 493 - 496,237931.8,7.2,91936,75220,12.46,Cost: 91936 & Capacity: 75220
0 - 2 - 3 - 4 - 8 - 10 - 13 - 17 - 18 - 19 - 20 - 21 - 22 - 24 - 25 - 26 - 27 - 29 - 30 - 31 - 32 - 34 - 36 - 37 - 38 - 39 - 40 - 42 - 43 - 44 - 46 - 49 - 50 - 51 - 54 - 55 - 56 - 58 - 60 - 61 - 62 - 63 - 64 - 66 - 67 - 70 - 71 - 72 - 73 - 74 - 75 - 76 - 79 - 80 - 82 - 83 - 86 - 89 - 92 - 98 - 101 - 102 - 103 - 104 - 108 - 111 - 112 - 113 - 114 - 116 - 118 - 119 - 120 - 121 - 122 - 124 - 125 - 126 - 127 - 128 - 130 - 131 - 132 - 133 - 134 - 135 - 136 - 137 - 139 - 142 - 143 - 144 - 145 - 148 - 150 - 153 - 154 - 155 - 157 - 159 - 163 - 164 - 166 - 167 - 174 - 175 - 176 - 177 - 178 - 179 - 180 - 183 - 184 - 185 - 189 - 193 - 198 - 199 - 202 - 203 - 204 - 205 - 208 - 210 - 211 - 212 - 213 - 214 - 215 - 216 - 218 - 221 - 222 - 223 - 225 - 228 - 229 - 230 - 231 - 232 - 234 - 236 - 237 - 241 - 242 - 243 - 248 - 249 - 253 - 254 - 255 - 257 - 259 - 260 - 261 - 263 - 264 - 265 - 267 - 268 - 269 - 270 - 271 - 273 - 274 - 276 - 278 - 280 - 281 - 284 - 285 - 286 - 287 - 288 - 289 - 290 - 291 - 292 - 294 - 295 - 298 - 299 - 300 - 301 - 302 - 303 - 304 - 305 - 306 - 307 - 308 - 310 - 313 - 315 - 316 - 317 - 319 - 321 - 325 - 328 - 329 - 330 - 334 - 336 - 337 - 338 - 339 - 340 - 341 - 342 - 343 - 344 - 345 - 347 - 349 - 350 - 353 - 355 - 356 - 358 - 359 - 360 - 361 - 362 - 363 - 365 - 367 - 369 - 371 - 373 - 375 - 376 - 377 - 378 - 379 - 381 - 382 - 384 - 386 - 387 - 388 - 389 - 391 - 393 - 397 - 398 - 411 - 417 - 418 - 421 - 422 - 425 - 427 - 429 - 430 - 432 - 433 - 434 - 435 - 438 - 439 - 441 - 442 - 443 - 446 - 447 - 449 - 451 - 452 - 453 - 454 - 455 - 456 - 457 - 458 - 460 - 462 - 467 - 468 - 470 - 473 - 474 - 475 - 477 - 478 - 480 - 481 - 484 - 487 - 488 - 491 - 493 - 494 - 496 - 497 - 498,564795.8,3.1,92058,92707,13.77,Cost: 92058 & Capacity: 92707
2 - 4 - 8 - 10 - 12 - 13 - 18 - 19 - 20 - 21 - 25 - 26 - 27 - 28 - 29 - 31 - 32 - 34 - 35 - 37 - 39 - 40 - 42 - 43 - 44 - 45 - 46 - 49 - 50 - 51 - 53 - 54 - 56 - 59 - 60 - 61 - 63 - 64 - 66 - 68 - 69 - 70 - 71 - 73 - 74 - 75 - 76 - 77 - 79 - 80 - 82 - 83 - 86 - 87 - 88 - 92 - 94 - 98 - 101 - 102 - 104 - 108 - 111 - 112 - 113 - 114 - 116 - 117 - 119 - 122 - 124 - 125 - 126 - 127 - 129 - 130 - 131 - 133 - 135 - 139 - 143 - 144 - 145 - 147 - 148 - 150 - 152 - 154 - 155 - 157 - 161 - 163 - 166 - 167 - 169 - 174 - 176 - 177 - 178 - 179 - 180 - 181 - 184 - 185 - 189 - 191 - 193 - 197 - 199 - 200 - 201 - 202 - 203 - 205 - 208 - 209 - 210 - 211 - 213 - 214 - 215 - 216 - 221 - 222 - 225 - 226 - 231 - 232 - 234 - 239 - 240 - 241 - 242 - 244 - 248 - 249 - 253 - 254 - 259 - 261 - 263 - 264 - 267 - 269 - 271 - 273 - 274 - 276 - 278 - 279 - 280 - 285 - 287 - 288 - 289 - 291 - 292 - 293 - 294 - 295 - 298 - 300 - 301 - 302 - 303 - 304 - 305 - 306 - 307 - 310 - 313 - 314 - 315 - 316 - 317 - 319 - 323 - 325 - 326 - 327 - 328 - 329 - 330 - 333 - 334 - 337 - 340 - 342 - 343 - 344 - 345 - 347 - 349 - 350 - 355 - 356 - 358 - 362 - 363 - 365 - 369 - 373 - 376 - 377 - 379 - 381 - 382 - 386 - 387 - 388 - 389 - 390 - 391 - 393 - 398 - 409 - 411 - 414 - 417 - 422 - 423 - 430 - 432 - 433 - 434 - 439 - 442 - 443 - 446 - 447 - 449 - 451 - 452 - 453 - 455 - 457 - 458 - 459 - 460 - 462 - 463 - 467 - 473 - 477 - 481 - 488 - 491 - 493 - 497 - 498,411302.3,6.1,92052,85376,22.55,Cost: 92052 & Capacity: 85376
2 - 3 - 4 - 8 - 10 - 13 - 17 - 18 - 19 - 20 - 21 - 22 - 24 - 25 - 26 - 27 - 29 - 30 - 31 - 32 - 34 - 36 - 37 - 38 - 39 - 40 - 42 - 43 - 44 - 46 - 49 - 50 - 51 - 54 - 55 - 56 - 58 - 60 - 61 - 62 - 63 - 64 - 66 - 67 - 70 - 71 - 72 - 73 - 74 - 75 - 76 - 79 - 80 - 82 - 83 - 86 - 89 - 92 - 98 - 101 - 102 - 103 - 104 - 108 - 111 - 112 - 113 - 114 - 116 - 118 - 119 - 120 - 121 - 122 - 124 - 125 - 127 - 128 - 130 - 131 - 132 - 133 - 134 - 135 - 136 - 137 - 139 - 142 - 143 - 144 - 145 - 148 - 150 - 153 - 154 - 155 - 157 - 159 - 163 - 164 - 166 - 167 - 174 - 176 - 177 - 178 - 179 - 180 - 183 - 184 - 185 - 189 - 193 - 198 - 199 - 201 - 202 - 203 - 204 - 205 - 208 - 210 - 211 - 212 - 213 - 214 - 215 - 216 - 218 - 221 - 222 - 223 - 225 - 228 - 229 - 230 - 231 - 232 - 234 - 236 - 237 - 241 - 242 - 243 - 248 - 249 - 253 - 254 - 255 - 257 - 259 - 260 - 261 - 263 - 264 - 265 - 267 - 268 - 269 - 270 - 271 - 273 - 274 - 276 - 278 - 280 - 281 - 284 - 285 - 286 - 287 - 288 - 289 - 290 - 291 - 292 - 293 - 294 - 295 - 298 - 299 - 300 - 301 - 302 - 303 - 304 - 305 - 306 - 307 - 308 - 310 - 313 - 315 - 316 - 317 - 319 - 321 - 325 - 328 - 329 - 330 - 334 - 336 - 337 - 338 - 339 - 340 - 341 - 342 - 343 - 344 - 345 - 347 - 349 - 350 - 353 - 355 - 356 - 358 - 359 - 360 - 361 - 362 - 363 - 365 - 367 - 369 - 371 - 373 - 375 - 376 - 377 - 378 - 379 - 381 - 382 - 384 - 386 - 387 - 388 - 389 - 391 - 393 - 397 - 398 - 407 - 411 - 417 - 418 - 421 - 422 - 425 - 427 - 429 - 430 - 432 - 433 - 434 - 435 - 438 - 439 - 441 - 442 - 443 - 446 - 447 - 449 - 451 - 452 - 453 - 454 - 455 - 456 - 457 - 458 - 460 - 462 - 467 - 468 - 470 - 473 - 474 - 475 - 477 - 478 - 480 - 481 - 484 - 487 - 488 - 491 - 493 - 494 - 496 - 497 - 498,565096.8,3.1,92069,92597,25.98,Cost: 92069 & Capacity: 92597
0 - 2 - 3 - 4 - 8 - 10 - 13 - 17 - 18 - 19 - 20 - 21 - 22 - 24 - 25 - 26 - 27 - 29 - 30 - 31 - 32 - 34 - 36 - 37 - 38 - 39 - 40 - 42 - 43 - 44 - 46 - 49 - 50 - 51 - 54 - 55 - 56 - 58 - 60 - 61 - 62 - 63 - 64 - 66 - 67 - 70 - 71 - 72 - 73 - 74 - 75 - 76 - 79 - 80 - 82 - 83 - 86 - 89 - 92 - 98 - 101 - 102 - 103 - 104 - 108 - 111 - 112 - 113 - 114 - 116 - 118 - 119 - 120 - 121 - 122 - 124 - 125 - 126 - 127 - 128 - 130 - 131 - 132 - 133 - 134 - 135 - 136 - 137 - 139 - 142 - 143 - 144 - 145 - 148 - 150 - 153 - 154 - 155 - 157 - 159 - 163 - 164 - 166 - 167 - 174 - 175 - 176 - 177 - 178 - 179 - 180 - 183 - 184 - 185 - 189 - 193 - 198 - 199 - 202 - 203 - 204 - 205 - 208 - 210 - 211 - 212 - 213 - 214 - 215 - 216 - 218 - 221 - 222 - 223 - 225 - 228 - 229 - 230 - 231 - 232 - 234 - 236 - 237 - 241 - 242 - 243 - 248 - 249 - 253 - 254 - 255 - 257 - 259 - 260 - 261 - 263 - 264 - 265 - 267 - 268 - 269 - 270 - 271 - 273 - 274 - 276 - 278 - 280 - 281 - 284 - 285 - 286 - 287 - 288 - 289 - 290 - 291 - 292 - 294 - 295 - 298 - 299 - 300 - 301 - 302 - 303 - 304 - 305 - 306 - 307 - 308 - 310 - 313 - 315 - 316 - 317 - 319 - 321 - 325 - 328 - 329 - 330 - 334 - 336 - 337 - 338 - 339 - 340 - 341 - 342 - 343 - 344 - 345 - 347 - 349 - 350 - 353 - 355 - 356 - 358 - 359 - 360 - 361 - 362 - 363 - 365 - 367 - 369 - 371 - 373 - 375 - 376 - 377 - 378 - 379 - 381 - 382 - 384 - 386 - 387 - 388 - 389 - 391 - 393 - 397 - 398 - 411 - 417 - 418 - 421 - 422 - 425 - 427 - 429 - 430 - 432 - 433 - 434 - 435 - 438 - 439 - 441 - 442 - 443 - 446 - 447 - 449 - 451 - 452 - 453 - 454 - 455 - 456 - 457 - 458 - 460 - 462 - 467 - 468 - 470 - 473 - 474 - 475 - 477 - 478 - 480 - 481 - 484 - 487 - 488 - 491 - 493 - 494 - 496 - 497 - 498,564795.8,3.1,92058,92707,37.29,Cost: 92058 & Capacity: 92707
0 - 2 - 3 - 4 - 8 - 10 - 13 - 17 - 18 - 19 - 20 - 21 - 22 - 24 - 25 - 26 - 27 - 29 - 30 - 31 - 32 - 34 - 36 - 37 - 38 - 39 - 40 - 42 - 43 - 44 - 46 - 49 - 50 - 51 - 54 - 55 - 56 - 58 - 60 - 61 - 62 - 63 - 64 - 66 - 67 - 70 - 71 - 72 - 73 - 74 - 75 - 76 - 79 - 80 - 82 - 83 - 86 - 89 - 92 - 98 - 101 - 102 - 103 - 104 - 108 - 111 - 112 - 113 - 114 - 116 - 118 - 119 - 120 - 121 - 122 - 124 - 125 - 126 - 127 - 128 - 130 - 131 - 132 - 133 - 134 - 135 - 136 - 137 - 139 - 142 - 143 - 144 - 145 - 148 - 150 - 153 - 154 - 155 - 157 - 159 - 163 - 164 - 166 - 167 - 174 - 175 - 176 - 177 - 178 - 179 - 180 - 183 - 184 - 185 - 189 - 193 - 198 - 199 - 202 - 203 - 204 - 205 - 208 - 210 - 211 - 212 - 213 - 214 - 215 - 216 - 218 - 221 - 222 - 223 - 225 - 228 - 229 - 230 - 231 - 232 - 234 - 236 - 237 - 241 - 242 - 243 - 248 - 249 - 253 - 254 - 255 - 257 - 259 - 260 - 261 - 263 - 264 - 265 - 267 - 268 - 269 - 270 - 271 - 273 - 274 - 276 - 278 - 280 - 281 - 284 - 285 - 286 - 287 - 288 - 289 - 290 - 291 - 292 - 294 - 295 - 298 - 299 - 300 - 301 - 302 - 303 - 304 - 305 - 306 - 307 - 308 - 310 - 313 - 315 - 316 - 317 - 319 - 321 - 325 - 328 - 329 - 330 - 334 - 336 - 337 - 338 - 339 - 340 - 341 - 342 - 343 - 344 - 345 - 347 - 349 - 350 - 353 - 355 - 356 - 358 - 359 - 360 - 361 - 362 - 363 - 365 - 367 - 369 - 371 - 373 - 375 - 376 - 377 - 378 - 379 - 381 - 382 - 384 - 386 - 387 - 388 - 389 - 391 - 393 - 397 - 398 - 411 - 417 - 418 - 421 - 422 - 425 - 427 - 429 - 430 - 432 - 433 - 434 - 435 - 438 - 439 - 441 - 442 - 443 - 446 - 447 - 449 - 451 - 452 - 453 - 454 - 455 - 456 - 457 - 458 - 460 - 462 - 467 - 468 - 470 - 473 - 474 - 475 - 477 - 478 - 480 - 481 - 484 - 487 - 488 - 491 - 493 - 494 - 496 - 497 - 498,564795.8,3.1,92058,92707,37.72,Cost: 92058 & Capacity: 92707
2 - 3 - 4 - 8 - 10 - 12 - 13 - 17 - 18 - 19 - 20 - 21 - 25 - 26 - 27 - 28 - 29 - 31 - 32 - 34 - 35 - 36 - 37 - 39 - 40 - 42 - 43 - 44 - 45 - 46 - 49 - 50 - 51 - 54 - 55 - 56 - 58 - 60 - 61 - 62 - 64 - 66 - 67 - 70 - 71 - 72 - 73 - 74 - 75 - 76 - 79 - 80 - 82 - 83 - 86 - 89 - 92 - 98 - 101 - 102 - 103 - 104 - 108 - 111 - 112 - 113 - 114 - 116 - 117 - 119 - 120 - 122 - 124 - 125 - 126 - 127 - 128 - 130 - 131 - 133 - 134 - 135 - 137 - 139 - 142 - 143 - 145 - 148 - 150 - 153 - 154 - 157 - 159 - 164 - 166 - 167 - 169 - 174 - 176 - 177 - 178 - 179 - 180 - 181 - 183 - 184 - 185 - 193 - 196 - 197 - 199 - 201 - 202 - 203 - 204 - 205 - 208 - 210 - 211 - 212 - 213 - 214 - 215 - 216 - 218 - 221 - 222 - 223 - 225 - 228 - 229 - 231 - 232 - 234 - 237 - 239 - 241 - 242 - 248 - 249 - 253 - 254 - 255 - 257 - 259 - 260 - 261 - 263 - 264 - 265 - 266 - 267 - 268 - 269 - 270 - 271 - 273 - 274 - 276 - 278 - 279 - 280 - 281 - 284 - 285 - 287 - 288 - 289 - 290 - 291 - 292 - 293 - 294 - 295 - 298 - 301 - 302 - 303 - 304 - 305 - 306 - 307 - 310 - 315 - 316 - 317 - 319 - 325 - 327 - 328 - 329 - 330 - 333 - 334 - 337 - 340 - 342 - 343 - 344 - 345 - 347 - 349 - 350 - 353 - 355 - 356 - 358 - 359 - 361 - 362 - 363 - 365 - 369 - 371 - 373 - 374 - 376 - 377 - 378 - 379 - 381 - 382 - 384 - 386 - 387 - 388 - 389 - 391 - 392 - 393 - 397 - 398 - 406 - 407 - 409 - 411 - 417 - 418 - 421 - 422 - 423 - 430 - 432 - 433 - 434 - 438 - 439 - 441 - 442 - 443 - 446 - 447 - 449 - 451 - 452 - 453 - 455 - 456 - 457 - 458 - 460 - 462 - 467 - 468 - 470 - 473 - 474 - 475 - 477 - 478 - 479 - 481 - 484 - 488 - 491 - 493 - 496 - 497 - 498,507364.2,5.2,92051,88910,41.13,Cost: 92051 & Capacity: 88910
3 - 10 - 11 - 12 - 14 - 19 - 22 - 26 - 32 - 35 - 38 - 40 - 41 - 42 - 43 - 45 - 52 - 56 - 58 - 59 - 63 - 67 - 73 - 76 - 84 - 86 - 87 - 88 - 91 - 94 - 102 - 104 - 107 - 108 - 114 - 115 - 119 - 125 - 127 - 128 - 129 - 130 - 136 - 146 - 148 - 153 - 154 - 159 - 162 - 163 - 166 - 167 - 173 - 174 - 177 - 181 - 185 - 191 - 195 - 199 - 206 - 207 - 214 - 219 - 221 - 226 - 231 - 232 - 233 - 239 - 242 - 244 - 246 - 251 - 254 - 256 - 259 - 262 - 263 - 264 - 267 - 273 - 274 - 278 - 279 - 281 - 293 - 295 - 296 - 298 - 301 - 304 - 309 - 310 - 312 - 315 - 316 - 319 - 326 - 328 - 330 - 333 - 343 - 353 - 358 - 365 - 366 - 371 - 373 - 384 - 386 - 389 - 391 - 393 - 401 - 406 - 408 - 414 - 416 - 417 - 422 - 426 - 430 - 431 - 432 - 441 - 442 - 443 - 446 - 447 - 451 - 453 - 460 - 462 - 465 - 467 - 471 - 477 - 493 - 494 - 495 - 496,143007.7,7.9,83132,63892,41.71,Cost: 83132 & Capacity: 63892
2 - 4 - 8 - 10 - 11 - 12 - 13 - 14 - 18 - 19 - 20 - 21 - 25 - 26 - 27 - 28 - 29 - 32 - 34 - 35 - 37 - 39 - 40 - 42 - 43 - 44 - 45 - 46 - 49 - 50 - 51 - 53 - 54 - 56 - 59 - 60 - 61 - 62 - 64 - 66 - 68 - 73 - 75 - 76 - 79 - 80 - 83 - 86 - 87 - 88 - 92 - 94 - 98 - 99 - 101 - 102 - 104 - 108 - 111 - 112 - 113 - 119 - 122 - 124 - 125 - 127 - 129 - 130 - 131 - 133 - 134 - 135 - 138 - 143 - 145 - 148 - 150 - 157 - 158 - 161 - 163 - 166 - 167 - 169 - 174 - 177 - 178 - 179 - 180 - 181 - 185 - 189 - 191 - 193 - 195 - 197 - 200 - 201 - 202 - 203 - 205 - 208 - 210 - 211 - 213 - 214 - 215 - 216 - 221 - 222 - 225 - 226 - 229 - 231 - 232 - 234 - 238 - 240 - 241 - 242 - 244 - 246 - 248 - 249 - 253 - 254 - 257 - 259 - 261 - 263 - 264 - 269 - 270 - 271 - 272 - 273 - 276 - 278 - 279 - 280 - 285 - 287 - 288 - 289 - 291 - 292 - 293 - 294 - 295 - 296 - 298 - 300 - 301 - 302 - 303 - 304 - 306 - 310 - 312 - 313 - 314 - 315 - 316 - 319 - 323 - 324 - 325 - 326 - 328 - 329 - 330 - 333 - 334 - 337 - 340 - 342 - 343 - 345 - 347 - 349 - 355 - 356 - 358 - 362 - 363 - 365 - 371 - 373 - 376 - 377 - 379 - 381 - 382 - 386 - 388 - 389 - 391 - 393 - 397 - 406 - 410 - 411 - 413 - 417 - 422 - 430 - 432 - 433 - 434 - 438 - 439 - 440 - 442 - 443 - 447 - 449 - 451 - 452 - 453 - 455 - 457 - 458 - 460 - 462 - 463 - 467 - 477 - 481 - 488 - 491 - 493 - 495 - 496 - 498,363762.0,6.4,92066,82025,43.86,Cost: 92066 & Capacity: 82025
0 - 2 - 3 - 4 - 8 - 10 - 13 - 17 - 18 - 19 - 20 - 21 - 22 - 24 - 25 - 26 - 27 - 29 - 30 - 31 - 32 - 34 - 36 - 37 - 38 - 39 - 40 - 42 - 43 - 44 - 46 - 49 - 50 - 51 - 54 - 55 - 56 - 58 - 60 - 61 - 62 - 63 - 64 - 66 - 67 - 70 - 71 - 72 - 73 - 74 - 75 - 76 - 79 - 80 - 82 - 83 - 86 - 89 - 92 - 98 - 101 - 102 - 103 - 104 - 108 - 111 - 112 - 113 - 114 - 116 - 118 - 119 - 120 - 121 - 122 - 124 - 125 - 126 - 127 - 128 - 130 - 131 - 132 - 133 - 134 - 135 - 136 - 137 - 139 - 142 - 143 - 144 - 145 - 148 - 150 - 153 - 154 - 155 - 157 - 159 - 163 - 164 - 166 - 167 - 174 - 175 - 176 - 177 - 178 - 179 - 180 - 183 - 184 - 185 - 189 - 193 - 198 - 199 - 202 - 203 - 204 - 205 - 208 - 210 - 211 - 212 - 213 - 214 - 215 - 216 - 218 - 221 - 222 - 223 - 225 - 228 - 229 - 230 - 231 - 232 - 234 - 236 - 237 - 241 - 242 - 243 - 248 - 249 - 253 - 254 - 255 - 257 - 259 - 260 - 261 - 263 - 264 - 265 - 267 - 268 - 269 - 270 - 271 - 273 - 274 - 276 - 278 - 280 - 281 - 284 - 285 - 286 - 287 - 288 - 289 - 290 - 291 - 292 - 294 - 295 - 298 - 299 - 300 - 301 - 302 - 303 - 304 - 305 - 306 - 307 - 308 - 310 - 313 - 315 - 316 - 317 - 319 - 321 - 325 - 328 - 329 - 330 - 334 - 336 - 337 - 338 - 339 - 340 - 341 - 342 - 343 - 344 - 345 - 347 - 349 - 350 - 353 - 355 - 356 - 358 - 359 - 360 - 361 - 362 - 363 - 365 - 367 - 369 - 371 - 373 - 375 - 376 - 377 - 378 - 379 - 381 - 382 - 384 - 386 - 387 - 388 - 389 - 391 - 393 - 397 - 398 - 411 - 417 - 418 - 421 - 422 - 425 - 427 - 429 - 430 - 432 - 433 - 434 - 435 - 438 - 439 - 441 - 442 - 443 - 446 - 447 - 449 - 451 - 452 - 453 - 454 - 455 - 456 - 457 - 458 - 460 - 462 - 467 - 468 - 470 - 473 - 474 - 475 - 477 - 478 - 480 - 481 - 484 - 487 - 488 - 491 - 493 - 494 - 496 - 497 - 498,564795.8,3.1,92058,92707,44.21,Cost: 92058 & Capacity: 92707
0 - 2 - 3 - 4 - 8 - 10 - 13 - 17 - 18 - 19 - 20 - 21 - 22 - 24 - 25 - 26 - 27 - 29 - 30 - 31 - 32 - 34 - 36 - 37 - 38 - 39 - 40 - 42 - 43 - 44 - 46 - 49 - 50 - 51 - 54 - 55 - 56 - 58 - 60 - 61 - 62 - 63 - 64 - 66 - 67 - 70 - 71 - 72 - 73 - 74 - 75 - 76 - 79 - 80 - 82 - 83 - 86 - 89 - 92 - 98 - 101 - 102 - 103 - 104 - 108 - 111 - 112 - 113 - 114 - 116 - 118 - 119 - 120 - 121 - 122 - 124 - 125 - 126 - 127 - 128 - 130 - 131 - 132 - 133 - 134 - 135 - 136 - 137 - 139 - 142 - 143 - 144 - 145 - 148 - 150 - 153 - 154 - 155 - 157 - 159 - 163 - 164 - 166 - 167 - 174 - 175 - 176 - 177 - 178 - 179 - 180 - 183 - 184 - 185 - 189 - 193 - 198 - 199 - 202 - 203 - 204 - 205 - 208 - 210 - 211 - 212 - 213 - 214 - 215 - 216 - 218 - 221 - 222 - 223 - 225 - 228 - 229 - 230 - 231 - 232 - 234 - 236 - 237 - 241 - 242 - 243 - 248 - 249 - 253 - 254 - 255 - 257 - 259 - 260 - 261 - 263 - 264 - 265 - 267 - 268 - 269 - 270 - 271 - 273 - 274 - 276 - 278 - 280 - 281 - 284 - 285 - 286 - 287 - 288 - 289 - 290 - 291 - 292 - 294 - 295 - 298 - 299 - 300 - 301 - 302 - 303 - 304 - 305 - 306 - 307 - 308 - 310 - 313 - 315 - 316 - 317 - 319 - 321 - 325 - 328 - 329 - 330 - 334 - 336 - 337 - 338 - 339 - 340 - 341 - 342 - 343 - 344 - 345 - 347 - 349 - 350 - 353 - 355 - 356 - 358 - 359 - 360 - 361 - 362 - 363 - 365 - 367 - 369 - 371 - 373 - 375 - 376 - 377 - 378 - 379 - 381 - 382 - 384 - 386 - 387 - 388 - 389 - 391 - 393 - 397 - 398 - 411 - 417 - 418 - 421 - 422 - 425 - 427 - 429 - 430 - 432 - 433 - 434 - 435 - 438 - 439 - 441 - 442 - 443 - 446 - 447 - 449 - 451 - 452 - 453 - 454 - 455 - 456 - 457 - 458 - 460 - 462 - 467 - 468 - 470 - 473 - 474 - 475 - 477 - 478 - 480 - 481 - 484 - 487 - 488 - 491 - 493 - 494 - 496 - 497 - 498,564795.8,3.1,92058,92707,51.34,Cost: 92058 & Capacity: 92707
2 - 3 - 4 - 8 - 10 - 13 - 17 - 18 - 19 - 20 - 21 - 22 - 24 - 25 - 26 - 27 - 29 - 30 - 31 - 32 - 34 - 36 - 37 - 38 - 39 - 40 - 42 - 43 - 44 - 46 - 49 - 50 - 51 - 54 - 55 - 56 - 58 - 60 - 61 - 62 - 63 - 64 - 66 - 67 - 70 - 71 - 72 - 73 - 74 - 75 - 76 - 79 - 80 - 82 - 83 - 86 - 89 - 92 - 98 - 101 - 102 - 103 - 104 - 108 - 111 - 112 - 113 - 114 - 116 - 118 - 119 - 120 - 121 - 122 - 124 - 125 - 127 - 128 - 130 - 131 - 132 - 133 - 134 - 135 - 136 - 137 - 139 - 142 - 143 - 144 - 145 - 148 - 150 - 153 - 154 - 155 - 157 - 159 - 163 - 164 - 166 - 167 - 174 - 176 - 177 - 178 - 179 - 180 - 183 - 184 - 185 - 189 - 193 - 198 - 199 - 201 - 202 - 203 - 204 - 205 - 208 - 210 - 211 - 212 - 213 - 214 - 215 - 216 - 218 - 221 - 222 - 223 - 225 - 228 - 229 - 230 - 231 - 232 - 234 - 236 - 237 - 241 - 242 - 243 - 248 - 249 - 253 - 254 - 255 - 257 - 259 - 260 - 261 - 263 - 264 - 265 - 267 - 268 - 269 - 270 - 271 - 273 - 274 - 276 - 278 - 280 - 281 - 284 - 285 - 286 - 287 - 288 - 289 - 290 - 291 - 292 - 293 - 294 - 295 - 298 - 299 - 300 - 301 - 302 - 303 - 304 - 305 - 306 - 307 - 308 - 310 - 313 - 315 - 316 - 317 - 319 - 321 - 325 - 328 - 329 - 330 - 334 - 336 - 337 - 338 - 339 - 340 - 341 - 342 - 343 - 344 - 345 - 347 - 349 - 350 - 353 - 355 - 356 - 358 - 359 - 360 - 361 - 362 - 363 - 365 - 367 - 369 - 371 - 373 - 375 - 376 - 377 - 378 - 379 - 381 - 382 - 384 - 386 - 387 - 388 - 389 - 391 - 393 - 397 - 398 - 407 - 411 - 417 - 418 - 421 - 422 - 425 - 427 - 429 - 430 - 432 - 433 - 434 - 435 - 438 - 439 - 441 - 442 - 443 - 446 - 447 - 449 - 451 - 452 - 453 - 454 - 455 - 456 - 457 - 458 - 460 - 462 - 467 - 468 - 470 - 473 - 474 - 475 - 477 - 478 - 480 - 481 - 484 - 487 - 488 - 491 - 493 - 494 - 496 - 497 - 498,565096.8,3.1,92069,92597,52.86,Cost: 92069 & Capacity: 92597
0 - 2 - 3 - 4 - 8 - 10 - 13 - 17 - 18 - 19 - 20 - 21 - 22 - 24 - 25 - 26 - 27 - 29 - 30 - 31 - 32 - 34 - 36 - 37 - 38 - 39 - 40 - 42 - 43 - 44 - 46 - 49 - 50 - 51 - 54 - 55 - 56 - 58 - 60 - 61 - 62 - 63 - 64 - 66 - 67 - 70 - 71 - 72 - 73 - 74 - 75 - 76 - 79 - 80 - 82 - 83 - 86 - 89 - 92 - 98 - 101 - 102 - 103 - 104 - 108 - 111 - 112 - 113 - 114 - 116 - 118 - 119 - 120 - 121 - 122 - 124 - 125 - 126 - 127 - 128 - 130 - 131 - 132 - 133 - 134 - 135 - 136 - 137 - 139 - 142 - 143 - 144 - 145 - 148 - 150 - 153 - 154 - 155 - 157 - 159 - 163 - 164 - 166 - 167 - 174 - 175 - 176 - 177 - 178 - 179 - 180 - 183 - 184 - 185 - 189 - 193 - 198 - 199 - 202 - 203 - 204 - 205 - 208 - 210 - 211 - 212 - 213 - 214 - 215 - 216 - 218 - 221 - 222 - 223 - 225 - 228 - 229 - 230 - 231 - 232 - 234 - 236 - 237 - 241 - 242 - 243 - 248 - 249 - 253 - 254 - 255 - 257 - 259 - 260 - 261 - 263 - 264 - 265 - 267 - 268 - 269 - 270 - 271 - 273 - 274 - 276 - 278 - 280 - 281 - 284 - 285 - 286 - 287 - 288 - 289 - 290 - 291 - 292 - 294 - 295 - 298 - 299 - 300 - 301 - 302 - 303 - 304 - 305 - 306 - 307 - 308 - 310 - 313 - 315 - 316 - 317 - 319 - 321 - 325 - 328 - 329 - 330 - 334 - 336 - 337 - 338 - 339 - 340 - 341 - 342 - 343 - 344 - 345 - 347 - 349 - 350 - 353 - 355 - 356 - 358 - 359 - 360 - 361 - 362 - 363 - 365 - 367 - 369 - 371 - 373 - 375 - 376 - 377 - 378 - 379 - 381 - 382 - 384 - 386 - 387 - 388 - 389 - 391 - 393 - 397 - 398 - 411 - 417 - 418 - 421 - 422 - 425 - 427 - 429 - 430 - 432 - 433 - 434 - 435 - 438 - 439 - 441 - 442 - 443 - 446 - 447 - 449 - 451 - 452 - 453 - 454 - 455 - 456 - 457 - 458 - 460 - 462 - 467 - 468 - 470 - 473 - 474 - 475 - 477 - 478 - 480 - 481 - 484 - 487 - 488 - 491 - 493 - 494 - 496 - 497 - 498,564795.8,3.1,92058,92707,57.22,Cost: 92058 & Capacity: 92707
2 - 3 - 4 - 8 - 10 - 13 - 17 - 18 - 19 - 20 - 21 - 22 - 24 - 25 - 26 - 27 - 29 - 30 - 31 - 32 - 34 - 36 - 37 - 38 - 39 - 40 - 42 - 43 - 44 - 46 - 49 - 50 - 51 - 54 - 55 - 56 - 58 - 60 - 61 - 62 - 63 - 64 - 66 - 67 - 70 - 71 - 72 - 73 - 74 - 75 - 76 - 79 - 80 - 82 - 83 - 86 - 89 - 92 - 98 - 101 - 102 - 103 - 104 - 108 - 111 - 112 - 113 - 114 - 116 - 118 - 119 - 120 - 121 - 122 - 124 - 125 - 127 - 128 - 130 - 131 - 132 - 133 - 134 - 135 - 136 - 137 - 139 - 142 - 143 - 144 - 145 - 148 - 150 - 153 - 154 - 155 - 157 - 159 - 163 - 164 - 166 - 167 - 174 - 176 - 177 - 178 - 179 - 180 - 183 - 184 - 185 - 189 - 193 - 198 - 199 - 201 - 202 - 203 - 204 - 205 - 208 - 210 - 211 - 212 - 213 - 214 - 215 - 216 - 218 - 221 - 222 - 223 - 225 - 228 - 229 - 230 - 231 - 232 - 234 - 236 - 237 - 241 - 242 - 243 - 248 - 249 - 253 - 254 - 255 - 257 - 259 - 260 - 261 - 263 - 264 - 265 - 267 - 268 - 269 - 270 - 271 - 273 - 274 - 276 - 278 - 280 - 281 - 284 - 285 - 286 - 287 - 288 - 289 - 290 - 291 - 292 - 293 - 294 - 295 - 298 - 299 - 300 - 301 - 302 - 303 - 304 - 305 - 306 - 307 - 308 - 310 - 313 - 315 - 316 - 317 - 319 - 321 - 325 - 328 - 329 - 330 - 334 - 336 - 337 - 338 - 339 - 340 - 341 - 342 - 343 - 344 - 345 - 347 - 349 - 350 - 353 - 355 - 356 - 358 - 359 - 360 - 361 - 362 - 363 - 365 - 367 - 369 - 371 - 373 - 375 - 376 - 377 - 378 - 379 - 381 - 382 - 384 - 386 - 387 - 388 - 389 - 391 - 393 - 397 - 398 - 407 - 411 - 417 - 418 - 421 - 422 - 425 - 427 - 429 - 430 - 432 - 433 - 434 - 435 - 438 - 439 - 441 - 442 - 443 - 446 - 447 - 449 - 451 - 452 - 453 - 454 - 455 - 456 - 457 - 458 - 460 - 462 - 467 - 468 - 470 - 473 - 474 - 475 - 477 - 478 - 480 - 481 - 484 - 487 - 488 - 491 - 493 - 494 - 496 - 497 - 498,565096.8,3.1,92069,92597,57.5,Cost: 92069 & Capacity: 92597
0 - 2 - 3 - 4 - 8 - 10 - 13 - 17 - 18 - 19 - 20 - 21 - 22 - 24 - 25 - 26 - 27 - 29 - 30 - 31 - 32 - 34 - 36 - 37 - 38 - 39 - 40 - 42 - 43 - 44 - 46 - 49 - 50 - 51 - 54 - 55 - 56 - 58 - 60 - 61 - 62 - 63 - 64 - 66 - 67 - 70 - 71 - 72 - 73 - 74 - 75 - 76 - 79 - 80 - 82 - 83 - 86 - 89 - 92 - 98 - 101 - 102 - 103 - 104 - 108 - 111 - 112 - 113 - 114 - 116 - 118 - 119 - 120 - 121 - 122 - 124 - 125 - 126 - 127 - 128 - 130 - 131 - 132 - 133 - 134 - 135 - 136 - 137 - 139 - 142 - 143 - 144 - 145 - 148 - 150 - 153 - 154 - 155 - 157 - 159 - 163 - 164 - 166 - 167 - 174 - 175 - 176 - 177 - 178 - 179 - 180 - 183 - 184 - 185 - 189 - 193 - 198 - 199 - 202 - 203 - 204 - 205 - 208 - 210 - 211 - 212 - 213 - 214 - 215 - 216 - 218 - 221 - 222 - 223 - 225 - 228 - 229 - 230 - 231 - 232 - 234 - 236 - 237 - 241 - 242 - 243 - 248 - 249 - 253 - 254 - 255 - 257 - 259 - 260 - 261 - 263 - 264 - 265 - 267 - 268 - 269 - 270 - 271 - 273 - 274 - 276 - 278 - 280 - 281 - 284 - 285 - 286 - 287 - 288 - 289 - 290 - 291 - 292 - 294 - 295 - 298 - 299 - 300 - 301 - 302 - 303 - 304 - 305 - 306 - 307 - 308 - 310 - 313 - 315 - 316 - 317 - 319 - 321 - 325 - 328 - 329 - 330 - 334 - 336 - 337 - 338 - 339 - 340 - 341 - 342 - 343 - 344 - 345 - 347 - 349 - 350 - 353 - 355 - 356 - 358 - 359 - 360 - 361 - 362 - 363 - 365 - 367 - 369 - 371 - 373 - 375 - 376 - 377 - 378 - 379 - 381 - 382 - 384 - 386 - 387 - 388 - 389 - 391 - 393 - 397 - 398 - 411 - 417 - 418 - 421 - 422 - 425 - 427 - 429 - 430 - 432 - 433 - 434 - 435 - 438 - 439 - 441 - 442 - 443 - 446 - 447 - 449 - 451 - 452 - 453 - 454 - 455 - 456 - 457 - 458 - 460 - 462 - 467 - 468 - 470 - 473 - 474 - 475 - 477 - 478 - 480 - 481 - 484 - 487 - 488 - 491 - 493 - 494 - 496 - 497 - 498,564795.8,3.1,92058,92707,58.7,Cost: 92058 & Capacity: 92707
2 - 3 - 4 - 8 - 10 - 12 - 13 - 17 - 18 - 19 - 20 - 21 - 22 - 25 - 26 - 27 - 29 - 31 - 32 - 34 - 35 - 36 - 37 - 38 - 39 - 40 - 42 - 43 - 44 - 46 - 49 - 50 - 51 - 54 - 55 - 56 - 58 - 60 - 61 - 62 - 63 - 64 - 66 - 67 - 70 - 71 - 72 - 73 - 74 - 75 - 76 - 77 - 79 - 80 - 82 - 83 - 86 - 89 - 92 - 98 - 101 - 102 - 104 - 108 - 111 - 112 - 113 - 114 - 116 - 118 - 119 - 120 - 122 - 124 - 125 - 127 - 128 - 130 - 131 - 133 - 134 - 135 - 137 - 139 - 142 - 143 - 144 - 145 - 148 - 150 - 153 - 154 - 155 - 157 - 159 - 164 - 166 - 167 - 169 - 174 - 176 - 177 - 178 - 179 - 180 - 181 - 184 - 185 - 189 - 193 - 197 - 199 - 201 - 202 - 203 - 204 - 205 - 208 - 210 - 211 - 212 - 213 - 214 - 215 - 216 - 218 - 221 - 222 - 223 - 225 - 228 - 230 - 231 - 232 - 234 - 237 - 239 - 241 - 242 - 248 - 249 - 253 - 254 - 255 - 257 - 259 - 260 - 261 - 263 - 264 - 265 - 266 - 267 - 268 - 269 - 270 - 271 - 273 - 274 - 276 - 281 - 284 - 285 - 286 - 287 - 288 - 289 - 290 - 291 - 292 - 293 - 294 - 295 - 298 - 300 - 301 - 302 - 303 - 304 - 305 - 306 - 307 - 310 - 315 - 316 - 317 - 319 - 321 - 325 - 328 - 329 - 330 - 333 - 334 - 337 - 339 - 340 - 341 - 342 - 343 - 344 - 345 - 347 - 349 - 350 - 353 - 355 - 356 - 358 - 359 - 360 - 361 - 362 - 363 - 365 - 367 - 369 - 373 - 374 - 375 - 376 - 377 - 378 - 379 - 381 - 382 - 384 - 386 - 387 - 388 - 389 - 391 - 393 - 397 - 398 - 406 - 409 - 411 - 417 - 418 - 421 - 422 - 429 - 430 - 432 - 433 - 434 - 438 - 439 - 441 - 442 - 443 - 446 - 447 - 449 - 451 - 452 - 453 - 455 - 456 - 457 - 458 - 460 - 462 - 467 - 468 - 470 - 473 - 474 - 475 - 477 - 478 - 479 - 480 - 481 - 484 - 487 - 488 - 491 - 493 - 494 - 496 - 497 - 498,523600.3,4.9,92063,89959,63.09,Cost: 92063 & Capacity: 89959
0 - 2 - 3 - 4 - 8 - 10 - 13 - 17 - 18 - 19 - 20 - 21 - 22 - 24 - 25 - 26 - 27 - 29 - 30 - 31 - 32 - 34 - 36 - 37 - 38 - 39 - 40 - 42 - 43 - 44 - 46 - 49 - 50 - 51 - 54 - 55 - 56 - 58 - 60 - 61 - 62 - 63 - 64 - 66 - 67 - 70 - 71 - 72 - 73 - 74 - 75 - 76 - 79 - 80 - 82 - 83 - 86 - 89 - 92 - 98 - 101 - 102 - 103 - 104 - 108 - 111 - 112 - 113 - 114 - 116 - 118 - 119 - 120 - 121 - 122 - 124 - 125 - 126 - 127 - 128 - 130 - 131 - 132 - 133 - 134 - 135 - 136 - 137 - 139 - 142 - 143 - 144 - 145 - 148 - 150 - 153 - 154 - 155 - 157 - 159 - 163 - 164 - 166 - 167 - 174 - 175 - 176 - 177 - 178 - 179 - 180 - 183 - 184 - 185 - 189 - 193 - 198 - 199 - 202 - 203 - 204 - 205 - 208 - 210 - 211 - 212 - 213 - 214 - 215 - 216 - 218 - 221 - 222 - 223 - 225 - 228 - 229 - 230 - 231 - 232 - 234 - 236 - 237 - 241 - 242 - 243 - 248 - 249 - 253 - 254 - 255 - 257 - 259 - 260 - 261 - 263 - 264 - 265 - 267 - 268 - 269 - 270 - 271 - 273 - 274 - 276 - 278 - 280 - 281 - 284 - 285 - 286 - 287 - 288 - 289 - 290 - 291 - 292 - 294 - 295 - 298 - 299 - 300 - 301 - 302 - 303 - 304 - 305 - 306 - 307 - 308 - 310 - 313 - 315 - 316 - 317 - 319 - 321 - 325 - 328 - 329 - 330 - 334 - 336 - 337 - 338 - 339 - 340 - 341 - 342 - 343 - 344 - 345 - 347 - 349 - 350 - 353 - 355 - 356 - 358 - 359 - 360 - 361 - 362 - 363 - 365 - 367 - 369 - 371 - 373 - 375 - 376 - 377 - 378 - 379 - 381 - 382 - 384 - 386 - 387 - 388 - 389 - 391 - 393 - 397 - 398 - 411 - 417 - 418 - 421 - 422 - 425 - 427 - 429 - 430 - 432 - 433 - 434 - 435 - 438 - 439 - 441 - 442 - 443 - 446 - 447 - 449 - 451 - 452 - 453 - 454 - 455 - 456 - 457 - 458 - 460 - 462 - 467 - 468 - 470 - 473 - 474 - 475 - 477 - 478 - 480 - 481 - 484 - 487 - 488 - 491 - 493 - 494 - 496 - 497 - 498,564795.8,3.1,92058,92707,66.2,Cost: 92058 & Capacity: 92707
4 - 8 - 10 - 11 - 12 - 14 - 18 - 19 - 26 - 28 - 29 - 30 - 34 - 35 - 36 - 37 - 40 - 42 - 45 - 46 - 52 - 58 - 59 - 60 - 62 - 63 - 64 - 66 - 72 - 73 - 75 - 76 - 80 - 82 - 86 - 88 - 99 - 100 - 102 - 104 - 105 - 108 - 111 - 113 - 114 - 119 - 122 - 125 - 127 - 128 - 129 - 130 - 143 - 147 - 148 - 153 - 155 - 157 - 159 - 161 - 162 - 166 - 167 - 169 - 174 - 175 - 176 - 177 - 185 - 197 - 203 - 204 - 205 - 206 - 208 - 214 - 215 - 216 - 219 - 221 - 222 - 226 - 228 - 229 - 231 - 234 - 238 - 239 - 242 - 244 - 246 - 248 - 249 - 253 - 254 - 256 - 259 - 261 - 263 - 264 - 268 - 269 - 271 - 273 - 274 - 276 - 279 - 281 - 285 - 288 - 289 - 291 - 293 - 294 - 295 - 298 - 299 - 301 - 302 - 303 - 304 - 310 - 315 - 316 - 317 - 319 - 321 - 325 - 326 - 328 - 329 - 333 - 334 - 337 - 342 - 343 - 355 - 356 - 357 - 358 - 360 - 362 - 365 - 366 - 369 - 373 - 374 - 376 - 378 - 379 - 381 - 382 - 386 - 387 - 389 - 390 - 391 - 399 - 401 - 406 - 411 - 422 - 430 - 431 - 432 - 433 - 434 - 435 - 438 - 439 - 440 - 441 - 443 - 446 - 447 - 449 - 451 - 453 - 457 - 458 - 459 - 460 - 462 - 465 - 466 - 467 - 469 - 471 - 478 - 479 - 480 - 481 - 488 - 491 - 493 - 494 - 495 - 496,267737.9,7.1,92067,77839,68.57,Cost: 92067 & Capacity: 77839
0 - 2 - 3 - 4 - 8 - 10 - 13 - 17 - 18 - 19 - 20 - 21 - 22 - 24 - 25 - 26 - 27 - 29 - 30 - 31 - 32 - 34 - 36 - 37 - 38 - 39 - 40 - 42 - 43 - 44 - 46 - 49 - 50 - 51 - 54 - 55 - 56 - 58 - 60 - 61 - 62 - 63 - 64 - 66 - 67 - 70 - 71 - 72 - 73 - 74 - 75 - 76 - 79 - 80 - 82 - 83 - 86 - 89 - 92 - 98 - 101 - 102 - 103 - 104 - 108 - 111 - 112 - 113 - 114 - 116 - 118 - 119 - 120 - 121 - 122 - 124 - 125 - 126 - 127 - 128 - 130 - 131 - 132 - 133 - 134 - 135 - 136 - 137 - 139 - 142 - 143 - 144 - 145 - 148 - 150 - 153 - 154 - 155 - 157 - 159 - 163 - 164 - 166 - 167 - 174 - 175 - 176 - 177 - 178 - 179 - 180 - 183 - 184 - 185 - 189 - 193 - 198 - 199 - 202 - 203 - 204 - 205 - 208 - 210 - 211 - 212 - 213 - 214 - 215 - 216 - 218 - 221 - 222 - 223 - 225 - 228 - 229 - 230 - 231 - 232 - 234 - 236 - 237 - 241 - 242 - 243 - 248 - 249 - 253 - 254 - 255 - 257 - 259 - 260 - 261 - 263 - 264 - 265 - 267 - 268 - 269 - 270 - 271 - 273 - 274 - 276 - 278 - 280 - 281 - 284 - 285 - 286 - 287 - 288 - 289 - 290 - 291 - 292 - 294 - 295 - 298 - 299 - 300 - 301 - 302 - 303 - 304 - 305 - 306 - 307 - 308 - 310 - 313 - 315 - 316 - 317 - 319 - 321 - 325 - 328 - 329 - 330 - 334 - 336 - 337 - 338 - 339 - 340 - 341 - 342 - 343 - 344 - 345 - 347 - 349 - 350 - 353 - 355 - 356 - 358 - 359 - 360 - 361 - 362 - 363 - 365 - 367 - 369 - 371 - 373 - 375 - 376 - 377 - 378 - 379 - 381 - 382 - 384 - 386 - 387 - 388 - 389 - 391 - 393 - 397 - 398 - 411 - 417 - 418 - 421 - 422 - 425 - 427 - 429 - 430 - 432 - 433 - 434 - 435 - 438 - 439 - 441 - 442 - 443 - 446 - 447 - 449 - 451 - 452 - 453 - 454 - 455 - 456 - 457 - 458 - 460 - 462 - 467 - 468 - 470 - 473 - 474 - 475 - 477 - 478 - 480 - 481 - 484 - 487 - 488 - 491 - 493 - 494 - 496 - 497 - 498,564795.8,3.1,92058,92707,69.83,Cost: 92058 & Capacity: 92707
2 - 3 - 4 - 8 - 10 - 13 - 17 - 18 - 19 - 20 - 21 - 22 - 24 - 25 - 26 - 27 - 29 - 30 - 31 - 32 - 34 - 36 - 37 - 38 - 39 - 40 - 42 - 43 - 44 - 46 - 49 - 50 - 51 - 54 - 55 - 56 - 58 - 60 - 61 - 62 - 63 - 64 - 66 - 67 - 70 - 71 - 72 - 73 - 74 - 75 - 76 - 79 - 80 - 82 - 83 - 86 - 89 - 92 - 98 - 101 - 102 - 103 - 104 - 108 - 111 - 112 - 113 - 114 - 116 - 118 - 119 - 120 - 121 - 122 - 124 - 125 - 127 - 128 - 130 - 131 - 132 - 133 - 134 - 135 - 136 - 137 - 139 - 142 - 143 - 144 - 145 - 148 - 150 - 153 - 154 - 155 - 157 - 159 - 163 - 164 - 166 - 167 - 174 - 176 - 177 - 178 - 179 - 180 - 183 - 184 - 185 - 189 - 193 - 198 - 199 - 201 - 202 - 203 - 204 - 205 - 208 - 210 - 211 - 212 - 213 - 214 - 215 - 216 - 218 - 221 - 222 - 223 - 225 - 228 - 229 - 230 - 231 - 232 - 234 - 236 - 237 - 241 - 242 - 243 - 248 - 249 - 253 - 254 - 255 - 257 - 259 - 260 - 261 - 263 - 264 - 265 - 267 - 268 - 269 - 270 - 271 - 273 - 274 - 276 - 278 - 280 - 281 - 284 - 285 - 286 - 287 - 288 - 289 - 290 - 291 - 292 - 293 - 294 - 295 - 298 - 299 - 300 - 301 - 302 - 303 - 304 - 305 - 306 - 307 - 308 - 310 - 313 - 315 - 316 - 317 - 319 - 321 - 325 - 328 - 329 - 330 - 334 - 336 - 337 - 338 - 339 - 340 - 341 - 342 - 343 - 344 - 345 - 347 - 349 - 350 - 353 - 355 - 356 - 358 - 359 - 360 - 361 - 362 - 363 - 365 - 367 - 369 - 371 - 373 - 375 - 376 - 377 - 378 - 379 - 381 - 382 - 384 - 386 - 387 - 388 - 389 - 391 - 393 - 397 - 398 - 407 - 411 - 417 - 418 - 421 - 422 - 425 - 427 - 429 - 430 - 432 - 433 - 434 - 435 - 438 - 439 - 441 - 442 - 443 - 446 - 447 - 449 - 451 - 452 - 453 - 454 - 455 - 456 - 457 - 458 - 460 - 462 - 467 - 468 - 470 - 473 - 474 - 475 - 477 - 478 - 480 - 481 - 484 - 487 - 488 - 491 - 493 - 494 - 496 - 497 - 498,565096.8,3.1,92069,92597,74.3,Cost: 92069 & Capacity: 92597
2 - 3 - 4 - 8 - 10 - 13 - 17 - 18 - 19 - 20 - 21 - 22 - 24 - 25 - 26 - 27 - 29 - 30 - 31 - 32 - 34 - 36 - 37 - 38 - 39 - 40 - 42 - 43 - 44 - 46 - 49 - 50 - 51 - 54 - 55 - 56 - 58 - 60 - 61 - 62 - 63 - 64 - 66 - 67 - 70 - 71 - 72 - 73 - 74 - 75 - 76 - 79 - 80 - 82 - 83 - 86 - 89 - 92 - 98 - 101 - 102 - 103 - 104 - 108 - 111 - 112 - 113 - 114 - 116 - 118 - 119 - 120 - 121 - 122 - 124 - 125 - 127 - 128 - 130 - 131 - 132 - 133 - 134 - 135 - 136 - 137 - 139 - 142 - 143 - 144 - 145 - 148 - 150 - 153 - 154 - 155 - 157 - 159 - 163 - 164 - 166 - 167 - 174 - 176 - 177 - 178 - 179 - 180 - 183 - 184 - 185 - 189 - 193 - 198 - 199 - 201 - 202 - 203 - 204 - 205 - 208 - 210 - 211 - 212 - 213 - 214 - 215 - 216 - 218 - 221 - 222 - 223 - 225 - 228 - 229 - 230 - 231 - 232 - 234 - 236 - 237 - 241 - 242 - 243 - 248 - 249 - 253 - 254 - 255 - 257 - 259 - 260 - 261 - 263 - 264 - 265 - 267 - 268 - 269 - 270 - 271 - 273 - 274 - 276 - 278 - 280 - 281 - 284 - 285 - 286 - 287 - 288 - 289 - 290 - 291 - 292 - 293 - 294 - 295 - 298 - 299 - 300 - 301 - 302 - 303 - 304 - 305 - 306 - 307 - 308 - 310 - 313 - 315 - 316 - 317 - 319 - 321 - 325 - 328 - 329 - 330 - 334 - 336 - 337 - 338 - 339 - 340 - 341 - 342 - 343 - 344 - 345 - 347 - 349 - 350 - 353 - 355 - 356 - 358 - 359 - 360 - 361 - 362 - 363 - 365 - 367 - 369 - 371 - 373 - 375 - 376 - 377 - 378 - 379 - 381 - 382 - 384 - 386 - 387 - 388 - 389 - 391 - 393 - 397 - 398 - 407 - 411 - 417 - 418 - 421 - 422 - 425 - 427 - 429 - 430 - 432 - 433 - 434 - 435 - 438 - 439 - 441 - 442 - 443 - 446 - 447 - 449 - 451 - 452 - 453 - 454 - 455 - 456 - 457 - 458 - 460 - 462 - 467 - 468 - 470 - 473 - 474 - 475 - 477 - 478 - 480 - 481 - 484 - 487 - 488 - 491 - 493 - 494 - 496 - 497 - 498,565096.8,3.1,92069,92597,75.79,Cost: 92069 & Capacity: 92597
0 - 2 - 3 - 4 - 8 - 10 - 13 - 17 - 18 - 19 - 20 - 21 - 22 - 24 - 25 - 26 - 27 - 29 - 30 - 31 - 32 - 34 - 36 - 37 - 38 - 39 - 40 - 42 - 43 - 44 - 46 - 49 - 50 - 51 - 54 - 55 - 56 - 58 - 60 - 61 - 62 - 63 - 64 - 66 - 67 - 70 - 71 - 72 - 73 - 74 - 75 - 76 - 79 - 80 - 82 - 83 - 86 - 89 - 92 - 98 - 101 - 102 - 103 - 104 - 108 - 111 - 112 - 113 - 114 - 116 - 118 - 119 - 120 - 121 - 122 - 124 - 125 - 126 - 127 - 128 - 130 - 131 - 132 - 133 - 134 - 135 - 136 - 137 - 139 - 142 - 143 - 144 - 145 - 148 - 150 - 153 - 154 - 155 - 157 - 159 - 163 - 164 - 166 - 167 - 174 - 175 - 176 - 177 - 178 - 179 - 180 - 183 - 184 - 185 - 189 - 193 - 198 - 199 - 202 - 203 - 204 - 205 - 208 - 210 - 211 - 212 - 213 - 214 - 215 - 216 - 218 - 221 - 222 - 223 - 225 - 228 - 229 - 230 - 231 - 232 - 234 - 236 - 237 - 241 - 242 - 243 - 248 - 249 - 253 - 254 - 255 - 257 - 259 - 260 - 261 - 263 - 264 - 265 - 267 - 268 - 269 - 270 - 271 - 273 - 274 - 276 - 278 - 280 - 281 - 284 - 285 - 286 - 287 - 288 - 289 - 290 - 291 - 292 - 294 - 295 - 298 - 299 - 300 - 301 - 302 - 303 - 304 - 305 - 306 - 307 - 308 - 310 - 313 - 315 - 316 - 317 - 319 - 321 - 325 - 328 - 329 - 330 - 334 - 336 - 337 - 338 - 339 - 340 - 341 - 342 - 343 - 344 - 345 - 347 - 349 - 350 - 353 - 355 - 356 - 358 - 359 - 360 - 361 - 362 - 363 - 365 - 367 - 369 - 371 - 373 - 375 - 376 - 377 - 378 - 379 - 381 - 382 - 384 - 386 - 387 - 388 - 389 - 391 - 393 - 397 - 398 - 411 - 417 - 418 - 421 - 422 - 425 - 427 - 429 - 430 - 432 - 433 - 434 - 435 - 438 - 439 - 441 - 442 - 443 - 446 - 447 - 449 - 451 - 452 - 453 - 454 - 455 - 456 - 457 - 458 - 460 - 462 - 467 - 468 - 470 - 473 - 474 - 475 - 477 - 478 - 480 - 481 - 484 - 487 - 488 - 491 - 493 - 494 - 496 - 497 - 498,564795.8,3.1,92058,92707,78.92,Cost: 92058 & Capacity: 92707
0 - 2 - 3 - 4 - 8 - 10 - 13 - 17 - 18 - 19 - 20 - 21 - 22 - 24 - 25 - 26 - 27 - 29 - 30 - 31 - 32 - 34 - 36 - 37 - 38 - 39 - 40 - 42 - 43 - 44 - 46 - 49 - 50 - 51 - 54 - 55 - 56 - 58 - 60 - 61 - 62 - 63 - 64 - 66 - 67 - 70 - 71 - 72 - 73 - 74 - 75 - 76 - 79 - 80 - 82 - 83 - 86 - 89 - 92 - 98 - 101 - 102 - 103 - 104 - 108 - 111 - 112 - 113 - 114 - 116 - 118 - 119 - 120 - 121 - 122 - 124 - 125 - 126 - 127 - 128 - 130 - 131 - 132 - 133 - 134 - 135 - 136 - 137 - 139 - 142 - 143 - 144 - 145 - 148 - 150 - 153 - 154 - 155 - 157 - 159 - 163 - 164 - 166 - 167 - 174 - 175 - 176 - 177 - 178 - 179 - 180 - 183 - 184 - 185 - 189 - 193 - 198 - 199 - 202 - 203 - 204 - 205 - 208 - 210 - 211 - 212 - 213 - 214 - 215 - 216 - 218 - 221 - 222 - 223 - 225 - 228 - 229 - 230 - 231 - 232 - 234 - 236 - 237 - 241 - 242 - 243 - 248 - 249 - 253 - 254 - 255 - 257 - 259 - 260 - 261 - 263 - 264 - 265 - 267 - 268 - 269 - 270 - 271 - 273 - 274 - 276 - 278 - 280 - 281 - 284 - 285 - 286 - 287 - 288 - 289 - 290 - 291 - 292 - 294 - 295 - 298 - 299 - 300 - 301 - 302 - 303 - 304 - 305 - 306 - 307 - 308 - 310 - 313 - 315 - 316 - 317 - 319 - 321 - 325 - 328 - 329 - 330 - 334 - 336 - 337 - 338 - 339 - 340 - 341 - 342 - 343 - 344 - 345 - 347 - 349 - 350 - 353 - 355 - 356 - 358 - 359 - 360 - 361 - 362 - 363 - 365 - 367 - 369 - 371 - 373 - 375 - 376 - 377 - 378 - 379 - 381 - 382 - 384 - 386 - 387 - 388 - 389 - 391 - 393 - 397 - 398 - 411 - 417 - 418 - 421 - 422 - 425 - 427 - 429 - 430 - 432 - 433 - 434 - 435 - 438 - 439 - 441 - 442 - 443 - 446 - 447 - 449 - 451 - 452 - 453 - 454 - 455 - 456 - 457 - 458 - 460 - 462 - 467 - 468 - 470 - 473 - 474 - 475 - 477 - 478 - 480 - 481 - 484 - 487 - 488 - 491 - 493 - 494 - 496 - 497 - 498,564795.8,3.1,92058,92707,80.98,Cost: 92058 & Capacity: 92707
2 - 3 - 4 - 8 - 10 - 13 - 17 - 18 - 19 - 20 - 21 - 24 - 25 - 26 - 27 - 29 - 30 - 31 - 32 - 34 - 36 - 37 - 38 - 39 - 40 - 42 - 43 - 44 - 46 - 49 - 50 - 51 - 54 - 55 - 56 - 58 - 60 - 61 - 62 - 63 - 64 - 66 - 67 - 70 - 71 - 72 - 73 - 74 - 75 - 76 - 79 - 80 - 82 - 83 - 86 - 89 - 92 - 98 - 101 - 102 - 103 - 104 - 108 - 111 - 112 - 113 - 114 - 116 - 118 - 119 - 120 - 121 - 122 - 124 - 125 - 126 - 127 - 128 - 130 - 132 - 133 - 134 - 135 - 136 - 137 - 139 - 142 - 143 - 144 - 145 - 148 - 150 - 153 - 154 - 155 - 157 - 159 - 163 - 164 - 166 - 167 - 174 - 176 - 177 - 178 - 179 - 180 - 183 - 184 - 185 - 189 - 193 - 198 - 199 - 201 - 202 - 203 - 204 - 205 - 208 - 210 - 211 - 212 - 213 - 214 - 215 - 216 - 218 - 221 - 222 - 223 - 225 - 228 - 229 - 230 - 231 - 232 - 234 - 236 - 237 - 241 - 242 - 243 - 248 - 249 - 250 - 253 - 254 - 255 - 257 - 259 - 260 - 261 - 263 - 264 - 265 - 267 - 268 - 269 - 270 - 271 - 273 - 274 - 276 - 278 - 280 - 281 - 284 - 285 - 286 - 287 - 288 - 289 - 290 - 291 - 292 - 294 - 295 - 298 - 299 - 300 - 301 - 302 - 303 - 304 - 305 - 306 - 307 - 308 - 310 - 313 - 315 - 316 - 317 - 319 - 321 - 325 - 328 - 329 - 330 - 334 - 336 - 337 - 338 - 339 - 340 - 341 - 342 - 343 - 344 - 345 - 347 - 349 - 350 - 353 - 355 - 356 - 358 - 359 - 360 - 361 - 362 - 363 - 365 - 367 - 369 - 371 - 373 - 375 - 376 - 377 - 378 - 379 - 381 - 382 - 384 - 386 - 387 - 388 - 389 - 391 - 393 - 397 - 398 - 407 - 411 - 417 - 418 - 421 - 422 - 425 - 426 - 427 - 429 - 430 - 432 - 433 - 434 - 435 - 438 - 439 - 441 - 442 - 443 - 446 - 447 - 449 - 451 - 452 - 453 - 454 - 455 - 456 - 457 - 458 - 460 - 462 - 467 - 468 - 470 - 473 - 474 - 475 - 477 - 478 - 480 - 481 - 484 - 487 - 488 - 491 - 493 - 494 - 496 - 497 - 498,564105.2,3.1,92066,92431,82.34,Cost: 92066 & Capacity: 92431
3 - 9 - 10 - 11 - 12 - 13 - 14 - 16 - 17 - 18 - 22 - 26 - 29 - 32 - 35 - 40 - 41 - 42 - 45 - 54 - 59 - 67 - 73 - 76 - 85 - 88 - 94 - 104 - 108 - 119 - 127 - 129 - 130 - 134 - 136 - 142 - 147 - 148 - 153 - 154 - 158 - 159 - 162 - 166 - 167 - 170 - 174 - 183 - 185 - 195 - 199 - 209 - 214 - 219 - 221 - 226 - 231 - 232 - 233 - 236 - 239 - 242 - 244 - 251 - 254 - 259 - 264 - 267 - 273 - 274 - 277 - 278 - 279 - 281 - 283 - 284 - 289 - 293 - 295 - 298 - 301 - 303 - 304 - 309 - 312 - 315 - 316 - 319 - 328 - 332 - 333 - 358 - 365 - 366 - 369 - 371 - 373 - 377 - 378 - 386 - 388 - 389 - 391 - 393 - 401 - 408 - 414 - 416 - 417 - 426 - 431 - 432 - 441 - 442 - 443 - 446 - 447 - 451 - 460 - 471 - 472 - 477 - 493 - 495 - 496,111721.6,8.2,74488,58722,84.12,Cost: 74488 & Capacity: 58722
2 - 4 - 8 - 10 - 11 - 12 - 13 - 14 - 18 - 19 - 21 - 22 - 25 - 26 - 27 - 28 - 32 - 34 - 35 - 39 - 40 - 42 - 43 - 44 - 45 - 46 - 50 - 54 - 56 - 59 - 60 - 61 - 62 - 63 - 64 - 66 - 68 - 71 - 73 - 74 - 75 - 76 - 79 - 80 - 86 - 88 - 92 - 94 - 102 - 104 - 108 - 111 - 112 - 119 - 120 - 122 - 124 - 125 - 127 - 128 - 129 - 130 - 131 - 133 - 135 - 143 - 145 - 147 - 148 - 150 - 155 - 157 - 158 - 159 - 161 - 163 - 166 - 167 - 169 - 174 - 176 - 177 - 178 - 180 - 181 - 185 - 191 - 195 - 200 - 201 - 202 - 203 - 204 - 205 - 206 - 208 - 210 - 211 - 213 - 214 - 215 - 216 - 221 - 222 - 226 - 228 - 229 - 231 - 232 - 233 - 234 - 238 - 239 - 240 - 242 - 249 - 251 - 253 - 254 - 259 - 261 - 263 - 264 - 269 - 273 - 274 - 276 - 278 - 279 - 280 - 284 - 285 - 288 - 289 - 291 - 292 - 293 - 294 - 295 - 298 - 300 - 301 - 302 - 303 - 304 - 306 - 307 - 310 - 312 - 313 - 314 - 315 - 316 - 319 - 323 - 325 - 326 - 328 - 329 - 330 - 333 - 334 - 337 - 340 - 342 - 343 - 345 - 349 - 354 - 355 - 356 - 358 - 362 - 363 - 365 - 366 - 369 - 373 - 376 - 377 - 381 - 382 - 386 - 387 - 388 - 389 - 390 - 391 - 393 - 398 - 401 - 406 - 410 - 411 - 417 - 422 - 430 - 432 - 433 - 434 - 435 - 438 - 439 - 440 - 441 - 442 - 443 - 447 - 449 - 451 - 452 - 453 - 455 - 457 - 458 - 460 - 462 - 467 - 471 - 474 - 477 - 481 - 488 - 491 - 493 - 495 - 496 - 498,348830.5,6.5,92023,82310,86.24,Cost: 92023 & Capacity: 82310
0 - 2 - 3 - 4 - 8 - 10 - 13 - 17 - 18 - 19 - 20 - 21 - 22 - 24 - 25 - 26 - 27 - 29 - 30 - 31 - 32 - 34 - 36 - 37 - 38 - 39 - 40 - 42 - 43 - 44 - 46 - 49 - 50 - 51 - 54 - 55 - 56 - 58 - 60 - 61 - 62 - 63 - 64 - 66 - 67 - 70 - 71 - 72 - 73 - 74 - 75 - 76 - 79 - 80 - 82 - 83 - 86 - 89 - 92 - 98 - 101 - 102 - 103 - 104 - 108 - 111 - 112 - 113 - 114 - 116 - 118 - 119 - 120 - 121 - 122 - 124 - 125 - 126 - 127 - 128 - 130 - 131 - 132 - 133 - 134 - 135 - 136 - 137 - 139 - 142 - 143 - 144 - 145 - 148 - 150 - 153 - 154 - 155 - 157 - 159 - 163 - 164 - 166 - 167 - 174 - 175 - 176 - 177 - 178 - 179 - 180 - 183 - 184 - 185 - 189 - 193 - 198 - 199 - 202 - 203 - 204 - 205 - 208 - 210 - 211 - 212 - 213 - 214 - 215 - 216 - 218 - 221 - 222 - 223 - 225 - 228 - 229 - 230 - 231 - 232 - 234 - 236 - 237 - 241 - 242 - 243 - 248 - 249 - 253 - 254 - 255 - 257 - 259 - 260 - 261 - 263 - 264 - 265 - 267 - 268 - 269 - 270 - 271 - 273 - 274 - 276 - 278 - 280 - 281 - 284 - 285 - 286 - 287 - 288 - 289 - 290 - 291 - 292 - 294 - 295 - 298 - 299 - 300 - 301 - 302 - 303 - 304 - 305 - 306 - 307 - 308 - 310 - 313 - 315 - 316 - 317 - 319 - 321 - 325 - 328 - 329 - 330 - 334 - 336 - 337 - 338 - 339 - 340 - 341 - 342 - 343 - 344 - 345 - 347 - 349 - 350 - 353 - 355 - 356 - 358 - 359 - 360 - 361 - 362 - 363 - 365 - 367 - 369 - 371 - 373 - 375 - 376 - 377 - 378 - 379 - 381 - 382 - 384 - 386 - 387 - 388 - 389 - 391 - 393 - 397 - 398 - 411 - 417 - 418 - 421 - 422 - 425 - 427 - 429 - 430 - 432 - 433 - 434 - 435 - 438 - 439 - 441 - 442 - 443 - 446 - 447 - 449 - 451 - 452 - 453 - 454 - 455 - 456 - 457 - 458 - 460 - 462 - 467 - 468 - 470 - 473 - 474 - 475 - 477 - 478 - 480 - 481 - 484 - 487 - 488 - 491 - 493 - 494 - 496 - 497 - 498,564795.8,3.1,92058,92707,87.61,Cost: 92058 & Capacity: 92707
2 - 3 - 4 - 8 - 10 - 13 - 17 - 18 - 19 - 20 - 21 - 24 - 25 - 26 - 27 - 29 - 30 - 31 - 32 - 34 - 36 - 37 - 38 - 39 - 40 - 42 - 43 - 44 - 46 - 49 - 50 - 51 - 54 - 55 - 56 - 58 - 60 - 61 - 62 - 63 - 64 - 66 - 67 - 70 - 71 - 72 - 73 - 74 - 75 - 76 - 77 - 79 - 80 - 82 - 83 - 86 - 89 - 92 - 98 - 101 - 102 - 103 - 104 - 108 - 111 - 112 - 113 - 114 - 116 - 118 - 119 - 120 - 121 - 122 - 124 - 125 - 127 - 128 - 130 - 131 - 132 - 133 - 134 - 135 - 136 - 137 - 139 - 142 - 143 - 144 - 145 - 148 - 150 - 153 - 154 - 155 - 157 - 159 - 163 - 164 - 166 - 167 - 169 - 174 - 176 - 177 - 178 - 179 - 180 - 183 - 184 - 185 - 189 - 193 - 196 - 198 - 199 - 202 - 203 - 204 - 205 - 208 - 210 - 211 - 212 - 213 - 214 - 215 - 216 - 218 - 221 - 222 - 223 - 225 - 228 - 229 - 230 - 231 - 232 - 234 - 236 - 237 - 241 - 242 - 243 - 248 - 249 - 253 - 254 - 255 - 257 - 259 - 260 - 261 - 263 - 264 - 265 - 267 - 268 - 269 - 270 - 271 - 273 - 274 - 276 - 278 - 280 - 281 - 284 - 285 - 286 - 287 - 288 - 289 - 290 - 291 - 292 - 294 - 295 - 298 - 299 - 300 - 301 - 302 - 303 - 304 - 305 - 306 - 307 - 308 - 310 - 313 - 315 - 316 - 317 - 319 - 321 - 325 - 328 - 329 - 330 - 334 - 336 - 337 - 338 - 339 - 340 - 341 - 342 - 343 - 344 - 345 - 347 - 349 - 350 - 353 - 355 - 356 - 358 - 359 - 360 - 361 - 362 - 363 - 365 - 367 - 369 - 371 - 373 - 376 - 377 - 378 - 379 - 381 - 382 - 384 - 386 - 387 - 388 - 389 - 391 - 393 - 397 - 398 - 407 - 409 - 411 - 417 - 418 - 421 - 422 - 425 - 427 - 430 - 432 - 433 - 434 - 435 - 438 - 439 - 441 - 442 - 443 - 446 - 447 - 449 - 451 - 452 - 453 - 454 - 455 - 456 - 457 - 458 - 460 - 462 - 467 - 468 - 470 - 473 - 474 - 475 - 477 - 478 - 479 - 480 - 481 - 484 - 487 - 488 - 491 - 493 - 494 - 496 - 497 - 498,564692.0,3.1,92069,92616,87.64,Cost: 92069 & Capacity: 92616
0 - 2 - 3 - 4 - 8 - 10 - 13 - 17 - 18 - 19 - 20 - 21 - 22 - 24 - 25 - 26 - 27 - 29 - 30 - 31 - 32 - 34 - 36 - 37 - 38 - 39 - 40 - 42 - 43 - 44 - 46 - 49 - 50 - 51 - 54 - 55 - 56 - 58 - 60 - 61 - 62 - 63 - 64 - 66 - 67 - 70 - 71 - 72 - 73 - 74 - 75 - 76 - 79 - 80 - 82 - 83 - 86 - 89 - 92 - 98 - 101 - 102 - 103 - 104 - 108 - 111 - 112 - 113 - 114 - 116 - 118 - 119 - 120 - 121 - 122 - 124 - 125 - 126 - 127 - 128 - 130 - 131 - 132 - 133 - 134 - 135 - 136 - 137 - 139 - 142 - 143 - 144 - 145 - 148 - 150 - 153 - 154 - 155 - 157 - 159 - 163 - 164 - 166 - 167 - 174 - 175 - 176 - 177 - 178 - 179 - 180 - 183 - 184 - 185 - 189 - 193 - 198 - 199 - 202 - 203 - 204 - 205 - 208 - 210 - 211 - 212 - 213 - 214 - 215 - 216 - 218 - 221 - 222 - 223 - 225 - 228 - 229 - 230 - 231 - 232 - 234 - 236 - 237 - 241 - 242 - 243 - 248 - 249 - 253 - 254 - 255 - 257 - 259 - 260 - 261 - 263 - 264 - 265 - 267 - 268 - 269 - 270 - 271 - 273 - 274 - 276 - 278 - 280 - 281 - 284 - 285 - 286 - 287 - 288 - 289 - 290 - 291 - 292 - 294 - 295 - 298 - 299 - 300 - 301 - 302 - 303 - 304 - 305 - 306 - 307 - 308 - 310 - 313 - 315 - 316 - 317 - 319 - 321 - 325 - 328 - 329 - 330 - 334 - 336 - 337 - 338 - 339 - 340 - 341 - 342 - 343 - 344 - 345 - 347 - 349 - 350 - 353 - 355 - 356 - 358 - 359 - 360 - 361 - 362 - 363 - 365 - 367 - 369 - 371 - 373 - 375 - 376 - 377 - 378 - 379 - 381 - 382 - 384 - 386 - 387 - 388 - 389 - 391 - 393 - 397 - 398 - 411 - 417 - 418 - 421 - 422 - 425 - 427 - 429 - 430 - 432 - 433 - 434 - 435 - 438 - 439 - 441 - 442 - 443 - 446 - 447 - 449 - 451 - 452 - 453 - 454 - 455 - 456 - 457 - 458 - 460 - 462 - 467 - 468 - 470 - 473 - 474 - 475 - 477 - 478 - 480 - 481 - 484 - 487 - 488 - 491 - 493 - 494 - 496 - 497 - 498,564795.8,3.1,92058,92707,89.65,Cost: 92058 & Capacity: 92707
2 - 3 - 4 - 8 - 10 - 12 - 13 - 17 - 18 - 19 - 20 - 21 - 25 - 26 - 27 - 28 - 29 - 31 - 32 - 34 - 35 - 36 - 37 - 39 - 40 - 42 - 43 - 44 - 45 - 46 - 49 - 50 - 51 - 54 - 55 - 56 - 58 - 60 - 61 - 62 - 64 - 66 - 67 - 68 - 69 - 70 - 71 - 72 - 73 - 74 - 75 - 76 - 77 - 79 - 80 - 82 - 83 - 86 - 87 - 89 - 92 - 98 - 101 - 102 - 103 - 104 - 108 - 111 - 112 - 113 - 114 - 116 - 117 - 119 - 122 - 124 - 125 - 126 - 127 - 130 - 131 - 133 - 135 - 137 - 139 - 142 - 143 - 145 - 148 - 150 - 153 - 154 - 157 - 159 - 166 - 167 - 169 - 174 - 176 - 177 - 178 - 179 - 180 - 181 - 184 - 185 - 193 - 196 - 197 - 201 - 202 - 203 - 204 - 205 - 208 - 210 - 211 - 212 - 213 - 214 - 215 - 216 - 221 - 222 - 223 - 225 - 226 - 228 - 229 - 230 - 231 - 232 - 234 - 237 - 239 - 241 - 242 - 248 - 249 - 253 - 254 - 255 - 257 - 259 - 260 - 261 - 263 - 264 - 266 - 267 - 269 - 271 - 273 - 274 - 276 - 278 - 279 - 280 - 281 - 284 - 285 - 287 - 288 - 289 - 290 - 291 - 292 - 293 - 294 - 295 - 298 - 301 - 303 - 304 - 305 - 306 - 307 - 310 - 315 - 316 - 317 - 319 - 325 - 327 - 328 - 329 - 330 - 333 - 334 - 337 - 340 - 342 - 343 - 345 - 347 - 349 - 350 - 353 - 355 - 356 - 358 - 359 - 362 - 363 - 365 - 367 - 369 - 371 - 373 - 374 - 376 - 377 - 378 - 379 - 381 - 382 - 386 - 387 - 388 - 389 - 391 - 392 - 393 - 397 - 398 - 402 - 406 - 407 - 409 - 411 - 417 - 418 - 421 - 422 - 423 - 430 - 432 - 433 - 434 - 438 - 439 - 441 - 442 - 443 - 446 - 447 - 449 - 451 - 452 - 453 - 455 - 457 - 458 - 460 - 462 - 467 - 470 - 473 - 474 - 477 - 478 - 479 - 481 - 484 - 488 - 491 - 492 - 493 - 494 - 496 - 497 - 498,481686.2,5.5,92069,88759,89.89,Cost: 92069 & Capacity: 88759
2 - 3 - 4 - 8 - 10 - 13 - 17 - 18 - 19 - 20 - 21 - 22 - 24 - 25 - 26 - 27 - 29 - 30 - 31 - 32 - 34 - 36 - 37 - 38 - 39 - 40 - 42 - 43 - 44 - 46 - 49 - 50 - 51 - 54 - 55 - 56 - 58 - 60 - 61 - 62 - 63 - 64 - 66 - 67 - 70 - 71 - 72 - 73 - 74 - 75 - 76 - 79 - 80 - 82 - 83 - 86 - 89 - 92 - 98 - 101 - 102 - 103 - 104 - 108 - 111 - 112 - 113 - 114 - 116 - 118 - 119 - 120 - 121 - 122 - 124 - 125 - 127 - 128 - 130 - 131 - 132 - 133 - 134 - 135 - 136 - 137 - 139 - 142 - 143 - 144 - 145 - 148 - 150 - 153 - 154 - 155 - 157 - 159 - 163 - 164 - 166 - 167 - 174 - 176 - 177 - 178 - 179 - 180 - 183 - 184 - 185 - 189 - 193 - 198 - 199 - 201 - 202 - 203 - 204 - 205 - 208 - 210 - 211 - 212 - 213 - 214 - 215 - 216 - 218 - 221 - 222 - 223 - 225 - 228 - 229 - 230 - 231 - 232 - 234 - 236 - 237 - 241 - 242 - 243 - 248 - 249 - 253 - 254 - 255 - 257 - 259 - 260 - 261 - 263 - 264 - 265 - 267 - 268 - 269 - 270 - 271 - 273 - 274 - 276 - 278 - 280 - 281 - 284 - 285 - 286 - 287 - 288 - 289 - 290 - 291 - 292 - 293 - 294 - 295 - 298 - 299 - 300 - 301 - 302 - 303 - 304 - 305 - 306 - 307 - 308 - 310 - 313 - 315 - 316 - 317 - 319 - 321 - 325 - 328 - 329 - 330 - 334 - 336 - 337 - 338 - 339 - 340 - 341 - 342 - 343 - 344 - 345 - 347 - 349 - 350 - 353 - 355 - 356 - 358 - 359 - 360 - 361 - 362 - 363 - 365 - 367 - 369 - 371 - 373 - 375 - 376 - 377 - 378 - 379 - 381 - 382 - 384 - 386 - 387 - 388 - 389 - 391 - 393 - 397 - 398 - 407 - 411 - 417 - 418 - 421 - 422 - 425 - 427 - 429 - 430 - 432 - 433 - 434 - 435 - 438 - 439 - 441 - 442 - 443 - 446 - 447 - 449 - 451 - 452 - 453 - 454 - 455 - 456 - 457 - 458 - 460 - 462 - 467 - 468 - 470 - 473 - 474 - 475 - 477 - 478 - 480 - 481 - 484 - 487 - 488 - 491 - 493 - 494 - 496 - 497 - 498,565096.8,3.1,92069,92597,94.18,Cost: 92069 & Capacity: 92597
10 - 11 - 12 - 14 - 19 - 21 - 22 - 26 - 35 - 37 - 38 - 40 - 41 - 43 - 45 - 59 - 71 - 73 - 76 - 81 - 88 - 90 - 94 - 102 - 104 - 108 - 114 - 115 - 116 - 119 - 128 - 129 - 130 - 136 - 146 - 147 - 148 - 153 - 159 - 162 - 166 - 167 - 174 - 176 - 181 - 183 - 185 - 186 - 195 - 197 - 207 - 209 - 214 - 218 - 219 - 221 - 231 - 239 - 242 - 251 - 253 - 254 - 259 - 261 - 263 - 267 - 273 - 276 - 277 - 278 - 279 - 283 - 289 - 293 - 295 - 304 - 310 - 312 - 315 - 323 - 328 - 333 - 343 - 358 - 365 - 367 - 368 - 371 - 377 - 386 - 388 - 389 - 391 - 393 - 401 - 414 - 416 - 422 - 431 - 435 - 440 - 441 - 443 - 446 - 447 - 451 - 452 - 455 - 460 - 466 - 471 - 493 - 495,90660.8,8.4,66252,53565,94.22,Cost: 66252 & Capacity: 53565
2 - 3 - 4 - 8 - 10 - 12 - 13 - 17 - 18 - 19 - 20 - 21 - 25 - 26 - 27 - 28 - 29 - 30 - 31 - 32 - 33 - 34 - 35 - 36 - 37 - 39 - 40 - 42 - 43 - 44 - 45 - 46 - 49 - 51 - 54 - 56 - 58 - 60 - 61 - 64 - 66 - 67 - 68 - 70 - 71 - 72 - 73 - 74 - 75 - 76 - 77 - 79 - 80 - 82 - 83 - 86 - 87 - 89 - 92 - 101 - 102 - 104 - 108 - 111 - 112 - 113 - 114 - 116 - 117 - 119 - 122 - 124 - 125 - 126 - 127 - 129 - 130 - 131 - 133 - 135 - 137 - 139 - 143 - 145 - 148 - 150 - 152 - 153 - 154 - 157 - 159 - 163 - 166 - 167 - 169 - 174 - 176 - 177 - 178 - 179 - 180 - 181 - 183 - 184 - 185 - 193 - 200 - 201 - 202 - 203 - 204 - 205 - 208 - 210 - 211 - 213 - 214 - 215 - 216 - 218 - 221 - 222 - 223 - 225 - 226 - 228 - 229 - 231 - 232 - 234 - 239 - 241 - 244 - 248 - 249 - 253 - 254 - 255 - 257 - 259 - 260 - 261 - 263 - 264 - 266 - 267 - 269 - 270 - 271 - 273 - 274 - 276 - 278 - 279 - 280 - 281 - 284 - 287 - 288 - 289 - 291 - 292 - 293 - 294 - 295 - 298 - 301 - 303 - 304 - 305 - 306 - 307 - 310 - 315 - 316 - 317 - 319 - 323 - 325 - 327 - 328 - 329 - 330 - 333 - 334 - 337 - 340 - 342 - 343 - 344 - 345 - 349 - 350 - 353 - 355 - 356 - 358 - 359 - 362 - 365 - 367 - 369 - 371 - 373 - 374 - 376 - 377 - 378 - 379 - 381 - 382 - 386 - 387 - 388 - 389 - 391 - 392 - 393 - 397 - 406 - 407 - 409 - 411 - 414 - 417 - 418 - 421 - 422 - 423 - 425 - 430 - 432 - 433 - 434 - 435 - 438 - 439 - 441 - 443 - 446 - 447 - 449 - 451 - 452 - 453 - 455 - 456 - 457 - 458 - 460 - 462 - 463 - 467 - 470 - 473 - 474 - 477 - 479 - 481 - 484 - 488 - 491 - 493 - 496 - 497 - 498,463804.2,5.7,92056,87418,95.25,Cost: 92056 & Capacity: 87418
2 - 4 - 5 - 8 - 10 - 11 - 12 - 13 - 14 - 18 - 19 - 20 - 25 - 26 - 27 - 28 - 32 - 34 - 35 - 39 - 40 - 42 - 43 - 44 - 45 - 46 - 50 - 51 - 54 - 56 - 59 - 61 - 62 - 63 - 66 - 73 - 74 - 75 - 76 - 79 - 80 - 83 - 86 - 88 - 92 - 94 - 95 - 101 - 102 - 104 - 108 - 111 - 112 - 113 - 114 - 119 - 122 - 125 - 126 - 127 - 129 - 130 - 132 - 133 - 137 - 138 - 143 - 145 - 147 - 148 - 150 - 157 - 158 - 161 - 166 - 167 - 169 - 170 - 174 - 176 - 177 - 178 - 179 - 181 - 183 - 185 - 191 - 195 - 197 - 200 - 201 - 203 - 205 - 206 - 208 - 210 - 213 - 214 - 216 - 218 - 219 - 221 - 222 - 225 - 226 - 228 - 229 - 232 - 234 - 237 - 244 - 246 - 248 - 249 - 251 - 253 - 254 - 259 - 260 - 261 - 263 - 264 - 268 - 269 - 271 - 273 - 276 - 279 - 287 - 291 - 293 - 294 - 295 - 298 - 301 - 302 - 303 - 304 - 305 - 307 - 310 - 312 - 313 - 314 - 315 - 316 - 317 - 319 - 321 - 325 - 327 - 328 - 329 - 330 - 333 - 334 - 337 - 340 - 342 - 343 - 345 - 347 - 349 - 353 - 355 - 356 - 357 - 358 - 362 - 365 - 371 - 373 - 376 - 379 - 381 - 382 - 386 - 387 - 388 - 389 - 390 - 393 - 394 - 398 - 399 - 401 - 406 - 411 - 417 - 430 - 431 - 432 - 433 - 434 - 438 - 439 - 440 - 441 - 442 - 443 - 447 - 449 - 451 - 452 - 456 - 457 - 458 - 460 - 462 - 467 - 468 - 471 - 477 - 487 - 488 - 491 - 493 - 495 - 496 - 497 - 498,328869.6,6.6,92037,78116,98.55,Cost: 92037 & Capacity: 78116
0 - 2 - 3 - 4 - 8 - 10 - 13 - 17 - 18 - 19 - 20 - 21 - 22 - 24 - 25 - 26 - 27 - 29 - 30 - 31 - 32 - 34 - 36 - 37 - 38 - 39 - 40 - 42 - 43 - 44 - 46 - 49 - 50 - 51 - 54 - 55 - 56 - 58 - 60 - 61 - 62 - 63 - 64 - 66 - 67 - 70 - 71 - 72 - 73 - 74 - 75 - 76 - 79 - 80 - 82 - 83 - 86 - 89 - 92 - 98 - 101 - 102 - 103 - 104 - 108 - 111 - 112 - 113 - 114 - 116 - 118 - 119 - 120 - 121 - 122 - 124 - 125 - 126 - 127 - 128 - 130 - 131 - 132 - 133 - 134 - 135 - 136 - 137 - 139 - 142 - 143 - 144 - 145 - 148 - 150 - 153 - 154 - 155 - 157 - 159 - 163 - 164 - 166 - 167 - 174 - 175 - 176 - 177 - 178 - 179 - 180 - 183 - 184 - 185 - 189 - 193 - 198 - 199 - 201 - 202 - 203 - 204 - 205 - 208 - 210 - 211 - 212 - 213 - 214 - 215 - 216 - 218 - 221 - 222 - 223 - 225 - 228 - 229 - 230 - 231 - 232 - 234 - 236 - 237 - 241 - 242 - 243 - 248 - 249 - 253 - 254 - 255 - 257 - 259 - 260 - 261 - 263 - 264 - 265 - 267 - 268 - 269 - 270 - 271 - 273 - 274 - 276 - 278 - 280 - 281 - 284 - 285 - 286 - 287 - 288 - 289 - 290 - 291 - 292 - 294 - 295 - 298 - 299 - 301 - 302 - 303 - 304 - 305 - 306 - 307 - 308 - 310 - 315 - 316 - 317 - 319 - 321 - 325 - 328 - 329 - 330 - 334 - 337 - 338 - 339 - 340 - 341 - 342 - 343 - 344 - 345 - 347 - 349 - 350 - 353 - 355 - 356 - 358 - 359 - 360 - 361 - 362 - 363 - 365 - 367 - 369 - 371 - 373 - 375 - 376 - 377 - 378 - 379 - 381 - 382 - 384 - 386 - 387 - 388 - 389 - 391 - 393 - 397 - 398 - 409 - 411 - 417 - 418 - 421 - 422 - 425 - 427 - 429 - 430 - 432 - 433 - 434 - 435 - 438 - 439 - 441 - 442 - 443 - 446 - 447 - 449 - 451 - 452 - 453 - 455 - 456 - 457 - 458 - 460 - 462 - 467 - 468 - 470 - 473 - 474 - 475 - 477 - 478 - 480 - 481 - 484 - 487 - 488 - 491 - 493 - 494 - 496 - 497 - 498,557783.6,4.0,92062,92712,103.37,Cost: 92062 & Capacity: 92712
2 - 3 - 4 - 8 - 10 - 12 - 14 - 19 - 22 - 26 - 28 - 30 - 32 - 34 - 35 - 37 - 39 - 40 - 41 - 42 - 43 - 45 - 46 - 52 - 56 - 58 - 59 - 61 - 63 - 66 - 71 - 73 - 75 - 76 - 81 - 86 - 87 - 88 - 94 - 100 - 104 - 107 - 108 - 111 - 115 - 119 - 125 - 127 - 128 - 129 - 130 - 134 - 136 - 147 - 148 - 150 - 153 - 154 - 157 - 158 - 159 - 162 - 166 - 167 - 169 - 170 - 173 - 174 - 175 - 181 - 185 - 191 - 197 - 199 - 203 - 206 - 208 - 214 - 216 - 219 - 221 - 222 - 226 - 231 - 232 - 234 - 239 - 246 - 251 - 254 - 259 - 261 - 263 - 264 - 269 - 271 - 273 - 276 - 279 - 280 - 281 - 283 - 284 - 285 - 291 - 294 - 295 - 298 - 299 - 301 - 302 - 303 - 304 - 310 - 312 - 315 - 316 - 317 - 319 - 325 - 326 - 328 - 329 - 332 - 333 - 334 - 337 - 339 - 342 - 343 - 350 - 355 - 356 - 357 - 358 - 362 - 363 - 365 - 366 - 371 - 373 - 376 - 378 - 381 - 382 - 386 - 389 - 393 - 401 - 408 - 414 - 416 - 417 - 422 - 426 - 430 - 431 - 432 - 435 - 441 - 443 - 446 - 447 - 448 - 451 - 453 - 456 - 457 - 460 - 462 - 465 - 469 - 470 - 471 - 477 - 480 - 487 - 493 - 494 - 495 - 496 - 497,230548.1,7.3,92067,73555,103.77,Cost: 92067 & Capacity: 73555
3 - 10 - 12 - 14 - 16 - 18 - 19 - 22 - 26 - 28 - 32 - 38 - 40 - 41 - 42 - 43 - 45 - 56 - 58 - 59 - 63 - 73 - 76 - 81 - 86 - 87 - 88 - 91 - 94 - 103 - 104 - 107 - 114 - 115 - 119 - 125 - 127 - 128 - 129 - 130 - 136 - 146 - 148 - 153 - 154 - 158 - 159 - 162 - 166 - 167 - 169 - 173 - 174 - 177 - 181 - 185 - 191 - 195 - 199 - 206 - 207 - 214 - 219 - 221 - 226 - 231 - 232 - 234 - 239 - 244 - 246 - 251 - 254 - 256 - 259 - 264 - 267 - 272 - 273 - 275 - 276 - 279 - 280 - 281 - 284 - 285 - 294 - 295 - 298 - 301 - 303 - 304 - 309 - 310 - 312 - 315 - 316 - 319 - 326 - 328 - 333 - 337 - 339 - 343 - 353 - 355 - 357 - 358 - 363 - 365 - 366 - 371 - 373 - 382 - 384 - 386 - 388 - 389 - 391 - 393 - 401 - 408 - 414 - 416 - 417 - 422 - 426 - 431 - 432 - 441 - 442 - 443 - 446 - 447 - 451 - 453 - 457 - 458 - 460 - 462 - 465 - 470 - 471 - 474 - 477 - 493 - 494 - 495 - 496,156858.9,7.8,84306,65511,103.8,Cost: 84306 & Capacity: 65511
0 - 2 - 3 - 4 - 8 - 10 - 13 - 17 - 18 - 19 - 20 - 21 - 22 - 24 - 25 - 26 - 27 - 29 - 30 - 31 - 32 - 34 - 36 - 37 - 38 - 39 - 40 - 42 - 43 - 44 - 46 - 49 - 50 - 51 - 54 - 55 - 56 - 58 - 60 - 61 - 62 - 63 - 64 - 66 - 67 - 70 - 71 - 72 - 73 - 74 - 75 - 76 - 79 - 80 - 82 - 83 - 86 - 89 - 92 - 98 - 101 - 102 - 103 - 104 - 108 - 111 - 112 - 113 - 114 - 116 - 118 - 119 - 120 - 121 - 122 - 124 - 125 - 126 - 127 - 128 - 130 - 131 - 132 - 133 - 134 - 135 - 136 - 137 - 139 - 142 - 143 - 144 - 145 - 148 - 150 - 153 - 154 - 155 - 157 - 159 - 163 - 164 - 166 - 167 - 174 - 175 - 176 - 177 - 178 - 179 - 180 - 183 - 184 - 185 - 189 - 193 - 198 - 199 - 202 - 203 - 204 - 205 - 208 - 210 - 211 - 212 - 213 - 214 - 215 - 216 - 218 - 221 - 222 - 223 - 225 - 228 - 229 - 230 - 231 - 232 - 234 - 236 - 237 - 241 - 242 - 243 - 248 - 249 - 253 - 254 - 255 - 257 - 259 - 260 - 261 - 263 - 264 - 265 - 267 - 268 - 269 - 270 - 271 - 273 - 274 - 276 - 278 - 280 - 281 - 284 - 285 - 286 - 287 - 288 - 289 - 290 - 291 - 292 - 294 - 295 - 298 - 299 - 300 - 301 - 302 - 303 - 304 - 305 - 306 - 307 - 308 - 310 - 313 - 315 - 316 - 317 - 319 - 321 - 325 - 328 - 329 - 330 - 334 - 336 - 337 - 338 - 339 - 340 - 341 - 342 - 343 - 344 - 345 - 347 - 349 - 350 - 353 - 355 - 356 - 358 - 359 - 360 - 361 - 362 - 363 - 365 - 367 - 369 - 371 - 373 - 375 - 376 - 377 - 378 - 379 - 381 - 382 - 384 - 386 - 387 - 388 - 389 - 391 - 393 - 397 - 398 - 411 - 417 - 418 - 421 - 422 - 425 - 427 - 429 - 430 - 432 - 433 - 434 - 435 - 438 - 439 - 441 - 442 - 443 - 446 - 447 - 449 - 451 - 452 - 453 - 454 - 455 - 456 - 457 - 458 - 460 - 462 - 467 - 468 - 470 - 473 - 474 - 475 - 477 - 478 - 480 - 481 - 484 - 487 - 488 - 491 - 493 - 494 - 496 - 497 - 498,564795.8,3.1,92058,92707,104.29,Cost: 92058 & Capacity: 92707
0 - 2 - 3 - 4 - 8 - 10 - 13 - 17 - 18 - 19 - 20 - 21 - 22 - 24 - 25 - 26 - 27 - 29 - 30 - 31 - 32 - 34 - 36 - 37 - 38 - 39 - 40 - 42 - 43 - 44 - 46 - 49 - 50 - 51 - 54 - 55 - 56 - 58 - 60 - 61 - 62 - 63 - 64 - 66 - 67 - 70 - 71 - 72 - 73 - 74 - 75 - 76 - 79 - 80 - 82 - 83 - 86 - 89 - 92 - 98 - 101 - 102 - 103 - 104 - 108 - 111 - 112 - 113 - 114 - 116 - 118 - 119 - 120 - 121 - 122 - 124 - 125 - 126 - 127 - 128 - 130 - 131 - 132 - 133 - 134 - 135 - 136 - 137 - 139 - 142 - 143 - 144 - 145 - 148 - 150 - 153 - 154 - 155 - 157 - 159 - 163 - 164 - 166 - 167 - 174 - 175 - 176 - 177 - 178 - 179 - 180 - 183 - 184 - 185 - 189 - 193 - 198 - 199 - 202 - 203 - 204 - 205 - 208 - 210 - 211 - 212 - 213 - 214 - 215 - 216 - 218 - 221 - 222 - 223 - 225 - 228 - 229 - 230 - 231 - 232 - 234 - 236 - 237 - 241 - 242 - 243 - 248 - 249 - 253 - 254 - 255 - 257 - 259 - 260 - 261 - 263 - 264 - 265 - 267 - 268 - 269 - 270 - 271 - 273 - 274 - 276 - 278 - 280 - 281 - 284 - 285 - 286 - 287 - 288 - 289 - 290 - 291 - 292 - 294 - 295 - 298 - 299 - 300 - 301 - 302 - 303 - 304 - 305 - 306 - 307 - 308 - 310 - 313 - 315 - 316 - 317 - 319 - 321 - 325 - 328 - 329 - 330 - 334 - 336 - 337 - 338 - 339 - 340 - 341 - 342 - 343 - 344 - 345 - 347 - 349 - 350 - 353 - 355 - 356 - 358 - 359 - 360 - 361 - 362 - 363 - 365 - 367 - 369 - 371 - 373 - 375 - 376 - 377 - 378 - 379 - 381 - 382 - 384 - 386 - 387 - 388 - 389 - 391 - 393 - 397 - 398 - 411 - 417 - 418 - 421 - 422 - 425 - 427 - 429 - 430 - 432 - 433 - 434 - 435 - 438 - 439 - 441 - 442 - 443 - 446 - 447 - 449 - 451 - 452 - 453 - 454 - 455 - 456 - 457 - 458 - 460 - 462 - 467 - 468 - 470 - 473 - 474 - 475 - 477 - 478 - 480 - 481 - 484 - 487 - 488 - 491 - 493 - 494 - 496 - 497 - 498,564795.8,3.1,92058,92707,106.08,Cost: 92058 & Capacity: 92707
0 - 2 - 3 - 4 - 8 - 10 - 13 - 17 - 18 - 19 - 20 - 21 - 22 - 24 - 25 - 26 - 27 - 29 - 30 - 31 - 32 - 34 - 36 - 37 - 38 - 39 - 40 - 42 - 43 - 44 - 46 - 49 - 50 - 51 - 54 - 55 - 56 - 58 - 60 - 61 - 62 - 63 - 64 - 66 - 67 - 70 - 71 - 72 - 73 - 74 - 75 - 76 - 79 - 80 - 82 - 83 - 86 - 89 - 92 - 98 - 101 - 102 - 103 - 104 - 108 - 111 - 112 - 113 - 114 - 116 - 118 - 119 - 120 - 121 - 122 - 124 - 125 - 126 - 127 - 128 - 130 - 131 - 132 - 133 - 134 - 135 - 136 - 137 - 139 - 142 - 143 - 144 - 145 - 148 - 150 - 153 - 154 - 155 - 157 - 159 - 163 - 164 - 166 - 167 - 174 - 175 - 176 - 177 - 178 - 179 - 180 - 183 - 184 - 185 - 189 - 193 - 198 - 199 - 202 - 203 - 204 - 205 - 208 - 210 - 211 - 212 - 213 - 214 - 215 - 216 - 218 - 221 - 222 - 223 - 225 - 228 - 229 - 230 - 231 - 232 - 234 - 236 - 237 - 241 - 242 - 243 - 248 - 249 - 253 - 254 - 255 - 257 - 259 - 260 - 261 - 263 - 264 - 265 - 267 - 268 - 269 - 270 - 271 - 273 - 274 - 276 - 278 - 280 - 281 - 284 - 285 - 286 - 287 - 288 - 289 - 290 - 291 - 292 - 294 - 295 - 298 - 299 - 300 - 301 - 302 - 303 - 304 - 305 - 306 - 307 - 308 - 310 - 313 - 315 - 316 - 317 - 319 - 321 - 325 - 328 - 329 - 330 - 334 - 336 - 337 - 338 - 339 - 340 - 341 - 342 - 343 - 344 - 345 - 347 - 349 - 350 - 353 - 355 - 356 - 358 - 359 - 360 - 361 - 362 - 363 - 365 - 367 - 369 - 371 - 373 - 375 - 376 - 377 - 378 - 379 - 381 - 382 - 384 - 386 - 387 - 388 - 389 - 391 - 393 - 397 - 398 - 411 - 417 - 418 - 421 - 422 - 425 - 427 - 429 - 430 - 432 - 433 - 434 - 435 - 438 - 439 - 441 - 442 - 443 - 446 - 447 - 449 - 451 - 452 - 453 - 454 - 455 - 456 - 457 - 458 - 460 - 462 - 467 - 468 - 470 - 473 - 474 - 475 - 477 - 478 - 480 - 481 - 484 - 487 - 488 - 491 - 493 - 494 - 496 - 497 - 498,564795.8,3.1,92058,92707,109.75,Cost: 92058 & Capacity: 92707
2 - 3 - 4 - 8 - 10 - 13 - 17 - 18 - 19 - 20 - 21 - 22 - 24 - 25 - 26 - 27 - 29 - 30 - 31 - 32 - 34 - 36 - 37 - 38 - 39 - 40 - 42 - 43 - 44 - 46 - 49 - 50 - 51 - 54 - 55 - 56 - 58 - 60 - 61 - 62 - 63 - 64 - 66 - 67 - 70 - 71 - 72 - 73 - 74 - 75 - 76 - 79 - 80 - 82 - 83 - 86 - 89 - 92 - 98 - 101 - 102 - 103 - 104 - 108 - 111 - 112 - 113 - 114 - 116 - 118 - 119 - 120 - 121 - 122 - 124 - 125 - 126 - 127 - 128 - 130 - 131 - 132 - 133 - 134 - 135 - 136 - 137 - 139 - 142 - 143 - 144 - 145 - 148 - 150 - 153 - 154 - 155 - 157 - 159 - 163 - 164 - 166 - 167 - 174 - 176 - 177 - 178 - 179 - 180 - 183 - 184 - 185 - 189 - 193 - 198 - 199 - 201 - 202 - 203 - 204 - 205 - 208 - 210 - 211 - 212 - 213 - 214 - 215 - 216 - 218 - 221 - 222 - 223 - 225 - 228 - 229 - 230 - 231 - 232 - 234 - 236 - 237 - 241 - 242 - 243 - 248 - 249 - 253 - 254 - 255 - 257 - 259 - 260 - 261 - 263 - 264 - 265 - 267 - 268 - 269 - 270 - 271 - 273 - 274 - 276 - 278 - 280 - 281 - 284 - 285 - 286 - 287 - 288 - 289 - 290 - 291 - 292 - 294 - 295 - 298 - 299 - 300 - 301 - 302 - 303 - 304 - 305 - 306 - 307 - 308 - 310 - 313 - 315 - 316 - 317 - 319 - 321 - 325 - 328 - 329 - 330 - 334 - 337 - 338 - 339 - 340 - 341 - 342 - 343 - 344 - 345 - 347 - 349 - 350 - 353 - 355 - 356 - 358 - 359 - 360 - 361 - 362 - 363 - 365 - 367 - 369 - 371 - 373 - 375 - 376 - 377 - 378 - 379 - 381 - 382 - 384 - 386 - 387 - 388 - 389 - 391 - 393 - 397 - 398 - 409 - 411 - 417 - 418 - 421 - 422 - 425 - 427 - 429 - 430 - 432 - 433 - 434 - 435 - 438 - 439 - 441 - 442 - 443 - 446 - 447 - 449 - 451 - 452 - 453 - 454 - 455 - 456 - 457 - 458 - 460 - 462 - 467 - 468 - 470 - 473 - 474 - 475 - 477 - 478 - 480 - 481 - 484 - 487 - 488 - 491 - 493 - 494 - 496 - 497 - 498,561286.5,3.4,92057,92735,110.25,Cost: 92057 & Capacity: 92735
0 - 2 - 3 - 4 - 8 - 10 - 13 - 17 - 18 - 19 - 20 - 21 - 22 - 24 - 25 - 26 - 27 - 29 - 30 - 31 - 32 - 34 - 36 - 37 - 38 - 39 - 40 - 42 - 43 - 44 - 46 - 49 - 50 - 51 - 54 - 55 - 56 - 58 - 60 - 61 - 62 - 63 - 64 - 66 - 67 - 70 - 71 - 72 - 73 - 74 - 75 - 76 - 79 - 80 - 82 - 83 - 86 - 89 - 92 - 98 - 101 - 102 - 103 - 104 - 108 - 111 - 112 - 113 - 114 - 116 - 118 - 119 - 120 - 121 - 122 - 124 - 125 - 126 - 127 - 128 - 130 - 131 - 132 - 133 - 134 - 135 - 136 - 137 - 139 - 142 - 143 - 144 - 145 - 148 - 150 - 153 - 154 - 155 - 157 - 159 - 163 - 164 - 166 - 167 - 174 - 175 - 176 - 177 - 178 - 179 - 180 - 183 - 184 - 185 - 189 - 193 - 198 - 199 - 202 - 203 - 204 - 205 - 208 - 210 - 211 - 212 - 213 - 214 - 215 - 216 - 218 - 221 - 222 - 223 - 225 - 228 - 229 - 230 - 231 - 232 - 234 - 236 - 237 - 241 - 242 - 243 - 248 - 249 - 253 - 254 - 255 - 257 - 259 - 260 - 261 - 263 - 264 - 265 - 267 - 268 - 269 - 270 - 271 - 273 - 274 - 276 - 278 - 280 - 281 - 284 - 285 - 286 - 287 - 288 - 289 - 290 - 291 - 292 - 294 - 295 - 298 - 299 - 300 - 301 - 302 - 303 - 304 - 305 - 306 - 307 - 308 - 310 - 313 - 315 - 316 - 317 - 319 - 321 - 325 - 328 - 329 - 330 - 334 - 336 - 337 - 338 - 339 - 340 - 341 - 342 - 343 - 344 - 345 - 347 - 349 - 350 - 353 - 355 - 356 - 358 - 359 - 360 - 361 - 362 - 363 - 365 - 367 - 369 - 371 - 373 - 375 - 376 - 377 - 378 - 379 - 381 - 382 - 384 - 386 - 387 - 388 - 389 - 391 - 393 - 397 - 398 - 411 - 417 - 418 - 421 - 422 - 425 - 427 - 429 - 430 - 432 - 433 - 434 - 435 - 438 - 439 - 441 - 442 - 443 - 446 - 447 - 449 - 451 - 452 - 453 - 454 - 455 - 456 - 457 - 458 - 460 - 462 - 467 - 468 - 470 - 473 - 474 - 475 - 477 - 478 - 480 - 481 - 484 - 487 - 488 - 491 - 493 - 494 - 496 - 497 - 498,564795.8,3.1,92058,92707,110.53,Cost: 92058 & Capacity: 92707
2 - 3 - 4 - 8 - 10 - 12 - 13 - 17 - 18 - 19 - 20 - 21 - 25 - 26 - 27 - 28 - 29 - 31 - 32 - 34 - 35 - 36 - 37 - 39 - 40 - 42 - 43 - 44 - 45 - 46 - 49 - 50 - 51 - 54 - 56 - 58 - 60 - 61 - 62 - 64 - 66 - 67 - 70 - 71 - 72 - 73 - 74 - 75 - 76 - 77 - 79 - 80 - 82 - 83 - 86 - 89 - 92 - 98 - 101 - 102 - 103 - 104 - 108 - 111 - 112 - 113 - 114 - 116 - 117 - 119 - 122 - 124 - 125 - 126 - 127 - 128 - 130 - 131 - 133 - 135 - 137 - 139 - 142 - 143 - 145 - 148 - 150 - 152 - 153 - 154 - 157 - 159 - 163 - 164 - 166 - 167 - 169 - 174 - 176 - 177 - 178 - 179 - 180 - 181 - 183 - 184 - 185 - 193 - 196 - 197 - 201 - 202 - 203 - 204 - 205 - 208 - 210 - 211 - 212 - 213 - 214 - 215 - 216 - 218 - 221 - 222 - 223 - 225 - 226 - 228 - 229 - 230 - 231 - 232 - 234 - 237 - 239 - 241 - 242 - 248 - 249 - 253 - 254 - 255 - 257 - 259 - 260 - 261 - 263 - 264 - 265 - 266 - 267 - 269 - 271 - 273 - 274 - 276 - 278 - 280 - 281 - 284 - 285 - 287 - 288 - 289 - 290 - 291 - 292 - 293 - 294 - 295 - 298 - 301 - 303 - 304 - 305 - 306 - 307 - 310 - 315 - 316 - 317 - 319 - 323 - 325 - 327 - 328 - 329 - 330 - 333 - 334 - 337 - 340 - 342 - 343 - 344 - 345 - 346 - 347 - 349 - 350 - 353 - 355 - 356 - 358 - 359 - 362 - 363 - 365 - 367 - 369 - 371 - 373 - 374 - 376 - 377 - 378 - 379 - 381 - 382 - 386 - 387 - 388 - 389 - 391 - 392 - 393 - 397 - 398 - 399 - 406 - 407 - 409 - 411 - 417 - 418 - 421 - 422 - 430 - 432 - 433 - 434 - 438 - 439 - 441 - 442 - 443 - 446 - 447 - 449 - 451 - 452 - 453 - 455 - 457 - 458 - 460 - 462 - 467 - 470 - 473 - 474 - 477 - 478 - 479 - 481 - 484 - 488 - 491 - 492 - 493 - 496 - 497 - 498,493119.3,5.4,92060,88484,114.56,Cost: 92060 & Capacity: 88484
0 - 2 - 3 - 4 - 8 - 10 - 13 - 17 - 18 - 19 - 20 - 21 - 22 - 24 - 25 - 26 - 27 - 29 - 30 - 31 - 32 - 34 - 36 - 37 - 38 - 39 - 40 - 42 - 43 - 44 - 46 - 49 - 50 - 51 - 54 - 55 - 56 - 58 - 60 - 61 - 62 - 63 - 64 - 66 - 67 - 70 - 71 - 72 - 73 - 74 - 75 - 76 - 79 - 80 - 82 - 83 - 86 - 89 - 92 - 98 - 101 - 102 - 103 - 104 - 108 - 111 - 112 - 113 - 114 - 116 - 118 - 119 - 120 - 121 - 122 - 124 - 125 - 126 - 127 - 128 - 130 - 131 - 132 - 133 - 134 - 135 - 136 - 137 - 139 - 142 - 143 - 144 - 145 - 148 - 150 - 153 - 154 - 155 - 157 - 159 - 163 - 164 - 166 - 167 - 174 - 175 - 176 - 177 - 178 - 179 - 180 - 183 - 184 - 185 - 189 - 193 - 198 - 199 - 202 - 203 - 204 - 205 - 208 - 210 - 211 - 212 - 213 - 214 - 215 - 216 - 218 - 221 - 222 - 223 - 225 - 228 - 229 - 230 - 231 - 232 - 234 - 236 - 237 - 241 - 242 - 243 - 248 - 249 - 253 - 254 - 255 - 257 - 259 - 260 - 261 - 263 - 264 - 265 - 267 - 268 - 269 - 270 - 271 - 273 - 274 - 276 - 278 - 280 - 281 - 284 - 285 - 286 - 287 - 288 - 289 - 290 - 291 - 292 - 294 - 295 - 298 - 299 - 300 - 301 - 302 - 303 - 304 - 305 - 306 - 307 - 308 - 310 - 313 - 315 - 316 - 317 - 319 - 321 - 325 - 328 - 329 - 330 - 334 - 336 - 337 - 338 - 339 - 340 - 341 - 342 - 343 - 344 - 345 - 347 - 349 - 350 - 353 - 355 - 356 - 358 - 359 - 360 - 361 - 362 - 363 - 365 - 367 - 369 - 371 - 373 - 375 - 376 - 377 - 378 - 379 - 381 - 382 - 384 - 386 - 387 - 388 - 389 - 391 - 393 - 397 - 398 - 411 - 417 - 418 - 421 - 422 - 425 - 427 - 429 - 430 - 432 - 433 - 434 - 435 - 438 - 439 - 441 - 442 - 443 - 446 - 447 - 449 - 451 - 452 - 453 - 454 - 455 - 456 - 457 - 458 - 460 - 462 - 467 - 468 - 470 - 473 - 474 - 475 - 477 - 478 - 480 - 481 - 484 - 487 - 488 - 491 - 493 - 494 - 496 - 497 - 498,564795.8,3.1,92058,92707,117.61,Cost: 92058 & Capacity: 92707
2 - 3 - 4 - 8 - 10 - 13 - 17 - 18 - 19 - 20 - 21 - 22 - 24 - 25 - 26 - 27 - 29 - 30 - 31 - 32 - 34 - 36 - 37 - 38 - 39 - 40 - 42 - 43 - 44 - 46 - 49 - 50 - 51 - 54 - 55 - 56 - 58 - 60 - 61 - 62 - 63 - 64 - 66 - 67 - 70 - 71 - 72 - 73 - 74 - 75 - 76 - 79 - 80 - 82 - 83 - 86 - 89 - 92 - 98 - 101 - 102 - 103 - 104 - 108 - 111 - 112 - 113 - 114 - 116 - 118 - 119 - 120 - 121 - 122 - 124 - 125 - 127 - 128 - 130 - 131 - 132 - 133 - 134 - 135 - 136 - 137 - 139 - 142 - 143 - 144 - 145 - 148 - 150 - 153 - 154 - 155 - 157 - 159 - 163 - 164 - 166 - 167 - 174 - 176 - 177 - 178 - 179 - 180 - 183 - 184 - 185 - 189 - 193 - 198 - 199 - 201 - 202 - 203 - 204 - 205 - 208 - 210 - 211 - 212 - 213 - 214 - 215 - 216 - 218 - 221 - 222 - 223 - 225 - 228 - 229 - 230 - 231 - 232 - 234 - 236 - 237 - 241 - 242 - 243 - 248 - 249 - 253 - 254 - 255 - 257 - 259 - 260 - 261 - 263 - 264 - 265 - 267 - 268 - 269 - 270 - 271 - 273 - 274 - 276 - 278 - 280 - 281 - 284 - 285 - 286 - 287 - 288 - 289 - 290 - 291 - 292 - 293 - 294 - 295 - 298 - 299 - 300 - 301 - 302 - 303 - 304 - 305 - 306 - 307 - 308 - 310 - 313 - 315 - 316 - 317 - 319 - 321 - 325 - 328 - 329 - 330 - 334 - 336 - 337 - 338 - 339 - 340 - 341 - 342 - 343 - 344 - 345 - 347 - 349 - 350 - 353 - 355 - 356 - 358 - 359 - 360 - 361 - 362 - 363 - 365 - 367 - 369 - 371 - 373 - 375 - 376 - 377 - 378 - 379 - 381 - 382 - 384 - 386 - 387 - 388 - 389 - 391 - 393 - 397 - 398 - 407 - 411 - 417 - 418 - 421 - 422 - 425 - 427 - 429 - 430 - 432 - 433 - 434 - 435 - 438 - 439 - 441 - 442 - 443 - 446 - 447 - 449 - 451 - 452 - 453 - 454 - 455 - 456 - 457 - 458 - 460 - 462 - 467 - 468 - 470 - 473 - 474 - 475 - 477 - 478 - 480 - 481 - 484 - 487 - 488 - 491 - 493 - 494 - 496 - 497 - 498,565096.8,3.1,92069,92597,120.37,Cost: 92069 & Capacity: 92597
2 - 3 - 4 - 8 - 10 - 11 - 12 - 14 - 16 - 18 - 19 - 21 - 22 - 23 - 26 - 28 - 29 - 32 - 34 - 35 - 37 - 38 - 40 - 42 - 44 - 45 - 46 - 54 - 56 - 58 - 59 - 62 - 63 - 64 - 68 - 73 - 75 - 76 - 80 - 81 - 82 - 83 - 86 - 87 - 88 - 92 - 94 - 95 - 100 - 101 - 104 - 108 - 111 - 114 - 119 - 120 - 122 - 125 - 126 - 127 - 128 - 129 - 130 - 138 - 143 - 146 - 148 - 150 - 153 - 157 - 158 - 159 - 161 - 166 - 167 - 169 - 170 - 173 - 174 - 175 - 176 - 177 - 179 - 181 - 189 - 191 - 195 - 197 - 201 - 202 - 203 - 205 - 207 - 208 - 210 - 212 - 214 - 215 - 216 - 221 - 222 - 223 - 226 - 231 - 232 - 233 - 234 - 240 - 242 - 243 - 249 - 251 - 254 - 259 - 261 - 263 - 264 - 269 - 271 - 273 - 279 - 284 - 287 - 289 - 291 - 293 - 294 - 295 - 296 - 298 - 301 - 303 - 304 - 307 - 310 - 312 - 313 - 314 - 315 - 316 - 317 - 319 - 321 - 323 - 325 - 326 - 328 - 329 - 330 - 333 - 334 - 337 - 338 - 339 - 340 - 342 - 343 - 347 - 355 - 358 - 362 - 363 - 365 - 367 - 369 - 371 - 373 - 376 - 377 - 378 - 382 - 384 - 386 - 388 - 389 - 391 - 401 - 417 - 422 - 426 - 427 - 430 - 432 - 434 - 438 - 440 - 441 - 442 - 443 - 446 - 447 - 449 - 451 - 455 - 457 - 458 - 460 - 462 - 467 - 471 - 488 - 491 - 494 - 495 - 496,286357.2,6.9,92039,79022,123.75,Cost: 92039 & Capacity: 79022
0 - 2 - 3 - 4 - 8 - 10 - 13 - 17 - 18 - 19 - 20 - 21 - 22 - 24 - 25 - 26 - 27 - 29 - 30 - 31 - 32 - 34 - 36 - 37 - 38 - 39 - 40 - 42 - 43 - 44 - 46 - 49 - 50 - 51 - 54 - 55 - 56 - 58 - 60 - 61 - 62 - 63 - 64 - 66 - 67 - 70 - 71 - 72 - 73 - 74 - 75 - 76 - 79 - 80 - 82 - 83 - 86 - 89 - 92 - 98 - 101 - 102 - 103 - 104 - 108 - 111 - 112 - 113 - 114 - 116 - 118 - 119 - 120 - 121 - 122 - 124 - 125 - 126 - 127 - 128 - 130 - 131 - 132 - 133 - 134 - 135 - 136 - 137 - 139 - 142 - 143 - 144 - 145 - 148 - 150 - 153 - 154 - 155 - 157 - 159 - 163 - 164 - 166 - 167 - 174 - 175 - 176 - 177 - 178 - 179 - 180 - 183 - 184 - 185 - 189 - 193 - 198 - 199 - 202 - 203 - 204 - 205 - 208 - 210 - 211 - 212 - 213 - 214 - 215 - 216 - 218 - 221 - 222 - 223 - 225 - 228 - 229 - 230 - 231 - 232 - 234 - 236 - 237 - 241 - 242 - 243 - 248 - 249 - 253 - 254 - 255 - 257 - 259 - 260 - 261 - 263 - 264 - 265 - 267 - 268 - 269 - 270 - 271 - 273 - 274 - 276 - 278 - 280 - 281 - 284 - 285 - 286 - 287 - 288 - 289 - 290 - 291 - 292 - 294 - 295 - 298 - 299 - 300 - 301 - 302 - 303 - 304 - 305 - 306 - 307 - 308 - 310 - 313 - 315 - 316 - 317 - 319 - 321 - 325 - 328 - 329 - 330 - 334 - 336 - 337 - 338 - 339 - 340 - 341 - 342 - 343 - 344 - 345 - 347 - 349 - 350 - 353 - 355 - 356 - 358 - 359 - 360 - 361 - 362 - 363 - 365 - 367 - 369 - 371 - 373 - 375 - 376 - 377 - 378 - 379 - 381 - 382 - 384 - 386 - 387 - 388 - 389 - 391 - 393 - 397 - 398 - 411 - 417 - 418 - 421 - 422 - 425 - 427 - 429 - 430 - 432 - 433 - 434 - 435 - 438 - 439 - 441 - 442 - 443 - 446 - 447 - 449 - 451 - 452 - 453 - 454 - 455 - 456 - 457 - 458 - 460 - 462 - 467 - 468 - 470 - 473 - 474 - 475 - 477 - 478 - 480 - 481 - 484 - 487 - 488 - 491 - 493 - 494 - 496 - 497 - 498,564795.8,3.1,92058,92707,126.35,Cost: 92058 & Capacity: 92707
1 - 2 - 4 - 10 - 11 - 12 - 13 - 17 - 18 - 19 - 20 - 21 - 26 - 27 - 28 - 29 - 32 - 34 - 35 - 39 - 40 - 42 - 43 - 44 - 45 - 46 - 49 - 50 - 53 - 54 - 56 - 59 - 60 - 61 - 66 - 72 - 73 - 75 - 76 - 79 - 80 - 83 - 86 - 87 - 88 - 89 - 92 - 94 - 102 - 104 - 108 - 111 - 112 - 113 - 114 - 119 - 124 - 125 - 126 - 127 - 129 - 130 - 131 - 133 - 135 - 138 - 139 - 143 - 144 - 145 - 147 - 148 - 150 - 153 - 154 - 155 - 157 - 158 - 159 - 161 - 163 - 166 - 167 - 169 - 174 - 176 - 177 - 178 - 179 - 180 - 181 - 185 - 191 - 193 - 195 - 199 - 200 - 201 - 202 - 203 - 205 - 208 - 209 - 210 - 213 - 214 - 215 - 216 - 218 - 221 - 222 - 225 - 226 - 231 - 232 - 234 - 237 - 240 - 241 - 242 - 244 - 246 - 248 - 249 - 253 - 254 - 257 - 259 - 261 - 263 - 264 - 267 - 269 - 273 - 276 - 278 - 279 - 280 - 287 - 288 - 289 - 291 - 292 - 293 - 294 - 295 - 298 - 300 - 301 - 303 - 304 - 305 - 306 - 307 - 308 - 310 - 312 - 314 - 315 - 316 - 319 - 323 - 325 - 326 - 329 - 330 - 333 - 334 - 337 - 338 - 340 - 342 - 343 - 344 - 345 - 347 - 349 - 350 - 354 - 355 - 356 - 358 - 360 - 362 - 365 - 367 - 369 - 372 - 373 - 376 - 377 - 379 - 381 - 382 - 386 - 387 - 388 - 389 - 390 - 391 - 393 - 397 - 401 - 411 - 417 - 418 - 422 - 430 - 432 - 433 - 440 - 441 - 442 - 443 - 447 - 449 - 451 - 452 - 453 - 455 - 457 - 458 - 460 - 462 - 467 - 471 - 473 - 474 - 481 - 488 - 491 - 493 - 495 - 496 - 497 - 498,371369.9,6.3,92024,82279,126.73,Cost: 92024 & Capacity: 82279
2 - 3 - 4 - 8 - 9 - 10 - 12 - 13 - 14 - 18 - 19 - 21 - 26 - 27 - 28 - 31 - 32 - 33 - 34 - 35 - 40 - 42 - 44 - 45 - 46 - 49 - 54 - 59 - 61 - 62 - 66 - 73 - 74 - 79 - 80 - 86 - 87 - 88 - 92 - 94 - 100 - 102 - 104 - 108 - 111 - 112 - 113 - 119 - 120 - 122 - 124 - 125 - 126 - 127 - 129 - 130 - 131 - 133 - 135 - 137 - 138 - 143 - 146 - 148 - 150 - 155 - 157 - 158 - 159 - 161 - 167 - 169 - 170 - 174 - 176 - 177 - 178 - 179 - 180 - 181 - 183 - 185 - 186 - 191 - 193 - 195 - 199 - 200 - 201 - 202 - 203 - 205 - 206 - 207 - 208 - 210 - 213 - 214 - 215 - 216 - 218 - 220 - 221 - 222 - 223 - 225 - 226 - 229 - 231 - 232 - 234 - 240 - 241 - 242 - 244 - 249 - 251 - 254 - 257 - 258 - 259 - 261 - 263 - 264 - 269 - 270 - 273 - 274 - 279 - 280 - 291 - 293 - 294 - 295 - 296 - 298 - 301 - 303 - 304 - 305 - 306 - 308 - 309 - 310 - 313 - 314 - 315 - 316 - 319 - 323 - 325 - 326 - 329 - 330 - 333 - 334 - 337 - 338 - 340 - 342 - 343 - 345 - 347 - 355 - 356 - 358 - 362 - 365 - 366 - 367 - 369 - 373 - 376 - 379 - 382 - 386 - 388 - 389 - 393 - 401 - 402 - 406 - 411 - 417 - 428 - 430 - 432 - 441 - 442 - 443 - 447 - 449 - 451 - 457 - 458 - 459 - 460 - 462 - 471 - 472 - 474 - 478 - 488 - 493 - 495 - 496 - 497,288981.1,6.8,92014,78059,126.8,Cost: 92014 & Capacity: 78059
0 - 2 - 3 - 4 - 8 - 10 - 13 - 17 - 18 - 19 - 20 - 21 - 22 - 24 - 25 - 26 - 27 - 29 - 30 - 31 - 32 - 34 - 36 - 37 - 38 - 39 - 40 - 42 - 43 - 44 - 46 - 49 - 50 - 51 - 54 - 55 - 56 - 58 - 60 - 61 - 62 - 63 - 64 - 66 - 67 - 70 - 71 - 72 - 73 - 74 - 75 - 76 - 79 - 80 - 82 - 83 - 86 - 89 - 92 - 98 - 101 - 102 - 103 - 104 - 108 - 111 - 112 - 113 - 114 - 116 - 118 - 119 - 120 - 121 - 122 - 124 - 125 - 126 - 127 - 128 - 130 - 131 - 132 - 133 - 134 - 135 - 136 - 137 - 139 - 142 - 143 - 144 - 145 - 148 - 150 - 153 - 154 - 155 - 157 - 159 - 163 - 164 - 166 - 167 - 174 - 175 - 176 - 177 - 178 - 179 - 180 - 183 - 184 - 185 - 189 - 193 - 198 - 199 - 202 - 203 - 204 - 205 - 208 - 210 - 211 - 212 - 213 - 214 - 215 - 216 - 218 - 221 - 222 - 223 - 225 - 228 - 229 - 230 - 231 - 232 - 234 - 236 - 237 - 241 - 242 - 243 - 248 - 249 - 253 - 254 - 255 - 257 - 259 - 260 - 261 - 263 - 264 - 265 - 267 - 268 - 269 - 270 - 271 - 273 - 274 - 276 - 278 - 280 - 281 - 284 - 285 - 286 - 287 - 288 - 289 - 290 - 291 - 292 - 294 - 295 - 298 - 299 - 300 - 301 - 302 - 303 - 304 - 305 - 306 - 307 - 308 - 310 - 313 - 315 - 316 - 317 - 319 - 321 - 325 - 328 - 329 - 330 - 334 - 336 - 337 - 338 - 339 - 340 - 341 - 342 - 343 - 344 - 345 - 347 - 349 - 350 - 353 - 355 - 356 - 358 - 359 - 360 - 361 - 362 - 363 - 365 - 367 - 369 - 371 - 373 - 375 - 376 - 377 - 378 - 379 - 381 - 382 - 384 - 386 - 387 - 388 - 389 - 391 - 393 - 397 - 398 - 411 - 417 - 418 - 421 - 422 - 425 - 427 - 429 - 430 - 432 - 433 - 434 - 435 - 438 - 439 - 441 - 442 - 443 - 446 - 447 - 449 - 451 - 452 - 453 - 454 - 455 - 456 - 457 - 458 - 460 - 462 - 467 - 468 - 470 - 473 - 474 - 475 - 477 - 478 - 480 - 481 - 484 - 487 - 488 - 491 - 493 - 494 - 496 - 497 - 498,564795.8,3.1,92058,92707,133.83,Cost: 92058 & Capacity: 92707
2 - 3 - 4 - 8 - 10 - 13 - 17 - 18 - 19 - 20 - 21 - 24 - 25 - 26 - 27 - 29 - 30 - 31 - 32 - 34 - 36 - 37 - 38 - 39 - 40 - 42 - 43 - 44 - 46 - 49 - 50 - 51 - 54 - 55 - 56 - 58 - 60 - 61 - 62 - 63 - 64 - 66 - 67 - 70 - 71 - 72 - 73 - 74 - 75 - 76 - 79 - 80 - 82 - 83 - 86 - 89 - 92 - 98 - 101 - 102 - 103 - 104 - 108 - 111 - 112 - 113 - 114 - 116 - 117 - 118 - 119 - 120 - 121 - 122 - 124 - 125 - 127 - 128 - 130 - 131 - 132 - 133 - 134 - 135 - 136 - 137 - 139 - 142 - 143 - 144 - 145 - 148 - 150 - 153 - 154 - 155 - 157 - 159 - 163 - 164 - 166 - 167 - 174 - 176 - 177 - 178 - 179 - 180 - 183 - 184 - 185 - 189 - 193 - 198 - 199 - 201 - 202 - 203 - 204 - 205 - 208 - 210 - 211 - 212 - 213 - 214 - 215 - 216 - 218 - 221 - 222 - 223 - 225 - 228 - 229 - 230 - 231 - 232 - 234 - 236 - 237 - 241 - 242 - 243 - 248 - 249 - 253 - 254 - 255 - 257 - 259 - 260 - 261 - 263 - 264 - 265 - 267 - 268 - 269 - 270 - 271 - 273 - 274 - 276 - 278 - 280 - 281 - 284 - 285 - 286 - 287 - 288 - 289 - 290 - 291 - 292 - 294 - 295 - 298 - 299 - 300 - 301 - 302 - 303 - 304 - 305 - 306 - 307 - 308 - 310 - 313 - 315 - 316 - 317 - 319 - 321 - 325 - 328 - 329 - 330 - 334 - 336 - 337 - 338 - 339 - 340 - 341 - 342 - 343 - 344 - 345 - 347 - 349 - 350 - 353 - 355 - 356 - 358 - 359 - 360 - 361 - 362 - 363 - 365 - 367 - 369 - 371 - 373 - 375 - 376 - 377 - 378 - 379 - 381 - 382 - 384 - 386 - 387 - 388 - 389 - 391 - 393 - 397 - 398 - 407 - 409 - 411 - 417 - 418 - 421 - 422 - 425 - 427 - 429 - 430 - 432 - 433 - 434 - 435 - 438 - 439 - 441 - 442 - 443 - 446 - 447 - 449 - 451 - 452 - 453 - 454 - 455 - 456 - 457 - 458 - 460 - 462 - 467 - 468 - 470 - 473 - 474 - 475 - 477 - 478 - 480 - 481 - 484 - 487 - 488 - 491 - 493 - 494 - 496 - 497 - 498,564775.9,3.1,92065,93017,134.04,Cost: 92065 & Capacity: 93017
2 - 3 - 4 - 8 - 10 - 13 - 17 - 18 - 19 - 20 - 21 - 22 - 24 - 25 - 26 - 27 - 29 - 30 - 31 - 32 - 34 - 36 - 37 - 38 - 39 - 40 - 42 - 43 - 44 - 46 - 49 - 50 - 51 - 54 - 55 - 56 - 58 - 60 - 61 - 62 - 63 - 64 - 66 - 67 - 70 - 71 - 72 - 73 - 74 - 75 - 76 - 79 - 80 - 82 - 83 - 86 - 89 - 92 - 98 - 101 - 102 - 103 - 104 - 108 - 111 - 112 - 113 - 114 - 116 - 118 - 119 - 120 - 121 - 122 - 124 - 125 - 127 - 128 - 130 - 131 - 132 - 133 - 134 - 135 - 136 - 137 - 139 - 142 - 143 - 144 - 145 - 148 - 150 - 153 - 154 - 155 - 157 - 159 - 163 - 164 - 166 - 167 - 174 - 176 - 177 - 178 - 179 - 180 - 183 - 184 - 185 - 189 - 193 - 198 - 199 - 201 - 202 - 203 - 204 - 205 - 208 - 210 - 211 - 212 - 213 - 214 - 215 - 216 - 218 - 221 - 222 - 223 - 225 - 228 - 229 - 230 - 231 - 232 - 234 - 236 - 237 - 241 - 242 - 243 - 248 - 249 - 253 - 254 - 255 - 257 - 259 - 260 - 261 - 263 - 264 - 265 - 267 - 268 - 269 - 270 - 271 - 273 - 274 - 276 - 278 - 280 - 281 - 284 - 285 - 286 - 287 - 288 - 289 - 290 - 291 - 292 - 293 - 294 - 295 - 298 - 299 - 300 - 301 - 302 - 303 - 304 - 305 - 306 - 307 - 308 - 310 - 313 - 315 - 316 - 317 - 319 - 321 - 325 - 328 - 329 - 330 - 334 - 336 - 337 - 338 - 339 - 340 - 341 - 342 - 343 - 344 - 345 - 347 - 349 - 350 - 353 - 355 - 356 - 358 - 359 - 360 - 361 - 362 - 363 - 365 - 367 - 369 - 371 - 373 - 375 - 376 - 377 - 378 - 379 - 381 - 382 - 384 - 386 - 387 - 388 - 389 - 391 - 393 - 397 - 398 - 407 - 411 - 417 - 418 - 421 - 422 - 425 - 427 - 429 - 430 - 432 - 433 - 434 - 435 - 438 - 439 - 441 - 442 - 443 - 446 - 447 - 449 - 451 - 452 - 453 - 454 - 455 - 456 - 457 - 458 - 460 - 462 - 467 - 468 - 470 - 473 - 474 - 475 - 477 - 478 - 480 - 481 - 484 - 487 - 488 - 491 - 493 - 494 - 496 - 497 - 498,565096.8,3.1,92069,92597,137.13,Cost: 92069 & Capacity: 92597
0 - 2 - 3 - 4 - 8 - 10 - 13 - 17 - 18 - 19 - 20 - 21 - 22 - 24 - 25 - 26 - 27 - 29 - 30 - 31 - 32 - 34 - 36 - 37 - 38 - 39 - 40 - 42 - 43 - 44 - 46 - 49 - 50 - 51 - 54 - 55 - 56 - 58 - 60 - 61 - 62 - 63 - 64 - 66 - 67 - 70 - 71 - 72 - 73 - 74 - 75 - 76 - 79 - 80 - 82 - 83 - 86 - 89 - 92 - 98 - 101 - 102 - 103 - 104 - 108 - 111 - 112 - 113 - 114 - 116 - 118 - 119 - 120 - 121 - 122 - 124 - 125 - 126 - 127 - 128 - 130 - 131 - 132 - 133 - 134 - 135 - 136 - 137 - 139 - 142 - 143 - 144 - 145 - 148 - 150 - 153 - 154 - 155 - 157 - 159 - 163 - 164 - 166 - 167 - 174 - 175 - 176 - 177 - 178 - 179 - 180 - 183 - 184 - 185 - 189 - 193 - 198 - 199 - 202 - 203 - 204 - 205 - 208 - 210 - 211 - 212 - 213 - 214 - 215 - 216 - 218 - 221 - 222 - 223 - 225 - 228 - 229 - 230 - 231 - 232 - 234 - 236 - 237 - 241 - 242 - 243 - 248 - 249 - 253 - 254 - 255 - 257 - 259 - 260 - 261 - 263 - 264 - 265 - 267 - 268 - 269 - 270 - 271 - 273 - 274 - 276 - 278 - 280 - 281 - 284 - 285 - 286 - 287 - 288 - 289 - 290 - 291 - 292 - 294 - 295 - 298 - 299 - 300 - 301 - 302 - 303 - 304 - 305 - 306 - 307 - 308 - 310 - 313 - 315 - 316 - 317 - 319 - 321 - 325 - 328 - 329 - 330 - 334 - 336 - 337 - 338 - 339 - 340 - 341 - 342 - 343 - 344 - 345 - 347 - 349 - 350 - 353 - 355 - 356 - 358 - 359 - 360 - 361 - 362 - 363 - 365 - 367 - 369 - 371 - 373 - 375 - 376 - 377 - 378 - 379 - 381 - 382 - 384 - 386 - 387 - 388 - 389 - 391 - 393 - 397 - 398 - 411 - 417 - 418 - 421 - 422 - 425 - 427 - 429 - 430 - 432 - 433 - 434 - 435 - 438 - 439 - 441 - 442 - 443 - 446 - 447 - 449 - 451 - 452 - 453 - 454 - 455 - 456 - 457 - 458 - 460 - 462 - 467 - 468 - 470 - 473 - 474 - 475 - 477 - 478 - 480 - 481 - 484 - 487 - 488 - 491 - 493 - 494 - 496 - 497 - 498,564795.8,3.1,92058,92707,137.92,Cost: 92058 & Capacity: 92707
2 - 3 - 4 - 8 - 10 - 12 - 13 - 17 - 18 - 19 - 20 - 21 - 25 - 26 - 27 - 28 - 29 - 31 - 32 - 33 - 34 - 35 - 37 - 38 - 39 - 40 - 42 - 43 - 44 - 45 - 46 - 50 - 54 - 55 - 56 - 58 - 59 - 60 - 61 - 62 - 63 - 64 - 66 - 67 - 68 - 70 - 71 - 72 - 73 - 74 - 75 - 76 - 77 - 79 - 80 - 82 - 83 - 86 - 87 - 89 - 92 - 98 - 101 - 102 - 104 - 108 - 111 - 112 - 113 - 114 - 117 - 119 - 122 - 124 - 125 - 126 - 127 - 128 - 129 - 130 - 131 - 132 - 133 - 134 - 135 - 139 - 143 - 144 - 145 - 148 - 150 - 152 - 153 - 154 - 157 - 159 - 161 - 166 - 167 - 169 - 174 - 177 - 179 - 180 - 181 - 185 - 191 - 197 - 200 - 203 - 205 - 208 - 210 - 211 - 213 - 214 - 215 - 216 - 218 - 221 - 222 - 223 - 225 - 226 - 228 - 231 - 232 - 234 - 239 - 241 - 242 - 244 - 248 - 249 - 253 - 254 - 259 - 260 - 261 - 263 - 264 - 265 - 267 - 268 - 269 - 271 - 273 - 274 - 276 - 279 - 284 - 287 - 288 - 289 - 291 - 292 - 293 - 294 - 295 - 298 - 301 - 303 - 304 - 305 - 307 - 310 - 312 - 313 - 315 - 316 - 317 - 319 - 321 - 322 - 323 - 325 - 327 - 328 - 329 - 330 - 333 - 334 - 337 - 340 - 342 - 343 - 345 - 347 - 348 - 349 - 355 - 358 - 359 - 361 - 362 - 365 - 367 - 369 - 371 - 373 - 376 - 378 - 381 - 382 - 386 - 387 - 388 - 389 - 391 - 392 - 393 - 397 - 398 - 402 - 409 - 417 - 422 - 423 - 430 - 431 - 432 - 433 - 434 - 438 - 439 - 442 - 443 - 446 - 447 - 449 - 451 - 452 - 453 - 455 - 457 - 458 - 460 - 462 - 463 - 467 - 470 - 473 - 477 - 481 - 484 - 488 - 491 - 493 - 494 - 496 - 497 - 498,420507.6,6.0,92056,86534,138.23,Cost: 92056 & Capacity: 86534
2 - 3 - 4 - 8 - 10 - 13 - 17 - 18 - 19 - 20 - 21 - 22 - 24 - 25 - 26 - 27 - 29 - 30 - 31 - 32 - 34 - 36 - 37 - 38 - 39 - 40 - 42 - 43 - 44 - 46 - 49 - 50 - 51 - 54 - 55 - 56 - 58 - 60 - 61 - 62 - 63 - 64 - 66 - 67 - 70 - 71 - 72 - 73 - 74 - 75 - 76 - 79 - 80 - 82 - 83 - 86 - 89 - 92 - 98 - 101 - 102 - 103 - 104 - 108 - 111 - 112 - 113 - 114 - 116 - 118 - 119 - 120 - 121 - 122 - 124 - 125 - 127 - 128 - 130 - 131 - 132 - 133 - 134 - 135 - 136 - 137 - 139 - 142 - 143 - 144 - 145 - 148 - 150 - 153 - 154 - 155 - 157 - 159 - 163 - 164 - 166 - 167 - 174 - 176 - 177 - 178 - 179 - 180 - 183 - 184 - 185 - 189 - 193 - 198 - 199 - 201 - 202 - 203 - 204 - 205 - 208 - 210 - 211 - 212 - 213 - 214 - 215 - 216 - 218 - 221 - 222 - 223 - 225 - 228 - 229 - 230 - 231 - 232 - 234 - 236 - 237 - 241 - 242 - 243 - 248 - 249 - 253 - 254 - 255 - 257 - 259 - 260 - 261 - 263 - 264 - 265 - 267 - 268 - 269 - 270 - 271 - 273 - 274 - 276 - 278 - 280 - 281 - 284 - 285 - 286 - 287 - 288 - 289 - 290 - 291 - 292 - 293 - 294 - 295 - 298 - 299 - 300 - 301 - 302 - 303 - 304 - 305 - 306 - 307 - 308 - 310 - 313 - 315 - 316 - 317 - 319 - 321 - 325 - 328 - 329 - 330 - 334 - 336 - 337 - 338 - 339 - 340 - 341 - 342 - 343 - 344 - 345 - 347 - 349 - 350 - 353 - 355 - 356 - 358 - 359 - 360 - 361 - 362 - 363 - 365 - 367 - 369 - 371 - 373 - 375 - 376 - 377 - 378 - 379 - 381 - 382 - 384 - 386 - 387 - 388 - 389 - 391 - 393 - 397 - 398 - 407 - 411 - 417 - 418 - 421 - 422 - 425 - 427 - 429 - 430 - 432 - 433 - 434 - 435 - 438 - 439 - 441 - 442 - 443 - 446 - 447 - 449 - 451 - 452 - 453 - 454 - 455 - 456 - 457 - 458 - 460 - 462 - 467 - 468 - 470 - 473 - 474 - 475 - 477 - 478 - 480 - 481 - 484 - 487 - 488 - 491 - 493 - 494 - 496 - 497 - 498,565096.8,3.1,92069,92597,140.8,Cost: 92069 & Capacity: 92597
0 - 2 - 3 - 4 - 8 - 10 - 13 - 17 - 18 - 19 - 20 - 21 - 22 - 24 - 25 - 26 - 27 - 29 - 30 - 31 - 32 - 34 - 36 - 37 - 38 - 39 - 40 - 42 - 43 - 44 - 46 - 49 - 50 - 51 - 54 - 55 - 56 - 58 - 60 - 61 - 62 - 63 - 64 - 66 - 67 - 70 - 71 - 72 - 73 - 74 - 75 - 76 - 79 - 80 - 82 - 83 - 86 - 89 - 92 - 98 - 101 - 102 - 103 - 104 - 108 - 111 - 112 - 113 - 114 - 116 - 118 - 119 - 120 - 121 - 122 - 124 - 125 - 126 - 127 - 128 - 130 - 131 - 132 - 133 - 134 - 135 - 136 - 137 - 139 - 142 - 143 - 144 - 145 - 148 - 150 - 153 - 154 - 155 - 157 - 159 - 163 - 164 - 166 - 167 - 174 - 175 - 176 - 177 - 178 - 179 - 180 - 183 - 184 - 185 - 189 - 193 - 198 - 199 - 202 - 203 - 204 - 205 - 208 - 210 - 211 - 212 - 213 - 214 - 215 - 216 - 218 - 221 - 222 - 223 - 225 - 228 - 229 - 230 - 231 - 232 - 234 - 236 - 237 - 241 - 242 - 243 - 248 - 249 - 253 - 254 - 255 - 257 - 259 - 260 - 261 - 263 - 264 - 265 - 267 - 268 - 269 - 270 - 271 - 273 - 274 - 276 - 278 - 280 - 281 - 284 - 285 - 286 - 287 - 288 - 289 - 290 - 291 - 292 - 294 - 295 - 298 - 299 - 300 - 301 - 302 - 303 - 304 - 305 - 306 - 307 - 308 - 310 - 313 - 315 - 316 - 317 - 319 - 321 - 325 - 328 - 329 - 330 - 334 - 336 - 337 - 338 - 339 - 340 - 341 - 342 - 343 - 344 - 345 - 347 - 349 - 350 - 353 - 355 - 356 - 358 - 359 - 360 - 361 - 362 - 363 - 365 - 367 - 369 - 371 - 373 - 375 - 376 - 377 - 378 - 379 - 381 - 382 - 384 - 386 - 387 - 388 - 389 - 391 - 393 - 397 - 398 - 411 - 417 - 418 - 421 - 422 - 425 - 427 - 429 - 430 - 432 - 433 - 434 - 435 - 438 - 439 - 441 - 442 - 443 - 446 - 447 - 449 - 451 - 452 - 453 - 454 - 455 - 456 - 457 - 458 - 460 - 462 - 467 - 468 - 470 - 473 - 474 - 475 - 477 - 478 - 480 - 481 - 484 - 487 - 488 - 491 - 493 - 494 - 496 - 497 - 498,564795.8,3.1,92058,92707,140.85,Cost: 92058 & Capacity: 92707
0 - 2 - 3 - 4 - 8 - 10 - 13 - 17 - 18 - 19 - 20 - 21 - 22 - 24 - 25 - 26 - 27 - 29 - 30 - 31 - 32 - 34 - 36 - 37 - 38 - 39 - 40 - 42 - 43 - 44 - 46 - 49 - 50 - 51 - 54 - 55 - 56 - 58 - 60 - 61 - 62 - 63 - 64 - 66 - 67 - 70 - 71 - 72 - 73 - 74 - 75 - 76 - 79 - 80 - 82 - 83 - 86 - 89 - 92 - 98 - 101 - 102 - 103 - 104 - 108 - 111 - 112 - 113 - 114 - 116 - 118 - 119 - 120 - 121 - 122 - 124 - 125 - 126 - 127 - 128 - 130 - 131 - 132 - 133 - 134 - 135 - 136 - 137 - 139 - 142 - 143 - 144 - 145 - 148 - 150 - 153 - 154 - 155 - 157 - 159 - 163 - 164 - 166 - 167 - 174 - 175 - 176 - 177 - 178 - 179 - 180 - 183 - 184 - 185 - 189 - 193 - 198 - 199 - 202 - 203 - 204 - 205 - 208 - 210 - 211 - 212 - 213 - 214 - 215 - 216 - 218 - 221 - 222 - 223 - 225 - 228 - 229 - 230 - 231 - 232 - 234 - 236 - 237 - 241 - 242 - 243 - 248 - 249 - 253 - 254 - 255 - 257 - 259 - 260 - 261 - 263 - 264 - 265 - 267 - 268 - 269 - 270 - 271 - 273 - 274 - 276 - 278 - 280 - 281 - 284 - 285 - 286 - 287 - 288 - 289 - 290 - 291 - 292 - 294 - 295 - 298 - 299 - 300 - 301 - 302 - 303 - 304 - 305 - 306 - 307 - 308 - 310 - 313 - 315 - 316 - 317 - 319 - 321 - 325 - 328 - 329 - 330 - 334 - 336 - 337 - 338 - 339 - 340 - 341 - 342 - 343 - 344 - 345 - 347 - 349 - 350 - 353 - 355 - 356 - 358 - 359 - 360 - 361 - 362 - 363 - 365 - 367 - 369 - 371 - 373 - 375 - 376 - 377 - 378 - 379 - 381 - 382 - 384 - 386 - 387 - 388 - 389 - 391 - 393 - 397 - 398 - 411 - 417 - 418 - 421 - 422 - 425 - 427 - 429 - 430 - 432 - 433 - 434 - 435 - 438 - 439 - 441 - 442 - 443 - 446 - 447 - 449 - 451 - 452 - 453 - 454 - 455 - 456 - 457 - 458 - 460 - 462 - 467 - 468 - 470 - 473 - 474 - 475 - 477 - 478 - 480 - 481 - 484 - 487 - 488 - 491 - 493 - 494 - 496 - 497 - 498,564795.8,3.1,92058,92707,142.59,Cost: 92058 & Capacity: 92707
2 - 4 - 8 - 11 - 12 - 14 - 18 - 19 - 26 - 27 - 28 - 29 - 33 - 34 - 35 - 36 - 37 - 38 - 40 - 42 - 45 - 46 - 59 - 60 - 62 - 63 - 64 - 66 - 73 - 75 - 76 - 80 - 83 - 85 - 86 - 88 - 92 - 100 - 101 - 102 - 104 - 108 - 111 - 112 - 113 - 114 - 119 - 125 - 126 - 127 - 128 - 129 - 130 - 137 - 143 - 148 - 153 - 155 - 157 - 158 - 159 - 161 - 166 - 167 - 169 - 170 - 174 - 175 - 177 - 178 - 179 - 181 - 195 - 196 - 197 - 201 - 203 - 205 - 206 - 208 - 212 - 214 - 215 - 216 - 218 - 219 - 221 - 222 - 226 - 228 - 231 - 234 - 241 - 243 - 244 - 246 - 248 - 249 - 251 - 253 - 254 - 259 - 260 - 261 - 263 - 264 - 269 - 271 - 273 - 276 - 277 - 279 - 283 - 286 - 291 - 293 - 294 - 295 - 296 - 298 - 301 - 302 - 303 - 304 - 305 - 310 - 312 - 313 - 315 - 316 - 317 - 319 - 321 - 325 - 327 - 328 - 329 - 333 - 334 - 339 - 342 - 343 - 350 - 355 - 357 - 358 - 362 - 365 - 366 - 369 - 373 - 376 - 378 - 379 - 381 - 382 - 386 - 389 - 390 - 391 - 396 - 402 - 416 - 422 - 426 - 430 - 431 - 432 - 433 - 434 - 435 - 438 - 439 - 440 - 441 - 442 - 443 - 446 - 447 - 448 - 449 - 451 - 452 - 456 - 457 - 460 - 462 - 466 - 472 - 475 - 477 - 478 - 479 - 480 - 481 - 488 - 491 - 493 - 494 - 496,274241.0,7.0,91990,77274,143.51,Cost: 91990 & Capacity: 77274
1 - 9 - 12 - 14 - 16 - 17 - 19 - 21 - 26 - 29 - 30 - 32 - 35 - 37 - 38 - 40 - 42 - 45 - 52 - 59 - 63 - 64 - 73 - 76 - 80 - 81 - 85 - 88 - 94 - 101 - 102 - 104 - 108 - 111 - 114 - 119 - 125 - 127 - 128 - 129 - 130 - 147 - 148 - 153 - 157 - 158 - 159 - 161 - 162 - 166 - 167 - 174 - 176 - 177 - 181 - 185 - 186 - 191 - 205 - 208 - 214 - 217 - 219 - 221 - 226 - 231 - 234 - 239 - 244 - 246 - 247 - 251 - 253 - 256 - 259 - 261 - 262 - 263 - 264 - 267 - 271 - 273 - 276 - 277 - 278 - 279 - 291 - 294 - 295 - 298 - 301 - 304 - 310 - 315 - 316 - 319 - 326 - 333 - 343 - 348 - 355 - 357 - 358 - 362 - 363 - 365 - 366 - 368 - 371 - 373 - 376 - 381 - 384 - 386 - 389 - 390 - 391 - 393 - 400 - 401 - 414 - 416 - 422 - 426 - 427 - 430 - 431 - 434 - 439 - 440 - 441 - 443 - 446 - 449 - 451 - 452 - 456 - 457 - 458 - 459 - 460 - 462 - 465 - 467 - 470 - 471 - 477 - 479 - 481 - 491 - 493 - 494 - 495 - 496,165984.9,7.7,85939,66873,143.55,Cost: 85939 & Capacity: 66873
2 - 3 - 4 - 8 - 10 - 13 - 17 - 18 - 19 - 20 - 21 - 22 - 24 - 25 - 26 - 27 - 29 - 30 - 31 - 32 - 34 - 36 - 37 - 38 - 39 - 40 - 42 - 43 - 44 - 46 - 49 - 50 - 51 - 54 - 55 - 56 - 58 - 60 - 61 - 62 - 63 - 64 - 66 - 67 - 70 - 71 - 72 - 73 - 74 - 75 - 76 - 79 - 80 - 82 - 83 - 86 - 89 - 92 - 98 - 101 - 102 - 103 - 104 - 108 - 111 - 112 - 113 - 114 - 116 - 118 - 119 - 120 - 121 - 122 - 124 - 125 - 127 - 128 - 130 - 131 - 132 - 133 - 134 - 135 - 136 - 137 - 139 - 142 - 143 - 144 - 145 - 148 - 150 - 153 - 154 - 155 - 157 - 159 - 163 - 164 - 166 - 167 - 174 - 176 - 177 - 178 - 179 - 180 - 183 - 184 - 185 - 189 - 193 - 198 - 199 - 201 - 202 - 203 - 204 - 205 - 208 - 210 - 211 - 212 - 213 - 214 - 215 - 216 - 218 - 221 - 222 - 223 - 225 - 228 - 229 - 230 - 231 - 232 - 234 - 236 - 237 - 241 - 242 - 243 - 248 - 249 - 253 - 254 - 255 - 257 - 259 - 260 - 261 - 263 - 264 - 265 - 267 - 268 - 269 - 270 - 271 - 273 - 274 - 276 - 278 - 280 - 281 - 284 - 285 - 286 - 287 - 288 - 289 - 290 - 291 - 292 - 293 - 294 - 295 - 298 - 299 - 300 - 301 - 302 - 303 - 304 - 305 - 306 - 307 - 308 - 310 - 313 - 315 - 316 - 317 - 319 - 321 - 325 - 328 - 329 - 330 - 334 - 336 - 337 - 338 - 339 - 340 - 341 - 342 - 343 - 344 - 345 - 347 - 349 - 350 - 353 - 355 - 356 - 358 - 359 - 360 - 361 - 362 - 363 - 365 - 367 - 369 - 371 - 373 - 375 - 376 - 377 - 378 - 379 - 381 - 382 - 384 - 386 - 387 - 388 - 389 - 391 - 393 - 397 - 398 - 407 - 411 - 417 - 418 - 421 - 422 - 425 - 427 - 429 - 430 - 432 - 433 - 434 - 435 - 438 - 439 - 441 - 442 - 443 - 446 - 447 - 449 - 451 - 452 - 453 - 454 - 455 - 456 - 457 - 458 - 460 - 462 - 467 - 468 - 470 - 473 - 474 - 475 - 477 - 478 - 480 - 481 - 484 - 487 - 488 - 491 - 493 - 494 - 496 - 497 - 498,565096.8,3.1,92069,92597,143.91,Cost: 92069 & Capacity: 92597
3 - 6 - 10 - 11 - 12 - 14 - 19 - 22 - 26 - 28 - 30 - 32 - 35 - 37 - 38 - 40 - 41 - 42 - 43 - 45 - 56 - 58 - 59 - 63 - 67 - 73 - 76 - 81 - 83 - 85 - 86 - 88 - 91 - 94 - 101 - 102 - 104 - 108 - 111 - 114 - 115 - 119 - 125 - 127 - 128 - 129 - 130 - 136 - 146 - 148 - 152 - 153 - 154 - 158 - 159 - 162 - 163 - 166 - 167 - 169 - 170 - 173 - 174 - 185 - 199 - 206 - 207 - 208 - 214 - 219 - 220 - 221 - 226 - 231 - 232 - 244 - 246 - 251 - 254 - 256 - 259 - 261 - 264 - 267 - 271 - 273 - 278 - 279 - 281 - 285 - 286 - 293 - 294 - 295 - 296 - 298 - 301 - 304 - 307 - 309 - 310 - 312 - 315 - 316 - 317 - 319 - 325 - 326 - 328 - 330 - 333 - 340 - 343 - 348 - 353 - 355 - 358 - 363 - 365 - 366 - 371 - 373 - 382 - 384 - 386 - 388 - 389 - 390 - 391 - 393 - 400 - 401 - 406 - 408 - 414 - 416 - 417 - 422 - 426 - 430 - 431 - 432 - 441 - 443 - 446 - 447 - 448 - 451 - 453 - 456 - 457 - 458 - 460 - 462 - 465 - 467 - 469 - 470 - 471 - 477 - 493 - 494 - 495 - 496,189065.9,7.6,89776,70528,145.75,Cost: 89776 & Capacity: 70528
2 - 3 - 4 - 8 - 10 - 13 - 17 - 18 - 19 - 20 - 21 - 22 - 24 - 25 - 26 - 27 - 29 - 30 - 31 - 32 - 34 - 36 - 37 - 38 - 39 - 40 - 42 - 43 - 44 - 46 - 49 - 50 - 51 - 54 - 55 - 56 - 58 - 60 - 61 - 62 - 63 - 64 - 66 - 67 - 70 - 71 - 72 - 73 - 74 - 75 - 76 - 79 - 80 - 82 - 83 - 86 - 89 - 92 - 98 - 101 - 102 - 103 - 104 - 108 - 111 - 112 - 113 - 114 - 116 - 118 - 119 - 120 - 121 - 122 - 124 - 125 - 127 - 128 - 130 - 131 - 132 - 133 - 134 - 135 - 136 - 137 - 139 - 142 - 143 - 144 - 145 - 148 - 150 - 153 - 154 - 155 - 157 - 159 - 163 - 164 - 166 - 167 - 174 - 176 - 177 - 178 - 179 - 180 - 183 - 184 - 185 - 189 - 193 - 198 - 199 - 201 - 202 - 203 - 204 - 205 - 208 - 210 - 211 - 212 - 213 - 214 - 215 - 216 - 218 - 221 - 222 - 223 - 225 - 228 - 229 - 230 - 231 - 232 - 234 - 236 - 237 - 241 - 242 - 243 - 248 - 249 - 253 - 254 - 255 - 257 - 259 - 260 - 261 - 263 - 264 - 265 - 267 - 268 - 269 - 270 - 271 - 273 - 274 - 276 - 278 - 280 - 281 - 284 - 285 - 286 - 287 - 288 - 289 - 290 - 291 - 292 - 293 - 294 - 295 - 298 - 299 - 300 - 301 - 302 - 303 - 304 - 305 - 306 - 307 - 308 - 310 - 313 - 315 - 316 - 317 - 319 - 321 - 325 - 328 - 329 - 330 - 334 - 336 - 337 - 338 - 339 - 340 - 341 - 342 - 343 - 344 - 345 - 347 - 349 - 350 - 353 - 355 - 356 - 358 - 359 - 360 - 361 - 362 - 363 - 365 - 367 - 369 - 371 - 373 - 375 - 376 - 377 - 378 - 379 - 381 - 382 - 384 - 386 - 387 - 388 - 389 - 391 - 393 - 397 - 398 - 407 - 411 - 417 - 418 - 421 - 422 - 425 - 427 - 429 - 430 - 432 - 433 - 434 - 435 - 438 - 439 - 441 - 442 - 443 - 446 - 447 - 449 - 451 - 452 - 453 - 454 - 455 - 456 - 457 - 458 - 460 - 462 - 467 - 468 - 470 - 473 - 474 - 475 - 477 - 478 - 480 - 481 - 484 - 487 - 488 - 491 - 493 - 494 - 496 - 497 - 498,565096.8,3.1,92069,92597,148.6,Cost: 92069 & Capacity: 92597
2 - 3 - 4 - 8 - 10 - 13 - 17 - 18 - 19 - 20 - 21 - 22 - 24 - 25 - 26 - 27 - 29 - 30 - 31 - 32 - 34 - 36 - 37 - 38 - 39 - 40 - 42 - 43 - 44 - 46 - 49 - 50 - 51 - 54 - 55 - 56 - 58 - 60 - 61 - 62 - 63 - 64 - 66 - 67 - 70 - 71 - 72 - 73 - 74 - 75 - 76 - 79 - 80 - 82 - 83 - 86 - 89 - 92 - 98 - 101 - 102 - 103 - 104 - 108 - 111 - 112 - 113 - 114 - 116 - 118 - 119 - 120 - 121 - 122 - 124 - 125 - 127 - 128 - 130 - 131 - 132 - 133 - 134 - 135 - 136 - 137 - 139 - 142 - 143 - 144 - 145 - 148 - 150 - 153 - 154 - 155 - 157 - 159 - 163 - 164 - 166 - 167 - 174 - 176 - 177 - 178 - 179 - 180 - 183 - 184 - 185 - 189 - 193 - 198 - 199 - 201 - 202 - 203 - 204 - 205 - 208 - 210 - 211 - 212 - 213 - 214 - 215 - 216 - 218 - 221 - 222 - 223 - 225 - 228 - 229 - 230 - 231 - 232 - 234 - 236 - 237 - 241 - 242 - 243 - 248 - 249 - 253 - 254 - 255 - 257 - 259 - 260 - 261 - 263 - 264 - 265 - 267 - 268 - 269 - 270 - 271 - 273 - 274 - 276 - 278 - 280 - 281 - 284 - 285 - 286 - 287 - 288 - 289 - 290 - 291 - 292 - 293 - 294 - 295 - 298 - 299 - 300 - 301 - 302 - 303 - 304 - 305 - 306 - 307 - 308 - 310 - 313 - 315 - 316 - 317 - 319 - 321 - 325 - 328 - 329 - 330 - 334 - 336 - 337 - 338 - 339 - 340 - 341 - 342 - 343 - 344 - 345 - 347 - 349 - 350 - 353 - 355 - 356 - 358 - 359 - 360 - 361 - 362 - 363 - 365 - 367 - 369 - 371 - 373 - 375 - 376 - 377 - 378 - 379 - 381 - 382 - 384 - 386 - 387 - 388 - 389 - 391 - 393 - 397 - 398 - 407 - 411 - 417 - 418 - 421 - 422 - 425 - 427 - 429 - 430 - 432 - 433 - 434 - 435 - 438 - 439 - 441 - 442 - 443 - 446 - 447 - 449 - 451 - 452 - 453 - 454 - 455 - 456 - 457 - 458 - 460 - 462 - 467 - 468 - 470 - 473 - 474 - 475 - 477 - 478 - 480 - 481 - 484 - 487 - 488 - 491 - 493 - 494 - 496 - 497 - 498,565096.8,3.1,92069,92597,149.69,Cost: 92069 & Capacity: 92597
2 - 3 - 4 - 8 - 10 - 13 - 17 - 18 - 19 - 20 - 21 - 22 - 24 - 25 - 26 - 27 - 29 - 30 - 31 - 32 - 34 - 36 - 37 - 38 - 39 - 40 - 42 - 43 - 44 - 46 - 49 - 50 - 51 - 54 - 55 - 56 - 58 - 60 - 61 - 62 - 63 - 64 - 66 - 67 - 70 - 71 - 72 - 73 - 74 - 75 - 76 - 79 - 80 - 82 - 83 - 86 - 89 - 92 - 98 - 101 - 102 - 103 - 104 - 108 - 111 - 112 - 113 - 114 - 116 - 118 - 119 - 120 - 121 - 122 - 124 - 125 - 127 - 128 - 130 - 131 - 132 - 133 - 134 - 135 - 136 - 137 - 139 - 142 - 143 - 144 - 145 - 148 - 150 - 153 - 154 - 155 - 157 - 159 - 163 - 164 - 166 - 167 - 174 - 176 - 177 - 178 - 179 - 180 - 183 - 184 - 185 - 189 - 193 - 198 - 199 - 201 - 202 - 203 - 204 - 205 - 208 - 210 - 211 - 212 - 213 - 214 - 215 - 216 - 218 - 221 - 222 - 223 - 225 - 228 - 229 - 230 - 231 - 232 - 234 - 236 - 237 - 241 - 242 - 243 - 248 - 249 - 253 - 254 - 255 - 257 - 259 - 260 - 261 - 263 - 264 - 265 - 267 - 268 - 269 - 270 - 271 - 273 - 274 - 276 - 278 - 280 - 281 - 284 - 285 - 286 - 287 - 288 - 289 - 290 - 291 - 292 - 293 - 294 - 295 - 298 - 299 - 300 - 301 - 302 - 303 - 304 - 305 - 306 - 307 - 308 - 310 - 313 - 315 - 316 - 317 - 319 - 321 - 325 - 328 - 329 - 330 - 334 - 336 - 337 - 338 - 339 - 340 - 341 - 342 - 343 - 344 - 345 - 347 - 349 - 350 - 353 - 355 - 356 - 358 - 359 - 360 - 361 - 362 - 363 - 365 - 367 - 369 - 371 - 373 - 375 - 376 - 377 - 378 - 379 - 381 - 382 - 384 - 386 - 387 - 388 - 389 - 391 - 393 - 397 - 398 - 407 - 411 - 417 - 418 - 421 - 422 - 425 - 427 - 429 - 430 - 432 - 433 - 434 - 435 - 438 - 439 - 441 - 442 - 443 - 446 - 447 - 449 - 451 - 452 - 453 - 454 - 455 - 456 - 457 - 458 - 460 - 462 - 467 - 468 - 470 - 473 - 474 - 475 - 477 - 478 - 480 - 481 - 484 - 487 - 488 - 491 - 493 - 494 - 496 - 497 - 498,565096.8,3.1,92069,92597,151.14,Cost: 92069 & Capacity: 92597
0 - 2 - 3 - 4 - 8 - 10 - 13 - 17 - 18 - 19 - 20 - 21 - 22 - 24 - 25 - 26 - 27 - 29 - 30 - 31 - 32 - 34 - 36 - 37 - 38 - 39 - 40 - 42 - 43 - 44 - 46 - 49 - 50 - 51 - 54 - 55 - 56 - 58 - 60 - 61 - 62 - 63 - 64 - 66 - 67 - 70 - 71 - 72 - 73 - 74 - 75 - 76 - 79 - 80 - 82 - 83 - 86 - 89 - 92 - 98 - 101 - 102 - 103 - 104 - 108 - 111 - 112 - 113 - 114 - 116 - 118 - 119 - 120 - 121 - 122 - 124 - 125 - 126 - 127 - 128 - 130 - 131 - 132 - 133 - 134 - 135 - 136 - 137 - 139 - 142 - 143 - 144 - 145 - 148 - 150 - 153 - 154 - 155 - 157 - 159 - 163 - 164 - 166 - 167 - 174 - 175 - 176 - 177 - 178 - 179 - 180 - 183 - 184 - 185 - 189 - 193 - 198 - 199 - 202 - 203 - 204 - 205 - 208 - 210 - 211 - 212 - 213 - 214 - 215 - 216 - 218 - 221 - 222 - 223 - 225 - 228 - 229 - 230 - 231 - 232 - 234 - 236 - 237 - 241 - 242 - 243 - 248 - 249 - 253 - 254 - 255 - 257 - 259 - 260 - 261 - 263 - 264 - 265 - 267 - 268 - 269 - 270 - 271 - 273 - 274 - 276 - 278 - 280 - 281 - 284 - 285 - 286 - 287 - 288 - 289 - 290 - 291 - 292 - 294 - 295 - 298 - 299 - 300 - 301 - 302 - 303 - 304 - 305 - 306 - 307 - 308 - 310 - 313 - 315 - 316 - 317 - 319 - 321 - 325 - 328 - 329 - 330 - 334 - 336 - 337 - 338 - 339 - 340 - 341 - 342 - 343 - 344 - 345 - 347 - 349 - 350 - 353 - 355 - 356 - 358 - 359 - 360 - 361 - 362 - 363 - 365 - 367 - 369 - 371 - 373 - 375 - 376 - 377 - 378 - 379 - 381 - 382 - 384 - 386 - 387 - 388 - 389 - 391 - 393 - 397 - 398 - 411 - 417 - 418 - 421 - 422 - 425 - 427 - 429 - 430 - 432 - 433 - 434 - 435 - 438 - 439 - 441 - 442 - 443 - 446 - 447 - 449 - 451 - 452 - 453 - 454 - 455 - 456 - 457 - 458 - 460 - 462 - 467 - 468 - 470 - 473 - 474 - 475 - 477 - 478 - 480 - 481 - 484 - 487 - 488 - 491 - 493 - 494 - 496 - 497 - 498,564795.8,3.1,92058,92707,159.19,Cost: 92058 & Capacity: 92707
2 - 3 - 4 - 8 - 10 - 13 - 17 - 18 - 19 - 20 - 21 - 22 - 24 - 25 - 26 - 27 - 29 - 30 - 31 - 32 - 34 - 36 - 37 - 38 - 39 - 40 - 42 - 43 - 44 - 46 - 49 - 50 - 51 - 54 - 55 - 56 - 58 - 60 - 61 - 62 - 63 - 64 - 66 - 67 - 70 - 71 - 72 - 73 - 74 - 75 - 76 - 79 - 80 - 82 - 83 - 86 - 89 - 92 - 98 - 101 - 102 - 103 - 104 - 108 - 111 - 112 - 113 - 114 - 116 - 118 - 119 - 120 - 121 - 122 - 124 - 125 - 127 - 128 - 130 - 131 - 132 - 133 - 134 - 135 - 136 - 137 - 139 - 142 - 143 - 144 - 145 - 148 - 150 - 153 - 154 - 155 - 157 - 159 - 163 - 164 - 166 - 167 - 174 - 176 - 177 - 178 - 179 - 180 - 183 - 184 - 185 - 189 - 193 - 198 - 199 - 201 - 202 - 203 - 204 - 205 - 208 - 210 - 211 - 212 - 213 - 214 - 215 - 216 - 218 - 221 - 222 - 223 - 225 - 228 - 229 - 230 - 231 - 232 - 234 - 236 - 237 - 241 - 242 - 243 - 248 - 249 - 253 - 254 - 255 - 257 - 259 - 260 - 261 - 263 - 264 - 265 - 267 - 268 - 269 - 270 - 271 - 273 - 274 - 276 - 278 - 280 - 281 - 284 - 285 - 286 - 287 - 288 - 289 - 290 - 291 - 292 - 293 - 294 - 295 - 298 - 299 - 300 - 301 - 302 - 303 - 304 - 305 - 306 - 307 - 308 - 310 - 313 - 315 - 316 - 317 - 319 - 321 - 325 - 328 - 329 - 330 - 334 - 336 - 337 - 338 - 339 - 340 - 341 - 342 - 343 - 344 - 345 - 347 - 349 - 350 - 353 - 355 - 356 - 358 - 359 - 360 - 361 - 362 - 363 - 365 - 367 - 369 - 371 - 373 - 375 - 376 - 377 - 378 - 379 - 381 - 382 - 384 - 386 - 387 - 388 - 389 - 391 - 393 - 397 - 398 - 407 - 411 - 417 - 418 - 421 - 422 - 425 - 427 - 429 - 430 - 432 - 433 - 434 - 435 - 438 - 439 - 441 - 442 - 443 - 446 - 447 - 449 - 451 - 452 - 453 - 454 - 455 - 456 - 457 - 458 - 460 - 462 - 467 - 468 - 470 - 473 - 474 - 475 - 477 - 478 - 480 - 481 - 484 - 487 - 488 - 491 - 493 - 494 - 496 - 497 - 498,565096.8,3.1,92069,92597,160.5,Cost: 92069 & Capacity: 92597
0 - 2 - 3 - 4 - 8 - 10 - 13 - 17 - 18 - 19 - 20 - 21 - 22 - 24 - 25 - 26 - 27 - 29 - 30 - 31 - 32 - 34 - 36 - 37 - 38 - 39 - 40 - 42 - 43 - 44 - 46 - 49 - 50 - 51 - 54 - 55 - 56 - 58 - 60 - 61 - 62 - 63 - 64 - 66 - 67 - 70 - 71 - 72 - 73 - 74 - 75 - 76 - 79 - 80 - 82 - 83 - 86 - 89 - 92 - 98 - 101 - 102 - 103 - 104 - 108 - 111 - 112 - 113 - 114 - 116 - 118 - 119 - 120 - 121 - 122 - 124 - 125 - 126 - 127 - 128 - 130 - 131 - 132 - 133 - 134 - 135 - 136 - 137 - 139 - 142 - 143 - 144 - 145 - 148 - 150 - 153 - 154 - 155 - 157 - 159 - 163 - 164 - 166 - 167 - 174 - 175 - 176 - 177 - 178 - 179 - 180 - 183 - 184 - 185 - 189 - 193 - 198 - 199 - 202 - 203 - 204 - 205 - 208 - 210 - 211 - 212 - 213 - 214 - 215 - 216 - 218 - 221 - 222 - 223 - 225 - 228 - 229 - 230 - 231 - 232 - 234 - 236 - 237 - 241 - 242 - 243 - 248 - 249 - 253 - 254 - 255 - 257 - 259 - 260 - 261 - 263 - 264 - 265 - 267 - 268 - 269 - 270 - 271 - 273 - 274 - 276 - 278 - 280 - 281 - 284 - 285 - 286 - 287 - 288 - 289 - 290 - 291 - 292 - 294 - 295 - 298 - 299 - 300 - 301 - 302 - 303 - 304 - 305 - 306 - 307 - 308 - 310 - 313 - 315 - 316 - 317 - 319 - 321 - 325 - 328 - 329 - 330 - 334 - 336 - 337 - 338 - 339 - 340 - 341 - 342 - 343 - 344 - 345 - 347 - 349 - 350 - 353 - 355 - 356 - 358 - 359 - 360 - 361 - 362 - 363 - 365 - 367 - 369 - 371 - 373 - 375 - 376 - 377 - 378 - 379 - 381 - 382 - 384 - 386 - 387 - 388 - 389 - 391 - 393 - 397 - 398 - 411 - 417 - 418 - 421 - 422 - 425 - 427 - 429 - 430 - 432 - 433 - 434 - 435 - 438 - 439 - 441 - 442 - 443 - 446 - 447 - 449 - 451 - 452 - 453 - 454 - 455 - 456 - 457 - 458 - 460 - 462 - 467 - 468 - 470 - 473 - 474 - 475 - 477 - 478 - 480 - 481 - 484 - 487 - 488 - 491 - 493 - 494 - 496 - 497 - 498,564795.8,3.1,92058,92707,164.02,Cost: 92058 & Capacity: 92707
2 - 3 - 4 - 8 - 10 - 13 - 17 - 18 - 19 - 20 - 21 - 22 - 24 - 25 - 26 - 27 - 29 - 30 - 31 - 32 - 34 - 36 - 37 - 38 - 39 - 40 - 42 - 43 - 44 - 46 - 49 - 50 - 51 - 54 - 55 - 56 - 58 - 60 - 61 - 62 - 63 - 64 - 66 - 67 - 70 - 71 - 72 - 73 - 74 - 75 - 76 - 79 - 80 - 82 - 83 - 86 - 89 - 92 - 98 - 101 - 102 - 103 - 104 - 108 - 111 - 112 - 113 - 114 - 116 - 118 - 119 - 120 - 121 - 122 - 124 - 125 - 127 - 128 - 130 - 131 - 132 - 133 - 134 - 135 - 136 - 137 - 139 - 142 - 143 - 144 - 145 - 148 - 150 - 153 - 154 - 155 - 157 - 159 - 163 - 164 - 166 - 167 - 174 - 176 - 177 - 178 - 179 - 180 - 183 - 184 - 185 - 189 - 193 - 198 - 199 - 201 - 202 - 203 - 204 - 205 - 208 - 210 - 211 - 212 - 213 - 214 - 215 - 216 - 218 - 221 - 222 - 223 - 225 - 228 - 229 - 230 - 231 - 232 - 234 - 236 - 237 - 241 - 242 - 243 - 248 - 249 - 253 - 254 - 255 - 257 - 259 - 260 - 261 - 263 - 264 - 265 - 267 - 268 - 269 - 270 - 271 - 273 - 274 - 276 - 278 - 280 - 281 - 284 - 285 - 286 - 287 - 288 - 289 - 290 - 291 - 292 - 293 - 294 - 295 - 298 - 299 - 300 - 301 - 302 - 303 - 304 - 305 - 306 - 307 - 308 - 310 - 313 - 315 - 316 - 317 - 319 - 321 - 325 - 328 - 329 - 330 - 334 - 336 - 337 - 338 - 339 - 340 - 341 - 342 - 343 - 344 - 345 - 347 - 349 - 350 - 353 - 355 - 356 - 358 - 359 - 360 - 361 - 362 - 363 - 365 - 367 - 369 - 371 - 373 - 375 - 376 - 377 - 378 - 379 - 381 - 382 - 384 - 386 - 387 - 388 - 389 - 391 - 393 - 397 - 398 - 407 - 411 - 417 - 418 - 421 - 422 - 425 - 427 - 429 - 430 - 432 - 433 - 434 - 435 - 438 - 439 - 441 - 442 - 443 - 446 - 447 - 449 - 451 - 452 - 453 - 454 - 455 - 456 - 457 - 458 - 460 - 462 - 467 - 468 - 470 - 473 - 474 - 475 - 477 - 478 - 480 - 481 - 484 - 487 - 488 - 491 - 493 - 494 - 496 - 497 - 498,565096.8,3.1,92069,92597,167.48,Cost: 92069 & Capacity: 92597
0 - 2 - 3 - 4 - 8 - 10 - 13 - 17 - 18 - 19 - 20 - 21 - 22 - 24 - 25 - 26 - 27 - 29 - 30 - 31 - 32 - 34 - 36 - 37 - 38 - 39 - 40 - 42 - 43 - 44 - 46 - 49 - 50 - 51 - 54 - 55 - 56 - 58 - 60 - 61 - 62 - 63 - 64 - 66 - 67 - 70 - 71 - 72 - 73 - 74 - 75 - 76 - 79 - 80 - 82 - 83 - 86 - 89 - 92 - 98 - 101 - 102 - 103 - 104 - 108 - 111 - 112 - 113 - 114 - 116 - 118 - 119 - 120 - 121 - 122 - 124 - 125 - 126 - 127 - 128 - 130 - 131 - 132 - 133 - 134 - 135 - 136 - 137 - 139 - 142 - 143 - 144 - 145 - 148 - 150 - 153 - 154 - 155 - 157 - 159 - 163 - 164 - 166 - 167 - 174 - 175 - 176 - 177 - 178 - 179 - 180 - 183 - 184 - 185 - 189 - 193 - 198 - 199 - 202 - 203 - 204 - 205 - 208 - 210 - 211 - 212 - 213 - 214 - 215 - 216 - 218 - 221 - 222 - 223 - 225 - 228 - 229 - 230 - 231 - 232 - 234 - 236 - 237 - 241 - 242 - 243 - 248 - 249 - 253 - 254 - 255 - 257 - 259 - 260 - 261 - 263 - 264 - 265 - 267 - 268 - 269 - 270 - 271 - 273 - 274 - 276 - 278 - 280 - 281 - 284 - 285 - 286 - 287 - 288 - 289 - 290 - 291 - 292 - 294 - 295 - 298 - 299 - 300 - 301 - 302 - 303 - 304 - 305 - 306 - 307 - 308 - 310 - 313 - 315 - 316 - 317 - 319 - 321 - 325 - 328 - 329 - 330 - 334 - 336 - 337 - 338 - 339 - 340 - 341 - 342 - 343 - 344 - 345 - 347 - 349 - 350 - 353 - 355 - 356 - 358 - 359 - 360 - 361 - 362 - 363 - 365 - 367 - 369 - 371 - 373 - 375 - 376 - 377 - 378 - 379 - 381 - 382 - 384 - 386 - 387 - 388 - 389 - 391 - 393 - 397 - 398 - 411 - 417 - 418 - 421 - 422 - 425 - 427 - 429 - 430 - 432 - 433 - 434 - 435 - 438 - 439 - 441 - 442 - 443 - 446 - 447 - 449 - 451 - 452 - 453 - 454 - 455 - 456 - 457 - 458 - 460 - 462 - 467 - 468 - 470 - 473 - 474 - 475 - 477 - 478 - 480 - 481 - 484 - 487 - 488 - 491 - 493 - 494 - 496 - 497 - 498,564795.8,3.1,92058,92707,171.25,Cost: 92058 & Capacity: 92707
2 - 3 - 4 - 8 - 10 - 13 - 17 - 18 - 19 - 20 - 21 - 22 - 24 - 25 - 26 - 27 - 29 - 30 - 31 - 32 - 34 - 36 - 37 - 38 - 39 - 40 - 42 - 43 - 44 - 46 - 49 - 50 - 51 - 54 - 55 - 56 - 58 - 60 - 61 - 62 - 63 - 64 - 66 - 67 - 70 - 71 - 72 - 73 - 74 - 75 - 76 - 79 - 80 - 82 - 83 - 86 - 89 - 92 - 98 - 101 - 102 - 103 - 104 - 108 - 111 - 112 - 113 - 114 - 116 - 118 - 119 - 120 - 121 - 122 - 124 - 125 - 127 - 128 - 130 - 131 - 132 - 133 - 134 - 135 - 136 - 137 - 139 - 142 - 143 - 144 - 145 - 148 - 150 - 153 - 154 - 155 - 157 - 159 - 163 - 164 - 166 - 167 - 174 - 176 - 177 - 178 - 179 - 180 - 183 - 184 - 185 - 189 - 193 - 198 - 199 - 201 - 202 - 203 - 204 - 205 - 208 - 210 - 211 - 212 - 213 - 214 - 215 - 216 - 218 - 221 - 222 - 223 - 225 - 228 - 229 - 230 - 231 - 232 - 234 - 236 - 237 - 241 - 242 - 243 - 248 - 249 - 253 - 254 - 255 - 257 - 259 - 260 - 261 - 263 - 264 - 265 - 267 - 268 - 269 - 270 - 271 - 273 - 274 - 276 - 278 - 280 - 281 - 284 - 285 - 286 - 287 - 288 - 289 - 290 - 291 - 292 - 293 - 294 - 295 - 298 - 299 - 300 - 301 - 302 - 303 - 304 - 305 - 306 - 307 - 308 - 310 - 313 - 315 - 316 - 317 - 319 - 321 - 325 - 328 - 329 - 330 - 334 - 336 - 337 - 338 - 339 - 340 - 341 - 342 - 343 - 344 - 345 - 347 - 349 - 350 - 353 - 355 - 356 - 358 - 359 - 360 - 361 - 362 - 363 - 365 - 367 - 369 - 371 - 373 - 375 - 376 - 377 - 378 - 379 - 381 - 382 - 384 - 386 - 387 - 388 - 389 - 391 - 393 - 397 - 398 - 407 - 411 - 417 - 418 - 421 - 422 - 425 - 427 - 429 - 430 - 432 - 433 - 434 - 435 - 438 - 439 - 441 - 442 - 443 - 446 - 447 - 449 - 451 - 452 - 453 - 454 - 455 - 456 - 457 - 458 - 460 - 462 - 467 - 468 - 470 - 473 - 474 - 475 - 477 - 478 - 480 - 481 - 484 - 487 - 488 - 491 - 493 - 494 - 496 - 497 - 498,565096.8,3.1,92069,92597,172.54,Cost: 92069 & Capacity: 92597
0 - 2 - 3 - 4 - 8 - 10 - 13 - 17 - 18 - 19 - 20 - 21 - 22 - 24 - 25 - 26 - 27 - 29 - 30 - 31 - 32 - 34 - 36 - 37 - 38 - 39 - 40 - 42 - 43 - 44 - 46 - 49 - 50 - 51 - 54 - 55 - 56 - 58 - 60 - 61 - 62 - 63 - 64 - 66 - 67 - 70 - 71 - 72 - 73 - 74 - 75 - 76 - 79 - 80 - 82 - 83 - 86 - 89 - 92 - 98 - 101 - 102 - 103 - 104 - 108 - 111 - 112 - 113 - 114 - 116 - 118 - 119 - 120 - 121 - 122 - 124 - 125 - 126 - 127 - 128 - 130 - 131 - 132 - 133 - 134 - 135 - 136 - 137 - 139 - 142 - 143 - 144 - 145 - 148 - 150 - 153 - 154 - 155 - 157 - 159 - 163 - 164 - 166 - 167 - 174 - 175 - 176 - 177 - 178 - 179 - 180 - 183 - 184 - 185 - 189 - 193 - 198 - 199 - 202 - 203 - 204 - 205 - 208 - 210 - 211 - 212 - 213 - 214 - 215 - 216 - 218 - 221 - 222 - 223 - 225 - 228 - 229 - 230 - 231 - 232 - 234 - 236 - 237 - 241 - 242 - 243 - 248 - 249 - 253 - 254 - 255 - 257 - 259 - 260 - 261 - 263 - 264 - 265 - 267 - 268 - 269 - 270 - 271 - 273 - 274 - 276 - 278 - 280 - 281 - 284 - 285 - 286 - 287 - 288 - 289 - 290 - 291 - 292 - 294 - 295 - 298 - 299 - 300 - 301 - 302 - 303 - 304 - 305 - 306 - 307 - 308 - 310 - 313 - 315 - 316 - 317 - 319 - 321 - 325 - 328 - 329 - 330 - 334 - 336 - 337 - 338 - 339 - 340 - 341 - 342 - 343 - 344 - 345 - 347 - 349 - 350 - 353 - 355 - 356 - 358 - 359 - 360 - 361 - 362 - 363 - 365 - 367 - 369 - 371 - 373 - 375 - 376 - 377 - 378 - 379 - 381 - 382 - 384 - 386 - 387 - 388 - 389 - 391 - 393 - 397 - 398 - 411 - 417 - 418 - 421 - 422 - 425 - 427 - 429 - 430 - 432 - 433 - 434 - 435 - 438 - 439 - 441 - 442 - 443 - 446 - 447 - 449 - 451 - 452 - 453 - 454 - 455 - 456 - 457 - 458 - 460 - 462 - 467 - 468 - 470 - 473 - 474 - 475 - 477 - 478 - 480 - 481 - 484 - 487 - 488 - 491 - 493 - 494 - 496 - 497 - 498,564795.8,3.1,92058,92707,174.41,Cost: 92058 & Capacity: 92707
2 - 3 - 4 - 8 - 10 - 12 - 13 - 17 - 18 - 19 - 20 - 21 - 25 - 26 - 27 - 28 - 29 - 30 - 31 - 32 - 34 - 35 - 36 - 37 - 39 - 40 - 42 - 43 - 44 - 45 - 46 - 49 - 50 - 51 - 54 - 55 - 56 - 58 - 60 - 61 - 62 - 64 - 66 - 67 - 68 - 69 - 70 - 71 - 72 - 73 - 74 - 75 - 76 - 77 - 79 - 80 - 82 - 83 - 86 - 87 - 89 - 92 - 101 - 102 - 104 - 108 - 111 - 112 - 113 - 114 - 116 - 117 - 119 - 120 - 122 - 124 - 125 - 126 - 127 - 129 - 130 - 131 - 133 - 135 - 137 - 139 - 142 - 143 - 145 - 148 - 150 - 153 - 154 - 157 - 159 - 166 - 167 - 169 - 174 - 176 - 177 - 178 - 179 - 180 - 181 - 184 - 185 - 193 - 196 - 197 - 201 - 202 - 203 - 204 - 205 - 208 - 210 - 211 - 213 - 214 - 215 - 216 - 218 - 221 - 222 - 223 - 225 - 226 - 228 - 229 - 231 - 232 - 234 - 237 - 239 - 241 - 249 - 253 - 254 - 255 - 257 - 259 - 260 - 261 - 263 - 264 - 266 - 267 - 269 - 270 - 271 - 273 - 274 - 276 - 279 - 281 - 284 - 287 - 289 - 290 - 291 - 292 - 293 - 294 - 295 - 298 - 301 - 302 - 303 - 304 - 305 - 306 - 307 - 310 - 315 - 316 - 317 - 319 - 321 - 325 - 327 - 328 - 329 - 330 - 333 - 334 - 337 - 340 - 342 - 343 - 345 - 347 - 349 - 350 - 353 - 355 - 356 - 358 - 359 - 362 - 363 - 365 - 369 - 371 - 373 - 374 - 376 - 377 - 378 - 379 - 381 - 382 - 386 - 387 - 388 - 389 - 391 - 392 - 393 - 397 - 402 - 406 - 407 - 409 - 411 - 417 - 418 - 421 - 422 - 423 - 430 - 432 - 433 - 434 - 438 - 439 - 441 - 443 - 446 - 447 - 449 - 451 - 452 - 453 - 455 - 456 - 457 - 458 - 460 - 462 - 467 - 468 - 470 - 473 - 474 - 477 - 478 - 479 - 481 - 484 - 488 - 491 - 492 - 493 - 494 - 496 - 497 - 498,468637.0,5.6,92034,88182,174.72,Cost: 92034 & Capacity: 88182
0 - 2 - 3 - 4 - 8 - 10 - 13 - 17 - 18 - 19 - 20 - 21 - 22 - 24 - 25 - 26 - 27 - 29 - 30 - 31 - 32 - 34 - 36 - 37 - 38 - 39 - 40 - 42 - 43 - 44 - 46 - 49 - 50 - 51 - 54 - 55 - 56 - 58 - 60 - 61 - 62 - 63 - 64 - 66 - 67 - 70 - 71 - 72 - 73 - 74 - 75 - 76 - 79 - 80 - 82 - 83 - 86 - 89 - 92 - 98 - 101 - 102 - 103 - 104 - 108 - 111 - 112 - 113 - 114 - 116 - 118 - 119 - 120 - 121 - 122 - 124 - 125 - 126 - 127 - 128 - 130 - 131 - 132 - 133 - 134 - 135 - 136 - 137 - 139 - 142 - 143 - 144 - 145 - 148 - 150 - 153 - 154 - 155 - 157 - 159 - 163 - 164 - 166 - 167 - 174 - 175 - 176 - 177 - 178 - 179 - 180 - 183 - 184 - 185 - 189 - 193 - 198 - 199 - 202 - 203 - 204 - 205 - 208 - 210 - 211 - 212 - 213 - 214 - 215 - 216 - 218 - 221 - 222 - 223 - 225 - 228 - 229 - 230 - 231 - 232 - 234 - 236 - 237 - 241 - 242 - 243 - 248 - 249 - 253 - 254 - 255 - 257 - 259 - 260 - 261 - 263 - 264 - 265 - 267 - 268 - 269 - 270 - 271 - 273 - 274 - 276 - 278 - 280 - 281 - 284 - 285 - 286 - 287 - 288 - 289 - 290 - 291 - 292 - 294 - 295 - 298 - 299 - 300 - 301 - 302 - 303 - 304 - 305 - 306 - 307 - 308 - 310 - 313 - 315 - 316 - 317 - 319 - 321 - 325 - 328 - 329 - 330 - 334 - 336 - 337 - 338 - 339 - 340 - 341 - 342 - 343 - 344 - 345 - 347 - 349 - 350 - 353 - 355 - 356 - 358 - 359 - 360 - 361 - 362 - 363 - 365 - 367 - 369 - 371 - 373 - 375 - 376 - 377 - 378 - 379 - 381 - 382 - 384 - 386 - 387 - 388 - 389 - 391 - 393 - 397 - 398 - 411 - 417 - 418 - 421 - 422 - 425 - 427 - 429 - 430 - 432 - 433 - 434 - 435 - 438 - 439 - 441 - 442 - 443 - 446 - 447 - 449 - 451 - 452 - 453 - 454 - 455 - 456 - 457 - 458 - 460 - 462 - 467 - 468 - 470 - 473 - 474 - 475 - 477 - 478 - 480 - 481 - 484 - 487 - 488 - 491 - 493 - 494 - 496 - 497 - 498,564795.8,3.1,92058,92707,177.88,Cost: 92058 & Capacity: 92707
