Nodes,MaxSum,MaxMin,Cost,Capacity,Time,Constraint values
9 - 19 - 23 - 32 - 34 - 36 - 38 - 51 - 56 - 57 - 61 - 63 - 65 - 80 - 84 - 88 - 93 - 115 - 118 - 119 - 120 - 129 - 133 - 134 - 136 - 159 - 160 - 163 - 166 - 169 - 172 - 184 - 186 - 191 - 193 - 210 - 211 - 214 - 225 - 230 - 232 - 263 - 264 - 271 - 273 - 278 - 280 - 285 - 290 - 301 - 305 - 307 - 308 - 336 - 337 - 341 - 349 - 354 - 372 - 376 - 379 - 384 - 385 - 398 - 410 - 411 - 417 - 422 - 424 - 429 - 439 - 440 - 449 - 457 - 458 - 473 - 479 - 485 - 486,1630522.9,35.9,63078,50069,2.17,Cost: 63078 & Capacity: 50069
9 - 19 - 23 - 31 - 32 - 34 - 36 - 38 - 51 - 56 - 57 - 61 - 63 - 65 - 67 - 80 - 84 - 88 - 93 - 115 - 118 - 119 - 120 - 129 - 133 - 134 - 136 - 150 - 158 - 159 - 160 - 163 - 166 - 169 - 172 - 184 - 186 - 191 - 193 - 197 - 210 - 211 - 214 - 225 - 230 - 232 - 235 - 263 - 264 - 271 - 273 - 278 - 280 - 285 - 290 - 301 - 305 - 307 - 308 - 310 - 313 - 336 - 337 - 341 - 349 - 354 - 372 - 376 - 379 - 384 - 385 - 398 - 410 - 411 - 417 - 422 - 424 - 429 - 439 - 440 - 449 - 455 - 457 - 458 - 473 - 479 - 485 - 486,2007896.0,34.0,67320,53539,2.17,Cost: 67320 & Capacity: 53539
9 - 10 - 16 - 20 - 24 - 25 - 30 - 31 - 39 - 41 - 47 - 50 - 62 - 63 - 68 - 73 - 75 - 78 - 90 - 92 - 98 - 100 - 106 - 123 - 125 - 138 - 141 - 143 - 145 - 148 - 160 - 161 - 162 - 170 - 173 - 183 - 188 - 189 - 202 - 210 - 211 - 221 - 223 - 225 - 227 - 230 - 232 - 236 - 237 - 248 - 256 - 259 - 270 - 273 - 275 - 277 - 285 - 288 - 298 - 301 - 306 - 310 - 325 - 326 - 336 - 346 - 355 - 361 - 365 - 368 - 369 - 378 - 387 - 389 - 390 - 391 - 393 - 400 - 410 - 411 - 426 - 429 - 435 - 437 - 439 - 441 - 442 - 444 - 447 - 448 - 460 - 462 - 464 - 468 - 471 - 473 - 489 - 494 - 496,2537223.6,29.8,60765,49943,5.97,Cost: 60765 & Capacity: 49943
9 - 10 - 16 - 20 - 24 - 25 - 30 - 31 - 39 - 41 - 47 - 50 - 56 - 62 - 63 - 68 - 73 - 75 - 78 - 90 - 92 - 98 - 100 - 106 - 123 - 125 - 138 - 141 - 143 - 145 - 148 - 160 - 161 - 162 - 170 - 173 - 183 - 188 - 189 - 202 - 210 - 211 - 221 - 223 - 225 - 227 - 230 - 232 - 236 - 237 - 248 - 256 - 259 - 270 - 273 - 275 - 277 - 285 - 288 - 298 - 301 - 306 - 310 - 321 - 325 - 326 - 336 - 346 - 355 - 361 - 365 - 368 - 369 - 378 - 387 - 389 - 390 - 391 - 393 - 400 - 410 - 411 - 426 - 429 - 435 - 437 - 439 - 441 - 442 - 444 - 447 - 448 - 460 - 462 - 464 - 468 - 471 - 473 - 489 - 494 - 496,2640186.8,29.3,62123,50796,5.97,Cost: 62123 & Capacity: 50796
1 - 3 - 4 - 5 - 7 - 8 - 9 - 12 - 14 - 15 - 16 - 17 - 20 - 21 - 22 - 25 - 26 - 27 - 28 - 30 - 31 - 34 - 35 - 38 - 39 - 40 - 43 - 45 - 46 - 47 - 48 - 49 - 50 - 52 - 53 - 54 - 55 - 58 - 59 - 62 - 63 - 68 - 70 - 71 - 72 - 74 - 77 - 88 - 90 - 91 - 93 - 94 - 102 - 104 - 108 - 109 - 110 - 112 - 113 - 114 - 116 - 117 - 118 - 121 - 122 - 123 - 130 - 131 - 132 - 133 - 137 - 140 - 141 - 142 - 144 - 146 - 147 - 150 - 152 - 156 - 157 - 159 - 161 - 163 - 166 - 170 - 171 - 172 - 174 - 178 - 180 - 181 - 182 - 184 - 186 - 189 - 192 - 193 - 194 - 195 - 196 - 198 - 201 - 205 - 206 - 207 - 209 - 212 - 214 - 215 - 217 - 220 - 223 - 227 - 228 - 229 - 231 - 235 - 236 - 237 - 238 - 239 - 242 - 244 - 248 - 252 - 253 - 256 - 257 - 258 - 259 - 261 - 262 - 265 - 266 - 269 - 270 - 271 - 272 - 273 - 274 - 275 - 276 - 277 - 278 - 279 - 280 - 282 - 284 - 285 - 286 - 288 - 292 - 294 - 295 - 296 - 298 - 303 - 304 - 305 - 310 - 312 - 313 - 314 - 315 - 319 - 320 - 321 - 322 - 326 - 329 - 331 - 332 - 333 - 334 - 339 - 342 - 346 - 348 - 349 - 350 - 351 - 353 - 356 - 357 - 358 - 360 - 363 - 366 - 367 - 369 - 372 - 373 - 377 - 378 - 381 - 386 - 387 - 388 - 390 - 392 - 394 - 396 - 400 - 401 - 403 - 404 - 406 - 408 - 410 - 414 - 415 - 421 - 424 - 426 - 427 - 429 - 430 - 431 - 432 - 433 - 437 - 442 - 443 - 445 - 446 - 447 - 449 - 451 - 452 - 457 - 459 - 464 - 465 - 466 - 471 - 475 - 477 - 478 - 480 - 484 - 488 - 489 - 490 - 491 - 493 - 494 - 495 - 498,15435599.4,2.4,89689,88697,9.98,Cost: 89689 & Capacity: 88697
1 - 2 - 3 - 5 - 6 - 7 - 8 - 9 - 10 - 12 - 13 - 14 - 15 - 16 - 17 - 20 - 21 - 22 - 23 - 24 - 26 - 27 - 28 - 30 - 31 - 32 - 34 - 35 - 38 - 39 - 40 - 45 - 46 - 47 - 48 - 49 - 51 - 52 - 53 - 54 - 55 - 58 - 59 - 60 - 62 - 65 - 66 - 70 - 71 - 72 - 73 - 74 - 75 - 76 - 77 - 78 - 82 - 86 - 88 - 91 - 92 - 93 - 94 - 95 - 102 - 103 - 104 - 108 - 109 - 110 - 111 - 112 - 113 - 114 - 116 - 117 - 118 - 119 - 121 - 122 - 123 - 124 - 130 - 131 - 133 - 134 - 137 - 139 - 140 - 141 - 144 - 146 - 147 - 150 - 151 - 152 - 154 - 156 - 157 - 159 - 160 - 161 - 163 - 165 - 166 - 167 - 169 - 174 - 177 - 180 - 181 - 185 - 186 - 187 - 189 - 190 - 192 - 195 - 196 - 198 - 199 - 201 - 203 - 204 - 205 - 206 - 207 - 209 - 212 - 213 - 214 - 215 - 216 - 220 - 222 - 223 - 224 - 225 - 227 - 228 - 229 - 230 - 231 - 235 - 236 - 237 - 239 - 242 - 244 - 246 - 248 - 250 - 252 - 253 - 256 - 257 - 258 - 259 - 261 - 262 - 263 - 264 - 265 - 266 - 268 - 269 - 270 - 274 - 275 - 276 - 277 - 279 - 280 - 281 - 282 - 283 - 284 - 286 - 287 - 288 - 289 - 292 - 295 - 296 - 298 - 303 - 304 - 310 - 311 - 312 - 313 - 314 - 316 - 318 - 319 - 320 - 321 - 322 - 324 - 326 - 329 - 331 - 332 - 333 - 334 - 336 - 339 - 340 - 341 - 342 - 346 - 349 - 351 - 352 - 353 - 355 - 356 - 357 - 360 - 363 - 366 - 368 - 369 - 371 - 372 - 373 - 375 - 377 - 378 - 380 - 381 - 382 - 386 - 387 - 389 - 390 - 394 - 396 - 397 - 400 - 401 - 402 - 403 - 404 - 406 - 408 - 411 - 413 - 414 - 415 - 419 - 420 - 421 - 423 - 424 - 425 - 426 - 427 - 429 - 430 - 433 - 435 - 436 - 437 - 438 - 442 - 445 - 446 - 447 - 449 - 450 - 451 - 452 - 453 - 455 - 457 - 459 - 464 - 465 - 466 - 467 - 468 - 474 - 478 - 480 - 482 - 488 - 490 - 491 - 492 - 493 - 494 - 495 - 496 - 499,21677747.4,0.1,87758,92334,13.44,Cost: 87758 & Capacity: 92334
1 - 3 - 4 - 5 - 7 - 8 - 9 - 12 - 14 - 15 - 16 - 17 - 20 - 21 - 22 - 24 - 25 - 26 - 27 - 28 - 30 - 31 - 34 - 35 - 38 - 39 - 40 - 43 - 45 - 46 - 47 - 48 - 49 - 50 - 52 - 53 - 54 - 55 - 58 - 59 - 62 - 63 - 68 - 70 - 71 - 72 - 74 - 77 - 86 - 88 - 90 - 91 - 93 - 94 - 102 - 104 - 108 - 109 - 110 - 112 - 113 - 114 - 116 - 117 - 118 - 121 - 122 - 123 - 130 - 131 - 132 - 133 - 137 - 140 - 141 - 142 - 144 - 146 - 147 - 150 - 152 - 156 - 157 - 159 - 161 - 163 - 170 - 171 - 172 - 174 - 178 - 180 - 181 - 182 - 184 - 186 - 189 - 192 - 194 - 195 - 196 - 198 - 201 - 205 - 206 - 207 - 209 - 212 - 214 - 215 - 217 - 220 - 223 - 227 - 228 - 229 - 231 - 235 - 236 - 237 - 238 - 239 - 242 - 244 - 248 - 252 - 253 - 256 - 257 - 258 - 259 - 261 - 262 - 265 - 266 - 269 - 270 - 271 - 272 - 273 - 274 - 275 - 276 - 277 - 278 - 279 - 280 - 282 - 284 - 285 - 286 - 288 - 292 - 294 - 295 - 296 - 298 - 303 - 304 - 305 - 310 - 312 - 313 - 314 - 315 - 319 - 320 - 321 - 322 - 326 - 329 - 331 - 332 - 333 - 334 - 339 - 342 - 346 - 348 - 349 - 350 - 351 - 353 - 356 - 357 - 358 - 360 - 363 - 366 - 367 - 369 - 372 - 373 - 378 - 381 - 386 - 387 - 388 - 390 - 392 - 394 - 396 - 400 - 401 - 403 - 404 - 406 - 408 - 410 - 414 - 415 - 421 - 424 - 426 - 427 - 429 - 430 - 431 - 432 - 437 - 442 - 443 - 445 - 446 - 447 - 449 - 451 - 452 - 457 - 459 - 464 - 465 - 466 - 471 - 475 - 477 - 478 - 480 - 484 - 488 - 489 - 490 - 491 - 493 - 494 - 495 - 498,15185604.2,2.5,89060,87848,15.86,Cost: 89060 & Capacity: 87848
7 - 8 - 14 - 16 - 18 - 19 - 20 - 27 - 30 - 31 - 33 - 34 - 35 - 36 - 38 - 43 - 45 - 48 - 51 - 52 - 59 - 60 - 62 - 66 - 72 - 76 - 77 - 78 - 85 - 89 - 91 - 92 - 94 - 95 - 100 - 103 - 106 - 108 - 109 - 110 - 117 - 119 - 133 - 134 - 135 - 139 - 140 - 147 - 150 - 151 - 155 - 157 - 158 - 159 - 164 - 167 - 169 - 170 - 171 - 172 - 178 - 185 - 188 - 193 - 195 - 208 - 211 - 212 - 216 - 222 - 227 - 231 - 232 - 244 - 259 - 260 - 262 - 263 - 266 - 267 - 268 - 272 - 273 - 281 - 288 - 290 - 298 - 299 - 301 - 312 - 316 - 317 - 321 - 322 - 329 - 338 - 344 - 354 - 357 - 359 - 362 - 363 - 368 - 370 - 371 - 372 - 376 - 378 - 380 - 394 - 395 - 401 - 403 - 404 - 406 - 407 - 412 - 417 - 419 - 420 - 428 - 429 - 430 - 431 - 432 - 433 - 436 - 440 - 443 - 448 - 449 - 455 - 456 - 461 - 466 - 468 - 478 - 479 - 480 - 481 - 486 - 489 - 490 - 498 - 499,5352721.2,15.9,88275,71285,16.08,Cost: 88275 & Capacity: 71285
7 - 8 - 14 - 16 - 18 - 19 - 20 - 27 - 30 - 31 - 33 - 34 - 35 - 36 - 38 - 43 - 45 - 48 - 51 - 52 - 59 - 60 - 62 - 66 - 72 - 76 - 77 - 78 - 85 - 89 - 91 - 92 - 94 - 95 - 100 - 103 - 106 - 108 - 109 - 110 - 117 - 119 - 133 - 134 - 135 - 139 - 140 - 147 - 150 - 151 - 155 - 157 - 158 - 159 - 164 - 167 - 169 - 170 - 171 - 172 - 178 - 185 - 188 - 193 - 195 - 208 - 211 - 212 - 216 - 222 - 227 - 231 - 232 - 244 - 259 - 260 - 262 - 263 - 266 - 267 - 268 - 272 - 273 - 281 - 288 - 290 - 298 - 299 - 301 - 312 - 316 - 317 - 321 - 322 - 329 - 338 - 344 - 354 - 357 - 359 - 362 - 363 - 368 - 370 - 371 - 372 - 376 - 378 - 380 - 394 - 395 - 396 - 401 - 403 - 404 - 406 - 407 - 412 - 417 - 419 - 420 - 428 - 429 - 430 - 431 - 432 - 433 - 436 - 440 - 443 - 448 - 449 - 455 - 456 - 461 - 466 - 468 - 478 - 479 - 480 - 481 - 486 - 489 - 490 - 498 - 499,5425899.5,15.7,88361,71346,16.08,Cost: 88361 & Capacity: 71346
7 - 8 - 14 - 16 - 18 - 19 - 20 - 27 - 30 - 31 - 33 - 34 - 35 - 36 - 38 - 43 - 45 - 48 - 51 - 52 - 59 - 60 - 62 - 66 - 72 - 76 - 77 - 78 - 85 - 89 - 91 - 92 - 94 - 95 - 100 - 103 - 106 - 108 - 109 - 110 - 117 - 119 - 133 - 134 - 135 - 139 - 140 - 147 - 150 - 151 - 155 - 157 - 158 - 159 - 164 - 167 - 169 - 170 - 171 - 172 - 178 - 185 - 188 - 193 - 195 - 208 - 211 - 212 - 216 - 222 - 227 - 231 - 232 - 244 - 259 - 260 - 262 - 263 - 266 - 267 - 268 - 272 - 273 - 281 - 288 - 290 - 298 - 299 - 301 - 312 - 316 - 317 - 321 - 322 - 329 - 338 - 344 - 354 - 357 - 359 - 362 - 363 - 368 - 370 - 371 - 372 - 376 - 378 - 380 - 394 - 395 - 396 - 401 - 403 - 404 - 405 - 406 - 407 - 412 - 417 - 419 - 420 - 428 - 429 - 430 - 431 - 432 - 433 - 436 - 440 - 443 - 448 - 449 - 455 - 456 - 461 - 466 - 468 - 478 - 479 - 480 - 481 - 486 - 489 - 490 - 498 - 499,5502572.1,15.4,89455,72188,16.08,Cost: 89455 & Capacity: 72188
7 - 8 - 14 - 16 - 18 - 19 - 20 - 27 - 30 - 31 - 33 - 34 - 35 - 36 - 38 - 43 - 45 - 48 - 51 - 52 - 59 - 60 - 62 - 66 - 72 - 76 - 77 - 78 - 85 - 89 - 91 - 92 - 94 - 95 - 100 - 103 - 106 - 108 - 109 - 110 - 117 - 119 - 133 - 134 - 135 - 139 - 140 - 147 - 150 - 151 - 155 - 157 - 158 - 159 - 164 - 167 - 169 - 170 - 171 - 172 - 178 - 185 - 188 - 193 - 195 - 208 - 211 - 212 - 216 - 222 - 227 - 231 - 232 - 244 - 252 - 259 - 260 - 262 - 263 - 266 - 267 - 268 - 272 - 273 - 281 - 288 - 290 - 298 - 299 - 301 - 312 - 316 - 317 - 321 - 322 - 329 - 338 - 344 - 354 - 357 - 359 - 362 - 363 - 368 - 370 - 371 - 372 - 376 - 378 - 380 - 394 - 395 - 396 - 401 - 403 - 404 - 405 - 406 - 407 - 412 - 417 - 419 - 420 - 428 - 429 - 430 - 431 - 432 - 433 - 436 - 437 - 440 - 443 - 448 - 449 - 455 - 456 - 461 - 466 - 468 - 478 - 479 - 480 - 481 - 486 - 489 - 490 - 498 - 499,5658197.8,15.0,89663,72385,16.08,Cost: 89663 & Capacity: 72385
4 - 11 - 16 - 20 - 35 - 36 - 39 - 41 - 44 - 47 - 50 - 51 - 54 - 59 - 63 - 64 - 69 - 73 - 76 - 78 - 82 - 88 - 90 - 94 - 95 - 96 - 101 - 102 - 105 - 106 - 112 - 117 - 119 - 121 - 130 - 137 - 139 - 143 - 145 - 150 - 154 - 160 - 161 - 163 - 172 - 173 - 177 - 181 - 182 - 188 - 210 - 215 - 217 - 221 - 223 - 229 - 230 - 231 - 232 - 236 - 252 - 258 - 264 - 267 - 273 - 278 - 288 - 290 - 299 - 309 - 321 - 328 - 329 - 333 - 335 - 336 - 337 - 342 - 346 - 359 - 363 - 370 - 374 - 377 - 379 - 388 - 393 - 403 - 404 - 409 - 410 - 415 - 418 - 422 - 424 - 426 - 427 - 428 - 431 - 432 - 437 - 439 - 441 - 446 - 448 - 463 - 464 - 465 - 466 - 467 - 468 - 471 - 473 - 483 - 487 - 489 - 492,3540397.8,22.1,73679,60298,18.28,Cost: 73679 & Capacity: 60298
4 - 11 - 16 - 20 - 35 - 36 - 39 - 41 - 43 - 44 - 47 - 50 - 51 - 54 - 59 - 63 - 64 - 69 - 73 - 76 - 78 - 82 - 84 - 88 - 90 - 94 - 95 - 96 - 101 - 102 - 105 - 106 - 112 - 117 - 119 - 121 - 130 - 134 - 137 - 139 - 143 - 145 - 150 - 154 - 160 - 161 - 163 - 172 - 173 - 177 - 181 - 182 - 188 - 210 - 215 - 217 - 221 - 223 - 229 - 230 - 231 - 232 - 236 - 252 - 258 - 264 - 267 - 268 - 272 - 273 - 278 - 288 - 290 - 299 - 309 - 321 - 324 - 328 - 329 - 333 - 335 - 336 - 337 - 342 - 344 - 346 - 359 - 363 - 370 - 374 - 377 - 379 - 388 - 393 - 400 - 403 - 404 - 409 - 410 - 415 - 418 - 420 - 422 - 424 - 426 - 427 - 428 - 431 - 432 - 437 - 439 - 441 - 446 - 448 - 463 - 464 - 465 - 466 - 467 - 468 - 471 - 473 - 483 - 487 - 489 - 491 - 492,4146570.3,19.5,78727,64402,18.28,Cost: 78727 & Capacity: 64402
4 - 11 - 16 - 20 - 35 - 36 - 39 - 41 - 43 - 44 - 47 - 50 - 51 - 54 - 59 - 63 - 64 - 69 - 73 - 76 - 78 - 82 - 84 - 88 - 90 - 94 - 95 - 96 - 101 - 102 - 105 - 106 - 112 - 117 - 119 - 121 - 130 - 134 - 137 - 139 - 143 - 145 - 150 - 154 - 160 - 161 - 163 - 172 - 173 - 177 - 181 - 182 - 188 - 210 - 215 - 217 - 221 - 223 - 229 - 230 - 231 - 232 - 236 - 252 - 258 - 264 - 267 - 268 - 272 - 273 - 278 - 288 - 290 - 299 - 304 - 309 - 321 - 324 - 328 - 329 - 333 - 335 - 336 - 337 - 342 - 344 - 346 - 359 - 363 - 370 - 374 - 377 - 379 - 388 - 393 - 400 - 403 - 404 - 409 - 410 - 415 - 418 - 420 - 422 - 424 - 426 - 427 - 428 - 431 - 432 - 437 - 439 - 441 - 446 - 448 - 463 - 464 - 465 - 466 - 467 - 468 - 471 - 473 - 483 - 487 - 489 - 491 - 492,4209068.6,19.4,78924,64772,18.28,Cost: 78924 & Capacity: 64772
4 - 11 - 16 - 20 - 33 - 35 - 36 - 39 - 41 - 43 - 44 - 47 - 50 - 51 - 54 - 59 - 63 - 64 - 69 - 73 - 76 - 78 - 82 - 84 - 88 - 90 - 94 - 95 - 96 - 101 - 102 - 105 - 106 - 112 - 117 - 119 - 121 - 130 - 134 - 137 - 139 - 143 - 145 - 150 - 154 - 160 - 161 - 163 - 172 - 173 - 177 - 181 - 182 - 188 - 210 - 215 - 217 - 221 - 223 - 229 - 230 - 231 - 232 - 236 - 252 - 258 - 264 - 267 - 268 - 272 - 273 - 278 - 288 - 290 - 299 - 304 - 309 - 321 - 324 - 328 - 329 - 333 - 335 - 336 - 337 - 342 - 344 - 346 - 359 - 363 - 370 - 374 - 377 - 379 - 388 - 393 - 400 - 403 - 404 - 409 - 410 - 415 - 418 - 420 - 422 - 424 - 426 - 427 - 428 - 431 - 432 - 437 - 439 - 441 - 446 - 448 - 463 - 464 - 465 - 466 - 467 - 468 - 471 - 473 - 483 - 487 - 489 - 491 - 492,4275842.9,19.2,79999,65328,18.28,Cost: 79999 & Capacity: 65328
0 - 6 - 7 - 9 - 19 - 20 - 25 - 28 - 53 - 56 - 60 - 68 - 88 - 90 - 99 - 106 - 118 - 123 - 126 - 128 - 131 - 132 - 133 - 137 - 138 - 141 - 146 - 150 - 151 - 155 - 159 - 163 - 170 - 172 - 175 - 185 - 188 - 190 - 192 - 215 - 223 - 229 - 230 - 232 - 243 - 259 - 266 - 273 - 274 - 285 - 291 - 299 - 304 - 310 - 318 - 326 - 330 - 338 - 347 - 356 - 357 - 359 - 361 - 363 - 376 - 377 - 383 - 387 - 388 - 394 - 395 - 400 - 410 - 422 - 426 - 427 - 429 - 435 - 436 - 438 - 440 - 441 - 442 - 448 - 449 - 462 - 467 - 468 - 473 - 479 - 487 - 489 - 490 - 492 - 494 - 496 - 499,2475464.4,33.1,60003,49416,19.54,Cost: 60003 & Capacity: 49416
0 - 6 - 7 - 9 - 19 - 20 - 25 - 28 - 53 - 56 - 60 - 68 - 88 - 90 - 99 - 106 - 118 - 123 - 126 - 128 - 131 - 132 - 133 - 137 - 138 - 141 - 146 - 150 - 151 - 155 - 159 - 163 - 170 - 172 - 175 - 185 - 188 - 190 - 192 - 215 - 223 - 229 - 230 - 232 - 243 - 259 - 266 - 273 - 274 - 285 - 291 - 299 - 304 - 310 - 318 - 326 - 330 - 338 - 347 - 356 - 357 - 359 - 361 - 363 - 376 - 377 - 383 - 387 - 388 - 394 - 395 - 400 - 410 - 422 - 426 - 427 - 429 - 435 - 436 - 438 - 440 - 441 - 442 - 448 - 449 - 462 - 466 - 467 - 468 - 473 - 479 - 487 - 489 - 490 - 492 - 494 - 496 - 499,2526874.2,32.8,60597,49991,19.54,Cost: 60597 & Capacity: 49991
0 - 6 - 7 - 9 - 19 - 20 - 25 - 28 - 53 - 56 - 60 - 68 - 88 - 90 - 99 - 106 - 118 - 123 - 126 - 128 - 131 - 132 - 133 - 137 - 138 - 141 - 146 - 150 - 151 - 155 - 159 - 163 - 170 - 172 - 175 - 185 - 188 - 190 - 192 - 215 - 217 - 218 - 223 - 229 - 230 - 232 - 243 - 259 - 266 - 273 - 274 - 285 - 291 - 299 - 304 - 305 - 310 - 318 - 326 - 330 - 338 - 347 - 356 - 357 - 359 - 361 - 363 - 376 - 377 - 383 - 387 - 388 - 394 - 395 - 400 - 410 - 422 - 426 - 427 - 429 - 435 - 436 - 438 - 440 - 441 - 442 - 448 - 449 - 462 - 466 - 467 - 468 - 473 - 479 - 487 - 489 - 490 - 492 - 494 - 496 - 499,2678225.4,29.1,63483,51687,19.54,Cost: 63483 & Capacity: 51687
0 - 6 - 7 - 9 - 19 - 20 - 25 - 28 - 53 - 56 - 60 - 68 - 88 - 90 - 99 - 106 - 118 - 123 - 126 - 128 - 131 - 132 - 133 - 137 - 138 - 141 - 146 - 150 - 151 - 155 - 159 - 163 - 170 - 172 - 175 - 185 - 186 - 188 - 190 - 192 - 215 - 217 - 218 - 223 - 229 - 230 - 232 - 243 - 259 - 266 - 273 - 274 - 285 - 291 - 299 - 304 - 305 - 310 - 318 - 326 - 330 - 338 - 347 - 356 - 357 - 359 - 361 - 363 - 376 - 377 - 383 - 387 - 388 - 394 - 395 - 400 - 410 - 422 - 426 - 427 - 429 - 435 - 436 - 438 - 440 - 441 - 442 - 448 - 449 - 462 - 466 - 467 - 468 - 473 - 479 - 487 - 489 - 490 - 492 - 494 - 496 - 499,2729205.1,28.0,64091,52242,19.54,Cost: 64091 & Capacity: 52242
0 - 6 - 7 - 9 - 19 - 20 - 25 - 28 - 53 - 56 - 60 - 68 - 75 - 88 - 90 - 95 - 99 - 106 - 118 - 123 - 126 - 128 - 131 - 132 - 133 - 137 - 138 - 141 - 146 - 150 - 151 - 155 - 159 - 163 - 170 - 172 - 175 - 185 - 186 - 188 - 190 - 192 - 215 - 217 - 218 - 223 - 229 - 230 - 232 - 243 - 259 - 266 - 269 - 273 - 274 - 283 - 285 - 291 - 299 - 304 - 305 - 310 - 312 - 318 - 326 - 330 - 331 - 338 - 347 - 356 - 357 - 359 - 361 - 363 - 376 - 377 - 383 - 387 - 388 - 394 - 395 - 400 - 410 - 422 - 426 - 427 - 429 - 435 - 436 - 438 - 440 - 441 - 442 - 448 - 449 - 462 - 466 - 467 - 468 - 473 - 479 - 487 - 489 - 490 - 492 - 494 - 496 - 499,3035509.8,25.5,65607,53940,19.55,Cost: 65607 & Capacity: 53940
0 - 6 - 7 - 9 - 19 - 20 - 25 - 28 - 51 - 53 - 56 - 60 - 68 - 75 - 88 - 90 - 95 - 99 - 106 - 118 - 123 - 126 - 128 - 131 - 132 - 133 - 137 - 138 - 141 - 146 - 150 - 151 - 155 - 158 - 159 - 163 - 170 - 172 - 175 - 185 - 186 - 188 - 190 - 192 - 215 - 217 - 218 - 223 - 229 - 230 - 232 - 243 - 259 - 266 - 269 - 273 - 274 - 283 - 285 - 291 - 299 - 304 - 305 - 310 - 312 - 318 - 326 - 330 - 331 - 338 - 347 - 356 - 357 - 359 - 361 - 363 - 376 - 377 - 383 - 387 - 388 - 394 - 395 - 400 - 410 - 422 - 426 - 427 - 429 - 435 - 436 - 438 - 440 - 441 - 442 - 448 - 449 - 462 - 466 - 467 - 468 - 473 - 479 - 487 - 489 - 490 - 492 - 494 - 496 - 499,3142688.7,24.5,66944,55412,19.55,Cost: 66944 & Capacity: 55412
0 - 6 - 7 - 9 - 12 - 19 - 20 - 25 - 26 - 28 - 50 - 51 - 53 - 56 - 60 - 62 - 68 - 75 - 88 - 90 - 95 - 99 - 106 - 117 - 118 - 123 - 126 - 128 - 131 - 132 - 133 - 137 - 138 - 141 - 146 - 150 - 151 - 155 - 158 - 159 - 163 - 170 - 172 - 175 - 185 - 186 - 188 - 190 - 192 - 215 - 217 - 218 - 223 - 229 - 230 - 232 - 243 - 252 - 259 - 264 - 266 - 269 - 273 - 274 - 283 - 285 - 291 - 299 - 304 - 305 - 310 - 312 - 318 - 326 - 330 - 331 - 338 - 347 - 353 - 354 - 356 - 357 - 359 - 361 - 363 - 365 - 368 - 376 - 377 - 383 - 387 - 388 - 389 - 394 - 395 - 400 - 410 - 416 - 422 - 426 - 427 - 429 - 435 - 436 - 438 - 440 - 441 - 442 - 448 - 449 - 462 - 466 - 467 - 468 - 473 - 479 - 487 - 489 - 490 - 492 - 494 - 496 - 499,3892449.1,21.1,74315,61758,19.55,Cost: 74315 & Capacity: 61758
1 - 2 - 4 - 18 - 20 - 24 - 30 - 31 - 33 - 35 - 39 - 49 - 62 - 70 - 72 - 76 - 86 - 90 - 96 - 97 - 117 - 119 - 134 - 138 - 140 - 151 - 152 - 155 - 159 - 163 - 168 - 179 - 182 - 189 - 194 - 196 - 204 - 207 - 213 - 218 - 227 - 230 - 233 - 240 - 250 - 255 - 257 - 258 - 259 - 271 - 273 - 280 - 284 - 292 - 308 - 312 - 317 - 324 - 325 - 328 - 329 - 334 - 337 - 344 - 350 - 363 - 371 - 372 - 376 - 384 - 388 - 391 - 396 - 403 - 407 - 411 - 412 - 416 - 420 - 421 - 422 - 433 - 438 - 439 - 443 - 448 - 449 - 450 - 456 - 461 - 462 - 472 - 473 - 477 - 478 - 480 - 481 - 485 - 489 - 492,2590724.5,29.6,64281,51603,28.85,Cost: 64281 & Capacity: 51603
1 - 2 - 3 - 5 - 6 - 7 - 8 - 9 - 10 - 12 - 13 - 14 - 15 - 16 - 17 - 20 - 21 - 22 - 23 - 24 - 26 - 27 - 28 - 30 - 31 - 32 - 34 - 35 - 38 - 39 - 40 - 45 - 46 - 47 - 48 - 49 - 51 - 52 - 53 - 54 - 55 - 58 - 59 - 60 - 62 - 65 - 66 - 70 - 71 - 72 - 73 - 74 - 75 - 76 - 77 - 78 - 82 - 86 - 88 - 91 - 92 - 93 - 94 - 95 - 102 - 103 - 104 - 108 - 109 - 110 - 111 - 112 - 113 - 114 - 116 - 117 - 118 - 119 - 121 - 122 - 123 - 124 - 130 - 131 - 133 - 134 - 137 - 139 - 140 - 141 - 144 - 146 - 147 - 150 - 151 - 152 - 154 - 156 - 157 - 159 - 160 - 161 - 163 - 165 - 166 - 167 - 169 - 174 - 177 - 180 - 181 - 185 - 186 - 187 - 189 - 190 - 192 - 195 - 196 - 198 - 199 - 201 - 203 - 204 - 205 - 206 - 207 - 209 - 212 - 213 - 214 - 215 - 216 - 220 - 222 - 223 - 224 - 225 - 227 - 228 - 229 - 230 - 231 - 235 - 236 - 237 - 239 - 242 - 244 - 246 - 248 - 250 - 252 - 253 - 256 - 257 - 258 - 259 - 261 - 262 - 263 - 264 - 265 - 266 - 268 - 269 - 270 - 274 - 275 - 276 - 277 - 279 - 280 - 281 - 282 - 283 - 284 - 286 - 287 - 288 - 289 - 292 - 295 - 296 - 298 - 303 - 304 - 310 - 311 - 312 - 313 - 314 - 316 - 318 - 319 - 320 - 321 - 322 - 324 - 326 - 329 - 331 - 332 - 333 - 334 - 336 - 339 - 340 - 341 - 342 - 346 - 349 - 351 - 352 - 353 - 355 - 356 - 357 - 360 - 363 - 366 - 368 - 369 - 371 - 372 - 373 - 375 - 377 - 378 - 380 - 381 - 382 - 386 - 387 - 389 - 390 - 394 - 396 - 397 - 400 - 401 - 402 - 403 - 404 - 406 - 408 - 411 - 413 - 414 - 415 - 419 - 420 - 421 - 423 - 424 - 425 - 426 - 427 - 429 - 430 - 433 - 435 - 436 - 437 - 438 - 442 - 445 - 446 - 447 - 449 - 450 - 451 - 452 - 453 - 455 - 457 - 459 - 464 - 465 - 466 - 467 - 468 - 474 - 478 - 480 - 482 - 488 - 490 - 491 - 492 - 493 - 494 - 495 - 496 - 499,21677747.4,0.1,87758,92334,28.9,Cost: 87758 & Capacity: 92334
1 - 2 - 3 - 5 - 6 - 7 - 8 - 9 - 10 - 12 - 13 - 14 - 15 - 16 - 17 - 20 - 21 - 22 - 23 - 24 - 26 - 27 - 28 - 30 - 31 - 32 - 34 - 35 - 38 - 39 - 40 - 45 - 46 - 47 - 48 - 49 - 51 - 52 - 53 - 54 - 55 - 58 - 59 - 60 - 62 - 65 - 66 - 70 - 71 - 72 - 73 - 74 - 75 - 76 - 77 - 78 - 82 - 86 - 88 - 91 - 92 - 93 - 94 - 95 - 102 - 103 - 104 - 108 - 109 - 110 - 111 - 112 - 113 - 114 - 116 - 117 - 118 - 119 - 121 - 122 - 123 - 124 - 130 - 131 - 133 - 134 - 137 - 139 - 140 - 141 - 144 - 146 - 147 - 150 - 151 - 152 - 154 - 156 - 157 - 159 - 160 - 161 - 163 - 165 - 166 - 167 - 169 - 174 - 177 - 180 - 181 - 185 - 186 - 187 - 189 - 190 - 192 - 195 - 196 - 198 - 199 - 201 - 203 - 204 - 205 - 206 - 207 - 209 - 212 - 213 - 214 - 215 - 216 - 220 - 222 - 223 - 224 - 225 - 227 - 228 - 229 - 230 - 231 - 235 - 236 - 237 - 239 - 242 - 244 - 246 - 248 - 250 - 252 - 253 - 256 - 257 - 258 - 259 - 261 - 262 - 263 - 264 - 265 - 266 - 268 - 269 - 270 - 274 - 275 - 276 - 277 - 279 - 280 - 281 - 282 - 283 - 284 - 286 - 287 - 288 - 289 - 292 - 295 - 296 - 298 - 303 - 304 - 310 - 311 - 312 - 313 - 314 - 316 - 318 - 319 - 320 - 321 - 322 - 324 - 326 - 329 - 331 - 332 - 333 - 334 - 336 - 339 - 340 - 341 - 342 - 346 - 349 - 351 - 352 - 353 - 355 - 356 - 357 - 360 - 363 - 366 - 368 - 369 - 371 - 372 - 373 - 375 - 377 - 378 - 380 - 381 - 382 - 386 - 387 - 389 - 390 - 394 - 396 - 397 - 400 - 401 - 402 - 403 - 404 - 406 - 408 - 411 - 413 - 414 - 415 - 419 - 420 - 421 - 423 - 424 - 425 - 426 - 427 - 429 - 430 - 433 - 435 - 436 - 437 - 438 - 442 - 445 - 446 - 447 - 449 - 450 - 451 - 452 - 453 - 455 - 457 - 459 - 464 - 465 - 466 - 467 - 468 - 474 - 478 - 480 - 482 - 488 - 490 - 491 - 492 - 493 - 494 - 495 - 496 - 499,21677747.4,0.1,87758,92334,29.1,Cost: 87758 & Capacity: 92334
1 - 2 - 3 - 4 - 5 - 6 - 7 - 8 - 9 - 10 - 12 - 13 - 14 - 15 - 16 - 17 - 20 - 21 - 22 - 23 - 24 - 26 - 27 - 28 - 30 - 31 - 32 - 34 - 35 - 38 - 39 - 40 - 45 - 46 - 47 - 48 - 49 - 51 - 52 - 53 - 54 - 55 - 58 - 59 - 60 - 62 - 65 - 66 - 70 - 71 - 72 - 73 - 74 - 75 - 76 - 77 - 78 - 82 - 86 - 88 - 91 - 92 - 93 - 94 - 95 - 102 - 103 - 104 - 108 - 109 - 110 - 111 - 112 - 113 - 114 - 116 - 117 - 118 - 119 - 121 - 122 - 123 - 124 - 130 - 131 - 133 - 134 - 137 - 139 - 140 - 141 - 144 - 146 - 147 - 150 - 151 - 152 - 154 - 156 - 157 - 159 - 160 - 161 - 163 - 165 - 166 - 167 - 169 - 174 - 177 - 180 - 181 - 185 - 186 - 187 - 189 - 190 - 192 - 195 - 196 - 198 - 199 - 201 - 203 - 204 - 205 - 206 - 207 - 209 - 212 - 213 - 214 - 215 - 216 - 220 - 222 - 223 - 224 - 225 - 227 - 228 - 229 - 230 - 231 - 235 - 236 - 237 - 239 - 242 - 244 - 246 - 248 - 250 - 252 - 253 - 256 - 257 - 258 - 259 - 261 - 262 - 263 - 264 - 265 - 266 - 268 - 269 - 270 - 274 - 275 - 276 - 277 - 279 - 280 - 281 - 282 - 283 - 284 - 286 - 287 - 288 - 289 - 292 - 295 - 296 - 298 - 303 - 304 - 310 - 311 - 312 - 313 - 314 - 316 - 318 - 319 - 320 - 321 - 322 - 324 - 326 - 329 - 331 - 332 - 333 - 334 - 336 - 339 - 340 - 341 - 342 - 346 - 349 - 351 - 352 - 353 - 355 - 356 - 357 - 360 - 363 - 366 - 368 - 369 - 371 - 372 - 373 - 375 - 377 - 378 - 380 - 381 - 382 - 386 - 387 - 389 - 390 - 394 - 396 - 397 - 400 - 401 - 402 - 403 - 404 - 406 - 408 - 411 - 413 - 414 - 415 - 419 - 420 - 421 - 423 - 424 - 425 - 426 - 427 - 429 - 430 - 433 - 435 - 436 - 437 - 438 - 442 - 445 - 446 - 447 - 449 - 450 - 451 - 452 - 453 - 455 - 457 - 459 - 464 - 465 - 466 - 467 - 468 - 474 - 478 - 480 - 482 - 488 - 490 - 491 - 492 - 493 - 494 - 495 - 496 - 499,21823086.5,0.1,88378,93089,30.66,Cost: 88378 & Capacity: 93089
1 - 2 - 3 - 4 - 5 - 6 - 7 - 8 - 9 - 10 - 12 - 13 - 14 - 15 - 16 - 17 - 20 - 21 - 22 - 23 - 24 - 26 - 27 - 28 - 30 - 31 - 32 - 34 - 35 - 38 - 39 - 40 - 45 - 46 - 47 - 48 - 49 - 51 - 52 - 53 - 54 - 55 - 58 - 59 - 60 - 62 - 65 - 66 - 70 - 71 - 72 - 73 - 74 - 75 - 76 - 77 - 78 - 82 - 86 - 88 - 91 - 92 - 93 - 94 - 95 - 102 - 103 - 104 - 108 - 109 - 110 - 111 - 112 - 113 - 114 - 116 - 117 - 118 - 119 - 121 - 122 - 123 - 124 - 130 - 131 - 133 - 134 - 137 - 139 - 140 - 141 - 144 - 146 - 147 - 150 - 151 - 152 - 154 - 156 - 157 - 159 - 160 - 161 - 163 - 165 - 166 - 167 - 169 - 174 - 177 - 180 - 181 - 185 - 186 - 187 - 189 - 190 - 192 - 195 - 196 - 198 - 199 - 201 - 203 - 204 - 205 - 206 - 207 - 209 - 212 - 213 - 214 - 215 - 216 - 220 - 222 - 223 - 224 - 225 - 227 - 228 - 229 - 230 - 231 - 235 - 236 - 237 - 239 - 242 - 244 - 246 - 248 - 250 - 252 - 253 - 256 - 257 - 258 - 259 - 261 - 262 - 263 - 264 - 265 - 266 - 268 - 269 - 270 - 274 - 275 - 276 - 277 - 279 - 280 - 281 - 282 - 283 - 284 - 286 - 287 - 288 - 289 - 292 - 295 - 296 - 298 - 303 - 304 - 310 - 311 - 312 - 313 - 314 - 316 - 318 - 319 - 320 - 321 - 322 - 324 - 326 - 329 - 331 - 332 - 333 - 334 - 336 - 339 - 340 - 341 - 342 - 346 - 349 - 351 - 352 - 353 - 355 - 356 - 357 - 360 - 363 - 366 - 368 - 369 - 371 - 372 - 373 - 375 - 377 - 378 - 380 - 381 - 382 - 386 - 387 - 389 - 390 - 394 - 396 - 397 - 400 - 401 - 402 - 403 - 404 - 406 - 408 - 411 - 413 - 414 - 415 - 419 - 420 - 421 - 423 - 424 - 425 - 426 - 427 - 429 - 430 - 433 - 435 - 436 - 437 - 438 - 442 - 445 - 446 - 447 - 449 - 451 - 452 - 453 - 455 - 457 - 459 - 464 - 465 - 466 - 467 - 468 - 474 - 478 - 480 - 482 - 488 - 490 - 491 - 492 - 493 - 494 - 495 - 496 - 499,21690670.4,0.1,87766,92709,30.66,Cost: 87766 & Capacity: 92709
1 - 2 - 3 - 5 - 6 - 7 - 8 - 9 - 10 - 12 - 13 - 14 - 15 - 16 - 17 - 20 - 21 - 22 - 23 - 24 - 26 - 27 - 28 - 30 - 31 - 32 - 34 - 35 - 38 - 39 - 40 - 45 - 46 - 47 - 48 - 49 - 51 - 52 - 53 - 54 - 55 - 58 - 59 - 60 - 62 - 65 - 66 - 70 - 71 - 72 - 73 - 74 - 75 - 76 - 77 - 78 - 82 - 86 - 88 - 91 - 92 - 93 - 94 - 95 - 102 - 103 - 104 - 108 - 109 - 110 - 111 - 112 - 113 - 114 - 116 - 117 - 118 - 119 - 121 - 122 - 123 - 124 - 130 - 131 - 133 - 134 - 137 - 139 - 140 - 141 - 144 - 146 - 147 - 150 - 151 - 152 - 154 - 156 - 157 - 159 - 160 - 161 - 163 - 165 - 166 - 167 - 169 - 174 - 177 - 180 - 181 - 185 - 186 - 187 - 189 - 190 - 192 - 195 - 196 - 198 - 199 - 201 - 203 - 204 - 205 - 206 - 207 - 209 - 212 - 213 - 214 - 215 - 216 - 220 - 222 - 223 - 224 - 225 - 227 - 228 - 229 - 230 - 231 - 235 - 236 - 237 - 239 - 242 - 244 - 246 - 248 - 250 - 252 - 253 - 256 - 257 - 258 - 259 - 261 - 262 - 263 - 264 - 265 - 266 - 268 - 269 - 270 - 274 - 275 - 276 - 277 - 279 - 280 - 281 - 282 - 283 - 284 - 286 - 287 - 288 - 289 - 292 - 295 - 296 - 298 - 303 - 304 - 310 - 311 - 312 - 313 - 314 - 316 - 318 - 319 - 320 - 321 - 322 - 324 - 326 - 329 - 331 - 332 - 333 - 334 - 336 - 339 - 340 - 341 - 342 - 346 - 349 - 351 - 352 - 353 - 355 - 356 - 357 - 360 - 363 - 366 - 368 - 369 - 371 - 372 - 373 - 375 - 377 - 378 - 380 - 381 - 382 - 386 - 387 - 389 - 390 - 394 - 396 - 397 - 400 - 401 - 402 - 403 - 404 - 406 - 408 - 411 - 413 - 414 - 415 - 419 - 420 - 421 - 423 - 424 - 425 - 426 - 427 - 429 - 430 - 433 - 435 - 436 - 437 - 438 - 442 - 445 - 446 - 447 - 449 - 450 - 451 - 452 - 453 - 455 - 457 - 459 - 464 - 465 - 466 - 467 - 468 - 474 - 478 - 480 - 482 - 488 - 490 - 491 - 492 - 493 - 494 - 495 - 496 - 499,21677747.4,0.1,87758,92334,31.85,Cost: 87758 & Capacity: 92334
1 - 2 - 3 - 4 - 5 - 6 - 7 - 8 - 9 - 10 - 12 - 13 - 14 - 15 - 16 - 17 - 20 - 21 - 22 - 23 - 24 - 26 - 27 - 28 - 30 - 31 - 32 - 34 - 35 - 38 - 39 - 40 - 45 - 46 - 47 - 48 - 49 - 51 - 52 - 53 - 54 - 55 - 58 - 59 - 60 - 62 - 65 - 66 - 70 - 71 - 72 - 73 - 74 - 75 - 76 - 77 - 78 - 82 - 86 - 88 - 91 - 92 - 93 - 94 - 95 - 102 - 103 - 104 - 108 - 109 - 110 - 111 - 112 - 113 - 114 - 116 - 117 - 118 - 119 - 121 - 122 - 123 - 124 - 130 - 131 - 133 - 134 - 137 - 139 - 140 - 141 - 144 - 146 - 147 - 150 - 151 - 152 - 154 - 156 - 157 - 159 - 160 - 161 - 163 - 165 - 166 - 167 - 169 - 174 - 177 - 180 - 181 - 185 - 186 - 187 - 189 - 190 - 192 - 195 - 196 - 198 - 199 - 201 - 203 - 204 - 205 - 206 - 207 - 209 - 212 - 213 - 214 - 215 - 216 - 220 - 222 - 223 - 224 - 225 - 227 - 228 - 229 - 230 - 231 - 235 - 236 - 237 - 239 - 242 - 244 - 246 - 248 - 250 - 252 - 253 - 256 - 257 - 258 - 259 - 261 - 262 - 263 - 264 - 265 - 266 - 268 - 269 - 270 - 274 - 275 - 276 - 277 - 279 - 280 - 281 - 282 - 283 - 284 - 286 - 287 - 288 - 289 - 292 - 295 - 296 - 298 - 303 - 304 - 310 - 311 - 312 - 313 - 314 - 316 - 318 - 319 - 320 - 321 - 322 - 324 - 326 - 329 - 331 - 332 - 333 - 334 - 336 - 339 - 340 - 341 - 342 - 346 - 349 - 351 - 352 - 353 - 355 - 356 - 357 - 360 - 363 - 366 - 368 - 369 - 371 - 372 - 373 - 375 - 377 - 378 - 380 - 381 - 382 - 386 - 387 - 389 - 390 - 394 - 396 - 397 - 400 - 401 - 402 - 403 - 404 - 406 - 408 - 411 - 413 - 414 - 415 - 419 - 420 - 421 - 423 - 424 - 425 - 426 - 427 - 429 - 430 - 433 - 435 - 436 - 437 - 438 - 442 - 445 - 446 - 447 - 449 - 450 - 451 - 452 - 453 - 455 - 457 - 459 - 464 - 465 - 466 - 467 - 468 - 474 - 478 - 480 - 482 - 488 - 490 - 491 - 492 - 493 - 494 - 495 - 496 - 499,21823086.5,0.1,88378,93089,31.85,Cost: 88378 & Capacity: 93089
1 - 2 - 3 - 4 - 5 - 6 - 7 - 8 - 9 - 10 - 12 - 13 - 14 - 15 - 16 - 17 - 20 - 21 - 22 - 23 - 24 - 26 - 27 - 28 - 30 - 31 - 32 - 34 - 35 - 38 - 39 - 40 - 45 - 46 - 47 - 48 - 49 - 51 - 52 - 53 - 54 - 55 - 58 - 59 - 60 - 62 - 65 - 66 - 70 - 71 - 72 - 73 - 74 - 75 - 76 - 77 - 78 - 82 - 86 - 88 - 91 - 92 - 93 - 94 - 95 - 102 - 103 - 104 - 108 - 109 - 110 - 111 - 112 - 113 - 114 - 116 - 117 - 118 - 119 - 121 - 122 - 123 - 124 - 130 - 131 - 133 - 134 - 137 - 139 - 140 - 141 - 144 - 146 - 147 - 150 - 151 - 152 - 154 - 156 - 157 - 159 - 160 - 161 - 163 - 165 - 166 - 167 - 169 - 170 - 174 - 177 - 180 - 181 - 185 - 186 - 187 - 189 - 190 - 192 - 195 - 196 - 198 - 199 - 201 - 203 - 204 - 205 - 206 - 207 - 209 - 212 - 213 - 214 - 215 - 216 - 220 - 222 - 223 - 224 - 225 - 227 - 228 - 229 - 230 - 231 - 235 - 236 - 237 - 239 - 242 - 244 - 246 - 248 - 250 - 252 - 253 - 256 - 257 - 258 - 259 - 261 - 262 - 263 - 264 - 265 - 266 - 268 - 269 - 270 - 274 - 275 - 276 - 277 - 279 - 280 - 281 - 282 - 283 - 284 - 286 - 287 - 288 - 289 - 292 - 295 - 296 - 298 - 303 - 304 - 310 - 311 - 312 - 313 - 314 - 316 - 318 - 319 - 320 - 321 - 322 - 324 - 326 - 329 - 331 - 332 - 333 - 334 - 336 - 339 - 340 - 341 - 342 - 346 - 349 - 351 - 352 - 353 - 355 - 356 - 357 - 360 - 363 - 366 - 368 - 369 - 371 - 372 - 373 - 375 - 377 - 378 - 380 - 381 - 382 - 386 - 387 - 389 - 390 - 394 - 396 - 397 - 400 - 401 - 402 - 403 - 404 - 406 - 408 - 411 - 413 - 414 - 415 - 419 - 420 - 421 - 423 - 424 - 425 - 426 - 427 - 429 - 430 - 433 - 435 - 436 - 437 - 438 - 442 - 445 - 446 - 447 - 449 - 450 - 451 - 452 - 453 - 455 - 457 - 459 - 464 - 465 - 466 - 467 - 468 - 474 - 478 - 480 - 482 - 488 - 490 - 491 - 492 - 493 - 494 - 495 - 496 - 499,21968876.0,0.1,88999,93893,31.85,Cost: 88999 & Capacity: 93893
1 - 2 - 3 - 4 - 5 - 6 - 7 - 8 - 9 - 10 - 12 - 13 - 14 - 15 - 16 - 17 - 20 - 21 - 22 - 23 - 24 - 26 - 27 - 28 - 30 - 31 - 32 - 34 - 35 - 38 - 39 - 40 - 45 - 46 - 47 - 48 - 49 - 51 - 52 - 53 - 54 - 55 - 58 - 59 - 60 - 62 - 65 - 66 - 70 - 71 - 72 - 73 - 74 - 75 - 76 - 77 - 78 - 82 - 86 - 88 - 91 - 92 - 93 - 94 - 95 - 102 - 103 - 104 - 108 - 109 - 110 - 111 - 112 - 113 - 114 - 116 - 117 - 118 - 119 - 121 - 122 - 123 - 124 - 130 - 131 - 133 - 134 - 137 - 139 - 140 - 141 - 144 - 146 - 147 - 150 - 151 - 152 - 154 - 156 - 157 - 159 - 160 - 161 - 163 - 165 - 166 - 167 - 169 - 170 - 174 - 177 - 180 - 181 - 185 - 186 - 187 - 189 - 190 - 192 - 195 - 196 - 198 - 199 - 201 - 203 - 204 - 205 - 206 - 207 - 209 - 212 - 213 - 214 - 215 - 216 - 220 - 222 - 223 - 224 - 225 - 227 - 228 - 229 - 230 - 231 - 235 - 236 - 237 - 239 - 242 - 244 - 246 - 248 - 250 - 252 - 253 - 256 - 257 - 258 - 259 - 261 - 262 - 263 - 264 - 265 - 266 - 268 - 269 - 270 - 274 - 275 - 276 - 277 - 279 - 280 - 281 - 282 - 283 - 284 - 286 - 287 - 288 - 289 - 292 - 295 - 296 - 298 - 303 - 304 - 310 - 311 - 312 - 313 - 314 - 316 - 318 - 319 - 320 - 321 - 322 - 324 - 326 - 329 - 331 - 332 - 333 - 334 - 336 - 339 - 340 - 341 - 342 - 346 - 349 - 351 - 352 - 353 - 355 - 356 - 357 - 360 - 363 - 366 - 368 - 369 - 371 - 372 - 373 - 375 - 377 - 378 - 380 - 381 - 382 - 386 - 387 - 389 - 390 - 394 - 396 - 397 - 400 - 401 - 402 - 403 - 404 - 406 - 408 - 411 - 413 - 414 - 415 - 419 - 420 - 421 - 423 - 424 - 425 - 426 - 427 - 429 - 430 - 433 - 435 - 436 - 437 - 438 - 442 - 445 - 446 - 447 - 449 - 450 - 451 - 452 - 453 - 455 - 457 - 459 - 464 - 465 - 466 - 467 - 468 - 474 - 477 - 478 - 480 - 482 - 488 - 490 - 491 - 492 - 493 - 494 - 495 - 496 - 499,22114304.8,0.1,89624,94706,31.85,Cost: 89624 & Capacity: 94706
1 - 3 - 4 - 6 - 7 - 8 - 9 - 10 - 12 - 13 - 15 - 16 - 17 - 20 - 21 - 22 - 25 - 27 - 28 - 30 - 31 - 34 - 35 - 37 - 38 - 39 - 40 - 43 - 45 - 46 - 47 - 48 - 49 - 50 - 52 - 53 - 54 - 55 - 57 - 58 - 59 - 62 - 63 - 67 - 70 - 71 - 75 - 77 - 82 - 86 - 88 - 90 - 91 - 93 - 94 - 102 - 108 - 109 - 112 - 113 - 114 - 117 - 118 - 121 - 123 - 130 - 131 - 132 - 133 - 140 - 141 - 142 - 144 - 146 - 147 - 150 - 155 - 157 - 159 - 161 - 163 - 171 - 174 - 178 - 180 - 181 - 182 - 183 - 184 - 186 - 189 - 191 - 192 - 193 - 195 - 196 - 201 - 205 - 206 - 211 - 212 - 214 - 215 - 216 - 217 - 220 - 223 - 228 - 229 - 230 - 235 - 237 - 238 - 242 - 244 - 248 - 249 - 252 - 253 - 257 - 258 - 259 - 261 - 262 - 266 - 270 - 271 - 272 - 273 - 274 - 275 - 276 - 277 - 279 - 280 - 282 - 284 - 285 - 286 - 288 - 295 - 298 - 303 - 304 - 305 - 310 - 312 - 313 - 314 - 315 - 319 - 320 - 321 - 322 - 326 - 329 - 331 - 332 - 333 - 334 - 339 - 342 - 346 - 348 - 349 - 350 - 351 - 353 - 356 - 357 - 360 - 361 - 363 - 366 - 367 - 369 - 372 - 373 - 374 - 381 - 383 - 386 - 387 - 388 - 390 - 392 - 394 - 396 - 400 - 401 - 406 - 408 - 410 - 414 - 418 - 420 - 421 - 423 - 424 - 426 - 427 - 430 - 431 - 432 - 437 - 442 - 443 - 446 - 447 - 449 - 451 - 452 - 455 - 457 - 459 - 465 - 471 - 475 - 478 - 480 - 484 - 488 - 489 - 490 - 491 - 494 - 495 - 497 - 498,13048072.8,4.5,90030,85437,34.52,Cost: 90030 & Capacity: 85437
1 - 3 - 4 - 6 - 7 - 8 - 9 - 10 - 12 - 13 - 15 - 16 - 17 - 20 - 21 - 22 - 25 - 27 - 28 - 30 - 31 - 34 - 35 - 37 - 38 - 39 - 40 - 43 - 45 - 46 - 47 - 48 - 49 - 50 - 52 - 53 - 54 - 55 - 57 - 58 - 59 - 62 - 63 - 67 - 70 - 71 - 75 - 77 - 82 - 86 - 88 - 90 - 91 - 93 - 94 - 102 - 108 - 109 - 112 - 113 - 114 - 117 - 118 - 121 - 123 - 130 - 131 - 132 - 133 - 140 - 141 - 142 - 144 - 146 - 147 - 150 - 155 - 157 - 159 - 161 - 163 - 171 - 174 - 178 - 180 - 181 - 182 - 183 - 184 - 186 - 189 - 191 - 192 - 193 - 195 - 196 - 201 - 205 - 206 - 211 - 212 - 214 - 215 - 216 - 220 - 223 - 228 - 229 - 230 - 235 - 237 - 238 - 242 - 244 - 248 - 249 - 252 - 253 - 257 - 258 - 259 - 261 - 262 - 266 - 270 - 271 - 272 - 273 - 274 - 275 - 276 - 277 - 279 - 280 - 282 - 284 - 285 - 286 - 288 - 295 - 298 - 303 - 304 - 305 - 310 - 312 - 313 - 314 - 315 - 319 - 320 - 321 - 322 - 326 - 329 - 331 - 332 - 333 - 334 - 339 - 342 - 346 - 348 - 349 - 350 - 351 - 353 - 356 - 357 - 360 - 361 - 363 - 366 - 367 - 369 - 372 - 373 - 374 - 381 - 383 - 386 - 387 - 388 - 390 - 392 - 394 - 396 - 400 - 401 - 406 - 408 - 410 - 414 - 418 - 420 - 421 - 423 - 424 - 426 - 427 - 430 - 431 - 432 - 437 - 442 - 443 - 446 - 447 - 449 - 451 - 452 - 455 - 457 - 459 - 471 - 475 - 478 - 480 - 484 - 488 - 489 - 490 - 491 - 494 - 495 - 497 - 498,12828163.0,4.6,89101,84957,34.52,Cost: 89101 & Capacity: 84957
1 - 3 - 4 - 6 - 8 - 9 - 10 - 12 - 13 - 15 - 16 - 17 - 20 - 21 - 22 - 25 - 27 - 28 - 30 - 31 - 34 - 35 - 37 - 38 - 39 - 40 - 43 - 45 - 46 - 47 - 48 - 49 - 50 - 52 - 53 - 54 - 55 - 57 - 58 - 59 - 62 - 63 - 67 - 70 - 71 - 75 - 77 - 82 - 86 - 88 - 90 - 91 - 93 - 94 - 102 - 108 - 109 - 112 - 113 - 114 - 117 - 118 - 121 - 123 - 130 - 131 - 132 - 133 - 140 - 141 - 142 - 144 - 146 - 147 - 150 - 155 - 157 - 159 - 161 - 163 - 171 - 174 - 178 - 180 - 181 - 182 - 183 - 184 - 186 - 189 - 191 - 192 - 193 - 195 - 196 - 201 - 205 - 206 - 211 - 212 - 214 - 215 - 216 - 220 - 223 - 228 - 229 - 230 - 235 - 237 - 238 - 242 - 244 - 248 - 249 - 252 - 253 - 257 - 258 - 259 - 261 - 262 - 266 - 270 - 271 - 272 - 273 - 274 - 275 - 276 - 277 - 279 - 280 - 282 - 284 - 285 - 286 - 288 - 295 - 298 - 303 - 304 - 305 - 310 - 312 - 313 - 314 - 315 - 319 - 320 - 321 - 322 - 326 - 329 - 331 - 332 - 333 - 334 - 339 - 342 - 346 - 349 - 350 - 351 - 353 - 356 - 357 - 360 - 361 - 363 - 366 - 367 - 369 - 372 - 373 - 374 - 381 - 383 - 386 - 387 - 390 - 392 - 394 - 396 - 400 - 401 - 406 - 408 - 410 - 414 - 418 - 420 - 421 - 423 - 424 - 426 - 427 - 430 - 431 - 437 - 442 - 443 - 446 - 447 - 449 - 451 - 452 - 455 - 457 - 459 - 471 - 475 - 478 - 480 - 484 - 488 - 489 - 490 - 491 - 494 - 495 - 497 - 498,12389192.1,4.8,86139,82785,34.52,Cost: 86139 & Capacity: 82785
0 - 1 - 2 - 3 - 5 - 6 - 8 - 12 - 17 - 18 - 22 - 25 - 27 - 35 - 46 - 51 - 52 - 54 - 55 - 57 - 58 - 59 - 65 - 72 - 78 - 82 - 85 - 88 - 90 - 91 - 94 - 95 - 108 - 109 - 112 - 113 - 117 - 118 - 123 - 129 - 130 - 131 - 132 - 133 - 134 - 135 - 136 - 137 - 141 - 146 - 147 - 157 - 160 - 161 - 173 - 174 - 181 - 185 - 186 - 187 - 189 - 191 - 192 - 201 - 206 - 213 - 214 - 216 - 217 - 220 - 223 - 224 - 229 - 230 - 231 - 232 - 235 - 237 - 243 - 244 - 248 - 255 - 257 - 260 - 261 - 262 - 263 - 268 - 270 - 273 - 276 - 278 - 280 - 282 - 284 - 285 - 286 - 288 - 290 - 295 - 298 - 301 - 304 - 309 - 310 - 312 - 313 - 314 - 315 - 317 - 319 - 321 - 324 - 333 - 334 - 335 - 337 - 342 - 346 - 347 - 349 - 352 - 353 - 357 - 358 - 359 - 363 - 365 - 366 - 367 - 369 - 372 - 373 - 374 - 376 - 378 - 379 - 380 - 385 - 387 - 388 - 393 - 394 - 396 - 397 - 398 - 401 - 404 - 405 - 406 - 407 - 410 - 412 - 415 - 418 - 420 - 423 - 425 - 426 - 427 - 430 - 431 - 434 - 438 - 439 - 443 - 444 - 445 - 446 - 451 - 452 - 454 - 457 - 458 - 464 - 467 - 471 - 475 - 478 - 484 - 487 - 488 - 489 - 490 - 491 - 492 - 499,8857673.0,8.8,90039,79311,0.94,Cost: 90039 & Capacity: 79311
2 - 3 - 6 - 8 - 9 - 10 - 11 - 16 - 17 - 18 - 20 - 25 - 27 - 28 - 31 - 34 - 35 - 41 - 46 - 47 - 52 - 56 - 59 - 62 - 70 - 71 - 72 - 82 - 84 - 88 - 89 - 90 - 94 - 95 - 98 - 102 - 113 - 116 - 117 - 123 - 129 - 132 - 133 - 137 - 138 - 141 - 142 - 146 - 150 - 155 - 157 - 158 - 165 - 169 - 171 - 180 - 181 - 182 - 185 - 186 - 189 - 191 - 194 - 206 - 208 - 213 - 217 - 220 - 223 - 229 - 230 - 232 - 236 - 238 - 252 - 259 - 261 - 262 - 264 - 270 - 272 - 273 - 275 - 276 - 281 - 285 - 287 - 295 - 301 - 304 - 305 - 306 - 310 - 311 - 312 - 315 - 317 - 318 - 319 - 320 - 321 - 324 - 326 - 327 - 331 - 338 - 342 - 346 - 349 - 358 - 359 - 362 - 363 - 367 - 370 - 372 - 374 - 376 - 377 - 378 - 384 - 385 - 387 - 391 - 393 - 394 - 398 - 401 - 404 - 405 - 410 - 425 - 426 - 429 - 432 - 434 - 437 - 439 - 442 - 444 - 445 - 449 - 450 - 453 - 454 - 457 - 471 - 478 - 490 - 492 - 497 - 498 - 499,5880042.4,14.7,84222,73705,5.74,Cost: 84222 & Capacity: 73705
0 - 1 - 2 - 3 - 4 - 5 - 6 - 7 - 8 - 9 - 10 - 12 - 13 - 14 - 15 - 16 - 17 - 20 - 21 - 22 - 23 - 24 - 25 - 26 - 27 - 28 - 30 - 31 - 34 - 35 - 38 - 39 - 40 - 45 - 46 - 47 - 48 - 49 - 51 - 52 - 53 - 54 - 55 - 58 - 59 - 60 - 62 - 66 - 70 - 71 - 72 - 73 - 74 - 75 - 76 - 77 - 78 - 82 - 86 - 88 - 90 - 91 - 92 - 93 - 94 - 95 - 102 - 103 - 104 - 108 - 109 - 110 - 111 - 112 - 113 - 114 - 116 - 117 - 118 - 119 - 121 - 122 - 123 - 130 - 131 - 133 - 134 - 137 - 138 - 140 - 141 - 144 - 146 - 147 - 150 - 152 - 156 - 157 - 159 - 160 - 161 - 163 - 165 - 166 - 167 - 169 - 170 - 174 - 177 - 180 - 181 - 185 - 186 - 187 - 189 - 190 - 192 - 195 - 196 - 198 - 199 - 201 - 203 - 204 - 205 - 206 - 207 - 209 - 212 - 213 - 214 - 215 - 216 - 220 - 222 - 223 - 227 - 228 - 229 - 230 - 231 - 235 - 236 - 237 - 239 - 242 - 244 - 246 - 248 - 250 - 252 - 253 - 256 - 257 - 258 - 259 - 261 - 262 - 263 - 265 - 266 - 268 - 269 - 270 - 274 - 275 - 276 - 277 - 279 - 280 - 281 - 282 - 283 - 284 - 285 - 286 - 287 - 288 - 289 - 292 - 294 - 295 - 296 - 298 - 303 - 304 - 310 - 311 - 312 - 313 - 314 - 319 - 320 - 321 - 322 - 324 - 326 - 329 - 331 - 332 - 333 - 334 - 336 - 337 - 339 - 340 - 341 - 342 - 346 - 349 - 351 - 353 - 356 - 357 - 358 - 360 - 361 - 363 - 366 - 368 - 369 - 371 - 372 - 373 - 375 - 377 - 378 - 381 - 386 - 387 - 389 - 390 - 392 - 393 - 394 - 396 - 397 - 400 - 401 - 402 - 403 - 404 - 406 - 408 - 410 - 411 - 413 - 414 - 415 - 419 - 420 - 421 - 423 - 424 - 425 - 426 - 427 - 429 - 430 - 433 - 435 - 436 - 437 - 442 - 444 - 445 - 446 - 447 - 449 - 451 - 452 - 453 - 455 - 457 - 459 - 464 - 465 - 466 - 467 - 474 - 475 - 477 - 478 - 480 - 482 - 488 - 490 - 491 - 492 - 493 - 494 - 495 - 496 - 499,21573517.8,0.3,90088,94561,8.55,Cost: 90088 & Capacity: 94561
1 - 2 - 3 - 5 - 6 - 7 - 8 - 9 - 10 - 12 - 13 - 14 - 15 - 16 - 17 - 20 - 21 - 22 - 23 - 24 - 26 - 27 - 28 - 30 - 31 - 32 - 34 - 35 - 38 - 39 - 40 - 45 - 46 - 47 - 48 - 49 - 51 - 52 - 53 - 54 - 55 - 58 - 59 - 60 - 62 - 65 - 66 - 70 - 71 - 72 - 73 - 74 - 75 - 76 - 77 - 78 - 82 - 86 - 88 - 91 - 92 - 93 - 94 - 95 - 102 - 103 - 104 - 108 - 109 - 110 - 111 - 112 - 113 - 114 - 116 - 117 - 118 - 119 - 121 - 122 - 123 - 124 - 130 - 131 - 133 - 134 - 137 - 139 - 140 - 141 - 144 - 146 - 147 - 150 - 151 - 152 - 154 - 156 - 157 - 159 - 160 - 161 - 163 - 165 - 166 - 167 - 169 - 174 - 177 - 180 - 181 - 185 - 186 - 187 - 189 - 190 - 192 - 195 - 196 - 198 - 199 - 201 - 203 - 204 - 205 - 206 - 207 - 209 - 212 - 213 - 214 - 215 - 216 - 220 - 222 - 223 - 224 - 225 - 227 - 228 - 229 - 230 - 231 - 235 - 236 - 237 - 239 - 242 - 244 - 246 - 248 - 250 - 252 - 253 - 256 - 257 - 258 - 259 - 261 - 262 - 263 - 264 - 265 - 266 - 268 - 269 - 270 - 274 - 275 - 276 - 277 - 279 - 280 - 281 - 282 - 283 - 284 - 286 - 287 - 288 - 289 - 292 - 295 - 296 - 298 - 303 - 304 - 310 - 311 - 312 - 313 - 314 - 316 - 318 - 319 - 320 - 321 - 322 - 324 - 326 - 329 - 331 - 332 - 333 - 334 - 336 - 339 - 340 - 341 - 342 - 346 - 349 - 351 - 352 - 353 - 355 - 356 - 357 - 360 - 363 - 366 - 368 - 369 - 371 - 372 - 373 - 375 - 377 - 378 - 380 - 381 - 382 - 386 - 387 - 389 - 390 - 393 - 394 - 396 - 397 - 400 - 401 - 402 - 403 - 404 - 406 - 408 - 411 - 413 - 414 - 415 - 419 - 420 - 421 - 423 - 424 - 425 - 426 - 427 - 429 - 430 - 433 - 435 - 436 - 437 - 438 - 442 - 445 - 446 - 447 - 449 - 450 - 451 - 452 - 453 - 455 - 457 - 459 - 464 - 465 - 466 - 467 - 468 - 474 - 478 - 480 - 482 - 488 - 490 - 491 - 492 - 493 - 494 - 495 - 496 - 499,21824488.4,0.1,88381,92668,10.22,Cost: 88381 & Capacity: 92668
3 - 4 - 5 - 7 - 8 - 9 - 15 - 16 - 17 - 20 - 21 - 22 - 25 - 27 - 28 - 30 - 31 - 33 - 34 - 35 - 38 - 39 - 40 - 41 - 43 - 45 - 46 - 47 - 48 - 49 - 52 - 53 - 54 - 55 - 58 - 59 - 62 - 63 - 70 - 71 - 72 - 75 - 77 - 85 - 88 - 90 - 91 - 93 - 94 - 104 - 109 - 110 - 112 - 113 - 114 - 116 - 117 - 118 - 121 - 122 - 123 - 130 - 131 - 132 - 133 - 134 - 135 - 137 - 140 - 141 - 142 - 144 - 146 - 147 - 150 - 157 - 159 - 161 - 163 - 167 - 168 - 171 - 172 - 173 - 174 - 180 - 181 - 182 - 184 - 186 - 189 - 191 - 192 - 194 - 195 - 196 - 198 - 200 - 201 - 202 - 205 - 206 - 207 - 209 - 212 - 214 - 215 - 217 - 220 - 223 - 227 - 228 - 229 - 231 - 235 - 237 - 238 - 239 - 242 - 244 - 248 - 252 - 253 - 255 - 256 - 257 - 259 - 260 - 261 - 262 - 265 - 266 - 269 - 270 - 272 - 273 - 274 - 275 - 276 - 277 - 279 - 280 - 282 - 283 - 284 - 285 - 286 - 288 - 292 - 295 - 298 - 302 - 303 - 304 - 305 - 310 - 312 - 313 - 314 - 317 - 318 - 319 - 320 - 321 - 322 - 326 - 329 - 331 - 332 - 333 - 334 - 339 - 342 - 346 - 351 - 353 - 356 - 357 - 358 - 359 - 360 - 363 - 366 - 367 - 369 - 371 - 372 - 373 - 377 - 380 - 381 - 385 - 386 - 387 - 388 - 390 - 392 - 394 - 396 - 399 - 400 - 401 - 404 - 406 - 408 - 410 - 414 - 418 - 421 - 424 - 426 - 427 - 429 - 430 - 432 - 437 - 443 - 444 - 445 - 446 - 449 - 451 - 452 - 457 - 459 - 464 - 465 - 475 - 477 - 478 - 480 - 484 - 488 - 489 - 490 - 491 - 492 - 493 - 494 - 495 - 498,14589178.5,3.7,90041,88007,12.93,Cost: 90041 & Capacity: 88007
3 - 4 - 5 - 6 - 8 - 9 - 15 - 16 - 20 - 25 - 27 - 28 - 30 - 34 - 38 - 39 - 40 - 46 - 47 - 48 - 49 - 51 - 52 - 53 - 54 - 55 - 56 - 57 - 58 - 59 - 62 - 63 - 65 - 75 - 77 - 88 - 90 - 91 - 93 - 94 - 104 - 108 - 109 - 110 - 112 - 113 - 117 - 118 - 126 - 130 - 131 - 132 - 133 - 134 - 137 - 140 - 141 - 142 - 147 - 150 - 155 - 159 - 160 - 161 - 164 - 167 - 171 - 173 - 179 - 182 - 186 - 189 - 191 - 192 - 194 - 195 - 196 - 200 - 201 - 203 - 205 - 206 - 208 - 212 - 214 - 215 - 217 - 220 - 223 - 228 - 229 - 231 - 237 - 238 - 239 - 242 - 243 - 244 - 252 - 253 - 255 - 256 - 257 - 260 - 261 - 262 - 265 - 269 - 270 - 272 - 273 - 274 - 275 - 276 - 277 - 278 - 279 - 280 - 284 - 286 - 288 - 298 - 302 - 303 - 304 - 305 - 310 - 313 - 314 - 317 - 319 - 320 - 321 - 322 - 326 - 327 - 329 - 332 - 333 - 334 - 338 - 339 - 342 - 344 - 345 - 346 - 351 - 353 - 356 - 359 - 365 - 366 - 367 - 369 - 372 - 373 - 377 - 381 - 384 - 385 - 386 - 387 - 392 - 394 - 396 - 400 - 401 - 406 - 409 - 418 - 425 - 427 - 429 - 430 - 431 - 432 - 433 - 437 - 443 - 444 - 446 - 457 - 459 - 471 - 475 - 478 - 480 - 485 - 487 - 488 - 489 - 490 - 491 - 492 - 493 - 494 - 495 - 498,9815271.2,8.4,86598,79051,12.95,Cost: 86598 & Capacity: 79051
2 - 4 - 5 - 6 - 12 - 16 - 17 - 20 - 22 - 24 - 25 - 28 - 30 - 33 - 34 - 35 - 37 - 39 - 46 - 48 - 51 - 52 - 55 - 57 - 58 - 62 - 65 - 72 - 78 - 88 - 90 - 93 - 94 - 95 - 102 - 105 - 109 - 112 - 117 - 118 - 123 - 126 - 131 - 132 - 133 - 134 - 137 - 140 - 141 - 144 - 146 - 150 - 160 - 163 - 165 - 173 - 174 - 180 - 181 - 182 - 185 - 186 - 189 - 192 - 194 - 201 - 206 - 209 - 212 - 213 - 214 - 220 - 221 - 222 - 224 - 228 - 230 - 232 - 237 - 239 - 243 - 244 - 252 - 255 - 257 - 259 - 261 - 263 - 267 - 270 - 272 - 273 - 276 - 278 - 286 - 290 - 295 - 298 - 301 - 304 - 305 - 306 - 310 - 312 - 313 - 317 - 318 - 319 - 321 - 322 - 324 - 326 - 327 - 328 - 333 - 334 - 338 - 339 - 342 - 345 - 346 - 350 - 353 - 355 - 356 - 358 - 359 - 361 - 363 - 366 - 369 - 370 - 373 - 374 - 377 - 380 - 385 - 386 - 387 - 392 - 393 - 394 - 397 - 398 - 400 - 401 - 404 - 405 - 406 - 416 - 418 - 420 - 421 - 422 - 425 - 430 - 432 - 435 - 438 - 441 - 442 - 443 - 444 - 446 - 449 - 454 - 457 - 459 - 460 - 465 - 467 - 468 - 471 - 473 - 475 - 480 - 487 - 489 - 491 - 492 - 498 - 499,8406081.4,9.4,89643,79886,14.1,Cost: 89643 & Capacity: 79886
1 - 2 - 3 - 4 - 5 - 6 - 7 - 8 - 10 - 12 - 13 - 14 - 15 - 16 - 17 - 20 - 21 - 22 - 23 - 24 - 26 - 27 - 28 - 30 - 31 - 32 - 34 - 35 - 38 - 39 - 40 - 45 - 46 - 47 - 48 - 49 - 51 - 52 - 53 - 54 - 55 - 58 - 59 - 60 - 62 - 66 - 70 - 71 - 72 - 73 - 74 - 75 - 76 - 77 - 78 - 82 - 86 - 88 - 91 - 92 - 93 - 94 - 95 - 102 - 103 - 104 - 108 - 109 - 110 - 111 - 112 - 113 - 114 - 116 - 117 - 118 - 119 - 121 - 122 - 123 - 124 - 130 - 131 - 133 - 134 - 137 - 139 - 140 - 141 - 144 - 147 - 150 - 151 - 152 - 154 - 156 - 157 - 159 - 160 - 161 - 163 - 165 - 166 - 167 - 169 - 170 - 174 - 177 - 180 - 181 - 185 - 186 - 187 - 189 - 190 - 192 - 195 - 196 - 199 - 201 - 203 - 204 - 205 - 206 - 207 - 209 - 212 - 213 - 214 - 215 - 216 - 220 - 223 - 224 - 225 - 227 - 228 - 229 - 230 - 231 - 235 - 236 - 237 - 239 - 242 - 244 - 246 - 248 - 250 - 252 - 253 - 256 - 257 - 258 - 259 - 261 - 262 - 263 - 264 - 265 - 266 - 268 - 269 - 270 - 274 - 275 - 276 - 277 - 279 - 280 - 281 - 282 - 283 - 284 - 285 - 286 - 287 - 288 - 289 - 292 - 294 - 295 - 296 - 298 - 303 - 304 - 310 - 311 - 312 - 313 - 314 - 318 - 319 - 320 - 321 - 322 - 324 - 326 - 329 - 331 - 332 - 333 - 334 - 336 - 337 - 339 - 340 - 341 - 342 - 346 - 349 - 351 - 353 - 355 - 356 - 357 - 358 - 360 - 361 - 363 - 366 - 368 - 369 - 371 - 372 - 373 - 375 - 377 - 378 - 380 - 381 - 382 - 386 - 387 - 389 - 390 - 393 - 394 - 396 - 397 - 400 - 401 - 402 - 403 - 404 - 406 - 408 - 410 - 411 - 413 - 414 - 415 - 419 - 420 - 421 - 423 - 424 - 425 - 426 - 427 - 429 - 430 - 433 - 435 - 436 - 437 - 438 - 442 - 445 - 446 - 447 - 449 - 451 - 452 - 453 - 455 - 457 - 459 - 464 - 465 - 466 - 467 - 468 - 474 - 475 - 477 - 478 - 480 - 482 - 488 - 490 - 491 - 492 - 493 - 494 - 495 - 496 - 499,22191308.5,0.1,90117,95023,17.81,Cost: 90117 & Capacity: 95023
1 - 2 - 3 - 4 - 5 - 6 - 7 - 8 - 9 - 10 - 12 - 13 - 14 - 15 - 16 - 17 - 20 - 21 - 22 - 23 - 24 - 26 - 27 - 28 - 30 - 31 - 32 - 34 - 35 - 38 - 39 - 40 - 45 - 46 - 47 - 48 - 49 - 51 - 52 - 53 - 54 - 55 - 58 - 59 - 60 - 62 - 66 - 70 - 71 - 72 - 73 - 74 - 75 - 76 - 77 - 78 - 82 - 86 - 88 - 91 - 92 - 93 - 94 - 95 - 102 - 103 - 104 - 108 - 109 - 110 - 111 - 112 - 113 - 114 - 116 - 117 - 118 - 119 - 121 - 122 - 123 - 124 - 130 - 131 - 133 - 134 - 137 - 139 - 140 - 141 - 144 - 146 - 147 - 150 - 152 - 154 - 156 - 157 - 159 - 160 - 161 - 163 - 165 - 166 - 167 - 169 - 170 - 174 - 177 - 180 - 181 - 185 - 186 - 187 - 189 - 190 - 192 - 195 - 196 - 198 - 199 - 201 - 203 - 204 - 205 - 206 - 207 - 209 - 212 - 213 - 214 - 215 - 216 - 220 - 222 - 223 - 224 - 227 - 228 - 229 - 230 - 231 - 235 - 236 - 237 - 239 - 242 - 244 - 246 - 248 - 250 - 252 - 253 - 256 - 257 - 258 - 259 - 261 - 262 - 263 - 264 - 265 - 266 - 268 - 269 - 270 - 274 - 275 - 276 - 277 - 279 - 280 - 281 - 282 - 283 - 284 - 285 - 286 - 287 - 288 - 289 - 292 - 295 - 296 - 298 - 303 - 304 - 310 - 311 - 312 - 313 - 314 - 316 - 318 - 319 - 320 - 321 - 322 - 324 - 326 - 329 - 331 - 332 - 333 - 334 - 336 - 337 - 339 - 340 - 341 - 342 - 346 - 349 - 351 - 353 - 356 - 357 - 358 - 360 - 363 - 366 - 368 - 369 - 371 - 372 - 373 - 375 - 377 - 378 - 380 - 381 - 382 - 386 - 387 - 389 - 390 - 393 - 394 - 396 - 397 - 400 - 401 - 402 - 403 - 404 - 406 - 408 - 410 - 411 - 413 - 414 - 415 - 419 - 420 - 421 - 423 - 424 - 425 - 426 - 427 - 429 - 430 - 433 - 435 - 436 - 437 - 442 - 445 - 446 - 447 - 449 - 450 - 451 - 452 - 453 - 455 - 457 - 459 - 464 - 465 - 466 - 467 - 468 - 474 - 475 - 477 - 478 - 480 - 482 - 488 - 490 - 491 - 492 - 493 - 494 - 495 - 496 - 499,22117748.4,0.1,90115,94819,19.48,Cost: 90115 & Capacity: 94819
1 - 2 - 3 - 5 - 6 - 7 - 8 - 9 - 10 - 12 - 13 - 14 - 15 - 16 - 17 - 20 - 21 - 22 - 23 - 24 - 26 - 27 - 28 - 30 - 31 - 32 - 34 - 35 - 38 - 39 - 40 - 45 - 46 - 47 - 48 - 49 - 51 - 52 - 53 - 54 - 55 - 58 - 59 - 60 - 62 - 65 - 66 - 70 - 71 - 72 - 73 - 74 - 75 - 76 - 77 - 78 - 82 - 86 - 88 - 91 - 92 - 93 - 94 - 95 - 102 - 103 - 104 - 108 - 109 - 110 - 111 - 112 - 113 - 114 - 116 - 117 - 118 - 119 - 121 - 122 - 123 - 124 - 130 - 131 - 133 - 134 - 137 - 139 - 140 - 141 - 144 - 146 - 147 - 150 - 151 - 152 - 154 - 156 - 157 - 159 - 160 - 161 - 163 - 165 - 166 - 167 - 169 - 170 - 174 - 177 - 180 - 181 - 185 - 186 - 187 - 189 - 190 - 192 - 195 - 196 - 198 - 199 - 201 - 203 - 204 - 205 - 206 - 207 - 209 - 212 - 213 - 214 - 215 - 216 - 220 - 222 - 223 - 224 - 225 - 227 - 228 - 229 - 230 - 231 - 235 - 236 - 237 - 239 - 242 - 244 - 246 - 248 - 250 - 252 - 253 - 256 - 257 - 258 - 259 - 261 - 262 - 263 - 264 - 265 - 266 - 268 - 269 - 270 - 274 - 275 - 276 - 277 - 279 - 280 - 281 - 282 - 283 - 284 - 286 - 287 - 288 - 289 - 292 - 295 - 296 - 298 - 303 - 304 - 310 - 311 - 312 - 313 - 314 - 316 - 318 - 319 - 320 - 321 - 322 - 324 - 326 - 329 - 331 - 332 - 333 - 334 - 336 - 339 - 340 - 341 - 342 - 346 - 349 - 351 - 352 - 353 - 355 - 356 - 357 - 360 - 363 - 366 - 368 - 369 - 371 - 372 - 373 - 375 - 377 - 378 - 380 - 381 - 382 - 386 - 387 - 389 - 390 - 394 - 396 - 397 - 400 - 401 - 402 - 403 - 404 - 406 - 408 - 411 - 413 - 414 - 415 - 419 - 420 - 421 - 423 - 424 - 425 - 426 - 427 - 429 - 430 - 433 - 435 - 436 - 437 - 438 - 442 - 445 - 446 - 447 - 449 - 451 - 452 - 453 - 455 - 457 - 459 - 464 - 465 - 466 - 467 - 468 - 474 - 478 - 480 - 482 - 488 - 490 - 491 - 492 - 493 - 494 - 495 - 496 - 499,21690574.5,0.1,87767,92758,22.81,Cost: 87767 & Capacity: 92758
3 - 6 - 10 - 12 - 17 - 18 - 23 - 25 - 27 - 30 - 35 - 36 - 41 - 46 - 51 - 54 - 56 - 67 - 68 - 72 - 77 - 82 - 89 - 90 - 95 - 98 - 102 - 105 - 109 - 113 - 117 - 118 - 121 - 123 - 126 - 131 - 132 - 133 - 135 - 141 - 146 - 148 - 150 - 151 - 158 - 160 - 163 - 165 - 181 - 182 - 184 - 186 - 194 - 197 - 201 - 204 - 206 - 213 - 221 - 223 - 229 - 231 - 232 - 252 - 255 - 259 - 261 - 262 - 264 - 267 - 270 - 272 - 273 - 276 - 278 - 291 - 298 - 301 - 304 - 305 - 310 - 311 - 312 - 313 - 315 - 317 - 324 - 327 - 332 - 334 - 346 - 349 - 350 - 356 - 358 - 361 - 363 - 366 - 367 - 370 - 371 - 376 - 379 - 384 - 385 - 387 - 392 - 393 - 394 - 396 - 398 - 401 - 404 - 407 - 410 - 417 - 422 - 425 - 426 - 429 - 430 - 432 - 438 - 439 - 441 - 444 - 446 - 452 - 454 - 458 - 460 - 463 - 464 - 465 - 467 - 471 - 478 - 482 - 486 - 487 - 489 - 492 - 498 - 499,5263384.9,17.8,87774,73881,23.3,Cost: 87774 & Capacity: 73881
1 - 2 - 3 - 11 - 16 - 19 - 22 - 25 - 35 - 37 - 38 - 46 - 47 - 48 - 51 - 59 - 60 - 61 - 63 - 66 - 78 - 81 - 90 - 94 - 99 - 103 - 112 - 121 - 125 - 127 - 138 - 154 - 160 - 164 - 172 - 173 - 175 - 188 - 191 - 196 - 201 - 208 - 213 - 215 - 217 - 219 - 221 - 225 - 230 - 244 - 249 - 250 - 259 - 264 - 265 - 268 - 278 - 282 - 288 - 293 - 298 - 299 - 308 - 310 - 335 - 336 - 337 - 342 - 343 - 351 - 352 - 353 - 354 - 368 - 369 - 371 - 372 - 376 - 379 - 387 - 391 - 397 - 399 - 400 - 404 - 405 - 408 - 409 - 411 - 415 - 416 - 422 - 424 - 425 - 426 - 437 - 438 - 445 - 448 - 454 - 462 - 464 - 465 - 473 - 479 - 481 - 485 - 489 - 499,3101164.9,24.8,66136,53812,23.71,Cost: 66136 & Capacity: 53812
1 - 2 - 3 - 4 - 5 - 6 - 7 - 8 - 10 - 12 - 13 - 14 - 15 - 16 - 17 - 20 - 21 - 22 - 23 - 24 - 25 - 26 - 27 - 28 - 30 - 31 - 32 - 34 - 35 - 38 - 39 - 40 - 45 - 46 - 47 - 48 - 49 - 51 - 52 - 53 - 54 - 55 - 58 - 59 - 60 - 62 - 66 - 70 - 71 - 72 - 73 - 74 - 75 - 76 - 77 - 78 - 82 - 86 - 88 - 91 - 92 - 93 - 94 - 95 - 102 - 103 - 104 - 108 - 109 - 110 - 111 - 112 - 113 - 114 - 116 - 117 - 118 - 119 - 121 - 122 - 123 - 130 - 131 - 133 - 134 - 137 - 139 - 140 - 141 - 144 - 147 - 150 - 151 - 152 - 154 - 156 - 157 - 159 - 160 - 161 - 163 - 165 - 166 - 167 - 169 - 174 - 177 - 180 - 181 - 185 - 186 - 187 - 189 - 190 - 192 - 195 - 196 - 198 - 199 - 201 - 203 - 204 - 205 - 206 - 207 - 209 - 212 - 213 - 214 - 215 - 216 - 220 - 222 - 223 - 224 - 225 - 227 - 228 - 229 - 230 - 231 - 235 - 236 - 237 - 239 - 242 - 244 - 246 - 248 - 250 - 252 - 253 - 256 - 257 - 258 - 259 - 261 - 262 - 263 - 264 - 265 - 266 - 268 - 269 - 270 - 274 - 275 - 276 - 277 - 279 - 280 - 281 - 282 - 283 - 284 - 285 - 286 - 287 - 288 - 289 - 292 - 294 - 295 - 296 - 298 - 303 - 304 - 310 - 311 - 312 - 313 - 314 - 318 - 319 - 320 - 321 - 322 - 324 - 326 - 329 - 331 - 332 - 333 - 334 - 336 - 337 - 339 - 340 - 341 - 342 - 346 - 349 - 351 - 353 - 355 - 356 - 357 - 358 - 360 - 361 - 363 - 366 - 368 - 369 - 371 - 372 - 373 - 375 - 377 - 378 - 380 - 381 - 382 - 386 - 387 - 389 - 390 - 393 - 394 - 396 - 397 - 400 - 401 - 402 - 403 - 404 - 406 - 408 - 410 - 411 - 413 - 414 - 415 - 419 - 420 - 421 - 423 - 424 - 425 - 426 - 427 - 429 - 430 - 433 - 435 - 436 - 437 - 438 - 442 - 445 - 446 - 447 - 449 - 451 - 452 - 453 - 455 - 457 - 459 - 464 - 465 - 466 - 467 - 468 - 474 - 475 - 478 - 480 - 482 - 488 - 490 - 491 - 492 - 493 - 494 - 495 - 496 - 499,22210449.6,0.1,90100,94378,25.75,Cost: 90100 & Capacity: 94378
0 - 1 - 2 - 3 - 4 - 5 - 6 - 7 - 8 - 9 - 12 - 13 - 14 - 15 - 16 - 17 - 20 - 21 - 22 - 23 - 24 - 25 - 27 - 28 - 30 - 31 - 34 - 35 - 38 - 39 - 40 - 45 - 46 - 47 - 48 - 49 - 51 - 52 - 53 - 54 - 55 - 58 - 59 - 60 - 62 - 63 - 70 - 71 - 72 - 73 - 74 - 75 - 76 - 77 - 78 - 82 - 86 - 88 - 91 - 92 - 93 - 94 - 95 - 102 - 103 - 104 - 108 - 109 - 110 - 112 - 113 - 114 - 116 - 117 - 118 - 119 - 121 - 122 - 123 - 124 - 130 - 131 - 132 - 133 - 134 - 137 - 140 - 141 - 144 - 146 - 147 - 150 - 152 - 156 - 157 - 159 - 160 - 161 - 163 - 165 - 166 - 167 - 169 - 170 - 174 - 177 - 180 - 181 - 185 - 186 - 187 - 189 - 190 - 192 - 195 - 196 - 198 - 199 - 201 - 203 - 205 - 206 - 207 - 209 - 212 - 213 - 214 - 215 - 216 - 220 - 222 - 223 - 227 - 228 - 229 - 231 - 235 - 236 - 237 - 239 - 240 - 242 - 244 - 246 - 248 - 250 - 252 - 253 - 256 - 257 - 258 - 259 - 261 - 262 - 263 - 265 - 266 - 268 - 269 - 270 - 274 - 275 - 276 - 277 - 279 - 280 - 281 - 282 - 284 - 285 - 286 - 287 - 288 - 289 - 292 - 295 - 296 - 298 - 303 - 304 - 310 - 311 - 312 - 313 - 314 - 319 - 320 - 321 - 322 - 324 - 326 - 329 - 331 - 332 - 333 - 334 - 336 - 337 - 339 - 340 - 341 - 342 - 346 - 349 - 351 - 353 - 356 - 357 - 358 - 360 - 361 - 363 - 366 - 368 - 369 - 372 - 373 - 375 - 377 - 378 - 381 - 382 - 386 - 387 - 390 - 392 - 393 - 394 - 396 - 397 - 400 - 401 - 403 - 404 - 406 - 408 - 410 - 411 - 413 - 414 - 415 - 419 - 420 - 421 - 423 - 424 - 425 - 426 - 427 - 429 - 430 - 433 - 435 - 436 - 437 - 442 - 445 - 446 - 447 - 449 - 450 - 451 - 452 - 455 - 457 - 459 - 464 - 465 - 466 - 467 - 471 - 474 - 475 - 477 - 478 - 480 - 482 - 488 - 489 - 490 - 491 - 492 - 493 - 494 - 495 - 496 - 499,20532272.3,0.5,90112,93215,31.22,Cost: 90112 & Capacity: 93215
9 - 16 - 18 - 24 - 27 - 32 - 36 - 44 - 60 - 67 - 68 - 78 - 79 - 94 - 98 - 105 - 106 - 109 - 125 - 127 - 128 - 139 - 143 - 147 - 148 - 151 - 153 - 159 - 162 - 163 - 165 - 167 - 168 - 169 - 170 - 173 - 176 - 184 - 185 - 201 - 203 - 208 - 211 - 217 - 229 - 237 - 247 - 248 - 250 - 262 - 263 - 267 - 301 - 311 - 317 - 322 - 326 - 329 - 330 - 341 - 344 - 348 - 354 - 357 - 358 - 361 - 369 - 375 - 376 - 395 - 401 - 410 - 411 - 429 - 432 - 442 - 461 - 466 - 468 - 472 - 479 - 482 - 486 - 489 - 492 - 498,1926316.7,35.0,62450,50337,33.45,Cost: 62450 & Capacity: 50337
3 - 4 - 6 - 8 - 10 - 11 - 14 - 16 - 17 - 22 - 25 - 27 - 28 - 31 - 34 - 39 - 40 - 41 - 43 - 46 - 48 - 51 - 52 - 54 - 55 - 56 - 58 - 59 - 60 - 63 - 64 - 66 - 70 - 72 - 75 - 77 - 78 - 88 - 90 - 93 - 94 - 108 - 109 - 113 - 117 - 118 - 119 - 121 - 123 - 128 - 130 - 132 - 133 - 134 - 137 - 141 - 142 - 144 - 147 - 150 - 157 - 159 - 160 - 161 - 163 - 167 - 171 - 173 - 174 - 178 - 181 - 182 - 186 - 189 - 191 - 193 - 194 - 195 - 196 - 197 - 198 - 201 - 202 - 205 - 206 - 209 - 212 - 215 - 220 - 229 - 230 - 237 - 239 - 242 - 243 - 244 - 252 - 253 - 256 - 257 - 259 - 260 - 262 - 263 - 269 - 270 - 272 - 273 - 274 - 275 - 276 - 277 - 280 - 283 - 284 - 285 - 286 - 287 - 288 - 294 - 295 - 298 - 301 - 302 - 304 - 305 - 306 - 308 - 310 - 312 - 313 - 314 - 315 - 317 - 319 - 322 - 326 - 327 - 331 - 332 - 333 - 334 - 340 - 342 - 345 - 346 - 350 - 351 - 353 - 356 - 357 - 359 - 361 - 366 - 367 - 369 - 372 - 373 - 374 - 375 - 377 - 378 - 379 - 381 - 385 - 386 - 387 - 389 - 390 - 392 - 394 - 396 - 399 - 400 - 401 - 406 - 421 - 424 - 425 - 426 - 429 - 430 - 432 - 433 - 435 - 436 - 437 - 442 - 443 - 444 - 446 - 447 - 449 - 451 - 452 - 454 - 455 - 459 - 462 - 465 - 467 - 469 - 478 - 481 - 484 - 488 - 489 - 491 - 492 - 498 - 499,11140483.3,6.4,90018,85175,33.68,Cost: 90018 & Capacity: 85175
3 - 4 - 5 - 6 - 8 - 13 - 17 - 22 - 23 - 25 - 27 - 28 - 30 - 31 - 34 - 35 - 38 - 39 - 43 - 45 - 46 - 47 - 51 - 52 - 54 - 55 - 58 - 63 - 64 - 66 - 67 - 70 - 72 - 75 - 77 - 78 - 85 - 86 - 88 - 90 - 91 - 92 - 93 - 94 - 95 - 98 - 108 - 109 - 113 - 114 - 117 - 118 - 119 - 121 - 122 - 123 - 126 - 128 - 130 - 131 - 132 - 133 - 134 - 135 - 141 - 144 - 147 - 150 - 155 - 157 - 159 - 160 - 161 - 167 - 168 - 169 - 171 - 172 - 174 - 178 - 181 - 182 - 183 - 184 - 186 - 189 - 191 - 193 - 194 - 196 - 198 - 203 - 204 - 206 - 212 - 213 - 214 - 215 - 220 - 223 - 229 - 231 - 235 - 236 - 237 - 238 - 243 - 244 - 252 - 253 - 255 - 257 - 258 - 261 - 262 - 267 - 269 - 270 - 271 - 272 - 273 - 274 - 275 - 277 - 278 - 281 - 284 - 285 - 286 - 288 - 295 - 298 - 304 - 310 - 311 - 312 - 313 - 315 - 317 - 319 - 322 - 327 - 333 - 334 - 339 - 340 - 342 - 346 - 350 - 351 - 356 - 357 - 361 - 366 - 367 - 369 - 371 - 372 - 373 - 374 - 375 - 379 - 381 - 385 - 387 - 390 - 392 - 393 - 394 - 396 - 398 - 400 - 401 - 420 - 421 - 422 - 424 - 425 - 426 - 427 - 429 - 430 - 431 - 433 - 436 - 437 - 444 - 446 - 447 - 449 - 451 - 452 - 453 - 454 - 457 - 458 - 459 - 465 - 467 - 471 - 474 - 475 - 478 - 484 - 488 - 491 - 492 - 493 - 495 - 496 - 498 - 499,11286410.8,6.3,90031,86001,39.15,Cost: 90031 & Capacity: 86001
0 - 1 - 2 - 11 - 12 - 17 - 18 - 21 - 24 - 27 - 29 - 35 - 39 - 42 - 43 - 45 - 48 - 51 - 54 - 56 - 59 - 62 - 66 - 72 - 83 - 88 - 90 - 94 - 99 - 103 - 105 - 106 - 110 - 116 - 117 - 140 - 144 - 149 - 151 - 154 - 156 - 164 - 172 - 178 - 181 - 182 - 187 - 193 - 202 - 213 - 214 - 218 - 237 - 250 - 252 - 259 - 260 - 261 - 265 - 268 - 269 - 272 - 286 - 288 - 297 - 312 - 319 - 322 - 328 - 331 - 335 - 338 - 339 - 340 - 356 - 359 - 362 - 363 - 366 - 367 - 372 - 374 - 377 - 380 - 390 - 395 - 405 - 407 - 408 - 417 - 419 - 425 - 433 - 436 - 441 - 443 - 448 - 449 - 456 - 461 - 462 - 468 - 470 - 489 - 492 - 498,2908665.3,27.1,62640,51250,42.72,Cost: 62640 & Capacity: 51250
0 - 1 - 2 - 11 - 12 - 17 - 18 - 21 - 24 - 27 - 29 - 35 - 39 - 42 - 43 - 45 - 48 - 51 - 54 - 56 - 59 - 62 - 66 - 72 - 83 - 88 - 90 - 94 - 99 - 103 - 105 - 106 - 110 - 116 - 117 - 140 - 144 - 149 - 151 - 154 - 156 - 164 - 172 - 178 - 181 - 182 - 187 - 193 - 202 - 213 - 214 - 218 - 237 - 250 - 252 - 259 - 260 - 261 - 262 - 265 - 268 - 269 - 272 - 286 - 288 - 297 - 312 - 319 - 322 - 328 - 331 - 335 - 338 - 339 - 340 - 356 - 359 - 362 - 363 - 366 - 367 - 372 - 374 - 377 - 380 - 390 - 395 - 405 - 407 - 408 - 417 - 419 - 425 - 433 - 436 - 441 - 443 - 448 - 449 - 456 - 461 - 462 - 468 - 470 - 489 - 492 - 498,2960297.4,25.7,62971,51869,42.72,Cost: 62971 & Capacity: 51869
1 - 2 - 3 - 4 - 5 - 6 - 7 - 8 - 9 - 10 - 12 - 13 - 14 - 15 - 16 - 17 - 20 - 21 - 22 - 23 - 24 - 26 - 27 - 28 - 30 - 31 - 32 - 34 - 35 - 38 - 39 - 40 - 45 - 46 - 47 - 48 - 49 - 51 - 52 - 53 - 54 - 55 - 58 - 59 - 60 - 62 - 65 - 66 - 70 - 71 - 72 - 73 - 74 - 75 - 76 - 77 - 78 - 82 - 86 - 88 - 91 - 92 - 93 - 94 - 95 - 102 - 103 - 104 - 108 - 109 - 110 - 111 - 112 - 113 - 114 - 116 - 117 - 118 - 119 - 121 - 122 - 123 - 124 - 130 - 131 - 133 - 134 - 137 - 139 - 140 - 141 - 144 - 146 - 147 - 150 - 151 - 152 - 154 - 156 - 157 - 159 - 160 - 161 - 163 - 165 - 166 - 167 - 169 - 174 - 177 - 180 - 181 - 185 - 186 - 187 - 189 - 190 - 192 - 195 - 196 - 198 - 199 - 201 - 203 - 204 - 205 - 206 - 207 - 209 - 212 - 213 - 214 - 215 - 216 - 220 - 222 - 223 - 224 - 225 - 227 - 228 - 229 - 230 - 231 - 235 - 236 - 237 - 239 - 242 - 244 - 246 - 248 - 250 - 252 - 253 - 256 - 257 - 258 - 259 - 261 - 262 - 263 - 264 - 265 - 266 - 268 - 269 - 270 - 274 - 275 - 276 - 277 - 279 - 280 - 281 - 282 - 283 - 284 - 285 - 286 - 287 - 288 - 289 - 292 - 295 - 296 - 298 - 303 - 304 - 310 - 311 - 312 - 313 - 314 - 316 - 318 - 319 - 320 - 321 - 322 - 324 - 326 - 329 - 331 - 332 - 333 - 334 - 336 - 339 - 340 - 341 - 342 - 346 - 349 - 351 - 352 - 353 - 355 - 356 - 357 - 360 - 363 - 366 - 368 - 369 - 371 - 372 - 373 - 375 - 377 - 378 - 380 - 381 - 382 - 386 - 387 - 389 - 390 - 394 - 396 - 397 - 400 - 401 - 402 - 403 - 404 - 406 - 408 - 411 - 413 - 414 - 415 - 419 - 420 - 421 - 423 - 424 - 425 - 426 - 427 - 429 - 430 - 433 - 435 - 436 - 437 - 438 - 442 - 445 - 446 - 447 - 449 - 450 - 451 - 452 - 453 - 455 - 457 - 459 - 464 - 465 - 466 - 467 - 468 - 474 - 478 - 480 - 482 - 488 - 490 - 491 - 492 - 493 - 494 - 495 - 496 - 499,21975324.7,0.1,88999,93777,43.69,Cost: 88999 & Capacity: 93777
1 - 2 - 3 - 4 - 5 - 6 - 7 - 8 - 9 - 10 - 12 - 13 - 14 - 15 - 16 - 17 - 20 - 21 - 22 - 23 - 24 - 25 - 26 - 27 - 28 - 30 - 31 - 34 - 35 - 38 - 39 - 40 - 45 - 46 - 47 - 48 - 49 - 51 - 52 - 53 - 54 - 55 - 58 - 59 - 60 - 62 - 66 - 70 - 71 - 72 - 73 - 74 - 75 - 76 - 77 - 78 - 82 - 86 - 88 - 91 - 92 - 93 - 94 - 95 - 102 - 103 - 104 - 108 - 109 - 110 - 111 - 112 - 113 - 114 - 116 - 117 - 118 - 119 - 121 - 122 - 123 - 124 - 130 - 131 - 133 - 134 - 137 - 138 - 139 - 140 - 141 - 144 - 146 - 147 - 150 - 152 - 154 - 156 - 157 - 159 - 160 - 161 - 163 - 165 - 166 - 167 - 169 - 170 - 174 - 177 - 180 - 181 - 185 - 186 - 187 - 189 - 190 - 192 - 195 - 196 - 198 - 199 - 201 - 203 - 204 - 205 - 206 - 207 - 209 - 212 - 213 - 214 - 215 - 216 - 220 - 222 - 223 - 224 - 227 - 228 - 229 - 230 - 231 - 235 - 236 - 237 - 239 - 242 - 244 - 246 - 248 - 250 - 252 - 253 - 256 - 257 - 258 - 259 - 261 - 262 - 263 - 264 - 265 - 266 - 268 - 269 - 270 - 274 - 275 - 276 - 277 - 279 - 280 - 281 - 282 - 283 - 284 - 285 - 286 - 287 - 288 - 289 - 292 - 294 - 295 - 296 - 298 - 303 - 304 - 310 - 311 - 312 - 313 - 314 - 318 - 319 - 320 - 321 - 322 - 324 - 326 - 329 - 331 - 332 - 333 - 334 - 336 - 337 - 339 - 340 - 341 - 342 - 346 - 349 - 351 - 353 - 356 - 357 - 358 - 360 - 361 - 363 - 366 - 368 - 369 - 371 - 372 - 373 - 375 - 377 - 378 - 380 - 381 - 386 - 387 - 389 - 390 - 394 - 396 - 397 - 400 - 401 - 402 - 403 - 404 - 406 - 408 - 410 - 411 - 413 - 414 - 415 - 419 - 420 - 421 - 423 - 424 - 425 - 426 - 427 - 429 - 430 - 433 - 435 - 436 - 437 - 442 - 445 - 446 - 447 - 449 - 451 - 452 - 453 - 455 - 457 - 459 - 464 - 465 - 466 - 467 - 468 - 474 - 475 - 477 - 478 - 480 - 482 - 488 - 490 - 491 - 492 - 493 - 494 - 495 - 496 - 499,22020717.2,0.1,90116,95015,43.92,Cost: 90116 & Capacity: 95015
1 - 2 - 3 - 5 - 6 - 7 - 8 - 9 - 10 - 12 - 13 - 14 - 15 - 16 - 17 - 20 - 21 - 22 - 23 - 24 - 26 - 27 - 28 - 30 - 31 - 32 - 34 - 35 - 38 - 39 - 40 - 45 - 46 - 47 - 48 - 49 - 51 - 52 - 53 - 54 - 55 - 58 - 59 - 60 - 62 - 65 - 66 - 70 - 71 - 72 - 73 - 74 - 75 - 76 - 77 - 78 - 82 - 86 - 88 - 91 - 92 - 93 - 94 - 95 - 102 - 103 - 104 - 108 - 109 - 110 - 111 - 112 - 113 - 114 - 116 - 117 - 118 - 119 - 121 - 122 - 123 - 124 - 130 - 131 - 133 - 134 - 137 - 139 - 140 - 141 - 144 - 146 - 147 - 150 - 151 - 152 - 154 - 156 - 157 - 159 - 160 - 161 - 163 - 165 - 166 - 167 - 169 - 174 - 177 - 180 - 181 - 185 - 186 - 187 - 189 - 190 - 192 - 195 - 196 - 198 - 199 - 201 - 203 - 204 - 205 - 206 - 207 - 209 - 212 - 213 - 214 - 215 - 216 - 220 - 222 - 223 - 224 - 225 - 227 - 228 - 229 - 230 - 231 - 235 - 236 - 237 - 239 - 242 - 244 - 246 - 248 - 250 - 252 - 253 - 256 - 257 - 258 - 259 - 261 - 262 - 263 - 264 - 265 - 266 - 268 - 269 - 270 - 274 - 275 - 276 - 277 - 279 - 280 - 281 - 282 - 283 - 284 - 286 - 287 - 288 - 289 - 292 - 295 - 296 - 298 - 303 - 304 - 310 - 311 - 312 - 313 - 314 - 316 - 318 - 319 - 320 - 321 - 322 - 324 - 326 - 329 - 331 - 332 - 333 - 334 - 336 - 339 - 340 - 341 - 342 - 346 - 349 - 351 - 352 - 353 - 355 - 356 - 357 - 360 - 363 - 366 - 368 - 369 - 371 - 372 - 373 - 375 - 377 - 378 - 380 - 381 - 382 - 386 - 387 - 389 - 390 - 394 - 396 - 397 - 400 - 401 - 402 - 403 - 404 - 406 - 408 - 411 - 413 - 414 - 415 - 419 - 420 - 421 - 423 - 424 - 425 - 426 - 427 - 429 - 430 - 433 - 435 - 436 - 437 - 438 - 442 - 445 - 446 - 447 - 449 - 450 - 451 - 452 - 453 - 455 - 457 - 459 - 464 - 465 - 466 - 467 - 468 - 474 - 478 - 480 - 482 - 488 - 490 - 491 - 492 - 493 - 494 - 495 - 496 - 499,21677747.4,0.1,87758,92334,46.94,Cost: 87758 & Capacity: 92334
2 - 6 - 8 - 9 - 10 - 11 - 12 - 14 - 18 - 22 - 25 - 27 - 28 - 31 - 33 - 34 - 35 - 39 - 41 - 46 - 47 - 48 - 51 - 52 - 54 - 55 - 57 - 58 - 59 - 60 - 62 - 66 - 72 - 77 - 78 - 82 - 90 - 91 - 94 - 95 - 108 - 109 - 110 - 113 - 114 - 117 - 118 - 131 - 132 - 133 - 136 - 137 - 141 - 142 - 144 - 146 - 147 - 149 - 150 - 160 - 162 - 165 - 169 - 173 - 174 - 176 - 181 - 189 - 194 - 199 - 201 - 206 - 212 - 213 - 215 - 217 - 220 - 228 - 231 - 232 - 235 - 238 - 244 - 252 - 255 - 257 - 259 - 270 - 273 - 275 - 276 - 277 - 280 - 284 - 286 - 290 - 298 - 299 - 301 - 302 - 303 - 304 - 305 - 312 - 314 - 315 - 317 - 323 - 324 - 326 - 327 - 331 - 332 - 334 - 336 - 338 - 342 - 345 - 346 - 349 - 352 - 353 - 354 - 355 - 356 - 358 - 359 - 361 - 363 - 365 - 366 - 369 - 371 - 373 - 374 - 375 - 376 - 377 - 378 - 387 - 389 - 392 - 393 - 394 - 395 - 396 - 398 - 400 - 401 - 404 - 405 - 420 - 421 - 425 - 426 - 429 - 431 - 432 - 441 - 443 - 444 - 445 - 448 - 451 - 454 - 458 - 459 - 460 - 465 - 467 - 477 - 488 - 489 - 491 - 498,7664293.7,12.2,87939,75669,47.41,Cost: 87939 & Capacity: 75669
1 - 2 - 3 - 4 - 5 - 6 - 7 - 8 - 9 - 10 - 12 - 13 - 14 - 15 - 16 - 17 - 20 - 21 - 22 - 23 - 24 - 26 - 27 - 28 - 30 - 31 - 32 - 34 - 35 - 38 - 39 - 40 - 45 - 46 - 47 - 48 - 49 - 51 - 52 - 53 - 54 - 55 - 58 - 59 - 60 - 62 - 66 - 70 - 71 - 72 - 73 - 74 - 75 - 76 - 77 - 78 - 82 - 86 - 88 - 91 - 92 - 93 - 94 - 95 - 102 - 103 - 104 - 108 - 109 - 110 - 111 - 112 - 113 - 114 - 116 - 117 - 118 - 119 - 121 - 122 - 123 - 124 - 130 - 131 - 133 - 134 - 137 - 139 - 140 - 141 - 144 - 146 - 147 - 150 - 152 - 154 - 156 - 157 - 159 - 160 - 161 - 163 - 165 - 166 - 167 - 169 - 170 - 174 - 177 - 180 - 181 - 185 - 186 - 187 - 189 - 190 - 192 - 195 - 196 - 198 - 199 - 201 - 203 - 204 - 205 - 206 - 207 - 209 - 212 - 213 - 214 - 215 - 216 - 220 - 222 - 223 - 224 - 227 - 228 - 229 - 230 - 231 - 235 - 236 - 237 - 239 - 242 - 244 - 246 - 248 - 250 - 252 - 253 - 256 - 257 - 258 - 259 - 261 - 262 - 263 - 264 - 265 - 266 - 268 - 269 - 270 - 274 - 275 - 276 - 277 - 279 - 280 - 281 - 282 - 283 - 284 - 285 - 286 - 287 - 288 - 289 - 292 - 295 - 296 - 298 - 303 - 304 - 310 - 311 - 312 - 313 - 314 - 316 - 318 - 319 - 320 - 321 - 322 - 324 - 326 - 329 - 331 - 332 - 333 - 334 - 336 - 337 - 339 - 340 - 341 - 342 - 346 - 349 - 351 - 353 - 356 - 357 - 358 - 360 - 363 - 366 - 368 - 369 - 371 - 372 - 373 - 375 - 377 - 378 - 380 - 381 - 382 - 386 - 387 - 389 - 390 - 393 - 394 - 396 - 397 - 400 - 401 - 402 - 403 - 404 - 406 - 408 - 410 - 411 - 413 - 414 - 415 - 419 - 420 - 421 - 423 - 424 - 425 - 426 - 427 - 429 - 430 - 433 - 435 - 436 - 437 - 442 - 445 - 446 - 447 - 449 - 450 - 451 - 452 - 453 - 455 - 457 - 459 - 464 - 465 - 466 - 467 - 468 - 474 - 475 - 477 - 478 - 480 - 482 - 488 - 490 - 491 - 492 - 493 - 494 - 495 - 496 - 499,22117748.4,0.1,90115,94819,48.24,Cost: 90115 & Capacity: 94819
1 - 2 - 3 - 4 - 5 - 6 - 7 - 8 - 9 - 10 - 12 - 13 - 14 - 15 - 16 - 17 - 20 - 21 - 22 - 23 - 24 - 25 - 26 - 27 - 28 - 30 - 31 - 34 - 35 - 38 - 39 - 40 - 45 - 46 - 47 - 48 - 49 - 51 - 52 - 53 - 54 - 55 - 58 - 59 - 60 - 62 - 66 - 70 - 71 - 72 - 73 - 74 - 75 - 76 - 77 - 78 - 82 - 86 - 88 - 91 - 92 - 93 - 94 - 95 - 102 - 103 - 104 - 108 - 109 - 110 - 111 - 112 - 113 - 114 - 116 - 117 - 118 - 119 - 121 - 122 - 123 - 124 - 130 - 131 - 133 - 134 - 137 - 138 - 139 - 140 - 141 - 144 - 146 - 147 - 150 - 152 - 154 - 156 - 157 - 159 - 160 - 161 - 163 - 165 - 166 - 167 - 169 - 170 - 174 - 177 - 180 - 181 - 185 - 186 - 187 - 189 - 190 - 192 - 195 - 196 - 198 - 199 - 201 - 203 - 204 - 205 - 206 - 207 - 209 - 212 - 213 - 214 - 215 - 216 - 220 - 222 - 223 - 224 - 227 - 228 - 229 - 230 - 231 - 235 - 236 - 237 - 239 - 242 - 244 - 246 - 248 - 250 - 252 - 253 - 256 - 257 - 258 - 259 - 261 - 262 - 263 - 264 - 265 - 266 - 268 - 269 - 270 - 274 - 275 - 276 - 277 - 279 - 280 - 281 - 282 - 283 - 284 - 285 - 286 - 287 - 288 - 289 - 292 - 294 - 295 - 296 - 298 - 303 - 304 - 310 - 311 - 312 - 313 - 314 - 318 - 319 - 320 - 321 - 322 - 324 - 326 - 329 - 331 - 332 - 333 - 334 - 336 - 337 - 339 - 340 - 341 - 342 - 346 - 349 - 351 - 353 - 356 - 357 - 358 - 360 - 361 - 363 - 366 - 368 - 369 - 371 - 372 - 373 - 375 - 377 - 378 - 380 - 381 - 386 - 387 - 389 - 390 - 394 - 396 - 397 - 400 - 401 - 402 - 403 - 404 - 406 - 408 - 410 - 411 - 413 - 414 - 415 - 419 - 420 - 421 - 423 - 424 - 425 - 426 - 427 - 429 - 430 - 433 - 435 - 436 - 437 - 442 - 445 - 446 - 447 - 449 - 451 - 452 - 453 - 455 - 457 - 459 - 464 - 465 - 466 - 467 - 468 - 474 - 475 - 477 - 478 - 480 - 482 - 488 - 490 - 491 - 492 - 493 - 494 - 495 - 496 - 499,22020717.2,0.1,90116,95015,50.07,Cost: 90116 & Capacity: 95015
1 - 2 - 3 - 4 - 5 - 6 - 7 - 8 - 9 - 10 - 12 - 13 - 14 - 15 - 16 - 17 - 20 - 21 - 22 - 23 - 24 - 26 - 27 - 28 - 30 - 31 - 32 - 34 - 35 - 38 - 39 - 40 - 45 - 46 - 47 - 48 - 49 - 51 - 52 - 53 - 54 - 55 - 58 - 59 - 60 - 62 - 66 - 70 - 71 - 72 - 73 - 74 - 75 - 76 - 77 - 78 - 82 - 86 - 88 - 91 - 92 - 93 - 94 - 95 - 102 - 103 - 104 - 108 - 109 - 110 - 111 - 112 - 113 - 114 - 116 - 117 - 118 - 119 - 121 - 122 - 123 - 124 - 130 - 131 - 133 - 134 - 137 - 139 - 140 - 141 - 144 - 146 - 147 - 150 - 152 - 154 - 156 - 157 - 159 - 160 - 161 - 163 - 165 - 166 - 167 - 169 - 170 - 174 - 177 - 180 - 181 - 185 - 186 - 187 - 189 - 190 - 192 - 195 - 196 - 198 - 199 - 201 - 203 - 204 - 205 - 206 - 207 - 209 - 212 - 213 - 214 - 215 - 216 - 220 - 222 - 223 - 224 - 227 - 228 - 229 - 230 - 231 - 235 - 236 - 237 - 239 - 242 - 244 - 246 - 248 - 250 - 252 - 253 - 256 - 257 - 258 - 259 - 261 - 262 - 263 - 264 - 265 - 266 - 268 - 269 - 270 - 274 - 275 - 276 - 277 - 279 - 280 - 281 - 282 - 283 - 284 - 285 - 286 - 287 - 288 - 289 - 292 - 295 - 296 - 298 - 303 - 304 - 310 - 311 - 312 - 313 - 314 - 316 - 318 - 319 - 320 - 321 - 322 - 324 - 326 - 329 - 331 - 332 - 333 - 334 - 336 - 337 - 339 - 340 - 341 - 342 - 346 - 349 - 351 - 353 - 356 - 357 - 358 - 360 - 363 - 366 - 368 - 369 - 371 - 372 - 373 - 375 - 377 - 378 - 380 - 381 - 382 - 386 - 387 - 389 - 390 - 393 - 394 - 396 - 397 - 400 - 401 - 402 - 403 - 404 - 406 - 408 - 410 - 411 - 413 - 414 - 415 - 419 - 420 - 421 - 423 - 424 - 425 - 426 - 427 - 429 - 430 - 433 - 435 - 436 - 437 - 442 - 445 - 446 - 447 - 449 - 450 - 451 - 452 - 453 - 455 - 457 - 459 - 464 - 465 - 466 - 467 - 468 - 474 - 475 - 477 - 478 - 480 - 482 - 488 - 490 - 491 - 492 - 493 - 494 - 495 - 496 - 499,22117748.4,0.1,90115,94819,53.46,Cost: 90115 & Capacity: 94819
1 - 2 - 3 - 4 - 5 - 6 - 7 - 8 - 9 - 10 - 12 - 13 - 14 - 15 - 16 - 17 - 20 - 21 - 22 - 23 - 24 - 26 - 27 - 28 - 30 - 31 - 32 - 34 - 35 - 38 - 39 - 40 - 45 - 46 - 47 - 48 - 49 - 51 - 52 - 53 - 54 - 55 - 58 - 59 - 60 - 62 - 66 - 70 - 71 - 72 - 73 - 74 - 75 - 76 - 77 - 78 - 82 - 86 - 88 - 91 - 92 - 93 - 94 - 95 - 102 - 103 - 104 - 108 - 109 - 110 - 111 - 112 - 113 - 114 - 116 - 117 - 118 - 119 - 121 - 122 - 123 - 124 - 130 - 131 - 133 - 134 - 137 - 139 - 140 - 141 - 144 - 146 - 147 - 150 - 152 - 154 - 156 - 157 - 159 - 160 - 161 - 163 - 165 - 166 - 167 - 169 - 170 - 174 - 177 - 180 - 181 - 185 - 186 - 187 - 189 - 190 - 192 - 195 - 196 - 198 - 199 - 201 - 203 - 204 - 205 - 206 - 207 - 209 - 212 - 213 - 214 - 215 - 216 - 220 - 222 - 223 - 224 - 227 - 228 - 229 - 230 - 231 - 235 - 236 - 237 - 239 - 242 - 244 - 246 - 248 - 250 - 252 - 253 - 256 - 257 - 258 - 259 - 261 - 262 - 263 - 264 - 265 - 266 - 268 - 269 - 270 - 274 - 275 - 276 - 277 - 279 - 280 - 281 - 282 - 283 - 284 - 285 - 286 - 287 - 288 - 289 - 292 - 295 - 296 - 298 - 303 - 304 - 310 - 311 - 312 - 313 - 314 - 316 - 318 - 319 - 320 - 321 - 322 - 324 - 326 - 329 - 331 - 332 - 333 - 334 - 336 - 337 - 339 - 340 - 341 - 342 - 346 - 349 - 351 - 353 - 356 - 357 - 358 - 360 - 363 - 366 - 368 - 369 - 371 - 372 - 373 - 375 - 377 - 378 - 380 - 381 - 382 - 386 - 387 - 389 - 390 - 393 - 394 - 396 - 397 - 400 - 401 - 402 - 403 - 404 - 406 - 408 - 410 - 411 - 413 - 414 - 415 - 419 - 420 - 421 - 423 - 424 - 425 - 426 - 427 - 429 - 430 - 433 - 435 - 436 - 437 - 442 - 445 - 446 - 447 - 449 - 450 - 451 - 452 - 453 - 455 - 457 - 459 - 464 - 465 - 466 - 467 - 468 - 474 - 475 - 477 - 478 - 480 - 482 - 488 - 490 - 491 - 492 - 493 - 494 - 495 - 496 - 499,22117748.4,0.1,90115,94819,53.9,Cost: 90115 & Capacity: 94819
1 - 2 - 3 - 4 - 5 - 6 - 7 - 8 - 9 - 10 - 12 - 13 - 14 - 15 - 16 - 17 - 20 - 21 - 22 - 23 - 24 - 25 - 26 - 27 - 28 - 30 - 31 - 34 - 35 - 38 - 39 - 40 - 45 - 46 - 47 - 48 - 49 - 51 - 52 - 53 - 54 - 55 - 58 - 59 - 60 - 62 - 66 - 70 - 71 - 72 - 73 - 74 - 75 - 76 - 77 - 78 - 82 - 86 - 88 - 91 - 92 - 93 - 94 - 95 - 102 - 103 - 104 - 108 - 109 - 110 - 111 - 112 - 113 - 114 - 116 - 117 - 118 - 119 - 121 - 122 - 123 - 124 - 130 - 131 - 133 - 134 - 137 - 138 - 139 - 140 - 141 - 144 - 146 - 147 - 150 - 152 - 154 - 156 - 157 - 159 - 160 - 161 - 163 - 165 - 166 - 167 - 169 - 170 - 174 - 177 - 180 - 181 - 185 - 186 - 187 - 189 - 190 - 192 - 195 - 196 - 198 - 199 - 201 - 203 - 204 - 205 - 206 - 207 - 209 - 212 - 213 - 214 - 215 - 216 - 220 - 222 - 223 - 224 - 227 - 228 - 229 - 230 - 231 - 235 - 236 - 237 - 239 - 242 - 244 - 246 - 248 - 250 - 252 - 253 - 256 - 257 - 258 - 259 - 261 - 262 - 263 - 264 - 265 - 266 - 268 - 269 - 270 - 274 - 275 - 276 - 277 - 279 - 280 - 281 - 282 - 283 - 284 - 285 - 286 - 287 - 288 - 289 - 292 - 294 - 295 - 296 - 298 - 303 - 304 - 310 - 311 - 312 - 313 - 314 - 318 - 319 - 320 - 321 - 322 - 324 - 326 - 329 - 331 - 332 - 333 - 334 - 336 - 337 - 339 - 340 - 341 - 342 - 346 - 349 - 351 - 353 - 356 - 357 - 358 - 360 - 361 - 363 - 366 - 368 - 369 - 371 - 372 - 373 - 375 - 377 - 378 - 380 - 381 - 386 - 387 - 389 - 390 - 394 - 396 - 397 - 400 - 401 - 402 - 403 - 404 - 406 - 408 - 410 - 411 - 413 - 414 - 415 - 419 - 420 - 421 - 423 - 424 - 425 - 426 - 427 - 429 - 430 - 433 - 435 - 436 - 437 - 442 - 445 - 446 - 447 - 449 - 451 - 452 - 453 - 455 - 457 - 459 - 464 - 465 - 466 - 467 - 468 - 474 - 475 - 477 - 478 - 480 - 482 - 488 - 490 - 491 - 492 - 493 - 494 - 495 - 496 - 499,22020717.2,0.1,90116,95015,58.41,Cost: 90116 & Capacity: 95015
1 - 2 - 3 - 9 - 10 - 12 - 16 - 17 - 18 - 22 - 24 - 25 - 27 - 28 - 30 - 33 - 34 - 35 - 39 - 41 - 46 - 48 - 51 - 54 - 57 - 59 - 63 - 68 - 82 - 84 - 85 - 90 - 94 - 95 - 102 - 105 - 109 - 110 - 112 - 113 - 114 - 117 - 118 - 122 - 129 - 132 - 137 - 147 - 150 - 154 - 160 - 165 - 169 - 173 - 181 - 185 - 186 - 189 - 201 - 206 - 213 - 214 - 216 - 217 - 220 - 223 - 229 - 231 - 232 - 238 - 252 - 255 - 259 - 261 - 262 - 263 - 264 - 267 - 268 - 270 - 271 - 273 - 276 - 278 - 282 - 287 - 290 - 298 - 303 - 304 - 305 - 306 - 310 - 312 - 314 - 315 - 317 - 323 - 324 - 327 - 332 - 334 - 338 - 342 - 346 - 349 - 353 - 354 - 363 - 367 - 369 - 374 - 375 - 376 - 378 - 379 - 384 - 385 - 392 - 393 - 394 - 396 - 398 - 400 - 403 - 404 - 405 - 407 - 409 - 410 - 418 - 419 - 420 - 425 - 426 - 429 - 437 - 445 - 446 - 448 - 451 - 454 - 458 - 460 - 463 - 465 - 466 - 467 - 471 - 475 - 478 - 485 - 487 - 489 - 490 - 491 - 492 - 497 - 498,6333085.7,14.4,88013,72730,59.72,Cost: 88013 & Capacity: 72730
1 - 2 - 3 - 5 - 6 - 7 - 8 - 9 - 10 - 12 - 13 - 14 - 15 - 16 - 17 - 20 - 21 - 22 - 23 - 24 - 27 - 28 - 30 - 31 - 32 - 34 - 35 - 38 - 39 - 40 - 45 - 46 - 47 - 48 - 49 - 51 - 52 - 53 - 54 - 55 - 58 - 59 - 60 - 62 - 65 - 66 - 70 - 71 - 72 - 73 - 74 - 75 - 76 - 77 - 78 - 82 - 86 - 88 - 91 - 92 - 93 - 94 - 95 - 102 - 103 - 104 - 108 - 109 - 110 - 111 - 112 - 113 - 114 - 116 - 117 - 118 - 119 - 121 - 122 - 123 - 124 - 130 - 131 - 133 - 134 - 137 - 139 - 140 - 141 - 144 - 147 - 150 - 151 - 152 - 154 - 156 - 157 - 159 - 160 - 161 - 163 - 165 - 166 - 167 - 169 - 170 - 174 - 177 - 180 - 181 - 185 - 186 - 187 - 189 - 190 - 192 - 195 - 196 - 199 - 201 - 203 - 204 - 205 - 206 - 207 - 209 - 212 - 213 - 214 - 215 - 216 - 220 - 222 - 223 - 224 - 225 - 227 - 228 - 229 - 230 - 231 - 235 - 236 - 237 - 239 - 242 - 244 - 246 - 248 - 250 - 252 - 253 - 256 - 257 - 258 - 259 - 261 - 262 - 263 - 264 - 265 - 266 - 268 - 269 - 270 - 274 - 275 - 276 - 277 - 279 - 280 - 281 - 282 - 283 - 284 - 285 - 286 - 287 - 288 - 289 - 292 - 294 - 295 - 296 - 298 - 303 - 304 - 310 - 311 - 312 - 313 - 314 - 318 - 319 - 320 - 321 - 322 - 324 - 326 - 329 - 331 - 332 - 333 - 334 - 336 - 337 - 339 - 340 - 341 - 342 - 346 - 349 - 351 - 352 - 353 - 355 - 356 - 357 - 358 - 360 - 363 - 366 - 368 - 369 - 371 - 372 - 373 - 375 - 377 - 378 - 380 - 381 - 382 - 386 - 387 - 389 - 390 - 394 - 396 - 397 - 400 - 401 - 402 - 403 - 404 - 406 - 408 - 410 - 411 - 413 - 414 - 415 - 419 - 420 - 421 - 423 - 424 - 425 - 426 - 427 - 429 - 430 - 433 - 435 - 436 - 437 - 438 - 442 - 445 - 446 - 447 - 449 - 451 - 452 - 453 - 455 - 457 - 459 - 464 - 465 - 466 - 467 - 468 - 474 - 475 - 477 - 478 - 480 - 482 - 488 - 490 - 491 - 492 - 493 - 494 - 495 - 496 - 499,22177463.3,0.1,90111,95198,60.03,Cost: 90111 & Capacity: 95198
1 - 2 - 3 - 4 - 5 - 6 - 7 - 8 - 9 - 10 - 12 - 13 - 14 - 15 - 16 - 17 - 20 - 21 - 22 - 23 - 24 - 26 - 27 - 28 - 30 - 31 - 32 - 34 - 35 - 38 - 39 - 40 - 45 - 46 - 47 - 48 - 49 - 51 - 52 - 53 - 54 - 55 - 58 - 59 - 60 - 62 - 65 - 66 - 70 - 71 - 72 - 73 - 74 - 75 - 76 - 77 - 78 - 82 - 86 - 88 - 91 - 92 - 93 - 94 - 95 - 102 - 103 - 104 - 108 - 109 - 110 - 111 - 112 - 113 - 114 - 116 - 117 - 118 - 119 - 121 - 122 - 123 - 124 - 130 - 131 - 133 - 134 - 137 - 139 - 140 - 141 - 144 - 147 - 150 - 151 - 152 - 154 - 156 - 157 - 159 - 160 - 161 - 163 - 165 - 166 - 167 - 169 - 170 - 174 - 177 - 180 - 181 - 185 - 186 - 187 - 189 - 190 - 192 - 195 - 196 - 198 - 199 - 201 - 203 - 204 - 205 - 206 - 207 - 209 - 212 - 213 - 214 - 215 - 216 - 220 - 222 - 223 - 224 - 225 - 227 - 228 - 229 - 230 - 231 - 235 - 236 - 237 - 239 - 242 - 244 - 246 - 248 - 250 - 252 - 253 - 256 - 257 - 258 - 259 - 261 - 262 - 263 - 264 - 265 - 266 - 268 - 269 - 270 - 274 - 275 - 276 - 277 - 279 - 280 - 281 - 282 - 283 - 284 - 286 - 287 - 288 - 289 - 292 - 295 - 296 - 298 - 303 - 304 - 310 - 311 - 312 - 313 - 314 - 316 - 318 - 319 - 320 - 321 - 322 - 324 - 326 - 329 - 331 - 332 - 333 - 334 - 336 - 339 - 340 - 341 - 342 - 346 - 349 - 351 - 352 - 353 - 355 - 356 - 357 - 360 - 363 - 366 - 368 - 369 - 371 - 372 - 373 - 375 - 377 - 378 - 380 - 381 - 382 - 386 - 387 - 389 - 390 - 394 - 396 - 397 - 400 - 401 - 402 - 403 - 404 - 406 - 408 - 411 - 413 - 414 - 415 - 419 - 420 - 421 - 423 - 424 - 425 - 426 - 427 - 429 - 430 - 433 - 435 - 436 - 437 - 438 - 442 - 445 - 446 - 447 - 449 - 451 - 452 - 453 - 455 - 457 - 459 - 464 - 465 - 466 - 467 - 468 - 474 - 478 - 480 - 482 - 488 - 490 - 491 - 492 - 493 - 494 - 495 - 496 - 499,21696022.7,0.1,87770,92586,63.2,Cost: 87770 & Capacity: 92586
1 - 2 - 3 - 4 - 5 - 6 - 7 - 8 - 9 - 10 - 12 - 13 - 14 - 15 - 16 - 17 - 20 - 21 - 22 - 23 - 24 - 25 - 26 - 27 - 28 - 30 - 31 - 34 - 35 - 38 - 39 - 40 - 45 - 46 - 47 - 48 - 49 - 51 - 52 - 53 - 54 - 55 - 58 - 59 - 60 - 62 - 66 - 70 - 71 - 72 - 73 - 74 - 75 - 76 - 77 - 78 - 82 - 86 - 88 - 91 - 92 - 93 - 94 - 95 - 102 - 103 - 104 - 108 - 109 - 110 - 111 - 112 - 113 - 114 - 116 - 117 - 118 - 119 - 121 - 122 - 123 - 124 - 130 - 131 - 133 - 134 - 137 - 138 - 139 - 140 - 141 - 144 - 146 - 147 - 150 - 152 - 154 - 156 - 157 - 159 - 160 - 161 - 163 - 165 - 166 - 167 - 169 - 170 - 174 - 177 - 180 - 181 - 185 - 186 - 187 - 189 - 190 - 192 - 195 - 196 - 198 - 199 - 201 - 203 - 204 - 205 - 206 - 207 - 209 - 212 - 213 - 214 - 215 - 216 - 220 - 222 - 223 - 224 - 227 - 228 - 229 - 230 - 231 - 235 - 236 - 237 - 239 - 242 - 244 - 246 - 248 - 250 - 252 - 253 - 256 - 257 - 258 - 259 - 261 - 262 - 263 - 264 - 265 - 266 - 268 - 269 - 270 - 274 - 275 - 276 - 277 - 279 - 280 - 281 - 282 - 283 - 284 - 285 - 286 - 287 - 288 - 289 - 292 - 294 - 295 - 296 - 298 - 303 - 304 - 310 - 311 - 312 - 313 - 314 - 318 - 319 - 320 - 321 - 322 - 324 - 326 - 329 - 331 - 332 - 333 - 334 - 336 - 337 - 339 - 340 - 341 - 342 - 346 - 349 - 351 - 353 - 356 - 357 - 358 - 360 - 361 - 363 - 366 - 368 - 369 - 371 - 372 - 373 - 375 - 377 - 378 - 380 - 381 - 386 - 387 - 389 - 390 - 394 - 396 - 397 - 400 - 401 - 402 - 403 - 404 - 406 - 408 - 410 - 411 - 413 - 414 - 415 - 419 - 420 - 421 - 423 - 424 - 425 - 426 - 427 - 429 - 430 - 433 - 435 - 436 - 437 - 442 - 445 - 446 - 447 - 449 - 451 - 452 - 453 - 455 - 457 - 459 - 464 - 465 - 466 - 467 - 468 - 474 - 475 - 477 - 478 - 480 - 482 - 488 - 490 - 491 - 492 - 493 - 494 - 495 - 496 - 499,22020717.2,0.1,90116,95015,67.72,Cost: 90116 & Capacity: 95015
1 - 2 - 3 - 4 - 5 - 6 - 7 - 8 - 9 - 10 - 12 - 13 - 14 - 15 - 16 - 17 - 20 - 21 - 22 - 23 - 24 - 26 - 27 - 28 - 30 - 31 - 32 - 34 - 35 - 38 - 39 - 40 - 45 - 46 - 47 - 48 - 49 - 51 - 52 - 53 - 54 - 55 - 58 - 59 - 60 - 62 - 66 - 70 - 71 - 72 - 73 - 74 - 75 - 76 - 77 - 78 - 82 - 86 - 88 - 91 - 92 - 93 - 94 - 95 - 102 - 103 - 104 - 108 - 109 - 110 - 111 - 112 - 113 - 114 - 116 - 117 - 118 - 119 - 121 - 122 - 123 - 124 - 130 - 131 - 133 - 134 - 137 - 139 - 140 - 141 - 144 - 146 - 147 - 150 - 152 - 154 - 156 - 157 - 159 - 160 - 161 - 163 - 165 - 166 - 167 - 169 - 170 - 174 - 177 - 180 - 181 - 185 - 186 - 187 - 189 - 190 - 192 - 195 - 196 - 198 - 199 - 201 - 203 - 204 - 205 - 206 - 207 - 209 - 212 - 213 - 214 - 215 - 216 - 220 - 222 - 223 - 224 - 227 - 228 - 229 - 230 - 231 - 235 - 236 - 237 - 239 - 242 - 244 - 246 - 248 - 250 - 252 - 253 - 256 - 257 - 258 - 259 - 261 - 262 - 263 - 264 - 265 - 266 - 268 - 269 - 270 - 274 - 275 - 276 - 277 - 279 - 280 - 281 - 282 - 283 - 284 - 285 - 286 - 287 - 288 - 289 - 292 - 295 - 296 - 298 - 303 - 304 - 310 - 311 - 312 - 313 - 314 - 316 - 318 - 319 - 320 - 321 - 322 - 324 - 326 - 329 - 331 - 332 - 333 - 334 - 336 - 337 - 339 - 340 - 341 - 342 - 346 - 349 - 351 - 353 - 356 - 357 - 358 - 360 - 363 - 366 - 368 - 369 - 371 - 372 - 373 - 375 - 377 - 378 - 380 - 381 - 382 - 386 - 387 - 389 - 390 - 393 - 394 - 396 - 397 - 400 - 401 - 402 - 403 - 404 - 406 - 408 - 410 - 411 - 413 - 414 - 415 - 419 - 420 - 421 - 423 - 424 - 425 - 426 - 427 - 429 - 430 - 433 - 435 - 436 - 437 - 442 - 445 - 446 - 447 - 449 - 450 - 451 - 452 - 453 - 455 - 457 - 459 - 464 - 465 - 466 - 467 - 468 - 474 - 475 - 477 - 478 - 480 - 482 - 488 - 490 - 491 - 492 - 493 - 494 - 495 - 496 - 499,22117748.4,0.1,90115,94819,70.33,Cost: 90115 & Capacity: 94819
1 - 3 - 4 - 5 - 7 - 8 - 9 - 12 - 13 - 14 - 15 - 16 - 17 - 20 - 21 - 22 - 25 - 27 - 28 - 30 - 31 - 33 - 34 - 35 - 37 - 38 - 39 - 40 - 41 - 43 - 45 - 46 - 47 - 48 - 49 - 52 - 53 - 54 - 55 - 58 - 59 - 62 - 63 - 68 - 70 - 71 - 72 - 74 - 77 - 88 - 90 - 91 - 93 - 94 - 95 - 102 - 104 - 108 - 109 - 110 - 112 - 113 - 114 - 116 - 117 - 121 - 122 - 123 - 130 - 131 - 132 - 134 - 137 - 140 - 141 - 144 - 147 - 150 - 152 - 154 - 156 - 157 - 159 - 161 - 163 - 165 - 166 - 170 - 171 - 172 - 174 - 180 - 181 - 184 - 185 - 186 - 189 - 192 - 193 - 194 - 195 - 196 - 198 - 201 - 203 - 205 - 206 - 207 - 209 - 212 - 214 - 215 - 217 - 220 - 223 - 227 - 228 - 229 - 231 - 235 - 236 - 237 - 238 - 239 - 242 - 244 - 248 - 252 - 253 - 255 - 256 - 257 - 258 - 259 - 260 - 261 - 262 - 265 - 266 - 268 - 269 - 270 - 272 - 273 - 274 - 275 - 276 - 277 - 278 - 279 - 280 - 282 - 283 - 284 - 285 - 286 - 288 - 292 - 295 - 296 - 298 - 303 - 304 - 310 - 312 - 313 - 314 - 317 - 318 - 319 - 320 - 321 - 322 - 326 - 329 - 331 - 332 - 333 - 334 - 339 - 342 - 346 - 349 - 351 - 353 - 356 - 357 - 358 - 359 - 360 - 363 - 366 - 367 - 369 - 372 - 373 - 377 - 378 - 380 - 381 - 385 - 386 - 387 - 388 - 390 - 392 - 394 - 396 - 400 - 401 - 403 - 404 - 406 - 408 - 410 - 414 - 415 - 421 - 424 - 426 - 427 - 429 - 430 - 432 - 433 - 437 - 442 - 443 - 445 - 446 - 447 - 449 - 451 - 452 - 457 - 459 - 464 - 465 - 466 - 471 - 474 - 475 - 477 - 478 - 480 - 484 - 488 - 489 - 490 - 491 - 492 - 493 - 494 - 495 - 498,16339697.4,1.7,90107,89891,70.92,Cost: 90107 & Capacity: 89891
1 - 3 - 4 - 5 - 8 - 15 - 17 - 20 - 22 - 25 - 26 - 27 - 28 - 31 - 33 - 34 - 35 - 38 - 39 - 40 - 43 - 45 - 46 - 47 - 48 - 49 - 50 - 52 - 53 - 54 - 55 - 58 - 59 - 62 - 63 - 70 - 71 - 77 - 86 - 88 - 90 - 91 - 93 - 94 - 102 - 108 - 109 - 110 - 112 - 113 - 117 - 118 - 121 - 123 - 130 - 131 - 132 - 133 - 134 - 135 - 137 - 141 - 142 - 144 - 147 - 150 - 152 - 157 - 159 - 160 - 161 - 163 - 165 - 168 - 171 - 173 - 174 - 178 - 179 - 182 - 184 - 186 - 189 - 191 - 192 - 193 - 195 - 196 - 198 - 201 - 205 - 206 - 207 - 208 - 212 - 213 - 214 - 215 - 216 - 217 - 220 - 223 - 228 - 229 - 231 - 235 - 237 - 238 - 239 - 242 - 243 - 244 - 252 - 253 - 255 - 257 - 259 - 260 - 261 - 262 - 265 - 266 - 269 - 270 - 271 - 272 - 273 - 274 - 275 - 276 - 279 - 280 - 282 - 284 - 285 - 286 - 288 - 294 - 297 - 298 - 302 - 303 - 304 - 305 - 310 - 313 - 314 - 315 - 319 - 320 - 321 - 322 - 326 - 329 - 331 - 332 - 333 - 334 - 335 - 338 - 339 - 342 - 346 - 351 - 353 - 356 - 357 - 359 - 360 - 367 - 369 - 371 - 372 - 373 - 374 - 381 - 385 - 386 - 387 - 390 - 392 - 393 - 396 - 399 - 400 - 401 - 406 - 409 - 418 - 420 - 421 - 424 - 426 - 427 - 429 - 430 - 431 - 433 - 437 - 443 - 444 - 446 - 447 - 449 - 451 - 457 - 459 - 467 - 471 - 475 - 478 - 480 - 484 - 488 - 489 - 490 - 491 - 492 - 493 - 494 - 495 - 498,12317724.0,6.0,90098,84134,70.94,Cost: 90098 & Capacity: 84134
1 - 2 - 3 - 4 - 5 - 6 - 7 - 8 - 9 - 10 - 12 - 13 - 14 - 15 - 16 - 17 - 20 - 21 - 22 - 23 - 24 - 25 - 26 - 27 - 28 - 30 - 31 - 34 - 35 - 38 - 39 - 40 - 45 - 46 - 47 - 48 - 49 - 51 - 52 - 53 - 54 - 55 - 58 - 59 - 60 - 62 - 66 - 70 - 71 - 72 - 73 - 74 - 75 - 76 - 77 - 78 - 82 - 86 - 88 - 91 - 92 - 93 - 94 - 95 - 102 - 103 - 104 - 108 - 109 - 110 - 111 - 112 - 113 - 114 - 116 - 117 - 118 - 119 - 121 - 122 - 123 - 124 - 130 - 131 - 133 - 134 - 137 - 138 - 139 - 140 - 141 - 144 - 146 - 147 - 150 - 152 - 154 - 156 - 157 - 159 - 160 - 161 - 163 - 165 - 166 - 167 - 169 - 170 - 174 - 177 - 180 - 181 - 185 - 186 - 187 - 189 - 190 - 192 - 195 - 196 - 198 - 199 - 201 - 203 - 204 - 205 - 206 - 207 - 209 - 212 - 213 - 214 - 215 - 216 - 220 - 222 - 223 - 224 - 227 - 228 - 229 - 230 - 231 - 235 - 236 - 237 - 239 - 242 - 244 - 246 - 248 - 250 - 252 - 253 - 256 - 257 - 258 - 259 - 261 - 262 - 263 - 264 - 265 - 266 - 268 - 269 - 270 - 274 - 275 - 276 - 277 - 279 - 280 - 281 - 282 - 283 - 284 - 285 - 286 - 287 - 288 - 289 - 292 - 294 - 295 - 296 - 298 - 303 - 304 - 310 - 311 - 312 - 313 - 314 - 318 - 319 - 320 - 321 - 322 - 324 - 326 - 329 - 331 - 332 - 333 - 334 - 336 - 337 - 339 - 340 - 341 - 342 - 346 - 349 - 351 - 353 - 356 - 357 - 358 - 360 - 361 - 363 - 366 - 368 - 369 - 371 - 372 - 373 - 375 - 377 - 378 - 380 - 381 - 386 - 387 - 389 - 390 - 394 - 396 - 397 - 400 - 401 - 402 - 403 - 404 - 406 - 408 - 410 - 411 - 413 - 414 - 415 - 419 - 420 - 421 - 423 - 424 - 425 - 426 - 427 - 429 - 430 - 433 - 435 - 436 - 437 - 442 - 445 - 446 - 447 - 449 - 451 - 452 - 453 - 455 - 457 - 459 - 464 - 465 - 466 - 467 - 468 - 474 - 475 - 477 - 478 - 480 - 482 - 488 - 490 - 491 - 492 - 493 - 494 - 495 - 496 - 499,22020717.2,0.1,90116,95015,72.24,Cost: 90116 & Capacity: 95015
1 - 2 - 3 - 4 - 5 - 6 - 7 - 8 - 9 - 10 - 12 - 13 - 14 - 15 - 16 - 17 - 20 - 21 - 22 - 23 - 24 - 26 - 27 - 28 - 30 - 31 - 32 - 34 - 35 - 38 - 39 - 40 - 45 - 46 - 47 - 48 - 49 - 51 - 52 - 53 - 54 - 55 - 58 - 59 - 60 - 62 - 66 - 70 - 71 - 72 - 73 - 74 - 75 - 76 - 77 - 78 - 82 - 86 - 88 - 91 - 92 - 93 - 94 - 95 - 102 - 103 - 104 - 108 - 109 - 110 - 111 - 112 - 113 - 114 - 116 - 117 - 118 - 119 - 121 - 122 - 123 - 124 - 130 - 131 - 133 - 134 - 137 - 139 - 140 - 141 - 144 - 146 - 147 - 150 - 152 - 154 - 156 - 157 - 159 - 160 - 161 - 163 - 165 - 166 - 167 - 169 - 170 - 174 - 177 - 180 - 181 - 185 - 186 - 187 - 189 - 190 - 192 - 195 - 196 - 198 - 199 - 201 - 203 - 204 - 205 - 206 - 207 - 209 - 212 - 213 - 214 - 215 - 216 - 220 - 222 - 223 - 224 - 227 - 228 - 229 - 230 - 231 - 235 - 236 - 237 - 239 - 242 - 244 - 246 - 248 - 250 - 252 - 253 - 256 - 257 - 258 - 259 - 261 - 262 - 263 - 264 - 265 - 266 - 268 - 269 - 270 - 274 - 275 - 276 - 277 - 279 - 280 - 281 - 282 - 283 - 284 - 285 - 286 - 287 - 288 - 289 - 292 - 295 - 296 - 298 - 303 - 304 - 310 - 311 - 312 - 313 - 314 - 316 - 318 - 319 - 320 - 321 - 322 - 324 - 326 - 329 - 331 - 332 - 333 - 334 - 336 - 337 - 339 - 340 - 341 - 342 - 346 - 349 - 351 - 353 - 356 - 357 - 358 - 360 - 363 - 366 - 368 - 369 - 371 - 372 - 373 - 375 - 377 - 378 - 380 - 381 - 382 - 386 - 387 - 389 - 390 - 393 - 394 - 396 - 397 - 400 - 401 - 402 - 403 - 404 - 406 - 408 - 410 - 411 - 413 - 414 - 415 - 419 - 420 - 421 - 423 - 424 - 425 - 426 - 427 - 429 - 430 - 433 - 435 - 436 - 437 - 442 - 445 - 446 - 447 - 449 - 450 - 451 - 452 - 453 - 455 - 457 - 459 - 464 - 465 - 466 - 467 - 468 - 474 - 475 - 477 - 478 - 480 - 482 - 488 - 490 - 491 - 492 - 493 - 494 - 495 - 496 - 499,22117748.4,0.1,90115,94819,73.03,Cost: 90115 & Capacity: 94819
0 - 1 - 2 - 3 - 4 - 6 - 7 - 8 - 9 - 10 - 12 - 14 - 15 - 16 - 17 - 20 - 21 - 22 - 23 - 24 - 25 - 26 - 27 - 28 - 30 - 31 - 34 - 35 - 38 - 39 - 40 - 45 - 46 - 47 - 48 - 49 - 51 - 52 - 53 - 54 - 55 - 58 - 59 - 60 - 62 - 63 - 70 - 71 - 72 - 73 - 74 - 75 - 76 - 77 - 78 - 86 - 88 - 90 - 91 - 92 - 93 - 94 - 95 - 102 - 103 - 104 - 108 - 109 - 110 - 112 - 113 - 114 - 116 - 117 - 118 - 119 - 121 - 122 - 123 - 124 - 130 - 131 - 133 - 134 - 137 - 138 - 140 - 141 - 144 - 146 - 147 - 150 - 152 - 156 - 157 - 159 - 160 - 161 - 163 - 165 - 166 - 167 - 169 - 170 - 172 - 174 - 177 - 180 - 181 - 185 - 186 - 187 - 189 - 190 - 192 - 195 - 196 - 198 - 201 - 203 - 205 - 206 - 207 - 209 - 212 - 214 - 215 - 220 - 222 - 223 - 227 - 228 - 229 - 231 - 235 - 236 - 237 - 239 - 240 - 242 - 244 - 246 - 248 - 250 - 252 - 253 - 256 - 257 - 258 - 259 - 261 - 262 - 263 - 265 - 266 - 268 - 269 - 270 - 272 - 273 - 274 - 275 - 276 - 277 - 279 - 280 - 282 - 283 - 284 - 285 - 286 - 287 - 288 - 289 - 292 - 294 - 295 - 296 - 298 - 303 - 304 - 310 - 311 - 312 - 313 - 314 - 319 - 320 - 321 - 322 - 324 - 326 - 329 - 331 - 332 - 333 - 334 - 336 - 337 - 339 - 340 - 341 - 342 - 346 - 349 - 351 - 353 - 356 - 357 - 358 - 360 - 361 - 363 - 366 - 368 - 369 - 372 - 373 - 377 - 378 - 381 - 383 - 386 - 387 - 390 - 392 - 394 - 396 - 397 - 400 - 401 - 403 - 404 - 406 - 408 - 410 - 411 - 413 - 414 - 415 - 421 - 424 - 425 - 426 - 427 - 429 - 430 - 433 - 436 - 437 - 442 - 444 - 445 - 446 - 447 - 449 - 451 - 452 - 455 - 457 - 459 - 464 - 465 - 466 - 467 - 471 - 474 - 475 - 477 - 478 - 480 - 482 - 488 - 489 - 490 - 491 - 492 - 493 - 494 - 495 - 499,19675182.0,0.8,90107,93259,76.39,Cost: 90107 & Capacity: 93259
1 - 2 - 3 - 5 - 6 - 7 - 8 - 9 - 10 - 12 - 13 - 14 - 15 - 16 - 17 - 20 - 21 - 22 - 23 - 24 - 26 - 27 - 28 - 30 - 31 - 32 - 34 - 35 - 38 - 39 - 40 - 45 - 46 - 47 - 48 - 49 - 51 - 52 - 53 - 54 - 55 - 58 - 59 - 60 - 62 - 65 - 66 - 70 - 71 - 72 - 73 - 74 - 75 - 76 - 77 - 78 - 82 - 86 - 88 - 91 - 92 - 93 - 94 - 95 - 102 - 103 - 104 - 108 - 109 - 110 - 111 - 112 - 113 - 114 - 116 - 117 - 118 - 119 - 121 - 122 - 123 - 124 - 130 - 131 - 133 - 134 - 137 - 139 - 140 - 141 - 144 - 146 - 147 - 150 - 151 - 152 - 154 - 156 - 157 - 159 - 160 - 161 - 163 - 165 - 166 - 167 - 169 - 174 - 177 - 180 - 181 - 185 - 186 - 187 - 189 - 190 - 192 - 195 - 196 - 198 - 199 - 201 - 203 - 204 - 205 - 206 - 207 - 209 - 212 - 213 - 214 - 215 - 216 - 220 - 222 - 223 - 224 - 225 - 227 - 228 - 229 - 230 - 231 - 235 - 236 - 237 - 239 - 242 - 244 - 246 - 248 - 250 - 252 - 253 - 256 - 257 - 258 - 259 - 261 - 262 - 263 - 264 - 265 - 266 - 268 - 269 - 270 - 274 - 275 - 276 - 277 - 279 - 280 - 281 - 282 - 283 - 284 - 286 - 287 - 288 - 289 - 292 - 295 - 296 - 298 - 303 - 304 - 310 - 311 - 312 - 313 - 314 - 316 - 318 - 319 - 320 - 321 - 322 - 324 - 326 - 329 - 331 - 332 - 333 - 334 - 336 - 339 - 340 - 341 - 342 - 346 - 349 - 351 - 352 - 353 - 355 - 356 - 357 - 360 - 363 - 366 - 368 - 369 - 371 - 372 - 373 - 375 - 377 - 378 - 380 - 381 - 382 - 386 - 387 - 389 - 390 - 394 - 396 - 397 - 400 - 401 - 402 - 403 - 404 - 406 - 408 - 411 - 413 - 414 - 415 - 419 - 420 - 421 - 423 - 424 - 425 - 426 - 427 - 429 - 430 - 433 - 435 - 436 - 437 - 438 - 442 - 445 - 446 - 447 - 449 - 450 - 451 - 452 - 453 - 455 - 457 - 459 - 464 - 465 - 466 - 467 - 468 - 474 - 478 - 480 - 482 - 488 - 490 - 491 - 492 - 493 - 494 - 495 - 496 - 499,21677747.4,0.1,87758,92334,77.18,Cost: 87758 & Capacity: 92334
1 - 2 - 3 - 4 - 5 - 6 - 7 - 8 - 9 - 10 - 12 - 13 - 14 - 15 - 16 - 17 - 20 - 21 - 22 - 23 - 24 - 26 - 27 - 28 - 30 - 31 - 32 - 34 - 35 - 38 - 39 - 40 - 45 - 46 - 47 - 48 - 49 - 51 - 52 - 53 - 54 - 55 - 58 - 59 - 60 - 62 - 65 - 66 - 70 - 71 - 72 - 73 - 74 - 75 - 76 - 77 - 78 - 82 - 86 - 88 - 91 - 92 - 93 - 94 - 95 - 102 - 103 - 104 - 108 - 109 - 110 - 111 - 112 - 113 - 114 - 116 - 117 - 118 - 119 - 121 - 122 - 123 - 124 - 130 - 131 - 133 - 134 - 137 - 139 - 140 - 141 - 144 - 147 - 150 - 151 - 152 - 154 - 156 - 157 - 159 - 160 - 161 - 163 - 165 - 166 - 167 - 169 - 174 - 177 - 180 - 181 - 185 - 186 - 187 - 189 - 190 - 192 - 195 - 196 - 198 - 199 - 201 - 203 - 204 - 205 - 206 - 207 - 209 - 212 - 213 - 214 - 215 - 216 - 220 - 222 - 223 - 224 - 225 - 227 - 228 - 229 - 230 - 231 - 235 - 236 - 237 - 239 - 242 - 244 - 246 - 248 - 250 - 252 - 253 - 256 - 257 - 258 - 259 - 261 - 262 - 263 - 264 - 265 - 266 - 268 - 269 - 270 - 274 - 275 - 276 - 277 - 279 - 280 - 281 - 282 - 283 - 284 - 286 - 287 - 288 - 289 - 292 - 295 - 296 - 298 - 303 - 304 - 310 - 311 - 312 - 313 - 314 - 316 - 318 - 319 - 320 - 321 - 322 - 324 - 326 - 329 - 331 - 332 - 333 - 334 - 336 - 339 - 340 - 341 - 342 - 346 - 349 - 351 - 352 - 353 - 355 - 356 - 357 - 360 - 363 - 366 - 368 - 369 - 371 - 372 - 373 - 375 - 377 - 378 - 380 - 381 - 382 - 386 - 387 - 389 - 390 - 394 - 396 - 397 - 400 - 401 - 402 - 403 - 404 - 406 - 408 - 411 - 413 - 414 - 415 - 419 - 420 - 421 - 423 - 424 - 425 - 426 - 427 - 429 - 430 - 433 - 435 - 436 - 437 - 438 - 442 - 445 - 446 - 447 - 449 - 450 - 451 - 452 - 453 - 455 - 457 - 459 - 464 - 465 - 466 - 467 - 468 - 474 - 478 - 480 - 482 - 488 - 490 - 491 - 492 - 493 - 494 - 495 - 496 - 499,21682956.0,0.1,87761,92162,77.81,Cost: 87761 & Capacity: 92162
1 - 2 - 3 - 4 - 5 - 6 - 7 - 8 - 9 - 10 - 12 - 13 - 14 - 15 - 16 - 17 - 20 - 21 - 22 - 23 - 24 - 26 - 27 - 28 - 30 - 31 - 32 - 34 - 35 - 38 - 39 - 40 - 45 - 46 - 47 - 48 - 49 - 51 - 52 - 53 - 54 - 55 - 58 - 59 - 60 - 62 - 66 - 70 - 71 - 72 - 73 - 74 - 75 - 76 - 77 - 78 - 82 - 86 - 88 - 91 - 92 - 93 - 94 - 95 - 102 - 103 - 104 - 108 - 109 - 110 - 111 - 112 - 113 - 114 - 116 - 117 - 118 - 119 - 121 - 122 - 123 - 124 - 130 - 131 - 133 - 134 - 137 - 139 - 140 - 141 - 144 - 146 - 147 - 150 - 152 - 154 - 156 - 157 - 159 - 160 - 161 - 163 - 165 - 166 - 167 - 169 - 170 - 174 - 177 - 180 - 181 - 185 - 186 - 187 - 189 - 190 - 192 - 195 - 196 - 198 - 199 - 201 - 203 - 204 - 205 - 206 - 207 - 209 - 212 - 213 - 214 - 215 - 216 - 220 - 222 - 223 - 224 - 227 - 228 - 229 - 230 - 231 - 235 - 236 - 237 - 239 - 242 - 244 - 246 - 248 - 250 - 252 - 253 - 256 - 257 - 258 - 259 - 261 - 262 - 263 - 264 - 265 - 266 - 268 - 269 - 270 - 274 - 275 - 276 - 277 - 279 - 280 - 281 - 282 - 283 - 284 - 285 - 286 - 287 - 288 - 289 - 292 - 295 - 296 - 298 - 303 - 304 - 310 - 311 - 312 - 313 - 314 - 316 - 318 - 319 - 320 - 321 - 322 - 324 - 326 - 329 - 331 - 332 - 333 - 334 - 336 - 337 - 339 - 340 - 341 - 342 - 346 - 349 - 351 - 353 - 356 - 357 - 358 - 360 - 363 - 366 - 368 - 369 - 371 - 372 - 373 - 375 - 377 - 378 - 380 - 381 - 382 - 386 - 387 - 389 - 390 - 393 - 394 - 396 - 397 - 400 - 401 - 402 - 403 - 404 - 406 - 408 - 410 - 411 - 413 - 414 - 415 - 419 - 420 - 421 - 423 - 424 - 425 - 426 - 427 - 429 - 430 - 433 - 435 - 436 - 437 - 442 - 445 - 446 - 447 - 449 - 450 - 451 - 452 - 453 - 455 - 457 - 459 - 464 - 465 - 466 - 467 - 468 - 474 - 475 - 477 - 478 - 480 - 482 - 488 - 490 - 491 - 492 - 493 - 494 - 495 - 496 - 499,22117748.4,0.1,90115,94819,79.24,Cost: 90115 & Capacity: 94819
1 - 2 - 3 - 4 - 5 - 6 - 7 - 8 - 9 - 10 - 12 - 13 - 14 - 15 - 16 - 17 - 20 - 21 - 22 - 23 - 24 - 26 - 27 - 28 - 30 - 31 - 32 - 34 - 35 - 38 - 39 - 40 - 45 - 46 - 47 - 48 - 49 - 51 - 52 - 53 - 54 - 55 - 58 - 59 - 60 - 62 - 66 - 70 - 71 - 72 - 73 - 74 - 75 - 76 - 77 - 78 - 82 - 86 - 88 - 91 - 92 - 93 - 94 - 95 - 102 - 103 - 104 - 108 - 109 - 110 - 111 - 112 - 113 - 114 - 116 - 117 - 118 - 119 - 121 - 122 - 123 - 124 - 130 - 131 - 133 - 134 - 137 - 139 - 140 - 141 - 144 - 146 - 147 - 150 - 152 - 154 - 156 - 157 - 159 - 160 - 161 - 163 - 165 - 166 - 167 - 169 - 170 - 174 - 177 - 180 - 181 - 185 - 186 - 187 - 189 - 190 - 192 - 195 - 196 - 198 - 199 - 201 - 203 - 204 - 205 - 206 - 207 - 209 - 212 - 213 - 214 - 215 - 216 - 220 - 222 - 223 - 224 - 227 - 228 - 229 - 230 - 231 - 235 - 236 - 237 - 239 - 242 - 244 - 246 - 248 - 250 - 252 - 253 - 256 - 257 - 258 - 259 - 261 - 262 - 263 - 264 - 265 - 266 - 268 - 269 - 270 - 274 - 275 - 276 - 277 - 279 - 280 - 281 - 282 - 283 - 284 - 285 - 286 - 287 - 288 - 289 - 292 - 295 - 296 - 298 - 303 - 304 - 310 - 311 - 312 - 313 - 314 - 316 - 318 - 319 - 320 - 321 - 322 - 324 - 326 - 329 - 331 - 332 - 333 - 334 - 336 - 337 - 339 - 340 - 341 - 342 - 346 - 349 - 351 - 353 - 356 - 357 - 358 - 360 - 363 - 366 - 368 - 369 - 371 - 372 - 373 - 375 - 377 - 378 - 380 - 381 - 382 - 386 - 387 - 389 - 390 - 393 - 394 - 396 - 397 - 400 - 401 - 402 - 403 - 404 - 406 - 408 - 410 - 411 - 413 - 414 - 415 - 419 - 420 - 421 - 423 - 424 - 425 - 426 - 427 - 429 - 430 - 433 - 435 - 436 - 437 - 442 - 445 - 446 - 447 - 449 - 450 - 451 - 452 - 453 - 455 - 457 - 459 - 464 - 465 - 466 - 467 - 468 - 474 - 475 - 477 - 478 - 480 - 482 - 488 - 490 - 491 - 492 - 493 - 494 - 495 - 496 - 499,22117748.4,0.1,90115,94819,80.76,Cost: 90115 & Capacity: 94819
1 - 2 - 3 - 4 - 5 - 6 - 7 - 8 - 9 - 10 - 12 - 13 - 14 - 15 - 16 - 17 - 20 - 21 - 22 - 23 - 24 - 26 - 27 - 28 - 30 - 31 - 32 - 34 - 35 - 38 - 39 - 40 - 45 - 46 - 47 - 48 - 49 - 51 - 52 - 53 - 54 - 55 - 58 - 59 - 60 - 62 - 66 - 70 - 71 - 72 - 73 - 74 - 75 - 76 - 77 - 78 - 82 - 86 - 88 - 91 - 92 - 93 - 94 - 95 - 102 - 103 - 104 - 108 - 109 - 110 - 111 - 112 - 113 - 114 - 116 - 117 - 118 - 119 - 121 - 122 - 123 - 124 - 130 - 131 - 133 - 134 - 137 - 139 - 140 - 141 - 144 - 146 - 147 - 150 - 152 - 154 - 156 - 157 - 159 - 160 - 161 - 163 - 165 - 166 - 167 - 169 - 170 - 174 - 177 - 180 - 181 - 185 - 186 - 187 - 189 - 190 - 192 - 195 - 196 - 198 - 199 - 201 - 203 - 204 - 205 - 206 - 207 - 209 - 212 - 213 - 214 - 215 - 216 - 220 - 222 - 223 - 224 - 227 - 228 - 229 - 230 - 231 - 235 - 236 - 237 - 239 - 242 - 244 - 246 - 248 - 250 - 252 - 253 - 256 - 257 - 258 - 259 - 261 - 262 - 263 - 264 - 265 - 266 - 268 - 269 - 270 - 274 - 275 - 276 - 277 - 279 - 280 - 281 - 282 - 283 - 284 - 285 - 286 - 287 - 288 - 289 - 292 - 295 - 296 - 298 - 303 - 304 - 310 - 311 - 312 - 313 - 314 - 316 - 318 - 319 - 320 - 321 - 322 - 324 - 326 - 329 - 331 - 332 - 333 - 334 - 336 - 337 - 339 - 340 - 341 - 342 - 346 - 349 - 351 - 353 - 356 - 357 - 358 - 360 - 363 - 366 - 368 - 369 - 371 - 372 - 373 - 375 - 377 - 378 - 380 - 381 - 382 - 386 - 387 - 389 - 390 - 393 - 394 - 396 - 397 - 400 - 401 - 402 - 403 - 404 - 406 - 408 - 410 - 411 - 413 - 414 - 415 - 419 - 420 - 421 - 423 - 424 - 425 - 426 - 427 - 429 - 430 - 433 - 435 - 436 - 437 - 442 - 445 - 446 - 447 - 449 - 450 - 451 - 452 - 453 - 455 - 457 - 459 - 464 - 465 - 466 - 467 - 468 - 474 - 475 - 477 - 478 - 480 - 482 - 488 - 490 - 491 - 492 - 493 - 494 - 495 - 496 - 499,22117748.4,0.1,90115,94819,81.3,Cost: 90115 & Capacity: 94819
1 - 3 - 4 - 7 - 8 - 9 - 10 - 12 - 15 - 16 - 17 - 20 - 21 - 22 - 25 - 26 - 27 - 28 - 30 - 31 - 33 - 34 - 35 - 38 - 39 - 40 - 41 - 45 - 46 - 47 - 48 - 49 - 51 - 52 - 53 - 54 - 55 - 57 - 58 - 59 - 62 - 63 - 70 - 72 - 75 - 76 - 77 - 88 - 90 - 91 - 93 - 94 - 102 - 104 - 108 - 109 - 110 - 113 - 114 - 117 - 118 - 119 - 121 - 123 - 130 - 132 - 133 - 135 - 137 - 140 - 141 - 144 - 147 - 150 - 157 - 159 - 161 - 163 - 171 - 173 - 174 - 180 - 181 - 182 - 184 - 186 - 189 - 191 - 192 - 194 - 195 - 196 - 198 - 200 - 201 - 202 - 203 - 204 - 205 - 206 - 207 - 212 - 214 - 215 - 220 - 223 - 227 - 228 - 229 - 235 - 237 - 238 - 239 - 242 - 244 - 248 - 252 - 253 - 257 - 258 - 260 - 261 - 262 - 266 - 269 - 270 - 272 - 273 - 274 - 276 - 277 - 279 - 280 - 282 - 284 - 285 - 286 - 288 - 290 - 295 - 298 - 303 - 304 - 310 - 312 - 313 - 314 - 317 - 318 - 319 - 320 - 321 - 322 - 329 - 331 - 332 - 333 - 334 - 339 - 342 - 346 - 348 - 350 - 353 - 356 - 357 - 358 - 359 - 360 - 361 - 363 - 367 - 369 - 372 - 373 - 377 - 380 - 382 - 383 - 385 - 386 - 387 - 388 - 390 - 392 - 393 - 394 - 396 - 397 - 400 - 401 - 403 - 404 - 406 - 408 - 410 - 414 - 418 - 419 - 420 - 421 - 422 - 424 - 426 - 427 - 429 - 430 - 431 - 433 - 435 - 437 - 442 - 443 - 445 - 446 - 449 - 451 - 452 - 455 - 457 - 459 - 464 - 465 - 466 - 471 - 475 - 478 - 480 - 484 - 488 - 489 - 490 - 491 - 492 - 493 - 494 - 495 - 498,14194209.3,4.0,90106,86624,84.63,Cost: 90106 & Capacity: 86624
0 - 1 - 3 - 4 - 6 - 7 - 8 - 9 - 10 - 14 - 15 - 17 - 20 - 22 - 25 - 26 - 28 - 30 - 33 - 35 - 38 - 39 - 40 - 46 - 47 - 48 - 49 - 50 - 51 - 52 - 53 - 54 - 55 - 57 - 58 - 59 - 62 - 63 - 70 - 75 - 86 - 88 - 90 - 91 - 93 - 94 - 108 - 109 - 110 - 113 - 114 - 117 - 118 - 130 - 131 - 132 - 133 - 134 - 135 - 137 - 140 - 142 - 144 - 147 - 150 - 155 - 159 - 161 - 171 - 173 - 174 - 180 - 181 - 182 - 186 - 189 - 192 - 194 - 196 - 201 - 202 - 203 - 204 - 205 - 206 - 211 - 212 - 214 - 215 - 217 - 220 - 228 - 229 - 231 - 235 - 238 - 242 - 244 - 252 - 253 - 257 - 258 - 260 - 261 - 262 - 264 - 270 - 272 - 273 - 276 - 277 - 280 - 284 - 285 - 286 - 288 - 290 - 295 - 298 - 303 - 304 - 310 - 312 - 314 - 315 - 319 - 321 - 322 - 333 - 334 - 335 - 339 - 342 - 344 - 345 - 346 - 348 - 351 - 353 - 356 - 359 - 361 - 367 - 369 - 372 - 373 - 384 - 385 - 386 - 387 - 392 - 394 - 397 - 398 - 400 - 401 - 403 - 404 - 409 - 414 - 418 - 420 - 425 - 427 - 430 - 431 - 433 - 443 - 444 - 446 - 449 - 455 - 457 - 465 - 467 - 471 - 475 - 480 - 483 - 489 - 490 - 491 - 492 - 493 - 495 - 498,8624542.9,9.1,77795,73471,84.64,Cost: 77795 & Capacity: 73471
1 - 2 - 3 - 4 - 5 - 6 - 7 - 8 - 9 - 10 - 12 - 13 - 14 - 15 - 16 - 17 - 20 - 21 - 22 - 23 - 24 - 26 - 27 - 28 - 30 - 31 - 32 - 34 - 35 - 38 - 39 - 40 - 45 - 46 - 47 - 48 - 49 - 51 - 52 - 53 - 54 - 55 - 58 - 59 - 60 - 62 - 66 - 70 - 71 - 72 - 73 - 74 - 75 - 76 - 77 - 78 - 82 - 86 - 88 - 91 - 92 - 93 - 94 - 95 - 102 - 103 - 104 - 108 - 109 - 110 - 111 - 112 - 113 - 114 - 116 - 117 - 118 - 119 - 121 - 122 - 123 - 124 - 130 - 131 - 133 - 134 - 137 - 139 - 140 - 141 - 144 - 146 - 147 - 150 - 152 - 154 - 156 - 157 - 159 - 160 - 161 - 163 - 165 - 166 - 167 - 169 - 170 - 174 - 177 - 180 - 181 - 185 - 186 - 187 - 189 - 190 - 192 - 195 - 196 - 198 - 199 - 201 - 203 - 204 - 205 - 206 - 207 - 209 - 212 - 213 - 214 - 215 - 216 - 220 - 222 - 223 - 224 - 227 - 228 - 229 - 230 - 231 - 235 - 236 - 237 - 239 - 242 - 244 - 246 - 248 - 250 - 252 - 253 - 256 - 257 - 258 - 259 - 261 - 262 - 263 - 264 - 265 - 266 - 268 - 269 - 270 - 274 - 275 - 276 - 277 - 279 - 280 - 281 - 282 - 283 - 284 - 285 - 286 - 287 - 288 - 289 - 292 - 295 - 296 - 298 - 303 - 304 - 310 - 311 - 312 - 313 - 314 - 316 - 318 - 319 - 320 - 321 - 322 - 324 - 326 - 329 - 331 - 332 - 333 - 334 - 336 - 337 - 339 - 340 - 341 - 342 - 346 - 349 - 351 - 353 - 356 - 357 - 358 - 360 - 363 - 366 - 368 - 369 - 371 - 372 - 373 - 375 - 377 - 378 - 380 - 381 - 382 - 386 - 387 - 389 - 390 - 393 - 394 - 396 - 397 - 400 - 401 - 402 - 403 - 404 - 406 - 408 - 410 - 411 - 413 - 414 - 415 - 419 - 420 - 421 - 423 - 424 - 425 - 426 - 427 - 429 - 430 - 433 - 435 - 436 - 437 - 442 - 445 - 446 - 447 - 449 - 450 - 451 - 452 - 453 - 455 - 457 - 459 - 464 - 465 - 466 - 467 - 468 - 474 - 475 - 477 - 478 - 480 - 482 - 488 - 490 - 491 - 492 - 493 - 494 - 495 - 496 - 499,22117748.4,0.1,90115,94819,84.92,Cost: 90115 & Capacity: 94819
1 - 2 - 3 - 4 - 5 - 6 - 7 - 8 - 9 - 10 - 12 - 13 - 14 - 15 - 16 - 17 - 20 - 21 - 22 - 23 - 24 - 25 - 26 - 27 - 28 - 30 - 31 - 34 - 35 - 38 - 39 - 40 - 45 - 46 - 47 - 48 - 49 - 51 - 52 - 53 - 54 - 55 - 58 - 59 - 60 - 62 - 66 - 70 - 71 - 72 - 73 - 74 - 75 - 76 - 77 - 78 - 82 - 86 - 88 - 91 - 92 - 93 - 94 - 95 - 102 - 103 - 104 - 108 - 109 - 110 - 111 - 112 - 113 - 114 - 116 - 117 - 118 - 119 - 121 - 122 - 123 - 124 - 130 - 131 - 133 - 134 - 137 - 138 - 139 - 140 - 141 - 144 - 146 - 147 - 150 - 152 - 154 - 156 - 157 - 159 - 160 - 161 - 163 - 165 - 166 - 167 - 169 - 170 - 174 - 177 - 180 - 181 - 185 - 186 - 187 - 189 - 190 - 192 - 195 - 196 - 198 - 199 - 201 - 203 - 204 - 205 - 206 - 207 - 209 - 212 - 213 - 214 - 215 - 216 - 220 - 222 - 223 - 224 - 227 - 228 - 229 - 230 - 231 - 235 - 236 - 237 - 239 - 242 - 244 - 246 - 248 - 250 - 252 - 253 - 256 - 257 - 258 - 259 - 261 - 262 - 263 - 264 - 265 - 266 - 268 - 269 - 270 - 274 - 275 - 276 - 277 - 279 - 280 - 281 - 282 - 283 - 284 - 285 - 286 - 287 - 288 - 289 - 292 - 294 - 295 - 296 - 298 - 303 - 304 - 310 - 311 - 312 - 313 - 314 - 318 - 319 - 320 - 321 - 322 - 324 - 326 - 329 - 331 - 332 - 333 - 334 - 336 - 337 - 339 - 340 - 341 - 342 - 346 - 349 - 351 - 353 - 356 - 357 - 358 - 360 - 361 - 363 - 366 - 368 - 369 - 371 - 372 - 373 - 375 - 377 - 378 - 380 - 381 - 386 - 387 - 389 - 390 - 394 - 396 - 397 - 400 - 401 - 402 - 403 - 404 - 406 - 408 - 410 - 411 - 413 - 414 - 415 - 419 - 420 - 421 - 423 - 424 - 425 - 426 - 427 - 429 - 430 - 433 - 435 - 436 - 437 - 442 - 445 - 446 - 447 - 449 - 451 - 452 - 453 - 455 - 457 - 459 - 464 - 465 - 466 - 467 - 468 - 474 - 475 - 477 - 478 - 480 - 482 - 488 - 490 - 491 - 492 - 493 - 494 - 495 - 496 - 499,22020717.2,0.1,90116,95015,85.56,Cost: 90116 & Capacity: 95015
1 - 2 - 3 - 4 - 6 - 8 - 9 - 10 - 12 - 14 - 16 - 17 - 18 - 20 - 25 - 27 - 28 - 30 - 33 - 35 - 39 - 40 - 44 - 46 - 55 - 59 - 62 - 63 - 64 - 70 - 71 - 72 - 74 - 77 - 88 - 89 - 94 - 95 - 98 - 102 - 108 - 109 - 113 - 117 - 118 - 120 - 123 - 125 - 129 - 134 - 135 - 142 - 144 - 146 - 147 - 150 - 155 - 160 - 163 - 165 - 169 - 172 - 174 - 176 - 179 - 181 - 186 - 189 - 194 - 197 - 201 - 203 - 208 - 213 - 217 - 220 - 222 - 229 - 232 - 239 - 252 - 257 - 261 - 262 - 263 - 267 - 270 - 273 - 275 - 277 - 278 - 284 - 287 - 290 - 299 - 301 - 302 - 305 - 310 - 311 - 312 - 317 - 321 - 322 - 324 - 327 - 332 - 334 - 338 - 341 - 342 - 345 - 346 - 348 - 349 - 353 - 354 - 359 - 363 - 366 - 369 - 370 - 376 - 377 - 378 - 380 - 384 - 386 - 387 - 392 - 394 - 396 - 398 - 400 - 401 - 404 - 410 - 418 - 420 - 425 - 426 - 429 - 431 - 436 - 441 - 442 - 444 - 446 - 455 - 457 - 461 - 463 - 465 - 467 - 479 - 489 - 491 - 497 - 498,6338997.1,13.3,89850,76426,86.02,Cost: 89850 & Capacity: 76426
1 - 2 - 3 - 4 - 5 - 6 - 7 - 8 - 9 - 10 - 12 - 13 - 14 - 15 - 16 - 17 - 20 - 21 - 22 - 23 - 24 - 26 - 27 - 28 - 30 - 31 - 32 - 34 - 35 - 38 - 39 - 40 - 45 - 46 - 47 - 48 - 49 - 51 - 52 - 53 - 54 - 55 - 58 - 59 - 60 - 62 - 66 - 70 - 71 - 72 - 73 - 74 - 75 - 76 - 77 - 78 - 82 - 86 - 88 - 91 - 92 - 93 - 94 - 95 - 102 - 103 - 104 - 108 - 109 - 110 - 111 - 112 - 113 - 114 - 116 - 117 - 118 - 119 - 121 - 122 - 123 - 124 - 130 - 131 - 133 - 134 - 137 - 139 - 140 - 141 - 144 - 146 - 147 - 150 - 152 - 154 - 156 - 157 - 159 - 160 - 161 - 163 - 165 - 166 - 167 - 169 - 170 - 174 - 177 - 180 - 181 - 185 - 186 - 187 - 189 - 190 - 192 - 195 - 196 - 198 - 199 - 201 - 203 - 204 - 205 - 206 - 207 - 209 - 212 - 213 - 214 - 215 - 216 - 220 - 222 - 223 - 224 - 227 - 228 - 229 - 230 - 231 - 235 - 236 - 237 - 239 - 242 - 244 - 246 - 248 - 250 - 252 - 253 - 256 - 257 - 258 - 259 - 261 - 262 - 263 - 264 - 265 - 266 - 268 - 269 - 270 - 274 - 275 - 276 - 277 - 279 - 280 - 281 - 282 - 283 - 284 - 285 - 286 - 287 - 288 - 289 - 292 - 295 - 296 - 298 - 303 - 304 - 310 - 311 - 312 - 313 - 314 - 316 - 318 - 319 - 320 - 321 - 322 - 324 - 326 - 329 - 331 - 332 - 333 - 334 - 336 - 337 - 339 - 340 - 341 - 342 - 346 - 349 - 351 - 353 - 356 - 357 - 358 - 360 - 363 - 366 - 368 - 369 - 371 - 372 - 373 - 375 - 377 - 378 - 380 - 381 - 382 - 386 - 387 - 389 - 390 - 393 - 394 - 396 - 397 - 400 - 401 - 402 - 403 - 404 - 406 - 408 - 410 - 411 - 413 - 414 - 415 - 419 - 420 - 421 - 423 - 424 - 425 - 426 - 427 - 429 - 430 - 433 - 435 - 436 - 437 - 442 - 445 - 446 - 447 - 449 - 450 - 451 - 452 - 453 - 455 - 457 - 459 - 464 - 465 - 466 - 467 - 468 - 474 - 475 - 477 - 478 - 480 - 482 - 488 - 490 - 491 - 492 - 493 - 494 - 495 - 496 - 499,22117748.4,0.1,90115,94819,88.25,Cost: 90115 & Capacity: 94819
1 - 2 - 3 - 4 - 5 - 6 - 7 - 8 - 9 - 10 - 12 - 13 - 14 - 15 - 16 - 17 - 20 - 21 - 22 - 23 - 24 - 25 - 26 - 27 - 28 - 30 - 31 - 34 - 35 - 38 - 39 - 40 - 45 - 46 - 47 - 48 - 49 - 51 - 52 - 53 - 54 - 55 - 58 - 59 - 60 - 62 - 66 - 70 - 71 - 72 - 73 - 74 - 75 - 76 - 77 - 78 - 82 - 86 - 88 - 91 - 92 - 93 - 94 - 95 - 102 - 103 - 104 - 108 - 109 - 110 - 111 - 112 - 113 - 114 - 116 - 117 - 118 - 119 - 121 - 122 - 123 - 124 - 130 - 131 - 133 - 134 - 137 - 138 - 139 - 140 - 141 - 144 - 146 - 147 - 150 - 152 - 154 - 156 - 157 - 159 - 160 - 161 - 163 - 165 - 166 - 167 - 169 - 170 - 174 - 177 - 180 - 181 - 185 - 186 - 187 - 189 - 190 - 192 - 195 - 196 - 198 - 199 - 201 - 203 - 204 - 205 - 206 - 207 - 209 - 212 - 213 - 214 - 215 - 216 - 220 - 222 - 223 - 224 - 227 - 228 - 229 - 230 - 231 - 235 - 236 - 237 - 239 - 242 - 244 - 246 - 248 - 250 - 252 - 253 - 256 - 257 - 258 - 259 - 261 - 262 - 263 - 264 - 265 - 266 - 268 - 269 - 270 - 274 - 275 - 276 - 277 - 279 - 280 - 281 - 282 - 283 - 284 - 285 - 286 - 287 - 288 - 289 - 292 - 294 - 295 - 296 - 298 - 303 - 304 - 310 - 311 - 312 - 313 - 314 - 318 - 319 - 320 - 321 - 322 - 324 - 326 - 329 - 331 - 332 - 333 - 334 - 336 - 337 - 339 - 340 - 341 - 342 - 346 - 349 - 351 - 353 - 356 - 357 - 358 - 360 - 361 - 363 - 366 - 368 - 369 - 371 - 372 - 373 - 375 - 377 - 378 - 380 - 381 - 386 - 387 - 389 - 390 - 394 - 396 - 397 - 400 - 401 - 402 - 403 - 404 - 406 - 408 - 410 - 411 - 413 - 414 - 415 - 419 - 420 - 421 - 423 - 424 - 425 - 426 - 427 - 429 - 430 - 433 - 435 - 436 - 437 - 442 - 445 - 446 - 447 - 449 - 451 - 452 - 453 - 455 - 457 - 459 - 464 - 465 - 466 - 467 - 468 - 474 - 475 - 477 - 478 - 480 - 482 - 488 - 490 - 491 - 492 - 493 - 494 - 495 - 496 - 499,22020717.2,0.1,90116,95015,88.67,Cost: 90116 & Capacity: 95015
4 - 10 - 11 - 12 - 16 - 17 - 18 - 20 - 21 - 22 - 25 - 26 - 27 - 28 - 31 - 34 - 35 - 39 - 40 - 46 - 51 - 52 - 54 - 58 - 59 - 62 - 64 - 66 - 69 - 70 - 78 - 88 - 94 - 95 - 98 - 101 - 105 - 109 - 112 - 113 - 117 - 118 - 132 - 133 - 134 - 137 - 142 - 144 - 150 - 155 - 163 - 165 - 167 - 169 - 173 - 174 - 181 - 185 - 186 - 188 - 189 - 191 - 194 - 201 - 203 - 206 - 208 - 212 - 213 - 220 - 223 - 224 - 232 - 238 - 239 - 245 - 249 - 252 - 253 - 255 - 257 - 260 - 261 - 263 - 270 - 271 - 272 - 273 - 275 - 276 - 280 - 284 - 286 - 287 - 290 - 295 - 300 - 301 - 302 - 304 - 305 - 306 - 311 - 315 - 317 - 319 - 321 - 322 - 326 - 328 - 331 - 341 - 342 - 345 - 346 - 348 - 349 - 350 - 353 - 354 - 355 - 356 - 358 - 361 - 362 - 363 - 365 - 366 - 369 - 370 - 374 - 376 - 378 - 385 - 386 - 392 - 394 - 396 - 400 - 404 - 414 - 419 - 420 - 421 - 425 - 426 - 429 - 430 - 431 - 433 - 436 - 439 - 442 - 443 - 447 - 457 - 459 - 462 - 465 - 472 - 476 - 485 - 488 - 489 - 492 - 498 - 499,7026273.2,12.6,90043,78174,89.81,Cost: 90043 & Capacity: 78174
1 - 2 - 3 - 4 - 5 - 6 - 7 - 8 - 10 - 12 - 13 - 14 - 15 - 16 - 17 - 20 - 21 - 22 - 23 - 24 - 26 - 27 - 28 - 30 - 31 - 32 - 34 - 35 - 38 - 39 - 40 - 45 - 46 - 47 - 48 - 49 - 51 - 52 - 53 - 54 - 55 - 58 - 59 - 60 - 62 - 66 - 70 - 71 - 72 - 73 - 74 - 75 - 76 - 77 - 78 - 82 - 86 - 88 - 91 - 92 - 93 - 94 - 95 - 102 - 103 - 104 - 108 - 109 - 110 - 111 - 112 - 113 - 114 - 116 - 117 - 118 - 119 - 121 - 122 - 123 - 124 - 130 - 131 - 133 - 134 - 137 - 139 - 140 - 141 - 144 - 147 - 150 - 151 - 152 - 154 - 156 - 157 - 159 - 160 - 161 - 163 - 165 - 166 - 167 - 169 - 170 - 174 - 177 - 180 - 181 - 185 - 186 - 187 - 189 - 190 - 192 - 195 - 196 - 199 - 201 - 203 - 204 - 205 - 206 - 207 - 209 - 212 - 213 - 214 - 215 - 216 - 220 - 223 - 224 - 225 - 227 - 228 - 229 - 230 - 231 - 235 - 236 - 237 - 239 - 242 - 244 - 246 - 248 - 250 - 252 - 253 - 256 - 257 - 258 - 259 - 261 - 262 - 263 - 264 - 265 - 266 - 268 - 269 - 270 - 274 - 275 - 276 - 277 - 279 - 280 - 281 - 282 - 283 - 284 - 285 - 286 - 287 - 288 - 289 - 292 - 294 - 295 - 296 - 298 - 303 - 304 - 310 - 311 - 312 - 313 - 314 - 318 - 319 - 320 - 321 - 322 - 324 - 326 - 329 - 331 - 332 - 333 - 334 - 336 - 337 - 339 - 340 - 341 - 342 - 346 - 349 - 351 - 353 - 355 - 356 - 357 - 358 - 360 - 361 - 363 - 366 - 368 - 369 - 371 - 372 - 373 - 375 - 377 - 378 - 380 - 381 - 382 - 386 - 387 - 389 - 390 - 393 - 394 - 396 - 397 - 400 - 401 - 402 - 403 - 404 - 406 - 408 - 410 - 411 - 413 - 414 - 415 - 419 - 420 - 421 - 423 - 424 - 425 - 426 - 427 - 429 - 430 - 433 - 435 - 436 - 437 - 438 - 442 - 445 - 446 - 447 - 449 - 451 - 452 - 453 - 455 - 457 - 459 - 464 - 465 - 466 - 467 - 468 - 474 - 475 - 477 - 478 - 480 - 482 - 488 - 490 - 491 - 492 - 493 - 494 - 495 - 496 - 499,22191308.5,0.1,90117,95023,90.11,Cost: 90117 & Capacity: 95023
1 - 2 - 3 - 4 - 5 - 6 - 7 - 8 - 9 - 10 - 12 - 13 - 14 - 15 - 16 - 17 - 20 - 21 - 22 - 23 - 24 - 25 - 26 - 27 - 28 - 30 - 31 - 34 - 35 - 38 - 39 - 40 - 45 - 46 - 47 - 48 - 49 - 51 - 52 - 53 - 54 - 55 - 58 - 59 - 60 - 62 - 66 - 70 - 71 - 72 - 73 - 74 - 75 - 76 - 77 - 78 - 82 - 86 - 88 - 91 - 92 - 93 - 94 - 95 - 102 - 103 - 104 - 108 - 109 - 110 - 111 - 112 - 113 - 114 - 116 - 117 - 118 - 119 - 121 - 122 - 123 - 124 - 130 - 131 - 133 - 134 - 137 - 138 - 139 - 140 - 141 - 144 - 146 - 147 - 150 - 152 - 154 - 156 - 157 - 159 - 160 - 161 - 163 - 165 - 166 - 167 - 169 - 170 - 174 - 177 - 180 - 181 - 185 - 186 - 187 - 189 - 190 - 192 - 195 - 196 - 198 - 199 - 201 - 203 - 204 - 205 - 206 - 207 - 209 - 212 - 213 - 214 - 215 - 216 - 220 - 222 - 223 - 224 - 227 - 228 - 229 - 230 - 231 - 235 - 236 - 237 - 239 - 242 - 244 - 246 - 248 - 250 - 252 - 253 - 256 - 257 - 258 - 259 - 261 - 262 - 263 - 264 - 265 - 266 - 268 - 269 - 270 - 274 - 275 - 276 - 277 - 279 - 280 - 281 - 282 - 283 - 284 - 285 - 286 - 287 - 288 - 289 - 292 - 294 - 295 - 296 - 298 - 303 - 304 - 310 - 311 - 312 - 313 - 314 - 318 - 319 - 320 - 321 - 322 - 324 - 326 - 329 - 331 - 332 - 333 - 334 - 336 - 337 - 339 - 340 - 341 - 342 - 346 - 349 - 351 - 353 - 356 - 357 - 358 - 360 - 361 - 363 - 366 - 368 - 369 - 371 - 372 - 373 - 375 - 377 - 378 - 380 - 381 - 386 - 387 - 389 - 390 - 394 - 396 - 397 - 400 - 401 - 402 - 403 - 404 - 406 - 408 - 410 - 411 - 413 - 414 - 415 - 419 - 420 - 421 - 423 - 424 - 425 - 426 - 427 - 429 - 430 - 433 - 435 - 436 - 437 - 442 - 445 - 446 - 447 - 449 - 451 - 452 - 453 - 455 - 457 - 459 - 464 - 465 - 466 - 467 - 468 - 474 - 475 - 477 - 478 - 480 - 482 - 488 - 490 - 491 - 492 - 493 - 494 - 495 - 496 - 499,22020717.2,0.1,90116,95015,90.18,Cost: 90116 & Capacity: 95015
1 - 2 - 3 - 4 - 5 - 6 - 7 - 8 - 9 - 10 - 12 - 13 - 14 - 15 - 16 - 17 - 20 - 21 - 22 - 23 - 24 - 25 - 26 - 27 - 28 - 30 - 31 - 34 - 35 - 38 - 39 - 40 - 45 - 46 - 47 - 48 - 49 - 51 - 52 - 53 - 54 - 55 - 58 - 59 - 60 - 62 - 66 - 70 - 71 - 72 - 73 - 74 - 75 - 76 - 77 - 78 - 82 - 86 - 88 - 91 - 92 - 93 - 94 - 95 - 102 - 103 - 104 - 108 - 109 - 110 - 111 - 112 - 113 - 114 - 116 - 117 - 118 - 119 - 121 - 122 - 123 - 124 - 130 - 131 - 133 - 134 - 137 - 138 - 139 - 140 - 141 - 144 - 146 - 147 - 150 - 152 - 154 - 156 - 157 - 159 - 160 - 161 - 163 - 165 - 166 - 167 - 169 - 170 - 174 - 177 - 180 - 181 - 185 - 186 - 187 - 189 - 190 - 192 - 195 - 196 - 198 - 199 - 201 - 203 - 204 - 205 - 206 - 207 - 209 - 212 - 213 - 214 - 215 - 216 - 220 - 222 - 223 - 224 - 227 - 228 - 229 - 230 - 231 - 235 - 236 - 237 - 239 - 242 - 244 - 246 - 248 - 250 - 252 - 253 - 256 - 257 - 258 - 259 - 261 - 262 - 263 - 264 - 265 - 266 - 268 - 269 - 270 - 274 - 275 - 276 - 277 - 279 - 280 - 281 - 282 - 283 - 284 - 285 - 286 - 287 - 288 - 289 - 292 - 294 - 295 - 296 - 298 - 303 - 304 - 310 - 311 - 312 - 313 - 314 - 318 - 319 - 320 - 321 - 322 - 324 - 326 - 329 - 331 - 332 - 333 - 334 - 336 - 337 - 339 - 340 - 341 - 342 - 346 - 349 - 351 - 353 - 356 - 357 - 358 - 360 - 361 - 363 - 366 - 368 - 369 - 371 - 372 - 373 - 375 - 377 - 378 - 380 - 381 - 386 - 387 - 389 - 390 - 394 - 396 - 397 - 400 - 401 - 402 - 403 - 404 - 406 - 408 - 410 - 411 - 413 - 414 - 415 - 419 - 420 - 421 - 423 - 424 - 425 - 426 - 427 - 429 - 430 - 433 - 435 - 436 - 437 - 442 - 445 - 446 - 447 - 449 - 451 - 452 - 453 - 455 - 457 - 459 - 464 - 465 - 466 - 467 - 468 - 474 - 475 - 477 - 478 - 480 - 482 - 488 - 490 - 491 - 492 - 493 - 494 - 495 - 496 - 499,22020717.2,0.1,90116,95015,90.99,Cost: 90116 & Capacity: 95015
1 - 2 - 6 - 10 - 11 - 17 - 18 - 20 - 21 - 22 - 25 - 27 - 28 - 33 - 35 - 37 - 38 - 39 - 43 - 48 - 51 - 52 - 54 - 55 - 70 - 72 - 77 - 88 - 90 - 92 - 94 - 95 - 98 - 101 - 102 - 105 - 106 - 108 - 109 - 110 - 112 - 117 - 130 - 133 - 134 - 135 - 137 - 140 - 141 - 142 - 146 - 147 - 150 - 155 - 160 - 163 - 165 - 169 - 172 - 174 - 176 - 179 - 181 - 189 - 198 - 201 - 203 - 208 - 213 - 215 - 216 - 223 - 231 - 232 - 233 - 235 - 239 - 252 - 253 - 255 - 260 - 263 - 270 - 271 - 273 - 277 - 278 - 280 - 282 - 284 - 291 - 293 - 299 - 301 - 303 - 304 - 305 - 312 - 313 - 315 - 316 - 317 - 327 - 332 - 334 - 335 - 337 - 338 - 344 - 345 - 346 - 348 - 349 - 350 - 354 - 355 - 356 - 358 - 359 - 361 - 363 - 366 - 369 - 370 - 372 - 374 - 375 - 376 - 378 - 380 - 384 - 387 - 391 - 393 - 394 - 396 - 398 - 400 - 404 - 405 - 410 - 411 - 418 - 420 - 425 - 429 - 430 - 431 - 436 - 443 - 446 - 448 - 450 - 457 - 465 - 466 - 467 - 471 - 478 - 488 - 489 - 498,6605315.8,13.2,89520,74828,94.32,Cost: 89520 & Capacity: 74828
1 - 2 - 3 - 4 - 5 - 6 - 7 - 8 - 9 - 10 - 12 - 13 - 14 - 15 - 16 - 17 - 20 - 21 - 22 - 23 - 24 - 26 - 27 - 28 - 30 - 31 - 32 - 34 - 35 - 38 - 39 - 40 - 45 - 46 - 47 - 48 - 49 - 51 - 52 - 53 - 54 - 55 - 58 - 59 - 60 - 62 - 66 - 70 - 71 - 72 - 73 - 74 - 75 - 76 - 77 - 78 - 82 - 86 - 88 - 91 - 92 - 93 - 94 - 95 - 102 - 103 - 104 - 108 - 109 - 110 - 111 - 112 - 113 - 114 - 116 - 117 - 118 - 119 - 121 - 122 - 123 - 124 - 130 - 131 - 133 - 134 - 137 - 139 - 140 - 141 - 144 - 146 - 147 - 150 - 152 - 154 - 156 - 157 - 159 - 160 - 161 - 163 - 165 - 166 - 167 - 169 - 170 - 174 - 177 - 180 - 181 - 185 - 186 - 187 - 189 - 190 - 192 - 195 - 196 - 198 - 199 - 201 - 203 - 204 - 205 - 206 - 207 - 209 - 212 - 213 - 214 - 215 - 216 - 220 - 222 - 223 - 224 - 227 - 228 - 229 - 230 - 231 - 235 - 236 - 237 - 239 - 242 - 244 - 246 - 248 - 250 - 252 - 253 - 256 - 257 - 258 - 259 - 261 - 262 - 263 - 264 - 265 - 266 - 268 - 269 - 270 - 274 - 275 - 276 - 277 - 279 - 280 - 281 - 282 - 283 - 284 - 285 - 286 - 287 - 288 - 289 - 292 - 295 - 296 - 298 - 303 - 304 - 310 - 311 - 312 - 313 - 314 - 316 - 318 - 319 - 320 - 321 - 322 - 324 - 326 - 329 - 331 - 332 - 333 - 334 - 336 - 337 - 339 - 340 - 341 - 342 - 346 - 349 - 351 - 353 - 356 - 357 - 358 - 360 - 363 - 366 - 368 - 369 - 371 - 372 - 373 - 375 - 377 - 378 - 380 - 381 - 382 - 386 - 387 - 389 - 390 - 393 - 394 - 396 - 397 - 400 - 401 - 402 - 403 - 404 - 406 - 408 - 410 - 411 - 413 - 414 - 415 - 419 - 420 - 421 - 423 - 424 - 425 - 426 - 427 - 429 - 430 - 433 - 435 - 436 - 437 - 442 - 445 - 446 - 447 - 449 - 450 - 451 - 452 - 453 - 455 - 457 - 459 - 464 - 465 - 466 - 467 - 468 - 474 - 475 - 477 - 478 - 480 - 482 - 488 - 490 - 491 - 492 - 493 - 494 - 495 - 496 - 499,22117748.4,0.1,90115,94819,94.68,Cost: 90115 & Capacity: 94819
1 - 2 - 3 - 4 - 5 - 9 - 13 - 15 - 16 - 17 - 20 - 22 - 25 - 27 - 30 - 31 - 33 - 34 - 40 - 41 - 46 - 47 - 48 - 51 - 52 - 57 - 58 - 59 - 60 - 64 - 68 - 79 - 82 - 88 - 91 - 92 - 94 - 95 - 105 - 108 - 109 - 112 - 113 - 116 - 117 - 119 - 121 - 123 - 128 - 131 - 132 - 134 - 135 - 137 - 139 - 147 - 150 - 151 - 154 - 159 - 161 - 165 - 171 - 181 - 184 - 185 - 186 - 188 - 192 - 193 - 194 - 206 - 207 - 208 - 210 - 217 - 220 - 221 - 222 - 223 - 224 - 225 - 226 - 227 - 229 - 230 - 231 - 232 - 240 - 243 - 252 - 255 - 256 - 257 - 259 - 270 - 272 - 273 - 275 - 278 - 280 - 282 - 283 - 284 - 285 - 286 - 290 - 291 - 295 - 301 - 304 - 314 - 317 - 320 - 321 - 329 - 333 - 341 - 345 - 346 - 353 - 357 - 361 - 362 - 363 - 368 - 369 - 371 - 372 - 376 - 378 - 385 - 386 - 387 - 389 - 392 - 394 - 396 - 399 - 401 - 403 - 404 - 408 - 410 - 412 - 415 - 422 - 423 - 426 - 430 - 431 - 433 - 436 - 437 - 438 - 441 - 444 - 445 - 447 - 448 - 451 - 452 - 456 - 459 - 462 - 469 - 471 - 478 - 480 - 482 - 484 - 485 - 488 - 489 - 491 - 494 - 498,8111868.5,9.8,89774,79389,96.01,Cost: 89774 & Capacity: 79389
1 - 2 - 3 - 4 - 5 - 6 - 7 - 8 - 9 - 10 - 12 - 13 - 14 - 15 - 16 - 17 - 20 - 21 - 22 - 23 - 24 - 26 - 27 - 28 - 30 - 31 - 32 - 34 - 35 - 38 - 39 - 40 - 45 - 46 - 47 - 48 - 49 - 51 - 52 - 53 - 54 - 55 - 58 - 59 - 60 - 62 - 66 - 70 - 71 - 72 - 73 - 74 - 75 - 76 - 77 - 78 - 82 - 86 - 88 - 91 - 92 - 93 - 94 - 95 - 102 - 103 - 104 - 108 - 109 - 110 - 111 - 112 - 113 - 114 - 116 - 117 - 118 - 119 - 121 - 122 - 123 - 124 - 130 - 131 - 133 - 134 - 137 - 139 - 140 - 141 - 144 - 146 - 147 - 150 - 152 - 154 - 156 - 157 - 159 - 160 - 161 - 163 - 165 - 166 - 167 - 169 - 170 - 174 - 177 - 180 - 181 - 185 - 186 - 187 - 189 - 190 - 192 - 195 - 196 - 198 - 199 - 201 - 203 - 204 - 205 - 206 - 207 - 209 - 212 - 213 - 214 - 215 - 216 - 220 - 222 - 223 - 224 - 227 - 228 - 229 - 230 - 231 - 235 - 236 - 237 - 239 - 242 - 244 - 246 - 248 - 250 - 252 - 253 - 256 - 257 - 258 - 259 - 261 - 262 - 263 - 264 - 265 - 266 - 268 - 269 - 270 - 274 - 275 - 276 - 277 - 279 - 280 - 281 - 282 - 283 - 284 - 285 - 286 - 287 - 288 - 289 - 292 - 295 - 296 - 298 - 303 - 304 - 310 - 311 - 312 - 313 - 314 - 316 - 318 - 319 - 320 - 321 - 322 - 324 - 326 - 329 - 331 - 332 - 333 - 334 - 336 - 337 - 339 - 340 - 341 - 342 - 346 - 349 - 351 - 353 - 356 - 357 - 358 - 360 - 363 - 366 - 368 - 369 - 371 - 372 - 373 - 375 - 377 - 378 - 380 - 381 - 382 - 386 - 387 - 389 - 390 - 393 - 394 - 396 - 397 - 400 - 401 - 402 - 403 - 404 - 406 - 408 - 410 - 411 - 413 - 414 - 415 - 419 - 420 - 421 - 423 - 424 - 425 - 426 - 427 - 429 - 430 - 433 - 435 - 436 - 437 - 442 - 445 - 446 - 447 - 449 - 450 - 451 - 452 - 453 - 455 - 457 - 459 - 464 - 465 - 466 - 467 - 468 - 474 - 475 - 477 - 478 - 480 - 482 - 488 - 490 - 491 - 492 - 493 - 494 - 495 - 496 - 499,22117748.4,0.1,90115,94819,96.45,Cost: 90115 & Capacity: 94819
2 - 7 - 18 - 19 - 20 - 27 - 29 - 30 - 43 - 51 - 56 - 57 - 62 - 65 - 73 - 76 - 83 - 84 - 85 - 86 - 88 - 89 - 90 - 95 - 99 - 103 - 104 - 106 - 110 - 113 - 114 - 121 - 133 - 134 - 138 - 139 - 140 - 141 - 142 - 143 - 145 - 147 - 150 - 155 - 158 - 164 - 165 - 167 - 169 - 175 - 178 - 184 - 201 - 204 - 207 - 216 - 217 - 218 - 227 - 232 - 235 - 240 - 241 - 252 - 255 - 256 - 258 - 259 - 264 - 267 - 269 - 270 - 273 - 276 - 277 - 281 - 285 - 286 - 301 - 304 - 312 - 316 - 319 - 320 - 322 - 324 - 329 - 332 - 343 - 344 - 345 - 354 - 355 - 358 - 359 - 362 - 363 - 369 - 375 - 382 - 384 - 385 - 387 - 390 - 392 - 400 - 401 - 407 - 409 - 410 - 412 - 416 - 421 - 429 - 430 - 432 - 435 - 437 - 446 - 453 - 456 - 464 - 466 - 468 - 472 - 479 - 482 - 486 - 490 - 492 - 494 - 498,4463344.1,18.9,80616,65552,97.53,Cost: 80616 & Capacity: 65552
2 - 7 - 18 - 19 - 20 - 27 - 29 - 30 - 43 - 51 - 56 - 57 - 62 - 65 - 73 - 76 - 83 - 84 - 85 - 86 - 88 - 89 - 90 - 95 - 99 - 103 - 104 - 106 - 110 - 113 - 114 - 121 - 133 - 134 - 138 - 139 - 140 - 141 - 142 - 143 - 145 - 147 - 150 - 155 - 158 - 164 - 165 - 167 - 169 - 175 - 178 - 184 - 201 - 204 - 207 - 216 - 217 - 218 - 227 - 232 - 235 - 240 - 241 - 252 - 255 - 256 - 258 - 259 - 264 - 267 - 269 - 270 - 272 - 273 - 276 - 277 - 281 - 285 - 286 - 301 - 304 - 312 - 316 - 319 - 320 - 322 - 324 - 329 - 332 - 343 - 344 - 345 - 354 - 355 - 358 - 359 - 362 - 363 - 369 - 375 - 382 - 384 - 385 - 387 - 390 - 392 - 400 - 401 - 404 - 407 - 409 - 410 - 412 - 416 - 421 - 429 - 430 - 432 - 435 - 437 - 446 - 453 - 456 - 464 - 466 - 468 - 472 - 479 - 482 - 486 - 490 - 492 - 494 - 498,4594058.3,18.7,81857,66889,97.53,Cost: 81857 & Capacity: 66889
2 - 7 - 18 - 19 - 20 - 27 - 29 - 30 - 43 - 51 - 56 - 57 - 62 - 65 - 73 - 76 - 83 - 84 - 85 - 86 - 88 - 89 - 90 - 95 - 99 - 103 - 104 - 106 - 110 - 113 - 114 - 117 - 121 - 133 - 134 - 138 - 139 - 140 - 141 - 142 - 143 - 145 - 147 - 150 - 155 - 158 - 164 - 165 - 167 - 169 - 175 - 178 - 184 - 201 - 204 - 207 - 216 - 217 - 218 - 227 - 232 - 235 - 240 - 241 - 252 - 255 - 256 - 258 - 259 - 264 - 267 - 269 - 270 - 272 - 273 - 276 - 277 - 281 - 285 - 286 - 301 - 304 - 312 - 316 - 319 - 320 - 322 - 324 - 329 - 332 - 338 - 343 - 344 - 345 - 354 - 355 - 358 - 359 - 362 - 363 - 369 - 375 - 382 - 384 - 385 - 387 - 390 - 392 - 400 - 401 - 404 - 407 - 409 - 410 - 412 - 416 - 421 - 429 - 430 - 432 - 435 - 437 - 446 - 453 - 456 - 464 - 466 - 468 - 472 - 479 - 482 - 486 - 490 - 492 - 494 - 498,4731931.9,18.4,83733,68515,97.53,Cost: 83733 & Capacity: 68515
1 - 2 - 3 - 4 - 5 - 6 - 7 - 8 - 9 - 10 - 12 - 13 - 14 - 15 - 16 - 17 - 20 - 21 - 22 - 23 - 24 - 25 - 26 - 27 - 28 - 30 - 31 - 34 - 35 - 38 - 39 - 40 - 45 - 46 - 47 - 48 - 49 - 51 - 52 - 53 - 54 - 55 - 58 - 59 - 60 - 62 - 66 - 70 - 71 - 72 - 73 - 74 - 75 - 76 - 77 - 78 - 82 - 86 - 88 - 91 - 92 - 93 - 94 - 95 - 102 - 103 - 104 - 108 - 109 - 110 - 111 - 112 - 113 - 114 - 116 - 117 - 118 - 119 - 121 - 122 - 123 - 124 - 130 - 131 - 133 - 134 - 137 - 138 - 139 - 140 - 141 - 144 - 146 - 147 - 150 - 152 - 154 - 156 - 157 - 159 - 160 - 161 - 163 - 165 - 166 - 167 - 169 - 170 - 174 - 177 - 180 - 181 - 185 - 186 - 187 - 189 - 190 - 192 - 195 - 196 - 198 - 199 - 201 - 203 - 204 - 205 - 206 - 207 - 209 - 212 - 213 - 214 - 215 - 216 - 220 - 222 - 223 - 224 - 227 - 228 - 229 - 230 - 231 - 235 - 236 - 237 - 239 - 242 - 244 - 246 - 248 - 250 - 252 - 253 - 256 - 257 - 258 - 259 - 261 - 262 - 263 - 264 - 265 - 266 - 268 - 269 - 270 - 274 - 275 - 276 - 277 - 279 - 280 - 281 - 282 - 283 - 284 - 285 - 286 - 287 - 288 - 289 - 292 - 294 - 295 - 296 - 298 - 303 - 304 - 310 - 311 - 312 - 313 - 314 - 318 - 319 - 320 - 321 - 322 - 324 - 326 - 329 - 331 - 332 - 333 - 334 - 336 - 337 - 339 - 340 - 341 - 342 - 346 - 349 - 351 - 353 - 356 - 357 - 358 - 360 - 361 - 363 - 366 - 368 - 369 - 371 - 372 - 373 - 375 - 377 - 378 - 380 - 381 - 386 - 387 - 389 - 390 - 394 - 396 - 397 - 400 - 401 - 402 - 403 - 404 - 406 - 408 - 410 - 411 - 413 - 414 - 415 - 419 - 420 - 421 - 423 - 424 - 425 - 426 - 427 - 429 - 430 - 433 - 435 - 436 - 437 - 442 - 445 - 446 - 447 - 449 - 451 - 452 - 453 - 455 - 457 - 459 - 464 - 465 - 466 - 467 - 468 - 474 - 475 - 477 - 478 - 480 - 482 - 488 - 490 - 491 - 492 - 493 - 494 - 495 - 496 - 499,22020717.2,0.1,90116,95015,97.87,Cost: 90116 & Capacity: 95015
1 - 2 - 3 - 4 - 5 - 6 - 7 - 8 - 9 - 10 - 12 - 13 - 14 - 15 - 16 - 17 - 20 - 21 - 22 - 23 - 24 - 26 - 27 - 28 - 30 - 31 - 32 - 34 - 35 - 38 - 39 - 40 - 45 - 46 - 47 - 48 - 49 - 51 - 52 - 53 - 54 - 55 - 58 - 59 - 60 - 62 - 66 - 70 - 71 - 72 - 73 - 74 - 75 - 76 - 77 - 78 - 82 - 86 - 88 - 91 - 92 - 93 - 94 - 95 - 102 - 103 - 104 - 108 - 109 - 110 - 111 - 112 - 113 - 114 - 116 - 117 - 118 - 119 - 121 - 122 - 123 - 124 - 130 - 131 - 133 - 134 - 137 - 139 - 140 - 141 - 144 - 146 - 147 - 150 - 152 - 154 - 156 - 157 - 159 - 160 - 161 - 163 - 165 - 166 - 167 - 169 - 170 - 174 - 177 - 180 - 181 - 185 - 186 - 187 - 189 - 190 - 192 - 195 - 196 - 198 - 199 - 201 - 203 - 204 - 205 - 206 - 207 - 209 - 212 - 213 - 214 - 215 - 216 - 220 - 222 - 223 - 224 - 227 - 228 - 229 - 230 - 231 - 235 - 236 - 237 - 239 - 242 - 244 - 246 - 248 - 250 - 252 - 253 - 256 - 257 - 258 - 259 - 261 - 262 - 263 - 264 - 265 - 266 - 268 - 269 - 270 - 274 - 275 - 276 - 277 - 279 - 280 - 281 - 282 - 283 - 284 - 285 - 286 - 287 - 288 - 289 - 292 - 295 - 296 - 298 - 303 - 304 - 310 - 311 - 312 - 313 - 314 - 316 - 318 - 319 - 320 - 321 - 322 - 324 - 326 - 329 - 331 - 332 - 333 - 334 - 336 - 337 - 339 - 340 - 341 - 342 - 346 - 349 - 351 - 353 - 356 - 357 - 358 - 360 - 363 - 366 - 368 - 369 - 371 - 372 - 373 - 375 - 377 - 378 - 380 - 381 - 382 - 386 - 387 - 389 - 390 - 393 - 394 - 396 - 397 - 400 - 401 - 402 - 403 - 404 - 406 - 408 - 410 - 411 - 413 - 414 - 415 - 419 - 420 - 421 - 423 - 424 - 425 - 426 - 427 - 429 - 430 - 433 - 435 - 436 - 437 - 442 - 445 - 446 - 447 - 449 - 450 - 451 - 452 - 453 - 455 - 457 - 459 - 464 - 465 - 466 - 467 - 468 - 474 - 475 - 477 - 478 - 480 - 482 - 488 - 490 - 491 - 492 - 493 - 494 - 495 - 496 - 499,22117748.4,0.1,90115,94819,98.73,Cost: 90115 & Capacity: 94819
1 - 2 - 3 - 4 - 5 - 6 - 7 - 8 - 9 - 10 - 12 - 13 - 14 - 15 - 16 - 17 - 20 - 21 - 22 - 23 - 24 - 25 - 26 - 27 - 28 - 30 - 31 - 34 - 35 - 38 - 39 - 40 - 45 - 46 - 47 - 48 - 49 - 51 - 52 - 53 - 54 - 55 - 58 - 59 - 60 - 62 - 66 - 70 - 71 - 72 - 73 - 74 - 75 - 76 - 77 - 78 - 82 - 86 - 88 - 91 - 92 - 93 - 94 - 95 - 102 - 103 - 104 - 108 - 109 - 110 - 111 - 112 - 113 - 114 - 116 - 117 - 118 - 119 - 121 - 122 - 123 - 124 - 130 - 131 - 133 - 134 - 137 - 138 - 139 - 140 - 141 - 144 - 146 - 147 - 150 - 152 - 154 - 156 - 157 - 159 - 160 - 161 - 163 - 165 - 166 - 167 - 169 - 170 - 174 - 177 - 180 - 181 - 185 - 186 - 187 - 189 - 190 - 192 - 195 - 196 - 198 - 199 - 201 - 203 - 204 - 205 - 206 - 207 - 209 - 212 - 213 - 214 - 215 - 216 - 220 - 222 - 223 - 224 - 227 - 228 - 229 - 230 - 231 - 235 - 236 - 237 - 239 - 242 - 244 - 246 - 248 - 250 - 252 - 253 - 256 - 257 - 258 - 259 - 261 - 262 - 263 - 264 - 265 - 266 - 268 - 269 - 270 - 274 - 275 - 276 - 277 - 279 - 280 - 281 - 282 - 283 - 284 - 285 - 286 - 287 - 288 - 289 - 292 - 294 - 295 - 296 - 298 - 303 - 304 - 310 - 311 - 312 - 313 - 314 - 318 - 319 - 320 - 321 - 322 - 324 - 326 - 329 - 331 - 332 - 333 - 334 - 336 - 337 - 339 - 340 - 341 - 342 - 346 - 349 - 351 - 353 - 356 - 357 - 358 - 360 - 361 - 363 - 366 - 368 - 369 - 371 - 372 - 373 - 375 - 377 - 378 - 380 - 381 - 386 - 387 - 389 - 390 - 394 - 396 - 397 - 400 - 401 - 402 - 403 - 404 - 406 - 408 - 410 - 411 - 413 - 414 - 415 - 419 - 420 - 421 - 423 - 424 - 425 - 426 - 427 - 429 - 430 - 433 - 435 - 436 - 437 - 442 - 445 - 446 - 447 - 449 - 451 - 452 - 453 - 455 - 457 - 459 - 464 - 465 - 466 - 467 - 468 - 474 - 475 - 477 - 478 - 480 - 482 - 488 - 490 - 491 - 492 - 493 - 494 - 495 - 496 - 499,22020717.2,0.1,90116,95015,100.79,Cost: 90116 & Capacity: 95015
1 - 2 - 3 - 4 - 5 - 6 - 7 - 8 - 9 - 10 - 12 - 13 - 14 - 15 - 16 - 17 - 20 - 21 - 22 - 23 - 24 - 26 - 27 - 28 - 30 - 31 - 32 - 34 - 35 - 38 - 39 - 40 - 45 - 46 - 47 - 48 - 49 - 51 - 52 - 53 - 54 - 55 - 58 - 59 - 60 - 62 - 66 - 70 - 71 - 72 - 73 - 74 - 75 - 76 - 77 - 78 - 82 - 86 - 88 - 91 - 92 - 93 - 94 - 95 - 102 - 103 - 104 - 108 - 109 - 110 - 111 - 112 - 113 - 114 - 116 - 117 - 118 - 119 - 121 - 122 - 123 - 124 - 130 - 131 - 133 - 134 - 137 - 139 - 140 - 141 - 144 - 146 - 147 - 150 - 152 - 154 - 156 - 157 - 159 - 160 - 161 - 163 - 165 - 166 - 167 - 169 - 170 - 174 - 177 - 180 - 181 - 185 - 186 - 187 - 189 - 190 - 192 - 195 - 196 - 198 - 199 - 201 - 203 - 204 - 205 - 206 - 207 - 209 - 212 - 213 - 214 - 215 - 216 - 220 - 222 - 223 - 224 - 227 - 228 - 229 - 230 - 231 - 235 - 236 - 237 - 239 - 242 - 244 - 246 - 248 - 250 - 252 - 253 - 256 - 257 - 258 - 259 - 261 - 262 - 263 - 264 - 265 - 266 - 268 - 269 - 270 - 274 - 275 - 276 - 277 - 279 - 280 - 281 - 282 - 283 - 284 - 285 - 286 - 287 - 288 - 289 - 292 - 295 - 296 - 298 - 303 - 304 - 310 - 311 - 312 - 313 - 314 - 316 - 318 - 319 - 320 - 321 - 322 - 324 - 326 - 329 - 331 - 332 - 333 - 334 - 336 - 337 - 339 - 340 - 341 - 342 - 346 - 349 - 351 - 353 - 356 - 357 - 358 - 360 - 363 - 366 - 368 - 369 - 371 - 372 - 373 - 375 - 377 - 378 - 380 - 381 - 382 - 386 - 387 - 389 - 390 - 393 - 394 - 396 - 397 - 400 - 401 - 402 - 403 - 404 - 406 - 408 - 410 - 411 - 413 - 414 - 415 - 419 - 420 - 421 - 423 - 424 - 425 - 426 - 427 - 429 - 430 - 433 - 435 - 436 - 437 - 442 - 445 - 446 - 447 - 449 - 450 - 451 - 452 - 453 - 455 - 457 - 459 - 464 - 465 - 466 - 467 - 468 - 474 - 475 - 477 - 478 - 480 - 482 - 488 - 490 - 491 - 492 - 493 - 494 - 495 - 496 - 499,22117748.4,0.1,90115,94819,101.58,Cost: 90115 & Capacity: 94819
4 - 6 - 8 - 9 - 17 - 18 - 25 - 35 - 36 - 37 - 47 - 48 - 59 - 62 - 64 - 66 - 68 - 69 - 71 - 76 - 85 - 94 - 109 - 116 - 118 - 120 - 128 - 130 - 133 - 135 - 136 - 150 - 158 - 163 - 164 - 165 - 167 - 174 - 179 - 185 - 191 - 201 - 202 - 203 - 206 - 210 - 211 - 215 - 216 - 217 - 226 - 227 - 228 - 231 - 232 - 235 - 252 - 253 - 257 - 261 - 262 - 264 - 266 - 267 - 269 - 273 - 276 - 293 - 298 - 299 - 301 - 308 - 317 - 337 - 341 - 343 - 344 - 345 - 357 - 358 - 360 - 361 - 368 - 371 - 372 - 378 - 384 - 389 - 395 - 398 - 399 - 409 - 415 - 416 - 417 - 426 - 429 - 432 - 433 - 438 - 443 - 448 - 449 - 454 - 456 - 461 - 468 - 471 - 484 - 487 - 489 - 492 - 498,3313809.8,24.4,72500,57840,101.83,Cost: 72500 & Capacity: 57840
4 - 6 - 8 - 9 - 17 - 18 - 25 - 35 - 36 - 37 - 47 - 48 - 59 - 62 - 64 - 66 - 68 - 69 - 71 - 76 - 85 - 94 - 109 - 116 - 118 - 120 - 128 - 130 - 133 - 135 - 136 - 150 - 158 - 163 - 164 - 165 - 167 - 174 - 179 - 185 - 191 - 201 - 202 - 203 - 206 - 210 - 211 - 215 - 216 - 217 - 226 - 227 - 228 - 231 - 232 - 235 - 252 - 253 - 257 - 261 - 262 - 264 - 266 - 267 - 269 - 273 - 276 - 293 - 298 - 299 - 301 - 308 - 317 - 337 - 341 - 343 - 344 - 345 - 357 - 358 - 360 - 361 - 368 - 371 - 372 - 378 - 384 - 389 - 395 - 398 - 399 - 409 - 415 - 416 - 417 - 426 - 429 - 432 - 433 - 438 - 443 - 448 - 449 - 454 - 456 - 461 - 463 - 468 - 471 - 484 - 487 - 489 - 492 - 498,3367544.7,24.3,74284,58747,101.83,Cost: 74284 & Capacity: 58747
4 - 6 - 8 - 9 - 17 - 18 - 25 - 35 - 36 - 37 - 47 - 48 - 59 - 62 - 64 - 66 - 68 - 69 - 71 - 76 - 85 - 94 - 109 - 116 - 118 - 120 - 128 - 130 - 133 - 135 - 136 - 150 - 158 - 163 - 164 - 165 - 167 - 174 - 179 - 185 - 191 - 201 - 202 - 203 - 206 - 210 - 211 - 215 - 216 - 217 - 226 - 227 - 228 - 231 - 232 - 235 - 252 - 253 - 257 - 261 - 262 - 264 - 266 - 267 - 269 - 273 - 276 - 293 - 298 - 299 - 301 - 308 - 317 - 337 - 341 - 343 - 344 - 345 - 346 - 357 - 358 - 360 - 361 - 368 - 371 - 372 - 378 - 384 - 389 - 395 - 398 - 399 - 409 - 415 - 416 - 417 - 426 - 429 - 432 - 433 - 438 - 443 - 448 - 449 - 454 - 456 - 461 - 463 - 468 - 471 - 484 - 487 - 489 - 492 - 498,3429398.9,23.2,74697,59368,101.83,Cost: 74697 & Capacity: 59368
4 - 6 - 8 - 9 - 17 - 18 - 25 - 35 - 36 - 37 - 47 - 48 - 59 - 62 - 64 - 66 - 68 - 69 - 71 - 76 - 85 - 94 - 109 - 116 - 118 - 120 - 128 - 130 - 133 - 135 - 136 - 150 - 158 - 163 - 164 - 165 - 167 - 174 - 179 - 185 - 191 - 201 - 202 - 203 - 206 - 210 - 211 - 215 - 216 - 217 - 226 - 227 - 228 - 231 - 232 - 235 - 252 - 253 - 257 - 261 - 262 - 264 - 266 - 267 - 269 - 273 - 276 - 293 - 298 - 299 - 301 - 308 - 317 - 337 - 341 - 343 - 344 - 345 - 346 - 357 - 358 - 360 - 361 - 368 - 371 - 372 - 376 - 378 - 384 - 389 - 395 - 398 - 399 - 409 - 415 - 416 - 417 - 426 - 429 - 432 - 433 - 438 - 443 - 448 - 449 - 454 - 456 - 461 - 463 - 468 - 471 - 484 - 487 - 489 - 492 - 498,3487764.6,22.8,76110,60349,101.83,Cost: 76110 & Capacity: 60349
4 - 6 - 8 - 9 - 17 - 18 - 20 - 25 - 35 - 36 - 37 - 47 - 48 - 59 - 62 - 64 - 66 - 68 - 69 - 71 - 76 - 85 - 94 - 98 - 109 - 116 - 118 - 120 - 128 - 130 - 133 - 135 - 136 - 150 - 158 - 163 - 164 - 165 - 167 - 174 - 179 - 185 - 191 - 201 - 202 - 203 - 206 - 208 - 210 - 211 - 215 - 216 - 217 - 226 - 227 - 228 - 231 - 232 - 235 - 242 - 252 - 253 - 257 - 261 - 262 - 264 - 266 - 267 - 269 - 273 - 276 - 293 - 298 - 299 - 301 - 308 - 317 - 337 - 341 - 343 - 344 - 345 - 346 - 357 - 358 - 360 - 361 - 368 - 371 - 372 - 376 - 378 - 384 - 389 - 395 - 398 - 399 - 409 - 415 - 416 - 417 - 426 - 429 - 432 - 433 - 438 - 443 - 448 - 449 - 454 - 456 - 461 - 463 - 468 - 471 - 484 - 487 - 489 - 492 - 498,3726016.3,21.9,79140,62372,101.83,Cost: 79140 & Capacity: 62372
4 - 6 - 8 - 9 - 17 - 18 - 20 - 25 - 35 - 36 - 37 - 47 - 48 - 59 - 62 - 64 - 66 - 68 - 69 - 71 - 72 - 76 - 85 - 94 - 98 - 109 - 116 - 118 - 120 - 128 - 130 - 133 - 135 - 136 - 150 - 158 - 163 - 164 - 165 - 167 - 174 - 179 - 185 - 191 - 201 - 202 - 203 - 206 - 208 - 210 - 211 - 215 - 216 - 217 - 226 - 227 - 228 - 231 - 232 - 235 - 242 - 252 - 253 - 257 - 261 - 262 - 264 - 266 - 267 - 269 - 273 - 276 - 293 - 298 - 299 - 301 - 308 - 317 - 337 - 341 - 343 - 344 - 345 - 346 - 357 - 358 - 360 - 361 - 368 - 371 - 372 - 376 - 378 - 384 - 389 - 395 - 398 - 399 - 409 - 415 - 416 - 417 - 426 - 429 - 432 - 433 - 438 - 443 - 448 - 449 - 454 - 456 - 461 - 463 - 468 - 471 - 484 - 487 - 489 - 492 - 498,3788120.0,21.8,79566,62624,101.83,Cost: 79566 & Capacity: 62624
4 - 6 - 8 - 9 - 17 - 18 - 20 - 25 - 35 - 36 - 37 - 47 - 48 - 59 - 62 - 64 - 66 - 68 - 69 - 71 - 72 - 74 - 76 - 85 - 94 - 98 - 109 - 116 - 118 - 120 - 128 - 130 - 133 - 135 - 136 - 150 - 158 - 163 - 164 - 165 - 167 - 174 - 179 - 185 - 191 - 201 - 202 - 203 - 206 - 208 - 210 - 211 - 215 - 216 - 217 - 226 - 227 - 228 - 231 - 232 - 235 - 242 - 252 - 253 - 257 - 261 - 262 - 264 - 266 - 267 - 269 - 273 - 276 - 293 - 298 - 299 - 301 - 308 - 317 - 337 - 341 - 343 - 344 - 345 - 346 - 357 - 358 - 360 - 361 - 368 - 371 - 372 - 376 - 378 - 384 - 389 - 395 - 398 - 399 - 409 - 415 - 416 - 417 - 426 - 429 - 432 - 433 - 438 - 443 - 448 - 449 - 454 - 456 - 461 - 463 - 468 - 471 - 484 - 487 - 489 - 492 - 498,3846537.5,21.6,79825,62794,101.83,Cost: 79825 & Capacity: 62794
4 - 6 - 8 - 9 - 15 - 17 - 18 - 20 - 25 - 35 - 36 - 37 - 47 - 48 - 59 - 62 - 64 - 66 - 68 - 69 - 71 - 72 - 74 - 76 - 85 - 94 - 98 - 109 - 116 - 118 - 120 - 128 - 130 - 133 - 135 - 136 - 150 - 158 - 163 - 164 - 165 - 167 - 174 - 179 - 185 - 191 - 201 - 202 - 203 - 206 - 208 - 210 - 211 - 215 - 216 - 217 - 226 - 227 - 228 - 231 - 232 - 235 - 242 - 252 - 253 - 257 - 261 - 262 - 264 - 266 - 267 - 269 - 273 - 276 - 293 - 298 - 299 - 301 - 308 - 317 - 337 - 341 - 343 - 344 - 345 - 346 - 357 - 358 - 360 - 361 - 368 - 371 - 372 - 376 - 378 - 384 - 389 - 395 - 398 - 399 - 409 - 415 - 416 - 417 - 426 - 429 - 432 - 433 - 438 - 443 - 448 - 449 - 454 - 456 - 461 - 463 - 468 - 471 - 484 - 487 - 489 - 492 - 498,3904478.5,21.0,80064,63084,101.83,Cost: 80064 & Capacity: 63084
4 - 6 - 8 - 9 - 15 - 17 - 18 - 20 - 25 - 35 - 36 - 37 - 47 - 48 - 59 - 62 - 64 - 66 - 68 - 69 - 71 - 72 - 74 - 76 - 85 - 94 - 98 - 109 - 116 - 118 - 120 - 128 - 130 - 133 - 135 - 136 - 150 - 158 - 163 - 164 - 165 - 167 - 169 - 174 - 179 - 185 - 191 - 201 - 202 - 203 - 206 - 208 - 210 - 211 - 215 - 216 - 217 - 226 - 227 - 228 - 231 - 232 - 235 - 242 - 252 - 253 - 257 - 261 - 262 - 264 - 266 - 267 - 269 - 273 - 276 - 293 - 298 - 299 - 301 - 308 - 317 - 337 - 341 - 343 - 344 - 345 - 346 - 357 - 358 - 360 - 361 - 368 - 371 - 372 - 376 - 378 - 384 - 389 - 395 - 398 - 399 - 409 - 415 - 416 - 417 - 426 - 429 - 432 - 433 - 438 - 443 - 448 - 449 - 454 - 456 - 461 - 463 - 468 - 471 - 484 - 487 - 489 - 492 - 498,3966410.1,20.6,80305,63209,101.83,Cost: 80305 & Capacity: 63209
4 - 6 - 8 - 9 - 15 - 17 - 18 - 20 - 25 - 35 - 36 - 37 - 47 - 48 - 59 - 62 - 64 - 66 - 68 - 69 - 71 - 72 - 74 - 76 - 85 - 94 - 98 - 109 - 116 - 118 - 120 - 128 - 130 - 133 - 135 - 136 - 150 - 158 - 163 - 164 - 165 - 167 - 169 - 174 - 179 - 185 - 191 - 201 - 202 - 203 - 206 - 208 - 210 - 211 - 215 - 216 - 217 - 226 - 227 - 228 - 231 - 232 - 235 - 242 - 252 - 253 - 257 - 261 - 262 - 264 - 266 - 267 - 269 - 273 - 276 - 293 - 298 - 299 - 301 - 308 - 317 - 337 - 341 - 343 - 344 - 345 - 346 - 357 - 358 - 360 - 361 - 368 - 371 - 372 - 376 - 378 - 384 - 389 - 395 - 398 - 399 - 409 - 415 - 416 - 417 - 426 - 429 - 432 - 433 - 438 - 443 - 444 - 448 - 449 - 454 - 456 - 461 - 463 - 468 - 471 - 484 - 487 - 489 - 492 - 498,4030912.4,20.4,80954,63797,101.83,Cost: 80954 & Capacity: 63797
4 - 6 - 8 - 9 - 15 - 17 - 18 - 20 - 25 - 35 - 36 - 37 - 47 - 48 - 59 - 62 - 64 - 66 - 68 - 69 - 71 - 72 - 74 - 76 - 85 - 94 - 98 - 109 - 116 - 118 - 120 - 128 - 130 - 133 - 135 - 136 - 150 - 158 - 163 - 164 - 165 - 167 - 169 - 174 - 179 - 185 - 191 - 201 - 202 - 203 - 206 - 208 - 210 - 211 - 215 - 216 - 217 - 226 - 227 - 228 - 231 - 232 - 235 - 241 - 242 - 252 - 253 - 257 - 261 - 262 - 264 - 266 - 267 - 269 - 273 - 276 - 293 - 298 - 299 - 301 - 308 - 317 - 337 - 341 - 343 - 344 - 345 - 346 - 357 - 358 - 360 - 361 - 368 - 371 - 372 - 376 - 378 - 384 - 389 - 395 - 398 - 399 - 409 - 415 - 416 - 417 - 426 - 429 - 432 - 433 - 438 - 443 - 444 - 448 - 449 - 454 - 456 - 461 - 463 - 468 - 471 - 484 - 487 - 489 - 492 - 498,4092829.2,20.3,82625,64746,101.83,Cost: 82625 & Capacity: 64746
1 - 2 - 3 - 4 - 5 - 6 - 7 - 8 - 9 - 10 - 12 - 13 - 14 - 15 - 16 - 17 - 20 - 21 - 22 - 23 - 24 - 25 - 26 - 27 - 28 - 30 - 31 - 34 - 35 - 38 - 39 - 40 - 45 - 46 - 47 - 48 - 49 - 51 - 52 - 53 - 54 - 55 - 58 - 59 - 60 - 62 - 66 - 70 - 71 - 72 - 73 - 74 - 75 - 76 - 77 - 78 - 82 - 86 - 88 - 91 - 92 - 93 - 94 - 95 - 102 - 103 - 104 - 108 - 109 - 110 - 111 - 112 - 113 - 114 - 116 - 117 - 118 - 119 - 121 - 122 - 123 - 124 - 130 - 131 - 133 - 134 - 137 - 138 - 139 - 140 - 141 - 144 - 146 - 147 - 150 - 152 - 154 - 156 - 157 - 159 - 160 - 161 - 163 - 165 - 166 - 167 - 169 - 170 - 174 - 177 - 180 - 181 - 185 - 186 - 187 - 189 - 190 - 192 - 195 - 196 - 198 - 199 - 201 - 203 - 204 - 205 - 206 - 207 - 209 - 212 - 213 - 214 - 215 - 216 - 220 - 222 - 223 - 224 - 227 - 228 - 229 - 230 - 231 - 235 - 236 - 237 - 239 - 242 - 244 - 246 - 248 - 250 - 252 - 253 - 256 - 257 - 258 - 259 - 261 - 262 - 263 - 264 - 265 - 266 - 268 - 269 - 270 - 274 - 275 - 276 - 277 - 279 - 280 - 281 - 282 - 283 - 284 - 285 - 286 - 287 - 288 - 289 - 292 - 294 - 295 - 296 - 298 - 303 - 304 - 310 - 311 - 312 - 313 - 314 - 318 - 319 - 320 - 321 - 322 - 324 - 326 - 329 - 331 - 332 - 333 - 334 - 336 - 337 - 339 - 340 - 341 - 342 - 346 - 349 - 351 - 353 - 356 - 357 - 358 - 360 - 361 - 363 - 366 - 368 - 369 - 371 - 372 - 373 - 375 - 377 - 378 - 380 - 381 - 386 - 387 - 389 - 390 - 394 - 396 - 397 - 400 - 401 - 402 - 403 - 404 - 406 - 408 - 410 - 411 - 413 - 414 - 415 - 419 - 420 - 421 - 423 - 424 - 425 - 426 - 427 - 429 - 430 - 433 - 435 - 436 - 437 - 442 - 445 - 446 - 447 - 449 - 451 - 452 - 453 - 455 - 457 - 459 - 464 - 465 - 466 - 467 - 468 - 474 - 475 - 477 - 478 - 480 - 482 - 488 - 490 - 491 - 492 - 493 - 494 - 495 - 496 - 499,22020717.2,0.1,90116,95015,102.07,Cost: 90116 & Capacity: 95015
1 - 2 - 3 - 4 - 5 - 6 - 7 - 8 - 10 - 12 - 13 - 14 - 15 - 16 - 17 - 20 - 21 - 22 - 23 - 24 - 26 - 27 - 28 - 30 - 31 - 32 - 34 - 35 - 38 - 39 - 40 - 45 - 46 - 47 - 48 - 49 - 51 - 52 - 53 - 54 - 55 - 58 - 59 - 60 - 62 - 66 - 70 - 71 - 72 - 73 - 74 - 75 - 76 - 77 - 78 - 82 - 86 - 88 - 91 - 92 - 93 - 94 - 95 - 102 - 103 - 104 - 108 - 109 - 110 - 111 - 112 - 113 - 114 - 116 - 117 - 118 - 119 - 121 - 122 - 123 - 124 - 130 - 131 - 133 - 134 - 137 - 139 - 140 - 141 - 144 - 147 - 150 - 151 - 152 - 154 - 156 - 157 - 159 - 160 - 161 - 163 - 165 - 166 - 167 - 169 - 170 - 174 - 177 - 180 - 181 - 185 - 186 - 187 - 189 - 190 - 192 - 195 - 196 - 199 - 201 - 203 - 204 - 205 - 206 - 207 - 209 - 212 - 213 - 214 - 215 - 216 - 220 - 223 - 224 - 225 - 227 - 228 - 229 - 230 - 231 - 235 - 236 - 237 - 239 - 242 - 244 - 246 - 248 - 250 - 252 - 253 - 256 - 257 - 258 - 259 - 261 - 262 - 263 - 264 - 265 - 266 - 268 - 269 - 270 - 274 - 275 - 276 - 277 - 279 - 280 - 281 - 282 - 283 - 284 - 285 - 286 - 287 - 288 - 289 - 292 - 294 - 295 - 296 - 298 - 303 - 304 - 310 - 311 - 312 - 313 - 314 - 318 - 319 - 320 - 321 - 322 - 324 - 326 - 329 - 331 - 332 - 333 - 334 - 336 - 337 - 339 - 340 - 341 - 342 - 346 - 349 - 351 - 353 - 355 - 356 - 357 - 358 - 360 - 361 - 363 - 366 - 368 - 369 - 371 - 372 - 373 - 375 - 377 - 378 - 380 - 381 - 382 - 386 - 387 - 389 - 390 - 393 - 394 - 396 - 397 - 400 - 401 - 402 - 403 - 404 - 406 - 408 - 410 - 411 - 413 - 414 - 415 - 419 - 420 - 421 - 423 - 424 - 425 - 426 - 427 - 429 - 430 - 433 - 435 - 436 - 437 - 438 - 442 - 445 - 446 - 447 - 449 - 451 - 452 - 453 - 455 - 457 - 459 - 464 - 465 - 466 - 467 - 468 - 474 - 475 - 477 - 478 - 480 - 482 - 488 - 490 - 491 - 492 - 493 - 494 - 495 - 496 - 499,22191308.5,0.1,90117,95023,102.82,Cost: 90117 & Capacity: 95023
1 - 2 - 3 - 4 - 5 - 6 - 7 - 8 - 9 - 10 - 12 - 13 - 14 - 15 - 16 - 17 - 20 - 21 - 22 - 23 - 24 - 25 - 26 - 27 - 28 - 30 - 31 - 34 - 35 - 38 - 39 - 40 - 45 - 46 - 47 - 48 - 49 - 51 - 52 - 53 - 54 - 55 - 58 - 59 - 60 - 62 - 66 - 70 - 71 - 72 - 73 - 74 - 75 - 76 - 77 - 78 - 82 - 86 - 88 - 91 - 92 - 93 - 94 - 95 - 102 - 103 - 104 - 108 - 109 - 110 - 111 - 112 - 113 - 114 - 116 - 117 - 118 - 119 - 121 - 122 - 123 - 124 - 130 - 131 - 133 - 134 - 137 - 138 - 139 - 140 - 141 - 144 - 146 - 147 - 150 - 152 - 154 - 156 - 157 - 159 - 160 - 161 - 163 - 165 - 166 - 167 - 169 - 170 - 174 - 177 - 180 - 181 - 185 - 186 - 187 - 189 - 190 - 192 - 195 - 196 - 198 - 199 - 201 - 203 - 204 - 205 - 206 - 207 - 209 - 212 - 213 - 214 - 215 - 216 - 220 - 222 - 223 - 224 - 227 - 228 - 229 - 230 - 231 - 235 - 236 - 237 - 239 - 242 - 244 - 246 - 248 - 250 - 252 - 253 - 256 - 257 - 258 - 259 - 261 - 262 - 263 - 264 - 265 - 266 - 268 - 269 - 270 - 274 - 275 - 276 - 277 - 279 - 280 - 281 - 282 - 283 - 284 - 285 - 286 - 287 - 288 - 289 - 292 - 294 - 295 - 296 - 298 - 303 - 304 - 310 - 311 - 312 - 313 - 314 - 318 - 319 - 320 - 321 - 322 - 324 - 326 - 329 - 331 - 332 - 333 - 334 - 336 - 337 - 339 - 340 - 341 - 342 - 346 - 349 - 351 - 353 - 356 - 357 - 358 - 360 - 361 - 363 - 366 - 368 - 369 - 371 - 372 - 373 - 375 - 377 - 378 - 380 - 381 - 386 - 387 - 389 - 390 - 394 - 396 - 397 - 400 - 401 - 402 - 403 - 404 - 406 - 408 - 410 - 411 - 413 - 414 - 415 - 419 - 420 - 421 - 423 - 424 - 425 - 426 - 427 - 429 - 430 - 433 - 435 - 436 - 437 - 442 - 445 - 446 - 447 - 449 - 451 - 452 - 453 - 455 - 457 - 459 - 464 - 465 - 466 - 467 - 468 - 474 - 475 - 477 - 478 - 480 - 482 - 488 - 490 - 491 - 492 - 493 - 494 - 495 - 496 - 499,22020717.2,0.1,90116,95015,105.22,Cost: 90116 & Capacity: 95015
1 - 2 - 3 - 4 - 5 - 6 - 7 - 8 - 9 - 10 - 12 - 13 - 14 - 15 - 16 - 17 - 20 - 21 - 22 - 23 - 24 - 25 - 26 - 27 - 28 - 30 - 31 - 34 - 35 - 38 - 39 - 40 - 45 - 46 - 47 - 48 - 49 - 51 - 52 - 53 - 54 - 55 - 58 - 59 - 60 - 62 - 66 - 70 - 71 - 72 - 73 - 74 - 75 - 76 - 77 - 78 - 82 - 86 - 88 - 91 - 92 - 93 - 94 - 95 - 102 - 103 - 104 - 108 - 109 - 110 - 111 - 112 - 113 - 114 - 116 - 117 - 118 - 119 - 121 - 122 - 123 - 124 - 130 - 131 - 133 - 134 - 137 - 138 - 139 - 140 - 141 - 144 - 146 - 147 - 150 - 152 - 154 - 156 - 157 - 159 - 160 - 161 - 163 - 165 - 166 - 167 - 169 - 170 - 174 - 177 - 180 - 181 - 185 - 186 - 187 - 189 - 190 - 192 - 195 - 196 - 198 - 199 - 201 - 203 - 204 - 205 - 206 - 207 - 209 - 212 - 213 - 214 - 215 - 216 - 220 - 222 - 223 - 224 - 227 - 228 - 229 - 230 - 231 - 235 - 236 - 237 - 239 - 242 - 244 - 246 - 248 - 250 - 252 - 253 - 256 - 257 - 258 - 259 - 261 - 262 - 263 - 264 - 265 - 266 - 268 - 269 - 270 - 274 - 275 - 276 - 277 - 279 - 280 - 281 - 282 - 283 - 284 - 285 - 286 - 287 - 288 - 289 - 292 - 294 - 295 - 296 - 298 - 303 - 304 - 310 - 311 - 312 - 313 - 314 - 318 - 319 - 320 - 321 - 322 - 324 - 326 - 329 - 331 - 332 - 333 - 334 - 336 - 337 - 339 - 340 - 341 - 342 - 346 - 349 - 351 - 353 - 356 - 357 - 358 - 360 - 361 - 363 - 366 - 368 - 369 - 371 - 372 - 373 - 375 - 377 - 378 - 380 - 381 - 386 - 387 - 389 - 390 - 394 - 396 - 397 - 400 - 401 - 402 - 403 - 404 - 406 - 408 - 410 - 411 - 413 - 414 - 415 - 419 - 420 - 421 - 423 - 424 - 425 - 426 - 427 - 429 - 430 - 433 - 435 - 436 - 437 - 442 - 445 - 446 - 447 - 449 - 451 - 452 - 453 - 455 - 457 - 459 - 464 - 465 - 466 - 467 - 468 - 474 - 475 - 477 - 478 - 480 - 482 - 488 - 490 - 491 - 492 - 493 - 494 - 495 - 496 - 499,22020717.2,0.1,90116,95015,106.89,Cost: 90116 & Capacity: 95015
1 - 2 - 3 - 4 - 6 - 8 - 9 - 10 - 12 - 13 - 14 - 15 - 16 - 17 - 20 - 21 - 22 - 23 - 24 - 25 - 27 - 28 - 30 - 31 - 34 - 35 - 38 - 39 - 40 - 45 - 46 - 47 - 48 - 49 - 51 - 52 - 53 - 54 - 55 - 58 - 59 - 60 - 62 - 64 - 66 - 70 - 71 - 72 - 73 - 74 - 75 - 77 - 78 - 86 - 88 - 90 - 91 - 92 - 93 - 94 - 95 - 102 - 103 - 104 - 108 - 109 - 110 - 111 - 112 - 113 - 114 - 116 - 117 - 118 - 119 - 121 - 122 - 123 - 130 - 131 - 132 - 133 - 134 - 137 - 138 - 140 - 144 - 146 - 147 - 150 - 152 - 156 - 157 - 159 - 160 - 161 - 163 - 165 - 166 - 167 - 169 - 170 - 171 - 172 - 174 - 180 - 181 - 184 - 185 - 186 - 189 - 193 - 195 - 196 - 198 - 201 - 202 - 203 - 205 - 206 - 207 - 209 - 212 - 213 - 214 - 215 - 216 - 217 - 220 - 222 - 223 - 227 - 228 - 229 - 231 - 235 - 236 - 237 - 239 - 242 - 244 - 246 - 248 - 250 - 252 - 253 - 257 - 258 - 259 - 261 - 262 - 263 - 265 - 266 - 268 - 269 - 270 - 272 - 273 - 274 - 275 - 276 - 277 - 279 - 280 - 282 - 284 - 285 - 286 - 287 - 288 - 289 - 292 - 294 - 295 - 296 - 298 - 303 - 304 - 310 - 312 - 313 - 314 - 319 - 320 - 322 - 324 - 326 - 329 - 331 - 332 - 333 - 334 - 336 - 337 - 339 - 340 - 341 - 342 - 346 - 349 - 351 - 353 - 356 - 357 - 358 - 360 - 361 - 363 - 366 - 369 - 372 - 373 - 375 - 377 - 378 - 381 - 382 - 383 - 385 - 386 - 387 - 390 - 392 - 394 - 396 - 397 - 400 - 401 - 403 - 404 - 406 - 408 - 410 - 413 - 414 - 415 - 420 - 421 - 424 - 425 - 426 - 427 - 429 - 430 - 433 - 437 - 442 - 444 - 445 - 446 - 447 - 449 - 451 - 452 - 454 - 455 - 457 - 459 - 464 - 465 - 466 - 467 - 475 - 477 - 478 - 480 - 482 - 483 - 488 - 489 - 491 - 493 - 494 - 495 - 499,19023292.3,1.1,90107,93018,107.66,Cost: 90107 & Capacity: 93018
1 - 2 - 3 - 4 - 5 - 6 - 7 - 8 - 9 - 10 - 12 - 13 - 14 - 15 - 16 - 17 - 20 - 21 - 22 - 23 - 24 - 26 - 27 - 28 - 30 - 31 - 32 - 34 - 35 - 38 - 39 - 40 - 45 - 46 - 47 - 48 - 49 - 51 - 52 - 53 - 54 - 55 - 58 - 59 - 60 - 62 - 66 - 70 - 71 - 72 - 73 - 74 - 75 - 76 - 77 - 78 - 82 - 86 - 88 - 91 - 92 - 93 - 94 - 95 - 102 - 103 - 104 - 108 - 109 - 110 - 111 - 112 - 113 - 114 - 116 - 117 - 118 - 119 - 121 - 122 - 123 - 124 - 130 - 131 - 133 - 134 - 137 - 139 - 140 - 141 - 144 - 146 - 147 - 150 - 152 - 154 - 156 - 157 - 159 - 160 - 161 - 163 - 165 - 166 - 167 - 169 - 170 - 174 - 177 - 180 - 181 - 185 - 186 - 187 - 189 - 190 - 192 - 195 - 196 - 198 - 199 - 201 - 203 - 204 - 205 - 206 - 207 - 209 - 212 - 213 - 214 - 215 - 216 - 220 - 222 - 223 - 224 - 227 - 228 - 229 - 230 - 231 - 235 - 236 - 237 - 239 - 242 - 244 - 246 - 248 - 250 - 252 - 253 - 256 - 257 - 258 - 259 - 261 - 262 - 263 - 264 - 265 - 266 - 268 - 269 - 270 - 274 - 275 - 276 - 277 - 279 - 280 - 281 - 282 - 283 - 284 - 285 - 286 - 287 - 288 - 289 - 292 - 295 - 296 - 298 - 303 - 304 - 310 - 311 - 312 - 313 - 314 - 316 - 318 - 319 - 320 - 321 - 322 - 324 - 326 - 329 - 331 - 332 - 333 - 334 - 336 - 337 - 339 - 340 - 341 - 342 - 346 - 349 - 351 - 353 - 356 - 357 - 358 - 360 - 363 - 366 - 368 - 369 - 371 - 372 - 373 - 375 - 377 - 378 - 380 - 381 - 382 - 386 - 387 - 389 - 390 - 393 - 394 - 396 - 397 - 400 - 401 - 402 - 403 - 404 - 406 - 408 - 410 - 411 - 413 - 414 - 415 - 419 - 420 - 421 - 423 - 424 - 425 - 426 - 427 - 429 - 430 - 433 - 435 - 436 - 437 - 442 - 445 - 446 - 447 - 449 - 450 - 451 - 452 - 453 - 455 - 457 - 459 - 464 - 465 - 466 - 467 - 468 - 474 - 475 - 477 - 478 - 480 - 482 - 488 - 490 - 491 - 492 - 493 - 494 - 495 - 496 - 499,22117748.4,0.1,90115,94819,108.77,Cost: 90115 & Capacity: 94819
1 - 2 - 3 - 4 - 5 - 6 - 7 - 8 - 9 - 10 - 12 - 13 - 14 - 15 - 16 - 17 - 20 - 21 - 22 - 23 - 24 - 25 - 26 - 27 - 28 - 30 - 31 - 34 - 35 - 38 - 39 - 40 - 45 - 46 - 47 - 48 - 49 - 51 - 52 - 53 - 54 - 55 - 58 - 59 - 60 - 62 - 66 - 70 - 71 - 72 - 73 - 74 - 75 - 76 - 77 - 78 - 82 - 86 - 88 - 91 - 92 - 93 - 94 - 95 - 102 - 103 - 104 - 108 - 109 - 110 - 111 - 112 - 113 - 114 - 116 - 117 - 118 - 119 - 121 - 122 - 123 - 124 - 130 - 131 - 133 - 134 - 137 - 138 - 139 - 140 - 141 - 144 - 146 - 147 - 150 - 152 - 154 - 156 - 157 - 159 - 160 - 161 - 163 - 165 - 166 - 167 - 169 - 170 - 174 - 177 - 180 - 181 - 185 - 186 - 187 - 189 - 190 - 192 - 195 - 196 - 198 - 199 - 201 - 203 - 204 - 205 - 206 - 207 - 209 - 212 - 213 - 214 - 215 - 216 - 220 - 222 - 223 - 224 - 227 - 228 - 229 - 230 - 231 - 235 - 236 - 237 - 239 - 242 - 244 - 246 - 248 - 250 - 252 - 253 - 256 - 257 - 258 - 259 - 261 - 262 - 263 - 264 - 265 - 266 - 268 - 269 - 270 - 274 - 275 - 276 - 277 - 279 - 280 - 281 - 282 - 283 - 284 - 285 - 286 - 287 - 288 - 289 - 292 - 294 - 295 - 296 - 298 - 303 - 304 - 310 - 311 - 312 - 313 - 314 - 318 - 319 - 320 - 321 - 322 - 324 - 326 - 329 - 331 - 332 - 333 - 334 - 336 - 337 - 339 - 340 - 341 - 342 - 346 - 349 - 351 - 353 - 356 - 357 - 358 - 360 - 361 - 363 - 366 - 368 - 369 - 371 - 372 - 373 - 375 - 377 - 378 - 380 - 381 - 386 - 387 - 389 - 390 - 394 - 396 - 397 - 400 - 401 - 402 - 403 - 404 - 406 - 408 - 410 - 411 - 413 - 414 - 415 - 419 - 420 - 421 - 423 - 424 - 425 - 426 - 427 - 429 - 430 - 433 - 435 - 436 - 437 - 442 - 445 - 446 - 447 - 449 - 451 - 452 - 453 - 455 - 457 - 459 - 464 - 465 - 466 - 467 - 468 - 474 - 475 - 477 - 478 - 480 - 482 - 488 - 490 - 491 - 492 - 493 - 494 - 495 - 496 - 499,22020717.2,0.1,90116,95015,109.24,Cost: 90116 & Capacity: 95015
1 - 2 - 3 - 4 - 5 - 6 - 7 - 8 - 9 - 10 - 12 - 13 - 14 - 15 - 16 - 17 - 20 - 21 - 22 - 23 - 24 - 25 - 26 - 27 - 28 - 30 - 31 - 34 - 35 - 38 - 39 - 40 - 45 - 46 - 47 - 48 - 49 - 51 - 52 - 53 - 54 - 55 - 58 - 59 - 60 - 62 - 66 - 70 - 71 - 72 - 73 - 74 - 75 - 76 - 77 - 78 - 82 - 86 - 88 - 91 - 92 - 93 - 94 - 95 - 102 - 103 - 104 - 108 - 109 - 110 - 111 - 112 - 113 - 114 - 116 - 117 - 118 - 119 - 121 - 122 - 123 - 124 - 130 - 131 - 133 - 134 - 137 - 138 - 139 - 140 - 141 - 144 - 146 - 147 - 150 - 152 - 154 - 156 - 157 - 159 - 160 - 161 - 163 - 165 - 166 - 167 - 169 - 170 - 174 - 177 - 180 - 181 - 185 - 186 - 187 - 189 - 190 - 192 - 195 - 196 - 198 - 199 - 201 - 203 - 204 - 205 - 206 - 207 - 209 - 212 - 213 - 214 - 215 - 216 - 220 - 222 - 223 - 224 - 227 - 228 - 229 - 230 - 231 - 235 - 236 - 237 - 239 - 242 - 244 - 246 - 248 - 250 - 252 - 253 - 256 - 257 - 258 - 259 - 261 - 262 - 263 - 264 - 265 - 266 - 268 - 269 - 270 - 274 - 275 - 276 - 277 - 279 - 280 - 281 - 282 - 283 - 284 - 285 - 286 - 287 - 288 - 289 - 292 - 294 - 295 - 296 - 298 - 303 - 304 - 310 - 311 - 312 - 313 - 314 - 318 - 319 - 320 - 321 - 322 - 324 - 326 - 329 - 331 - 332 - 333 - 334 - 336 - 337 - 339 - 340 - 341 - 342 - 346 - 349 - 351 - 353 - 356 - 357 - 358 - 360 - 361 - 363 - 366 - 368 - 369 - 371 - 372 - 373 - 375 - 377 - 378 - 380 - 381 - 386 - 387 - 389 - 390 - 394 - 396 - 397 - 400 - 401 - 402 - 403 - 404 - 406 - 408 - 410 - 411 - 413 - 414 - 415 - 419 - 420 - 421 - 423 - 424 - 425 - 426 - 427 - 429 - 430 - 433 - 435 - 436 - 437 - 442 - 445 - 446 - 447 - 449 - 451 - 452 - 453 - 455 - 457 - 459 - 464 - 465 - 466 - 467 - 468 - 474 - 475 - 477 - 478 - 480 - 482 - 488 - 490 - 491 - 492 - 493 - 494 - 495 - 496 - 499,22020717.2,0.1,90116,95015,109.54,Cost: 90116 & Capacity: 95015
