Nodes,MaxSum,MaxMin,Cost,Capacity,Time,Constraint values
6 - 10 - 14 - 16 - 22 - 36 - 41 - 42 - 43 - 47 - 48 - 55 - 59 - 60 - 64 - 68 - 69 - 71 - 78 - 79 - 80 - 82 - 87 - 94 - 99 - 115 - 116 - 124 - 128 - 136 - 154 - 155 - 156 - 177 - 181 - 186 - 189 - 193 - 197 - 201 - 204 - 210 - 220 - 222 - 243 - 245 - 253 - 273 - 274 - 280 - 281 - 282 - 291 - 296 - 301 - 312 - 321 - 327 - 330 - 332 - 335 - 337 - 342 - 343 - 350 - 352 - 356 - 361 - 366 - 373 - 375 - 381 - 386 - 390 - 393 - 398 - 400 - 401 - 403 - 404 - 408 - 411 - 413 - 416 - 419 - 421 - 423 - 425 - 430 - 431 - 443 - 446 - 450 - 457 - 463 - 477 - 478 - 480 - 485 - 493,71162.4,8.5,66672,53746,21.19,Cost: 66672 & Capacity: 53746
4 - 6 - 16 - 40 - 50 - 60 - 62 - 64 - 68 - 69 - 71 - 76 - 78 - 80 - 81 - 82 - 85 - 88 - 98 - 103 - 104 - 107 - 111 - 112 - 113 - 115 - 124 - 128 - 130 - 133 - 140 - 155 - 156 - 171 - 177 - 178 - 179 - 181 - 186 - 189 - 194 - 197 - 201 - 210 - 216 - 225 - 228 - 243 - 257 - 263 - 273 - 274 - 276 - 277 - 280 - 281 - 289 - 291 - 294 - 296 - 301 - 302 - 306 - 318 - 321 - 330 - 337 - 342 - 343 - 346 - 348 - 349 - 350 - 352 - 355 - 366 - 369 - 376 - 377 - 381 - 383 - 390 - 398 - 401 - 404 - 411 - 414 - 419 - 421 - 423 - 426 - 428 - 433 - 434 - 435 - 440 - 443 - 446 - 450 - 461 - 463 - 478 - 481 - 482 - 486 - 487 - 490 - 491,82969.5,8.4,65301,54703,26.97,Cost: 65301 & Capacity: 54703
4 - 6 - 9 - 10 - 11 - 14 - 16 - 22 - 24 - 28 - 30 - 32 - 36 - 37 - 40 - 45 - 46 - 54 - 58 - 62 - 64 - 68 - 69 - 71 - 72 - 74 - 75 - 76 - 78 - 79 - 80 - 83 - 85 - 94 - 100 - 103 - 104 - 107 - 111 - 112 - 116 - 123 - 124 - 132 - 135 - 140 - 149 - 156 - 162 - 171 - 173 - 177 - 179 - 181 - 185 - 189 - 197 - 201 - 210 - 216 - 217 - 220 - 225 - 228 - 240 - 257 - 258 - 262 - 263 - 267 - 271 - 273 - 274 - 280 - 281 - 289 - 291 - 294 - 299 - 302 - 307 - 309 - 312 - 316 - 318 - 321 - 330 - 332 - 337 - 338 - 343 - 347 - 349 - 350 - 351 - 362 - 366 - 373 - 374 - 379 - 383 - 386 - 387 - 388 - 389 - 390 - 398 - 399 - 400 - 401 - 404 - 406 - 408 - 412 - 414 - 415 - 425 - 428 - 433 - 442 - 443 - 445 - 450 - 463 - 471 - 474 - 476 - 478 - 481 - 482 - 485 - 486 - 487 - 490 - 491 - 493,129117.7,8.0,78150,66512,1.91,Cost: 78150 & Capacity: 66512
4 - 6 - 7 - 9 - 10 - 11 - 14 - 16 - 19 - 24 - 30 - 40 - 41 - 42 - 48 - 55 - 58 - 59 - 64 - 69 - 71 - 73 - 75 - 78 - 82 - 87 - 103 - 111 - 124 - 128 - 132 - 135 - 140 - 155 - 156 - 169 - 171 - 177 - 181 - 185 - 189 - 192 - 194 - 196 - 201 - 204 - 207 - 211 - 216 - 218 - 220 - 221 - 224 - 228 - 230 - 235 - 243 - 253 - 263 - 267 - 273 - 276 - 280 - 281 - 282 - 289 - 291 - 294 - 296 - 301 - 302 - 312 - 314 - 327 - 331 - 333 - 336 - 337 - 338 - 342 - 347 - 348 - 350 - 356 - 366 - 369 - 376 - 377 - 381 - 386 - 387 - 390 - 393 - 398 - 399 - 404 - 405 - 408 - 411 - 412 - 413 - 419 - 421 - 423 - 425 - 428 - 430 - 431 - 433 - 434 - 443 - 450 - 451 - 457 - 471 - 478 - 482 - 485 - 486 - 489 - 491 - 493,105222.2,8.2,73180,62441,2.44,Cost: 73180 & Capacity: 62441
0 - 1 - 2 - 4 - 5 - 6 - 8 - 10 - 11 - 12 - 14 - 15 - 16 - 18 - 19 - 20 - 22 - 24 - 26 - 27 - 29 - 30 - 34 - 35 - 36 - 40 - 41 - 42 - 43 - 44 - 45 - 46 - 49 - 50 - 52 - 57 - 58 - 60 - 61 - 63 - 64 - 66 - 67 - 68 - 71 - 72 - 74 - 75 - 77 - 78 - 79 - 80 - 81 - 82 - 83 - 85 - 86 - 87 - 88 - 90 - 91 - 92 - 97 - 98 - 99 - 101 - 102 - 103 - 105 - 106 - 108 - 110 - 112 - 114 - 115 - 116 - 117 - 118 - 120 - 121 - 122 - 123 - 124 - 125 - 126 - 127 - 128 - 129 - 130 - 131 - 133 - 134 - 135 - 137 - 138 - 140 - 141 - 142 - 145 - 146 - 147 - 149 - 150 - 152 - 157 - 158 - 159 - 160 - 162 - 163 - 164 - 165 - 167 - 169 - 171 - 172 - 173 - 174 - 178 - 179 - 181 - 182 - 184 - 185 - 187 - 188 - 189 - 191 - 192 - 194 - 197 - 202 - 204 - 205 - 207 - 208 - 211 - 215 - 216 - 217 - 220 - 222 - 225 - 226 - 227 - 228 - 229 - 232 - 234 - 235 - 236 - 237 - 239 - 241 - 242 - 246 - 247 - 249 - 251 - 252 - 253 - 254 - 255 - 257 - 259 - 260 - 263 - 267 - 269 - 271 - 273 - 274 - 276 - 278 - 279 - 281 - 283 - 286 - 290 - 293 - 294 - 295 - 297 - 298 - 299 - 302 - 305 - 306 - 309 - 310 - 311 - 312 - 314 - 315 - 316 - 318 - 319 - 320 - 321 - 323 - 324 - 326 - 329 - 330 - 331 - 336 - 337 - 338 - 340 - 341 - 343 - 347 - 350 - 351 - 352 - 354 - 355 - 356 - 358 - 359 - 361 - 366 - 368 - 370 - 371 - 372 - 373 - 374 - 378 - 379 - 380 - 381 - 382 - 383 - 384 - 387 - 389 - 390 - 391 - 394 - 396 - 397 - 399 - 401 - 402 - 404 - 405 - 406 - 408 - 409 - 410 - 411 - 413 - 414 - 415 - 419 - 423 - 426 - 427 - 429 - 431 - 434 - 436 - 437 - 438 - 439 - 440 - 441 - 442 - 443 - 444 - 447 - 451 - 454 - 455 - 456 - 457 - 458 - 461 - 462 - 463 - 464 - 469 - 470 - 471 - 473 - 474 - 479 - 480 - 482 - 483 - 485 - 487 - 489 - 490 - 495 - 498 - 499,564905.0,3.9,94811,102410,8.46,Cost: 94811 & Capacity: 102410
2 - 4 - 8 - 11 - 12 - 14 - 16 - 21 - 22 - 24 - 28 - 30 - 32 - 37 - 38 - 40 - 41 - 45 - 46 - 53 - 60 - 62 - 64 - 68 - 69 - 71 - 72 - 74 - 75 - 78 - 80 - 82 - 85 - 88 - 92 - 97 - 98 - 99 - 104 - 107 - 111 - 112 - 115 - 116 - 118 - 121 - 123 - 125 - 131 - 132 - 135 - 140 - 149 - 155 - 156 - 157 - 159 - 165 - 174 - 177 - 178 - 179 - 180 - 181 - 185 - 187 - 193 - 196 - 197 - 201 - 204 - 210 - 216 - 217 - 218 - 220 - 221 - 222 - 226 - 228 - 230 - 232 - 233 - 235 - 240 - 242 - 244 - 248 - 255 - 257 - 259 - 261 - 262 - 263 - 267 - 271 - 273 - 274 - 276 - 280 - 281 - 283 - 284 - 286 - 289 - 290 - 291 - 294 - 299 - 302 - 306 - 307 - 309 - 312 - 314 - 316 - 319 - 321 - 324 - 330 - 332 - 337 - 338 - 340 - 342 - 347 - 350 - 352 - 359 - 362 - 366 - 368 - 373 - 375 - 379 - 381 - 384 - 386 - 387 - 389 - 390 - 397 - 398 - 401 - 403 - 404 - 406 - 408 - 411 - 412 - 413 - 414 - 415 - 416 - 421 - 423 - 425 - 426 - 431 - 436 - 438 - 440 - 443 - 451 - 461 - 463 - 469 - 470 - 471 - 474 - 476 - 478 - 479 - 482 - 485 - 486 - 487 - 490 - 491 - 493 - 498,226911.2,7.4,94766,83001,12.16,Cost: 94766 & Capacity: 83001
6 - 8 - 9 - 10 - 11 - 13 - 14 - 16 - 21 - 24 - 28 - 32 - 37 - 40 - 41 - 45 - 46 - 51 - 53 - 60 - 62 - 64 - 68 - 69 - 71 - 72 - 74 - 75 - 78 - 79 - 80 - 82 - 85 - 94 - 98 - 99 - 100 - 104 - 107 - 111 - 115 - 123 - 125 - 131 - 132 - 135 - 140 - 141 - 142 - 151 - 155 - 156 - 157 - 158 - 159 - 178 - 181 - 185 - 192 - 193 - 194 - 197 - 201 - 202 - 204 - 210 - 220 - 221 - 225 - 228 - 232 - 235 - 244 - 257 - 261 - 267 - 273 - 274 - 276 - 280 - 281 - 284 - 289 - 290 - 291 - 294 - 306 - 309 - 316 - 321 - 324 - 330 - 332 - 335 - 337 - 338 - 340 - 342 - 346 - 347 - 350 - 351 - 357 - 359 - 362 - 363 - 366 - 373 - 381 - 384 - 386 - 389 - 391 - 396 - 397 - 398 - 399 - 401 - 403 - 404 - 406 - 408 - 410 - 411 - 412 - 413 - 414 - 415 - 416 - 421 - 425 - 426 - 431 - 443 - 449 - 451 - 469 - 470 - 474 - 478 - 479 - 482 - 485 - 486 - 490 - 491 - 498,150092.4,7.8,80888,69092,12.19,Cost: 80888 & Capacity: 69092
1 - 2 - 4 - 6 - 8 - 11 - 12 - 14 - 15 - 16 - 19 - 21 - 22 - 24 - 26 - 27 - 33 - 36 - 37 - 40 - 41 - 42 - 43 - 44 - 45 - 46 - 49 - 50 - 52 - 54 - 57 - 58 - 60 - 62 - 64 - 67 - 68 - 69 - 71 - 72 - 74 - 75 - 78 - 79 - 80 - 82 - 83 - 85 - 87 - 91 - 92 - 98 - 99 - 102 - 103 - 107 - 108 - 111 - 114 - 115 - 116 - 120 - 121 - 122 - 123 - 124 - 125 - 126 - 127 - 131 - 132 - 133 - 134 - 135 - 140 - 141 - 142 - 145 - 149 - 155 - 156 - 157 - 158 - 163 - 164 - 167 - 169 - 171 - 172 - 177 - 178 - 179 - 182 - 184 - 185 - 187 - 188 - 191 - 193 - 194 - 196 - 197 - 201 - 202 - 204 - 207 - 210 - 211 - 215 - 216 - 218 - 220 - 221 - 222 - 226 - 227 - 228 - 230 - 232 - 234 - 236 - 237 - 239 - 243 - 244 - 251 - 252 - 254 - 255 - 258 - 259 - 263 - 267 - 271 - 273 - 274 - 276 - 278 - 279 - 281 - 283 - 286 - 289 - 291 - 293 - 294 - 295 - 299 - 302 - 305 - 306 - 307 - 309 - 310 - 311 - 312 - 313 - 314 - 315 - 316 - 318 - 319 - 320 - 321 - 329 - 331 - 336 - 337 - 338 - 340 - 341 - 351 - 354 - 355 - 356 - 358 - 359 - 360 - 362 - 366 - 368 - 373 - 374 - 377 - 378 - 379 - 381 - 382 - 383 - 387 - 389 - 390 - 391 - 397 - 398 - 399 - 401 - 404 - 405 - 406 - 408 - 409 - 410 - 411 - 416 - 419 - 421 - 423 - 426 - 428 - 429 - 431 - 434 - 436 - 438 - 439 - 440 - 441 - 443 - 450 - 451 - 452 - 454 - 458 - 461 - 462 - 463 - 469 - 470 - 471 - 473 - 474 - 476 - 478 - 479 - 480 - 482 - 483 - 486 - 487 - 489 - 490 - 493 - 498,394265.4,6.2,94793,88068,24.52,Cost: 94793 & Capacity: 88068
1 - 2 - 4 - 6 - 8 - 11 - 12 - 14 - 15 - 16 - 19 - 21 - 22 - 23 - 24 - 26 - 27 - 34 - 37 - 40 - 41 - 42 - 43 - 44 - 45 - 46 - 50 - 54 - 57 - 58 - 60 - 62 - 64 - 67 - 69 - 71 - 72 - 74 - 75 - 78 - 79 - 80 - 82 - 85 - 91 - 92 - 98 - 99 - 102 - 103 - 107 - 108 - 113 - 115 - 116 - 117 - 118 - 120 - 121 - 122 - 123 - 124 - 126 - 127 - 130 - 131 - 132 - 133 - 134 - 135 - 141 - 145 - 153 - 154 - 155 - 156 - 157 - 160 - 163 - 164 - 169 - 171 - 174 - 177 - 179 - 182 - 185 - 187 - 191 - 193 - 194 - 196 - 197 - 201 - 202 - 204 - 207 - 214 - 215 - 216 - 217 - 218 - 221 - 226 - 228 - 230 - 232 - 236 - 237 - 243 - 244 - 245 - 252 - 254 - 255 - 258 - 259 - 263 - 271 - 272 - 273 - 274 - 276 - 279 - 281 - 284 - 285 - 286 - 289 - 291 - 293 - 294 - 295 - 300 - 302 - 305 - 306 - 307 - 309 - 310 - 311 - 312 - 313 - 314 - 315 - 316 - 318 - 319 - 320 - 321 - 337 - 338 - 340 - 341 - 349 - 351 - 354 - 355 - 356 - 359 - 360 - 362 - 366 - 373 - 374 - 377 - 378 - 379 - 381 - 383 - 387 - 389 - 390 - 391 - 397 - 398 - 399 - 401 - 404 - 405 - 406 - 408 - 409 - 410 - 411 - 414 - 416 - 419 - 421 - 423 - 426 - 428 - 431 - 434 - 436 - 438 - 439 - 440 - 443 - 445 - 449 - 450 - 451 - 452 - 454 - 458 - 462 - 463 - 469 - 470 - 471 - 473 - 476 - 478 - 482 - 486 - 489 - 490 - 492 - 493 - 498,324540.9,6.6,94795,85696,24.55,Cost: 94795 & Capacity: 85696
1 - 2 - 3 - 4 - 6 - 8 - 11 - 12 - 14 - 15 - 16 - 19 - 21 - 22 - 24 - 26 - 27 - 28 - 30 - 34 - 36 - 37 - 40 - 41 - 42 - 43 - 45 - 46 - 49 - 50 - 54 - 57 - 58 - 60 - 62 - 63 - 64 - 67 - 68 - 69 - 71 - 72 - 74 - 75 - 78 - 79 - 80 - 82 - 83 - 85 - 91 - 92 - 98 - 99 - 102 - 103 - 107 - 108 - 111 - 113 - 115 - 116 - 120 - 121 - 122 - 123 - 124 - 126 - 127 - 131 - 132 - 134 - 135 - 145 - 153 - 154 - 155 - 156 - 157 - 158 - 160 - 163 - 165 - 167 - 169 - 171 - 174 - 177 - 178 - 179 - 182 - 184 - 185 - 187 - 188 - 191 - 193 - 194 - 196 - 197 - 201 - 202 - 204 - 207 - 210 - 215 - 216 - 217 - 218 - 220 - 221 - 226 - 228 - 230 - 232 - 236 - 237 - 242 - 244 - 254 - 255 - 258 - 259 - 263 - 271 - 273 - 274 - 276 - 278 - 279 - 281 - 284 - 285 - 286 - 289 - 291 - 293 - 294 - 295 - 302 - 305 - 306 - 309 - 310 - 311 - 312 - 313 - 314 - 315 - 316 - 318 - 319 - 320 - 321 - 329 - 331 - 336 - 337 - 338 - 340 - 341 - 342 - 351 - 354 - 355 - 356 - 359 - 362 - 366 - 373 - 374 - 377 - 378 - 379 - 380 - 381 - 383 - 387 - 389 - 390 - 391 - 393 - 396 - 397 - 398 - 399 - 401 - 404 - 405 - 406 - 408 - 409 - 410 - 411 - 416 - 419 - 421 - 423 - 426 - 428 - 431 - 434 - 436 - 438 - 440 - 443 - 450 - 451 - 452 - 454 - 461 - 462 - 463 - 469 - 470 - 471 - 473 - 476 - 478 - 480 - 482 - 483 - 486 - 487 - 489 - 491 - 493 - 498,347006.3,6.5,94732,88186,29.57,Cost: 94732 & Capacity: 88186
0 - 1 - 2 - 4 - 5 - 6 - 8 - 10 - 11 - 12 - 14 - 15 - 16 - 18 - 19 - 20 - 22 - 24 - 26 - 27 - 29 - 30 - 34 - 35 - 36 - 40 - 41 - 42 - 43 - 44 - 45 - 46 - 49 - 50 - 52 - 54 - 57 - 58 - 60 - 61 - 63 - 64 - 66 - 67 - 68 - 70 - 71 - 72 - 74 - 75 - 77 - 78 - 79 - 80 - 81 - 82 - 83 - 85 - 86 - 87 - 88 - 90 - 91 - 92 - 97 - 98 - 99 - 101 - 102 - 103 - 105 - 106 - 108 - 110 - 112 - 114 - 115 - 116 - 117 - 118 - 120 - 121 - 122 - 123 - 124 - 125 - 126 - 127 - 129 - 130 - 131 - 133 - 134 - 135 - 137 - 140 - 141 - 142 - 145 - 146 - 147 - 149 - 150 - 152 - 157 - 158 - 159 - 162 - 163 - 164 - 165 - 167 - 169 - 171 - 172 - 173 - 174 - 178 - 179 - 181 - 182 - 184 - 185 - 187 - 188 - 189 - 191 - 192 - 194 - 196 - 197 - 202 - 204 - 205 - 207 - 208 - 211 - 212 - 215 - 216 - 217 - 220 - 222 - 225 - 226 - 227 - 228 - 229 - 232 - 234 - 235 - 236 - 237 - 239 - 241 - 242 - 246 - 247 - 249 - 251 - 252 - 253 - 254 - 255 - 257 - 259 - 260 - 263 - 267 - 269 - 271 - 273 - 274 - 276 - 278 - 279 - 281 - 283 - 286 - 290 - 293 - 294 - 295 - 297 - 298 - 299 - 302 - 305 - 306 - 309 - 310 - 311 - 312 - 314 - 315 - 316 - 318 - 319 - 320 - 321 - 323 - 324 - 326 - 329 - 330 - 331 - 337 - 338 - 340 - 341 - 343 - 347 - 350 - 351 - 352 - 354 - 355 - 356 - 358 - 359 - 361 - 366 - 368 - 370 - 371 - 372 - 373 - 374 - 378 - 379 - 380 - 381 - 382 - 383 - 384 - 387 - 389 - 390 - 391 - 394 - 396 - 397 - 399 - 401 - 402 - 404 - 405 - 406 - 408 - 409 - 410 - 411 - 413 - 414 - 415 - 419 - 423 - 426 - 427 - 429 - 431 - 434 - 436 - 437 - 438 - 439 - 440 - 441 - 442 - 443 - 444 - 447 - 451 - 454 - 455 - 456 - 457 - 458 - 461 - 462 - 463 - 464 - 469 - 470 - 471 - 473 - 474 - 479 - 480 - 482 - 483 - 485 - 487 - 489 - 490 - 495 - 498 - 499,565484.0,3.8,94815,102236,31.87,Cost: 94815 & Capacity: 102236
4 - 10 - 16 - 21 - 42 - 43 - 48 - 60 - 64 - 73 - 78 - 80 - 82 - 111 - 118 - 135 - 142 - 163 - 173 - 181 - 185 - 186 - 189 - 194 - 218 - 223 - 228 - 240 - 243 - 248 - 261 - 271 - 274 - 276 - 281 - 282 - 283 - 284 - 289 - 291 - 294 - 296 - 301 - 302 - 312 - 330 - 332 - 336 - 342 - 343 - 346 - 353 - 357 - 360 - 366 - 372 - 373 - 376 - 381 - 385 - 389 - 390 - 398 - 404 - 411 - 412 - 413 - 419 - 421 - 425 - 428 - 430 - 431 - 433 - 450 - 454 - 463 - 478 - 479 - 484 - 486 - 491 - 493 - 494 - 498,51159.2,8.9,62933,51542,32.45,Cost: 62933 & Capacity: 51542
0 - 1 - 2 - 4 - 5 - 6 - 8 - 10 - 11 - 12 - 14 - 15 - 16 - 18 - 19 - 20 - 22 - 24 - 26 - 27 - 29 - 30 - 31 - 34 - 35 - 36 - 40 - 41 - 42 - 43 - 44 - 45 - 46 - 49 - 50 - 52 - 57 - 58 - 60 - 61 - 63 - 64 - 66 - 67 - 68 - 71 - 72 - 74 - 75 - 77 - 78 - 79 - 80 - 81 - 82 - 83 - 85 - 86 - 87 - 88 - 90 - 91 - 92 - 97 - 98 - 99 - 101 - 102 - 103 - 105 - 106 - 108 - 110 - 112 - 114 - 115 - 116 - 117 - 118 - 120 - 121 - 122 - 123 - 124 - 125 - 126 - 127 - 128 - 129 - 130 - 131 - 133 - 134 - 135 - 137 - 140 - 141 - 142 - 145 - 146 - 147 - 149 - 152 - 157 - 158 - 159 - 160 - 162 - 163 - 164 - 165 - 167 - 169 - 171 - 173 - 174 - 178 - 179 - 181 - 182 - 184 - 185 - 187 - 188 - 189 - 191 - 192 - 194 - 196 - 197 - 202 - 204 - 205 - 207 - 208 - 211 - 212 - 215 - 216 - 217 - 220 - 222 - 225 - 226 - 227 - 228 - 229 - 232 - 234 - 235 - 236 - 237 - 239 - 241 - 242 - 246 - 247 - 249 - 251 - 252 - 253 - 254 - 255 - 257 - 259 - 260 - 263 - 267 - 269 - 271 - 273 - 274 - 276 - 278 - 279 - 281 - 283 - 286 - 293 - 294 - 295 - 297 - 298 - 299 - 301 - 302 - 305 - 306 - 309 - 310 - 311 - 312 - 314 - 315 - 316 - 318 - 319 - 320 - 321 - 323 - 324 - 326 - 329 - 330 - 331 - 337 - 338 - 340 - 341 - 343 - 347 - 350 - 351 - 352 - 354 - 355 - 356 - 358 - 359 - 361 - 366 - 368 - 370 - 372 - 373 - 374 - 378 - 379 - 380 - 381 - 382 - 383 - 384 - 387 - 389 - 390 - 391 - 394 - 396 - 397 - 399 - 401 - 402 - 404 - 405 - 406 - 408 - 409 - 410 - 411 - 413 - 414 - 415 - 419 - 423 - 426 - 427 - 429 - 431 - 434 - 436 - 437 - 438 - 439 - 440 - 441 - 442 - 443 - 444 - 447 - 450 - 451 - 454 - 455 - 456 - 457 - 458 - 461 - 462 - 463 - 464 - 469 - 470 - 471 - 473 - 474 - 478 - 479 - 480 - 482 - 483 - 485 - 487 - 489 - 490 - 495 - 498 - 499,566163.5,3.8,94817,102916,35.13,Cost: 94817 & Capacity: 102916
1 - 4 - 6 - 8 - 10 - 11 - 12 - 14 - 16 - 19 - 21 - 22 - 24 - 26 - 32 - 35 - 36 - 37 - 38 - 40 - 41 - 43 - 45 - 46 - 49 - 54 - 57 - 58 - 60 - 62 - 63 - 64 - 67 - 68 - 69 - 71 - 72 - 74 - 75 - 78 - 79 - 80 - 82 - 85 - 91 - 92 - 94 - 98 - 99 - 102 - 103 - 104 - 107 - 108 - 110 - 111 - 115 - 116 - 121 - 122 - 123 - 127 - 131 - 132 - 133 - 134 - 135 - 137 - 140 - 149 - 155 - 156 - 157 - 163 - 164 - 167 - 169 - 172 - 174 - 177 - 179 - 182 - 187 - 191 - 193 - 194 - 196 - 197 - 201 - 202 - 204 - 205 - 207 - 210 - 215 - 216 - 217 - 218 - 222 - 225 - 228 - 230 - 232 - 234 - 236 - 237 - 240 - 243 - 244 - 252 - 254 - 255 - 258 - 261 - 263 - 267 - 271 - 273 - 274 - 276 - 279 - 281 - 283 - 286 - 289 - 291 - 294 - 302 - 305 - 306 - 309 - 311 - 312 - 313 - 314 - 315 - 316 - 318 - 319 - 320 - 321 - 329 - 331 - 336 - 337 - 338 - 340 - 341 - 349 - 350 - 351 - 354 - 355 - 356 - 359 - 362 - 366 - 373 - 374 - 377 - 379 - 381 - 387 - 388 - 389 - 390 - 391 - 393 - 397 - 398 - 399 - 401 - 404 - 405 - 406 - 409 - 410 - 411 - 416 - 419 - 421 - 423 - 425 - 426 - 428 - 431 - 434 - 436 - 438 - 439 - 440 - 443 - 446 - 449 - 450 - 451 - 452 - 454 - 456 - 461 - 462 - 463 - 469 - 470 - 471 - 473 - 474 - 476 - 478 - 482 - 486 - 487 - 490 - 491 - 493 - 498,313571.3,6.7,94741,84926,35.58,Cost: 94741 & Capacity: 84926
0 - 1 - 2 - 4 - 5 - 6 - 8 - 10 - 11 - 12 - 14 - 15 - 16 - 18 - 19 - 20 - 22 - 24 - 26 - 27 - 29 - 30 - 31 - 34 - 35 - 36 - 40 - 41 - 42 - 43 - 44 - 45 - 46 - 49 - 50 - 52 - 57 - 58 - 60 - 61 - 63 - 64 - 66 - 67 - 68 - 70 - 71 - 72 - 74 - 75 - 77 - 78 - 79 - 80 - 81 - 82 - 83 - 85 - 86 - 87 - 88 - 90 - 91 - 92 - 97 - 98 - 99 - 101 - 102 - 103 - 105 - 106 - 108 - 110 - 112 - 114 - 115 - 116 - 117 - 118 - 120 - 121 - 122 - 123 - 124 - 125 - 126 - 127 - 129 - 130 - 131 - 133 - 134 - 135 - 137 - 138 - 140 - 141 - 142 - 145 - 146 - 147 - 149 - 150 - 152 - 157 - 158 - 159 - 160 - 162 - 163 - 164 - 165 - 167 - 169 - 171 - 173 - 174 - 178 - 179 - 181 - 182 - 184 - 185 - 187 - 188 - 189 - 191 - 192 - 194 - 197 - 202 - 204 - 205 - 207 - 208 - 211 - 212 - 215 - 216 - 217 - 219 - 220 - 222 - 225 - 226 - 227 - 228 - 229 - 232 - 234 - 235 - 236 - 237 - 239 - 241 - 242 - 246 - 247 - 249 - 251 - 252 - 253 - 254 - 255 - 257 - 259 - 260 - 263 - 267 - 269 - 271 - 273 - 274 - 276 - 278 - 279 - 281 - 283 - 286 - 290 - 293 - 295 - 297 - 298 - 299 - 302 - 305 - 306 - 309 - 310 - 311 - 312 - 314 - 315 - 316 - 318 - 319 - 320 - 321 - 323 - 324 - 326 - 329 - 330 - 331 - 337 - 338 - 340 - 341 - 343 - 347 - 350 - 351 - 352 - 354 - 355 - 356 - 358 - 359 - 361 - 366 - 368 - 370 - 371 - 372 - 373 - 374 - 378 - 379 - 380 - 381 - 382 - 383 - 384 - 387 - 389 - 390 - 391 - 394 - 396 - 397 - 399 - 401 - 402 - 404 - 405 - 406 - 408 - 409 - 410 - 411 - 413 - 414 - 415 - 419 - 423 - 426 - 427 - 429 - 431 - 434 - 436 - 437 - 438 - 439 - 440 - 441 - 442 - 443 - 444 - 447 - 451 - 452 - 454 - 455 - 456 - 457 - 458 - 461 - 462 - 463 - 464 - 469 - 470 - 471 - 473 - 474 - 479 - 480 - 482 - 483 - 485 - 487 - 489 - 490 - 495 - 498 - 499,566563.3,3.7,94815,102176,37.92,Cost: 94815 & Capacity: 102176
0 - 1 - 2 - 4 - 5 - 6 - 8 - 10 - 11 - 12 - 14 - 15 - 16 - 18 - 19 - 20 - 22 - 24 - 26 - 27 - 29 - 30 - 34 - 35 - 36 - 40 - 41 - 42 - 43 - 44 - 45 - 46 - 49 - 50 - 52 - 54 - 57 - 58 - 60 - 61 - 63 - 64 - 66 - 67 - 68 - 70 - 71 - 72 - 74 - 75 - 77 - 78 - 79 - 80 - 81 - 82 - 83 - 85 - 86 - 87 - 88 - 90 - 91 - 92 - 97 - 98 - 99 - 101 - 102 - 103 - 105 - 106 - 108 - 110 - 112 - 114 - 115 - 116 - 117 - 118 - 120 - 121 - 122 - 123 - 124 - 125 - 126 - 127 - 129 - 130 - 131 - 133 - 134 - 135 - 137 - 140 - 141 - 142 - 145 - 146 - 147 - 149 - 150 - 152 - 157 - 158 - 159 - 162 - 163 - 164 - 165 - 167 - 169 - 171 - 172 - 173 - 174 - 178 - 179 - 181 - 182 - 184 - 185 - 187 - 188 - 189 - 191 - 192 - 194 - 196 - 197 - 202 - 204 - 205 - 207 - 208 - 211 - 212 - 215 - 216 - 217 - 220 - 222 - 225 - 226 - 227 - 228 - 229 - 232 - 234 - 235 - 236 - 237 - 239 - 241 - 242 - 246 - 247 - 249 - 251 - 252 - 253 - 254 - 255 - 257 - 259 - 260 - 263 - 267 - 269 - 271 - 273 - 274 - 276 - 278 - 279 - 281 - 283 - 286 - 290 - 293 - 294 - 295 - 297 - 298 - 299 - 302 - 305 - 306 - 309 - 310 - 311 - 312 - 314 - 315 - 316 - 318 - 319 - 320 - 321 - 323 - 324 - 326 - 329 - 330 - 331 - 337 - 338 - 340 - 341 - 343 - 347 - 350 - 351 - 352 - 354 - 355 - 356 - 358 - 359 - 361 - 366 - 368 - 370 - 371 - 372 - 373 - 374 - 378 - 379 - 380 - 381 - 382 - 383 - 384 - 387 - 389 - 390 - 391 - 394 - 396 - 397 - 399 - 401 - 402 - 404 - 405 - 406 - 408 - 409 - 410 - 411 - 413 - 414 - 415 - 419 - 423 - 426 - 427 - 429 - 431 - 434 - 436 - 437 - 438 - 439 - 440 - 441 - 442 - 443 - 444 - 447 - 451 - 454 - 455 - 456 - 457 - 458 - 461 - 462 - 463 - 464 - 469 - 470 - 471 - 473 - 474 - 479 - 480 - 482 - 483 - 485 - 487 - 489 - 490 - 495 - 498 - 499,565484.0,3.8,94815,102236,37.96,Cost: 94815 & Capacity: 102236
1 - 2 - 4 - 6 - 8 - 10 - 11 - 12 - 14 - 16 - 18 - 19 - 21 - 22 - 24 - 26 - 27 - 28 - 29 - 33 - 34 - 35 - 36 - 40 - 41 - 42 - 43 - 44 - 45 - 46 - 49 - 50 - 52 - 54 - 57 - 58 - 60 - 62 - 63 - 64 - 67 - 68 - 69 - 71 - 72 - 74 - 75 - 78 - 79 - 80 - 82 - 83 - 85 - 87 - 90 - 91 - 98 - 99 - 102 - 103 - 107 - 108 - 115 - 116 - 117 - 120 - 121 - 122 - 123 - 124 - 125 - 126 - 127 - 128 - 129 - 130 - 131 - 133 - 134 - 135 - 140 - 141 - 145 - 146 - 149 - 152 - 154 - 155 - 156 - 157 - 158 - 164 - 167 - 169 - 171 - 174 - 177 - 178 - 179 - 181 - 182 - 184 - 185 - 187 - 188 - 189 - 191 - 194 - 196 - 197 - 201 - 202 - 204 - 207 - 210 - 211 - 215 - 216 - 217 - 218 - 220 - 221 - 222 - 225 - 226 - 227 - 228 - 230 - 232 - 234 - 235 - 236 - 239 - 242 - 244 - 252 - 253 - 254 - 255 - 257 - 259 - 263 - 267 - 269 - 271 - 273 - 274 - 276 - 278 - 279 - 281 - 283 - 285 - 286 - 289 - 291 - 293 - 294 - 295 - 299 - 302 - 305 - 306 - 309 - 310 - 311 - 312 - 313 - 314 - 315 - 316 - 318 - 319 - 320 - 321 - 329 - 330 - 331 - 336 - 337 - 338 - 340 - 341 - 343 - 347 - 351 - 354 - 356 - 358 - 359 - 362 - 366 - 368 - 373 - 374 - 377 - 378 - 379 - 380 - 381 - 382 - 383 - 387 - 389 - 390 - 391 - 397 - 398 - 399 - 401 - 404 - 405 - 406 - 408 - 409 - 410 - 411 - 416 - 419 - 421 - 423 - 426 - 428 - 429 - 431 - 434 - 436 - 438 - 439 - 440 - 443 - 450 - 451 - 452 - 454 - 455 - 457 - 458 - 462 - 463 - 469 - 470 - 471 - 473 - 474 - 476 - 478 - 479 - 480 - 482 - 483 - 486 - 487 - 489 - 490 - 493 - 498 - 499,438844.0,5.7,94739,91954,43.74,Cost: 94739 & Capacity: 91954
1 - 2 - 3 - 4 - 6 - 8 - 10 - 11 - 12 - 14 - 16 - 18 - 19 - 21 - 23 - 24 - 26 - 27 - 29 - 33 - 34 - 35 - 36 - 40 - 41 - 42 - 43 - 44 - 45 - 46 - 49 - 50 - 52 - 54 - 57 - 58 - 60 - 62 - 63 - 64 - 67 - 68 - 69 - 71 - 72 - 74 - 75 - 78 - 79 - 80 - 82 - 85 - 90 - 91 - 97 - 98 - 99 - 100 - 102 - 103 - 107 - 108 - 114 - 115 - 116 - 117 - 120 - 121 - 122 - 123 - 124 - 125 - 126 - 127 - 128 - 130 - 131 - 133 - 134 - 135 - 140 - 141 - 142 - 145 - 146 - 149 - 152 - 156 - 157 - 158 - 164 - 167 - 169 - 171 - 177 - 178 - 179 - 181 - 182 - 184 - 185 - 187 - 188 - 189 - 191 - 194 - 196 - 197 - 201 - 202 - 204 - 207 - 215 - 216 - 218 - 220 - 221 - 222 - 225 - 226 - 228 - 230 - 232 - 234 - 235 - 236 - 239 - 242 - 244 - 251 - 252 - 253 - 254 - 255 - 257 - 259 - 261 - 263 - 267 - 269 - 271 - 273 - 274 - 276 - 278 - 279 - 281 - 283 - 285 - 286 - 289 - 291 - 293 - 294 - 295 - 299 - 302 - 305 - 306 - 307 - 309 - 310 - 311 - 312 - 313 - 314 - 315 - 316 - 318 - 319 - 320 - 321 - 329 - 330 - 331 - 336 - 337 - 338 - 340 - 341 - 347 - 348 - 351 - 354 - 358 - 359 - 362 - 366 - 368 - 373 - 374 - 377 - 378 - 379 - 380 - 381 - 382 - 383 - 387 - 389 - 390 - 391 - 397 - 398 - 399 - 401 - 404 - 405 - 406 - 408 - 409 - 410 - 411 - 419 - 421 - 423 - 426 - 427 - 428 - 429 - 431 - 434 - 436 - 438 - 439 - 440 - 443 - 444 - 450 - 451 - 452 - 454 - 455 - 458 - 462 - 463 - 469 - 470 - 471 - 473 - 474 - 476 - 478 - 479 - 480 - 482 - 483 - 486 - 487 - 489 - 490 - 493 - 498,419899.6,5.9,93839,90375,43.27,Cost: 93839 & Capacity: 90375
1 - 2 - 4 - 6 - 8 - 11 - 12 - 14 - 16 - 19 - 21 - 22 - 24 - 27 - 30 - 36 - 38 - 40 - 41 - 46 - 54 - 57 - 58 - 60 - 62 - 63 - 64 - 68 - 69 - 71 - 72 - 75 - 76 - 78 - 79 - 80 - 82 - 85 - 88 - 90 - 92 - 97 - 98 - 99 - 100 - 102 - 103 - 104 - 107 - 110 - 111 - 113 - 115 - 118 - 120 - 121 - 122 - 123 - 124 - 125 - 127 - 129 - 131 - 132 - 135 - 140 - 149 - 156 - 157 - 164 - 165 - 169 - 171 - 173 - 174 - 177 - 178 - 179 - 180 - 181 - 185 - 187 - 193 - 194 - 196 - 197 - 201 - 202 - 204 - 207 - 210 - 214 - 216 - 217 - 220 - 221 - 222 - 225 - 226 - 228 - 229 - 230 - 232 - 234 - 235 - 237 - 239 - 243 - 244 - 253 - 255 - 256 - 257 - 259 - 263 - 267 - 271 - 273 - 274 - 275 - 280 - 281 - 284 - 285 - 286 - 289 - 291 - 293 - 294 - 299 - 300 - 302 - 307 - 311 - 312 - 314 - 316 - 318 - 321 - 330 - 333 - 336 - 337 - 338 - 342 - 347 - 351 - 356 - 359 - 360 - 362 - 366 - 373 - 374 - 379 - 381 - 385 - 387 - 389 - 390 - 391 - 396 - 397 - 398 - 399 - 401 - 404 - 405 - 406 - 408 - 411 - 413 - 419 - 421 - 423 - 425 - 431 - 434 - 436 - 438 - 440 - 443 - 445 - 449 - 450 - 451 - 452 - 457 - 461 - 469 - 470 - 471 - 473 - 474 - 476 - 478 - 479 - 480 - 482 - 486 - 490 - 491 - 493 - 498,282130.9,6.9,94793,84207,48.14,Cost: 94793 & Capacity: 84207
0 - 1 - 2 - 4 - 5 - 6 - 8 - 9 - 10 - 11 - 12 - 13 - 14 - 15 - 16 - 18 - 19 - 20 - 22 - 24 - 26 - 27 - 29 - 30 - 31 - 33 - 34 - 35 - 36 - 40 - 41 - 42 - 43 - 44 - 45 - 46 - 49 - 50 - 52 - 54 - 57 - 58 - 60 - 63 - 64 - 66 - 67 - 68 - 70 - 71 - 72 - 74 - 75 - 77 - 78 - 79 - 80 - 81 - 82 - 83 - 84 - 85 - 87 - 88 - 90 - 91 - 92 - 97 - 98 - 99 - 101 - 102 - 103 - 105 - 106 - 108 - 112 - 114 - 115 - 116 - 117 - 120 - 121 - 122 - 123 - 124 - 125 - 126 - 127 - 128 - 129 - 130 - 131 - 132 - 133 - 134 - 135 - 140 - 141 - 142 - 145 - 146 - 149 - 150 - 152 - 157 - 158 - 162 - 164 - 165 - 167 - 169 - 171 - 172 - 173 - 174 - 178 - 179 - 181 - 182 - 184 - 185 - 187 - 188 - 189 - 191 - 192 - 194 - 196 - 197 - 202 - 204 - 205 - 207 - 211 - 215 - 216 - 217 - 220 - 222 - 225 - 226 - 227 - 228 - 229 - 232 - 234 - 235 - 236 - 239 - 241 - 242 - 246 - 249 - 251 - 252 - 253 - 254 - 255 - 257 - 259 - 263 - 267 - 269 - 271 - 273 - 274 - 276 - 278 - 279 - 281 - 283 - 286 - 290 - 293 - 294 - 295 - 297 - 299 - 301 - 302 - 305 - 306 - 309 - 310 - 311 - 312 - 313 - 314 - 315 - 316 - 318 - 319 - 320 - 321 - 326 - 329 - 330 - 331 - 336 - 337 - 338 - 340 - 341 - 343 - 347 - 350 - 351 - 352 - 354 - 356 - 358 - 359 - 366 - 368 - 370 - 372 - 373 - 374 - 378 - 379 - 380 - 381 - 382 - 383 - 384 - 387 - 388 - 389 - 390 - 391 - 396 - 397 - 399 - 401 - 404 - 405 - 406 - 408 - 409 - 410 - 411 - 413 - 414 - 419 - 421 - 423 - 426 - 427 - 428 - 429 - 431 - 434 - 436 - 437 - 438 - 439 - 440 - 443 - 444 - 447 - 450 - 451 - 452 - 454 - 455 - 457 - 458 - 462 - 463 - 464 - 469 - 470 - 471 - 473 - 474 - 479 - 480 - 482 - 483 - 487 - 489 - 490 - 495 - 497 - 498,524251.1,5.2,94816,101566,50.95,Cost: 94816 & Capacity: 101566
4 - 6 - 8 - 9 - 10 - 11 - 13 - 14 - 16 - 21 - 22 - 24 - 28 - 30 - 36 - 37 - 40 - 41 - 45 - 46 - 60 - 64 - 68 - 69 - 71 - 72 - 73 - 74 - 75 - 78 - 79 - 80 - 82 - 83 - 85 - 98 - 103 - 104 - 107 - 115 - 116 - 123 - 132 - 135 - 140 - 149 - 154 - 155 - 156 - 157 - 171 - 181 - 185 - 196 - 197 - 201 - 216 - 220 - 225 - 226 - 230 - 232 - 235 - 240 - 242 - 246 - 248 - 253 - 257 - 262 - 265 - 267 - 271 - 273 - 274 - 279 - 280 - 281 - 284 - 289 - 290 - 291 - 294 - 302 - 307 - 309 - 311 - 312 - 316 - 320 - 321 - 324 - 332 - 337 - 338 - 343 - 350 - 351 - 356 - 357 - 359 - 362 - 366 - 373 - 374 - 377 - 379 - 381 - 386 - 390 - 398 - 399 - 400 - 401 - 404 - 406 - 408 - 411 - 412 - 413 - 414 - 421 - 425 - 426 - 431 - 440 - 442 - 443 - 449 - 450 - 455 - 463 - 471 - 474 - 479 - 482 - 485 - 486 - 487 - 490 - 491,139168.0,7.9,74012,64655,52.83,Cost: 74012 & Capacity: 64655
0 - 1 - 2 - 4 - 5 - 6 - 8 - 10 - 11 - 12 - 14 - 15 - 16 - 18 - 19 - 20 - 22 - 24 - 26 - 27 - 29 - 30 - 31 - 33 - 34 - 35 - 36 - 40 - 41 - 42 - 43 - 44 - 45 - 46 - 49 - 50 - 52 - 57 - 58 - 60 - 61 - 63 - 64 - 66 - 67 - 68 - 70 - 71 - 72 - 74 - 75 - 77 - 78 - 79 - 80 - 81 - 82 - 83 - 85 - 86 - 87 - 88 - 90 - 91 - 92 - 97 - 98 - 99 - 101 - 102 - 103 - 105 - 106 - 108 - 110 - 112 - 114 - 115 - 116 - 117 - 118 - 120 - 121 - 122 - 123 - 124 - 125 - 126 - 127 - 129 - 130 - 131 - 133 - 134 - 135 - 137 - 138 - 140 - 141 - 142 - 145 - 146 - 147 - 149 - 150 - 152 - 157 - 158 - 159 - 160 - 162 - 163 - 164 - 165 - 167 - 169 - 171 - 173 - 174 - 178 - 179 - 181 - 182 - 184 - 185 - 187 - 188 - 189 - 191 - 192 - 194 - 197 - 202 - 204 - 205 - 207 - 208 - 211 - 212 - 215 - 216 - 217 - 219 - 220 - 222 - 225 - 226 - 227 - 228 - 229 - 232 - 234 - 235 - 236 - 237 - 239 - 241 - 242 - 246 - 247 - 249 - 251 - 252 - 253 - 254 - 255 - 257 - 259 - 260 - 263 - 267 - 269 - 271 - 273 - 274 - 276 - 278 - 279 - 281 - 283 - 286 - 290 - 293 - 295 - 297 - 298 - 299 - 302 - 305 - 306 - 309 - 310 - 311 - 312 - 314 - 315 - 316 - 318 - 319 - 320 - 321 - 323 - 324 - 326 - 329 - 330 - 331 - 337 - 338 - 340 - 341 - 343 - 347 - 350 - 351 - 352 - 354 - 355 - 356 - 358 - 359 - 361 - 366 - 368 - 370 - 371 - 372 - 373 - 374 - 378 - 379 - 380 - 381 - 382 - 383 - 384 - 387 - 389 - 390 - 391 - 394 - 396 - 397 - 399 - 401 - 402 - 404 - 405 - 406 - 408 - 409 - 410 - 411 - 413 - 414 - 415 - 419 - 423 - 426 - 427 - 429 - 431 - 434 - 436 - 437 - 438 - 439 - 440 - 441 - 442 - 443 - 444 - 447 - 451 - 454 - 455 - 456 - 457 - 458 - 461 - 462 - 463 - 464 - 469 - 470 - 471 - 473 - 474 - 479 - 480 - 482 - 483 - 485 - 487 - 489 - 490 - 495 - 498 - 499,566804.6,3.7,94817,102182,53.13,Cost: 94817 & Capacity: 102182
0 - 1 - 2 - 4 - 5 - 6 - 8 - 10 - 11 - 12 - 14 - 15 - 16 - 18 - 19 - 20 - 22 - 24 - 26 - 27 - 29 - 30 - 34 - 35 - 36 - 40 - 41 - 42 - 43 - 44 - 45 - 46 - 49 - 50 - 52 - 54 - 57 - 58 - 60 - 61 - 63 - 64 - 66 - 67 - 68 - 70 - 71 - 72 - 74 - 75 - 77 - 78 - 79 - 80 - 81 - 82 - 83 - 85 - 86 - 87 - 88 - 90 - 91 - 92 - 97 - 98 - 99 - 101 - 102 - 103 - 105 - 106 - 108 - 110 - 112 - 114 - 115 - 116 - 117 - 118 - 120 - 121 - 122 - 123 - 124 - 125 - 126 - 127 - 129 - 130 - 131 - 133 - 134 - 135 - 137 - 140 - 141 - 142 - 145 - 146 - 147 - 149 - 150 - 152 - 157 - 158 - 159 - 162 - 163 - 164 - 165 - 167 - 169 - 171 - 172 - 173 - 174 - 178 - 179 - 181 - 182 - 184 - 185 - 187 - 188 - 189 - 191 - 192 - 194 - 196 - 197 - 202 - 204 - 205 - 207 - 208 - 211 - 212 - 215 - 216 - 217 - 220 - 222 - 225 - 226 - 227 - 228 - 229 - 232 - 234 - 235 - 236 - 237 - 239 - 241 - 242 - 246 - 247 - 249 - 251 - 252 - 253 - 254 - 255 - 257 - 259 - 260 - 263 - 267 - 269 - 271 - 273 - 274 - 276 - 278 - 279 - 281 - 283 - 286 - 290 - 293 - 294 - 295 - 297 - 298 - 299 - 302 - 305 - 306 - 309 - 310 - 311 - 312 - 314 - 315 - 316 - 318 - 319 - 320 - 321 - 323 - 324 - 326 - 329 - 330 - 331 - 337 - 338 - 340 - 341 - 343 - 347 - 350 - 351 - 352 - 354 - 355 - 356 - 358 - 359 - 361 - 366 - 368 - 370 - 371 - 372 - 373 - 374 - 378 - 379 - 380 - 381 - 382 - 383 - 384 - 387 - 389 - 390 - 391 - 394 - 396 - 397 - 399 - 401 - 402 - 404 - 405 - 406 - 408 - 409 - 410 - 411 - 413 - 414 - 415 - 419 - 423 - 426 - 427 - 429 - 431 - 434 - 436 - 437 - 438 - 439 - 440 - 441 - 442 - 443 - 444 - 447 - 451 - 454 - 455 - 456 - 457 - 458 - 461 - 462 - 463 - 464 - 469 - 470 - 471 - 473 - 474 - 479 - 480 - 482 - 483 - 485 - 487 - 489 - 490 - 495 - 498 - 499,565484.0,3.8,94815,102236,53.17,Cost: 94815 & Capacity: 102236
0 - 1 - 2 - 4 - 5 - 6 - 8 - 10 - 11 - 12 - 14 - 15 - 16 - 18 - 19 - 20 - 22 - 24 - 26 - 27 - 29 - 30 - 31 - 33 - 34 - 35 - 36 - 40 - 41 - 42 - 43 - 44 - 45 - 46 - 49 - 50 - 52 - 57 - 58 - 60 - 61 - 63 - 64 - 66 - 67 - 68 - 70 - 71 - 72 - 74 - 75 - 77 - 78 - 79 - 80 - 81 - 82 - 83 - 85 - 86 - 87 - 88 - 90 - 91 - 92 - 97 - 98 - 99 - 101 - 102 - 103 - 105 - 106 - 108 - 110 - 112 - 114 - 115 - 116 - 117 - 118 - 120 - 121 - 122 - 123 - 124 - 125 - 126 - 127 - 129 - 130 - 131 - 133 - 134 - 135 - 137 - 138 - 140 - 141 - 142 - 145 - 146 - 147 - 149 - 150 - 152 - 157 - 158 - 159 - 160 - 162 - 163 - 164 - 165 - 167 - 169 - 171 - 173 - 174 - 178 - 179 - 181 - 182 - 184 - 185 - 187 - 188 - 189 - 191 - 192 - 194 - 197 - 202 - 204 - 205 - 207 - 208 - 211 - 212 - 215 - 216 - 217 - 219 - 220 - 222 - 225 - 226 - 227 - 228 - 229 - 232 - 234 - 235 - 236 - 237 - 239 - 241 - 242 - 246 - 247 - 249 - 251 - 252 - 253 - 254 - 255 - 257 - 259 - 260 - 263 - 267 - 269 - 271 - 273 - 274 - 276 - 278 - 279 - 281 - 283 - 286 - 290 - 293 - 295 - 297 - 298 - 299 - 302 - 305 - 306 - 309 - 310 - 311 - 312 - 314 - 315 - 316 - 318 - 319 - 320 - 321 - 323 - 324 - 326 - 329 - 330 - 331 - 337 - 338 - 340 - 341 - 343 - 347 - 350 - 351 - 352 - 354 - 355 - 356 - 358 - 359 - 361 - 366 - 368 - 370 - 371 - 372 - 373 - 374 - 378 - 379 - 380 - 381 - 382 - 383 - 384 - 387 - 389 - 390 - 391 - 394 - 396 - 397 - 399 - 401 - 402 - 404 - 405 - 406 - 408 - 409 - 410 - 411 - 413 - 414 - 415 - 419 - 423 - 426 - 427 - 429 - 431 - 434 - 436 - 437 - 438 - 439 - 440 - 441 - 442 - 443 - 444 - 447 - 451 - 454 - 455 - 456 - 457 - 458 - 461 - 462 - 463 - 464 - 469 - 470 - 471 - 473 - 474 - 479 - 480 - 482 - 483 - 485 - 487 - 489 - 490 - 495 - 498 - 499,566804.6,3.7,94817,102182,62.02,Cost: 94817 & Capacity: 102182
0 - 1 - 2 - 4 - 5 - 6 - 8 - 9 - 10 - 11 - 12 - 13 - 14 - 15 - 16 - 18 - 19 - 20 - 22 - 24 - 26 - 27 - 33 - 34 - 35 - 36 - 40 - 41 - 42 - 43 - 44 - 45 - 46 - 49 - 50 - 52 - 53 - 54 - 57 - 58 - 60 - 62 - 63 - 64 - 67 - 68 - 70 - 71 - 72 - 74 - 75 - 78 - 79 - 80 - 82 - 83 - 85 - 87 - 88 - 90 - 91 - 92 - 94 - 97 - 98 - 99 - 102 - 103 - 108 - 114 - 115 - 116 - 118 - 121 - 122 - 123 - 124 - 125 - 126 - 127 - 128 - 130 - 131 - 132 - 133 - 134 - 135 - 140 - 141 - 142 - 145 - 149 - 152 - 153 - 157 - 158 - 163 - 164 - 165 - 167 - 169 - 171 - 173 - 174 - 178 - 179 - 181 - 182 - 184 - 185 - 187 - 188 - 189 - 191 - 192 - 194 - 196 - 197 - 202 - 204 - 205 - 207 - 211 - 215 - 216 - 217 - 219 - 220 - 221 - 222 - 225 - 226 - 228 - 229 - 232 - 234 - 235 - 236 - 237 - 239 - 241 - 242 - 244 - 246 - 251 - 252 - 253 - 254 - 255 - 257 - 259 - 260 - 263 - 267 - 269 - 271 - 273 - 274 - 276 - 278 - 279 - 281 - 283 - 285 - 286 - 290 - 293 - 294 - 295 - 297 - 299 - 300 - 302 - 305 - 309 - 310 - 311 - 312 - 314 - 315 - 316 - 318 - 319 - 320 - 321 - 326 - 330 - 331 - 337 - 338 - 340 - 341 - 343 - 347 - 348 - 350 - 351 - 352 - 354 - 355 - 356 - 358 - 359 - 360 - 366 - 368 - 373 - 374 - 378 - 379 - 380 - 381 - 382 - 383 - 388 - 389 - 390 - 391 - 396 - 397 - 399 - 401 - 404 - 405 - 406 - 408 - 409 - 410 - 411 - 413 - 419 - 421 - 423 - 426 - 427 - 428 - 429 - 431 - 434 - 436 - 437 - 438 - 440 - 442 - 443 - 444 - 446 - 450 - 451 - 452 - 454 - 455 - 457 - 458 - 461 - 462 - 463 - 469 - 470 - 471 - 473 - 474 - 478 - 479 - 480 - 482 - 483 - 487 - 489 - 490 - 495 - 497 - 498,483823.8,5.6,94791,99127,62.81,Cost: 94791 & Capacity: 99127
0 - 1 - 2 - 4 - 6 - 8 - 10 - 11 - 12 - 14 - 15 - 16 - 18 - 19 - 20 - 22 - 24 - 26 - 27 - 29 - 30 - 31 - 33 - 34 - 35 - 36 - 40 - 41 - 42 - 43 - 44 - 45 - 46 - 49 - 50 - 52 - 57 - 58 - 60 - 61 - 63 - 64 - 66 - 67 - 68 - 71 - 72 - 74 - 75 - 77 - 78 - 79 - 80 - 81 - 82 - 83 - 84 - 85 - 86 - 87 - 88 - 90 - 91 - 92 - 97 - 98 - 99 - 101 - 102 - 103 - 105 - 106 - 108 - 110 - 112 - 114 - 115 - 116 - 117 - 118 - 120 - 121 - 122 - 123 - 124 - 125 - 126 - 127 - 128 - 129 - 130 - 131 - 133 - 134 - 135 - 137 - 138 - 140 - 141 - 142 - 145 - 146 - 147 - 149 - 150 - 152 - 157 - 158 - 159 - 160 - 162 - 163 - 164 - 165 - 167 - 169 - 171 - 172 - 173 - 174 - 178 - 179 - 181 - 182 - 184 - 185 - 187 - 188 - 189 - 191 - 192 - 194 - 197 - 202 - 204 - 205 - 207 - 208 - 211 - 215 - 216 - 217 - 220 - 222 - 225 - 226 - 227 - 228 - 229 - 232 - 234 - 235 - 236 - 237 - 239 - 241 - 242 - 246 - 247 - 249 - 251 - 252 - 253 - 254 - 255 - 257 - 259 - 260 - 263 - 267 - 269 - 271 - 273 - 274 - 276 - 278 - 279 - 281 - 283 - 286 - 290 - 293 - 295 - 297 - 298 - 299 - 302 - 305 - 306 - 309 - 310 - 311 - 312 - 314 - 315 - 316 - 318 - 319 - 320 - 321 - 323 - 324 - 326 - 329 - 330 - 331 - 336 - 337 - 338 - 340 - 341 - 343 - 347 - 350 - 351 - 352 - 354 - 355 - 356 - 358 - 359 - 361 - 366 - 368 - 370 - 371 - 372 - 373 - 374 - 378 - 379 - 380 - 381 - 382 - 383 - 384 - 387 - 389 - 390 - 391 - 394 - 396 - 397 - 399 - 401 - 402 - 404 - 405 - 406 - 408 - 409 - 410 - 413 - 414 - 415 - 419 - 423 - 426 - 427 - 429 - 431 - 434 - 436 - 437 - 438 - 439 - 440 - 441 - 442 - 443 - 444 - 447 - 451 - 454 - 455 - 456 - 457 - 458 - 461 - 462 - 463 - 464 - 469 - 470 - 471 - 473 - 474 - 479 - 480 - 482 - 483 - 485 - 487 - 489 - 490 - 495 - 498 - 499,562813.0,3.9,94813,101538,69.61,Cost: 94813 & Capacity: 101538
0 - 1 - 2 - 4 - 5 - 6 - 8 - 10 - 11 - 12 - 14 - 15 - 16 - 18 - 19 - 20 - 22 - 24 - 26 - 27 - 29 - 30 - 31 - 34 - 35 - 36 - 40 - 41 - 42 - 43 - 44 - 45 - 46 - 49 - 50 - 52 - 57 - 58 - 60 - 61 - 63 - 64 - 66 - 67 - 68 - 70 - 71 - 72 - 74 - 75 - 77 - 78 - 79 - 80 - 81 - 82 - 83 - 85 - 86 - 87 - 88 - 90 - 91 - 92 - 97 - 98 - 99 - 101 - 102 - 103 - 105 - 106 - 108 - 110 - 112 - 114 - 115 - 116 - 117 - 118 - 120 - 121 - 122 - 123 - 124 - 125 - 126 - 127 - 129 - 130 - 131 - 133 - 134 - 135 - 137 - 138 - 140 - 141 - 142 - 145 - 146 - 147 - 149 - 150 - 152 - 157 - 158 - 159 - 160 - 162 - 163 - 164 - 165 - 167 - 169 - 171 - 173 - 174 - 178 - 179 - 181 - 182 - 184 - 185 - 187 - 188 - 189 - 191 - 192 - 194 - 197 - 202 - 204 - 205 - 207 - 208 - 211 - 212 - 215 - 216 - 217 - 219 - 220 - 222 - 225 - 226 - 227 - 228 - 229 - 232 - 234 - 235 - 236 - 237 - 239 - 241 - 242 - 246 - 247 - 249 - 251 - 252 - 253 - 254 - 255 - 257 - 259 - 260 - 263 - 267 - 269 - 271 - 273 - 274 - 276 - 278 - 279 - 281 - 283 - 286 - 290 - 293 - 295 - 297 - 298 - 299 - 302 - 305 - 306 - 309 - 310 - 311 - 312 - 314 - 315 - 316 - 318 - 319 - 320 - 321 - 323 - 324 - 326 - 329 - 330 - 331 - 337 - 338 - 340 - 341 - 343 - 347 - 350 - 351 - 352 - 354 - 355 - 356 - 358 - 359 - 361 - 366 - 368 - 370 - 371 - 372 - 373 - 374 - 378 - 379 - 380 - 381 - 382 - 383 - 384 - 387 - 389 - 390 - 391 - 394 - 396 - 397 - 399 - 401 - 402 - 404 - 405 - 406 - 408 - 409 - 410 - 411 - 413 - 414 - 415 - 419 - 423 - 426 - 427 - 429 - 431 - 434 - 436 - 437 - 438 - 439 - 440 - 441 - 442 - 443 - 444 - 447 - 451 - 452 - 454 - 455 - 456 - 457 - 458 - 461 - 462 - 463 - 464 - 469 - 470 - 471 - 473 - 474 - 479 - 480 - 482 - 483 - 485 - 487 - 489 - 490 - 495 - 498 - 499,566563.3,3.7,94815,102176,73.47,Cost: 94815 & Capacity: 102176
2 - 4 - 6 - 8 - 11 - 12 - 14 - 16 - 19 - 21 - 22 - 24 - 30 - 37 - 38 - 40 - 43 - 45 - 60 - 62 - 64 - 68 - 69 - 70 - 71 - 72 - 74 - 75 - 76 - 78 - 79 - 80 - 82 - 85 - 88 - 92 - 94 - 97 - 98 - 99 - 104 - 107 - 111 - 112 - 113 - 115 - 118 - 121 - 123 - 124 - 127 - 132 - 135 - 140 - 149 - 155 - 156 - 157 - 159 - 164 - 165 - 177 - 178 - 179 - 181 - 182 - 185 - 189 - 196 - 201 - 204 - 207 - 210 - 214 - 216 - 217 - 220 - 221 - 222 - 225 - 228 - 230 - 235 - 244 - 253 - 261 - 263 - 267 - 271 - 273 - 274 - 275 - 280 - 281 - 284 - 286 - 289 - 291 - 294 - 296 - 299 - 300 - 302 - 307 - 312 - 314 - 321 - 324 - 330 - 331 - 332 - 337 - 338 - 342 - 343 - 349 - 350 - 351 - 357 - 359 - 362 - 366 - 372 - 373 - 374 - 377 - 379 - 381 - 384 - 386 - 389 - 390 - 395 - 398 - 399 - 401 - 403 - 406 - 408 - 411 - 412 - 413 - 418 - 419 - 421 - 422 - 423 - 425 - 426 - 431 - 433 - 438 - 440 - 442 - 443 - 449 - 450 - 455 - 461 - 469 - 470 - 471 - 476 - 478 - 479 - 482 - 485 - 486 - 487 - 490 - 491 - 493 - 498,207885.7,7.5,94806,82326,74.13,Cost: 94806 & Capacity: 82326
4 - 6 - 9 - 10 - 11 - 13 - 14 - 16 - 19 - 21 - 22 - 24 - 36 - 37 - 40 - 45 - 62 - 64 - 68 - 69 - 70 - 71 - 72 - 75 - 78 - 80 - 85 - 88 - 99 - 103 - 104 - 111 - 112 - 116 - 123 - 132 - 135 - 149 - 155 - 156 - 159 - 170 - 181 - 185 - 201 - 202 - 207 - 210 - 214 - 216 - 217 - 220 - 221 - 232 - 240 - 245 - 250 - 253 - 262 - 263 - 267 - 271 - 273 - 274 - 276 - 280 - 281 - 282 - 289 - 291 - 294 - 296 - 302 - 307 - 312 - 314 - 321 - 324 - 330 - 336 - 337 - 343 - 347 - 350 - 351 - 357 - 359 - 361 - 362 - 366 - 373 - 376 - 377 - 379 - 381 - 387 - 389 - 390 - 391 - 395 - 398 - 399 - 400 - 401 - 403 - 408 - 411 - 412 - 413 - 416 - 419 - 421 - 423 - 425 - 426 - 431 - 433 - 440 - 443 - 446 - 450 - 471 - 478 - 479 - 481 - 482 - 485 - 486 - 490 - 491,118612.8,8.1,79495,66165,74.14,Cost: 79495 & Capacity: 66165
0 - 1 - 2 - 4 - 5 - 6 - 8 - 10 - 11 - 12 - 14 - 15 - 16 - 18 - 19 - 20 - 22 - 24 - 26 - 27 - 29 - 30 - 31 - 33 - 34 - 35 - 36 - 40 - 41 - 42 - 43 - 44 - 45 - 46 - 49 - 50 - 52 - 57 - 58 - 60 - 61 - 63 - 64 - 66 - 67 - 68 - 70 - 71 - 72 - 74 - 75 - 77 - 78 - 79 - 80 - 81 - 82 - 83 - 85 - 86 - 87 - 88 - 90 - 91 - 92 - 97 - 98 - 99 - 101 - 102 - 103 - 105 - 106 - 108 - 110 - 112 - 114 - 115 - 116 - 117 - 118 - 120 - 121 - 122 - 123 - 124 - 125 - 126 - 127 - 129 - 130 - 131 - 133 - 134 - 135 - 137 - 138 - 140 - 141 - 142 - 145 - 146 - 147 - 149 - 150 - 152 - 157 - 158 - 159 - 160 - 162 - 163 - 164 - 165 - 167 - 169 - 171 - 173 - 174 - 178 - 179 - 181 - 182 - 184 - 185 - 187 - 188 - 189 - 191 - 192 - 194 - 197 - 202 - 204 - 205 - 207 - 208 - 211 - 212 - 215 - 216 - 217 - 219 - 220 - 222 - 225 - 226 - 227 - 228 - 229 - 232 - 234 - 235 - 236 - 237 - 239 - 241 - 242 - 246 - 247 - 249 - 251 - 252 - 253 - 254 - 255 - 257 - 259 - 260 - 263 - 267 - 269 - 271 - 273 - 274 - 276 - 278 - 279 - 281 - 283 - 286 - 290 - 293 - 295 - 297 - 298 - 299 - 302 - 305 - 306 - 309 - 310 - 311 - 312 - 314 - 315 - 316 - 318 - 319 - 320 - 321 - 323 - 324 - 326 - 329 - 330 - 331 - 337 - 338 - 340 - 341 - 343 - 347 - 350 - 351 - 352 - 354 - 355 - 356 - 358 - 359 - 361 - 366 - 368 - 370 - 371 - 372 - 373 - 374 - 378 - 379 - 380 - 381 - 382 - 383 - 384 - 387 - 389 - 390 - 391 - 394 - 396 - 397 - 399 - 401 - 402 - 404 - 405 - 406 - 408 - 409 - 410 - 411 - 413 - 414 - 415 - 419 - 423 - 426 - 427 - 429 - 431 - 434 - 436 - 437 - 438 - 439 - 440 - 441 - 442 - 443 - 444 - 447 - 451 - 454 - 455 - 456 - 457 - 458 - 461 - 462 - 463 - 464 - 469 - 470 - 471 - 473 - 474 - 479 - 480 - 482 - 483 - 485 - 487 - 489 - 490 - 495 - 498 - 499,566804.6,3.7,94817,102182,74.45,Cost: 94817 & Capacity: 102182
0 - 1 - 2 - 4 - 5 - 6 - 8 - 10 - 11 - 12 - 14 - 15 - 16 - 18 - 19 - 20 - 22 - 24 - 26 - 27 - 29 - 30 - 34 - 35 - 36 - 40 - 41 - 42 - 43 - 44 - 45 - 46 - 49 - 50 - 52 - 54 - 57 - 58 - 60 - 61 - 63 - 64 - 66 - 67 - 68 - 70 - 71 - 72 - 74 - 75 - 77 - 78 - 79 - 80 - 81 - 82 - 83 - 85 - 86 - 87 - 88 - 90 - 91 - 92 - 97 - 98 - 99 - 101 - 102 - 103 - 105 - 106 - 108 - 110 - 112 - 114 - 115 - 116 - 117 - 118 - 120 - 121 - 122 - 123 - 124 - 125 - 126 - 127 - 129 - 130 - 131 - 133 - 134 - 135 - 137 - 140 - 141 - 142 - 145 - 146 - 147 - 149 - 150 - 152 - 157 - 158 - 159 - 162 - 163 - 164 - 165 - 167 - 169 - 171 - 172 - 173 - 174 - 178 - 179 - 181 - 182 - 184 - 185 - 187 - 188 - 189 - 191 - 192 - 194 - 196 - 197 - 202 - 204 - 205 - 207 - 208 - 211 - 212 - 215 - 216 - 217 - 220 - 222 - 225 - 226 - 227 - 228 - 229 - 232 - 234 - 235 - 236 - 237 - 239 - 241 - 242 - 246 - 247 - 249 - 251 - 252 - 253 - 254 - 255 - 257 - 259 - 260 - 263 - 267 - 269 - 271 - 273 - 274 - 276 - 278 - 279 - 281 - 283 - 286 - 290 - 293 - 294 - 295 - 297 - 298 - 299 - 302 - 305 - 306 - 309 - 310 - 311 - 312 - 314 - 315 - 316 - 318 - 319 - 320 - 321 - 323 - 324 - 326 - 329 - 330 - 331 - 337 - 338 - 340 - 341 - 343 - 347 - 350 - 351 - 352 - 354 - 355 - 356 - 358 - 359 - 361 - 366 - 368 - 370 - 371 - 372 - 373 - 374 - 378 - 379 - 380 - 381 - 382 - 383 - 384 - 387 - 389 - 390 - 391 - 394 - 396 - 397 - 399 - 401 - 402 - 404 - 405 - 406 - 408 - 409 - 410 - 411 - 413 - 414 - 415 - 419 - 423 - 426 - 427 - 429 - 431 - 434 - 436 - 437 - 438 - 439 - 440 - 441 - 442 - 443 - 444 - 447 - 451 - 454 - 455 - 456 - 457 - 458 - 461 - 462 - 463 - 464 - 469 - 470 - 471 - 473 - 474 - 479 - 480 - 482 - 483 - 485 - 487 - 489 - 490 - 495 - 498 - 499,565484.0,3.8,94815,102236,74.49,Cost: 94815 & Capacity: 102236
0 - 1 - 2 - 4 - 5 - 6 - 8 - 10 - 11 - 12 - 14 - 15 - 16 - 18 - 19 - 20 - 22 - 24 - 26 - 27 - 29 - 30 - 34 - 35 - 36 - 40 - 41 - 42 - 43 - 44 - 45 - 46 - 49 - 50 - 52 - 54 - 57 - 58 - 60 - 61 - 63 - 64 - 66 - 67 - 68 - 70 - 71 - 72 - 74 - 75 - 77 - 78 - 79 - 80 - 81 - 82 - 83 - 85 - 86 - 87 - 88 - 90 - 91 - 92 - 97 - 98 - 99 - 101 - 102 - 103 - 105 - 106 - 108 - 110 - 112 - 114 - 115 - 116 - 117 - 118 - 120 - 121 - 122 - 123 - 124 - 125 - 126 - 127 - 129 - 130 - 131 - 133 - 134 - 135 - 137 - 140 - 141 - 142 - 145 - 146 - 147 - 149 - 150 - 152 - 157 - 158 - 159 - 162 - 163 - 164 - 165 - 167 - 169 - 171 - 172 - 173 - 174 - 178 - 179 - 181 - 182 - 184 - 185 - 187 - 188 - 189 - 191 - 192 - 194 - 196 - 197 - 202 - 204 - 205 - 207 - 208 - 211 - 212 - 215 - 216 - 217 - 220 - 222 - 225 - 226 - 227 - 228 - 229 - 232 - 234 - 235 - 236 - 237 - 239 - 241 - 242 - 246 - 247 - 249 - 251 - 252 - 253 - 254 - 255 - 257 - 259 - 260 - 263 - 267 - 269 - 271 - 273 - 274 - 276 - 278 - 279 - 281 - 283 - 286 - 290 - 293 - 294 - 295 - 297 - 298 - 299 - 302 - 305 - 306 - 309 - 310 - 311 - 312 - 314 - 315 - 316 - 318 - 319 - 320 - 321 - 323 - 324 - 326 - 329 - 330 - 331 - 337 - 338 - 340 - 341 - 343 - 347 - 350 - 351 - 352 - 354 - 355 - 356 - 358 - 359 - 361 - 366 - 368 - 370 - 371 - 372 - 373 - 374 - 378 - 379 - 380 - 381 - 382 - 383 - 384 - 387 - 389 - 390 - 391 - 394 - 396 - 397 - 399 - 401 - 402 - 404 - 405 - 406 - 408 - 409 - 410 - 411 - 413 - 414 - 415 - 419 - 423 - 426 - 427 - 429 - 431 - 434 - 436 - 437 - 438 - 439 - 440 - 441 - 442 - 443 - 444 - 447 - 451 - 454 - 455 - 456 - 457 - 458 - 461 - 462 - 463 - 464 - 469 - 470 - 471 - 473 - 474 - 479 - 480 - 482 - 483 - 485 - 487 - 489 - 490 - 495 - 498 - 499,565484.0,3.8,94815,102236,77.38,Cost: 94815 & Capacity: 102236
0 - 1 - 2 - 4 - 5 - 6 - 8 - 10 - 11 - 12 - 14 - 15 - 16 - 18 - 19 - 20 - 22 - 24 - 26 - 27 - 29 - 30 - 34 - 35 - 36 - 40 - 41 - 42 - 43 - 44 - 45 - 46 - 49 - 50 - 52 - 54 - 57 - 58 - 60 - 61 - 63 - 64 - 66 - 67 - 68 - 70 - 71 - 72 - 74 - 75 - 77 - 78 - 79 - 80 - 81 - 82 - 83 - 85 - 86 - 87 - 88 - 90 - 91 - 92 - 97 - 98 - 99 - 101 - 102 - 103 - 105 - 106 - 108 - 110 - 112 - 114 - 115 - 116 - 117 - 118 - 120 - 121 - 122 - 123 - 124 - 125 - 126 - 127 - 129 - 130 - 131 - 133 - 134 - 135 - 137 - 140 - 141 - 142 - 145 - 146 - 147 - 149 - 150 - 152 - 157 - 158 - 159 - 162 - 163 - 164 - 165 - 167 - 169 - 171 - 172 - 173 - 174 - 178 - 179 - 181 - 182 - 184 - 185 - 187 - 188 - 189 - 191 - 192 - 194 - 196 - 197 - 202 - 204 - 205 - 207 - 208 - 211 - 212 - 215 - 216 - 217 - 220 - 222 - 225 - 226 - 227 - 228 - 229 - 232 - 234 - 235 - 236 - 237 - 239 - 241 - 242 - 246 - 247 - 249 - 251 - 252 - 253 - 254 - 255 - 257 - 259 - 260 - 263 - 267 - 269 - 271 - 273 - 274 - 276 - 278 - 279 - 281 - 283 - 286 - 290 - 293 - 294 - 295 - 297 - 298 - 299 - 302 - 305 - 306 - 309 - 310 - 311 - 312 - 314 - 315 - 316 - 318 - 319 - 320 - 321 - 323 - 324 - 326 - 329 - 330 - 331 - 337 - 338 - 340 - 341 - 343 - 347 - 350 - 351 - 352 - 354 - 355 - 356 - 358 - 359 - 361 - 366 - 368 - 370 - 371 - 372 - 373 - 374 - 378 - 379 - 380 - 381 - 382 - 383 - 384 - 387 - 389 - 390 - 391 - 394 - 396 - 397 - 399 - 401 - 402 - 404 - 405 - 406 - 408 - 409 - 410 - 411 - 413 - 414 - 415 - 419 - 423 - 426 - 427 - 429 - 431 - 434 - 436 - 437 - 438 - 439 - 440 - 441 - 442 - 443 - 444 - 447 - 451 - 454 - 455 - 456 - 457 - 458 - 461 - 462 - 463 - 464 - 469 - 470 - 471 - 473 - 474 - 479 - 480 - 482 - 483 - 485 - 487 - 489 - 490 - 495 - 498 - 499,565484.0,3.8,94815,102236,78.22,Cost: 94815 & Capacity: 102236
4 - 5 - 6 - 10 - 11 - 16 - 30 - 32 - 37 - 40 - 41 - 45 - 46 - 48 - 53 - 54 - 55 - 58 - 60 - 62 - 64 - 67 - 68 - 69 - 71 - 73 - 74 - 75 - 78 - 79 - 80 - 82 - 85 - 86 - 92 - 98 - 99 - 100 - 104 - 107 - 111 - 112 - 113 - 114 - 115 - 121 - 124 - 131 - 135 - 140 - 155 - 157 - 159 - 160 - 161 - 164 - 165 - 181 - 185 - 186 - 189 - 194 - 196 - 197 - 201 - 204 - 220 - 221 - 225 - 228 - 238 - 240 - 243 - 248 - 253 - 255 - 261 - 262 - 265 - 267 - 273 - 274 - 276 - 277 - 280 - 281 - 284 - 286 - 289 - 291 - 294 - 296 - 299 - 302 - 304 - 305 - 307 - 309 - 312 - 317 - 318 - 321 - 330 - 331 - 337 - 338 - 342 - 349 - 350 - 351 - 352 - 355 - 359 - 362 - 366 - 367 - 369 - 372 - 373 - 376 - 379 - 381 - 383 - 384 - 386 - 388 - 389 - 390 - 391 - 395 - 398 - 401 - 406 - 408 - 411 - 421 - 423 - 425 - 426 - 431 - 442 - 443 - 450 - 461 - 470 - 471 - 472 - 474 - 477 - 481 - 482 - 485 - 486 - 487 - 491 - 493 - 498,170827.6,7.7,94713,78133,88.5,Cost: 94713 & Capacity: 78133
0 - 1 - 2 - 4 - 5 - 6 - 8 - 10 - 11 - 12 - 14 - 15 - 16 - 18 - 19 - 20 - 22 - 24 - 26 - 27 - 29 - 30 - 34 - 35 - 36 - 40 - 41 - 42 - 43 - 44 - 45 - 46 - 49 - 50 - 52 - 54 - 57 - 58 - 60 - 61 - 63 - 64 - 66 - 67 - 68 - 70 - 71 - 72 - 74 - 75 - 77 - 78 - 79 - 80 - 81 - 82 - 83 - 85 - 86 - 87 - 88 - 90 - 91 - 92 - 97 - 98 - 99 - 101 - 102 - 103 - 105 - 106 - 108 - 110 - 112 - 114 - 115 - 116 - 117 - 118 - 120 - 121 - 122 - 123 - 124 - 125 - 126 - 127 - 129 - 130 - 131 - 133 - 134 - 135 - 137 - 140 - 141 - 142 - 145 - 146 - 147 - 149 - 150 - 152 - 157 - 158 - 159 - 162 - 163 - 164 - 165 - 167 - 169 - 171 - 172 - 173 - 174 - 178 - 179 - 181 - 182 - 184 - 185 - 187 - 188 - 189 - 191 - 192 - 194 - 196 - 197 - 202 - 204 - 205 - 207 - 208 - 211 - 212 - 215 - 216 - 217 - 220 - 222 - 225 - 226 - 227 - 228 - 229 - 232 - 234 - 235 - 236 - 237 - 239 - 241 - 242 - 246 - 247 - 249 - 251 - 252 - 253 - 254 - 255 - 257 - 259 - 260 - 263 - 267 - 269 - 271 - 273 - 274 - 276 - 278 - 279 - 281 - 283 - 286 - 290 - 293 - 294 - 295 - 297 - 298 - 299 - 302 - 305 - 306 - 309 - 310 - 311 - 312 - 314 - 315 - 316 - 318 - 319 - 320 - 321 - 323 - 324 - 326 - 329 - 330 - 331 - 337 - 338 - 340 - 341 - 343 - 347 - 350 - 351 - 352 - 354 - 355 - 356 - 358 - 359 - 361 - 366 - 368 - 370 - 371 - 372 - 373 - 374 - 378 - 379 - 380 - 381 - 382 - 383 - 384 - 387 - 389 - 390 - 391 - 394 - 396 - 397 - 399 - 401 - 402 - 404 - 405 - 406 - 408 - 409 - 410 - 411 - 413 - 414 - 415 - 419 - 423 - 426 - 427 - 429 - 431 - 434 - 436 - 437 - 438 - 439 - 440 - 441 - 442 - 443 - 444 - 447 - 451 - 454 - 455 - 456 - 457 - 458 - 461 - 462 - 463 - 464 - 469 - 470 - 471 - 473 - 474 - 479 - 480 - 482 - 483 - 485 - 487 - 489 - 490 - 495 - 498 - 499,565484.0,3.8,94815,102236,89.97,Cost: 94815 & Capacity: 102236
0 - 1 - 2 - 4 - 5 - 6 - 8 - 10 - 11 - 12 - 14 - 15 - 16 - 18 - 19 - 20 - 22 - 24 - 26 - 27 - 29 - 30 - 34 - 35 - 36 - 40 - 41 - 42 - 43 - 44 - 45 - 46 - 49 - 50 - 52 - 54 - 57 - 58 - 60 - 61 - 63 - 64 - 66 - 67 - 68 - 70 - 71 - 72 - 74 - 75 - 77 - 78 - 79 - 80 - 81 - 82 - 83 - 85 - 86 - 87 - 88 - 90 - 91 - 92 - 97 - 98 - 99 - 101 - 102 - 103 - 105 - 106 - 108 - 110 - 112 - 114 - 115 - 116 - 117 - 118 - 120 - 121 - 122 - 123 - 124 - 125 - 126 - 127 - 129 - 130 - 131 - 133 - 134 - 135 - 137 - 140 - 141 - 142 - 145 - 146 - 147 - 149 - 150 - 152 - 157 - 158 - 159 - 162 - 163 - 164 - 165 - 167 - 169 - 171 - 172 - 173 - 174 - 178 - 179 - 181 - 182 - 184 - 185 - 187 - 188 - 189 - 191 - 192 - 194 - 196 - 197 - 202 - 204 - 205 - 207 - 208 - 211 - 212 - 215 - 216 - 217 - 220 - 222 - 225 - 226 - 227 - 228 - 229 - 232 - 234 - 235 - 236 - 237 - 239 - 241 - 242 - 246 - 247 - 249 - 251 - 252 - 253 - 254 - 255 - 257 - 259 - 260 - 263 - 267 - 269 - 271 - 273 - 274 - 276 - 278 - 279 - 281 - 283 - 286 - 290 - 293 - 294 - 295 - 297 - 298 - 299 - 302 - 305 - 306 - 309 - 310 - 311 - 312 - 314 - 315 - 316 - 318 - 319 - 320 - 321 - 323 - 324 - 326 - 329 - 330 - 331 - 337 - 338 - 340 - 341 - 343 - 347 - 350 - 351 - 352 - 354 - 355 - 356 - 358 - 359 - 361 - 366 - 368 - 370 - 371 - 372 - 373 - 374 - 378 - 379 - 380 - 381 - 382 - 383 - 384 - 387 - 389 - 390 - 391 - 394 - 396 - 397 - 399 - 401 - 402 - 404 - 405 - 406 - 408 - 409 - 410 - 411 - 413 - 414 - 415 - 419 - 423 - 426 - 427 - 429 - 431 - 434 - 436 - 437 - 438 - 439 - 440 - 441 - 442 - 443 - 444 - 447 - 451 - 454 - 455 - 456 - 457 - 458 - 461 - 462 - 463 - 464 - 469 - 470 - 471 - 473 - 474 - 479 - 480 - 482 - 483 - 485 - 487 - 489 - 490 - 495 - 498 - 499,565484.0,3.8,94815,102236,94.49,Cost: 94815 & Capacity: 102236
0 - 1 - 2 - 4 - 5 - 6 - 8 - 10 - 11 - 12 - 14 - 15 - 16 - 18 - 19 - 20 - 22 - 24 - 26 - 27 - 29 - 30 - 31 - 34 - 35 - 36 - 40 - 41 - 42 - 43 - 44 - 45 - 46 - 49 - 50 - 52 - 57 - 58 - 60 - 61 - 63 - 64 - 66 - 67 - 68 - 71 - 72 - 74 - 75 - 77 - 78 - 79 - 80 - 81 - 82 - 83 - 85 - 86 - 87 - 88 - 90 - 91 - 92 - 97 - 98 - 99 - 101 - 102 - 103 - 105 - 106 - 108 - 110 - 112 - 114 - 115 - 116 - 117 - 118 - 120 - 121 - 122 - 123 - 124 - 125 - 126 - 127 - 128 - 129 - 130 - 131 - 133 - 134 - 135 - 137 - 138 - 140 - 141 - 142 - 145 - 146 - 147 - 149 - 150 - 152 - 157 - 158 - 159 - 160 - 162 - 163 - 164 - 165 - 167 - 169 - 171 - 173 - 174 - 178 - 179 - 181 - 182 - 184 - 185 - 187 - 188 - 189 - 191 - 192 - 194 - 197 - 202 - 204 - 205 - 207 - 208 - 211 - 212 - 215 - 216 - 217 - 219 - 220 - 222 - 225 - 226 - 227 - 228 - 229 - 232 - 234 - 235 - 236 - 237 - 239 - 241 - 242 - 246 - 247 - 249 - 251 - 252 - 253 - 254 - 255 - 257 - 259 - 260 - 263 - 267 - 269 - 271 - 273 - 274 - 276 - 278 - 279 - 281 - 283 - 286 - 290 - 293 - 295 - 297 - 298 - 299 - 302 - 305 - 306 - 309 - 310 - 311 - 312 - 314 - 315 - 316 - 318 - 319 - 320 - 321 - 323 - 324 - 326 - 329 - 330 - 331 - 336 - 337 - 338 - 340 - 341 - 343 - 347 - 350 - 351 - 352 - 354 - 355 - 356 - 358 - 359 - 361 - 366 - 368 - 370 - 371 - 372 - 373 - 374 - 378 - 379 - 380 - 381 - 382 - 383 - 384 - 387 - 389 - 390 - 391 - 394 - 396 - 397 - 399 - 401 - 402 - 404 - 405 - 406 - 408 - 409 - 410 - 411 - 413 - 414 - 415 - 419 - 423 - 426 - 427 - 429 - 431 - 434 - 436 - 437 - 438 - 439 - 440 - 441 - 442 - 443 - 444 - 447 - 451 - 454 - 455 - 456 - 457 - 458 - 461 - 462 - 463 - 464 - 469 - 470 - 471 - 473 - 474 - 479 - 480 - 482 - 483 - 485 - 487 - 489 - 490 - 495 - 498 - 499,566846.3,3.7,94807,102288,99.19,Cost: 94807 & Capacity: 102288
0 - 1 - 2 - 4 - 5 - 6 - 8 - 10 - 11 - 12 - 14 - 15 - 16 - 18 - 19 - 20 - 22 - 24 - 26 - 27 - 29 - 30 - 34 - 35 - 36 - 40 - 41 - 42 - 43 - 44 - 45 - 46 - 49 - 50 - 52 - 54 - 57 - 58 - 60 - 61 - 63 - 64 - 66 - 67 - 68 - 70 - 71 - 72 - 74 - 75 - 77 - 78 - 79 - 80 - 81 - 82 - 83 - 85 - 86 - 87 - 88 - 90 - 91 - 92 - 97 - 98 - 99 - 101 - 102 - 103 - 105 - 106 - 108 - 110 - 112 - 114 - 115 - 116 - 117 - 118 - 120 - 121 - 122 - 123 - 124 - 125 - 126 - 127 - 129 - 130 - 131 - 133 - 134 - 135 - 137 - 140 - 141 - 142 - 145 - 146 - 147 - 149 - 150 - 152 - 157 - 158 - 159 - 162 - 163 - 164 - 165 - 167 - 169 - 171 - 172 - 173 - 174 - 178 - 179 - 181 - 182 - 184 - 185 - 187 - 188 - 189 - 191 - 192 - 194 - 196 - 197 - 202 - 204 - 205 - 207 - 208 - 211 - 212 - 215 - 216 - 217 - 220 - 222 - 225 - 226 - 227 - 228 - 229 - 232 - 234 - 235 - 236 - 237 - 239 - 241 - 242 - 246 - 247 - 249 - 251 - 252 - 253 - 254 - 255 - 257 - 259 - 260 - 263 - 267 - 269 - 271 - 273 - 274 - 276 - 278 - 279 - 281 - 283 - 286 - 290 - 293 - 294 - 295 - 297 - 298 - 299 - 302 - 305 - 306 - 309 - 310 - 311 - 312 - 314 - 315 - 316 - 318 - 319 - 320 - 321 - 323 - 324 - 326 - 329 - 330 - 331 - 337 - 338 - 340 - 341 - 343 - 347 - 350 - 351 - 352 - 354 - 355 - 356 - 358 - 359 - 361 - 366 - 368 - 370 - 371 - 372 - 373 - 374 - 378 - 379 - 380 - 381 - 382 - 383 - 384 - 387 - 389 - 390 - 391 - 394 - 396 - 397 - 399 - 401 - 402 - 404 - 405 - 406 - 408 - 409 - 410 - 411 - 413 - 414 - 415 - 419 - 423 - 426 - 427 - 429 - 431 - 434 - 436 - 437 - 438 - 439 - 440 - 441 - 442 - 443 - 444 - 447 - 451 - 454 - 455 - 456 - 457 - 458 - 461 - 462 - 463 - 464 - 469 - 470 - 471 - 473 - 474 - 479 - 480 - 482 - 483 - 485 - 487 - 489 - 490 - 495 - 498 - 499,565484.0,3.8,94815,102236,99.24,Cost: 94815 & Capacity: 102236
0 - 1 - 2 - 4 - 5 - 6 - 8 - 10 - 11 - 12 - 14 - 15 - 16 - 18 - 19 - 20 - 22 - 24 - 26 - 27 - 29 - 30 - 34 - 35 - 36 - 40 - 41 - 42 - 43 - 44 - 45 - 46 - 49 - 50 - 52 - 54 - 57 - 58 - 60 - 61 - 63 - 64 - 66 - 67 - 68 - 70 - 71 - 72 - 74 - 75 - 77 - 78 - 79 - 80 - 81 - 82 - 83 - 85 - 86 - 87 - 88 - 90 - 91 - 92 - 97 - 98 - 99 - 101 - 102 - 103 - 105 - 106 - 108 - 110 - 112 - 114 - 115 - 116 - 117 - 118 - 120 - 121 - 122 - 123 - 124 - 125 - 126 - 127 - 129 - 130 - 131 - 133 - 134 - 135 - 137 - 140 - 141 - 142 - 145 - 146 - 147 - 149 - 150 - 152 - 157 - 158 - 159 - 162 - 163 - 164 - 165 - 167 - 169 - 171 - 172 - 173 - 174 - 178 - 179 - 181 - 182 - 184 - 185 - 187 - 188 - 189 - 191 - 192 - 194 - 196 - 197 - 202 - 204 - 205 - 207 - 208 - 211 - 212 - 215 - 216 - 217 - 220 - 222 - 225 - 226 - 227 - 228 - 229 - 232 - 234 - 235 - 236 - 237 - 239 - 241 - 242 - 246 - 247 - 249 - 251 - 252 - 253 - 254 - 255 - 257 - 259 - 260 - 263 - 267 - 269 - 271 - 273 - 274 - 276 - 278 - 279 - 281 - 283 - 286 - 290 - 293 - 294 - 295 - 297 - 298 - 299 - 302 - 305 - 306 - 309 - 310 - 311 - 312 - 314 - 315 - 316 - 318 - 319 - 320 - 321 - 323 - 324 - 326 - 329 - 330 - 331 - 337 - 338 - 340 - 341 - 343 - 347 - 350 - 351 - 352 - 354 - 355 - 356 - 358 - 359 - 361 - 366 - 368 - 370 - 371 - 372 - 373 - 374 - 378 - 379 - 380 - 381 - 382 - 383 - 384 - 387 - 389 - 390 - 391 - 394 - 396 - 397 - 399 - 401 - 402 - 404 - 405 - 406 - 408 - 409 - 410 - 411 - 413 - 414 - 415 - 419 - 423 - 426 - 427 - 429 - 431 - 434 - 436 - 437 - 438 - 439 - 440 - 441 - 442 - 443 - 444 - 447 - 451 - 454 - 455 - 456 - 457 - 458 - 461 - 462 - 463 - 464 - 469 - 470 - 471 - 473 - 474 - 479 - 480 - 482 - 483 - 485 - 487 - 489 - 490 - 495 - 498 - 499,565484.0,3.8,94815,102236,101.96,Cost: 94815 & Capacity: 102236
0 - 1 - 2 - 4 - 5 - 6 - 8 - 10 - 11 - 12 - 14 - 15 - 16 - 18 - 19 - 20 - 22 - 24 - 26 - 27 - 29 - 30 - 31 - 34 - 35 - 36 - 40 - 41 - 42 - 43 - 44 - 45 - 46 - 49 - 50 - 52 - 57 - 58 - 60 - 61 - 63 - 64 - 66 - 67 - 68 - 71 - 72 - 74 - 75 - 77 - 78 - 79 - 80 - 81 - 82 - 83 - 85 - 86 - 87 - 88 - 90 - 91 - 92 - 97 - 98 - 99 - 101 - 102 - 103 - 105 - 106 - 108 - 110 - 112 - 114 - 115 - 116 - 117 - 118 - 120 - 121 - 122 - 123 - 124 - 125 - 126 - 127 - 129 - 130 - 131 - 133 - 134 - 135 - 137 - 138 - 140 - 141 - 142 - 145 - 146 - 147 - 149 - 150 - 152 - 157 - 158 - 159 - 160 - 162 - 163 - 164 - 165 - 167 - 169 - 171 - 172 - 173 - 174 - 178 - 179 - 181 - 182 - 184 - 185 - 187 - 188 - 189 - 191 - 192 - 194 - 197 - 202 - 204 - 205 - 207 - 208 - 211 - 212 - 215 - 216 - 217 - 219 - 220 - 222 - 225 - 226 - 227 - 228 - 229 - 232 - 234 - 235 - 236 - 237 - 239 - 241 - 242 - 246 - 247 - 249 - 251 - 252 - 253 - 254 - 255 - 257 - 259 - 260 - 263 - 267 - 269 - 271 - 273 - 274 - 276 - 278 - 279 - 281 - 283 - 286 - 290 - 293 - 294 - 295 - 297 - 298 - 299 - 302 - 305 - 306 - 309 - 310 - 311 - 312 - 314 - 315 - 316 - 318 - 319 - 320 - 321 - 323 - 324 - 326 - 329 - 330 - 331 - 337 - 338 - 340 - 341 - 343 - 347 - 350 - 351 - 352 - 354 - 355 - 356 - 358 - 359 - 361 - 366 - 368 - 370 - 371 - 372 - 373 - 374 - 378 - 379 - 380 - 381 - 382 - 383 - 384 - 387 - 389 - 390 - 391 - 394 - 396 - 397 - 399 - 401 - 402 - 404 - 405 - 406 - 408 - 409 - 410 - 411 - 413 - 414 - 415 - 419 - 423 - 426 - 427 - 429 - 431 - 434 - 436 - 437 - 438 - 439 - 440 - 441 - 442 - 443 - 444 - 447 - 451 - 454 - 455 - 456 - 457 - 458 - 461 - 462 - 463 - 464 - 469 - 470 - 471 - 473 - 474 - 479 - 480 - 482 - 483 - 485 - 487 - 489 - 490 - 495 - 498 - 499,566752.2,3.7,94797,102251,101.99,Cost: 94797 & Capacity: 102251
0 - 1 - 2 - 4 - 5 - 6 - 8 - 10 - 11 - 12 - 14 - 15 - 16 - 18 - 19 - 20 - 22 - 24 - 26 - 27 - 29 - 30 - 31 - 34 - 35 - 36 - 40 - 41 - 42 - 43 - 44 - 45 - 46 - 49 - 50 - 52 - 54 - 57 - 58 - 60 - 63 - 64 - 66 - 67 - 68 - 70 - 71 - 72 - 74 - 75 - 77 - 78 - 79 - 80 - 81 - 82 - 83 - 85 - 86 - 87 - 88 - 90 - 91 - 92 - 97 - 98 - 99 - 101 - 102 - 103 - 105 - 106 - 108 - 110 - 112 - 114 - 115 - 116 - 118 - 120 - 121 - 122 - 123 - 124 - 125 - 126 - 127 - 128 - 129 - 130 - 131 - 133 - 134 - 135 - 138 - 140 - 141 - 142 - 145 - 146 - 147 - 149 - 150 - 152 - 157 - 158 - 159 - 162 - 164 - 165 - 167 - 169 - 171 - 172 - 173 - 174 - 178 - 179 - 181 - 182 - 184 - 185 - 187 - 188 - 189 - 191 - 192 - 194 - 196 - 197 - 202 - 204 - 205 - 207 - 211 - 215 - 216 - 217 - 220 - 222 - 225 - 226 - 227 - 228 - 229 - 232 - 234 - 235 - 236 - 237 - 239 - 241 - 242 - 246 - 249 - 251 - 252 - 253 - 254 - 255 - 257 - 259 - 263 - 267 - 269 - 271 - 273 - 274 - 276 - 278 - 279 - 281 - 283 - 286 - 290 - 293 - 294 - 295 - 297 - 298 - 299 - 302 - 305 - 309 - 310 - 311 - 312 - 314 - 315 - 316 - 318 - 319 - 320 - 321 - 323 - 324 - 326 - 329 - 330 - 331 - 336 - 337 - 338 - 340 - 341 - 343 - 347 - 350 - 351 - 352 - 354 - 355 - 356 - 358 - 359 - 366 - 368 - 370 - 371 - 372 - 373 - 374 - 378 - 379 - 380 - 381 - 382 - 383 - 384 - 387 - 389 - 390 - 391 - 394 - 396 - 397 - 399 - 401 - 402 - 404 - 405 - 406 - 408 - 409 - 410 - 411 - 413 - 414 - 415 - 419 - 423 - 426 - 427 - 429 - 431 - 434 - 436 - 437 - 438 - 439 - 440 - 441 - 442 - 443 - 444 - 447 - 451 - 454 - 455 - 457 - 458 - 461 - 462 - 463 - 464 - 469 - 470 - 471 - 473 - 474 - 478 - 479 - 480 - 482 - 483 - 485 - 487 - 489 - 490 - 495 - 498 - 499,545213.8,4.8,94810,101996,102.2,Cost: 94810 & Capacity: 101996
0 - 1 - 2 - 4 - 5 - 6 - 8 - 10 - 11 - 12 - 14 - 15 - 16 - 18 - 19 - 20 - 22 - 24 - 26 - 27 - 29 - 30 - 34 - 35 - 36 - 40 - 41 - 42 - 43 - 44 - 45 - 46 - 49 - 50 - 52 - 54 - 57 - 58 - 60 - 61 - 63 - 64 - 66 - 67 - 68 - 70 - 71 - 72 - 74 - 75 - 77 - 78 - 79 - 80 - 81 - 82 - 83 - 85 - 86 - 87 - 88 - 90 - 91 - 92 - 97 - 98 - 99 - 101 - 102 - 103 - 105 - 106 - 108 - 110 - 112 - 114 - 115 - 116 - 117 - 118 - 120 - 121 - 122 - 123 - 124 - 125 - 126 - 127 - 129 - 130 - 131 - 133 - 134 - 135 - 137 - 140 - 141 - 142 - 145 - 146 - 147 - 149 - 150 - 152 - 157 - 158 - 159 - 162 - 163 - 164 - 165 - 167 - 169 - 171 - 172 - 173 - 174 - 178 - 179 - 181 - 182 - 184 - 185 - 187 - 188 - 189 - 191 - 192 - 194 - 196 - 197 - 202 - 204 - 205 - 207 - 208 - 211 - 212 - 215 - 216 - 217 - 220 - 222 - 225 - 226 - 227 - 228 - 229 - 232 - 234 - 235 - 236 - 237 - 239 - 241 - 242 - 246 - 247 - 249 - 251 - 252 - 253 - 254 - 255 - 257 - 259 - 260 - 263 - 267 - 269 - 271 - 273 - 274 - 276 - 278 - 279 - 281 - 283 - 286 - 290 - 293 - 294 - 295 - 297 - 298 - 299 - 302 - 305 - 306 - 309 - 310 - 311 - 312 - 314 - 315 - 316 - 318 - 319 - 320 - 321 - 323 - 324 - 326 - 329 - 330 - 331 - 337 - 338 - 340 - 341 - 343 - 347 - 350 - 351 - 352 - 354 - 355 - 356 - 358 - 359 - 361 - 366 - 368 - 370 - 371 - 372 - 373 - 374 - 378 - 379 - 380 - 381 - 382 - 383 - 384 - 387 - 389 - 390 - 391 - 394 - 396 - 397 - 399 - 401 - 402 - 404 - 405 - 406 - 408 - 409 - 410 - 411 - 413 - 414 - 415 - 419 - 423 - 426 - 427 - 429 - 431 - 434 - 436 - 437 - 438 - 439 - 440 - 441 - 442 - 443 - 444 - 447 - 451 - 454 - 455 - 456 - 457 - 458 - 461 - 462 - 463 - 464 - 469 - 470 - 471 - 473 - 474 - 479 - 480 - 482 - 483 - 485 - 487 - 489 - 490 - 495 - 498 - 499,565484.0,3.8,94815,102236,104.37,Cost: 94815 & Capacity: 102236
0 - 1 - 2 - 4 - 5 - 6 - 8 - 10 - 11 - 12 - 14 - 15 - 16 - 18 - 19 - 20 - 22 - 24 - 26 - 27 - 29 - 30 - 34 - 35 - 36 - 40 - 41 - 42 - 43 - 44 - 45 - 46 - 49 - 50 - 52 - 54 - 57 - 58 - 60 - 61 - 63 - 64 - 66 - 67 - 68 - 70 - 71 - 72 - 74 - 75 - 77 - 78 - 79 - 80 - 81 - 82 - 83 - 85 - 86 - 87 - 88 - 90 - 91 - 92 - 97 - 98 - 99 - 101 - 102 - 103 - 105 - 106 - 108 - 110 - 112 - 114 - 115 - 116 - 117 - 118 - 120 - 121 - 122 - 123 - 124 - 125 - 126 - 127 - 129 - 130 - 131 - 133 - 134 - 135 - 137 - 140 - 141 - 142 - 145 - 146 - 147 - 149 - 150 - 152 - 157 - 158 - 159 - 162 - 163 - 164 - 165 - 167 - 169 - 171 - 172 - 173 - 174 - 178 - 179 - 181 - 182 - 184 - 185 - 187 - 188 - 189 - 191 - 192 - 194 - 196 - 197 - 202 - 204 - 205 - 207 - 208 - 211 - 212 - 215 - 216 - 217 - 220 - 222 - 225 - 226 - 227 - 228 - 229 - 232 - 234 - 235 - 236 - 237 - 239 - 241 - 242 - 246 - 247 - 249 - 251 - 252 - 253 - 254 - 255 - 257 - 259 - 260 - 263 - 267 - 269 - 271 - 273 - 274 - 276 - 278 - 279 - 281 - 283 - 286 - 290 - 293 - 294 - 295 - 297 - 298 - 299 - 302 - 305 - 306 - 309 - 310 - 311 - 312 - 314 - 315 - 316 - 318 - 319 - 320 - 321 - 323 - 324 - 326 - 329 - 330 - 331 - 337 - 338 - 340 - 341 - 343 - 347 - 350 - 351 - 352 - 354 - 355 - 356 - 358 - 359 - 361 - 366 - 368 - 370 - 371 - 372 - 373 - 374 - 378 - 379 - 380 - 381 - 382 - 383 - 384 - 387 - 389 - 390 - 391 - 394 - 396 - 397 - 399 - 401 - 402 - 404 - 405 - 406 - 408 - 409 - 410 - 411 - 413 - 414 - 415 - 419 - 423 - 426 - 427 - 429 - 431 - 434 - 436 - 437 - 438 - 439 - 440 - 441 - 442 - 443 - 444 - 447 - 451 - 454 - 455 - 456 - 457 - 458 - 461 - 462 - 463 - 464 - 469 - 470 - 471 - 473 - 474 - 479 - 480 - 482 - 483 - 485 - 487 - 489 - 490 - 495 - 498 - 499,565484.0,3.8,94815,102236,105.09,Cost: 94815 & Capacity: 102236
0 - 1 - 2 - 4 - 5 - 6 - 8 - 10 - 11 - 12 - 14 - 15 - 16 - 18 - 19 - 20 - 22 - 24 - 26 - 27 - 29 - 30 - 34 - 35 - 36 - 40 - 41 - 42 - 43 - 44 - 45 - 46 - 49 - 50 - 52 - 54 - 57 - 58 - 60 - 61 - 63 - 64 - 66 - 67 - 68 - 70 - 71 - 72 - 74 - 75 - 77 - 78 - 79 - 80 - 81 - 82 - 83 - 85 - 86 - 87 - 88 - 90 - 91 - 92 - 97 - 98 - 99 - 101 - 102 - 103 - 105 - 106 - 108 - 110 - 112 - 114 - 115 - 116 - 117 - 118 - 120 - 121 - 122 - 123 - 124 - 125 - 126 - 127 - 129 - 130 - 131 - 133 - 134 - 135 - 137 - 140 - 141 - 142 - 145 - 146 - 147 - 149 - 150 - 152 - 157 - 158 - 159 - 162 - 163 - 164 - 165 - 167 - 169 - 171 - 172 - 173 - 174 - 178 - 179 - 181 - 182 - 184 - 185 - 187 - 188 - 189 - 191 - 192 - 194 - 196 - 197 - 202 - 204 - 205 - 207 - 208 - 211 - 212 - 215 - 216 - 217 - 220 - 222 - 225 - 226 - 227 - 228 - 229 - 232 - 234 - 235 - 236 - 237 - 239 - 241 - 242 - 246 - 247 - 249 - 251 - 252 - 253 - 254 - 255 - 257 - 259 - 260 - 263 - 267 - 269 - 271 - 273 - 274 - 276 - 278 - 279 - 281 - 283 - 286 - 290 - 293 - 294 - 295 - 297 - 298 - 299 - 302 - 305 - 306 - 309 - 310 - 311 - 312 - 314 - 315 - 316 - 318 - 319 - 320 - 321 - 323 - 324 - 326 - 329 - 330 - 331 - 337 - 338 - 340 - 341 - 343 - 347 - 350 - 351 - 352 - 354 - 355 - 356 - 358 - 359 - 361 - 366 - 368 - 370 - 371 - 372 - 373 - 374 - 378 - 379 - 380 - 381 - 382 - 383 - 384 - 387 - 389 - 390 - 391 - 394 - 396 - 397 - 399 - 401 - 402 - 404 - 405 - 406 - 408 - 409 - 410 - 411 - 413 - 414 - 415 - 419 - 423 - 426 - 427 - 429 - 431 - 434 - 436 - 437 - 438 - 439 - 440 - 441 - 442 - 443 - 444 - 447 - 451 - 454 - 455 - 456 - 457 - 458 - 461 - 462 - 463 - 464 - 469 - 470 - 471 - 473 - 474 - 479 - 480 - 482 - 483 - 485 - 487 - 489 - 490 - 495 - 498 - 499,565484.0,3.8,94815,102236,106.05,Cost: 94815 & Capacity: 102236
0 - 1 - 2 - 4 - 5 - 6 - 8 - 10 - 11 - 12 - 14 - 15 - 16 - 18 - 19 - 20 - 22 - 24 - 26 - 27 - 29 - 30 - 34 - 35 - 36 - 40 - 41 - 42 - 43 - 44 - 45 - 46 - 49 - 50 - 52 - 54 - 57 - 58 - 60 - 61 - 63 - 64 - 66 - 67 - 68 - 70 - 71 - 72 - 74 - 75 - 77 - 78 - 79 - 80 - 81 - 82 - 83 - 85 - 86 - 87 - 88 - 90 - 91 - 92 - 97 - 98 - 99 - 101 - 102 - 103 - 105 - 106 - 108 - 110 - 112 - 114 - 115 - 116 - 117 - 118 - 120 - 121 - 122 - 123 - 124 - 125 - 126 - 127 - 129 - 130 - 131 - 133 - 134 - 135 - 137 - 140 - 141 - 142 - 145 - 146 - 147 - 149 - 150 - 152 - 157 - 158 - 159 - 162 - 163 - 164 - 165 - 167 - 169 - 171 - 172 - 173 - 174 - 178 - 179 - 181 - 182 - 184 - 185 - 187 - 188 - 189 - 191 - 192 - 194 - 196 - 197 - 202 - 204 - 205 - 207 - 208 - 211 - 212 - 215 - 216 - 217 - 220 - 222 - 225 - 226 - 227 - 228 - 229 - 232 - 234 - 235 - 236 - 237 - 239 - 241 - 242 - 246 - 247 - 249 - 251 - 252 - 253 - 254 - 255 - 257 - 259 - 260 - 263 - 267 - 269 - 271 - 273 - 274 - 276 - 278 - 279 - 281 - 283 - 286 - 290 - 293 - 294 - 295 - 297 - 298 - 299 - 302 - 305 - 306 - 309 - 310 - 311 - 312 - 314 - 315 - 316 - 318 - 319 - 320 - 321 - 323 - 324 - 326 - 329 - 330 - 331 - 337 - 338 - 340 - 341 - 343 - 347 - 350 - 351 - 352 - 354 - 355 - 356 - 358 - 359 - 361 - 366 - 368 - 370 - 371 - 372 - 373 - 374 - 378 - 379 - 380 - 381 - 382 - 383 - 384 - 387 - 389 - 390 - 391 - 394 - 396 - 397 - 399 - 401 - 402 - 404 - 405 - 406 - 408 - 409 - 410 - 411 - 413 - 414 - 415 - 419 - 423 - 426 - 427 - 429 - 431 - 434 - 436 - 437 - 438 - 439 - 440 - 441 - 442 - 443 - 444 - 447 - 451 - 454 - 455 - 456 - 457 - 458 - 461 - 462 - 463 - 464 - 469 - 470 - 471 - 473 - 474 - 479 - 480 - 482 - 483 - 485 - 487 - 489 - 490 - 495 - 498 - 499,565484.0,3.8,94815,102236,107.05,Cost: 94815 & Capacity: 102236
1 - 4 - 6 - 8 - 10 - 11 - 12 - 13 - 14 - 16 - 19 - 20 - 21 - 22 - 24 - 27 - 30 - 37 - 38 - 40 - 41 - 45 - 46 - 53 - 54 - 55 - 60 - 62 - 64 - 66 - 68 - 69 - 71 - 72 - 75 - 78 - 79 - 80 - 82 - 85 - 88 - 92 - 98 - 99 - 102 - 104 - 107 - 111 - 115 - 118 - 121 - 124 - 125 - 127 - 131 - 132 - 135 - 140 - 149 - 156 - 157 - 158 - 165 - 169 - 171 - 173 - 174 - 177 - 178 - 181 - 185 - 187 - 192 - 194 - 196 - 197 - 201 - 204 - 207 - 210 - 215 - 216 - 217 - 220 - 221 - 222 - 224 - 225 - 228 - 229 - 230 - 232 - 234 - 235 - 242 - 243 - 244 - 249 - 258 - 259 - 263 - 267 - 273 - 276 - 278 - 280 - 281 - 282 - 283 - 286 - 289 - 291 - 293 - 294 - 296 - 299 - 302 - 305 - 309 - 312 - 314 - 318 - 321 - 330 - 332 - 333 - 337 - 338 - 340 - 342 - 343 - 350 - 352 - 355 - 356 - 359 - 361 - 362 - 366 - 369 - 372 - 373 - 376 - 377 - 379 - 381 - 383 - 386 - 387 - 389 - 390 - 391 - 393 - 396 - 397 - 398 - 401 - 404 - 406 - 408 - 411 - 414 - 415 - 416 - 421 - 423 - 425 - 426 - 431 - 434 - 438 - 442 - 443 - 446 - 450 - 455 - 461 - 469 - 470 - 471 - 473 - 474 - 476 - 478 - 482 - 485 - 486 - 487 - 490 - 491 - 493 - 498,254449.4,7.0,94757,84101,107.22,Cost: 94757 & Capacity: 84101
6 - 10 - 14 - 24 - 30 - 40 - 54 - 59 - 60 - 64 - 68 - 71 - 78 - 79 - 80 - 82 - 99 - 104 - 107 - 108 - 111 - 120 - 128 - 130 - 135 - 155 - 156 - 159 - 186 - 189 - 193 - 194 - 197 - 204 - 206 - 210 - 221 - 227 - 243 - 248 - 257 - 261 - 267 - 273 - 274 - 280 - 281 - 283 - 291 - 294 - 296 - 301 - 302 - 311 - 312 - 318 - 319 - 321 - 330 - 332 - 337 - 338 - 340 - 342 - 343 - 346 - 349 - 355 - 360 - 363 - 366 - 369 - 376 - 377 - 381 - 383 - 389 - 390 - 398 - 401 - 404 - 406 - 411 - 414 - 421 - 423 - 425 - 434 - 443 - 478 - 482 - 483 - 486 - 491 - 493 - 498,65729.4,8.7,61003,52742,107.63,Cost: 61003 & Capacity: 52742
0 - 1 - 2 - 4 - 5 - 6 - 8 - 10 - 11 - 12 - 14 - 15 - 16 - 18 - 19 - 20 - 22 - 24 - 26 - 27 - 29 - 30 - 34 - 35 - 36 - 40 - 41 - 42 - 43 - 44 - 45 - 46 - 49 - 50 - 52 - 54 - 57 - 58 - 60 - 61 - 63 - 64 - 66 - 67 - 68 - 70 - 71 - 72 - 74 - 75 - 77 - 78 - 79 - 80 - 81 - 82 - 83 - 85 - 86 - 87 - 88 - 90 - 91 - 92 - 97 - 98 - 99 - 101 - 102 - 103 - 105 - 106 - 108 - 110 - 112 - 114 - 115 - 116 - 117 - 118 - 120 - 121 - 122 - 123 - 124 - 125 - 126 - 127 - 129 - 130 - 131 - 133 - 134 - 135 - 137 - 140 - 141 - 142 - 145 - 146 - 147 - 149 - 150 - 152 - 157 - 158 - 159 - 162 - 163 - 164 - 165 - 167 - 169 - 171 - 172 - 173 - 174 - 178 - 179 - 181 - 182 - 184 - 185 - 187 - 188 - 189 - 191 - 192 - 194 - 196 - 197 - 202 - 204 - 205 - 207 - 208 - 211 - 212 - 215 - 216 - 217 - 220 - 222 - 225 - 226 - 227 - 228 - 229 - 232 - 234 - 235 - 236 - 237 - 239 - 241 - 242 - 246 - 247 - 249 - 251 - 252 - 253 - 254 - 255 - 257 - 259 - 260 - 263 - 267 - 269 - 271 - 273 - 274 - 276 - 278 - 279 - 281 - 283 - 286 - 290 - 293 - 294 - 295 - 297 - 298 - 299 - 302 - 305 - 306 - 309 - 310 - 311 - 312 - 314 - 315 - 316 - 318 - 319 - 320 - 321 - 323 - 324 - 326 - 329 - 330 - 331 - 337 - 338 - 340 - 341 - 343 - 347 - 350 - 351 - 352 - 354 - 355 - 356 - 358 - 359 - 361 - 366 - 368 - 370 - 371 - 372 - 373 - 374 - 378 - 379 - 380 - 381 - 382 - 383 - 384 - 387 - 389 - 390 - 391 - 394 - 396 - 397 - 399 - 401 - 402 - 404 - 405 - 406 - 408 - 409 - 410 - 411 - 413 - 414 - 415 - 419 - 423 - 426 - 427 - 429 - 431 - 434 - 436 - 437 - 438 - 439 - 440 - 441 - 442 - 443 - 444 - 447 - 451 - 454 - 455 - 456 - 457 - 458 - 461 - 462 - 463 - 464 - 469 - 470 - 471 - 473 - 474 - 479 - 480 - 482 - 483 - 485 - 487 - 489 - 490 - 495 - 498 - 499,565484.0,3.8,94815,102236,109.39,Cost: 94815 & Capacity: 102236
0 - 1 - 2 - 4 - 5 - 6 - 8 - 10 - 11 - 12 - 14 - 15 - 16 - 18 - 19 - 20 - 22 - 24 - 26 - 27 - 29 - 30 - 34 - 35 - 36 - 40 - 41 - 42 - 43 - 44 - 45 - 46 - 49 - 50 - 52 - 54 - 57 - 58 - 60 - 61 - 63 - 64 - 66 - 67 - 68 - 70 - 71 - 72 - 74 - 75 - 77 - 78 - 79 - 80 - 81 - 82 - 83 - 85 - 86 - 87 - 88 - 90 - 91 - 92 - 97 - 98 - 99 - 101 - 102 - 103 - 105 - 106 - 108 - 110 - 112 - 114 - 115 - 116 - 117 - 118 - 120 - 121 - 122 - 123 - 124 - 125 - 126 - 127 - 129 - 130 - 131 - 133 - 134 - 135 - 137 - 140 - 141 - 142 - 145 - 146 - 147 - 149 - 150 - 152 - 157 - 158 - 159 - 162 - 163 - 164 - 165 - 167 - 169 - 171 - 172 - 173 - 174 - 178 - 179 - 181 - 182 - 184 - 185 - 187 - 188 - 189 - 191 - 192 - 194 - 196 - 197 - 202 - 204 - 205 - 207 - 208 - 211 - 212 - 215 - 216 - 217 - 220 - 222 - 225 - 226 - 227 - 228 - 229 - 232 - 234 - 235 - 236 - 237 - 239 - 241 - 242 - 246 - 247 - 249 - 251 - 252 - 253 - 254 - 255 - 257 - 259 - 260 - 263 - 267 - 269 - 271 - 273 - 274 - 276 - 278 - 279 - 281 - 283 - 286 - 290 - 293 - 294 - 295 - 297 - 298 - 299 - 302 - 305 - 306 - 309 - 310 - 311 - 312 - 314 - 315 - 316 - 318 - 319 - 320 - 321 - 323 - 324 - 326 - 329 - 330 - 331 - 337 - 338 - 340 - 341 - 343 - 347 - 350 - 351 - 352 - 354 - 355 - 356 - 358 - 359 - 361 - 366 - 368 - 370 - 371 - 372 - 373 - 374 - 378 - 379 - 380 - 381 - 382 - 383 - 384 - 387 - 389 - 390 - 391 - 394 - 396 - 397 - 399 - 401 - 402 - 404 - 405 - 406 - 408 - 409 - 410 - 411 - 413 - 414 - 415 - 419 - 423 - 426 - 427 - 429 - 431 - 434 - 436 - 437 - 438 - 439 - 440 - 441 - 442 - 443 - 444 - 447 - 451 - 454 - 455 - 456 - 457 - 458 - 461 - 462 - 463 - 464 - 469 - 470 - 471 - 473 - 474 - 479 - 480 - 482 - 483 - 485 - 487 - 489 - 490 - 495 - 498 - 499,565484.0,3.8,94815,102236,109.82,Cost: 94815 & Capacity: 102236
0 - 1 - 2 - 4 - 5 - 6 - 8 - 10 - 11 - 12 - 14 - 15 - 16 - 18 - 19 - 20 - 22 - 24 - 26 - 27 - 29 - 30 - 34 - 35 - 36 - 40 - 41 - 42 - 43 - 44 - 45 - 46 - 49 - 50 - 52 - 54 - 57 - 58 - 60 - 61 - 63 - 64 - 66 - 67 - 68 - 70 - 71 - 72 - 74 - 75 - 77 - 78 - 79 - 80 - 81 - 82 - 83 - 85 - 86 - 87 - 88 - 90 - 91 - 92 - 97 - 98 - 99 - 101 - 102 - 103 - 105 - 106 - 108 - 110 - 112 - 114 - 115 - 116 - 117 - 118 - 120 - 121 - 122 - 123 - 124 - 125 - 126 - 127 - 129 - 130 - 131 - 133 - 134 - 135 - 137 - 140 - 141 - 142 - 145 - 146 - 147 - 149 - 150 - 152 - 157 - 158 - 159 - 162 - 163 - 164 - 165 - 167 - 169 - 171 - 172 - 173 - 174 - 178 - 179 - 181 - 182 - 184 - 185 - 187 - 188 - 189 - 191 - 192 - 194 - 196 - 197 - 202 - 204 - 205 - 207 - 208 - 211 - 212 - 215 - 216 - 217 - 220 - 222 - 225 - 226 - 227 - 228 - 229 - 232 - 234 - 235 - 236 - 237 - 239 - 241 - 242 - 246 - 247 - 249 - 251 - 252 - 253 - 254 - 255 - 257 - 259 - 260 - 263 - 267 - 269 - 271 - 273 - 274 - 276 - 278 - 279 - 281 - 283 - 286 - 290 - 293 - 294 - 295 - 297 - 298 - 299 - 302 - 305 - 306 - 309 - 310 - 311 - 312 - 314 - 315 - 316 - 318 - 319 - 320 - 321 - 323 - 324 - 326 - 329 - 330 - 331 - 337 - 338 - 340 - 341 - 343 - 347 - 350 - 351 - 352 - 354 - 355 - 356 - 358 - 359 - 361 - 366 - 368 - 370 - 371 - 372 - 373 - 374 - 378 - 379 - 380 - 381 - 382 - 383 - 384 - 387 - 389 - 390 - 391 - 394 - 396 - 397 - 399 - 401 - 402 - 404 - 405 - 406 - 408 - 409 - 410 - 411 - 413 - 414 - 415 - 419 - 423 - 426 - 427 - 429 - 431 - 434 - 436 - 437 - 438 - 439 - 440 - 441 - 442 - 443 - 444 - 447 - 451 - 454 - 455 - 456 - 457 - 458 - 461 - 462 - 463 - 464 - 469 - 470 - 471 - 473 - 474 - 479 - 480 - 482 - 483 - 485 - 487 - 489 - 490 - 495 - 498 - 499,565484.0,3.8,94815,102236,110.85,Cost: 94815 & Capacity: 102236
0 - 1 - 2 - 4 - 5 - 6 - 8 - 10 - 11 - 12 - 14 - 15 - 16 - 18 - 19 - 20 - 22 - 24 - 26 - 27 - 29 - 30 - 31 - 34 - 35 - 36 - 40 - 41 - 42 - 43 - 44 - 45 - 46 - 49 - 50 - 52 - 57 - 58 - 60 - 61 - 63 - 64 - 66 - 67 - 68 - 71 - 72 - 74 - 75 - 77 - 78 - 79 - 80 - 81 - 82 - 83 - 85 - 86 - 87 - 88 - 90 - 91 - 92 - 97 - 98 - 99 - 101 - 102 - 103 - 105 - 106 - 108 - 110 - 112 - 114 - 115 - 116 - 117 - 118 - 120 - 121 - 122 - 123 - 124 - 125 - 126 - 127 - 128 - 129 - 130 - 131 - 133 - 134 - 135 - 137 - 138 - 140 - 141 - 142 - 145 - 146 - 147 - 149 - 150 - 152 - 157 - 158 - 159 - 160 - 162 - 163 - 164 - 165 - 167 - 169 - 171 - 173 - 174 - 178 - 179 - 181 - 182 - 184 - 185 - 187 - 188 - 189 - 191 - 192 - 194 - 197 - 202 - 204 - 205 - 207 - 208 - 211 - 212 - 215 - 216 - 217 - 219 - 220 - 222 - 225 - 226 - 227 - 228 - 229 - 232 - 234 - 235 - 236 - 237 - 239 - 241 - 242 - 246 - 247 - 249 - 251 - 252 - 253 - 254 - 255 - 257 - 259 - 260 - 263 - 267 - 269 - 271 - 273 - 274 - 276 - 278 - 279 - 281 - 283 - 286 - 290 - 293 - 295 - 297 - 298 - 299 - 302 - 305 - 306 - 309 - 310 - 311 - 312 - 314 - 315 - 316 - 318 - 319 - 320 - 321 - 323 - 324 - 326 - 329 - 330 - 331 - 336 - 337 - 338 - 340 - 341 - 343 - 347 - 350 - 351 - 352 - 354 - 355 - 356 - 358 - 359 - 361 - 366 - 368 - 370 - 371 - 372 - 373 - 374 - 378 - 379 - 380 - 381 - 382 - 383 - 384 - 387 - 389 - 390 - 391 - 394 - 396 - 397 - 399 - 401 - 402 - 404 - 405 - 406 - 408 - 409 - 410 - 411 - 413 - 414 - 415 - 419 - 423 - 426 - 427 - 429 - 431 - 434 - 436 - 437 - 438 - 439 - 440 - 441 - 442 - 443 - 444 - 447 - 451 - 454 - 455 - 456 - 457 - 458 - 461 - 462 - 463 - 464 - 469 - 470 - 471 - 473 - 474 - 479 - 480 - 482 - 483 - 485 - 487 - 489 - 490 - 495 - 498 - 499,566846.3,3.7,94807,102288,110.88,Cost: 94807 & Capacity: 102288
4 - 8 - 10 - 11 - 12 - 14 - 16 - 21 - 22 - 24 - 27 - 28 - 30 - 37 - 38 - 40 - 41 - 43 - 45 - 46 - 49 - 54 - 60 - 62 - 64 - 68 - 69 - 70 - 71 - 72 - 74 - 75 - 78 - 79 - 80 - 82 - 85 - 88 - 92 - 97 - 104 - 107 - 111 - 115 - 116 - 118 - 121 - 123 - 124 - 127 - 130 - 131 - 132 - 134 - 135 - 140 - 149 - 156 - 157 - 158 - 164 - 170 - 171 - 173 - 174 - 177 - 179 - 181 - 189 - 196 - 197 - 201 - 202 - 204 - 207 - 210 - 216 - 217 - 220 - 221 - 222 - 225 - 230 - 232 - 235 - 240 - 243 - 244 - 249 - 253 - 255 - 259 - 261 - 263 - 267 - 271 - 273 - 276 - 280 - 281 - 283 - 284 - 285 - 286 - 289 - 291 - 293 - 294 - 298 - 299 - 302 - 307 - 309 - 311 - 312 - 314 - 316 - 319 - 320 - 321 - 324 - 330 - 331 - 332 - 337 - 338 - 340 - 341 - 342 - 350 - 351 - 352 - 356 - 359 - 362 - 366 - 368 - 373 - 377 - 379 - 381 - 386 - 387 - 389 - 390 - 391 - 396 - 397 - 398 - 400 - 401 - 403 - 404 - 405 - 406 - 408 - 411 - 412 - 413 - 415 - 416 - 421 - 423 - 425 - 426 - 428 - 431 - 436 - 438 - 440 - 442 - 443 - 450 - 451 - 455 - 461 - 463 - 469 - 470 - 471 - 473 - 474 - 476 - 478 - 479 - 482 - 485 - 486 - 490 - 491 - 493 - 498,252309.5,7.2,94802,85963,111.41,Cost: 94802 & Capacity: 85963
0 - 1 - 2 - 4 - 5 - 6 - 8 - 10 - 11 - 12 - 14 - 15 - 16 - 18 - 19 - 20 - 22 - 24 - 26 - 27 - 29 - 30 - 34 - 35 - 36 - 40 - 41 - 42 - 43 - 44 - 45 - 46 - 49 - 50 - 52 - 54 - 57 - 58 - 60 - 61 - 63 - 64 - 66 - 67 - 68 - 70 - 71 - 72 - 74 - 75 - 77 - 78 - 79 - 80 - 81 - 82 - 83 - 85 - 86 - 87 - 88 - 90 - 91 - 92 - 97 - 98 - 99 - 101 - 102 - 103 - 105 - 106 - 108 - 110 - 112 - 114 - 115 - 116 - 117 - 118 - 120 - 121 - 122 - 123 - 124 - 125 - 126 - 127 - 129 - 130 - 131 - 133 - 134 - 135 - 137 - 140 - 141 - 142 - 145 - 146 - 147 - 149 - 150 - 152 - 157 - 158 - 159 - 162 - 163 - 164 - 165 - 167 - 169 - 171 - 172 - 173 - 174 - 178 - 179 - 181 - 182 - 184 - 185 - 187 - 188 - 189 - 191 - 192 - 194 - 196 - 197 - 202 - 204 - 205 - 207 - 208 - 211 - 212 - 215 - 216 - 217 - 220 - 222 - 225 - 226 - 227 - 228 - 229 - 232 - 234 - 235 - 236 - 237 - 239 - 241 - 242 - 246 - 247 - 249 - 251 - 252 - 253 - 254 - 255 - 257 - 259 - 260 - 263 - 267 - 269 - 271 - 273 - 274 - 276 - 278 - 279 - 281 - 283 - 286 - 290 - 293 - 294 - 295 - 297 - 298 - 299 - 302 - 305 - 306 - 309 - 310 - 311 - 312 - 314 - 315 - 316 - 318 - 319 - 320 - 321 - 323 - 324 - 326 - 329 - 330 - 331 - 337 - 338 - 340 - 341 - 343 - 347 - 350 - 351 - 352 - 354 - 355 - 356 - 358 - 359 - 361 - 366 - 368 - 370 - 371 - 372 - 373 - 374 - 378 - 379 - 380 - 381 - 382 - 383 - 384 - 387 - 389 - 390 - 391 - 394 - 396 - 397 - 399 - 401 - 402 - 404 - 405 - 406 - 408 - 409 - 410 - 411 - 413 - 414 - 415 - 419 - 423 - 426 - 427 - 429 - 431 - 434 - 436 - 437 - 438 - 439 - 440 - 441 - 442 - 443 - 444 - 447 - 451 - 454 - 455 - 456 - 457 - 458 - 461 - 462 - 463 - 464 - 469 - 470 - 471 - 473 - 474 - 479 - 480 - 482 - 483 - 485 - 487 - 489 - 490 - 495 - 498 - 499,565484.0,3.8,94815,102236,111.78,Cost: 94815 & Capacity: 102236
4 - 10 - 21 - 24 - 42 - 46 - 48 - 62 - 64 - 68 - 69 - 78 - 79 - 80 - 82 - 87 - 99 - 111 - 120 - 123 - 127 - 128 - 135 - 142 - 157 - 159 - 173 - 174 - 177 - 179 - 181 - 189 - 194 - 201 - 206 - 207 - 210 - 214 - 220 - 222 - 243 - 248 - 256 - 267 - 271 - 274 - 280 - 281 - 282 - 283 - 289 - 291 - 294 - 296 - 301 - 302 - 312 - 321 - 330 - 333 - 336 - 337 - 338 - 342 - 346 - 347 - 366 - 375 - 376 - 377 - 381 - 386 - 389 - 390 - 398 - 399 - 404 - 411 - 412 - 413 - 415 - 421 - 423 - 425 - 431 - 434 - 435 - 440 - 443 - 450 - 463 - 467 - 477 - 478 - 480 - 491 - 495,67005.7,8.6,64030,52691,111.83,Cost: 64030 & Capacity: 52691
0 - 1 - 2 - 4 - 6 - 8 - 10 - 11 - 12 - 14 - 15 - 16 - 18 - 19 - 20 - 22 - 24 - 26 - 27 - 29 - 30 - 31 - 33 - 34 - 35 - 36 - 40 - 41 - 42 - 43 - 44 - 45 - 46 - 49 - 50 - 52 - 57 - 58 - 60 - 61 - 63 - 64 - 66 - 67 - 68 - 71 - 72 - 74 - 75 - 77 - 78 - 79 - 80 - 81 - 82 - 83 - 84 - 85 - 86 - 87 - 88 - 90 - 91 - 92 - 97 - 98 - 99 - 101 - 102 - 103 - 105 - 106 - 108 - 110 - 112 - 114 - 115 - 116 - 117 - 118 - 120 - 121 - 122 - 123 - 124 - 125 - 126 - 127 - 128 - 129 - 130 - 131 - 133 - 134 - 135 - 137 - 138 - 140 - 141 - 142 - 145 - 146 - 147 - 149 - 150 - 152 - 157 - 158 - 159 - 160 - 162 - 163 - 164 - 165 - 167 - 169 - 171 - 172 - 173 - 174 - 178 - 179 - 181 - 182 - 184 - 185 - 187 - 188 - 189 - 191 - 192 - 194 - 197 - 202 - 204 - 205 - 207 - 208 - 211 - 215 - 216 - 217 - 220 - 222 - 225 - 226 - 227 - 228 - 229 - 232 - 234 - 235 - 236 - 237 - 239 - 241 - 242 - 246 - 247 - 249 - 251 - 252 - 253 - 254 - 255 - 257 - 259 - 260 - 263 - 267 - 269 - 271 - 273 - 274 - 276 - 278 - 279 - 281 - 283 - 286 - 290 - 293 - 295 - 297 - 298 - 299 - 302 - 305 - 306 - 309 - 310 - 311 - 312 - 314 - 315 - 316 - 318 - 319 - 320 - 321 - 323 - 324 - 326 - 329 - 330 - 331 - 336 - 337 - 338 - 340 - 341 - 343 - 347 - 350 - 351 - 352 - 354 - 355 - 356 - 358 - 359 - 361 - 366 - 368 - 370 - 371 - 372 - 373 - 374 - 378 - 379 - 380 - 381 - 382 - 383 - 384 - 387 - 389 - 390 - 391 - 394 - 396 - 397 - 399 - 401 - 402 - 404 - 405 - 406 - 408 - 409 - 410 - 413 - 414 - 415 - 419 - 423 - 426 - 427 - 429 - 431 - 434 - 436 - 437 - 438 - 439 - 440 - 441 - 442 - 443 - 444 - 447 - 451 - 454 - 455 - 456 - 457 - 458 - 461 - 462 - 463 - 464 - 469 - 470 - 471 - 473 - 474 - 479 - 480 - 482 - 483 - 485 - 487 - 489 - 490 - 495 - 498 - 499,562813.0,3.9,94813,101538,116.03,Cost: 94813 & Capacity: 101538
0 - 1 - 2 - 4 - 5 - 6 - 8 - 10 - 11 - 12 - 14 - 15 - 16 - 18 - 19 - 20 - 22 - 24 - 26 - 27 - 29 - 30 - 34 - 35 - 36 - 40 - 41 - 42 - 43 - 44 - 45 - 46 - 49 - 50 - 52 - 54 - 57 - 58 - 60 - 61 - 63 - 64 - 66 - 67 - 68 - 70 - 71 - 72 - 74 - 75 - 77 - 78 - 79 - 80 - 81 - 82 - 83 - 85 - 86 - 87 - 88 - 90 - 91 - 92 - 97 - 98 - 99 - 101 - 102 - 103 - 105 - 106 - 108 - 110 - 112 - 114 - 115 - 116 - 117 - 118 - 120 - 121 - 122 - 123 - 124 - 125 - 126 - 127 - 129 - 130 - 131 - 133 - 134 - 135 - 137 - 140 - 141 - 142 - 145 - 146 - 147 - 149 - 150 - 152 - 157 - 158 - 159 - 162 - 163 - 164 - 165 - 167 - 169 - 171 - 172 - 173 - 174 - 178 - 179 - 181 - 182 - 184 - 185 - 187 - 188 - 189 - 191 - 192 - 194 - 196 - 197 - 202 - 204 - 205 - 207 - 208 - 211 - 212 - 215 - 216 - 217 - 220 - 222 - 225 - 226 - 227 - 228 - 229 - 232 - 234 - 235 - 236 - 237 - 239 - 241 - 242 - 246 - 247 - 249 - 251 - 252 - 253 - 254 - 255 - 257 - 259 - 260 - 263 - 267 - 269 - 271 - 273 - 274 - 276 - 278 - 279 - 281 - 283 - 286 - 290 - 293 - 294 - 295 - 297 - 298 - 299 - 302 - 305 - 306 - 309 - 310 - 311 - 312 - 314 - 315 - 316 - 318 - 319 - 320 - 321 - 323 - 324 - 326 - 329 - 330 - 331 - 337 - 338 - 340 - 341 - 343 - 347 - 350 - 351 - 352 - 354 - 355 - 356 - 358 - 359 - 361 - 366 - 368 - 370 - 371 - 372 - 373 - 374 - 378 - 379 - 380 - 381 - 382 - 383 - 384 - 387 - 389 - 390 - 391 - 394 - 396 - 397 - 399 - 401 - 402 - 404 - 405 - 406 - 408 - 409 - 410 - 411 - 413 - 414 - 415 - 419 - 423 - 426 - 427 - 429 - 431 - 434 - 436 - 437 - 438 - 439 - 440 - 441 - 442 - 443 - 444 - 447 - 451 - 454 - 455 - 456 - 457 - 458 - 461 - 462 - 463 - 464 - 469 - 470 - 471 - 473 - 474 - 479 - 480 - 482 - 483 - 485 - 487 - 489 - 490 - 495 - 498 - 499,565484.0,3.8,94815,102236,117.18,Cost: 94815 & Capacity: 102236
0 - 1 - 2 - 4 - 6 - 8 - 10 - 11 - 12 - 14 - 15 - 16 - 18 - 19 - 20 - 22 - 24 - 26 - 27 - 29 - 30 - 31 - 33 - 34 - 35 - 36 - 40 - 41 - 42 - 43 - 44 - 45 - 46 - 49 - 50 - 52 - 57 - 58 - 60 - 61 - 63 - 64 - 66 - 67 - 68 - 71 - 72 - 74 - 75 - 77 - 78 - 79 - 80 - 81 - 82 - 83 - 84 - 85 - 86 - 87 - 88 - 90 - 91 - 92 - 97 - 98 - 99 - 101 - 102 - 103 - 105 - 106 - 108 - 110 - 112 - 114 - 115 - 116 - 117 - 118 - 120 - 121 - 122 - 123 - 124 - 125 - 126 - 127 - 128 - 129 - 130 - 131 - 133 - 134 - 135 - 137 - 138 - 140 - 141 - 142 - 145 - 146 - 147 - 149 - 150 - 152 - 157 - 158 - 159 - 160 - 162 - 163 - 164 - 165 - 167 - 169 - 171 - 172 - 173 - 174 - 178 - 179 - 181 - 182 - 184 - 185 - 187 - 188 - 189 - 191 - 192 - 194 - 197 - 202 - 204 - 205 - 207 - 208 - 211 - 215 - 216 - 217 - 220 - 222 - 225 - 226 - 227 - 228 - 229 - 232 - 234 - 235 - 236 - 237 - 239 - 241 - 242 - 246 - 247 - 249 - 251 - 252 - 253 - 254 - 255 - 257 - 259 - 260 - 263 - 267 - 269 - 271 - 273 - 274 - 276 - 278 - 279 - 281 - 283 - 286 - 290 - 293 - 295 - 297 - 298 - 299 - 302 - 305 - 306 - 309 - 310 - 311 - 312 - 314 - 315 - 316 - 318 - 319 - 320 - 321 - 323 - 324 - 326 - 329 - 330 - 331 - 336 - 337 - 338 - 340 - 341 - 343 - 347 - 350 - 351 - 352 - 354 - 355 - 356 - 358 - 359 - 361 - 366 - 368 - 370 - 371 - 372 - 373 - 374 - 378 - 379 - 380 - 381 - 382 - 383 - 384 - 387 - 389 - 390 - 391 - 394 - 396 - 397 - 399 - 401 - 402 - 404 - 405 - 406 - 408 - 409 - 410 - 413 - 414 - 415 - 419 - 423 - 426 - 427 - 429 - 431 - 434 - 436 - 437 - 438 - 439 - 440 - 441 - 442 - 443 - 444 - 447 - 451 - 454 - 455 - 456 - 457 - 458 - 461 - 462 - 463 - 464 - 469 - 470 - 471 - 473 - 474 - 479 - 480 - 482 - 483 - 485 - 487 - 489 - 490 - 495 - 498 - 499,562813.0,3.9,94813,101538,119.57,Cost: 94813 & Capacity: 101538
0 - 1 - 2 - 4 - 6 - 8 - 10 - 11 - 12 - 14 - 15 - 16 - 18 - 19 - 20 - 22 - 24 - 26 - 27 - 29 - 30 - 34 - 35 - 36 - 40 - 41 - 42 - 43 - 44 - 45 - 46 - 49 - 50 - 52 - 57 - 58 - 60 - 63 - 64 - 66 - 67 - 68 - 70 - 71 - 72 - 74 - 75 - 77 - 78 - 79 - 80 - 81 - 82 - 83 - 85 - 86 - 87 - 88 - 90 - 91 - 92 - 97 - 98 - 99 - 101 - 102 - 103 - 105 - 106 - 108 - 110 - 112 - 114 - 115 - 116 - 117 - 118 - 120 - 121 - 122 - 123 - 124 - 125 - 126 - 127 - 128 - 129 - 130 - 131 - 133 - 134 - 135 - 138 - 140 - 141 - 142 - 145 - 146 - 147 - 149 - 150 - 152 - 157 - 158 - 159 - 160 - 162 - 163 - 164 - 165 - 167 - 169 - 171 - 173 - 174 - 178 - 179 - 181 - 182 - 184 - 185 - 187 - 188 - 189 - 191 - 192 - 194 - 196 - 197 - 202 - 204 - 205 - 207 - 208 - 211 - 215 - 216 - 217 - 220 - 222 - 225 - 226 - 227 - 228 - 229 - 232 - 234 - 235 - 236 - 237 - 239 - 241 - 242 - 246 - 247 - 249 - 251 - 252 - 253 - 254 - 255 - 257 - 259 - 263 - 267 - 269 - 271 - 273 - 274 - 276 - 278 - 279 - 281 - 283 - 286 - 290 - 293 - 294 - 295 - 297 - 298 - 299 - 302 - 305 - 306 - 309 - 310 - 311 - 312 - 314 - 315 - 316 - 318 - 319 - 320 - 321 - 323 - 324 - 326 - 329 - 330 - 331 - 336 - 337 - 338 - 340 - 341 - 343 - 347 - 350 - 351 - 352 - 354 - 355 - 356 - 358 - 359 - 361 - 366 - 368 - 370 - 371 - 372 - 373 - 374 - 378 - 379 - 380 - 381 - 382 - 383 - 384 - 387 - 389 - 390 - 391 - 394 - 396 - 397 - 399 - 401 - 402 - 404 - 405 - 406 - 408 - 409 - 410 - 411 - 413 - 414 - 415 - 419 - 423 - 426 - 427 - 429 - 431 - 434 - 436 - 437 - 438 - 439 - 440 - 441 - 443 - 444 - 447 - 451 - 452 - 454 - 455 - 456 - 457 - 458 - 461 - 462 - 463 - 464 - 469 - 470 - 471 - 473 - 474 - 479 - 480 - 482 - 483 - 485 - 487 - 489 - 490 - 495 - 498 - 499,555394.3,4.4,94812,101781,121.94,Cost: 94812 & Capacity: 101781
0 - 1 - 2 - 4 - 5 - 6 - 8 - 10 - 11 - 12 - 14 - 15 - 16 - 18 - 19 - 20 - 22 - 24 - 26 - 27 - 29 - 30 - 34 - 35 - 36 - 40 - 41 - 42 - 43 - 44 - 45 - 46 - 49 - 50 - 52 - 54 - 57 - 58 - 60 - 61 - 63 - 64 - 66 - 67 - 68 - 70 - 71 - 72 - 74 - 75 - 77 - 78 - 79 - 80 - 81 - 82 - 83 - 85 - 86 - 87 - 88 - 90 - 91 - 92 - 97 - 98 - 99 - 101 - 102 - 103 - 105 - 106 - 108 - 110 - 112 - 114 - 115 - 116 - 117 - 118 - 120 - 121 - 122 - 123 - 124 - 125 - 126 - 127 - 129 - 130 - 131 - 133 - 134 - 135 - 137 - 140 - 141 - 142 - 145 - 146 - 147 - 149 - 150 - 152 - 157 - 158 - 159 - 162 - 163 - 164 - 165 - 167 - 169 - 171 - 172 - 173 - 174 - 178 - 179 - 181 - 182 - 184 - 185 - 187 - 188 - 189 - 191 - 192 - 194 - 196 - 197 - 202 - 204 - 205 - 207 - 208 - 211 - 212 - 215 - 216 - 217 - 220 - 222 - 225 - 226 - 227 - 228 - 229 - 232 - 234 - 235 - 236 - 237 - 239 - 241 - 242 - 246 - 247 - 249 - 251 - 252 - 253 - 254 - 255 - 257 - 259 - 260 - 263 - 267 - 269 - 271 - 273 - 274 - 276 - 278 - 279 - 281 - 283 - 286 - 290 - 293 - 294 - 295 - 297 - 298 - 299 - 302 - 305 - 306 - 309 - 310 - 311 - 312 - 314 - 315 - 316 - 318 - 319 - 320 - 321 - 323 - 324 - 326 - 329 - 330 - 331 - 337 - 338 - 340 - 341 - 343 - 347 - 350 - 351 - 352 - 354 - 355 - 356 - 358 - 359 - 361 - 366 - 368 - 370 - 371 - 372 - 373 - 374 - 378 - 379 - 380 - 381 - 382 - 383 - 384 - 387 - 389 - 390 - 391 - 394 - 396 - 397 - 399 - 401 - 402 - 404 - 405 - 406 - 408 - 409 - 410 - 411 - 413 - 414 - 415 - 419 - 423 - 426 - 427 - 429 - 431 - 434 - 436 - 437 - 438 - 439 - 440 - 441 - 442 - 443 - 444 - 447 - 451 - 454 - 455 - 456 - 457 - 458 - 461 - 462 - 463 - 464 - 469 - 470 - 471 - 473 - 474 - 479 - 480 - 482 - 483 - 485 - 487 - 489 - 490 - 495 - 498 - 499,565484.0,3.8,94815,102236,122.2,Cost: 94815 & Capacity: 102236
0 - 1 - 2 - 4 - 5 - 6 - 8 - 10 - 11 - 12 - 14 - 15 - 16 - 18 - 19 - 20 - 22 - 24 - 26 - 27 - 29 - 30 - 34 - 35 - 36 - 40 - 41 - 42 - 43 - 44 - 45 - 46 - 49 - 50 - 52 - 54 - 57 - 58 - 60 - 61 - 63 - 64 - 66 - 67 - 68 - 70 - 71 - 72 - 74 - 75 - 77 - 78 - 79 - 80 - 81 - 82 - 83 - 85 - 86 - 87 - 88 - 90 - 91 - 92 - 97 - 98 - 99 - 101 - 102 - 103 - 105 - 106 - 108 - 110 - 112 - 114 - 115 - 116 - 117 - 118 - 120 - 121 - 122 - 123 - 124 - 125 - 126 - 127 - 129 - 130 - 131 - 133 - 134 - 135 - 137 - 140 - 141 - 142 - 145 - 146 - 147 - 149 - 150 - 152 - 157 - 158 - 159 - 162 - 163 - 164 - 165 - 167 - 169 - 171 - 172 - 173 - 174 - 178 - 179 - 181 - 182 - 184 - 185 - 187 - 188 - 189 - 191 - 192 - 194 - 196 - 197 - 202 - 204 - 205 - 207 - 208 - 211 - 212 - 215 - 216 - 217 - 220 - 222 - 225 - 226 - 227 - 228 - 229 - 232 - 234 - 235 - 236 - 237 - 239 - 241 - 242 - 246 - 247 - 249 - 251 - 252 - 253 - 254 - 255 - 257 - 259 - 260 - 263 - 267 - 269 - 271 - 273 - 274 - 276 - 278 - 279 - 281 - 283 - 286 - 290 - 293 - 294 - 295 - 297 - 298 - 299 - 302 - 305 - 306 - 309 - 310 - 311 - 312 - 314 - 315 - 316 - 318 - 319 - 320 - 321 - 323 - 324 - 326 - 329 - 330 - 331 - 337 - 338 - 340 - 341 - 343 - 347 - 350 - 351 - 352 - 354 - 355 - 356 - 358 - 359 - 361 - 366 - 368 - 370 - 371 - 372 - 373 - 374 - 378 - 379 - 380 - 381 - 382 - 383 - 384 - 387 - 389 - 390 - 391 - 394 - 396 - 397 - 399 - 401 - 402 - 404 - 405 - 406 - 408 - 409 - 410 - 411 - 413 - 414 - 415 - 419 - 423 - 426 - 427 - 429 - 431 - 434 - 436 - 437 - 438 - 439 - 440 - 441 - 442 - 443 - 444 - 447 - 451 - 454 - 455 - 456 - 457 - 458 - 461 - 462 - 463 - 464 - 469 - 470 - 471 - 473 - 474 - 479 - 480 - 482 - 483 - 485 - 487 - 489 - 490 - 495 - 498 - 499,565484.0,3.8,94815,102236,123.18,Cost: 94815 & Capacity: 102236
4 - 6 - 11 - 14 - 16 - 19 - 24 - 30 - 32 - 37 - 40 - 41 - 48 - 54 - 59 - 60 - 64 - 69 - 71 - 78 - 79 - 80 - 82 - 87 - 88 - 104 - 111 - 115 - 120 - 123 - 124 - 128 - 131 - 135 - 155 - 156 - 159 - 178 - 179 - 181 - 189 - 193 - 194 - 201 - 204 - 210 - 214 - 220 - 221 - 222 - 227 - 228 - 235 - 248 - 253 - 256 - 261 - 262 - 265 - 267 - 271 - 273 - 274 - 276 - 281 - 282 - 283 - 291 - 294 - 296 - 301 - 302 - 312 - 314 - 318 - 321 - 330 - 333 - 337 - 338 - 343 - 346 - 356 - 359 - 366 - 372 - 373 - 376 - 383 - 389 - 398 - 399 - 404 - 405 - 406 - 408 - 411 - 412 - 414 - 419 - 421 - 423 - 425 - 428 - 431 - 443 - 450 - 461 - 467 - 480 - 485 - 486 - 489 - 491 - 493 - 498,95869.4,8.3,66460,56447,124.2,Cost: 66460 & Capacity: 56447
0 - 1 - 2 - 4 - 5 - 6 - 8 - 10 - 11 - 12 - 14 - 15 - 16 - 18 - 19 - 20 - 22 - 24 - 26 - 27 - 29 - 30 - 34 - 35 - 36 - 40 - 41 - 42 - 43 - 44 - 45 - 46 - 49 - 50 - 52 - 54 - 57 - 58 - 60 - 61 - 63 - 64 - 66 - 67 - 68 - 70 - 71 - 72 - 74 - 75 - 77 - 78 - 79 - 80 - 81 - 82 - 83 - 85 - 86 - 87 - 88 - 90 - 91 - 92 - 97 - 98 - 99 - 101 - 102 - 103 - 105 - 106 - 108 - 110 - 112 - 114 - 115 - 116 - 117 - 118 - 120 - 121 - 122 - 123 - 124 - 125 - 126 - 127 - 129 - 130 - 131 - 133 - 134 - 135 - 137 - 140 - 141 - 142 - 145 - 146 - 147 - 149 - 150 - 152 - 157 - 158 - 159 - 162 - 163 - 164 - 165 - 167 - 169 - 171 - 172 - 173 - 174 - 178 - 179 - 181 - 182 - 184 - 185 - 187 - 188 - 189 - 191 - 192 - 194 - 196 - 197 - 202 - 204 - 205 - 207 - 208 - 211 - 212 - 215 - 216 - 217 - 220 - 222 - 225 - 226 - 227 - 228 - 229 - 232 - 234 - 235 - 236 - 237 - 239 - 241 - 242 - 246 - 247 - 249 - 251 - 252 - 253 - 254 - 255 - 257 - 259 - 260 - 263 - 267 - 269 - 271 - 273 - 274 - 276 - 278 - 279 - 281 - 283 - 286 - 290 - 293 - 294 - 295 - 297 - 298 - 299 - 302 - 305 - 306 - 309 - 310 - 311 - 312 - 314 - 315 - 316 - 318 - 319 - 320 - 321 - 323 - 324 - 326 - 329 - 330 - 331 - 337 - 338 - 340 - 341 - 343 - 347 - 350 - 351 - 352 - 354 - 355 - 356 - 358 - 359 - 361 - 366 - 368 - 370 - 371 - 372 - 373 - 374 - 378 - 379 - 380 - 381 - 382 - 383 - 384 - 387 - 389 - 390 - 391 - 394 - 396 - 397 - 399 - 401 - 402 - 404 - 405 - 406 - 408 - 409 - 410 - 411 - 413 - 414 - 415 - 419 - 423 - 426 - 427 - 429 - 431 - 434 - 436 - 437 - 438 - 439 - 440 - 441 - 442 - 443 - 444 - 447 - 451 - 454 - 455 - 456 - 457 - 458 - 461 - 462 - 463 - 464 - 469 - 470 - 471 - 473 - 474 - 479 - 480 - 482 - 483 - 485 - 487 - 489 - 490 - 495 - 498 - 499,565484.0,3.8,94815,102236,129.39,Cost: 94815 & Capacity: 102236
0 - 1 - 2 - 4 - 5 - 6 - 8 - 10 - 11 - 12 - 14 - 15 - 16 - 18 - 19 - 20 - 22 - 24 - 26 - 27 - 29 - 30 - 34 - 35 - 36 - 40 - 41 - 42 - 43 - 44 - 45 - 46 - 49 - 50 - 52 - 54 - 57 - 58 - 60 - 61 - 63 - 64 - 66 - 67 - 68 - 70 - 71 - 72 - 74 - 75 - 77 - 78 - 79 - 80 - 81 - 82 - 83 - 85 - 86 - 87 - 88 - 90 - 91 - 92 - 97 - 98 - 99 - 101 - 102 - 103 - 105 - 106 - 108 - 110 - 112 - 114 - 115 - 116 - 117 - 118 - 120 - 121 - 122 - 123 - 124 - 125 - 126 - 127 - 129 - 130 - 131 - 133 - 134 - 135 - 137 - 140 - 141 - 142 - 145 - 146 - 147 - 149 - 150 - 152 - 157 - 158 - 159 - 162 - 163 - 164 - 165 - 167 - 169 - 171 - 172 - 173 - 174 - 178 - 179 - 181 - 182 - 184 - 185 - 187 - 188 - 189 - 191 - 192 - 194 - 196 - 197 - 202 - 204 - 205 - 207 - 208 - 211 - 212 - 215 - 216 - 217 - 220 - 222 - 225 - 226 - 227 - 228 - 229 - 232 - 234 - 235 - 236 - 237 - 239 - 241 - 242 - 246 - 247 - 249 - 251 - 252 - 253 - 254 - 255 - 257 - 259 - 260 - 263 - 267 - 269 - 271 - 273 - 274 - 276 - 278 - 279 - 281 - 283 - 286 - 290 - 293 - 294 - 295 - 297 - 298 - 299 - 302 - 305 - 306 - 309 - 310 - 311 - 312 - 314 - 315 - 316 - 318 - 319 - 320 - 321 - 323 - 324 - 326 - 329 - 330 - 331 - 337 - 338 - 340 - 341 - 343 - 347 - 350 - 351 - 352 - 354 - 355 - 356 - 358 - 359 - 361 - 366 - 368 - 370 - 371 - 372 - 373 - 374 - 378 - 379 - 380 - 381 - 382 - 383 - 384 - 387 - 389 - 390 - 391 - 394 - 396 - 397 - 399 - 401 - 402 - 404 - 405 - 406 - 408 - 409 - 410 - 411 - 413 - 414 - 415 - 419 - 423 - 426 - 427 - 429 - 431 - 434 - 436 - 437 - 438 - 439 - 440 - 441 - 442 - 443 - 444 - 447 - 451 - 454 - 455 - 456 - 457 - 458 - 461 - 462 - 463 - 464 - 469 - 470 - 471 - 473 - 474 - 479 - 480 - 482 - 483 - 485 - 487 - 489 - 490 - 495 - 498 - 499,565484.0,3.8,94815,102236,130.22,Cost: 94815 & Capacity: 102236
0 - 1 - 2 - 4 - 5 - 6 - 8 - 10 - 11 - 12 - 14 - 15 - 16 - 18 - 19 - 20 - 22 - 24 - 26 - 27 - 29 - 30 - 31 - 34 - 35 - 36 - 40 - 41 - 42 - 43 - 44 - 45 - 46 - 49 - 50 - 52 - 57 - 58 - 60 - 61 - 63 - 64 - 66 - 67 - 68 - 70 - 71 - 72 - 74 - 75 - 77 - 78 - 79 - 80 - 81 - 82 - 83 - 85 - 86 - 87 - 88 - 90 - 91 - 92 - 97 - 98 - 99 - 101 - 102 - 103 - 105 - 106 - 108 - 110 - 112 - 114 - 115 - 116 - 117 - 118 - 120 - 121 - 122 - 123 - 124 - 125 - 126 - 127 - 129 - 130 - 131 - 133 - 134 - 135 - 137 - 138 - 140 - 141 - 142 - 145 - 146 - 147 - 149 - 150 - 152 - 157 - 158 - 159 - 160 - 162 - 163 - 164 - 165 - 167 - 169 - 171 - 173 - 174 - 178 - 179 - 181 - 182 - 184 - 185 - 187 - 188 - 189 - 191 - 192 - 194 - 197 - 202 - 204 - 205 - 207 - 208 - 211 - 212 - 215 - 216 - 217 - 219 - 220 - 222 - 225 - 226 - 227 - 228 - 229 - 232 - 234 - 235 - 236 - 237 - 239 - 241 - 242 - 246 - 247 - 249 - 251 - 252 - 253 - 254 - 255 - 257 - 259 - 260 - 263 - 267 - 269 - 271 - 273 - 274 - 276 - 278 - 279 - 281 - 283 - 286 - 290 - 293 - 295 - 297 - 298 - 299 - 302 - 305 - 306 - 309 - 310 - 311 - 312 - 314 - 315 - 316 - 318 - 319 - 320 - 321 - 323 - 324 - 326 - 329 - 330 - 331 - 337 - 338 - 340 - 341 - 343 - 347 - 350 - 351 - 352 - 354 - 355 - 356 - 358 - 359 - 361 - 366 - 368 - 370 - 371 - 372 - 373 - 374 - 378 - 379 - 380 - 381 - 382 - 383 - 384 - 387 - 389 - 390 - 391 - 394 - 396 - 397 - 399 - 401 - 402 - 404 - 405 - 406 - 408 - 409 - 410 - 411 - 413 - 414 - 415 - 419 - 423 - 426 - 427 - 429 - 431 - 434 - 436 - 437 - 438 - 439 - 440 - 441 - 442 - 443 - 444 - 447 - 451 - 452 - 454 - 455 - 456 - 457 - 458 - 461 - 462 - 463 - 464 - 469 - 470 - 471 - 473 - 474 - 479 - 480 - 482 - 483 - 485 - 487 - 489 - 490 - 495 - 498 - 499,566563.3,3.7,94815,102176,130.25,Cost: 94815 & Capacity: 102176
4 - 6 - 8 - 9 - 10 - 11 - 12 - 14 - 16 - 21 - 22 - 24 - 28 - 32 - 37 - 38 - 40 - 41 - 45 - 46 - 51 - 53 - 60 - 62 - 64 - 68 - 69 - 71 - 72 - 74 - 75 - 78 - 79 - 80 - 82 - 83 - 85 - 88 - 92 - 99 - 104 - 107 - 109 - 111 - 115 - 116 - 117 - 118 - 121 - 123 - 125 - 127 - 130 - 132 - 133 - 134 - 135 - 140 - 145 - 149 - 156 - 157 - 164 - 165 - 171 - 173 - 174 - 177 - 179 - 181 - 185 - 187 - 196 - 197 - 201 - 204 - 210 - 215 - 216 - 217 - 221 - 222 - 225 - 226 - 228 - 230 - 232 - 233 - 235 - 243 - 244 - 248 - 253 - 255 - 259 - 261 - 263 - 267 - 271 - 272 - 273 - 274 - 279 - 280 - 281 - 283 - 284 - 286 - 289 - 291 - 293 - 294 - 299 - 300 - 302 - 307 - 309 - 312 - 314 - 316 - 319 - 321 - 324 - 330 - 331 - 332 - 337 - 338 - 340 - 342 - 343 - 347 - 350 - 352 - 356 - 359 - 362 - 366 - 373 - 374 - 379 - 381 - 386 - 387 - 390 - 391 - 396 - 398 - 400 - 401 - 403 - 404 - 406 - 408 - 411 - 412 - 413 - 419 - 421 - 425 - 426 - 431 - 436 - 438 - 440 - 442 - 443 - 449 - 450 - 455 - 463 - 469 - 470 - 471 - 474 - 476 - 478 - 479 - 482 - 485 - 486 - 487 - 490 - 491 - 493 - 498,239096.7,7.3,94817,84945,130.82,Cost: 94817 & Capacity: 84945
0 - 1 - 2 - 4 - 5 - 6 - 8 - 10 - 11 - 12 - 14 - 15 - 16 - 18 - 19 - 20 - 22 - 24 - 26 - 27 - 29 - 30 - 34 - 35 - 36 - 40 - 41 - 42 - 43 - 44 - 45 - 46 - 49 - 50 - 52 - 54 - 57 - 58 - 60 - 61 - 63 - 64 - 66 - 67 - 68 - 70 - 71 - 72 - 74 - 75 - 77 - 78 - 79 - 80 - 81 - 82 - 83 - 85 - 86 - 87 - 88 - 90 - 91 - 92 - 97 - 98 - 99 - 101 - 102 - 103 - 105 - 106 - 108 - 110 - 112 - 114 - 115 - 116 - 117 - 118 - 120 - 121 - 122 - 123 - 124 - 125 - 126 - 127 - 129 - 130 - 131 - 133 - 134 - 135 - 137 - 140 - 141 - 142 - 145 - 146 - 147 - 149 - 150 - 152 - 157 - 158 - 159 - 162 - 163 - 164 - 165 - 167 - 169 - 171 - 172 - 173 - 174 - 178 - 179 - 181 - 182 - 184 - 185 - 187 - 188 - 189 - 191 - 192 - 194 - 196 - 197 - 202 - 204 - 205 - 207 - 208 - 211 - 212 - 215 - 216 - 217 - 220 - 222 - 225 - 226 - 227 - 228 - 229 - 232 - 234 - 235 - 236 - 237 - 239 - 241 - 242 - 246 - 247 - 249 - 251 - 252 - 253 - 254 - 255 - 257 - 259 - 260 - 263 - 267 - 269 - 271 - 273 - 274 - 276 - 278 - 279 - 281 - 283 - 286 - 290 - 293 - 294 - 295 - 297 - 298 - 299 - 302 - 305 - 306 - 309 - 310 - 311 - 312 - 314 - 315 - 316 - 318 - 319 - 320 - 321 - 323 - 324 - 326 - 329 - 330 - 331 - 337 - 338 - 340 - 341 - 343 - 347 - 350 - 351 - 352 - 354 - 355 - 356 - 358 - 359 - 361 - 366 - 368 - 370 - 371 - 372 - 373 - 374 - 378 - 379 - 380 - 381 - 382 - 383 - 384 - 387 - 389 - 390 - 391 - 394 - 396 - 397 - 399 - 401 - 402 - 404 - 405 - 406 - 408 - 409 - 410 - 411 - 413 - 414 - 415 - 419 - 423 - 426 - 427 - 429 - 431 - 434 - 436 - 437 - 438 - 439 - 440 - 441 - 442 - 443 - 444 - 447 - 451 - 454 - 455 - 456 - 457 - 458 - 461 - 462 - 463 - 464 - 469 - 470 - 471 - 473 - 474 - 479 - 480 - 482 - 483 - 485 - 487 - 489 - 490 - 495 - 498 - 499,565484.0,3.8,94815,102236,131.24,Cost: 94815 & Capacity: 102236
1 - 3 - 4 - 6 - 8 - 10 - 11 - 12 - 14 - 15 - 16 - 19 - 21 - 22 - 24 - 27 - 28 - 33 - 36 - 40 - 41 - 42 - 43 - 44 - 45 - 46 - 49 - 50 - 54 - 57 - 58 - 60 - 62 - 64 - 66 - 68 - 69 - 70 - 71 - 72 - 73 - 74 - 75 - 78 - 79 - 80 - 82 - 85 - 88 - 92 - 97 - 98 - 99 - 101 - 102 - 103 - 107 - 108 - 114 - 115 - 116 - 118 - 121 - 122 - 123 - 124 - 125 - 127 - 128 - 130 - 131 - 132 - 133 - 134 - 135 - 140 - 141 - 145 - 149 - 150 - 153 - 156 - 157 - 158 - 164 - 165 - 167 - 169 - 171 - 172 - 177 - 178 - 179 - 182 - 184 - 185 - 189 - 191 - 192 - 193 - 194 - 196 - 197 - 201 - 202 - 204 - 207 - 211 - 216 - 217 - 220 - 221 - 222 - 225 - 226 - 228 - 229 - 230 - 232 - 234 - 235 - 237 - 244 - 251 - 253 - 254 - 255 - 257 - 261 - 263 - 267 - 271 - 273 - 274 - 276 - 278 - 281 - 283 - 285 - 286 - 289 - 290 - 293 - 294 - 295 - 299 - 302 - 309 - 310 - 311 - 312 - 313 - 314 - 316 - 318 - 319 - 320 - 321 - 323 - 330 - 337 - 338 - 340 - 341 - 348 - 349 - 350 - 351 - 355 - 356 - 358 - 359 - 360 - 366 - 372 - 373 - 374 - 377 - 379 - 380 - 381 - 383 - 387 - 388 - 389 - 390 - 391 - 396 - 397 - 398 - 399 - 401 - 404 - 405 - 406 - 408 - 409 - 410 - 411 - 414 - 416 - 419 - 421 - 423 - 426 - 428 - 429 - 431 - 434 - 438 - 440 - 442 - 443 - 446 - 450 - 451 - 452 - 454 - 457 - 461 - 462 - 463 - 464 - 469 - 470 - 471 - 474 - 476 - 478 - 479 - 480 - 482 - 486 - 487 - 489 - 490 - 493 - 498,376998.6,6.4,94780,91761,132.48,Cost: 94780 & Capacity: 91761
0 - 1 - 2 - 4 - 6 - 8 - 10 - 11 - 12 - 14 - 15 - 16 - 18 - 19 - 20 - 22 - 24 - 26 - 27 - 29 - 30 - 31 - 33 - 34 - 35 - 36 - 40 - 41 - 42 - 43 - 44 - 45 - 46 - 49 - 50 - 52 - 57 - 58 - 60 - 61 - 63 - 64 - 66 - 67 - 68 - 71 - 72 - 74 - 75 - 77 - 78 - 79 - 80 - 81 - 82 - 83 - 84 - 85 - 86 - 87 - 88 - 90 - 91 - 92 - 97 - 98 - 99 - 101 - 102 - 103 - 105 - 106 - 108 - 110 - 112 - 114 - 115 - 116 - 117 - 118 - 120 - 121 - 122 - 123 - 124 - 125 - 126 - 127 - 128 - 129 - 130 - 131 - 133 - 134 - 135 - 137 - 138 - 140 - 141 - 142 - 145 - 146 - 147 - 149 - 150 - 152 - 157 - 158 - 159 - 160 - 162 - 163 - 164 - 165 - 167 - 169 - 171 - 172 - 173 - 174 - 178 - 179 - 181 - 182 - 184 - 185 - 187 - 188 - 189 - 191 - 192 - 194 - 197 - 202 - 204 - 205 - 207 - 208 - 211 - 215 - 216 - 217 - 220 - 222 - 225 - 226 - 227 - 228 - 229 - 232 - 234 - 235 - 236 - 237 - 239 - 241 - 242 - 246 - 247 - 249 - 251 - 252 - 253 - 254 - 255 - 257 - 259 - 260 - 263 - 267 - 269 - 271 - 273 - 274 - 276 - 278 - 279 - 281 - 283 - 286 - 290 - 293 - 295 - 297 - 298 - 299 - 302 - 305 - 306 - 309 - 310 - 311 - 312 - 314 - 315 - 316 - 318 - 319 - 320 - 321 - 323 - 324 - 326 - 329 - 330 - 331 - 336 - 337 - 338 - 340 - 341 - 343 - 347 - 350 - 351 - 352 - 354 - 355 - 356 - 358 - 359 - 361 - 366 - 368 - 370 - 371 - 372 - 373 - 374 - 378 - 379 - 380 - 381 - 382 - 383 - 384 - 387 - 389 - 390 - 391 - 394 - 396 - 397 - 399 - 401 - 402 - 404 - 405 - 406 - 408 - 409 - 410 - 413 - 414 - 415 - 419 - 423 - 426 - 427 - 429 - 431 - 434 - 436 - 437 - 438 - 439 - 440 - 441 - 442 - 443 - 444 - 447 - 451 - 454 - 455 - 456 - 457 - 458 - 461 - 462 - 463 - 464 - 469 - 470 - 471 - 473 - 474 - 479 - 480 - 482 - 483 - 485 - 487 - 489 - 490 - 495 - 498 - 499,562813.0,3.9,94813,101538,134.15,Cost: 94813 & Capacity: 101538
4 - 5 - 6 - 8 - 10 - 11 - 13 - 16 - 19 - 21 - 24 - 37 - 40 - 41 - 45 - 46 - 48 - 51 - 58 - 62 - 64 - 69 - 73 - 74 - 75 - 78 - 79 - 80 - 82 - 85 - 87 - 92 - 99 - 100 - 104 - 107 - 109 - 111 - 115 - 117 - 120 - 123 - 124 - 127 - 131 - 132 - 133 - 135 - 140 - 155 - 156 - 157 - 160 - 163 - 165 - 169 - 171 - 174 - 177 - 181 - 183 - 185 - 189 - 194 - 196 - 201 - 204 - 206 - 207 - 217 - 221 - 228 - 235 - 240 - 242 - 243 - 244 - 248 - 258 - 261 - 267 - 271 - 273 - 274 - 277 - 280 - 281 - 283 - 284 - 286 - 289 - 291 - 294 - 299 - 302 - 307 - 309 - 312 - 314 - 316 - 318 - 321 - 330 - 331 - 333 - 336 - 337 - 342 - 344 - 349 - 356 - 359 - 361 - 362 - 366 - 372 - 373 - 376 - 377 - 379 - 381 - 384 - 388 - 389 - 390 - 395 - 398 - 399 - 406 - 408 - 411 - 412 - 413 - 415 - 416 - 421 - 423 - 425 - 431 - 433 - 438 - 440 - 443 - 446 - 450 - 451 - 452 - 470 - 471 - 476 - 478 - 479 - 480 - 485 - 486 - 489 - 490 - 491 - 495 - 498,177448.3,7.6,92568,78490,136.91,Cost: 92568 & Capacity: 78490
0 - 1 - 2 - 4 - 5 - 6 - 8 - 10 - 11 - 12 - 14 - 15 - 16 - 18 - 19 - 20 - 22 - 24 - 26 - 27 - 29 - 30 - 31 - 34 - 35 - 36 - 40 - 41 - 42 - 43 - 44 - 45 - 46 - 49 - 50 - 52 - 57 - 58 - 60 - 63 - 64 - 66 - 67 - 68 - 70 - 71 - 72 - 74 - 75 - 77 - 78 - 79 - 80 - 81 - 82 - 83 - 85 - 86 - 87 - 88 - 90 - 91 - 92 - 97 - 98 - 99 - 101 - 102 - 103 - 105 - 106 - 108 - 110 - 112 - 114 - 115 - 116 - 117 - 118 - 120 - 121 - 122 - 123 - 124 - 125 - 126 - 127 - 129 - 130 - 131 - 133 - 134 - 135 - 138 - 140 - 141 - 142 - 145 - 146 - 147 - 149 - 150 - 152 - 157 - 158 - 159 - 160 - 162 - 163 - 164 - 165 - 167 - 169 - 171 - 172 - 173 - 174 - 178 - 179 - 181 - 182 - 184 - 185 - 187 - 188 - 189 - 191 - 192 - 194 - 197 - 202 - 204 - 205 - 207 - 208 - 211 - 215 - 216 - 217 - 220 - 222 - 225 - 226 - 227 - 228 - 229 - 232 - 234 - 235 - 236 - 237 - 239 - 241 - 242 - 246 - 247 - 249 - 251 - 252 - 253 - 254 - 255 - 257 - 259 - 260 - 263 - 267 - 269 - 271 - 273 - 274 - 276 - 278 - 279 - 281 - 283 - 286 - 290 - 293 - 294 - 295 - 297 - 298 - 299 - 302 - 305 - 306 - 309 - 310 - 311 - 312 - 314 - 315 - 316 - 318 - 319 - 320 - 321 - 323 - 324 - 326 - 329 - 330 - 331 - 336 - 337 - 338 - 340 - 341 - 343 - 347 - 350 - 351 - 352 - 354 - 355 - 356 - 358 - 359 - 361 - 366 - 368 - 370 - 371 - 372 - 373 - 374 - 378 - 379 - 380 - 381 - 382 - 383 - 384 - 387 - 389 - 390 - 391 - 394 - 396 - 397 - 399 - 401 - 402 - 404 - 405 - 406 - 408 - 409 - 410 - 411 - 413 - 414 - 415 - 419 - 423 - 426 - 427 - 429 - 431 - 434 - 436 - 437 - 438 - 439 - 440 - 441 - 442 - 443 - 444 - 447 - 451 - 454 - 455 - 456 - 457 - 458 - 461 - 462 - 463 - 464 - 469 - 470 - 471 - 473 - 474 - 479 - 480 - 482 - 483 - 485 - 487 - 489 - 490 - 495 - 498 - 499,561201.2,4.2,94814,102455,137.27,Cost: 94814 & Capacity: 102455
0 - 1 - 2 - 4 - 6 - 8 - 10 - 11 - 12 - 14 - 15 - 16 - 18 - 19 - 20 - 22 - 24 - 26 - 27 - 29 - 30 - 34 - 35 - 36 - 40 - 41 - 42 - 43 - 44 - 45 - 46 - 49 - 50 - 52 - 57 - 58 - 60 - 63 - 64 - 66 - 67 - 68 - 70 - 71 - 72 - 74 - 75 - 77 - 78 - 79 - 80 - 81 - 82 - 83 - 85 - 86 - 87 - 88 - 90 - 91 - 92 - 97 - 98 - 99 - 101 - 102 - 103 - 105 - 106 - 108 - 110 - 112 - 114 - 115 - 116 - 117 - 118 - 120 - 121 - 122 - 123 - 124 - 125 - 126 - 127 - 128 - 129 - 130 - 131 - 133 - 134 - 135 - 138 - 140 - 141 - 142 - 145 - 146 - 147 - 149 - 150 - 152 - 157 - 158 - 159 - 160 - 162 - 163 - 164 - 165 - 167 - 169 - 171 - 173 - 174 - 178 - 179 - 181 - 182 - 184 - 185 - 187 - 188 - 189 - 191 - 192 - 194 - 196 - 197 - 202 - 204 - 205 - 207 - 208 - 211 - 215 - 216 - 217 - 220 - 222 - 225 - 226 - 227 - 228 - 229 - 232 - 234 - 235 - 236 - 237 - 239 - 241 - 242 - 246 - 247 - 249 - 251 - 252 - 253 - 254 - 255 - 257 - 259 - 263 - 267 - 269 - 271 - 273 - 274 - 276 - 278 - 279 - 281 - 283 - 286 - 290 - 293 - 294 - 295 - 297 - 298 - 299 - 302 - 305 - 306 - 309 - 310 - 311 - 312 - 314 - 315 - 316 - 318 - 319 - 320 - 321 - 323 - 324 - 326 - 329 - 330 - 331 - 336 - 337 - 338 - 340 - 341 - 343 - 347 - 350 - 351 - 352 - 354 - 355 - 356 - 358 - 359 - 361 - 366 - 368 - 370 - 371 - 372 - 373 - 374 - 378 - 379 - 380 - 381 - 382 - 383 - 384 - 387 - 389 - 390 - 391 - 394 - 396 - 397 - 399 - 401 - 402 - 404 - 405 - 406 - 408 - 409 - 410 - 411 - 413 - 414 - 415 - 419 - 423 - 426 - 427 - 429 - 431 - 434 - 436 - 437 - 438 - 439 - 440 - 441 - 443 - 444 - 447 - 451 - 452 - 454 - 455 - 456 - 457 - 458 - 461 - 462 - 463 - 464 - 469 - 470 - 471 - 473 - 474 - 479 - 480 - 482 - 483 - 485 - 487 - 489 - 490 - 495 - 498 - 499,555394.3,4.4,94812,101781,137.51,Cost: 94812 & Capacity: 101781
0 - 1 - 2 - 4 - 5 - 6 - 8 - 10 - 11 - 12 - 14 - 15 - 16 - 18 - 19 - 20 - 22 - 24 - 26 - 27 - 29 - 30 - 34 - 35 - 36 - 40 - 41 - 42 - 43 - 44 - 45 - 46 - 49 - 50 - 52 - 54 - 57 - 58 - 60 - 61 - 63 - 64 - 66 - 67 - 68 - 70 - 71 - 72 - 74 - 75 - 77 - 78 - 79 - 80 - 81 - 82 - 83 - 85 - 86 - 87 - 88 - 90 - 91 - 92 - 97 - 98 - 99 - 101 - 102 - 103 - 105 - 106 - 108 - 110 - 112 - 114 - 115 - 116 - 117 - 118 - 120 - 121 - 122 - 123 - 124 - 125 - 126 - 127 - 129 - 130 - 131 - 133 - 134 - 135 - 137 - 140 - 141 - 142 - 145 - 146 - 147 - 149 - 150 - 152 - 157 - 158 - 159 - 162 - 163 - 164 - 165 - 167 - 169 - 171 - 172 - 173 - 174 - 178 - 179 - 181 - 182 - 184 - 185 - 187 - 188 - 189 - 191 - 192 - 194 - 196 - 197 - 202 - 204 - 205 - 207 - 208 - 211 - 212 - 215 - 216 - 217 - 220 - 222 - 225 - 226 - 227 - 228 - 229 - 232 - 234 - 235 - 236 - 237 - 239 - 241 - 242 - 246 - 247 - 249 - 251 - 252 - 253 - 254 - 255 - 257 - 259 - 260 - 263 - 267 - 269 - 271 - 273 - 274 - 276 - 278 - 279 - 281 - 283 - 286 - 290 - 293 - 294 - 295 - 297 - 298 - 299 - 302 - 305 - 306 - 309 - 310 - 311 - 312 - 314 - 315 - 316 - 318 - 319 - 320 - 321 - 323 - 324 - 326 - 329 - 330 - 331 - 337 - 338 - 340 - 341 - 343 - 347 - 350 - 351 - 352 - 354 - 355 - 356 - 358 - 359 - 361 - 366 - 368 - 370 - 371 - 372 - 373 - 374 - 378 - 379 - 380 - 381 - 382 - 383 - 384 - 387 - 389 - 390 - 391 - 394 - 396 - 397 - 399 - 401 - 402 - 404 - 405 - 406 - 408 - 409 - 410 - 411 - 413 - 414 - 415 - 419 - 423 - 426 - 427 - 429 - 431 - 434 - 436 - 437 - 438 - 439 - 440 - 441 - 442 - 443 - 444 - 447 - 451 - 454 - 455 - 456 - 457 - 458 - 461 - 462 - 463 - 464 - 469 - 470 - 471 - 473 - 474 - 479 - 480 - 482 - 483 - 485 - 487 - 489 - 490 - 495 - 498 - 499,565484.0,3.8,94815,102236,142.33,Cost: 94815 & Capacity: 102236
0 - 1 - 2 - 4 - 6 - 8 - 10 - 11 - 12 - 14 - 15 - 16 - 18 - 19 - 20 - 22 - 24 - 26 - 27 - 29 - 30 - 31 - 33 - 34 - 35 - 36 - 40 - 41 - 42 - 43 - 44 - 45 - 46 - 49 - 50 - 52 - 57 - 58 - 60 - 61 - 63 - 64 - 66 - 67 - 68 - 71 - 72 - 74 - 75 - 77 - 78 - 79 - 80 - 81 - 82 - 83 - 84 - 85 - 86 - 87 - 88 - 90 - 91 - 92 - 97 - 98 - 99 - 101 - 102 - 103 - 105 - 106 - 108 - 110 - 112 - 114 - 115 - 116 - 117 - 118 - 120 - 121 - 122 - 123 - 124 - 125 - 126 - 127 - 128 - 129 - 130 - 131 - 133 - 134 - 135 - 137 - 138 - 140 - 141 - 142 - 145 - 146 - 147 - 149 - 150 - 152 - 157 - 158 - 159 - 160 - 162 - 163 - 164 - 165 - 167 - 169 - 171 - 172 - 173 - 174 - 178 - 179 - 181 - 182 - 184 - 185 - 187 - 188 - 189 - 191 - 192 - 194 - 197 - 202 - 204 - 205 - 207 - 208 - 211 - 215 - 216 - 217 - 220 - 222 - 225 - 226 - 227 - 228 - 229 - 232 - 234 - 235 - 236 - 237 - 239 - 241 - 242 - 246 - 247 - 249 - 251 - 252 - 253 - 254 - 255 - 257 - 259 - 260 - 263 - 267 - 269 - 271 - 273 - 274 - 276 - 278 - 279 - 281 - 283 - 286 - 290 - 293 - 295 - 297 - 298 - 299 - 302 - 305 - 306 - 309 - 310 - 311 - 312 - 314 - 315 - 316 - 318 - 319 - 320 - 321 - 323 - 324 - 326 - 329 - 330 - 331 - 336 - 337 - 338 - 340 - 341 - 343 - 347 - 350 - 351 - 352 - 354 - 355 - 356 - 358 - 359 - 361 - 366 - 368 - 370 - 371 - 372 - 373 - 374 - 378 - 379 - 380 - 381 - 382 - 383 - 384 - 387 - 389 - 390 - 391 - 394 - 396 - 397 - 399 - 401 - 402 - 404 - 405 - 406 - 408 - 409 - 410 - 413 - 414 - 415 - 419 - 423 - 426 - 427 - 429 - 431 - 434 - 436 - 437 - 438 - 439 - 440 - 441 - 442 - 443 - 444 - 447 - 451 - 454 - 455 - 456 - 457 - 458 - 461 - 462 - 463 - 464 - 469 - 470 - 471 - 473 - 474 - 479 - 480 - 482 - 483 - 485 - 487 - 489 - 490 - 495 - 498 - 499,562813.0,3.9,94813,101538,143.28,Cost: 94813 & Capacity: 101538
0 - 1 - 2 - 4 - 5 - 6 - 8 - 10 - 11 - 12 - 14 - 15 - 16 - 18 - 19 - 20 - 22 - 24 - 26 - 27 - 29 - 30 - 34 - 35 - 36 - 40 - 41 - 42 - 43 - 44 - 45 - 46 - 49 - 50 - 52 - 54 - 57 - 58 - 60 - 61 - 63 - 64 - 66 - 67 - 68 - 70 - 71 - 72 - 74 - 75 - 77 - 78 - 79 - 80 - 81 - 82 - 83 - 85 - 86 - 87 - 88 - 90 - 91 - 92 - 97 - 98 - 99 - 101 - 102 - 103 - 105 - 106 - 108 - 110 - 112 - 114 - 115 - 116 - 117 - 118 - 120 - 121 - 122 - 123 - 124 - 125 - 126 - 127 - 129 - 130 - 131 - 133 - 134 - 135 - 137 - 140 - 141 - 142 - 145 - 146 - 147 - 149 - 150 - 152 - 157 - 158 - 159 - 162 - 163 - 164 - 165 - 167 - 169 - 171 - 172 - 173 - 174 - 178 - 179 - 181 - 182 - 184 - 185 - 187 - 188 - 189 - 191 - 192 - 194 - 196 - 197 - 202 - 204 - 205 - 207 - 208 - 211 - 212 - 215 - 216 - 217 - 220 - 222 - 225 - 226 - 227 - 228 - 229 - 232 - 234 - 235 - 236 - 237 - 239 - 241 - 242 - 246 - 247 - 249 - 251 - 252 - 253 - 254 - 255 - 257 - 259 - 260 - 263 - 267 - 269 - 271 - 273 - 274 - 276 - 278 - 279 - 281 - 283 - 286 - 290 - 293 - 294 - 295 - 297 - 298 - 299 - 302 - 305 - 306 - 309 - 310 - 311 - 312 - 314 - 315 - 316 - 318 - 319 - 320 - 321 - 323 - 324 - 326 - 329 - 330 - 331 - 337 - 338 - 340 - 341 - 343 - 347 - 350 - 351 - 352 - 354 - 355 - 356 - 358 - 359 - 361 - 366 - 368 - 370 - 371 - 372 - 373 - 374 - 378 - 379 - 380 - 381 - 382 - 383 - 384 - 387 - 389 - 390 - 391 - 394 - 396 - 397 - 399 - 401 - 402 - 404 - 405 - 406 - 408 - 409 - 410 - 411 - 413 - 414 - 415 - 419 - 423 - 426 - 427 - 429 - 431 - 434 - 436 - 437 - 438 - 439 - 440 - 441 - 442 - 443 - 444 - 447 - 451 - 454 - 455 - 456 - 457 - 458 - 461 - 462 - 463 - 464 - 469 - 470 - 471 - 473 - 474 - 479 - 480 - 482 - 483 - 485 - 487 - 489 - 490 - 495 - 498 - 499,565484.0,3.8,94815,102236,149.0,Cost: 94815 & Capacity: 102236
0 - 1 - 2 - 4 - 5 - 6 - 8 - 10 - 11 - 12 - 14 - 15 - 16 - 18 - 19 - 20 - 22 - 24 - 26 - 27 - 29 - 30 - 34 - 35 - 36 - 40 - 41 - 42 - 43 - 44 - 45 - 46 - 49 - 50 - 52 - 54 - 57 - 58 - 60 - 61 - 63 - 64 - 66 - 67 - 68 - 70 - 71 - 72 - 74 - 75 - 77 - 78 - 79 - 80 - 81 - 82 - 83 - 85 - 86 - 87 - 88 - 90 - 91 - 92 - 97 - 98 - 99 - 101 - 102 - 103 - 105 - 106 - 108 - 110 - 112 - 114 - 115 - 116 - 117 - 118 - 120 - 121 - 122 - 123 - 124 - 125 - 126 - 127 - 129 - 130 - 131 - 133 - 134 - 135 - 137 - 140 - 141 - 142 - 145 - 146 - 147 - 149 - 150 - 152 - 157 - 158 - 159 - 162 - 163 - 164 - 165 - 167 - 169 - 171 - 172 - 173 - 174 - 178 - 179 - 181 - 182 - 184 - 185 - 187 - 188 - 189 - 191 - 192 - 194 - 196 - 197 - 202 - 204 - 205 - 207 - 208 - 211 - 212 - 215 - 216 - 217 - 220 - 222 - 225 - 226 - 227 - 228 - 229 - 232 - 234 - 235 - 236 - 237 - 239 - 241 - 242 - 246 - 247 - 249 - 251 - 252 - 253 - 254 - 255 - 257 - 259 - 260 - 263 - 267 - 269 - 271 - 273 - 274 - 276 - 278 - 279 - 281 - 283 - 286 - 290 - 293 - 294 - 295 - 297 - 298 - 299 - 302 - 305 - 306 - 309 - 310 - 311 - 312 - 314 - 315 - 316 - 318 - 319 - 320 - 321 - 323 - 324 - 326 - 329 - 330 - 331 - 337 - 338 - 340 - 341 - 343 - 347 - 350 - 351 - 352 - 354 - 355 - 356 - 358 - 359 - 361 - 366 - 368 - 370 - 371 - 372 - 373 - 374 - 378 - 379 - 380 - 381 - 382 - 383 - 384 - 387 - 389 - 390 - 391 - 394 - 396 - 397 - 399 - 401 - 402 - 404 - 405 - 406 - 408 - 409 - 410 - 411 - 413 - 414 - 415 - 419 - 423 - 426 - 427 - 429 - 431 - 434 - 436 - 437 - 438 - 439 - 440 - 441 - 442 - 443 - 444 - 447 - 451 - 454 - 455 - 456 - 457 - 458 - 461 - 462 - 463 - 464 - 469 - 470 - 471 - 473 - 474 - 479 - 480 - 482 - 483 - 485 - 487 - 489 - 490 - 495 - 498 - 499,565484.0,3.8,94815,102236,151.25,Cost: 94815 & Capacity: 102236
1 - 2 - 3 - 4 - 6 - 8 - 10 - 11 - 12 - 14 - 16 - 19 - 21 - 24 - 26 - 27 - 28 - 33 - 36 - 37 - 40 - 41 - 42 - 43 - 44 - 45 - 46 - 49 - 50 - 52 - 54 - 57 - 58 - 60 - 62 - 64 - 67 - 68 - 69 - 71 - 72 - 74 - 75 - 78 - 79 - 80 - 82 - 83 - 85 - 87 - 91 - 92 - 98 - 99 - 102 - 103 - 107 - 108 - 111 - 115 - 116 - 120 - 121 - 122 - 123 - 124 - 125 - 126 - 127 - 131 - 132 - 133 - 134 - 135 - 140 - 141 - 142 - 145 - 146 - 149 - 155 - 156 - 157 - 158 - 163 - 164 - 165 - 167 - 169 - 171 - 172 - 177 - 178 - 179 - 181 - 182 - 184 - 185 - 187 - 189 - 191 - 193 - 194 - 196 - 197 - 201 - 202 - 204 - 207 - 210 - 215 - 216 - 218 - 220 - 221 - 222 - 225 - 226 - 227 - 228 - 230 - 232 - 234 - 236 - 239 - 244 - 251 - 252 - 254 - 255 - 259 - 263 - 267 - 271 - 273 - 274 - 276 - 278 - 279 - 281 - 283 - 286 - 289 - 290 - 291 - 293 - 294 - 295 - 299 - 302 - 305 - 306 - 307 - 309 - 310 - 311 - 312 - 313 - 314 - 315 - 316 - 318 - 319 - 320 - 321 - 329 - 331 - 337 - 338 - 340 - 341 - 351 - 354 - 356 - 358 - 359 - 360 - 362 - 366 - 368 - 373 - 374 - 377 - 378 - 379 - 380 - 381 - 382 - 383 - 384 - 387 - 389 - 390 - 391 - 397 - 398 - 399 - 401 - 404 - 405 - 406 - 408 - 409 - 410 - 411 - 416 - 419 - 421 - 423 - 426 - 428 - 429 - 431 - 434 - 436 - 440 - 441 - 443 - 444 - 450 - 451 - 452 - 454 - 461 - 462 - 463 - 469 - 470 - 471 - 473 - 474 - 476 - 478 - 479 - 480 - 482 - 483 - 486 - 487 - 489 - 490 - 493 - 498 - 499,395910.6,6.1,94767,87756,153.59,Cost: 94767 & Capacity: 87756
0 - 1 - 2 - 4 - 5 - 6 - 8 - 10 - 11 - 12 - 14 - 15 - 16 - 18 - 19 - 20 - 22 - 24 - 26 - 27 - 29 - 30 - 34 - 35 - 36 - 40 - 41 - 42 - 43 - 44 - 45 - 46 - 49 - 50 - 52 - 54 - 57 - 58 - 60 - 61 - 63 - 64 - 66 - 67 - 68 - 70 - 71 - 72 - 74 - 75 - 77 - 78 - 79 - 80 - 81 - 82 - 83 - 85 - 86 - 87 - 88 - 90 - 91 - 92 - 97 - 98 - 99 - 101 - 102 - 103 - 105 - 106 - 108 - 110 - 112 - 114 - 115 - 116 - 117 - 118 - 120 - 121 - 122 - 123 - 124 - 125 - 126 - 127 - 129 - 130 - 131 - 133 - 134 - 135 - 137 - 140 - 141 - 142 - 145 - 146 - 147 - 149 - 150 - 152 - 157 - 158 - 159 - 162 - 163 - 164 - 165 - 167 - 169 - 171 - 172 - 173 - 174 - 178 - 179 - 181 - 182 - 184 - 185 - 187 - 188 - 189 - 191 - 192 - 194 - 196 - 197 - 202 - 204 - 205 - 207 - 208 - 211 - 212 - 215 - 216 - 217 - 220 - 222 - 225 - 226 - 227 - 228 - 229 - 232 - 234 - 235 - 236 - 237 - 239 - 241 - 242 - 246 - 247 - 249 - 251 - 252 - 253 - 254 - 255 - 257 - 259 - 260 - 263 - 267 - 269 - 271 - 273 - 274 - 276 - 278 - 279 - 281 - 283 - 286 - 290 - 293 - 294 - 295 - 297 - 298 - 299 - 302 - 305 - 306 - 309 - 310 - 311 - 312 - 314 - 315 - 316 - 318 - 319 - 320 - 321 - 323 - 324 - 326 - 329 - 330 - 331 - 337 - 338 - 340 - 341 - 343 - 347 - 350 - 351 - 352 - 354 - 355 - 356 - 358 - 359 - 361 - 366 - 368 - 370 - 371 - 372 - 373 - 374 - 378 - 379 - 380 - 381 - 382 - 383 - 384 - 387 - 389 - 390 - 391 - 394 - 396 - 397 - 399 - 401 - 402 - 404 - 405 - 406 - 408 - 409 - 410 - 411 - 413 - 414 - 415 - 419 - 423 - 426 - 427 - 429 - 431 - 434 - 436 - 437 - 438 - 439 - 440 - 441 - 442 - 443 - 444 - 447 - 451 - 454 - 455 - 456 - 457 - 458 - 461 - 462 - 463 - 464 - 469 - 470 - 471 - 473 - 474 - 479 - 480 - 482 - 483 - 485 - 487 - 489 - 490 - 495 - 498 - 499,565484.0,3.8,94815,102236,154.67,Cost: 94815 & Capacity: 102236
0 - 1 - 2 - 4 - 5 - 6 - 8 - 10 - 11 - 12 - 14 - 15 - 16 - 18 - 19 - 20 - 22 - 24 - 26 - 27 - 29 - 30 - 31 - 33 - 34 - 35 - 36 - 40 - 41 - 42 - 43 - 44 - 45 - 46 - 49 - 50 - 52 - 57 - 58 - 60 - 61 - 63 - 64 - 66 - 67 - 68 - 70 - 71 - 72 - 74 - 75 - 77 - 78 - 79 - 80 - 81 - 82 - 83 - 85 - 86 - 87 - 88 - 90 - 91 - 92 - 97 - 98 - 99 - 101 - 102 - 103 - 105 - 106 - 108 - 110 - 112 - 114 - 115 - 116 - 117 - 118 - 120 - 121 - 122 - 123 - 124 - 125 - 126 - 127 - 129 - 130 - 131 - 133 - 134 - 135 - 137 - 138 - 140 - 141 - 142 - 145 - 146 - 147 - 149 - 150 - 152 - 157 - 158 - 159 - 160 - 162 - 163 - 164 - 165 - 167 - 169 - 171 - 173 - 174 - 178 - 179 - 181 - 182 - 184 - 185 - 187 - 188 - 189 - 191 - 192 - 194 - 197 - 202 - 204 - 205 - 207 - 208 - 211 - 212 - 215 - 216 - 217 - 219 - 220 - 222 - 225 - 226 - 227 - 228 - 229 - 232 - 234 - 235 - 236 - 237 - 239 - 241 - 242 - 246 - 247 - 249 - 251 - 252 - 253 - 254 - 255 - 257 - 259 - 260 - 263 - 267 - 269 - 271 - 273 - 274 - 276 - 278 - 279 - 281 - 283 - 286 - 290 - 293 - 295 - 297 - 298 - 299 - 302 - 305 - 306 - 309 - 310 - 311 - 312 - 314 - 315 - 316 - 318 - 319 - 320 - 321 - 323 - 324 - 326 - 329 - 330 - 331 - 337 - 338 - 340 - 341 - 343 - 347 - 350 - 351 - 352 - 354 - 355 - 356 - 358 - 359 - 361 - 366 - 368 - 370 - 371 - 372 - 373 - 374 - 378 - 379 - 380 - 381 - 382 - 383 - 384 - 387 - 389 - 390 - 391 - 394 - 396 - 397 - 399 - 401 - 402 - 404 - 405 - 406 - 408 - 409 - 410 - 411 - 413 - 414 - 415 - 419 - 423 - 426 - 427 - 429 - 431 - 434 - 436 - 437 - 438 - 439 - 440 - 441 - 442 - 443 - 444 - 447 - 451 - 454 - 455 - 456 - 457 - 458 - 461 - 462 - 463 - 464 - 469 - 470 - 471 - 473 - 474 - 479 - 480 - 482 - 483 - 485 - 487 - 489 - 490 - 495 - 498 - 499,566804.6,3.7,94817,102182,154.7,Cost: 94817 & Capacity: 102182
0 - 1 - 2 - 4 - 5 - 6 - 8 - 10 - 11 - 12 - 14 - 15 - 16 - 18 - 19 - 20 - 22 - 24 - 26 - 27 - 29 - 30 - 34 - 35 - 36 - 40 - 41 - 42 - 43 - 44 - 45 - 46 - 49 - 50 - 52 - 54 - 57 - 58 - 60 - 61 - 63 - 64 - 66 - 67 - 68 - 70 - 71 - 72 - 74 - 75 - 77 - 78 - 79 - 80 - 81 - 82 - 83 - 85 - 86 - 87 - 88 - 90 - 91 - 92 - 97 - 98 - 99 - 101 - 102 - 103 - 105 - 106 - 108 - 110 - 112 - 114 - 115 - 116 - 117 - 118 - 120 - 121 - 122 - 123 - 124 - 125 - 126 - 127 - 129 - 130 - 131 - 133 - 134 - 135 - 137 - 140 - 141 - 142 - 145 - 146 - 147 - 149 - 150 - 152 - 157 - 158 - 159 - 162 - 163 - 164 - 165 - 167 - 169 - 171 - 172 - 173 - 174 - 178 - 179 - 181 - 182 - 184 - 185 - 187 - 188 - 189 - 191 - 192 - 194 - 196 - 197 - 202 - 204 - 205 - 207 - 208 - 211 - 212 - 215 - 216 - 217 - 220 - 222 - 225 - 226 - 227 - 228 - 229 - 232 - 234 - 235 - 236 - 237 - 239 - 241 - 242 - 246 - 247 - 249 - 251 - 252 - 253 - 254 - 255 - 257 - 259 - 260 - 263 - 267 - 269 - 271 - 273 - 274 - 276 - 278 - 279 - 281 - 283 - 286 - 290 - 293 - 294 - 295 - 297 - 298 - 299 - 302 - 305 - 306 - 309 - 310 - 311 - 312 - 314 - 315 - 316 - 318 - 319 - 320 - 321 - 323 - 324 - 326 - 329 - 330 - 331 - 337 - 338 - 340 - 341 - 343 - 347 - 350 - 351 - 352 - 354 - 355 - 356 - 358 - 359 - 361 - 366 - 368 - 370 - 371 - 372 - 373 - 374 - 378 - 379 - 380 - 381 - 382 - 383 - 384 - 387 - 389 - 390 - 391 - 394 - 396 - 397 - 399 - 401 - 402 - 404 - 405 - 406 - 408 - 409 - 410 - 411 - 413 - 414 - 415 - 419 - 423 - 426 - 427 - 429 - 431 - 434 - 436 - 437 - 438 - 439 - 440 - 441 - 442 - 443 - 444 - 447 - 451 - 454 - 455 - 456 - 457 - 458 - 461 - 462 - 463 - 464 - 469 - 470 - 471 - 473 - 474 - 479 - 480 - 482 - 483 - 485 - 487 - 489 - 490 - 495 - 498 - 499,565484.0,3.8,94815,102236,158.33,Cost: 94815 & Capacity: 102236
