Nodes,MaxSum,MaxMin,Cost,Capacity,Time,Constraint values
4 - 6 - 12 - 14 - 16 - 30 - 35 - 38 - 45 - 46 - 48 - 49 - 51 - 53 - 64 - 65 - 79 - 89 - 104 - 107 - 112 - 115 - 123 - 131 - 133 - 135 - 144 - 145 - 157 - 166 - 167 - 182 - 188 - 193 - 199 - 204 - 205 - 223 - 228 - 230 - 238 - 241 - 247 - 250 - 255 - 256 - 257 - 258 - 260 - 261 - 262 - 264 - 271 - 272 - 276 - 284 - 287 - 292 - 317 - 318 - 328 - 332 - 337 - 348 - 352 - 354 - 362 - 371 - 373 - 376 - 377 - 379 - 387 - 388 - 390 - 394 - 399 - 403 - 406 - 407 - 408 - 412 - 418 - 420 - 422 - 424 - 425 - 432 - 446 - 453 - 462 - 465 - 471 - 475 - 482 - 486 - 487 - 493 - 495 - 497,2630119.4,28.2,65980,52106,0.06,Cost: 65980 & Capacity: 52106
4 - 5 - 8 - 9 - 10 - 15 - 18 - 22 - 23 - 24 - 27 - 33 - 34 - 35 - 36 - 37 - 40 - 41 - 45 - 46 - 49 - 50 - 51 - 52 - 53 - 55 - 56 - 62 - 65 - 71 - 75 - 82 - 85 - 91 - 93 - 94 - 99 - 101 - 105 - 106 - 107 - 111 - 113 - 120 - 121 - 123 - 126 - 129 - 130 - 131 - 133 - 137 - 143 - 144 - 145 - 150 - 155 - 156 - 157 - 160 - 167 - 170 - 172 - 178 - 182 - 183 - 190 - 191 - 195 - 204 - 206 - 207 - 209 - 211 - 213 - 220 - 223 - 226 - 228 - 230 - 233 - 236 - 237 - 239 - 242 - 247 - 255 - 258 - 260 - 261 - 262 - 264 - 268 - 270 - 271 - 275 - 276 - 280 - 281 - 285 - 286 - 290 - 296 - 298 - 299 - 301 - 304 - 305 - 307 - 311 - 317 - 322 - 326 - 327 - 337 - 341 - 346 - 347 - 352 - 354 - 357 - 361 - 366 - 371 - 373 - 377 - 384 - 387 - 398 - 399 - 402 - 403 - 406 - 410 - 412 - 413 - 415 - 419 - 427 - 433 - 440 - 442 - 444 - 445 - 446 - 447 - 449 - 452 - 453 - 455 - 458 - 462 - 463 - 465 - 471 - 475 - 478 - 482 - 484 - 487 - 488 - 489 - 490 - 493,6837400.0,12.3,88779,75020,6.05,Cost: 88779 & Capacity: 75020
4 - 5 - 8 - 9 - 10 - 15 - 18 - 22 - 23 - 24 - 27 - 33 - 34 - 35 - 36 - 37 - 40 - 41 - 45 - 46 - 49 - 50 - 51 - 52 - 53 - 55 - 56 - 62 - 65 - 71 - 75 - 82 - 85 - 91 - 93 - 94 - 97 - 99 - 101 - 103 - 105 - 106 - 107 - 111 - 113 - 120 - 121 - 123 - 126 - 129 - 130 - 131 - 133 - 137 - 143 - 144 - 145 - 150 - 155 - 156 - 157 - 160 - 167 - 170 - 172 - 178 - 182 - 183 - 190 - 191 - 195 - 204 - 206 - 207 - 209 - 211 - 213 - 220 - 223 - 226 - 228 - 230 - 233 - 236 - 237 - 239 - 242 - 247 - 255 - 258 - 260 - 261 - 262 - 264 - 268 - 270 - 271 - 275 - 276 - 280 - 281 - 285 - 286 - 290 - 296 - 298 - 299 - 301 - 304 - 305 - 307 - 311 - 317 - 322 - 326 - 327 - 337 - 341 - 346 - 347 - 352 - 354 - 357 - 358 - 361 - 365 - 366 - 371 - 373 - 377 - 384 - 387 - 398 - 399 - 402 - 403 - 406 - 410 - 412 - 413 - 415 - 419 - 427 - 433 - 440 - 442 - 444 - 445 - 446 - 447 - 449 - 451 - 452 - 453 - 455 - 458 - 462 - 463 - 465 - 471 - 475 - 478 - 482 - 484 - 487 - 488 - 489 - 490 - 493,7264579.7,11.7,91828,77837,6.05,Cost: 91828 & Capacity: 77837
0 - 3 - 6 - 19 - 20 - 21 - 30 - 33 - 39 - 40 - 42 - 45 - 46 - 50 - 53 - 55 - 56 - 58 - 79 - 80 - 83 - 98 - 120 - 135 - 136 - 148 - 157 - 169 - 172 - 178 - 182 - 186 - 190 - 205 - 208 - 221 - 222 - 223 - 225 - 230 - 232 - 233 - 245 - 258 - 260 - 262 - 263 - 265 - 272 - 274 - 276 - 279 - 280 - 281 - 286 - 291 - 292 - 303 - 305 - 307 - 308 - 318 - 321 - 324 - 325 - 331 - 332 - 343 - 355 - 362 - 369 - 370 - 374 - 380 - 386 - 391 - 392 - 394 - 397 - 398 - 400 - 414 - 426 - 433 - 437 - 442 - 452 - 453 - 455 - 465 - 470 - 475 - 481 - 487 - 489 - 490 - 494 - 497,2487850.7,29.4,62045,50759,10.49,Cost: 62045 & Capacity: 50759
0 - 1 - 2 - 5 - 8 - 9 - 10 - 12 - 14 - 15 - 16 - 18 - 20 - 21 - 22 - 23 - 24 - 27 - 28 - 30 - 32 - 33 - 36 - 39 - 40 - 41 - 42 - 44 - 45 - 48 - 49 - 52 - 54 - 55 - 57 - 58 - 59 - 61 - 63 - 65 - 66 - 67 - 68 - 69 - 71 - 75 - 76 - 77 - 78 - 80 - 81 - 83 - 84 - 85 - 88 - 89 - 91 - 92 - 94 - 99 - 101 - 102 - 103 - 105 - 107 - 110 - 111 - 112 - 113 - 114 - 115 - 117 - 118 - 119 - 125 - 127 - 129 - 130 - 132 - 135 - 137 - 138 - 139 - 142 - 144 - 145 - 146 - 148 - 149 - 150 - 152 - 155 - 156 - 157 - 161 - 163 - 164 - 167 - 171 - 172 - 174 - 175 - 176 - 178 - 179 - 182 - 183 - 185 - 188 - 190 - 191 - 192 - 194 - 196 - 197 - 198 - 199 - 200 - 201 - 202 - 203 - 205 - 206 - 207 - 208 - 211 - 213 - 214 - 216 - 217 - 218 - 219 - 220 - 221 - 222 - 223 - 224 - 230 - 231 - 232 - 233 - 235 - 236 - 237 - 239 - 240 - 241 - 242 - 243 - 244 - 247 - 250 - 251 - 252 - 254 - 257 - 258 - 260 - 264 - 266 - 268 - 269 - 270 - 271 - 272 - 274 - 275 - 276 - 278 - 281 - 282 - 283 - 284 - 286 - 288 - 289 - 290 - 293 - 294 - 295 - 298 - 299 - 300 - 301 - 302 - 303 - 304 - 305 - 306 - 308 - 309 - 310 - 312 - 313 - 314 - 315 - 317 - 319 - 320 - 321 - 323 - 324 - 325 - 326 - 328 - 329 - 332 - 338 - 339 - 340 - 342 - 344 - 347 - 356 - 357 - 358 - 360 - 361 - 362 - 363 - 365 - 366 - 367 - 371 - 373 - 374 - 375 - 377 - 380 - 381 - 383 - 386 - 387 - 388 - 389 - 390 - 391 - 392 - 393 - 394 - 399 - 400 - 406 - 407 - 408 - 409 - 413 - 415 - 416 - 417 - 418 - 420 - 422 - 424 - 426 - 427 - 429 - 430 - 433 - 435 - 437 - 438 - 439 - 440 - 444 - 445 - 447 - 449 - 450 - 452 - 458 - 461 - 462 - 463 - 466 - 467 - 474 - 478 - 479 - 480 - 483 - 484 - 487 - 489 - 490 - 492 - 493 - 496 - 498,20775457.9,0.1,88527,92754,12.22,Cost: 88527 & Capacity: 92754
0 - 1 - 2 - 5 - 8 - 9 - 10 - 12 - 14 - 15 - 16 - 18 - 20 - 21 - 22 - 23 - 24 - 27 - 28 - 30 - 32 - 33 - 36 - 39 - 40 - 41 - 42 - 44 - 45 - 48 - 49 - 52 - 54 - 55 - 57 - 58 - 59 - 61 - 63 - 65 - 66 - 67 - 68 - 69 - 71 - 75 - 76 - 77 - 78 - 80 - 81 - 83 - 84 - 85 - 88 - 89 - 91 - 92 - 94 - 99 - 101 - 102 - 103 - 105 - 107 - 110 - 111 - 112 - 113 - 114 - 115 - 117 - 118 - 119 - 125 - 127 - 129 - 130 - 132 - 135 - 137 - 138 - 139 - 142 - 144 - 145 - 146 - 148 - 149 - 150 - 152 - 155 - 156 - 157 - 161 - 163 - 164 - 167 - 171 - 172 - 174 - 175 - 176 - 178 - 179 - 182 - 183 - 185 - 188 - 190 - 191 - 192 - 194 - 196 - 197 - 198 - 199 - 200 - 201 - 202 - 203 - 205 - 206 - 207 - 208 - 211 - 213 - 214 - 216 - 217 - 218 - 219 - 221 - 222 - 223 - 224 - 230 - 231 - 232 - 233 - 235 - 236 - 237 - 239 - 240 - 241 - 242 - 243 - 244 - 247 - 250 - 251 - 252 - 254 - 257 - 258 - 260 - 264 - 266 - 268 - 269 - 270 - 271 - 272 - 274 - 275 - 276 - 278 - 281 - 282 - 283 - 284 - 286 - 288 - 289 - 290 - 293 - 294 - 295 - 298 - 299 - 300 - 301 - 302 - 303 - 304 - 305 - 306 - 308 - 309 - 310 - 312 - 313 - 314 - 315 - 317 - 319 - 320 - 321 - 323 - 324 - 325 - 326 - 328 - 329 - 332 - 338 - 339 - 340 - 342 - 344 - 347 - 356 - 357 - 358 - 360 - 361 - 362 - 363 - 365 - 366 - 367 - 371 - 373 - 374 - 375 - 377 - 380 - 381 - 383 - 386 - 387 - 388 - 389 - 390 - 391 - 392 - 393 - 394 - 399 - 400 - 406 - 407 - 408 - 409 - 413 - 415 - 416 - 417 - 418 - 420 - 422 - 424 - 426 - 427 - 429 - 430 - 433 - 435 - 437 - 438 - 439 - 440 - 444 - 445 - 447 - 449 - 450 - 452 - 458 - 461 - 462 - 463 - 466 - 467 - 474 - 478 - 479 - 480 - 483 - 484 - 487 - 489 - 490 - 492 - 493 - 496 - 498,20633040.5,0.1,87914,92179,12.22,Cost: 87914 & Capacity: 92179
0 - 1 - 13 - 15 - 22 - 25 - 28 - 46 - 47 - 50 - 53 - 54 - 74 - 75 - 80 - 87 - 91 - 104 - 109 - 119 - 134 - 135 - 137 - 139 - 141 - 157 - 160 - 166 - 167 - 177 - 181 - 200 - 206 - 209 - 216 - 221 - 222 - 236 - 238 - 239 - 242 - 251 - 256 - 260 - 267 - 270 - 271 - 272 - 273 - 277 - 285 - 286 - 287 - 294 - 299 - 304 - 308 - 311 - 312 - 313 - 315 - 316 - 328 - 336 - 342 - 345 - 347 - 351 - 354 - 357 - 358 - 367 - 372 - 373 - 383 - 390 - 393 - 401 - 404 - 408 - 409 - 410 - 412 - 414 - 416 - 419 - 425 - 432 - 435 - 443 - 445 - 450 - 453 - 462 - 463 - 473 - 484 - 488 - 493 - 495 - 499,2611679.6,28.5,63685,50246,22.07,Cost: 63685 & Capacity: 50246
0 - 1 - 13 - 15 - 22 - 25 - 28 - 41 - 43 - 46 - 47 - 50 - 53 - 54 - 74 - 75 - 80 - 87 - 91 - 104 - 109 - 119 - 134 - 135 - 137 - 139 - 141 - 157 - 160 - 166 - 167 - 177 - 181 - 187 - 200 - 206 - 209 - 216 - 221 - 222 - 235 - 236 - 238 - 239 - 242 - 251 - 256 - 260 - 267 - 270 - 271 - 272 - 273 - 277 - 285 - 286 - 287 - 294 - 299 - 304 - 308 - 309 - 311 - 312 - 313 - 315 - 316 - 328 - 336 - 342 - 345 - 347 - 351 - 354 - 357 - 358 - 367 - 372 - 373 - 383 - 390 - 393 - 401 - 404 - 408 - 409 - 410 - 412 - 414 - 416 - 419 - 425 - 432 - 435 - 443 - 445 - 450 - 453 - 462 - 463 - 473 - 484 - 488 - 493 - 495 - 498 - 499,2919542.5,26.5,67228,52692,22.07,Cost: 67228 & Capacity: 52692
3 - 6 - 9 - 13 - 15 - 16 - 28 - 35 - 39 - 46 - 47 - 51 - 55 - 56 - 58 - 61 - 97 - 98 - 99 - 100 - 101 - 105 - 112 - 121 - 124 - 127 - 131 - 134 - 136 - 138 - 150 - 158 - 160 - 161 - 171 - 172 - 179 - 187 - 188 - 189 - 190 - 197 - 201 - 205 - 208 - 215 - 221 - 224 - 230 - 245 - 250 - 251 - 261 - 262 - 269 - 270 - 281 - 282 - 286 - 296 - 300 - 316 - 328 - 331 - 341 - 347 - 348 - 350 - 360 - 362 - 364 - 370 - 372 - 377 - 380 - 383 - 384 - 386 - 393 - 396 - 399 - 400 - 406 - 407 - 411 - 412 - 415 - 426 - 430 - 432 - 433 - 444 - 449 - 452 - 454 - 459 - 465 - 466 - 474 - 476 - 487 - 488 - 489 - 491 - 493 - 496 - 498,2982867.0,26.4,63484,52635,22.46,Cost: 63484 & Capacity: 52635
3 - 6 - 9 - 13 - 15 - 16 - 28 - 35 - 36 - 39 - 41 - 44 - 46 - 47 - 51 - 55 - 56 - 58 - 61 - 76 - 97 - 98 - 99 - 100 - 101 - 104 - 105 - 112 - 121 - 124 - 127 - 130 - 131 - 134 - 136 - 138 - 150 - 158 - 160 - 161 - 171 - 172 - 179 - 187 - 188 - 189 - 190 - 197 - 201 - 205 - 208 - 215 - 221 - 224 - 230 - 233 - 245 - 250 - 251 - 261 - 262 - 269 - 270 - 274 - 281 - 282 - 286 - 296 - 300 - 312 - 316 - 328 - 331 - 341 - 347 - 348 - 350 - 360 - 362 - 364 - 370 - 372 - 377 - 380 - 383 - 384 - 386 - 393 - 396 - 399 - 400 - 406 - 407 - 411 - 412 - 415 - 426 - 430 - 432 - 433 - 444 - 449 - 452 - 454 - 459 - 465 - 466 - 474 - 476 - 487 - 488 - 489 - 491 - 493 - 496 - 498,3483243.8,24.1,67855,55999,22.46,Cost: 67855 & Capacity: 55999
13 - 17 - 25 - 35 - 39 - 45 - 47 - 48 - 51 - 59 - 72 - 86 - 95 - 96 - 97 - 100 - 120 - 122 - 124 - 126 - 131 - 158 - 163 - 166 - 168 - 169 - 171 - 173 - 181 - 184 - 195 - 204 - 212 - 240 - 246 - 249 - 262 - 263 - 274 - 279 - 296 - 302 - 311 - 325 - 333 - 346 - 350 - 354 - 364 - 369 - 370 - 376 - 384 - 385 - 397 - 398 - 399 - 419 - 426 - 436 - 439 - 448 - 459 - 462 - 471 - 482 - 488,1173151.2,34.6,59730,50117,24.03,Cost: 59730 & Capacity: 50117
0 - 1 - 2 - 5 - 8 - 9 - 10 - 12 - 14 - 15 - 16 - 18 - 20 - 21 - 22 - 23 - 24 - 27 - 28 - 30 - 32 - 33 - 36 - 39 - 40 - 41 - 42 - 44 - 45 - 48 - 49 - 52 - 54 - 55 - 57 - 58 - 59 - 61 - 63 - 65 - 66 - 67 - 68 - 69 - 71 - 75 - 76 - 77 - 78 - 80 - 81 - 83 - 84 - 85 - 88 - 89 - 91 - 92 - 94 - 99 - 101 - 102 - 103 - 105 - 107 - 110 - 111 - 112 - 113 - 114 - 115 - 117 - 118 - 119 - 125 - 127 - 129 - 132 - 135 - 137 - 138 - 139 - 142 - 144 - 145 - 146 - 148 - 149 - 150 - 152 - 155 - 156 - 157 - 161 - 163 - 164 - 167 - 171 - 172 - 174 - 175 - 176 - 178 - 179 - 182 - 183 - 185 - 188 - 190 - 191 - 192 - 194 - 196 - 197 - 198 - 199 - 200 - 202 - 203 - 205 - 206 - 207 - 208 - 211 - 213 - 214 - 216 - 217 - 218 - 219 - 220 - 221 - 222 - 223 - 224 - 230 - 231 - 232 - 233 - 235 - 236 - 237 - 239 - 240 - 241 - 242 - 243 - 244 - 247 - 250 - 251 - 252 - 254 - 257 - 258 - 260 - 264 - 266 - 268 - 269 - 270 - 271 - 272 - 274 - 275 - 276 - 278 - 281 - 282 - 283 - 284 - 286 - 288 - 289 - 290 - 293 - 294 - 295 - 298 - 299 - 300 - 301 - 302 - 303 - 304 - 305 - 306 - 308 - 309 - 310 - 312 - 313 - 314 - 315 - 317 - 319 - 320 - 321 - 323 - 324 - 325 - 326 - 328 - 329 - 332 - 338 - 339 - 340 - 342 - 344 - 347 - 356 - 357 - 358 - 360 - 361 - 362 - 363 - 365 - 366 - 367 - 371 - 373 - 374 - 375 - 377 - 380 - 381 - 383 - 386 - 387 - 388 - 389 - 390 - 391 - 392 - 393 - 394 - 399 - 400 - 406 - 407 - 408 - 409 - 413 - 415 - 416 - 417 - 418 - 420 - 422 - 424 - 426 - 427 - 429 - 430 - 433 - 435 - 437 - 438 - 439 - 440 - 444 - 445 - 447 - 449 - 450 - 452 - 458 - 461 - 462 - 463 - 466 - 467 - 474 - 478 - 479 - 480 - 483 - 484 - 487 - 489 - 490 - 492 - 493 - 496 - 498,20490870.7,0.1,87281,91349,24.98,Cost: 87281 & Capacity: 91349
0 - 1 - 2 - 5 - 8 - 9 - 10 - 12 - 14 - 15 - 16 - 18 - 20 - 21 - 22 - 23 - 24 - 27 - 28 - 30 - 31 - 32 - 33 - 36 - 39 - 40 - 41 - 42 - 44 - 45 - 46 - 48 - 49 - 52 - 54 - 55 - 57 - 58 - 59 - 61 - 63 - 65 - 66 - 67 - 68 - 69 - 71 - 75 - 76 - 77 - 78 - 80 - 81 - 83 - 84 - 85 - 88 - 89 - 91 - 92 - 94 - 99 - 101 - 102 - 103 - 105 - 107 - 110 - 111 - 112 - 113 - 114 - 115 - 117 - 118 - 119 - 125 - 127 - 129 - 130 - 132 - 135 - 137 - 138 - 139 - 142 - 144 - 145 - 146 - 148 - 149 - 150 - 152 - 155 - 156 - 157 - 161 - 163 - 164 - 167 - 171 - 172 - 174 - 175 - 176 - 178 - 179 - 182 - 183 - 185 - 188 - 190 - 191 - 192 - 194 - 196 - 197 - 198 - 199 - 200 - 201 - 202 - 203 - 205 - 206 - 207 - 208 - 211 - 213 - 214 - 216 - 217 - 218 - 219 - 220 - 221 - 222 - 223 - 224 - 230 - 231 - 232 - 233 - 235 - 236 - 237 - 239 - 240 - 241 - 242 - 243 - 244 - 247 - 250 - 251 - 252 - 254 - 257 - 258 - 260 - 264 - 266 - 268 - 269 - 270 - 271 - 272 - 274 - 275 - 276 - 278 - 281 - 282 - 283 - 284 - 286 - 288 - 289 - 290 - 293 - 294 - 295 - 298 - 299 - 300 - 301 - 302 - 303 - 304 - 305 - 306 - 308 - 309 - 310 - 312 - 313 - 314 - 315 - 317 - 319 - 320 - 321 - 323 - 324 - 325 - 326 - 328 - 329 - 332 - 338 - 339 - 340 - 342 - 344 - 347 - 353 - 356 - 357 - 358 - 360 - 361 - 362 - 363 - 365 - 366 - 367 - 371 - 373 - 374 - 375 - 377 - 380 - 381 - 383 - 386 - 387 - 388 - 389 - 390 - 391 - 392 - 393 - 394 - 399 - 400 - 406 - 407 - 408 - 409 - 413 - 415 - 416 - 417 - 418 - 420 - 422 - 424 - 426 - 427 - 429 - 430 - 433 - 435 - 437 - 438 - 439 - 440 - 444 - 445 - 447 - 449 - 450 - 452 - 458 - 461 - 462 - 463 - 466 - 467 - 474 - 478 - 479 - 480 - 483 - 484 - 487 - 489 - 490 - 492 - 493 - 496 - 498,21203352.6,0.1,90412,94407,28.27,Cost: 90412 & Capacity: 94407
3 - 4 - 15 - 23 - 31 - 34 - 35 - 41 - 44 - 46 - 47 - 49 - 51 - 54 - 61 - 65 - 69 - 70 - 71 - 75 - 77 - 78 - 96 - 97 - 98 - 99 - 100 - 103 - 108 - 111 - 114 - 115 - 117 - 118 - 120 - 121 - 122 - 123 - 127 - 131 - 137 - 140 - 150 - 152 - 154 - 156 - 157 - 161 - 163 - 172 - 178 - 183 - 184 - 189 - 190 - 191 - 196 - 205 - 206 - 208 - 215 - 233 - 242 - 247 - 250 - 251 - 252 - 262 - 267 - 269 - 270 - 271 - 275 - 276 - 278 - 279 - 280 - 286 - 287 - 293 - 296 - 301 - 302 - 304 - 306 - 307 - 311 - 315 - 317 - 320 - 322 - 331 - 332 - 335 - 337 - 355 - 363 - 364 - 366 - 370 - 371 - 372 - 377 - 380 - 383 - 389 - 406 - 407 - 410 - 411 - 413 - 416 - 420 - 429 - 433 - 437 - 444 - 445 - 449 - 455 - 458 - 465 - 470 - 471 - 474 - 476 - 482 - 487 - 488 - 490 - 493 - 495 - 497,4543773.4,19.8,75903,61197,31.35,Cost: 75903 & Capacity: 61197
3 - 4 - 15 - 23 - 31 - 34 - 35 - 36 - 41 - 44 - 46 - 47 - 49 - 51 - 54 - 61 - 65 - 69 - 70 - 71 - 75 - 77 - 78 - 96 - 97 - 98 - 99 - 100 - 103 - 108 - 111 - 114 - 115 - 117 - 118 - 120 - 121 - 122 - 123 - 127 - 131 - 137 - 140 - 147 - 150 - 152 - 154 - 156 - 157 - 161 - 163 - 172 - 178 - 183 - 184 - 189 - 190 - 191 - 196 - 205 - 206 - 208 - 215 - 233 - 242 - 247 - 250 - 251 - 252 - 262 - 267 - 269 - 270 - 271 - 275 - 276 - 278 - 279 - 280 - 286 - 287 - 293 - 296 - 301 - 302 - 304 - 306 - 307 - 311 - 315 - 317 - 320 - 322 - 331 - 332 - 335 - 337 - 355 - 363 - 364 - 366 - 370 - 371 - 372 - 377 - 380 - 383 - 389 - 402 - 406 - 407 - 410 - 411 - 413 - 416 - 420 - 429 - 433 - 437 - 444 - 445 - 449 - 450 - 455 - 458 - 465 - 470 - 471 - 472 - 474 - 476 - 482 - 487 - 488 - 490 - 493 - 495 - 497,4880852.5,18.5,78579,63316,31.35,Cost: 78579 & Capacity: 63316
0 - 1 - 2 - 5 - 8 - 9 - 10 - 12 - 14 - 15 - 16 - 18 - 20 - 21 - 22 - 23 - 24 - 27 - 28 - 30 - 32 - 33 - 36 - 39 - 40 - 41 - 42 - 44 - 45 - 48 - 49 - 52 - 54 - 55 - 57 - 58 - 59 - 61 - 63 - 65 - 66 - 67 - 68 - 69 - 71 - 75 - 76 - 77 - 78 - 80 - 81 - 83 - 84 - 85 - 88 - 89 - 91 - 92 - 94 - 99 - 101 - 102 - 103 - 105 - 107 - 110 - 111 - 112 - 113 - 114 - 115 - 117 - 118 - 119 - 125 - 127 - 129 - 130 - 132 - 135 - 137 - 138 - 139 - 142 - 144 - 145 - 146 - 148 - 149 - 150 - 152 - 155 - 156 - 157 - 161 - 163 - 164 - 167 - 171 - 172 - 174 - 175 - 176 - 178 - 179 - 182 - 183 - 185 - 188 - 190 - 191 - 192 - 194 - 196 - 197 - 198 - 199 - 200 - 201 - 202 - 203 - 205 - 206 - 207 - 208 - 211 - 213 - 214 - 216 - 217 - 218 - 219 - 220 - 221 - 222 - 223 - 224 - 230 - 231 - 232 - 233 - 235 - 236 - 237 - 239 - 240 - 241 - 242 - 243 - 244 - 247 - 250 - 251 - 252 - 254 - 257 - 258 - 260 - 264 - 266 - 268 - 269 - 270 - 271 - 272 - 274 - 275 - 276 - 278 - 281 - 282 - 283 - 284 - 286 - 288 - 289 - 290 - 293 - 294 - 295 - 298 - 299 - 300 - 301 - 302 - 303 - 304 - 305 - 306 - 308 - 309 - 310 - 312 - 313 - 314 - 315 - 317 - 319 - 320 - 321 - 323 - 324 - 325 - 326 - 328 - 329 - 332 - 338 - 339 - 340 - 342 - 344 - 347 - 356 - 357 - 358 - 360 - 361 - 362 - 363 - 365 - 366 - 367 - 371 - 373 - 374 - 375 - 377 - 380 - 381 - 383 - 386 - 387 - 388 - 389 - 390 - 391 - 392 - 393 - 394 - 399 - 400 - 406 - 407 - 408 - 409 - 413 - 415 - 416 - 417 - 418 - 420 - 422 - 424 - 426 - 427 - 429 - 430 - 433 - 435 - 437 - 438 - 439 - 440 - 444 - 445 - 447 - 449 - 450 - 452 - 458 - 461 - 462 - 463 - 466 - 467 - 474 - 478 - 479 - 480 - 483 - 484 - 487 - 489 - 490 - 492 - 493 - 496 - 498,20775457.9,0.1,88527,92754,35.65,Cost: 88527 & Capacity: 92754
0 - 1 - 2 - 5 - 8 - 9 - 10 - 12 - 14 - 15 - 16 - 18 - 20 - 21 - 22 - 23 - 24 - 27 - 28 - 30 - 31 - 32 - 33 - 36 - 39 - 40 - 41 - 42 - 44 - 45 - 48 - 49 - 52 - 54 - 55 - 57 - 58 - 59 - 61 - 63 - 65 - 66 - 67 - 68 - 69 - 71 - 75 - 76 - 77 - 78 - 80 - 81 - 83 - 84 - 85 - 87 - 88 - 89 - 91 - 92 - 94 - 99 - 101 - 102 - 103 - 105 - 107 - 110 - 111 - 112 - 113 - 114 - 115 - 117 - 118 - 119 - 125 - 127 - 129 - 130 - 132 - 135 - 137 - 138 - 139 - 142 - 144 - 145 - 146 - 148 - 149 - 150 - 152 - 155 - 156 - 157 - 161 - 163 - 164 - 167 - 171 - 172 - 174 - 175 - 176 - 178 - 179 - 182 - 183 - 185 - 188 - 190 - 191 - 192 - 194 - 196 - 197 - 198 - 199 - 200 - 201 - 202 - 203 - 205 - 206 - 207 - 208 - 211 - 213 - 214 - 216 - 217 - 218 - 219 - 220 - 221 - 222 - 223 - 224 - 230 - 231 - 232 - 233 - 235 - 236 - 237 - 239 - 240 - 241 - 242 - 243 - 244 - 247 - 250 - 251 - 252 - 254 - 257 - 258 - 260 - 264 - 266 - 268 - 269 - 270 - 271 - 272 - 274 - 275 - 276 - 278 - 281 - 282 - 283 - 284 - 286 - 288 - 289 - 290 - 293 - 294 - 295 - 298 - 299 - 300 - 301 - 302 - 303 - 304 - 305 - 306 - 308 - 309 - 310 - 312 - 313 - 314 - 315 - 317 - 319 - 320 - 321 - 323 - 324 - 325 - 326 - 328 - 329 - 332 - 338 - 339 - 340 - 342 - 344 - 347 - 356 - 357 - 358 - 360 - 361 - 362 - 363 - 364 - 365 - 366 - 367 - 371 - 373 - 374 - 375 - 377 - 380 - 381 - 383 - 386 - 387 - 388 - 389 - 390 - 391 - 392 - 393 - 394 - 399 - 400 - 406 - 407 - 408 - 409 - 413 - 415 - 416 - 417 - 418 - 420 - 422 - 424 - 426 - 427 - 429 - 430 - 433 - 435 - 437 - 438 - 439 - 440 - 444 - 445 - 447 - 449 - 450 - 452 - 458 - 461 - 462 - 463 - 466 - 467 - 474 - 478 - 479 - 480 - 483 - 484 - 487 - 489 - 490 - 492 - 493 - 496 - 498,21213957.4,0.1,90408,94736,0.49,Cost: 90408 & Capacity: 94736
1 - 3 - 5 - 9 - 14 - 20 - 23 - 24 - 27 - 30 - 31 - 32 - 41 - 45 - 46 - 47 - 48 - 49 - 50 - 51 - 54 - 58 - 59 - 64 - 67 - 69 - 75 - 78 - 81 - 82 - 84 - 91 - 95 - 97 - 107 - 114 - 115 - 117 - 118 - 119 - 120 - 121 - 123 - 125 - 126 - 127 - 131 - 136 - 144 - 148 - 152 - 156 - 157 - 161 - 163 - 166 - 170 - 172 - 176 - 177 - 178 - 182 - 183 - 184 - 190 - 191 - 192 - 194 - 197 - 198 - 199 - 200 - 201 - 207 - 208 - 210 - 211 - 213 - 216 - 218 - 221 - 223 - 230 - 233 - 236 - 239 - 243 - 244 - 250 - 251 - 255 - 256 - 257 - 258 - 260 - 261 - 262 - 266 - 267 - 268 - 270 - 271 - 272 - 273 - 280 - 281 - 290 - 292 - 293 - 294 - 296 - 297 - 299 - 305 - 309 - 310 - 311 - 312 - 313 - 314 - 315 - 317 - 320 - 324 - 325 - 332 - 338 - 339 - 342 - 345 - 346 - 347 - 348 - 351 - 353 - 357 - 358 - 360 - 361 - 362 - 363 - 369 - 371 - 373 - 375 - 377 - 379 - 380 - 386 - 387 - 390 - 393 - 394 - 406 - 407 - 409 - 412 - 418 - 419 - 421 - 422 - 424 - 425 - 426 - 427 - 432 - 433 - 437 - 439 - 442 - 444 - 445 - 449 - 450 - 451 - 452 - 455 - 457 - 458 - 462 - 464 - 465 - 468 - 471 - 475 - 480 - 482 - 487 - 488 - 490 - 493 - 494 - 495 - 497,9553807.4,9.1,92209,82736,0.95,Cost: 92209 & Capacity: 82736
0 - 1 - 3 - 4 - 5 - 7 - 8 - 10 - 12 - 15 - 20 - 24 - 27 - 30 - 31 - 32 - 33 - 36 - 39 - 42 - 44 - 45 - 46 - 47 - 49 - 51 - 54 - 56 - 57 - 58 - 59 - 61 - 64 - 69 - 71 - 75 - 76 - 78 - 80 - 81 - 84 - 86 - 91 - 92 - 93 - 94 - 96 - 97 - 100 - 102 - 103 - 105 - 107 - 110 - 112 - 115 - 118 - 119 - 120 - 122 - 126 - 129 - 131 - 132 - 135 - 136 - 137 - 139 - 142 - 144 - 148 - 155 - 157 - 166 - 167 - 170 - 172 - 176 - 177 - 178 - 179 - 182 - 183 - 185 - 189 - 190 - 191 - 192 - 194 - 195 - 196 - 197 - 200 - 202 - 204 - 206 - 207 - 208 - 210 - 211 - 212 - 213 - 214 - 216 - 221 - 222 - 223 - 225 - 226 - 230 - 233 - 235 - 236 - 239 - 240 - 241 - 242 - 244 - 248 - 250 - 251 - 254 - 255 - 257 - 258 - 260 - 261 - 264 - 267 - 268 - 272 - 274 - 277 - 281 - 283 - 284 - 285 - 286 - 288 - 289 - 294 - 297 - 299 - 300 - 301 - 304 - 305 - 307 - 309 - 310 - 311 - 312 - 313 - 314 - 315 - 317 - 321 - 323 - 324 - 325 - 328 - 332 - 334 - 338 - 340 - 342 - 344 - 347 - 357 - 361 - 362 - 363 - 364 - 365 - 377 - 379 - 383 - 384 - 387 - 391 - 393 - 399 - 400 - 407 - 408 - 409 - 410 - 411 - 413 - 416 - 419 - 422 - 424 - 426 - 427 - 433 - 438 - 439 - 442 - 445 - 449 - 452 - 453 - 454 - 457 - 458 - 462 - 464 - 465 - 466 - 471 - 473 - 474 - 475 - 480 - 484 - 487 - 488 - 489 - 490 - 492 - 493 - 494 - 498,12673586.5,5.2,92190,90090,2.15,Cost: 92190 & Capacity: 90090
1 - 3 - 9 - 14 - 17 - 31 - 32 - 39 - 41 - 44 - 46 - 47 - 49 - 50 - 53 - 54 - 58 - 59 - 63 - 68 - 70 - 74 - 75 - 76 - 82 - 84 - 85 - 91 - 92 - 94 - 97 - 98 - 104 - 107 - 112 - 114 - 115 - 118 - 119 - 121 - 123 - 125 - 127 - 129 - 131 - 140 - 144 - 148 - 152 - 156 - 157 - 160 - 163 - 166 - 167 - 168 - 169 - 172 - 176 - 177 - 178 - 179 - 184 - 190 - 191 - 194 - 197 - 198 - 199 - 200 - 204 - 205 - 207 - 208 - 210 - 212 - 213 - 214 - 215 - 217 - 221 - 224 - 227 - 236 - 238 - 241 - 242 - 243 - 251 - 256 - 258 - 260 - 261 - 262 - 266 - 270 - 273 - 274 - 288 - 292 - 293 - 294 - 296 - 297 - 301 - 304 - 311 - 313 - 319 - 328 - 329 - 332 - 333 - 335 - 339 - 341 - 345 - 346 - 347 - 352 - 357 - 371 - 377 - 378 - 379 - 380 - 384 - 385 - 389 - 391 - 401 - 404 - 406 - 407 - 411 - 412 - 413 - 416 - 425 - 427 - 432 - 433 - 434 - 435 - 439 - 450 - 452 - 457 - 458 - 461 - 471 - 472 - 475 - 476 - 479 - 486 - 487 - 489 - 490 - 494 - 495 - 497,6622095.6,13.2,91429,73239,7.41,Cost: 91429 & Capacity: 73239
0 - 1 - 2 - 5 - 8 - 9 - 10 - 12 - 14 - 15 - 16 - 18 - 20 - 21 - 22 - 23 - 24 - 27 - 28 - 30 - 32 - 33 - 36 - 39 - 40 - 41 - 42 - 44 - 45 - 48 - 49 - 52 - 54 - 55 - 57 - 58 - 59 - 61 - 63 - 65 - 66 - 67 - 68 - 69 - 71 - 75 - 76 - 77 - 78 - 80 - 81 - 83 - 84 - 85 - 88 - 89 - 91 - 92 - 94 - 99 - 101 - 102 - 103 - 105 - 107 - 110 - 111 - 112 - 113 - 114 - 115 - 117 - 118 - 119 - 125 - 127 - 129 - 132 - 135 - 137 - 138 - 139 - 142 - 144 - 145 - 146 - 148 - 149 - 150 - 152 - 155 - 156 - 157 - 161 - 163 - 164 - 167 - 171 - 172 - 174 - 175 - 176 - 178 - 179 - 182 - 183 - 185 - 188 - 190 - 191 - 192 - 194 - 196 - 197 - 198 - 199 - 200 - 202 - 203 - 205 - 206 - 207 - 208 - 211 - 213 - 214 - 216 - 217 - 218 - 219 - 220 - 221 - 222 - 223 - 224 - 230 - 231 - 232 - 233 - 235 - 236 - 237 - 239 - 240 - 241 - 242 - 243 - 244 - 247 - 250 - 251 - 252 - 254 - 257 - 258 - 260 - 264 - 266 - 268 - 269 - 270 - 271 - 272 - 274 - 275 - 276 - 278 - 281 - 282 - 283 - 284 - 286 - 288 - 289 - 290 - 293 - 294 - 295 - 298 - 299 - 300 - 301 - 302 - 303 - 304 - 305 - 306 - 308 - 309 - 310 - 312 - 313 - 314 - 315 - 317 - 319 - 320 - 321 - 323 - 324 - 325 - 326 - 328 - 329 - 332 - 338 - 339 - 340 - 342 - 344 - 347 - 356 - 357 - 358 - 360 - 361 - 362 - 363 - 365 - 366 - 367 - 371 - 373 - 374 - 375 - 377 - 380 - 381 - 383 - 386 - 387 - 388 - 389 - 390 - 391 - 392 - 393 - 394 - 399 - 400 - 406 - 407 - 408 - 409 - 413 - 415 - 416 - 417 - 418 - 420 - 422 - 424 - 426 - 427 - 429 - 430 - 433 - 435 - 437 - 438 - 439 - 440 - 444 - 445 - 447 - 449 - 450 - 452 - 458 - 461 - 462 - 463 - 466 - 467 - 474 - 478 - 479 - 480 - 483 - 484 - 487 - 489 - 490 - 492 - 493 - 496 - 498,20490870.7,0.1,87281,91349,15.42,Cost: 87281 & Capacity: 91349
0 - 3 - 4 - 5 - 10 - 13 - 15 - 22 - 23 - 32 - 33 - 41 - 45 - 46 - 47 - 50 - 51 - 55 - 58 - 59 - 60 - 68 - 69 - 70 - 74 - 75 - 77 - 81 - 84 - 91 - 97 - 98 - 107 - 112 - 115 - 116 - 118 - 119 - 120 - 122 - 127 - 129 - 130 - 131 - 133 - 137 - 141 - 143 - 148 - 152 - 157 - 162 - 163 - 166 - 167 - 169 - 172 - 173 - 176 - 177 - 178 - 182 - 184 - 190 - 193 - 194 - 197 - 199 - 200 - 205 - 207 - 208 - 210 - 213 - 221 - 224 - 226 - 227 - 230 - 231 - 233 - 234 - 236 - 242 - 245 - 246 - 253 - 257 - 261 - 262 - 267 - 270 - 271 - 276 - 285 - 286 - 287 - 288 - 294 - 310 - 311 - 313 - 314 - 319 - 323 - 327 - 328 - 331 - 333 - 334 - 335 - 342 - 345 - 346 - 350 - 351 - 352 - 353 - 357 - 358 - 362 - 364 - 375 - 377 - 379 - 380 - 383 - 389 - 391 - 397 - 398 - 406 - 407 - 410 - 412 - 413 - 416 - 425 - 426 - 430 - 433 - 434 - 439 - 442 - 444 - 445 - 449 - 450 - 451 - 452 - 453 - 454 - 458 - 465 - 470 - 471 - 472 - 473 - 487 - 490 - 492 - 493,6782485.4,12.4,91877,77084,18.97,Cost: 91877 & Capacity: 77084
0 - 1 - 2 - 5 - 8 - 9 - 10 - 12 - 14 - 15 - 16 - 18 - 20 - 21 - 22 - 23 - 24 - 27 - 28 - 30 - 32 - 33 - 36 - 39 - 40 - 41 - 42 - 44 - 45 - 48 - 49 - 52 - 54 - 55 - 57 - 58 - 59 - 61 - 63 - 65 - 66 - 67 - 68 - 69 - 71 - 75 - 76 - 77 - 78 - 80 - 81 - 83 - 84 - 85 - 88 - 89 - 91 - 92 - 94 - 99 - 101 - 102 - 103 - 105 - 107 - 110 - 111 - 112 - 113 - 114 - 115 - 117 - 118 - 119 - 125 - 127 - 129 - 130 - 132 - 135 - 137 - 138 - 139 - 142 - 144 - 145 - 146 - 148 - 149 - 150 - 152 - 155 - 156 - 157 - 161 - 163 - 164 - 167 - 171 - 172 - 174 - 175 - 176 - 178 - 179 - 182 - 183 - 185 - 188 - 190 - 191 - 192 - 194 - 196 - 197 - 198 - 199 - 200 - 202 - 203 - 205 - 206 - 207 - 208 - 211 - 213 - 214 - 216 - 217 - 218 - 219 - 220 - 221 - 222 - 223 - 224 - 230 - 231 - 232 - 233 - 235 - 236 - 237 - 239 - 240 - 241 - 242 - 243 - 244 - 247 - 250 - 251 - 252 - 254 - 257 - 258 - 260 - 264 - 266 - 268 - 269 - 270 - 271 - 272 - 274 - 275 - 276 - 278 - 281 - 282 - 283 - 284 - 286 - 288 - 289 - 290 - 293 - 294 - 295 - 298 - 299 - 300 - 301 - 302 - 303 - 304 - 305 - 306 - 308 - 309 - 310 - 312 - 313 - 314 - 315 - 317 - 319 - 320 - 321 - 323 - 324 - 325 - 326 - 328 - 329 - 332 - 338 - 339 - 340 - 342 - 344 - 347 - 356 - 357 - 358 - 360 - 361 - 362 - 363 - 365 - 366 - 367 - 371 - 373 - 374 - 375 - 377 - 380 - 381 - 383 - 386 - 387 - 388 - 389 - 390 - 391 - 392 - 393 - 394 - 399 - 400 - 406 - 407 - 408 - 409 - 413 - 415 - 416 - 417 - 418 - 420 - 422 - 424 - 426 - 427 - 429 - 430 - 433 - 435 - 437 - 438 - 439 - 440 - 444 - 445 - 447 - 449 - 450 - 452 - 458 - 461 - 462 - 463 - 466 - 467 - 474 - 478 - 479 - 480 - 483 - 484 - 487 - 489 - 490 - 492 - 493 - 496 - 498,20630763.0,0.1,87903,91808,23.09,Cost: 87903 & Capacity: 91808
0 - 1 - 3 - 4 - 7 - 8 - 10 - 12 - 14 - 18 - 21 - 24 - 27 - 30 - 31 - 32 - 33 - 39 - 44 - 46 - 49 - 51 - 56 - 57 - 58 - 59 - 64 - 67 - 68 - 69 - 72 - 75 - 76 - 78 - 81 - 82 - 84 - 87 - 91 - 92 - 93 - 94 - 95 - 101 - 102 - 103 - 104 - 105 - 107 - 109 - 110 - 112 - 115 - 117 - 118 - 119 - 120 - 122 - 125 - 126 - 129 - 130 - 131 - 132 - 134 - 136 - 139 - 142 - 144 - 146 - 148 - 149 - 151 - 152 - 155 - 157 - 160 - 166 - 167 - 172 - 175 - 177 - 178 - 183 - 185 - 190 - 191 - 193 - 194 - 195 - 196 - 198 - 200 - 202 - 203 - 204 - 206 - 208 - 210 - 211 - 212 - 213 - 216 - 217 - 218 - 221 - 222 - 223 - 226 - 230 - 231 - 233 - 236 - 240 - 242 - 244 - 248 - 250 - 251 - 254 - 256 - 257 - 258 - 260 - 263 - 266 - 272 - 274 - 276 - 277 - 278 - 281 - 283 - 284 - 285 - 288 - 289 - 290 - 299 - 300 - 301 - 304 - 307 - 309 - 310 - 311 - 312 - 313 - 314 - 315 - 317 - 319 - 323 - 324 - 325 - 328 - 332 - 334 - 338 - 340 - 344 - 346 - 347 - 351 - 352 - 356 - 357 - 360 - 361 - 362 - 363 - 365 - 373 - 377 - 380 - 383 - 384 - 386 - 387 - 388 - 391 - 393 - 394 - 405 - 406 - 407 - 409 - 411 - 416 - 417 - 422 - 424 - 433 - 438 - 439 - 442 - 444 - 445 - 447 - 449 - 451 - 452 - 453 - 457 - 458 - 459 - 461 - 462 - 464 - 465 - 466 - 468 - 471 - 474 - 475 - 479 - 480 - 484 - 487 - 490 - 492 - 493 - 494 - 496 - 498,12742614.8,5.0,92193,86005,23.62,Cost: 92193 & Capacity: 86005
0 - 3 - 5 - 6 - 7 - 8 - 10 - 12 - 14 - 18 - 24 - 27 - 28 - 30 - 31 - 32 - 33 - 34 - 44 - 46 - 47 - 49 - 51 - 56 - 58 - 59 - 64 - 67 - 68 - 69 - 70 - 74 - 75 - 76 - 78 - 80 - 81 - 82 - 84 - 91 - 94 - 95 - 96 - 97 - 101 - 102 - 103 - 104 - 107 - 110 - 112 - 115 - 116 - 118 - 119 - 120 - 125 - 126 - 130 - 131 - 132 - 134 - 135 - 136 - 139 - 142 - 144 - 148 - 149 - 152 - 155 - 157 - 162 - 166 - 167 - 172 - 175 - 176 - 177 - 178 - 182 - 183 - 185 - 190 - 191 - 194 - 196 - 197 - 198 - 202 - 203 - 206 - 208 - 210 - 211 - 212 - 213 - 216 - 217 - 221 - 222 - 223 - 225 - 226 - 229 - 230 - 231 - 233 - 236 - 242 - 244 - 248 - 250 - 253 - 254 - 255 - 256 - 257 - 258 - 260 - 261 - 272 - 276 - 277 - 281 - 283 - 284 - 285 - 288 - 289 - 290 - 297 - 299 - 300 - 309 - 310 - 311 - 313 - 314 - 315 - 317 - 320 - 323 - 324 - 325 - 332 - 334 - 336 - 338 - 340 - 344 - 347 - 352 - 357 - 360 - 362 - 364 - 365 - 377 - 380 - 383 - 384 - 385 - 386 - 387 - 393 - 394 - 406 - 407 - 409 - 416 - 417 - 422 - 424 - 425 - 433 - 438 - 441 - 442 - 447 - 449 - 451 - 452 - 457 - 458 - 459 - 465 - 466 - 468 - 469 - 471 - 474 - 480 - 484 - 486 - 488 - 489 - 490 - 492 - 493 - 494 - 496 - 498,10334919.0,8.0,92138,80015,23.64,Cost: 92138 & Capacity: 80015
0 - 1 - 2 - 4 - 5 - 8 - 9 - 10 - 12 - 14 - 15 - 16 - 18 - 20 - 21 - 22 - 23 - 24 - 27 - 28 - 30 - 31 - 32 - 33 - 36 - 39 - 40 - 41 - 42 - 44 - 45 - 46 - 48 - 49 - 51 - 52 - 54 - 55 - 57 - 58 - 59 - 61 - 65 - 66 - 67 - 68 - 69 - 71 - 75 - 76 - 77 - 78 - 80 - 81 - 83 - 84 - 85 - 87 - 88 - 89 - 91 - 92 - 94 - 99 - 101 - 102 - 103 - 105 - 107 - 110 - 111 - 112 - 113 - 114 - 115 - 117 - 118 - 119 - 127 - 129 - 132 - 135 - 137 - 138 - 139 - 142 - 144 - 145 - 146 - 148 - 149 - 150 - 152 - 155 - 156 - 157 - 161 - 163 - 167 - 171 - 172 - 174 - 175 - 176 - 178 - 179 - 182 - 183 - 185 - 188 - 190 - 191 - 192 - 194 - 196 - 197 - 198 - 199 - 200 - 201 - 202 - 203 - 204 - 205 - 206 - 207 - 208 - 211 - 213 - 214 - 216 - 217 - 218 - 219 - 220 - 221 - 222 - 223 - 224 - 230 - 231 - 232 - 233 - 235 - 236 - 237 - 239 - 240 - 241 - 242 - 243 - 244 - 247 - 250 - 251 - 252 - 254 - 257 - 258 - 260 - 264 - 266 - 268 - 269 - 270 - 271 - 272 - 274 - 275 - 276 - 278 - 281 - 282 - 283 - 284 - 286 - 288 - 289 - 290 - 293 - 294 - 295 - 298 - 299 - 300 - 301 - 302 - 303 - 304 - 305 - 306 - 308 - 309 - 310 - 312 - 313 - 314 - 315 - 317 - 319 - 320 - 321 - 323 - 324 - 325 - 326 - 328 - 329 - 332 - 338 - 339 - 340 - 342 - 344 - 347 - 356 - 357 - 358 - 360 - 361 - 362 - 363 - 364 - 365 - 366 - 367 - 371 - 373 - 374 - 375 - 377 - 380 - 381 - 383 - 386 - 387 - 388 - 389 - 390 - 391 - 392 - 393 - 394 - 399 - 400 - 406 - 407 - 408 - 409 - 411 - 413 - 415 - 416 - 417 - 418 - 420 - 422 - 424 - 426 - 427 - 430 - 433 - 435 - 437 - 438 - 439 - 440 - 444 - 445 - 447 - 449 - 450 - 451 - 452 - 458 - 461 - 462 - 463 - 466 - 467 - 474 - 475 - 478 - 479 - 480 - 483 - 484 - 487 - 489 - 490 - 492 - 493 - 496 - 498,21554348.8,0.1,92210,96471,24.63,Cost: 92210 & Capacity: 96471
0 - 1 - 2 - 5 - 8 - 9 - 10 - 12 - 14 - 15 - 16 - 18 - 20 - 21 - 22 - 23 - 24 - 27 - 28 - 30 - 32 - 33 - 36 - 39 - 40 - 41 - 42 - 44 - 45 - 48 - 49 - 52 - 54 - 55 - 57 - 58 - 59 - 61 - 63 - 65 - 66 - 67 - 68 - 69 - 71 - 75 - 76 - 77 - 78 - 80 - 81 - 83 - 84 - 85 - 88 - 89 - 91 - 92 - 94 - 99 - 101 - 102 - 103 - 105 - 107 - 110 - 111 - 112 - 113 - 114 - 115 - 117 - 118 - 119 - 125 - 127 - 129 - 130 - 132 - 135 - 137 - 138 - 139 - 142 - 144 - 145 - 146 - 148 - 149 - 150 - 152 - 155 - 156 - 157 - 161 - 163 - 164 - 167 - 171 - 172 - 174 - 175 - 176 - 178 - 179 - 182 - 183 - 185 - 188 - 190 - 191 - 192 - 194 - 196 - 197 - 198 - 199 - 200 - 202 - 203 - 205 - 206 - 207 - 208 - 211 - 213 - 214 - 216 - 217 - 218 - 219 - 220 - 221 - 222 - 223 - 224 - 230 - 231 - 232 - 233 - 235 - 236 - 237 - 239 - 240 - 241 - 242 - 243 - 244 - 247 - 250 - 251 - 252 - 254 - 257 - 258 - 260 - 264 - 266 - 268 - 269 - 270 - 271 - 272 - 274 - 275 - 276 - 278 - 281 - 282 - 283 - 284 - 286 - 288 - 289 - 290 - 293 - 294 - 295 - 298 - 299 - 300 - 301 - 302 - 303 - 304 - 305 - 306 - 308 - 309 - 310 - 312 - 313 - 314 - 315 - 317 - 319 - 320 - 321 - 323 - 324 - 325 - 326 - 328 - 329 - 332 - 338 - 339 - 340 - 342 - 344 - 347 - 356 - 357 - 358 - 360 - 361 - 362 - 363 - 365 - 366 - 367 - 371 - 374 - 375 - 377 - 380 - 381 - 383 - 386 - 387 - 388 - 389 - 390 - 391 - 392 - 393 - 394 - 399 - 400 - 406 - 407 - 408 - 409 - 413 - 415 - 416 - 417 - 418 - 420 - 422 - 424 - 426 - 427 - 429 - 430 - 433 - 435 - 437 - 438 - 439 - 440 - 444 - 445 - 447 - 449 - 450 - 452 - 458 - 461 - 462 - 463 - 466 - 467 - 474 - 478 - 479 - 480 - 483 - 484 - 487 - 489 - 490 - 492 - 493 - 496 - 498,20483770.3,0.1,87285,91461,24.58,Cost: 87285 & Capacity: 91461
3 - 8 - 14 - 20 - 21 - 32 - 33 - 41 - 44 - 45 - 46 - 49 - 50 - 51 - 55 - 58 - 59 - 68 - 72 - 74 - 75 - 81 - 82 - 85 - 91 - 92 - 94 - 97 - 98 - 100 - 101 - 105 - 107 - 114 - 115 - 116 - 118 - 119 - 120 - 121 - 129 - 130 - 131 - 136 - 140 - 144 - 148 - 152 - 157 - 160 - 163 - 166 - 169 - 171 - 172 - 176 - 178 - 179 - 184 - 188 - 190 - 191 - 200 - 204 - 205 - 207 - 208 - 210 - 212 - 213 - 215 - 221 - 223 - 224 - 226 - 233 - 236 - 240 - 241 - 243 - 248 - 250 - 251 - 256 - 257 - 260 - 261 - 262 - 266 - 267 - 270 - 271 - 273 - 274 - 276 - 281 - 285 - 288 - 292 - 293 - 296 - 299 - 301 - 311 - 313 - 314 - 317 - 325 - 328 - 332 - 333 - 335 - 338 - 339 - 341 - 345 - 346 - 347 - 348 - 352 - 357 - 358 - 362 - 365 - 368 - 371 - 373 - 377 - 380 - 384 - 389 - 393 - 397 - 400 - 404 - 405 - 406 - 407 - 411 - 412 - 413 - 415 - 421 - 425 - 426 - 437 - 439 - 444 - 450 - 452 - 453 - 457 - 458 - 459 - 461 - 465 - 468 - 471 - 472 - 476 - 478 - 479 - 487 - 488 - 489 - 490 - 492 - 493 - 494 - 497 - 498,7406119.5,11.3,92172,77572,25.04,Cost: 92172 & Capacity: 77572
0 - 1 - 2 - 5 - 8 - 9 - 10 - 12 - 14 - 15 - 16 - 18 - 20 - 21 - 22 - 23 - 24 - 27 - 28 - 30 - 31 - 32 - 33 - 36 - 39 - 40 - 41 - 42 - 44 - 45 - 48 - 49 - 52 - 54 - 55 - 57 - 58 - 59 - 61 - 63 - 65 - 66 - 67 - 68 - 69 - 71 - 75 - 76 - 77 - 78 - 80 - 81 - 83 - 84 - 85 - 88 - 89 - 91 - 92 - 94 - 99 - 101 - 102 - 103 - 105 - 107 - 110 - 111 - 112 - 113 - 114 - 115 - 117 - 118 - 119 - 125 - 127 - 129 - 130 - 132 - 135 - 137 - 138 - 139 - 142 - 144 - 145 - 146 - 148 - 149 - 150 - 152 - 155 - 156 - 157 - 161 - 163 - 164 - 167 - 171 - 172 - 174 - 175 - 176 - 178 - 179 - 182 - 183 - 185 - 188 - 190 - 191 - 192 - 194 - 196 - 197 - 198 - 199 - 200 - 202 - 203 - 205 - 206 - 207 - 208 - 211 - 213 - 214 - 216 - 217 - 218 - 219 - 220 - 221 - 222 - 223 - 224 - 230 - 231 - 232 - 233 - 235 - 236 - 237 - 239 - 240 - 241 - 242 - 243 - 244 - 247 - 250 - 251 - 252 - 254 - 257 - 258 - 260 - 264 - 266 - 268 - 269 - 270 - 271 - 272 - 274 - 275 - 276 - 278 - 281 - 282 - 283 - 284 - 286 - 288 - 289 - 290 - 293 - 294 - 295 - 298 - 299 - 300 - 301 - 302 - 303 - 304 - 305 - 306 - 308 - 309 - 310 - 312 - 313 - 314 - 315 - 317 - 319 - 320 - 321 - 323 - 324 - 325 - 326 - 328 - 329 - 332 - 338 - 339 - 340 - 342 - 344 - 347 - 356 - 357 - 358 - 360 - 361 - 362 - 363 - 365 - 366 - 367 - 371 - 373 - 374 - 375 - 377 - 380 - 381 - 383 - 386 - 387 - 388 - 389 - 390 - 391 - 392 - 393 - 394 - 399 - 400 - 406 - 407 - 408 - 409 - 413 - 415 - 416 - 417 - 418 - 420 - 422 - 424 - 426 - 427 - 429 - 430 - 433 - 435 - 437 - 438 - 439 - 440 - 444 - 445 - 447 - 449 - 450 - 452 - 458 - 461 - 462 - 463 - 466 - 467 - 474 - 478 - 479 - 480 - 483 - 484 - 487 - 489 - 490 - 492 - 493 - 496 - 498,20770745.1,0.1,88528,92650,25.22,Cost: 88528 & Capacity: 92650
3 - 6 - 13 - 21 - 24 - 32 - 33 - 35 - 38 - 42 - 45 - 53 - 60 - 62 - 63 - 73 - 84 - 96 - 118 - 124 - 126 - 141 - 157 - 160 - 165 - 168 - 178 - 181 - 184 - 185 - 193 - 195 - 198 - 200 - 201 - 206 - 208 - 211 - 215 - 216 - 223 - 225 - 231 - 236 - 261 - 262 - 265 - 267 - 269 - 273 - 274 - 278 - 279 - 284 - 286 - 291 - 296 - 311 - 328 - 329 - 332 - 348 - 362 - 376 - 380 - 383 - 389 - 399 - 401 - 414 - 420 - 426 - 432 - 447 - 453 - 454 - 455 - 456 - 458 - 461 - 462 - 471 - 473 - 478 - 479 - 480 - 482 - 487 - 489 - 493 - 494 - 498,2220835.9,34.3,62252,51622,26.04,Cost: 62252 & Capacity: 51622
0 - 1 - 2 - 5 - 8 - 9 - 10 - 12 - 14 - 15 - 16 - 18 - 20 - 21 - 22 - 24 - 27 - 28 - 30 - 31 - 32 - 33 - 36 - 39 - 40 - 41 - 44 - 45 - 46 - 48 - 49 - 51 - 52 - 54 - 57 - 58 - 59 - 60 - 61 - 65 - 66 - 67 - 68 - 69 - 75 - 76 - 77 - 78 - 81 - 84 - 85 - 86 - 87 - 88 - 89 - 91 - 92 - 94 - 99 - 100 - 101 - 102 - 103 - 105 - 107 - 110 - 111 - 112 - 114 - 115 - 117 - 118 - 119 - 125 - 126 - 127 - 129 - 130 - 132 - 135 - 137 - 138 - 139 - 142 - 144 - 145 - 146 - 148 - 149 - 150 - 152 - 155 - 156 - 157 - 163 - 167 - 171 - 172 - 173 - 174 - 175 - 176 - 178 - 179 - 182 - 183 - 185 - 188 - 190 - 191 - 192 - 194 - 196 - 197 - 198 - 199 - 200 - 201 - 202 - 203 - 204 - 205 - 206 - 207 - 208 - 211 - 213 - 214 - 216 - 218 - 219 - 220 - 221 - 222 - 223 - 224 - 230 - 231 - 233 - 235 - 236 - 237 - 240 - 241 - 242 - 243 - 244 - 247 - 250 - 251 - 254 - 257 - 258 - 260 - 264 - 268 - 269 - 270 - 271 - 272 - 276 - 278 - 281 - 283 - 284 - 285 - 286 - 288 - 289 - 290 - 293 - 294 - 295 - 298 - 299 - 300 - 302 - 303 - 304 - 305 - 306 - 308 - 309 - 310 - 312 - 313 - 314 - 315 - 316 - 317 - 319 - 320 - 321 - 323 - 324 - 325 - 326 - 328 - 329 - 332 - 334 - 338 - 339 - 340 - 342 - 344 - 347 - 357 - 358 - 360 - 361 - 362 - 363 - 364 - 365 - 366 - 369 - 374 - 375 - 377 - 380 - 383 - 386 - 387 - 389 - 390 - 391 - 392 - 393 - 394 - 399 - 400 - 406 - 407 - 409 - 413 - 416 - 417 - 418 - 420 - 422 - 424 - 426 - 429 - 433 - 435 - 437 - 438 - 439 - 440 - 444 - 445 - 447 - 449 - 450 - 452 - 454 - 458 - 461 - 462 - 463 - 466 - 467 - 471 - 474 - 475 - 478 - 480 - 484 - 487 - 489 - 490 - 492 - 493 - 496 - 498,18962956.9,0.9,89623,98347,26.49,Cost: 89623 & Capacity: 98347
1 - 3 - 7 - 9 - 13 - 24 - 27 - 28 - 31 - 32 - 33 - 38 - 45 - 46 - 47 - 48 - 49 - 53 - 54 - 56 - 59 - 71 - 73 - 74 - 76 - 82 - 87 - 91 - 100 - 104 - 109 - 111 - 118 - 119 - 129 - 131 - 132 - 134 - 135 - 136 - 139 - 148 - 152 - 155 - 157 - 158 - 160 - 166 - 169 - 172 - 176 - 177 - 178 - 182 - 185 - 186 - 187 - 190 - 198 - 199 - 200 - 204 - 212 - 213 - 219 - 221 - 222 - 230 - 236 - 237 - 238 - 245 - 248 - 249 - 250 - 251 - 255 - 256 - 268 - 270 - 272 - 274 - 276 - 277 - 279 - 281 - 286 - 288 - 290 - 293 - 294 - 299 - 305 - 308 - 310 - 312 - 313 - 319 - 320 - 323 - 327 - 329 - 332 - 334 - 336 - 338 - 340 - 341 - 342 - 343 - 345 - 346 - 347 - 352 - 354 - 357 - 360 - 361 - 362 - 373 - 377 - 379 - 380 - 383 - 384 - 386 - 393 - 400 - 401 - 409 - 410 - 411 - 416 - 417 - 419 - 421 - 424 - 425 - 427 - 432 - 433 - 445 - 452 - 453 - 457 - 458 - 459 - 460 - 461 - 462 - 464 - 465 - 466 - 472 - 480 - 484 - 486 - 490 - 492 - 494,6449036.9,14.6,88714,72904,29.53,Cost: 88714 & Capacity: 72904
0 - 1 - 2 - 4 - 5 - 8 - 9 - 10 - 12 - 14 - 15 - 16 - 18 - 20 - 21 - 22 - 23 - 24 - 27 - 28 - 30 - 31 - 32 - 33 - 36 - 39 - 40 - 41 - 42 - 44 - 45 - 46 - 48 - 49 - 51 - 52 - 54 - 55 - 57 - 58 - 59 - 61 - 65 - 66 - 67 - 68 - 69 - 71 - 75 - 76 - 77 - 78 - 80 - 81 - 83 - 84 - 85 - 87 - 88 - 89 - 91 - 92 - 94 - 99 - 101 - 102 - 103 - 105 - 107 - 110 - 111 - 112 - 113 - 114 - 115 - 117 - 118 - 119 - 127 - 129 - 132 - 135 - 137 - 138 - 139 - 142 - 144 - 145 - 146 - 148 - 149 - 150 - 152 - 155 - 156 - 157 - 161 - 163 - 167 - 171 - 172 - 174 - 175 - 176 - 178 - 179 - 182 - 183 - 185 - 188 - 190 - 191 - 192 - 194 - 196 - 197 - 198 - 199 - 200 - 201 - 202 - 203 - 204 - 205 - 206 - 207 - 208 - 211 - 213 - 214 - 216 - 217 - 218 - 219 - 220 - 221 - 222 - 223 - 224 - 230 - 231 - 232 - 233 - 235 - 236 - 237 - 239 - 240 - 241 - 242 - 243 - 244 - 247 - 250 - 251 - 252 - 254 - 257 - 258 - 260 - 264 - 266 - 268 - 269 - 270 - 271 - 272 - 274 - 275 - 276 - 278 - 281 - 282 - 283 - 284 - 286 - 288 - 289 - 290 - 293 - 294 - 295 - 298 - 299 - 300 - 301 - 302 - 303 - 304 - 305 - 306 - 308 - 309 - 310 - 312 - 313 - 314 - 315 - 317 - 319 - 320 - 321 - 323 - 324 - 325 - 326 - 328 - 329 - 332 - 338 - 339 - 340 - 342 - 344 - 347 - 356 - 357 - 358 - 360 - 361 - 362 - 363 - 364 - 365 - 366 - 367 - 371 - 373 - 374 - 375 - 377 - 380 - 381 - 383 - 386 - 387 - 388 - 389 - 390 - 391 - 392 - 393 - 394 - 399 - 400 - 406 - 407 - 408 - 409 - 411 - 413 - 415 - 416 - 417 - 418 - 420 - 422 - 424 - 426 - 427 - 430 - 433 - 435 - 437 - 438 - 439 - 440 - 444 - 445 - 447 - 449 - 450 - 451 - 452 - 458 - 461 - 462 - 463 - 466 - 467 - 474 - 475 - 478 - 479 - 480 - 483 - 484 - 487 - 489 - 490 - 492 - 493 - 496 - 498,21554348.8,0.1,92210,96471,30.73,Cost: 92210 & Capacity: 96471
0 - 1 - 2 - 4 - 5 - 8 - 9 - 10 - 12 - 14 - 15 - 16 - 18 - 20 - 21 - 22 - 23 - 24 - 27 - 28 - 30 - 31 - 32 - 33 - 36 - 39 - 40 - 41 - 42 - 44 - 45 - 46 - 48 - 49 - 51 - 52 - 54 - 55 - 57 - 58 - 59 - 61 - 65 - 66 - 67 - 68 - 69 - 71 - 75 - 76 - 77 - 78 - 80 - 81 - 83 - 84 - 85 - 87 - 88 - 89 - 91 - 92 - 94 - 99 - 101 - 102 - 103 - 105 - 107 - 110 - 111 - 112 - 113 - 114 - 115 - 117 - 118 - 119 - 127 - 129 - 132 - 135 - 137 - 138 - 139 - 142 - 144 - 145 - 146 - 148 - 149 - 150 - 152 - 155 - 156 - 157 - 161 - 163 - 167 - 171 - 172 - 174 - 175 - 176 - 178 - 179 - 182 - 183 - 185 - 188 - 190 - 191 - 192 - 194 - 196 - 197 - 198 - 199 - 200 - 201 - 202 - 203 - 204 - 205 - 206 - 207 - 208 - 211 - 213 - 214 - 216 - 217 - 218 - 219 - 220 - 221 - 222 - 223 - 224 - 230 - 231 - 232 - 233 - 235 - 236 - 237 - 239 - 240 - 241 - 242 - 243 - 244 - 247 - 250 - 251 - 252 - 254 - 257 - 258 - 260 - 264 - 266 - 268 - 269 - 270 - 271 - 272 - 274 - 275 - 276 - 278 - 281 - 282 - 283 - 284 - 286 - 288 - 289 - 290 - 293 - 294 - 295 - 298 - 299 - 300 - 301 - 302 - 303 - 304 - 305 - 306 - 308 - 309 - 310 - 312 - 313 - 314 - 315 - 317 - 319 - 320 - 321 - 323 - 324 - 325 - 326 - 328 - 329 - 332 - 338 - 339 - 340 - 342 - 344 - 347 - 356 - 357 - 358 - 360 - 361 - 362 - 363 - 364 - 365 - 366 - 367 - 371 - 373 - 374 - 375 - 377 - 380 - 381 - 383 - 386 - 387 - 388 - 389 - 390 - 391 - 392 - 393 - 394 - 399 - 400 - 406 - 407 - 408 - 409 - 411 - 413 - 415 - 416 - 417 - 418 - 420 - 422 - 424 - 426 - 427 - 430 - 433 - 435 - 437 - 438 - 439 - 440 - 444 - 445 - 447 - 449 - 450 - 451 - 452 - 458 - 461 - 462 - 463 - 466 - 467 - 474 - 475 - 478 - 479 - 480 - 483 - 484 - 487 - 489 - 490 - 492 - 493 - 496 - 498,21554348.8,0.1,92210,96471,31.84,Cost: 92210 & Capacity: 96471
0 - 1 - 3 - 4 - 6 - 7 - 8 - 9 - 10 - 12 - 14 - 18 - 21 - 23 - 24 - 27 - 30 - 31 - 33 - 34 - 37 - 39 - 46 - 49 - 50 - 51 - 54 - 56 - 58 - 59 - 64 - 69 - 71 - 72 - 75 - 76 - 78 - 81 - 82 - 84 - 91 - 93 - 94 - 96 - 97 - 99 - 101 - 104 - 107 - 110 - 112 - 115 - 116 - 118 - 119 - 120 - 125 - 126 - 129 - 131 - 133 - 134 - 135 - 136 - 139 - 142 - 144 - 146 - 153 - 155 - 157 - 166 - 167 - 170 - 172 - 175 - 176 - 177 - 178 - 179 - 185 - 190 - 191 - 192 - 194 - 195 - 196 - 198 - 199 - 203 - 206 - 208 - 210 - 211 - 212 - 213 - 214 - 217 - 219 - 221 - 222 - 223 - 225 - 226 - 230 - 231 - 233 - 236 - 242 - 244 - 248 - 250 - 256 - 257 - 260 - 261 - 268 - 272 - 274 - 277 - 281 - 282 - 283 - 284 - 285 - 288 - 297 - 299 - 300 - 309 - 310 - 311 - 312 - 313 - 314 - 315 - 323 - 324 - 325 - 328 - 332 - 334 - 338 - 344 - 347 - 352 - 356 - 357 - 360 - 361 - 362 - 364 - 365 - 377 - 380 - 383 - 384 - 385 - 386 - 387 - 391 - 393 - 399 - 404 - 406 - 407 - 408 - 409 - 411 - 416 - 417 - 422 - 423 - 424 - 432 - 433 - 438 - 439 - 441 - 442 - 447 - 451 - 452 - 453 - 457 - 458 - 459 - 462 - 465 - 466 - 468 - 471 - 474 - 479 - 480 - 482 - 484 - 486 - 487 - 489 - 490 - 492 - 493 - 495 - 496 - 498,10601599.1,7.2,92098,80198,32.31,Cost: 92098 & Capacity: 80198
3 - 8 - 18 - 24 - 37 - 42 - 44 - 47 - 50 - 51 - 55 - 60 - 70 - 71 - 75 - 77 - 80 - 81 - 90 - 107 - 112 - 115 - 116 - 118 - 119 - 127 - 145 - 150 - 151 - 154 - 160 - 163 - 167 - 169 - 174 - 177 - 178 - 181 - 182 - 183 - 185 - 187 - 189 - 195 - 198 - 200 - 206 - 210 - 214 - 217 - 230 - 233 - 242 - 244 - 245 - 255 - 262 - 263 - 280 - 287 - 293 - 299 - 303 - 304 - 309 - 310 - 311 - 312 - 319 - 323 - 334 - 335 - 345 - 346 - 350 - 356 - 357 - 369 - 375 - 384 - 389 - 395 - 398 - 410 - 412 - 415 - 422 - 432 - 433 - 439 - 440 - 445 - 452 - 453 - 454 - 473 - 474 - 482 - 484 - 486 - 488 - 489 - 491 - 494 - 498,2896555.3,27.9,62954,49750,32.7,Cost: 62954 & Capacity: 49750
3 - 8 - 18 - 24 - 30 - 37 - 42 - 44 - 46 - 47 - 50 - 51 - 54 - 55 - 60 - 70 - 71 - 75 - 77 - 80 - 81 - 90 - 107 - 112 - 115 - 116 - 118 - 119 - 127 - 145 - 150 - 151 - 154 - 160 - 163 - 167 - 169 - 174 - 177 - 178 - 181 - 182 - 183 - 185 - 187 - 189 - 195 - 198 - 200 - 206 - 210 - 214 - 217 - 221 - 230 - 233 - 242 - 244 - 245 - 251 - 255 - 262 - 263 - 280 - 287 - 293 - 299 - 303 - 304 - 309 - 310 - 311 - 312 - 319 - 323 - 334 - 335 - 341 - 345 - 346 - 350 - 356 - 357 - 369 - 375 - 384 - 389 - 395 - 398 - 410 - 412 - 415 - 417 - 422 - 432 - 433 - 439 - 440 - 445 - 452 - 453 - 454 - 473 - 474 - 482 - 484 - 486 - 488 - 489 - 491 - 494 - 498,3274187.1,25.7,65849,51889,32.69,Cost: 65849 & Capacity: 51889
3 - 8 - 18 - 24 - 30 - 37 - 42 - 44 - 46 - 47 - 50 - 51 - 54 - 55 - 60 - 70 - 71 - 75 - 77 - 80 - 81 - 90 - 107 - 112 - 115 - 116 - 118 - 119 - 127 - 145 - 150 - 151 - 154 - 160 - 163 - 167 - 169 - 174 - 177 - 178 - 181 - 182 - 183 - 185 - 187 - 189 - 195 - 198 - 200 - 206 - 210 - 214 - 217 - 221 - 230 - 233 - 242 - 244 - 245 - 251 - 255 - 262 - 263 - 268 - 280 - 287 - 293 - 299 - 303 - 304 - 309 - 310 - 311 - 312 - 319 - 323 - 334 - 335 - 341 - 345 - 346 - 350 - 356 - 357 - 364 - 369 - 375 - 384 - 389 - 395 - 398 - 410 - 412 - 415 - 417 - 422 - 432 - 433 - 439 - 440 - 445 - 452 - 453 - 454 - 473 - 474 - 482 - 484 - 486 - 488 - 489 - 491 - 494 - 498,3393156.4,25.2,66531,52489,32.69,Cost: 66531 & Capacity: 52489
3 - 8 - 18 - 24 - 30 - 37 - 41 - 42 - 44 - 46 - 47 - 50 - 51 - 54 - 55 - 58 - 60 - 70 - 71 - 75 - 77 - 80 - 81 - 90 - 107 - 112 - 114 - 115 - 116 - 118 - 119 - 127 - 145 - 150 - 151 - 154 - 160 - 163 - 167 - 169 - 174 - 177 - 178 - 181 - 182 - 183 - 185 - 187 - 189 - 195 - 198 - 200 - 206 - 210 - 214 - 217 - 221 - 227 - 230 - 233 - 242 - 244 - 245 - 251 - 255 - 262 - 263 - 268 - 279 - 280 - 287 - 293 - 299 - 303 - 304 - 309 - 310 - 311 - 312 - 319 - 323 - 334 - 335 - 341 - 343 - 345 - 346 - 350 - 356 - 357 - 364 - 369 - 371 - 375 - 384 - 389 - 395 - 398 - 410 - 412 - 415 - 417 - 422 - 432 - 433 - 439 - 440 - 445 - 452 - 453 - 454 - 473 - 474 - 482 - 484 - 486 - 488 - 489 - 491 - 494 - 498,3821331.9,24.0,71706,55959,32.69,Cost: 71706 & Capacity: 55959
3 - 8 - 18 - 24 - 30 - 37 - 41 - 42 - 44 - 46 - 47 - 50 - 51 - 54 - 55 - 58 - 60 - 70 - 71 - 75 - 77 - 80 - 81 - 90 - 103 - 107 - 112 - 114 - 115 - 116 - 118 - 119 - 127 - 145 - 150 - 151 - 154 - 160 - 163 - 167 - 169 - 174 - 177 - 178 - 181 - 182 - 183 - 185 - 187 - 189 - 195 - 198 - 200 - 206 - 210 - 214 - 217 - 221 - 227 - 230 - 233 - 242 - 244 - 245 - 251 - 255 - 262 - 263 - 268 - 279 - 280 - 287 - 293 - 299 - 303 - 304 - 309 - 310 - 311 - 312 - 319 - 322 - 323 - 334 - 335 - 341 - 343 - 345 - 346 - 350 - 356 - 357 - 364 - 369 - 371 - 375 - 384 - 389 - 395 - 398 - 410 - 412 - 415 - 417 - 422 - 432 - 433 - 439 - 440 - 445 - 452 - 453 - 454 - 473 - 474 - 482 - 484 - 486 - 488 - 489 - 491 - 494 - 498,3940266.9,22.6,72574,56575,32.69,Cost: 72574 & Capacity: 56575
3 - 8 - 18 - 24 - 30 - 37 - 41 - 42 - 44 - 46 - 47 - 50 - 51 - 54 - 55 - 58 - 60 - 70 - 71 - 75 - 77 - 80 - 81 - 90 - 103 - 107 - 112 - 114 - 115 - 116 - 118 - 119 - 127 - 145 - 150 - 151 - 154 - 160 - 163 - 167 - 169 - 174 - 177 - 178 - 181 - 182 - 183 - 185 - 187 - 189 - 195 - 198 - 200 - 206 - 210 - 214 - 217 - 221 - 227 - 230 - 233 - 242 - 244 - 245 - 251 - 255 - 262 - 263 - 268 - 276 - 279 - 280 - 287 - 293 - 299 - 303 - 304 - 309 - 310 - 311 - 312 - 319 - 322 - 323 - 334 - 335 - 341 - 343 - 345 - 346 - 350 - 356 - 357 - 364 - 369 - 371 - 375 - 384 - 389 - 395 - 398 - 410 - 412 - 415 - 417 - 422 - 432 - 433 - 439 - 440 - 445 - 452 - 453 - 454 - 473 - 474 - 482 - 484 - 486 - 488 - 489 - 491 - 494 - 498,4002339.7,22.5,73062,57000,32.69,Cost: 73062 & Capacity: 57000
3 - 8 - 18 - 24 - 30 - 36 - 37 - 41 - 42 - 44 - 46 - 47 - 50 - 51 - 54 - 55 - 58 - 60 - 70 - 71 - 75 - 77 - 80 - 81 - 90 - 103 - 107 - 112 - 114 - 115 - 116 - 118 - 119 - 127 - 145 - 150 - 151 - 154 - 160 - 163 - 167 - 169 - 174 - 177 - 178 - 181 - 182 - 183 - 185 - 187 - 189 - 190 - 195 - 198 - 200 - 206 - 210 - 214 - 217 - 221 - 227 - 230 - 233 - 242 - 244 - 245 - 251 - 255 - 262 - 263 - 268 - 276 - 279 - 280 - 287 - 293 - 299 - 303 - 304 - 309 - 310 - 311 - 312 - 319 - 322 - 323 - 334 - 335 - 341 - 343 - 345 - 346 - 350 - 356 - 357 - 364 - 369 - 371 - 375 - 384 - 389 - 395 - 398 - 410 - 412 - 415 - 417 - 419 - 422 - 432 - 433 - 439 - 440 - 445 - 452 - 453 - 454 - 473 - 474 - 482 - 484 - 486 - 488 - 489 - 491 - 494 - 498,4187534.0,21.4,74120,57817,32.69,Cost: 74120 & Capacity: 57817
3 - 8 - 18 - 24 - 30 - 36 - 37 - 41 - 42 - 44 - 46 - 47 - 50 - 51 - 54 - 55 - 58 - 60 - 70 - 71 - 75 - 77 - 80 - 81 - 90 - 103 - 107 - 112 - 114 - 115 - 116 - 118 - 119 - 127 - 137 - 145 - 150 - 151 - 154 - 160 - 163 - 167 - 169 - 174 - 177 - 178 - 181 - 182 - 183 - 185 - 187 - 189 - 190 - 195 - 198 - 200 - 206 - 210 - 214 - 217 - 221 - 227 - 230 - 233 - 242 - 244 - 245 - 251 - 255 - 262 - 263 - 268 - 276 - 279 - 280 - 287 - 293 - 299 - 303 - 304 - 309 - 310 - 311 - 312 - 319 - 322 - 323 - 334 - 335 - 341 - 343 - 345 - 346 - 350 - 356 - 357 - 364 - 369 - 371 - 375 - 384 - 389 - 395 - 398 - 410 - 412 - 415 - 417 - 419 - 422 - 432 - 433 - 439 - 440 - 445 - 452 - 453 - 454 - 473 - 474 - 482 - 484 - 486 - 488 - 489 - 491 - 494 - 498,4253634.6,20.6,74582,58343,32.69,Cost: 74582 & Capacity: 58343
3 - 8 - 18 - 24 - 30 - 36 - 37 - 41 - 42 - 44 - 46 - 47 - 50 - 51 - 54 - 55 - 58 - 60 - 70 - 71 - 75 - 77 - 80 - 81 - 90 - 103 - 107 - 112 - 114 - 115 - 116 - 118 - 119 - 122 - 127 - 137 - 145 - 150 - 151 - 154 - 160 - 163 - 167 - 169 - 174 - 177 - 178 - 181 - 182 - 183 - 185 - 187 - 189 - 190 - 195 - 198 - 200 - 206 - 210 - 214 - 217 - 221 - 227 - 230 - 233 - 242 - 244 - 245 - 251 - 255 - 262 - 263 - 268 - 276 - 279 - 280 - 287 - 293 - 299 - 303 - 304 - 309 - 310 - 311 - 312 - 319 - 322 - 323 - 334 - 335 - 341 - 343 - 345 - 346 - 350 - 356 - 357 - 364 - 369 - 371 - 375 - 384 - 389 - 395 - 398 - 410 - 412 - 415 - 417 - 419 - 422 - 432 - 433 - 439 - 440 - 445 - 452 - 453 - 454 - 473 - 474 - 482 - 484 - 486 - 488 - 489 - 491 - 494 - 498,4320138.7,20.5,75238,59073,32.69,Cost: 75238 & Capacity: 59073
3 - 8 - 18 - 24 - 30 - 36 - 37 - 41 - 42 - 44 - 46 - 47 - 50 - 51 - 54 - 55 - 58 - 60 - 70 - 71 - 75 - 77 - 80 - 81 - 90 - 103 - 107 - 112 - 114 - 115 - 116 - 118 - 119 - 122 - 127 - 137 - 145 - 150 - 151 - 154 - 160 - 163 - 167 - 169 - 174 - 177 - 178 - 181 - 182 - 183 - 185 - 187 - 189 - 190 - 195 - 198 - 200 - 206 - 210 - 214 - 217 - 221 - 227 - 230 - 233 - 242 - 244 - 245 - 251 - 255 - 262 - 263 - 268 - 276 - 279 - 280 - 287 - 293 - 299 - 303 - 304 - 309 - 310 - 311 - 312 - 319 - 322 - 323 - 334 - 335 - 341 - 343 - 345 - 346 - 350 - 356 - 357 - 364 - 369 - 371 - 375 - 384 - 389 - 395 - 398 - 410 - 412 - 415 - 417 - 419 - 422 - 432 - 433 - 439 - 440 - 445 - 452 - 453 - 454 - 465 - 473 - 474 - 482 - 484 - 486 - 488 - 489 - 491 - 494 - 498,4386055.3,20.3,76437,59859,32.69,Cost: 76437 & Capacity: 59859
3 - 8 - 18 - 24 - 30 - 36 - 37 - 41 - 42 - 44 - 46 - 47 - 50 - 51 - 54 - 55 - 58 - 60 - 70 - 71 - 75 - 77 - 80 - 81 - 90 - 103 - 104 - 107 - 112 - 114 - 115 - 116 - 118 - 119 - 122 - 127 - 137 - 145 - 150 - 151 - 154 - 160 - 163 - 167 - 169 - 174 - 177 - 178 - 181 - 182 - 183 - 185 - 187 - 189 - 190 - 195 - 198 - 200 - 206 - 210 - 214 - 217 - 221 - 227 - 230 - 233 - 242 - 244 - 245 - 251 - 255 - 262 - 263 - 268 - 276 - 279 - 280 - 287 - 293 - 299 - 303 - 304 - 309 - 310 - 311 - 312 - 319 - 322 - 323 - 334 - 335 - 341 - 343 - 345 - 346 - 350 - 356 - 357 - 364 - 369 - 371 - 375 - 384 - 389 - 395 - 398 - 410 - 412 - 415 - 417 - 419 - 422 - 432 - 433 - 439 - 440 - 445 - 452 - 453 - 454 - 465 - 473 - 474 - 482 - 484 - 486 - 488 - 489 - 491 - 494 - 498,4453323.7,20.2,77499,60585,32.69,Cost: 77499 & Capacity: 60585
3 - 8 - 18 - 24 - 30 - 36 - 37 - 41 - 42 - 44 - 46 - 47 - 50 - 51 - 54 - 55 - 58 - 60 - 70 - 71 - 75 - 77 - 80 - 81 - 90 - 103 - 104 - 107 - 112 - 114 - 115 - 116 - 118 - 119 - 122 - 127 - 131 - 137 - 145 - 150 - 151 - 154 - 160 - 163 - 167 - 169 - 174 - 177 - 178 - 181 - 182 - 183 - 185 - 187 - 189 - 190 - 195 - 198 - 200 - 206 - 210 - 214 - 217 - 221 - 227 - 230 - 233 - 242 - 244 - 245 - 251 - 255 - 261 - 262 - 263 - 268 - 276 - 279 - 280 - 281 - 287 - 293 - 299 - 303 - 304 - 309 - 310 - 311 - 312 - 319 - 322 - 323 - 334 - 335 - 341 - 343 - 345 - 346 - 350 - 356 - 357 - 363 - 364 - 369 - 371 - 375 - 384 - 389 - 395 - 398 - 410 - 412 - 415 - 417 - 419 - 422 - 432 - 433 - 439 - 440 - 445 - 452 - 453 - 454 - 465 - 473 - 474 - 482 - 484 - 486 - 488 - 489 - 491 - 494 - 498,4727140.8,19.7,79950,63183,32.69,Cost: 79950 & Capacity: 63183
3 - 8 - 18 - 24 - 30 - 36 - 37 - 41 - 42 - 44 - 46 - 47 - 50 - 51 - 54 - 55 - 58 - 60 - 70 - 71 - 75 - 77 - 80 - 81 - 90 - 103 - 104 - 107 - 112 - 114 - 115 - 116 - 118 - 119 - 122 - 127 - 131 - 137 - 145 - 150 - 151 - 154 - 160 - 163 - 167 - 169 - 174 - 177 - 178 - 181 - 182 - 183 - 185 - 187 - 189 - 190 - 195 - 198 - 200 - 206 - 210 - 214 - 217 - 221 - 227 - 230 - 233 - 242 - 244 - 245 - 251 - 255 - 261 - 262 - 263 - 264 - 268 - 276 - 279 - 280 - 281 - 287 - 293 - 299 - 303 - 304 - 309 - 310 - 311 - 312 - 319 - 322 - 323 - 334 - 335 - 341 - 343 - 345 - 346 - 350 - 356 - 357 - 363 - 364 - 369 - 371 - 375 - 384 - 389 - 395 - 398 - 410 - 412 - 415 - 417 - 419 - 422 - 432 - 433 - 439 - 440 - 445 - 452 - 453 - 454 - 465 - 473 - 474 - 482 - 484 - 486 - 488 - 489 - 491 - 494 - 498,4795703.4,18.8,80285,63804,32.69,Cost: 80285 & Capacity: 63804
3 - 8 - 18 - 24 - 30 - 36 - 37 - 41 - 42 - 44 - 46 - 47 - 50 - 51 - 54 - 55 - 58 - 59 - 60 - 70 - 71 - 75 - 77 - 80 - 81 - 90 - 103 - 104 - 107 - 112 - 114 - 115 - 116 - 118 - 119 - 122 - 127 - 131 - 137 - 145 - 150 - 151 - 154 - 160 - 163 - 167 - 169 - 174 - 177 - 178 - 181 - 182 - 183 - 185 - 187 - 189 - 190 - 195 - 198 - 200 - 206 - 210 - 214 - 217 - 221 - 227 - 230 - 233 - 242 - 244 - 245 - 251 - 255 - 261 - 262 - 263 - 264 - 268 - 276 - 279 - 280 - 281 - 287 - 293 - 294 - 295 - 299 - 303 - 304 - 309 - 310 - 311 - 312 - 319 - 322 - 323 - 334 - 335 - 341 - 343 - 345 - 346 - 350 - 356 - 357 - 363 - 364 - 369 - 371 - 375 - 384 - 389 - 395 - 398 - 410 - 412 - 415 - 417 - 419 - 422 - 432 - 433 - 439 - 440 - 445 - 452 - 453 - 454 - 465 - 473 - 474 - 482 - 484 - 486 - 487 - 488 - 489 - 491 - 494 - 498,5067469.3,17.1,81392,65078,32.69,Cost: 81392 & Capacity: 65078
3 - 8 - 18 - 24 - 30 - 36 - 37 - 41 - 42 - 44 - 46 - 47 - 50 - 51 - 54 - 55 - 58 - 59 - 60 - 70 - 71 - 75 - 77 - 80 - 81 - 90 - 103 - 104 - 107 - 112 - 114 - 115 - 116 - 118 - 119 - 122 - 127 - 129 - 131 - 137 - 145 - 150 - 151 - 152 - 154 - 160 - 163 - 167 - 169 - 174 - 177 - 178 - 181 - 182 - 183 - 185 - 187 - 189 - 190 - 195 - 198 - 200 - 206 - 210 - 214 - 217 - 221 - 227 - 230 - 233 - 242 - 244 - 245 - 251 - 255 - 261 - 262 - 263 - 264 - 268 - 276 - 279 - 280 - 281 - 287 - 293 - 294 - 295 - 299 - 303 - 304 - 309 - 310 - 311 - 312 - 319 - 322 - 323 - 334 - 335 - 341 - 343 - 345 - 346 - 350 - 356 - 357 - 363 - 364 - 369 - 371 - 375 - 384 - 389 - 395 - 398 - 410 - 412 - 415 - 417 - 419 - 422 - 432 - 433 - 439 - 440 - 445 - 452 - 453 - 454 - 465 - 473 - 474 - 482 - 484 - 486 - 487 - 488 - 489 - 491 - 494 - 498,5208247.4,17.0,81829,65552,32.7,Cost: 81829 & Capacity: 65552
0 - 1 - 2 - 4 - 5 - 8 - 9 - 10 - 12 - 14 - 15 - 16 - 18 - 20 - 21 - 22 - 23 - 24 - 27 - 28 - 30 - 31 - 32 - 33 - 36 - 39 - 40 - 41 - 42 - 44 - 45 - 46 - 48 - 49 - 51 - 52 - 54 - 55 - 57 - 58 - 59 - 61 - 65 - 66 - 67 - 68 - 69 - 71 - 75 - 76 - 77 - 78 - 80 - 81 - 83 - 84 - 85 - 87 - 88 - 89 - 91 - 92 - 94 - 99 - 101 - 102 - 103 - 105 - 107 - 110 - 111 - 112 - 113 - 114 - 115 - 117 - 118 - 119 - 127 - 129 - 132 - 135 - 137 - 138 - 139 - 142 - 144 - 145 - 146 - 148 - 149 - 150 - 152 - 155 - 156 - 157 - 161 - 163 - 167 - 171 - 172 - 174 - 175 - 176 - 178 - 179 - 182 - 183 - 185 - 188 - 190 - 191 - 192 - 194 - 196 - 197 - 198 - 199 - 200 - 201 - 202 - 203 - 204 - 205 - 206 - 207 - 208 - 211 - 213 - 214 - 216 - 217 - 218 - 219 - 220 - 221 - 222 - 223 - 224 - 230 - 231 - 232 - 233 - 235 - 236 - 237 - 239 - 240 - 241 - 242 - 243 - 244 - 247 - 250 - 251 - 252 - 254 - 257 - 258 - 260 - 264 - 266 - 268 - 269 - 270 - 271 - 272 - 274 - 275 - 276 - 278 - 281 - 282 - 283 - 284 - 286 - 288 - 289 - 290 - 293 - 294 - 295 - 298 - 299 - 300 - 301 - 302 - 303 - 304 - 305 - 306 - 308 - 309 - 310 - 312 - 313 - 314 - 315 - 317 - 319 - 320 - 321 - 323 - 324 - 325 - 326 - 328 - 329 - 332 - 338 - 339 - 340 - 342 - 344 - 347 - 356 - 357 - 358 - 360 - 361 - 362 - 363 - 364 - 365 - 366 - 367 - 371 - 373 - 374 - 375 - 377 - 380 - 381 - 383 - 386 - 387 - 388 - 389 - 390 - 391 - 392 - 393 - 394 - 399 - 400 - 406 - 407 - 408 - 409 - 411 - 413 - 415 - 416 - 417 - 418 - 420 - 422 - 424 - 426 - 427 - 430 - 433 - 435 - 437 - 438 - 439 - 440 - 444 - 445 - 447 - 449 - 450 - 451 - 452 - 458 - 461 - 462 - 463 - 466 - 467 - 474 - 475 - 478 - 479 - 480 - 483 - 484 - 487 - 489 - 490 - 492 - 493 - 496 - 498,21554348.8,0.1,92210,96471,33.08,Cost: 92210 & Capacity: 96471
13 - 17 - 21 - 29 - 34 - 43 - 50 - 51 - 53 - 60 - 61 - 64 - 67 - 75 - 84 - 88 - 93 - 97 - 103 - 107 - 112 - 115 - 118 - 120 - 123 - 126 - 133 - 141 - 144 - 147 - 150 - 152 - 157 - 159 - 160 - 163 - 168 - 169 - 173 - 177 - 178 - 180 - 184 - 193 - 194 - 195 - 204 - 218 - 227 - 234 - 239 - 248 - 252 - 257 - 260 - 262 - 264 - 278 - 286 - 287 - 304 - 309 - 311 - 316 - 328 - 330 - 334 - 345 - 352 - 354 - 363 - 375 - 376 - 377 - 378 - 388 - 404 - 407 - 414 - 424 - 430 - 432 - 435 - 439 - 453 - 454 - 456 - 462 - 470 - 471 - 473 - 479 - 482 - 486 - 488,2344343.6,31.5,67534,55001,34.44,Cost: 67534 & Capacity: 55001
0 - 1 - 2 - 5 - 8 - 9 - 10 - 12 - 14 - 15 - 16 - 18 - 20 - 21 - 22 - 23 - 24 - 27 - 28 - 30 - 32 - 33 - 36 - 39 - 40 - 41 - 42 - 44 - 45 - 48 - 49 - 52 - 54 - 55 - 57 - 58 - 59 - 61 - 65 - 66 - 67 - 68 - 69 - 71 - 75 - 76 - 77 - 78 - 80 - 81 - 83 - 84 - 85 - 87 - 88 - 89 - 91 - 92 - 94 - 99 - 101 - 102 - 103 - 105 - 107 - 110 - 111 - 112 - 113 - 114 - 115 - 117 - 118 - 119 - 125 - 127 - 129 - 132 - 135 - 137 - 138 - 139 - 142 - 144 - 145 - 146 - 148 - 149 - 150 - 152 - 155 - 156 - 157 - 161 - 163 - 164 - 167 - 171 - 172 - 174 - 175 - 176 - 178 - 179 - 182 - 183 - 185 - 188 - 190 - 191 - 192 - 194 - 196 - 197 - 198 - 199 - 200 - 201 - 202 - 203 - 205 - 206 - 207 - 208 - 211 - 213 - 214 - 216 - 217 - 218 - 219 - 221 - 222 - 223 - 224 - 230 - 231 - 232 - 233 - 235 - 236 - 237 - 239 - 240 - 241 - 242 - 243 - 244 - 247 - 250 - 251 - 252 - 254 - 257 - 258 - 260 - 264 - 266 - 268 - 269 - 270 - 271 - 272 - 274 - 275 - 276 - 278 - 281 - 282 - 283 - 284 - 286 - 288 - 289 - 290 - 293 - 294 - 295 - 298 - 299 - 300 - 301 - 302 - 303 - 304 - 305 - 306 - 308 - 309 - 310 - 313 - 314 - 315 - 317 - 319 - 320 - 321 - 323 - 324 - 325 - 326 - 328 - 329 - 332 - 338 - 339 - 340 - 342 - 344 - 347 - 356 - 357 - 358 - 360 - 361 - 362 - 363 - 364 - 365 - 366 - 367 - 371 - 373 - 374 - 375 - 377 - 380 - 381 - 383 - 386 - 387 - 388 - 389 - 390 - 391 - 392 - 393 - 394 - 399 - 400 - 406 - 407 - 408 - 409 - 411 - 413 - 415 - 416 - 417 - 418 - 420 - 422 - 424 - 426 - 427 - 429 - 430 - 433 - 435 - 437 - 438 - 439 - 440 - 444 - 445 - 447 - 449 - 450 - 452 - 458 - 461 - 462 - 463 - 466 - 467 - 474 - 475 - 478 - 479 - 480 - 483 - 484 - 487 - 489 - 490 - 492 - 493 - 496 - 498,20809720.0,0.1,88598,93402,35.51,Cost: 88598 & Capacity: 93402
0 - 1 - 3 - 4 - 5 - 7 - 8 - 9 - 10 - 11 - 12 - 14 - 15 - 16 - 21 - 23 - 24 - 27 - 30 - 31 - 33 - 39 - 43 - 44 - 46 - 49 - 51 - 52 - 57 - 58 - 59 - 64 - 68 - 69 - 71 - 75 - 76 - 77 - 78 - 81 - 82 - 84 - 86 - 87 - 91 - 92 - 94 - 96 - 99 - 100 - 101 - 103 - 105 - 107 - 110 - 112 - 115 - 118 - 119 - 120 - 122 - 126 - 129 - 130 - 131 - 132 - 135 - 139 - 142 - 144 - 146 - 152 - 155 - 157 - 163 - 166 - 167 - 170 - 172 - 175 - 176 - 177 - 178 - 179 - 183 - 185 - 190 - 191 - 192 - 194 - 195 - 196 - 198 - 199 - 200 - 201 - 202 - 203 - 204 - 205 - 206 - 208 - 210 - 211 - 212 - 213 - 214 - 216 - 217 - 218 - 219 - 221 - 222 - 223 - 225 - 226 - 230 - 231 - 233 - 236 - 240 - 241 - 242 - 244 - 248 - 250 - 251 - 254 - 255 - 256 - 257 - 258 - 260 - 261 - 268 - 270 - 272 - 273 - 274 - 276 - 278 - 281 - 282 - 283 - 284 - 285 - 288 - 290 - 293 - 298 - 299 - 300 - 301 - 307 - 309 - 310 - 311 - 312 - 313 - 314 - 315 - 319 - 323 - 324 - 325 - 328 - 332 - 334 - 338 - 340 - 344 - 345 - 347 - 356 - 357 - 360 - 361 - 362 - 363 - 364 - 365 - 371 - 373 - 377 - 379 - 380 - 383 - 384 - 386 - 387 - 388 - 391 - 393 - 394 - 401 - 406 - 407 - 409 - 411 - 413 - 416 - 417 - 418 - 419 - 420 - 422 - 424 - 433 - 435 - 438 - 439 - 442 - 445 - 447 - 449 - 451 - 452 - 453 - 457 - 458 - 461 - 462 - 464 - 466 - 468 - 471 - 472 - 474 - 475 - 478 - 479 - 480 - 484 - 487 - 489 - 490 - 492 - 493 - 494 - 496 - 498,14571524.0,3.9,92194,90529,36.21,Cost: 92194 & Capacity: 90529
0 - 1 - 2 - 4 - 5 - 8 - 9 - 10 - 12 - 14 - 15 - 16 - 18 - 20 - 21 - 22 - 23 - 24 - 27 - 28 - 30 - 31 - 32 - 33 - 36 - 39 - 40 - 41 - 42 - 44 - 45 - 46 - 48 - 49 - 51 - 52 - 54 - 55 - 57 - 58 - 59 - 61 - 65 - 66 - 67 - 68 - 69 - 71 - 75 - 76 - 77 - 78 - 80 - 81 - 83 - 84 - 85 - 87 - 88 - 89 - 91 - 92 - 94 - 99 - 101 - 102 - 103 - 105 - 107 - 110 - 111 - 112 - 113 - 114 - 115 - 117 - 118 - 119 - 127 - 129 - 132 - 135 - 137 - 138 - 139 - 142 - 144 - 145 - 146 - 148 - 149 - 150 - 152 - 155 - 156 - 157 - 161 - 163 - 167 - 171 - 172 - 174 - 175 - 176 - 178 - 179 - 182 - 183 - 185 - 188 - 190 - 191 - 192 - 194 - 196 - 197 - 198 - 199 - 200 - 201 - 202 - 203 - 204 - 205 - 206 - 207 - 208 - 211 - 213 - 214 - 216 - 217 - 218 - 219 - 220 - 221 - 222 - 223 - 224 - 230 - 231 - 232 - 233 - 235 - 236 - 237 - 239 - 240 - 241 - 242 - 243 - 244 - 247 - 250 - 251 - 252 - 254 - 257 - 258 - 260 - 264 - 266 - 268 - 269 - 270 - 271 - 272 - 274 - 275 - 276 - 278 - 281 - 282 - 283 - 284 - 286 - 288 - 289 - 290 - 293 - 294 - 295 - 298 - 299 - 300 - 301 - 302 - 303 - 304 - 305 - 306 - 308 - 309 - 310 - 312 - 313 - 314 - 315 - 317 - 319 - 320 - 321 - 323 - 324 - 325 - 326 - 328 - 329 - 332 - 338 - 339 - 340 - 342 - 344 - 347 - 356 - 357 - 358 - 360 - 361 - 362 - 363 - 364 - 365 - 366 - 367 - 371 - 373 - 374 - 375 - 377 - 380 - 381 - 383 - 386 - 387 - 388 - 389 - 390 - 391 - 392 - 393 - 394 - 399 - 400 - 406 - 407 - 408 - 409 - 411 - 413 - 415 - 416 - 417 - 418 - 420 - 422 - 424 - 426 - 427 - 430 - 433 - 435 - 437 - 438 - 439 - 440 - 444 - 445 - 447 - 449 - 450 - 451 - 452 - 458 - 461 - 462 - 463 - 466 - 467 - 474 - 475 - 478 - 479 - 480 - 483 - 484 - 487 - 489 - 490 - 492 - 493 - 496 - 498,21554348.8,0.1,92210,96471,37.0,Cost: 92210 & Capacity: 96471
0 - 1 - 2 - 4 - 5 - 8 - 9 - 10 - 12 - 14 - 15 - 16 - 18 - 20 - 21 - 22 - 23 - 24 - 27 - 28 - 30 - 31 - 32 - 33 - 36 - 39 - 40 - 41 - 42 - 44 - 45 - 46 - 48 - 49 - 51 - 52 - 54 - 55 - 57 - 58 - 59 - 61 - 65 - 66 - 67 - 68 - 69 - 71 - 75 - 76 - 77 - 78 - 80 - 81 - 83 - 84 - 85 - 87 - 88 - 89 - 91 - 92 - 94 - 99 - 101 - 102 - 103 - 105 - 107 - 110 - 111 - 112 - 113 - 114 - 115 - 117 - 118 - 119 - 127 - 129 - 132 - 135 - 137 - 138 - 139 - 142 - 144 - 145 - 146 - 148 - 149 - 150 - 152 - 155 - 156 - 157 - 161 - 163 - 167 - 171 - 172 - 174 - 175 - 176 - 178 - 179 - 182 - 183 - 185 - 188 - 190 - 191 - 192 - 194 - 196 - 197 - 198 - 199 - 200 - 201 - 202 - 203 - 204 - 205 - 206 - 207 - 208 - 211 - 213 - 214 - 216 - 217 - 218 - 219 - 220 - 221 - 222 - 223 - 224 - 230 - 231 - 232 - 233 - 235 - 236 - 237 - 239 - 240 - 241 - 242 - 243 - 244 - 247 - 250 - 251 - 252 - 254 - 257 - 258 - 260 - 264 - 266 - 268 - 269 - 270 - 271 - 272 - 274 - 275 - 276 - 278 - 281 - 282 - 283 - 284 - 286 - 288 - 289 - 290 - 293 - 294 - 295 - 298 - 299 - 300 - 301 - 302 - 303 - 304 - 305 - 306 - 308 - 309 - 310 - 312 - 313 - 314 - 315 - 317 - 319 - 320 - 321 - 323 - 324 - 325 - 326 - 328 - 329 - 332 - 338 - 339 - 340 - 342 - 344 - 347 - 356 - 357 - 358 - 360 - 361 - 362 - 363 - 364 - 365 - 366 - 367 - 371 - 373 - 374 - 375 - 377 - 380 - 381 - 383 - 386 - 387 - 388 - 389 - 390 - 391 - 392 - 393 - 394 - 399 - 400 - 406 - 407 - 408 - 409 - 411 - 413 - 415 - 416 - 417 - 418 - 420 - 422 - 424 - 426 - 427 - 430 - 433 - 435 - 437 - 438 - 439 - 440 - 444 - 445 - 447 - 449 - 450 - 451 - 452 - 458 - 461 - 462 - 463 - 466 - 467 - 474 - 475 - 478 - 479 - 480 - 483 - 484 - 487 - 489 - 490 - 492 - 493 - 496 - 498,21554348.8,0.1,92210,96471,40.91,Cost: 92210 & Capacity: 96471
0 - 1 - 2 - 5 - 8 - 9 - 10 - 12 - 14 - 15 - 16 - 18 - 20 - 21 - 22 - 23 - 24 - 27 - 28 - 30 - 32 - 33 - 36 - 39 - 40 - 41 - 42 - 44 - 45 - 48 - 49 - 52 - 54 - 55 - 57 - 58 - 59 - 61 - 63 - 65 - 66 - 67 - 68 - 69 - 71 - 75 - 76 - 77 - 78 - 80 - 81 - 83 - 84 - 85 - 88 - 89 - 91 - 92 - 94 - 99 - 101 - 102 - 103 - 105 - 107 - 110 - 111 - 112 - 113 - 114 - 115 - 117 - 118 - 119 - 125 - 127 - 129 - 130 - 132 - 135 - 137 - 138 - 139 - 142 - 144 - 145 - 146 - 148 - 149 - 150 - 152 - 155 - 156 - 157 - 161 - 163 - 164 - 167 - 171 - 172 - 174 - 175 - 176 - 178 - 179 - 182 - 183 - 185 - 188 - 190 - 191 - 192 - 194 - 196 - 197 - 198 - 199 - 200 - 202 - 203 - 205 - 206 - 207 - 208 - 211 - 213 - 214 - 216 - 217 - 218 - 219 - 220 - 221 - 222 - 223 - 224 - 230 - 231 - 232 - 233 - 235 - 236 - 237 - 239 - 240 - 241 - 242 - 243 - 244 - 247 - 250 - 251 - 252 - 254 - 257 - 258 - 260 - 264 - 266 - 268 - 269 - 270 - 271 - 272 - 274 - 275 - 276 - 278 - 281 - 282 - 283 - 284 - 286 - 288 - 289 - 290 - 293 - 294 - 295 - 298 - 299 - 300 - 301 - 302 - 303 - 304 - 305 - 306 - 308 - 309 - 310 - 312 - 313 - 314 - 315 - 317 - 319 - 320 - 321 - 323 - 324 - 325 - 326 - 328 - 329 - 332 - 338 - 339 - 340 - 342 - 344 - 347 - 356 - 357 - 358 - 360 - 361 - 362 - 363 - 365 - 366 - 367 - 371 - 373 - 374 - 375 - 377 - 380 - 381 - 383 - 386 - 387 - 388 - 389 - 390 - 391 - 392 - 393 - 394 - 399 - 400 - 406 - 407 - 408 - 409 - 413 - 415 - 416 - 417 - 418 - 420 - 422 - 424 - 426 - 427 - 429 - 430 - 433 - 435 - 437 - 438 - 439 - 440 - 444 - 445 - 447 - 449 - 450 - 452 - 458 - 461 - 462 - 463 - 466 - 467 - 474 - 478 - 479 - 480 - 483 - 484 - 487 - 489 - 490 - 492 - 493 - 496 - 498,20630763.0,0.1,87903,91808,42.52,Cost: 87903 & Capacity: 91808
0 - 1 - 2 - 4 - 5 - 8 - 9 - 10 - 12 - 14 - 15 - 16 - 18 - 20 - 21 - 22 - 23 - 24 - 27 - 28 - 30 - 31 - 32 - 33 - 36 - 39 - 40 - 41 - 42 - 44 - 45 - 46 - 48 - 49 - 51 - 52 - 54 - 55 - 57 - 58 - 59 - 61 - 65 - 66 - 67 - 68 - 69 - 71 - 75 - 76 - 77 - 78 - 80 - 81 - 83 - 84 - 85 - 87 - 88 - 89 - 91 - 92 - 94 - 99 - 101 - 102 - 103 - 105 - 107 - 110 - 111 - 112 - 113 - 114 - 115 - 117 - 118 - 119 - 127 - 129 - 132 - 135 - 137 - 138 - 139 - 142 - 144 - 145 - 146 - 148 - 149 - 150 - 152 - 155 - 156 - 157 - 161 - 163 - 167 - 171 - 172 - 174 - 175 - 176 - 178 - 179 - 182 - 183 - 185 - 188 - 190 - 191 - 192 - 194 - 196 - 197 - 198 - 199 - 200 - 201 - 202 - 203 - 204 - 205 - 206 - 207 - 208 - 211 - 213 - 214 - 216 - 217 - 218 - 219 - 220 - 221 - 222 - 223 - 224 - 230 - 231 - 232 - 233 - 235 - 236 - 237 - 239 - 240 - 241 - 242 - 243 - 244 - 247 - 250 - 251 - 252 - 254 - 257 - 258 - 260 - 264 - 266 - 268 - 269 - 270 - 271 - 272 - 274 - 275 - 276 - 278 - 281 - 282 - 283 - 284 - 286 - 288 - 289 - 290 - 293 - 294 - 295 - 298 - 299 - 300 - 301 - 302 - 303 - 304 - 305 - 306 - 308 - 309 - 310 - 312 - 313 - 314 - 315 - 317 - 319 - 320 - 321 - 323 - 324 - 325 - 326 - 328 - 329 - 332 - 338 - 339 - 340 - 342 - 344 - 347 - 356 - 357 - 358 - 360 - 361 - 362 - 363 - 364 - 365 - 366 - 367 - 371 - 373 - 374 - 375 - 377 - 380 - 381 - 383 - 386 - 387 - 388 - 389 - 390 - 391 - 392 - 393 - 394 - 399 - 400 - 406 - 407 - 408 - 409 - 411 - 413 - 415 - 416 - 417 - 418 - 420 - 422 - 424 - 426 - 427 - 430 - 433 - 435 - 437 - 438 - 439 - 440 - 444 - 445 - 447 - 449 - 450 - 451 - 452 - 458 - 461 - 462 - 463 - 466 - 467 - 474 - 475 - 478 - 479 - 480 - 483 - 484 - 487 - 489 - 490 - 492 - 493 - 496 - 498,21554348.8,0.1,92210,96471,42.71,Cost: 92210 & Capacity: 96471
0 - 1 - 2 - 5 - 8 - 9 - 10 - 12 - 14 - 15 - 16 - 18 - 20 - 21 - 22 - 23 - 24 - 27 - 28 - 30 - 32 - 33 - 36 - 39 - 40 - 41 - 42 - 44 - 45 - 46 - 48 - 49 - 51 - 52 - 54 - 55 - 57 - 58 - 59 - 61 - 65 - 66 - 67 - 68 - 69 - 71 - 75 - 76 - 77 - 78 - 80 - 81 - 83 - 84 - 85 - 87 - 88 - 89 - 91 - 92 - 94 - 99 - 101 - 102 - 103 - 105 - 107 - 110 - 111 - 112 - 113 - 114 - 115 - 117 - 118 - 119 - 127 - 129 - 130 - 132 - 135 - 136 - 137 - 138 - 139 - 142 - 144 - 145 - 146 - 148 - 149 - 150 - 152 - 155 - 156 - 157 - 161 - 163 - 164 - 167 - 171 - 172 - 174 - 175 - 176 - 178 - 179 - 182 - 183 - 185 - 190 - 191 - 192 - 194 - 196 - 197 - 198 - 199 - 200 - 201 - 202 - 203 - 204 - 205 - 206 - 207 - 208 - 210 - 211 - 213 - 214 - 216 - 217 - 218 - 219 - 221 - 222 - 223 - 224 - 230 - 231 - 232 - 233 - 235 - 236 - 237 - 239 - 240 - 241 - 242 - 243 - 244 - 247 - 250 - 251 - 252 - 254 - 257 - 258 - 260 - 264 - 266 - 268 - 269 - 270 - 271 - 272 - 274 - 275 - 276 - 278 - 281 - 282 - 283 - 284 - 286 - 288 - 289 - 290 - 293 - 294 - 295 - 298 - 299 - 300 - 301 - 302 - 303 - 304 - 305 - 306 - 307 - 308 - 309 - 310 - 314 - 315 - 317 - 319 - 320 - 321 - 323 - 324 - 325 - 326 - 328 - 329 - 332 - 338 - 339 - 340 - 342 - 344 - 347 - 353 - 356 - 357 - 358 - 360 - 361 - 362 - 363 - 364 - 365 - 366 - 367 - 371 - 373 - 374 - 375 - 377 - 380 - 381 - 383 - 386 - 387 - 388 - 389 - 390 - 391 - 392 - 393 - 394 - 399 - 400 - 406 - 407 - 408 - 409 - 411 - 413 - 415 - 416 - 417 - 418 - 420 - 422 - 424 - 426 - 427 - 430 - 433 - 435 - 437 - 438 - 439 - 440 - 444 - 445 - 447 - 449 - 450 - 452 - 458 - 461 - 462 - 463 - 466 - 467 - 472 - 474 - 475 - 478 - 479 - 480 - 483 - 484 - 487 - 489 - 490 - 492 - 493 - 496 - 498,21590083.8,0.1,92204,96479,45.19,Cost: 92204 & Capacity: 96479
0 - 1 - 2 - 4 - 5 - 8 - 9 - 10 - 12 - 14 - 15 - 16 - 18 - 20 - 21 - 22 - 23 - 24 - 27 - 28 - 30 - 31 - 32 - 33 - 36 - 39 - 40 - 41 - 42 - 44 - 45 - 46 - 48 - 49 - 51 - 52 - 54 - 55 - 57 - 58 - 59 - 61 - 65 - 66 - 67 - 68 - 69 - 71 - 75 - 76 - 77 - 78 - 80 - 81 - 83 - 84 - 85 - 87 - 88 - 89 - 91 - 92 - 94 - 99 - 101 - 102 - 103 - 105 - 107 - 110 - 111 - 112 - 113 - 114 - 115 - 117 - 118 - 119 - 127 - 129 - 132 - 135 - 137 - 138 - 139 - 142 - 144 - 145 - 146 - 148 - 149 - 150 - 152 - 155 - 156 - 157 - 161 - 163 - 167 - 171 - 172 - 174 - 175 - 176 - 178 - 179 - 182 - 183 - 185 - 188 - 190 - 191 - 192 - 194 - 196 - 197 - 198 - 199 - 200 - 201 - 202 - 203 - 204 - 205 - 206 - 207 - 208 - 211 - 213 - 214 - 216 - 217 - 218 - 219 - 220 - 221 - 222 - 223 - 224 - 230 - 231 - 232 - 233 - 235 - 236 - 237 - 239 - 240 - 241 - 242 - 243 - 244 - 247 - 250 - 251 - 252 - 254 - 257 - 258 - 260 - 264 - 266 - 268 - 269 - 270 - 271 - 272 - 274 - 275 - 276 - 278 - 281 - 282 - 283 - 284 - 286 - 288 - 289 - 290 - 293 - 294 - 295 - 298 - 299 - 300 - 301 - 302 - 303 - 304 - 305 - 306 - 308 - 309 - 310 - 312 - 313 - 314 - 315 - 317 - 319 - 320 - 321 - 323 - 324 - 325 - 326 - 328 - 329 - 332 - 338 - 339 - 340 - 342 - 344 - 347 - 356 - 357 - 358 - 360 - 361 - 362 - 363 - 364 - 365 - 366 - 367 - 371 - 373 - 374 - 375 - 377 - 380 - 381 - 383 - 386 - 387 - 388 - 389 - 390 - 391 - 392 - 393 - 394 - 399 - 400 - 406 - 407 - 408 - 409 - 411 - 413 - 415 - 416 - 417 - 418 - 420 - 422 - 424 - 426 - 427 - 430 - 433 - 435 - 437 - 438 - 439 - 440 - 444 - 445 - 447 - 449 - 450 - 451 - 452 - 458 - 461 - 462 - 463 - 466 - 467 - 474 - 475 - 478 - 479 - 480 - 483 - 484 - 487 - 489 - 490 - 492 - 493 - 496 - 498,21554348.8,0.1,92210,96471,45.71,Cost: 92210 & Capacity: 96471
1 - 3 - 8 - 13 - 14 - 22 - 23 - 26 - 30 - 32 - 33 - 41 - 46 - 47 - 48 - 49 - 50 - 51 - 54 - 55 - 57 - 59 - 66 - 68 - 72 - 80 - 81 - 92 - 95 - 97 - 98 - 103 - 107 - 110 - 114 - 115 - 118 - 119 - 120 - 121 - 123 - 125 - 126 - 127 - 129 - 131 - 144 - 148 - 157 - 163 - 166 - 167 - 169 - 170 - 172 - 177 - 178 - 179 - 182 - 183 - 184 - 187 - 190 - 191 - 192 - 194 - 198 - 200 - 204 - 205 - 208 - 210 - 213 - 217 - 221 - 223 - 226 - 231 - 233 - 236 - 239 - 242 - 243 - 244 - 251 - 256 - 257 - 260 - 261 - 262 - 266 - 267 - 271 - 272 - 273 - 278 - 280 - 281 - 289 - 294 - 296 - 299 - 301 - 305 - 309 - 311 - 313 - 316 - 317 - 321 - 325 - 331 - 332 - 338 - 339 - 341 - 346 - 347 - 352 - 354 - 356 - 357 - 358 - 361 - 362 - 364 - 367 - 368 - 371 - 377 - 379 - 380 - 385 - 386 - 387 - 389 - 390 - 391 - 392 - 393 - 399 - 400 - 406 - 407 - 409 - 410 - 412 - 413 - 416 - 422 - 424 - 425 - 426 - 432 - 433 - 435 - 439 - 443 - 444 - 445 - 448 - 449 - 450 - 451 - 452 - 453 - 454 - 455 - 457 - 458 - 459 - 461 - 464 - 466 - 470 - 476 - 484 - 487 - 488 - 489 - 490 - 492 - 493 - 494,8644931.2,9.7,92201,80024,47.05,Cost: 92201 & Capacity: 80024
0 - 1 - 2 - 4 - 5 - 8 - 9 - 10 - 12 - 14 - 15 - 16 - 18 - 20 - 21 - 22 - 23 - 24 - 27 - 28 - 30 - 31 - 32 - 33 - 36 - 39 - 40 - 41 - 42 - 44 - 45 - 46 - 48 - 49 - 51 - 52 - 54 - 55 - 57 - 58 - 59 - 61 - 65 - 66 - 67 - 68 - 69 - 71 - 75 - 76 - 77 - 78 - 80 - 81 - 83 - 84 - 85 - 87 - 88 - 89 - 91 - 92 - 94 - 99 - 101 - 102 - 103 - 105 - 107 - 110 - 111 - 112 - 113 - 114 - 115 - 117 - 118 - 119 - 127 - 129 - 132 - 135 - 137 - 138 - 139 - 142 - 144 - 145 - 146 - 148 - 149 - 150 - 152 - 155 - 156 - 157 - 161 - 163 - 167 - 171 - 172 - 174 - 175 - 176 - 178 - 179 - 182 - 183 - 185 - 188 - 190 - 191 - 192 - 194 - 196 - 197 - 198 - 199 - 200 - 201 - 202 - 203 - 204 - 205 - 206 - 207 - 208 - 211 - 213 - 214 - 216 - 217 - 218 - 219 - 220 - 221 - 222 - 223 - 224 - 230 - 231 - 232 - 233 - 235 - 236 - 237 - 239 - 240 - 241 - 242 - 243 - 244 - 247 - 250 - 251 - 252 - 254 - 257 - 258 - 260 - 264 - 266 - 268 - 269 - 270 - 271 - 272 - 274 - 275 - 276 - 278 - 281 - 282 - 283 - 284 - 286 - 288 - 289 - 290 - 293 - 294 - 295 - 298 - 299 - 300 - 301 - 302 - 303 - 304 - 305 - 306 - 308 - 309 - 310 - 312 - 313 - 314 - 315 - 317 - 319 - 320 - 321 - 323 - 324 - 325 - 326 - 328 - 329 - 332 - 338 - 339 - 340 - 342 - 344 - 347 - 356 - 357 - 358 - 360 - 361 - 362 - 363 - 364 - 365 - 366 - 367 - 371 - 373 - 374 - 375 - 377 - 380 - 381 - 383 - 386 - 387 - 388 - 389 - 390 - 391 - 392 - 393 - 394 - 399 - 400 - 406 - 407 - 408 - 409 - 411 - 413 - 415 - 416 - 417 - 418 - 420 - 422 - 424 - 426 - 427 - 430 - 433 - 435 - 437 - 438 - 439 - 440 - 444 - 445 - 447 - 449 - 450 - 451 - 452 - 458 - 461 - 462 - 463 - 466 - 467 - 474 - 475 - 478 - 479 - 480 - 483 - 484 - 487 - 489 - 490 - 492 - 493 - 496 - 498,21554348.8,0.1,92210,96471,47.44,Cost: 92210 & Capacity: 96471
3 - 9 - 13 - 15 - 22 - 23 - 31 - 39 - 40 - 41 - 42 - 45 - 46 - 47 - 49 - 51 - 55 - 58 - 59 - 60 - 75 - 77 - 81 - 84 - 98 - 99 - 112 - 116 - 118 - 119 - 120 - 122 - 127 - 131 - 133 - 136 - 137 - 140 - 143 - 147 - 149 - 151 - 152 - 162 - 163 - 169 - 172 - 176 - 177 - 178 - 182 - 184 - 190 - 194 - 195 - 197 - 199 - 200 - 206 - 208 - 221 - 227 - 230 - 231 - 233 - 234 - 236 - 240 - 242 - 248 - 249 - 253 - 254 - 255 - 260 - 261 - 262 - 263 - 267 - 273 - 281 - 286 - 294 - 296 - 298 - 303 - 310 - 311 - 314 - 319 - 322 - 328 - 333 - 335 - 342 - 345 - 346 - 351 - 352 - 353 - 362 - 363 - 364 - 369 - 370 - 377 - 383 - 384 - 389 - 397 - 407 - 411 - 412 - 413 - 419 - 426 - 430 - 433 - 434 - 437 - 439 - 449 - 450 - 451 - 452 - 453 - 454 - 455 - 458 - 460 - 465 - 471 - 472 - 473 - 482 - 487 - 490 - 491 - 493,5058971.2,17.9,80592,67709,48.52,Cost: 80592 & Capacity: 67709
0 - 1 - 2 - 5 - 8 - 9 - 10 - 12 - 14 - 15 - 16 - 18 - 20 - 21 - 22 - 23 - 24 - 27 - 28 - 30 - 31 - 32 - 33 - 36 - 39 - 40 - 41 - 42 - 44 - 45 - 48 - 49 - 52 - 54 - 55 - 57 - 58 - 59 - 61 - 63 - 65 - 66 - 67 - 68 - 69 - 71 - 75 - 76 - 77 - 78 - 80 - 81 - 83 - 84 - 85 - 87 - 88 - 89 - 91 - 92 - 94 - 99 - 101 - 102 - 103 - 105 - 107 - 110 - 111 - 112 - 113 - 114 - 115 - 117 - 118 - 119 - 125 - 127 - 129 - 130 - 132 - 135 - 137 - 138 - 139 - 142 - 144 - 145 - 146 - 148 - 149 - 150 - 152 - 155 - 156 - 157 - 161 - 163 - 164 - 167 - 171 - 172 - 174 - 175 - 176 - 178 - 179 - 182 - 183 - 185 - 188 - 190 - 191 - 192 - 194 - 196 - 197 - 198 - 199 - 200 - 201 - 202 - 203 - 205 - 206 - 207 - 208 - 211 - 213 - 214 - 216 - 217 - 218 - 219 - 220 - 221 - 222 - 223 - 224 - 230 - 231 - 232 - 233 - 235 - 236 - 237 - 239 - 240 - 241 - 242 - 243 - 244 - 247 - 250 - 251 - 252 - 254 - 257 - 258 - 260 - 264 - 266 - 268 - 269 - 270 - 271 - 272 - 274 - 275 - 276 - 278 - 281 - 282 - 283 - 284 - 286 - 288 - 289 - 290 - 293 - 294 - 295 - 298 - 299 - 300 - 301 - 302 - 303 - 304 - 305 - 306 - 308 - 309 - 310 - 312 - 313 - 314 - 315 - 317 - 319 - 320 - 321 - 323 - 324 - 325 - 326 - 328 - 329 - 332 - 338 - 339 - 340 - 342 - 344 - 347 - 356 - 357 - 358 - 360 - 361 - 362 - 363 - 364 - 365 - 366 - 367 - 371 - 373 - 374 - 375 - 377 - 380 - 381 - 383 - 386 - 387 - 388 - 389 - 390 - 391 - 392 - 393 - 394 - 399 - 400 - 406 - 407 - 408 - 409 - 413 - 415 - 416 - 417 - 418 - 420 - 422 - 424 - 426 - 427 - 429 - 430 - 433 - 435 - 437 - 438 - 439 - 440 - 444 - 445 - 447 - 449 - 450 - 452 - 458 - 461 - 462 - 463 - 466 - 467 - 474 - 478 - 479 - 480 - 483 - 484 - 487 - 489 - 490 - 492 - 493 - 496 - 498,21213957.4,0.1,90408,94736,50.0,Cost: 90408 & Capacity: 94736
0 - 1 - 2 - 4 - 5 - 8 - 9 - 10 - 12 - 14 - 15 - 16 - 18 - 20 - 21 - 22 - 23 - 24 - 27 - 28 - 30 - 31 - 32 - 33 - 36 - 39 - 40 - 41 - 42 - 44 - 45 - 46 - 48 - 49 - 51 - 52 - 54 - 55 - 57 - 58 - 59 - 61 - 65 - 66 - 67 - 68 - 69 - 71 - 75 - 76 - 77 - 78 - 80 - 81 - 83 - 84 - 85 - 87 - 88 - 89 - 91 - 92 - 94 - 99 - 101 - 102 - 103 - 105 - 107 - 110 - 111 - 112 - 113 - 114 - 115 - 117 - 118 - 119 - 127 - 129 - 132 - 135 - 137 - 138 - 139 - 142 - 144 - 145 - 146 - 148 - 149 - 150 - 152 - 155 - 156 - 157 - 161 - 163 - 167 - 171 - 172 - 174 - 175 - 176 - 178 - 179 - 182 - 183 - 185 - 188 - 190 - 191 - 192 - 194 - 196 - 197 - 198 - 199 - 200 - 201 - 202 - 203 - 204 - 205 - 206 - 207 - 208 - 211 - 213 - 214 - 216 - 217 - 218 - 219 - 220 - 221 - 222 - 223 - 224 - 230 - 231 - 232 - 233 - 235 - 236 - 237 - 239 - 240 - 241 - 242 - 243 - 244 - 247 - 250 - 251 - 252 - 254 - 257 - 258 - 260 - 264 - 266 - 268 - 269 - 270 - 271 - 272 - 274 - 275 - 276 - 278 - 281 - 282 - 283 - 284 - 286 - 288 - 289 - 290 - 293 - 294 - 295 - 298 - 299 - 300 - 301 - 302 - 303 - 304 - 305 - 306 - 308 - 309 - 310 - 312 - 313 - 314 - 315 - 317 - 319 - 320 - 321 - 323 - 324 - 325 - 326 - 328 - 329 - 332 - 338 - 339 - 340 - 342 - 344 - 347 - 356 - 357 - 358 - 360 - 361 - 362 - 363 - 364 - 365 - 366 - 367 - 371 - 373 - 374 - 375 - 377 - 380 - 381 - 383 - 386 - 387 - 388 - 389 - 390 - 391 - 392 - 393 - 394 - 399 - 400 - 406 - 407 - 408 - 409 - 411 - 413 - 415 - 416 - 417 - 418 - 420 - 422 - 424 - 426 - 427 - 430 - 433 - 435 - 437 - 438 - 439 - 440 - 444 - 445 - 447 - 449 - 450 - 451 - 452 - 458 - 461 - 462 - 463 - 466 - 467 - 474 - 475 - 478 - 479 - 480 - 483 - 484 - 487 - 489 - 490 - 492 - 493 - 496 - 498,21554348.8,0.1,92210,96471,50.22,Cost: 92210 & Capacity: 96471
0 - 1 - 2 - 4 - 5 - 8 - 9 - 10 - 12 - 14 - 15 - 16 - 18 - 20 - 21 - 22 - 23 - 24 - 27 - 28 - 30 - 31 - 32 - 33 - 36 - 39 - 40 - 41 - 42 - 44 - 45 - 46 - 48 - 49 - 51 - 52 - 54 - 55 - 57 - 58 - 59 - 61 - 65 - 66 - 67 - 68 - 69 - 71 - 75 - 76 - 77 - 78 - 80 - 81 - 83 - 84 - 85 - 87 - 88 - 89 - 91 - 92 - 94 - 99 - 101 - 102 - 103 - 105 - 107 - 110 - 111 - 112 - 113 - 114 - 115 - 117 - 118 - 119 - 127 - 129 - 132 - 135 - 137 - 138 - 139 - 142 - 144 - 145 - 146 - 148 - 149 - 150 - 152 - 155 - 156 - 157 - 161 - 163 - 167 - 171 - 172 - 174 - 175 - 176 - 178 - 179 - 182 - 183 - 185 - 188 - 190 - 191 - 192 - 194 - 196 - 197 - 198 - 199 - 200 - 201 - 202 - 203 - 204 - 205 - 206 - 207 - 208 - 211 - 213 - 214 - 216 - 217 - 218 - 219 - 220 - 221 - 222 - 223 - 224 - 230 - 231 - 232 - 233 - 235 - 236 - 237 - 239 - 240 - 241 - 242 - 243 - 244 - 247 - 250 - 251 - 252 - 254 - 257 - 258 - 260 - 264 - 266 - 268 - 269 - 270 - 271 - 272 - 274 - 275 - 276 - 278 - 281 - 282 - 283 - 284 - 286 - 288 - 289 - 290 - 293 - 294 - 295 - 298 - 299 - 300 - 301 - 302 - 303 - 304 - 305 - 306 - 308 - 309 - 310 - 312 - 313 - 314 - 315 - 317 - 319 - 320 - 321 - 323 - 324 - 325 - 326 - 328 - 329 - 332 - 338 - 339 - 340 - 342 - 344 - 347 - 356 - 357 - 358 - 360 - 361 - 362 - 363 - 364 - 365 - 366 - 367 - 371 - 373 - 374 - 375 - 377 - 380 - 381 - 383 - 386 - 387 - 388 - 389 - 390 - 391 - 392 - 393 - 394 - 399 - 400 - 406 - 407 - 408 - 409 - 411 - 413 - 415 - 416 - 417 - 418 - 420 - 422 - 424 - 426 - 427 - 430 - 433 - 435 - 437 - 438 - 439 - 440 - 444 - 445 - 447 - 449 - 450 - 451 - 452 - 458 - 461 - 462 - 463 - 466 - 467 - 474 - 475 - 478 - 479 - 480 - 483 - 484 - 487 - 489 - 490 - 492 - 493 - 496 - 498,21554348.8,0.1,92210,96471,50.76,Cost: 92210 & Capacity: 96471
0 - 1 - 2 - 5 - 8 - 9 - 10 - 12 - 14 - 15 - 16 - 18 - 20 - 21 - 22 - 23 - 24 - 27 - 28 - 30 - 32 - 33 - 36 - 39 - 40 - 41 - 42 - 44 - 45 - 46 - 48 - 49 - 52 - 54 - 55 - 57 - 58 - 59 - 61 - 63 - 65 - 66 - 67 - 68 - 69 - 71 - 75 - 76 - 77 - 78 - 80 - 81 - 83 - 84 - 85 - 88 - 89 - 91 - 92 - 94 - 99 - 101 - 102 - 103 - 105 - 107 - 110 - 111 - 112 - 113 - 114 - 115 - 117 - 118 - 119 - 125 - 127 - 129 - 130 - 132 - 135 - 137 - 138 - 139 - 142 - 144 - 145 - 146 - 148 - 149 - 150 - 152 - 155 - 156 - 157 - 161 - 163 - 164 - 167 - 171 - 172 - 174 - 175 - 176 - 178 - 179 - 182 - 183 - 185 - 188 - 190 - 191 - 192 - 194 - 196 - 197 - 198 - 199 - 200 - 201 - 202 - 203 - 205 - 206 - 207 - 208 - 211 - 213 - 214 - 216 - 217 - 218 - 219 - 220 - 221 - 222 - 223 - 224 - 230 - 231 - 232 - 233 - 235 - 236 - 237 - 239 - 240 - 241 - 242 - 243 - 244 - 247 - 250 - 251 - 252 - 254 - 257 - 258 - 260 - 264 - 266 - 268 - 269 - 270 - 271 - 272 - 274 - 275 - 276 - 278 - 281 - 282 - 283 - 284 - 286 - 288 - 289 - 290 - 293 - 294 - 295 - 298 - 299 - 300 - 301 - 302 - 303 - 304 - 305 - 306 - 308 - 309 - 310 - 312 - 313 - 314 - 315 - 317 - 319 - 320 - 321 - 323 - 324 - 325 - 326 - 328 - 329 - 332 - 338 - 339 - 340 - 342 - 344 - 347 - 356 - 357 - 358 - 360 - 361 - 362 - 363 - 365 - 366 - 367 - 371 - 373 - 374 - 375 - 377 - 380 - 381 - 383 - 386 - 387 - 388 - 389 - 390 - 391 - 392 - 393 - 394 - 399 - 400 - 406 - 407 - 408 - 409 - 413 - 415 - 416 - 417 - 418 - 420 - 422 - 424 - 426 - 427 - 429 - 430 - 433 - 435 - 437 - 438 - 439 - 440 - 444 - 445 - 447 - 449 - 450 - 452 - 458 - 461 - 462 - 463 - 466 - 467 - 474 - 478 - 479 - 480 - 483 - 484 - 487 - 489 - 490 - 492 - 493 - 496 - 498,20915737.8,0.1,89155,93168,50.7,Cost: 89155 & Capacity: 93168
0 - 1 - 2 - 5 - 8 - 9 - 10 - 12 - 14 - 15 - 16 - 18 - 20 - 21 - 22 - 23 - 24 - 27 - 28 - 30 - 31 - 32 - 33 - 36 - 39 - 40 - 41 - 42 - 44 - 45 - 46 - 48 - 49 - 52 - 54 - 55 - 57 - 58 - 59 - 61 - 63 - 65 - 66 - 67 - 68 - 69 - 71 - 75 - 76 - 77 - 78 - 80 - 81 - 83 - 84 - 85 - 88 - 89 - 91 - 92 - 94 - 99 - 101 - 102 - 103 - 105 - 107 - 110 - 111 - 112 - 113 - 114 - 115 - 117 - 118 - 119 - 125 - 127 - 129 - 130 - 132 - 135 - 137 - 138 - 139 - 142 - 144 - 145 - 146 - 148 - 149 - 150 - 152 - 155 - 156 - 157 - 161 - 163 - 164 - 167 - 171 - 172 - 174 - 175 - 176 - 178 - 179 - 182 - 183 - 185 - 188 - 190 - 191 - 192 - 194 - 196 - 197 - 198 - 199 - 200 - 201 - 202 - 203 - 205 - 206 - 207 - 208 - 211 - 213 - 214 - 216 - 217 - 218 - 219 - 220 - 221 - 222 - 223 - 224 - 230 - 231 - 232 - 233 - 235 - 236 - 237 - 239 - 240 - 241 - 242 - 243 - 244 - 247 - 250 - 251 - 252 - 254 - 257 - 258 - 260 - 264 - 266 - 268 - 269 - 270 - 271 - 272 - 274 - 275 - 276 - 278 - 281 - 282 - 283 - 284 - 286 - 288 - 289 - 290 - 293 - 294 - 295 - 298 - 299 - 300 - 301 - 302 - 303 - 304 - 305 - 306 - 308 - 309 - 310 - 312 - 313 - 314 - 315 - 317 - 319 - 320 - 321 - 323 - 324 - 325 - 326 - 328 - 329 - 332 - 338 - 339 - 340 - 342 - 344 - 347 - 356 - 357 - 358 - 360 - 361 - 362 - 363 - 365 - 366 - 367 - 371 - 373 - 374 - 375 - 377 - 380 - 381 - 383 - 386 - 387 - 388 - 389 - 390 - 391 - 392 - 393 - 394 - 399 - 400 - 406 - 407 - 408 - 409 - 413 - 415 - 416 - 417 - 418 - 420 - 422 - 424 - 426 - 427 - 429 - 430 - 433 - 435 - 437 - 438 - 439 - 440 - 444 - 445 - 447 - 449 - 450 - 452 - 458 - 461 - 462 - 463 - 466 - 467 - 474 - 478 - 479 - 480 - 483 - 484 - 487 - 489 - 490 - 492 - 493 - 496 - 498,21056447.3,0.1,89780,94010,50.7,Cost: 89780 & Capacity: 94010
0 - 1 - 2 - 5 - 8 - 9 - 10 - 12 - 14 - 15 - 16 - 18 - 20 - 21 - 22 - 23 - 24 - 27 - 28 - 30 - 31 - 32 - 33 - 36 - 39 - 40 - 41 - 42 - 44 - 45 - 46 - 48 - 49 - 52 - 54 - 55 - 57 - 58 - 59 - 61 - 63 - 65 - 66 - 67 - 68 - 69 - 71 - 75 - 76 - 77 - 78 - 80 - 81 - 83 - 84 - 85 - 88 - 89 - 91 - 92 - 94 - 99 - 101 - 102 - 103 - 105 - 107 - 110 - 111 - 112 - 113 - 114 - 115 - 117 - 118 - 119 - 125 - 127 - 129 - 130 - 132 - 135 - 137 - 138 - 139 - 142 - 144 - 145 - 146 - 148 - 149 - 150 - 152 - 155 - 156 - 157 - 161 - 163 - 164 - 167 - 171 - 172 - 174 - 175 - 176 - 178 - 179 - 182 - 183 - 185 - 188 - 190 - 191 - 192 - 194 - 196 - 197 - 198 - 199 - 200 - 201 - 202 - 203 - 205 - 206 - 207 - 208 - 211 - 213 - 214 - 216 - 217 - 218 - 219 - 220 - 221 - 222 - 223 - 224 - 230 - 231 - 232 - 233 - 235 - 236 - 237 - 239 - 240 - 241 - 242 - 243 - 244 - 247 - 250 - 251 - 252 - 254 - 257 - 258 - 260 - 264 - 266 - 268 - 269 - 270 - 271 - 272 - 274 - 275 - 276 - 278 - 281 - 282 - 283 - 284 - 286 - 288 - 289 - 290 - 293 - 294 - 295 - 298 - 299 - 300 - 301 - 302 - 303 - 304 - 305 - 306 - 308 - 309 - 310 - 312 - 313 - 314 - 315 - 317 - 319 - 320 - 321 - 323 - 324 - 325 - 326 - 328 - 329 - 332 - 338 - 339 - 340 - 342 - 344 - 347 - 356 - 357 - 358 - 360 - 361 - 362 - 363 - 364 - 365 - 366 - 367 - 371 - 373 - 374 - 375 - 377 - 380 - 381 - 383 - 386 - 387 - 388 - 389 - 390 - 391 - 392 - 393 - 394 - 399 - 400 - 406 - 407 - 408 - 409 - 413 - 415 - 416 - 417 - 418 - 420 - 422 - 424 - 426 - 427 - 429 - 430 - 433 - 435 - 437 - 438 - 439 - 440 - 444 - 445 - 447 - 449 - 450 - 452 - 458 - 461 - 462 - 463 - 466 - 467 - 474 - 475 - 478 - 479 - 480 - 483 - 484 - 487 - 489 - 490 - 492 - 493 - 496 - 498,21351292.0,0.1,91040,95156,50.7,Cost: 91040 & Capacity: 95156
1 - 8 - 9 - 10 - 12 - 14 - 16 - 18 - 20 - 23 - 24 - 27 - 28 - 30 - 32 - 36 - 40 - 44 - 49 - 51 - 55 - 58 - 59 - 66 - 67 - 68 - 69 - 75 - 76 - 77 - 78 - 80 - 81 - 84 - 87 - 88 - 91 - 92 - 100 - 101 - 103 - 107 - 110 - 111 - 112 - 114 - 115 - 117 - 118 - 119 - 120 - 122 - 127 - 131 - 132 - 134 - 135 - 137 - 138 - 139 - 142 - 143 - 144 - 145 - 146 - 149 - 150 - 151 - 152 - 154 - 155 - 156 - 157 - 161 - 163 - 166 - 167 - 171 - 175 - 176 - 178 - 179 - 182 - 183 - 185 - 190 - 191 - 192 - 194 - 196 - 197 - 198 - 199 - 200 - 202 - 205 - 206 - 208 - 210 - 211 - 213 - 214 - 215 - 216 - 217 - 219 - 221 - 222 - 223 - 224 - 230 - 231 - 233 - 234 - 235 - 236 - 237 - 242 - 245 - 246 - 250 - 251 - 254 - 257 - 260 - 261 - 264 - 266 - 268 - 269 - 270 - 271 - 272 - 274 - 276 - 281 - 283 - 284 - 286 - 289 - 290 - 293 - 294 - 295 - 296 - 298 - 299 - 300 - 301 - 304 - 306 - 308 - 309 - 310 - 311 - 314 - 315 - 317 - 319 - 320 - 323 - 325 - 326 - 328 - 331 - 332 - 335 - 339 - 342 - 344 - 346 - 347 - 353 - 356 - 357 - 358 - 360 - 361 - 362 - 363 - 364 - 365 - 366 - 369 - 370 - 371 - 372 - 374 - 375 - 376 - 377 - 379 - 380 - 382 - 383 - 386 - 387 - 389 - 391 - 392 - 393 - 394 - 399 - 400 - 403 - 406 - 407 - 409 - 412 - 413 - 416 - 417 - 420 - 422 - 424 - 426 - 433 - 435 - 437 - 438 - 439 - 440 - 442 - 444 - 445 - 447 - 449 - 450 - 451 - 452 - 453 - 455 - 458 - 460 - 461 - 462 - 463 - 466 - 467 - 468 - 469 - 471 - 473 - 474 - 475 - 478 - 480 - 484 - 487 - 488 - 489 - 490 - 492 - 493 - 496 - 498,16590652.1,1.0,92200,87625,51.03,Cost: 92200 & Capacity: 87625
0 - 1 - 2 - 4 - 5 - 8 - 9 - 10 - 12 - 14 - 15 - 16 - 18 - 20 - 21 - 22 - 23 - 24 - 27 - 28 - 30 - 31 - 32 - 33 - 36 - 39 - 40 - 41 - 42 - 44 - 45 - 46 - 48 - 49 - 51 - 52 - 54 - 55 - 57 - 58 - 59 - 61 - 65 - 66 - 67 - 68 - 69 - 71 - 75 - 76 - 77 - 78 - 80 - 81 - 83 - 84 - 85 - 87 - 88 - 89 - 91 - 92 - 94 - 99 - 101 - 102 - 103 - 105 - 107 - 110 - 111 - 112 - 113 - 114 - 115 - 117 - 118 - 119 - 127 - 129 - 132 - 135 - 137 - 138 - 139 - 142 - 144 - 145 - 146 - 148 - 149 - 150 - 152 - 155 - 156 - 157 - 161 - 163 - 167 - 171 - 172 - 174 - 175 - 176 - 178 - 179 - 182 - 183 - 185 - 188 - 190 - 191 - 192 - 194 - 196 - 197 - 198 - 199 - 200 - 201 - 202 - 203 - 204 - 205 - 206 - 207 - 208 - 211 - 213 - 214 - 216 - 217 - 218 - 219 - 220 - 221 - 222 - 223 - 224 - 230 - 231 - 232 - 233 - 235 - 236 - 237 - 239 - 240 - 241 - 242 - 243 - 244 - 247 - 250 - 251 - 252 - 254 - 257 - 258 - 260 - 264 - 266 - 268 - 269 - 270 - 271 - 272 - 274 - 275 - 276 - 278 - 281 - 282 - 283 - 284 - 286 - 288 - 289 - 290 - 293 - 294 - 295 - 298 - 299 - 300 - 301 - 302 - 303 - 304 - 305 - 306 - 308 - 309 - 310 - 312 - 313 - 314 - 315 - 317 - 319 - 320 - 321 - 323 - 324 - 325 - 326 - 328 - 329 - 332 - 338 - 339 - 340 - 342 - 344 - 347 - 356 - 357 - 358 - 360 - 361 - 362 - 363 - 364 - 365 - 366 - 367 - 371 - 373 - 374 - 375 - 377 - 380 - 381 - 383 - 386 - 387 - 388 - 389 - 390 - 391 - 392 - 393 - 394 - 399 - 400 - 406 - 407 - 408 - 409 - 411 - 413 - 415 - 416 - 417 - 418 - 420 - 422 - 424 - 426 - 427 - 430 - 433 - 435 - 437 - 438 - 439 - 440 - 444 - 445 - 447 - 449 - 450 - 451 - 452 - 458 - 461 - 462 - 463 - 466 - 467 - 474 - 475 - 478 - 479 - 480 - 483 - 484 - 487 - 489 - 490 - 492 - 493 - 496 - 498,21554348.8,0.1,92210,96471,51.52,Cost: 92210 & Capacity: 96471
0 - 1 - 2 - 4 - 5 - 8 - 9 - 10 - 12 - 14 - 15 - 16 - 18 - 20 - 21 - 23 - 24 - 27 - 28 - 30 - 32 - 33 - 36 - 39 - 40 - 41 - 44 - 46 - 48 - 49 - 51 - 52 - 54 - 55 - 57 - 58 - 59 - 61 - 64 - 65 - 66 - 67 - 68 - 69 - 75 - 76 - 77 - 78 - 81 - 84 - 85 - 87 - 88 - 89 - 91 - 92 - 94 - 99 - 101 - 103 - 105 - 107 - 108 - 110 - 111 - 112 - 113 - 114 - 115 - 117 - 118 - 119 - 122 - 127 - 129 - 131 - 132 - 135 - 136 - 137 - 138 - 139 - 142 - 144 - 145 - 146 - 148 - 149 - 150 - 152 - 155 - 156 - 157 - 163 - 167 - 171 - 172 - 174 - 175 - 176 - 177 - 178 - 179 - 183 - 185 - 188 - 190 - 191 - 192 - 194 - 196 - 197 - 198 - 199 - 200 - 201 - 202 - 203 - 204 - 205 - 206 - 207 - 208 - 210 - 211 - 213 - 214 - 216 - 217 - 219 - 221 - 222 - 223 - 224 - 226 - 230 - 231 - 233 - 235 - 236 - 237 - 240 - 241 - 242 - 243 - 244 - 247 - 250 - 251 - 254 - 257 - 258 - 260 - 264 - 266 - 268 - 269 - 270 - 271 - 272 - 274 - 275 - 276 - 278 - 281 - 283 - 284 - 286 - 288 - 289 - 290 - 293 - 294 - 295 - 298 - 299 - 300 - 301 - 302 - 303 - 304 - 305 - 306 - 307 - 308 - 309 - 310 - 311 - 312 - 313 - 314 - 315 - 317 - 319 - 320 - 321 - 323 - 324 - 325 - 326 - 328 - 329 - 332 - 338 - 339 - 340 - 342 - 344 - 347 - 357 - 358 - 360 - 361 - 362 - 363 - 364 - 365 - 366 - 370 - 371 - 373 - 374 - 375 - 377 - 380 - 381 - 383 - 386 - 387 - 389 - 390 - 391 - 392 - 393 - 394 - 399 - 400 - 406 - 407 - 409 - 411 - 413 - 416 - 417 - 418 - 420 - 422 - 424 - 426 - 427 - 429 - 433 - 435 - 437 - 438 - 439 - 440 - 444 - 445 - 447 - 449 - 450 - 451 - 452 - 458 - 461 - 462 - 463 - 466 - 467 - 468 - 472 - 474 - 475 - 478 - 479 - 480 - 484 - 487 - 489 - 490 - 492 - 493 - 496 - 498,20303626.9,0.8,92200,94951,55.67,Cost: 92200 & Capacity: 94951
0 - 1 - 2 - 4 - 5 - 8 - 9 - 10 - 12 - 14 - 15 - 16 - 18 - 20 - 21 - 22 - 23 - 24 - 27 - 28 - 30 - 31 - 32 - 33 - 36 - 39 - 40 - 41 - 42 - 44 - 45 - 46 - 48 - 49 - 51 - 52 - 54 - 55 - 57 - 58 - 59 - 61 - 65 - 66 - 67 - 68 - 69 - 71 - 75 - 76 - 77 - 78 - 80 - 81 - 83 - 84 - 85 - 87 - 88 - 89 - 91 - 92 - 94 - 99 - 101 - 102 - 103 - 105 - 107 - 110 - 111 - 112 - 113 - 114 - 115 - 117 - 118 - 119 - 127 - 129 - 132 - 135 - 137 - 138 - 139 - 142 - 144 - 145 - 146 - 148 - 149 - 150 - 152 - 155 - 156 - 157 - 161 - 163 - 167 - 171 - 172 - 174 - 175 - 176 - 178 - 179 - 182 - 183 - 185 - 188 - 190 - 191 - 192 - 194 - 196 - 197 - 198 - 199 - 200 - 201 - 202 - 203 - 204 - 205 - 206 - 207 - 208 - 211 - 213 - 214 - 216 - 217 - 218 - 219 - 220 - 221 - 222 - 223 - 224 - 230 - 231 - 232 - 233 - 235 - 236 - 237 - 239 - 240 - 241 - 242 - 243 - 244 - 247 - 250 - 251 - 252 - 254 - 257 - 258 - 260 - 264 - 266 - 268 - 269 - 270 - 271 - 272 - 274 - 275 - 276 - 278 - 281 - 282 - 283 - 284 - 286 - 288 - 289 - 290 - 293 - 294 - 295 - 298 - 299 - 300 - 301 - 302 - 303 - 304 - 305 - 306 - 308 - 309 - 310 - 312 - 313 - 314 - 315 - 317 - 319 - 320 - 321 - 323 - 324 - 325 - 326 - 328 - 329 - 332 - 338 - 339 - 340 - 342 - 344 - 347 - 356 - 357 - 358 - 360 - 361 - 362 - 363 - 364 - 365 - 366 - 367 - 371 - 373 - 374 - 375 - 377 - 380 - 381 - 383 - 386 - 387 - 388 - 389 - 390 - 391 - 392 - 393 - 394 - 399 - 400 - 406 - 407 - 408 - 409 - 411 - 413 - 415 - 416 - 417 - 418 - 420 - 422 - 424 - 426 - 427 - 430 - 433 - 435 - 437 - 438 - 439 - 440 - 444 - 445 - 447 - 449 - 450 - 451 - 452 - 458 - 461 - 462 - 463 - 466 - 467 - 474 - 475 - 478 - 479 - 480 - 483 - 484 - 487 - 489 - 490 - 492 - 493 - 496 - 498,21554348.8,0.1,92210,96471,55.99,Cost: 92210 & Capacity: 96471
1 - 3 - 8 - 9 - 13 - 21 - 23 - 24 - 27 - 28 - 31 - 32 - 33 - 41 - 44 - 45 - 46 - 49 - 50 - 51 - 55 - 57 - 58 - 67 - 69 - 72 - 81 - 82 - 84 - 85 - 91 - 92 - 97 - 100 - 103 - 104 - 113 - 114 - 115 - 118 - 119 - 130 - 131 - 135 - 136 - 139 - 140 - 146 - 148 - 156 - 157 - 163 - 166 - 170 - 172 - 176 - 177 - 178 - 183 - 184 - 186 - 187 - 190 - 191 - 192 - 194 - 198 - 200 - 204 - 206 - 207 - 208 - 210 - 211 - 212 - 213 - 221 - 223 - 226 - 229 - 230 - 231 - 233 - 236 - 238 - 239 - 242 - 243 - 250 - 251 - 253 - 254 - 256 - 257 - 260 - 262 - 267 - 268 - 270 - 271 - 272 - 273 - 275 - 282 - 283 - 286 - 291 - 293 - 294 - 297 - 299 - 301 - 305 - 307 - 308 - 309 - 311 - 313 - 314 - 317 - 324 - 325 - 332 - 334 - 335 - 338 - 339 - 342 - 345 - 346 - 347 - 352 - 357 - 358 - 362 - 363 - 364 - 365 - 367 - 372 - 377 - 380 - 381 - 383 - 385 - 386 - 387 - 389 - 390 - 391 - 393 - 394 - 397 - 399 - 407 - 409 - 410 - 412 - 413 - 416 - 419 - 420 - 421 - 422 - 424 - 425 - 426 - 427 - 429 - 433 - 437 - 444 - 445 - 447 - 450 - 452 - 457 - 458 - 461 - 464 - 465 - 466 - 468 - 470 - 472 - 473 - 476 - 479 - 484 - 487 - 489 - 490 - 493 - 494 - 498,9615067.0,8.4,92082,81879,57.09,Cost: 92082 & Capacity: 81879
0 - 1 - 2 - 4 - 5 - 8 - 9 - 10 - 12 - 14 - 15 - 16 - 18 - 20 - 21 - 22 - 23 - 24 - 27 - 28 - 30 - 31 - 32 - 33 - 36 - 39 - 40 - 41 - 42 - 44 - 45 - 46 - 48 - 49 - 51 - 52 - 54 - 55 - 57 - 58 - 59 - 61 - 65 - 66 - 67 - 68 - 69 - 71 - 75 - 76 - 77 - 78 - 80 - 81 - 83 - 84 - 85 - 87 - 88 - 89 - 91 - 92 - 94 - 99 - 101 - 102 - 103 - 105 - 107 - 110 - 111 - 112 - 113 - 114 - 115 - 117 - 118 - 119 - 127 - 129 - 132 - 135 - 137 - 138 - 139 - 142 - 144 - 145 - 146 - 148 - 149 - 150 - 152 - 155 - 156 - 157 - 161 - 163 - 167 - 171 - 172 - 174 - 175 - 176 - 178 - 179 - 182 - 183 - 185 - 188 - 190 - 191 - 192 - 194 - 196 - 197 - 198 - 199 - 200 - 201 - 202 - 203 - 204 - 205 - 206 - 207 - 208 - 211 - 213 - 214 - 216 - 217 - 218 - 219 - 220 - 221 - 222 - 223 - 224 - 230 - 231 - 232 - 233 - 235 - 236 - 237 - 239 - 240 - 241 - 242 - 243 - 244 - 247 - 250 - 251 - 252 - 254 - 257 - 258 - 260 - 264 - 266 - 268 - 269 - 270 - 271 - 272 - 274 - 275 - 276 - 278 - 281 - 282 - 283 - 284 - 286 - 288 - 289 - 290 - 293 - 294 - 295 - 298 - 299 - 300 - 301 - 302 - 303 - 304 - 305 - 306 - 308 - 309 - 310 - 312 - 313 - 314 - 315 - 317 - 319 - 320 - 321 - 323 - 324 - 325 - 326 - 328 - 329 - 332 - 338 - 339 - 340 - 342 - 344 - 347 - 356 - 357 - 358 - 360 - 361 - 362 - 363 - 364 - 365 - 366 - 367 - 371 - 373 - 374 - 375 - 377 - 380 - 381 - 383 - 386 - 387 - 388 - 389 - 390 - 391 - 392 - 393 - 394 - 399 - 400 - 406 - 407 - 408 - 409 - 411 - 413 - 415 - 416 - 417 - 418 - 420 - 422 - 424 - 426 - 427 - 430 - 433 - 435 - 437 - 438 - 439 - 440 - 444 - 445 - 447 - 449 - 450 - 451 - 452 - 458 - 461 - 462 - 463 - 466 - 467 - 474 - 475 - 478 - 479 - 480 - 483 - 484 - 487 - 489 - 490 - 492 - 493 - 496 - 498,21554348.8,0.1,92210,96471,62.3,Cost: 92210 & Capacity: 96471
0 - 3 - 13 - 15 - 23 - 24 - 30 - 31 - 32 - 33 - 40 - 41 - 44 - 45 - 47 - 50 - 51 - 55 - 58 - 59 - 60 - 64 - 69 - 75 - 78 - 81 - 84 - 86 - 91 - 107 - 109 - 113 - 116 - 119 - 120 - 122 - 123 - 125 - 127 - 131 - 134 - 135 - 136 - 138 - 139 - 142 - 143 - 151 - 152 - 155 - 157 - 162 - 166 - 169 - 170 - 172 - 173 - 174 - 176 - 177 - 178 - 182 - 190 - 192 - 194 - 195 - 197 - 199 - 200 - 201 - 210 - 211 - 213 - 215 - 221 - 222 - 223 - 230 - 231 - 233 - 234 - 236 - 237 - 239 - 240 - 242 - 245 - 248 - 250 - 251 - 256 - 257 - 260 - 261 - 262 - 267 - 268 - 270 - 271 - 280 - 281 - 282 - 285 - 286 - 287 - 288 - 294 - 299 - 305 - 308 - 311 - 314 - 319 - 323 - 325 - 328 - 334 - 338 - 345 - 346 - 351 - 358 - 362 - 364 - 377 - 379 - 380 - 383 - 384 - 386 - 391 - 394 - 397 - 400 - 406 - 407 - 409 - 410 - 411 - 412 - 413 - 419 - 422 - 424 - 426 - 433 - 437 - 438 - 439 - 442 - 444 - 449 - 451 - 452 - 453 - 454 - 456 - 457 - 458 - 462 - 464 - 465 - 466 - 469 - 473 - 474 - 476 - 480 - 482 - 487 - 488 - 489 - 490 - 493 - 494,7923068.2,10.3,92190,82151,65.05,Cost: 92190 & Capacity: 82151
0 - 1 - 2 - 4 - 5 - 8 - 9 - 10 - 12 - 14 - 15 - 16 - 18 - 20 - 21 - 22 - 23 - 24 - 27 - 28 - 30 - 31 - 32 - 33 - 36 - 39 - 40 - 41 - 42 - 44 - 45 - 46 - 48 - 49 - 51 - 52 - 54 - 55 - 57 - 58 - 59 - 61 - 65 - 66 - 67 - 68 - 69 - 71 - 75 - 76 - 77 - 78 - 80 - 81 - 83 - 84 - 85 - 87 - 88 - 89 - 91 - 92 - 94 - 99 - 101 - 102 - 103 - 105 - 107 - 110 - 111 - 112 - 113 - 114 - 115 - 117 - 118 - 119 - 127 - 129 - 132 - 135 - 137 - 138 - 139 - 142 - 144 - 145 - 146 - 148 - 149 - 150 - 152 - 155 - 156 - 157 - 161 - 163 - 167 - 171 - 172 - 174 - 175 - 176 - 178 - 179 - 182 - 183 - 185 - 188 - 190 - 191 - 192 - 194 - 196 - 197 - 198 - 199 - 200 - 201 - 202 - 203 - 204 - 205 - 206 - 207 - 208 - 211 - 213 - 214 - 216 - 217 - 218 - 219 - 220 - 221 - 222 - 223 - 224 - 230 - 231 - 232 - 233 - 235 - 236 - 237 - 239 - 240 - 241 - 242 - 243 - 244 - 247 - 250 - 251 - 252 - 254 - 257 - 258 - 260 - 264 - 266 - 268 - 269 - 270 - 271 - 272 - 274 - 275 - 276 - 278 - 281 - 282 - 283 - 284 - 286 - 288 - 289 - 290 - 293 - 294 - 295 - 298 - 299 - 300 - 301 - 302 - 303 - 304 - 305 - 306 - 308 - 309 - 310 - 312 - 313 - 314 - 315 - 317 - 319 - 320 - 321 - 323 - 324 - 325 - 326 - 328 - 329 - 332 - 338 - 339 - 340 - 342 - 344 - 347 - 356 - 357 - 358 - 360 - 361 - 362 - 363 - 364 - 365 - 366 - 367 - 371 - 373 - 374 - 375 - 377 - 380 - 381 - 383 - 386 - 387 - 388 - 389 - 390 - 391 - 392 - 393 - 394 - 399 - 400 - 406 - 407 - 408 - 409 - 411 - 413 - 415 - 416 - 417 - 418 - 420 - 422 - 424 - 426 - 427 - 430 - 433 - 435 - 437 - 438 - 439 - 440 - 444 - 445 - 447 - 449 - 450 - 451 - 452 - 458 - 461 - 462 - 463 - 466 - 467 - 474 - 475 - 478 - 479 - 480 - 483 - 484 - 487 - 489 - 490 - 492 - 493 - 496 - 498,21554348.8,0.1,92210,96471,65.55,Cost: 92210 & Capacity: 96471
0 - 1 - 2 - 4 - 5 - 8 - 9 - 10 - 12 - 14 - 15 - 16 - 18 - 20 - 21 - 22 - 23 - 24 - 27 - 28 - 30 - 31 - 32 - 33 - 36 - 39 - 40 - 41 - 42 - 44 - 45 - 46 - 48 - 49 - 51 - 52 - 54 - 55 - 57 - 58 - 59 - 61 - 65 - 66 - 67 - 68 - 69 - 71 - 75 - 76 - 77 - 78 - 80 - 81 - 83 - 84 - 85 - 87 - 88 - 89 - 91 - 92 - 94 - 99 - 101 - 102 - 103 - 105 - 107 - 110 - 111 - 112 - 113 - 114 - 115 - 117 - 118 - 119 - 127 - 129 - 132 - 135 - 137 - 138 - 139 - 142 - 144 - 145 - 146 - 148 - 149 - 150 - 152 - 155 - 156 - 157 - 161 - 163 - 167 - 171 - 172 - 174 - 175 - 176 - 178 - 179 - 182 - 183 - 185 - 188 - 190 - 191 - 192 - 194 - 196 - 197 - 198 - 199 - 200 - 201 - 202 - 203 - 204 - 205 - 206 - 207 - 208 - 211 - 213 - 214 - 216 - 217 - 218 - 219 - 220 - 221 - 222 - 223 - 224 - 230 - 231 - 232 - 233 - 235 - 236 - 237 - 239 - 240 - 241 - 242 - 243 - 244 - 247 - 250 - 251 - 252 - 254 - 257 - 258 - 260 - 264 - 266 - 268 - 269 - 270 - 271 - 272 - 274 - 275 - 276 - 278 - 281 - 282 - 283 - 284 - 286 - 288 - 289 - 290 - 293 - 294 - 295 - 298 - 299 - 300 - 301 - 302 - 303 - 304 - 305 - 306 - 308 - 309 - 310 - 312 - 313 - 314 - 315 - 317 - 319 - 320 - 321 - 323 - 324 - 325 - 326 - 328 - 329 - 332 - 338 - 339 - 340 - 342 - 344 - 347 - 356 - 357 - 358 - 360 - 361 - 362 - 363 - 364 - 365 - 366 - 367 - 371 - 373 - 374 - 375 - 377 - 380 - 381 - 383 - 386 - 387 - 388 - 389 - 390 - 391 - 392 - 393 - 394 - 399 - 400 - 406 - 407 - 408 - 409 - 411 - 413 - 415 - 416 - 417 - 418 - 420 - 422 - 424 - 426 - 427 - 430 - 433 - 435 - 437 - 438 - 439 - 440 - 444 - 445 - 447 - 449 - 450 - 451 - 452 - 458 - 461 - 462 - 463 - 466 - 467 - 474 - 475 - 478 - 479 - 480 - 483 - 484 - 487 - 489 - 490 - 492 - 493 - 496 - 498,21554348.8,0.1,92210,96471,66.86,Cost: 92210 & Capacity: 96471
1 - 3 - 6 - 7 - 8 - 13 - 23 - 31 - 32 - 40 - 41 - 44 - 46 - 50 - 53 - 56 - 66 - 69 - 73 - 81 - 91 - 95 - 97 - 98 - 100 - 103 - 104 - 107 - 109 - 118 - 121 - 122 - 127 - 129 - 131 - 140 - 141 - 148 - 152 - 155 - 157 - 158 - 166 - 167 - 169 - 170 - 172 - 182 - 184 - 191 - 197 - 198 - 200 - 210 - 214 - 215 - 217 - 221 - 222 - 223 - 233 - 236 - 238 - 248 - 250 - 251 - 256 - 261 - 262 - 266 - 268 - 271 - 273 - 276 - 279 - 280 - 286 - 287 - 288 - 294 - 296 - 299 - 301 - 305 - 308 - 311 - 315 - 319 - 320 - 323 - 328 - 332 - 345 - 346 - 351 - 352 - 354 - 357 - 362 - 377 - 384 - 386 - 390 - 392 - 393 - 400 - 401 - 404 - 410 - 413 - 416 - 419 - 425 - 426 - 427 - 432 - 433 - 435 - 439 - 441 - 445 - 450 - 452 - 453 - 457 - 458 - 461 - 462 - 464 - 471 - 476 - 480 - 482 - 483 - 484 - 486 - 487 - 488 - 490 - 492 - 493 - 494 - 495 - 498,5265301.0,16.8,87267,69968,67.24,Cost: 87267 & Capacity: 69968
0 - 1 - 2 - 5 - 8 - 9 - 10 - 12 - 14 - 15 - 16 - 18 - 20 - 21 - 22 - 23 - 24 - 27 - 28 - 30 - 32 - 33 - 36 - 39 - 40 - 41 - 42 - 44 - 45 - 48 - 49 - 52 - 54 - 55 - 57 - 58 - 59 - 61 - 63 - 65 - 66 - 67 - 68 - 69 - 71 - 75 - 76 - 77 - 78 - 80 - 81 - 83 - 84 - 85 - 88 - 89 - 91 - 92 - 94 - 99 - 101 - 102 - 103 - 105 - 107 - 110 - 111 - 112 - 113 - 114 - 115 - 117 - 118 - 119 - 125 - 127 - 129 - 130 - 132 - 135 - 137 - 138 - 139 - 142 - 144 - 145 - 146 - 148 - 149 - 150 - 152 - 155 - 156 - 157 - 161 - 163 - 164 - 167 - 171 - 172 - 174 - 175 - 176 - 178 - 179 - 182 - 183 - 185 - 188 - 190 - 191 - 192 - 194 - 196 - 197 - 198 - 199 - 200 - 202 - 203 - 205 - 206 - 207 - 208 - 211 - 213 - 214 - 216 - 217 - 218 - 219 - 221 - 222 - 223 - 224 - 230 - 231 - 232 - 233 - 235 - 236 - 237 - 239 - 240 - 241 - 242 - 243 - 244 - 247 - 250 - 251 - 252 - 254 - 257 - 258 - 260 - 264 - 266 - 268 - 269 - 270 - 271 - 272 - 274 - 275 - 276 - 278 - 281 - 282 - 283 - 284 - 286 - 288 - 289 - 290 - 293 - 294 - 295 - 298 - 299 - 300 - 301 - 302 - 303 - 304 - 305 - 306 - 308 - 309 - 310 - 312 - 313 - 314 - 315 - 317 - 319 - 320 - 321 - 323 - 324 - 325 - 326 - 328 - 329 - 332 - 338 - 339 - 340 - 342 - 344 - 347 - 356 - 357 - 358 - 360 - 361 - 362 - 363 - 365 - 366 - 367 - 371 - 373 - 374 - 375 - 377 - 380 - 381 - 383 - 386 - 387 - 388 - 389 - 390 - 391 - 392 - 393 - 394 - 399 - 400 - 406 - 407 - 408 - 409 - 413 - 415 - 416 - 417 - 418 - 420 - 422 - 424 - 426 - 427 - 429 - 430 - 433 - 435 - 437 - 438 - 439 - 440 - 444 - 445 - 447 - 449 - 450 - 452 - 458 - 461 - 462 - 463 - 466 - 467 - 474 - 478 - 479 - 480 - 483 - 484 - 487 - 489 - 490 - 492 - 493 - 496 - 498,20489087.2,0.1,87290,91233,67.41,Cost: 87290 & Capacity: 91233
0 - 1 - 2 - 4 - 5 - 8 - 9 - 10 - 12 - 14 - 15 - 16 - 18 - 20 - 21 - 22 - 23 - 24 - 27 - 28 - 30 - 31 - 32 - 33 - 36 - 39 - 40 - 41 - 42 - 44 - 45 - 46 - 48 - 49 - 51 - 52 - 54 - 55 - 57 - 58 - 59 - 61 - 65 - 66 - 67 - 68 - 69 - 71 - 75 - 76 - 77 - 78 - 80 - 81 - 83 - 84 - 85 - 87 - 88 - 89 - 91 - 92 - 94 - 99 - 101 - 102 - 103 - 105 - 107 - 110 - 111 - 112 - 113 - 114 - 115 - 117 - 118 - 119 - 127 - 129 - 132 - 135 - 137 - 138 - 139 - 142 - 144 - 145 - 146 - 148 - 149 - 150 - 152 - 155 - 156 - 157 - 161 - 163 - 167 - 171 - 172 - 174 - 175 - 176 - 178 - 179 - 182 - 183 - 185 - 188 - 190 - 191 - 192 - 194 - 196 - 197 - 198 - 199 - 200 - 201 - 202 - 203 - 204 - 205 - 206 - 207 - 208 - 211 - 213 - 214 - 216 - 217 - 218 - 219 - 220 - 221 - 222 - 223 - 224 - 230 - 231 - 232 - 233 - 235 - 236 - 237 - 239 - 240 - 241 - 242 - 243 - 244 - 247 - 250 - 251 - 252 - 254 - 257 - 258 - 260 - 264 - 266 - 268 - 269 - 270 - 271 - 272 - 274 - 275 - 276 - 278 - 281 - 282 - 283 - 284 - 286 - 288 - 289 - 290 - 293 - 294 - 295 - 298 - 299 - 300 - 301 - 302 - 303 - 304 - 305 - 306 - 308 - 309 - 310 - 312 - 313 - 314 - 315 - 317 - 319 - 320 - 321 - 323 - 324 - 325 - 326 - 328 - 329 - 332 - 338 - 339 - 340 - 342 - 344 - 347 - 356 - 357 - 358 - 360 - 361 - 362 - 363 - 364 - 365 - 366 - 367 - 371 - 373 - 374 - 375 - 377 - 380 - 381 - 383 - 386 - 387 - 388 - 389 - 390 - 391 - 392 - 393 - 394 - 399 - 400 - 406 - 407 - 408 - 409 - 411 - 413 - 415 - 416 - 417 - 418 - 420 - 422 - 424 - 426 - 427 - 430 - 433 - 435 - 437 - 438 - 439 - 440 - 444 - 445 - 447 - 449 - 450 - 451 - 452 - 458 - 461 - 462 - 463 - 466 - 467 - 474 - 475 - 478 - 479 - 480 - 483 - 484 - 487 - 489 - 490 - 492 - 493 - 496 - 498,21554348.8,0.1,92210,96471,67.6,Cost: 92210 & Capacity: 96471
3 - 7 - 12 - 22 - 31 - 49 - 51 - 52 - 59 - 60 - 67 - 73 - 78 - 96 - 97 - 98 - 100 - 108 - 112 - 115 - 116 - 117 - 118 - 119 - 120 - 123 - 127 - 131 - 147 - 150 - 163 - 172 - 177 - 184 - 187 - 188 - 189 - 196 - 197 - 198 - 199 - 201 - 203 - 206 - 212 - 213 - 214 - 220 - 227 - 230 - 236 - 248 - 255 - 256 - 266 - 269 - 272 - 278 - 281 - 282 - 286 - 292 - 294 - 295 - 310 - 317 - 324 - 329 - 332 - 335 - 338 - 340 - 341 - 345 - 346 - 350 - 354 - 355 - 360 - 362 - 363 - 364 - 366 - 371 - 377 - 384 - 386 - 388 - 397 - 402 - 418 - 422 - 429 - 433 - 437 - 439 - 445 - 450 - 453 - 454 - 455 - 456 - 459 - 466 - 474 - 482 - 486 - 487 - 493 - 494 - 496,3173085.6,26.0,59160,50388,68.15,Cost: 59160 & Capacity: 50388
0 - 1 - 2 - 4 - 5 - 8 - 9 - 10 - 12 - 14 - 15 - 16 - 18 - 20 - 21 - 22 - 23 - 24 - 27 - 28 - 30 - 31 - 32 - 33 - 36 - 39 - 40 - 41 - 42 - 44 - 45 - 46 - 48 - 49 - 51 - 52 - 54 - 55 - 57 - 58 - 59 - 61 - 65 - 66 - 67 - 68 - 69 - 71 - 75 - 76 - 77 - 78 - 80 - 81 - 83 - 84 - 85 - 87 - 88 - 89 - 91 - 92 - 94 - 99 - 101 - 102 - 103 - 105 - 107 - 110 - 111 - 112 - 113 - 114 - 115 - 117 - 118 - 119 - 127 - 129 - 132 - 135 - 137 - 138 - 139 - 142 - 144 - 145 - 146 - 148 - 149 - 150 - 152 - 155 - 156 - 157 - 161 - 163 - 167 - 171 - 172 - 174 - 175 - 176 - 178 - 179 - 182 - 183 - 185 - 188 - 190 - 191 - 192 - 194 - 196 - 197 - 198 - 199 - 200 - 201 - 202 - 203 - 204 - 205 - 206 - 207 - 208 - 211 - 213 - 214 - 216 - 217 - 218 - 219 - 220 - 221 - 222 - 223 - 224 - 230 - 231 - 232 - 233 - 235 - 236 - 237 - 239 - 240 - 241 - 242 - 243 - 244 - 247 - 250 - 251 - 252 - 254 - 257 - 258 - 260 - 264 - 266 - 268 - 269 - 270 - 271 - 272 - 274 - 275 - 276 - 278 - 281 - 282 - 283 - 284 - 286 - 288 - 289 - 290 - 293 - 294 - 295 - 298 - 299 - 300 - 301 - 302 - 303 - 304 - 305 - 306 - 308 - 309 - 310 - 312 - 313 - 314 - 315 - 317 - 319 - 320 - 321 - 323 - 324 - 325 - 326 - 328 - 329 - 332 - 338 - 339 - 340 - 342 - 344 - 347 - 356 - 357 - 358 - 360 - 361 - 362 - 363 - 364 - 365 - 366 - 367 - 371 - 373 - 374 - 375 - 377 - 380 - 381 - 383 - 386 - 387 - 388 - 389 - 390 - 391 - 392 - 393 - 394 - 399 - 400 - 406 - 407 - 408 - 409 - 411 - 413 - 415 - 416 - 417 - 418 - 420 - 422 - 424 - 426 - 427 - 430 - 433 - 435 - 437 - 438 - 439 - 440 - 444 - 445 - 447 - 449 - 450 - 451 - 452 - 458 - 461 - 462 - 463 - 466 - 467 - 474 - 475 - 478 - 479 - 480 - 483 - 484 - 487 - 489 - 490 - 492 - 493 - 496 - 498,21554348.8,0.1,92210,96471,70.27,Cost: 92210 & Capacity: 96471
0 - 1 - 2 - 4 - 5 - 8 - 9 - 10 - 12 - 14 - 15 - 16 - 18 - 20 - 21 - 22 - 23 - 24 - 27 - 28 - 30 - 31 - 32 - 33 - 36 - 39 - 40 - 41 - 42 - 44 - 45 - 46 - 48 - 49 - 51 - 52 - 54 - 55 - 57 - 58 - 59 - 61 - 65 - 66 - 67 - 68 - 69 - 71 - 75 - 76 - 77 - 78 - 80 - 81 - 83 - 84 - 85 - 87 - 88 - 89 - 91 - 92 - 94 - 99 - 101 - 102 - 103 - 105 - 107 - 110 - 111 - 112 - 113 - 114 - 115 - 117 - 118 - 119 - 127 - 129 - 132 - 135 - 137 - 138 - 139 - 142 - 144 - 145 - 146 - 148 - 149 - 150 - 152 - 155 - 156 - 157 - 161 - 163 - 167 - 171 - 172 - 174 - 175 - 176 - 178 - 179 - 182 - 183 - 185 - 188 - 190 - 191 - 192 - 194 - 196 - 197 - 198 - 199 - 200 - 201 - 202 - 203 - 204 - 205 - 206 - 207 - 208 - 211 - 213 - 214 - 216 - 217 - 218 - 219 - 220 - 221 - 222 - 223 - 224 - 230 - 231 - 232 - 233 - 235 - 236 - 237 - 239 - 240 - 241 - 242 - 243 - 244 - 247 - 250 - 251 - 252 - 254 - 257 - 258 - 260 - 264 - 266 - 268 - 269 - 270 - 271 - 272 - 274 - 275 - 276 - 278 - 281 - 282 - 283 - 284 - 286 - 288 - 289 - 290 - 293 - 294 - 295 - 298 - 299 - 300 - 301 - 302 - 303 - 304 - 305 - 306 - 308 - 309 - 310 - 312 - 313 - 314 - 315 - 317 - 319 - 320 - 321 - 323 - 324 - 325 - 326 - 328 - 329 - 332 - 338 - 339 - 340 - 342 - 344 - 347 - 356 - 357 - 358 - 360 - 361 - 362 - 363 - 364 - 365 - 366 - 367 - 371 - 373 - 374 - 375 - 377 - 380 - 381 - 383 - 386 - 387 - 388 - 389 - 390 - 391 - 392 - 393 - 394 - 399 - 400 - 406 - 407 - 408 - 409 - 411 - 413 - 415 - 416 - 417 - 418 - 420 - 422 - 424 - 426 - 427 - 430 - 433 - 435 - 437 - 438 - 439 - 440 - 444 - 445 - 447 - 449 - 450 - 451 - 452 - 458 - 461 - 462 - 463 - 466 - 467 - 474 - 475 - 478 - 479 - 480 - 483 - 484 - 487 - 489 - 490 - 492 - 493 - 496 - 498,21554348.8,0.1,92210,96471,71.81,Cost: 92210 & Capacity: 96471
1 - 5 - 7 - 8 - 9 - 10 - 12 - 16 - 18 - 23 - 24 - 27 - 28 - 30 - 31 - 32 - 33 - 36 - 39 - 40 - 41 - 44 - 46 - 47 - 48 - 50 - 51 - 52 - 54 - 55 - 57 - 58 - 59 - 60 - 64 - 65 - 66 - 67 - 68 - 69 - 76 - 77 - 78 - 80 - 81 - 84 - 87 - 91 - 92 - 94 - 96 - 100 - 101 - 103 - 105 - 107 - 110 - 113 - 114 - 115 - 118 - 119 - 120 - 122 - 126 - 127 - 129 - 130 - 131 - 132 - 135 - 136 - 138 - 139 - 142 - 144 - 145 - 146 - 148 - 149 - 155 - 157 - 163 - 172 - 176 - 177 - 178 - 179 - 183 - 185 - 190 - 191 - 192 - 194 - 196 - 197 - 198 - 199 - 201 - 202 - 204 - 205 - 206 - 210 - 211 - 213 - 214 - 217 - 221 - 222 - 223 - 224 - 225 - 226 - 229 - 230 - 231 - 233 - 236 - 237 - 240 - 241 - 242 - 243 - 244 - 246 - 250 - 251 - 252 - 254 - 255 - 257 - 258 - 260 - 264 - 266 - 268 - 270 - 271 - 272 - 274 - 276 - 278 - 281 - 282 - 283 - 284 - 286 - 288 - 289 - 290 - 293 - 294 - 298 - 299 - 300 - 304 - 305 - 307 - 308 - 309 - 310 - 311 - 312 - 313 - 315 - 317 - 319 - 323 - 324 - 325 - 326 - 328 - 329 - 332 - 334 - 338 - 340 - 342 - 344 - 345 - 347 - 356 - 357 - 358 - 360 - 361 - 362 - 363 - 365 - 370 - 371 - 374 - 375 - 377 - 379 - 380 - 381 - 383 - 386 - 387 - 388 - 391 - 393 - 394 - 399 - 404 - 405 - 406 - 407 - 408 - 409 - 411 - 413 - 416 - 417 - 418 - 420 - 422 - 424 - 425 - 426 - 427 - 433 - 435 - 437 - 438 - 439 - 444 - 445 - 447 - 449 - 450 - 451 - 453 - 454 - 458 - 462 - 464 - 467 - 471 - 472 - 474 - 475 - 478 - 479 - 480 - 484 - 487 - 489 - 490 - 492 - 493 - 494 - 496 - 498,16470152.7,2.3,92183,93592,72.57,Cost: 92183 & Capacity: 93592
0 - 1 - 2 - 4 - 5 - 8 - 9 - 10 - 12 - 14 - 15 - 16 - 18 - 20 - 21 - 22 - 23 - 24 - 27 - 28 - 30 - 31 - 32 - 33 - 36 - 39 - 40 - 41 - 42 - 44 - 45 - 46 - 48 - 49 - 51 - 52 - 54 - 55 - 57 - 58 - 59 - 61 - 65 - 66 - 67 - 68 - 69 - 71 - 75 - 76 - 77 - 78 - 80 - 81 - 83 - 84 - 85 - 87 - 88 - 89 - 91 - 92 - 94 - 99 - 101 - 102 - 103 - 105 - 107 - 110 - 111 - 112 - 113 - 114 - 115 - 117 - 118 - 119 - 127 - 129 - 132 - 135 - 137 - 138 - 139 - 142 - 144 - 145 - 146 - 148 - 149 - 150 - 152 - 155 - 156 - 157 - 161 - 163 - 167 - 171 - 172 - 174 - 175 - 176 - 178 - 179 - 182 - 183 - 185 - 188 - 190 - 191 - 192 - 194 - 196 - 197 - 198 - 199 - 200 - 201 - 202 - 203 - 204 - 205 - 206 - 207 - 208 - 211 - 213 - 214 - 216 - 217 - 218 - 219 - 220 - 221 - 222 - 223 - 224 - 230 - 231 - 232 - 233 - 235 - 236 - 237 - 239 - 240 - 241 - 242 - 243 - 244 - 247 - 250 - 251 - 252 - 254 - 257 - 258 - 260 - 264 - 266 - 268 - 269 - 270 - 271 - 272 - 274 - 275 - 276 - 278 - 281 - 282 - 283 - 284 - 286 - 288 - 289 - 290 - 293 - 294 - 295 - 298 - 299 - 300 - 301 - 302 - 303 - 304 - 305 - 306 - 308 - 309 - 310 - 312 - 313 - 314 - 315 - 317 - 319 - 320 - 321 - 323 - 324 - 325 - 326 - 328 - 329 - 332 - 338 - 339 - 340 - 342 - 344 - 347 - 356 - 357 - 358 - 360 - 361 - 362 - 363 - 364 - 365 - 366 - 367 - 371 - 373 - 374 - 375 - 377 - 380 - 381 - 383 - 386 - 387 - 388 - 389 - 390 - 391 - 392 - 393 - 394 - 399 - 400 - 406 - 407 - 408 - 409 - 411 - 413 - 415 - 416 - 417 - 418 - 420 - 422 - 424 - 426 - 427 - 430 - 433 - 435 - 437 - 438 - 439 - 440 - 444 - 445 - 447 - 449 - 450 - 451 - 452 - 458 - 461 - 462 - 463 - 466 - 467 - 474 - 475 - 478 - 479 - 480 - 483 - 484 - 487 - 489 - 490 - 492 - 493 - 496 - 498,21554348.8,0.1,92210,96471,73.94,Cost: 92210 & Capacity: 96471
0 - 1 - 2 - 4 - 5 - 8 - 9 - 10 - 12 - 14 - 15 - 16 - 18 - 20 - 21 - 22 - 23 - 24 - 27 - 28 - 30 - 31 - 32 - 33 - 36 - 39 - 40 - 41 - 42 - 44 - 45 - 46 - 48 - 49 - 51 - 52 - 54 - 55 - 57 - 58 - 59 - 61 - 65 - 66 - 67 - 68 - 69 - 71 - 75 - 76 - 77 - 78 - 80 - 81 - 83 - 84 - 85 - 87 - 88 - 89 - 91 - 92 - 94 - 99 - 101 - 102 - 103 - 105 - 107 - 110 - 111 - 112 - 113 - 114 - 115 - 117 - 118 - 119 - 127 - 129 - 132 - 135 - 137 - 138 - 139 - 142 - 144 - 145 - 146 - 148 - 149 - 150 - 152 - 155 - 156 - 157 - 161 - 163 - 167 - 171 - 172 - 174 - 175 - 176 - 178 - 179 - 182 - 183 - 185 - 188 - 190 - 191 - 192 - 194 - 196 - 197 - 198 - 199 - 200 - 201 - 202 - 203 - 204 - 205 - 206 - 207 - 208 - 211 - 213 - 214 - 216 - 217 - 218 - 219 - 220 - 221 - 222 - 223 - 224 - 230 - 231 - 232 - 233 - 235 - 236 - 237 - 239 - 240 - 241 - 242 - 243 - 244 - 247 - 250 - 251 - 252 - 254 - 257 - 258 - 260 - 264 - 266 - 268 - 269 - 270 - 271 - 272 - 274 - 275 - 276 - 278 - 281 - 282 - 283 - 284 - 286 - 288 - 289 - 290 - 293 - 294 - 295 - 298 - 299 - 300 - 301 - 302 - 303 - 304 - 305 - 306 - 308 - 309 - 310 - 312 - 313 - 314 - 315 - 317 - 319 - 320 - 321 - 323 - 324 - 325 - 326 - 328 - 329 - 332 - 338 - 339 - 340 - 342 - 344 - 347 - 356 - 357 - 358 - 360 - 361 - 362 - 363 - 364 - 365 - 366 - 367 - 371 - 373 - 374 - 375 - 377 - 380 - 381 - 383 - 386 - 387 - 388 - 389 - 390 - 391 - 392 - 393 - 394 - 399 - 400 - 406 - 407 - 408 - 409 - 411 - 413 - 415 - 416 - 417 - 418 - 420 - 422 - 424 - 426 - 427 - 430 - 433 - 435 - 437 - 438 - 439 - 440 - 444 - 445 - 447 - 449 - 450 - 451 - 452 - 458 - 461 - 462 - 463 - 466 - 467 - 474 - 475 - 478 - 479 - 480 - 483 - 484 - 487 - 489 - 490 - 492 - 493 - 496 - 498,21554348.8,0.1,92210,96471,75.89,Cost: 92210 & Capacity: 96471
0 - 1 - 2 - 5 - 8 - 9 - 10 - 12 - 14 - 15 - 16 - 18 - 20 - 21 - 22 - 23 - 24 - 27 - 28 - 30 - 32 - 33 - 36 - 39 - 40 - 41 - 42 - 44 - 45 - 48 - 49 - 52 - 54 - 55 - 57 - 58 - 59 - 61 - 63 - 65 - 66 - 67 - 68 - 69 - 71 - 75 - 76 - 77 - 78 - 80 - 81 - 83 - 84 - 85 - 88 - 89 - 91 - 92 - 94 - 99 - 101 - 102 - 103 - 105 - 107 - 110 - 111 - 112 - 113 - 114 - 115 - 117 - 118 - 119 - 125 - 127 - 129 - 130 - 132 - 135 - 137 - 138 - 139 - 142 - 144 - 145 - 146 - 148 - 149 - 150 - 152 - 155 - 156 - 157 - 161 - 163 - 164 - 167 - 171 - 172 - 174 - 175 - 176 - 178 - 179 - 182 - 183 - 185 - 188 - 190 - 191 - 192 - 194 - 196 - 197 - 198 - 199 - 200 - 202 - 203 - 205 - 206 - 207 - 208 - 211 - 213 - 214 - 216 - 217 - 218 - 219 - 220 - 221 - 222 - 223 - 224 - 230 - 231 - 232 - 233 - 235 - 236 - 237 - 239 - 240 - 241 - 242 - 243 - 244 - 247 - 250 - 251 - 252 - 254 - 257 - 258 - 260 - 264 - 266 - 268 - 269 - 270 - 271 - 272 - 274 - 275 - 276 - 278 - 281 - 282 - 283 - 284 - 286 - 288 - 289 - 290 - 293 - 294 - 295 - 298 - 299 - 300 - 301 - 302 - 303 - 304 - 305 - 306 - 308 - 309 - 310 - 312 - 313 - 314 - 315 - 317 - 319 - 320 - 321 - 323 - 324 - 325 - 326 - 328 - 329 - 332 - 338 - 339 - 340 - 342 - 344 - 347 - 356 - 357 - 358 - 360 - 361 - 362 - 363 - 365 - 366 - 367 - 371 - 373 - 374 - 375 - 377 - 380 - 381 - 383 - 386 - 387 - 388 - 389 - 390 - 391 - 392 - 393 - 394 - 399 - 400 - 406 - 407 - 408 - 409 - 413 - 415 - 416 - 417 - 418 - 420 - 422 - 424 - 426 - 427 - 429 - 430 - 433 - 435 - 437 - 438 - 439 - 440 - 444 - 445 - 447 - 449 - 450 - 452 - 458 - 461 - 462 - 463 - 466 - 467 - 474 - 478 - 479 - 480 - 483 - 484 - 487 - 489 - 490 - 492 - 493 - 496 - 498,20630763.0,0.1,87903,91808,75.84,Cost: 87903 & Capacity: 91808
0 - 1 - 2 - 5 - 8 - 9 - 10 - 12 - 14 - 15 - 16 - 18 - 20 - 21 - 22 - 23 - 24 - 27 - 28 - 30 - 32 - 33 - 36 - 39 - 40 - 41 - 42 - 44 - 45 - 48 - 49 - 52 - 54 - 55 - 57 - 58 - 59 - 61 - 63 - 65 - 66 - 67 - 68 - 69 - 71 - 75 - 76 - 77 - 78 - 80 - 81 - 83 - 84 - 85 - 88 - 89 - 91 - 92 - 94 - 99 - 101 - 102 - 103 - 105 - 107 - 110 - 111 - 112 - 113 - 114 - 115 - 117 - 118 - 119 - 125 - 127 - 129 - 130 - 132 - 135 - 137 - 138 - 139 - 142 - 144 - 145 - 146 - 148 - 149 - 150 - 152 - 155 - 156 - 157 - 161 - 163 - 164 - 167 - 171 - 172 - 174 - 175 - 176 - 178 - 179 - 182 - 183 - 185 - 188 - 190 - 191 - 192 - 194 - 196 - 197 - 198 - 199 - 200 - 202 - 203 - 205 - 206 - 207 - 208 - 211 - 213 - 214 - 216 - 217 - 218 - 219 - 220 - 221 - 222 - 223 - 224 - 230 - 231 - 232 - 233 - 235 - 236 - 237 - 239 - 240 - 241 - 242 - 243 - 244 - 247 - 250 - 251 - 252 - 254 - 257 - 258 - 260 - 264 - 266 - 268 - 269 - 270 - 271 - 272 - 274 - 275 - 276 - 278 - 281 - 282 - 283 - 284 - 286 - 288 - 289 - 290 - 293 - 294 - 295 - 298 - 299 - 300 - 301 - 302 - 303 - 304 - 305 - 306 - 308 - 309 - 310 - 312 - 313 - 314 - 315 - 317 - 319 - 320 - 321 - 323 - 324 - 325 - 326 - 328 - 329 - 332 - 338 - 339 - 340 - 342 - 344 - 347 - 356 - 357 - 358 - 360 - 361 - 362 - 363 - 364 - 365 - 366 - 367 - 371 - 373 - 374 - 375 - 377 - 380 - 381 - 383 - 386 - 387 - 388 - 389 - 390 - 391 - 392 - 393 - 394 - 399 - 400 - 406 - 407 - 408 - 409 - 413 - 415 - 416 - 417 - 418 - 420 - 422 - 424 - 426 - 427 - 429 - 430 - 433 - 435 - 437 - 438 - 439 - 440 - 444 - 445 - 447 - 449 - 450 - 452 - 458 - 461 - 462 - 463 - 466 - 467 - 474 - 478 - 479 - 480 - 483 - 484 - 487 - 489 - 490 - 492 - 493 - 496 - 498,20775232.2,0.1,88530,92299,75.84,Cost: 88530 & Capacity: 92299
0 - 1 - 2 - 5 - 8 - 9 - 10 - 12 - 14 - 15 - 16 - 18 - 20 - 21 - 22 - 23 - 24 - 27 - 28 - 30 - 32 - 33 - 36 - 39 - 40 - 41 - 42 - 44 - 45 - 46 - 48 - 49 - 52 - 54 - 55 - 57 - 58 - 59 - 61 - 63 - 65 - 66 - 67 - 68 - 69 - 71 - 75 - 76 - 77 - 78 - 80 - 81 - 83 - 84 - 85 - 88 - 89 - 91 - 92 - 94 - 99 - 101 - 102 - 103 - 105 - 107 - 110 - 111 - 112 - 113 - 114 - 115 - 117 - 118 - 119 - 125 - 127 - 129 - 130 - 132 - 135 - 137 - 138 - 139 - 142 - 144 - 145 - 146 - 148 - 149 - 150 - 152 - 155 - 156 - 157 - 161 - 163 - 164 - 167 - 171 - 172 - 174 - 175 - 176 - 178 - 179 - 182 - 183 - 185 - 188 - 190 - 191 - 192 - 194 - 196 - 197 - 198 - 199 - 200 - 201 - 202 - 203 - 205 - 206 - 207 - 208 - 211 - 213 - 214 - 216 - 217 - 218 - 219 - 220 - 221 - 222 - 223 - 224 - 230 - 231 - 232 - 233 - 235 - 236 - 237 - 239 - 240 - 241 - 242 - 243 - 244 - 247 - 250 - 251 - 252 - 254 - 257 - 258 - 260 - 264 - 266 - 268 - 269 - 270 - 271 - 272 - 274 - 275 - 276 - 278 - 281 - 282 - 283 - 284 - 286 - 288 - 289 - 290 - 293 - 294 - 295 - 298 - 299 - 300 - 301 - 302 - 303 - 304 - 305 - 306 - 308 - 309 - 310 - 312 - 313 - 314 - 315 - 317 - 319 - 320 - 321 - 323 - 324 - 325 - 326 - 328 - 329 - 332 - 338 - 339 - 340 - 342 - 344 - 347 - 356 - 357 - 358 - 360 - 361 - 362 - 363 - 364 - 365 - 366 - 367 - 371 - 373 - 374 - 375 - 377 - 380 - 381 - 383 - 386 - 387 - 388 - 389 - 390 - 391 - 392 - 393 - 394 - 399 - 400 - 406 - 407 - 408 - 409 - 413 - 415 - 416 - 417 - 418 - 420 - 422 - 424 - 426 - 427 - 429 - 430 - 433 - 435 - 437 - 438 - 439 - 440 - 444 - 445 - 447 - 449 - 450 - 452 - 458 - 461 - 462 - 463 - 466 - 467 - 474 - 478 - 479 - 480 - 483 - 484 - 487 - 489 - 490 - 492 - 493 - 496 - 498,21061691.4,0.1,89782,93659,75.84,Cost: 89782 & Capacity: 93659
0 - 3 - 4 - 9 - 13 - 14 - 15 - 22 - 23 - 24 - 27 - 29 - 30 - 31 - 32 - 33 - 41 - 46 - 49 - 50 - 51 - 54 - 55 - 58 - 59 - 67 - 69 - 74 - 75 - 77 - 78 - 81 - 84 - 88 - 97 - 109 - 112 - 116 - 118 - 119 - 120 - 123 - 127 - 131 - 134 - 135 - 136 - 137 - 143 - 148 - 150 - 152 - 155 - 156 - 157 - 161 - 162 - 166 - 169 - 170 - 172 - 176 - 177 - 178 - 179 - 180 - 182 - 183 - 194 - 197 - 199 - 201 - 204 - 206 - 208 - 210 - 213 - 215 - 221 - 222 - 223 - 230 - 231 - 233 - 234 - 236 - 239 - 242 - 244 - 245 - 251 - 253 - 255 - 257 - 260 - 261 - 263 - 267 - 268 - 270 - 276 - 277 - 280 - 281 - 283 - 293 - 294 - 296 - 299 - 301 - 305 - 311 - 313 - 314 - 317 - 320 - 323 - 325 - 331 - 338 - 342 - 345 - 346 - 347 - 352 - 353 - 357 - 358 - 361 - 362 - 364 - 370 - 372 - 375 - 377 - 380 - 383 - 384 - 390 - 397 - 407 - 409 - 410 - 411 - 412 - 422 - 424 - 425 - 426 - 431 - 433 - 437 - 438 - 439 - 442 - 444 - 445 - 449 - 450 - 451 - 452 - 453 - 454 - 455 - 457 - 458 - 460 - 462 - 465 - 471 - 473 - 480 - 487 - 488 - 493 - 496 - 498,8124932.1,10.1,91866,78740,78.29,Cost: 91866 & Capacity: 78740
0 - 1 - 2 - 5 - 8 - 9 - 10 - 12 - 14 - 15 - 16 - 18 - 20 - 21 - 22 - 23 - 24 - 27 - 28 - 30 - 32 - 33 - 36 - 39 - 40 - 41 - 42 - 44 - 45 - 46 - 48 - 49 - 51 - 52 - 54 - 55 - 57 - 58 - 59 - 61 - 65 - 66 - 67 - 68 - 69 - 71 - 75 - 76 - 77 - 78 - 81 - 83 - 84 - 85 - 87 - 88 - 89 - 91 - 92 - 94 - 99 - 101 - 102 - 103 - 105 - 107 - 108 - 110 - 111 - 112 - 113 - 114 - 115 - 117 - 118 - 119 - 127 - 129 - 130 - 132 - 135 - 136 - 137 - 138 - 139 - 142 - 144 - 145 - 146 - 148 - 149 - 150 - 152 - 155 - 156 - 157 - 161 - 163 - 164 - 167 - 171 - 172 - 175 - 176 - 178 - 179 - 182 - 183 - 185 - 188 - 190 - 191 - 192 - 194 - 196 - 197 - 198 - 199 - 200 - 201 - 202 - 203 - 205 - 206 - 207 - 208 - 211 - 213 - 214 - 216 - 217 - 218 - 219 - 220 - 221 - 222 - 223 - 224 - 230 - 231 - 232 - 233 - 235 - 236 - 237 - 239 - 240 - 241 - 242 - 243 - 244 - 247 - 250 - 251 - 252 - 254 - 257 - 258 - 260 - 264 - 266 - 268 - 269 - 270 - 271 - 272 - 274 - 275 - 276 - 278 - 281 - 282 - 283 - 284 - 286 - 288 - 289 - 290 - 293 - 294 - 295 - 298 - 299 - 300 - 301 - 302 - 303 - 304 - 305 - 306 - 308 - 309 - 310 - 312 - 313 - 314 - 315 - 317 - 319 - 320 - 321 - 323 - 324 - 325 - 326 - 328 - 329 - 332 - 338 - 339 - 340 - 342 - 344 - 347 - 356 - 357 - 358 - 360 - 361 - 362 - 363 - 364 - 365 - 366 - 367 - 371 - 373 - 374 - 375 - 377 - 380 - 381 - 383 - 386 - 387 - 388 - 389 - 390 - 391 - 392 - 393 - 394 - 399 - 400 - 406 - 407 - 408 - 409 - 411 - 413 - 415 - 416 - 417 - 418 - 420 - 422 - 424 - 426 - 427 - 430 - 433 - 435 - 437 - 438 - 439 - 440 - 444 - 445 - 447 - 449 - 450 - 451 - 452 - 458 - 461 - 462 - 463 - 466 - 467 - 474 - 475 - 478 - 479 - 480 - 483 - 484 - 487 - 489 - 490 - 492 - 493 - 494 - 496 - 498,21559280.1,0.1,92195,96567,79.16,Cost: 92195 & Capacity: 96567
0 - 1 - 2 - 5 - 8 - 9 - 10 - 12 - 14 - 15 - 16 - 18 - 20 - 21 - 22 - 23 - 24 - 27 - 28 - 30 - 31 - 32 - 33 - 36 - 39 - 40 - 41 - 42 - 44 - 45 - 46 - 48 - 49 - 52 - 54 - 55 - 57 - 58 - 59 - 61 - 63 - 65 - 66 - 67 - 68 - 69 - 71 - 75 - 76 - 77 - 78 - 80 - 81 - 83 - 84 - 85 - 88 - 89 - 91 - 92 - 94 - 99 - 101 - 102 - 103 - 105 - 107 - 110 - 111 - 112 - 113 - 114 - 115 - 117 - 118 - 119 - 125 - 127 - 129 - 130 - 132 - 135 - 137 - 138 - 139 - 142 - 144 - 145 - 146 - 148 - 149 - 150 - 152 - 155 - 156 - 157 - 161 - 163 - 164 - 167 - 171 - 172 - 174 - 175 - 176 - 178 - 179 - 182 - 183 - 185 - 188 - 190 - 191 - 192 - 194 - 196 - 197 - 198 - 199 - 200 - 201 - 202 - 203 - 205 - 206 - 207 - 208 - 211 - 213 - 214 - 216 - 217 - 218 - 219 - 220 - 221 - 222 - 223 - 224 - 230 - 231 - 232 - 233 - 235 - 236 - 237 - 239 - 240 - 241 - 242 - 243 - 244 - 247 - 250 - 251 - 252 - 254 - 257 - 258 - 260 - 264 - 266 - 268 - 269 - 270 - 271 - 272 - 274 - 275 - 276 - 278 - 281 - 282 - 283 - 284 - 286 - 288 - 289 - 290 - 293 - 294 - 295 - 298 - 299 - 300 - 301 - 302 - 303 - 304 - 305 - 306 - 308 - 309 - 310 - 312 - 313 - 314 - 315 - 317 - 319 - 320 - 321 - 323 - 324 - 325 - 326 - 328 - 329 - 332 - 338 - 339 - 340 - 342 - 344 - 347 - 356 - 357 - 358 - 360 - 361 - 362 - 363 - 364 - 365 - 366 - 367 - 371 - 373 - 374 - 375 - 377 - 380 - 381 - 383 - 386 - 387 - 388 - 389 - 390 - 391 - 392 - 393 - 394 - 399 - 400 - 406 - 407 - 408 - 409 - 413 - 415 - 416 - 417 - 418 - 420 - 422 - 424 - 426 - 427 - 429 - 430 - 433 - 435 - 437 - 438 - 439 - 440 - 444 - 445 - 447 - 449 - 450 - 452 - 458 - 461 - 462 - 463 - 466 - 467 - 474 - 475 - 478 - 479 - 480 - 483 - 484 - 487 - 489 - 490 - 492 - 493 - 496 - 498,21351292.0,0.1,91040,95156,79.01,Cost: 91040 & Capacity: 95156
0 - 1 - 2 - 5 - 8 - 9 - 10 - 12 - 14 - 15 - 16 - 18 - 20 - 21 - 22 - 23 - 24 - 27 - 28 - 30 - 31 - 32 - 33 - 36 - 39 - 40 - 41 - 42 - 44 - 45 - 48 - 49 - 52 - 54 - 55 - 57 - 58 - 59 - 61 - 63 - 65 - 66 - 67 - 68 - 69 - 71 - 75 - 76 - 77 - 78 - 80 - 81 - 83 - 84 - 85 - 87 - 88 - 89 - 91 - 92 - 94 - 99 - 101 - 102 - 103 - 105 - 107 - 110 - 111 - 112 - 113 - 114 - 115 - 117 - 118 - 119 - 125 - 127 - 129 - 130 - 132 - 135 - 137 - 138 - 139 - 142 - 144 - 145 - 146 - 148 - 149 - 150 - 152 - 155 - 156 - 157 - 161 - 163 - 164 - 167 - 171 - 172 - 174 - 175 - 176 - 178 - 179 - 182 - 183 - 185 - 188 - 190 - 191 - 192 - 194 - 196 - 197 - 198 - 199 - 200 - 201 - 202 - 203 - 205 - 206 - 207 - 208 - 211 - 213 - 214 - 216 - 217 - 218 - 219 - 220 - 221 - 222 - 223 - 224 - 230 - 231 - 232 - 233 - 235 - 236 - 237 - 239 - 240 - 241 - 242 - 243 - 244 - 247 - 250 - 251 - 252 - 254 - 257 - 258 - 260 - 264 - 266 - 268 - 269 - 270 - 271 - 272 - 274 - 275 - 276 - 278 - 281 - 282 - 283 - 284 - 286 - 288 - 289 - 290 - 293 - 294 - 295 - 298 - 299 - 300 - 301 - 302 - 303 - 304 - 305 - 306 - 308 - 309 - 310 - 312 - 313 - 314 - 315 - 317 - 319 - 320 - 321 - 323 - 324 - 325 - 326 - 328 - 329 - 332 - 338 - 339 - 340 - 342 - 344 - 347 - 356 - 357 - 358 - 360 - 361 - 362 - 363 - 365 - 366 - 367 - 371 - 373 - 374 - 375 - 377 - 380 - 381 - 383 - 386 - 387 - 388 - 389 - 390 - 391 - 392 - 393 - 394 - 399 - 400 - 406 - 407 - 408 - 409 - 413 - 415 - 416 - 417 - 418 - 420 - 422 - 424 - 426 - 427 - 429 - 430 - 433 - 435 - 437 - 438 - 439 - 440 - 444 - 445 - 447 - 449 - 450 - 452 - 458 - 461 - 462 - 463 - 466 - 467 - 474 - 478 - 479 - 480 - 483 - 484 - 487 - 489 - 490 - 492 - 493 - 496 - 498,21068312.6,0.1,89781,94245,80.77,Cost: 89781 & Capacity: 94245
4 - 7 - 12 - 13 - 18 - 29 - 32 - 33 - 38 - 39 - 50 - 51 - 52 - 53 - 61 - 67 - 73 - 74 - 76 - 84 - 88 - 93 - 100 - 107 - 109 - 111 - 114 - 116 - 117 - 120 - 136 - 139 - 147 - 148 - 149 - 152 - 157 - 159 - 160 - 172 - 173 - 175 - 178 - 180 - 182 - 185 - 186 - 193 - 199 - 203 - 209 - 212 - 221 - 226 - 227 - 248 - 254 - 257 - 260 - 262 - 263 - 278 - 284 - 286 - 292 - 308 - 311 - 326 - 329 - 330 - 334 - 345 - 349 - 352 - 357 - 362 - 365 - 366 - 367 - 375 - 377 - 380 - 390 - 391 - 397 - 411 - 414 - 418 - 421 - 430 - 433 - 439 - 447 - 452 - 453 - 462 - 470 - 473 - 483 - 496,2557007.8,29.3,61471,51757,81.66,Cost: 61471 & Capacity: 51757
0 - 1 - 2 - 4 - 5 - 8 - 9 - 10 - 12 - 14 - 15 - 16 - 18 - 20 - 21 - 22 - 23 - 24 - 27 - 28 - 30 - 31 - 32 - 33 - 36 - 39 - 40 - 41 - 42 - 44 - 45 - 46 - 48 - 49 - 51 - 52 - 54 - 55 - 57 - 58 - 59 - 61 - 65 - 66 - 67 - 68 - 69 - 71 - 75 - 76 - 77 - 78 - 80 - 81 - 83 - 84 - 85 - 87 - 88 - 89 - 91 - 92 - 94 - 99 - 101 - 102 - 103 - 105 - 107 - 110 - 111 - 112 - 113 - 114 - 115 - 117 - 118 - 119 - 127 - 129 - 132 - 135 - 137 - 138 - 139 - 142 - 144 - 145 - 146 - 148 - 149 - 150 - 152 - 155 - 156 - 157 - 161 - 163 - 167 - 171 - 172 - 174 - 175 - 176 - 178 - 179 - 182 - 183 - 185 - 188 - 190 - 191 - 192 - 194 - 196 - 197 - 198 - 199 - 200 - 201 - 202 - 203 - 204 - 205 - 206 - 207 - 208 - 211 - 213 - 214 - 216 - 217 - 218 - 219 - 220 - 221 - 222 - 223 - 224 - 230 - 231 - 232 - 233 - 235 - 236 - 237 - 239 - 240 - 241 - 242 - 243 - 244 - 247 - 250 - 251 - 252 - 254 - 257 - 258 - 260 - 264 - 266 - 268 - 269 - 270 - 271 - 272 - 274 - 275 - 276 - 278 - 281 - 282 - 283 - 284 - 286 - 288 - 289 - 290 - 293 - 294 - 295 - 298 - 299 - 300 - 301 - 302 - 303 - 304 - 305 - 306 - 308 - 309 - 310 - 312 - 313 - 314 - 315 - 317 - 319 - 320 - 321 - 323 - 324 - 325 - 326 - 328 - 329 - 332 - 338 - 339 - 340 - 342 - 344 - 347 - 356 - 357 - 358 - 360 - 361 - 362 - 363 - 364 - 365 - 366 - 367 - 371 - 373 - 374 - 375 - 377 - 380 - 381 - 383 - 386 - 387 - 388 - 389 - 390 - 391 - 392 - 393 - 394 - 399 - 400 - 406 - 407 - 408 - 409 - 411 - 413 - 415 - 416 - 417 - 418 - 420 - 422 - 424 - 426 - 427 - 430 - 433 - 435 - 437 - 438 - 439 - 440 - 444 - 445 - 447 - 449 - 450 - 451 - 452 - 458 - 461 - 462 - 463 - 466 - 467 - 474 - 475 - 478 - 479 - 480 - 483 - 484 - 487 - 489 - 490 - 492 - 493 - 496 - 498,21554348.8,0.1,92210,96471,82.96,Cost: 92210 & Capacity: 96471
0 - 1 - 2 - 5 - 8 - 9 - 10 - 12 - 14 - 15 - 16 - 18 - 20 - 21 - 22 - 23 - 24 - 27 - 28 - 30 - 31 - 32 - 33 - 36 - 39 - 40 - 41 - 42 - 44 - 45 - 46 - 48 - 49 - 52 - 54 - 55 - 57 - 58 - 59 - 61 - 63 - 65 - 66 - 67 - 68 - 69 - 71 - 75 - 76 - 77 - 78 - 80 - 81 - 83 - 84 - 85 - 87 - 88 - 89 - 91 - 92 - 94 - 99 - 101 - 102 - 103 - 105 - 107 - 110 - 111 - 112 - 113 - 114 - 115 - 117 - 118 - 119 - 125 - 127 - 129 - 130 - 132 - 135 - 137 - 138 - 139 - 142 - 144 - 145 - 146 - 148 - 149 - 150 - 152 - 155 - 156 - 157 - 161 - 163 - 164 - 167 - 171 - 172 - 174 - 175 - 176 - 178 - 179 - 182 - 183 - 185 - 188 - 190 - 191 - 192 - 194 - 196 - 197 - 198 - 199 - 200 - 202 - 203 - 205 - 206 - 207 - 208 - 211 - 213 - 214 - 216 - 217 - 218 - 219 - 220 - 221 - 222 - 223 - 224 - 230 - 231 - 232 - 233 - 235 - 236 - 237 - 239 - 240 - 241 - 242 - 243 - 244 - 247 - 250 - 251 - 252 - 254 - 257 - 258 - 260 - 264 - 266 - 268 - 269 - 270 - 271 - 272 - 274 - 275 - 276 - 278 - 281 - 282 - 283 - 284 - 286 - 288 - 289 - 290 - 293 - 294 - 295 - 298 - 299 - 300 - 301 - 302 - 303 - 304 - 305 - 306 - 308 - 309 - 310 - 312 - 313 - 314 - 315 - 317 - 319 - 320 - 321 - 323 - 324 - 325 - 326 - 328 - 329 - 332 - 338 - 339 - 340 - 342 - 344 - 347 - 356 - 357 - 358 - 360 - 361 - 362 - 363 - 364 - 365 - 366 - 367 - 371 - 373 - 374 - 375 - 377 - 380 - 381 - 383 - 386 - 387 - 388 - 389 - 390 - 391 - 392 - 393 - 394 - 399 - 400 - 406 - 407 - 408 - 409 - 413 - 415 - 416 - 417 - 418 - 420 - 422 - 424 - 426 - 427 - 429 - 430 - 433 - 435 - 437 - 438 - 439 - 440 - 444 - 445 - 447 - 449 - 450 - 452 - 458 - 461 - 462 - 463 - 466 - 467 - 474 - 478 - 479 - 480 - 483 - 484 - 487 - 489 - 490 - 492 - 493 - 496 - 498,21209506.7,0.1,90412,94204,83.2,Cost: 90412 & Capacity: 94204
0 - 1 - 2 - 4 - 5 - 8 - 9 - 10 - 12 - 14 - 15 - 16 - 18 - 20 - 21 - 22 - 23 - 24 - 27 - 28 - 30 - 31 - 32 - 33 - 36 - 39 - 40 - 41 - 42 - 44 - 45 - 46 - 48 - 49 - 51 - 52 - 54 - 55 - 57 - 58 - 59 - 61 - 65 - 66 - 67 - 68 - 69 - 71 - 75 - 76 - 77 - 78 - 80 - 81 - 83 - 84 - 85 - 87 - 88 - 89 - 91 - 92 - 94 - 99 - 101 - 102 - 103 - 105 - 107 - 110 - 111 - 112 - 113 - 114 - 115 - 117 - 118 - 119 - 127 - 129 - 132 - 135 - 137 - 138 - 139 - 142 - 144 - 145 - 146 - 148 - 149 - 150 - 152 - 155 - 156 - 157 - 161 - 163 - 167 - 171 - 172 - 174 - 175 - 176 - 178 - 179 - 182 - 183 - 185 - 188 - 190 - 191 - 192 - 194 - 196 - 197 - 198 - 199 - 200 - 201 - 202 - 203 - 204 - 205 - 206 - 207 - 208 - 211 - 213 - 214 - 216 - 217 - 218 - 219 - 220 - 221 - 222 - 223 - 224 - 230 - 231 - 232 - 233 - 235 - 236 - 237 - 239 - 240 - 241 - 242 - 243 - 244 - 247 - 250 - 251 - 252 - 254 - 257 - 258 - 260 - 264 - 266 - 268 - 269 - 270 - 271 - 272 - 274 - 275 - 276 - 278 - 281 - 282 - 283 - 284 - 286 - 288 - 289 - 290 - 293 - 294 - 295 - 298 - 299 - 300 - 301 - 302 - 303 - 304 - 305 - 306 - 308 - 309 - 310 - 312 - 313 - 314 - 315 - 317 - 319 - 320 - 321 - 323 - 324 - 325 - 326 - 328 - 329 - 332 - 338 - 339 - 340 - 342 - 344 - 347 - 356 - 357 - 358 - 360 - 361 - 362 - 363 - 364 - 365 - 366 - 367 - 371 - 373 - 374 - 375 - 377 - 380 - 381 - 383 - 386 - 387 - 388 - 389 - 390 - 391 - 392 - 393 - 394 - 399 - 400 - 406 - 407 - 408 - 409 - 411 - 413 - 415 - 416 - 417 - 418 - 420 - 422 - 424 - 426 - 427 - 430 - 433 - 435 - 437 - 438 - 439 - 440 - 444 - 445 - 447 - 449 - 450 - 451 - 452 - 458 - 461 - 462 - 463 - 466 - 467 - 474 - 475 - 478 - 479 - 480 - 483 - 484 - 487 - 489 - 490 - 492 - 493 - 496 - 498,21554348.8,0.1,92210,96471,83.6,Cost: 92210 & Capacity: 96471
0 - 1 - 2 - 4 - 5 - 8 - 9 - 10 - 12 - 14 - 15 - 16 - 18 - 20 - 21 - 22 - 23 - 24 - 27 - 28 - 30 - 31 - 32 - 33 - 36 - 39 - 40 - 41 - 42 - 44 - 45 - 46 - 48 - 49 - 51 - 52 - 54 - 55 - 57 - 58 - 59 - 61 - 65 - 66 - 67 - 68 - 69 - 71 - 75 - 76 - 77 - 78 - 80 - 81 - 83 - 84 - 85 - 87 - 88 - 89 - 91 - 92 - 94 - 99 - 101 - 102 - 103 - 105 - 107 - 110 - 111 - 112 - 113 - 114 - 115 - 117 - 118 - 119 - 127 - 129 - 132 - 135 - 137 - 138 - 139 - 142 - 144 - 145 - 146 - 148 - 149 - 150 - 152 - 155 - 156 - 157 - 161 - 163 - 167 - 171 - 172 - 174 - 175 - 176 - 178 - 179 - 182 - 183 - 185 - 188 - 190 - 191 - 192 - 194 - 196 - 197 - 198 - 199 - 200 - 201 - 202 - 203 - 204 - 205 - 206 - 207 - 208 - 211 - 213 - 214 - 216 - 217 - 218 - 219 - 220 - 221 - 222 - 223 - 224 - 230 - 231 - 232 - 233 - 235 - 236 - 237 - 239 - 240 - 241 - 242 - 243 - 244 - 247 - 250 - 251 - 252 - 254 - 257 - 258 - 260 - 264 - 266 - 268 - 269 - 270 - 271 - 272 - 274 - 275 - 276 - 278 - 281 - 282 - 283 - 284 - 286 - 288 - 289 - 290 - 293 - 294 - 295 - 298 - 299 - 300 - 301 - 302 - 303 - 304 - 305 - 306 - 308 - 309 - 310 - 312 - 313 - 314 - 315 - 317 - 319 - 320 - 321 - 323 - 324 - 325 - 326 - 328 - 329 - 332 - 338 - 339 - 340 - 342 - 344 - 347 - 356 - 357 - 358 - 360 - 361 - 362 - 363 - 364 - 365 - 366 - 367 - 371 - 373 - 374 - 375 - 377 - 380 - 381 - 383 - 386 - 387 - 388 - 389 - 390 - 391 - 392 - 393 - 394 - 399 - 400 - 406 - 407 - 408 - 409 - 411 - 413 - 415 - 416 - 417 - 418 - 420 - 422 - 424 - 426 - 427 - 430 - 433 - 435 - 437 - 438 - 439 - 440 - 444 - 445 - 447 - 449 - 450 - 451 - 452 - 458 - 461 - 462 - 463 - 466 - 467 - 474 - 475 - 478 - 479 - 480 - 483 - 484 - 487 - 489 - 490 - 492 - 493 - 496 - 498,21554348.8,0.1,92210,96471,83.89,Cost: 92210 & Capacity: 96471
0 - 1 - 3 - 4 - 7 - 8 - 9 - 13 - 14 - 23 - 27 - 28 - 32 - 41 - 44 - 46 - 48 - 49 - 51 - 54 - 55 - 57 - 59 - 60 - 72 - 75 - 81 - 84 - 86 - 91 - 92 - 97 - 98 - 105 - 107 - 115 - 118 - 119 - 120 - 121 - 122 - 125 - 129 - 131 - 136 - 146 - 148 - 152 - 155 - 156 - 157 - 160 - 166 - 169 - 171 - 172 - 176 - 177 - 178 - 185 - 190 - 191 - 192 - 194 - 197 - 198 - 199 - 200 - 204 - 207 - 210 - 211 - 213 - 215 - 217 - 218 - 221 - 222 - 223 - 224 - 226 - 233 - 236 - 237 - 251 - 256 - 257 - 260 - 261 - 262 - 263 - 266 - 267 - 268 - 270 - 271 - 273 - 274 - 275 - 280 - 288 - 290 - 292 - 293 - 294 - 296 - 299 - 305 - 308 - 311 - 312 - 313 - 314 - 317 - 323 - 324 - 325 - 328 - 332 - 333 - 335 - 338 - 340 - 341 - 342 - 345 - 346 - 348 - 354 - 357 - 358 - 362 - 363 - 365 - 368 - 373 - 375 - 377 - 380 - 383 - 384 - 387 - 391 - 393 - 403 - 404 - 405 - 406 - 407 - 409 - 419 - 421 - 422 - 424 - 425 - 426 - 433 - 437 - 438 - 442 - 444 - 445 - 451 - 452 - 453 - 457 - 458 - 461 - 464 - 465 - 468 - 471 - 472 - 474 - 475 - 476 - 479 - 482 - 487 - 490 - 493 - 495,8439874.2,9.9,91786,79563,84.85,Cost: 91786 & Capacity: 79563
0 - 1 - 3 - 8 - 9 - 18 - 23 - 24 - 27 - 30 - 32 - 33 - 36 - 39 - 41 - 44 - 46 - 47 - 48 - 49 - 50 - 51 - 56 - 57 - 58 - 59 - 60 - 64 - 67 - 69 - 72 - 75 - 76 - 78 - 80 - 81 - 82 - 83 - 84 - 87 - 91 - 94 - 95 - 101 - 103 - 107 - 109 - 110 - 111 - 112 - 115 - 117 - 118 - 119 - 120 - 122 - 125 - 129 - 130 - 131 - 134 - 136 - 139 - 142 - 143 - 144 - 145 - 148 - 152 - 155 - 157 - 160 - 166 - 170 - 172 - 175 - 177 - 178 - 179 - 183 - 185 - 190 - 191 - 192 - 194 - 196 - 197 - 198 - 200 - 201 - 202 - 204 - 208 - 210 - 211 - 213 - 216 - 217 - 219 - 221 - 222 - 223 - 229 - 230 - 231 - 233 - 236 - 242 - 244 - 250 - 251 - 254 - 256 - 257 - 258 - 260 - 266 - 268 - 272 - 274 - 277 - 278 - 281 - 283 - 284 - 286 - 299 - 300 - 304 - 305 - 309 - 310 - 311 - 312 - 313 - 315 - 320 - 323 - 324 - 325 - 331 - 332 - 334 - 338 - 342 - 344 - 345 - 346 - 347 - 352 - 356 - 357 - 360 - 361 - 362 - 363 - 364 - 369 - 377 - 379 - 380 - 383 - 384 - 386 - 387 - 388 - 391 - 392 - 393 - 398 - 400 - 406 - 407 - 409 - 411 - 412 - 416 - 417 - 418 - 422 - 424 - 425 - 431 - 433 - 437 - 438 - 439 - 442 - 444 - 449 - 451 - 452 - 453 - 455 - 457 - 458 - 462 - 465 - 466 - 468 - 469 - 471 - 475 - 479 - 480 - 484 - 486 - 487 - 488 - 489 - 490 - 492 - 493 - 494 - 495 - 496,11822490.7,5.6,92070,84524,88.15,Cost: 92070 & Capacity: 84524
0 - 3 - 4 - 5 - 6 - 7 - 9 - 18 - 23 - 24 - 27 - 30 - 31 - 32 - 33 - 34 - 36 - 37 - 39 - 41 - 46 - 47 - 48 - 49 - 50 - 51 - 56 - 57 - 58 - 59 - 64 - 67 - 69 - 70 - 75 - 76 - 78 - 81 - 82 - 84 - 91 - 93 - 94 - 95 - 96 - 97 - 101 - 103 - 107 - 110 - 112 - 115 - 117 - 118 - 119 - 120 - 126 - 130 - 131 - 133 - 136 - 137 - 139 - 142 - 143 - 152 - 155 - 157 - 161 - 162 - 170 - 172 - 175 - 176 - 177 - 178 - 179 - 183 - 185 - 190 - 191 - 192 - 194 - 195 - 196 - 197 - 198 - 201 - 202 - 211 - 212 - 213 - 216 - 217 - 218 - 221 - 222 - 223 - 230 - 231 - 233 - 236 - 238 - 242 - 244 - 249 - 250 - 251 - 254 - 255 - 256 - 257 - 258 - 260 - 261 - 268 - 272 - 274 - 277 - 281 - 283 - 284 - 286 - 299 - 304 - 305 - 309 - 310 - 311 - 313 - 314 - 315 - 319 - 323 - 324 - 325 - 332 - 334 - 338 - 342 - 344 - 345 - 346 - 347 - 352 - 357 - 361 - 364 - 377 - 379 - 380 - 384 - 387 - 388 - 391 - 393 - 400 - 407 - 409 - 416 - 417 - 418 - 422 - 423 - 424 - 431 - 433 - 437 - 438 - 439 - 441 - 442 - 444 - 445 - 451 - 452 - 453 - 455 - 457 - 458 - 459 - 462 - 465 - 466 - 468 - 479 - 480 - 486 - 487 - 488 - 490 - 493 - 496,9399517.0,9.2,90482,78565,88.16,Cost: 90482 & Capacity: 78565
0 - 1 - 2 - 4 - 5 - 8 - 9 - 10 - 12 - 14 - 15 - 16 - 18 - 20 - 21 - 22 - 23 - 24 - 27 - 28 - 30 - 31 - 32 - 33 - 36 - 39 - 40 - 41 - 42 - 44 - 45 - 46 - 48 - 49 - 51 - 52 - 54 - 55 - 57 - 58 - 59 - 61 - 65 - 66 - 67 - 68 - 69 - 71 - 75 - 76 - 77 - 78 - 80 - 81 - 83 - 84 - 85 - 87 - 88 - 89 - 91 - 92 - 94 - 99 - 101 - 102 - 103 - 105 - 107 - 110 - 111 - 112 - 113 - 114 - 115 - 117 - 118 - 119 - 127 - 129 - 132 - 135 - 137 - 138 - 139 - 142 - 144 - 145 - 146 - 148 - 149 - 150 - 152 - 155 - 156 - 157 - 161 - 163 - 167 - 171 - 172 - 174 - 175 - 176 - 178 - 179 - 182 - 183 - 185 - 188 - 190 - 191 - 192 - 194 - 196 - 197 - 198 - 199 - 200 - 201 - 202 - 203 - 204 - 205 - 206 - 207 - 208 - 211 - 213 - 214 - 216 - 217 - 218 - 219 - 220 - 221 - 222 - 223 - 224 - 230 - 231 - 232 - 233 - 235 - 236 - 237 - 239 - 240 - 241 - 242 - 243 - 244 - 247 - 250 - 251 - 252 - 254 - 257 - 258 - 260 - 264 - 266 - 268 - 269 - 270 - 271 - 272 - 274 - 275 - 276 - 278 - 281 - 282 - 283 - 284 - 286 - 288 - 289 - 290 - 293 - 294 - 295 - 298 - 299 - 300 - 301 - 302 - 303 - 304 - 305 - 306 - 308 - 309 - 310 - 312 - 313 - 314 - 315 - 317 - 319 - 320 - 321 - 323 - 324 - 325 - 326 - 328 - 329 - 332 - 338 - 339 - 340 - 342 - 344 - 347 - 356 - 357 - 358 - 360 - 361 - 362 - 363 - 364 - 365 - 366 - 367 - 371 - 373 - 374 - 375 - 377 - 380 - 381 - 383 - 386 - 387 - 388 - 389 - 390 - 391 - 392 - 393 - 394 - 399 - 400 - 406 - 407 - 408 - 409 - 411 - 413 - 415 - 416 - 417 - 418 - 420 - 422 - 424 - 426 - 427 - 430 - 433 - 435 - 437 - 438 - 439 - 440 - 444 - 445 - 447 - 449 - 450 - 451 - 452 - 458 - 461 - 462 - 463 - 466 - 467 - 474 - 475 - 478 - 479 - 480 - 483 - 484 - 487 - 489 - 490 - 492 - 493 - 496 - 498,21554348.8,0.1,92210,96471,88.87,Cost: 92210 & Capacity: 96471
0 - 1 - 2 - 5 - 8 - 9 - 10 - 12 - 14 - 15 - 16 - 18 - 20 - 21 - 22 - 23 - 24 - 27 - 28 - 30 - 32 - 33 - 36 - 39 - 40 - 41 - 42 - 44 - 45 - 48 - 49 - 52 - 54 - 55 - 57 - 58 - 59 - 61 - 63 - 65 - 66 - 67 - 68 - 69 - 71 - 75 - 76 - 77 - 78 - 80 - 81 - 83 - 84 - 85 - 88 - 89 - 91 - 92 - 94 - 99 - 101 - 102 - 103 - 105 - 107 - 110 - 111 - 112 - 113 - 114 - 115 - 117 - 118 - 119 - 125 - 127 - 129 - 132 - 135 - 137 - 138 - 139 - 142 - 144 - 145 - 146 - 148 - 149 - 150 - 152 - 155 - 156 - 157 - 161 - 163 - 164 - 167 - 171 - 172 - 174 - 175 - 176 - 178 - 179 - 182 - 183 - 185 - 188 - 190 - 191 - 192 - 194 - 196 - 197 - 198 - 199 - 200 - 202 - 203 - 205 - 206 - 207 - 208 - 211 - 213 - 214 - 216 - 217 - 218 - 219 - 220 - 221 - 222 - 223 - 224 - 230 - 231 - 232 - 233 - 235 - 236 - 237 - 239 - 240 - 241 - 242 - 243 - 244 - 247 - 250 - 251 - 252 - 254 - 257 - 258 - 260 - 264 - 266 - 268 - 269 - 270 - 271 - 272 - 274 - 275 - 276 - 278 - 281 - 282 - 283 - 284 - 286 - 288 - 289 - 290 - 293 - 294 - 295 - 298 - 299 - 300 - 301 - 302 - 303 - 304 - 305 - 306 - 308 - 309 - 310 - 312 - 313 - 314 - 315 - 317 - 319 - 320 - 321 - 323 - 324 - 325 - 326 - 328 - 329 - 332 - 338 - 339 - 340 - 342 - 344 - 347 - 356 - 357 - 358 - 360 - 361 - 362 - 363 - 365 - 366 - 367 - 371 - 373 - 374 - 375 - 377 - 380 - 381 - 383 - 386 - 387 - 388 - 389 - 390 - 391 - 392 - 393 - 394 - 399 - 400 - 406 - 407 - 408 - 409 - 413 - 415 - 416 - 417 - 418 - 420 - 422 - 424 - 426 - 427 - 429 - 430 - 433 - 435 - 437 - 438 - 439 - 440 - 444 - 445 - 447 - 449 - 450 - 452 - 458 - 461 - 462 - 463 - 466 - 467 - 474 - 478 - 479 - 480 - 483 - 484 - 487 - 489 - 490 - 492 - 493 - 496 - 498,20490870.7,0.1,87281,91349,88.82,Cost: 87281 & Capacity: 91349
0 - 1 - 2 - 5 - 8 - 9 - 10 - 12 - 14 - 15 - 16 - 18 - 20 - 21 - 22 - 23 - 24 - 27 - 28 - 30 - 32 - 33 - 36 - 39 - 40 - 41 - 42 - 44 - 45 - 48 - 49 - 52 - 54 - 55 - 57 - 58 - 59 - 61 - 63 - 65 - 66 - 67 - 68 - 69 - 71 - 75 - 76 - 77 - 78 - 80 - 81 - 83 - 84 - 85 - 88 - 89 - 91 - 92 - 94 - 99 - 101 - 102 - 103 - 105 - 107 - 110 - 111 - 112 - 113 - 114 - 115 - 117 - 118 - 119 - 125 - 127 - 129 - 132 - 135 - 137 - 138 - 139 - 142 - 144 - 145 - 146 - 148 - 149 - 150 - 152 - 155 - 156 - 157 - 161 - 163 - 164 - 167 - 171 - 172 - 174 - 175 - 176 - 178 - 179 - 182 - 183 - 185 - 188 - 190 - 191 - 192 - 194 - 196 - 197 - 198 - 199 - 200 - 201 - 202 - 203 - 205 - 206 - 207 - 208 - 211 - 213 - 214 - 216 - 217 - 218 - 219 - 220 - 221 - 222 - 223 - 224 - 230 - 231 - 232 - 233 - 235 - 236 - 237 - 239 - 240 - 241 - 242 - 243 - 244 - 247 - 250 - 251 - 252 - 254 - 257 - 258 - 260 - 264 - 266 - 268 - 269 - 270 - 271 - 272 - 274 - 275 - 276 - 278 - 281 - 282 - 283 - 284 - 286 - 288 - 289 - 290 - 293 - 294 - 295 - 298 - 299 - 300 - 301 - 302 - 303 - 304 - 305 - 306 - 308 - 309 - 310 - 312 - 313 - 314 - 315 - 317 - 319 - 320 - 321 - 323 - 324 - 325 - 326 - 328 - 329 - 332 - 338 - 339 - 340 - 342 - 344 - 347 - 356 - 357 - 358 - 360 - 361 - 362 - 363 - 365 - 366 - 367 - 371 - 373 - 374 - 375 - 377 - 380 - 381 - 383 - 386 - 387 - 388 - 389 - 390 - 391 - 392 - 393 - 394 - 399 - 400 - 406 - 407 - 408 - 409 - 413 - 415 - 416 - 417 - 418 - 420 - 422 - 424 - 426 - 427 - 429 - 430 - 433 - 435 - 437 - 438 - 439 - 440 - 444 - 445 - 447 - 449 - 450 - 452 - 458 - 461 - 462 - 463 - 466 - 467 - 474 - 478 - 479 - 480 - 483 - 484 - 487 - 489 - 490 - 492 - 493 - 496 - 498,20635355.6,0.1,87905,92295,88.82,Cost: 87905 & Capacity: 92295
0 - 1 - 2 - 5 - 8 - 9 - 10 - 12 - 14 - 15 - 16 - 18 - 20 - 21 - 22 - 23 - 24 - 27 - 28 - 30 - 31 - 32 - 33 - 36 - 39 - 40 - 41 - 42 - 44 - 45 - 48 - 49 - 52 - 54 - 55 - 57 - 58 - 59 - 61 - 63 - 65 - 66 - 67 - 68 - 69 - 71 - 75 - 76 - 77 - 78 - 80 - 81 - 83 - 84 - 85 - 88 - 89 - 91 - 92 - 94 - 99 - 101 - 102 - 103 - 105 - 107 - 110 - 111 - 112 - 113 - 114 - 115 - 117 - 118 - 119 - 125 - 127 - 129 - 130 - 132 - 135 - 137 - 138 - 139 - 142 - 144 - 145 - 146 - 148 - 149 - 150 - 152 - 155 - 156 - 157 - 161 - 163 - 164 - 167 - 171 - 172 - 174 - 175 - 176 - 178 - 179 - 182 - 183 - 185 - 188 - 190 - 191 - 192 - 194 - 196 - 197 - 198 - 199 - 200 - 201 - 202 - 203 - 205 - 206 - 207 - 208 - 211 - 213 - 214 - 216 - 217 - 218 - 219 - 220 - 221 - 222 - 223 - 224 - 230 - 231 - 232 - 233 - 235 - 236 - 237 - 239 - 240 - 241 - 242 - 243 - 244 - 247 - 250 - 251 - 252 - 254 - 257 - 258 - 260 - 264 - 266 - 268 - 269 - 270 - 271 - 272 - 274 - 275 - 276 - 278 - 281 - 282 - 283 - 284 - 286 - 288 - 289 - 290 - 293 - 294 - 295 - 298 - 299 - 300 - 301 - 302 - 303 - 304 - 305 - 306 - 308 - 309 - 310 - 312 - 313 - 314 - 315 - 317 - 319 - 320 - 321 - 323 - 324 - 325 - 326 - 328 - 329 - 332 - 338 - 339 - 340 - 342 - 344 - 347 - 356 - 357 - 358 - 360 - 361 - 362 - 363 - 365 - 366 - 367 - 371 - 373 - 374 - 375 - 377 - 380 - 381 - 383 - 386 - 387 - 388 - 389 - 390 - 391 - 392 - 393 - 394 - 399 - 400 - 406 - 407 - 408 - 409 - 413 - 415 - 416 - 417 - 418 - 420 - 422 - 424 - 426 - 427 - 429 - 430 - 433 - 435 - 437 - 438 - 439 - 440 - 444 - 445 - 447 - 449 - 450 - 452 - 458 - 461 - 462 - 463 - 466 - 467 - 474 - 478 - 479 - 480 - 483 - 484 - 487 - 489 - 490 - 492 - 493 - 496 - 498,20915487.4,0.1,89152,93596,88.82,Cost: 89152 & Capacity: 93596
0 - 1 - 2 - 5 - 8 - 9 - 10 - 12 - 14 - 15 - 16 - 18 - 20 - 21 - 22 - 23 - 24 - 27 - 28 - 30 - 31 - 32 - 33 - 36 - 39 - 40 - 41 - 42 - 44 - 45 - 46 - 48 - 49 - 52 - 54 - 55 - 57 - 58 - 59 - 61 - 63 - 65 - 66 - 67 - 68 - 69 - 71 - 75 - 76 - 77 - 78 - 80 - 81 - 83 - 84 - 85 - 88 - 89 - 91 - 92 - 94 - 99 - 101 - 102 - 103 - 105 - 107 - 110 - 111 - 112 - 113 - 114 - 115 - 117 - 118 - 119 - 125 - 127 - 129 - 130 - 132 - 135 - 137 - 138 - 139 - 142 - 144 - 145 - 146 - 148 - 149 - 150 - 152 - 155 - 156 - 157 - 161 - 163 - 164 - 167 - 171 - 172 - 174 - 175 - 176 - 178 - 179 - 182 - 183 - 185 - 188 - 190 - 191 - 192 - 194 - 196 - 197 - 198 - 199 - 200 - 201 - 202 - 203 - 205 - 206 - 207 - 208 - 211 - 213 - 214 - 216 - 217 - 218 - 219 - 220 - 221 - 222 - 223 - 224 - 230 - 231 - 232 - 233 - 235 - 236 - 237 - 239 - 240 - 241 - 242 - 243 - 244 - 247 - 250 - 251 - 252 - 254 - 257 - 258 - 260 - 264 - 266 - 268 - 269 - 270 - 271 - 272 - 274 - 275 - 276 - 278 - 281 - 282 - 283 - 284 - 286 - 288 - 289 - 290 - 293 - 294 - 295 - 298 - 299 - 300 - 301 - 302 - 303 - 304 - 305 - 306 - 308 - 309 - 310 - 312 - 313 - 314 - 315 - 317 - 319 - 320 - 321 - 323 - 324 - 325 - 326 - 328 - 329 - 332 - 338 - 339 - 340 - 342 - 344 - 347 - 356 - 357 - 358 - 360 - 361 - 362 - 363 - 365 - 366 - 367 - 371 - 373 - 374 - 375 - 377 - 380 - 381 - 383 - 386 - 387 - 388 - 389 - 390 - 391 - 392 - 393 - 394 - 399 - 400 - 406 - 407 - 408 - 409 - 413 - 415 - 416 - 417 - 418 - 420 - 422 - 424 - 426 - 427 - 429 - 430 - 433 - 435 - 437 - 438 - 439 - 440 - 444 - 445 - 447 - 449 - 450 - 452 - 458 - 461 - 462 - 463 - 466 - 467 - 474 - 478 - 479 - 480 - 483 - 484 - 487 - 489 - 490 - 492 - 493 - 496 - 498,21056447.3,0.1,89780,94010,88.82,Cost: 89780 & Capacity: 94010
1 - 3 - 5 - 8 - 9 - 23 - 24 - 31 - 32 - 36 - 37 - 41 - 44 - 45 - 48 - 49 - 50 - 52 - 53 - 54 - 55 - 59 - 64 - 66 - 69 - 81 - 84 - 92 - 93 - 103 - 107 - 114 - 115 - 118 - 119 - 120 - 121 - 129 - 131 - 136 - 139 - 140 - 151 - 152 - 157 - 160 - 163 - 165 - 170 - 172 - 176 - 177 - 178 - 182 - 183 - 186 - 190 - 192 - 194 - 197 - 198 - 200 - 201 - 204 - 207 - 210 - 211 - 212 - 213 - 216 - 218 - 220 - 221 - 223 - 229 - 230 - 233 - 236 - 237 - 239 - 240 - 242 - 251 - 252 - 254 - 255 - 256 - 258 - 260 - 261 - 262 - 263 - 266 - 267 - 268 - 271 - 272 - 273 - 281 - 284 - 286 - 292 - 293 - 294 - 297 - 299 - 301 - 305 - 308 - 309 - 311 - 312 - 313 - 314 - 316 - 317 - 324 - 327 - 332 - 334 - 338 - 339 - 342 - 345 - 346 - 347 - 351 - 354 - 357 - 358 - 360 - 362 - 363 - 367 - 373 - 377 - 380 - 383 - 384 - 386 - 387 - 390 - 393 - 397 - 400 - 401 - 406 - 409 - 412 - 414 - 416 - 419 - 421 - 422 - 424 - 425 - 426 - 427 - 433 - 437 - 438 - 439 - 441 - 444 - 449 - 450 - 451 - 455 - 457 - 458 - 461 - 464 - 465 - 466 - 468 - 472 - 482 - 487 - 488 - 490 - 491 - 493 - 494 - 495 - 498,8660139.0,9.3,92156,80195,89.3,Cost: 92156 & Capacity: 80195
0 - 1 - 2 - 5 - 8 - 9 - 10 - 12 - 14 - 15 - 16 - 18 - 20 - 21 - 22 - 23 - 24 - 27 - 28 - 30 - 32 - 33 - 36 - 39 - 40 - 41 - 42 - 44 - 45 - 46 - 48 - 49 - 51 - 52 - 54 - 55 - 57 - 58 - 59 - 61 - 65 - 66 - 67 - 68 - 69 - 71 - 75 - 76 - 77 - 78 - 81 - 83 - 84 - 85 - 87 - 88 - 89 - 91 - 92 - 94 - 99 - 101 - 102 - 103 - 105 - 107 - 108 - 110 - 111 - 112 - 113 - 114 - 115 - 117 - 118 - 119 - 127 - 129 - 130 - 132 - 135 - 136 - 137 - 138 - 139 - 142 - 144 - 145 - 146 - 148 - 149 - 150 - 152 - 155 - 156 - 157 - 161 - 163 - 164 - 167 - 171 - 172 - 175 - 176 - 178 - 179 - 182 - 183 - 185 - 188 - 190 - 191 - 192 - 194 - 196 - 197 - 198 - 199 - 200 - 201 - 202 - 203 - 205 - 206 - 207 - 208 - 211 - 213 - 214 - 216 - 217 - 218 - 219 - 220 - 221 - 222 - 223 - 224 - 230 - 231 - 232 - 233 - 235 - 236 - 237 - 239 - 240 - 241 - 242 - 243 - 244 - 247 - 250 - 251 - 252 - 254 - 257 - 258 - 260 - 264 - 266 - 268 - 269 - 270 - 271 - 272 - 274 - 275 - 276 - 278 - 281 - 282 - 283 - 284 - 286 - 288 - 289 - 290 - 293 - 294 - 295 - 298 - 299 - 300 - 301 - 302 - 303 - 304 - 305 - 306 - 308 - 309 - 310 - 312 - 313 - 314 - 315 - 317 - 319 - 320 - 321 - 323 - 324 - 325 - 326 - 328 - 329 - 332 - 338 - 339 - 340 - 342 - 344 - 347 - 356 - 357 - 358 - 360 - 361 - 362 - 363 - 364 - 365 - 366 - 367 - 371 - 373 - 374 - 375 - 377 - 380 - 381 - 383 - 386 - 387 - 388 - 389 - 390 - 391 - 392 - 393 - 394 - 399 - 400 - 406 - 407 - 408 - 409 - 411 - 413 - 415 - 416 - 417 - 418 - 420 - 422 - 424 - 426 - 427 - 430 - 433 - 435 - 437 - 438 - 439 - 440 - 444 - 445 - 447 - 449 - 450 - 451 - 452 - 458 - 461 - 462 - 463 - 466 - 467 - 474 - 475 - 478 - 479 - 480 - 483 - 484 - 487 - 489 - 490 - 492 - 493 - 494 - 496 - 498,21559280.1,0.1,92195,96567,89.64,Cost: 92195 & Capacity: 96567
0 - 1 - 2 - 4 - 5 - 8 - 9 - 10 - 12 - 14 - 15 - 16 - 18 - 20 - 21 - 22 - 23 - 24 - 27 - 28 - 30 - 31 - 32 - 33 - 36 - 39 - 40 - 41 - 42 - 44 - 45 - 46 - 48 - 49 - 51 - 52 - 54 - 55 - 57 - 58 - 59 - 61 - 65 - 66 - 67 - 68 - 69 - 71 - 75 - 76 - 77 - 78 - 80 - 81 - 83 - 84 - 85 - 87 - 88 - 89 - 91 - 92 - 94 - 99 - 101 - 102 - 103 - 105 - 107 - 110 - 111 - 112 - 113 - 114 - 115 - 117 - 118 - 119 - 127 - 129 - 132 - 135 - 137 - 138 - 139 - 142 - 144 - 145 - 146 - 148 - 149 - 150 - 152 - 155 - 156 - 157 - 161 - 163 - 167 - 171 - 172 - 174 - 175 - 176 - 178 - 179 - 182 - 183 - 185 - 188 - 190 - 191 - 192 - 194 - 196 - 197 - 198 - 199 - 200 - 201 - 202 - 203 - 204 - 205 - 206 - 207 - 208 - 211 - 213 - 214 - 216 - 217 - 218 - 219 - 220 - 221 - 222 - 223 - 224 - 230 - 231 - 232 - 233 - 235 - 236 - 237 - 239 - 240 - 241 - 242 - 243 - 244 - 247 - 250 - 251 - 252 - 254 - 257 - 258 - 260 - 264 - 266 - 268 - 269 - 270 - 271 - 272 - 274 - 275 - 276 - 278 - 281 - 282 - 283 - 284 - 286 - 288 - 289 - 290 - 293 - 294 - 295 - 298 - 299 - 300 - 301 - 302 - 303 - 304 - 305 - 306 - 308 - 309 - 310 - 312 - 313 - 314 - 315 - 317 - 319 - 320 - 321 - 323 - 324 - 325 - 326 - 328 - 329 - 332 - 338 - 339 - 340 - 342 - 344 - 347 - 356 - 357 - 358 - 360 - 361 - 362 - 363 - 364 - 365 - 366 - 367 - 371 - 373 - 374 - 375 - 377 - 380 - 381 - 383 - 386 - 387 - 388 - 389 - 390 - 391 - 392 - 393 - 394 - 399 - 400 - 406 - 407 - 408 - 409 - 411 - 413 - 415 - 416 - 417 - 418 - 420 - 422 - 424 - 426 - 427 - 430 - 433 - 435 - 437 - 438 - 439 - 440 - 444 - 445 - 447 - 449 - 450 - 451 - 452 - 458 - 461 - 462 - 463 - 466 - 467 - 474 - 475 - 478 - 479 - 480 - 483 - 484 - 487 - 489 - 490 - 492 - 493 - 496 - 498,21554348.8,0.1,92210,96471,89.69,Cost: 92210 & Capacity: 96471
0 - 1 - 2 - 4 - 5 - 8 - 9 - 10 - 12 - 14 - 15 - 16 - 18 - 20 - 21 - 22 - 23 - 24 - 27 - 28 - 30 - 31 - 32 - 33 - 36 - 39 - 40 - 41 - 42 - 44 - 45 - 46 - 48 - 49 - 51 - 52 - 54 - 55 - 57 - 58 - 59 - 61 - 65 - 66 - 67 - 68 - 69 - 71 - 75 - 76 - 77 - 78 - 80 - 81 - 83 - 84 - 85 - 87 - 88 - 89 - 91 - 92 - 94 - 99 - 101 - 102 - 103 - 105 - 107 - 110 - 111 - 112 - 113 - 114 - 115 - 117 - 118 - 119 - 127 - 129 - 132 - 135 - 137 - 138 - 139 - 142 - 144 - 145 - 146 - 148 - 149 - 150 - 152 - 155 - 156 - 157 - 161 - 163 - 167 - 171 - 172 - 174 - 175 - 176 - 178 - 179 - 182 - 183 - 185 - 188 - 190 - 191 - 192 - 194 - 196 - 197 - 198 - 199 - 200 - 201 - 202 - 203 - 204 - 205 - 206 - 207 - 208 - 211 - 213 - 214 - 216 - 217 - 218 - 219 - 220 - 221 - 222 - 223 - 224 - 230 - 231 - 232 - 233 - 235 - 236 - 237 - 239 - 240 - 241 - 242 - 243 - 244 - 247 - 250 - 251 - 252 - 254 - 257 - 258 - 260 - 264 - 266 - 268 - 269 - 270 - 271 - 272 - 274 - 275 - 276 - 278 - 281 - 282 - 283 - 284 - 286 - 288 - 289 - 290 - 293 - 294 - 295 - 298 - 299 - 300 - 301 - 302 - 303 - 304 - 305 - 306 - 308 - 309 - 310 - 312 - 313 - 314 - 315 - 317 - 319 - 320 - 321 - 323 - 324 - 325 - 326 - 328 - 329 - 332 - 338 - 339 - 340 - 342 - 344 - 347 - 356 - 357 - 358 - 360 - 361 - 362 - 363 - 364 - 365 - 366 - 367 - 371 - 373 - 374 - 375 - 377 - 380 - 381 - 383 - 386 - 387 - 388 - 389 - 390 - 391 - 392 - 393 - 394 - 399 - 400 - 406 - 407 - 408 - 409 - 411 - 413 - 415 - 416 - 417 - 418 - 420 - 422 - 424 - 426 - 427 - 430 - 433 - 435 - 437 - 438 - 439 - 440 - 444 - 445 - 447 - 449 - 450 - 451 - 452 - 458 - 461 - 462 - 463 - 466 - 467 - 474 - 475 - 478 - 479 - 480 - 483 - 484 - 487 - 489 - 490 - 492 - 493 - 496 - 498,21554348.8,0.1,92210,96471,92.23,Cost: 92210 & Capacity: 96471
0 - 1 - 2 - 4 - 5 - 8 - 9 - 10 - 12 - 14 - 15 - 16 - 18 - 20 - 21 - 22 - 23 - 24 - 27 - 28 - 30 - 31 - 32 - 33 - 36 - 39 - 40 - 41 - 42 - 44 - 45 - 46 - 48 - 49 - 51 - 52 - 54 - 55 - 57 - 58 - 59 - 61 - 65 - 66 - 67 - 68 - 69 - 71 - 75 - 76 - 77 - 78 - 81 - 83 - 84 - 85 - 87 - 88 - 89 - 91 - 92 - 94 - 99 - 101 - 102 - 103 - 105 - 107 - 108 - 110 - 111 - 112 - 113 - 114 - 115 - 117 - 118 - 119 - 127 - 129 - 132 - 135 - 136 - 137 - 138 - 139 - 142 - 144 - 145 - 146 - 148 - 149 - 150 - 152 - 155 - 156 - 157 - 161 - 163 - 167 - 171 - 172 - 174 - 175 - 176 - 178 - 179 - 182 - 183 - 185 - 190 - 191 - 192 - 194 - 196 - 197 - 198 - 199 - 200 - 201 - 202 - 203 - 204 - 205 - 206 - 207 - 208 - 211 - 213 - 214 - 216 - 217 - 218 - 219 - 221 - 222 - 223 - 224 - 230 - 231 - 233 - 235 - 236 - 237 - 239 - 240 - 241 - 242 - 243 - 244 - 247 - 250 - 251 - 252 - 254 - 257 - 258 - 260 - 264 - 266 - 268 - 269 - 270 - 271 - 272 - 274 - 275 - 276 - 278 - 281 - 282 - 283 - 284 - 286 - 288 - 289 - 290 - 293 - 294 - 295 - 298 - 299 - 300 - 301 - 302 - 303 - 304 - 305 - 306 - 308 - 309 - 310 - 312 - 314 - 315 - 317 - 319 - 320 - 321 - 323 - 324 - 325 - 326 - 328 - 329 - 332 - 338 - 339 - 340 - 342 - 344 - 347 - 353 - 356 - 357 - 358 - 360 - 361 - 362 - 363 - 364 - 365 - 366 - 367 - 371 - 373 - 374 - 375 - 377 - 380 - 381 - 383 - 386 - 387 - 388 - 389 - 390 - 391 - 392 - 393 - 394 - 399 - 400 - 406 - 407 - 408 - 409 - 411 - 413 - 415 - 416 - 417 - 418 - 420 - 422 - 424 - 426 - 427 - 430 - 433 - 435 - 437 - 438 - 439 - 440 - 444 - 445 - 447 - 449 - 450 - 451 - 452 - 458 - 461 - 462 - 463 - 466 - 467 - 472 - 474 - 475 - 478 - 479 - 480 - 483 - 484 - 487 - 489 - 490 - 492 - 493 - 496 - 498,21439218.6,0.1,92207,96805,92.97,Cost: 92207 & Capacity: 96805
0 - 1 - 3 - 4 - 7 - 8 - 9 - 11 - 12 - 14 - 16 - 18 - 20 - 22 - 23 - 24 - 27 - 30 - 31 - 33 - 37 - 39 - 40 - 44 - 46 - 47 - 49 - 51 - 55 - 57 - 58 - 59 - 64 - 65 - 67 - 68 - 69 - 75 - 76 - 77 - 78 - 81 - 82 - 84 - 87 - 91 - 92 - 93 - 94 - 95 - 99 - 101 - 103 - 105 - 107 - 110 - 112 - 114 - 115 - 118 - 119 - 120 - 122 - 126 - 127 - 129 - 130 - 131 - 132 - 135 - 138 - 139 - 142 - 146 - 149 - 151 - 152 - 155 - 157 - 160 - 163 - 166 - 167 - 172 - 174 - 175 - 176 - 177 - 178 - 179 - 183 - 185 - 190 - 191 - 192 - 194 - 195 - 196 - 197 - 198 - 199 - 200 - 201 - 202 - 203 - 204 - 205 - 206 - 207 - 208 - 210 - 211 - 212 - 213 - 214 - 216 - 217 - 218 - 219 - 221 - 222 - 223 - 224 - 225 - 226 - 230 - 231 - 233 - 236 - 240 - 242 - 244 - 245 - 248 - 250 - 251 - 254 - 256 - 257 - 258 - 260 - 264 - 266 - 268 - 272 - 276 - 277 - 278 - 281 - 282 - 283 - 284 - 288 - 289 - 290 - 293 - 294 - 298 - 299 - 300 - 301 - 307 - 309 - 310 - 311 - 312 - 314 - 315 - 319 - 323 - 324 - 325 - 328 - 332 - 334 - 338 - 340 - 344 - 347 - 357 - 358 - 360 - 361 - 362 - 363 - 364 - 365 - 369 - 371 - 373 - 377 - 380 - 381 - 383 - 384 - 386 - 387 - 388 - 391 - 393 - 394 - 399 - 406 - 407 - 409 - 411 - 413 - 416 - 417 - 418 - 422 - 424 - 427 - 433 - 435 - 438 - 439 - 442 - 444 - 445 - 447 - 449 - 450 - 451 - 452 - 453 - 457 - 458 - 461 - 462 - 464 - 466 - 468 - 471 - 472 - 474 - 475 - 478 - 479 - 480 - 484 - 487 - 489 - 490 - 492 - 493 - 494 - 498,15530111.9,2.9,92190,89795,93.45,Cost: 92190 & Capacity: 89795
0 - 1 - 2 - 4 - 5 - 8 - 9 - 10 - 12 - 14 - 15 - 16 - 18 - 20 - 21 - 22 - 23 - 24 - 27 - 28 - 30 - 31 - 32 - 33 - 36 - 39 - 40 - 41 - 42 - 44 - 45 - 46 - 48 - 49 - 51 - 52 - 54 - 55 - 57 - 58 - 59 - 61 - 65 - 66 - 67 - 68 - 69 - 71 - 75 - 76 - 77 - 78 - 80 - 81 - 83 - 84 - 85 - 87 - 88 - 89 - 91 - 92 - 94 - 99 - 101 - 102 - 103 - 105 - 107 - 110 - 111 - 112 - 113 - 114 - 115 - 117 - 118 - 119 - 127 - 129 - 132 - 135 - 137 - 138 - 139 - 142 - 144 - 145 - 146 - 148 - 149 - 150 - 152 - 155 - 156 - 157 - 161 - 163 - 167 - 171 - 172 - 174 - 175 - 176 - 178 - 179 - 182 - 183 - 185 - 188 - 190 - 191 - 192 - 194 - 196 - 197 - 198 - 199 - 200 - 201 - 202 - 203 - 204 - 205 - 206 - 207 - 208 - 211 - 213 - 214 - 216 - 217 - 218 - 219 - 220 - 221 - 222 - 223 - 224 - 230 - 231 - 232 - 233 - 235 - 236 - 237 - 239 - 240 - 241 - 242 - 243 - 244 - 247 - 250 - 251 - 252 - 254 - 257 - 258 - 260 - 264 - 266 - 268 - 269 - 270 - 271 - 272 - 274 - 275 - 276 - 278 - 281 - 282 - 283 - 284 - 286 - 288 - 289 - 290 - 293 - 294 - 295 - 298 - 299 - 300 - 301 - 302 - 303 - 304 - 305 - 306 - 308 - 309 - 310 - 312 - 313 - 314 - 315 - 317 - 319 - 320 - 321 - 323 - 324 - 325 - 326 - 328 - 329 - 332 - 338 - 339 - 340 - 342 - 344 - 347 - 356 - 357 - 358 - 360 - 361 - 362 - 363 - 364 - 365 - 366 - 367 - 371 - 373 - 374 - 375 - 377 - 380 - 381 - 383 - 386 - 387 - 388 - 389 - 390 - 391 - 392 - 393 - 394 - 399 - 400 - 406 - 407 - 408 - 409 - 411 - 413 - 415 - 416 - 417 - 418 - 420 - 422 - 424 - 426 - 427 - 430 - 433 - 435 - 437 - 438 - 439 - 440 - 444 - 445 - 447 - 449 - 450 - 451 - 452 - 458 - 461 - 462 - 463 - 466 - 467 - 474 - 475 - 478 - 479 - 480 - 483 - 484 - 487 - 489 - 490 - 492 - 493 - 496 - 498,21554348.8,0.1,92210,96471,94.38,Cost: 92210 & Capacity: 96471
0 - 3 - 8 - 27 - 28 - 33 - 36 - 41 - 44 - 46 - 48 - 49 - 50 - 51 - 55 - 57 - 59 - 60 - 68 - 69 - 71 - 81 - 82 - 86 - 87 - 89 - 91 - 92 - 98 - 99 - 103 - 104 - 107 - 109 - 118 - 119 - 121 - 125 - 127 - 129 - 130 - 131 - 140 - 155 - 157 - 159 - 160 - 167 - 169 - 170 - 172 - 176 - 177 - 178 - 182 - 184 - 185 - 191 - 192 - 194 - 198 - 200 - 201 - 204 - 207 - 208 - 210 - 211 - 213 - 215 - 217 - 218 - 221 - 222 - 223 - 230 - 233 - 236 - 239 - 241 - 242 - 250 - 251 - 255 - 256 - 257 - 260 - 266 - 267 - 270 - 271 - 273 - 277 - 280 - 281 - 287 - 288 - 293 - 294 - 296 - 297 - 299 - 305 - 307 - 308 - 311 - 312 - 313 - 314 - 319 - 321 - 323 - 324 - 328 - 331 - 332 - 335 - 338 - 342 - 345 - 346 - 347 - 354 - 357 - 358 - 362 - 364 - 369 - 371 - 377 - 379 - 380 - 384 - 385 - 386 - 390 - 391 - 393 - 400 - 406 - 407 - 409 - 410 - 411 - 412 - 416 - 419 - 421 - 425 - 426 - 430 - 431 - 432 - 433 - 444 - 448 - 451 - 452 - 457 - 458 - 459 - 461 - 464 - 465 - 466 - 467 - 474 - 478 - 483 - 484 - 487 - 488 - 490 - 493 - 494 - 497,7879780.2,10.9,92136,80369,94.73,Cost: 92136 & Capacity: 80369
0 - 1 - 2 - 4 - 5 - 8 - 9 - 10 - 12 - 14 - 15 - 16 - 18 - 20 - 21 - 22 - 23 - 24 - 27 - 28 - 30 - 31 - 32 - 33 - 36 - 39 - 40 - 41 - 42 - 44 - 45 - 46 - 48 - 49 - 51 - 52 - 54 - 55 - 57 - 58 - 59 - 61 - 65 - 66 - 67 - 68 - 69 - 71 - 75 - 76 - 77 - 78 - 80 - 81 - 83 - 84 - 85 - 87 - 88 - 89 - 91 - 92 - 94 - 99 - 101 - 102 - 103 - 105 - 107 - 110 - 111 - 112 - 113 - 114 - 115 - 117 - 118 - 119 - 127 - 129 - 132 - 135 - 137 - 138 - 139 - 142 - 144 - 145 - 146 - 148 - 149 - 150 - 152 - 155 - 156 - 157 - 161 - 163 - 167 - 171 - 172 - 174 - 175 - 176 - 178 - 179 - 182 - 183 - 185 - 188 - 190 - 191 - 192 - 194 - 196 - 197 - 198 - 199 - 200 - 201 - 202 - 203 - 204 - 205 - 206 - 207 - 208 - 211 - 213 - 214 - 216 - 217 - 218 - 219 - 220 - 221 - 222 - 223 - 224 - 230 - 231 - 232 - 233 - 235 - 236 - 237 - 239 - 240 - 241 - 242 - 243 - 244 - 247 - 250 - 251 - 252 - 254 - 257 - 258 - 260 - 264 - 266 - 268 - 269 - 270 - 271 - 272 - 274 - 275 - 276 - 278 - 281 - 282 - 283 - 284 - 286 - 288 - 289 - 290 - 293 - 294 - 295 - 298 - 299 - 300 - 301 - 302 - 303 - 304 - 305 - 306 - 308 - 309 - 310 - 312 - 313 - 314 - 315 - 317 - 319 - 320 - 321 - 323 - 324 - 325 - 326 - 328 - 329 - 332 - 338 - 339 - 340 - 342 - 344 - 347 - 356 - 357 - 358 - 360 - 361 - 362 - 363 - 364 - 365 - 366 - 367 - 371 - 373 - 374 - 375 - 377 - 380 - 381 - 383 - 386 - 387 - 388 - 389 - 390 - 391 - 392 - 393 - 394 - 399 - 400 - 406 - 407 - 408 - 409 - 411 - 413 - 415 - 416 - 417 - 418 - 420 - 422 - 424 - 426 - 427 - 430 - 433 - 435 - 437 - 438 - 439 - 440 - 444 - 445 - 447 - 449 - 450 - 451 - 452 - 458 - 461 - 462 - 463 - 466 - 467 - 474 - 475 - 478 - 479 - 480 - 483 - 484 - 487 - 489 - 490 - 492 - 493 - 496 - 498,21554348.8,0.1,92210,96471,95.11,Cost: 92210 & Capacity: 96471
0 - 1 - 2 - 4 - 5 - 8 - 9 - 10 - 12 - 14 - 15 - 16 - 18 - 20 - 21 - 22 - 23 - 24 - 27 - 28 - 30 - 31 - 32 - 33 - 36 - 39 - 40 - 41 - 42 - 44 - 45 - 46 - 48 - 49 - 51 - 52 - 54 - 55 - 57 - 58 - 59 - 61 - 65 - 66 - 67 - 68 - 69 - 71 - 75 - 76 - 77 - 78 - 80 - 81 - 83 - 84 - 85 - 87 - 88 - 89 - 91 - 92 - 94 - 99 - 101 - 102 - 103 - 105 - 107 - 110 - 111 - 112 - 113 - 114 - 115 - 117 - 118 - 119 - 127 - 129 - 132 - 135 - 137 - 138 - 139 - 142 - 144 - 145 - 146 - 148 - 149 - 150 - 152 - 155 - 156 - 157 - 161 - 163 - 167 - 171 - 172 - 174 - 175 - 176 - 178 - 179 - 182 - 183 - 185 - 188 - 190 - 191 - 192 - 194 - 196 - 197 - 198 - 199 - 200 - 201 - 202 - 203 - 204 - 205 - 206 - 207 - 208 - 211 - 213 - 214 - 216 - 217 - 218 - 219 - 220 - 221 - 222 - 223 - 224 - 230 - 231 - 232 - 233 - 235 - 236 - 237 - 239 - 240 - 241 - 242 - 243 - 244 - 247 - 250 - 251 - 252 - 254 - 257 - 258 - 260 - 264 - 266 - 268 - 269 - 270 - 271 - 272 - 274 - 275 - 276 - 278 - 281 - 282 - 283 - 284 - 286 - 288 - 289 - 290 - 293 - 294 - 295 - 298 - 299 - 300 - 301 - 302 - 303 - 304 - 305 - 306 - 308 - 309 - 310 - 312 - 313 - 314 - 315 - 317 - 319 - 320 - 321 - 323 - 324 - 325 - 326 - 328 - 329 - 332 - 338 - 339 - 340 - 342 - 344 - 347 - 356 - 357 - 358 - 360 - 361 - 362 - 363 - 364 - 365 - 366 - 367 - 371 - 373 - 374 - 375 - 377 - 380 - 381 - 383 - 386 - 387 - 388 - 389 - 390 - 391 - 392 - 393 - 394 - 399 - 400 - 406 - 407 - 408 - 409 - 411 - 413 - 415 - 416 - 417 - 418 - 420 - 422 - 424 - 426 - 427 - 430 - 433 - 435 - 437 - 438 - 439 - 440 - 444 - 445 - 447 - 449 - 450 - 451 - 452 - 458 - 461 - 462 - 463 - 466 - 467 - 474 - 475 - 478 - 479 - 480 - 483 - 484 - 487 - 489 - 490 - 492 - 493 - 496 - 498,21554348.8,0.1,92210,96471,97.14,Cost: 92210 & Capacity: 96471
0 - 1 - 2 - 5 - 8 - 9 - 10 - 12 - 14 - 15 - 16 - 18 - 20 - 21 - 22 - 23 - 24 - 27 - 28 - 30 - 31 - 32 - 33 - 36 - 39 - 40 - 41 - 42 - 44 - 45 - 46 - 48 - 49 - 52 - 54 - 55 - 57 - 58 - 59 - 61 - 63 - 65 - 66 - 67 - 68 - 69 - 71 - 75 - 76 - 77 - 78 - 80 - 81 - 83 - 84 - 85 - 88 - 89 - 91 - 92 - 94 - 99 - 101 - 102 - 103 - 105 - 107 - 110 - 111 - 112 - 113 - 114 - 115 - 117 - 118 - 119 - 125 - 127 - 129 - 130 - 132 - 135 - 137 - 138 - 139 - 142 - 144 - 145 - 146 - 148 - 149 - 150 - 152 - 155 - 156 - 157 - 161 - 163 - 164 - 167 - 171 - 172 - 174 - 175 - 176 - 178 - 179 - 182 - 183 - 185 - 188 - 190 - 191 - 192 - 194 - 196 - 197 - 198 - 199 - 200 - 201 - 202 - 203 - 205 - 206 - 207 - 208 - 211 - 213 - 214 - 216 - 217 - 218 - 219 - 220 - 221 - 222 - 223 - 224 - 230 - 231 - 232 - 233 - 235 - 236 - 237 - 239 - 240 - 241 - 242 - 243 - 244 - 247 - 250 - 251 - 252 - 254 - 257 - 258 - 260 - 264 - 266 - 268 - 269 - 270 - 271 - 272 - 274 - 275 - 276 - 278 - 281 - 282 - 283 - 284 - 286 - 288 - 289 - 290 - 293 - 294 - 295 - 298 - 299 - 300 - 301 - 302 - 303 - 304 - 305 - 306 - 308 - 309 - 310 - 312 - 313 - 314 - 315 - 317 - 319 - 320 - 321 - 323 - 324 - 325 - 326 - 328 - 329 - 332 - 338 - 339 - 340 - 342 - 344 - 347 - 356 - 357 - 358 - 360 - 361 - 362 - 363 - 364 - 365 - 366 - 367 - 371 - 373 - 374 - 375 - 377 - 380 - 381 - 383 - 386 - 387 - 388 - 389 - 390 - 391 - 392 - 393 - 394 - 399 - 400 - 406 - 407 - 408 - 409 - 413 - 415 - 416 - 417 - 418 - 420 - 422 - 424 - 426 - 427 - 429 - 430 - 433 - 435 - 437 - 438 - 439 - 440 - 444 - 445 - 447 - 449 - 450 - 452 - 458 - 461 - 462 - 463 - 466 - 467 - 474 - 478 - 479 - 480 - 483 - 484 - 487 - 489 - 490 - 492 - 493 - 496 - 498,21202594.9,0.1,90407,94501,97.7,Cost: 90407 & Capacity: 94501
0 - 1 - 2 - 4 - 5 - 8 - 9 - 10 - 12 - 14 - 15 - 16 - 18 - 20 - 21 - 22 - 23 - 24 - 27 - 28 - 30 - 31 - 32 - 33 - 36 - 39 - 40 - 41 - 42 - 44 - 45 - 46 - 48 - 49 - 51 - 52 - 54 - 55 - 57 - 58 - 59 - 61 - 65 - 66 - 67 - 68 - 69 - 71 - 75 - 76 - 77 - 78 - 80 - 81 - 83 - 84 - 85 - 87 - 88 - 89 - 91 - 92 - 94 - 99 - 101 - 102 - 103 - 105 - 107 - 110 - 111 - 112 - 113 - 114 - 115 - 117 - 118 - 119 - 127 - 129 - 132 - 135 - 137 - 138 - 139 - 142 - 144 - 145 - 146 - 148 - 149 - 150 - 152 - 155 - 156 - 157 - 161 - 163 - 167 - 171 - 172 - 174 - 175 - 176 - 178 - 179 - 182 - 183 - 185 - 188 - 190 - 191 - 192 - 194 - 196 - 197 - 198 - 199 - 200 - 201 - 202 - 203 - 204 - 205 - 206 - 207 - 208 - 211 - 213 - 214 - 216 - 217 - 218 - 219 - 220 - 221 - 222 - 223 - 224 - 230 - 231 - 232 - 233 - 235 - 236 - 237 - 239 - 240 - 241 - 242 - 243 - 244 - 247 - 250 - 251 - 252 - 254 - 257 - 258 - 260 - 264 - 266 - 268 - 269 - 270 - 271 - 272 - 274 - 275 - 276 - 278 - 281 - 282 - 283 - 284 - 286 - 288 - 289 - 290 - 293 - 294 - 295 - 298 - 299 - 300 - 301 - 302 - 303 - 304 - 305 - 306 - 308 - 309 - 310 - 312 - 313 - 314 - 315 - 317 - 319 - 320 - 321 - 323 - 324 - 325 - 326 - 328 - 329 - 332 - 338 - 339 - 340 - 342 - 344 - 347 - 356 - 357 - 358 - 360 - 361 - 362 - 363 - 364 - 365 - 366 - 367 - 371 - 373 - 374 - 375 - 377 - 380 - 381 - 383 - 386 - 387 - 388 - 389 - 390 - 391 - 392 - 393 - 394 - 399 - 400 - 406 - 407 - 408 - 409 - 411 - 413 - 415 - 416 - 417 - 418 - 420 - 422 - 424 - 426 - 427 - 430 - 433 - 435 - 437 - 438 - 439 - 440 - 444 - 445 - 447 - 449 - 450 - 451 - 452 - 458 - 461 - 462 - 463 - 466 - 467 - 474 - 475 - 478 - 479 - 480 - 483 - 484 - 487 - 489 - 490 - 492 - 493 - 496 - 498,21554348.8,0.1,92210,96471,97.91,Cost: 92210 & Capacity: 96471
1 - 3 - 8 - 27 - 31 - 41 - 44 - 46 - 47 - 49 - 50 - 51 - 54 - 57 - 59 - 69 - 72 - 75 - 81 - 84 - 85 - 91 - 95 - 97 - 98 - 99 - 104 - 107 - 113 - 114 - 118 - 119 - 121 - 125 - 127 - 129 - 131 - 136 - 140 - 144 - 152 - 157 - 163 - 166 - 169 - 170 - 172 - 176 - 177 - 178 - 182 - 184 - 187 - 188 - 191 - 192 - 194 - 197 - 198 - 199 - 200 - 201 - 204 - 207 - 208 - 210 - 211 - 212 - 213 - 217 - 221 - 223 - 224 - 230 - 236 - 239 - 241 - 243 - 250 - 251 - 256 - 257 - 258 - 260 - 261 - 262 - 266 - 267 - 271 - 272 - 273 - 286 - 287 - 288 - 290 - 292 - 293 - 294 - 299 - 301 - 304 - 305 - 308 - 309 - 311 - 313 - 317 - 320 - 321 - 325 - 328 - 329 - 332 - 334 - 335 - 338 - 339 - 342 - 345 - 346 - 347 - 348 - 352 - 354 - 357 - 358 - 363 - 364 - 371 - 377 - 379 - 380 - 386 - 387 - 390 - 393 - 398 - 400 - 406 - 407 - 409 - 412 - 413 - 418 - 419 - 421 - 422 - 424 - 425 - 426 - 427 - 433 - 437 - 439 - 441 - 444 - 450 - 451 - 452 - 453 - 454 - 457 - 458 - 461 - 462 - 464 - 465 - 466 - 472 - 482 - 487 - 488 - 490 - 493 - 494 - 495,7899352.5,10.8,92068,81354,98.67,Cost: 92068 & Capacity: 81354
3 - 13 - 17 - 23 - 27 - 30 - 31 - 34 - 41 - 44 - 45 - 46 - 49 - 50 - 51 - 53 - 56 - 59 - 65 - 71 - 74 - 75 - 76 - 81 - 84 - 88 - 91 - 93 - 97 - 98 - 100 - 103 - 104 - 109 - 111 - 118 - 119 - 121 - 128 - 131 - 136 - 139 - 140 - 144 - 148 - 152 - 154 - 155 - 157 - 166 - 169 - 170 - 172 - 176 - 177 - 178 - 182 - 184 - 187 - 190 - 191 - 192 - 194 - 204 - 210 - 221 - 223 - 225 - 230 - 237 - 238 - 242 - 249 - 250 - 251 - 257 - 260 - 261 - 262 - 267 - 270 - 272 - 273 - 285 - 286 - 287 - 288 - 290 - 292 - 293 - 294 - 296 - 301 - 304 - 308 - 311 - 317 - 321 - 328 - 329 - 332 - 338 - 339 - 341 - 342 - 347 - 350 - 352 - 354 - 357 - 372 - 377 - 379 - 384 - 386 - 391 - 393 - 400 - 406 - 407 - 409 - 412 - 413 - 416 - 419 - 421 - 424 - 427 - 432 - 433 - 437 - 439 - 444 - 445 - 450 - 452 - 453 - 457 - 458 - 461 - 462 - 465 - 466 - 472 - 475 - 476 - 480 - 487 - 488 - 490 - 493 - 494 - 495,5886602.9,16.6,88946,73445,98.69,Cost: 88946 & Capacity: 73445
0 - 1 - 2 - 4 - 5 - 8 - 9 - 10 - 12 - 14 - 15 - 16 - 18 - 20 - 21 - 22 - 23 - 24 - 27 - 28 - 30 - 31 - 32 - 33 - 36 - 39 - 40 - 41 - 42 - 44 - 45 - 46 - 48 - 49 - 51 - 52 - 54 - 55 - 57 - 58 - 59 - 61 - 65 - 66 - 67 - 68 - 69 - 71 - 75 - 76 - 77 - 78 - 80 - 81 - 83 - 84 - 85 - 87 - 88 - 89 - 91 - 92 - 94 - 99 - 101 - 102 - 103 - 105 - 107 - 110 - 111 - 112 - 113 - 114 - 115 - 117 - 118 - 119 - 127 - 129 - 132 - 135 - 137 - 138 - 139 - 142 - 144 - 145 - 146 - 148 - 149 - 150 - 152 - 155 - 156 - 157 - 161 - 163 - 167 - 171 - 172 - 174 - 175 - 176 - 178 - 179 - 182 - 183 - 185 - 188 - 190 - 191 - 192 - 194 - 196 - 197 - 198 - 199 - 200 - 201 - 202 - 203 - 204 - 205 - 206 - 207 - 208 - 211 - 213 - 214 - 216 - 217 - 218 - 219 - 220 - 221 - 222 - 223 - 224 - 230 - 231 - 232 - 233 - 235 - 236 - 237 - 239 - 240 - 241 - 242 - 243 - 244 - 247 - 250 - 251 - 252 - 254 - 257 - 258 - 260 - 264 - 266 - 268 - 269 - 270 - 271 - 272 - 274 - 275 - 276 - 278 - 281 - 282 - 283 - 284 - 286 - 288 - 289 - 290 - 293 - 294 - 295 - 298 - 299 - 300 - 301 - 302 - 303 - 304 - 305 - 306 - 308 - 309 - 310 - 312 - 313 - 314 - 315 - 317 - 319 - 320 - 321 - 323 - 324 - 325 - 326 - 328 - 329 - 332 - 338 - 339 - 340 - 342 - 344 - 347 - 356 - 357 - 358 - 360 - 361 - 362 - 363 - 364 - 365 - 366 - 367 - 371 - 373 - 374 - 375 - 377 - 380 - 381 - 383 - 386 - 387 - 388 - 389 - 390 - 391 - 392 - 393 - 394 - 399 - 400 - 406 - 407 - 408 - 409 - 411 - 413 - 415 - 416 - 417 - 418 - 420 - 422 - 424 - 426 - 427 - 430 - 433 - 435 - 437 - 438 - 439 - 440 - 444 - 445 - 447 - 449 - 450 - 451 - 452 - 458 - 461 - 462 - 463 - 466 - 467 - 474 - 475 - 478 - 479 - 480 - 483 - 484 - 487 - 489 - 490 - 492 - 493 - 496 - 498,21554348.8,0.1,92210,96471,99.59,Cost: 92210 & Capacity: 96471
0 - 3 - 4 - 11 - 13 - 15 - 18 - 22 - 23 - 31 - 33 - 40 - 41 - 45 - 46 - 50 - 51 - 55 - 58 - 59 - 68 - 69 - 71 - 72 - 75 - 77 - 81 - 84 - 89 - 91 - 97 - 98 - 107 - 113 - 116 - 118 - 119 - 120 - 122 - 123 - 125 - 127 - 129 - 131 - 133 - 135 - 136 - 143 - 148 - 152 - 157 - 162 - 163 - 166 - 169 - 170 - 172 - 173 - 176 - 178 - 182 - 184 - 190 - 197 - 199 - 200 - 204 - 206 - 208 - 210 - 212 - 213 - 215 - 219 - 221 - 223 - 230 - 231 - 234 - 236 - 239 - 240 - 242 - 245 - 248 - 249 - 251 - 253 - 257 - 260 - 261 - 263 - 270 - 271 - 276 - 277 - 279 - 281 - 283 - 285 - 286 - 287 - 288 - 294 - 299 - 301 - 305 - 308 - 311 - 313 - 314 - 319 - 322 - 325 - 327 - 328 - 334 - 335 - 346 - 352 - 353 - 357 - 358 - 362 - 364 - 369 - 375 - 377 - 380 - 383 - 384 - 386 - 397 - 410 - 411 - 412 - 413 - 415 - 419 - 424 - 425 - 433 - 437 - 439 - 442 - 444 - 449 - 450 - 451 - 452 - 453 - 454 - 458 - 460 - 464 - 465 - 471 - 472 - 473 - 478 - 487 - 489 - 490 - 492 - 493 - 498,7094490.1,12.2,92064,78941,100.62,Cost: 92064 & Capacity: 78941
0 - 1 - 2 - 4 - 5 - 8 - 9 - 10 - 12 - 14 - 15 - 16 - 18 - 20 - 21 - 22 - 23 - 24 - 27 - 28 - 30 - 31 - 32 - 33 - 36 - 39 - 40 - 41 - 42 - 44 - 45 - 46 - 48 - 49 - 51 - 52 - 54 - 55 - 57 - 58 - 59 - 61 - 65 - 66 - 67 - 68 - 69 - 71 - 75 - 76 - 77 - 78 - 80 - 81 - 83 - 84 - 85 - 87 - 88 - 89 - 91 - 92 - 94 - 99 - 101 - 102 - 103 - 105 - 107 - 110 - 111 - 112 - 113 - 114 - 115 - 117 - 118 - 119 - 127 - 129 - 132 - 135 - 137 - 138 - 139 - 142 - 144 - 145 - 146 - 148 - 149 - 150 - 152 - 155 - 156 - 157 - 161 - 163 - 167 - 171 - 172 - 174 - 175 - 176 - 178 - 179 - 182 - 183 - 185 - 188 - 190 - 191 - 192 - 194 - 196 - 197 - 198 - 199 - 200 - 201 - 202 - 203 - 204 - 205 - 206 - 207 - 208 - 211 - 213 - 214 - 216 - 217 - 218 - 219 - 220 - 221 - 222 - 223 - 224 - 230 - 231 - 232 - 233 - 235 - 236 - 237 - 239 - 240 - 241 - 242 - 243 - 244 - 247 - 250 - 251 - 252 - 254 - 257 - 258 - 260 - 264 - 266 - 268 - 269 - 270 - 271 - 272 - 274 - 275 - 276 - 278 - 281 - 282 - 283 - 284 - 286 - 288 - 289 - 290 - 293 - 294 - 295 - 298 - 299 - 300 - 301 - 302 - 303 - 304 - 305 - 306 - 308 - 309 - 310 - 312 - 313 - 314 - 315 - 317 - 319 - 320 - 321 - 323 - 324 - 325 - 326 - 328 - 329 - 332 - 338 - 339 - 340 - 342 - 344 - 347 - 356 - 357 - 358 - 360 - 361 - 362 - 363 - 364 - 365 - 366 - 367 - 371 - 373 - 374 - 375 - 377 - 380 - 381 - 383 - 386 - 387 - 388 - 389 - 390 - 391 - 392 - 393 - 394 - 399 - 400 - 406 - 407 - 408 - 409 - 411 - 413 - 415 - 416 - 417 - 418 - 420 - 422 - 424 - 426 - 427 - 430 - 433 - 435 - 437 - 438 - 439 - 440 - 444 - 445 - 447 - 449 - 450 - 451 - 452 - 458 - 461 - 462 - 463 - 466 - 467 - 474 - 475 - 478 - 479 - 480 - 483 - 484 - 487 - 489 - 490 - 492 - 493 - 496 - 498,21554348.8,0.1,92210,96471,101.14,Cost: 92210 & Capacity: 96471
0 - 1 - 2 - 4 - 5 - 8 - 9 - 10 - 12 - 14 - 15 - 16 - 18 - 20 - 21 - 22 - 23 - 24 - 27 - 28 - 30 - 31 - 32 - 33 - 36 - 39 - 40 - 41 - 42 - 44 - 45 - 46 - 48 - 49 - 51 - 52 - 54 - 55 - 57 - 58 - 59 - 61 - 65 - 66 - 67 - 68 - 69 - 71 - 75 - 76 - 77 - 78 - 80 - 81 - 83 - 84 - 85 - 87 - 88 - 89 - 91 - 92 - 94 - 99 - 101 - 102 - 103 - 105 - 107 - 110 - 111 - 112 - 113 - 114 - 115 - 117 - 118 - 119 - 127 - 129 - 132 - 135 - 137 - 138 - 139 - 142 - 144 - 145 - 146 - 148 - 149 - 150 - 152 - 155 - 156 - 157 - 161 - 163 - 167 - 171 - 172 - 174 - 175 - 176 - 178 - 179 - 182 - 183 - 185 - 188 - 190 - 191 - 192 - 194 - 196 - 197 - 198 - 199 - 200 - 201 - 202 - 203 - 204 - 205 - 206 - 207 - 208 - 211 - 213 - 214 - 216 - 217 - 218 - 219 - 220 - 221 - 222 - 223 - 224 - 230 - 231 - 232 - 233 - 235 - 236 - 237 - 239 - 240 - 241 - 242 - 243 - 244 - 247 - 250 - 251 - 252 - 254 - 257 - 258 - 260 - 264 - 266 - 268 - 269 - 270 - 271 - 272 - 274 - 275 - 276 - 278 - 281 - 282 - 283 - 284 - 286 - 288 - 289 - 290 - 293 - 294 - 295 - 298 - 299 - 300 - 301 - 302 - 303 - 304 - 305 - 306 - 308 - 309 - 310 - 312 - 313 - 314 - 315 - 317 - 319 - 320 - 321 - 323 - 324 - 325 - 326 - 328 - 329 - 332 - 338 - 339 - 340 - 342 - 344 - 347 - 356 - 357 - 358 - 360 - 361 - 362 - 363 - 364 - 365 - 366 - 367 - 371 - 373 - 374 - 375 - 377 - 380 - 381 - 383 - 386 - 387 - 388 - 389 - 390 - 391 - 392 - 393 - 394 - 399 - 400 - 406 - 407 - 408 - 409 - 411 - 413 - 415 - 416 - 417 - 418 - 420 - 422 - 424 - 426 - 427 - 430 - 433 - 435 - 437 - 438 - 439 - 440 - 444 - 445 - 447 - 449 - 450 - 451 - 452 - 458 - 461 - 462 - 463 - 466 - 467 - 474 - 475 - 478 - 479 - 480 - 483 - 484 - 487 - 489 - 490 - 492 - 493 - 496 - 498,21554348.8,0.1,92210,96471,102.08,Cost: 92210 & Capacity: 96471
0 - 1 - 2 - 4 - 5 - 8 - 9 - 10 - 12 - 14 - 15 - 16 - 18 - 20 - 21 - 22 - 23 - 24 - 27 - 28 - 30 - 31 - 32 - 33 - 36 - 39 - 40 - 41 - 42 - 44 - 45 - 46 - 48 - 49 - 51 - 52 - 54 - 55 - 57 - 58 - 59 - 61 - 65 - 66 - 67 - 68 - 69 - 71 - 75 - 76 - 77 - 78 - 80 - 81 - 83 - 84 - 85 - 87 - 88 - 89 - 91 - 92 - 94 - 99 - 101 - 102 - 103 - 105 - 107 - 110 - 111 - 112 - 113 - 114 - 115 - 117 - 118 - 119 - 127 - 129 - 132 - 135 - 137 - 138 - 139 - 142 - 144 - 145 - 146 - 148 - 149 - 150 - 152 - 155 - 156 - 157 - 161 - 163 - 167 - 171 - 172 - 174 - 175 - 176 - 178 - 179 - 182 - 183 - 185 - 188 - 190 - 191 - 192 - 194 - 196 - 197 - 198 - 199 - 200 - 201 - 202 - 203 - 204 - 205 - 206 - 207 - 208 - 211 - 213 - 214 - 216 - 217 - 218 - 219 - 220 - 221 - 222 - 223 - 224 - 230 - 231 - 232 - 233 - 235 - 236 - 237 - 239 - 240 - 241 - 242 - 243 - 244 - 247 - 250 - 251 - 252 - 254 - 257 - 258 - 260 - 264 - 266 - 268 - 269 - 270 - 271 - 272 - 274 - 275 - 276 - 278 - 281 - 282 - 283 - 284 - 286 - 288 - 289 - 290 - 293 - 294 - 295 - 298 - 299 - 300 - 301 - 302 - 303 - 304 - 305 - 306 - 308 - 309 - 310 - 312 - 313 - 314 - 315 - 317 - 319 - 320 - 321 - 323 - 324 - 325 - 326 - 328 - 329 - 332 - 338 - 339 - 340 - 342 - 344 - 347 - 356 - 357 - 358 - 360 - 361 - 362 - 363 - 364 - 365 - 366 - 367 - 371 - 373 - 374 - 375 - 377 - 380 - 381 - 383 - 386 - 387 - 388 - 389 - 390 - 391 - 392 - 393 - 394 - 399 - 400 - 406 - 407 - 408 - 409 - 411 - 413 - 415 - 416 - 417 - 418 - 420 - 422 - 424 - 426 - 427 - 430 - 433 - 435 - 437 - 438 - 439 - 440 - 444 - 445 - 447 - 449 - 450 - 451 - 452 - 458 - 461 - 462 - 463 - 466 - 467 - 474 - 475 - 478 - 479 - 480 - 483 - 484 - 487 - 489 - 490 - 492 - 493 - 496 - 498,21554348.8,0.1,92210,96471,106.13,Cost: 92210 & Capacity: 96471
0 - 1 - 2 - 4 - 5 - 8 - 9 - 10 - 12 - 14 - 15 - 16 - 18 - 20 - 21 - 22 - 23 - 24 - 27 - 28 - 30 - 31 - 32 - 33 - 36 - 39 - 40 - 41 - 42 - 44 - 45 - 46 - 48 - 49 - 51 - 52 - 54 - 55 - 57 - 58 - 59 - 61 - 65 - 66 - 67 - 68 - 69 - 71 - 75 - 76 - 77 - 78 - 80 - 81 - 83 - 84 - 85 - 87 - 88 - 89 - 91 - 92 - 94 - 99 - 101 - 102 - 103 - 105 - 107 - 110 - 111 - 112 - 113 - 114 - 115 - 117 - 118 - 119 - 127 - 129 - 132 - 135 - 137 - 138 - 139 - 142 - 144 - 145 - 146 - 148 - 149 - 150 - 152 - 155 - 156 - 157 - 161 - 163 - 167 - 171 - 172 - 174 - 175 - 176 - 178 - 179 - 182 - 183 - 185 - 188 - 190 - 191 - 192 - 194 - 196 - 197 - 198 - 199 - 200 - 201 - 202 - 203 - 204 - 205 - 206 - 207 - 208 - 211 - 213 - 214 - 216 - 217 - 218 - 219 - 220 - 221 - 222 - 223 - 224 - 230 - 231 - 232 - 233 - 235 - 236 - 237 - 239 - 240 - 241 - 242 - 243 - 244 - 247 - 250 - 251 - 252 - 254 - 257 - 258 - 260 - 264 - 266 - 268 - 269 - 270 - 271 - 272 - 274 - 275 - 276 - 278 - 281 - 282 - 283 - 284 - 286 - 288 - 289 - 290 - 293 - 294 - 295 - 298 - 299 - 300 - 301 - 302 - 303 - 304 - 305 - 306 - 308 - 309 - 310 - 312 - 313 - 314 - 315 - 317 - 319 - 320 - 321 - 323 - 324 - 325 - 326 - 328 - 329 - 332 - 338 - 339 - 340 - 342 - 344 - 347 - 356 - 357 - 358 - 360 - 361 - 362 - 363 - 364 - 365 - 366 - 367 - 371 - 373 - 374 - 375 - 377 - 380 - 381 - 383 - 386 - 387 - 388 - 389 - 390 - 391 - 392 - 393 - 394 - 399 - 400 - 406 - 407 - 408 - 409 - 411 - 413 - 415 - 416 - 417 - 418 - 420 - 422 - 424 - 426 - 427 - 430 - 433 - 435 - 437 - 438 - 439 - 440 - 444 - 445 - 447 - 449 - 450 - 451 - 452 - 458 - 461 - 462 - 463 - 466 - 467 - 474 - 475 - 478 - 479 - 480 - 483 - 484 - 487 - 489 - 490 - 492 - 493 - 496 - 498,21554348.8,0.1,92210,96471,106.58,Cost: 92210 & Capacity: 96471
0 - 1 - 2 - 4 - 5 - 8 - 9 - 10 - 12 - 14 - 15 - 16 - 18 - 20 - 21 - 22 - 23 - 24 - 27 - 28 - 30 - 31 - 32 - 33 - 36 - 39 - 40 - 41 - 42 - 44 - 45 - 46 - 48 - 49 - 51 - 52 - 54 - 55 - 57 - 58 - 59 - 61 - 65 - 66 - 67 - 68 - 69 - 71 - 75 - 76 - 77 - 78 - 80 - 81 - 83 - 84 - 85 - 87 - 88 - 89 - 91 - 92 - 94 - 99 - 101 - 102 - 103 - 105 - 107 - 110 - 111 - 112 - 113 - 114 - 115 - 117 - 118 - 119 - 127 - 129 - 132 - 135 - 137 - 138 - 139 - 142 - 144 - 145 - 146 - 148 - 149 - 150 - 152 - 155 - 156 - 157 - 161 - 163 - 167 - 171 - 172 - 174 - 175 - 176 - 178 - 179 - 182 - 183 - 185 - 188 - 190 - 191 - 192 - 194 - 196 - 197 - 198 - 199 - 200 - 201 - 202 - 203 - 204 - 205 - 206 - 207 - 208 - 211 - 213 - 214 - 216 - 217 - 218 - 219 - 220 - 221 - 222 - 223 - 224 - 230 - 231 - 232 - 233 - 235 - 236 - 237 - 239 - 240 - 241 - 242 - 243 - 244 - 247 - 250 - 251 - 252 - 254 - 257 - 258 - 260 - 264 - 266 - 268 - 269 - 270 - 271 - 272 - 274 - 275 - 276 - 278 - 281 - 282 - 283 - 284 - 286 - 288 - 289 - 290 - 293 - 294 - 295 - 298 - 299 - 300 - 301 - 302 - 303 - 304 - 305 - 306 - 308 - 309 - 310 - 312 - 313 - 314 - 315 - 317 - 319 - 320 - 321 - 323 - 324 - 325 - 326 - 328 - 329 - 332 - 338 - 339 - 340 - 342 - 344 - 347 - 356 - 357 - 358 - 360 - 361 - 362 - 363 - 364 - 365 - 366 - 367 - 371 - 373 - 374 - 375 - 377 - 380 - 381 - 383 - 386 - 387 - 388 - 389 - 390 - 391 - 392 - 393 - 394 - 399 - 400 - 406 - 407 - 408 - 409 - 411 - 413 - 415 - 416 - 417 - 418 - 420 - 422 - 424 - 426 - 427 - 430 - 433 - 435 - 437 - 438 - 439 - 440 - 444 - 445 - 447 - 449 - 450 - 451 - 452 - 458 - 461 - 462 - 463 - 466 - 467 - 474 - 475 - 478 - 479 - 480 - 483 - 484 - 487 - 489 - 490 - 492 - 493 - 496 - 498,21554348.8,0.1,92210,96471,106.86,Cost: 92210 & Capacity: 96471
0 - 1 - 2 - 5 - 8 - 9 - 10 - 12 - 14 - 15 - 16 - 18 - 20 - 21 - 22 - 23 - 24 - 27 - 28 - 30 - 32 - 33 - 36 - 39 - 40 - 41 - 42 - 44 - 45 - 48 - 49 - 52 - 54 - 55 - 57 - 58 - 59 - 61 - 63 - 65 - 66 - 67 - 68 - 69 - 71 - 75 - 76 - 77 - 78 - 80 - 81 - 83 - 84 - 85 - 88 - 89 - 91 - 92 - 94 - 99 - 101 - 102 - 103 - 105 - 107 - 110 - 111 - 112 - 113 - 114 - 115 - 117 - 118 - 119 - 125 - 127 - 129 - 132 - 135 - 137 - 138 - 139 - 142 - 144 - 145 - 146 - 148 - 149 - 150 - 152 - 155 - 156 - 157 - 161 - 163 - 164 - 167 - 171 - 172 - 174 - 175 - 176 - 178 - 179 - 182 - 183 - 185 - 188 - 190 - 191 - 192 - 194 - 196 - 197 - 198 - 199 - 200 - 202 - 203 - 205 - 206 - 207 - 208 - 211 - 213 - 214 - 216 - 217 - 218 - 219 - 220 - 221 - 222 - 223 - 224 - 230 - 231 - 232 - 233 - 235 - 236 - 237 - 239 - 240 - 241 - 242 - 243 - 244 - 247 - 250 - 251 - 252 - 254 - 257 - 258 - 260 - 264 - 266 - 268 - 269 - 270 - 271 - 272 - 274 - 275 - 276 - 278 - 281 - 282 - 283 - 284 - 286 - 288 - 289 - 290 - 293 - 294 - 295 - 298 - 299 - 300 - 301 - 302 - 303 - 304 - 305 - 306 - 308 - 309 - 310 - 312 - 313 - 314 - 315 - 317 - 319 - 320 - 321 - 323 - 324 - 325 - 326 - 328 - 329 - 332 - 338 - 339 - 340 - 342 - 344 - 347 - 356 - 357 - 358 - 360 - 361 - 362 - 363 - 365 - 366 - 367 - 371 - 373 - 374 - 375 - 377 - 380 - 381 - 383 - 386 - 387 - 388 - 389 - 390 - 391 - 392 - 393 - 394 - 399 - 400 - 406 - 407 - 408 - 409 - 413 - 415 - 416 - 417 - 418 - 420 - 422 - 424 - 426 - 427 - 429 - 430 - 433 - 435 - 437 - 438 - 439 - 440 - 444 - 445 - 447 - 449 - 450 - 452 - 458 - 461 - 462 - 463 - 466 - 467 - 474 - 478 - 479 - 480 - 483 - 484 - 487 - 489 - 490 - 492 - 493 - 496 - 498,20490870.7,0.1,87281,91349,107.41,Cost: 87281 & Capacity: 91349
0 - 1 - 2 - 5 - 8 - 9 - 10 - 12 - 14 - 15 - 16 - 18 - 20 - 21 - 22 - 23 - 24 - 27 - 28 - 30 - 32 - 33 - 36 - 39 - 40 - 41 - 42 - 44 - 45 - 48 - 49 - 52 - 54 - 55 - 57 - 58 - 59 - 61 - 63 - 65 - 66 - 67 - 68 - 69 - 71 - 75 - 76 - 77 - 78 - 80 - 81 - 83 - 84 - 85 - 88 - 89 - 91 - 92 - 94 - 99 - 101 - 102 - 103 - 105 - 107 - 110 - 111 - 112 - 113 - 114 - 115 - 117 - 118 - 119 - 125 - 127 - 129 - 130 - 132 - 135 - 137 - 138 - 139 - 142 - 144 - 145 - 146 - 148 - 149 - 150 - 152 - 155 - 156 - 157 - 161 - 163 - 164 - 167 - 171 - 172 - 174 - 175 - 176 - 178 - 179 - 182 - 183 - 185 - 188 - 190 - 191 - 192 - 194 - 196 - 197 - 198 - 199 - 200 - 202 - 203 - 205 - 206 - 207 - 208 - 211 - 213 - 214 - 216 - 217 - 218 - 219 - 220 - 221 - 222 - 223 - 224 - 230 - 231 - 232 - 233 - 235 - 236 - 237 - 239 - 240 - 241 - 242 - 243 - 244 - 247 - 250 - 251 - 252 - 254 - 257 - 258 - 260 - 264 - 266 - 268 - 269 - 270 - 271 - 272 - 274 - 275 - 276 - 278 - 281 - 282 - 283 - 284 - 286 - 288 - 289 - 290 - 293 - 294 - 295 - 298 - 299 - 300 - 301 - 302 - 303 - 304 - 305 - 306 - 308 - 309 - 310 - 312 - 313 - 314 - 315 - 317 - 319 - 320 - 321 - 323 - 324 - 325 - 326 - 328 - 329 - 332 - 338 - 339 - 340 - 342 - 344 - 347 - 356 - 357 - 358 - 360 - 361 - 362 - 363 - 365 - 366 - 367 - 371 - 373 - 374 - 375 - 377 - 380 - 381 - 383 - 386 - 387 - 388 - 389 - 390 - 391 - 392 - 393 - 394 - 399 - 400 - 406 - 407 - 408 - 409 - 413 - 415 - 416 - 417 - 418 - 420 - 422 - 424 - 426 - 427 - 429 - 430 - 433 - 435 - 437 - 438 - 439 - 440 - 444 - 445 - 447 - 449 - 450 - 452 - 458 - 461 - 462 - 463 - 466 - 467 - 474 - 478 - 479 - 480 - 483 - 484 - 487 - 489 - 490 - 492 - 493 - 496 - 498,20630763.0,0.1,87903,91808,107.41,Cost: 87903 & Capacity: 91808
0 - 1 - 2 - 5 - 8 - 9 - 10 - 12 - 14 - 15 - 16 - 18 - 20 - 21 - 22 - 23 - 24 - 27 - 28 - 30 - 32 - 33 - 36 - 39 - 40 - 41 - 42 - 44 - 45 - 48 - 49 - 52 - 54 - 55 - 57 - 58 - 59 - 61 - 63 - 65 - 66 - 67 - 68 - 69 - 71 - 75 - 76 - 77 - 78 - 80 - 81 - 83 - 84 - 85 - 88 - 89 - 91 - 92 - 94 - 99 - 101 - 102 - 103 - 105 - 107 - 110 - 111 - 112 - 113 - 114 - 115 - 117 - 118 - 119 - 125 - 127 - 129 - 130 - 132 - 135 - 137 - 138 - 139 - 142 - 144 - 145 - 146 - 148 - 149 - 150 - 152 - 155 - 156 - 157 - 161 - 163 - 164 - 167 - 171 - 172 - 174 - 175 - 176 - 178 - 179 - 182 - 183 - 185 - 188 - 190 - 191 - 192 - 194 - 196 - 197 - 198 - 199 - 200 - 202 - 203 - 205 - 206 - 207 - 208 - 211 - 213 - 214 - 216 - 217 - 218 - 219 - 220 - 221 - 222 - 223 - 224 - 230 - 231 - 232 - 233 - 235 - 236 - 237 - 239 - 240 - 241 - 242 - 243 - 244 - 247 - 250 - 251 - 252 - 254 - 257 - 258 - 260 - 264 - 266 - 268 - 269 - 270 - 271 - 272 - 274 - 275 - 276 - 278 - 281 - 282 - 283 - 284 - 286 - 288 - 289 - 290 - 293 - 294 - 295 - 298 - 299 - 300 - 301 - 302 - 303 - 304 - 305 - 306 - 308 - 309 - 310 - 312 - 313 - 314 - 315 - 317 - 319 - 320 - 321 - 323 - 324 - 325 - 326 - 328 - 329 - 332 - 338 - 339 - 340 - 342 - 344 - 347 - 356 - 357 - 358 - 360 - 361 - 362 - 363 - 364 - 365 - 366 - 367 - 371 - 373 - 374 - 375 - 377 - 380 - 381 - 383 - 386 - 387 - 388 - 389 - 390 - 391 - 392 - 393 - 394 - 399 - 400 - 406 - 407 - 408 - 409 - 413 - 415 - 416 - 417 - 418 - 420 - 422 - 424 - 426 - 427 - 429 - 430 - 433 - 435 - 437 - 438 - 439 - 440 - 444 - 445 - 447 - 449 - 450 - 452 - 458 - 461 - 462 - 463 - 466 - 467 - 474 - 478 - 479 - 480 - 483 - 484 - 487 - 489 - 490 - 492 - 493 - 496 - 498,20775232.2,0.1,88530,92299,107.41,Cost: 88530 & Capacity: 92299
0 - 1 - 2 - 5 - 8 - 9 - 10 - 12 - 14 - 15 - 16 - 18 - 20 - 21 - 22 - 23 - 24 - 27 - 28 - 30 - 32 - 33 - 36 - 39 - 40 - 41 - 42 - 44 - 45 - 48 - 49 - 52 - 54 - 55 - 57 - 58 - 59 - 61 - 63 - 65 - 66 - 67 - 68 - 69 - 71 - 75 - 76 - 77 - 78 - 80 - 81 - 83 - 84 - 85 - 88 - 89 - 91 - 92 - 94 - 99 - 101 - 102 - 103 - 105 - 107 - 110 - 111 - 112 - 113 - 114 - 115 - 117 - 118 - 119 - 125 - 127 - 129 - 130 - 132 - 135 - 137 - 138 - 139 - 142 - 144 - 145 - 146 - 148 - 149 - 150 - 152 - 155 - 156 - 157 - 161 - 163 - 164 - 167 - 171 - 172 - 174 - 175 - 176 - 178 - 179 - 182 - 183 - 185 - 188 - 190 - 191 - 192 - 194 - 196 - 197 - 198 - 199 - 200 - 201 - 202 - 203 - 205 - 206 - 207 - 208 - 211 - 213 - 214 - 216 - 217 - 218 - 219 - 220 - 221 - 222 - 223 - 224 - 230 - 231 - 232 - 233 - 235 - 236 - 237 - 239 - 240 - 241 - 242 - 243 - 244 - 247 - 250 - 251 - 252 - 254 - 257 - 258 - 260 - 264 - 266 - 268 - 269 - 270 - 271 - 272 - 274 - 275 - 276 - 278 - 281 - 282 - 283 - 284 - 286 - 288 - 289 - 290 - 293 - 294 - 295 - 298 - 299 - 300 - 301 - 302 - 303 - 304 - 305 - 306 - 308 - 309 - 310 - 312 - 313 - 314 - 315 - 317 - 319 - 320 - 321 - 323 - 324 - 325 - 326 - 328 - 329 - 332 - 338 - 339 - 340 - 342 - 344 - 347 - 356 - 357 - 358 - 360 - 361 - 362 - 363 - 364 - 365 - 366 - 367 - 371 - 373 - 374 - 375 - 377 - 380 - 381 - 383 - 386 - 387 - 388 - 389 - 390 - 391 - 392 - 393 - 394 - 399 - 400 - 406 - 407 - 408 - 409 - 413 - 415 - 416 - 417 - 418 - 420 - 422 - 424 - 426 - 427 - 429 - 430 - 433 - 435 - 437 - 438 - 439 - 440 - 444 - 445 - 447 - 449 - 450 - 452 - 458 - 461 - 462 - 463 - 466 - 467 - 474 - 478 - 479 - 480 - 483 - 484 - 487 - 489 - 490 - 492 - 493 - 496 - 498,20920716.7,0.1,89154,93245,107.41,Cost: 89154 & Capacity: 93245
0 - 1 - 2 - 4 - 5 - 8 - 9 - 10 - 12 - 14 - 15 - 16 - 18 - 20 - 21 - 22 - 23 - 24 - 27 - 28 - 30 - 31 - 32 - 33 - 36 - 39 - 40 - 41 - 42 - 44 - 45 - 46 - 48 - 49 - 51 - 52 - 54 - 55 - 57 - 58 - 59 - 61 - 65 - 66 - 67 - 68 - 69 - 71 - 75 - 76 - 77 - 78 - 80 - 81 - 83 - 84 - 85 - 87 - 88 - 89 - 91 - 92 - 94 - 99 - 101 - 102 - 103 - 105 - 107 - 110 - 111 - 112 - 113 - 114 - 115 - 117 - 118 - 119 - 127 - 129 - 132 - 135 - 137 - 138 - 139 - 142 - 144 - 145 - 146 - 148 - 149 - 150 - 152 - 155 - 156 - 157 - 161 - 163 - 167 - 171 - 172 - 174 - 175 - 176 - 178 - 179 - 182 - 183 - 185 - 188 - 190 - 191 - 192 - 194 - 196 - 197 - 198 - 199 - 200 - 201 - 202 - 203 - 204 - 205 - 206 - 207 - 208 - 211 - 213 - 214 - 216 - 217 - 218 - 219 - 220 - 221 - 222 - 223 - 224 - 230 - 231 - 232 - 233 - 235 - 236 - 237 - 239 - 240 - 241 - 242 - 243 - 244 - 247 - 250 - 251 - 252 - 254 - 257 - 258 - 260 - 264 - 266 - 268 - 269 - 270 - 271 - 272 - 274 - 275 - 276 - 278 - 281 - 282 - 283 - 284 - 286 - 288 - 289 - 290 - 293 - 294 - 295 - 298 - 299 - 300 - 301 - 302 - 303 - 304 - 305 - 306 - 308 - 309 - 310 - 312 - 313 - 314 - 315 - 317 - 319 - 320 - 321 - 323 - 324 - 325 - 326 - 328 - 329 - 332 - 338 - 339 - 340 - 342 - 344 - 347 - 356 - 357 - 358 - 360 - 361 - 362 - 363 - 364 - 365 - 366 - 367 - 371 - 373 - 374 - 375 - 377 - 380 - 381 - 383 - 386 - 387 - 388 - 389 - 390 - 391 - 392 - 393 - 394 - 399 - 400 - 406 - 407 - 408 - 409 - 411 - 413 - 415 - 416 - 417 - 418 - 420 - 422 - 424 - 426 - 427 - 430 - 433 - 435 - 437 - 438 - 439 - 440 - 444 - 445 - 447 - 449 - 450 - 451 - 452 - 458 - 461 - 462 - 463 - 466 - 467 - 474 - 475 - 478 - 479 - 480 - 483 - 484 - 487 - 489 - 490 - 492 - 493 - 496 - 498,21554348.8,0.1,92210,96471,108.25,Cost: 92210 & Capacity: 96471
0 - 1 - 2 - 5 - 8 - 9 - 10 - 12 - 14 - 15 - 16 - 18 - 20 - 22 - 23 - 24 - 27 - 28 - 30 - 32 - 33 - 36 - 40 - 41 - 44 - 46 - 48 - 49 - 51 - 52 - 54 - 55 - 57 - 58 - 59 - 64 - 65 - 66 - 67 - 68 - 69 - 75 - 76 - 77 - 78 - 81 - 84 - 85 - 87 - 88 - 89 - 91 - 92 - 94 - 99 - 101 - 102 - 103 - 105 - 107 - 108 - 110 - 111 - 112 - 113 - 114 - 115 - 117 - 118 - 119 - 126 - 127 - 129 - 130 - 131 - 132 - 135 - 136 - 137 - 138 - 139 - 142 - 144 - 145 - 146 - 148 - 149 - 150 - 152 - 155 - 156 - 157 - 163 - 167 - 171 - 172 - 175 - 176 - 177 - 178 - 179 - 182 - 183 - 185 - 190 - 191 - 192 - 194 - 196 - 197 - 198 - 199 - 200 - 201 - 202 - 203 - 204 - 205 - 206 - 207 - 208 - 210 - 211 - 213 - 214 - 216 - 217 - 218 - 219 - 221 - 222 - 223 - 224 - 230 - 231 - 233 - 235 - 236 - 237 - 239 - 240 - 241 - 242 - 244 - 247 - 250 - 251 - 254 - 257 - 258 - 260 - 264 - 266 - 268 - 269 - 270 - 271 - 272 - 274 - 275 - 276 - 277 - 278 - 281 - 283 - 284 - 286 - 288 - 289 - 290 - 293 - 294 - 295 - 298 - 299 - 300 - 301 - 303 - 304 - 305 - 306 - 307 - 308 - 309 - 310 - 311 - 314 - 315 - 317 - 319 - 320 - 323 - 324 - 325 - 326 - 328 - 329 - 332 - 334 - 338 - 339 - 340 - 342 - 344 - 347 - 356 - 357 - 358 - 360 - 361 - 362 - 363 - 364 - 365 - 366 - 367 - 370 - 373 - 374 - 375 - 377 - 380 - 381 - 383 - 386 - 387 - 388 - 390 - 391 - 392 - 393 - 394 - 399 - 400 - 406 - 407 - 409 - 411 - 412 - 413 - 416 - 417 - 418 - 422 - 424 - 426 - 427 - 430 - 433 - 435 - 437 - 438 - 439 - 440 - 442 - 444 - 445 - 447 - 449 - 450 - 451 - 452 - 458 - 461 - 462 - 463 - 466 - 467 - 468 - 471 - 472 - 474 - 475 - 478 - 479 - 480 - 483 - 484 - 487 - 489 - 490 - 492 - 493 - 496 - 498,20379008.9,0.2,92137,95078,109.12,Cost: 92137 & Capacity: 95078
0 - 1 - 2 - 4 - 5 - 8 - 9 - 10 - 12 - 14 - 15 - 16 - 18 - 20 - 21 - 22 - 23 - 24 - 27 - 28 - 30 - 31 - 32 - 33 - 36 - 39 - 40 - 41 - 42 - 44 - 45 - 46 - 48 - 49 - 51 - 52 - 54 - 55 - 57 - 58 - 59 - 61 - 65 - 66 - 67 - 68 - 69 - 71 - 75 - 76 - 77 - 78 - 80 - 81 - 83 - 84 - 85 - 87 - 88 - 89 - 91 - 92 - 94 - 99 - 101 - 102 - 103 - 105 - 107 - 110 - 111 - 112 - 113 - 114 - 115 - 117 - 118 - 119 - 127 - 129 - 132 - 135 - 137 - 138 - 139 - 142 - 144 - 145 - 146 - 148 - 149 - 150 - 152 - 155 - 156 - 157 - 161 - 163 - 167 - 171 - 172 - 174 - 175 - 176 - 178 - 179 - 182 - 183 - 185 - 188 - 190 - 191 - 192 - 194 - 196 - 197 - 198 - 199 - 200 - 201 - 202 - 203 - 204 - 205 - 206 - 207 - 208 - 211 - 213 - 214 - 216 - 217 - 218 - 219 - 220 - 221 - 222 - 223 - 224 - 230 - 231 - 232 - 233 - 235 - 236 - 237 - 239 - 240 - 241 - 242 - 243 - 244 - 247 - 250 - 251 - 252 - 254 - 257 - 258 - 260 - 264 - 266 - 268 - 269 - 270 - 271 - 272 - 274 - 275 - 276 - 278 - 281 - 282 - 283 - 284 - 286 - 288 - 289 - 290 - 293 - 294 - 295 - 298 - 299 - 300 - 301 - 302 - 303 - 304 - 305 - 306 - 308 - 309 - 310 - 312 - 313 - 314 - 315 - 317 - 319 - 320 - 321 - 323 - 324 - 325 - 326 - 328 - 329 - 332 - 338 - 339 - 340 - 342 - 344 - 347 - 356 - 357 - 358 - 360 - 361 - 362 - 363 - 364 - 365 - 366 - 367 - 371 - 373 - 374 - 375 - 377 - 380 - 381 - 383 - 386 - 387 - 388 - 389 - 390 - 391 - 392 - 393 - 394 - 399 - 400 - 406 - 407 - 408 - 409 - 411 - 413 - 415 - 416 - 417 - 418 - 420 - 422 - 424 - 426 - 427 - 430 - 433 - 435 - 437 - 438 - 439 - 440 - 444 - 445 - 447 - 449 - 450 - 451 - 452 - 458 - 461 - 462 - 463 - 466 - 467 - 474 - 475 - 478 - 479 - 480 - 483 - 484 - 487 - 489 - 490 - 492 - 493 - 496 - 498,21554348.8,0.1,92210,96471,111.37,Cost: 92210 & Capacity: 96471
0 - 1 - 2 - 4 - 5 - 8 - 9 - 10 - 12 - 14 - 15 - 16 - 18 - 20 - 21 - 22 - 23 - 24 - 27 - 28 - 30 - 31 - 32 - 33 - 36 - 39 - 40 - 41 - 42 - 44 - 45 - 46 - 48 - 49 - 51 - 52 - 54 - 55 - 57 - 58 - 59 - 61 - 65 - 66 - 67 - 68 - 69 - 71 - 75 - 76 - 77 - 78 - 80 - 81 - 83 - 84 - 85 - 87 - 88 - 89 - 91 - 92 - 94 - 99 - 101 - 102 - 103 - 105 - 107 - 110 - 111 - 112 - 113 - 114 - 115 - 117 - 118 - 119 - 127 - 129 - 132 - 135 - 137 - 138 - 139 - 142 - 144 - 145 - 146 - 148 - 149 - 150 - 152 - 155 - 156 - 157 - 161 - 163 - 167 - 171 - 172 - 174 - 175 - 176 - 178 - 179 - 182 - 183 - 185 - 188 - 190 - 191 - 192 - 194 - 196 - 197 - 198 - 199 - 200 - 201 - 202 - 203 - 204 - 205 - 206 - 207 - 208 - 211 - 213 - 214 - 216 - 217 - 218 - 219 - 220 - 221 - 222 - 223 - 224 - 230 - 231 - 232 - 233 - 235 - 236 - 237 - 239 - 240 - 241 - 242 - 243 - 244 - 247 - 250 - 251 - 252 - 254 - 257 - 258 - 260 - 264 - 266 - 268 - 269 - 270 - 271 - 272 - 274 - 275 - 276 - 278 - 281 - 282 - 283 - 284 - 286 - 288 - 289 - 290 - 293 - 294 - 295 - 298 - 299 - 300 - 301 - 302 - 303 - 304 - 305 - 306 - 308 - 309 - 310 - 312 - 313 - 314 - 315 - 317 - 319 - 320 - 321 - 323 - 324 - 325 - 326 - 328 - 329 - 332 - 338 - 339 - 340 - 342 - 344 - 347 - 356 - 357 - 358 - 360 - 361 - 362 - 363 - 364 - 365 - 366 - 367 - 371 - 373 - 374 - 375 - 377 - 380 - 381 - 383 - 386 - 387 - 388 - 389 - 390 - 391 - 392 - 393 - 394 - 399 - 400 - 406 - 407 - 408 - 409 - 411 - 413 - 415 - 416 - 417 - 418 - 420 - 422 - 424 - 426 - 427 - 430 - 433 - 435 - 437 - 438 - 439 - 440 - 444 - 445 - 447 - 449 - 450 - 451 - 452 - 458 - 461 - 462 - 463 - 466 - 467 - 474 - 475 - 478 - 479 - 480 - 483 - 484 - 487 - 489 - 490 - 492 - 493 - 496 - 498,21554348.8,0.1,92210,96471,113.49,Cost: 92210 & Capacity: 96471
0 - 1 - 2 - 4 - 5 - 8 - 9 - 10 - 12 - 14 - 15 - 16 - 18 - 20 - 21 - 22 - 23 - 24 - 27 - 28 - 30 - 31 - 32 - 33 - 36 - 39 - 40 - 41 - 42 - 44 - 45 - 46 - 48 - 49 - 51 - 52 - 54 - 55 - 57 - 58 - 59 - 61 - 65 - 66 - 67 - 68 - 69 - 71 - 75 - 76 - 77 - 78 - 80 - 81 - 83 - 84 - 85 - 87 - 88 - 89 - 91 - 92 - 94 - 99 - 101 - 102 - 103 - 105 - 107 - 110 - 111 - 112 - 113 - 114 - 115 - 117 - 118 - 119 - 127 - 129 - 132 - 135 - 137 - 138 - 139 - 142 - 144 - 145 - 146 - 148 - 149 - 150 - 152 - 155 - 156 - 157 - 161 - 163 - 167 - 171 - 172 - 174 - 175 - 176 - 178 - 179 - 182 - 183 - 185 - 188 - 190 - 191 - 192 - 194 - 196 - 197 - 198 - 199 - 200 - 201 - 202 - 203 - 204 - 205 - 206 - 207 - 208 - 211 - 213 - 214 - 216 - 217 - 218 - 219 - 220 - 221 - 222 - 223 - 224 - 230 - 231 - 232 - 233 - 235 - 236 - 237 - 239 - 240 - 241 - 242 - 243 - 244 - 247 - 250 - 251 - 252 - 254 - 257 - 258 - 260 - 264 - 266 - 268 - 269 - 270 - 271 - 272 - 274 - 275 - 276 - 278 - 281 - 282 - 283 - 284 - 286 - 288 - 289 - 290 - 293 - 294 - 295 - 298 - 299 - 300 - 301 - 302 - 303 - 304 - 305 - 306 - 308 - 309 - 310 - 312 - 313 - 314 - 315 - 317 - 319 - 320 - 321 - 323 - 324 - 325 - 326 - 328 - 329 - 332 - 338 - 339 - 340 - 342 - 344 - 347 - 356 - 357 - 358 - 360 - 361 - 362 - 363 - 364 - 365 - 366 - 367 - 371 - 373 - 374 - 375 - 377 - 380 - 381 - 383 - 386 - 387 - 388 - 389 - 390 - 391 - 392 - 393 - 394 - 399 - 400 - 406 - 407 - 408 - 409 - 411 - 413 - 415 - 416 - 417 - 418 - 420 - 422 - 424 - 426 - 427 - 430 - 433 - 435 - 437 - 438 - 439 - 440 - 444 - 445 - 447 - 449 - 450 - 451 - 452 - 458 - 461 - 462 - 463 - 466 - 467 - 474 - 475 - 478 - 479 - 480 - 483 - 484 - 487 - 489 - 490 - 492 - 493 - 496 - 498,21554348.8,0.1,92210,96471,114.28,Cost: 92210 & Capacity: 96471
