Nodes,MaxSum,MaxMin,Cost,Capacity,Time,Constraint values
2 - 9 - 11 - 12 - 13 - 21 - 25 - 34 - 40 - 48 - 51 - 53 - 59 - 64 - 65 - 66 - 67 - 72 - 82 - 84 - 91 - 93 - 94 - 110 - 111 - 113 - 117 - 123 - 124 - 127 - 135 - 138 - 142 - 144 - 146 - 147 - 148 - 150 - 152 - 154 - 157 - 169 - 176 - 180 - 181 - 183 - 184 - 185 - 187 - 194 - 195 - 200 - 201 - 205 - 206 - 214 - 216 - 220 - 223 - 224 - 227 - 231 - 237 - 250 - 264 - 268 - 284 - 287 - 292 - 298 - 310 - 317 - 320 - 327 - 345 - 346 - 350 - 352 - 357 - 358 - 360 - 361 - 364 - 365 - 368 - 370 - 372 - 375 - 376 - 384 - 385 - 390 - 400 - 406 - 420 - 424 - 425 - 427 - 430 - 439 - 442 - 444 - 445 - 459 - 472 - 474 - 479 - 481 - 485 - 486 - 487 - 488 - 490 - 492 - 493 - 494 - 498,96746.4,8.1,89126,74704,4.35,Cost: 89126 & Capacity: 74704
2 - 9 - 11 - 12 - 13 - 21 - 25 - 34 - 40 - 48 - 51 - 53 - 59 - 64 - 65 - 66 - 67 - 72 - 82 - 84 - 91 - 93 - 94 - 106 - 110 - 111 - 113 - 117 - 123 - 124 - 127 - 135 - 138 - 142 - 143 - 144 - 146 - 147 - 148 - 150 - 152 - 154 - 157 - 169 - 176 - 180 - 181 - 183 - 184 - 185 - 187 - 191 - 194 - 195 - 200 - 201 - 205 - 206 - 214 - 216 - 220 - 223 - 224 - 227 - 231 - 237 - 250 - 264 - 266 - 268 - 284 - 287 - 292 - 298 - 310 - 317 - 320 - 327 - 345 - 346 - 350 - 352 - 357 - 358 - 360 - 361 - 364 - 365 - 368 - 370 - 372 - 375 - 376 - 384 - 385 - 390 - 400 - 406 - 411 - 420 - 424 - 425 - 427 - 430 - 439 - 442 - 444 - 445 - 459 - 472 - 474 - 479 - 481 - 485 - 486 - 487 - 488 - 490 - 492 - 493 - 494 - 498,104602.5,8.0,91181,76553,4.35,Cost: 91181 & Capacity: 76553
1 - 2 - 3 - 8 - 11 - 13 - 17 - 19 - 21 - 22 - 23 - 24 - 25 - 27 - 28 - 34 - 40 - 41 - 45 - 46 - 52 - 53 - 60 - 65 - 66 - 67 - 80 - 82 - 84 - 88 - 93 - 94 - 97 - 98 - 99 - 102 - 109 - 110 - 111 - 115 - 117 - 118 - 119 - 121 - 122 - 123 - 125 - 127 - 133 - 134 - 136 - 142 - 144 - 145 - 146 - 147 - 149 - 152 - 154 - 157 - 158 - 162 - 163 - 169 - 175 - 180 - 181 - 182 - 183 - 184 - 187 - 190 - 191 - 195 - 198 - 201 - 203 - 204 - 206 - 209 - 210 - 211 - 212 - 214 - 221 - 222 - 224 - 227 - 228 - 230 - 231 - 232 - 233 - 235 - 241 - 242 - 248 - 250 - 252 - 255 - 257 - 259 - 262 - 264 - 267 - 270 - 271 - 273 - 274 - 275 - 276 - 282 - 289 - 292 - 297 - 302 - 310 - 312 - 315 - 316 - 317 - 319 - 320 - 321 - 326 - 327 - 330 - 335 - 338 - 340 - 343 - 345 - 346 - 347 - 350 - 355 - 357 - 360 - 361 - 372 - 377 - 378 - 379 - 381 - 384 - 386 - 387 - 388 - 389 - 391 - 392 - 396 - 400 - 404 - 407 - 410 - 412 - 413 - 416 - 417 - 420 - 421 - 427 - 431 - 433 - 437 - 439 - 442 - 445 - 449 - 451 - 453 - 457 - 459 - 460 - 461 - 465 - 467 - 468 - 470 - 471 - 472 - 473 - 474 - 476 - 478 - 479 - 481 - 483 - 485 - 486 - 487 - 488 - 489 - 492 - 497 - 498,267296.6,7.0,91062,83041,6.09,Cost: 91062 & Capacity: 83041
0 - 1 - 2 - 3 - 5 - 6 - 8 - 10 - 13 - 16 - 17 - 18 - 21 - 22 - 23 - 24 - 27 - 28 - 29 - 30 - 31 - 32 - 33 - 34 - 36 - 37 - 38 - 39 - 40 - 41 - 44 - 45 - 46 - 49 - 50 - 51 - 52 - 54 - 55 - 60 - 62 - 64 - 65 - 66 - 68 - 69 - 70 - 71 - 73 - 74 - 76 - 78 - 79 - 80 - 83 - 85 - 88 - 91 - 93 - 95 - 97 - 98 - 99 - 102 - 106 - 107 - 108 - 109 - 110 - 112 - 113 - 115 - 116 - 117 - 118 - 119 - 120 - 121 - 122 - 123 - 125 - 126 - 127 - 129 - 130 - 133 - 134 - 135 - 136 - 137 - 138 - 141 - 142 - 143 - 144 - 149 - 154 - 156 - 159 - 160 - 162 - 163 - 164 - 166 - 169 - 171 - 174 - 175 - 176 - 178 - 180 - 181 - 183 - 187 - 191 - 192 - 193 - 195 - 196 - 197 - 198 - 201 - 202 - 203 - 204 - 206 - 207 - 208 - 209 - 210 - 211 - 214 - 218 - 221 - 222 - 224 - 228 - 229 - 230 - 231 - 232 - 233 - 234 - 235 - 236 - 239 - 240 - 241 - 242 - 244 - 247 - 249 - 250 - 253 - 255 - 256 - 257 - 259 - 261 - 262 - 264 - 266 - 267 - 271 - 273 - 274 - 275 - 276 - 277 - 280 - 281 - 282 - 283 - 286 - 287 - 288 - 289 - 291 - 293 - 296 - 297 - 299 - 300 - 302 - 306 - 309 - 311 - 312 - 313 - 315 - 318 - 319 - 321 - 325 - 326 - 327 - 328 - 329 - 330 - 331 - 333 - 335 - 336 - 338 - 339 - 340 - 341 - 343 - 344 - 346 - 347 - 353 - 354 - 355 - 356 - 357 - 358 - 359 - 360 - 361 - 363 - 368 - 369 - 371 - 377 - 378 - 379 - 381 - 383 - 386 - 387 - 388 - 389 - 391 - 393 - 394 - 395 - 396 - 398 - 399 - 400 - 401 - 402 - 404 - 407 - 409 - 413 - 414 - 416 - 418 - 419 - 421 - 422 - 425 - 426 - 427 - 429 - 431 - 433 - 435 - 436 - 437 - 438 - 439 - 441 - 442 - 447 - 448 - 449 - 450 - 451 - 453 - 454 - 455 - 456 - 458 - 459 - 460 - 461 - 462 - 465 - 466 - 467 - 469 - 470 - 472 - 474 - 477 - 478 - 479 - 482 - 488 - 489 - 492 - 495 - 499,567639.0,3.5,91152,99200,9.95,Cost: 91152 & Capacity: 99200
0 - 1 - 2 - 3 - 4 - 5 - 6 - 8 - 10 - 13 - 16 - 18 - 21 - 22 - 23 - 24 - 25 - 27 - 28 - 29 - 30 - 32 - 33 - 34 - 36 - 37 - 39 - 40 - 41 - 45 - 46 - 49 - 50 - 52 - 55 - 60 - 64 - 65 - 67 - 68 - 69 - 70 - 71 - 73 - 74 - 76 - 78 - 80 - 83 - 84 - 85 - 88 - 91 - 93 - 94 - 95 - 97 - 98 - 99 - 102 - 106 - 107 - 108 - 109 - 110 - 112 - 113 - 115 - 116 - 117 - 118 - 119 - 120 - 121 - 122 - 123 - 125 - 126 - 127 - 130 - 133 - 134 - 136 - 137 - 138 - 141 - 142 - 143 - 144 - 145 - 149 - 154 - 156 - 160 - 162 - 163 - 164 - 166 - 169 - 171 - 174 - 175 - 176 - 178 - 180 - 187 - 191 - 192 - 193 - 195 - 196 - 198 - 199 - 201 - 202 - 203 - 204 - 206 - 207 - 208 - 209 - 210 - 211 - 214 - 218 - 221 - 222 - 224 - 228 - 229 - 230 - 231 - 232 - 233 - 234 - 235 - 236 - 237 - 239 - 240 - 242 - 244 - 247 - 248 - 250 - 253 - 255 - 256 - 257 - 259 - 261 - 262 - 264 - 266 - 267 - 271 - 273 - 274 - 275 - 276 - 277 - 280 - 281 - 282 - 283 - 287 - 288 - 289 - 291 - 292 - 293 - 296 - 297 - 299 - 306 - 309 - 311 - 312 - 313 - 315 - 318 - 319 - 321 - 325 - 326 - 327 - 328 - 329 - 330 - 331 - 333 - 335 - 336 - 338 - 339 - 340 - 343 - 344 - 346 - 347 - 353 - 354 - 355 - 356 - 357 - 359 - 360 - 361 - 362 - 363 - 368 - 369 - 378 - 379 - 381 - 383 - 386 - 387 - 388 - 389 - 391 - 393 - 394 - 395 - 396 - 398 - 399 - 400 - 401 - 402 - 404 - 407 - 409 - 412 - 413 - 414 - 416 - 418 - 419 - 421 - 422 - 425 - 426 - 427 - 429 - 431 - 433 - 435 - 436 - 437 - 438 - 439 - 441 - 442 - 447 - 448 - 449 - 450 - 451 - 453 - 454 - 455 - 456 - 458 - 459 - 460 - 462 - 465 - 466 - 467 - 469 - 470 - 472 - 474 - 477 - 478 - 479 - 482 - 488 - 489 - 492 - 495 - 497 - 498 - 499,530470.2,4.9,91161,95819,14.96,Cost: 91161 & Capacity: 95819
2 - 3 - 6 - 8 - 10 - 11 - 13 - 16 - 18 - 21 - 22 - 23 - 24 - 25 - 27 - 30 - 34 - 36 - 37 - 38 - 39 - 40 - 41 - 45 - 46 - 49 - 50 - 52 - 55 - 64 - 65 - 66 - 67 - 70 - 71 - 73 - 74 - 75 - 76 - 80 - 84 - 88 - 91 - 93 - 94 - 95 - 97 - 98 - 99 - 101 - 102 - 106 - 108 - 109 - 110 - 112 - 113 - 115 - 117 - 118 - 119 - 121 - 123 - 125 - 126 - 127 - 133 - 134 - 136 - 138 - 141 - 143 - 144 - 145 - 146 - 149 - 154 - 156 - 157 - 158 - 159 - 162 - 163 - 166 - 169 - 171 - 174 - 175 - 176 - 178 - 180 - 182 - 187 - 191 - 192 - 193 - 195 - 196 - 198 - 199 - 201 - 203 - 204 - 206 - 207 - 208 - 209 - 211 - 214 - 218 - 221 - 222 - 224 - 228 - 229 - 230 - 231 - 233 - 234 - 236 - 237 - 239 - 240 - 242 - 244 - 247 - 248 - 249 - 250 - 254 - 255 - 256 - 257 - 259 - 262 - 264 - 267 - 271 - 274 - 275 - 276 - 277 - 281 - 282 - 283 - 285 - 287 - 288 - 289 - 291 - 292 - 293 - 297 - 300 - 309 - 311 - 312 - 313 - 315 - 317 - 319 - 321 - 325 - 327 - 328 - 330 - 331 - 333 - 335 - 336 - 338 - 339 - 340 - 343 - 344 - 346 - 347 - 350 - 353 - 354 - 355 - 356 - 357 - 359 - 360 - 361 - 363 - 368 - 369 - 375 - 378 - 379 - 381 - 384 - 386 - 387 - 388 - 389 - 391 - 392 - 393 - 395 - 396 - 399 - 400 - 401 - 402 - 404 - 406 - 407 - 412 - 413 - 416 - 418 - 419 - 421 - 422 - 425 - 426 - 427 - 429 - 430 - 433 - 435 - 436 - 437 - 439 - 442 - 445 - 447 - 448 - 449 - 450 - 453 - 455 - 456 - 458 - 459 - 460 - 462 - 465 - 467 - 469 - 471 - 472 - 473 - 474 - 478 - 479 - 482 - 488 - 492 - 495 - 497 - 498 - 499,437553.2,5.9,91177,92488,20.71,Cost: 91177 & Capacity: 92488
0 - 1 - 2 - 3 - 5 - 6 - 8 - 10 - 13 - 16 - 17 - 18 - 21 - 22 - 23 - 24 - 27 - 28 - 29 - 30 - 31 - 32 - 33 - 34 - 36 - 37 - 38 - 39 - 40 - 41 - 44 - 45 - 46 - 49 - 50 - 51 - 52 - 54 - 55 - 60 - 62 - 64 - 65 - 66 - 68 - 69 - 70 - 71 - 73 - 74 - 76 - 78 - 79 - 80 - 83 - 85 - 88 - 91 - 93 - 95 - 97 - 98 - 99 - 102 - 106 - 107 - 108 - 109 - 110 - 112 - 113 - 115 - 116 - 117 - 118 - 119 - 120 - 121 - 122 - 123 - 125 - 126 - 127 - 129 - 130 - 133 - 134 - 135 - 136 - 137 - 138 - 141 - 142 - 143 - 144 - 149 - 154 - 156 - 159 - 160 - 162 - 163 - 164 - 166 - 169 - 171 - 174 - 175 - 176 - 178 - 180 - 181 - 183 - 187 - 191 - 192 - 193 - 195 - 196 - 197 - 198 - 201 - 202 - 203 - 204 - 206 - 207 - 208 - 209 - 210 - 211 - 214 - 218 - 221 - 222 - 224 - 228 - 229 - 230 - 231 - 232 - 233 - 234 - 235 - 236 - 239 - 240 - 241 - 242 - 244 - 247 - 249 - 250 - 253 - 255 - 256 - 257 - 259 - 261 - 262 - 264 - 266 - 267 - 271 - 273 - 274 - 275 - 276 - 277 - 280 - 281 - 282 - 283 - 286 - 287 - 288 - 289 - 291 - 293 - 296 - 297 - 299 - 300 - 302 - 306 - 309 - 311 - 312 - 313 - 315 - 318 - 319 - 321 - 325 - 326 - 327 - 328 - 329 - 330 - 331 - 333 - 335 - 336 - 338 - 339 - 340 - 341 - 343 - 344 - 346 - 347 - 353 - 354 - 355 - 356 - 357 - 358 - 359 - 360 - 361 - 363 - 368 - 369 - 371 - 377 - 378 - 379 - 381 - 383 - 386 - 387 - 388 - 389 - 391 - 393 - 394 - 395 - 396 - 398 - 399 - 400 - 401 - 402 - 404 - 407 - 409 - 413 - 414 - 416 - 418 - 419 - 421 - 422 - 425 - 426 - 427 - 429 - 431 - 433 - 435 - 436 - 437 - 438 - 439 - 441 - 442 - 447 - 448 - 449 - 450 - 451 - 453 - 454 - 455 - 456 - 458 - 459 - 460 - 461 - 462 - 465 - 466 - 467 - 469 - 470 - 472 - 474 - 477 - 478 - 479 - 482 - 488 - 489 - 492 - 495 - 499,567639.0,3.5,91152,99200,25.35,Cost: 91152 & Capacity: 99200
0 - 1 - 2 - 3 - 5 - 6 - 8 - 10 - 13 - 16 - 17 - 18 - 21 - 22 - 23 - 24 - 27 - 28 - 29 - 30 - 31 - 32 - 33 - 34 - 36 - 37 - 38 - 39 - 40 - 41 - 44 - 45 - 46 - 49 - 50 - 51 - 52 - 54 - 55 - 60 - 62 - 64 - 65 - 66 - 68 - 69 - 70 - 71 - 73 - 74 - 76 - 78 - 79 - 80 - 83 - 85 - 88 - 91 - 93 - 95 - 97 - 98 - 99 - 102 - 106 - 107 - 108 - 109 - 110 - 112 - 113 - 115 - 116 - 117 - 118 - 119 - 120 - 121 - 122 - 123 - 125 - 126 - 127 - 129 - 130 - 133 - 134 - 135 - 136 - 137 - 138 - 141 - 142 - 143 - 144 - 149 - 154 - 156 - 159 - 160 - 162 - 163 - 164 - 166 - 169 - 171 - 174 - 175 - 176 - 178 - 180 - 181 - 183 - 187 - 191 - 192 - 193 - 195 - 196 - 197 - 198 - 201 - 202 - 203 - 204 - 206 - 207 - 208 - 209 - 210 - 211 - 214 - 218 - 221 - 222 - 224 - 228 - 229 - 230 - 231 - 232 - 233 - 234 - 235 - 236 - 239 - 240 - 241 - 242 - 244 - 247 - 249 - 250 - 253 - 255 - 256 - 257 - 259 - 261 - 262 - 264 - 266 - 267 - 271 - 273 - 274 - 275 - 276 - 277 - 280 - 281 - 282 - 283 - 286 - 287 - 288 - 289 - 291 - 293 - 296 - 297 - 299 - 300 - 302 - 306 - 309 - 311 - 312 - 313 - 315 - 318 - 319 - 321 - 325 - 326 - 327 - 328 - 329 - 330 - 331 - 333 - 335 - 336 - 338 - 339 - 340 - 341 - 343 - 344 - 346 - 347 - 353 - 354 - 355 - 356 - 357 - 358 - 359 - 360 - 361 - 363 - 368 - 369 - 371 - 377 - 378 - 379 - 381 - 383 - 386 - 387 - 388 - 389 - 391 - 393 - 394 - 395 - 396 - 398 - 399 - 400 - 401 - 402 - 404 - 407 - 409 - 413 - 414 - 416 - 418 - 419 - 421 - 422 - 425 - 426 - 427 - 429 - 431 - 433 - 435 - 436 - 437 - 438 - 439 - 441 - 442 - 447 - 448 - 449 - 450 - 451 - 453 - 454 - 455 - 456 - 458 - 459 - 460 - 461 - 462 - 465 - 466 - 467 - 469 - 470 - 472 - 474 - 477 - 478 - 479 - 482 - 488 - 489 - 492 - 495 - 499,567639.0,3.5,91152,99200,26.6,Cost: 91152 & Capacity: 99200
0 - 1 - 2 - 3 - 5 - 6 - 8 - 10 - 13 - 16 - 17 - 18 - 21 - 22 - 23 - 24 - 27 - 28 - 29 - 30 - 31 - 32 - 33 - 34 - 36 - 37 - 38 - 39 - 40 - 41 - 44 - 45 - 46 - 49 - 50 - 51 - 52 - 54 - 55 - 60 - 62 - 64 - 65 - 66 - 68 - 69 - 70 - 71 - 73 - 74 - 76 - 78 - 79 - 80 - 83 - 85 - 88 - 91 - 93 - 95 - 97 - 98 - 99 - 102 - 106 - 107 - 108 - 109 - 110 - 112 - 113 - 115 - 116 - 117 - 118 - 119 - 120 - 121 - 122 - 123 - 125 - 126 - 127 - 129 - 130 - 133 - 134 - 135 - 136 - 137 - 138 - 141 - 142 - 143 - 144 - 149 - 154 - 156 - 159 - 160 - 162 - 163 - 164 - 166 - 169 - 171 - 174 - 175 - 176 - 178 - 180 - 181 - 183 - 187 - 191 - 192 - 193 - 195 - 196 - 197 - 198 - 201 - 202 - 203 - 204 - 206 - 207 - 208 - 209 - 210 - 211 - 214 - 218 - 221 - 222 - 224 - 228 - 229 - 230 - 231 - 232 - 233 - 234 - 235 - 236 - 239 - 240 - 241 - 242 - 244 - 247 - 249 - 250 - 253 - 255 - 256 - 257 - 259 - 261 - 262 - 264 - 266 - 267 - 271 - 273 - 274 - 275 - 276 - 277 - 280 - 281 - 282 - 283 - 286 - 287 - 288 - 289 - 291 - 293 - 296 - 297 - 299 - 300 - 302 - 306 - 309 - 311 - 312 - 313 - 315 - 318 - 319 - 321 - 325 - 326 - 327 - 328 - 329 - 330 - 331 - 333 - 335 - 336 - 338 - 339 - 340 - 341 - 343 - 344 - 346 - 347 - 353 - 354 - 355 - 356 - 357 - 358 - 359 - 360 - 361 - 363 - 368 - 369 - 371 - 377 - 378 - 379 - 381 - 383 - 386 - 387 - 388 - 389 - 391 - 393 - 394 - 395 - 396 - 398 - 399 - 400 - 401 - 402 - 404 - 407 - 409 - 413 - 414 - 416 - 418 - 419 - 421 - 422 - 425 - 426 - 427 - 429 - 431 - 433 - 435 - 436 - 437 - 438 - 439 - 441 - 442 - 447 - 448 - 449 - 450 - 451 - 453 - 454 - 455 - 456 - 458 - 459 - 460 - 461 - 462 - 465 - 466 - 467 - 469 - 470 - 472 - 474 - 477 - 478 - 479 - 482 - 488 - 489 - 492 - 495 - 499,567639.0,3.5,91152,99200,40.92,Cost: 91152 & Capacity: 99200
0 - 1 - 2 - 3 - 5 - 6 - 8 - 10 - 13 - 16 - 17 - 18 - 21 - 22 - 23 - 24 - 27 - 28 - 29 - 30 - 31 - 32 - 33 - 34 - 36 - 37 - 38 - 39 - 40 - 41 - 44 - 45 - 46 - 49 - 50 - 51 - 52 - 54 - 55 - 60 - 62 - 64 - 65 - 66 - 68 - 69 - 70 - 71 - 73 - 74 - 76 - 78 - 79 - 80 - 83 - 85 - 88 - 91 - 93 - 95 - 97 - 98 - 99 - 102 - 106 - 107 - 108 - 109 - 110 - 112 - 113 - 115 - 116 - 117 - 118 - 119 - 120 - 121 - 122 - 123 - 125 - 126 - 127 - 129 - 130 - 133 - 134 - 135 - 136 - 137 - 138 - 141 - 142 - 143 - 144 - 149 - 154 - 156 - 159 - 160 - 162 - 163 - 164 - 166 - 169 - 171 - 174 - 175 - 176 - 178 - 180 - 181 - 183 - 187 - 191 - 192 - 193 - 195 - 196 - 197 - 198 - 201 - 202 - 203 - 204 - 206 - 207 - 208 - 209 - 210 - 211 - 214 - 218 - 221 - 222 - 224 - 228 - 229 - 230 - 231 - 232 - 233 - 234 - 235 - 236 - 239 - 240 - 241 - 242 - 244 - 247 - 249 - 250 - 253 - 255 - 256 - 257 - 259 - 261 - 262 - 264 - 266 - 267 - 271 - 273 - 274 - 275 - 276 - 277 - 280 - 281 - 282 - 283 - 286 - 287 - 288 - 289 - 291 - 293 - 296 - 297 - 299 - 300 - 302 - 306 - 309 - 311 - 312 - 313 - 315 - 318 - 319 - 321 - 325 - 326 - 327 - 328 - 329 - 330 - 331 - 333 - 335 - 336 - 338 - 339 - 340 - 341 - 343 - 344 - 346 - 347 - 353 - 354 - 355 - 356 - 357 - 358 - 359 - 360 - 361 - 363 - 368 - 369 - 371 - 377 - 378 - 379 - 381 - 383 - 386 - 387 - 388 - 389 - 391 - 393 - 394 - 395 - 396 - 398 - 399 - 400 - 401 - 402 - 404 - 407 - 409 - 413 - 414 - 416 - 418 - 419 - 421 - 422 - 425 - 426 - 427 - 429 - 431 - 433 - 435 - 436 - 437 - 438 - 439 - 441 - 442 - 447 - 448 - 449 - 450 - 451 - 453 - 454 - 455 - 456 - 458 - 459 - 460 - 461 - 462 - 465 - 466 - 467 - 469 - 470 - 472 - 474 - 477 - 478 - 479 - 482 - 488 - 489 - 492 - 495 - 499,567639.0,3.5,91152,99200,42.2,Cost: 91152 & Capacity: 99200
0 - 1 - 2 - 3 - 4 - 5 - 6 - 8 - 10 - 13 - 16 - 17 - 18 - 21 - 22 - 23 - 24 - 27 - 28 - 29 - 30 - 32 - 33 - 34 - 36 - 37 - 39 - 41 - 45 - 46 - 49 - 50 - 52 - 54 - 55 - 60 - 62 - 64 - 65 - 66 - 68 - 69 - 70 - 71 - 73 - 74 - 76 - 78 - 79 - 80 - 83 - 85 - 88 - 91 - 93 - 95 - 97 - 98 - 99 - 102 - 106 - 107 - 108 - 109 - 110 - 112 - 113 - 115 - 116 - 117 - 118 - 119 - 120 - 121 - 122 - 123 - 125 - 126 - 127 - 129 - 130 - 133 - 134 - 135 - 136 - 137 - 138 - 141 - 142 - 143 - 144 - 149 - 154 - 156 - 159 - 160 - 162 - 163 - 164 - 166 - 169 - 171 - 174 - 175 - 176 - 178 - 180 - 181 - 183 - 187 - 191 - 192 - 193 - 195 - 196 - 198 - 201 - 202 - 203 - 204 - 206 - 207 - 208 - 209 - 210 - 211 - 214 - 218 - 221 - 222 - 224 - 228 - 229 - 230 - 231 - 232 - 233 - 234 - 235 - 236 - 239 - 240 - 241 - 242 - 244 - 247 - 249 - 250 - 253 - 255 - 256 - 257 - 259 - 261 - 262 - 264 - 266 - 267 - 271 - 273 - 274 - 275 - 276 - 277 - 280 - 281 - 282 - 283 - 286 - 287 - 288 - 289 - 291 - 293 - 296 - 297 - 299 - 300 - 302 - 306 - 309 - 311 - 312 - 313 - 315 - 318 - 319 - 321 - 325 - 326 - 327 - 328 - 329 - 330 - 331 - 333 - 335 - 336 - 338 - 339 - 340 - 341 - 343 - 344 - 346 - 347 - 353 - 354 - 355 - 356 - 357 - 358 - 359 - 360 - 361 - 362 - 363 - 368 - 369 - 371 - 377 - 378 - 379 - 381 - 383 - 386 - 387 - 388 - 389 - 391 - 393 - 394 - 395 - 396 - 398 - 399 - 400 - 401 - 402 - 404 - 407 - 409 - 412 - 413 - 414 - 416 - 418 - 419 - 421 - 422 - 425 - 426 - 427 - 429 - 431 - 433 - 435 - 436 - 437 - 438 - 439 - 440 - 441 - 442 - 445 - 447 - 448 - 449 - 450 - 451 - 453 - 454 - 455 - 456 - 458 - 459 - 460 - 461 - 462 - 465 - 466 - 467 - 469 - 470 - 472 - 474 - 477 - 478 - 479 - 482 - 488 - 489 - 495 - 497 - 499,562528.1,4.0,91181,99239,43.66,Cost: 91181 & Capacity: 99239
2 - 3 - 8 - 11 - 13 - 19 - 21 - 22 - 24 - 25 - 27 - 34 - 39 - 40 - 41 - 45 - 46 - 52 - 67 - 70 - 82 - 84 - 88 - 93 - 95 - 97 - 99 - 102 - 109 - 112 - 115 - 117 - 119 - 123 - 125 - 127 - 134 - 136 - 140 - 141 - 143 - 144 - 145 - 146 - 147 - 149 - 152 - 156 - 157 - 158 - 162 - 166 - 169 - 171 - 176 - 179 - 180 - 181 - 182 - 187 - 188 - 192 - 195 - 198 - 201 - 204 - 206 - 208 - 209 - 211 - 212 - 214 - 216 - 222 - 230 - 231 - 232 - 233 - 235 - 237 - 244 - 248 - 250 - 252 - 255 - 259 - 262 - 264 - 266 - 267 - 270 - 271 - 274 - 276 - 282 - 283 - 286 - 289 - 292 - 298 - 304 - 312 - 313 - 317 - 320 - 321 - 326 - 327 - 331 - 338 - 340 - 345 - 346 - 347 - 348 - 350 - 355 - 357 - 360 - 361 - 364 - 367 - 370 - 372 - 375 - 378 - 381 - 384 - 385 - 386 - 387 - 388 - 390 - 392 - 393 - 395 - 396 - 399 - 400 - 401 - 402 - 404 - 406 - 407 - 410 - 412 - 413 - 415 - 416 - 420 - 422 - 424 - 425 - 427 - 433 - 437 - 438 - 439 - 444 - 453 - 457 - 459 - 461 - 466 - 468 - 470 - 471 - 472 - 473 - 474 - 476 - 478 - 479 - 480 - 484 - 486 - 487 - 488 - 492 - 497 - 498,227680.6,7.3,91170,81646,48.38,Cost: 91170 & Capacity: 81646
0 - 1 - 2 - 3 - 5 - 6 - 8 - 10 - 13 - 16 - 17 - 18 - 21 - 22 - 23 - 24 - 27 - 28 - 29 - 30 - 31 - 32 - 33 - 34 - 36 - 37 - 38 - 39 - 40 - 41 - 44 - 45 - 46 - 49 - 50 - 51 - 52 - 54 - 55 - 60 - 62 - 64 - 65 - 66 - 68 - 69 - 70 - 71 - 73 - 74 - 76 - 78 - 79 - 80 - 83 - 85 - 88 - 91 - 93 - 95 - 97 - 98 - 99 - 102 - 106 - 107 - 108 - 109 - 110 - 112 - 113 - 115 - 116 - 117 - 118 - 119 - 120 - 121 - 122 - 123 - 125 - 126 - 127 - 129 - 130 - 133 - 134 - 135 - 136 - 137 - 138 - 141 - 142 - 143 - 144 - 149 - 154 - 156 - 159 - 160 - 162 - 163 - 164 - 166 - 169 - 171 - 174 - 175 - 176 - 178 - 180 - 181 - 183 - 187 - 191 - 192 - 193 - 195 - 196 - 197 - 198 - 201 - 202 - 203 - 204 - 206 - 207 - 208 - 209 - 210 - 211 - 214 - 218 - 221 - 222 - 224 - 228 - 229 - 230 - 231 - 232 - 233 - 234 - 235 - 236 - 239 - 240 - 241 - 242 - 244 - 247 - 249 - 250 - 253 - 255 - 256 - 257 - 259 - 261 - 262 - 264 - 266 - 267 - 271 - 273 - 274 - 275 - 276 - 277 - 280 - 281 - 282 - 283 - 286 - 287 - 288 - 289 - 291 - 293 - 296 - 297 - 299 - 300 - 302 - 306 - 309 - 311 - 312 - 313 - 315 - 318 - 319 - 321 - 325 - 326 - 327 - 328 - 329 - 330 - 331 - 333 - 335 - 336 - 338 - 339 - 340 - 341 - 343 - 344 - 346 - 347 - 353 - 354 - 355 - 356 - 357 - 358 - 359 - 360 - 361 - 363 - 368 - 369 - 371 - 377 - 378 - 379 - 381 - 383 - 386 - 387 - 388 - 389 - 391 - 393 - 394 - 395 - 396 - 398 - 399 - 400 - 401 - 402 - 404 - 407 - 409 - 413 - 414 - 416 - 418 - 419 - 421 - 422 - 425 - 426 - 427 - 429 - 431 - 433 - 435 - 436 - 437 - 438 - 439 - 441 - 442 - 447 - 448 - 449 - 450 - 451 - 453 - 454 - 455 - 456 - 458 - 459 - 460 - 461 - 462 - 465 - 466 - 467 - 469 - 470 - 472 - 474 - 477 - 478 - 479 - 482 - 488 - 489 - 492 - 495 - 499,567639.0,3.5,91152,99200,54.12,Cost: 91152 & Capacity: 99200
0 - 1 - 2 - 3 - 5 - 6 - 8 - 10 - 13 - 16 - 17 - 18 - 21 - 22 - 23 - 24 - 27 - 28 - 29 - 30 - 31 - 32 - 33 - 34 - 36 - 37 - 38 - 39 - 40 - 41 - 44 - 45 - 46 - 49 - 50 - 51 - 52 - 54 - 55 - 60 - 62 - 64 - 65 - 66 - 68 - 69 - 70 - 71 - 73 - 74 - 76 - 78 - 79 - 80 - 83 - 85 - 88 - 91 - 93 - 95 - 97 - 98 - 99 - 102 - 106 - 107 - 108 - 109 - 110 - 112 - 113 - 115 - 116 - 117 - 118 - 119 - 120 - 121 - 122 - 123 - 125 - 126 - 127 - 129 - 130 - 133 - 134 - 135 - 136 - 137 - 138 - 141 - 142 - 143 - 144 - 149 - 154 - 156 - 159 - 160 - 162 - 163 - 164 - 166 - 169 - 171 - 174 - 175 - 176 - 178 - 180 - 181 - 183 - 187 - 191 - 192 - 193 - 195 - 196 - 197 - 198 - 201 - 202 - 203 - 204 - 206 - 207 - 208 - 209 - 210 - 211 - 214 - 218 - 221 - 222 - 224 - 228 - 229 - 230 - 231 - 232 - 233 - 234 - 235 - 236 - 239 - 240 - 241 - 242 - 244 - 247 - 249 - 250 - 253 - 255 - 256 - 257 - 259 - 261 - 262 - 264 - 266 - 267 - 271 - 273 - 274 - 275 - 276 - 277 - 280 - 281 - 282 - 283 - 286 - 287 - 288 - 289 - 291 - 293 - 296 - 297 - 299 - 300 - 302 - 306 - 309 - 311 - 312 - 313 - 315 - 318 - 319 - 321 - 325 - 326 - 327 - 328 - 329 - 330 - 331 - 333 - 335 - 336 - 338 - 339 - 340 - 341 - 343 - 344 - 346 - 347 - 353 - 354 - 355 - 356 - 357 - 358 - 359 - 360 - 361 - 363 - 368 - 369 - 371 - 377 - 378 - 379 - 381 - 383 - 386 - 387 - 388 - 389 - 391 - 393 - 394 - 395 - 396 - 398 - 399 - 400 - 401 - 402 - 404 - 407 - 409 - 413 - 414 - 416 - 418 - 419 - 421 - 422 - 425 - 426 - 427 - 429 - 431 - 433 - 435 - 436 - 437 - 438 - 439 - 441 - 442 - 447 - 448 - 449 - 450 - 451 - 453 - 454 - 455 - 456 - 458 - 459 - 460 - 461 - 462 - 465 - 466 - 467 - 469 - 470 - 472 - 474 - 477 - 478 - 479 - 482 - 488 - 489 - 492 - 495 - 499,567639.0,3.5,91152,99200,56.36,Cost: 91152 & Capacity: 99200
0 - 1 - 2 - 3 - 5 - 6 - 8 - 10 - 13 - 16 - 17 - 18 - 21 - 22 - 23 - 24 - 27 - 28 - 29 - 30 - 31 - 32 - 33 - 34 - 36 - 37 - 38 - 39 - 40 - 41 - 44 - 45 - 46 - 49 - 50 - 51 - 52 - 54 - 55 - 60 - 62 - 64 - 65 - 66 - 68 - 69 - 70 - 71 - 73 - 74 - 76 - 78 - 79 - 80 - 83 - 85 - 88 - 91 - 93 - 95 - 97 - 98 - 99 - 102 - 106 - 107 - 108 - 109 - 110 - 112 - 113 - 115 - 116 - 117 - 118 - 119 - 120 - 121 - 122 - 123 - 125 - 126 - 127 - 129 - 130 - 133 - 134 - 135 - 136 - 137 - 138 - 141 - 142 - 143 - 144 - 149 - 154 - 156 - 159 - 160 - 162 - 163 - 164 - 166 - 169 - 171 - 174 - 175 - 176 - 178 - 180 - 181 - 183 - 187 - 191 - 192 - 193 - 195 - 196 - 197 - 198 - 201 - 202 - 203 - 204 - 206 - 207 - 208 - 209 - 210 - 211 - 214 - 218 - 221 - 222 - 224 - 228 - 229 - 230 - 231 - 232 - 233 - 234 - 235 - 236 - 239 - 240 - 241 - 242 - 244 - 247 - 249 - 250 - 253 - 255 - 256 - 257 - 259 - 261 - 262 - 264 - 266 - 267 - 271 - 273 - 274 - 275 - 276 - 277 - 280 - 281 - 282 - 283 - 286 - 287 - 288 - 289 - 291 - 293 - 296 - 297 - 299 - 300 - 302 - 306 - 309 - 311 - 312 - 313 - 315 - 318 - 319 - 321 - 325 - 326 - 327 - 328 - 329 - 330 - 331 - 333 - 335 - 336 - 338 - 339 - 340 - 341 - 343 - 344 - 346 - 347 - 353 - 354 - 355 - 356 - 357 - 358 - 359 - 360 - 361 - 363 - 368 - 369 - 371 - 377 - 378 - 379 - 381 - 383 - 386 - 387 - 388 - 389 - 391 - 393 - 394 - 395 - 396 - 398 - 399 - 400 - 401 - 402 - 404 - 407 - 409 - 413 - 414 - 416 - 418 - 419 - 421 - 422 - 425 - 426 - 427 - 429 - 431 - 433 - 435 - 436 - 437 - 438 - 439 - 441 - 442 - 447 - 448 - 449 - 450 - 451 - 453 - 454 - 455 - 456 - 458 - 459 - 460 - 461 - 462 - 465 - 466 - 467 - 469 - 470 - 472 - 474 - 477 - 478 - 479 - 482 - 488 - 489 - 492 - 495 - 499,567639.0,3.5,91152,99200,57.67,Cost: 91152 & Capacity: 99200
0 - 1 - 2 - 3 - 5 - 6 - 8 - 10 - 13 - 16 - 17 - 18 - 21 - 22 - 23 - 24 - 27 - 28 - 29 - 30 - 31 - 32 - 33 - 34 - 36 - 37 - 38 - 39 - 40 - 41 - 44 - 45 - 46 - 49 - 50 - 51 - 52 - 54 - 55 - 60 - 62 - 64 - 65 - 66 - 68 - 69 - 70 - 71 - 73 - 74 - 76 - 78 - 79 - 80 - 83 - 85 - 88 - 91 - 93 - 95 - 97 - 98 - 99 - 102 - 106 - 107 - 108 - 109 - 110 - 112 - 113 - 115 - 116 - 117 - 118 - 119 - 120 - 121 - 122 - 123 - 125 - 126 - 127 - 129 - 130 - 133 - 134 - 135 - 136 - 137 - 138 - 141 - 142 - 143 - 144 - 149 - 154 - 156 - 159 - 160 - 162 - 163 - 164 - 166 - 169 - 171 - 174 - 175 - 176 - 178 - 180 - 181 - 183 - 187 - 191 - 192 - 193 - 195 - 196 - 197 - 198 - 201 - 202 - 203 - 204 - 206 - 207 - 208 - 209 - 210 - 211 - 214 - 218 - 221 - 222 - 224 - 228 - 229 - 230 - 231 - 232 - 233 - 234 - 235 - 236 - 239 - 240 - 241 - 242 - 244 - 247 - 249 - 250 - 253 - 255 - 256 - 257 - 259 - 261 - 262 - 264 - 266 - 267 - 271 - 273 - 274 - 275 - 276 - 277 - 280 - 281 - 282 - 283 - 286 - 287 - 288 - 289 - 291 - 293 - 296 - 297 - 299 - 300 - 302 - 306 - 309 - 311 - 312 - 313 - 315 - 318 - 319 - 321 - 325 - 326 - 327 - 328 - 329 - 330 - 331 - 333 - 335 - 336 - 338 - 339 - 340 - 341 - 343 - 344 - 346 - 347 - 353 - 354 - 355 - 356 - 357 - 358 - 359 - 360 - 361 - 363 - 368 - 369 - 371 - 377 - 378 - 379 - 381 - 383 - 386 - 387 - 388 - 389 - 391 - 393 - 394 - 395 - 396 - 398 - 399 - 400 - 401 - 402 - 404 - 407 - 409 - 413 - 414 - 416 - 418 - 419 - 421 - 422 - 425 - 426 - 427 - 429 - 431 - 433 - 435 - 436 - 437 - 438 - 439 - 441 - 442 - 447 - 448 - 449 - 450 - 451 - 453 - 454 - 455 - 456 - 458 - 459 - 460 - 461 - 462 - 465 - 466 - 467 - 469 - 470 - 472 - 474 - 477 - 478 - 479 - 482 - 488 - 489 - 492 - 495 - 499,567639.0,3.5,91152,99200,59.07,Cost: 91152 & Capacity: 99200
1 - 2 - 3 - 6 - 8 - 10 - 11 - 13 - 16 - 18 - 19 - 21 - 22 - 23 - 24 - 25 - 27 - 30 - 32 - 33 - 34 - 36 - 37 - 39 - 40 - 41 - 45 - 46 - 50 - 52 - 55 - 59 - 60 - 64 - 65 - 67 - 70 - 73 - 74 - 76 - 78 - 80 - 82 - 83 - 84 - 85 - 88 - 91 - 93 - 94 - 95 - 97 - 98 - 101 - 102 - 106 - 108 - 109 - 110 - 112 - 113 - 115 - 116 - 117 - 118 - 119 - 121 - 123 - 125 - 126 - 127 - 130 - 133 - 134 - 136 - 137 - 138 - 141 - 142 - 143 - 144 - 145 - 149 - 156 - 158 - 159 - 160 - 162 - 163 - 166 - 169 - 171 - 174 - 175 - 176 - 178 - 180 - 182 - 187 - 191 - 192 - 193 - 195 - 196 - 198 - 201 - 203 - 204 - 206 - 207 - 208 - 209 - 210 - 211 - 214 - 218 - 221 - 222 - 224 - 228 - 229 - 230 - 231 - 232 - 233 - 234 - 236 - 237 - 239 - 240 - 242 - 244 - 247 - 248 - 249 - 250 - 253 - 254 - 255 - 256 - 257 - 259 - 261 - 262 - 264 - 266 - 267 - 271 - 274 - 275 - 276 - 277 - 280 - 281 - 282 - 283 - 285 - 287 - 288 - 289 - 291 - 292 - 293 - 296 - 297 - 300 - 309 - 311 - 312 - 313 - 315 - 317 - 319 - 321 - 325 - 327 - 328 - 329 - 330 - 331 - 333 - 335 - 336 - 338 - 339 - 340 - 343 - 344 - 346 - 347 - 350 - 353 - 354 - 355 - 356 - 357 - 359 - 360 - 361 - 368 - 369 - 375 - 378 - 379 - 381 - 383 - 386 - 387 - 389 - 391 - 393 - 394 - 395 - 396 - 398 - 399 - 400 - 401 - 402 - 404 - 409 - 412 - 413 - 416 - 418 - 419 - 421 - 422 - 425 - 426 - 427 - 429 - 430 - 431 - 433 - 435 - 436 - 437 - 439 - 441 - 442 - 448 - 449 - 450 - 453 - 454 - 455 - 459 - 460 - 462 - 465 - 467 - 469 - 470 - 472 - 473 - 474 - 476 - 477 - 478 - 479 - 482 - 488 - 492 - 495 - 497 - 498 - 499,475331.0,5.5,91157,90531,59.34,Cost: 91157 & Capacity: 90531
0 - 1 - 2 - 3 - 5 - 6 - 8 - 10 - 13 - 16 - 17 - 18 - 21 - 22 - 23 - 24 - 27 - 28 - 29 - 30 - 31 - 32 - 33 - 34 - 36 - 37 - 38 - 39 - 40 - 41 - 44 - 45 - 46 - 49 - 50 - 51 - 52 - 54 - 55 - 60 - 62 - 64 - 65 - 66 - 68 - 69 - 70 - 71 - 73 - 74 - 76 - 78 - 79 - 80 - 83 - 85 - 88 - 91 - 93 - 95 - 97 - 98 - 99 - 102 - 106 - 107 - 108 - 109 - 110 - 112 - 113 - 115 - 116 - 117 - 118 - 119 - 120 - 121 - 122 - 123 - 125 - 126 - 127 - 129 - 130 - 133 - 134 - 135 - 136 - 137 - 138 - 141 - 142 - 143 - 144 - 149 - 154 - 156 - 159 - 160 - 162 - 163 - 164 - 166 - 169 - 171 - 174 - 175 - 176 - 178 - 180 - 181 - 183 - 187 - 191 - 192 - 193 - 195 - 196 - 197 - 198 - 201 - 202 - 203 - 204 - 206 - 207 - 208 - 209 - 210 - 211 - 214 - 218 - 221 - 222 - 224 - 228 - 229 - 230 - 231 - 232 - 233 - 234 - 235 - 236 - 239 - 240 - 241 - 242 - 244 - 247 - 249 - 250 - 253 - 255 - 256 - 257 - 259 - 261 - 262 - 264 - 266 - 267 - 271 - 273 - 274 - 275 - 276 - 277 - 280 - 281 - 282 - 283 - 286 - 287 - 288 - 289 - 291 - 293 - 296 - 297 - 299 - 300 - 302 - 306 - 309 - 311 - 312 - 313 - 315 - 318 - 319 - 321 - 325 - 326 - 327 - 328 - 329 - 330 - 331 - 333 - 335 - 336 - 338 - 339 - 340 - 341 - 343 - 344 - 346 - 347 - 353 - 354 - 355 - 356 - 357 - 358 - 359 - 360 - 361 - 363 - 368 - 369 - 371 - 377 - 378 - 379 - 381 - 383 - 386 - 387 - 388 - 389 - 391 - 393 - 394 - 395 - 396 - 398 - 399 - 400 - 401 - 402 - 404 - 407 - 409 - 413 - 414 - 416 - 418 - 419 - 421 - 422 - 425 - 426 - 427 - 429 - 431 - 433 - 435 - 436 - 437 - 438 - 439 - 441 - 442 - 447 - 448 - 449 - 450 - 451 - 453 - 454 - 455 - 456 - 458 - 459 - 460 - 461 - 462 - 465 - 466 - 467 - 469 - 470 - 472 - 474 - 477 - 478 - 479 - 482 - 488 - 489 - 492 - 495 - 499,567639.0,3.5,91152,99200,65.76,Cost: 91152 & Capacity: 99200
0 - 1 - 2 - 3 - 5 - 6 - 8 - 10 - 13 - 16 - 17 - 18 - 21 - 22 - 23 - 24 - 27 - 28 - 29 - 30 - 31 - 32 - 33 - 34 - 36 - 37 - 38 - 39 - 40 - 41 - 44 - 45 - 46 - 49 - 50 - 51 - 52 - 54 - 55 - 60 - 62 - 64 - 65 - 66 - 68 - 69 - 70 - 71 - 73 - 74 - 76 - 78 - 79 - 80 - 83 - 85 - 88 - 91 - 93 - 95 - 97 - 98 - 99 - 102 - 106 - 107 - 108 - 109 - 110 - 112 - 113 - 115 - 116 - 117 - 118 - 119 - 120 - 121 - 122 - 123 - 125 - 126 - 127 - 129 - 130 - 133 - 134 - 135 - 136 - 137 - 138 - 141 - 142 - 143 - 144 - 149 - 154 - 156 - 159 - 160 - 162 - 163 - 164 - 166 - 169 - 171 - 174 - 175 - 176 - 178 - 180 - 181 - 183 - 187 - 191 - 192 - 193 - 195 - 196 - 197 - 198 - 201 - 202 - 203 - 204 - 206 - 207 - 208 - 209 - 210 - 211 - 214 - 218 - 221 - 222 - 224 - 228 - 229 - 230 - 231 - 232 - 233 - 234 - 235 - 236 - 239 - 240 - 241 - 242 - 244 - 247 - 249 - 250 - 253 - 255 - 256 - 257 - 259 - 261 - 262 - 264 - 266 - 267 - 271 - 273 - 274 - 275 - 276 - 277 - 280 - 281 - 282 - 283 - 286 - 287 - 288 - 289 - 291 - 293 - 296 - 297 - 299 - 300 - 302 - 306 - 309 - 311 - 312 - 313 - 315 - 318 - 319 - 321 - 325 - 326 - 327 - 328 - 329 - 330 - 331 - 333 - 335 - 336 - 338 - 339 - 340 - 341 - 343 - 344 - 346 - 347 - 353 - 354 - 355 - 356 - 357 - 358 - 359 - 360 - 361 - 363 - 368 - 369 - 371 - 377 - 378 - 379 - 381 - 383 - 386 - 387 - 388 - 389 - 391 - 393 - 394 - 395 - 396 - 398 - 399 - 400 - 401 - 402 - 404 - 407 - 409 - 413 - 414 - 416 - 418 - 419 - 421 - 422 - 425 - 426 - 427 - 429 - 431 - 433 - 435 - 436 - 437 - 438 - 439 - 441 - 442 - 447 - 448 - 449 - 450 - 451 - 453 - 454 - 455 - 456 - 458 - 459 - 460 - 461 - 462 - 465 - 466 - 467 - 469 - 470 - 472 - 474 - 477 - 478 - 479 - 482 - 488 - 489 - 492 - 495 - 499,567639.0,3.5,91152,99200,66.96,Cost: 91152 & Capacity: 99200
2 - 8 - 10 - 11 - 16 - 17 - 19 - 21 - 23 - 24 - 25 - 34 - 38 - 40 - 41 - 45 - 46 - 52 - 64 - 65 - 66 - 67 - 69 - 76 - 82 - 91 - 93 - 94 - 95 - 97 - 102 - 106 - 110 - 112 - 115 - 117 - 119 - 123 - 125 - 133 - 134 - 136 - 143 - 144 - 145 - 146 - 147 - 149 - 150 - 152 - 157 - 158 - 162 - 163 - 169 - 179 - 180 - 181 - 182 - 184 - 187 - 188 - 191 - 192 - 195 - 200 - 201 - 204 - 206 - 207 - 208 - 209 - 212 - 214 - 217 - 222 - 224 - 227 - 230 - 234 - 237 - 239 - 248 - 250 - 253 - 259 - 264 - 266 - 267 - 270 - 274 - 282 - 283 - 289 - 292 - 298 - 310 - 313 - 317 - 320 - 321 - 327 - 331 - 338 - 340 - 345 - 346 - 347 - 349 - 350 - 355 - 357 - 360 - 361 - 364 - 365 - 367 - 371 - 372 - 375 - 376 - 378 - 381 - 384 - 385 - 386 - 387 - 388 - 389 - 390 - 392 - 396 - 398 - 399 - 400 - 401 - 404 - 407 - 409 - 413 - 416 - 417 - 418 - 420 - 422 - 425 - 426 - 427 - 431 - 433 - 437 - 438 - 439 - 445 - 457 - 459 - 466 - 472 - 474 - 476 - 480 - 482 - 483 - 484 - 485 - 487 - 488 - 489 - 490 - 492 - 497 - 498,208617.8,7.5,91166,79520,67.61,Cost: 91166 & Capacity: 79520
0 - 1 - 2 - 3 - 5 - 6 - 8 - 10 - 13 - 16 - 17 - 18 - 21 - 22 - 23 - 24 - 27 - 28 - 29 - 30 - 31 - 32 - 33 - 34 - 36 - 37 - 38 - 39 - 40 - 41 - 44 - 45 - 46 - 49 - 50 - 51 - 52 - 54 - 55 - 60 - 62 - 64 - 65 - 66 - 68 - 69 - 70 - 71 - 73 - 74 - 76 - 78 - 79 - 80 - 83 - 85 - 88 - 91 - 93 - 95 - 97 - 98 - 99 - 102 - 106 - 107 - 108 - 109 - 110 - 112 - 113 - 115 - 116 - 117 - 118 - 119 - 120 - 121 - 122 - 123 - 125 - 126 - 127 - 129 - 130 - 133 - 134 - 135 - 136 - 137 - 138 - 141 - 142 - 143 - 144 - 149 - 154 - 156 - 159 - 160 - 162 - 163 - 164 - 166 - 169 - 171 - 174 - 175 - 176 - 178 - 180 - 181 - 183 - 187 - 191 - 192 - 193 - 195 - 196 - 197 - 198 - 201 - 202 - 203 - 204 - 206 - 207 - 208 - 209 - 210 - 211 - 214 - 218 - 221 - 222 - 224 - 228 - 229 - 230 - 231 - 232 - 233 - 234 - 235 - 236 - 239 - 240 - 241 - 242 - 244 - 247 - 249 - 250 - 253 - 255 - 256 - 257 - 259 - 261 - 262 - 264 - 266 - 267 - 271 - 273 - 274 - 275 - 276 - 277 - 280 - 281 - 282 - 283 - 286 - 287 - 288 - 289 - 291 - 293 - 296 - 297 - 299 - 300 - 302 - 306 - 309 - 311 - 312 - 313 - 315 - 318 - 319 - 321 - 325 - 326 - 327 - 328 - 329 - 330 - 331 - 333 - 335 - 336 - 338 - 339 - 340 - 341 - 343 - 344 - 346 - 347 - 353 - 354 - 355 - 356 - 357 - 358 - 359 - 360 - 361 - 363 - 368 - 369 - 371 - 377 - 378 - 379 - 381 - 383 - 386 - 387 - 388 - 389 - 391 - 393 - 394 - 395 - 396 - 398 - 399 - 400 - 401 - 402 - 404 - 407 - 409 - 413 - 414 - 416 - 418 - 419 - 421 - 422 - 425 - 426 - 427 - 429 - 431 - 433 - 435 - 436 - 437 - 438 - 439 - 441 - 442 - 447 - 448 - 449 - 450 - 451 - 453 - 454 - 455 - 456 - 458 - 459 - 460 - 461 - 462 - 465 - 466 - 467 - 469 - 470 - 472 - 474 - 477 - 478 - 479 - 482 - 488 - 489 - 492 - 495 - 499,567639.0,3.5,91152,99200,68.39,Cost: 91152 & Capacity: 99200
1 - 2 - 3 - 8 - 11 - 16 - 18 - 21 - 22 - 23 - 24 - 25 - 27 - 30 - 36 - 37 - 40 - 41 - 45 - 46 - 50 - 52 - 55 - 57 - 59 - 62 - 63 - 64 - 65 - 67 - 70 - 73 - 75 - 76 - 79 - 84 - 85 - 88 - 91 - 93 - 94 - 97 - 98 - 101 - 102 - 107 - 108 - 109 - 110 - 113 - 115 - 118 - 119 - 121 - 122 - 123 - 124 - 125 - 126 - 133 - 135 - 136 - 137 - 142 - 144 - 146 - 147 - 148 - 149 - 152 - 156 - 157 - 160 - 163 - 171 - 174 - 175 - 179 - 180 - 182 - 187 - 189 - 190 - 191 - 192 - 193 - 195 - 196 - 198 - 199 - 201 - 202 - 206 - 207 - 209 - 210 - 211 - 212 - 218 - 222 - 224 - 228 - 230 - 231 - 234 - 237 - 239 - 240 - 242 - 244 - 248 - 250 - 252 - 255 - 256 - 257 - 259 - 262 - 264 - 270 - 271 - 273 - 275 - 276 - 277 - 280 - 281 - 282 - 283 - 287 - 289 - 292 - 296 - 304 - 307 - 313 - 315 - 317 - 320 - 326 - 327 - 328 - 330 - 331 - 335 - 338 - 340 - 345 - 346 - 347 - 349 - 350 - 353 - 355 - 357 - 360 - 361 - 367 - 375 - 376 - 379 - 381 - 384 - 386 - 388 - 393 - 395 - 396 - 399 - 400 - 401 - 402 - 407 - 412 - 413 - 414 - 416 - 418 - 419 - 421 - 425 - 427 - 431 - 433 - 435 - 437 - 439 - 444 - 448 - 449 - 450 - 453 - 459 - 460 - 462 - 465 - 469 - 471 - 472 - 473 - 474 - 478 - 479 - 481 - 482 - 483 - 485 - 486 - 487 - 488 - 492 - 497 - 498 - 499,311705.7,6.8,91070,82608,81.58,Cost: 91070 & Capacity: 82608
2 - 7 - 8 - 11 - 19 - 21 - 23 - 25 - 35 - 37 - 40 - 41 - 45 - 49 - 53 - 55 - 57 - 64 - 66 - 67 - 80 - 81 - 84 - 86 - 88 - 89 - 93 - 95 - 109 - 111 - 113 - 114 - 115 - 117 - 123 - 125 - 127 - 138 - 143 - 144 - 145 - 146 - 150 - 152 - 157 - 158 - 162 - 169 - 171 - 176 - 178 - 179 - 180 - 182 - 184 - 187 - 188 - 191 - 194 - 195 - 196 - 201 - 204 - 205 - 206 - 208 - 209 - 212 - 214 - 220 - 222 - 224 - 230 - 237 - 242 - 250 - 259 - 264 - 268 - 274 - 280 - 282 - 284 - 292 - 298 - 305 - 307 - 310 - 314 - 317 - 331 - 335 - 338 - 346 - 347 - 348 - 349 - 351 - 357 - 360 - 361 - 365 - 370 - 371 - 372 - 373 - 375 - 381 - 384 - 386 - 387 - 388 - 389 - 390 - 396 - 400 - 401 - 409 - 416 - 417 - 420 - 424 - 425 - 426 - 427 - 433 - 437 - 438 - 439 - 444 - 445 - 449 - 459 - 469 - 472 - 474 - 475 - 484 - 485 - 488 - 490 - 495 - 497 - 498,146802.2,7.9,90620,75393,82.81,Cost: 90620 & Capacity: 75393
0 - 1 - 2 - 3 - 5 - 6 - 8 - 10 - 13 - 16 - 17 - 18 - 21 - 22 - 23 - 24 - 27 - 28 - 29 - 30 - 31 - 32 - 33 - 34 - 36 - 37 - 38 - 39 - 40 - 41 - 44 - 45 - 46 - 49 - 50 - 51 - 52 - 54 - 55 - 60 - 62 - 64 - 65 - 66 - 68 - 69 - 70 - 71 - 73 - 74 - 76 - 78 - 79 - 80 - 83 - 85 - 88 - 91 - 93 - 95 - 97 - 98 - 99 - 102 - 106 - 107 - 108 - 109 - 110 - 112 - 113 - 115 - 116 - 117 - 118 - 119 - 120 - 121 - 122 - 123 - 125 - 126 - 127 - 129 - 130 - 133 - 134 - 135 - 136 - 137 - 138 - 141 - 142 - 143 - 144 - 149 - 154 - 156 - 159 - 160 - 162 - 163 - 164 - 166 - 169 - 171 - 174 - 175 - 176 - 178 - 180 - 181 - 183 - 187 - 191 - 192 - 193 - 195 - 196 - 197 - 198 - 201 - 202 - 203 - 204 - 206 - 207 - 208 - 209 - 210 - 211 - 214 - 218 - 221 - 222 - 224 - 228 - 229 - 230 - 231 - 232 - 233 - 234 - 235 - 236 - 239 - 240 - 241 - 242 - 244 - 247 - 249 - 250 - 253 - 255 - 256 - 257 - 259 - 261 - 262 - 264 - 266 - 267 - 271 - 273 - 274 - 275 - 276 - 277 - 280 - 281 - 282 - 283 - 286 - 287 - 288 - 289 - 291 - 293 - 296 - 297 - 299 - 300 - 302 - 306 - 309 - 311 - 312 - 313 - 315 - 318 - 319 - 321 - 325 - 326 - 327 - 328 - 329 - 330 - 331 - 333 - 335 - 336 - 338 - 339 - 340 - 341 - 343 - 344 - 346 - 347 - 353 - 354 - 355 - 356 - 357 - 358 - 359 - 360 - 361 - 363 - 368 - 369 - 371 - 377 - 378 - 379 - 381 - 383 - 386 - 387 - 388 - 389 - 391 - 393 - 394 - 395 - 396 - 398 - 399 - 400 - 401 - 402 - 404 - 407 - 409 - 413 - 414 - 416 - 418 - 419 - 421 - 422 - 425 - 426 - 427 - 429 - 431 - 433 - 435 - 436 - 437 - 438 - 439 - 441 - 442 - 447 - 448 - 449 - 450 - 451 - 453 - 454 - 455 - 456 - 458 - 459 - 460 - 461 - 462 - 465 - 466 - 467 - 469 - 470 - 472 - 474 - 477 - 478 - 479 - 482 - 488 - 489 - 492 - 495 - 499,567639.0,3.5,91152,99200,83.13,Cost: 91152 & Capacity: 99200
0 - 1 - 2 - 3 - 5 - 6 - 8 - 10 - 13 - 16 - 17 - 18 - 21 - 22 - 23 - 24 - 27 - 28 - 29 - 30 - 31 - 32 - 33 - 34 - 36 - 37 - 38 - 39 - 40 - 41 - 44 - 45 - 46 - 49 - 50 - 51 - 52 - 54 - 55 - 60 - 62 - 64 - 65 - 66 - 68 - 69 - 70 - 71 - 73 - 74 - 76 - 78 - 79 - 80 - 83 - 85 - 88 - 91 - 93 - 95 - 97 - 98 - 99 - 102 - 106 - 107 - 108 - 109 - 110 - 112 - 113 - 115 - 116 - 117 - 118 - 119 - 120 - 121 - 122 - 123 - 125 - 126 - 127 - 129 - 130 - 133 - 134 - 135 - 136 - 137 - 138 - 141 - 142 - 143 - 144 - 149 - 154 - 156 - 159 - 160 - 162 - 163 - 164 - 166 - 169 - 171 - 174 - 175 - 176 - 178 - 180 - 181 - 183 - 187 - 191 - 192 - 193 - 195 - 196 - 197 - 198 - 201 - 202 - 203 - 204 - 206 - 207 - 208 - 209 - 210 - 211 - 214 - 218 - 221 - 222 - 224 - 228 - 229 - 230 - 231 - 232 - 233 - 234 - 235 - 236 - 239 - 240 - 241 - 242 - 244 - 247 - 249 - 250 - 253 - 255 - 256 - 257 - 259 - 261 - 262 - 264 - 266 - 267 - 271 - 273 - 274 - 275 - 276 - 277 - 280 - 281 - 282 - 283 - 286 - 287 - 288 - 289 - 291 - 293 - 296 - 297 - 299 - 300 - 302 - 306 - 309 - 311 - 312 - 313 - 315 - 318 - 319 - 321 - 325 - 326 - 327 - 328 - 329 - 330 - 331 - 333 - 335 - 336 - 338 - 339 - 340 - 341 - 343 - 344 - 346 - 347 - 353 - 354 - 355 - 356 - 357 - 358 - 359 - 360 - 361 - 363 - 368 - 369 - 371 - 377 - 378 - 379 - 381 - 383 - 386 - 387 - 388 - 389 - 391 - 393 - 394 - 395 - 396 - 398 - 399 - 400 - 401 - 402 - 404 - 407 - 409 - 413 - 414 - 416 - 418 - 419 - 421 - 422 - 425 - 426 - 427 - 429 - 431 - 433 - 435 - 436 - 437 - 438 - 439 - 441 - 442 - 447 - 448 - 449 - 450 - 451 - 453 - 454 - 455 - 456 - 458 - 459 - 460 - 461 - 462 - 465 - 466 - 467 - 469 - 470 - 472 - 474 - 477 - 478 - 479 - 482 - 488 - 489 - 492 - 495 - 499,567639.0,3.5,91152,99200,84.36,Cost: 91152 & Capacity: 99200
0 - 1 - 2 - 3 - 5 - 6 - 8 - 10 - 13 - 16 - 17 - 18 - 21 - 22 - 23 - 24 - 27 - 28 - 29 - 30 - 31 - 32 - 33 - 34 - 36 - 37 - 38 - 39 - 40 - 41 - 44 - 45 - 46 - 49 - 50 - 51 - 52 - 54 - 55 - 60 - 62 - 64 - 65 - 66 - 68 - 69 - 70 - 71 - 73 - 74 - 76 - 78 - 79 - 80 - 83 - 85 - 88 - 91 - 93 - 95 - 97 - 98 - 99 - 102 - 106 - 107 - 108 - 109 - 110 - 112 - 113 - 115 - 116 - 117 - 118 - 119 - 120 - 121 - 122 - 123 - 125 - 126 - 127 - 129 - 130 - 133 - 134 - 135 - 136 - 137 - 138 - 141 - 142 - 143 - 144 - 149 - 154 - 156 - 159 - 160 - 162 - 163 - 164 - 166 - 169 - 171 - 174 - 175 - 176 - 178 - 180 - 181 - 183 - 187 - 191 - 192 - 193 - 195 - 196 - 197 - 198 - 201 - 202 - 203 - 204 - 206 - 207 - 208 - 209 - 210 - 211 - 214 - 218 - 221 - 222 - 224 - 228 - 229 - 230 - 231 - 232 - 233 - 234 - 235 - 236 - 239 - 240 - 241 - 242 - 244 - 247 - 249 - 250 - 253 - 255 - 256 - 257 - 259 - 261 - 262 - 264 - 266 - 267 - 271 - 273 - 274 - 275 - 276 - 277 - 280 - 281 - 282 - 283 - 286 - 287 - 288 - 289 - 291 - 293 - 296 - 297 - 299 - 300 - 302 - 306 - 309 - 311 - 312 - 313 - 315 - 318 - 319 - 321 - 325 - 326 - 327 - 328 - 329 - 330 - 331 - 333 - 335 - 336 - 338 - 339 - 340 - 341 - 343 - 344 - 346 - 347 - 353 - 354 - 355 - 356 - 357 - 358 - 359 - 360 - 361 - 363 - 368 - 369 - 371 - 377 - 378 - 379 - 381 - 383 - 386 - 387 - 388 - 389 - 391 - 393 - 394 - 395 - 396 - 398 - 399 - 400 - 401 - 402 - 404 - 407 - 409 - 413 - 414 - 416 - 418 - 419 - 421 - 422 - 425 - 426 - 427 - 429 - 431 - 433 - 435 - 436 - 437 - 438 - 439 - 441 - 442 - 447 - 448 - 449 - 450 - 451 - 453 - 454 - 455 - 456 - 458 - 459 - 460 - 461 - 462 - 465 - 466 - 467 - 469 - 470 - 472 - 474 - 477 - 478 - 479 - 482 - 488 - 489 - 492 - 495 - 499,567639.0,3.5,91152,99200,84.41,Cost: 91152 & Capacity: 99200
0 - 1 - 2 - 3 - 5 - 6 - 8 - 10 - 13 - 16 - 17 - 18 - 21 - 22 - 23 - 24 - 27 - 28 - 29 - 30 - 31 - 32 - 33 - 34 - 36 - 37 - 38 - 39 - 40 - 41 - 44 - 45 - 46 - 49 - 50 - 51 - 52 - 54 - 55 - 60 - 62 - 64 - 65 - 66 - 68 - 69 - 70 - 71 - 73 - 74 - 76 - 78 - 79 - 80 - 83 - 85 - 88 - 91 - 93 - 95 - 97 - 98 - 99 - 102 - 106 - 107 - 108 - 109 - 110 - 112 - 113 - 115 - 116 - 117 - 118 - 119 - 120 - 121 - 122 - 123 - 125 - 126 - 127 - 129 - 130 - 133 - 134 - 135 - 136 - 137 - 138 - 141 - 142 - 143 - 144 - 149 - 154 - 156 - 159 - 160 - 162 - 163 - 164 - 166 - 169 - 171 - 174 - 175 - 176 - 178 - 180 - 181 - 183 - 187 - 191 - 192 - 193 - 195 - 196 - 197 - 198 - 201 - 202 - 203 - 204 - 206 - 207 - 208 - 209 - 210 - 211 - 214 - 218 - 221 - 222 - 224 - 228 - 229 - 230 - 231 - 232 - 233 - 234 - 235 - 236 - 239 - 240 - 241 - 242 - 244 - 247 - 249 - 250 - 253 - 255 - 256 - 257 - 259 - 261 - 262 - 264 - 266 - 267 - 271 - 273 - 274 - 275 - 276 - 277 - 280 - 281 - 282 - 283 - 286 - 287 - 288 - 289 - 291 - 293 - 296 - 297 - 299 - 300 - 302 - 306 - 309 - 311 - 312 - 313 - 315 - 318 - 319 - 321 - 325 - 326 - 327 - 328 - 329 - 330 - 331 - 333 - 335 - 336 - 338 - 339 - 340 - 341 - 343 - 344 - 346 - 347 - 353 - 354 - 355 - 356 - 357 - 358 - 359 - 360 - 361 - 363 - 368 - 369 - 371 - 377 - 378 - 379 - 381 - 383 - 386 - 387 - 388 - 389 - 391 - 393 - 394 - 395 - 396 - 398 - 399 - 400 - 401 - 402 - 404 - 407 - 409 - 413 - 414 - 416 - 418 - 419 - 421 - 422 - 425 - 426 - 427 - 429 - 431 - 433 - 435 - 436 - 437 - 438 - 439 - 441 - 442 - 447 - 448 - 449 - 450 - 451 - 453 - 454 - 455 - 456 - 458 - 459 - 460 - 461 - 462 - 465 - 466 - 467 - 469 - 470 - 472 - 474 - 477 - 478 - 479 - 482 - 488 - 489 - 492 - 495 - 499,567639.0,3.5,91152,99200,85.56,Cost: 91152 & Capacity: 99200
0 - 1 - 2 - 3 - 5 - 6 - 8 - 10 - 13 - 16 - 17 - 18 - 21 - 22 - 23 - 24 - 27 - 28 - 29 - 30 - 31 - 32 - 33 - 34 - 36 - 37 - 38 - 39 - 40 - 41 - 44 - 45 - 46 - 49 - 50 - 51 - 52 - 54 - 55 - 60 - 62 - 64 - 65 - 66 - 68 - 69 - 70 - 71 - 73 - 74 - 76 - 78 - 79 - 80 - 83 - 85 - 88 - 91 - 93 - 95 - 97 - 98 - 99 - 102 - 106 - 107 - 108 - 109 - 110 - 112 - 113 - 115 - 116 - 117 - 118 - 119 - 120 - 121 - 122 - 123 - 125 - 126 - 127 - 129 - 130 - 133 - 134 - 135 - 136 - 137 - 138 - 141 - 142 - 143 - 144 - 149 - 154 - 156 - 159 - 160 - 162 - 163 - 164 - 166 - 169 - 171 - 174 - 175 - 176 - 178 - 180 - 181 - 183 - 187 - 191 - 192 - 193 - 195 - 196 - 197 - 198 - 201 - 202 - 203 - 204 - 206 - 207 - 208 - 209 - 210 - 211 - 214 - 218 - 221 - 222 - 224 - 228 - 229 - 230 - 231 - 232 - 233 - 234 - 235 - 236 - 239 - 240 - 241 - 242 - 244 - 247 - 249 - 250 - 253 - 255 - 256 - 257 - 259 - 261 - 262 - 264 - 266 - 267 - 271 - 273 - 274 - 275 - 276 - 277 - 280 - 281 - 282 - 283 - 286 - 287 - 288 - 289 - 291 - 293 - 296 - 297 - 299 - 300 - 302 - 306 - 309 - 311 - 312 - 313 - 315 - 318 - 319 - 321 - 325 - 326 - 327 - 328 - 329 - 330 - 331 - 333 - 335 - 336 - 338 - 339 - 340 - 341 - 343 - 344 - 346 - 347 - 353 - 354 - 355 - 356 - 357 - 358 - 359 - 360 - 361 - 363 - 368 - 369 - 371 - 377 - 378 - 379 - 381 - 383 - 386 - 387 - 388 - 389 - 391 - 393 - 394 - 395 - 396 - 398 - 399 - 400 - 401 - 402 - 404 - 407 - 409 - 413 - 414 - 416 - 418 - 419 - 421 - 422 - 425 - 426 - 427 - 429 - 431 - 433 - 435 - 436 - 437 - 438 - 439 - 441 - 442 - 447 - 448 - 449 - 450 - 451 - 453 - 454 - 455 - 456 - 458 - 459 - 460 - 461 - 462 - 465 - 466 - 467 - 469 - 470 - 472 - 474 - 477 - 478 - 479 - 482 - 488 - 489 - 492 - 495 - 499,567639.0,3.5,91152,99200,86.3,Cost: 91152 & Capacity: 99200
1 - 2 - 3 - 4 - 6 - 8 - 10 - 13 - 16 - 18 - 21 - 22 - 23 - 24 - 25 - 27 - 30 - 32 - 33 - 34 - 36 - 37 - 39 - 40 - 41 - 45 - 46 - 49 - 50 - 52 - 55 - 60 - 64 - 65 - 67 - 69 - 70 - 71 - 73 - 74 - 75 - 76 - 80 - 83 - 84 - 85 - 88 - 91 - 93 - 94 - 95 - 97 - 98 - 102 - 106 - 107 - 108 - 109 - 110 - 112 - 113 - 115 - 116 - 117 - 118 - 119 - 120 - 121 - 122 - 123 - 125 - 126 - 127 - 130 - 133 - 134 - 136 - 137 - 138 - 141 - 143 - 144 - 145 - 149 - 154 - 156 - 159 - 160 - 162 - 163 - 164 - 166 - 169 - 171 - 174 - 175 - 176 - 178 - 180 - 187 - 191 - 192 - 193 - 195 - 196 - 198 - 199 - 201 - 202 - 203 - 204 - 206 - 207 - 208 - 209 - 210 - 211 - 214 - 218 - 221 - 222 - 224 - 228 - 229 - 230 - 231 - 232 - 233 - 234 - 235 - 236 - 237 - 239 - 240 - 241 - 242 - 244 - 247 - 248 - 250 - 252 - 254 - 255 - 256 - 257 - 259 - 261 - 262 - 264 - 266 - 267 - 271 - 274 - 275 - 276 - 277 - 280 - 281 - 282 - 283 - 285 - 287 - 289 - 291 - 292 - 293 - 296 - 297 - 300 - 302 - 306 - 309 - 311 - 312 - 313 - 315 - 317 - 318 - 319 - 321 - 325 - 326 - 327 - 328 - 329 - 330 - 331 - 333 - 335 - 338 - 339 - 340 - 343 - 344 - 346 - 347 - 353 - 354 - 355 - 356 - 357 - 359 - 360 - 361 - 362 - 363 - 368 - 369 - 375 - 378 - 379 - 381 - 383 - 386 - 387 - 388 - 389 - 391 - 393 - 394 - 395 - 396 - 398 - 399 - 400 - 401 - 402 - 404 - 407 - 409 - 412 - 413 - 414 - 416 - 418 - 419 - 421 - 422 - 425 - 427 - 429 - 431 - 433 - 435 - 436 - 437 - 439 - 441 - 442 - 448 - 449 - 450 - 451 - 453 - 454 - 455 - 456 - 458 - 459 - 460 - 462 - 465 - 466 - 467 - 469 - 470 - 472 - 474 - 478 - 479 - 482 - 488 - 489 - 492 - 495 - 497 - 498 - 499,506122.6,5.2,91181,96169,86.86,Cost: 91181 & Capacity: 96169
0 - 1 - 2 - 3 - 5 - 6 - 8 - 10 - 13 - 16 - 17 - 18 - 21 - 22 - 23 - 24 - 27 - 28 - 29 - 30 - 31 - 32 - 33 - 34 - 36 - 37 - 38 - 39 - 41 - 44 - 45 - 46 - 49 - 50 - 51 - 52 - 54 - 55 - 60 - 62 - 64 - 65 - 66 - 68 - 69 - 70 - 71 - 73 - 74 - 76 - 78 - 79 - 80 - 83 - 85 - 88 - 91 - 93 - 95 - 97 - 98 - 99 - 102 - 106 - 107 - 108 - 109 - 110 - 112 - 113 - 115 - 116 - 117 - 118 - 119 - 120 - 121 - 122 - 123 - 125 - 126 - 127 - 129 - 130 - 133 - 134 - 135 - 136 - 137 - 138 - 141 - 142 - 143 - 144 - 149 - 154 - 156 - 159 - 160 - 162 - 163 - 164 - 166 - 169 - 171 - 174 - 175 - 176 - 178 - 180 - 181 - 183 - 187 - 191 - 192 - 193 - 195 - 196 - 197 - 198 - 201 - 202 - 203 - 204 - 206 - 207 - 208 - 209 - 210 - 211 - 214 - 218 - 221 - 222 - 224 - 228 - 229 - 230 - 231 - 232 - 233 - 234 - 235 - 236 - 239 - 240 - 241 - 242 - 244 - 247 - 249 - 250 - 253 - 255 - 256 - 257 - 259 - 261 - 262 - 264 - 266 - 267 - 271 - 273 - 274 - 275 - 276 - 277 - 280 - 281 - 282 - 283 - 286 - 287 - 288 - 289 - 291 - 293 - 296 - 297 - 299 - 300 - 302 - 306 - 309 - 311 - 312 - 313 - 315 - 318 - 319 - 321 - 325 - 326 - 327 - 328 - 329 - 330 - 331 - 333 - 335 - 336 - 338 - 339 - 340 - 341 - 343 - 346 - 347 - 353 - 354 - 355 - 356 - 357 - 358 - 359 - 360 - 361 - 362 - 363 - 368 - 369 - 371 - 377 - 378 - 379 - 381 - 383 - 386 - 387 - 388 - 389 - 391 - 393 - 394 - 395 - 396 - 398 - 399 - 400 - 401 - 402 - 404 - 407 - 409 - 413 - 414 - 416 - 418 - 419 - 421 - 422 - 425 - 426 - 427 - 431 - 433 - 435 - 436 - 437 - 438 - 439 - 441 - 442 - 447 - 448 - 449 - 450 - 451 - 453 - 454 - 455 - 456 - 458 - 459 - 460 - 461 - 462 - 463 - 465 - 467 - 469 - 470 - 472 - 474 - 476 - 477 - 478 - 479 - 482 - 488 - 489 - 492 - 495 - 497 - 499,568191.7,3.5,91173,98864,90.02,Cost: 91173 & Capacity: 98864
1 - 2 - 3 - 6 - 8 - 10 - 11 - 13 - 16 - 18 - 19 - 21 - 22 - 23 - 24 - 25 - 27 - 30 - 33 - 34 - 36 - 37 - 38 - 39 - 40 - 41 - 45 - 46 - 50 - 52 - 55 - 59 - 60 - 64 - 65 - 67 - 68 - 69 - 70 - 74 - 76 - 78 - 80 - 84 - 85 - 88 - 93 - 94 - 95 - 97 - 98 - 99 - 102 - 106 - 107 - 108 - 109 - 110 - 112 - 113 - 115 - 116 - 117 - 118 - 119 - 120 - 121 - 122 - 123 - 125 - 126 - 127 - 130 - 133 - 134 - 135 - 136 - 137 - 138 - 141 - 142 - 143 - 144 - 145 - 146 - 149 - 154 - 156 - 159 - 162 - 163 - 164 - 166 - 169 - 171 - 174 - 175 - 176 - 178 - 180 - 181 - 187 - 191 - 192 - 193 - 195 - 196 - 198 - 201 - 202 - 203 - 204 - 206 - 207 - 208 - 209 - 210 - 211 - 214 - 218 - 221 - 222 - 224 - 228 - 229 - 230 - 231 - 232 - 233 - 234 - 235 - 237 - 239 - 240 - 241 - 242 - 244 - 247 - 248 - 249 - 250 - 252 - 254 - 255 - 256 - 257 - 259 - 262 - 264 - 266 - 267 - 271 - 273 - 275 - 276 - 277 - 281 - 282 - 283 - 287 - 288 - 289 - 291 - 292 - 293 - 296 - 297 - 309 - 311 - 312 - 313 - 315 - 317 - 318 - 319 - 321 - 325 - 326 - 327 - 328 - 329 - 330 - 331 - 333 - 335 - 338 - 339 - 340 - 343 - 344 - 346 - 347 - 350 - 353 - 354 - 355 - 356 - 357 - 359 - 360 - 361 - 363 - 368 - 369 - 375 - 378 - 379 - 381 - 383 - 386 - 387 - 389 - 391 - 393 - 394 - 395 - 396 - 398 - 399 - 400 - 401 - 402 - 404 - 407 - 409 - 412 - 413 - 416 - 418 - 419 - 421 - 422 - 425 - 427 - 429 - 433 - 435 - 436 - 437 - 439 - 442 - 447 - 448 - 449 - 450 - 451 - 453 - 454 - 455 - 456 - 458 - 459 - 460 - 461 - 462 - 465 - 467 - 469 - 470 - 472 - 473 - 474 - 477 - 478 - 479 - 482 - 488 - 489 - 492 - 495 - 497 - 498 - 499,491856.5,5.3,91180,93814,90.29,Cost: 91180 & Capacity: 93814
0 - 1 - 2 - 3 - 5 - 6 - 8 - 10 - 13 - 16 - 17 - 18 - 21 - 22 - 23 - 24 - 27 - 28 - 29 - 30 - 31 - 32 - 33 - 34 - 36 - 37 - 38 - 39 - 40 - 41 - 44 - 45 - 46 - 49 - 50 - 51 - 52 - 54 - 55 - 60 - 62 - 64 - 65 - 66 - 68 - 69 - 70 - 71 - 73 - 74 - 76 - 78 - 79 - 80 - 83 - 85 - 88 - 91 - 93 - 95 - 97 - 98 - 99 - 102 - 106 - 107 - 108 - 109 - 110 - 112 - 113 - 115 - 116 - 117 - 118 - 119 - 120 - 121 - 122 - 123 - 125 - 126 - 127 - 129 - 130 - 133 - 134 - 135 - 136 - 137 - 138 - 141 - 142 - 143 - 144 - 149 - 154 - 156 - 159 - 160 - 162 - 163 - 164 - 166 - 169 - 171 - 174 - 175 - 176 - 178 - 180 - 181 - 183 - 187 - 191 - 192 - 193 - 195 - 196 - 197 - 198 - 201 - 202 - 203 - 204 - 206 - 207 - 208 - 209 - 210 - 211 - 214 - 218 - 221 - 222 - 224 - 228 - 229 - 230 - 231 - 232 - 233 - 234 - 235 - 236 - 239 - 240 - 241 - 242 - 244 - 247 - 249 - 250 - 253 - 255 - 256 - 257 - 259 - 261 - 262 - 264 - 266 - 267 - 271 - 273 - 274 - 275 - 276 - 277 - 280 - 281 - 282 - 283 - 286 - 287 - 288 - 289 - 291 - 293 - 296 - 297 - 299 - 300 - 302 - 306 - 309 - 311 - 312 - 313 - 315 - 318 - 319 - 321 - 325 - 326 - 327 - 328 - 329 - 330 - 331 - 333 - 335 - 336 - 338 - 339 - 340 - 341 - 343 - 344 - 346 - 347 - 353 - 354 - 355 - 356 - 357 - 358 - 359 - 360 - 361 - 363 - 368 - 369 - 371 - 377 - 378 - 379 - 381 - 383 - 386 - 387 - 388 - 389 - 391 - 393 - 394 - 395 - 396 - 398 - 399 - 400 - 401 - 402 - 404 - 407 - 409 - 413 - 414 - 416 - 418 - 419 - 421 - 422 - 425 - 426 - 427 - 429 - 431 - 433 - 435 - 436 - 437 - 438 - 439 - 441 - 442 - 447 - 448 - 449 - 450 - 451 - 453 - 454 - 455 - 456 - 458 - 459 - 460 - 461 - 462 - 465 - 466 - 467 - 469 - 470 - 472 - 474 - 477 - 478 - 479 - 482 - 488 - 489 - 492 - 495 - 499,567639.0,3.5,91152,99200,91.41,Cost: 91152 & Capacity: 99200
0 - 1 - 2 - 3 - 5 - 6 - 8 - 10 - 13 - 16 - 17 - 18 - 21 - 22 - 23 - 24 - 27 - 28 - 29 - 30 - 31 - 32 - 33 - 34 - 36 - 37 - 38 - 39 - 40 - 41 - 44 - 45 - 46 - 49 - 50 - 51 - 52 - 54 - 55 - 60 - 62 - 64 - 65 - 66 - 68 - 69 - 70 - 71 - 73 - 74 - 76 - 78 - 79 - 80 - 83 - 85 - 88 - 91 - 93 - 95 - 97 - 98 - 99 - 102 - 106 - 107 - 108 - 109 - 110 - 112 - 113 - 115 - 116 - 117 - 118 - 119 - 120 - 121 - 122 - 123 - 125 - 126 - 127 - 129 - 130 - 133 - 134 - 135 - 136 - 137 - 138 - 141 - 142 - 143 - 144 - 149 - 154 - 156 - 159 - 160 - 162 - 163 - 164 - 166 - 169 - 171 - 174 - 175 - 176 - 178 - 180 - 181 - 183 - 187 - 191 - 192 - 193 - 195 - 196 - 197 - 198 - 201 - 202 - 203 - 204 - 206 - 207 - 208 - 209 - 210 - 211 - 214 - 218 - 221 - 222 - 224 - 228 - 229 - 230 - 231 - 232 - 233 - 234 - 235 - 236 - 239 - 240 - 241 - 242 - 244 - 247 - 249 - 250 - 253 - 255 - 256 - 257 - 259 - 261 - 262 - 264 - 266 - 267 - 271 - 273 - 274 - 275 - 276 - 277 - 280 - 281 - 282 - 283 - 286 - 287 - 288 - 289 - 291 - 293 - 296 - 297 - 299 - 300 - 302 - 306 - 309 - 311 - 312 - 313 - 315 - 318 - 319 - 321 - 325 - 326 - 327 - 328 - 329 - 330 - 331 - 333 - 335 - 336 - 338 - 339 - 340 - 341 - 343 - 344 - 346 - 347 - 353 - 354 - 355 - 356 - 357 - 358 - 359 - 360 - 361 - 363 - 368 - 369 - 371 - 377 - 378 - 379 - 381 - 383 - 386 - 387 - 388 - 389 - 391 - 393 - 394 - 395 - 396 - 398 - 399 - 400 - 401 - 402 - 404 - 407 - 409 - 413 - 414 - 416 - 418 - 419 - 421 - 422 - 425 - 426 - 427 - 429 - 431 - 433 - 435 - 436 - 437 - 438 - 439 - 441 - 442 - 447 - 448 - 449 - 450 - 451 - 453 - 454 - 455 - 456 - 458 - 459 - 460 - 461 - 462 - 465 - 466 - 467 - 469 - 470 - 472 - 474 - 477 - 478 - 479 - 482 - 488 - 489 - 492 - 495 - 499,567639.0,3.5,91152,99200,91.8,Cost: 91152 & Capacity: 99200
2 - 3 - 6 - 8 - 11 - 13 - 17 - 19 - 21 - 23 - 25 - 27 - 30 - 34 - 40 - 41 - 45 - 46 - 50 - 52 - 53 - 55 - 60 - 64 - 65 - 66 - 67 - 69 - 70 - 76 - 88 - 93 - 94 - 96 - 97 - 99 - 102 - 108 - 109 - 110 - 111 - 112 - 113 - 115 - 117 - 118 - 119 - 120 - 121 - 123 - 125 - 126 - 127 - 133 - 134 - 136 - 137 - 143 - 144 - 145 - 146 - 147 - 149 - 152 - 153 - 154 - 157 - 158 - 162 - 164 - 166 - 169 - 179 - 180 - 181 - 182 - 187 - 188 - 191 - 192 - 195 - 198 - 200 - 201 - 203 - 204 - 206 - 211 - 212 - 222 - 224 - 228 - 230 - 231 - 232 - 234 - 237 - 239 - 242 - 244 - 248 - 250 - 254 - 255 - 257 - 262 - 264 - 266 - 267 - 270 - 274 - 275 - 276 - 282 - 283 - 287 - 291 - 292 - 293 - 310 - 325 - 326 - 327 - 328 - 331 - 332 - 338 - 339 - 340 - 345 - 346 - 347 - 350 - 355 - 357 - 359 - 360 - 361 - 364 - 367 - 371 - 375 - 376 - 379 - 381 - 384 - 386 - 387 - 388 - 389 - 390 - 392 - 393 - 395 - 396 - 398 - 400 - 401 - 404 - 407 - 413 - 416 - 419 - 420 - 425 - 427 - 430 - 431 - 433 - 435 - 437 - 439 - 442 - 449 - 450 - 452 - 453 - 459 - 460 - 461 - 462 - 465 - 470 - 472 - 473 - 474 - 476 - 478 - 482 - 483 - 485 - 486 - 487 - 488 - 489 - 492 - 497 - 498,271035.4,6.9,91180,80711,92.19,Cost: 91180 & Capacity: 80711
0 - 1 - 2 - 3 - 5 - 6 - 8 - 10 - 13 - 16 - 17 - 18 - 21 - 22 - 23 - 24 - 27 - 28 - 29 - 30 - 31 - 32 - 33 - 34 - 36 - 37 - 38 - 39 - 40 - 41 - 44 - 45 - 46 - 49 - 50 - 51 - 52 - 54 - 55 - 60 - 62 - 64 - 65 - 66 - 68 - 69 - 70 - 71 - 73 - 74 - 76 - 78 - 79 - 80 - 83 - 85 - 88 - 91 - 93 - 95 - 97 - 98 - 99 - 102 - 106 - 107 - 108 - 109 - 110 - 112 - 113 - 115 - 116 - 117 - 118 - 119 - 120 - 121 - 122 - 123 - 125 - 126 - 127 - 129 - 130 - 133 - 134 - 135 - 136 - 137 - 138 - 141 - 142 - 143 - 144 - 149 - 154 - 156 - 159 - 160 - 162 - 163 - 164 - 166 - 169 - 171 - 174 - 175 - 176 - 178 - 180 - 181 - 183 - 187 - 191 - 192 - 193 - 195 - 196 - 197 - 198 - 201 - 202 - 203 - 204 - 206 - 207 - 208 - 209 - 210 - 211 - 214 - 218 - 221 - 222 - 224 - 228 - 229 - 230 - 231 - 232 - 233 - 234 - 235 - 236 - 239 - 240 - 241 - 242 - 244 - 247 - 249 - 250 - 253 - 255 - 256 - 257 - 259 - 261 - 262 - 264 - 266 - 267 - 271 - 273 - 274 - 275 - 276 - 277 - 280 - 281 - 282 - 283 - 286 - 287 - 288 - 289 - 291 - 293 - 296 - 297 - 299 - 300 - 302 - 306 - 309 - 311 - 312 - 313 - 315 - 318 - 319 - 321 - 325 - 326 - 327 - 328 - 329 - 330 - 331 - 333 - 335 - 336 - 338 - 339 - 340 - 341 - 343 - 344 - 346 - 347 - 353 - 354 - 355 - 356 - 357 - 358 - 359 - 360 - 361 - 363 - 368 - 369 - 371 - 377 - 378 - 379 - 381 - 383 - 386 - 387 - 388 - 389 - 391 - 393 - 394 - 395 - 396 - 398 - 399 - 400 - 401 - 402 - 404 - 407 - 409 - 413 - 414 - 416 - 418 - 419 - 421 - 422 - 425 - 426 - 427 - 429 - 431 - 433 - 435 - 436 - 437 - 438 - 439 - 441 - 442 - 447 - 448 - 449 - 450 - 451 - 453 - 454 - 455 - 456 - 458 - 459 - 460 - 461 - 462 - 465 - 466 - 467 - 469 - 470 - 472 - 474 - 477 - 478 - 479 - 482 - 488 - 489 - 492 - 495 - 499,567639.0,3.5,91152,99200,92.37,Cost: 91152 & Capacity: 99200
0 - 1 - 2 - 3 - 5 - 6 - 8 - 10 - 13 - 16 - 17 - 18 - 21 - 22 - 23 - 24 - 27 - 28 - 29 - 30 - 31 - 32 - 33 - 34 - 36 - 37 - 38 - 39 - 40 - 41 - 44 - 45 - 46 - 49 - 50 - 51 - 52 - 54 - 55 - 60 - 62 - 64 - 65 - 66 - 68 - 69 - 70 - 71 - 73 - 74 - 76 - 78 - 79 - 80 - 83 - 85 - 88 - 91 - 93 - 95 - 97 - 98 - 99 - 102 - 106 - 107 - 108 - 109 - 110 - 112 - 113 - 115 - 116 - 117 - 118 - 119 - 120 - 121 - 122 - 123 - 125 - 126 - 127 - 129 - 130 - 133 - 134 - 135 - 136 - 137 - 138 - 141 - 142 - 143 - 144 - 149 - 154 - 156 - 159 - 160 - 162 - 163 - 164 - 166 - 169 - 171 - 174 - 175 - 176 - 178 - 180 - 181 - 183 - 187 - 191 - 192 - 193 - 195 - 196 - 197 - 198 - 201 - 202 - 203 - 204 - 206 - 207 - 208 - 209 - 210 - 211 - 214 - 218 - 221 - 222 - 224 - 228 - 229 - 230 - 231 - 232 - 233 - 234 - 235 - 236 - 239 - 240 - 241 - 242 - 244 - 247 - 249 - 250 - 253 - 255 - 256 - 257 - 259 - 261 - 262 - 264 - 266 - 267 - 271 - 273 - 274 - 275 - 276 - 277 - 280 - 281 - 282 - 283 - 286 - 287 - 288 - 289 - 291 - 293 - 296 - 297 - 299 - 300 - 302 - 306 - 309 - 311 - 312 - 313 - 315 - 318 - 319 - 321 - 325 - 326 - 327 - 328 - 329 - 330 - 331 - 333 - 335 - 336 - 338 - 339 - 340 - 341 - 343 - 344 - 346 - 347 - 353 - 354 - 355 - 356 - 357 - 358 - 359 - 360 - 361 - 363 - 368 - 369 - 371 - 377 - 378 - 379 - 381 - 383 - 386 - 387 - 388 - 389 - 391 - 393 - 394 - 395 - 396 - 398 - 399 - 400 - 401 - 402 - 404 - 407 - 409 - 413 - 414 - 416 - 418 - 419 - 421 - 422 - 425 - 426 - 427 - 429 - 431 - 433 - 435 - 436 - 437 - 438 - 439 - 441 - 442 - 447 - 448 - 449 - 450 - 451 - 453 - 454 - 455 - 456 - 458 - 459 - 460 - 461 - 462 - 465 - 466 - 467 - 469 - 470 - 472 - 474 - 477 - 478 - 479 - 482 - 488 - 489 - 492 - 495 - 499,567639.0,3.5,91152,99200,92.4,Cost: 91152 & Capacity: 99200
0 - 1 - 2 - 3 - 5 - 6 - 8 - 10 - 13 - 16 - 17 - 18 - 21 - 22 - 23 - 24 - 27 - 28 - 29 - 30 - 31 - 32 - 33 - 34 - 36 - 37 - 38 - 39 - 40 - 41 - 44 - 45 - 46 - 49 - 50 - 51 - 52 - 54 - 55 - 60 - 62 - 64 - 65 - 66 - 68 - 69 - 70 - 71 - 73 - 74 - 76 - 78 - 79 - 80 - 83 - 85 - 88 - 91 - 93 - 95 - 97 - 98 - 99 - 102 - 106 - 107 - 108 - 109 - 110 - 112 - 113 - 115 - 116 - 117 - 118 - 119 - 120 - 121 - 122 - 123 - 125 - 126 - 127 - 129 - 130 - 133 - 134 - 135 - 136 - 137 - 138 - 141 - 142 - 143 - 144 - 149 - 154 - 156 - 159 - 160 - 162 - 163 - 164 - 166 - 169 - 171 - 174 - 175 - 176 - 178 - 180 - 181 - 183 - 187 - 191 - 192 - 193 - 195 - 196 - 197 - 198 - 201 - 202 - 203 - 204 - 206 - 207 - 208 - 209 - 210 - 211 - 214 - 218 - 221 - 222 - 224 - 228 - 229 - 230 - 231 - 232 - 233 - 234 - 235 - 236 - 239 - 240 - 241 - 242 - 244 - 247 - 249 - 250 - 253 - 255 - 256 - 257 - 259 - 261 - 262 - 264 - 266 - 267 - 271 - 273 - 274 - 275 - 276 - 277 - 280 - 281 - 282 - 283 - 286 - 287 - 288 - 289 - 291 - 293 - 296 - 297 - 299 - 300 - 302 - 306 - 309 - 311 - 312 - 313 - 315 - 318 - 319 - 321 - 325 - 326 - 327 - 328 - 329 - 330 - 331 - 333 - 335 - 336 - 338 - 339 - 340 - 341 - 343 - 344 - 346 - 347 - 353 - 354 - 355 - 356 - 357 - 358 - 359 - 360 - 361 - 363 - 368 - 369 - 371 - 377 - 378 - 379 - 381 - 383 - 386 - 387 - 388 - 389 - 391 - 393 - 394 - 395 - 396 - 398 - 399 - 400 - 401 - 402 - 404 - 407 - 409 - 413 - 414 - 416 - 418 - 419 - 421 - 422 - 425 - 426 - 427 - 429 - 431 - 433 - 435 - 436 - 437 - 438 - 439 - 441 - 442 - 447 - 448 - 449 - 450 - 451 - 453 - 454 - 455 - 456 - 458 - 459 - 460 - 461 - 462 - 465 - 466 - 467 - 469 - 470 - 472 - 474 - 477 - 478 - 479 - 482 - 488 - 489 - 492 - 495 - 499,567639.0,3.5,91152,99200,93.73,Cost: 91152 & Capacity: 99200
0 - 1 - 2 - 3 - 5 - 6 - 8 - 10 - 13 - 16 - 17 - 18 - 21 - 22 - 23 - 24 - 27 - 28 - 29 - 30 - 31 - 32 - 33 - 34 - 36 - 37 - 38 - 39 - 40 - 41 - 44 - 45 - 46 - 49 - 50 - 51 - 52 - 54 - 55 - 60 - 62 - 64 - 65 - 66 - 68 - 69 - 70 - 71 - 73 - 74 - 76 - 78 - 79 - 80 - 83 - 85 - 88 - 91 - 93 - 95 - 97 - 98 - 99 - 102 - 106 - 107 - 108 - 109 - 110 - 112 - 113 - 115 - 116 - 117 - 118 - 119 - 120 - 121 - 122 - 123 - 125 - 126 - 127 - 129 - 130 - 133 - 134 - 135 - 136 - 137 - 138 - 141 - 142 - 143 - 144 - 149 - 154 - 156 - 159 - 160 - 162 - 163 - 164 - 166 - 169 - 171 - 174 - 175 - 176 - 178 - 180 - 181 - 183 - 187 - 191 - 192 - 193 - 195 - 196 - 197 - 198 - 201 - 202 - 203 - 204 - 206 - 207 - 208 - 209 - 210 - 211 - 214 - 218 - 221 - 222 - 224 - 228 - 229 - 230 - 231 - 232 - 233 - 234 - 235 - 236 - 239 - 240 - 241 - 242 - 244 - 247 - 249 - 250 - 253 - 255 - 256 - 257 - 259 - 261 - 262 - 264 - 266 - 267 - 271 - 273 - 274 - 275 - 276 - 277 - 280 - 281 - 282 - 283 - 286 - 287 - 288 - 289 - 291 - 293 - 296 - 297 - 299 - 300 - 302 - 306 - 309 - 311 - 312 - 313 - 315 - 318 - 319 - 321 - 325 - 326 - 327 - 328 - 329 - 330 - 331 - 333 - 335 - 336 - 338 - 339 - 340 - 341 - 343 - 344 - 346 - 347 - 353 - 354 - 355 - 356 - 357 - 358 - 359 - 360 - 361 - 363 - 368 - 369 - 371 - 377 - 378 - 379 - 381 - 383 - 386 - 387 - 388 - 389 - 391 - 393 - 394 - 395 - 396 - 398 - 399 - 400 - 401 - 402 - 404 - 407 - 409 - 413 - 414 - 416 - 418 - 419 - 421 - 422 - 425 - 426 - 427 - 429 - 431 - 433 - 435 - 436 - 437 - 438 - 439 - 441 - 442 - 447 - 448 - 449 - 450 - 451 - 453 - 454 - 455 - 456 - 458 - 459 - 460 - 461 - 462 - 465 - 466 - 467 - 469 - 470 - 472 - 474 - 477 - 478 - 479 - 482 - 488 - 489 - 492 - 495 - 499,567639.0,3.5,91152,99200,96.32,Cost: 91152 & Capacity: 99200
0 - 1 - 2 - 3 - 5 - 6 - 8 - 10 - 13 - 16 - 17 - 18 - 21 - 22 - 23 - 24 - 27 - 28 - 29 - 30 - 31 - 32 - 33 - 34 - 36 - 37 - 38 - 39 - 40 - 41 - 44 - 45 - 46 - 49 - 50 - 51 - 52 - 54 - 55 - 60 - 62 - 64 - 65 - 66 - 68 - 69 - 70 - 71 - 73 - 74 - 76 - 78 - 79 - 80 - 83 - 85 - 88 - 91 - 93 - 95 - 97 - 98 - 99 - 102 - 106 - 107 - 108 - 109 - 110 - 112 - 113 - 115 - 116 - 117 - 118 - 119 - 120 - 121 - 122 - 123 - 125 - 126 - 127 - 129 - 130 - 133 - 134 - 135 - 136 - 137 - 138 - 141 - 142 - 143 - 144 - 149 - 154 - 156 - 159 - 160 - 162 - 163 - 164 - 166 - 169 - 171 - 174 - 175 - 176 - 178 - 180 - 181 - 183 - 187 - 191 - 192 - 193 - 195 - 196 - 197 - 198 - 201 - 202 - 203 - 204 - 206 - 207 - 208 - 209 - 210 - 211 - 214 - 218 - 221 - 222 - 224 - 228 - 229 - 230 - 231 - 232 - 233 - 234 - 235 - 236 - 239 - 240 - 241 - 242 - 244 - 247 - 249 - 250 - 253 - 255 - 256 - 257 - 259 - 261 - 262 - 264 - 266 - 267 - 271 - 273 - 274 - 275 - 276 - 277 - 280 - 281 - 282 - 283 - 286 - 287 - 288 - 289 - 291 - 293 - 296 - 297 - 299 - 300 - 302 - 306 - 309 - 311 - 312 - 313 - 315 - 318 - 319 - 321 - 325 - 326 - 327 - 328 - 329 - 330 - 331 - 333 - 335 - 336 - 338 - 339 - 340 - 341 - 343 - 344 - 346 - 347 - 353 - 354 - 355 - 356 - 357 - 358 - 359 - 360 - 361 - 363 - 368 - 369 - 371 - 377 - 378 - 379 - 381 - 383 - 386 - 387 - 388 - 389 - 391 - 393 - 394 - 395 - 396 - 398 - 399 - 400 - 401 - 402 - 404 - 407 - 409 - 413 - 414 - 416 - 418 - 419 - 421 - 422 - 425 - 426 - 427 - 429 - 431 - 433 - 435 - 436 - 437 - 438 - 439 - 441 - 442 - 447 - 448 - 449 - 450 - 451 - 453 - 454 - 455 - 456 - 458 - 459 - 460 - 461 - 462 - 465 - 466 - 467 - 469 - 470 - 472 - 474 - 477 - 478 - 479 - 482 - 488 - 489 - 492 - 495 - 499,567639.0,3.5,91152,99200,98.6,Cost: 91152 & Capacity: 99200
0 - 1 - 2 - 3 - 5 - 6 - 8 - 10 - 13 - 16 - 17 - 18 - 21 - 22 - 23 - 24 - 27 - 28 - 29 - 30 - 31 - 32 - 33 - 34 - 36 - 37 - 38 - 39 - 40 - 41 - 44 - 45 - 46 - 49 - 50 - 51 - 52 - 54 - 55 - 60 - 62 - 64 - 65 - 66 - 68 - 69 - 70 - 71 - 73 - 74 - 76 - 78 - 79 - 80 - 83 - 85 - 88 - 91 - 93 - 95 - 97 - 98 - 99 - 102 - 106 - 107 - 108 - 109 - 110 - 112 - 113 - 115 - 116 - 117 - 118 - 119 - 120 - 121 - 122 - 123 - 125 - 126 - 127 - 129 - 130 - 133 - 134 - 135 - 136 - 137 - 138 - 141 - 142 - 143 - 144 - 149 - 154 - 156 - 159 - 160 - 162 - 163 - 164 - 166 - 169 - 171 - 174 - 175 - 176 - 178 - 180 - 181 - 183 - 187 - 191 - 192 - 193 - 195 - 196 - 197 - 198 - 201 - 202 - 203 - 204 - 206 - 207 - 208 - 209 - 210 - 211 - 214 - 218 - 221 - 222 - 224 - 228 - 229 - 230 - 231 - 232 - 233 - 234 - 235 - 236 - 239 - 240 - 241 - 242 - 244 - 247 - 249 - 250 - 253 - 255 - 256 - 257 - 259 - 261 - 262 - 264 - 266 - 267 - 271 - 273 - 274 - 275 - 276 - 277 - 280 - 281 - 282 - 283 - 286 - 287 - 288 - 289 - 291 - 293 - 296 - 297 - 299 - 300 - 302 - 306 - 309 - 311 - 312 - 313 - 315 - 318 - 319 - 321 - 325 - 326 - 327 - 328 - 329 - 330 - 331 - 333 - 335 - 336 - 338 - 339 - 340 - 341 - 343 - 344 - 346 - 347 - 353 - 354 - 355 - 356 - 357 - 358 - 359 - 360 - 361 - 363 - 368 - 369 - 371 - 377 - 378 - 379 - 381 - 383 - 386 - 387 - 388 - 389 - 391 - 393 - 394 - 395 - 396 - 398 - 399 - 400 - 401 - 402 - 404 - 407 - 409 - 413 - 414 - 416 - 418 - 419 - 421 - 422 - 425 - 426 - 427 - 429 - 431 - 433 - 435 - 436 - 437 - 438 - 439 - 441 - 442 - 447 - 448 - 449 - 450 - 451 - 453 - 454 - 455 - 456 - 458 - 459 - 460 - 461 - 462 - 465 - 466 - 467 - 469 - 470 - 472 - 474 - 477 - 478 - 479 - 482 - 488 - 489 - 492 - 495 - 499,567639.0,3.5,91152,99200,99.81,Cost: 91152 & Capacity: 99200
0 - 1 - 2 - 3 - 5 - 6 - 8 - 10 - 13 - 16 - 17 - 18 - 21 - 22 - 23 - 24 - 27 - 28 - 29 - 30 - 31 - 32 - 33 - 34 - 36 - 37 - 38 - 39 - 40 - 41 - 44 - 45 - 46 - 49 - 50 - 51 - 52 - 54 - 55 - 60 - 62 - 64 - 65 - 66 - 68 - 69 - 70 - 71 - 73 - 74 - 76 - 78 - 79 - 80 - 83 - 85 - 88 - 91 - 93 - 95 - 97 - 98 - 99 - 102 - 106 - 107 - 108 - 109 - 110 - 112 - 113 - 115 - 116 - 117 - 118 - 119 - 120 - 121 - 122 - 123 - 125 - 126 - 127 - 129 - 130 - 133 - 134 - 135 - 136 - 137 - 138 - 141 - 142 - 143 - 144 - 149 - 154 - 156 - 159 - 160 - 162 - 163 - 164 - 166 - 169 - 171 - 174 - 175 - 176 - 178 - 180 - 181 - 183 - 187 - 191 - 192 - 193 - 195 - 196 - 197 - 198 - 201 - 202 - 203 - 204 - 206 - 207 - 208 - 209 - 210 - 211 - 214 - 218 - 221 - 222 - 224 - 228 - 229 - 230 - 231 - 232 - 233 - 234 - 235 - 236 - 239 - 240 - 241 - 242 - 244 - 247 - 249 - 250 - 253 - 255 - 256 - 257 - 259 - 261 - 262 - 264 - 266 - 267 - 271 - 273 - 274 - 275 - 276 - 277 - 280 - 281 - 282 - 283 - 286 - 287 - 288 - 289 - 291 - 293 - 296 - 297 - 299 - 300 - 302 - 306 - 309 - 311 - 312 - 313 - 315 - 318 - 319 - 321 - 325 - 326 - 327 - 328 - 329 - 330 - 331 - 333 - 335 - 336 - 338 - 339 - 340 - 341 - 343 - 344 - 346 - 347 - 353 - 354 - 355 - 356 - 357 - 358 - 359 - 360 - 361 - 363 - 368 - 369 - 371 - 377 - 378 - 379 - 381 - 383 - 386 - 387 - 388 - 389 - 391 - 393 - 394 - 395 - 396 - 398 - 399 - 400 - 401 - 402 - 404 - 407 - 409 - 413 - 414 - 416 - 418 - 419 - 421 - 422 - 425 - 426 - 427 - 429 - 431 - 433 - 435 - 436 - 437 - 438 - 439 - 441 - 442 - 447 - 448 - 449 - 450 - 451 - 453 - 454 - 455 - 456 - 458 - 459 - 460 - 461 - 462 - 465 - 466 - 467 - 469 - 470 - 472 - 474 - 477 - 478 - 479 - 482 - 488 - 489 - 492 - 495 - 499,567639.0,3.5,91152,99200,101.71,Cost: 91152 & Capacity: 99200
0 - 1 - 2 - 3 - 5 - 6 - 8 - 10 - 13 - 16 - 17 - 18 - 21 - 22 - 23 - 24 - 27 - 28 - 29 - 30 - 31 - 32 - 33 - 34 - 36 - 37 - 38 - 39 - 40 - 41 - 45 - 46 - 49 - 50 - 51 - 52 - 54 - 55 - 60 - 62 - 64 - 65 - 66 - 68 - 69 - 70 - 71 - 73 - 74 - 76 - 78 - 79 - 80 - 83 - 85 - 88 - 91 - 93 - 95 - 97 - 98 - 99 - 102 - 106 - 107 - 108 - 109 - 110 - 112 - 113 - 115 - 116 - 117 - 118 - 119 - 120 - 121 - 122 - 123 - 125 - 126 - 127 - 129 - 130 - 133 - 134 - 135 - 136 - 137 - 138 - 141 - 142 - 143 - 144 - 149 - 154 - 156 - 159 - 160 - 162 - 163 - 164 - 166 - 169 - 171 - 174 - 175 - 176 - 178 - 180 - 181 - 183 - 187 - 191 - 192 - 193 - 195 - 196 - 197 - 198 - 201 - 202 - 203 - 204 - 206 - 207 - 208 - 209 - 210 - 211 - 214 - 218 - 221 - 222 - 224 - 228 - 229 - 230 - 231 - 232 - 233 - 234 - 235 - 236 - 239 - 240 - 241 - 242 - 244 - 247 - 249 - 250 - 253 - 255 - 256 - 257 - 259 - 261 - 262 - 264 - 266 - 267 - 271 - 273 - 274 - 275 - 276 - 277 - 280 - 281 - 282 - 283 - 286 - 287 - 288 - 289 - 291 - 293 - 296 - 297 - 299 - 300 - 302 - 306 - 309 - 311 - 312 - 313 - 315 - 318 - 319 - 321 - 325 - 326 - 327 - 328 - 329 - 330 - 331 - 333 - 335 - 336 - 338 - 339 - 340 - 341 - 343 - 344 - 346 - 347 - 353 - 354 - 355 - 356 - 357 - 358 - 359 - 360 - 361 - 363 - 368 - 369 - 371 - 377 - 378 - 379 - 381 - 383 - 386 - 387 - 388 - 389 - 391 - 393 - 394 - 395 - 396 - 398 - 399 - 400 - 401 - 402 - 404 - 407 - 409 - 413 - 414 - 416 - 418 - 419 - 421 - 422 - 425 - 426 - 427 - 429 - 431 - 433 - 435 - 436 - 437 - 438 - 439 - 441 - 442 - 445 - 447 - 448 - 449 - 450 - 451 - 453 - 454 - 455 - 456 - 458 - 459 - 460 - 461 - 462 - 463 - 465 - 466 - 467 - 469 - 470 - 472 - 474 - 477 - 478 - 479 - 482 - 488 - 489 - 495 - 499,567208.5,3.5,91164,99764,104.77,Cost: 91164 & Capacity: 99764
0 - 1 - 2 - 3 - 5 - 6 - 8 - 10 - 13 - 16 - 17 - 18 - 21 - 22 - 23 - 24 - 27 - 28 - 29 - 30 - 31 - 32 - 33 - 34 - 36 - 37 - 38 - 39 - 40 - 41 - 44 - 45 - 46 - 49 - 50 - 51 - 52 - 54 - 55 - 60 - 62 - 64 - 65 - 66 - 68 - 69 - 70 - 71 - 73 - 74 - 76 - 78 - 79 - 80 - 83 - 85 - 88 - 91 - 93 - 95 - 97 - 98 - 99 - 102 - 106 - 107 - 108 - 109 - 110 - 112 - 113 - 115 - 116 - 117 - 118 - 119 - 120 - 121 - 122 - 123 - 125 - 126 - 127 - 129 - 130 - 133 - 134 - 135 - 136 - 137 - 138 - 141 - 142 - 143 - 144 - 149 - 154 - 156 - 159 - 160 - 162 - 163 - 164 - 166 - 169 - 171 - 174 - 175 - 176 - 178 - 180 - 181 - 183 - 187 - 191 - 192 - 193 - 195 - 196 - 197 - 198 - 201 - 202 - 203 - 204 - 206 - 207 - 208 - 209 - 210 - 211 - 214 - 218 - 221 - 222 - 224 - 228 - 229 - 230 - 231 - 232 - 233 - 234 - 235 - 236 - 239 - 240 - 241 - 242 - 244 - 247 - 249 - 250 - 253 - 255 - 256 - 257 - 259 - 261 - 262 - 264 - 266 - 267 - 271 - 273 - 274 - 275 - 276 - 277 - 280 - 281 - 282 - 283 - 286 - 287 - 288 - 289 - 291 - 293 - 296 - 297 - 299 - 300 - 302 - 306 - 309 - 311 - 312 - 313 - 315 - 318 - 319 - 321 - 325 - 326 - 327 - 328 - 329 - 330 - 331 - 333 - 335 - 336 - 338 - 339 - 340 - 341 - 343 - 344 - 346 - 347 - 353 - 354 - 355 - 356 - 357 - 358 - 359 - 360 - 361 - 363 - 368 - 369 - 371 - 377 - 378 - 379 - 381 - 383 - 386 - 387 - 388 - 389 - 391 - 393 - 394 - 395 - 396 - 398 - 399 - 400 - 401 - 402 - 404 - 407 - 409 - 413 - 414 - 416 - 418 - 419 - 421 - 422 - 425 - 426 - 427 - 429 - 431 - 433 - 435 - 436 - 437 - 438 - 439 - 441 - 442 - 447 - 448 - 449 - 450 - 451 - 453 - 454 - 455 - 456 - 458 - 459 - 460 - 461 - 462 - 465 - 466 - 467 - 469 - 470 - 472 - 474 - 477 - 478 - 479 - 482 - 488 - 489 - 492 - 495 - 499,567639.0,3.5,91152,99200,106.11,Cost: 91152 & Capacity: 99200
2 - 3 - 6 - 8 - 10 - 11 - 13 - 17 - 19 - 21 - 23 - 25 - 27 - 34 - 40 - 41 - 45 - 46 - 52 - 57 - 64 - 65 - 66 - 67 - 69 - 70 - 75 - 76 - 82 - 88 - 91 - 93 - 94 - 95 - 97 - 99 - 102 - 109 - 110 - 112 - 115 - 117 - 118 - 119 - 120 - 121 - 122 - 123 - 125 - 133 - 134 - 136 - 137 - 143 - 144 - 145 - 146 - 147 - 149 - 152 - 156 - 157 - 158 - 162 - 163 - 169 - 171 - 174 - 180 - 181 - 182 - 184 - 187 - 188 - 191 - 192 - 195 - 200 - 201 - 203 - 204 - 206 - 207 - 208 - 209 - 211 - 212 - 214 - 222 - 224 - 227 - 230 - 234 - 237 - 239 - 242 - 244 - 248 - 250 - 255 - 259 - 262 - 264 - 266 - 267 - 270 - 273 - 274 - 276 - 281 - 282 - 283 - 287 - 289 - 292 - 310 - 313 - 317 - 321 - 327 - 331 - 338 - 339 - 340 - 345 - 346 - 347 - 349 - 350 - 355 - 357 - 360 - 361 - 364 - 367 - 372 - 375 - 378 - 381 - 384 - 385 - 386 - 387 - 388 - 389 - 390 - 392 - 396 - 398 - 399 - 400 - 401 - 404 - 407 - 409 - 412 - 413 - 416 - 417 - 418 - 420 - 422 - 425 - 426 - 427 - 433 - 437 - 438 - 439 - 447 - 453 - 457 - 459 - 466 - 472 - 473 - 474 - 476 - 478 - 479 - 481 - 482 - 483 - 484 - 485 - 487 - 488 - 489 - 490 - 492 - 497 - 498,256593.0,7.1,91056,82340,110.5,Cost: 91056 & Capacity: 82340
0 - 1 - 2 - 3 - 5 - 6 - 8 - 10 - 13 - 16 - 17 - 18 - 21 - 22 - 23 - 24 - 27 - 28 - 29 - 30 - 31 - 32 - 33 - 34 - 36 - 37 - 38 - 39 - 40 - 41 - 44 - 45 - 46 - 49 - 50 - 51 - 52 - 54 - 55 - 60 - 62 - 64 - 65 - 66 - 68 - 69 - 70 - 71 - 73 - 74 - 76 - 78 - 79 - 80 - 83 - 85 - 88 - 91 - 93 - 95 - 97 - 98 - 99 - 102 - 106 - 107 - 108 - 109 - 110 - 112 - 113 - 115 - 116 - 117 - 118 - 119 - 120 - 121 - 122 - 123 - 125 - 126 - 127 - 129 - 130 - 133 - 134 - 135 - 136 - 137 - 138 - 141 - 142 - 143 - 144 - 149 - 154 - 156 - 159 - 160 - 162 - 163 - 164 - 166 - 169 - 171 - 174 - 175 - 176 - 178 - 180 - 181 - 183 - 187 - 191 - 192 - 193 - 195 - 196 - 197 - 198 - 201 - 202 - 203 - 204 - 206 - 207 - 208 - 209 - 210 - 211 - 214 - 218 - 221 - 222 - 224 - 228 - 229 - 230 - 231 - 232 - 233 - 234 - 235 - 236 - 239 - 240 - 241 - 242 - 244 - 247 - 249 - 250 - 253 - 255 - 256 - 257 - 259 - 261 - 262 - 264 - 266 - 267 - 271 - 273 - 274 - 275 - 276 - 277 - 280 - 281 - 282 - 283 - 286 - 287 - 288 - 289 - 291 - 293 - 296 - 297 - 299 - 300 - 302 - 306 - 309 - 311 - 312 - 313 - 315 - 318 - 319 - 321 - 325 - 326 - 327 - 328 - 329 - 330 - 331 - 333 - 335 - 336 - 338 - 339 - 340 - 341 - 343 - 344 - 346 - 347 - 353 - 354 - 355 - 356 - 357 - 358 - 359 - 360 - 361 - 363 - 368 - 369 - 371 - 377 - 378 - 379 - 381 - 383 - 386 - 387 - 388 - 389 - 391 - 393 - 394 - 395 - 396 - 398 - 399 - 400 - 401 - 402 - 404 - 407 - 409 - 413 - 414 - 416 - 418 - 419 - 421 - 422 - 425 - 426 - 427 - 429 - 431 - 433 - 435 - 436 - 437 - 438 - 439 - 441 - 442 - 447 - 448 - 449 - 450 - 451 - 453 - 454 - 455 - 456 - 458 - 459 - 460 - 461 - 462 - 465 - 466 - 467 - 469 - 470 - 472 - 474 - 477 - 478 - 479 - 482 - 488 - 489 - 492 - 495 - 499,567639.0,3.5,91152,99200,111.44,Cost: 91152 & Capacity: 99200
0 - 1 - 2 - 3 - 5 - 6 - 8 - 10 - 13 - 16 - 17 - 18 - 21 - 22 - 23 - 24 - 27 - 28 - 29 - 30 - 31 - 32 - 33 - 34 - 36 - 37 - 38 - 39 - 40 - 41 - 44 - 45 - 46 - 49 - 50 - 51 - 52 - 54 - 55 - 60 - 62 - 64 - 65 - 66 - 68 - 69 - 70 - 71 - 73 - 74 - 76 - 78 - 79 - 80 - 83 - 85 - 88 - 91 - 93 - 95 - 97 - 98 - 99 - 102 - 106 - 107 - 108 - 109 - 110 - 112 - 113 - 115 - 116 - 117 - 118 - 119 - 120 - 121 - 122 - 123 - 125 - 126 - 127 - 129 - 130 - 133 - 134 - 135 - 136 - 137 - 138 - 141 - 142 - 143 - 144 - 149 - 154 - 156 - 159 - 160 - 162 - 163 - 164 - 166 - 169 - 171 - 174 - 175 - 176 - 178 - 180 - 181 - 183 - 187 - 191 - 192 - 193 - 195 - 196 - 197 - 198 - 201 - 202 - 203 - 204 - 206 - 207 - 208 - 209 - 210 - 211 - 214 - 218 - 221 - 222 - 224 - 228 - 229 - 230 - 231 - 232 - 233 - 234 - 235 - 236 - 239 - 240 - 241 - 242 - 244 - 247 - 249 - 250 - 253 - 255 - 256 - 257 - 259 - 261 - 262 - 264 - 266 - 267 - 271 - 273 - 274 - 275 - 276 - 277 - 280 - 281 - 282 - 283 - 286 - 287 - 288 - 289 - 291 - 293 - 296 - 297 - 299 - 300 - 302 - 306 - 309 - 311 - 312 - 313 - 315 - 318 - 319 - 321 - 325 - 326 - 327 - 328 - 329 - 330 - 331 - 333 - 335 - 336 - 338 - 339 - 340 - 341 - 343 - 344 - 346 - 347 - 353 - 354 - 355 - 356 - 357 - 358 - 359 - 360 - 361 - 363 - 368 - 369 - 371 - 377 - 378 - 379 - 381 - 383 - 386 - 387 - 388 - 389 - 391 - 393 - 394 - 395 - 396 - 398 - 399 - 400 - 401 - 402 - 404 - 407 - 409 - 413 - 414 - 416 - 418 - 419 - 421 - 422 - 425 - 426 - 427 - 429 - 431 - 433 - 435 - 436 - 437 - 438 - 439 - 441 - 442 - 447 - 448 - 449 - 450 - 451 - 453 - 454 - 455 - 456 - 458 - 459 - 460 - 461 - 462 - 465 - 466 - 467 - 469 - 470 - 472 - 474 - 477 - 478 - 479 - 482 - 488 - 489 - 492 - 495 - 499,567639.0,3.5,91152,99200,111.68,Cost: 91152 & Capacity: 99200
0 - 1 - 2 - 3 - 5 - 6 - 8 - 10 - 13 - 16 - 17 - 18 - 21 - 22 - 23 - 24 - 27 - 28 - 29 - 30 - 31 - 32 - 33 - 34 - 36 - 37 - 38 - 39 - 40 - 41 - 44 - 45 - 46 - 49 - 50 - 51 - 52 - 54 - 55 - 60 - 62 - 64 - 65 - 66 - 68 - 69 - 70 - 71 - 73 - 74 - 76 - 78 - 79 - 80 - 83 - 85 - 88 - 91 - 93 - 95 - 97 - 98 - 99 - 102 - 106 - 107 - 108 - 109 - 110 - 112 - 113 - 115 - 116 - 117 - 118 - 119 - 120 - 121 - 122 - 123 - 125 - 126 - 127 - 129 - 130 - 133 - 134 - 135 - 136 - 137 - 138 - 141 - 142 - 143 - 144 - 149 - 154 - 156 - 159 - 160 - 162 - 163 - 164 - 166 - 169 - 171 - 174 - 175 - 176 - 178 - 180 - 181 - 183 - 187 - 191 - 192 - 193 - 195 - 196 - 197 - 198 - 201 - 202 - 203 - 204 - 206 - 207 - 208 - 209 - 210 - 211 - 214 - 218 - 221 - 222 - 224 - 228 - 229 - 230 - 231 - 232 - 233 - 234 - 235 - 236 - 239 - 240 - 241 - 242 - 244 - 247 - 249 - 250 - 253 - 255 - 256 - 257 - 259 - 261 - 262 - 264 - 266 - 267 - 271 - 273 - 274 - 275 - 276 - 277 - 280 - 281 - 282 - 283 - 286 - 287 - 288 - 289 - 291 - 293 - 296 - 297 - 299 - 300 - 302 - 306 - 309 - 311 - 312 - 313 - 315 - 318 - 319 - 321 - 325 - 326 - 327 - 328 - 329 - 330 - 331 - 333 - 335 - 336 - 338 - 339 - 340 - 341 - 343 - 344 - 346 - 347 - 353 - 354 - 355 - 356 - 357 - 358 - 359 - 360 - 361 - 363 - 368 - 369 - 371 - 377 - 378 - 379 - 381 - 383 - 386 - 387 - 388 - 389 - 391 - 393 - 394 - 395 - 396 - 398 - 399 - 400 - 401 - 402 - 404 - 407 - 409 - 413 - 414 - 416 - 418 - 419 - 421 - 422 - 425 - 426 - 427 - 429 - 431 - 433 - 435 - 436 - 437 - 438 - 439 - 441 - 442 - 447 - 448 - 449 - 450 - 451 - 453 - 454 - 455 - 456 - 458 - 459 - 460 - 461 - 462 - 465 - 466 - 467 - 469 - 470 - 472 - 474 - 477 - 478 - 479 - 482 - 488 - 489 - 492 - 495 - 499,567639.0,3.5,91152,99200,113.05,Cost: 91152 & Capacity: 99200
0 - 1 - 2 - 3 - 5 - 6 - 8 - 10 - 13 - 16 - 17 - 18 - 21 - 22 - 23 - 24 - 27 - 28 - 29 - 30 - 31 - 32 - 33 - 34 - 36 - 37 - 38 - 39 - 40 - 41 - 44 - 45 - 46 - 49 - 50 - 51 - 52 - 54 - 55 - 60 - 62 - 64 - 65 - 66 - 68 - 69 - 70 - 71 - 73 - 74 - 76 - 78 - 79 - 80 - 83 - 85 - 88 - 91 - 93 - 95 - 97 - 98 - 99 - 102 - 106 - 107 - 108 - 109 - 110 - 112 - 113 - 115 - 116 - 117 - 118 - 119 - 120 - 121 - 122 - 123 - 125 - 126 - 127 - 129 - 130 - 133 - 134 - 135 - 136 - 137 - 138 - 141 - 142 - 143 - 144 - 149 - 154 - 156 - 159 - 160 - 162 - 163 - 164 - 166 - 169 - 171 - 174 - 175 - 176 - 178 - 180 - 181 - 183 - 187 - 191 - 192 - 193 - 195 - 196 - 197 - 198 - 201 - 202 - 203 - 204 - 206 - 207 - 208 - 209 - 210 - 211 - 214 - 218 - 221 - 222 - 224 - 228 - 229 - 230 - 231 - 232 - 233 - 234 - 235 - 236 - 239 - 240 - 241 - 242 - 244 - 247 - 249 - 250 - 253 - 255 - 256 - 257 - 259 - 261 - 262 - 264 - 266 - 267 - 271 - 273 - 274 - 275 - 276 - 277 - 280 - 281 - 282 - 283 - 286 - 287 - 288 - 289 - 291 - 293 - 296 - 297 - 299 - 300 - 302 - 306 - 309 - 311 - 312 - 313 - 315 - 318 - 319 - 321 - 325 - 326 - 327 - 328 - 329 - 330 - 331 - 333 - 335 - 336 - 338 - 339 - 340 - 341 - 343 - 344 - 346 - 347 - 353 - 354 - 355 - 356 - 357 - 358 - 359 - 360 - 361 - 363 - 368 - 369 - 371 - 377 - 378 - 379 - 381 - 383 - 386 - 387 - 388 - 389 - 391 - 393 - 394 - 395 - 396 - 398 - 399 - 400 - 401 - 402 - 404 - 407 - 409 - 413 - 414 - 416 - 418 - 419 - 421 - 422 - 425 - 426 - 427 - 429 - 431 - 433 - 435 - 436 - 437 - 438 - 439 - 441 - 442 - 447 - 448 - 449 - 450 - 451 - 453 - 454 - 455 - 456 - 458 - 459 - 460 - 461 - 462 - 465 - 466 - 467 - 469 - 470 - 472 - 474 - 477 - 478 - 479 - 482 - 488 - 489 - 492 - 495 - 499,567639.0,3.5,91152,99200,117.03,Cost: 91152 & Capacity: 99200
0 - 1 - 2 - 3 - 4 - 5 - 6 - 8 - 10 - 13 - 16 - 18 - 21 - 22 - 23 - 24 - 25 - 27 - 30 - 32 - 33 - 34 - 36 - 37 - 39 - 40 - 41 - 45 - 46 - 49 - 50 - 52 - 55 - 60 - 64 - 65 - 67 - 68 - 69 - 70 - 71 - 73 - 74 - 75 - 76 - 78 - 80 - 83 - 84 - 85 - 88 - 91 - 93 - 94 - 95 - 97 - 98 - 99 - 102 - 106 - 107 - 108 - 109 - 110 - 112 - 113 - 115 - 116 - 117 - 118 - 119 - 120 - 121 - 122 - 123 - 125 - 126 - 127 - 130 - 133 - 134 - 136 - 137 - 138 - 141 - 143 - 144 - 145 - 149 - 154 - 156 - 160 - 162 - 163 - 164 - 166 - 169 - 171 - 174 - 175 - 176 - 178 - 180 - 187 - 191 - 192 - 193 - 195 - 196 - 198 - 199 - 201 - 202 - 203 - 204 - 206 - 207 - 208 - 209 - 210 - 211 - 214 - 218 - 221 - 222 - 224 - 228 - 229 - 230 - 231 - 232 - 233 - 234 - 235 - 237 - 239 - 240 - 242 - 244 - 247 - 248 - 250 - 254 - 255 - 256 - 257 - 259 - 261 - 262 - 264 - 266 - 267 - 271 - 274 - 275 - 276 - 277 - 280 - 281 - 282 - 283 - 287 - 289 - 291 - 292 - 293 - 296 - 297 - 300 - 302 - 306 - 309 - 311 - 312 - 313 - 315 - 317 - 318 - 319 - 321 - 325 - 326 - 327 - 328 - 329 - 330 - 331 - 333 - 335 - 336 - 338 - 339 - 340 - 343 - 344 - 346 - 347 - 353 - 354 - 355 - 356 - 357 - 359 - 360 - 361 - 362 - 363 - 368 - 369 - 375 - 378 - 379 - 381 - 383 - 386 - 387 - 388 - 389 - 391 - 393 - 394 - 395 - 396 - 398 - 399 - 400 - 401 - 402 - 404 - 407 - 409 - 412 - 413 - 414 - 416 - 418 - 419 - 421 - 422 - 425 - 427 - 429 - 431 - 433 - 435 - 436 - 437 - 439 - 441 - 442 - 447 - 448 - 449 - 450 - 451 - 453 - 454 - 455 - 456 - 458 - 459 - 460 - 462 - 465 - 466 - 467 - 469 - 470 - 472 - 474 - 477 - 478 - 479 - 482 - 488 - 489 - 492 - 495 - 497 - 498 - 499,516872.4,5.1,91152,95973,119.67,Cost: 91152 & Capacity: 95973
2 - 6 - 8 - 12 - 13 - 17 - 19 - 21 - 24 - 25 - 27 - 34 - 37 - 40 - 41 - 45 - 48 - 50 - 57 - 64 - 65 - 66 - 67 - 80 - 81 - 83 - 84 - 86 - 91 - 93 - 94 - 95 - 97 - 103 - 109 - 113 - 115 - 117 - 119 - 121 - 122 - 123 - 124 - 125 - 136 - 138 - 139 - 141 - 143 - 144 - 145 - 146 - 147 - 149 - 150 - 152 - 156 - 157 - 158 - 162 - 163 - 171 - 175 - 178 - 179 - 180 - 181 - 184 - 187 - 188 - 190 - 191 - 194 - 195 - 198 - 200 - 201 - 204 - 206 - 209 - 211 - 214 - 216 - 218 - 222 - 224 - 226 - 235 - 237 - 250 - 257 - 264 - 268 - 277 - 279 - 282 - 289 - 297 - 300 - 302 - 313 - 315 - 316 - 317 - 319 - 333 - 338 - 340 - 343 - 345 - 346 - 348 - 349 - 350 - 357 - 360 - 361 - 372 - 373 - 379 - 386 - 387 - 388 - 389 - 393 - 396 - 400 - 401 - 404 - 410 - 412 - 416 - 417 - 420 - 426 - 427 - 431 - 433 - 437 - 439 - 450 - 453 - 459 - 460 - 468 - 470 - 472 - 474 - 477 - 479 - 480 - 484 - 485 - 486 - 487 - 488 - 489 - 492 - 497 - 498,178407.0,7.7,88030,74946,120.89,Cost: 88030 & Capacity: 74946
2 - 6 - 8 - 12 - 13 - 15 - 17 - 19 - 21 - 24 - 25 - 27 - 34 - 37 - 40 - 41 - 45 - 48 - 50 - 52 - 57 - 64 - 65 - 66 - 67 - 80 - 81 - 83 - 84 - 86 - 91 - 93 - 94 - 95 - 97 - 103 - 109 - 112 - 113 - 115 - 117 - 119 - 121 - 123 - 124 - 125 - 132 - 136 - 138 - 139 - 141 - 144 - 145 - 146 - 147 - 149 - 150 - 152 - 156 - 157 - 158 - 162 - 163 - 171 - 174 - 175 - 178 - 179 - 180 - 181 - 184 - 187 - 188 - 190 - 191 - 194 - 195 - 198 - 200 - 201 - 204 - 206 - 209 - 211 - 214 - 216 - 218 - 222 - 224 - 226 - 235 - 237 - 250 - 257 - 259 - 264 - 268 - 277 - 279 - 282 - 289 - 297 - 300 - 302 - 313 - 315 - 316 - 317 - 319 - 333 - 338 - 340 - 343 - 345 - 346 - 348 - 349 - 350 - 357 - 360 - 361 - 372 - 373 - 379 - 386 - 387 - 388 - 389 - 393 - 396 - 400 - 401 - 404 - 410 - 412 - 416 - 417 - 420 - 426 - 427 - 431 - 433 - 437 - 439 - 450 - 453 - 459 - 460 - 465 - 468 - 472 - 474 - 477 - 479 - 480 - 483 - 484 - 485 - 486 - 487 - 488 - 489 - 492 - 497 - 498,189508.6,7.6,91171,76935,120.87,Cost: 91171 & Capacity: 76935
0 - 1 - 2 - 3 - 5 - 6 - 8 - 10 - 13 - 16 - 17 - 18 - 21 - 22 - 23 - 24 - 27 - 28 - 29 - 30 - 31 - 32 - 33 - 34 - 36 - 37 - 38 - 39 - 40 - 41 - 44 - 45 - 46 - 49 - 50 - 51 - 52 - 54 - 55 - 60 - 62 - 64 - 65 - 66 - 68 - 69 - 70 - 71 - 73 - 74 - 76 - 78 - 79 - 80 - 83 - 85 - 88 - 91 - 93 - 95 - 97 - 98 - 99 - 102 - 106 - 107 - 108 - 109 - 110 - 112 - 113 - 115 - 116 - 117 - 118 - 119 - 120 - 121 - 122 - 123 - 125 - 126 - 127 - 129 - 130 - 133 - 134 - 135 - 136 - 137 - 138 - 141 - 142 - 143 - 144 - 149 - 154 - 156 - 159 - 160 - 162 - 163 - 164 - 166 - 169 - 171 - 174 - 175 - 176 - 178 - 180 - 181 - 183 - 187 - 191 - 192 - 193 - 195 - 196 - 197 - 198 - 201 - 202 - 203 - 204 - 206 - 207 - 208 - 209 - 210 - 211 - 214 - 218 - 221 - 222 - 224 - 228 - 229 - 230 - 231 - 232 - 233 - 234 - 235 - 236 - 239 - 240 - 241 - 242 - 244 - 247 - 249 - 250 - 253 - 255 - 256 - 257 - 259 - 261 - 262 - 264 - 266 - 267 - 271 - 273 - 274 - 275 - 276 - 277 - 280 - 281 - 282 - 283 - 286 - 287 - 288 - 289 - 291 - 293 - 296 - 297 - 299 - 300 - 302 - 306 - 309 - 311 - 312 - 313 - 315 - 318 - 319 - 321 - 325 - 326 - 327 - 328 - 329 - 330 - 331 - 333 - 335 - 336 - 338 - 339 - 340 - 341 - 343 - 344 - 346 - 347 - 353 - 354 - 355 - 356 - 357 - 358 - 359 - 360 - 361 - 363 - 368 - 369 - 371 - 377 - 378 - 379 - 381 - 383 - 386 - 387 - 388 - 389 - 391 - 393 - 394 - 395 - 396 - 398 - 399 - 400 - 401 - 402 - 404 - 407 - 409 - 413 - 414 - 416 - 418 - 419 - 421 - 422 - 425 - 426 - 427 - 429 - 431 - 433 - 435 - 436 - 437 - 438 - 439 - 441 - 442 - 447 - 448 - 449 - 450 - 451 - 453 - 454 - 455 - 456 - 458 - 459 - 460 - 461 - 462 - 465 - 466 - 467 - 469 - 470 - 472 - 474 - 477 - 478 - 479 - 482 - 488 - 489 - 492 - 495 - 499,567639.0,3.5,91152,99200,121.23,Cost: 91152 & Capacity: 99200
0 - 1 - 2 - 3 - 5 - 6 - 8 - 10 - 13 - 16 - 17 - 18 - 21 - 22 - 23 - 24 - 27 - 28 - 29 - 30 - 31 - 32 - 33 - 34 - 36 - 37 - 38 - 39 - 40 - 41 - 44 - 45 - 46 - 49 - 50 - 51 - 52 - 54 - 55 - 60 - 62 - 64 - 65 - 66 - 68 - 69 - 70 - 71 - 73 - 74 - 76 - 78 - 79 - 80 - 83 - 85 - 88 - 91 - 93 - 95 - 97 - 98 - 99 - 102 - 106 - 107 - 108 - 109 - 110 - 112 - 113 - 115 - 116 - 117 - 118 - 119 - 120 - 121 - 122 - 123 - 125 - 126 - 127 - 129 - 130 - 133 - 134 - 135 - 136 - 137 - 138 - 141 - 142 - 143 - 144 - 149 - 154 - 156 - 159 - 160 - 162 - 163 - 164 - 166 - 169 - 171 - 174 - 175 - 176 - 178 - 180 - 181 - 183 - 187 - 191 - 192 - 193 - 195 - 196 - 197 - 198 - 201 - 202 - 203 - 204 - 206 - 207 - 208 - 209 - 210 - 211 - 214 - 218 - 221 - 222 - 224 - 228 - 229 - 230 - 231 - 232 - 233 - 234 - 235 - 236 - 239 - 240 - 241 - 242 - 244 - 247 - 249 - 250 - 253 - 255 - 256 - 257 - 259 - 261 - 262 - 264 - 266 - 267 - 271 - 273 - 274 - 275 - 276 - 277 - 280 - 281 - 282 - 283 - 286 - 287 - 288 - 289 - 291 - 293 - 296 - 297 - 299 - 300 - 302 - 306 - 309 - 311 - 312 - 313 - 315 - 318 - 319 - 321 - 325 - 326 - 327 - 328 - 329 - 330 - 331 - 333 - 335 - 336 - 338 - 339 - 340 - 341 - 343 - 344 - 346 - 347 - 353 - 354 - 355 - 356 - 357 - 358 - 359 - 360 - 361 - 363 - 368 - 369 - 371 - 377 - 378 - 379 - 381 - 383 - 386 - 387 - 388 - 389 - 391 - 393 - 394 - 395 - 396 - 398 - 399 - 400 - 401 - 402 - 404 - 407 - 409 - 413 - 414 - 416 - 418 - 419 - 421 - 422 - 425 - 426 - 427 - 429 - 431 - 433 - 435 - 436 - 437 - 438 - 439 - 441 - 442 - 447 - 448 - 449 - 450 - 451 - 453 - 454 - 455 - 456 - 458 - 459 - 460 - 461 - 462 - 465 - 466 - 467 - 469 - 470 - 472 - 474 - 477 - 478 - 479 - 482 - 488 - 489 - 492 - 495 - 499,567639.0,3.5,91152,99200,121.27,Cost: 91152 & Capacity: 99200
0 - 1 - 2 - 3 - 4 - 5 - 6 - 8 - 10 - 13 - 16 - 17 - 18 - 21 - 22 - 23 - 24 - 27 - 28 - 29 - 30 - 31 - 32 - 33 - 34 - 36 - 37 - 38 - 39 - 40 - 41 - 44 - 45 - 46 - 49 - 50 - 51 - 52 - 54 - 55 - 60 - 62 - 64 - 65 - 66 - 68 - 69 - 70 - 71 - 73 - 74 - 76 - 78 - 79 - 80 - 83 - 85 - 88 - 91 - 93 - 95 - 97 - 98 - 99 - 102 - 106 - 107 - 108 - 109 - 110 - 112 - 113 - 115 - 116 - 117 - 118 - 119 - 120 - 121 - 122 - 123 - 125 - 126 - 127 - 129 - 130 - 133 - 134 - 135 - 136 - 137 - 138 - 141 - 142 - 143 - 144 - 149 - 154 - 156 - 159 - 160 - 162 - 163 - 164 - 166 - 169 - 171 - 174 - 175 - 176 - 178 - 180 - 181 - 183 - 187 - 191 - 192 - 193 - 195 - 196 - 197 - 198 - 201 - 202 - 203 - 204 - 206 - 207 - 208 - 209 - 210 - 211 - 214 - 218 - 221 - 222 - 224 - 228 - 229 - 230 - 231 - 232 - 233 - 234 - 235 - 236 - 239 - 240 - 241 - 242 - 244 - 247 - 249 - 250 - 253 - 255 - 256 - 257 - 259 - 261 - 262 - 264 - 266 - 267 - 271 - 273 - 274 - 275 - 276 - 277 - 280 - 281 - 282 - 283 - 286 - 287 - 288 - 289 - 291 - 293 - 296 - 297 - 299 - 300 - 306 - 309 - 311 - 312 - 313 - 315 - 318 - 319 - 321 - 325 - 326 - 327 - 328 - 329 - 330 - 331 - 333 - 335 - 336 - 338 - 339 - 340 - 341 - 343 - 344 - 346 - 347 - 353 - 354 - 355 - 356 - 357 - 358 - 359 - 360 - 361 - 363 - 368 - 369 - 371 - 377 - 378 - 379 - 381 - 383 - 386 - 387 - 388 - 389 - 391 - 393 - 394 - 395 - 396 - 398 - 399 - 400 - 401 - 402 - 404 - 407 - 409 - 413 - 414 - 416 - 418 - 419 - 421 - 422 - 425 - 426 - 427 - 429 - 431 - 433 - 435 - 436 - 437 - 438 - 439 - 441 - 442 - 445 - 447 - 448 - 449 - 450 - 451 - 453 - 454 - 455 - 456 - 458 - 459 - 460 - 461 - 462 - 465 - 466 - 467 - 469 - 470 - 472 - 474 - 477 - 478 - 479 - 482 - 488 - 489 - 495 - 499,567077.5,3.5,91165,99959,122.56,Cost: 91165 & Capacity: 99959
0 - 1 - 2 - 3 - 5 - 6 - 8 - 10 - 13 - 16 - 17 - 18 - 21 - 22 - 23 - 24 - 27 - 28 - 29 - 30 - 31 - 32 - 33 - 34 - 36 - 37 - 38 - 39 - 40 - 41 - 44 - 45 - 46 - 49 - 50 - 51 - 52 - 54 - 55 - 60 - 62 - 64 - 65 - 66 - 68 - 69 - 70 - 71 - 73 - 74 - 76 - 78 - 79 - 80 - 83 - 85 - 88 - 91 - 93 - 95 - 97 - 98 - 99 - 102 - 106 - 107 - 108 - 109 - 110 - 112 - 113 - 115 - 116 - 117 - 118 - 119 - 120 - 121 - 122 - 123 - 125 - 126 - 127 - 129 - 130 - 133 - 134 - 135 - 136 - 137 - 138 - 141 - 142 - 143 - 144 - 149 - 154 - 156 - 159 - 160 - 162 - 163 - 164 - 166 - 169 - 171 - 174 - 175 - 176 - 178 - 180 - 181 - 183 - 187 - 191 - 192 - 193 - 195 - 196 - 197 - 198 - 201 - 202 - 203 - 204 - 206 - 207 - 208 - 209 - 210 - 211 - 214 - 218 - 221 - 222 - 224 - 228 - 229 - 230 - 231 - 232 - 233 - 234 - 235 - 236 - 239 - 240 - 241 - 242 - 244 - 247 - 249 - 250 - 253 - 255 - 256 - 257 - 259 - 261 - 262 - 264 - 266 - 267 - 271 - 273 - 274 - 275 - 276 - 277 - 280 - 281 - 282 - 283 - 286 - 287 - 288 - 289 - 291 - 293 - 296 - 297 - 299 - 300 - 302 - 306 - 309 - 311 - 312 - 313 - 315 - 318 - 319 - 321 - 325 - 326 - 327 - 328 - 329 - 330 - 331 - 333 - 335 - 336 - 338 - 339 - 340 - 341 - 343 - 344 - 346 - 347 - 353 - 354 - 355 - 356 - 357 - 358 - 359 - 360 - 361 - 363 - 368 - 369 - 371 - 377 - 378 - 379 - 381 - 383 - 386 - 387 - 388 - 389 - 391 - 393 - 394 - 395 - 396 - 398 - 399 - 400 - 401 - 402 - 404 - 407 - 409 - 413 - 414 - 416 - 418 - 419 - 421 - 422 - 425 - 426 - 427 - 429 - 431 - 433 - 435 - 436 - 437 - 438 - 439 - 441 - 442 - 447 - 448 - 449 - 450 - 451 - 453 - 454 - 455 - 456 - 458 - 459 - 460 - 461 - 462 - 465 - 466 - 467 - 469 - 470 - 472 - 474 - 477 - 478 - 479 - 482 - 488 - 489 - 492 - 495 - 499,567639.0,3.5,91152,99200,122.6,Cost: 91152 & Capacity: 99200
0 - 1 - 2 - 3 - 5 - 6 - 8 - 10 - 13 - 16 - 17 - 18 - 21 - 22 - 23 - 24 - 27 - 28 - 29 - 30 - 31 - 32 - 33 - 34 - 36 - 37 - 38 - 39 - 40 - 41 - 44 - 45 - 46 - 49 - 50 - 51 - 52 - 54 - 55 - 60 - 62 - 64 - 65 - 66 - 68 - 69 - 70 - 71 - 73 - 74 - 76 - 78 - 79 - 80 - 83 - 85 - 88 - 91 - 93 - 95 - 97 - 98 - 99 - 102 - 106 - 107 - 108 - 109 - 110 - 112 - 113 - 115 - 116 - 117 - 118 - 119 - 120 - 121 - 122 - 123 - 125 - 126 - 127 - 129 - 130 - 133 - 134 - 135 - 136 - 137 - 138 - 141 - 142 - 143 - 144 - 149 - 154 - 156 - 159 - 160 - 162 - 163 - 164 - 166 - 169 - 171 - 174 - 175 - 176 - 178 - 180 - 181 - 183 - 187 - 191 - 192 - 193 - 195 - 196 - 197 - 198 - 201 - 202 - 203 - 204 - 206 - 207 - 208 - 209 - 210 - 211 - 214 - 218 - 221 - 222 - 224 - 228 - 229 - 230 - 231 - 232 - 233 - 234 - 235 - 236 - 239 - 240 - 241 - 242 - 244 - 247 - 249 - 250 - 253 - 255 - 256 - 257 - 259 - 261 - 262 - 264 - 266 - 267 - 271 - 273 - 274 - 275 - 276 - 277 - 280 - 281 - 282 - 283 - 286 - 287 - 288 - 289 - 291 - 293 - 296 - 297 - 299 - 300 - 302 - 306 - 309 - 311 - 312 - 313 - 315 - 318 - 319 - 321 - 325 - 326 - 327 - 328 - 329 - 330 - 331 - 333 - 335 - 336 - 338 - 339 - 340 - 341 - 343 - 344 - 346 - 347 - 353 - 354 - 355 - 356 - 357 - 358 - 359 - 360 - 361 - 363 - 368 - 369 - 371 - 377 - 378 - 379 - 381 - 383 - 386 - 387 - 388 - 389 - 391 - 393 - 394 - 395 - 396 - 398 - 399 - 400 - 401 - 402 - 404 - 407 - 409 - 413 - 414 - 416 - 418 - 419 - 421 - 422 - 425 - 426 - 427 - 429 - 431 - 433 - 435 - 436 - 437 - 438 - 439 - 441 - 442 - 447 - 448 - 449 - 450 - 451 - 453 - 454 - 455 - 456 - 458 - 459 - 460 - 461 - 462 - 465 - 466 - 467 - 469 - 470 - 472 - 474 - 477 - 478 - 479 - 482 - 488 - 489 - 492 - 495 - 499,567639.0,3.5,91152,99200,127.02,Cost: 91152 & Capacity: 99200
2 - 3 - 8 - 11 - 13 - 16 - 17 - 18 - 21 - 22 - 23 - 25 - 27 - 30 - 34 - 36 - 37 - 40 - 41 - 45 - 46 - 50 - 52 - 53 - 55 - 59 - 63 - 64 - 65 - 67 - 70 - 71 - 73 - 76 - 80 - 82 - 84 - 88 - 93 - 94 - 97 - 98 - 102 - 106 - 108 - 109 - 110 - 111 - 113 - 115 - 118 - 119 - 123 - 124 - 125 - 126 - 127 - 130 - 133 - 134 - 136 - 141 - 144 - 145 - 146 - 147 - 149 - 152 - 154 - 156 - 157 - 158 - 159 - 160 - 163 - 166 - 169 - 175 - 176 - 179 - 180 - 182 - 187 - 189 - 191 - 192 - 193 - 195 - 198 - 199 - 204 - 206 - 207 - 209 - 210 - 211 - 212 - 217 - 218 - 222 - 224 - 228 - 229 - 230 - 231 - 234 - 235 - 237 - 239 - 240 - 241 - 244 - 248 - 250 - 252 - 255 - 256 - 257 - 259 - 262 - 264 - 270 - 271 - 274 - 275 - 276 - 277 - 281 - 282 - 283 - 285 - 287 - 289 - 292 - 296 - 297 - 300 - 307 - 309 - 312 - 313 - 315 - 317 - 318 - 319 - 320 - 321 - 326 - 330 - 331 - 333 - 335 - 338 - 339 - 340 - 346 - 347 - 350 - 354 - 355 - 356 - 357 - 359 - 360 - 361 - 363 - 367 - 368 - 375 - 376 - 379 - 381 - 384 - 386 - 387 - 393 - 395 - 396 - 399 - 400 - 402 - 404 - 407 - 412 - 413 - 416 - 417 - 418 - 419 - 420 - 421 - 427 - 429 - 430 - 431 - 433 - 436 - 437 - 439 - 444 - 448 - 449 - 450 - 453 - 455 - 459 - 460 - 462 - 465 - 467 - 469 - 470 - 471 - 472 - 473 - 474 - 478 - 479 - 482 - 488 - 492 - 497 - 498 - 499,339415.2,6.5,91155,84587,127.42,Cost: 91155 & Capacity: 84587
2 - 3 - 8 - 11 - 13 - 16 - 18 - 21 - 22 - 23 - 25 - 27 - 30 - 34 - 36 - 37 - 40 - 41 - 45 - 46 - 50 - 52 - 55 - 59 - 65 - 67 - 70 - 71 - 73 - 74 - 76 - 80 - 82 - 84 - 88 - 93 - 94 - 97 - 98 - 102 - 106 - 108 - 109 - 110 - 111 - 113 - 115 - 118 - 119 - 123 - 125 - 126 - 127 - 130 - 133 - 134 - 136 - 141 - 144 - 145 - 146 - 147 - 149 - 152 - 154 - 157 - 158 - 159 - 160 - 163 - 166 - 175 - 176 - 179 - 180 - 182 - 187 - 189 - 190 - 191 - 192 - 193 - 194 - 195 - 196 - 198 - 199 - 204 - 206 - 209 - 210 - 211 - 212 - 218 - 220 - 222 - 228 - 229 - 230 - 231 - 234 - 235 - 237 - 239 - 240 - 241 - 244 - 250 - 252 - 255 - 256 - 257 - 259 - 262 - 264 - 265 - 270 - 271 - 274 - 275 - 276 - 277 - 281 - 282 - 283 - 285 - 287 - 289 - 292 - 296 - 297 - 307 - 312 - 313 - 315 - 317 - 318 - 319 - 320 - 326 - 330 - 331 - 333 - 335 - 338 - 339 - 340 - 346 - 347 - 350 - 354 - 355 - 356 - 357 - 360 - 361 - 363 - 367 - 375 - 376 - 379 - 380 - 381 - 384 - 386 - 387 - 392 - 393 - 395 - 396 - 400 - 402 - 404 - 407 - 412 - 413 - 416 - 419 - 420 - 421 - 427 - 428 - 429 - 431 - 433 - 436 - 437 - 439 - 444 - 448 - 449 - 450 - 453 - 455 - 459 - 460 - 462 - 465 - 467 - 469 - 470 - 471 - 472 - 473 - 474 - 478 - 479 - 481 - 482 - 483 - 487 - 488 - 492 - 494 - 497 - 498 - 499,317547.1,6.7,91178,84119,127.45,Cost: 91178 & Capacity: 84119
0 - 1 - 2 - 3 - 5 - 6 - 8 - 10 - 13 - 16 - 17 - 18 - 21 - 22 - 23 - 24 - 27 - 28 - 29 - 30 - 31 - 32 - 33 - 34 - 36 - 37 - 38 - 39 - 40 - 41 - 44 - 45 - 46 - 49 - 50 - 51 - 52 - 54 - 55 - 60 - 62 - 64 - 65 - 66 - 68 - 69 - 70 - 71 - 73 - 74 - 76 - 78 - 79 - 80 - 83 - 85 - 88 - 91 - 93 - 95 - 97 - 98 - 99 - 102 - 106 - 107 - 108 - 109 - 110 - 112 - 113 - 115 - 116 - 117 - 118 - 119 - 120 - 121 - 122 - 123 - 125 - 126 - 127 - 129 - 130 - 133 - 134 - 135 - 136 - 137 - 138 - 141 - 142 - 143 - 144 - 149 - 154 - 156 - 159 - 160 - 162 - 163 - 164 - 166 - 169 - 171 - 174 - 175 - 176 - 178 - 180 - 181 - 183 - 187 - 191 - 192 - 193 - 195 - 196 - 197 - 198 - 201 - 202 - 203 - 204 - 206 - 207 - 208 - 209 - 210 - 211 - 214 - 218 - 221 - 222 - 224 - 228 - 229 - 230 - 231 - 232 - 233 - 234 - 235 - 236 - 239 - 240 - 241 - 242 - 244 - 247 - 249 - 250 - 253 - 255 - 256 - 257 - 259 - 261 - 262 - 264 - 266 - 267 - 271 - 273 - 274 - 275 - 276 - 277 - 280 - 281 - 282 - 283 - 286 - 287 - 288 - 289 - 291 - 293 - 296 - 297 - 299 - 300 - 302 - 306 - 309 - 311 - 312 - 313 - 315 - 318 - 319 - 321 - 325 - 326 - 327 - 328 - 329 - 330 - 331 - 333 - 335 - 336 - 338 - 339 - 340 - 341 - 343 - 344 - 346 - 347 - 353 - 354 - 355 - 356 - 357 - 358 - 359 - 360 - 361 - 363 - 368 - 369 - 371 - 377 - 378 - 379 - 381 - 383 - 386 - 387 - 388 - 389 - 391 - 393 - 394 - 395 - 396 - 398 - 399 - 400 - 401 - 402 - 404 - 407 - 409 - 413 - 414 - 416 - 418 - 419 - 421 - 422 - 425 - 426 - 427 - 429 - 431 - 433 - 435 - 436 - 437 - 438 - 439 - 441 - 442 - 447 - 448 - 449 - 450 - 451 - 453 - 454 - 455 - 456 - 458 - 459 - 460 - 461 - 462 - 465 - 466 - 467 - 469 - 470 - 472 - 474 - 477 - 478 - 479 - 482 - 488 - 489 - 492 - 495 - 499,567639.0,3.5,91152,99200,127.8,Cost: 91152 & Capacity: 99200
0 - 1 - 2 - 3 - 5 - 6 - 8 - 10 - 13 - 16 - 17 - 18 - 21 - 22 - 23 - 24 - 27 - 28 - 29 - 30 - 31 - 32 - 33 - 34 - 36 - 37 - 38 - 39 - 40 - 41 - 44 - 45 - 46 - 49 - 50 - 51 - 52 - 54 - 55 - 60 - 62 - 64 - 65 - 66 - 68 - 69 - 70 - 71 - 73 - 74 - 76 - 78 - 79 - 80 - 83 - 85 - 88 - 91 - 93 - 95 - 97 - 98 - 99 - 102 - 106 - 107 - 108 - 109 - 110 - 112 - 113 - 115 - 116 - 117 - 118 - 119 - 120 - 121 - 122 - 123 - 125 - 126 - 127 - 129 - 130 - 133 - 134 - 135 - 136 - 137 - 138 - 141 - 142 - 143 - 144 - 149 - 154 - 156 - 159 - 160 - 162 - 163 - 164 - 166 - 169 - 171 - 174 - 175 - 176 - 178 - 180 - 181 - 183 - 187 - 191 - 192 - 193 - 195 - 196 - 197 - 198 - 201 - 202 - 203 - 204 - 206 - 207 - 208 - 209 - 210 - 211 - 214 - 218 - 221 - 222 - 224 - 228 - 229 - 230 - 231 - 232 - 233 - 234 - 235 - 236 - 239 - 240 - 241 - 242 - 244 - 247 - 249 - 250 - 253 - 255 - 256 - 257 - 259 - 261 - 262 - 264 - 266 - 267 - 271 - 273 - 274 - 275 - 276 - 277 - 280 - 281 - 282 - 283 - 286 - 287 - 288 - 289 - 291 - 293 - 296 - 297 - 299 - 300 - 302 - 306 - 309 - 311 - 312 - 313 - 315 - 318 - 319 - 321 - 325 - 326 - 327 - 328 - 329 - 330 - 331 - 333 - 335 - 336 - 338 - 339 - 340 - 341 - 343 - 344 - 346 - 347 - 353 - 354 - 355 - 356 - 357 - 358 - 359 - 360 - 361 - 363 - 368 - 369 - 371 - 377 - 378 - 379 - 381 - 383 - 386 - 387 - 388 - 389 - 391 - 393 - 394 - 395 - 396 - 398 - 399 - 400 - 401 - 402 - 404 - 407 - 409 - 413 - 414 - 416 - 418 - 419 - 421 - 422 - 425 - 426 - 427 - 429 - 431 - 433 - 435 - 436 - 437 - 438 - 439 - 441 - 442 - 447 - 448 - 449 - 450 - 451 - 453 - 454 - 455 - 456 - 458 - 459 - 460 - 461 - 462 - 465 - 466 - 467 - 469 - 470 - 472 - 474 - 477 - 478 - 479 - 482 - 488 - 489 - 492 - 495 - 499,567639.0,3.5,91152,99200,129.32,Cost: 91152 & Capacity: 99200
0 - 1 - 2 - 3 - 5 - 6 - 8 - 10 - 13 - 16 - 17 - 18 - 21 - 22 - 23 - 24 - 27 - 28 - 29 - 30 - 31 - 32 - 33 - 34 - 36 - 37 - 38 - 39 - 40 - 41 - 44 - 45 - 46 - 49 - 50 - 51 - 52 - 54 - 55 - 60 - 62 - 64 - 65 - 66 - 68 - 69 - 70 - 71 - 73 - 74 - 76 - 78 - 79 - 80 - 83 - 85 - 88 - 91 - 93 - 95 - 97 - 98 - 99 - 102 - 106 - 107 - 108 - 109 - 110 - 112 - 113 - 115 - 116 - 117 - 118 - 119 - 120 - 121 - 122 - 123 - 125 - 126 - 127 - 129 - 130 - 133 - 134 - 135 - 136 - 137 - 138 - 141 - 142 - 143 - 144 - 149 - 154 - 156 - 159 - 160 - 162 - 163 - 164 - 166 - 169 - 171 - 174 - 175 - 176 - 178 - 180 - 181 - 183 - 187 - 191 - 192 - 193 - 195 - 196 - 197 - 198 - 201 - 202 - 203 - 204 - 206 - 207 - 208 - 209 - 210 - 211 - 214 - 218 - 221 - 222 - 224 - 228 - 229 - 230 - 231 - 232 - 233 - 234 - 235 - 236 - 239 - 240 - 241 - 242 - 244 - 247 - 249 - 250 - 253 - 255 - 256 - 257 - 259 - 261 - 262 - 264 - 266 - 267 - 271 - 273 - 274 - 275 - 276 - 277 - 280 - 281 - 282 - 283 - 286 - 287 - 288 - 289 - 291 - 293 - 296 - 297 - 299 - 300 - 302 - 306 - 309 - 311 - 312 - 313 - 315 - 318 - 319 - 321 - 325 - 326 - 327 - 328 - 329 - 330 - 331 - 333 - 335 - 336 - 338 - 339 - 340 - 341 - 343 - 344 - 346 - 347 - 353 - 354 - 355 - 356 - 357 - 358 - 359 - 360 - 361 - 363 - 368 - 369 - 371 - 377 - 378 - 379 - 381 - 383 - 386 - 387 - 388 - 389 - 391 - 393 - 394 - 395 - 396 - 398 - 399 - 400 - 401 - 402 - 404 - 407 - 409 - 413 - 414 - 416 - 418 - 419 - 421 - 422 - 425 - 426 - 427 - 429 - 431 - 433 - 435 - 436 - 437 - 438 - 439 - 441 - 442 - 447 - 448 - 449 - 450 - 451 - 453 - 454 - 455 - 456 - 458 - 459 - 460 - 461 - 462 - 465 - 466 - 467 - 469 - 470 - 472 - 474 - 477 - 478 - 479 - 482 - 488 - 489 - 492 - 495 - 499,567639.0,3.5,91152,99200,129.35,Cost: 91152 & Capacity: 99200
0 - 1 - 2 - 3 - 5 - 6 - 8 - 10 - 13 - 16 - 17 - 18 - 21 - 22 - 23 - 24 - 27 - 28 - 29 - 30 - 31 - 32 - 33 - 34 - 36 - 37 - 38 - 39 - 40 - 41 - 44 - 45 - 46 - 49 - 50 - 51 - 52 - 54 - 55 - 60 - 62 - 64 - 65 - 66 - 68 - 69 - 70 - 71 - 73 - 74 - 76 - 78 - 79 - 80 - 83 - 85 - 88 - 91 - 93 - 95 - 97 - 98 - 99 - 102 - 106 - 107 - 108 - 109 - 110 - 112 - 113 - 115 - 116 - 117 - 118 - 119 - 120 - 121 - 122 - 123 - 125 - 126 - 127 - 129 - 130 - 133 - 134 - 135 - 136 - 137 - 138 - 141 - 142 - 143 - 144 - 149 - 154 - 156 - 159 - 160 - 162 - 163 - 164 - 166 - 169 - 171 - 174 - 175 - 176 - 178 - 180 - 181 - 183 - 187 - 191 - 192 - 193 - 195 - 196 - 197 - 198 - 201 - 202 - 203 - 204 - 206 - 207 - 208 - 209 - 210 - 211 - 214 - 218 - 221 - 222 - 224 - 228 - 229 - 230 - 231 - 232 - 233 - 234 - 235 - 236 - 239 - 240 - 241 - 242 - 244 - 247 - 249 - 250 - 253 - 255 - 256 - 257 - 259 - 261 - 262 - 264 - 266 - 267 - 271 - 273 - 274 - 275 - 276 - 277 - 280 - 281 - 282 - 283 - 286 - 287 - 288 - 289 - 291 - 293 - 296 - 297 - 299 - 300 - 302 - 306 - 309 - 311 - 312 - 313 - 315 - 318 - 319 - 321 - 325 - 326 - 327 - 328 - 329 - 330 - 331 - 333 - 335 - 336 - 338 - 339 - 340 - 341 - 343 - 344 - 346 - 347 - 353 - 354 - 355 - 356 - 357 - 358 - 359 - 360 - 361 - 363 - 368 - 369 - 371 - 377 - 378 - 379 - 381 - 383 - 386 - 387 - 388 - 389 - 391 - 393 - 394 - 395 - 396 - 398 - 399 - 400 - 401 - 402 - 404 - 407 - 409 - 413 - 414 - 416 - 418 - 419 - 421 - 422 - 425 - 426 - 427 - 429 - 431 - 433 - 435 - 436 - 437 - 438 - 439 - 441 - 442 - 447 - 448 - 449 - 450 - 451 - 453 - 454 - 455 - 456 - 458 - 459 - 460 - 461 - 462 - 465 - 466 - 467 - 469 - 470 - 472 - 474 - 477 - 478 - 479 - 482 - 488 - 489 - 492 - 495 - 499,567639.0,3.5,91152,99200,130.68,Cost: 91152 & Capacity: 99200
0 - 1 - 2 - 3 - 5 - 6 - 8 - 10 - 13 - 16 - 17 - 18 - 21 - 22 - 23 - 24 - 27 - 28 - 29 - 30 - 32 - 33 - 34 - 36 - 37 - 39 - 40 - 41 - 45 - 46 - 49 - 50 - 52 - 54 - 55 - 60 - 62 - 64 - 65 - 68 - 69 - 70 - 71 - 73 - 74 - 76 - 78 - 79 - 80 - 83 - 85 - 88 - 91 - 93 - 95 - 97 - 98 - 99 - 102 - 106 - 107 - 108 - 109 - 110 - 112 - 113 - 115 - 116 - 117 - 118 - 119 - 120 - 121 - 122 - 123 - 125 - 126 - 127 - 129 - 130 - 133 - 134 - 135 - 136 - 137 - 138 - 141 - 142 - 143 - 144 - 149 - 154 - 156 - 159 - 160 - 162 - 163 - 164 - 166 - 169 - 171 - 174 - 175 - 176 - 178 - 180 - 181 - 183 - 187 - 191 - 192 - 193 - 195 - 196 - 198 - 201 - 202 - 203 - 204 - 206 - 207 - 208 - 209 - 210 - 211 - 214 - 218 - 221 - 222 - 224 - 228 - 229 - 230 - 231 - 232 - 233 - 234 - 235 - 236 - 239 - 240 - 241 - 242 - 244 - 247 - 248 - 249 - 250 - 253 - 255 - 256 - 257 - 259 - 261 - 262 - 264 - 266 - 267 - 271 - 273 - 274 - 275 - 276 - 277 - 280 - 281 - 282 - 283 - 286 - 287 - 288 - 289 - 291 - 292 - 293 - 296 - 297 - 299 - 302 - 306 - 309 - 311 - 312 - 313 - 315 - 318 - 319 - 321 - 325 - 326 - 327 - 328 - 329 - 330 - 331 - 333 - 335 - 336 - 338 - 339 - 340 - 341 - 343 - 344 - 346 - 347 - 353 - 354 - 355 - 356 - 357 - 358 - 359 - 360 - 361 - 362 - 363 - 368 - 369 - 371 - 378 - 379 - 381 - 383 - 386 - 387 - 388 - 389 - 391 - 393 - 394 - 395 - 396 - 398 - 399 - 400 - 401 - 402 - 404 - 407 - 409 - 413 - 414 - 416 - 418 - 419 - 421 - 422 - 425 - 426 - 427 - 429 - 431 - 433 - 435 - 436 - 437 - 438 - 439 - 441 - 442 - 445 - 447 - 448 - 449 - 450 - 451 - 453 - 454 - 455 - 456 - 458 - 459 - 460 - 461 - 462 - 465 - 466 - 467 - 469 - 470 - 472 - 474 - 477 - 478 - 479 - 482 - 488 - 489 - 492 - 495 - 497 - 499,557033.1,4.1,91168,97813,134.03,Cost: 91168 & Capacity: 97813
0 - 1 - 2 - 3 - 6 - 8 - 10 - 13 - 16 - 17 - 18 - 21 - 22 - 23 - 24 - 27 - 28 - 29 - 30 - 32 - 33 - 34 - 36 - 37 - 39 - 40 - 41 - 45 - 46 - 49 - 50 - 52 - 54 - 55 - 60 - 62 - 64 - 65 - 67 - 68 - 69 - 70 - 71 - 73 - 74 - 76 - 79 - 80 - 83 - 85 - 88 - 91 - 94 - 95 - 97 - 98 - 99 - 102 - 106 - 107 - 108 - 109 - 110 - 112 - 113 - 115 - 116 - 117 - 118 - 119 - 120 - 121 - 122 - 123 - 125 - 126 - 127 - 129 - 130 - 133 - 134 - 135 - 136 - 137 - 138 - 141 - 142 - 143 - 144 - 145 - 149 - 154 - 156 - 159 - 160 - 162 - 163 - 164 - 166 - 169 - 171 - 174 - 175 - 176 - 178 - 180 - 181 - 183 - 187 - 191 - 192 - 193 - 195 - 196 - 197 - 198 - 199 - 201 - 202 - 203 - 204 - 206 - 207 - 208 - 209 - 210 - 211 - 214 - 218 - 221 - 222 - 224 - 228 - 229 - 230 - 231 - 232 - 233 - 234 - 235 - 236 - 239 - 240 - 242 - 244 - 247 - 248 - 249 - 250 - 253 - 255 - 256 - 257 - 259 - 261 - 262 - 264 - 266 - 267 - 271 - 273 - 274 - 275 - 276 - 277 - 280 - 281 - 282 - 283 - 287 - 288 - 289 - 291 - 292 - 293 - 296 - 297 - 299 - 306 - 309 - 311 - 312 - 313 - 315 - 318 - 319 - 321 - 325 - 326 - 327 - 328 - 329 - 330 - 331 - 333 - 335 - 336 - 338 - 339 - 340 - 341 - 343 - 344 - 346 - 347 - 353 - 354 - 355 - 356 - 357 - 358 - 359 - 360 - 361 - 363 - 368 - 369 - 371 - 378 - 379 - 381 - 383 - 386 - 387 - 388 - 389 - 391 - 393 - 394 - 395 - 396 - 398 - 399 - 400 - 401 - 402 - 404 - 407 - 409 - 413 - 414 - 416 - 418 - 419 - 421 - 422 - 425 - 426 - 427 - 429 - 431 - 433 - 435 - 436 - 437 - 438 - 439 - 441 - 442 - 445 - 447 - 448 - 449 - 450 - 451 - 453 - 454 - 455 - 456 - 458 - 459 - 460 - 462 - 465 - 466 - 467 - 469 - 470 - 472 - 474 - 477 - 478 - 479 - 482 - 488 - 489 - 492 - 495 - 497 - 499,547035.7,4.2,91175,98034,135.14,Cost: 91175 & Capacity: 98034
0 - 1 - 2 - 3 - 5 - 6 - 8 - 10 - 13 - 16 - 17 - 18 - 21 - 22 - 23 - 24 - 27 - 28 - 29 - 30 - 31 - 32 - 33 - 34 - 36 - 37 - 38 - 39 - 40 - 41 - 44 - 45 - 46 - 49 - 50 - 51 - 52 - 54 - 55 - 60 - 62 - 64 - 65 - 66 - 68 - 69 - 70 - 71 - 73 - 74 - 76 - 78 - 79 - 80 - 83 - 85 - 88 - 91 - 93 - 95 - 97 - 98 - 99 - 102 - 106 - 107 - 108 - 109 - 110 - 112 - 113 - 115 - 116 - 117 - 118 - 119 - 120 - 121 - 122 - 123 - 125 - 126 - 127 - 129 - 130 - 133 - 134 - 135 - 136 - 137 - 138 - 141 - 142 - 143 - 144 - 149 - 154 - 156 - 159 - 160 - 162 - 163 - 164 - 166 - 169 - 171 - 174 - 175 - 176 - 178 - 180 - 181 - 183 - 187 - 191 - 192 - 193 - 195 - 196 - 197 - 198 - 201 - 202 - 203 - 204 - 206 - 207 - 208 - 209 - 210 - 211 - 214 - 218 - 221 - 222 - 224 - 228 - 229 - 230 - 231 - 232 - 233 - 234 - 235 - 236 - 239 - 240 - 241 - 242 - 244 - 247 - 249 - 250 - 253 - 255 - 256 - 257 - 259 - 261 - 262 - 264 - 266 - 267 - 271 - 273 - 274 - 275 - 276 - 277 - 280 - 281 - 282 - 283 - 286 - 287 - 288 - 289 - 291 - 293 - 296 - 297 - 299 - 300 - 302 - 306 - 309 - 311 - 312 - 313 - 315 - 318 - 319 - 321 - 325 - 326 - 327 - 328 - 329 - 330 - 331 - 333 - 335 - 336 - 338 - 339 - 340 - 341 - 343 - 344 - 346 - 347 - 353 - 354 - 355 - 356 - 357 - 358 - 359 - 360 - 361 - 363 - 368 - 369 - 371 - 377 - 378 - 379 - 381 - 383 - 386 - 387 - 388 - 389 - 391 - 393 - 394 - 395 - 396 - 398 - 399 - 400 - 401 - 402 - 404 - 407 - 409 - 413 - 414 - 416 - 418 - 419 - 421 - 422 - 425 - 426 - 427 - 429 - 431 - 433 - 435 - 436 - 437 - 438 - 439 - 441 - 442 - 447 - 448 - 449 - 450 - 451 - 453 - 454 - 455 - 456 - 458 - 459 - 460 - 461 - 462 - 465 - 466 - 467 - 469 - 470 - 472 - 474 - 477 - 478 - 479 - 482 - 488 - 489 - 492 - 495 - 499,567639.0,3.5,91152,99200,142.21,Cost: 91152 & Capacity: 99200
0 - 1 - 2 - 3 - 5 - 6 - 8 - 10 - 13 - 16 - 17 - 18 - 21 - 22 - 23 - 24 - 27 - 28 - 29 - 30 - 31 - 32 - 33 - 34 - 36 - 37 - 38 - 39 - 40 - 41 - 44 - 45 - 46 - 49 - 50 - 51 - 52 - 54 - 55 - 60 - 62 - 64 - 65 - 66 - 68 - 69 - 70 - 71 - 73 - 74 - 76 - 78 - 79 - 80 - 83 - 85 - 88 - 91 - 93 - 95 - 97 - 98 - 99 - 102 - 106 - 107 - 108 - 109 - 110 - 112 - 113 - 115 - 116 - 117 - 118 - 119 - 120 - 121 - 122 - 123 - 125 - 126 - 127 - 129 - 130 - 133 - 134 - 135 - 136 - 137 - 138 - 141 - 142 - 143 - 144 - 149 - 154 - 156 - 159 - 160 - 162 - 163 - 164 - 166 - 169 - 171 - 174 - 175 - 176 - 178 - 180 - 181 - 183 - 187 - 191 - 192 - 193 - 195 - 196 - 197 - 198 - 201 - 202 - 203 - 204 - 206 - 207 - 208 - 209 - 210 - 211 - 214 - 218 - 221 - 222 - 224 - 228 - 229 - 230 - 231 - 232 - 233 - 234 - 235 - 236 - 239 - 240 - 241 - 242 - 244 - 247 - 249 - 250 - 253 - 255 - 256 - 257 - 259 - 261 - 262 - 264 - 266 - 267 - 271 - 273 - 274 - 275 - 276 - 277 - 280 - 281 - 282 - 283 - 286 - 287 - 288 - 289 - 291 - 293 - 296 - 297 - 299 - 300 - 302 - 306 - 309 - 311 - 312 - 313 - 315 - 318 - 319 - 321 - 325 - 326 - 327 - 328 - 329 - 330 - 331 - 333 - 335 - 336 - 338 - 339 - 340 - 341 - 343 - 344 - 346 - 347 - 353 - 354 - 355 - 356 - 357 - 358 - 359 - 360 - 361 - 363 - 368 - 369 - 371 - 377 - 378 - 379 - 381 - 383 - 386 - 387 - 388 - 389 - 391 - 393 - 394 - 395 - 396 - 398 - 399 - 400 - 401 - 402 - 404 - 407 - 409 - 413 - 414 - 416 - 418 - 419 - 421 - 422 - 425 - 426 - 427 - 429 - 431 - 433 - 435 - 436 - 437 - 438 - 439 - 441 - 442 - 447 - 448 - 449 - 450 - 451 - 453 - 454 - 455 - 456 - 458 - 459 - 460 - 461 - 462 - 465 - 466 - 467 - 469 - 470 - 472 - 474 - 477 - 478 - 479 - 482 - 488 - 489 - 492 - 495 - 499,567639.0,3.5,91152,99200,142.44,Cost: 91152 & Capacity: 99200
0 - 1 - 2 - 3 - 5 - 6 - 8 - 10 - 13 - 16 - 17 - 18 - 21 - 22 - 23 - 24 - 27 - 28 - 29 - 30 - 31 - 32 - 33 - 34 - 36 - 37 - 38 - 39 - 40 - 41 - 44 - 45 - 46 - 49 - 50 - 51 - 52 - 54 - 55 - 60 - 62 - 64 - 65 - 66 - 68 - 69 - 70 - 71 - 73 - 74 - 76 - 78 - 79 - 80 - 83 - 85 - 88 - 91 - 93 - 95 - 97 - 98 - 99 - 102 - 106 - 107 - 108 - 109 - 110 - 112 - 113 - 115 - 116 - 117 - 118 - 119 - 120 - 121 - 122 - 123 - 125 - 126 - 127 - 129 - 130 - 133 - 134 - 135 - 136 - 137 - 138 - 141 - 142 - 143 - 144 - 149 - 154 - 156 - 159 - 160 - 162 - 163 - 164 - 166 - 169 - 171 - 174 - 175 - 176 - 178 - 180 - 181 - 183 - 187 - 191 - 192 - 193 - 195 - 196 - 197 - 198 - 201 - 202 - 203 - 204 - 206 - 207 - 208 - 209 - 210 - 211 - 214 - 218 - 221 - 222 - 224 - 228 - 229 - 230 - 231 - 232 - 233 - 234 - 235 - 236 - 239 - 240 - 241 - 242 - 244 - 247 - 249 - 250 - 253 - 255 - 256 - 257 - 259 - 261 - 262 - 264 - 266 - 267 - 271 - 273 - 274 - 275 - 276 - 277 - 280 - 281 - 282 - 283 - 286 - 287 - 288 - 289 - 291 - 293 - 296 - 297 - 299 - 300 - 302 - 306 - 309 - 311 - 312 - 313 - 315 - 318 - 319 - 321 - 325 - 326 - 327 - 328 - 329 - 330 - 331 - 333 - 335 - 336 - 338 - 339 - 340 - 341 - 343 - 344 - 346 - 347 - 353 - 354 - 355 - 356 - 357 - 358 - 359 - 360 - 361 - 363 - 368 - 369 - 371 - 377 - 378 - 379 - 381 - 383 - 386 - 387 - 388 - 389 - 391 - 393 - 394 - 395 - 396 - 398 - 399 - 400 - 401 - 402 - 404 - 407 - 409 - 413 - 414 - 416 - 418 - 419 - 421 - 422 - 425 - 426 - 427 - 429 - 431 - 433 - 435 - 436 - 437 - 438 - 439 - 441 - 442 - 447 - 448 - 449 - 450 - 451 - 453 - 454 - 455 - 456 - 458 - 459 - 460 - 461 - 462 - 465 - 466 - 467 - 469 - 470 - 472 - 474 - 477 - 478 - 479 - 482 - 488 - 489 - 492 - 495 - 499,567639.0,3.5,91152,99200,143.87,Cost: 91152 & Capacity: 99200
2 - 3 - 8 - 11 - 13 - 21 - 22 - 23 - 24 - 25 - 27 - 34 - 40 - 41 - 45 - 46 - 52 - 54 - 55 - 67 - 70 - 76 - 82 - 88 - 93 - 95 - 97 - 102 - 108 - 109 - 111 - 112 - 115 - 118 - 119 - 123 - 125 - 127 - 133 - 134 - 136 - 141 - 142 - 144 - 145 - 146 - 147 - 149 - 152 - 156 - 157 - 158 - 160 - 162 - 164 - 166 - 169 - 170 - 171 - 176 - 179 - 180 - 181 - 182 - 184 - 187 - 188 - 191 - 192 - 195 - 198 - 199 - 201 - 203 - 204 - 206 - 208 - 209 - 211 - 212 - 214 - 216 - 222 - 224 - 228 - 230 - 231 - 233 - 235 - 244 - 248 - 250 - 252 - 255 - 256 - 259 - 262 - 264 - 266 - 267 - 270 - 271 - 273 - 274 - 275 - 281 - 282 - 283 - 286 - 289 - 292 - 296 - 304 - 312 - 317 - 320 - 321 - 326 - 327 - 331 - 338 - 340 - 345 - 346 - 347 - 348 - 351 - 355 - 360 - 361 - 364 - 367 - 372 - 375 - 378 - 379 - 381 - 384 - 386 - 387 - 388 - 389 - 390 - 392 - 393 - 396 - 399 - 400 - 401 - 402 - 404 - 407 - 410 - 413 - 415 - 416 - 420 - 424 - 425 - 427 - 433 - 437 - 439 - 444 - 453 - 457 - 459 - 460 - 461 - 466 - 468 - 470 - 471 - 472 - 473 - 474 - 476 - 478 - 479 - 480 - 483 - 484 - 485 - 487 - 488 - 492 - 497 - 498,245122.7,7.2,90989,80543,144.9,Cost: 90989 & Capacity: 80543
0 - 1 - 2 - 3 - 5 - 6 - 8 - 10 - 13 - 16 - 17 - 18 - 21 - 22 - 23 - 24 - 27 - 28 - 29 - 30 - 31 - 32 - 33 - 34 - 36 - 37 - 38 - 39 - 40 - 41 - 44 - 45 - 46 - 49 - 50 - 51 - 52 - 54 - 55 - 60 - 62 - 64 - 65 - 66 - 68 - 69 - 70 - 71 - 73 - 74 - 76 - 78 - 79 - 80 - 83 - 85 - 88 - 91 - 93 - 95 - 97 - 98 - 99 - 102 - 106 - 107 - 108 - 109 - 110 - 112 - 113 - 115 - 116 - 117 - 118 - 119 - 120 - 121 - 122 - 123 - 125 - 126 - 127 - 129 - 130 - 133 - 134 - 135 - 136 - 137 - 138 - 141 - 142 - 143 - 144 - 149 - 154 - 156 - 159 - 160 - 162 - 163 - 164 - 166 - 169 - 171 - 174 - 175 - 176 - 178 - 180 - 181 - 183 - 187 - 191 - 192 - 193 - 195 - 196 - 197 - 198 - 201 - 202 - 203 - 204 - 206 - 207 - 208 - 209 - 210 - 211 - 214 - 218 - 221 - 222 - 224 - 228 - 229 - 230 - 231 - 232 - 233 - 234 - 235 - 236 - 239 - 240 - 241 - 242 - 244 - 247 - 249 - 250 - 253 - 255 - 256 - 257 - 259 - 261 - 262 - 264 - 266 - 267 - 271 - 273 - 274 - 275 - 276 - 277 - 280 - 281 - 282 - 283 - 286 - 287 - 288 - 289 - 291 - 293 - 296 - 297 - 299 - 300 - 302 - 306 - 309 - 311 - 312 - 313 - 315 - 318 - 319 - 321 - 325 - 326 - 327 - 328 - 329 - 330 - 331 - 333 - 335 - 336 - 338 - 339 - 340 - 341 - 343 - 344 - 346 - 347 - 353 - 354 - 355 - 356 - 357 - 358 - 359 - 360 - 361 - 363 - 368 - 369 - 371 - 377 - 378 - 379 - 381 - 383 - 386 - 387 - 388 - 389 - 391 - 393 - 394 - 395 - 396 - 398 - 399 - 400 - 401 - 402 - 404 - 407 - 409 - 413 - 414 - 416 - 418 - 419 - 421 - 422 - 425 - 426 - 427 - 429 - 431 - 433 - 435 - 436 - 437 - 438 - 439 - 441 - 442 - 447 - 448 - 449 - 450 - 451 - 453 - 454 - 455 - 456 - 458 - 459 - 460 - 461 - 462 - 465 - 466 - 467 - 469 - 470 - 472 - 474 - 477 - 478 - 479 - 482 - 488 - 489 - 492 - 495 - 499,567639.0,3.5,91152,99200,145.27,Cost: 91152 & Capacity: 99200
0 - 2 - 3 - 6 - 8 - 11 - 13 - 16 - 18 - 21 - 22 - 23 - 24 - 25 - 27 - 30 - 34 - 36 - 37 - 40 - 41 - 45 - 46 - 49 - 50 - 52 - 53 - 55 - 64 - 65 - 67 - 69 - 70 - 71 - 75 - 76 - 80 - 84 - 85 - 88 - 93 - 94 - 97 - 98 - 101 - 102 - 109 - 110 - 113 - 115 - 116 - 118 - 119 - 121 - 123 - 125 - 126 - 127 - 130 - 133 - 134 - 136 - 137 - 144 - 145 - 146 - 148 - 149 - 156 - 157 - 158 - 160 - 162 - 163 - 166 - 169 - 171 - 174 - 179 - 180 - 182 - 187 - 189 - 191 - 192 - 193 - 194 - 195 - 196 - 199 - 201 - 202 - 203 - 204 - 206 - 207 - 208 - 209 - 210 - 211 - 212 - 214 - 218 - 221 - 222 - 224 - 228 - 229 - 230 - 231 - 233 - 234 - 236 - 237 - 239 - 240 - 242 - 244 - 248 - 250 - 252 - 253 - 254 - 255 - 256 - 257 - 259 - 262 - 264 - 266 - 274 - 275 - 276 - 277 - 281 - 282 - 283 - 285 - 289 - 291 - 292 - 293 - 296 - 300 - 307 - 309 - 310 - 312 - 313 - 315 - 317 - 320 - 321 - 325 - 326 - 327 - 331 - 335 - 338 - 339 - 340 - 343 - 346 - 347 - 350 - 353 - 354 - 355 - 356 - 357 - 360 - 363 - 367 - 368 - 375 - 376 - 378 - 379 - 381 - 384 - 386 - 391 - 393 - 395 - 396 - 399 - 400 - 401 - 402 - 407 - 409 - 412 - 413 - 414 - 416 - 417 - 418 - 419 - 421 - 425 - 427 - 429 - 430 - 431 - 433 - 436 - 437 - 439 - 448 - 449 - 450 - 453 - 454 - 459 - 460 - 461 - 462 - 465 - 469 - 471 - 472 - 473 - 474 - 478 - 479 - 482 - 486 - 487 - 488 - 489 - 492 - 495 - 497 - 498 - 499,373833.4,6.2,91161,86753,153.78,Cost: 91161 & Capacity: 86753
0 - 1 - 2 - 3 - 5 - 6 - 8 - 10 - 13 - 16 - 17 - 18 - 21 - 22 - 23 - 24 - 27 - 28 - 29 - 30 - 31 - 32 - 33 - 34 - 36 - 37 - 38 - 39 - 40 - 41 - 44 - 45 - 46 - 49 - 50 - 51 - 52 - 54 - 55 - 60 - 62 - 64 - 65 - 66 - 68 - 69 - 70 - 71 - 73 - 74 - 76 - 78 - 79 - 80 - 83 - 85 - 88 - 91 - 93 - 95 - 97 - 98 - 99 - 102 - 106 - 107 - 108 - 109 - 110 - 112 - 113 - 115 - 116 - 117 - 118 - 119 - 120 - 121 - 122 - 123 - 125 - 126 - 127 - 129 - 130 - 133 - 134 - 135 - 136 - 137 - 138 - 141 - 142 - 143 - 144 - 149 - 154 - 156 - 159 - 160 - 162 - 163 - 164 - 166 - 169 - 171 - 174 - 175 - 176 - 178 - 180 - 181 - 183 - 187 - 191 - 192 - 193 - 195 - 196 - 197 - 198 - 201 - 202 - 203 - 204 - 206 - 207 - 208 - 209 - 210 - 211 - 214 - 218 - 221 - 222 - 224 - 228 - 229 - 230 - 231 - 232 - 233 - 234 - 235 - 236 - 239 - 240 - 241 - 242 - 244 - 247 - 249 - 250 - 253 - 255 - 256 - 257 - 259 - 261 - 262 - 264 - 266 - 267 - 271 - 273 - 274 - 275 - 276 - 277 - 280 - 281 - 282 - 283 - 286 - 287 - 288 - 289 - 291 - 293 - 296 - 297 - 299 - 300 - 302 - 306 - 309 - 311 - 312 - 313 - 315 - 318 - 319 - 321 - 325 - 326 - 327 - 328 - 329 - 330 - 331 - 333 - 335 - 336 - 338 - 339 - 340 - 341 - 343 - 344 - 346 - 347 - 353 - 354 - 355 - 356 - 357 - 358 - 359 - 360 - 361 - 363 - 368 - 369 - 371 - 377 - 378 - 379 - 381 - 383 - 386 - 387 - 388 - 389 - 391 - 393 - 394 - 395 - 396 - 398 - 399 - 400 - 401 - 402 - 404 - 407 - 409 - 413 - 414 - 416 - 418 - 419 - 421 - 422 - 425 - 426 - 427 - 429 - 431 - 433 - 435 - 436 - 437 - 438 - 439 - 441 - 442 - 447 - 448 - 449 - 450 - 451 - 453 - 454 - 455 - 456 - 458 - 459 - 460 - 461 - 462 - 465 - 466 - 467 - 469 - 470 - 472 - 474 - 477 - 478 - 479 - 482 - 488 - 489 - 492 - 495 - 499,567639.0,3.5,91152,99200,154.05,Cost: 91152 & Capacity: 99200
0 - 1 - 2 - 3 - 5 - 6 - 8 - 10 - 13 - 16 - 17 - 18 - 21 - 22 - 23 - 24 - 27 - 28 - 29 - 30 - 31 - 32 - 33 - 34 - 36 - 37 - 38 - 39 - 40 - 41 - 44 - 45 - 46 - 49 - 50 - 51 - 52 - 54 - 55 - 60 - 62 - 64 - 65 - 66 - 68 - 69 - 70 - 71 - 73 - 74 - 76 - 78 - 79 - 80 - 83 - 85 - 88 - 91 - 93 - 95 - 97 - 98 - 99 - 102 - 106 - 107 - 108 - 109 - 110 - 112 - 113 - 115 - 116 - 117 - 118 - 119 - 120 - 121 - 122 - 123 - 125 - 126 - 127 - 129 - 130 - 133 - 134 - 135 - 136 - 137 - 138 - 141 - 142 - 143 - 144 - 149 - 154 - 156 - 159 - 160 - 162 - 163 - 164 - 166 - 169 - 171 - 174 - 175 - 176 - 178 - 180 - 181 - 183 - 187 - 191 - 192 - 193 - 195 - 196 - 197 - 198 - 201 - 202 - 203 - 204 - 206 - 207 - 208 - 209 - 210 - 211 - 214 - 218 - 221 - 222 - 224 - 228 - 229 - 230 - 231 - 232 - 233 - 234 - 235 - 236 - 239 - 240 - 241 - 242 - 244 - 247 - 249 - 250 - 253 - 255 - 256 - 257 - 259 - 261 - 262 - 264 - 266 - 267 - 271 - 273 - 274 - 275 - 276 - 277 - 280 - 281 - 282 - 283 - 286 - 287 - 288 - 289 - 291 - 293 - 296 - 297 - 299 - 300 - 302 - 306 - 309 - 311 - 312 - 313 - 315 - 318 - 319 - 321 - 325 - 326 - 327 - 328 - 329 - 330 - 331 - 333 - 335 - 336 - 338 - 339 - 340 - 341 - 343 - 344 - 346 - 347 - 353 - 354 - 355 - 356 - 357 - 358 - 359 - 360 - 361 - 363 - 368 - 369 - 371 - 377 - 378 - 379 - 381 - 383 - 386 - 387 - 388 - 389 - 391 - 393 - 394 - 395 - 396 - 398 - 399 - 400 - 401 - 402 - 404 - 407 - 409 - 413 - 414 - 416 - 418 - 419 - 421 - 422 - 425 - 426 - 427 - 429 - 431 - 433 - 435 - 436 - 437 - 438 - 439 - 441 - 442 - 447 - 448 - 449 - 450 - 451 - 453 - 454 - 455 - 456 - 458 - 459 - 460 - 461 - 462 - 465 - 466 - 467 - 469 - 470 - 472 - 474 - 477 - 478 - 479 - 482 - 488 - 489 - 492 - 495 - 499,567639.0,3.5,91152,99200,154.1,Cost: 91152 & Capacity: 99200
0 - 1 - 2 - 3 - 5 - 6 - 8 - 10 - 13 - 16 - 17 - 18 - 21 - 22 - 23 - 24 - 27 - 28 - 29 - 30 - 31 - 32 - 33 - 34 - 36 - 37 - 38 - 39 - 40 - 41 - 44 - 45 - 46 - 49 - 50 - 51 - 52 - 54 - 55 - 60 - 62 - 64 - 65 - 66 - 68 - 69 - 70 - 71 - 73 - 74 - 76 - 78 - 79 - 80 - 83 - 85 - 88 - 91 - 93 - 95 - 97 - 98 - 99 - 102 - 106 - 107 - 108 - 109 - 110 - 112 - 113 - 115 - 116 - 117 - 118 - 119 - 120 - 121 - 122 - 123 - 125 - 126 - 127 - 129 - 130 - 133 - 134 - 135 - 136 - 137 - 138 - 141 - 142 - 143 - 144 - 149 - 154 - 156 - 159 - 160 - 162 - 163 - 164 - 166 - 169 - 171 - 174 - 175 - 176 - 178 - 180 - 181 - 183 - 187 - 191 - 192 - 193 - 195 - 196 - 197 - 198 - 201 - 202 - 203 - 204 - 206 - 207 - 208 - 209 - 210 - 211 - 214 - 218 - 221 - 222 - 224 - 228 - 229 - 230 - 231 - 232 - 233 - 234 - 235 - 236 - 239 - 240 - 241 - 242 - 244 - 247 - 249 - 250 - 253 - 255 - 256 - 257 - 259 - 261 - 262 - 264 - 266 - 267 - 271 - 273 - 274 - 275 - 276 - 277 - 280 - 281 - 282 - 283 - 286 - 287 - 288 - 289 - 291 - 293 - 296 - 297 - 299 - 300 - 302 - 306 - 309 - 311 - 312 - 313 - 315 - 318 - 319 - 321 - 325 - 326 - 327 - 328 - 329 - 330 - 331 - 333 - 335 - 336 - 338 - 339 - 340 - 341 - 343 - 344 - 346 - 347 - 353 - 354 - 355 - 356 - 357 - 358 - 359 - 360 - 361 - 363 - 368 - 369 - 371 - 377 - 378 - 379 - 381 - 383 - 386 - 387 - 388 - 389 - 391 - 393 - 394 - 395 - 396 - 398 - 399 - 400 - 401 - 402 - 404 - 407 - 409 - 413 - 414 - 416 - 418 - 419 - 421 - 422 - 425 - 426 - 427 - 429 - 431 - 433 - 435 - 436 - 437 - 438 - 439 - 441 - 442 - 447 - 448 - 449 - 450 - 451 - 453 - 454 - 455 - 456 - 458 - 459 - 460 - 461 - 462 - 465 - 466 - 467 - 469 - 470 - 472 - 474 - 477 - 478 - 479 - 482 - 488 - 489 - 492 - 495 - 499,567639.0,3.5,91152,99200,156.68,Cost: 91152 & Capacity: 99200
0 - 1 - 2 - 3 - 5 - 6 - 8 - 10 - 13 - 16 - 17 - 18 - 21 - 22 - 23 - 24 - 27 - 28 - 29 - 30 - 31 - 32 - 33 - 34 - 36 - 37 - 38 - 39 - 40 - 41 - 44 - 45 - 46 - 49 - 50 - 51 - 52 - 54 - 55 - 60 - 62 - 64 - 65 - 66 - 68 - 69 - 70 - 71 - 73 - 74 - 76 - 78 - 79 - 80 - 83 - 85 - 88 - 91 - 93 - 95 - 97 - 98 - 99 - 102 - 106 - 107 - 108 - 109 - 110 - 112 - 113 - 115 - 116 - 117 - 118 - 119 - 120 - 121 - 122 - 123 - 125 - 126 - 127 - 129 - 130 - 133 - 134 - 135 - 136 - 137 - 138 - 141 - 142 - 143 - 144 - 149 - 154 - 156 - 159 - 160 - 162 - 163 - 164 - 166 - 169 - 171 - 174 - 175 - 176 - 178 - 180 - 181 - 183 - 187 - 191 - 192 - 193 - 195 - 196 - 197 - 198 - 201 - 202 - 203 - 204 - 206 - 207 - 208 - 209 - 210 - 211 - 214 - 218 - 221 - 222 - 224 - 228 - 229 - 230 - 231 - 232 - 233 - 234 - 235 - 236 - 239 - 240 - 241 - 242 - 244 - 247 - 249 - 250 - 253 - 255 - 256 - 257 - 259 - 261 - 262 - 264 - 266 - 267 - 271 - 273 - 274 - 275 - 276 - 277 - 280 - 281 - 282 - 283 - 286 - 287 - 288 - 289 - 291 - 293 - 296 - 297 - 299 - 300 - 302 - 306 - 309 - 311 - 312 - 313 - 315 - 318 - 319 - 321 - 325 - 326 - 327 - 328 - 329 - 330 - 331 - 333 - 335 - 336 - 338 - 339 - 340 - 341 - 343 - 344 - 346 - 347 - 353 - 354 - 355 - 356 - 357 - 358 - 359 - 360 - 361 - 363 - 368 - 369 - 371 - 377 - 378 - 379 - 381 - 383 - 386 - 387 - 388 - 389 - 391 - 393 - 394 - 395 - 396 - 398 - 399 - 400 - 401 - 402 - 404 - 407 - 409 - 413 - 414 - 416 - 418 - 419 - 421 - 422 - 425 - 426 - 427 - 429 - 431 - 433 - 435 - 436 - 437 - 438 - 439 - 441 - 442 - 447 - 448 - 449 - 450 - 451 - 453 - 454 - 455 - 456 - 458 - 459 - 460 - 461 - 462 - 465 - 466 - 467 - 469 - 470 - 472 - 474 - 477 - 478 - 479 - 482 - 488 - 489 - 492 - 495 - 499,567639.0,3.5,91152,99200,158.41,Cost: 91152 & Capacity: 99200
2 - 7 - 8 - 11 - 13 - 17 - 21 - 24 - 25 - 34 - 39 - 40 - 45 - 46 - 53 - 54 - 57 - 64 - 65 - 67 - 72 - 81 - 83 - 84 - 91 - 93 - 94 - 95 - 97 - 109 - 111 - 113 - 115 - 117 - 119 - 123 - 124 - 132 - 136 - 138 - 144 - 145 - 146 - 147 - 148 - 149 - 150 - 152 - 158 - 160 - 162 - 169 - 171 - 174 - 176 - 180 - 185 - 187 - 188 - 190 - 191 - 195 - 198 - 200 - 201 - 204 - 205 - 206 - 208 - 209 - 212 - 214 - 215 - 216 - 222 - 224 - 225 - 227 - 234 - 237 - 239 - 248 - 250 - 255 - 259 - 260 - 264 - 265 - 266 - 274 - 282 - 283 - 287 - 291 - 300 - 307 - 310 - 313 - 317 - 320 - 326 - 331 - 338 - 343 - 346 - 347 - 348 - 349 - 350 - 355 - 360 - 361 - 364 - 365 - 367 - 376 - 379 - 381 - 384 - 386 - 388 - 389 - 395 - 396 - 398 - 400 - 401 - 404 - 411 - 412 - 413 - 417 - 418 - 420 - 425 - 427 - 433 - 437 - 439 - 452 - 459 - 472 - 474 - 479 - 480 - 482 - 483 - 484 - 486 - 488 - 489 - 492 - 497 - 498,166934.9,7.8,90562,74763,160.6,Cost: 90562 & Capacity: 74763
0 - 1 - 2 - 3 - 5 - 6 - 8 - 10 - 13 - 16 - 17 - 18 - 21 - 22 - 23 - 24 - 27 - 28 - 29 - 30 - 31 - 32 - 33 - 34 - 36 - 37 - 38 - 39 - 40 - 41 - 44 - 45 - 46 - 49 - 50 - 51 - 52 - 54 - 55 - 60 - 62 - 64 - 65 - 66 - 68 - 69 - 70 - 71 - 73 - 74 - 76 - 78 - 79 - 80 - 83 - 85 - 88 - 91 - 93 - 95 - 97 - 98 - 99 - 102 - 106 - 107 - 108 - 109 - 110 - 112 - 113 - 115 - 116 - 117 - 118 - 119 - 120 - 121 - 122 - 123 - 125 - 126 - 127 - 129 - 130 - 133 - 134 - 135 - 136 - 137 - 138 - 141 - 142 - 143 - 144 - 149 - 154 - 156 - 159 - 160 - 162 - 163 - 164 - 166 - 169 - 171 - 174 - 175 - 176 - 178 - 180 - 181 - 183 - 187 - 191 - 192 - 193 - 195 - 196 - 197 - 198 - 201 - 202 - 203 - 204 - 206 - 207 - 208 - 209 - 210 - 211 - 214 - 218 - 221 - 222 - 224 - 228 - 229 - 230 - 231 - 232 - 233 - 234 - 235 - 236 - 239 - 240 - 241 - 242 - 244 - 247 - 249 - 250 - 253 - 255 - 256 - 257 - 259 - 261 - 262 - 264 - 266 - 267 - 271 - 273 - 274 - 275 - 276 - 277 - 280 - 281 - 282 - 283 - 286 - 287 - 288 - 289 - 291 - 293 - 296 - 297 - 299 - 300 - 302 - 306 - 309 - 311 - 312 - 313 - 315 - 318 - 319 - 321 - 325 - 326 - 327 - 328 - 329 - 330 - 331 - 333 - 335 - 336 - 338 - 339 - 340 - 341 - 343 - 344 - 346 - 347 - 353 - 354 - 355 - 356 - 357 - 358 - 359 - 360 - 361 - 363 - 368 - 369 - 371 - 377 - 378 - 379 - 381 - 383 - 386 - 387 - 388 - 389 - 391 - 393 - 394 - 395 - 396 - 398 - 399 - 400 - 401 - 402 - 404 - 407 - 409 - 413 - 414 - 416 - 418 - 419 - 421 - 422 - 425 - 426 - 427 - 429 - 431 - 433 - 435 - 436 - 437 - 438 - 439 - 441 - 442 - 447 - 448 - 449 - 450 - 451 - 453 - 454 - 455 - 456 - 458 - 459 - 460 - 461 - 462 - 465 - 466 - 467 - 469 - 470 - 472 - 474 - 477 - 478 - 479 - 482 - 488 - 489 - 492 - 495 - 499,567639.0,3.5,91152,99200,161.84,Cost: 91152 & Capacity: 99200
0 - 1 - 2 - 3 - 5 - 6 - 8 - 10 - 13 - 16 - 17 - 18 - 21 - 22 - 23 - 24 - 27 - 28 - 29 - 30 - 31 - 32 - 33 - 34 - 36 - 37 - 38 - 39 - 40 - 41 - 44 - 45 - 46 - 49 - 50 - 51 - 52 - 54 - 55 - 60 - 62 - 64 - 65 - 66 - 68 - 69 - 70 - 71 - 73 - 74 - 76 - 78 - 79 - 80 - 83 - 85 - 88 - 91 - 93 - 95 - 97 - 98 - 99 - 102 - 106 - 107 - 108 - 109 - 110 - 112 - 113 - 115 - 116 - 117 - 118 - 119 - 120 - 121 - 122 - 123 - 125 - 126 - 127 - 129 - 130 - 133 - 134 - 135 - 136 - 137 - 138 - 141 - 142 - 143 - 144 - 149 - 154 - 156 - 159 - 160 - 162 - 163 - 164 - 166 - 169 - 171 - 174 - 175 - 176 - 178 - 180 - 181 - 183 - 187 - 191 - 192 - 193 - 195 - 196 - 197 - 198 - 201 - 202 - 203 - 204 - 206 - 207 - 208 - 209 - 210 - 211 - 214 - 218 - 221 - 222 - 224 - 228 - 229 - 230 - 231 - 232 - 233 - 234 - 235 - 236 - 239 - 240 - 241 - 242 - 244 - 247 - 249 - 250 - 253 - 255 - 256 - 257 - 259 - 261 - 262 - 264 - 266 - 267 - 271 - 273 - 274 - 275 - 276 - 277 - 280 - 281 - 282 - 283 - 286 - 287 - 288 - 289 - 291 - 293 - 296 - 297 - 299 - 300 - 302 - 306 - 309 - 311 - 312 - 313 - 315 - 318 - 319 - 321 - 325 - 326 - 327 - 328 - 329 - 330 - 331 - 333 - 335 - 336 - 338 - 339 - 340 - 341 - 343 - 344 - 346 - 347 - 353 - 354 - 355 - 356 - 357 - 358 - 359 - 360 - 361 - 363 - 368 - 369 - 371 - 377 - 378 - 379 - 381 - 383 - 386 - 387 - 388 - 389 - 391 - 393 - 394 - 395 - 396 - 398 - 399 - 400 - 401 - 402 - 404 - 407 - 409 - 413 - 414 - 416 - 418 - 419 - 421 - 422 - 425 - 426 - 427 - 429 - 431 - 433 - 435 - 436 - 437 - 438 - 439 - 441 - 442 - 447 - 448 - 449 - 450 - 451 - 453 - 454 - 455 - 456 - 458 - 459 - 460 - 461 - 462 - 465 - 466 - 467 - 469 - 470 - 472 - 474 - 477 - 478 - 479 - 482 - 488 - 489 - 492 - 495 - 499,567639.0,3.5,91152,99200,161.88,Cost: 91152 & Capacity: 99200
2 - 3 - 4 - 6 - 8 - 11 - 13 - 16 - 17 - 21 - 22 - 23 - 24 - 25 - 27 - 30 - 34 - 36 - 37 - 38 - 40 - 41 - 45 - 46 - 49 - 50 - 52 - 55 - 59 - 64 - 65 - 67 - 70 - 73 - 75 - 76 - 80 - 82 - 84 - 88 - 93 - 94 - 97 - 98 - 99 - 101 - 102 - 108 - 109 - 110 - 115 - 118 - 119 - 122 - 123 - 125 - 126 - 127 - 129 - 130 - 133 - 134 - 135 - 136 - 137 - 142 - 144 - 145 - 146 - 147 - 149 - 156 - 157 - 158 - 159 - 162 - 163 - 164 - 166 - 169 - 171 - 174 - 175 - 176 - 180 - 182 - 187 - 189 - 191 - 192 - 193 - 195 - 199 - 201 - 203 - 204 - 206 - 207 - 209 - 211 - 212 - 214 - 222 - 224 - 228 - 229 - 230 - 231 - 232 - 233 - 234 - 237 - 239 - 240 - 241 - 242 - 244 - 248 - 250 - 253 - 254 - 255 - 256 - 257 - 259 - 262 - 264 - 270 - 271 - 273 - 275 - 276 - 277 - 282 - 283 - 285 - 287 - 289 - 291 - 292 - 296 - 297 - 309 - 310 - 312 - 313 - 317 - 320 - 321 - 325 - 326 - 327 - 330 - 331 - 335 - 338 - 339 - 340 - 343 - 346 - 347 - 350 - 353 - 354 - 355 - 357 - 359 - 360 - 363 - 368 - 369 - 371 - 375 - 378 - 379 - 381 - 386 - 387 - 389 - 390 - 392 - 393 - 395 - 396 - 398 - 399 - 400 - 402 - 404 - 406 - 407 - 412 - 413 - 416 - 418 - 421 - 425 - 427 - 429 - 430 - 431 - 433 - 435 - 437 - 439 - 442 - 448 - 449 - 450 - 451 - 453 - 454 - 457 - 459 - 460 - 461 - 462 - 465 - 467 - 469 - 472 - 473 - 474 - 476 - 478 - 479 - 482 - 485 - 487 - 488 - 492 - 497 - 498,367062.2,6.3,91177,89420,162.55,Cost: 91177 & Capacity: 89420
0 - 1 - 2 - 3 - 5 - 6 - 8 - 10 - 13 - 16 - 17 - 18 - 21 - 22 - 23 - 24 - 27 - 28 - 29 - 30 - 31 - 32 - 33 - 34 - 36 - 37 - 38 - 39 - 40 - 41 - 44 - 45 - 46 - 49 - 50 - 51 - 52 - 54 - 55 - 60 - 62 - 64 - 65 - 66 - 68 - 69 - 70 - 71 - 73 - 74 - 76 - 78 - 79 - 80 - 83 - 85 - 88 - 91 - 93 - 95 - 97 - 98 - 99 - 102 - 106 - 107 - 108 - 109 - 110 - 112 - 113 - 115 - 116 - 117 - 118 - 119 - 120 - 121 - 122 - 123 - 125 - 126 - 127 - 129 - 130 - 133 - 134 - 135 - 136 - 137 - 138 - 141 - 142 - 143 - 144 - 149 - 154 - 156 - 159 - 160 - 162 - 163 - 164 - 166 - 169 - 171 - 174 - 175 - 176 - 178 - 180 - 181 - 183 - 187 - 191 - 192 - 193 - 195 - 196 - 197 - 198 - 201 - 202 - 203 - 204 - 206 - 207 - 208 - 209 - 210 - 211 - 214 - 218 - 221 - 222 - 224 - 228 - 229 - 230 - 231 - 232 - 233 - 234 - 235 - 236 - 239 - 240 - 241 - 242 - 244 - 247 - 249 - 250 - 253 - 255 - 256 - 257 - 259 - 261 - 262 - 264 - 266 - 267 - 271 - 273 - 274 - 275 - 276 - 277 - 280 - 281 - 282 - 283 - 286 - 287 - 288 - 289 - 291 - 293 - 296 - 297 - 299 - 300 - 302 - 306 - 309 - 311 - 312 - 313 - 315 - 318 - 319 - 321 - 325 - 326 - 327 - 328 - 329 - 330 - 331 - 333 - 335 - 336 - 338 - 339 - 340 - 341 - 343 - 344 - 346 - 347 - 353 - 354 - 355 - 356 - 357 - 358 - 359 - 360 - 361 - 363 - 368 - 369 - 371 - 377 - 378 - 379 - 381 - 383 - 386 - 387 - 388 - 389 - 391 - 393 - 394 - 395 - 396 - 398 - 399 - 400 - 401 - 402 - 404 - 407 - 409 - 413 - 414 - 416 - 418 - 419 - 421 - 422 - 425 - 426 - 427 - 429 - 431 - 433 - 435 - 436 - 437 - 438 - 439 - 441 - 442 - 447 - 448 - 449 - 450 - 451 - 453 - 454 - 455 - 456 - 458 - 459 - 460 - 461 - 462 - 465 - 466 - 467 - 469 - 470 - 472 - 474 - 477 - 478 - 479 - 482 - 488 - 489 - 492 - 495 - 499,567639.0,3.5,91152,99200,165.03,Cost: 91152 & Capacity: 99200
0 - 1 - 2 - 3 - 5 - 6 - 8 - 10 - 13 - 16 - 17 - 18 - 21 - 22 - 23 - 24 - 27 - 28 - 29 - 30 - 31 - 32 - 33 - 34 - 36 - 37 - 38 - 39 - 40 - 41 - 44 - 45 - 46 - 49 - 50 - 51 - 52 - 54 - 55 - 60 - 62 - 64 - 65 - 66 - 68 - 69 - 70 - 71 - 73 - 74 - 76 - 78 - 79 - 80 - 83 - 85 - 88 - 91 - 93 - 95 - 97 - 98 - 99 - 102 - 106 - 107 - 108 - 109 - 110 - 112 - 113 - 115 - 116 - 117 - 118 - 119 - 120 - 121 - 122 - 123 - 125 - 126 - 127 - 129 - 130 - 133 - 134 - 135 - 136 - 137 - 138 - 141 - 142 - 143 - 144 - 149 - 154 - 156 - 159 - 160 - 162 - 163 - 164 - 166 - 169 - 171 - 174 - 175 - 176 - 178 - 180 - 181 - 183 - 187 - 191 - 192 - 193 - 195 - 196 - 197 - 198 - 201 - 202 - 203 - 204 - 206 - 207 - 208 - 209 - 210 - 211 - 214 - 218 - 221 - 222 - 224 - 228 - 229 - 230 - 231 - 232 - 233 - 234 - 235 - 236 - 239 - 240 - 241 - 242 - 244 - 247 - 249 - 250 - 253 - 255 - 256 - 257 - 259 - 261 - 262 - 264 - 266 - 267 - 271 - 273 - 274 - 275 - 276 - 277 - 280 - 281 - 282 - 283 - 286 - 287 - 288 - 289 - 291 - 293 - 296 - 297 - 299 - 300 - 302 - 306 - 309 - 311 - 312 - 313 - 315 - 318 - 319 - 321 - 325 - 326 - 327 - 328 - 329 - 330 - 331 - 333 - 335 - 336 - 338 - 339 - 340 - 341 - 343 - 344 - 346 - 347 - 353 - 354 - 355 - 356 - 357 - 358 - 359 - 360 - 361 - 363 - 368 - 369 - 371 - 377 - 378 - 379 - 381 - 383 - 386 - 387 - 388 - 389 - 391 - 393 - 394 - 395 - 396 - 398 - 399 - 400 - 401 - 402 - 404 - 407 - 409 - 413 - 414 - 416 - 418 - 419 - 421 - 422 - 425 - 426 - 427 - 429 - 431 - 433 - 435 - 436 - 437 - 438 - 439 - 441 - 442 - 447 - 448 - 449 - 450 - 451 - 453 - 454 - 455 - 456 - 458 - 459 - 460 - 461 - 462 - 465 - 466 - 467 - 469 - 470 - 472 - 474 - 477 - 478 - 479 - 482 - 488 - 489 - 492 - 495 - 499,567639.0,3.5,91152,99200,165.5,Cost: 91152 & Capacity: 99200
0 - 1 - 2 - 3 - 5 - 6 - 8 - 10 - 13 - 16 - 17 - 18 - 21 - 22 - 23 - 24 - 27 - 28 - 29 - 30 - 31 - 32 - 33 - 34 - 36 - 37 - 38 - 39 - 40 - 41 - 44 - 45 - 46 - 49 - 50 - 51 - 52 - 54 - 55 - 60 - 62 - 64 - 65 - 66 - 68 - 69 - 70 - 71 - 73 - 74 - 76 - 78 - 79 - 80 - 83 - 85 - 88 - 91 - 93 - 95 - 97 - 98 - 99 - 102 - 106 - 107 - 108 - 109 - 110 - 112 - 113 - 115 - 116 - 117 - 118 - 119 - 120 - 121 - 122 - 123 - 125 - 126 - 127 - 129 - 130 - 133 - 134 - 135 - 136 - 137 - 138 - 141 - 142 - 143 - 144 - 149 - 154 - 156 - 159 - 160 - 162 - 163 - 164 - 166 - 169 - 171 - 174 - 175 - 176 - 178 - 180 - 181 - 183 - 187 - 191 - 192 - 193 - 195 - 196 - 197 - 198 - 201 - 202 - 203 - 204 - 206 - 207 - 208 - 209 - 210 - 211 - 214 - 218 - 221 - 222 - 224 - 228 - 229 - 230 - 231 - 232 - 233 - 234 - 235 - 236 - 239 - 240 - 241 - 242 - 244 - 247 - 249 - 250 - 253 - 255 - 256 - 257 - 259 - 261 - 262 - 264 - 266 - 267 - 271 - 273 - 274 - 275 - 276 - 277 - 280 - 281 - 282 - 283 - 286 - 287 - 288 - 289 - 291 - 293 - 296 - 297 - 299 - 300 - 302 - 306 - 309 - 311 - 312 - 313 - 315 - 318 - 319 - 321 - 325 - 326 - 327 - 328 - 329 - 330 - 331 - 333 - 335 - 336 - 338 - 339 - 340 - 341 - 343 - 344 - 346 - 347 - 353 - 354 - 355 - 356 - 357 - 358 - 359 - 360 - 361 - 363 - 368 - 369 - 371 - 377 - 378 - 379 - 381 - 383 - 386 - 387 - 388 - 389 - 391 - 393 - 394 - 395 - 396 - 398 - 399 - 400 - 401 - 402 - 404 - 407 - 409 - 413 - 414 - 416 - 418 - 419 - 421 - 422 - 425 - 426 - 427 - 429 - 431 - 433 - 435 - 436 - 437 - 438 - 439 - 441 - 442 - 447 - 448 - 449 - 450 - 451 - 453 - 454 - 455 - 456 - 458 - 459 - 460 - 461 - 462 - 465 - 466 - 467 - 469 - 470 - 472 - 474 - 477 - 478 - 479 - 482 - 488 - 489 - 492 - 495 - 499,567639.0,3.5,91152,99200,167.07,Cost: 91152 & Capacity: 99200
0 - 1 - 2 - 3 - 5 - 6 - 8 - 10 - 13 - 16 - 17 - 18 - 21 - 22 - 23 - 24 - 27 - 28 - 29 - 30 - 31 - 32 - 33 - 34 - 36 - 37 - 38 - 39 - 40 - 41 - 44 - 45 - 46 - 49 - 50 - 51 - 52 - 54 - 55 - 60 - 62 - 64 - 65 - 66 - 68 - 69 - 70 - 71 - 73 - 74 - 76 - 78 - 79 - 80 - 83 - 85 - 88 - 91 - 93 - 95 - 97 - 98 - 99 - 102 - 106 - 107 - 108 - 109 - 110 - 112 - 113 - 115 - 116 - 117 - 118 - 119 - 120 - 121 - 122 - 123 - 125 - 126 - 127 - 129 - 130 - 133 - 134 - 135 - 136 - 137 - 138 - 141 - 142 - 143 - 144 - 149 - 154 - 156 - 159 - 160 - 162 - 163 - 164 - 166 - 169 - 171 - 174 - 175 - 176 - 178 - 180 - 181 - 183 - 187 - 191 - 192 - 193 - 195 - 196 - 197 - 198 - 201 - 202 - 203 - 204 - 206 - 207 - 208 - 209 - 210 - 211 - 214 - 218 - 221 - 222 - 224 - 228 - 229 - 230 - 231 - 232 - 233 - 234 - 235 - 236 - 239 - 240 - 241 - 242 - 244 - 247 - 249 - 250 - 253 - 255 - 256 - 257 - 259 - 261 - 262 - 264 - 266 - 267 - 271 - 273 - 274 - 275 - 276 - 277 - 280 - 281 - 282 - 283 - 286 - 287 - 288 - 289 - 291 - 293 - 296 - 297 - 299 - 300 - 302 - 306 - 309 - 311 - 312 - 313 - 315 - 318 - 319 - 321 - 325 - 326 - 327 - 328 - 329 - 330 - 331 - 333 - 335 - 336 - 338 - 339 - 340 - 341 - 343 - 344 - 346 - 347 - 353 - 354 - 355 - 356 - 357 - 358 - 359 - 360 - 361 - 363 - 368 - 369 - 371 - 377 - 378 - 379 - 381 - 383 - 386 - 387 - 388 - 389 - 391 - 393 - 394 - 395 - 396 - 398 - 399 - 400 - 401 - 402 - 404 - 407 - 409 - 413 - 414 - 416 - 418 - 419 - 421 - 422 - 425 - 426 - 427 - 429 - 431 - 433 - 435 - 436 - 437 - 438 - 439 - 441 - 442 - 447 - 448 - 449 - 450 - 451 - 453 - 454 - 455 - 456 - 458 - 459 - 460 - 461 - 462 - 465 - 466 - 467 - 469 - 470 - 472 - 474 - 477 - 478 - 479 - 482 - 488 - 489 - 492 - 495 - 499,567639.0,3.5,91152,99200,168.52,Cost: 91152 & Capacity: 99200
0 - 1 - 2 - 3 - 5 - 6 - 8 - 10 - 13 - 16 - 17 - 18 - 21 - 22 - 23 - 24 - 27 - 28 - 29 - 30 - 31 - 32 - 33 - 34 - 36 - 37 - 38 - 39 - 40 - 41 - 44 - 45 - 46 - 49 - 50 - 51 - 52 - 54 - 55 - 60 - 62 - 64 - 65 - 66 - 68 - 69 - 70 - 71 - 73 - 74 - 76 - 78 - 79 - 80 - 83 - 85 - 88 - 91 - 93 - 95 - 97 - 98 - 99 - 102 - 106 - 107 - 108 - 109 - 110 - 112 - 113 - 115 - 116 - 117 - 118 - 119 - 120 - 121 - 122 - 123 - 125 - 126 - 127 - 129 - 130 - 133 - 134 - 135 - 136 - 137 - 138 - 141 - 142 - 143 - 144 - 149 - 154 - 156 - 159 - 160 - 162 - 163 - 164 - 166 - 169 - 171 - 174 - 175 - 176 - 178 - 180 - 181 - 183 - 187 - 191 - 192 - 193 - 195 - 196 - 197 - 198 - 201 - 202 - 203 - 204 - 206 - 207 - 208 - 209 - 210 - 211 - 214 - 218 - 221 - 222 - 224 - 228 - 229 - 230 - 231 - 232 - 233 - 234 - 235 - 236 - 239 - 240 - 241 - 242 - 244 - 247 - 249 - 250 - 253 - 255 - 256 - 257 - 259 - 261 - 262 - 264 - 266 - 267 - 271 - 273 - 274 - 275 - 276 - 277 - 280 - 281 - 282 - 283 - 286 - 287 - 288 - 289 - 291 - 293 - 296 - 297 - 299 - 300 - 302 - 306 - 309 - 311 - 312 - 313 - 315 - 318 - 319 - 321 - 325 - 326 - 327 - 328 - 329 - 330 - 331 - 333 - 335 - 336 - 338 - 339 - 340 - 341 - 343 - 344 - 346 - 347 - 353 - 354 - 355 - 356 - 357 - 358 - 359 - 360 - 361 - 363 - 368 - 369 - 371 - 377 - 378 - 379 - 381 - 383 - 386 - 387 - 388 - 389 - 391 - 393 - 394 - 395 - 396 - 398 - 399 - 400 - 401 - 402 - 404 - 407 - 409 - 413 - 414 - 416 - 418 - 419 - 421 - 422 - 425 - 426 - 427 - 429 - 431 - 433 - 435 - 436 - 437 - 438 - 439 - 441 - 442 - 447 - 448 - 449 - 450 - 451 - 453 - 454 - 455 - 456 - 458 - 459 - 460 - 461 - 462 - 465 - 466 - 467 - 469 - 470 - 472 - 474 - 477 - 478 - 479 - 482 - 488 - 489 - 492 - 495 - 499,567639.0,3.5,91152,99200,168.56,Cost: 91152 & Capacity: 99200
2 - 3 - 6 - 8 - 11 - 13 - 16 - 17 - 19 - 21 - 22 - 23 - 24 - 25 - 27 - 30 - 34 - 36 - 37 - 38 - 40 - 41 - 45 - 46 - 49 - 50 - 52 - 55 - 64 - 65 - 66 - 67 - 70 - 73 - 75 - 76 - 79 - 80 - 84 - 88 - 91 - 93 - 94 - 95 - 97 - 98 - 99 - 101 - 102 - 106 - 107 - 108 - 109 - 110 - 112 - 113 - 115 - 116 - 118 - 119 - 121 - 122 - 123 - 125 - 126 - 127 - 130 - 133 - 134 - 136 - 138 - 141 - 142 - 143 - 144 - 145 - 146 - 147 - 149 - 154 - 156 - 157 - 159 - 163 - 166 - 169 - 171 - 174 - 175 - 176 - 179 - 180 - 182 - 187 - 191 - 192 - 193 - 195 - 198 - 201 - 203 - 204 - 206 - 207 - 208 - 209 - 211 - 212 - 214 - 221 - 222 - 224 - 228 - 229 - 230 - 231 - 233 - 234 - 235 - 236 - 237 - 239 - 240 - 242 - 244 - 248 - 249 - 250 - 255 - 256 - 259 - 262 - 264 - 267 - 270 - 271 - 273 - 274 - 275 - 276 - 277 - 281 - 282 - 283 - 285 - 287 - 288 - 289 - 291 - 292 - 293 - 297 - 309 - 312 - 313 - 315 - 317 - 319 - 320 - 321 - 325 - 326 - 327 - 328 - 330 - 331 - 333 - 335 - 336 - 338 - 339 - 340 - 343 - 346 - 347 - 350 - 353 - 355 - 356 - 357 - 360 - 361 - 363 - 368 - 369 - 375 - 378 - 379 - 381 - 383 - 386 - 387 - 388 - 389 - 391 - 393 - 395 - 396 - 398 - 399 - 400 - 401 - 402 - 404 - 407 - 412 - 413 - 416 - 418 - 419 - 421 - 422 - 425 - 427 - 431 - 433 - 435 - 437 - 439 - 445 - 448 - 449 - 450 - 451 - 453 - 459 - 460 - 462 - 465 - 466 - 467 - 469 - 471 - 472 - 473 - 474 - 476 - 478 - 479 - 482 - 485 - 487 - 488 - 492 - 497 - 498,406597.3,6.0,91169,90029,169.96,Cost: 91169 & Capacity: 90029
0 - 1 - 2 - 3 - 5 - 6 - 8 - 10 - 13 - 16 - 17 - 18 - 21 - 22 - 23 - 24 - 27 - 28 - 29 - 30 - 31 - 32 - 33 - 34 - 36 - 37 - 38 - 39 - 40 - 41 - 44 - 45 - 46 - 49 - 50 - 51 - 52 - 54 - 55 - 60 - 62 - 64 - 65 - 66 - 68 - 69 - 70 - 71 - 73 - 74 - 76 - 78 - 79 - 80 - 83 - 85 - 88 - 91 - 93 - 95 - 97 - 98 - 99 - 102 - 106 - 107 - 108 - 109 - 110 - 112 - 113 - 115 - 116 - 117 - 118 - 119 - 120 - 121 - 122 - 123 - 125 - 126 - 127 - 129 - 130 - 133 - 134 - 135 - 136 - 137 - 138 - 141 - 142 - 143 - 144 - 149 - 154 - 156 - 159 - 160 - 162 - 163 - 164 - 166 - 169 - 171 - 174 - 175 - 176 - 178 - 180 - 181 - 183 - 187 - 191 - 192 - 193 - 195 - 196 - 197 - 198 - 201 - 202 - 203 - 204 - 206 - 207 - 208 - 209 - 210 - 211 - 214 - 218 - 221 - 222 - 224 - 228 - 229 - 230 - 231 - 232 - 233 - 234 - 235 - 236 - 239 - 240 - 241 - 242 - 244 - 247 - 249 - 250 - 253 - 255 - 256 - 257 - 259 - 261 - 262 - 264 - 266 - 267 - 271 - 273 - 274 - 275 - 276 - 277 - 280 - 281 - 282 - 283 - 286 - 287 - 288 - 289 - 291 - 293 - 296 - 297 - 299 - 300 - 302 - 306 - 309 - 311 - 312 - 313 - 315 - 318 - 319 - 321 - 325 - 326 - 327 - 328 - 329 - 330 - 331 - 333 - 335 - 336 - 338 - 339 - 340 - 341 - 343 - 344 - 346 - 347 - 353 - 354 - 355 - 356 - 357 - 358 - 359 - 360 - 361 - 363 - 368 - 369 - 371 - 377 - 378 - 379 - 381 - 383 - 386 - 387 - 388 - 389 - 391 - 393 - 394 - 395 - 396 - 398 - 399 - 400 - 401 - 402 - 404 - 407 - 409 - 413 - 414 - 416 - 418 - 419 - 421 - 422 - 425 - 426 - 427 - 429 - 431 - 433 - 435 - 436 - 437 - 438 - 439 - 441 - 442 - 447 - 448 - 449 - 450 - 451 - 453 - 454 - 455 - 456 - 458 - 459 - 460 - 461 - 462 - 465 - 466 - 467 - 469 - 470 - 472 - 474 - 477 - 478 - 479 - 482 - 488 - 489 - 492 - 495 - 499,567639.0,3.5,91152,99200,177.03,Cost: 91152 & Capacity: 99200
0 - 1 - 2 - 3 - 5 - 6 - 8 - 10 - 13 - 16 - 17 - 18 - 21 - 22 - 23 - 24 - 27 - 28 - 29 - 30 - 31 - 32 - 33 - 34 - 36 - 37 - 38 - 39 - 40 - 41 - 44 - 45 - 46 - 49 - 50 - 51 - 52 - 54 - 55 - 60 - 62 - 64 - 65 - 66 - 68 - 69 - 70 - 71 - 73 - 74 - 76 - 78 - 79 - 80 - 83 - 85 - 88 - 91 - 93 - 95 - 97 - 98 - 99 - 102 - 106 - 107 - 108 - 109 - 110 - 112 - 113 - 115 - 116 - 117 - 118 - 119 - 120 - 121 - 122 - 123 - 125 - 126 - 127 - 129 - 130 - 133 - 134 - 135 - 136 - 137 - 138 - 141 - 142 - 143 - 144 - 149 - 154 - 156 - 159 - 160 - 162 - 163 - 164 - 166 - 169 - 171 - 174 - 175 - 176 - 178 - 180 - 181 - 183 - 187 - 191 - 192 - 193 - 195 - 196 - 197 - 198 - 201 - 202 - 203 - 204 - 206 - 207 - 208 - 209 - 210 - 211 - 214 - 218 - 221 - 222 - 224 - 228 - 229 - 230 - 231 - 232 - 233 - 234 - 235 - 236 - 239 - 240 - 241 - 242 - 244 - 247 - 249 - 250 - 253 - 255 - 256 - 257 - 259 - 261 - 262 - 264 - 266 - 267 - 271 - 273 - 274 - 275 - 276 - 277 - 280 - 281 - 282 - 283 - 286 - 287 - 288 - 289 - 291 - 293 - 296 - 297 - 299 - 300 - 302 - 306 - 309 - 311 - 312 - 313 - 315 - 318 - 319 - 321 - 325 - 326 - 327 - 328 - 329 - 330 - 331 - 333 - 335 - 336 - 338 - 339 - 340 - 341 - 343 - 344 - 346 - 347 - 353 - 354 - 355 - 356 - 357 - 358 - 359 - 360 - 361 - 363 - 368 - 369 - 371 - 377 - 378 - 379 - 381 - 383 - 386 - 387 - 388 - 389 - 391 - 393 - 394 - 395 - 396 - 398 - 399 - 400 - 401 - 402 - 404 - 407 - 409 - 413 - 414 - 416 - 418 - 419 - 421 - 422 - 425 - 426 - 427 - 429 - 431 - 433 - 435 - 436 - 437 - 438 - 439 - 441 - 442 - 447 - 448 - 449 - 450 - 451 - 453 - 454 - 455 - 456 - 458 - 459 - 460 - 461 - 462 - 465 - 466 - 467 - 469 - 470 - 472 - 474 - 477 - 478 - 479 - 482 - 488 - 489 - 492 - 495 - 499,567639.0,3.5,91152,99200,177.24,Cost: 91152 & Capacity: 99200
0 - 1 - 2 - 3 - 5 - 6 - 8 - 10 - 13 - 16 - 17 - 18 - 21 - 22 - 23 - 24 - 27 - 28 - 29 - 30 - 31 - 32 - 33 - 34 - 36 - 37 - 38 - 39 - 40 - 41 - 44 - 45 - 46 - 49 - 50 - 51 - 52 - 54 - 55 - 60 - 62 - 64 - 65 - 66 - 68 - 69 - 70 - 71 - 73 - 74 - 76 - 78 - 79 - 80 - 83 - 85 - 88 - 91 - 93 - 95 - 97 - 98 - 99 - 102 - 106 - 107 - 108 - 109 - 110 - 112 - 113 - 115 - 116 - 117 - 118 - 119 - 120 - 121 - 122 - 123 - 125 - 126 - 127 - 129 - 130 - 133 - 134 - 135 - 136 - 137 - 138 - 141 - 142 - 143 - 144 - 149 - 154 - 156 - 159 - 160 - 162 - 163 - 164 - 166 - 169 - 171 - 174 - 175 - 176 - 178 - 180 - 181 - 183 - 187 - 191 - 192 - 193 - 195 - 196 - 197 - 198 - 201 - 202 - 203 - 204 - 206 - 207 - 208 - 209 - 210 - 211 - 214 - 218 - 221 - 222 - 224 - 228 - 229 - 230 - 231 - 232 - 233 - 234 - 235 - 236 - 239 - 240 - 241 - 242 - 244 - 247 - 249 - 250 - 253 - 255 - 256 - 257 - 259 - 261 - 262 - 264 - 266 - 267 - 271 - 273 - 274 - 275 - 276 - 277 - 280 - 281 - 282 - 283 - 286 - 287 - 288 - 289 - 291 - 293 - 296 - 297 - 299 - 300 - 302 - 306 - 309 - 311 - 312 - 313 - 315 - 318 - 319 - 321 - 325 - 326 - 327 - 328 - 329 - 330 - 331 - 333 - 335 - 336 - 338 - 339 - 340 - 341 - 343 - 344 - 346 - 347 - 353 - 354 - 355 - 356 - 357 - 358 - 359 - 360 - 361 - 363 - 368 - 369 - 371 - 377 - 378 - 379 - 381 - 383 - 386 - 387 - 388 - 389 - 391 - 393 - 394 - 395 - 396 - 398 - 399 - 400 - 401 - 402 - 404 - 407 - 409 - 413 - 414 - 416 - 418 - 419 - 421 - 422 - 425 - 426 - 427 - 429 - 431 - 433 - 435 - 436 - 437 - 438 - 439 - 441 - 442 - 447 - 448 - 449 - 450 - 451 - 453 - 454 - 455 - 456 - 458 - 459 - 460 - 461 - 462 - 465 - 466 - 467 - 469 - 470 - 472 - 474 - 477 - 478 - 479 - 482 - 488 - 489 - 492 - 495 - 499,567639.0,3.5,91152,99200,178.34,Cost: 91152 & Capacity: 99200
0 - 1 - 2 - 3 - 5 - 6 - 8 - 10 - 13 - 16 - 17 - 18 - 21 - 22 - 23 - 24 - 27 - 28 - 29 - 30 - 31 - 32 - 33 - 34 - 36 - 37 - 38 - 39 - 40 - 41 - 44 - 45 - 46 - 49 - 50 - 51 - 52 - 54 - 55 - 60 - 62 - 64 - 65 - 66 - 68 - 69 - 70 - 71 - 73 - 74 - 76 - 78 - 79 - 80 - 83 - 85 - 88 - 91 - 93 - 95 - 97 - 98 - 99 - 102 - 106 - 107 - 108 - 109 - 110 - 112 - 113 - 115 - 116 - 117 - 118 - 119 - 120 - 121 - 122 - 123 - 125 - 126 - 127 - 129 - 130 - 133 - 134 - 135 - 136 - 137 - 138 - 141 - 142 - 143 - 144 - 149 - 154 - 156 - 159 - 160 - 162 - 163 - 164 - 166 - 169 - 171 - 174 - 175 - 176 - 178 - 180 - 181 - 183 - 187 - 191 - 192 - 193 - 195 - 196 - 197 - 198 - 201 - 202 - 203 - 204 - 206 - 207 - 208 - 209 - 210 - 211 - 214 - 218 - 221 - 222 - 224 - 228 - 229 - 230 - 231 - 232 - 233 - 234 - 235 - 236 - 239 - 240 - 241 - 242 - 244 - 247 - 249 - 250 - 253 - 255 - 256 - 257 - 259 - 261 - 262 - 264 - 266 - 267 - 271 - 273 - 274 - 275 - 276 - 277 - 280 - 281 - 282 - 283 - 286 - 287 - 288 - 289 - 291 - 293 - 296 - 297 - 299 - 300 - 302 - 306 - 309 - 311 - 312 - 313 - 315 - 318 - 319 - 321 - 325 - 326 - 327 - 328 - 329 - 330 - 331 - 333 - 335 - 336 - 338 - 339 - 340 - 341 - 343 - 344 - 346 - 347 - 353 - 354 - 355 - 356 - 357 - 358 - 359 - 360 - 361 - 363 - 368 - 369 - 371 - 377 - 378 - 379 - 381 - 383 - 386 - 387 - 388 - 389 - 391 - 393 - 394 - 395 - 396 - 398 - 399 - 400 - 401 - 402 - 404 - 407 - 409 - 413 - 414 - 416 - 418 - 419 - 421 - 422 - 425 - 426 - 427 - 429 - 431 - 433 - 435 - 436 - 437 - 438 - 439 - 441 - 442 - 447 - 448 - 449 - 450 - 451 - 453 - 454 - 455 - 456 - 458 - 459 - 460 - 461 - 462 - 465 - 466 - 467 - 469 - 470 - 472 - 474 - 477 - 478 - 479 - 482 - 488 - 489 - 492 - 495 - 499,567639.0,3.5,91152,99200,179.6,Cost: 91152 & Capacity: 99200
0 - 1 - 2 - 3 - 5 - 6 - 8 - 10 - 13 - 16 - 17 - 18 - 21 - 22 - 23 - 24 - 27 - 28 - 29 - 30 - 31 - 32 - 33 - 34 - 36 - 37 - 38 - 39 - 40 - 41 - 44 - 45 - 46 - 49 - 50 - 51 - 52 - 54 - 55 - 60 - 62 - 64 - 65 - 66 - 68 - 69 - 70 - 71 - 73 - 74 - 76 - 78 - 79 - 80 - 83 - 85 - 88 - 91 - 93 - 95 - 97 - 98 - 99 - 102 - 106 - 107 - 108 - 109 - 110 - 112 - 113 - 115 - 116 - 117 - 118 - 119 - 120 - 121 - 122 - 123 - 125 - 126 - 127 - 129 - 130 - 133 - 134 - 135 - 136 - 137 - 138 - 141 - 142 - 143 - 144 - 149 - 154 - 156 - 159 - 160 - 162 - 163 - 164 - 166 - 169 - 171 - 174 - 175 - 176 - 178 - 180 - 181 - 183 - 187 - 191 - 192 - 193 - 195 - 196 - 197 - 198 - 201 - 202 - 203 - 204 - 206 - 207 - 208 - 209 - 210 - 211 - 214 - 218 - 221 - 222 - 224 - 228 - 229 - 230 - 231 - 232 - 233 - 234 - 235 - 236 - 239 - 240 - 241 - 242 - 244 - 247 - 249 - 250 - 253 - 255 - 256 - 257 - 259 - 261 - 262 - 264 - 266 - 267 - 271 - 273 - 274 - 275 - 276 - 277 - 280 - 281 - 282 - 283 - 286 - 287 - 288 - 289 - 291 - 293 - 296 - 297 - 299 - 300 - 302 - 306 - 309 - 311 - 312 - 313 - 315 - 318 - 319 - 321 - 325 - 326 - 327 - 328 - 329 - 330 - 331 - 333 - 335 - 336 - 338 - 339 - 340 - 341 - 343 - 344 - 346 - 347 - 353 - 354 - 355 - 356 - 357 - 358 - 359 - 360 - 361 - 363 - 368 - 369 - 371 - 377 - 378 - 379 - 381 - 383 - 386 - 387 - 388 - 389 - 391 - 393 - 394 - 395 - 396 - 398 - 399 - 400 - 401 - 402 - 404 - 407 - 409 - 413 - 414 - 416 - 418 - 419 - 421 - 422 - 425 - 426 - 427 - 429 - 431 - 433 - 435 - 436 - 437 - 438 - 439 - 441 - 442 - 447 - 448 - 449 - 450 - 451 - 453 - 454 - 455 - 456 - 458 - 459 - 460 - 461 - 462 - 465 - 466 - 467 - 469 - 470 - 472 - 474 - 477 - 478 - 479 - 482 - 488 - 489 - 492 - 495 - 499,567639.0,3.5,91152,99200,181.72,Cost: 91152 & Capacity: 99200
0 - 1 - 2 - 3 - 5 - 6 - 8 - 10 - 13 - 16 - 17 - 18 - 21 - 22 - 23 - 24 - 27 - 28 - 29 - 30 - 31 - 32 - 33 - 34 - 36 - 37 - 38 - 39 - 40 - 41 - 45 - 46 - 49 - 50 - 51 - 52 - 54 - 55 - 60 - 62 - 64 - 65 - 66 - 68 - 69 - 70 - 71 - 73 - 74 - 76 - 78 - 79 - 80 - 83 - 85 - 88 - 91 - 93 - 95 - 97 - 98 - 99 - 102 - 106 - 107 - 108 - 109 - 110 - 112 - 113 - 115 - 116 - 117 - 118 - 119 - 120 - 121 - 122 - 123 - 125 - 126 - 127 - 129 - 130 - 133 - 134 - 135 - 136 - 137 - 138 - 141 - 142 - 143 - 144 - 149 - 154 - 156 - 159 - 160 - 162 - 163 - 164 - 166 - 169 - 171 - 174 - 175 - 176 - 178 - 180 - 181 - 183 - 187 - 191 - 192 - 193 - 195 - 196 - 197 - 198 - 201 - 202 - 203 - 204 - 206 - 207 - 208 - 209 - 210 - 211 - 214 - 218 - 221 - 222 - 224 - 228 - 229 - 230 - 231 - 232 - 233 - 234 - 235 - 236 - 239 - 240 - 241 - 242 - 244 - 247 - 249 - 250 - 253 - 255 - 256 - 257 - 259 - 261 - 262 - 264 - 266 - 267 - 271 - 273 - 274 - 275 - 276 - 277 - 280 - 281 - 282 - 283 - 286 - 287 - 288 - 289 - 291 - 293 - 296 - 297 - 299 - 300 - 302 - 306 - 309 - 311 - 312 - 313 - 315 - 318 - 319 - 321 - 325 - 326 - 327 - 328 - 329 - 330 - 331 - 333 - 335 - 336 - 338 - 339 - 340 - 341 - 343 - 344 - 346 - 347 - 353 - 354 - 355 - 356 - 357 - 358 - 359 - 360 - 361 - 363 - 368 - 369 - 371 - 377 - 378 - 379 - 381 - 383 - 386 - 387 - 388 - 389 - 391 - 393 - 394 - 395 - 396 - 398 - 399 - 400 - 401 - 402 - 404 - 407 - 409 - 413 - 414 - 416 - 418 - 419 - 421 - 422 - 425 - 426 - 427 - 429 - 431 - 433 - 435 - 436 - 437 - 438 - 439 - 441 - 442 - 445 - 447 - 448 - 449 - 450 - 451 - 453 - 454 - 455 - 456 - 458 - 459 - 460 - 461 - 462 - 463 - 465 - 466 - 467 - 469 - 470 - 472 - 474 - 477 - 478 - 479 - 482 - 488 - 489 - 495 - 499,567208.5,3.5,91164,99764,181.76,Cost: 91164 & Capacity: 99764
0 - 1 - 2 - 3 - 5 - 6 - 8 - 10 - 13 - 16 - 17 - 18 - 21 - 22 - 23 - 24 - 27 - 28 - 29 - 30 - 31 - 32 - 33 - 34 - 36 - 37 - 38 - 39 - 40 - 41 - 44 - 45 - 46 - 49 - 50 - 51 - 52 - 54 - 55 - 60 - 62 - 64 - 65 - 66 - 68 - 69 - 70 - 71 - 73 - 74 - 76 - 78 - 79 - 80 - 83 - 85 - 88 - 91 - 93 - 95 - 97 - 98 - 99 - 102 - 106 - 107 - 108 - 109 - 110 - 112 - 113 - 115 - 116 - 117 - 118 - 119 - 120 - 121 - 122 - 123 - 125 - 126 - 127 - 129 - 130 - 133 - 134 - 135 - 136 - 137 - 138 - 141 - 142 - 143 - 144 - 149 - 154 - 156 - 159 - 160 - 162 - 163 - 164 - 166 - 169 - 171 - 174 - 175 - 176 - 178 - 180 - 181 - 183 - 187 - 191 - 192 - 193 - 195 - 196 - 197 - 198 - 201 - 202 - 203 - 204 - 206 - 207 - 208 - 209 - 210 - 211 - 214 - 218 - 221 - 222 - 224 - 228 - 229 - 230 - 231 - 232 - 233 - 234 - 235 - 236 - 239 - 240 - 241 - 242 - 244 - 247 - 249 - 250 - 253 - 255 - 256 - 257 - 259 - 261 - 262 - 264 - 266 - 267 - 271 - 273 - 274 - 275 - 276 - 277 - 280 - 281 - 282 - 283 - 286 - 287 - 288 - 289 - 291 - 293 - 296 - 297 - 299 - 300 - 302 - 306 - 309 - 311 - 312 - 313 - 315 - 318 - 319 - 321 - 325 - 326 - 327 - 328 - 329 - 330 - 331 - 333 - 335 - 336 - 338 - 339 - 340 - 341 - 343 - 344 - 346 - 347 - 353 - 354 - 355 - 356 - 357 - 358 - 359 - 360 - 361 - 363 - 368 - 369 - 371 - 377 - 378 - 379 - 381 - 383 - 386 - 387 - 388 - 389 - 391 - 393 - 394 - 395 - 396 - 398 - 399 - 400 - 401 - 402 - 404 - 407 - 409 - 413 - 414 - 416 - 418 - 419 - 421 - 422 - 425 - 426 - 427 - 429 - 431 - 433 - 435 - 436 - 437 - 438 - 439 - 441 - 442 - 447 - 448 - 449 - 450 - 451 - 453 - 454 - 455 - 456 - 458 - 459 - 460 - 461 - 462 - 465 - 466 - 467 - 469 - 470 - 472 - 474 - 477 - 478 - 479 - 482 - 488 - 489 - 492 - 495 - 499,567639.0,3.5,91152,99200,185.23,Cost: 91152 & Capacity: 99200
0 - 1 - 2 - 3 - 5 - 6 - 8 - 10 - 13 - 16 - 17 - 18 - 21 - 22 - 23 - 24 - 27 - 28 - 29 - 30 - 31 - 32 - 33 - 34 - 36 - 37 - 38 - 39 - 40 - 41 - 44 - 45 - 46 - 49 - 50 - 51 - 52 - 54 - 55 - 60 - 62 - 64 - 65 - 66 - 68 - 69 - 70 - 71 - 73 - 74 - 76 - 78 - 79 - 80 - 83 - 85 - 88 - 91 - 93 - 95 - 97 - 98 - 99 - 102 - 106 - 107 - 108 - 109 - 110 - 112 - 113 - 115 - 116 - 117 - 118 - 119 - 120 - 121 - 122 - 123 - 125 - 126 - 127 - 129 - 130 - 133 - 134 - 135 - 136 - 137 - 138 - 141 - 142 - 143 - 144 - 149 - 154 - 156 - 159 - 160 - 162 - 163 - 164 - 166 - 169 - 171 - 174 - 175 - 176 - 178 - 180 - 181 - 183 - 187 - 191 - 192 - 193 - 195 - 196 - 197 - 198 - 201 - 202 - 203 - 204 - 206 - 207 - 208 - 209 - 210 - 211 - 214 - 218 - 221 - 222 - 224 - 228 - 229 - 230 - 231 - 232 - 233 - 234 - 235 - 236 - 239 - 240 - 241 - 242 - 244 - 247 - 249 - 250 - 253 - 255 - 256 - 257 - 259 - 261 - 262 - 264 - 266 - 267 - 271 - 273 - 274 - 275 - 276 - 277 - 280 - 281 - 282 - 283 - 286 - 287 - 288 - 289 - 291 - 293 - 296 - 297 - 299 - 300 - 302 - 306 - 309 - 311 - 312 - 313 - 315 - 318 - 319 - 321 - 325 - 326 - 327 - 328 - 329 - 330 - 331 - 333 - 335 - 336 - 338 - 339 - 340 - 341 - 343 - 344 - 346 - 347 - 353 - 354 - 355 - 356 - 357 - 358 - 359 - 360 - 361 - 363 - 368 - 369 - 371 - 377 - 378 - 379 - 381 - 383 - 386 - 387 - 388 - 389 - 391 - 393 - 394 - 395 - 396 - 398 - 399 - 400 - 401 - 402 - 404 - 407 - 409 - 413 - 414 - 416 - 418 - 419 - 421 - 422 - 425 - 426 - 427 - 429 - 431 - 433 - 435 - 436 - 437 - 438 - 439 - 441 - 442 - 447 - 448 - 449 - 450 - 451 - 453 - 454 - 455 - 456 - 458 - 459 - 460 - 461 - 462 - 465 - 466 - 467 - 469 - 470 - 472 - 474 - 477 - 478 - 479 - 482 - 488 - 489 - 492 - 495 - 499,567639.0,3.5,91152,99200,186.56,Cost: 91152 & Capacity: 99200
0 - 1 - 2 - 3 - 5 - 6 - 8 - 10 - 13 - 16 - 17 - 18 - 21 - 22 - 23 - 24 - 27 - 28 - 29 - 30 - 31 - 32 - 33 - 34 - 36 - 37 - 38 - 39 - 40 - 41 - 44 - 45 - 46 - 49 - 50 - 51 - 52 - 54 - 55 - 60 - 62 - 64 - 65 - 66 - 68 - 69 - 70 - 71 - 73 - 74 - 76 - 78 - 79 - 80 - 83 - 85 - 88 - 91 - 93 - 95 - 97 - 98 - 99 - 102 - 106 - 107 - 108 - 109 - 110 - 112 - 113 - 115 - 116 - 117 - 118 - 119 - 120 - 121 - 122 - 123 - 125 - 126 - 127 - 129 - 130 - 133 - 134 - 135 - 136 - 137 - 138 - 141 - 142 - 143 - 144 - 149 - 154 - 156 - 159 - 160 - 162 - 163 - 164 - 166 - 169 - 171 - 174 - 175 - 176 - 178 - 180 - 181 - 183 - 187 - 191 - 192 - 193 - 195 - 196 - 197 - 198 - 201 - 202 - 203 - 204 - 206 - 207 - 208 - 209 - 210 - 211 - 214 - 218 - 221 - 222 - 224 - 228 - 229 - 230 - 231 - 232 - 233 - 234 - 235 - 236 - 239 - 240 - 241 - 242 - 244 - 247 - 249 - 250 - 253 - 255 - 256 - 257 - 259 - 261 - 262 - 264 - 266 - 267 - 271 - 273 - 274 - 275 - 276 - 277 - 280 - 281 - 282 - 283 - 286 - 287 - 288 - 289 - 291 - 293 - 296 - 297 - 299 - 300 - 302 - 306 - 309 - 311 - 312 - 313 - 315 - 318 - 319 - 321 - 325 - 326 - 327 - 328 - 329 - 330 - 331 - 333 - 335 - 336 - 338 - 339 - 340 - 341 - 343 - 344 - 346 - 347 - 353 - 354 - 355 - 356 - 357 - 358 - 359 - 360 - 361 - 363 - 368 - 369 - 371 - 377 - 378 - 379 - 381 - 383 - 386 - 387 - 388 - 389 - 391 - 393 - 394 - 395 - 396 - 398 - 399 - 400 - 401 - 402 - 404 - 407 - 409 - 413 - 414 - 416 - 418 - 419 - 421 - 422 - 425 - 426 - 427 - 429 - 431 - 433 - 435 - 436 - 437 - 438 - 439 - 441 - 442 - 447 - 448 - 449 - 450 - 451 - 453 - 454 - 455 - 456 - 458 - 459 - 460 - 461 - 462 - 465 - 466 - 467 - 469 - 470 - 472 - 474 - 477 - 478 - 479 - 482 - 488 - 489 - 492 - 495 - 499,567639.0,3.5,91152,99200,186.61,Cost: 91152 & Capacity: 99200
2 - 3 - 6 - 8 - 10 - 11 - 13 - 17 - 19 - 21 - 24 - 25 - 27 - 34 - 38 - 40 - 41 - 45 - 46 - 52 - 64 - 65 - 66 - 67 - 69 - 70 - 76 - 82 - 91 - 93 - 94 - 95 - 97 - 102 - 109 - 110 - 112 - 115 - 117 - 119 - 122 - 123 - 125 - 134 - 136 - 144 - 145 - 146 - 147 - 149 - 152 - 157 - 158 - 162 - 164 - 169 - 170 - 171 - 176 - 179 - 180 - 181 - 182 - 184 - 187 - 188 - 191 - 192 - 195 - 200 - 201 - 203 - 204 - 206 - 208 - 209 - 212 - 214 - 216 - 217 - 222 - 224 - 226 - 227 - 230 - 232 - 234 - 237 - 239 - 248 - 250 - 255 - 259 - 264 - 266 - 267 - 274 - 282 - 289 - 292 - 298 - 307 - 310 - 315 - 317 - 320 - 321 - 327 - 338 - 340 - 346 - 347 - 349 - 350 - 355 - 357 - 360 - 361 - 364 - 367 - 372 - 375 - 376 - 378 - 381 - 386 - 387 - 388 - 389 - 392 - 396 - 398 - 399 - 400 - 401 - 404 - 407 - 409 - 412 - 416 - 417 - 418 - 420 - 422 - 425 - 426 - 427 - 431 - 433 - 437 - 438 - 439 - 445 - 449 - 453 - 457 - 459 - 466 - 472 - 473 - 474 - 479 - 480 - 482 - 483 - 484 - 485 - 486 - 487 - 488 - 489 - 490 - 492 - 497 - 498,215696.3,7.4,91150,80404,188.26,Cost: 91150 & Capacity: 80404
0 - 1 - 2 - 3 - 5 - 6 - 8 - 10 - 13 - 16 - 17 - 18 - 21 - 22 - 23 - 24 - 27 - 28 - 29 - 30 - 31 - 32 - 33 - 34 - 36 - 37 - 38 - 39 - 40 - 41 - 44 - 45 - 46 - 49 - 50 - 51 - 52 - 54 - 55 - 60 - 62 - 64 - 65 - 66 - 68 - 69 - 70 - 71 - 73 - 74 - 76 - 78 - 79 - 80 - 83 - 85 - 88 - 91 - 93 - 95 - 97 - 98 - 99 - 102 - 106 - 107 - 108 - 109 - 110 - 112 - 113 - 115 - 116 - 117 - 118 - 119 - 120 - 121 - 122 - 123 - 125 - 126 - 127 - 129 - 130 - 133 - 134 - 135 - 136 - 137 - 138 - 141 - 142 - 143 - 144 - 149 - 154 - 156 - 159 - 160 - 162 - 163 - 164 - 166 - 169 - 171 - 174 - 175 - 176 - 178 - 180 - 181 - 183 - 187 - 191 - 192 - 193 - 195 - 196 - 197 - 198 - 201 - 202 - 203 - 204 - 206 - 207 - 208 - 209 - 210 - 211 - 214 - 218 - 221 - 222 - 224 - 228 - 229 - 230 - 231 - 232 - 233 - 234 - 235 - 236 - 239 - 240 - 241 - 242 - 244 - 247 - 249 - 250 - 253 - 255 - 256 - 257 - 259 - 261 - 262 - 264 - 266 - 267 - 271 - 273 - 274 - 275 - 276 - 277 - 280 - 281 - 282 - 283 - 286 - 287 - 288 - 289 - 291 - 293 - 296 - 297 - 299 - 300 - 302 - 306 - 309 - 311 - 312 - 313 - 315 - 318 - 319 - 321 - 325 - 326 - 327 - 328 - 329 - 330 - 331 - 333 - 335 - 336 - 338 - 339 - 340 - 341 - 343 - 344 - 346 - 347 - 353 - 354 - 355 - 356 - 357 - 358 - 359 - 360 - 361 - 363 - 368 - 369 - 371 - 377 - 378 - 379 - 381 - 383 - 386 - 387 - 388 - 389 - 391 - 393 - 394 - 395 - 396 - 398 - 399 - 400 - 401 - 402 - 404 - 407 - 409 - 413 - 414 - 416 - 418 - 419 - 421 - 422 - 425 - 426 - 427 - 429 - 431 - 433 - 435 - 436 - 437 - 438 - 439 - 441 - 442 - 447 - 448 - 449 - 450 - 451 - 453 - 454 - 455 - 456 - 458 - 459 - 460 - 461 - 462 - 465 - 466 - 467 - 469 - 470 - 472 - 474 - 477 - 478 - 479 - 482 - 488 - 489 - 492 - 495 - 499,567639.0,3.5,91152,99200,188.66,Cost: 91152 & Capacity: 99200
0 - 1 - 2 - 3 - 6 - 8 - 10 - 11 - 13 - 16 - 18 - 21 - 22 - 23 - 24 - 25 - 27 - 30 - 33 - 34 - 36 - 37 - 38 - 39 - 40 - 41 - 45 - 46 - 49 - 50 - 52 - 55 - 60 - 64 - 65 - 67 - 68 - 70 - 71 - 74 - 76 - 80 - 83 - 84 - 85 - 88 - 91 - 93 - 94 - 95 - 97 - 98 - 99 - 102 - 106 - 108 - 109 - 110 - 112 - 113 - 115 - 116 - 117 - 118 - 119 - 121 - 123 - 125 - 126 - 127 - 130 - 133 - 134 - 136 - 138 - 141 - 143 - 144 - 145 - 148 - 149 - 154 - 156 - 157 - 158 - 162 - 163 - 166 - 169 - 171 - 174 - 175 - 176 - 178 - 179 - 180 - 181 - 182 - 187 - 191 - 192 - 193 - 194 - 195 - 196 - 199 - 201 - 202 - 203 - 204 - 206 - 207 - 208 - 209 - 210 - 211 - 214 - 218 - 221 - 222 - 224 - 228 - 229 - 230 - 231 - 232 - 233 - 234 - 237 - 239 - 240 - 242 - 244 - 247 - 248 - 250 - 254 - 255 - 256 - 257 - 259 - 261 - 262 - 264 - 266 - 267 - 271 - 274 - 275 - 276 - 277 - 281 - 282 - 283 - 285 - 287 - 289 - 291 - 292 - 293 - 296 - 300 - 309 - 311 - 312 - 313 - 315 - 317 - 321 - 325 - 326 - 327 - 328 - 330 - 331 - 333 - 335 - 336 - 338 - 339 - 340 - 343 - 346 - 347 - 350 - 353 - 354 - 355 - 356 - 357 - 359 - 360 - 368 - 369 - 375 - 378 - 379 - 381 - 383 - 384 - 386 - 389 - 391 - 392 - 393 - 394 - 395 - 396 - 398 - 399 - 400 - 401 - 402 - 404 - 406 - 409 - 412 - 413 - 414 - 416 - 417 - 418 - 419 - 421 - 422 - 425 - 427 - 429 - 430 - 431 - 433 - 435 - 436 - 437 - 439 - 442 - 445 - 448 - 449 - 450 - 453 - 454 - 455 - 459 - 460 - 462 - 465 - 469 - 470 - 472 - 473 - 474 - 478 - 479 - 482 - 487 - 488 - 489 - 492 - 495 - 497 - 498 - 499,460733.5,5.6,91172,92364,189.34,Cost: 91172 & Capacity: 92364
0 - 1 - 2 - 3 - 5 - 6 - 8 - 10 - 13 - 16 - 17 - 18 - 21 - 22 - 23 - 24 - 27 - 28 - 29 - 30 - 31 - 32 - 33 - 34 - 36 - 37 - 38 - 39 - 40 - 41 - 44 - 45 - 46 - 49 - 50 - 51 - 52 - 54 - 55 - 60 - 62 - 64 - 65 - 66 - 68 - 69 - 70 - 71 - 73 - 74 - 76 - 78 - 79 - 80 - 83 - 85 - 88 - 91 - 93 - 95 - 97 - 98 - 99 - 102 - 106 - 107 - 108 - 109 - 110 - 112 - 113 - 115 - 116 - 117 - 118 - 119 - 120 - 121 - 122 - 123 - 125 - 126 - 127 - 129 - 130 - 133 - 134 - 135 - 136 - 137 - 138 - 141 - 142 - 143 - 144 - 149 - 154 - 156 - 159 - 160 - 162 - 163 - 164 - 166 - 169 - 171 - 174 - 175 - 176 - 178 - 180 - 181 - 183 - 187 - 191 - 192 - 193 - 195 - 196 - 197 - 198 - 201 - 202 - 203 - 204 - 206 - 207 - 208 - 209 - 210 - 211 - 214 - 218 - 221 - 222 - 224 - 228 - 229 - 230 - 231 - 232 - 233 - 234 - 235 - 236 - 239 - 240 - 241 - 242 - 244 - 247 - 249 - 250 - 253 - 255 - 256 - 257 - 259 - 261 - 262 - 264 - 266 - 267 - 271 - 273 - 274 - 275 - 276 - 277 - 280 - 281 - 282 - 283 - 286 - 287 - 288 - 289 - 291 - 293 - 296 - 297 - 299 - 300 - 302 - 306 - 309 - 311 - 312 - 313 - 315 - 318 - 319 - 321 - 325 - 326 - 327 - 328 - 329 - 330 - 331 - 333 - 335 - 336 - 338 - 339 - 340 - 341 - 343 - 344 - 346 - 347 - 353 - 354 - 355 - 356 - 357 - 358 - 359 - 360 - 361 - 363 - 368 - 369 - 371 - 377 - 378 - 379 - 381 - 383 - 386 - 387 - 388 - 389 - 391 - 393 - 394 - 395 - 396 - 398 - 399 - 400 - 401 - 402 - 404 - 407 - 409 - 413 - 414 - 416 - 418 - 419 - 421 - 422 - 425 - 426 - 427 - 429 - 431 - 433 - 435 - 436 - 437 - 438 - 439 - 441 - 442 - 447 - 448 - 449 - 450 - 451 - 453 - 454 - 455 - 456 - 458 - 459 - 460 - 461 - 462 - 465 - 466 - 467 - 469 - 470 - 472 - 474 - 477 - 478 - 479 - 482 - 488 - 489 - 492 - 495 - 499,567639.0,3.5,91152,99200,189.58,Cost: 91152 & Capacity: 99200
